/* Generated by pc_port/tools/make_kanji_font_cn.py from the Chinese fan
 * translation's patched PSX BIOS kanji ROM. Glyph bitmaps only: the kuten
 * index table in kanji_font.inc is shared, because the translation writes the
 * same JIS kuten codes and only redefines what is drawn at them (ku 16..47).
 * The replaced glyphs form one contiguous run of the shared blob, so this is
 * that run alone rather than a second whole font.
 * 2965 glyphs, 16x16 1bpp, 32 bytes per glyph (16 rows x 2 bytes, MSB-first). */
#define KANJI_CN_FIRST 524
#define KANJI_CN_COUNT 2965
static const unsigned char KANJI_FONT_BITS_CN[94880] = {
    0x02,0x00,0x01,0x00,0x7F,0xF8,0x50,0x08,0x90,0x10,0x1E,0xF8,0x10,0x90,0xFE,0x90,0x10,0x90,0x54,0xA0,0x52,0x40,0x92,0xA0,
    0x51,0x1C,0x22,0x08,0x00,0x00,0x00,0x00,0x10,0x80,0xFC,0x90,0x11,0xF8,0x7D,0x20,0x13,0xF8,0xFC,0x48,0x03,0xFC,0x7C,0x48,
    0x44,0x48,0x7D,0xF8,0x44,0x48,0x7C,0x40,0x44,0x40,0x4C,0xC0,0x00,0x00,0x00,0x00,0x20,0x40,0x20,0x40,0x20,0xA0,0xA8,0xA0,
    0xA9,0x10,0xAA,0x4C,0xAC,0x20,0xAB,0xF8,0xA8,0x10,0xB8,0x20,0xC9,0x40,0x00,0xC0,0x00,0x20,0x00,0x10,0x00,0x00,0x00,0x00,
    0x00,0x00,0x00,0x00,0x00,0x00,0x00,0x00,0x00,0x00,0x00,0x00,0x00,0x00,0x00,0x00,0x00,0x00,0x00,0x00,0x00,0x00,0x00,0x00,
    0x00,0x00,0x00,0x00,0x00,0x00,0x00,0x00,0x02,0x00,0x01,0x00,0x01,0x08,0x7F,0xFC,0x08,0x40,0x08,0x40,0x04,0x40,0x04,0x80,
    0x02,0x80,0x01,0x00,0x02,0x80,0x04,0x60,0x18,0x1C,0xE0,0x08,0x00,0x00,0x00,0x00,0x08,0x40,0x08,0x40,0x12,0x40,0x12,0x40,
    0x23,0xF8,0x64,0x40,0xA8,0x40,0x20,0x40,0x2F,0xFC,0x20,0x40,0x20,0x40,0x20,0x40,0x20,0x40,0x20,0x40,0x00,0x00,0x00,0x00,
    0x02,0x00,0x02,0x00,0x04,0x08,0xFF,0xFC,0x08,0x00,0x10,0x80,0x10,0x80,0x30,0x80,0x57,0xF8,0x90,0x80,0x10,0x80,0x10,0x80,
    0x10,0x80,0x1F,0xFC,0x00,0x00,0x00,0x00,0x41,0x00,0x20,0x80,0x20,0x88,0x0F,0xFC,0x00,0x20,0xE2,0x20,0x21,0x40,0x20,0x80,
    0x21,0x40,0x22,0x20,0x24,0x10,0x50,0x00,0x8C,0x00,0x03,0xFC,0x00,0x00,0x00,0x00,0x00,0x20,0x3F,0xF0,0x22,0x20,0x22,0x20,
    0x3F,0xE0,0x22,0x20,0x22,0x20,0x3F,0xE0,0x02,0x00,0x02,0x10,0x7F,0xF8,0x02,0x00,0x02,0x08,0xFF,0xFC,0x00,0x00,0x00,0x00,
    0x00,0x08,0xFF,0xFC,0x01,0x00,0x01,0x00,0x02,0x00,0x06,0x40,0x0A,0x20,0x12,0x10,0x22,0x08,0xC2,0x08,0x02,0x00,0x02,0x00,
    0x02,0x00,0x02,0x00,0x00,0x00,0x00,0x00,0x10,0x80,0x10,0x80,0x22,0x98,0x7E,0xE0,0x00,0x84,0x3E,0x84,0x22,0x7C,0x3E,0x80,
    0x22,0x88,0x3E,0xB0,0x22,0xC0,0x22,0x84,0x2A,0x84,0x24,0x7C,0x00,0x00,0x00,0x00,0x08,0x40,0x08,0x48,0x17,0xFC,0x10,0x40,
    0x33,0xF8,0x52,0x48,0x92,0x48,0x13,0xF8,0x10,0x48,0x12,0x40,0x11,0x40,0x10,0x80,0x11,0x60,0x16,0x1C,0x00,0x00,0x00,0x00,
    0x00,0x10,0x3F,0xF8,0x21,0x10,0x21,0x10,0x3F,0xF0,0x21,0x10,0x21,0x10,0x21,0x10,0x3F,0xF0,0x21,0x10,0x21,0x10,0x41,0x10,
    0x41,0x50,0x81,0x20,0x00,0x00,0x00,0x00,0x00,0x00,0x00,0x00,0x00,0x00,0x00,0x00,0x00,0x00,0x00,0x00,0x00,0x00,0x00,0x00,
    0x00,0x00,0x00,0x00,0x00,0x00,0x00,0x00,0x00,0x00,0x00,0x00,0xFF,0xFE,0x00,0x00,0x40,0x20,0x33,0xF0,0x12,0x20,0x02,0x20,
    0x82,0x20,0x44,0x1C,0x13,0xF0,0x12,0x10,0x22,0x20,0xE1,0x40,0x20,0x80,0x21,0x40,0x22,0x3C,0x2C,0x08,0x00,0x00,0x00,0x00,
    0x02,0x00,0x02,0x08,0xFF,0xFC,0x04,0x00,0x08,0x20,0x1F,0xF0,0x28,0x20,0x4F,0xE0,0x88,0x20,0x0F,0xE0,0x08,0x20,0x08,0x20,
    0x08,0x20,0x08,0x60,0x00,0x00,0x00,0x00,0x10,0x40,0x10,0x40,0x20,0x88,0x7C,0xFC,0x45,0x08,0x46,0x08,0x44,0x88,0x7C,0x48,
    0x44,0x48,0x44,0x08,0x44,0x08,0x44,0x08,0x7C,0x50,0x44,0x20,0x00,0x00,0x00,0x00,0x00,0x40,0x20,0x40,0x22,0x40,0x22,0x48,
    0x22,0x7C,0xFB,0xC8,0x26,0x48,0x22,0x48,0x22,0x68,0x22,0x50,0x3A,0x40,0xE2,0x04,0x42,0x04,0x01,0xFC,0x00,0x00,0x00,0x00,
    0x00,0x08,0x7F,0xFC,0x44,0x08,0x47,0xC8,0x4C,0x88,0x73,0x08,0x44,0x88,0x48,0x78,0x73,0x08,0x40,0x88,0x47,0x08,0x40,0x88,
    0x7F,0xF8,0x40,0x08,0x00,0x00,0x00,0x00,0x02,0x00,0x02,0x00,0x02,0x00,0x02,0x08,0xFF,0xFC,0x02,0x00,0x03,0x00,0x04,0x80,
    0x04,0x80,0x08,0x40,0x0A,0x20,0x11,0x10,0x21,0x0C,0xC0,0x08,0x00,0x00,0x00,0x00,0x00,0x80,0x00,0x40,0x7F,0xF8,0x4A,0x10,
    0x49,0x20,0x49,0x20,0x7F,0xFC,0x48,0x00,0x4B,0xF0,0x4A,0x10,0x7B,0xF0,0x4A,0x10,0x03,0xF0,0x02,0x10,0x00,0x00,0x00,0x00,
    0x00,0x10,0x3F,0xF8,0x00,0x20,0x00,0x40,0x01,0x80,0x01,0x00,0x01,0x00,0x01,0x00,0x01,0x00,0x01,0x00,0x01,0x00,0x01,0x00,
    0x05,0x00,0x02,0x00,0x00,0x00,0x00,0x00,0x00,0x70,0x7F,0x80,0x02,0x00,0x3F,0xF0,0x04,0x00,0xFF,0xFC,0x08,0x00,0x1F,0xE0,
    0x28,0x20,0x4F,0xE0,0x88,0x20,0x0F,0xE0,0x08,0x20,0x0F,0xE0,0x00,0x00,0x00,0x00,0x00,0x20,0x1F,0xF0,0x10,0x20,0x12,0x20,
    0x12,0x20,0x12,0x20,0x12,0x20,0x13,0x20,0x13,0x20,0x05,0x00,0x05,0x04,0x09,0x04,0x31,0x04,0xC0,0xFC,0x00,0x00,0x00,0x00,
    0x00,0x08,0xFF,0xFC,0x04,0x80,0x3F,0xF0,0x24,0x90,0x24,0x90,0x3F,0xF0,0x04,0x00,0xFF,0xFC,0x08,0x40,0x1C,0x80,0x03,0x80,
    0x0C,0x70,0x70,0x10,0x00,0x00,0x00,0x00,0x20,0x00,0x10,0x08,0x13,0xFC,0x00,0x08,0x00,0x08,0xF0,0x08,0x13,0xF8,0x12,0x00,
    0x12,0x00,0x12,0x00,0x16,0x04,0x1A,0x04,0x12,0x04,0x01,0xFC,0x00,0x00,0x00,0x00,0x00,0x20,0x3F,0xF0,0x00,0x20,0x1F,0xE0,
    0x00,0x20,0xFF,0xFC,0x01,0x00,0x31,0x10,0x09,0xA0,0x07,0x40,0x09,0x20,0x31,0x1C,0xC5,0x08,0x02,0x00,0x00,0x00,0x00,0x00,
    0x00,0x10,0x03,0xF8,0x78,0x10,0x49,0x10,0x49,0x10,0x49,0x10,0x49,0x10,0x49,0xF8,0x78,0x08,0x4B,0xE8,0x40,0x08,0x00,0x08,
    0x00,0x50,0x00,0x20,0x00,0x00,0x00,0x00,0x00,0x00,0x3C,0x00,0x42,0x00,0x42,0x00,0x02,0x00,0x04,0x00,0x08,0x00,0x08,0x00,
    0x08,0x00,0x00,0x00,0x18,0x00,0x18,0x00,0x00,0x00,0x00,0x00,0x00,0x00,0x00,0x00,0x00,0x80,0x00,0x80,0xFD,0xF0,0x21,0x20,
    0x23,0xF8,0x26,0x48,0x7B,0xF8,0x4A,0x48,0xCA,0x48,0x4B,0xF8,0x7A,0x48,0x4A,0x48,0x44,0x48,0x08,0x58,0x00,0x00,0x00,0x00,
    0x02,0x00,0x01,0x00,0x3F,0xFC,0x20,0x04,0x40,0x08,0x3F,0xF0,0x01,0x00,0x11,0x00,0x11,0x00,0x11,0xF0,0x11,0x00,0x29,0x00,
    0x47,0x00,0x81,0xFC,0x00,0x00,0x00,0x00,0x04,0x00,0xFE,0x10,0x25,0xF8,0x25,0x10,0x3D,0x10,0x25,0x10,0x24,0xA0,0x3C,0xA0,
    0x24,0x40,0x3E,0x40,0xE4,0xA0,0x04,0x90,0x05,0x0C,0x06,0x08,0x00,0x00,0x00,0x00,0x40,0x40,0x34,0x48,0x12,0x50,0x00,0x40,
    0x8B,0xF8,0x4A,0x08,0x52,0x08,0x13,0xF8,0x22,0x08,0xE3,0xF8,0x22,0x08,0x22,0x08,0x22,0x28,0x22,0x10,0x00,0x00,0x00,0x00,
    0x41,0x00,0x21,0x00,0x23,0xF8,0x04,0x00,0x8B,0xF0,0x40,0x00,0x57,0xE0,0x20,0x20,0x20,0x20,0xC0,0x20,0x40,0x24,0x40,0x24,
    0x40,0x14,0x40,0x0C,0x00,0x00,0x00,0x00,0x00,0x40,0x40,0x40,0x30,0x48,0x17,0xFC,0x84,0x48,0x44,0x48,0x4C,0x48,0x14,0x48,
    0x17,0xF8,0x24,0x48,0xE4,0x48,0x24,0x48,0x27,0xF8,0x24,0x08,0x00,0x00,0x00,0x00,0x20,0x40,0x10,0x40,0x10,0x40,0xF8,0x48,
    0x0B,0xFC,0x12,0x48,0x36,0x48,0x5A,0x48,0x97,0xF8,0x12,0x48,0x12,0x48,0x12,0x48,0x13,0xF8,0x12,0x08,0x00,0x00,0x00,0x00,
    0x00,0x80,0xF8,0x80,0x21,0x40,0x21,0x20,0x22,0x10,0xF4,0x4C,0x20,0x80,0x21,0x20,0x26,0x40,0x20,0x88,0x3B,0x10,0xC0,0x60,
    0x01,0x80,0x0E,0x00,0x00,0x00,0x00,0x00,0x09,0x00,0x09,0x00,0x09,0x08,0x49,0xFC,0x4A,0x10,0x4A,0x10,0x4D,0x10,0x49,0x20,
    0x58,0xA0,0x68,0x40,0x48,0x40,0x08,0xA0,0x09,0x1C,0x0E,0x08,0x00,0x00,0x00,0x00,0x02,0x00,0x01,0x10,0x7F,0xF8,0x08,0x40,
    0x04,0x40,0x04,0x88,0xFF,0xFC,0x00,0x00,0x1F,0xE0,0x10,0x20,0x1F,0xE0,0x10,0x20,0x1F,0xE0,0x10,0x20,0x00,0x00,0x00,0x00,
    0x10,0x20,0x11,0xF0,0x11,0x20,0x11,0x20,0xFD,0x20,0x11,0x20,0x39,0x20,0x35,0x20,0x51,0x20,0x91,0x20,0x11,0x24,0x12,0x24,
    0x14,0x24,0x18,0x1C,0x00,0x00,0x00,0x00,0x10,0x00,0x10,0x08,0x13,0xFC,0xFC,0x20,0x10,0x20,0x10,0x20,0x1C,0x20,0x30,0x20,
    0xD0,0x20,0x10,0x20,0x10,0x20,0x10,0x20,0x50,0xA0,0x20,0x40,0x00,0x00,0x00,0x00,0x01,0x00,0x01,0x00,0x01,0x00,0x01,0x00,
    0x11,0x10,0x11,0x20,0x21,0x40,0x61,0x80,0x02,0x80,0x02,0x40,0x04,0x20,0x08,0x10,0x10,0x0C,0xE0,0x08,0x00,0x00,0x00,0x00,
    0x20,0x08,0x23,0xFC,0x20,0x00,0x7C,0x00,0x51,0xF8,0x91,0x08,0x11,0x08,0xFD,0xF8,0x11,0x08,0x10,0x00,0x29,0x10,0x24,0x90,
    0x40,0x20,0x87,0xFC,0x00,0x00,0x00,0x00,0x20,0x80,0x20,0x80,0x20,0xC0,0x21,0x20,0xFA,0x10,0x24,0x0C,0x33,0xE0,0x6A,0x20,
    0x62,0x20,0xA2,0xA0,0xA2,0x40,0x22,0x08,0x22,0x08,0x21,0xF8,0x00,0x00,0x00,0x00,0x00,0x10,0x3F,0xF8,0x00,0x20,0x00,0x40,
    0x01,0x80,0x01,0x08,0xFF,0xFC,0x01,0x00,0x01,0x00,0x01,0x00,0x01,0x00,0x01,0x00,0x05,0x00,0x02,0x00,0x00,0x00,0x00,0x00,
    0x02,0x10,0xF9,0x20,0x08,0x00,0x0B,0xF8,0x7A,0x48,0x43,0xF8,0x42,0x48,0xF3,0xF8,0x12,0x48,0x10,0x40,0x17,0xFC,0x10,0x40,
    0x50,0x40,0x20,0x40,0x00,0x00,0x00,0x00,0x02,0x00,0x02,0x10,0x7F,0xF8,0x02,0x00,0x12,0x20,0x0A,0x40,0xFF,0xFC,0x03,0x00,
    0x06,0x80,0x0A,0x40,0x12,0x20,0x22,0x1C,0xC2,0x08,0x02,0x00,0x00,0x00,0x00,0x00,0x20,0x08,0x17,0xFC,0x10,0x00,0xF9,0xF0,
    0x09,0x10,0x11,0xF0,0x10,0x00,0x3B,0xF8,0x56,0x48,0x93,0xF8,0x12,0x48,0x12,0x48,0x13,0xF8,0x12,0x08,0x00,0x00,0x00,0x00,
    0x3F,0xF0,0x01,0x00,0x7F,0xFC,0x41,0x04,0x9D,0x68,0x14,0x40,0x7F,0x48,0x14,0xFC,0x7E,0x90,0x23,0x90,0x3E,0x50,0x22,0x20,
    0x3E,0x50,0x22,0x8C,0x00,0x00,0x00,0x00,0x00,0x80,0x44,0x40,0x2B,0xFC,0x12,0x04,0x28,0x10,0xC8,0x10,0x0B,0xFC,0x18,0x10,
    0x29,0x10,0x48,0x90,0x88,0x90,0x08,0x10,0x50,0x50,0x20,0x20,0x00,0x00,0x00,0x00,0x01,0x20,0x45,0x20,0x2B,0xF8,0x11,0x20,
    0x29,0x20,0xCF,0xFC,0x08,0x00,0x18,0x00,0x2B,0xF8,0x4A,0x08,0x8B,0xF8,0x0A,0x08,0x53,0xF8,0x22,0x08,0x00,0x00,0x00,0x00,
    0x00,0x20,0x01,0xF0,0x7E,0x00,0x02,0x00,0x02,0x20,0x7F,0xF0,0x02,0x00,0x02,0x08,0xFF,0xFC,0x02,0x00,0x02,0x00,0x02,0x00,
    0x0A,0x00,0x04,0x00,0x00,0x00,0x00,0x00,0x00,0x10,0x1F,0xF8,0x10,0x10,0x10,0x10,0x10,0x10,0x10,0x10,0x1F,0xF0,0x10,0x10,
    0x10,0x10,0x10,0x10,0x10,0x10,0x1F,0xF0,0x10,0x10,0x10,0x10,0x00,0x00,0x00,0x00,0x01,0x00,0x01,0x00,0x01,0x08,0x7F,0xFC,
    0x01,0x00,0x03,0x80,0x05,0x40,0x09,0x20,0x11,0x10,0x21,0x08,0xDF,0xF4,0x01,0x00,0x01,0x00,0x01,0x00,0x00,0x00,0x00,0x00,
    0x00,0x00,0x00,0x08,0x3F,0xFC,0x02,0x08,0x02,0x08,0x02,0x08,0x02,0x08,0x02,0x08,0x04,0x08,0x04,0x08,0x08,0x08,0x10,0x88,
    0x20,0x50,0xC0,0x20,0x00,0x00,0x00,0x00,0x02,0x00,0x02,0x00,0x02,0x10,0x3F,0xF8,0x22,0x10,0x22,0x10,0x3F,0xF0,0x22,0x10,
    0x22,0x10,0x3F,0xF0,0x22,0x00,0x02,0x04,0x02,0x04,0x01,0xFC,0x00,0x00,0x00,0x00,0x20,0x08,0x23,0xFC,0x3A,0x08,0x43,0xF8,
    0x42,0x20,0xFA,0x20,0xA3,0xFC,0x22,0x20,0xFA,0x20,0x22,0xF8,0x2A,0x88,0x34,0x88,0x24,0xF8,0x08,0x88,0x00,0x00,0x00,0x00,
    0x20,0x10,0x20,0x78,0x23,0xC0,0x78,0x40,0x47,0xFC,0xF9,0x50,0xA1,0x50,0x27,0xFC,0xF9,0x50,0x21,0x50,0x27,0xFC,0x28,0x40,
    0x30,0x40,0x23,0xF8,0x00,0x00,0x00,0x00,0x20,0x40,0x21,0x40,0x3D,0x50,0x41,0xF8,0x42,0x40,0xFA,0x40,0xA0,0x48,0x23,0xFC,
    0xFC,0x40,0x20,0xA0,0x20,0xA0,0x29,0x10,0x32,0x08,0x0C,0x04,0x00,0x00,0x00,0x00,0x01,0x00,0x01,0x00,0x01,0x00,0x01,0x00,
    0x09,0x40,0x09,0x20,0x11,0x10,0x21,0x08,0x41,0x04,0x81,0x04,0x01,0x00,0x01,0x00,0x05,0x00,0x02,0x00,0x00,0x00,0x00,0x00,
    0x00,0x08,0x7F,0x48,0x12,0x48,0x12,0x48,0x7F,0x48,0x12,0x48,0x12,0x48,0x22,0x28,0x42,0x10,0x01,0x00,0x3F,0xF0,0x01,0x00,
    0x01,0x08,0x7F,0xFC,0x00,0x00,0x00,0x00,0x20,0x40,0x20,0x40,0x3C,0x40,0x20,0x7C,0x40,0x40,0x7C,0x40,0xA0,0x40,0x21,0xF8,
    0xFD,0x08,0x21,0x08,0x21,0x08,0x29,0x08,0x31,0xF8,0x21,0x08,0x00,0x00,0x00,0x00,0x20,0x80,0x3E,0xF8,0x51,0x40,0x8A,0x20,
    0x7F,0xF8,0x40,0x08,0x9F,0xD0,0x10,0x40,0x1F,0xC0,0x10,0x00,0x1F,0xE0,0x10,0x20,0x1F,0xE0,0x10,0x20,0x00,0x00,0x00,0x00,
    0x02,0x00,0x7F,0xF8,0x00,0x00,0x1F,0xE0,0x10,0x20,0x1F,0xE0,0x00,0x00,0x3F,0xE0,0x00,0x80,0x01,0x00,0x03,0x00,0x28,0x10,
    0x24,0x88,0x44,0x88,0x00,0x00,0x00,0x00,0x20,0x00,0x20,0x38,0x23,0xC0,0x7C,0x40,0x44,0x40,0xA8,0x40,0x20,0x48,0x27,0xFC,
    0x20,0x40,0x20,0x40,0x24,0x40,0x28,0x40,0x30,0x48,0x23,0xFC,0x00,0x00,0x00,0x00,0x00,0x40,0x7E,0x50,0x52,0x48,0x7A,0x40,
    0x53,0xFC,0x7E,0x40,0x10,0x40,0x7E,0x40,0x10,0x40,0x3E,0xA0,0xC0,0x90,0x2A,0x90,0xA9,0x08,0x82,0x04,0x00,0x00,0x00,0x00,
    0x00,0x20,0x00,0xF0,0x1F,0x00,0x10,0x00,0x10,0x00,0x10,0x10,0x1F,0xF8,0x10,0x80,0x10,0x80,0x10,0x80,0x10,0x80,0x10,0x88,
    0xFF,0xFC,0x00,0x00,0x00,0x00,0x00,0x00,0x00,0x08,0x03,0xFC,0xFA,0x48,0x22,0x48,0x23,0xF8,0x22,0x48,0xFA,0x48,0x23,0xF8,
    0x22,0x48,0x20,0x40,0x3B,0xF8,0xE0,0x40,0x40,0x48,0x0F,0xFC,0x00,0x00,0x00,0x00,0x10,0x80,0x10,0x40,0x20,0x48,0x23,0xFC,
    0x4D,0x10,0xF1,0x10,0x11,0x10,0x20,0xA0,0xFC,0xA0,0x40,0x40,0x1C,0xA0,0xE1,0x10,0x42,0x0C,0x0C,0x08,0x00,0x00,0x00,0x00,
    0x02,0x00,0x7F,0xF8,0x08,0x40,0x04,0x80,0xFF,0xFC,0x00,0x00,0x1F,0xE0,0x14,0x20,0x13,0x20,0x1F,0xE0,0x02,0x00,0x7F,0xF8,
    0x02,0x00,0x02,0x00,0x00,0x00,0x00,0x00,0x04,0x10,0x0E,0x38,0x31,0xC0,0x21,0x00,0x3D,0x08,0x25,0xFC,0x25,0x10,0x3D,0x10,
    0x25,0x10,0x21,0x10,0x22,0x10,0x42,0x10,0x44,0x10,0x88,0x10,0x00,0x00,0x00,0x00,0x00,0x08,0x3F,0xFC,0x24,0x48,0x24,0x48,
    0x3F,0xF8,0x22,0x08,0x04,0x20,0x0F,0xF0,0x14,0x20,0x22,0x40,0x40,0x80,0x03,0x00,0x0C,0x00,0x70,0x00,0x00,0x00,0x00,0x00,
    0x10,0x00,0x08,0x08,0x2B,0xFC,0x20,0x08,0x20,0x08,0x20,0x08,0x20,0x08,0x20,0x08,0x20,0x08,0x20,0x08,0x20,0x08,0x20,0x08,
    0x20,0x28,0x20,0x10,0x00,0x00,0x00,0x00,0x10,0x80,0x10,0x40,0x10,0x48,0xFB,0xFC,0x12,0x08,0x12,0x08,0x1B,0xF8,0x32,0x08,
    0xD2,0x00,0x12,0x00,0x12,0x00,0x14,0x00,0x54,0x00,0x28,0x00,0x00,0x00,0x00,0x00,0x02,0x00,0x04,0x20,0x1F,0xF0,0x10,0x20,
    0x1F,0xE0,0x10,0x20,0x1F,0xE8,0x10,0x30,0x7F,0xE0,0x00,0xA0,0x01,0x20,0x06,0x20,0x18,0xA0,0x60,0x40,0x00,0x00,0x00,0x00,
    0x10,0x40,0x10,0x48,0x3E,0xFC,0x45,0x10,0x8A,0x00,0x08,0x20,0x17,0xFC,0x30,0x20,0x52,0x20,0x91,0x20,0x11,0x20,0x10,0x20,
    0x10,0xA0,0x10,0x40,0x00,0x00,0x00,0x00,0x00,0x20,0x00,0x20,0x78,0x20,0x4B,0xFC,0x48,0x20,0x48,0x20,0x79,0x20,0x48,0xA0,
    0x48,0xA0,0x48,0x20,0x78,0x20,0x48,0x20,0x40,0xA0,0x00,0x40,0x00,0x00,0x00,0x00,0x04,0x00,0x02,0x00,0x02,0x20,0x7F,0xF0,
    0x00,0x40,0x00,0x80,0x01,0x00,0x02,0x00,0x04,0x00,0x08,0x00,0x10,0x00,0x28,0x00,0xC6,0x00,0x01,0xFC,0x00,0x00,0x00,0x00,
    0x00,0x08,0x7F,0xFC,0x02,0x00,0x02,0x00,0x04,0x00,0x04,0x10,0x0F,0xF8,0x18,0x10,0x28,0x10,0x48,0x10,0x88,0x10,0x0F,0xF0,
    0x08,0x10,0x08,0x10,0x00,0x00,0x00,0x00,0x08,0x00,0x08,0x08,0x7E,0xFC,0x08,0x48,0x7E,0x48,0x08,0x88,0x7F,0x28,0x0A,0x10,
    0x01,0x00,0xFF,0xFC,0x02,0x80,0x04,0x40,0x18,0x20,0x60,0x1C,0x00,0x00,0x00,0x00,0x10,0x80,0x10,0x80,0x20,0x88,0x24,0xFC,
    0x45,0x08,0xF9,0x08,0x12,0x08,0x20,0x88,0xFC,0x48,0x40,0x48,0x00,0x08,0x1C,0x08,0xE0,0x50,0x40,0x20,0x00,0x00,0x00,0x00,
    0x00,0xA0,0x00,0x90,0x00,0x90,0x7F,0xFC,0x00,0x80,0x24,0x90,0x24,0x90,0x7E,0x90,0x24,0xA0,0x24,0x40,0x24,0x40,0x24,0xA4,
    0x41,0x14,0x82,0x0C,0x00,0x00,0x00,0x00,0x11,0x00,0x11,0x18,0x11,0x60,0xFD,0x84,0x11,0x04,0x10,0xFC,0x18,0x00,0x31,0xF8,
    0xD1,0x08,0x11,0x08,0x11,0xF8,0x11,0x08,0x51,0xF8,0x21,0x08,0x00,0x00,0x00,0x00,0x10,0x08,0x11,0xFC,0x11,0x08,0x11,0x08,
    0xFD,0x08,0x11,0xF8,0x39,0x08,0x35,0x08,0x51,0xF8,0x51,0x08,0x91,0x08,0x11,0x08,0x11,0xF8,0x11,0x08,0x00,0x00,0x00,0x00,
    0x20,0x08,0x23,0xFC,0x22,0x48,0xFB,0xF8,0xAA,0x48,0xAB,0xF8,0xA9,0x10,0xA9,0xE0,0xF8,0x88,0x23,0xFC,0x29,0x50,0x3A,0x48,
    0xC5,0x44,0x00,0x80,0x00,0x00,0x00,0x00,0x10,0x40,0x10,0x40,0x10,0x40,0x24,0x90,0x25,0x10,0x79,0xE0,0x08,0x20,0x10,0x40,
    0x20,0x80,0x7D,0xF8,0x20,0x80,0x00,0x08,0xFF,0xFC,0x00,0x00,0x00,0x00,0x00,0x00,0x08,0x00,0x08,0x08,0x7E,0xFC,0x08,0x08,
    0x08,0x08,0xFE,0xF8,0x08,0x80,0x48,0x80,0x4E,0x80,0x48,0x84,0x68,0x84,0x58,0x7C,0x86,0x00,0x81,0xFC,0x00,0x00,0x00,0x00,
    0x21,0x10,0x21,0x10,0x3D,0x10,0x43,0xFC,0x41,0x10,0xFD,0x10,0x21,0x10,0x21,0xF0,0xFD,0x10,0x21,0x10,0x21,0x10,0x29,0x10,
    0x31,0xF0,0x21,0x10,0x00,0x00,0x00,0x00,0x02,0x00,0x04,0x20,0x1F,0xF0,0x14,0x20,0x12,0x20,0x12,0x20,0x10,0xC0,0x10,0x08,
    0x1F,0xFC,0x00,0x08,0x7F,0xE8,0x00,0x08,0x00,0x50,0x00,0x20,0x00,0x00,0x00,0x00,0x20,0x80,0x20,0x88,0x3E,0xFC,0x51,0x20,
    0x8A,0x90,0x04,0x40,0x7F,0xFC,0x04,0x80,0x04,0x90,0x04,0xA0,0x08,0xC0,0x13,0x84,0x2C,0x84,0xC0,0x7C,0x00,0x00,0x00,0x00,
    0x20,0x08,0x21,0xFC,0x3D,0x08,0x41,0x08,0x41,0xF8,0xFD,0x08,0x11,0x08,0x11,0x08,0xFD,0xF8,0x11,0x08,0x15,0x08,0x1A,0x08,
    0x14,0x28,0x08,0x10,0x00,0x00,0x00,0x00,0x00,0x40,0x3E,0x40,0x22,0x40,0x3E,0x48,0x22,0x58,0x3E,0x60,0x00,0x40,0xFF,0x40,
    0x08,0x44,0x4F,0x44,0x48,0x3C,0x68,0x00,0x98,0x00,0x87,0xFC,0x00,0x00,0x00,0x00,0x04,0x00,0x04,0x08,0xFF,0xFC,0x08,0x00,
    0x09,0x00,0x11,0x00,0x3F,0xF0,0x01,0x00,0x01,0x00,0x01,0x08,0xFF,0xFC,0x01,0x00,0x01,0x00,0x01,0x00,0x00,0x00,0x00,0x00,
    0x02,0x10,0xF9,0x10,0x20,0xA0,0x27,0xFC,0x21,0x10,0x41,0x10,0x7A,0xA8,0xCC,0xA8,0x4F,0x70,0x49,0x10,0x4A,0x10,0x7A,0xA4,
    0x4F,0xBC,0x00,0x84,0x00,0x00,0x00,0x00,0x02,0x00,0x02,0x00,0x05,0x00,0x08,0x80,0x10,0x60,0x20,0x1C,0xCF,0xC8,0x02,0x00,
    0x02,0x00,0x3F,0xF0,0x12,0x20,0x0A,0x40,0x0A,0x80,0xFF,0xFC,0x00,0x00,0x00,0x00,0x02,0x00,0x01,0x08,0x7F,0xFC,0x42,0x00,
    0x5F,0xF8,0x42,0x00,0x44,0x80,0x4F,0xF8,0x40,0x80,0x40,0x80,0x5F,0xFC,0x40,0x80,0x80,0x80,0x80,0x80,0x00,0x00,0x00,0x00,
    0x04,0x40,0x24,0x20,0x24,0x20,0x44,0x08,0x7F,0xFC,0x04,0x00,0x07,0xF0,0x0A,0x10,0x0A,0x20,0x11,0x40,0x10,0x80,0x21,0x40,
    0x46,0x3C,0xB8,0x08,0x00,0x00,0x00,0x00,0x00,0x08,0xFF,0xFC,0x04,0x80,0x3F,0xF0,0x24,0x90,0x3F,0xF0,0x00,0x00,0x3F,0xF0,
    0x00,0x00,0xFF,0xFC,0x09,0x20,0x11,0x10,0x65,0x08,0x02,0x00,0x00,0x00,0x00,0x00,0x02,0x00,0x02,0x20,0x03,0xF0,0x02,0x00,
    0x02,0x00,0x02,0x08,0xFF,0xFC,0x02,0x00,0x03,0x80,0x02,0x70,0x02,0x10,0x02,0x00,0x02,0x00,0x02,0x00,0x00,0x00,0x00,0x00,
    0x01,0x00,0x01,0x00,0x01,0x10,0x3F,0xF8,0x01,0x00,0x01,0x00,0x7F,0xFC,0x01,0x00,0x02,0x80,0x02,0x80,0x04,0x40,0x08,0x20,
    0x10,0x1C,0x60,0x08,0x00,0x00,0x00,0x00,0x00,0x20,0x1F,0xF0,0x10,0x20,0x1F,0xE0,0x10,0x20,0x3F,0xF8,0x24,0x88,0x3F,0xF8,
    0x00,0x00,0x1F,0xE0,0x04,0x40,0x03,0x80,0x0C,0x60,0x70,0x1C,0x00,0x00,0x00,0x00,0x11,0x00,0x11,0xF0,0x12,0x20,0x2F,0xF8,
    0x24,0x48,0x67,0xF8,0xA1,0x00,0x22,0x98,0x2D,0x60,0x22,0xD0,0x2D,0x50,0x22,0x48,0x2D,0x44,0x20,0x80,0x00,0x00,0x00,0x00,
    0x09,0x20,0x09,0x20,0x7F,0xFC,0x09,0x20,0x00,0x00,0x7F,0xFC,0x41,0x04,0x81,0x08,0x1F,0xF0,0x11,0x10,0x11,0x10,0x11,0x50,
    0x11,0x20,0x01,0x00,0x00,0x00,0x00,0x00,0x02,0x00,0x7F,0xF8,0x02,0x00,0x3F,0xF0,0x02,0x00,0xFF,0xF8,0x00,0x00,0x1F,0xE0,
    0x12,0x20,0xFF,0xFC,0x12,0x20,0x3F,0xF8,0x00,0x20,0x00,0xC0,0x00,0x00,0x00,0x00,0x40,0x08,0x2F,0xFC,0x21,0x40,0x07,0xF8,
    0x85,0x48,0x55,0x48,0x55,0x48,0x26,0x78,0x24,0x08,0xE7,0xF8,0x24,0x08,0x24,0x08,0x27,0xF8,0x24,0x08,0x00,0x00,0x00,0x00,
    0x10,0x40,0x10,0x48,0x95,0xFC,0x58,0x40,0x11,0xF8,0xFC,0x40,0x13,0xFC,0x39,0x08,0x55,0xF8,0x51,0x08,0x91,0xF8,0x11,0x08,
    0x11,0x28,0x11,0x10,0x00,0x00,0x00,0x00,0x20,0x80,0x20,0xC0,0xFD,0x20,0x42,0x10,0x55,0xEC,0x90,0x00,0xFF,0x88,0x14,0xA8,
    0x17,0xA8,0x1C,0xA8,0xF7,0xA8,0x54,0xA8,0x14,0x88,0x15,0x98,0x00,0x00,0x00,0x00,0x02,0x00,0x02,0x00,0x04,0x00,0x3F,0xF0,
    0x24,0x90,0x24,0x90,0x24,0x90,0x24,0x90,0x24,0x90,0x24,0x90,0x24,0x90,0x24,0x90,0xFF,0xFC,0x00,0x00,0x00,0x00,0x00,0x00,
    0x40,0x80,0x20,0x48,0x2F,0xFC,0x02,0x40,0x82,0x40,0x54,0x78,0x54,0x88,0x2D,0x28,0x26,0x90,0xC4,0x50,0x44,0x20,0x44,0x50,
    0x44,0x88,0x47,0x04,0x00,0x00,0x00,0x00,0x08,0x00,0x08,0x10,0x0F,0xF8,0x10,0x10,0x20,0x10,0x5F,0x90,0x90,0x90,0x10,0x90,
    0x1F,0x90,0x10,0x50,0x10,0x24,0x10,0x04,0x10,0x04,0x0F,0xFC,0x00,0x00,0x00,0x00,0x00,0xF8,0x00,0x80,0x00,0x80,0x00,0x80,
    0x00,0x80,0x00,0x80,0x00,0x80,0x00,0x80,0x00,0x80,0x00,0x80,0x00,0x80,0x00,0x80,0x00,0x80,0x00,0xF8,0x00,0x00,0x00,0x00,
    0x02,0x00,0x02,0x00,0x02,0x00,0x02,0x08,0xFF,0xFC,0x04,0x20,0x04,0x20,0x08,0x40,0x08,0x40,0x06,0x80,0x01,0x80,0x02,0x60,
    0x0C,0x18,0x70,0x08,0x00,0x00,0x00,0x00,0x00,0x00,0x00,0x10,0x7F,0xF8,0x02,0x00,0x02,0x00,0x02,0x00,0x02,0x20,0x3F,0xF0,
    0x02,0x00,0x02,0x00,0x02,0x00,0x02,0x00,0x02,0x08,0xFF,0xFC,0x00,0x00,0x00,0x00,0x7C,0x00,0x04,0x00,0x04,0x00,0x04,0x00,
    0x04,0x00,0x04,0x00,0x04,0x00,0x04,0x00,0x04,0x00,0x04,0x00,0x04,0x00,0x04,0x00,0x04,0x00,0x7C,0x00,0x00,0x00,0x00,0x00,
    0x20,0x80,0x20,0x80,0x20,0x90,0x23,0xF8,0xFC,0x90,0x20,0x90,0x20,0x90,0x20,0x90,0x27,0xFC,0x39,0x40,0xE1,0x20,0x42,0x10,
    0x04,0x0C,0x18,0x08,0x00,0x00,0x00,0x00,0x09,0x20,0x49,0x20,0x29,0x20,0x17,0xFC,0x29,0x20,0xC8,0x00,0x0B,0xF8,0x1A,0x48,
    0x2A,0x48,0x4B,0xF8,0x8A,0x48,0x0A,0x48,0x53,0xF8,0x22,0x08,0x00,0x00,0x00,0x00,0x04,0x00,0x02,0x00,0x02,0x08,0xFF,0xFC,
    0x02,0x00,0x05,0x10,0x09,0x20,0x19,0x40,0x28,0x80,0xC8,0x80,0x08,0x40,0x09,0x20,0x0A,0x1C,0x0C,0x08,0x00,0x00,0x00,0x00,
    0x20,0x08,0x23,0xFC,0x22,0x08,0xFA,0xE8,0xAA,0x08,0xAA,0xE8,0xA8,0x00,0xA9,0xF8,0xA9,0x08,0xA9,0xF8,0xB9,0x08,0x21,0xF8,
    0x21,0x08,0x21,0xF8,0x00,0x00,0x00,0x00,0x02,0x00,0x01,0x08,0x3F,0xFC,0x21,0x00,0x21,0x00,0x21,0xF8,0x21,0x00,0x21,0x00,
    0x2F,0xF0,0x28,0x10,0x28,0x10,0x48,0x10,0x4F,0xF0,0x88,0x10,0x00,0x00,0x00,0x00,0x44,0x00,0x24,0x10,0x27,0xF8,0x08,0x00,
    0x97,0xF0,0x45,0x10,0x24,0x90,0x3F,0xFC,0x25,0x10,0xC4,0x90,0x48,0x10,0x4F,0xF8,0x40,0x20,0x40,0x60,0x00,0x00,0x00,0x00,
    0x08,0x00,0x08,0x80,0x1F,0xC0,0x20,0x90,0x7F,0xF8,0xA1,0x10,0x21,0x10,0x3F,0xF0,0x21,0x10,0x21,0x10,0x3F,0xF0,0x01,0x04,
    0x01,0x04,0x00,0xFC,0x00,0x00,0x00,0x00,0x10,0x80,0x10,0x80,0x10,0x88,0x2F,0xFC,0x20,0x80,0x61,0xC0,0xA2,0xA0,0x22,0xA0,
    0x24,0x90,0x28,0x88,0x37,0xF4,0x20,0x80,0x20,0x80,0x20,0x80,0x00,0x00,0x00,0x00,0x00,0x00,0x00,0x10,0x00,0x20,0x00,0x40,
    0x00,0x40,0x00,0x80,0x00,0x80,0x00,0x80,0x00,0x80,0x00,0x40,0x00,0x40,0x00,0x20,0x00,0x10,0x00,0x00,0x00,0x00,0x00,0x00,
    0x01,0x00,0x01,0x20,0x01,0x10,0x3F,0xFC,0x21,0x00,0x21,0x00,0x3D,0x10,0x24,0x90,0x24,0xA0,0x24,0xA0,0x24,0x44,0x5C,0xA4,
    0x41,0x14,0x86,0x0C,0x00,0x00,0x00,0x00,0x00,0x80,0x04,0x80,0x04,0x40,0x08,0x40,0x10,0x20,0x20,0x10,0xDF,0xEC,0x04,0x20,
    0x04,0x20,0x04,0x20,0x04,0x20,0x08,0x20,0x11,0x40,0x60,0x80,0x00,0x00,0x00,0x00,0x00,0x08,0x01,0xFC,0x7D,0x08,0x45,0x08,
    0x45,0xF8,0x7D,0x08,0x45,0x08,0x45,0x08,0x7D,0xF8,0x45,0x08,0x41,0x08,0x02,0x08,0x04,0x28,0x08,0x10,0x00,0x00,0x00,0x00,
    0x00,0x00,0x20,0x00,0x10,0x00,0x08,0x00,0x08,0x00,0x04,0x00,0x04,0x00,0x04,0x00,0x04,0x00,0x08,0x00,0x08,0x00,0x10,0x00,
    0x20,0x00,0x00,0x00,0x00,0x00,0x00,0x00,0x22,0x08,0x14,0xFC,0xFE,0x88,0x08,0xF8,0x4A,0x88,0x4A,0x88,0x7E,0xF8,0x08,0x88,
    0x11,0x28,0x22,0x10,0x41,0x00,0x3F,0xF0,0x01,0x00,0x7F,0xF8,0x00,0x00,0x00,0x00,0x10,0x10,0x10,0x10,0x94,0x90,0x58,0x50,
    0x10,0x10,0xFE,0x10,0x10,0x90,0x38,0x50,0x54,0x10,0x50,0x7C,0x93,0x90,0x10,0x10,0x10,0x10,0x10,0x10,0x00,0x00,0x00,0x00,
    0x44,0x00,0x24,0x08,0x29,0xFC,0xFE,0x80,0x28,0x80,0x28,0xF0,0x28,0x90,0xFE,0xD0,0x28,0xB0,0x28,0x90,0x29,0x10,0x49,0x54,
    0x49,0x94,0x89,0x1C,0x00,0x00,0x00,0x00,0x00,0x00,0x00,0x90,0x01,0x20,0x01,0xB0,0x01,0xB0,0x00,0x00,0x00,0x00,0x00,0x00,
    0x00,0x00,0x00,0x00,0x00,0x00,0x00,0x00,0x00,0x00,0x00,0x00,0x00,0x00,0x00,0x00,0x20,0x40,0x10,0x40,0x10,0x48,0xFB,0xFC,
    0x0A,0x48,0x13,0xF8,0x12,0x48,0x3A,0x48,0x57,0xF8,0x92,0x48,0x10,0x40,0x10,0x40,0x10,0x40,0x10,0x40,0x00,0x00,0x00,0x00,
    0x08,0x80,0x1C,0x50,0xF0,0x50,0x10,0x10,0xFC,0x90,0x10,0x90,0x3A,0xA8,0x36,0xA4,0x52,0xA4,0x54,0xC0,0x90,0x88,0x11,0x88,
    0x16,0x78,0x10,0x00,0x00,0x00,0x00,0x00,0x02,0x00,0x01,0x00,0x3F,0xF8,0x20,0x08,0x5F,0xF0,0x00,0x40,0x01,0x80,0x01,0x08,
    0xFF,0xFC,0x01,0x00,0x01,0x00,0x01,0x00,0x05,0x00,0x02,0x00,0x00,0x00,0x00,0x00,0x22,0x20,0x22,0x28,0x2F,0xFC,0x22,0x20,
    0xF8,0x80,0x21,0x40,0x22,0x30,0x2D,0xEC,0x20,0x00,0x3B,0xF0,0xE2,0x10,0x42,0x10,0x03,0xF0,0x02,0x10,0x00,0x00,0x00,0x00,
    0x00,0x00,0x36,0x00,0x36,0x00,0x12,0x00,0x24,0x00,0x00,0x00,0x00,0x00,0x00,0x00,0x00,0x00,0x00,0x00,0x00,0x00,0x00,0x00,
    0x00,0x00,0x00,0x00,0x00,0x00,0x00,0x00,0x21,0x00,0x21,0xF0,0x22,0x20,0xF7,0xF8,0x22,0x48,0x23,0xF8,0x71,0x00,0x6A,0x90,
    0xA5,0x60,0xA2,0xD0,0x2D,0x50,0x22,0x48,0x2D,0x44,0x20,0x80,0x00,0x00,0x00,0x00,0x01,0x00,0x01,0x00,0x3F,0xF8,0x21,0x08,
    0x21,0x10,0x21,0x00,0x2F,0xE0,0x24,0x20,0x24,0x20,0x22,0x40,0x22,0x80,0x21,0x80,0x46,0x60,0xB8,0x1C,0x00,0x00,0x00,0x00,
    0x00,0x40,0x00,0x50,0xF8,0x48,0x27,0xFC,0x20,0x40,0x22,0x48,0xF9,0x48,0x21,0x50,0x20,0xE0,0x29,0x50,0x36,0x48,0xC0,0x44,
    0x01,0x40,0x00,0x80,0x00,0x00,0x00,0x00,0x20,0x10,0x23,0xF8,0x3A,0x10,0x42,0x10,0x43,0xF0,0xFA,0x10,0xA3,0xF0,0x22,0x80,
    0xFA,0x88,0x22,0xB0,0x22,0x40,0x2A,0xA0,0x33,0x1C,0x22,0x08,0x00,0x00,0x00,0x00,0x08,0x00,0x0F,0xC0,0x10,0x80,0x21,0x00,
    0x7F,0xF0,0xA2,0x10,0x22,0x10,0x22,0x10,0x3F,0xF0,0x20,0x10,0x20,0x04,0x20,0x04,0x20,0x04,0x1F,0xFC,0x00,0x00,0x00,0x00,
    0x08,0x80,0x08,0x80,0x08,0x80,0x10,0x88,0x10,0x90,0x30,0xA0,0x50,0xC0,0x90,0x80,0x11,0x80,0x16,0x80,0x10,0x84,0x10,0x84,
    0x10,0x84,0x10,0x7C,0x00,0x00,0x00,0x00,0x12,0x20,0x09,0x20,0x09,0x40,0x7F,0xFC,0x40,0x04,0x9F,0xE8,0x00,0x40,0x01,0x80,
    0x01,0x08,0xFF,0xFC,0x01,0x00,0x01,0x00,0x05,0x00,0x02,0x00,0x00,0x00,0x00,0x00,0x04,0x40,0x04,0x48,0xFF,0xFC,0x04,0x40,
    0x10,0x80,0x20,0x80,0x44,0xF8,0x79,0x08,0x12,0x88,0x28,0x48,0x70,0x48,0x00,0x08,0x1C,0x50,0x60,0x20,0x00,0x00,0x00,0x00,
    0x00,0x20,0x0F,0xF0,0x08,0x20,0x08,0x20,0x08,0x20,0x0F,0xE0,0x00,0x00,0x7C,0xF8,0x44,0x88,0x44,0x88,0x44,0x88,0x44,0x88,
    0x7C,0xF8,0x44,0x88,0x00,0x00,0x00,0x00,0x00,0x10,0x7F,0x10,0x01,0x10,0x01,0x10,0x3F,0x10,0x20,0x10,0x40,0x10,0x7F,0x10,
    0x01,0x10,0x01,0x10,0x01,0x10,0x01,0x10,0x1A,0x10,0x04,0x10,0x00,0x00,0x00,0x00,0x00,0x20,0x1F,0xF0,0x10,0x20,0x1F,0xE0,
    0x10,0x28,0x10,0x08,0x0F,0xF8,0x00,0x40,0xFF,0xFC,0x00,0x40,0x08,0x40,0x04,0x40,0x01,0x40,0x00,0x80,0x00,0x00,0x00,0x00,
    0x00,0x08,0xFF,0xFC,0x02,0x00,0x02,0x00,0x02,0x00,0x03,0x80,0x02,0x60,0x02,0x10,0x02,0x00,0x02,0x00,0x02,0x00,0x02,0x00,
    0x02,0x00,0x02,0x00,0x00,0x00,0x00,0x00,0x01,0x00,0x01,0x00,0x01,0x00,0x01,0x10,0x79,0x20,0x09,0x40,0x09,0x80,0x09,0x80,
    0x11,0x40,0x11,0x20,0x21,0x10,0x41,0x0C,0x85,0x00,0x02,0x00,0x00,0x00,0x00,0x00,0x42,0x10,0x21,0x20,0x2F,0xFC,0x00,0x80,
    0x03,0xF0,0xE2,0x10,0x23,0xF0,0x22,0x10,0x23,0xF0,0x22,0x10,0x23,0xF0,0x50,0x00,0x8C,0x00,0x03,0xFC,0x00,0x00,0x00,0x00,
    0x01,0x00,0x01,0x00,0x21,0x10,0x21,0x10,0x21,0x10,0x21,0x10,0x3F,0xF0,0x01,0x00,0x21,0x08,0x21,0x08,0x21,0x08,0x21,0x08,
    0x3F,0xF8,0x00,0x08,0x00,0x00,0x00,0x00,0x00,0x00,0x00,0x10,0x3F,0xF8,0x20,0x10,0x20,0x10,0x20,0x10,0x20,0x10,0x20,0x10,
    0x20,0x10,0x20,0x10,0x3F,0xF0,0x20,0x10,0x20,0x10,0x00,0x00,0x00,0x00,0x00,0x00,0x00,0x00,0x3F,0xF8,0x20,0x08,0x48,0x10,
    0x0F,0xF0,0x08,0x00,0x10,0x00,0x1F,0xF0,0x00,0x10,0x00,0x10,0x7F,0xD0,0x00,0x10,0x00,0xA0,0x00,0x40,0x00,0x00,0x00,0x00,
    0x08,0x40,0x04,0x80,0x7F,0xF8,0x02,0x00,0x3F,0xF0,0x04,0x00,0xFF,0xFC,0x08,0x00,0x1F,0xE0,0x2A,0x20,0xC9,0xA0,0x0F,0xE0,
    0x08,0x20,0x0F,0xE0,0x00,0x00,0x00,0x00,0x00,0xF0,0x00,0x80,0x00,0x80,0x00,0x80,0x00,0x80,0x00,0x80,0x00,0x80,0x00,0x80,
    0x00,0x80,0x00,0x80,0x00,0x80,0x00,0x80,0x00,0x80,0x00,0x80,0x00,0x00,0x00,0x00,0x01,0x00,0x45,0x00,0x29,0xF8,0x12,0x08,
    0x2A,0x08,0x4D,0xE8,0x09,0x28,0x19,0x28,0x29,0x28,0x49,0xE8,0x89,0x28,0x08,0x08,0x28,0x28,0x10,0x10,0x00,0x00,0x00,0x00,
    0x00,0x10,0x3F,0xF8,0x20,0x10,0x3F,0xF0,0x20,0x00,0x3F,0xF8,0x22,0x40,0x24,0x20,0x2F,0xF0,0x20,0x80,0x2F,0xF8,0x40,0x80,
    0x40,0x88,0x9F,0xFC,0x00,0x00,0x00,0x00,0x08,0x00,0x08,0x00,0x08,0x00,0x08,0x00,0x08,0x00,0x08,0x00,0x08,0x00,0x08,0x00,
    0x08,0x00,0x08,0x00,0x08,0x00,0x08,0x00,0x08,0x00,0x78,0x00,0x00,0x00,0x00,0x00,0x10,0x10,0x10,0x78,0x23,0xC0,0x22,0x40,
    0x4A,0x40,0xF2,0x48,0x13,0xFC,0x22,0x40,0xFA,0x40,0x42,0x20,0x1A,0x24,0xE2,0x94,0x43,0x0C,0x02,0x04,0x00,0x00,0x00,0x00,
    0x00,0x80,0x10,0x80,0x10,0x80,0x10,0x88,0x1F,0xFC,0x10,0x00,0x10,0x00,0x1F,0xC0,0x10,0x40,0x10,0x40,0x10,0x40,0x20,0x40,
    0x40,0x40,0x80,0x40,0x00,0x00,0x00,0x00,0x02,0x00,0x02,0x00,0x02,0x20,0x3F,0xF0,0x02,0x00,0x02,0x00,0x02,0x08,0xFF,0xFC,
    0x02,0x00,0x04,0x80,0x08,0x40,0x10,0x20,0x3F,0xF0,0x10,0x10,0x00,0x00,0x00,0x00,0x20,0x80,0x20,0x40,0x27,0xFC,0xF8,0x00,
    0x21,0x20,0x31,0x10,0x2A,0x08,0x65,0x10,0x61,0x10,0xA0,0xA0,0xA0,0x40,0x20,0xA0,0x21,0x1C,0x26,0x08,0x00,0x00,0x00,0x00,
    0x20,0x80,0x20,0xA0,0x21,0x10,0x23,0xF8,0xF8,0x08,0x21,0x10,0x23,0xF8,0x24,0x40,0x20,0x48,0x2B,0xFC,0x30,0xA0,0xC1,0x20,
    0x02,0x10,0x0C,0x0C,0x00,0x00,0x00,0x00,0x10,0x80,0x10,0x40,0x10,0x40,0xFB,0xFC,0x10,0x00,0x11,0x10,0x1D,0x10,0x31,0x10,
    0xD0,0x90,0x10,0xA0,0x10,0xA0,0x10,0x20,0x57,0xFC,0x20,0x00,0x00,0x00,0x00,0x00,0x00,0x10,0xF9,0xF8,0x09,0x10,0x09,0x10,
    0x79,0xF0,0x40,0x40,0x43,0xF8,0x7A,0x48,0x0A,0x48,0x0B,0xF8,0x08,0x50,0x08,0x48,0x57,0xFC,0x22,0x04,0x00,0x00,0x00,0x00,
    0x00,0x10,0x1F,0xF8,0x10,0x10,0x11,0x10,0x11,0x10,0x11,0x10,0x11,0x10,0x11,0x10,0x11,0x10,0x11,0x10,0x02,0xC0,0x04,0x20,
    0x18,0x18,0x60,0x08,0x00,0x00,0x00,0x00,0x20,0x20,0x21,0x20,0x21,0x20,0xF9,0x20,0x22,0x10,0x22,0x10,0x74,0x48,0x68,0x44,
    0xA0,0x80,0xA0,0x80,0x21,0x20,0x21,0x10,0x23,0xF8,0x20,0x08,0x00,0x00,0x00,0x00,0x01,0x00,0x3F,0xFC,0x20,0x04,0x5F,0xE8,
    0x00,0x00,0x0F,0xE0,0x08,0x20,0x0F,0xE0,0x00,0x00,0x1F,0xF0,0x11,0x10,0x1F,0xF0,0x11,0x10,0x1F,0xF0,0x00,0x00,0x00,0x00,
    0x00,0x20,0x3F,0xF0,0x02,0x00,0x7F,0xF8,0x52,0x48,0x8A,0x90,0x32,0x60,0x00,0x00,0x3F,0xF0,0x22,0x10,0x3F,0xF0,0x22,0x10,
    0x3F,0xF0,0x20,0x10,0x00,0x00,0x00,0x00,0x21,0x00,0x21,0x10,0x21,0xF8,0xFB,0x10,0x24,0xA0,0x20,0x40,0x70,0xA0,0x69,0x1C,
    0xA6,0x08,0xA3,0xF0,0x22,0x10,0x22,0x10,0x23,0xF0,0x22,0x10,0x00,0x00,0x00,0x00,0x08,0x40,0x08,0x40,0x7F,0xF8,0x08,0x40,
    0x0F,0xC0,0x08,0x40,0x0F,0xC0,0x08,0x40,0xFF,0xF8,0x12,0x20,0x22,0x1C,0xDF,0xE8,0x02,0x00,0x7F,0xF8,0x00,0x00,0x00,0x00,
    0x00,0x10,0x1F,0xF8,0x11,0x10,0x11,0x10,0x1F,0xF0,0x11,0x10,0x11,0x10,0x1F,0xF0,0x12,0x00,0x09,0x10,0x28,0x88,0x28,0x14,
    0x48,0x10,0x07,0xF0,0x00,0x00,0x00,0x00,0x00,0x80,0x7E,0x80,0x40,0x80,0x44,0xF8,0x65,0x08,0x55,0x50,0x48,0x40,0x48,0x40,
    0x54,0x40,0x64,0xA0,0x40,0xA0,0x41,0x10,0x7D,0x0C,0x02,0x08,0x00,0x00,0x00,0x00,0x04,0x40,0x04,0x48,0xFF,0xFC,0x04,0x40,
    0x04,0x80,0x7C,0xF8,0x04,0x80,0x04,0x80,0x7C,0xF8,0x04,0x80,0xFC,0xFC,0x04,0x80,0x04,0x80,0x04,0x80,0x00,0x00,0x00,0x00,
    0x08,0x00,0x08,0x00,0x10,0x00,0x1F,0xF8,0x20,0x08,0x41,0x10,0x01,0x00,0x09,0x40,0x09,0x20,0x11,0x10,0x21,0x08,0x41,0x08,
    0x05,0x00,0x02,0x00,0x00,0x00,0x00,0x00,0x40,0x20,0x27,0xF0,0x21,0x40,0x07,0xF0,0x04,0x90,0xE7,0xF0,0x24,0x90,0x24,0x90,
    0x27,0xF0,0x24,0x90,0x24,0x90,0x54,0xB0,0x88,0x00,0x07,0xFC,0x00,0x00,0x00,0x00,0x00,0x80,0x7C,0x90,0x44,0xF8,0x45,0x10,
    0x46,0xA0,0x7C,0x40,0x10,0xB0,0x5D,0x0C,0x53,0xF0,0x51,0x10,0x51,0x10,0x5D,0x10,0xE1,0xF0,0x41,0x10,0x00,0x00,0x00,0x00,
    0x02,0x00,0x02,0x00,0x02,0x08,0xFF,0xFC,0x02,0x00,0x02,0x00,0x02,0x20,0x3F,0xF0,0x20,0x20,0x20,0x20,0x20,0x20,0x20,0x20,
    0x3F,0xE0,0x20,0x20,0x00,0x00,0x00,0x00,0x08,0x40,0xFF,0xFC,0x08,0x40,0x3F,0xE0,0x02,0x00,0xFF,0xFC,0x12,0x20,0x1F,0xE0,
    0x12,0x20,0x1F,0xE0,0x02,0x00,0x3F,0xF0,0x02,0x00,0xFF,0xF8,0x00,0x00,0x00,0x00,0x40,0x80,0x30,0x80,0x11,0x40,0x01,0x20,
    0x02,0x10,0xE4,0x4C,0x28,0x80,0x21,0x00,0x26,0x20,0x20,0x40,0x29,0x88,0x36,0x30,0x20,0xC0,0x07,0x00,0x00,0x00,0x00,0x00,
    0x01,0x00,0x01,0x08,0x7F,0xFC,0x05,0x40,0x09,0x20,0x11,0x10,0x7F,0xEC,0x10,0x20,0x10,0x20,0x1F,0xE0,0x10,0x20,0x1F,0xE0,
    0x00,0x00,0x7F,0xF8,0x00,0x00,0x00,0x00,0x02,0x00,0x01,0x00,0x3F,0xFC,0x20,0x04,0x5F,0xF8,0x02,0x00,0x04,0x20,0x1F,0xF0,
    0x01,0x10,0x01,0x00,0x1F,0xF0,0x01,0x00,0x01,0x00,0x7F,0xFC,0x00,0x00,0x00,0x00,0x02,0x00,0x03,0x00,0x04,0x80,0x08,0x40,
    0x10,0x20,0x20,0x1C,0xCF,0xC8,0x08,0x40,0x08,0x40,0x09,0x40,0x08,0x88,0x08,0x08,0x08,0x08,0x07,0xF8,0x00,0x00,0x00,0x00,
    0x00,0x10,0x7F,0xF8,0x44,0x00,0x44,0x00,0x47,0xF0,0x49,0x00,0x51,0x00,0x5F,0xF8,0x41,0x00,0x42,0x80,0x44,0x60,0x58,0x10,
    0x40,0x00,0x7F,0xFC,0x00,0x00,0x00,0x00,0x00,0x80,0x78,0x40,0x4B,0xFC,0x4A,0x08,0x54,0x00,0x53,0xF0,0x48,0x00,0x4F,0xFC,
    0x49,0x20,0x69,0x20,0x51,0x24,0x41,0x24,0x42,0x24,0x4C,0x1C,0x00,0x00,0x00,0x00,0x00,0x10,0x1F,0xF8,0x10,0x10,0x10,0x10,
    0x1F,0xF0,0x11,0x10,0x01,0x00,0x3F,0xF8,0x21,0x08,0x21,0x08,0x21,0x08,0x21,0x28,0x21,0x10,0x01,0x00,0x00,0x00,0x00,0x00,
    0x20,0x38,0x27,0xC0,0x20,0x80,0xF8,0x88,0x27,0xFC,0x21,0x20,0x32,0x10,0x6D,0x2C,0x61,0x20,0xA1,0x20,0xA1,0x20,0x21,0x20,
    0x22,0x20,0x2C,0x20,0x00,0x00,0x00,0x00,0x00,0x00,0x00,0x00,0x1C,0xE0,0x08,0x80,0x09,0x00,0x0A,0x00,0x0E,0x00,0x09,0x00,
    0x09,0x00,0x08,0x80,0x08,0x40,0x1C,0xF0,0x00,0x00,0x00,0x00,0x00,0x00,0x00,0x00,0x00,0x00,0x00,0x00,0x00,0x00,0x00,0x00,
    0x00,0x00,0x03,0x00,0x07,0x80,0x07,0x80,0x03,0x00,0x00,0x00,0x00,0x00,0x00,0x00,0x00,0x00,0x00,0x00,0x00,0x00,0x00,0x00,
    0x01,0x00,0x7F,0xFC,0x00,0x00,0x0F,0xE0,0x08,0x20,0x0F,0xE0,0x00,0x00,0x3F,0xF8,0x20,0x08,0x27,0xC8,0x24,0x48,0x27,0xC8,
    0x20,0x08,0x20,0x18,0x00,0x00,0x00,0x00,0x01,0x10,0x3D,0x20,0x25,0x48,0x14,0x90,0x08,0x60,0x17,0xA0,0x20,0x1C,0xDF,0xE8,
    0x10,0x20,0x10,0x20,0x1F,0xE0,0x08,0x40,0x04,0x88,0xFF,0xFC,0x00,0x00,0x00,0x00,0x10,0x20,0x10,0x20,0x7D,0x40,0x12,0x7C,
    0xFE,0x88,0x08,0xC8,0x7E,0x48,0x24,0x48,0xC8,0x50,0x0F,0x50,0x78,0x20,0x08,0x50,0x28,0x88,0x13,0x04,0x00,0x00,0x00,0x00,
    0x04,0x20,0x04,0x18,0x04,0x08,0x3F,0xE0,0x04,0x20,0x04,0x20,0x04,0x20,0x7F,0xF8,0x04,0x08,0x04,0x08,0x04,0x08,0x04,0x50,
    0x04,0x20,0x04,0x00,0x00,0x00,0x00,0x00,0x08,0x10,0x1C,0x78,0xF3,0x80,0x12,0x48,0xFD,0x50,0x10,0x00,0x19,0xB8,0x36,0x08,
    0x52,0x08,0x53,0xB8,0x92,0x08,0x12,0x08,0x13,0xF8,0x12,0x08,0x00,0x00,0x00,0x00,0x04,0x40,0x04,0x48,0x7F,0xFC,0x04,0x40,
    0x1F,0xE0,0x10,0x20,0x1F,0xE0,0x10,0x20,0x1F,0xE0,0x01,0x08,0xFF,0xFC,0x01,0x00,0x01,0x00,0x01,0x00,0x00,0x00,0x00,0x00,
    0x02,0x00,0x02,0x00,0x02,0x00,0x02,0x00,0x02,0x00,0x02,0x00,0x05,0x00,0x05,0x00,0x04,0x80,0x08,0x40,0x08,0x20,0x10,0x10,
    0x20,0x0C,0xC0,0x08,0x00,0x00,0x00,0x00,0x21,0x40,0x21,0x20,0x23,0xFC,0xFA,0x40,0x26,0x40,0x23,0xF8,0x72,0x40,0x6B,0xF8,
    0xA2,0x40,0xA3,0xFC,0x22,0x00,0x25,0x48,0x24,0xA4,0x28,0xA4,0x00,0x00,0x00,0x00,0x92,0x08,0x52,0xFC,0x2A,0x20,0x6A,0x20,
    0xAA,0xF8,0x2A,0xA8,0x2A,0xA8,0x6A,0xA8,0xAA,0xA8,0x2A,0xA8,0x22,0xB8,0x24,0x20,0xA8,0x20,0x50,0x20,0x00,0x00,0x00,0x00,
    0x00,0x20,0x3F,0xF0,0x20,0x20,0x20,0x20,0x3F,0xE0,0x22,0x20,0x22,0x00,0x3F,0xF8,0x21,0x00,0x21,0x00,0x20,0x80,0x24,0x48,
    0x38,0x28,0x20,0x18,0x00,0x00,0x00,0x00,0x00,0x10,0x3F,0xF8,0x20,0x10,0x3F,0xF0,0x20,0x80,0x20,0x80,0x2F,0xFC,0x20,0x80,
    0x20,0x80,0x27,0xF0,0x24,0x10,0x44,0x10,0x47,0xF0,0x84,0x10,0x00,0x00,0x00,0x00,0x02,0x00,0x02,0x00,0x02,0x00,0x02,0x08,
    0xFF,0xFC,0x02,0x00,0x02,0x00,0x02,0x00,0x05,0x00,0x04,0x80,0x08,0x40,0x10,0x20,0x20,0x1C,0xC0,0x08,0x00,0x00,0x00,0x00,
    0x00,0x08,0x3F,0xFC,0x20,0x00,0x20,0x08,0x2F,0xFC,0x20,0x80,0x20,0x80,0x20,0x80,0x20,0x80,0x20,0x80,0x20,0x80,0x40,0x80,
    0x42,0x80,0x81,0x00,0x00,0x00,0x00,0x00,0x02,0x00,0x01,0x00,0x3F,0xF8,0x20,0x08,0x42,0x10,0x02,0x00,0xFF,0xFC,0x04,0x40,
    0x08,0x40,0x0C,0x80,0x03,0x80,0x02,0x60,0x0C,0x18,0x70,0x08,0x00,0x00,0x00,0x00,0x20,0x08,0x11,0xFC,0xFE,0x80,0x44,0x80,
    0x24,0xF0,0x28,0x90,0xFE,0x90,0x01,0x50,0x7D,0x50,0x45,0x10,0x45,0x10,0x7D,0x54,0x45,0x94,0x41,0x1C,0x00,0x00,0x00,0x00,
    0x10,0x08,0x1F,0xFC,0x10,0x80,0x27,0xF8,0x24,0x88,0x67,0xF8,0xA4,0x88,0x24,0x88,0x27,0xF8,0x24,0x80,0x22,0x80,0x21,0x80,
    0x22,0x60,0x2C,0x1C,0x00,0x00,0x00,0x00,0x11,0x40,0x11,0x48,0x13,0xFC,0xFA,0x40,0x17,0xF8,0x12,0x40,0x1B,0xF8,0x32,0x40,
    0xD7,0xF8,0x11,0x10,0x11,0x3C,0x11,0x04,0x52,0x48,0x2C,0x30,0x00,0x00,0x00,0x00,0x04,0x00,0x0F,0xC0,0x10,0x40,0x20,0x90,
    0x5F,0xF8,0x00,0x10,0x1F,0xF0,0x00,0x10,0x3F,0xF0,0x02,0x00,0x29,0x08,0x29,0x24,0x48,0x24,0x07,0xE0,0x00,0x00,0x00,0x00,
    0x10,0x40,0x14,0x40,0x12,0x40,0xFF,0x48,0x10,0xFC,0x92,0x88,0x55,0x48,0x18,0x48,0x34,0x50,0xD3,0x50,0x10,0x20,0x10,0x50,
    0x50,0x88,0x23,0x04,0x00,0x00,0x00,0x00,0x08,0x80,0x08,0x90,0xFF,0xF8,0x08,0x80,0x7F,0xF8,0x40,0x08,0x9F,0xD0,0x10,0x40,
    0x1F,0xC0,0x00,0x00,0x3F,0xE0,0x20,0x20,0x20,0x20,0x3F,0xE0,0x00,0x00,0x00,0x00,0x08,0x40,0x04,0x80,0x7F,0xF8,0x02,0x00,
    0x3F,0xF0,0x04,0x00,0xFF,0xFC,0x08,0x40,0x14,0xB0,0x24,0x8C,0xC4,0x80,0x08,0x80,0x10,0x80,0x60,0x80,0x00,0x00,0x00,0x00,
    0x10,0x08,0x08,0x08,0xFF,0x88,0x22,0x48,0x14,0x48,0x0C,0x48,0x33,0x48,0xC0,0x48,0x12,0x48,0x12,0x48,0x12,0x48,0x12,0x08,
    0x22,0x28,0x42,0x10,0x00,0x00,0x00,0x00,0x00,0x40,0x00,0x40,0x7C,0x40,0x00,0x48,0x01,0xFC,0xFE,0x48,0x10,0x48,0x10,0x48,
    0x24,0x48,0x44,0x88,0xFE,0x88,0x41,0x08,0x02,0x28,0x04,0x10,0x00,0x00,0x00,0x00,0x04,0x00,0x0E,0x08,0x78,0xFC,0x08,0x88,
    0x7E,0x88,0x08,0x88,0x0C,0x88,0x1A,0x88,0x2A,0x88,0x48,0x88,0x88,0xF8,0x08,0x88,0x08,0x00,0x08,0x00,0x00,0x00,0x00,0x00,
    0x00,0x00,0x20,0x08,0x23,0xFC,0x20,0x88,0x3C,0x88,0xE0,0x88,0x20,0x88,0x20,0x88,0x20,0x88,0x25,0x08,0x29,0x08,0x32,0x08,
    0x04,0x50,0x08,0x20,0x00,0x00,0x00,0x00,0x10,0x08,0x08,0x08,0xFF,0x88,0x88,0xA8,0x7F,0x28,0x08,0x28,0x7F,0x28,0x08,0x28,
    0xFF,0xA8,0x08,0x28,0x7E,0x28,0x42,0x08,0x42,0x28,0x7E,0x10,0x00,0x00,0x00,0x00,0x04,0x00,0x02,0x20,0x01,0x20,0x09,0x20,
    0x08,0x40,0x28,0x50,0x28,0x88,0x28,0x84,0x49,0x04,0x0A,0x00,0x0C,0x10,0x18,0x10,0xE7,0xF0,0x00,0x00,0x00,0x00,0x00,0x00,
    0x20,0x40,0x10,0x40,0x10,0x48,0xFE,0xFC,0x20,0x90,0x21,0x90,0x3C,0x90,0x24,0x90,0x24,0x50,0x24,0x20,0x24,0x20,0x44,0x50,
    0x58,0x88,0x83,0x04,0x00,0x00,0x00,0x00,0x00,0x10,0x3F,0xF8,0x24,0x90,0x3F,0xF0,0x02,0x00,0x7F,0xFC,0x02,0x00,0x1F,0xE0,
    0x10,0x20,0x1F,0xE0,0x10,0x20,0x1F,0xE0,0x10,0x20,0xFF,0xFC,0x00,0x00,0x00,0x00,0x00,0x08,0x7E,0xFC,0x12,0x88,0x12,0x88,
    0x7E,0x90,0x12,0xA0,0x12,0x90,0x7E,0x88,0x12,0x88,0x12,0x88,0x22,0xA8,0x2A,0x90,0x44,0x80,0x80,0x80,0x00,0x00,0x00,0x00,
    0x00,0x08,0xFF,0xFC,0x00,0x20,0x00,0x20,0x3E,0x20,0x22,0x20,0x22,0x20,0x22,0x20,0x22,0x20,0x3E,0x20,0x22,0x20,0x00,0x20,
    0x00,0xA0,0x00,0x40,0x00,0x00,0x00,0x00,0x20,0x20,0x27,0xF0,0x22,0x20,0x31,0x40,0xA8,0x80,0xA1,0x40,0xA2,0x20,0x2C,0x9C,
    0x20,0x80,0x27,0xF8,0x20,0x80,0x20,0x80,0x20,0x88,0x2F,0xFC,0x00,0x00,0x00,0x00,0x11,0x00,0x11,0x00,0x51,0x08,0x53,0xFC,
    0x7A,0xA8,0x94,0xA8,0x91,0x28,0x1D,0x48,0x32,0x48,0xD4,0x88,0x11,0x08,0x12,0x08,0x14,0x50,0x10,0x20,0x00,0x00,0x00,0x00,
    0x11,0x00,0x1F,0xF0,0x21,0x00,0xFF,0xFC,0x00,0x00,0x1F,0xE0,0x10,0x20,0x1F,0xE0,0x04,0x80,0x7C,0xF8,0x04,0x80,0xFC,0xFC,
    0x04,0x80,0x04,0x80,0x00,0x00,0x00,0x00,0x40,0x10,0x20,0x78,0x23,0x80,0x02,0x00,0x02,0x08,0xE3,0xFC,0x22,0x20,0x22,0x20,
    0x22,0x20,0x24,0x20,0x28,0x20,0x50,0x20,0x8C,0x00,0x03,0xFC,0x00,0x00,0x00,0x00,0x10,0x40,0x08,0x50,0xFF,0x48,0x00,0x48,
    0x3F,0xFC,0x22,0xA0,0x22,0xA0,0x3E,0xA0,0x08,0xA0,0x2C,0xA0,0x4A,0xA4,0x88,0xA4,0x29,0x24,0x12,0x1C,0x00,0x00,0x00,0x00,
    0x02,0x00,0x03,0x00,0x04,0x80,0x08,0x40,0x10,0x20,0x2F,0xDC,0xC0,0x08,0x00,0x00,0x7F,0xF8,0x04,0x00,0x08,0x40,0x10,0x20,
    0x3F,0xF0,0x10,0x10,0x00,0x00,0x00,0x00,0x20,0x80,0x20,0xF8,0x21,0x10,0x22,0xA0,0xF8,0x40,0xA8,0xB0,0xAB,0x4C,0xAD,0xF8,
    0xF8,0x40,0x21,0xF8,0x28,0x40,0x3D,0xFC,0xC4,0x40,0x00,0x40,0x00,0x00,0x00,0x00,0x00,0x80,0x00,0x90,0x7B,0xF8,0x4A,0x90,
    0x4A,0x50,0x4A,0x10,0x4A,0x60,0x4A,0x08,0x7B,0xFC,0x40,0x08,0x4F,0xE8,0x00,0x08,0x00,0x48,0x00,0x30,0x00,0x00,0x00,0x00,
    0x10,0x40,0x08,0x80,0x00,0x00,0x3F,0xE0,0x22,0x20,0x3F,0xE0,0x22,0x20,0x22,0x20,0x3F,0xE0,0x02,0x00,0xFF,0xF8,0x02,0x00,
    0x02,0x00,0x02,0x00,0x00,0x00,0x00,0x00,0x02,0x00,0x02,0x00,0x02,0x10,0x7F,0xF8,0x02,0x00,0x02,0x08,0xFF,0xFC,0x02,0x00,
    0x22,0x10,0x22,0x10,0x22,0x10,0x22,0x10,0x3F,0xF0,0x00,0x10,0x00,0x00,0x00,0x00,0x41,0x20,0x21,0x20,0x21,0x20,0x07,0xFC,
    0x01,0x20,0xE1,0x20,0x21,0x20,0x2F,0xFC,0x21,0x20,0x21,0x20,0x22,0x20,0x54,0x20,0x88,0x00,0x07,0xFC,0x00,0x00,0x00,0x00,
    0x10,0x10,0x13,0xF8,0x20,0x00,0x48,0x00,0x88,0x08,0x17,0xFC,0x30,0x20,0x50,0x20,0x90,0x20,0x10,0x20,0x10,0x20,0x10,0x20,
    0x10,0xA0,0x10,0x40,0x00,0x00,0x00,0x00,0x00,0x00,0x00,0x00,0x07,0x80,0x08,0x40,0x10,0x20,0x10,0x20,0x10,0x20,0x10,0x20,
    0x10,0x20,0x10,0x20,0x08,0x40,0x07,0x80,0x00,0x00,0x00,0x00,0x00,0x00,0x00,0x00,0x00,0x00,0x00,0x00,0x38,0x70,0x10,0x20,
    0x18,0x20,0x14,0x20,0x12,0x20,0x11,0x20,0x10,0xA0,0x10,0x60,0x10,0x20,0x38,0x20,0x00,0x00,0x00,0x00,0x00,0x00,0x00,0x00,
    0x00,0x00,0x00,0x40,0x00,0x40,0x00,0x80,0x00,0x80,0x01,0x00,0x01,0x00,0x02,0x00,0x02,0x00,0x04,0x00,0x04,0x00,0x08,0x00,
    0x08,0x00,0x00,0x00,0x00,0x00,0x00,0x00,0x00,0x00,0x00,0x00,0x1F,0xE0,0x08,0x20,0x08,0x00,0x08,0x40,0x0F,0xC0,0x08,0x40,
    0x08,0x00,0x08,0x00,0x08,0x00,0x1C,0x00,0x00,0x00,0x00,0x00,0x00,0x00,0x00,0x00,0x20,0x20,0x23,0xF0,0x22,0x20,0xFB,0xE0,
    0x20,0x00,0x27,0x78,0x35,0x48,0x67,0x78,0xA0,0x80,0x2F,0xFC,0x21,0xA0,0x22,0x90,0xA4,0x8C,0x48,0x88,0x00,0x00,0x00,0x00,
    0x08,0x80,0x08,0x80,0x11,0x08,0x11,0xFC,0x32,0x80,0x54,0x80,0x90,0xF8,0x10,0x80,0x10,0x80,0x10,0x88,0x10,0xFC,0x10,0x80,
    0x10,0x80,0x10,0x80,0x00,0x00,0x00,0x00,0x01,0x00,0x79,0x00,0x49,0xFC,0x4A,0x04,0x7C,0x24,0x48,0xA4,0x4A,0x54,0x7A,0x54,
    0x4A,0xB4,0x4A,0x14,0x4B,0xF4,0x48,0x04,0xA8,0x28,0x90,0x10,0x00,0x00,0x00,0x00,0x10,0x00,0x08,0x7C,0x7F,0x44,0x22,0x48,
    0x12,0x48,0x14,0x50,0xFF,0xD0,0x00,0x48,0x3E,0x44,0x22,0x44,0x22,0x64,0x3E,0x58,0x22,0x40,0x20,0x40,0x00,0x00,0x00,0x00,
    0x09,0x40,0x11,0x20,0x31,0x78,0x57,0x80,0x90,0x88,0x10,0x48,0x12,0x38,0x01,0x00,0x7F,0xF8,0x09,0x10,0x18,0xA0,0x28,0x40,
    0xCB,0x3C,0x0C,0x08,0x00,0x00,0x00,0x00,0x00,0x08,0xFE,0xFC,0x28,0x08,0x7E,0x08,0x52,0x08,0x52,0xF8,0x52,0x88,0x6E,0x80,
    0x42,0x80,0x7E,0x80,0x42,0x84,0x42,0x84,0x7E,0x84,0x42,0x7C,0x00,0x00,0x00,0x00,0x10,0x00,0x10,0x00,0x23,0xF8,0x20,0x40,
    0x44,0x40,0xF8,0x40,0x10,0x40,0x20,0x40,0x4C,0x40,0x70,0x40,0x00,0x40,0x18,0x48,0x67,0xFC,0x00,0x00,0x00,0x00,0x00,0x00,
    0x10,0x40,0x10,0x40,0x10,0x40,0x1E,0x40,0x22,0x40,0x22,0x60,0x52,0x50,0x8C,0x4C,0x04,0x44,0x08,0x40,0x10,0x40,0x20,0x40,
    0x40,0x40,0x80,0x40,0x00,0x00,0x00,0x00,0x10,0x80,0x10,0xA0,0x20,0x90,0x24,0xF8,0x4B,0x80,0xF0,0x80,0x10,0xF8,0x27,0x80,
    0xF8,0x90,0x40,0xA0,0x18,0x44,0xE0,0xA4,0x43,0x14,0x0C,0x0C,0x00,0x00,0x00,0x00,0x01,0x20,0x79,0x28,0x4F,0xFC,0x49,0x20,
    0x49,0x20,0x78,0x00,0x4B,0xF8,0x4A,0x48,0x7A,0x48,0x4B,0xF8,0x4A,0x48,0x7A,0x48,0x4B,0xF8,0x02,0x08,0x00,0x00,0x00,0x00,
    0x01,0x00,0x81,0x40,0x62,0x48,0x23,0xFC,0x06,0x40,0x2A,0x40,0x23,0xF8,0x42,0x40,0xC2,0x40,0x43,0xF8,0x42,0x40,0x42,0x48,
    0x43,0xFC,0x02,0x00,0x00,0x00,0x00,0x00,0x20,0x80,0x20,0x40,0x23,0xF8,0x79,0x20,0x47,0xFC,0xF8,0x00,0x23,0xF0,0x22,0x10,
    0xFB,0xF0,0x22,0x10,0x23,0xF0,0x29,0x44,0x32,0x44,0x0C,0x3C,0x00,0x00,0x00,0x00,0x20,0x40,0x22,0x40,0x22,0x40,0x32,0x48,
    0xAB,0xFC,0xA4,0x40,0xA4,0x40,0x28,0x40,0x23,0xF8,0x20,0x40,0x20,0x40,0x20,0x40,0x20,0x48,0x27,0xFC,0x00,0x00,0x00,0x00,
    0x00,0x10,0x7F,0xF8,0x02,0x00,0x02,0x00,0x02,0x08,0x7F,0xFC,0x02,0x80,0x02,0x80,0x02,0x80,0x04,0x80,0x04,0x84,0x08,0x84,
    0x10,0x84,0x60,0x7C,0x00,0x00,0x00,0x00,0x00,0x10,0x7B,0xF8,0x4A,0x10,0x4B,0xF0,0x52,0x10,0x52,0x10,0x4B,0xF0,0x4A,0x88,
    0x4A,0x90,0x6A,0xA0,0x52,0x40,0x42,0x20,0x43,0x9C,0x42,0x08,0x00,0x00,0x00,0x00,0x04,0x04,0x24,0x04,0x24,0x24,0x3F,0xA4,
    0x44,0x24,0x7F,0xA4,0x04,0x24,0x04,0x24,0x3F,0xA4,0x24,0xA4,0x24,0x84,0x24,0x84,0x25,0x94,0x04,0x08,0x00,0x00,0x00,0x00,
    0x00,0x08,0xFF,0xFC,0x02,0x00,0x04,0x00,0x3F,0xF8,0x24,0x88,0x27,0x88,0x24,0x88,0x24,0x88,0x27,0x88,0x24,0x88,0x24,0x88,
    0x3F,0xF8,0x20,0x08,0x00,0x00,0x00,0x00,0x08,0x00,0x1D,0xF8,0xF1,0x08,0x11,0x08,0xFD,0x08,0x11,0x08,0x39,0x08,0x35,0xF8,
    0x54,0x00,0x50,0x90,0x90,0x88,0x11,0x08,0x12,0x04,0x14,0x04,0x00,0x00,0x00,0x00,0x00,0x80,0x00,0x80,0xFC,0x88,0x11,0xFC,
    0x11,0x10,0x13,0x10,0x15,0x10,0x11,0x10,0x10,0xA0,0x1C,0xA0,0xF0,0x40,0x40,0xA0,0x01,0x1C,0x0E,0x08,0x00,0x00,0x00,0x00,
    0x1F,0xE0,0x10,0x20,0x1F,0xE0,0x10,0x20,0x1F,0xE0,0x00,0x00,0xFF,0xFC,0x22,0x00,0x3A,0xF8,0x2E,0x48,0x23,0x50,0x3E,0x20,
    0xE2,0x50,0x03,0x8C,0x00,0x00,0x00,0x00,0x08,0x40,0x48,0x48,0x2B,0xFC,0x08,0x40,0x38,0x40,0xC9,0xF8,0x0A,0x00,0x01,0x00,
    0xFF,0xFC,0x05,0x10,0x18,0xA0,0xE8,0x40,0x0B,0x30,0x0C,0x0C,0x00,0x00,0x00,0x00,0x08,0x40,0x4A,0x40,0x2C,0x48,0xFF,0x7C,
    0x18,0x88,0x2D,0x88,0x4A,0x88,0x08,0x90,0xFE,0x50,0x12,0x50,0x34,0x20,0x0C,0x50,0x32,0x88,0xC1,0x04,0x00,0x00,0x00,0x00,
    0x00,0x00,0x00,0x00,0x03,0x80,0x04,0x40,0x08,0x40,0x08,0x00,0x0B,0x80,0x0C,0x40,0x08,0x40,0x08,0x40,0x08,0x40,0x07,0x80,
    0x00,0x00,0x00,0x00,0x00,0x00,0x00,0x00,0x01,0x00,0x7F,0xFC,0x44,0x40,0x44,0x40,0x5F,0xF8,0x44,0x40,0x47,0xC0,0x41,0x00,
    0x4F,0xF0,0x49,0x10,0x49,0x10,0x49,0x50,0x89,0x20,0x81,0x00,0x00,0x00,0x00,0x00,0x00,0x40,0x00,0x40,0xFB,0xFC,0x22,0x44,
    0x22,0x48,0x22,0x40,0xFB,0xF8,0x22,0x88,0x22,0x90,0x22,0x50,0x3C,0x20,0xC4,0x50,0x08,0x8C,0x13,0x08,0x00,0x00,0x00,0x00,
    0x10,0x80,0x10,0x80,0x21,0x40,0x21,0x20,0x4A,0x10,0xF4,0x0C,0x13,0xF0,0x20,0x00,0x5B,0xF0,0xE2,0x10,0x02,0x10,0x1A,0x10,
    0xE3,0xF0,0x02,0x10,0x00,0x00,0x00,0x00,0x00,0x00,0x00,0x00,0x02,0x00,0x0E,0x00,0x02,0x00,0x02,0x00,0x02,0x00,0x02,0x00,
    0x02,0x00,0x02,0x00,0x02,0x00,0x0F,0x80,0x00,0x00,0x00,0x00,0x00,0x00,0x00,0x00,0x00,0x00,0x00,0x00,0x0F,0xC0,0x08,0x00,
    0x08,0x00,0x08,0x00,0x0F,0x80,0x00,0x40,0x00,0x40,0x08,0x40,0x08,0x40,0x07,0x80,0x00,0x00,0x00,0x00,0x00,0x00,0x00,0x00,
    0x08,0x60,0x10,0x10,0x64,0x88,0x03,0x00,0x04,0xC0,0x18,0x3C,0x60,0xC0,0x1F,0x00,0x10,0x10,0x1F,0xF8,0x10,0x80,0x10,0x80,
    0x20,0x80,0x40,0x80,0x00,0x00,0x00,0x00,0x02,0x00,0x02,0x00,0x02,0x00,0x02,0x10,0x3F,0xF8,0x02,0x10,0x02,0x10,0x02,0x10,
    0x02,0x10,0x04,0x10,0x04,0x10,0x08,0x10,0x10,0xA0,0x60,0x40,0x00,0x00,0x00,0x00,0x00,0x20,0x0F,0xF0,0x08,0x20,0x0F,0xE0,
    0x08,0x20,0x0F,0xE0,0x00,0x08,0xFF,0xFC,0x11,0x00,0x11,0xF8,0x19,0x00,0x25,0x00,0x43,0x00,0x80,0xFC,0x00,0x00,0x00,0x00,
    0x02,0x00,0x02,0x00,0x02,0x10,0x7F,0xF8,0x42,0x10,0x42,0x10,0x42,0x10,0x42,0x10,0x7F,0xF0,0x02,0x00,0x02,0x00,0x02,0x00,
    0x02,0x00,0x02,0x00,0x00,0x00,0x00,0x00,0x10,0x40,0x10,0x48,0x3E,0xFC,0x49,0x20,0x85,0x10,0x1F,0xF0,0x01,0x00,0xFF,0xFC,
    0x00,0x20,0x7F,0xF8,0x08,0x20,0x04,0x20,0x04,0xA0,0x00,0x40,0x00,0x00,0x00,0x00,0x08,0x00,0x7D,0xF8,0x11,0x08,0x11,0x08,
    0xFD,0xF8,0x11,0x08,0x30,0x00,0x3B,0xFC,0x54,0x40,0x50,0x40,0x93,0xF8,0x10,0x40,0x10,0x40,0x17,0xFC,0x00,0x00,0x00,0x00,
    0x01,0x00,0x00,0x88,0x3F,0xFC,0x22,0x20,0x2F,0xF8,0x22,0x20,0x23,0xE0,0x20,0x00,0x2F,0xF0,0x22,0x20,0x21,0x40,0x40,0x80,
    0x43,0x60,0x9C,0x1C,0x00,0x00,0x00,0x00,0x08,0x40,0x08,0x40,0x10,0x40,0x17,0xF8,0x30,0x80,0x50,0x80,0x9F,0xFC,0x11,0x00,
    0x11,0xF8,0x10,0x08,0x10,0x10,0x11,0xA0,0x10,0x40,0x10,0x20,0x00,0x00,0x00,0x00,0x10,0x80,0x10,0x48,0x23,0xFC,0x28,0x40,
    0x48,0x80,0xF1,0x10,0x13,0xF8,0x21,0x20,0xF9,0x20,0x41,0x20,0x19,0x20,0xE1,0x24,0x42,0x24,0x0C,0x1C,0x00,0x00,0x00,0x00,
    0x10,0x20,0x10,0x60,0x10,0x80,0x11,0x00,0x12,0x00,0x14,0x00,0xFF,0xF8,0x12,0x00,0x11,0x00,0x10,0x80,0x10,0x40,0x13,0x30,
    0x1C,0x0C,0x10,0x00,0x00,0x00,0x00,0x00,0x08,0x04,0x0C,0x04,0x12,0x24,0x21,0x24,0x40,0xA4,0xBF,0x24,0x00,0x24,0x51,0x24,
    0x29,0x24,0x2A,0x24,0x22,0x04,0x07,0x84,0xF8,0x14,0x40,0x08,0x00,0x00,0x00,0x00,0x09,0x00,0x09,0x20,0x11,0x10,0x11,0x00,
    0x31,0x7C,0x5F,0x80,0x91,0x10,0x11,0x10,0x10,0xA0,0x10,0xA0,0x10,0x44,0x10,0xA4,0x13,0x14,0x14,0x0C,0x00,0x00,0x00,0x00,
    0x02,0x00,0x02,0x00,0x02,0x00,0x02,0x08,0xFF,0xFC,0x02,0x00,0x07,0x00,0x0A,0x80,0x12,0x40,0x22,0x20,0x42,0x1C,0x82,0x08,
    0x02,0x00,0x02,0x00,0x00,0x00,0x00,0x00,0x10,0x10,0x17,0xF8,0x11,0x10,0xFD,0x10,0x11,0x20,0x11,0x78,0x39,0x08,0x35,0x08,
    0x52,0x90,0x92,0x50,0x12,0x20,0x14,0x50,0x14,0x8C,0x13,0x08,0x00,0x00,0x00,0x00,0x02,0x00,0x01,0x00,0x7F,0xF8,0x40,0x08,
    0x82,0x10,0x02,0x00,0x12,0x20,0x12,0x40,0x22,0x80,0x05,0x00,0x04,0x80,0x08,0x60,0x30,0x1C,0xC0,0x08,0x00,0x00,0x00,0x00,
    0x00,0x40,0x01,0x20,0x01,0x20,0xF9,0xFC,0x0B,0x20,0x4D,0x20,0x29,0xF8,0x11,0x20,0x11,0x20,0x29,0xF8,0x25,0x20,0x45,0x20,
    0x81,0xFC,0x01,0x00,0x00,0x00,0x00,0x00,0x00,0x70,0x3F,0x80,0x01,0x00,0xFF,0xFC,0x01,0x00,0x1F,0xE0,0x11,0x20,0x1F,0xE0,
    0x11,0x20,0x1F,0xE0,0x01,0x00,0x3F,0xF0,0x01,0x00,0xFF,0xFC,0x00,0x00,0x00,0x00,0x00,0x40,0x00,0x40,0xFB,0xFC,0x22,0x48,
    0x22,0x48,0x22,0x40,0x7B,0xF8,0x4A,0x88,0xCA,0x90,0x4A,0x50,0x4A,0x20,0x7A,0x50,0x44,0x8C,0x0B,0x08,0x00,0x00,0x00,0x00,
    0x20,0x08,0x27,0xFC,0x20,0x40,0x20,0x40,0xF8,0x40,0x20,0x80,0x20,0x80,0x21,0xA0,0x22,0x90,0x34,0x88,0xC8,0x88,0x00,0x80,
    0x00,0x80,0x00,0x80,0x00,0x00,0x00,0x00,0x10,0x10,0x13,0xF8,0x22,0x10,0x42,0x10,0x93,0xF0,0x12,0x10,0x23,0xF0,0x62,0x88,
    0xA2,0x90,0x22,0xA0,0x22,0x40,0x22,0x20,0x23,0x9C,0x22,0x08,0x00,0x00,0x00,0x00,0x10,0x00,0x10,0x10,0x17,0xF8,0x24,0x10,
    0x24,0x10,0x67,0xF0,0xA4,0x10,0x24,0x10,0x24,0x10,0x27,0xF0,0x24,0x10,0x20,0x00,0x20,0x08,0x2F,0xFC,0x00,0x00,0x00,0x00,
    0x00,0x20,0x20,0x20,0x24,0x20,0x22,0x20,0x21,0x20,0x20,0x20,0x20,0x20,0x20,0x20,0x24,0x20,0x28,0x20,0x30,0x50,0x20,0x88,
    0x03,0x08,0x1C,0x00,0x00,0x00,0x00,0x00,0x10,0x10,0x13,0xF8,0x22,0x10,0x4B,0xF0,0x8A,0x10,0x13,0xF0,0x20,0x00,0x67,0xFC,
    0xA0,0x20,0x2F,0xFC,0x22,0x20,0x21,0x20,0x20,0x20,0x20,0x60,0x00,0x00,0x00,0x00,0x14,0x40,0xFF,0x48,0x24,0x7C,0x7E,0xD0,
    0xAB,0x20,0x3A,0x50,0x06,0x8C,0x7F,0xF8,0x00,0x00,0x1F,0xE0,0x00,0x00,0x1F,0xE0,0x10,0x20,0x1F,0xE0,0x00,0x00,0x00,0x00,
    0x20,0x80,0x20,0x80,0x27,0xF8,0x20,0x80,0xFB,0xF0,0x21,0x00,0x77,0xFC,0x6A,0x90,0xA4,0x88,0xAB,0xF4,0x20,0x80,0x27,0xF8,
    0x20,0x80,0x20,0x80,0x00,0x00,0x00,0x00,0x00,0x00,0x00,0x00,0x00,0x00,0x00,0x00,0x00,0x00,0x00,0x00,0x00,0x00,0x00,0x00,
    0x00,0x00,0x30,0x00,0x48,0x00,0x48,0x00,0x30,0x00,0x00,0x00,0x00,0x00,0x00,0x00,0x00,0x00,0x00,0x10,0x7F,0xF8,0x02,0x00,
    0x02,0x00,0x02,0x00,0x02,0x00,0x02,0x00,0x02,0x00,0x02,0x00,0x02,0x00,0x02,0x08,0xFF,0xFC,0x00,0x00,0x00,0x00,0x00,0x00,
    0x20,0x40,0x20,0x20,0x20,0x00,0xFB,0xFC,0x22,0x00,0x22,0x20,0x72,0x20,0x6A,0xF8,0xA2,0x20,0xA2,0x20,0x22,0x20,0x24,0x20,
    0x24,0x20,0x2B,0xFC,0x00,0x00,0x00,0x00,0x20,0x80,0x20,0x40,0x23,0xFC,0xFA,0x04,0x25,0x28,0x21,0x10,0x32,0x08,0x65,0xE0,
    0xA0,0x40,0x20,0x80,0x21,0x00,0x22,0x04,0xA2,0x04,0x41,0xFC,0x00,0x00,0x00,0x00,0x04,0x80,0x24,0x90,0x14,0xA0,0x04,0x80,
    0xFF,0xFC,0x08,0x40,0x24,0x90,0x2F,0xF0,0x21,0x10,0x27,0xD0,0x21,0x10,0x21,0x10,0x20,0x10,0x3F,0xF0,0x00,0x00,0x00,0x00,
    0x01,0x00,0x21,0x10,0x21,0x10,0x21,0x10,0x3F,0xF0,0x00,0x00,0xFF,0xFC,0x04,0x00,0x08,0x10,0x1F,0xF8,0x28,0x10,0xC8,0x10,
    0x0F,0xF0,0x08,0x10,0x00,0x00,0x00,0x00,0x20,0x40,0x20,0x48,0x20,0x48,0xF7,0xFC,0x20,0x40,0x25,0x48,0x75,0x48,0x6F,0xC8,
    0xA5,0x50,0xA5,0x20,0x25,0x24,0x25,0x54,0x28,0x8C,0x31,0x04,0x00,0x00,0x00,0x00,0x01,0x00,0x11,0x00,0x09,0x00,0x09,0x08,
    0x7F,0xFC,0x02,0x08,0x02,0x08,0x03,0x08,0x04,0x88,0x04,0x48,0x08,0x48,0x10,0x08,0x20,0x90,0x40,0x60,0x00,0x00,0x00,0x00,
    0x02,0x00,0x22,0x20,0x12,0x20,0x0A,0x40,0x0A,0x80,0xFF,0xFC,0x03,0x00,0x06,0x80,0x0A,0x40,0x12,0x20,0x22,0x10,0x42,0x0C,
    0x82,0x00,0x02,0x00,0x00,0x00,0x00,0x00,0x00,0x40,0x7F,0xE0,0x08,0x40,0x08,0x40,0x08,0x40,0x10,0x40,0x1F,0xF8,0x00,0x08,
    0x00,0x08,0xFF,0xE8,0x00,0x08,0x00,0x08,0x00,0x90,0x00,0x60,0x00,0x00,0x00,0x00,0x02,0x00,0x03,0xF0,0x02,0x00,0x3F,0xF8,
    0x22,0x08,0x23,0xE0,0x3E,0x08,0x23,0xF8,0x20,0x00,0x27,0xC0,0x24,0x40,0x44,0x44,0x48,0x44,0x90,0x3C,0x00,0x00,0x00,0x00,
    0x08,0x80,0x08,0x88,0xFF,0xFC,0x08,0x80,0x20,0x00,0x13,0xF0,0x42,0x10,0x2A,0x10,0x0A,0x10,0x12,0x50,0x62,0x24,0x22,0x04,
    0x22,0x04,0x21,0xFC,0x00,0x00,0x00,0x00,0x00,0x08,0x7F,0xFC,0x42,0x08,0x5F,0xE8,0x42,0x08,0x5F,0xE8,0x42,0x08,0x5F,0xE8,
    0x42,0x28,0x42,0xA8,0x42,0x48,0x42,0x08,0x7F,0xF8,0x40,0x08,0x00,0x00,0x00,0x00,0x02,0x00,0x01,0x08,0x3F,0xFC,0x20,0x00,
    0x20,0x00,0x20,0x00,0x20,0x00,0x20,0x00,0x20,0x00,0x20,0x00,0x20,0x00,0x40,0x00,0x40,0x00,0x80,0x00,0x00,0x00,0x00,0x00,
    0x40,0x00,0x23,0xF8,0x12,0x48,0x03,0xF8,0x02,0x48,0xE3,0xF8,0x22,0x08,0x22,0xE8,0x22,0xA8,0x22,0xA8,0x2A,0xE8,0x34,0x08,
    0x24,0x28,0x08,0x10,0x00,0x00,0x00,0x00,0x00,0x08,0x7D,0xFC,0x44,0x40,0x45,0x40,0x7D,0x40,0x45,0x48,0x7D,0xFC,0x40,0x40,
    0x40,0x60,0x48,0xA0,0x4C,0xA0,0x55,0x24,0x62,0x24,0x04,0x1C,0x00,0x00,0x00,0x00,0x00,0x20,0x3F,0xF0,0x08,0x20,0x08,0x20,
    0x08,0x20,0x08,0x40,0x04,0x40,0x04,0x80,0x02,0x80,0x01,0x00,0x02,0x80,0x04,0x60,0x18,0x1C,0xE0,0x08,0x00,0x00,0x00,0x00,
    0x10,0x10,0x10,0x38,0x17,0xC0,0x24,0x40,0x24,0x40,0x64,0x48,0xA7,0xFC,0x24,0x40,0x24,0x40,0x24,0x20,0x24,0xA4,0x25,0x14,
    0x26,0x8C,0x20,0x44,0x00,0x00,0x00,0x00,0x00,0x00,0x00,0x00,0x00,0x00,0x00,0x00,0x00,0x00,0x00,0x00,0x00,0x00,0x00,0x00,
    0x00,0x00,0x60,0x00,0x60,0x00,0x20,0x00,0x40,0x00,0x00,0x00,0x00,0x00,0x00,0x00,0x20,0x80,0x20,0x80,0x20,0x80,0x20,0x88,
    0x20,0x98,0x3E,0xA0,0x20,0xC0,0x20,0x80,0x20,0x80,0x20,0x84,0x26,0x84,0x38,0x84,0x20,0x7C,0x00,0x00,0x00,0x00,0x00,0x00,
    0x08,0x40,0x08,0x40,0x10,0x40,0x10,0x40,0x30,0x48,0x57,0xFC,0x90,0x40,0x10,0x40,0x10,0x40,0x10,0x40,0x10,0x40,0x10,0x40,
    0x10,0x40,0x10,0x40,0x00,0x00,0x00,0x00,0x01,0x00,0x01,0x00,0x02,0x00,0x04,0x00,0x08,0x40,0x10,0x40,0x20,0x80,0x41,0x00,
    0x02,0x40,0x04,0x20,0x08,0x10,0x3F,0xF8,0x10,0x08,0x00,0x00,0x00,0x00,0x00,0x00,0x08,0x00,0x09,0x7C,0x7D,0x44,0x0A,0x48,
    0x0A,0x48,0xFF,0xD0,0x08,0x50,0x3E,0x48,0x62,0x44,0xBE,0x44,0x22,0x64,0x22,0x58,0x3E,0x40,0x22,0x40,0x00,0x00,0x00,0x00,
    0x10,0x00,0x13,0xF8,0x10,0x10,0xFC,0x20,0x24,0x40,0x24,0x40,0x27,0xFC,0x24,0x40,0x44,0x40,0x28,0x40,0x10,0x40,0x28,0x40,
    0x45,0x40,0x80,0x80,0x00,0x00,0x00,0x00,0x00,0x80,0x00,0x48,0x7B,0xFC,0x48,0x00,0x49,0x10,0x4A,0x08,0x4D,0x14,0x49,0x10,
    0x79,0x20,0x48,0xA0,0x40,0x40,0x00,0xA0,0x03,0x1C,0x0C,0x08,0x00,0x00,0x00,0x00,0x02,0x00,0x04,0x00,0x1F,0xF0,0x10,0x10,
    0x10,0x10,0x1F,0xF0,0x10,0x10,0x10,0x10,0x10,0x10,0x1F,0xF0,0x10,0x10,0x10,0x10,0x1F,0xF0,0x10,0x10,0x00,0x00,0x00,0x00,
    0x00,0x10,0x3F,0xF8,0x00,0x10,0x00,0x10,0x00,0x10,0x3F,0xF0,0x20,0x00,0x20,0x00,0x20,0x00,0x20,0x00,0x20,0x04,0x20,0x04,
    0x1F,0xFC,0x00,0x00,0x00,0x00,0x00,0x00,0x00,0x10,0x3F,0xF8,0x20,0x10,0x3F,0xF0,0x20,0x00,0x20,0xF0,0x2F,0x00,0x21,0xF0,
    0x2F,0x00,0x21,0xF8,0x2F,0x00,0x41,0x04,0x41,0x04,0x80,0xFC,0x00,0x00,0x00,0x00,0x00,0x00,0x00,0x10,0x3F,0xF8,0x22,0x10,
    0x22,0x10,0x22,0x10,0x3F,0xF0,0x20,0x10,0x20,0x00,0x20,0x00,0x20,0x00,0x20,0x04,0x20,0x04,0x1F,0xFC,0x00,0x00,0x00,0x00,
    0x10,0x40,0x10,0x20,0x10,0x20,0x13,0xFC,0x7E,0x04,0x54,0x80,0x54,0x88,0x54,0x98,0x7C,0xE0,0x10,0x80,0x14,0x84,0x1C,0x84,
    0xE4,0x84,0x40,0x7C,0x00,0x00,0x00,0x00,0x00,0x80,0x7C,0x40,0x45,0xF8,0x44,0x00,0x45,0x10,0x7C,0x90,0x40,0xA0,0x7F,0xFC,
    0x64,0x40,0x64,0x40,0xA5,0xF8,0xBC,0x40,0x24,0x40,0x20,0x40,0x00,0x00,0x00,0x00,0x00,0x08,0x7F,0x7C,0x04,0x48,0x24,0x48,
    0x24,0x50,0x7F,0x50,0x04,0x50,0x0C,0x48,0x14,0x44,0x24,0x44,0x44,0x64,0x84,0x58,0x14,0x40,0x08,0x40,0x00,0x00,0x00,0x00,
    0x00,0x00,0x7F,0xF8,0x40,0x08,0x80,0x20,0x3E,0x20,0x01,0xF8,0x7E,0x20,0x15,0x20,0x14,0xA0,0x14,0xA0,0x24,0x20,0x24,0x68,
    0x44,0x08,0x83,0xF8,0x00,0x00,0x00,0x00,0x08,0x10,0x4B,0xF8,0x49,0x20,0x48,0xC0,0x49,0x20,0x4A,0x1C,0x1F,0xE0,0x10,0x20,
    0x12,0x20,0x12,0x20,0x12,0x20,0x05,0x80,0x18,0x60,0xE0,0x18,0x00,0x00,0x00,0x00,0x02,0x00,0x02,0x10,0x3F,0xE0,0x02,0x40,
    0x02,0x88,0xFF,0xFC,0x02,0x00,0x0F,0xE0,0x18,0x20,0x28,0x20,0xCF,0xE0,0x08,0x20,0x0F,0xE0,0x08,0x20,0x00,0x00,0x00,0x00,
    0x04,0x00,0x04,0x00,0x07,0xF0,0x08,0x20,0x14,0x40,0x22,0x80,0x01,0x00,0x02,0x10,0x0F,0xF8,0x18,0x10,0xE8,0x10,0x08,0x10,
    0x0F,0xF0,0x08,0x10,0x00,0x00,0x00,0x00,0x00,0x10,0x27,0xF8,0x24,0x10,0x24,0x10,0x24,0x10,0x24,0x10,0x27,0xF0,0x24,0x10,
    0x24,0x10,0x24,0x10,0x24,0x10,0x27,0xF0,0x24,0x10,0x00,0x00,0x00,0x00,0x00,0x00,0x20,0x20,0x27,0x20,0x25,0xFC,0xFD,0x20,
    0x25,0x40,0x26,0x78,0x75,0xC8,0x6D,0x78,0xA5,0x48,0xA7,0x78,0x24,0x48,0x24,0x48,0x24,0x48,0x24,0x58,0x00,0x00,0x00,0x00,
    0x00,0x08,0x7F,0xFC,0x40,0x08,0x47,0xC8,0x44,0x48,0x4F,0xE8,0x48,0x28,0x49,0x28,0x49,0x28,0x4A,0xA8,0x44,0x48,0x48,0x28,
    0x7F,0xF8,0x40,0x08,0x00,0x00,0x00,0x00,0x02,0x00,0x02,0x00,0x02,0x00,0x02,0x00,0x02,0x00,0x02,0x08,0xFF,0xFC,0x02,0x00,
    0x02,0x00,0x02,0x00,0x02,0x00,0x02,0x00,0x02,0x00,0x02,0x00,0x00,0x00,0x00,0x00,0x10,0x00,0x10,0x08,0x7E,0xFC,0x12,0x88,
    0x12,0x88,0x22,0xF8,0x2C,0x88,0x41,0x00,0x01,0x08,0x7F,0xFC,0x05,0x40,0x09,0x20,0x31,0x1C,0xC1,0x08,0x00,0x00,0x00,0x00,
    0x10,0x10,0x13,0xF8,0x22,0x10,0x22,0x10,0x4A,0x10,0xF3,0xF0,0x12,0x10,0x22,0x10,0xFA,0x10,0x43,0xF0,0x1A,0x10,0xE2,0x10,
    0x42,0x10,0x0F,0xFC,0x00,0x00,0x00,0x00,0x02,0x00,0x03,0x00,0x04,0x80,0x08,0x40,0x10,0x20,0x2F,0xDC,0xC0,0x08,0x00,0x00,
    0x1F,0xE0,0x10,0x20,0x10,0x20,0x10,0x20,0x1F,0xE0,0x10,0x20,0x00,0x00,0x00,0x00,0x02,0x00,0x02,0x10,0x7F,0xF8,0x02,0x00,
    0x3F,0xF0,0x02,0x00,0xFF,0xFC,0x05,0x00,0x09,0x10,0x18,0xA0,0x28,0x40,0xC9,0x20,0x0A,0x1C,0x0C,0x08,0x00,0x00,0x00,0x00,
    0x00,0x10,0x3F,0xF8,0x00,0x00,0x00,0x00,0x00,0x08,0x7F,0xFC,0x01,0x00,0x09,0x40,0x09,0x20,0x11,0x10,0x21,0x08,0x41,0x08,
    0x05,0x00,0x02,0x00,0x00,0x00,0x00,0x00,0x02,0x00,0x01,0x10,0x7F,0xF8,0x04,0x80,0xFF,0xFC,0x00,0x00,0x1F,0xE0,0x10,0x20,
    0x1F,0xE0,0x10,0x20,0x1F,0xE0,0x2A,0x10,0x29,0x28,0x47,0xE8,0x00,0x00,0x00,0x00,0x20,0x80,0x20,0x88,0x23,0xFC,0x29,0x00,
    0xB1,0x00,0xA7,0xE0,0xA2,0x20,0x23,0xFC,0x20,0x20,0x31,0x30,0x29,0x28,0x42,0x24,0x44,0xA4,0x80,0x40,0x00,0x00,0x00,0x00,
    0x02,0x00,0x02,0x60,0x02,0x10,0x02,0x00,0xFF,0xFC,0x02,0x00,0x07,0x00,0x0A,0x80,0x0A,0x40,0x12,0x20,0x22,0x1C,0xC2,0x08,
    0x02,0x00,0x02,0x00,0x00,0x00,0x00,0x00,0x04,0x00,0x0E,0x00,0x70,0xF8,0x40,0x88,0x40,0x88,0x40,0x88,0x7C,0x88,0x40,0x88,
    0x40,0x88,0x46,0xA8,0x58,0x90,0x60,0x80,0x00,0x80,0x00,0x80,0x00,0x00,0x00,0x00,0x00,0x20,0x1F,0xF0,0x11,0x20,0xFF,0xFC,
    0x11,0x20,0x1F,0xE0,0x00,0x00,0x1F,0xE0,0x10,0x20,0x11,0x20,0x11,0x20,0x02,0x80,0x0C,0x40,0x70,0x30,0x00,0x00,0x00,0x00,
    0x08,0x80,0x08,0x90,0x10,0x88,0x10,0x88,0x30,0xFC,0x57,0x80,0x90,0x80,0x10,0x80,0x10,0x80,0x10,0x40,0x10,0x44,0x10,0x24,
    0x10,0x14,0x10,0x0C,0x00,0x00,0x00,0x00,0x01,0x08,0x3F,0xFC,0x24,0x40,0x3E,0xF8,0x2D,0x50,0x35,0x4C,0x2F,0xF0,0x29,0x10,
    0x2F,0xF0,0x29,0x10,0x2F,0xF0,0x42,0xA0,0x44,0x94,0x98,0x7C,0x00,0x00,0x00,0x00,0x40,0x80,0x20,0x80,0x20,0x90,0x07,0xF8,
    0x80,0x80,0x50,0x80,0x50,0x88,0x2F,0xFC,0x20,0x80,0xC1,0x00,0x42,0x20,0x44,0x10,0x4F,0xF8,0x44,0x08,0x00,0x00,0x00,0x00,
    0x10,0x08,0x17,0xFC,0x50,0x40,0x50,0x40,0x53,0xF8,0x52,0x48,0x52,0x48,0x52,0x48,0x52,0x48,0x52,0x48,0x12,0x68,0x22,0x50,
    0x40,0x40,0x80,0x40,0x00,0x00,0x00,0x00,0x02,0x00,0x01,0x00,0x01,0x00,0x00,0x08,0x7F,0xFC,0x00,0x00,0x00,0x00,0x08,0x40,
    0x08,0x20,0x10,0x10,0x10,0x10,0x20,0x08,0x40,0x08,0x00,0x00,0x00,0x00,0x00,0x00,0x00,0x10,0x1F,0xF8,0x10,0x10,0x1F,0xF0,
    0x10,0x10,0x1F,0xF0,0x01,0x00,0x11,0x10,0x1F,0xF8,0x21,0x00,0x5F,0xF0,0x01,0x00,0x01,0x08,0x7F,0xFC,0x00,0x00,0x00,0x00,
    0x04,0x40,0x04,0x48,0xFF,0xFC,0x04,0x40,0x04,0x40,0x01,0x00,0xFF,0xFC,0x10,0x00,0x10,0x00,0x10,0x00,0x10,0x00,0x10,0x00,
    0x1F,0xF8,0x10,0x00,0x00,0x00,0x00,0x00,0x02,0x00,0x22,0x10,0x22,0x10,0x3F,0xF0,0x24,0x40,0x24,0x40,0xFE,0xFC,0x25,0x08,
    0x24,0x40,0x3C,0x40,0x24,0x60,0x24,0x90,0x3D,0x08,0x22,0x04,0x00,0x00,0x00,0x00,0x10,0x80,0x10,0x80,0x20,0xC0,0x21,0x20,
    0x4A,0x10,0xF4,0x0C,0x11,0xF0,0x20,0x00,0xF7,0xFC,0x40,0x80,0x18,0xA0,0xE1,0x10,0x43,0xF8,0x02,0x08,0x00,0x00,0x00,0x00,
    0x02,0x00,0x01,0x00,0x3F,0xF8,0x20,0x00,0x21,0x00,0x29,0x20,0x29,0x20,0x35,0x50,0x23,0x88,0x21,0x00,0x5F,0xF0,0x41,0x00,
    0x41,0x08,0xBF,0xFC,0x00,0x00,0x00,0x00,0x00,0x08,0xFF,0xFC,0x00,0x00,0x0F,0xE0,0x49,0x28,0x49,0x28,0x4F,0xE8,0x49,0x28,
    0x49,0x28,0x49,0x28,0x4F,0xE8,0x40,0x08,0x7F,0xF8,0x00,0x08,0x00,0x00,0x00,0x00,0x10,0x80,0x10,0x40,0x10,0x40,0x13,0xF8,
    0xFC,0x40,0x10,0x40,0x38,0x40,0x54,0x40,0x53,0xF8,0x90,0x40,0x10,0x40,0x10,0x40,0x10,0x48,0x17,0xFC,0x00,0x00,0x00,0x00,
    0x20,0x20,0x20,0x20,0x3C,0x20,0x41,0xFC,0x41,0x24,0xF9,0x24,0xA1,0x24,0x21,0xFC,0xFD,0x24,0x20,0x20,0x20,0x20,0x28,0x20,
    0x30,0x20,0x20,0x20,0x00,0x00,0x00,0x00,0x02,0x00,0x01,0x00,0x7F,0xF8,0x42,0x08,0x3F,0xF0,0x04,0x40,0x03,0x80,0x0C,0x60,
    0x11,0x10,0x7F,0xFC,0x05,0x80,0x09,0x40,0x11,0x30,0x61,0x0C,0x00,0x00,0x00,0x00,0x01,0x00,0x11,0x00,0x0D,0x00,0x05,0x00,
    0x21,0x00,0x19,0x00,0x09,0x00,0x01,0x08,0xFF,0xFC,0x01,0x00,0x02,0xC0,0x04,0x20,0x18,0x18,0xE0,0x08,0x00,0x00,0x00,0x00,
    0x10,0x10,0x10,0x10,0x10,0x10,0xFD,0xFC,0x10,0x10,0x10,0x10,0x38,0x30,0x34,0x50,0x52,0x90,0x51,0x10,0x92,0x10,0x10,0x10,
    0x10,0x50,0x10,0x20,0x00,0x00,0x00,0x00,0x00,0x38,0x3F,0xC0,0x20,0x80,0x2F,0xFC,0x20,0x80,0x20,0x80,0x27,0xF0,0x24,0x10,
    0x24,0x90,0x24,0x90,0x24,0x90,0x41,0x60,0x46,0x18,0x98,0x04,0x00,0x00,0x00,0x00,0x00,0x20,0x3F,0xF0,0x04,0x40,0x02,0x80,
    0x7F,0xF8,0x09,0x10,0x11,0x20,0x67,0x00,0x02,0x00,0x7F,0xF8,0x06,0x80,0x1A,0x60,0xE2,0x1C,0x02,0x00,0x00,0x00,0x00,0x00,
    0x20,0x00,0x20,0x08,0xFD,0xFC,0x20,0x48,0x20,0x48,0xFD,0x48,0x21,0x48,0xFD,0x48,0x24,0x48,0x24,0x88,0x34,0x88,0x29,0x08,
    0x22,0x50,0x24,0x20,0x00,0x00,0x00,0x00,0x00,0x20,0x0F,0xF0,0x08,0x20,0x08,0x20,0x08,0x20,0x0F,0xE0,0x08,0x20,0x08,0x20,
    0x0F,0xE0,0x08,0x20,0x08,0x20,0x08,0x20,0x08,0x20,0xFF,0xFC,0x00,0x00,0x00,0x00,0x10,0x40,0x10,0x40,0x20,0x48,0x27,0xFC,
    0x48,0x40,0xF0,0x40,0x13,0xF8,0x20,0x00,0xF9,0xF8,0x41,0x08,0x0D,0x08,0xF1,0x08,0x41,0xF8,0x01,0x08,0x00,0x00,0x00,0x00,
    0x02,0x00,0x01,0x00,0x3F,0xFC,0x20,0x04,0x49,0x08,0x05,0x00,0x11,0x00,0x09,0x00,0x09,0x08,0x7F,0xFC,0x02,0x80,0x04,0x60,
    0x18,0x18,0x60,0x08,0x00,0x00,0x00,0x00,0x00,0x08,0xFB,0xFC,0x20,0x40,0x20,0x40,0x20,0x80,0xF8,0xC0,0x21,0x50,0x21,0x50,
    0x22,0x48,0x34,0x48,0xC0,0x40,0x40,0x40,0x00,0x40,0x00,0x40,0x00,0x00,0x00,0x00,0x20,0x08,0x13,0xFC,0x48,0x08,0x42,0x08,
    0x42,0x08,0x42,0x08,0x42,0x08,0x45,0x08,0x44,0x88,0x48,0x48,0x50,0x48,0x40,0x08,0x40,0x28,0x40,0x10,0x00,0x00,0x00,0x00,
    0x02,0x00,0x02,0x00,0x22,0x10,0x12,0x20,0x0A,0x40,0x02,0x00,0xFF,0xFC,0x04,0x80,0x04,0x80,0x04,0x80,0x08,0x80,0x10,0x84,
    0x20,0x84,0xC0,0x7C,0x00,0x00,0x00,0x00,0x10,0x00,0x10,0x08,0x13,0xFC,0x14,0x20,0x58,0x20,0x50,0x20,0x90,0x20,0x10,0x20,
    0x10,0x20,0x10,0x20,0x28,0x20,0x24,0x20,0x40,0xA0,0x80,0x40,0x00,0x00,0x00,0x00,0x20,0x80,0x20,0x40,0x23,0xFC,0xFA,0x04,
    0x24,0x08,0x20,0x00,0x2B,0xFC,0x30,0x40,0xE0,0x40,0x20,0x40,0x20,0x40,0x20,0x40,0xA1,0x40,0x40,0x80,0x00,0x00,0x00,0x00,
    0x00,0x20,0x0F,0xF0,0x08,0x20,0x0F,0xE0,0x08,0x20,0x0F,0xE0,0x08,0x20,0x0F,0xE0,0x08,0x20,0x08,0x20,0xFF,0xFC,0x08,0x20,
    0x10,0x18,0x60,0x08,0x00,0x00,0x00,0x00,0x00,0x20,0x1F,0xF0,0x10,0x20,0x10,0x20,0x1F,0xE0,0x02,0x00,0x3F,0xF0,0x22,0x10,
    0x22,0x10,0x3F,0xF0,0x22,0x10,0x02,0x08,0xFF,0xFC,0x40,0x04,0x00,0x00,0x00,0x00,0x10,0x80,0x10,0xA0,0x1E,0x90,0x22,0x90,
    0x33,0xFC,0x4A,0x80,0xA4,0xC0,0x19,0x20,0x11,0x10,0x22,0x0C,0x44,0x00,0x28,0x90,0x24,0x48,0x44,0x48,0x00,0x00,0x00,0x00,
    0x01,0x00,0x11,0x00,0x11,0x00,0x11,0x10,0x3F,0xF8,0x21,0x00,0x41,0x00,0x81,0x00,0x1F,0xF0,0x01,0x00,0x01,0x00,0x01,0x00,
    0x01,0x08,0xFF,0xFC,0x00,0x00,0x00,0x00,0x20,0x30,0x23,0xC0,0x38,0x48,0x43,0xFC,0x40,0xE0,0xF9,0x50,0x22,0x4C,0xFB,0xF0,
    0x20,0x90,0x20,0xB8,0x29,0x08,0x31,0x08,0x22,0x50,0x04,0x20,0x00,0x00,0x00,0x00,0x10,0x00,0x10,0x00,0x10,0x08,0xFE,0xFC,
    0x12,0x88,0x12,0x88,0x12,0x88,0x12,0x88,0x12,0x88,0x22,0x88,0x22,0x88,0x52,0xF8,0x4C,0x88,0x80,0x00,0x00,0x00,0x00,0x00,
    0x00,0x10,0x3F,0xF8,0x20,0x10,0x3F,0xF0,0x20,0x80,0x27,0xF0,0x24,0x90,0x27,0xF0,0x20,0x80,0x2F,0xF8,0x28,0xA8,0x4B,0xE8,
    0x48,0x08,0x88,0x18,0x00,0x00,0x00,0x00,0x00,0x20,0x3F,0xF0,0x02,0x00,0x7F,0xFC,0x4A,0x48,0x86,0x80,0x3B,0x70,0x04,0xC0,
    0x1A,0x3C,0xEF,0xC8,0x00,0x80,0x0D,0x00,0x02,0x00,0x01,0x80,0x00,0x00,0x00,0x00,0x20,0x40,0x20,0x40,0x3C,0x40,0x40,0x40,
    0x40,0x48,0xFB,0xFC,0xA0,0x40,0x20,0x40,0xFC,0x40,0x20,0x40,0x20,0x40,0x28,0x40,0x30,0x40,0x20,0x40,0x00,0x00,0x00,0x00,
    0x01,0x00,0x01,0x00,0x01,0xF8,0x01,0x00,0x01,0x00,0x1F,0xF0,0x10,0x10,0x10,0x10,0x10,0x10,0x1F,0xF0,0x00,0x00,0x24,0x90,
    0x22,0x48,0x42,0x48,0x00,0x00,0x00,0x00,0x40,0x08,0x2F,0xFC,0x20,0x40,0x00,0x40,0x00,0x80,0xE1,0xA0,0x22,0x90,0x24,0x88,
    0x28,0x88,0x20,0x80,0x30,0x80,0x48,0x00,0x87,0xFC,0x00,0x00,0x00,0x00,0x00,0x00,0x20,0x08,0x27,0xFC,0x20,0x40,0x20,0x48,
    0xFB,0xFC,0x22,0x48,0x32,0x48,0x6A,0x48,0x62,0xA8,0xA2,0x98,0xA3,0x08,0x22,0x08,0x22,0x28,0x22,0x10,0x00,0x00,0x00,0x00,
    0x00,0x40,0x7E,0x50,0x52,0x90,0x7A,0xFC,0x53,0x90,0x52,0x90,0x7A,0xFC,0x42,0x90,0x7A,0x90,0x6A,0xFC,0x7A,0x90,0x42,0x90,
    0x8A,0xFC,0x84,0x80,0x00,0x00,0x00,0x00,0x10,0x08,0x08,0x08,0xFF,0xA8,0x08,0x28,0x12,0x28,0x22,0x28,0x7C,0x28,0x09,0x28,
    0x12,0x28,0x24,0x28,0x4A,0x08,0x11,0x08,0x61,0x28,0x00,0x10,0x00,0x00,0x00,0x00,0x01,0x00,0x3F,0xFC,0x24,0x40,0x3E,0xF8,
    0x24,0x60,0x2E,0xD0,0x35,0x4C,0x2F,0xF0,0x20,0x80,0x2F,0xF0,0x20,0x80,0x5F,0xFC,0x40,0x80,0x81,0x80,0x00,0x00,0x00,0x00,
    0x10,0x10,0x10,0x78,0x13,0x80,0xFC,0x80,0x10,0x80,0x10,0x88,0x18,0xFC,0x37,0x80,0xD0,0x80,0x10,0x80,0x10,0x84,0x10,0x84,
    0x50,0x84,0x20,0x7C,0x00,0x00,0x00,0x00,0x20,0x40,0x20,0x40,0x20,0x7C,0xF8,0x40,0x23,0xF8,0x22,0x08,0x2B,0xF8,0x32,0x08,
    0xE3,0xF8,0x20,0x40,0x2F,0xFC,0x20,0x40,0xA0,0x40,0x40,0x40,0x00,0x00,0x00,0x00,0x08,0x80,0x08,0x88,0xFF,0xFC,0x09,0x00,
    0x41,0xF0,0x23,0x10,0x84,0xA0,0x50,0x40,0x11,0xA0,0x26,0x1C,0xE3,0xF0,0x22,0x10,0x22,0x10,0x23,0xF0,0x00,0x00,0x00,0x00,
    0x20,0x80,0x10,0x80,0x10,0x88,0xFD,0xFC,0x21,0x00,0x22,0x38,0x3D,0xC0,0x25,0x48,0x25,0x50,0x25,0x20,0x25,0x20,0x45,0x50,
    0x59,0x88,0x81,0x04,0x00,0x00,0x00,0x00,0x20,0x80,0x20,0x40,0x23,0xFC,0x7A,0x04,0x49,0xF0,0xA1,0x10,0x21,0x10,0x21,0xF0,
    0x21,0x00,0x21,0xF8,0x29,0x08,0x31,0x08,0x21,0xF8,0x01,0x08,0x00,0x00,0x00,0x00,0x02,0x00,0x01,0x00,0x7F,0xF8,0x44,0x08,
    0x8F,0xD0,0x14,0x40,0x22,0x80,0x03,0x80,0x04,0x40,0x1F,0xFC,0xE8,0x20,0x08,0x20,0x08,0x20,0x0F,0xE0,0x00,0x00,0x00,0x00,
    0x20,0x10,0x20,0x78,0x23,0x80,0xFA,0x00,0x23,0xF0,0x22,0x10,0x72,0x90,0x6A,0x90,0xA2,0xA0,0xA2,0xA0,0x22,0x40,0x24,0xA0,
    0x25,0x1C,0x2A,0x08,0x00,0x00,0x00,0x00,0x00,0x78,0x7F,0x80,0x02,0x00,0x04,0x20,0x1F,0xC0,0x03,0x00,0x04,0x20,0x3F,0xF0,
    0x01,0x08,0x09,0x40,0x11,0x20,0x21,0x18,0x45,0x08,0x02,0x00,0x00,0x00,0x00,0x00,0x10,0x00,0x10,0x08,0x23,0xFC,0x2A,0x48,
    0x4A,0x48,0xF2,0x48,0x12,0x48,0x23,0xF8,0xFA,0x48,0x42,0x48,0x1A,0x48,0xE2,0x48,0x43,0xF8,0x02,0x08,0x00,0x00,0x00,0x00,
    0x20,0x10,0x23,0xF8,0x22,0x10,0x4B,0xF0,0x48,0x40,0xF7,0xF8,0x14,0x48,0x27,0xF8,0xF4,0x48,0x44,0x48,0x1F,0xF8,0xE0,0x44,
    0x40,0x44,0x00,0x3C,0x00,0x00,0x00,0x00,0x10,0x80,0x10,0x80,0x10,0xA0,0x90,0x90,0x50,0x80,0x37,0xFC,0x10,0x80,0x30,0x80,
    0x51,0x40,0xD1,0x40,0x12,0x20,0x12,0x10,0x14,0x08,0x18,0x04,0x00,0x00,0x00,0x00,0x04,0x00,0x04,0x00,0x04,0x20,0x7F,0xF0,
    0x04,0x20,0x04,0x20,0x24,0x30,0x24,0x28,0x44,0x24,0x08,0x24,0x08,0x20,0x10,0x20,0x22,0x40,0x41,0x80,0x00,0x00,0x00,0x00,
    0x00,0x80,0x04,0x80,0x04,0x80,0x08,0x40,0x10,0x40,0x20,0x20,0x42,0x1C,0x82,0x08,0x04,0x00,0x04,0x80,0x08,0x40,0x10,0x20,
    0x3F,0xF0,0x10,0x10,0x00,0x00,0x00,0x00,0x00,0x10,0x7F,0xF8,0x08,0x40,0x08,0x40,0x08,0x40,0x08,0x48,0xFF,0xFC,0x08,0x40,
    0x08,0x40,0x08,0x40,0x08,0x40,0x10,0x40,0x20,0x40,0xC0,0x40,0x00,0x00,0x00,0x00,0x10,0x10,0x13,0xF8,0x12,0x10,0x22,0x10,
    0x22,0x10,0x63,0xF0,0xA0,0x80,0x2F,0xFC,0x20,0xC0,0x21,0xA0,0x22,0x90,0x24,0x88,0x28,0x84,0x20,0x80,0x00,0x00,0x00,0x00,
    0x00,0x80,0x78,0x80,0x49,0x40,0x51,0x20,0x52,0x10,0x65,0xEC,0x50,0x00,0x48,0x08,0x48,0x88,0x6A,0x50,0x51,0x50,0x41,0x20,
    0x40,0x20,0x4F,0xFC,0x00,0x00,0x00,0x00,0x10,0x40,0x10,0x48,0x3E,0xFC,0x49,0x20,0x94,0x10,0x11,0xF8,0xFD,0x08,0x11,0xF8,
    0x39,0x08,0x55,0x08,0x91,0xF8,0x11,0x08,0x11,0xF8,0x11,0x08,0x00,0x00,0x00,0x00,0x04,0x00,0x04,0x40,0x7F,0xE0,0x04,0x40,
    0x08,0x44,0x10,0x44,0xE2,0x3C,0x02,0x00,0x7F,0xF8,0x02,0x00,0x12,0x60,0x22,0x10,0xCA,0x08,0x04,0x00,0x00,0x00,0x00,0x00,
    0x09,0x00,0x11,0x30,0x31,0xC0,0xD7,0x08,0x11,0x08,0x10,0xF8,0x00,0x00,0x1F,0xE0,0x12,0x20,0x12,0x20,0x12,0x20,0x05,0x80,
    0x08,0x70,0x70,0x10,0x00,0x00,0x00,0x00,0x00,0x40,0xF8,0x40,0x0B,0xF8,0x48,0x40,0x48,0xA0,0x51,0x10,0x57,0xFC,0x78,0x10,
    0x0B,0xD0,0x3A,0x50,0xCB,0xD0,0x0A,0x10,0x28,0x50,0x10,0x20,0x00,0x00,0x00,0x00,0x02,0x00,0x02,0x00,0x02,0x00,0x02,0x00,
    0x02,0x08,0xFF,0xFC,0x02,0x00,0x02,0x00,0x02,0x00,0x02,0x00,0x02,0x00,0x02,0x10,0x7F,0xF8,0x00,0x00,0x00,0x00,0x00,0x00,
    0x00,0x40,0x10,0x40,0x10,0x40,0x1E,0x40,0x12,0x60,0x22,0x50,0x22,0x4C,0x52,0x44,0x94,0x40,0x14,0x40,0x08,0x40,0x16,0x40,
    0x21,0x80,0xC0,0x7C,0x00,0x00,0x00,0x00,0x10,0x80,0x10,0xA0,0x10,0x90,0xFC,0x80,0x10,0xFC,0x13,0x80,0x1C,0x88,0x30,0x88,
    0xD0,0x90,0x10,0xA0,0x10,0x44,0x10,0xA4,0x53,0x14,0x20,0x0C,0x00,0x00,0x00,0x00,0x00,0x08,0xFF,0x08,0x08,0x48,0x10,0x48,
    0x22,0x48,0x7F,0x48,0x08,0x48,0x08,0x48,0x7F,0x48,0x08,0x48,0x08,0x48,0x0F,0x08,0xF8,0x28,0x40,0x10,0x00,0x00,0x00,0x00,
    0x20,0x00,0x21,0xF0,0x20,0x00,0xF8,0x00,0x20,0x08,0x23,0xFC,0x70,0x40,0x69,0x50,0xA1,0x50,0xA2,0x48,0x22,0x48,0x24,0x48,
    0x21,0x40,0x20,0x80,0x00,0x00,0x00,0x00,0x02,0x00,0x02,0x00,0x02,0x00,0x02,0x00,0x02,0x10,0x03,0xF8,0x02,0x00,0x02,0x00,
    0x02,0x00,0x02,0x00,0x02,0x00,0x02,0x08,0xFF,0xFC,0x00,0x00,0x00,0x00,0x00,0x00,0x00,0x00,0x00,0x00,0x07,0x80,0x08,0x40,
    0x08,0x40,0x00,0x80,0x03,0x00,0x00,0x80,0x00,0x40,0x08,0x40,0x08,0x40,0x07,0x80,0x00,0x00,0x00,0x00,0x00,0x00,0x00,0x00,
    0x02,0x00,0x02,0x08,0xFF,0xFC,0x04,0x00,0x0B,0xF0,0x08,0x20,0x10,0x40,0x30,0x40,0x57,0xFC,0x90,0x40,0x10,0x40,0x10,0x40,
    0x11,0x40,0x10,0x80,0x00,0x00,0x00,0x00,0x02,0x00,0x02,0x00,0x05,0x00,0x08,0x80,0x10,0x40,0x22,0x30,0xC2,0x0C,0x02,0x00,
    0x02,0x00,0x02,0x00,0x02,0x00,0x02,0x00,0x02,0x00,0x02,0x00,0x00,0x00,0x00,0x00,0x00,0x00,0x00,0x00,0x07,0x80,0x08,0x40,
    0x08,0x40,0x00,0x40,0x00,0x80,0x01,0x00,0x02,0x00,0x04,0x00,0x08,0x40,0x0F,0xC0,0x00,0x00,0x00,0x00,0x00,0x00,0x00,0x00,
    0x00,0x10,0x3F,0xF8,0x20,0x10,0x3F,0xF0,0x20,0x00,0x20,0x00,0x2F,0xF0,0x20,0x00,0x3F,0xFC,0x21,0x00,0x22,0x20,0x44,0x10,
    0x4F,0xF8,0x84,0x08,0x00,0x00,0x00,0x00,0x10,0x40,0x10,0x48,0x3F,0x7C,0x48,0xA0,0x85,0x10,0x03,0x00,0x04,0x80,0x08,0x60,
    0x37,0x9C,0xC2,0x20,0x11,0x20,0x09,0x40,0x08,0x88,0x7F,0xFC,0x00,0x00,0x00,0x00,0x00,0x00,0x00,0x00,0x03,0x00,0x04,0x80,
    0x08,0x40,0x08,0x40,0x08,0x40,0x08,0x40,0x08,0x40,0x08,0x40,0x04,0x80,0x03,0x00,0x00,0x00,0x00,0x00,0x00,0x00,0x00,0x00,
    0x09,0x00,0x10,0x80,0x1F,0xF8,0x31,0x00,0x5F,0xF0,0x91,0x00,0x1F,0xF0,0x11,0x00,0x1F,0xF8,0x01,0x00,0xFF,0xFC,0x09,0x40,
    0x31,0x30,0xC1,0x0C,0x00,0x00,0x00,0x00,0x00,0x80,0x20,0x80,0x11,0x00,0x11,0x10,0x82,0x08,0x47,0xFC,0x50,0x04,0x13,0xF0,
    0x22,0x10,0xE2,0x10,0x22,0x10,0x22,0x10,0x23,0xF0,0x22,0x10,0x00,0x00,0x00,0x00,0x01,0x00,0x00,0x88,0x1F,0xFC,0x90,0x00,
    0x50,0x10,0x57,0xF8,0x30,0x20,0x50,0xC0,0xD0,0x80,0x10,0x80,0x20,0x80,0x20,0x80,0x42,0x80,0x81,0x00,0x00,0x00,0x00,0x00,
    0x00,0x00,0x00,0x00,0x00,0x00,0x00,0x00,0x00,0x00,0x6E,0xE0,0x33,0x10,0x22,0x10,0x22,0x10,0x22,0x10,0x22,0x10,0x77,0x38,
    0x00,0x00,0x00,0x00,0x00,0x00,0x00,0x00,0x00,0x00,0x01,0x00,0x03,0x00,0x01,0x00,0x01,0x00,0x01,0x00,0x01,0x00,0x01,0x00,
    0x01,0x00,0x01,0x00,0x01,0x00,0x03,0x80,0x00,0x00,0x00,0x00,0x00,0x00,0x00,0x00,0x00,0x00,0x02,0x00,0x01,0x00,0x08,0x80,
    0x08,0x80,0x08,0x10,0x28,0x08,0x28,0x0C,0x48,0x04,0xC8,0x24,0x08,0x20,0x08,0x20,0x07,0xE0,0x00,0x00,0x00,0x00,0x00,0x00,
    0x00,0x08,0x7F,0xFC,0x44,0x88,0x44,0x88,0x44,0x88,0x44,0x88,0x44,0x88,0x44,0x88,0x48,0x88,0x50,0x78,0x60,0x08,0x40,0x08,
    0x7F,0xF8,0x40,0x08,0x00,0x00,0x00,0x00,0x02,0x00,0x01,0x00,0x01,0x08,0xFF,0xFC,0x02,0x00,0x02,0x20,0x03,0xF0,0x04,0x20,
    0x04,0x20,0x08,0x20,0x08,0x20,0x10,0x20,0x21,0x40,0x40,0x80,0x00,0x00,0x00,0x00,0x04,0x40,0x04,0x50,0x7F,0xF8,0x04,0x40,
    0xFF,0xFC,0x01,0x00,0x1F,0xF0,0x11,0x10,0x1F,0xF0,0x11,0x10,0x1F,0xF0,0x04,0x40,0x18,0x20,0x60,0x18,0x00,0x00,0x00,0x00,
    0x10,0x10,0x13,0xF8,0x20,0x10,0x23,0xF0,0x48,0x10,0x77,0xFC,0x10,0x40,0x22,0x48,0x79,0x50,0x41,0x60,0x1A,0x50,0xE4,0x4C,
    0x41,0x40,0x00,0x80,0x00,0x00,0x00,0x00,0x08,0x40,0x08,0x48,0x7F,0xFC,0x08,0x40,0x29,0x10,0x29,0xF8,0x29,0x40,0x2A,0x20,
    0x00,0x10,0x3F,0xE0,0x24,0xA0,0x24,0xA0,0x24,0xA0,0xFF,0xFC,0x00,0x00,0x00,0x00,0x10,0x80,0x10,0x80,0x10,0x80,0x10,0x80,
    0x10,0x80,0x10,0x80,0x10,0x80,0x18,0x80,0x25,0x40,0x25,0x20,0x22,0x20,0x42,0x10,0x44,0x08,0x88,0x04,0x00,0x00,0x00,0x00,
    0x20,0x80,0x20,0x48,0x27,0xFC,0xF8,0x80,0x25,0x28,0x21,0xD0,0x2A,0x90,0x35,0x28,0xE9,0xF0,0x20,0x40,0x2F,0xFC,0x20,0x40,
    0xA0,0x40,0x40,0x40,0x00,0x00,0x00,0x00,0x00,0x80,0x00,0x40,0xFB,0xF8,0x21,0x10,0x21,0x10,0x41,0x28,0x7A,0xC8,0xCC,0x00,
    0x48,0x40,0x4F,0xFC,0x48,0x40,0x78,0x40,0x48,0x40,0x00,0x40,0x00,0x00,0x00,0x00,0x00,0x80,0x00,0x48,0xF7,0xFC,0x20,0xA0,
    0x22,0x48,0x22,0xA8,0xFB,0xF8,0x20,0x40,0x27,0xF8,0x24,0xA8,0x3D,0xF8,0xE5,0x18,0x44,0x08,0x04,0x18,0x00,0x00,0x00,0x00,
    0x04,0x40,0x04,0x48,0xFF,0xFC,0x04,0x40,0x28,0x00,0x10,0x50,0x30,0x48,0xCB,0xFC,0x18,0x40,0x28,0xA0,0xC8,0xA0,0x09,0x10,
    0x52,0x08,0x24,0x04,0x00,0x00,0x00,0x00,0x00,0x08,0x3F,0xFC,0x20,0x10,0x3F,0x90,0x20,0x10,0x2F,0x7C,0x29,0x10,0x2F,0x90,
    0x20,0x50,0x29,0x30,0x2A,0x10,0x43,0x90,0x5C,0x50,0x80,0x20,0x00,0x00,0x00,0x00,0x02,0x00,0x01,0x10,0x3F,0xF8,0x20,0x10,
    0x3F,0xF0,0x21,0x00,0x20,0x80,0x2F,0xF8,0x21,0x00,0x21,0xF0,0x22,0x10,0x42,0x10,0x44,0x90,0x98,0x60,0x00,0x00,0x00,0x00,
    0x02,0x00,0x01,0x00,0x3F,0xFC,0x20,0x04,0x44,0x48,0x08,0x20,0x10,0x18,0x6F,0xE8,0x01,0x00,0x01,0x00,0x01,0x00,0x01,0x00,
    0x01,0x00,0x7F,0xFC,0x00,0x00,0x00,0x00,0x00,0x00,0x00,0x10,0x7F,0xF8,0x00,0x00,0x00,0x00,0x00,0x00,0x00,0x20,0x3F,0xF0,
    0x00,0x00,0x00,0x00,0x00,0x00,0x00,0x08,0xFF,0xFC,0x00,0x00,0x00,0x00,0x00,0x00,0x04,0x00,0x04,0x80,0x0F,0xC0,0x10,0x90,
    0x3F,0xF8,0x51,0x10,0x1F,0xF0,0x11,0x10,0x11,0x10,0x1F,0xF0,0x11,0x10,0x11,0x10,0x21,0x50,0x41,0x20,0x00,0x00,0x00,0x00,
    0x21,0x40,0x21,0x20,0x39,0xFC,0x23,0x20,0x45,0x20,0x79,0xF8,0xA1,0x20,0x21,0x20,0xFD,0xF8,0x21,0x20,0x21,0x20,0x29,0x28,
    0x31,0xFC,0x21,0x00,0x00,0x00,0x00,0x00,0x02,0x00,0x02,0x08,0x7F,0xFC,0x04,0x00,0x05,0x00,0x09,0x00,0x11,0x10,0x3F,0xF8,
    0x01,0x00,0x09,0x20,0x11,0x10,0x21,0x08,0x45,0x08,0x02,0x00,0x00,0x00,0x00,0x00,0x00,0x08,0xFF,0xFC,0x04,0x80,0x04,0x80,
    0x3F,0xF8,0x24,0x88,0x24,0x88,0x24,0x88,0x24,0x88,0x28,0x78,0x30,0x08,0x20,0x08,0x3F,0xF8,0x20,0x08,0x00,0x00,0x00,0x00,
    0x40,0x80,0x20,0x80,0x21,0x40,0x02,0x20,0x04,0x1C,0xEB,0xE8,0x20,0x80,0x27,0xF8,0x21,0xA0,0x22,0x90,0x24,0x88,0x51,0x80,
    0x8C,0x00,0x03,0xFC,0x00,0x00,0x00,0x00,0x40,0x80,0x2F,0xF8,0x20,0x80,0x07,0xF0,0x80,0x80,0x5F,0xFC,0x50,0x00,0x27,0xF0,
    0x24,0x10,0xC7,0xF0,0x44,0x10,0x47,0xF0,0x44,0x10,0x44,0x30,0x00,0x00,0x00,0x00,0x08,0x40,0x08,0x40,0x7E,0xF8,0x0C,0x60,
    0x1A,0xD0,0x29,0x48,0x48,0x40,0x7F,0xF8,0x01,0x10,0x09,0x00,0x09,0xF0,0x19,0x00,0x27,0x00,0x41,0xFC,0x00,0x00,0x00,0x00,
    0x00,0x80,0xF8,0x48,0x0F,0xFC,0x10,0x80,0x20,0x90,0x21,0x10,0x2B,0xE0,0x30,0x48,0xE0,0x90,0x21,0x20,0x26,0x60,0x20,0x90,
    0xA3,0x08,0x4C,0x08,0x00,0x00,0x00,0x00,0x10,0x00,0x12,0x08,0x11,0x7C,0x24,0x08,0x24,0x08,0x64,0x08,0xA4,0x08,0x24,0x08,
    0x24,0x08,0x24,0x08,0x24,0x08,0x24,0x08,0x24,0x28,0x24,0x10,0x00,0x00,0x00,0x00,0x00,0x10,0xFD,0xF8,0x10,0x00,0x10,0x00,
    0x10,0x08,0xFB,0xFC,0x11,0x20,0x11,0x20,0x11,0x20,0x1D,0x20,0xE1,0x20,0x42,0x24,0x04,0x24,0x18,0x1C,0x00,0x00,0x00,0x00,
    0x10,0x40,0x10,0x40,0xFE,0x80,0x20,0xFC,0x29,0x04,0x48,0x48,0x7E,0x40,0x08,0x40,0x08,0x40,0x0E,0xA0,0xF8,0xA0,0x09,0x10,
    0x0A,0x0C,0x0C,0x08,0x00,0x00,0x00,0x00,0x10,0x20,0x10,0xA0,0x94,0xA0,0x58,0x90,0x11,0x10,0xFD,0x08,0x12,0x04,0x39,0xF0,
    0x54,0x90,0x50,0x90,0x91,0x10,0x11,0x10,0x12,0x50,0x14,0x20,0x00,0x00,0x00,0x00,0x04,0x40,0x04,0x48,0xFF,0xFC,0x04,0x40,
    0x7F,0xF8,0x40,0x08,0x82,0x00,0x12,0x10,0x12,0x20,0x23,0x40,0x04,0x80,0x08,0x40,0x30,0x30,0xC0,0x0C,0x00,0x00,0x00,0x00,
    0x00,0x70,0x1F,0x80,0x10,0x00,0x11,0x00,0x21,0x00,0x21,0x00,0x3F,0xF8,0x01,0x00,0x09,0x40,0x09,0x20,0x11,0x10,0x21,0x08,
    0x45,0x08,0x02,0x00,0x00,0x00,0x00,0x00,0x20,0x80,0x20,0x80,0x21,0x40,0xF9,0x20,0x22,0x10,0x25,0xEC,0x38,0x00,0x61,0x10,
    0xA4,0x90,0x22,0x90,0x22,0x90,0x22,0x20,0xA0,0x20,0x4F,0xFC,0x00,0x00,0x00,0x00,0x20,0x40,0x10,0x40,0x10,0x40,0xFB,0xFC,
    0x0A,0x48,0x12,0x40,0x2B,0xF8,0x72,0x10,0xAA,0x90,0x22,0xA0,0x22,0x40,0x24,0xA0,0x25,0x10,0x2A,0x0C,0x00,0x00,0x00,0x00,
    0x02,0x00,0x02,0x00,0x04,0x40,0x08,0x20,0x10,0x10,0x7F,0xF8,0x20,0x08,0x00,0x00,0x1F,0xE0,0x10,0x20,0x10,0x20,0x10,0x20,
    0x1F,0xE0,0x10,0x20,0x00,0x00,0x00,0x00,0x01,0x00,0xFF,0x88,0x12,0x10,0x12,0x20,0x12,0x40,0x12,0x08,0xFF,0x90,0x12,0x20,
    0x12,0xC4,0x12,0x08,0x22,0x10,0x22,0x20,0x42,0x40,0x82,0x80,0x00,0x00,0x00,0x00,0x20,0x08,0x27,0xFC,0x24,0x08,0xF7,0xF8,
    0x24,0x00,0x27,0xF8,0x24,0x90,0x35,0x08,0xE5,0xF8,0x24,0x40,0x25,0xF8,0x24,0x40,0xA8,0x48,0x57,0xFC,0x00,0x00,0x00,0x00,
    0x00,0x40,0xF8,0x40,0x08,0xA0,0x48,0xA0,0x49,0x10,0x4A,0x0C,0x49,0xF0,0x7C,0x00,0x06,0x90,0x35,0x50,0xC5,0x50,0x05,0x20,
    0x28,0x20,0x17,0xFC,0x00,0x00,0x00,0x00,0x40,0x80,0x20,0x80,0x2F,0xF8,0x08,0x88,0x89,0x08,0x41,0x00,0x52,0x90,0x22,0xA0,
    0x26,0x40,0xCA,0x20,0x52,0x10,0x42,0x88,0x43,0x04,0x42,0x00,0x00,0x00,0x00,0x00,0x08,0x40,0x08,0x40,0x08,0x40,0x7F,0x60,
    0x08,0x58,0x08,0x48,0x0F,0x40,0x78,0x40,0x00,0x10,0x3F,0xF8,0x24,0x90,0x24,0x90,0x24,0x90,0xFF,0xFC,0x00,0x00,0x00,0x00,
    0x04,0x40,0xFE,0x90,0x29,0x08,0x29,0xFC,0x7C,0x50,0x54,0x88,0x55,0x44,0x54,0x78,0x6C,0x88,0x45,0x90,0x7C,0x50,0x44,0x20,
    0x7C,0x50,0x43,0x8C,0x00,0x00,0x00,0x00,0x00,0x00,0x08,0x00,0x08,0x00,0x04,0x00,0x04,0x00,0x02,0x00,0x02,0x00,0x01,0x00,
    0x01,0x00,0x00,0x80,0x00,0x80,0x00,0x40,0x00,0x40,0x00,0x00,0x00,0x00,0x00,0x00,0x41,0x00,0x20,0x80,0x20,0x90,0x0F,0xF8,
    0x80,0x80,0x50,0x80,0x50,0x80,0x20,0x80,0x27,0xF8,0xC0,0x80,0x40,0x80,0x40,0x80,0x40,0x88,0x4F,0xFC,0x00,0x00,0x00,0x00,
    0x22,0x08,0x21,0x10,0x20,0xA0,0xFB,0xFC,0x20,0x40,0x20,0x40,0x33,0xF8,0x68,0x40,0x60,0x40,0xA7,0xFC,0xA0,0x40,0x20,0x40,
    0x20,0x40,0x20,0x40,0x00,0x00,0x00,0x00,0x20,0x08,0x23,0xFC,0x22,0x48,0xFA,0x48,0x22,0x48,0x2B,0xF8,0x32,0x48,0x62,0x48,
    0xA3,0xF8,0x22,0x48,0x22,0x48,0x24,0x48,0xA4,0x48,0x48,0x18,0x00,0x00,0x00,0x00,0x21,0x00,0x10,0x80,0x10,0x90,0x02,0x90,
    0x02,0x10,0xE2,0x10,0x21,0x20,0x21,0x20,0x20,0xA0,0x20,0x40,0x28,0xA0,0x31,0x10,0x22,0x0C,0x0C,0x08,0x00,0x00,0x00,0x00,
    0x00,0x10,0x1F,0xF8,0x10,0x10,0x1F,0xF0,0x10,0x10,0x7F,0xFC,0x00,0x00,0x1F,0xF0,0x11,0x10,0x1F,0xF0,0x11,0x10,0x3F,0xF8,
    0x01,0x00,0x7F,0xFC,0x00,0x00,0x00,0x00,0x10,0x80,0x10,0x80,0x57,0xF8,0x50,0x80,0x78,0x80,0x97,0xFC,0x90,0x20,0x18,0x20,
    0x37,0xFC,0xD2,0x20,0x11,0x20,0x10,0x20,0x10,0xA0,0x10,0x40,0x00,0x00,0x00,0x00,0x00,0x00,0x00,0x00,0x00,0x00,0x00,0x00,
    0x00,0x00,0x00,0x00,0x63,0x18,0x63,0x18,0x00,0x00,0x00,0x00,0x00,0x00,0x00,0x00,0x00,0x00,0x00,0x00,0x00,0x00,0x00,0x00,
    0x02,0x00,0x01,0x10,0x3F,0xF8,0x20,0x10,0x20,0x10,0x3F,0xF0,0x20,0x00,0x20,0x00,0x2F,0xF0,0x28,0x10,0x28,0x10,0x28,0x10,
    0x4F,0xF0,0x88,0x10,0x00,0x00,0x00,0x00,0x11,0x00,0x10,0x80,0x20,0x80,0x47,0xF8,0x90,0x80,0x10,0x80,0x20,0x80,0x60,0x90,
    0xA7,0xF8,0x20,0x80,0x20,0x80,0x20,0x80,0x20,0x88,0x2F,0xFC,0x00,0x00,0x00,0x00,0x06,0x08,0x78,0x08,0x08,0x48,0x08,0x48,
    0xFF,0x48,0x08,0x48,0x1C,0x48,0x2A,0x48,0x29,0x48,0x48,0x48,0x88,0x08,0x08,0x08,0x08,0x28,0x08,0x10,0x00,0x00,0x00,0x00,
    0x04,0x00,0x04,0x00,0x04,0x08,0x7F,0xFC,0x04,0x00,0x08,0x00,0x08,0x10,0x17,0xF8,0x10,0x80,0x20,0x80,0x40,0x80,0x80,0x80,
    0x00,0x88,0x3F,0xFC,0x00,0x00,0x00,0x00,0x20,0x40,0x20,0x48,0x27,0xFC,0x78,0x40,0x43,0xF0,0x7A,0x10,0xA3,0xF0,0x22,0x10,
    0xFB,0xF0,0x22,0x10,0x27,0xFC,0x29,0x10,0x32,0x08,0x2C,0x04,0x00,0x00,0x00,0x00,0x00,0x10,0x3F,0xF8,0x01,0x00,0x01,0x00,
    0x01,0x00,0x01,0x08,0xFF,0xFC,0x01,0x00,0x01,0x00,0x01,0x00,0x01,0x00,0x01,0x00,0x05,0x00,0x02,0x00,0x00,0x00,0x00,0x00,
    0x02,0x00,0x03,0xF8,0x02,0x00,0x3F,0xE0,0x20,0x20,0x3F,0xE0,0x20,0x20,0x3F,0xE0,0x02,0x08,0xFF,0xFC,0x06,0x80,0x0A,0x60,
    0x32,0x1C,0xC2,0x08,0x00,0x00,0x00,0x00,0x00,0x20,0x3F,0xF0,0x02,0x00,0x7F,0xF8,0x52,0x48,0x8A,0x80,0x3A,0x60,0x00,0x00,
    0x3F,0xF0,0x00,0x10,0x3F,0xF0,0x00,0x10,0x3F,0xF0,0x00,0x10,0x00,0x00,0x00,0x00,0x00,0x00,0x00,0x00,0x1E,0x00,0x08,0x00,
    0x08,0x00,0x08,0x00,0x08,0x00,0x08,0x00,0x08,0x00,0x08,0x20,0x08,0x20,0x1F,0xC0,0x00,0x00,0x00,0x00,0x00,0x00,0x00,0x00,
    0x00,0x00,0x00,0x00,0x1F,0xE0,0x08,0x20,0x08,0x00,0x08,0x40,0x0F,0xC0,0x08,0x40,0x08,0x00,0x08,0x00,0x08,0x20,0x1F,0xE0,
    0x00,0x00,0x00,0x00,0x00,0x00,0x00,0x00,0x00,0x00,0x00,0x00,0x38,0x70,0x10,0x20,0x08,0x20,0x08,0x40,0x04,0x40,0x04,0x80,
    0x02,0x80,0x03,0x00,0x01,0x00,0x01,0x00,0x00,0x00,0x00,0x00,0x00,0x00,0x00,0x00,0x00,0x00,0x00,0x00,0x03,0x80,0x01,0x00,
    0x01,0x00,0x01,0x00,0x01,0x00,0x01,0x00,0x01,0x00,0x01,0x00,0x01,0x00,0x03,0x80,0x00,0x00,0x00,0x00,0x00,0x00,0x00,0x00,
    0x12,0x00,0x12,0x08,0x22,0x3C,0x4F,0x80,0x92,0x00,0x2F,0xBC,0x62,0x10,0xA2,0x10,0x2F,0x90,0x22,0x10,0x22,0x10,0x23,0x90,
    0x2C,0x50,0x20,0x20,0x00,0x00,0x00,0x00,0x01,0x00,0x3F,0xF8,0x01,0x00,0x1F,0xF0,0x01,0x08,0x7F,0xFC,0x04,0x40,0x1F,0x80,
    0x02,0x20,0x3F,0xF8,0x09,0x48,0x11,0x20,0x65,0x18,0x02,0x00,0x00,0x00,0x00,0x00,0x11,0x20,0x11,0x20,0x17,0xFC,0xF9,0x20,
    0x11,0x20,0x10,0x00,0x1B,0xF8,0x32,0x48,0xD2,0x48,0x13,0xF8,0x12,0x48,0x12,0x48,0x53,0xF8,0x22,0x08,0x00,0x00,0x00,0x00,
    0x02,0x00,0x02,0x00,0x02,0x10,0x3F,0xF8,0x22,0x10,0x22,0x10,0x22,0x10,0x25,0x10,0x28,0xD0,0x30,0x50,0x20,0x10,0x20,0x10,
    0x20,0x50,0x20,0x20,0x00,0x00,0x00,0x00,0x10,0x00,0x10,0x08,0x11,0xFC,0xFD,0x08,0x25,0x08,0x25,0x08,0x25,0xF8,0x25,0x08,
    0x45,0x08,0x29,0xF8,0x11,0x08,0x28,0x00,0x44,0x00,0x83,0xFC,0x00,0x00,0x00,0x00,0x00,0x08,0xFF,0xFC,0x00,0x00,0x7C,0xF8,
    0x44,0x88,0x44,0x88,0x64,0xC8,0x54,0xA8,0x54,0xA8,0x44,0x88,0x44,0x88,0x44,0x88,0x54,0xA8,0x48,0x90,0x00,0x00,0x00,0x00,
    0x01,0x40,0xFD,0x20,0x09,0xFC,0x49,0x20,0x4B,0x20,0x7D,0xF8,0x09,0x20,0x19,0x20,0x29,0xF8,0x49,0x20,0x89,0x20,0x09,0x20,
    0x29,0xFC,0x11,0x00,0x00,0x00,0x00,0x00,0x0C,0x00,0x71,0xF8,0x40,0x88,0x44,0x88,0x4C,0x88,0x75,0x70,0x42,0x00,0x3F,0xF0,
    0x22,0x10,0x22,0x10,0x3F,0xF0,0x22,0x10,0x3F,0xF0,0x20,0x10,0x00,0x00,0x00,0x00,0x01,0x00,0x00,0x88,0x1F,0xFC,0x90,0x00,
    0x57,0xF8,0x10,0x80,0x37,0xF8,0xD4,0x88,0x14,0x88,0x15,0x48,0x26,0x28,0x24,0x08,0x44,0x28,0x84,0x10,0x00,0x00,0x00,0x00,
    0x00,0x00,0x00,0x00,0x00,0x00,0x00,0x00,0x00,0x00,0x00,0x08,0xFF,0xFC,0x00,0x00,0x00,0x00,0x00,0x00,0x00,0x00,0x00,0x00,
    0x00,0x00,0x00,0x00,0x00,0x00,0x00,0x00,0x20,0x40,0x22,0x48,0x21,0x50,0xFB,0xFC,0x20,0xE0,0x31,0x50,0x6A,0x4C,0x64,0x80,
    0xA7,0xFC,0xA1,0x10,0x21,0x20,0x20,0xC0,0x21,0x30,0x2E,0x08,0x00,0x00,0x00,0x00,0x08,0x20,0x04,0x20,0x04,0x40,0x00,0x00,
    0x3F,0xF8,0x01,0x00,0x01,0x00,0x7F,0xFC,0x02,0x80,0x02,0x80,0x04,0x40,0x08,0x20,0x10,0x10,0x60,0x0C,0x00,0x00,0x00,0x00,
    0x00,0x38,0x07,0xC0,0x7C,0x88,0x4A,0x50,0x48,0x00,0x4B,0xF8,0x78,0x80,0x4B,0xFC,0x49,0x00,0x49,0xF0,0x7A,0x90,0x44,0x60,
    0x08,0x90,0x13,0x0C,0x00,0x00,0x00,0x00,0x10,0x80,0x10,0x88,0x13,0xFC,0xFC,0x80,0x11,0x00,0x13,0xE0,0x1D,0x20,0x33,0xFC,
    0xD0,0x20,0x11,0x30,0x11,0x28,0x12,0x24,0x54,0xA4,0x20,0x40,0x00,0x00,0x00,0x00,0x00,0x08,0xFB,0xFC,0x10,0x40,0x13,0xF8,
    0x12,0x08,0x12,0x48,0x12,0x48,0x12,0x48,0x12,0x48,0x12,0x48,0x12,0x48,0x50,0x90,0x21,0x0C,0x06,0x04,0x00,0x00,0x00,0x00,
    0x10,0xA0,0x10,0xA0,0x10,0xA0,0xFB,0xBC,0x10,0xA0,0x10,0xA0,0x1B,0xBC,0x30,0xA0,0xD0,0xA0,0x17,0xBC,0x10,0xA0,0x10,0xA0,
    0x50,0xA0,0x20,0xA0,0x00,0x00,0x00,0x00,0x00,0x80,0xFE,0x80,0x04,0x80,0x08,0x80,0x08,0x80,0x0A,0x80,0x0C,0x80,0x38,0x80,
    0xC8,0x80,0x08,0x80,0x08,0x84,0x08,0x84,0x28,0x84,0x10,0x7C,0x00,0x00,0x00,0x00,0x10,0x40,0x10,0x40,0x14,0x48,0x25,0xE8,
    0x20,0x50,0x63,0xFC,0xAC,0x40,0x24,0xF8,0x25,0x88,0x26,0x88,0x24,0xF8,0x26,0x88,0x24,0xF8,0x20,0x88,0x00,0x00,0x00,0x00,
    0x04,0x80,0xFF,0xFC,0x04,0x90,0x5F,0xF8,0x50,0x40,0x57,0xC0,0x75,0x48,0x17,0xC8,0xF4,0xD0,0x57,0xA0,0x55,0x24,0x57,0xD4,
    0xA0,0x8C,0x43,0x04,0x00,0x00,0x00,0x00,0x09,0x00,0x08,0x80,0x10,0x80,0x17,0xFC,0x30,0x80,0x50,0x80,0x90,0x80,0x10,0x80,
    0x17,0xF8,0x10,0x80,0x10,0x80,0x10,0x80,0x10,0x88,0x1F,0xFC,0x00,0x00,0x00,0x00,0x02,0x00,0x01,0x00,0x7F,0xF8,0x40,0x08,
    0x80,0x10,0x01,0xE0,0x7E,0x00,0x02,0x00,0x03,0xF8,0xFE,0x00,0x02,0x00,0x02,0x08,0x02,0x08,0x01,0xF8,0x00,0x00,0x00,0x00,
    0x02,0x00,0x01,0x08,0x3F,0xFC,0x20,0x10,0x3C,0xE0,0x24,0x20,0x28,0x20,0x3D,0xFC,0x24,0x20,0x34,0x20,0x29,0xF8,0x4C,0x00,
    0x52,0x00,0xA1,0xFC,0x00,0x00,0x00,0x00,0x40,0x20,0x20,0x20,0x20,0x20,0x0F,0xFC,0x00,0x20,0xE4,0x20,0x22,0x20,0x21,0x20,
    0x20,0x20,0x20,0x20,0x20,0xA0,0x50,0x40,0x8C,0x00,0x03,0xFC,0x00,0x00,0x00,0x00,0x10,0x00,0x1F,0xC8,0x22,0x08,0x22,0x28,
    0x64,0xA8,0xAF,0xA8,0x20,0xA8,0x22,0x28,0x22,0x28,0x2F,0xA8,0x22,0x08,0x23,0x88,0x2C,0x28,0x20,0x10,0x00,0x00,0x00,0x00,
    0x20,0x10,0x20,0x10,0x27,0x90,0x20,0x90,0xF4,0xFC,0x22,0x90,0x71,0x10,0x69,0x50,0xAA,0xB0,0xA2,0x90,0x24,0x90,0x28,0x10,
    0x20,0x50,0x20,0x20,0x00,0x00,0x00,0x00,0x10,0x20,0x08,0x40,0x04,0x88,0xFF,0xFC,0x00,0x00,0x3E,0x50,0x22,0x50,0x3E,0x50,
    0x22,0x50,0x3E,0x50,0x22,0x50,0x22,0x10,0x2A,0x50,0x24,0x20,0x00,0x00,0x00,0x00,0x08,0x00,0x08,0x7C,0x08,0x44,0x7E,0x48,
    0x4A,0x48,0x4A,0x50,0x4A,0x48,0x7E,0x44,0x4A,0x44,0x4A,0x44,0x4A,0x64,0x7E,0x58,0x42,0x40,0x00,0x40,0x00,0x00,0x00,0x00,
    0x20,0x80,0x20,0x88,0x3E,0xFC,0x49,0x20,0x82,0x90,0x24,0xFC,0x25,0x40,0x26,0x20,0x04,0x10,0x3F,0xF0,0x24,0x90,0x24,0x90,
    0x24,0x90,0xFF,0xFC,0x00,0x00,0x00,0x00,0x10,0x40,0x10,0x48,0x3E,0xFC,0x49,0x20,0x82,0x10,0x3F,0xF8,0x20,0x00,0x2F,0xF0,
    0x21,0x00,0x27,0xE0,0x21,0x00,0x2F,0xF8,0x20,0x00,0x3F,0xF8,0x00,0x00,0x00,0x00,0x10,0x20,0x10,0x20,0x10,0x48,0x7D,0xFC,
    0x55,0x08,0x55,0x08,0x55,0x08,0x55,0xF8,0x55,0x08,0x55,0x08,0x5D,0x08,0x11,0x08,0x11,0xF8,0x11,0x08,0x00,0x00,0x00,0x00,
    0x02,0x00,0x02,0x20,0x07,0xF0,0x1C,0x20,0x62,0x40,0x01,0x80,0x0E,0x00,0x71,0x10,0x03,0xF8,0x0C,0x10,0x32,0x20,0x02,0xC0,
    0x07,0x00,0x78,0x00,0x00,0x00,0x00,0x00,0x08,0x40,0x08,0x48,0x7F,0xFC,0x08,0x40,0x0F,0xC0,0x08,0x40,0x0F,0xC0,0x01,0x00,
    0xFF,0xFC,0x05,0x80,0x09,0x40,0x11,0x20,0x21,0x1C,0xC1,0x08,0x00,0x00,0x00,0x00,0x00,0x00,0x00,0x08,0x7F,0xFC,0x01,0x00,
    0x01,0x00,0x11,0x00,0x11,0x10,0x11,0xF8,0x11,0x00,0x11,0x00,0x11,0x00,0x11,0x00,0x11,0x08,0xFF,0xFC,0x00,0x00,0x00,0x00,
    0x00,0x10,0xFB,0xF8,0x22,0x10,0x22,0x90,0x22,0x90,0xFA,0x90,0x22,0x90,0x22,0x90,0x22,0xD0,0x20,0xC0,0x39,0x44,0xC1,0x44,
    0x02,0x44,0x0C,0x3C,0x00,0x00,0x00,0x00,0x00,0x40,0x78,0x40,0x48,0xA0,0x51,0x10,0x52,0x08,0x65,0xF4,0x50,0x40,0x48,0x40,
    0x4F,0xF8,0x68,0x40,0x52,0x50,0x44,0x48,0x49,0x44,0x40,0x80,0x00,0x00,0x00,0x00,0x01,0x00,0x00,0x88,0x9F,0xFC,0x50,0x00,
    0x57,0xF0,0x11,0x40,0x37,0xF8,0x54,0x88,0x97,0xF8,0x14,0x88,0x27,0xF8,0x24,0x88,0x44,0x88,0x84,0x98,0x00,0x00,0x00,0x00,
    0x08,0x40,0x04,0x40,0x04,0x80,0x7F,0xF8,0x04,0x40,0x04,0x40,0x04,0x40,0xFF,0xFC,0x04,0x40,0x04,0x40,0x04,0x40,0x08,0x40,
    0x10,0x40,0x60,0x40,0x00,0x00,0x00,0x00,0x00,0x08,0x7F,0xFC,0x40,0x08,0x40,0x08,0x4F,0xC8,0x48,0x48,0x48,0x48,0x48,0x48,
    0x4F,0xC8,0x48,0x48,0x40,0x08,0x40,0x08,0x7F,0xF8,0x40,0x08,0x00,0x00,0x00,0x00,0x08,0x10,0x0F,0xF8,0x10,0x00,0x2F,0xE0,
    0x48,0x20,0x0F,0xE0,0x08,0x20,0x0F,0xE0,0x08,0x00,0x0F,0xE0,0x12,0x40,0x21,0x80,0x06,0x60,0x78,0x1C,0x00,0x00,0x00,0x00,
    0x10,0x40,0x08,0x40,0x08,0x40,0xFF,0x88,0x24,0xFC,0x22,0x88,0x41,0x88,0xA4,0x90,0x14,0x50,0x08,0x50,0x14,0x20,0x22,0x50,
    0x41,0x88,0x86,0x04,0x00,0x00,0x00,0x00,0x00,0x10,0x1F,0xF8,0x11,0x10,0x1F,0xF0,0x11,0x10,0x11,0x10,0x1F,0xF0,0x01,0x00,
    0x7F,0xFC,0x05,0x80,0x09,0x40,0x11,0x20,0x61,0x1C,0x01,0x00,0x00,0x00,0x00,0x00,0x10,0x40,0x10,0x40,0x13,0xF8,0xF8,0x40,
    0x10,0x40,0x17,0xFC,0x18,0x20,0x30,0x20,0xD7,0xFC,0x12,0x20,0x11,0x20,0x11,0x20,0x50,0x20,0x20,0x60,0x00,0x00,0x00,0x00,
    0x20,0x40,0x20,0x40,0x23,0xF8,0x48,0x40,0x4B,0xFC,0xF2,0x04,0x11,0x48,0x22,0x40,0xF9,0x40,0x47,0xFC,0x18,0x40,0xE0,0xA0,
    0x41,0x18,0x0E,0x08,0x00,0x00,0x00,0x00,0x20,0x08,0x17,0xFC,0x50,0x08,0x40,0x08,0x47,0xC8,0x44,0x48,0x44,0x48,0x47,0xC8,
    0x44,0x48,0x44,0x48,0x47,0xC8,0x40,0x08,0x40,0x28,0x40,0x10,0x00,0x00,0x00,0x00,0x11,0x00,0x11,0x08,0x13,0xFC,0x22,0x00,
    0x24,0x80,0x68,0x88,0xA7,0xFC,0x20,0x88,0x20,0x88,0x20,0x88,0x21,0x08,0x21,0x08,0x22,0x50,0x2C,0x20,0x00,0x00,0x00,0x00,
    0x10,0x00,0x10,0xF0,0x3C,0x90,0x24,0x90,0x34,0x9C,0x2D,0x00,0x27,0xF0,0xFD,0x10,0x24,0x90,0x34,0xA0,0x2C,0x40,0x44,0xA0,
    0x55,0x1C,0x8A,0x08,0x00,0x00,0x00,0x00,0x00,0x00,0x0F,0xBC,0x72,0xA4,0x52,0xA8,0x52,0xA8,0x5F,0xB0,0x52,0xA8,0x52,0xA8,
    0x7F,0xA4,0x54,0xA4,0x04,0xB4,0x08,0xA8,0x13,0x20,0x20,0x20,0x00,0x00,0x00,0x00,0x00,0x08,0x03,0xFC,0x7A,0x08,0x4A,0x08,
    0x4B,0xF8,0x4A,0x08,0x4A,0x80,0x4A,0x98,0x7A,0xA0,0x4A,0xC0,0x44,0x84,0x04,0x84,0x08,0x7C,0x10,0x00,0x00,0x00,0x00,0x00,
    0x10,0x20,0x0C,0x40,0x03,0x80,0x1C,0x60,0x02,0x00,0xFF,0xFC,0x09,0x00,0x11,0x10,0x3F,0xF8,0x51,0x10,0x91,0x10,0x11,0x50,
    0x11,0x20,0x01,0x00,0x00,0x00,0x00,0x00,0x10,0x00,0x09,0xF8,0xFD,0x08,0x21,0xF8,0x21,0x08,0x25,0xF8,0x39,0x08,0x22,0x10,
    0x7F,0xF8,0x02,0x00,0x3F,0xF0,0x02,0x00,0x02,0x08,0xFF,0xFC,0x00,0x00,0x00,0x00,0x10,0x40,0x10,0x40,0x11,0x40,0xFD,0x48,
    0x25,0x7C,0x27,0xC8,0x25,0x48,0x25,0x48,0x45,0x68,0x29,0x50,0x11,0x40,0x29,0x04,0x45,0x04,0x80,0xFC,0x00,0x00,0x00,0x00,
    0x00,0x10,0x7F,0xF8,0x02,0x00,0x22,0x10,0x12,0x20,0x0A,0x40,0x02,0x08,0xFF,0xFC,0x02,0x00,0x02,0x00,0x02,0x00,0x02,0x00,
    0x02,0x00,0x02,0x00,0x00,0x00,0x00,0x00,0x01,0x00,0x7F,0xFC,0x01,0x00,0x1F,0xF0,0x11,0x10,0x1F,0xF0,0x01,0x00,0x3F,0xF0,
    0x01,0x10,0xFF,0xFC,0x01,0x10,0x3F,0xF0,0x01,0x00,0x03,0x00,0x00,0x00,0x00,0x00,0x00,0x80,0x0E,0xA0,0x78,0x90,0x08,0x90,
    0x7F,0xF8,0x08,0x80,0x08,0x90,0x0E,0x90,0x18,0xA0,0xE8,0x40,0x08,0xC4,0x0B,0x24,0x28,0x14,0x10,0x0C,0x00,0x00,0x00,0x00,
    0x20,0x80,0x20,0x40,0x23,0xF8,0xF9,0x10,0x20,0xA0,0x27,0xFC,0x22,0x50,0x3B,0xF0,0xE2,0x50,0x23,0xF0,0x20,0x40,0x27,0xF8,
    0xA0,0x40,0x4F,0xFC,0x00,0x00,0x00,0x00,0x01,0x00,0x01,0x00,0x11,0x00,0x11,0x30,0x11,0xD0,0x1F,0x10,0xF1,0x10,0x11,0x10,
    0x11,0x50,0x11,0x20,0x11,0x04,0x10,0x04,0x10,0x04,0x0F,0xFC,0x00,0x00,0x00,0x00,0x00,0x80,0x78,0x40,0x4F,0xF8,0x51,0x20,
    0x5F,0xFC,0x60,0x00,0x53,0xF0,0x4A,0x90,0x4A,0x50,0x6B,0xF0,0x50,0x80,0x4F,0xFC,0x40,0x80,0x40,0x80,0x00,0x00,0x00,0x00,
    0x01,0x00,0x01,0x20,0x3F,0xF0,0x01,0x00,0x01,0x00,0xFF,0xFC,0x01,0x00,0x11,0x00,0x11,0x10,0x11,0xF8,0x11,0x00,0x29,0x00,
    0x47,0x00,0x81,0xFC,0x00,0x00,0x00,0x00,0x10,0x40,0x10,0x40,0x20,0xA0,0xFC,0xA0,0x21,0x10,0x52,0x0C,0x7D,0x00,0x11,0x10,
    0x11,0x20,0x3D,0xC0,0xD1,0x08,0x11,0x08,0x11,0x08,0x10,0xF8,0x00,0x00,0x00,0x00,0x20,0x80,0x20,0x90,0x27,0xF8,0xF8,0x80,
    0x25,0x60,0x22,0x10,0x37,0xFC,0x68,0x10,0x63,0xD0,0xA2,0x50,0xA3,0xD0,0x22,0x50,0x20,0x10,0x20,0x30,0x00,0x00,0x00,0x00,
    0x08,0x00,0x08,0x08,0x1F,0xFC,0x14,0x00,0x27,0xF0,0x44,0x00,0x04,0x10,0x07,0xF8,0x04,0x00,0x0A,0x10,0x29,0x08,0x29,0x24,
    0x48,0x20,0x07,0xE0,0x00,0x00,0x00,0x00,0x02,0x00,0x01,0x10,0x3F,0xF8,0x04,0x40,0x7F,0xFC,0x00,0x00,0x1F,0xE0,0x10,0x20,
    0x1F,0xE0,0x10,0x20,0x1F,0xE0,0x04,0x84,0x08,0x84,0xF0,0x7C,0x00,0x00,0x00,0x00,0x00,0x00,0x7F,0xF8,0x40,0x08,0x64,0x28,
    0x55,0x48,0x49,0x48,0x48,0x88,0x54,0x88,0x55,0x48,0x62,0x28,0x40,0x08,0x40,0x08,0x40,0x28,0x40,0x10,0x00,0x00,0x00,0x00,
    0x10,0x10,0x10,0x10,0x10,0x10,0x7E,0x10,0x11,0xFC,0x10,0x10,0xFE,0x10,0x10,0x90,0x10,0x50,0x7E,0x50,0x10,0x10,0x1E,0x10,
    0xF0,0x50,0x40,0x20,0x00,0x00,0x00,0x00,0x00,0x08,0xFF,0xFC,0x08,0x80,0x08,0x80,0x10,0x88,0x1E,0x98,0x22,0xA0,0x22,0xC0,
    0x54,0x80,0x94,0x80,0x08,0x84,0x10,0x84,0x20,0x84,0xC0,0x7C,0x00,0x00,0x00,0x00,0x00,0x00,0x00,0x00,0x18,0x00,0x18,0x00,
    0x18,0x00,0x18,0x00,0x18,0x00,0x18,0x00,0x00,0x00,0x00,0x00,0x18,0x00,0x18,0x00,0x00,0x00,0x00,0x00,0x00,0x00,0x00,0x00,
    0x02,0x00,0x01,0x08,0x3F,0xFC,0x20,0x00,0x20,0x70,0x2F,0x80,0x28,0x90,0x2F,0xF8,0x28,0x40,0x28,0x40,0x29,0x44,0x4A,0x24,
    0x4D,0x14,0x88,0x8C,0x00,0x00,0x00,0x00,0x10,0x08,0x11,0xFC,0x11,0x08,0xFD,0xF8,0x11,0x08,0x39,0xF8,0x55,0x08,0x91,0xF8,
    0x11,0x00,0x0A,0x10,0x29,0x08,0x28,0xA4,0x48,0x20,0x07,0xE0,0x00,0x00,0x00,0x00,0x10,0x08,0x10,0xFC,0x10,0x88,0xFE,0x88,
    0x10,0xF8,0x10,0x88,0x7C,0x88,0x44,0x88,0x44,0xF8,0x44,0x88,0x7C,0x88,0x45,0x08,0x42,0x28,0x04,0x10,0x00,0x00,0x00,0x00,
    0x00,0x08,0x3F,0xFC,0x20,0x08,0x2F,0xE8,0x20,0x08,0x20,0x08,0x27,0xC8,0x24,0x48,0x24,0x48,0x27,0xC8,0x24,0x48,0x20,0x08,
    0x20,0x28,0x20,0x10,0x00,0x00,0x00,0x00,0x02,0x00,0x02,0x10,0x7F,0xF8,0x05,0x00,0x08,0xC0,0x10,0x20,0xFF,0xFC,0x00,0x20,
    0x1F,0x20,0x11,0x20,0x11,0x20,0x1F,0x20,0x11,0x20,0x00,0x60,0x00,0x00,0x00,0x00,0x00,0x20,0x7F,0xF0,0x02,0x00,0x02,0x00,
    0x02,0x08,0xFF,0xFC,0x02,0x00,0x03,0x00,0x04,0x80,0x04,0x80,0x08,0x40,0x10,0x20,0x20,0x1C,0xC0,0x08,0x00,0x00,0x00,0x00,
    0x10,0x40,0x10,0x50,0x7C,0x48,0x11,0xFC,0x11,0x40,0xFF,0x48,0x11,0x48,0x51,0x28,0x5D,0x10,0x51,0xB4,0x50,0x4C,0x70,0x84,
    0x8C,0x00,0x83,0xFC,0x00,0x00,0x00,0x00,0x00,0xE0,0x3F,0x00,0x21,0x00,0x3F,0xF8,0x21,0x00,0x20,0x84,0x2C,0x64,0x30,0x1C,
    0x1F,0xE0,0x10,0x20,0x1F,0xE0,0x10,0x20,0x10,0x20,0x1F,0xE0,0x00,0x00,0x00,0x00,0x08,0x08,0x13,0xFC,0x20,0x40,0x41,0xF8,
    0x89,0x08,0x11,0x48,0x21,0x48,0x41,0x48,0x89,0x48,0x09,0x48,0x10,0x60,0x20,0x90,0xC1,0x08,0x06,0x04,0x00,0x00,0x00,0x00,
    0x40,0x80,0x20,0x80,0x27,0xF0,0x04,0x10,0x04,0x10,0xE7,0xF0,0x24,0x00,0x27,0xF0,0x24,0x10,0x24,0x10,0x27,0xF0,0x54,0x10,
    0x88,0x00,0x07,0xFC,0x00,0x00,0x00,0x00,0x10,0x80,0x1F,0xF8,0x20,0x00,0x23,0xF0,0x62,0x10,0xA3,0xF0,0x20,0x00,0x2F,0xFC,
    0x28,0x04,0x23,0xF0,0x20,0x40,0x20,0x40,0x21,0x40,0x20,0x80,0x00,0x00,0x00,0x00,0x09,0x00,0x09,0x00,0x11,0x08,0x13,0xFC,
    0x32,0x08,0x54,0x50,0x98,0x40,0x12,0x50,0x12,0x48,0x12,0x48,0x14,0x44,0x18,0x44,0x11,0x40,0x10,0x80,0x00,0x00,0x00,0x00,
    0x01,0x00,0x79,0x3C,0x49,0x24,0x4F,0xE4,0x79,0x24,0x49,0x24,0x4F,0xE4,0x79,0x24,0x4A,0x24,0x4C,0xA4,0x4F,0xF4,0x48,0x28,
    0xA8,0x20,0x90,0x20,0x00,0x00,0x00,0x00,0x01,0x00,0x01,0x00,0x11,0xF0,0x11,0x00,0x11,0x00,0x7F,0xFC,0x00,0x00,0x09,0x00,
    0x09,0x10,0x11,0x20,0x21,0x40,0x41,0x80,0x06,0x00,0x78,0x00,0x00,0x00,0x00,0x00,0x01,0x00,0x01,0x08,0xFF,0xFC,0x01,0x00,
    0x3F,0xF0,0x00,0x00,0x3F,0xF0,0x21,0x10,0x21,0x10,0x3F,0xF0,0x20,0x00,0x20,0x00,0x40,0x00,0x80,0x00,0x00,0x00,0x00,0x00,
    0x10,0x40,0x1E,0xFC,0x29,0x20,0x44,0x10,0x93,0xF8,0x28,0x08,0x27,0xC8,0x24,0x48,0x24,0x48,0x27,0xC8,0x24,0x48,0x27,0xC8,
    0x20,0x28,0x20,0x10,0x00,0x00,0x00,0x00,0x02,0x00,0x02,0x08,0x7F,0xFC,0x02,0x00,0x1F,0xE0,0x10,0x20,0x1F,0xE0,0x10,0x20,
    0x1F,0xE0,0x10,0x20,0x10,0x20,0x1F,0xE0,0x10,0x28,0xFF,0xFC,0x00,0x00,0x00,0x00,0x02,0x00,0x04,0x10,0x3F,0xF8,0x22,0x10,
    0x3F,0xF0,0x22,0x10,0x22,0x10,0x3F,0xF0,0x05,0x00,0x05,0x20,0x09,0x50,0x11,0x74,0x21,0x04,0xC0,0xFC,0x00,0x00,0x00,0x00,
    0x20,0x50,0x20,0x48,0x20,0x48,0x27,0xFC,0xFC,0x40,0x24,0x40,0x27,0xA4,0x24,0xA4,0x24,0xA8,0x34,0xA8,0xC6,0x94,0x09,0x34,
    0x08,0x4C,0x11,0x84,0x00,0x00,0x00,0x00,0x02,0x00,0x02,0x10,0x7F,0xF8,0x02,0x00,0x1F,0xC0,0x10,0x40,0x1F,0xC0,0x10,0x40,
    0x1F,0xC0,0x10,0x40,0xFF,0xFC,0x08,0x40,0x10,0x20,0x60,0x10,0x00,0x00,0x00,0x00,0x00,0x00,0x00,0x00,0x00,0x00,0x00,0x00,
    0x00,0x00,0x00,0x00,0x00,0x00,0x3F,0xF8,0x00,0x00,0x00,0x00,0x00,0x00,0x00,0x00,0x00,0x00,0x00,0x00,0x00,0x00,0x00,0x00,
    0x20,0x40,0x22,0x48,0x3D,0x50,0x40,0x40,0x43,0xF8,0xFA,0x08,0x22,0x48,0x22,0x48,0xFE,0x48,0x22,0x48,0x22,0x48,0x28,0xB0,
    0x31,0x08,0x06,0x04,0x00,0x00,0x00,0x00,0x02,0x00,0x01,0x10,0x3F,0xF8,0x20,0x10,0x3F,0xF0,0x20,0x00,0x3E,0xF8,0x22,0x48,
    0x2A,0x28,0x26,0x18,0x2A,0x68,0x52,0x88,0x4A,0x28,0x84,0x10,0x00,0x00,0x00,0x00,0x03,0x00,0x04,0x80,0x08,0x60,0x37,0xDC,
    0xC0,0x08,0x0F,0xE0,0x08,0x20,0x3F,0xF0,0x01,0x00,0x1F,0xF0,0x01,0x00,0x7F,0xF8,0x01,0x00,0x03,0x00,0x00,0x00,0x00,0x00,
    0x10,0x00,0x10,0x00,0x10,0x08,0xFE,0xFC,0x22,0x88,0x22,0x88,0x22,0x88,0x42,0x88,0x24,0x88,0x14,0x88,0x08,0x88,0x14,0xF8,
    0x22,0x88,0xC0,0x00,0x00,0x00,0x00,0x00,0x11,0x00,0x11,0x10,0x11,0xF8,0x92,0x10,0x55,0x20,0x51,0x40,0x10,0x90,0x11,0x10,
    0x37,0xFC,0x52,0x10,0x91,0x10,0x10,0x10,0x10,0x50,0x10,0x20,0x00,0x00,0x00,0x00,0x00,0x10,0xFF,0xF8,0x02,0x00,0x3F,0xE0,
    0x22,0x20,0x22,0x20,0x3F,0xE0,0x22,0x20,0x22,0x20,0xFF,0xFC,0x20,0x20,0x20,0x20,0x20,0xA0,0x20,0x40,0x00,0x00,0x00,0x00,
    0x10,0x20,0x13,0xF0,0x20,0x20,0x24,0x40,0x44,0xA0,0xF9,0x18,0x16,0x04,0x20,0x00,0x5B,0xF8,0x60,0x40,0x00,0x40,0x18,0x40,
    0xE0,0x48,0x07,0xFC,0x00,0x00,0x00,0x00,0x00,0x08,0x3F,0xFC,0x21,0x00,0x21,0x00,0x21,0x00,0x2F,0xF8,0x21,0x08,0x21,0x08,
    0x21,0x08,0x22,0x08,0x42,0x08,0x44,0x08,0x88,0x50,0x90,0x20,0x00,0x00,0x00,0x00,0x10,0x40,0x10,0x40,0x10,0x88,0x13,0xFC,
    0x5A,0x08,0x56,0x08,0x92,0x08,0x13,0xF8,0x12,0x08,0x12,0x08,0x12,0x08,0x12,0x08,0x13,0xF8,0x12,0x08,0x00,0x00,0x00,0x00,
    0x10,0x80,0x10,0x88,0x3E,0xFC,0x29,0x20,0x44,0x10,0x81,0xE0,0x7E,0x00,0x03,0xF0,0x3E,0x00,0x03,0xF8,0xFE,0x00,0x02,0x04,
    0x02,0x04,0x01,0xFC,0x00,0x00,0x00,0x00,0x00,0x10,0x00,0x10,0xFC,0x10,0x04,0x10,0x45,0xFC,0x28,0x10,0x29,0x10,0x10,0x90,
    0x10,0x90,0x28,0x90,0x24,0x10,0x44,0x10,0x80,0x50,0x00,0x20,0x00,0x00,0x00,0x00,0x08,0x40,0x08,0x40,0x7F,0xF8,0x08,0x40,
    0x0F,0xC0,0x08,0x40,0x08,0x40,0x0F,0xC0,0x08,0x40,0xFF,0xF8,0x00,0x00,0x08,0x40,0x10,0x20,0x60,0x18,0x00,0x00,0x00,0x00,
    0x12,0x20,0x12,0x20,0x22,0x20,0x22,0x48,0x6F,0x7C,0xA2,0xC8,0x22,0x48,0x2F,0x50,0x29,0x50,0x29,0x20,0x29,0x20,0x2F,0x50,
    0x28,0x88,0x21,0x04,0x00,0x00,0x00,0x00,0x08,0x40,0x1C,0x40,0xF0,0x40,0x10,0x48,0xFD,0xFC,0x11,0x48,0x19,0x48,0x35,0x48,
    0x55,0xF8,0x51,0x48,0x90,0x40,0x10,0x40,0x10,0x40,0x10,0x40,0x00,0x00,0x00,0x00,0x10,0x20,0x13,0xF0,0x10,0x20,0x28,0x20,
    0x2B,0xFC,0x69,0x00,0xA9,0xF8,0x2A,0x40,0x28,0x40,0x2F,0xFC,0x28,0xA0,0x29,0x10,0x22,0x0C,0x24,0x08,0x00,0x00,0x00,0x00,
    0x20,0x08,0x11,0xFC,0x11,0x08,0xF9,0x48,0x09,0x48,0x11,0x48,0x31,0x48,0x59,0x48,0x95,0x68,0x10,0xA0,0x10,0xA0,0x11,0x24,
    0x12,0x24,0x14,0x1C,0x00,0x00,0x00,0x00,0x00,0x40,0x02,0x40,0xFA,0x40,0x23,0xF8,0x24,0x40,0x20,0x40,0xFB,0xFC,0x20,0x40,
    0x20,0xE0,0x21,0x50,0x3A,0x48,0xE4,0x4C,0x08,0x40,0x00,0x40,0x00,0x00,0x00,0x00,0x10,0x00,0x10,0x70,0x17,0x80,0x20,0x80,
    0x20,0x80,0x60,0x80,0xA0,0x88,0x2F,0xFC,0x20,0x80,0x20,0x80,0x20,0x80,0x20,0x80,0x20,0x80,0x27,0xF8,0x00,0x00,0x00,0x00,
    0x10,0x00,0x10,0x08,0x17,0xFC,0x20,0x10,0x20,0x10,0x67,0x90,0xA4,0x90,0x24,0x90,0x24,0x90,0x27,0x90,0x24,0x10,0x20,0x10,
    0x20,0x50,0x20,0x20,0x00,0x00,0x00,0x00,0x00,0x08,0x3E,0x08,0x22,0x48,0x22,0x48,0x3E,0x48,0x22,0x48,0x08,0x48,0x7F,0x48,
    0x09,0x48,0x09,0x48,0x11,0x48,0x21,0x08,0x4A,0x28,0x84,0x10,0x00,0x00,0x00,0x00,0x10,0x08,0x13,0xFC,0x12,0x48,0xFA,0x48,
    0x12,0x48,0x12,0x48,0x1B,0xF8,0x32,0x00,0xD2,0x00,0x12,0x00,0x12,0x04,0x12,0x04,0x52,0x04,0x21,0xFC,0x00,0x00,0x00,0x00,
    0x00,0x08,0x03,0xFC,0x7A,0x48,0x4A,0x48,0x4A,0x48,0x4A,0x48,0x4B,0xF8,0x4A,0x00,0x4A,0x00,0x7A,0x00,0x4A,0x04,0x02,0x04,
    0x02,0x04,0x01,0xFC,0x00,0x00,0x00,0x00,0x22,0x10,0x11,0x10,0x11,0x20,0x03,0xF0,0x02,0x10,0xE2,0x10,0x22,0x10,0x23,0xF0,
    0x20,0xA0,0x20,0xA0,0x29,0x20,0x31,0x24,0x22,0x24,0x0C,0x3C,0x00,0x00,0x00,0x00,0x01,0x00,0x11,0x00,0x11,0x20,0x1F,0xF0,
    0x21,0x00,0x41,0x00,0x01,0x08,0xFF,0xFC,0x04,0x80,0x04,0x80,0x08,0x80,0x10,0x84,0x20,0x84,0xC0,0x7C,0x00,0x00,0x00,0x00,
    0x00,0x20,0x1F,0xF0,0x10,0x20,0x10,0x20,0x10,0x20,0x10,0x20,0x10,0x20,0x1F,0xE0,0x00,0x00,0x08,0x40,0x08,0x20,0x10,0x10,
    0x20,0x08,0xC0,0x08,0x00,0x00,0x00,0x00,0x40,0x10,0x23,0xF8,0x22,0x10,0x02,0x10,0x02,0x10,0xE3,0xF0,0x22,0x00,0x22,0x40,
    0x22,0x20,0x24,0x10,0x28,0x08,0x50,0x00,0x8F,0xFC,0x00,0x00,0x00,0x00,0x00,0x00,0x08,0x80,0x08,0x80,0x28,0x88,0x2E,0xB0,
    0x28,0xC0,0x28,0x84,0x28,0x84,0x3E,0x7C,0xE0,0x00,0x00,0x00,0x3F,0xF0,0x00,0x00,0x00,0x00,0x7F,0xFC,0x00,0x00,0x00,0x00,
    0x10,0x40,0x08,0x40,0x04,0x88,0xFF,0xFC,0x02,0x00,0x1F,0xE0,0x10,0x20,0x1F,0xE0,0x10,0x20,0x10,0x20,0x1F,0xE0,0x10,0x20,
    0x1F,0xE0,0x10,0x20,0x00,0x00,0x00,0x00,0x08,0x40,0x08,0x40,0x7E,0xF8,0x08,0x60,0x1C,0xD0,0x29,0x48,0x48,0x44,0x04,0x00,
    0x07,0xF0,0x08,0x20,0x34,0x40,0x04,0x80,0x03,0x00,0x7C,0x00,0x00,0x00,0x00,0x00,0x02,0x00,0x01,0x08,0xFF,0xFC,0x14,0x90,
    0x13,0x10,0x14,0x90,0x1F,0xF0,0x02,0x00,0x3F,0xF8,0x24,0x88,0x28,0x48,0x2F,0xE8,0x20,0x08,0x20,0x18,0x00,0x00,0x00,0x00,
    0x02,0x00,0x01,0x00,0x7F,0xF8,0x40,0x08,0x80,0x10,0x08,0x00,0x08,0x40,0x09,0x80,0x0E,0x00,0x08,0x00,0x08,0x08,0x08,0x08,
    0x08,0x08,0x07,0xF8,0x00,0x00,0x00,0x00,0x10,0x40,0x10,0x40,0x10,0x40,0x10,0x88,0xFE,0xFC,0x11,0x08,0x12,0x88,0x7C,0x88,
    0x44,0x50,0x44,0x50,0x44,0x20,0x7C,0x50,0x44,0x88,0x43,0x04,0x00,0x00,0x00,0x00,0x00,0x10,0x01,0x38,0x79,0xC0,0x49,0x00,
    0x49,0x08,0x49,0xFC,0x49,0x20,0x49,0x20,0x79,0x20,0x4A,0x20,0x02,0x20,0x04,0x20,0x08,0x20,0x10,0x20,0x00,0x00,0x00,0x00,
    0x02,0x00,0x01,0x00,0x7F,0xF8,0x40,0x08,0x88,0x20,0x12,0x90,0x62,0x48,0x02,0x00,0x7F,0xFC,0x05,0x00,0x04,0x80,0x08,0x40,
    0x10,0x3C,0xE0,0x08,0x00,0x00,0x00,0x00,0x00,0x80,0x00,0x80,0x01,0x08,0x77,0xFC,0x54,0x08,0x55,0xE8,0x55,0x28,0x55,0x28,
    0x55,0x28,0x75,0xE8,0x45,0x28,0x04,0x08,0x04,0x28,0x04,0x10,0x00,0x00,0x00,0x00,0x10,0x40,0x10,0x48,0x3E,0xFC,0x49,0x20,
    0x84,0x10,0x3F,0xF8,0x20,0x08,0x2F,0xE8,0x20,0x08,0x27,0xC8,0x24,0x48,0x27,0xC8,0x20,0x28,0x20,0x10,0x00,0x00,0x00,0x00,
    0x00,0x10,0x7F,0xF8,0x40,0x00,0x40,0x20,0x48,0x20,0x44,0x40,0x42,0x80,0x41,0x00,0x42,0x80,0x44,0x60,0x58,0x20,0x40,0x00,
    0x40,0x10,0x7F,0xF8,0x00,0x00,0x00,0x00,0x10,0x80,0x10,0x80,0x23,0xF8,0x48,0x80,0x88,0x80,0x17,0xFC,0x20,0x20,0x67,0xFC,
    0xA0,0x20,0x22,0x20,0x21,0x20,0x20,0x20,0x20,0xA0,0x20,0x40,0x00,0x00,0x00,0x00,0x01,0x10,0x79,0x10,0x49,0x10,0x4A,0x10,
    0x53,0xFC,0x56,0x10,0x4A,0x90,0x4A,0x50,0x4A,0x50,0x6A,0x10,0x52,0x10,0x42,0x10,0x42,0x50,0x42,0x20,0x00,0x00,0x00,0x00,
    0x00,0x10,0x1F,0xF8,0x10,0x10,0x10,0x10,0x1F,0xF0,0x11,0x00,0x10,0x80,0x14,0x40,0x23,0x20,0x20,0x9C,0x40,0x08,0x8E,0x00,
    0x01,0x80,0x00,0x40,0x00,0x00,0x00,0x00,0x20,0x80,0x20,0x80,0x20,0x90,0x37,0xF8,0xA8,0x90,0xA8,0x90,0xA0,0x90,0x2F,0xFC,
    0x20,0x80,0x21,0x40,0x21,0x40,0x22,0x20,0x24,0x1C,0x28,0x08,0x00,0x00,0x00,0x00,0x08,0x10,0x09,0xF8,0x7E,0x20,0x08,0x20,
    0x08,0x20,0xFE,0x20,0x09,0xFC,0x08,0x20,0x28,0x20,0x2E,0x20,0x28,0x20,0x58,0x20,0x4C,0x00,0x83,0xFC,0x00,0x00,0x00,0x00,
    0x02,0x00,0x02,0x00,0x04,0x10,0x3F,0xF8,0x20,0x10,0x20,0x10,0x20,0x10,0x3F,0xF0,0x20,0x10,0x20,0x10,0x20,0x10,0x20,0x10,
    0x3F,0xF0,0x20,0x10,0x00,0x00,0x00,0x00,0x10,0x00,0x10,0x00,0x20,0x08,0x3E,0xFC,0x48,0x88,0x88,0x88,0x08,0x88,0xFE,0x88,
    0x08,0x88,0x08,0x88,0x14,0x88,0x22,0xF8,0x42,0x88,0x80,0x00,0x00,0x00,0x00,0x00,0x40,0x10,0x23,0xF8,0x22,0x10,0x02,0x10,
    0x03,0xF0,0xE0,0x00,0x23,0xF8,0x20,0x40,0x27,0xFC,0x20,0x40,0x28,0xA0,0x31,0x10,0x22,0x0C,0x0C,0x08,0x00,0x00,0x00,0x00,
    0x00,0x08,0xFF,0xFC,0x04,0x00,0x04,0x00,0x04,0x20,0x07,0xF0,0x04,0x20,0x04,0x20,0x04,0x20,0x08,0x20,0x08,0x20,0x10,0x20,
    0x21,0x40,0xC0,0x80,0x00,0x00,0x00,0x00,0x00,0x10,0x3F,0xF8,0x00,0x10,0x00,0x10,0x20,0x10,0x3F,0xF0,0x20,0x10,0x20,0x00,
    0x20,0x00,0x20,0x00,0x20,0x08,0x20,0x08,0x1F,0xF8,0x00,0x00,0x00,0x00,0x00,0x00,0x00,0x80,0x00,0x80,0x00,0x80,0x00,0x88,
    0x7F,0xFC,0x01,0x80,0x02,0x80,0x04,0x80,0x08,0x80,0x10,0x80,0x20,0x80,0xC0,0x80,0x02,0x80,0x01,0x00,0x00,0x00,0x00,0x00,
    0x01,0x00,0x21,0x10,0x11,0x20,0x09,0x40,0x01,0x00,0x3F,0xF8,0x00,0x08,0x00,0x08,0x00,0x08,0x3F,0xF8,0x00,0x08,0x00,0x08,
    0x3F,0xF8,0x00,0x08,0x00,0x00,0x00,0x00,0x10,0x00,0x10,0x00,0x10,0x08,0xFD,0xFC,0x11,0x08,0x11,0x08,0x1D,0x08,0x31,0x08,
    0xD1,0x08,0x11,0x08,0x11,0x08,0x11,0xF8,0x51,0x08,0x20,0x00,0x00,0x00,0x00,0x00,0x02,0x00,0x01,0x00,0x7F,0xF8,0x40,0x08,
    0x80,0x10,0x3F,0xE0,0x02,0x00,0x02,0x00,0x3F,0xE0,0x02,0x00,0x02,0x40,0x02,0x20,0x02,0x00,0xFF,0xF8,0x00,0x00,0x00,0x00,
    0x00,0x70,0x3F,0x80,0x01,0x00,0x01,0x00,0x3F,0xF0,0x01,0x00,0x01,0x00,0xFF,0xFC,0x02,0x00,0x04,0x00,0x08,0x40,0x10,0x20,
    0x3F,0xF0,0x10,0x10,0x00,0x00,0x00,0x00,0x00,0x08,0x7F,0xFC,0x42,0x08,0x42,0x08,0x42,0x08,0x5F,0xE8,0x42,0x08,0x45,0x08,
    0x44,0x88,0x48,0x48,0x50,0x48,0x40,0x08,0x7F,0xF8,0x40,0x08,0x00,0x00,0x00,0x00,0x00,0x08,0x7F,0xFC,0x01,0x00,0x3F,0xF0,
    0x21,0x10,0x3F,0xF0,0x21,0x10,0x21,0x10,0x3F,0xF0,0x11,0x00,0x0A,0x00,0x04,0x00,0x1B,0x00,0xE0,0xFC,0x00,0x00,0x00,0x00,
    0x10,0x40,0x10,0x40,0x7C,0xA0,0x11,0x10,0x12,0x0C,0xFC,0x60,0x11,0x80,0x50,0x30,0x5C,0x40,0x51,0x98,0x70,0x60,0x51,0x80,
    0x8C,0x00,0x83,0xFC,0x00,0x00,0x00,0x00,0x00,0x20,0x1F,0xF0,0x10,0x20,0x10,0x20,0x1F,0xE0,0x10,0x20,0x1F,0xE0,0x11,0x20,
    0x01,0x08,0xFF,0xFC,0x01,0x00,0x01,0x00,0x01,0x00,0x01,0x00,0x00,0x00,0x00,0x00,0x08,0x00,0x0F,0xC0,0x10,0x40,0x20,0x80,
    0x5F,0xF8,0x90,0x00,0x13,0xE0,0x12,0x20,0x12,0x20,0x12,0xA0,0x22,0x44,0x22,0x04,0x42,0x04,0x81,0xFC,0x00,0x00,0x00,0x00,
    0x01,0x00,0x00,0x88,0x1F,0xFC,0x90,0x00,0x57,0xF0,0x54,0x10,0x16,0x50,0x35,0x50,0xD4,0x90,0x14,0x90,0x25,0x50,0x2A,0x54,
    0x54,0x0C,0xA0,0x04,0x00,0x00,0x00,0x00,0x00,0x00,0x04,0x40,0x04,0x40,0x04,0x40,0x04,0x40,0x04,0x40,0x04,0x40,0x04,0x40,
    0x04,0x40,0x08,0x40,0x08,0x44,0x10,0x44,0x20,0x44,0x40,0x3C,0x00,0x00,0x00,0x00,0x10,0x80,0x1E,0xFC,0x29,0x20,0x44,0x10,
    0x9F,0xE0,0x10,0x20,0x1F,0xE0,0x10,0x20,0x1F,0xE0,0x08,0x40,0xFF,0xF8,0x08,0x40,0x10,0x40,0x60,0x40,0x00,0x00,0x00,0x00,
    0x00,0x08,0x03,0xFC,0x7A,0x48,0x4B,0xF8,0x4A,0x48,0x4A,0xA8,0x4B,0x18,0x4B,0xF8,0x78,0x80,0x49,0x48,0x05,0x44,0x05,0x14,
    0x09,0x10,0x00,0xF0,0x00,0x00,0x00,0x00,0x40,0x40,0x27,0xF8,0x20,0x40,0x03,0xF0,0x00,0x40,0xE7,0xFC,0x20,0x00,0x23,0xF0,
    0x22,0x10,0x23,0xF0,0x2A,0x10,0x33,0xF0,0x22,0x10,0x02,0x30,0x00,0x00,0x00,0x00,0x02,0x40,0x02,0x20,0x02,0x20,0xFF,0xFC,
    0x02,0x00,0x22,0x10,0x12,0x30,0x0B,0x40,0x06,0x80,0x0A,0x40,0x32,0x20,0xC2,0x1C,0x0A,0x08,0x04,0x00,0x00,0x00,0x00,0x00,
    0x02,0x00,0x02,0x10,0xFF,0xF8,0x02,0x00,0x02,0x00,0x3F,0xE0,0x10,0x20,0x10,0x40,0x08,0x80,0x05,0x00,0x02,0x00,0x05,0x80,
    0x18,0x60,0xE0,0x1C,0x00,0x00,0x00,0x00,0x20,0x38,0x27,0xC0,0x25,0x10,0x22,0xA0,0xF8,0x00,0x27,0xF8,0x21,0x00,0x37,0xF8,
    0xE1,0x00,0x21,0xF0,0x22,0xA0,0x24,0x40,0xA8,0xA0,0x47,0x1C,0x00,0x00,0x00,0x00,0x40,0x10,0x20,0x78,0x13,0xC0,0x00,0x40,
    0x00,0x48,0xF7,0xFC,0x10,0x40,0x10,0x48,0x13,0xFC,0x12,0x08,0x16,0x08,0x1A,0x08,0x13,0xF8,0x02,0x08,0x00,0x00,0x00,0x00,
    0x02,0x00,0x02,0x00,0x05,0x00,0x08,0x80,0x10,0x40,0x20,0x30,0xDF,0xEC,0x02,0x00,0x02,0x00,0x3F,0xF0,0x02,0x00,0x02,0x00,
    0x02,0x10,0x7F,0xF8,0x00,0x00,0x00,0x00,0x02,0x00,0x01,0x10,0x3F,0xF8,0x08,0x40,0x04,0x80,0x7F,0xFC,0x41,0x04,0xBF,0xF8,
    0x04,0x00,0x07,0xE0,0x04,0x20,0x08,0x20,0x11,0x40,0x60,0x80,0x00,0x00,0x00,0x00,0x40,0x80,0x30,0x80,0x10,0x88,0x07,0xFC,
    0x00,0x88,0xE0,0x88,0x20,0x88,0x21,0x08,0x21,0x08,0x22,0x10,0x24,0x50,0x50,0x20,0x8C,0x00,0x03,0xFC,0x00,0x00,0x00,0x00,
    0x02,0x00,0x02,0x00,0x04,0x08,0xFF,0xFC,0x09,0x00,0x09,0x10,0x1F,0xF8,0x29,0x10,0x49,0x10,0x89,0x10,0x09,0x10,0x09,0x50,
    0x09,0x20,0x01,0x00,0x00,0x00,0x00,0x00,0x02,0x00,0x01,0x00,0x7F,0xFC,0x40,0x04,0x9F,0xE8,0x10,0x20,0x10,0x20,0x1F,0xE0,
    0x10,0x00,0x1F,0xF0,0x10,0x10,0x10,0x10,0x1F,0xF0,0x10,0x10,0x00,0x00,0x00,0x00,0x00,0x08,0x00,0x08,0x7C,0x88,0x44,0x88,
    0x44,0x88,0x44,0x88,0x44,0x88,0x44,0x98,0x44,0xE8,0x7C,0x88,0x44,0x08,0x00,0x08,0x00,0x08,0x00,0x08,0x00,0x00,0x00,0x00,
    0x01,0x00,0xF9,0xFC,0x21,0x20,0x21,0x20,0x21,0x20,0xF5,0x20,0x25,0xFC,0x25,0x20,0x21,0x20,0x21,0x20,0x3A,0x20,0xC4,0x20,
    0x09,0xFC,0x10,0x00,0x00,0x00,0x00,0x00,0x00,0x80,0x00,0x80,0x78,0xC0,0x49,0x20,0x4A,0x10,0x4C,0x0C,0x49,0xF0,0x48,0x00,
    0x7B,0xF0,0x4A,0x10,0x42,0x10,0x02,0x10,0x03,0xF0,0x02,0x10,0x00,0x00,0x00,0x00,0x21,0x00,0x21,0x08,0x23,0xFC,0xFC,0x00,
    0x23,0xF0,0x32,0x90,0x6A,0x50,0x6F,0xFC,0xA2,0x10,0xA2,0x90,0x22,0x50,0x23,0xFC,0x20,0x10,0x20,0x60,0x00,0x00,0x00,0x00,
    0x01,0x00,0x01,0x08,0x7F,0xFC,0x05,0x40,0x09,0x20,0x31,0x1C,0x51,0x48,0x10,0x40,0xFD,0xFC,0x18,0x60,0x34,0xD0,0x51,0x4C,
    0x92,0x48,0x10,0x40,0x00,0x00,0x00,0x00,0x01,0x00,0x11,0x00,0x11,0x10,0x3F,0xF8,0x41,0x00,0x01,0x08,0xFF,0xFC,0x00,0x00,
    0x1F,0xE0,0x10,0x20,0x10,0x20,0x10,0x20,0x1F,0xE0,0x10,0x20,0x00,0x00,0x00,0x00,0x40,0x38,0x33,0xC0,0x12,0x00,0x02,0x00,
    0x03,0xFC,0xE2,0x20,0x22,0x20,0x22,0xE0,0x22,0x38,0x2A,0x24,0x34,0x20,0x24,0x20,0x08,0x20,0x10,0x20,0x00,0x00,0x00,0x00,
    0x20,0x40,0x27,0xFC,0x20,0x40,0x33,0xF8,0xA8,0x40,0xA7,0xFC,0xA0,0x00,0x23,0xF0,0x22,0x10,0x23,0xF0,0x22,0x10,0x23,0xF0,
    0x22,0x10,0x22,0x30,0x00,0x00,0x00,0x00,0x00,0x10,0x23,0xF8,0x12,0x90,0x13,0xF0,0x02,0x90,0xE3,0xF0,0x20,0x80,0x27,0xF8,
    0x24,0xA8,0x27,0xE8,0x24,0x08,0x54,0x18,0x88,0x00,0x07,0xFC,0x00,0x00,0x00,0x00,0x21,0x00,0x21,0x00,0x21,0xF8,0xFA,0x08,
    0x22,0x08,0x27,0xC8,0x3A,0x48,0xE2,0x48,0x23,0xC8,0x22,0x28,0x22,0x10,0x22,0x04,0xA2,0x04,0x41,0xFC,0x00,0x00,0x00,0x00,
    0x44,0x40,0x24,0x40,0xFF,0x40,0x28,0x7C,0x7E,0x88,0x2A,0x20,0xFF,0x20,0x2A,0x20,0x7E,0x20,0x28,0x50,0x6C,0x50,0xAA,0x88,
    0xA9,0x08,0x2A,0x04,0x00,0x00,0x00,0x00,0x00,0x00,0x0F,0xF0,0x08,0x10,0x08,0x10,0x0F,0xF0,0x08,0x10,0x08,0x10,0x08,0x10,
    0x0F,0xF0,0x08,0x10,0x10,0x10,0x10,0x10,0x20,0x50,0x40,0x20,0x00,0x00,0x00,0x00,0x01,0x08,0x7F,0x88,0x41,0x28,0x41,0x28,
    0x65,0x28,0x55,0x28,0x49,0x28,0x55,0x28,0x63,0x28,0x41,0x28,0x41,0x28,0x41,0x08,0x45,0x28,0x42,0x10,0x00,0x00,0x00,0x00,
    0x02,0x00,0x02,0x00,0x02,0x00,0x02,0x08,0x02,0x3C,0x03,0xC0,0x1E,0x00,0xE2,0x00,0x02,0x00,0x02,0x00,0x02,0x04,0x02,0x04,
    0x02,0x04,0x01,0xFC,0x00,0x00,0x00,0x00,0x01,0x00,0x21,0x10,0x21,0x10,0x21,0x10,0x3F,0xF0,0x04,0x00,0x04,0x00,0x0F,0xF0,
    0x18,0x20,0x24,0x40,0x42,0x80,0x01,0x00,0x06,0x00,0x78,0x00,0x00,0x00,0x00,0x00,0x00,0x10,0x3F,0xF8,0x22,0x10,0x2A,0x50,
    0x26,0x90,0x3F,0xF0,0x02,0x00,0x3F,0xF0,0x02,0x00,0xFF,0xFC,0x00,0x00,0x29,0x10,0x24,0x88,0x44,0x88,0x00,0x00,0x00,0x00,
    0x01,0x00,0x00,0x80,0x78,0x88,0x4F,0xFC,0x48,0x00,0x4B,0xE0,0x4A,0x20,0x4A,0x20,0x7A,0x20,0x4A,0x20,0x42,0x24,0x04,0x24,
    0x08,0x24,0x10,0x1C,0x00,0x00,0x00,0x00,0x10,0x00,0x17,0xB8,0x24,0x88,0x24,0x88,0x67,0xB8,0xA4,0x88,0x24,0x00,0x27,0x78,
    0x24,0x48,0x27,0x48,0x24,0x50,0x24,0x20,0x24,0x50,0x25,0x8C,0x00,0x00,0x00,0x00,0x00,0x08,0x03,0xFC,0xFA,0x08,0x0A,0x48,
    0x4A,0x48,0x2A,0x48,0x12,0x48,0x12,0x48,0x2A,0x68,0x24,0xA0,0x44,0xA0,0x81,0x24,0x02,0x24,0x0C,0x1C,0x00,0x00,0x00,0x00,
    0x00,0x00,0x04,0x10,0x22,0x10,0x12,0x10,0x11,0x20,0x09,0x20,0x08,0x48,0xFF,0xFC,0x00,0x00,0x04,0x80,0x08,0x40,0x10,0x20,
    0x20,0x18,0xC0,0x08,0x00,0x00,0x00,0x00,0x20,0x08,0x23,0xFC,0xFA,0x08,0x23,0xF8,0x52,0x50,0x52,0x50,0xFB,0xFC,0x12,0x50,
    0x13,0xFC,0x3A,0xA0,0xD2,0xA8,0x12,0x90,0x14,0xC8,0x18,0x84,0x00,0x00,0x00,0x00,0x02,0x00,0x01,0x08,0x3F,0xFC,0x20,0x00,
    0x22,0x00,0x21,0x08,0x28,0x88,0x24,0x90,0x24,0x90,0x22,0x20,0x22,0x20,0x40,0x48,0x5F,0xFC,0x80,0x00,0x00,0x00,0x00,0x00,
    0x40,0x80,0x30,0x40,0x17,0xFC,0x00,0x80,0x01,0x10,0xE2,0x10,0x23,0xE0,0x20,0x48,0x20,0x88,0x21,0x10,0x26,0x20,0x30,0x50,
    0x21,0x8C,0x06,0x04,0x00,0x00,0x00,0x00,0x24,0x20,0x12,0x20,0x0A,0x40,0x7F,0xF8,0x40,0x08,0x9F,0xD0,0x10,0x40,0x12,0x40,
    0x12,0x40,0x13,0x40,0x13,0x48,0x05,0x08,0x09,0x08,0x70,0xF8,0x00,0x00,0x00,0x00,0x10,0x80,0x10,0x40,0x13,0xFC,0xFA,0x04,
    0x14,0x88,0x10,0x80,0x1B,0xFC,0x31,0x10,0xD1,0x10,0x12,0x20,0x11,0xC0,0x10,0xB0,0x53,0x08,0x2C,0x04,0x00,0x00,0x00,0x00,
    0x40,0x08,0x27,0xFC,0x24,0x40,0x05,0xF8,0x85,0x08,0x55,0x08,0x55,0xF8,0x25,0x08,0x25,0xF8,0xC4,0x40,0x49,0x50,0x4A,0x48,
    0x54,0x44,0x60,0xC0,0x00,0x00,0x00,0x00,0x08,0x00,0x08,0x08,0x08,0xFC,0x7E,0x88,0x08,0x88,0x08,0x88,0xFF,0x88,0x10,0x88,
    0x10,0x88,0x24,0x88,0x4E,0xA8,0x72,0x90,0x00,0x80,0x00,0x80,0x00,0x00,0x00,0x00,0x00,0x20,0x01,0xF0,0x1E,0x00,0x10,0x00,
    0x10,0x10,0x1F,0xF8,0x14,0x10,0x14,0x20,0x12,0x20,0x11,0x40,0x20,0x80,0x21,0x60,0x46,0x1C,0x98,0x08,0x00,0x00,0x00,0x00,
    0x14,0x40,0x7F,0x7C,0x14,0x88,0x7E,0x50,0xAA,0x20,0x3A,0x50,0x04,0x8C,0x3F,0xE0,0x01,0x00,0x3F,0xF0,0x01,0x08,0xFF,0xFC,
    0x01,0x00,0x03,0x00,0x00,0x00,0x00,0x00,0x20,0x90,0x23,0xFC,0x3C,0x90,0x53,0xB8,0x92,0xA8,0x13,0xB8,0xFD,0x20,0x11,0xFC,
    0x57,0x20,0x55,0xF8,0x55,0x20,0x5D,0xF8,0x65,0x20,0x01,0xFC,0x00,0x00,0x00,0x00,0x10,0x40,0x10,0x40,0x20,0x48,0x23,0xFC,
    0x4A,0x48,0xF2,0x48,0x12,0x48,0x22,0xA8,0xFA,0x98,0x43,0x08,0x1A,0x08,0xE2,0x08,0x42,0x28,0x02,0x10,0x00,0x00,0x00,0x00,
    0x10,0x40,0x10,0x40,0x10,0x40,0xFC,0x48,0x13,0xFC,0x12,0x48,0x1A,0x48,0x32,0x48,0xD3,0xF8,0x12,0x48,0x12,0x48,0x12,0x48,
    0x53,0xF8,0x22,0x08,0x00,0x00,0x00,0x00,0x00,0x10,0x3F,0xF8,0x20,0x10,0x3F,0xF0,0x21,0x20,0x29,0x20,0x29,0x20,0x3F,0xFC,
    0x29,0x20,0x29,0x20,0x29,0xE0,0x48,0x00,0x4F,0xF8,0x80,0x00,0x00,0x00,0x00,0x00,0x00,0x20,0x7F,0xF0,0x02,0x00,0x02,0x00,
    0x02,0x00,0x02,0x08,0xFF,0xFC,0x02,0x00,0x02,0x00,0x02,0x00,0x02,0x00,0x02,0x00,0x02,0x00,0x02,0x00,0x00,0x00,0x00,0x00,
    0x00,0x80,0x00,0x48,0xEF,0xFC,0xA9,0x20,0xA9,0x20,0xAF,0xFC,0xA9,0x20,0xA9,0x20,0xEB,0xB0,0xAB,0x68,0x0D,0x24,0x09,0x20,
    0x11,0x20,0x21,0x20,0x00,0x00,0x00,0x00,0x20,0x08,0x13,0xFC,0x50,0x08,0x45,0x48,0x45,0x28,0x49,0xE8,0x4F,0x08,0x59,0x48,
    0x48,0x88,0x49,0xA8,0x4A,0x68,0x48,0x28,0x40,0x08,0x40,0x18,0x00,0x00,0x00,0x00,0x08,0x10,0x4B,0xF8,0x49,0x20,0x48,0xC0,
    0x49,0x20,0x4A,0x1C,0x04,0xC0,0x1F,0x00,0x02,0x20,0x1F,0xF0,0x01,0x08,0x11,0x20,0x25,0x10,0x42,0x08,0x00,0x00,0x00,0x00,
    0x20,0x00,0x21,0xF8,0x21,0x08,0x3D,0x08,0x41,0xF8,0x79,0x48,0xA0,0x40,0x23,0xFC,0xFE,0x44,0x22,0xA4,0x23,0x14,0x2A,0x04,
    0x32,0x14,0x22,0x08,0x00,0x00,0x00,0x00,0x10,0x40,0x10,0x20,0x10,0x28,0x15,0xFC,0x59,0x08,0x51,0x08,0x91,0x08,0x11,0xF8,
    0x11,0x08,0x11,0x00,0x29,0x00,0x2A,0x00,0x42,0x00,0x84,0x00,0x00,0x00,0x00,0x00,0x41,0x40,0x31,0x20,0x12,0x28,0x03,0xFC,
    0x06,0x40,0xEA,0x40,0x23,0xF8,0x22,0x40,0x22,0x40,0x23,0xF8,0x2A,0x40,0x32,0x48,0x23,0xFC,0x02,0x00,0x00,0x00,0x00,0x00,
    0x20,0x08,0x23,0xFC,0x20,0x00,0xF9,0xF0,0xA9,0x10,0xA9,0xF0,0xA8,0x00,0xAB,0xF8,0xAA,0x48,0xAA,0x48,0xBB,0xF8,0x22,0x48,
    0x23,0xF8,0x22,0x08,0x00,0x00,0x00,0x00,0x00,0x10,0x7F,0xF8,0x04,0x80,0x44,0x90,0x24,0xA0,0x14,0xC0,0x04,0x80,0xFF,0xFC,
    0x02,0x00,0x29,0x10,0x29,0x08,0x48,0x28,0x08,0x20,0x07,0xE0,0x00,0x00,0x00,0x00,0x10,0x00,0x17,0xE0,0x12,0x40,0x7A,0x7C,
    0x13,0xC4,0xFE,0x64,0x12,0x54,0x53,0xC8,0x5E,0x48,0x53,0xD4,0x56,0x64,0x70,0x40,0x8C,0x00,0x83,0xFC,0x00,0x00,0x00,0x00,
    0x00,0x80,0x00,0x80,0xF0,0x90,0x97,0xF8,0x90,0x80,0x90,0x80,0x9F,0xFC,0x90,0x80,0xF1,0xC0,0x92,0xA0,0x84,0x90,0x08,0x88,
    0x10,0x84,0x00,0x80,0x00,0x00,0x00,0x00,0x00,0x10,0x7F,0xF8,0x02,0x00,0x02,0x00,0x02,0x00,0x02,0x20,0x3F,0xF0,0x04,0x20,
    0x04,0x20,0x04,0x20,0x04,0x20,0x04,0x20,0x04,0x28,0xFF,0xFC,0x00,0x00,0x00,0x00,0x00,0x40,0x7F,0xE0,0x08,0x40,0x08,0x78,
    0x08,0x08,0x17,0xC8,0x20,0x88,0xC1,0x30,0x01,0x00,0x7F,0xFC,0x01,0x00,0x01,0x00,0x05,0x00,0x02,0x00,0x00,0x00,0x00,0x00,
    0x02,0x00,0x01,0x08,0xFF,0xFC,0x08,0x40,0x3F,0xF0,0x00,0x10,0x1F,0xE0,0x10,0x20,0x1F,0xE0,0x10,0x20,0x1F,0xE0,0x10,0x20,
    0x10,0xA0,0x10,0x40,0x00,0x00,0x00,0x00,0x10,0x80,0x10,0x80,0x10,0x90,0x7D,0xF8,0x10,0x90,0x1A,0x90,0x71,0x14,0x11,0x94,
    0x12,0x54,0x34,0x0C,0x00,0x00,0x29,0x10,0x24,0x88,0x44,0x88,0x00,0x00,0x00,0x00,0x00,0x20,0x3F,0xF0,0x20,0x20,0x20,0xA0,
    0x28,0xA0,0x25,0x20,0x22,0x20,0x22,0x20,0x25,0x20,0x24,0xA0,0x28,0x94,0x50,0x14,0x40,0x0C,0x80,0x04,0x00,0x00,0x00,0x00,
    0x22,0x20,0x22,0x30,0x23,0xA8,0x2C,0xA0,0xB4,0xFC,0xAB,0x20,0xA5,0x20,0x22,0x50,0x24,0x88,0x29,0x04,0x50,0x00,0x4A,0x48,
    0x49,0x24,0x89,0x24,0x00,0x00,0x00,0x00,0x10,0x80,0x10,0x80,0x10,0xF8,0x15,0x10,0x5A,0x20,0x54,0x00,0x91,0xB8,0x12,0x08,
    0x12,0x08,0x13,0xB8,0x2A,0x08,0x26,0x08,0x43,0xF8,0x82,0x08,0x00,0x00,0x00,0x00,0x20,0x20,0x21,0xF0,0x21,0x20,0x7D,0x20,
    0x45,0x20,0xA9,0x20,0x21,0x20,0x21,0x20,0x21,0x20,0x21,0x20,0x2A,0x24,0x32,0x24,0x24,0x24,0x08,0x1C,0x00,0x00,0x00,0x00,
    0x20,0x20,0x21,0xB0,0x27,0x28,0x79,0x28,0x49,0x20,0xA7,0xFC,0x21,0x20,0x21,0xA8,0x23,0x28,0x25,0x30,0x21,0x24,0x31,0x54,
    0x25,0x0C,0x02,0x04,0x00,0x00,0x00,0x00,0x00,0x08,0x7E,0xFC,0x52,0x08,0x7E,0x50,0x52,0x20,0x53,0xFC,0x7E,0x24,0x52,0x28,
    0x10,0x20,0x7E,0x20,0x10,0x20,0x1E,0x20,0xE0,0xA0,0x00,0x40,0x00,0x00,0x00,0x00,0x08,0x40,0x04,0x80,0x3F,0xF0,0x22,0x10,
    0x3F,0xF0,0x22,0x10,0x3F,0xF0,0x00,0x00,0xFF,0xFC,0x00,0x00,0x1F,0xE0,0x10,0x20,0x10,0x20,0x1F,0xE0,0x00,0x00,0x00,0x00,
    0x04,0x40,0x04,0x48,0xFF,0xFC,0x04,0x40,0x02,0x00,0x02,0x20,0x3F,0xF0,0x02,0x20,0x12,0x30,0x12,0x28,0x24,0x24,0x08,0x20,
    0x11,0x40,0x60,0x80,0x00,0x00,0x00,0x00,0x00,0x08,0xFD,0xFC,0x29,0x08,0x7D,0xF8,0x55,0x08,0x55,0xF8,0x54,0x20,0x6D,0x20,
    0x45,0xFC,0x46,0x20,0x7D,0xF8,0x44,0x20,0x7C,0x20,0x43,0xFC,0x00,0x00,0x00,0x00,0x00,0x10,0x7F,0xF8,0x02,0x10,0x02,0x10,
    0x04,0x10,0x08,0x90,0x10,0x60,0x60,0x00,0x0F,0xF0,0x08,0x10,0x08,0x10,0x08,0x10,0x0F,0xF0,0x08,0x10,0x00,0x00,0x00,0x00,
    0x01,0x00,0x01,0x00,0xF1,0xE0,0x92,0x40,0x97,0xF0,0x92,0x90,0x92,0x90,0x92,0x90,0xF7,0xFC,0x90,0x80,0x81,0x40,0x02,0x20,
    0x04,0x1C,0x18,0x08,0x00,0x00,0x00,0x00,0x20,0x08,0x27,0xFC,0x21,0x10,0x7D,0x10,0x45,0xF0,0xA9,0x10,0x21,0x10,0x21,0xF0,
    0x21,0x10,0x21,0x1C,0x2B,0xF0,0x30,0x10,0x20,0x10,0x00,0x10,0x00,0x00,0x00,0x00,0x02,0x00,0x05,0x00,0x08,0x80,0x12,0x60,
    0x21,0x1C,0xDF,0xC0,0x10,0x40,0x1F,0xC0,0x10,0x40,0x1F,0xD0,0x13,0x20,0x10,0xC0,0x16,0x30,0x18,0x10,0x00,0x00,0x00,0x00,
    0x00,0x00,0x00,0x00,0x00,0x20,0x3F,0xF0,0x00,0x00,0x00,0x00,0x00,0x00,0x00,0x00,0x00,0x00,0x00,0x00,0x00,0x08,0xFF,0xFC,
    0x00,0x00,0x00,0x00,0x00,0x00,0x00,0x00,0x7F,0x00,0x22,0xF8,0x3E,0x88,0x22,0x50,0x3E,0x20,0x23,0x50,0x7E,0x88,0x02,0xE0,
    0x0F,0x10,0x31,0xA0,0xC5,0x40,0x19,0x30,0x61,0x0C,0x01,0x00,0x00,0x00,0x00,0x00,0x01,0x00,0x11,0x00,0x11,0x20,0x1F,0xF0,
    0x21,0x00,0x21,0x00,0x01,0x08,0x7F,0xFC,0x01,0x00,0x02,0x80,0x04,0x40,0x08,0x20,0x10,0x1C,0x60,0x08,0x00,0x00,0x00,0x00,
    0x02,0x00,0x01,0x08,0xFF,0xFC,0x00,0x00,0x1F,0xF0,0x00,0x00,0x00,0x00,0x1F,0xF0,0x00,0x00,0x1F,0xE0,0x10,0x20,0x10,0x20,
    0x1F,0xE0,0x10,0x20,0x00,0x00,0x00,0x00,0x08,0x40,0x1C,0x48,0x73,0xFC,0x11,0x10,0x10,0x90,0xFC,0xA0,0x13,0xFC,0x10,0x40,
    0x7C,0x40,0x45,0xF8,0x44,0x40,0x44,0x40,0x7C,0x40,0x44,0x40,0x00,0x00,0x00,0x00,0x40,0x00,0x27,0xFC,0x24,0x04,0x08,0x08,
    0x80,0x00,0x53,0xE0,0x52,0x20,0x22,0x20,0x22,0x20,0xC2,0x20,0x42,0x24,0x44,0x24,0x48,0x24,0x50,0x1C,0x00,0x00,0x00,0x00,
    0x00,0x30,0x7B,0xC0,0x48,0x80,0x48,0x88,0x4F,0xFC,0x7A,0x90,0x4A,0x90,0x4F,0xFC,0x7A,0x90,0x4A,0x90,0x4F,0xFC,0x78,0x80,
    0x40,0x80,0x07,0xF8,0x00,0x00,0x00,0x00,0x02,0x00,0x01,0x00,0x7F,0xFC,0x40,0x08,0x97,0xF0,0x10,0x40,0x20,0x80,0x63,0xF0,
    0xA2,0x10,0x22,0x10,0x23,0xF0,0x22,0x10,0x22,0x10,0x23,0xF0,0x00,0x00,0x00,0x00,0x02,0x00,0x02,0x00,0x05,0x00,0x08,0x80,
    0x10,0x60,0x2F,0x9C,0xC0,0x00,0x3C,0xF0,0x24,0x90,0x24,0x90,0x24,0x90,0x3C,0xD0,0x24,0xA0,0x00,0x80,0x00,0x00,0x00,0x00,
    0x00,0x08,0xFB,0xFC,0x20,0x90,0x20,0x90,0x20,0x90,0x78,0x90,0x4F,0xFC,0xC8,0x90,0x48,0x90,0x48,0x90,0x79,0x10,0x41,0x10,
    0x42,0x10,0x04,0x10,0x00,0x00,0x00,0x00,0x02,0x00,0x01,0x00,0x7F,0xF8,0x48,0x48,0x90,0x20,0x24,0x10,0x44,0x00,0x3F,0xC0,
    0x04,0x40,0x04,0x40,0x04,0x40,0x08,0x44,0x10,0x44,0x60,0x3C,0x00,0x00,0x00,0x00,0x02,0x00,0x02,0x10,0x3F,0xD0,0x02,0x20,
    0x02,0x20,0xFF,0xFC,0x00,0x80,0x01,0x00,0x06,0x20,0x0C,0xC0,0x37,0x08,0xC4,0x08,0x04,0x08,0x03,0xF8,0x00,0x00,0x00,0x00,
    0x01,0x00,0x79,0x20,0x4B,0xF0,0x52,0x20,0x67,0xF8,0x50,0x08,0x4B,0xF8,0x48,0x08,0x4B,0xF8,0x70,0x80,0x41,0x48,0x45,0x14,
    0x49,0x14,0x40,0xF0,0x00,0x00,0x00,0x00,0x02,0x00,0x02,0x20,0x3F,0xF0,0x02,0x00,0x02,0x00,0x02,0x08,0x7F,0xFC,0x03,0x00,
    0x06,0x80,0x0A,0x40,0x12,0x20,0x22,0x1C,0xC2,0x08,0x02,0x00,0x00,0x00,0x00,0x00,0x02,0x00,0x01,0x08,0xFF,0xFC,0x00,0x00,
    0x08,0x20,0x10,0x10,0x28,0x48,0x48,0x40,0x04,0x80,0x02,0x80,0x01,0x00,0x02,0x80,0x0C,0x60,0x70,0x1C,0x00,0x00,0x00,0x00,
    0x11,0x00,0x11,0x00,0x11,0xE0,0xFA,0x20,0x14,0x40,0x13,0xF8,0x1E,0x48,0x32,0x48,0xD2,0x48,0x17,0xFC,0x10,0xA0,0x11,0x20,
    0x52,0x10,0x2C,0x0C,0x00,0x00,0x00,0x00,0x00,0x08,0x7E,0xFC,0x08,0x20,0x3E,0xF8,0x08,0x20,0x7E,0xFC,0x03,0x00,0x04,0x80,
    0x0A,0x60,0x31,0x1C,0xCF,0xE0,0x00,0x40,0x00,0x80,0x01,0x00,0x00,0x00,0x00,0x00,0x20,0x20,0x20,0x20,0x36,0xF8,0x42,0x28,
    0x43,0xFC,0xF4,0x28,0x27,0xF8,0x21,0x20,0xFD,0xF8,0x25,0x20,0x2A,0xFC,0x32,0x20,0x25,0x80,0x08,0x7C,0x00,0x00,0x00,0x00,
    0x00,0x00,0x00,0x00,0x1F,0xC0,0x08,0x20,0x08,0x20,0x08,0x20,0x08,0x20,0x0F,0xC0,0x08,0x00,0x08,0x00,0x08,0x00,0x1C,0x00,
    0x00,0x00,0x00,0x00,0x00,0x00,0x00,0x00,0x00,0x00,0x00,0x00,0x00,0x00,0x00,0x00,0x00,0x00,0x07,0x00,0x08,0x80,0x03,0x80,
    0x04,0x80,0x08,0x80,0x09,0x80,0x06,0xC0,0x00,0x00,0x00,0x00,0x00,0x00,0x00,0x00,0x00,0x00,0x00,0x00,0x00,0x00,0x00,0x00,
    0x00,0x00,0x1E,0xE0,0x04,0x40,0x04,0x40,0x02,0x80,0x02,0x80,0x01,0x00,0x01,0x00,0x0A,0x00,0x04,0x00,0x00,0x00,0x00,0x00,
    0x00,0x00,0x04,0x00,0x0C,0x00,0x04,0x00,0x04,0x00,0x04,0x00,0x07,0x80,0x04,0x40,0x04,0x40,0x04,0x40,0x04,0x40,0x07,0x80,
    0x00,0x00,0x00,0x00,0x00,0x00,0x00,0x00,0x00,0x00,0x00,0x00,0x00,0x00,0x00,0x00,0x00,0x00,0x07,0x80,0x08,0x40,0x08,0x40,
    0x08,0x40,0x08,0x40,0x08,0x40,0x07,0x80,0x00,0x00,0x00,0x00,0x00,0x00,0x00,0x00,0x10,0x00,0x10,0x10,0x1F,0xF8,0x21,0x00,
    0x41,0x00,0x9F,0xF0,0x11,0x00,0x11,0x00,0x11,0x08,0xFF,0xFC,0x01,0x00,0x01,0x00,0x01,0x00,0x01,0x00,0x00,0x00,0x00,0x00,
    0x20,0x00,0x23,0xF8,0x22,0x00,0xFA,0x00,0x22,0x00,0x23,0xF0,0x32,0x10,0x6A,0x10,0x63,0xF0,0xA2,0x10,0xA2,0x00,0x22,0x00,
    0x23,0xFC,0x22,0x00,0x00,0x00,0x00,0x00,0x08,0x00,0x08,0x00,0x10,0x08,0x1F,0xFC,0x22,0x48,0x42,0x48,0x84,0x48,0x04,0x88,
    0x08,0x88,0x11,0x08,0x62,0x08,0x04,0x08,0x18,0x50,0x60,0x20,0x00,0x00,0x00,0x00,0x00,0x80,0x7C,0x88,0x45,0xFC,0x45,0x08,
    0x46,0x08,0x7D,0xE8,0x11,0x28,0x51,0x28,0x5D,0xE8,0x51,0x08,0x51,0x30,0x5D,0x04,0xE1,0x04,0x40,0xFC,0x00,0x00,0x00,0x00,
    0x00,0x10,0x7F,0xF8,0x02,0x00,0x3F,0xF0,0x24,0x90,0x24,0x90,0x24,0xB0,0x02,0x00,0xFF,0xFC,0x04,0x40,0x0C,0x80,0x03,0x80,
    0x0C,0x70,0xF0,0x10,0x00,0x00,0x00,0x00,0x08,0x40,0x04,0x80,0x7F,0xF8,0x04,0x80,0x24,0x90,0x14,0xA0,0xFF,0xFC,0x00,0x00,
    0x1F,0xE0,0x10,0x20,0x1F,0xE0,0x10,0x20,0x10,0x20,0x1F,0xE0,0x00,0x00,0x00,0x00,0x10,0x10,0x11,0x10,0x10,0xA0,0xF8,0xA0,
    0x17,0xFC,0x10,0x00,0x38,0x00,0x54,0x00,0x53,0xF8,0x90,0x00,0x10,0x00,0x10,0x00,0x17,0xFC,0x10,0x00,0x00,0x00,0x00,0x00,
    0x10,0x80,0x10,0x88,0x3E,0xFC,0x29,0x20,0x44,0x10,0x01,0x00,0xFF,0xFC,0x05,0x80,0x09,0x40,0x11,0x20,0x2F,0xDC,0xC1,0x08,
    0x01,0x00,0x01,0x00,0x00,0x00,0x00,0x00,0x00,0x00,0x7F,0xF8,0x11,0x10,0x19,0xE0,0x25,0x00,0x43,0xFC,0x81,0x00,0x1F,0xF0,
    0x11,0x10,0x11,0x10,0x1F,0xF0,0x01,0x20,0x7F,0xF8,0x20,0x08,0x00,0x00,0x00,0x00,0x00,0x00,0x00,0x00,0x00,0x00,0x00,0x00,
    0x00,0x00,0x00,0x00,0x00,0x00,0x00,0x00,0x00,0x00,0x00,0x00,0x00,0x00,0x60,0x00,0x60,0x00,0x20,0x00,0xC0,0x00,0x00,0x00,
    0x01,0x00,0x41,0x00,0x21,0x00,0x29,0xF8,0x0A,0x08,0x12,0x90,0x14,0x80,0x28,0x80,0xE1,0x40,0x21,0x40,0x22,0x20,0x22,0x10,
    0x24,0x0C,0x18,0x08,0x00,0x00,0x00,0x00,0x40,0x80,0x27,0xF0,0x24,0x90,0x07,0xF0,0x00,0x80,0xEF,0xFC,0x20,0x00,0x27,0xF0,
    0x24,0x90,0x24,0x90,0x21,0x60,0x56,0x18,0x88,0x00,0x07,0xFC,0x00,0x00,0x00,0x00,0x02,0x00,0x01,0x08,0xFF,0xFC,0x08,0x00,
    0x08,0x00,0x08,0x00,0x0F,0xF8,0x00,0x00,0x02,0x00,0x29,0x10,0x29,0x08,0x48,0x28,0x48,0x20,0x07,0xE0,0x00,0x00,0x00,0x00,
    0x00,0x08,0xFF,0xFC,0x02,0x00,0x1F,0xE0,0x10,0x20,0x1F,0xE0,0x10,0x20,0x1F,0xE0,0x04,0x00,0x0F,0xE0,0x14,0x40,0x63,0x80,
    0x0C,0x60,0xF0,0x1C,0x00,0x00,0x00,0x00,0x02,0x00,0x02,0x00,0x05,0x00,0x08,0x80,0x12,0x40,0x21,0x30,0xC1,0x0C,0x1F,0xE0,
    0x00,0x20,0x00,0x40,0x0C,0x80,0x03,0x00,0x01,0x00,0x00,0x80,0x00,0x00,0x00,0x00,0x02,0x00,0x02,0x00,0x05,0x00,0x04,0x80,
    0x08,0x40,0x10,0x20,0x28,0x5C,0xC8,0x40,0x08,0x40,0x08,0x40,0x08,0x40,0x08,0x40,0x10,0x40,0x60,0x40,0x00,0x00,0x00,0x00,
    0x10,0x08,0x13,0xFC,0x20,0x88,0x20,0x88,0x48,0x88,0xF1,0x28,0x12,0x10,0x20,0x00,0xF9,0xF8,0x41,0x08,0x19,0x08,0xE1,0x08,
    0x41,0xF8,0x01,0x08,0x00,0x00,0x00,0x00,0x04,0x48,0x7F,0xFC,0x04,0x40,0x10,0x08,0x3F,0xFC,0x42,0x88,0xBF,0xE8,0x12,0x48,
    0x1F,0xC8,0x12,0x48,0x1F,0xC8,0x12,0x48,0x12,0x48,0x12,0xB0,0x00,0x00,0x00,0x00,0x04,0x40,0x04,0x48,0xFF,0xFC,0x14,0x40,
    0x1F,0xF8,0x28,0x08,0x4F,0xC8,0x92,0x08,0x7F,0xE8,0x02,0x08,0x12,0x48,0x1F,0xC8,0x00,0x08,0x00,0x30,0x00,0x00,0x00,0x00,
    0x20,0x80,0x20,0x48,0xAB,0xFC,0x72,0x40,0x22,0xF8,0xFA,0x48,0x23,0xFC,0x72,0x48,0x6A,0xF8,0xA2,0x40,0xA5,0xF8,0x25,0x08,
    0x29,0x08,0x29,0xF8,0x00,0x00,0x00,0x00,0x08,0x80,0x08,0x88,0xFF,0xFC,0x08,0x80,0x3F,0xC0,0x01,0x10,0x7A,0xA0,0x12,0x40,
    0x22,0x20,0xC6,0x18,0x3F,0xE0,0x00,0x00,0x28,0x90,0x44,0x48,0x00,0x00,0x00,0x00,0x20,0x40,0x23,0xBC,0x22,0x24,0x7A,0xA4,
    0x4A,0xA4,0xA3,0x54,0x22,0x88,0x20,0x00,0x23,0xF8,0x22,0x48,0x2B,0xF8,0x32,0x48,0x23,0xF8,0x02,0x08,0x00,0x00,0x00,0x00,
    0x20,0x80,0x20,0x80,0x21,0x40,0xF9,0x20,0x22,0x10,0x24,0x0C,0x73,0xF0,0x68,0x00,0xA2,0x90,0xA2,0x50,0x21,0x50,0x21,0x20,
    0x20,0x20,0x2F,0xFC,0x00,0x00,0x00,0x00,0x20,0x08,0x23,0xFC,0x22,0x08,0x3A,0x28,0x43,0x28,0x7A,0xA8,0xA2,0x48,0x22,0x48,
    0xFA,0xA8,0x22,0x98,0x23,0x08,0x2A,0x08,0x32,0x28,0x02,0x10,0x00,0x00,0x00,0x00,0x02,0x00,0x03,0x00,0x04,0x80,0x0A,0x40,
    0x31,0x3C,0xC1,0x08,0x1F,0xC0,0x00,0x40,0x00,0x80,0x1F,0xE0,0x10,0x20,0x10,0x20,0x1F,0xE0,0x10,0x20,0x00,0x00,0x00,0x00,
    0x04,0x00,0x02,0x20,0x11,0x20,0x11,0x20,0x08,0x20,0x08,0x40,0x04,0x40,0x04,0x80,0x02,0x80,0x01,0x00,0x02,0x80,0x0C,0x40,
    0x30,0x3C,0xC0,0x08,0x00,0x00,0x00,0x00,0x00,0x00,0x00,0x00,0x00,0x00,0x00,0x00,0x00,0x00,0x00,0x00,0x00,0x00,0x00,0x00,
    0x00,0x00,0x00,0x00,0x00,0x00,0x60,0x00,0x60,0x00,0x00,0x00,0x00,0x00,0x00,0x00,0x20,0x80,0x20,0x80,0x24,0x90,0x32,0x90,
    0xAA,0xA0,0xA0,0x80,0xAF,0xFC,0x21,0x40,0x21,0x40,0x21,0x40,0x22,0x40,0x22,0x44,0x24,0x44,0x28,0x3C,0x00,0x00,0x00,0x00,
    0x21,0x00,0x21,0x08,0x23,0xFC,0x22,0xA8,0x74,0xA8,0xA9,0x48,0xA2,0x88,0x25,0x08,0x22,0x30,0x20,0x80,0x22,0x48,0x2A,0x14,
    0x2A,0x14,0x21,0xF0,0x00,0x00,0x00,0x00,0x02,0x00,0x04,0x40,0x1F,0xE0,0x10,0x40,0x10,0x40,0x11,0xC0,0x10,0x08,0x1F,0xFC,
    0x00,0x08,0x00,0x08,0xFF,0xE8,0x00,0x08,0x00,0x50,0x00,0x20,0x00,0x00,0x00,0x00,0x04,0x40,0xFE,0x80,0x09,0xF8,0x49,0x48,
    0x49,0x28,0x7F,0x08,0x09,0x30,0x19,0x00,0x29,0xFC,0x28,0x04,0x4B,0xF4,0x88,0x04,0x28,0x28,0x10,0x10,0x00,0x00,0x00,0x00,
    0x20,0x00,0x23,0xB8,0x22,0xA8,0xFA,0xA8,0x4A,0xA8,0x4A,0xA8,0x4F,0xFC,0x8A,0xA8,0x4A,0xA8,0x2A,0xA8,0x12,0xA8,0x2A,0xA8,
    0x45,0x48,0x88,0x98,0x00,0x00,0x00,0x00,0x00,0x00,0x7F,0x00,0x01,0x10,0x01,0x20,0x01,0x40,0x01,0x80,0x01,0x60,0x01,0x10,
    0x01,0x00,0x00,0x80,0x00,0x88,0x00,0x48,0x00,0x28,0x00,0x18,0x00,0x00,0x00,0x00,0x00,0x08,0x7B,0xFC,0x4A,0x08,0x4A,0x08,
    0x4B,0xF8,0x7A,0x40,0x4A,0x48,0x4B,0xFC,0x7A,0x40,0x4A,0x40,0x4A,0x24,0x7A,0x94,0x03,0x0C,0x02,0x04,0x00,0x00,0x00,0x00,
    0x10,0x80,0x10,0x90,0x21,0xF8,0x29,0x10,0x6A,0x90,0xA8,0xA0,0x28,0x40,0x28,0xB0,0x23,0x0C,0x20,0x00,0x0A,0x10,0x49,0x28,
    0x48,0x24,0x87,0xE0,0x00,0x00,0x00,0x00,0x20,0x08,0x13,0xFC,0x50,0x08,0x41,0x08,0x41,0x08,0x5F,0xE8,0x43,0x08,0x45,0x88,
    0x49,0x48,0x51,0x28,0x41,0x08,0x41,0x08,0x40,0x28,0x40,0x10,0x00,0x00,0x00,0x00,0x22,0x20,0x22,0x20,0x2F,0xBC,0x32,0x48,
    0xAF,0xFC,0xAA,0xC4,0xAA,0xD4,0x2F,0xD4,0x22,0x54,0x26,0x54,0x2B,0x54,0x32,0xA8,0x22,0x44,0x22,0x84,0x00,0x00,0x00,0x00,
    0x24,0x40,0x24,0x40,0xFE,0x48,0x24,0x7C,0x24,0x90,0xFE,0x90,0x01,0x90,0x7C,0x50,0x44,0x50,0x7C,0x20,0x44,0x20,0x7C,0x50,
    0x44,0x8C,0x4D,0x08,0x00,0x00,0x00,0x00,0x08,0x00,0x08,0x00,0x08,0x10,0x1F,0xF8,0x10,0x10,0x22,0x20,0x42,0x00,0x02,0x00,
    0x03,0x00,0x04,0x80,0x04,0x40,0x08,0x20,0x30,0x1C,0xC0,0x08,0x00,0x00,0x00,0x00,0x08,0x00,0x0F,0xC0,0x10,0x80,0x21,0x00,
    0x5F,0xF0,0x01,0x10,0x7F,0xFC,0x01,0x10,0x01,0x10,0x3F,0xF0,0x01,0x10,0x01,0x00,0x05,0x00,0x02,0x00,0x00,0x00,0x00,0x00,
    0x02,0x00,0x02,0x10,0x7F,0xF8,0x05,0x00,0x08,0x80,0x10,0x60,0x20,0x9C,0xC0,0x80,0x7F,0xF8,0x10,0x80,0x08,0x80,0x08,0x80,
    0x02,0x80,0x01,0x00,0x00,0x00,0x00,0x00,0x08,0x40,0x48,0x40,0x28,0xF8,0x29,0x08,0x0A,0x90,0x18,0x20,0x68,0xC0,0x0B,0x00,
    0x01,0x00,0x7F,0xFC,0x02,0x80,0x04,0x40,0x18,0x20,0xE0,0x1C,0x00,0x00,0x00,0x00,0x12,0x20,0x0A,0x40,0x7F,0xF8,0x40,0x08,
    0x8F,0xD0,0x08,0x40,0x0F,0xC0,0x00,0x00,0x1F,0xE0,0x12,0x20,0x12,0x20,0x14,0xA0,0x08,0x40,0x70,0x30,0x00,0x00,0x00,0x00,
    0x00,0x08,0xFF,0xFC,0x02,0x00,0x04,0x10,0x3F,0xF8,0x24,0x90,0x24,0x90,0x24,0x90,0x24,0x90,0x24,0x90,0x24,0x90,0x24,0x90,
    0x24,0xD0,0x20,0x20,0x00,0x00,0x00,0x00,0x00,0x10,0xFB,0xF8,0x09,0x50,0x48,0xA0,0x48,0x40,0x48,0xB0,0x4B,0x4C,0x7D,0xF8,
    0x05,0x48,0x35,0x48,0xC5,0xF8,0x04,0x50,0x2B,0xF8,0x11,0x04,0x00,0x00,0x00,0x00,0x10,0x40,0x08,0x40,0xFF,0x40,0x00,0x50,
    0x3F,0xF8,0x22,0x50,0x3E,0xD0,0x00,0x50,0x7E,0x70,0x04,0x50,0x1E,0x94,0x68,0x94,0x09,0x0C,0x1A,0x04,0x00,0x00,0x00,0x00,
    0x20,0x08,0x21,0xFC,0x3C,0x48,0x48,0x48,0xFE,0xA8,0x53,0x10,0x7E,0xA0,0x52,0xF8,0x53,0x20,0x7F,0xFC,0x52,0x20,0x52,0x20,
    0x92,0x20,0x86,0x20,0x00,0x00,0x00,0x00,0x10,0x10,0x13,0xF8,0x12,0x10,0xFA,0x10,0x12,0x60,0x12,0x00,0x1B,0xF8,0x32,0x88,
    0xD2,0x90,0x12,0x50,0x12,0x20,0x12,0x50,0x52,0x8C,0x23,0x08,0x00,0x00,0x00,0x00,0x00,0xA0,0x00,0x90,0x3F,0xFC,0x20,0x80,
    0x3E,0x90,0x22,0xA0,0x22,0x44,0x2C,0xA4,0x41,0x1C,0xBF,0xF0,0x24,0x90,0x24,0x90,0x24,0x90,0xFF,0xFC,0x00,0x00,0x00,0x00,
    0x40,0x80,0x30,0x40,0x17,0xFC,0x85,0x20,0x47,0xF8,0x55,0x20,0x15,0xE0,0x24,0x00,0x27,0xF0,0xC5,0x10,0x44,0xA0,0x48,0x40,
    0x48,0xB0,0x57,0x0C,0x00,0x00,0x00,0x00,0x00,0x40,0x78,0x48,0x4B,0xFC,0x54,0x80,0x64,0xF8,0x51,0x88,0x4E,0xF8,0x4A,0x88,
    0x4A,0xF8,0x6A,0x88,0x52,0x88,0x42,0x98,0x45,0x00,0x48,0xFC,0x00,0x00,0x00,0x00,0x00,0x10,0x00,0xF8,0x3F,0x00,0x20,0x00,
    0x3F,0xF8,0x20,0x00,0x20,0x10,0x27,0xF8,0x24,0x10,0x24,0x10,0x24,0x10,0x44,0x10,0x47,0xF0,0x84,0x10,0x00,0x00,0x00,0x00,
    0x40,0x80,0x30,0x80,0x10,0x80,0x00,0x88,0x0F,0xFC,0xE0,0x80,0x20,0x80,0x21,0x40,0x21,0x20,0x22,0x10,0x24,0x08,0x50,0x00,
    0x8C,0x00,0x03,0xFC,0x00,0x00,0x00,0x00,0x10,0x40,0x10,0x48,0x29,0xFC,0x25,0x08,0x41,0x48,0xBD,0x48,0x01,0x30,0x3D,0x00,
    0x25,0xFC,0x24,0x04,0x27,0xF4,0x3C,0x04,0x24,0x28,0x00,0x10,0x00,0x00,0x00,0x00,0x11,0x00,0x11,0x20,0x11,0x10,0x21,0x00,
    0x2F,0xFC,0x61,0x40,0xA1,0x40,0x21,0x40,0x21,0x40,0x21,0x40,0x22,0x44,0x22,0x44,0x24,0x44,0x28,0x3C,0x00,0x00,0x00,0x00,
    0x08,0x20,0x3A,0x40,0xEA,0xF8,0x28,0x88,0xFF,0xA8,0x28,0x88,0x2A,0xB0,0x3A,0x80,0xEC,0xFC,0x28,0x04,0x35,0xF4,0x25,0x04,
    0xA3,0x28,0x41,0x10,0x00,0x00,0x00,0x00,0x44,0x40,0x22,0x40,0x22,0x7C,0x0F,0x80,0x84,0x78,0x54,0x08,0x57,0x10,0x25,0x20,
    0x25,0xFC,0xC5,0x20,0x49,0x20,0x49,0x20,0x56,0x20,0x60,0x60,0x00,0x00,0x00,0x00,0x00,0x08,0x7F,0xFC,0x04,0x00,0x08,0x40,
    0x10,0x20,0x3F,0xF0,0x11,0x08,0x01,0x00,0x01,0x00,0x3F,0xF0,0x01,0x00,0x01,0x00,0x01,0x00,0xFF,0xFC,0x00,0x00,0x00,0x00,
    0x10,0x10,0x11,0xF8,0xFC,0x10,0x20,0x20,0x30,0x50,0x50,0x88,0xFD,0x04,0x12,0x00,0x11,0xF8,0x1C,0x40,0xF0,0x40,0x10,0x40,
    0x17,0xFC,0x10,0x00,0x00,0x00,0x00,0x00,0x20,0x08,0x27,0xFC,0x20,0xA0,0x20,0xA8,0xFB,0xFC,0x22,0xA8,0x32,0xA8,0x6A,0xA8,
    0x62,0xA8,0xA3,0x38,0xA2,0x08,0x22,0x08,0x23,0xF8,0x22,0x08,0x00,0x00,0x00,0x00,0x00,0x70,0x7F,0x80,0x12,0x20,0x09,0x40,
    0x00,0x00,0x3F,0xE0,0x20,0x20,0x22,0x20,0x22,0x20,0x22,0x20,0x23,0x20,0x05,0x08,0x19,0x08,0xE0,0xF8,0x00,0x00,0x00,0x00,
    0x40,0x08,0x2F,0xFC,0x20,0x80,0x00,0x80,0x07,0xF0,0xE1,0x10,0x21,0x10,0x2F,0xFC,0x20,0x00,0x23,0xF0,0x2A,0x10,0x32,0x10,
    0x23,0xF0,0x02,0x10,0x00,0x00,0x00,0x00,0x02,0x00,0x05,0x00,0x08,0x80,0x12,0x60,0x2F,0xDC,0xC0,0x40,0x00,0x80,0x1F,0xE0,
    0x10,0x20,0x12,0x20,0x12,0x20,0x15,0x80,0x08,0x60,0xF0,0x18,0x00,0x00,0x00,0x00,0x08,0x40,0x08,0x40,0xFD,0xFC,0x08,0x60,
    0x1C,0xD0,0x29,0x48,0x4A,0x44,0x04,0x00,0xFF,0xFC,0x04,0x40,0x08,0x80,0x0F,0x80,0x02,0x60,0x7C,0x18,0x00,0x00,0x00,0x00,
    0x44,0x20,0x24,0x40,0x28,0xF8,0x7E,0x88,0x12,0xA8,0x7E,0x88,0x50,0xB0,0x7E,0x80,0x12,0xFC,0x32,0x04,0x5A,0xF4,0x94,0x04,
    0x10,0x28,0x10,0x10,0x00,0x00,0x00,0x00,0x10,0x20,0x50,0x40,0x50,0xF8,0x7E,0x88,0x90,0xA8,0x10,0x88,0xFE,0xB0,0x00,0x80,
    0x7C,0xFC,0x44,0x04,0x45,0xF4,0x44,0x04,0x7C,0x28,0x44,0x10,0x00,0x00,0x00,0x00,0x43,0xF0,0x32,0x10,0x13,0xF0,0x02,0x10,
    0x83,0xF0,0x51,0x00,0x53,0xF8,0x24,0x88,0x2C,0x88,0xC5,0x48,0x44,0x08,0x47,0xE8,0x40,0x08,0x40,0x30,0x00,0x00,0x00,0x00,
    0x00,0x08,0x7D,0xFC,0x45,0x08,0x55,0xF8,0x55,0x08,0x55,0xF8,0x54,0x80,0x55,0xFC,0x56,0x54,0x54,0x94,0x11,0x24,0x2A,0x44,
    0x44,0xA8,0x83,0x10,0x00,0x00,0x00,0x00,0x02,0x00,0x02,0x20,0x3F,0xF0,0x02,0x00,0x7F,0xF8,0x08,0x88,0x04,0x90,0x20,0x80,
    0x10,0x80,0xFF,0xFC,0x01,0x00,0x02,0xC0,0x0C,0x38,0xF0,0x08,0x00,0x00,0x00,0x00,0x10,0x08,0x13,0xFC,0x12,0x00,0xFA,0xF8,
    0x12,0x00,0x12,0x00,0x1B,0xFC,0x33,0x40,0xD3,0x48,0x15,0x50,0x15,0x20,0x15,0x50,0x59,0x8C,0x21,0x08,0x00,0x00,0x00,0x00,
    0x20,0x00,0x27,0xB8,0x20,0x88,0xFA,0xA8,0x22,0x98,0x20,0x88,0xF9,0x98,0x4A,0xA8,0x48,0x88,0x28,0x88,0x12,0xA8,0x29,0x10,
    0x46,0x00,0x81,0xFC,0x00,0x00,0x00,0x00,0x00,0x80,0x78,0x40,0x4B,0xFC,0x49,0x10,0x78,0xA0,0x4B,0xFC,0x4A,0x04,0x78,0x40,
    0x4B,0xFC,0x48,0x80,0x48,0xF0,0x49,0x10,0xAA,0x10,0x94,0x60,0x00,0x00,0x00,0x00,0x00,0x08,0x7C,0xFC,0x44,0x88,0x7C,0x88,
    0x44,0x88,0x44,0x88,0x7C,0x88,0x44,0x88,0x48,0x88,0x44,0xA8,0x4E,0x90,0x72,0x80,0x40,0x80,0x00,0x80,0x00,0x00,0x00,0x00,
    0x02,0x00,0x01,0x00,0x3F,0xFC,0x20,0x04,0x42,0x08,0x01,0x40,0x09,0x40,0x28,0x90,0x28,0x88,0x49,0x04,0x4A,0x04,0x0C,0x20,
    0x18,0x20,0xE7,0xE0,0x00,0x00,0x00,0x00,0x10,0x80,0x10,0x88,0x1F,0xFC,0x20,0x80,0x23,0xF0,0x62,0x10,0xA3,0xF0,0x22,0x10,
    0x22,0x10,0x23,0xF0,0x22,0x10,0x23,0xF0,0x22,0x10,0x2F,0xFC,0x00,0x00,0x00,0x00,0x10,0x00,0x10,0x08,0x11,0xFC,0xFD,0x08,
    0x11,0x08,0x11,0xF8,0x19,0x08,0x31,0x08,0xD1,0x08,0x11,0xF8,0x11,0x08,0x10,0x00,0x57,0xFC,0x20,0x00,0x00,0x00,0x00,0x00,
    0x40,0x80,0x20,0x40,0x27,0xFC,0x05,0x24,0x82,0x10,0x54,0x88,0x51,0x40,0x22,0x20,0x24,0x1C,0xDB,0xF0,0x42,0x10,0x42,0x10,
    0x43,0xF0,0x42,0x10,0x00,0x00,0x00,0x00,0x12,0x20,0x0A,0x40,0x3F,0xF0,0x04,0x00,0xFF,0xFC,0x08,0x40,0x37,0xB0,0xC1,0x0C,
    0x1F,0xE0,0x01,0x00,0x7F,0xF8,0x01,0x00,0x05,0x00,0x02,0x00,0x00,0x00,0x00,0x00,0x00,0x20,0x1F,0xF0,0x10,0x20,0x1F,0xE0,
    0x10,0x20,0x1F,0xE0,0x04,0x00,0x0F,0xF8,0x12,0x48,0x64,0x48,0x08,0x88,0x11,0x08,0x62,0x50,0x0C,0x20,0x00,0x00,0x00,0x00,
    0x20,0x80,0x20,0x80,0x27,0xF8,0x24,0x90,0xFA,0xA0,0x27,0xFC,0x20,0x00,0x27,0xF8,0x24,0x08,0x3D,0xE8,0xE5,0x28,0x45,0xE8,
    0x07,0xF8,0x04,0x08,0x00,0x00,0x00,0x00,0x00,0x08,0x1F,0xFC,0x10,0x08,0x10,0x08,0x10,0x08,0x1F,0xF8,0x10,0x08,0x10,0x00,
    0x10,0x00,0x10,0x00,0x20,0x00,0x20,0x00,0x40,0x00,0x80,0x00,0x00,0x00,0x00,0x00,0x00,0x10,0x3F,0xF8,0x20,0x00,0x20,0x00,
    0x20,0x10,0x3F,0xF8,0x20,0x10,0x20,0x10,0x3F,0xF0,0x20,0x10,0x20,0x00,0x20,0x00,0x20,0x08,0x3F,0xFC,0x00,0x00,0x00,0x00,
    0x20,0x40,0x20,0x40,0xFD,0xF8,0x20,0x40,0x50,0x40,0x53,0xFC,0xFC,0x80,0x10,0x80,0x11,0xF8,0x1C,0x10,0xF1,0xA0,0x50,0x40,
    0x10,0x20,0x10,0x10,0x00,0x00,0x00,0x00,0x02,0x00,0x12,0x20,0x0A,0x40,0x3F,0xF8,0x04,0x00,0x7F,0xFC,0x08,0x40,0x10,0x20,
    0x2F,0xDC,0xC8,0x48,0x08,0x40,0x09,0x90,0x08,0x10,0x07,0xF0,0x00,0x00,0x00,0x00,0x04,0x40,0x1E,0x40,0x68,0x40,0x08,0x40,
    0x08,0x40,0xFF,0x40,0x08,0x40,0x08,0x40,0x7E,0x40,0x42,0x40,0x42,0x44,0x42,0x44,0x7E,0x44,0x42,0x3C,0x00,0x00,0x00,0x00,
    0x01,0x00,0x01,0x00,0x01,0x00,0x01,0x00,0x11,0x10,0x11,0xF8,0x11,0x00,0x11,0x00,0x11,0x00,0x11,0x00,0x11,0x00,0x11,0x00,
    0x11,0x08,0xFF,0xFC,0x00,0x00,0x00,0x00,0x02,0x00,0x02,0x00,0x04,0x08,0x3F,0xFC,0x20,0x08,0x20,0x08,0x27,0xC8,0x24,0x48,
    0x24,0x48,0x27,0xC8,0x24,0x48,0x20,0x08,0x20,0x28,0x20,0x10,0x00,0x00,0x00,0x00,0x02,0x00,0x02,0x00,0x02,0x08,0xFF,0xFC,
    0x04,0x00,0x04,0x00,0x08,0x10,0x1F,0xF8,0x28,0x10,0x48,0x10,0x88,0x10,0x08,0x10,0x0F,0xF0,0x08,0x10,0x00,0x00,0x00,0x00,
    0x20,0x80,0x10,0x88,0x10,0xFC,0xFD,0x00,0x22,0x00,0x3D,0xF8,0x24,0x48,0x25,0x40,0x25,0x78,0x25,0x40,0x25,0x40,0x45,0x40,
    0x5A,0xC0,0x84,0x3C,0x00,0x00,0x00,0x00,0x42,0x20,0x22,0x20,0x2F,0x78,0x02,0x20,0x8F,0x7C,0x52,0x20,0x55,0x50,0x28,0x8C,
    0x27,0xF0,0xC4,0x10,0x47,0xF0,0x44,0x10,0x44,0x10,0x47,0xF0,0x00,0x00,0x00,0x00,0x08,0x80,0x08,0xA0,0x10,0x90,0x10,0x90,
    0x30,0x80,0x57,0xFC,0x90,0x80,0x10,0x80,0x11,0x40,0x11,0x40,0x12,0x20,0x12,0x10,0x14,0x0C,0x18,0x08,0x00,0x00,0x00,0x00,
    0x01,0x00,0x01,0x08,0x7F,0xFC,0x05,0x80,0x09,0x40,0x11,0x30,0x2F,0xCC,0xC0,0x80,0x01,0x00,0x7F,0xFC,0x01,0x00,0x01,0x00,
    0x05,0x00,0x02,0x00,0x00,0x00,0x00,0x00,0x02,0x00,0x04,0x10,0x1F,0xF8,0x15,0x50,0x11,0x10,0x17,0xD0,0x11,0x10,0x15,0x50,
    0x01,0x00,0xFF,0xFC,0x02,0x80,0x04,0x40,0x08,0x3C,0x70,0x08,0x00,0x00,0x00,0x00,0x00,0x20,0x3F,0xF0,0x02,0x00,0x7F,0xF8,
    0x42,0x08,0xBA,0xD0,0x02,0x00,0x08,0x40,0x7D,0xF8,0x18,0x60,0x2C,0xD0,0x49,0x48,0x8A,0x44,0x08,0x40,0x00,0x00,0x00,0x00,
    0x00,0x10,0x3F,0xF8,0x22,0x10,0x2F,0xD0,0x22,0x10,0x25,0x90,0x28,0x50,0x3F,0xF0,0x02,0x00,0x09,0x10,0x29,0x08,0x48,0x24,
    0xC8,0x24,0x07,0xE0,0x00,0x00,0x00,0x00,0x40,0x80,0x30,0x80,0x10,0x80,0x00,0x80,0x00,0x80,0xE0,0x80,0x20,0x80,0x21,0x40,
    0x21,0x40,0x21,0x20,0x2A,0x20,0x32,0x10,0x24,0x0C,0x18,0x08,0x00,0x00,0x00,0x00,0x08,0x40,0x10,0x30,0x28,0x48,0x44,0x80,
    0x03,0x00,0x1C,0xE0,0xE0,0x1C,0x1F,0xE0,0x12,0x20,0x12,0x20,0x1F,0xE0,0x10,0x08,0x10,0x08,0x0F,0xF8,0x00,0x00,0x00,0x00,
    0x20,0x10,0x20,0x78,0x27,0xC0,0xF8,0x48,0x27,0xFC,0x20,0x40,0x33,0x58,0x64,0x48,0xA4,0x48,0x27,0x58,0x24,0x48,0x24,0x48,
    0xA7,0xF8,0x44,0x08,0x00,0x00,0x00,0x00,0x21,0x20,0x2F,0xFC,0x21,0x20,0xF7,0xF8,0x25,0x28,0x27,0xF8,0x75,0x28,0x6F,0xF8,
    0xA0,0x00,0xA3,0xF0,0x22,0x10,0x23,0xF0,0x22,0x10,0x23,0xF0,0x00,0x00,0x00,0x00,0x01,0x00,0x01,0x00,0x01,0x10,0x1F,0xF8,
    0x11,0x10,0x11,0x10,0x11,0x10,0x7F,0xFC,0x01,0x00,0x02,0x80,0x04,0x40,0x08,0x20,0x10,0x1C,0x60,0x08,0x00,0x00,0x00,0x00,
    0x11,0x40,0x11,0x20,0x11,0x20,0xFB,0xFC,0x12,0x40,0x16,0x40,0x1B,0xFC,0x32,0x40,0xD2,0x40,0x13,0xFC,0x12,0x40,0x12,0x40,
    0x53,0xFC,0x22,0x00,0x00,0x00,0x00,0x00,0x08,0x40,0xF2,0x48,0x11,0x50,0x10,0x40,0xFD,0xF8,0x11,0x08,0x39,0x08,0x55,0xF8,
    0x51,0x08,0x91,0xF8,0x11,0x08,0x11,0x08,0x11,0x28,0x11,0x10,0x00,0x00,0x00,0x00,0x20,0x20,0x22,0x20,0x4A,0xA0,0x8A,0xA8,
    0x2F,0xFC,0x20,0x48,0x6F,0xA8,0xA0,0x28,0x27,0x28,0x25,0x10,0x25,0x90,0x29,0x28,0x30,0x48,0x21,0x84,0x00,0x00,0x00,0x00,
    0x08,0x40,0x1C,0x40,0x70,0xF8,0x11,0x10,0x12,0xA0,0xFC,0x40,0x13,0x80,0x38,0x48,0x54,0xFC,0x51,0x88,0x96,0x50,0x10,0x20,
    0x10,0xC0,0x17,0x00,0x00,0x00,0x00,0x00,0x10,0x40,0x12,0x40,0x22,0x48,0x23,0x50,0x4A,0xE0,0xFA,0x40,0x13,0xFC,0x22,0x40,
    0x5A,0xE0,0xE3,0x50,0x02,0x48,0x1A,0x40,0xE2,0x00,0x03,0xFC,0x00,0x00,0x00,0x00,0x02,0x00,0x01,0x08,0x3F,0xFC,0x20,0xA0,
    0xAE,0x90,0x62,0xFC,0x2A,0x90,0x65,0xFC,0xA4,0x90,0x24,0xFC,0x2A,0x90,0x2A,0x90,0x50,0xFC,0x80,0x80,0x00,0x00,0x00,0x00,
    0x41,0x00,0x30,0x88,0x17,0xFC,0x01,0x00,0x82,0x10,0x47,0xF8,0x50,0x08,0x14,0xA0,0x24,0xA0,0x24,0xA0,0xC4,0xA0,0x44,0xA4,
    0x48,0xA4,0x50,0x9C,0x00,0x00,0x00,0x00,0x40,0x08,0x37,0xFC,0x14,0x08,0x85,0xE8,0x44,0x08,0x54,0x08,0x15,0xE8,0x25,0x28,
    0x25,0x28,0xC5,0xE8,0x45,0x28,0x44,0x08,0x44,0x28,0x04,0x10,0x00,0x00,0x00,0x00,0x41,0x00,0x21,0x00,0x21,0x08,0x03,0xFC,
    0x02,0x40,0xE4,0x40,0x20,0x40,0x27,0xFC,0x20,0x40,0x20,0x40,0x28,0x40,0x30,0x40,0x20,0x40,0x00,0x40,0x00,0x00,0x00,0x00,
    0x02,0x00,0x01,0x00,0x7F,0xF8,0x44,0x88,0xBF,0xF0,0x04,0x80,0x3F,0xF0,0x04,0x80,0x7F,0xF8,0x09,0x20,0x37,0xD0,0xC1,0x0C,
    0x01,0x00,0x3F,0xF8,0x00,0x00,0x00,0x00,0x20,0x80,0x20,0x88,0x23,0xE8,0x20,0x90,0xF8,0xA0,0x27,0xFC,0x20,0x80,0x23,0xF0,
    0x26,0x10,0x3A,0x10,0xE3,0xF0,0x42,0x10,0x03,0xF0,0x02,0x10,0x00,0x00,0x00,0x00,0x00,0x08,0x47,0xFC,0x54,0x40,0x55,0xF8,
    0x55,0x08,0x55,0x28,0x55,0x28,0x55,0x28,0x55,0x28,0x55,0x28,0x55,0x48,0x54,0x50,0x84,0x8C,0x83,0x04,0x00,0x00,0x00,0x00,
    0x20,0x40,0x20,0x40,0x3C,0xF8,0x45,0x88,0x84,0x50,0x74,0x60,0x55,0xA0,0x54,0x7C,0x74,0x84,0x55,0x48,0x44,0x50,0x04,0x20,
    0x18,0xC0,0x03,0x00,0x00,0x00,0x00,0x00,0x04,0x40,0x04,0x48,0xFF,0xFC,0x04,0x40,0x04,0x40,0x7F,0xF0,0x02,0x10,0x02,0x10,
    0x02,0x10,0x02,0x10,0x02,0x50,0x02,0x20,0x02,0x00,0x02,0x00,0x00,0x00,0x00,0x00,0x01,0x00,0x7F,0xF8,0x08,0x40,0x04,0x80,
    0xFF,0xFC,0x11,0x20,0x11,0x20,0x1F,0xE0,0x11,0x20,0x1F,0xE0,0x01,0x00,0x3F,0xF8,0x01,0x00,0xFF,0xFC,0x00,0x00,0x00,0x00,
    0x10,0x40,0x08,0x90,0x7F,0xF8,0x42,0x10,0x52,0x50,0x4A,0x90,0x7F,0xF0,0x00,0x00,0x1F,0xE0,0x10,0x20,0x1F,0xE0,0x10,0x20,
    0x1F,0xE0,0x10,0x20,0x00,0x00,0x00,0x00,0x40,0x80,0x20,0x90,0x27,0xF8,0x00,0x80,0x0F,0xFC,0xE2,0x08,0x21,0x40,0x24,0x40,
    0x22,0x40,0x27,0xFC,0x20,0x40,0x30,0xA0,0x21,0x18,0x0E,0x08,0x00,0x00,0x00,0x00,0x21,0x00,0x21,0x0C,0x21,0x30,0xF9,0x20,
    0xAF,0xE0,0xA9,0x3C,0xA9,0xA8,0xAB,0x68,0xFD,0x28,0x21,0x28,0x29,0x28,0x3D,0x48,0xC5,0x48,0x01,0x88,0x00,0x00,0x00,0x00,
    0x20,0x08,0x21,0xFC,0x21,0x08,0xF9,0xF8,0xA9,0x08,0xA9,0xF8,0xA8,0x80,0xA9,0xFC,0xFA,0x54,0x20,0x94,0x29,0x24,0x3A,0x44,
    0xC8,0xA8,0x01,0x10,0x00,0x00,0x00,0x00,0x10,0x00,0x10,0x00,0x10,0x10,0x3F,0xF8,0x22,0x00,0x42,0x00,0x02,0x08,0xFF,0xFC,
    0x02,0x80,0x02,0x80,0x04,0x40,0x08,0x20,0x30,0x1C,0xC0,0x08,0x00,0x00,0x00,0x00,0x08,0x10,0x4B,0xF8,0x49,0x10,0x49,0x10,
    0x48,0xA0,0x48,0x40,0x48,0xA0,0x4B,0x1C,0x09,0x00,0x01,0x00,0x7F,0xF8,0x01,0x00,0x01,0x00,0xFF,0xFC,0x00,0x00,0x00,0x00,
    0x00,0x08,0xFB,0xFC,0x20,0x40,0x23,0xF8,0x22,0x48,0x7B,0xF8,0x4A,0x48,0xCA,0x48,0x4B,0xF8,0x48,0x40,0x79,0x40,0x48,0x80,
    0x41,0x60,0x0E,0x1C,0x00,0x00,0x00,0x00,0x02,0x00,0x02,0x10,0x7F,0xF8,0x02,0x00,0x3F,0xF0,0x00,0x00,0x7F,0xF8,0x40,0x08,
    0x8F,0x90,0x08,0x80,0x08,0x80,0x08,0x84,0x10,0x84,0x60,0x7C,0x00,0x00,0x00,0x00,0x00,0x00,0x47,0xFC,0x24,0x04,0x09,0x28,
    0x82,0x10,0x54,0x88,0x50,0x80,0x2F,0xFC,0x20,0xC0,0xC1,0xA0,0x42,0x90,0x44,0x8C,0x48,0x88,0x40,0x80,0x00,0x00,0x00,0x00,
    0x08,0x08,0x08,0x08,0xFF,0xA8,0x08,0x28,0x7F,0x28,0x49,0x28,0x49,0x28,0x49,0x28,0x4B,0x28,0x1C,0x28,0x2A,0x28,0x49,0x08,
    0x88,0x28,0x08,0x10,0x00,0x00,0x00,0x00,0x00,0x00,0x0C,0x00,0x02,0x00,0x01,0x00,0x01,0x00,0x02,0x80,0x02,0x80,0x04,0x80,
    0x04,0x40,0x08,0x40,0x10,0x20,0x20,0x10,0xC0,0x0C,0x00,0x00,0x00,0x00,0x00,0x00,0x10,0x80,0x10,0x80,0x10,0x80,0x22,0x88,
    0x22,0xBC,0x63,0xC8,0xAE,0x88,0x22,0x88,0x22,0xA8,0x22,0x90,0x22,0x84,0x22,0x04,0x22,0x04,0x21,0xFC,0x00,0x00,0x00,0x00,
    0x00,0x40,0x78,0x40,0x48,0x40,0x48,0x40,0x78,0x50,0x4B,0xF8,0x48,0x40,0x48,0x40,0x78,0x40,0x48,0x40,0x48,0x40,0x48,0x48,
    0xAF,0xFC,0x90,0x00,0x00,0x00,0x00,0x00,0x20,0x00,0x20,0x08,0x27,0xFC,0x30,0x40,0x68,0x40,0xA8,0x80,0xA0,0xD0,0x21,0x48,
    0x22,0x44,0x24,0x44,0x28,0x40,0x20,0x40,0x20,0x40,0x20,0x40,0x00,0x00,0x00,0x00,0x10,0x00,0x17,0xF8,0x10,0x10,0x20,0x20,
    0x20,0x40,0x60,0x40,0xA0,0x40,0x2F,0xFC,0x20,0x40,0x20,0x40,0x20,0x40,0x20,0x40,0x21,0x40,0x20,0x80,0x00,0x00,0x00,0x00,
    0x10,0x80,0x10,0x88,0x3E,0xFC,0x45,0x20,0x88,0x80,0x7F,0xFC,0x00,0x10,0x3E,0x50,0x22,0x50,0x3E,0x50,0x22,0x50,0x3E,0x50,
    0x22,0x10,0x26,0x30,0x00,0x00,0x00,0x00,0x10,0x10,0x10,0x10,0x7C,0x10,0x44,0x10,0x7D,0xFC,0x44,0x10,0x7D,0x10,0x44,0x90,
    0xFC,0x90,0x0C,0x10,0x14,0x10,0x24,0x10,0x54,0x50,0x88,0x20,0x00,0x00,0x00,0x00,0x08,0x80,0x08,0x80,0x10,0x40,0x2F,0xF0,
    0xC4,0x4C,0x04,0x40,0x08,0x40,0x11,0x80,0x60,0x00,0x3F,0xF0,0x24,0x90,0x24,0x90,0x24,0x90,0xFF,0xFC,0x00,0x00,0x00,0x00,
    0x02,0x00,0x01,0x08,0x3F,0xFC,0x22,0x40,0x22,0x20,0x3F,0xF8,0x22,0x80,0x22,0x90,0x22,0xA0,0x24,0xC0,0x24,0x84,0x49,0x84,
    0x56,0x84,0xA0,0x7C,0x00,0x00,0x00,0x00,0x01,0x00,0xF9,0x08,0x09,0x18,0x09,0x20,0x79,0x40,0x41,0x00,0x47,0xFC,0x79,0x40,
    0x09,0x40,0x09,0x20,0x09,0x20,0x09,0x50,0x51,0x8C,0x21,0x08,0x00,0x00,0x00,0x00,0x01,0x20,0xF5,0x2C,0x95,0xB0,0x95,0x24,
    0x9F,0xBC,0x91,0xE0,0x92,0x20,0x97,0xF8,0xF2,0x48,0x93,0xF8,0x82,0x48,0x03,0xF8,0x04,0x48,0x08,0x58,0x00,0x00,0x00,0x00,
    0x10,0x00,0x11,0xF8,0xFD,0x08,0x24,0x90,0x24,0xA0,0x18,0x40,0x24,0xB0,0xC3,0x0C,0x00,0x00,0x09,0x10,0x28,0x88,0x28,0x28,
    0x48,0x20,0x07,0xE0,0x00,0x00,0x00,0x00,0x10,0x00,0x10,0x10,0x1F,0xF8,0x20,0x00,0x5F,0xF0,0x80,0x00,0x3F,0xE0,0x00,0x20,
    0x00,0x20,0x00,0x20,0x00,0x20,0x00,0x24,0x00,0x14,0x00,0x0C,0x00,0x00,0x00,0x00,0x00,0x80,0x7A,0xA0,0x4F,0xF8,0x48,0x80,
    0x7F,0xFC,0x49,0x20,0x4B,0xF0,0x7C,0x2C,0x4A,0x20,0x4B,0xF8,0x48,0x08,0x4B,0xE8,0xA8,0x08,0x90,0x30,0x00,0x00,0x00,0x00,
    0x05,0x00,0x05,0x0C,0xF5,0x30,0x9F,0xE0,0x95,0x20,0x97,0x3C,0x95,0x28,0x97,0x28,0xF5,0x28,0x9F,0xE8,0x85,0x28,0x04,0xA8,
    0x08,0x48,0x10,0x88,0x00,0x00,0x00,0x00,0x00,0x10,0x3F,0xF8,0x02,0x00,0x02,0x08,0xFF,0xFC,0x04,0x80,0x08,0x40,0x10,0x30,
    0x2F,0xEC,0xC8,0x20,0x08,0x20,0x08,0x20,0x0F,0xE0,0x08,0x20,0x00,0x00,0x00,0x00,0x02,0x00,0x01,0x00,0x3F,0xFC,0x21,0x04,
    0x5F,0xE8,0x01,0x00,0x1F,0xF0,0x01,0x00,0x7F,0xFC,0x01,0x00,0x1F,0xE0,0x10,0x20,0x10,0x20,0x1F,0xE0,0x00,0x00,0x00,0x00,
    0x04,0x80,0x7C,0xFC,0x04,0x80,0x7C,0xF8,0x04,0x80,0xFC,0xFC,0x04,0x80,0x7F,0xF8,0x09,0x00,0x1F,0xF0,0x01,0x00,0xFF,0xFC,
    0x01,0x00,0x01,0x00,0x00,0x00,0x00,0x00,0x04,0x00,0x0F,0xF8,0x75,0x28,0x55,0x28,0x55,0x28,0x55,0xF8,0x55,0x00,0x55,0x04,
    0x55,0x04,0x52,0xFC,0x51,0x00,0x50,0x80,0x90,0x60,0x90,0x1C,0x00,0x00,0x00,0x00,0x01,0x00,0x01,0x00,0x01,0x10,0x1F,0xF8,
    0x11,0x10,0x11,0x10,0x11,0x10,0x11,0x10,0x1F,0xF0,0x01,0x00,0x01,0x10,0x01,0x08,0x7F,0xFC,0x20,0x04,0x00,0x00,0x00,0x00,
    0x08,0x00,0x08,0x00,0x08,0x08,0x0F,0xFC,0x08,0x00,0x10,0x10,0x1F,0xF8,0x00,0x10,0x00,0x10,0x7F,0xD0,0x00,0x10,0x00,0x10,
    0x00,0xA0,0x00,0x40,0x00,0x00,0x00,0x00,0x00,0x40,0x0C,0x40,0xF0,0x88,0x10,0xFC,0xFE,0x88,0x11,0x88,0x12,0x88,0x7C,0x88,
    0x44,0x50,0x44,0x50,0x44,0x20,0x7C,0x50,0x44,0x88,0x43,0x04,0x00,0x00,0x00,0x00,0x02,0x00,0x01,0x00,0x01,0x10,0x7F,0xF8,
    0x00,0x00,0x10,0x40,0x08,0x40,0x08,0x40,0x04,0x80,0x04,0x80,0x04,0x80,0x01,0x08,0xFF,0xFC,0x00,0x00,0x00,0x00,0x00,0x00,
    0x40,0x10,0x23,0xF8,0x22,0x10,0x03,0xF0,0x02,0x10,0xE2,0x10,0x23,0xF0,0x22,0x88,0x22,0x50,0x22,0x20,0x23,0x98,0x52,0x08,
    0x8C,0x00,0x03,0xFC,0x00,0x00,0x00,0x00,0x40,0x40,0x30,0x40,0x10,0x40,0x00,0x40,0x04,0x48,0xE4,0x48,0x24,0x48,0x24,0x48,
    0x24,0x48,0x24,0x48,0x2C,0x48,0x34,0x48,0x27,0xF8,0x00,0x08,0x00,0x00,0x00,0x00,0x10,0x40,0x10,0x40,0x3E,0xFC,0x49,0x20,
    0x8A,0x10,0x01,0xE0,0x3E,0x00,0x02,0x00,0x7F,0xF8,0x03,0x00,0x04,0x80,0x08,0x40,0x30,0x30,0xC0,0x0C,0x00,0x00,0x00,0x00,
    0x04,0x80,0x7C,0x98,0x04,0xE0,0x1C,0x84,0xE4,0x7C,0x00,0x00,0x1F,0xE0,0x10,0x20,0x1F,0xE0,0x10,0x20,0x1F,0xE0,0x10,0x20,
    0x10,0xA0,0x10,0x40,0x00,0x00,0x00,0x00,0x00,0x20,0x3F,0xF0,0x00,0x20,0x00,0x20,0x1F,0xE0,0x10,0x00,0x20,0x00,0x3F,0xF0,
    0x00,0x10,0x00,0x10,0x00,0x10,0x00,0x10,0x01,0x20,0x00,0xC0,0x00,0x00,0x00,0x00,0x00,0x40,0x18,0x40,0x04,0x80,0x03,0x80,
    0x0C,0x60,0x31,0x20,0x01,0x08,0xFF,0xFC,0x01,0x00,0x09,0x40,0x11,0x20,0x21,0x18,0x45,0x08,0x02,0x00,0x00,0x00,0x00,0x00,
    0x02,0x00,0x02,0x10,0x7F,0xF8,0x02,0x00,0x3F,0xF0,0x04,0x00,0xFF,0xF8,0x10,0x20,0x2F,0xD0,0xC8,0x4C,0x0F,0xC0,0x08,0x40,
    0x08,0x40,0x0F,0xC0,0x00,0x00,0x00,0x00,0x24,0x08,0x24,0xFC,0x7E,0x88,0x24,0x88,0x3C,0xF8,0x24,0x88,0x24,0x88,0x3C,0x88,
    0x24,0xF8,0xFE,0x88,0x14,0x88,0x22,0x88,0x41,0x28,0x82,0x10,0x00,0x00,0x00,0x00,0x01,0x00,0x01,0x00,0x01,0x00,0x09,0x60,
    0x09,0x10,0x11,0x08,0x11,0x04,0x21,0x10,0x41,0x20,0x01,0x40,0x00,0x80,0x03,0x00,0x0C,0x00,0x70,0x00,0x00,0x00,0x00,0x00,
    0x04,0x80,0x04,0x40,0x04,0x20,0x04,0x08,0x7F,0xFC,0x04,0x80,0x04,0x80,0x04,0x80,0x04,0x80,0x04,0x80,0x08,0x84,0x10,0x84,
    0x20,0x84,0xC0,0x7C,0x00,0x00,0x00,0x00,0x20,0x80,0x20,0x40,0x23,0xF8,0xFC,0x00,0x40,0x90,0x51,0x08,0xFB,0x14,0x11,0x10,
    0x10,0x90,0x1C,0xA0,0xF0,0x40,0x50,0xA0,0x11,0x10,0x16,0x0C,0x00,0x00,0x00,0x00,0x04,0x00,0x0F,0xC0,0x10,0x80,0x3F,0xF0,
    0xE2,0x10,0x3F,0xF0,0x04,0x10,0x0A,0x20,0x75,0x40,0x09,0xC0,0x32,0xA0,0x0C,0x9C,0x70,0x88,0x03,0x00,0x00,0x00,0x00,0x00,
    0x10,0x08,0x10,0x88,0x2F,0xC8,0x24,0x28,0x64,0x28,0xA7,0xA8,0x28,0xA8,0x34,0xA8,0x25,0x28,0x22,0x28,0x22,0x28,0x24,0x08,
    0x28,0x28,0x30,0x10,0x00,0x00,0x00,0x00,0x01,0x08,0x3F,0x88,0x21,0x10,0x3F,0x20,0x21,0x40,0xFF,0x88,0x00,0x10,0x3F,0x20,
    0x21,0x40,0x3F,0x04,0x16,0x08,0x25,0x10,0x54,0x60,0x89,0x80,0x00,0x00,0x00,0x00,0x00,0x08,0x3F,0xFC,0x21,0x20,0x3F,0xFC,
    0x22,0x40,0x24,0x30,0x3B,0xEC,0x21,0x00,0x2F,0xF8,0x2A,0x48,0x2B,0xC8,0x4A,0x48,0x4F,0xF8,0x88,0x08,0x00,0x00,0x00,0x00,
    0x20,0x20,0x20,0x20,0x3C,0x20,0x48,0x28,0x7D,0xFC,0xD5,0x28,0x7D,0x28,0x55,0x28,0x55,0xF8,0x7D,0x28,0x54,0x20,0x54,0x28,
    0x94,0x3C,0x8D,0xC4,0x00,0x00,0x00,0x00,0x00,0x20,0x03,0xF0,0xFA,0x20,0x12,0x20,0x13,0x20,0x1A,0xA4,0xE4,0xA4,0x08,0x1C,
    0x12,0x00,0x09,0x20,0x49,0x10,0x48,0x28,0x88,0x20,0x07,0xE0,0x00,0x00,0x00,0x00,0x20,0x10,0x23,0xF8,0x22,0x10,0x33,0xF0,
    0x6A,0x10,0xAB,0xF0,0xA2,0x10,0x23,0xF0,0x22,0x10,0x2F,0xFC,0x20,0x00,0x22,0x10,0x24,0x08,0x28,0x08,0x00,0x00,0x00,0x00,
    0x00,0x00,0x00,0x00,0x00,0x00,0x00,0x00,0x00,0x00,0x00,0x00,0x00,0x00,0x00,0x00,0x00,0x00,0x40,0x00,0x20,0x00,0x30,0x00,
    0x10,0x00,0x00,0x00,0x00,0x00,0x00,0x00,0x20,0x80,0x20,0x40,0x27,0xFC,0xB0,0x00,0xAB,0xF0,0xA2,0x10,0x22,0x10,0x23,0xF0,
    0x20,0x40,0x22,0x60,0x22,0x50,0x24,0x48,0x29,0x48,0x20,0x80,0x00,0x00,0x00,0x00,0x00,0xA0,0x00,0x90,0x00,0x80,0xFF,0xFC,
    0x00,0x80,0x3C,0x88,0x24,0x88,0x24,0x90,0x3C,0x90,0x20,0x60,0x06,0x44,0xF8,0xA4,0x41,0x14,0x06,0x0C,0x00,0x00,0x00,0x00,
    0x00,0x08,0x3F,0xFC,0x20,0x00,0x21,0x00,0x21,0x00,0x21,0x00,0x2F,0xF0,0x21,0x00,0x21,0x20,0x21,0x10,0x21,0x10,0x41,0x00,
    0x5F,0xFC,0x80,0x00,0x00,0x00,0x00,0x00,0x20,0x40,0x20,0x80,0x23,0xF0,0xFA,0x10,0x22,0x90,0x22,0x60,0x2A,0x08,0x33,0xFC,
    0xE0,0x88,0x24,0xA8,0x24,0xA8,0x27,0xE8,0xA0,0x08,0x40,0x30,0x00,0x00,0x00,0x00,0x01,0x00,0x11,0x10,0x09,0x20,0x7F,0xFC,
    0x40,0x04,0x8F,0xE8,0x08,0x20,0x0F,0xE0,0x01,0x00,0x1F,0xF0,0x11,0x10,0x11,0x10,0x11,0x30,0x01,0x00,0x00,0x00,0x00,0x00,
    0x10,0x80,0x10,0x88,0x23,0xE8,0x20,0x90,0x48,0xA0,0xF7,0xFC,0x10,0x80,0x21,0x10,0xFB,0xF8,0x45,0x10,0x19,0xF0,0xE1,0x10,
    0x41,0xF0,0x01,0x10,0x00,0x00,0x00,0x00,0x00,0x00,0x03,0x00,0x04,0x80,0x08,0x40,0x10,0x20,0x20,0x10,0x40,0x08,0x40,0x08,
    0x20,0x10,0x10,0x20,0x08,0x40,0x04,0x80,0x03,0x00,0x00,0x00,0x00,0x00,0x00,0x00,0x10,0x40,0x10,0x48,0x3E,0xFC,0x49,0x20,
    0xBF,0xF0,0x01,0x10,0x1F,0xF0,0x11,0x00,0x21,0x00,0x3F,0xF8,0x05,0x08,0x09,0x48,0x31,0x30,0xC1,0x00,0x00,0x00,0x00,0x00,
    0x00,0x00,0x00,0x00,0x00,0x00,0x00,0x00,0x00,0x00,0x00,0x00,0x00,0x00,0x60,0x00,0x60,0x00,0x00,0x00,0x00,0x00,0x60,0x00,
    0x60,0x00,0x00,0x00,0x00,0x00,0x00,0x00,0x10,0x00,0x10,0x08,0x11,0xFC,0x20,0x08,0x22,0x08,0x44,0x08,0xF8,0x08,0x08,0x08,
    0x10,0x08,0x24,0x08,0x42,0x08,0xFF,0x08,0x41,0x50,0x00,0x20,0x00,0x00,0x00,0x00,0x10,0x08,0x17,0xFC,0x20,0x40,0x48,0x40,
    0x88,0x40,0x12,0x40,0x22,0x78,0x62,0x40,0xA2,0x40,0x22,0x40,0x22,0x40,0x22,0x40,0x2F,0xFC,0x20,0x00,0x00,0x00,0x00,0x00,
    0x04,0x80,0x04,0x80,0x44,0x88,0x24,0x98,0x14,0xA0,0x14,0xC0,0x04,0x80,0x1C,0xE0,0xE4,0x98,0x44,0x88,0x08,0x80,0x10,0x84,
    0x20,0x84,0xC0,0x7C,0x00,0x00,0x00,0x00,0x20,0x20,0x27,0xF0,0x20,0x40,0x20,0x80,0xF9,0x00,0x22,0x08,0x23,0xFC,0x20,0xA8,
    0x21,0x28,0x3A,0x48,0xE4,0x88,0x49,0x08,0x02,0x50,0x04,0x20,0x00,0x00,0x00,0x00,0x1F,0xE0,0x10,0x20,0x1F,0xE0,0x10,0x20,
    0x1F,0xE0,0x01,0x08,0xFF,0xFC,0x00,0x00,0x1F,0xE0,0x10,0x20,0x1F,0xE0,0x11,0x20,0x25,0x18,0xC2,0x08,0x00,0x00,0x00,0x00,
    0x02,0x00,0x01,0x00,0x3F,0xFC,0x20,0x04,0x40,0x08,0x1F,0xE0,0x00,0x00,0x7F,0xF8,0x04,0x80,0x04,0x80,0x04,0x80,0x08,0x84,
    0x10,0x84,0x60,0x7C,0x00,0x00,0x00,0x00,0x21,0x20,0x2F,0xFC,0x21,0x20,0xB7,0xF0,0xA8,0x80,0xAF,0xFC,0x20,0x80,0x27,0xF0,
    0x24,0x90,0x27,0xF0,0x24,0x90,0x2F,0xF8,0x20,0x80,0x2F,0xFC,0x00,0x00,0x00,0x00,0x00,0x08,0x0F,0x7C,0xE9,0x08,0xAA,0x08,
    0xAC,0xE8,0xAA,0xA8,0xAA,0xA8,0xAA,0xA8,0xEA,0xE8,0xAE,0x08,0x08,0x08,0x08,0x08,0x08,0x28,0x08,0x10,0x00,0x00,0x00,0x00,
    0x20,0x40,0x20,0x40,0x20,0x40,0x22,0x40,0x22,0x40,0xFA,0x48,0x22,0x7C,0x22,0x40,0x22,0x40,0x22,0x40,0x3A,0x40,0xE2,0x40,
    0x42,0x48,0x0F,0xFC,0x00,0x00,0x00,0x00,0x01,0x00,0x11,0x20,0x09,0x40,0x3F,0xFC,0x20,0x04,0x4F,0xE8,0x08,0x20,0x08,0x20,
    0x0F,0xE0,0x01,0x00,0x3F,0xF0,0x01,0x00,0x01,0x08,0x7F,0xFC,0x00,0x00,0x00,0x00,0x10,0x20,0xFF,0x20,0x00,0x20,0x3C,0x3C,
    0x24,0x20,0x3C,0x20,0x00,0xF8,0xFE,0x88,0x82,0x48,0xBA,0x50,0xAA,0x20,0xBA,0x50,0x86,0x88,0x81,0x04,0x00,0x00,0x00,0x00,
    0x10,0x08,0x0B,0xFC,0x48,0x08,0x40,0x88,0x40,0x88,0x5F,0xE8,0x41,0x88,0x42,0x88,0x44,0x88,0x48,0x88,0x52,0x88,0x41,0x08,
    0x40,0x28,0x40,0x10,0x00,0x00,0x00,0x00,0x08,0x80,0x08,0x88,0xFF,0xFC,0x08,0x80,0x06,0x08,0x78,0x48,0x08,0x48,0xFF,0x48,
    0x08,0x48,0x1E,0x48,0x29,0x48,0x48,0x08,0x88,0x28,0x08,0x10,0x00,0x00,0x00,0x00,0x08,0x80,0x08,0x88,0xFF,0xFC,0x08,0x80,
    0x20,0x00,0x10,0x80,0x42,0x90,0x2A,0x88,0x14,0x84,0x28,0x90,0xE0,0xA0,0x20,0x40,0x21,0x80,0x2E,0x00,0x00,0x00,0x00,0x00,
    0x11,0x20,0x11,0x20,0x11,0x20,0x21,0x28,0x27,0xFC,0x61,0x20,0xA1,0x20,0x21,0x20,0x2F,0xFC,0x20,0x00,0x22,0x20,0x22,0x10,
    0x24,0x08,0x28,0x08,0x00,0x00,0x00,0x00,0x20,0x20,0x13,0xF0,0x12,0x20,0x02,0x20,0x02,0x1C,0xF4,0x00,0x1B,0xF0,0x11,0x10,
    0x11,0x10,0x14,0xA0,0x18,0x40,0x10,0xA0,0x03,0x1C,0x0C,0x08,0x00,0x00,0x00,0x00,0x20,0x80,0x10,0x80,0x11,0xFC,0xFD,0x00,
    0x22,0x40,0x21,0x48,0x39,0x7C,0x2B,0xC8,0x29,0x48,0x29,0x68,0x29,0x50,0x49,0x44,0x49,0x04,0x90,0xFC,0x00,0x00,0x00,0x00,
    0x40,0x80,0x20,0x80,0x21,0x40,0x02,0x20,0x84,0x10,0x4B,0xEC,0x40,0x80,0x20,0x80,0x2F,0xF8,0xC2,0xA0,0x42,0x90,0x44,0x88,
    0x4A,0x88,0x41,0x00,0x00,0x00,0x00,0x00,0x20,0x80,0x20,0x40,0x23,0xFC,0xFA,0x04,0x25,0x28,0x21,0x10,0x2A,0x08,0x34,0x00,
    0xE3,0xF8,0x20,0x40,0x20,0x40,0x20,0x40,0xA0,0x48,0x47,0xFC,0x00,0x00,0x00,0x00,0x00,0x10,0x3C,0xF8,0x24,0x90,0x24,0x90,
    0x3C,0xF0,0x02,0x20,0x7F,0xFC,0x08,0x40,0x10,0x20,0xFC,0xFC,0x24,0x90,0x24,0x90,0x3C,0xF0,0x24,0x90,0x00,0x00,0x00,0x00,
    0x00,0x80,0x7C,0x80,0x44,0x80,0x55,0xFC,0x55,0x04,0x56,0x44,0x54,0x44,0x54,0x84,0x54,0xA4,0x55,0x74,0x29,0x94,0x24,0x04,
    0x42,0x28,0x80,0x10,0x00,0x00,0x00,0x00,0x00,0x08,0xFF,0xFC,0x04,0x80,0x04,0x80,0x3F,0xF8,0x24,0x88,0x24,0x88,0x2A,0x88,
    0x29,0x48,0x32,0x28,0x24,0x08,0x20,0x08,0x20,0x28,0x20,0x10,0x00,0x00,0x00,0x00,0x10,0x40,0x10,0x40,0x10,0x40,0xFB,0xF8,
    0x10,0x40,0x10,0x40,0x1B,0xFC,0x30,0x40,0xD0,0x40,0x13,0xF8,0x10,0x40,0x10,0x40,0x50,0x40,0x27,0xFC,0x00,0x00,0x00,0x00,
    0x10,0x40,0x10,0x40,0x10,0x40,0xFD,0x50,0x11,0x48,0x11,0x44,0x1A,0x44,0x32,0x40,0xD0,0x48,0x10,0x50,0x10,0x20,0x10,0x40,
    0x51,0x80,0x26,0x00,0x00,0x00,0x00,0x00,0x00,0x10,0x7F,0xF8,0x01,0x00,0x3F,0xF0,0x01,0x00,0x01,0x00,0x7F,0xF8,0x08,0x40,
    0x08,0x48,0x7F,0xFC,0x08,0x40,0x08,0x40,0x10,0x40,0x60,0x40,0x00,0x00,0x00,0x00,0x04,0x40,0x7F,0xFC,0x04,0x40,0x01,0x08,
    0xFF,0xFC,0x04,0x80,0x09,0x20,0x3F,0xF0,0x00,0x08,0x1F,0xF0,0x11,0x10,0x1F,0xF0,0x11,0x10,0x1F,0xF0,0x00,0x00,0x00,0x00,
    0x40,0x80,0x20,0x80,0x24,0x80,0x04,0x90,0x84,0xF8,0x57,0x90,0x5C,0x90,0x24,0x90,0x24,0x90,0xC4,0xB0,0x44,0x80,0x44,0x04,
    0x44,0x04,0x43,0xFC,0x00,0x00,0x00,0x00,0x10,0x40,0x10,0x48,0xFD,0xFC,0x18,0x60,0x34,0xD0,0x51,0x4C,0x90,0x40,0x3F,0xE0,
    0x00,0x00,0xFF,0xFC,0x09,0x40,0x11,0x30,0x65,0x10,0x02,0x00,0x00,0x00,0x00,0x00,0x40,0x10,0x23,0xF8,0x20,0x00,0x00,0x00,
    0x0F,0xFC,0xE0,0x80,0x21,0x00,0x21,0x20,0x22,0x10,0x27,0xF8,0x22,0x08,0x50,0x00,0x8C,0x00,0x03,0xFC,0x00,0x00,0x00,0x00,
    0x02,0x00,0x1F,0xE0,0x12,0x20,0x11,0x28,0xFF,0xFC,0x10,0x20,0x12,0x20,0x21,0x60,0x40,0x00,0xBF,0xF0,0x24,0x90,0x24,0x90,
    0x24,0x90,0xFF,0xFC,0x00,0x00,0x00,0x00,0x00,0x08,0x7F,0x88,0x08,0x08,0x08,0x48,0x1E,0x48,0x12,0x48,0x22,0x48,0x52,0x48,
    0x8C,0x48,0x04,0x48,0x08,0x48,0x10,0x08,0x20,0x28,0xC0,0x10,0x00,0x00,0x00,0x00,0x20,0x10,0x17,0xF8,0x80,0x90,0x42,0x90,
    0x15,0x18,0x62,0x24,0x24,0xE0,0x29,0x00,0x01,0x08,0xFF,0xFC,0x05,0x40,0x09,0x20,0x31,0x1C,0xC1,0x08,0x00,0x00,0x00,0x00,
    0x08,0x40,0x04,0x80,0x7F,0xF0,0x02,0x00,0x3F,0xE0,0x02,0x00,0x02,0x10,0xFF,0xF8,0x02,0x00,0x7F,0xF0,0x05,0x00,0x08,0x80,
    0x30,0x60,0xC0,0x18,0x00,0x00,0x00,0x00,0x20,0x50,0x20,0x48,0x20,0x40,0x2F,0xFC,0xF0,0x40,0x27,0x48,0x25,0x48,0x25,0x48,
    0x27,0x50,0x38,0x20,0xE1,0xA4,0x4E,0x54,0x00,0x8C,0x03,0x04,0x00,0x00,0x00,0x00,0x20,0x80,0x3E,0xFC,0x51,0x40,0x8A,0x90,
    0x27,0xFC,0x10,0x80,0x87,0xF0,0x54,0x90,0x17,0xF0,0x24,0x90,0xEF,0xFC,0x22,0x20,0x21,0x20,0x20,0x60,0x00,0x00,0x00,0x00,
    0x42,0x20,0x21,0x20,0x21,0x40,0x07,0xF8,0x00,0x80,0xE0,0x80,0x27,0xF8,0x20,0x80,0x20,0xC0,0x21,0x20,0x22,0x10,0x54,0x08,
    0x88,0x00,0x07,0xFC,0x00,0x00,0x00,0x00,0x20,0x00,0x10,0x08,0x13,0xFC,0xF8,0x88,0x08,0x88,0x12,0x88,0x34,0x88,0x58,0x88,
    0x94,0x88,0x10,0x88,0x11,0x08,0x11,0x08,0x12,0x28,0x14,0x10,0x00,0x00,0x00,0x00,0x20,0x00,0x27,0x7C,0x25,0x10,0xFD,0x50,
    0x27,0x50,0x35,0x50,0x6D,0x7C,0x67,0x10,0xA4,0x30,0xA5,0x30,0x27,0x50,0x24,0x54,0x20,0x94,0x23,0x1C,0x00,0x00,0x00,0x00,
    0x04,0x40,0x04,0x40,0x7F,0xF8,0x04,0x40,0x04,0x40,0xFF,0xFC,0x08,0x20,0x1F,0xD0,0x28,0x4C,0xC8,0x40,0x0F,0xC0,0x08,0x10,
    0x08,0x10,0x07,0xF0,0x00,0x00,0x00,0x00,0x20,0x40,0x20,0x40,0x20,0x48,0x23,0xFC,0xAA,0x48,0xB2,0x48,0xA2,0x48,0x22,0x48,
    0x23,0xF8,0x30,0x40,0x28,0x48,0x40,0x44,0x47,0xFC,0x82,0x04,0x00,0x00,0x00,0x00,0x10,0x40,0x11,0x40,0x11,0x40,0x22,0x20,
    0x22,0x20,0x64,0x10,0xA4,0x0C,0x2B,0xF0,0x21,0x10,0x21,0x10,0x21,0x10,0x22,0x10,0x24,0xA0,0x28,0x40,0x00,0x00,0x00,0x00,
    0x10,0x00,0x11,0xF8,0x11,0x08,0xFD,0x08,0x11,0xF8,0x10,0x00,0x1B,0xF8,0x32,0x08,0xD3,0xF8,0x12,0x08,0x13,0xF8,0x12,0x08,
    0x52,0x28,0x22,0x10,0x00,0x00,0x00,0x00,0x10,0x80,0x10,0x80,0xFE,0x80,0x10,0xF8,0x7D,0x08,0x01,0x50,0x7C,0x40,0x00,0x40,
    0xFE,0x40,0x10,0x40,0x54,0xA0,0x52,0x90,0x91,0x0C,0x32,0x08,0x00,0x00,0x00,0x00,0x00,0x20,0x3F,0xF0,0x08,0x40,0x04,0x80,
    0x03,0x00,0x04,0xC0,0x18,0x3C,0xE1,0x08,0x01,0x00,0x3F,0xF0,0x01,0x00,0x01,0x00,0x01,0x08,0xFF,0xFC,0x00,0x00,0x00,0x00,
    0x00,0x10,0x07,0xF8,0x74,0x90,0x57,0xF0,0x54,0x90,0x57,0xF0,0x50,0x00,0x5F,0xFC,0x74,0x90,0x54,0xA0,0x04,0x40,0x04,0xA0,
    0x05,0x1C,0x06,0x08,0x00,0x00,0x00,0x00,0x01,0x00,0x01,0x20,0x79,0xF0,0x4A,0x20,0x4F,0xF8,0x4A,0x48,0x7A,0x48,0x4B,0xF8,
    0x4A,0x48,0x48,0xC0,0x79,0x40,0x4A,0x44,0x04,0x44,0x08,0x3C,0x00,0x00,0x00,0x00,0x08,0x00,0x7F,0x78,0x08,0x48,0x3E,0x50,
    0x08,0x48,0x7F,0x68,0x10,0x50,0x21,0x40,0x5F,0xF0,0x11,0x10,0x11,0x10,0x11,0x50,0x11,0x20,0x01,0x00,0x00,0x00,0x00,0x00,
    0x04,0x40,0x7E,0x40,0x44,0x40,0x44,0x48,0x7D,0xFC,0x44,0x48,0x44,0x48,0x7C,0x48,0x44,0x48,0x44,0x88,0x4E,0x88,0xF1,0x08,
    0x42,0x50,0x04,0x20,0x00,0x00,0x00,0x00,0x02,0x00,0x01,0x08,0xFF,0xFC,0x04,0x40,0x04,0x40,0x14,0x60,0x14,0x50,0x24,0x48,
    0x44,0x44,0x88,0x44,0x08,0x40,0x10,0x40,0x21,0x40,0xC0,0x80,0x00,0x00,0x00,0x00,0x00,0x10,0x1F,0xF8,0x11,0x10,0x1F,0xF0,
    0x11,0x10,0x1F,0xF0,0x04,0x40,0x08,0x20,0x14,0x5C,0x64,0x48,0x04,0x40,0x08,0x40,0x10,0x40,0x60,0x40,0x00,0x00,0x00,0x00,
    0x00,0x10,0x3F,0xF8,0x24,0x90,0x24,0x90,0x3F,0xF0,0x04,0x80,0x7C,0xF8,0x04,0x80,0x7C,0xF8,0x04,0x80,0xFC,0xF8,0x04,0x80,
    0x04,0x80,0x04,0x80,0x00,0x00,0x00,0x00,0x3F,0xF8,0x24,0x88,0x24,0x88,0x3F,0xF8,0x10,0x00,0x08,0x08,0x08,0x88,0x70,0x88,
    0x10,0x88,0x10,0x88,0x10,0x88,0x14,0x08,0x18,0x28,0x10,0x10,0x00,0x00,0x00,0x00,0x00,0x80,0x7C,0x40,0x47,0xF8,0x7D,0x10,
    0x40,0xA0,0x7D,0xF8,0x64,0x40,0xA5,0xF0,0x3C,0x40,0x02,0x40,0x7F,0xF0,0x02,0x00,0x02,0x10,0xFF,0xF8,0x00,0x00,0x00,0x00,
    0x41,0x20,0x21,0x20,0x21,0x20,0x07,0xF8,0x01,0x20,0xE1,0x20,0x21,0x20,0x21,0x20,0x27,0xFC,0x21,0x20,0x29,0x20,0x32,0x20,
    0x24,0x20,0x08,0x20,0x00,0x00,0x00,0x00,0x00,0x08,0x7D,0xFC,0x45,0x08,0x45,0x08,0x45,0xF8,0x7D,0x08,0x11,0xF8,0x51,0x40,
    0x5D,0x48,0x51,0x50,0x51,0x20,0x5D,0x10,0xE1,0x48,0x41,0x84,0x00,0x00,0x00,0x00,0x40,0x10,0x33,0xF8,0x12,0x10,0x03,0xF0,
    0x82,0x10,0x57,0xF8,0x55,0x28,0x27,0xF8,0x20,0x00,0xC7,0xF0,0x41,0x20,0x40,0xC0,0x41,0x30,0x4E,0x0C,0x00,0x00,0x00,0x00,
    0x00,0x20,0x1F,0xF0,0x10,0x20,0x10,0x20,0x10,0x20,0x1F,0xE0,0x10,0x20,0x10,0x20,0x1F,0xE0,0x10,0x20,0x10,0x20,0x10,0x20,
    0x1F,0xE0,0x10,0x20,0x00,0x00,0x00,0x00,0x08,0x40,0x08,0x48,0xFF,0xFC,0x08,0x40,0x03,0x00,0x04,0x80,0x08,0x60,0x3F,0xDC,
    0xC8,0x40,0x08,0x40,0x09,0x48,0x08,0x88,0x08,0x08,0x07,0xF8,0x00,0x00,0x00,0x00,0x20,0x00,0x21,0xF8,0x21,0x08,0x21,0xF8,
    0xF8,0x40,0xAB,0xF8,0xAA,0x48,0xAA,0x48,0xFB,0xF8,0x22,0x48,0x2B,0xF8,0x3C,0x44,0xE4,0x44,0x00,0x3C,0x00,0x00,0x00,0x00,
    0x10,0x80,0x10,0x80,0x11,0xF0,0xFA,0x20,0x13,0xF8,0x14,0x48,0x18,0x48,0x37,0xFC,0xD0,0x48,0x13,0xF8,0x10,0x48,0x10,0x40,
    0x51,0x40,0x20,0x80,0x00,0x00,0x00,0x00,0x08,0x80,0x08,0x80,0x08,0x80,0xFE,0x80,0x08,0x80,0x08,0x80,0x0E,0x80,0x18,0x80,
    0xE8,0x80,0x08,0x80,0x08,0x84,0x08,0x84,0x28,0x84,0x10,0x7C,0x00,0x00,0x00,0x00,0x40,0x20,0x27,0xF0,0x20,0x00,0x00,0x00,
    0x0F,0xF8,0x02,0x40,0xE2,0x40,0x22,0x40,0x22,0x48,0x24,0x48,0x28,0x38,0x50,0x00,0x8C,0x00,0x03,0xFC,0x00,0x00,0x00,0x00,
    0x11,0x20,0x09,0x40,0x7F,0xF8,0x40,0x08,0x8F,0xD0,0x08,0x40,0x0F,0xC0,0x01,0x00,0x3F,0xE0,0x01,0x00,0x7F,0xF8,0x01,0x00,
    0x05,0x00,0x02,0x00,0x00,0x00,0x00,0x00,0x02,0x00,0x02,0x00,0x02,0x10,0xFF,0xF8,0x06,0x80,0x0A,0x40,0x12,0x20,0x22,0x1C,
    0xC2,0x08,0x02,0x00,0x00,0x00,0x29,0x10,0x24,0x88,0x44,0x88,0x00,0x00,0x00,0x00,0x01,0x00,0x41,0x10,0x21,0xF8,0x02,0x20,
    0x85,0x40,0x50,0x80,0x11,0x60,0x22,0x1C,0x2F,0xF0,0xC2,0x10,0x42,0x10,0x42,0x10,0x43,0xF0,0x42,0x10,0x00,0x00,0x00,0x00,
    0x00,0x08,0xFD,0xFC,0x08,0x40,0x29,0xF8,0x11,0x08,0xFD,0x28,0x15,0x28,0x11,0x28,0x11,0x28,0x11,0x28,0x11,0x28,0x10,0x50,
    0x50,0x88,0x23,0x04,0x00,0x00,0x00,0x00,0x00,0x00,0x00,0x00,0x00,0x00,0x00,0x00,0x00,0x00,0x07,0x60,0x08,0x80,0x08,0x80,
    0x07,0x00,0x08,0x00,0x07,0x80,0x08,0x40,0x08,0x40,0x07,0x80,0x00,0x00,0x00,0x00,0x00,0x00,0x00,0x00,0x00,0x00,0x00,0x00,
    0x00,0x00,0x05,0xC0,0x02,0x40,0x02,0x00,0x02,0x00,0x02,0x00,0x02,0x00,0x07,0x00,0x00,0x00,0x00,0x00,0x00,0x00,0x00,0x00,
    0x00,0x00,0x00,0x00,0x00,0x00,0x00,0x00,0x00,0x00,0x03,0x80,0x04,0x40,0x08,0x40,0x0F,0xC0,0x08,0x00,0x04,0x40,0x03,0x80,
    0x00,0x00,0x00,0x00,0x00,0x00,0x00,0x00,0x00,0x00,0x00,0x00,0x00,0x00,0x00,0x00,0x00,0x00,0x1B,0x80,0x0C,0x40,0x08,0x40,
    0x08,0x40,0x08,0x40,0x08,0x40,0x1C,0xE0,0x00,0x00,0x00,0x00,0x00,0x00,0x00,0x00,0x00,0x00,0x02,0x00,0x02,0x00,0x00,0x00,
    0x00,0x00,0x06,0x00,0x02,0x00,0x02,0x00,0x02,0x00,0x02,0x00,0x02,0x00,0x07,0x00,0x00,0x00,0x00,0x00,0x00,0x00,0x00,0x00,
    0x04,0x40,0x04,0x48,0xFF,0xFC,0x04,0x40,0x04,0x40,0x08,0x20,0x08,0x20,0x04,0x40,0x04,0x40,0x02,0x80,0x01,0x00,0x02,0xC0,
    0x0C,0x3C,0x70,0x08,0x00,0x00,0x00,0x00,0x00,0x80,0x80,0x90,0x47,0xF8,0x40,0x80,0x1F,0xFC,0x12,0x20,0x24,0x18,0x29,0x08,
    0xC3,0xF0,0x45,0x20,0x49,0x40,0x40,0x80,0x43,0x60,0x1C,0x1C,0x00,0x00,0x00,0x00,0x40,0x40,0x22,0x40,0x23,0xF8,0x04,0x40,
    0x00,0x40,0xEF,0xFC,0x20,0x00,0x23,0xF0,0x22,0x10,0x22,0x10,0x23,0xF0,0x52,0x10,0x8C,0x00,0x03,0xFC,0x00,0x00,0x00,0x00,
    0x02,0x00,0x01,0x00,0x7F,0xF8,0x40,0x08,0x1F,0xE0,0x04,0x10,0x1A,0x20,0x65,0x40,0x09,0xC0,0x32,0xA0,0x04,0x90,0x08,0x8C,
    0x74,0x88,0x03,0x00,0x00,0x00,0x00,0x00,0x00,0x00,0x00,0x00,0x00,0x00,0x00,0x00,0x00,0x00,0x7F,0xF8,0x00,0x00,0x00,0x00,
    0x7F,0xF8,0x00,0x00,0x00,0x00,0x00,0x00,0x00,0x00,0x00,0x00,0x00,0x00,0x00,0x00,0x00,0x08,0x3F,0xFC,0x20,0x80,0x21,0x00,
    0x27,0xF0,0x24,0x10,0x27,0xF0,0x24,0x10,0x27,0xF0,0x20,0x80,0x24,0xA0,0x48,0x98,0x52,0x88,0x81,0x00,0x00,0x00,0x00,0x00,
    0x02,0x00,0x01,0x00,0x7F,0xFC,0x08,0x40,0x04,0x40,0x04,0x80,0x3F,0xFC,0x20,0x00,0x20,0x00,0x20,0x00,0x20,0x00,0x40,0x00,
    0x40,0x00,0x80,0x00,0x00,0x00,0x00,0x00,0x20,0x40,0x20,0x48,0x27,0xFC,0xF8,0x40,0x23,0xF0,0x32,0x10,0x6B,0xF0,0x6A,0x10,
    0xA3,0xF0,0xA2,0x10,0x23,0xF0,0x22,0x10,0x22,0x10,0x2F,0xFC,0x00,0x00,0x00,0x00,0x02,0x00,0x02,0x08,0xFF,0xFC,0x02,0x00,
    0x1F,0xE0,0x10,0x20,0x10,0x20,0x10,0x20,0x1F,0xE0,0x14,0xA0,0x04,0x84,0x04,0x84,0x08,0x84,0x70,0x7C,0x00,0x00,0x00,0x00,
    0x04,0x40,0x04,0x48,0xFF,0xFC,0x04,0x40,0x00,0x00,0x7F,0xF8,0x42,0x08,0x02,0x00,0x3F,0xF0,0x02,0x10,0x04,0x10,0x08,0x10,
    0x10,0xA0,0x60,0x40,0x00,0x00,0x00,0x00,0x04,0x40,0x7F,0xF8,0x04,0x40,0x01,0x00,0x3F,0xF0,0x04,0x40,0x7F,0xFC,0x41,0x04,
    0x9F,0xE8,0x11,0x20,0x11,0x20,0x11,0x20,0x11,0x60,0x01,0x00,0x00,0x00,0x00,0x00,0x10,0x00,0x10,0x10,0x17,0xF8,0x22,0x10,
    0x22,0x10,0x62,0x10,0xA2,0x20,0x21,0x20,0x21,0x40,0x20,0x80,0x21,0x40,0x22,0x20,0x24,0x1C,0x28,0x08,0x00,0x00,0x00,0x00,
    0x00,0x40,0x78,0x20,0x4B,0xFC,0x4A,0x00,0x7A,0x20,0x4A,0x20,0x4A,0x20,0x4A,0xF8,0x7A,0x20,0x4A,0x20,0x4A,0x20,0x4A,0x20,
    0xAA,0x20,0x95,0xFC,0x00,0x00,0x00,0x00,0x01,0x00,0x00,0x88,0x1F,0xFC,0x92,0x00,0x52,0x00,0x53,0xF0,0x14,0x80,0x30,0x80,
    0xDF,0xFC,0x10,0x80,0x21,0x40,0x22,0x20,0x44,0x1C,0x98,0x08,0x00,0x00,0x00,0x00,0x00,0x20,0xFE,0xA0,0x28,0xA0,0x28,0xFC,
    0x7F,0x20,0x6A,0x20,0x6B,0xFC,0x6A,0x00,0x46,0xF8,0x42,0x88,0x7E,0x88,0x42,0x88,0x7E,0xF8,0x42,0x88,0x00,0x00,0x00,0x00,
    0x01,0x00,0x01,0x00,0x01,0x08,0x7F,0xFC,0x01,0x00,0x01,0x00,0x3F,0xF8,0x00,0x00,0x1F,0xE0,0x10,0x20,0x10,0x20,0x10,0x20,
    0x1F,0xE0,0x10,0x20,0x00,0x00,0x00,0x00,0x22,0x10,0x21,0x20,0x23,0xFC,0xF8,0xA0,0x4B,0xF8,0x48,0xA8,0x4B,0xFC,0x88,0xA8,
    0x4B,0xF8,0x28,0xA0,0x11,0xB0,0x2A,0xA8,0x44,0xA4,0x88,0xA0,0x00,0x00,0x00,0x00,0x00,0x10,0x1F,0xF8,0x10,0x10,0x1F,0xF0,
    0x10,0x10,0x1F,0xF0,0x10,0x10,0x04,0x80,0x44,0x88,0x24,0x90,0x14,0xA0,0x14,0xC0,0x04,0x88,0xFF,0xFC,0x00,0x00,0x00,0x00,
    0x02,0x00,0x01,0x00,0x01,0x08,0xFF,0xFC,0x10,0x00,0x10,0x00,0x10,0x00,0x10,0x00,0x10,0x00,0x10,0x00,0x10,0x00,0x10,0x08,
    0x1F,0xFC,0x10,0x00,0x00,0x00,0x00,0x00,0x08,0x40,0x0F,0xE0,0x08,0x40,0x14,0x80,0x23,0x00,0x04,0x80,0x08,0x60,0x31,0x1C,
    0xDF,0xF0,0x01,0x00,0x09,0x40,0x11,0x30,0x65,0x10,0x02,0x00,0x00,0x00,0x00,0x00,0x00,0x08,0xFF,0xFC,0x02,0x00,0x04,0x20,
    0x1F,0xF0,0x10,0x20,0x12,0x20,0x12,0x20,0x12,0x20,0x12,0x20,0x02,0x80,0x04,0x60,0x08,0x18,0x70,0x08,0x00,0x00,0x00,0x00,
    0x20,0x08,0x13,0xFC,0x12,0x08,0xFA,0x08,0x0A,0x08,0x12,0x08,0x33,0xF8,0x68,0xA0,0xA4,0xA0,0x20,0xA0,0x21,0x20,0x21,0x24,
    0x22,0x24,0x2C,0x1C,0x00,0x00,0x00,0x00,0x00,0x70,0x7F,0x80,0x24,0x20,0x12,0x20,0x12,0x40,0x7F,0xF8,0x40,0x08,0x9F,0xD0,
    0x08,0x40,0x04,0x80,0x03,0x00,0x04,0x80,0x18,0x60,0x60,0x1C,0x00,0x00,0x00,0x00,0x02,0x00,0x12,0x20,0x12,0x20,0x12,0x20,
    0x12,0x20,0x2A,0x50,0x46,0x48,0x82,0x88,0x02,0x00,0x3F,0xF0,0x02,0x00,0x02,0x00,0x02,0x00,0xFF,0xFC,0x00,0x00,0x00,0x00,
    0x21,0x00,0x21,0x30,0x3D,0xC0,0x21,0x08,0x2D,0x08,0x30,0xF8,0x00,0x00,0x7F,0xF8,0x10,0x80,0x3E,0x98,0x54,0xE0,0x08,0x84,
    0x10,0x84,0x60,0x7C,0x00,0x00,0x00,0x00,0x02,0x20,0x22,0x20,0x22,0x20,0x22,0x20,0xFF,0xFC,0x22,0x20,0x22,0x20,0x22,0x20,
    0x22,0x20,0x23,0xE0,0x22,0x20,0x20,0x00,0x20,0x08,0x3F,0xFC,0x00,0x00,0x00,0x00,0x04,0x80,0x04,0x80,0x04,0x88,0xFC,0xFC,
    0x04,0x80,0x04,0x80,0x7C,0xF8,0x04,0x80,0x04,0x80,0x04,0x88,0xFC,0xFC,0x04,0x80,0x04,0x80,0x04,0x80,0x00,0x00,0x00,0x00,
    0x00,0x80,0x20,0x80,0x10,0x80,0x10,0x80,0x00,0x88,0xF0,0xFC,0x10,0x80,0x10,0x80,0x10,0x80,0x10,0x80,0x14,0x80,0x18,0x88,
    0x17,0xFC,0x00,0x00,0x00,0x00,0x00,0x00,0x02,0x00,0x01,0x08,0x7F,0xFC,0x02,0x00,0x04,0x40,0x08,0x20,0x3F,0xF0,0x04,0x90,
    0x04,0x80,0x04,0x80,0x08,0x80,0x10,0x84,0x20,0x84,0x40,0x7C,0x00,0x00,0x00,0x00,0x00,0x20,0x00,0xF0,0x1F,0x00,0x10,0x00,
    0x10,0x08,0x1F,0xFC,0x10,0x80,0x13,0x80,0x10,0xE0,0x10,0x98,0x20,0x88,0x20,0x80,0x40,0x80,0x80,0x80,0x00,0x00,0x00,0x00,
    0x08,0x40,0x08,0x40,0xFF,0x7C,0x08,0x88,0x7F,0x50,0x4A,0x50,0x7E,0x20,0x2C,0x5C,0xCA,0x88,0x3F,0xF0,0x01,0x00,0x09,0xE0,
    0x09,0x00,0xFF,0xFC,0x00,0x00,0x00,0x00,0x00,0x40,0x8F,0xF8,0x50,0x40,0x23,0xF0,0x50,0x40,0x97,0xFC,0x10,0x00,0x33,0xF0,
    0x52,0x10,0x93,0xF0,0x12,0x10,0x13,0xF0,0x52,0x10,0x22,0x30,0x00,0x00,0x00,0x00,0x02,0x00,0x02,0x00,0x05,0x00,0x08,0x80,
    0x10,0x40,0x22,0x30,0xC1,0x0C,0x01,0x00,0x3F,0xE0,0x00,0x40,0x00,0x40,0x00,0x80,0x00,0x80,0x01,0x00,0x00,0x00,0x00,0x00,
    0x10,0x00,0x10,0x08,0x15,0x08,0x24,0x88,0x24,0x48,0x64,0x48,0xA4,0x08,0x24,0x08,0x24,0x90,0x25,0x10,0x26,0x28,0x24,0x44,
    0x21,0x84,0x26,0x00,0x00,0x00,0x00,0x00,0x00,0x20,0x00,0xF0,0x7F,0x00,0x01,0x10,0x11,0x10,0x09,0x20,0x09,0x40,0xFF,0xFC,
    0x01,0x00,0x01,0x00,0x01,0x00,0x01,0x00,0x05,0x00,0x02,0x00,0x00,0x00,0x00,0x00,0x00,0x08,0xFD,0xFC,0x49,0x08,0x49,0x08,
    0x79,0x08,0x49,0x08,0x49,0xF8,0x79,0x08,0x48,0x00,0x4E,0x90,0x78,0x88,0xC9,0x08,0x09,0x04,0x0A,0x04,0x00,0x00,0x00,0x00,
    0x00,0x20,0x0F,0xF0,0x08,0x20,0x0F,0xE0,0x00,0x00,0x1F,0xF0,0x10,0x10,0x11,0x10,0x11,0x10,0x11,0x10,0x11,0x10,0x02,0xC0,
    0x0C,0x30,0x70,0x08,0x00,0x00,0x00,0x00,0x00,0x70,0x3F,0x80,0x11,0x20,0x09,0x40,0x7F,0xFC,0x05,0x40,0x09,0x20,0x31,0x1C,
    0xDF,0xF0,0x11,0x10,0x1F,0xF0,0x11,0x10,0x1F,0xF0,0x10,0x10,0x00,0x00,0x00,0x00,0x02,0x00,0x01,0x08,0xFF,0xFC,0x04,0x80,
    0x14,0xB0,0x24,0x88,0xC4,0x84,0x3F,0xF0,0x08,0x20,0x04,0x40,0x02,0x80,0x03,0x80,0x0C,0x60,0xF0,0x1C,0x00,0x00,0x00,0x00,
    0x07,0xFC,0xF4,0xA4,0x94,0xA4,0x94,0xA4,0x97,0xFC,0x90,0x80,0x90,0x88,0x91,0xFC,0xF2,0x08,0x95,0x10,0x00,0xA0,0x00,0x40,
    0x01,0x80,0x0E,0x00,0x00,0x00,0x00,0x00,0x02,0x00,0x02,0x10,0x7F,0xF8,0x02,0x00,0x3F,0xF0,0x02,0x00,0xFF,0xFC,0x04,0x00,
    0x0F,0xE0,0x14,0x40,0x22,0x80,0x43,0x00,0x0C,0xC0,0xF0,0x3C,0x00,0x00,0x00,0x00,0x41,0x08,0x22,0x08,0x27,0x88,0x04,0x88,
    0x07,0xBC,0xE4,0x88,0x27,0x88,0x24,0xA8,0x2F,0x98,0x21,0x88,0x32,0x88,0x24,0x88,0x0A,0xA8,0x11,0x10,0x00,0x00,0x00,0x00,
    0x40,0x10,0x30,0x78,0x17,0x80,0x00,0x80,0x80,0x88,0x4F,0xFC,0x50,0x80,0x10,0x90,0x27,0xF8,0xE4,0x10,0x24,0x10,0x24,0x10,
    0x27,0xF0,0x24,0x10,0x00,0x00,0x00,0x00,0x00,0x40,0x80,0x40,0x60,0x48,0x27,0xFC,0x04,0x48,0x14,0x48,0x14,0x48,0x27,0xF8,
    0x24,0x48,0xC0,0x40,0x40,0x40,0x40,0x40,0x40,0x40,0x40,0x40,0x00,0x00,0x00,0x00,0x10,0x80,0x1E,0xFC,0x29,0x40,0x4A,0x20,
    0xBF,0xF0,0x20,0x10,0x3F,0xF0,0x20,0x00,0x3F,0xF8,0x32,0x48,0x5F,0xF8,0x52,0x48,0x92,0x48,0x10,0x30,0x00,0x00,0x00,0x00,
    0x08,0x40,0x04,0x80,0xFF,0xFC,0x22,0x10,0x3E,0x90,0x22,0x90,0x3E,0x90,0x22,0x90,0x26,0x30,0x00,0x00,0x7F,0xF0,0x04,0x10,
    0x08,0x10,0x70,0xE0,0x00,0x00,0x00,0x00,0x10,0x40,0x12,0x50,0x12,0x48,0xFE,0x48,0x13,0xFC,0x10,0x80,0x1C,0x80,0x30,0xF8,
    0xD0,0x88,0x11,0x50,0x11,0x20,0x12,0x50,0x54,0x88,0x2B,0x04,0x00,0x00,0x00,0x00,0x00,0x20,0x1F,0xF0,0x10,0x20,0x10,0x20,
    0x1F,0xE0,0x00,0x00,0xFF,0xFC,0x08,0x00,0x0F,0xE0,0x18,0x20,0x00,0x20,0x00,0x20,0x02,0x40,0x01,0x80,0x00,0x00,0x00,0x00,
    0x41,0x20,0x21,0x28,0x2F,0xFC,0x01,0x20,0x80,0x08,0x5F,0xFC,0x51,0x40,0x2F,0xF8,0x29,0x48,0xC9,0xE8,0x4A,0x58,0x4C,0x88,
    0x48,0x28,0x48,0x10,0x00,0x00,0x00,0x00,0x00,0x08,0x7F,0xFC,0x40,0x88,0x40,0x88,0x5F,0xE8,0x40,0x88,0x41,0x88,0x42,0x88,
    0x44,0x88,0x48,0x88,0x51,0x88,0x40,0x08,0x7F,0xF8,0x40,0x08,0x00,0x00,0x00,0x00,0x20,0x90,0x27,0xFC,0xA8,0x90,0x73,0xFC,
    0x22,0x94,0xFB,0xFC,0x22,0x94,0x73,0xFC,0x68,0x00,0xA1,0xF8,0xA1,0x08,0x21,0xF8,0x21,0x08,0x21,0xF8,0x00,0x00,0x00,0x00,
    0x12,0x00,0x11,0x10,0x1F,0xF8,0x31,0x00,0x5F,0xF0,0x91,0x00,0x1F,0xF0,0x11,0x00,0x1F,0xF8,0x10,0x00,0x1F,0xF0,0x10,0x10,
    0x10,0x10,0x1F,0xF0,0x00,0x00,0x00,0x00,0x22,0x10,0x21,0x20,0x27,0xF8,0xF8,0x48,0x20,0x48,0x33,0xF8,0x6A,0x40,0x62,0x40,
    0xA7,0xFC,0xA1,0x44,0x22,0x44,0x24,0x58,0x28,0x40,0x20,0x40,0x00,0x00,0x00,0x00,0x07,0x08,0x78,0x08,0x08,0x28,0xFF,0xA8,
    0x2A,0x28,0xEB,0xA8,0x2A,0x28,0x6A,0xA8,0xAB,0xA8,0x1C,0x28,0x2A,0x28,0x49,0x08,0x88,0x28,0x08,0x10,0x00,0x00,0x00,0x00,
    0x20,0x10,0x23,0xF8,0x3C,0x90,0x20,0x90,0x40,0x90,0x7C,0x90,0xA3,0xF0,0x21,0x10,0xFD,0x10,0x21,0x10,0x21,0x10,0x29,0x10,
    0x31,0x10,0x07,0xFC,0x00,0x00,0x00,0x00,0x21,0x20,0x21,0x20,0x21,0x20,0x29,0x20,0xAB,0xF8,0xB1,0x20,0xA1,0x20,0x21,0x20,
    0x27,0xFC,0x30,0x00,0x29,0x10,0x4A,0x08,0x44,0x04,0x88,0x04,0x00,0x00,0x00,0x00,0x00,0x08,0x7F,0xFC,0x41,0x08,0x41,0x08,
    0x5F,0xE8,0x41,0x08,0x4F,0xC8,0x48,0x48,0x48,0x48,0x48,0x48,0x4F,0xC8,0x40,0x08,0x7F,0xF8,0x40,0x08,0x00,0x00,0x00,0x00,
    0x00,0x00,0x00,0x00,0x01,0x00,0x01,0x00,0x03,0x00,0x05,0x00,0x05,0x00,0x09,0x00,0x11,0x00,0x1F,0xC0,0x01,0x00,0x03,0x80,
    0x00,0x00,0x00,0x00,0x00,0x00,0x00,0x00,0x00,0x00,0x00,0x08,0x7C,0xFC,0x44,0x88,0x44,0x88,0x44,0x88,0x44,0x88,0x47,0x88,
    0x40,0x08,0x40,0x08,0x40,0x08,0x7F,0xF8,0x40,0x08,0x00,0x00,0x00,0x00,0x00,0x00,0x00,0x40,0x78,0x40,0x48,0x50,0x4B,0xF8,
    0x78,0x40,0x48,0x40,0x48,0x40,0x7B,0xFC,0x48,0x40,0x48,0xA0,0x48,0xA0,0x49,0x10,0xAA,0x08,0x94,0x04,0x00,0x00,0x00,0x00,
    0x20,0x10,0x13,0xF8,0x00,0x80,0x43,0xF8,0x28,0xA8,0x11,0x48,0x66,0x88,0x21,0x10,0x26,0x60,0x11,0x10,0x13,0x60,0x24,0x80,
    0x08,0x60,0x70,0x1C,0x00,0x00,0x00,0x00,0x00,0xC0,0x78,0x20,0x48,0x00,0x4B,0xC0,0x78,0x48,0x48,0x50,0x4F,0x60,0x79,0x60,
    0x49,0x60,0x49,0x50,0x4A,0x50,0x4A,0x4C,0xAD,0x40,0x90,0x80,0x00,0x00,0x00,0x00,0x20,0xA0,0x20,0x90,0x2F,0xFC,0xF0,0x80,
    0x27,0xF8,0x24,0x88,0x27,0xF8,0x34,0x88,0xE7,0xF8,0x24,0x10,0x2F,0xFC,0x22,0x10,0xA1,0x10,0x40,0x30,0x00,0x00,0x00,0x00,
    0x00,0x10,0x00,0x78,0x7B,0xC0,0x48,0x48,0x4A,0x48,0x49,0x50,0x48,0x40,0x4F,0xFC,0x48,0x40,0x78,0x40,0x48,0x40,0x00,0x40,
    0x01,0x40,0x00,0x80,0x00,0x00,0x00,0x00,0x00,0x20,0x0F,0xF0,0xF2,0x20,0x92,0x40,0x92,0x50,0x92,0x78,0x92,0x10,0x93,0x10,
    0xF2,0xA0,0x94,0xA0,0x04,0x40,0x08,0xA0,0x11,0x1C,0x26,0x08,0x00,0x00,0x00,0x00,0x10,0x10,0x17,0xF8,0x11,0x10,0x21,0x10,
    0x21,0x20,0x61,0x20,0xA1,0x3C,0x21,0x04,0x21,0x04,0x21,0x04,0x22,0x04,0x22,0x04,0x24,0x48,0x28,0x30,0x00,0x00,0x00,0x00,
    0x00,0x20,0x3F,0xF0,0x00,0x20,0x1F,0xE0,0x00,0x20,0x3F,0xE0,0x00,0x20,0x00,0x40,0xFF,0xFC,0x10,0x40,0x08,0x40,0x04,0x40,
    0x01,0x40,0x00,0x80,0x00,0x00,0x00,0x00,0x21,0x00,0x21,0x00,0x21,0x78,0x27,0x80,0xA8,0xA0,0xB0,0x44,0xA1,0xA4,0x22,0x1C,
    0x2F,0xF0,0x32,0x40,0x2A,0x40,0x4A,0x44,0x44,0x44,0x88,0x3C,0x00,0x00,0x00,0x00,0x10,0x38,0x13,0xC0,0x10,0x50,0xFD,0x60,
    0x13,0xFC,0x10,0xC0,0x19,0x50,0x32,0x4C,0xD7,0xF8,0x12,0x48,0x13,0xF8,0x12,0x48,0x53,0xF8,0x22,0x08,0x00,0x00,0x00,0x00,
    0x00,0x80,0x78,0x40,0x4B,0xFC,0x4A,0x04,0x79,0x00,0x49,0xB8,0x4A,0xA8,0x7A,0xA8,0x4D,0xA8,0x48,0xB8,0x49,0x20,0x49,0x24,
    0xAA,0x24,0x94,0x1C,0x00,0x00,0x00,0x00,0x40,0x40,0x27,0x20,0x25,0xFC,0x05,0x50,0x07,0x50,0xE4,0xFC,0x27,0x20,0x25,0x20,
    0x2D,0xF8,0x35,0x20,0x27,0x20,0x50,0x20,0x88,0x00,0x07,0xFC,0x00,0x00,0x00,0x00,0x08,0x00,0x08,0x80,0x1F,0xC0,0x10,0x80,
    0x3F,0xF0,0x52,0x10,0x92,0x10,0x12,0x10,0x1F,0xF0,0x02,0x80,0x04,0x80,0x08,0x84,0x30,0x84,0xC0,0x7C,0x00,0x00,0x00,0x00,
    0x04,0x40,0xFF,0xFC,0x04,0x40,0x44,0xA0,0x20,0x90,0x0F,0xFC,0x80,0x80,0x57,0xF8,0x14,0x88,0x27,0xF8,0xE4,0x88,0x27,0xF8,
    0x24,0x88,0x24,0x98,0x00,0x00,0x00,0x00,0x08,0x40,0x08,0x48,0xFF,0xFC,0x08,0x40,0x02,0x00,0x3F,0xE0,0x22,0x20,0x22,0x20,
    0x22,0x20,0xFF,0xFC,0x02,0x80,0x04,0x40,0x18,0x30,0xE0,0x0C,0x00,0x00,0x00,0x00,0x08,0x80,0x28,0x98,0x2E,0xE0,0x28,0x84,
    0x2E,0x84,0xF2,0x7C,0x04,0x40,0x1F,0x80,0x02,0x40,0x3F,0xF0,0x01,0x10,0x11,0x40,0x25,0x20,0x42,0x10,0x00,0x00,0x00,0x00,
    0x10,0x20,0x08,0x20,0x04,0x40,0x04,0x80,0x7F,0xF8,0x00,0x00,0x00,0x00,0x00,0x20,0x3F,0xF0,0x00,0x00,0x00,0x00,0x00,0x08,
    0xFF,0xFC,0x00,0x00,0x00,0x00,0x00,0x00,0x04,0x40,0x04,0x48,0xFF,0xFC,0x04,0x40,0x04,0x40,0x08,0x80,0x08,0x88,0x10,0xB0,
    0x30,0xC0,0x51,0x80,0x96,0x84,0x10,0x84,0x10,0x84,0x10,0x7C,0x00,0x00,0x00,0x00,0x00,0x08,0x7F,0xFC,0x40,0x08,0x4F,0xC8,
    0x40,0x08,0x5F,0xE8,0x45,0x08,0x45,0x08,0x45,0x28,0x49,0x28,0x50,0xE8,0x40,0x08,0x7F,0xF8,0x40,0x08,0x00,0x00,0x00,0x00,
    0x02,0x00,0x02,0x20,0x3F,0xF0,0x02,0x00,0xFF,0xF8,0x08,0x40,0x04,0x80,0x7F,0xF0,0x02,0x00,0x02,0x10,0xFF,0xF8,0x02,0x00,
    0x02,0x00,0x02,0x00,0x00,0x00,0x00,0x00,0x00,0x40,0x00,0x40,0x78,0x40,0x48,0x40,0x48,0x48,0x4F,0xFC,0x48,0x40,0x48,0x40,
    0x48,0x40,0x78,0x40,0x40,0x40,0x00,0x40,0x00,0x40,0x00,0x40,0x00,0x00,0x00,0x00,0x00,0x08,0xFF,0xFC,0x01,0x00,0x01,0x00,
    0x01,0x00,0x01,0x00,0x01,0x00,0x01,0x00,0x01,0x00,0x01,0x00,0x01,0x00,0x01,0x00,0x05,0x00,0x02,0x00,0x00,0x00,0x00,0x00,
    0x00,0xE0,0x3F,0x00,0x01,0x08,0x7F,0xFC,0x05,0x80,0x09,0x40,0x31,0x30,0xC1,0x0C,0x1F,0xE0,0x10,0x20,0x1F,0xE0,0x10,0x20,
    0x1F,0xE0,0x10,0x20,0x00,0x00,0x00,0x00,0x20,0x50,0x27,0x60,0x29,0x48,0xF5,0x30,0x22,0x20,0x33,0xF0,0x64,0x0C,0x6B,0xF0,
    0xA2,0x10,0xA3,0xF0,0x20,0x00,0x22,0x20,0x21,0x40,0x2F,0xFC,0x00,0x00,0x00,0x00,0x00,0x08,0x7E,0x08,0x42,0x48,0x4A,0x48,
    0x4A,0x48,0x4A,0x48,0x4A,0x48,0x4A,0x48,0x4A,0x48,0x4A,0x48,0x14,0x08,0x12,0x08,0x21,0x28,0xC0,0x10,0x00,0x00,0x00,0x00,
    0x08,0x80,0x08,0x90,0xFF,0xF8,0x08,0x80,0x02,0x00,0x02,0x10,0xFF,0xF8,0x02,0x00,0x3F,0xE0,0x20,0x20,0x20,0x20,0x20,0x20,
    0x3F,0xE0,0x20,0x20,0x00,0x00,0x00,0x00,0x00,0x40,0x07,0xFC,0x78,0x40,0x4B,0xF8,0x48,0x40,0x4F,0xFC,0x78,0x00,0x4B,0xF0,
    0x4A,0x10,0x4B,0xF0,0x7A,0x10,0x4B,0xF0,0x02,0x10,0x02,0x30,0x00,0x00,0x00,0x00,0x00,0x00,0x00,0x20,0x3F,0xF0,0x00,0x00,
    0x00,0x00,0x00,0x08,0xFF,0xFC,0x02,0x00,0x02,0x00,0x04,0x40,0x08,0x20,0x10,0x10,0x3F,0xF8,0x10,0x08,0x00,0x00,0x00,0x00,
    0x00,0x08,0xFE,0xFC,0x28,0x88,0xFE,0x88,0xAA,0xD8,0xFE,0xD8,0x00,0xA8,0x7C,0xA8,0x00,0xD8,0xFE,0x98,0x58,0x88,0x55,0x0C,
    0x92,0x04,0x34,0x00,0x00,0x00,0x00,0x00,0x01,0x00,0x01,0x00,0x01,0x00,0x01,0x00,0x21,0x08,0x21,0x08,0x21,0x08,0x21,0x08,
    0x21,0x08,0x21,0x08,0x21,0x08,0x21,0x08,0x3F,0xF8,0x00,0x08,0x00,0x00,0x00,0x00,0x02,0x00,0x01,0x00,0x7F,0xF8,0x50,0x08,
    0x1E,0xF0,0x22,0x90,0x54,0x60,0x2F,0xA0,0x10,0x1C,0x6F,0xE0,0x01,0x00,0x11,0x20,0x25,0x10,0x42,0x08,0x00,0x00,0x00,0x00,
    0x00,0x80,0x01,0x08,0x77,0xFC,0x54,0x88,0x55,0xA8,0x57,0xF8,0x54,0x88,0x55,0xA8,0x74,0x08,0x40,0x80,0x0F,0xFC,0x01,0x40,
    0x06,0x30,0x18,0x0C,0x00,0x00,0x00,0x00,0x00,0x08,0x7F,0xFC,0x04,0x80,0x24,0x90,0x14,0xA0,0x04,0x80,0x3F,0xFC,0x20,0x00,
    0x20,0x00,0x20,0x00,0x20,0x00,0x40,0x00,0x40,0x00,0x80,0x00,0x00,0x00,0x00,0x00,0x10,0x08,0x0B,0xFC,0x08,0x08,0x20,0x08,
    0x20,0x08,0x27,0xC8,0x24,0x48,0x24,0x48,0x24,0x48,0x27,0xC8,0x24,0x08,0x20,0x08,0x20,0x28,0x20,0x10,0x00,0x00,0x00,0x00,
    0x00,0x80,0x01,0x20,0xF2,0x10,0x97,0xF8,0x90,0x08,0x92,0x00,0x93,0xF8,0x94,0x80,0xF0,0x80,0x97,0xFC,0x80,0xC0,0x01,0x20,
    0x02,0x10,0x1C,0x0C,0x00,0x00,0x00,0x00,0x04,0x20,0x39,0xF0,0x21,0x20,0x21,0x20,0x3D,0x20,0x22,0x1C,0x21,0xF0,0x3D,0x10,
    0x21,0x20,0x2C,0xA0,0xF0,0x40,0x20,0xA0,0x21,0x10,0x2E,0x0C,0x00,0x00,0x00,0x00,0x00,0x80,0x40,0x80,0x24,0x90,0x22,0x90,
    0x02,0xA0,0xEF,0xFC,0x20,0xC0,0x21,0xA0,0x22,0x90,0x24,0x88,0x28,0x88,0x50,0x80,0x88,0x00,0x07,0xFC,0x00,0x00,0x00,0x00,
    0x00,0xA0,0x00,0x90,0x3F,0xFC,0x20,0x40,0x3F,0x48,0x20,0x50,0x2F,0x20,0x29,0x64,0x4F,0x94,0x80,0x0C,0x2A,0x10,0x29,0x28,
    0x48,0x28,0x07,0xE0,0x00,0x00,0x00,0x00,0x08,0x40,0x04,0x40,0x04,0x80,0x1F,0xF0,0x10,0x10,0x10,0x10,0x10,0x10,0x1F,0xF0,
    0x02,0x00,0x09,0x10,0x29,0x08,0x28,0x28,0x48,0x20,0x07,0xE0,0x00,0x00,0x00,0x00,0x02,0x00,0x01,0x08,0x3F,0xFC,0x21,0x00,
    0x21,0x00,0x21,0x08,0x3F,0xFC,0x21,0x80,0x23,0x40,0x25,0x20,0x29,0x10,0x51,0x0C,0x41,0x08,0x81,0x00,0x00,0x00,0x00,0x00,
    0x00,0x20,0x3F,0xF0,0x01,0x00,0x7F,0xFC,0x41,0x04,0x9D,0x68,0x00,0x00,0x7F,0xFC,0x02,0x00,0x3F,0xF0,0x24,0x90,0x24,0x90,
    0x24,0x90,0x24,0xB0,0x00,0x00,0x00,0x00,0x21,0x00,0x21,0x08,0x21,0xFC,0xFA,0x00,0x24,0x40,0x22,0x48,0x32,0x7C,0x63,0xC8,
    0xA6,0x48,0x22,0x48,0x22,0x70,0x22,0x44,0xA2,0x04,0x41,0xFC,0x00,0x00,0x00,0x00,0x01,0x00,0x00,0x88,0x1F,0xFC,0x50,0x00,
    0x57,0xF0,0x34,0x10,0x17,0xF0,0x34,0x10,0xD7,0xF0,0x14,0x88,0x24,0x50,0x24,0x20,0x45,0x9C,0x86,0x08,0x00,0x00,0x00,0x00,
    0x04,0x40,0xFF,0xFC,0x04,0x40,0x78,0x90,0x4A,0xA0,0x4B,0xF8,0x78,0x80,0x4F,0xF8,0x4A,0x50,0x7D,0x6C,0x48,0xC0,0x49,0x60,
    0x8E,0x58,0x98,0xC0,0x00,0x00,0x00,0x00,0x04,0x48,0x7F,0xFC,0x04,0x40,0x1F,0xE0,0x10,0x20,0x1F,0xE0,0x10,0x20,0x3F,0xF8,
    0x24,0x88,0x3F,0xF8,0x08,0x40,0x04,0x80,0x03,0x80,0x7C,0x7C,0x00,0x00,0x00,0x00,0x40,0x10,0x27,0xF8,0x24,0x10,0x07,0xF0,
    0x84,0x10,0x57,0xF0,0x54,0x10,0x21,0x40,0x29,0x48,0xC9,0x48,0x45,0x50,0x45,0x60,0x41,0x40,0x5F,0xFC,0x00,0x00,0x00,0x00,
    0x20,0x40,0x20,0x80,0x23,0xF8,0x2A,0x08,0xAB,0xF8,0xB2,0x08,0xA3,0xF8,0x22,0x08,0x23,0xF8,0x30,0x80,0x29,0x48,0x45,0x14,
    0x45,0x14,0x88,0xF0,0x00,0x00,0x00,0x00,0x00,0x10,0x7F,0xF8,0x02,0x00,0x02,0x00,0x02,0x00,0x12,0x10,0x12,0x20,0x13,0x40,
    0x22,0x80,0x04,0x80,0x04,0x40,0x08,0x20,0x30,0x1C,0xC0,0x08,0x00,0x00,0x00,0x00,0x10,0x80,0x10,0x48,0x23,0xFC,0x22,0x00,
    0x4A,0xF8,0x7A,0xA8,0x12,0xF8,0x22,0xA8,0x5A,0xF8,0x62,0x20,0x02,0xF8,0x1C,0x20,0x64,0x20,0x0B,0xFC,0x00,0x00,0x00,0x00,
    0x20,0x00,0x27,0xBC,0x24,0xA4,0xFC,0xA4,0x27,0xBC,0x24,0xA4,0x74,0xA4,0x6C,0xA4,0xA7,0xBC,0xA4,0xA4,0x24,0xA4,0x24,0xA4,
    0x2B,0x54,0x28,0x88,0x00,0x00,0x00,0x00,0x00,0x70,0x3F,0x80,0x12,0x10,0x09,0x20,0x7F,0xFC,0x40,0x08,0x84,0x10,0x3F,0xF8,
    0x04,0x00,0x07,0xE0,0x0A,0x40,0x11,0x80,0x22,0x40,0x5C,0x38,0x00,0x00,0x00,0x00,0x11,0x00,0x10,0x80,0x10,0x88,0x2F,0xFC,
    0x20,0x00,0x24,0x10,0x62,0x10,0xA2,0x10,0x21,0x20,0x21,0x20,0x21,0x40,0x20,0x40,0x20,0x40,0x2F,0xFC,0x00,0x00,0x00,0x00,
    0x40,0x08,0x2F,0xFC,0x21,0x00,0x01,0x00,0x01,0xF0,0xE1,0x10,0x21,0x10,0x22,0x10,0x22,0x10,0x24,0x90,0x28,0x60,0x50,0x00,
    0x8C,0x00,0x03,0xFC,0x00,0x00,0x00,0x00,0x10,0x08,0x11,0xFC,0x7C,0x48,0x10,0x48,0x10,0x88,0xFD,0x30,0x10,0x00,0x50,0xF8,
    0x5E,0x88,0x50,0x88,0x70,0xF8,0x50,0x88,0x8C,0x00,0x83,0xFC,0x00,0x00,0x00,0x00,0x00,0x10,0x7B,0xF8,0x4A,0x10,0x4A,0x10,
    0x52,0x10,0x53,0xF0,0x4A,0x10,0x4A,0x10,0x4B,0xF0,0x5A,0x10,0x42,0x10,0x42,0x10,0x4F,0xFC,0x40,0x00,0x00,0x00,0x00,0x00,
    0x00,0x20,0x1F,0xF0,0x10,0x20,0x10,0x20,0x10,0x20,0x1F,0xE0,0x02,0x00,0x7F,0xF0,0x02,0x10,0x02,0x10,0x04,0x10,0x08,0x10,
    0x10,0xA0,0x60,0x40,0x00,0x00,0x00,0x00,0x10,0x80,0x10,0x40,0x17,0xFC,0x20,0x00,0x27,0xF8,0x60,0x00,0xA0,0x00,0x27,0xF8,
    0x20,0x00,0x23,0xF0,0x22,0x10,0x22,0x10,0x23,0xF0,0x22,0x10,0x00,0x00,0x00,0x00,0x00,0x10,0x7B,0xF8,0x4A,0x10,0x4A,0x10,
    0x7B,0xF0,0x4A,0x10,0x4B,0xF0,0x4A,0x80,0x7A,0x88,0x4A,0xB0,0x4A,0x40,0x7A,0xA0,0x4B,0x1C,0x02,0x08,0x00,0x00,0x00,0x00,
    0x40,0x08,0x27,0xFC,0x20,0x40,0x00,0x40,0x00,0x40,0xE2,0x40,0x22,0x78,0x22,0x40,0x22,0x40,0x22,0x40,0x2A,0x40,0x32,0x40,
    0x22,0x48,0x0F,0xFC,0x00,0x00,0x00,0x00,0x08,0x00,0x08,0x08,0x0F,0xFC,0x10,0x08,0x20,0x08,0x5F,0x88,0x10,0x88,0x10,0x88,
    0x10,0x88,0x1F,0x88,0x10,0x88,0x10,0x08,0x00,0x50,0x00,0x20,0x00,0x00,0x00,0x00,0x11,0x00,0x11,0x10,0x21,0xF8,0x21,0x10,
    0x4A,0xA0,0xF0,0x40,0x10,0xA0,0x21,0x10,0xFA,0x8C,0x40,0x40,0x18,0x20,0xE1,0x80,0x40,0x60,0x00,0x20,0x00,0x00,0x00,0x00,
    0x00,0x08,0x3D,0xFC,0x25,0x08,0x25,0x08,0x3D,0x30,0x25,0x00,0x25,0xF8,0x3D,0x48,0x25,0x50,0x25,0x50,0x25,0x20,0x45,0x50,
    0x55,0x8C,0x89,0x08,0x00,0x00,0x00,0x00,0x00,0x40,0x24,0x40,0x42,0x40,0x90,0xFC,0x10,0x88,0x29,0x50,0x44,0x40,0x82,0x40,
    0x7C,0x40,0x44,0x60,0x44,0x90,0x7C,0x90,0x41,0x0C,0x06,0x08,0x00,0x00,0x00,0x00,0x08,0x80,0x1C,0xA0,0xF1,0x20,0x11,0xFC,
    0xFB,0x20,0x15,0x20,0x11,0xF8,0x39,0x20,0x55,0x20,0x51,0xF8,0x91,0x20,0x11,0x20,0x11,0xFC,0x11,0x00,0x00,0x00,0x00,0x00,
    0x02,0x20,0x02,0x20,0xF3,0xBC,0x95,0x50,0x98,0x88,0x90,0x00,0x97,0xF8,0x92,0x90,0xF2,0x90,0x92,0x90,0x85,0xA8,0x08,0xC8,
    0x00,0x80,0x0F,0xFC,0x00,0x00,0x00,0x00,0x04,0x40,0x7F,0xFC,0x04,0x40,0x1F,0xE0,0x10,0x20,0x1F,0xE0,0x10,0x20,0x1F,0xE0,
    0x10,0x00,0x3F,0xF8,0xD2,0x88,0x14,0x48,0x1F,0x90,0x00,0x60,0x00,0x00,0x00,0x00,0x10,0x80,0x1E,0xF8,0x12,0x90,0x2A,0xA0,
    0x54,0x40,0x88,0x20,0x17,0xD0,0x20,0x0C,0xC0,0x00,0x3F,0xF0,0x09,0x20,0x11,0x18,0x65,0x08,0x02,0x00,0x00,0x00,0x00,0x00,
    0x20,0x00,0x20,0x10,0x23,0xF8,0x20,0x00,0x20,0x00,0xF8,0x08,0x27,0xFC,0x20,0x80,0x20,0x80,0x21,0x00,0x3D,0x10,0xE2,0x08,
    0x47,0xFC,0x02,0x04,0x00,0x00,0x00,0x00,0x20,0x00,0x10,0x08,0x11,0xFC,0xF9,0x08,0x09,0x08,0x11,0x08,0x31,0xF8,0x69,0x08,
    0xA5,0x00,0x21,0x00,0x21,0x04,0x21,0x04,0x21,0x04,0x20,0xFC,0x00,0x00,0x00,0x00,0x20,0x08,0x23,0xFC,0x22,0xA8,0xFA,0xA8,
    0x23,0xF8,0x20,0x40,0x28,0x40,0x33,0xF8,0xE0,0x40,0x27,0xFC,0x20,0x80,0x21,0x10,0xA3,0xF8,0x42,0x08,0x00,0x00,0x00,0x00,
    0x42,0x08,0x22,0x7C,0x22,0x48,0x0F,0x48,0x82,0x78,0x52,0x48,0x52,0x48,0x2F,0x78,0x29,0x48,0xC9,0x48,0x4F,0x48,0x48,0x88,
    0x41,0x28,0x42,0x10,0x00,0x00,0x00,0x00,0x08,0x08,0x48,0xF0,0x6A,0x80,0x5C,0x80,0x48,0x80,0x7F,0xFC,0x48,0x90,0x4C,0x90,
    0x5A,0x90,0x68,0x90,0x48,0x90,0x40,0x90,0x7D,0x10,0x02,0x10,0x00,0x00,0x00,0x00,0x20,0x08,0x11,0xFC,0x11,0x08,0xF9,0x08,
    0x09,0xF8,0x10,0x40,0x30,0x40,0x6B,0xFC,0xAA,0x44,0x22,0xA4,0x23,0x14,0x22,0x04,0x22,0x14,0x22,0x08,0x00,0x00,0x00,0x00,
    0x10,0x40,0x10,0x40,0x7A,0x44,0x49,0x48,0x79,0x50,0x4B,0xFC,0x7A,0x04,0x4A,0xF4,0xFA,0x94,0x1A,0x94,0x2A,0xF4,0x4A,0x84,
    0xAA,0x14,0x12,0x08,0x00,0x00,0x00,0x00,0x00,0x80,0x78,0x40,0x4F,0xFC,0x48,0x00,0x78,0x20,0x4A,0xA8,0x4A,0xA8,0x4A,0x48,
    0x7A,0x48,0x4A,0xA8,0x4B,0x28,0x4A,0x08,0xAB,0xF8,0x90,0x08,0x00,0x00,0x00,0x00,0x10,0x08,0x17,0xFC,0x10,0x20,0x10,0x20,
    0xFC,0x40,0x10,0x40,0x38,0xC0,0x35,0x50,0x52,0x48,0x54,0x44,0x90,0x40,0x10,0x40,0x10,0x40,0x10,0x40,0x00,0x00,0x00,0x00,
    0x01,0x00,0x01,0x00,0x01,0x08,0x7F,0xFC,0x01,0x00,0x01,0x10,0x3F,0xF8,0x03,0x80,0x05,0x40,0x09,0x20,0x11,0x10,0x61,0x0C,
    0x01,0x00,0x01,0x00,0x00,0x00,0x00,0x00,0x00,0x10,0x1F,0xF8,0x11,0x10,0x1F,0xF0,0x11,0x10,0x1F,0xF0,0x04,0x20,0x1F,0xC0,
    0x02,0x10,0x3F,0xF8,0x09,0x48,0x11,0x20,0x65,0x18,0x02,0x00,0x00,0x00,0x00,0x00,0x21,0x20,0x21,0x28,0x27,0xFC,0xF9,0x20,
    0x23,0xF8,0x32,0x08,0x6B,0xF8,0x6A,0x08,0xA3,0xF8,0xA0,0x80,0x2F,0xFC,0x21,0x20,0x22,0x10,0x2C,0x0C,0x00,0x00,0x00,0x00,
    0x22,0x00,0x22,0x78,0xAA,0x48,0x77,0xC8,0x22,0x78,0xFA,0x48,0x27,0x48,0x75,0x78,0x6D,0x48,0xA5,0x48,0xA7,0x48,0x24,0x88,
    0x21,0x28,0x22,0x10,0x00,0x00,0x00,0x00,0x00,0x10,0x87,0xF8,0x64,0x10,0x24,0x10,0x04,0x10,0x14,0x10,0x17,0xF0,0x21,0x40,
    0xC1,0x40,0x41,0x40,0x42,0x44,0x44,0x44,0x48,0x44,0x30,0x3C,0x00,0x00,0x00,0x00,0x10,0x00,0x11,0xF8,0xFE,0x90,0x24,0xA0,
    0x24,0x40,0x18,0xA0,0x25,0x1C,0xC2,0x08,0x02,0x00,0x3F,0xF0,0x02,0x10,0x04,0x10,0x09,0x20,0x70,0xC0,0x00,0x00,0x00,0x00,
    0x00,0x40,0x40,0x50,0x20,0x48,0x2F,0xFC,0x00,0x40,0x00,0x40,0xE7,0xC0,0x21,0x20,0x21,0x20,0x21,0x20,0x21,0x14,0x29,0xD4,
    0x36,0x0C,0x20,0x04,0x00,0x00,0x00,0x00,0x20,0x40,0x27,0xFC,0x20,0x00,0xF9,0xF0,0x21,0x10,0x21,0xF0,0x28,0x00,0x37,0xF8,
    0xE4,0x08,0x25,0xE8,0x25,0x28,0x25,0xE8,0xA4,0x08,0x44,0x18,0x00,0x00,0x00,0x00,0x00,0x20,0x1F,0xF0,0x10,0x20,0x10,0x20,
    0x1F,0xE8,0x10,0x08,0x0F,0xF8,0x08,0x40,0x08,0x40,0xFF,0xFC,0x08,0x40,0x10,0x40,0x20,0x40,0xC0,0x40,0x00,0x00,0x00,0x00,
    0x00,0x20,0x01,0xF0,0x7F,0x00,0x01,0x00,0x01,0x00,0x01,0x08,0xFF,0xFC,0x01,0x00,0x01,0x00,0x01,0x00,0x01,0x00,0x01,0x00,
    0x01,0x00,0x01,0x00,0x00,0x00,0x00,0x00,0x20,0x00,0x13,0xFC,0x12,0x44,0x03,0xFC,0x02,0x44,0xE3,0xFC,0x20,0x00,0x21,0xF8,
    0x21,0x08,0x21,0xF8,0x29,0x08,0x31,0xF8,0x21,0x08,0x01,0x18,0x00,0x00,0x00,0x00,0x02,0x00,0x01,0x00,0x7F,0xFC,0x44,0x40,
    0x44,0x40,0x5F,0xF8,0x44,0x40,0x4C,0x60,0x4E,0xD0,0x55,0x50,0x65,0x48,0x46,0x44,0x84,0x40,0x84,0x40,0x00,0x00,0x00,0x00,
    0x02,0x00,0xFF,0xF8,0x08,0x40,0x04,0x80,0x3F,0xF0,0x20,0x10,0x24,0x90,0x28,0x50,0x37,0xB0,0x24,0x90,0x24,0x90,0x27,0x90,
    0x20,0x50,0x20,0x20,0x00,0x00,0x00,0x00,0x00,0x10,0x3F,0xF8,0x20,0x10,0x3F,0xF0,0x22,0x40,0x22,0x40,0x2F,0xF8,0x22,0x40,
    0x3F,0xFC,0x25,0x10,0x24,0xA0,0x44,0x40,0x45,0x30,0x86,0x0C,0x00,0x00,0x00,0x00,0x10,0x40,0x10,0x40,0x20,0x50,0x47,0xF8,
    0x90,0x40,0x10,0x48,0x2F,0xFC,0x62,0x40,0xA2,0x40,0x22,0x7C,0x22,0x40,0x25,0x40,0x24,0xC0,0x28,0x3C,0x00,0x00,0x00,0x00,
    0x00,0x40,0x00,0x40,0xFC,0x40,0x10,0x48,0x13,0xFC,0x10,0x48,0x10,0x48,0x10,0x48,0x10,0x88,0x1C,0x88,0xE1,0x08,0x42,0x08,
    0x04,0x50,0x08,0x20,0x00,0x00,0x00,0x00,0x11,0x00,0x10,0x88,0x1F,0xFC,0x20,0x80,0x20,0x80,0x61,0x88,0xA2,0x50,0x26,0x60,
    0x2A,0x40,0x22,0x20,0x22,0x20,0x22,0x90,0x23,0x0C,0x22,0x08,0x00,0x00,0x00,0x00,0x04,0x88,0xFF,0xFC,0x04,0x80,0x1F,0xE0,
    0x10,0x20,0x1F,0xE0,0x10,0x20,0xFF,0xFC,0x0A,0x40,0x32,0x30,0xDF,0xEC,0x12,0x20,0x12,0xE0,0x02,0x00,0x00,0x00,0x00,0x00,
    0x00,0x80,0x00,0x80,0xF7,0xF8,0x90,0x80,0x9F,0xFC,0x91,0x20,0x92,0x70,0x97,0x88,0xF0,0x08,0x97,0xF0,0x85,0x50,0x05,0x50,
    0x05,0x50,0x1F,0xFC,0x00,0x00,0x00,0x00,0x21,0x10,0x11,0x20,0x09,0x40,0x7F,0xFC,0x05,0x40,0x09,0x20,0x11,0x18,0x60,0x08,
    0x01,0x00,0xFF,0xFC,0x02,0x80,0x04,0x40,0x18,0x30,0x60,0x0C,0x00,0x00,0x00,0x00,0x04,0x80,0x04,0x88,0xFF,0xFC,0x04,0x80,
    0x1F,0xE0,0x10,0x20,0x1F,0xE0,0x10,0x20,0x1F,0xE0,0x02,0x08,0xFF,0xFC,0x04,0x80,0x18,0x60,0xE0,0x1C,0x00,0x00,0x00,0x00,
    0x10,0x40,0x10,0x40,0x10,0x40,0xFD,0x50,0x25,0x48,0x25,0x44,0x25,0x44,0x26,0x40,0x44,0x48,0x28,0x10,0x10,0x20,0x28,0x40,
    0x45,0x80,0x82,0x00,0x00,0x00,0x00,0x00,0x02,0x40,0x02,0x20,0x02,0x20,0xFF,0xFC,0x92,0x00,0x92,0x08,0x92,0x88,0x93,0x48,
    0x9E,0x50,0xF2,0x50,0x92,0x20,0x02,0x20,0x0B,0xFC,0x04,0x00,0x00,0x00,0x00,0x00,0x10,0x00,0x10,0x08,0x13,0xFC,0xFC,0x08,
    0x24,0x08,0x24,0x08,0x25,0xF8,0x24,0x08,0x44,0x08,0x28,0x08,0x10,0x08,0x29,0xF8,0x44,0x08,0x80,0x00,0x00,0x00,0x00,0x00,
    0x04,0x40,0x7F,0xFC,0x04,0x40,0x40,0x90,0x2F,0xFC,0x84,0x90,0x57,0xF0,0x54,0x90,0x27,0xF0,0xE4,0x90,0x2F,0xFC,0x22,0x20,
    0x21,0x20,0x20,0x60,0x00,0x00,0x00,0x00,0x3F,0xF0,0x02,0x00,0x7F,0xF8,0x42,0x08,0xBA,0xD0,0x08,0x00,0x1F,0xE0,0x24,0x80,
    0x0F,0xC0,0xF2,0x3C,0x1F,0xE0,0x04,0x20,0x09,0x20,0x70,0xC0,0x00,0x00,0x00,0x00,0x42,0x20,0x22,0x20,0x2F,0xA0,0x08,0xA8,
    0x8F,0xBC,0x48,0xE8,0x2F,0xA8,0x22,0x28,0x4F,0xA8,0xC4,0x10,0x47,0x10,0x49,0x28,0x49,0x48,0x52,0x84,0x00,0x00,0x00,0x00,
    0x08,0x08,0x08,0xFC,0xFE,0x88,0x08,0x88,0x7E,0xF8,0x42,0x88,0x7E,0x88,0x42,0x88,0x7E,0xF8,0x08,0x88,0xFE,0x88,0x09,0x08,
    0x09,0x28,0x0A,0x10,0x00,0x00,0x00,0x00,0x01,0x00,0x79,0x20,0x49,0xF0,0x4A,0x20,0x4D,0xF8,0x78,0x48,0x4F,0xFC,0x48,0x48,
    0x78,0x48,0x4B,0xF8,0x48,0x48,0x78,0x40,0x41,0x40,0x00,0x80,0x00,0x00,0x00,0x00,0x20,0x80,0x20,0x40,0x20,0x40,0x20,0x08,
    0xB7,0xFC,0xAA,0x00,0xA2,0x00,0x22,0x00,0x22,0x00,0x22,0x00,0x22,0x00,0x22,0x00,0x23,0xFC,0x22,0x00,0x00,0x00,0x00,0x00,
    0x40,0x20,0x20,0x40,0x20,0xF8,0x0E,0x88,0x84,0xA8,0x54,0x88,0x54,0xB0,0x24,0x80,0x26,0xFC,0xD8,0x04,0x43,0xE4,0x40,0x04,
    0x40,0x28,0x40,0x10,0x00,0x00,0x00,0x00,0x52,0x40,0x34,0x48,0x7E,0xFC,0x52,0x90,0x7B,0x50,0x56,0x20,0x52,0x50,0x1F,0xEC,
    0x10,0x20,0x1F,0xE0,0x10,0x20,0x1F,0xE0,0x10,0x20,0x1F,0xE0,0x00,0x00,0x00,0x00,0x00,0x08,0x7F,0xFC,0x03,0x00,0x05,0xC0,
    0x09,0x30,0x11,0x0C,0x61,0x04,0x00,0x20,0x1F,0xF0,0x10,0x20,0x10,0x20,0x10,0x20,0x1F,0xE0,0x10,0x20,0x00,0x00,0x00,0x00,
    0x40,0x80,0x20,0x88,0x2F,0xFC,0x01,0x00,0x01,0x40,0xE2,0x40,0x27,0xF8,0x20,0x40,0x20,0x40,0x2F,0xFC,0x20,0x40,0x50,0x40,
    0x8C,0x00,0x03,0xFC,0x00,0x00,0x00,0x00,0x21,0x00,0x21,0x08,0x23,0xFC,0x34,0x00,0xAB,0xF8,0xA2,0x88,0xA2,0x48,0x2F,0xFC,
    0x22,0x90,0x22,0x50,0x24,0x50,0x27,0xFC,0x20,0x10,0x20,0x60,0x00,0x00,0x00,0x00,0x00,0x08,0x3F,0xFC,0x20,0x08,0x3F,0xF8,
    0x24,0x20,0x22,0x40,0x2F,0xF8,0x22,0x40,0x22,0x40,0x3F,0xFC,0x22,0x40,0x42,0x40,0x44,0x40,0x98,0x40,0x00,0x00,0x00,0x00,
    0x00,0x80,0x80,0x80,0x49,0x40,0x49,0x20,0x12,0x10,0x14,0x8C,0x28,0x40,0x27,0xF0,0xC0,0x10,0x42,0x20,0x41,0x40,0x40,0x80,
    0x40,0x40,0x00,0x40,0x00,0x00,0x00,0x00,0x00,0x08,0x3F,0xFC,0x20,0x00,0x2F,0xFC,0x22,0x00,0x22,0x10,0x23,0xF8,0x22,0x10,
    0x22,0x10,0x24,0x10,0x24,0x10,0x48,0x10,0x50,0xA0,0xA0,0x40,0x00,0x00,0x00,0x00,0x00,0x40,0x3F,0xE0,0x00,0x80,0x03,0x40,
    0x72,0x48,0x1F,0xD0,0x12,0x20,0x17,0xA0,0x12,0x20,0x22,0x10,0x2F,0xD0,0x42,0x08,0x82,0x04,0x06,0x00,0x00,0x00,0x00,0x00,
    0x41,0x20,0x21,0x20,0x2F,0xFC,0x01,0x20,0x00,0x80,0xE0,0x88,0x2F,0xFC,0x21,0x00,0x21,0xF0,0x23,0x10,0x25,0x10,0x31,0x10,
    0x21,0xF0,0x01,0x10,0x00,0x00,0x00,0x00,0x04,0x40,0x44,0x40,0x28,0x48,0x13,0xFC,0x2A,0x48,0xCA,0x48,0x0A,0x48,0x1A,0x48,
    0x2B,0xF8,0x4A,0x40,0x88,0x50,0x08,0x48,0x57,0xF4,0x22,0x04,0x00,0x00,0x00,0x00,0x20,0x00,0x27,0x78,0x25,0x48,0x25,0x48,
    0xF5,0x48,0x25,0x48,0x2F,0xFC,0x75,0x48,0x65,0x48,0xA5,0x48,0xA5,0x48,0x25,0x48,0x2B,0x48,0x30,0x98,0x00,0x00,0x00,0x00,
    0x00,0x80,0x78,0x40,0x48,0x48,0x4F,0xFC,0x51,0x00,0x51,0x10,0x49,0xF8,0x49,0x10,0x49,0x10,0x69,0x10,0x52,0x10,0x42,0x10,
    0x44,0x50,0x58,0x20,0x00,0x00,0x00,0x00,0x20,0x08,0x23,0xFC,0x22,0x08,0xFB,0xF8,0x22,0x00,0x22,0x40,0x3B,0xFC,0x62,0x40,
    0xA2,0x40,0x25,0xF8,0x25,0x08,0x25,0x08,0xA9,0xF8,0x51,0x08,0x00,0x00,0x00,0x00,0x02,0x00,0x01,0x08,0x3F,0xFC,0x20,0x00,
    0x25,0x20,0x29,0x10,0x2F,0xFC,0x21,0x00,0x21,0xF0,0x23,0x10,0x44,0xA0,0x48,0x40,0x51,0xA0,0x8E,0x1C,0x00,0x00,0x00,0x00,
    0x02,0x00,0x01,0x08,0x7F,0xFC,0x04,0x40,0x08,0x20,0x3F,0xF0,0x00,0x10,0x04,0x40,0x04,0x40,0xFF,0xFC,0x04,0x40,0x08,0x40,
    0x10,0x40,0x60,0x40,0x00,0x00,0x00,0x00,0x00,0x08,0x3F,0xFC,0x20,0x00,0x20,0x00,0x20,0x00,0x20,0x00,0x20,0x00,0x20,0x00,
    0x20,0x00,0x20,0x00,0x20,0x00,0x40,0x00,0x40,0x00,0x80,0x00,0x00,0x00,0x00,0x00,0x21,0x20,0x21,0x20,0x23,0xF8,0x79,0x20,
    0x41,0x20,0xF7,0xFC,0xA0,0x00,0x23,0xF0,0xFA,0x10,0x22,0x10,0x23,0xF0,0x2A,0x10,0x33,0xF0,0x22,0x10,0x00,0x00,0x00,0x00,
    0x00,0x08,0x07,0xFC,0x78,0x80,0x48,0x80,0x48,0x80,0x48,0xE0,0x48,0x98,0x48,0x88,0x78,0x80,0x48,0x80,0x00,0x80,0x00,0x80,
    0x00,0x80,0x00,0x80,0x00,0x00,0x00,0x00,0x10,0x10,0x10,0x10,0x10,0x10,0xFD,0xFC,0x10,0x10,0x10,0x10,0x39,0x10,0x34,0x90,
    0x50,0x50,0x50,0x10,0x90,0x10,0x10,0x10,0x10,0x50,0x10,0x20,0x00,0x00,0x00,0x00,0x40,0x10,0x23,0xF8,0x22,0x10,0x02,0x10,
    0x02,0x10,0xE3,0xF0,0x22,0x10,0x22,0x10,0x22,0x10,0x23,0xF0,0x2A,0x10,0x32,0x10,0x22,0x10,0x0F,0xFC,0x00,0x00,0x00,0x00,
    0x00,0x10,0x3C,0xF8,0x24,0x90,0x24,0x90,0x3C,0xF0,0x24,0x90,0x00,0x00,0x0F,0xC0,0x08,0x40,0x08,0x40,0x08,0x44,0x08,0x44,
    0x10,0x44,0xE0,0x3C,0x00,0x00,0x00,0x00,0x01,0x10,0xFE,0x90,0x48,0xA0,0x48,0x00,0x7B,0xFC,0x48,0x40,0x48,0x40,0x7B,0xFC,
    0x48,0x40,0x4E,0x40,0x78,0xA0,0xC8,0x90,0x09,0x0C,0x0A,0x08,0x00,0x00,0x00,0x00,0x02,0x00,0x04,0x20,0x1F,0xF0,0x10,0x20,
    0x1F,0xE0,0x10,0x20,0x1F,0xE0,0x10,0x20,0x1F,0xE0,0x02,0x00,0x29,0x08,0x29,0x24,0x48,0x24,0x07,0xE0,0x00,0x00,0x00,0x00,
    0x00,0x80,0x0F,0xC0,0x08,0x80,0x08,0x80,0x08,0x80,0x08,0x80,0x08,0x80,0x08,0x80,0x08,0x80,0x08,0x80,0x10,0x84,0x10,0x84,
    0x20,0x84,0xC0,0x7C,0x00,0x00,0x00,0x00,0x02,0x00,0x01,0x00,0x7F,0xF8,0x40,0x08,0x80,0x10,0x1F,0xE0,0x00,0x00,0x7F,0xF8,
    0x01,0x00,0x09,0x40,0x11,0x20,0x21,0x18,0x45,0x08,0x02,0x00,0x00,0x00,0x00,0x00,0x04,0x00,0x44,0x08,0x2B,0xFC,0x10,0x40,
    0x28,0x40,0x48,0x40,0x08,0x40,0x1B,0xF8,0x28,0x40,0x48,0x40,0x88,0x40,0x08,0x40,0x57,0xFC,0x20,0x00,0x00,0x00,0x00,0x00,
    0x10,0x08,0x08,0x9C,0x7E,0xE0,0x22,0x80,0x14,0x88,0xFE,0xFC,0x08,0x90,0x08,0x90,0x7E,0x90,0x08,0x90,0x2C,0x90,0x4A,0x90,
    0xA9,0x10,0x12,0x10,0x00,0x00,0x00,0x00,0x10,0x00,0x10,0x10,0x1F,0xF8,0x20,0x00,0x5F,0xE0,0x92,0x20,0x11,0x20,0xFF,0xFC,
    0x12,0x20,0x11,0x20,0x21,0x20,0x3F,0xF8,0x00,0x20,0x00,0xC0,0x00,0x00,0x00,0x00,0x00,0x80,0x08,0x80,0x08,0x80,0x08,0x80,
    0x28,0x88,0x2E,0x98,0x28,0xE0,0x28,0x80,0x28,0x80,0x28,0x80,0x2E,0x84,0x38,0x84,0xE0,0x84,0x40,0x7C,0x00,0x00,0x00,0x00,
    0x20,0x20,0x20,0x28,0x40,0x28,0x47,0xFC,0x94,0x20,0xF7,0xE0,0x24,0x28,0x45,0xE8,0xF5,0x68,0x45,0x50,0x15,0xD4,0xE4,0x34,
    0x48,0x4C,0x11,0x84,0x00,0x00,0x00,0x00,0x43,0xF0,0x22,0x10,0x23,0xF0,0x02,0x10,0x03,0xF0,0xE1,0x00,0x23,0xF8,0x2C,0x88,
    0x25,0x68,0x24,0x08,0x27,0xE8,0x50,0x10,0x8C,0x00,0x03,0xFC,0x00,0x00,0x00,0x00,0x00,0x40,0x78,0x40,0x4A,0x40,0x4A,0x48,
    0x7B,0xFC,0x4A,0x40,0x4C,0x40,0x78,0x40,0x4B,0xF8,0x48,0x40,0x48,0x40,0x48,0x40,0xA8,0x40,0x97,0xFC,0x00,0x00,0x00,0x00,
    0x44,0x08,0x24,0x1C,0x2F,0x60,0x04,0x40,0x8A,0x40,0x4A,0x7C,0x5F,0x50,0x22,0x50,0x22,0x50,0x47,0x50,0xDA,0x50,0x42,0x90,
    0x42,0x90,0x43,0x10,0x00,0x00,0x00,0x00,0x10,0x00,0x11,0x80,0x16,0x78,0x24,0x48,0x24,0x48,0x64,0x48,0xA4,0x48,0x24,0x48,
    0x25,0x48,0x26,0x48,0x24,0x58,0x20,0x40,0x20,0x40,0x20,0x40,0x00,0x00,0x00,0x00,0x02,0x00,0x01,0x08,0xFF,0xFC,0x14,0xA0,
    0x24,0x90,0x44,0x88,0x01,0x00,0x3F,0xF0,0x21,0x10,0x21,0x10,0x3F,0xF0,0x01,0x20,0x7F,0xF8,0x20,0x08,0x00,0x00,0x00,0x00,
    0x10,0x40,0x10,0x40,0x10,0x80,0xFC,0x90,0x25,0x08,0x27,0xFC,0x24,0x04,0x24,0x00,0x45,0xF8,0x29,0x08,0x11,0x08,0x29,0x08,
    0x45,0xF8,0x81,0x08,0x00,0x00,0x00,0x00,0x10,0x08,0x11,0xFC,0xFE,0x20,0x10,0xF8,0x7C,0x88,0x44,0xA8,0x7C,0xA8,0x44,0xA8,
    0x7C,0xA8,0x44,0xA8,0xFE,0xA8,0x28,0x50,0x44,0x8C,0x83,0x04,0x00,0x00,0x00,0x00,0x00,0x08,0x7D,0xFC,0x44,0x40,0x7D,0xF8,
    0x45,0x08,0x7D,0x48,0x01,0x48,0xFF,0x48,0x51,0x48,0x5E,0x60,0x50,0x90,0x71,0x08,0x8C,0x00,0x83,0xFC,0x00,0x00,0x00,0x00,
    0x00,0x40,0x78,0x40,0x48,0xA0,0x49,0x10,0x7A,0x08,0x4D,0xF4,0x48,0x00,0x78,0x88,0x4A,0x88,0x4A,0x50,0x49,0x50,0x49,0x20,
    0xA8,0x20,0x93,0xFC,0x00,0x00,0x00,0x00,0x10,0x20,0x08,0x40,0x7F,0xF8,0x02,0x00,0x02,0x00,0x3F,0xF0,0x04,0x00,0x7F,0xFC,
    0x08,0x00,0x0F,0xF0,0x10,0x80,0x20,0x80,0xC0,0x88,0x1F,0xFC,0x00,0x00,0x00,0x00,0x00,0x08,0x77,0xFC,0x54,0x08,0x57,0xF8,
    0x54,0x00,0x57,0xFC,0x54,0x90,0x55,0xF8,0x74,0x48,0x54,0x40,0x4B,0xF8,0x08,0x40,0x10,0x40,0x27,0xFC,0x00,0x00,0x00,0x00,
    0x41,0x40,0x21,0x40,0x29,0x48,0x05,0x50,0x03,0x60,0xE1,0x40,0x23,0x70,0x2D,0x48,0x21,0x40,0x21,0x44,0x22,0x3C,0x54,0x00,
    0x88,0x00,0x07,0xFC,0x00,0x00,0x00,0x00,0x02,0x00,0x01,0x08,0x3F,0xFC,0x20,0x00,0x21,0x00,0x21,0x10,0x3F,0xF8,0x21,0x00,
    0x21,0x00,0x22,0x80,0x22,0x40,0x44,0x20,0x48,0x1C,0xB0,0x08,0x00,0x00,0x00,0x00,0x00,0x00,0x00,0x80,0x04,0x80,0x04,0x80,
    0x04,0x80,0x04,0x80,0x08,0x80,0x08,0x40,0x08,0x40,0x10,0x20,0x10,0x20,0x20,0x10,0x40,0x0C,0x80,0x08,0x00,0x00,0x00,0x00,
    0x02,0x00,0x01,0x00,0x7F,0xF8,0x44,0x48,0x8A,0x90,0x29,0x10,0x2A,0x28,0x0C,0x28,0x77,0xE0,0x02,0x00,0x22,0x10,0x22,0x10,
    0x22,0x10,0x3F,0xF0,0x00,0x00,0x00,0x00,0x00,0x10,0xFD,0xF8,0x20,0x10,0x21,0x10,0x21,0x10,0x79,0x10,0x49,0x10,0xC9,0xFC,
    0x48,0x04,0x4B,0xF4,0x78,0x04,0x48,0x04,0x40,0x28,0x00,0x10,0x00,0x00,0x00,0x00,0x00,0x00,0x00,0x00,0x07,0x80,0x08,0x40,
    0x08,0x40,0x04,0x80,0x03,0x00,0x04,0x80,0x08,0x40,0x08,0x40,0x08,0x40,0x07,0x80,0x00,0x00,0x00,0x00,0x00,0x00,0x00,0x00,
    0x20,0x20,0x23,0xF0,0x20,0x20,0xFC,0x40,0x20,0x80,0x21,0x08,0x73,0xFC,0x68,0xA8,0xA1,0x48,0xA2,0x48,0x24,0x88,0x29,0x08,
    0x22,0x50,0x24,0x20,0x00,0x00,0x00,0x00,0x01,0x00,0x11,0x00,0x11,0x10,0x1F,0xF8,0x21,0x00,0x41,0x00,0x01,0x00,0x01,0x08,
    0x7F,0xFC,0x01,0x00,0x01,0x00,0x01,0x00,0x01,0x00,0x01,0x00,0x00,0x00,0x00,0x00,0x10,0x10,0x13,0xF8,0x10,0x90,0xFC,0x90,
    0x24,0x90,0x24,0xA0,0x24,0xBC,0x24,0x84,0x44,0x84,0x29,0x04,0x11,0x04,0x2A,0x04,0x44,0x28,0x88,0x10,0x00,0x00,0x00,0x00,
    0x01,0x00,0x02,0x80,0x04,0x40,0x0B,0xA0,0x30,0x1C,0xCF,0xE8,0x08,0x20,0x0F,0xE0,0x00,0x00,0x3F,0xF0,0x24,0x90,0x24,0x90,
    0x24,0x90,0xFF,0xFC,0x00,0x00,0x00,0x00,0x00,0x80,0x00,0x80,0xFB,0xF0,0x0A,0x90,0x0A,0x50,0x4A,0x10,0x2A,0x60,0x12,0x00,
    0x13,0xF8,0x28,0x08,0x4B,0xE8,0x88,0x08,0x00,0x50,0x00,0x20,0x00,0x00,0x00,0x00,0x00,0x80,0x78,0xF8,0x49,0x10,0x4A,0xA0,
    0x54,0x40,0x50,0xB0,0x4B,0x4C,0x49,0xF8,0x4A,0x40,0x6A,0x40,0x57,0xFC,0x40,0x40,0x40,0x40,0x40,0x40,0x00,0x00,0x00,0x00,
    0x08,0x80,0x08,0x80,0x49,0x08,0x49,0xFC,0x4A,0x80,0x4C,0x40,0x48,0x20,0x4B,0xF8,0x4A,0x48,0x4A,0x48,0x4A,0x48,0x4A,0x48,
    0x0B,0xF8,0x0A,0x08,0x00,0x00,0x00,0x00,0x00,0x80,0x78,0x90,0x48,0xF8,0x49,0x10,0x52,0x20,0x54,0x80,0x4B,0x38,0x4A,0x08,
    0x4A,0x08,0x6B,0xB8,0x52,0x08,0x42,0x08,0x43,0xF8,0x42,0x08,0x00,0x00,0x00,0x00,0x01,0x00,0x3F,0xF8,0x02,0x80,0x04,0x40,
    0x08,0x20,0x7F,0xFC,0x41,0x04,0x91,0x08,0x1F,0xF0,0x21,0x00,0x7F,0xFC,0x01,0x00,0x01,0x00,0x01,0x00,0x00,0x00,0x00,0x00,
    0x10,0x80,0x10,0x80,0x10,0x80,0x20,0x80,0x22,0x88,0x62,0x90,0xA4,0xA0,0x24,0xC0,0x21,0x40,0x21,0x20,0x22,0x20,0x22,0x10,
    0x24,0x0C,0x28,0x08,0x00,0x00,0x00,0x00,0x04,0x00,0x04,0x00,0x04,0x00,0x04,0x40,0x7F,0xE0,0x04,0x40,0x04,0x40,0x04,0x40,
    0x04,0x40,0x08,0x40,0x08,0x44,0x10,0x44,0x20,0x44,0xC0,0x3C,0x00,0x00,0x00,0x00,0x02,0x00,0x7F,0xF8,0x00,0x00,0x1F,0xE0,
    0x12,0x20,0x1F,0xE0,0x12,0x20,0x7F,0xFC,0x12,0x20,0x26,0x18,0xC9,0x20,0x18,0xC0,0xEB,0x30,0x0C,0x0C,0x00,0x00,0x00,0x00,
    0x20,0x08,0x11,0xFC,0x11,0x08,0x01,0x08,0x01,0x08,0xF1,0x08,0x11,0xF8,0x11,0x08,0x10,0x00,0x10,0x90,0x14,0x88,0x19,0x04,
    0x12,0x04,0x04,0x00,0x00,0x00,0x00,0x00,0x40,0x80,0x30,0x50,0x13,0xF8,0x02,0x10,0x83,0xF0,0x4A,0x10,0x4A,0x10,0x13,0xF0,
    0x12,0x88,0xE2,0xB0,0x22,0x40,0x22,0x20,0x22,0x9C,0x23,0x08,0x00,0x00,0x00,0x00,0x04,0x80,0x7F,0xF0,0x04,0x90,0x3F,0xF0,
    0x24,0x80,0x3F,0xF8,0x08,0x88,0x7F,0xF0,0x10,0x20,0x12,0x20,0x12,0x20,0x04,0xC0,0x08,0x30,0x70,0x10,0x00,0x00,0x00,0x00,
    0x08,0x40,0x1D,0x48,0xE1,0x50,0x22,0x60,0x20,0x90,0x3D,0x08,0xE2,0x40,0x21,0x50,0x3D,0x60,0xE2,0x40,0x20,0xA4,0x23,0x14,
    0x20,0x04,0x1F,0xFC,0x00,0x00,0x00,0x00,0x00,0xA0,0x00,0x90,0x00,0x90,0xFF,0xFC,0x00,0x80,0x00,0x80,0x7E,0x80,0x08,0x80,
    0x08,0x80,0x08,0x40,0x08,0x44,0x0F,0x24,0xF0,0x14,0x00,0x0C,0x00,0x00,0x00,0x00,0x10,0x40,0x11,0x40,0x12,0x58,0xFA,0x48,
    0x13,0x58,0x12,0x48,0x1B,0xF8,0x30,0x40,0xD7,0xF8,0x11,0x10,0x10,0xA0,0x10,0x40,0x51,0xB0,0x2E,0x0C,0x00,0x00,0x00,0x00,
    0x01,0x00,0x01,0x10,0x3F,0xF8,0x01,0x00,0x7F,0xF8,0x44,0x08,0x88,0xD0,0x1F,0x00,0x04,0x20,0x3F,0xF0,0x01,0x10,0x11,0x20,
    0x25,0x10,0x42,0x08,0x00,0x00,0x00,0x00,0x00,0x00,0x7F,0xF8,0x42,0x08,0x84,0x10,0x3F,0xE0,0x09,0x00,0x11,0x00,0x1F,0xF0,
    0x01,0x00,0x01,0x08,0xFF,0xFC,0x01,0x00,0x01,0x00,0x01,0x00,0x00,0x00,0x00,0x00,0x00,0x40,0x7C,0x40,0x44,0x40,0x48,0x40,
    0x48,0x40,0x50,0x40,0x48,0x40,0x44,0xA0,0x44,0xA0,0x45,0x20,0x59,0x10,0x42,0x10,0x44,0x08,0x48,0x04,0x00,0x00,0x00,0x00,
    0x06,0x00,0x01,0x00,0x00,0x00,0x1F,0x00,0x01,0x10,0x01,0x20,0x79,0x40,0x09,0x80,0x09,0x40,0x11,0x20,0x21,0x10,0x41,0x0C,
    0x85,0x08,0x02,0x00,0x00,0x00,0x00,0x00,0x20,0x80,0x20,0x40,0x27,0xF8,0x21,0x20,0xF7,0xFC,0x20,0x00,0x23,0xF0,0x22,0x10,
    0x23,0xF0,0x3A,0x10,0xC3,0xF0,0x01,0x44,0x02,0x44,0x1C,0x3C,0x00,0x00,0x00,0x00,0x00,0x40,0x7C,0x40,0x44,0x40,0x54,0x48,
    0x54,0x7C,0x54,0x40,0x54,0x40,0x55,0xF8,0x55,0x08,0x55,0x08,0x29,0x08,0x25,0x08,0x43,0xF8,0x81,0x08,0x00,0x00,0x00,0x00,
    0x02,0x00,0x1F,0xE0,0x15,0x20,0x12,0xA0,0x1F,0xE0,0x00,0x00,0x3F,0xF0,0x21,0x10,0x3F,0xF0,0x21,0x10,0xFF,0xFC,0x08,0x40,
    0x10,0x40,0x60,0x40,0x00,0x00,0x00,0x00,0x04,0x00,0x04,0x08,0xFF,0xFC,0x04,0x00,0x04,0x80,0x04,0x88,0x0A,0x98,0x0A,0xA0,
    0x15,0x40,0x21,0x40,0x42,0x20,0x84,0x10,0x08,0x0C,0x30,0x08,0x00,0x00,0x00,0x00,0x02,0x00,0x02,0x00,0x12,0x40,0x12,0x20,
    0x22,0x18,0x42,0x08,0x80,0x00,0x02,0x00,0x02,0x10,0x7F,0xF8,0x02,0x00,0x02,0x00,0x02,0x08,0xFF,0xFC,0x00,0x00,0x00,0x00,
    0x04,0x00,0x04,0x00,0x04,0x80,0x0F,0xC0,0x08,0x80,0x11,0x00,0x21,0x00,0x42,0x80,0x02,0x80,0x04,0x40,0x08,0x40,0x10,0x20,
    0x20,0x1C,0xC0,0x08,0x00,0x00,0x00,0x00,0x00,0x40,0x3F,0xE0,0x04,0x40,0x04,0x40,0x04,0x90,0x04,0xF8,0x0A,0x10,0x0A,0x10,
    0x09,0x20,0x11,0x40,0x10,0x80,0x21,0x60,0x46,0x1C,0x98,0x08,0x00,0x00,0x00,0x00,0x02,0x00,0x04,0x40,0x08,0x20,0x3F,0xF0,
    0x04,0x00,0xFF,0xFC,0x09,0x40,0x12,0x20,0x24,0x9C,0xD9,0x08,0x06,0x20,0x18,0xC0,0x03,0x00,0x3C,0x00,0x00,0x00,0x00,0x00,
    0x20,0x80,0x20,0x40,0x20,0x48,0xFB,0xFC,0x20,0x00,0x21,0xE0,0x29,0x20,0x31,0x20,0xE1,0x20,0x21,0x20,0x21,0x20,0x22,0x24,
    0xA4,0x24,0x48,0x1C,0x00,0x00,0x00,0x00,0x10,0x08,0x10,0x9C,0xFE,0xE0,0x28,0x80,0x7E,0xFC,0x08,0x90,0x1E,0x90,0xE9,0x10,
    0x1F,0xF0,0x10,0x10,0x1F,0xF0,0x10,0x10,0x10,0x10,0x1F,0xF0,0x00,0x00,0x00,0x00,0x24,0x00,0x22,0x08,0x21,0x7C,0xF4,0x88,
    0x24,0xE8,0x25,0xA8,0x26,0x48,0x34,0xA8,0xE7,0x18,0x25,0xE8,0x25,0x28,0x25,0xE8,0xA4,0x08,0x44,0x18,0x00,0x00,0x00,0x00,
    0x00,0x00,0x00,0x00,0x1F,0xF0,0x11,0x10,0x01,0x00,0x01,0x00,0x01,0x00,0x01,0x00,0x01,0x00,0x01,0x00,0x01,0x00,0x03,0x80,
    0x00,0x00,0x00,0x00,0x00,0x00,0x00,0x00,0x00,0x18,0x7D,0xE0,0x45,0x00,0x55,0x08,0x55,0xFC,0x55,0x48,0x55,0x48,0x55,0x48,
    0x55,0x50,0x55,0x50,0x29,0x20,0x25,0x50,0x42,0x88,0x85,0x04,0x00,0x00,0x00,0x00,0x40,0x80,0x24,0x90,0x22,0xA0,0x00,0x80,
    0x07,0xF0,0xE4,0x10,0x27,0xF0,0x24,0x10,0x27,0xF0,0x24,0x10,0x24,0x10,0x54,0x30,0x88,0x00,0x07,0xFC,0x00,0x00,0x00,0x00,
    0x40,0x30,0x27,0xC0,0x29,0x10,0x04,0x90,0x02,0x20,0xE3,0xF0,0x24,0x80,0x2F,0xFC,0x20,0x80,0x24,0x90,0x27,0xF0,0x50,0x10,
    0x88,0x00,0x07,0xFC,0x00,0x00,0x00,0x00,0x40,0x10,0x4D,0xF8,0x70,0x20,0x44,0xC0,0x3C,0x40,0x43,0xF8,0x7C,0x48,0x91,0x40,
    0x11,0x78,0xFD,0x40,0x11,0x40,0x2A,0xC0,0x44,0x20,0x88,0x1C,0x00,0x00,0x00,0x00,0x22,0x10,0x21,0x20,0x27,0xF8,0x24,0x48,
    0xF6,0x58,0x25,0x68,0x27,0xF8,0x20,0x00,0x23,0xF0,0x3A,0x10,0xE3,0xF0,0x42,0x10,0x03,0xF0,0x02,0x10,0x00,0x00,0x00,0x00,
    0x20,0x10,0x23,0xF8,0x22,0x10,0xFB,0xF0,0x22,0x10,0x23,0xF0,0x30,0x00,0x67,0xFC,0xA0,0x40,0x22,0x78,0x22,0x40,0x25,0x40,
    0xA8,0xC0,0x50,0x3C,0x00,0x00,0x00,0x00,0x10,0x80,0x10,0x40,0x27,0xF8,0x21,0x10,0x48,0xA0,0xF7,0xFC,0x14,0x44,0x23,0xF8,
    0xFA,0x48,0x42,0x48,0x1A,0x48,0xE2,0x68,0x42,0x50,0x00,0x40,0x00,0x00,0x00,0x00,0x00,0x00,0x3F,0xF8,0x00,0x08,0x09,0x10,
    0x05,0x00,0x21,0x00,0x11,0x00,0x01,0x08,0x7F,0xFC,0x01,0x00,0x02,0xC0,0x04,0x20,0x08,0x18,0x70,0x08,0x00,0x00,0x00,0x00,
    0x10,0x00,0x10,0x08,0x11,0xFC,0xFC,0x08,0x10,0x08,0x10,0x08,0x1C,0x08,0x31,0xF8,0xD0,0x08,0x10,0x08,0x10,0x08,0x10,0x08,
    0x53,0xF8,0x20,0x08,0x00,0x00,0x00,0x00,0x00,0x80,0x00,0x80,0x79,0x08,0x49,0xFC,0x4A,0x00,0x4C,0x20,0x4B,0xF0,0x48,0x20,
    0x48,0x40,0x78,0x80,0x49,0x04,0x02,0x04,0x02,0x04,0x01,0xFC,0x00,0x00,0x00,0x00,0x10,0x80,0x10,0x80,0x11,0x08,0x15,0xFC,
    0x5A,0x80,0x52,0x80,0x94,0xF8,0x10,0x80,0x10,0x80,0x10,0x88,0x28,0xFC,0x24,0x80,0x40,0x80,0x80,0x80,0x00,0x00,0x00,0x00,
    0x08,0x00,0x08,0x00,0x08,0x08,0x1F,0xFC,0x12,0x48,0x22,0x48,0x5E,0x48,0x05,0x88,0x08,0xC8,0x11,0x28,0x62,0x08,0x04,0x08,
    0x08,0x50,0x30,0x20,0x00,0x00,0x00,0x00,0x40,0x80,0x30,0x80,0x11,0x40,0x01,0x20,0x02,0x10,0xE4,0x0C,0x29,0x00,0x21,0x10,
    0x21,0x60,0x21,0x80,0x25,0x08,0x29,0x08,0x31,0x08,0x20,0xF8,0x00,0x00,0x00,0x00,0x00,0x10,0x1F,0xF8,0x11,0x10,0x1F,0xF0,
    0x11,0x10,0x11,0x10,0x1F,0xF0,0x01,0x00,0x3F,0xF8,0x01,0x08,0x02,0x08,0x04,0x08,0x18,0x50,0x60,0x20,0x00,0x00,0x00,0x00,
    0x01,0x10,0x78,0x90,0x48,0xA0,0x49,0xF8,0x79,0x08,0x49,0x08,0x49,0x08,0x79,0xF8,0x48,0xA0,0x48,0xA0,0x48,0xA0,0x49,0x24,
    0xAA,0x24,0x94,0x1C,0x00,0x00,0x00,0x00,0x20,0x10,0x23,0xF8,0x20,0xA0,0xF8,0x40,0x23,0xF8,0x22,0x48,0x72,0x48,0x6B,0xF8,
    0xA2,0x48,0xA3,0xF8,0x22,0x48,0x22,0x48,0x22,0x48,0x22,0x18,0x00,0x00,0x00,0x00,0x08,0x40,0x04,0x80,0x7F,0xF8,0x02,0x00,
    0x3F,0xF0,0x02,0x00,0x02,0x00,0x7F,0xF8,0x00,0x00,0x3F,0xF0,0x24,0x90,0x24,0x90,0x24,0x90,0xFF,0xFC,0x00,0x00,0x00,0x00,
    0x20,0x80,0x20,0x40,0x27,0xFC,0x24,0x04,0xF3,0xB8,0x22,0xD0,0x2D,0x20,0x33,0xF0,0x64,0x0C,0xAB,0xF0,0x20,0x40,0x22,0x50,
    0xA5,0x48,0x40,0x80,0x00,0x00,0x00,0x00,0x02,0x00,0x7F,0xF8,0x00,0x00,0x1F,0xE0,0x10,0x20,0x1F,0xE0,0x00,0x00,0x7F,0xF8,
    0x40,0x08,0x8F,0x90,0x08,0x80,0x08,0x84,0x10,0x84,0xE0,0x7C,0x00,0x00,0x00,0x00,0x20,0x40,0x28,0x40,0x24,0xF8,0x45,0x50,
    0x50,0x60,0xE1,0x9C,0x2C,0x20,0x45,0xF8,0xF4,0x20,0x44,0xF8,0x14,0x20,0xE5,0xFC,0x4A,0x20,0x11,0xFC,0x00,0x00,0x00,0x00,
    0x00,0x40,0x79,0x50,0x4A,0x4C,0x54,0x44,0x53,0xF8,0x62,0x08,0x53,0xF8,0x4A,0x08,0x4B,0xF8,0x68,0x40,0x52,0x50,0x44,0x4C,
    0x49,0x44,0x40,0x80,0x00,0x00,0x00,0x00,0x10,0x40,0x10,0x40,0x10,0x48,0x27,0xFC,0x24,0x48,0x64,0x48,0xA7,0xF8,0x24,0x48,
    0x24,0x48,0x27,0xF8,0x24,0x48,0x20,0x40,0x20,0x40,0x20,0x40,0x00,0x00,0x00,0x00,0x00,0x08,0x7F,0x48,0x10,0x48,0x3E,0x48,
    0x54,0x48,0x08,0x48,0x12,0x18,0x21,0x00,0xFF,0xFC,0x09,0x10,0x18,0xA0,0x28,0x40,0xCB,0x3C,0x0C,0x08,0x00,0x00,0x00,0x00,
    0x40,0x10,0x30,0x10,0x10,0x10,0x00,0x10,0x07,0xFC,0xE0,0x10,0x22,0x10,0x21,0x10,0x21,0x10,0x20,0x10,0x28,0x10,0x30,0x10,
    0x20,0x50,0x00,0x20,0x00,0x00,0x00,0x00,0x00,0x08,0x3F,0xFC,0x21,0x00,0x21,0x20,0x21,0x10,0x21,0x10,0x2F,0xF8,0x21,0x00,
    0x21,0x80,0x22,0x40,0x42,0x40,0x44,0x20,0x48,0x10,0xB0,0x0C,0x00,0x00,0x00,0x00,0x22,0x10,0x11,0x10,0x00,0xA0,0xFB,0xFC,
    0x08,0x40,0x10,0x40,0x33,0xF8,0x68,0x40,0xA0,0x40,0x27,0xFC,0x20,0x40,0x20,0x40,0x20,0x40,0x20,0x40,0x00,0x00,0x00,0x00,
    0x10,0x10,0x10,0xF8,0x7C,0x90,0x44,0x90,0x64,0x90,0x54,0x90,0xFD,0x0C,0x46,0x00,0x64,0xF8,0x54,0x88,0x44,0x88,0x44,0x88,
    0x94,0xF8,0x88,0x88,0x00,0x00,0x00,0x00,0x08,0x40,0x10,0x20,0x3D,0xFC,0x25,0x04,0x34,0x00,0x2C,0x80,0x24,0x88,0xFC,0x98,
    0x24,0xE0,0x34,0x80,0x2C,0x80,0x44,0x84,0x54,0x84,0x88,0x7C,0x00,0x00,0x00,0x00,0x02,0x00,0x01,0x00,0x7F,0xFC,0x40,0x08,
    0x88,0x20,0x13,0x10,0x64,0x88,0x08,0x40,0x10,0x30,0x2F,0xEC,0xC8,0x20,0x08,0x20,0x08,0x20,0x0F,0xE0,0x00,0x00,0x00,0x00,
    0x01,0x40,0x01,0x20,0x7A,0x20,0x4B,0xFC,0x4E,0x40,0x4A,0x40,0x4B,0xF8,0x4A,0x40,0x7A,0x40,0x4B,0xF8,0x42,0x40,0x02,0x40,
    0x03,0xFC,0x02,0x00,0x00,0x00,0x00,0x00,0x10,0x40,0x10,0x40,0x51,0x40,0x51,0x48,0x7D,0x7C,0x53,0xC8,0x91,0x48,0x19,0x48,
    0x31,0x68,0xD1,0x50,0x11,0x40,0x11,0x04,0x11,0x04,0x10,0xFC,0x00,0x00,0x00,0x00,0x42,0x00,0x22,0x00,0x2B,0xF8,0x14,0x90,
    0xE9,0x40,0x22,0x20,0x24,0x1C,0x1A,0x00,0x04,0x08,0xFF,0xFC,0x08,0x80,0x0F,0x00,0x04,0xC0,0x78,0x30,0x00,0x00,0x00,0x00,
    0x40,0x30,0x27,0xC0,0x24,0x00,0x04,0x00,0x07,0xF0,0xE4,0x10,0x25,0x20,0x24,0xA0,0x24,0x40,0x24,0xA0,0x29,0x10,0x52,0x08,
    0x8C,0x00,0x03,0xFC,0x00,0x00,0x00,0x00,0x01,0x00,0xFD,0x08,0x21,0xFC,0x22,0x08,0x3A,0x08,0x2D,0xE8,0x49,0x28,0x49,0xE8,
    0xA9,0x28,0x11,0x28,0x11,0xE8,0x21,0x08,0x40,0x28,0x80,0x10,0x00,0x00,0x00,0x00,0x00,0x40,0x94,0x50,0x52,0x48,0x20,0x48,
    0x50,0x40,0x9E,0xFC,0x12,0x40,0x32,0x40,0x52,0x40,0x93,0x60,0x12,0x90,0x10,0x90,0x51,0x08,0x22,0x04,0x00,0x00,0x00,0x00,
    0x00,0x10,0x1F,0xF8,0x10,0x10,0x1F,0xF0,0x10,0x80,0x10,0x40,0x20,0x30,0x3F,0xEC,0x50,0x20,0x9F,0xE0,0x10,0x20,0x1F,0xE0,
    0x00,0x08,0x7F,0xFC,0x00,0x00,0x00,0x00,0x40,0x80,0x20,0x40,0x27,0xFC,0x05,0x20,0x07,0xF8,0xE5,0x20,0x25,0x20,0x25,0xE0,
    0x24,0x00,0x2A,0xA8,0x22,0xA4,0x54,0x04,0x88,0x00,0x07,0xFC,0x00,0x00,0x00,0x00,0x00,0x08,0x7B,0xFC,0x4A,0x08,0x4A,0x08,
    0x52,0x08,0x52,0x08,0x4B,0xF8,0x4A,0x08,0x4A,0x08,0x6A,0x08,0x52,0x08,0x43,0xF8,0x42,0x08,0x42,0x00,0x00,0x00,0x00,0x00,
    0x44,0x08,0x24,0x88,0x24,0xA8,0x06,0xA8,0x85,0xC8,0x54,0x88,0x57,0xF8,0x24,0x88,0x25,0xC8,0xC6,0xA8,0x4A,0x88,0x48,0x88,
    0x50,0x88,0x60,0x08,0x00,0x00,0x00,0x00,0x20,0x80,0x20,0x40,0x23,0xF8,0xF9,0x10,0x20,0xA0,0x27,0xFC,0x28,0x80,0x30,0x80,
    0xEF,0xFC,0x21,0x10,0x23,0x20,0x20,0xC0,0xA1,0x38,0x4E,0x08,0x00,0x00,0x00,0x00,0x11,0x00,0x10,0x80,0x10,0x90,0x24,0x90,
    0x24,0x10,0x62,0x10,0xA2,0x20,0x21,0x20,0x21,0x40,0x20,0x80,0x21,0x40,0x22,0x20,0x24,0x1C,0x28,0x08,0x00,0x00,0x00,0x00,
    0x10,0x80,0x10,0x80,0x10,0x80,0x2F,0xFC,0x20,0x80,0x60,0x80,0xA1,0xC0,0x22,0xA0,0x22,0xA0,0x24,0x90,0x28,0x8C,0x20,0x88,
    0x20,0x80,0x20,0x80,0x00,0x00,0x00,0x00,0x08,0x08,0x0C,0x08,0x12,0x08,0x21,0x48,0x40,0x48,0xBE,0x48,0x22,0x48,0x22,0x48,
    0x22,0x48,0x2C,0x48,0x20,0x08,0x21,0x08,0x21,0x28,0x1F,0x10,0x00,0x00,0x00,0x00,0x08,0x10,0x1D,0xF8,0xF1,0x10,0x94,0xA0,
    0x50,0x40,0xFC,0xA0,0x13,0x5C,0x38,0x40,0x55,0xF8,0x50,0x40,0x97,0xFC,0x10,0x40,0x10,0x40,0x10,0x40,0x00,0x00,0x00,0x00,
    0x00,0x10,0x00,0x38,0xFB,0xC0,0x10,0x40,0x20,0x40,0x21,0x40,0x79,0x78,0x09,0x40,0x49,0x40,0x29,0x40,0x11,0xFC,0x28,0x00,
    0x46,0x00,0x81,0xFC,0x00,0x00,0x00,0x00,0x10,0x10,0x17,0xF8,0x10,0x10,0x27,0xF0,0x20,0x10,0x67,0xF0,0xA0,0x00,0x2F,0xF8,
    0x28,0x08,0x27,0xF0,0x21,0x20,0x20,0xC0,0x23,0x20,0x2C,0x1C,0x00,0x00,0x00,0x00,0x04,0x80,0x04,0x48,0xFF,0xFC,0x04,0x90,
    0x08,0xE4,0x17,0x84,0x60,0x7C,0x01,0x00,0x7F,0xF8,0x09,0x10,0x18,0xA0,0x28,0x40,0xCB,0x3C,0x0C,0x08,0x00,0x00,0x00,0x00,
    0x14,0x40,0x12,0x40,0xFF,0x48,0x52,0x7C,0x7E,0x88,0x52,0x88,0x7F,0x48,0x52,0x48,0xFF,0x50,0x10,0x50,0x1E,0x20,0x22,0x50,
    0x22,0x88,0xCD,0x04,0x00,0x00,0x00,0x00,0x10,0x08,0x14,0x7C,0x22,0x00,0x50,0x00,0x90,0x08,0x24,0x7C,0x62,0x90,0xA1,0x10,
    0x22,0x10,0x2E,0x10,0x22,0x10,0x22,0x10,0x22,0x50,0x22,0x20,0x00,0x00,0x00,0x00,0x20,0x80,0x20,0x40,0x27,0xF8,0x44,0x08,
    0x57,0xF8,0xF4,0x00,0x27,0xF8,0x46,0xA8,0xF6,0xA8,0x47,0xF8,0x16,0xA8,0xEA,0xA8,0x4A,0xA8,0x12,0x18,0x00,0x00,0x00,0x00,
    0x10,0x10,0x13,0xF8,0x10,0x10,0xFD,0x10,0x25,0x10,0x25,0x10,0x25,0x10,0x25,0xFC,0x44,0x04,0x2B,0xF4,0x10,0x04,0x28,0x04,
    0x44,0x28,0x80,0x10,0x00,0x00,0x00,0x00,0x20,0x10,0x23,0xF8,0x32,0x10,0xAB,0xF0,0xA2,0x10,0xAF,0xFC,0x29,0x24,0x2F,0xFC,
    0x20,0x00,0x23,0xF0,0x21,0x20,0x20,0xC0,0x23,0x30,0x2C,0x0C,0x00,0x00,0x00,0x00,0x04,0x00,0x07,0xE0,0x08,0x20,0x18,0x40,
    0x24,0x80,0x03,0x00,0x0C,0xC0,0x30,0x30,0xDF,0xEC,0x11,0x20,0x1F,0xE0,0x11,0x20,0x1F,0xE0,0x10,0x20,0x00,0x00,0x00,0x00,
    0x20,0x80,0x20,0x80,0x20,0x90,0x27,0xF8,0xF8,0x90,0x20,0x90,0x24,0x98,0x24,0x94,0x28,0x94,0x21,0x14,0x21,0x10,0x22,0x10,
    0x24,0xA0,0x28,0x40,0x00,0x00,0x00,0x00,0x01,0x00,0x41,0x00,0x31,0xF0,0x12,0x10,0x04,0x20,0xE8,0x48,0x27,0xFC,0x20,0x08,
    0x20,0x08,0x23,0xF8,0x28,0x08,0x30,0x08,0x27,0xF8,0x00,0x08,0x00,0x00,0x00,0x00,0x02,0x00,0x02,0x00,0x22,0x20,0x12,0x40,
    0x0A,0x80,0x02,0x00,0x7F,0xF8,0x02,0x00,0x02,0x00,0xFF,0xFC,0x02,0x00,0x02,0x00,0x02,0x00,0x02,0x00,0x00,0x00,0x00,0x00,
    0x08,0x00,0x08,0x08,0x4B,0xFC,0x48,0x08,0x48,0x08,0x48,0x08,0x4B,0xF8,0x48,0x08,0x48,0x08,0x48,0x08,0x08,0x08,0x17,0xF8,
    0x20,0x08,0x40,0x00,0x00,0x00,0x00,0x00,0x21,0x20,0x21,0x20,0x21,0x20,0x37,0xF8,0xA9,0x20,0xA1,0x20,0xAF,0xFC,0x20,0x00,
    0x23,0xF0,0x22,0x10,0x23,0xF0,0x22,0x10,0x23,0xF0,0x22,0x10,0x00,0x00,0x00,0x00,0x10,0x08,0x17,0xFC,0x10,0x40,0x14,0x80,
    0x5B,0xF8,0x52,0x08,0x92,0x48,0x12,0x48,0x12,0x48,0x12,0x48,0x2A,0xA8,0x24,0x90,0x41,0x08,0x86,0x04,0x00,0x00,0x00,0x00,
    0x00,0x80,0x00,0xA0,0x08,0x90,0xFC,0x88,0x08,0xFC,0x4B,0x80,0x28,0x90,0x10,0x90,0x10,0xA0,0x28,0x40,0x24,0x44,0x44,0xA4,
    0x81,0x14,0x06,0x0C,0x00,0x00,0x00,0x00,0x20,0x40,0x10,0x40,0x10,0x40,0x04,0x48,0xFE,0x7C,0x48,0x40,0x48,0x40,0x29,0xF8,
    0x29,0x08,0x11,0x08,0x1D,0x08,0xE1,0x08,0x41,0xF8,0x01,0x08,0x00,0x00,0x00,0x00,0x40,0x40,0x30,0x40,0x10,0x40,0x00,0x40,
    0x00,0x48,0xF7,0xFC,0x10,0x40,0x10,0x40,0x10,0x40,0x10,0x40,0x14,0x40,0x18,0x40,0x10,0x40,0x00,0x40,0x00,0x00,0x00,0x00,
    0x40,0x80,0x20,0x88,0x2F,0xFC,0x00,0x80,0x07,0xF0,0xE4,0x90,0x27,0xF0,0x20,0xC0,0x21,0xA0,0x22,0x90,0x24,0x88,0x50,0x80,
    0x88,0x00,0x07,0xFC,0x00,0x00,0x00,0x00,0x02,0x00,0x01,0x10,0x7F,0xF8,0x08,0x40,0x04,0x80,0xFF,0xFC,0x02,0x00,0x02,0x00,
    0x7F,0xF8,0x02,0x00,0x12,0x60,0x22,0x10,0x4A,0x08,0x04,0x00,0x00,0x00,0x00,0x00,0x00,0x80,0x42,0x80,0x32,0x90,0x13,0xF8,
    0x04,0x80,0xE0,0x80,0x2F,0xFC,0x21,0x40,0x21,0x40,0x21,0x48,0x22,0x48,0x54,0x38,0x88,0x00,0x07,0xFC,0x00,0x00,0x00,0x00,
    0x00,0x08,0x7D,0xFC,0x44,0x88,0x44,0x88,0x7D,0x30,0x46,0x00,0x45,0xF8,0x45,0x08,0x7D,0x08,0x45,0xF8,0x00,0x00,0x48,0x88,
    0x44,0x44,0x84,0x44,0x00,0x00,0x00,0x00,0x00,0x08,0x7D,0xFC,0x40,0x40,0x5D,0xF8,0x55,0x08,0x55,0x28,0x55,0x28,0x5D,0x28,
    0x51,0x28,0x51,0x28,0x55,0x28,0x58,0x50,0x80,0x8C,0x83,0x04,0x00,0x00,0x00,0x00,0x11,0x20,0x11,0x20,0x17,0xFC,0xF9,0x20,
    0x10,0xC0,0x11,0x20,0x1A,0x10,0x35,0xEC,0xD8,0x00,0x13,0xF0,0x12,0x10,0x12,0x10,0x53,0xF0,0x22,0x10,0x00,0x00,0x00,0x00,
    0x10,0x80,0x10,0x88,0x3E,0xFC,0x29,0x20,0x4B,0x10,0x84,0x80,0x08,0x60,0x3F,0xDC,0xC0,0x08,0x1F,0xE0,0x10,0x20,0x10,0x20,
    0x1F,0xE0,0x10,0x20,0x00,0x00,0x00,0x00,0x00,0x10,0x3F,0xF8,0x02,0x10,0x12,0x10,0x12,0x10,0x24,0x10,0x08,0xA0,0x10,0x40,
    0x62,0x00,0x09,0x10,0x29,0x08,0x28,0x24,0x48,0x20,0x07,0xE0,0x00,0x00,0x00,0x00,0x10,0x40,0x12,0x48,0x79,0x50,0x10,0x40,
    0x13,0xF8,0xFE,0x08,0x12,0xE8,0x52,0xA8,0x5E,0xA8,0x52,0xE8,0x52,0x08,0xB2,0x18,0x8C,0x00,0x03,0xFC,0x00,0x00,0x00,0x00,
    0x04,0x40,0x04,0x48,0xFF,0xFC,0x04,0x40,0x02,0x00,0x02,0x08,0xFF,0xFC,0x04,0x00,0x0F,0xE0,0x18,0x20,0x28,0x20,0xC8,0x20,
    0x0F,0xE0,0x08,0x20,0x00,0x00,0x00,0x00,0x00,0x08,0x3F,0xFC,0x28,0x88,0x25,0x08,0x3F,0xE8,0x22,0x08,0x21,0x08,0x3F,0xE8,
    0x24,0x08,0x24,0x08,0x27,0xE8,0x20,0x08,0x20,0x28,0x20,0x10,0x00,0x00,0x00,0x00,0x20,0x08,0x17,0xFC,0x50,0x08,0x5F,0xE8,
    0x48,0x88,0x4F,0x88,0x48,0x88,0x4F,0x88,0x48,0x88,0x4F,0xE8,0x58,0x88,0x40,0x88,0x40,0xA8,0x40,0x10,0x00,0x00,0x00,0x00,
    0x04,0x80,0x04,0x80,0x04,0x80,0x3F,0xF0,0x24,0x90,0x24,0x90,0x3F,0xF0,0x24,0x90,0x24,0x90,0xFF,0xFC,0x00,0x00,0x08,0x40,
    0x10,0x30,0x60,0x10,0x00,0x00,0x00,0x00,0x20,0x08,0x17,0xFC,0x40,0x08,0x48,0x88,0x45,0x08,0x4F,0xC8,0x48,0x48,0x4F,0xC8,
    0x45,0x08,0x45,0x28,0x45,0x28,0x48,0xE8,0x50,0x08,0x40,0x18,0x00,0x00,0x00,0x00,0x10,0x10,0x50,0x38,0x51,0xC0,0x51,0x00,
    0x7D,0xF8,0x41,0x08,0x41,0x88,0x79,0x50,0x49,0x50,0x49,0x20,0x4A,0x20,0x4A,0x50,0x8C,0x8C,0x89,0x08,0x00,0x00,0x00,0x00,
    0x02,0x00,0x02,0x00,0x0A,0x20,0x4A,0x28,0x52,0x48,0x56,0x98,0x7A,0xE8,0x4A,0x28,0x52,0x48,0x56,0xA8,0x7E,0xF8,0x42,0x08,
    0x7F,0xF8,0x40,0x08,0x00,0x00,0x00,0x00,0x00,0x08,0x3F,0xFC,0x20,0x08,0x2F,0xE8,0x20,0x08,0x2F,0xE8,0x00,0x00,0x0F,0xE0,
    0x08,0x20,0x0F,0xE0,0x08,0x20,0x0F,0xE0,0x08,0x20,0x0F,0xE0,0x00,0x00,0x00,0x00,0x20,0x80,0x20,0x80,0x21,0x08,0x2F,0xFC,
    0xB1,0x00,0xAA,0x40,0xA3,0xF8,0x26,0x48,0x2A,0x48,0x22,0x48,0x22,0x48,0x22,0x48,0x22,0x58,0x20,0x40,0x00,0x00,0x00,0x00,
    0x01,0x00,0x3F,0xFC,0x20,0x04,0x4F,0xE8,0x08,0x20,0x0F,0xE0,0x08,0x20,0x0F,0xE0,0x02,0x00,0xFF,0xFC,0x04,0x40,0x0F,0x80,
    0x02,0x70,0x7C,0x18,0x00,0x00,0x00,0x00,0x10,0x40,0x10,0x40,0x5C,0xA0,0x50,0xA0,0x51,0x10,0xFF,0x4C,0x12,0x20,0x55,0xF8,
    0x54,0x08,0x6C,0x10,0x44,0xA0,0x44,0x40,0x7C,0x20,0x44,0x20,0x00,0x00,0x00,0x00,0x10,0x40,0x10,0x40,0x11,0x40,0xFD,0x48,
    0x25,0xFC,0x26,0x40,0x24,0x40,0x24,0x40,0x45,0xF8,0x28,0x40,0x10,0x40,0x28,0x40,0x44,0x48,0x83,0xFC,0x00,0x00,0x00,0x00,
    0x04,0x80,0x04,0x60,0x04,0x20,0x04,0x08,0xFF,0xFC,0x04,0x80,0x04,0x90,0x04,0xA0,0x08,0xC0,0x08,0x80,0x11,0x84,0x26,0x84,
    0x40,0x84,0x80,0x7C,0x00,0x00,0x00,0x00,0x20,0x80,0x20,0xA0,0x20,0x90,0xFB,0xFC,0x21,0x00,0x21,0x00,0x29,0xF0,0x31,0x10,
    0xE2,0x90,0x22,0xA0,0x24,0x40,0x24,0xA0,0xA9,0x10,0x46,0x0C,0x00,0x00,0x00,0x00,0x00,0x10,0x7B,0xF8,0x48,0x00,0x51,0xF0,
    0x51,0x10,0x61,0xF0,0x50,0x00,0x57,0xF8,0x54,0xA8,0x74,0x48,0x45,0xF8,0x44,0x48,0x44,0x48,0x44,0x18,0x00,0x00,0x00,0x00,
    0x10,0x80,0x10,0x80,0x11,0x40,0x22,0x30,0x2D,0xEC,0x60,0x00,0xA7,0x10,0x25,0x50,0x27,0x50,0x25,0x50,0x27,0x50,0x25,0x50,
    0x25,0x10,0x25,0x30,0x00,0x00,0x00,0x00,0x40,0x80,0x20,0x48,0x2F,0xFC,0x02,0x10,0x84,0x88,0x49,0x20,0x43,0xF0,0x10,0x80,
    0x21,0x08,0xC2,0x90,0x46,0x60,0x5A,0x20,0x42,0x9C,0x43,0x08,0x00,0x00,0x00,0x00,0x00,0x08,0x03,0xFC,0x7A,0x00,0x4A,0x10,
    0x4A,0x90,0x4A,0x50,0x4A,0x20,0x4A,0x20,0x7A,0x50,0x4A,0x88,0x43,0x08,0x02,0x00,0x03,0xFC,0x02,0x00,0x00,0x00,0x00,0x00,
    0x00,0x40,0x00,0x40,0x00,0x40,0x78,0x40,0x48,0x50,0x4B,0xF8,0x48,0x40,0x48,0x40,0x48,0x40,0x78,0x40,0x48,0x40,0x40,0x48,
    0x0F,0xFC,0x00,0x00,0x00,0x00,0x00,0x00,0x00,0x08,0x3F,0xFC,0x21,0x08,0x3F,0xF8,0x21,0x08,0x3F,0xF8,0x00,0x00,0x1F,0xF0,
    0x10,0x10,0x1F,0xF0,0x10,0x10,0x1F,0xF0,0x10,0x10,0x10,0x30,0x00,0x00,0x00,0x00,0x41,0x20,0x21,0x10,0x22,0x08,0x04,0x80,
    0x80,0xC0,0x51,0x20,0x52,0x10,0x24,0x0C,0x2B,0xF0,0xC2,0x10,0x42,0x10,0x42,0x10,0x43,0xF0,0x42,0x10,0x00,0x00,0x00,0x00,
    0x01,0x00,0x00,0x88,0x1F,0xFC,0x90,0x80,0x51,0x40,0x52,0x30,0x34,0x0C,0x5B,0xF0,0x90,0x80,0x10,0x80,0x27,0xF0,0x20,0x80,
    0x40,0x80,0x9F,0xFC,0x00,0x00,0x00,0x00,0x01,0x00,0x02,0x80,0x04,0x40,0x1B,0xB0,0xE0,0x0C,0x1E,0x50,0x12,0x50,0x1E,0x50,
    0x12,0x50,0x16,0x30,0x09,0x00,0x28,0xA8,0x28,0x24,0x47,0xE0,0x00,0x00,0x00,0x00,0x02,0x00,0x01,0x00,0x7F,0xFC,0x48,0x24,
    0x11,0x10,0x62,0x28,0x1F,0xF0,0x12,0x10,0x17,0xD0,0x1A,0x90,0x11,0x10,0x12,0x90,0x14,0x50,0x1F,0xF0,0x00,0x00,0x00,0x00,
    0x10,0x80,0x10,0xA0,0x10,0x90,0xFC,0x80,0x13,0xFC,0x10,0xA0,0x1C,0xA0,0x30,0xA0,0xD0,0xA0,0x11,0x20,0x11,0x20,0x12,0x24,
    0x54,0x24,0x28,0x1C,0x00,0x00,0x00,0x00,0x41,0x00,0x21,0xE0,0x22,0x20,0x02,0x40,0x07,0xFC,0xEA,0x00,0x22,0xF0,0x22,0x90,
    0x22,0x90,0x22,0xD0,0x2A,0xA0,0x34,0x84,0x24,0x84,0x08,0x7C,0x00,0x00,0x00,0x00,0x00,0x20,0x00,0x20,0xF8,0x20,0x88,0x28,
    0x8F,0xFC,0x88,0x20,0x8A,0x20,0x89,0x20,0x89,0x20,0xF8,0x20,0x88,0x20,0x00,0x20,0x00,0xA0,0x00,0x40,0x00,0x00,0x00,0x00,
    0x00,0x20,0x1F,0xF0,0x10,0x20,0x10,0x20,0x1F,0xE0,0x10,0x20,0x00,0x00,0x3F,0xF8,0x01,0x00,0x01,0x00,0x1F,0xF0,0x01,0x00,
    0x01,0x08,0x7F,0xFC,0x00,0x00,0x00,0x00,0x10,0x08,0x11,0xFC,0x94,0x08,0x58,0x10,0x10,0x20,0xFE,0x20,0x11,0xFC,0x38,0x20,
    0x54,0x20,0x54,0x20,0x90,0x20,0x10,0x20,0x10,0xA0,0x10,0x40,0x00,0x00,0x00,0x00,0x08,0x80,0x08,0xA0,0x7E,0x90,0x08,0x80,
    0xFF,0xFC,0x10,0x80,0xFF,0x90,0x28,0x90,0x7E,0xA0,0x08,0x40,0x0F,0x40,0x78,0xA4,0x09,0x14,0x0A,0x0C,0x00,0x00,0x00,0x00,
    0x04,0x00,0x03,0x00,0x01,0x10,0x7F,0xF8,0x01,0x00,0x01,0x00,0x01,0x00,0x01,0x00,0x3F,0xF0,0x01,0x00,0x01,0x00,0x01,0x00,
    0x01,0x08,0xFF,0xFC,0x00,0x00,0x00,0x00,0x20,0x08,0x17,0xFC,0x48,0x08,0x42,0x08,0x5F,0xE8,0x42,0x08,0x4F,0xC8,0x4A,0x48,
    0x4A,0x48,0x4A,0x48,0x4A,0xC8,0x42,0x08,0x42,0x28,0x40,0x10,0x00,0x00,0x00,0x00,0x04,0x00,0x02,0x08,0xFF,0xFC,0x02,0x00,
    0x02,0x00,0x3F,0xF0,0x22,0x10,0x22,0x10,0x22,0x10,0x22,0x10,0x22,0x10,0x22,0x50,0x22,0x20,0x02,0x00,0x00,0x00,0x00,0x00,
    0x10,0x10,0x2E,0xF8,0x42,0x90,0x42,0x90,0x6E,0x90,0x43,0x0C,0x7E,0x00,0x00,0xF8,0x7E,0x88,0x10,0x50,0x10,0x20,0x1E,0x50,
    0xF0,0x8C,0x43,0x08,0x00,0x00,0x00,0x00,0x11,0x20,0x11,0x20,0x21,0x20,0x4F,0x3C,0x91,0x20,0x11,0x20,0x27,0x38,0x61,0x20,
    0xA1,0x20,0x2F,0x3C,0x21,0x20,0x21,0x20,0x21,0x20,0x21,0x20,0x00,0x00,0x00,0x00,0x10,0x00,0x10,0x08,0x27,0xFC,0x44,0x08,
    0x95,0xE8,0x15,0x28,0x25,0x28,0x65,0x28,0xA5,0x28,0x25,0xE8,0x24,0x08,0x24,0x08,0x27,0xF8,0x24,0x08,0x00,0x00,0x00,0x00,
    0x08,0x40,0x08,0x40,0x7F,0xF8,0x08,0x40,0x0F,0xC0,0x08,0x40,0x0F,0xC0,0x08,0x40,0xFF,0xFC,0x10,0x00,0x12,0x40,0x14,0x20,
    0x10,0x00,0x1F,0xF8,0x00,0x00,0x00,0x00,0x44,0x10,0x22,0x20,0x21,0x40,0x0F,0xF8,0x80,0x80,0x50,0x80,0x57,0xF0,0x20,0x80,
    0x20,0x88,0xDF,0xFC,0x40,0x80,0x40,0x80,0x40,0x80,0x40,0x80,0x00,0x00,0x00,0x00,0x10,0x40,0x10,0x40,0x10,0x50,0xFD,0xF8,
    0x24,0x40,0x24,0x40,0x27,0xFC,0x24,0x40,0x44,0x40,0x2B,0xF8,0x10,0x40,0x28,0x40,0x44,0x48,0x83,0xFC,0x00,0x00,0x00,0x00,
    0x08,0x40,0x08,0x40,0x08,0x40,0x7E,0x40,0x08,0x40,0x08,0x60,0x0E,0x50,0x18,0x48,0x68,0x48,0x08,0x40,0x08,0x40,0x08,0x40,
    0x28,0x40,0x10,0x40,0x00,0x00,0x00,0x00,0x10,0x40,0x50,0x88,0x53,0xFC,0x52,0x48,0x7B,0xF8,0x42,0x48,0x42,0x48,0x7B,0xF8,
    0x48,0xA0,0x49,0x20,0x4B,0xFC,0x48,0x20,0x88,0x20,0x88,0x20,0x00,0x00,0x00,0x00,0x10,0x00,0x13,0xF8,0x20,0x08,0x20,0x08,
    0x44,0x08,0xF8,0x08,0x11,0xF8,0x21,0x00,0x5D,0x00,0x61,0x00,0x05,0x04,0x19,0x04,0xE1,0x04,0x00,0xFC,0x00,0x00,0x00,0x00,
    0x21,0x00,0x21,0x3C,0x21,0x24,0xF9,0x24,0xAF,0xBC,0xA9,0x24,0xA9,0x24,0xFF,0xBC,0xA4,0xA4,0x24,0xA4,0x27,0xA4,0x3C,0x44,
    0xC0,0x94,0x01,0x08,0x00,0x00,0x00,0x00,0x20,0x50,0x21,0x50,0x27,0xFC,0xF9,0x50,0xA9,0x50,0xA9,0x70,0xA9,0x00,0xA9,0xF8,
    0xF8,0x40,0x27,0xFC,0x29,0x60,0x3A,0x50,0xC4,0x48,0x08,0x44,0x00,0x00,0x00,0x00,0x20,0x20,0x21,0xB0,0x27,0x28,0xF9,0x28,
    0xA9,0x20,0xAF,0xFC,0xA9,0x20,0xA9,0xA8,0xFB,0x28,0xA5,0x30,0x29,0x20,0x3D,0x54,0xC1,0x8C,0x03,0x04,0x00,0x00,0x00,0x00,
    0x40,0x80,0x20,0x80,0x20,0x80,0x01,0x08,0x8F,0xFC,0x51,0x20,0x52,0x20,0x22,0x20,0x24,0x20,0xC3,0x40,0x40,0xC0,0x41,0x20,
    0x42,0x10,0x5C,0x08,0x00,0x00,0x00,0x00,0x02,0x00,0x01,0x00,0x3F,0xF8,0x20,0x08,0x40,0x90,0x00,0x80,0x7F,0xF8,0x00,0x80,
    0x10,0x80,0x08,0x80,0x08,0x80,0x00,0x80,0x02,0x80,0x01,0x00,0x00,0x00,0x00,0x00,0x00,0x80,0x00,0x88,0x7B,0xFC,0x02,0x48,
    0x03,0xF8,0xFE,0x48,0x22,0x48,0x23,0xF8,0x48,0xD0,0xF9,0x50,0x49,0x78,0x02,0x44,0x04,0x44,0x18,0x3C,0x00,0x00,0x00,0x00,
    0x10,0x10,0x13,0xF8,0x12,0x10,0xFB,0xF0,0x12,0x10,0x13,0xF0,0x19,0x00,0x33,0xF8,0xD6,0x48,0x12,0xA8,0x12,0x08,0x13,0xE8,
    0x50,0x08,0x20,0x30,0x00,0x00,0x00,0x00,0x24,0x08,0x24,0x1C,0x7E,0xE0,0x24,0x80,0x3C,0x80,0x24,0xFC,0x3C,0x90,0x24,0x90,
    0x24,0x90,0xFE,0x90,0x24,0x90,0x22,0x90,0x41,0x10,0x82,0x10,0x00,0x00,0x00,0x00,0x00,0x90,0xFA,0x90,0x27,0xFC,0x22,0x90,
    0x42,0x90,0x7A,0xF0,0xCA,0x00,0x4B,0xF8,0x48,0x40,0x4F,0xFC,0x79,0x60,0x4A,0x50,0x44,0x48,0x08,0x44,0x00,0x00,0x00,0x00,
    0x00,0x00,0x10,0x00,0x10,0x00,0x10,0x60,0x10,0x80,0x13,0x00,0x1C,0x00,0x10,0x00,0x10,0x00,0x10,0x08,0x10,0x08,0x10,0x08,
    0x0F,0xF8,0x00,0x00,0x00,0x00,0x00,0x00,0x20,0x40,0x24,0x48,0x3A,0xFC,0x42,0x40,0x40,0xA0,0xF8,0xA0,0xA6,0xFC,0x22,0x20,
    0xFA,0x20,0x23,0xFC,0x22,0x20,0x32,0x20,0x25,0x00,0x08,0xFC,0x00,0x00,0x00,0x00,0x11,0x00,0x11,0x10,0x21,0xF8,0x2A,0xA0,
    0x6C,0x40,0xA8,0xA0,0x29,0x1C,0x2A,0x40,0x28,0x90,0x2B,0x20,0x28,0xC8,0x2B,0x30,0x20,0xC0,0x2F,0x00,0x00,0x00,0x00,0x00,
    0x00,0x80,0x04,0x90,0x7A,0x90,0x4A,0xA0,0x48,0x80,0x4F,0xFC,0x48,0x80,0x49,0xC0,0x4A,0xA0,0x7A,0xA0,0x44,0x90,0x08,0x8C,
    0x10,0x80,0x00,0x80,0x00,0x00,0x00,0x00,0x00,0x10,0x1F,0xF8,0x10,0x10,0x12,0x10,0x11,0x10,0x10,0x10,0xFF,0xFC,0x22,0x20,
    0x21,0x20,0x20,0x20,0x3F,0xFC,0x00,0x20,0x00,0xA0,0x00,0x40,0x00,0x00,0x00,0x00,0x02,0x00,0x01,0x00,0x7F,0xFC,0x40,0x04,
    0x9F,0xE8,0x10,0x20,0x10,0x20,0x1F,0xE0,0x00,0x00,0x3F,0xF0,0x20,0x10,0x20,0x10,0x3F,0xF0,0x20,0x10,0x00,0x00,0x00,0x00,
    0x00,0x10,0x3F,0xF8,0x00,0x10,0x1F,0xF0,0x00,0x10,0x3F,0xF0,0x02,0x00,0x12,0x10,0x12,0x20,0x25,0x40,0x04,0x80,0x08,0x60,
    0x30,0x1C,0xC0,0x08,0x00,0x00,0x00,0x00,0x11,0x20,0x11,0x20,0x11,0x20,0x27,0xF8,0x21,0x20,0x61,0x20,0xAF,0xFC,0x20,0x00,
    0x27,0xF0,0x24,0x10,0x27,0xF0,0x24,0x10,0x27,0xF0,0x24,0x10,0x00,0x00,0x00,0x00,0x00,0x08,0x7D,0xFC,0x04,0x08,0x7C,0xF8,
    0x44,0x88,0x40,0x80,0x7C,0xF8,0x44,0x88,0x24,0x48,0x1C,0x38,0x24,0xC8,0xC5,0x08,0x28,0x50,0x10,0x20,0x00,0x00,0x00,0x00,
    0x42,0x20,0x21,0x48,0x2F,0xFC,0x01,0x40,0x07,0xF0,0xE5,0x50,0x26,0x30,0x27,0xF0,0x20,0x20,0x2F,0xFC,0x22,0x20,0x51,0x60,
    0x88,0x00,0x07,0xFC,0x00,0x00,0x00,0x00,0x10,0x40,0x10,0x48,0x27,0xFC,0x20,0x40,0x4A,0x48,0xF2,0x48,0x12,0x48,0x22,0x48,
    0xFB,0xF8,0x40,0x48,0x18,0x40,0xE0,0x44,0x40,0x44,0x00,0x3C,0x00,0x00,0x00,0x00,0x10,0x80,0x10,0x40,0x97,0xF8,0x59,0x10,
    0x11,0x10,0xFD,0x30,0x12,0xC8,0x34,0x48,0x58,0x40,0x57,0xFC,0x90,0x40,0x10,0x40,0x10,0x40,0x10,0x40,0x00,0x00,0x00,0x00,
    0x00,0x80,0x78,0x40,0x4B,0xFC,0x48,0x00,0x79,0x10,0x4A,0x08,0x4D,0x14,0x79,0x10,0x48,0xA0,0x48,0xA0,0x48,0x40,0x48,0xA0,
    0xA9,0x1C,0x96,0x08,0x00,0x00,0x00,0x00,0x10,0x40,0x10,0x48,0x3E,0xFC,0x49,0x20,0x85,0x10,0x7F,0xFC,0x01,0x00,0x1F,0xF0,
    0x11,0x10,0x13,0x10,0x15,0x90,0x09,0x60,0x31,0x1C,0xC1,0x08,0x00,0x00,0x00,0x00,0x00,0x80,0x00,0x80,0x7C,0xF8,0x55,0x10,
    0x56,0xA0,0x54,0x40,0x7C,0xB0,0x57,0x0C,0x55,0xF8,0x55,0x08,0x7D,0x08,0x41,0x08,0x01,0xF8,0x01,0x08,0x00,0x00,0x00,0x00,
    0x10,0x40,0x10,0x80,0x13,0x78,0xFE,0x48,0x12,0x48,0x12,0x48,0x1E,0x48,0x32,0x48,0xD2,0xC8,0x13,0x48,0x12,0x58,0x10,0x40,
    0x50,0x40,0x20,0x40,0x00,0x00,0x00,0x00,0x40,0x80,0x30,0xA0,0x10,0x90,0x00,0xF8,0x87,0x80,0x48,0x80,0x48,0xF8,0x17,0x80,
    0x10,0x90,0xE0,0xA0,0x20,0x40,0x20,0xA4,0x23,0x14,0x2C,0x0C,0x00,0x00,0x00,0x00,0x20,0x08,0x23,0xFC,0x3A,0x48,0x42,0x48,
    0x43,0xF8,0xFA,0x48,0xA2,0xE8,0x22,0xA8,0xFE,0xA8,0x22,0xE8,0x22,0xA8,0x2A,0x08,0x33,0xF8,0x22,0x08,0x00,0x00,0x00,0x00,
    0x10,0x00,0x11,0xFC,0x7D,0x00,0x45,0x08,0x7D,0x88,0x45,0x50,0x7D,0x20,0x45,0x20,0xFD,0x50,0x0D,0x48,0x15,0x88,0x25,0x00,
    0xD5,0x08,0x09,0xFC,0x00,0x00,0x00,0x00,0x10,0x08,0x14,0x08,0x12,0x48,0x10,0x48,0x1F,0x48,0xF0,0x48,0x10,0x48,0x11,0x48,
    0x12,0x48,0x14,0x48,0x08,0x08,0x34,0x88,0xC2,0xA8,0x01,0x90,0x00,0x00,0x00,0x00,0x20,0x40,0x10,0x40,0x11,0x40,0x01,0x48,
    0xF9,0x7C,0x09,0xC8,0x17,0x48,0x39,0x48,0x55,0x68,0x91,0x50,0x11,0x44,0x11,0x04,0x11,0x04,0x10,0xFC,0x00,0x00,0x00,0x00,
    0x09,0x00,0x08,0x80,0x10,0x88,0x1F,0xFC,0x31,0x00,0x5F,0xF8,0x91,0x00,0x1F,0xF8,0x11,0x00,0x1F,0xFC,0x10,0x00,0x24,0x90,
    0x22,0x48,0x42,0x48,0x00,0x00,0x00,0x00,0x20,0x10,0x23,0xF8,0x22,0x10,0xFA,0x10,0x23,0xF0,0x22,0x10,0x73,0xF0,0x6A,0x88,
    0xA2,0x90,0xA2,0x60,0x22,0x40,0x22,0x20,0x22,0x90,0x23,0x0C,0x00,0x00,0x00,0x00,0x00,0x40,0x0F,0xE0,0x08,0x40,0x08,0x40,
    0x08,0x40,0x0A,0x40,0x09,0x40,0x09,0x40,0x08,0x40,0x08,0x44,0x10,0x44,0x10,0x44,0x20,0x3C,0x40,0x00,0x00,0x00,0x00,0x00,
    0x00,0x08,0xFD,0xFC,0x21,0x08,0x21,0xF8,0x21,0x08,0x79,0xF8,0x48,0x00,0xCB,0xFC,0x48,0x10,0x4B,0xFC,0x49,0x10,0x78,0x90,
    0x40,0x10,0x00,0x30,0x00,0x00,0x00,0x00,0x00,0x08,0x4E,0x1C,0x22,0xE0,0x04,0x20,0x04,0xA0,0xEE,0xBC,0x22,0xA0,0x2A,0xA0,
    0x2A,0xA0,0x2A,0xFC,0x34,0x00,0x2A,0x00,0x11,0x80,0x20,0x7C,0x00,0x00,0x00,0x00,0x11,0x40,0x11,0x40,0x11,0x40,0x2F,0xF8,
    0x21,0x48,0x67,0xF8,0xA5,0x40,0x25,0x40,0x2F,0xFC,0x21,0x44,0x21,0x64,0x22,0x58,0x24,0x40,0x28,0x40,0x00,0x00,0x00,0x00,
    0x00,0x10,0x7F,0xF8,0x00,0x10,0x00,0x90,0xFF,0xD0,0x00,0x10,0x3F,0x10,0x21,0x10,0x21,0x10,0x3F,0x10,0x21,0x10,0x00,0x10,
    0x00,0x50,0x00,0x20,0x00,0x00,0x00,0x00,0x00,0x10,0x3F,0xF8,0x20,0x10,0x20,0x10,0x3F,0xF0,0x28,0x40,0x28,0x48,0x28,0x50,
    0x2F,0x60,0x28,0x40,0x28,0x40,0x49,0x44,0x4E,0x44,0x88,0x3C,0x00,0x00,0x00,0x00,0x00,0x08,0x3F,0xFC,0x20,0x08,0x3F,0xF8,
    0x20,0x08,0x20,0x80,0x2E,0x98,0x22,0xA0,0x22,0xC0,0x24,0xA0,0x48,0x90,0x50,0x8C,0xA2,0x88,0x01,0x00,0x00,0x00,0x00,0x00,
    0x00,0x20,0x7C,0x20,0x44,0x20,0x44,0x20,0x45,0x20,0x7D,0x28,0x11,0x3C,0x51,0x20,0x5D,0x20,0x51,0x20,0x51,0x20,0x5D,0x20,
    0xE1,0x28,0x47,0xFC,0x00,0x00,0x00,0x00,0x00,0x10,0x1F,0xF8,0x10,0x10,0x1F,0xF0,0x10,0x10,0x1F,0xF0,0x06,0x00,0x38,0xF8,
    0x20,0x88,0x20,0x88,0x26,0x88,0x38,0xA8,0x20,0x90,0x00,0x80,0x00,0x00,0x00,0x00,0x10,0x80,0x20,0x90,0x44,0xE0,0xFE,0x88,
    0x00,0x78,0x7C,0x80,0x44,0x90,0x7C,0xE0,0x44,0x80,0x7C,0x88,0x44,0x78,0x00,0x00,0x48,0x90,0x84,0x48,0x00,0x00,0x00,0x00,
    0x08,0x80,0x10,0x80,0x2A,0x88,0xC4,0xFC,0x29,0x08,0x32,0x08,0xC8,0x08,0x14,0x88,0x2C,0x48,0xD4,0x48,0x24,0x08,0xC4,0x08,
    0x28,0x50,0x10,0x20,0x00,0x00,0x00,0x00,0x00,0x08,0x79,0xFC,0x49,0x08,0x49,0x08,0x79,0x08,0x49,0xF8,0x49,0x08,0x79,0x08,
    0x49,0x08,0x49,0xF8,0x49,0x08,0x48,0x00,0xAB,0xFC,0x90,0x00,0x00,0x00,0x00,0x00,0x00,0x40,0x7C,0x40,0x08,0x48,0xFF,0x7C,
    0x24,0x88,0x24,0x88,0x3D,0x48,0x24,0x50,0x3C,0x50,0x24,0x20,0x3F,0x20,0xE4,0x50,0x04,0x88,0x05,0x04,0x00,0x00,0x00,0x00,
    0x25,0x20,0x25,0x20,0x2F,0xA0,0xF5,0x28,0x25,0x7C,0x2F,0xC8,0x30,0x28,0x6F,0x28,0xA9,0x28,0x2F,0x10,0x29,0x10,0x2F,0x28,
    0xA9,0x48,0x4B,0x84,0x00,0x00,0x00,0x00,0x00,0x10,0x7F,0xF8,0x04,0x00,0x3F,0xC0,0x08,0x40,0x08,0x40,0xFF,0xFC,0x00,0x00,
    0x1F,0xE0,0x10,0x20,0x10,0x20,0x10,0x20,0x1F,0xE0,0x10,0x20,0x00,0x00,0x00,0x00,0x02,0x00,0x02,0x00,0x05,0x00,0x08,0x80,
    0x10,0x40,0x20,0x30,0xD0,0x4C,0x10,0x40,0x10,0x40,0x18,0x40,0x24,0xA0,0x24,0x90,0x41,0x08,0x86,0x04,0x00,0x00,0x00,0x00,
    0x00,0x08,0x3F,0xFC,0x20,0x08,0x20,0x08,0x3F,0xF8,0x20,0x80,0x20,0x80,0x2F,0xF8,0x28,0x88,0x2F,0xF8,0x28,0x88,0x48,0x88,
    0x4F,0xF8,0x88,0x08,0x00,0x00,0x00,0x00,0x00,0x80,0x42,0x80,0x22,0x90,0x23,0xF8,0x84,0x80,0x54,0x80,0x50,0x88,0x2F,0xFC,
    0x22,0x40,0xC2,0x40,0x42,0x44,0x42,0x44,0x44,0x44,0x58,0x3C,0x00,0x00,0x00,0x00,0x01,0x00,0x41,0x20,0x23,0xF0,0x24,0x40,
    0x07,0xF8,0x10,0x88,0x10,0x88,0x2F,0xFC,0xE0,0x88,0x27,0xF8,0x20,0x80,0x20,0x80,0x22,0x80,0x01,0x00,0x00,0x00,0x00,0x00,
    0x02,0x00,0x01,0x00,0x7F,0xF8,0x40,0x08,0x82,0x10,0x3F,0xF0,0x22,0x10,0x3F,0xF0,0x22,0x10,0x22,0x10,0x3F,0xF0,0x22,0x10,
    0x02,0x00,0x02,0x00,0x00,0x00,0x00,0x00,0x08,0x08,0x49,0x08,0x29,0x48,0x2A,0x48,0x08,0x48,0x7F,0x48,0x08,0x48,0x08,0x48,
    0xFF,0x48,0x08,0x48,0x08,0x48,0x10,0x08,0x20,0x28,0x40,0x10,0x00,0x00,0x00,0x00,0x00,0x40,0x7C,0x48,0x47,0xFC,0x54,0x40,
    0x57,0xFC,0x55,0x08,0x54,0xA0,0x55,0x20,0x54,0xA0,0x57,0xFC,0x28,0x20,0x24,0x50,0x40,0x88,0x87,0x04,0x00,0x00,0x00,0x00,
    0x01,0x00,0x01,0x00,0x01,0x00,0x01,0x08,0x3F,0xFC,0x21,0x08,0x21,0x08,0x21,0x08,0x3F,0xF8,0x21,0x08,0x21,0x08,0x21,0x08,
    0x3F,0xF8,0x20,0x08,0x00,0x00,0x00,0x00,0x42,0x20,0x21,0x20,0x21,0x40,0x1F,0xFC,0x82,0x20,0x54,0x20,0x55,0x48,0x29,0x50,
    0x2E,0xF0,0xC2,0x20,0x44,0x20,0x49,0x48,0x4F,0x78,0x41,0x08,0x00,0x00,0x00,0x00,0x00,0x10,0x7B,0xF8,0x48,0x00,0x48,0x00,
    0x50,0x08,0x57,0xFC,0x48,0x40,0x49,0x60,0x49,0x50,0x6A,0x48,0x54,0x44,0x48,0x44,0x41,0x40,0x40,0x80,0x00,0x00,0x00,0x00,
    0x04,0x80,0x04,0x80,0x7C,0xF8,0x04,0x80,0x3C,0xF0,0x04,0x80,0x7C,0xF8,0x04,0x80,0x02,0x00,0x09,0x10,0x29,0x08,0x28,0x24,
    0x48,0x20,0x07,0xE0,0x00,0x00,0x00,0x00,0x20,0x80,0x21,0x00,0x22,0x20,0x37,0xF0,0xA8,0x80,0xAF,0xFC,0xA1,0x20,0x22,0x90,
    0x2D,0x2C,0x22,0x40,0x24,0x90,0x23,0x20,0x20,0xC0,0x27,0x00,0x00,0x00,0x00,0x00,0x08,0x40,0x08,0x40,0xFF,0xFC,0x0A,0x40,
    0xFF,0xFC,0x10,0x00,0x10,0x00,0x1F,0xF0,0x00,0x00,0x12,0x40,0x12,0x40,0x12,0x44,0x22,0x44,0xC2,0x3C,0x00,0x00,0x00,0x00,
    0x00,0x08,0x4F,0xFC,0x24,0xA8,0x22,0x98,0x0C,0xA8,0xE0,0x88,0x21,0x40,0x22,0x30,0x2C,0x8C,0x21,0x20,0x2A,0x40,0x31,0x98,
    0x20,0x60,0x07,0x80,0x00,0x00,0x00,0x00,0x02,0x00,0x02,0x00,0x02,0x08,0xFF,0xFC,0x05,0x00,0x04,0x80,0x0A,0x60,0x31,0x1C,
    0xC0,0x88,0x0A,0x10,0x29,0x08,0x28,0x28,0x48,0x20,0x07,0xE0,0x00,0x00,0x00,0x00,0x00,0x20,0x02,0x20,0x72,0x20,0x52,0xA0,
    0x54,0xF8,0x57,0x28,0x51,0x28,0x52,0x28,0x72,0xA8,0x55,0xA8,0x46,0xA8,0x40,0x48,0x00,0xA8,0x03,0x10,0x00,0x00,0x00,0x00,
    0x20,0x80,0x20,0x80,0x21,0x40,0x31,0x20,0xAA,0x10,0xA4,0x8C,0xA8,0x48,0x20,0x00,0x27,0xF0,0x20,0x20,0x23,0x40,0x20,0x80,
    0x20,0x60,0x20,0x20,0x00,0x00,0x00,0x00,0x20,0x80,0x20,0x90,0x3E,0xB0,0x20,0xC0,0x26,0x84,0x38,0x84,0x22,0x7C,0x04,0x00,
    0x1F,0xE0,0x10,0x20,0x1F,0xE0,0x10,0x20,0x10,0x20,0x1F,0xE0,0x00,0x00,0x00,0x00,0x00,0x08,0xF9,0xFC,0x09,0x00,0x49,0x08,
    0x49,0x88,0x49,0x50,0x49,0x20,0x7D,0x20,0x05,0x50,0x35,0x48,0xC5,0x88,0x05,0x00,0x29,0xFC,0x11,0x00,0x00,0x00,0x00,0x00,
    0x00,0x10,0x3F,0xF8,0x01,0x00,0x7F,0xFC,0xC1,0x08,0x1D,0x70,0x00,0x00,0x3F,0xF8,0x20,0x00,0x3F,0xF8,0x29,0x20,0x28,0xC0,
    0x4B,0x20,0x8C,0x1C,0x00,0x00,0x00,0x00,0x00,0x08,0x03,0xFC,0xFC,0x40,0x21,0xF8,0x21,0x08,0x21,0x48,0x21,0x48,0x21,0x48,
    0x21,0x48,0x39,0x48,0xC1,0x48,0x00,0x90,0x01,0x0C,0x06,0x04,0x00,0x00,0x00,0x00,0x00,0x80,0x04,0x80,0xFE,0x80,0x04,0x88,
    0x05,0xFC,0x05,0x10,0x7E,0x90,0x40,0x90,0x40,0x90,0x40,0xA0,0x44,0x40,0x58,0xA0,0x61,0x10,0x06,0x0C,0x00,0x00,0x00,0x00,
    0x00,0x00,0x00,0x00,0x1F,0xC0,0x08,0x20,0x08,0x20,0x08,0x20,0x0F,0xC0,0x08,0x20,0x08,0x20,0x08,0x20,0x08,0x20,0x1F,0xC0,
    0x00,0x00,0x00,0x00,0x00,0x00,0x00,0x00,0x00,0x00,0x00,0x00,0x0F,0x40,0x10,0xC0,0x20,0x40,0x20,0x00,0x20,0x00,0x20,0xE0,
    0x20,0x40,0x20,0x40,0x10,0xC0,0x0F,0x40,0x00,0x00,0x00,0x00,0x00,0x00,0x00,0x00,0x00,0x00,0x00,0x00,0x60,0x30,0x20,0x20,
    0x30,0x60,0x28,0xA0,0x28,0xA0,0x25,0x20,0x25,0x20,0x22,0x20,0x22,0x20,0x70,0x70,0x00,0x00,0x00,0x00,0x00,0x00,0x00,0x00,
    0x00,0x40,0x3E,0x50,0x00,0x48,0x00,0x40,0xFF,0xFC,0x04,0x40,0x04,0x40,0x24,0x40,0x27,0x40,0x24,0x40,0x24,0x24,0x27,0xA4,
    0xF8,0x14,0x40,0x0C,0x00,0x00,0x00,0x00,0x10,0x80,0x10,0x80,0x11,0x08,0xFD,0xFC,0x12,0x08,0x12,0x88,0x38,0x88,0x35,0x08,
    0x51,0x48,0x53,0xE8,0x90,0x28,0x10,0x08,0x10,0x28,0x10,0x10,0x00,0x00,0x00,0x00,0x21,0x10,0x20,0x90,0x38,0xA0,0x4B,0xFC,
    0x7C,0x40,0xD4,0x40,0x55,0xF8,0x7C,0x40,0x54,0x40,0x7F,0xFC,0x40,0x40,0x1C,0x40,0xE0,0x40,0x00,0x40,0x00,0x00,0x00,0x00,
    0x10,0x08,0x09,0xFC,0x7E,0x20,0x22,0xFC,0x14,0x84,0x7E,0xA4,0x44,0xA4,0x48,0xA4,0x54,0xA4,0x48,0xA4,0x52,0x50,0x44,0x48,
    0x88,0x84,0xB3,0x04,0x00,0x00,0x00,0x00,0x00,0x00,0x00,0x00,0x00,0x00,0x10,0x10,0x08,0x20,0x04,0x40,0x02,0x80,0x01,0x00,
    0x02,0x80,0x04,0x40,0x08,0x20,0x10,0x10,0x00,0x00,0x00,0x00,0x00,0x00,0x00,0x00,0x40,0x08,0x2F,0xFC,0x21,0x00,0x03,0x08,
    0x04,0x90,0xE9,0x60,0x22,0x40,0x2C,0xF0,0x21,0x48,0x22,0x48,0x2D,0x40,0x50,0x80,0x8C,0x00,0x03,0xFC,0x00,0x00,0x00,0x00,
    0x0C,0x00,0xF1,0xD8,0x14,0x48,0x50,0x48,0xFD,0x68,0x10,0xD8,0x54,0x48,0x80,0x48,0x7C,0xD8,0x55,0x68,0x7C,0x48,0x54,0x48,
    0x7D,0x68,0x44,0x90,0x00,0x00,0x00,0x00,0x02,0x00,0x01,0x00,0x01,0x08,0x3F,0xFC,0x21,0x08,0x21,0x08,0x21,0x08,0x22,0x88,
    0x24,0x88,0x28,0x48,0x30,0x38,0x20,0x08,0x20,0x28,0x20,0x10,0x00,0x00,0x00,0x00,0x00,0x10,0x3F,0xF8,0x20,0x10,0x20,0x10,
    0x3F,0xF0,0x20,0x00,0x3F,0xF8,0x20,0x08,0x27,0xC8,0x24,0x48,0x27,0xC8,0x44,0x08,0x40,0x28,0x80,0x10,0x00,0x00,0x00,0x00,
    0x08,0x00,0x0F,0xE0,0x08,0x40,0x14,0x40,0x22,0x80,0x41,0x00,0x06,0xC0,0x1A,0x3C,0xE2,0x08,0x1F,0xE0,0x04,0x20,0x08,0x20,
    0x11,0x40,0x60,0x80,0x00,0x00,0x00,0x00,0x02,0x00,0x02,0x00,0x72,0x3C,0x5F,0xA4,0x52,0xA4,0x52,0xA4,0x52,0xA4,0x52,0xA4,
    0x52,0xA4,0x74,0xA4,0x54,0xA4,0x0A,0xBC,0x11,0x24,0x20,0x00,0x00,0x00,0x00,0x00,0x01,0x20,0x01,0x20,0x79,0x20,0x4F,0x3C,
    0x49,0x20,0x49,0x20,0x4F,0x3C,0x49,0x20,0x79,0x20,0x4F,0x3C,0x41,0x20,0x01,0x20,0x01,0x20,0x01,0x20,0x00,0x00,0x00,0x00,
    0x00,0x00,0x00,0x00,0x0F,0xC0,0x08,0x40,0x00,0x80,0x01,0x00,0x01,0x00,0x02,0x00,0x02,0x00,0x02,0x00,0x02,0x00,0x02,0x00,
    0x00,0x00,0x00,0x00,0x00,0x00,0x00,0x00,0x00,0x00,0x00,0x00,0x07,0x80,0x08,0x40,0x08,0x40,0x08,0x40,0x08,0xC0,0x07,0x40,
    0x00,0x40,0x00,0x40,0x08,0x80,0x07,0x00,0x00,0x00,0x00,0x00,0x00,0x00,0x00,0x00,0x20,0x00,0x20,0x20,0x27,0xF0,0x30,0x20,
    0xA8,0x40,0xA8,0x80,0xA1,0x00,0x21,0x00,0x22,0x00,0x24,0x04,0x24,0x04,0x24,0x04,0x23,0xFC,0x20,0x00,0x00,0x00,0x00,0x00,
    0x20,0x40,0x24,0x48,0x22,0x48,0xF9,0x50,0x21,0x50,0x27,0xF8,0x30,0x08,0x68,0x08,0x64,0x08,0xA3,0xF8,0xA0,0x08,0x20,0x08,
    0x27,0xF8,0x20,0x08,0x00,0x00,0x00,0x00,0x00,0x20,0x1F,0xF0,0x10,0x20,0x10,0x20,0x10,0x20,0x1F,0xE0,0x01,0x00,0x11,0x00,
    0x11,0xF8,0x11,0x00,0x31,0x00,0x2D,0x00,0x43,0x00,0x80,0xFC,0x00,0x00,0x00,0x00,0x10,0x10,0x11,0xF8,0x11,0x10,0xF9,0x10,
    0x11,0xF0,0x10,0x00,0x1B,0xF8,0x32,0x48,0xD2,0x48,0x12,0x48,0x12,0x48,0x12,0xA8,0x51,0x10,0x26,0x0C,0x00,0x00,0x00,0x00,
    0x00,0x80,0x00,0x80,0xF3,0xF0,0x10,0x90,0x27,0xFC,0x40,0x90,0x7B,0xF0,0x08,0x80,0x0B,0xF0,0x48,0x80,0x2F,0xF8,0x10,0x80,
    0x28,0x80,0xC7,0xFC,0x00,0x00,0x00,0x00,0x21,0x00,0x21,0x10,0x21,0x30,0x3D,0xC0,0x21,0x08,0x25,0x08,0x28,0xF8,0x32,0x00,
    0x02,0x08,0xFF,0xFC,0x02,0x00,0x02,0x00,0x02,0x00,0x02,0x00,0x00,0x00,0x00,0x00,0x00,0x80,0x7C,0x80,0x44,0x88,0x54,0xFC,
    0x54,0x90,0x55,0x90,0x56,0x90,0x54,0x90,0x54,0x50,0x54,0x20,0x28,0x20,0x24,0x50,0x40,0x8C,0x83,0x08,0x00,0x00,0x00,0x00,
    0x7F,0xF8,0x04,0x80,0x3F,0xF0,0x24,0x90,0x3F,0xF0,0x12,0x00,0x23,0xF8,0xD6,0x10,0x23,0xF0,0x62,0x10,0xA3,0xF0,0x25,0x20,
    0x20,0xC0,0x2F,0x3C,0x00,0x00,0x00,0x00,0x10,0x10,0x17,0xF8,0x21,0x10,0x21,0x10,0x49,0x20,0xF1,0x38,0x11,0x08,0x21,0x88,
    0xFD,0x50,0x41,0x50,0x1A,0x20,0xE2,0x50,0x44,0x8C,0x0B,0x08,0x00,0x00,0x00,0x00,0x40,0x40,0x20,0x40,0x20,0x40,0x07,0xF8,
    0x84,0x48,0x54,0x40,0x57,0xF0,0x25,0x10,0x25,0x10,0xC4,0xA0,0x44,0x40,0x48,0xA0,0x49,0x10,0x56,0x0C,0x00,0x00,0x00,0x00,
    0x10,0x20,0x10,0x20,0x20,0x20,0x23,0xFE,0x62,0x22,0x62,0x22,0xA3,0xFE,0x22,0x22,0x22,0x22,0x23,0xFE,0x20,0x20,0x20,0x20,
    0x20,0x20,0x20,0x20,0x20,0x20,0x00,0x00,0x10,0x00,0x13,0xFC,0x20,0x00,0x27,0xFE,0x60,0x00,0x63,0xFC,0xA0,0x00,0x23,0xFC,
    0x20,0x00,0x20,0x00,0x23,0xFC,0x22,0x04,0x22,0x04,0x22,0x04,0x23,0xFC,0x00,0x00,0x10,0x00,0x13,0xFC,0x20,0x04,0x23,0xFC,
    0x60,0x04,0x63,0xFC,0xA0,0x00,0x2F,0xFE,0x28,0x02,0x2B,0xFA,0x20,0x88,0x20,0x50,0x20,0x60,0x21,0x98,0x26,0x06,0x00,0x00,
    0x00,0x00,0x7F,0xFC,0x40,0x00,0x5F,0xF0,0x40,0x00,0x7F,0xFE,0x48,0x88,0x48,0x50,0x8B,0x20,0xBC,0x18,0x80,0x06,0x3F,0xF8,
    0x20,0x08,0x20,0x08,0x3F,0xF8,0x00,0x00,0x20,0x00,0x21,0xFE,0x21,0x00,0xF9,0x00,0x49,0xFC,0x49,0x00,0x49,0xFE,0x49,0x50,
    0x89,0x52,0xD1,0x54,0xB1,0x48,0x11,0x48,0x2A,0x44,0x46,0x74,0x85,0xC2,0x00,0x00,0x01,0x00,0x01,0x00,0xFF,0xFE,0x80,0x02,
    0x91,0xFA,0x10,0x08,0x91,0xF8,0x50,0x08,0x17,0xFE,0x14,0x02,0x31,0xF8,0x50,0x88,0x90,0x50,0x10,0x70,0x13,0x8E,0x00,0x00,
    0x01,0x00,0x01,0x00,0xFF,0xFE,0x80,0x32,0xBF,0xC2,0x11,0x10,0x09,0x20,0xFF,0xFE,0x09,0x20,0x31,0x18,0xFF,0xFE,0x21,0x08,
    0x3F,0xF8,0x21,0x08,0x3F,0xF8,0x00,0x00,0x00,0x00,0x02,0x00,0x01,0x00,0x00,0x80,0x00,0x00,0x08,0x00,0x08,0x10,0x48,0x08,
    0x48,0x04,0x48,0x04,0x48,0x02,0x88,0x12,0x88,0x10,0x08,0x10,0x07,0xF0,0x00,0x00,0x20,0x40,0x27,0xFE,0x20,0x40,0xB3,0xFC,
    0xAA,0x04,0xAB,0xFC,0xA2,0x04,0x23,0xFC,0x22,0x04,0x23,0xFC,0x20,0x00,0x27,0xFE,0x20,0x00,0x21,0x0C,0x26,0x02,0x00,0x00,
    0x20,0x00,0x23,0xFE,0x22,0x00,0xFA,0x00,0x23,0xFC,0x22,0x00,0x23,0xFE,0x3A,0x90,0xE2,0x92,0x22,0x94,0x22,0x88,0x22,0x88,
    0x24,0x84,0x24,0xE4,0x6B,0x82,0x00,0x00,0x10,0x06,0x10,0xF8,0xFE,0x80,0x44,0x80,0x28,0x80,0xFE,0xFE,0x00,0x88,0x10,0x88,
    0xFE,0x88,0x10,0x88,0x30,0x88,0x38,0x88,0x55,0x08,0x91,0x08,0x11,0x08,0x00,0x00,0x00,0x00,0x7F,0xFC,0x04,0x40,0x24,0x48,
    0x14,0x50,0x04,0x40,0xFF,0xFE,0x00,0x00,0x3F,0xF8,0x20,0x08,0x20,0x08,0x3F,0xF8,0x20,0x08,0x20,0x08,0x3F,0xF8,0x00,0x00,
    0x01,0x00,0x01,0x00,0x7F,0xFC,0x05,0x40,0x19,0x30,0x61,0x0C,0x01,0x00,0x10,0x10,0x10,0x10,0xFE,0xFE,0x10,0x10,0x38,0x38,
    0x54,0x54,0x90,0x92,0x10,0x10,0x00,0x00,0x20,0x20,0x23,0xFE,0x20,0x20,0xF9,0xFC,0x20,0x50,0x23,0xFE,0x70,0x88,0x71,0x34,
    0x6A,0xE2,0xA8,0x20,0xA1,0xFC,0xA0,0x70,0x20,0xA8,0x23,0x26,0x20,0x20,0x00,0x00,0x40,0x00,0x23,0xFC,0x10,0x04,0x03,0xFC,
    0x80,0x04,0x43,0xFC,0x20,0x00,0x0F,0xFE,0x08,0x02,0x2B,0xFA,0x21,0x08,0x40,0x90,0x40,0x60,0x81,0x98,0x86,0x06,0x00,0x00,
    0x40,0x00,0x27,0xFE,0x14,0x92,0x04,0x92,0x80,0x90,0x41,0x12,0x26,0x0E,0x00,0x40,0x00,0x40,0x27,0xFE,0x20,0xE0,0x41,0x50,
    0x42,0x48,0x8C,0x46,0x80,0x40,0x00,0x00,0x02,0x00,0x02,0x00,0xFF,0xF8,0x82,0x08,0x82,0x08,0xFF,0xF8,0x82,0x08,0x82,0x08,
    0x82,0x08,0xFF,0xF8,0x02,0x00,0x02,0x00,0x02,0x00,0x02,0x00,0x02,0x00,0x00,0x00,0x00,0x80,0x00,0x80,0x3F,0xFE,0x20,0x40,
    0xA0,0xA0,0x63,0x18,0x2C,0x26,0x20,0xC0,0x67,0x08,0xA0,0x30,0x20,0xC2,0x27,0x04,0x40,0x18,0x40,0xE0,0x8F,0x00,0x00,0x00,
    0x01,0x00,0x7F,0xFC,0x01,0x00,0x3F,0xF8,0x20,0x08,0x3F,0xF8,0x20,0x08,0x3F,0xF8,0x20,0x08,0x3F,0xF8,0x00,0x00,0xFF,0xFE,
    0x00,0x00,0x18,0x38,0xE0,0x06,0x00,0x00,0x20,0x20,0x20,0x20,0x21,0xFE,0xF9,0x22,0x09,0x22,0x11,0xFE,0x11,0x22,0x21,0x22,
    0x61,0x22,0xB1,0xFE,0x28,0x20,0x20,0x20,0x20,0x20,0x20,0x20,0x20,0x20,0x00,0x00,0x01,0x00,0x7F,0xFC,0x02,0x00,0x3F,0xF8,
    0x04,0x40,0xFF,0xFE,0x08,0x20,0x10,0xD0,0x2F,0x08,0xC1,0x06,0x1F,0xF0,0x03,0x80,0x0D,0x60,0x71,0x1C,0x01,0x00,0x00,0x00,
    0x20,0x20,0x20,0x20,0x49,0xFE,0x89,0x22,0x51,0x22,0x21,0xFE,0x21,0x22,0x49,0x22,0xF9,0x22,0x21,0xFE,0xA8,0x20,0xA8,0x20,
    0xA0,0x20,0x20,0x20,0x20,0x20,0x00,0x00,0x00,0x00,0xFF,0xF8,0x82,0x00,0x82,0x00,0x82,0x00,0xFF,0xF0,0x80,0x10,0x80,0x10,
    0x80,0x10,0xFF,0xF0,0x82,0x00,0x82,0x00,0x82,0x00,0x82,0x00,0xFF,0xF8,0x00,0x00,0x08,0x20,0x08,0x20,0xFF,0xFE,0x08,0x20,
    0x08,0x20,0x02,0x00,0x01,0x00,0x08,0x80,0x08,0x88,0x48,0x04,0x48,0x04,0x48,0x02,0x88,0x22,0x88,0x20,0x07,0xE0,0x00,0x00,
    0x08,0x20,0xFF,0xFE,0x08,0x20,0x10,0x06,0xFE,0xF8,0x44,0x80,0x28,0x80,0xFE,0xFE,0x10,0x88,0xFE,0x88,0x10,0x88,0x38,0x88,
    0x55,0x08,0x91,0x08,0x12,0x08,0x00,0x00,0x10,0x00,0x10,0xFC,0xFE,0x84,0x44,0x84,0x28,0xFC,0xFE,0x84,0x10,0xFC,0x10,0x84,
    0xFE,0x84,0x10,0xFC,0x38,0x50,0x54,0x50,0x90,0x52,0x10,0x92,0x13,0x0E,0x00,0x00,0x00,0x20,0x78,0x50,0x00,0x88,0xFD,0x04,
    0x02,0x12,0x78,0x20,0x00,0x40,0x79,0x88,0x00,0x10,0x00,0x62,0x79,0x84,0x48,0x08,0x48,0x10,0x48,0x60,0x7B,0x80,0x00,0x00,
    0x01,0x00,0x02,0x00,0x1F,0xF0,0x10,0x10,0x1F,0xF0,0x10,0x10,0x1F,0xF0,0x10,0x12,0x10,0x14,0x13,0xF8,0xFC,0x30,0x00,0xD0,
    0x03,0x10,0x1C,0x10,0xE0,0x70,0x00,0x00,0x01,0x00,0x01,0x00,0x7F,0xFC,0x10,0x10,0x08,0x10,0x08,0x20,0xFF,0xFE,0x01,0x00,
    0x01,0x00,0x01,0x00,0x7F,0xFC,0x01,0x00,0x01,0x00,0x01,0x00,0x01,0x00,0x00,0x00,0x41,0x10,0x21,0x10,0x12,0x20,0x03,0xFC,
    0x06,0x20,0x0A,0x20,0x03,0xF8,0xE2,0x20,0x23,0xF8,0x22,0x20,0x22,0x20,0x23,0xFC,0x20,0x00,0x58,0x00,0x87,0xFE,0x00,0x00,
    0x10,0x20,0x28,0x20,0x44,0x20,0x80,0x20,0x7C,0x20,0x11,0xFE,0x10,0x20,0xFC,0x20,0x10,0x20,0x94,0x20,0x54,0x20,0x50,0x20,
    0x10,0x20,0x1C,0x20,0xE0,0x20,0x00,0x00,0x00,0x00,0x7F,0xFC,0x01,0x00,0xFF,0xFE,0x81,0x02,0x1D,0x70,0x00,0x00,0x7F,0xFE,
    0x40,0x00,0x4F,0xF0,0x40,0x00,0x7F,0xFE,0x88,0x48,0x8B,0x30,0xBC,0x0E,0x00,0x00,0x01,0x00,0x01,0x00,0x01,0x00,0x01,0x00,
    0x02,0x80,0x02,0x80,0x02,0x80,0x04,0x40,0x04,0x40,0x08,0x20,0x08,0x20,0x10,0x10,0x20,0x08,0x40,0x04,0x80,0x02,0x00,0x00,
    0x10,0x00,0x10,0x00,0x23,0xFC,0x20,0x00,0x60,0x00,0x60,0x00,0xA0,0x00,0x20,0x00,0x20,0x00,0x20,0x00,0x20,0x00,0x20,0x00,
    0x20,0x00,0x27,0xFE,0x20,0x00,0x00,0x00,0x00,0x00,0x7F,0xFE,0x01,0x02,0x01,0x02,0x01,0x02,0x11,0x02,0x0D,0x02,0x02,0x02,
    0x03,0x02,0x04,0x82,0x04,0x42,0x08,0x22,0x10,0x04,0x20,0x04,0xC0,0x38,0x00,0x00,0x01,0x00,0x7F,0xFE,0x44,0x40,0x7F,0xFC,
    0x44,0x44,0x7F,0xFC,0x48,0x40,0x4F,0x4C,0x48,0x70,0x4B,0x42,0x5C,0x3E,0x40,0x80,0x8F,0xF8,0x80,0x80,0xBF,0xFE,0x00,0x00,
    0x00,0x1C,0x00,0xE0,0x7F,0x00,0x01,0x00,0x01,0x00,0x01,0x00,0x01,0x00,0xFF,0xFE,0x01,0x00,0x01,0x00,0x01,0x00,0x01,0x00,
    0x01,0x00,0x01,0x00,0x7F,0xFC,0x00,0x00,0x3F,0xFC,0x00,0x04,0x3F,0xFC,0x00,0x04,0x3F,0xFC,0x00,0x00,0xFE,0xFE,0x10,0x82,
    0x1E,0xFE,0xF0,0x10,0x00,0x10,0xFF,0xFE,0x10,0x10,0x08,0x10,0x00,0x70,0x00,0x00,0x08,0x20,0x08,0x20,0xFF,0xFE,0x08,0x20,
    0x0F,0xE0,0x08,0x20,0x0F,0xE0,0x08,0x20,0xFF,0xFE,0x22,0x40,0x22,0x44,0x24,0x3C,0x28,0x00,0x20,0x00,0x3F,0xFE,0x00,0x00,
    0x00,0x00,0x3F,0xFC,0x20,0x04,0x20,0x04,0x3F,0xFC,0x20,0x10,0x20,0x10,0x26,0x10,0x21,0x88,0x20,0x48,0x40,0x04,0x4C,0x04,
    0x83,0x02,0x00,0xC0,0x00,0x20,0x00,0x00,0x00,0x00,0xFE,0xFC,0x90,0x44,0xFE,0x44,0x82,0x28,0xFE,0x10,0x90,0x28,0xFE,0xC6,
    0x00,0x00,0x3F,0xF8,0x20,0x08,0x3F,0xF8,0x20,0x08,0x20,0x08,0x20,0x38,0x00,0x00,0x00,0x00,0x7B,0xF8,0x00,0x88,0xFC,0x88,
    0x00,0x88,0x78,0x88,0x00,0xF8,0x7B,0x88,0x00,0x88,0x00,0x88,0x78,0x88,0x48,0x8A,0x49,0x0A,0x49,0x06,0x7A,0x02,0x00,0x00,
    0x40,0x00,0x27,0xF0,0x10,0x10,0x01,0x10,0x01,0x10,0x01,0x10,0x07,0xD0,0xE1,0x10,0x21,0x10,0x21,0x0A,0x21,0x0A,0x21,0x06,
    0x20,0x00,0x58,0x00,0x87,0xFE,0x00,0x00,0x00,0x20,0xFB,0xFE,0x88,0x20,0x91,0xFC,0x91,0x24,0xA1,0x24,0x91,0xFC,0x91,0x24,
    0x89,0x24,0x89,0xFC,0x88,0x20,0xB3,0xFE,0x80,0x20,0x80,0x20,0x80,0x20,0x00,0x00,0x28,0x00,0x28,0xFE,0xFE,0x22,0x28,0x22,
    0x38,0x22,0x10,0xA2,0x7C,0x62,0x54,0x32,0x54,0x2A,0x7C,0x22,0x10,0x42,0xFE,0x42,0x10,0x84,0x11,0x04,0x12,0x38,0x00,0x00,
    0x20,0x40,0x3E,0x7E,0x48,0x90,0x85,0x08,0xFF,0xFE,0x00,0x02,0x00,0x02,0x3F,0xE2,0x00,0x02,0x1F,0xC2,0x10,0x42,0x10,0x42,
    0x1F,0xC2,0x00,0x02,0x00,0x0E,0x00,0x00,0x00,0x00,0x77,0xFE,0x02,0x40,0xFA,0x40,0x03,0xFE,0x7A,0x52,0x02,0x52,0x7B,0xD2,
    0x02,0x54,0x02,0x54,0x7B,0xC8,0x4E,0x48,0x48,0x54,0x48,0x62,0x78,0x40,0x00,0x00,0x10,0x00,0x13,0xFE,0x20,0x20,0x40,0x40,
    0x91,0xFC,0x11,0x04,0x21,0xFC,0x21,0x04,0x49,0xFC,0x89,0x04,0x11,0x04,0x11,0xFC,0x20,0x00,0x40,0x8C,0x83,0x02,0x00,0x00,
    0x00,0x80,0xFC,0x80,0x20,0xFE,0x21,0x20,0xFD,0x20,0xA6,0x20,0xA4,0x3C,0xA4,0x20,0xDC,0x20,0x84,0x20,0x84,0x3C,0xFC,0x20,
    0x84,0x20,0x84,0x20,0xFC,0x20,0x00,0x00,0xFF,0xFC,0x80,0x04,0x82,0x04,0x91,0x24,0x88,0x24,0x80,0x44,0x98,0x44,0x84,0x84,
    0x83,0x04,0x82,0x84,0x8C,0x44,0xB0,0x24,0x80,0x04,0x80,0x04,0xFF,0xFC,0x00,0x00,0x00,0x00,0x7F,0xFE,0x40,0x00,0x40,0x04,
    0x5F,0x84,0x40,0x04,0x40,0x7E,0x5F,0x84,0x50,0x84,0x50,0xA4,0x5F,0x94,0x48,0x84,0x89,0x04,0x87,0x84,0xB8,0x1C,0x00,0x00,
    0x40,0x00,0x27,0xFE,0x10,0x00,0x00,0x00,0x03,0xFC,0x02,0x04,0x02,0x04,0xE3,0xFC,0x20,0x00,0x22,0x04,0x21,0x08,0x27,0xFE,
    0x20,0x00,0x58,0x00,0x87,0xFE,0x00,0x00,0x00,0x80,0x00,0x80,0xF1,0xFE,0x91,0x22,0x92,0x22,0x92,0x24,0x94,0x20,0x90,0x20,
    0x90,0x50,0x90,0x50,0xF0,0x90,0x00,0x88,0x01,0x08,0x02,0x04,0x04,0x02,0x00,0x00,0x00,0x78,0x7F,0x80,0x01,0x00,0x01,0x00,
    0x7F,0xFC,0x11,0x10,0x11,0x10,0xFF,0xFE,0x11,0x10,0x11,0x10,0x11,0x10,0x7F,0xFC,0x01,0x00,0x01,0x00,0xFF,0xFE,0x00,0x00,
    0x20,0x20,0x40,0x20,0xF8,0x20,0x89,0xFC,0x89,0x24,0x89,0x24,0xF9,0x24,0x81,0x24,0x81,0x24,0xF9,0x24,0x89,0x24,0x89,0x24,
    0x89,0x2C,0xF8,0x20,0x00,0x20,0x00,0x00,0x20,0x88,0x20,0x88,0x21,0x10,0xF9,0xFE,0x23,0x10,0x25,0x10,0x21,0x10,0x39,0xFC,
    0xE1,0x10,0x21,0x10,0x21,0xFC,0x21,0x10,0x21,0x10,0x21,0x10,0x61,0xFE,0x00,0x00,0x01,0x00,0x01,0x00,0x01,0x00,0x01,0x82,
    0xFD,0x84,0x05,0x88,0x09,0x50,0x09,0x60,0x11,0x20,0x11,0x10,0x21,0x08,0x41,0x04,0x81,0x02,0x01,0x00,0x07,0x00,0x00,0x00,
    0x20,0x80,0x20,0x80,0x24,0xFE,0xA9,0x22,0xB1,0x24,0xA2,0x20,0xA0,0x20,0x20,0x20,0x20,0x50,0x20,0x50,0x50,0x90,0x48,0x88,
    0x41,0x08,0x82,0x04,0x84,0x02,0x00,0x00,0x00,0x3C,0xF3,0xC0,0x90,0x40,0x90,0x40,0x97,0xFE,0xF1,0x48,0x91,0x48,0x97,0xFE,
    0xF1,0x48,0x91,0x48,0x97,0xFE,0x90,0x40,0xF0,0x40,0x00,0x40,0x07,0xFE,0x00,0x00,0x10,0x40,0x10,0x40,0x95,0xF8,0x58,0x48,
    0x10,0x48,0xFC,0x4A,0x10,0x8A,0x30,0x8E,0x39,0x20,0x54,0x20,0x53,0xFE,0x90,0x20,0x90,0x20,0x10,0x20,0x10,0x20,0x00,0x00,
    0x00,0x00,0xFE,0xFE,0x42,0x42,0x22,0x22,0x0E,0x0E,0x72,0x72,0x06,0x06,0x01,0x00,0x7F,0xFC,0x10,0x10,0x29,0x28,0x45,0x44,
    0xFF,0xFE,0x01,0x00,0x01,0x00,0x00,0x00,0x01,0x00,0x01,0x00,0xFF,0xFE,0x00,0x00,0x1F,0xF0,0x10,0x10,0xFF,0xFE,0x10,0x10,
    0x1F,0xF0,0x04,0x84,0x18,0x48,0xE8,0x50,0x08,0x20,0x0F,0x98,0x78,0x06,0x00,0x00,0x41,0x08,0x20,0x88,0x10,0x10,0x07,0xFE,
    0x00,0x80,0x01,0xC4,0x06,0x48,0xE1,0xB0,0x26,0x70,0x20,0xA8,0x21,0x24,0x26,0x22,0x20,0xC0,0x58,0x00,0x87,0xFE,0x00,0x00,
    0x00,0x40,0xFC,0x40,0x21,0xF8,0x20,0x48,0xFC,0x48,0xA4,0x8A,0xA4,0x8A,0xA5,0x0E,0xDC,0x20,0x84,0x20,0x85,0xFC,0xFC,0x20,
    0x84,0x20,0x84,0x20,0xFC,0x20,0x00,0x00,0x30,0x88,0x48,0x88,0x81,0x10,0x01,0xFE,0xFB,0x10,0x21,0x10,0x21,0xFC,0xF9,0x10,
    0x21,0x10,0x21,0x10,0xA9,0xFC,0x69,0x10,0x21,0x10,0x31,0x10,0xC1,0xFE,0x00,0x00,0x30,0x1E,0x4B,0xE0,0x80,0x20,0x00,0x20,
    0xFB,0xFE,0x21,0x24,0x21,0x24,0xFB,0xFE,0x21,0x24,0x21,0x24,0xAB,0xFE,0x68,0x20,0x20,0x20,0x30,0x20,0xC3,0xFE,0x00,0x00,
    0x00,0x20,0xF4,0x20,0x92,0xFC,0xA0,0x40,0xA0,0x40,0xC0,0xFC,0xA1,0x44,0xA0,0x7C,0x9E,0x44,0x92,0x7C,0x92,0x44,0xE2,0x44,
    0x82,0x4C,0x85,0x80,0x88,0x7E,0x00,0x00,0x00,0x20,0x02,0x22,0xFA,0x22,0x23,0xFE,0x20,0x00,0x20,0x00,0x23,0xFE,0xF8,0x20,
    0x20,0x40,0x23,0xFE,0x22,0x52,0x3A,0x52,0xE2,0x52,0x02,0x52,0x02,0x56,0x00,0x00,0x00,0x10,0x7A,0x10,0x49,0x7C,0x58,0x20,
    0x48,0x20,0xFC,0x7C,0x84,0xA4,0x78,0x3C,0x4B,0x24,0x79,0x3C,0x49,0x24,0x79,0x24,0x49,0x2C,0x49,0x80,0x5A,0x7E,0x00,0x00,
    0x01,0x00,0x41,0x04,0x7F,0xFC,0x00,0x00,0x01,0x00,0xFF,0xFE,0x80,0x02,0x9F,0xF2,0x00,0x00,0x00,0x00,0xFF,0xFE,0x01,0x00,
    0x11,0x18,0x61,0x04,0x07,0x00,0x00,0x00,0x01,0x00,0x21,0x08,0x3F,0xF8,0x01,0x00,0xFF,0xFE,0x00,0x00,0x1F,0xF0,0x10,0x10,
    0x1F,0xF0,0x00,0x00,0x7F,0xFC,0x48,0x24,0x4F,0xE4,0x40,0x04,0x40,0x1C,0x00,0x00,0x49,0x20,0x2A,0x20,0xFF,0x40,0x1C,0x7E,
    0x2A,0x44,0xC8,0x84,0x00,0x84,0x11,0x44,0xFF,0x48,0x22,0x28,0x62,0x28,0x54,0x10,0x0C,0x28,0x32,0x44,0xC0,0x82,0x00,0x00,
    0x20,0x00,0x23,0xFE,0x22,0x00,0xFA,0x04,0x22,0x84,0x22,0x48,0x72,0x28,0x72,0x10,0x6A,0x18,0xAA,0x28,0xA2,0x24,0xA2,0x44,
    0x22,0x80,0x22,0x00,0x23,0xFE,0x00,0x00,0x11,0x00,0x11,0xFC,0x7E,0x44,0x11,0x54,0x11,0xF4,0x10,0x44,0xFE,0x98,0x11,0x00,
    0x11,0xFC,0x52,0x44,0x5D,0x54,0x51,0xF4,0x50,0x44,0xB0,0x98,0x8F,0xFE,0x00,0x00,0x20,0x24,0x7F,0x48,0x91,0xFE,0x55,0x48,
    0x55,0x48,0x7D,0x48,0x11,0x7E,0x26,0x48,0x7F,0x48,0x91,0x48,0x55,0x7E,0x55,0x48,0x7D,0x48,0x11,0x48,0x66,0x7E,0x00,0x00,
    0x20,0x00,0x23,0xFE,0x22,0x02,0xFA,0x02,0x23,0xFE,0x22,0x10,0x22,0x10,0x3A,0xFE,0xE2,0x10,0x22,0x10,0x22,0xFE,0x22,0x82,
    0x24,0x82,0x24,0x82,0x68,0xFE,0x00,0x00,0x20,0x08,0x20,0x10,0x20,0x20,0xF8,0x40,0x21,0x84,0x20,0x08,0x70,0x10,0x70,0x20,
    0xA8,0x40,0xA9,0x82,0xA0,0x04,0x20,0x08,0x20,0x10,0x20,0x60,0x23,0x80,0x00,0x00,0x20,0x00,0x21,0xFC,0x21,0x04,0xF9,0xFC,
    0x21,0x04,0x21,0xFC,0x70,0x00,0x70,0x00,0x6B,0xFE,0xAA,0x02,0xA2,0x02,0xA3,0xFE,0x22,0x02,0x22,0x02,0x23,0xFE,0x00,0x00,
    0x08,0x20,0xFF,0xFE,0x08,0x20,0x01,0x00,0xFF,0xFE,0x80,0x02,0x9F,0xF2,0x10,0x10,0x10,0x10,0x1F,0xF0,0x10,0x00,0x1F,0xF8,
    0x10,0x08,0x10,0x08,0x1F,0xF8,0x00,0x00,0x08,0x00,0x08,0xFE,0x08,0x10,0x7F,0x20,0x49,0x7E,0x4A,0x42,0x48,0x7E,0x7E,0x42,
    0x42,0x7E,0x52,0x42,0x4C,0x42,0x44,0x7E,0x8A,0x00,0x92,0x2C,0xA0,0xC2,0x00,0x00,0x01,0x00,0x11,0x08,0x21,0x04,0xC1,0x22,
    0x07,0x42,0x01,0x80,0x06,0x40,0x18,0x80,0xFF,0xFC,0x21,0x00,0x3F,0xF8,0x21,0x00,0x3F,0xF8,0x21,0x00,0x3F,0xFE,0x00,0x00,
    0x20,0x00,0x23,0xFC,0x22,0x04,0xFA,0x04,0x0B,0xFC,0x12,0x20,0x12,0x20,0x23,0xFE,0x6A,0x20,0xB2,0x20,0x2A,0xFC,0x22,0x84,
    0x24,0x84,0x24,0x84,0x24,0xFC,0x00,0x00,0x40,0x00,0x27,0xA4,0x10,0xA8,0x05,0x12,0x83,0x14,0x42,0xE8,0x24,0x04,0x0B,0xFA,
    0x02,0x08,0x22,0x08,0x23,0xF8,0x40,0x00,0x42,0x08,0x81,0x10,0x8F,0xFE,0x00,0x00,0x20,0x00,0x23,0xDE,0x20,0x42,0xFA,0xD6,
    0x21,0x4A,0x22,0x52,0x20,0xC6,0x38,0x20,0xE1,0xFE,0x21,0x02,0x21,0x02,0x21,0xFE,0x21,0x02,0x21,0x02,0x61,0xFE,0x00,0x00,
    0x00,0x20,0x00,0x20,0x00,0x20,0x00,0x20,0xFF,0xFE,0x00,0x20,0x00,0x20,0x10,0x20,0x08,0x20,0x04,0x20,0x04,0x20,0x00,0x20,
    0x00,0x20,0x00,0x20,0x00,0xE0,0x00,0x00,0x21,0x10,0x21,0x10,0x21,0x10,0x21,0x10,0xFF,0xFE,0x21,0x10,0x21,0x10,0x21,0x10,
    0x21,0x10,0x21,0xF0,0x20,0x00,0x20,0x00,0x20,0x00,0x20,0x00,0x3F,0xFC,0x00,0x00,0x42,0x00,0x22,0x3E,0x1F,0xC8,0x02,0x10,
    0x8F,0xBE,0x4A,0xA2,0x2A,0xBE,0x0F,0xA2,0x02,0x3E,0x27,0x22,0x27,0x22,0x4A,0xBE,0x4A,0x80,0x92,0x14,0x82,0x62,0x00,0x00,
    0x10,0x40,0x10,0x40,0xFE,0x40,0x00,0xF8,0x7C,0x88,0x54,0x88,0x55,0x10,0x54,0x10,0x7C,0x10,0x54,0x28,0x54,0x28,0x54,0x48,
    0x7C,0x84,0x01,0x04,0x06,0x02,0x00,0x00,0x00,0x00,0x3F,0xF8,0x20,0x08,0x3F,0xF8,0x20,0x08,0x3F,0xF8,0x00,0x00,0x00,0x00,
    0xFF,0xFE,0x01,0x00,0x11,0x00,0x11,0xF8,0x29,0x00,0x47,0x00,0x81,0xFE,0x00,0x00,0x00,0x80,0x8F,0xFE,0x40,0x80,0x27,0xF8,
    0x00,0x88,0x0F,0xFE,0x00,0x88,0x07,0xF8,0x21,0x00,0x3F,0xFE,0x42,0x10,0x47,0x20,0x80,0xE0,0x81,0x98,0x0E,0x04,0x00,0x00,
    0x08,0x02,0x48,0x22,0x7F,0x22,0x88,0x22,0x08,0x22,0xFF,0xA2,0x08,0x22,0x08,0x22,0x7F,0x22,0x49,0x22,0x49,0x22,0x49,0x02,
    0x49,0x02,0x4B,0x02,0x08,0x0E,0x00,0x00,0x10,0x20,0x7C,0x20,0x10,0xF8,0xFE,0x28,0x48,0xA8,0x8E,0x4A,0x10,0x6A,0x7C,0xA6,
    0x11,0x02,0xFC,0x00,0x02,0x00,0x7F,0xFC,0x04,0x04,0x18,0x04,0xE0,0x38,0x00,0x00,0x20,0x20,0x21,0x20,0x21,0x20,0xFB,0xFE,
    0x4A,0x20,0x4C,0x20,0x48,0x20,0x48,0x20,0x89,0xFC,0xD0,0x20,0xB0,0x20,0x10,0x20,0x28,0x20,0x44,0x20,0x83,0xFE,0x00,0x00,
    0x10,0x00,0x13,0xFE,0x20,0x20,0x40,0x20,0x90,0x20,0x11,0x20,0x21,0x20,0x21,0x3C,0x61,0x20,0xA1,0x20,0x21,0x20,0x21,0x20,
    0x21,0x20,0x21,0x20,0x27,0xFE,0x00,0x00,0x20,0x20,0x21,0x20,0x21,0x20,0xB3,0xFE,0xAC,0x20,0xA8,0x20,0xA0,0x20,0x20,0x20,
    0x21,0xFC,0x20,0x20,0x20,0x20,0x20,0x20,0x20,0x20,0x20,0x20,0x23,0xFE,0x00,0x00,0x00,0x88,0x00,0x84,0x7F,0xFE,0x40,0x80,
    0x40,0x80,0x40,0x84,0x7C,0x84,0x44,0x48,0x44,0x48,0x44,0x50,0x44,0x20,0x58,0x52,0x80,0x8A,0x83,0x06,0x8C,0x02,0x00,0x00,
    0x00,0x40,0xFE,0x40,0x10,0x80,0x10,0xFE,0x11,0x88,0x52,0x88,0x5C,0x88,0x50,0x88,0x50,0x50,0x50,0x50,0x50,0x50,0x56,0x20,
    0x78,0x50,0xC0,0x88,0x03,0x06,0x00,0x00,0x10,0x20,0xFE,0x20,0x10,0x7E,0xFE,0x44,0x92,0xC4,0xFE,0x28,0x38,0x10,0x54,0x28,
    0x92,0xC6,0x00,0x00,0x7F,0xFC,0x01,0x00,0x11,0xF0,0x11,0x00,0xFF,0xFE,0x00,0x00,0x00,0x00,0x3F,0xF8,0x20,0x08,0x3F,0xF8,
    0x20,0x08,0x3F,0xF8,0x00,0x00,0x21,0x00,0x7F,0xFC,0x41,0x00,0x81,0x00,0x3F,0xF8,0x01,0x00,0x01,0x00,0xFF,0xFE,0x00,0x00,
    0x00,0x20,0xF3,0xFE,0x90,0x20,0x91,0xFC,0x90,0x20,0x93,0xFE,0xF0,0x00,0x91,0xFC,0x91,0x04,0x91,0xFC,0x91,0x04,0xF1,0xFC,
    0x01,0x04,0x01,0x04,0x01,0x1C,0x00,0x00,0x20,0x40,0x27,0xFE,0x20,0x40,0xFB,0xFC,0x20,0x44,0x27,0xFE,0x70,0x44,0x73,0xFC,
    0x68,0x80,0xAF,0xFE,0xA1,0x08,0xA3,0x90,0x20,0x70,0x20,0xCC,0x27,0x02,0x00,0x00,0x20,0x00,0x27,0xFE,0x20,0xA0,0xF8,0xA0,
    0x20,0xA0,0x23,0xFC,0x72,0xA4,0x72,0xA4,0x6A,0xA4,0xAA,0xA4,0xA3,0x3C,0xA2,0x04,0x22,0x04,0x22,0x04,0x23,0xFC,0x00,0x00,
    0x00,0x00,0x7F,0xFC,0x01,0x00,0x01,0x00,0x01,0x00,0x21,0x00,0x21,0xF8,0x21,0x00,0x21,0x00,0x21,0x00,0x21,0x00,0x21,0x00,
    0x21,0x00,0xFF,0xFE,0x00,0x00,0x00,0x00,0x40,0x40,0x27,0xFC,0x10,0x40,0x03,0xF8,0x80,0x40,0x47,0xFE,0x20,0x00,0x03,0xF8,
    0x02,0x08,0x23,0xF8,0x22,0x08,0x43,0xF8,0x42,0x08,0x82,0x08,0x82,0x38,0x00,0x00,0x10,0x20,0x51,0x20,0x51,0x20,0x51,0xFC,
    0xFD,0x20,0x92,0x20,0x92,0x20,0x10,0x20,0x1D,0xFC,0xF0,0x20,0x10,0x20,0x10,0x20,0x10,0x20,0x10,0x20,0x13,0xFE,0x00,0x00,
    0x01,0x00,0x21,0x00,0x21,0x00,0x3F,0xFC,0x41,0x00,0x41,0x00,0x81,0x00,0x01,0x00,0x3F,0xF8,0x01,0x00,0x01,0x00,0x01,0x00,
    0x01,0x00,0x01,0x00,0xFF,0xFE,0x00,0x00,0x00,0x90,0x00,0x88,0x7F,0xFE,0x40,0x80,0x40,0x88,0x7C,0x50,0x44,0x20,0x44,0x62,
    0x59,0x9A,0x86,0x06,0x80,0x00,0x3F,0xF8,0x24,0x88,0x24,0x88,0xFF,0xFE,0x00,0x00,0x20,0x20,0x23,0xFE,0xA8,0x20,0xB1,0xFC,
    0x20,0x20,0xFB,0xFE,0x20,0x00,0x21,0xFC,0x71,0x04,0x69,0xFC,0xA1,0x04,0xA1,0xFC,0xA1,0x04,0x21,0x04,0x21,0x1C,0x00,0x00,
    0x00,0x00,0xFF,0x00,0x42,0x7E,0x7E,0x42,0x42,0x42,0x5E,0x42,0xE2,0x7E,0x00,0x00,0x7F,0xFC,0x01,0x00,0x01,0x00,0x3F,0xF8,
    0x01,0x00,0x01,0x00,0xFF,0xFE,0x00,0x00,0x01,0x00,0x01,0x00,0xFF,0xFE,0x01,0x00,0x01,0x00,0x3F,0xF8,0x00,0x00,0x3F,0xF8,
    0x21,0x08,0x21,0x08,0x3F,0xF8,0x20,0x00,0x40,0x00,0x40,0x00,0x80,0x00,0x00,0x00,0x28,0x04,0x7F,0x24,0x88,0x24,0xFF,0xA4,
    0x08,0x24,0x7F,0x24,0x49,0x04,0x4B,0x0C,0x09,0x00,0xFF,0xFE,0x0C,0x88,0x38,0x50,0xC8,0x20,0x0F,0x18,0x38,0x06,0x00,0x00,
    0x00,0x00,0xFF,0xFE,0x04,0x40,0x04,0x40,0x04,0x40,0x7F,0xFC,0x44,0x44,0x44,0x44,0x44,0x44,0x48,0x44,0x48,0x3C,0x50,0x04,
    0x40,0x04,0x40,0x04,0x7F,0xFC,0x00,0x00,0x00,0x14,0x78,0x12,0x00,0x10,0xFB,0xFE,0x02,0x10,0x7A,0x10,0x03,0xD2,0x7A,0x52,
    0x02,0x54,0x02,0x54,0x7A,0x48,0x4A,0xDA,0x4A,0x2A,0x4A,0x46,0x7C,0x82,0x00,0x00,0x20,0x1C,0xFC,0xE0,0x20,0x80,0x3C,0xFE,
    0xE0,0x88,0x21,0x08,0x6F,0xC8,0x00,0x00,0xFF,0xFE,0x00,0x00,0x3F,0xF8,0x00,0x00,0x3F,0xF8,0x20,0x08,0x3F,0xF8,0x00,0x00,
    0x00,0x20,0x7B,0xFE,0x00,0x20,0xFD,0xFC,0x00,0x20,0x7B,0xFE,0x00,0x00,0x79,0xFC,0x01,0x04,0x01,0xFC,0x79,0x04,0x49,0xFC,
    0x49,0x04,0x49,0x04,0x79,0x1C,0x00,0x00,0x42,0x06,0x22,0x38,0x02,0x20,0x0F,0xA0,0x02,0x20,0x02,0x3E,0x02,0x24,0xE3,0xA4,
    0x2E,0x24,0x22,0x24,0x22,0x44,0x22,0x44,0x26,0x84,0x58,0x00,0x87,0xFE,0x00,0x00,0x00,0x00,0xF9,0xFC,0x21,0x04,0x21,0xFC,
    0xF9,0x04,0xA9,0xFC,0xA8,0x00,0xA9,0x20,0xD9,0xFC,0x8A,0x20,0x88,0x20,0xF9,0xFC,0x88,0x20,0x88,0x20,0xFB,0xFE,0x00,0x00,
    0x01,0x00,0x7F,0xFC,0x01,0x00,0x3F,0xF8,0x01,0x00,0xFF,0xFE,0x00,0x00,0x1F,0xF0,0x10,0x10,0x1F,0xF0,0x10,0x10,0x1F,0xF0,
    0x10,0x10,0x10,0x10,0x10,0x70,0x00,0x00,0x10,0x20,0xFE,0x78,0x10,0x88,0x7C,0x10,0x10,0xFC,0xFE,0x24,0x00,0x24,0x7D,0xFE,
    0x44,0x24,0x7C,0x24,0x44,0xFC,0x7C,0x20,0x44,0x20,0x44,0x20,0x4C,0x60,0x00,0x00,0x01,0x00,0xFF,0xFE,0x08,0x20,0x04,0x40,
    0x03,0x80,0x1C,0x70,0xE0,0x0E,0x10,0x10,0x1F,0xF0,0x10,0x10,0x10,0x10,0x1F,0xF0,0x20,0x10,0x20,0x10,0x40,0x10,0x00,0x00,
    0x1A,0x08,0xE1,0x08,0x21,0x10,0x23,0xFC,0xFA,0x04,0x22,0x04,0x32,0x04,0x72,0x04,0x6B,0xFC,0xA8,0x90,0xA0,0x90,0xA1,0x10,
    0x21,0x12,0x22,0x12,0x2C,0x1E,0x00,0x00,0x00,0x40,0x78,0x78,0x48,0x88,0x49,0x10,0x4B,0xFE,0x79,0x00,0x49,0x00,0x49,0x7C,
    0x49,0x44,0x79,0x44,0x49,0x44,0x49,0x5C,0x4A,0x42,0x8A,0x42,0x9A,0x3E,0x00,0x00,0x10,0x80,0x3F,0xFC,0x61,0x00,0xBF,0xF8,
    0x21,0x00,0x3F,0xF8,0x21,0x00,0x3F,0xFC,0x00,0x00,0x7F,0xF8,0x08,0x10,0x04,0x60,0x03,0x80,0x0C,0x60,0xF0,0x1E,0x00,0x00,
    0x01,0x00,0x7F,0xFE,0x40,0x00,0x44,0x10,0x7F,0xFE,0x44,0x10,0x44,0x10,0x47,0xF0,0x40,0x80,0x4F,0xFC,0x48,0x84,0x48,0x84,
    0x88,0x84,0x88,0x9C,0x80,0x80,0x00,0x00,0x20,0x88,0x20,0x88,0x23,0xFE,0xB0,0x88,0xA8,0x88,0xAB,0xFE,0xA0,0x00,0x20,0x00,
    0x21,0xFC,0x21,0x04,0x21,0x04,0x21,0xFC,0x21,0x04,0x21,0x04,0x21,0xFC,0x00,0x00,0x00,0x48,0x00,0x44,0x7F,0xFE,0x40,0x40,
    0x44,0x40,0x47,0x44,0x44,0x44,0x44,0x24,0x7F,0xA8,0x44,0x28,0x55,0x10,0x54,0x9A,0xA4,0x2A,0x84,0x46,0x8C,0x82,0x00,0x00,
    0x00,0x0C,0x00,0xF0,0x3F,0x00,0x20,0x00,0x20,0x00,0x20,0x00,0x3F,0xFE,0x20,0x80,0x20,0x80,0x27,0x80,0x20,0xE0,0x20,0x98,
    0x40,0x84,0x40,0x80,0x80,0x80,0x00,0x00,0x08,0x20,0x08,0x20,0x7F,0xFC,0x08,0x20,0x08,0x20,0xFF,0xFE,0x00,0x00,0x00,0x00,
    0x1F,0xF0,0x10,0x10,0x10,0x10,0x1F,0xF0,0x10,0x10,0x10,0x10,0x1F,0xF0,0x00,0x00,0x20,0x0E,0x21,0xF0,0x21,0x00,0xF9,0x00,
    0x21,0x00,0x21,0xFE,0x71,0x08,0x71,0x08,0x69,0x08,0xA9,0x08,0xA1,0x08,0xA1,0x08,0x22,0x08,0x22,0x08,0x24,0x08,0x00,0x00,
    0x00,0x00,0xFF,0xFE,0x04,0x00,0x04,0x00,0x04,0x00,0x08,0x00,0x08,0x00,0x10,0x00,0x2F,0xFC,0x48,0x04,0x88,0x04,0x08,0x04,
    0x08,0x04,0x08,0x04,0x0F,0xFC,0x00,0x00,0x18,0x20,0xE3,0xFE,0x20,0x20,0x21,0xFC,0xF8,0x20,0x23,0xFE,0x21,0x04,0x71,0xFC,
    0x71,0x04,0xA9,0xFC,0xA9,0x04,0xA1,0xFC,0x20,0x00,0x20,0x88,0x23,0x06,0x00,0x00,0x20,0x40,0x3E,0x7E,0x48,0x90,0x85,0x08,
    0x10,0x48,0x7D,0xFE,0x10,0x48,0x7C,0x48,0x11,0xFE,0xFE,0x00,0x10,0xFC,0x38,0x84,0x54,0xFC,0x90,0x84,0x10,0xFC,0x00,0x00,
    0x20,0x20,0x23,0xFE,0x48,0x20,0x89,0xFC,0x50,0x20,0x23,0xFE,0x21,0x04,0x49,0xFC,0xF9,0x04,0x21,0xFC,0xA9,0x04,0xA9,0xFC,
    0xA0,0x00,0x20,0x88,0x23,0x06,0x00,0x00,0x01,0x00,0xF9,0x3E,0x02,0x80,0xF4,0x5E,0x08,0x20,0x30,0x18,0xDF,0xF6,0x10,0x10,
    0x1F,0xF0,0x10,0x10,0x1F,0xF0,0x10,0x10,0x10,0x10,0x10,0x10,0x10,0x70,0x00,0x00,0x01,0x00,0x7F,0xFC,0x01,0x00,0x3F,0xF8,
    0x01,0x00,0xFF,0xFE,0x10,0x10,0x1F,0xF0,0x10,0x10,0x1F,0xF0,0x10,0x10,0x1F,0xF0,0x08,0x20,0x10,0x10,0x60,0x0C,0x00,0x00,
    0x01,0x00,0x01,0x00,0x7F,0xFC,0x01,0x00,0x01,0x00,0xFF,0xFE,0x04,0x40,0x04,0x40,0x44,0x48,0x44,0x44,0x84,0x42,0x88,0x42,
    0x08,0x40,0x10,0x40,0x61,0xC0,0x00,0x00,0x00,0x20,0x7C,0x20,0x44,0x20,0x47,0xFE,0x44,0x50,0x7C,0x50,0x10,0x50,0x11,0x54,
    0x5D,0x54,0x51,0x52,0x52,0x52,0x52,0x52,0x50,0x90,0x5C,0x90,0xF1,0x30,0x00,0x00,0x00,0x20,0x7D,0xFE,0x44,0x20,0x44,0xFC,
    0x44,0x20,0x7D,0xFE,0x10,0x84,0x10,0xFC,0x5C,0x84,0x50,0xFC,0x50,0x84,0x50,0xFC,0x50,0x00,0x5C,0x48,0xF1,0x86,0x00,0x00,
    0x00,0x00,0xFB,0xFE,0x20,0x20,0x20,0x40,0x21,0xFC,0x41,0x04,0x79,0x04,0x49,0xFC,0xC9,0x04,0x49,0xFC,0x49,0x04,0x49,0x04,
    0x79,0xFC,0x00,0x88,0x03,0x06,0x00,0x00,0x20,0x00,0x21,0xFE,0x20,0x22,0x20,0x22,0x2E,0x22,0xF0,0x22,0x20,0x22,0x20,0x22,
    0x22,0x42,0x22,0x42,0x1E,0x42,0x00,0x82,0x00,0x84,0x01,0x04,0x02,0x18,0x00,0x00,0x20,0x20,0x20,0x20,0x22,0x22,0xFA,0x22,
    0x22,0x22,0x22,0x22,0x23,0xFE,0x38,0x20,0xE0,0x20,0x22,0x22,0x22,0x22,0x22,0x22,0x22,0x22,0x22,0x22,0x63,0xFE,0x00,0x00,
    0x20,0x40,0x20,0x40,0x23,0xFC,0xF9,0x08,0x20,0x90,0x27,0xFE,0x28,0x00,0x30,0x80,0xE7,0xFE,0x20,0x88,0x21,0x08,0x22,0xD0,
    0x20,0x38,0x20,0xC4,0x67,0x02,0x00,0x00,0x20,0x00,0x23,0xFE,0x21,0x08,0xF9,0xF8,0x21,0x08,0x21,0xF8,0x21,0x0E,0x3B,0xF8,
    0xE0,0x08,0x26,0x06,0x21,0x98,0x20,0x00,0x20,0x00,0x21,0x98,0x66,0x06,0x00,0x00,0x20,0x02,0x20,0x1C,0x21,0xE0,0xF9,0x00,
    0x21,0x00,0x21,0x00,0x21,0xFE,0x39,0x08,0xE1,0x08,0x21,0x08,0x21,0x08,0x21,0x08,0x22,0x08,0x22,0x08,0x64,0x08,0x00,0x00,
    0x00,0x00,0x78,0xF0,0x00,0x90,0xFC,0x92,0x01,0x12,0x79,0x1E,0x02,0x00,0x7B,0xFC,0x00,0x84,0x00,0x88,0x78,0x48,0x48,0x50,
    0x48,0x20,0x48,0xD8,0x7B,0x06,0x00,0x00,0x01,0x00,0x01,0x00,0xFF,0xFE,0x84,0x82,0x88,0x8A,0x30,0x78,0xE0,0x00,0x20,0xFE,
    0x2E,0x22,0xF0,0x22,0x20,0x22,0x20,0x42,0x22,0x42,0x1E,0x82,0x01,0x1C,0x00,0x00,0x20,0x40,0x3E,0x7E,0x48,0x90,0x85,0x08,
    0x00,0x00,0x7E,0x7E,0x42,0x42,0x7E,0x42,0x42,0x42,0x7E,0x42,0x48,0x42,0x44,0x42,0x5A,0x4E,0xE2,0x40,0x00,0x40,0x00,0x00,
    0x01,0x08,0x78,0x88,0x00,0x90,0xFC,0x00,0x01,0xFC,0x79,0x04,0x01,0x04,0x79,0x04,0x01,0xFC,0x00,0x50,0x78,0x50,0x48,0x90,
    0x48,0x92,0x49,0x12,0x7A,0x1E,0x00,0x00,0x00,0x00,0x3F,0xF8,0x01,0x00,0xFF,0xFE,0x81,0x02,0xBD,0x7A,0x01,0x00,0x3D,0x78,
    0x01,0x00,0x00,0x00,0x3F,0xF8,0x00,0x08,0x3F,0xF8,0x00,0x08,0x3F,0xF8,0x00,0x00,0x20,0x40,0x20,0xF8,0x48,0x88,0x89,0x10,
    0x53,0x20,0x21,0xFC,0x21,0x24,0x49,0x24,0xF9,0x24,0x21,0xFC,0xA9,0x00,0xA9,0x00,0xA1,0x02,0x21,0x02,0x20,0xFE,0x00,0x00,
    0x00,0xF8,0x7F,0x00,0x02,0x00,0x02,0x00,0x02,0x00,0xFF,0xFC,0x02,0x00,0x02,0x00,0x02,0x00,0x3F,0xF0,0x20,0x10,0x20,0x10,
    0x20,0x10,0x20,0x10,0x3F,0xF0,0x00,0x00,0x21,0x44,0x20,0xA4,0x20,0xA8,0xF8,0x08,0xA9,0xFC,0xA9,0x24,0xA9,0xFC,0xA9,0x24,
    0xA9,0xFC,0xF8,0x20,0x20,0x20,0x2B,0xFE,0x28,0x20,0x34,0x20,0xC4,0x20,0x00,0x00,0x10,0x20,0x10,0x20,0x20,0x20,0x20,0x20,
    0x62,0x22,0x62,0x22,0xA2,0x22,0x22,0x22,0x22,0x22,0x22,0x22,0x22,0x22,0x22,0x22,0x22,0x22,0x22,0x22,0x23,0xFE,0x00,0x00,
    0x01,0x00,0x11,0x00,0x11,0x00,0x3F,0xF8,0x21,0x00,0x41,0x00,0x01,0x00,0xFF,0xFE,0x04,0x40,0x04,0x40,0x08,0x40,0x08,0x40,
    0x10,0x42,0x20,0x42,0xC0,0x3E,0x00,0x00,0x00,0x00,0x00,0x3C,0x7F,0xC0,0x01,0x00,0x01,0x00,0x01,0x00,0x01,0x00,0xFF,0xFE,
    0x01,0x00,0x01,0x00,0x01,0x00,0x01,0x00,0x01,0x00,0x01,0x00,0x01,0x00,0x00,0x00,0x02,0x00,0x02,0x00,0x02,0x00,0x03,0xFC,
    0x02,0x00,0x02,0x00,0x02,0x00,0x02,0x00,0x7F,0xF8,0x40,0x08,0x40,0x08,0x40,0x08,0x40,0x08,0x40,0x08,0x7F,0xF8,0x00,0x00,
    0x01,0x00,0x01,0x00,0xFF,0xFE,0x80,0x02,0x80,0x02,0x3F,0xF8,0x00,0x00,0x1F,0xF0,0x10,0x10,0x1F,0xF0,0x10,0x10,0x1F,0xF0,
    0x00,0x00,0x00,0x00,0xFF,0xFE,0x00,0x00,0x01,0x00,0x01,0x00,0xFF,0xFE,0x01,0x00,0x3F,0xF8,0x21,0x08,0x3F,0xF8,0x21,0x08,
    0x3F,0xF8,0x00,0x20,0xFF,0xFE,0x00,0x20,0x08,0x20,0x04,0x20,0x00,0xE0,0x00,0x00,0x01,0x00,0x11,0x30,0x11,0x08,0x21,0x04,
    0xC1,0x02,0x07,0x00,0x00,0x00,0x01,0x00,0x01,0x00,0xFF,0xFE,0x02,0x80,0x04,0x40,0x08,0x20,0x30,0x18,0xC0,0x06,0x00,0x00,
    0x20,0x02,0x20,0x82,0x20,0x82,0x20,0x82,0x20,0x82,0x20,0x82,0x20,0x82,0x20,0x82,0x20,0x82,0x20,0x82,0x20,0x82,0x20,0x82,
    0x40,0x82,0x40,0x02,0x80,0x02,0x00,0x00,0x91,0x20,0x49,0x28,0x02,0x24,0x7F,0x20,0x49,0x26,0x7F,0xF8,0x49,0x20,0x49,0x22,
    0x7F,0x22,0x08,0x24,0x08,0x14,0xFF,0x98,0x08,0x32,0x08,0x4A,0x09,0x86,0x00,0x00,0x00,0x00,0xFF,0xFE,0x00,0x00,0x3F,0xFC,
    0x20,0x04,0x3F,0xFC,0x20,0x00,0x20,0x00,0x3F,0x7E,0x29,0x22,0x25,0x12,0x21,0x02,0x45,0x0E,0x59,0x32,0x83,0x06,0x00,0x00,
    0x20,0x00,0x23,0xDE,0x20,0x42,0xFB,0xDE,0x22,0x10,0x22,0x52,0x23,0xDE,0x38,0x88,0xE3,0xFE,0x20,0x88,0x20,0x88,0x23,0xFE,
    0x20,0x00,0x20,0x8C,0x63,0x02,0x00,0x00,0x20,0x20,0x20,0x50,0x20,0x88,0xF9,0x04,0x22,0x02,0x20,0x00,0x71,0xFC,0x70,0x20,
    0x68,0x20,0xA8,0x20,0xA1,0xFC,0xA0,0x20,0x20,0x20,0x20,0x20,0x23,0xFE,0x00,0x00,0x21,0x00,0x21,0x00,0x23,0xFE,0xFA,0x00,
    0x24,0x00,0x21,0xFC,0x71,0x24,0x71,0x24,0x69,0x24,0xA9,0x24,0xA3,0xFE,0xA1,0x04,0x21,0x04,0x21,0x04,0x21,0x1C,0x00,0x00,
    0x01,0x00,0x02,0x00,0x3F,0xF8,0x20,0x08,0x3F,0xF8,0x20,0x08,0x3F,0xF8,0x01,0x00,0x01,0x84,0x7D,0x88,0x09,0x50,0x11,0x20,
    0x21,0x18,0xC1,0x06,0x07,0x00,0x00,0x00,0x40,0x90,0x20,0x88,0x10,0xFC,0x07,0x80,0x80,0x80,0x40,0xFC,0x23,0x80,0x00,0x80,
    0x00,0x7E,0x27,0xC0,0x20,0x44,0x40,0x28,0x40,0x32,0x80,0xCA,0x87,0x06,0x00,0x00,0x40,0x40,0x22,0x40,0x12,0x40,0x07,0xFC,
    0x84,0x40,0x48,0x40,0x20,0x40,0x0F,0xFE,0x01,0x10,0x21,0x10,0x21,0x10,0x42,0x10,0x42,0x12,0x84,0x12,0x88,0x1E,0x00,0x00,
    0x20,0x80,0x10,0x80,0x87,0xF0,0x40,0x90,0x11,0x12,0x22,0x12,0x4C,0x1E,0x81,0x00,0x01,0x00,0xFF,0xFE,0x05,0x40,0x09,0x20,
    0x31,0x18,0xC1,0x06,0x01,0x00,0x00,0x00,0x42,0x08,0x2F,0xBE,0x02,0x08,0x0F,0xBE,0x82,0x08,0x45,0x14,0x28,0xA2,0x00,0x00,
    0x07,0xFC,0x24,0x04,0x24,0x04,0x47,0xFC,0x44,0x04,0x84,0x04,0x87,0xFC,0x00,0x00,0x10,0x10,0x08,0x20,0xFF,0xFE,0x00,0x00,
    0x7C,0x04,0x44,0x44,0x7C,0x44,0x44,0x44,0x7C,0x44,0x44,0x44,0x44,0x04,0x5C,0x1C,0x00,0x00,0x44,0x44,0x82,0x22,0x00,0x00,
    0x20,0x00,0x27,0xFE,0x20,0x00,0xAB,0xFC,0xB2,0x04,0xA3,0xFC,0xA2,0x00,0x22,0xEE,0x22,0x22,0x22,0xAA,0x52,0x22,0x4A,0x66,
    0x44,0xAA,0x84,0x22,0x88,0x66,0x00,0x00,0x20,0x40,0x20,0x40,0x20,0x80,0xFC,0xFE,0x21,0x00,0x20,0x00,0x3C,0xFC,0x24,0x24,
    0x24,0x28,0x24,0xA0,0x24,0xBC,0x24,0xA0,0x44,0xA0,0x45,0x60,0x9A,0x1E,0x00,0x00,0x01,0x00,0xFF,0xFE,0x84,0x42,0x08,0x44,
    0x30,0x7C,0xC0,0x00,0x3F,0xF8,0x08,0x40,0x08,0x40,0xFF,0xFE,0x01,0x40,0x06,0x40,0x18,0x40,0xE0,0x40,0x01,0xC0,0x00,0x00,
    0x20,0x40,0x3E,0x7E,0x48,0x90,0x85,0x08,0x08,0x20,0xFF,0xFE,0x00,0x00,0x7E,0x04,0x42,0x44,0x7E,0x44,0x42,0x44,0x7E,0x44,
    0x42,0x44,0x42,0x04,0x46,0x1C,0x00,0x00,0x20,0x20,0x20,0x40,0x49,0xFC,0x89,0x04,0x51,0xFC,0x21,0x04,0x21,0xFC,0x48,0x20,
    0xF8,0x32,0x23,0xB4,0xA8,0xA8,0xA8,0xA8,0xA1,0x24,0x26,0x22,0x20,0x60,0x00,0x00,0x20,0x90,0x20,0x90,0x4B,0xD4,0x88,0x92,
    0x50,0x90,0x27,0xFE,0x21,0x50,0x49,0x52,0xF9,0x52,0x25,0x54,0xAB,0x74,0xA9,0x48,0xA1,0x4A,0x21,0xD6,0x27,0x22,0x00,0x00,
    0x10,0x10,0x08,0x20,0xFF,0xFE,0x01,0x00,0x3F,0xF8,0x01,0x00,0xFF,0xFE,0x00,0x80,0x20,0x80,0x11,0xFE,0x82,0x42,0x44,0x44,
    0x10,0xA0,0x21,0x18,0xC6,0x06,0x00,0x00,0x00,0x20,0x78,0x40,0x49,0xFC,0x49,0x04,0x49,0xFC,0x79,0x04,0x49,0xFC,0x48,0x20,
    0x48,0x22,0x7B,0xB4,0x48,0xA8,0x48,0xA8,0x49,0x24,0x8A,0x22,0x98,0x60,0x00,0x00,0x20,0x08,0x20,0x08,0x20,0x08,0x3C,0xFE,
    0x44,0x08,0x44,0x08,0x84,0x88,0x28,0x88,0x19,0x08,0x09,0xFE,0x11,0x08,0x10,0x08,0x20,0x08,0x40,0x08,0x80,0x08,0x00,0x00,
    0x10,0x08,0x20,0x88,0x7C,0x88,0x44,0x84,0x55,0x04,0x55,0x04,0x46,0x02,0x4C,0x00,0xF4,0xFC,0x54,0x84,0x54,0x84,0x54,0x84,
    0x44,0x84,0x84,0x84,0x8C,0xFC,0x00,0x00,0x08,0x20,0xFF,0xFE,0x08,0x20,0x01,0x00,0x7F,0xFE,0x44,0x20,0x7F,0xFC,0x44,0x24,
    0x7F,0xFC,0x48,0x00,0x4F,0xF0,0x50,0x00,0x9F,0xFE,0x8A,0xA2,0x92,0xAC,0x00,0x00,0x00,0x20,0x78,0x50,0x00,0x88,0xFD,0x04,
    0x02,0x02,0x78,0x00,0x01,0xFC,0x78,0x20,0x00,0x20,0x00,0x20,0x79,0xFC,0x48,0x20,0x48,0x20,0x48,0x20,0x7B,0xFE,0x00,0x00,
    0x00,0x28,0x7C,0x24,0x44,0x3E,0x45,0xE0,0x7C,0x20,0x44,0x3E,0x45,0xE0,0x7C,0x20,0x44,0x3E,0x45,0xF0,0x44,0x12,0x7C,0x14,
    0x00,0x18,0x48,0x6A,0x85,0x86,0x00,0x00,0x00,0x28,0x7C,0x24,0x44,0x3E,0x45,0xE0,0x44,0x20,0x7C,0x3E,0x11,0xE0,0x10,0x20,
    0x10,0x3E,0x5D,0xF0,0x50,0x12,0x50,0x14,0x50,0x18,0x5C,0x6A,0xF1,0x86,0x00,0x00,0x40,0x00,0x27,0xBC,0x10,0x84,0x07,0xBC,
    0x04,0x20,0x04,0xA4,0x07,0xBC,0xE1,0x10,0x27,0xFC,0x21,0x10,0x27,0xFC,0x21,0x10,0x26,0x0C,0x58,0x00,0x87,0xFE,0x00,0x00,
    0x40,0x00,0x2F,0xFE,0x10,0xA0,0x07,0xFC,0x04,0xA4,0x0F,0xFE,0x01,0x10,0xE2,0x08,0x25,0xF4,0x28,0x12,0x23,0xF0,0x22,0x04,
    0x23,0xFC,0x58,0x00,0x87,0xFE,0x00,0x00,0x10,0x28,0x28,0x24,0x44,0x3E,0x81,0xE0,0x7C,0x20,0x10,0x3E,0x11,0xE0,0xFC,0x20,
    0x10,0x3E,0x95,0xF0,0x54,0x12,0x50,0x14,0x10,0x18,0x1C,0x6A,0xE1,0x86,0x00,0x00,0x30,0x20,0x48,0xA0,0x80,0xA0,0x01,0xFC,
    0xF9,0x20,0x22,0x20,0x20,0x20,0xFB,0xFE,0x20,0x90,0x20,0x90,0xA8,0x90,0x68,0x90,0x21,0x12,0x31,0x12,0xC2,0x1E,0x00,0x00,
    0xFC,0xFC,0x84,0x84,0xFC,0xFC,0x84,0x84,0xFC,0xFC,0x80,0x04,0x82,0x04,0x82,0x04,0x82,0x04,0x85,0x04,0x88,0x84,0xB0,0x64,
    0x80,0x04,0x80,0x04,0x80,0x1C,0x00,0x00,0x20,0x44,0x38,0x24,0x48,0x28,0x50,0xFE,0xFC,0x10,0x54,0x10,0x54,0x7C,0x7C,0x10,
    0x54,0x10,0x54,0x10,0x7C,0xFE,0x00,0x10,0x54,0x10,0x54,0x10,0x80,0x10,0x00,0x00,0x08,0x20,0x04,0x40,0xFF,0xFE,0x00,0x00,
    0x7E,0x04,0x42,0x44,0x42,0x44,0x7E,0x44,0x42,0x44,0x42,0x44,0x7E,0x44,0x42,0x44,0x42,0x04,0x42,0x04,0x4E,0x1C,0x00,0x00,
    0x10,0x10,0x08,0x20,0x7F,0xFC,0x01,0x00,0x3F,0xF8,0x01,0x00,0x7F,0xFC,0x11,0x10,0x09,0x20,0xFF,0xFE,0x00,0x00,0x3F,0xF8,
    0x20,0x08,0x20,0x08,0x3F,0xF8,0x00,0x00,0x42,0x06,0x22,0x38,0x0F,0xA0,0x02,0x20,0x8F,0xA0,0x4A,0xBE,0x2F,0xA4,0x0A,0xA4,
    0x0F,0xA4,0x22,0x24,0x22,0x24,0x4F,0xA4,0x42,0x44,0x82,0x44,0x82,0x84,0x00,0x00,0x10,0x20,0x10,0x28,0x3E,0x24,0x22,0x20,
    0x52,0xFC,0x8C,0x20,0x24,0x50,0x18,0x50,0x10,0x88,0x21,0x04,0xC2,0x02,0x00,0x00,0x44,0x44,0x42,0x22,0x82,0x22,0x00,0x00,
    0x01,0x00,0x02,0x80,0x04,0x40,0x08,0x20,0x30,0x18,0xC0,0x06,0x3F,0xF8,0x01,0x00,0x01,0x00,0x01,0x00,0x3F,0xF8,0x01,0x00,
    0x01,0x00,0x01,0x00,0xFF,0xFE,0x00,0x00,0x22,0x42,0x21,0x24,0x20,0x08,0xF8,0x00,0x09,0xFC,0x11,0x24,0x11,0xFC,0x21,0x24,
    0x61,0xFC,0xB0,0x20,0x28,0x20,0x23,0xFE,0x20,0x20,0x20,0x20,0x20,0x20,0x00,0x00,0x21,0x04,0x20,0x88,0x4B,0xFE,0x88,0x20,
    0x51,0xFC,0x20,0x20,0x23,0xFE,0x49,0x24,0xF8,0xA8,0x23,0xFE,0xA8,0x00,0xA9,0xFC,0xA1,0x04,0x21,0x04,0x21,0xFC,0x00,0x00,
    0x01,0x04,0x78,0x88,0x4B,0xFE,0x48,0x20,0x49,0xFC,0x78,0x20,0x4B,0xFE,0x49,0x24,0x48,0xA8,0x7B,0xFE,0x48,0x00,0x49,0xFC,
    0x49,0x04,0x89,0x04,0x99,0xFC,0x00,0x00,0x20,0x00,0x21,0xFE,0xA9,0x00,0xB1,0x00,0x21,0x7C,0xF9,0x54,0x21,0x7C,0x21,0x54,
    0x71,0x7C,0x69,0x10,0xA9,0x10,0xA1,0x7C,0x22,0x10,0x22,0x10,0x24,0xFE,0x00,0x00,0x01,0x04,0x00,0x88,0xF3,0xFE,0x92,0x22,
    0x93,0xFE,0x92,0x22,0x92,0x22,0x93,0xFE,0x90,0x00,0x91,0xFC,0xF1,0x04,0x01,0xFC,0x01,0x04,0x01,0x04,0x01,0xFC,0x00,0x00,
    0x42,0x00,0x24,0x3E,0xFF,0xA2,0x08,0x3E,0x49,0x22,0x49,0x3E,0x49,0x22,0x7F,0x42,0x10,0x42,0x20,0x8E,0xC1,0x00,0x3F,0xF8,
    0x01,0x00,0x01,0x00,0xFF,0xFE,0x00,0x00,0x20,0x00,0x21,0xF8,0x21,0x08,0xA9,0x08,0xA9,0x08,0xA9,0xF8,0xA9,0x08,0xA9,0x08,
    0xA9,0x08,0xA9,0xF8,0xA9,0x08,0xA9,0x08,0xF9,0x08,0x01,0x08,0x07,0xFE,0x00,0x00,0x21,0x10,0x21,0x10,0x27,0xFC,0xF1,0x10,
    0x21,0x10,0x21,0x10,0x2F,0xFE,0x30,0x00,0xE3,0xF8,0x22,0x08,0x22,0x08,0x23,0xF8,0x22,0x08,0x22,0x08,0x63,0xF8,0x00,0x00,
    0x08,0x20,0x10,0x10,0x20,0x08,0x7F,0xFC,0xA9,0x2A,0x25,0x48,0x21,0x08,0x3F,0xF8,0x00,0x00,0x1F,0xF0,0x10,0x10,0x1F,0xF0,
    0x10,0x10,0x10,0x10,0x1F,0xF0,0x00,0x00,0x20,0x20,0x10,0x40,0xFF,0xF8,0x82,0x08,0xFF,0xF8,0x82,0x08,0x82,0x08,0xFF,0xF8,
    0x00,0x00,0x3F,0xE0,0x20,0x20,0x3F,0xE0,0x20,0x20,0x20,0x20,0x3F,0xE0,0x00,0x00,0x10,0x10,0x10,0x10,0xFE,0xFE,0x30,0x38,
    0x58,0x54,0x94,0x92,0x00,0x00,0xFF,0xFE,0x01,0x02,0x11,0x04,0x11,0xF0,0x11,0x00,0x29,0x00,0x47,0x00,0x81,0xFE,0x00,0x00,
    0x08,0x00,0x89,0xF8,0x51,0x08,0x21,0x08,0x61,0x08,0xA1,0xF8,0x11,0x08,0x11,0x08,0x31,0x08,0x51,0xF8,0x91,0x08,0x11,0x08,
    0x11,0x08,0x11,0x08,0x67,0xFE,0x00,0x00,0x00,0x40,0xF8,0x40,0x13,0xFC,0x20,0x80,0x20,0x90,0xA1,0x38,0xA3,0xC4,0xB8,0x00,
    0xA2,0x48,0xA2,0x48,0xA2,0x48,0xA2,0x48,0xBA,0x4A,0xE4,0x4A,0x08,0x4E,0x00,0x00,0x00,0x20,0xFC,0x20,0x0B,0xFE,0x10,0x20,
    0x11,0xFC,0x51,0x24,0x51,0x24,0x5D,0x24,0x51,0xFC,0x50,0x20,0x50,0x70,0x5C,0xA8,0x73,0x26,0xC0,0x20,0x00,0x20,0x00,0x00,
    0x00,0x88,0xF8,0x88,0x23,0xFE,0x21,0xDC,0x22,0xAA,0x40,0x88,0x78,0x00,0x4B,0xFE,0xC8,0x24,0x48,0x20,0x49,0x3C,0x49,0x20,
    0x79,0x20,0x02,0xA0,0x04,0x7E,0x00,0x00,0x20,0x00,0x21,0xF8,0x21,0x08,0xF9,0x08,0x09,0x08,0x11,0xF8,0x11,0x08,0x21,0x08,
    0x61,0x08,0xB1,0xF8,0x29,0x08,0x21,0x08,0x21,0x08,0x21,0x08,0x27,0xFE,0x00,0x00,0x18,0x00,0xE1,0xF8,0x21,0x08,0x21,0x08,
    0xF9,0x08,0x21,0xF8,0x31,0x08,0x71,0x08,0x69,0x08,0xA9,0xF8,0xA1,0x08,0xA1,0x08,0x21,0x08,0x21,0x08,0x27,0xFE,0x00,0x00,
    0x10,0x00,0x10,0xFC,0x94,0x84,0x58,0x84,0x10,0x84,0xFC,0xFC,0x10,0x84,0x30,0x84,0x38,0x84,0x54,0xFC,0x50,0x84,0x90,0x84,
    0x90,0x84,0x10,0x84,0x11,0xFE,0x00,0x00,0x01,0x00,0x7F,0xFC,0x01,0x00,0x3F,0xF8,0x01,0x00,0xFF,0xFE,0x01,0x00,0x12,0x20,
    0x0C,0x48,0x02,0x8C,0x7F,0xF2,0x01,0x00,0x09,0x30,0x11,0x08,0x61,0x04,0x00,0x00,0x10,0x00,0x10,0xFC,0xA4,0x84,0x44,0x84,
    0x28,0x84,0x10,0xFC,0x24,0x84,0xFE,0x84,0x12,0x84,0x10,0xFC,0x54,0x84,0x52,0x84,0x92,0x84,0x90,0x84,0x11,0xFE,0x00,0x00,
    0x08,0x20,0xFF,0xFE,0x08,0x20,0x20,0x0C,0x3C,0x70,0x24,0x10,0x48,0x10,0x7E,0xFE,0xD2,0x38,0x7E,0x38,0x52,0x54,0x7E,0x54,
    0x00,0x92,0x54,0x92,0x94,0x10,0x00,0x00,0x00,0x0C,0x78,0x30,0x01,0xC0,0xFD,0x00,0x01,0x00,0x79,0xFE,0x01,0x10,0x79,0x10,
    0x01,0x10,0x01,0x70,0x79,0x1C,0x49,0x12,0x4A,0x10,0x4A,0x10,0x7A,0x10,0x00,0x00,0x00,0x00,0xF9,0xF8,0x89,0x08,0x91,0x08,
    0x91,0x08,0xA1,0xF8,0x91,0x08,0x91,0x08,0x89,0x08,0x89,0xF8,0x89,0x08,0xB1,0x08,0x81,0x08,0x81,0x08,0x87,0xFE,0x00,0x00,
    0x44,0x40,0x22,0x5E,0x10,0x92,0x07,0xD2,0x01,0x1E,0x01,0x12,0x05,0x52,0xE5,0x5E,0x25,0x52,0x27,0xD2,0x21,0x12,0x22,0x22,
    0x24,0x26,0x58,0x00,0x87,0xFE,0x00,0x00,0x0E,0x00,0x70,0xFC,0x40,0x04,0x7E,0xFC,0x40,0x04,0x7F,0xFC,0x00,0x00,0x29,0x48,
    0x25,0x28,0x21,0x08,0x29,0x48,0x25,0x2A,0x21,0x0A,0x39,0xE6,0xE7,0x02,0x00,0x00,0x12,0x08,0x11,0x10,0x27,0xFE,0x24,0x42,
    0x67,0xFE,0x64,0x42,0xA7,0xFE,0x20,0x00,0x20,0x00,0x23,0xFC,0x22,0x04,0x23,0xFC,0x22,0x04,0x22,0x04,0x23,0xFC,0x00,0x00,
    0x04,0x00,0x0A,0x02,0x11,0x12,0x2E,0x92,0x40,0x52,0xBF,0x92,0x20,0x92,0x3F,0x92,0x20,0x92,0x3F,0x92,0x20,0x12,0x5F,0x82,
    0x50,0x82,0x90,0x82,0x1F,0x8E,0x00,0x00,0x00,0x00,0xFD,0xFC,0x04,0x84,0x04,0x84,0x04,0x84,0x48,0x88,0x28,0x88,0x10,0x48,
    0x08,0x50,0x14,0x30,0x12,0x20,0x22,0x30,0x20,0x48,0x40,0x84,0x83,0x02,0x00,0x00,0x14,0x90,0xFF,0xFE,0x08,0x20,0x7F,0xFC,
    0x01,0x00,0x3F,0xF8,0x01,0x00,0xFF,0xFE,0x22,0x00,0x3E,0xFC,0x22,0x44,0x3E,0x48,0x22,0x30,0xFE,0x28,0x02,0xC6,0x00,0x00,
    0x01,0x00,0x02,0x80,0x0C,0x60,0x37,0xD8,0xC0,0x06,0x1F,0xF8,0x10,0x08,0x1F,0xF8,0x10,0x08,0x1F,0xF8,0x20,0x00,0x2F,0xF8,
    0x48,0x08,0x88,0x08,0x0F,0xF8,0x00,0x00,0x01,0x00,0x01,0x00,0x7F,0xFC,0x01,0x00,0x3D,0x78,0x25,0x48,0x3D,0x78,0x01,0x00,
    0xFF,0xFE,0x11,0x00,0x10,0x88,0x10,0x90,0x10,0x60,0x17,0x30,0x78,0x0E,0x00,0x00,0x10,0x20,0x10,0x20,0x10,0x20,0x90,0x20,
    0x50,0x20,0x13,0xFE,0x10,0x20,0x10,0x20,0x30,0x20,0x50,0x20,0x90,0x20,0x10,0x20,0x10,0x20,0x10,0x20,0x11,0xFC,0x00,0x00,
    0x01,0x00,0x01,0x00,0x7F,0xFC,0x02,0x00,0x3F,0xF8,0x04,0x40,0xFF,0xFE,0x08,0x20,0x10,0x10,0x27,0xC8,0xC1,0x06,0x3F,0xF8,
    0x02,0x80,0x0C,0x60,0x70,0x1C,0x00,0x00,0x01,0x00,0xFF,0xFE,0x01,0x00,0x49,0x24,0x31,0x18,0x31,0x18,0xC9,0x64,0x01,0x00,
    0x49,0x24,0x32,0x98,0x32,0x98,0xCC,0x64,0x08,0x20,0x30,0x18,0xC0,0x06,0x00,0x00,0x01,0x00,0x01,0x00,0xFF,0xFE,0x80,0x02,
    0x81,0x02,0x01,0x00,0xFF,0xFE,0x01,0x00,0x03,0x80,0x05,0x40,0x09,0x20,0x31,0x18,0xC1,0x06,0x01,0x00,0x01,0x00,0x00,0x00,
    0x00,0x00,0x3F,0xFE,0x20,0x02,0x3F,0xFE,0x22,0x08,0x21,0x10,0x2F,0xFE,0x28,0x42,0x2F,0xFE,0x28,0x42,0x2F,0xFE,0x24,0x04,
    0x47,0xFC,0x44,0x04,0x87,0xFC,0x00,0x00,0xFF,0xFE,0x80,0x00,0x81,0x00,0x81,0x00,0x9F,0xF8,0x91,0x08,0x91,0x08,0x91,0x08,
    0x91,0x08,0x91,0x08,0x91,0x38,0x81,0x00,0x81,0x00,0x80,0x00,0xFF,0xFE,0x00,0x00,0x10,0x80,0x50,0x80,0x7D,0xFE,0x91,0x4A,
    0x12,0x4A,0x1C,0x92,0xF1,0x12,0x10,0x22,0x10,0x42,0x10,0x8C,0x02,0x00,0x09,0x00,0x48,0x04,0x48,0x22,0x87,0xE2,0x00,0x00,
    0x10,0x00,0x10,0xFE,0xFE,0x82,0x10,0xFE,0x38,0x82,0x34,0xFE,0x52,0x82,0x90,0x82,0x10,0xFE,0x01,0x00,0x08,0x80,0x48,0x04,
    0x48,0x22,0x88,0x22,0x07,0xE0,0x00,0x00,0x20,0x40,0x20,0x40,0x23,0xFC,0xFA,0x44,0x23,0xFC,0x22,0x44,0x22,0x44,0x3B,0xFC,
    0xE0,0x40,0x23,0xF8,0x21,0x08,0x20,0x90,0x20,0x60,0x21,0x98,0x66,0x06,0x00,0x00,0x20,0x00,0x21,0xFC,0x20,0x04,0xF9,0xFC,
    0x20,0x04,0x21,0xFC,0x20,0x00,0x3B,0xFE,0xE2,0x22,0x20,0x20,0x21,0xFC,0x21,0x24,0x21,0x24,0x21,0x2C,0x60,0x20,0x00,0x00,
    0x20,0x1C,0x21,0xE0,0x20,0x20,0xFB,0xFE,0x20,0x20,0x20,0x20,0x21,0xFE,0x39,0x22,0xE1,0xFE,0x21,0x22,0x21,0xFE,0x20,0x20,
    0x20,0x20,0x20,0x20,0x60,0x20,0x00,0x00,0x20,0x00,0x21,0xFC,0x20,0x84,0xF8,0x48,0x20,0x30,0x20,0xC8,0x23,0x26,0x38,0x20,
    0xE1,0xFC,0x21,0x24,0x21,0x24,0x21,0xFC,0x20,0x24,0x20,0x3C,0x63,0xE2,0x00,0x00,0x20,0x00,0x20,0xF8,0x20,0x88,0xF8,0xF8,
    0x20,0x00,0x23,0xDE,0x22,0x52,0x3B,0xDE,0xE0,0x20,0x20,0x20,0x23,0xFE,0x20,0x70,0x20,0xA8,0x23,0x26,0x60,0x20,0x00,0x00,
    0x00,0x00,0x3F,0xF8,0x20,0x08,0x20,0x08,0x3F,0xF8,0x20,0x08,0x20,0x08,0x3F,0xF8,0x01,0x00,0x01,0x00,0xFF,0xFE,0x01,0x00,
    0x01,0x00,0x01,0x00,0x01,0x00,0x00,0x00,0x04,0x40,0x04,0x40,0xFF,0xFE,0x04,0x40,0x7F,0xFC,0x44,0x44,0x7F,0xFC,0x44,0x44,
    0x7F,0xFC,0x00,0x00,0x3F,0xF8,0x20,0x08,0x3F,0xF8,0x20,0x08,0x3F,0xF8,0x00,0x00,0x22,0x08,0x11,0x10,0x00,0x20,0x3F,0xF8,
    0x21,0x08,0x3F,0xF8,0x21,0x08,0x3F,0xF8,0x01,0x00,0xFF,0xFE,0x05,0x40,0x09,0x20,0x31,0x18,0xC1,0x06,0x01,0x00,0x00,0x00,
    0x20,0x70,0x20,0x88,0x21,0x04,0xFA,0xFA,0x20,0x00,0x21,0xFC,0x71,0x04,0x71,0xFC,0x69,0x04,0xA9,0xFC,0xA2,0x00,0xA3,0xFC,
    0x25,0x04,0x29,0x04,0x21,0xFC,0x00,0x00,0x20,0x50,0x20,0x50,0x23,0xFE,0xF8,0x50,0x23,0xFE,0x22,0x52,0x73,0xFE,0x72,0x52,
    0x6B,0xFE,0xA8,0x00,0xA1,0xFC,0xA1,0x04,0x21,0xFC,0x21,0x04,0x21,0xFC,0x00,0x00,0x40,0x90,0x20,0x90,0x17,0xFE,0x00,0x90,
    0x87,0xFE,0x44,0x92,0x27,0xFE,0x04,0x92,0x07,0xFE,0x20,0x00,0x23,0xFC,0x42,0x04,0x43,0xFC,0x82,0x04,0x83,0xFC,0x00,0x00,
    0x20,0x00,0x20,0xF8,0x24,0x88,0xA8,0xF8,0xB0,0x00,0xA3,0xDE,0xA2,0x52,0x23,0xDE,0x20,0x20,0x23,0xFE,0x50,0x70,0x48,0xA8,
    0x41,0x24,0x82,0x22,0x80,0x20,0x00,0x00,0x08,0x00,0x1F,0xE0,0x20,0x40,0xC0,0x80,0x3F,0xF8,0x01,0x08,0x01,0x08,0xFF,0xFE,
    0x01,0x08,0x01,0x08,0x3F,0xF8,0x01,0x00,0x01,0x00,0x01,0x00,0x07,0x00,0x00,0x00,0x00,0x80,0x00,0x80,0x3F,0xFE,0x20,0x40,
    0xA7,0xFC,0x64,0x44,0x27,0xFC,0x24,0x44,0x67,0xFC,0xA0,0x40,0x27,0xFC,0x21,0x08,0x40,0x90,0x40,0xE0,0x8F,0x1E,0x00,0x00,
    0x20,0x00,0x21,0xFC,0x21,0x04,0xF9,0x04,0x21,0x04,0x21,0xFC,0x71,0x04,0x71,0x04,0x69,0x04,0xA9,0xFC,0xA1,0x04,0xA1,0x04,
    0x21,0x04,0x21,0x04,0x21,0xFC,0x00,0x00,0x01,0x00,0x01,0x00,0xFF,0xFE,0x84,0x82,0x88,0x8A,0x10,0x78,0x62,0x00,0x04,0x10,
    0x08,0x38,0x7F,0xC4,0x01,0x04,0x08,0x80,0x48,0x04,0x48,0x22,0x87,0xE2,0x00,0x00,0x20,0x50,0x20,0x50,0xAB,0xFE,0xB0,0x50,
    0x23,0xFE,0xFA,0x52,0x23,0xFE,0x22,0x52,0x73,0xFE,0x68,0x00,0xA1,0xFC,0xA1,0x04,0x21,0xFC,0x21,0x04,0x21,0xFC,0x00,0x00,
    0x20,0x10,0x21,0x10,0x49,0x08,0x8A,0x08,0x52,0x44,0x24,0x42,0x20,0x90,0x48,0x88,0xFB,0xF4,0x20,0x20,0xA8,0x90,0xAA,0x84,
    0xA2,0x82,0x24,0x8A,0x20,0x78,0x00,0x00,0x20,0x20,0x20,0x20,0x4B,0xFE,0x8A,0x02,0x52,0x02,0x21,0xFC,0x20,0x00,0x48,0x00,
    0xFB,0xFE,0x20,0x20,0xA9,0x24,0xA9,0x22,0xA1,0x22,0x22,0x22,0x20,0x60,0x00,0x00,0x00,0x08,0xFC,0x88,0x48,0x88,0x49,0x04,
    0x49,0x24,0x7A,0x42,0x48,0x88,0x49,0xFC,0x78,0x04,0x48,0x20,0x48,0x90,0x7A,0x84,0xCA,0x82,0x0A,0x8A,0x08,0x78,0x00,0x00,
    0x08,0x20,0xFF,0xFE,0x08,0x20,0x00,0x00,0x1F,0xF0,0x10,0x10,0x1F,0xF0,0x10,0x10,0x1F,0xF0,0x01,0x00,0x01,0x00,0xFF,0xFE,
    0x01,0x00,0x01,0x00,0x01,0x00,0x00,0x00,0x08,0x20,0xFF,0xFE,0x08,0x20,0x00,0x00,0x10,0x20,0x90,0x20,0x50,0x20,0x13,0xFE,
    0x10,0x20,0x10,0x20,0x30,0x20,0x50,0x20,0x90,0x20,0x10,0x20,0x11,0xFC,0x00,0x00,0x08,0x20,0xFF,0xFE,0x08,0x20,0x00,0x00,
    0x7F,0xFC,0x08,0x40,0x1E,0x4C,0x62,0x70,0x14,0x44,0x78,0x3C,0x08,0x20,0xFF,0xFE,0x08,0x20,0x10,0x20,0x60,0x20,0x00,0x00,
    0x08,0x20,0xFF,0xFE,0x08,0x20,0x03,0x80,0x0C,0x60,0x30,0x18,0xC7,0xC6,0x00,0x00,0x1F,0xF0,0x10,0x10,0x1F,0xF0,0x20,0x00,
    0x2F,0xF8,0x48,0x08,0x8F,0xF8,0x00,0x00,0x08,0x20,0xFF,0xFE,0x08,0x20,0x01,0xF0,0x41,0x10,0x21,0xF0,0x00,0x00,0x87,0xBC,
    0x44,0xA4,0x07,0xBC,0x20,0x40,0x4F,0xFE,0x41,0x50,0x82,0x48,0x8C,0x46,0x00,0x00,0x08,0x20,0x48,0x20,0x2B,0xFE,0x08,0x20,
    0x38,0x20,0xC9,0xFC,0x08,0x00,0x01,0x00,0xFF,0xFE,0x05,0x00,0x08,0x88,0x38,0x50,0xC8,0x20,0x0F,0x98,0x78,0x06,0x00,0x00,
    0x01,0x00,0x01,0x00,0x7F,0xFC,0x01,0x00,0x01,0x00,0x01,0x00,0xFF,0xFE,0x01,0x00,0x01,0x00,0x11,0x00,0x11,0xF8,0x11,0x00,
    0x29,0x00,0x47,0x00,0x81,0xFE,0x00,0x00,0x42,0x08,0x21,0x08,0x11,0x10,0x00,0x20,0x03,0xF8,0x00,0x40,0x00,0x40,0xE7,0xFC,
    0x20,0x40,0x20,0xA0,0x20,0x90,0x21,0x08,0x26,0x04,0x58,0x00,0x87,0xFE,0x00,0x00,0x40,0x90,0x27,0xFE,0x10,0x90,0x07,0xFE,
    0x04,0x92,0x07,0xFE,0x04,0x92,0xE7,0xFE,0x22,0x04,0x23,0xFC,0x22,0x04,0x23,0xFC,0x20,0x00,0x58,0x00,0x87,0xFE,0x00,0x00,
    0x30,0x60,0x48,0x90,0x81,0x08,0x06,0xF6,0xF8,0x00,0x21,0xFC,0x21,0x04,0xF9,0xFC,0x21,0x04,0x21,0xFC,0xA9,0x00,0x69,0xFC,
    0x22,0x84,0x32,0x84,0xC4,0xFC,0x00,0x00,0x00,0x00,0x3F,0xF8,0x01,0x00,0xFF,0xFE,0x81,0x02,0xBD,0x7A,0x01,0x00,0x10,0x00,
    0xFE,0xFE,0x10,0x82,0x38,0xFE,0x34,0x82,0x52,0xFE,0x90,0x82,0x10,0xFE,0x00,0x00,0x00,0x00,0x7D,0xFC,0x50,0x84,0x50,0x48,
    0x7C,0x30,0x50,0x48,0x7D,0xA6,0x50,0x20,0x51,0xFC,0x7D,0x24,0x05,0x24,0xA5,0xFC,0xA4,0x24,0x84,0x3E,0x19,0xE2,0x00,0x00,
    0x10,0x80,0x10,0xF8,0x21,0x90,0x22,0x20,0x67,0xFE,0x62,0x22,0xA2,0x22,0x23,0xFE,0x20,0xE2,0x27,0x34,0x20,0xD8,0x27,0x38,
    0x20,0xD4,0x27,0x12,0x20,0x60,0x00,0x00,0x21,0x04,0x20,0x88,0x23,0xFE,0x22,0x22,0xFB,0xFE,0x22,0x22,0x23,0xFE,0x20,0x00,
    0x20,0x00,0x21,0xFC,0x39,0x04,0xE1,0xFC,0x01,0x04,0x01,0x04,0x01,0xFC,0x00,0x00,0x21,0x04,0x20,0x88,0x23,0xFE,0xB2,0x22,
    0xAB,0xFE,0xAA,0x22,0xA3,0xFE,0x20,0x00,0x20,0x00,0x21,0xFC,0x21,0x04,0x21,0xFC,0x21,0x04,0x21,0x04,0x21,0xFC,0x00,0x00,
    0x00,0x90,0x7B,0xFE,0x48,0x94,0x48,0x12,0x4B,0xFE,0x7A,0x10,0x4B,0xD2,0x4A,0x92,0x4B,0xD4,0x7A,0x4C,0x4B,0xC8,0x4A,0x98,
    0x4B,0xDA,0x8A,0x26,0x9C,0x42,0x00,0x00,0x08,0x20,0xFF,0xFE,0x08,0x28,0x00,0x24,0x7F,0xFE,0x40,0x20,0x5F,0xA0,0x52,0x24,
    0x5F,0x94,0x50,0x94,0x5F,0x98,0x52,0x0A,0x9F,0x9A,0x80,0x26,0x80,0xC2,0x00,0x00,0x01,0x04,0x78,0x88,0x4B,0xFE,0x4A,0x22,
    0x7B,0xFE,0x4A,0x22,0x4B,0xFE,0x78,0x00,0x48,0x00,0x49,0xFC,0x49,0x04,0x79,0xFC,0x01,0x04,0x49,0x04,0x85,0xFC,0x00,0x00,
    0x42,0x40,0x22,0x40,0x17,0xFC,0x04,0x40,0x08,0x40,0x0F,0xFE,0x00,0x00,0xE0,0x00,0x23,0xF8,0x22,0x08,0x22,0x08,0x23,0xF8,
    0x20,0x00,0x58,0x00,0x87,0xFE,0x00,0x00,0x10,0x00,0x13,0xFC,0x12,0x04,0x22,0x04,0x22,0x04,0x62,0x04,0x63,0xFC,0xA0,0x40,
    0xA0,0x40,0x22,0x7C,0x22,0x40,0x22,0x40,0x25,0x40,0x24,0xC0,0x28,0x3E,0x00,0x00,0x10,0x02,0x17,0x92,0x24,0x92,0x24,0x92,
    0x67,0x92,0x64,0x92,0xA4,0x92,0x27,0x92,0x24,0x92,0x24,0x92,0x24,0x92,0x27,0x82,0x20,0x02,0x24,0x82,0x28,0x4E,0x00,0x00,
    0x00,0x02,0x7E,0x22,0x42,0x22,0x42,0x22,0x7E,0x22,0x42,0x22,0x42,0x22,0x7E,0x22,0x42,0x22,0x42,0x22,0x7E,0x22,0x00,0x02,
    0x24,0x02,0x42,0x02,0x81,0x0E,0x00,0x00,0x00,0x00,0x7E,0x7E,0x42,0x42,0x42,0x42,0x7E,0x42,0x42,0x42,0x42,0x42,0x42,0x42,
    0x7E,0x42,0x40,0x42,0x48,0x42,0x44,0x42,0x44,0x4E,0x5A,0x40,0xE2,0x40,0x00,0x00,0x01,0x00,0x02,0x00,0x1F,0xF0,0x10,0x10,
    0x1F,0xF0,0x10,0x10,0x1F,0xF0,0x10,0x10,0x10,0x10,0x1F,0xF0,0x01,0x00,0x08,0x84,0x48,0x22,0x48,0x22,0x87,0xE0,0x00,0x00,
    0x20,0x00,0x21,0xFC,0x21,0x04,0xF9,0x04,0x21,0x04,0x21,0x04,0x21,0xFC,0x38,0x20,0xE0,0x20,0x21,0x3C,0x21,0x20,0x21,0x20,
    0x22,0xA0,0x22,0x60,0x64,0x1E,0x00,0x00,0x01,0x00,0x01,0x00,0xFF,0xFE,0x01,0x00,0x3F,0xF8,0x21,0x08,0x21,0x08,0x21,0x08,
    0x3F,0xF8,0x03,0x80,0x05,0x40,0x09,0x20,0x31,0x18,0xC1,0x06,0x01,0x00,0x00,0x00,0x40,0x02,0x27,0x92,0x14,0x92,0x04,0x92,
    0x87,0x92,0x44,0x92,0x24,0x92,0x07,0x92,0x04,0x92,0x24,0x92,0x24,0x92,0x47,0x82,0x40,0x02,0x84,0x82,0x88,0x4E,0x00,0x00,
    0x1F,0xF8,0x10,0x08,0x10,0x08,0x10,0x08,0x10,0x08,0x1F,0xF8,0x01,0x00,0x01,0x00,0x11,0x00,0x11,0xF8,0x11,0x00,0x29,0x00,
    0x25,0x00,0x43,0x00,0x80,0xFE,0x00,0x00,0x40,0x40,0x20,0x40,0x17,0xFC,0x00,0x40,0x07,0xFC,0x04,0x44,0x04,0x44,0xE7,0xFC,
    0x20,0xE0,0x21,0x50,0x22,0x48,0x24,0x44,0x20,0x40,0x58,0x00,0x87,0xFE,0x00,0x00,0x11,0x10,0x12,0x08,0x24,0x04,0x20,0x40,
    0x60,0xA0,0x61,0x10,0xA2,0x08,0x2C,0x06,0x23,0xF8,0x22,0x08,0x22,0x08,0x22,0x08,0x22,0x08,0x22,0x08,0x23,0xF8,0x00,0x00,
    0x3F,0xFE,0x20,0x02,0x3F,0xFE,0x20,0x30,0x27,0xC0,0x20,0x40,0x27,0xFC,0x24,0x44,0x27,0xFC,0x20,0x40,0x2F,0xFE,0x28,0x52,
    0x48,0x7A,0x4B,0xCA,0x88,0x06,0x00,0x00,0x00,0x24,0x78,0x22,0x48,0x20,0x4B,0xFE,0x78,0x20,0x49,0x24,0x49,0x24,0x79,0x24,
    0x4B,0xA8,0x49,0x18,0x49,0x10,0x79,0x12,0x01,0x2A,0x48,0x46,0x85,0x82,0x00,0x00,0x41,0x00,0x41,0x00,0x43,0xFE,0xFA,0x00,
    0x44,0x80,0x40,0x80,0x79,0xFC,0x49,0x20,0x4A,0x20,0x4B,0xFE,0x48,0x50,0x48,0x50,0x88,0x88,0x89,0x04,0xB2,0x02,0x00,0x00,
    0x20,0x20,0x20,0x20,0x4B,0xFE,0x88,0x20,0x50,0x20,0x21,0xFC,0x20,0x00,0x4B,0xFE,0xFA,0x02,0x22,0x92,0xA8,0x90,0xA8,0x90,
    0xA0,0x92,0x21,0x12,0x26,0x1E,0x00,0x00,0x01,0x00,0x01,0x00,0x7F,0xFC,0x00,0x00,0x08,0x10,0x08,0x10,0x14,0x28,0x22,0x44,
    0x40,0x80,0x01,0x00,0xFF,0xFE,0x01,0x00,0x01,0x00,0x01,0x00,0x01,0x00,0x00,0x00,0x20,0x20,0x20,0x20,0x20,0x20,0xF9,0xFE,
    0x09,0x22,0x11,0x22,0x11,0x22,0x21,0x22,0x69,0xFE,0xB1,0x22,0x29,0x22,0x21,0x22,0x21,0x22,0x21,0x22,0x21,0xFE,0x00,0x00,
    0x08,0x20,0x08,0x20,0x7F,0xFC,0x08,0x20,0x08,0x20,0x0F,0xE0,0x08,0x20,0x0F,0xE0,0x08,0x20,0x08,0x20,0xFF,0xFE,0x00,0x00,
    0x04,0x60,0x18,0x18,0x60,0x04,0x00,0x00,0x21,0x08,0x20,0x90,0x27,0xFE,0xF0,0x00,0x20,0x00,0x27,0x82,0x24,0x92,0x34,0x92,
    0xE7,0x92,0x24,0x92,0x24,0x92,0x27,0x92,0x24,0x92,0x24,0x82,0x65,0x8E,0x00,0x00,0x04,0x00,0x04,0x00,0xFF,0xFE,0x08,0x00,
    0x08,0x00,0x11,0xFC,0x10,0x08,0x30,0x10,0x50,0x20,0x93,0xFE,0x10,0x20,0x10,0x20,0x10,0x20,0x10,0x20,0x10,0xE0,0x00,0x00,
    0x00,0x18,0xFE,0xE0,0x04,0x20,0x08,0x48,0x11,0x48,0x10,0x90,0x14,0x64,0x18,0x44,0x33,0xFE,0xD0,0x22,0x10,0xA8,0x10,0xA4,
    0x11,0x22,0x12,0x22,0x70,0x20,0x00,0x00,0x08,0x20,0xFF,0xFE,0x04,0x80,0x3F,0xF8,0x24,0x88,0x28,0xF8,0x20,0x08,0x3F,0xF8,
    0x20,0x08,0x3F,0xF8,0x00,0x20,0xFF,0xFE,0x10,0x20,0x08,0x20,0x00,0xE0,0x00,0x00,0x20,0x00,0x20,0xFC,0x20,0x84,0xF8,0xFC,
    0x20,0x00,0x21,0xFE,0x21,0x02,0x39,0xFE,0xE1,0x02,0x21,0xFE,0x21,0x02,0x21,0xFE,0x20,0x00,0x20,0x8C,0x63,0x02,0x00,0x00,
    0x20,0x08,0x20,0x08,0x20,0x08,0xFB,0xFE,0x20,0x08,0x20,0x08,0x70,0x08,0x71,0x08,0x68,0x88,0xA8,0x48,0xA0,0x08,0xA0,0x08,
    0x20,0x08,0x20,0x08,0x20,0x38,0x00,0x00,0x40,0x04,0x27,0x78,0x11,0x10,0x01,0x10,0x02,0x64,0x02,0x28,0x02,0x10,0xE3,0x24,
    0x2E,0xFA,0x22,0x10,0x22,0x54,0x22,0x92,0x26,0x10,0x58,0x00,0x87,0xFE,0x00,0x00,0x10,0x40,0x10,0x40,0x22,0x40,0x22,0x4C,
    0x62,0x74,0x63,0xC4,0xAE,0x44,0x22,0x44,0x22,0x44,0x22,0x5C,0x22,0x40,0x22,0x40,0x22,0x02,0x22,0x02,0x21,0xFE,0x00,0x00,
    0x04,0x00,0x0F,0xC0,0x10,0x40,0x30,0x80,0xC9,0x00,0x06,0x20,0x1C,0x40,0xE0,0xFC,0x01,0x04,0x06,0x08,0x39,0x10,0x00,0xA0,
    0x00,0xC0,0x07,0x00,0xF8,0x00,0x00,0x00,0x01,0x00,0x01,0x00,0x01,0x00,0xFF,0xFE,0x01,0x00,0x01,0x00,0x02,0x80,0x02,0x80,
    0x04,0x40,0x04,0x40,0x08,0x20,0x12,0x10,0x21,0x08,0x40,0x84,0x80,0x02,0x00,0x00,0x40,0x40,0x20,0x40,0x00,0x40,0x0F,0xFE,
    0x80,0x40,0x40,0x40,0x00,0xA0,0x00,0xA0,0x00,0xA0,0x21,0x10,0x21,0x10,0x42,0x08,0x42,0x88,0x84,0x44,0x88,0x02,0x00,0x00,
    0x00,0x20,0x78,0x20,0x00,0x20,0xFD,0xFE,0x01,0x02,0x79,0x02,0x00,0x80,0x78,0x84,0x00,0x98,0x00,0xE0,0x78,0x80,0x48,0x80,
    0x48,0x82,0x48,0x82,0x78,0x7E,0x00,0x00,0x00,0x18,0x07,0xE0,0xF0,0x40,0x90,0x40,0x97,0xFC,0x92,0x48,0x92,0x48,0x9F,0xFE,
    0x92,0x48,0x92,0x48,0xF2,0x48,0x07,0xFC,0x00,0x40,0x00,0x40,0x0F,0xFE,0x00,0x00,0x00,0x40,0xFB,0xFE,0x88,0x80,0x90,0xFC,
    0xA1,0x84,0x92,0xFC,0x88,0x84,0x88,0xFC,0xB0,0x84,0x80,0x8C,0x01,0x00,0x7F,0xFC,0x01,0x00,0x01,0x00,0xFF,0xFE,0x00,0x00,
    0x00,0x3C,0x7F,0xC0,0x00,0x02,0x21,0x04,0x10,0x88,0x10,0x90,0x04,0x00,0xFF,0xFE,0x08,0x20,0x10,0x20,0x28,0x40,0x06,0x80,
    0x01,0xC0,0x0E,0x30,0xF0,0x0C,0x00,0x00,0x20,0x40,0x27,0xFE,0x20,0x80,0xB1,0xFC,0xAA,0x20,0xAD,0xFE,0xA0,0x00,0x21,0xFC,
    0x21,0x04,0x21,0xFC,0x21,0x04,0x21,0xFC,0x21,0x04,0x21,0x04,0x21,0x1C,0x00,0x00,0x20,0x00,0x20,0x00,0x23,0xFE,0xF8,0x10,
    0x20,0x10,0x20,0x10,0x20,0x10,0x38,0x10,0xE0,0x10,0x20,0x10,0x20,0x10,0x20,0x10,0x20,0x10,0x20,0x10,0x60,0x70,0x00,0x00,
    0x20,0x20,0x20,0x20,0x20,0x20,0xFB,0xFE,0x22,0x02,0x22,0x02,0x70,0x80,0x70,0x84,0x68,0x98,0xA8,0xE0,0xA0,0x80,0xA0,0x80,
    0x20,0x82,0x20,0x82,0x20,0x7E,0x00,0x00,0x10,0x10,0x20,0x10,0x7C,0x10,0x44,0xFE,0x54,0x82,0x54,0x82,0x44,0x40,0x4E,0x44,
    0xF4,0x48,0x54,0x70,0x54,0x40,0x54,0x40,0x44,0x42,0x84,0x42,0x8C,0x3E,0x00,0x00,0x20,0x40,0x23,0xFE,0x20,0x80,0xF9,0x7C,
    0x22,0x10,0x21,0xFE,0x70,0x00,0x71,0xFC,0x69,0x04,0xA9,0xFC,0xA1,0x04,0xA1,0xFC,0x21,0x04,0x21,0x04,0x21,0x1C,0x00,0x00,
    0x00,0x40,0xF8,0x40,0x8B,0xFC,0x92,0x04,0x92,0x04,0xA0,0x80,0x90,0x80,0x90,0x98,0x88,0xE0,0x88,0x80,0x88,0x80,0xB0,0x80,
    0x80,0x84,0x80,0x84,0x80,0x7C,0x00,0x00,0x00,0x20,0x7C,0x20,0x50,0x20,0x50,0x20,0x7D,0xFC,0x50,0x20,0x7C,0x20,0x50,0x50,
    0x50,0x50,0x7C,0x50,0x04,0x88,0xA4,0x88,0xA5,0x44,0x85,0x24,0x1A,0x02,0x00,0x00,0x02,0x44,0x7D,0x24,0x50,0x08,0x7D,0xFC,
    0x51,0x24,0x7D,0x24,0x51,0xFC,0x51,0x24,0x7D,0x24,0x05,0xFC,0xA4,0x20,0xA4,0x20,0x87,0xFE,0x04,0x20,0x18,0x20,0x00,0x00,
    0x10,0x40,0x10,0x40,0x20,0x40,0x2F,0xFE,0x60,0x40,0x60,0xE0,0xA0,0xE0,0x21,0x50,0x21,0x50,0x22,0x48,0x24,0x44,0x2B,0xFA,
    0x20,0x40,0x20,0x40,0x20,0x40,0x00,0x00,0x20,0x88,0x20,0x88,0x21,0x10,0x21,0xFE,0xFB,0x10,0x23,0x10,0x25,0x10,0x21,0xFC,
    0x21,0x10,0x21,0x10,0x39,0xFC,0xE1,0x10,0x01,0x10,0x01,0x10,0x01,0xFE,0x00,0x00,0x10,0x08,0x10,0x08,0x10,0x08,0xFE,0x08,
    0x09,0xFE,0x08,0x08,0x88,0x08,0x50,0x88,0x30,0x48,0x10,0x28,0x28,0x08,0x24,0x08,0x44,0x08,0x80,0x08,0x00,0x38,0x00,0x00,
    0x00,0x04,0xFF,0x84,0x08,0x04,0x10,0x04,0x7F,0x7E,0x55,0x04,0x55,0x04,0x55,0x24,0x55,0x14,0x55,0x14,0x55,0x04,0x55,0x04,
    0x55,0x04,0x55,0x04,0x43,0x1C,0x00,0x00,0x08,0x48,0x10,0x44,0x20,0x7E,0x67,0xC0,0xA0,0x20,0x20,0x20,0x20,0x12,0x20,0x0A,
    0x20,0x06,0x01,0x00,0x01,0x00,0x41,0x04,0x41,0x04,0x41,0x04,0x7F,0xFC,0x00,0x00,0x11,0x10,0x11,0x10,0xFF,0xFE,0x11,0x10,
    0x1F,0xF0,0x00,0x00,0xFF,0xFE,0x81,0x02,0x81,0x02,0x9F,0xF2,0x11,0x10,0x11,0x10,0x11,0x10,0x11,0x30,0x01,0x00,0x00,0x00,
    0x10,0x40,0x10,0x40,0x23,0xFC,0x40,0x40,0x90,0x40,0x17,0xFE,0x20,0x10,0x20,0x10,0x67,0xFE,0xA0,0x10,0x22,0x10,0x21,0x10,
    0x20,0x90,0x20,0x10,0x20,0x70,0x00,0x00,0x04,0x20,0x08,0x10,0x10,0xF8,0xFF,0x04,0x00,0x04,0x3F,0xF0,0x20,0x10,0x20,0x10,
    0x3F,0xF0,0x00,0x00,0x01,0x00,0x08,0x84,0x48,0x22,0x48,0x22,0x87,0xE0,0x00,0x00,0x10,0x40,0x22,0x46,0xFF,0x78,0x01,0x42,
    0x7E,0x3E,0x42,0x00,0x7E,0x40,0x42,0x46,0x7E,0x78,0x42,0x42,0x46,0x3E,0x01,0x00,0x48,0x84,0x48,0x12,0x87,0xF2,0x00,0x00,
    0x08,0x28,0x7F,0x24,0x08,0x20,0xFF,0xFE,0x49,0x20,0x7F,0x24,0x49,0x24,0x49,0x24,0x7F,0x28,0x22,0x28,0x7F,0x10,0x22,0x12,
    0xFF,0xAA,0x22,0x46,0xC1,0x82,0x00,0x00,0x10,0x10,0xFE,0xFE,0x10,0x10,0xFE,0xFE,0x10,0x10,0x28,0x28,0x44,0x44,0x80,0x82,
    0x3F,0xF8,0x20,0x08,0x20,0x08,0x3F,0xF8,0x20,0x08,0x20,0x08,0x3F,0xF8,0x00,0x00,0x02,0x00,0x7F,0xFC,0x04,0x00,0x3F,0xF8,
    0x08,0x20,0xFF,0xFE,0x10,0x10,0x21,0x08,0x49,0x24,0x85,0x42,0x01,0x00,0x05,0x60,0x19,0x18,0x61,0x04,0x03,0x00,0x00,0x00,
    0x42,0x48,0x22,0x48,0x1F,0xFE,0x02,0x48,0x83,0xF8,0x40,0x00,0x2F,0xFE,0x08,0x42,0x08,0x42,0x23,0xF8,0x22,0x48,0x42,0x48,
    0x42,0x58,0x80,0x40,0x80,0x40,0x00,0x00,0x00,0x40,0x78,0x40,0x48,0x88,0x48,0x84,0x49,0x1C,0x7B,0xE2,0x48,0x02,0x48,0x00,
    0x49,0xFC,0x79,0x04,0x49,0x04,0x49,0x04,0x49,0x04,0x89,0x04,0x99,0xFC,0x00,0x00,0x00,0x00,0x7A,0x7C,0x49,0x44,0x49,0x44,
    0x48,0x7C,0x78,0x44,0x48,0x44,0x48,0x7C,0x4B,0x50,0x79,0x4A,0x49,0x5C,0x49,0xE4,0x49,0x02,0x8A,0xC0,0x9C,0x3E,0x00,0x00,
    0x08,0x20,0xFF,0xFE,0x08,0x20,0x02,0x08,0x04,0x04,0x08,0x7C,0xFF,0x82,0x00,0x02,0x00,0x00,0x3F,0xF8,0x20,0x08,0x20,0x08,
    0x20,0x08,0x20,0x08,0x3F,0xF8,0x00,0x00,0x10,0x90,0x10,0x88,0x20,0xFC,0x67,0x40,0xA0,0x40,0x20,0x32,0x21,0x0E,0x01,0x00,
    0xFF,0xFE,0x03,0x00,0x0C,0x88,0x38,0x50,0xC8,0x20,0x0B,0x98,0x3C,0x06,0x00,0x00,0x08,0x48,0x10,0x44,0x30,0x7E,0xD7,0xC0,
    0x10,0x20,0x10,0x1A,0x1F,0xF6,0x10,0x10,0x1F,0xF0,0x10,0x10,0x1F,0xF0,0x10,0x10,0x1F,0xF0,0x08,0x20,0x70,0x1C,0x00,0x00,
    0x40,0x00,0x23,0xFC,0x12,0x04,0x02,0x04,0x03,0xFC,0x02,0x04,0x02,0x04,0xE3,0xFC,0x22,0x44,0x22,0x48,0x22,0x30,0x23,0xC8,
    0x26,0x06,0x58,0x00,0x87,0xFE,0x00,0x00,0x40,0x20,0x20,0x20,0x13,0xFC,0x00,0x24,0x07,0xFE,0x00,0x24,0x03,0xFC,0xE2,0x22,
    0x21,0x24,0x20,0x38,0x21,0xA4,0x26,0x22,0x20,0x60,0x58,0x00,0x87,0xFE,0x00,0x00,0x01,0x08,0xF8,0x88,0x88,0x90,0x93,0xFE,
    0x90,0x40,0xA0,0xC0,0x93,0x22,0x90,0x64,0x88,0xA8,0x8B,0x30,0x88,0x68,0xB0,0xA4,0x87,0x22,0x80,0x20,0x80,0xC0,0x00,0x00,
    0x08,0x88,0x10,0x84,0x30,0x7E,0xD7,0xC0,0x10,0x32,0x00,0x0E,0x3F,0xF8,0x21,0x08,0x3F,0xF8,0x21,0x08,0x7F,0xFC,0x01,0x00,
    0xFF,0xFE,0x44,0x44,0x82,0x22,0x00,0x00,0x20,0x00,0x39,0xFE,0x49,0x02,0x51,0x22,0xFD,0x7A,0x55,0x22,0x55,0xFE,0x7D,0x02,
    0x55,0x7A,0x55,0x4A,0x7D,0x4A,0x01,0x7A,0x55,0x02,0x56,0x02,0x82,0x0E,0x00,0x00,0x10,0x80,0x10,0x90,0x20,0x88,0x20,0x80,
    0x60,0xFE,0x6F,0x80,0xA0,0x80,0x20,0x40,0x20,0x40,0x20,0x40,0x20,0x20,0x20,0x20,0x20,0x12,0x20,0x0A,0x20,0x06,0x00,0x00,
    0x04,0x00,0x04,0x00,0x08,0x10,0x08,0x08,0x10,0xFC,0xFF,0x02,0x00,0x02,0x00,0x00,0x3F,0xF8,0x20,0x08,0x20,0x08,0x20,0x08,
    0x20,0x08,0x20,0x08,0x3F,0xF8,0x00,0x00,0x01,0x00,0x01,0x00,0x01,0x00,0x01,0x00,0xFF,0xFE,0x01,0x00,0x02,0x80,0x02,0x80,
    0x04,0x40,0x04,0x40,0x08,0x20,0x10,0x10,0x20,0x08,0x40,0x04,0x80,0x02,0x00,0x00,0x20,0x40,0x3E,0x7E,0x48,0x90,0x85,0x08,
    0x7F,0xFC,0x01,0x04,0x01,0x04,0x7F,0xFC,0x41,0x00,0xFF,0xFE,0x85,0x02,0x09,0x02,0x31,0x02,0xC1,0x1C,0x01,0x00,0x00,0x00,
    0x00,0x00,0xF9,0xFC,0x21,0x04,0x21,0xFC,0xF9,0x04,0xA9,0xFC,0xA8,0x00,0xA8,0x00,0xDB,0xFE,0x88,0x20,0x89,0x20,0xF9,0x3C,
    0x89,0x20,0x8A,0xA0,0xFC,0x7E,0x00,0x00,0x00,0x00,0x7C,0xFC,0x44,0x20,0x7C,0xFC,0x44,0x84,0x7C,0xFC,0x00,0x84,0x00,0xFC,
    0xFE,0x84,0x10,0xFC,0x50,0x00,0x5C,0x4C,0x51,0x82,0xB0,0x00,0x8F,0xFE,0x00,0x00,0x01,0x00,0x01,0x00,0x7F,0xFE,0x44,0x90,
    0x49,0xFC,0x5B,0x10,0x69,0xF8,0x49,0x10,0x4F,0xFC,0x48,0x08,0x4F,0xF8,0x48,0x08,0x8F,0xFE,0x8A,0xA2,0x90,0x0C,0x00,0x00,
    0x40,0x80,0x20,0x80,0x0F,0xFC,0x02,0x10,0x81,0x20,0x5F,0xFE,0x20,0x00,0x07,0xF8,0x04,0x88,0x27,0xF8,0x24,0x88,0x47,0xF8,
    0x40,0x82,0x80,0x82,0x80,0x7E,0x00,0x00,0x42,0x10,0x22,0x1E,0x1F,0xD0,0x08,0x9E,0x85,0x02,0x5F,0xDE,0x00,0x10,0x0F,0x9E,
    0x08,0x90,0x2F,0x9E,0x28,0x90,0x4F,0x9E,0x48,0x90,0x88,0x92,0x89,0x9E,0x00,0x00,0x01,0x00,0x01,0x00,0x01,0xFC,0x01,0x00,
    0x3F,0xF8,0x20,0x08,0x3F,0xF8,0x20,0x08,0x3F,0xF8,0x01,0x00,0x01,0x00,0xFF,0xFE,0x01,0x00,0x01,0x00,0x01,0x00,0x00,0x00,
    0x00,0x00,0x07,0xFE,0xF0,0x80,0x91,0x80,0x92,0x44,0x94,0x48,0x90,0xB0,0x91,0x20,0x96,0x20,0x90,0x70,0xF0,0xA8,0x03,0x24,
    0x0C,0x22,0x00,0x20,0x01,0xC0,0x00,0x00,0x01,0x00,0x01,0x00,0xFF,0xFE,0x80,0x02,0x80,0x32,0x03,0xC0,0x3E,0x00,0x02,0x00,
    0x02,0x3E,0xFF,0xC0,0x02,0x00,0x02,0x00,0x02,0x02,0x02,0x02,0x01,0xFE,0x00,0x00,0x20,0x00,0x20,0x1C,0x23,0xE0,0xF8,0x40,
    0x20,0x40,0x20,0x40,0x20,0x40,0x38,0x7E,0xE3,0xC0,0x20,0x40,0x20,0x40,0x20,0x40,0x20,0x42,0x20,0x42,0x60,0x3E,0x00,0x00,
    0x20,0x00,0x21,0xFE,0x21,0x02,0xF9,0x02,0x21,0x02,0x21,0x02,0x21,0xFE,0x39,0x10,0xE1,0x10,0x21,0x08,0x21,0x08,0x21,0x08,
    0x22,0x04,0x22,0x04,0x64,0x02,0x00,0x00,0x20,0x00,0x27,0xFE,0x20,0x80,0xF8,0x80,0x20,0x80,0x21,0x00,0x21,0xFC,0x3B,0x04,
    0xE3,0x04,0x25,0x04,0x21,0x04,0x21,0x04,0x21,0x04,0x21,0x04,0x61,0xFC,0x00,0x00,0x40,0x00,0x23,0xFC,0x12,0x04,0x02,0x04,
    0x82,0x04,0x42,0x04,0x23,0xFC,0x02,0x20,0x02,0x20,0x22,0x10,0x22,0x10,0x44,0x08,0x44,0x08,0x88,0x04,0x90,0x02,0x00,0x00,
    0x40,0x00,0x27,0x9E,0x10,0x82,0x07,0x9E,0x80,0x82,0x47,0x9E,0x21,0x10,0x02,0x20,0x07,0xFE,0x2A,0x20,0x23,0xFC,0x42,0x20,
    0x43,0xFC,0x82,0x20,0x83,0xFE,0x00,0x00,0x00,0x00,0xFB,0xFE,0x20,0x40,0x20,0x80,0x23,0x42,0x20,0x64,0xF8,0xA8,0x21,0x30,
    0x26,0x30,0x20,0x68,0x20,0xA8,0x39,0x24,0xE6,0x22,0x00,0x20,0x00,0xC0,0x00,0x00,0x00,0x0C,0x78,0x30,0x01,0xC0,0xFC,0x40,
    0x00,0x40,0x78,0x40,0x00,0x7E,0x7B,0xC0,0x00,0x40,0x00,0x40,0x78,0x40,0x48,0x40,0x48,0x42,0x48,0x42,0x78,0x3E,0x00,0x00,
    0x30,0x00,0x49,0xFC,0x81,0x54,0x01,0x54,0xF9,0xFC,0x20,0x20,0x21,0xFC,0xF8,0x20,0x23,0xFE,0x20,0x88,0xAB,0xFE,0x68,0x20,
    0x21,0xFC,0x30,0x20,0xC0,0x20,0x00,0x00,0x40,0x00,0x27,0xFE,0x14,0x92,0x04,0x92,0x87,0xFE,0x42,0x00,0x27,0xFE,0x04,0x42,
    0x0B,0xFA,0x22,0x4A,0x23,0xFA,0x40,0x42,0x40,0x52,0x87,0xEA,0x80,0x0C,0x00,0x00,0x00,0x88,0x78,0x88,0x03,0xFE,0xFC,0x88,
    0x00,0x20,0x78,0x20,0x03,0xFE,0x78,0x40,0x00,0x80,0x00,0x80,0x79,0xFC,0x4A,0x84,0x48,0x84,0x48,0x84,0x78,0xFC,0x00,0x00,
    0x08,0x20,0xFF,0xFE,0x08,0x20,0x00,0x00,0x7F,0xFC,0x10,0x10,0x10,0x10,0x1F,0xF0,0x10,0x10,0x1F,0xF0,0x10,0x10,0x10,0x1E,
    0xFF,0xF0,0x00,0x10,0x00,0x10,0x00,0x00,0x7F,0xF0,0x40,0x10,0x42,0x10,0x42,0x10,0x42,0x10,0x5F,0xD0,0x52,0x50,0x52,0x50,
    0x52,0x50,0x52,0x50,0x52,0x50,0x52,0x4A,0x52,0xCA,0x82,0x06,0x82,0x02,0x00,0x00,0x20,0x20,0x21,0x22,0x20,0xA2,0xF8,0xA4,
    0xA9,0xFE,0xA9,0x02,0xA9,0x02,0xA9,0xFE,0xA9,0x02,0xF9,0x02,0x21,0xFE,0x29,0x02,0x29,0x02,0x35,0x02,0xC5,0x0E,0x00,0x00,
    0x00,0x00,0x7F,0xF0,0x40,0x10,0x40,0x10,0x40,0x10,0x40,0x10,0x40,0x10,0x40,0x10,0x7F,0xF0,0x00,0x00,0x10,0x40,0x10,0x20,
    0x20,0x10,0x40,0x08,0x80,0x08,0x00,0x00,0x00,0x00,0x00,0xFE,0xF8,0x82,0x88,0x82,0x88,0x82,0x88,0x82,0x88,0x82,0x88,0x82,
    0x88,0x82,0x88,0x82,0x88,0x82,0xF8,0x8E,0x00,0x80,0x00,0x80,0x00,0x80,0x00,0x00,0x10,0x00,0x13,0xF8,0x22,0x08,0x22,0x08,
    0x62,0x08,0x62,0x08,0xA3,0xF8,0x22,0x08,0x22,0x08,0x22,0x08,0x22,0x08,0x23,0xF8,0x20,0x00,0x20,0x00,0x2F,0xFE,0x00,0x00,
    0x40,0x40,0x20,0x40,0x17,0xFC,0x00,0x40,0x0F,0xFE,0x02,0x08,0x01,0x10,0x0F,0xFE,0xE0,0x40,0x27,0xFC,0x20,0x40,0x2F,0xFE,
    0x20,0x40,0x58,0x00,0x87,0xFE,0x00,0x00,0x00,0x00,0x3F,0xFE,0x20,0x00,0x20,0x00,0x2F,0xF8,0x20,0x00,0x20,0x00,0x3F,0xFE,
    0x24,0x40,0x24,0x44,0x24,0x48,0x24,0x30,0x44,0x10,0x47,0x88,0x9C,0x06,0x00,0x00,0x02,0x00,0xFF,0xFE,0x08,0x10,0x34,0x48,
    0xC8,0x86,0x1F,0xF8,0x70,0x80,0x1F,0xF8,0x10,0x80,0x1F,0xFC,0x00,0x10,0xFF,0xFE,0x08,0x10,0x04,0x10,0x00,0x70,0x00,0x00,
    0x01,0x08,0x78,0x88,0x48,0x90,0x49,0xFC,0x49,0x04,0x79,0x04,0x49,0x04,0x49,0x04,0x49,0xFC,0x78,0x50,0x48,0x50,0x48,0x90,
    0x48,0x92,0x89,0x12,0x9A,0x1E,0x00,0x00,0x00,0x00,0x7C,0x7C,0x04,0x04,0x7C,0x7C,0x40,0x40,0x42,0x42,0x3E,0x3E,0x08,0x20,
    0x7F,0xFC,0x08,0x20,0x08,0x20,0xFF,0xFE,0x00,0x00,0x18,0x38,0x60,0x04,0x00,0x00,0x00,0x00,0x7E,0xFC,0x48,0x44,0x7E,0x44,
    0x42,0x28,0x7E,0x28,0x48,0x10,0x48,0x28,0x7E,0xC6,0x01,0x00,0x7F,0xFC,0x08,0x20,0x04,0x20,0x04,0x40,0xFF,0xFE,0x00,0x00,
    0x40,0x40,0x20,0x40,0x10,0x40,0x04,0x44,0x04,0x44,0x04,0x44,0x04,0x44,0xE4,0x44,0x24,0x44,0x24,0x44,0x24,0x44,0x27,0xFC,
    0x20,0x00,0x58,0x00,0x87,0xFE,0x00,0x00,0x20,0x00,0x23,0xDE,0x22,0x52,0xFA,0x52,0x22,0x52,0x23,0xDE,0x72,0x52,0x72,0x52,
    0x6A,0x52,0xAB,0xDE,0xA2,0x52,0xA2,0x52,0x22,0x52,0x24,0x52,0x24,0xE6,0x00,0x00,0x04,0x60,0x08,0x10,0x10,0x08,0x61,0x04,
    0x02,0x80,0x04,0x40,0x08,0x20,0x30,0x18,0xC0,0x06,0x1F,0xF0,0x10,0x10,0x10,0x10,0x10,0x10,0x10,0x10,0x1F,0xF0,0x00,0x00,
    0x08,0x00,0x8B,0xFC,0x52,0x44,0x22,0x44,0x63,0xFC,0xA2,0x44,0x12,0x44,0x13,0xFC,0x30,0x40,0x50,0x40,0x93,0xFC,0x10,0x40,
    0x10,0x40,0x10,0x40,0x67,0xFE,0x00,0x00,0x20,0x00,0x38,0xFC,0x48,0x20,0x51,0xFE,0xFD,0x22,0x55,0xEE,0x54,0x20,0x7C,0xEC,
    0x54,0x20,0x54,0x00,0x7C,0xFC,0x00,0x04,0x54,0xFC,0x54,0x04,0x80,0xFC,0x00,0x00,0x20,0x88,0x27,0xFE,0x20,0x50,0xFB,0xFE,
    0x22,0x52,0x23,0x9E,0x22,0x02,0x73,0xFE,0x6A,0x02,0xAB,0xFE,0xA0,0x08,0x27,0xFE,0x21,0x08,0x20,0x88,0x20,0x18,0x00,0x00,
    0x00,0x88,0x78,0x88,0x01,0x10,0xFD,0xFE,0x03,0x10,0x7D,0x10,0x01,0xFC,0x79,0x10,0x01,0x10,0x01,0x10,0x79,0xFC,0x49,0x10,
    0x49,0x10,0x49,0x10,0x79,0xFE,0x00,0x00,0x00,0x00,0x3F,0xF0,0x20,0x10,0x24,0x10,0x22,0x10,0x21,0x10,0x20,0x10,0xFF,0xFE,
    0x20,0x10,0x20,0x10,0x20,0x10,0x20,0x10,0x40,0x10,0x40,0x10,0x80,0x70,0x00,0x00,0x22,0x08,0x11,0x10,0x3F,0xF8,0x21,0x08,
    0x21,0x08,0x3F,0xF8,0x21,0x08,0x21,0x08,0x3F,0xF8,0x01,0x00,0x01,0x00,0xFF,0xFE,0x01,0x00,0x01,0x00,0x01,0x00,0x00,0x00,
    0x00,0x90,0xF7,0xFE,0x90,0x90,0x90,0x00,0x93,0xFC,0x92,0x44,0x92,0x44,0x93,0xFC,0x90,0x40,0x93,0xFC,0xF0,0x40,0x07,0xFE,
    0x00,0xA0,0x01,0x18,0x06,0x06,0x00,0x00,0x20,0x00,0x21,0xFC,0x21,0x04,0x21,0x04,0xF9,0x04,0x21,0x04,0x21,0xFC,0x21,0x04,
    0x21,0x04,0x21,0x04,0x39,0x04,0xE1,0xFC,0x00,0x00,0x00,0x00,0x07,0xFE,0x00,0x00,0x20,0x00,0x21,0xFC,0x21,0x04,0xF9,0x04,
    0x21,0x04,0x21,0x04,0x21,0xFC,0x39,0x04,0xE1,0x04,0x21,0x04,0x21,0x04,0x21,0xFC,0x20,0x00,0x20,0x00,0x63,0xFE,0x00,0x00,
    0x20,0x00,0x27,0xFE,0x24,0xA2,0xF4,0xA2,0x21,0x24,0x26,0x3C,0x20,0x00,0x30,0x40,0xE7,0xFE,0x20,0x40,0x20,0xE0,0x21,0x50,
    0x22,0x48,0x2C,0x46,0x60,0x40,0x00,0x00,0x00,0x00,0x1F,0xF0,0x10,0x10,0x10,0x10,0x10,0x10,0x10,0x10,0x1F,0xF0,0x10,0x10,
    0x10,0x10,0x10,0x10,0x10,0x10,0x1F,0xF0,0x00,0x00,0x00,0x00,0xFF,0xFE,0x00,0x00,0x28,0x40,0xFE,0x40,0x28,0x40,0x7C,0xFE,
    0x54,0xA2,0x55,0x24,0x7C,0x20,0x10,0x20,0x7C,0x50,0x10,0x50,0xFE,0x50,0x10,0x88,0x28,0x88,0x45,0x04,0x82,0x02,0x00,0x00,
    0x40,0x40,0x21,0x44,0x12,0x48,0x04,0x40,0x80,0xA0,0x41,0x18,0x26,0x06,0x00,0x40,0x01,0x44,0x22,0x48,0x24,0xA0,0x40,0xA0,
    0x41,0x10,0x82,0x08,0x8C,0x06,0x00,0x00,0x42,0x08,0x22,0x08,0x0F,0xFE,0x02,0x08,0x83,0xF8,0x42,0x08,0x23,0xF8,0x02,0x08,
    0x02,0x08,0x2F,0xFE,0x24,0x90,0x45,0x14,0x46,0x1C,0x84,0x00,0x83,0xFC,0x00,0x00,0x00,0x80,0x10,0x84,0x10,0x84,0x1F,0xFC,
    0x00,0x00,0x3F,0xFE,0x20,0x00,0x20,0x40,0x22,0x44,0x22,0x44,0x24,0xA8,0x20,0xA0,0x41,0x10,0x42,0x08,0x8C,0x06,0x00,0x00,
    0x40,0x00,0x43,0xFE,0x40,0x00,0x78,0x00,0xA1,0xFC,0xA1,0x04,0x21,0x04,0xF9,0x04,0x21,0xFC,0x20,0x00,0x51,0x04,0x48,0x84,
    0x48,0x88,0x80,0x08,0x83,0xFE,0x00,0x00,0x20,0x20,0x21,0x24,0x21,0x24,0xFD,0xFC,0x00,0x00,0x08,0x00,0x8B,0xFE,0x48,0x20,
    0x48,0x40,0x4B,0xFE,0x12,0x52,0x3A,0x52,0xC2,0x52,0x02,0x52,0x02,0x56,0x00,0x00,0x20,0x40,0x3E,0x7E,0x48,0x90,0xA2,0x08,
    0x11,0x10,0x3F,0xF8,0x21,0x08,0x3F,0xF8,0x21,0x08,0x3F,0xF8,0x01,0x00,0x01,0x00,0xFF,0xFE,0x01,0x00,0x01,0x00,0x00,0x00,
    0x20,0x20,0x20,0x20,0x4B,0xFE,0x8A,0x02,0x50,0x00,0x23,0xFE,0x20,0x20,0x48,0x20,0xF9,0x20,0x21,0x3C,0xA9,0x20,0xA9,0x20,
    0xA2,0xA0,0x22,0x60,0x24,0x1E,0x00,0x00,0x00,0x20,0xFC,0x20,0x48,0x20,0x4B,0xFE,0x7A,0x22,0x4A,0x22,0x48,0x20,0x78,0x30,
    0x48,0x50,0x48,0x50,0x5C,0x50,0xE8,0x90,0x08,0x92,0x09,0x12,0x0A,0x1E,0x00,0x00,0x00,0x00,0x78,0xFC,0x48,0x84,0x48,0x84,
    0x48,0x84,0x78,0x84,0x48,0xFC,0x48,0x84,0x48,0x84,0x78,0x84,0x48,0x84,0x48,0xFC,0x48,0x00,0x88,0x00,0x99,0xFE,0x00,0x00,
    0x00,0x00,0xFF,0xFE,0x01,0x02,0x11,0x04,0x11,0xF0,0x29,0x00,0x47,0x00,0x81,0xFE,0x01,0x00,0x3F,0xF8,0x21,0x08,0x3F,0xF8,
    0x01,0x08,0x01,0x3C,0xFF,0xC2,0x00,0x00,0x00,0x06,0x7B,0xB8,0x00,0x88,0xFC,0x88,0x01,0x08,0x79,0x28,0x03,0xAE,0x7A,0xA8,
    0x00,0xA8,0x02,0xA8,0x7A,0xA8,0x49,0x7E,0x49,0x00,0x4A,0xC0,0x7C,0x3E,0x00,0x00,0x30,0x80,0x4B,0x38,0x82,0x28,0x02,0x28,
    0xFB,0xAA,0x22,0x4E,0x22,0x00,0xFB,0xBC,0x22,0x24,0x22,0x24,0xAA,0xA4,0x6B,0x18,0x26,0x18,0x32,0x24,0xC2,0x42,0x00,0x00,
    0xFF,0xFC,0x80,0x04,0x80,0x44,0x80,0x44,0xBF,0xF4,0x80,0x44,0x90,0x44,0x88,0x44,0x84,0x44,0x80,0x44,0x80,0x44,0x81,0xC4,
    0x80,0x04,0x80,0x04,0xFF,0xFC,0x00,0x00,0x20,0x20,0x23,0xFE,0x20,0x00,0x23,0xFE,0xFA,0x8A,0x22,0xFA,0x22,0x02,0x23,0xFE,
    0x21,0x04,0x21,0xFC,0x39,0x04,0xE1,0xFC,0x00,0x00,0x00,0x00,0x07,0xFE,0x00,0x00,0x02,0x44,0xF1,0x24,0x10,0x08,0x13,0xFC,
    0x72,0x44,0x43,0xFC,0x42,0x44,0xF2,0x44,0x93,0xFC,0x10,0x40,0x10,0x40,0x17,0xFE,0x10,0x40,0x10,0x40,0x60,0x40,0x00,0x00,
    0x08,0x0C,0x88,0xF0,0xAA,0x80,0xAC,0x80,0x88,0x80,0xBE,0xFE,0x88,0x88,0x9C,0x88,0x9C,0x88,0xAA,0x88,0xC8,0x88,0x88,0x88,
    0x81,0x08,0xFF,0x08,0x01,0x08,0x00,0x00,0x00,0x0C,0x07,0xF0,0xF2,0x44,0x91,0x28,0x93,0xFC,0x90,0x80,0x97,0xFE,0xF1,0x00,
    0x91,0x00,0x91,0xF8,0x92,0x88,0x92,0x50,0xF4,0x20,0x04,0x58,0x09,0x86,0x00,0x00,0x20,0x20,0x23,0xFE,0x20,0x00,0xFB,0xFE,
    0x22,0x8A,0x22,0xFA,0x72,0x02,0x73,0xFE,0x69,0x04,0xA9,0xFC,0xA1,0x04,0xA1,0xFC,0x20,0x00,0x20,0x00,0x23,0xFE,0x00,0x00,
    0x0C,0x00,0x70,0xF0,0x40,0x90,0x40,0x92,0x79,0x12,0x41,0x1E,0x42,0x00,0x79,0xF8,0x40,0x88,0x40,0x88,0x5C,0x50,0xE0,0x20,
    0x40,0x50,0x40,0x88,0x43,0x06,0x00,0x00,0x3F,0xFC,0x21,0x04,0x21,0x04,0x3F,0xFC,0x21,0x04,0x21,0x04,0x3F,0xFC,0x01,0x00,
    0x01,0x00,0xFF,0xFE,0x01,0x02,0x02,0x02,0x04,0x04,0x18,0x04,0x60,0x38,0x00,0x00,0x00,0x20,0x78,0xA4,0x00,0xA8,0xFD,0x20,
    0x00,0x50,0x78,0x88,0x03,0x06,0x78,0x20,0x00,0xA4,0x00,0xA8,0x79,0x20,0x48,0x20,0x48,0x50,0x48,0x88,0x7B,0x06,0x00,0x00,
    0x10,0x10,0x10,0x10,0x23,0xFE,0x20,0x20,0x60,0x20,0x60,0xFC,0xA4,0x84,0x24,0xFC,0x24,0x84,0x24,0xFC,0x24,0x84,0x24,0x84,
    0x24,0xFC,0x24,0x00,0x27,0xFE,0x00,0x00,0x20,0x00,0x20,0x00,0x7E,0x7E,0x50,0x42,0x90,0x42,0x10,0x42,0x10,0x42,0xFF,0x42,
    0x10,0x42,0x10,0x42,0x18,0x42,0x24,0x42,0x22,0x42,0x42,0x7E,0x80,0x00,0x00,0x00,0x20,0x20,0x20,0x20,0x21,0x20,0x21,0x2C,
    0xF9,0x34,0x21,0xE4,0x27,0x24,0x21,0x24,0x21,0x24,0x21,0x2C,0x39,0x20,0xE1,0x20,0x01,0x02,0x01,0x02,0x00,0xFE,0x00,0x00,
    0x00,0x20,0xF0,0x20,0x11,0x20,0x11,0x20,0x11,0x3C,0x71,0xE4,0x47,0x24,0x41,0x24,0xF1,0x24,0x91,0x2C,0x11,0x20,0x11,0x20,
    0x11,0x02,0x11,0x02,0x60,0xFE,0x00,0x00,0x00,0x40,0xFC,0x20,0x48,0x10,0x48,0x00,0x78,0x40,0x48,0x40,0x49,0x44,0x79,0x44,
    0x49,0x42,0x4A,0x42,0x5A,0x40,0xE8,0x40,0x08,0x44,0x08,0x44,0x08,0x3C,0x00,0x00,0x20,0x00,0x20,0x00,0x7E,0x7E,0x88,0x42,
    0x08,0x42,0xFF,0x42,0x14,0x7E,0x22,0x00,0xC0,0x00,0x1F,0xF8,0x10,0x08,0x1F,0xF8,0x10,0x08,0x10,0x08,0x1F,0xF8,0x00,0x00,
    0x40,0x40,0x20,0x40,0x14,0x40,0x04,0x4C,0x84,0x74,0x45,0xC4,0x26,0x44,0x1C,0x44,0x04,0x44,0x24,0x44,0x24,0x58,0x44,0x40,
    0x44,0x02,0x84,0x02,0x83,0xFE,0x00,0x00,0x00,0x80,0x00,0x80,0x3F,0xFE,0x20,0x00,0xA4,0x00,0x64,0x3C,0x2F,0xA4,0x2A,0x24,
    0x62,0x24,0xAF,0xA4,0x22,0x24,0x25,0x24,0x44,0xA4,0x48,0xA4,0x90,0x3C,0x00,0x00,0x18,0x88,0xE0,0x88,0x21,0x10,0x21,0xFE,
    0xFB,0x10,0x25,0x10,0x31,0x10,0x71,0xFC,0x69,0x10,0xA9,0x10,0xA1,0xFC,0xA1,0x10,0x21,0x10,0x21,0x10,0x21,0xFE,0x00,0x00,
    0xFF,0xFC,0x88,0x84,0xFF,0xFC,0x02,0x00,0xFF,0xFE,0x02,0x00,0x1F,0xF0,0x90,0x10,0x9F,0xF0,0x90,0x10,0x9F,0xF0,0x90,0x10,
    0x9F,0xF0,0x80,0x00,0xFF,0xFE,0x00,0x00,0x00,0x20,0xFE,0x20,0x10,0x40,0x20,0x7E,0x24,0x44,0x4E,0x84,0xF2,0xC4,0x01,0x44,
    0x10,0x48,0xFE,0x28,0x10,0x30,0x10,0x10,0x1E,0x28,0xF0,0x44,0x01,0x82,0x00,0x00,0x21,0x00,0x21,0x00,0x21,0x1E,0xFB,0xD2,
    0xAA,0x92,0xAC,0x92,0xA8,0x92,0xAB,0xD2,0xA8,0x92,0xF8,0x92,0x20,0x92,0x29,0x52,0x29,0x52,0x36,0x12,0xC4,0x1E,0x00,0x00,
    0x40,0x00,0x27,0xFC,0x14,0x04,0x07,0xFC,0x04,0x88,0x04,0x50,0x05,0xFC,0xE4,0x20,0x25,0xFC,0x28,0x20,0x2B,0xFE,0x28,0x20,
    0x20,0x20,0x58,0x00,0x87,0xFE,0x00,0x00,0x00,0x20,0x7C,0x20,0x50,0xA0,0x7C,0xAC,0x50,0xB4,0x7C,0xE4,0x51,0xA4,0x50,0xA4,
    0x7C,0xA4,0x04,0xAC,0xA4,0xA0,0xA4,0xA0,0x84,0x82,0x04,0x82,0x18,0x7E,0x00,0x00,0x20,0x40,0x3E,0x7E,0x48,0x90,0x85,0x08,
    0x7C,0xF8,0x10,0x88,0x1C,0xCA,0xF1,0x2E,0x00,0x00,0x01,0x00,0xFF,0xFE,0x05,0x40,0x09,0x20,0x31,0x18,0xC1,0x06,0x00,0x00,
    0x01,0x00,0x01,0x00,0xFF,0xFE,0x02,0x00,0x14,0x48,0x08,0x84,0x05,0x1E,0xFF,0xE2,0x00,0x02,0x00,0x00,0x3F,0xF8,0x21,0x08,
    0x3F,0xF8,0x21,0x08,0x3F,0xF8,0x00,0x00,0x10,0x40,0x10,0x40,0x20,0x80,0x3E,0xFE,0x49,0x10,0x49,0x10,0x8A,0x10,0x08,0x10,
    0x08,0x10,0x08,0x10,0x08,0x10,0x08,0x10,0x08,0x10,0x08,0x10,0x08,0x70,0x00,0x00,0x20,0x40,0x3E,0x7E,0x48,0x90,0x85,0x08,
    0x00,0x00,0x01,0xF0,0xF9,0x10,0x21,0x10,0x21,0x90,0x21,0x50,0x21,0x50,0x39,0x10,0xE2,0x12,0x02,0x12,0x04,0x1E,0x00,0x00,
    0x08,0x20,0xFF,0xFE,0x08,0x20,0x01,0x00,0x7F,0xFC,0x02,0x00,0x0C,0x48,0x02,0x84,0xFF,0xFA,0x00,0x02,0x3F,0xF8,0x21,0x08,
    0x3F,0xF8,0x21,0x08,0x3F,0xF8,0x00,0x00,0x40,0x00,0x27,0xFE,0x10,0x40,0x01,0xC2,0x06,0x24,0x00,0x58,0x01,0x90,0xE6,0x38,
    0x20,0x54,0x21,0x94,0x26,0x12,0x20,0x10,0x20,0x60,0x58,0x00,0x87,0xFE,0x00,0x00,0x18,0x20,0xE0,0xA0,0x20,0xA0,0x21,0xFC,
    0xF9,0x20,0x22,0x20,0x20,0x20,0x73,0xFE,0x68,0x20,0xA8,0x50,0xA0,0x50,0x20,0x88,0x20,0x88,0x21,0x04,0x22,0x02,0x00,0x00,
    0x01,0x00,0x01,0x00,0xFF,0xFE,0x84,0x42,0x88,0x4A,0x30,0x38,0x00,0x00,0xFF,0xFE,0x04,0x10,0x08,0xE8,0x7F,0x04,0x01,0x00,
    0x3F,0xF8,0x01,0x00,0xFF,0xFE,0x00,0x00,0x08,0x20,0xFF,0xFE,0x08,0x20,0x01,0x00,0x02,0x80,0x04,0x40,0x08,0x20,0x31,0x18,
    0xC1,0x06,0x1F,0xF0,0x01,0x00,0x11,0x10,0x11,0x08,0x21,0x08,0x01,0x00,0x00,0x00,0x20,0x20,0x20,0x20,0x23,0xFE,0xF8,0x88,
    0x48,0x50,0x4B,0xFE,0x4A,0x22,0x4A,0xFA,0x8A,0x22,0xD2,0xFA,0xB2,0x8A,0x12,0x8A,0x2A,0xFA,0x46,0x02,0x82,0x0E,0x00,0x00,
    0x10,0x10,0x08,0x20,0x7F,0xFC,0x01,0x00,0x3F,0xF8,0x01,0x00,0xFF,0xFE,0x10,0x00,0x1F,0xF8,0x28,0x08,0x2F,0xF8,0x48,0x08,
    0x8F,0xF8,0x08,0x08,0x0F,0xF8,0x00,0x00,0x01,0x00,0x01,0x00,0x01,0x00,0x7F,0xFC,0x41,0x04,0x41,0x04,0x41,0x04,0x41,0x04,
    0x41,0x04,0x7F,0xFC,0x01,0x00,0x01,0x00,0x01,0x00,0x01,0x00,0x01,0x00,0x00,0x00,0x10,0x20,0x10,0x20,0x20,0x20,0x23,0xFE,
    0x62,0x22,0x62,0x22,0xA2,0x22,0x22,0x22,0x22,0x22,0x23,0xFE,0x20,0x20,0x20,0x20,0x20,0x20,0x20,0x20,0x20,0x20,0x00,0x00,
    0x01,0x00,0x01,0x00,0xFF,0xFE,0x80,0x02,0x81,0x02,0x81,0x02,0x3F,0xF8,0x21,0x08,0x21,0x08,0x21,0x08,0x3F,0xF8,0x21,0x08,
    0x21,0x08,0x21,0x08,0x3F,0xF8,0x00,0x00,0x01,0x00,0x01,0x00,0x7F,0xFC,0x41,0x04,0x41,0x04,0x41,0x04,0x7F,0xFC,0x01,0x00,
    0x00,0x00,0x01,0x00,0x08,0x80,0x48,0x04,0x48,0x22,0x88,0x22,0x07,0xE0,0x00,0x00,0x20,0x20,0x20,0x20,0x20,0x20,0xFB,0xFE,
    0x22,0x22,0x22,0x22,0x22,0x22,0x22,0x22,0x3B,0xFE,0xE2,0x22,0x22,0x22,0x22,0x22,0x22,0x22,0x22,0x22,0x63,0xFE,0x00,0x00,
    0x00,0x00,0x3F,0xF8,0x20,0x08,0x20,0x08,0x3F,0xF8,0x20,0x10,0x40,0x08,0x5F,0xF4,0x90,0x12,0x1F,0xF0,0x10,0x10,0x1F,0xF0,
    0x00,0x00,0x00,0x00,0xFF,0xFE,0x00,0x00,0x20,0x40,0x20,0x20,0x20,0x10,0xF8,0x00,0x23,0xFE,0x20,0x20,0x70,0x20,0x70,0x20,
    0x68,0x20,0xA9,0xFC,0xA0,0x20,0xA0,0x20,0x20,0x20,0x20,0x20,0x23,0xFE,0x00,0x00,0x40,0x80,0x20,0x40,0x10,0x00,0x07,0xFC,
    0x80,0x40,0x40,0x40,0x20,0x40,0x00,0x40,0x07,0xFC,0x20,0x40,0x20,0x40,0x40,0x40,0x40,0x40,0x80,0x40,0x8F,0xFE,0x00,0x00,
    0x01,0x00,0x01,0x00,0x01,0x00,0x7F,0xFC,0x41,0x04,0x41,0x04,0x41,0x04,0x41,0x04,0x7F,0xFC,0x01,0x00,0x01,0x00,0x01,0x08,
    0x01,0x04,0x01,0xFA,0xFE,0x02,0x00,0x00,0x01,0x00,0x01,0x00,0xFF,0xFE,0x01,0x00,0x01,0x00,0x3F,0xF8,0x21,0x08,0x21,0x08,
    0x3F,0xF8,0x04,0x40,0x08,0x44,0x38,0x28,0xC8,0x10,0x0B,0x88,0x3C,0x06,0x00,0x00,0x00,0x40,0x78,0x20,0x00,0x00,0xFB,0xFE,
    0x00,0x20,0x78,0x20,0x00,0x20,0x78,0x20,0x01,0xFC,0x00,0x20,0x78,0x20,0x48,0x20,0x48,0x20,0x48,0x20,0x7B,0xFE,0x00,0x00,
    0x00,0x08,0xFE,0x08,0x28,0x08,0x28,0x08,0xFE,0xFE,0xAA,0x08,0xAA,0x08,0xAA,0x88,0xCE,0x48,0x82,0x28,0x82,0x08,0xFE,0x08,
    0x82,0x08,0x82,0x08,0xFE,0x38,0x00,0x00,0x30,0x40,0x48,0x40,0x83,0xFE,0x00,0x40,0xF9,0xFC,0x20,0x40,0x23,0xFE,0xF8,0x88,
    0x20,0x88,0x23,0xFE,0xA9,0x08,0x69,0x48,0x22,0x28,0x34,0x08,0xC0,0x38,0x00,0x00,0x00,0x40,0x7C,0x20,0x50,0x00,0x51,0xFC,
    0x7C,0x20,0x50,0x20,0x7C,0x20,0x50,0x20,0x51,0xFC,0x7C,0x20,0x04,0x20,0xA4,0x20,0xA4,0x20,0x84,0x20,0x1B,0xFE,0x00,0x00,
    0x21,0xFC,0x20,0x20,0x23,0xFE,0xFA,0x22,0x21,0xAC,0x20,0x20,0x70,0x00,0x69,0xFC,0x68,0x00,0xA3,0xFE,0xA0,0x80,0xA1,0xFC,
    0x21,0x04,0x20,0x04,0x20,0x38,0x00,0x00,0x40,0x10,0x2F,0x90,0x02,0x7A,0x04,0x12,0x84,0x14,0x4A,0xFE,0x02,0x88,0x07,0x10,
    0x0A,0x3E,0x23,0x62,0x27,0x22,0x4A,0xBE,0x52,0xA2,0x82,0x22,0x8C,0x3E,0x00,0x00,0x08,0x42,0x88,0x42,0x53,0xF4,0x20,0x44,
    0x60,0x48,0xA7,0xFE,0x10,0x20,0x10,0x40,0x31,0xFE,0x56,0x82,0x90,0x82,0x10,0xFE,0x10,0x82,0x10,0x82,0x60,0xFE,0x00,0x00,
    0x08,0x20,0xFF,0xFE,0x08,0x20,0x01,0x00,0x01,0x00,0xFF,0xFE,0x80,0x02,0x80,0x02,0x00,0x00,0xFF,0xFE,0x01,0x00,0x01,0x00,
    0x01,0x00,0x01,0x00,0x07,0x00,0x00,0x00,0x08,0x20,0xFF,0xFE,0x08,0x20,0x01,0x08,0x3F,0xD0,0x01,0x20,0x01,0x40,0xFF,0xFE,
    0x02,0x00,0x0C,0x00,0x3F,0xF8,0xC8,0x08,0x0F,0xF8,0x08,0x08,0x0F,0xF8,0x00,0x00,0x00,0x20,0x7C,0x20,0x45,0xFE,0x45,0x02,
    0x7D,0x02,0x44,0x00,0x45,0xFE,0x7C,0x20,0x44,0x20,0x44,0x20,0x7C,0x20,0x00,0x20,0x48,0x20,0x44,0x20,0x84,0xE0,0x00,0x00,
    0x00,0x00,0xFF,0xFE,0x01,0x00,0x01,0x00,0x01,0x00,0x01,0x00,0x01,0x00,0x01,0x00,0x01,0x00,0x01,0x00,0x01,0x00,0x01,0x00,
    0x01,0x00,0x01,0x00,0x07,0x00,0x00,0x00,0x04,0x40,0x44,0x44,0x24,0x44,0x14,0x48,0x14,0x50,0x04,0x40,0x04,0x40,0x0C,0x70,
    0x34,0x4C,0xC4,0x42,0x08,0x40,0x08,0x40,0x10,0x42,0x20,0x42,0xC0,0x3E,0x00,0x00,0x00,0x00,0x87,0xFE,0x44,0x02,0x24,0x42,
    0x05,0xFA,0x04,0x42,0x04,0x42,0x25,0xFA,0x24,0x02,0x44,0xF2,0x44,0x92,0x84,0x92,0x88,0xF2,0x08,0x02,0x10,0x0E,0x00,0x00,
    0x02,0x48,0xF2,0x48,0x97,0xFE,0x92,0x48,0x92,0x48,0x92,0x78,0x92,0x00,0x93,0xFC,0x90,0x40,0x97,0xFE,0xF0,0xE0,0x01,0x50,
    0x02,0x48,0x0C,0x46,0x00,0x40,0x00,0x00,0x01,0x00,0xFF,0xFE,0x80,0x02,0x88,0x42,0x7F,0x7C,0x14,0x40,0x7F,0x7C,0x00,0x04,
    0x3E,0x7C,0x22,0x40,0x3E,0x7C,0x22,0x40,0x3E,0x7C,0x22,0x42,0x26,0x3E,0x00,0x00,0x20,0x20,0x20,0x20,0x20,0x20,0xFC,0x20,
    0xA4,0x3E,0xA4,0x20,0xA4,0x20,0xA4,0x20,0xA5,0xFC,0xA5,0x04,0xA5,0x04,0xAD,0x04,0x21,0x04,0x21,0x04,0x21,0xFC,0x00,0x00,
    0x20,0x00,0x21,0xFC,0xF9,0x00,0xA9,0xF8,0xA9,0x00,0xA9,0xF8,0xA9,0x00,0xAF,0xFE,0xA9,0x40,0xA9,0x44,0xA9,0x28,0xB9,0x30,
    0x21,0x10,0x21,0xE8,0x27,0x06,0x00,0x00,0x01,0x00,0x01,0x00,0x7F,0xFE,0x40,0x00,0x40,0x00,0x40,0x00,0x5F,0xFC,0x40,0x80,
    0x40,0x80,0x40,0x80,0x40,0x80,0x40,0x80,0x80,0x80,0x80,0x80,0x83,0x80,0x00,0x00,0x00,0x00,0x7F,0xFC,0x01,0x04,0x01,0x04,
    0x01,0x04,0x7F,0xFC,0x41,0x00,0x41,0x00,0x41,0x00,0xFF,0xFE,0x81,0x02,0x01,0x02,0x01,0x02,0x01,0x1C,0x01,0x00,0x00,0x00,
    0x00,0x00,0xF9,0xFC,0x09,0x00,0x09,0xF8,0x09,0x00,0x79,0xF8,0x41,0x00,0x41,0x00,0xFB,0xFE,0x89,0x20,0x09,0x22,0x09,0x14,
    0x09,0x08,0x09,0xE4,0x77,0x02,0x00,0x00,0x00,0x02,0x7F,0x84,0x40,0x88,0x48,0xB0,0x5E,0x80,0x48,0x82,0x5E,0x84,0x40,0x88,
    0x5E,0xB0,0x52,0x80,0x52,0x80,0x5E,0x82,0x80,0x84,0x80,0x88,0x83,0xB0,0x00,0x00,0x22,0x10,0x2A,0x90,0x4A,0x90,0x4F,0xBE,
    0x80,0x24,0x20,0x64,0x2F,0xA4,0x42,0x24,0x42,0x24,0xCF,0xA8,0x42,0x18,0x42,0x18,0x43,0x94,0x4E,0x24,0x40,0x42,0x00,0x00,
    0x22,0x10,0x2A,0x90,0x4A,0x90,0x9F,0xBE,0x20,0x24,0x6F,0xD4,0xA2,0x14,0x2F,0x88,0x22,0x08,0x23,0x94,0x2E,0x22,0x01,0x00,
    0x48,0x84,0x48,0x12,0x87,0xF2,0x00,0x00,0x20,0x90,0x20,0x90,0x24,0x92,0xFA,0x94,0x22,0x98,0x20,0x90,0x20,0x90,0x38,0x98,
    0xE1,0x94,0x26,0x92,0x20,0x90,0x21,0x10,0x21,0x12,0x22,0x12,0x64,0x1E,0x00,0x00,0x20,0x00,0x21,0xFC,0x21,0x04,0xF9,0xFC,
    0xA9,0x04,0xA9,0xFC,0xF8,0x00,0xAB,0xFE,0xA8,0x80,0xF9,0xFE,0x26,0x4A,0x20,0x92,0x23,0x22,0x20,0x42,0x21,0x8C,0x00,0x00,
    0x10,0x00,0x10,0x7E,0xFE,0x42,0x10,0x42,0x7C,0x42,0x44,0x7E,0x7C,0x42,0x44,0x42,0x7C,0x42,0x10,0x7E,0x10,0x42,0xFE,0x42,
    0x10,0x82,0x10,0x82,0x11,0x0E,0x00,0x00,0x42,0x00,0x22,0x1E,0x1F,0x92,0x02,0x12,0x8F,0x92,0x48,0x9E,0x2F,0x92,0x08,0x92,
    0x0F,0x92,0x22,0x1E,0x22,0x12,0x4F,0x92,0x42,0x22,0x82,0x22,0x82,0x46,0x00,0x00,0x51,0x28,0x51,0x28,0x53,0xFE,0x51,0x28,
    0x7D,0x38,0x41,0x00,0x41,0xFE,0x40,0x20,0x78,0x20,0x4B,0xFE,0x48,0x70,0x48,0xA8,0x89,0x24,0x8A,0x22,0x88,0x20,0x00,0x00,
    0x00,0x00,0xFE,0x00,0x93,0xFE,0x92,0x10,0x92,0x10,0x92,0x10,0xFE,0x10,0x92,0x10,0x92,0x10,0x92,0x10,0x92,0x10,0xFE,0x10,
    0x00,0x10,0x00,0x10,0x00,0x70,0x00,0x00,0x00,0x90,0xF0,0x90,0x90,0x90,0x94,0x92,0x92,0x94,0xF2,0x98,0x90,0x90,0x91,0x98,
    0x96,0x94,0xF0,0x92,0x90,0x90,0x91,0x10,0x91,0x12,0xF2,0x12,0x04,0x1E,0x00,0x00,0x00,0x20,0xFC,0x20,0x4B,0xFE,0x48,0x20,
    0x4B,0xFE,0x7A,0x52,0x4A,0x52,0x4B,0xFE,0x78,0x00,0x48,0x20,0x48,0x10,0x5C,0x44,0xE9,0x42,0x09,0x44,0x0A,0x3C,0x00,0x00,
    0x00,0x00,0x79,0xFC,0x49,0x00,0x49,0xF8,0x49,0x00,0x79,0xF8,0x49,0x00,0x49,0x00,0x4B,0xFE,0x79,0x20,0x49,0x24,0x49,0x18,
    0x49,0x10,0x89,0xE8,0x9B,0x06,0x00,0x00,0x00,0x00,0x79,0xFC,0x49,0x04,0x49,0xFC,0x49,0x04,0x79,0xFC,0x48,0x00,0x4B,0xFE,
    0x48,0x80,0x79,0xFE,0x4A,0x2A,0x48,0x4A,0x49,0x92,0x88,0x22,0x98,0xCC,0x00,0x00,0x21,0x28,0x21,0x28,0x23,0xFE,0xF9,0x28,
    0xA9,0x38,0xA9,0x00,0xA9,0xFE,0xA8,0x20,0xF8,0x20,0x23,0xFE,0x20,0x70,0x28,0xA8,0x39,0x24,0xE6,0x22,0x04,0x20,0x00,0x00,
    0x00,0x00,0x79,0xFE,0x01,0x02,0xFD,0x22,0x01,0x7A,0x79,0x22,0x01,0x7A,0x79,0x02,0x01,0x02,0x01,0x7A,0x79,0x4A,0x49,0x4A,
    0x4A,0x7A,0x4A,0x02,0x7C,0x0E,0x00,0x00,0x01,0x28,0x79,0x28,0x03,0xFE,0xFD,0x28,0x01,0x38,0x79,0x00,0x01,0xFE,0x78,0x20,
    0x00,0x20,0x03,0xFE,0x78,0x70,0x48,0xA8,0x49,0x24,0x4A,0x22,0x78,0x20,0x00,0x00,0x10,0x00,0x11,0xFC,0x7C,0x44,0x10,0x44,
    0x10,0x84,0xFE,0x84,0x11,0x18,0x10,0x00,0x50,0xFC,0x5E,0x84,0x50,0x84,0x50,0x84,0x70,0xFC,0x9C,0x00,0x83,0xFE,0x00,0x00,
    0x00,0x90,0x7C,0x90,0x44,0x90,0x46,0x92,0x45,0x94,0x7C,0x90,0x10,0x90,0x10,0x98,0x51,0x94,0x5E,0x92,0x50,0x90,0x50,0x90,
    0x51,0x12,0x5D,0x12,0xE2,0x1E,0x00,0x00,0x30,0x90,0x48,0x90,0x80,0x90,0x02,0x92,0xF9,0x94,0x20,0x90,0x20,0x90,0xF9,0x98,
    0x22,0x94,0x20,0x92,0xA8,0x90,0x69,0x10,0x21,0x12,0x32,0x12,0xC4,0x1E,0x00,0x00,0x00,0x00,0x1F,0xF8,0x10,0x00,0x1F,0xF0,
    0x10,0x00,0x1F,0xF0,0x10,0x00,0x10,0x00,0xFF,0xFE,0x11,0x08,0x10,0x90,0x10,0x60,0x13,0x20,0x1C,0x18,0xE0,0x06,0x00,0x00,
    0x00,0x00,0x03,0xFE,0xF8,0x20,0x20,0x40,0x21,0xFC,0x21,0x04,0x21,0xFC,0x21,0x04,0x21,0xFC,0x21,0x04,0x21,0x04,0x21,0xFC,
    0x20,0x00,0x60,0x8C,0x03,0x02,0x00,0x00,0x01,0x00,0x02,0x00,0x3F,0xF0,0x20,0x10,0x3F,0xF0,0x20,0x10,0x3F,0xF0,0x20,0x00,
    0x3F,0xFE,0x20,0x00,0x3F,0xFE,0x00,0x02,0x49,0x22,0x44,0x92,0x84,0x8C,0x00,0x00,0x08,0x10,0x08,0x10,0xFF,0x90,0x08,0x10,
    0x08,0x7E,0x7F,0x12,0x49,0x12,0x49,0x12,0x7F,0x12,0x08,0x22,0x1C,0x22,0x2A,0x22,0x49,0x42,0x88,0x42,0x08,0x9C,0x00,0x00,
    0x20,0x20,0x20,0x20,0x21,0x20,0xF9,0x3C,0x21,0x20,0x21,0x20,0x27,0xFE,0x20,0x20,0x39,0x24,0xE1,0x22,0x22,0x22,0x20,0x64,
    0x20,0x08,0x20,0x30,0x63,0xC0,0x00,0x00,0x01,0x00,0x01,0x00,0xFF,0xFC,0x01,0x00,0x01,0x00,0x9F,0xF0,0x90,0x10,0x9F,0xF0,
    0x90,0x10,0x9F,0xF0,0x90,0x10,0x9F,0xF0,0x80,0x00,0x80,0x00,0x7F,0xFC,0x00,0x00,0x01,0x08,0x78,0x88,0x48,0x90,0x49,0xFC,
    0x48,0x20,0x78,0x20,0x48,0x20,0x4B,0xFE,0x48,0x20,0x78,0x50,0x48,0x50,0x48,0x88,0x48,0x88,0x89,0x04,0x9A,0x02,0x00,0x00,
    0x40,0x40,0x20,0x40,0x10,0x40,0x07,0xFC,0x84,0x44,0x44,0x44,0x20,0x40,0x00,0xA0,0x00,0xA0,0x20,0xA0,0x21,0x20,0x41,0x20,
    0x42,0x22,0x84,0x22,0x88,0x1E,0x00,0x00,0x00,0x20,0x00,0x50,0xF8,0x88,0x21,0x04,0x22,0x02,0x20,0x10,0x20,0x20,0xF8,0xC0,
    0x23,0x08,0x20,0x10,0x20,0x62,0x3B,0x84,0xE0,0x18,0x00,0x60,0x03,0x80,0x00,0x00,0x08,0x1C,0x13,0xE0,0x30,0x40,0xD7,0xFE,
    0x10,0x40,0x1F,0xFC,0x10,0x10,0x1F,0xF0,0x10,0x10,0x1F,0xF0,0x10,0x10,0x10,0x10,0x1F,0xF0,0x08,0x20,0x70,0x1C,0x00,0x00,
    0x30,0x20,0x4B,0xFE,0x80,0x20,0x01,0xFC,0xF9,0x04,0x21,0xFC,0x21,0x04,0xF9,0xFC,0x21,0x04,0x21,0xFC,0xA8,0x00,0x6B,0xFE,
    0x20,0x00,0x30,0x8C,0xC3,0x02,0x00,0x00,0x00,0x40,0xF8,0x40,0x8F,0xFE,0x90,0x40,0x93,0xFC,0xA2,0x44,0x93,0xFC,0x92,0x44,
    0x8B,0xFC,0x88,0x40,0x88,0xE0,0xB1,0x50,0x82,0x48,0x8C,0x46,0x80,0x40,0x00,0x00,0x40,0x40,0x27,0xFC,0x10,0x44,0x0F,0xFE,
    0x80,0x44,0x40,0x44,0x27,0xFC,0x00,0x40,0x07,0xFC,0x20,0x40,0x20,0x40,0x4F,0xFE,0x40,0x40,0x80,0x40,0x80,0x40,0x00,0x00,
    0x01,0x08,0x78,0x90,0x4B,0xFE,0x50,0xC0,0x53,0x64,0x48,0xA8,0x4B,0x30,0x48,0xD8,0x73,0x16,0x41,0x60,0x41,0x00,0x3F,0xF8,
    0x01,0x00,0x01,0x00,0xFF,0xFE,0x00,0x00,0x20,0x88,0x20,0x88,0x21,0x10,0xF9,0xFE,0x23,0x10,0x25,0x10,0x71,0x10,0x71,0xFC,
    0x69,0x10,0xA9,0x10,0xA1,0xFC,0xA1,0x10,0x21,0x10,0x21,0x10,0x21,0xFE,0x00,0x00,0x20,0x00,0x24,0x10,0x22,0x20,0xF8,0x7C,
    0x20,0x44,0x20,0x44,0x70,0x7C,0x70,0x40,0x6E,0x40,0xAA,0x7C,0xA2,0x44,0xA2,0x44,0x22,0x7C,0x25,0x00,0x28,0xFE,0x00,0x00,
    0x00,0x40,0x40,0x80,0x23,0xF8,0x12,0x08,0x02,0x08,0x03,0xF8,0x02,0x00,0xE2,0x00,0x23,0xFC,0x22,0x04,0x22,0x04,0x23,0xFC,
    0x20,0x00,0x58,0x00,0x87,0xFE,0x00,0x00,0x30,0x10,0x48,0x20,0x82,0x7C,0x01,0x44,0xF8,0x44,0x20,0x7C,0x26,0x40,0xFA,0x40,
    0x22,0x7C,0x22,0x44,0xAA,0x44,0x6A,0x7C,0x22,0x00,0x35,0x80,0xC8,0x7E,0x00,0x00,0x00,0x80,0x00,0x80,0x3F,0xFE,0x20,0x00,
    0xA3,0xF8,0x60,0x90,0x20,0x60,0x27,0xFE,0x64,0x42,0xA7,0xFE,0x24,0x42,0x27,0xFE,0x44,0x42,0x44,0x42,0x84,0x4E,0x00,0x00,
    0x40,0x00,0x27,0xF8,0x10,0x10,0x00,0xA0,0x00,0x40,0x07,0xFC,0x04,0x44,0xE7,0xFC,0x24,0x44,0x27,0xFC,0x24,0x44,0x24,0x44,
    0x24,0x5C,0x58,0x00,0x87,0xFE,0x00,0x00,0x20,0x00,0x27,0xFC,0x24,0x04,0x20,0x00,0xFB,0xF8,0x20,0x80,0x21,0xC2,0x26,0x44,
    0x20,0xA8,0x21,0x30,0x3E,0x70,0xE0,0xA8,0x03,0x24,0x0C,0x22,0x00,0xC0,0x00,0x00,0x20,0x00,0x21,0xFC,0x21,0x04,0xF9,0x44,
    0x21,0x24,0x21,0x04,0x77,0xFE,0x72,0x04,0x6A,0x44,0xAA,0x24,0xA2,0x04,0xA3,0xFE,0x22,0x04,0x20,0x04,0x20,0x38,0x00,0x00,
    0x20,0x00,0x23,0xFE,0x22,0x02,0xFA,0x02,0x22,0xFA,0x22,0x22,0x22,0x22,0x22,0xFA,0x3A,0x22,0xE2,0x2A,0x22,0x22,0x22,0xFA,
    0x22,0x02,0x22,0x02,0x63,0xFE,0x00,0x00,0x22,0x00,0x22,0x3C,0x22,0x24,0xF7,0xA4,0x22,0x3C,0x22,0x24,0x72,0x24,0x77,0xBC,
    0x6A,0x24,0xAA,0x24,0xA2,0x3C,0xA5,0x28,0x24,0xCA,0x28,0x4A,0x20,0x8E,0x00,0x00,0x10,0x00,0x10,0x00,0x13,0xFE,0x22,0x22,
    0x22,0x22,0x62,0x22,0x62,0x22,0xA2,0x22,0xA3,0xFE,0x22,0x22,0x22,0x22,0x22,0x22,0x22,0x22,0x22,0x22,0x23,0xFE,0x00,0x00,
    0x40,0x40,0x27,0xFC,0x10,0x40,0x03,0xF8,0x80,0x40,0x4F,0xFE,0x22,0x08,0x03,0xF8,0x02,0x08,0x23,0xF8,0x22,0x08,0x43,0xF8,
    0x40,0x00,0x81,0x10,0x86,0x0C,0x00,0x00,0x20,0x00,0x27,0xFE,0x20,0x40,0xF8,0x40,0x20,0x80,0x20,0x80,0x71,0x00,0x71,0xFC,
    0x6B,0x04,0xAD,0x04,0xA1,0x04,0xA1,0x04,0x21,0x04,0x21,0x04,0x21,0xFC,0x00,0x00,0x40,0x40,0x20,0x40,0x10,0x40,0x00,0x40,
    0x00,0x40,0x07,0xFC,0x00,0x40,0xE0,0x40,0x20,0x40,0x20,0x40,0x20,0x40,0x20,0x40,0x20,0x40,0x58,0x00,0x87,0xFE,0x00,0x00,
    0x08,0x20,0xFF,0xFE,0x0A,0x20,0x3F,0xF0,0x20,0x10,0x3F,0xF0,0x20,0x10,0x3F,0xF0,0x20,0x00,0x3F,0xFE,0x20,0x00,0x3F,0xFE,
    0x49,0x22,0x84,0x92,0x00,0x0C,0x00,0x00,0x20,0x00,0x23,0xDE,0x48,0x42,0x8A,0x52,0x51,0x8C,0x21,0x4A,0x22,0x10,0x48,0x00,
    0xFB,0xDE,0x20,0x52,0xAA,0x52,0xA9,0x94,0xA0,0x8C,0x21,0x54,0x26,0x22,0x00,0x00,0x30,0x00,0x49,0xDC,0x81,0x54,0x01,0x54,
    0xF9,0xDC,0x20,0x00,0x21,0xFC,0xF8,0x00,0x23,0xFE,0x20,0x40,0xA8,0x40,0x68,0xFC,0x20,0x84,0x30,0x04,0xC0,0x38,0x00,0x00,
    0x20,0x40,0x20,0x40,0x23,0xFC,0xF8,0x40,0x21,0xF8,0x20,0x90,0x77,0xFE,0x71,0x08,0x6A,0x04,0xAD,0xFA,0xA1,0x08,0xA1,0xF8,
    0x21,0x08,0x21,0x08,0x21,0xF8,0x00,0x00,0x40,0x40,0x27,0xFC,0x14,0x44,0x07,0xFC,0x80,0x40,0x4F,0xFE,0x24,0x04,0x07,0xFC,
    0x04,0x04,0x27,0xFC,0x24,0x04,0x47,0xFC,0x40,0x00,0x81,0x10,0x8E,0x0E,0x00,0x00,0x20,0x00,0x23,0xFC,0x20,0x40,0x20,0x40,
    0xF4,0x44,0x22,0x44,0x22,0x48,0x20,0x40,0x27,0xFE,0x20,0x40,0x38,0x40,0xE0,0x40,0x00,0x40,0x00,0x40,0x00,0x40,0x00,0x00,
    0x01,0x00,0xFF,0xFE,0x01,0x00,0x7F,0xFC,0x00,0x00,0xFF,0xFE,0x84,0x42,0x84,0x42,0x3F,0xF8,0x24,0x48,0x24,0x48,0x3F,0xF8,
    0x04,0x40,0x04,0x40,0xFF,0xFE,0x00,0x00,0x20,0x00,0x23,0xFE,0x20,0x20,0xFB,0xFE,0x4A,0xAA,0x4A,0x22,0x48,0xA8,0x48,0x00,
    0x8B,0xFE,0xD0,0x20,0xB3,0xFE,0x12,0x52,0x2A,0x52,0x46,0x52,0x82,0x56,0x00,0x00,0x10,0x10,0x10,0x10,0xA4,0x10,0x44,0x10,
    0x28,0xFE,0x10,0x92,0x24,0x92,0xFE,0x92,0x12,0x92,0x10,0xFE,0x54,0x92,0x52,0x92,0x92,0x92,0x90,0x92,0x10,0xFE,0x00,0x00,
    0x00,0x18,0x01,0xE0,0x3E,0x20,0x22,0x20,0x22,0x20,0x22,0x20,0x22,0x20,0x22,0x10,0x22,0x10,0x42,0x10,0x42,0x10,0x42,0x08,
    0x42,0x08,0x82,0x04,0x82,0x02,0x00,0x00,0x00,0x00,0x3F,0xE0,0x20,0x20,0x20,0x20,0x20,0x20,0x3F,0xE0,0x02,0x00,0x02,0x00,
    0xFF,0xF8,0x82,0x08,0x82,0x08,0x82,0x08,0x82,0x08,0x82,0x38,0x02,0x00,0x00,0x00,0x10,0x40,0x28,0x40,0x44,0x80,0x80,0xFE,
    0x7C,0x82,0x11,0x02,0x11,0x02,0xFC,0x02,0x10,0x42,0x94,0x22,0x54,0x22,0x50,0x02,0x10,0x02,0x1C,0x02,0xE0,0x1C,0x00,0x00,
    0x10,0x20,0xFE,0xFC,0xA2,0x84,0xAA,0xFC,0x48,0x84,0x7E,0xFC,0xC8,0x80,0xC8,0xFE,0x7E,0x80,0x48,0xFE,0x7E,0x02,0x49,0x52,
    0x49,0x52,0x7E,0x02,0x00,0x0C,0x00,0x00,0x01,0x00,0xFF,0xFE,0x00,0x00,0x1F,0xF0,0x10,0x10,0x1F,0xF0,0x00,0x00,0xFF,0xFE,
    0x80,0x02,0x80,0x02,0x3F,0xF8,0x01,0x00,0x01,0x00,0x01,0x00,0x07,0x00,0x00,0x00,0x10,0x0C,0x10,0x70,0x23,0xA0,0x22,0x20,
    0x62,0x20,0x63,0xFE,0xA2,0x20,0x22,0x10,0x22,0x10,0x22,0x70,0x23,0x8A,0x2E,0x0A,0x20,0x06,0x27,0xFA,0x20,0x00,0x00,0x00,
    0x10,0x40,0x17,0xFE,0x10,0x00,0x23,0xF8,0x22,0x08,0x63,0xF8,0x60,0x00,0xAF,0xFE,0xA8,0x02,0x20,0x00,0x27,0xFC,0x20,0x40,
    0x20,0x40,0x20,0x40,0x21,0xC0,0x00,0x00,0x10,0x40,0x10,0x40,0x10,0x7E,0x20,0x40,0x20,0x40,0x63,0xFC,0x62,0x04,0xA3,0xFC,
    0xA2,0x04,0x23,0xFC,0x22,0x04,0x23,0xFC,0x20,0x00,0x21,0x0C,0x26,0x02,0x00,0x00,0x42,0x02,0x22,0x12,0x24,0x12,0x7F,0x92,
    0x08,0x92,0x08,0x92,0x7F,0x92,0x48,0x12,0x48,0x12,0xFF,0x92,0x98,0x92,0x28,0x82,0x4B,0x82,0x88,0x02,0x08,0x0E,0x00,0x00,
    0x01,0x00,0x01,0x00,0x01,0xFC,0x01,0x00,0x01,0x00,0x3F,0xF8,0x20,0x08,0x3F,0xF8,0x20,0x08,0x3F,0xF8,0x20,0x08,0x3F,0xF8,
    0x00,0x00,0x18,0x38,0xE0,0x06,0x00,0x00,0x00,0x00,0x3F,0xF8,0x20,0x08,0x20,0x08,0x20,0x08,0x3F,0xF8,0x00,0x00,0x00,0x00,
    0x7F,0xFC,0x01,0x00,0x01,0x00,0x3F,0xF8,0x01,0x00,0x01,0x00,0xFF,0xFE,0x00,0x00,0x20,0x00,0x21,0xFC,0x21,0x04,0x21,0xFC,
    0xF9,0x04,0x21,0xFC,0x20,0x00,0x23,0xFE,0x20,0x20,0x21,0x20,0x39,0x3C,0xE1,0x20,0x01,0x20,0x02,0xA0,0x04,0x7E,0x00,0x00,
    0x01,0x00,0x01,0x00,0xFF,0xFE,0x80,0x02,0x80,0x02,0xBF,0xFA,0x01,0x00,0x01,0x00,0x11,0x00,0x11,0xF8,0x11,0x00,0x31,0x00,
    0x29,0x00,0x47,0x00,0x81,0xFE,0x00,0x00,0x01,0x00,0x01,0x00,0xFF,0xFE,0x10,0x10,0x08,0x10,0x08,0x20,0xFF,0xFE,0x81,0x02,
    0x81,0x02,0x3F,0xF8,0x21,0x08,0x21,0x08,0x21,0x08,0x21,0x38,0x01,0x00,0x00,0x00,0x01,0x00,0x7F,0xFE,0x40,0x00,0x40,0x38,
    0x4F,0xC0,0x48,0x40,0x48,0x40,0x4F,0xFC,0x48,0x40,0x48,0x20,0x4B,0x20,0x5C,0x12,0x80,0x0A,0x9F,0xE6,0x80,0x02,0x00,0x00,
    0x01,0x00,0x01,0x00,0x7F,0xFE,0x40,0x00,0x5E,0x06,0x42,0xF8,0x44,0x10,0x48,0x10,0x5E,0xFE,0x42,0x10,0x52,0x10,0x4C,0x7C,
    0x8C,0x00,0x93,0x00,0xA0,0xFE,0x00,0x00,0x00,0x00,0xF0,0x0C,0x11,0xF0,0x20,0x20,0x20,0x20,0x40,0x20,0x7B,0xFE,0x88,0x20,
    0x08,0x20,0x50,0x20,0x50,0x20,0x21,0xFC,0x30,0x00,0x4C,0x00,0x83,0xFE,0x00,0x00,0x08,0x20,0x04,0x40,0x7F,0xFC,0x01,0x04,
    0x01,0x04,0x3F,0xFC,0x21,0x00,0x21,0x00,0x7F,0xFE,0x43,0x02,0x05,0x02,0x09,0x02,0x31,0x02,0xC1,0x1C,0x01,0x00,0x00,0x00,
    0x21,0x08,0x20,0x90,0x23,0xFC,0xB0,0x44,0xA8,0x44,0xAB,0xFC,0xA2,0x40,0x22,0x40,0x27,0xFE,0x24,0x42,0x20,0xC2,0x21,0x42,
    0x26,0x4C,0x20,0x40,0x20,0x40,0x00,0x00,0x20,0x0C,0x23,0xF0,0x22,0x20,0xFA,0x20,0x22,0x20,0x22,0x20,0x23,0xFE,0x3A,0x20,
    0xE2,0x20,0x22,0x10,0x22,0x10,0x23,0xCA,0x2E,0x0A,0x20,0x06,0x67,0xF2,0x00,0x00,0x20,0x00,0x27,0x86,0x20,0xB8,0xF1,0x08,
    0x21,0x08,0x22,0x08,0x23,0xBE,0x34,0x88,0xE0,0x88,0x25,0x08,0x25,0x08,0x22,0x3E,0x23,0x00,0x24,0xC0,0x68,0x3E,0x00,0x00,
    0x20,0x00,0x21,0xFC,0x21,0x04,0xF9,0xFC,0x21,0x04,0x21,0xFC,0x20,0x00,0x3B,0xFE,0xE0,0x20,0x21,0x20,0x21,0x3C,0x21,0x20,
    0x21,0x20,0x22,0xA0,0x64,0x7E,0x00,0x00,0x21,0x08,0x20,0x90,0x23,0xFC,0xF8,0x44,0x20,0x44,0x23,0xFC,0x72,0x40,0x72,0x40,
    0x6F,0xFE,0xA4,0x42,0xA0,0xC2,0xA1,0x42,0x26,0x4C,0x20,0x40,0x20,0x40,0x00,0x00,0x40,0x00,0x20,0x00,0x17,0xFE,0x00,0x10,
    0x80,0x10,0x40,0x10,0x20,0x10,0x00,0x10,0x00,0x10,0x20,0x10,0x20,0x10,0x40,0x10,0x40,0x10,0x80,0x10,0x80,0x70,0x00,0x00,
    0x00,0x20,0xF8,0x20,0x23,0xFE,0x22,0x02,0x20,0x00,0x43,0xFE,0x78,0x20,0x48,0x20,0xC9,0x20,0x49,0x3C,0x49,0x20,0x49,0x20,
    0x79,0x20,0x02,0xE0,0x04,0x3E,0x00,0x00,0x20,0x40,0x20,0x40,0x20,0x7E,0xF8,0x40,0x08,0x40,0x13,0xFC,0x12,0x04,0x23,0xFC,
    0x62,0x04,0xB3,0xFC,0x2A,0x04,0x23,0xFC,0x20,0x00,0x21,0x8C,0x26,0x02,0x00,0x00,0x18,0x00,0xE1,0xFC,0x21,0x04,0x21,0x04,
    0xF9,0x04,0x21,0xFC,0x30,0x00,0x70,0x00,0x69,0xFC,0xA8,0x20,0xA0,0x20,0xA1,0xFC,0x20,0x20,0x20,0x20,0x23,0xFE,0x00,0x00,
    0x20,0x20,0x20,0x20,0x4B,0xFE,0x89,0x04,0x50,0x88,0x23,0xFE,0x22,0x22,0x4A,0x22,0xF9,0xFC,0x21,0x24,0xA9,0x24,0xA9,0x24,
    0xA1,0x2C,0x20,0x20,0x20,0x20,0x00,0x00,0x10,0x00,0x21,0xC6,0x7C,0x58,0x44,0x88,0x54,0x88,0x55,0x08,0x45,0xDE,0x4D,0x48,
    0xF4,0x48,0x55,0x48,0x55,0x48,0x54,0x9E,0x44,0x80,0x85,0x60,0x8E,0x1E,0x00,0x00,0x00,0x00,0x7C,0x00,0x01,0xFE,0xFE,0x10,
    0x00,0x10,0x7C,0x10,0x00,0x10,0x7C,0x10,0x00,0x10,0x00,0x10,0x7C,0x10,0x44,0x10,0x44,0x10,0x44,0x10,0x7C,0x70,0x00,0x00,
    0x00,0x20,0x78,0x20,0x03,0xFE,0xFD,0x04,0x00,0x88,0x7B,0xFE,0x02,0x22,0x7A,0x22,0x01,0xFC,0x01,0x24,0x79,0x24,0x49,0x24,
    0x49,0x24,0x49,0x2C,0x78,0x20,0x00,0x00,0x00,0x20,0x78,0x20,0x4B,0xFE,0x49,0x04,0x48,0x88,0x7B,0xFE,0x12,0x22,0x12,0x22,
    0x51,0xFC,0x5D,0x24,0x51,0x24,0x51,0x24,0x51,0x24,0x5D,0x2C,0xE0,0x20,0x00,0x00,0x00,0x0E,0x47,0xF0,0x24,0x20,0x17,0xFE,
    0x04,0x20,0x07,0xFE,0x04,0x20,0xE4,0x20,0x25,0xFC,0x29,0x24,0x29,0x24,0x29,0x2C,0x20,0x20,0x58,0x00,0x87,0xFE,0x00,0x00,
    0x03,0x00,0x7C,0x3E,0x44,0x22,0x44,0x24,0x44,0x24,0x7F,0xA8,0x44,0x24,0x44,0x24,0x44,0x22,0x42,0x22,0x4E,0xA2,0x72,0xA2,
    0xC1,0xAC,0x00,0xA0,0x7E,0x20,0x00,0x00,0x22,0x00,0x14,0x3E,0xFF,0xA2,0x14,0x24,0x7F,0x24,0x55,0x28,0x65,0x28,0x7F,0x24,
    0x41,0x24,0x7F,0x22,0x08,0x22,0xFF,0xA2,0x14,0x2C,0x22,0x20,0xC1,0x20,0x00,0x00,0x10,0x00,0x28,0x00,0x45,0xFE,0x80,0x10,
    0x7C,0x10,0x10,0x10,0x10,0x10,0xFC,0x10,0x10,0x10,0x94,0x10,0x54,0x10,0x50,0x10,0x10,0x10,0x1C,0x10,0xE0,0x70,0x00,0x00,
    0x00,0x00,0x4F,0xC8,0x48,0x48,0x4F,0xC8,0x48,0x48,0x4F,0xC8,0x40,0x08,0x7C,0xF8,0x04,0x80,0x04,0x80,0xFC,0xFC,0x44,0x88,
    0x44,0x88,0x44,0x88,0x84,0x88,0x00,0x00,0x40,0x00,0x27,0xFE,0x14,0x02,0x04,0x02,0x87,0xFE,0x44,0x00,0x24,0x80,0x04,0x86,
    0x04,0x98,0x24,0xE0,0x24,0x80,0x48,0x80,0x48,0x82,0x88,0x82,0x90,0x7E,0x00,0x00,0x20,0x20,0x20,0x20,0x23,0xFE,0xF9,0x04,
    0x20,0x88,0x23,0xFE,0x22,0x22,0x3A,0xFA,0xE2,0x22,0x22,0xFA,0x22,0x8A,0x22,0x8A,0x22,0xFA,0x22,0x02,0x62,0x0E,0x00,0x00,
    0x20,0x00,0x23,0xDE,0x20,0x42,0xFB,0xDE,0x20,0x42,0x23,0xDE,0x20,0x88,0x39,0x10,0xE1,0xFE,0x23,0x10,0x25,0xFC,0x21,0x10,
    0x21,0xFC,0x21,0x10,0x61,0xFE,0x00,0x00,0x10,0x20,0x10,0x20,0xFE,0x40,0x44,0x7E,0x28,0xC4,0xFE,0xC4,0x93,0x44,0xBA,0x44,
    0x92,0x28,0xBA,0x28,0xAA,0x28,0xAA,0x10,0xBA,0x28,0x82,0x44,0x8E,0x82,0x00,0x00,0x40,0x40,0x20,0x40,0x17,0xFE,0x02,0x08,
    0x81,0x10,0x47,0xFC,0x24,0x44,0x05,0xF4,0x04,0x44,0x25,0xF4,0x25,0x14,0x45,0x14,0x45,0xF4,0x84,0x04,0x84,0x1C,0x00,0x00,
    0x10,0x40,0x20,0x40,0xFC,0x7E,0x84,0x82,0x84,0x82,0x85,0x02,0x84,0x02,0xFC,0x42,0x84,0x22,0x84,0x22,0x84,0x02,0x84,0x02,
    0xFC,0x04,0x00,0x04,0x00,0x38,0x00,0x00,0x20,0x40,0x3E,0x7E,0x48,0x90,0x85,0x08,0x01,0x00,0x01,0x00,0x3F,0xFC,0x21,0x04,
    0x21,0x04,0x21,0x04,0x3F,0xFC,0x21,0x04,0x21,0x04,0x21,0x04,0x3F,0xFC,0x00,0x00,0x40,0x40,0x20,0x40,0x1F,0xFE,0x02,0x08,
    0x01,0x10,0x07,0xFC,0x04,0x44,0xE5,0xF4,0x24,0x44,0x25,0xF4,0x25,0x14,0x25,0xF4,0x24,0x0C,0x58,0x00,0x87,0xFE,0x00,0x00,
    0x30,0x20,0x48,0x20,0x83,0xFE,0x01,0x04,0xF8,0x88,0x23,0xFE,0x22,0x02,0xFA,0x22,0x22,0xFA,0x22,0x22,0xAA,0xFA,0x6A,0x8A,
    0x22,0xFA,0x32,0x02,0xC2,0x0E,0x00,0x00,0x40,0x00,0x2F,0xBE,0x10,0x82,0x00,0x82,0x87,0x9E,0x44,0x10,0x24,0x10,0x0F,0xBE,
    0x08,0xA2,0x24,0x92,0x20,0x82,0x42,0x8A,0x4C,0xB2,0x80,0x82,0x83,0x0C,0x00,0x00,0x10,0x0E,0x10,0xF0,0xFE,0x80,0x10,0x80,
    0x10,0xFE,0x1C,0x88,0xF1,0x08,0x11,0x08,0x32,0x08,0x00,0x00,0x3F,0xF8,0x20,0x08,0x20,0x08,0x20,0x08,0x3F,0xF8,0x00,0x00,
    0x12,0x10,0x12,0x10,0x2F,0xD0,0x42,0x3E,0x94,0xA4,0x1F,0xA4,0x20,0x44,0x27,0xA4,0x64,0xA4,0xA7,0xA8,0x24,0x98,0x27,0x98,
    0x24,0x94,0x24,0xA4,0x25,0xC2,0x00,0x00,0x22,0x10,0x22,0x10,0x2F,0xD0,0xF2,0x1E,0x24,0xA4,0x2F,0xA4,0x20,0x44,0x37,0xA4,
    0xE4,0xA4,0x27,0xA8,0x24,0x98,0x27,0x98,0x24,0x94,0x24,0xA4,0x65,0xC2,0x00,0x00,0x21,0x10,0x21,0x10,0xFB,0xD0,0x21,0x3E,
    0xFA,0x54,0xAB,0xD4,0xF8,0x14,0xAB,0xD4,0xFA,0x54,0x23,0xD4,0x22,0x48,0xFB,0xC8,0x22,0x54,0x22,0x54,0x22,0xE2,0x00,0x00,
    0x00,0x40,0x41,0x40,0x21,0x40,0x13,0xF8,0x02,0x40,0x04,0x40,0x00,0x40,0xE7,0xFC,0x20,0x40,0x20,0xA0,0x20,0xA0,0x21,0x10,
    0x26,0x0C,0x58,0x00,0x87,0xFE,0x00,0x00,0x30,0x20,0x49,0x20,0x81,0x20,0x01,0xFC,0xFA,0x20,0x22,0x20,0x20,0x20,0xFB,0xFE,
    0x20,0x20,0x20,0x50,0xA8,0x50,0x68,0x88,0x20,0x88,0x31,0x04,0xC2,0x02,0x00,0x00,0x04,0x80,0x04,0x80,0x3F,0xF0,0x24,0x90,
    0x24,0x90,0x24,0x90,0x3F,0xF0,0x24,0x90,0x24,0x90,0x24,0x90,0xFF,0xFC,0x00,0x00,0x08,0x60,0x30,0x18,0xC0,0x04,0x00,0x00,
    0x20,0x40,0x27,0xFE,0x20,0x40,0x23,0xFC,0xFA,0x04,0x23,0xFC,0x22,0x04,0x23,0xFC,0x22,0x04,0x23,0xFC,0x38,0x00,0xE7,0xFE,
    0x00,0x00,0x01,0x0C,0x06,0x02,0x00,0x00,0x00,0x00,0xFF,0xFE,0x01,0x00,0x01,0x00,0x01,0x00,0x01,0x00,0x7F,0xFC,0x02,0x80,
    0x02,0x80,0x04,0x40,0x04,0x40,0x08,0x20,0x10,0x10,0x20,0x08,0xC0,0x06,0x00,0x00,0x00,0x00,0x7F,0xFC,0x40,0x04,0x40,0x04,
    0x7F,0xFC,0x42,0x20,0x42,0x20,0x5F,0xFC,0x42,0x20,0x42,0x20,0x7F,0xFE,0x48,0x84,0x88,0x68,0x8F,0x18,0xB8,0x06,0x00,0x00,
    0x01,0x00,0x01,0x00,0x7F,0xFE,0x40,0x00,0x41,0x00,0x41,0x00,0x41,0xFC,0x41,0x00,0x41,0x00,0x4F,0xF8,0x48,0x08,0x48,0x08,
    0x88,0x08,0x88,0x08,0x8F,0xF8,0x00,0x00,0x40,0x1C,0x27,0xE0,0x10,0x40,0x00,0x40,0x8F,0xFE,0x40,0xA0,0x21,0x10,0x02,0x08,
    0x0C,0x86,0x20,0x80,0x20,0x80,0x44,0xA4,0x44,0x92,0x88,0x92,0x83,0x80,0x00,0x00,0x20,0x20,0x23,0xFE,0x4A,0xA4,0x8A,0xFC,
    0x52,0xA4,0x22,0xFC,0x22,0x20,0x4B,0xFE,0xFA,0x48,0x22,0x8E,0xAB,0x20,0xAA,0x20,0xA4,0xFC,0x24,0x20,0x25,0xFE,0x00,0x00,
    0x0C,0x88,0xF0,0x88,0x10,0x88,0x13,0xFE,0xFC,0x88,0x10,0x88,0x10,0x88,0x10,0x88,0xFC,0xF8,0x84,0x88,0x84,0x88,0x84,0x88,
    0x84,0x88,0x84,0x88,0xFC,0xF8,0x00,0x00,0x00,0x10,0x7C,0x10,0x44,0x10,0x44,0x1E,0x7C,0x10,0x44,0x10,0x44,0x10,0x7C,0x10,
    0x44,0xFE,0x44,0x82,0x7C,0x82,0x00,0x82,0x48,0x82,0x44,0x82,0x84,0xFE,0x00,0x00,0x20,0x00,0x20,0xFC,0xFC,0x00,0x20,0x00,
    0xFC,0x00,0xA4,0x00,0xFD,0xFE,0xA4,0x20,0xFC,0x20,0x20,0x40,0x20,0x48,0xFC,0x44,0x20,0x84,0x20,0xBA,0x23,0xC2,0x00,0x00,
    0x10,0x00,0x11,0xFE,0xFE,0x10,0x10,0x20,0x7C,0xFC,0x44,0x84,0x7C,0x84,0x44,0xFC,0x7C,0x84,0x44,0xFC,0x7C,0x84,0x00,0x84,
    0xFE,0xFC,0x28,0x48,0xC5,0x86,0x00,0x00,0x01,0x00,0x01,0x00,0x01,0xFC,0x01,0x00,0x01,0x00,0x01,0x00,0x3F,0xF8,0x20,0x08,
    0x20,0x08,0x20,0x08,0x3F,0xF8,0x00,0x00,0x44,0x44,0x42,0x22,0x82,0x22,0x00,0x00,0x10,0x00,0x13,0xFC,0x10,0x00,0x20,0x00,
    0x20,0x00,0x60,0x00,0x67,0xFE,0xA0,0x80,0xA0,0x80,0x21,0x00,0x21,0x08,0x21,0x04,0x22,0x0C,0x22,0x72,0x27,0x82,0x00,0x00,
    0x00,0x00,0x7E,0x78,0x42,0x48,0x42,0x48,0x7E,0x4A,0x40,0x8E,0x54,0x80,0x7E,0x00,0x54,0xFC,0x54,0x44,0x7E,0x44,0x40,0x28,
    0x94,0x10,0x92,0x28,0xA1,0xC6,0x00,0x00,0x40,0x00,0x2F,0xDC,0x18,0x54,0x08,0x54,0x8F,0xD4,0x48,0x26,0x2A,0x80,0x0F,0xC0,
    0x0A,0xBE,0x2A,0x92,0x2F,0xD4,0x48,0x14,0x52,0x88,0x92,0x54,0x94,0x62,0x00,0x00,0xFF,0xF8,0x82,0x08,0x82,0x08,0x82,0x08,
    0x82,0x08,0x82,0x08,0xFF,0xF8,0x82,0x08,0x82,0x08,0x82,0x08,0x82,0x08,0x82,0x08,0x82,0x08,0xFF,0xF8,0x00,0x00,0x00,0x00,
    0x7F,0xFC,0x01,0x00,0xFF,0xFE,0x81,0x02,0xBD,0x7A,0x01,0x00,0x3D,0x78,0x00,0x00,0x3F,0xF8,0x21,0x08,0x3F,0xF8,0x21,0x08,
    0x3F,0xFA,0x01,0x02,0x01,0xFE,0x00,0x00,0x00,0x7C,0x7F,0x80,0x01,0x00,0x01,0x00,0x3F,0xF8,0x21,0x08,0x21,0x08,0x21,0x08,
    0x3F,0xF8,0x04,0x80,0x04,0xA0,0x08,0x92,0x08,0x82,0x30,0x82,0xC0,0x7E,0x00,0x00,0x00,0x40,0x00,0x40,0xF0,0x40,0x90,0x40,
    0x90,0x40,0x97,0xFC,0x90,0x40,0x90,0x40,0x90,0x40,0x90,0x40,0x90,0x40,0xF0,0x40,0x00,0x40,0x00,0x40,0x0F,0xFE,0x00,0x00,
    0x20,0x40,0x20,0x42,0x23,0xF4,0x20,0x44,0xF8,0x48,0x27,0xFE,0x20,0x20,0x20,0x40,0x20,0xFC,0x39,0x84,0xE2,0x84,0x0C,0xFC,
    0x30,0x84,0x00,0x84,0x00,0xFC,0x00,0x00,0x20,0x40,0x10,0xA0,0x81,0x10,0x42,0x08,0x0D,0xF6,0x20,0x40,0x27,0xFC,0x40,0x40,
    0x42,0x4C,0x8C,0xC2,0x01,0x00,0x3F,0xF8,0x01,0x00,0x01,0x00,0xFF,0xFE,0x00,0x00,0x20,0x00,0x23,0xFE,0x20,0x40,0xF8,0x40,
    0x48,0x40,0x48,0x80,0x48,0x80,0x49,0xFC,0x89,0x84,0xD2,0x84,0xB4,0x84,0x10,0x84,0x28,0x84,0x44,0x84,0x80,0xFC,0x00,0x00,
    0x00,0x00,0x7F,0xFC,0x40,0x04,0x7F,0xFC,0x41,0x10,0x4F,0xE0,0x41,0x40,0x5F,0xFC,0x41,0x00,0x47,0xF8,0x4C,0x08,0x57,0xF8,
    0x84,0x08,0x84,0x08,0x87,0xF8,0x00,0x00,0x10,0x40,0x10,0x40,0x27,0xFC,0x40,0x40,0x90,0x40,0x1F,0xFE,0x20,0x40,0x20,0x40,
    0x62,0x40,0xA2,0x7C,0x22,0x40,0x22,0x40,0x25,0x40,0x24,0xC0,0x28,0x3E,0x00,0x00,0x00,0x20,0x10,0x20,0x08,0x20,0x04,0x20,
    0x00,0x20,0x20,0x20,0x10,0x20,0x08,0x20,0x00,0x2E,0x00,0xF0,0x0F,0x20,0xF0,0x20,0x00,0x20,0x00,0x20,0x00,0x20,0x00,0x00,
    0x20,0x40,0x20,0x40,0x20,0x40,0xF8,0x40,0x20,0x40,0x27,0xFC,0x70,0x40,0x70,0x40,0x68,0x40,0xA8,0x40,0xA0,0x40,0xA0,0x40,
    0x20,0x40,0x20,0x40,0x2F,0xFE,0x00,0x00,0x40,0x40,0x20,0x40,0x17,0xFE,0x04,0x90,0x87,0xFC,0x44,0x90,0x24,0xF0,0x04,0x00,
    0x05,0xF8,0x24,0x88,0x24,0x90,0x44,0x50,0x48,0x20,0x88,0xD8,0x93,0x06,0x00,0x00,0x00,0x80,0x7C,0x90,0x04,0x64,0x48,0x48,
    0x30,0x30,0x2F,0xD8,0xC0,0x06,0x00,0x00,0x3F,0xF8,0x20,0x08,0x20,0x08,0x3F,0xF8,0x08,0x20,0x04,0x40,0xFF,0xFE,0x00,0x00,
    0x08,0x20,0xFF,0xFE,0x08,0x20,0x04,0x00,0x0F,0xE0,0x10,0x40,0x20,0x80,0xFF,0xF8,0x21,0x08,0x21,0x08,0x3F,0xF8,0x04,0xA0,
    0x08,0x92,0x30,0x82,0xC0,0x7E,0x00,0x00,0x00,0x40,0x78,0x44,0x4B,0xF4,0x48,0x48,0x78,0x50,0x4F,0xFE,0x48,0x20,0x78,0x40,
    0x48,0xFC,0x49,0x84,0x7A,0x84,0x00,0xFC,0x48,0x84,0x44,0x84,0x84,0xFC,0x00,0x00,0x00,0x40,0x40,0xA0,0x23,0x18,0x1C,0x06,
    0x03,0xF8,0x00,0x40,0x00,0x40,0xEF,0xFE,0x20,0x40,0x22,0x48,0x24,0x44,0x21,0xC0,0x20,0x00,0x58,0x00,0x87,0xFE,0x00,0x00,
    0x08,0x00,0x08,0xBE,0x7E,0xA2,0x09,0x22,0x0A,0x24,0xFF,0xA4,0x08,0x28,0x10,0x24,0x3F,0x24,0x61,0x22,0xA1,0x22,0x3F,0x22,
    0x21,0x2C,0x21,0x20,0x3F,0x20,0x00,0x00,0x30,0x20,0x4B,0xFE,0x82,0x48,0x02,0x48,0xFB,0xFE,0x22,0x48,0x22,0x78,0xFA,0x00,
    0x22,0xFC,0x22,0x44,0xAA,0x48,0x6A,0x28,0x24,0x30,0x34,0x48,0xC9,0x86,0x00,0x00,0x00,0x0C,0xF9,0xF0,0x21,0x10,0x21,0x10,
    0x21,0x10,0x41,0xFE,0x79,0x10,0x49,0x10,0xC9,0x10,0x49,0x10,0x49,0xC8,0x4B,0x0A,0x78,0x0A,0x03,0xE6,0x00,0x02,0x00,0x00,
    0x00,0x00,0xF9,0xFE,0x21,0x00,0x21,0x00,0x21,0xFE,0x41,0x20,0x79,0x20,0x49,0x3C,0xC9,0x24,0x49,0x24,0x49,0x24,0x49,0x24,
    0x7A,0x44,0x02,0x44,0x04,0x98,0x00,0x00,0x20,0x00,0x21,0xFC,0xFC,0x84,0x44,0x88,0x44,0x48,0xC8,0x50,0xB8,0x20,0x14,0xD8,
    0x63,0x06,0x02,0x00,0xFF,0xF8,0x04,0x08,0x08,0x08,0x30,0x08,0xC0,0x70,0x00,0x00,0x00,0x80,0x00,0x80,0x3F,0xFE,0x20,0x00,
    0x22,0x20,0x3F,0xFC,0x22,0x20,0x23,0xE0,0x20,0x00,0x2F,0xF8,0x22,0x10,0x21,0x20,0x40,0xC0,0x43,0x30,0x9C,0x0E,0x00,0x00,
    0x01,0x00,0x01,0x00,0x01,0x00,0x01,0x00,0x01,0x00,0x7F,0xFC,0x01,0x00,0x01,0x00,0x01,0x00,0x01,0x00,0x01,0x00,0x01,0x00,
    0x01,0x00,0xFF,0xFE,0x00,0x00,0x00,0x00,0x20,0x00,0x21,0xFC,0x20,0x84,0xF8,0x84,0x48,0x84,0x48,0x88,0x48,0x48,0x48,0x48,
    0x88,0x50,0xD0,0x30,0xB0,0x30,0x10,0x28,0x28,0x48,0x44,0x84,0x81,0x02,0x00,0x00,0x10,0x00,0x10,0xFC,0xFE,0x44,0x22,0x44,
    0x22,0x28,0x62,0x28,0x54,0x10,0x0C,0x28,0x32,0xC6,0xC0,0x00,0x09,0x00,0x48,0x84,0x48,0x22,0x48,0x22,0x87,0xE0,0x00,0x00,
    0x10,0x02,0x1F,0xC2,0x22,0x12,0x22,0x12,0x64,0x92,0x64,0xD2,0xAF,0x52,0x20,0x12,0x22,0x12,0x2F,0xD2,0x22,0x12,0x22,0x02,
    0x23,0xC2,0x2E,0x02,0x20,0x0E,0x00,0x00,0x11,0x10,0x09,0x20,0xFF,0xFE,0x80,0x02,0x80,0x02,0x1F,0xF0,0x10,0x10,0x10,0x10,
    0x10,0x10,0x1F,0xF0,0x04,0x80,0x04,0x80,0x08,0x82,0x30,0x82,0xC0,0x7E,0x00,0x00,0x04,0x00,0x04,0x00,0x0F,0xF0,0x18,0x10,
    0x64,0x20,0x02,0x40,0x01,0x80,0x06,0x60,0x18,0x18,0xE3,0x06,0x00,0xC0,0x00,0x00,0x0E,0x00,0x01,0xC0,0x00,0x30,0x00,0x00,
    0x00,0x40,0x40,0x40,0x2F,0xFE,0x00,0x40,0x07,0xFC,0x04,0x44,0x07,0xFC,0x04,0x44,0x27,0xFC,0x20,0xE0,0x41,0x50,0x42,0x48,
    0x84,0x44,0x88,0x42,0x00,0x40,0x00,0x00,0x00,0x00,0xFF,0xFE,0x02,0x02,0x02,0x02,0x02,0x02,0x02,0x02,0x02,0x02,0x04,0x02,
    0x04,0x02,0x04,0x02,0x08,0x02,0x08,0x02,0x10,0x04,0x20,0x04,0xC0,0x38,0x00,0x00,0x01,0x00,0x01,0x00,0x7F,0xFE,0x40,0x80,
    0x4F,0xF8,0x40,0x88,0x7F,0xFE,0x40,0x88,0x4F,0xF8,0x40,0x00,0x4F,0xF8,0x48,0x08,0x88,0x08,0x88,0x08,0x8F,0xF8,0x00,0x00,
    0x21,0x10,0x2F,0xFE,0x21,0x10,0x20,0x40,0xF8,0xA0,0x21,0x10,0x22,0x08,0x2D,0xF6,0x20,0x00,0x20,0x00,0x3B,0xF8,0xE2,0x08,
    0x02,0x08,0x02,0x08,0x03,0xF8,0x00,0x00,0x20,0x40,0x20,0x40,0x27,0xFE,0x24,0x20,0xF5,0xFC,0x24,0x24,0x25,0xFE,0x24,0x24,
    0x25,0xFC,0x24,0x00,0x35,0xFC,0xE5,0x04,0x09,0x04,0x09,0x04,0x11,0xFC,0x00,0x00,0x02,0x00,0xFF,0xFE,0x04,0x20,0x08,0x10,
    0x3F,0xE8,0xC8,0x06,0x0F,0xE0,0x08,0x00,0x0F,0xE0,0x08,0x00,0xFF,0xFE,0x04,0x20,0x08,0x10,0x11,0xE8,0x7E,0x04,0x00,0x00,
    0x01,0x00,0x01,0x00,0xFF,0xFE,0x80,0x02,0x80,0x02,0x7F,0xFC,0x02,0x00,0x04,0x00,0x08,0x00,0x1F,0xF8,0x28,0x08,0xC8,0x08,
    0x08,0x08,0x08,0x08,0x0F,0xF8,0x00,0x00,0x02,0x00,0x04,0x00,0x3F,0xF0,0x20,0x10,0x3F,0xF0,0x20,0x10,0x3F,0xF0,0x20,0x00,
    0x3F,0xFC,0x20,0x00,0x3F,0xFC,0x08,0x04,0x88,0x84,0xFF,0x84,0x00,0x18,0x00,0x00,0x20,0x20,0x21,0xFC,0xA9,0x04,0xA9,0xFC,
    0xA9,0x04,0xA9,0xFC,0xA9,0x00,0xA9,0xFE,0xA9,0x00,0xA9,0xFE,0xF8,0x02,0x02,0xAA,0x02,0xAA,0x04,0x02,0x00,0x0C,0x00,0x00,
    0x20,0x40,0x20,0x40,0x20,0x7C,0xB0,0x40,0xAB,0xFC,0xAA,0x04,0xA3,0xFC,0x22,0x04,0x23,0xFC,0x20,0x40,0x20,0x40,0x2F,0xFE,
    0x20,0x40,0x20,0x40,0x20,0x40,0x00,0x00,0x20,0x00,0x20,0xF0,0x20,0x90,0xF8,0x92,0x21,0x12,0x21,0x1E,0x22,0x00,0x38,0x00,
    0xE3,0xFC,0x20,0x84,0x20,0x88,0x20,0x50,0x20,0x20,0x20,0xD8,0x63,0x06,0x00,0x00,0x21,0x10,0x2F,0xFE,0x21,0x10,0xF8,0x40,
    0x20,0xA0,0x21,0x10,0x22,0x08,0x3D,0xF6,0xE0,0x00,0x20,0x00,0x23,0xF8,0x22,0x08,0x22,0x08,0x22,0x08,0x63,0xF8,0x00,0x00,
    0x01,0x00,0x01,0x00,0xFF,0xFE,0x01,0x00,0x3F,0xF8,0x21,0x08,0x3F,0xF8,0x21,0x08,0x3F,0xF8,0x03,0x80,0x05,0x40,0x09,0x20,
    0x31,0x18,0xC1,0x06,0x01,0x00,0x00,0x00,0x20,0x90,0x20,0x90,0x20,0x90,0xFA,0x92,0x21,0x94,0x20,0x98,0x70,0x90,0x70,0x90,
    0x69,0x98,0xAA,0x94,0xA4,0x92,0xA1,0x10,0x21,0x12,0x22,0x12,0x24,0x1E,0x00,0x00,0x20,0x40,0x20,0x40,0x27,0xFE,0xF8,0x40,
    0x23,0xFC,0x20,0x80,0x77,0xFE,0x71,0x08,0x69,0x08,0xAF,0xFE,0xA2,0x08,0xA2,0x88,0x24,0x48,0x20,0x08,0x20,0x38,0x00,0x00,
    0x20,0x40,0x20,0x40,0x27,0xFE,0xF8,0x40,0x23,0xFC,0x22,0x44,0x73,0xFC,0x72,0x44,0x6B,0xFC,0xA8,0x40,0xA0,0xE0,0xA1,0x50,
    0x22,0x48,0x2C,0x46,0x20,0x40,0x00,0x00,0x01,0x00,0x41,0x00,0x23,0xFE,0x02,0x42,0x04,0x44,0x10,0x40,0x20,0xA0,0x41,0x18,
    0x86,0x06,0x00,0x00,0x3F,0xF8,0x24,0x88,0x24,0x88,0x24,0x88,0xFF,0xFE,0x00,0x00,0x44,0x00,0x24,0x00,0x07,0xFC,0x08,0x04,
    0x8A,0x04,0x53,0xE4,0x04,0x84,0x0F,0xF4,0x00,0x84,0x24,0x94,0x24,0x94,0x47,0xF4,0x40,0x04,0x80,0x04,0x80,0x38,0x00,0x00,
    0x40,0x00,0x23,0xFC,0x12,0x04,0x03,0xFC,0x82,0x04,0x43,0xFC,0x20,0x00,0x0F,0xFE,0x02,0x00,0x27,0xFE,0x28,0x92,0x41,0x12,
    0x42,0x22,0x84,0x42,0x80,0x9C,0x00,0x00,0x40,0x40,0x20,0x40,0x17,0xFE,0x00,0x40,0x83,0xFC,0x40,0x80,0x27,0xFE,0x01,0x08,
    0x01,0x08,0x27,0xFE,0x22,0x08,0x44,0x88,0x48,0x48,0x90,0x08,0x80,0x38,0x00,0x00,0x20,0x00,0x23,0xFE,0x24,0x10,0xA8,0x10,
    0xB0,0x10,0xA0,0x10,0xA0,0x10,0x20,0x10,0x20,0x10,0x20,0x10,0x50,0x10,0x48,0x10,0x40,0x10,0x80,0x10,0x80,0x70,0x00,0x00,
    0x23,0xA4,0x20,0xA8,0x22,0x92,0x29,0x0C,0xB2,0xF4,0xA4,0x02,0xA0,0x00,0xA3,0xFC,0x22,0x04,0x22,0x04,0x53,0xFC,0x49,0x08,
    0x40,0x88,0x80,0x90,0x87,0xFE,0x00,0x00,0x01,0x00,0x41,0x08,0x21,0x08,0x11,0x10,0x11,0x20,0x01,0x00,0x7F,0xFC,0x00,0x04,
    0x00,0x04,0x00,0x04,0x7F,0xFC,0x00,0x04,0x00,0x04,0x00,0x04,0x7F,0xFC,0x00,0x00,0x00,0x80,0x00,0x80,0x3F,0xFE,0x20,0x00,
    0xA0,0x00,0x6F,0xFE,0x20,0x00,0x20,0x00,0x67,0xFC,0xA4,0x04,0x24,0x04,0x27,0xFC,0x42,0x08,0x41,0x10,0x8F,0xFE,0x00,0x00,
    0x20,0x40,0x20,0x40,0x23,0xFE,0xF8,0x40,0x0B,0xFC,0x10,0x80,0x17,0xFE,0x21,0x08,0x69,0x08,0xB7,0xFE,0x2A,0x08,0x22,0x88,
    0x24,0x48,0x28,0x08,0x20,0x38,0x00,0x00,0x20,0x40,0x3E,0x7E,0x48,0x90,0x85,0x08,0x3F,0xF8,0x01,0x00,0x01,0x00,0xFF,0xFE,
    0x00,0x20,0x00,0x20,0x7F,0xFC,0x00,0x20,0x08,0x20,0x04,0x20,0x00,0xE0,0x00,0x00,0x20,0x40,0x3E,0x7E,0x48,0x90,0x85,0x08,
    0x03,0x80,0x0C,0x60,0x30,0x18,0xCF,0xE6,0x00,0x00,0x00,0x00,0x3F,0xF8,0x20,0x08,0x20,0x08,0x20,0x08,0x3F,0xF8,0x00,0x00,
    0x20,0x40,0x3E,0x7E,0x48,0x90,0x85,0x08,0x00,0x00,0x7F,0xFC,0x40,0x04,0x4F,0xE4,0x40,0x04,0x4F,0xE4,0x48,0x24,0x48,0x24,
    0x4F,0xE4,0x40,0x04,0x40,0x1C,0x00,0x00,0x20,0x20,0x20,0x20,0xAB,0xFE,0xB2,0x20,0x22,0xFC,0xFA,0x24,0x22,0xFE,0x22,0x24,
    0x72,0xFC,0x6A,0x00,0x62,0xFC,0xA2,0x84,0xA4,0x84,0x24,0x84,0x24,0xFC,0x00,0x00,0x20,0x20,0x20,0x20,0x4B,0xFE,0x88,0x40,
    0x50,0x48,0x20,0x8C,0x23,0xF2,0x48,0x00,0xF8,0x90,0x20,0x90,0xA8,0x90,0xA9,0x10,0xA1,0x12,0x22,0x12,0x24,0x1E,0x00,0x00,
    0x00,0x02,0xFF,0x82,0x08,0x12,0x12,0x12,0x11,0x12,0x27,0x92,0xF8,0x92,0x00,0x12,0x08,0x12,0x08,0x12,0x7F,0x12,0x08,0x02,
    0x09,0x82,0x0E,0x02,0xF8,0x0E,0x00,0x00,0x08,0x20,0xFF,0xFE,0x08,0x20,0x00,0x78,0x3F,0x80,0x01,0x00,0xFF,0xFE,0x11,0x10,
    0x1F,0xF0,0x11,0x10,0x1F,0xF0,0x01,0x00,0x3F,0xF8,0x01,0x00,0xFF,0xFE,0x00,0x00,0x08,0x20,0xFF,0xFE,0x08,0x20,0x47,0xF8,
    0x24,0x08,0x07,0xF8,0x84,0x08,0x47,0xF8,0x00,0x00,0x2F,0xFE,0x22,0x00,0x47,0xFC,0x49,0x24,0x92,0x44,0x84,0x98,0x00,0x00,
    0x08,0x20,0xFF,0xFE,0x08,0x20,0x01,0x24,0x78,0xA8,0x49,0xFC,0x48,0x50,0x7B,0xFE,0x48,0x88,0x49,0x24,0x7A,0xAA,0x48,0x20,
    0x48,0xAC,0x8B,0x22,0x98,0x60,0x00,0x00,0x00,0x08,0x7C,0x08,0x00,0x08,0xFE,0x08,0x01,0xFE,0x7C,0x08,0x00,0x08,0x7C,0x88,
    0x00,0x48,0x00,0x28,0x7C,0x08,0x44,0x08,0x44,0x08,0x44,0x08,0x7C,0x38,0x00,0x00,0x00,0xA8,0x7B,0xFE,0x48,0x50,0x4B,0xFE,
    0x48,0x88,0x79,0x74,0x4A,0x02,0x49,0xFC,0x48,0x00,0x79,0xFC,0x48,0x00,0x49,0xFC,0x49,0x04,0x89,0x04,0x99,0xFC,0x00,0x00,
    0x00,0x00,0xFF,0xFE,0x00,0x00,0x00,0x00,0x00,0x00,0x3F,0xF8,0x20,0x08,0x20,0x08,0x20,0x08,0x3F,0xF8,0x00,0x00,0x10,0x10,
    0x08,0x20,0x00,0x40,0xFF,0xFE,0x00,0x00,0x00,0x20,0x7C,0x20,0x44,0x22,0x47,0xB4,0x44,0xA8,0x7D,0x28,0x11,0x24,0x12,0x22,
    0x50,0x60,0x5C,0x00,0x51,0xFC,0x51,0x04,0x51,0xFC,0x5D,0x04,0xF1,0xFC,0x00,0x00,0x41,0x20,0x21,0x20,0x09,0x24,0x05,0x28,
    0x01,0x30,0x03,0x20,0x05,0x30,0xE9,0x28,0x22,0x20,0x22,0x24,0x24,0x24,0x28,0x3C,0x20,0x00,0x58,0x00,0x87,0xFE,0x00,0x00,
    0x40,0x38,0x23,0xC0,0x10,0x40,0x0F,0xFE,0x01,0x50,0x02,0x48,0x0C,0x46,0xE3,0xF8,0x20,0x88,0x20,0x90,0x21,0x3C,0x22,0x04,
    0x24,0x38,0x58,0x00,0x87,0xFE,0x00,0x00,0x30,0x00,0x4B,0xD4,0x80,0x58,0x02,0x92,0xF9,0x0C,0x22,0xF4,0x24,0x02,0xF9,0xF8,
    0x21,0x08,0x21,0x08,0xA9,0xF8,0x69,0x08,0x20,0x88,0x30,0x90,0xC7,0xFE,0x00,0x00,0x01,0x00,0xF9,0x00,0x8B,0xFC,0x92,0x04,
    0x95,0x04,0xA1,0xE4,0x92,0x84,0x90,0x84,0x8B,0xF4,0x88,0x84,0x8A,0xA4,0xB2,0xA4,0x83,0xE4,0x80,0x04,0x80,0x38,0x00,0x00,
    0x00,0x00,0xFD,0xFE,0x00,0x10,0x00,0x20,0x7C,0xFC,0x44,0x84,0x44,0xFC,0x7C,0x84,0x00,0xFC,0x44,0x84,0x44,0x84,0x24,0xFC,
    0x28,0x00,0x06,0x4C,0xF9,0x82,0x00,0x00,0x01,0x24,0x78,0xA8,0x4B,0xFE,0x48,0x50,0x4B,0xFE,0x78,0x88,0x49,0x04,0x4A,0xFA,
    0x48,0xA0,0x78,0xFC,0x48,0xA0,0x48,0xFE,0x49,0x52,0x8A,0x52,0x98,0x0C,0x00,0x00,0xFC,0xFC,0x84,0x84,0xFC,0xFC,0x84,0x84,
    0xFC,0xFC,0x80,0x04,0xBF,0x24,0x80,0x24,0x9E,0xF4,0x92,0x24,0x9E,0xA4,0x92,0x24,0x97,0x24,0xB8,0x64,0x80,0x1C,0x00,0x00,
    0x11,0x90,0x1E,0x10,0x22,0x10,0x2F,0x90,0x62,0x7E,0x6F,0x92,0xAA,0x92,0x2F,0x92,0x2A,0x92,0x2F,0x92,0x22,0x22,0x2F,0xA2,
    0x22,0x22,0x23,0xC2,0x2E,0x5C,0x00,0x00,0x07,0x10,0x78,0x10,0x08,0x10,0xFF,0x90,0x08,0x7E,0x7F,0x12,0x49,0x12,0x7F,0x12,
    0x49,0x12,0x7F,0x22,0x08,0x22,0x7F,0x22,0x08,0x42,0x0F,0x42,0xF8,0x8C,0x00,0x00,0xFF,0xFC,0x80,0x04,0x80,0x04,0x9F,0xE4,
    0x80,0x04,0x80,0x04,0x8F,0xC4,0x88,0x44,0x88,0x44,0x88,0x44,0x8F,0xC4,0x80,0x04,0x80,0x04,0x80,0x04,0x80,0x1C,0x00,0x00,
    0x11,0x10,0x09,0x20,0xFF,0xFE,0x80,0x02,0x80,0x02,0x1F,0xF0,0x10,0x10,0x10,0x10,0x1F,0xF0,0x01,0x00,0x01,0x00,0x3F,0xF8,
    0x01,0x00,0x01,0x00,0xFF,0xFE,0x00,0x00,0x40,0x90,0x27,0xFE,0x00,0x40,0x03,0xFC,0xE2,0x04,0x23,0xFC,0x22,0x04,0x23,0xFC,
    0x50,0x00,0x8F,0xFE,0x00,0x10,0xFF,0xFE,0x08,0x10,0x04,0x10,0x00,0x70,0x00,0x00,0x20,0x40,0x23,0xFC,0x21,0x08,0xB0,0x90,
    0xAB,0xFE,0xA8,0x00,0xA3,0xFC,0x22,0x44,0x23,0xFC,0x22,0x44,0x23,0xFC,0x20,0x40,0x23,0xFC,0x20,0x40,0x27,0xFE,0x00,0x00,
    0x20,0x40,0x23,0xFC,0x21,0x08,0xF8,0x90,0x27,0xFE,0x20,0x00,0x23,0xFC,0x3A,0x44,0xE3,0xFC,0x22,0x44,0x23,0xFC,0x20,0x40,
    0x23,0xFC,0x20,0x40,0x67,0xFE,0x00,0x00,0x40,0x00,0x27,0xFE,0x14,0x02,0x04,0x02,0x85,0xFA,0x44,0x02,0x24,0x02,0x04,0xF2,
    0x04,0x92,0x24,0x92,0x24,0x92,0x44,0xF2,0x44,0x02,0x84,0x02,0x84,0x0E,0x00,0x00,0x00,0x40,0xF3,0xFC,0x91,0x08,0x90,0x90,
    0x97,0xFE,0xF0,0x00,0x93,0xFC,0x92,0x44,0x93,0xFC,0xF2,0x44,0x93,0xFC,0x90,0x40,0x93,0xFC,0xF0,0x40,0x07,0xFE,0x00,0x00,
    0x01,0x00,0x7F,0xFC,0x08,0x20,0x04,0x40,0xFF,0xFE,0x00,0x00,0x1F,0xF0,0x11,0x10,0x1F,0xF0,0x11,0x10,0x1F,0xF0,0x01,0x00,
    0x3F,0xF8,0x01,0x00,0xFF,0xFE,0x00,0x00,0x00,0x00,0x79,0xFE,0x49,0x02,0x49,0x02,0x49,0x7A,0x79,0x02,0x49,0x02,0x49,0x7A,
    0x49,0x4A,0x79,0x4A,0x49,0x4A,0x49,0x7A,0x49,0x02,0x89,0x02,0x99,0x0E,0x00,0x00,0x08,0x20,0xFF,0xFE,0x08,0x20,0x20,0x00,
    0x7F,0xFE,0x50,0x02,0x9F,0xE2,0x22,0x02,0x7F,0xF2,0x02,0x02,0x12,0x22,0x12,0x22,0x1F,0xE4,0x00,0x04,0x00,0x18,0x00,0x00,
    0x41,0x08,0x20,0x90,0x17,0xFE,0x00,0x40,0x00,0x80,0x03,0xFC,0x02,0x04,0xE3,0xFC,0x22,0x04,0x23,0xFC,0x22,0x04,0x23,0xFC,
    0x20,0x00,0x58,0x00,0x87,0xFE,0x00,0x00,0x10,0x00,0x29,0xFE,0x45,0x02,0x81,0x02,0x7D,0x7A,0x11,0x02,0x11,0x02,0xFD,0x7A,
    0x11,0x4A,0x95,0x4A,0x55,0x4A,0x51,0x7A,0x11,0x02,0x1D,0x02,0xE1,0x0E,0x00,0x00,0x20,0x40,0x20,0x40,0x20,0x7C,0xA8,0x40,
    0xA8,0x40,0xAB,0xFE,0xA8,0x00,0xA8,0x00,0xAB,0xFE,0xA8,0x40,0xA8,0x70,0xF8,0x48,0x00,0x44,0x00,0x40,0x00,0x40,0x00,0x00,
    0x40,0x20,0x40,0xFC,0x4C,0x84,0x70,0xFC,0x40,0x84,0x42,0xFC,0x3E,0x80,0x00,0xFE,0x10,0x80,0x10,0xFE,0xFE,0x02,0x11,0x52,
    0x11,0x52,0x12,0x02,0x10,0x0C,0x00,0x00,0xFF,0xFE,0x80,0x00,0x84,0x40,0xBF,0xFC,0x84,0x40,0x82,0x00,0xBF,0xFC,0x84,0x00,
    0x8F,0xF0,0x94,0x10,0xA4,0x10,0x87,0xF0,0x80,0x00,0x80,0x00,0xFF,0xFE,0x00,0x00,0x10,0x00,0x13,0xF8,0x22,0x08,0x43,0xF8,
    0x92,0x08,0x13,0xF8,0x20,0x00,0x2F,0xFE,0x60,0x10,0xA0,0x10,0x2F,0xFE,0x22,0x10,0x21,0x10,0x20,0x10,0x20,0x70,0x00,0x00,
    0x10,0x40,0x10,0x40,0x27,0xFE,0x40,0x40,0x97,0xFE,0x14,0x92,0x24,0x92,0x27,0xFE,0x60,0x00,0xA0,0x40,0x21,0x24,0x25,0x02,
    0x25,0x02,0x29,0x08,0x20,0xF8,0x00,0x00,0x40,0x40,0x20,0x40,0x17,0xFE,0x00,0x40,0x83,0xFC,0x40,0x00,0x20,0x00,0x07,0xFE,
    0x04,0x02,0x25,0x22,0x21,0x20,0x41,0x20,0x41,0x22,0x82,0x22,0x8C,0x1E,0x00,0x00,0x10,0x20,0x10,0x20,0x51,0xFC,0x50,0x20,
    0x7C,0x20,0x93,0xFE,0x90,0x08,0x10,0x08,0x3B,0xFE,0xD0,0x08,0x10,0x88,0x10,0x48,0x10,0x08,0x10,0x08,0x10,0x38,0x00,0x00,
    0x10,0x00,0x1E,0xFC,0x10,0x44,0xFF,0x44,0x10,0x28,0x54,0x10,0xB2,0xEE,0x00,0x00,0x3F,0xF8,0x20,0x08,0x3F,0xF8,0x20,0x08,
    0x3F,0xF8,0x20,0x08,0x3F,0xF8,0x00,0x00,0x00,0x38,0x3F,0xC0,0x01,0x00,0x01,0x00,0xFF,0xFE,0x05,0x40,0x09,0x20,0x31,0x18,
    0xC4,0x46,0x04,0x40,0x04,0x40,0x08,0x40,0x08,0x42,0x30,0x42,0xC0,0x3E,0x00,0x00,0x20,0x40,0x3E,0x7E,0x48,0x90,0x85,0x08,
    0x3F,0xFC,0x21,0x00,0x3F,0xF8,0x21,0x00,0x3F,0xF8,0x21,0x00,0x3F,0xFE,0x00,0x02,0x49,0x22,0x44,0x92,0x80,0x0C,0x00,0x00,
    0x01,0x00,0x7F,0xFC,0x01,0x00,0x3F,0xF8,0x01,0x00,0xFF,0xFE,0x00,0x00,0x1F,0xF0,0x11,0x10,0xFF,0xFE,0x22,0x10,0x22,0x10,
    0x7F,0xFC,0x40,0x10,0x00,0xE0,0x00,0x00,0x08,0x40,0x88,0x40,0x50,0x40,0x23,0xFC,0x62,0x44,0xA2,0x44,0x12,0x44,0x12,0x44,
    0x33,0xFC,0x50,0x40,0x90,0x40,0x10,0x48,0x10,0x44,0x10,0x7E,0x67,0xC2,0x00,0x00,0x00,0x20,0x7C,0x20,0x01,0xFE,0xFC,0x20,
    0x00,0xFC,0x7C,0x00,0x01,0xFE,0x7D,0x02,0x01,0x02,0x00,0x48,0x7C,0x48,0x44,0x48,0x44,0x8A,0x44,0x8A,0x7D,0x0E,0x00,0x00,
    0x20,0x0E,0x23,0xF0,0x22,0x00,0xFA,0x00,0x23,0xFE,0x22,0x40,0x72,0x40,0x72,0x7C,0x6A,0x44,0xAA,0x44,0xA2,0x44,0xA2,0x44,
    0x24,0x84,0x24,0x84,0x29,0x18,0x00,0x00,0x20,0x80,0x20,0xF0,0x21,0x20,0xFB,0xFE,0x26,0x22,0x22,0x22,0x73,0xFE,0x70,0x40,
    0x69,0xA2,0xAE,0x74,0xA1,0x98,0xA6,0x38,0x20,0xD4,0x27,0x12,0x20,0x60,0x00,0x00,0x00,0x00,0x0F,0xC0,0x08,0x40,0x08,0x40,
    0x08,0x40,0x08,0x40,0xF8,0x7C,0x80,0x04,0x80,0x04,0x80,0x04,0x80,0x04,0x80,0x04,0x80,0x04,0xFF,0xFC,0x00,0x00,0x00,0x00,
    0x02,0x00,0x02,0x00,0xFF,0xFC,0x88,0x84,0x88,0x84,0x10,0x88,0x60,0x78,0x02,0x00,0x02,0x00,0xFF,0xFC,0x02,0x00,0x05,0x00,
    0x08,0x80,0x30,0x60,0xC0,0x1C,0x00,0x00,0x20,0x80,0x23,0x38,0x22,0x28,0xFA,0x28,0x23,0xAA,0x22,0x4E,0x72,0x40,0x73,0xBC,
    0x6A,0x24,0xAA,0x24,0xA2,0x24,0xA3,0x98,0x2E,0x18,0x22,0x24,0x22,0x42,0x00,0x00,0x00,0x00,0x3F,0xFE,0x20,0x02,0x20,0x02,
    0x3F,0xFE,0x20,0x00,0x20,0x40,0x20,0x40,0x27,0xFE,0x24,0x42,0x24,0x42,0x27,0xFE,0x44,0x42,0x44,0x42,0x87,0xFE,0x00,0x00,
    0x00,0x88,0xFF,0xFE,0x02,0x20,0x3F,0xF2,0x20,0x1A,0x3F,0xF6,0x20,0x10,0x3F,0xF0,0x20,0x00,0x3F,0xFE,0x20,0x00,0x3F,0xFE,
    0x49,0x22,0x84,0x92,0x00,0x0C,0x00,0x00,0x08,0x20,0x08,0x20,0xFF,0xFE,0x08,0x20,0x02,0x00,0x02,0x00,0x03,0xF8,0x02,0x00,
    0x02,0x00,0x3F,0xF0,0x20,0x10,0x20,0x10,0x20,0x10,0x20,0x10,0x3F,0xF0,0x00,0x00,0x01,0x00,0x01,0x00,0xFF,0xFE,0x80,0x02,
    0x80,0x02,0x3F,0xF8,0x01,0x00,0x3F,0xF8,0x21,0x08,0x3F,0xF8,0x21,0x08,0x21,0x08,0x3F,0xF8,0x10,0x10,0xE0,0x0E,0x00,0x00,
    0x00,0x00,0xFF,0xFC,0x04,0x80,0x04,0x80,0x7F,0xF8,0x44,0x88,0x44,0x88,0x48,0x88,0x48,0x78,0x50,0x08,0x40,0x08,0x7F,0xF8,
    0x40,0x08,0x40,0x08,0x7F,0xF8,0x00,0x00,0x44,0x20,0x2F,0x38,0x04,0x48,0x0F,0x10,0x84,0x7C,0x5F,0x94,0x00,0x14,0x0F,0x7E,
    0x09,0x14,0x2F,0x14,0x29,0x7C,0x4F,0x10,0x49,0x10,0x89,0x10,0x8B,0x30,0x00,0x00,0x02,0x00,0x02,0x3E,0xE3,0x88,0xAE,0x10,
    0xA2,0x3E,0xA2,0x22,0xAA,0xA2,0xAA,0xBE,0xAA,0xA2,0xAA,0xBE,0xAF,0xA2,0xA2,0x22,0xE2,0xBE,0x02,0x94,0x03,0xA2,0x00,0x00,
    0x01,0x00,0x01,0x1E,0xFF,0xE0,0x01,0x00,0x21,0x08,0x21,0x08,0x21,0x08,0x21,0x08,0x21,0x08,0x3F,0xF8,0x01,0x00,0x01,0x00,
    0x01,0x02,0x01,0x02,0x00,0xFE,0x00,0x00,0x20,0x20,0x23,0xFE,0x20,0x00,0xB1,0xFC,0xA9,0x04,0xA9,0x04,0xA1,0xFC,0x20,0x00,
    0x21,0xFC,0x20,0x18,0x20,0x20,0x23,0xFE,0x20,0x20,0x20,0x20,0x20,0xE0,0x00,0x00,0x10,0x20,0x10,0x20,0xFF,0x20,0x00,0x7E,
    0x7E,0x44,0x42,0xC4,0x43,0x44,0x7E,0x44,0x00,0x28,0x7C,0x28,0x08,0x28,0x13,0x10,0xFC,0x28,0x10,0x44,0x71,0x82,0x00,0x00,
    0x40,0x40,0x20,0x4E,0x17,0xF0,0x00,0x40,0x84,0x44,0x44,0x44,0x24,0x44,0x04,0x44,0x04,0x44,0x27,0xFC,0x20,0x40,0x40,0x40,
    0x40,0x42,0x80,0x42,0x80,0x3E,0x00,0x00,0x00,0x00,0x7B,0xFC,0x48,0x40,0x48,0x80,0x4B,0x42,0x78,0x44,0x48,0xE8,0x49,0x30,
    0x4A,0x30,0x78,0x68,0x48,0xA8,0x49,0x24,0x4A,0x22,0x88,0x20,0x98,0xC0,0x00,0x00,0x40,0x0E,0x27,0xF0,0x14,0x20,0x04,0x20,
    0x07,0xFE,0x04,0x40,0x04,0xFC,0xE4,0x84,0x24,0xFC,0x24,0x84,0x28,0xFC,0x28,0x84,0x20,0xFC,0x58,0x00,0x87,0xFE,0x00,0x00,
    0x10,0x00,0x10,0x7E,0x13,0x08,0xFC,0x10,0x10,0x7E,0x10,0x42,0x52,0x7E,0x52,0x42,0x52,0x7E,0x7E,0x42,0x10,0x42,0x11,0x7E,
    0x11,0x00,0x0F,0x24,0x00,0x42,0x00,0x00,0x00,0x38,0x3F,0xC0,0x02,0x00,0x02,0x00,0x7F,0xFC,0x04,0x80,0x08,0x40,0x30,0x30,
    0xC0,0x0E,0x1F,0xF0,0x10,0x10,0x10,0x10,0x10,0x10,0x10,0x10,0x1F,0xF0,0x00,0x00,0x00,0x00,0x3F,0xF8,0x20,0x08,0x3F,0xF8,
    0x20,0x08,0xFF,0xFE,0x81,0x02,0xBD,0x7A,0x00,0x00,0x1F,0xF0,0x00,0x00,0xFF,0xFE,0x04,0x10,0x08,0x78,0x7F,0x84,0x00,0x00,
    0x10,0x20,0x28,0x20,0x44,0x2E,0x83,0xF0,0x7C,0x20,0x11,0x24,0x11,0x24,0xFD,0x24,0x11,0x24,0x95,0xFC,0x54,0x20,0x50,0x20,
    0x10,0x22,0x1C,0x22,0xE0,0x1E,0x00,0x00,0x01,0x00,0x01,0x00,0xFF,0xFE,0x02,0x80,0x04,0x40,0x18,0x30,0xE7,0xCE,0x00,0x00,
    0x00,0x00,0xFF,0xFE,0x01,0x00,0x11,0x10,0x11,0x08,0x21,0x04,0x47,0x04,0x00,0x00,0x00,0x00,0x7E,0x7E,0x12,0x42,0x12,0x42,
    0x12,0x44,0x7E,0x44,0x12,0x48,0x12,0x44,0x12,0x44,0x7E,0x42,0x22,0x42,0x22,0x42,0x42,0x5C,0x42,0x40,0x8C,0x40,0x00,0x00,
    0x02,0x00,0x02,0x00,0xFF,0xFC,0x82,0x04,0x82,0x04,0x85,0x04,0x84,0x84,0x88,0x44,0x90,0x24,0xA0,0x24,0x80,0x04,0x80,0x04,
    0x80,0x04,0x80,0x04,0x80,0x1C,0x00,0x00,0x10,0x00,0x10,0x00,0x3F,0xFE,0x22,0x00,0x42,0x00,0x42,0x00,0x83,0xFC,0x02,0x00,
    0x02,0x00,0x02,0x00,0x03,0xFC,0x02,0x00,0x02,0x00,0x02,0x00,0x02,0x00,0x00,0x00,0x00,0x00,0x3F,0xF8,0x20,0x08,0x21,0x08,
    0x21,0x08,0x21,0x08,0x25,0x08,0x25,0xC8,0x25,0x08,0x25,0x08,0x25,0x08,0x25,0x0A,0x5F,0xEA,0x40,0x06,0x80,0x02,0x00,0x00,
    0x08,0x20,0xFF,0xFE,0x08,0x20,0x20,0x88,0x20,0x90,0x7D,0xFE,0x51,0x90,0x92,0x90,0x10,0xFC,0xFE,0x90,0x10,0x90,0x28,0xFC,
    0x24,0x90,0x42,0x90,0x80,0xFE,0x00,0x00,0x00,0x10,0x7A,0x10,0x01,0x54,0xFC,0x58,0x00,0x10,0x78,0xFE,0x00,0x10,0x7B,0x38,
    0x01,0x38,0x01,0x54,0x79,0x54,0x49,0x92,0x49,0x10,0x4A,0x80,0x7C,0x7E,0x00,0x00,0x45,0x14,0x2F,0x94,0x15,0x28,0x02,0x7E,
    0x8F,0xA8,0x4A,0xA8,0x2A,0xBE,0x0F,0xA8,0x02,0x28,0x2F,0xA8,0x22,0x3E,0x5F,0xA8,0x45,0x28,0x88,0xA8,0x90,0x3E,0x00,0x00,
    0x20,0x40,0x20,0x40,0x27,0xFC,0xF0,0xA0,0x21,0x10,0x22,0x08,0x2D,0xF6,0x30,0x00,0xE0,0x00,0x27,0xFC,0x20,0x40,0x21,0x50,
    0x22,0x48,0x24,0x44,0x60,0xC0,0x00,0x00,0x10,0x00,0x28,0xFC,0x44,0x84,0x80,0x84,0x7C,0xBC,0x10,0xA4,0x11,0xFE,0xFD,0x02,
    0x11,0x7A,0x95,0x4A,0x55,0x4A,0x51,0x7A,0x11,0x02,0x1D,0x02,0xE1,0x0E,0x00,0x00,0x21,0x04,0x20,0x88,0x23,0xFE,0xF8,0x50,
    0x20,0x50,0x23,0xFE,0x72,0x52,0x72,0x52,0x6A,0x9E,0xAB,0x02,0xA2,0x02,0xA3,0xFE,0x22,0x02,0x22,0x02,0x23,0xFE,0x00,0x00,
    0x00,0x82,0x7E,0x82,0x48,0x92,0x7E,0x92,0x48,0x92,0x7E,0x92,0x48,0x92,0x48,0x92,0x7E,0x92,0x02,0x92,0xAA,0x92,0xAA,0x92,
    0x84,0x92,0x05,0x02,0x19,0x02,0x00,0x00,0x20,0x00,0x23,0xFC,0x4A,0x44,0x8B,0xFC,0x52,0x44,0x23,0xFC,0x20,0x40,0x4B,0xFC,
    0xFA,0x44,0x23,0xFC,0xAA,0x44,0xAB,0xFC,0xA0,0x40,0x20,0x42,0x20,0x3E,0x00,0x00,0x00,0x00,0x03,0xDE,0xF8,0x42,0xAA,0x52,
    0xA9,0x94,0xA9,0x48,0xAA,0x14,0xF8,0x22,0xA8,0x00,0xAB,0xDE,0xA8,0x52,0xAA,0x52,0xF9,0x8C,0x01,0x9C,0x06,0x62,0x00,0x00,
    0x01,0x00,0x01,0x00,0xFF,0xFE,0x01,0x00,0x01,0x00,0x7F,0xFC,0x48,0x24,0x44,0x44,0x4F,0xE4,0x41,0x04,0x41,0x04,0x4F,0xE4,
    0x41,0x04,0x41,0x04,0x41,0x1C,0x00,0x00,0x20,0x20,0x20,0x20,0x23,0xFE,0xF8,0x20,0x20,0x20,0x23,0xFE,0x72,0x02,0x72,0x8A,
    0x6A,0x52,0xAA,0xFA,0xA2,0x22,0xA2,0xFA,0x22,0x22,0x22,0x22,0x22,0x0E,0x00,0x00,0x10,0x40,0x10,0x40,0xFE,0xFE,0x10,0xA2,
    0x7C,0xA2,0x55,0x24,0x7C,0x20,0x54,0x20,0x54,0x50,0x7C,0x50,0x10,0x50,0xFE,0x88,0x10,0x88,0x11,0x04,0x12,0x02,0x00,0x00,
    0x24,0x24,0xFF,0x24,0x24,0x48,0x00,0x7E,0x7E,0xC8,0x53,0x48,0x52,0x48,0x7E,0x7E,0x10,0x48,0x7E,0x48,0x10,0x7E,0xFF,0x48,
    0x18,0x48,0x24,0x48,0xC2,0x7E,0x00,0x00,0x40,0x80,0x20,0x80,0x10,0x80,0x01,0x00,0x8F,0xFE,0x41,0x08,0x21,0x08,0x02,0x08,
    0x02,0x10,0x27,0x10,0x24,0xE0,0x40,0x30,0x40,0x48,0x81,0x84,0x8E,0x02,0x00,0x00,0x00,0x00,0x00,0x00,0x3F,0xF8,0x00,0x00,
    0x00,0x00,0x00,0x00,0x00,0x00,0x00,0x00,0x00,0x00,0x00,0x00,0x00,0x00,0x00,0x00,0xFF,0xFE,0x00,0x00,0x00,0x00,0x00,0x00,
    0x00,0x00,0x3F,0xFC,0x20,0x04,0x20,0x04,0x20,0x04,0x3F,0xFC,0x20,0x00,0x24,0x00,0x24,0x0C,0x24,0x70,0x27,0x80,0x24,0x00,
    0x44,0x02,0x44,0x02,0x83,0xFE,0x00,0x00,0x00,0x40,0x7E,0x48,0x00,0x44,0x00,0x40,0xFF,0xFE,0x00,0x40,0x00,0x40,0x00,0x40,
    0x3E,0x20,0x00,0x20,0x00,0x20,0x00,0x10,0x07,0x12,0x78,0x0A,0x00,0x06,0x00,0x00,0x41,0x00,0x21,0x00,0x11,0xFE,0x02,0x20,
    0x02,0x20,0x04,0x20,0x01,0x28,0xE1,0x28,0x22,0x24,0x22,0x24,0x24,0x24,0x20,0x20,0x20,0xE0,0x58,0x00,0x87,0xFE,0x00,0x00,
    0x08,0x00,0x08,0x00,0x10,0x00,0x1F,0xFE,0x20,0x02,0x20,0x02,0x48,0x62,0x89,0x82,0x0E,0x02,0x08,0x02,0x08,0x22,0x08,0x22,
    0x07,0xE4,0x00,0x04,0x00,0x38,0x00,0x00,0x00,0x00,0x79,0xFE,0x49,0x00,0x49,0x00,0x79,0x7C,0x49,0x00,0x49,0x00,0x79,0xFE,
    0x49,0x50,0x49,0x52,0x79,0x4C,0x01,0x48,0x52,0x44,0x4A,0x74,0x85,0xC2,0x00,0x00,0x02,0x00,0x02,0x00,0xFF,0xFC,0x82,0x04,
    0x85,0x84,0x88,0x44,0xB0,0x24,0x82,0x04,0x82,0x04,0x85,0x84,0x88,0x44,0xB0,0x24,0x80,0x04,0x80,0x04,0x80,0x1C,0x00,0x00,
    0x20,0x00,0x20,0x00,0x21,0xFC,0xF8,0x20,0xA8,0x20,0xA8,0x20,0xA8,0x20,0xA8,0x20,0xA8,0x20,0xF8,0x20,0x20,0x20,0x28,0x20,
    0x28,0x20,0x34,0x20,0xC5,0xFE,0x00,0x00,0x10,0x10,0x10,0x10,0x10,0x10,0x10,0x10,0xFF,0xFE,0x10,0x10,0x10,0x10,0x10,0x10,
    0x10,0x10,0x10,0x10,0x10,0x10,0x10,0x10,0x10,0x10,0x10,0x10,0x1F,0xF0,0x00,0x00,0x3F,0xF0,0x20,0x10,0x20,0x10,0x20,0x10,
    0x20,0x10,0x20,0x10,0x20,0x10,0x3F,0xF0,0x20,0x10,0x20,0x10,0x20,0x10,0x20,0x10,0x20,0x10,0x20,0x10,0x3F,0xF0,0x00,0x00,
    0x07,0x20,0xF8,0x20,0x01,0x20,0x91,0x20,0x4A,0x20,0x00,0x20,0xFF,0x20,0x06,0x20,0x08,0x20,0x0B,0x20,0x1C,0x20,0xE8,0x22,
    0x08,0x22,0x08,0x22,0x38,0x1E,0x00,0x00,0x00,0x00,0x1F,0x00,0x01,0x00,0x01,0x00,0x01,0x00,0x01,0x00,0x02,0x80,0x02,0x80,
    0x02,0x80,0x04,0x40,0x04,0x40,0x08,0x20,0x10,0x10,0x20,0x08,0xC0,0x06,0x00,0x00,0x20,0x00,0x20,0x00,0x20,0xFC,0xFC,0x84,
    0x44,0x84,0x44,0x84,0x44,0x84,0x48,0x84,0x88,0x84,0xC8,0x84,0xB0,0x84,0x18,0x84,0x24,0x84,0x42,0xFC,0x80,0x00,0x00,0x00,
    0x00,0x00,0x7F,0xFC,0x40,0x04,0x40,0x04,0x7F,0xFC,0x40,0x00,0x40,0x80,0x40,0x84,0x5E,0xC8,0x42,0xD0,0x44,0xA0,0x44,0x90,
    0x88,0x88,0xB0,0x86,0x83,0x80,0x00,0x00,0x08,0x20,0xFF,0xFE,0x08,0x20,0x00,0x00,0x04,0x40,0xFC,0x7E,0x04,0x40,0x04,0x40,
    0x7C,0x7C,0x04,0x40,0x04,0x40,0x7C,0x7C,0x04,0x40,0x04,0x40,0xFF,0xFE,0x00,0x00,0x10,0x1C,0x17,0xE0,0x10,0x40,0x20,0x40,
    0x20,0x40,0x60,0x40,0x60,0x40,0xAF,0xFE,0xA0,0x40,0x20,0x40,0x20,0x40,0x20,0x40,0x20,0x40,0x20,0x40,0x27,0xFC,0x00,0x00,
    0x20,0x00,0x20,0x1C,0x21,0xE0,0xF8,0x20,0x48,0x20,0x48,0x20,0x48,0x20,0x4B,0xFE,0x88,0x20,0xD0,0x20,0xB0,0x20,0x10,0x20,
    0x28,0x20,0x44,0x20,0x81,0xFC,0x00,0x00,0x00,0x00,0x7F,0xFC,0x02,0x04,0x02,0x04,0x1C,0x04,0x06,0x04,0x09,0x08,0x30,0x08,
    0xC0,0x70,0x01,0x00,0x08,0x80,0x48,0x04,0x48,0x22,0x88,0x22,0x07,0xE0,0x00,0x00,0x00,0x00,0x7D,0xFE,0x00,0x22,0xFC,0x22,
    0x01,0xA2,0x7C,0x62,0x00,0x52,0x7C,0x82,0x01,0x0C,0x00,0x20,0x7C,0x54,0x45,0x42,0x45,0x42,0x46,0x44,0x7C,0x3C,0x00,0x00,
    0x40,0x00,0x27,0xFC,0x10,0x40,0x0F,0xFE,0x88,0x42,0x4B,0x5A,0x20,0x00,0x0F,0xFE,0x00,0x40,0x20,0x80,0x27,0xFE,0x44,0x92,
    0x44,0x92,0x84,0x92,0x84,0x96,0x00,0x00,0x20,0x00,0x23,0xFE,0x21,0x24,0xFA,0x22,0x0B,0xFE,0x12,0x22,0x13,0x76,0x22,0xAA,
    0x63,0x76,0xB2,0x22,0x2B,0x76,0x22,0xAA,0x23,0x76,0x22,0x22,0x22,0x26,0x00,0x00,0x20,0x80,0x20,0x80,0x21,0x00,0xF9,0xFE,
    0x0A,0x20,0x14,0x20,0x10,0x20,0x21,0x28,0x61,0x24,0xB2,0x24,0x2A,0x22,0x24,0x22,0x20,0x20,0x20,0x20,0x20,0xE0,0x00,0x00,
    0x01,0x00,0xFF,0xFE,0x81,0x02,0x94,0x8A,0x14,0x24,0x23,0xE4,0x00,0x00,0x3F,0xF8,0x24,0x88,0x3F,0xF8,0x00,0x00,0xFF,0xFE,
    0x01,0x00,0x01,0x00,0x07,0x00,0x00,0x00,0x08,0x20,0xFF,0xFE,0x08,0x20,0x10,0x00,0x3F,0xFC,0xC2,0x24,0x1E,0x44,0x05,0xC4,
    0x18,0xA4,0x63,0x18,0x00,0x00,0x01,0x00,0x48,0x84,0x48,0x12,0x87,0xF2,0x00,0x00,0x09,0x10,0x89,0x10,0x57,0xFE,0x21,0x10,
    0x61,0x10,0xA0,0x00,0x13,0xFC,0x12,0x44,0x32,0x44,0x52,0x44,0x93,0xFC,0x12,0x44,0x12,0x44,0x12,0x44,0x63,0xFC,0x00,0x00,
    0x10,0x40,0x7C,0x40,0x11,0xF8,0xFE,0x48,0x28,0x48,0x4F,0x48,0x90,0xC8,0x7C,0xAA,0x10,0xAA,0x1D,0x06,0xF2,0x02,0x00,0x00,
    0x44,0x44,0x42,0x22,0x82,0x22,0x00,0x00,0x10,0x00,0x10,0x00,0x3F,0xFC,0x20,0x80,0x40,0x80,0x80,0x80,0x1F,0xF8,0x10,0x80,
    0x10,0x80,0x10,0x80,0xFF,0xFE,0x00,0x80,0x00,0x80,0x00,0x80,0x00,0x80,0x00,0x00,0x01,0x00,0x02,0x80,0x04,0x40,0x08,0x20,
    0x37,0xD8,0xC0,0x06,0x1F,0xE0,0x00,0x20,0x00,0x40,0x00,0x80,0x09,0x00,0x48,0x88,0x48,0x04,0x88,0x24,0x07,0xE0,0x00,0x00,
    0x20,0x40,0x20,0xA0,0x21,0x10,0xF2,0x08,0x2D,0xF6,0x20,0x00,0x23,0xF8,0x30,0x08,0xE0,0x10,0x20,0x20,0x21,0x40,0x25,0x24,
    0x25,0x02,0x29,0x0A,0x60,0xF8,0x00,0x00,0x22,0x10,0x22,0x14,0x23,0x92,0xF4,0x90,0x24,0xFE,0x26,0x90,0x29,0x10,0x35,0x28,
    0xE2,0x28,0x24,0x44,0x28,0x82,0x20,0x00,0x25,0x24,0x24,0x92,0x68,0x92,0x00,0x00,0x21,0x10,0x21,0x14,0x23,0xD2,0xA2,0x50,
    0xAA,0x7E,0xB5,0x50,0xA4,0x90,0xAA,0x90,0x21,0x28,0x22,0x28,0x54,0x44,0x48,0x82,0x45,0x24,0x84,0x92,0x88,0x92,0x00,0x00,
    0x10,0x20,0x10,0x20,0x94,0x20,0x58,0x3E,0x10,0x20,0xFC,0x20,0x10,0x20,0x31,0xFC,0x39,0x04,0x55,0x04,0x51,0x04,0x91,0x04,
    0x91,0x04,0x11,0x04,0x11,0xFC,0x00,0x00,0x00,0x00,0x7F,0xF0,0x04,0x10,0x04,0x10,0x04,0x20,0x04,0x20,0x04,0x3E,0x08,0x42,
    0x08,0x42,0x08,0x02,0x10,0x04,0x10,0x04,0x20,0x04,0x40,0x08,0x80,0xF0,0x00,0x00,0xF8,0x00,0x0B,0xFC,0x10,0xA0,0x10,0xA0,
    0x23,0xFC,0x7A,0xA4,0x8A,0xA4,0x0A,0xA4,0x4B,0x3C,0x52,0x04,0x52,0x04,0x23,0xFC,0x30,0x00,0x4C,0x00,0x83,0xFE,0x00,0x00,
    0x01,0x00,0x01,0x00,0x01,0x00,0x7F,0xF8,0x00,0x08,0x00,0x10,0x00,0x10,0x00,0x20,0x00,0x40,0x10,0x80,0x11,0x00,0x2A,0x00,
    0x24,0x00,0x43,0x00,0x80,0xFE,0x00,0x00,0x10,0x20,0x10,0x20,0xFD,0xFC,0x10,0x20,0x38,0x70,0x54,0xA8,0x93,0x26,0x10,0x20,
    0x01,0x00,0x01,0x00,0x7F,0xFC,0x01,0x00,0x01,0x00,0x01,0x00,0xFF,0xFE,0x00,0x00,0x01,0x00,0x7F,0xFC,0x11,0x10,0x1F,0xF0,
    0x01,0x00,0xFF,0xFE,0x84,0x42,0x38,0x38,0x04,0x40,0x04,0x40,0xFF,0xFE,0x04,0x88,0x38,0x50,0xCB,0x30,0x3C,0x0E,0x00,0x00,
    0x20,0x82,0x24,0x42,0x22,0x24,0xB1,0x08,0xA8,0x00,0xAA,0x0A,0xA2,0x0A,0x22,0x8A,0x22,0x52,0x22,0x32,0x22,0x2A,0x22,0x4A,
    0x22,0x82,0x22,0x02,0x23,0xFE,0x00,0x00,0x40,0xA0,0x27,0xFC,0x04,0xA4,0x07,0xFC,0x84,0xA4,0x4F,0xFE,0x28,0x00,0x0B,0xF8,
    0x08,0x00,0x2F,0xFE,0x2A,0x20,0x4A,0x24,0x52,0x18,0x92,0xC8,0xA7,0x06,0x00,0x00,0x20,0x20,0x20,0x20,0x48,0x20,0x89,0xFE,
    0x51,0x22,0x21,0x22,0x21,0x22,0x49,0x52,0xF9,0x4A,0x21,0x8A,0xA9,0x02,0xA9,0x02,0xA1,0x02,0x21,0x02,0x21,0x0E,0x00,0x00,
    0x10,0x40,0x10,0x44,0x24,0x58,0x22,0x60,0xFD,0x42,0x01,0x42,0x00,0x3E,0x7E,0x00,0x42,0x40,0x7E,0x44,0x42,0x58,0x7E,0x60,
    0x42,0x42,0x42,0x42,0x4E,0x3E,0x00,0x00,0x00,0x42,0x7A,0x22,0x49,0x12,0x48,0x84,0x48,0x00,0x79,0x0A,0x49,0x0A,0x49,0x4A,
    0x49,0x32,0x79,0x12,0x49,0x2A,0x49,0x2A,0x49,0x42,0x89,0x02,0x99,0xFE,0x00,0x00,0x00,0xA0,0x7B,0xFC,0x4A,0xA4,0x4B,0xFC,
    0x4A,0xA4,0x7B,0xFE,0x4A,0x00,0x4A,0xF8,0x4A,0x00,0x7B,0xFE,0x4A,0x90,0x4A,0x94,0x4A,0x88,0x8A,0xB4,0x9D,0xC2,0x00,0x00,
    0x02,0x40,0x1F,0xF8,0x12,0x48,0x1F,0xF8,0x12,0x48,0x7F,0xFE,0x40,0x00,0x4F,0xF8,0x40,0x00,0x7F,0xFE,0x44,0x80,0x44,0x48,
    0x84,0x30,0x87,0x98,0x9C,0x06,0x00,0x00,0x00,0x00,0xFC,0xFC,0x04,0x84,0x04,0x84,0x74,0xFC,0x04,0x84,0x04,0xFC,0x74,0x84,
    0x54,0x84,0x54,0xFC,0x54,0x50,0x74,0x50,0x04,0x92,0x04,0x92,0x1D,0x1E,0x00,0x00,0x00,0x00,0x7F,0xF8,0x09,0x08,0x24,0x90,
    0x12,0x60,0x01,0x80,0x0E,0x70,0xF1,0x0E,0x3F,0xF8,0x21,0x08,0x21,0x08,0x3F,0xF8,0x01,0x08,0x01,0x7C,0xFF,0x82,0x00,0x00,
    0x00,0x00,0xFF,0xF8,0x82,0x08,0x82,0x08,0x82,0x08,0x82,0x08,0x82,0x08,0xFF,0xF8,0x80,0x00,0x80,0x00,0x80,0x00,0x80,0x00,
    0x80,0x04,0x80,0x04,0x7F,0xFC,0x00,0x00,0x20,0x00,0x23,0xFE,0x22,0x22,0xFA,0x22,0x22,0x22,0x22,0x22,0x22,0x22,0x3B,0xFE,
    0xE2,0x00,0x22,0x00,0x22,0x00,0x22,0x00,0x22,0x02,0x22,0x02,0x61,0xFE,0x00,0x00,0x20,0x3C,0x27,0xC0,0x22,0x48,0xF9,0x50,
    0x27,0xFE,0x21,0x50,0x22,0x48,0x3C,0x46,0xE3,0xF8,0x22,0x48,0x22,0x48,0x23,0xF8,0x22,0x48,0x22,0x48,0x63,0xF8,0x00,0x00,
    0x00,0x00,0xFF,0xFE,0x04,0x40,0x7F,0xFC,0x44,0x44,0x7F,0xFC,0x24,0x00,0xFF,0x7E,0x24,0x42,0x7E,0x7E,0x52,0x42,0x7E,0x7E,
    0x10,0x42,0xFE,0x82,0x10,0x8E,0x00,0x00,0x20,0x00,0x23,0xFC,0x22,0x44,0xFA,0x44,0x22,0x44,0x22,0x44,0x72,0x44,0x73,0xFC,
    0x6A,0x00,0xAA,0x00,0xA2,0x00,0xA2,0x00,0x22,0x02,0x22,0x02,0x21,0xFE,0x00,0x00,0x40,0x40,0x20,0x40,0x17,0xFE,0x04,0x42,
    0x84,0x44,0x44,0x40,0x27,0xF8,0x05,0x08,0x05,0x08,0x24,0x90,0x24,0x90,0x44,0x60,0x48,0x60,0x89,0x98,0x96,0x06,0x00,0x00,
    0x40,0x18,0x20,0x60,0x17,0x80,0x04,0x0C,0x84,0xF0,0x44,0xA0,0x24,0xA2,0x04,0xA4,0x04,0xA8,0x24,0x90,0x24,0x90,0x44,0x88,
    0x48,0x88,0x88,0x84,0x90,0x82,0x00,0x00,0x00,0x00,0xFE,0xFE,0x10,0x10,0x7C,0x7C,0x10,0x10,0x1C,0x10,0xF0,0xFE,0x00,0x00,
    0x7F,0xFC,0x41,0x04,0x41,0x04,0x7F,0xFC,0x40,0x00,0x40,0x02,0x3F,0xFE,0x00,0x00,0x00,0x20,0xF8,0x20,0x23,0xFE,0x22,0x22,
    0x22,0x24,0x42,0x20,0x7B,0xFC,0x4A,0x84,0xCA,0x84,0x4A,0x48,0x4A,0x48,0x4A,0x30,0x7C,0x30,0x04,0x48,0x09,0x86,0x00,0x00,
    0x20,0x20,0x13,0xFE,0x82,0x24,0x42,0x20,0x03,0xFC,0x12,0x84,0x24,0x48,0x44,0x30,0x89,0xCE,0x04,0x00,0xFF,0xFE,0x08,0x10,
    0x1F,0x20,0x00,0xF0,0x7F,0x0E,0x00,0x00,0x00,0x00,0x7F,0xFE,0x44,0x42,0x7F,0xFE,0x00,0x00,0x3F,0xFC,0x21,0x00,0x3F,0xF8,
    0x21,0x00,0x3F,0xF8,0x21,0x00,0x3F,0xFE,0x49,0x22,0x44,0x92,0x80,0x0C,0x00,0x00,0x08,0x20,0xFF,0xFE,0x08,0x20,0x00,0x00,
    0x3F,0xF8,0x21,0x08,0x21,0x08,0x21,0x08,0x3F,0xF8,0x20,0x00,0x20,0x00,0x20,0x00,0x20,0x02,0x20,0x02,0x1F,0xFE,0x00,0x00,
    0x00,0x00,0x3F,0xFE,0x21,0x00,0x21,0x00,0x3F,0xFC,0x21,0x00,0x3F,0xFC,0x21,0x00,0x21,0x00,0x3F,0xFE,0x00,0x02,0x49,0x22,
    0x44,0x92,0x80,0x04,0x00,0x18,0x00,0x00,0x11,0x20,0x11,0x20,0x21,0x20,0x2F,0x3E,0x61,0x20,0x61,0x20,0xA7,0x3C,0x21,0x20,
    0x21,0x20,0x23,0x20,0x2D,0x3E,0x21,0x20,0x22,0x20,0x22,0x20,0x24,0x20,0x00,0x00,0x01,0x00,0x01,0x00,0x7F,0xFE,0x40,0x00,
    0x5E,0x48,0x4A,0x34,0x44,0x18,0x4F,0xE8,0x52,0x46,0x42,0x40,0x5F,0xF8,0x42,0x40,0x82,0x44,0x84,0x44,0x98,0x3C,0x00,0x00,
    0x20,0x00,0x23,0xFE,0x20,0x20,0xF8,0x20,0x21,0xFC,0x20,0x20,0x20,0x20,0x39,0xFC,0xE0,0x20,0x20,0x20,0x23,0xFE,0x20,0x20,
    0x20,0x20,0x20,0x20,0x60,0x20,0x00,0x00,0x20,0x90,0x20,0x90,0x27,0x9E,0xF0,0x90,0x20,0x90,0x27,0x9E,0x20,0x90,0x30,0x90,
    0xE0,0x90,0x23,0x9E,0x2C,0x90,0x21,0x10,0x21,0x10,0x22,0x10,0x64,0x10,0x00,0x00,0x00,0x20,0x7C,0x20,0x44,0x40,0x44,0x7E,
    0x7C,0x44,0x44,0x84,0x44,0x84,0x7D,0x44,0x44,0x48,0x44,0x28,0x44,0x28,0x7C,0x10,0x00,0x28,0x2C,0x44,0xC2,0x82,0x00,0x00,
    0x20,0x00,0x23,0xFE,0x20,0x20,0xF8,0x20,0x20,0x40,0x20,0x60,0x70,0xA8,0x70,0xA4,0x69,0x22,0xAA,0x22,0xA0,0x20,0xA0,0x20,
    0x20,0x20,0x20,0x20,0x20,0x20,0x00,0x00,0x00,0x00,0xFF,0xFE,0x00,0x80,0x01,0x00,0x03,0x60,0x0D,0x18,0x31,0x04,0xC1,0x02,
    0x00,0x00,0x3F,0xF8,0x24,0x88,0x24,0x88,0x24,0x88,0x24,0x88,0xFF,0xFE,0x00,0x00,0x50,0x40,0x50,0x80,0x53,0xFC,0x52,0x44,
    0x7A,0x44,0x43,0xFC,0x42,0x44,0x7A,0x44,0x4B,0xFC,0x48,0x88,0x49,0x08,0x4B,0xFE,0x48,0x08,0x88,0x08,0x88,0x08,0x00,0x00,
    0x04,0x40,0x04,0x46,0xFC,0x78,0x04,0x40,0x1C,0x42,0xE4,0x3E,0x00,0x00,0x3F,0xF8,0x20,0x08,0x3F,0xF8,0x20,0x08,0x3F,0xF8,
    0x20,0x08,0x20,0x08,0x20,0x38,0x00,0x00,0x00,0x20,0x78,0x20,0x4B,0xFE,0x48,0x20,0x48,0x20,0x79,0xFC,0x49,0x24,0x49,0x24,
    0x49,0x24,0x79,0x24,0x49,0x24,0x49,0x24,0x49,0x2C,0x88,0x20,0x98,0x20,0x00,0x00,0x04,0x40,0xFC,0x7E,0x04,0x40,0x7C,0x7C,
    0x04,0x40,0xFC,0x7E,0x09,0x40,0xFF,0xFE,0x11,0x10,0x1F,0xF0,0x11,0x10,0x1F,0xF0,0x01,0x00,0xFF,0xFE,0x01,0x00,0x00,0x00,
    0x00,0x00,0xFE,0x7C,0x28,0x04,0x28,0x04,0xFE,0x04,0xAA,0x04,0xAA,0x7C,0xAA,0x40,0xCE,0x40,0x82,0x40,0x82,0x40,0xFE,0x40,
    0x82,0x42,0x82,0x42,0xFE,0x3E,0x00,0x00,0x10,0x40,0x10,0x40,0x13,0xFC,0x20,0x00,0x21,0x08,0x60,0x90,0x67,0xFE,0xA0,0x00,
    0x20,0x00,0x23,0xFC,0x22,0x04,0x22,0x04,0x22,0x04,0x22,0x04,0x23,0xFC,0x00,0x00,0x20,0x40,0x20,0x40,0x23,0xFC,0x20,0x00,
    0xF9,0x08,0x20,0x90,0x27,0xFE,0x20,0x00,0x20,0x00,0x23,0xFC,0x3A,0x04,0xE2,0x04,0x02,0x04,0x02,0x04,0x03,0xFC,0x00,0x00,
    0x20,0x88,0x20,0x88,0x23,0xFE,0xF8,0x88,0x48,0xF8,0x48,0x88,0x48,0x88,0x48,0xF8,0x88,0x20,0xD3,0xFE,0xB0,0x70,0x10,0xA8,
    0x29,0x24,0x46,0x22,0x80,0x20,0x00,0x00,0x21,0x00,0x21,0x00,0x23,0xFE,0xFA,0x00,0x24,0x00,0x25,0xFC,0x71,0x24,0x71,0x24,
    0x6B,0xFE,0xA9,0x24,0xA1,0x24,0xA1,0x24,0x23,0xFE,0x22,0x04,0x20,0x38,0x00,0x00,0x21,0x10,0x21,0x10,0x27,0xFE,0xF9,0x10,
    0x21,0xF0,0x21,0x10,0x71,0x10,0x71,0xF0,0x68,0x40,0xAF,0xFE,0xA0,0xE0,0xA1,0x50,0x22,0x48,0x2C,0x46,0x20,0x40,0x00,0x00,
    0x21,0x10,0x21,0x10,0x27,0xFE,0xA9,0x10,0xB1,0xF0,0xA1,0x10,0xA1,0x10,0x21,0xF0,0x20,0x40,0x27,0xFE,0x50,0xE0,0x49,0x50,
    0x42,0x48,0x8C,0x46,0x80,0x40,0x00,0x00,0x08,0x00,0x89,0xFC,0x51,0x04,0x21,0x04,0x61,0xFC,0xA1,0x04,0x11,0x04,0x11,0xFC,
    0x31,0x04,0x51,0x04,0x91,0x04,0x11,0xFC,0x10,0x00,0x11,0x8C,0x66,0x02,0x00,0x00,0x00,0x00,0x7F,0xFC,0x44,0x44,0x44,0x44,
    0x7F,0xFC,0x00,0x00,0x1F,0xF0,0x10,0x10,0x1F,0xF0,0x10,0x10,0x1F,0xF0,0x10,0x10,0x1F,0xF0,0x08,0x20,0xF0,0x1E,0x00,0x00,
    0x01,0x00,0x01,0x00,0xFF,0xFE,0x01,0x00,0x01,0x00,0x7F,0xFC,0x00,0x00,0x00,0x00,0xFF,0xFE,0x80,0x02,0x84,0x42,0x04,0x40,
    0x08,0x42,0x10,0x42,0xE0,0x3E,0x00,0x00,0x00,0x20,0x78,0x20,0x49,0xFC,0x48,0x88,0x78,0x48,0x48,0x50,0x4B,0xFE,0x78,0x00,
    0x48,0x00,0x49,0xFC,0x79,0x04,0x01,0x04,0x49,0x04,0x45,0x04,0x85,0xFC,0x00,0x00,0x00,0x40,0xF8,0x40,0x8B,0xFC,0x91,0x08,
    0x90,0x88,0xA0,0x90,0x97,0xFE,0x90,0x00,0x88,0x00,0x8B,0xFC,0x8A,0x04,0xB2,0x04,0x82,0x04,0x82,0x04,0x83,0xFC,0x00,0x00,
    0x40,0x00,0x23,0xF8,0x00,0x00,0x0F,0xFE,0x00,0x00,0x03,0xF8,0x00,0x00,0xE3,0xF8,0x20,0x00,0x23,0xF8,0x22,0x08,0x22,0x08,
    0x23,0xF8,0x58,0x00,0x87,0xFE,0x00,0x00,0x20,0x00,0x21,0xFC,0x21,0x24,0xF9,0xFC,0xA9,0x24,0xA9,0xFC,0xA8,0x20,0xAB,0xFE,
    0xAA,0x22,0xFB,0xFE,0x22,0x22,0x2B,0xFE,0x28,0x20,0x34,0x22,0xC4,0x1E,0x00,0x00,0x18,0x00,0xE1,0xFC,0x20,0x20,0x20,0x20,
    0xF9,0x24,0x20,0xA4,0x30,0xA8,0x70,0x20,0x6B,0xFE,0xA8,0x20,0xA0,0x20,0xA0,0x20,0x20,0x20,0x20,0x20,0x20,0x20,0x00,0x00,
    0x40,0x02,0x41,0xE2,0x7C,0x22,0x90,0x22,0x90,0x22,0x11,0xE2,0x11,0x02,0x7D,0x02,0x11,0xE2,0x11,0x22,0x28,0x22,0x24,0x22,
    0x44,0x22,0x40,0x22,0x80,0xC2,0x00,0x00,0x08,0x20,0xFF,0xFE,0x08,0x20,0x00,0x00,0x0C,0x20,0x70,0x20,0x10,0xA2,0xFE,0xA4,
    0x11,0x28,0x38,0x20,0x34,0x50,0x54,0x50,0x90,0x88,0x11,0x04,0x12,0x02,0x00,0x00,0x10,0x20,0x10,0x20,0x10,0x40,0x23,0xFC,
    0x22,0x04,0x62,0x04,0x62,0x04,0xA2,0x04,0x23,0xFC,0x22,0x04,0x22,0x04,0x22,0x04,0x22,0x04,0x22,0x04,0x23,0xFC,0x00,0x00,
    0x00,0x02,0x7F,0x12,0x01,0x12,0x01,0x12,0x7F,0x12,0x02,0x12,0x02,0x12,0xFF,0x92,0x08,0x12,0x49,0x12,0x2A,0x12,0x0A,0x02,
    0x29,0x02,0xC8,0x82,0x18,0x0E,0x00,0x00,0x20,0x48,0x20,0x44,0x2F,0xFE,0x20,0x40,0x27,0xFC,0xF4,0x44,0x27,0xFC,0x24,0x44,
    0x27,0xFC,0x20,0x10,0x2F,0xFE,0x20,0x10,0x22,0x10,0x21,0x10,0x20,0x70,0x00,0x00,0x20,0x20,0x20,0x20,0x20,0x40,0xF9,0xFE,
    0x21,0x02,0x21,0x02,0x21,0x02,0x39,0x02,0xE1,0xFE,0x21,0x02,0x21,0x02,0x21,0x02,0x21,0x02,0x21,0x02,0x61,0xFE,0x00,0x00,
    0x20,0x20,0x20,0x20,0x20,0x40,0xF9,0xFE,0x21,0x02,0x21,0x02,0x71,0x02,0x71,0x02,0x69,0xFE,0xA9,0x02,0xA1,0x02,0xA1,0x02,
    0x21,0x02,0x21,0x02,0x21,0xFE,0x00,0x00,0x40,0x40,0x20,0x40,0x10,0x80,0x03,0xFC,0x82,0x04,0x42,0x04,0x22,0x04,0x02,0x04,
    0x03,0xFC,0x22,0x04,0x22,0x04,0x42,0x04,0x42,0x04,0x82,0x04,0x83,0xFC,0x00,0x00,0x01,0x00,0x02,0x00,0x7F,0xF8,0x40,0x08,
    0x40,0x08,0x40,0x08,0x40,0x08,0x40,0x08,0x7F,0xF8,0x40,0x08,0x40,0x08,0x40,0x08,0x40,0x08,0x40,0x08,0x7F,0xF8,0x00,0x00,
    0x20,0x40,0x3E,0x7E,0x48,0x90,0x85,0x08,0x40,0x20,0x20,0x40,0x01,0xFE,0x81,0x02,0x49,0x02,0x09,0x02,0x11,0xFE,0x11,0x02,
    0x21,0x02,0x21,0x02,0x41,0xFE,0x00,0x00,0x10,0x10,0x10,0x10,0x94,0x20,0x59,0xFE,0x11,0x02,0xFD,0x02,0x11,0x02,0x31,0x02,
    0x39,0xFE,0x55,0x02,0x51,0x02,0x91,0x02,0x91,0x02,0x11,0x02,0x11,0xFE,0x00,0x00,0x10,0x10,0x20,0x10,0x7C,0x20,0x44,0xFE,
    0x54,0x82,0x54,0x82,0x44,0x82,0x4E,0x82,0xF4,0xFE,0x54,0x82,0x54,0x82,0x54,0x82,0x44,0x82,0x84,0x82,0x8C,0xFE,0x00,0x00,
    0x08,0x20,0xFF,0xFE,0x08,0x24,0x47,0xFE,0x20,0x40,0x07,0xFC,0x84,0x44,0x47,0xFC,0x04,0x44,0x27,0xFC,0x20,0x10,0x4F,0xFE,
    0x42,0x10,0x81,0x10,0x80,0x70,0x00,0x00,0x40,0x40,0x20,0x80,0x13,0xFC,0x02,0x04,0x02,0x04,0x02,0x04,0x03,0xFC,0xE2,0x04,
    0x22,0x04,0x22,0x04,0x22,0x04,0x23,0xFC,0x20,0x00,0x58,0x00,0x87,0xFE,0x00,0x00,0x00,0x00,0x03,0xF8,0xF2,0x08,0x93,0xF8,
    0x92,0x08,0x93,0xF8,0x91,0x10,0xF7,0xFC,0x91,0x10,0x9F,0xFE,0x92,0x48,0x95,0x54,0xF9,0x52,0x06,0x4C,0x00,0xC0,0x00,0x00,
    0x41,0x10,0x2F,0xFE,0x11,0x10,0x00,0x00,0x87,0xFC,0x44,0x04,0x27,0xFC,0x04,0x04,0x07,0xFC,0x20,0x40,0x2F,0xFE,0x40,0x40,
    0x40,0xA0,0x83,0x18,0x8C,0x06,0x00,0x00,0x20,0x00,0x23,0xF8,0x22,0x08,0xAB,0xF8,0xB2,0x08,0xA3,0xF8,0xA1,0x10,0x27,0xFC,
    0x21,0x10,0x2F,0xFE,0x52,0x48,0x4D,0x54,0x49,0x52,0x86,0x4C,0x80,0xC0,0x00,0x00,0x20,0x48,0x20,0x44,0x4B,0xFE,0x88,0x40,
    0x53,0xFC,0x22,0x44,0x23,0xFC,0x4A,0x44,0xFB,0xFC,0x20,0x08,0xAB,0xFE,0xA8,0x08,0xA1,0x08,0x20,0x88,0x20,0x38,0x00,0x00,
    0x08,0x20,0xFF,0xFE,0x08,0x20,0x00,0x00,0x3F,0xF8,0x20,0x08,0x3F,0xF8,0x20,0x08,0x3F,0xF8,0x01,0x00,0xFF,0xFE,0x02,0x80,
    0x04,0x40,0x18,0x30,0xE0,0x0E,0x00,0x00,0x00,0x02,0x7E,0x64,0x48,0x18,0x7E,0x24,0x48,0xC2,0x7E,0x00,0x48,0x44,0x48,0x44,
    0x7E,0x44,0x02,0x28,0xAA,0x28,0xAA,0x10,0x84,0x28,0x04,0x44,0x18,0x82,0x00,0x00,0x01,0x00,0x01,0x00,0x7F,0xFC,0x01,0x00,
    0x7F,0xFC,0x01,0x00,0xFF,0xFE,0x04,0x00,0x0F,0xE0,0x18,0x20,0x64,0x40,0x02,0x80,0x03,0x80,0x1C,0x70,0xE0,0x0E,0x00,0x00,
    0x00,0x00,0xFF,0xFE,0x02,0x00,0x04,0x00,0x07,0x00,0x49,0x14,0x49,0x24,0x45,0x44,0x41,0x04,0x45,0x44,0x49,0x24,0x51,0x14,
    0x47,0x04,0x40,0x04,0x7F,0xFC,0x00,0x00,0x20,0x40,0x3E,0x7E,0x48,0x90,0x85,0x08,0x10,0x00,0x10,0xFE,0xFE,0x82,0x10,0x82,
    0x38,0xFE,0x34,0x82,0x54,0x82,0x90,0xFE,0x10,0x82,0x10,0x82,0x10,0xFE,0x00,0x00,0x00,0x88,0xF9,0x04,0x22,0x02,0x20,0x20,
    0x20,0x50,0x40,0x88,0x41,0x04,0x7A,0x02,0xC9,0xFC,0x49,0x04,0x49,0x04,0x49,0x04,0x49,0x04,0x79,0x04,0x01,0xFC,0x00,0x00,
    0x20,0x40,0x3E,0x7E,0x48,0x90,0x85,0x08,0x02,0x10,0x3F,0xE0,0x02,0x40,0xFF,0xFE,0x01,0x00,0x06,0x00,0x1F,0xF8,0xE8,0x08,
    0x0F,0xF8,0x08,0x08,0x0F,0xF8,0x00,0x00,0xFF,0x20,0x00,0x7E,0x7E,0x44,0x42,0xA8,0x7E,0x10,0x41,0x28,0xBF,0xF6,0x01,0x10,
    0xFF,0xFE,0x01,0x10,0x3F,0xF0,0x01,0x00,0xFF,0xFE,0x01,0x00,0x01,0x00,0x00,0x00,0x20,0x40,0x3E,0x7E,0x48,0x90,0x85,0x3C,
    0x7F,0xC0,0x01,0x00,0x01,0x00,0xFF,0xFE,0x01,0x00,0x01,0x00,0x1F,0xF0,0x10,0x10,0x10,0x10,0x10,0x10,0x1F,0xF0,0x00,0x00,
    0x20,0x20,0x20,0x3C,0x20,0x20,0xFB,0xFE,0x22,0x22,0x22,0x3C,0x72,0xE0,0x6A,0x24,0x6A,0xFC,0xA2,0xA8,0xA2,0xF8,0x24,0xA8,
    0x25,0xFC,0x25,0x54,0x2B,0xFE,0x00,0x00,0x20,0x0C,0x23,0xF0,0x21,0x24,0xF8,0xA8,0xAB,0xFE,0xA8,0x70,0xA8,0xA8,0xAB,0x26,
    0xA9,0xFC,0xA9,0x24,0xA9,0x24,0xB9,0xFC,0x21,0x24,0x21,0x24,0x21,0xFC,0x00,0x00,0x00,0x00,0x78,0xF8,0x48,0x88,0x48,0x88,
    0x48,0x88,0x78,0x88,0x48,0x88,0x48,0x88,0x48,0x88,0x78,0x88,0x48,0x88,0x48,0x88,0x49,0x0A,0x89,0x0A,0x9A,0x0E,0x00,0x00,
    0x10,0x00,0x10,0xFE,0x12,0x92,0x54,0x92,0x58,0x92,0x50,0x92,0x90,0x92,0x10,0xFE,0x10,0x92,0x10,0x92,0x28,0x92,0x24,0x92,
    0x42,0x92,0x40,0x92,0x80,0xFE,0x00,0x00,0x02,0x00,0x04,0x00,0x3F,0xE0,0x20,0x20,0x3F,0xE0,0x20,0x20,0x3F,0xE0,0x00,0x00,
    0xFF,0xF8,0x82,0x08,0x82,0x08,0xFF,0xF8,0x82,0x08,0x82,0x08,0xFF,0xF8,0x00,0x00,0x00,0x40,0x08,0x40,0x08,0x40,0x08,0x40,
    0x08,0x40,0x08,0x40,0x08,0x20,0x10,0x20,0x10,0x20,0x10,0x10,0x20,0x10,0x20,0x08,0x40,0x08,0x40,0x04,0x80,0x02,0x00,0x00,
    0x30,0x20,0x48,0x20,0x80,0x20,0x03,0xFE,0xF8,0x20,0x20,0x70,0x20,0x70,0xF8,0xA8,0x20,0xA8,0x21,0x24,0xA9,0x24,0x6A,0xFA,
    0x20,0x20,0x30,0x20,0xC0,0x20,0x00,0x00,0x40,0x00,0x27,0xA4,0x10,0xA8,0x05,0x12,0x82,0x14,0x44,0x08,0x2B,0xF6,0x01,0x20,
    0x01,0x20,0x2F,0xFC,0x21,0x20,0x42,0x20,0x42,0x22,0x84,0x22,0x98,0x1E,0x00,0x00,0x00,0x40,0x7E,0x48,0x04,0x30,0x44,0x22,
    0x28,0x14,0x10,0x08,0x2F,0xF4,0xC2,0x42,0x02,0x40,0x7F,0xFC,0x02,0x40,0x04,0x40,0x04,0x42,0x08,0x42,0x70,0x3E,0x00,0x00,
    0x00,0x10,0xFB,0xD0,0x20,0x54,0x22,0x88,0xF9,0x8A,0xA9,0x04,0xAB,0xFA,0xA8,0x90,0xD8,0x90,0x8B,0xFC,0x88,0x90,0xF8,0x90,
    0x88,0x92,0x89,0x12,0xFE,0x1E,0x00,0x00,0x7E,0x04,0x40,0x18,0x7C,0x62,0x40,0x0C,0xFF,0x70,0x24,0x02,0x4E,0x0C,0xF0,0xF0,
    0x02,0x00,0xFF,0xFE,0x04,0x00,0x1F,0xF0,0xE2,0x20,0x01,0xC0,0x3E,0x3E,0x00,0x00,0x10,0x90,0x10,0x88,0x10,0x80,0x20,0xBE,
    0x2F,0xC0,0x60,0x80,0x60,0x88,0xA0,0x88,0x20,0x50,0x20,0x50,0x20,0x20,0x20,0x60,0x20,0x92,0x23,0x0A,0x2C,0x06,0x00,0x00,
    0x00,0x00,0x7F,0xFE,0x44,0x42,0x44,0x42,0x7F,0xFE,0x00,0x00,0x7E,0x02,0x00,0x22,0xFF,0x22,0x00,0x22,0x7E,0x22,0x00,0x22,
    0x7E,0x02,0x42,0x02,0x7E,0x0E,0x00,0x00,0x20,0x40,0x20,0x40,0x23,0xFE,0xF8,0x40,0x20,0x40,0x20,0x80,0x20,0xFC,0x38,0x84,
    0xE1,0x44,0x21,0x48,0x21,0x28,0x22,0x10,0x22,0x28,0x24,0x44,0x69,0x82,0x00,0x00,0x20,0x40,0x3E,0x7E,0x48,0x90,0x85,0x08,
    0x10,0x90,0x10,0x88,0x20,0xFE,0x2F,0x80,0x60,0x88,0xA0,0x48,0x20,0x50,0x20,0x20,0x20,0x52,0x21,0x8A,0x26,0x06,0x00,0x00,
    0xFC,0xFC,0x84,0x84,0xFC,0xFC,0x84,0x84,0xFC,0xFC,0x80,0x04,0x89,0x44,0x91,0x04,0xB7,0xE4,0xD1,0x04,0x91,0x44,0x91,0x84,
    0x96,0xA4,0x90,0x64,0x80,0x0C,0x00,0x00,0x20,0x20,0x20,0xFC,0x20,0x84,0xF8,0xFC,0x28,0x84,0x28,0xFC,0x28,0x80,0x28,0xFE,
    0x28,0x80,0x2A,0xFE,0x4A,0x02,0x4F,0x52,0x41,0x52,0x82,0x02,0x00,0x0C,0x00,0x00,0x02,0x06,0xE2,0x38,0xAF,0xA0,0xA0,0x20,
    0xA4,0xA0,0xA5,0x3E,0xAF,0xA4,0xA2,0x24,0xA2,0x24,0xAF,0xA4,0xE2,0x24,0x07,0x24,0x0A,0xC4,0x12,0x44,0x02,0x84,0x00,0x00,
    0x20,0x20,0x23,0xFE,0x20,0x00,0x21,0xFC,0xF9,0x04,0x21,0xFC,0x20,0x00,0x23,0xFE,0x22,0x02,0x22,0xFA,0x3A,0x8A,0xE2,0x8A,
    0x02,0xFA,0x02,0x02,0x02,0x0E,0x00,0x00,0x20,0x20,0x20,0x50,0x20,0x88,0xF9,0x04,0xAA,0x02,0xA8,0x00,0xA9,0xFC,0xA8,0x00,
    0xA8,0x00,0xF9,0xFC,0x21,0x04,0x29,0x04,0x29,0x04,0x35,0x04,0xC5,0xFC,0x00,0x00,0x10,0x80,0x21,0x00,0x3F,0xFC,0x61,0x00,
    0xBF,0xF8,0x21,0x00,0x3F,0xF8,0x21,0x00,0x3F,0xFC,0x01,0x00,0x01,0x00,0xFF,0xFE,0x01,0x00,0x01,0x00,0x01,0x00,0x00,0x00,
    0x10,0x40,0x14,0x44,0x12,0x44,0x22,0x48,0x20,0x40,0x67,0xFC,0x60,0x40,0xA0,0x40,0x20,0x40,0x2F,0xFE,0x20,0x40,0x20,0x40,
    0x20,0x40,0x20,0x40,0x20,0x40,0x00,0x00,0x08,0x02,0x89,0x22,0x49,0x22,0x4A,0x22,0x08,0x22,0x7F,0x22,0x08,0x22,0x08,0x22,
    0x08,0x22,0xFF,0xA2,0x08,0x22,0x08,0x22,0x08,0x02,0x08,0x02,0x08,0x0E,0x00,0x00,0x01,0x00,0x21,0x08,0x11,0x10,0x09,0x20,
    0x01,0x00,0x7F,0xFC,0x01,0x00,0x01,0x00,0x01,0x00,0xFF,0xFE,0x01,0x00,0x01,0x00,0x01,0x00,0x01,0x00,0x01,0x00,0x00,0x00,
    0x00,0x00,0x3F,0xFE,0x20,0x00,0x20,0x00,0x20,0x00,0x3F,0xF8,0x22,0x08,0x22,0x08,0x21,0x10,0x21,0x10,0x20,0xA0,0x20,0x40,
    0x40,0xA0,0x43,0x18,0x9C,0x06,0x00,0x00,0x20,0x00,0xA5,0xFE,0xA5,0x00,0xA9,0x00,0x21,0x00,0xFD,0xFC,0x21,0x44,0x21,0x44,
    0x3D,0x44,0xE1,0x28,0x21,0x28,0x21,0x10,0x42,0x28,0x42,0x44,0x84,0x82,0x00,0x00,0x20,0x00,0x21,0xF0,0x21,0x10,0xF9,0x10,
    0xA9,0x10,0xA9,0x10,0xA9,0x90,0xA9,0x50,0xA9,0x50,0xA9,0x10,0xB9,0x10,0x21,0x12,0x22,0x12,0x22,0x12,0x24,0x1E,0x00,0x00,
    0x42,0x00,0x44,0x38,0x4F,0xA8,0xE8,0xA8,0x4A,0xA8,0x4A,0xAA,0x4A,0xCE,0x68,0x80,0xCB,0xFC,0x5E,0xA4,0x4A,0xA4,0x4A,0xA8,
    0x4A,0x90,0x50,0xA8,0xD1,0xC4,0x00,0x00,0x02,0x00,0xFA,0x7C,0x22,0x10,0x2F,0x90,0x21,0x10,0x21,0x10,0xF9,0x10,0x25,0x7C,
    0x22,0x10,0x23,0x10,0x3A,0x90,0xE4,0x90,0x04,0x10,0x08,0x10,0x10,0xFE,0x00,0x00,0x20,0x00,0x23,0xFE,0x22,0x00,0xFA,0x00,
    0x22,0x00,0x23,0xFC,0x72,0x84,0x6A,0x84,0x6A,0x48,0xA2,0x48,0xA2,0x30,0x22,0x30,0x24,0x48,0x24,0x84,0x29,0x02,0x00,0x00,
    0x40,0x00,0x23,0xFC,0x12,0x04,0x02,0x04,0x82,0x04,0x42,0x04,0x22,0x04,0x02,0x04,0x02,0x04,0x22,0x1C,0x22,0x00,0x42,0x00,
    0x42,0x02,0x82,0x02,0x81,0xFE,0x00,0x00,0x40,0x00,0x23,0xF0,0x12,0x10,0x02,0x10,0x82,0x10,0x42,0x10,0x22,0x90,0x02,0x50,
    0x02,0x50,0x22,0x10,0x22,0x10,0x44,0x10,0x44,0x12,0x88,0x12,0x90,0x1E,0x00,0x00,0x48,0x00,0x49,0xFE,0x49,0x00,0x49,0x00,
    0x7D,0x00,0x41,0xFC,0x41,0x44,0x41,0x44,0x79,0x44,0x49,0x28,0x49,0x28,0x49,0x10,0x8A,0x28,0x8A,0x44,0x8C,0x82,0x00,0x00,
    0x08,0x00,0x89,0xFC,0x51,0x04,0x21,0x04,0x61,0x04,0xA1,0x04,0x11,0x04,0x11,0x04,0x31,0x1C,0x51,0x00,0x91,0x00,0x11,0x00,
    0x11,0x02,0x11,0x02,0x60,0xFE,0x00,0x00,0x01,0x00,0xF9,0x7E,0x21,0x10,0x21,0x10,0x25,0x10,0x25,0x10,0xF5,0x10,0x25,0x7C,
    0x29,0x10,0x29,0x10,0x39,0x10,0xE1,0x10,0x02,0x10,0x02,0x10,0x04,0xFE,0x00,0x00,0x00,0x20,0xFA,0x22,0xA9,0x22,0xA9,0x24,
    0xA8,0x20,0xA9,0xFC,0xF8,0x20,0xA8,0x20,0xA8,0x20,0xAB,0xFE,0xA8,0x20,0xA8,0x20,0xF8,0x20,0x00,0x20,0x00,0x20,0x00,0x00,
    0x20,0x20,0x7F,0x20,0x80,0x7E,0x3E,0xC4,0x2A,0x44,0xFF,0xA8,0x4A,0x10,0x7F,0x28,0x02,0xC6,0x14,0x48,0x08,0x84,0xFF,0xFA,
    0x01,0x00,0x19,0x38,0xE1,0x06,0x00,0x00,0x10,0x00,0x20,0x78,0x7C,0x48,0x44,0x4A,0x54,0x8A,0x55,0x0E,0x44,0x00,0x4E,0xFC,
    0xF4,0x44,0x54,0x44,0x54,0x28,0x54,0x28,0x44,0x10,0x84,0x68,0x8D,0x86,0x00,0x00,0x08,0x20,0xFF,0xFE,0x08,0x20,0x40,0x1C,
    0x27,0xE0,0x02,0x48,0x81,0x50,0x4F,0xFE,0x01,0x50,0x22,0x48,0x27,0xFC,0x4A,0x4A,0x43,0xF8,0x82,0x48,0x83,0xF8,0x00,0x00,
    0x00,0x00,0x7D,0xFE,0x45,0x00,0x45,0x00,0x7D,0x00,0x45,0xFC,0x45,0x44,0x7D,0x44,0x45,0x44,0x45,0x28,0x45,0x28,0x7D,0x10,
    0x01,0x28,0x2A,0x44,0xC6,0x82,0x00,0x00,0x20,0x40,0x3E,0x7E,0x48,0x90,0x91,0x08,0xFE,0x00,0x10,0x7C,0x7E,0x44,0x52,0x44,
    0x7E,0x44,0x52,0x5C,0x7E,0x40,0x10,0x40,0xFE,0x42,0x10,0x42,0x10,0x3E,0x00,0x00,0x00,0x7C,0x7F,0x80,0x01,0x08,0x21,0x08,
    0x11,0x10,0x01,0x00,0xFF,0xFE,0x03,0x80,0x05,0x40,0x09,0x20,0x11,0x10,0x21,0x08,0xC1,0x06,0x01,0x00,0x01,0x00,0x00,0x00,
    0x20,0x00,0x23,0xFE,0x24,0x20,0xA8,0x40,0xB1,0xFC,0xA1,0x04,0xA1,0xFC,0x21,0x04,0x21,0xFC,0x21,0x04,0x51,0x04,0x49,0xFC,
    0x40,0x00,0x80,0x8C,0x83,0x02,0x00,0x00,0x08,0x00,0x09,0xFE,0x48,0x10,0x44,0x20,0x44,0xFC,0x82,0x84,0x00,0xFC,0xFC,0x84,
    0x24,0xFC,0x24,0x84,0x24,0x84,0x24,0xFC,0x44,0x00,0x44,0x4C,0x99,0x82,0x00,0x00,0x10,0x00,0x28,0xFE,0x44,0x80,0x92,0x80,
    0x10,0x80,0x7C,0xFC,0x44,0xA4,0x7C,0xA4,0x44,0xA4,0x7C,0xA8,0x41,0x28,0x49,0x10,0x49,0x28,0x76,0x44,0xC4,0x82,0x00,0x00,
    0x20,0x80,0x21,0xE0,0x22,0x20,0xFC,0x40,0x23,0xFC,0x22,0x44,0x22,0x44,0x3A,0x44,0xE3,0xFC,0x20,0x90,0x20,0x90,0x21,0x10,
    0x21,0x12,0x22,0x12,0x6C,0x1E,0x00,0x00,0x00,0x80,0xF1,0xE0,0x92,0x20,0x94,0x40,0x93,0xFC,0x92,0x44,0xF2,0x44,0x92,0x44,
    0x93,0xFC,0x90,0x50,0x90,0x90,0x90,0x90,0xF1,0x12,0x02,0x12,0x0C,0x1E,0x00,0x00,0x00,0x3C,0x7F,0xC0,0x11,0x10,0x09,0x20,
    0xFF,0xFE,0x05,0x40,0x09,0x20,0x31,0x18,0xC1,0x06,0x3F,0xF8,0x21,0x08,0x3F,0xF8,0x21,0x08,0x21,0x08,0x3F,0xF8,0x00,0x00,
    0x20,0x00,0x7C,0x78,0x44,0x4A,0x54,0x4E,0x44,0x80,0xFE,0xFC,0x54,0x44,0x54,0x28,0x94,0x30,0x8C,0xCE,0x00,0x00,0x3F,0xF8,
    0x24,0x48,0x24,0x48,0xFF,0xFE,0x00,0x00,0x20,0x00,0x7C,0xF8,0x54,0x8A,0x44,0x8E,0xFD,0x78,0x54,0x48,0x54,0x30,0x8D,0xCE,
    0x00,0x00,0xFF,0xFE,0x08,0x00,0x1F,0xF8,0x28,0x08,0xC8,0x08,0x0F,0xF8,0x00,0x00,0x04,0x40,0xFF,0xFE,0x04,0x40,0x00,0x3C,
    0x7F,0xC8,0x11,0x10,0xFF,0xFE,0x05,0x40,0x09,0x20,0x30,0x18,0xDF,0xF6,0x11,0x10,0x1F,0xF0,0x11,0x10,0x1F,0xF0,0x00,0x00,
    0x01,0x00,0x01,0x00,0xFF,0xFE,0x04,0x40,0x44,0x44,0x48,0x42,0x90,0xC2,0x01,0x00,0x3F,0xF8,0x21,0x08,0x21,0x08,0x3F,0xF8,
    0x01,0x08,0x01,0xFC,0xFF,0x02,0x00,0x00,0xFF,0xFE,0x80,0x00,0x82,0x40,0x82,0x40,0x9E,0x78,0x82,0x40,0x82,0x40,0x9E,0x78,
    0x83,0x40,0x8E,0x40,0xB2,0x7C,0x84,0x40,0x98,0x40,0x80,0x00,0xFF,0xFE,0x00,0x00,0x01,0x00,0x02,0x00,0x3F,0xF8,0x21,0x08,
    0x21,0x08,0x3F,0xF8,0x21,0x08,0x21,0x08,0x3F,0xF8,0x08,0x40,0x10,0x40,0xFF,0xFE,0x00,0x40,0x00,0x40,0x00,0x40,0x00,0x00,
    0x00,0x00,0xFF,0xFE,0x00,0x80,0x01,0x00,0x03,0x60,0x0D,0x18,0x31,0x04,0xC1,0x02,0x00,0x00,0x3F,0xF8,0x20,0x08,0x20,0x08,
    0x20,0x08,0x20,0x08,0x3F,0xF8,0x00,0x00,0x20,0x00,0x21,0xFC,0x20,0x04,0xF8,0x04,0x48,0x04,0x48,0x04,0x48,0x04,0x49,0xFC,
    0x89,0x00,0xD1,0x00,0xB1,0x00,0x11,0x00,0x29,0x02,0x45,0x02,0x80,0xFE,0x00,0x00,0x01,0x00,0x01,0x00,0x7F,0xFE,0x40,0x00,
    0x48,0x40,0x48,0x44,0x48,0x48,0x4F,0x70,0x48,0x40,0x48,0x40,0x48,0x40,0x48,0x40,0x88,0x44,0x8F,0x44,0xB8,0x3C,0x00,0x00,
    0x10,0x20,0x10,0x20,0x20,0x20,0x43,0xFE,0x92,0x22,0x12,0x24,0x22,0x20,0x23,0xFC,0x62,0x84,0xA2,0x84,0x22,0x48,0x22,0x30,
    0x24,0x30,0x24,0x48,0x29,0x86,0x00,0x00,0x04,0x40,0x04,0x40,0xFC,0x7E,0x04,0x40,0x04,0x40,0x7C,0x7C,0x04,0x40,0x1C,0x40,
    0xE4,0x7E,0x08,0x40,0x31,0x40,0x00,0x80,0x48,0x24,0x48,0x22,0x87,0xE2,0x00,0x00,0x00,0x00,0xFF,0xFE,0x00,0x00,0x7F,0xFC,
    0x40,0x04,0x7F,0xFC,0x41,0x20,0x5F,0x3E,0x41,0x20,0x4F,0x3C,0x41,0x20,0x47,0x3E,0x99,0x20,0x82,0x20,0x8C,0x20,0x00,0x00,
    0x22,0x20,0x22,0x20,0x22,0x20,0xFA,0x20,0x22,0x22,0x22,0x24,0x23,0xB8,0x3A,0x20,0xE2,0x20,0x22,0x20,0x22,0x20,0x22,0x20,
    0x22,0x22,0x23,0xA2,0x6E,0x1E,0x00,0x00,0x20,0x20,0x20,0x20,0x20,0x20,0xFB,0xFE,0x22,0x22,0x22,0x24,0x22,0x20,0x3B,0xFC,
    0xE2,0x84,0x22,0x84,0x22,0x48,0x22,0x30,0x24,0x30,0x24,0x48,0x69,0x86,0x00,0x00,0x04,0x40,0xFC,0x7E,0x04,0x40,0x7C,0x7C,
    0x06,0x40,0xFC,0x7E,0x08,0x40,0x31,0x40,0x01,0x00,0xFF,0xFE,0x08,0x20,0x04,0x40,0x03,0x80,0x0C,0x60,0xF0,0x1E,0x00,0x00,
    0x20,0x40,0x20,0x40,0x20,0x40,0x20,0x40,0x20,0x42,0x3E,0x4C,0x20,0x70,0x20,0x40,0x20,0x40,0x20,0x40,0x20,0x40,0x20,0x40,
    0x26,0x42,0x38,0x42,0xE0,0x3E,0x00,0x00,0x40,0x80,0x20,0x44,0x10,0x24,0x00,0x88,0x80,0x88,0x40,0x90,0x24,0x90,0x04,0xA4,
    0x04,0xA2,0x24,0xC2,0x28,0x82,0x49,0x80,0x42,0x84,0x84,0x84,0x98,0x7C,0x00,0x00,0x00,0x80,0x00,0x80,0x3F,0xFE,0x20,0x00,
    0xA0,0x40,0x67,0xFC,0x24,0x44,0x24,0x48,0x67,0xF8,0xA5,0x08,0x24,0x90,0x24,0x60,0x48,0x60,0x49,0x98,0x96,0x06,0x00,0x00,
    0x00,0x80,0x00,0x80,0x3F,0xFE,0x20,0x82,0x20,0x84,0x20,0x80,0x3F,0xF8,0x24,0x08,0x22,0x10,0x22,0x10,0x21,0x20,0x20,0xC0,
    0x40,0xC0,0x43,0x30,0x8C,0x0E,0x00,0x00,0x00,0x20,0xF8,0x40,0x21,0xFE,0x21,0x22,0x21,0x22,0x41,0xFE,0x41,0x22,0x79,0x22,
    0xC9,0xFE,0x48,0x48,0x48,0x88,0x4B,0xFE,0x48,0x08,0x78,0x08,0x00,0x08,0x00,0x00,0x18,0x80,0xE0,0x44,0x20,0x24,0x20,0x84,
    0xF8,0x88,0x22,0x88,0x22,0x94,0x72,0x94,0x6A,0xA2,0x64,0xA2,0xA4,0xC0,0xA0,0x80,0x21,0x84,0x26,0x84,0x20,0x7C,0x00,0x00,
    0x20,0x90,0x20,0x90,0x4B,0x9E,0x88,0x90,0x50,0x90,0x20,0x90,0x23,0x9E,0x48,0x90,0xF8,0x90,0x20,0xD0,0xAB,0x9E,0xA8,0x90,
    0xA1,0x10,0x21,0x10,0x22,0x10,0x00,0x00,0x00,0x00,0x7F,0xFC,0x44,0x44,0x7F,0xFC,0x10,0x00,0x22,0x4C,0xFF,0x70,0x01,0x42,
    0x7E,0x3E,0x42,0x00,0x7E,0x40,0x42,0x4C,0x7E,0x70,0x42,0x42,0x4E,0x3E,0x00,0x00,0x00,0x00,0x79,0xFC,0x49,0x24,0x49,0x24,
    0x49,0x24,0x79,0x24,0x49,0x24,0x49,0xFC,0x49,0x00,0x79,0x00,0x49,0x00,0x49,0x00,0x49,0x02,0x89,0x02,0x98,0xFE,0x00,0x00,
    0x20,0x20,0x20,0x20,0x20,0x20,0xFB,0xFE,0x0A,0x22,0x12,0x24,0x12,0x20,0x23,0xFC,0x6A,0x84,0xB2,0x88,0x2A,0x48,0x22,0x30,
    0x24,0x30,0x24,0x48,0x29,0x86,0x00,0x00,0x00,0x90,0x78,0x90,0x00,0x90,0xFB,0x9E,0x00,0x90,0x78,0x90,0x03,0x9E,0x78,0x90,
    0x01,0x90,0x06,0x9E,0x78,0x90,0x48,0x90,0x49,0x10,0x49,0x10,0x7A,0x10,0x00,0x00,0x04,0x40,0x7F,0xFC,0x04,0x44,0x7F,0xFC,
    0x48,0x40,0xFF,0xFE,0x90,0x42,0x3F,0xFE,0xD0,0x08,0x1F,0xF8,0x10,0x08,0x1F,0xF8,0x10,0x08,0x1F,0xF8,0x70,0x0E,0x00,0x00,
    0x40,0x08,0x27,0x88,0x14,0xBE,0x04,0x80,0x07,0x92,0x04,0x14,0x04,0x3E,0xEF,0x88,0x2C,0x88,0x34,0xBE,0x24,0x88,0x27,0x88,
    0x20,0x08,0x58,0x00,0x87,0xFE,0x00,0x00,0x04,0x40,0x04,0x40,0xFC,0x7E,0x04,0x40,0x04,0x40,0x04,0x40,0x7C,0x7C,0x04,0x40,
    0x06,0x40,0x1C,0x40,0xE4,0x7E,0x08,0x40,0x08,0x40,0x10,0x40,0x60,0x40,0x00,0x00,0x00,0x00,0xFF,0xE4,0x00,0x28,0x0D,0x20,
    0xF1,0x14,0x11,0x12,0x11,0x0A,0x11,0x06,0xFF,0xE0,0x11,0x24,0x11,0x28,0x21,0x14,0x21,0x12,0x41,0x0A,0x81,0x06,0x00,0x00,
    0x20,0x00,0x25,0xF8,0x22,0x50,0xF8,0x20,0x21,0xFC,0x21,0x24,0x71,0xFC,0x69,0x24,0x61,0x24,0xAD,0xFC,0xA5,0x24,0xA5,0x24,
    0x25,0x2C,0x2A,0x00,0x31,0xFE,0x00,0x00,0x20,0x40,0x3E,0x7E,0x48,0x90,0x85,0x08,0x44,0x10,0xFE,0xFE,0x44,0x92,0x7C,0x94,
    0x44,0xFE,0x7C,0xA4,0x44,0xA4,0xFE,0x98,0x01,0x18,0x45,0x24,0x82,0x42,0x00,0x00,0x11,0x08,0x11,0x08,0x17,0xFE,0x21,0x08,
    0x21,0x08,0x67,0xFE,0x64,0x00,0xA5,0xFC,0xA5,0x24,0x25,0xFC,0x25,0x24,0x25,0xFC,0x29,0x24,0x29,0x24,0x29,0x2C,0x00,0x00,
    0x00,0x00,0x7F,0xFC,0x40,0x04,0x40,0x04,0x7F,0xFC,0x40,0x70,0x47,0x80,0x40,0xF8,0x4F,0x80,0x40,0x80,0x40,0xFE,0x5F,0x80,
    0x80,0x82,0x80,0x82,0x80,0x7E,0x00,0x00,0x22,0x10,0x2A,0x90,0x4A,0x90,0x4A,0xBE,0x9F,0xA4,0x10,0x24,0x20,0x54,0x2F,0x94,
    0x65,0x14,0xA5,0x14,0x25,0x48,0x29,0x94,0x29,0x14,0x30,0x24,0x20,0x42,0x00,0x00,0x22,0x20,0x22,0x20,0x22,0x20,0xFA,0x20,
    0x22,0x22,0x23,0xAC,0x72,0x30,0x72,0x20,0x6A,0x20,0xAA,0x20,0xA2,0x20,0xA2,0x20,0x22,0x22,0x23,0xA2,0x2E,0x1E,0x00,0x00,
    0x00,0x00,0x7F,0xFC,0x41,0x04,0x7F,0xFC,0x41,0x04,0x41,0x04,0x7F,0xFC,0x00,0x00,0x20,0x80,0x20,0x84,0x3E,0x98,0x20,0xE0,
    0x20,0x82,0x3E,0x82,0xE0,0x7E,0x00,0x00,0x00,0x00,0xFE,0xFE,0x10,0x10,0x7C,0x7C,0x10,0x10,0x1E,0x10,0xF0,0xFE,0x00,0x00,
    0x20,0x80,0x20,0x84,0x3E,0x98,0x20,0xE0,0x20,0x82,0x2E,0x82,0xF0,0x7E,0x00,0x00,0x00,0x00,0x3F,0xFE,0x20,0x82,0x20,0x82,
    0x3F,0xFE,0x20,0x00,0x20,0x00,0x27,0xFE,0x24,0x02,0x27,0xFE,0x44,0x02,0x47,0xFE,0x44,0x02,0x84,0x02,0x87,0xFE,0x00,0x00,
    0x08,0x20,0x04,0x40,0x7F,0xFC,0x01,0x00,0x3F,0xF8,0x01,0x00,0x01,0x00,0xFF,0xFE,0x01,0x00,0x01,0x00,0xFF,0xFE,0x02,0x80,
    0x04,0x40,0x18,0x30,0xE0,0x0E,0x00,0x00,0x02,0x00,0x1F,0xF0,0x10,0x10,0x1F,0xF0,0x10,0x10,0x3F,0xF8,0x21,0x08,0x3F,0xF8,
    0x21,0x08,0x3F,0xF8,0x08,0x20,0xFF,0xFE,0x08,0x20,0x10,0x20,0x60,0x20,0x00,0x00,0x20,0x80,0x20,0x80,0x21,0xFC,0xF9,0x04,
    0x22,0x88,0x24,0x50,0x70,0x20,0x70,0x50,0x68,0x88,0xAB,0x66,0xA0,0x10,0xA0,0x00,0x20,0xC0,0x20,0x30,0x20,0x08,0x00,0x00,
    0x18,0x20,0xE0,0x40,0x23,0xFC,0x22,0x44,0xFA,0x44,0x23,0xFC,0x32,0x44,0x72,0x44,0x6B,0xFC,0xA8,0x90,0xA1,0x10,0xA7,0xFE,
    0x20,0x10,0x20,0x10,0x20,0x10,0x00,0x00,0xFF,0xFE,0x84,0x80,0x84,0x80,0x84,0x80,0x84,0x80,0x84,0x80,0x84,0x80,0x88,0x84,
    0x88,0x84,0x90,0x7C,0xA0,0x00,0x80,0x00,0x80,0x00,0x80,0x00,0xFF,0xFE,0x00,0x00,0x00,0x00,0xFF,0xFC,0x01,0x04,0x01,0x08,
    0x01,0x10,0x01,0x00,0x21,0x00,0x21,0xF8,0x21,0x00,0x21,0x00,0x21,0x00,0x31,0x00,0x49,0x00,0x47,0x00,0x81,0xFE,0x00,0x00,
    0x00,0x04,0x3F,0x18,0x20,0x62,0x3E,0x0C,0x20,0x70,0xFF,0x02,0x22,0x0C,0xFD,0x70,0x00,0x00,0x08,0x40,0x4F,0x46,0x48,0x78,
    0x48,0x40,0x4F,0x42,0xF8,0x3E,0x00,0x00,0x01,0x00,0x01,0x00,0x7F,0xFE,0x08,0x10,0x04,0x20,0x7F,0xFE,0x40,0x00,0x40,0x60,
    0x4F,0x80,0x40,0x18,0x40,0x60,0x4F,0x80,0x80,0x0C,0x80,0x70,0x9F,0x80,0x00,0x00,0x00,0x20,0x78,0x20,0x4B,0xFE,0x48,0x70,
    0x48,0xA8,0x7B,0x26,0x48,0x50,0x48,0x88,0x4B,0x26,0x79,0x24,0x48,0xA8,0x48,0x20,0x48,0xAC,0x8B,0x22,0x98,0x60,0x00,0x00,
    0x08,0x20,0xFF,0xFE,0x09,0x20,0x3F,0xF8,0x01,0x00,0xFF,0xFE,0x04,0x42,0x18,0x7E,0x62,0x00,0x07,0xE0,0x1C,0x20,0x62,0x40,
    0x01,0x80,0x0E,0x70,0xF0,0x0E,0x00,0x00,0x00,0x08,0x78,0x08,0x48,0x08,0x4B,0xFE,0x48,0x08,0x78,0x08,0x48,0x08,0x49,0x08,
    0x48,0x88,0x78,0x88,0x48,0x08,0x48,0x08,0x48,0x08,0x88,0x08,0x98,0x38,0x00,0x00,0x00,0x00,0xF7,0xDE,0x11,0x02,0x12,0x02,
    0x17,0xC2,0x74,0x4E,0x44,0x48,0x44,0x48,0xF7,0xDE,0x94,0x52,0x14,0x42,0x14,0x42,0x14,0x42,0x17,0xC2,0x60,0x0C,0x00,0x00,
    0x04,0x00,0x02,0x08,0x01,0x08,0x00,0x10,0x04,0x10,0x04,0x20,0x24,0x20,0x24,0x40,0x24,0x88,0x45,0x04,0x46,0x02,0x84,0x02,
    0x0C,0x08,0x34,0x08,0xC3,0xF8,0x00,0x00,0x00,0x00,0x3F,0xF8,0x21,0x08,0x3F,0xF8,0x21,0x08,0x3F,0xF8,0x11,0x10,0xFF,0xFE,
    0x11,0x10,0x7F,0xFC,0x01,0x00,0x01,0x00,0xFF,0xFE,0x01,0x00,0x01,0x00,0x00,0x00,0x20,0x40,0x3E,0x7E,0x48,0x90,0x85,0x08,
    0x3F,0xF8,0x01,0x08,0xFF,0xFE,0x01,0x08,0x3F,0xF8,0x01,0x00,0x3F,0xF8,0x01,0x00,0xFF,0xFE,0x01,0x00,0x01,0x00,0x00,0x00,
    0x40,0x00,0x27,0xFC,0x10,0x00,0x03,0xF8,0x02,0x08,0x03,0xF8,0x00,0x00,0xE7,0xFC,0x24,0x44,0x27,0xFC,0x24,0x44,0x27,0xFC,
    0x20,0x00,0x58,0x00,0x87,0xFE,0x00,0x00,0x20,0x20,0x20,0x50,0x20,0x88,0xF9,0x04,0x22,0x02,0x21,0xF8,0x70,0x00,0x70,0x00,
    0x6B,0xFE,0xA8,0x40,0xA0,0x40,0xA0,0x88,0x20,0x84,0x21,0x3E,0x27,0xC2,0x00,0x00,0x20,0x00,0x21,0xFE,0x21,0x20,0xF9,0x20,
    0x49,0x20,0x49,0xFC,0x49,0x04,0x49,0x04,0x89,0x04,0xD1,0x04,0xB1,0xFC,0x11,0x20,0x29,0x20,0x45,0x20,0x81,0xFE,0x00,0x00,
    0x20,0x0E,0x23,0xF0,0x21,0x22,0xF8,0x94,0x49,0xFC,0x48,0x40,0x48,0x40,0x4B,0xFE,0x88,0x40,0xD0,0xFC,0xB0,0x84,0x11,0x48,
    0x2A,0x30,0x44,0x48,0x81,0x86,0x00,0x00,0x20,0x00,0x21,0xFC,0x48,0x44,0x88,0x44,0x50,0x44,0x20,0x44,0x20,0x44,0x49,0xFE,
    0xF8,0x88,0x20,0x88,0xA8,0x88,0xA8,0x88,0xA0,0x88,0x20,0x88,0x27,0xFE,0x00,0x00,0x00,0x00,0xFF,0xFE,0x01,0x00,0x02,0x00,
    0x3F,0xF8,0x20,0x08,0x20,0x08,0x20,0x08,0x20,0x08,0x3F,0xF8,0x20,0x08,0x20,0x08,0x20,0x08,0x20,0x08,0x3F,0xF8,0x00,0x00,
    0x00,0x00,0x7B,0xDE,0x00,0x42,0xFA,0xD6,0x01,0x4A,0x7A,0x52,0x00,0xE6,0x78,0x50,0x03,0x88,0x00,0x26,0x79,0xC8,0x48,0x32,
    0x49,0xC4,0x48,0x18,0x79,0xE0,0x00,0x00,0x10,0x40,0x10,0x40,0x17,0xFE,0x20,0x40,0x23,0xFC,0x60,0x40,0x60,0x40,0xAF,0xFE,
    0x20,0xA0,0x21,0x22,0x23,0x24,0x2D,0x18,0x21,0x10,0x21,0xE8,0x27,0x06,0x00,0x00,0x08,0x00,0x08,0x02,0x0F,0x84,0x08,0x18,
    0x7F,0xA0,0x48,0x82,0x4E,0x04,0x78,0x18,0x49,0x20,0x4F,0x02,0x40,0x04,0x4A,0x18,0x8A,0x62,0x92,0x02,0xA1,0xFE,0x00,0x00,
    0x20,0x00,0x27,0xFE,0x20,0xA0,0xFB,0xFC,0x22,0xA4,0x22,0xA4,0x73,0xFC,0x70,0x00,0x69,0xF8,0xA8,0x00,0xA7,0xFE,0xA0,0x40,
    0x22,0x48,0x22,0x44,0x24,0xC4,0x00,0x00,0x01,0x00,0x21,0x00,0x11,0x00,0x09,0x02,0x01,0x84,0xFD,0x98,0x05,0x60,0x09,0x40,
    0x09,0x20,0x11,0x20,0x11,0x10,0x21,0x08,0x41,0x04,0x81,0x02,0x07,0x00,0x00,0x00,0x40,0x00,0x2F,0xFE,0x10,0xA0,0x07,0xFC,
    0x84,0xA4,0x44,0xA4,0x27,0xFC,0x00,0x00,0x03,0xF8,0x20,0x00,0x2F,0xFE,0x40,0x40,0x42,0x4C,0x8C,0x42,0x81,0xC0,0x00,0x00,
    0x00,0x04,0xFE,0x18,0x28,0xE8,0xFE,0xA8,0xAA,0xA8,0xAA,0xA8,0xFE,0xA8,0x00,0xA8,0x7C,0xA4,0x00,0xA4,0xFE,0xA4,0x10,0xA4,
    0x55,0x2A,0x91,0x3A,0x32,0xCA,0x00,0x00,0xFF,0xFE,0x04,0x40,0x04,0x40,0x7F,0xFC,0x44,0x44,0x44,0x44,0x7F,0xFC,0x00,0x00,
    0x3F,0xF8,0x00,0x00,0xFF,0xFE,0x11,0x18,0x21,0x04,0xC1,0x02,0x07,0x00,0x00,0x00,0x01,0x00,0x01,0x00,0x7F,0xFC,0x01,0x00,
    0x3F,0xF8,0x01,0x00,0x01,0x00,0xFF,0xFE,0x02,0x80,0x04,0x84,0x08,0x48,0x38,0x50,0xC8,0x20,0x0B,0x98,0x7C,0x06,0x00,0x00,
    0x00,0x00,0x79,0xFC,0x00,0x20,0xFC,0x20,0x01,0x24,0x78,0xA4,0x00,0xA8,0x78,0x20,0x03,0xFE,0x00,0x20,0x78,0x20,0x48,0x20,
    0x48,0x20,0x48,0x20,0x78,0x20,0x00,0x00,0x10,0x40,0x20,0x40,0xD4,0x40,0x08,0xFE,0x50,0x82,0x21,0x02,0xD2,0x02,0x10,0x82,
    0x28,0x42,0xC8,0x22,0x18,0x02,0x28,0x02,0xC8,0x04,0x08,0x04,0x30,0x38,0x00,0x00,0x01,0x00,0x01,0x00,0x7F,0xFE,0x44,0x00,
    0x5F,0x3E,0x44,0x22,0x5F,0x22,0x51,0x3E,0x5F,0x22,0x51,0x22,0x5F,0x3E,0x44,0x22,0xBF,0x22,0x84,0x42,0x84,0x4E,0x00,0x00,
    0x20,0x88,0x20,0x88,0x23,0xFE,0xF8,0x88,0x20,0x88,0x20,0x00,0x23,0xFE,0x3A,0x22,0xE2,0x22,0x22,0x22,0x23,0xFE,0x22,0x22,
    0x22,0x22,0x22,0x22,0x63,0xFE,0x00,0x00,0x00,0x80,0x00,0x80,0x3F,0xFE,0x20,0x00,0xA0,0x00,0x67,0xFE,0x20,0x40,0x20,0x40,
    0x67,0xFE,0xA4,0x42,0x24,0xA2,0x24,0x92,0x45,0x12,0x44,0x02,0x84,0x1E,0x00,0x00,0x18,0x20,0xE0,0x20,0x20,0x20,0x21,0x28,
    0xF9,0x24,0x21,0x22,0x22,0x22,0x72,0x20,0x68,0x22,0xA8,0xE4,0xA0,0x04,0x20,0x08,0x20,0x10,0x20,0x60,0x21,0x80,0x00,0x00,
    0x08,0x40,0x08,0x40,0xFF,0xFC,0x08,0x40,0x08,0x40,0x00,0x00,0x7F,0xF8,0x42,0x08,0x42,0x08,0x42,0x08,0x7F,0xF8,0x42,0x08,
    0x42,0x08,0x42,0x08,0x7F,0xF8,0x00,0x00,0x30,0x88,0x48,0x88,0x83,0xFE,0x00,0x88,0xF8,0x88,0x20,0x00,0x21,0xFC,0xF9,0x24,
    0x21,0x24,0x21,0x24,0xA9,0xFC,0x69,0x24,0x21,0x24,0x31,0x24,0xC1,0xFC,0x00,0x00,0x30,0x0C,0x48,0xF0,0x80,0x80,0x00,0x80,
    0xF8,0x80,0x20,0xFC,0x20,0x90,0xF8,0x90,0x20,0x90,0x20,0x90,0xAB,0xFE,0x68,0x00,0x20,0x84,0x31,0x02,0xC2,0x02,0x00,0x00,
    0x08,0x20,0xFF,0xFE,0x08,0x20,0x00,0x00,0x7C,0x7C,0x00,0x00,0x00,0x00,0xFE,0xFE,0x10,0x10,0x54,0x54,0x52,0x52,0x92,0x92,
    0x90,0x92,0x10,0x10,0x30,0x30,0x00,0x00,0x20,0x00,0x23,0xFE,0x20,0x40,0xF8,0x48,0xA8,0x84,0xA8,0x9E,0xAB,0xE2,0xA8,0x00,
    0xA8,0x20,0xF8,0x20,0x21,0xFC,0x28,0x20,0x28,0x20,0x34,0x20,0xC7,0xFE,0x00,0x00,0x20,0x40,0x38,0x42,0x49,0xF2,0x50,0x44,
    0xFD,0xFE,0x54,0x50,0x54,0x78,0x7C,0xC2,0x55,0x7E,0x54,0x00,0x7C,0xFC,0x00,0x84,0x54,0xFC,0x54,0x84,0x80,0xFC,0x00,0x00,
    0x1F,0xE0,0x10,0x20,0x10,0x20,0x10,0x20,0x10,0x20,0x1F,0xE0,0x00,0x00,0x00,0x00,0xFC,0xFC,0x84,0x84,0x84,0x84,0x84,0x84,
    0x84,0x84,0x84,0x84,0xFC,0xFC,0x00,0x00,0x21,0x00,0x21,0x02,0x21,0x04,0xF7,0xC8,0x21,0x30,0x21,0x00,0x73,0x82,0x6B,0x44,
    0x63,0x08,0xA5,0x30,0xA5,0x00,0xA5,0x02,0x21,0x04,0x21,0x18,0x21,0x60,0x00,0x00,0x20,0x10,0x23,0xD4,0x20,0x12,0xF8,0x10,
    0x17,0xFE,0x10,0x90,0x90,0x90,0x52,0x90,0x22,0xE8,0x32,0x88,0x2A,0x88,0x4A,0x8A,0x42,0xEA,0x8F,0x06,0x00,0x02,0x00,0x00,
    0x40,0x18,0x23,0xE0,0x12,0x00,0x02,0x00,0x83,0xFC,0x42,0x10,0x22,0x10,0x02,0x10,0x02,0x10,0x2F,0xFE,0x20,0x00,0x42,0x10,
    0x42,0x08,0x84,0x04,0x88,0x04,0x00,0x00,0x42,0x00,0x22,0x7E,0x0B,0x88,0x0A,0x10,0x8A,0x3C,0x5F,0xA4,0x02,0x24,0x0A,0x3C,
    0x0A,0xA4,0x32,0x7C,0x26,0x24,0x40,0xA4,0x41,0x3C,0x82,0x24,0x9C,0xC2,0x00,0x00,0x08,0x20,0x10,0x10,0x2F,0xE8,0xC2,0x26,
    0x04,0x60,0x18,0x00,0x7F,0xF8,0x10,0x08,0x1F,0xF8,0x10,0x08,0x1F,0xF8,0x10,0x08,0x1F,0xF8,0x08,0x10,0x70,0x0E,0x00,0x00,
    0x01,0x00,0xFF,0xFE,0x80,0x02,0x9F,0xF2,0x09,0x20,0x33,0x50,0x0F,0xF0,0x30,0x10,0xFF,0xF0,0x10,0x10,0x1F,0xF0,0x10,0x10,
    0x1F,0xF0,0x08,0x20,0x70,0x1C,0x00,0x00,0x10,0x00,0x11,0xFE,0x5C,0x20,0x50,0xFC,0x50,0x84,0xFE,0x84,0x10,0xFC,0x54,0x84,
    0x52,0xFC,0x90,0x84,0xB4,0x84,0x04,0xFC,0x08,0x00,0x30,0xCC,0xC3,0x02,0x00,0x00,0x20,0x20,0x20,0x20,0x7F,0x20,0x40,0x7E,
    0x80,0x44,0x3E,0x84,0x2B,0x44,0x2A,0x44,0xFF,0x48,0x52,0x28,0x52,0x28,0x52,0x10,0xFF,0x28,0x82,0x44,0x0C,0x82,0x00,0x00,
    0x44,0x00,0x25,0xFE,0x28,0x40,0x7E,0x40,0x24,0x78,0x24,0x48,0x24,0x48,0x24,0x48,0x7E,0xA8,0x24,0x98,0x24,0x88,0x24,0x8A,
    0x44,0x9A,0x44,0xE6,0x85,0x82,0x00,0x00,0x00,0x00,0xFF,0xFE,0x00,0x80,0x00,0x80,0x01,0x00,0x03,0x00,0x05,0x40,0x09,0x30,
    0x11,0x08,0x21,0x04,0xC1,0x02,0x01,0x00,0x01,0x00,0x01,0x00,0x01,0x00,0x00,0x00,0x10,0x08,0x10,0x08,0x10,0x08,0x27,0xFE,
    0x20,0x08,0x60,0x08,0x60,0x08,0xA2,0x08,0x21,0x08,0x20,0x88,0x20,0x08,0x20,0x08,0x20,0x08,0x20,0x08,0x20,0x38,0x00,0x00,
    0x20,0x20,0x20,0x40,0x21,0xFC,0x21,0x04,0xF9,0xFC,0x21,0x00,0x21,0xFC,0x21,0x04,0x21,0x04,0x21,0xFC,0x38,0x20,0xE3,0xFE,
    0x00,0x20,0x00,0x20,0x00,0x20,0x00,0x00,0x01,0x00,0x01,0x00,0x01,0x00,0x7F,0xFC,0x01,0x00,0x01,0x00,0x01,0x00,0x01,0x00,
    0xFF,0xFE,0x02,0x80,0x02,0x80,0x04,0x40,0x08,0x20,0x30,0x18,0xC0,0x06,0x00,0x00,0x20,0x00,0x21,0xFC,0x20,0x04,0xF9,0xFC,
    0x48,0x04,0x49,0xFC,0x48,0x00,0x4B,0xFE,0x8A,0x22,0xD1,0xFC,0xB1,0x24,0x11,0x24,0x29,0x2C,0x44,0x20,0x80,0x20,0x00,0x00,
    0x01,0x00,0x01,0x00,0xFF,0xFE,0x80,0x02,0x9F,0xF2,0x00,0x00,0x1F,0xF0,0x10,0x10,0x1F,0xF0,0x00,0x00,0x3F,0xF8,0x21,0x08,
    0x3F,0xF8,0x21,0x08,0x3F,0xF8,0x00,0x00,0x00,0x00,0xFF,0xFE,0x80,0x02,0x9F,0xF2,0x00,0x00,0x1F,0xF0,0x10,0x10,0x1F,0xF0,
    0x00,0x00,0x3F,0xF8,0x21,0x08,0x3F,0xF8,0x21,0x08,0x21,0x08,0x3F,0xF8,0x00,0x00,0x02,0x00,0x02,0x00,0xFF,0xFE,0x04,0x00,
    0x09,0x00,0x09,0x00,0x11,0x00,0x3F,0xF8,0x51,0x08,0x91,0x08,0x11,0x08,0x11,0x08,0x11,0x08,0x11,0x38,0x01,0x00,0x00,0x00,
    0x01,0x00,0x01,0x00,0x7F,0xFE,0x40,0x00,0x42,0x08,0x42,0x08,0x44,0x08,0x45,0xFE,0x4C,0x08,0x4C,0x88,0x54,0x48,0x44,0x48,
    0x84,0x08,0x84,0x08,0x84,0x38,0x00,0x00,0x20,0x40,0x20,0x40,0x27,0xFE,0xB0,0x80,0xA8,0xA0,0xA9,0x20,0xA1,0x20,0x23,0xFC,
    0x25,0x24,0x29,0x24,0x21,0x24,0x21,0x24,0x21,0x2C,0x20,0x20,0x20,0x20,0x00,0x00,0x20,0x20,0x20,0x20,0x20,0x20,0xF9,0xFC,
    0x20,0x20,0x20,0x20,0x20,0x20,0x3B,0xFE,0xE0,0x50,0x20,0x50,0x20,0x50,0x20,0x88,0x20,0x88,0x21,0x04,0x62,0x02,0x00,0x00,
    0x12,0x20,0xFF,0x20,0x10,0x20,0x7E,0x7E,0x52,0x44,0x7E,0xC4,0x53,0x44,0x7E,0x24,0x10,0x28,0xFF,0x28,0x20,0x10,0x3E,0x18,
    0x22,0x28,0x42,0x44,0x8C,0x82,0x00,0x00,0x08,0x20,0x30,0x18,0xC6,0x66,0x01,0x80,0x0E,0x70,0xF0,0x0E,0x00,0xE0,0x3F,0x00,
    0x20,0x00,0x20,0x00,0x3F,0xFE,0x20,0x80,0x40,0x80,0x40,0x80,0x80,0x80,0x00,0x00,0x08,0x20,0x04,0x40,0x7F,0xFC,0x04,0x40,
    0x24,0x48,0x14,0x50,0xFF,0xFE,0x00,0x00,0x1F,0xF0,0x10,0x10,0x10,0x10,0x1F,0xF0,0x10,0x10,0x10,0x10,0x1F,0xF0,0x00,0x00,
    0x40,0x3C,0x27,0xC0,0x10,0x04,0x04,0x84,0x82,0x48,0x40,0x00,0x27,0xFC,0x00,0x08,0x00,0x30,0x20,0x40,0x2F,0xFE,0x40,0x40,
    0x40,0x40,0x80,0x40,0x81,0xC0,0x00,0x00,0x00,0x00,0x08,0x20,0x10,0x10,0x20,0x08,0xC0,0x06,0x08,0x20,0x08,0x20,0x04,0x40,
    0x04,0x40,0x02,0x80,0x01,0x00,0x02,0x80,0x04,0x40,0x18,0x30,0xE0,0x0E,0x00,0x00,0x20,0x40,0x3E,0x7E,0x48,0x90,0x85,0x08,
    0x10,0x00,0x10,0x08,0x20,0x08,0x27,0xFE,0x60,0x08,0x60,0x08,0xA1,0x08,0x20,0x88,0x20,0x08,0x20,0x08,0x20,0x38,0x00,0x00,
    0x00,0x80,0x7F,0xFE,0x42,0x08,0x45,0xFE,0x4C,0x88,0x54,0x48,0x44,0x18,0x40,0x80,0x5F,0xFC,0x51,0x84,0x56,0x64,0x51,0x94,
    0x96,0x64,0x90,0x14,0x90,0x0C,0x00,0x00,0x01,0xF8,0x01,0x00,0x7F,0xFE,0x41,0x02,0x5F,0xF4,0x41,0x04,0x5F,0xFC,0x50,0x84,
    0x5F,0xFC,0x48,0x08,0x4F,0xF8,0x48,0x08,0x8F,0xF8,0x88,0x08,0x88,0x38,0x00,0x00,0x08,0x20,0xFF,0xFE,0x08,0x20,0x01,0x00,
    0x01,0x00,0x7F,0xFC,0x01,0x00,0x01,0x00,0xFF,0xFE,0x02,0x80,0x02,0x80,0x04,0x40,0x08,0x20,0x30,0x18,0xC0,0x06,0x00,0x00,
    0x00,0x84,0x78,0x48,0x01,0xFE,0xFC,0x48,0x01,0x4A,0x78,0xCC,0x01,0xFE,0x78,0x00,0x00,0xFC,0x00,0x84,0x78,0x84,0x48,0xFC,
    0x48,0x84,0x48,0x84,0x78,0xFC,0x00,0x00,0x08,0x00,0x0F,0xC0,0x10,0x40,0x20,0x80,0xFF,0xF8,0x20,0x08,0x20,0x08,0x3F,0xF8,
    0x20,0x08,0x3F,0xF8,0x20,0x08,0x20,0x08,0x3F,0xF8,0x08,0x20,0xF0,0x1E,0x00,0x00,0x00,0x10,0x78,0x14,0x4B,0xD2,0x48,0x10,
    0x48,0x10,0x7B,0xFE,0x48,0x90,0x48,0x90,0x78,0x90,0x4A,0xE8,0x4A,0x88,0x4A,0x8A,0x7A,0xEA,0x57,0x06,0x88,0x02,0x00,0x00,
    0x10,0x40,0x10,0x40,0x7C,0x40,0x10,0x40,0x10,0x40,0xFE,0x40,0x10,0x70,0x10,0x48,0x50,0x44,0x5E,0x40,0x50,0x40,0x70,0x40,
    0x50,0x40,0x8C,0x00,0x83,0xFE,0x00,0x00,0x01,0x00,0x02,0x00,0x3F,0xF8,0x20,0x08,0x3F,0xF8,0x20,0x00,0x3F,0xF8,0x20,0x08,
    0x20,0x08,0x3F,0xF8,0x01,0x00,0xFF,0xFE,0x01,0x00,0x01,0x00,0x01,0x00,0x00,0x00,0x00,0x88,0xF8,0x88,0x89,0x08,0x91,0x08,
    0x93,0x7E,0xA3,0x08,0x95,0x08,0x91,0x08,0x89,0x48,0x89,0x28,0x89,0x08,0xB1,0x08,0x81,0x08,0x81,0x08,0x81,0x38,0x00,0x00,
    0x11,0x00,0x11,0x00,0x13,0xFE,0x22,0x00,0x24,0x00,0x61,0xFC,0x61,0x24,0xA1,0x24,0xA7,0xFE,0x21,0x24,0x21,0x24,0x21,0x24,
    0x23,0xFE,0x22,0x04,0x20,0x38,0x00,0x00,0x20,0x80,0x20,0x80,0x21,0x00,0xF9,0xFE,0x23,0x54,0x25,0x54,0x21,0x54,0x3B,0xFE,
    0xE1,0x54,0x21,0x54,0x21,0x54,0x23,0xFE,0x20,0x00,0x22,0xA4,0x64,0x52,0x00,0x00,0x00,0x28,0x3F,0x24,0x00,0x20,0x00,0x20,
    0xFF,0xFE,0x04,0x20,0x04,0x20,0x04,0x20,0x27,0x90,0x24,0x10,0x24,0x10,0x24,0xD0,0x2F,0x0A,0xF0,0x0A,0x00,0x06,0x00,0x00,
    0x20,0x00,0x7F,0xFC,0xA4,0x90,0x24,0x90,0xFF,0xFE,0x24,0x90,0x24,0x90,0x7F,0xFC,0x10,0x10,0x3E,0xFC,0x42,0x90,0xA4,0x90,
    0x19,0xFE,0x30,0x10,0xC0,0x10,0x00,0x00,0x08,0x20,0xFF,0xFE,0x28,0x20,0x3F,0xFE,0x42,0x42,0x7F,0xF2,0x82,0x02,0x3F,0xE2,
    0x22,0x22,0x3F,0xE2,0x22,0x22,0x3F,0xE2,0x22,0x22,0x22,0x62,0x00,0x0C,0x00,0x00,0x08,0x20,0xFF,0xFE,0x08,0x20,0x10,0x00,
    0x3F,0xFC,0x52,0x48,0x12,0x48,0xFF,0xFE,0x12,0x48,0x12,0x48,0x7F,0xFE,0x00,0x00,0x44,0x44,0x42,0x22,0x82,0x22,0x00,0x00,
    0x10,0x00,0x10,0x7E,0xFF,0x42,0x42,0x44,0x22,0x44,0x24,0x48,0xFF,0x44,0x00,0x44,0x00,0x42,0x7E,0x42,0x42,0x42,0x42,0x42,
    0x42,0x5C,0x42,0x40,0x7E,0x40,0x00,0x00,0x10,0x08,0x10,0x08,0x7C,0x08,0x11,0xFE,0x10,0x08,0x10,0x08,0xFE,0x08,0x00,0x88,
    0x10,0x48,0x10,0x28,0x7C,0x08,0x10,0x08,0x10,0x08,0x1E,0x08,0xF0,0x38,0x00,0x00,0x20,0x00,0x27,0xF8,0x24,0x08,0xF4,0x68,
    0x27,0x88,0x25,0x08,0x77,0xE8,0x6D,0x28,0x65,0x28,0xA7,0xE8,0xA5,0x08,0x25,0x48,0x29,0xEA,0x2B,0x2A,0x28,0x06,0x00,0x00,
    0x7F,0xF0,0x40,0x10,0x41,0xD0,0x5E,0x10,0x42,0x10,0x5F,0xD0,0x52,0x50,0x52,0x50,0x52,0x50,0x5F,0xC8,0x42,0x08,0x42,0x4A,
    0x83,0xCA,0xBC,0x26,0x80,0x22,0x00,0x00,0x04,0x40,0xFF,0xFE,0x04,0x40,0x1F,0xF0,0x10,0x10,0x1F,0xF0,0x00,0x00,0xFF,0xFE,
    0x10,0x10,0x1F,0xF0,0x10,0x10,0x1F,0xF0,0x10,0x1E,0xFF,0xF0,0x00,0x10,0x00,0x00,0x08,0x20,0xFF,0xFE,0x08,0x20,0x00,0x00,
    0x7C,0x40,0x44,0x7C,0x44,0xC4,0x45,0x28,0x7C,0x10,0x10,0x68,0x5D,0x86,0x50,0xFC,0x50,0x84,0x5C,0x84,0xF0,0xFC,0x00,0x00,
    0x10,0x40,0x10,0x48,0x10,0x44,0x20,0x40,0x2F,0xFE,0x60,0x40,0x60,0x40,0xA0,0xA0,0x20,0xA0,0x20,0xA0,0x21,0x10,0x21,0x10,
    0x22,0x08,0x24,0x04,0x28,0x02,0x00,0x00,0x00,0x02,0xFF,0x82,0x00,0x12,0x7F,0x12,0x41,0x12,0x41,0x12,0x7F,0x12,0x00,0x12,
    0xFF,0x92,0x88,0x92,0x88,0x92,0xFF,0x82,0x88,0x82,0x88,0x82,0xFF,0x8E,0x00,0x00,0x11,0x00,0x13,0xFE,0x22,0x00,0x45,0xFC,
    0x91,0x04,0x11,0xFC,0x21,0x04,0x21,0xFC,0x60,0x40,0xA0,0xFC,0x21,0x84,0x26,0x48,0x20,0x30,0x20,0xD8,0x27,0x06,0x00,0x00,
    0x20,0x00,0x23,0xFE,0x20,0x00,0xF9,0xFC,0xA9,0x04,0xA9,0x04,0xA9,0xFC,0xA8,0x00,0xAB,0xFE,0xAA,0x22,0xBA,0x22,0x23,0xFE,
    0x22,0x22,0x22,0x22,0x23,0xFE,0x00,0x00,0x00,0x00,0x79,0xFC,0x49,0x04,0x49,0x04,0x49,0x1C,0x79,0x00,0x49,0x00,0x49,0xFC,
    0x49,0x44,0x79,0x44,0x49,0x28,0x49,0x28,0x4A,0x10,0x8A,0x28,0x9A,0xC6,0x00,0x00,0x20,0x00,0x23,0xFE,0x20,0x00,0xF9,0xFC,
    0x09,0x04,0x11,0x04,0x11,0xFC,0x20,0x00,0x63,0xFE,0xB2,0x22,0x2A,0x22,0x23,0xFE,0x22,0x22,0x22,0x22,0x23,0xFE,0x00,0x00,
    0x00,0x80,0x79,0xFE,0x4A,0x00,0x49,0xFC,0x49,0x04,0x79,0xFC,0x49,0x04,0x49,0xFC,0x48,0x40,0x78,0xFC,0x49,0x84,0x4A,0x48,
    0x48,0x30,0x88,0xC8,0x9B,0x06,0x00,0x00,0x21,0x00,0x23,0xFE,0x22,0x00,0xFD,0xFC,0x09,0x04,0x11,0xFC,0x11,0x04,0x21,0xFC,
    0x68,0x40,0xB0,0xFC,0x29,0x84,0x26,0x48,0x20,0x30,0x20,0xC8,0x27,0x06,0x00,0x00,0x00,0x00,0xFF,0xFE,0x04,0x40,0x7F,0xFC,
    0x44,0x44,0x7F,0xFC,0x21,0x00,0x43,0xFE,0x95,0x08,0x21,0xF8,0x61,0x08,0xA3,0xF8,0x25,0x10,0x20,0xE0,0x27,0x1E,0x00,0x00,
    0x44,0x92,0x24,0x92,0x14,0x92,0x07,0x9E,0x84,0x02,0x44,0x02,0x27,0xFE,0x04,0x02,0x04,0x02,0x27,0x9E,0x24,0x92,0x44,0x92,
    0x48,0x92,0x88,0x92,0x90,0x92,0x00,0x00,0x04,0x40,0x04,0x40,0xFF,0xFC,0x04,0x44,0x04,0x44,0x7F,0xFC,0x44,0x40,0x44,0x40,
    0xFF,0xFE,0x84,0x42,0x08,0x42,0x08,0x42,0x10,0x5C,0x20,0x40,0xC0,0x40,0x00,0x00,0x20,0x40,0x20,0x40,0x20,0x40,0xF8,0x40,
    0x20,0x80,0x20,0x80,0x20,0x80,0x38,0x80,0xE1,0x00,0x21,0x10,0x21,0x08,0x21,0x04,0x22,0x1C,0x22,0xE2,0x6F,0x02,0x00,0x00,
    0x41,0x20,0x21,0x20,0x0F,0xFC,0x01,0x24,0x81,0x24,0x47,0xFC,0x25,0x20,0x05,0x20,0x0F,0xFE,0x29,0x22,0x21,0x22,0x41,0x22,
    0x42,0x2C,0x82,0x20,0x84,0x20,0x00,0x00,0x10,0x40,0x10,0x40,0x10,0x40,0x20,0x40,0x20,0x80,0x60,0x80,0x60,0x80,0xA0,0x80,
    0xA1,0x00,0x21,0x10,0x21,0x08,0x22,0x04,0x22,0x1C,0x23,0xE2,0x2E,0x02,0x00,0x00,0x10,0x80,0x50,0x80,0x50,0x80,0x7D,0xFE,
    0x91,0x4A,0x92,0x4A,0x10,0x8A,0x10,0x92,0x1D,0x12,0xF2,0x22,0x10,0x22,0x10,0x42,0x10,0x84,0x11,0x04,0x10,0x38,0x00,0x00,
    0x20,0x44,0x38,0x44,0x48,0x44,0x50,0x84,0xFC,0xBE,0x55,0x84,0x55,0x84,0x7E,0xA4,0x54,0x94,0x54,0x94,0x7C,0x84,0x00,0x84,
    0x54,0x84,0x54,0x84,0x80,0x9C,0x00,0x00,0x00,0x40,0x08,0x40,0x08,0x20,0x10,0x20,0x10,0x10,0x20,0x08,0x40,0x04,0x9F,0xF2,
    0x02,0x10,0x02,0x10,0x04,0x10,0x04,0x10,0x08,0x10,0x10,0x10,0x60,0xE0,0x00,0x00,0x01,0x00,0xF1,0x00,0x91,0xFE,0x92,0x52,
    0x92,0x52,0x94,0x52,0x90,0x92,0x90,0xA2,0x91,0x22,0x91,0x22,0xF2,0x42,0x04,0x42,0x00,0x84,0x01,0x04,0x02,0x38,0x00,0x00,
    0x00,0x40,0x07,0xFE,0xF0,0x40,0x91,0x48,0x97,0xFE,0x91,0x08,0x93,0xFC,0x92,0x04,0x93,0xFC,0x92,0x04,0x93,0xFC,0xF2,0x04,
    0x03,0xFC,0x01,0x08,0x06,0x06,0x00,0x00,0x20,0x40,0x23,0xFC,0x20,0x40,0x21,0x48,0xF7,0xFE,0x21,0x08,0x23,0xFC,0x22,0x04,
    0x23,0xFC,0x22,0x04,0x3B,0xFC,0xE2,0x04,0x03,0xFC,0x01,0x08,0x06,0x06,0x00,0x00,0x20,0x40,0x23,0xFC,0x20,0x40,0xB1,0x48,
    0xAF,0xFE,0xA9,0x08,0xA3,0xFC,0x22,0x04,0x23,0xFC,0x22,0x04,0x23,0xFC,0x22,0x04,0x23,0xFC,0x21,0x08,0x26,0x06,0x00,0x00,
    0x20,0x10,0x21,0x10,0x21,0x10,0xF9,0x08,0x22,0x08,0x22,0x04,0x24,0x04,0x3B,0xFA,0xE0,0x88,0x20,0x88,0x20,0x88,0x21,0x08,
    0x21,0x08,0x22,0x08,0x64,0x30,0x00,0x00,0x10,0x10,0x10,0x10,0xFE,0xFE,0x30,0x38,0x58,0x54,0x94,0x92,0x10,0x10,0x01,0x00,
    0x11,0x04,0x21,0x08,0x42,0x90,0x04,0x40,0x08,0x20,0x30,0x18,0xC0,0x06,0x00,0x00,0x04,0x00,0xFF,0xFE,0x08,0x20,0x34,0x98,
    0xCF,0xF6,0x11,0x00,0x3F,0xF0,0xD1,0x00,0x1F,0xF0,0x11,0x00,0x3F,0xFC,0x21,0x08,0x3F,0xF8,0x21,0x08,0x3F,0xF8,0x00,0x00,
    0x10,0x10,0x10,0x90,0x94,0x88,0x58,0x88,0x11,0x04,0xFD,0x04,0x12,0x02,0x31,0xF8,0x38,0x48,0x54,0x48,0x50,0x48,0x90,0x88,
    0x90,0x88,0x11,0x08,0x12,0x30,0x00,0x00,0x09,0x20,0xFF,0xFE,0x09,0x20,0x30,0x18,0xDF,0xF6,0x11,0x10,0x1F,0xF0,0x11,0x10,
    0x1F,0xF0,0x04,0x40,0x7F,0xFC,0x04,0x40,0xFF,0xFE,0x08,0x20,0x70,0x1C,0x00,0x00,0x20,0x10,0x21,0x10,0x49,0x10,0x8A,0x08,
    0x52,0x08,0x24,0x04,0x20,0x02,0x4B,0xF8,0xF8,0x88,0x20,0x88,0xA8,0x88,0xA9,0x08,0xA1,0x08,0x22,0x08,0x24,0x30,0x00,0x00,
    0x3F,0xF8,0x01,0x00,0xFF,0xFE,0x81,0x02,0xBD,0x7A,0x01,0x00,0x3D,0x78,0x00,0x00,0x08,0x20,0x30,0x18,0xCF,0xF6,0x02,0x10,
    0x02,0x10,0x0C,0x10,0x30,0xE0,0x00,0x00,0x01,0x00,0x01,0x00,0xFF,0xFE,0x10,0x10,0x10,0x10,0x10,0x10,0x08,0x20,0x08,0x20,
    0x04,0x40,0x02,0x80,0x01,0x00,0x02,0x80,0x0C,0x60,0x30,0x18,0xC0,0x06,0x00,0x00,0xFC,0xFC,0x84,0x84,0xFC,0xFC,0x84,0x84,
    0xFC,0xFC,0x80,0x04,0xBF,0xF4,0x88,0x44,0x8F,0xC4,0x88,0x44,0x8F,0xC4,0x88,0x44,0x89,0xF4,0xBE,0x44,0x80,0x5C,0x00,0x00,
    0x00,0x00,0xFF,0xFE,0x01,0x00,0x01,0x00,0x01,0x00,0x7F,0xFC,0x41,0x04,0x41,0x84,0x42,0x44,0x44,0x24,0x58,0x14,0x40,0x04,
    0x40,0x04,0x40,0x04,0x40,0x1C,0x00,0x00,0x12,0x08,0x11,0x08,0x11,0x10,0x27,0xFC,0x21,0x10,0x61,0x10,0x61,0x10,0xAF,0xFE,
    0xA1,0x10,0x21,0x10,0x21,0x10,0x22,0x10,0x22,0x10,0x24,0x10,0x28,0x10,0x00,0x00,0x00,0x70,0x1F,0x80,0x10,0x00,0x10,0x00,
    0x10,0x00,0x1F,0xFC,0x10,0x20,0x10,0x20,0x10,0x20,0x10,0x20,0xFF,0xFE,0x00,0x00,0x08,0x30,0x30,0x0C,0xC0,0x02,0x00,0x00,
    0x20,0x00,0x23,0xFE,0x22,0x02,0x22,0x02,0xFB,0xFE,0x22,0x84,0x22,0x48,0x22,0xFE,0x22,0x48,0x22,0x48,0x3A,0xFE,0xE2,0x48,
    0x04,0x48,0x04,0x88,0x08,0x88,0x00,0x00,0x92,0x20,0x54,0x20,0xFE,0x7E,0x92,0xC4,0xBA,0x28,0xD6,0x10,0x92,0x28,0x96,0xC6,
    0x01,0x00,0x7F,0xFC,0x41,0x04,0x41,0x04,0x41,0x04,0x41,0x1C,0x01,0x00,0x00,0x00,0x00,0x00,0x7F,0xFC,0x01,0x00,0x01,0x00,
    0x21,0x08,0x11,0x10,0x11,0x20,0x01,0x00,0xFF,0xFE,0x01,0x00,0x01,0x00,0x01,0x00,0x01,0x00,0x01,0x00,0x01,0x00,0x00,0x00,
    0x92,0x20,0x54,0x20,0xFE,0x7E,0x92,0xC4,0xBA,0x28,0xD6,0x10,0x92,0x28,0x96,0xC6,0x08,0x20,0x08,0x20,0xFF,0xFE,0x08,0x20,
    0x08,0x20,0x10,0x20,0x60,0x20,0x00,0x00,0x20,0x00,0x27,0xFE,0x20,0x40,0xF8,0x40,0x20,0x40,0x23,0xFC,0x72,0x44,0x72,0xA4,
    0x6A,0x94,0xAB,0x14,0xA2,0x04,0xA2,0x04,0x22,0x04,0x22,0x04,0x22,0x1C,0x00,0x00,0x10,0x20,0x08,0x20,0x00,0x40,0x7F,0xFC,
    0x04,0x40,0x04,0x40,0x04,0x40,0x44,0x44,0x24,0x44,0x24,0x48,0x14,0x48,0x14,0x50,0x04,0x40,0x04,0x40,0xFF,0xFE,0x00,0x00,
    0x08,0x20,0xFF,0xFE,0x08,0x20,0x00,0x00,0x92,0x20,0x54,0x3E,0xFE,0x44,0x92,0x44,0x92,0xA4,0xBA,0x28,0xD6,0x28,0x92,0x10,
    0x92,0x28,0x92,0x44,0x96,0x82,0x00,0x00,0xFC,0xFC,0x84,0x84,0xFC,0xFC,0x84,0x84,0xFC,0xFC,0x80,0x04,0x81,0x04,0x81,0x04,
    0xBF,0xE4,0x83,0x04,0x85,0x04,0x89,0x04,0xB1,0x04,0x83,0x04,0x80,0x1C,0x00,0x00,0x02,0x20,0xFA,0x20,0x8A,0x26,0x93,0xB8,
    0x92,0x20,0xA2,0x22,0x93,0xA2,0x9E,0x1E,0x88,0x40,0x88,0x40,0x83,0xF8,0xB0,0x40,0x80,0x40,0x80,0x40,0x8F,0xFE,0x00,0x00,
    0x01,0x00,0x21,0x08,0x11,0x08,0x11,0x10,0x01,0x00,0xFF,0xFE,0x03,0x80,0x05,0x40,0x05,0x40,0x09,0x20,0x11,0x10,0x21,0x08,
    0xC1,0x06,0x01,0x00,0x01,0x00,0x00,0x00,0x00,0x00,0xFF,0xFE,0x01,0x00,0x02,0x00,0x3F,0xF8,0x20,0x08,0x20,0x08,0x3F,0xF8,
    0x20,0x08,0x3F,0xF8,0x20,0x08,0x20,0x08,0x3F,0xF8,0x08,0x20,0xF0,0x1E,0x00,0x00,0x10,0x08,0x17,0x88,0x24,0xBE,0x24,0x80,
    0x64,0xA2,0x67,0x92,0xA4,0x14,0x24,0x3E,0x27,0x88,0x2C,0x88,0x2C,0xBE,0x34,0x88,0x24,0x88,0x27,0x88,0x20,0x08,0x00,0x00,
    0x00,0x10,0x7E,0x10,0x42,0xFE,0x42,0x44,0x7E,0x28,0x40,0xFE,0x7E,0x10,0xA2,0x10,0xA2,0x7C,0x3E,0x10,0x01,0x10,0x3F,0xF8,
    0x01,0x00,0x01,0x00,0xFF,0xFE,0x00,0x00,0x00,0x80,0x00,0x80,0x3F,0xFE,0x20,0x00,0xA0,0x08,0x67,0xBE,0x24,0xA2,0x24,0x94,
    0x67,0xBE,0xA4,0x08,0x24,0x08,0x2F,0xBE,0x4C,0x88,0x54,0x88,0x87,0x88,0x00,0x00,0x00,0x10,0xFE,0x20,0x10,0xFE,0x7C,0x82,
    0x10,0xFE,0x1E,0x82,0xF0,0xFE,0x00,0x00,0xFF,0xFE,0x04,0x00,0x0F,0xFC,0x38,0x04,0xC8,0x04,0x08,0x04,0x0F,0xFC,0x00,0x00,
    0x00,0x02,0x7F,0x22,0x41,0x22,0x41,0x22,0x41,0x22,0x7F,0x22,0x10,0x22,0x10,0x22,0x1F,0x22,0x11,0x22,0x11,0x02,0x21,0x02,
    0x21,0x02,0x41,0x02,0x86,0x0E,0x00,0x00,0x92,0x20,0x54,0x20,0xFE,0x7E,0x92,0xC4,0xBA,0x28,0xD6,0x38,0x92,0xC6,0x00,0x00,
    0x3F,0xF8,0x20,0x08,0x3F,0xF8,0x20,0x08,0x3F,0xF8,0x20,0x08,0x3F,0xF8,0x00,0x00,0x08,0x20,0xFF,0xFE,0x08,0x20,0x3F,0xFC,
    0x22,0x44,0x3F,0xFC,0x00,0x90,0x00,0x88,0x3F,0xFE,0x20,0x80,0x28,0x44,0x24,0x48,0x40,0x32,0x41,0xD2,0x9E,0x0E,0x00,0x00,
    0x20,0x40,0x3E,0x7E,0x48,0x90,0x85,0x08,0x7F,0xFC,0x41,0x84,0x46,0x64,0x58,0x14,0x00,0x00,0x20,0x80,0x3E,0x8C,0x20,0xF0,
    0x20,0x80,0x2E,0x82,0xF0,0x7E,0x00,0x00,0x10,0x00,0x17,0xFE,0x10,0x00,0x23,0xFC,0x22,0x04,0x62,0x04,0x63,0xFC,0xA2,0x00,
    0xA3,0xFC,0x23,0x54,0x23,0x54,0x25,0xFC,0x25,0x54,0x29,0x54,0x21,0x54,0x00,0x00,0x01,0x00,0x01,0x00,0xFF,0xFE,0x04,0x40,
    0x24,0x48,0x44,0x44,0x88,0x42,0x32,0xC0,0x04,0x00,0x0F,0xE0,0x34,0x20,0x02,0x40,0x01,0x80,0x0E,0x70,0xF0,0x0E,0x00,0x00,
    0x10,0x40,0x10,0x40,0x10,0x40,0x10,0x40,0x1F,0xFE,0x10,0x00,0x10,0x00,0x10,0x00,0x1F,0xF0,0x10,0x10,0x10,0x10,0x20,0x10,
    0x20,0x10,0x40,0x10,0x80,0x10,0x00,0x00,0x20,0x40,0x3E,0x7E,0x48,0x90,0x85,0x08,0xFF,0xFE,0x00,0x00,0x3F,0xFC,0x20,0x04,
    0x3F,0xFC,0x20,0x00,0x2F,0xFC,0x29,0x24,0x4F,0xFC,0x49,0x24,0x89,0x2C,0x00,0x00,0x20,0x00,0x27,0xFE,0x48,0x00,0x8B,0xFC,
    0x52,0x04,0x22,0x04,0x23,0xFC,0x4A,0x00,0xFB,0xFC,0x23,0x54,0xAB,0x54,0xAD,0xFC,0xA5,0x54,0x29,0x54,0x21,0x54,0x00,0x00,
    0x40,0x00,0x27,0xFC,0x10,0x84,0x00,0x84,0x00,0x84,0x00,0x84,0x01,0x04,0xE1,0x04,0x21,0x04,0x22,0x08,0x22,0x08,0x24,0x30,
    0x20,0x00,0x58,0x00,0x87,0xFE,0x00,0x00,0x40,0x00,0x23,0xFE,0x12,0x00,0x02,0x00,0x02,0x00,0x03,0xFC,0x02,0x84,0xE2,0x48,
    0x22,0x48,0x24,0x30,0x24,0x30,0x28,0x48,0x21,0x86,0x58,0x00,0x87,0xFE,0x00,0x00,0x40,0x00,0x27,0xFE,0x10,0x00,0x03,0xFC,
    0x02,0x04,0x03,0xFC,0x02,0x00,0xE3,0xFC,0x23,0x54,0x25,0xFC,0x25,0x54,0x29,0x54,0x21,0x54,0x58,0x00,0x87,0xFE,0x00,0x00,
    0x10,0x00,0x17,0xFE,0x10,0x40,0x20,0x40,0x27,0xFC,0x64,0x44,0x67,0xFC,0xA4,0x44,0xA4,0x44,0x27,0xFC,0x22,0x40,0x21,0x80,
    0x20,0xC0,0x23,0x30,0x2C,0x0E,0x00,0x00,0x10,0x20,0x10,0x20,0x3C,0x20,0x24,0x20,0x48,0xFC,0xFF,0x24,0x49,0x24,0x49,0x24,
    0x49,0x24,0x7F,0x24,0x14,0x44,0x24,0x44,0x24,0x98,0x44,0x02,0x83,0xFE,0x00,0x00,0x20,0x40,0x20,0x40,0x20,0xF8,0xF8,0x88,
    0x49,0x10,0x4B,0xFC,0x49,0x24,0x49,0x24,0x89,0x24,0xD1,0xFC,0xB0,0x50,0x10,0x90,0x28,0x92,0x45,0x12,0x82,0x1E,0x00,0x00,
    0x04,0x00,0x04,0x40,0x08,0x20,0x11,0xF0,0xFE,0x08,0x00,0x08,0x08,0x40,0x08,0x40,0xFF,0xFC,0x08,0x40,0x08,0x40,0x10,0x40,
    0x10,0x40,0x20,0x40,0xC0,0x40,0x00,0x00,0x51,0x00,0x51,0x7E,0xF9,0x10,0x52,0x10,0x72,0x7C,0x26,0x54,0xFA,0x7C,0xAA,0x54,
    0xAA,0x54,0xFA,0x7C,0x22,0x90,0xFA,0x50,0x22,0x20,0x22,0x58,0x22,0x86,0x00,0x00,0x10,0x00,0x13,0xFC,0x12,0x04,0x22,0x04,
    0x22,0x04,0x63,0xFC,0x60,0x40,0xA0,0x40,0xA7,0xFE,0x20,0xE0,0x21,0x50,0x22,0x48,0x2C,0x46,0x20,0x40,0x20,0x40,0x00,0x00,
    0x10,0x14,0x28,0x12,0x44,0xFE,0x92,0x10,0x7C,0x10,0x10,0xFE,0x10,0x92,0xFE,0xFE,0x00,0x92,0x00,0x92,0x7C,0xFE,0x44,0x92,
    0x44,0x92,0x44,0x92,0x7C,0x96,0x00,0x00,0x10,0x14,0x28,0x12,0x44,0xFE,0x80,0x10,0x7C,0x10,0x10,0xFE,0x10,0x92,0xFC,0xFE,
    0x10,0x92,0x94,0x92,0x54,0xFE,0x50,0x92,0x10,0x92,0x1C,0x92,0xE0,0x96,0x00,0x00,0xFF,0xFC,0x80,0x04,0x82,0x44,0xBF,0xF4,
    0x82,0x04,0x9F,0xE4,0x92,0x24,0x9F,0xE4,0x92,0x24,0x9F,0xE4,0x92,0x24,0x92,0x24,0x92,0xE4,0x80,0x04,0xFF,0xFC,0x00,0x00,
    0x20,0x48,0x20,0x44,0x27,0xFE,0xF8,0x40,0x20,0x40,0x23,0xFC,0x22,0x44,0x3B,0xFC,0xE2,0x44,0x22,0x44,0x23,0xFC,0x22,0x44,
    0x22,0x44,0x22,0x44,0x62,0x5C,0x00,0x00,0x01,0x00,0x01,0x00,0x11,0xF8,0x11,0x00,0x11,0x00,0x11,0x00,0xFF,0xFE,0x01,0x00,
    0x11,0x18,0x21,0x04,0xC7,0x12,0x00,0x20,0x00,0x40,0x01,0x80,0x3E,0x00,0x00,0x00,0x01,0x10,0x01,0x08,0xFF,0xFE,0x01,0x00,
    0x01,0x00,0x7F,0xFC,0x41,0x04,0x41,0x04,0x7F,0xFC,0x41,0x04,0x41,0x04,0x7F,0xFC,0x41,0x04,0x41,0x04,0x41,0x1C,0x00,0x00,
    0x20,0x28,0x20,0x24,0x21,0xFE,0xF8,0x20,0x08,0x20,0x11,0xFE,0x11,0x22,0x25,0xFE,0x79,0x22,0xA9,0x22,0x25,0xFE,0x21,0x22,
    0x21,0x22,0x21,0x22,0x21,0x2E,0x00,0x00,0x20,0x28,0x20,0x24,0xFD,0xFE,0x20,0x20,0x20,0x20,0xFD,0xFE,0xA5,0x22,0xFD,0xFE,
    0xA5,0x22,0xFD,0x22,0x21,0xFE,0xFD,0x22,0x21,0x22,0x21,0x22,0x21,0x2E,0x00,0x00,0x18,0x20,0xE0,0x20,0x23,0xFE,0x20,0x20,
    0xF9,0xFC,0x21,0x24,0x31,0xFC,0x71,0x24,0x69,0x24,0xA9,0xFC,0xA0,0x20,0xA2,0x94,0x22,0x82,0x24,0x8A,0x20,0x78,0x00,0x00,
    0x04,0x40,0xFF,0xFE,0x04,0x40,0x1F,0xF0,0x10,0x10,0x1F,0xF0,0x10,0x10,0x1F,0xF0,0x02,0x00,0xFF,0xFE,0x09,0x10,0x37,0xE8,
    0xC2,0x26,0x0C,0x20,0x30,0xC0,0x00,0x00,0x04,0x40,0xFF,0xFE,0x04,0x40,0x1F,0xF0,0x10,0x10,0x1F,0xF0,0x10,0x10,0x1F,0xF0,
    0x02,0x00,0xFF,0xFE,0x08,0x20,0x31,0x18,0xCF,0xE6,0x01,0x00,0x7F,0xFC,0x00,0x00,0x04,0x40,0xFF,0xFE,0x04,0x40,0x1F,0xF0,
    0x10,0x10,0x1F,0xF0,0x10,0x10,0x1F,0xF0,0x02,0x00,0xFF,0xFE,0x08,0x20,0x32,0x18,0xD2,0x96,0x12,0x48,0x26,0x48,0x00,0x00,
    0x00,0x88,0x00,0x84,0x00,0x80,0x3F,0xFE,0x20,0x80,0x20,0x80,0x20,0x84,0x20,0x44,0x20,0x48,0x20,0x30,0x20,0x20,0x20,0x50,
    0x40,0x92,0x43,0x0A,0x8C,0x06,0x00,0x00,0x08,0x20,0xFF,0xFE,0x08,0x20,0x3F,0xF8,0x20,0x08,0x3F,0xF8,0x20,0x08,0x3F,0xF8,
    0x02,0x00,0xFF,0xFE,0x08,0x10,0x30,0x08,0xDF,0xF6,0x10,0x10,0x1F,0xF0,0x00,0x00,0x3F,0xF8,0x20,0x08,0x22,0x08,0x21,0x08,
    0x20,0x88,0x20,0x08,0xFF,0xFE,0x40,0x08,0x44,0x08,0x42,0x08,0x41,0x08,0x40,0x08,0xFF,0xFC,0x80,0x10,0x00,0xE0,0x00,0x00,
    0x20,0x80,0x3E,0xFC,0x49,0x10,0x87,0xFE,0x20,0x40,0x13,0xFC,0x82,0x44,0x43,0xFC,0x02,0x44,0x13,0xFC,0x10,0x08,0x27,0xFE,
    0x21,0x08,0x40,0x88,0x80,0x38,0x00,0x00,0x08,0x20,0xFF,0xFE,0x08,0x20,0x01,0x00,0x7F,0xFC,0x08,0x20,0x04,0x20,0x04,0x40,
    0xFF,0xFE,0x00,0x00,0x1F,0xF0,0x10,0x10,0x10,0x10,0x10,0x10,0x1F,0xF0,0x00,0x00,0x12,0x10,0x12,0x10,0x22,0x10,0x2F,0xBE,
    0x64,0x24,0x64,0x44,0xA7,0xA4,0x24,0xA4,0x24,0xA4,0x24,0xA8,0x24,0x98,0x24,0x98,0x24,0x94,0x28,0xA4,0x2B,0x42,0x00,0x00,
    0x10,0x40,0x10,0x40,0x17,0xFC,0x20,0x40,0x23,0xF8,0x60,0xA0,0x61,0x10,0xAF,0xFE,0xA2,0x08,0x24,0x44,0x2B,0xFA,0x20,0x40,
    0x27,0xFC,0x20,0x40,0x20,0x40,0x00,0x00,0x20,0x00,0x20,0x00,0x7F,0xF8,0x40,0x08,0x40,0x08,0xBF,0x08,0x01,0x08,0x01,0x08,
    0x01,0x08,0x3F,0x10,0x20,0x10,0x20,0xE0,0x20,0x02,0x20,0x02,0x1F,0xFE,0x00,0x00,0x00,0x00,0x3F,0xF8,0x20,0x08,0x20,0x08,
    0x20,0x08,0x3F,0xF8,0x01,0x00,0x01,0x00,0xFF,0xFE,0x03,0x80,0x05,0x40,0x09,0x20,0x31,0x18,0xC1,0x06,0x01,0x00,0x00,0x00,
    0x10,0x00,0x10,0xFE,0x7C,0x82,0x10,0x82,0x10,0x82,0xFE,0x8C,0x44,0x80,0x28,0xFE,0xFE,0xA2,0x10,0xA4,0x10,0x94,0x7C,0x98,
    0x10,0x98,0x10,0xA4,0x10,0xC2,0x00,0x00,0x01,0x00,0x01,0x00,0x7F,0xFC,0x02,0x00,0x3F,0xF8,0x04,0x40,0xFF,0xFE,0x08,0x20,
    0x11,0x10,0x2F,0xE8,0xC1,0x06,0x01,0x00,0x3F,0xF8,0x01,0x00,0x01,0x00,0x00,0x00,0x01,0x00,0x01,0x00,0xFF,0xFE,0x80,0x02,
    0x80,0x02,0x3F,0xF8,0x01,0x00,0x01,0x00,0x01,0x00,0x3F,0xF8,0x01,0x00,0x01,0x20,0x01,0x10,0x01,0x00,0xFF,0xFE,0x00,0x00,
    0x20,0x80,0x20,0xF8,0x21,0x08,0xA9,0x90,0xAA,0x60,0xA8,0xD8,0xAB,0x06,0xA8,0x20,0xA9,0xFC,0xA8,0x20,0xA9,0xFC,0xA8,0x20,
    0xFB,0xFE,0x00,0x20,0x00,0x20,0x00,0x00,0x01,0x00,0x21,0x08,0x3F,0xF8,0x04,0x00,0x0F,0xC0,0x74,0x40,0x03,0x80,0x1C,0x70,
    0xE1,0x0E,0x1F,0xF0,0x01,0x00,0x1F,0xF0,0x01,0x00,0xFF,0xFE,0x01,0x00,0x00,0x00,0x01,0x00,0x41,0x04,0x41,0x04,0x7F,0xFC,
    0x00,0x00,0x7C,0x7C,0x44,0x44,0x44,0x44,0x7C,0x7C,0x44,0x44,0x44,0x44,0x7C,0x7C,0x44,0x84,0x44,0x84,0x8D,0x0C,0x00,0x00,
    0x01,0x00,0x01,0x00,0x7F,0xFE,0x44,0x00,0x44,0x00,0x4F,0xFC,0x48,0x04,0x57,0xC4,0x60,0x44,0x40,0x44,0x47,0xC4,0x44,0x18,
    0x84,0x02,0x84,0x02,0x83,0xFE,0x00,0x00,0x21,0x00,0x21,0x00,0x23,0xFC,0xFA,0x04,0x24,0x04,0x23,0xE4,0x20,0x24,0x38,0x24,
    0xE0,0x24,0x23,0xE4,0x22,0x04,0x22,0x38,0x22,0x02,0x22,0x02,0x61,0xFE,0x00,0x00,0x20,0x40,0x20,0x40,0x27,0xFC,0xF0,0x40,
    0x23,0xF8,0x20,0xA0,0x21,0x10,0x3F,0xFE,0xE2,0x08,0x24,0x44,0x29,0xF2,0x20,0x40,0x23,0xF8,0x20,0x40,0x60,0x40,0x00,0x00,
    0x10,0x40,0x10,0x40,0x10,0x40,0xFE,0xFE,0x20,0x88,0x21,0x88,0x3C,0x88,0x24,0x88,0x24,0x48,0x24,0x50,0x24,0x50,0x44,0x20,
    0x44,0x50,0x44,0x88,0x9B,0x06,0x00,0x00,0x01,0x00,0x01,0x00,0x01,0x00,0xFF,0xFE,0x02,0x00,0x02,0x00,0x02,0x00,0x03,0xF8,
    0x04,0x08,0x04,0x08,0x08,0x08,0x08,0x08,0x10,0x10,0x20,0x10,0xC0,0xE0,0x00,0x00,0x00,0x00,0x3E,0x3E,0x22,0x22,0x22,0x22,
    0x22,0x22,0x3E,0x3E,0x22,0x22,0x22,0x22,0x22,0x22,0x3E,0x3E,0x22,0x22,0x22,0x22,0x42,0x42,0x42,0x42,0x8E,0x8E,0x00,0x00,
    0x40,0x40,0x20,0x40,0x10,0x40,0x07,0xFC,0x80,0x40,0x40,0x40,0x20,0x40,0x0F,0xFE,0x00,0x80,0x20,0x80,0x21,0x08,0x41,0x04,
    0x42,0x1C,0x82,0xE2,0x8F,0x02,0x00,0x00,0x42,0x00,0x22,0x00,0x17,0xFC,0x04,0x04,0x88,0x04,0x43,0xE4,0x20,0x24,0x00,0x24,
    0x00,0x24,0x23,0xE4,0x22,0x04,0x42,0x38,0x42,0x02,0x82,0x02,0x81,0xFE,0x00,0x00,0x01,0x00,0xFF,0xFE,0x00,0x00,0x1F,0xF0,
    0x10,0x10,0x1F,0xF0,0x00,0x00,0x7F,0xFC,0x00,0x30,0x01,0xC0,0x01,0x00,0x03,0x00,0x44,0x44,0x42,0x22,0x82,0x22,0x00,0x00,
    0x01,0x00,0xF9,0x00,0x23,0xFC,0x22,0x04,0x22,0x04,0x45,0xE4,0x78,0x24,0x48,0x24,0xC8,0x24,0x49,0xE4,0x49,0x04,0x49,0x18,
    0x79,0x02,0x01,0x02,0x00,0xFE,0x00,0x00,0x20,0x20,0x22,0x3C,0x49,0x44,0x88,0xA8,0x50,0x38,0x20,0xC6,0x20,0x10,0x4B,0x7C,
    0xF9,0x10,0x21,0x7C,0xA9,0x10,0xA9,0xFE,0xA1,0x10,0x22,0xC0,0x24,0x3E,0x00,0x00,0x00,0x80,0x78,0x80,0x49,0xFC,0x49,0x04,
    0x4A,0x04,0x7D,0xE4,0x48,0x24,0x48,0x24,0x48,0x24,0x79,0xE4,0x49,0x04,0x49,0x18,0x49,0x02,0x89,0x02,0x98,0xFE,0x00,0x00,
    0x08,0x20,0xFF,0xFE,0x08,0x20,0x09,0x20,0x01,0x00,0xFF,0xFE,0x02,0x00,0x02,0x00,0x03,0xF8,0x02,0x08,0x04,0x08,0x04,0x08,
    0x08,0x10,0x10,0x10,0x60,0xE0,0x00,0x00,0x08,0x20,0xFF,0xFE,0x08,0x20,0x00,0x00,0x7C,0x7E,0x44,0x42,0x44,0x42,0x7C,0x7E,
    0x44,0x42,0x44,0x42,0x44,0x7E,0x7C,0x82,0x00,0x82,0x01,0x02,0x02,0x1E,0x00,0x00,0x08,0x20,0xFF,0xFE,0x08,0x20,0x40,0x80,
    0x21,0xF0,0x17,0x10,0x00,0xE0,0x03,0x30,0x0C,0x4C,0xE3,0xF8,0x20,0x40,0x27,0xFC,0x20,0x40,0x58,0x00,0x87,0xFE,0x00,0x00,
    0x20,0x40,0x20,0x40,0x20,0xF8,0xF9,0x88,0xAA,0x50,0xA8,0x20,0xA8,0xD8,0xAB,0x26,0xA9,0xFC,0xF8,0x20,0x21,0xFC,0x28,0x20,
    0x2B,0xFE,0x34,0x20,0xC4,0x20,0x00,0x00,0x01,0x00,0xFF,0xFE,0x00,0x00,0x13,0xF8,0x12,0x08,0x23,0xF8,0x60,0x40,0xAF,0xFE,
    0x22,0x48,0x21,0x44,0x06,0x84,0x18,0x48,0xE8,0x30,0x0B,0x98,0x7C,0x06,0x00,0x00,0x00,0x20,0x7C,0x20,0x00,0x20,0xFD,0xFE,
    0x00,0x40,0x7C,0x40,0x00,0x7C,0x7C,0x44,0x00,0x44,0x00,0x44,0x7C,0x84,0x44,0x84,0x44,0x84,0x45,0x04,0x7E,0x18,0x00,0x00,
    0x04,0x40,0x3F,0xF8,0x24,0x48,0x3F,0xF8,0x24,0x48,0x3F,0xF8,0x00,0x00,0xFF,0xFE,0x00,0x00,0x3F,0xF8,0x20,0x08,0x3F,0xF8,
    0x08,0x20,0x04,0x40,0xFF,0xFE,0x00,0x00,0x10,0x00,0x10,0x7E,0xFE,0x42,0x10,0x44,0x10,0x44,0xFE,0x48,0x10,0x44,0x10,0x44,
    0x10,0x42,0xFE,0x42,0x10,0x42,0x20,0x4C,0x20,0x40,0x40,0x40,0x80,0x40,0x00,0x00,0x10,0x40,0x28,0xF8,0x44,0x88,0x81,0x50,
    0x7C,0x20,0x10,0x58,0x11,0x86,0xFC,0x20,0x11,0xFC,0x94,0x20,0x55,0xFC,0x50,0x20,0x13,0xFE,0x1C,0x20,0xE0,0x20,0x00,0x00,
    0x10,0x80,0x28,0x80,0x45,0xFE,0x91,0x02,0x12,0x02,0x7E,0xF2,0x44,0x12,0x7C,0x12,0x44,0xF2,0x7C,0x82,0x48,0x8C,0x44,0x80,
    0x4C,0x82,0x74,0x82,0xC0,0x7E,0x00,0x00,0x7F,0xF0,0x40,0x10,0x5F,0xD0,0x44,0x10,0x5F,0x90,0x50,0x90,0x5F,0x90,0x50,0x90,
    0x5F,0xD0,0x50,0x08,0x5F,0xE8,0x80,0x2A,0xAA,0xAA,0xAA,0x26,0x80,0xC2,0x00,0x00,0x00,0x10,0x77,0x7C,0x55,0x44,0x55,0x7C,
    0x55,0x44,0x77,0x7C,0x55,0x40,0x55,0x7E,0x55,0x40,0x77,0x7E,0x55,0x02,0x55,0x52,0x55,0x52,0x95,0x02,0xBB,0x1C,0x00,0x00,
    0x00,0x3C,0x7F,0xC0,0x01,0x00,0x01,0x00,0x01,0x00,0x7F,0xF8,0x00,0x08,0x00,0x10,0x00,0x20,0x00,0x40,0x10,0x80,0x13,0x00,
    0x2C,0x00,0x46,0x00,0x81,0xFE,0x00,0x00,0x01,0x00,0x01,0x00,0x01,0x00,0xFF,0xFE,0x10,0x00,0x10,0x00,0x10,0x00,0x10,0x00,
    0x10,0x00,0x10,0x00,0x10,0x00,0x10,0x00,0x10,0x00,0x10,0x00,0x0F,0xFC,0x00,0x00,0x10,0x40,0x10,0x40,0x17,0xFE,0x21,0x08,
    0x20,0x90,0x67,0xFE,0x64,0x02,0xA0,0x40,0xA7,0xFE,0x20,0x80,0x20,0xFC,0x21,0x04,0x21,0x04,0x22,0x04,0x24,0x38,0x00,0x00,
    0x08,0x02,0x08,0x12,0xFF,0x92,0x41,0x12,0x21,0x12,0x22,0x12,0xFF,0x92,0x00,0x12,0x00,0x12,0x7F,0x12,0x41,0x12,0x41,0x02,
    0x41,0x02,0x41,0x02,0x7F,0x0E,0x00,0x00,0x20,0x40,0x20,0x40,0x20,0x40,0x27,0xFE,0xF8,0x80,0x20,0x80,0x20,0x80,0x20,0xFC,
    0x20,0x84,0x20,0x84,0x39,0x04,0xE1,0x04,0x02,0x08,0x04,0x08,0x08,0x30,0x00,0x00,0x20,0x20,0x20,0x20,0x20,0x20,0xFB,0xFE,
    0x48,0x40,0x48,0x40,0x48,0x40,0x48,0x7C,0x88,0x44,0xD0,0x44,0xB0,0x84,0x10,0x84,0x29,0x08,0x45,0x08,0x82,0x70,0x00,0x00,
    0x20,0x00,0x20,0xFE,0x20,0x82,0xFC,0xFE,0xA4,0x82,0xA4,0xFE,0xA4,0x00,0xA4,0x00,0xA4,0xFE,0xA4,0x82,0xAC,0xFE,0x20,0x82,
    0x20,0xFE,0x20,0x82,0x20,0xFE,0x00,0x00,0x01,0x00,0x01,0x00,0xFF,0xFE,0x10,0x00,0x10,0x00,0x10,0x00,0x10,0x00,0x0F,0xFC,
    0x00,0x00,0x01,0x00,0x08,0x80,0x48,0x04,0x48,0x22,0x88,0x22,0x07,0xE0,0x00,0x00,0x20,0x40,0x20,0x40,0x20,0x40,0xB7,0xFE,
    0xA9,0x00,0xA9,0x00,0xA1,0x00,0x21,0x00,0x21,0x00,0x21,0x00,0x21,0x00,0x21,0x00,0x21,0x00,0x21,0x00,0x20,0xFC,0x00,0x00,
    0x00,0x00,0xFF,0xFE,0x00,0x00,0x3F,0xFC,0x20,0x04,0x20,0x04,0x3F,0xFC,0x20,0x80,0x20,0x80,0x3F,0xFE,0x21,0x00,0x21,0xFC,
    0x42,0x04,0x44,0x04,0x98,0x38,0x00,0x00,0x00,0x00,0x3F,0xF8,0x20,0x08,0x3F,0xF8,0x20,0x08,0x3F,0xF8,0x04,0x40,0x7F,0xFC,
    0x04,0x40,0xFF,0xFE,0x09,0x20,0x19,0x30,0x25,0x48,0xC5,0x46,0x3B,0x30,0x00,0x00,0x10,0x00,0x10,0x7E,0xFF,0x42,0x40,0x7E,
    0x40,0x42,0x40,0x7E,0x3E,0x82,0x01,0x1C,0x00,0x00,0x7F,0xFC,0x01,0x00,0x3F,0xF8,0x01,0x00,0x01,0x00,0xFF,0xFE,0x00,0x00,
    0x08,0x20,0xFF,0xFE,0x08,0x20,0x0F,0xE0,0x08,0x20,0x0F,0xE0,0x01,0x00,0x01,0x00,0xFF,0xFE,0x03,0x80,0x05,0x40,0x09,0x20,
    0x31,0x18,0xC1,0x06,0x01,0x00,0x00,0x00,0x20,0x40,0x20,0x40,0x27,0xFC,0xF8,0x40,0x23,0xF8,0x20,0xA0,0x77,0xFE,0x69,0x10,
    0x62,0x48,0xAD,0xF6,0xA0,0x40,0xA0,0x40,0x23,0xF8,0x20,0x40,0x20,0x40,0x00,0x00,0x7F,0xF8,0x40,0x08,0x7F,0xF8,0x40,0x08,
    0x7F,0xF8,0x00,0x00,0x00,0x00,0x3F,0xF0,0x20,0x10,0x3F,0xF0,0x20,0x10,0x3F,0xF0,0x20,0x10,0x20,0x10,0x3F,0xF0,0x00,0x00,
    0x20,0x40,0x20,0x40,0x48,0x40,0x8F,0xFE,0x50,0x80,0x20,0x80,0x20,0x80,0x48,0xFC,0xF8,0x84,0x20,0x84,0xA9,0x04,0xA9,0x04,
    0xA1,0x04,0x22,0x04,0x24,0x38,0x00,0x00,0x00,0x40,0x78,0x40,0x48,0x40,0x4B,0xFE,0x48,0x80,0x78,0x80,0x48,0x80,0x48,0xFC,
    0x48,0x84,0x78,0x84,0x48,0x84,0x48,0x84,0x49,0x04,0x89,0x04,0x9A,0x38,0x00,0x00,0x00,0x80,0x78,0x82,0x4B,0xE2,0x48,0x84,
    0x48,0x88,0x7B,0xE0,0x48,0x02,0x4B,0xE2,0x4A,0x24,0x7A,0x28,0x4B,0xE0,0x4A,0x22,0x49,0x42,0x88,0x64,0x9B,0x98,0x00,0x00,
    0x00,0x88,0x78,0x88,0x03,0xFE,0xFC,0x88,0x00,0xF8,0x78,0x88,0x00,0xF8,0x78,0x20,0x00,0x20,0x03,0xFE,0x78,0x70,0x48,0xA8,
    0x49,0x24,0x4A,0x22,0x78,0x20,0x00,0x00,0x10,0x20,0x20,0x40,0xD5,0xFC,0x09,0x04,0x51,0x04,0x21,0xFC,0xD1,0x04,0x11,0x04,
    0x29,0xFC,0xC8,0x50,0x18,0x50,0x28,0x90,0xC8,0x92,0x09,0x12,0x36,0x1E,0x00,0x00,0x06,0x00,0x78,0xFE,0x40,0x22,0x44,0x22,
    0x5E,0x42,0xE2,0x8C,0x1F,0xF8,0x10,0x08,0x1F,0xF8,0x10,0x08,0x1F,0xF8,0x10,0x08,0x1F,0xF8,0x08,0x10,0x70,0x0E,0x00,0x00,
    0x30,0x40,0x48,0x48,0x80,0x8C,0x03,0xF2,0xF8,0x02,0x20,0xA0,0x20,0xA0,0xF9,0xFC,0x22,0x20,0x20,0x20,0xAB,0xFE,0x68,0x20,
    0x20,0x20,0x30,0x20,0xC0,0x20,0x00,0x00,0x00,0x40,0xF8,0x40,0x88,0x40,0x97,0xFE,0x90,0x80,0xA0,0x80,0x90,0x80,0x90,0xFC,
    0x88,0x84,0x89,0x04,0x89,0x04,0xB1,0x04,0x82,0x04,0x82,0x04,0x84,0x38,0x00,0x00,0x00,0x40,0x00,0x48,0xF0,0x44,0x90,0x40,
    0x97,0xFE,0x90,0x40,0x90,0x40,0x90,0xA0,0x90,0xA0,0x90,0xA0,0x91,0x10,0xF1,0x10,0x02,0x08,0x04,0x04,0x08,0x02,0x00,0x00,
    0x10,0x00,0x11,0xFE,0x10,0x10,0xFE,0x20,0x10,0xFC,0x92,0x84,0x52,0xFC,0x54,0x84,0xFE,0xFC,0x10,0x84,0x10,0x84,0x28,0xFC,
    0x24,0x00,0x40,0xCC,0x83,0x02,0x00,0x00,0x08,0x80,0x08,0x80,0x08,0x80,0x08,0x84,0xF8,0x98,0x08,0xE0,0x08,0x80,0x08,0x80,
    0x08,0x80,0x08,0x80,0x38,0x80,0xC8,0x82,0x08,0x82,0x08,0xFE,0x08,0x00,0x00,0x00,0x10,0xA0,0x14,0xA4,0x22,0xA8,0x2F,0xFE,
    0x61,0x10,0x60,0xA0,0xA7,0xFC,0x20,0x40,0x23,0xF8,0x20,0x40,0x2F,0xFE,0x20,0xA0,0x21,0x10,0x22,0x08,0x2C,0x06,0x00,0x00,
    0x04,0x00,0x04,0x00,0x04,0x00,0x04,0x00,0x04,0x00,0x04,0x00,0x07,0x00,0x04,0xC0,0x04,0x20,0x04,0x10,0x04,0x00,0x04,0x00,
    0x04,0x00,0x04,0x00,0x04,0x00,0x00,0x00,0x00,0x00,0x3F,0xF8,0x21,0x08,0x3F,0xF8,0x21,0x08,0x3F,0xF8,0x01,0x00,0x7F,0xFC,
    0x01,0x00,0xFF,0xFE,0x48,0x44,0x85,0x22,0x7F,0xFC,0x01,0x00,0xFF,0xFE,0x00,0x00,0x20,0xA0,0x24,0xA4,0x22,0xA8,0xFF,0xFE,
    0x21,0x10,0x20,0xA0,0x37,0xFC,0x20,0x40,0xE7,0xFC,0x20,0x40,0x2F,0xFE,0x20,0x40,0x20,0xA0,0x23,0x18,0x6C,0x06,0x00,0x00,
    0x20,0x80,0x20,0x80,0x20,0x80,0xF8,0x80,0x20,0x80,0x20,0x80,0x70,0xE0,0x70,0x90,0x68,0x88,0xA8,0x84,0xA0,0x80,0xA0,0x80,
    0x20,0x80,0x20,0x80,0x20,0x80,0x00,0x00,0x10,0x80,0x10,0x80,0x50,0x80,0x51,0xFE,0x7D,0x88,0x92,0x88,0x94,0x88,0x10,0x88,
    0x10,0x50,0x1C,0x50,0xF0,0x20,0x10,0x50,0x10,0x88,0x13,0x04,0x14,0x02,0x00,0x00,0x00,0x40,0xF0,0x40,0x93,0xFC,0x90,0x40,
    0x90,0x40,0xF7,0xFE,0x91,0x20,0x91,0x22,0x92,0x1E,0xF4,0x40,0x90,0x40,0x93,0xFC,0x90,0x40,0xF0,0x40,0x07,0xFE,0x00,0x00,
    0x18,0x20,0xE0,0x40,0x21,0xFC,0x21,0x04,0xF9,0xFC,0x21,0x04,0x31,0xFC,0x71,0x24,0x6A,0x2A,0xA8,0x70,0xA3,0x84,0xA0,0x18,
    0x23,0xE2,0x20,0x0C,0x23,0xF0,0x00,0x00,0x10,0x00,0x28,0x00,0x44,0xFC,0x80,0x84,0x7C,0x84,0x10,0x84,0x10,0x84,0xFC,0x84,
    0x10,0x84,0x94,0x84,0x54,0x84,0x50,0x84,0x1C,0x84,0xE0,0xFC,0x00,0x00,0x00,0x00,0x10,0x20,0x10,0x20,0xFE,0x20,0x10,0xFE,
    0x10,0x22,0xFE,0x22,0x82,0x22,0x7C,0x22,0x08,0x22,0x10,0x42,0x1E,0x42,0xF0,0x42,0x10,0x82,0x10,0x82,0x31,0x1C,0x00,0x00,
    0x40,0x00,0x21,0xF0,0x11,0x10,0x01,0x12,0x81,0x12,0x42,0x1E,0x24,0x00,0x00,0x00,0x07,0xFC,0x21,0x04,0x20,0x88,0x40,0x90,
    0x40,0x60,0x81,0x98,0x8E,0x06,0x00,0x00,0x00,0x20,0xFE,0x20,0x20,0x40,0x20,0x48,0x3C,0x84,0x24,0x9C,0x45,0xE2,0x64,0x02,
    0x98,0x00,0x09,0xFC,0x11,0x04,0x11,0x04,0x21,0x04,0x41,0x04,0x81,0xFC,0x00,0x00,0x20,0x00,0x23,0xFE,0x22,0x02,0x22,0x02,
    0xFB,0xFE,0x22,0x00,0x22,0x10,0x22,0x92,0x22,0x92,0x22,0xFE,0x3A,0x10,0xE2,0x92,0x04,0x92,0x04,0x92,0x08,0xFE,0x00,0x00,
    0x20,0x00,0x21,0xFC,0x21,0x04,0xF9,0xFC,0xA9,0x04,0xA9,0xFC,0xA8,0x20,0xA9,0x24,0xA8,0xA8,0xAB,0xFE,0xA8,0x90,0xB8,0x90,
    0x20,0x92,0x21,0x12,0x22,0x1E,0x00,0x00,0x01,0x00,0x02,0x00,0xFF,0xFE,0x04,0x20,0x09,0x10,0x31,0x08,0xCF,0xE6,0x01,0x00,
    0x09,0x20,0x08,0x20,0xFF,0xFE,0x08,0x20,0x08,0x20,0x10,0x20,0x60,0x20,0x00,0x00,0x01,0x00,0x01,0x00,0x01,0x00,0xFF,0xFE,
    0x01,0x00,0x03,0x80,0x05,0x40,0x05,0x40,0x09,0x20,0x11,0x10,0x21,0x08,0xCF,0xE6,0x01,0x00,0x01,0x00,0x01,0x00,0x00,0x00,
    0x0C,0x00,0xF1,0xEE,0x94,0x22,0x58,0x22,0x11,0x32,0xFE,0xAA,0x38,0x22,0x54,0x22,0x92,0x66,0x7C,0xAA,0x55,0x32,0x7C,0x22,
    0x54,0x22,0x54,0x22,0x7C,0xEE,0x00,0x00,0x00,0x00,0x1F,0xE0,0x10,0x20,0x10,0x20,0x10,0x20,0x10,0x20,0x12,0x20,0x11,0x20,
    0x11,0x20,0x10,0x20,0x20,0x20,0x20,0x22,0x20,0x22,0x40,0x22,0x80,0x1E,0x00,0x00,0x00,0x40,0x08,0x40,0x08,0x20,0x10,0x10,
    0x2F,0xF8,0xC2,0x16,0x02,0x10,0x0C,0x10,0x30,0xE0,0x00,0x00,0x3F,0xF8,0x24,0x88,0x24,0x88,0x24,0x88,0xFF,0xFE,0x00,0x00,
    0x01,0x00,0x01,0x00,0x7F,0xFE,0x44,0x10,0x5F,0x7C,0x4E,0x38,0x55,0x56,0x44,0x18,0x47,0xE0,0x40,0x80,0x4F,0xFC,0x40,0x80,
    0x9F,0xFE,0x80,0x80,0x83,0x80,0x00,0x00,0x01,0x00,0x01,0x00,0x7F,0xFE,0x44,0x10,0x5F,0x7C,0x4E,0x38,0x55,0x54,0x40,0x00,
    0x5F,0xFE,0x41,0x00,0x42,0x00,0x4F,0xFC,0xB4,0x04,0x84,0x04,0x87,0xFC,0x00,0x00,0x00,0x80,0x7F,0xFE,0x44,0x10,0x5F,0x7C,
    0x4E,0x38,0x55,0x54,0x42,0x00,0x4F,0xF8,0x48,0x88,0x4F,0xF8,0x48,0x88,0x4F,0xF8,0x82,0x92,0x8C,0xAA,0xB0,0xFE,0x00,0x00,
    0x01,0x00,0x01,0x00,0x7F,0xFE,0x40,0x00,0x44,0x10,0x44,0x10,0x5F,0x7C,0x44,0x10,0x4E,0x38,0x4E,0x38,0x55,0x54,0x55,0x54,
    0xA4,0x92,0x84,0x10,0x84,0x10,0x00,0x00,0x20,0x00,0x23,0xFC,0x22,0x44,0x22,0x44,0xFB,0xFC,0x22,0x44,0x22,0x44,0x23,0xFC,
    0x20,0x40,0x20,0x40,0x3B,0xFC,0xE0,0x40,0x00,0x40,0x00,0x40,0x07,0xFE,0x00,0x00,0x20,0x20,0x20,0x20,0x20,0x20,0xF9,0xFC,
    0x48,0x20,0x48,0x20,0x48,0x20,0x4B,0xFE,0x88,0x70,0xD0,0xA8,0xB0,0xA8,0x11,0x24,0x2A,0x24,0x44,0x22,0x80,0x20,0x00,0x00,
    0x00,0x40,0xF0,0x40,0x90,0x40,0x93,0xFC,0x90,0x40,0x90,0x40,0xF0,0x40,0x97,0xFE,0x90,0xE0,0x91,0x50,0x91,0x50,0xF2,0x48,
    0x0C,0x46,0x00,0x40,0x00,0x40,0x00,0x00,0x20,0x80,0x20,0x80,0x20,0x80,0xF9,0xFE,0x21,0x08,0x21,0x08,0x72,0x88,0x70,0x88,
    0x68,0x88,0xA8,0x50,0xA0,0x50,0xA0,0x20,0x20,0x50,0x20,0x88,0x23,0x06,0x00,0x00,0x10,0x00,0x10,0x00,0x3F,0xFE,0x20,0x00,
    0x40,0x00,0x0F,0xF8,0x08,0x88,0x08,0x88,0xFF,0xFE,0x11,0x08,0x11,0x08,0x11,0x08,0x3F,0xFE,0x20,0x08,0x00,0x70,0x00,0x00,
    0x00,0x00,0x03,0xFC,0xF2,0x44,0x92,0x44,0x93,0xFC,0x92,0x44,0x92,0x44,0x92,0x44,0x93,0xFC,0x90,0x40,0x90,0x40,0xF3,0xFC,
    0x00,0x40,0x00,0x40,0x07,0xFE,0x00,0x00,0x20,0x20,0x20,0x20,0x23,0xFE,0xF8,0x20,0x21,0xFC,0x21,0x04,0x71,0xFC,0x71,0x04,
    0x69,0xFC,0xA9,0x04,0xA1,0xFC,0xA0,0x00,0x23,0xFE,0x20,0x88,0x23,0x06,0x00,0x00,0x04,0x40,0xFF,0xFE,0x04,0x40,0x1F,0xF0,
    0x10,0x10,0x1F,0xF0,0x10,0x10,0x1F,0xF0,0x02,0x00,0xFF,0xFE,0x09,0x10,0x3F,0xF8,0xD1,0x16,0x11,0x70,0x01,0x00,0x00,0x00,
    0x00,0x88,0x7B,0xFE,0x48,0x88,0x48,0x00,0x49,0xFC,0x79,0x04,0x49,0xFC,0x49,0x04,0x49,0xFC,0x78,0x20,0x48,0x20,0x4B,0xFE,
    0x48,0x20,0x88,0xD8,0x9B,0x06,0x00,0x00,0x20,0x40,0x20,0x40,0x20,0x40,0xFB,0xFC,0x22,0x44,0x22,0x44,0x70,0x40,0x70,0x60,
    0xA8,0xA0,0xA8,0xA0,0xA0,0xA0,0x21,0x20,0x21,0x22,0x22,0x22,0x24,0x1E,0x00,0x00,0x20,0x20,0x38,0x20,0x49,0xFE,0x50,0x40,
    0xFC,0x40,0x54,0xFC,0x54,0x84,0x7D,0x84,0x56,0xFC,0x54,0x84,0x7C,0x84,0x00,0xFC,0x54,0x84,0x54,0x84,0x80,0x9C,0x00,0x00,
    0x20,0x00,0x23,0xFE,0x20,0x20,0xF8,0x20,0x20,0x20,0x20,0x20,0x71,0x20,0x71,0x3C,0x69,0x20,0xA9,0x20,0xA1,0x20,0xA1,0x20,
    0x21,0x20,0x21,0x20,0x27,0xFE,0x00,0x00,0x20,0x44,0x39,0xFE,0x48,0x28,0x50,0xFE,0xFC,0xAA,0x54,0xCE,0x54,0x82,0x7C,0xFE,
    0x54,0x82,0x54,0xFE,0x7C,0x04,0x01,0xFE,0x54,0x44,0x54,0x24,0x80,0x0C,0x00,0x00,0x20,0x08,0x22,0x08,0x22,0x08,0xFB,0xBE,
    0x24,0xA8,0x24,0xA8,0x74,0xA8,0x76,0xA8,0x69,0x28,0xA9,0x7E,0xA1,0x08,0xA2,0x08,0x22,0x08,0x24,0x08,0x28,0x08,0x00,0x00,
    0x01,0x00,0x01,0x00,0xFF,0xFE,0x04,0x40,0x04,0x40,0x04,0x40,0x24,0x48,0x24,0x44,0x44,0x44,0x44,0x42,0x88,0x42,0x08,0x40,
    0x10,0x40,0x20,0x40,0x41,0xC0,0x00,0x00,0x10,0x00,0x13,0xF8,0x12,0x08,0x22,0x08,0x23,0xF8,0x60,0x00,0x60,0x00,0xA7,0xFC,
    0xA0,0x40,0x20,0x40,0x2F,0xFE,0x20,0x40,0x20,0xA0,0x23,0x18,0x2C,0x06,0x00,0x00,0x00,0x00,0x7F,0xF8,0x10,0x08,0x10,0x08,
    0x08,0x10,0x08,0x10,0x04,0x20,0x04,0x20,0x02,0x40,0x01,0x80,0x01,0x80,0x02,0x40,0x0C,0x20,0x30,0x18,0xC0,0x06,0x00,0x00,
    0x20,0x40,0x20,0x40,0x20,0x40,0xF7,0xFE,0x20,0x40,0x20,0x40,0x23,0xFC,0x30,0x40,0xE0,0xE0,0x21,0x50,0x21,0x50,0x22,0x48,
    0x24,0x44,0x28,0x42,0x60,0x40,0x00,0x00,0x01,0x00,0x01,0x00,0xFF,0xFE,0x01,0x00,0x01,0x00,0x01,0x00,0x7F,0xFC,0x03,0x80,
    0x05,0x40,0x05,0x40,0x09,0x20,0x11,0x10,0x21,0x08,0xC1,0x06,0x01,0x00,0x00,0x00,0x40,0x40,0x20,0x40,0x10,0x40,0x0F,0xFE,
    0x80,0x40,0x40,0x40,0x20,0x40,0x07,0xFC,0x00,0xE0,0x21,0x50,0x21,0x50,0x42,0x48,0x44,0x44,0x88,0x42,0x80,0x40,0x00,0x00,
    0x41,0x00,0x21,0x00,0x13,0xFE,0x02,0x00,0x04,0x00,0x01,0xF8,0x00,0x10,0xE0,0x60,0x20,0x80,0x21,0x04,0x21,0x04,0x20,0xFC,
    0x20,0x00,0x58,0x00,0x87,0xFE,0x00,0x00,0x10,0x00,0x17,0xFC,0x14,0x04,0x24,0x04,0x24,0x04,0x64,0x04,0x67,0xFC,0xA4,0x10,
    0xA4,0x90,0x24,0x50,0x24,0x48,0x24,0x08,0x29,0x84,0x28,0x64,0x28,0x12,0x00,0x00,0x08,0x20,0xFF,0xFE,0x08,0x20,0xFF,0xFC,
    0x89,0x04,0x91,0x44,0xA5,0xF4,0x99,0x54,0x95,0x54,0xBD,0xF4,0x89,0x44,0xAD,0x74,0xAB,0xD4,0xA9,0x04,0x89,0x1C,0x00,0x00,
    0x01,0x00,0x01,0x00,0x7F,0xFE,0x44,0x10,0x5F,0x7C,0x4E,0x38,0x55,0x54,0x4F,0xF8,0x48,0x08,0x4F,0xF8,0x41,0x00,0x5F,0xFC,
    0x90,0x04,0x90,0x04,0x9F,0xFC,0x00,0x00,0x00,0x00,0xFF,0xFE,0x04,0x00,0x04,0x00,0x04,0x00,0x04,0x00,0x07,0xF8,0x08,0x08,
    0x08,0x08,0x08,0x08,0x10,0x08,0x10,0x08,0x20,0x10,0x40,0x10,0x80,0xE0,0x00,0x00,0x20,0x00,0x21,0xFC,0x21,0x04,0xB1,0xFC,
    0xA9,0x04,0xAB,0xFE,0xA2,0x52,0x22,0x52,0x23,0xFE,0x20,0x00,0x23,0xFC,0x20,0x84,0x20,0x48,0x20,0x70,0x27,0x8E,0x00,0x00,
    0x41,0x10,0x21,0x10,0x17,0xFC,0x01,0x10,0x81,0x10,0x4F,0xFE,0x20,0x40,0x00,0x40,0x07,0xFC,0x24,0x44,0x25,0x54,0x45,0x54,
    0x45,0xF4,0x84,0x04,0x84,0x1C,0x00,0x00,0x40,0x00,0x23,0xFC,0x12,0x04,0x03,0xFC,0x82,0x04,0x47,0xFE,0x24,0x92,0x04,0x92,
    0x07,0xFE,0x20,0x00,0x27,0xFC,0x41,0x08,0x40,0x90,0x80,0x60,0x87,0x9E,0x00,0x00,0x08,0x20,0xFF,0xFE,0x08,0x20,0x1F,0xF0,
    0x10,0x10,0x1F,0xF0,0x10,0x10,0x7F,0xFC,0x44,0x44,0x7F,0xFC,0x00,0x00,0x1F,0xF0,0x08,0x20,0x07,0xC0,0x78,0x3E,0x00,0x00,
    0x00,0x40,0x00,0x40,0xF0,0x40,0x93,0xFC,0x90,0x40,0x90,0x40,0x90,0x40,0x97,0xFE,0x90,0xE0,0x91,0x50,0x91,0x50,0xF2,0x48,
    0x04,0x44,0x08,0x42,0x00,0x40,0x00,0x00,0x01,0x00,0x01,0x00,0x3F,0xF8,0x01,0x00,0x01,0x00,0x01,0x00,0xFF,0xFE,0x01,0x00,
    0x03,0x80,0x05,0x40,0x09,0x20,0x31,0x18,0xC1,0x06,0x01,0x00,0x01,0x00,0x00,0x00,0x08,0x10,0x10,0x10,0x7E,0x7C,0x52,0x10,
    0x52,0x10,0x7E,0xFE,0x52,0x10,0x52,0x38,0x7E,0x54,0x29,0x92,0x29,0x10,0x2A,0x90,0x4B,0x82,0x48,0x02,0x87,0xFE,0x00,0x00,
    0x00,0x00,0x7F,0xF8,0x40,0x08,0x40,0x08,0x40,0x08,0x40,0x08,0x40,0x08,0x7F,0xF8,0x40,0x00,0x40,0x00,0x40,0x00,0x40,0x04,
    0x40,0x04,0x40,0x04,0x3F,0xFC,0x00,0x00,0x20,0x40,0x3E,0x7E,0x48,0x90,0x85,0x08,0x08,0x20,0x7F,0xFC,0x08,0x20,0x0F,0xE0,
    0x08,0x20,0x0F,0xE0,0x08,0x20,0xFF,0xFE,0x00,0x00,0x18,0x18,0xE0,0x06,0x00,0x00,0x20,0x00,0x21,0xFE,0x21,0x22,0xA9,0x22,
    0xA9,0x22,0xA9,0xFE,0xA9,0x22,0xA9,0x22,0xA9,0x22,0xA9,0xFE,0xA8,0x20,0xF8,0x20,0x00,0x20,0x00,0x20,0x00,0x20,0x00,0x00,
    0x01,0x00,0x01,0x00,0xFF,0xFE,0x81,0x02,0x84,0x92,0x24,0x24,0x24,0xC2,0x47,0x12,0x1C,0x10,0xE3,0xF0,0x00,0x00,0x01,0x00,
    0x41,0x04,0x41,0x04,0x7F,0xFC,0x00,0x00,0x01,0x00,0x01,0x00,0xFF,0xFE,0x82,0x02,0xA9,0x4A,0x28,0x84,0x49,0x12,0x07,0xF0,
    0xF9,0x00,0x3F,0xF8,0x21,0x08,0x3F,0xF8,0x01,0x08,0x01,0xFC,0xFF,0x02,0x00,0x00,0x40,0x40,0x20,0x40,0x17,0xFC,0x00,0x40,
    0x83,0xF8,0x40,0xA0,0x21,0x10,0x0F,0xFE,0x02,0x08,0x2D,0xF6,0x20,0x40,0x47,0xFC,0x40,0xA0,0x81,0x10,0x86,0x0C,0x00,0x00,
    0x08,0x20,0xFF,0xFE,0x09,0x20,0xFF,0xFE,0x00,0x00,0x1F,0xF0,0x10,0x10,0xFF,0xFE,0x10,0x10,0x1F,0xF0,0x04,0x88,0x18,0x50,
    0xE8,0x20,0x0B,0x98,0x7C,0x06,0x00,0x00,0x18,0x20,0xE0,0x50,0x20,0x88,0x21,0x04,0xFA,0x02,0x20,0xF8,0x30,0x00,0x71,0xFC,
    0x68,0x04,0xA8,0x08,0xA1,0x50,0xA5,0x24,0x25,0x02,0x29,0x0A,0x20,0xF8,0x00,0x00,0x00,0x0E,0x79,0xF0,0x49,0x00,0x49,0x00,
    0x49,0x06,0x79,0x78,0x49,0x50,0x49,0x52,0x49,0x54,0x79,0x48,0x49,0x48,0x49,0x48,0x4A,0x44,0x8A,0x44,0x9A,0x42,0x00,0x00,
    0x20,0x20,0x20,0x20,0x20,0x20,0xF8,0xA8,0x48,0xA4,0x48,0xA4,0x49,0x22,0x49,0x22,0x8A,0x20,0xD0,0x64,0xB0,0x04,0x10,0x08,
    0x28,0x10,0x44,0x60,0x83,0x80,0x00,0x00,0x10,0x06,0x10,0x18,0x95,0xE0,0x58,0x20,0x10,0x20,0xFC,0x3E,0x11,0xE0,0x30,0x20,
    0x38,0x20,0x54,0x3E,0x51,0xE0,0x90,0x20,0x90,0x22,0x10,0x22,0x10,0x1E,0x00,0x00,0x3F,0xF8,0x20,0x08,0x20,0x08,0x20,0x08,
    0x3F,0xF8,0x20,0x80,0x20,0x80,0x20,0x80,0x3F,0xFC,0x20,0x80,0x20,0x40,0x20,0x40,0x23,0x22,0x3C,0x12,0xE0,0x0E,0x00,0x00,
    0x00,0x00,0xF9,0xFE,0x89,0x02,0x89,0x02,0x89,0xFE,0xF9,0x10,0x89,0x10,0x89,0x10,0xF9,0xFE,0x89,0x10,0x89,0x10,0x89,0x10,
    0xF9,0x0A,0x01,0x6A,0x07,0x86,0x00,0x00,0x00,0x40,0xFC,0x40,0x04,0xFE,0x48,0xC4,0x31,0x44,0x10,0x28,0xFE,0x10,0x12,0x68,
    0x35,0x86,0x30,0x20,0x51,0xFE,0x50,0x22,0x90,0x22,0x10,0x42,0x31,0x8C,0x00,0x00,0x08,0x20,0xFF,0xFE,0x08,0x20,0x7F,0xFC,
    0x44,0x44,0x7F,0xFC,0x00,0x00,0xFF,0xFE,0x82,0x02,0x87,0xF2,0x18,0x20,0x66,0x40,0x01,0x80,0x06,0x00,0x78,0x00,0x00,0x00,
    0x10,0x00,0x10,0x00,0x3F,0xFC,0x52,0x48,0x92,0x48,0x12,0x48,0x7F,0xFE,0x12,0x48,0x12,0x48,0x12,0x48,0x7F,0xFE,0x00,0x00,
    0x44,0x44,0x42,0x22,0x82,0x22,0x00,0x00,0x04,0x00,0x04,0x20,0x08,0x10,0x10,0xE8,0xFF,0x04,0x00,0x04,0x11,0x00,0x11,0x00,
    0x3F,0xF8,0x41,0x00,0x01,0x00,0xFF,0xFE,0x01,0x00,0x01,0x00,0x01,0x00,0x00,0x00,0x00,0x00,0x3F,0xF0,0x00,0x20,0x04,0x40,
    0x02,0x80,0x01,0x00,0xFF,0xFE,0x01,0x82,0x02,0x84,0x04,0x88,0x08,0x80,0x30,0x80,0xC0,0x80,0x00,0x80,0x03,0x80,0x00,0x00,
    0x3F,0xF8,0x01,0x00,0xFF,0xFE,0x81,0x02,0xBD,0x7A,0x01,0x40,0x7E,0x7E,0x14,0xC8,0x08,0x30,0xFE,0xCE,0x1A,0x20,0x29,0xFC,
    0x48,0x24,0x88,0x44,0x19,0x98,0x00,0x00,0x04,0x20,0x76,0xFC,0x04,0x84,0x04,0xFC,0xFE,0x84,0x14,0xFC,0x14,0x80,0x54,0xFE,
    0x5A,0x80,0x52,0xFE,0x52,0x02,0x52,0xAA,0x5A,0xAA,0xE2,0x82,0x01,0x0C,0x00,0x00,0x20,0x20,0x20,0x20,0x23,0xFE,0xF8,0x00,
    0x21,0xFC,0x21,0x04,0x31,0x04,0x69,0x04,0x69,0xFC,0xA0,0x20,0xA0,0x20,0x21,0x24,0x21,0x22,0x22,0x22,0x20,0x60,0x00,0x00,
    0x20,0x00,0x23,0xFE,0x20,0x24,0xF9,0x3C,0x49,0xA0,0x4A,0x7E,0x48,0x00,0x49,0xFC,0x89,0x04,0xD1,0xFC,0xB1,0x04,0x11,0xFC,
    0x29,0x04,0x45,0x04,0x81,0x1C,0x00,0x00,0x20,0x20,0x20,0x20,0x21,0xFC,0xF9,0x04,0x49,0x04,0x49,0xFC,0x49,0x04,0x49,0x04,
    0x89,0xFC,0xD1,0x22,0xB1,0x24,0x11,0x18,0x29,0x10,0x41,0xE8,0x87,0x06,0x00,0x00,0x00,0x00,0xFF,0xFE,0x80,0x02,0x80,0x02,
    0x1F,0xF0,0x10,0x10,0x1F,0xF0,0x10,0x10,0x1F,0xF0,0x01,0x00,0x01,0x00,0xFF,0xFE,0x00,0x00,0x18,0x38,0xE0,0x06,0x00,0x00,
    0x01,0x00,0x02,0x00,0x07,0xF8,0x08,0x08,0x30,0x10,0xCC,0x20,0x02,0xC0,0x03,0x00,0x0C,0x00,0x3F,0xFC,0xC8,0x04,0x08,0x04,
    0x08,0x04,0x08,0x04,0x0F,0xFC,0x00,0x00,0x01,0x00,0x02,0x80,0x0C,0x60,0x30,0x18,0xCF,0xE6,0x00,0x00,0x00,0x00,0x7C,0xFC,
    0x44,0x84,0x44,0x84,0x44,0x84,0x44,0x84,0x7C,0x9C,0x00,0x80,0x00,0x80,0x00,0x00,0x00,0x00,0x00,0xFC,0xF8,0x84,0x88,0x84,
    0x88,0x84,0x88,0xFC,0xF8,0x84,0x88,0x84,0x88,0x84,0x88,0xFC,0xF8,0x84,0x01,0x04,0x01,0x04,0x02,0x04,0x04,0x1C,0x00,0x00,
    0x00,0x00,0x7C,0xFC,0x44,0x84,0x44,0xFC,0x7C,0x84,0x44,0xFC,0x44,0x84,0x7D,0x04,0x02,0x1C,0x00,0x00,0x3F,0xF8,0x24,0x88,
    0x24,0x88,0x24,0x88,0xFF,0xFE,0x00,0x00,0x40,0x40,0x24,0x44,0x02,0x44,0x02,0x48,0x00,0x40,0x07,0xFC,0x00,0x40,0xE0,0xE0,
    0x21,0x50,0x22,0x48,0x24,0x44,0x20,0x40,0x20,0x40,0x58,0x00,0x87,0xFE,0x00,0x00,0x10,0x20,0x28,0x20,0x44,0x7C,0x80,0x44,
    0x7C,0x88,0x11,0x48,0x10,0x30,0xFC,0x20,0x10,0x7E,0x94,0xC2,0x55,0x42,0x50,0x42,0x10,0x42,0x1C,0x42,0xE0,0x7E,0x00,0x00,
    0x00,0x40,0x00,0x80,0x03,0xF8,0xF2,0x08,0x93,0xF8,0x92,0x08,0x93,0xF8,0x92,0x00,0x93,0xFC,0x92,0x00,0x93,0xFE,0xF0,0x02,
    0x05,0x52,0x05,0x52,0x08,0x0C,0x00,0x00,0x20,0x00,0x23,0xFE,0x20,0x40,0xF8,0x88,0x48,0x84,0x49,0x1E,0x4B,0xE2,0x48,0x00,
    0x88,0x20,0xD0,0x20,0xB1,0xFC,0x10,0x20,0x28,0x20,0x44,0x20,0x83,0xFE,0x00,0x00,0x10,0x80,0x50,0x80,0x50,0x80,0x50,0x80,
    0x7C,0x84,0x90,0x98,0x90,0xE0,0x10,0x80,0x1C,0x80,0xF0,0x80,0x10,0x80,0x10,0x82,0x10,0x82,0x10,0x82,0x10,0x7E,0x00,0x00,
    0x40,0x20,0x20,0x28,0x00,0x24,0x0F,0xFE,0x88,0x20,0x48,0x20,0x2F,0xE0,0x09,0x12,0x09,0x52,0x2D,0x94,0x29,0x14,0x4A,0x88,
    0x52,0x9A,0x94,0x6A,0x93,0x86,0x00,0x00,0x08,0x00,0x08,0x00,0x1F,0xC0,0x20,0x40,0x60,0x80,0xBF,0xF8,0x21,0x08,0x21,0x08,
    0x21,0x08,0x3F,0xF8,0x04,0x80,0x04,0x80,0x08,0x82,0x30,0x82,0xC0,0x7E,0x00,0x00,0x20,0x20,0x20,0x40,0x21,0xFC,0xF9,0x04,
    0x21,0xFC,0x21,0x04,0x71,0xFC,0x70,0x20,0x68,0x20,0xAB,0xFE,0xA2,0x22,0xA2,0x22,0x22,0x22,0x22,0x26,0x20,0x20,0x00,0x00,
    0x20,0x20,0x20,0x40,0x49,0xFC,0x89,0x04,0x51,0xFC,0x21,0x04,0x21,0xFC,0x48,0x20,0xF8,0x20,0x23,0xFE,0xAA,0x22,0xAA,0x22,
    0xA2,0x22,0x22,0x26,0x20,0x20,0x00,0x00,0x20,0x00,0x23,0xFE,0x48,0x20,0x88,0x20,0x50,0x40,0x23,0xFE,0x22,0x52,0x4A,0x52,
    0xFA,0x72,0x22,0x52,0xAA,0x52,0xAA,0x72,0xA2,0x52,0x22,0x52,0x23,0xFE,0x00,0x00,0x00,0x00,0xFF,0xFE,0x01,0x00,0x01,0x00,
    0x02,0x00,0x7F,0xFC,0x44,0x44,0x44,0x44,0x47,0xC4,0x44,0x44,0x44,0x44,0x47,0xC4,0x44,0x44,0x44,0x44,0x7F,0xFC,0x00,0x00,
    0x10,0x00,0x10,0xFE,0x7C,0x10,0x10,0x20,0x7C,0xFE,0x10,0xAA,0xFE,0xBA,0x10,0xAA,0x3C,0xBA,0x24,0xAA,0x64,0xAA,0x98,0xFE,
    0x0C,0x00,0x33,0x00,0xC0,0xFE,0x00,0x00,0x20,0x88,0x23,0xFE,0x20,0x88,0xF9,0xFC,0x21,0x04,0x21,0xFC,0x21,0x04,0x39,0xFC,
    0xE0,0x20,0x20,0x20,0x23,0xFE,0x20,0x50,0x20,0x50,0x20,0x88,0x63,0x06,0x00,0x00,0x20,0x88,0x23,0xFE,0x20,0x88,0xF9,0xFC,
    0x21,0x04,0x21,0xFC,0x71,0x04,0x69,0xFC,0x68,0x20,0xA0,0x20,0xA3,0xFE,0x20,0x50,0x20,0x50,0x20,0x88,0x23,0x06,0x00,0x00,
    0x08,0x20,0x08,0x20,0xFF,0xFE,0x08,0x20,0x09,0x28,0x01,0x04,0x3F,0xFE,0x20,0x80,0x20,0x84,0x20,0x48,0x20,0x50,0x20,0x60,
    0x40,0x92,0x43,0x0A,0x8C,0x06,0x00,0x00,0x01,0x00,0x01,0x00,0xFF,0xFE,0x10,0x00,0x10,0x00,0x0F,0xF8,0x01,0x00,0x02,0x00,
    0xFF,0xFE,0x04,0x10,0x08,0x20,0x17,0x40,0x00,0xE0,0x07,0x18,0x78,0x04,0x00,0x00,0x00,0x00,0x3F,0xF0,0x00,0x60,0x01,0x80,
    0x01,0x00,0xFF,0xFE,0x01,0x00,0x01,0x00,0x07,0x00,0x00,0x00,0x3F,0xF8,0x24,0x88,0x24,0x88,0x24,0x88,0xFF,0xFE,0x00,0x00,
    0x00,0x78,0x7F,0x80,0x02,0x00,0x02,0x00,0x03,0xFC,0x7E,0x00,0x02,0x00,0x02,0x00,0x03,0xFE,0xFE,0x00,0x02,0x00,0x02,0x00,
    0x02,0x02,0x02,0x02,0x01,0xFE,0x00,0x00,0x08,0x00,0x89,0xFC,0x50,0x08,0x20,0x30,0x60,0x20,0xA3,0xFE,0x10,0x20,0x10,0x20,
    0x30,0x60,0x50,0x00,0x91,0xFC,0x11,0x54,0x11,0x54,0x11,0x54,0x63,0xFE,0x00,0x00,0x01,0x00,0x01,0x00,0xFF,0xFE,0x20,0x00,
    0x20,0x00,0x1F,0xF8,0x00,0x00,0x00,0x00,0x3F,0xF8,0x20,0x08,0x3F,0xF8,0x20,0x08,0x3F,0xF8,0x20,0x08,0x3F,0xF8,0x00,0x00,
    0x20,0x00,0x23,0xFE,0x4A,0x02,0x8A,0x8A,0x52,0x52,0x22,0xFA,0x22,0x22,0x4A,0x22,0xFA,0xFA,0x22,0x42,0xAA,0x42,0xAA,0x7A,
    0xA2,0x02,0x22,0x02,0x22,0x0E,0x00,0x00,0x10,0x0C,0x10,0xF0,0xFE,0x20,0x10,0x20,0x7C,0x3C,0x10,0xE0,0xFE,0x20,0x10,0x20,
    0x38,0x3E,0x39,0xE0,0x54,0x20,0x54,0x20,0x90,0x22,0x10,0x22,0x10,0x1E,0x00,0x00,0x08,0x20,0xFF,0xFE,0x08,0x20,0x7F,0xFC,
    0x40,0x04,0x5F,0xF4,0x00,0x00,0xFF,0xFE,0x03,0x00,0x0C,0x88,0x73,0x50,0x0C,0xE0,0x73,0x58,0x0C,0x46,0x71,0x80,0x00,0x00,
    0x10,0x08,0x17,0x8A,0x20,0x3E,0x2F,0x8A,0x60,0x0C,0x67,0xBE,0xA0,0x08,0x27,0x90,0x20,0x3E,0x20,0x52,0x27,0x92,0x24,0x9E,
    0x24,0x92,0x24,0x92,0x27,0x9E,0x00,0x00,0x01,0x00,0x01,0x00,0x01,0x00,0xFF,0xFE,0x01,0x00,0x03,0x80,0x05,0x40,0x05,0x40,
    0x09,0x20,0x11,0x10,0x21,0x08,0x41,0x04,0x81,0x02,0x01,0x00,0x01,0x00,0x00,0x00,0x00,0x10,0xFE,0x14,0x92,0x12,0xFE,0x10,
    0x92,0xFE,0xFE,0x10,0x10,0x28,0xFE,0x28,0x10,0x44,0x1E,0x44,0xF0,0x82,0x00,0x00,0x44,0x44,0x42,0x22,0x82,0x22,0x00,0x00,
    0x00,0x00,0x3F,0xF0,0x20,0x10,0x20,0x10,0x20,0x10,0x3F,0xF0,0x20,0x10,0x20,0x10,0x20,0x10,0x3F,0xF0,0x20,0x10,0x20,0x10,
    0x20,0x10,0x20,0x10,0x3F,0xF0,0x00,0x00,0x01,0x00,0x01,0x00,0xFF,0xFE,0x05,0x40,0x09,0x20,0x11,0x10,0x21,0x08,0xC1,0x06,
    0x00,0x00,0x7F,0xFC,0x01,0x00,0x01,0x00,0x01,0x00,0x01,0x00,0xFF,0xFE,0x00,0x00,0x10,0x00,0x10,0x00,0x10,0x00,0x3F,0xFC,
    0x24,0x44,0x44,0x44,0x84,0x44,0x08,0x44,0x08,0x84,0x10,0x84,0x21,0x04,0x41,0x08,0x02,0x08,0x04,0x08,0x08,0x70,0x00,0x00,
    0x10,0x84,0x28,0x44,0x44,0x48,0x92,0x10,0x11,0xFE,0x7C,0x48,0x44,0x48,0x7C,0x48,0x45,0xFE,0x7C,0x48,0x48,0x48,0x44,0x48,
    0x4C,0x88,0x74,0x88,0xC1,0x08,0x00,0x00,0x01,0x20,0x01,0x10,0x01,0x08,0xFF,0xFE,0x01,0x00,0x01,0x00,0x02,0x40,0x02,0x40,
    0x02,0x40,0x04,0x40,0x04,0x40,0x08,0x42,0x10,0x42,0x20,0x42,0xC0,0x3E,0x00,0x00,0x00,0x00,0xFF,0xFE,0x00,0x00,0x3F,0xFC,
    0x20,0x04,0x20,0x04,0x3F,0xFC,0x20,0x80,0x20,0x80,0x3F,0xFE,0x20,0x80,0x21,0x40,0x42,0x20,0x4C,0x18,0xB0,0x06,0x00,0x00,
    0x10,0x00,0x11,0xFE,0x94,0x22,0x58,0x22,0x11,0x22,0xFC,0xA2,0x10,0x62,0x30,0x22,0x38,0x52,0x54,0x4A,0x50,0x42,0x90,0x82,
    0x90,0x82,0x11,0x02,0x12,0x1C,0x00,0x00,0x11,0x10,0x11,0x10,0xFF,0xFE,0x11,0x10,0x11,0xF0,0x10,0x00,0x3F,0xFC,0x20,0x08,
    0x3F,0xF8,0x20,0x08,0x3F,0xF8,0x20,0x08,0x3F,0xF8,0x08,0x30,0x70,0x0C,0x00,0x00,0xFC,0xFC,0x84,0x84,0xFC,0xFC,0x84,0x84,
    0xFC,0xFC,0x80,0x04,0x80,0x04,0x8F,0xC4,0x88,0x44,0x88,0x44,0x88,0x44,0x8F,0xC4,0x80,0x04,0x80,0x04,0x80,0x1C,0x00,0x00,
    0xFC,0xFC,0x84,0x84,0xFC,0xFC,0x84,0x84,0xFC,0xFC,0x80,0x04,0x80,0x04,0x81,0x04,0x84,0x84,0x94,0x24,0x94,0x14,0xA4,0x44,
    0x83,0xC4,0x80,0x04,0x80,0x1C,0x00,0x00,0x20,0x20,0x20,0x20,0x4B,0xFE,0x89,0x04,0x51,0x04,0x21,0x04,0x20,0x88,0x48,0x88,
    0xF8,0x90,0x20,0x50,0xA8,0x60,0xA8,0x60,0xA0,0x90,0x21,0x08,0x26,0x06,0x00,0x00,0xFC,0xFC,0x84,0x84,0xFC,0xFC,0x84,0x84,
    0x84,0x84,0xFC,0xFC,0x80,0x04,0x80,0x04,0x80,0x04,0x80,0x04,0x80,0x04,0x80,0x04,0x80,0x04,0x80,0x04,0x80,0x1C,0x00,0x00,
    0x08,0x00,0x08,0x00,0x1F,0xFC,0x18,0x84,0x28,0x84,0x44,0x84,0x85,0x04,0x03,0x04,0x03,0x04,0x02,0x88,0x04,0x48,0x08,0x28,
    0x10,0x18,0x60,0x16,0x00,0xE0,0x00,0x00,0x01,0x00,0x21,0x00,0x21,0x18,0x21,0x68,0x23,0x88,0x2D,0x08,0x31,0x08,0xE1,0x08,
    0x21,0x08,0x21,0x08,0x21,0x38,0x21,0x02,0x20,0x02,0x20,0x02,0x1F,0xFE,0x00,0x00,0x00,0x40,0x40,0x40,0x20,0x88,0x10,0x84,
    0x01,0x3C,0x07,0xC2,0x00,0x02,0x10,0x00,0x13,0xFC,0x22,0x04,0x22,0x04,0x42,0x04,0x42,0x04,0x82,0x04,0x03,0xFC,0x00,0x00,
    0x01,0x00,0x01,0x00,0xFF,0xFE,0x00,0x00,0x10,0x80,0x10,0xF8,0x21,0x08,0x21,0x48,0x63,0x30,0x64,0x90,0xA0,0xA0,0x20,0x40,
    0x20,0xA0,0x21,0x18,0x26,0x06,0x00,0x00,0x18,0x30,0xE4,0x4E,0x03,0x80,0x1C,0x70,0xE0,0x0E,0x00,0x00,0xFF,0x7E,0x22,0x42,
    0x3E,0x44,0x22,0x48,0x3E,0x44,0x22,0x42,0x3E,0x42,0xE2,0x5C,0x02,0x40,0x00,0x00,0x00,0x00,0xFF,0x7E,0x22,0x42,0x22,0x44,
    0x3E,0x44,0x22,0x48,0x22,0x44,0x3E,0x44,0x22,0x42,0x22,0x42,0x22,0x42,0x3E,0x42,0xE2,0x5C,0x02,0x40,0x02,0x40,0x00,0x00,
    0x00,0x00,0xFE,0xFE,0x92,0x04,0x92,0x48,0xFE,0x30,0x92,0x10,0x92,0xFE,0xFE,0x12,0x10,0x14,0x10,0x10,0xFE,0x10,0x10,0x10,
    0x10,0x10,0x1E,0x10,0xF0,0x70,0x00,0x00,0x00,0x80,0xF8,0x80,0x09,0xFE,0x09,0x20,0x0A,0x20,0x7C,0x20,0x40,0xA8,0x40,0xA4,
    0xF8,0xA4,0x89,0x22,0x09,0x22,0x0A,0x22,0x08,0x20,0x08,0x20,0x70,0xE0,0x00,0x00,0x10,0x00,0x10,0x00,0x3F,0xF8,0x21,0x00,
    0x41,0x00,0x01,0x00,0x01,0x00,0xFF,0xFE,0x02,0x80,0x02,0x80,0x04,0x40,0x04,0x40,0x08,0x20,0x30,0x18,0xC0,0x06,0x00,0x00,
    0x00,0x00,0x3F,0xFE,0x20,0x00,0x20,0x00,0x20,0x00,0x23,0xF8,0x22,0x08,0x22,0x08,0x22,0x08,0x22,0x70,0x22,0x00,0x22,0x02,
    0x42,0x02,0x42,0x02,0x81,0xFE,0x00,0x00,0x10,0x00,0x11,0xF0,0x21,0x10,0x41,0x12,0x91,0x12,0x12,0x1E,0x24,0x00,0x27,0xF8,
    0x61,0x08,0xA1,0x08,0x20,0x90,0x20,0x60,0x20,0x60,0x21,0x98,0x26,0x06,0x00,0x00,0x20,0x40,0x20,0x40,0x48,0x80,0x88,0xFE,
    0x51,0x02,0x21,0x02,0x22,0x02,0x48,0x42,0xF8,0x22,0x20,0x22,0xA8,0x02,0xA8,0x02,0xA0,0x04,0x20,0x04,0x20,0x38,0x00,0x00,
    0x08,0x20,0xFF,0xFE,0x08,0x20,0x01,0x00,0x67,0xC4,0x14,0x58,0x07,0xC0,0x14,0x58,0x67,0xC4,0x01,0x00,0xFF,0xFE,0x05,0x40,
    0x19,0x30,0xE1,0x0E,0x01,0x00,0x00,0x00,0x00,0x00,0x7C,0xFC,0x00,0x84,0xFE,0x84,0x00,0x84,0x7C,0x84,0x00,0xFC,0x7C,0x90,
    0x00,0x90,0x00,0x88,0x7C,0x88,0x44,0x88,0x44,0x84,0x45,0x04,0x7D,0x02,0x00,0x00,0x00,0x00,0x7B,0xDE,0x48,0x42,0x4B,0xDE,
    0x48,0x42,0x7B,0xDE,0x10,0x88,0x10,0x90,0x5D,0xFE,0x51,0x20,0x53,0xFC,0x55,0x20,0x51,0xFC,0x5D,0x20,0xF1,0xFE,0x00,0x00,
    0x20,0x20,0x21,0xFC,0xFC,0x20,0x01,0xFC,0x08,0x20,0x8B,0xFE,0x88,0x00,0x49,0xFC,0x49,0x04,0x51,0xFC,0x51,0x04,0x15,0xFC,
    0x39,0x04,0xC1,0x04,0x01,0x1C,0x00,0x00,0x20,0x40,0x20,0x80,0x23,0x1E,0xFA,0x52,0x22,0x52,0x22,0x52,0x72,0x52,0x72,0x52,
    0x6A,0x52,0xAB,0xD2,0xA6,0x92,0xA0,0x96,0x21,0x10,0x22,0x10,0x24,0x10,0x00,0x00,0x08,0x20,0xFF,0xFE,0x08,0x20,0x00,0x00,
    0x49,0x20,0x2A,0x3E,0xFF,0x64,0x2C,0x64,0x4A,0xA4,0x10,0x24,0xFF,0x28,0x22,0x18,0x64,0x18,0x1C,0x24,0xE2,0x42,0x00,0x00,
    0x30,0x10,0x4A,0x7C,0x81,0x54,0x00,0x54,0xF8,0xFE,0x20,0x00,0x20,0x7C,0xF8,0x44,0x26,0x7C,0x22,0x40,0xAA,0x7C,0x72,0x44,
    0x22,0x7C,0x35,0x80,0xC8,0x7E,0x00,0x00,0x20,0x60,0x20,0x90,0x21,0x08,0xB6,0x06,0xA9,0xF8,0xA8,0x00,0xA7,0x84,0x24,0x94,
    0x27,0x94,0x24,0x94,0x27,0x94,0x24,0x94,0x24,0x84,0x24,0x84,0x25,0x8C,0x00,0x00,0x03,0x80,0x0C,0x60,0x37,0xD8,0xC0,0x06,
    0x3F,0x04,0x21,0x24,0x3F,0x24,0x21,0x24,0x3F,0x24,0x21,0x04,0x27,0x1C,0x01,0x00,0x48,0x84,0x48,0x12,0x87,0xF2,0x00,0x00,
    0x40,0x40,0x20,0x40,0x10,0x40,0x00,0x40,0x87,0xFE,0x44,0x42,0x24,0x42,0x04,0x42,0x04,0x42,0x27,0xFE,0x24,0x42,0x44,0x42,
    0x44,0x42,0x84,0x42,0x87,0xFE,0x00,0x00,0x00,0x80,0x00,0x80,0x3F,0xFE,0x20,0xC0,0xA7,0x38,0x7C,0x86,0x24,0x94,0x27,0x94,
    0x64,0x94,0xA7,0x84,0x24,0x8C,0x22,0x80,0x4A,0x44,0x4A,0x12,0x91,0xF2,0x00,0x00,0x00,0x20,0x78,0x50,0x00,0x88,0xFD,0x04,
    0x02,0xFA,0x78,0x00,0x01,0xE2,0x79,0x2A,0x01,0xEA,0x01,0x2A,0x79,0xEA,0x49,0x2A,0x49,0x22,0x49,0x22,0x79,0x66,0x00,0x00,
    0x20,0x20,0x20,0x50,0xF8,0x88,0x21,0x04,0x22,0xFA,0xF8,0x00,0xA9,0xE2,0xF9,0x2A,0xA9,0xEA,0xF9,0x2A,0x21,0xEA,0xF9,0x2A,
    0x21,0x22,0x21,0x22,0x21,0x66,0x00,0x00,0x01,0x10,0x01,0x10,0xF2,0x20,0x97,0xFE,0x9A,0x20,0x92,0x20,0x92,0x20,0x93,0xFC,
    0x92,0x20,0x92,0x20,0x93,0xFC,0x92,0x20,0xF2,0x20,0x02,0x20,0x03,0xFE,0x00,0x00,0x10,0x40,0x10,0x40,0x17,0xFE,0x20,0x80,
    0x20,0x80,0x61,0x00,0x61,0x00,0xA3,0xFC,0x23,0x04,0x25,0x04,0x29,0x04,0x21,0x04,0x21,0x04,0x21,0x04,0x21,0xFC,0x00,0x00,
    0x10,0x00,0x17,0xFE,0x10,0x40,0x21,0xF8,0x21,0x08,0x61,0xF8,0x61,0x08,0xA7,0xFE,0xA5,0x42,0x25,0x14,0x28,0xF2,0x21,0x88,
    0x26,0x90,0x20,0x60,0x27,0x9E,0x00,0x00,0x00,0x00,0x3F,0xF0,0x02,0x60,0x01,0x80,0x7F,0xFC,0x41,0x04,0x7F,0xFC,0x41,0x04,
    0x7F,0xFC,0x01,0x00,0xFF,0xFC,0x02,0x04,0x04,0x04,0x18,0x04,0xE0,0x38,0x00,0x00,0x02,0x00,0x02,0x00,0xFF,0xFE,0x02,0x00,
    0x02,0x00,0x04,0x00,0x07,0xF8,0x05,0x08,0x09,0x10,0x08,0x90,0x10,0xA0,0x10,0x40,0x20,0xA0,0x43,0x18,0x8C,0x06,0x00,0x00,
    0x01,0x00,0xFF,0xFE,0x80,0x02,0x02,0x00,0xFF,0xFE,0x04,0x00,0x08,0x00,0x1F,0xF8,0x28,0x08,0x4F,0xF8,0x88,0x08,0x0F,0xF8,
    0x08,0x08,0x08,0x08,0x08,0x38,0x00,0x00,0x02,0x00,0x02,0x00,0x92,0x24,0x92,0x24,0x92,0x24,0xE2,0xC4,0xAA,0x54,0xAA,0x54,
    0x92,0x24,0x92,0x24,0xAA,0x54,0xFA,0xF4,0x8A,0x14,0x82,0x04,0xFF,0xFC,0x00,0x00,0x10,0x40,0x10,0x40,0x20,0xFE,0x24,0x84,
    0x65,0x44,0x64,0x48,0xA4,0x30,0x24,0x30,0x24,0x48,0x21,0x86,0x00,0x00,0x09,0x00,0x48,0x84,0x48,0x12,0x87,0xF2,0x00,0x00,
    0x00,0x00,0xFF,0xFE,0x02,0x00,0x1F,0xF0,0x10,0x10,0x1F,0xF0,0x10,0x10,0xFF,0xFE,0x84,0x82,0x94,0x28,0x23,0xE4,0x0C,0x40,
    0x32,0x40,0x03,0x80,0xFC,0x7E,0x00,0x00,0x20,0x00,0x21,0xFC,0x21,0x04,0xF9,0x04,0x21,0xFC,0x20,0x00,0x23,0xFE,0x39,0x04,
    0xE1,0xFC,0x21,0x04,0x21,0xFC,0x21,0x04,0x21,0x3E,0x27,0xC4,0x60,0x04,0x00,0x00,0x02,0x00,0x02,0x00,0xFF,0xFE,0x04,0x00,
    0x08,0x00,0x0F,0xF8,0x18,0x08,0x28,0x08,0x4F,0xF8,0x88,0x08,0x08,0x08,0x0F,0xF8,0x08,0x08,0x08,0x08,0x08,0x38,0x00,0x00,
    0x20,0x20,0x20,0x20,0x20,0x20,0xF9,0xFE,0x21,0x22,0x21,0x22,0x71,0x22,0x71,0x22,0x69,0xFE,0xA9,0x22,0xA1,0x22,0xA1,0x22,
    0x21,0x22,0x21,0x22,0x21,0xFE,0x00,0x00,0x40,0x00,0x23,0xFC,0x10,0x98,0x00,0x60,0x83,0xFE,0x42,0x22,0x23,0xFE,0x02,0x22,
    0x03,0xFE,0x20,0x40,0x27,0xFE,0x40,0x42,0x40,0x82,0x81,0x02,0x86,0x1C,0x00,0x00,0x40,0x00,0x27,0xFC,0x10,0x98,0x00,0x60,
    0x87,0xFE,0x44,0x42,0x24,0x42,0x07,0xFE,0x04,0x42,0x24,0x42,0x27,0xFE,0x44,0x42,0x44,0x42,0x84,0x42,0x84,0x4E,0x00,0x00,
    0x09,0x04,0x88,0x88,0x53,0xFE,0x20,0x50,0x60,0x50,0xA3,0xFE,0x12,0x52,0x12,0x52,0x32,0x52,0x52,0x9E,0x92,0x02,0x13,0xFE,
    0x12,0x02,0x12,0x02,0x63,0xFE,0x00,0x00,0x82,0x10,0x44,0x14,0xFE,0x12,0x28,0x10,0x28,0xFE,0xFE,0x10,0xAA,0x10,0xAA,0x10,
    0xAA,0x28,0xCE,0x28,0x82,0x28,0xFE,0x28,0x82,0x44,0x82,0x44,0xFE,0x82,0x00,0x00,0x02,0x00,0x02,0x00,0x02,0x00,0xFF,0xF8,
    0x82,0x08,0x82,0x08,0x82,0x08,0x82,0x08,0xFF,0xF8,0x82,0x08,0x82,0x08,0x82,0x08,0x82,0x08,0x82,0x08,0xFF,0xF8,0x00,0x00,
    0x20,0x40,0x20,0x40,0x20,0x40,0xFB,0xFE,0x08,0x40,0x10,0x80,0x10,0x80,0x21,0xFC,0x61,0x84,0xB2,0x84,0x2C,0x84,0x20,0x84,
    0x20,0x84,0x20,0x84,0x20,0xFC,0x00,0x00,0x20,0x88,0x20,0x84,0x21,0x02,0xFA,0x22,0x08,0x50,0x10,0x88,0x11,0x04,0x22,0x02,
    0x68,0x00,0xB1,0xFC,0x29,0x04,0x21,0x04,0x21,0x04,0x21,0x04,0x21,0xFC,0x00,0x00,0x00,0x1C,0x79,0xE0,0x00,0x20,0xFB,0xFE,
    0x00,0x70,0x78,0xA8,0x03,0x26,0x78,0x00,0x01,0xF8,0x00,0x48,0x78,0x5E,0x48,0x92,0x48,0x82,0x49,0x02,0x7A,0x1C,0x00,0x00,
    0x42,0x10,0x22,0x10,0x02,0x20,0x0F,0xBE,0x02,0x40,0x02,0x3E,0x03,0x84,0xE2,0x88,0x22,0xBE,0x24,0x88,0x24,0x88,0x28,0x88,
    0x21,0x98,0x58,0x00,0x87,0xFE,0x00,0x00,0x7F,0xF0,0x40,0x10,0x40,0x10,0x7F,0xF0,0x00,0x00,0xFF,0xF8,0x82,0x08,0x82,0x08,
    0x82,0x08,0xFF,0xF8,0x80,0x00,0x80,0x00,0x80,0x04,0x80,0x04,0x7F,0xFC,0x00,0x00,0x00,0x00,0x07,0x3E,0xF8,0x22,0x10,0x22,
    0xFF,0xA4,0x52,0x24,0x52,0x28,0xFF,0xA4,0x52,0x24,0x52,0x22,0xFF,0xA2,0x10,0x22,0x10,0x2C,0x17,0x20,0xF8,0x20,0x00,0x00,
    0x10,0x24,0x10,0x24,0x10,0x48,0xFE,0x7E,0x10,0xC8,0x20,0xC8,0x21,0x48,0x28,0x7E,0x48,0x48,0x48,0x48,0x92,0x7E,0x92,0x48,
    0x27,0x48,0x79,0x48,0x00,0x7E,0x00,0x00,0x00,0x10,0xFF,0x10,0x00,0x10,0x7E,0x7C,0x42,0x54,0x42,0x54,0x7E,0x54,0x00,0x54,
    0xFF,0x54,0xA9,0x7C,0xAF,0x10,0xC1,0x14,0xBD,0x14,0x91,0x1E,0x87,0x72,0x00,0x00,0x02,0x00,0x02,0x00,0x07,0xFC,0x04,0x04,
    0x08,0x04,0x14,0x08,0x22,0x08,0xC1,0x10,0x00,0x90,0x00,0x60,0x00,0x40,0x00,0x80,0x03,0x00,0x0C,0x00,0x70,0x00,0x00,0x00,
    0x00,0x00,0x3F,0xF8,0x00,0x10,0x04,0x20,0x02,0xC0,0x01,0x00,0x00,0x80,0xFF,0xFE,0x01,0x02,0x01,0x04,0x01,0x08,0x01,0x00,
    0x01,0x00,0x01,0x00,0x07,0x00,0x00,0x00,0x01,0x00,0x02,0x80,0x0C,0x60,0x30,0x18,0xCF,0xE6,0x01,0x00,0x01,0x00,0x01,0x00,
    0x7F,0xFC,0x01,0x00,0x11,0x10,0x11,0x08,0x21,0x04,0x41,0x04,0x07,0x00,0x00,0x00,0x10,0x00,0x10,0x00,0x1F,0xF8,0x10,0x00,
    0x10,0x00,0x20,0x00,0x3F,0xF0,0x20,0x10,0x00,0x10,0x00,0x10,0xFF,0xFE,0x00,0x20,0x00,0x20,0x00,0x40,0x03,0x80,0x00,0x00,
    0x22,0x08,0x11,0x10,0xFF,0xFE,0x08,0x20,0x10,0x10,0x2F,0xE8,0xC0,0x06,0x3F,0xF8,0x00,0x00,0x1F,0xF0,0x00,0x00,0x3F,0xF8,
    0x20,0x08,0x20,0x08,0x3F,0xF8,0x00,0x00,0x11,0x00,0x67,0xDC,0x41,0x04,0x47,0xC4,0x75,0x5C,0x47,0xC4,0x45,0x44,0x77,0xDC,
    0x41,0x04,0x47,0xC4,0x41,0x04,0xFF,0xFE,0x08,0x30,0x30,0x0C,0xC0,0x02,0x00,0x00,0x00,0x00,0xFD,0xFE,0x04,0x10,0x48,0x20,
    0x30,0xFC,0x10,0x84,0x00,0xFC,0xFE,0x84,0x12,0xFC,0x14,0x84,0x10,0x84,0x10,0xFC,0x10,0x00,0x10,0x4C,0x71,0x82,0x00,0x00,
    0x10,0x40,0x17,0xFE,0x14,0x20,0x25,0xFC,0x24,0x24,0x67,0xFE,0x64,0x24,0xA5,0xFC,0x25,0x24,0x25,0xFC,0x25,0x24,0x25,0xFC,
    0x29,0x24,0x29,0x24,0x29,0x2C,0x00,0x00,0x10,0x20,0x10,0x20,0x20,0x20,0x24,0xFE,0xC4,0x22,0x48,0x22,0x28,0x22,0x10,0x22,
    0x10,0x22,0x24,0x42,0x24,0x42,0x4E,0x42,0xF2,0x82,0x00,0x82,0x01,0x0C,0x00,0x00,0x20,0x1C,0x21,0xE0,0x20,0x20,0xF8,0x20,
    0x48,0x20,0x48,0x20,0x4B,0xFE,0x48,0x20,0x88,0x50,0xD0,0x50,0xB0,0x50,0x10,0x88,0x28,0x88,0x45,0x04,0x82,0x02,0x00,0x00,
    0x01,0x00,0x01,0x00,0xFF,0xFE,0x80,0x02,0x88,0x32,0x31,0x08,0x02,0x80,0x0C,0x60,0x30,0x18,0xC0,0x06,0x1F,0xF0,0x10,0x10,
    0x10,0x10,0x10,0x10,0x1F,0xF0,0x00,0x00,0x01,0x00,0x01,0x00,0x7F,0xFE,0x40,0x80,0x4F,0xFC,0x40,0x84,0x7F,0xFE,0x40,0x84,
    0x4F,0xFC,0x48,0x84,0x4F,0xFC,0x48,0x84,0x8F,0xFC,0x88,0x84,0x88,0x9C,0x00,0x00,0x20,0x00,0x23,0xFC,0x22,0x04,0xFB,0xFC,
    0x22,0x04,0x23,0xFC,0x20,0x00,0x3F,0xFE,0xE1,0x00,0x21,0xFE,0x22,0x52,0x2C,0x92,0x21,0x22,0x26,0x42,0x61,0x8C,0x00,0x00,
    0x20,0x1E,0x23,0xE0,0x20,0x02,0xFA,0x42,0x21,0x24,0x20,0x08,0x21,0xFC,0x38,0x20,0xE0,0x20,0x23,0xFE,0x20,0x20,0x22,0x22,
    0x22,0x22,0x22,0x22,0x63,0xFE,0x00,0x00,0x20,0x40,0x20,0x40,0x27,0xFE,0xF2,0x24,0x24,0x48,0x29,0x7E,0x25,0xC8,0x32,0x48,
    0xE4,0x7E,0x25,0x48,0x2F,0x48,0x22,0x7E,0x22,0x48,0x24,0x48,0x68,0x7E,0x00,0x00,0x00,0x00,0x03,0xDE,0xF0,0x42,0x93,0xDE,
    0x90,0x42,0x93,0xDE,0x90,0x48,0xF0,0x90,0x91,0xFE,0x93,0x10,0x95,0xFC,0x91,0x10,0xF1,0xFC,0x01,0x10,0x01,0xFE,0x00,0x00,
    0x20,0x00,0x21,0xFC,0x21,0x04,0xF9,0xFC,0x21,0x04,0x21,0xFC,0x70,0x00,0x6B,0xFE,0x68,0x80,0xA1,0xFE,0xA6,0x4A,0x20,0x92,
    0x23,0x22,0x20,0x42,0x21,0x9C,0x00,0x00,0x21,0x04,0x20,0x88,0x20,0x10,0xFB,0xFE,0x20,0x20,0x21,0xFC,0x70,0x20,0x73,0xFE,
    0x68,0x20,0xA9,0x24,0xA0,0xA8,0xA0,0x30,0x21,0xA8,0x26,0x26,0x20,0xE0,0x00,0x00,0x42,0x08,0x21,0x08,0x11,0x10,0x0F,0xFE,
    0x80,0x40,0x40,0x40,0x27,0xFC,0x00,0x40,0x00,0x40,0x20,0x40,0x2F,0xFE,0x40,0x40,0x40,0x40,0x80,0x40,0x80,0x40,0x00,0x00,
    0x40,0x40,0x20,0x40,0x17,0xFE,0x04,0x02,0x81,0x18,0x46,0x44,0x20,0xA0,0x01,0x10,0x02,0x08,0x2C,0x06,0x23,0xF8,0x42,0x08,
    0x42,0x08,0x82,0x08,0x83,0xF8,0x00,0x00,0x20,0x20,0x20,0x20,0x23,0xFE,0xAA,0x02,0xB0,0x8C,0xA3,0x22,0xA0,0x50,0x20,0x88,
    0x21,0x04,0x22,0x02,0x51,0xFC,0x49,0x04,0x41,0x04,0x81,0x04,0x81,0xFC,0x00,0x00,0x00,0x00,0x3F,0xF8,0x21,0x08,0x21,0x08,
    0x21,0x08,0x3F,0xF8,0x21,0x08,0x21,0x08,0x21,0x08,0x3F,0xF8,0x21,0x08,0x21,0x08,0x41,0x08,0x41,0x08,0x81,0x38,0x00,0x00,
    0x01,0x00,0x01,0x00,0xFF,0xFE,0x84,0x8A,0x88,0xFA,0x34,0x20,0x02,0x40,0x7F,0xFC,0x01,0x00,0x3F,0xF8,0x01,0x00,0xFF,0xFE,
    0x48,0x88,0x44,0x44,0x84,0x44,0x00,0x00,0x08,0x20,0x04,0x40,0x7F,0xFC,0x01,0x00,0x01,0x00,0x01,0x00,0x3F,0xF8,0x01,0x00,
    0x01,0x00,0x01,0x00,0xFF,0xFE,0x01,0x00,0x01,0x00,0x01,0x00,0x01,0x00,0x00,0x00,0x20,0x00,0x23,0xDE,0xA8,0x42,0xAB,0xDE,
    0xB0,0x42,0x23,0xDE,0xF8,0x48,0x50,0x90,0x51,0xFE,0x53,0x10,0x55,0xFC,0x55,0x10,0x59,0xFC,0x91,0x10,0x81,0xFE,0x00,0x00,
    0x08,0x20,0xFF,0xFE,0x08,0x20,0x11,0x10,0xFF,0xFE,0x11,0x10,0x11,0xF0,0x10,0x00,0x1F,0xFC,0x01,0x00,0xFF,0xFE,0x05,0x40,
    0x09,0x20,0x31,0x18,0xC1,0x06,0x00,0x00,0x08,0x20,0xFF,0xFE,0x08,0x20,0x01,0x00,0xFF,0xFE,0x88,0x22,0xB1,0x1A,0x02,0x80,
    0x0C,0x60,0x30,0x18,0xDF,0xF6,0x10,0x10,0x10,0x10,0x10,0x10,0x1F,0xF0,0x00,0x00,0x00,0x00,0xFF,0xFE,0x04,0x40,0x04,0x40,
    0x7F,0xFC,0x44,0x44,0x44,0x44,0x7F,0xFC,0x04,0x00,0x08,0x00,0xFF,0xFE,0x10,0x40,0x2C,0x80,0x03,0x70,0x7C,0x0C,0x00,0x00,
    0x00,0x1C,0x79,0xE0,0x00,0x04,0xFA,0x44,0x01,0x28,0x79,0xFC,0x00,0x20,0x78,0x20,0x03,0xFE,0x00,0x20,0x78,0x20,0x49,0x24,
    0x49,0x24,0x49,0x24,0x79,0xFC,0x00,0x00,0x7D,0xFC,0x44,0x08,0x44,0x50,0x44,0x20,0x7D,0xFE,0x11,0x22,0x11,0x22,0x51,0xFE,
    0x5D,0x22,0x51,0x22,0x51,0xFE,0x51,0x22,0x51,0x22,0x5D,0x22,0xF1,0x2E,0x00,0x00,0x40,0x38,0x27,0xC0,0x10,0x04,0x04,0x84,
    0x02,0x48,0x07,0xFC,0x00,0x40,0xEF,0xFE,0x20,0x40,0x24,0x44,0x24,0x44,0x27,0xFC,0x20,0x00,0x58,0x00,0x87,0xFE,0x00,0x00,
    0xF9,0xFC,0x89,0x04,0x91,0xFC,0x91,0x04,0xA1,0xFC,0x90,0x00,0x97,0xFE,0x88,0x80,0x89,0xFE,0x8A,0x4A,0xB4,0x92,0x81,0x12,
    0x82,0x22,0x80,0x42,0x81,0x8C,0x00,0x00,0x04,0x40,0x7F,0xFC,0x01,0x00,0x3F,0xF8,0x01,0x00,0xFF,0xFE,0x09,0x20,0x1F,0xF0,
    0x28,0x28,0xCF,0xE6,0x08,0x20,0x0F,0xE8,0x08,0x90,0x0B,0x60,0x7C,0x1E,0x00,0x00,0x24,0x20,0x42,0x20,0x90,0x7E,0x28,0x52,
    0x44,0x94,0x82,0x10,0x7C,0x10,0x44,0x28,0x44,0x28,0x7C,0x44,0x00,0x82,0x01,0x00,0x48,0x84,0x48,0x12,0x87,0xF2,0x00,0x00,
    0x20,0x40,0x20,0x80,0x23,0x3E,0xFA,0x22,0x22,0x22,0x22,0x22,0x22,0x22,0x3A,0x22,0xE2,0x22,0x22,0xA2,0x23,0x22,0x2C,0x2E,
    0x20,0x20,0x20,0x20,0x60,0x20,0x00,0x00,0x24,0x40,0x42,0x40,0x80,0x80,0x10,0xFE,0x29,0x22,0x45,0x24,0x82,0x20,0x00,0x20,
    0x7C,0x50,0x44,0x50,0x44,0x50,0x44,0x88,0x44,0x88,0x7D,0x04,0x02,0x02,0x00,0x00,0x40,0x3C,0x27,0xC0,0x10,0x40,0x00,0x40,
    0x80,0x40,0x40,0x40,0x2F,0xFE,0x00,0x40,0x00,0xA0,0x20,0xA0,0x21,0x10,0x41,0x10,0x42,0x08,0x84,0x04,0x88,0x02,0x00,0x00,
    0x41,0x10,0x21,0x08,0x12,0x04,0x04,0x44,0x80,0xA0,0x41,0x10,0x22,0x08,0x0C,0x06,0x00,0x00,0x23,0xFC,0x22,0x04,0x42,0x04,
    0x42,0x04,0x82,0x04,0x83,0xFC,0x00,0x00,0x00,0x00,0xFC,0xFC,0x04,0x04,0x44,0x44,0x14,0x14,0x24,0x24,0xC4,0xC4,0x1D,0x1C,
    0x01,0x00,0x7F,0xFC,0x08,0x20,0x08,0x20,0x04,0x20,0x04,0x40,0xFF,0xFE,0x00,0x00,0xFE,0xFE,0x42,0x42,0x1A,0x1A,0x62,0x62,
    0x3F,0xFE,0x21,0x08,0x3F,0xF8,0x21,0x08,0x3F,0xF8,0x08,0x20,0x7F,0xFC,0x08,0x20,0xFF,0xFE,0x10,0x10,0x60,0x0C,0x00,0x00,
    0x40,0x40,0x20,0x40,0x07,0xFE,0x04,0x02,0x84,0x02,0x40,0x00,0x07,0xFE,0x00,0x40,0x00,0x40,0x22,0x7C,0x22,0x40,0x44,0x40,
    0x46,0x40,0x89,0x40,0x90,0xFE,0x00,0x00,0x7F,0xFE,0x44,0x42,0x44,0x42,0x7F,0xFE,0x10,0x48,0x10,0x90,0x65,0xFE,0x28,0x90,
    0x10,0x90,0x24,0xFC,0xFE,0x90,0x12,0xFC,0x54,0x90,0x92,0x90,0x10,0xFE,0x00,0x00,0x20,0x00,0x21,0xFC,0x21,0x24,0xF9,0xFC,
    0xA9,0x24,0xA9,0xFC,0xA8,0x20,0xA9,0x48,0xA8,0x90,0xF8,0x64,0x23,0xFE,0x28,0x22,0x28,0xA8,0x34,0xA4,0xC5,0x24,0x00,0x00,
    0x20,0x00,0x21,0xFC,0x21,0x24,0xF9,0x24,0x09,0xFC,0x11,0x24,0x11,0x24,0x21,0xFC,0x68,0x20,0xB3,0xFE,0x28,0x70,0x20,0xA8,
    0x21,0x24,0x22,0x22,0x20,0x20,0x00,0x00,0x01,0x00,0x01,0x00,0x7F,0xFC,0x01,0x00,0x21,0x08,0x11,0x08,0x11,0x10,0xFF,0xFE,
    0x01,0x00,0x03,0x80,0x05,0x40,0x09,0x20,0x31,0x18,0xC1,0x06,0x01,0x00,0x00,0x00,0x08,0x20,0xFF,0xFE,0x08,0x20,0x01,0x00,
    0x7F,0xFC,0x01,0x00,0x11,0x10,0x09,0x20,0xFF,0xFE,0x03,0x80,0x05,0x40,0x09,0x20,0x31,0x18,0xC1,0x06,0x01,0x00,0x00,0x00,
    0x10,0x00,0x10,0x7E,0xFE,0x08,0x10,0x10,0x10,0x7E,0xFE,0x42,0x92,0x42,0x92,0x7E,0xFE,0x42,0x30,0x7E,0x38,0x42,0x54,0x42,
    0x52,0x7E,0x90,0x24,0x10,0xC2,0x00,0x00,0x00,0x00,0x3F,0xF8,0x01,0x00,0xFF,0xFE,0x81,0x02,0xBD,0x7A,0x81,0x02,0x3D,0x78,
    0x01,0x00,0x00,0x00,0x3F,0xF8,0x21,0x08,0x3F,0xF8,0x21,0x08,0x3F,0xF8,0x00,0x00,0x41,0x00,0x21,0x00,0x13,0xF8,0x02,0x08,
    0x85,0x10,0x48,0xA0,0x20,0x40,0x00,0xA0,0x03,0x18,0x2C,0x06,0x23,0xF8,0x42,0x08,0x42,0x08,0x82,0x08,0x83,0xF8,0x00,0x00,
    0x20,0x40,0x20,0x40,0x48,0xFC,0x89,0x84,0x52,0x88,0x20,0x50,0x20,0x20,0x48,0xD8,0xFB,0x06,0x21,0xFC,0xA9,0x04,0xA9,0x04,
    0xA1,0x04,0x21,0x04,0x21,0xFC,0x00,0x00,0x08,0x20,0xFF,0xFE,0x08,0x20,0x40,0x80,0x21,0xF8,0x81,0x08,0x42,0x90,0x04,0x60,
    0x20,0x90,0x23,0x08,0x4D,0xFE,0x41,0x08,0x41,0x08,0x81,0x08,0x81,0xF8,0x00,0x00,0x00,0x20,0xFE,0x20,0x28,0x7C,0x28,0x44,
    0x28,0xC4,0xFF,0x28,0xAA,0x10,0xAA,0x28,0xAE,0xC6,0xC2,0x7C,0x82,0x44,0xFE,0x44,0x82,0x44,0x82,0x44,0xFE,0x7C,0x00,0x00,
    0x0E,0x40,0x70,0x40,0x10,0x40,0x10,0x40,0x10,0x40,0xFF,0x40,0x10,0x40,0x10,0x40,0x10,0x40,0x7E,0x40,0x42,0x40,0x42,0x42,
    0x42,0x42,0x42,0x42,0x7E,0x3E,0x00,0x00,0x0E,0x00,0x70,0x7E,0x40,0x42,0x52,0x42,0x52,0x42,0x4A,0x52,0x4A,0x52,0x42,0x4A,
    0x46,0x4A,0x5A,0x42,0xE4,0x42,0x04,0x4E,0x08,0x40,0x10,0x40,0x60,0x40,0x00,0x00,0x01,0x00,0x41,0x04,0x41,0x04,0x7F,0xFC,
    0x00,0x00,0x3F,0xF8,0x20,0x68,0x2F,0x88,0x21,0x08,0x2F,0xE8,0x29,0x28,0x2F,0xEA,0x41,0x26,0x41,0xF6,0x9F,0x12,0x00,0x00,
    0x20,0x00,0x23,0xDE,0x22,0x52,0xFB,0xDE,0x22,0x52,0x23,0xDE,0x72,0x22,0x72,0xFA,0x6A,0x22,0xAA,0xFA,0xA2,0xAA,0xA2,0xFA,
    0x22,0x72,0x22,0xAA,0x22,0x2E,0x00,0x00,0x40,0x08,0x2F,0xC8,0x0A,0x10,0x0F,0x9E,0x88,0xA0,0x4F,0xA0,0x2A,0x00,0x0A,0x1E,
    0x0F,0xC0,0x20,0x00,0x27,0xFC,0x44,0xA4,0x44,0xA4,0x84,0xA4,0x9F,0xFE,0x00,0x00,0x08,0x20,0xFF,0xFE,0x08,0x20,0x7F,0x20,
    0x48,0x3C,0x7E,0x40,0x42,0x40,0x7E,0x80,0x48,0x3C,0x7F,0x00,0x00,0x00,0x3F,0xF8,0x24,0x48,0x24,0x48,0xFF,0xFE,0x00,0x00,
    0x08,0x40,0xFF,0xFE,0x44,0x84,0x7C,0xFC,0x44,0x84,0x7C,0xFC,0x41,0x04,0x5F,0xF4,0x49,0x24,0x4F,0xE4,0x49,0x24,0x4F,0xE4,
    0x43,0x84,0x45,0x44,0x59,0x3C,0x00,0x00,0x7F,0x20,0x48,0x7E,0x7E,0x40,0x42,0x80,0x7E,0x7C,0x48,0x00,0x7F,0xF8,0x10,0x08,
    0x1F,0xF8,0x10,0x08,0x1F,0xF8,0x10,0x08,0x1F,0xFA,0x04,0x82,0xF8,0xFE,0x00,0x00,0x06,0x02,0x78,0x22,0x08,0x22,0x08,0x22,
    0x08,0x22,0xFF,0x22,0x08,0x22,0x1C,0x22,0x1A,0x22,0x29,0x22,0x48,0x22,0x88,0x02,0x08,0x02,0x08,0x02,0x08,0x0E,0x00,0x00,
    0x01,0x00,0x01,0x00,0xFF,0xFE,0x01,0x00,0x3F,0xFC,0x21,0x04,0x21,0x04,0x21,0x04,0x3F,0xFC,0x01,0x00,0x11,0x00,0x0A,0x00,
    0x06,0x00,0x19,0xC0,0xE0,0x3E,0x00,0x00,0x00,0x00,0x7F,0xFE,0x40,0x02,0x7F,0xFE,0x44,0x80,0x49,0xFE,0x52,0x84,0x44,0xFC,
    0x44,0x84,0x48,0xFC,0x58,0x20,0x68,0x7C,0x89,0xC4,0x88,0x38,0x89,0xC6,0x00,0x00,0x01,0x00,0x01,0x00,0xFF,0xFE,0x05,0x40,
    0x09,0x20,0x31,0x18,0xC0,0x06,0x1F,0xE0,0x00,0x40,0x01,0x80,0xFF,0xFE,0x01,0x00,0x01,0x00,0x01,0x00,0x07,0x00,0x00,0x00,
    0x06,0x04,0x78,0x44,0x08,0x44,0xFE,0x44,0x18,0x44,0x2C,0x04,0x4A,0x04,0x88,0x1C,0x01,0x00,0xFF,0xFE,0x05,0x40,0x09,0x20,
    0x31,0x18,0xC1,0x06,0x01,0x00,0x00,0x00,0x00,0x00,0x03,0xFC,0xFA,0x44,0x22,0x44,0x23,0xFC,0x22,0x44,0x22,0x44,0xFA,0x44,
    0x23,0xFC,0x20,0x40,0x20,0x40,0x3B,0xFC,0xE0,0x40,0x00,0x40,0x07,0xFE,0x00,0x00,0x00,0x20,0xFB,0xFE,0x20,0x00,0x21,0x54,
    0x21,0x24,0x21,0x54,0xF9,0xFC,0x20,0x20,0x23,0xFE,0x22,0x42,0x22,0x52,0x3A,0x9A,0xE2,0xEA,0x02,0x02,0x02,0x06,0x00,0x00,
    0x00,0x80,0x00,0x80,0x3F,0xFE,0x20,0x00,0xA1,0x84,0x6E,0x24,0x22,0x24,0x2F,0xA4,0x62,0x24,0xA7,0x24,0x26,0xA4,0x2A,0xA4,
    0x52,0x04,0x42,0x04,0x82,0x1C,0x00,0x00,0x01,0x00,0x01,0x00,0xFF,0xFE,0x21,0x08,0x3F,0xF8,0x21,0x08,0x3F,0xF8,0x01,0x00,
    0x7F,0xFC,0x01,0x00,0xFF,0xFE,0x04,0x88,0xF8,0x50,0x0B,0xB0,0x7C,0x0E,0x00,0x00,0x20,0x00,0x21,0xFC,0x21,0x24,0xF9,0x24,
    0x09,0xFC,0x11,0x24,0x11,0x24,0x21,0xFC,0x68,0x20,0xB0,0x20,0x29,0xFC,0x20,0x20,0x20,0x20,0x20,0x20,0x23,0xFE,0x00,0x00,
    0x00,0x00,0x3F,0xF8,0x21,0x08,0x21,0x08,0x3F,0xF8,0x21,0x08,0x21,0x08,0x3F,0xF8,0x01,0x00,0x01,0x00,0x3F,0xF8,0x01,0x00,
    0x01,0x00,0x01,0x00,0xFF,0xFE,0x00,0x00,0x10,0x24,0x10,0x24,0xFE,0x48,0x00,0x7E,0xAA,0xC8,0x93,0x48,0xAA,0x48,0xFE,0x7E,
    0x10,0x48,0xFE,0x48,0x92,0x7E,0xAA,0x48,0xBA,0x48,0x82,0x48,0x8E,0x7E,0x00,0x00,0x00,0x40,0xF8,0x40,0x8B,0xFC,0x90,0x40,
    0x90,0x40,0xA7,0xFE,0x91,0x10,0x91,0x12,0x8A,0x1E,0x88,0x40,0xB0,0x40,0x83,0xFC,0x80,0x40,0x80,0x40,0x87,0xFE,0x00,0x00,
    0x10,0x40,0x10,0x40,0x23,0xFC,0x40,0x44,0x97,0xFE,0x10,0x44,0x23,0xFC,0x20,0x40,0x60,0x40,0xA3,0xFC,0x20,0x40,0x27,0xFE,
    0x20,0x40,0x20,0x40,0x20,0x40,0x00,0x00,0x01,0x00,0xFF,0xFE,0x01,0x00,0x42,0x04,0x2C,0x48,0x04,0x80,0x23,0x08,0x42,0x44,
    0x8F,0xA2,0x00,0x00,0x01,0x00,0xFF,0xFE,0x01,0x00,0x01,0x00,0x01,0x00,0x00,0x00,0x01,0x00,0x01,0x00,0x01,0x00,0x7F,0xFC,
    0x00,0x00,0x00,0x10,0x20,0x10,0x10,0x10,0x10,0x20,0x08,0x20,0x08,0x20,0x08,0x40,0x00,0x40,0x00,0x80,0xFF,0xFE,0x00,0x00,
    0x08,0x20,0xFF,0xFE,0x08,0x20,0x20,0x40,0x23,0xF8,0x40,0x48,0x97,0xFE,0x10,0x48,0x23,0xF8,0x60,0x40,0xA3,0xFC,0x20,0x40,
    0x27,0xFE,0x20,0x40,0x20,0x40,0x00,0x00,0x20,0x20,0x20,0x20,0x23,0xFE,0xF8,0x00,0x20,0x00,0x21,0xFC,0x21,0x04,0x39,0x04,
    0xE1,0x04,0x21,0xFC,0x20,0x20,0x21,0x24,0x21,0x22,0x22,0x22,0x60,0xE0,0x00,0x00,0x00,0x80,0x00,0x80,0xF8,0xFC,0xA9,0x04,
    0xA9,0x88,0xAA,0x50,0xA8,0x20,0xF8,0xD8,0xAB,0x06,0xA9,0xFC,0xA9,0x04,0xA9,0x04,0xF9,0x04,0x01,0x04,0x01,0xFC,0x00,0x00,
    0x10,0x02,0x67,0x82,0x42,0x92,0x52,0x92,0x54,0x92,0xE9,0x92,0x14,0x12,0x22,0x12,0xC1,0x12,0x3E,0x12,0x08,0x12,0x7F,0x02,
    0x4A,0x02,0x2F,0x82,0xF8,0x0E,0x00,0x00,0x40,0x40,0x20,0x40,0x17,0xFE,0x00,0x80,0x81,0x08,0x41,0x3C,0x27,0xC2,0x00,0x02,
    0x02,0x48,0x22,0x48,0x22,0x48,0x42,0x48,0x44,0x4A,0x84,0x4A,0x88,0x4E,0x00,0x00,0x41,0x80,0x26,0x3E,0x14,0x12,0x05,0x12,
    0x84,0xA2,0x47,0xA2,0x2C,0x4C,0x00,0x00,0x07,0xFC,0x24,0x44,0x24,0x44,0x47,0xFC,0x44,0x44,0x84,0x44,0x87,0xFC,0x00,0x00,
    0x00,0x40,0x00,0x40,0xF7,0xFE,0x20,0x88,0x20,0x84,0x21,0x3A,0x27,0xC2,0xF0,0x00,0x22,0x48,0x22,0x48,0x22,0x48,0x32,0x48,
    0xE4,0x4A,0x04,0x4A,0x08,0x4E,0x00,0x00,0x06,0x00,0x78,0xFE,0x40,0x22,0x44,0x22,0x42,0x42,0x4E,0x42,0x72,0x8C,0xC0,0x00,
    0x3F,0xF8,0x21,0x08,0x21,0x08,0x3F,0xF8,0x21,0x08,0x21,0x08,0x3F,0xF8,0x00,0x00,0x00,0x20,0xF8,0x20,0x23,0xFE,0x20,0x88,
    0x20,0x84,0x41,0x1A,0x7B,0xE2,0x48,0x00,0xC8,0xA8,0x48,0xA8,0x48,0xA8,0x48,0xA8,0x79,0x2A,0x01,0x2A,0x02,0x2E,0x00,0x00,
    0x10,0x20,0x10,0x20,0x94,0x20,0x59,0xFC,0x10,0x00,0xFC,0x04,0x11,0x04,0x31,0x04,0x38,0x88,0x54,0x88,0x50,0x88,0x90,0x88,
    0x90,0x10,0x10,0x10,0x13,0xFE,0x00,0x00,0x00,0x80,0xF8,0xF8,0x89,0x88,0x92,0x50,0x90,0x20,0xA0,0xD8,0x97,0x06,0x91,0x20,
    0x89,0xFC,0x89,0x20,0xB2,0x20,0x81,0xFC,0x80,0x20,0x80,0x20,0x83,0xFE,0x00,0x00,0x01,0x00,0x01,0x00,0x7F,0xFC,0x08,0x20,
    0x04,0x40,0xFF,0xFE,0x00,0x00,0x3F,0xF8,0x21,0x08,0x3F,0xF8,0x21,0x08,0x3F,0xF8,0x01,0x02,0x01,0x02,0x00,0xFE,0x00,0x00,
    0x10,0x40,0xFF,0x7E,0x42,0x40,0x24,0x7C,0xFF,0x04,0x00,0x7C,0x7E,0x40,0x42,0x7C,0x7E,0x40,0x42,0x7C,0x7E,0x40,0x42,0x7C,
    0x42,0x42,0x42,0x42,0x4E,0x3E,0x00,0x00,0x10,0x00,0x13,0xFC,0x12,0x04,0x22,0x04,0x22,0x04,0x62,0x04,0x63,0xFC,0xA0,0x40,
    0x20,0x80,0x27,0xFE,0x24,0x02,0x24,0x02,0x24,0x02,0x24,0x02,0x27,0xFE,0x00,0x00,0x01,0x00,0x01,0xF8,0x01,0x00,0x7F,0xFE,
    0x42,0x02,0x5F,0xE4,0x42,0x08,0x4F,0xF8,0x48,0x88,0x4F,0xF8,0x48,0x88,0x4F,0xF8,0x94,0x44,0x94,0x12,0xA3,0xF2,0x00,0x00,
    0x10,0x40,0x10,0x40,0xFE,0xFE,0x20,0x80,0x21,0x08,0x20,0x10,0x3C,0x30,0x24,0x52,0x24,0xD4,0x25,0x48,0x24,0x48,0x24,0x48,
    0x44,0x44,0x44,0x44,0x98,0x42,0x00,0x00,0x01,0x00,0x01,0xFC,0x01,0x00,0x3F,0xFE,0x21,0x02,0x2F,0xF4,0x21,0x04,0x27,0xFC,
    0x24,0x44,0x27,0xFC,0x24,0x44,0x2F,0xFE,0x40,0x82,0x43,0x02,0x9C,0x1C,0x00,0x00,0x00,0x00,0x7F,0xFC,0x00,0x08,0x00,0x10,
    0x00,0x60,0x01,0x80,0x01,0x00,0x01,0x00,0x01,0x00,0x01,0x00,0x01,0x00,0x01,0x00,0x01,0x00,0x01,0x00,0x07,0x00,0x00,0x00,
    0x01,0x00,0x01,0x00,0xFF,0xFE,0x00,0x00,0x1F,0xF0,0x10,0x10,0x1F,0xF0,0x00,0x00,0xFF,0xFE,0x80,0x02,0x84,0x42,0x04,0x40,
    0x08,0x42,0x30,0x42,0xC0,0x3E,0x00,0x00,0x10,0x40,0x10,0x40,0x17,0xFE,0x20,0xA0,0x25,0x14,0x62,0x08,0x67,0xFC,0xAA,0x0A,
    0xA3,0xF8,0x22,0x08,0x23,0xF8,0x20,0x40,0x22,0x48,0x22,0x44,0x24,0xC4,0x00,0x00,0x00,0x00,0xFF,0xFE,0x01,0x00,0x01,0x00,
    0x7F,0xFC,0x41,0x04,0x41,0x04,0x49,0x24,0x49,0x24,0x49,0x24,0x49,0x24,0x4F,0xE4,0x40,0x04,0x40,0x04,0x40,0x1C,0x00,0x00,
    0x00,0x40,0x47,0xFC,0x20,0x40,0x0F,0xFE,0x01,0x20,0x01,0x22,0x12,0x9E,0x14,0x80,0x21,0xF8,0x21,0x88,0x42,0x88,0x44,0x50,
    0x80,0x20,0x00,0xD8,0x07,0x06,0x00,0x00,0x01,0x00,0x01,0x00,0xFF,0xFE,0x81,0x02,0xBF,0xFA,0x04,0x40,0x28,0x28,0x1F,0xF0,
    0x28,0x28,0xCF,0xE6,0x08,0x20,0x0F,0xE0,0x11,0x18,0x61,0x04,0x07,0x00,0x00,0x00,0x10,0x08,0x10,0x88,0x94,0x48,0x58,0x28,
    0x10,0x08,0xFC,0x88,0x10,0x48,0x30,0x28,0x38,0x0E,0x54,0x38,0x51,0xC8,0x90,0x08,0x90,0x08,0x10,0x08,0x10,0x08,0x00,0x00,
    0x40,0x00,0x27,0xF0,0x80,0x90,0x42,0x94,0x14,0x92,0x21,0x12,0x42,0x10,0x84,0x60,0x01,0x00,0xFF,0xFE,0x05,0x40,0x09,0x20,
    0x31,0x18,0xC1,0x06,0x01,0x00,0x00,0x00,0x40,0x40,0x20,0x40,0x0F,0xFE,0x00,0x00,0x80,0x00,0x47,0xFC,0x24,0x04,0x04,0x04,
    0x07,0xFC,0x20,0x40,0x22,0x48,0x42,0x44,0x44,0x42,0x88,0x42,0x81,0xC0,0x00,0x00,0x0C,0x84,0x8A,0x44,0x52,0x48,0x20,0x10,
    0x63,0xF8,0xA2,0x48,0x12,0x48,0x13,0xF8,0x32,0x48,0x52,0x48,0x93,0xF8,0x12,0x48,0x14,0x4A,0x14,0x4A,0x68,0x46,0x00,0x00,
    0x00,0x80,0x00,0x80,0x3F,0xFE,0x20,0x40,0xAF,0xFE,0x60,0xA0,0x25,0x14,0x23,0xF8,0x66,0x0C,0xAB,0xFA,0x22,0x08,0x23,0xF8,
    0x42,0x4C,0x4C,0x42,0x80,0xC0,0x00,0x00,0x00,0x40,0xF0,0x40,0x97,0xFE,0x90,0xA0,0x95,0x14,0xF2,0x08,0x97,0xFC,0x9A,0x0A,
    0x93,0xF8,0xF2,0x08,0x93,0xF8,0x91,0x50,0x92,0x48,0xF4,0x44,0x00,0xC0,0x00,0x00,0x18,0x20,0xE1,0xFC,0x20,0x20,0x23,0xFE,
    0xF8,0x90,0x20,0x92,0x31,0x5E,0x72,0x40,0x68,0xF8,0xA9,0x88,0xA2,0x88,0xA0,0x50,0x20,0x20,0x20,0xD8,0x27,0x06,0x00,0x00,
    0x11,0xFC,0x11,0x04,0x95,0xFC,0x59,0x04,0x13,0xFE,0xFC,0x00,0x11,0xFC,0x31,0x24,0x39,0xFC,0x55,0x24,0x51,0xFC,0x90,0x20,
    0x91,0xFC,0x10,0x20,0x13,0xFE,0x00,0x00,0x02,0x00,0x02,0x00,0x3F,0xF0,0x20,0x10,0x20,0x10,0x3F,0xF0,0x20,0x10,0x20,0x10,
    0x3F,0xF0,0x21,0x08,0x21,0x10,0x20,0xA0,0x20,0x40,0x27,0x30,0xF8,0x0E,0x00,0x00,0x00,0x20,0x78,0x20,0x03,0xFE,0xFC,0x00,
    0x00,0x00,0x79,0xFC,0x01,0x04,0x79,0x04,0x01,0xFC,0x00,0x20,0x79,0x24,0x49,0x24,0x49,0x22,0x4A,0x22,0x78,0x60,0x00,0x00,
    0x40,0x40,0x20,0x40,0x17,0xFE,0x00,0x90,0x05,0x0A,0x03,0xFC,0x05,0x0A,0xE1,0xF8,0x21,0x08,0x21,0xF8,0x21,0x48,0x26,0x44,
    0x20,0xC0,0x58,0x00,0x87,0xFE,0x00,0x00,0x1F,0xF0,0x10,0x10,0x1F,0xF0,0x10,0x10,0xFF,0xFE,0x00,0x00,0x1F,0xF0,0x11,0x10,
    0x1F,0xF0,0x11,0x10,0x1F,0xF0,0x01,0x00,0x3F,0xF8,0x01,0x00,0xFF,0xFE,0x00,0x00,0x00,0x40,0xFB,0xFC,0x88,0x40,0x97,0xFE,
    0x91,0x10,0xA1,0x12,0x92,0x9E,0x90,0x80,0x89,0xF8,0x89,0x08,0xB2,0x88,0x84,0x50,0x80,0x20,0x80,0xD8,0x87,0x06,0x00,0x00,
    0x10,0x00,0x29,0xFE,0x44,0x10,0x82,0x20,0x78,0xFC,0x00,0x84,0x00,0xFC,0xFC,0x84,0x24,0xFC,0x24,0x84,0x24,0x84,0x24,0xFC,
    0x2C,0x00,0x20,0x4C,0x21,0x82,0x00,0x00,0x02,0x00,0x02,0x00,0x02,0x00,0x02,0x00,0xFF,0xFC,0x02,0x04,0x02,0x04,0x02,0x04,
    0x04,0x04,0x04,0x04,0x08,0x04,0x08,0x04,0x10,0x08,0x20,0x08,0xC0,0x70,0x00,0x00,0x20,0x00,0x21,0xF8,0x48,0x08,0x89,0xF8,
    0x50,0x08,0x20,0x08,0x23,0xFE,0x48,0x20,0xF9,0x32,0x20,0xB4,0xA8,0x28,0xA8,0x68,0xA0,0xA4,0x23,0x22,0x20,0x60,0x00,0x00,
    0x10,0x40,0x10,0xA0,0x13,0x18,0x2C,0x06,0x23,0xF8,0x60,0x00,0x60,0x00,0xA7,0xFC,0xA4,0xA4,0x24,0xA4,0x27,0xFC,0x24,0xA4,
    0x24,0xA4,0x24,0xA4,0x24,0xAC,0x00,0x00,0x00,0x00,0x3F,0xFE,0x20,0x00,0x20,0x00,0x27,0xFC,0x24,0x44,0x27,0xFC,0x24,0x44,
    0x27,0xFC,0x20,0x40,0x20,0x40,0x27,0xFC,0x40,0x40,0x40,0x40,0x8F,0xFE,0x00,0x00,0x10,0x20,0x10,0x20,0x10,0x20,0xFD,0xFC,
    0x10,0x20,0x30,0x70,0x38,0x70,0x58,0xA8,0x54,0xA8,0x91,0x24,0x92,0x22,0x10,0x20,0x10,0x20,0x10,0x20,0x10,0x20,0x00,0x00,
    0x42,0x10,0x22,0x10,0x12,0x10,0x0F,0x7C,0x82,0x10,0x42,0x10,0x27,0x38,0x06,0xB8,0x0A,0x54,0x2A,0x54,0x32,0x92,0x42,0x10,
    0x42,0x10,0x82,0x10,0x82,0x10,0x00,0x00,0x22,0x44,0x21,0x48,0x20,0x40,0xA7,0xFE,0xA8,0xE0,0xB1,0x58,0xA6,0x46,0x21,0x04,
    0x21,0xDE,0x22,0x54,0x56,0x94,0x49,0x94,0x41,0x3E,0x82,0x04,0x84,0x04,0x00,0x00,0x01,0x08,0x01,0x08,0xF9,0x08,0x27,0xBE,
    0x21,0x08,0x21,0x08,0x23,0x9C,0xFB,0x5C,0x23,0x2A,0x25,0x2A,0x25,0x48,0x39,0x08,0xE1,0x08,0x01,0x08,0x01,0x08,0x00,0x00,
    0x00,0x80,0xFC,0x80,0x91,0xFE,0x91,0x00,0x92,0x00,0xFC,0xFC,0x84,0x84,0x84,0x84,0x84,0xFC,0xFC,0x00,0x91,0xDE,0x91,0x52,
    0x91,0x52,0xFD,0x52,0x01,0xDE,0x00,0x00,0x20,0x20,0x20,0x50,0xFC,0x88,0x21,0x04,0x22,0xFA,0xFC,0x00,0xA4,0x00,0xFD,0xFC,
    0xA5,0x54,0xFD,0x54,0x21,0xFC,0xFD,0x54,0x21,0x54,0x21,0x54,0x21,0x0C,0x00,0x00,0xF9,0x24,0x88,0xA8,0x90,0x20,0x93,0xFE,
    0xA0,0x70,0x90,0xA8,0x93,0x26,0x89,0x04,0x89,0xDE,0x8A,0x54,0xB3,0x54,0x84,0x94,0x80,0xBE,0x81,0x04,0x82,0x04,0x00,0x00,
    0x21,0x24,0x38,0xA8,0x48,0x20,0x53,0xFE,0xFC,0x70,0x54,0xA8,0x57,0x26,0x7C,0x20,0x55,0x04,0x55,0xDE,0x7E,0x54,0x01,0x54,
    0x54,0xBE,0x55,0x04,0x82,0x04,0x00,0x00,0x08,0x92,0x08,0x54,0x7F,0x10,0x54,0xFE,0x54,0x38,0x7F,0x54,0x55,0x92,0x7F,0x44,
    0x40,0x74,0x54,0x5E,0x5E,0xD4,0x54,0xA4,0x9D,0x3E,0xB7,0x44,0x80,0x84,0x00,0x00,0x00,0x80,0xF7,0x3E,0x24,0x12,0x25,0x12,
    0x24,0x92,0x25,0xA2,0xF6,0xAC,0x20,0x00,0x23,0xFC,0x22,0x44,0x3A,0x44,0xE3,0xFC,0x02,0x44,0x02,0x44,0x03,0xFC,0x00,0x00,
    0x00,0x00,0x3F,0xF8,0x21,0x08,0x3F,0xF8,0x21,0x08,0x3F,0xF8,0x60,0x04,0x18,0x18,0x00,0x00,0x1C,0x38,0xE1,0x06,0x1F,0xF0,
    0x01,0x00,0x01,0x00,0xFF,0xFE,0x00,0x00,0x40,0x00,0x2F,0xFE,0x00,0x00,0x07,0xFC,0x84,0x04,0x44,0x04,0x07,0xFC,0x04,0x20,
    0x04,0x20,0x27,0xFE,0x24,0x20,0x44,0x50,0x48,0x50,0x88,0x88,0x93,0x06,0x00,0x00,0x00,0x00,0x3F,0xF8,0x21,0x08,0x3F,0xF8,
    0x21,0x08,0x3F,0xF8,0x02,0x00,0x14,0x40,0x08,0x88,0x05,0x3C,0xFF,0xC2,0x01,0x02,0x11,0x18,0x61,0x04,0x01,0x00,0x00,0x00,
    0x10,0x00,0x92,0xFE,0x54,0x10,0x10,0x20,0xFE,0xFC,0x38,0x84,0x54,0xFC,0x92,0x84,0x00,0xFC,0x10,0x84,0xFE,0x84,0x10,0xFC,
    0x28,0x00,0x44,0x4C,0x81,0x82,0x00,0x00,0x01,0x00,0x02,0x80,0x04,0x40,0x08,0x20,0x30,0x18,0xCF,0xE6,0x00,0x00,0x00,0x00,
    0x7F,0xF8,0x02,0x08,0x02,0x08,0x02,0x08,0x02,0x38,0x02,0x00,0x02,0x00,0x00,0x00,0x10,0x40,0x10,0xA0,0x11,0x10,0x22,0x08,
    0x24,0x04,0x69,0xF2,0x60,0x00,0xA0,0x00,0x27,0xFC,0x20,0x84,0x20,0x84,0x20,0x84,0x20,0x9C,0x20,0x80,0x20,0x80,0x00,0x00,
    0x10,0x02,0x17,0x82,0x12,0x02,0x22,0x12,0x23,0x92,0x64,0x92,0x64,0x92,0xA4,0x92,0xAA,0x92,0x21,0x12,0x21,0x12,0x21,0x02,
    0x22,0x02,0x22,0x02,0x24,0x0E,0x00,0x00,0x00,0x40,0x40,0xA0,0x21,0x10,0x12,0x08,0x04,0x04,0x0B,0xFA,0x00,0x00,0x00,0x00,
    0x17,0xFC,0x10,0x84,0x20,0x84,0x20,0x84,0x40,0x9C,0x80,0x80,0x00,0x80,0x00,0x00,0x00,0x10,0x7F,0x90,0x40,0x10,0x40,0x7E,
    0x7F,0x12,0x48,0x12,0x48,0x12,0x4F,0x12,0x49,0x12,0x49,0x12,0x49,0x12,0x49,0x22,0x91,0x22,0x91,0x22,0xA6,0x4C,0x00,0x00,
    0x01,0x00,0x41,0x04,0x7F,0xFC,0x10,0x00,0x29,0xFE,0x44,0x20,0xBA,0xFC,0x00,0x84,0x00,0xFC,0xFC,0x84,0x24,0xFC,0x24,0x84,
    0x2C,0xFC,0x20,0x48,0x21,0x86,0x00,0x00,0x20,0x20,0x20,0x50,0x20,0x88,0xB1,0x04,0xAA,0xFA,0xA8,0x00,0xA0,0x00,0x23,0xFC,
    0x20,0x44,0x20,0x44,0x20,0x44,0x20,0x44,0x20,0x5C,0x20,0x40,0x20,0x40,0x00,0x00,0x00,0x20,0x00,0x50,0xF8,0x88,0x21,0x04,
    0x22,0xFA,0x20,0x00,0x20,0x00,0xFB,0xFC,0x20,0x44,0x20,0x44,0x20,0x44,0x38,0x44,0xE0,0x5C,0x00,0x40,0x00,0x40,0x00,0x00,
    0x20,0x80,0x20,0x80,0x20,0x80,0xF8,0x80,0x08,0x80,0x10,0x80,0x10,0x80,0x20,0x80,0x60,0x80,0xB0,0x80,0x28,0x80,0x20,0x82,
    0x20,0x82,0x20,0x82,0x20,0x7E,0x00,0x00,0x08,0x20,0xFF,0xFE,0x08,0x20,0x01,0x00,0x02,0x80,0x04,0x40,0x08,0x20,0x37,0xD8,
    0xC0,0x06,0x1F,0xF0,0x02,0x10,0x02,0x10,0x02,0x10,0x02,0x70,0x02,0x00,0x00,0x00,0x10,0x20,0x28,0x50,0x44,0x88,0x81,0x04,
    0x7E,0xFA,0x10,0x00,0x10,0x00,0xFD,0xFC,0x10,0x44,0x94,0x44,0x54,0x44,0x50,0x44,0x10,0x5C,0x1C,0x40,0xE0,0x40,0x00,0x00,
    0x10,0x20,0x10,0x20,0xFE,0xFC,0x10,0x24,0x11,0xFE,0x7C,0x24,0x00,0x24,0x7C,0xFC,0x00,0x20,0xFE,0xA2,0x10,0x74,0x54,0x30,
    0x52,0x68,0x93,0xA4,0x30,0x62,0x00,0x00,0x00,0x00,0x7F,0xFC,0x01,0x00,0xFF,0xFE,0x81,0x02,0xBD,0x7A,0x01,0x00,0x06,0xC0,
    0x18,0x30,0xE7,0xCE,0x00,0x00,0x3F,0xF8,0x02,0x08,0x02,0x38,0x02,0x00,0x00,0x00,0x00,0x00,0x7F,0xFC,0x01,0x00,0xFF,0xFE,
    0x81,0x02,0xBD,0x7A,0x01,0x00,0x3D,0x78,0x00,0x00,0x3F,0xF8,0x00,0x00,0x7F,0xFC,0x24,0x48,0x14,0x50,0xFF,0xFE,0x00,0x00,
    0x00,0x00,0xFE,0xFE,0x00,0x00,0x7C,0x7C,0x54,0x54,0x01,0x00,0x7F,0xFE,0x44,0x40,0x7F,0xF8,0x44,0x48,0x7F,0xF8,0x48,0x40,
    0x8F,0x78,0x88,0x42,0xBF,0x7E,0x00,0x00,0x10,0x10,0x50,0x28,0x5E,0x28,0x50,0x44,0xFF,0x44,0x82,0xBA,0xD6,0x00,0x92,0x00,
    0xFE,0xFE,0x92,0x22,0xBA,0x22,0xD6,0x22,0x92,0x2E,0x82,0x20,0xFE,0x20,0x00,0x00,0x00,0x00,0x7F,0xFE,0x40,0x00,0x44,0x10,
    0x44,0x10,0x5F,0x7C,0x4E,0x38,0x55,0x54,0x64,0x92,0x40,0x00,0x4F,0xFC,0x48,0x04,0x8F,0xFC,0x88,0x04,0x8F,0xFC,0x00,0x00,
    0x00,0x00,0x7F,0xFE,0x40,0x00,0x44,0x10,0x5F,0x7C,0x44,0x10,0x4E,0x38,0x55,0x54,0x64,0x92,0x40,0x00,0x40,0x80,0x48,0xF8,
    0x88,0x80,0x88,0x80,0xBF,0xFE,0x00,0x00,0x00,0x02,0xFF,0x02,0x10,0x22,0x10,0x22,0x10,0x22,0x3E,0x22,0x22,0x22,0x42,0x22,
    0x62,0x22,0x94,0x22,0x0C,0x22,0x08,0x22,0x10,0x02,0x20,0x02,0x40,0x0E,0x00,0x00,0x01,0x00,0x11,0x18,0x21,0x04,0xC1,0x12,
    0x07,0x20,0x00,0xC0,0x07,0x00,0xF8,0x00,0x02,0x00,0xFF,0xFC,0x02,0x04,0x04,0x04,0x08,0x04,0x30,0x04,0xC0,0x38,0x00,0x00,
    0x00,0x02,0xFF,0x82,0x10,0x22,0x10,0x22,0x3F,0x22,0x41,0x22,0xA2,0x22,0x14,0x22,0x08,0x02,0x30,0x02,0xC0,0x0E,0x00,0x00,
    0x44,0x44,0x42,0x22,0x82,0x22,0x00,0x00,0x00,0x04,0xFF,0x24,0x10,0x24,0x3E,0x24,0xC2,0x24,0x24,0x04,0x18,0x04,0xE0,0x1C,
    0x01,0x00,0xFF,0xFE,0x04,0x88,0x18,0x50,0xE8,0x20,0x0B,0x98,0x7C,0x06,0x00,0x00,0x01,0x00,0x01,0x00,0x7F,0xFE,0x44,0x20,
    0x5F,0xFC,0x42,0x40,0x5F,0xF8,0x42,0x48,0x7F,0xFE,0x42,0x48,0x5F,0xF8,0x46,0x60,0x8A,0x58,0xB2,0x46,0x82,0x40,0x00,0x00,
    0x01,0x00,0x01,0x00,0xFF,0xFE,0x02,0x40,0x22,0x48,0x24,0x44,0x44,0x42,0x88,0x42,0x11,0xC0,0x01,0x00,0x08,0x80,0x48,0x04,
    0x48,0x22,0x88,0x22,0x07,0xE0,0x00,0x00,0x21,0x24,0x20,0xA8,0x20,0x20,0xB3,0xFE,0xA8,0x70,0xA8,0xA8,0xA3,0x26,0x20,0x20,
    0x21,0x04,0x21,0xDE,0x22,0x54,0x23,0x54,0x24,0xBE,0x21,0x04,0x26,0x04,0x00,0x00,0x40,0x20,0x28,0x20,0x05,0xFC,0x00,0x20,
    0x81,0xFC,0x41,0x24,0x01,0xFC,0x01,0x24,0x0D,0xFC,0x24,0x20,0x25,0xFC,0x44,0x20,0x44,0x20,0x8B,0x00,0x90,0xFE,0x00,0x00,
    0x20,0x20,0x20,0x20,0x23,0xFE,0xA8,0x20,0xB1,0xFC,0xA1,0x24,0xA1,0xFC,0x21,0x24,0x21,0x24,0x21,0xFC,0x50,0x70,0x48,0xA8,
    0x41,0x24,0x82,0x22,0x80,0x20,0x00,0x00,0x20,0x40,0x3E,0x7E,0x48,0x90,0x85,0x08,0x3F,0xFE,0x22,0x20,0x2F,0xF8,0x21,0x48,
    0x3F,0xFE,0x21,0x48,0x2F,0xF8,0x23,0x60,0x45,0x50,0x59,0x4C,0x81,0x40,0x00,0x00,0x20,0x20,0x20,0x20,0x4B,0xFE,0x88,0x20,
    0x51,0xFC,0x21,0x24,0x21,0xFC,0x49,0x24,0xF9,0x24,0x21,0xFC,0xA8,0x70,0xA8,0xA8,0xA1,0x24,0x22,0x22,0x20,0x20,0x00,0x00,
    0x00,0x84,0xFD,0x08,0x4A,0x52,0x49,0x8C,0x79,0x08,0x4A,0x52,0x4B,0xDE,0x78,0x00,0x4A,0x52,0x4A,0x52,0x4A,0x52,0x7B,0xDE,
    0xC8,0x50,0x08,0x90,0x0B,0x10,0x00,0x00,0x08,0x20,0xFF,0xFE,0x08,0x20,0x00,0x40,0x47,0xFC,0x22,0x48,0x03,0xF8,0x02,0x48,
    0xE3,0xF8,0x20,0x40,0x27,0xFC,0x20,0x40,0x20,0x40,0x58,0x00,0x87,0xFE,0x00,0x00,0x40,0x40,0x20,0x40,0x0F,0xFE,0x00,0x40,
    0x07,0xFC,0x04,0x44,0x07,0xFC,0xE4,0x44,0x27,0xFC,0x20,0x40,0x2F,0xFE,0x20,0x40,0x20,0x40,0x58,0x00,0x87,0xFE,0x00,0x00,
    0x18,0x20,0x24,0x20,0x43,0xFE,0x80,0x20,0x7D,0xFC,0x11,0x24,0x11,0xFC,0xFD,0x24,0x11,0xFC,0x10,0x20,0x94,0x70,0x54,0xA8,
    0x51,0x24,0x1A,0x22,0xE0,0x20,0x00,0x00,0x00,0x00,0x7F,0xF0,0x40,0x10,0x40,0x10,0x40,0x10,0x7F,0xF0,0x04,0x00,0x04,0x00,
    0x08,0x00,0xFF,0xF8,0x80,0x08,0x80,0x08,0x80,0x08,0x80,0x08,0xFF,0xF8,0x00,0x00,0x08,0x00,0x1F,0xC0,0x20,0x80,0x7F,0xF8,
    0xA1,0x08,0x3F,0xF8,0x21,0x08,0x3F,0xF8,0x44,0x44,0x82,0x22,0x3F,0xF8,0x20,0x08,0x3F,0xF8,0x20,0x08,0x3F,0xF8,0x00,0x00,
    0x20,0x80,0x20,0xF0,0x21,0x20,0xFB,0xFC,0x21,0x24,0x21,0xFC,0x71,0x24,0x71,0xFC,0x6A,0xA4,0xAC,0x52,0xA1,0xFC,0xA1,0x04,
    0x21,0xFC,0x21,0x04,0x21,0xFC,0x00,0x00,0x20,0x00,0x23,0xFE,0x24,0x00,0xA8,0x00,0xB1,0xFC,0xA1,0x04,0xA1,0x04,0x21,0x04,
    0x21,0x04,0x21,0xFC,0x51,0x00,0x49,0x00,0x42,0x00,0x82,0x00,0x84,0x00,0x00,0x00,0x00,0x40,0x78,0x40,0x48,0xFC,0x48,0x84,
    0x79,0x48,0x4A,0x48,0x48,0x30,0x78,0x30,0x48,0xC8,0x4B,0x06,0x48,0xFC,0x78,0x84,0x00,0x84,0x48,0x84,0x84,0xFC,0x00,0x00,
    0x00,0x40,0x7C,0x40,0x44,0xFC,0x44,0x84,0x45,0x48,0x7C,0x48,0x10,0x30,0x10,0x30,0x50,0x48,0x5D,0x86,0x50,0xFC,0x50,0x84,
    0x50,0x84,0x5C,0x84,0xF0,0xFC,0x00,0x00,0x00,0x00,0x7F,0xFC,0x01,0x00,0xFF,0xFE,0x81,0x02,0xBD,0x7A,0x00,0x20,0x7C,0x7C,
    0x45,0x88,0x7C,0x70,0x13,0x8E,0x5C,0xFC,0x50,0x84,0x5C,0x84,0xF0,0xFC,0x00,0x00,0x22,0x10,0x11,0x10,0x00,0x20,0xFF,0xFE,
    0x80,0x02,0x82,0x02,0x82,0x02,0x3F,0xF8,0x02,0x08,0x02,0x08,0x04,0x08,0x04,0x08,0x08,0x10,0x10,0x10,0x60,0xE0,0x00,0x00,
    0x01,0x00,0x3F,0xF8,0x21,0x08,0xFF,0xFE,0x21,0x08,0x3F,0xF8,0x01,0x00,0x3F,0xF8,0x21,0x08,0x21,0x08,0xFF,0xFE,0x08,0x20,
    0x1C,0x40,0x03,0xE0,0x7C,0x1C,0x00,0x00,0x01,0x00,0x01,0x00,0x7F,0xFE,0x40,0x00,0x44,0x00,0x5F,0x3E,0x51,0x22,0x5F,0x24,
    0x51,0x24,0x51,0x28,0x5F,0x24,0x52,0x22,0x91,0x22,0x96,0xAC,0xB8,0xA0,0x00,0x00,0x00,0x00,0x7F,0xFC,0x01,0x00,0x01,0x00,
    0x3F,0xF8,0x01,0x00,0x01,0x00,0xFF,0xFE,0x00,0x00,0x08,0x20,0xFF,0xFE,0x08,0x20,0x08,0x20,0x10,0x20,0x60,0x20,0x00,0x00,
    0x10,0x00,0x10,0x7E,0x7E,0x42,0x42,0x42,0x42,0x42,0x7E,0x7E,0x42,0x42,0x42,0x42,0x7E,0x42,0x48,0x7E,0x44,0x42,0x4A,0x42,
    0x72,0x82,0xC0,0x82,0x01,0x0E,0x00,0x00,0x21,0x24,0x20,0xA4,0x20,0x28,0xFB,0xFE,0x20,0x70,0x20,0xA8,0x73,0x26,0x70,0x20,
    0x68,0x40,0xAB,0xFE,0xA0,0x88,0xA1,0x08,0x22,0xD0,0x20,0x38,0x23,0xC6,0x00,0x00,0x22,0x00,0x22,0x3E,0x27,0xA2,0xF4,0xA2,
    0x24,0xA4,0x27,0xA4,0x74,0xA8,0x74,0xA4,0x6F,0xA4,0xA4,0x22,0xA5,0x22,0xA4,0xA2,0x27,0xAC,0x2C,0xA0,0x20,0x20,0x00,0x00,
    0x40,0x80,0x20,0x80,0x17,0xF8,0x04,0x08,0x84,0x08,0x47,0xF8,0x24,0x08,0x04,0x08,0x07,0xF8,0x24,0x40,0x24,0x44,0x44,0x28,
    0x44,0x10,0x85,0xC8,0x9E,0x06,0x00,0x00,0x40,0x00,0x27,0xFE,0x14,0x02,0x04,0x02,0x87,0xFE,0x44,0x00,0x27,0xFE,0x04,0x20,
    0x04,0x20,0x25,0xFE,0x25,0x22,0x45,0xAA,0x49,0x22,0x89,0xAA,0x91,0x26,0x00,0x00,0x01,0x00,0x01,0x00,0xFF,0xFE,0x80,0x02,
    0x91,0x02,0x11,0x00,0x3F,0xF8,0x21,0x00,0x41,0x00,0x01,0x00,0xFF,0xFE,0x01,0x00,0x01,0x00,0x01,0x00,0x01,0x00,0x00,0x00,
    0x10,0x40,0x90,0x40,0x63,0xF8,0x22,0x08,0x62,0x08,0x93,0xF8,0x12,0x08,0x32,0x08,0x53,0xF8,0x92,0x40,0x12,0x24,0x12,0x28,
    0x12,0x10,0x12,0xC8,0x67,0x06,0x00,0x00,0x20,0x40,0x7E,0xFE,0x91,0x20,0x7F,0xFC,0x08,0x20,0x04,0x40,0xFF,0xFE,0x00,0x00,
    0x3F,0xF8,0x21,0x08,0x3F,0xF8,0x21,0x08,0x3F,0xFA,0x01,0x02,0x00,0xFE,0x00,0x00,0x02,0x04,0x02,0x04,0x3F,0xE8,0x02,0x10,
    0x02,0x20,0xFF,0xFE,0x00,0x80,0x01,0x00,0x06,0x0C,0x0C,0x70,0x37,0x80,0xC4,0x00,0x04,0x02,0x04,0x02,0x03,0xFE,0x00,0x00,
    0x10,0x40,0xFF,0x7E,0x24,0x40,0xFF,0x7C,0x42,0x04,0x7E,0x7C,0x42,0x42,0x42,0x7E,0x00,0x00,0xFF,0xFE,0x10,0x10,0x1F,0xF0,
    0x10,0x1E,0xFF,0xF0,0x00,0x10,0x00,0x00,0x22,0x44,0x21,0x24,0x20,0x08,0xF9,0xF8,0xA9,0x48,0xA9,0x48,0xA9,0xF8,0xA9,0x48,
    0xA9,0x48,0xF9,0xF8,0x21,0x48,0x31,0x48,0x29,0x4A,0x3A,0x4A,0xCA,0x46,0x00,0x00,0x10,0x00,0x10,0x7E,0x7E,0x42,0x42,0x42,
    0x42,0x44,0x7E,0x44,0x42,0x48,0x42,0x44,0x7E,0x44,0x40,0x42,0x44,0x42,0x42,0x42,0x4D,0x5C,0x71,0x40,0xC0,0x40,0x00,0x00,
    0x01,0x00,0x01,0x00,0x01,0x00,0xFF,0xFE,0x00,0x00,0x00,0x00,0x00,0x00,0x08,0x20,0x08,0x10,0x08,0x08,0x10,0x08,0x10,0x04,
    0x20,0x04,0x40,0x02,0x80,0x02,0x00,0x00,0x10,0x10,0xFE,0xFE,0x38,0x38,0xD6,0xD6,0x01,0x00,0x7F,0xFE,0x44,0x40,0x7F,0xFC,
    0x44,0x44,0x7F,0xFC,0x48,0x40,0x4F,0x4E,0x88,0x70,0x8B,0x42,0xBC,0x3E,0x00,0x00,0x20,0x00,0x21,0xF8,0x20,0x08,0xF9,0xF8,
    0x08,0x08,0x10,0x08,0x13,0xFE,0x20,0x20,0x71,0x22,0xA8,0xB4,0x20,0x30,0x20,0x68,0x21,0xA4,0x26,0x22,0x20,0x60,0x00,0x00,
    0x00,0x20,0x7C,0x20,0x44,0x20,0x45,0xFE,0x44,0x22,0x7C,0x22,0x44,0x22,0x44,0x22,0x44,0x22,0x7C,0x22,0x44,0x42,0x44,0x42,
    0x44,0x42,0x84,0x82,0x9D,0x0C,0x00,0x00,0x31,0xF8,0x48,0x08,0x81,0xF8,0x00,0x08,0xF8,0x08,0x23,0xFE,0x20,0x20,0xF9,0x22,
    0x20,0xA4,0x20,0x30,0xA8,0x70,0x68,0xA8,0x23,0x24,0x30,0x22,0xC0,0x60,0x00,0x00,0x00,0x20,0x78,0x50,0x00,0x88,0xFD,0x04,
    0x02,0xFA,0x78,0x00,0x00,0x00,0x79,0xFC,0x01,0x54,0x01,0x54,0x79,0xFC,0x49,0x54,0x49,0x54,0x49,0x54,0x79,0x0C,0x00,0x00,
    0x10,0x38,0x17,0xC0,0x10,0x40,0x2F,0xFE,0x21,0x50,0x62,0x48,0x6C,0x46,0xA0,0x80,0xAF,0xFE,0x21,0x10,0x22,0x10,0x27,0x20,
    0x20,0xE0,0x21,0x98,0x2E,0x04,0x00,0x00,0x0E,0x00,0xF0,0x00,0x10,0x7E,0x10,0x42,0x10,0x42,0xFE,0x42,0x10,0x42,0x38,0x42,
    0x34,0x42,0x32,0x42,0x52,0x42,0x50,0x42,0x90,0x42,0x10,0x7E,0x10,0x00,0x00,0x00,0x00,0x1C,0x79,0xE0,0x00,0x20,0xFC,0x20,
    0x00,0x20,0x7B,0xFE,0x00,0x20,0x78,0x20,0x00,0x20,0x01,0xFC,0x79,0x04,0x49,0x04,0x49,0x04,0x49,0x04,0x79,0xFC,0x00,0x00,
    0x00,0x00,0xFF,0xFE,0x00,0x80,0x03,0x30,0x1D,0x0C,0xE1,0x02,0x01,0x00,0x00,0x00,0x7F,0xFC,0x01,0x00,0x11,0x00,0x11,0xF8,
    0x11,0x00,0x11,0x00,0xFF,0xFE,0x00,0x00,0x00,0x40,0x78,0x40,0x4B,0xFE,0x48,0x80,0x78,0x80,0x48,0xFC,0x49,0x84,0x79,0x84,
    0x4A,0xFC,0x48,0x84,0x48,0x84,0x78,0xFC,0x00,0x84,0x48,0x84,0x84,0x9C,0x00,0x00,0x00,0x20,0x78,0x20,0x49,0xFC,0x48,0x44,
    0x48,0x44,0x78,0x84,0x49,0x18,0x48,0x00,0x49,0x08,0x7B,0xDE,0x49,0x4A,0x49,0x4A,0x4A,0x52,0x8A,0x52,0x9D,0xAC,0x00,0x00,
    0x00,0x90,0x00,0x88,0xFF,0xFE,0x00,0x40,0x3E,0x44,0x22,0x44,0x3E,0x28,0x01,0xA8,0x0E,0x12,0xF0,0x2A,0x00,0xC6,0x01,0x00,
    0x48,0x84,0x48,0x12,0x87,0xF2,0x00,0x00,0x20,0x80,0x20,0x80,0x23,0xF0,0xF8,0x90,0x20,0x90,0x21,0x12,0x71,0x12,0x72,0x1E,
    0xA8,0x40,0xA8,0x40,0xA7,0xFC,0x20,0x40,0x20,0x40,0x20,0x40,0x20,0x40,0x00,0x00,0x10,0x28,0xFE,0x24,0x45,0xFE,0x7C,0x20,
    0x15,0x50,0x52,0x92,0x9F,0xFE,0x10,0x08,0x1F,0xF8,0x10,0x08,0x1F,0xFE,0x10,0x00,0x1F,0xFE,0x52,0x42,0x89,0x2C,0x00,0x00,
    0x00,0x00,0x7F,0xFC,0x04,0x00,0x04,0x00,0x04,0x00,0x07,0xF8,0x08,0x08,0x09,0x08,0x08,0x88,0x10,0x50,0x12,0x10,0x11,0x10,
    0x00,0xA0,0x00,0x20,0xFF,0xFE,0x00,0x00,0x00,0x00,0x7F,0xFC,0x00,0x00,0x00,0x00,0x3F,0xF8,0x20,0x08,0x20,0x08,0x3F,0xF8,
    0x20,0x08,0x20,0x08,0x3F,0xF8,0x00,0x00,0x00,0x00,0x00,0x00,0xFF,0xFE,0x00,0x00,0x20,0x00,0x39,0xDC,0x49,0x54,0x51,0x54,
    0xFD,0xDC,0x54,0x00,0x54,0xFC,0x7C,0x00,0x55,0xFE,0x54,0x40,0x7C,0xFC,0x00,0x84,0x54,0x04,0x54,0x04,0x80,0x38,0x00,0x00,
    0x00,0x20,0x78,0x20,0x03,0xFE,0xFA,0x02,0x02,0x02,0x78,0x1C,0x01,0xE0,0x78,0x20,0x00,0x20,0x00,0x3E,0x7B,0xE0,0x48,0x20,
    0x48,0x22,0x48,0x22,0x78,0x1E,0x00,0x00,0x08,0x20,0xFF,0xFE,0x09,0x20,0xFF,0xFE,0x08,0x20,0x0F,0xE0,0x00,0x00,0x7F,0xFC,
    0x48,0x24,0x4F,0xEC,0x01,0x00,0xFF,0xFE,0x05,0x40,0x19,0x30,0xE1,0x0E,0x00,0x00,0x08,0x20,0xFF,0xFE,0x08,0x20,0x00,0x00,
    0x7F,0xFE,0x51,0x20,0x4A,0x20,0x5F,0x7E,0x44,0x52,0x55,0x94,0x55,0x10,0x5F,0x28,0x84,0x28,0x88,0x44,0x90,0x82,0x00,0x00,
    0x20,0x40,0x20,0x40,0x27,0xFE,0xF4,0x02,0x24,0x02,0x22,0x00,0x73,0xBC,0x6A,0xA4,0x64,0xA4,0xA4,0xA4,0xAB,0x2C,0xA1,0x20,
    0x22,0x22,0x24,0x22,0x28,0x1E,0x00,0x00,0x40,0x40,0x20,0x40,0x17,0xFE,0x00,0x90,0x84,0x94,0x49,0x32,0x20,0x00,0x03,0xFC,
    0x00,0x04,0x23,0xFC,0x22,0x00,0x47,0xFE,0x44,0x02,0x80,0x02,0x80,0x1C,0x00,0x00,0x00,0x20,0xF8,0x20,0x23,0xFE,0x22,0x02,
    0x21,0x00,0x41,0x1E,0x79,0xD2,0x4A,0x52,0xCA,0x52,0x4D,0x52,0x48,0x96,0x48,0x90,0x79,0x12,0x02,0x12,0x04,0x1E,0x00,0x00,
    0x00,0x20,0x78,0x20,0x4B,0xFE,0x4A,0x02,0x4A,0x02,0x79,0x00,0x49,0xDE,0x49,0x52,0x4A,0x52,0x7B,0x52,0x4C,0x96,0x48,0x90,
    0x49,0x12,0x89,0x12,0x9A,0x1E,0x00,0x00,
};
