[CFG] key='control_style'(13) value='classic'
[CFG] key='invert_controller_y'(19) value='0'
[CFG] key='crosshair'(9) value='1'
[CFG] key='crosshair_style'(15) value='3'
[CFG] key='refresh_rate'(12) value='60'
[CFG] key='retroachievements'(17) value='1'
[CFG] >> retroachievements branch: atoi=1 -> retroAchievements=1
[CFG] key='ra_username'(11) value='KushAstronaut'
[CFG] key='ra_password'(11) value='101F66d283,,'
[CFG] key='use_pgxp'(8) value='0'
[CFG] key='cutscene_line_gap_ms'(20) value='300'
[CFG] key='video_720p'(10) value='1'
[CFG] key='log_diag'(8) value='0control_2d = 1'
[CFG] key='control_2d'(10) value='0'
[SH-XBOX] SEH crash logger installed (frame=0xd0032c60 handler=0x2f1210)
[SH-XBOX] build d3b40dd2c+wt id=0809-031002 (2026-08-09 03:10:03)
[FS] D: -> '\Device\Harddisk0\Partition1\Apps\SH\' (wasMounted=1 remap=ok)
[SH-XBOX] boot: video 1280x720x32 (720p, pillarboxed 4:3)
[GTE] RotTransPers v(64,32,512) -> sx=352 sy=256 sz=128 flag=0x1000 (expect sx=352 sy=256)
[SH-XBOX] pbkit initialised
[CD] xbe dir = '\Device\Harddisk0\Partition1\Apps\SH\' (mounted Q:)
[CD] disc image: Q:\Silent Hill (USA).bin
[CD] BIN: Q:\Silent Hill (USA).bin
[SH-XBOX] NV2A fb 1280x720, content 960x720 at x=160
[SH-XBOX] NV2A backend ready (batch=65536 verts)
[SH-XBOX] USB pad init done
[MCRD] card path = E:\UDATA\SH010000\0.MCD
[SH-XBOX] PSX RAM @ 0xdca11c
[SH-XBOX] game data initialised
[SH-XBOX] subsystems up; entering MainLoop
[RA] init: enabled=1 user='KushAstronaut' token=none passwordLen=12
[NET] up, DHCP IP 192.168.1.123
[RA] syswork native: npcs=0x1A0 bones=0x26A0 tailA=0x91D0 targetNpc=0x92A8 light=0x92B0 sizeof=38588
[FREEZE] reserve ok: 1800KB (1280x720 R5G6B5) free=22276KB
[FOGST-GPU] clear=0xff000000
[SH-XBOX] layout check ok: sizeof(s_SysWork)=38588 sizeof(s_GameWork)=1496
[XA] SetVolume L=0 R=0
[ARENA] buf0=0x7fdd0008 buf1=0x7fbc0008
[SH-XBOX] GameState -> 0 (step 0)
[RA] http POST http://retroachievements.org/dorequest.php
[NET] POST retroachievements.org -> 200 (253 bytes)
[RA] http -> status=200 bodyLen=253 body='{"Success":true,"User":"KushAstronaut","AvatarUrl":"https:\/'
[RA] logged in as KushAstronaut
RA: signed in as KushAstronaut
[RA] disc hash 469d5cf1428d3f6f2234aa5be058f3ec
[MCFSM] state=0 step=0 (was -1/-1 after 0 f)
[OT] DrawOTag head=0xd4cecc (walking; per-node trace off)
[OT] walk done after 2048 nodes (cap hit=0)
[RA] http POST http://retroachievements.org/dorequest.php
[NET] POST retroachievements.org -> 200 (136272 bytes)
[RA] http -> status=200 bodyLen=136272 body='{"Success":true,"GameId":11252,"Title":"Silent Hill","ImageI'
[MCFSM] state=1 step=0 (was 0/0 after 0 f)
[MCRD] card_info chan=0 -> IOE (n=1)
[RA] http POST http://retroachievements.org/dorequest.php
[NET] POST retroachievements.org -> 200 (200 bytes)
[RA] http -> status=200 bodyLen=200 body='{"Success":true,"ServerNow":1786260886,"HardcoreUnlocks":[],'
[RA] set reads 0x800BCAD8 (mapped)
[RA] set reads 0x800BCC7E (mapped)
[RA] set reads 0x800BCBA2 (mapped)
[RA] set reads 0x800BC0C8 (mapped)
[RA] set reads 0x800BC26E (mapped)
[RA] set reads 0x800BC192 (mapped)
[RA] set reads 0x800B2214 (mapped)
[RA] set reads 0x800BC6A8 (mapped)
[RA] achievement read of unmapped PSX address 0x800BCD6C - needs a translation entry
[RA] achievement read of unmapped PSX address 0x800C168C - needs a translation entry
[RA] achievement read of unmapped PSX address 0x800C0C7C - needs a translation entry
[RA] achievement read of unmapped PSX address 0x800C125C - needs a translation entry
[RA] achievement read of unmapped PSX address 0x800C6F2D - needs a translation entry
[RA] achievement read of unmapped PSX address 0x800C651D - needs a translation entry
[RA] achievement read of unmapped PSX address 0x800C6AFD - needs a translation entry
[RA] achievement read of unmapped PSX address 0x800C4476 - needs a translation entry
[RA] matched game 11252 "Silent Hill"
[RA] worklist UNMAPPED 0x800BCD6C (memsize=0)
[RA] worklist UNMAPPED 0x800C168C (memsize=1)
[RA] worklist UNMAPPED 0x800C0C7C (memsize=1)
[RA] worklist UNMAPPED 0x800C125C (memsize=1)
[RA] worklist UNMAPPED 0x800C6F2D (memsize=0)
[RA] worklist UNMAPPED 0x800C651D (memsize=0)
[RA] worklist UNMAPPED 0x800C6AFD (memsize=0)
[RA] worklist UNMAPPED 0x800C4476 (memsize=1)
[RA] worklist UNMAPPED 0x800C4472 (memsize=0)
[RA] worklist UNMAPPED 0x800C4470 (memsize=0)
[RA] worklist: 352 memrefs total, 10 unserved, 10 distinct-unmapped listed
[RA] culprit: achiev id=83576 'Wounds That Won't Heal' reads unmapped 0x800BCD6C
[RA] culprit: achiev id=86517 'What Is Keeping That Child Alive?' reads unmapped 0x800C168C
[RA] culprit: achiev id=86517 'What Is Keeping That Child Alive?' reads unmapped 0x800C0C7C
[RA] culprit: achiev id=86517 'What Is Keeping That Child Alive?' reads unmapped 0x800C125C
[RA] culprit: achiev id=86663 'Scary Harry I' reads unmapped 0x800C6F2D
[RA] culprit: achiev id=86663 'Scary Harry I' reads unmapped 0x800C651D
[RA] culprit: achiev id=86663 'Scary Harry I' reads unmapped 0x800C6AFD
[RA] culprit: achiev id=86664 'Scary Harry II' reads unmapped 0x800C6F2D
[RA] culprit: achiev id=86664 'Scary Harry II' reads unmapped 0x800C651D
[RA] culprit: achiev id=86664 'Scary Harry II' reads unmapped 0x800C6AFD
[RA] culprit: achiev id=86665 'Scary Harry III' reads unmapped 0x800C6F2D
[RA] culprit: achiev id=86665 'Scary Harry III' reads unmapped 0x800C651D
[RA] culprit: achiev id=86665 'Scary Harry III' reads unmapped 0x800C6AFD
[RA] culprit: achiev id=86666 'Scary Harry IV' reads unmapped 0x800C6F2D
[RA] culprit: achiev id=86666 'Scary Harry IV' reads unmapped 0x800C651D
[RA] culprit: achiev id=86666 'Scary Harry IV' reads unmapped 0x800C6AFD
[RA] culprit: achiev id=86667 'Scary Harry V' reads unmapped 0x800C6F2D
[RA] culprit: achiev id=86667 'Scary Harry V' reads unmapped 0x800C651D
[RA] culprit: achiev id=86667 'Scary Harry V' reads unmapped 0x800C6AFD
[RA] culprit: achiev id=86668 'Scary Harry VI' reads unmapped 0x800C6F2D
[RA] culprit: achiev id=86668 'Scary Harry VI' reads unmapped 0x800C651D
[RA] culprit: achiev id=86668 'Scary Harry VI' reads unmapped 0x800C6AFD
[RA] culprit: achiev id=86422 'Harry the Swift' reads unmapped 0x800C4476
[RA] culprit: achiev id=86422 'Harry the Swift' reads unmapped 0x800C4472
[RA] culprit: achiev id=86423 'Daring Harry' reads unmapped 0x800C4470
[RA] culprit: achiev id=86427 'Harry the Best' reads unmapped 0x800C4472
[RA] culprit: achiev id=86427 'Harry the Best' reads unmapped 0x800C4470
[RA] trace 84008: not in runtime (already unlocked?)
[RA] ach lock id=84002 5p 'Keys for Eclipse'
[RA] ach lock id=84005 5p 'Old Man's Hand'
[RA] ach lock id=84007 5p 'Broken Notes'
[RA] ach lock id=85474 5p 'Harry in Wonderland'
[RA] ach lock id=85476 5p 'Loneliness'
[RA] ach lock id=86028 5p 'Sand Castles'
[RA] ach lock id=86080 10p 'I'll Kill You'
[RA] ach lock id=86340 5p 'Eww Eww Eww'
[RA] ach lock id=86506 10p 'Paging Dr. Kaufmann'
[RA] ach lock id=86341 5p 'Our Little Secret'
[RA] ach lock id=86342 10p 'Pour Some Sugar On Me, Baby'
[RA] ach lock id=86343 10p 'Merry-Go-Down'
[RA] ach lock id=86344 5p 'Grim Reaper's List'
[RA] ach lock id=86345 5p 'The Stone of Time'
[RA] ach lock id=83576 10p 'Wounds That Won't Heal'
[RA] ach lock id=86347 5p 'Illuminating the Darkness'
[RA] ach lock id=86517 10p 'What Is Keeping That Child Alive?'
[RA] ach lock id=86348 3p 'What's Going On with That Refrigerator?'
[RA] ach lock id=86428 10p 'My Heaven'
[RA] ach lock id=86518 10p 'Awakening'
[RA] ach lock id=86503 10p 'The Archer and the Beast'
[RA] ach lock id=86504 10p 'The Pit of Calamity'
[RA] ach lock id=86505 10p 'Erratic'
[RA] ach lock id=86513 10p 'Sifod'
[RA] ach lock id=86519 10p 'Thank You...'
[RA] ach lock id=86023 5p 'Target Practice'
[RA] ach lock id=86022 10p 'Triggered'
[RA] ach lock id=86024 25p 'Gun Control: Alessa's New Nightmare'
[RA] ach lock id=86026 10p 'Fa-fa-fa-fa, Fa-fa-fa-fa-fa, Fa, Better'
[RA] ach lock id=86027 25p 'Hammerin' Harry'
[RA] ach lock id=86346 10p 'Doomsday Prepper'
[RA] ach lock id=86349 10p 'Drillin' Like a Villain'
[RA] ach lock id=84003 10p 'Harry the Weeb'
[RA] ach lock id=84004 10p 'Silent Hill Chainsaw Massacre'
[RA] ach lock id=86520 10p 'A Gift from Outer Space'
[RA] ach lock id=86507 10p 'Like the Back of My Hand I'
[RA] ach lock id=86508 10p 'Like the Back of My Hand II'
[RA] ach lock id=86509 10p 'Like the Back of My Hand III'
[RA] ach lock id=86510 10p 'Like the Back of My Hand IV'
[RA] ach lock id=86516 5p 'Like the Back of My Hand V'
[RA] ach lock id=86663 5p 'Scary Harry I'
[RA] ach lock id=86664 10p 'Scary Harry II'
[RA] ach lock id=86665 10p 'Scary Harry III'
[RA] ach lock id=86666 10p 'Scary Harry IV'
[RA] ach lock id=86667 10p 'Scary Harry V'
[RA] ach lock id=86668 10p 'Scary Harry VI'
[RA] ach lock id=86422 25p 'Harry the Swift'
[RA] ach lock id=86423 25p 'Daring Harry'
[RA] ach lock id=86424 5p 'Harry the Okay'
[RA] ach lock id=86425 10p 'Harry the Good'
[RA] ach lock id=86426 25p 'Harry the Great'
[RA] ach lock id=86427 50p 'Harry the Best'
[RA] ach lock id=86662 5p 'That Light...'
[RA] ach lock id=86502 5p 'UFO Sighting I'
[RA] ach lock id=86511 5p 'UFO Sighting II'
[RA] ach lock id=86512 5p 'UFO Sighting III'
[RA] ach lock id=86514 5p 'UFO Sighting IV'
[RA] ach lock id=86515 5p 'UFO Sighting V'
[RA] ach lock id=86429 25p 'Tears of...'
[RA] ach lock id=86430 10p 'Killing Time'
[RA] ach lock id=86431 10p 'She'
[RA] ach lock id=86432 10p 'Esperandote'
[RA] ach lock id=86433 10p 'Ayyy'
[RA] ach UNLK id=101000001 0p 'Warning: Unknown Emulator'
[RA] ach UNLK id=86483 3p 'What a Nightmare...'
[RA] ach UNLK id=84008 10p 'Who's Afraid of a Reptile?'
[RA] ach UNLK id=86025 5p 'Knife to Meet You'
[RA] roster: 63 locked, 4 unlocked (67 total)
RetroAchievements: 3/66 (18 pts)
[MCFSM] state=1 step=2 (was 1/0 after 0 f)
[MCFSM] state=0 step=0 (was 1/2 after 0 f)
[MCFSM] state=1 step=0 (was 0/0 after 0 f)
[MCRD] card_info chan=0 -> IOE (n=2)
[MCFSM] state=1 step=2 (was 1/0 after 0 f)
[MCFSM] state=2 step=0 (was 1/2 after 0 f)
[MCRD] card_clear chan=0 -> IOE (n=1)
[MCFSM] state=2 step=2 (was 2/0 after 0 f)
[MCFSM] state=3 step=0 (was 2/2 after 0 f)
[MCRD] card_load chan=0 -> IOE (n=1)
[MCFSM] state=3 step=2 (was 3/0 after 0 f)
[MCFSM] state=4 step=0 (was 3/2 after 0 f)
[MCRD] dir scan chan=0 (n=1)
[MCFSM] state=0 step=0 (was 4/0 after 0 f)
[MCFSM] state=6 step=0 (was 0/0 after 0 f)
[MCRD] open 'bu00:BASLUS-00707SILENT00' flags=0x8001 -> h=1 dir=1 size=8192
[MCFSM] state=7 step=0 (was 6/0 after 0 f)
[MCFSM] state=7 step=2 (was 7/0 after 0 f)
[MCRD] read h=1 dir=1 ofs=512 len=256 ok
[LOOSE/INIT] allow_loose_files=0  base=gamedata/load/  verbose=no
[MCFSM] state=7 step=3 (was 7/2 after 0 f)
[MCFSM] state=0 step=0 (was 7/3 after 0 f)
[BOOT0/TIM] PostLoadTim file=6 'FONT16.TIM' ss=0x287 img.u=0 img.v=240 tPage=0,16 clutX=304 clutY=511
[BOOT0/TIM] post ReadTIM: prect=0xfac754 caddr=0xfac730 paddr=0xfac75c mode=8
[BOOT0/TIM] pre pixel LoadImage rect=(0,496 256x16)
[FONTCLOB] Load x=0 y=496 w=256 h=16
[BOOT0/TIM] pre CLUT LoadImage rect=(304,511 16x1)
[BOOT0/TIM] PostLoadTim done
[MCFSM] state=1 step=0 (was 0/0 after 0 f)
[MCRD] card_info chan=1 -> IOE (n=3)
[MCFSM] state=1 step=2 (was 1/0 after 0 f)
[BOOT0/TIM] PostLoadTim file=8 'KONAMI.TIM' ss=0x28e img.u=0 img.v=0 tPage=0,12 clutX=0 clutY=0
[BOOT0/TIM] post ReadTIM: prect=0xfac754 caddr=0xfac730 paddr=0xfac75c mode=8
[BOOT0/TIM] pre pixel LoadImage rect=(768,0 96x384)
[BOOT0/TIM] pre CLUT LoadImage rect=(0,0 16x1)
[BOOT0/TIM] PostLoadTim done
[MCFSM] state=0 step=0 (was 1/2 after 0 f)
[MCFSM] state=1 step=0 (was 0/0 after 0 f)
[MCRD] card_info chan=1 -> IOE (n=4)
[MCFSM] state=1 step=2 (was 1/0 after 0 f)
[MCFSM] state=2 step=0 (was 1/2 after 0 f)
[MCRD] card_clear chan=1 -> IOE (n=2)
[MCFSM] state=2 step=2 (was 2/0 after 0 f)
[MCFSM] state=3 step=0 (was 2/2 after 0 f)
[MCRD] card_load chan=1 -> IOE (n=2)
[MCFSM] state=3 step=2 (was 3/0 after 0 f)
[MCFSM] state=4 step=0 (was 3/2 after 0 f)
[MCRD] dir scan chan=1 (n=2)
[SH-XBOX] GameState -> 1 (step 0)
[MCFSM] state=0 step=0 (was 4/0 after 0 f)
[VRAM] texture cache: 36/96 slots (256KB each), free=8432KB after
[VRAM] cache capped by 8MB heap reserve (expect decode thrash)
[VRAM] cache grew to 37 slots (free=8176KB)
[MCFSM] state=1 step=0 (was 0/0 after 0 f)
[MCRD] card_info chan=2 -> IOE (n=5)
[MCFSM] state=1 step=2 (was 1/0 after 0 f)
[BOOT0/TIM] PostLoadTim file=9 'KONAMI2.TIM' ss=0x2b3 img.u=0 img.v=0 tPage=0,14 clutX=0 clutY=1
[BOOT0/TIM] post ReadTIM: prect=0xfac754 caddr=0xfac730 paddr=0xfac75c mode=8
[BOOT0/TIM] pre pixel LoadImage rect=(896,0 104x160)
[BOOT0/TIM] pre CLUT LoadImage rect=(0,1 16x1)
[BOOT0/TIM] PostLoadTim done
[MCFSM] state=0 step=0 (was 1/2 after 0 f)
[MCFSM] state=1 step=0 (was 0/0 after 0 f)
[MCRD] card_info chan=2 -> IOE (n=6)
[MCFSM] state=1 step=2 (was 1/0 after 0 f)
[MCFSM] state=2 step=0 (was 1/2 after 0 f)
[MCRD] card_clear chan=2 -> IOE (n=3)
[MCFSM] state=2 step=2 (was 2/0 after 0 f)
[MCFSM] state=3 step=0 (was 2/2 after 0 f)
[MCRD] card_load chan=2 -> IOE (n=3)
[MCFSM] state=3 step=2 (was 3/0 after 0 f)
[MCFSM] state=4 step=0 (was 3/2 after 0 f)
[MCRD] dir scan chan=2 (n=3)
[MCFSM] state=0 step=0 (was 4/0 after 0 f)
[BOOT0/TIM] PostLoadTim file=1423 'HERO.TIM' ss=0x5a6a img.u=0 img.v=0 tPage=0,27 clutX=736 clutY=480
[BOOT0/TIM] post ReadTIM: prect=0xfac914 caddr=0xfac730 paddr=0xfac91c mode=8
[BOOT0/TIM] pre pixel LoadImage rect=(704,256 64x192)
[BOOT0/TIM] pre CLUT LoadImage rect=(736,480 16x15)
[BOOT0/TIM] PostLoadTim done
[MCFSM] state=1 step=0 (was 0/0 after 0 f)
[MCRD] card_info chan=3 -> IOE (n=7)
[MCFSM] state=1 step=2 (was 1/0 after 0 f)
[MCFSM] state=0 step=0 (was 1/2 after 0 f)
[MCFSM] state=1 step=0 (was 0/0 after 0 f)
[MCRD] card_info chan=3 -> IOE (n=8)
[MCFSM] state=1 step=2 (was 1/0 after 0 f)
[MCFSM] state=2 step=0 (was 1/2 after 0 f)
[MCRD] card_clear chan=3 -> IOE (n=4)
[MCFSM] state=2 step=2 (was 2/0 after 0 f)
[MCFSM] state=3 step=0 (was 2/2 after 0 f)
[MCRD] card_load chan=3 -> IOE (n=4)
[MCFSM] state=3 step=2 (was 3/0 after 0 f)
[BOOT0/TIM] PostLoadTim file=1802 'BLD.TIM' ss=0x795b img.u=0 img.v=0 tPage=0,11 clutX=304 clutY=0
[BOOT0/TIM] post ReadTIM: prect=0xfb7134 caddr=0xfb6f30 paddr=0xfb713c mode=8
[BOOT0/TIM] pre pixel LoadImage rect=(704,0 64x256)
[BOOT0/TIM] pre CLUT LoadImage rect=(304,0 16x16)
[BOOT0/TIM] PostLoadTim done
[MCFSM] state=4 step=0 (was 3/2 after 0 f)
[MCRD] dir scan chan=3 (n=4)
[MCFSM] state=0 step=0 (was 4/0 after 0 f)
[MCFSM] state=1 step=0 (was 0/0 after 0 f)
[MCRD] card_info chan=16 -> IOE (n=9)
[MCFSM] state=1 step=2 (was 1/0 after 0 f)
[MCFSM] state=0 step=0 (was 1/2 after 0 f)
[MCFSM] state=1 step=0 (was 0/0 after 0 f)
[MCRD] card_info chan=16 -> IOE (n=10)
[MCFSM] state=1 step=2 (was 1/0 after 0 f)
[MCFSM] state=2 step=0 (was 1/2 after 0 f)
[MCRD] card_clear chan=16 -> IOE (n=5)
[MCFSM] state=2 step=2 (was 2/0 after 0 f)
[MCFSM] state=3 step=0 (was 2/2 after 0 f)
[MCRD] card_load chan=16 -> IOE (n=5)
[MCFSM] state=3 step=2 (was 3/0 after 0 f)
[MCFSM] state=4 step=0 (was 3/2 after 0 f)
[MCRD] dir scan chan=8 (n=5)
[MCRD] open 'bu10:BASLUS-00707SILENT00' flags=0x8001 -> h=1 dir=1 size=8192
[MCRD] read h=1 dir=1 ofs=512 len=256 ok
[MCRD] card_info chan=17 -> IOE (n=11)
[MCRD] card_info chan=17 -> IOE (n=12)
[MCRD] card_clear chan=17 -> IOE (n=6)
[MCRD] card_load chan=17 -> IOE (n=6)
[MCRD] dir scan chan=9 (n=6)
[MCRD] card_info chan=18 -> IOE (n=13)
[MCRD] card_info chan=18 -> IOE (n=14)
[MCRD] card_clear chan=18 -> IOE (n=7)
[MCRD] card_load chan=18 -> IOE (n=7)
[MCRD] dir scan chan=10 (n=7)
[MCRD] card_info chan=19 -> IOE (n=15)
[MCRD] card_info chan=19 -> IOE (n=16)
[MCRD] card_clear chan=19 -> IOE (n=8)
[MCRD] card_load chan=19 -> IOE (n=8)
[MCRD] dir scan chan=11 (n=8)
[FT] avgMs=28 worstMs=547 swapWait=1ms flushMs=0ms draws=4 decodes=4 decMs=3
[FT] avgMs=16 worstMs=41 swapWait=0ms flushMs=0ms draws=6 decodes=0 decMs=0
[FT] avgMs=16 worstMs=43 swapWait=0ms flushMs=0ms draws=5 decodes=0 decMs=0
[FT] avgMs=16 worstMs=44 swapWait=0ms flushMs=0ms draws=6 decodes=0 decMs=0
[FT] avgMs=16 worstMs=45 swapWait=0ms flushMs=0ms draws=6 decodes=0 decMs=0
[SH-XBOX] vblank 600
[MEM] tick: free=7400KB (1850 pages)
[SH-XBOX] GameState -> 2 (step 0)
[BOOT0/TIM] PostLoadTim file=1799 'BG_ETC.TIM' ss=0x7906 img.u=0 img.v=0 tPage=0,12 clutX=192 clutY=0
[BOOT0/TIM] post ReadTIM: prect=0xfac894 caddr=0xfac730 paddr=0xfac89c mode=8
[BOOT0/TIM] pre pixel LoadImage rect=(768,0 32x256)
[BOOT0/TIM] pre CLUT LoadImage rect=(192,0 16x11)
[BOOT0/TIM] PostLoadTim done
[FT] avgMs=18 worstMs=134 swapWait=0ms flushMs=0ms draws=5 decodes=2 decMs=2
[FT] avgMs=16 worstMs=18 swapWait=0ms flushMs=0ms draws=4 decodes=0 decMs=0
[MCRD] card_info chan=19 -> IOE (n=256)
[FT] avgMs=17 worstMs=50 swapWait=0ms flushMs=0ms draws=4 decodes=0 decMs=0
[MCRD] open 'bu00:BASLUS-00707SILENT00' flags=0x8001 -> h=1 dir=1 size=8192
[MCRD] read h=1 dir=1 ofs=768 len=128 ok
[FT] avgMs=17 worstMs=66 swapWait=0ms flushMs=0ms draws=3 decodes=0 decMs=0
[FT] avgMs=16 worstMs=52 swapWait=0ms flushMs=0ms draws=4 decodes=0 decMs=0
[SH-XBOX] vblank 1200
[MEM] tick: free=6888KB (1722 pages)
[FT] avgMs=17 worstMs=52 swapWait=0ms flushMs=0ms draws=4 decodes=0 decMs=0
[BOOT0/TIM] PostLoadTim file=1980 'TITLE_E.TIM' ss=0x90b7 img.u=32 img.v=0 tPage=1,13 clutX=224 clutY=15
[BOOT0/TIM] post ReadTIM: prect=0xf7c934 caddr=0xf7c730 paddr=0xf7c93c mode=9
[BOOT0/TIM] pre pixel LoadImage rect=(864,0 160x480)
[BOOT0/TIM] pre CLUT LoadImage rect=(224,15 256x1)
[BOOT0/TIM] PostLoadTim done
[SH-XBOX] GameState -> 6 (step 0)
[SH] open_main: playing FMV (file=2053 frames=0)
[FMV] no avi for C1_20670 (checked D:\fmv, D:\gamedata\fmv) -> MDEC
[FMV] start C1_20670 file_idx=2053 base=133127 sectors=20670 maxFrames=0 (15fps)
[XA] fmv stream open: 37800Hz stereo coding=0x01
[FMV] video 320x208, 9 sectors/frame
[mdec] hdr n_bytes=5776 first8=06 e0 38 00 00 01 00 02 qscale=1 version=2 ctx=320x208
[mdec] hdr n_bytes=5776 first8=06 e0 38 00 00 01 00 02 qscale=1 version=2 ctx=320x208
[mdec] hdr n_bytes=5776 first8=06 e0 38 00 00 01 00 02 qscale=1 version=2 ctx=320x208
[FT] avgMs=39 worstMs=219 swapWait=0ms flushMs=0ms draws=0 decodes=2 decMs=0
[FT] avgMs=38 worstMs=96 swapWait=0ms flushMs=0ms draws=1 decodes=0 decMs=0
[FMV] frame=150 dropped=3 fails=0 ring=1792 fed=187
[FT] avgMs=40 worstMs=149 swapWait=0ms flushMs=0ms draws=1 decodes=0 decMs=0
[FT] avgMs=39 worstMs=124 swapWait=0ms flushMs=0ms draws=1 decodes=0 decMs=0
[SH-XBOX] vblank 1800
[MEM] tick: free=5600KB (1400 pages)
[FMV] frame=300 dropped=5 fails=0 ring=1123 fed=374
[FMV] skipped at frame 304
[XA] fmv stream end: 379 sectors fed, 1059 ring frames discarded
[FMV] end C1_20670: 304 frames (5 dropped, 0 decode fails, 511 presents)
[SH] open_main: FMV_Play returned
[SH-XBOX] GameState -> 7 (step 0)
[BOOT-STEP] GameStartup step=0 qlen=0
[TRANSITION] GameStartup step=0: processFlags=0x20 (BootDemo) sizeof(s_WorldGfxWork)=11708
[FONTDUMP] MENU tpage=16 words=0..63 (21 glyphs, 6 cols each)
[FONTDUMP] MENU  0|#...........#..........................................##..........##....##......#...###....##...###...###...##...............
[FONTDUMP] MENU  1|##.....##....#....................................#....###....##...###...###.....#...####..###...####..###...###..............
[FONTDUMP] MENU  2|##.....#.....#....................................#....#.#....##..####..##.#....##...###...##...#####..#.##.##.#..............
[FONTDUMP] MENU  3|.#.....#.....#............#......................##...##.##..###.....##....#....##...##....#........#..#.##.##.##.............
[FONTDUMP] MENU  4|.#.....#.....#............#......................#....##.##...##.....##...##...###..###...###......##..###..##.##.#.....#.....
[FONTDUMP] MENU  5|......##.....##...#####...#......................#....##.##...##.....##...##...###...###..####.....#....##..##.##.##....##....
[FONTDUMP] MENU  6|......##.....##....####...#......................#....##.##...##.....#....##..##.#.....#..##.#.....#...###...#.##..#.....#....
[FONTDUMP] MENU  7|......##.....##.........#####........###.........#....##.##...##....##.....##.####.....#..##.##....#...###...####.............
[FONTDUMP] MENU  8|......##.....##..........####........####........#....##.##...##....#......##..####....#..##.##...##...#.##...###.............
[FONTDUMP] MENU  9|......##.....##...#####...#.....................##.....#.##...##...##...#..##....#..#..#..##.##...#....#.##....#..............
[FONTDUMP] MENU 10|.......#.....##....####...#...#...........#.....#......#.#....##...####.##.##....#..##.#...#.##...#....#.##...##..#.....#.....
[FONTDUMP] MENU 11|.......#.....#............#...##..........##....#......###...###..#####..###.....#...###...###....#....####..###..##....##....
[FONTDUMP] MENU 12|.......#.....#.................#...........#............##....###..###...###.....#...##.....##....#.....##...##....#.....#....
[FONTDUMP] MENU 13|.......#.....#.................#.........................................................................................#....
[FONTDUMP] MENU 14|........#...##................##........................................................................................##....
[FONTDUMP] MENU 15|........#.....................................................................................................................
[FONTDUMP] MENU tpage=17 words=64..127 (21 glyphs, 6 cols each)
[FONTDUMP] MENU  0|...................##......#........####....##.#####..#####.#####...##..##..##.##....###..##.##.##....##..####..##..##..###...
[FONTDUMP] MENU  1|..................###......#.....#...####..#####.####..####..####..#####.##.##..##....##...##.##.##....#..##.#...#.####..###..
[FONTDUMP] MENU  2|..................####.....#....##...#..#..##..#.#..#..#..#..#..#..##.##.#..##..#.....##...#.##..#.....#..##.##..#.##.#..#..#.
[FONTDUMP] MENU  3|...................###.....#....##...#..##.#...#.#..##.#.....#.....#...#.#..##..#.....##...#.#...#.....#.###.##..#.#..##.#..#.
[FONTDUMP] MENU  4|...#........#.......##....##....##...#..####.....#...#.#.....#....##...#.#..##..#.....##...###...#.....#####.##..###...#.#..#.
[FONTDUMP] MENU  5|..###........#......##..######..###..####.##.....#...#.####..####.##..##.#####..#.....##...##....#.....#####.###.###...#.#.##.
[FONTDUMP] MENU  6|.###.........##.....#....#####.##.#..####.##.....#...#.####..####.##..##.#####..#.....##...##....#.....#####.#.#.###...#.####.
[FONTDUMP] MENU  7|###...######..##...##....####..####..#..#.##.....#...#.#..#..#..#.##..##.#..##..#.....##...##....#.....#####.#.#####...#.###..
[FONTDUMP] MENU  8|.#.....#####..###..#......###..####..#..##.#.....#..##.#.....#.....#..##.#..##..#.....##...#.#...#.....#####.#..##.#..##.#....
[FONTDUMP] MENU  9|.##..........###..........###..#..#..#..##.#...#.#..##.#..#..#.....#..##.#..##..#...#.##...#.#...#..##.#####.#..##.#..##.#....
[FONTDUMP] MENU 10|..##........###....#.....####.##..##.#..##.#...#.#..##.#..#..#.....#..##.#..##..#...####...#..#..#..##.#.###.#..##.#..##.#....
[FONTDUMP] MENU 11|...##........#.....##....##.#.#...#######...#########.#####.###.....###.##..##.##....###..##.###########.#####...#..###.##....
[FONTDUMP] MENU 12|....................#....#...#.#..##.###....###..###...####..##.....###..##.##..##...##....##.##.####..#.###.#...#..##...##...
[FONTDUMP] MENU 13|..............................................................................................................................
[FONTDUMP] MENU 14|..............................................................................................................................
[FONTDUMP] MENU 15|..............................................................................................................................
[FONTDUMP] MENU tpage=18 words=128..191 (21 glyphs, 6 cols each)
[FONTDUMP] MENU  0|..##..###....##...#####.##..####..##########..#.##..#.#####...#....#....#.#.....##........#............#.............#........
[FONTDUMP] MENU  1|.####..###...####.######.##..####..#####.#.##.##.##.###########....#....###.....##........#...........##............##........
[FONTDUMP] MENU  2|.##.#..#..#.##.##.####.#.#...#.#...#####.#.##.#..##.#.##.##.###....#.....##.....###.......##...........#.............#........
[FONTDUMP] MENU  3|.#..##.#..#.##..#...##.#.#...#.##.##.###.#.####..##.#....##.###....#....###.....###.......##...........#.............#........
[FONTDUMP] MENU  4|##...#.#..#.##..#...##...#...#.##.#..#####..##....###....##..##....#......#.....##.........#.....##....##....##....#.#...##...
[FONTDUMP] MENU  5|##...#.#.##..##.....##...#...#.##.#..####...##....##....##.........#...........#####............###....###...###...###...##...
[FONTDUMP] MENU  6|##...#.####..###....##...#...#..#.#..####...##....##....##.........#...........#####............####...###..##.#..##.#..##.#..
[FONTDUMP] MENU  7|##...#.###....##....##...#...#..###..####...##....##....##.........#..........######.............###...#.##.##.#..##.#..####..
[FONTDUMP] MENU  8|.#..##.#.#..#..##...##...#...#..##...####..###....##...##..........#..........##.##..............###...#.##.##....##.#..####..
[FONTDUMP] MENU  9|.#..##.#.#..#..##...##...#..##..##...####..#.##...##...##.....................##.###............####...#.##.##.#..##.#..##.#..
[FONTDUMP] MENU 10|.#..##.#..#.##.##...##...##.##...#....#.#..#..#...##...##.##.......#..........##.###............####...#.##..#.#...###...###..
[FONTDUMP] MENU 11|..###.###.######....##....###....#....#.#.##.##...##..######.......#...........#####.............####..###...###...###...###..
[FONTDUMP] MENU 12|...#...##..#..##....##....###....#....#.#..#..##..##...#####.......#...........##.##.............#.#....##....##....#.....#...
[FONTDUMP] MENU 13|...#..........................................................................................................................
[FONTDUMP] MENU 14|....#.........................................................................................................................
[FONTDUMP] MENU 15|....##........................................................................................................................
[FONTDUMP] MENU tpage=19 words=192..255 (21 glyphs, 6 cols each)
[FONTDUMP] MENU  0|.##..........#.....#.....#.....#.....#........................................................................................
[FONTDUMP] MENU  1|.##.........##.....#.....#....##....##........................................................................................
[FONTDUMP] MENU  2|.#.#.........#.....#.....#.....#.....#...............................................#........................................
[FONTDUMP] MENU  3|.#...........#.................#.....#...............................................#........................................
[FONTDUMP] MENU  4|###....####..###...#.....#.....###...#......#.#..###...##....##....###....#....##...##....##.#..##.##.########.#..##.##.###...
[FONTDUMP] MENU  5|.##....####..###..##....##.....####..#....##########...###..####...###..####..###....##....#.##..##.#..###.#.####..##.#.####..
[FONTDUMP] MENU  6|.#.....#.##..####..#.....#.....###...#.....#.#.#.####.##.#...###..##.#...#.#..##.#...#.....#.##..####..#.#.#.#.#...#..#...##..
[FONTDUMP] MENU  7|.#.....#.##..#.##..#.....#.....##....#.....#.#.#.#.##.##.##..#.##.##.#...#.....#.#...#.....#.##..###...#####..##...####..##...
[FONTDUMP] MENU  8|.#.....#.##..#.##..#.....#.....##....#.....#.#.#.#.##.##.##..#.##.##.#...#.....##....#.....#.##...##...####...#....###...##...
[FONTDUMP] MENU  9|.#.....####..#.##..#.....#.....#.#...#.....#.#.#.#.##.##.##..#.##.##.#...#....#.#....#.....#.##...##...####..##.....##...##...
[FONTDUMP] MENU 10|.#.....###...#.##..#.....#.....#.#...#.....#.#.#.#.##..#.##..####..###...#....#.##...##....#.##...##....#.#..#.#....##..##....
[FONTDUMP] MENU 11|##.....###..##.##.##.....#....##.##.##....########.##..###...###...###..##.....###...##....####...#.....#.#.####....##..####..
[FONTDUMP] MENU 12|.##...####...####..##....#.....####..##....#.#.#.####...##...#.#....##...##....##.....#.....#.#.........#.#..#.##...#....###..
[FONTDUMP] MENU 13|.......#.##..............#...................................#.......#............................................#.#.........
[FONTDUMP] MENU 14|.......###..............##..................................##......##............................................###.........
[FONTDUMP] MENU 15|........##...............#...................................##......##............................................#..........
[BOOT-STEP] GameStartup step=1 qlen=0
[SFX] Sd_PlaySfx: sfxId=1305 (Sfx_Base+25) vol=0
[FT] avgMs=27 worstMs=99 swapWait=0ms flushMs=0ms draws=12 decodes=6 decMs=4
[FT] avgMs=16 worstMs=48 swapWait=0ms flushMs=0ms draws=22 decodes=0 decMs=0
[SFX] Sd_PlaySfx: sfxId=1281 (Sfx_Base+1) vol=0
[BOOT0/TIM] PostLoadTim file=1939 'SAVELOAD.TIM' ss=0x8ced img.u=0 img.v=16 tPage=1,5 clutX=224 clutY=14
[BOOT0/TIM] post ReadTIM: prect=0xfac934 caddr=0xfac730 paddr=0xfac93c mode=9
[BOOT0/TIM] pre pixel LoadImage rect=(320,16 160x240)
[BOOT0/TIM] pre CLUT LoadImage rect=(224,14 256x1)
[BOOT0/TIM] PostLoadTim done
[MCRD] card_info chan=19 -> IOE (n=512)
[FT] avgMs=17 worstMs=53 swapWait=0ms flushMs=0ms draws=22 decodes=0 decMs=0
[SH-XBOX] GameState -> 8 (step 0)
[FT] avgMs=17 worstMs=137 swapWait=0ms flushMs=0ms draws=82 decodes=4 decMs=2
[SH-XBOX] vblank 2400
[MEM] tick: free=4320KB (1080 pages)
[FT] avgMs=16 worstMs=45 swapWait=0ms flushMs=0ms draws=88 decodes=0 decMs=0
[SFX] Sd_PlaySfx: sfxId=1307 (Sfx_Base+27) vol=0
[MCRD] open 'bu00:BASLUS-00707SILENT00' flags=0x8001 -> h=1 dir=1 size=8192
[MCRD] read h=1 dir=1 ofs=896 len=640 ok
[MCRD] open 'bu00:BASLUS-00707SILENT00' flags=0x8001 -> h=1 dir=1 size=8192
[MCRD] read h=1 dir=1 ofs=768 len=128 ok
[CHARA-TEX] charaId=1 matCount=1 modelCount=23
[CHARA-TEX] mat[0] name='HERO' field_C=1 E=0x3b F=0x3b clut=0x782e UV=0x0000 tex=0
[CHARA-TEX] prim0: f0=0x135b(UV0) f2=0x7a6e(clut) f4=0x1651(UV1) f6=0x003b(tpage) f8=0x1251(UV2) fA=0x0000(UV3)
[CHARA-TEX] texDesc: tPage=[0,27] u=0 v=0 clutXY=(736,480)
[AUTO-EQUIP-CHECK] mapIdx=1 processFlags=0x8 inventorySlotCount=8 equippedWeapon=0
[MAP-LOAD] GameBoot_MapLoad mapIdx=1 (map0_s01) fileIdx=1996 linked=1 procFlags=0x8
[MAP-LOAD] MapRegistry_Load(1)=map0_s01 linked=1 header=00596af0
[MEM] after map-load: free=4320KB (1080 pages)
[LANG] USA disc-patch skipped on Xbox (compiled text kept)
[BOOT0/TIM] PostLoadTim file=1849 'GLASS.TIM' ss=0x7ec3 img.u=0 img.v=0 tPage=0,13 clutX=224 clutY=0
[BOOT0/TIM] post ReadTIM: prect=0xfbe754 caddr=0xfbe730 paddr=0xfbe75c mode=8
[BOOT0/TIM] pre pixel LoadImage rect=(832,0 16x64)
[BOOT0/TIM] pre CLUT LoadImage rect=(224,0 16x1)
[BOOT0/TIM] PostLoadTim done
[SH-XBOX] GameState -> 10 (step 0)
[BOOT-STEP] GameStartup step=0 qlen=0
[TRANSITION] GameStartup step=0: processFlags=0x8 (LoadSave) sizeof(s_WorldGfxWork)=11708
[BOOT-STEP] GameStartup step=3 qlen=0
[BOOT-STEP] GameStartup step=4 qlen=0
[BOOT-STEP] GameStartup step=5 qlen=0
[BOOT-STEP] GameStartup step=7 qlen=0
[TRANSITION] GameStartup step=7: processFlags=0x8 playerPos=(18814,819,1088367) func_80039F90=0x0
[IPD-INIT] Ipd_MapFileInfoSet: mapTag='THR' activeIpdCount=4 isExterior=1 plmIdx=1370 ipdFileIdx=0 textureFileIdx=0 curSize=0 willRebuildGrid=1
[MEM] after chunk-buffers: free=2784KB (696 pages)
[TRANSITION] GameStartup step=7 post-init: playerPos=(18814,819,1088367) mapTag='THR'
[BOOT-STEP] GameStartup step=8 qlen=8
[BOOT0/TIM] PostLoadTim file=1073 'THR0001F.TIM' ss=0x45d8 img.u=0 img.v=0 tPage=0,8 clutX=0 clutY=0
[BOOT0/TIM] post ReadTIM: prect=0xfb67f4 caddr=0xfb6730 paddr=0xfb67fc mode=8
[BOOT0/TIM] pre pixel LoadImage rect=(512,0 64x256)
[BOOT0/TIM] pre CLUT LoadImage rect=(0,0 16x6)
[BOOT0/TIM] PostLoadTim done
[POOLSTOMP] upload (512,0 64x256) hits PINNED pool slot 0 'THR0001F' (512,0)
[BOOT0/TIM] PostLoadTim file=1077 'THR0003F.TIM' ss=0x4625 img.u=0 img.v=0 tPage=0,9 clutX=16 clutY=0
[BOOT0/TIM] post ReadTIM: prect=0xfb68f4 caddr=0xfb6730 paddr=0xfb68fc mode=8
[BOOT0/TIM] pre pixel LoadImage rect=(576,0 64x256)
[BOOT0/TIM] pre CLUT LoadImage rect=(16,0 16x14)
[BOOT0/TIM] PostLoadTim done
[POOLSTOMP] upload (576,0 64x256) hits PINNED pool slot 1 'THR0003F' (576,0)
[BOOT0/TIM] PostLoadTim file=1075 'THR0002F.TIM' ss=0x45fe img.u=0 img.v=0 tPage=0,10 clutX=32 clutY=0
[BOOT0/TIM] post ReadTIM: prect=0xfb6874 caddr=0xfb6730 paddr=0xfb687c mode=8
[BOOT0/TIM] pre pixel LoadImage rect=(640,0 64x256)
[BOOT0/TIM] pre CLUT LoadImage rect=(32,0 16x10)
[BOOT0/TIM] PostLoadTim done
[POOLSTOMP] upload (640,0 64x256) hits PINNED pool slot 2 'THR0002F' (640,0)
[BOOT0/TIM] PostLoadTim file=1079 'THR0004F.TIM' ss=0x4644 img.u=0 img.v=0 tPage=0,21 clutX=48 clutY=0
[BOOT0/TIM] post ReadTIM: prect=0xfb6934 caddr=0xfb6730 paddr=0xfb693c mode=8
[BOOT0/TIM] pre pixel LoadImage rect=(320,256 64x256)
[BOOT0/TIM] pre CLUT LoadImage rect=(48,0 16x16)
[BOOT0/TIM] PostLoadTim done
[POOLSTOMP] upload (320,256 64x256) hits PINNED pool slot 3 'THR0004F' (320,256)
[BOOT0/TIM] PostLoadTim file=1269 'THRCF3.TIM' ss=0x51fa img.u=0 img.v=0 tPage=0,22 clutX=64 clutY=0
[BOOT0/TIM] post ReadTIM: prect=0xfb6914 caddr=0xfb6730 paddr=0xfb691c mode=8
[BOOT0/TIM] pre pixel LoadImage rect=(384,256 64x256)
[BOOT0/TIM] pre CLUT LoadImage rect=(64,0 16x15)
[BOOT0/TIM] PostLoadTim done
[POOLSTOMP] upload (384,256 64x256) hits PINNED pool slot 4 'THRCF3' (384,256)
[BOOT0/TIM] PostLoadTim file=1268 'THRCF2.TIM' ss=0x51e9 img.u=0 img.v=0 tPage=0,23 clutX=80 clutY=0
[BOOT0/TIM] post ReadTIM: prect=0xfb6914 caddr=0xfb6730 paddr=0xfb691c mode=8
[BOOT0/TIM] pre pixel LoadImage rect=(448,256 64x256)
[BOOT0/TIM] pre CLUT LoadImage rect=(80,0 16x15)
[BOOT0/TIM] PostLoadTim done
[POOLSTOMP] upload (448,256 64x256) hits PINNED pool slot 5 'THRCF2' (448,256)
[BOOT0/TIM] PostLoadTim file=1270 'THRCF4.TIM' ss=0x520b img.u=0 img.v=0 tPage=0,24 clutX=96 clutY=0
[BOOT0/TIM] post ReadTIM: prect=0xfb67d4 caddr=0xfb6730 paddr=0xfb67dc mode=8
[BOOT0/TIM] pre pixel LoadImage rect=(512,256 64x256)
[BOOT0/TIM] pre CLUT LoadImage rect=(96,0 16x5)
[BOOT0/TIM] PostLoadTim done
[POOLSTOMP] upload (512,256 64x256) hits PINNED pool slot 6 'THRCF4' (512,256)
[BOOT0/TIM] PostLoadTim file=1267 'THRCF1.TIM' ss=0x51d8 img.u=0 img.v=0 tPage=0,25 clutX=112 clutY=0
[BOOT0/TIM] post ReadTIM: prect=0xfb6914 caddr=0xfb6730 paddr=0xfb691c mode=8
[BOOT0/TIM] pre pixel LoadImage rect=(576,256 64x256)
[BOOT0/TIM] pre CLUT LoadImage rect=(112,0 16x15)
[BOOT0/TIM] PostLoadTim done
[POOLSTOMP] upload (576,256 64x256) hits PINNED pool slot 7 'THRCF1' (576,256)
[TEXVRAM] 'THR0001F' tPage=[0,8] clutXY=(0,0) uv=(0,0)
[TEXVRAM] 'THR0003F' tPage=[0,9] clutXY=(16,0) uv=(0,0)
[TEXVRAM] 'THR0002F' tPage=[0,10] clutXY=(32,0) uv=(0,0)
[TEXVRAM] 'THR0004F' tPage=[0,21] clutXY=(48,0) uv=(0,0)
[TEXVRAM] 'THRCF3' tPage=[0,22] clutXY=(64,0) uv=(0,0)
[TEXVRAM] 'THRCF2' tPage=[0,23] clutXY=(80,0) uv=(0,0)
[TEXVRAM] 'THRCF4' tPage=[0,24] clutXY=(96,0) uv=(0,0)
[TEXVRAM] 'THRCF1' tPage=[0,25] clutXY=(112,0) uv=(0,0)
[BOOT-STEP] GameStartup step=9 qlen=0
[BOOT-STEP] GameStartup step=10 qlen=0
[SH_AMB] Sd_AmbientSfxSet idx=3 -> loadCmd=171
[SH_AMB] Sd_VabLoad ambient cmd=171 type=2 dedup=0
[BOOT-STEP] GameStartup step=11 qlen=0
[FT] avgMs=25 worstMs=784 swapWait=1ms flushMs=0ms draws=31 decodes=12 decMs=15
[BOOT0/TIM] PostLoadTim file=1449 'REBIRD.TIM' ss=0x5b2c img.u=0 img.v=0 tPage=0,28 clutX=704 clutY=464
[BOOT0/TIM] post ReadTIM: prect=0xfac7f4 caddr=0xfac730 paddr=0xfac7fc mode=8
[BOOT0/TIM] pre pixel LoadImage rect=(768,256 32x128)
[BOOT0/TIM] pre CLUT LoadImage rect=(704,464 16x6)
[BOOT0/TIM] PostLoadTim done
[CHARA-TEX] charaId=2 matCount=1 modelCount=16
[CHARA-TEX] mat[0] name='REBIRD' field_C=1 E=0x5c F=0x5c clut=0x742c UV=0x0000 tex=0
[CHARA-TEX] prim0: f0=0x2971(UV0) f2=0x74ac(clut) f4=0x1d6a(UV1) f6=0x005c(tpage) f8=0x2077(UV2) fA=0x0000(UV3)
[CHARA-TEX] texDesc: tPage=[0,28] u=0 v=0 clutXY=(704,464)
[MEM] dms-load: free=2784KB (696 pages)
[SFX] Sd_SfxStop: sfxId=1300 (Sfx_Base+20)
[SFX] Sd_SfxStop: sfxId=1302 (Sfx_Base+22)
[SFX] Sd_SfxStop: sfxId=1301 (Sfx_Base+21)
[SFX] Sd_SfxStop: sfxId=1303 (Sfx_Base+23)
[SFX] Sd_SfxStop: sfxId=1321 (Sfx_Base+41)
[SFX] Sd_SfxStop: sfxId=1322 (Sfx_Base+42)
[WOBJ] resolved 'RADIO_HI' lmIdx=3
[WOBJ] resolved 'KNIFE_HI' lmIdx=3
[WOBJ] resolved 'IN1_HIDE' lmIdx=4
[WOBJ] resolved 'IN_BLD1_' lmIdx=4
[WOBJ] resolved 'DRINK_NE' lmIdx=1
[BOOT0/TIM] PostLoadTim file=1505 'TIM00.TIM' ss=0x5dcb img.u=0 img.v=0 tPage=0,15 clutX=176 clutY=0
[BOOT0/TIM] post ReadTIM: prect=0xfac934 caddr=0xfac730 paddr=0xfac93c mode=8
[BOOT0/TIM] pre pixel LoadImage rect=(960,0 64x256)
[BOOT0/TIM] pre CLUT LoadImage rect=(176,0 16x16)
[BOOT0/TIM] PostLoadTim done
[BOOT-STEP] GameStartup step=12 qlen=2
[SH-XBOX] GameState -> 11 (step 0)
[FOGST-GPU] clear=0xff6c6474
[BOOT0/TIM] PostLoadTim file=1514 'TIM07.TIM' ss=0x5e64 img.u=32 img.v=0 tPage=0,13 clutX=240 clutY=0
[BOOT0/TIM] post ReadTIM: prect=0xfac834 caddr=0xfac730 paddr=0xfac83c mode=8
[BOOT0/TIM] pre pixel LoadImage rect=(864,0 32x256)
[BOOT0/TIM] pre CLUT LoadImage rect=(240,0 16x8)
[BOOT0/TIM] PostLoadTim done
[BOOT0/TIM] PostLoadTim file=1509 'TIM02.TIM' ss=0x5e0f img.u=0 img.v=0 tPage=0,14 clutX=160 clutY=0
[BOOT0/TIM] post ReadTIM: prect=0xfac934 caddr=0xfac730 paddr=0xfac93c mode=8
[BOOT0/TIM] pre pixel LoadImage rect=(896,0 64x256)
[BOOT0/TIM] pre CLUT LoadImage rect=(160,0 16x16)
[BOOT0/TIM] PostLoadTim done
[FT] avgMs=19 worstMs=106 swapWait=0ms flushMs=0ms draws=82 decodes=21 decMs=15
[STP] tpage=0x28 clut=0x80 zero=0 stp1=16
[STP] tpage=0x2c clut=0x19f0 zero=12 stp1=4
[STP] tpage=0x2c clut=0x8c zero=8 stp1=0
[STP] tpage=0x28 clut=0x100 zero=0 stp1=16
[STP] tpage=0x38 clut=0xc6 zero=0 stp1=16
[STP] tpage=0x39 clut=0x347 zero=0 stp1=16
[STP] tpage=0x36 clut=0x44 zero=0 stp1=16
[STP] tpage=0x39 clut=0x387 zero=0 stp1=16
[STP] tpage=0x37 clut=0x185 zero=1 stp1=0
[STP] tpage=0x28 clut=0x40 zero=0 stp1=16
[STP] tpage=0x39 clut=0x307 zero=0 stp1=16
[STP] tpage=0x28 clut=0xc0 zero=0 stp1=16
[FT] avgMs=25 worstMs=65 swapWait=1ms flushMs=0ms draws=334 decodes=70 decMs=42
[GP-STATE-TXN] Gameplay -> sysState=10 (param=2)
[SYSSTATE] dispatch sysState=10 mapEventData=0x5968e8
[ITEMPICK] unique-item link: id=0x41 nobj=1 obj=ok
[ITEMPICK] unique-item link: id=0x41 nobj=1 obj=ok
[ITEMPICK] draw SKIPPED: slot=9 reason=scale 0 (arg2=2)
[FREEZE] capture 1280x720 in 164ms
[ITEMZ] tagged=0 hit=0 szmin=1000000000 szmax=-1000000000 otzSpan=0
[TXTPG] drawmode tagcode=0xe1 n=1 w0=0xE1000612 -> curTpage=18
[FONTDUMP] INGAME tpage=16 words=0..63 (21 glyphs, 6 cols each)
[FONTDUMP] INGAME  0|#...........#..........................................##..........##....##......#...###....##...###...###...##...............
[FONTDUMP] INGAME  1|##.....##....#....................................#....###....##...###...###.....#...####..###...####..###...###..............
[FONTDUMP] INGAME  2|##.....#.....#....................................#....#.#....##..####..##.#....##...###...##...#####..#.##.##.#..............
[FONTDUMP] INGAME  3|.#.....#.....#............#......................##...##.##..###.....##....#....##...##....#........#..#.##.##.##.............
[FONTDUMP] INGAME  4|.#.....#.....#............#......................#....##.##...##.....##...##...###..###...###......##..###..##.##.#.....#.....
[FONTDUMP] INGAME  5|......##.....##...#####...#......................#....##.##...##.....##...##...###...###..####.....#....##..##.##.##....##....
[FONTDUMP] INGAME  6|......##.....##....####...#......................#....##.##...##.....#....##..##.#.....#..##.#.....#...###...#.##..#.....#....
[FONTDUMP] INGAME  7|......##.....##.........#####........###.........#....##.##...##....##.....##.####.....#..##.##....#...###...####.............
[FONTDUMP] INGAME  8|......##.....##..........####........####........#....##.##...##....#......##..####....#..##.##...##...#.##...###.............
[FONTDUMP] INGAME  9|......##.....##...#####...#.....................##.....#.##...##...##...#..##....#..#..#..##.##...#....#.##....#..............
[FONTDUMP] INGAME 10|.......#.....##....####...#...#...........#.....#......#.#....##...####.##.##....#..##.#...#.##...#....#.##...##..#.....#.....
[FONTDUMP] INGAME 11|.......#.....#............#...##..........##....#......###...###..#####..###.....#...###...###....#....####..###..##....##....
[FONTDUMP] INGAME 12|.......#.....#.................#...........#............##....###..###...###.....#...##.....##....#.....##...##....#.....#....
[FONTDUMP] INGAME 13|.......#.....#.................#.........................................................................................#....
[FONTDUMP] INGAME 14|........#...##................##........................................................................................##....
[FONTDUMP] INGAME 15|........#.....................................................................................................................
[FONTDUMP] INGAME tpage=17 words=64..127 (21 glyphs, 6 cols each)
[FONTDUMP] INGAME  0|...................##......#........####....##.#####..#####.#####...##..##..##.##....###..##.##.##....##..####..##..##..###...
[FONTDUMP] INGAME  1|..................###......#.....#...####..#####.####..####..####..#####.##.##..##....##...##.##.##....#..##.#...#.####..###..
[FONTDUMP] INGAME  2|..................####.....#....##...#..#..##..#.#..#..#..#..#..#..##.##.#..##..#.....##...#.##..#.....#..##.##..#.##.#..#..#.
[FONTDUMP] INGAME  3|...................###.....#....##...#..##.#...#.#..##.#.....#.....#...#.#..##..#.....##...#.#...#.....#.###.##..#.#..##.#..#.
[FONTDUMP] INGAME  4|...#........#.......##....##....##...#..####.....#...#.#.....#....##...#.#..##..#.....##...###...#.....#####.##..###...#.#..#.
[FONTDUMP] INGAME  5|..###........#......##..######..###..####.##.....#...#.####..####.##..##.#####..#.....##...##....#.....#####.###.###...#.#.##.
[FONTDUMP] INGAME  6|.###.........##.....#....#####.##.#..####.##.....#...#.####..####.##..##.#####..#.....##...##....#.....#####.#.#.###...#.####.
[FONTDUMP] INGAME  7|###...######..##...##....####..####..#..#.##.....#...#.#..#..#..#.##..##.#..##..#.....##...##....#.....#####.#.#####...#.###..
[FONTDUMP] INGAME  8|.#.....#####..###..#......###..####..#..##.#.....#..##.#.....#.....#..##.#..##..#.....##...#.#...#.....#####.#..##.#..##.#....
[FONTDUMP] INGAME  9|.##..........###..........###..#..#..#..##.#...#.#..##.#..#..#.....#..##.#..##..#...#.##...#.#...#..##.#####.#..##.#..##.#....
[FONTDUMP] INGAME 10|..##........###....#.....####.##..##.#..##.#...#.#..##.#..#..#.....#..##.#..##..#...####...#..#..#..##.#.###.#..##.#..##.#....
[FONTDUMP] INGAME 11|...##........#.....##....##.#.#...#######...#########.#####.###.....###.##..##.##....###..##.###########.#####...#..###.##....
[FONTDUMP] INGAME 12|....................#....#...#.#..##.###....###..###...####..##.....###..##.##..##...##....##.##.####..#.###.#...#..##...##...
[FONTDUMP] INGAME 13|..............................................................................................................................
[FONTDUMP] INGAME 14|..............................................................................................................................
[FONTDUMP] INGAME 15|..............................................................................................................................
[FONTDUMP] INGAME tpage=18 words=128..191 (21 glyphs, 6 cols each)
[FONTDUMP] INGAME  0|..##..###....##...#####.##..####..##########..#.##..#.#####...#....#....#.#.....##........#............#.............#........
[FONTDUMP] INGAME  1|.####..###...####.######.##..####..#####.#.##.##.##.###########....#....###.....##........#...........##............##........
[FONTDUMP] INGAME  2|.##.#..#..#.##.##.####.#.#...#.#...#####.#.##.#..##.#.##.##.###....#.....##.....###.......##...........#.............#........
[FONTDUMP] INGAME  3|.#..##.#..#.##..#...##.#.#...#.##.##.###.#.####..##.#....##.###....#....###.....###.......##...........#.............#........
[FONTDUMP] INGAME  4|##...#.#..#.##..#...##...#...#.##.#..#####..##....###....##..##....#......#.....##.........#.....##....##....##....#.#...##...
[FONTDUMP] INGAME  5|##...#.#.##..##.....##...#...#.##.#..####...##....##....##.........#...........#####............###....###...###...###...##...
[FONTDUMP] INGAME  6|##...#.####..###....##...#...#..#.#..####...##....##....##.........#...........#####............####...###..##.#..##.#..##.#..
[FONTDUMP] INGAME  7|##...#.###....##....##...#...#..###..####...##....##....##.........#..........######.............###...#.##.##.#..##.#..####..
[FONTDUMP] INGAME  8|.#..##.#.#..#..##...##...#...#..##...####..###....##...##..........#..........##.##..............###...#.##.##....##.#..####..
[FONTDUMP] INGAME  9|.#..##.#.#..#..##...##...#..##..##...####..#.##...##...##.....................##.###............####...#.##.##.#..##.#..##.#..
[FONTDUMP] INGAME 10|.#..##.#..#.##.##...##...##.##...#....#.#..#..#...##...##.##.......#..........##.###............####...#.##..#.#...###...###..
[FONTDUMP] INGAME 11|..###.###.######....##....###....#....#.#.##.##...##..######.......#...........#####.............####..###...###...###...###..
[FONTDUMP] INGAME 12|...#...##..#..##....##....###....#....#.#..#..##..##...#####.......#...........##.##.............#.#....##....##....#.....#...
[FONTDUMP] INGAME 13|...#..........................................................................................................................
[FONTDUMP] INGAME 14|....#.........................................................................................................................
[FONTDUMP] INGAME 15|....##........................................................................................................................
[FONTDUMP] INGAME tpage=19 words=192..255 (21 glyphs, 6 cols each)
[FONTDUMP] INGAME  0|.##..........#.....#.....#.....#.....#........................................................................................
[FONTDUMP] INGAME  1|.##.........##.....#.....#....##....##........................................................................................
[FONTDUMP] INGAME  2|.#.#.........#.....#.....#.....#.....#...............................................#........................................
[FONTDUMP] INGAME  3|.#...........#.................#.....#...............................................#........................................
[FONTDUMP] INGAME  4|###....####..###...#.....#.....###...#......#.#..###...##....##....###....#....##...##....##.#..##.##.########.#..##.##.###...
[FONTDUMP] INGAME  5|.##....####..###..##....##.....####..#....##########...###..####...###..####..###....##....#.##..##.#..###.#.####..##.#.####..
[FONTDUMP] INGAME  6|.#.....#.##..####..#.....#.....###...#.....#.#.#.####.##.#...###..##.#...#.#..##.#...#.....#.##..####..#.#.#.#.#...#..#...##..
[FONTDUMP] INGAME  7|.#.....#.##..#.##..#.....#.....##....#.....#.#.#.#.##.##.##..#.##.##.#...#.....#.#...#.....#.##..###...#####..##...####..##...
[FONTDUMP] INGAME  8|.#.....#.##..#.##..#.....#.....##....#.....#.#.#.#.##.##.##..#.##.##.#...#.....##....#.....#.##...##...####...#....###...##...
[FONTDUMP] INGAME  9|.#.....####..#.##..#.....#.....#.#...#.....#.#.#.#.##.##.##..#.##.##.#...#....#.#....#.....#.##...##...####..##.....##...##...
[FONTDUMP] INGAME 10|.#.....###...#.##..#.....#.....#.#...#.....#.#.#.#.##..#.##..####..###...#....#.##...##....#.##...##....#.#..#.#....##..##....
[FONTDUMP] INGAME 11|##.....###..##.##.##.....#....##.##.##....########.##..###...###...###..##.....###...##....####...#.....#.#.####....##..####..
[FONTDUMP] INGAME 12|.##...####...####..##....#.....####..##....#.#.#.####...##...#.#....##...##....##.....#.....#.#.........#.#..#.##...#....###..
[FONTDUMP] INGAME 13|.......#.##..............#...................................#.......#............................................#.#.........
[FONTDUMP] INGAME 14|.......###..............##..................................##......##............................................###.........
[FONTDUMP] INGAME 15|........##...............#...................................##......##............................................#..........
[TXSPR] glyph cell= 3 tpage=18 -> idx=45 char='T'
[TXTPG] drawmode tagcode=0xe1 n=1 w0=0xE1000613 -> curTpage=19
[TXSPR] glyph cell= 2 tpage=19 -> idx=65 char='h'
[TXTPG] drawmode tagcode=0xe1 n=1 w0=0xE1000612 -> curTpage=18
[TXSPR] glyph cell= 3 tpage=18 -> idx=45 char='T'
[TXTPG] drawmode tagcode=0xe1 n=1 w0=0xE1000612 -> curTpage=18
[TXSPR] glyph cell=20 tpage=18 -> idx=62 char='e'
[TXTPG] drawmode tagcode=0xe1 n=1 w0=0xE1000613 -> curTpage=19
[TXSPR] glyph cell= 2 tpage=19 -> idx=65 char='h'
[TXTPG] drawmode tagcode=0xe1 n=1 w0=0xE1000612 -> curTpage=18
[TXSPR] glyph cell= 3 tpage=18 -> idx=45 char='T'
[TXTPG] drawmode tagcode=0xe1 n=1 w0=0xE1000612 -> curTpage=18
[TXSPR] glyph cell=20 tpage=18 -> idx=62 char='e'
[TXTPG] drawmode tagcode=0xe1 n=1 w0=0xE1000613 -> curTpage=19
[TXSPR] glyph cell=12 tpage=19 -> idx=75 char='r'
[TXTPG] drawmode tagcode=0xe1 n=1 w0=0xE1000612 -> curTpage=18
[TXSPR] glyph cell=20 tpage=18 -> idx=62 char='e'
[TXTPG] drawmode tagcode=0xe1 n=1 w0=0xE1000613 -> curTpage=19
[TXSPR] glyph cell= 2 tpage=19 -> idx=65 char='h'
[TXTPG] drawmode tagcode=0xe1 n=1 w0=0xE1000612 -> curTpage=18
[TXSPR] glyph cell= 3 tpage=18 -> idx=45 char='T'
[TXTPG] drawmode tagcode=0xe1 n=1 w0=0xE1000613 -> curTpage=19
[TXSPR] glyph cell= 9 tpage=19 -> idx=72 char='o'
[TXTPG] drawmode tagcode=0xe1 n=1 w0=0xE1000611 -> curTpage=17
[TXSPR] glyph cell=18 tpage=17 -> idx=39 char='N'
[TXTPG] drawmode tagcode=0xe1 n=1 w0=0xE1000613 -> curTpage=19
[TXSPR] glyph cell=13 tpage=19 -> idx=76 char='s'
[TXTPG] drawmode tagcode=0xe1 n=1 w0=0xE1000612 -> curTpage=18
[TXSPR] glyph cell=20 tpage=18 -> idx=62 char='e'
[TXTPG] drawmode tagcode=0xe1 n=1 w0=0xE1000612 -> curTpage=18
[TXSPR] glyph cell= 8 tpage=18 -> idx=50 char='Y'
[TXTPG] drawmode tagcode=0xe1 n=1 w0=0xE1000611 -> curTpage=17
[TXSPR] glyph cell= 3 tpage=17 -> idx=24 char='?'
[TXTPG] drawmode tagcode=0xe1 n=1 w0=0xE1000613 -> curTpage=19
[TXSPR] glyph cell=14 tpage=19 -> idx=77 char='t'
[TXTPG] drawmode tagcode=0xe1 n=1 w0=0xE1000613 -> curTpage=19
[TXSPR] glyph cell= 3 tpage=19 -> idx=66 char='i'
[TXTPG] drawmode tagcode=0xe1 n=1 w0=0xE1000612 -> curTpage=18
[TXSPR] glyph cell=20 tpage=18 -> idx=62 char='e'
[TXTPG] drawmode tagcode=0xe1 n=1 w0=0xE1000613 -> curTpage=19
[TXSPR] glyph cell= 5 tpage=19 -> idx=68 char='k'
[TXTPG] drawmode tagcode=0xe1 n=1 w0=0xE1000612 -> curTpage=18
[TXSPR] glyph cell=16 tpage=18 -> idx=58 char='a'
[TXTPG] drawmode tagcode=0xe1 n=1 w0=0xE1000612 -> curTpage=18
[TXSPR] glyph cell= 3 tpage=18 -> idx=45 char='T'
[TXTPG] drawmode tagcode=0xe1 n=1 w0=0xE1000610 -> curTpage=16
[TXSPR] glyph cell= 7 tpage=16 -> idx= 7 char='.'
[TXTPG] drawmode tagcode=0xe1 n=1 w0=0xE1000613 -> curTpage=19
[TXSPR] glyph cell= 5 tpage=19 -> idx=68 char='k'
[TXTPG] drawmode tagcode=0xe1 n=1 w0=0xE1000613 -> curTpage=19
[TXSPR] glyph cell= 8 tpage=19 -> idx=71 char='n'
[TXTPG] drawmode tagcode=0xe1 n=1 w0=0xE1000613 -> curTpage=19
[TXSPR] glyph cell= 3 tpage=19 -> idx=66 char='i'
[TXTPG] drawmode tagcode=0xe1 n=1 w0=0xE1000613 -> curTpage=19
[TXSPR] glyph cell=12 tpage=19 -> idx=75 char='r'
[TXTPG] drawmode tagcode=0xe1 n=1 w0=0xE1000612 -> curTpage=18
[TXSPR] glyph cell=19 tpage=18 -> idx=61 char='d'
[TXTPG] drawmode tagcode=0xe1 n=1 w0=0xE1000613 -> curTpage=19
[TXSPR] glyph cell= 2 tpage=19 -> idx=65 char='h'
[TXTPG] drawmode tagcode=0xe1 n=1 w0=0xE1000613 -> curTpage=19
[TXSPR] glyph cell=14 tpage=19 -> idx=77 char='t'
[TXTPG] drawmode tagcode=0xe1 n=1 w0=0xE1000613 -> curTpage=19
[TXSPR] glyph cell= 6 tpage=19 -> idx=69 char='l'
[TXTPG] drawmode tagcode=0xe1 n=1 w0=0xE1000612 -> curTpage=18
[TXSPR] glyph cell=16 tpage=18 -> idx=58 char='a'
[TXTPG] drawmode tagcode=0xe1 n=1 w0=0xE1000612 -> curTpage=18
[TXSPR] glyph cell=20 tpage=18 -> idx=62 char='e'
[TXTPG] drawmode tagcode=0xe1 n=1 w0=0xE1000611 -> curTpage=17
[TXSPR] glyph cell=12 tpage=17 -> idx=33 char='H'
[TXTPG] drawmode tagcode=0xe1 n=1 w0=0xE1000612 -> curTpage=18
[TXSPR] glyph cell=16 tpage=18 -> idx=58 char='a'
[TXTPG] drawmode tagcode=0xe1 n=1 w0=0xE1000613 -> curTpage=19
[TXSPR] glyph cell=13 tpage=19 -> idx=76 char='s'
[TXTPG] drawmode tagcode=0xe1 n=1 w0=0xE1000613 -> curTpage=19
[TXSPR] glyph cell= 3 tpage=19 -> idx=66 char='i'
[TXTPG] drawmode tagcode=0xe1 n=1 w0=0xE1000612 -> curTpage=18
[TXSPR] glyph cell=20 tpage=18 -> idx=62 char='e'
[TXTPG] drawmode tagcode=0xe1 n=1 w0=0xE1000613 -> curTpage=19
[TXSPR] glyph cell=12 tpage=19 -> idx=75 char='r'
[TXTPG] drawmode tagcode=0xe1 n=1 w0=0xE1000612 -> curTpage=18
[TXSPR] glyph cell=20 tpage=18 -> idx=62 char='e'
[TXTPG] drawmode tagcode=0xe1 n=1 w0=0xE1000613 -> curTpage=19
[TXSPR] glyph cell= 2 tpage=19 -> idx=65 char='h'
[TXTPG] drawmode tagcode=0xe1 n=1 w0=0xE1000612 -> curTpage=18
[TXSPR] glyph cell= 3 tpage=18 -> idx=45 char='T'
[TXTPG] drawmode tagcode=0xe1 n=1 w0=0xE1000613 -> curTpage=19
[TXSPR] glyph cell= 9 tpage=19 -> idx=72 char='o'
[TXTPG] drawmode tagcode=0xe1 n=1 w0=0xE1000611 -> curTpage=17
[TXSPR] glyph cell=18 tpage=17 -> idx=39 char='N'
[TXTPG] drawmode tagcode=0xe1 n=1 w0=0xE1000613 -> curTpage=19
[TXSPR] glyph cell=13 tpage=19 -> idx=76 char='s'
[TXTPG] drawmode tagcode=0xe1 n=1 w0=0xE1000612 -> curTpage=18
[TXSPR] glyph cell=20 tpage=18 -> idx=62 char='e'
[TXTPG] drawmode tagcode=0xe1 n=1 w0=0xE1000612 -> curTpage=18
[TXSPR] glyph cell= 8 tpage=18 -> idx=50 char='Y'
[TXTPG] drawmode tagcode=0xe1 n=1 w0=0xE1000611 -> curTpage=17
[TXSPR] glyph cell= 3 tpage=17 -> idx=24 char='?'
[TXTPG] drawmode tagcode=0xe1 n=1 w0=0xE1000613 -> curTpage=19
[TXSPR] glyph cell=14 tpage=19 -> idx=77 char='t'
[TXTPG] drawmode tagcode=0xe1 n=1 w0=0xE1000613 -> curTpage=19
[TXSPR] glyph cell= 3 tpage=19 -> idx=66 char='i'
[TXTPG] drawmode tagcode=0xe1 n=1 w0=0xE1000612 -> curTpage=18
[TXSPR] glyph cell=20 tpage=18 -> idx=62 char='e'
[TXTPG] drawmode tagcode=0xe1 n=1 w0=0xE1000613 -> curTpage=19
[TXSPR] glyph cell= 5 tpage=19 -> idx=68 char='k'
[TXTPG] drawmode tagcode=0xe1 n=1 w0=0xE1000612 -> curTpage=18
[TXSPR] glyph cell=16 tpage=18 -> idx=58 char='a'
[TXTPG] drawmode tagcode=0xe1 n=1 w0=0xE1000612 -> curTpage=18
[TXSPR] glyph cell= 3 tpage=18 -> idx=45 char='T'
[TXTPG] drawmode tagcode=0xe1 n=1 w0=0xE1000610 -> curTpage=16
[TXSPR] glyph cell= 7 tpage=16 -> idx= 7 char='.'
[TXTPG] drawmode tagcode=0xe1 n=1 w0=0xE1000613 -> curTpage=19
[TXSPR] glyph cell= 5 tpage=19 -> idx=68 char='k'
[TXTPG] drawmode tagcode=0xe1 n=1 w0=0xE1000613 -> curTpage=19
[TXSPR] glyph cell= 8 tpage=19 -> idx=71 char='n'
[TXTPG] drawmode tagcode=0xe1 n=1 w0=0xE1000613 -> curTpage=19
[TXSPR] glyph cell= 3 tpage=19 -> idx=66 char='i'
[TXTPG] drawmode tagcode=0xe1 n=1 w0=0xE1000613 -> curTpage=19
[TXSPR] glyph cell=12 tpage=19 -> idx=75 char='r'
[SFX] Sd_PlaySfx: sfxId=1307 (Sfx_Base+27) vol=64
[GP-STATE-TXN] Gameplay -> sysState=10 (param=6)
[ITEMPICK] unique-item link: id=0x41 nobj=1 obj=ok
[ITEMPICK] unique-item link: id=0x41 nobj=1 obj=ok
[ITEMPICK] draw SKIPPED: slot=9 reason=scale 0 (arg2=2)
[FREEZE] capture 1280x720 in 164ms
[ITEMZ] tagged=23 hit=23 szmin=1713 szmax=2011 otzSpan=1920
[ZETA] wrote=0/6 min=16777215 max=0 fedZ=838860 bbox=625,388..652,504 raw=FFFFFF00 FFFFFF00 FFFFFF00 FFFFFF00 FFFFFF00 FFFFFF00
[SFX] Sd_PlaySfx: sfxId=1307 (Sfx_Base+27) vol=64
[FT] avgMs=28 worstMs=174 swapWait=0ms flushMs=0ms draws=285 decodes=11 decMs=5
[GP-STATE-TXN] Gameplay -> sysState=10 (param=5)
[SFX] Sd_PlaySfx: sfxId=1321 (Sfx_Base+41) vol=0
[SFX] Sd_PlaySfx: sfxId=1322 (Sfx_Base+42) vol=0
[VRAM] out of slots -> GPU drain #1 (alloc=49 worstPerFrame=1 totalMs=0)
[SH-XBOX] vblank 3000
[MEM] tick: free=2784KB (696 pages)
[FT] avgMs=35 worstMs=76 swapWait=0ms flushMs=0ms draws=548 decodes=193 decMs=103
[XA] Play xaIdx=42 file=1 sector=1889 sectors=21 stereo 37800Hz bits=4 filter=(6,1)
[XA] primed ring=20481 frames
[VRAM] decode #512
[XA] channel ended early xaIdx=42 (remaining=1/21)
[XA] finished xaIdx=42 (drained)
[VRAM] decode #1024
[VRAM] out of slots -> GPU drain #65 (alloc=49 worstPerFrame=1 totalMs=0)
[XA] Play xaIdx=4 file=1 sector=3 sectors=78 stereo 37800Hz bits=4 filter=(1,3)
[XA] primed ring=20481 frames
[VRAM] decode #1536
[VRAM] decode #2048
[VRAM] out of slots -> GPU drain #129 (alloc=49 worstPerFrame=1 totalMs=1)
[FT] avgMs=53 worstMs=166 swapWait=0ms flushMs=0ms draws=782 decodes=1878 decMs=1025
[XA] channel ended early xaIdx=4 (remaining=1/78)
[XA] finished xaIdx=4 (drained)
[VRAM] decode #2560
[VRAM] decode #3072
[VRAM] out of slots -> GPU drain #193 (alloc=49 worstPerFrame=1 totalMs=1)
[VRAM] decode #3584
[CHNK] n=4 s0=-1,6,st3 s1=0,6,st3 s2=0,0,st0 s3=0,0,st0
[WOBJ] resolved 'OUT1_HID' lmIdx=3
[WOBJ] resolved 'OUT_BLD_' lmIdx=3
[FT] avgMs=45 worstMs=80 swapWait=0ms flushMs=0ms draws=764 decodes=1792 decMs=981
[VRAM] decode #4096
[VRAM] out of slots -> GPU drain #257 (alloc=49 worstPerFrame=1 totalMs=1)
[VRAM] decode #4608
[FT] avgMs=38 worstMs=81 swapWait=0ms flushMs=0ms draws=536 decodes=672 decMs=372
[VRAM] decode #5120
[SFX] Sd_PlaySfx: sfxId=1373 (Sfx_Base+93) vol=127
[COLL-MISS] cell(0,0) pos(0,0) activeCount=4
[COLL-MISS]   slot cell(-1,6) qIdx=21 loadState=2 isLoaded=1
[COLL-MISS]   slot cell(0,6) qIdx=22 loadState=2 isLoaded=1
[COLL-MISS]   slot cell(0,0) qIdx=-1 loadState=0 isLoaded=0
[COLL-MISS]   slot cell(0,0) qIdx=-1 loadState=0 isLoaded=0
[COLL-MISS] cell(0,0) pos(0,0) activeCount=4
[COLL-MISS]   slot cell(-1,6) qIdx=21 loadState=2 isLoaded=1
[COLL-MISS]   slot cell(0,6) qIdx=22 loadState=2 isLoaded=1
[COLL-MISS]   slot cell(0,0) qIdx=-1 loadState=0 isLoaded=0
[COLL-MISS]   slot cell(0,0) qIdx=-1 loadState=0 isLoaded=0
[VRAM] out of slots -> GPU drain #321 (alloc=49 worstPerFrame=1 totalMs=2)
[COLL-MISS] cell(0,-1) pos(0,-1) activeCount=4
[COLL-MISS]   slot cell(-1,6) qIdx=21 loadState=2 isLoaded=1
[COLL-MISS]   slot cell(0,6) qIdx=22 loadState=2 isLoaded=1
[COLL-MISS]   slot cell(0,0) qIdx=-1 loadState=0 isLoaded=0
[COLL-MISS]   slot cell(0,0) qIdx=-1 loadState=0 isLoaded=0
[COLL-MISS] cell(0,0) pos(1,0) activeCount=4
[COLL-MISS]   slot cell(-1,6) qIdx=21 loadState=2 isLoaded=1
[COLL-MISS]   slot cell(0,6) qIdx=22 loadState=2 isLoaded=1
[COLL-MISS]   slot cell(0,0) qIdx=-1 loadState=0 isLoaded=0
[COLL-MISS]   slot cell(0,0) qIdx=-1 loadState=0 isLoaded=0
[COLL-MISS] cell(0,0) pos(1,0) activeCount=4
[COLL-MISS]   slot cell(-1,6) qIdx=21 loadState=2 isLoaded=1
[COLL-MISS]   slot cell(0,6) qIdx=22 loadState=2 isLoaded=1
[COLL-MISS]   slot cell(0,0) qIdx=-1 loadState=0 isLoaded=0
[COLL-MISS]   slot cell(0,0) qIdx=-1 loadState=0 isLoaded=0
[VRAM] decode #5632
[COLL-MISS] cell(0,-1) pos(1,-2) activeCount=4
[COLL-MISS]   slot cell(-1,6) qIdx=21 loadState=2 isLoaded=1
[COLL-MISS]   slot cell(0,6) qIdx=22 loadState=2 isLoaded=1
[COLL-MISS]   slot cell(0,0) qIdx=-1 loadState=0 isLoaded=0
[COLL-MISS]   slot cell(0,0) qIdx=-1 loadState=0 isLoaded=0
[VRAM] decode #6144
[SFX] Sd_PlaySfx: sfxId=1374 (Sfx_Base+94) vol=184
[SFX] Sd_PlaySfx: sfxId=1375 (Sfx_Base+95) vol=184
[COLL-MISS] cell(0,-1) pos(0,-1) activeCount=4
[COLL-MISS]   slot cell(-1,6) qIdx=21 loadState=2 isLoaded=1
[COLL-MISS]   slot cell(0,6) qIdx=22 loadState=2 isLoaded=1
[COLL-MISS]   slot cell(0,0) qIdx=-1 loadState=0 isLoaded=0
[COLL-MISS]   slot cell(0,0) qIdx=-1 loadState=0 isLoaded=0
[COLL-MISS] cell(0,-1) pos(0,-1) activeCount=4
[COLL-MISS]   slot cell(-1,6) qIdx=21 loadState=2 isLoaded=1
[COLL-MISS]   slot cell(0,6) qIdx=22 loadState=2 isLoaded=1
[COLL-MISS]   slot cell(0,0) qIdx=-1 loadState=0 isLoaded=0
[COLL-MISS]   slot cell(0,0) qIdx=-1 loadState=0 isLoaded=0
[COLL-MISS] cell(0,-1) pos(0,-1) activeCount=4
[COLL-MISS]   slot cell(-1,6) qIdx=21 loadState=2 isLoaded=1
[COLL-MISS]   slot cell(0,6) qIdx=22 loadState=2 isLoaded=1
[COLL-MISS]   slot cell(0,0) qIdx=-1 loadState=0 isLoaded=0
[COLL-MISS]   slot cell(0,0) qIdx=-1 loadState=0 isLoaded=0
[COLL-MISS] cell(0,-1) pos(0,-1) activeCount=4
[COLL-MISS]   slot cell(-1,6) qIdx=21 loadState=2 isLoaded=1
[COLL-MISS]   slot cell(0,6) qIdx=22 loadState=2 isLoaded=1
[COLL-MISS]   slot cell(0,0) qIdx=-1 loadState=0 isLoaded=0
[COLL-MISS]   slot cell(0,0) qIdx=-1 loadState=0 isLoaded=0
[COLL-MISS] cell(0,-1) pos(0,-1) activeCount=4
[COLL-MISS]   slot cell(-1,6) qIdx=21 loadState=2 isLoaded=1
[COLL-MISS]   slot cell(0,6) qIdx=22 loadState=2 isLoaded=1
[COLL-MISS]   slot cell(0,0) qIdx=-1 loadState=0 isLoaded=0
[COLL-MISS]   slot cell(0,0) qIdx=-1 loadState=0 isLoaded=0
[SFX] Sd_PlaySfx: sfxId=1382 (Sfx_Base+102) vol=0
[COLL-MISS] cell(0,-1) pos(1,-1) activeCount=4
[COLL-MISS]   slot cell(-1,6) qIdx=21 loadState=2 isLoaded=1
[COLL-MISS]   slot cell(0,6) qIdx=22 loadState=2 isLoaded=1
[COLL-MISS]   slot cell(0,0) qIdx=-1 loadState=0 isLoaded=0
[COLL-MISS]   slot cell(0,0) qIdx=-1 loadState=0 isLoaded=0
[WOBJ] resolved 'BRK_BLD1' lmIdx=4
[WOBJ] resolved 'BRK_GLS1' lmIdx=4
[WOBJ] resolved 'BRK_GLS2' lmIdx=4
[BGM] ChannelSet bgmIdx=30 cmd=798
[SFX] Sd_PlaySfx: sfxId=1317 (Sfx_Base+37) vol=191
[COLL-MISS] cell(0,-1) pos(1,-1) activeCount=4
[COLL-MISS]   slot cell(-1,6) qIdx=21 loadState=2 isLoaded=1
[COLL-MISS]   slot cell(0,6) qIdx=22 loadState=2 isLoaded=1
[COLL-MISS]   slot cell(0,0) qIdx=-1 loadState=0 isLoaded=0
[COLL-MISS]   slot cell(0,0) qIdx=-1 loadState=0 isLoaded=0
[SH_DRIP] key_on song=0 ch=1 prog=0 note=63 bank=127 vabId=3 tones=1 match=1 vab2match=1
[SH_DRIP] key_on song=0 ch=2 prog=1 note=70 bank=127 vabId=3 tones=1 match=1 vab2match=0
[SH_DRIP] key_on song=0 ch=3 prog=4 note=60 bank=127 vabId=3 tones=1 match=1 vab2match=0
[SH_DRIP] key_on song=0 ch=5 prog=2 note=55 bank=127 vabId=3 tones=1 match=1 vab2match=1
[SFX] Sd_PlaySfx: sfxId=1379 (Sfx_Base+99) vol=44
[COLL-MISS] cell(0,0) pos(1,1) activeCount=4
[COLL-MISS]   slot cell(-1,6) qIdx=21 loadState=2 isLoaded=1
[COLL-MISS]   slot cell(0,6) qIdx=22 loadState=2 isLoaded=1
[COLL-MISS]   slot cell(0,0) qIdx=-1 loadState=0 isLoaded=0
[COLL-MISS]   slot cell(0,0) qIdx=-1 loadState=0 isLoaded=0
[SH_DRIP] key_on song=0 ch=6 prog=1 note=70 bank=127 vabId=3 tones=1 match=1 vab2match=0
[COLL-MISS] cell(0,0) pos(1,1) activeCount=4
[COLL-MISS]   slot cell(-1,6) qIdx=21 loadState=2 isLoaded=1
[COLL-MISS]   slot cell(0,6) qIdx=22 loadState=2 isLoaded=1
[COLL-MISS]   slot cell(0,0) qIdx=-1 loadState=0 isLoaded=0
[COLL-MISS]   slot cell(0,0) qIdx=-1 loadState=0 isLoaded=0
[VRAM] decode #6656
[VRAM] out of slots -> GPU drain #385 (alloc=49 worstPerFrame=2 totalMs=4)
[COLL-MISS] cell(0,0) pos(0,0) activeCount=4
[COLL-MISS]   slot cell(-1,6) qIdx=21 loadState=2 isLoaded=1
[COLL-MISS]   slot cell(0,6) qIdx=22 loadState=2 isLoaded=1
[COLL-MISS]   slot cell(0,0) qIdx=-1 loadState=0 isLoaded=0
[COLL-MISS]   slot cell(0,0) qIdx=-1 loadState=0 isLoaded=0
[SFX] Sd_PlaySfx: sfxId=1381 (Sfx_Base+101) vol=62
[FT] avgMs=53 worstMs=110 swapWait=0ms flushMs=0ms draws=801 decodes=2270 decMs=1259
[SFX] Sd_PlaySfx: sfxId=1381 (Sfx_Base+101) vol=94
[VRAM] decode #7168
[SFX] Sd_PlaySfx: sfxId=1381 (Sfx_Base+101) vol=87
[SFX] Sd_PlaySfx: sfxId=1381 (Sfx_Base+101) vol=83
[VRAM] out of slots -> GPU drain #449 (alloc=49 worstPerFrame=2 totalMs=4)
[SFX] Sd_PlaySfx: sfxId=1381 (Sfx_Base+101) vol=90
[VRAM] decode #7680
[SFX] Sd_PlaySfx: sfxId=1381 (Sfx_Base+101) vol=89
[SFX] Sd_PlaySfx: sfxId=1381 (Sfx_Base+101) vol=93
[VRAM] decode #8192
[SYSSTATE] dispatch sysState=2 mapEventData=0
[SFX] Sd_PlaySfx: sfxId=1381 (Sfx_Base+101) vol=106
[FOGST-GPU] clear=0xff000000
[SH-XBOX] GameState -> 19 (step 0)
[BOOT0/TIM] PostLoadTim file=1485 'HEROPIC2.TIM' ss=0x5bb6 img.u=12 img.v=103 tPage=1,31 clutX=224 clutY=13
[BOOT0/TIM] post ReadTIM: prect=0xfac934 caddr=0xfac730 paddr=0xfac93c mode=9
[BOOT0/TIM] pre pixel LoadImage rect=(972,359 52x152)
[BOOT0/TIM] pre CLUT LoadImage rect=(224,13 256x1)
[BOOT0/TIM] PostLoadTim done
[SH-XBOX] GameState -> 14 (step 0)
[ITEMPICK] map-pack link: slot=3 loadableIdx=0 nobj=34 obj=ok
[ITEMPICK] map-pack link: slot=4 loadableIdx=8 nobj=34 obj=ok
[ITEMPICK] map-pack link: slot=5 loadableIdx=3 nobj=34 obj=ok
[ITEMPICK] map-pack link: slot=6 loadableIdx=15 nobj=34 obj=ok
[ITEMZ] tagged=250 hit=250 szmin=8976 szmax=13098 otzSpan=1920
[ZETA] wrote=0/6 min=16777215 max=0 fedZ=839776 bbox=598,292..1018,456 raw=FFFFFF00 FFFFFF00 FFFFFF00 FFFFFF00 FFFFFF00 FFFFFF00
[SH-XBOX] vblank 3600
[MEM] tick: free=2592KB (648 pages)
[FT] avgMs=49 worstMs=122 swapWait=0ms flushMs=0ms draws=691 decodes=1553 decMs=850
[ITEMZ] tagged=250 hit=250 szmin=9059 szmax=13098 otzSpan=1920
[ZETA] wrote=0/6 min=16777215 max=0 fedZ=855662 bbox=562,292..1018,454 raw=FFFFFF00 FFFFFF00 FFFFFF00 FFFFFF00 FFFFFF00 FFFFFF00
[SFX] Sd_PlaySfx: sfxId=1305 (Sfx_Base+25) vol=64
[SFX] Sd_PlaySfx: sfxId=1305 (Sfx_Base+25) vol=64
[SFX] Sd_PlaySfx: sfxId=1307 (Sfx_Base+27) vol=64
[ITEMZ] tagged=281 hit=281 szmin=8933 szmax=12232 otzSpan=1920
[ZETA] wrote=0/6 min=16777215 max=0 fedZ=842292 bbox=286,286..895,466 raw=FFFFFF00 FFFFFF00 FFFFFF00 FFFFFF00 FFFFFF00 FFFFFF00
[ITEMZ] tagged=278 hit=278 szmin=9043 szmax=12232 otzSpan=1920
[ZETA] wrote=0/6 min=16777215 max=0 fedZ=863672 bbox=286,286..895,464 raw=FFFFFF00 FFFFFF00 FFFFFF00 FFFFFF00 FFFFFF00 FFFFFF00
[SFX] Sd_PlaySfx: sfxId=1306 (Sfx_Base+26) vol=64
[SFX] Sd_PlaySfx: sfxId=1305 (Sfx_Base+25) vol=64
[ITEMZ] tagged=259 hit=259 szmin=9054 szmax=12259 otzSpan=1920
[ZETA] wrote=0/6 min=16777215 max=0 fedZ=838860 bbox=394,294..1003,450 raw=FFFFFF00 FFFFFF00 FFFFFF00 FFFFFF00 FFFFFF00 FFFFFF00
[SFX] Sd_PlaySfx: sfxId=1307 (Sfx_Base+27) vol=64
[FT] avgMs=17 worstMs=54 swapWait=1ms flushMs=0ms draws=105 decodes=0 decMs=0
[SFX] Sd_PlaySfx: sfxId=1307 (Sfx_Base+27) vol=64
[ITEMPICK] map-pack link: slot=7 loadableIdx=8 nobj=34 obj=ok
[ITEMZ] tagged=362 hit=362 szmin=9017 szmax=12259 otzSpan=1920
[ZETA] wrote=0/6 min=16777215 max=0 fedZ=842353 bbox=394,123..1003,450 raw=FFFFFF00 FFFFFF00 FFFFFF00 FFFFFF00 FFFFFF00 FFFFFF00
[SFX] Sd_PlaySfx: sfxId=1306 (Sfx_Base+26) vol=64
[SFX] Sd_PlaySfx: sfxId=1306 (Sfx_Base+26) vol=64
[WEP_DBG] handgun pre-copy D_800AFBF4[6]: sfx0=1283 sfx2=1284 sfx4=1285 aim6=66 att7=72 hold8=61 f9=37 fA=37 fB=0 sizeof=12
[WEP_DBG] handgun post-copy g_Player_EquippedWeaponInfo: sfx0=1283 sfx2=1284 sfx4=1285 aim6=66 att7=72 hold8=61 f9=37 fA=37 fB=0 sizeof=12
[RELOAD_KF] weap=32 blendStart=-1 blendEnd=605 activeEnd=658
[WEP_LOAD] weaponAttack=32 FS_BUFFER_12=0xeea2d0 — queuing weapon ANM
[WEP_LOAD] post-load FS_BUFFER_12 first 16 bytes: 00 fa 00 7f ff fd 01 7f fe 03 02 7f 7f 01 01 ff
[WEP_LOAD] HARRY_BASE_ANIM_INFOS[56] status=56 hasVar=0 link=57 sk=-1 ek=570
[WEP_LOAD] HARRY_BASE_ANIM_INFOS[57] status=57 hasVar=0 link=57 sk=570 ek=579
[WEP_LOAD] g_Player_EquippedWeaponInfo: attackSfx=1283 animStop=66 animAttack=72 animHold=61 sizeof=12
[ITEMZ] tagged=327 hit=327 szmin=9008 szmax=12259 otzSpan=1920
[ZETA] wrote=0/6 min=16777215 max=0 fedZ=838860 bbox=394,117..1003,450 raw=FFFFFF00 FFFFFF00 FFFFFF00 FFFFFF00 FFFFFF00 FFFFFF00
[SH-XBOX] GameState -> 11 (step 0)
[SFX] Sd_PlaySfx: sfxId=1321 (Sfx_Base+41) vol=0
[SFX] Sd_PlaySfx: sfxId=1322 (Sfx_Base+42) vol=0
[FLEX] st=1 f100=0 f122=1648 fx=0 fy=0 anim=53 kf=503 dt=136
[FLEX] st=1 f100=1 f122=1555 fx=0 fy=0 anim=65 kf=570 dt=136
[SFX] Sd_PlaySfx: sfxId=1378 (Sfx_Base+98) vol=104
[FLEX] st=1 f100=2 f122=1523 fx=26 fy=0 anim=65 kf=571 dt=136
[VRAM] out of slots -> GPU drain #513 (alloc=49 worstPerFrame=2 totalMs=5)
[FLEX] st=1 f100=3 f122=1505 fx=56 fy=0 anim=65 kf=573 dt=136
[FLEX] st=1 f100=4 f122=1493 fx=90 fy=0 anim=65 kf=575 dt=136
[FLEX] st=1 f100=5 f122=1483 fx=128 fy=0 anim=65 kf=577 dt=136
[FLEX] st=1 f100=6 f122=1467 fx=170 fy=0 anim=65 kf=579 dt=136
[FLEX] st=1 f100=7 f122=1455 fx=216 fy=0 anim=65 kf=581 dt=136
[FLEX] st=1 f100=8 f122=1455 fx=266 fy=0 anim=65 kf=583 dt=136
[VRAM] decode #8704
[FLEX] st=1 f100=9 f122=1443 fx=320 fy=0 anim=65 kf=585 dt=136
[FLEX] st=1 f100=9 f122=1435 fx=320 fy=1 anim=61 kf=594 dt=136
[SFX] Sd_PlaySfx: sfxId=1283 (Sfx_Base+3) vol=0
[FLEX] st=1 f100=9 f122=1435 fx=320 fy=1 anim=61 kf=594 dt=136
[MUZZLE] depth150=1774 size160=2 f158=0 f2C=224 xy=(19,-36) rgb=(80,248,80) fieldB=0
[MUZZLE] depth150=1764 size160=2 f158=0 f2C=224 xy=(20,-36) rgb=(45,48,51) fieldB=1
[MUZZLE] depth150=1766 size160=2 f158=0 f2C=224 xy=(21,-36) rgb=(45,48,51) fieldB=2
[FLEX] st=1 f100=9 f122=1440 fx=320 fy=1 anim=61 kf=595 dt=136
[MUZZLE] depth150=1774 size160=2 f158=130 f2C=224 xy=(19,-36) rgb=(80,248,80) fieldB=0
[MUZZLE] depth150=1764 size160=2 f158=125 f2C=224 xy=(20,-36) rgb=(83,88,94) fieldB=1
[MUZZLE] depth150=1766 size160=2 f158=158 f2C=224 xy=(21,-36) rgb=(82,87,93) fieldB=2
[FLEX] st=1 f100=9 f122=1441 fx=320 fy=0 anim=61 kf=596 dt=136
[SFX] Sd_PlaySfx: sfxId=1381 (Sfx_Base+101) vol=83
[MUZZLE] depth150=1774 size160=2 f158=252 f2C=224 xy=(19,-36) rgb=(58,245,61) fieldB=0
[MUZZLE] depth150=1764 size160=2 f158=256 f2C=224 xy=(20,-36) rgb=(96,102,109) fieldB=1
[MUZZLE] depth150=1766 size160=2 f158=297 f2C=224 xy=(21,-36) rgb=(96,102,109) fieldB=2
[FLEX] st=1 f100=9 f122=1444 fx=320 fy=-1 anim=61 kf=597 dt=136
[MUZZLE] depth150=1774 size160=2 f158=362 f2C=224 xy=(19,-36) rgb=(27,0,233) fieldB=0
[MUZZLE] depth150=1764 size160=2 f158=380 f2C=224 xy=(20,-36) rgb=(88,94,101) fieldB=1
[MUZZLE] depth150=1766 size160=2 f158=420 f2C=224 xy=(21,-36) rgb=(87,93,100) fieldB=2
[FLEX] st=1 f100=9 f122=1444 fx=320 fy=-1 anim=61 kf=598 dt=136
[MUZZLE] depth150=1774 size160=3 f158=512 f2C=224 xy=(19,-36) rgb=(27,0,233) fieldB=0
[MUZZLE] depth150=1764 size160=2 f158=498 f2C=224 xy=(20,-36) rgb=(78,83,89) fieldB=1
[MUZZLE] depth150=1766 size160=3 f158=574 f2C=224 xy=(21,-36) rgb=(79,84,90) fieldB=2
[FLEX] st=1 f100=9 f122=1444 fx=320 fy=-2 anim=61 kf=598 dt=136
[MUZZLE] depth150=1774 size160=3 f158=633 f2C=224 xy=(19,-36) rgb=(27,0,233) fieldB=0
[FLEX] st=1 f100=9 f122=1447 fx=320 fy=-2 anim=61 kf=599 dt=136
[FLEX] st=1 f100=9 f122=1454 fx=320 fy=-1 anim=61 kf=600 dt=136
[FLEX] st=1 f100=9 f122=1478 fx=320 fy=0 anim=61 kf=601 dt=136
[FLEX] st=1 f100=9 f122=1495 fx=320 fy=1 anim=61 kf=602 dt=136
[FLEX] st=1 f100=9 f122=1513 fx=320 fy=2 anim=61 kf=603 dt=136
[FLEX] st=1 f100=9 f122=1533 fx=320 fy=2 anim=61 kf=603 dt=136
[FLEX] st=1 f100=9 f122=1550 fx=320 fy=1 anim=61 kf=604 dt=136
[ATTACK-DONE] st=61 lookupSt=61 kf=604 -> pcAttackDone
[FLEX] st=1 f100=9 f122=1584 fx=320 fy=-1 anim=61 kf=604 dt=136
[FLEX] st=1 f100=10 f122=1629 fx=378 fy=-2 anim=61 kf=604 dt=136
[FLEX] st=1 f100=10 f122=1653 fx=378 fy=-3 anim=61 kf=594 dt=136
[FOGST-GPU] clear=0xff6c6474
[SFX] Sd_PlaySfx: sfxId=1283 (Sfx_Base+3) vol=0
[FLEX] st=1 f100=10 f122=1726 fx=378 fy=-3 anim=61 kf=594 dt=136
[SFX] Sd_PlaySfx: sfxId=1286 (Sfx_Base+6) vol=0
[FLEX] st=1 f100=10 f122=1753 fx=378 fy=-2 anim=61 kf=595 dt=136
[SFX] Sd_PlaySfx: sfxId=1377 (Sfx_Base+97) vol=0
[SFX] Sd_PlaySfx: sfxId=1381 (Sfx_Base+101) vol=63
[FT] avgMs=29 worstMs=92 swapWait=0ms flushMs=0ms draws=225 decodes=691 decMs=377
[FLEX] st=1 f100=10 f122=1747 fx=378 fy=0 anim=61 kf=596 dt=136
[VRAM] decode #9216
[FLEX] st=1 f100=10 f122=1783 fx=378 fy=2 anim=61 kf=597 dt=136
[FLEX] st=1 f100=10 f122=1808 fx=378 fy=5 anim=61 kf=598 dt=136
[SFX] Sd_PlaySfx: sfxId=1377 (Sfx_Base+97) vol=0
[FLEX] st=1 f100=10 f122=1842 fx=378 fy=8 anim=61 kf=598 dt=136
[FLEX] st=1 f100=10 f122=1864 fx=378 fy=11 anim=61 kf=599 dt=136
[FLEX] st=1 f100=10 f122=1874 fx=378 fy=13 anim=61 kf=600 dt=136
[FLEX] st=1 f100=10 f122=1903 fx=378 fy=16 anim=61 kf=601 dt=136
[FLEX] st=1 f100=10 f122=1919 fx=378 fy=18 anim=61 kf=602 dt=136
[SFX] Sd_PlaySfx: sfxId=1381 (Sfx_Base+101) vol=60
[FLEX] st=1 f100=10 f122=1935 fx=378 fy=20 anim=61 kf=603 dt=136
[FLEX] st=1 f100=10 f122=1939 fx=378 fy=65 anim=61 kf=603 dt=136
[FLEX] st=1 f100=10 f122=1934 fx=378 fy=127 anim=61 kf=604 dt=136
[ATTACK-DONE] st=61 lookupSt=61 kf=604 -> pcAttackDone
[FLEX] st=1 f100=10 f122=1923 fx=378 fy=176 anim=61 kf=604 dt=136
[FLEX] st=1 f100=11 f122=1911 fx=440 fy=216 anim=61 kf=604 dt=136
[ATTACK-DONE] st=61 lookupSt=61 kf=604 -> pcAttackDone
[FLEX] st=1 f100=11 f122=1910 fx=440 fy=241 anim=61 kf=604 dt=136
[FLEX] st=1 f100=12 f122=1912 fx=506 fy=241 anim=61 kf=604 dt=136
[FLEX] st=1 f100=13 f122=1910 fx=576 fy=241 anim=61 kf=604 dt=136
[FLEX] st=1 f100=13 f122=1910 fx=576 fy=241 anim=61 kf=594 dt=136
[SFX] Sd_PlaySfx: sfxId=1283 (Sfx_Base+3) vol=0
[FLEX] st=1 f100=13 f122=1900 fx=576 fy=241 anim=61 kf=594 dt=136
[SFX] Sd_PlaySfx: sfxId=1286 (Sfx_Base+6) vol=0
[VRAM] decode #9728
[FLEX] st=1 f100=13 f122=1892 fx=576 fy=241 anim=61 kf=595 dt=136
[FLEX] st=1 f100=13 f122=1892 fx=576 fy=241 anim=61 kf=596 dt=136
[FLEX] st=1 f100=13 f122=1880 fx=576 fy=241 anim=61 kf=597 dt=136
[FLEX] st=1 f100=13 f122=1875 fx=576 fy=241 anim=61 kf=598 dt=136
[FLEX] st=1 f100=13 f122=1857 fx=576 fy=241 anim=61 kf=598 dt=136
[FLEX] st=1 f100=13 f122=1854 fx=576 fy=241 anim=61 kf=599 dt=136
[FLEX] st=1 f100=13 f122=1816 fx=576 fy=240 anim=61 kf=600 dt=136
[FLEX] st=1 f100=13 f122=1784 fx=576 fy=267 anim=61 kf=601 dt=136
[FLEX] st=1 f100=13 f122=1744 fx=576 fy=290 anim=61 kf=602 dt=136
[FLEX] st=1 f100=13 f122=1748 fx=576 fy=299 anim=61 kf=603 dt=136
[FLEX] st=1 f100=13 f122=1696 fx=576 fy=322 anim=61 kf=603 dt=136
[FLEX] st=1 f100=13 f122=1701 fx=576 fy=334 anim=61 kf=604 dt=136
[ATTACK-DONE] st=61 lookupSt=61 kf=604 -> pcAttackDone
[FLEX] st=1 f100=13 f122=1731 fx=576 fy=345 anim=61 kf=604 dt=136
[FLEX] st=1 f100=14 f122=1773 fx=640 fy=360 anim=61 kf=604 dt=136
[ATTACK-DONE] st=61 lookupSt=61 kf=604 -> pcAttackDone
[FLEX] st=1 f100=14 f122=1791 fx=640 fy=378 anim=61 kf=604 dt=136
[FLEX] st=1 f100=15 f122=1828 fx=640 fy=384 anim=61 kf=604 dt=136
[FLEX] st=1 f100=16 f122=1884 fx=640 fy=384 anim=61 kf=604 dt=136
[FLEX] st=1 f100=16 f122=1929 fx=640 fy=384 anim=61 kf=594 dt=136
[SFX] Sd_PlaySfx: sfxId=1381 (Sfx_Base+101) vol=59
[VRAM] decode #10240
[SFX] Sd_PlaySfx: sfxId=1283 (Sfx_Base+3) vol=0
[FLEX] st=1 f100=16 f122=1929 fx=640 fy=0 anim=61 kf=594 dt=136
[SFX] Sd_PlaySfx: sfxId=1286 (Sfx_Base+6) vol=0
[FLEX] st=1 f100=16 f122=1929 fx=640 fy=0 anim=61 kf=595 dt=136
[SFX] Sd_PlaySfx: sfxId=1377 (Sfx_Base+97) vol=0
[VRAM] out of slots -> GPU drain #577 (alloc=49 worstPerFrame=2 totalMs=6)
[FLEX] st=1 f100=16 f122=1929 fx=640 fy=0 anim=61 kf=596 dt=136
[FLEX] st=1 f100=16 f122=1929 fx=640 fy=0 anim=61 kf=597 dt=136
[FLEX] st=1 f100=16 f122=1929 fx=640 fy=0 anim=61 kf=598 dt=136
[SFX] Sd_PlaySfx: sfxId=1377 (Sfx_Base+97) vol=0
[FLEX] st=1 f100=16 f122=1929 fx=640 fy=0 anim=61 kf=598 dt=136
[FLEX] st=1 f100=16 f122=1929 fx=640 fy=0 anim=61 kf=599 dt=136
[FLEX] st=1 f100=16 f122=1929 fx=640 fy=0 anim=61 kf=600 dt=136
[FLEX] st=1 f100=16 f122=1929 fx=640 fy=0 anim=61 kf=601 dt=136
[FLEX] st=1 f100=16 f122=1929 fx=640 fy=0 anim=61 kf=602 dt=136
[SFX] Sd_PlaySfx: sfxId=1381 (Sfx_Base+101) vol=55
[FLEX] st=1 f100=16 f122=1929 fx=640 fy=0 anim=61 kf=603 dt=136
[FLEX] st=1 f100=16 f122=1929 fx=640 fy=0 anim=61 kf=603 dt=136
[FLEX] st=1 f100=16 f122=1929 fx=640 fy=0 anim=61 kf=604 dt=136
[ATTACK-DONE] st=61 lookupSt=61 kf=604 -> pcAttackDone
[FLEX] st=1 f100=16 f122=1929 fx=640 fy=0 anim=61 kf=604 dt=136
[FLEX] st=0 f100=17 f122=1024 fx=584 fy=0 anim=61 kf=604 dt=136
[FLEX] st=0 f100=17 f122=1024 fx=528 fy=0 anim=61 kf=594 dt=136
[VRAM] decode #10752
[SFX] Sd_PlaySfx: sfxId=1283 (Sfx_Base+3) vol=0
[FLEX] st=0 f100=17 f122=1024 fx=472 fy=0 anim=61 kf=594 dt=136
[FLEX] st=0 f100=17 f122=1024 fx=416 fy=0 anim=61 kf=595 dt=136
[FLEX] st=0 f100=17 f122=1024 fx=360 fy=0 anim=61 kf=596 dt=136
[FLEX] st=0 f100=17 f122=1024 fx=304 fy=0 anim=61 kf=597 dt=136
[FLEX] st=0 f100=17 f122=1024 fx=248 fy=0 anim=61 kf=598 dt=136
[FLEX] st=0 f100=17 f122=1024 fx=192 fy=0 anim=61 kf=598 dt=136
[FLEX] st=0 f100=17 f122=1024 fx=136 fy=0 anim=61 kf=599 dt=136
[FLEX] st=0 f100=17 f122=1024 fx=80 fy=0 anim=61 kf=600 dt=136
[FLEX] st=0 f100=17 f122=1024 fx=24 fy=0 anim=61 kf=601 dt=136
[FLEX] st=0 f100=17 f122=1024 fx=0 fy=0 anim=61 kf=602 dt=136
[FLEX] st=0 f100=17 f122=1024 fx=0 fy=0 anim=61 kf=603 dt=136
[FLEX] st=0 f100=17 f122=1024 fx=0 fy=0 anim=61 kf=603 dt=136
[FLEX] st=0 f100=17 f122=1024 fx=0 fy=0 anim=61 kf=604 dt=136
[ATTACK-DONE] st=61 lookupSt=61 kf=604 -> pcAttackDone
[FLEX] st=0 f100=17 f122=1024 fx=0 fy=0 anim=61 kf=604 dt=136
[FLEX] st=0 f100=17 f122=1024 fx=0 fy=0 anim=61 kf=604 dt=136
[FLEX] st=0 f100=17 f122=1024 fx=0 fy=0 anim=61 kf=594 dt=136
[SFX] Sd_PlaySfx: sfxId=1283 (Sfx_Base+3) vol=0
[FLEX] st=0 f100=17 f122=1024 fx=0 fy=0 anim=61 kf=594 dt=136
[VRAM] decode #11264
[FLEX] st=0 f100=17 f122=1024 fx=0 fy=0 anim=61 kf=595 dt=136
[FLEX] st=0 f100=17 f122=1024 fx=0 fy=0 anim=61 kf=596 dt=136
[FLEX] st=0 f100=17 f122=1024 fx=0 fy=0 anim=61 kf=597 dt=136
[FLEX] st=0 f100=17 f122=1024 fx=0 fy=0 anim=61 kf=598 dt=136
[FLEX] st=0 f100=17 f122=1024 fx=0 fy=0 anim=61 kf=598 dt=136
[SFX] Sd_PlaySfx: sfxId=1381 (Sfx_Base+101) vol=54
[FLEX] st=0 f100=17 f122=1024 fx=0 fy=0 anim=61 kf=599 dt=136
[FLEX] st=0 f100=17 f122=1024 fx=0 fy=0 anim=61 kf=600 dt=136
[FLEX] st=0 f100=17 f122=1024 fx=0 fy=0 anim=61 kf=601 dt=136
[FLEX] st=0 f100=17 f122=1024 fx=0 fy=0 anim=61 kf=602 dt=136
[FLEX] st=0 f100=17 f122=1024 fx=0 fy=0 anim=61 kf=603 dt=136
[FLEX] st=0 f100=17 f122=1024 fx=0 fy=0 anim=61 kf=603 dt=136
[FLEX] st=0 f100=17 f122=1024 fx=0 fy=0 anim=61 kf=604 dt=136
[ATTACK-DONE] st=61 lookupSt=61 kf=604 -> pcAttackDone
[FLEX] st=0 f100=17 f122=1024 fx=0 fy=0 anim=61 kf=604 dt=136
[FLEX] st=0 f100=17 f122=1024 fx=0 fy=0 anim=69 kf=592 dt=136
[FLEX] st=0 f100=17 f122=1024 fx=0 fy=0 anim=69 kf=590 dt=136
[FLEX] st=0 f100=17 f122=1024 fx=0 fy=0 anim=69 kf=589 dt=136
[FLEX] st=0 f100=17 f122=1024 fx=0 fy=0 anim=69 kf=588 dt=136
[FLEX] st=0 f100=17 f122=1024 fx=0 fy=0 anim=69 kf=587 dt=136
[FLEX] st=0 f100=17 f122=1024 fx=0 fy=0 anim=69 kf=586 dt=136
[FLEX] st=0 f100=17 f122=1024 fx=0 fy=0 anim=69 kf=585 dt=136
[SFX] Sd_PlaySfx: sfxId=1381 (Sfx_Base+101) vol=45
[FLEX] st=0 f100=17 f122=1024 fx=0 fy=0 anim=69 kf=583 dt=136
[VRAM] decode #11776
[FLEX] st=0 f100=17 f122=1024 fx=0 fy=0 anim=69 kf=582 dt=136
[FLEX] st=0 f100=17 f122=1024 fx=0 fy=0 anim=69 kf=581 dt=136
[FLEX] st=0 f100=17 f122=1024 fx=0 fy=0 anim=69 kf=580 dt=136
[FLEX] st=0 f100=17 f122=1024 fx=0 fy=0 anim=69 kf=580 dt=136
[FLEX] st=0 f100=17 f122=1024 fx=0 fy=0 anim=69 kf=580 dt=136
[FLEX] st=0 f100=17 f122=1024 fx=0 fy=0 anim=69 kf=580 dt=136
[FLEX] st=0 f100=17 f122=1024 fx=0 fy=0 anim=69 kf=580 dt=136
[FLEX] st=0 f100=17 f122=1024 fx=0 fy=0 anim=69 kf=580 dt=136
[FLEX] st=0 f100=17 f122=1024 fx=0 fy=0 anim=69 kf=580 dt=136
[FLEX] st=0 f100=17 f122=1024 fx=0 fy=0 anim=69 kf=580 dt=136
[FLEX] st=0 f100=17 f122=1024 fx=0 fy=0 anim=69 kf=580 dt=136
[FLEX] st=0 f100=17 f122=1024 fx=0 fy=0 anim=69 kf=580 dt=136
[VRAM] out of slots -> GPU drain #641 (alloc=49 worstPerFrame=2 totalMs=7)
[FLEX] st=0 f100=17 f122=1024 fx=0 fy=0 anim=69 kf=580 dt=136
[FLEX] st=0 f100=17 f122=1024 fx=0 fy=0 anim=69 kf=580 dt=136
[SFX] Sd_PlaySfx: sfxId=1381 (Sfx_Base+101) vol=56
[FLEX] st=0 f100=17 f122=1024 fx=0 fy=0 anim=69 kf=580 dt=136
[FLEX] st=0 f100=17 f122=1024 fx=0 fy=0 anim=69 kf=580 dt=136
[FLEX] st=0 f100=17 f122=1024 fx=0 fy=0 anim=69 kf=580 dt=136
[FLEX] st=0 f100=17 f122=1024 fx=0 fy=0 anim=69 kf=580 dt=136
[FLEX] st=0 f100=17 f122=1024 fx=0 fy=0 anim=69 kf=580 dt=136
[FLEX] st=0 f100=17 f122=1024 fx=0 fy=0 anim=69 kf=580 dt=136
[FLEX] st=0 f100=17 f122=1024 fx=0 fy=0 anim=69 kf=580 dt=136
[FLEX] st=0 f100=17 f122=1024 fx=0 fy=0 anim=69 kf=580 dt=136
[VRAM] decode #12288
[FLEX] st=0 f100=17 f122=1024 fx=0 fy=0 anim=69 kf=580 dt=136
[FLEX] st=0 f100=17 f122=1024 fx=0 fy=0 anim=69 kf=580 dt=136
[FLEX] st=0 f100=17 f122=1024 fx=0 fy=0 anim=69 kf=580 dt=136
[FLEX] st=0 f100=17 f122=1024 fx=0 fy=0 anim=69 kf=580 dt=136
[FLEX] st=0 f100=17 f122=1024 fx=0 fy=0 anim=69 kf=580 dt=136
[FLEX] st=0 f100=17 f122=1024 fx=0 fy=0 anim=69 kf=580 dt=136
[FLEX] st=0 f100=17 f122=1024 fx=0 fy=0 anim=69 kf=580 dt=136
[SFX] Sd_PlaySfx: sfxId=1381 (Sfx_Base+101) vol=51
[FLEX] st=0 f100=17 f122=1024 fx=0 fy=0 anim=69 kf=580 dt=136
[FT] avgMs=62 worstMs=85 swapWait=0ms flushMs=0ms draws=751 decodes=3231 decMs=1790
[FLEX] st=0 f100=17 f122=1024 fx=0 fy=0 anim=69 kf=580 dt=136
[FLEX] st=0 f100=17 f122=1024 fx=0 fy=0 anim=69 kf=580 dt=136
[FLEX] st=0 f100=17 f122=1024 fx=0 fy=0 anim=69 kf=580 dt=136
[FLEX] st=0 f100=17 f122=1024 fx=0 fy=0 anim=69 kf=580 dt=136
[SFX] Sd_PlaySfx: sfxId=1379 (Sfx_Base+99) vol=51
[FLEX] st=0 f100=17 f122=1024 fx=0 fy=0 anim=69 kf=580 dt=136
[FLEX] st=0 f100=17 f122=1024 fx=0 fy=0 anim=69 kf=580 dt=136
[FLEX] st=0 f100=17 f122=1024 fx=0 fy=0 anim=69 kf=580 dt=136
[FLEX] st=0 f100=17 f122=1024 fx=0 fy=0 anim=69 kf=580 dt=136
[SFX] Sd_PlaySfx: sfxId=1329 (Sfx_Base+49) vol=191
[SFX] Sd_PlaySfx: sfxId=1313 (Sfx_Base+33) vol=51
[VRAM] decode #12800
[SFX] Sd_PlaySfx: sfxId=1381 (Sfx_Base+101) vol=54
[VRAM] decode #13312
[SFX] Sd_PlaySfx: sfxId=1381 (Sfx_Base+101) vol=74
[FLEX] st=1 f100=0 f122=1610 fx=0 fy=0 anim=52 kf=804 dt=136
[FLEX] st=1 f100=1 f122=1433 fx=0 fy=0 anim=65 kf=570 dt=136
[FLEX] st=1 f100=2 f122=1424 fx=26 fy=26 anim=65 kf=571 dt=136
[FLEX] st=1 f100=3 f122=1401 fx=56 fy=56 anim=65 kf=573 dt=136
[VRAM] out of slots -> GPU drain #705 (alloc=49 worstPerFrame=2 totalMs=8)
[FLEX] st=1 f100=4 f122=1382 fx=90 fy=90 anim=65 kf=575 dt=136
[FLEX] st=1 f100=5 f122=1384 fx=128 fy=128 anim=65 kf=577 dt=136
[FLEX] st=1 f100=6 f122=1381 fx=170 fy=0 anim=65 kf=579 dt=136
[VRAM] decode #13824
[FLEX] st=1 f100=7 f122=1380 fx=216 fy=0 anim=65 kf=581 dt=136
[FLEX] st=1 f100=7 f122=1386 fx=216 fy=0 anim=65 kf=583 dt=136
[FLEX] st=1 f100=7 f122=1394 fx=216 fy=-2 anim=61 kf=594 dt=136
[SFX] Sd_PlaySfx: sfxId=1283 (Sfx_Base+3) vol=0
[FLEX] st=1 f100=7 f122=1397 fx=216 fy=-2 anim=61 kf=594 dt=136
[SFX] Sd_PlaySfx: sfxId=1286 (Sfx_Base+6) vol=4
[FLEX] st=1 f100=7 f122=1403 fx=216 fy=-3 anim=61 kf=595 dt=136
[SFX] Sd_PlaySfx: sfxId=1377 (Sfx_Base+97) vol=0
[FLEX] st=1 f100=7 f122=1378 fx=216 fy=-3 anim=61 kf=596 dt=136
[FLEX] st=1 f100=7 f122=1374 fx=216 fy=-4 anim=61 kf=597 dt=136
[FLEX] st=1 f100=7 f122=1383 fx=216 fy=-5 anim=61 kf=598 dt=136
[SFX] Sd_PlaySfx: sfxId=1377 (Sfx_Base+97) vol=0
[FLEX] st=1 f100=7 f122=1389 fx=216 fy=-5 anim=61 kf=598 dt=136
[FLEX] st=1 f100=7 f122=1395 fx=216 fy=-5 anim=61 kf=599 dt=136
[FLEX] st=1 f100=7 f122=1396 fx=216 fy=-6 anim=61 kf=600 dt=136
[FLEX] st=1 f100=7 f122=1396 fx=216 fy=-6 anim=61 kf=601 dt=136
[FLEX] st=1 f100=7 f122=1392 fx=216 fy=-6 anim=61 kf=602 dt=136
[SFX] Sd_PlaySfx: sfxId=1381 (Sfx_Base+101) vol=77
[FLEX] st=1 f100=7 f122=1384 fx=216 fy=-6 anim=61 kf=603 dt=136
[FLEX] st=1 f100=7 f122=1370 fx=216 fy=-6 anim=61 kf=603 dt=136
[FLEX] st=1 f100=7 f122=1358 fx=216 fy=-6 anim=61 kf=604 dt=136
[ATTACK-DONE] st=61 lookupSt=61 kf=604 -> pcAttackDone
[FLEX] st=1 f100=7 f122=1358 fx=216 fy=-6 anim=61 kf=604 dt=136
[FLEX] st=1 f100=8 f122=1356 fx=266 fy=-6 anim=61 kf=604 dt=136
[VRAM] decode #14336
[ATTACK-DONE] st=61 lookupSt=61 kf=604 -> pcAttackDone
[FLEX] st=1 f100=8 f122=1348 fx=266 fy=-6 anim=61 kf=604 dt=136
[FLEX] st=1 f100=9 f122=1353 fx=320 fy=-6 anim=61 kf=604 dt=136
[FLEX] st=1 f100=9 f122=1352 fx=320 fy=-6 anim=61 kf=594 dt=136
[SFX] Sd_PlaySfx: sfxId=1283 (Sfx_Base+3) vol=0
[FLEX] st=1 f100=9 f122=1371 fx=320 fy=-6 anim=61 kf=594 dt=136
[SFX] Sd_PlaySfx: sfxId=1286 (Sfx_Base+6) vol=0
[FLEX] st=1 f100=9 f122=1370 fx=320 fy=-6 anim=61 kf=595 dt=136
[SFX] Sd_SfxStop: sfxId=1376 (Sfx_Base+96)
[SFX] Sd_PlaySfx: sfxId=1380 (Sfx_Base+100) vol=0
[FLEX] st=1 f100=9 f122=1356 fx=320 fy=-6 anim=61 kf=596 dt=136
[CHNK] n=4 s0=-1,6,st3 s1=0,6,st3 s2=0,0,st0 s3=0,0,st0
[FLEX] st=1 f100=9 f122=1343 fx=319 fy=-6 anim=61 kf=597 dt=136
[FLEX] st=1 f100=9 f122=1330 fx=306 fy=-6 anim=61 kf=598 dt=136
[FLEX] st=1 f100=9 f122=1321 fx=297 fy=-6 anim=61 kf=598 dt=136
[FLEX] st=1 f100=9 f122=1328 fx=304 fy=-6 anim=61 kf=599 dt=136
[FLEX] st=1 f100=9 f122=1324 fx=300 fy=-6 anim=61 kf=600 dt=136
[FLEX] st=1 f100=9 f122=1302 fx=278 fy=-6 anim=61 kf=601 dt=136
[FLEX] st=1 f100=9 f122=1275 fx=251 fy=-6 anim=61 kf=602 dt=136
[FLEX] st=1 f100=9 f122=1239 fx=215 fy=-6 anim=61 kf=603 dt=136
[SFX] Sd_PlaySfx: sfxId=1381 (Sfx_Base+101) vol=70
[FLEX] st=1 f100=9 f122=1194 fx=170 fy=-6 anim=61 kf=603 dt=136
[FLEX] st=1 f100=9 f122=1145 fx=121 fy=-6 anim=61 kf=604 dt=136
[ATTACK-DONE] st=61 lookupSt=61 kf=604 -> pcAttackDone
[FLEX] st=1 f100=9 f122=1113 fx=89 fy=-6 anim=61 kf=604 dt=136
[VRAM] decode #14848
[FLEX] st=1 f100=10 f122=1073 fx=49 fy=-6 anim=61 kf=604 dt=136
[FLEX] st=1 f100=11 f122=1026 fx=2 fy=-6 anim=61 kf=604 dt=136
[FLEX] st=1 f100=11 f122=999 fx=-25 fy=-6 anim=61 kf=594 dt=136
[SFX] Sd_PlaySfx: sfxId=1283 (Sfx_Base+3) vol=0
[FLEX] st=1 f100=11 f122=1015 fx=-9 fy=-6 anim=61 kf=594 dt=136
[SFX] Sd_PlaySfx: sfxId=1286 (Sfx_Base+6) vol=0
[FLEX] st=1 f100=11 f122=1003 fx=-21 fy=-6 anim=61 kf=595 dt=136
[FLEX] st=1 f100=11 f122=1004 fx=-20 fy=-6 anim=61 kf=596 dt=136
[FLEX] st=1 f100=11 f122=1001 fx=-23 fy=-6 anim=61 kf=597 dt=136
[FLEX] st=1 f100=11 f122=994 fx=-30 fy=-6 anim=61 kf=598 dt=136
[FLEX] st=1 f100=11 f122=976 fx=-48 fy=-6 anim=61 kf=598 dt=136
[FLEX] st=1 f100=11 f122=965 fx=-59 fy=-6 anim=61 kf=599 dt=136
[FLEX] st=1 f100=11 f122=958 fx=-66 fy=-6 anim=61 kf=600 dt=136
[FLEX] st=1 f100=11 f122=962 fx=-62 fy=-6 anim=61 kf=601 dt=136
[FLEX] st=1 f100=11 f122=957 fx=-67 fy=-6 anim=61 kf=602 dt=136
[SFX] Sd_PlaySfx: sfxId=1316 (Sfx_Base+36) vol=0
[FLEX] st=1 f100=11 f122=947 fx=-77 fy=-6 anim=61 kf=603 dt=136
[FLEX] st=1 f100=11 f122=935 fx=-89 fy=-6 anim=61 kf=603 dt=136
[FLEX] st=1 f100=11 f122=922 fx=-102 fy=-6 anim=61 kf=604 dt=136
[ATTACK-DONE] st=61 lookupSt=61 kf=604 -> pcAttackDone
[FLEX] st=1 f100=11 f122=923 fx=-101 fy=-6 anim=61 kf=604 dt=136
[VRAM] decode #15360
[VRAM] out of slots -> GPU drain #769 (alloc=49 worstPerFrame=2 totalMs=8)
[GP-STATE-TXN] Gameplay -> sysState=10 (param=11)
[FT] avgMs=62 worstMs=108 swapWait=0ms flushMs=0ms draws=805 decodes=3325 decMs=1839
[SYSSTATE] dispatch sysState=10 mapEventData=0x596924
[XA] Play xaIdx=5 file=1 sector=4 sectors=77 stereo 37800Hz bits=4 filter=(1,4)
[XA] primed ring=20481 frames
[VRAM] decode #15872
[VRAM] out of slots -> GPU drain #833 (alloc=49 worstPerFrame=2 totalMs=38)
[VRAM] decode #16384
[XA] channel ended early xaIdx=5 (remaining=1/77)
[XA] finished xaIdx=5 (drained)
[SH-XBOX] vblank 4200
[MEM] tick: free=2592KB (648 pages)
[VRAM] out of slots -> GPU drain #897 (alloc=49 worstPerFrame=2 totalMs=71)
[FT] avgMs=48 worstMs=132 swapWait=0ms flushMs=0ms draws=664 decodes=1132 decMs=588
[VRAM] decode #16896
[VRAM] out of slots -> GPU drain #961 (alloc=49 worstPerFrame=2 totalMs=92)
[VRAM] decode #17408
[FT] avgMs=35 worstMs=61 swapWait=0ms flushMs=0ms draws=645 decodes=740 decMs=407
[VRAM] out of slots -> GPU drain #1025 (alloc=49 worstPerFrame=2 totalMs=108)
[VRAM] decode #17920
[VRAM] out of slots -> GPU drain #1089 (alloc=49 worstPerFrame=2 totalMs=122)
[FT] avgMs=33 worstMs=68 swapWait=0ms flushMs=0ms draws=644 decodes=761 decMs=416
[VRAM] decode #18432
[VRAM] out of slots -> GPU drain #1153 (alloc=49 worstPerFrame=2 totalMs=140)
[VRAM] out of slots -> GPU drain #1217 (alloc=49 worstPerFrame=2 totalMs=157)
[VRAM] decode #18944
[FT] avgMs=33 worstMs=70 swapWait=0ms flushMs=0ms draws=647 decodes=767 decMs=406
[VRAM] out of slots -> GPU drain #1281 (alloc=49 worstPerFrame=2 totalMs=175)
[VRAM] decode #19456
[CHNK] n=4 s0=-1,6,st3 s1=0,6,st3 s2=0,0,st0 s3=0,0,st0
[VRAM] out of slots -> GPU drain #1345 (alloc=49 worstPerFrame=2 totalMs=194)
[FT] avgMs=33 worstMs=68 swapWait=0ms flushMs=0ms draws=645 decodes=768 decMs=440
[VRAM] decode #19968
[VRAM] out of slots -> GPU drain #1409 (alloc=49 worstPerFrame=2 totalMs=209)
[VRAM] decode #20480
[VRAM] out of slots -> GPU drain #1473 (alloc=49 worstPerFrame=2 totalMs=224)
[SH-XBOX] vblank 4800
[MEM] tick: free=2592KB (648 pages)
[FT] avgMs=33 worstMs=64 swapWait=0ms flushMs=0ms draws=646 decodes=742 decMs=398
[VRAM] out of slots -> GPU drain #1537 (alloc=49 worstPerFrame=2 totalMs=243)
[VRAM] decode #20992
[VRAM] out of slots -> GPU drain #1601 (alloc=49 worstPerFrame=2 totalMs=263)
[FT] avgMs=33 worstMs=67 swapWait=0ms flushMs=0ms draws=649 decodes=778 decMs=426
[VRAM] decode #21504
[VRAM] out of slots -> GPU drain #1665 (alloc=49 worstPerFrame=2 totalMs=277)
[VRAM] decode #22016
[VRAM] out of slots -> GPU drain #1729 (alloc=49 worstPerFrame=2 totalMs=299)
[FT] avgMs=33 worstMs=69 swapWait=0ms flushMs=0ms draws=645 decodes=782 decMs=426
[VRAM] decode #22528
[VRAM] out of slots -> GPU drain #1793 (alloc=49 worstPerFrame=2 totalMs=317)
[VRAM] out of slots -> GPU drain #1857 (alloc=49 worstPerFrame=2 totalMs=327)
[FT] avgMs=33 worstMs=68 swapWait=0ms flushMs=0ms draws=648 decodes=747 decMs=421
[VRAM] decode #23040
[RA] watch 84008: state=2 unlocked=1786116799 flags[4B4]=00 flags[4A1]=00 word4=0x00000000 setbits=42 map=1/36
[VRAM] out of slots -> GPU drain #1921 (alloc=49 worstPerFrame=2 totalMs=351)
[CHNK] n=4 s0=-1,6,st3 s1=0,6,st3 s2=0,0,st0 s3=0,0,st0
[VRAM] decode #23552
[FT] avgMs=33 worstMs=63 swapWait=0ms flushMs=0ms draws=650 decodes=756 decMs=419
[VRAM] out of slots -> GPU drain #1985 (alloc=49 worstPerFrame=2 totalMs=376)
[VRAM] decode #24064
[VRAM] out of slots -> GPU drain #2049 (alloc=49 worstPerFrame=2 totalMs=390)
[RA] http POST http://retroachievements.org/dorequest.php
[NET] POST retroachievements.org -> 200 (16 bytes)
[RA] http -> status=200 bodyLen=16 body='{"Success":true}'
[SH-XBOX] vblank 5400
[MEM] tick: free=2592KB (648 pages)
[FT] avgMs=36 worstMs=342 swapWait=0ms flushMs=0ms draws=646 decodes=667 decMs=388
[VRAM] out of slots -> GPU drain #2113 (alloc=49 worstPerFrame=2 totalMs=424)
[GP-STATE-TXN] Gameplay -> sysState=10 (param=9)
[ITEMPICK] unique-item link: id=0x41 nobj=1 obj=ok
[ITEMPICK] unique-item link: id=0x41 nobj=1 obj=ok
[ITEMPICK] draw SKIPPED: slot=9 reason=scale 0 (arg2=2)
[FREEZE] capture 1280x720 in 164ms
[ITEMZ] tagged=21 hit=21 szmin=1572 szmax=2051 otzSpan=1920
[ZETA] wrote=0/6 min=16777215 max=0 fedZ=838860 bbox=550,356..742,543 raw=FFFFFF00 FFFFFF00 FFFFFF00 FFFFFF00 FFFFFF00 FFFFFF00
[FT] avgMs=29 worstMs=172 swapWait=0ms flushMs=0ms draws=397 decodes=80 decMs=50
[ITEMZ] tagged=28 hit=28 szmin=1563 szmax=2075 otzSpan=1920
[ZETA] wrote=0/6 min=16777215 max=0 fedZ=838860 bbox=523,343..739,530 raw=FFFFFF00 FFFFFF00 FFFFFF00 FFFFFF00 FFFFFF00 FFFFFF00
[SFX] Sd_PlaySfx: sfxId=1307 (Sfx_Base+27) vol=64
[FT] avgMs=32 worstMs=57 swapWait=0ms flushMs=0ms draws=572 decodes=91 decMs=51
[VRAM] decode #24576
[VRAM] out of slots -> GPU drain #2177 (alloc=49 worstPerFrame=2 totalMs=447)
[VRAM] decode #25088
[VRAM] out of slots -> GPU drain #2241 (alloc=49 worstPerFrame=2 totalMs=452)
[FT] avgMs=33 worstMs=64 swapWait=0ms flushMs=0ms draws=658 decodes=827 decMs=460
[VRAM] decode #25600
[VRAM] out of slots -> GPU drain #2305 (alloc=49 worstPerFrame=2 totalMs=459)
[VRAM] out of slots -> GPU drain #2369 (alloc=49 worstPerFrame=2 totalMs=468)
[VRAM] decode #26112
[FT] avgMs=33 worstMs=67 swapWait=0ms flushMs=0ms draws=661 decodes=798 decMs=429
[CHNK] n=4 s0=-1,6,st3 s1=0,6,st3 s2=0,0,st0 s3=0,0,st0
[VRAM] out of slots -> GPU drain #2433 (alloc=49 worstPerFrame=2 totalMs=479)
[VRAM] decode #26624
[VRAM] out of slots -> GPU drain #2497 (alloc=49 worstPerFrame=2 totalMs=486)
[SH-XBOX] vblank 6000
[MEM] tick: free=2592KB (648 pages)
[FT] avgMs=33 worstMs=66 swapWait=0ms flushMs=0ms draws=662 decodes=770 decMs=408
[VRAM] decode #27136
[VRAM] out of slots -> GPU drain #2561 (alloc=49 worstPerFrame=2 totalMs=494)
[VRAM] decode #27648
[VRAM] out of slots -> GPU drain #2625 (alloc=49 worstPerFrame=2 totalMs=503)
[FT] avgMs=33 worstMs=68 swapWait=0ms flushMs=0ms draws=668 decodes=778 decMs=420
[VRAM] out of slots -> GPU drain #2689 (alloc=49 worstPerFrame=2 totalMs=517)
[VRAM] decode #28160
[FT] avgMs=33 worstMs=64 swapWait=0ms flushMs=0ms draws=655 decodes=744 decMs=416
[VRAM] out of slots -> GPU drain #2753 (alloc=49 worstPerFrame=2 totalMs=525)
[VRAM] decode #28672
[VRAM] out of slots -> GPU drain #2817 (alloc=49 worstPerFrame=2 totalMs=536)
[VRAM] decode #29184
[FT] avgMs=33 worstMs=67 swapWait=0ms flushMs=0ms draws=656 decodes=780 decMs=428
[VRAM] out of slots -> GPU drain #2881 (alloc=49 worstPerFrame=2 totalMs=546)
[VRAM] decode #29696
[VRAM] out of slots -> GPU drain #2945 (alloc=49 worstPerFrame=2 totalMs=556)
[FT] avgMs=33 worstMs=70 swapWait=0ms flushMs=0ms draws=661 decodes=758 decMs=398
[CHNK] n=4 s0=-1,6,st3 s1=0,6,st3 s2=0,0,st0 s3=0,0,st0
[VRAM] out of slots -> GPU drain #3009 (alloc=49 worstPerFrame=2 totalMs=564)
[VRAM] decode #30208
[VRAM] out of slots -> GPU drain #3073 (alloc=49 worstPerFrame=2 totalMs=573)
[VRAM] decode #30720
[SH-XBOX] vblank 6600
[MEM] tick: free=2592KB (648 pages)
[FT] avgMs=33 worstMs=68 swapWait=0ms flushMs=0ms draws=650 decodes=780 decMs=440
[VRAM] out of slots -> GPU drain #3137 (alloc=49 worstPerFrame=2 totalMs=581)
[VRAM] decode #31232
[VRAM] out of slots -> GPU drain #3201 (alloc=49 worstPerFrame=2 totalMs=587)
[FT] avgMs=33 worstMs=64 swapWait=0ms flushMs=0ms draws=663 decodes=798 decMs=440
[VRAM] decode #31744
[VRAM] out of slots -> GPU drain #3265 (alloc=49 worstPerFrame=2 totalMs=600)
[VRAM] out of slots -> GPU drain #3329 (alloc=49 worstPerFrame=2 totalMs=608)
[VRAM] decode #32256
[FT] avgMs=33 worstMs=67 swapWait=0ms flushMs=0ms draws=657 decodes=780 decMs=422
[VRAM] out of slots -> GPU drain #3393 (alloc=49 worstPerFrame=2 totalMs=618)
[VRAM] decode #32768
[VRAM] out of slots -> GPU drain #3457 (alloc=49 worstPerFrame=2 totalMs=627)
[FT] avgMs=33 worstMs=69 swapWait=0ms flushMs=0ms draws=653 decodes=730 decMs=403
[VRAM] decode #33280
[VRAM] out of slots -> GPU drain #3521 (alloc=49 worstPerFrame=2 totalMs=634)
[RA] watch 84008: state=2 unlocked=1786116799 flags[4B4]=00 flags[4A1]=00 word4=0x00000000 setbits=43 map=1/36
[VRAM] decode #33792
[VRAM] out of slots -> GPU drain #3585 (alloc=49 worstPerFrame=2 totalMs=651)
[FT] avgMs=33 worstMs=67 swapWait=0ms flushMs=0ms draws=664 decodes=732 decMs=381
[CHNK] n=4 s0=-1,6,st3 s1=0,6,st3 s2=0,0,st0 s3=0,0,st0
[VRAM] out of slots -> GPU drain #3649 (alloc=49 worstPerFrame=2 totalMs=663)
[VRAM] decode #34304
[SH-XBOX] vblank 7200
[MEM] tick: free=2592KB (648 pages)
[FT] avgMs=33 worstMs=64 swapWait=0ms flushMs=0ms draws=654 decodes=790 decMs=444
[VRAM] out of slots -> GPU drain #3713 (alloc=49 worstPerFrame=2 totalMs=672)
[VRAM] decode #34816
[VRAM] out of slots -> GPU drain #3777 (alloc=49 worstPerFrame=2 totalMs=681)
[VRAM] decode #35328
[FT] avgMs=33 worstMs=62 swapWait=0ms flushMs=0ms draws=665 decodes=784 decMs=426
[VRAM] out of slots -> GPU drain #3841 (alloc=49 worstPerFrame=2 totalMs=696)
[VRAM] decode #35840
[VRAM] out of slots -> GPU drain #3905 (alloc=49 worstPerFrame=2 totalMs=706)
[FT] avgMs=33 worstMs=70 swapWait=0ms flushMs=0ms draws=658 decodes=802 decMs=432
[VRAM] out of slots -> GPU drain #3969 (alloc=49 worstPerFrame=2 totalMs=717)
[VRAM] decode #36352
[VRAM] out of slots -> GPU drain #4033 (alloc=49 worstPerFrame=2 totalMs=729)
[VRAM] decode #36864
[FT] avgMs=33 worstMs=67 swapWait=0ms flushMs=1ms draws=654 decodes=782 decMs=425
[VRAM] out of slots -> GPU drain #4097 (alloc=49 worstPerFrame=2 totalMs=739)
[VRAM] decode #37376
[VRAM] out of slots -> GPU drain #4161 (alloc=49 worstPerFrame=2 totalMs=747)
[FT] avgMs=33 worstMs=63 swapWait=0ms flushMs=0ms draws=666 decodes=786 decMs=420
[CHNK] n=4 s0=-1,6,st3 s1=0,6,st3 s2=0,0,st0 s3=0,0,st0
[VRAM] decode #37888
[VRAM] out of slots -> GPU drain #4225 (alloc=49 worstPerFrame=2 totalMs=761)
[VRAM] decode #38400
[VRAM] out of slots -> GPU drain #4289 (alloc=49 worstPerFrame=2 totalMs=769)
[SH-XBOX] vblank 7800
[MEM] tick: free=2592KB (648 pages)
[FT] avgMs=33 worstMs=67 swapWait=0ms flushMs=0ms draws=653 decodes=808 decMs=455
[VRAM] out of slots -> GPU drain #4353 (alloc=49 worstPerFrame=2 totalMs=780)
[VRAM] decode #38912
[VRAM] out of slots -> GPU drain #4417 (alloc=49 worstPerFrame=2 totalMs=793)
[FT] avgMs=33 worstMs=69 swapWait=0ms flushMs=0ms draws=659 decodes=766 decMs=434
[VRAM] decode #39424
[VRAM] out of slots -> GPU drain #4481 (alloc=49 worstPerFrame=2 totalMs=803)
[VRAM] decode #39936
[VRAM] out of slots -> GPU drain #4545 (alloc=49 worstPerFrame=2 totalMs=816)
[FT] avgMs=33 worstMs=68 swapWait=0ms flushMs=0ms draws=660 decodes=786 decMs=401
[VRAM] decode #40448
[VRAM] out of slots -> GPU drain #4609 (alloc=49 worstPerFrame=2 totalMs=829)
[FT] avgMs=33 worstMs=63 swapWait=0ms flushMs=0ms draws=650 decodes=760 decMs=431
[VRAM] out of slots -> GPU drain #4673 (alloc=49 worstPerFrame=2 totalMs=841)
[VRAM] decode #40960
[VRAM] out of slots -> GPU drain #4737 (alloc=49 worstPerFrame=2 totalMs=850)
[VRAM] decode #41472
[FT] avgMs=33 worstMs=66 swapWait=0ms flushMs=0ms draws=667 decodes=802 decMs=439
[CHNK] n=4 s0=-1,6,st3 s1=0,6,st3 s2=0,0,st0 s3=0,0,st0
[VRAM] out of slots -> GPU drain #4801 (alloc=49 worstPerFrame=2 totalMs=861)
[VRAM] decode #41984
[VRAM] out of slots -> GPU drain #4865 (alloc=49 worstPerFrame=2 totalMs=870)
[SH-XBOX] vblank 8400
[MEM] tick: free=2592KB (648 pages)
[FT] avgMs=33 worstMs=69 swapWait=0ms flushMs=0ms draws=656 decodes=736 decMs=408
[VRAM] decode #42496
[VRAM] out of slots -> GPU drain #4929 (alloc=49 worstPerFrame=2 totalMs=881)
[VRAM] out of slots -> GPU drain #4993 (alloc=49 worstPerFrame=2 totalMs=892)
[VRAM] decode #43008
[FT] avgMs=33 worstMs=68 swapWait=0ms flushMs=0ms draws=656 decodes=764 decMs=430
[VRAM] out of slots -> GPU drain #5057 (alloc=49 worstPerFrame=2 totalMs=900)
[VRAM] decode #43520
[VRAM] out of slots -> GPU drain #5121 (alloc=49 worstPerFrame=2 totalMs=907)
[FT] avgMs=33 worstMs=62 swapWait=0ms flushMs=0ms draws=666 decodes=792 decMs=460
[VRAM] decode #44032
[VRAM] out of slots -> GPU drain #5185 (alloc=49 worstPerFrame=2 totalMs=921)
[VRAM] decode #44544
[VRAM] out of slots -> GPU drain #5249 (alloc=49 worstPerFrame=2 totalMs=934)
[FT] avgMs=33 worstMs=66 swapWait=0ms flushMs=0ms draws=652 decodes=762 decMs=397
[VRAM] out of slots -> GPU drain #5313 (alloc=49 worstPerFrame=2 totalMs=944)
[VRAM] decode #45056
[RA] watch 84008: state=2 unlocked=1786116799 flags[4B4]=00 flags[4A1]=00 word4=0x00000000 setbits=43 map=1/36
[VRAM] out of slots -> GPU drain #5377 (alloc=49 worstPerFrame=2 totalMs=959)
[FT] avgMs=34 worstMs=97 swapWait=0ms flushMs=0ms draws=659 decodes=792 decMs=417
[VRAM] decode #45568
[CHNK] n=4 s0=-1,6,st3 s1=0,6,st3 s2=0,0,st0 s3=0,0,st0
[RA] http POST http://retroachievements.org/dorequest.php
[NET] POST retroachievements.org -> 200 (16 bytes)
[RA] http -> status=200 bodyLen=16 body='{"Success":true}'
[VRAM] out of slots -> GPU drain #5441 (alloc=49 worstPerFrame=2 totalMs=974)
[VRAM] decode #46080
[SH-XBOX] vblank 9000
[MEM] tick: free=2592KB (648 pages)
[VRAM] out of slots -> GPU drain #5505 (alloc=49 worstPerFrame=2 totalMs=980)
[FT] avgMs=37 worstMs=425 swapWait=0ms flushMs=0ms draws=661 decodes=760 decMs=404
[VRAM] decode #46592
[VRAM] out of slots -> GPU drain #5569 (alloc=49 worstPerFrame=2 totalMs=988)
[FT] avgMs=33 worstMs=68 swapWait=0ms flushMs=0ms draws=654 decodes=800 decMs=448
[VRAM] decode #47104
[VRAM] out of slots -> GPU drain #5633 (alloc=49 worstPerFrame=2 totalMs=1002)
[VRAM] out of slots -> GPU drain #5697 (alloc=49 worstPerFrame=2 totalMs=1006)
[VRAM] decode #47616
[FT] avgMs=33 worstMs=64 swapWait=0ms flushMs=0ms draws=663 decodes=748 decMs=407
[VRAM] out of slots -> GPU drain #5761 (alloc=49 worstPerFrame=2 totalMs=1014)
[VRAM] decode #48128
[VRAM] out of slots -> GPU drain #5825 (alloc=49 worstPerFrame=2 totalMs=1025)
[FT] avgMs=33 worstMs=68 swapWait=0ms flushMs=0ms draws=655 decodes=772 decMs=422
[VRAM] decode #48640
[VRAM] out of slots -> GPU drain #5889 (alloc=49 worstPerFrame=2 totalMs=1035)
[VRAM] decode #49152
[VRAM] out of slots -> GPU drain #5953 (alloc=49 worstPerFrame=2 totalMs=1050)
[FT] avgMs=33 worstMs=66 swapWait=0ms flushMs=0ms draws=656 decodes=796 decMs=431
[CHNK] n=4 s0=-1,6,st3 s1=0,6,st3 s2=0,0,st0 s3=0,0,st0
[VRAM] out of slots -> GPU drain #6017 (alloc=49 worstPerFrame=2 totalMs=1060)
[VRAM] decode #49664
[VRAM] out of slots -> GPU drain #6081 (alloc=49 worstPerFrame=2 totalMs=1074)
[SH-XBOX] vblank 9600
[MEM] tick: free=2592KB (648 pages)
[FT] avgMs=33 worstMs=68 swapWait=0ms flushMs=0ms draws=665 decodes=756 decMs=431
[VRAM] decode #50176
[VRAM] out of slots -> GPU drain #6145 (alloc=49 worstPerFrame=2 totalMs=1085)
[VRAM] decode #50688
[VRAM] out of slots -> GPU drain #6209 (alloc=49 worstPerFrame=2 totalMs=1095)
[FT] avgMs=33 worstMs=64 swapWait=0ms flushMs=0ms draws=655 decodes=770 decMs=402
[VRAM] decode #51200
[VRAM] out of slots -> GPU drain #6273 (alloc=49 worstPerFrame=2 totalMs=1108)
[VRAM] out of slots -> GPU drain #6337 (alloc=49 worstPerFrame=2 totalMs=1119)
[FT] avgMs=33 worstMs=67 swapWait=0ms flushMs=0ms draws=665 decodes=724 decMs=383
[VRAM] decode #51712
[VRAM] out of slots -> GPU drain #6401 (alloc=49 worstPerFrame=2 totalMs=1127)
[VRAM] decode #52224
[VRAM] out of slots -> GPU drain #6465 (alloc=49 worstPerFrame=2 totalMs=1137)
[FT] avgMs=33 worstMs=70 swapWait=0ms flushMs=0ms draws=662 decodes=764 decMs=422
[VRAM] decode #52736
[VRAM] out of slots -> GPU drain #6529 (alloc=49 worstPerFrame=2 totalMs=1144)
[FT] avgMs=33 worstMs=69 swapWait=0ms flushMs=0ms draws=657 decodes=776 decMs=436
[VRAM] out of slots -> GPU drain #6593 (alloc=49 worstPerFrame=2 totalMs=1154)
[CHNK] n=4 s0=-1,6,st3 s1=0,6,st3 s2=0,0,st0 s3=0,0,st0
[VRAM] decode #53248
[VRAM] out of slots -> GPU drain #6657 (alloc=49 worstPerFrame=2 totalMs=1165)
[VRAM] decode #53760
[SH-XBOX] vblank 10200
[MEM] tick: free=2592KB (648 pages)
[FT] avgMs=33 worstMs=64 swapWait=0ms flushMs=0ms draws=664 decodes=770 decMs=433
[VRAM] out of slots -> GPU drain #6721 (alloc=49 worstPerFrame=2 totalMs=1175)
[VRAM] decode #54272
[VRAM] out of slots -> GPU drain #6785 (alloc=49 worstPerFrame=2 totalMs=1182)
[FT] avgMs=33 worstMs=67 swapWait=0ms flushMs=0ms draws=655 decodes=788 decMs=451
[VRAM] decode #54784
[VRAM] out of slots -> GPU drain #6849 (alloc=49 worstPerFrame=2 totalMs=1193)
[VRAM] out of slots -> GPU drain #6913 (alloc=49 worstPerFrame=2 totalMs=1208)
[VRAM] decode #55296
[FT] avgMs=33 worstMs=70 swapWait=0ms flushMs=0ms draws=659 decodes=760 decMs=409
[VRAM] out of slots -> GPU drain #6977 (alloc=49 worstPerFrame=2 totalMs=1217)
[VRAM] decode #55808
[VRAM] out of slots -> GPU drain #7041 (alloc=49 worstPerFrame=2 totalMs=1227)
[VRAM] decode #56320
[FT] avgMs=33 worstMs=68 swapWait=0ms flushMs=0ms draws=666 decodes=842 decMs=485
[VRAM] out of slots -> GPU drain #7105 (alloc=49 worstPerFrame=2 totalMs=1238)
[VRAM] decode #56832
[RA] watch 84008: state=2 unlocked=1786116799 flags[4B4]=00 flags[4A1]=00 word4=0x00000000 setbits=43 map=1/36
[VRAM] out of slots -> GPU drain #7169 (alloc=49 worstPerFrame=2 totalMs=1248)
[FT] avgMs=33 worstMs=64 swapWait=0ms flushMs=0ms draws=654 decodes=752 decMs=400
[CHNK] n=4 s0=-1,6,st3 s1=0,6,st3 s2=0,0,st0 s3=0,0,st0
[VRAM] decode #57344
[VRAM] out of slots -> GPU drain #7233 (alloc=49 worstPerFrame=2 totalMs=1258)
[VRAM] out of slots -> GPU drain #7297 (alloc=49 worstPerFrame=2 totalMs=1267)
[VRAM] decode #57856
[SH-XBOX] vblank 10800
[MEM] tick: free=2592KB (648 pages)
[FT] avgMs=33 worstMs=66 swapWait=0ms flushMs=0ms draws=669 decodes=826 decMs=467
[VRAM] out of slots -> GPU drain #7361 (alloc=49 worstPerFrame=2 totalMs=1291)
[FT] avgMs=33 worstMs=69 swapWait=0ms flushMs=0ms draws=640 decodes=313 decMs=174
[VRAM] decode #58368
[VRAM] out of slots -> GPU drain #7425 (alloc=49 worstPerFrame=2 totalMs=1306)
[VRAM] decode #58880
[VRAM] decode #59392
[VRAM] out of slots -> GPU drain #7489 (alloc=49 worstPerFrame=2 totalMs=1307)
[FT] avgMs=34 worstMs=66 swapWait=0ms flushMs=0ms draws=590 decodes=1267 decMs=703
[SYSSTATE] dispatch sysState=2 mapEventData=0
[FOGST-GPU] clear=0xff000000
[SH-XBOX] GameState -> 19 (step 0)
[BOOT0/TIM] PostLoadTim file=1485 'HEROPIC2.TIM' ss=0x5bb6 img.u=12 img.v=103 tPage=1,31 clutX=224 clutY=13
[BOOT0/TIM] post ReadTIM: prect=0xfac934 caddr=0xfac730 paddr=0xfac93c mode=9
[BOOT0/TIM] pre pixel LoadImage rect=(972,359 52x152)
[BOOT0/TIM] pre CLUT LoadImage rect=(224,13 256x1)
[BOOT0/TIM] PostLoadTim done
[SH-XBOX] GameState -> 14 (step 0)
[ITEMPICK] map-pack link: slot=2 loadableIdx=0 nobj=34 obj=ok
[ITEMPICK] map-pack link: slot=3 loadableIdx=8 nobj=34 obj=ok
[ITEMPICK] map-pack link: slot=4 loadableIdx=3 nobj=34 obj=ok
[ITEMPICK] map-pack link: slot=5 loadableIdx=15 nobj=34 obj=ok
[ITEMPICK] map-pack link: slot=6 loadableIdx=16 nobj=34 obj=ok
[ITEMPICK] map-pack link: slot=7 loadableIdx=8 nobj=34 obj=ok
[ITEMZ] tagged=383 hit=383 szmin=9018 szmax=13123 otzSpan=1920
[ZETA] wrote=0/6 min=16777215 max=0 fedZ=838860 bbox=394,125..1015,450 raw=FFFFFF00 FFFFFF00 FFFFFF00 FFFFFF00 FFFFFF00 FFFFFF00
[ITEMZ] tagged=356 hit=356 szmin=9036 szmax=13123 otzSpan=1920
[ZETA] wrote=0/6 min=16777215 max=0 fedZ=839784 bbox=394,117..1015,450 raw=FFFFFF00 FFFFFF00 FFFFFF00 FFFFFF00 FFFFFF00 FFFFFF00
[FT] avgMs=25 worstMs=117 swapWait=0ms flushMs=0ms draws=243 decodes=53 decMs=31
[SFX] Sd_PlaySfx: sfxId=1305 (Sfx_Base+25) vol=64
[ITEMZ] tagged=348 hit=348 szmin=8988 szmax=13123 otzSpan=1920
[ZETA] wrote=0/6 min=16777215 max=0 fedZ=838860 bbox=394,117..1015,450 raw=FFFFFF00 FFFFFF00 FFFFFF00 FFFFFF00 FFFFFF00 FFFFFF00
[SFX] Sd_PlaySfx: sfxId=1305 (Sfx_Base+25) vol=64
[ITEMZ] tagged=376 hit=376 szmin=9045 szmax=13123 otzSpan=1920
[ZETA] wrote=0/6 min=16777215 max=0 fedZ=852732 bbox=394,125..1015,450 raw=FFFFFF00 FFFFFF00 FFFFFF00 FFFFFF00 FFFFFF00 FFFFFF00
[ITEMZ] tagged=416 hit=416 szmin=9128 szmax=13123 otzSpan=1920
[ZETA] wrote=0/6 min=16777215 max=0 fedZ=838860 bbox=394,125..1015,450 raw=FFFFFF00 FFFFFF00 FFFFFF00 FFFFFF00 FFFFFF00 FFFFFF00
[FT] avgMs=17 worstMs=46 swapWait=0ms flushMs=0ms draws=110 decodes=0 decMs=0
[ITEMZ] tagged=415 hit=415 szmin=9032 szmax=13123 otzSpan=1920
[ZETA] wrote=0/6 min=16777215 max=0 fedZ=838860 bbox=394,117..1015,450 raw=FFFFFF00 FFFFFF00 FFFFFF00 FFFFFF00 FFFFFF00 FFFFFF00
[ITEMZ] tagged=366 hit=366 szmin=9019 szmax=13123 otzSpan=1920
[ZETA] wrote=0/6 min=16777215 max=0 fedZ=842538 bbox=394,117..1015,450 raw=FFFFFF00 FFFFFF00 FFFFFF00 FFFFFF00 FFFFFF00 FFFFFF00
[ITEMZ] tagged=369 hit=369 szmin=9074 szmax=13123 otzSpan=1920
[ZETA] wrote=0/6 min=16777215 max=0 fedZ=849108 bbox=394,125..1015,450 raw=FFFFFF00 FFFFFF00 FFFFFF00 FFFFFF00 FFFFFF00 FFFFFF00
[ITEMZ] tagged=383 hit=383 szmin=9018 szmax=13123 otzSpan=1920
[ZETA] wrote=0/6 min=16777215 max=0 fedZ=838860 bbox=394,125..1015,450 raw=FFFFFF00 FFFFFF00 FFFFFF00 FFFFFF00 FFFFFF00 FFFFFF00
[SH-XBOX] vblank 11400
[MEM] tick: free=2592KB (648 pages)
[FT] avgMs=17 worstMs=53 swapWait=0ms flushMs=0ms draws=110 decodes=0 decMs=0
[ITEMZ] tagged=356 hit=356 szmin=9036 szmax=13123 otzSpan=1920
[ZETA] wrote=0/6 min=16777215 max=0 fedZ=839784 bbox=394,117..1015,450 raw=FFFFFF00 FFFFFF00 FFFFFF00 FFFFFF00 FFFFFF00 FFFFFF00
[ITEMZ] tagged=348 hit=348 szmin=8988 szmax=13123 otzSpan=1920
[ZETA] wrote=0/6 min=16777215 max=0 fedZ=838860 bbox=394,117..1015,450 raw=FFFFFF00 FFFFFF00 FFFFFF00 FFFFFF00 FFFFFF00 FFFFFF00
[ITEMZ] tagged=376 hit=376 szmin=9045 szmax=13123 otzSpan=1920
[ZETA] wrote=0/6 min=16777215 max=0 fedZ=852732 bbox=394,125..1015,450 raw=FFFFFF00 FFFFFF00 FFFFFF00 FFFFFF00 FFFFFF00 FFFFFF00
[ITEMZ] tagged=416 hit=416 szmin=9128 szmax=13123 otzSpan=1920
[ZETA] wrote=0/6 min=16777215 max=0 fedZ=838860 bbox=394,125..1015,450 raw=FFFFFF00 FFFFFF00 FFFFFF00 FFFFFF00 FFFFFF00 FFFFFF00
[FT] avgMs=17 worstMs=51 swapWait=0ms flushMs=0ms draws=110 decodes=0 decMs=0
[ITEMZ] tagged=415 hit=415 szmin=9032 szmax=13123 otzSpan=1920
[ZETA] wrote=0/6 min=16777215 max=0 fedZ=838860 bbox=394,117..1015,450 raw=FFFFFF00 FFFFFF00 FFFFFF00 FFFFFF00 FFFFFF00 FFFFFF00
[ITEMZ] tagged=366 hit=366 szmin=9019 szmax=13123 otzSpan=1920
[ZETA] wrote=0/6 min=16777215 max=0 fedZ=842538 bbox=394,117..1015,450 raw=FFFFFF00 FFFFFF00 FFFFFF00 FFFFFF00 FFFFFF00 FFFFFF00
[ITEMZ] tagged=369 hit=369 szmin=9074 szmax=13123 otzSpan=1920
[ZETA] wrote=0/6 min=16777215 max=0 fedZ=849108 bbox=394,125..1015,450 raw=FFFFFF00 FFFFFF00 FFFFFF00 FFFFFF00 FFFFFF00 FFFFFF00
[ITEMZ] tagged=383 hit=383 szmin=9018 szmax=13123 otzSpan=1920
[ZETA] wrote=0/6 min=16777215 max=0 fedZ=838860 bbox=394,125..1015,450 raw=FFFFFF00 FFFFFF00 FFFFFF00 FFFFFF00 FFFFFF00 FFFFFF00
[FT] avgMs=17 worstMs=46 swapWait=0ms flushMs=0ms draws=110 decodes=0 decMs=0
[ITEMZ] tagged=356 hit=356 szmin=9036 szmax=13123 otzSpan=1920
[ZETA] wrote=0/6 min=16777215 max=0 fedZ=839784 bbox=394,117..1015,450 raw=FFFFFF00 FFFFFF00 FFFFFF00 FFFFFF00 FFFFFF00 FFFFFF00
[ITEMZ] tagged=348 hit=348 szmin=8988 szmax=13123 otzSpan=1920
[ZETA] wrote=0/6 min=16777215 max=0 fedZ=838860 bbox=394,117..1015,450 raw=FFFFFF00 FFFFFF00 FFFFFF00 FFFFFF00 FFFFFF00 FFFFFF00
[ITEMZ] tagged=376 hit=376 szmin=9045 szmax=13123 otzSpan=1920
[ZETA] wrote=0/6 min=16777215 max=0 fedZ=852732 bbox=394,125..1015,450 raw=FFFFFF00 FFFFFF00 FFFFFF00 FFFFFF00 FFFFFF00 FFFFFF00
[FT] avgMs=17 worstMs=54 swapWait=0ms flushMs=0ms draws=110 decodes=0 decMs=0
[ITEMZ] tagged=416 hit=416 szmin=9128 szmax=13123 otzSpan=1920
[ZETA] wrote=0/6 min=16777215 max=0 fedZ=838860 bbox=394,125..1015,450 raw=FFFFFF00 FFFFFF00 FFFFFF00 FFFFFF00 FFFFFF00 FFFFFF00
[ITEMZ] tagged=415 hit=415 szmin=9032 szmax=13123 otzSpan=1920
[ZETA] wrote=0/6 min=16777215 max=0 fedZ=838860 bbox=394,117..1015,450 raw=FFFFFF00 FFFFFF00 FFFFFF00 FFFFFF00 FFFFFF00 FFFFFF00
[ITEMZ] tagged=366 hit=366 szmin=9019 szmax=13123 otzSpan=1920
[ZETA] wrote=0/6 min=16777215 max=0 fedZ=842538 bbox=394,117..1015,450 raw=FFFFFF00 FFFFFF00 FFFFFF00 FFFFFF00 FFFFFF00 FFFFFF00
[ITEMZ] tagged=369 hit=369 szmin=9074 szmax=13123 otzSpan=1920
[ZETA] wrote=0/6 min=16777215 max=0 fedZ=849108 bbox=394,125..1015,450 raw=FFFFFF00 FFFFFF00 FFFFFF00 FFFFFF00 FFFFFF00 FFFFFF00
[FT] avgMs=17 worstMs=50 swapWait=0ms flushMs=0ms draws=110 decodes=0 decMs=0
[ITEMZ] tagged=383 hit=383 szmin=9018 szmax=13123 otzSpan=1920
[ZETA] wrote=0/6 min=16777215 max=0 fedZ=838860 bbox=394,125..1015,450 raw=FFFFFF00 FFFFFF00 FFFFFF00 FFFFFF00 FFFFFF00 FFFFFF00
[ITEMZ] tagged=356 hit=356 szmin=9036 szmax=13123 otzSpan=1920
[ZETA] wrote=0/6 min=16777215 max=0 fedZ=839784 bbox=394,117..1015,450 raw=FFFFFF00 FFFFFF00 FFFFFF00 FFFFFF00 FFFFFF00 FFFFFF00
[ITEMZ] tagged=348 hit=348 szmin=8988 szmax=13123 otzSpan=1920
[ZETA] wrote=0/6 min=16777215 max=0 fedZ=838860 bbox=394,117..1015,450 raw=FFFFFF00 FFFFFF00 FFFFFF00 FFFFFF00 FFFFFF00 FFFFFF00
[ITEMZ] tagged=376 hit=376 szmin=9045 szmax=13123 otzSpan=1920
[ZETA] wrote=0/6 min=16777215 max=0 fedZ=852732 bbox=394,125..1015,450 raw=FFFFFF00 FFFFFF00 FFFFFF00 FFFFFF00 FFFFFF00 FFFFFF00
[SH-XBOX] vblank 12000
[MEM] tick: free=2592KB (648 pages)
[FT] avgMs=17 worstMs=45 swapWait=0ms flushMs=0ms draws=110 decodes=0 decMs=0
[ITEMZ] tagged=416 hit=416 szmin=9128 szmax=13123 otzSpan=1920
[ZETA] wrote=0/6 min=16777215 max=0 fedZ=838860 bbox=394,125..1015,450 raw=FFFFFF00 FFFFFF00 FFFFFF00 FFFFFF00 FFFFFF00 FFFFFF00
[ITEMZ] tagged=415 hit=415 szmin=9032 szmax=13123 otzSpan=1920
[ZETA] wrote=0/6 min=16777215 max=0 fedZ=838860 bbox=394,117..1015,450 raw=FFFFFF00 FFFFFF00 FFFFFF00 FFFFFF00 FFFFFF00 FFFFFF00
[ITEMZ] tagged=366 hit=366 szmin=9019 szmax=13123 otzSpan=1920
[ZETA] wrote=0/6 min=16777215 max=0 fedZ=842538 bbox=394,117..1015,450 raw=FFFFFF00 FFFFFF00 FFFFFF00 FFFFFF00 FFFFFF00 FFFFFF00
[ITEMZ] tagged=369 hit=369 szmin=9074 szmax=13123 otzSpan=1920
[ZETA] wrote=0/6 min=16777215 max=0 fedZ=849108 bbox=394,125..1015,450 raw=FFFFFF00 FFFFFF00 FFFFFF00 FFFFFF00 FFFFFF00 FFFFFF00
[FT] avgMs=17 worstMs=52 swapWait=0ms flushMs=0ms draws=110 decodes=0 decMs=0
[ITEMZ] tagged=383 hit=383 szmin=9018 szmax=13123 otzSpan=1920
[ZETA] wrote=0/6 min=16777215 max=0 fedZ=838860 bbox=394,125..1015,450 raw=FFFFFF00 FFFFFF00 FFFFFF00 FFFFFF00 FFFFFF00 FFFFFF00
[ITEMZ] tagged=356 hit=356 szmin=9036 szmax=13123 otzSpan=1920
[ZETA] wrote=0/6 min=16777215 max=0 fedZ=839784 bbox=394,117..1015,450 raw=FFFFFF00 FFFFFF00 FFFFFF00 FFFFFF00 FFFFFF00 FFFFFF00
[ITEMZ] tagged=348 hit=348 szmin=8988 szmax=13123 otzSpan=1920
[ZETA] wrote=0/6 min=16777215 max=0 fedZ=838860 bbox=394,117..1015,450 raw=FFFFFF00 FFFFFF00 FFFFFF00 FFFFFF00 FFFFFF00 FFFFFF00
[FT] avgMs=17 worstMs=48 swapWait=0ms flushMs=0ms draws=110 decodes=0 decMs=0
[ITEMZ] tagged=376 hit=376 szmin=9045 szmax=13123 otzSpan=1920
[ZETA] wrote=0/6 min=16777215 max=0 fedZ=852732 bbox=394,125..1015,450 raw=FFFFFF00 FFFFFF00 FFFFFF00 FFFFFF00 FFFFFF00 FFFFFF00
[ITEMZ] tagged=416 hit=416 szmin=9128 szmax=13123 otzSpan=1920
[ZETA] wrote=0/6 min=16777215 max=0 fedZ=838860 bbox=394,125..1015,450 raw=FFFFFF00 FFFFFF00 FFFFFF00 FFFFFF00 FFFFFF00 FFFFFF00
[ITEMZ] tagged=415 hit=415 szmin=9032 szmax=13123 otzSpan=1920
[ZETA] wrote=0/6 min=16777215 max=0 fedZ=838860 bbox=394,117..1015,450 raw=FFFFFF00 FFFFFF00 FFFFFF00 FFFFFF00 FFFFFF00 FFFFFF00
[ITEMZ] tagged=366 hit=366 szmin=9019 szmax=13123 otzSpan=1920
[ZETA] wrote=0/6 min=16777215 max=0 fedZ=842538 bbox=394,117..1015,450 raw=FFFFFF00 FFFFFF00 FFFFFF00 FFFFFF00 FFFFFF00 FFFFFF00
[FT] avgMs=17 worstMs=53 swapWait=0ms flushMs=0ms draws=110 decodes=0 decMs=0
[ITEMZ] tagged=369 hit=369 szmin=9074 szmax=13123 otzSpan=1920
[ZETA] wrote=0/6 min=16777215 max=0 fedZ=849108 bbox=394,125..1015,450 raw=FFFFFF00 FFFFFF00 FFFFFF00 FFFFFF00 FFFFFF00 FFFFFF00
[ITEMZ] tagged=383 hit=383 szmin=9018 szmax=13123 otzSpan=1920
[ZETA] wrote=0/6 min=16777215 max=0 fedZ=838860 bbox=394,125..1015,450 raw=FFFFFF00 FFFFFF00 FFFFFF00 FFFFFF00 FFFFFF00 FFFFFF00
[ITEMZ] tagged=356 hit=356 szmin=9036 szmax=13123 otzSpan=1920
[ZETA] wrote=0/6 min=16777215 max=0 fedZ=839784 bbox=394,117..1015,450 raw=FFFFFF00 FFFFFF00 FFFFFF00 FFFFFF00 FFFFFF00 FFFFFF00
[ITEMZ] tagged=348 hit=348 szmin=8988 szmax=13123 otzSpan=1920
[ZETA] wrote=0/6 min=16777215 max=0 fedZ=838860 bbox=394,117..1015,450 raw=FFFFFF00 FFFFFF00 FFFFFF00 FFFFFF00 FFFFFF00 FFFFFF00
[FT] avgMs=17 worstMs=50 swapWait=0ms flushMs=0ms draws=110 decodes=0 decMs=0
[ITEMZ] tagged=376 hit=376 szmin=9045 szmax=13123 otzSpan=1920
[ZETA] wrote=0/6 min=16777215 max=0 fedZ=852732 bbox=394,125..1015,450 raw=FFFFFF00 FFFFFF00 FFFFFF00 FFFFFF00 FFFFFF00 FFFFFF00
[ITEMZ] tagged=416 hit=416 szmin=9128 szmax=13123 otzSpan=1920
[ZETA] wrote=0/6 min=16777215 max=0 fedZ=838860 bbox=394,125..1015,450 raw=FFFFFF00 FFFFFF00 FFFFFF00 FFFFFF00 FFFFFF00 FFFFFF00
[ITEMZ] tagged=415 hit=415 szmin=9032 szmax=13123 otzSpan=1920
[ZETA] wrote=0/6 min=16777215 max=0 fedZ=838860 bbox=394,117..1015,450 raw=FFFFFF00 FFFFFF00 FFFFFF00 FFFFFF00 FFFFFF00 FFFFFF00
[SH-XBOX] vblank 12600
[MEM] tick: free=2592KB (648 pages)
[ITEMZ] tagged=366 hit=366 szmin=9019 szmax=13123 otzSpan=1920
[ZETA] wrote=0/6 min=16777215 max=0 fedZ=842538 bbox=394,117..1015,450 raw=FFFFFF00 FFFFFF00 FFFFFF00 FFFFFF00 FFFFFF00 FFFFFF00
[FT] avgMs=17 worstMs=46 swapWait=0ms flushMs=0ms draws=110 decodes=0 decMs=0
[ITEMZ] tagged=369 hit=369 szmin=9074 szmax=13123 otzSpan=1920
[ZETA] wrote=0/6 min=16777215 max=0 fedZ=849108 bbox=394,125..1015,450 raw=FFFFFF00 FFFFFF00 FFFFFF00 FFFFFF00 FFFFFF00 FFFFFF00
[ITEMZ] tagged=383 hit=383 szmin=9018 szmax=13123 otzSpan=1920
[ZETA] wrote=0/6 min=16777215 max=0 fedZ=838860 bbox=394,125..1015,450 raw=FFFFFF00 FFFFFF00 FFFFFF00 FFFFFF00 FFFFFF00 FFFFFF00
[ITEMZ] tagged=356 hit=356 szmin=9036 szmax=13123 otzSpan=1920
[ZETA] wrote=0/6 min=16777215 max=0 fedZ=839784 bbox=394,117..1015,450 raw=FFFFFF00 FFFFFF00 FFFFFF00 FFFFFF00 FFFFFF00 FFFFFF00
[FT] avgMs=17 worstMs=65 swapWait=0ms flushMs=0ms draws=110 decodes=0 decMs=0
[ITEMZ] tagged=348 hit=348 szmin=8988 szmax=13123 otzSpan=1920
[ZETA] wrote=0/6 min=16777215 max=0 fedZ=838860 bbox=394,117..1015,450 raw=FFFFFF00 FFFFFF00 FFFFFF00 FFFFFF00 FFFFFF00 FFFFFF00
[ITEMZ] tagged=376 hit=376 szmin=9045 szmax=13123 otzSpan=1920
[ZETA] wrote=0/6 min=16777215 max=0 fedZ=852732 bbox=394,125..1015,450 raw=FFFFFF00 FFFFFF00 FFFFFF00 FFFFFF00 FFFFFF00 FFFFFF00
[ITEMZ] tagged=416 hit=416 szmin=9128 szmax=13123 otzSpan=1920
[ZETA] wrote=0/6 min=16777215 max=0 fedZ=838860 bbox=394,125..1015,450 raw=FFFFFF00 FFFFFF00 FFFFFF00 FFFFFF00 FFFFFF00 FFFFFF00
[ITEMZ] tagged=415 hit=415 szmin=9032 szmax=13123 otzSpan=1920
[ZETA] wrote=0/6 min=16777215 max=0 fedZ=838860 bbox=394,117..1015,450 raw=FFFFFF00 FFFFFF00 FFFFFF00 FFFFFF00 FFFFFF00 FFFFFF00
[FT] avgMs=17 worstMs=52 swapWait=0ms flushMs=0ms draws=110 decodes=0 decMs=0
[ITEMZ] tagged=366 hit=366 szmin=9019 szmax=13123 otzSpan=1920
[ZETA] wrote=0/6 min=16777215 max=0 fedZ=842538 bbox=394,117..1015,450 raw=FFFFFF00 FFFFFF00 FFFFFF00 FFFFFF00 FFFFFF00 FFFFFF00
[ITEMZ] tagged=369 hit=369 szmin=9074 szmax=13123 otzSpan=1920
[ZETA] wrote=0/6 min=16777215 max=0 fedZ=849108 bbox=394,125..1015,450 raw=FFFFFF00 FFFFFF00 FFFFFF00 FFFFFF00 FFFFFF00 FFFFFF00
[ITEMZ] tagged=383 hit=383 szmin=9018 szmax=13123 otzSpan=1920
[ZETA] wrote=0/6 min=16777215 max=0 fedZ=838860 bbox=394,125..1015,450 raw=FFFFFF00 FFFFFF00 FFFFFF00 FFFFFF00 FFFFFF00 FFFFFF00
[ITEMZ] tagged=356 hit=356 szmin=9036 szmax=13123 otzSpan=1920
[ZETA] wrote=0/6 min=16777215 max=0 fedZ=839784 bbox=394,117..1015,450 raw=FFFFFF00 FFFFFF00 FFFFFF00 FFFFFF00 FFFFFF00 FFFFFF00
[FT] avgMs=17 worstMs=49 swapWait=0ms flushMs=0ms draws=110 decodes=0 decMs=0
[ITEMZ] tagged=348 hit=348 szmin=8988 szmax=13123 otzSpan=1920
[ZETA] wrote=0/6 min=16777215 max=0 fedZ=838860 bbox=394,117..1015,450 raw=FFFFFF00 FFFFFF00 FFFFFF00 FFFFFF00 FFFFFF00 FFFFFF00
[ITEMZ] tagged=376 hit=376 szmin=9045 szmax=13123 otzSpan=1920
[ZETA] wrote=0/6 min=16777215 max=0 fedZ=852732 bbox=394,125..1015,450 raw=FFFFFF00 FFFFFF00 FFFFFF00 FFFFFF00 FFFFFF00 FFFFFF00
[ITEMZ] tagged=416 hit=416 szmin=9128 szmax=13123 otzSpan=1920
[ZETA] wrote=0/6 min=16777215 max=0 fedZ=838860 bbox=394,125..1015,450 raw=FFFFFF00 FFFFFF00 FFFFFF00 FFFFFF00 FFFFFF00 FFFFFF00
[ITEMZ] tagged=415 hit=415 szmin=9032 szmax=13123 otzSpan=1920
[ZETA] wrote=0/6 min=16777215 max=0 fedZ=838860 bbox=394,117..1015,450 raw=FFFFFF00 FFFFFF00 FFFFFF00 FFFFFF00 FFFFFF00 FFFFFF00
[FT] avgMs=17 worstMs=46 swapWait=0ms flushMs=0ms draws=110 decodes=0 decMs=0
[ITEMZ] tagged=366 hit=366 szmin=9019 szmax=13123 otzSpan=1920
[ZETA] wrote=0/6 min=16777215 max=0 fedZ=842538 bbox=394,117..1015,450 raw=FFFFFF00 FFFFFF00 FFFFFF00 FFFFFF00 FFFFFF00 FFFFFF00
[ITEMZ] tagged=369 hit=369 szmin=9074 szmax=13123 otzSpan=1920
[ZETA] wrote=0/6 min=16777215 max=0 fedZ=849108 bbox=394,125..1015,450 raw=FFFFFF00 FFFFFF00 FFFFFF00 FFFFFF00 FFFFFF00 FFFFFF00
[ITEMZ] tagged=383 hit=383 szmin=9018 szmax=13123 otzSpan=1920
[ZETA] wrote=0/6 min=16777215 max=0 fedZ=838860 bbox=394,125..1015,450 raw=FFFFFF00 FFFFFF00 FFFFFF00 FFFFFF00 FFFFFF00 FFFFFF00
[SH-XBOX] vblank 13200
[MEM] tick: free=2592KB (648 pages)
[FT] avgMs=17 worstMs=53 swapWait=0ms flushMs=0ms draws=110 decodes=0 decMs=0
[ITEMZ] tagged=356 hit=356 szmin=9036 szmax=13123 otzSpan=1920
[ZETA] wrote=0/6 min=16777215 max=0 fedZ=839784 bbox=394,117..1015,450 raw=FFFFFF00 FFFFFF00 FFFFFF00 FFFFFF00 FFFFFF00 FFFFFF00
[ITEMZ] tagged=348 hit=348 szmin=8988 szmax=13123 otzSpan=1920
[ZETA] wrote=0/6 min=16777215 max=0 fedZ=838860 bbox=394,117..1015,450 raw=FFFFFF00 FFFFFF00 FFFFFF00 FFFFFF00 FFFFFF00 FFFFFF00
[ITEMZ] tagged=376 hit=376 szmin=9045 szmax=13123 otzSpan=1920
[ZETA] wrote=0/6 min=16777215 max=0 fedZ=852732 bbox=394,125..1015,450 raw=FFFFFF00 FFFFFF00 FFFFFF00 FFFFFF00 FFFFFF00 FFFFFF00
[ITEMZ] tagged=416 hit=416 szmin=9128 szmax=13123 otzSpan=1920
[ZETA] wrote=0/6 min=16777215 max=0 fedZ=838860 bbox=394,125..1015,450 raw=FFFFFF00 FFFFFF00 FFFFFF00 FFFFFF00 FFFFFF00 FFFFFF00
[FT] avgMs=17 worstMs=48 swapWait=0ms flushMs=1ms draws=110 decodes=0 decMs=0
[ITEMZ] tagged=415 hit=415 szmin=9032 szmax=13123 otzSpan=1920
[ZETA] wrote=0/6 min=16777215 max=0 fedZ=838860 bbox=394,117..1015,450 raw=FFFFFF00 FFFFFF00 FFFFFF00 FFFFFF00 FFFFFF00 FFFFFF00
[ITEMZ] tagged=366 hit=366 szmin=9019 szmax=13123 otzSpan=1920
[ZETA] wrote=0/6 min=16777215 max=0 fedZ=842538 bbox=394,117..1015,450 raw=FFFFFF00 FFFFFF00 FFFFFF00 FFFFFF00 FFFFFF00 FFFFFF00
[ITEMZ] tagged=369 hit=369 szmin=9074 szmax=13123 otzSpan=1920
[ZETA] wrote=0/6 min=16777215 max=0 fedZ=849108 bbox=394,125..1015,450 raw=FFFFFF00 FFFFFF00 FFFFFF00 FFFFFF00 FFFFFF00 FFFFFF00
[ITEMZ] tagged=383 hit=383 szmin=9018 szmax=13123 otzSpan=1920
[ZETA] wrote=0/6 min=16777215 max=0 fedZ=838860 bbox=394,125..1015,450 raw=FFFFFF00 FFFFFF00 FFFFFF00 FFFFFF00 FFFFFF00 FFFFFF00
[FT] avgMs=17 worstMs=53 swapWait=0ms flushMs=0ms draws=110 decodes=0 decMs=0
[ITEMZ] tagged=356 hit=356 szmin=9036 szmax=13123 otzSpan=1920
[ZETA] wrote=0/6 min=16777215 max=0 fedZ=839784 bbox=394,117..1015,450 raw=FFFFFF00 FFFFFF00 FFFFFF00 FFFFFF00 FFFFFF00 FFFFFF00
[ITEMZ] tagged=348 hit=348 szmin=8988 szmax=13123 otzSpan=1920
[ZETA] wrote=0/6 min=16777215 max=0 fedZ=838860 bbox=394,117..1015,450 raw=FFFFFF00 FFFFFF00 FFFFFF00 FFFFFF00 FFFFFF00 FFFFFF00
[ITEMZ] tagged=376 hit=376 szmin=9045 szmax=13123 otzSpan=1920
[ZETA] wrote=0/6 min=16777215 max=0 fedZ=852732 bbox=394,125..1015,450 raw=FFFFFF00 FFFFFF00 FFFFFF00 FFFFFF00 FFFFFF00 FFFFFF00
[ITEMZ] tagged=416 hit=416 szmin=9128 szmax=13123 otzSpan=1920
[ZETA] wrote=0/6 min=16777215 max=0 fedZ=838860 bbox=394,125..1015,450 raw=FFFFFF00 FFFFFF00 FFFFFF00 FFFFFF00 FFFFFF00 FFFFFF00
[FT] avgMs=17 worstMs=51 swapWait=0ms flushMs=0ms draws=110 decodes=0 decMs=0
[ITEMZ] tagged=415 hit=415 szmin=9032 szmax=13123 otzSpan=1920
[ZETA] wrote=0/6 min=16777215 max=0 fedZ=838860 bbox=394,117..1015,450 raw=FFFFFF00 FFFFFF00 FFFFFF00 FFFFFF00 FFFFFF00 FFFFFF00
[ITEMZ] tagged=366 hit=366 szmin=9019 szmax=13123 otzSpan=1920
[ZETA] wrote=0/6 min=16777215 max=0 fedZ=842538 bbox=394,117..1015,450 raw=FFFFFF00 FFFFFF00 FFFFFF00 FFFFFF00 FFFFFF00 FFFFFF00
[ITEMZ] tagged=369 hit=369 szmin=9074 szmax=13123 otzSpan=1920
[ZETA] wrote=0/6 min=16777215 max=0 fedZ=849108 bbox=394,125..1015,450 raw=FFFFFF00 FFFFFF00 FFFFFF00 FFFFFF00 FFFFFF00 FFFFFF00
[FT] avgMs=17 worstMs=47 swapWait=1ms flushMs=0ms draws=110 decodes=0 decMs=0
[ITEMZ] tagged=383 hit=383 szmin=9018 szmax=13123 otzSpan=1920
[ZETA] wrote=0/6 min=16777215 max=0 fedZ=838860 bbox=394,125..1015,450 raw=FFFFFF00 FFFFFF00 FFFFFF00 FFFFFF00 FFFFFF00 FFFFFF00
[RA] http POST http://retroachievements.org/dorequest.php
[NET] POST retroachievements.org -> 200 (16 bytes)
[RA] http -> status=200 bodyLen=16 body='{"Success":true}'
[ITEMZ] tagged=356 hit=356 szmin=9036 szmax=13123 otzSpan=1920
[ZETA] wrote=0/6 min=16777215 max=0 fedZ=839784 bbox=394,117..1015,450 raw=FFFFFF00 FFFFFF00 FFFFFF00 FFFFFF00 FFFFFF00 FFFFFF00
[ITEMZ] tagged=348 hit=348 szmin=8988 szmax=13123 otzSpan=1920
[ZETA] wrote=0/6 min=16777215 max=0 fedZ=838860 bbox=394,117..1015,450 raw=FFFFFF00 FFFFFF00 FFFFFF00 FFFFFF00 FFFFFF00 FFFFFF00
[ITEMZ] tagged=376 hit=376 szmin=9045 szmax=13123 otzSpan=1920
[ZETA] wrote=0/6 min=16777215 max=0 fedZ=852732 bbox=394,125..1015,450 raw=FFFFFF00 FFFFFF00 FFFFFF00 FFFFFF00 FFFFFF00 FFFFFF00
[SH-XBOX] vblank 13800
[MEM] tick: free=2592KB (648 pages)
[FT] avgMs=20 worstMs=458 swapWait=0ms flushMs=0ms draws=110 decodes=0 decMs=0
[ITEMZ] tagged=416 hit=416 szmin=9128 szmax=13123 otzSpan=1920
[ZETA] wrote=0/6 min=16777215 max=0 fedZ=838860 bbox=394,125..1015,450 raw=FFFFFF00 FFFFFF00 FFFFFF00 FFFFFF00 FFFFFF00 FFFFFF00
[ITEMZ] tagged=415 hit=415 szmin=9032 szmax=13123 otzSpan=1920
[ZETA] wrote=0/6 min=16777215 max=0 fedZ=838860 bbox=394,117..1015,450 raw=FFFFFF00 FFFFFF00 FFFFFF00 FFFFFF00 FFFFFF00 FFFFFF00
[ITEMZ] tagged=366 hit=366 szmin=9019 szmax=13123 otzSpan=1920
[ZETA] wrote=0/6 min=16777215 max=0 fedZ=842538 bbox=394,117..1015,450 raw=FFFFFF00 FFFFFF00 FFFFFF00 FFFFFF00 FFFFFF00 FFFFFF00
[ITEMZ] tagged=369 hit=369 szmin=9074 szmax=13123 otzSpan=1920
[ZETA] wrote=0/6 min=16777215 max=0 fedZ=849108 bbox=394,125..1015,450 raw=FFFFFF00 FFFFFF00 FFFFFF00 FFFFFF00 FFFFFF00 FFFFFF00
[FT] avgMs=17 worstMs=48 swapWait=0ms flushMs=0ms draws=110 decodes=0 decMs=0
[ITEMZ] tagged=383 hit=383 szmin=9018 szmax=13123 otzSpan=1920
[ZETA] wrote=0/6 min=16777215 max=0 fedZ=838860 bbox=394,125..1015,450 raw=FFFFFF00 FFFFFF00 FFFFFF00 FFFFFF00 FFFFFF00 FFFFFF00
[ITEMZ] tagged=356 hit=356 szmin=9036 szmax=13123 otzSpan=1920
[ZETA] wrote=0/6 min=16777215 max=0 fedZ=839784 bbox=394,117..1015,450 raw=FFFFFF00 FFFFFF00 FFFFFF00 FFFFFF00 FFFFFF00 FFFFFF00
[ITEMZ] tagged=348 hit=348 szmin=8988 szmax=13123 otzSpan=1920
[ZETA] wrote=0/6 min=16777215 max=0 fedZ=838860 bbox=394,117..1015,450 raw=FFFFFF00 FFFFFF00 FFFFFF00 FFFFFF00 FFFFFF00 FFFFFF00
[ITEMZ] tagged=376 hit=376 szmin=9045 szmax=13123 otzSpan=1920
[ZETA] wrote=0/6 min=16777215 max=0 fedZ=852732 bbox=394,125..1015,450 raw=FFFFFF00 FFFFFF00 FFFFFF00 FFFFFF00 FFFFFF00 FFFFFF00
[FT] avgMs=17 worstMs=54 swapWait=1ms flushMs=0ms draws=110 decodes=0 decMs=0
[ITEMZ] tagged=416 hit=416 szmin=9128 szmax=13123 otzSpan=1920
[ZETA] wrote=0/6 min=16777215 max=0 fedZ=838860 bbox=394,125..1015,450 raw=FFFFFF00 FFFFFF00 FFFFFF00 FFFFFF00 FFFFFF00 FFFFFF00
[ITEMZ] tagged=415 hit=415 szmin=9032 szmax=13123 otzSpan=1920
[ZETA] wrote=0/6 min=16777215 max=0 fedZ=838860 bbox=394,117..1015,450 raw=FFFFFF00 FFFFFF00 FFFFFF00 FFFFFF00 FFFFFF00 FFFFFF00
[ITEMZ] tagged=366 hit=366 szmin=9019 szmax=13123 otzSpan=1920
[ZETA] wrote=0/6 min=16777215 max=0 fedZ=842538 bbox=394,117..1015,450 raw=FFFFFF00 FFFFFF00 FFFFFF00 FFFFFF00 FFFFFF00 FFFFFF00
[FT] avgMs=17 worstMs=51 swapWait=0ms flushMs=0ms draws=110 decodes=0 decMs=0
[ITEMZ] tagged=369 hit=369 szmin=9074 szmax=13123 otzSpan=1920
[ZETA] wrote=0/6 min=16777215 max=0 fedZ=849108 bbox=394,125..1015,450 raw=FFFFFF00 FFFFFF00 FFFFFF00 FFFFFF00 FFFFFF00 FFFFFF00
[ITEMZ] tagged=383 hit=383 szmin=9018 szmax=13123 otzSpan=1920
[ZETA] wrote=0/6 min=16777215 max=0 fedZ=838860 bbox=394,125..1015,450 raw=FFFFFF00 FFFFFF00 FFFFFF00 FFFFFF00 FFFFFF00 FFFFFF00
[ITEMZ] tagged=356 hit=356 szmin=9036 szmax=13123 otzSpan=1920
[ZETA] wrote=0/6 min=16777215 max=0 fedZ=839784 bbox=394,117..1015,450 raw=FFFFFF00 FFFFFF00 FFFFFF00 FFFFFF00 FFFFFF00 FFFFFF00
[ITEMZ] tagged=348 hit=348 szmin=8988 szmax=13123 otzSpan=1920
[ZETA] wrote=0/6 min=16777215 max=0 fedZ=838860 bbox=394,117..1015,450 raw=FFFFFF00 FFFFFF00 FFFFFF00 FFFFFF00 FFFFFF00 FFFFFF00
[FT] avgMs=17 worstMs=47 swapWait=0ms flushMs=0ms draws=110 decodes=0 decMs=0
[ITEMZ] tagged=376 hit=376 szmin=9045 szmax=13123 otzSpan=1920
[ZETA] wrote=0/6 min=16777215 max=0 fedZ=852732 bbox=394,125..1015,450 raw=FFFFFF00 FFFFFF00 FFFFFF00 FFFFFF00 FFFFFF00 FFFFFF00
[ITEMZ] tagged=416 hit=416 szmin=9128 szmax=13123 otzSpan=1920
[ZETA] wrote=0/6 min=16777215 max=0 fedZ=838860 bbox=394,125..1015,450 raw=FFFFFF00 FFFFFF00 FFFFFF00 FFFFFF00 FFFFFF00 FFFFFF00
[ITEMZ] tagged=415 hit=415 szmin=9032 szmax=13123 otzSpan=1920
[ZETA] wrote=0/6 min=16777215 max=0 fedZ=838860 bbox=394,117..1015,450 raw=FFFFFF00 FFFFFF00 FFFFFF00 FFFFFF00 FFFFFF00 FFFFFF00
[ITEMZ] tagged=366 hit=366 szmin=9019 szmax=13123 otzSpan=1920
[ZETA] wrote=0/6 min=16777215 max=0 fedZ=842538 bbox=394,117..1015,450 raw=FFFFFF00 FFFFFF00 FFFFFF00 FFFFFF00 FFFFFF00 FFFFFF00
[SH-XBOX] vblank 14400
[MEM] tick: free=2592KB (648 pages)
[FT] avgMs=17 worstMs=52 swapWait=1ms flushMs=0ms draws=110 decodes=0 decMs=0
[ITEMZ] tagged=369 hit=369 szmin=9074 szmax=13123 otzSpan=1920
[ZETA] wrote=0/6 min=16777215 max=0 fedZ=849108 bbox=394,125..1015,450 raw=FFFFFF00 FFFFFF00 FFFFFF00 FFFFFF00 FFFFFF00 FFFFFF00
[ITEMZ] tagged=383 hit=383 szmin=9018 szmax=13123 otzSpan=1920
[ZETA] wrote=0/6 min=16777215 max=0 fedZ=838860 bbox=394,125..1015,450 raw=FFFFFF00 FFFFFF00 FFFFFF00 FFFFFF00 FFFFFF00 FFFFFF00
[ITEMZ] tagged=356 hit=356 szmin=9036 szmax=13123 otzSpan=1920
[ZETA] wrote=0/6 min=16777215 max=0 fedZ=839784 bbox=394,117..1015,450 raw=FFFFFF00 FFFFFF00 FFFFFF00 FFFFFF00 FFFFFF00 FFFFFF00
[ITEMZ] tagged=348 hit=348 szmin=8988 szmax=13123 otzSpan=1920
[ZETA] wrote=0/6 min=16777215 max=0 fedZ=838860 bbox=394,117..1015,450 raw=FFFFFF00 FFFFFF00 FFFFFF00 FFFFFF00 FFFFFF00 FFFFFF00
[FT] avgMs=17 worstMs=49 swapWait=0ms flushMs=0ms draws=110 decodes=0 decMs=0
[ITEMZ] tagged=376 hit=376 szmin=9045 szmax=13123 otzSpan=1920
[ZETA] wrote=0/6 min=16777215 max=0 fedZ=852732 bbox=394,125..1015,450 raw=FFFFFF00 FFFFFF00 FFFFFF00 FFFFFF00 FFFFFF00 FFFFFF00
[ITEMZ] tagged=416 hit=416 szmin=9128 szmax=13123 otzSpan=1920
[ZETA] wrote=0/6 min=16777215 max=0 fedZ=838860 bbox=394,125..1015,450 raw=FFFFFF00 FFFFFF00 FFFFFF00 FFFFFF00 FFFFFF00 FFFFFF00
[ITEMZ] tagged=415 hit=415 szmin=9032 szmax=13123 otzSpan=1920
[ZETA] wrote=0/6 min=16777215 max=0 fedZ=838860 bbox=394,117..1015,450 raw=FFFFFF00 FFFFFF00 FFFFFF00 FFFFFF00 FFFFFF00 FFFFFF00
[FT] avgMs=17 worstMs=45 swapWait=0ms flushMs=0ms draws=110 decodes=0 decMs=0
[ITEMZ] tagged=366 hit=366 szmin=9019 szmax=13123 otzSpan=1920
[ZETA] wrote=0/6 min=16777215 max=0 fedZ=842538 bbox=394,117..1015,450 raw=FFFFFF00 FFFFFF00 FFFFFF00 FFFFFF00 FFFFFF00 FFFFFF00
[ITEMZ] tagged=369 hit=369 szmin=9074 szmax=13123 otzSpan=1920
[ZETA] wrote=0/6 min=16777215 max=0 fedZ=849108 bbox=394,125..1015,450 raw=FFFFFF00 FFFFFF00 FFFFFF00 FFFFFF00 FFFFFF00 FFFFFF00
[ITEMZ] tagged=383 hit=383 szmin=9018 szmax=13123 otzSpan=1920
[ZETA] wrote=0/6 min=16777215 max=0 fedZ=838860 bbox=394,125..1015,450 raw=FFFFFF00 FFFFFF00 FFFFFF00 FFFFFF00 FFFFFF00 FFFFFF00
[ITEMZ] tagged=356 hit=356 szmin=9036 szmax=13123 otzSpan=1920
[ZETA] wrote=0/6 min=16777215 max=0 fedZ=839784 bbox=394,117..1015,450 raw=FFFFFF00 FFFFFF00 FFFFFF00 FFFFFF00 FFFFFF00 FFFFFF00
[FT] avgMs=17 worstMs=52 swapWait=0ms flushMs=0ms draws=110 decodes=0 decMs=0
[ITEMZ] tagged=348 hit=348 szmin=8988 szmax=13123 otzSpan=1920
[ZETA] wrote=0/6 min=16777215 max=0 fedZ=838860 bbox=394,117..1015,450 raw=FFFFFF00 FFFFFF00 FFFFFF00 FFFFFF00 FFFFFF00 FFFFFF00
[ITEMZ] tagged=376 hit=376 szmin=9045 szmax=13123 otzSpan=1920
[ZETA] wrote=0/6 min=16777215 max=0 fedZ=852732 bbox=394,125..1015,450 raw=FFFFFF00 FFFFFF00 FFFFFF00 FFFFFF00 FFFFFF00 FFFFFF00
[ITEMZ] tagged=416 hit=416 szmin=9128 szmax=13123 otzSpan=1920
[ZETA] wrote=0/6 min=16777215 max=0 fedZ=838860 bbox=394,125..1015,450 raw=FFFFFF00 FFFFFF00 FFFFFF00 FFFFFF00 FFFFFF00 FFFFFF00
[ITEMZ] tagged=415 hit=415 szmin=9032 szmax=13123 otzSpan=1920
[ZETA] wrote=0/6 min=16777215 max=0 fedZ=838860 bbox=394,117..1015,450 raw=FFFFFF00 FFFFFF00 FFFFFF00 FFFFFF00 FFFFFF00 FFFFFF00
[FT] avgMs=17 worstMs=48 swapWait=0ms flushMs=0ms draws=110 decodes=0 decMs=0
[ITEMZ] tagged=366 hit=366 szmin=9019 szmax=13123 otzSpan=1920
[ZETA] wrote=0/6 min=16777215 max=0 fedZ=842538 bbox=394,117..1015,450 raw=FFFFFF00 FFFFFF00 FFFFFF00 FFFFFF00 FFFFFF00 FFFFFF00
[ITEMZ] tagged=369 hit=369 szmin=9074 szmax=13123 otzSpan=1920
[ZETA] wrote=0/6 min=16777215 max=0 fedZ=849108 bbox=394,125..1015,450 raw=FFFFFF00 FFFFFF00 FFFFFF00 FFFFFF00 FFFFFF00 FFFFFF00
[ITEMZ] tagged=383 hit=383 szmin=9018 szmax=13123 otzSpan=1920
[ZETA] wrote=0/6 min=16777215 max=0 fedZ=838860 bbox=394,125..1015,450 raw=FFFFFF00 FFFFFF00 FFFFFF00 FFFFFF00 FFFFFF00 FFFFFF00
[SH-XBOX] vblank 15000
[MEM] tick: free=2592KB (648 pages)
[ITEMZ] tagged=356 hit=356 szmin=9036 szmax=13123 otzSpan=1920
[ZETA] wrote=0/6 min=16777215 max=0 fedZ=839784 bbox=394,117..1015,450 raw=FFFFFF00 FFFFFF00 FFFFFF00 FFFFFF00 FFFFFF00 FFFFFF00
[FT] avgMs=17 worstMs=53 swapWait=0ms flushMs=0ms draws=110 decodes=0 decMs=0
[ITEMZ] tagged=348 hit=348 szmin=8988 szmax=13123 otzSpan=1920
[ZETA] wrote=0/6 min=16777215 max=0 fedZ=838860 bbox=394,117..1015,450 raw=FFFFFF00 FFFFFF00 FFFFFF00 FFFFFF00 FFFFFF00 FFFFFF00
[ITEMZ] tagged=376 hit=376 szmin=9045 szmax=13123 otzSpan=1920
[ZETA] wrote=0/6 min=16777215 max=0 fedZ=852732 bbox=394,125..1015,450 raw=FFFFFF00 FFFFFF00 FFFFFF00 FFFFFF00 FFFFFF00 FFFFFF00
[ITEMZ] tagged=416 hit=416 szmin=9128 szmax=13123 otzSpan=1920
[ZETA] wrote=0/6 min=16777215 max=0 fedZ=838860 bbox=394,125..1015,450 raw=FFFFFF00 FFFFFF00 FFFFFF00 FFFFFF00 FFFFFF00 FFFFFF00
[FT] avgMs=17 worstMs=62 swapWait=0ms flushMs=0ms draws=110 decodes=0 decMs=0
[ITEMZ] tagged=415 hit=415 szmin=9032 szmax=13123 otzSpan=1920
[ZETA] wrote=0/6 min=16777215 max=0 fedZ=838860 bbox=394,117..1015,450 raw=FFFFFF00 FFFFFF00 FFFFFF00 FFFFFF00 FFFFFF00 FFFFFF00
[ITEMZ] tagged=366 hit=366 szmin=9019 szmax=13123 otzSpan=1920
[ZETA] wrote=0/6 min=16777215 max=0 fedZ=842538 bbox=394,117..1015,450 raw=FFFFFF00 FFFFFF00 FFFFFF00 FFFFFF00 FFFFFF00 FFFFFF00
[ITEMZ] tagged=369 hit=369 szmin=9074 szmax=13123 otzSpan=1920
[ZETA] wrote=0/6 min=16777215 max=0 fedZ=849108 bbox=394,125..1015,450 raw=FFFFFF00 FFFFFF00 FFFFFF00 FFFFFF00 FFFFFF00 FFFFFF00
[ITEMZ] tagged=383 hit=383 szmin=9018 szmax=13123 otzSpan=1920
[ZETA] wrote=0/6 min=16777215 max=0 fedZ=838860 bbox=394,125..1015,450 raw=FFFFFF00 FFFFFF00 FFFFFF00 FFFFFF00 FFFFFF00 FFFFFF00
[FT] avgMs=17 worstMs=52 swapWait=0ms flushMs=0ms draws=110 decodes=0 decMs=0
[ITEMZ] tagged=356 hit=356 szmin=9036 szmax=13123 otzSpan=1920
[ZETA] wrote=0/6 min=16777215 max=0 fedZ=839784 bbox=394,117..1015,450 raw=FFFFFF00 FFFFFF00 FFFFFF00 FFFFFF00 FFFFFF00 FFFFFF00
[ITEMZ] tagged=348 hit=348 szmin=8988 szmax=13123 otzSpan=1920
[ZETA] wrote=0/6 min=16777215 max=0 fedZ=838860 bbox=394,117..1015,450 raw=FFFFFF00 FFFFFF00 FFFFFF00 FFFFFF00 FFFFFF00 FFFFFF00
[ITEMZ] tagged=376 hit=376 szmin=9045 szmax=13123 otzSpan=1920
[ZETA] wrote=0/6 min=16777215 max=0 fedZ=852732 bbox=394,125..1015,450 raw=FFFFFF00 FFFFFF00 FFFFFF00 FFFFFF00 FFFFFF00 FFFFFF00
[ITEMZ] tagged=416 hit=416 szmin=9128 szmax=13123 otzSpan=1920
[ZETA] wrote=0/6 min=16777215 max=0 fedZ=838860 bbox=394,125..1015,450 raw=FFFFFF00 FFFFFF00 FFFFFF00 FFFFFF00 FFFFFF00 FFFFFF00
[FT] avgMs=17 worstMs=48 swapWait=0ms flushMs=0ms draws=110 decodes=0 decMs=0
[ITEMZ] tagged=415 hit=415 szmin=9032 szmax=13123 otzSpan=1920
[ZETA] wrote=0/6 min=16777215 max=0 fedZ=838860 bbox=394,117..1015,450 raw=FFFFFF00 FFFFFF00 FFFFFF00 FFFFFF00 FFFFFF00 FFFFFF00
[ITEMZ] tagged=366 hit=366 szmin=9019 szmax=13123 otzSpan=1920
[ZETA] wrote=0/6 min=16777215 max=0 fedZ=842538 bbox=394,117..1015,450 raw=FFFFFF00 FFFFFF00 FFFFFF00 FFFFFF00 FFFFFF00 FFFFFF00
[ITEMZ] tagged=369 hit=369 szmin=9074 szmax=13123 otzSpan=1920
[ZETA] wrote=0/6 min=16777215 max=0 fedZ=849108 bbox=394,125..1015,450 raw=FFFFFF00 FFFFFF00 FFFFFF00 FFFFFF00 FFFFFF00 FFFFFF00
[ITEMZ] tagged=383 hit=383 szmin=9018 szmax=13123 otzSpan=1920
[ZETA] wrote=0/6 min=16777215 max=0 fedZ=838860 bbox=394,125..1015,450 raw=FFFFFF00 FFFFFF00 FFFFFF00 FFFFFF00 FFFFFF00 FFFFFF00
[FT] avgMs=17 worstMs=52 swapWait=0ms flushMs=0ms draws=110 decodes=0 decMs=0
[ITEMZ] tagged=356 hit=356 szmin=9036 szmax=13123 otzSpan=1920
[ZETA] wrote=0/6 min=16777215 max=0 fedZ=839784 bbox=394,117..1015,450 raw=FFFFFF00 FFFFFF00 FFFFFF00 FFFFFF00 FFFFFF00 FFFFFF00
[ITEMZ] tagged=348 hit=348 szmin=8988 szmax=13123 otzSpan=1920
[ZETA] wrote=0/6 min=16777215 max=0 fedZ=838860 bbox=394,117..1015,450 raw=FFFFFF00 FFFFFF00 FFFFFF00 FFFFFF00 FFFFFF00 FFFFFF00
[ITEMZ] tagged=376 hit=376 szmin=9045 szmax=13123 otzSpan=1920
[ZETA] wrote=0/6 min=16777215 max=0 fedZ=852732 bbox=394,125..1015,450 raw=FFFFFF00 FFFFFF00 FFFFFF00 FFFFFF00 FFFFFF00 FFFFFF00
[SH-XBOX] vblank 15600
[MEM] tick: free=2592KB (648 pages)
[FT] avgMs=17 worstMs=50 swapWait=0ms flushMs=0ms draws=109 decodes=0 decMs=0
[ITEMZ] tagged=416 hit=416 szmin=9128 szmax=13123 otzSpan=1920
[ZETA] wrote=0/6 min=16777215 max=0 fedZ=838860 bbox=394,125..1015,450 raw=FFFFFF00 FFFFFF00 FFFFFF00 FFFFFF00 FFFFFF00 FFFFFF00
[ITEMZ] tagged=415 hit=415 szmin=9032 szmax=13123 otzSpan=1920
[ZETA] wrote=0/6 min=16777215 max=0 fedZ=838860 bbox=394,117..1015,450 raw=FFFFFF00 FFFFFF00 FFFFFF00 FFFFFF00 FFFFFF00 FFFFFF00
[ITEMZ] tagged=366 hit=366 szmin=9019 szmax=13123 otzSpan=1920
[ZETA] wrote=0/6 min=16777215 max=0 fedZ=842538 bbox=394,117..1015,450 raw=FFFFFF00 FFFFFF00 FFFFFF00 FFFFFF00 FFFFFF00 FFFFFF00
[ITEMZ] tagged=369 hit=369 szmin=9074 szmax=13123 otzSpan=1920
[ZETA] wrote=0/6 min=16777215 max=0 fedZ=849108 bbox=394,125..1015,450 raw=FFFFFF00 FFFFFF00 FFFFFF00 FFFFFF00 FFFFFF00 FFFFFF00
[FT] avgMs=17 worstMs=46 swapWait=0ms flushMs=0ms draws=110 decodes=0 decMs=0
[ITEMZ] tagged=383 hit=383 szmin=9018 szmax=13123 otzSpan=1920
[ZETA] wrote=0/6 min=16777215 max=0 fedZ=838860 bbox=394,125..1015,450 raw=FFFFFF00 FFFFFF00 FFFFFF00 FFFFFF00 FFFFFF00 FFFFFF00
[ITEMZ] tagged=356 hit=356 szmin=9036 szmax=13123 otzSpan=1920
[ZETA] wrote=0/6 min=16777215 max=0 fedZ=839784 bbox=394,117..1015,450 raw=FFFFFF00 FFFFFF00 FFFFFF00 FFFFFF00 FFFFFF00 FFFFFF00
[ITEMZ] tagged=348 hit=348 szmin=8988 szmax=13123 otzSpan=1920
[ZETA] wrote=0/6 min=16777215 max=0 fedZ=838860 bbox=394,117..1015,450 raw=FFFFFF00 FFFFFF00 FFFFFF00 FFFFFF00 FFFFFF00 FFFFFF00
[ITEMZ] tagged=376 hit=376 szmin=9045 szmax=13123 otzSpan=1920
[ZETA] wrote=0/6 min=16777215 max=0 fedZ=852732 bbox=394,125..1015,450 raw=FFFFFF00 FFFFFF00 FFFFFF00 FFFFFF00 FFFFFF00 FFFFFF00
[FT] avgMs=17 worstMs=52 swapWait=0ms flushMs=0ms draws=110 decodes=0 decMs=0
[ITEMZ] tagged=416 hit=416 szmin=9128 szmax=13123 otzSpan=1920
[ZETA] wrote=0/6 min=16777215 max=0 fedZ=838860 bbox=394,125..1015,450 raw=FFFFFF00 FFFFFF00 FFFFFF00 FFFFFF00 FFFFFF00 FFFFFF00
[ITEMZ] tagged=415 hit=415 szmin=9032 szmax=13123 otzSpan=1920
[ZETA] wrote=0/6 min=16777215 max=0 fedZ=838860 bbox=394,117..1015,450 raw=FFFFFF00 FFFFFF00 FFFFFF00 FFFFFF00 FFFFFF00 FFFFFF00
[ITEMZ] tagged=366 hit=366 szmin=9019 szmax=13123 otzSpan=1920
[ZETA] wrote=0/6 min=16777215 max=0 fedZ=842538 bbox=394,117..1015,450 raw=FFFFFF00 FFFFFF00 FFFFFF00 FFFFFF00 FFFFFF00 FFFFFF00
[ITEMZ] tagged=369 hit=369 szmin=9074 szmax=13123 otzSpan=1920
[ZETA] wrote=0/6 min=16777215 max=0 fedZ=849108 bbox=394,125..1015,450 raw=FFFFFF00 FFFFFF00 FFFFFF00 FFFFFF00 FFFFFF00 FFFFFF00
[FT] avgMs=17 worstMs=51 swapWait=0ms flushMs=0ms draws=110 decodes=0 decMs=0
[ITEMZ] tagged=383 hit=383 szmin=9018 szmax=13123 otzSpan=1920
[ZETA] wrote=0/6 min=16777215 max=0 fedZ=838860 bbox=394,125..1015,450 raw=FFFFFF00 FFFFFF00 FFFFFF00 FFFFFF00 FFFFFF00 FFFFFF00
[ITEMZ] tagged=356 hit=356 szmin=9036 szmax=13123 otzSpan=1920
[ZETA] wrote=0/6 min=16777215 max=0 fedZ=839784 bbox=394,117..1015,450 raw=FFFFFF00 FFFFFF00 FFFFFF00 FFFFFF00 FFFFFF00 FFFFFF00
[ITEMZ] tagged=348 hit=348 szmin=8988 szmax=13123 otzSpan=1920
[ZETA] wrote=0/6 min=16777215 max=0 fedZ=838860 bbox=394,117..1015,450 raw=FFFFFF00 FFFFFF00 FFFFFF00 FFFFFF00 FFFFFF00 FFFFFF00
[FT] avgMs=17 worstMs=46 swapWait=1ms flushMs=0ms draws=110 decodes=0 decMs=0
[ITEMZ] tagged=376 hit=376 szmin=9045 szmax=13123 otzSpan=1920
[ZETA] wrote=0/6 min=16777215 max=0 fedZ=852732 bbox=394,125..1015,450 raw=FFFFFF00 FFFFFF00 FFFFFF00 FFFFFF00 FFFFFF00 FFFFFF00
[ITEMZ] tagged=416 hit=416 szmin=9128 szmax=13123 otzSpan=1920
[ZETA] wrote=0/6 min=16777215 max=0 fedZ=838860 bbox=394,125..1015,450 raw=FFFFFF00 FFFFFF00 FFFFFF00 FFFFFF00 FFFFFF00 FFFFFF00
[ITEMZ] tagged=415 hit=415 szmin=9032 szmax=13123 otzSpan=1920
[ZETA] wrote=0/6 min=16777215 max=0 fedZ=838860 bbox=394,117..1015,450 raw=FFFFFF00 FFFFFF00 FFFFFF00 FFFFFF00 FFFFFF00 FFFFFF00
[ITEMZ] tagged=366 hit=366 szmin=9019 szmax=13123 otzSpan=1920
[ZETA] wrote=0/6 min=16777215 max=0 fedZ=842538 bbox=394,117..1015,450 raw=FFFFFF00 FFFFFF00 FFFFFF00 FFFFFF00 FFFFFF00 FFFFFF00
[SH-XBOX] vblank 16200
[MEM] tick: free=2592KB (648 pages)
[FT] avgMs=17 worstMs=53 swapWait=0ms flushMs=0ms draws=110 decodes=0 decMs=0
[ITEMZ] tagged=369 hit=369 szmin=9074 szmax=13123 otzSpan=1920
[ZETA] wrote=0/6 min=16777215 max=0 fedZ=849108 bbox=394,125..1015,450 raw=FFFFFF00 FFFFFF00 FFFFFF00 FFFFFF00 FFFFFF00 FFFFFF00
[ITEMZ] tagged=383 hit=383 szmin=9018 szmax=13123 otzSpan=1920
[ZETA] wrote=0/6 min=16777215 max=0 fedZ=838860 bbox=394,125..1015,450 raw=FFFFFF00 FFFFFF00 FFFFFF00 FFFFFF00 FFFFFF00 FFFFFF00
[ITEMZ] tagged=356 hit=356 szmin=9036 szmax=13123 otzSpan=1920
[ZETA] wrote=0/6 min=16777215 max=0 fedZ=839784 bbox=394,117..1015,450 raw=FFFFFF00 FFFFFF00 FFFFFF00 FFFFFF00 FFFFFF00 FFFFFF00
[ITEMZ] tagged=348 hit=348 szmin=8988 szmax=13123 otzSpan=1920
[ZETA] wrote=0/6 min=16777215 max=0 fedZ=838860 bbox=394,117..1015,450 raw=FFFFFF00 FFFFFF00 FFFFFF00 FFFFFF00 FFFFFF00 FFFFFF00
[FT] avgMs=17 worstMs=49 swapWait=0ms flushMs=0ms draws=110 decodes=0 decMs=0
[ITEMZ] tagged=376 hit=376 szmin=9045 szmax=13123 otzSpan=1920
[ZETA] wrote=0/6 min=16777215 max=0 fedZ=852732 bbox=394,125..1015,450 raw=FFFFFF00 FFFFFF00 FFFFFF00 FFFFFF00 FFFFFF00 FFFFFF00
[ITEMZ] tagged=416 hit=416 szmin=9128 szmax=13123 otzSpan=1920
[ZETA] wrote=0/6 min=16777215 max=0 fedZ=838860 bbox=394,125..1015,450 raw=FFFFFF00 FFFFFF00 FFFFFF00 FFFFFF00 FFFFFF00 FFFFFF00
[ITEMZ] tagged=415 hit=415 szmin=9032 szmax=13123 otzSpan=1920
[ZETA] wrote=0/6 min=16777215 max=0 fedZ=838860 bbox=394,117..1015,450 raw=FFFFFF00 FFFFFF00 FFFFFF00 FFFFFF00 FFFFFF00 FFFFFF00
[ITEMZ] tagged=366 hit=366 szmin=9019 szmax=13123 otzSpan=1920
[ZETA] wrote=0/6 min=16777215 max=0 fedZ=842538 bbox=394,117..1015,450 raw=FFFFFF00 FFFFFF00 FFFFFF00 FFFFFF00 FFFFFF00 FFFFFF00
[FT] avgMs=17 worstMs=53 swapWait=0ms flushMs=0ms draws=110 decodes=0 decMs=0
[ITEMZ] tagged=369 hit=369 szmin=9074 szmax=13123 otzSpan=1920
[ZETA] wrote=0/6 min=16777215 max=0 fedZ=849108 bbox=394,125..1015,450 raw=FFFFFF00 FFFFFF00 FFFFFF00 FFFFFF00 FFFFFF00 FFFFFF00
[ITEMZ] tagged=383 hit=383 szmin=9018 szmax=13123 otzSpan=1920
[ZETA] wrote=0/6 min=16777215 max=0 fedZ=838860 bbox=394,125..1015,450 raw=FFFFFF00 FFFFFF00 FFFFFF00 FFFFFF00 FFFFFF00 FFFFFF00
[ITEMZ] tagged=356 hit=356 szmin=9036 szmax=13123 otzSpan=1920
[ZETA] wrote=0/6 min=16777215 max=0 fedZ=839784 bbox=394,117..1015,450 raw=FFFFFF00 FFFFFF00 FFFFFF00 FFFFFF00 FFFFFF00 FFFFFF00
[FT] avgMs=17 worstMs=51 swapWait=0ms flushMs=0ms draws=110 decodes=0 decMs=0
[ITEMZ] tagged=348 hit=348 szmin=8988 szmax=13123 otzSpan=1920
[ZETA] wrote=0/6 min=16777215 max=0 fedZ=838860 bbox=394,117..1015,450 raw=FFFFFF00 FFFFFF00 FFFFFF00 FFFFFF00 FFFFFF00 FFFFFF00
[ITEMZ] tagged=376 hit=376 szmin=9045 szmax=13123 otzSpan=1920
[ZETA] wrote=0/6 min=16777215 max=0 fedZ=852732 bbox=394,125..1015,450 raw=FFFFFF00 FFFFFF00 FFFFFF00 FFFFFF00 FFFFFF00 FFFFFF00
[ITEMZ] tagged=416 hit=416 szmin=9128 szmax=13123 otzSpan=1920
[ZETA] wrote=0/6 min=16777215 max=0 fedZ=838860 bbox=394,125..1015,450 raw=FFFFFF00 FFFFFF00 FFFFFF00 FFFFFF00 FFFFFF00 FFFFFF00
[ITEMZ] tagged=415 hit=415 szmin=9032 szmax=13123 otzSpan=1920
[ZETA] wrote=0/6 min=16777215 max=0 fedZ=838860 bbox=394,117..1015,450 raw=FFFFFF00 FFFFFF00 FFFFFF00 FFFFFF00 FFFFFF00 FFFFFF00
[FT] avgMs=17 worstMs=47 swapWait=0ms flushMs=0ms draws=110 decodes=0 decMs=0
[ITEMZ] tagged=366 hit=366 szmin=9019 szmax=13123 otzSpan=1920
[ZETA] wrote=0/6 min=16777215 max=0 fedZ=842538 bbox=394,117..1015,450 raw=FFFFFF00 FFFFFF00 FFFFFF00 FFFFFF00 FFFFFF00 FFFFFF00
[ITEMZ] tagged=369 hit=369 szmin=9074 szmax=13123 otzSpan=1920
[ZETA] wrote=0/6 min=16777215 max=0 fedZ=849108 bbox=394,125..1015,450 raw=FFFFFF00 FFFFFF00 FFFFFF00 FFFFFF00 FFFFFF00 FFFFFF00
[ITEMZ] tagged=383 hit=383 szmin=9018 szmax=13123 otzSpan=1920
[ZETA] wrote=0/6 min=16777215 max=0 fedZ=838860 bbox=394,125..1015,450 raw=FFFFFF00 FFFFFF00 FFFFFF00 FFFFFF00 FFFFFF00 FFFFFF00
[ITEMZ] tagged=356 hit=356 szmin=9036 szmax=13123 otzSpan=1920
[ZETA] wrote=0/6 min=16777215 max=0 fedZ=839784 bbox=394,117..1015,450 raw=FFFFFF00 FFFFFF00 FFFFFF00 FFFFFF00 FFFFFF00 FFFFFF00
[SH-XBOX] vblank 16800
[MEM] tick: free=2592KB (648 pages)
[FT] avgMs=17 worstMs=51 swapWait=0ms flushMs=0ms draws=110 decodes=0 decMs=0
[ITEMZ] tagged=348 hit=348 szmin=8988 szmax=13123 otzSpan=1920
[ZETA] wrote=0/6 min=16777215 max=0 fedZ=838860 bbox=394,117..1015,450 raw=FFFFFF00 FFFFFF00 FFFFFF00 FFFFFF00 FFFFFF00 FFFFFF00
[ITEMZ] tagged=376 hit=376 szmin=9045 szmax=13123 otzSpan=1920
[ZETA] wrote=0/6 min=16777215 max=0 fedZ=852732 bbox=394,125..1015,450 raw=FFFFFF00 FFFFFF00 FFFFFF00 FFFFFF00 FFFFFF00 FFFFFF00
[ITEMZ] tagged=416 hit=416 szmin=9128 szmax=13123 otzSpan=1920
[ZETA] wrote=0/6 min=16777215 max=0 fedZ=838860 bbox=394,125..1015,450 raw=FFFFFF00 FFFFFF00 FFFFFF00 FFFFFF00 FFFFFF00 FFFFFF00
[ITEMZ] tagged=415 hit=415 szmin=9032 szmax=13123 otzSpan=1920
[ZETA] wrote=0/6 min=16777215 max=0 fedZ=838860 bbox=394,117..1015,450 raw=FFFFFF00 FFFFFF00 FFFFFF00 FFFFFF00 FFFFFF00 FFFFFF00
[FT] avgMs=17 worstMs=50 swapWait=0ms flushMs=0ms draws=110 decodes=0 decMs=0
[ITEMZ] tagged=366 hit=366 szmin=9019 szmax=13123 otzSpan=1920
[ZETA] wrote=0/6 min=16777215 max=0 fedZ=842538 bbox=394,117..1015,450 raw=FFFFFF00 FFFFFF00 FFFFFF00 FFFFFF00 FFFFFF00 FFFFFF00
[ITEMZ] tagged=369 hit=369 szmin=9074 szmax=13123 otzSpan=1920
[ZETA] wrote=0/6 min=16777215 max=0 fedZ=849108 bbox=394,125..1015,450 raw=FFFFFF00 FFFFFF00 FFFFFF00 FFFFFF00 FFFFFF00 FFFFFF00
[ITEMZ] tagged=383 hit=383 szmin=9018 szmax=13123 otzSpan=1920
[ZETA] wrote=0/6 min=16777215 max=0 fedZ=838860 bbox=394,125..1015,450 raw=FFFFFF00 FFFFFF00 FFFFFF00 FFFFFF00 FFFFFF00 FFFFFF00
[FT] avgMs=17 worstMs=45 swapWait=0ms flushMs=0ms draws=110 decodes=0 decMs=0
[ITEMZ] tagged=356 hit=356 szmin=9036 szmax=13123 otzSpan=1920
[ZETA] wrote=0/6 min=16777215 max=0 fedZ=839784 bbox=394,117..1015,450 raw=FFFFFF00 FFFFFF00 FFFFFF00 FFFFFF00 FFFFFF00 FFFFFF00
[ITEMZ] tagged=348 hit=348 szmin=8988 szmax=13123 otzSpan=1920
[ZETA] wrote=0/6 min=16777215 max=0 fedZ=838860 bbox=394,117..1015,450 raw=FFFFFF00 FFFFFF00 FFFFFF00 FFFFFF00 FFFFFF00 FFFFFF00
[ITEMZ] tagged=376 hit=376 szmin=9045 szmax=13123 otzSpan=1920
[ZETA] wrote=0/6 min=16777215 max=0 fedZ=852732 bbox=394,125..1015,450 raw=FFFFFF00 FFFFFF00 FFFFFF00 FFFFFF00 FFFFFF00 FFFFFF00
[ITEMZ] tagged=416 hit=416 szmin=9128 szmax=13123 otzSpan=1920
[ZETA] wrote=0/6 min=16777215 max=0 fedZ=838860 bbox=394,125..1015,450 raw=FFFFFF00 FFFFFF00 FFFFFF00 FFFFFF00 FFFFFF00 FFFFFF00
[FT] avgMs=17 worstMs=52 swapWait=1ms flushMs=0ms draws=110 decodes=0 decMs=0
[ITEMZ] tagged=415 hit=415 szmin=9032 szmax=13123 otzSpan=1920
[ZETA] wrote=0/6 min=16777215 max=0 fedZ=838860 bbox=394,117..1015,450 raw=FFFFFF00 FFFFFF00 FFFFFF00 FFFFFF00 FFFFFF00 FFFFFF00
[ITEMZ] tagged=366 hit=366 szmin=9019 szmax=13123 otzSpan=1920
[ZETA] wrote=0/6 min=16777215 max=0 fedZ=842538 bbox=394,117..1015,450 raw=FFFFFF00 FFFFFF00 FFFFFF00 FFFFFF00 FFFFFF00 FFFFFF00
[ITEMZ] tagged=369 hit=369 szmin=9074 szmax=13123 otzSpan=1920
[ZETA] wrote=0/6 min=16777215 max=0 fedZ=849108 bbox=394,125..1015,450 raw=FFFFFF00 FFFFFF00 FFFFFF00 FFFFFF00 FFFFFF00 FFFFFF00
[ITEMZ] tagged=383 hit=383 szmin=9018 szmax=13123 otzSpan=1920
[ZETA] wrote=0/6 min=16777215 max=0 fedZ=838860 bbox=394,125..1015,450 raw=FFFFFF00 FFFFFF00 FFFFFF00 FFFFFF00 FFFFFF00 FFFFFF00
[FT] avgMs=17 worstMs=48 swapWait=0ms flushMs=0ms draws=110 decodes=0 decMs=0
[ITEMZ] tagged=356 hit=356 szmin=9036 szmax=13123 otzSpan=1920
[ZETA] wrote=0/6 min=16777215 max=0 fedZ=839784 bbox=394,117..1015,450 raw=FFFFFF00 FFFFFF00 FFFFFF00 FFFFFF00 FFFFFF00 FFFFFF00
[ITEMZ] tagged=348 hit=348 szmin=8988 szmax=13123 otzSpan=1920
[ZETA] wrote=0/6 min=16777215 max=0 fedZ=838860 bbox=394,117..1015,450 raw=FFFFFF00 FFFFFF00 FFFFFF00 FFFFFF00 FFFFFF00 FFFFFF00
[ITEMZ] tagged=376 hit=376 szmin=9045 szmax=13123 otzSpan=1920
[ZETA] wrote=0/6 min=16777215 max=0 fedZ=852732 bbox=394,125..1015,450 raw=FFFFFF00 FFFFFF00 FFFFFF00 FFFFFF00 FFFFFF00 FFFFFF00
[SH-XBOX] vblank 17400
[MEM] tick: free=2592KB (648 pages)
[ITEMZ] tagged=416 hit=416 szmin=9128 szmax=13123 otzSpan=1920
[ZETA] wrote=0/6 min=16777215 max=0 fedZ=838860 bbox=394,125..1015,450 raw=FFFFFF00 FFFFFF00 FFFFFF00 FFFFFF00 FFFFFF00 FFFFFF00
[FT] avgMs=17 worstMs=53 swapWait=0ms flushMs=0ms draws=110 decodes=0 decMs=0
[ITEMZ] tagged=415 hit=415 szmin=9032 szmax=13123 otzSpan=1920
[ZETA] wrote=0/6 min=16777215 max=0 fedZ=838860 bbox=394,117..1015,450 raw=FFFFFF00 FFFFFF00 FFFFFF00 FFFFFF00 FFFFFF00 FFFFFF00
[ITEMZ] tagged=366 hit=366 szmin=9019 szmax=13123 otzSpan=1920
[ZETA] wrote=0/6 min=16777215 max=0 fedZ=842538 bbox=394,117..1015,450 raw=FFFFFF00 FFFFFF00 FFFFFF00 FFFFFF00 FFFFFF00 FFFFFF00
[ITEMZ] tagged=369 hit=369 szmin=9074 szmax=13123 otzSpan=1920
[ZETA] wrote=0/6 min=16777215 max=0 fedZ=849108 bbox=394,125..1015,450 raw=FFFFFF00 FFFFFF00 FFFFFF00 FFFFFF00 FFFFFF00 FFFFFF00
[FT] avgMs=17 worstMs=73 swapWait=0ms flushMs=0ms draws=110 decodes=0 decMs=0
[ITEMZ] tagged=383 hit=383 szmin=9018 szmax=13123 otzSpan=1920
[ZETA] wrote=0/6 min=16777215 max=0 fedZ=838860 bbox=394,125..1015,450 raw=FFFFFF00 FFFFFF00 FFFFFF00 FFFFFF00 FFFFFF00 FFFFFF00
[ITEMZ] tagged=356 hit=356 szmin=9036 szmax=13123 otzSpan=1920
[ZETA] wrote=0/6 min=16777215 max=0 fedZ=839784 bbox=394,117..1015,450 raw=FFFFFF00 FFFFFF00 FFFFFF00 FFFFFF00 FFFFFF00 FFFFFF00
[ITEMZ] tagged=348 hit=348 szmin=8988 szmax=13123 otzSpan=1920
[ZETA] wrote=0/6 min=16777215 max=0 fedZ=838860 bbox=394,117..1015,450 raw=FFFFFF00 FFFFFF00 FFFFFF00 FFFFFF00 FFFFFF00 FFFFFF00
[ITEMZ] tagged=376 hit=376 szmin=9045 szmax=13123 otzSpan=1920
[ZETA] wrote=0/6 min=16777215 max=0 fedZ=852732 bbox=394,125..1015,450 raw=FFFFFF00 FFFFFF00 FFFFFF00 FFFFFF00 FFFFFF00 FFFFFF00
[FT] avgMs=17 worstMs=52 swapWait=0ms flushMs=0ms draws=110 decodes=0 decMs=0
[ITEMZ] tagged=416 hit=416 szmin=9128 szmax=13123 otzSpan=1920
[ZETA] wrote=0/6 min=16777215 max=0 fedZ=838860 bbox=394,125..1015,450 raw=FFFFFF00 FFFFFF00 FFFFFF00 FFFFFF00 FFFFFF00 FFFFFF00
[ITEMZ] tagged=415 hit=415 szmin=9032 szmax=13123 otzSpan=1920
[ZETA] wrote=0/6 min=16777215 max=0 fedZ=838860 bbox=394,117..1015,450 raw=FFFFFF00 FFFFFF00 FFFFFF00 FFFFFF00 FFFFFF00 FFFFFF00
[ITEMZ] tagged=366 hit=366 szmin=9019 szmax=13123 otzSpan=1920
[ZETA] wrote=0/6 min=16777215 max=0 fedZ=842538 bbox=394,117..1015,450 raw=FFFFFF00 FFFFFF00 FFFFFF00 FFFFFF00 FFFFFF00 FFFFFF00
[ITEMZ] tagged=369 hit=369 szmin=9074 szmax=13123 otzSpan=1920
[ZETA] wrote=0/6 min=16777215 max=0 fedZ=849108 bbox=394,125..1015,450 raw=FFFFFF00 FFFFFF00 FFFFFF00 FFFFFF00 FFFFFF00 FFFFFF00
[FT] avgMs=17 worstMs=48 swapWait=0ms flushMs=0ms draws=110 decodes=0 decMs=0
[ITEMZ] tagged=383 hit=383 szmin=9018 szmax=13123 otzSpan=1920
[ZETA] wrote=0/6 min=16777215 max=0 fedZ=838860 bbox=394,125..1015,450 raw=FFFFFF00 FFFFFF00 FFFFFF00 FFFFFF00 FFFFFF00 FFFFFF00
[ITEMZ] tagged=356 hit=356 szmin=9036 szmax=13123 otzSpan=1920
[ZETA] wrote=0/6 min=16777215 max=0 fedZ=839784 bbox=394,117..1015,450 raw=FFFFFF00 FFFFFF00 FFFFFF00 FFFFFF00 FFFFFF00 FFFFFF00
[ITEMZ] tagged=348 hit=348 szmin=8988 szmax=13123 otzSpan=1920
[ZETA] wrote=0/6 min=16777215 max=0 fedZ=838860 bbox=394,117..1015,450 raw=FFFFFF00 FFFFFF00 FFFFFF00 FFFFFF00 FFFFFF00 FFFFFF00
[ITEMZ] tagged=376 hit=376 szmin=9045 szmax=13123 otzSpan=1920
[ZETA] wrote=0/6 min=16777215 max=0 fedZ=852732 bbox=394,125..1015,450 raw=FFFFFF00 FFFFFF00 FFFFFF00 FFFFFF00 FFFFFF00 FFFFFF00
[FT] avgMs=17 worstMs=52 swapWait=0ms flushMs=0ms draws=109 decodes=0 decMs=0
[ITEMZ] tagged=416 hit=416 szmin=9128 szmax=13123 otzSpan=1920
[ZETA] wrote=0/6 min=16777215 max=0 fedZ=838860 bbox=394,125..1015,450 raw=FFFFFF00 FFFFFF00 FFFFFF00 FFFFFF00 FFFFFF00 FFFFFF00
[ITEMZ] tagged=415 hit=415 szmin=9032 szmax=13123 otzSpan=1920
[ZETA] wrote=0/6 min=16777215 max=0 fedZ=838860 bbox=394,117..1015,450 raw=FFFFFF00 FFFFFF00 FFFFFF00 FFFFFF00 FFFFFF00 FFFFFF00
[ITEMZ] tagged=366 hit=366 szmin=9019 szmax=13123 otzSpan=1920
[ZETA] wrote=0/6 min=16777215 max=0 fedZ=842538 bbox=394,117..1015,450 raw=FFFFFF00 FFFFFF00 FFFFFF00 FFFFFF00 FFFFFF00 FFFFFF00
[SH-XBOX] vblank 18000
[MEM] tick: free=2592KB (648 pages)
[FT] avgMs=17 worstMs=50 swapWait=0ms flushMs=0ms draws=110 decodes=0 decMs=0
[ITEMZ] tagged=369 hit=369 szmin=9074 szmax=13123 otzSpan=1920
[ZETA] wrote=0/6 min=16777215 max=0 fedZ=849108 bbox=394,125..1015,450 raw=FFFFFF00 FFFFFF00 FFFFFF00 FFFFFF00 FFFFFF00 FFFFFF00
[ITEMZ] tagged=383 hit=383 szmin=9018 szmax=13123 otzSpan=1920
[ZETA] wrote=0/6 min=16777215 max=0 fedZ=838860 bbox=394,125..1015,450 raw=FFFFFF00 FFFFFF00 FFFFFF00 FFFFFF00 FFFFFF00 FFFFFF00
[ITEMZ] tagged=356 hit=356 szmin=9036 szmax=13123 otzSpan=1920
[ZETA] wrote=0/6 min=16777215 max=0 fedZ=839784 bbox=394,117..1015,450 raw=FFFFFF00 FFFFFF00 FFFFFF00 FFFFFF00 FFFFFF00 FFFFFF00
[ITEMZ] tagged=348 hit=348 szmin=8988 szmax=13123 otzSpan=1920
[ZETA] wrote=0/6 min=16777215 max=0 fedZ=838860 bbox=394,117..1015,450 raw=FFFFFF00 FFFFFF00 FFFFFF00 FFFFFF00 FFFFFF00 FFFFFF00
[FT] avgMs=17 worstMs=46 swapWait=0ms flushMs=0ms draws=110 decodes=0 decMs=0
[ITEMZ] tagged=376 hit=376 szmin=9045 szmax=13123 otzSpan=1920
[ZETA] wrote=0/6 min=16777215 max=0 fedZ=852732 bbox=394,125..1015,450 raw=FFFFFF00 FFFFFF00 FFFFFF00 FFFFFF00 FFFFFF00 FFFFFF00
[ITEMZ] tagged=416 hit=416 szmin=9128 szmax=13123 otzSpan=1920
[ZETA] wrote=0/6 min=16777215 max=0 fedZ=838860 bbox=394,125..1015,450 raw=FFFFFF00 FFFFFF00 FFFFFF00 FFFFFF00 FFFFFF00 FFFFFF00
[ITEMZ] tagged=415 hit=415 szmin=9032 szmax=13123 otzSpan=1920
[ZETA] wrote=0/6 min=16777215 max=0 fedZ=838860 bbox=394,117..1015,450 raw=FFFFFF00 FFFFFF00 FFFFFF00 FFFFFF00 FFFFFF00 FFFFFF00
[ITEMZ] tagged=366 hit=366 szmin=9019 szmax=13123 otzSpan=1920
[ZETA] wrote=0/6 min=16777215 max=0 fedZ=842538 bbox=394,117..1015,450 raw=FFFFFF00 FFFFFF00 FFFFFF00 FFFFFF00 FFFFFF00 FFFFFF00
[FT] avgMs=17 worstMs=53 swapWait=1ms flushMs=0ms draws=110 decodes=0 decMs=0
[ITEMZ] tagged=369 hit=369 szmin=9074 szmax=13123 otzSpan=1920
[ZETA] wrote=0/6 min=16777215 max=0 fedZ=849108 bbox=394,125..1015,450 raw=FFFFFF00 FFFFFF00 FFFFFF00 FFFFFF00 FFFFFF00 FFFFFF00
[ITEMZ] tagged=383 hit=383 szmin=9018 szmax=13123 otzSpan=1920
[ZETA] wrote=0/6 min=16777215 max=0 fedZ=838860 bbox=394,125..1015,450 raw=FFFFFF00 FFFFFF00 FFFFFF00 FFFFFF00 FFFFFF00 FFFFFF00
[ITEMZ] tagged=356 hit=356 szmin=9036 szmax=13123 otzSpan=1920
[ZETA] wrote=0/6 min=16777215 max=0 fedZ=839784 bbox=394,117..1015,450 raw=FFFFFF00 FFFFFF00 FFFFFF00 FFFFFF00 FFFFFF00 FFFFFF00
[ITEMZ] tagged=348 hit=348 szmin=8988 szmax=13123 otzSpan=1920
[ZETA] wrote=0/6 min=16777215 max=0 fedZ=838860 bbox=394,117..1015,450 raw=FFFFFF00 FFFFFF00 FFFFFF00 FFFFFF00 FFFFFF00 FFFFFF00
[FT] avgMs=17 worstMs=48 swapWait=0ms flushMs=0ms draws=110 decodes=0 decMs=0
[ITEMZ] tagged=376 hit=376 szmin=9045 szmax=13123 otzSpan=1920
[ZETA] wrote=0/6 min=16777215 max=0 fedZ=852732 bbox=394,125..1015,450 raw=FFFFFF00 FFFFFF00 FFFFFF00 FFFFFF00 FFFFFF00 FFFFFF00
[ITEMZ] tagged=416 hit=416 szmin=9128 szmax=13123 otzSpan=1920
[ZETA] wrote=0/6 min=16777215 max=0 fedZ=838860 bbox=394,125..1015,450 raw=FFFFFF00 FFFFFF00 FFFFFF00 FFFFFF00 FFFFFF00 FFFFFF00
[ITEMZ] tagged=415 hit=415 szmin=9032 szmax=13123 otzSpan=1920
[ZETA] wrote=0/6 min=16777215 max=0 fedZ=838860 bbox=394,117..1015,450 raw=FFFFFF00 FFFFFF00 FFFFFF00 FFFFFF00 FFFFFF00 FFFFFF00
[FT] avgMs=17 worstMs=53 swapWait=0ms flushMs=0ms draws=110 decodes=0 decMs=0
[ITEMZ] tagged=366 hit=366 szmin=9019 szmax=13123 otzSpan=1920
[ZETA] wrote=0/6 min=16777215 max=0 fedZ=842538 bbox=394,117..1015,450 raw=FFFFFF00 FFFFFF00 FFFFFF00 FFFFFF00 FFFFFF00 FFFFFF00
[ITEMZ] tagged=369 hit=369 szmin=9074 szmax=13123 otzSpan=1920
[ZETA] wrote=0/6 min=16777215 max=0 fedZ=849108 bbox=394,125..1015,450 raw=FFFFFF00 FFFFFF00 FFFFFF00 FFFFFF00 FFFFFF00 FFFFFF00
[ITEMZ] tagged=383 hit=383 szmin=9018 szmax=13123 otzSpan=1920
[ZETA] wrote=0/6 min=16777215 max=0 fedZ=838860 bbox=394,125..1015,450 raw=FFFFFF00 FFFFFF00 FFFFFF00 FFFFFF00 FFFFFF00 FFFFFF00
[ITEMZ] tagged=356 hit=356 szmin=9036 szmax=13123 otzSpan=1920
[ZETA] wrote=0/6 min=16777215 max=0 fedZ=839784 bbox=394,117..1015,450 raw=FFFFFF00 FFFFFF00 FFFFFF00 FFFFFF00 FFFFFF00 FFFFFF00
[SH-XBOX] vblank 18600
[MEM] tick: free=2592KB (648 pages)
[FT] avgMs=17 worstMs=51 swapWait=1ms flushMs=0ms draws=110 decodes=0 decMs=0
[ITEMZ] tagged=348 hit=348 szmin=8988 szmax=13123 otzSpan=1920
[ZETA] wrote=0/6 min=16777215 max=0 fedZ=838860 bbox=394,117..1015,450 raw=FFFFFF00 FFFFFF00 FFFFFF00 FFFFFF00 FFFFFF00 FFFFFF00
[ITEMZ] tagged=376 hit=376 szmin=9045 szmax=13123 otzSpan=1920
[ZETA] wrote=0/6 min=16777215 max=0 fedZ=852732 bbox=394,125..1015,450 raw=FFFFFF00 FFFFFF00 FFFFFF00 FFFFFF00 FFFFFF00 FFFFFF00
[ITEMZ] tagged=416 hit=416 szmin=9128 szmax=13123 otzSpan=1920
[ZETA] wrote=0/6 min=16777215 max=0 fedZ=838860 bbox=394,125..1015,450 raw=FFFFFF00 FFFFFF00 FFFFFF00 FFFFFF00 FFFFFF00 FFFFFF00
[ITEMZ] tagged=415 hit=415 szmin=9032 szmax=13123 otzSpan=1920
[ZETA] wrote=0/6 min=16777215 max=0 fedZ=838860 bbox=394,117..1015,450 raw=FFFFFF00 FFFFFF00 FFFFFF00 FFFFFF00 FFFFFF00 FFFFFF00
[FT] avgMs=17 worstMs=47 swapWait=0ms flushMs=0ms draws=110 decodes=0 decMs=0
[ITEMZ] tagged=366 hit=366 szmin=9019 szmax=13123 otzSpan=1920
[ZETA] wrote=0/6 min=16777215 max=0 fedZ=842538 bbox=394,117..1015,450 raw=FFFFFF00 FFFFFF00 FFFFFF00 FFFFFF00 FFFFFF00 FFFFFF00
[ITEMZ] tagged=369 hit=369 szmin=9074 szmax=13123 otzSpan=1920
[ZETA] wrote=0/6 min=16777215 max=0 fedZ=849108 bbox=394,125..1015,450 raw=FFFFFF00 FFFFFF00 FFFFFF00 FFFFFF00 FFFFFF00 FFFFFF00
[ITEMZ] tagged=383 hit=383 szmin=9018 szmax=13123 otzSpan=1920
[ZETA] wrote=0/6 min=16777215 max=0 fedZ=838860 bbox=394,125..1015,450 raw=FFFFFF00 FFFFFF00 FFFFFF00 FFFFFF00 FFFFFF00 FFFFFF00
[ITEMZ] tagged=356 hit=356 szmin=9036 szmax=13123 otzSpan=1920
[ZETA] wrote=0/6 min=16777215 max=0 fedZ=839784 bbox=394,117..1015,450 raw=FFFFFF00 FFFFFF00 FFFFFF00 FFFFFF00 FFFFFF00 FFFFFF00
[FT] avgMs=17 worstMs=52 swapWait=0ms flushMs=0ms draws=110 decodes=0 decMs=0
[ITEMZ] tagged=348 hit=348 szmin=8988 szmax=13123 otzSpan=1920
[ZETA] wrote=0/6 min=16777215 max=0 fedZ=838860 bbox=394,117..1015,450 raw=FFFFFF00 FFFFFF00 FFFFFF00 FFFFFF00 FFFFFF00 FFFFFF00
[ITEMZ] tagged=376 hit=376 szmin=9045 szmax=13123 otzSpan=1920
[ZETA] wrote=0/6 min=16777215 max=0 fedZ=852732 bbox=394,125..1015,450 raw=FFFFFF00 FFFFFF00 FFFFFF00 FFFFFF00 FFFFFF00 FFFFFF00
[ITEMZ] tagged=416 hit=416 szmin=9128 szmax=13123 otzSpan=1920
[ZETA] wrote=0/6 min=16777215 max=0 fedZ=838860 bbox=394,125..1015,450 raw=FFFFFF00 FFFFFF00 FFFFFF00 FFFFFF00 FFFFFF00 FFFFFF00
[FT] avgMs=17 worstMs=50 swapWait=0ms flushMs=0ms draws=110 decodes=0 decMs=0
[ITEMZ] tagged=415 hit=415 szmin=9032 szmax=13123 otzSpan=1920
[ZETA] wrote=0/6 min=16777215 max=0 fedZ=838860 bbox=394,117..1015,450 raw=FFFFFF00 FFFFFF00 FFFFFF00 FFFFFF00 FFFFFF00 FFFFFF00
[ITEMZ] tagged=366 hit=366 szmin=9019 szmax=13123 otzSpan=1920
[ZETA] wrote=0/6 min=16777215 max=0 fedZ=842538 bbox=394,117..1015,450 raw=FFFFFF00 FFFFFF00 FFFFFF00 FFFFFF00 FFFFFF00 FFFFFF00
[ITEMZ] tagged=369 hit=369 szmin=9074 szmax=13123 otzSpan=1920
[ZETA] wrote=0/6 min=16777215 max=0 fedZ=849108 bbox=394,125..1015,450 raw=FFFFFF00 FFFFFF00 FFFFFF00 FFFFFF00 FFFFFF00 FFFFFF00
[ITEMZ] tagged=383 hit=383 szmin=9018 szmax=13123 otzSpan=1920
[ZETA] wrote=0/6 min=16777215 max=0 fedZ=838860 bbox=394,125..1015,450 raw=FFFFFF00 FFFFFF00 FFFFFF00 FFFFFF00 FFFFFF00 FFFFFF00
[FT] avgMs=17 worstMs=45 swapWait=1ms flushMs=0ms draws=110 decodes=0 decMs=0
[ITEMZ] tagged=356 hit=356 szmin=9036 szmax=13123 otzSpan=1920
[ZETA] wrote=0/6 min=16777215 max=0 fedZ=839784 bbox=394,117..1015,450 raw=FFFFFF00 FFFFFF00 FFFFFF00 FFFFFF00 FFFFFF00 FFFFFF00
[ITEMZ] tagged=348 hit=348 szmin=8988 szmax=13123 otzSpan=1920
[ZETA] wrote=0/6 min=16777215 max=0 fedZ=838860 bbox=394,117..1015,450 raw=FFFFFF00 FFFFFF00 FFFFFF00 FFFFFF00 FFFFFF00 FFFFFF00
[ITEMZ] tagged=376 hit=376 szmin=9045 szmax=13123 otzSpan=1920
[ZETA] wrote=0/6 min=16777215 max=0 fedZ=852732 bbox=394,125..1015,450 raw=FFFFFF00 FFFFFF00 FFFFFF00 FFFFFF00 FFFFFF00 FFFFFF00
[ITEMZ] tagged=416 hit=416 szmin=9128 szmax=13123 otzSpan=1920
[ZETA] wrote=0/6 min=16777215 max=0 fedZ=838860 bbox=394,125..1015,450 raw=FFFFFF00 FFFFFF00 FFFFFF00 FFFFFF00 FFFFFF00 FFFFFF00
[SH-XBOX] vblank 19200
[MEM] tick: free=2592KB (648 pages)
[FT] avgMs=17 worstMs=52 swapWait=0ms flushMs=0ms draws=110 decodes=0 decMs=0
[ITEMZ] tagged=415 hit=415 szmin=9032 szmax=13123 otzSpan=1920
[ZETA] wrote=0/6 min=16777215 max=0 fedZ=838860 bbox=394,117..1015,450 raw=FFFFFF00 FFFFFF00 FFFFFF00 FFFFFF00 FFFFFF00 FFFFFF00
[ITEMZ] tagged=366 hit=366 szmin=9019 szmax=13123 otzSpan=1920
[ZETA] wrote=0/6 min=16777215 max=0 fedZ=842538 bbox=394,117..1015,450 raw=FFFFFF00 FFFFFF00 FFFFFF00 FFFFFF00 FFFFFF00 FFFFFF00
[ITEMZ] tagged=369 hit=369 szmin=9074 szmax=13123 otzSpan=1920
[ZETA] wrote=0/6 min=16777215 max=0 fedZ=849108 bbox=394,125..1015,450 raw=FFFFFF00 FFFFFF00 FFFFFF00 FFFFFF00 FFFFFF00 FFFFFF00
[ITEMZ] tagged=383 hit=383 szmin=9018 szmax=13123 otzSpan=1920
[ZETA] wrote=0/6 min=16777215 max=0 fedZ=838860 bbox=394,125..1015,450 raw=FFFFFF00 FFFFFF00 FFFFFF00 FFFFFF00 FFFFFF00 FFFFFF00
[FT] avgMs=17 worstMs=47 swapWait=0ms flushMs=0ms draws=110 decodes=0 decMs=0
[ITEMZ] tagged=356 hit=356 szmin=9036 szmax=13123 otzSpan=1920
[ZETA] wrote=0/6 min=16777215 max=0 fedZ=839784 bbox=394,117..1015,450 raw=FFFFFF00 FFFFFF00 FFFFFF00 FFFFFF00 FFFFFF00 FFFFFF00
[ITEMZ] tagged=348 hit=348 szmin=8988 szmax=13123 otzSpan=1920
[ZETA] wrote=0/6 min=16777215 max=0 fedZ=838860 bbox=394,117..1015,450 raw=FFFFFF00 FFFFFF00 FFFFFF00 FFFFFF00 FFFFFF00 FFFFFF00
[ITEMZ] tagged=376 hit=376 szmin=9045 szmax=13123 otzSpan=1920
[ZETA] wrote=0/6 min=16777215 max=0 fedZ=852732 bbox=394,125..1015,450 raw=FFFFFF00 FFFFFF00 FFFFFF00 FFFFFF00 FFFFFF00 FFFFFF00
[FT] avgMs=17 worstMs=53 swapWait=0ms flushMs=0ms draws=110 decodes=0 decMs=0
[ITEMZ] tagged=416 hit=416 szmin=9128 szmax=13123 otzSpan=1920
[ZETA] wrote=0/6 min=16777215 max=0 fedZ=838860 bbox=394,125..1015,450 raw=FFFFFF00 FFFFFF00 FFFFFF00 FFFFFF00 FFFFFF00 FFFFFF00
[ITEMZ] tagged=415 hit=415 szmin=9032 szmax=13123 otzSpan=1920
[ZETA] wrote=0/6 min=16777215 max=0 fedZ=838860 bbox=394,117..1015,450 raw=FFFFFF00 FFFFFF00 FFFFFF00 FFFFFF00 FFFFFF00 FFFFFF00
[ITEMZ] tagged=366 hit=366 szmin=9019 szmax=13123 otzSpan=1920
[ZETA] wrote=0/6 min=16777215 max=0 fedZ=842538 bbox=394,117..1015,450 raw=FFFFFF00 FFFFFF00 FFFFFF00 FFFFFF00 FFFFFF00 FFFFFF00
[ITEMZ] tagged=369 hit=369 szmin=9074 szmax=13123 otzSpan=1920
[ZETA] wrote=0/6 min=16777215 max=0 fedZ=849108 bbox=394,125..1015,450 raw=FFFFFF00 FFFFFF00 FFFFFF00 FFFFFF00 FFFFFF00 FFFFFF00
[FT] avgMs=17 worstMs=51 swapWait=1ms flushMs=0ms draws=110 decodes=0 decMs=0
[ITEMZ] tagged=383 hit=383 szmin=9018 szmax=13123 otzSpan=1920
[ZETA] wrote=0/6 min=16777215 max=0 fedZ=838860 bbox=394,125..1015,450 raw=FFFFFF00 FFFFFF00 FFFFFF00 FFFFFF00 FFFFFF00 FFFFFF00
[ITEMZ] tagged=356 hit=356 szmin=9036 szmax=13123 otzSpan=1920
[ZETA] wrote=0/6 min=16777215 max=0 fedZ=839784 bbox=394,117..1015,450 raw=FFFFFF00 FFFFFF00 FFFFFF00 FFFFFF00 FFFFFF00 FFFFFF00
[ITEMZ] tagged=348 hit=348 szmin=8988 szmax=13123 otzSpan=1920
[ZETA] wrote=0/6 min=16777215 max=0 fedZ=838860 bbox=394,117..1015,450 raw=FFFFFF00 FFFFFF00 FFFFFF00 FFFFFF00 FFFFFF00 FFFFFF00
[ITEMZ] tagged=376 hit=376 szmin=9045 szmax=13123 otzSpan=1920
[ZETA] wrote=0/6 min=16777215 max=0 fedZ=852732 bbox=394,125..1015,450 raw=FFFFFF00 FFFFFF00 FFFFFF00 FFFFFF00 FFFFFF00 FFFFFF00
[FT] avgMs=17 worstMs=47 swapWait=0ms flushMs=0ms draws=110 decodes=0 decMs=0
[ITEMZ] tagged=416 hit=416 szmin=9128 szmax=13123 otzSpan=1920
[ZETA] wrote=0/6 min=16777215 max=0 fedZ=838860 bbox=394,125..1015,450 raw=FFFFFF00 FFFFFF00 FFFFFF00 FFFFFF00 FFFFFF00 FFFFFF00
[ITEMZ] tagged=415 hit=415 szmin=9032 szmax=13123 otzSpan=1920
[ZETA] wrote=0/6 min=16777215 max=0 fedZ=838860 bbox=394,117..1015,450 raw=FFFFFF00 FFFFFF00 FFFFFF00 FFFFFF00 FFFFFF00 FFFFFF00
[ITEMZ] tagged=366 hit=366 szmin=9019 szmax=13123 otzSpan=1920
[ZETA] wrote=0/6 min=16777215 max=0 fedZ=842538 bbox=394,117..1015,450 raw=FFFFFF00 FFFFFF00 FFFFFF00 FFFFFF00 FFFFFF00 FFFFFF00
[SH-XBOX] vblank 19800
[MEM] tick: free=2592KB (648 pages)
[ITEMZ] tagged=369 hit=369 szmin=9074 szmax=13123 otzSpan=1920
[ZETA] wrote=0/6 min=16777215 max=0 fedZ=849108 bbox=394,125..1015,450 raw=FFFFFF00 FFFFFF00 FFFFFF00 FFFFFF00 FFFFFF00 FFFFFF00
[FT] avgMs=17 worstMs=53 swapWait=0ms flushMs=0ms draws=110 decodes=0 decMs=0
[ITEMZ] tagged=383 hit=383 szmin=9018 szmax=13123 otzSpan=1920
[ZETA] wrote=0/6 min=16777215 max=0 fedZ=838860 bbox=394,125..1015,450 raw=FFFFFF00 FFFFFF00 FFFFFF00 FFFFFF00 FFFFFF00 FFFFFF00
[ITEMZ] tagged=356 hit=356 szmin=9036 szmax=13123 otzSpan=1920
[ZETA] wrote=0/6 min=16777215 max=0 fedZ=839784 bbox=394,117..1015,450 raw=FFFFFF00 FFFFFF00 FFFFFF00 FFFFFF00 FFFFFF00 FFFFFF00
[ITEMZ] tagged=348 hit=348 szmin=8988 szmax=13123 otzSpan=1920
[ZETA] wrote=0/6 min=16777215 max=0 fedZ=838860 bbox=394,117..1015,450 raw=FFFFFF00 FFFFFF00 FFFFFF00 FFFFFF00 FFFFFF00 FFFFFF00
[FT] avgMs=17 worstMs=72 swapWait=0ms flushMs=0ms draws=110 decodes=0 decMs=0
[ITEMZ] tagged=376 hit=376 szmin=9045 szmax=13123 otzSpan=1920
[ZETA] wrote=0/6 min=16777215 max=0 fedZ=852732 bbox=394,125..1015,450 raw=FFFFFF00 FFFFFF00 FFFFFF00 FFFFFF00 FFFFFF00 FFFFFF00
[ITEMZ] tagged=416 hit=416 szmin=9128 szmax=13123 otzSpan=1920
[ZETA] wrote=0/6 min=16777215 max=0 fedZ=838860 bbox=394,125..1015,450 raw=FFFFFF00 FFFFFF00 FFFFFF00 FFFFFF00 FFFFFF00 FFFFFF00
[ITEMZ] tagged=415 hit=415 szmin=9032 szmax=13123 otzSpan=1920
[ZETA] wrote=0/6 min=16777215 max=0 fedZ=838860 bbox=394,117..1015,450 raw=FFFFFF00 FFFFFF00 FFFFFF00 FFFFFF00 FFFFFF00 FFFFFF00
[ITEMZ] tagged=366 hit=366 szmin=9019 szmax=13123 otzSpan=1920
[ZETA] wrote=0/6 min=16777215 max=0 fedZ=842538 bbox=394,117..1015,450 raw=FFFFFF00 FFFFFF00 FFFFFF00 FFFFFF00 FFFFFF00 FFFFFF00
[FT] avgMs=17 worstMs=50 swapWait=0ms flushMs=0ms draws=110 decodes=0 decMs=0
[ITEMZ] tagged=369 hit=369 szmin=9074 szmax=13123 otzSpan=1920
[ZETA] wrote=0/6 min=16777215 max=0 fedZ=849108 bbox=394,125..1015,450 raw=FFFFFF00 FFFFFF00 FFFFFF00 FFFFFF00 FFFFFF00 FFFFFF00
[ITEMZ] tagged=383 hit=383 szmin=9018 szmax=13123 otzSpan=1920
[ZETA] wrote=0/6 min=16777215 max=0 fedZ=838860 bbox=394,125..1015,450 raw=FFFFFF00 FFFFFF00 FFFFFF00 FFFFFF00 FFFFFF00 FFFFFF00
[ITEMZ] tagged=356 hit=356 szmin=9036 szmax=13123 otzSpan=1920
[ZETA] wrote=0/6 min=16777215 max=0 fedZ=839784 bbox=394,117..1015,450 raw=FFFFFF00 FFFFFF00 FFFFFF00 FFFFFF00 FFFFFF00 FFFFFF00
[ITEMZ] tagged=348 hit=348 szmin=8988 szmax=13123 otzSpan=1920
[ZETA] wrote=0/6 min=16777215 max=0 fedZ=838860 bbox=394,117..1015,450 raw=FFFFFF00 FFFFFF00 FFFFFF00 FFFFFF00 FFFFFF00 FFFFFF00
[FT] avgMs=17 worstMs=46 swapWait=0ms flushMs=0ms draws=110 decodes=0 decMs=0
[ITEMZ] tagged=376 hit=376 szmin=9045 szmax=13123 otzSpan=1920
[ZETA] wrote=0/6 min=16777215 max=0 fedZ=852732 bbox=394,125..1015,450 raw=FFFFFF00 FFFFFF00 FFFFFF00 FFFFFF00 FFFFFF00 FFFFFF00
[ITEMZ] tagged=416 hit=416 szmin=9128 szmax=13123 otzSpan=1920
[ZETA] wrote=0/6 min=16777215 max=0 fedZ=838860 bbox=394,125..1015,450 raw=FFFFFF00 FFFFFF00 FFFFFF00 FFFFFF00 FFFFFF00 FFFFFF00
[ITEMZ] tagged=415 hit=415 szmin=9032 szmax=13123 otzSpan=1920
[ZETA] wrote=0/6 min=16777215 max=0 fedZ=838860 bbox=394,117..1015,450 raw=FFFFFF00 FFFFFF00 FFFFFF00 FFFFFF00 FFFFFF00 FFFFFF00
[ITEMZ] tagged=366 hit=366 szmin=9019 szmax=13123 otzSpan=1920
[ZETA] wrote=0/6 min=16777215 max=0 fedZ=842538 bbox=394,117..1015,450 raw=FFFFFF00 FFFFFF00 FFFFFF00 FFFFFF00 FFFFFF00 FFFFFF00
[FT] avgMs=17 worstMs=53 swapWait=0ms flushMs=0ms draws=110 decodes=0 decMs=0
[ITEMZ] tagged=369 hit=369 szmin=9074 szmax=13123 otzSpan=1920
[ZETA] wrote=0/6 min=16777215 max=0 fedZ=849108 bbox=394,125..1015,450 raw=FFFFFF00 FFFFFF00 FFFFFF00 FFFFFF00 FFFFFF00 FFFFFF00
[ITEMZ] tagged=383 hit=383 szmin=9018 szmax=13123 otzSpan=1920
[ZETA] wrote=0/6 min=16777215 max=0 fedZ=838860 bbox=394,125..1015,450 raw=FFFFFF00 FFFFFF00 FFFFFF00 FFFFFF00 FFFFFF00 FFFFFF00
[ITEMZ] tagged=356 hit=356 szmin=9036 szmax=13123 otzSpan=1920
[ZETA] wrote=0/6 min=16777215 max=0 fedZ=839784 bbox=394,117..1015,450 raw=FFFFFF00 FFFFFF00 FFFFFF00 FFFFFF00 FFFFFF00 FFFFFF00
[SH-XBOX] vblank 20400
[MEM] tick: free=2592KB (648 pages)
[FT] avgMs=17 worstMs=49 swapWait=0ms flushMs=0ms draws=110 decodes=0 decMs=0
[ITEMZ] tagged=348 hit=348 szmin=8988 szmax=13123 otzSpan=1920
[ZETA] wrote=0/6 min=16777215 max=0 fedZ=838860 bbox=394,117..1015,450 raw=FFFFFF00 FFFFFF00 FFFFFF00 FFFFFF00 FFFFFF00 FFFFFF00
[ITEMZ] tagged=376 hit=376 szmin=9045 szmax=13123 otzSpan=1920
[ZETA] wrote=0/6 min=16777215 max=0 fedZ=852732 bbox=394,125..1015,450 raw=FFFFFF00 FFFFFF00 FFFFFF00 FFFFFF00 FFFFFF00 FFFFFF00
[ITEMZ] tagged=416 hit=416 szmin=9128 szmax=13123 otzSpan=1920
[ZETA] wrote=0/6 min=16777215 max=0 fedZ=838860 bbox=394,125..1015,450 raw=FFFFFF00 FFFFFF00 FFFFFF00 FFFFFF00 FFFFFF00 FFFFFF00
[ITEMZ] tagged=415 hit=415 szmin=9032 szmax=13123 otzSpan=1920
[ZETA] wrote=0/6 min=16777215 max=0 fedZ=838860 bbox=394,117..1015,450 raw=FFFFFF00 FFFFFF00 FFFFFF00 FFFFFF00 FFFFFF00 FFFFFF00
[FT] avgMs=17 worstMs=54 swapWait=0ms flushMs=0ms draws=110 decodes=0 decMs=0
[ITEMZ] tagged=366 hit=366 szmin=9019 szmax=13123 otzSpan=1920
[ZETA] wrote=0/6 min=16777215 max=0 fedZ=842538 bbox=394,117..1015,450 raw=FFFFFF00 FFFFFF00 FFFFFF00 FFFFFF00 FFFFFF00 FFFFFF00
[ITEMZ] tagged=369 hit=369 szmin=9074 szmax=13123 otzSpan=1920
[ZETA] wrote=0/6 min=16777215 max=0 fedZ=849108 bbox=394,125..1015,450 raw=FFFFFF00 FFFFFF00 FFFFFF00 FFFFFF00 FFFFFF00 FFFFFF00
[ITEMZ] tagged=383 hit=383 szmin=9018 szmax=13123 otzSpan=1920
[ZETA] wrote=0/6 min=16777215 max=0 fedZ=838860 bbox=394,125..1015,450 raw=FFFFFF00 FFFFFF00 FFFFFF00 FFFFFF00 FFFFFF00 FFFFFF00
[ITEMZ] tagged=356 hit=356 szmin=9036 szmax=13123 otzSpan=1920
[ZETA] wrote=0/6 min=16777215 max=0 fedZ=839784 bbox=394,117..1015,450 raw=FFFFFF00 FFFFFF00 FFFFFF00 FFFFFF00 FFFFFF00 FFFFFF00
[FT] avgMs=17 worstMs=52 swapWait=0ms flushMs=0ms draws=110 decodes=0 decMs=0
[ITEMZ] tagged=348 hit=348 szmin=8988 szmax=13123 otzSpan=1920
[ZETA] wrote=0/6 min=16777215 max=0 fedZ=838860 bbox=394,117..1015,450 raw=FFFFFF00 FFFFFF00 FFFFFF00 FFFFFF00 FFFFFF00 FFFFFF00
[ITEMZ] tagged=376 hit=376 szmin=9045 szmax=13123 otzSpan=1920
[ZETA] wrote=0/6 min=16777215 max=0 fedZ=852732 bbox=394,125..1015,450 raw=FFFFFF00 FFFFFF00 FFFFFF00 FFFFFF00 FFFFFF00 FFFFFF00
[ITEMZ] tagged=416 hit=416 szmin=9128 szmax=13123 otzSpan=1920
[ZETA] wrote=0/6 min=16777215 max=0 fedZ=838860 bbox=394,125..1015,450 raw=FFFFFF00 FFFFFF00 FFFFFF00 FFFFFF00 FFFFFF00 FFFFFF00
[ITEMZ] tagged=415 hit=415 szmin=9032 szmax=13123 otzSpan=1920
[ZETA] wrote=0/6 min=16777215 max=0 fedZ=838860 bbox=394,117..1015,450 raw=FFFFFF00 FFFFFF00 FFFFFF00 FFFFFF00 FFFFFF00 FFFFFF00
[FT] avgMs=17 worstMs=47 swapWait=0ms flushMs=0ms draws=110 decodes=0 decMs=0
[ITEMZ] tagged=366 hit=366 szmin=9019 szmax=13123 otzSpan=1920
[ZETA] wrote=0/6 min=16777215 max=0 fedZ=842538 bbox=394,117..1015,450 raw=FFFFFF00 FFFFFF00 FFFFFF00 FFFFFF00 FFFFFF00 FFFFFF00
[ITEMZ] tagged=369 hit=369 szmin=9074 szmax=13123 otzSpan=1920
[ZETA] wrote=0/6 min=16777215 max=0 fedZ=849108 bbox=394,125..1015,450 raw=FFFFFF00 FFFFFF00 FFFFFF00 FFFFFF00 FFFFFF00 FFFFFF00
[ITEMZ] tagged=383 hit=383 szmin=9018 szmax=13123 otzSpan=1920
[ZETA] wrote=0/6 min=16777215 max=0 fedZ=838860 bbox=394,125..1015,450 raw=FFFFFF00 FFFFFF00 FFFFFF00 FFFFFF00 FFFFFF00 FFFFFF00
[FT] avgMs=17 worstMs=52 swapWait=0ms flushMs=0ms draws=110 decodes=0 decMs=0
[ITEMZ] tagged=356 hit=356 szmin=9036 szmax=13123 otzSpan=1920
[ZETA] wrote=0/6 min=16777215 max=0 fedZ=839784 bbox=394,117..1015,450 raw=FFFFFF00 FFFFFF00 FFFFFF00 FFFFFF00 FFFFFF00 FFFFFF00
[ITEMZ] tagged=348 hit=348 szmin=8988 szmax=13123 otzSpan=1920
[ZETA] wrote=0/6 min=16777215 max=0 fedZ=838860 bbox=394,117..1015,450 raw=FFFFFF00 FFFFFF00 FFFFFF00 FFFFFF00 FFFFFF00 FFFFFF00
[ITEMZ] tagged=376 hit=376 szmin=9045 szmax=13123 otzSpan=1920
[ZETA] wrote=0/6 min=16777215 max=0 fedZ=852732 bbox=394,125..1015,450 raw=FFFFFF00 FFFFFF00 FFFFFF00 FFFFFF00 FFFFFF00 FFFFFF00
[ITEMZ] tagged=416 hit=416 szmin=9128 szmax=13123 otzSpan=1920
[ZETA] wrote=0/6 min=16777215 max=0 fedZ=838860 bbox=394,125..1015,450 raw=FFFFFF00 FFFFFF00 FFFFFF00 FFFFFF00 FFFFFF00 FFFFFF00
[SH-XBOX] vblank 21000
[MEM] tick: free=2592KB (648 pages)
[FT] avgMs=17 worstMs=50 swapWait=0ms flushMs=0ms draws=110 decodes=0 decMs=0
[ITEMZ] tagged=415 hit=415 szmin=9032 szmax=13123 otzSpan=1920
[ZETA] wrote=0/6 min=16777215 max=0 fedZ=838860 bbox=394,117..1015,450 raw=FFFFFF00 FFFFFF00 FFFFFF00 FFFFFF00 FFFFFF00 FFFFFF00
[ITEMZ] tagged=366 hit=366 szmin=9019 szmax=13123 otzSpan=1920
[ZETA] wrote=0/6 min=16777215 max=0 fedZ=842538 bbox=394,117..1015,450 raw=FFFFFF00 FFFFFF00 FFFFFF00 FFFFFF00 FFFFFF00 FFFFFF00
[ITEMZ] tagged=369 hit=369 szmin=9074 szmax=13123 otzSpan=1920
[ZETA] wrote=0/6 min=16777215 max=0 fedZ=849108 bbox=394,125..1015,450 raw=FFFFFF00 FFFFFF00 FFFFFF00 FFFFFF00 FFFFFF00 FFFFFF00
[ITEMZ] tagged=383 hit=383 szmin=9018 szmax=13123 otzSpan=1920
[ZETA] wrote=0/6 min=16777215 max=0 fedZ=838860 bbox=394,125..1015,450 raw=FFFFFF00 FFFFFF00 FFFFFF00 FFFFFF00 FFFFFF00 FFFFFF00
[FT] avgMs=17 worstMs=45 swapWait=0ms flushMs=0ms draws=110 decodes=0 decMs=0
[ITEMZ] tagged=356 hit=356 szmin=9036 szmax=13123 otzSpan=1920
[ZETA] wrote=0/6 min=16777215 max=0 fedZ=839784 bbox=394,117..1015,450 raw=FFFFFF00 FFFFFF00 FFFFFF00 FFFFFF00 FFFFFF00 FFFFFF00
[ITEMZ] tagged=348 hit=348 szmin=8988 szmax=13123 otzSpan=1920
[ZETA] wrote=0/6 min=16777215 max=0 fedZ=838860 bbox=394,117..1015,450 raw=FFFFFF00 FFFFFF00 FFFFFF00 FFFFFF00 FFFFFF00 FFFFFF00
[ITEMZ] tagged=376 hit=376 szmin=9045 szmax=13123 otzSpan=1920
[ZETA] wrote=0/6 min=16777215 max=0 fedZ=852732 bbox=394,125..1015,450 raw=FFFFFF00 FFFFFF00 FFFFFF00 FFFFFF00 FFFFFF00 FFFFFF00
[ITEMZ] tagged=416 hit=416 szmin=9128 szmax=13123 otzSpan=1920
[ZETA] wrote=0/6 min=16777215 max=0 fedZ=838860 bbox=394,125..1015,450 raw=FFFFFF00 FFFFFF00 FFFFFF00 FFFFFF00 FFFFFF00 FFFFFF00
[FT] avgMs=17 worstMs=52 swapWait=0ms flushMs=0ms draws=110 decodes=0 decMs=0
[ITEMZ] tagged=415 hit=415 szmin=9032 szmax=13123 otzSpan=1920
[ZETA] wrote=0/6 min=16777215 max=0 fedZ=838860 bbox=394,117..1015,450 raw=FFFFFF00 FFFFFF00 FFFFFF00 FFFFFF00 FFFFFF00 FFFFFF00
[ITEMZ] tagged=366 hit=366 szmin=9019 szmax=13123 otzSpan=1920
[ZETA] wrote=0/6 min=16777215 max=0 fedZ=842538 bbox=394,117..1015,450 raw=FFFFFF00 FFFFFF00 FFFFFF00 FFFFFF00 FFFFFF00 FFFFFF00
[ITEMZ] tagged=369 hit=369 szmin=9074 szmax=13123 otzSpan=1920
[ZETA] wrote=0/6 min=16777215 max=0 fedZ=849108 bbox=394,125..1015,450 raw=FFFFFF00 FFFFFF00 FFFFFF00 FFFFFF00 FFFFFF00 FFFFFF00
[FT] avgMs=17 worstMs=48 swapWait=0ms flushMs=0ms draws=110 decodes=0 decMs=0
[ITEMZ] tagged=383 hit=383 szmin=9018 szmax=13123 otzSpan=1920
[ZETA] wrote=0/6 min=16777215 max=0 fedZ=838860 bbox=394,125..1015,450 raw=FFFFFF00 FFFFFF00 FFFFFF00 FFFFFF00 FFFFFF00 FFFFFF00
[ITEMZ] tagged=356 hit=356 szmin=9036 szmax=13123 otzSpan=1920
[ZETA] wrote=0/6 min=16777215 max=0 fedZ=839784 bbox=394,117..1015,450 raw=FFFFFF00 FFFFFF00 FFFFFF00 FFFFFF00 FFFFFF00 FFFFFF00
[ITEMZ] tagged=348 hit=348 szmin=8988 szmax=13123 otzSpan=1920
[ZETA] wrote=0/6 min=16777215 max=0 fedZ=838860 bbox=394,117..1015,450 raw=FFFFFF00 FFFFFF00 FFFFFF00 FFFFFF00 FFFFFF00 FFFFFF00
[ITEMZ] tagged=376 hit=376 szmin=9045 szmax=13123 otzSpan=1920
[ZETA] wrote=0/6 min=16777215 max=0 fedZ=852732 bbox=394,125..1015,450 raw=FFFFFF00 FFFFFF00 FFFFFF00 FFFFFF00 FFFFFF00 FFFFFF00
[FT] avgMs=17 worstMs=53 swapWait=0ms flushMs=0ms draws=110 decodes=0 decMs=0
[ITEMZ] tagged=416 hit=416 szmin=9128 szmax=13123 otzSpan=1920
[ZETA] wrote=0/6 min=16777215 max=0 fedZ=838860 bbox=394,125..1015,450 raw=FFFFFF00 FFFFFF00 FFFFFF00 FFFFFF00 FFFFFF00 FFFFFF00
[ITEMZ] tagged=415 hit=415 szmin=9032 szmax=13123 otzSpan=1920
[ZETA] wrote=0/6 min=16777215 max=0 fedZ=838860 bbox=394,117..1015,450 raw=FFFFFF00 FFFFFF00 FFFFFF00 FFFFFF00 FFFFFF00 FFFFFF00
[ITEMZ] tagged=366 hit=366 szmin=9019 szmax=13123 otzSpan=1920
[ZETA] wrote=0/6 min=16777215 max=0 fedZ=842538 bbox=394,117..1015,450 raw=FFFFFF00 FFFFFF00 FFFFFF00 FFFFFF00 FFFFFF00 FFFFFF00
[ITEMZ] tagged=369 hit=369 szmin=9074 szmax=13123 otzSpan=1920
[ZETA] wrote=0/6 min=16777215 max=0 fedZ=849108 bbox=394,125..1015,450 raw=FFFFFF00 FFFFFF00 FFFFFF00 FFFFFF00 FFFFFF00 FFFFFF00
[SH-XBOX] vblank 21600
[MEM] tick: free=2592KB (648 pages)
[FT] avgMs=17 worstMs=51 swapWait=0ms flushMs=0ms draws=110 decodes=0 decMs=0
[ITEMZ] tagged=383 hit=383 szmin=9018 szmax=13123 otzSpan=1920
[ZETA] wrote=0/6 min=16777215 max=0 fedZ=838860 bbox=394,125..1015,450 raw=FFFFFF00 FFFFFF00 FFFFFF00 FFFFFF00 FFFFFF00 FFFFFF00
[SFX] Sd_PlaySfx: sfxId=1307 (Sfx_Base+27) vol=64
[SFX] Sd_PlaySfx: sfxId=1305 (Sfx_Base+25) vol=64
[ITEMZ] tagged=356 hit=356 szmin=9036 szmax=13123 otzSpan=1920
[ZETA] wrote=0/6 min=16777215 max=0 fedZ=839784 bbox=394,117..1015,450 raw=FFFFFF00 FFFFFF00 FFFFFF00 FFFFFF00 FFFFFF00 FFFFFF00
[SFX] Sd_PlaySfx: sfxId=1307 (Sfx_Base+27) vol=64
[ITEMZ] tagged=348 hit=348 szmin=8988 szmax=13123 otzSpan=1920
[ZETA] wrote=0/6 min=16777215 max=0 fedZ=838860 bbox=394,117..1015,450 raw=FFFFFF00 FFFFFF00 FFFFFF00 FFFFFF00 FFFFFF00 FFFFFF00
[SFX] Sd_PlaySfx: sfxId=1306 (Sfx_Base+26) vol=64
[ITEMZ] tagged=376 hit=376 szmin=9045 szmax=13123 otzSpan=1920
[ZETA] wrote=0/6 min=16777215 max=0 fedZ=852732 bbox=394,125..1015,450 raw=FFFFFF00 FFFFFF00 FFFFFF00 FFFFFF00 FFFFFF00 FFFFFF00
[SFX] Sd_PlaySfx: sfxId=1306 (Sfx_Base+26) vol=64
[WEP_DBG] handgun pre-copy D_800AFBF4[6]: sfx0=1283 sfx2=1284 sfx4=1285 aim6=66 att7=72 hold8=61 f9=37 fA=37 fB=0 sizeof=12
[WEP_DBG] handgun post-copy g_Player_EquippedWeaponInfo: sfx0=1283 sfx2=1284 sfx4=1285 aim6=66 att7=72 hold8=61 f9=37 fA=37 fB=0 sizeof=12
[RELOAD_KF] weap=32 blendStart=-1 blendEnd=605 activeEnd=658
[FT] avgMs=17 worstMs=46 swapWait=0ms flushMs=0ms draws=106 decodes=0 decMs=0
[SH-XBOX] GameState -> 11 (step 0)
[FOGST-GPU] clear=0xff6c6474
[FOGST-GPU] clear=0xff000000
[SH-XBOX] GameState -> 19 (step 0)
[BOOT0/TIM] PostLoadTim file=1485 'HEROPIC2.TIM' ss=0x5bb6 img.u=12 img.v=103 tPage=1,31 clutX=224 clutY=13
[BOOT0/TIM] post ReadTIM: prect=0xfac934 caddr=0xfac730 paddr=0xfac93c mode=9
[BOOT0/TIM] pre pixel LoadImage rect=(972,359 52x152)
[BOOT0/TIM] pre CLUT LoadImage rect=(224,13 256x1)
[BOOT0/TIM] PostLoadTim done
[SH-XBOX] GameState -> 14 (step 0)
[ITEMPICK] map-pack link: slot=2 loadableIdx=0 nobj=34 obj=ok
[ITEMPICK] map-pack link: slot=3 loadableIdx=8 nobj=34 obj=ok
[ITEMPICK] map-pack link: slot=4 loadableIdx=3 nobj=34 obj=ok
[ITEMPICK] map-pack link: slot=5 loadableIdx=15 nobj=34 obj=ok
[ITEMPICK] map-pack link: slot=6 loadableIdx=16 nobj=34 obj=ok
[ITEMPICK] map-pack link: slot=7 loadableIdx=8 nobj=34 obj=ok
[ITEMZ] tagged=383 hit=383 szmin=9064 szmax=13123 otzSpan=1920
[ZETA] wrote=0/6 min=16777215 max=0 fedZ=838860 bbox=394,126..1015,450 raw=FFFFFF00 FFFFFF00 FFFFFF00 FFFFFF00 FFFFFF00 FFFFFF00
[ITEMZ] tagged=389 hit=389 szmin=9016 szmax=13123 otzSpan=1920
[ZETA] wrote=0/6 min=16777215 max=0 fedZ=838860 bbox=394,122..1015,450 raw=FFFFFF00 FFFFFF00 FFFFFF00 FFFFFF00 FFFFFF00 FFFFFF00
[FT] avgMs=24 worstMs=106 swapWait=0ms flushMs=0ms draws=193 decodes=18 decMs=14
[SFX] Sd_PlaySfx: sfxId=1305 (Sfx_Base+25) vol=64
[ITEMZ] tagged=347 hit=347 szmin=9017 szmax=13123 otzSpan=1920
[ZETA] wrote=0/6 min=16777215 max=0 fedZ=838860 bbox=394,117..1015,450 raw=FFFFFF00 FFFFFF00 FFFFFF00 FFFFFF00 FFFFFF00 FFFFFF00
[SFX] Sd_PlaySfx: sfxId=1305 (Sfx_Base+25) vol=64
[SFX] Sd_PlaySfx: sfxId=1307 (Sfx_Base+27) vol=64
[BOOT0/TIM] PostLoadTim file=1919 'OPTION.TIM' ss=0x8a38 img.u=0 img.v=16 tPage=1,5 clutX=224 clutY=14
[BOOT0/TIM] post ReadTIM: prect=0xfac934 caddr=0xfac730 paddr=0xfac93c mode=9
[BOOT0/TIM] pre pixel LoadImage rect=(320,16 160x240)
[BOOT0/TIM] pre CLUT LoadImage rect=(224,14 256x1)
[BOOT0/TIM] PostLoadTim done
[ITEMZ] tagged=350 hit=350 szmin=8997 szmax=13123 otzSpan=1920
[ZETA] wrote=0/6 min=16777215 max=0 fedZ=844347 bbox=394,120..1015,450 raw=FFFFFF00 FFFFFF00 FFFFFF00 FFFFFF00 FFFFFF00 FFFFFF00
[SH-XBOX] GameState -> 18 (step 0)
[SFX] Sd_PlaySfx: sfxId=1305 (Sfx_Base+25) vol=64
[FT] avgMs=18 worstMs=136 swapWait=0ms flushMs=0ms draws=68 decodes=2 decMs=2
[SFX] Sd_PlaySfx: sfxId=1305 (Sfx_Base+25) vol=64
[SFX] Sd_PlaySfx: sfxId=1305 (Sfx_Base+25) vol=64
[SFX] Sd_PlaySfx: sfxId=1307 (Sfx_Base+27) vol=64
[SFX] Sd_PlaySfx: sfxId=1305 (Sfx_Base+25) vol=64
[FT] avgMs=17 worstMs=49 swapWait=0ms flushMs=0ms draws=70 decodes=0 decMs=0
[SFX] Sd_PlaySfx: sfxId=1305 (Sfx_Base+25) vol=64
[SFX] Sd_PlaySfx: sfxId=1305 (Sfx_Base+25) vol=64
[SFX] Sd_PlaySfx: sfxId=1305 (Sfx_Base+25) vol=64
[SFX] Sd_PlaySfx: sfxId=1305 (Sfx_Base+25) vol=64
[SFX] Sd_PlaySfx: sfxId=1305 (Sfx_Base+25) vol=64
[SFX] Sd_PlaySfx: sfxId=1305 (Sfx_Base+25) vol=64
[SFX] Sd_PlaySfx: sfxId=1305 (Sfx_Base+25) vol=64
[SFX] Sd_PlaySfx: sfxId=1305 (Sfx_Base+25) vol=64
[SH-XBOX] vblank 22200
[MEM] tick: free=2592KB (648 pages)
[FT] avgMs=17 worstMs=82 swapWait=0ms flushMs=0ms draws=100 decodes=0 decMs=0
[EXITMENU] pressed gameStatePrev=14 gameState=18
[SFX] Sd_PlaySfx: sfxId=1307 (Sfx_Base+27) vol=64
[XA] SetVolume L=0 R=0
[SH_AMB] Sd_AmbientSfxSet idx=1 -> loadCmd=162
[BOOT0/TIM] PostLoadTim file=1980 'TITLE_E.TIM' ss=0x90b7 img.u=32 img.v=0 tPage=1,13 clutX=224 clutY=15
[BOOT0/TIM] post ReadTIM: prect=0xf7c934 caddr=0xf7c730 paddr=0xf7c93c mode=9
[BOOT0/TIM] pre pixel LoadImage rect=(864,0 160x480)
[BOOT0/TIM] pre CLUT LoadImage rect=(224,15 256x1)
[BOOT0/TIM] PostLoadTim done
[SH-XBOX] GameState -> 7 (step 0)
[BOOT-STEP] GameStartup step=0 qlen=0
[TRANSITION] GameStartup step=0: processFlags=0x20 (BootDemo) sizeof(s_WorldGfxWork)=11708
[BOOT-STEP] GameStartup step=1 qlen=0
[SFX] Sd_PlaySfx: sfxId=1305 (Sfx_Base+25) vol=0
[FT] avgMs=17 worstMs=105 swapWait=0ms flushMs=0ms draws=22 decodes=10 decMs=7
