[CFG] key='control_style'(13) value='classic'
[CFG] key='invert_controller_y'(19) value='0'
[CFG] key='crosshair'(9) value='1'
[CFG] key='crosshair_style'(15) value='3'
[CFG] key='refresh_rate'(12) value='60'
[CFG] key='retroachievements'(17) value='1'
[CFG] >> retroachievements branch: atoi=1 -> retroAchievements=1
[CFG] key='ra_username'(11) value='KushAstronaut'
[CFG] key='ra_password'(11) value='101F66d283,,'
[CFG] key='use_pgxp'(8) value='0'
[CFG] key='cutscene_line_gap_ms'(20) value='300'
[CFG] key='video_720p'(10) value='1'
[CFG] key='log_diag'(8) value='0control_2d = 1'
[CFG] key='control_2d'(10) value='0'
[SH-XBOX] SEH crash logger installed (frame=0xd0032c60 handler=0x2f1220)
[SH-XBOX] build a96105ae0+wt id=0809-201136 (2026-08-09 20:11:36)
[FS] D: -> '\Device\Harddisk0\Partition1\Apps\SH\' (wasMounted=1 remap=ok)
[SH-XBOX] boot: video 1280x720x32 (720p, pillarboxed 4:3)
[GTE] RotTransPers v(64,32,512) -> sx=352 sy=256 sz=128 flag=0x1000 (expect sx=352 sy=256)
[SH-XBOX] pbkit initialised
[CD] xbe dir = '\Device\Harddisk0\Partition1\Apps\SH\' (mounted Q:)
[CD] disc image: Q:\Silent Hill (USA).bin
[CD] BIN: Q:\Silent Hill (USA).bin
[SH-XBOX] NV2A fb 1280x720, content 960x720 at x=160
[SH-XBOX] NV2A backend ready (batch=65536 verts)
[SH-XBOX] USB pad init done
[MCRD] card path = E:\UDATA\SH010000\0.MCD
[SH-XBOX] PSX RAM @ 0xdca46c
[SH-XBOX] game data initialised
[SH-XBOX] subsystems up; entering MainLoop
[RA] init: enabled=1 user='KushAstronaut' token=none passwordLen=12
[NET] up, DHCP IP 192.168.1.123
[RA] syswork native: npcs=0x1A0 bones=0x26A0 tailA=0x91D0 targetNpc=0x92A8 light=0x92B0 sizeof=38588
[FREEZE] target ok: 1280x720 (GPU copy, no CPU readback)
[FOGST-GPU] clear=0xff000000
[SH-XBOX] layout check ok: sizeof(s_SysWork)=38588 sizeof(s_GameWork)=1496
[XA] SetVolume L=0 R=0
[ARENA] buf0=0x7fdd0008 buf1=0x7fbc0008
[SH-XBOX] GameState -> 0 (step 0)
[RA] http POST http://retroachievements.org/dorequest.php
[NET] POST retroachievements.org -> 200 (253 bytes)
[RA] http -> status=200 bodyLen=253 body='{"Success":true,"User":"KushAstronaut","AvatarUrl":"https:\/'
[RA] logged in as KushAstronaut
RA: signed in as KushAstronaut
[RA] disc hash 469d5cf1428d3f6f2234aa5be058f3ec
[MCFSM] state=0 step=0 (was -1/-1 after 0 f)
[OT] DrawOTag head=0xd4d21c (walking; per-node trace off)
[OT] walk done after 2048 nodes (cap hit=0)
[RA] http POST http://retroachievements.org/dorequest.php
[NET] POST retroachievements.org -> 200 (136269 bytes)
[RA] http -> status=200 bodyLen=136269 body='{"Success":true,"GameId":11252,"Title":"Silent Hill","ImageI'
[MCFSM] state=1 step=0 (was 0/0 after 0 f)
[MCRD] card_info chan=0 -> IOE (n=1)
[RA] http POST http://retroachievements.org/dorequest.php
[NET] POST retroachievements.org -> 200 (200 bytes)
[RA] http -> status=200 bodyLen=200 body='{"Success":true,"ServerNow":1786325694,"HardcoreUnlocks":[],'
[RA] set reads 0x800BCAD8 (mapped)
[RA] set reads 0x800BCC7E (mapped)
[RA] set reads 0x800BCBA2 (mapped)
[RA] set reads 0x800BC0C8 (mapped)
[RA] set reads 0x800BC26E (mapped)
[RA] set reads 0x800BC192 (mapped)
[RA] set reads 0x800B2214 (mapped)
[RA] set reads 0x800BC6A8 (mapped)
[RA] achievement read of unmapped PSX address 0x800BCD6C - needs a translation entry
[RA] achievement read of unmapped PSX address 0x800C168C - needs a translation entry
[RA] achievement read of unmapped PSX address 0x800C0C7C - needs a translation entry
[RA] achievement read of unmapped PSX address 0x800C125C - needs a translation entry
[RA] achievement read of unmapped PSX address 0x800C6F2D - needs a translation entry
[RA] achievement read of unmapped PSX address 0x800C651D - needs a translation entry
[RA] achievement read of unmapped PSX address 0x800C6AFD - needs a translation entry
[RA] achievement read of unmapped PSX address 0x800C4476 - needs a translation entry
[RA] matched game 11252 "Silent Hill"
[RA] worklist UNMAPPED 0x800BCD6C (memsize=0)
[RA] worklist UNMAPPED 0x800C168C (memsize=1)
[RA] worklist UNMAPPED 0x800C0C7C (memsize=1)
[RA] worklist UNMAPPED 0x800C125C (memsize=1)
[RA] worklist UNMAPPED 0x800C6F2D (memsize=0)
[RA] worklist UNMAPPED 0x800C651D (memsize=0)
[RA] worklist UNMAPPED 0x800C6AFD (memsize=0)
[RA] worklist UNMAPPED 0x800C4476 (memsize=1)
[RA] worklist UNMAPPED 0x800C4472 (memsize=0)
[RA] worklist UNMAPPED 0x800C4470 (memsize=0)
[RA] worklist: 352 memrefs total, 10 unserved, 10 distinct-unmapped listed
[RA] culprit: achiev id=83576 'Wounds That Won't Heal' reads unmapped 0x800BCD6C
[RA] culprit: achiev id=86517 'What Is Keeping That Child Alive?' reads unmapped 0x800C168C
[RA] culprit: achiev id=86517 'What Is Keeping That Child Alive?' reads unmapped 0x800C0C7C
[RA] culprit: achiev id=86517 'What Is Keeping That Child Alive?' reads unmapped 0x800C125C
[RA] culprit: achiev id=86663 'Scary Harry I' reads unmapped 0x800C6F2D
[RA] culprit: achiev id=86663 'Scary Harry I' reads unmapped 0x800C651D
[RA] culprit: achiev id=86663 'Scary Harry I' reads unmapped 0x800C6AFD
[RA] culprit: achiev id=86664 'Scary Harry II' reads unmapped 0x800C6F2D
[RA] culprit: achiev id=86664 'Scary Harry II' reads unmapped 0x800C651D
[RA] culprit: achiev id=86664 'Scary Harry II' reads unmapped 0x800C6AFD
[RA] culprit: achiev id=86665 'Scary Harry III' reads unmapped 0x800C6F2D
[RA] culprit: achiev id=86665 'Scary Harry III' reads unmapped 0x800C651D
[RA] culprit: achiev id=86665 'Scary Harry III' reads unmapped 0x800C6AFD
[RA] culprit: achiev id=86666 'Scary Harry IV' reads unmapped 0x800C6F2D
[RA] culprit: achiev id=86666 'Scary Harry IV' reads unmapped 0x800C651D
[RA] culprit: achiev id=86666 'Scary Harry IV' reads unmapped 0x800C6AFD
[RA] culprit: achiev id=86667 'Scary Harry V' reads unmapped 0x800C6F2D
[RA] culprit: achiev id=86667 'Scary Harry V' reads unmapped 0x800C651D
[RA] culprit: achiev id=86667 'Scary Harry V' reads unmapped 0x800C6AFD
[RA] culprit: achiev id=86668 'Scary Harry VI' reads unmapped 0x800C6F2D
[RA] culprit: achiev id=86668 'Scary Harry VI' reads unmapped 0x800C651D
[RA] culprit: achiev id=86668 'Scary Harry VI' reads unmapped 0x800C6AFD
[RA] culprit: achiev id=86422 'Harry the Swift' reads unmapped 0x800C4476
[RA] culprit: achiev id=86422 'Harry the Swift' reads unmapped 0x800C4472
[RA] culprit: achiev id=86423 'Daring Harry' reads unmapped 0x800C4470
[RA] culprit: achiev id=86427 'Harry the Best' reads unmapped 0x800C4472
[RA] culprit: achiev id=86427 'Harry the Best' reads unmapped 0x800C4470
[RA] trace 84008: not in runtime (already unlocked?)
[RA] ach lock id=84002 5p 'Keys for Eclipse'
[RA] ach lock id=84005 5p 'Old Man's Hand'
[RA] ach lock id=84007 5p 'Broken Notes'
[RA] ach lock id=85474 5p 'Harry in Wonderland'
[RA] ach lock id=85476 5p 'Loneliness'
[RA] ach lock id=86028 5p 'Sand Castles'
[RA] ach lock id=86080 10p 'I'll Kill You'
[RA] ach lock id=86340 5p 'Eww Eww Eww'
[RA] ach lock id=86506 10p 'Paging Dr. Kaufmann'
[RA] ach lock id=86341 5p 'Our Little Secret'
[RA] ach lock id=86342 10p 'Pour Some Sugar On Me, Baby'
[RA] ach lock id=86343 10p 'Merry-Go-Down'
[RA] ach lock id=86344 5p 'Grim Reaper's List'
[RA] ach lock id=86345 5p 'The Stone of Time'
[RA] ach lock id=83576 10p 'Wounds That Won't Heal'
[RA] ach lock id=86347 5p 'Illuminating the Darkness'
[RA] ach lock id=86517 10p 'What Is Keeping That Child Alive?'
[RA] ach lock id=86348 3p 'What's Going On with That Refrigerator?'
[RA] ach lock id=86428 10p 'My Heaven'
[RA] ach lock id=86518 10p 'Awakening'
[RA] ach lock id=86503 10p 'The Archer and the Beast'
[RA] ach lock id=86504 10p 'The Pit of Calamity'
[RA] ach lock id=86505 10p 'Erratic'
[RA] ach lock id=86513 10p 'Sifod'
[RA] ach lock id=86519 10p 'Thank You...'
[RA] ach lock id=86023 5p 'Target Practice'
[RA] ach lock id=86022 10p 'Triggered'
[RA] ach lock id=86024 25p 'Gun Control: Alessa's New Nightmare'
[RA] ach lock id=86026 10p 'Fa-fa-fa-fa, Fa-fa-fa-fa-fa, Fa, Better'
[RA] ach lock id=86027 25p 'Hammerin' Harry'
[RA] ach lock id=86346 10p 'Doomsday Prepper'
[RA] ach lock id=86349 10p 'Drillin' Like a Villain'
[RA] ach lock id=84003 10p 'Harry the Weeb'
[RA] ach lock id=84004 10p 'Silent Hill Chainsaw Massacre'
[RA] ach lock id=86520 10p 'A Gift from Outer Space'
[RA] ach lock id=86507 10p 'Like the Back of My Hand I'
[RA] ach lock id=86508 10p 'Like the Back of My Hand II'
[RA] ach lock id=86509 10p 'Like the Back of My Hand III'
[RA] ach lock id=86510 10p 'Like the Back of My Hand IV'
[RA] ach lock id=86516 5p 'Like the Back of My Hand V'
[RA] ach lock id=86663 5p 'Scary Harry I'
[RA] ach lock id=86664 10p 'Scary Harry II'
[RA] ach lock id=86665 10p 'Scary Harry III'
[RA] ach lock id=86666 10p 'Scary Harry IV'
[RA] ach lock id=86667 10p 'Scary Harry V'
[RA] ach lock id=86668 10p 'Scary Harry VI'
[RA] ach lock id=86422 25p 'Harry the Swift'
[RA] ach lock id=86423 25p 'Daring Harry'
[RA] ach lock id=86424 5p 'Harry the Okay'
[RA] ach lock id=86425 10p 'Harry the Good'
[RA] ach lock id=86426 25p 'Harry the Great'
[RA] ach lock id=86427 50p 'Harry the Best'
[RA] ach lock id=86662 5p 'That Light...'
[RA] ach lock id=86502 5p 'UFO Sighting I'
[RA] ach lock id=86511 5p 'UFO Sighting II'
[RA] ach lock id=86512 5p 'UFO Sighting III'
[RA] ach lock id=86514 5p 'UFO Sighting IV'
[RA] ach lock id=86515 5p 'UFO Sighting V'
[RA] ach lock id=86429 25p 'Tears of...'
[RA] ach lock id=86430 10p 'Killing Time'
[RA] ach lock id=86431 10p 'She'
[RA] ach lock id=86432 10p 'Esperandote'
[RA] ach lock id=86433 10p 'Ayyy'
[RA] ach UNLK id=101000001 0p 'Warning: Unknown Emulator'
[RA] ach UNLK id=86483 3p 'What a Nightmare...'
[RA] ach UNLK id=84008 10p 'Who's Afraid of a Reptile?'
[RA] ach UNLK id=86025 5p 'Knife to Meet You'
[RA] roster: 63 locked, 4 unlocked (67 total)
RetroAchievements: 3/66 (18 pts)
[MCFSM] state=1 step=2 (was 1/0 after 0 f)
[MCFSM] state=0 step=0 (was 1/2 after 0 f)
[MCFSM] state=1 step=0 (was 0/0 after 0 f)
[MCRD] card_info chan=0 -> IOE (n=2)
[MCFSM] state=1 step=2 (was 1/0 after 0 f)
[MCFSM] state=2 step=0 (was 1/2 after 0 f)
[MCRD] card_clear chan=0 -> IOE (n=1)
[MCFSM] state=2 step=2 (was 2/0 after 0 f)
[MCFSM] state=3 step=0 (was 2/2 after 0 f)
[MCRD] card_load chan=0 -> IOE (n=1)
[MCFSM] state=3 step=2 (was 3/0 after 0 f)
[MCFSM] state=4 step=0 (was 3/2 after 0 f)
[MCRD] dir scan chan=0 (n=1)
[MCFSM] state=0 step=0 (was 4/0 after 0 f)
[MCFSM] state=6 step=0 (was 0/0 after 0 f)
[MCRD] open 'bu00:BASLUS-00707SILENT00' flags=0x8001 -> h=1 dir=1 size=8192
[MCFSM] state=7 step=0 (was 6/0 after 0 f)
[MCFSM] state=7 step=2 (was 7/0 after 0 f)
[MCRD] read h=1 dir=1 ofs=512 len=256 ok
[LOOSE/INIT] allow_loose_files=0  base=gamedata/load/  verbose=no
[MCFSM] state=7 step=3 (was 7/2 after 0 f)
[MCFSM] state=0 step=0 (was 7/3 after 0 f)
[BOOT0/TIM] PostLoadTim file=6 'FONT16.TIM' ss=0x287 img.u=0 img.v=240 tPage=0,16 clutX=304 clutY=511
[BOOT0/TIM] post ReadTIM: prect=0xfacaa4 caddr=0xfaca80 paddr=0xfacaac mode=8
[BOOT0/TIM] pre pixel LoadImage rect=(0,496 256x16)
[FONTCLOB] Load x=0 y=496 w=256 h=16
[BOOT0/TIM] pre CLUT LoadImage rect=(304,511 16x1)
[BOOT0/TIM] PostLoadTim done
[MCFSM] state=1 step=0 (was 0/0 after 0 f)
[MCRD] card_info chan=1 -> IOE (n=3)
[MCFSM] state=1 step=2 (was 1/0 after 0 f)
[BOOT0/TIM] PostLoadTim file=8 'KONAMI.TIM' ss=0x28e img.u=0 img.v=0 tPage=0,12 clutX=0 clutY=0
[BOOT0/TIM] post ReadTIM: prect=0xfacaa4 caddr=0xfaca80 paddr=0xfacaac mode=8
[BOOT0/TIM] pre pixel LoadImage rect=(768,0 96x384)
[BOOT0/TIM] pre CLUT LoadImage rect=(0,0 16x1)
[BOOT0/TIM] PostLoadTim done
[MCFSM] state=0 step=0 (was 1/2 after 0 f)
[MCFSM] state=1 step=0 (was 0/0 after 0 f)
[MCRD] card_info chan=1 -> IOE (n=4)
[MCFSM] state=1 step=2 (was 1/0 after 0 f)
[MCFSM] state=2 step=0 (was 1/2 after 0 f)
[MCRD] card_clear chan=1 -> IOE (n=2)
[MCFSM] state=2 step=2 (was 2/0 after 0 f)
[MCFSM] state=3 step=0 (was 2/2 after 0 f)
[MCRD] card_load chan=1 -> IOE (n=2)
[MCFSM] state=3 step=2 (was 3/0 after 0 f)
[MCFSM] state=4 step=0 (was 3/2 after 0 f)
[MCRD] dir scan chan=1 (n=2)
[SH-XBOX] GameState -> 1 (step 0)
[MCFSM] state=0 step=0 (was 4/0 after 0 f)
[VRAM] texture cache: 29/96 slots (256KB each), free=8424KB after
[VRAM] cache capped by 8MB heap reserve (expect decode thrash)
[VRAM] cache grew to 30 slots (free=8168KB)
[VRAM] miss cause: evict=0 inval=0 cold=2 (alloc=31)
[MCFSM] state=1 step=0 (was 0/0 after 0 f)
[MCRD] card_info chan=2 -> IOE (n=5)
[MCFSM] state=1 step=2 (was 1/0 after 0 f)
[BOOT0/TIM] PostLoadTim file=9 'KONAMI2.TIM' ss=0x2b3 img.u=0 img.v=0 tPage=0,14 clutX=0 clutY=1
[BOOT0/TIM] post ReadTIM: prect=0xfacaa4 caddr=0xfaca80 paddr=0xfacaac mode=8
[BOOT0/TIM] pre pixel LoadImage rect=(896,0 104x160)
[BOOT0/TIM] pre CLUT LoadImage rect=(0,1 16x1)
[BOOT0/TIM] PostLoadTim done
[MCFSM] state=0 step=0 (was 1/2 after 0 f)
[MCFSM] state=1 step=0 (was 0/0 after 0 f)
[MCRD] card_info chan=2 -> IOE (n=6)
[MCFSM] state=1 step=2 (was 1/0 after 0 f)
[MCFSM] state=2 step=0 (was 1/2 after 0 f)
[MCRD] card_clear chan=2 -> IOE (n=3)
[MCFSM] state=2 step=2 (was 2/0 after 0 f)
[MCFSM] state=3 step=0 (was 2/2 after 0 f)
[MCRD] card_load chan=2 -> IOE (n=3)
[MCFSM] state=3 step=2 (was 3/0 after 0 f)
[MCFSM] state=4 step=0 (was 3/2 after 0 f)
[MCRD] dir scan chan=2 (n=3)
[MCFSM] state=0 step=0 (was 4/0 after 0 f)
[BOOT0/TIM] PostLoadTim file=1423 'HERO.TIM' ss=0x5a6a img.u=0 img.v=0 tPage=0,27 clutX=736 clutY=480
[BOOT0/TIM] post ReadTIM: prect=0xfacc64 caddr=0xfaca80 paddr=0xfacc6c mode=8
[BOOT0/TIM] pre pixel LoadImage rect=(704,256 64x192)
[BOOT0/TIM] pre CLUT LoadImage rect=(736,480 16x15)
[BOOT0/TIM] PostLoadTim done
[MCFSM] state=1 step=0 (was 0/0 after 0 f)
[MCRD] card_info chan=3 -> IOE (n=7)
[MCFSM] state=1 step=2 (was 1/0 after 0 f)
[MCFSM] state=0 step=0 (was 1/2 after 0 f)
[MCFSM] state=1 step=0 (was 0/0 after 0 f)
[MCRD] card_info chan=3 -> IOE (n=8)
[MCFSM] state=1 step=2 (was 1/0 after 0 f)
[MCFSM] state=2 step=0 (was 1/2 after 0 f)
[MCRD] card_clear chan=3 -> IOE (n=4)
[MCFSM] state=2 step=2 (was 2/0 after 0 f)
[MCFSM] state=3 step=0 (was 2/2 after 0 f)
[MCRD] card_load chan=3 -> IOE (n=4)
[MCFSM] state=3 step=2 (was 3/0 after 0 f)
[BOOT0/TIM] PostLoadTim file=1802 'BLD.TIM' ss=0x795b img.u=0 img.v=0 tPage=0,11 clutX=304 clutY=0
[BOOT0/TIM] post ReadTIM: prect=0xfb7484 caddr=0xfb7280 paddr=0xfb748c mode=8
[BOOT0/TIM] pre pixel LoadImage rect=(704,0 64x256)
[BOOT0/TIM] pre CLUT LoadImage rect=(304,0 16x16)
[BOOT0/TIM] PostLoadTim done
[MCFSM] state=4 step=0 (was 3/2 after 0 f)
[MCRD] dir scan chan=3 (n=4)
[MCFSM] state=0 step=0 (was 4/0 after 0 f)
[MCFSM] state=1 step=0 (was 0/0 after 0 f)
[MCRD] card_info chan=16 -> IOE (n=9)
[MCFSM] state=1 step=2 (was 1/0 after 0 f)
[MCFSM] state=0 step=0 (was 1/2 after 0 f)
[MCFSM] state=1 step=0 (was 0/0 after 0 f)
[MCRD] card_info chan=16 -> IOE (n=10)
[MCFSM] state=1 step=2 (was 1/0 after 0 f)
[MCFSM] state=2 step=0 (was 1/2 after 0 f)
[MCRD] card_clear chan=16 -> IOE (n=5)
[MCFSM] state=2 step=2 (was 2/0 after 0 f)
[MCFSM] state=3 step=0 (was 2/2 after 0 f)
[MCRD] card_load chan=16 -> IOE (n=5)
[MCFSM] state=3 step=2 (was 3/0 after 0 f)
[MCFSM] state=4 step=0 (was 3/2 after 0 f)
[MCRD] dir scan chan=8 (n=5)
[MCRD] open 'bu10:BASLUS-00707SILENT00' flags=0x8001 -> h=1 dir=1 size=8192
[MCRD] read h=1 dir=1 ofs=512 len=256 ok
[MCRD] card_info chan=17 -> IOE (n=11)
[MCRD] card_info chan=17 -> IOE (n=12)
[MCRD] card_clear chan=17 -> IOE (n=6)
[MCRD] card_load chan=17 -> IOE (n=6)
[MCRD] dir scan chan=9 (n=6)
[MCRD] card_info chan=18 -> IOE (n=13)
[MCRD] card_info chan=18 -> IOE (n=14)
[MCRD] card_clear chan=18 -> IOE (n=7)
[MCRD] card_load chan=18 -> IOE (n=7)
[MCRD] dir scan chan=10 (n=7)
[MCRD] card_info chan=19 -> IOE (n=15)
[MCRD] card_info chan=19 -> IOE (n=16)
[MCRD] card_clear chan=19 -> IOE (n=8)
[MCRD] card_load chan=19 -> IOE (n=8)
[MCRD] dir scan chan=11 (n=8)
[FT] avgMs=28 worstMs=598 gameMs=13 drawMs=16 swapWait=0ms draws=4 decodes=4 decMs=0
[OTS] f=120 calls=2 n0=27 n1=18 prims=984 bb=-320,3520,-411,1131
[OTT] walkUs=363 texUs=2 emitUs=25 submitUs=20 otherUs=315 prims=6 usPerPrim=60
[FT] avgMs=17 worstMs=55 gameMs=15 drawMs=1 swapWait=0ms draws=6 decodes=0 decMs=0
[OTS] f=240 calls=1 n0=27 n1=18 prims=1320 bb=160,2080,-25,745
[OTT] walkUs=80 texUs=2 emitUs=25 submitUs=19 otherUs=32 prims=6 usPerPrim=13
[FT] avgMs=17 worstMs=51 gameMs=15 drawMs=1 swapWait=0ms draws=5 decodes=0 decMs=0
[OTS] f=360 calls=1 n0=27 n1=18 prims=1314 bb=160,2080,-25,745
[OTT] walkUs=84 texUs=2 emitUs=30 submitUs=19 otherUs=32 prims=6 usPerPrim=14
[FT] avgMs=17 worstMs=85 gameMs=15 drawMs=1 swapWait=0ms draws=6 decodes=0 decMs=0
[OTS] f=480 calls=1 n0=27 n1=18 prims=1320 bb=160,2080,-25,745
[OTT] walkUs=90 texUs=2 emitUs=25 submitUs=19 otherUs=42 prims=6 usPerPrim=15
[FT] avgMs=17 worstMs=49 gameMs=15 drawMs=1 swapWait=0ms draws=6 decodes=0 decMs=0
[SH-XBOX] vblank 600
[MEM] tick: free=7396KB (1849 pages)
[OTS] f=600 calls=1 n0=27 n1=18 prims=1320 bb=160,2080,-25,745
[OTT] walkUs=80 texUs=2 emitUs=25 submitUs=20 otherUs=31 prims=6 usPerPrim=13
[SH-XBOX] GameState -> 2 (step 0)
[BOOT0/TIM] PostLoadTim file=1799 'BG_ETC.TIM' ss=0x7906 img.u=0 img.v=0 tPage=0,12 clutX=192 clutY=0
[BOOT0/TIM] post ReadTIM: prect=0xfacbe4 caddr=0xfaca80 paddr=0xfacbec mode=8
[BOOT0/TIM] pre pixel LoadImage rect=(768,0 32x256)
[BOOT0/TIM] pre CLUT LoadImage rect=(192,0 16x11)
[BOOT0/TIM] PostLoadTim done
[FT] avgMs=17 worstMs=50 gameMs=14 drawMs=2 swapWait=0ms draws=5 decodes=2 decMs=2
[OTS] f=720 calls=2 n0=23 n1=18 prims=1097 bb=160,2080,-25,745
[OTT] walkUs=58 texUs=3 emitUs=16 submitUs=13 otherUs=24 prims=4 usPerPrim=14
[FT] avgMs=17 worstMs=52 gameMs=15 drawMs=1 swapWait=0ms draws=4 decodes=0 decMs=0
[OTS] f=840 calls=1 n0=23 n1=18 prims=840 bb=160,2080,-25,745
[OTT] walkUs=591 texUs=2 emitUs=16 submitUs=12 otherUs=559 prims=4 usPerPrim=147
[MCRD] card_info chan=19 -> IOE (n=256)
[FT] avgMs=17 worstMs=50 gameMs=15 drawMs=1 swapWait=0ms draws=4 decodes=0 decMs=0
[OTS] f=960 calls=1 n0=23 n1=18 prims=840 bb=160,2080,-25,745
[OTT] walkUs=60 texUs=2 emitUs=16 submitUs=13 otherUs=28 prims=4 usPerPrim=15
[MCRD] open 'bu00:BASLUS-00707SILENT00' flags=0x8001 -> h=1 dir=1 size=8192
[MCRD] read h=1 dir=1 ofs=768 len=128 ok
[FT] avgMs=17 worstMs=67 gameMs=15 drawMs=2 swapWait=0ms draws=3 decodes=0 decMs=0
[OTS] f=1080 calls=1 n0=23 n1=18 prims=734 bb=160,2080,-25,745
[OTT] walkUs=56 texUs=2 emitUs=18 submitUs=25 otherUs=10 prims=4 usPerPrim=14
[FT] avgMs=17 worstMs=50 gameMs=15 drawMs=1 swapWait=0ms draws=4 decodes=0 decMs=0
[SH-XBOX] vblank 1200
[MEM] tick: free=6880KB (1720 pages)
[OTS] f=1200 calls=1 n0=23 n1=18 prims=840 bb=160,2080,-25,745
[OTT] walkUs=217 texUs=2 emitUs=18 submitUs=13 otherUs=182 prims=4 usPerPrim=54
[FT] avgMs=17 worstMs=50 gameMs=15 drawMs=1 swapWait=0ms draws=4 decodes=0 decMs=0
[OTS] f=1320 calls=1 n0=23 n1=18 prims=840 bb=160,2080,-25,745
[OTT] walkUs=59 texUs=2 emitUs=20 submitUs=14 otherUs=22 prims=4 usPerPrim=14
[BOOT0/TIM] PostLoadTim file=1980 'TITLE_E.TIM' ss=0x90b7 img.u=32 img.v=0 tPage=1,13 clutX=224 clutY=15
[BOOT0/TIM] post ReadTIM: prect=0xf7cc84 caddr=0xf7ca80 paddr=0xf7cc8c mode=9
[BOOT0/TIM] pre pixel LoadImage rect=(864,0 160x480)
[BOOT0/TIM] pre CLUT LoadImage rect=(224,15 256x1)
[BOOT0/TIM] PostLoadTim done
[SH-XBOX] GameState -> 6 (step 0)
[SH] open_main: playing FMV (file=2053 frames=0)
[FMV] no avi for C1_20670 (checked D:\fmv, D:\gamedata\fmv) -> MDEC
[FMV] start C1_20670 file_idx=2053 base=133127 sectors=20670 maxFrames=0 (15fps)
[XA] fmv stream open: 37800Hz stereo coding=0x01
[FMV] video 320x208, 9 sectors/frame
[mdec] hdr n_bytes=5776 first8=06 e0 38 00 00 01 00 02 qscale=1 version=2 ctx=320x208
[mdec] hdr n_bytes=5776 first8=06 e0 38 00 00 01 00 02 qscale=1 version=2 ctx=320x208
[mdec] hdr n_bytes=5776 first8=06 e0 38 00 00 01 00 02 qscale=1 version=2 ctx=320x208
[FT] avgMs=37 worstMs=168 gameMs=11 drawMs=25 swapWait=0ms draws=0 decodes=2 decMs=0
[FT] avgMs=39 worstMs=153 gameMs=10 drawMs=29 swapWait=0ms draws=1 decodes=0 decMs=0
[FMV] frame=150 dropped=4 fails=0 ring=1248 fed=187
[FT] avgMs=40 worstMs=148 gameMs=10 drawMs=30 swapWait=0ms draws=1 decodes=0 decMs=0
[FT] avgMs=38 worstMs=129 gameMs=10 drawMs=28 swapWait=0ms draws=1 decodes=0 decMs=0
[SH-XBOX] vblank 1800
[MEM] tick: free=5592KB (1398 pages)
[FMV] frame=300 dropped=6 fails=0 ring=548 fed=374
[FT] avgMs=39 worstMs=101 gameMs=10 drawMs=29 swapWait=0ms draws=1 decodes=0 decMs=0
[FT] avgMs=39 worstMs=104 gameMs=10 drawMs=29 swapWait=0ms draws=1 decodes=0 decMs=0
[FMV] frame=450 dropped=8 fails=0 ring=1609 fed=562
[FT] avgMs=40 worstMs=151 gameMs=10 drawMs=30 swapWait=0ms draws=1 decodes=0 decMs=0
[FT] avgMs=38 worstMs=140 gameMs=10 drawMs=28 swapWait=0ms draws=1 decodes=0 decMs=0
[FMV] frame=600 dropped=10 fails=0 ring=421 fed=749
[FT] avgMs=38 worstMs=100 gameMs=10 drawMs=28 swapWait=0ms draws=1 decodes=0 decMs=0
[SH-XBOX] vblank 2400
[MEM] tick: free=5592KB (1398 pages)
[FT] avgMs=40 worstMs=133 gameMs=10 drawMs=29 swapWait=0ms draws=1 decodes=0 decMs=0
[FMV] frame=750 dropped=13 fails=0 ring=2794 fed=937
[FT] avgMs=38 worstMs=88 gameMs=9 drawMs=29 swapWait=0ms draws=1 decodes=0 decMs=0
[FT] avgMs=37 worstMs=110 gameMs=10 drawMs=27 swapWait=0ms draws=1 decodes=0 decMs=0
[FMV] frame=900 dropped=14 fails=0 ring=304 fed=1124
[FT] avgMs=40 worstMs=129 gameMs=10 drawMs=29 swapWait=0ms draws=1 decodes=0 decMs=0
[FT] avgMs=38 worstMs=95 gameMs=10 drawMs=28 swapWait=0ms draws=1 decodes=0 decMs=0
[SH-XBOX] vblank 3000
[MEM] tick: free=5592KB (1398 pages)
[FMV] frame=1050 dropped=18 fails=0 ring=2902 fed=1312
[FT] avgMs=42 worstMs=148 gameMs=10 drawMs=31 swapWait=0ms draws=1 decodes=0 decMs=0
[FT] avgMs=39 worstMs=105 gameMs=10 drawMs=29 swapWait=0ms draws=1 decodes=0 decMs=0
[FT] avgMs=38 worstMs=135 gameMs=10 drawMs=27 swapWait=0ms draws=1 decodes=0 decMs=0
[FMV] frame=1200 dropped=20 fails=0 ring=667 fed=1499
[FT] avgMs=39 worstMs=147 gameMs=9 drawMs=29 swapWait=0ms draws=1 decodes=0 decMs=0
[FT] avgMs=38 worstMs=91 gameMs=10 drawMs=28 swapWait=0ms draws=1 decodes=0 decMs=0
[SH-XBOX] vblank 3600
[MEM] tick: free=5592KB (1398 pages)
[FMV] frame=1350 dropped=21 fails=0 ring=1729 fed=1687
[FT] avgMs=39 worstMs=95 gameMs=10 drawMs=28 swapWait=0ms draws=1 decodes=0 decMs=0
[FT] avgMs=38 worstMs=84 gameMs=10 drawMs=28 swapWait=0ms draws=1 decodes=0 decMs=0
[FMV] frame=1500 dropped=21 fails=0 ring=1830 fed=1874
[FT] avgMs=39 worstMs=95 gameMs=10 drawMs=29 swapWait=0ms draws=1 decodes=0 decMs=0
[FT] avgMs=38 worstMs=95 gameMs=10 drawMs=28 swapWait=0ms draws=1 decodes=0 decMs=0
[FMV] frame=1650 dropped=21 fails=0 ring=2124 fed=2062
[FT] avgMs=42 worstMs=125 gameMs=10 drawMs=31 swapWait=0ms draws=1 decodes=0 decMs=0
[SH-XBOX] vblank 4200
[MEM] tick: free=5592KB (1398 pages)
[FT] avgMs=39 worstMs=136 gameMs=10 drawMs=29 swapWait=0ms draws=1 decodes=0 decMs=0
[FMV] frame=1800 dropped=25 fails=0 ring=625 fed=2249
[FT] avgMs=40 worstMs=159 gameMs=10 drawMs=29 swapWait=0ms draws=1 decodes=0 decMs=0
[FT] avgMs=39 worstMs=103 gameMs=9 drawMs=29 swapWait=0ms draws=1 decodes=0 decMs=0
[FMV] frame=1950 dropped=27 fails=0 ring=1943 fed=2437
[FT] avgMs=38 worstMs=104 gameMs=10 drawMs=28 swapWait=0ms draws=1 decodes=0 decMs=0
[FT] avgMs=39 worstMs=100 gameMs=10 drawMs=28 swapWait=0ms draws=1 decodes=0 decMs=0
[SH-XBOX] vblank 4800
[MEM] tick: free=5592KB (1398 pages)
[XA] fmv stream end: 2563 sectors fed, 0 ring frames discarded
[FMV] end C1_20670: 2067 frames (28 dropped, 0 decode fails, 3492 presents)
[SH] open_main: FMV_Play returned
[SH-XBOX] GameState -> 7 (step 0)
[BOOT-STEP] GameStartup step=0 qlen=0
[TRANSITION] GameStartup step=0: processFlags=0x20 (BootDemo) sizeof(s_WorldGfxWork)=11708
[BOOT-STEP] GameStartup step=1 qlen=0
[FT] avgMs=21 worstMs=79 gameMs=12 drawMs=9 swapWait=0ms draws=15 decodes=6 decMs=4
[OTS] f=4920 calls=2 n0=2056 n1=295 prims=25306 bb=-320,3520,-411,1542
[OTT] walkUs=3193 texUs=7 emitUs=1851 submitUs=324 otherUs=1010 prims=253 usPerPrim=12
[FT] avgMs=17 worstMs=46 gameMs=12 drawMs=4 swapWait=0ms draws=21 decodes=0 decMs=0
[OTS] f=5040 calls=2 n0=2056 n1=295 prims=34440 bb=-35,1120,-25,797
[OTT] walkUs=2654 texUs=7 emitUs=1837 submitUs=193 otherUs=615 prims=253 usPerPrim=10
[MCRD] card_info chan=19 -> IOE (n=512)
[FT] avgMs=17 worstMs=48 gameMs=12 drawMs=4 swapWait=0ms draws=21 decodes=0 decMs=0
[OTS] f=5160 calls=2 n0=2056 n1=295 prims=34440 bb=-35,1120,-25,797
[OTT] walkUs=2832 texUs=7 emitUs=1840 submitUs=158 otherUs=826 prims=253 usPerPrim=11
[FT] avgMs=17 worstMs=48 gameMs=12 drawMs=4 swapWait=0ms draws=21 decodes=0 decMs=0
[OTS] f=5280 calls=2 n0=2056 n1=295 prims=34440 bb=-35,1120,-25,797
[OTT] walkUs=2830 texUs=7 emitUs=1837 submitUs=294 otherUs=690 prims=253 usPerPrim=11
[FT] avgMs=17 worstMs=49 gameMs=12 drawMs=4 swapWait=0ms draws=21 decodes=0 decMs=0
[SH-XBOX] vblank 5400
[MEM] tick: free=4312KB (1078 pages)
[OTS] f=5400 calls=2 n0=2056 n1=295 prims=34440 bb=-35,1120,-25,797
[OTT] walkUs=2874 texUs=7 emitUs=1845 submitUs=80 otherUs=940 prims=253 usPerPrim=11
[FT] avgMs=17 worstMs=46 gameMs=12 drawMs=4 swapWait=0ms draws=21 decodes=0 decMs=0
[OTS] f=5520 calls=2 n0=2056 n1=295 prims=34440 bb=-35,1120,-25,797
[OTT] walkUs=3122 texUs=7 emitUs=1841 submitUs=202 otherUs=1070 prims=253 usPerPrim=12
[FT] avgMs=17 worstMs=48 gameMs=12 drawMs=4 swapWait=0ms draws=21 decodes=0 decMs=0
[OTS] f=5640 calls=2 n0=2056 n1=295 prims=34440 bb=-35,1120,-25,797
[OTT] walkUs=2754 texUs=7 emitUs=1839 submitUs=80 otherUs=826 prims=253 usPerPrim=10
[FT] avgMs=17 worstMs=47 gameMs=12 drawMs=4 swapWait=0ms draws=21 decodes=0 decMs=0
[OTS] f=5760 calls=2 n0=2056 n1=295 prims=34440 bb=-35,1120,-25,797
[OTT] walkUs=2723 texUs=7 emitUs=1839 submitUs=219 otherUs=656 prims=253 usPerPrim=10
[FT] avgMs=17 worstMs=49 gameMs=12 drawMs=4 swapWait=1ms draws=21 decodes=0 decMs=0
[OTS] f=5880 calls=2 n0=2056 n1=295 prims=34440 bb=-35,1120,-25,797
[OTT] walkUs=2798 texUs=7 emitUs=1839 submitUs=81 otherUs=869 prims=253 usPerPrim=11
[MCRD] card_info chan=19 -> IOE (n=768)
[FT] avgMs=17 worstMs=45 gameMs=12 drawMs=4 swapWait=0ms draws=21 decodes=0 decMs=0
[SH-XBOX] vblank 6000
[MEM] tick: free=4312KB (1078 pages)
[OTS] f=6000 calls=2 n0=2056 n1=295 prims=34440 bb=-35,1120,-25,797
[OTT] walkUs=2849 texUs=7 emitUs=1838 submitUs=83 otherUs=919 prims=253 usPerPrim=11
[CHARA-TEX] charaId=1 matCount=1 modelCount=23
[CHARA-TEX] mat[0] name='HERO' field_C=1 E=0x3b F=0x3b clut=0x782e UV=0x0000 tex=0
[CHARA-TEX] prim0: f0=0x135b(UV0) f2=0x7a6e(clut) f4=0x1651(UV1) f6=0x003b(tpage) f8=0x1251(UV2) fA=0x0000(UV3)
[CHARA-TEX] texDesc: tPage=[0,27] u=0 v=0 clutXY=(736,480)
[AUTO-EQUIP-CHECK] mapIdx=10 processFlags=0x20 inventorySlotCount=8 equippedWeapon=160
[MAP-LOAD] GameBoot_MapLoad mapIdx=10 (map2_s00) fileIdx=2005 linked=1 procFlags=0x20
[MAP-LOAD] MapRegistry_Load(10)=map2_s00 linked=1 header=005b2b94
[MEM] after map-load: free=4312KB (1078 pages)
[LANG] USA disc-patch skipped on Xbox (compiled text kept)
[BOOT-STEP] GameStartup step=2 qlen=1
[BOOT-STEP] GameStartup step=3 qlen=1
[BOOT-STEP] GameStartup step=4 qlen=0
[BOOT-STEP] GameStartup step=5 qlen=0
[BOOT-STEP] GameStartup step=6 qlen=6
[BOOT0/TIM] PostLoadTim file=1449 'REBIRD.TIM' ss=0x5b2c img.u=0 img.v=0 tPage=0,28 clutX=704 clutY=464
[BOOT0/TIM] post ReadTIM: prect=0xfacb44 caddr=0xfaca80 paddr=0xfacb4c mode=8
[BOOT0/TIM] pre pixel LoadImage rect=(768,256 32x128)
[BOOT0/TIM] pre CLUT LoadImage rect=(704,464 16x6)
[BOOT0/TIM] PostLoadTim done
[BOOT0/TIM] PostLoadTim file=1415 'DOG.TIM' ss=0x5a47 img.u=0 img.v=128 tPage=0,28 clutX=720 clutY=464
[BOOT0/TIM] post ReadTIM: prect=0xfacb24 caddr=0xfaca80 paddr=0xfacb2c mode=8
[BOOT0/TIM] pre pixel LoadImage rect=(768,384 32x128)
[BOOT0/TIM] pre CLUT LoadImage rect=(720,464 16x5)
[BOOT0/TIM] PostLoadTim done
[BOOT-STEP] GameStartup step=7 qlen=0
[TRANSITION] GameStartup step=7: processFlags=0x20 playerPos=(638949,0,529306) func_80039F90=0x0
[IPD-INIT] Ipd_MapFileInfoSet: mapTag='THR' activeIpdCount=4 isExterior=1 plmIdx=1370 ipdFileIdx=0 textureFileIdx=0 curSize=0 willRebuildGrid=1
[MEM] after chunk-buffers: free=2776KB (694 pages)
[TRANSITION] GameStartup step=7 post-init: playerPos=(638949,0,529306) mapTag='THR'
[BOOT-STEP] GameStartup step=8 qlen=7
[BOOT0/TIM] PostLoadTim file=1073 'THR0001F.TIM' ss=0x45d8 img.u=0 img.v=0 tPage=0,8 clutX=0 clutY=0
[BOOT0/TIM] post ReadTIM: prect=0xfb6b44 caddr=0xfb6a80 paddr=0xfb6b4c mode=8
[BOOT0/TIM] pre pixel LoadImage rect=(512,0 64x256)
[BOOT0/TIM] pre CLUT LoadImage rect=(0,0 16x6)
[BOOT0/TIM] PostLoadTim done
[POOLSTOMP] upload (512,0 64x256) hits PINNED pool slot 0 'THR0001F' (512,0)
[BOOT0/TIM] PostLoadTim file=1077 'THR0003F.TIM' ss=0x4625 img.u=0 img.v=0 tPage=0,9 clutX=16 clutY=0
[BOOT0/TIM] post ReadTIM: prect=0xfb6c44 caddr=0xfb6a80 paddr=0xfb6c4c mode=8
[BOOT0/TIM] pre pixel LoadImage rect=(576,0 64x256)
[BOOT0/TIM] pre CLUT LoadImage rect=(16,0 16x14)
[BOOT0/TIM] PostLoadTim done
[POOLSTOMP] upload (576,0 64x256) hits PINNED pool slot 1 'THR0003F' (576,0)
[BOOT0/TIM] PostLoadTim file=1075 'THR0002F.TIM' ss=0x45fe img.u=0 img.v=0 tPage=0,10 clutX=32 clutY=0
[BOOT0/TIM] post ReadTIM: prect=0xfb6bc4 caddr=0xfb6a80 paddr=0xfb6bcc mode=8
[BOOT0/TIM] pre pixel LoadImage rect=(640,0 64x256)
[BOOT0/TIM] pre CLUT LoadImage rect=(32,0 16x10)
[BOOT0/TIM] PostLoadTim done
[POOLSTOMP] upload (640,0 64x256) hits PINNED pool slot 2 'THR0002F' (640,0)
[BOOT0/TIM] PostLoadTim file=1079 'THR0004F.TIM' ss=0x4644 img.u=0 img.v=0 tPage=0,21 clutX=48 clutY=0
[BOOT0/TIM] post ReadTIM: prect=0xfb6c84 caddr=0xfb6a80 paddr=0xfb6c8c mode=8
[BOOT0/TIM] pre pixel LoadImage rect=(320,256 64x256)
[BOOT0/TIM] pre CLUT LoadImage rect=(48,0 16x16)
[BOOT0/TIM] PostLoadTim done
[POOLSTOMP] upload (320,256 64x256) hits PINNED pool slot 3 'THR0004F' (320,256)
[BOOT0/TIM] PostLoadTim file=1171 'THR3901F.TIM' ss=0x4c48 img.u=0 img.v=0 tPage=0,22 clutX=64 clutY=0
[BOOT0/TIM] post ReadTIM: prect=0xfb6b04 caddr=0xfb6a80 paddr=0xfb6b0c mode=8
[BOOT0/TIM] pre pixel LoadImage rect=(384,256 64x256)
[BOOT0/TIM] pre CLUT LoadImage rect=(64,0 16x4)
[BOOT0/TIM] PostLoadTim done
[POOLSTOMP] upload (384,256 64x256) hits PINNED pool slot 4 'THR3901F' (384,256)
[BOOT0/TIM] PostLoadTim file=1165 'THR3501F.TIM' ss=0x4bf2 img.u=0 img.v=0 tPage=0,23 clutX=80 clutY=0
[BOOT0/TIM] post ReadTIM: prect=0xfb6c84 caddr=0xfb6a80 paddr=0xfb6c8c mode=8
[BOOT0/TIM] pre pixel LoadImage rect=(448,256 64x256)
[BOOT0/TIM] pre CLUT LoadImage rect=(80,0 16x16)
[BOOT0/TIM] PostLoadTim done
[POOLSTOMP] upload (448,256 64x256) hits PINNED pool slot 5 'THR3501F' (448,256)
[BOOT0/TIM] PostLoadTim file=1200 'THR6501F.TIM' ss=0x4df5 img.u=0 img.v=0 tPage=0,24 clutX=96 clutY=0
[BOOT0/TIM] post ReadTIM: prect=0xfb6b24 caddr=0xfb6a80 paddr=0xfb6b2c mode=8
[BOOT0/TIM] pre pixel LoadImage rect=(512,256 64x256)
[BOOT0/TIM] pre CLUT LoadImage rect=(96,0 16x5)
[BOOT0/TIM] PostLoadTim done
[POOLSTOMP] upload (512,256 64x256) hits PINNED pool slot 6 'THR6501F' (512,256)
[TEXVRAM] 'THR0001F' tPage=[0,8] clutXY=(0,0) uv=(0,0)
[TEXVRAM] 'THR0003F' tPage=[0,9] clutXY=(16,0) uv=(0,0)
[TEXVRAM] 'THR0002F' tPage=[0,10] clutXY=(32,0) uv=(0,0)
[TEXVRAM] 'THR0004F' tPage=[0,21] clutXY=(48,0) uv=(0,0)
[TEXVRAM] 'THR3901F' tPage=[0,22] clutXY=(64,0) uv=(0,0)
[TEXVRAM] 'THR3501F' tPage=[0,23] clutXY=(80,0) uv=(0,0)
[TEXVRAM] 'THR6501F' tPage=[0,24] clutXY=(96,0) uv=(0,0)
[BOOT-STEP] GameStartup step=9 qlen=0
[SH-XBOX] GameState -> 10 (step 10)
[BOOT-STEP] GameStartup step=10 qlen=0
[DEMO] start: demoId=0 playFile=1618 interval=0
[SH_AMB] Sd_AmbientSfxSet idx=4 -> loadCmd=204
[SH_AMB] Sd_VabLoad ambient cmd=204 type=2 dedup=0
[BOOT-STEP] GameStartup step=11 qlen=0
[CHARA-TEX] charaId=2 matCount=1 modelCount=16
[CHARA-TEX] mat[0] name='REBIRD' field_C=1 E=0x5c F=0x5c clut=0x742c UV=0x0000 tex=0
[CHARA-TEX] prim0: f0=0x2971(UV0) f2=0x74ac(clut) f4=0x1d6a(UV1) f6=0x005c(tpage) f8=0x2077(UV2) fA=0x0000(UV3)
[CHARA-TEX] texDesc: tPage=[0,28] u=0 v=0 clutXY=(704,464)
[CHARA-TEX] charaId=4 matCount=1 modelCount=22
[CHARA-TEX] mat[0] name='DOG' field_C=1 E=0x5c F=0x5c clut=0x742d UV=0x8000 tex=0
[CHARA-TEX] prim0: f0=0xce2b(UV0) f2=0x742d(clut) f4=0xc02e(UV1) f6=0x005c(tpage) f8=0xcd2f(UV2) fA=0x8000(UV3)
[CHARA-TEX] texDesc: tPage=[0,28] u=0 v=128 clutXY=(720,464)
[SFX] Sd_SfxStop: sfxId=1300 (Sfx_Base+20)
[SFX] Sd_SfxStop: sfxId=1302 (Sfx_Base+22)
[SFX] Sd_SfxStop: sfxId=1301 (Sfx_Base+21)
[SFX] Sd_SfxStop: sfxId=1303 (Sfx_Base+23)
[SFX] Sd_SfxStop: sfxId=1321 (Sfx_Base+41)
[SFX] Sd_SfxStop: sfxId=1322 (Sfx_Base+42)
[WEP_DBG] handgun pre-copy D_800AFBF4[6]: sfx0=1283 sfx2=1284 sfx4=1285 aim6=66 att7=72 hold8=61 f9=37 fA=37 fB=0 sizeof=12
[WEP_DBG] handgun post-copy g_Player_EquippedWeaponInfo: sfx0=1283 sfx2=1284 sfx4=1285 aim6=66 att7=72 hold8=61 f9=37 fA=37 fB=0 sizeof=12
[RELOAD_KF] weap=32 blendStart=-1 blendEnd=605 activeEnd=658
[WEP_LOAD] weaponAttack=32 FS_BUFFER_12=0xeea620 — queuing weapon ANM
[WEP_LOAD] post-load FS_BUFFER_12 first 16 bytes: 00 fa 00 7f ff fd 01 7f fe 03 02 7f 7f 01 01 ff
[WEP_LOAD] HARRY_BASE_ANIM_INFOS[56] status=56 hasVar=0 link=57 sk=-1 ek=570
[WEP_LOAD] HARRY_BASE_ANIM_INFOS[57] status=57 hasVar=0 link=57 sk=570 ek=579
[WEP_LOAD] g_Player_EquippedWeaponInfo: attackSfx=1283 animStop=66 animAttack=72 animHold=61 sizeof=12
[FT] avgMs=25 worstMs=556 gameMs=12 drawMs=12 swapWait=0ms draws=15 decodes=4 decMs=7
[BOOT0/TIM] PostLoadTim file=1505 'TIM00.TIM' ss=0x5dcb img.u=0 img.v=0 tPage=0,15 clutX=176 clutY=0
[BOOT0/TIM] post ReadTIM: prect=0xfacc84 caddr=0xfaca80 paddr=0xfacc8c mode=8
[BOOT0/TIM] pre pixel LoadImage rect=(960,0 64x256)
[BOOT0/TIM] pre CLUT LoadImage rect=(176,0 16x16)
[BOOT0/TIM] PostLoadTim done
[BOOT-STEP] GameStartup step=12 qlen=2
[SH-XBOX] GameState -> 11 (step 0)
[FOGST-GPU] clear=0xff6c6474
[BGM] ChannelSet bgmIdx=6 cmd=773
[BOOT0/TIM] PostLoadTim file=1514 'TIM07.TIM' ss=0x5e64 img.u=32 img.v=0 tPage=0,13 clutX=240 clutY=0
[BOOT0/TIM] post ReadTIM: prect=0xfacb84 caddr=0xfaca80 paddr=0xfacb8c mode=8
[BOOT0/TIM] pre pixel LoadImage rect=(864,0 32x256)
[BOOT0/TIM] pre CLUT LoadImage rect=(240,0 16x8)
[BOOT0/TIM] PostLoadTim done
[SH_DRIP] key_on song=0 ch=8 prog=5 note=53 bank=127 vabId=3 tones=1 match=1 vab2match=0
[SH_DRIP] key_on song=0 ch=7 prog=4 note=45 bank=127 vabId=3 tones=1 match=1 vab2match=0
[SH_DRIP] key_on song=0 ch=4 prog=2 note=63 bank=127 vabId=3 tones=1 match=1 vab2match=0
[BOOT0/TIM] PostLoadTim file=1509 'TIM02.TIM' ss=0x5e0f img.u=0 img.v=0 tPage=0,14 clutX=160 clutY=0
[BOOT0/TIM] post ReadTIM: prect=0xfacc84 caddr=0xfaca80 paddr=0xfacc8c mode=8
[BOOT0/TIM] pre pixel LoadImage rect=(896,0 64x256)
[BOOT0/TIM] pre CLUT LoadImage rect=(160,0 16x16)
[BOOT0/TIM] PostLoadTim done
[SH_DRIP] key_on song=0 ch=1 prog=0 note=49 bank=127 vabId=3 tones=1 match=1 vab2match=1
[SH_DRIP] key_on song=0 ch=2 prog=0 note=49 bank=127 vabId=3 tones=1 match=1 vab2match=1
[BOOT0/TIM] PostLoadTim file=1198 'THR6401F.TIM' ss=0x4ddb img.u=0 img.v=0 tPage=0,25 clutX=112 clutY=0
[BOOT0/TIM] post ReadTIM: prect=0xfb6c24 caddr=0xfb6a80 paddr=0xfb6c2c mode=8
[BOOT0/TIM] pre pixel LoadImage rect=(576,256 64x256)
[BOOT0/TIM] pre CLUT LoadImage rect=(112,0 16x13)
[BOOT0/TIM] PostLoadTim done
[POOLSTOMP] upload (576,256 64x256) hits PINNED pool slot 7 'THR6401F' (576,256)
[TEXVRAM] 'THR6401F' tPage=[0,25] clutXY=(112,0) uv=(0,0)
[BOOT0/TIM] PostLoadTim file=1199 'THR6402H.TIM' ss=0x4dec img.u=0 img.v=0 tPage=0,26 clutX=128 clutY=0
[BOOT0/TIM] post ReadTIM: prect=0xfb6ba4 caddr=0xfb6a80 paddr=0xfb6bac mode=8
[BOOT0/TIM] pre pixel LoadImage rect=(640,256 32x256)
[BOOT0/TIM] pre CLUT LoadImage rect=(128,0 16x9)
[BOOT0/TIM] PostLoadTim done
[POOLSTOMP] upload (640,256 32x256) hits PINNED pool slot 8 'THR6402H' (640,256)
[TEXVRAM] 'THR6402H' tPage=[0,26] clutXY=(128,0) uv=(0,0)
[SH_DRIP] key_on song=0 ch=5 prog=3 note=66 bank=127 vabId=3 tones=1 match=1 vab2match=0
[SPAWN-FIRE?] slot=5 allPass! npcFlags=0x8 flagsId=4 full=0 vblanks=2 ABOUT TO TRY SPAWN
[SPAWN-FIRE!] slot=5 gates passed â†’ entering spawn block, npcIdx will be assigned
[SPAWN] slot=5 -> npc[0] charaId=2 stateStep=3 pos=(186,116)
[SFX] Sd_PlaySfx: sfxId=1321 (Sfx_Base+41) vol=0
[WOBJ] resolved 'BULLET_N' lmIdx=1
[SFX] Sd_PlaySfx: sfxId=1381 (Sfx_Base+101) vol=241
[FT] avgMs=46 worstMs=138 gameMs=29 drawMs=17 swapWait=0ms draws=212 decodes=32 decMs=23
[OTS] f=6240 calls=2 n0=2607 n1=16 prims=92272 bb=-3560,3520,-2976,3648
[OTT] walkUs=6378 texUs=671 emitUs=3469 submitUs=544 otherUs=1692 prims=556 usPerPrim=11
[SFX] Sd_PlaySfx: sfxId=1381 (Sfx_Base+101) vol=229
[SFX] Sd_PlaySfx: sfxId=1381 (Sfx_Base+101) vol=201
[STP] tpage=0x5c clut=0x74ec zero=0 stp1=0
[STP] tpage=0x35 clut=0xc3 zero=0 stp1=16
[STP] tpage=0x3a clut=0x208 zero=0 stp1=16
[STP] tpage=0x3a clut=0x48 zero=0 stp1=16
[STP] tpage=0x2f clut=0x30b zero=0 stp1=16
[STP] tpage=0x5c clut=0x756c zero=0 stp1=0
[STP] tpage=0x5c clut=0x74ec zero=0 stp1=0
[STP] tpage=0x5c clut=0x742c zero=0 stp1=0
[STP] tpage=0x2c clut=0x19f0 zero=12 stp1=4
[STP] tpage=0x3a clut=0x8 zero=0 stp1=16
[STP] tpage=0x35 clut=0xc3 zero=0 stp1=16
[STP] tpage=0x3a clut=0x48 zero=0 stp1=16
[SFX] Sd_PlaySfx: sfxId=1381 (Sfx_Base+101) vol=179
[SFX] Sd_PlaySfx: sfxId=1378 (Sfx_Base+98) vol=167
[SFX] Sd_PlaySfx: sfxId=1381 (Sfx_Base+101) vol=140
[SFX] Sd_PlaySfx: sfxId=1283 (Sfx_Base+3) vol=0
[SFX] Sd_PlaySfx: sfxId=1286 (Sfx_Base+6) vol=45
[MUZZLE] depth150=783 size160=4 f158=0 f2C=224 xy=(-4,-28) rgb=(204,13,56) fieldB=0
[MUZZLE] depth150=782 size160=4 f158=0 f2C=224 xy=(-2,-30) rgb=(45,48,51) fieldB=1
[MUZZLE] depth150=780 size160=4 f158=0 f2C=224 xy=(-3,-26) rgb=(45,48,51) fieldB=2
[VRAM] out of slots -> GPU drain #1 (alloc=42 worstPerFrame=1 totalMs=0)
[SFX] Sd_PlaySfx: sfxId=1377 (Sfx_Base+97) vol=47
[MUZZLE] depth150=779 size160=5 f158=166 f2C=224 xy=(-4,-29) rgb=(204,13,56) fieldB=0
[MUZZLE] depth150=778 size160=5 f158=170 f2C=224 xy=(-2,-30) rgb=(93,99,106) fieldB=1
[MUZZLE] depth150=776 size160=5 f158=174 f2C=224 xy=(-3,-27) rgb=(95,101,108) fieldB=2
[MUZZLE] depth150=775 size160=6 f158=401 f2C=224 xy=(-4,-29) rgb=(81,14,8) fieldB=0
[MUZZLE] depth150=774 size160=6 f158=407 f2C=224 xy=(-2,-31) rgb=(86,91,98) fieldB=1
[MUZZLE] depth150=772 size160=6 f158=345 f2C=224 xy=(-3,-27) rgb=(86,91,98) fieldB=2
[SFX] Sd_PlaySfx: sfxId=1377 (Sfx_Base+97) vol=36
[MUZZLE] depth150=771 size160=7 f158=624 f2C=224 xy=(-4,-30) rgb=(231,255,255) fieldB=0
[MUZZLE] depth150=771 size160=7 f158=629 f2C=224 xy=(-1,-31) rgb=(70,75,80) fieldB=1
[MUZZLE] depth150=770 size160=6 f158=514 f2C=224 xy=(-3,-28) rgb=(69,74,79) fieldB=2
[MUZZLE] depth150=767 size160=8 f158=835 f2C=224 xy=(-4,-30) rgb=(230,255,255) fieldB=0
[MUZZLE] depth150=769 size160=8 f158=837 f2C=224 xy=(-1,-31) rgb=(55,59,63) fieldB=1
[MUZZLE] depth150=769 size160=7 f158=680 f2C=224 xy=(-3,-28) rgb=(55,59,63) fieldB=2
[MUZZLE] depth150=764 size160=9 f158=1034 f2C=224 xy=(-4,-30) rgb=(229,255,254) fieldB=0
[ATTACK-DONE] st=61 lookupSt=61 kf=604 -> pcAttackDone
[SFX] Sd_PlaySfx: sfxId=1382 (Sfx_Base+102) vol=39
[SFX] Sd_PlaySfx: sfxId=1382 (Sfx_Base+102) vol=0
[SFX] Sd_PlaySfx: sfxId=1382 (Sfx_Base+102) vol=43
[SFX] Sd_PlaySfx: sfxId=1382 (Sfx_Base+102) vol=107
[SFX] Sd_PlaySfx: sfxId=1382 (Sfx_Base+102) vol=145
[SFX] Sd_PlaySfx: sfxId=1382 (Sfx_Base+102) vol=195
[SFX] Sd_PlaySfx: sfxId=1382 (Sfx_Base+102) vol=215
[SFX] Sd_PlaySfx: sfxId=1382 (Sfx_Base+102) vol=232
[FT] avgMs=65 worstMs=101 gameMs=46 drawMs=18 swapWait=0ms draws=268 decodes=105 decMs=62
[OTS] f=6360 calls=2 n0=2749 n1=16 prims=79843 bb=-2432,3097,-1922,3558
[OTT] walkUs=7488 texUs=104 emitUs=4582 submitUs=714 otherUs=2086 prims=701 usPerPrim=10
[SFX] Sd_PlaySfx: sfxId=1382 (Sfx_Base+102) vol=240
[SFX] Sd_PlaySfx: sfxId=1382 (Sfx_Base+102) vol=242
[SFX] Sd_PlaySfx: sfxId=1382 (Sfx_Base+102) vol=243
[SFX] Sd_PlaySfx: sfxId=1382 (Sfx_Base+102) vol=242
[SFX] Sd_PlaySfx: sfxId=1382 (Sfx_Base+102) vol=241
[SFX] Sd_PlaySfx: sfxId=1382 (Sfx_Base+102) vol=237
[SFX] Sd_PlaySfx: sfxId=1382 (Sfx_Base+102) vol=231
[SFX] Sd_PlaySfx: sfxId=1382 (Sfx_Base+102) vol=223
[SFX] Sd_PlaySfx: sfxId=1382 (Sfx_Base+102) vol=210
[SFX] Sd_PlaySfx: sfxId=1382 (Sfx_Base+102) vol=195
[SFX] Sd_PlaySfx: sfxId=1382 (Sfx_Base+102) vol=172
[SFX] Sd_PlaySfx: sfxId=1382 (Sfx_Base+102) vol=143
[SFX] Sd_PlaySfx: sfxId=1382 (Sfx_Base+102) vol=103
[SFX] Sd_PlaySfx: sfxId=1382 (Sfx_Base+102) vol=64
[SFX] Sd_PlaySfx: sfxId=1379 (Sfx_Base+99) vol=34
[SFX] Sd_PlaySfx: sfxId=1382 (Sfx_Base+102) vol=11
[FT] avgMs=63 worstMs=83 gameMs=46 drawMs=17 swapWait=0ms draws=261 decodes=47 decMs=25
[OTS] f=6480 calls=2 n0=2767 n1=16 prims=77194 bb=-2432,3484,-2156,3648
[OTT] walkUs=8221 texUs=116 emitUs=4670 submitUs=908 otherUs=2526 prims=717 usPerPrim=11
[SFX] Sd_PlaySfx: sfxId=1382 (Sfx_Base+102) vol=83
[SFX] Sd_PlaySfx: sfxId=1382 (Sfx_Base+102) vol=104
[SFX] Sd_PlaySfx: sfxId=1382 (Sfx_Base+102) vol=121
[SH-XBOX] vblank 7200
[MEM] tick: free=2776KB (694 pages)
[SFX] Sd_PlaySfx: sfxId=1382 (Sfx_Base+102) vol=153
[SFX] Sd_PlaySfx: sfxId=1382 (Sfx_Base+102) vol=178
[SFX] Sd_PlaySfx: sfxId=1382 (Sfx_Base+102) vol=197
[SFX] Sd_PlaySfx: sfxId=1382 (Sfx_Base+102) vol=197
[SFX] Sd_PlaySfx: sfxId=1382 (Sfx_Base+102) vol=196
[SFX] Sd_PlaySfx: sfxId=1382 (Sfx_Base+102) vol=197
[SFX] Sd_PlaySfx: sfxId=1382 (Sfx_Base+102) vol=197
[SH_DRIP] key_on song=0 ch=6 prog=3 note=70 bank=127 vabId=3 tones=1 match=1 vab2match=0
[SFX] Sd_PlaySfx: sfxId=1382 (Sfx_Base+102) vol=194
[SFX] Sd_PlaySfx: sfxId=1382 (Sfx_Base+102) vol=184
[SFX] Sd_PlaySfx: sfxId=1382 (Sfx_Base+102) vol=169
[SH_DRIP] key_on song=0 ch=3 prog=1 note=73 bank=127 vabId=3 tones=1 match=1 vab2match=0
[SFX] Sd_PlaySfx: sfxId=1382 (Sfx_Base+102) vol=139
[SFX] Sd_PlaySfx: sfxId=1382 (Sfx_Base+102) vol=104
[SFX] Sd_PlaySfx: sfxId=1382 (Sfx_Base+102) vol=48
[SFX] Sd_PlaySfx: sfxId=1379 (Sfx_Base+99) vol=13
[SFX] Sd_PlaySfx: sfxId=1382 (Sfx_Base+102) vol=0
[FT] avgMs=61 worstMs=99 gameMs=44 drawMs=17 swapWait=0ms draws=258 decodes=46 decMs=27
[OTS] f=6600 calls=2 n0=2677 n1=16 prims=70814 bb=-2432,3709,-1951,3648
[OTT] walkUs=6817 texUs=95 emitUs=4068 submitUs=780 otherUs=1873 prims=627 usPerPrim=10
[SFX] Sd_PlaySfx: sfxId=1382 (Sfx_Base+102) vol=94
[SFX] Sd_PlaySfx: sfxId=1382 (Sfx_Base+102) vol=140
[SFX] Sd_PlaySfx: sfxId=1382 (Sfx_Base+102) vol=170
[SFX] Sd_PlaySfx: sfxId=1382 (Sfx_Base+102) vol=195
[SFX] Sd_PlaySfx: sfxId=1382 (Sfx_Base+102) vol=211
[SFX] Sd_PlaySfx: sfxId=1382 (Sfx_Base+102) vol=221
[SFX] Sd_PlaySfx: sfxId=1382 (Sfx_Base+102) vol=227
[SFX] Sd_PlaySfx: sfxId=1382 (Sfx_Base+102) vol=230
[SFX] Sd_PlaySfx: sfxId=1382 (Sfx_Base+102) vol=228
[SFX] Sd_PlaySfx: sfxId=1382 (Sfx_Base+102) vol=222
[SFX] Sd_PlaySfx: sfxId=1382 (Sfx_Base+102) vol=209
[SFX] Sd_PlaySfx: sfxId=1382 (Sfx_Base+102) vol=194
[SFX] Sd_PlaySfx: sfxId=1382 (Sfx_Base+102) vol=167
[SFX] Sd_PlaySfx: sfxId=1382 (Sfx_Base+102) vol=137
[SFX] Sd_PlaySfx: sfxId=1382 (Sfx_Base+102) vol=130
[SFX] Sd_PlaySfx: sfxId=1382 (Sfx_Base+102) vol=116
[SFX] Sd_PlaySfx: sfxId=1382 (Sfx_Base+102) vol=58
[SFX] Sd_PlaySfx: sfxId=1379 (Sfx_Base+99) vol=49
[FT] avgMs=63 worstMs=95 gameMs=46 drawMs=17 swapWait=0ms draws=276 decodes=52 decMs=29
[OTS] f=6720 calls=2 n0=2718 n1=16 prims=76384 bb=-2039,3709,-1906,3661
[OTT] walkUs=9100 texUs=1778 emitUs=4323 submitUs=788 otherUs=2210 prims=667 usPerPrim=13
[SFX] Sd_PlaySfx: sfxId=1382 (Sfx_Base+102) vol=17
[CHNK] n=4 s0=3,2,st2 s1=3,3,st2 s2=4,3,st3 s3=4,2,st3
[SFX] Sd_PlaySfx: sfxId=1327 (Sfx_Base+47) vol=191
[SFX] Sd_PlaySfx: sfxId=1316 (Sfx_Base+36) vol=0
[SFX] Sd_PlaySfx: sfxId=1382 (Sfx_Base+102) vol=74
[SFX] Sd_PlaySfx: sfxId=1382 (Sfx_Base+102) vol=101
[SFX] Sd_PlaySfx: sfxId=1382 (Sfx_Base+102) vol=130
[SFX] Sd_PlaySfx: sfxId=1382 (Sfx_Base+102) vol=159
[SFX] Sd_PlaySfx: sfxId=1382 (Sfx_Base+102) vol=165
[SFX] Sd_PlaySfx: sfxId=1382 (Sfx_Base+102) vol=164
[SFX] Sd_PlaySfx: sfxId=1382 (Sfx_Base+102) vol=157
[SFX] Sd_PlaySfx: sfxId=1382 (Sfx_Base+102) vol=124
[SFX] Sd_PlaySfx: sfxId=1382 (Sfx_Base+102) vol=85
[SFX] Sd_PlaySfx: sfxId=1382 (Sfx_Base+102) vol=64
[SFX] Sd_PlaySfx: sfxId=1382 (Sfx_Base+102) vol=59
[SFX] Sd_PlaySfx: sfxId=1382 (Sfx_Base+102) vol=51
[SFX] Sd_PlaySfx: sfxId=1382 (Sfx_Base+102) vol=45
[SFX] Sd_PlaySfx: sfxId=1382 (Sfx_Base+102) vol=94
[SFX] Sd_PlaySfx: sfxId=1382 (Sfx_Base+102) vol=161
[FT] avgMs=63 worstMs=85 gameMs=44 drawMs=19 swapWait=0ms draws=304 decodes=168 decMs=89
[OTS] f=6840 calls=2 n0=2655 n1=16 prims=79751 bb=-2432,3709,-2124,3648
[OTT] walkUs=5954 texUs=86 emitUs=3746 submitUs=510 otherUs=1611 prims=604 usPerPrim=9
[SFX] Sd_PlaySfx: sfxId=1382 (Sfx_Base+102) vol=205
[SFX] Sd_PlaySfx: sfxId=1382 (Sfx_Base+102) vol=226
[SFX] Sd_PlaySfx: sfxId=1382 (Sfx_Base+102) vol=239
[SFX] Sd_PlaySfx: sfxId=1382 (Sfx_Base+102) vol=245
[SFX] Sd_PlaySfx: sfxId=1382 (Sfx_Base+102) vol=249
[SFX] Sd_PlaySfx: sfxId=1382 (Sfx_Base+102) vol=251
[SFX] Sd_PlaySfx: sfxId=1382 (Sfx_Base+102) vol=251
[SFX] Sd_PlaySfx: sfxId=1382 (Sfx_Base+102) vol=251
[SFX] Sd_PlaySfx: sfxId=1382 (Sfx_Base+102) vol=250
[SH-XBOX] vblank 8400
[MEM] tick: free=2776KB (694 pages)
[SFX] Sd_PlaySfx: sfxId=1382 (Sfx_Base+102) vol=248
[SFX] Sd_PlaySfx: sfxId=1382 (Sfx_Base+102) vol=245
[SFX] Sd_PlaySfx: sfxId=1382 (Sfx_Base+102) vol=238
[SFX] Sd_PlaySfx: sfxId=1382 (Sfx_Base+102) vol=219
[SFX] Sd_PlaySfx: sfxId=1382 (Sfx_Base+102) vol=206
[SFX] Sd_PlaySfx: sfxId=1382 (Sfx_Base+102) vol=189
[VRAM] decode #512
[SFX] Sd_PlaySfx: sfxId=1382 (Sfx_Base+102) vol=166
[VRAM] miss cause: evict=459 inval=4 cold=51 (alloc=42)
[SFX] Sd_PlaySfx: sfxId=1382 (Sfx_Base+102) vol=130
[SFX] Sd_PlaySfx: sfxId=1382 (Sfx_Base+102) vol=96
[FT] avgMs=59 worstMs=99 gameMs=42 drawMs=17 swapWait=0ms draws=265 decodes=54 decMs=26
[OTS] f=6960 calls=2 n0=2646 n1=16 prims=69638 bb=-2432,3289,-2195,3661
[OTT] walkUs=6335 texUs=93 emitUs=3716 submitUs=641 otherUs=1883 prims=596 usPerPrim=10
[SFX] Sd_PlaySfx: sfxId=1382 (Sfx_Base+102) vol=65
[SFX] Sd_PlaySfx: sfxId=1378 (Sfx_Base+98) vol=64
[SFX] Sd_PlaySfx: sfxId=1382 (Sfx_Base+102) vol=65
[SFX] Sd_PlaySfx: sfxId=1382 (Sfx_Base+102) vol=53
[SFX] Sd_PlaySfx: sfxId=1382 (Sfx_Base+102) vol=79
[SFX] Sd_PlaySfx: sfxId=1382 (Sfx_Base+102) vol=130
[SFX] Sd_PlaySfx: sfxId=1382 (Sfx_Base+102) vol=161
[SFX] Sd_PlaySfx: sfxId=1382 (Sfx_Base+102) vol=186
[SFX] Sd_PlaySfx: sfxId=1382 (Sfx_Base+102) vol=200
[SFX] Sd_PlaySfx: sfxId=1382 (Sfx_Base+102) vol=211
[SFX] Sd_PlaySfx: sfxId=1382 (Sfx_Base+102) vol=219
[SFX] Sd_PlaySfx: sfxId=1382 (Sfx_Base+102) vol=222
[SFX] Sd_PlaySfx: sfxId=1382 (Sfx_Base+102) vol=222
[SFX] Sd_PlaySfx: sfxId=1382 (Sfx_Base+102) vol=220
[SFX] Sd_PlaySfx: sfxId=1382 (Sfx_Base+102) vol=213
[SFX] Sd_PlaySfx: sfxId=1382 (Sfx_Base+102) vol=202
[SFX] Sd_PlaySfx: sfxId=1382 (Sfx_Base+102) vol=179
[SFX] Sd_PlaySfx: sfxId=1382 (Sfx_Base+102) vol=151
[SFX] Sd_PlaySfx: sfxId=1382 (Sfx_Base+102) vol=110
[FT] avgMs=55 worstMs=85 gameMs=39 drawMs=16 swapWait=0ms draws=211 decodes=1 decMs=1
[OTS] f=7080 calls=2 n0=2559 n1=16 prims=70131 bb=-2432,3709,-1938,3648
[OTT] walkUs=5340 texUs=78 emitUs=3069 submitUs=526 otherUs=1665 prims=509 usPerPrim=10
[SFX] Sd_PlaySfx: sfxId=1382 (Sfx_Base+102) vol=69
[SFX] Sd_PlaySfx: sfxId=1382 (Sfx_Base+102) vol=20
[SFX] Sd_PlaySfx: sfxId=1382 (Sfx_Base+102) vol=12
[SFX] Sd_PlaySfx: sfxId=1382 (Sfx_Base+102) vol=50
[SFX] Sd_PlaySfx: sfxId=1382 (Sfx_Base+102) vol=111
[SFX] Sd_PlaySfx: sfxId=1382 (Sfx_Base+102) vol=165
[SFX] Sd_PlaySfx: sfxId=1382 (Sfx_Base+102) vol=185
[SFX] Sd_PlaySfx: sfxId=1382 (Sfx_Base+102) vol=195
[SFX] Sd_PlaySfx: sfxId=1382 (Sfx_Base+102) vol=201
[SFX] Sd_PlaySfx: sfxId=1382 (Sfx_Base+102) vol=204
[SFX] Sd_PlaySfx: sfxId=1382 (Sfx_Base+102) vol=205
[SFX] Sd_PlaySfx: sfxId=1382 (Sfx_Base+102) vol=199
[SFX] Sd_PlaySfx: sfxId=1382 (Sfx_Base+102) vol=187
[SFX] Sd_PlaySfx: sfxId=1382 (Sfx_Base+102) vol=176
[SFX] Sd_PlaySfx: sfxId=1382 (Sfx_Base+102) vol=167
[SFX] Sd_PlaySfx: sfxId=1382 (Sfx_Base+102) vol=138
[SFX] Sd_PlaySfx: sfxId=1382 (Sfx_Base+102) vol=91
[SFX] Sd_PlaySfx: sfxId=1382 (Sfx_Base+102) vol=29
[SFX] Sd_PlaySfx: sfxId=1382 (Sfx_Base+102) vol=2
[FT] avgMs=56 worstMs=100 gameMs=40 drawMs=15 swapWait=0ms draws=243 decodes=8 decMs=5
[OTS] f=7200 calls=2 n0=2702 n1=16 prims=63594 bb=-2432,3709,-2147,3648
[OTT] walkUs=6954 texUs=97 emitUs=4037 submitUs=747 otherUs=2072 prims=650 usPerPrim=10
[SFX] Sd_PlaySfx: sfxId=1382 (Sfx_Base+102) vol=4
[SFX] Sd_PlaySfx: sfxId=1382 (Sfx_Base+102) vol=55
[SFX] Sd_PlaySfx: sfxId=1382 (Sfx_Base+102) vol=110
[SFX] Sd_PlaySfx: sfxId=1382 (Sfx_Base+102) vol=145
[SFX] Sd_PlaySfx: sfxId=1382 (Sfx_Base+102) vol=171
[SFX] Sd_PlaySfx: sfxId=1382 (Sfx_Base+102) vol=188
[SFX] Sd_PlaySfx: sfxId=1382 (Sfx_Base+102) vol=195
[SFX] Sd_PlaySfx: sfxId=1382 (Sfx_Base+102) vol=192
[SFX] Sd_PlaySfx: sfxId=1381 (Sfx_Base+101) vol=195
[SFX] Sd_PlaySfx: sfxId=1381 (Sfx_Base+101) vol=205
[SFX] Sd_PlaySfx: sfxId=1381 (Sfx_Base+101) vol=204
[SFX] Sd_PlaySfx: sfxId=1381 (Sfx_Base+101) vol=198
[SH-XBOX] vblank 9600
[MEM] tick: free=2776KB (694 pages)
[SFX] Sd_PlaySfx: sfxId=1381 (Sfx_Base+101) vol=189
[FT] avgMs=53 worstMs=83 gameMs=37 drawMs=15 swapWait=0ms draws=211 decodes=16 decMs=10
[OTS] f=7320 calls=2 n0=2514 n1=16 prims=59692 bb=-2018,3709,-2931,3648
[OTT] walkUs=5405 texUs=76 emitUs=2688 submitUs=535 otherUs=2104 prims=463 usPerPrim=11
[SFX] Sd_PlaySfx: sfxId=1381 (Sfx_Base+101) vol=170
[CHNK] n=4 s0=3,2,st2 s1=3,3,st2 s2=4,3,st3 s3=4,2,st3
[SFX] Sd_PlaySfx: sfxId=1382 (Sfx_Base+102) vol=149
[SFX] Sd_PlaySfx: sfxId=1382 (Sfx_Base+102) vol=120
[SFX] Sd_PlaySfx: sfxId=1382 (Sfx_Base+102) vol=81
[SFX] Sd_PlaySfx: sfxId=1379 (Sfx_Base+99) vol=67
[SFX] Sd_PlaySfx: sfxId=1382 (Sfx_Base+102) vol=44
[SFX] Sd_PlaySfx: sfxId=1327 (Sfx_Base+47) vol=191
[SFX] Sd_PlaySfx: sfxId=1316 (Sfx_Base+36) vol=34
[SFX] Sd_PlaySfx: sfxId=1382 (Sfx_Base+102) vol=141
[SFX] Sd_PlaySfx: sfxId=1382 (Sfx_Base+102) vol=168
[SFX] Sd_PlaySfx: sfxId=1382 (Sfx_Base+102) vol=183
[SFX] Sd_PlaySfx: sfxId=1382 (Sfx_Base+102) vol=194
[SFX] Sd_PlaySfx: sfxId=1382 (Sfx_Base+102) vol=204
[SFX] Sd_PlaySfx: sfxId=1382 (Sfx_Base+102) vol=214
[SFX] Sd_PlaySfx: sfxId=1382 (Sfx_Base+102) vol=217
[SFX] Sd_PlaySfx: sfxId=1382 (Sfx_Base+102) vol=217
[SFX] Sd_PlaySfx: sfxId=1382 (Sfx_Base+102) vol=214
[SFX] Sd_PlaySfx: sfxId=1382 (Sfx_Base+102) vol=208
[FT] avgMs=55 worstMs=131 gameMs=40 drawMs=15 swapWait=0ms draws=227 decodes=14 decMs=5
[OTS] f=7440 calls=2 n0=2518 n1=16 prims=63021 bb=-2432,3709,-2070,3648
[OTT] walkUs=5117 texUs=70 emitUs=2650 submitUs=505 otherUs=1891 prims=468 usPerPrim=10
[SFX] Sd_PlaySfx: sfxId=1382 (Sfx_Base+102) vol=194
[SFX] Sd_PlaySfx: sfxId=1382 (Sfx_Base+102) vol=172
[SFX] Sd_PlaySfx: sfxId=1382 (Sfx_Base+102) vol=141
[SFX] Sd_PlaySfx: sfxId=1382 (Sfx_Base+102) vol=105
[SFX] Sd_PlaySfx: sfxId=1382 (Sfx_Base+102) vol=91
[SFX] Sd_PlaySfx: sfxId=1382 (Sfx_Base+102) vol=102
[SFX] Sd_PlaySfx: sfxId=1382 (Sfx_Base+102) vol=87
[SFX] Sd_PlaySfx: sfxId=1382 (Sfx_Base+102) vol=48
[SFX] Sd_PlaySfx: sfxId=1382 (Sfx_Base+102) vol=37
[SFX] Sd_PlaySfx: sfxId=1382 (Sfx_Base+102) vol=37
[SFX] Sd_PlaySfx: sfxId=1381 (Sfx_Base+101) vol=83
[SFX] Sd_PlaySfx: sfxId=1381 (Sfx_Base+101) vol=99
[SFX] Sd_PlaySfx: sfxId=1381 (Sfx_Base+101) vol=96
[SFX] Sd_PlaySfx: sfxId=1381 (Sfx_Base+101) vol=79
[SFX] Sd_PlaySfx: sfxId=1381 (Sfx_Base+101) vol=68
[FT] avgMs=57 worstMs=86 gameMs=41 drawMs=16 swapWait=1ms draws=256 decodes=5 decMs=4
[OTS] f=7560 calls=2 n0=2614 n1=16 prims=69884 bb=-2207,3709,-2111,3648
[OTT] walkUs=5785 texUs=85 emitUs=3252 submitUs=588 otherUs=1858 prims=564 usPerPrim=10
[SFX] Sd_PlaySfx: sfxId=1381 (Sfx_Base+101) vol=43
[SFX] Sd_PlaySfx: sfxId=1381 (Sfx_Base+101) vol=25
[SFX] Sd_PlaySfx: sfxId=1381 (Sfx_Base+101) vol=29
[SFX] Sd_PlaySfx: sfxId=1381 (Sfx_Base+101) vol=32
[SFX] Sd_PlaySfx: sfxId=1381 (Sfx_Base+101) vol=49
[SFX] Sd_PlaySfx: sfxId=1381 (Sfx_Base+101) vol=68
[SFX] Sd_PlaySfx: sfxId=1381 (Sfx_Base+101) vol=41
[SFX] Sd_PlaySfx: sfxId=1381 (Sfx_Base+101) vol=47
[SFX] Sd_PlaySfx: sfxId=1381 (Sfx_Base+101) vol=32
[SFX] Sd_PlaySfx: sfxId=1381 (Sfx_Base+101) vol=22
[SFX] Sd_PlaySfx: sfxId=1381 (Sfx_Base+101) vol=14
[SFX] Sd_PlaySfx: sfxId=1381 (Sfx_Base+101) vol=73
[FT] avgMs=55 worstMs=99 gameMs=39 drawMs=16 swapWait=0ms draws=226 decodes=2 decMs=1
[OTS] f=7680 calls=2 n0=2659 n1=16 prims=66903 bb=-2432,3712,-1854,3648
[OTT] walkUs=6942 texUs=94 emitUs=3839 submitUs=922 otherUs=2086 prims=607 usPerPrim=11
[SFX] Sd_PlaySfx: sfxId=1381 (Sfx_Base+101) vol=123
[SFX] Sd_PlaySfx: sfxId=1381 (Sfx_Base+101) vol=115
[SFX] Sd_PlaySfx: sfxId=1381 (Sfx_Base+101) vol=91
[SFX] Sd_PlaySfx: sfxId=1381 (Sfx_Base+101) vol=22
[SFX] Sd_PlaySfx: sfxId=1381 (Sfx_Base+101) vol=34
[SFX] Sd_PlaySfx: sfxId=1381 (Sfx_Base+101) vol=104
[SFX] Sd_PlaySfx: sfxId=1381 (Sfx_Base+101) vol=122
[SFX] Sd_PlaySfx: sfxId=1381 (Sfx_Base+101) vol=83
[SFX] Sd_PlaySfx: sfxId=1381 (Sfx_Base+101) vol=53
[SFX] Sd_PlaySfx: sfxId=1381 (Sfx_Base+101) vol=67
[SFX] Sd_PlaySfx: sfxId=1381 (Sfx_Base+101) vol=47
[SFX] Sd_PlaySfx: sfxId=1381 (Sfx_Base+101) vol=13
[FT] avgMs=61 worstMs=93 gameMs=45 drawMs=16 swapWait=0ms draws=223 decodes=30 decMs=16
[OTS] f=7800 calls=2 n0=2676 n1=16 prims=64967 bb=-2432,3709,-2082,3648
[OTT] walkUs=6924 texUs=93 emitUs=3928 submitUs=1002 otherUs=1899 prims=626 usPerPrim=11
[SFX] Sd_PlaySfx: sfxId=1381 (Sfx_Base+101) vol=11
[SFX] Sd_PlaySfx: sfxId=1381 (Sfx_Base+101) vol=0
[SFX] Sd_PlaySfx: sfxId=1381 (Sfx_Base+101) vol=0
[SFX] Sd_PlaySfx: sfxId=1379 (Sfx_Base+99) vol=0
[SFX] Sd_PlaySfx: sfxId=1329 (Sfx_Base+49) vol=191
[SFX] Sd_PlaySfx: sfxId=1313 (Sfx_Base+33) vol=0
[SFX] Sd_PlaySfx: sfxId=1381 (Sfx_Base+101) vol=0
[SFX] Sd_PlaySfx: sfxId=1381 (Sfx_Base+101) vol=0
[SFX] Sd_PlaySfx: sfxId=1382 (Sfx_Base+102) vol=7
[SFX] Sd_PlaySfx: sfxId=1381 (Sfx_Base+101) vol=40
[SFX] Sd_PlaySfx: sfxId=1381 (Sfx_Base+101) vol=37
[SFX] Sd_PlaySfx: sfxId=1381 (Sfx_Base+101) vol=41
[SFX] Sd_PlaySfx: sfxId=1381 (Sfx_Base+101) vol=19
[FT] avgMs=66 worstMs=97 gameMs=48 drawMs=18 swapWait=0ms draws=328 decodes=6 decMs=3
[OTS] f=7920 calls=2 n0=2615 n1=16 prims=86583 bb=-2105,3181,-2487,3648
[OTT] walkUs=6443 texUs=91 emitUs=3530 submitUs=747 otherUs=2073 prims=567 usPerPrim=11
[SFX] Sd_PlaySfx: sfxId=1381 (Sfx_Base+101) vol=28
[CHNK] n=4 s0=3,2,st2 s1=3,3,st2 s2=4,3,st3 s3=4,2,st3
[SFX] Sd_PlaySfx: sfxId=1381 (Sfx_Base+101) vol=0
[SFX] Sd_PlaySfx: sfxId=1381 (Sfx_Base+101) vol=0
[SFX] Sd_PlaySfx: sfxId=1381 (Sfx_Base+101) vol=13
[SFX] Sd_PlaySfx: sfxId=1381 (Sfx_Base+101) vol=52
[SFX] Sd_PlaySfx: sfxId=1381 (Sfx_Base+101) vol=20
[SFX] Sd_PlaySfx: sfxId=1381 (Sfx_Base+101) vol=0
[VRAM] out of slots -> GPU drain #65 (alloc=42 worstPerFrame=1 totalMs=0)
[SFX] Sd_PlaySfx: sfxId=1381 (Sfx_Base+101) vol=14
[SFX] Sd_PlaySfx: sfxId=1381 (Sfx_Base+101) vol=43
[SFX] Sd_PlaySfx: sfxId=1381 (Sfx_Base+101) vol=0
[SFX] Sd_PlaySfx: sfxId=1381 (Sfx_Base+101) vol=27
[SFX] Sd_PlaySfx: sfxId=1381 (Sfx_Base+101) vol=47
[FT] avgMs=65 worstMs=84 gameMs=46 drawMs=19 swapWait=0ms draws=303 decodes=244 decMs=132
[OTS] f=8040 calls=2 n0=2759 n1=16 prims=78341 bb=-1967,3709,-1918,3596
[OTT] walkUs=9003 texUs=1289 emitUs=4535 submitUs=893 otherUs=2284 prims=709 usPerPrim=12
[SFX] Sd_PlaySfx: sfxId=1381 (Sfx_Base+101) vol=6
[SFX] Sd_PlaySfx: sfxId=1381 (Sfx_Base+101) vol=3
[SFX] Sd_PlaySfx: sfxId=1283 (Sfx_Base+3) vol=0
[SFX] Sd_PlaySfx: sfxId=1286 (Sfx_Base+6) vol=0
[SFX] Sd_PlaySfx: sfxId=1377 (Sfx_Base+97) vol=0
[SFX] Sd_PlaySfx: sfxId=1377 (Sfx_Base+97) vol=0
[SFX] Sd_PlaySfx: sfxId=1381 (Sfx_Base+101) vol=0
[ATTACK-DONE] st=61 lookupSt=61 kf=604 -> pcAttackDone
[SFX] Sd_PlaySfx: sfxId=1381 (Sfx_Base+101) vol=0
[SFX] Sd_PlaySfx: sfxId=1379 (Sfx_Base+99) vol=0
[SFX] Sd_PlaySfx: sfxId=1283 (Sfx_Base+3) vol=0
[SFX] Sd_PlaySfx: sfxId=1286 (Sfx_Base+6) vol=0
[SFX] Sd_PlaySfx: sfxId=1377 (Sfx_Base+97) vol=0
[SFX] Sd_PlaySfx: sfxId=1377 (Sfx_Base+97) vol=0
[ATTACK-DONE] st=61 lookupSt=61 kf=604 -> pcAttackDone
[SFX] Sd_PlaySfx: sfxId=1381 (Sfx_Base+101) vol=0
[SFX] Sd_PlaySfx: sfxId=1316 (Sfx_Base+36) vol=0
[SFX] Sd_PlaySfx: sfxId=1283 (Sfx_Base+3) vol=0
[SFX] Sd_PlaySfx: sfxId=1286 (Sfx_Base+6) vol=0
[SFX] Sd_SfxStop: sfxId=1376 (Sfx_Base+96)
[SFX] Sd_PlaySfx: sfxId=1380 (Sfx_Base+100) vol=0
[ATTACK-DONE] st=61 lookupSt=61 kf=604 -> pcAttackDone
[FT] avgMs=66 worstMs=85 gameMs=47 drawMs=19 swapWait=0ms draws=301 decodes=62 decMs=40
[OTS] f=8160 calls=2 n0=2779 n1=16 prims=84862 bb=-2126,3406,-2311,3648
[OTT] walkUs=8019 texUs=107 emitUs=4506 submitUs=777 otherUs=2627 prims=727 usPerPrim=11
[XA] SetVolume L=0 R=0
[SH_AMB] Sd_AmbientSfxSet idx=1 -> loadCmd=162
[BOOT0/TIM] PostLoadTim file=1980 'TITLE_E.TIM' ss=0x90b7 img.u=32 img.v=0 tPage=1,13 clutX=224 clutY=15
[BOOT0/TIM] post ReadTIM: prect=0xf7cc84 caddr=0xf7ca80 paddr=0xf7cc8c mode=9
[BOOT0/TIM] pre pixel LoadImage rect=(864,0 160x480)
[BOOT0/TIM] pre CLUT LoadImage rect=(224,15 256x1)
[BOOT0/TIM] PostLoadTim done
[SH-XBOX] GameState -> 7 (step 0)
[BOOT-STEP] GameStartup step=0 qlen=0
[TRANSITION] GameStartup step=0: processFlags=0x20 (BootDemo) sizeof(s_WorldGfxWork)=11708
[FOGST-GPU] clear=0xff000000
[BOOT-STEP] GameStartup step=1 qlen=0
[FT] avgMs=24 worstMs=120 gameMs=17 drawMs=7 swapWait=0ms draws=47 decodes=6 decMs=3
[OTS] f=8280 calls=2 n0=2056 n1=295 prims=29883 bb=-1298,3556,-2272,3648
[OTT] walkUs=2562 texUs=10 emitUs=1847 submitUs=85 otherUs=618 prims=253 usPerPrim=10
[FT] avgMs=16 worstMs=44 gameMs=12 drawMs=4 swapWait=0ms draws=21 decodes=0 decMs=0
[OTS] f=8400 calls=2 n0=2056 n1=295 prims=34440 bb=-35,1120,-25,797
[OTT] walkUs=3207 texUs=10 emitUs=1840 submitUs=82 otherUs=1274 prims=253 usPerPrim=12
[FT] avgMs=16 worstMs=45 gameMs=12 drawMs=4 swapWait=0ms draws=21 decodes=0 decMs=0
[OTS] f=8520 calls=2 n0=2056 n1=295 prims=34440 bb=-35,1120,-25,797
[OTT] walkUs=2796 texUs=9 emitUs=1839 submitUs=170 otherUs=777 prims=253 usPerPrim=11
[SH-XBOX] vblank 12600
[MEM] tick: free=2776KB (694 pages)
[FT] avgMs=17 worstMs=54 gameMs=12 drawMs=4 swapWait=0ms draws=21 decodes=0 decMs=0
[OTS] f=8640 calls=2 n0=2056 n1=295 prims=34440 bb=-35,1120,-25,797
[OTT] walkUs=3052 texUs=10 emitUs=1840 submitUs=109 otherUs=1091 prims=253 usPerPrim=12
[FT] avgMs=16 worstMs=49 gameMs=12 drawMs=4 swapWait=0ms draws=21 decodes=0 decMs=0
[OTS] f=8760 calls=2 n0=2056 n1=295 prims=34440 bb=-35,1120,-25,797
[OTT] walkUs=2988 texUs=10 emitUs=1840 submitUs=81 otherUs=1056 prims=253 usPerPrim=11
[MCRD] card_info chan=16 -> IOE (n=1024)
[FT] avgMs=16 worstMs=44 gameMs=12 drawMs=4 swapWait=0ms draws=21 decodes=0 decMs=0
[OTS] f=8880 calls=2 n0=2056 n1=295 prims=34440 bb=-35,1120,-25,797
[OTT] walkUs=2932 texUs=10 emitUs=1838 submitUs=81 otherUs=1002 prims=253 usPerPrim=11
[FT] avgMs=16 worstMs=46 gameMs=12 drawMs=4 swapWait=0ms draws=21 decodes=0 decMs=0
[OTS] f=9000 calls=2 n0=2056 n1=295 prims=34440 bb=-35,1120,-25,797
[OTT] walkUs=3352 texUs=9 emitUs=1842 submitUs=83 otherUs=1416 prims=253 usPerPrim=13
[FT] avgMs=16 worstMs=46 gameMs=12 drawMs=4 swapWait=0ms draws=21 decodes=0 decMs=0
[OTS] f=9120 calls=2 n0=2056 n1=295 prims=34440 bb=-35,1120,-25,797
[OTT] walkUs=2851 texUs=10 emitUs=1839 submitUs=81 otherUs=920 prims=253 usPerPrim=11
[SH-XBOX] vblank 13200
[MEM] tick: free=2776KB (694 pages)
[FT] avgMs=17 worstMs=46 gameMs=12 drawMs=4 swapWait=0ms draws=21 decodes=0 decMs=0
[OTS] f=9240 calls=2 n0=2056 n1=295 prims=34440 bb=-35,1120,-25,797
[OTT] walkUs=2684 texUs=9 emitUs=1843 submitUs=190 otherUs=641 prims=253 usPerPrim=10
[FT] avgMs=16 worstMs=45 gameMs=12 drawMs=4 swapWait=0ms draws=21 decodes=0 decMs=0
[OTS] f=9360 calls=2 n0=2056 n1=295 prims=34440 bb=-35,1120,-25,797
[OTT] walkUs=3228 texUs=9 emitUs=1840 submitUs=115 otherUs=1262 prims=253 usPerPrim=12
[AUTO-EQUIP-CHECK] mapIdx=10 processFlags=0x20 inventorySlotCount=9 equippedWeapon=128
[MAP-LOAD] GameBoot_MapLoad mapIdx=10 (map2_s00) fileIdx=2005 linked=1 procFlags=0x20
[MAP-LOAD] MapRegistry_Load(10)=map2_s00 linked=1 header=005b2b94
[MEM] after map-load: free=2776KB (694 pages)
[BOOT-STEP] GameStartup step=2 qlen=1
[BOOT-STEP] GameStartup step=3 qlen=1
[BOOT-STEP] GameStartup step=4 qlen=0
[BOOT-STEP] GameStartup step=5 qlen=0
[BOOT-STEP] GameStartup step=6 qlen=4
[BOOT0/TIM] PostLoadTim file=1449 'REBIRD.TIM' ss=0x5b2c img.u=0 img.v=0 tPage=0,28 clutX=704 clutY=464
[BOOT0/TIM] post ReadTIM: prect=0xfacb44 caddr=0xfaca80 paddr=0xfacb4c mode=8
[BOOT0/TIM] pre pixel LoadImage rect=(768,256 32x128)
[BOOT0/TIM] pre CLUT LoadImage rect=(704,464 16x6)
[BOOT0/TIM] PostLoadTim done
[BOOT0/TIM] PostLoadTim file=1415 'DOG.TIM' ss=0x5a47 img.u=0 img.v=128 tPage=0,28 clutX=720 clutY=464
[BOOT0/TIM] post ReadTIM: prect=0xfacb24 caddr=0xfaca80 paddr=0xfacb2c mode=8
[BOOT0/TIM] pre pixel LoadImage rect=(768,384 32x128)
[BOOT0/TIM] pre CLUT LoadImage rect=(720,464 16x5)
[BOOT0/TIM] PostLoadTim done
[BOOT-STEP] GameStartup step=7 qlen=0
[TRANSITION] GameStartup step=7: processFlags=0x20 playerPos=(-673380,0,454126) func_80039F90=0x0
[IPD-INIT] Ipd_MapFileInfoSet: mapTag='THR' activeIpdCount=4 isExterior=1 plmIdx=1370 ipdFileIdx=0 textureFileIdx=0 curSize=0 willRebuildGrid=1
[MEM] after chunk-buffers: free=2776KB (694 pages)
[TRANSITION] GameStartup step=7 post-init: playerPos=(-673380,0,454126) mapTag='THR'
[BOOT-STEP] GameStartup step=8 qlen=7
[BOOT0/TIM] PostLoadTim file=1073 'THR0001F.TIM' ss=0x45d8 img.u=0 img.v=0 tPage=0,8 clutX=0 clutY=0
[BOOT0/TIM] post ReadTIM: prect=0xfb6b44 caddr=0xfb6a80 paddr=0xfb6b4c mode=8
[BOOT0/TIM] pre pixel LoadImage rect=(512,0 64x256)
[BOOT0/TIM] pre CLUT LoadImage rect=(0,0 16x6)
[BOOT0/TIM] PostLoadTim done
[POOLSTOMP] upload (512,0 64x256) hits PINNED pool slot 0 'THR0001F' (512,0)
[BOOT0/TIM] PostLoadTim file=1077 'THR0003F.TIM' ss=0x4625 img.u=0 img.v=0 tPage=0,9 clutX=16 clutY=0
[BOOT0/TIM] post ReadTIM: prect=0xfb6c44 caddr=0xfb6a80 paddr=0xfb6c4c mode=8
[BOOT0/TIM] pre pixel LoadImage rect=(576,0 64x256)
[BOOT0/TIM] pre CLUT LoadImage rect=(16,0 16x14)
[BOOT0/TIM] PostLoadTim done
[POOLSTOMP] upload (576,0 64x256) hits PINNED pool slot 1 'THR0003F' (576,0)
[BOOT0/TIM] PostLoadTim file=1075 'THR0002F.TIM' ss=0x45fe img.u=0 img.v=0 tPage=0,10 clutX=32 clutY=0
[BOOT0/TIM] post ReadTIM: prect=0xfb6bc4 caddr=0xfb6a80 paddr=0xfb6bcc mode=8
[BOOT0/TIM] pre pixel LoadImage rect=(640,0 64x256)
[BOOT0/TIM] pre CLUT LoadImage rect=(32,0 16x10)
[BOOT0/TIM] PostLoadTim done
[POOLSTOMP] upload (640,0 64x256) hits PINNED pool slot 2 'THR0002F' (640,0)
[BOOT0/TIM] PostLoadTim file=1079 'THR0004F.TIM' ss=0x4644 img.u=0 img.v=0 tPage=0,21 clutX=48 clutY=0
[BOOT0/TIM] post ReadTIM: prect=0xfb6c84 caddr=0xfb6a80 paddr=0xfb6c8c mode=8
[BOOT0/TIM] pre pixel LoadImage rect=(320,256 64x256)
[BOOT0/TIM] pre CLUT LoadImage rect=(48,0 16x16)
[BOOT0/TIM] PostLoadTim done
[POOLSTOMP] upload (320,256 64x256) hits PINNED pool slot 3 'THR0004F' (320,256)
[BOOT0/TIM] PostLoadTim file=1119 'THR0401F.TIM' ss=0x4921 img.u=0 img.v=0 tPage=0,22 clutX=64 clutY=0
[BOOT0/TIM] post ReadTIM: prect=0xfb6bc4 caddr=0xfb6a80 paddr=0xfb6bcc mode=8
[BOOT0/TIM] pre pixel LoadImage rect=(384,256 64x256)
[BOOT0/TIM] pre CLUT LoadImage rect=(64,0 16x10)
[BOOT0/TIM] PostLoadTim done
[POOLSTOMP] upload (384,256 64x256) hits PINNED pool slot 4 'THR0401F' (384,256)
[BOOT0/TIM] PostLoadTim file=1109 'THR0301F.TIM' ss=0x4885 img.u=0 img.v=0 tPage=0,23 clutX=80 clutY=0
[BOOT0/TIM] post ReadTIM: prect=0xfb6bc4 caddr=0xfb6a80 paddr=0xfb6bcc mode=8
[BOOT0/TIM] pre pixel LoadImage rect=(448,256 64x256)
[BOOT0/TIM] pre CLUT LoadImage rect=(80,0 16x10)
[BOOT0/TIM] PostLoadTim done
[POOLSTOMP] upload (448,256 64x256) hits PINNED pool slot 5 'THR0301F' (448,256)
[BOOT0/TIM] PostLoadTim file=1167 'THR3601F.TIM' ss=0x4c0c img.u=0 img.v=0 tPage=0,24 clutX=96 clutY=0
[BOOT0/TIM] post ReadTIM: prect=0xfb6b44 caddr=0xfb6a80 paddr=0xfb6b4c mode=8
[BOOT0/TIM] pre pixel LoadImage rect=(512,256 64x256)
[BOOT0/TIM] pre CLUT LoadImage rect=(96,0 16x6)
[BOOT0/TIM] PostLoadTim done
[POOLSTOMP] upload (512,256 64x256) hits PINNED pool slot 6 'THR3601F' (512,256)
[TEXVRAM] 'THR0401F' tPage=[0,22] clutXY=(64,0) uv=(0,0)
[TEXVRAM] 'THR0301F' tPage=[0,23] clutXY=(80,0) uv=(0,0)
[TEXVRAM] 'THR3601F' tPage=[0,24] clutXY=(96,0) uv=(0,0)
[BOOT-STEP] GameStartup step=9 qlen=0
[SH-XBOX] GameState -> 10 (step 10)
[BOOT-STEP] GameStartup step=10 qlen=0
[DEMO] start: demoId=1 playFile=1619 interval=3
[SH_AMB] Sd_AmbientSfxSet idx=4 -> loadCmd=204
[SH_AMB] Sd_VabLoad ambient cmd=204 type=2 dedup=0
[BOOT-STEP] GameStartup step=11 qlen=0
[CHARA-TEX] charaId=2 matCount=1 modelCount=16
[CHARA-TEX] mat[0] name='REBIRD' field_C=1 E=0x5c F=0x5c clut=0x742c UV=0x0000 tex=0
[CHARA-TEX] prim0: f0=0x2971(UV0) f2=0x74ac(clut) f4=0x1d6a(UV1) f6=0x005c(tpage) f8=0x2077(UV2) fA=0x0000(UV3)
[CHARA-TEX] texDesc: tPage=[0,28] u=0 v=0 clutXY=(704,464)
[CHARA-TEX] charaId=4 matCount=1 modelCount=22
[CHARA-TEX] mat[0] name='DOG' field_C=1 E=0x5c F=0x5c clut=0x742d UV=0x8000 tex=0
[CHARA-TEX] prim0: f0=0xce2b(UV0) f2=0x742d(clut) f4=0xc02e(UV1) f6=0x005c(tpage) f8=0xcd2f(UV2) fA=0x8000(UV3)
[CHARA-TEX] texDesc: tPage=[0,28] u=0 v=128 clutXY=(720,464)
[WEP_LOAD] weaponAttack=0 FS_BUFFER_12=0xeea620 — queuing weapon ANM
[FT] avgMs=24 worstMs=614 gameMs=11 drawMs=13 swapWait=0ms draws=17 decodes=16 decMs=28
[WEP_LOAD] post-load FS_BUFFER_12 first 16 bytes: 00 fa 00 7f 02 fc fe 7f 05 05 fb 7f 7f 00 fd 00
[WEP_LOAD] HARRY_BASE_ANIM_INFOS[56] status=56 hasVar=0 link=57 sk=-1 ek=568
[WEP_LOAD] HARRY_BASE_ANIM_INFOS[57] status=57 hasVar=0 link=57 sk=568 ek=575
[WEP_LOAD] g_Player_EquippedWeaponInfo: attackSfx=1293 animStop=64 animAttack=62 animHold=63 sizeof=12
[BOOT0/TIM] PostLoadTim file=1505 'TIM00.TIM' ss=0x5dcb img.u=0 img.v=0 tPage=0,15 clutX=176 clutY=0
[BOOT0/TIM] post ReadTIM: prect=0xfacc84 caddr=0xfaca80 paddr=0xfacc8c mode=8
[BOOT0/TIM] pre pixel LoadImage rect=(960,0 64x256)
[BOOT0/TIM] pre CLUT LoadImage rect=(176,0 16x16)
[BOOT0/TIM] PostLoadTim done
[OTS] f=9480 calls=2 n0=2052 n1=16 prims=28158 bb=-35,1120,-25,797
[OTT] walkUs=3578 texUs=3421 emitUs=11 submitUs=9 otherUs=135 prims=2 usPerPrim=1789
[BOOT-STEP] GameStartup step=12 qlen=2
[SH-XBOX] GameState -> 11 (step 0)
[BGM] ChannelSet bgmIdx=6 cmd=773
[BOOT0/TIM] PostLoadTim file=1514 'TIM07.TIM' ss=0x5e64 img.u=32 img.v=0 tPage=0,13 clutX=240 clutY=0
[BOOT0/TIM] post ReadTIM: prect=0xfacb84 caddr=0xfaca80 paddr=0xfacb8c mode=8
[BOOT0/TIM] pre pixel LoadImage rect=(864,0 32x256)
[BOOT0/TIM] pre CLUT LoadImage rect=(240,0 16x8)
[BOOT0/TIM] PostLoadTim done
[BOOT0/TIM] PostLoadTim file=1509 'TIM02.TIM' ss=0x5e0f img.u=0 img.v=0 tPage=0,14 clutX=160 clutY=0
[BOOT0/TIM] post ReadTIM: prect=0xfacc84 caddr=0xfaca80 paddr=0xfacc8c mode=8
[BOOT0/TIM] pre pixel LoadImage rect=(896,0 64x256)
[BOOT0/TIM] pre CLUT LoadImage rect=(160,0 16x16)
[BOOT0/TIM] PostLoadTim done
[FT] avgMs=50 worstMs=170 gameMs=33 drawMs=16 swapWait=0ms draws=209 decodes=75 decMs=46
[OTS] f=9600 calls=2 n0=2646 n1=16 prims=65948 bb=-3632,4447,-2484,3648
[OTT] walkUs=5100 texUs=75 emitUs=3684 submitUs=330 otherUs=1009 prims=595 usPerPrim=8
[BOOT0/TIM] PostLoadTim file=1187 'THR5401F.TIM' ss=0x4d40 img.u=0 img.v=0 tPage=0,25 clutX=112 clutY=0
[BOOT0/TIM] post ReadTIM: prect=0xfb6b44 caddr=0xfb6a80 paddr=0xfb6b4c mode=8
[BOOT0/TIM] pre pixel LoadImage rect=(576,256 64x256)
[BOOT0/TIM] pre CLUT LoadImage rect=(112,0 16x6)
[BOOT0/TIM] PostLoadTim done
[POOLSTOMP] upload (576,256 64x256) hits PINNED pool slot 7 'THR5401F' (576,256)
[TEXVRAM] 'THR5401F' tPage=[0,25] clutXY=(112,0) uv=(0,0)
[WALLANIM] pathB kf=43 travel=976 intended=978 runStepSfx=14 spdProp=19710 pos=(-736217,504129)
[BOOT0/TIM] PostLoadTim file=1188 'THR5402H.TIM' ss=0x4d51 img.u=0 img.v=0 tPage=0,26 clutX=128 clutY=0
[BOOT0/TIM] post ReadTIM: prect=0xfb6b64 caddr=0xfb6a80 paddr=0xfb6b6c mode=8
[BOOT0/TIM] pre pixel LoadImage rect=(640,256 32x256)
[BOOT0/TIM] pre CLUT LoadImage rect=(128,0 16x7)
[BOOT0/TIM] PostLoadTim done
[POOLSTOMP] upload (640,256 32x256) hits PINNED pool slot 8 'THR5402H' (640,256)
[TEXVRAM] 'THR5402H' tPage=[0,26] clutXY=(128,0) uv=(0,0)
[FT] avgMs=50 worstMs=126 gameMs=35 drawMs=14 swapWait=0ms draws=210 decodes=2 decMs=2
[OTS] f=9720 calls=2 n0=2681 n1=16 prims=73703 bb=-2138,4879,-2253,3648
[OTT] walkUs=7112 texUs=95 emitUs=4112 submitUs=757 otherUs=2147 prims=630 usPerPrim=11
[FT] avgMs=67 worstMs=112 gameMs=48 drawMs=19 swapWait=0ms draws=432 decodes=13 decMs=9
[OTS] f=9840 calls=2 n0=3081 n1=16 prims=96706 bb=-3650,4726,-3047,3648
[OTT] walkUs=12197 texUs=158 emitUs=7204 submitUs=1497 otherUs=3337 prims=1027 usPerPrim=11
[CHNK] n=4 s0=-5,2,st3 s1=-6,3,st3 s2=-5,3,st3 s3=-4,3,st2
[BOOT0/TIM] PostLoadTim file=1132 'THR0801F.TIM' ss=0x49f1 img.u=0 img.v=0 tPage=0,23 clutX=80 clutY=0
[BOOT0/TIM] post ReadTIM: prect=0xfb6be4 caddr=0xfb6a80 paddr=0xfb6bec mode=8
[BOOT0/TIM] pre pixel LoadImage rect=(448,256 64x256)
[BOOT0/TIM] pre CLUT LoadImage rect=(80,0 16x11)
[BOOT0/TIM] PostLoadTim done
[POOLSTOMP] upload (448,256 64x256) hits PINNED pool slot 5 'THR0801F' (448,256)
[TEXVRAM] 'THR0801F' tPage=[0,23] clutXY=(80,0) uv=(0,0)
[VRAM] decode #1024
[SPAWN-FIRE?] slot=17 allPass! npcFlags=0x8 flagsId=4 full=0 vblanks=3 ABOUT TO TRY SPAWN
[SPAWN-FIRE!] slot=17 gates passed â†’ entering spawn block, npcIdx will be assigned
[SPAWN] slot=17 -> npc[0] charaId=4 stateStep=3 pos=(-227,137)
[SFX] Sd_PlaySfx: sfxId=1321 (Sfx_Base+41) vol=0
[VRAM] miss cause: evict=962 inval=4 cold=60 (alloc=42)
[FT] avgMs=77 worstMs=110 gameMs=56 drawMs=20 swapWait=0ms draws=439 decodes=4 decMs=3
[OTS] f=9960 calls=2 n0=3075 n1=16 prims=100639 bb=-3560,4909,-3105,3648
[OTT] walkUs=11763 texUs=150 emitUs=7026 submitUs=1430 otherUs=3155 prims=1021 usPerPrim=11
[SH-XBOX] vblank 15000
[MEM] tick: free=2776KB (694 pages)
[SFX] Sd_PlaySfx: sfxId=1406 (Sfx_Base+126) vol=252
[FT] avgMs=78 worstMs=114 gameMs=56 drawMs=21 swapWait=0ms draws=485 decodes=28 decMs=18
[OTS] f=10080 calls=2 n0=3291 n1=16 prims=108898 bb=-3125,4927,-3262,3622
[OTT] walkUs=14466 texUs=188 emitUs=8509 submitUs=1684 otherUs=4083 prims=1222 usPerPrim=11
[SH-XBOX] vblank 15600
[MEM] tick: free=2776KB (694 pages)
[SFX] Sd_PlaySfx: sfxId=1410 (Sfx_Base+130) vol=223
[SFX] Sd_PlaySfx: sfxId=1410 (Sfx_Base+130) vol=214
[FT] avgMs=83 worstMs=111 gameMs=60 drawMs=23 swapWait=0ms draws=499 decodes=26 decMs=18
[OTS] f=10200 calls=2 n0=2930 n1=16 prims=107150 bb=-3635,4942,-3040,3648
[OTT] walkUs=10403 texUs=137 emitUs=5966 submitUs=1203 otherUs=3095 prims=874 usPerPrim=11
[SFX] Sd_PlaySfx: sfxId=1406 (Sfx_Base+126) vol=235
[GROANER] lying dist=5218 noise=0 hear=0 losq=0 flags=0x20 anim=35 ctl=1
[SH-XBOX] vblank 16200
[MEM] tick: free=2776KB (694 pages)
[SFX] Sd_PlaySfx: sfxId=1406 (Sfx_Base+126) vol=225
[GROANER] lying dist=2343 noise=0 hear=0 losq=1 flags=0x4A0 anim=20 ctl=3
[FT] avgMs=84 worstMs=113 gameMs=61 drawMs=22 swapWait=0ms draws=518 decodes=1 decMs=1
[OTS] f=10320 calls=2 n0=3015 n1=16 prims=115091 bb=-3368,4657,-2658,3648
[OTT] walkUs=10680 texUs=149 emitUs=6499 submitUs=1226 otherUs=2804 prims=964 usPerPrim=11
[SFX] Sd_PlaySfx: sfxId=1411 (Sfx_Base+131) vol=12
[MELEE-SS0] SWIPE IsAttacking=3 weaponAttack=10 animIdx=58
[SFX] Sd_PlaySfx: sfxId=1293 (Sfx_Base+13) vol=0
[SFX] Sd_PlaySfx: sfxId=1297 (Sfx_Base+17) vol=0
[MELEEDMG] wa=10 base=491520 dmg=116340 sp14=0x0 sp10=0x1 alreadyHit=0 chara=4

[MELEEDMG] wa=10 base=491520 dmg=0 sp14=0x1 sp10=0x1 alreadyHit=1 chara=4

[MELEEDMG] wa=10 base=491520 dmg=0 sp14=0x1 sp10=0x1 alreadyHit=1 chara=4

[MELEEDMG] wa=10 base=491520 dmg=0 sp14=0x1 sp10=0x1 alreadyHit=1 chara=4

[SFX] Sd_PlaySfx: sfxId=1414 (Sfx_Base+134) vol=0
[MELEEDMG] wa=10 base=491520 dmg=0 sp14=0x1 sp10=0x1 alreadyHit=1 chara=4

[MELEEDMG] wa=10 base=491520 dmg=0 sp14=0x1 sp10=0x1 alreadyHit=1 chara=4

[ATTACK-DONE] st=59 lookupSt=59 kf=595 -> pcAttackDone
[SFX] Sd_PlaySfx: sfxId=1410 (Sfx_Base+130) vol=143
[SFX] Sd_PlaySfx: sfxId=1410 (Sfx_Base+130) vol=170
[SFX] Sd_PlaySfx: sfxId=1410 (Sfx_Base+130) vol=186
[SPAWN-FIRE?] slot=16 allPass! npcFlags=0x9 flagsId=4 full=0 vblanks=3 ABOUT TO TRY SPAWN
[SPAWN-FIRE!] slot=16 gates passed â†’ entering spawn block, npcIdx will be assigned
[SPAWN] slot=16 -> npc[1] charaId=4 stateStep=3 pos=(-238,141)
[SFX] Sd_PlaySfx: sfxId=1322 (Sfx_Base+42) vol=0
[SFX] Sd_PlaySfx: sfxId=1406 (Sfx_Base+126) vol=254
[SFX] Sd_PlaySfx: sfxId=1410 (Sfx_Base+130) vol=173
[GROANER] lying dist=2421 noise=0 hear=0 losq=1 flags=0x4A0 anim=31 ctl=3
[MELEE-SS0] STAB IsAttacking=0 weaponAttack=0 animIdx=62
[SFX] Sd_PlaySfx: sfxId=1293 (Sfx_Base+13) vol=0
[SFX] Sd_PlaySfx: sfxId=1411 (Sfx_Base+131) vol=11
[SFX] Sd_PlaySfx: sfxId=1327 (Sfx_Base+47) vol=191
[SFX] Sd_PlaySfx: sfxId=1410 (Sfx_Base+130) vol=186
[SFX] Sd_PlaySfx: sfxId=1410 (Sfx_Base+130) vol=160
[SFX] Sd_PlaySfx: sfxId=1411 (Sfx_Base+131) vol=11
[GROANER] lying dist=625 noise=14 hear=0 losq=1 flags=0x6A4 anim=21 ctl=3
[SFX] Sd_PlaySfx: sfxId=1327 (Sfx_Base+47) vol=191
[FT] avgMs=83 worstMs=116 gameMs=60 drawMs=22 swapWait=0ms draws=448 decodes=11 decMs=4
[OTS] f=10440 calls=2 n0=2859 n1=16 prims=103081 bb=-3620,4942,-3272,3648
[OTT] walkUs=8954 texUs=123 emitUs=5268 submitUs=1045 otherUs=2517 prims=796 usPerPrim=11
[CHNK] n=4 s0=-5,2,st2 s1=-6,3,st3 s2=-5,3,st2 s3=-6,2,st2
[SFX] Sd_PlaySfx: sfxId=1406 (Sfx_Base+126) vol=253
[MELEE-SS0] STAB IsAttacking=0 weaponAttack=0 animIdx=62
[SFX] Sd_PlaySfx: sfxId=1293 (Sfx_Base+13) vol=0
[SFX] Sd_PlaySfx: sfxId=1410 (Sfx_Base+130) vol=177
[SFX] Sd_PlaySfx: sfxId=1293 (Sfx_Base+13) vol=0
[SFX] Sd_PlaySfx: sfxId=1410 (Sfx_Base+130) vol=186
[ATTACK-DONE] st=61 lookupSt=61 kf=611 -> pcAttackDone
[SFX] Sd_PlaySfx: sfxId=1411 (Sfx_Base+131) vol=15
[GROANER] lying dist=765 noise=0 hear=0 losq=1 flags=0x6A4 anim=21 ctl=3
[SFX] Sd_PlaySfx: sfxId=1327 (Sfx_Base+47) vol=191
[MELEE-SS0] STAB IsAttacking=0 weaponAttack=0 animIdx=62
[SFX] Sd_PlaySfx: sfxId=1293 (Sfx_Base+13) vol=0
[SFX] Sd_PlaySfx: sfxId=1293 (Sfx_Base+13) vol=0
[SFX] Sd_PlaySfx: sfxId=1410 (Sfx_Base+130) vol=187
[SFX] Sd_PlaySfx: sfxId=1410 (Sfx_Base+130) vol=183
[ATTACK-DONE] st=61 lookupSt=61 kf=611 -> pcAttackDone
[SFX] Sd_PlaySfx: sfxId=1406 (Sfx_Base+126) vol=253
[SFX] Sd_PlaySfx: sfxId=1411 (Sfx_Base+131) vol=17
[SFX] Sd_PlaySfx: sfxId=1327 (Sfx_Base+47) vol=191
[GROANER] lying dist=515 noise=16 hear=1 losq=1 flags=0x6A4 anim=21 ctl=3
[FT] avgMs=82 worstMs=101 gameMs=60 drawMs=22 swapWait=0ms draws=412 decodes=3 decMs=2
[OTS] f=10560 calls=2 n0=2906 n1=16 prims=99348 bb=-3665,2548,-2992,3519
[OTT] walkUs=9581 texUs=129 emitUs=5629 submitUs=1009 otherUs=2813 prims=851 usPerPrim=11
[MELEE-SS0] STAB IsAttacking=0 weaponAttack=0 animIdx=62
[SFX] Sd_PlaySfx: sfxId=1293 (Sfx_Base+13) vol=0
[SFX] Sd_PlaySfx: sfxId=1293 (Sfx_Base+13) vol=0
[SFX] Sd_PlaySfx: sfxId=1410 (Sfx_Base+130) vol=187
[SFX] Sd_PlaySfx: sfxId=1410 (Sfx_Base+130) vol=179
[ATTACK-DONE] st=61 lookupSt=61 kf=611 -> pcAttackDone
[SFX] Sd_PlaySfx: sfxId=1411 (Sfx_Base+131) vol=21
[SFX] Sd_PlaySfx: sfxId=1327 (Sfx_Base+47) vol=191
[GROANER] lying dist=375 noise=0 hear=0 losq=1 flags=0x6A0 anim=21 ctl=3
[SFX] Sd_PlaySfx: sfxId=1410 (Sfx_Base+130) vol=171
[SFX] Sd_PlaySfx: sfxId=1410 (Sfx_Base+130) vol=182
[SFX] Sd_PlaySfx: sfxId=1410 (Sfx_Base+130) vol=178
[SFX] Sd_PlaySfx: sfxId=1406 (Sfx_Base+126) vol=254
[SFX] Sd_PlaySfx: sfxId=1411 (Sfx_Base+131) vol=13
[SFX] Sd_PlaySfx: sfxId=1327 (Sfx_Base+47) vol=191
[GROANER] lying dist=484 noise=16 hear=2 losq=1 flags=0x6A4 anim=21 ctl=3
[FT] avgMs=83 worstMs=110 gameMs=59 drawMs=24 swapWait=0ms draws=432 decodes=0 decMs=0
[OTS] f=10680 calls=2 n0=2928 n1=16 prims=109958 bb=-3398,4675,-2889,1632
[OTT] walkUs=9575 texUs=130 emitUs=5847 submitUs=1017 otherUs=2579 prims=877 usPerPrim=10
[SFX] Sd_PlaySfx: sfxId=1410 (Sfx_Base+130) vol=203
[SFX] Sd_PlaySfx: sfxId=1410 (Sfx_Base+130) vol=198
[SFX] Sd_PlaySfx: sfxId=1410 (Sfx_Base+130) vol=200
[SFX] Sd_PlaySfx: sfxId=1410 (Sfx_Base+130) vol=189
[GROANER] lying dist=4078 noise=0 hear=0 losq=1 flags=0x4A0 anim=33 ctl=2
[SFX] Sd_PlaySfx: sfxId=1410 (Sfx_Base+130) vol=167
[SFX] Sd_PlaySfx: sfxId=1411 (Sfx_Base+131) vol=0
[SFX] Sd_PlaySfx: sfxId=1327 (Sfx_Base+47) vol=191
[SFX] Sd_PlaySfx: sfxId=1406 (Sfx_Base+126) vol=255
[SFX] Sd_PlaySfx: sfxId=1410 (Sfx_Base+130) vol=177
[GROANER] lying dist=3187 noise=0 hear=0 losq=1 flags=0x4A0 anim=33 ctl=2
[SFX] Sd_PlaySfx: sfxId=1410 (Sfx_Base+130) vol=150
[FT] avgMs=81 worstMs=117 gameMs=59 drawMs=21 swapWait=0ms draws=401 decodes=15 decMs=10
[OTS] f=10800 calls=2 n0=2848 n1=16 prims=89544 bb=-3665,4942,-4570,3648
[OTT] walkUs=9487 texUs=124 emitUs=5448 submitUs=1149 otherUs=2764 prims=790 usPerPrim=12
[SFX] Sd_PlaySfx: sfxId=1411 (Sfx_Base+131) vol=0
[SFX] Sd_PlaySfx: sfxId=1327 (Sfx_Base+47) vol=191
[SFX] Sd_PlaySfx: sfxId=1320 (Sfx_Base+40) vol=191
[SFX] Sd_PlaySfx: sfxId=1410 (Sfx_Base+130) vol=175
[SFX] Sd_PlaySfx: sfxId=1410 (Sfx_Base+130) vol=163
[GROANER] lying dist=3796 noise=3 hear=0 losq=1 flags=0x4A0 anim=33 ctl=2
[SFX] Sd_PlaySfx: sfxId=1410 (Sfx_Base+130) vol=166
[SFX] Sd_PlaySfx: sfxId=1410 (Sfx_Base+130) vol=147
[SFX] Sd_PlaySfx: sfxId=1406 (Sfx_Base+126) vol=255
[SH-XBOX] vblank 18600
[MEM] tick: free=2776KB (694 pages)
[SFX] Sd_PlaySfx: sfxId=1411 (Sfx_Base+131) vol=0
[SFX] Sd_PlaySfx: sfxId=1320 (Sfx_Base+40) vol=191
[GROANER] lying dist=4296 noise=0 hear=0 losq=1 flags=0x4A0 anim=33 ctl=2
[SFX] Sd_PlaySfx: sfxId=1410 (Sfx_Base+130) vol=167
[FT] avgMs=76 worstMs=117 gameMs=54 drawMs=22 swapWait=0ms draws=403 decodes=3 decMs=2
[OTS] f=10920 calls=2 n0=2780 n1=16 prims=91822 bb=-3632,4864,-3481,3648
[OTT] walkUs=7927 texUs=110 emitUs=4684 submitUs=1001 otherUs=2130 prims=719 usPerPrim=11
[MELEE-SS0] STAB IsAttacking=0 weaponAttack=0 animIdx=62
[SFX] Sd_PlaySfx: sfxId=1293 (Sfx_Base+13) vol=0
[SFX] Sd_PlaySfx: sfxId=1411 (Sfx_Base+131) vol=0
[SFX] Sd_PlaySfx: sfxId=1293 (Sfx_Base+13) vol=0
[SFX] Sd_PlaySfx: sfxId=1327 (Sfx_Base+47) vol=191
[SFX] Sd_PlaySfx: sfxId=1410 (Sfx_Base+130) vol=177
[GROANER] lying dist=3359 noise=0 hear=0 losq=1 flags=0x4A0 anim=33 ctl=2
[SFX] Sd_PlaySfx: sfxId=1410 (Sfx_Base+130) vol=153
[SFX] Sd_PlaySfx: sfxId=1411 (Sfx_Base+131) vol=0
[SFX] Sd_PlaySfx: sfxId=1327 (Sfx_Base+47) vol=191
[SFX] Sd_PlaySfx: sfxId=1406 (Sfx_Base+126) vol=255
[MELEE-SS0] SWIPE IsAttacking=3 weaponAttack=10 animIdx=58
[SFX] Sd_PlaySfx: sfxId=1293 (Sfx_Base+13) vol=0
[ATTACK-DONE] st=59 lookupSt=59 kf=595 -> pcAttackDone
[SFX] Sd_PlaySfx: sfxId=1410 (Sfx_Base+130) vol=171
[SFX] Sd_PlaySfx: sfxId=1410 (Sfx_Base+130) vol=145
[GROANER] lying dist=1812 noise=0 hear=0 losq=1 flags=0x4A0 anim=20 ctl=3
[FT] avgMs=82 worstMs=119 gameMs=61 drawMs=21 swapWait=0ms draws=393 decodes=0 decMs=0
[OTS] f=11040 calls=2 n0=2826 n1=16 prims=90542 bb=-3608,4366,-3342,3648
[OTT] walkUs=8744 texUs=118 emitUs=5058 submitUs=1154 otherUs=2413 prims=772 usPerPrim=11
[SFX] Sd_PlaySfx: sfxId=1411 (Sfx_Base+131) vol=0
[SFX] Sd_PlaySfx: sfxId=1327 (Sfx_Base+47) vol=191
[CHNK] n=4 s0=-5,2,st2 s1=-6,3,st3 s2=-5,3,st3 s3=-6,2,st3
[SFX] Sd_PlaySfx: sfxId=1318 (Sfx_Base+38) vol=0
[SFX] Sd_PlaySfx: sfxId=1410 (Sfx_Base+130) vol=182
[SFX] Sd_PlaySfx: sfxId=1410 (Sfx_Base+130) vol=172
[SFX] Sd_PlaySfx: sfxId=1406 (Sfx_Base+126) vol=255
[SFX] Sd_PlaySfx: sfxId=1410 (Sfx_Base+130) vol=142
[SFX] Sd_PlaySfx: sfxId=1319 (Sfx_Base+39) vol=0
[GROANER] lying dist=1375 noise=32 hear=0 losq=1 flags=0x4A0 anim=33 ctl=2
[SFX] Sd_PlaySfx: sfxId=1410 (Sfx_Base+130) vol=127
[XA] SetVolume L=0 R=0
[SH_AMB] Sd_AmbientSfxSet idx=1 -> loadCmd=162
[BOOT0/TIM] PostLoadTim file=1980 'TITLE_E.TIM' ss=0x90b7 img.u=32 img.v=0 tPage=1,13 clutX=224 clutY=15
[BOOT0/TIM] post ReadTIM: prect=0xf7cc84 caddr=0xf7ca80 paddr=0xf7cc8c mode=9
[BOOT0/TIM] pre pixel LoadImage rect=(864,0 160x480)
[BOOT0/TIM] pre CLUT LoadImage rect=(224,15 256x1)
[BOOT0/TIM] PostLoadTim done
[SH-XBOX] GameState -> 7 (step 0)
[FT] avgMs=51 worstMs=141 gameMs=36 drawMs=14 swapWait=0ms draws=228 decodes=6 decMs=5
[OTS] f=11160 calls=2 n0=2056 n1=295 prims=55248 bb=-3665,4387,-3268,3648
[OTT] walkUs=2580 texUs=10 emitUs=1841 submitUs=85 otherUs=642 prims=253 usPerPrim=10
[MCRD] card_info chan=2 -> IOE (n=1280)
[FT] avgMs=17 worstMs=51 gameMs=12 drawMs=4 swapWait=0ms draws=21 decodes=0 decMs=0
[OTS] f=11280 calls=2 n0=2056 n1=295 prims=34440 bb=-35,1120,-25,797
[OTT] walkUs=2671 texUs=10 emitUs=1840 submitUs=181 otherUs=638 prims=253 usPerPrim=10
[FT] avgMs=16 worstMs=47 gameMs=12 drawMs=4 swapWait=0ms draws=21 decodes=0 decMs=0
[OTS] f=11400 calls=2 n0=2056 n1=295 prims=34440 bb=-35,1120,-25,797
[OTT] walkUs=2820 texUs=10 emitUs=1840 submitUs=84 otherUs=885 prims=253 usPerPrim=11
[SH-XBOX] vblank 19800
[MEM] tick: free=2776KB (694 pages)
[FT] avgMs=17 worstMs=53 gameMs=12 drawMs=4 swapWait=0ms draws=21 decodes=0 decMs=0
[OTS] f=11520 calls=2 n0=2056 n1=295 prims=34440 bb=-35,1120,-25,797
[OTT] walkUs=3006 texUs=10 emitUs=1839 submitUs=93 otherUs=1062 prims=253 usPerPrim=11
[FT] avgMs=16 worstMs=49 gameMs=12 drawMs=4 swapWait=0ms draws=21 decodes=0 decMs=0
[OTS] f=11640 calls=2 n0=2056 n1=295 prims=34440 bb=-35,1120,-25,797
[OTT] walkUs=3063 texUs=11 emitUs=1839 submitUs=82 otherUs=1130 prims=253 usPerPrim=12
[FT] avgMs=16 worstMs=45 gameMs=12 drawMs=4 swapWait=0ms draws=21 decodes=0 decMs=0
[OTS] f=11760 calls=2 n0=2056 n1=295 prims=34440 bb=-35,1120,-25,797
[OTT] walkUs=3089 texUs=10 emitUs=1839 submitUs=320 otherUs=919 prims=253 usPerPrim=12
[FT] avgMs=16 worstMs=45 gameMs=12 drawMs=4 swapWait=0ms draws=21 decodes=0 decMs=0
[OTS] f=11880 calls=2 n0=2056 n1=295 prims=34440 bb=-35,1120,-25,797
[OTT] walkUs=2818 texUs=10 emitUs=1841 submitUs=82 otherUs=883 prims=253 usPerPrim=11
[MCRD] card_info chan=2 -> IOE (n=1536)
[FT] avgMs=17 worstMs=52 gameMs=12 drawMs=4 swapWait=0ms draws=21 decodes=0 decMs=0
[OTS] f=12000 calls=2 n0=2056 n1=295 prims=34440 bb=-35,1120,-25,797
[OTT] walkUs=2562 texUs=10 emitUs=1839 submitUs=87 otherUs=625 prims=253 usPerPrim=10
[SH-XBOX] vblank 20400
[MEM] tick: free=2776KB (694 pages)
[FT] avgMs=17 worstMs=49 gameMs=12 drawMs=4 swapWait=0ms draws=21 decodes=0 decMs=0
[OTS] f=12120 calls=2 n0=2056 n1=295 prims=34440 bb=-35,1120,-25,797
[OTT] walkUs=2547 texUs=11 emitUs=1841 submitUs=94 otherUs=599 prims=253 usPerPrim=10
[FT] avgMs=17 worstMs=79 gameMs=12 drawMs=4 swapWait=0ms draws=21 decodes=0 decMs=0
[OTS] f=12240 calls=2 n0=2056 n1=295 prims=34440 bb=-35,1120,-25,797
[OTT] walkUs=2862 texUs=10 emitUs=1843 submitUs=88 otherUs=919 prims=253 usPerPrim=11
[FT] avgMs=16 worstMs=51 gameMs=12 drawMs=4 swapWait=0ms draws=21 decodes=0 decMs=0
[OTS] f=12360 calls=2 n0=2056 n1=295 prims=34440 bb=-35,1120,-25,797
[OTT] walkUs=3105 texUs=10 emitUs=1837 submitUs=160 otherUs=1096 prims=253 usPerPrim=12
[FT] avgMs=16 worstMs=46 gameMs=12 drawMs=4 swapWait=0ms draws=21 decodes=0 decMs=0
[OTS] f=12480 calls=2 n0=2056 n1=295 prims=34440 bb=-35,1120,-25,797
[OTT] walkUs=2540 texUs=11 emitUs=1839 submitUs=169 otherUs=520 prims=253 usPerPrim=10
[FT] avgMs=16 worstMs=42 gameMs=12 drawMs=4 swapWait=0ms draws=21 decodes=0 decMs=0
[OTS] f=12600 calls=2 n0=2056 n1=295 prims=34440 bb=-35,1120,-25,797
[OTT] walkUs=2988 texUs=10 emitUs=1839 submitUs=82 otherUs=1057 prims=253 usPerPrim=11
[SH-XBOX] vblank 21000
[MEM] tick: free=2776KB (694 pages)
[FT] avgMs=17 worstMs=47 gameMs=12 drawMs=4 swapWait=0ms draws=21 decodes=0 decMs=0
[OTS] f=12720 calls=2 n0=2056 n1=295 prims=34440 bb=-35,1120,-25,797
[OTT] walkUs=2918 texUs=10 emitUs=1837 submitUs=162 otherUs=908 prims=253 usPerPrim=11
[MCRD] card_info chan=2 -> IOE (n=1792)
[FT] avgMs=16 worstMs=45 gameMs=12 drawMs=4 swapWait=0ms draws=21 decodes=0 decMs=0
[OTS] f=12840 calls=2 n0=2056 n1=295 prims=34440 bb=-35,1120,-25,797
[OTT] walkUs=2491 texUs=9 emitUs=1837 submitUs=85 otherUs=558 prims=253 usPerPrim=9
[SH-XBOX] GameState -> 6 (step 0)
[SH] open_main: playing FMV (file=2053 frames=0)
[FMV] no avi for C1_20670 (checked D:\fmv, D:\gamedata\fmv) -> MDEC
[FMV] start C1_20670 file_idx=2053 base=133127 sectors=20670 maxFrames=0 (15fps)
[XA] fmv stream open: 37800Hz stereo coding=0x01
[FMV] video 320x208, 9 sectors/frame
[FT] avgMs=30 worstMs=106 gameMs=11 drawMs=19 swapWait=0ms draws=7 decodes=0 decMs=0
[FT] avgMs=40 worstMs=125 gameMs=10 drawMs=30 swapWait=0ms draws=1 decodes=0 decMs=0
[FMV] frame=150 dropped=2 fails=0 ring=1568 fed=187
[FT] avgMs=39 worstMs=101 gameMs=10 drawMs=28 swapWait=0ms draws=1 decodes=0 decMs=0
[SH-XBOX] vblank 21600
[MEM] tick: free=2776KB (694 pages)
[FT] avgMs=38 worstMs=144 gameMs=10 drawMs=28 swapWait=0ms draws=1 decodes=0 decMs=0
[FMV] frame=300 dropped=6 fails=0 ring=611 fed=374
[FT] avgMs=39 worstMs=112 gameMs=10 drawMs=28 swapWait=0ms draws=1 decodes=0 decMs=0
[FT] avgMs=40 worstMs=96 gameMs=10 drawMs=30 swapWait=0ms draws=1 decodes=0 decMs=0
[FMV] frame=450 dropped=8 fails=0 ring=5160 fed=562
[FT] avgMs=40 worstMs=136 gameMs=10 drawMs=29 swapWait=0ms draws=1 decodes=0 decMs=0
[FT] avgMs=39 worstMs=148 gameMs=10 drawMs=29 swapWait=0ms draws=1 decodes=0 decMs=0
[SH-XBOX] vblank 22200
[MEM] tick: free=2776KB (694 pages)
[FMV] frame=600 dropped=12 fails=0 ring=494 fed=749
[FT] avgMs=41 worstMs=114 gameMs=10 drawMs=30 swapWait=0ms draws=1 decodes=0 decMs=0
[FT] avgMs=39 worstMs=109 gameMs=10 drawMs=29 swapWait=0ms draws=1 decodes=0 decMs=0
[FMV] frame=750 dropped=15 fails=0 ring=2355 fed=937
[FT] avgMs=39 worstMs=101 gameMs=10 drawMs=29 swapWait=0ms draws=1 decodes=0 decMs=0
[FT] avgMs=40 worstMs=106 gameMs=10 drawMs=29 swapWait=0ms draws=1 decodes=0 decMs=0
[FMV] frame=900 dropped=17 fails=0 ring=345 fed=1124
[FT] avgMs=38 worstMs=110 gameMs=10 drawMs=28 swapWait=0ms draws=1 decodes=0 decMs=0
[SH-XBOX] vblank 22800
[MEM] tick: free=2776KB (694 pages)
[FT] avgMs=40 worstMs=115 gameMs=10 drawMs=29 swapWait=0ms draws=1 decodes=0 decMs=0
[FT] avgMs=38 worstMs=119 gameMs=10 drawMs=28 swapWait=0ms draws=1 decodes=0 decMs=0
[FMV] frame=1050 dropped=21 fails=0 ring=1919 fed=1312
[FT] avgMs=38 worstMs=192 gameMs=9 drawMs=29 swapWait=0ms draws=1 decodes=0 decMs=0
[FT] avgMs=39 worstMs=94 gameMs=10 drawMs=28 swapWait=0ms draws=1 decodes=0 decMs=0
[FMV] frame=1200 dropped=24 fails=0 ring=196 fed=1499
[FT] avgMs=39 worstMs=91 gameMs=10 drawMs=29 swapWait=0ms draws=1 decodes=0 decMs=0
[SH-XBOX] vblank 23400
[MEM] tick: free=2776KB (694 pages)
[FT] avgMs=39 worstMs=133 gameMs=10 drawMs=28 swapWait=0ms draws=1 decodes=0 decMs=0
[FMV] frame=1350 dropped=26 fails=0 ring=1802 fed=1687
[FT] avgMs=38 worstMs=104 gameMs=10 drawMs=28 swapWait=0ms draws=1 decodes=0 decMs=0
[FT] avgMs=38 worstMs=140 gameMs=10 drawMs=27 swapWait=0ms draws=1 decodes=0 decMs=0
[FMV] frame=1500 dropped=28 fails=0 ring=1871 fed=1874
[FT] avgMs=40 worstMs=109 gameMs=10 drawMs=29 swapWait=0ms draws=1 decodes=0 decMs=0
[FT] avgMs=38 worstMs=112 gameMs=10 drawMs=28 swapWait=0ms draws=1 decodes=0 decMs=0
[SH-XBOX] vblank 24000
[MEM] tick: free=2776KB (694 pages)
[FMV] frame=1650 dropped=30 fails=0 ring=2133 fed=2062
[FT] avgMs=41 worstMs=105 gameMs=10 drawMs=30 swapWait=0ms draws=1 decodes=0 decMs=0
[FT] avgMs=39 worstMs=150 gameMs=10 drawMs=29 swapWait=0ms draws=1 decodes=0 decMs=0
[FMV] frame=1800 dropped=33 fails=0 ring=666 fed=2249
[FT] avgMs=40 worstMs=109 gameMs=10 drawMs=30 swapWait=0ms draws=1 decodes=0 decMs=0
[FT] avgMs=38 worstMs=119 gameMs=10 drawMs=28 swapWait=0ms draws=1 decodes=0 decMs=0
[FMV] frame=1950 dropped=36 fails=0 ring=1504 fed=2437
[FT] avgMs=39 worstMs=100 gameMs=10 drawMs=29 swapWait=0ms draws=1 decodes=0 decMs=0
[SH-XBOX] vblank 24600
[MEM] tick: free=2776KB (694 pages)
[FT] avgMs=38 worstMs=132 gameMs=10 drawMs=27 swapWait=1ms draws=1 decodes=0 decMs=0
[XA] fmv stream end: 2563 sectors fed, 0 ring frames discarded
[FMV] end C1_20670: 2067 frames (40 dropped, 0 decode fails, 3485 presents)
[SH] open_main: FMV_Play returned
[SH-XBOX] GameState -> 7 (step 0)
[BOOT-STEP] GameStartup step=0 qlen=0
[TRANSITION] GameStartup step=0: processFlags=0x20 (BootDemo) sizeof(s_WorldGfxWork)=11708
[BOOT-STEP] GameStartup step=1 qlen=0
[FT] avgMs=25 worstMs=93 gameMs=12 drawMs=12 swapWait=0ms draws=12 decodes=0 decMs=0
[OTS] f=16440 calls=4 n0=2056 n1=295 prims=32176 bb=-320,3520,-25,1542
[OTT] walkUs=2547 texUs=10 emitUs=1840 submitUs=102 otherUs=594 prims=253 usPerPrim=10
[FT] avgMs=16 worstMs=48 gameMs=12 drawMs=4 swapWait=0ms draws=21 decodes=0 decMs=0
[OTS] f=16560 calls=2 n0=2056 n1=295 prims=34440 bb=-35,1120,-25,797
[OTT] walkUs=2742 texUs=11 emitUs=1840 submitUs=156 otherUs=734 prims=253 usPerPrim=10
[FT] avgMs=16 worstMs=44 gameMs=12 drawMs=4 swapWait=0ms draws=21 decodes=0 decMs=0
[OTS] f=16680 calls=2 n0=2056 n1=295 prims=34440 bb=-35,1120,-25,797
[OTT] walkUs=2908 texUs=10 emitUs=1840 submitUs=93 otherUs=964 prims=253 usPerPrim=11
[FT] avgMs=16 worstMs=44 gameMs=12 drawMs=4 swapWait=0ms draws=21 decodes=0 decMs=0
[OTS] f=16800 calls=2 n0=2056 n1=295 prims=34440 bb=-35,1120,-25,797
[OTT] walkUs=2876 texUs=15 emitUs=1837 submitUs=81 otherUs=940 prims=253 usPerPrim=11
[SH-XBOX] vblank 25200
[MEM] tick: free=2776KB (694 pages)
[FT] avgMs=17 worstMs=46 gameMs=12 drawMs=4 swapWait=0ms draws=21 decodes=0 decMs=0
[OTS] f=16920 calls=2 n0=2056 n1=295 prims=34440 bb=-35,1120,-25,797
[OTT] walkUs=3064 texUs=11 emitUs=1840 submitUs=185 otherUs=1027 prims=253 usPerPrim=12
[MCRD] card_info chan=2 -> IOE (n=2048)
[FT] avgMs=17 worstMs=48 gameMs=12 drawMs=4 swapWait=0ms draws=21 decodes=0 decMs=0
[OTS] f=17040 calls=2 n0=2056 n1=295 prims=34440 bb=-35,1120,-25,797
[OTT] walkUs=2548 texUs=11 emitUs=1837 submitUs=84 otherUs=615 prims=253 usPerPrim=10
[FT] avgMs=16 worstMs=44 gameMs=12 drawMs=4 swapWait=0ms draws=21 decodes=0 decMs=0
[OTS] f=17160 calls=2 n0=2056 n1=295 prims=34440 bb=-35,1120,-25,797
[OTT] walkUs=2875 texUs=10 emitUs=1835 submitUs=84 otherUs=945 prims=253 usPerPrim=11
[FT] avgMs=16 worstMs=45 gameMs=12 drawMs=4 swapWait=0ms draws=21 decodes=0 decMs=0
[OTS] f=17280 calls=2 n0=2056 n1=295 prims=34440 bb=-35,1120,-25,797
[OTT] walkUs=2431 texUs=10 emitUs=1839 submitUs=217 otherUs=364 prims=253 usPerPrim=9
[FT] avgMs=16 worstMs=46 gameMs=12 drawMs=4 swapWait=0ms draws=21 decodes=0 decMs=0
[OTS] f=17400 calls=2 n0=2056 n1=295 prims=34440 bb=-35,1120,-25,797
[OTT] walkUs=2694 texUs=10 emitUs=1840 submitUs=80 otherUs=762 prims=253 usPerPrim=10
[SH-XBOX] vblank 25800
[MEM] tick: free=2776KB (694 pages)
[FT] avgMs=16 worstMs=45 gameMs=12 drawMs=4 swapWait=0ms draws=21 decodes=0 decMs=0
[OTS] f=17520 calls=2 n0=2056 n1=295 prims=34440 bb=-35,1120,-25,797
[OTT] walkUs=2926 texUs=10 emitUs=1839 submitUs=89 otherUs=986 prims=253 usPerPrim=11
[AUTO-EQUIP-CHECK] mapIdx=10 processFlags=0x20 inventorySlotCount=8 equippedWeapon=160
[MAP-LOAD] GameBoot_MapLoad mapIdx=10 (map2_s00) fileIdx=2005 linked=1 procFlags=0x20
[MAP-LOAD] MapRegistry_Load(10)=map2_s00 linked=1 header=005b2b94
[MEM] after map-load: free=2776KB (694 pages)
[BOOT-STEP] GameStartup step=2 qlen=1
[BOOT-STEP] GameStartup step=3 qlen=1
[BOOT-STEP] GameStartup step=4 qlen=0
[BOOT-STEP] GameStartup step=5 qlen=0
[BOOT-STEP] GameStartup step=6 qlen=4
[BOOT0/TIM] PostLoadTim file=1449 'REBIRD.TIM' ss=0x5b2c img.u=0 img.v=0 tPage=0,28 clutX=704 clutY=464
[BOOT0/TIM] post ReadTIM: prect=0xfacb44 caddr=0xfaca80 paddr=0xfacb4c mode=8
[BOOT0/TIM] pre pixel LoadImage rect=(768,256 32x128)
[BOOT0/TIM] pre CLUT LoadImage rect=(704,464 16x6)
[BOOT0/TIM] PostLoadTim done
[BOOT0/TIM] PostLoadTim file=1415 'DOG.TIM' ss=0x5a47 img.u=0 img.v=128 tPage=0,28 clutX=720 clutY=464
[BOOT0/TIM] post ReadTIM: prect=0xfacb24 caddr=0xfaca80 paddr=0xfacb2c mode=8
[BOOT0/TIM] pre pixel LoadImage rect=(768,384 32x128)
[BOOT0/TIM] pre CLUT LoadImage rect=(720,464 16x5)
[BOOT0/TIM] PostLoadTim done
[BOOT-STEP] GameStartup step=7 qlen=0
[TRANSITION] GameStartup step=7: processFlags=0x20 playerPos=(-915223,0,-577439) func_80039F90=0x0
[IPD-INIT] Ipd_MapFileInfoSet: mapTag='THR' activeIpdCount=4 isExterior=1 plmIdx=1370 ipdFileIdx=0 textureFileIdx=0 curSize=0 willRebuildGrid=1
[MEM] after chunk-buffers: free=2776KB (694 pages)
[TRANSITION] GameStartup step=7 post-init: playerPos=(-915223,0,-577439) mapTag='THR'
[BOOT-STEP] GameStartup step=8 qlen=5
[BOOT0/TIM] PostLoadTim file=1073 'THR0001F.TIM' ss=0x45d8 img.u=0 img.v=0 tPage=0,8 clutX=0 clutY=0
[BOOT0/TIM] post ReadTIM: prect=0xfb6b44 caddr=0xfb6a80 paddr=0xfb6b4c mode=8
[BOOT0/TIM] pre pixel LoadImage rect=(512,0 64x256)
[BOOT0/TIM] pre CLUT LoadImage rect=(0,0 16x6)
[BOOT0/TIM] PostLoadTim done
[POOLSTOMP] upload (512,0 64x256) hits PINNED pool slot 0 'THR0001F' (512,0)
[BOOT0/TIM] PostLoadTim file=1077 'THR0003F.TIM' ss=0x4625 img.u=0 img.v=0 tPage=0,9 clutX=16 clutY=0
[BOOT0/TIM] post ReadTIM: prect=0xfb6c44 caddr=0xfb6a80 paddr=0xfb6c4c mode=8
[BOOT0/TIM] pre pixel LoadImage rect=(576,0 64x256)
[BOOT0/TIM] pre CLUT LoadImage rect=(16,0 16x14)
[BOOT0/TIM] PostLoadTim done
[POOLSTOMP] upload (576,0 64x256) hits PINNED pool slot 1 'THR0003F' (576,0)
[BOOT0/TIM] PostLoadTim file=1075 'THR0002F.TIM' ss=0x45fe img.u=0 img.v=0 tPage=0,10 clutX=32 clutY=0
[BOOT0/TIM] post ReadTIM: prect=0xfb6bc4 caddr=0xfb6a80 paddr=0xfb6bcc mode=8
[BOOT0/TIM] pre pixel LoadImage rect=(640,0 64x256)
[BOOT0/TIM] pre CLUT LoadImage rect=(32,0 16x10)
[BOOT0/TIM] PostLoadTim done
[POOLSTOMP] upload (640,0 64x256) hits PINNED pool slot 2 'THR0002F' (640,0)
[BOOT0/TIM] PostLoadTim file=1079 'THR0004F.TIM' ss=0x4644 img.u=0 img.v=0 tPage=0,21 clutX=48 clutY=0
[BOOT0/TIM] post ReadTIM: prect=0xfb6c84 caddr=0xfb6a80 paddr=0xfb6c8c mode=8
[BOOT0/TIM] pre pixel LoadImage rect=(320,256 64x256)
[BOOT0/TIM] pre CLUT LoadImage rect=(48,0 16x16)
[BOOT0/TIM] PostLoadTim done
[POOLSTOMP] upload (320,256 64x256) hits PINNED pool slot 3 'THR0004F' (320,256)
[BOOT0/TIM] PostLoadTim file=1217 'THR7501F.TIM' ss=0x4ede img.u=0 img.v=0 tPage=0,22 clutX=64 clutY=0
[BOOT0/TIM] post ReadTIM: prect=0xfb6c24 caddr=0xfb6a80 paddr=0xfb6c2c mode=8
[BOOT0/TIM] pre pixel LoadImage rect=(384,256 64x256)
[BOOT0/TIM] pre CLUT LoadImage rect=(64,0 16x13)
[BOOT0/TIM] PostLoadTim done
[POOLSTOMP] upload (384,256 64x256) hits PINNED pool slot 4 'THR7501F' (384,256)
[TEXVRAM] 'THR7501F' tPage=[0,22] clutXY=(64,0) uv=(0,0)
[BOOT-STEP] GameStartup step=9 qlen=0
[SH-XBOX] GameState -> 10 (step 10)
[BOOT-STEP] GameStartup step=10 qlen=0
[DEMO] start: demoId=2 playFile=1612 interval=4
[SH_AMB] Sd_AmbientSfxSet idx=4 -> loadCmd=204
[SH_AMB] Sd_VabLoad ambient cmd=204 type=2 dedup=0
[BOOT-STEP] GameStartup step=11 qlen=0
[CHARA-TEX] charaId=2 matCount=1 modelCount=16
[CHARA-TEX] mat[0] name='REBIRD' field_C=1 E=0x5c F=0x5c clut=0x742c UV=0x0000 tex=0
[CHARA-TEX] prim0: f0=0x2971(UV0) f2=0x74ac(clut) f4=0x1d6a(UV1) f6=0x005c(tpage) f8=0x2077(UV2) fA=0x0000(UV3)
[CHARA-TEX] texDesc: tPage=[0,28] u=0 v=0 clutXY=(704,464)
[CHARA-TEX] charaId=4 matCount=1 modelCount=22
[CHARA-TEX] mat[0] name='DOG' field_C=1 E=0x5c F=0x5c clut=0x742d UV=0x8000 tex=0
[CHARA-TEX] prim0: f0=0xce2b(UV0) f2=0x742d(clut) f4=0xc02e(UV1) f6=0x005c(tpage) f8=0xcd2f(UV2) fA=0x8000(UV3)
[CHARA-TEX] texDesc: tPage=[0,28] u=0 v=128 clutXY=(720,464)
[SPAWN-FIRE?] slot=9 allPass! npcFlags=0x8 flagsId=4 full=0 vblanks=1 ABOUT TO TRY SPAWN
[SPAWN-FIRE!] slot=9 gates passed â†’ entering spawn block, npcIdx will be assigned
[SPAWN] slot=9 -> npc[0] charaId=2 stateStep=1 pos=(-217,-148)
[WEP_DBG] handgun pre-copy D_800AFBF4[6]: sfx0=1283 sfx2=1284 sfx4=1285 aim6=66 att7=72 hold8=61 f9=37 fA=37 fB=0 sizeof=12
[WEP_DBG] handgun post-copy g_Player_EquippedWeaponInfo: sfx0=1283 sfx2=1284 sfx4=1285 aim6=66 att7=72 hold8=61 f9=37 fA=37 fB=0 sizeof=12
[RELOAD_KF] weap=32 blendStart=-1 blendEnd=605 activeEnd=658
[WEP_LOAD] weaponAttack=32 FS_BUFFER_12=0xeea620 — queuing weapon ANM
[FT] avgMs=24 worstMs=444 gameMs=11 drawMs=12 swapWait=0ms draws=16 decodes=16 decMs=26
[WEP_LOAD] post-load FS_BUFFER_12 first 16 bytes: 00 fa 00 7f ff fd 01 7f fe 03 02 7f 7f 01 01 ff
[WEP_LOAD] HARRY_BASE_ANIM_INFOS[56] status=56 hasVar=0 link=57 sk=-1 ek=570
[WEP_LOAD] HARRY_BASE_ANIM_INFOS[57] status=57 hasVar=0 link=57 sk=570 ek=579
[WEP_LOAD] g_Player_EquippedWeaponInfo: attackSfx=1283 animStop=66 animAttack=72 animHold=61 sizeof=12
[BOOT0/TIM] PostLoadTim file=1505 'TIM00.TIM' ss=0x5dcb img.u=0 img.v=0 tPage=0,15 clutX=176 clutY=0
[BOOT0/TIM] post ReadTIM: prect=0xfacc84 caddr=0xfaca80 paddr=0xfacc8c mode=8
[BOOT0/TIM] pre pixel LoadImage rect=(960,0 64x256)
[BOOT0/TIM] pre CLUT LoadImage rect=(176,0 16x16)
[BOOT0/TIM] PostLoadTim done
[BOOT-STEP] GameStartup step=12 qlen=2
[SH-XBOX] GameState -> 11 (step 0)
[SFX] Sd_PlaySfx: sfxId=1321 (Sfx_Base+41) vol=0
[BGM] ChannelSet bgmIdx=6 cmd=773
[BOOT0/TIM] PostLoadTim file=1514 'TIM07.TIM' ss=0x5e64 img.u=32 img.v=0 tPage=0,13 clutX=240 clutY=0
[BOOT0/TIM] post ReadTIM: prect=0xfacb84 caddr=0xfaca80 paddr=0xfacb8c mode=8
[BOOT0/TIM] pre pixel LoadImage rect=(864,0 32x256)
[BOOT0/TIM] pre CLUT LoadImage rect=(240,0 16x8)
[BOOT0/TIM] PostLoadTim done
[BOOT0/TIM] PostLoadTim file=1509 'TIM02.TIM' ss=0x5e0f img.u=0 img.v=0 tPage=0,14 clutX=160 clutY=0
[BOOT0/TIM] post ReadTIM: prect=0xfacc84 caddr=0xfaca80 paddr=0xfacc8c mode=8
[BOOT0/TIM] pre pixel LoadImage rect=(896,0 64x256)
[BOOT0/TIM] pre CLUT LoadImage rect=(160,0 16x16)
[BOOT0/TIM] PostLoadTim done
[BOOT0/TIM] PostLoadTim file=1255 'THRA701F.TIM' ss=0x5124 img.u=0 img.v=0 tPage=0,23 clutX=80 clutY=0
[BOOT0/TIM] post ReadTIM: prect=0xfb6c84 caddr=0xfb6a80 paddr=0xfb6c8c mode=8
[BOOT0/TIM] pre pixel LoadImage rect=(448,256 64x256)
[BOOT0/TIM] pre CLUT LoadImage rect=(80,0 16x16)
[BOOT0/TIM] PostLoadTim done
[POOLSTOMP] upload (448,256 64x256) hits PINNED pool slot 5 'THRA701F' (448,256)
[TEXVRAM] 'THRA701F' tPage=[0,23] clutXY=(80,0) uv=(0,0)
[BOOT0/TIM] PostLoadTim file=1253 'THRA601F.TIM' ss=0x510a img.u=0 img.v=0 tPage=0,24 clutX=96 clutY=0
[BOOT0/TIM] post ReadTIM: prect=0xfb6bc4 caddr=0xfb6a80 paddr=0xfb6bcc mode=8
[BOOT0/TIM] pre pixel LoadImage rect=(512,256 64x256)
[BOOT0/TIM] pre CLUT LoadImage rect=(96,0 16x10)
[BOOT0/TIM] PostLoadTim done
[POOLSTOMP] upload (512,256 64x256) hits PINNED pool slot 6 'THRA601F' (512,256)
[TEXVRAM] 'THRA601F' tPage=[0,24] clutXY=(96,0) uv=(0,0)
[BOOT0/TIM] PostLoadTim file=1254 'THRA601H.TIM' ss=0x511b img.u=0 img.v=0 tPage=0,26 clutX=128 clutY=0
[BOOT0/TIM] post ReadTIM: prect=0xfb6b84 caddr=0xfb6a80 paddr=0xfb6b8c mode=8
[BOOT0/TIM] pre pixel LoadImage rect=(640,256 32x256)
[BOOT0/TIM] pre CLUT LoadImage rect=(128,0 16x8)
[BOOT0/TIM] PostLoadTim done
[POOLSTOMP] upload (640,256 32x256) hits PINNED pool slot 8 'THRA601H' (640,256)
[TEXVRAM] 'THRA601H' tPage=[0,26] clutXY=(128,0) uv=(0,0)
[FT] avgMs=70 worstMs=154 gameMs=48 drawMs=22 swapWait=0ms draws=362 decodes=45 decMs=31
[OTS] f=17760 calls=2 n0=2657 n1=16 prims=110251 bb=-3635,4882,-3278,3648
[OTT] walkUs=6896 texUs=101 emitUs=3797 submitUs=860 otherUs=2137 prims=596 usPerPrim=11
[SH-XBOX] vblank 26400
[MEM] tick: free=2776KB (694 pages)
[SFX] Sd_PlaySfx: sfxId=1378 (Sfx_Base+98) vol=158
[SFX] Sd_PlaySfx: sfxId=1381 (Sfx_Base+101) vol=156
[SFX] Sd_PlaySfx: sfxId=1381 (Sfx_Base+101) vol=163
[SFX] Sd_PlaySfx: sfxId=1381 (Sfx_Base+101) vol=180
[SFX] Sd_PlaySfx: sfxId=1381 (Sfx_Base+101) vol=175
[SFX] Sd_PlaySfx: sfxId=1381 (Sfx_Base+101) vol=176
[SFX] Sd_PlaySfx: sfxId=1381 (Sfx_Base+101) vol=186
[SFX] Sd_PlaySfx: sfxId=1381 (Sfx_Base+101) vol=191
[SFX] Sd_PlaySfx: sfxId=1283 (Sfx_Base+3) vol=0
[SFX] Sd_PlaySfx: sfxId=1286 (Sfx_Base+6) vol=141
[SFX] Sd_PlaySfx: sfxId=1377 (Sfx_Base+97) vol=141
[SFX] Sd_PlaySfx: sfxId=1377 (Sfx_Base+97) vol=126
[ATTACK-DONE] st=61 lookupSt=61 kf=604 -> pcAttackDone
[SFX] Sd_PlaySfx: sfxId=1283 (Sfx_Base+3) vol=0
[SFX] Sd_PlaySfx: sfxId=1286 (Sfx_Base+6) vol=104
[SFX] Sd_PlaySfx: sfxId=1382 (Sfx_Base+102) vol=148
[ATTACK-DONE] st=61 lookupSt=61 kf=604 -> pcAttackDone
[FT] avgMs=72 worstMs=132 gameMs=52 drawMs=19 swapWait=0ms draws=340 decodes=32 decMs=19
[OTS] f=17880 calls=2 n0=2870 n1=16 prims=78889 bb=-3665,4909,-3317,3648
[OTT] walkUs=9477 texUs=143 emitUs=5349 submitUs=1147 otherUs=2836 prims=816 usPerPrim=11
[SFX] Sd_PlaySfx: sfxId=1283 (Sfx_Base+3) vol=0
[SFX] Sd_PlaySfx: sfxId=1286 (Sfx_Base+6) vol=54
[SFX] Sd_PlaySfx: sfxId=1377 (Sfx_Base+97) vol=50
[SFX] Sd_PlaySfx: sfxId=1382 (Sfx_Base+102) vol=121
[SFX] Sd_PlaySfx: sfxId=1377 (Sfx_Base+97) vol=35
[ATTACK-DONE] st=61 lookupSt=61 kf=604 -> pcAttackDone
[SFX] Sd_PlaySfx: sfxId=1382 (Sfx_Base+102) vol=81
[SFX] Sd_PlaySfx: sfxId=1382 (Sfx_Base+102) vol=78
[SFX] Sd_PlaySfx: sfxId=1283 (Sfx_Base+3) vol=0
[SFX] Sd_PlaySfx: sfxId=1382 (Sfx_Base+102) vol=108
[ATTACK-DONE] st=73 lookupSt=73 kf=604 -> pcAttackDone
[SFX] Sd_PlaySfx: sfxId=1382 (Sfx_Base+102) vol=149
[SFX] Sd_PlaySfx: sfxId=1382 (Sfx_Base+102) vol=171
[SFX] Sd_PlaySfx: sfxId=1382 (Sfx_Base+102) vol=195
[SFX] Sd_PlaySfx: sfxId=1382 (Sfx_Base+102) vol=214
[SFX] Sd_PlaySfx: sfxId=1382 (Sfx_Base+102) vol=227
[SH-XBOX] vblank 27000
[MEM] tick: free=2776KB (694 pages)
[SFX] Sd_PlaySfx: sfxId=1382 (Sfx_Base+102) vol=235
[SFX] Sd_PlaySfx: sfxId=1382 (Sfx_Base+102) vol=241
[SFX] Sd_PlaySfx: sfxId=1382 (Sfx_Base+102) vol=245
[COLL-MISS] cell(-7,-5) pos(-241,-164) activeCount=4
[COLL-MISS]   slot cell(-6,-4) qIdx=86 loadState=2 isLoaded=1
[COLL-MISS]   slot cell(-6,-5) qIdx=96 loadState=2 isLoaded=1
[COLL-MISS]   slot cell(-7,-4) qIdx=98 loadState=2 isLoaded=1
[COLL-MISS]   slot cell(0,0) qIdx=-1 loadState=0 isLoaded=1
[SFX] Sd_PlaySfx: sfxId=1382 (Sfx_Base+102) vol=248
[SFX] Sd_PlaySfx: sfxId=1283 (Sfx_Base+3) vol=0
[SFX] Sd_PlaySfx: sfxId=1382 (Sfx_Base+102) vol=250
[ATTACK-DONE] st=73 lookupSt=73 kf=604 -> pcAttackDone
[SFX] Sd_PlaySfx: sfxId=1382 (Sfx_Base+102) vol=252
[SFX] Sd_PlaySfx: sfxId=1382 (Sfx_Base+102) vol=252
[SFX] Sd_PlaySfx: sfxId=1381 (Sfx_Base+101) vol=252
[SFX] Sd_PlaySfx: sfxId=1382 (Sfx_Base+102) vol=250
[FT] avgMs=83 worstMs=133 gameMs=61 drawMs=21 swapWait=0ms draws=422 decodes=53 decMs=27
[OTS] f=18000 calls=2 n0=2869 n1=16 prims=91126 bb=-2480,4909,-2931,3648
[OTT] walkUs=11013 texUs=1809 emitUs=5662 submitUs=1117 otherUs=2423 prims=814 usPerPrim=13
[BOOT0/TIM] PostLoadTim file=1252 'THRA501F.TIM' ss=0x50f9 img.u=0 img.v=0 tPage=0,25 clutX=112 clutY=0
[BOOT0/TIM] post ReadTIM: prect=0xfb6b84 caddr=0xfb6a80 paddr=0xfb6b8c mode=8
[BOOT0/TIM] pre pixel LoadImage rect=(576,256 64x256)
[BOOT0/TIM] pre CLUT LoadImage rect=(112,0 16x8)
[BOOT0/TIM] PostLoadTim done
[POOLSTOMP] upload (576,256 64x256) hits PINNED pool slot 7 'THRA501F' (576,256)
[TEXVRAM] 'THRA501F' tPage=[0,25] clutXY=(112,0) uv=(0,0)
[SFX] Sd_PlaySfx: sfxId=1381 (Sfx_Base+101) vol=249
[SFX] Sd_PlaySfx: sfxId=1382 (Sfx_Base+102) vol=248
[SFX] Sd_PlaySfx: sfxId=1382 (Sfx_Base+102) vol=247
[SFX] Sd_PlaySfx: sfxId=1382 (Sfx_Base+102) vol=247
[SFX] Sd_PlaySfx: sfxId=1382 (Sfx_Base+102) vol=248
[SFX] Sd_PlaySfx: sfxId=1382 (Sfx_Base+102) vol=249
[SFX] Sd_PlaySfx: sfxId=1382 (Sfx_Base+102) vol=250
[SFX] Sd_PlaySfx: sfxId=1382 (Sfx_Base+102) vol=251
[SFX] Sd_PlaySfx: sfxId=1382 (Sfx_Base+102) vol=252
[SFX] Sd_PlaySfx: sfxId=1382 (Sfx_Base+102) vol=252
[SFX] Sd_PlaySfx: sfxId=1382 (Sfx_Base+102) vol=253
[WALLANIM] pathB kf=34 travel=550 intended=1014 runStepSfx=15 spdProp=20480 pos=(-938377,-709847)
[SFX] Sd_PlaySfx: sfxId=1382 (Sfx_Base+102) vol=253
[SFX] Sd_PlaySfx: sfxId=1382 (Sfx_Base+102) vol=254
[SFX] Sd_PlaySfx: sfxId=1382 (Sfx_Base+102) vol=254
[SFX] Sd_PlaySfx: sfxId=1382 (Sfx_Base+102) vol=254
[SFX] Sd_PlaySfx: sfxId=1382 (Sfx_Base+102) vol=255
[FT] avgMs=59 worstMs=117 gameMs=42 drawMs=17 swapWait=0ms draws=275 decodes=8 decMs=6
[OTS] f=18120 calls=2 n0=2617 n1=16 prims=73850 bb=-2894,4942,-2976,3648
[OTT] walkUs=7973 texUs=1761 emitUs=3461 submitUs=725 otherUs=2025 prims=566 usPerPrim=14
[SFX] Sd_PlaySfx: sfxId=1382 (Sfx_Base+102) vol=255
[SFX] Sd_PlaySfx: sfxId=1382 (Sfx_Base+102) vol=255
[SFX] Sd_PlaySfx: sfxId=1382 (Sfx_Base+102) vol=255
[SFX] Sd_PlaySfx: sfxId=1382 (Sfx_Base+102) vol=255
[BOOT0/TIM] PostLoadTim file=1248 'THRA301F.TIM' ss=0x50c5 img.u=0 img.v=0 tPage=0,22 clutX=64 clutY=0
[BOOT0/TIM] post ReadTIM: prect=0xfb6b84 caddr=0xfb6a80 paddr=0xfb6b8c mode=8
[BOOT0/TIM] pre pixel LoadImage rect=(384,256 64x256)
[BOOT0/TIM] pre CLUT LoadImage rect=(64,0 16x8)
[BOOT0/TIM] PostLoadTim done
[POOLSTOMP] upload (384,256 64x256) hits PINNED pool slot 4 'THRA301F' (384,256)
[TEXVRAM] 'THRA301F' tPage=[0,22] clutXY=(64,0) uv=(0,0)
[BOOT0/TIM] PostLoadTim file=1249 'THRA301H.TIM' ss=0x50d6 img.u=32 img.v=0 tPage=0,26 clutX=144 clutY=0
[BOOT0/TIM] post ReadTIM: prect=0xfb6b84 caddr=0xfb6a80 paddr=0xfb6b8c mode=8
[BOOT0/TIM] pre pixel LoadImage rect=(672,256 32x256)
[BOOT0/TIM] pre CLUT LoadImage rect=(144,0 16x8)
[BOOT0/TIM] PostLoadTim done
[POOLSTOMP] upload (672,256 32x256) hits PINNED pool slot 9 'THRA301H' (672,256)
[TEXVRAM] 'THRA301H' tPage=[0,26] clutXY=(144,0) uv=(32,0)
[SFX] Sd_PlaySfx: sfxId=1381 (Sfx_Base+101) vol=255
[SFX] Sd_PlaySfx: sfxId=1382 (Sfx_Base+102) vol=255
[SFX] Sd_PlaySfx: sfxId=1381 (Sfx_Base+101) vol=254
[CHNK] n=4 s0=-6,-4,st2 s1=-6,-5,st3 s2=-6,-6,st3 s3=-7,-5,st3
[SFX] Sd_PlaySfx: sfxId=1321 (Sfx_Base+41) vol=0
[SFX] Sd_PlaySfx: sfxId=1382 (Sfx_Base+102) vol=254
[COLL-MISS] cell(-7,-6) pos(-266,-201) activeCount=4
[COLL-MISS]   slot cell(-6,-4) qIdx=86 loadState=2 isLoaded=1
[COLL-MISS]   slot cell(-6,-5) qIdx=96 loadState=2 isLoaded=1
[COLL-MISS]   slot cell(-6,-6) qIdx=103 loadState=2 isLoaded=1
[COLL-MISS]   slot cell(-7,-5) qIdx=101 loadState=2 isLoaded=1
[FT] avgMs=54 worstMs=114 gameMs=34 drawMs=19 swapWait=0ms draws=354 decodes=27 decMs=18
[OTS] f=18240 calls=2 n0=2770 n1=16 prims=91835 bb=-3584,3580,-2931,3648
[OTT] walkUs=8424 texUs=682 emitUs=4787 submitUs=607 otherUs=2347 prims=715 usPerPrim=11
[SFX] Sd_PlaySfx: sfxId=1381 (Sfx_Base+101) vol=254
[BOOT0/TIM] PostLoadTim file=1250 'THRA401F.TIM' ss=0x50df img.u=0 img.v=0 tPage=0,24 clutX=96 clutY=0
[BOOT0/TIM] post ReadTIM: prect=0xfb6b44 caddr=0xfb6a80 paddr=0xfb6b4c mode=8
[BOOT0/TIM] pre pixel LoadImage rect=(512,256 64x256)
[BOOT0/TIM] pre CLUT LoadImage rect=(96,0 16x6)
[BOOT0/TIM] PostLoadTim done
[POOLSTOMP] upload (512,256 64x256) hits PINNED pool slot 6 'THRA401F' (512,256)
[TEXVRAM] 'THRA401F' tPage=[0,24] clutXY=(96,0) uv=(0,0)
[BOOT0/TIM] PostLoadTim file=1251 'THRA401H.TIM' ss=0x50f0 img.u=0 img.v=0 tPage=0,26 clutX=128 clutY=0
[BOOT0/TIM] post ReadTIM: prect=0xfb6b44 caddr=0xfb6a80 paddr=0xfb6b4c mode=8
[BOOT0/TIM] pre pixel LoadImage rect=(640,256 32x256)
[BOOT0/TIM] pre CLUT LoadImage rect=(128,0 16x6)
[BOOT0/TIM] PostLoadTim done
[POOLSTOMP] upload (640,256 32x256) hits PINNED pool slot 8 'THRA401H' (640,256)
[TEXVRAM] 'THRA401H' tPage=[0,26] clutXY=(128,0) uv=(0,0)
[SFX] Sd_PlaySfx: sfxId=1382 (Sfx_Base+102) vol=254
[SFX] Sd_PlaySfx: sfxId=1381 (Sfx_Base+101) vol=254
[SFX] Sd_PlaySfx: sfxId=1382 (Sfx_Base+102) vol=255
[SFX] Sd_PlaySfx: sfxId=1382 (Sfx_Base+102) vol=255
[SFX] Sd_PlaySfx: sfxId=1382 (Sfx_Base+102) vol=255
[SFX] Sd_PlaySfx: sfxId=1382 (Sfx_Base+102) vol=255
[SFX] Sd_PlaySfx: sfxId=1382 (Sfx_Base+102) vol=255
[SFX] Sd_PlaySfx: sfxId=1382 (Sfx_Base+102) vol=255
[SFX] Sd_PlaySfx: sfxId=1382 (Sfx_Base+102) vol=255
[SFX] Sd_PlaySfx: sfxId=1320 (Sfx_Base+40) vol=191
[FT] avgMs=68 worstMs=111 gameMs=49 drawMs=18 swapWait=0ms draws=276 decodes=39 decMs=24
[OTS] f=18360 calls=2 n0=2902 n1=16 prims=82814 bb=-3632,3532,-2931,3648
[OTT] walkUs=9245 texUs=134 emitUs=5673 submitUs=942 otherUs=2493 prims=851 usPerPrim=10
[SFX] Sd_PlaySfx: sfxId=1320 (Sfx_Base+40) vol=191
[FT] avgMs=59 worstMs=84 gameMs=41 drawMs=17 swapWait=0ms draws=336 decodes=31 decMs=16
[OTS] f=18480 calls=2 n0=2785 n1=16 prims=86449 bb=-3758,4852,-2944,3648
[OTT] walkUs=7774 texUs=114 emitUs=4608 submitUs=830 otherUs=2222 prims=718 usPerPrim=10
[SH-XBOX] vblank 28800
[MEM] tick: free=2776KB (694 pages)
[FT] avgMs=49 worstMs=83 gameMs=33 drawMs=15 swapWait=0ms draws=310 decodes=20 decMs=10
[OTS] f=18600 calls=2 n0=2844 n1=16 prims=80967 bb=-3596,4897,-2896,3648
[OTT] walkUs=9053 texUs=123 emitUs=5208 submitUs=922 otherUs=2798 prims=788 usPerPrim=11
[FT] avgMs=72 worstMs=87 gameMs=54 drawMs=18 swapWait=0ms draws=357 decodes=13 decMs=5
[OTS] f=18720 calls=2 n0=2674 n1=16 prims=94105 bb=-3596,4837,-2931,3657
[OTT] walkUs=6362 texUs=94 emitUs=4167 submitUs=567 otherUs=1531 prims=623 usPerPrim=10
[CHNK] n=4 s0=-7,-6,st3 s1=-6,-5,st3 s2=-6,-6,st3 s3=-7,-5,st3
[SFX] Sd_PlaySfx: sfxId=1283 (Sfx_Base+3) vol=0
[ATTACK-DONE] st=73 lookupSt=73 kf=604 -> pcAttackDone
[FT] avgMs=72 worstMs=117 gameMs=55 drawMs=16 swapWait=0ms draws=263 decodes=6 decMs=2
[OTS] f=18840 calls=2 n0=2757 n1=16 prims=79514 bb=-2093,3043,-2931,3661
[OTT] walkUs=7177 texUs=108 emitUs=4585 submitUs=702 otherUs=1780 prims=705 usPerPrim=10
[SFX] Sd_PlaySfx: sfxId=1283 (Sfx_Base+3) vol=0
[ATTACK-DONE] st=73 lookupSt=73 kf=604 -> pcAttackDone
[FT] avgMs=69 worstMs=118 gameMs=54 drawMs=14 swapWait=0ms draws=209 decodes=2 decMs=2
[OTS] f=18960 calls=2 n0=2682 n1=16 prims=69233 bb=-3323,3382,-2931,3661
[OTT] walkUs=6285 texUs=88 emitUs=4261 submitUs=435 otherUs=1499 prims=630 usPerPrim=9
[BOOT0/TIM] PostLoadTim file=1253 'THRA601F.TIM' ss=0x510a img.u=0 img.v=0 tPage=0,22 clutX=64 clutY=0
[BOOT0/TIM] post ReadTIM: prect=0xfb6bc4 caddr=0xfb6a80 paddr=0xfb6bcc mode=8
[BOOT0/TIM] pre pixel LoadImage rect=(384,256 64x256)
[BOOT0/TIM] pre CLUT LoadImage rect=(64,0 16x10)
[BOOT0/TIM] PostLoadTim done
[POOLSTOMP] upload (384,256 64x256) hits PINNED pool slot 4 'THRA601F' (384,256)
[BOOT0/TIM] PostLoadTim file=1254 'THRA601H.TIM' ss=0x511b img.u=32 img.v=0 tPage=0,26 clutX=144 clutY=0
[BOOT0/TIM] post ReadTIM: prect=0xfb6b84 caddr=0xfb6a80 paddr=0xfb6b8c mode=8
[BOOT0/TIM] pre pixel LoadImage rect=(672,256 32x256)
[BOOT0/TIM] pre CLUT LoadImage rect=(144,0 16x8)
[BOOT0/TIM] PostLoadTim done
[POOLSTOMP] upload (672,256 32x256) hits PINNED pool slot 9 'THRA601H' (672,256)
[BOOT0/TIM] PostLoadTim file=1217 'THR7501F.TIM' ss=0x4ede img.u=0 img.v=0 tPage=0,24 clutX=96 clutY=0
[BOOT0/TIM] post ReadTIM: prect=0xfb6c24 caddr=0xfb6a80 paddr=0xfb6c2c mode=8
[BOOT0/TIM] pre pixel LoadImage rect=(512,256 64x256)
[BOOT0/TIM] pre CLUT LoadImage rect=(96,0 16x13)
[BOOT0/TIM] PostLoadTim done
[POOLSTOMP] upload (512,256 64x256) hits PINNED pool slot 6 'THR7501F' (512,256)
[SFX] Sd_PlaySfx: sfxId=1320 (Sfx_Base+40) vol=191
[FT] avgMs=69 worstMs=141 gameMs=52 drawMs=16 swapWait=0ms draws=259 decodes=5 decMs=3
[OTS] f=19080 calls=2 n0=2685 n1=16 prims=73838 bb=-1994,3430,-2931,3648
[OTT] walkUs=7058 texUs=98 emitUs=4188 submitUs=687 otherUs=2083 prims=634 usPerPrim=11
[BOOT0/TIM] PostLoadTim file=1237 'THR9401F.TIM' ss=0x501a img.u=0 img.v=0 tPage=0,23 clutX=80 clutY=0
[BOOT0/TIM] post ReadTIM: prect=0xfb6b24 caddr=0xfb6a80 paddr=0xfb6b2c mode=8
[BOOT0/TIM] pre pixel LoadImage rect=(448,256 64x256)
[BOOT0/TIM] pre CLUT LoadImage rect=(80,0 16x5)
[BOOT0/TIM] PostLoadTim done
[POOLSTOMP] upload (448,256 64x256) hits PINNED pool slot 5 'THR9401F' (448,256)
[TEXVRAM] 'THR9401F' tPage=[0,23] clutXY=(80,0) uv=(0,0)
[BOOT0/TIM] PostLoadTim file=1238 'THR9401H.TIM' ss=0x502b img.u=0 img.v=0 tPage=0,26 clutX=128 clutY=0
[BOOT0/TIM] post ReadTIM: prect=0xfb6b44 caddr=0xfb6a80 paddr=0xfb6b4c mode=8
[BOOT0/TIM] pre pixel LoadImage rect=(640,256 32x256)
[BOOT0/TIM] pre CLUT LoadImage rect=(128,0 16x6)
[BOOT0/TIM] PostLoadTim done
[POOLSTOMP] upload (640,256 32x256) hits PINNED pool slot 8 'THR9401H' (640,256)
[TEXVRAM] 'THR9401H' tPage=[0,26] clutXY=(128,0) uv=(0,0)
[FT] avgMs=74 worstMs=124 gameMs=55 drawMs=19 swapWait=0ms draws=440 decodes=4 decMs=3
[XA] SetVolume L=0 R=0
[SH_AMB] Sd_AmbientSfxSet idx=1 -> loadCmd=162
[SH-XBOX] vblank 31200
[MEM] tick: free=2776KB (694 pages)
[BOOT0/TIM] PostLoadTim file=1980 'TITLE_E.TIM' ss=0x90b7 img.u=32 img.v=0 tPage=1,13 clutX=224 clutY=15
[BOOT0/TIM] post ReadTIM: prect=0xf7cc84 caddr=0xf7ca80 paddr=0xf7cc8c mode=9
[BOOT0/TIM] pre pixel LoadImage rect=(864,0 160x480)
[BOOT0/TIM] pre CLUT LoadImage rect=(224,15 256x1)
[BOOT0/TIM] PostLoadTim done
[SH-XBOX] GameState -> 7 (step 0)
[BOOT-STEP] GameStartup step=0 qlen=0
[TRANSITION] GameStartup step=0: processFlags=0x20 (BootDemo) sizeof(s_WorldGfxWork)=11708
[BOOT-STEP] GameStartup step=1 qlen=0
[FT] avgMs=17 worstMs=77 gameMs=12 drawMs=4 swapWait=0ms draws=15 decodes=6 decMs=4
[OTS] f=19320 calls=2 n0=2056 n1=295 prims=128275 bb=-3473,4789,-2645,3648
[OTT] walkUs=3086 texUs=10 emitUs=1839 submitUs=143 otherUs=1092 prims=253 usPerPrim=12
[MCRD] card_info chan=1 -> IOE (n=2304)
[FT] avgMs=17 worstMs=47 gameMs=12 drawMs=4 swapWait=0ms draws=21 decodes=0 decMs=0
[OTS] f=19440 calls=2 n0=2056 n1=295 prims=34440 bb=-35,1120,-25,797
[OTT] walkUs=2787 texUs=11 emitUs=1841 submitUs=82 otherUs=852 prims=253 usPerPrim=11
[FT] avgMs=16 worstMs=48 gameMs=12 drawMs=4 swapWait=0ms draws=21 decodes=0 decMs=0
[OTS] f=19560 calls=2 n0=2056 n1=295 prims=34440 bb=-35,1120,-25,797
[OTT] walkUs=2881 texUs=10 emitUs=1838 submitUs=344 otherUs=688 prims=253 usPerPrim=11
[FT] avgMs=16 worstMs=44 gameMs=12 drawMs=4 swapWait=0ms draws=21 decodes=0 decMs=0
[OTS] f=19680 calls=2 n0=2056 n1=295 prims=34440 bb=-35,1120,-25,797
[OTT] walkUs=2613 texUs=11 emitUs=1840 submitUs=165 otherUs=596 prims=253 usPerPrim=10
[FT] avgMs=16 worstMs=45 gameMs=12 drawMs=4 swapWait=0ms draws=21 decodes=0 decMs=0
[OTS] f=19800 calls=2 n0=2056 n1=295 prims=34440 bb=-35,1120,-25,797
[OTT] walkUs=3167 texUs=9 emitUs=1849 submitUs=144 otherUs=1164 prims=253 usPerPrim=12
[SH-XBOX] vblank 31800
[MEM] tick: free=2776KB (694 pages)
[FT] avgMs=17 worstMs=46 gameMs=12 drawMs=4 swapWait=0ms draws=21 decodes=0 decMs=0
[OTS] f=19920 calls=2 n0=2056 n1=295 prims=34440 bb=-35,1120,-25,797
[OTT] walkUs=3163 texUs=9 emitUs=1844 submitUs=79 otherUs=1230 prims=253 usPerPrim=12
[FT] avgMs=16 worstMs=49 gameMs=12 drawMs=4 swapWait=0ms draws=21 decodes=0 decMs=0
[OTS] f=20040 calls=2 n0=2056 n1=295 prims=34440 bb=-35,1120,-25,797
[OTT] walkUs=2748 texUs=9 emitUs=1840 submitUs=131 otherUs=766 prims=253 usPerPrim=10
[MCRD] card_info chan=1 -> IOE (n=2560)
[FT] avgMs=16 worstMs=44 gameMs=12 drawMs=4 swapWait=0ms draws=21 decodes=0 decMs=0
[OTS] f=20160 calls=2 n0=2056 n1=295 prims=34440 bb=-35,1120,-25,797
[OTT] walkUs=3201 texUs=9 emitUs=1840 submitUs=86 otherUs=1265 prims=253 usPerPrim=12
[FT] avgMs=16 worstMs=44 gameMs=12 drawMs=4 swapWait=0ms draws=21 decodes=0 decMs=0
[OTS] f=20280 calls=2 n0=2056 n1=295 prims=34440 bb=-35,1120,-25,797
[OTT] walkUs=2787 texUs=10 emitUs=1839 submitUs=82 otherUs=855 prims=253 usPerPrim=11
[FT] avgMs=16 worstMs=46 gameMs=12 drawMs=4 swapWait=0ms draws=21 decodes=0 decMs=0
[OTS] f=20400 calls=2 n0=2056 n1=295 prims=34440 bb=-35,1120,-25,797
[OTT] walkUs=3576 texUs=9 emitUs=1842 submitUs=105 otherUs=1619 prims=253 usPerPrim=14
[SH-XBOX] vblank 32400
[MEM] tick: free=2776KB (694 pages)
[AUTO-EQUIP-CHECK] mapIdx=4 processFlags=0x20 inventorySlotCount=8 equippedWeapon=129
[MAP-LOAD] GameBoot_MapLoad mapIdx=4 (map1_s01) fileIdx=1999 linked=1 procFlags=0x20
[MAP-LOAD] MapRegistry_Load(4)=map1_s01 linked=1 header=005a0fa8
[MEM] after map-load: free=2776KB (694 pages)
[BOOT-STEP] GameStartup step=2 qlen=2
[BOOT0/TIM] PostLoadTim file=1502 'PIPE.TIM' ss=0x5dc8 img.u=48 img.v=224 tPage=0,27 clutX=736 clutY=498
[BOOT0/TIM] post ReadTIM: prect=0xfb4aa4 caddr=0xfb4a80 paddr=0xfb4aac mode=8
[BOOT0/TIM] pre pixel LoadImage rect=(752,480 16x32)
[BOOT0/TIM] pre CLUT LoadImage rect=(736,498 16x1)
[BOOT0/TIM] PostLoadTim done
[BOOT-STEP] GameStartup step=3 qlen=1
[BOOT-STEP] GameStartup step=4 qlen=0
[BOOT-STEP] GameStartup step=5 qlen=0
[BOOT-STEP] GameStartup step=6 qlen=6
[BOOT0/TIM] PostLoadTim file=1399 'CLD3.TIM' ss=0x59ef img.u=0 img.v=0 tPage=0,28 clutX=704 clutY=464
[BOOT0/TIM] post ReadTIM: prect=0xfacb04 caddr=0xfaca80 paddr=0xfacb0c mode=8
[BOOT0/TIM] pre pixel LoadImage rect=(768,256 32x128)
[BOOT0/TIM] pre CLUT LoadImage rect=(704,464 16x4)
[BOOT0/TIM] PostLoadTim done
[BOOT0/TIM] PostLoadTim file=1395 'CLD1.TIM' ss=0x59df img.u=0 img.v=128 tPage=0,28 clutX=720 clutY=464
[BOOT0/TIM] post ReadTIM: prect=0xfacaa4 caddr=0xfaca80 paddr=0xfacaac mode=8
[BOOT0/TIM] pre pixel LoadImage rect=(768,384 32x128)
[BOOT0/TIM] pre CLUT LoadImage rect=(720,464 16x1)
[BOOT0/TIM] PostLoadTim done
[BOOT-STEP] GameStartup step=7 qlen=0
[TRANSITION] GameStartup step=7: processFlags=0x20 playerPos=(-233445,0,-69551) func_80039F90=0x0
[IPD-INIT] Ipd_MapFileInfoSet: mapTag='SC' activeIpdCount=16 isExterior=0 plmIdx=-1 ipdFileIdx=0 textureFileIdx=0 curSize=0 willRebuildGrid=1
[MEM] after chunk-buffers: free=2520KB (630 pages)
[TRANSITION] GameStartup step=7 post-init: playerPos=(-233445,0,-69551) mapTag='SC'
[BOOT-STEP] GameStartup step=8 qlen=3
[BOOT0/TIM] PostLoadTim file=815 'SC3FT1.TIM' ss=0x3533 img.u=0 img.v=0 tPage=0,8 clutX=0 clutY=0
[BOOT0/TIM] post ReadTIM: prect=0xfb6c44 caddr=0xfb6a80 paddr=0xfb6c4c mode=8
[BOOT0/TIM] pre pixel LoadImage rect=(512,0 64x256)
[BOOT0/TIM] pre CLUT LoadImage rect=(0,0 16x14)
[BOOT0/TIM] PostLoadTim done
[POOLSTOMP] upload (512,0 64x256) hits PINNED pool slot 0 'SC3FT1' (512,0)
[BOOT0/TIM] PostLoadTim file=816 'SC3FT2.TIM' ss=0x3544 img.u=0 img.v=0 tPage=0,9 clutX=16 clutY=0
[BOOT0/TIM] post ReadTIM: prect=0xfb6b04 caddr=0xfb6a80 paddr=0xfb6b0c mode=8
[BOOT0/TIM] pre pixel LoadImage rect=(576,0 64x256)
[BOOT0/TIM] pre CLUT LoadImage rect=(16,0 16x4)
[BOOT0/TIM] PostLoadTim done
[POOLSTOMP] upload (576,0 64x256) hits PINNED pool slot 1 'SC3FT2' (576,0)
[BOOT0/TIM] PostLoadTim file=817 'SC3FTH.TIM' ss=0x3555 img.u=0 img.v=0 tPage=0,26 clutX=128 clutY=0
[BOOT0/TIM] post ReadTIM: prect=0xfb6b64 caddr=0xfb6a80 paddr=0xfb6b6c mode=8
[BOOT0/TIM] pre pixel LoadImage rect=(640,256 32x256)
[BOOT0/TIM] pre CLUT LoadImage rect=(128,0 16x7)
[BOOT0/TIM] PostLoadTim done
[POOLSTOMP] upload (640,256 32x256) hits PINNED pool slot 8 'SC3FTH' (640,256)
[TEXVRAM] 'SC3FT1' tPage=[0,8] clutXY=(0,0) uv=(0,0)
[TEXVRAM] 'SC3FTH' tPage=[0,26] clutXY=(128,0) uv=(0,0)
[TEXVRAM] 'SC3FT2' tPage=[0,9] clutXY=(16,0) uv=(0,0)
[BOOT-STEP] GameStartup step=9 qlen=0
[SH-XBOX] GameState -> 10 (step 10)
[BOOT-STEP] GameStartup step=10 qlen=0
[DEMO] start: demoId=3 playFile=1620 interval=4
[SH_AMB] Sd_AmbientSfxSet idx=6 -> loadCmd=173
[SH_AMB] Sd_VabLoad ambient cmd=173 type=2 dedup=0
[BOOT-STEP] GameStartup step=11 qlen=0
[CHARA-TEX] charaId=6 matCount=1 modelCount=12
[CHARA-TEX] mat[0] name='CLD1' field_C=1 E=0x5c F=0x5c clut=0x742d UV=0x8000 tex=0
[CHARA-TEX] prim0: f0=0xb930(UV0) f2=0x742d(clut) f4=0xb32b(UV1) f6=0x805c(tpage) f8=0xbf30(UV2) fA=0x8000(UV3)
[CHARA-TEX] texDesc: tPage=[0,28] u=0 v=128 clutXY=(720,464)
[CHARA-TEX] charaId=8 matCount=1 modelCount=16
[CHARA-TEX] mat[0] name='CLD3' field_C=1 E=0x3c F=0x3c clut=0x742c UV=0x0000 tex=0
[CHARA-TEX] prim0: f0=0x5f7c(UV0) f2=0x746c(clut) f4=0x5f7f(UV1) f6=0x003c(tpage) f8=0x497c(UV2) fA=0x0000(UV3)
[CHARA-TEX] texDesc: tPage=[0,28] u=0 v=0 clutXY=(704,464)
[WEP_LOAD] weaponAttack=1 FS_BUFFER_12=0xeea620 — queuing weapon ANM
[FT] avgMs=22 worstMs=250 gameMs=12 drawMs=10 swapWait=0ms draws=16 decodes=4 decMs=7
[WEP_LOAD] post-load FS_BUFFER_12 first 16 bytes: 00 fa 00 7f 02 fc fe 7f 05 05 fb 7f 7f 00 fd 00
[WEP_LOAD] HARRY_BASE_ANIM_INFOS[56] status=56 hasVar=0 link=57 sk=-1 ek=568
[WEP_LOAD] HARRY_BASE_ANIM_INFOS[57] status=57 hasVar=0 link=57 sk=568 ek=579
[WEP_LOAD] g_Player_EquippedWeaponInfo: attackSfx=1294 animStop=64 animAttack=62 animHold=63 sizeof=12
[BOOT0/TIM] PostLoadTim file=1505 'TIM00.TIM' ss=0x5dcb img.u=0 img.v=0 tPage=0,15 clutX=176 clutY=0
[BOOT0/TIM] post ReadTIM: prect=0xfacc84 caddr=0xfaca80 paddr=0xfacc8c mode=8
[BOOT0/TIM] pre pixel LoadImage rect=(960,0 64x256)
[BOOT0/TIM] pre CLUT LoadImage rect=(176,0 16x16)
[BOOT0/TIM] PostLoadTim done
[BOOT-STEP] GameStartup step=12 qlen=2
[SH-XBOX] GameState -> 11 (step 0)
[BGM] ChannelSet bgmIdx=18 cmd=786
[BOOT0/TIM] PostLoadTim file=1514 'TIM07.TIM' ss=0x5e64 img.u=32 img.v=0 tPage=0,13 clutX=240 clutY=0
[BOOT0/TIM] post ReadTIM: prect=0xfacb84 caddr=0xfaca80 paddr=0xfacb8c mode=8
[BOOT0/TIM] pre pixel LoadImage rect=(864,0 32x256)
[BOOT0/TIM] pre CLUT LoadImage rect=(240,0 16x8)
[BOOT0/TIM] PostLoadTim done
[SH_DRIP] key_on song=0 ch=6 prog=4 note=52 bank=127 vabId=3 tones=1 match=1 vab2match=1
[SH_DRIP] key_on song=0 ch=4 prog=3 note=59 bank=127 vabId=3 tones=1 match=1 vab2match=0
[SH_DRIP] key_on song=0 ch=5 prog=5 note=62 bank=127 vabId=3 tones=1 match=1 vab2match=0
[BOOT0/TIM] PostLoadTim file=1508 'TIM01.TIM' ss=0x5dfe img.u=0 img.v=0 tPage=0,14 clutX=160 clutY=0
[BOOT0/TIM] post ReadTIM: prect=0xfacc84 caddr=0xfaca80 paddr=0xfacc8c mode=8
[BOOT0/TIM] pre pixel LoadImage rect=(896,0 64x256)
[BOOT0/TIM] pre CLUT LoadImage rect=(160,0 16x16)
[BOOT0/TIM] PostLoadTim done
[SH_DRIP] key_on song=0 ch=1 prog=1 note=45 bank=127 vabId=3 tones=1 match=1 vab2match=0
[SH_DRIP] key_on song=0 ch=3 prog=2 note=51 bank=127 vabId=3 tones=1 match=1 vab2match=0
[GP-STATE-TXN] Gameplay -> sysState=6 (param=7)
[SYSSTATE] dispatch sysState=6 mapEventData=0x5a0900
[SH-XBOX] GameState -> 10 (step 0)
[BOOT-STEP] GameStartup step=0 qlen=0
[TRANSITION] GameStartup step=0: processFlags=0x1 (RoomTransition) sizeof(s_WorldGfxWork)=11708
[TRANSITION] AreaLoad_UpdatePlayerPosition: BEFORE playerPos=(-252600,4967,-73357) targetPos=(-413696,303104) loadScreen=0
[TRANSITION] AreaLoad_UpdatePlayerPosition: AFTER playerPos=(-413696,0,303104)
[BOOT-STEP] GameStartup step=7 qlen=0
[TRANSITION] GameStartup step=7: processFlags=0x1 playerPos=(-413696,0,303104) func_80039F90=0x0
[IPD-INIT] Ipd_MapFileInfoSet: mapTag='SC' activeIpdCount=16 isExterior=0 plmIdx=-1 ipdFileIdx=0 textureFileIdx=0 curSize=16 willRebuildGrid=0
[TRANSITION] GameStartup step=7 post-init: playerPos=(-413696,0,303104) mapTag='SC'
[BOOT-STEP] GameStartup step=8 qlen=3
[BOOT0/TIM] PostLoadTim file=806 'SC2FT1.TIM' ss=0x34a2 img.u=0 img.v=0 tPage=0,10 clutX=32 clutY=0
[BOOT0/TIM] post ReadTIM: prect=0xfb6c84 caddr=0xfb6a80 paddr=0xfb6c8c mode=8
[BOOT0/TIM] pre pixel LoadImage rect=(640,0 64x256)
[BOOT0/TIM] pre CLUT LoadImage rect=(32,0 16x16)
[BOOT0/TIM] PostLoadTim done
[POOLSTOMP] upload (640,0 64x256) hits PINNED pool slot 2 'SC2FT1' (640,0)
[BOOT0/TIM] PostLoadTim file=807 'SC2FT2.TIM' ss=0x34b3 img.u=0 img.v=0 tPage=0,21 clutX=48 clutY=0
[BOOT0/TIM] post ReadTIM: prect=0xfb6be4 caddr=0xfb6a80 paddr=0xfb6bec mode=8
[BOOT0/TIM] pre pixel LoadImage rect=(320,256 64x256)
[BOOT0/TIM] pre CLUT LoadImage rect=(48,0 16x11)
[BOOT0/TIM] PostLoadTim done
[POOLSTOMP] upload (320,256 64x256) hits PINNED pool slot 3 'SC2FT2' (320,256)
[BOOT0/TIM] PostLoadTim file=810 'SC2FTH.TIM' ss=0x34e6 img.u=32 img.v=0 tPage=0,26 clutX=144 clutY=0
[BOOT0/TIM] post ReadTIM: prect=0xfb6b64 caddr=0xfb6a80 paddr=0xfb6b6c mode=8
[BOOT0/TIM] pre pixel LoadImage rect=(672,256 32x256)
[BOOT0/TIM] pre CLUT LoadImage rect=(144,0 16x7)
[BOOT0/TIM] PostLoadTim done
[POOLSTOMP] upload (672,256 32x256) hits PINNED pool slot 9 'SC2FTH' (672,256)
[TEXVRAM] 'SC2FT1' tPage=[0,10] clutXY=(32,0) uv=(0,0)
[TEXVRAM] 'SC2FT2' tPage=[0,21] clutXY=(48,0) uv=(0,0)
[TEXVRAM] 'SC2FTH' tPage=[0,26] clutXY=(144,0) uv=(32,0)
[BOOT-STEP] GameStartup step=9 qlen=0
[BOOT-STEP] GameStartup step=10 qlen=0
[BOOT-STEP] GameStartup step=11 qlen=0
[FT] avgMs=31 worstMs=249 gameMs=17 drawMs=14 swapWait=0ms draws=73 decodes=85 decMs=152
[OTS] f=20640 calls=2 n0=2052 n1=16 prims=48652 bb=-1700,3631,-1864,3648
[OTT] walkUs=4537 texUs=4365 emitUs=12 submitUs=8 otherUs=150 prims=2 usPerPrim=2268
[SPAWN-FIRE?] slot=8 allPass! npcFlags=0x0 flagsId=5 full=0 vblanks=1 ABOUT TO TRY SPAWN
[SPAWN-FIRE!] slot=8 gates passed â†’ entering spawn block, npcIdx will be assigned
[SPAWN] slot=8 -> npc[0] charaId=8 stateStep=3 pos=(-98,55)
[BOOT-STEP] GameStartup step=12 qlen=0
[SH-XBOX] GameState -> 11 (step 0)
[SFX] Sd_PlaySfx: sfxId=1321 (Sfx_Base+41) vol=0
[VRAM] decode #1536
[VRAM] miss cause: evict=1351 inval=63 cold=124 (alloc=42)
[SFX] Sd_SfxStop: sfxId=65535 (Sfx_Base+64255)
[SFX] Sd_PlaySfx: sfxId=1363 (Sfx_Base+83) vol=200
[FT] avgMs=75 worstMs=99 gameMs=48 drawMs=26 swapWait=0ms draws=577 decodes=65 decMs=60
[OTS] f=20760 calls=2 n0=3247 n1=16 prims=115621 bb=-1922,3520,-1671,3648
[OTT] walkUs=14260 texUs=188 emitUs=8798 submitUs=1741 otherUs=3532 prims=1195 usPerPrim=11
[CHNK] n=16 s0=-2,-1,st3 s1=-3,1,st3 s2=0,0,st0 s3=0,0,st0
[MELEE-SS0] SWIPE IsAttacking=3 weaponAttack=11 animIdx=58
[SFX] Sd_PlaySfx: sfxId=1294 (Sfx_Base+14) vol=0
[ATTACK-DONE] st=59 lookupSt=59 kf=613 -> pcAttackDone
[MELEE-SS0] SWIPE IsAttacking=3 weaponAttack=11 animIdx=58
[SFX] Sd_PlaySfx: sfxId=1294 (Sfx_Base+14) vol=0
[SFX] Sd_PlaySfx: sfxId=1296 (Sfx_Base+16) vol=0
[MELEEDMG] wa=11 base=368640 dmg=402570 sp14=0x0 sp10=0x1 alreadyHit=0 chara=8

[SFX] Sd_SfxStop: sfxId=1363 (Sfx_Base+83)
[SFX] Sd_PlaySfx: sfxId=1365 (Sfx_Base+85) vol=0
[ATTACK-DONE] st=59 lookupSt=59 kf=613 -> pcAttackDone
[FT] avgMs=84 worstMs=119 gameMs=54 drawMs=29 swapWait=0ms draws=745 decodes=4 decMs=2
[OTS] f=20880 calls=2 n0=3313 n1=16 prims=148484 bb=-1430,3079,-1877,3648
[OTT] walkUs=14707 texUs=200 emitUs=9289 submitUs=1744 otherUs=3472 prims=1262 usPerPrim=11
[MELEE-SS0] SWIPE IsAttacking=3 weaponAttack=11 animIdx=58
[SFX] Sd_PlaySfx: sfxId=1294 (Sfx_Base+14) vol=0
[SFX] Sd_PlaySfx: sfxId=1296 (Sfx_Base+16) vol=0
[MELEEDMG] wa=11 base=368640 dmg=364050 sp14=0x0 sp10=0x1 alreadyHit=0 chara=8

[SFX] Sd_SfxStop: sfxId=1365 (Sfx_Base+85)
[SFX] Sd_PlaySfx: sfxId=1365 (Sfx_Base+85) vol=0
[ATTACK-DONE] st=59 lookupSt=59 kf=613 -> pcAttackDone
[MELEE-SS0] SWIPE IsAttacking=3 weaponAttack=11 animIdx=58
[SFX] Sd_PlaySfx: sfxId=1294 (Sfx_Base+14) vol=0
[SFX] Sd_PlaySfx: sfxId=1296 (Sfx_Base+16) vol=0
[MELEEDMG] wa=11 base=368640 dmg=352620 sp14=0x0 sp10=0x1 alreadyHit=0 chara=8

[SFX] Sd_PlaySfx: sfxId=1365 (Sfx_Base+85) vol=0
[SFX] Sd_PlaySfx: sfxId=1329 (Sfx_Base+49) vol=191
[SFX] Sd_PlaySfx: sfxId=1329 (Sfx_Base+49) vol=191
[SFX] Sd_PlaySfx: sfxId=1329 (Sfx_Base+49) vol=191
[FT] avgMs=85 worstMs=100 gameMs=55 drawMs=29 swapWait=0ms draws=756 decodes=0 decMs=0
[OTS] f=21000 calls=2 n0=3311 n1=16 prims=151250 bb=-1394,3043,-1800,3648
[OTT] walkUs=14874 texUs=202 emitUs=9333 submitUs=1733 otherUs=3605 prims=1260 usPerPrim=11
[SFX] Sd_PlaySfx: sfxId=1329 (Sfx_Base+49) vol=191
[SFX] Sd_PlaySfx: sfxId=1329 (Sfx_Base+49) vol=191
[SFX] Sd_PlaySfx: sfxId=1329 (Sfx_Base+49) vol=191
[SFX] Sd_PlaySfx: sfxId=1329 (Sfx_Base+49) vol=191
[SFX] Sd_PlaySfx: sfxId=1329 (Sfx_Base+49) vol=191
[FT] avgMs=70 worstMs=117 gameMs=41 drawMs=29 swapWait=0ms draws=753 decodes=2 decMs=2
[OTS] f=21120 calls=2 n0=3297 n1=16 prims=150474 bb=-932,2617,-1722,3648
[OTT] walkUs=14919 texUs=201 emitUs=9165 submitUs=1773 otherUs=3778 prims=1247 usPerPrim=11
[SFX] Sd_PlaySfx: sfxId=1329 (Sfx_Base+49) vol=191
[SFX] Sd_PlaySfx: sfxId=1318 (Sfx_Base+38) vol=0
[SFX] Sd_PlaySfx: sfxId=1319 (Sfx_Base+39) vol=0
[SFX] Sd_SfxStop: sfxId=1300 (Sfx_Base+20)
[SFX] Sd_SfxStop: sfxId=1302 (Sfx_Base+22)
[SFX] Sd_SfxStop: sfxId=1301 (Sfx_Base+21)
[SFX] Sd_SfxStop: sfxId=1303 (Sfx_Base+23)
[FT] avgMs=59 worstMs=104 gameMs=30 drawMs=28 swapWait=0ms draws=727 decodes=0 decMs=0
[XA] SetVolume L=0 R=0
[SH_AMB] Sd_AmbientSfxSet idx=1 -> loadCmd=162
[BOOT0/TIM] PostLoadTim file=1980 'TITLE_E.TIM' ss=0x90b7 img.u=32 img.v=0 tPage=1,13 clutX=224 clutY=15
[BOOT0/TIM] post ReadTIM: prect=0xf7cc84 caddr=0xf7ca80 paddr=0xf7cc8c mode=9
[BOOT0/TIM] pre pixel LoadImage rect=(864,0 160x480)
[BOOT0/TIM] pre CLUT LoadImage rect=(224,15 256x1)
[BOOT0/TIM] PostLoadTim done
[SH-XBOX] GameState -> 7 (step 0)
[SH-XBOX] vblank 34800
[MEM] tick: free=2520KB (630 pages)
[FT] avgMs=18 worstMs=103 gameMs=12 drawMs=5 swapWait=0ms draws=15 decodes=6 decMs=3
[OTS] f=21360 calls=2 n0=2056 n1=295 prims=171357 bb=-1172,3520,-1825,3648
[OTT] walkUs=2725 texUs=9 emitUs=1837 submitUs=86 otherUs=792 prims=253 usPerPrim=10
[FT] avgMs=16 worstMs=48 gameMs=12 drawMs=4 swapWait=0ms draws=21 decodes=0 decMs=0
[OTS] f=21480 calls=2 n0=2056 n1=295 prims=34440 bb=-35,1120,-25,797
[OTT] walkUs=3011 texUs=9 emitUs=1842 submitUs=82 otherUs=1077 prims=253 usPerPrim=11
[FT] avgMs=16 worstMs=44 gameMs=12 drawMs=4 swapWait=0ms draws=21 decodes=0 decMs=0
[OTS] f=21600 calls=2 n0=2056 n1=295 prims=34440 bb=-35,1120,-25,797
[OTT] walkUs=2943 texUs=9 emitUs=1841 submitUs=281 otherUs=812 prims=253 usPerPrim=11
[MCRD] card_info chan=2 -> IOE (n=2816)
[FT] avgMs=17 worstMs=48 gameMs=12 drawMs=4 swapWait=0ms draws=21 decodes=0 decMs=0
[OTS] f=21720 calls=2 n0=2056 n1=295 prims=34440 bb=-35,1120,-25,797
[OTT] walkUs=2735 texUs=9 emitUs=1837 submitUs=86 otherUs=802 prims=253 usPerPrim=10
[FT] avgMs=16 worstMs=47 gameMs=12 drawMs=4 swapWait=0ms draws=21 decodes=0 decMs=0
[OTS] f=21840 calls=2 n0=2056 n1=295 prims=34440 bb=-35,1120,-25,797
[OTT] walkUs=2658 texUs=9 emitUs=1843 submitUs=228 otherUs=576 prims=253 usPerPrim=10
[SH-XBOX] vblank 35400
[MEM] tick: free=2520KB (630 pages)
[FT] avgMs=16 worstMs=45 gameMs=12 drawMs=4 swapWait=0ms draws=21 decodes=0 decMs=0
[OTS] f=21960 calls=2 n0=2056 n1=295 prims=34440 bb=-35,1120,-25,797
[OTT] walkUs=2618 texUs=9 emitUs=1841 submitUs=82 otherUs=685 prims=253 usPerPrim=10
[FT] avgMs=16 worstMs=50 gameMs=12 drawMs=4 swapWait=0ms draws=21 decodes=0 decMs=0
[OTS] f=22080 calls=2 n0=2056 n1=295 prims=34440 bb=-35,1120,-25,797
[OTT] walkUs=2969 texUs=9 emitUs=1840 submitUs=97 otherUs=1022 prims=253 usPerPrim=11
[FT] avgMs=16 worstMs=45 gameMs=12 drawMs=4 swapWait=0ms draws=21 decodes=0 decMs=0
[OTS] f=22200 calls=2 n0=2056 n1=295 prims=34440 bb=-35,1120,-25,797
[OTT] walkUs=3188 texUs=9 emitUs=1843 submitUs=81 otherUs=1254 prims=253 usPerPrim=12
[FT] avgMs=16 worstMs=46 gameMs=12 drawMs=4 swapWait=0ms draws=21 decodes=0 decMs=0
[OTS] f=22320 calls=2 n0=2056 n1=295 prims=34440 bb=-35,1120,-25,797
[OTT] walkUs=2839 texUs=9 emitUs=1840 submitUs=326 otherUs=662 prims=253 usPerPrim=11
[FT] avgMs=16 worstMs=42 gameMs=12 drawMs=4 swapWait=0ms draws=21 decodes=0 decMs=0
[OTS] f=22440 calls=2 n0=2056 n1=295 prims=34440 bb=-35,1120,-25,797
[OTT] walkUs=3264 texUs=9 emitUs=1839 submitUs=81 otherUs=1334 prims=253 usPerPrim=12
[MCRD] card_info chan=2 -> IOE (n=3072)
[SH-XBOX] vblank 36000
[MEM] tick: free=2520KB (630 pages)
[FT] avgMs=17 worstMs=48 gameMs=12 drawMs=4 swapWait=0ms draws=21 decodes=0 decMs=0
[OTS] f=22560 calls=2 n0=2056 n1=295 prims=34440 bb=-35,1120,-25,797
[OTT] walkUs=3298 texUs=10 emitUs=1861 submitUs=352 otherUs=1074 prims=253 usPerPrim=13
[FT] avgMs=16 worstMs=45 gameMs=12 drawMs=4 swapWait=0ms draws=21 decodes=0 decMs=0
[OTS] f=22680 calls=2 n0=2056 n1=295 prims=34440 bb=-35,1120,-25,797
[OTT] walkUs=2985 texUs=9 emitUs=1845 submitUs=82 otherUs=1048 prims=253 usPerPrim=11
[FT] avgMs=16 worstMs=53 gameMs=12 drawMs=4 swapWait=0ms draws=21 decodes=0 decMs=0
[OTS] f=22800 calls=2 n0=2056 n1=295 prims=34440 bb=-35,1120,-25,797
[OTT] walkUs=3136 texUs=9 emitUs=1843 submitUs=259 otherUs=1024 prims=253 usPerPrim=12
[FT] avgMs=16 worstMs=48 gameMs=12 drawMs=4 swapWait=0ms draws=21 decodes=0 decMs=0
[OTS] f=22920 calls=2 n0=2056 n1=295 prims=34440 bb=-35,1120,-25,797
[OTT] walkUs=3175 texUs=9 emitUs=1839 submitUs=257 otherUs=1069 prims=253 usPerPrim=12
[SH-XBOX] GameState -> 6 (step 0)
[SH] open_main: playing FMV (file=2053 frames=0)
[FMV] no avi for C1_20670 (checked D:\fmv, D:\gamedata\fmv) -> MDEC
[FMV] start C1_20670 file_idx=2053 base=133127 sectors=20670 maxFrames=0 (15fps)
[XA] fmv stream open: 37800Hz stereo coding=0x01
[FMV] video 320x208, 9 sectors/frame
[FT] avgMs=20 worstMs=87 gameMs=12 drawMs=8 swapWait=0ms draws=17 decodes=0 decMs=0
[SH-XBOX] vblank 36600
[MEM] tick: free=2520KB (630 pages)
[FT] avgMs=40 worstMs=172 gameMs=11 drawMs=29 swapWait=0ms draws=1 decodes=0 decMs=0
[FMV] frame=150 dropped=3 fails=0 ring=1536 fed=187
[FT] avgMs=42 worstMs=138 gameMs=10 drawMs=32 swapWait=0ms draws=1 decodes=0 decMs=0
[FT] avgMs=39 worstMs=93 gameMs=10 drawMs=29 swapWait=0ms draws=1 decodes=0 decMs=0
[FT] avgMs=38 worstMs=109 gameMs=10 drawMs=28 swapWait=0ms draws=1 decodes=0 decMs=0
[FMV] frame=300 dropped=5 fails=0 ring=547 fed=374
[FT] avgMs=39 worstMs=139 gameMs=10 drawMs=28 swapWait=0ms draws=1 decodes=0 decMs=0
[SH-XBOX] vblank 37200
[MEM] tick: free=2520KB (630 pages)
[FT] avgMs=40 worstMs=130 gameMs=10 drawMs=30 swapWait=0ms draws=1 decodes=0 decMs=0
[FMV] frame=450 dropped=7 fails=0 ring=1352 fed=562
[FT] avgMs=39 worstMs=138 gameMs=10 drawMs=28 swapWait=0ms draws=1 decodes=0 decMs=0
[FT] avgMs=41 worstMs=109 gameMs=10 drawMs=30 swapWait=0ms draws=1 decodes=0 decMs=0
[FMV] frame=600 dropped=11 fails=0 ring=421 fed=749
[FT] avgMs=39 worstMs=96 gameMs=10 drawMs=29 swapWait=0ms draws=1 decodes=0 decMs=0
[FT] avgMs=38 worstMs=96 gameMs=10 drawMs=27 swapWait=1ms draws=1 decodes=0 decMs=0
[FMV] frame=750 dropped=12 fails=0 ring=2282 fed=937
[SH-XBOX] vblank 37800
[MEM] tick: free=2520KB (630 pages)
[FT] avgMs=41 worstMs=136 gameMs=10 drawMs=30 swapWait=0ms draws=1 decodes=0 decMs=0
[FT] avgMs=39 worstMs=102 gameMs=10 drawMs=28 swapWait=0ms draws=1 decodes=0 decMs=0
[FMV] frame=900 dropped=14 fails=0 ring=272 fed=1124
[FT] avgMs=39 worstMs=147 gameMs=10 drawMs=28 swapWait=0ms draws=1 decodes=0 decMs=0
[FT] avgMs=38 worstMs=95 gameMs=10 drawMs=28 swapWait=0ms draws=1 decodes=0 decMs=0
[FMV] frame=1050 dropped=15 fails=0 ring=1878 fed=1312
[FT] avgMs=39 worstMs=159 gameMs=10 drawMs=29 swapWait=0ms draws=1 decodes=0 decMs=0
[SH-XBOX] vblank 38400
[MEM] tick: free=2520KB (630 pages)
[FT] avgMs=40 worstMs=105 gameMs=10 drawMs=29 swapWait=0ms draws=1 decodes=0 decMs=0
[FMV] frame=1200 dropped=17 fails=0 ring=123 fed=1499
[FT] avgMs=38 worstMs=99 gameMs=10 drawMs=28 swapWait=0ms draws=1 decodes=0 decMs=0
[FT] avgMs=40 worstMs=107 gameMs=10 drawMs=30 swapWait=0ms draws=1 decodes=0 decMs=0
[FMV] frame=1350 dropped=17 fails=0 ring=1761 fed=1687
[FT] avgMs=40 worstMs=114 gameMs=10 drawMs=29 swapWait=0ms draws=1 decodes=0 decMs=0
[FT] avgMs=38 worstMs=136 gameMs=10 drawMs=28 swapWait=0ms draws=1 decodes=0 decMs=0
[SH-XBOX] vblank 39000
[MEM] tick: free=2520KB (630 pages)
[FMV] frame=1500 dropped=21 fails=0 ring=774 fed=1874
[FT] avgMs=38 worstMs=93 gameMs=11 drawMs=27 swapWait=0ms draws=1 decodes=0 decMs=0
[FT] avgMs=40 worstMs=175 gameMs=10 drawMs=30 swapWait=0ms draws=1 decodes=0 decMs=0
[FMV] frame=1650 dropped=22 fails=0 ring=1612 fed=2062
[FT] avgMs=37 worstMs=95 gameMs=10 drawMs=27 swapWait=0ms draws=1 decodes=0 decMs=0
[FT] avgMs=40 worstMs=113 gameMs=10 drawMs=29 swapWait=0ms draws=1 decodes=0 decMs=0
[FT] avgMs=38 worstMs=107 gameMs=10 drawMs=27 swapWait=0ms draws=1 decodes=0 decMs=0
[FMV] frame=1800 dropped=24 fails=0 ring=625 fed=2249
[SH-XBOX] vblank 39600
[MEM] tick: free=2520KB (630 pages)
[FT] avgMs=40 worstMs=150 gameMs=10 drawMs=30 swapWait=0ms draws=1 decodes=0 decMs=0
[FT] avgMs=39 worstMs=103 gameMs=10 drawMs=29 swapWait=0ms draws=1 decodes=0 decMs=0
[FMV] frame=1950 dropped=29 fails=0 ring=1431 fed=2437
[FT] avgMs=39 worstMs=95 gameMs=10 drawMs=28 swapWait=0ms draws=1 decodes=0 decMs=0
[XA] fmv stream end: 2563 sectors fed, 0 ring frames discarded
[FMV] end C1_20670: 2067 frames (30 dropped, 0 decode fails, 3477 presents)
[SH] open_main: FMV_Play returned
[SH-XBOX] GameState -> 7 (step 0)
[BOOT-STEP] GameStartup step=0 qlen=0
[TRANSITION] GameStartup step=0: processFlags=0x20 (BootDemo) sizeof(s_WorldGfxWork)=11708
[BOOT-STEP] GameStartup step=1 qlen=0
[FT] avgMs=35 worstMs=103 gameMs=11 drawMs=23 swapWait=0ms draws=4 decodes=0 decMs=0
[OTS] f=26520 calls=4 n0=2056 n1=295 prims=34472 bb=-320,3520,-25,1542
[OTT] walkUs=3163 texUs=10 emitUs=1842 submitUs=88 otherUs=1222 prims=253 usPerPrim=12
[FT] avgMs=16 worstMs=18 gameMs=12 drawMs=4 swapWait=0ms draws=21 decodes=0 decMs=0
[OTS] f=26640 calls=2 n0=2056 n1=295 prims=34440 bb=-35,1120,-25,797
[OTT] walkUs=3017 texUs=10 emitUs=1849 submitUs=81 otherUs=1076 prims=253 usPerPrim=11
[SH-XBOX] vblank 40200
[MEM] tick: free=2520KB (630 pages)
[MCRD] card_info chan=2 -> IOE (n=3328)
[FT] avgMs=16 worstMs=47 gameMs=12 drawMs=4 swapWait=0ms draws=21 decodes=0 decMs=0
[OTS] f=26760 calls=2 n0=2056 n1=295 prims=34440 bb=-35,1120,-25,797
[OTT] walkUs=3317 texUs=8 emitUs=1844 submitUs=83 otherUs=1380 prims=253 usPerPrim=13
[FT] avgMs=16 worstMs=54 gameMs=12 drawMs=4 swapWait=0ms draws=21 decodes=0 decMs=0
[OTS] f=26880 calls=2 n0=2056 n1=295 prims=34440 bb=-35,1120,-25,797
[OTT] walkUs=2575 texUs=9 emitUs=1837 submitUs=85 otherUs=644 prims=253 usPerPrim=10
[FT] avgMs=16 worstMs=50 gameMs=12 drawMs=4 swapWait=0ms draws=21 decodes=0 decMs=0
[OTS] f=27000 calls=2 n0=2056 n1=295 prims=34440 bb=-35,1120,-25,797
[OTT] walkUs=2921 texUs=9 emitUs=1839 submitUs=245 otherUs=827 prims=253 usPerPrim=11
[SFX] Sd_PlaySfx: sfxId=1305 (Sfx_Base+25) vol=0
[FT] avgMs=17 worstMs=49 gameMs=12 drawMs=4 swapWait=1ms draws=21 decodes=0 decMs=0
[OTS] f=27120 calls=2 n0=2056 n1=295 prims=34440 bb=-35,1120,-25,797
[OTT] walkUs=3392 texUs=9 emitUs=1840 submitUs=86 otherUs=1456 prims=253 usPerPrim=13
[SFX] Sd_PlaySfx: sfxId=1281 (Sfx_Base+1) vol=0
[BOOT0/TIM] PostLoadTim file=1939 'SAVELOAD.TIM' ss=0x8ced img.u=0 img.v=16 tPage=1,5 clutX=224 clutY=14
[BOOT0/TIM] post ReadTIM: prect=0xfacc84 caddr=0xfaca80 paddr=0xfacc8c mode=9
[BOOT0/TIM] pre pixel LoadImage rect=(320,16 160x240)
[BOOT0/TIM] pre CLUT LoadImage rect=(224,14 256x1)
[BOOT0/TIM] PostLoadTim done
[SH-XBOX] GameState -> 8 (step 0)
[FT] avgMs=18 worstMs=137 gameMs=12 drawMs=5 swapWait=0ms draws=41 decodes=4 decMs=3
[OTS] f=27240 calls=2 n0=2052 n1=312 prims=33566 bb=-320,3520,-411,1542
[OTT] walkUs=2402 texUs=21 emitUs=836 submitUs=387 otherUs=1157 prims=187 usPerPrim=12
[SFX] Sd_PlaySfx: sfxId=1307 (Sfx_Base+27) vol=0
[MCRD] open 'bu00:BASLUS-00707SILENT00' flags=0x8001 -> h=1 dir=1 size=8192
[MCRD] read h=1 dir=1 ofs=896 len=640 ok
[MCRD] open 'bu00:BASLUS-00707SILENT00' flags=0x8001 -> h=1 dir=1 size=8192
[MCRD] read h=1 dir=1 ofs=768 len=128 ok
[AUTO-EQUIP-CHECK] mapIdx=1 processFlags=0x8 inventorySlotCount=8 equippedWeapon=0
[MAP-LOAD] GameBoot_MapLoad mapIdx=1 (map0_s01) fileIdx=1996 linked=1 procFlags=0x8
[MAP-LOAD] MapRegistry_Load(1)=map0_s01 linked=1 header=00596af0
[MEM] after map-load: free=2520KB (630 pages)
[SH-XBOX] vblank 40800
[MEM] tick: free=2520KB (630 pages)
[BOOT0/TIM] PostLoadTim file=1849 'GLASS.TIM' ss=0x7ec3 img.u=0 img.v=0 tPage=0,13 clutX=224 clutY=0
[BOOT0/TIM] post ReadTIM: prect=0xfbeaa4 caddr=0xfbea80 paddr=0xfbeaac mode=8
[BOOT0/TIM] pre pixel LoadImage rect=(832,0 16x64)
[BOOT0/TIM] pre CLUT LoadImage rect=(224,0 16x1)
[BOOT0/TIM] PostLoadTim done
[SH-XBOX] GameState -> 10 (step 0)
[BOOT-STEP] GameStartup step=0 qlen=0
[TRANSITION] GameStartup step=0: processFlags=0x8 (LoadSave) sizeof(s_WorldGfxWork)=11708
[BOOT-STEP] GameStartup step=3 qlen=0
[BOOT-STEP] GameStartup step=4 qlen=0
[BOOT-STEP] GameStartup step=5 qlen=0
[BOOT-STEP] GameStartup step=7 qlen=0
[TRANSITION] GameStartup step=7: processFlags=0x8 playerPos=(18814,819,1088367) func_80039F90=0x0
[IPD-INIT] Ipd_MapFileInfoSet: mapTag='THR' activeIpdCount=4 isExterior=1 plmIdx=1370 ipdFileIdx=0 textureFileIdx=0 curSize=0 willRebuildGrid=1
[MEM] after chunk-buffers: free=2520KB (630 pages)
[TRANSITION] GameStartup step=7 post-init: playerPos=(18814,819,1088367) mapTag='THR'
[BOOT-STEP] GameStartup step=8 qlen=8
[BOOT0/TIM] PostLoadTim file=1073 'THR0001F.TIM' ss=0x45d8 img.u=0 img.v=0 tPage=0,8 clutX=0 clutY=0
[BOOT0/TIM] post ReadTIM: prect=0xfb6b44 caddr=0xfb6a80 paddr=0xfb6b4c mode=8
[BOOT0/TIM] pre pixel LoadImage rect=(512,0 64x256)
[BOOT0/TIM] pre CLUT LoadImage rect=(0,0 16x6)
[BOOT0/TIM] PostLoadTim done
[POOLSTOMP] upload (512,0 64x256) hits PINNED pool slot 0 'THR0001F' (512,0)
[BOOT0/TIM] PostLoadTim file=1077 'THR0003F.TIM' ss=0x4625 img.u=0 img.v=0 tPage=0,9 clutX=16 clutY=0
[BOOT0/TIM] post ReadTIM: prect=0xfb6c44 caddr=0xfb6a80 paddr=0xfb6c4c mode=8
[BOOT0/TIM] pre pixel LoadImage rect=(576,0 64x256)
[BOOT0/TIM] pre CLUT LoadImage rect=(16,0 16x14)
[BOOT0/TIM] PostLoadTim done
[POOLSTOMP] upload (576,0 64x256) hits PINNED pool slot 1 'THR0003F' (576,0)
[BOOT0/TIM] PostLoadTim file=1075 'THR0002F.TIM' ss=0x45fe img.u=0 img.v=0 tPage=0,10 clutX=32 clutY=0
[BOOT0/TIM] post ReadTIM: prect=0xfb6bc4 caddr=0xfb6a80 paddr=0xfb6bcc mode=8
[BOOT0/TIM] pre pixel LoadImage rect=(640,0 64x256)
[BOOT0/TIM] pre CLUT LoadImage rect=(32,0 16x10)
[BOOT0/TIM] PostLoadTim done
[POOLSTOMP] upload (640,0 64x256) hits PINNED pool slot 2 'THR0002F' (640,0)
[BOOT0/TIM] PostLoadTim file=1079 'THR0004F.TIM' ss=0x4644 img.u=0 img.v=0 tPage=0,21 clutX=48 clutY=0
[BOOT0/TIM] post ReadTIM: prect=0xfb6c84 caddr=0xfb6a80 paddr=0xfb6c8c mode=8
[BOOT0/TIM] pre pixel LoadImage rect=(320,256 64x256)
[BOOT0/TIM] pre CLUT LoadImage rect=(48,0 16x16)
[BOOT0/TIM] PostLoadTim done
[POOLSTOMP] upload (320,256 64x256) hits PINNED pool slot 3 'THR0004F' (320,256)
[BOOT0/TIM] PostLoadTim file=1269 'THRCF3.TIM' ss=0x51fa img.u=0 img.v=0 tPage=0,22 clutX=64 clutY=0
[BOOT0/TIM] post ReadTIM: prect=0xfb6c64 caddr=0xfb6a80 paddr=0xfb6c6c mode=8
[BOOT0/TIM] pre pixel LoadImage rect=(384,256 64x256)
[BOOT0/TIM] pre CLUT LoadImage rect=(64,0 16x15)
[BOOT0/TIM] PostLoadTim done
[POOLSTOMP] upload (384,256 64x256) hits PINNED pool slot 4 'THRCF3' (384,256)
[BOOT0/TIM] PostLoadTim file=1268 'THRCF2.TIM' ss=0x51e9 img.u=0 img.v=0 tPage=0,23 clutX=80 clutY=0
[BOOT0/TIM] post ReadTIM: prect=0xfb6c64 caddr=0xfb6a80 paddr=0xfb6c6c mode=8
[BOOT0/TIM] pre pixel LoadImage rect=(448,256 64x256)
[BOOT0/TIM] pre CLUT LoadImage rect=(80,0 16x15)
[BOOT0/TIM] PostLoadTim done
[POOLSTOMP] upload (448,256 64x256) hits PINNED pool slot 5 'THRCF2' (448,256)
[BOOT0/TIM] PostLoadTim file=1270 'THRCF4.TIM' ss=0x520b img.u=0 img.v=0 tPage=0,24 clutX=96 clutY=0
[BOOT0/TIM] post ReadTIM: prect=0xfb6b24 caddr=0xfb6a80 paddr=0xfb6b2c mode=8
[BOOT0/TIM] pre pixel LoadImage rect=(512,256 64x256)
[BOOT0/TIM] pre CLUT LoadImage rect=(96,0 16x5)
[BOOT0/TIM] PostLoadTim done
[POOLSTOMP] upload (512,256 64x256) hits PINNED pool slot 6 'THRCF4' (512,256)
[BOOT0/TIM] PostLoadTim file=1267 'THRCF1.TIM' ss=0x51d8 img.u=0 img.v=0 tPage=0,25 clutX=112 clutY=0
[BOOT0/TIM] post ReadTIM: prect=0xfb6c64 caddr=0xfb6a80 paddr=0xfb6c6c mode=8
[BOOT0/TIM] pre pixel LoadImage rect=(576,256 64x256)
[BOOT0/TIM] pre CLUT LoadImage rect=(112,0 16x15)
[BOOT0/TIM] PostLoadTim done
[POOLSTOMP] upload (576,256 64x256) hits PINNED pool slot 7 'THRCF1' (576,256)
[TEXVRAM] 'THRCF3' tPage=[0,22] clutXY=(64,0) uv=(0,0)
[TEXVRAM] 'THRCF2' tPage=[0,23] clutXY=(80,0) uv=(0,0)
[TEXVRAM] 'THRCF4' tPage=[0,24] clutXY=(96,0) uv=(0,0)
[TEXVRAM] 'THRCF1' tPage=[0,25] clutXY=(112,0) uv=(0,0)
[BOOT-STEP] GameStartup step=9 qlen=0
[BOOT-STEP] GameStartup step=10 qlen=0
[SH_AMB] Sd_AmbientSfxSet idx=3 -> loadCmd=171
[SH_AMB] Sd_VabLoad ambient cmd=171 type=2 dedup=0
[BOOT-STEP] GameStartup step=11 qlen=0
[FT] avgMs=24 worstMs=649 gameMs=12 drawMs=11 swapWait=0ms draws=39 decodes=13 decMs=24
[OTS] f=27360 calls=2 n0=2052 n1=16 prims=16330 bb=-320,3520,-411,1131
[OTT] walkUs=122 texUs=3 emitUs=11 submitUs=10 otherUs=98 prims=2 usPerPrim=61
[BOOT0/TIM] PostLoadTim file=1449 'REBIRD.TIM' ss=0x5b2c img.u=0 img.v=0 tPage=0,28 clutX=704 clutY=464
[BOOT0/TIM] post ReadTIM: prect=0xfacb44 caddr=0xfaca80 paddr=0xfacb4c mode=8
[BOOT0/TIM] pre pixel LoadImage rect=(768,256 32x128)
[BOOT0/TIM] pre CLUT LoadImage rect=(704,464 16x6)
[BOOT0/TIM] PostLoadTim done
[CHARA-TEX] charaId=2 matCount=1 modelCount=16
[CHARA-TEX] mat[0] name='REBIRD' field_C=1 E=0x5c F=0x5c clut=0x742c UV=0x0000 tex=0
[CHARA-TEX] prim0: f0=0x2971(UV0) f2=0x74ac(clut) f4=0x1d6a(UV1) f6=0x005c(tpage) f8=0x2077(UV2) fA=0x0000(UV3)
[CHARA-TEX] texDesc: tPage=[0,28] u=0 v=0 clutXY=(704,464)
[MEM] dms-load: free=2520KB (630 pages)
[SFX] Sd_SfxStop: sfxId=1321 (Sfx_Base+41)
[SFX] Sd_SfxStop: sfxId=1322 (Sfx_Base+42)
[WOBJ] resolved 'RADIO_HI' lmIdx=3
[WOBJ] resolved 'KNIFE_HI' lmIdx=3
[WOBJ] resolved 'IN1_HIDE' lmIdx=4
[WOBJ] resolved 'IN_BLD1_' lmIdx=4
[WOBJ] resolved 'DRINK_NE' lmIdx=1
[BOOT0/TIM] PostLoadTim file=1505 'TIM00.TIM' ss=0x5dcb img.u=0 img.v=0 tPage=0,15 clutX=176 clutY=0
[BOOT0/TIM] post ReadTIM: prect=0xfacc84 caddr=0xfaca80 paddr=0xfacc8c mode=8
[BOOT0/TIM] pre pixel LoadImage rect=(960,0 64x256)
[BOOT0/TIM] pre CLUT LoadImage rect=(176,0 16x16)
[BOOT0/TIM] PostLoadTim done
[BOOT-STEP] GameStartup step=12 qlen=2
[SH-XBOX] GameState -> 11 (step 0)
[FOGST-GPU] clear=0xff6c6474
[BOOT0/TIM] PostLoadTim file=1514 'TIM07.TIM' ss=0x5e64 img.u=32 img.v=0 tPage=0,13 clutX=240 clutY=0
[BOOT0/TIM] post ReadTIM: prect=0xfacb84 caddr=0xfaca80 paddr=0xfacb8c mode=8
[BOOT0/TIM] pre pixel LoadImage rect=(864,0 32x256)
[BOOT0/TIM] pre CLUT LoadImage rect=(240,0 16x8)
[BOOT0/TIM] PostLoadTim done
[BOOT0/TIM] PostLoadTim file=1509 'TIM02.TIM' ss=0x5e0f img.u=0 img.v=0 tPage=0,14 clutX=160 clutY=0
[BOOT0/TIM] post ReadTIM: prect=0xfacc84 caddr=0xfaca80 paddr=0xfacc8c mode=8
[BOOT0/TIM] pre pixel LoadImage rect=(896,0 64x256)
[BOOT0/TIM] pre CLUT LoadImage rect=(160,0 16x16)
[BOOT0/TIM] PostLoadTim done
[FT] avgMs=18 worstMs=75 gameMs=8 drawMs=10 swapWait=1ms draws=72 decodes=19 decMs=11
[OTS] f=27480 calls=4 n0=2310 n1=16 prims=21195 bb=-1478,3520,-2134,3648
[OTT] walkUs=3318 texUs=43 emitUs=1781 submitUs=314 otherUs=1179 prims=256 usPerPrim=12
[CHNK] n=4 s0=-1,6,st3 s1=0,6,st3 s2=0,0,st0 s3=0,0,st0
[FT] avgMs=17 worstMs=50 gameMs=4 drawMs=12 swapWait=0ms draws=176 decodes=18 decMs=9
[OTS] f=27600 calls=2 n0=2598 n1=16 prims=41486 bb=-2030,3721,-2404,3661
[OTT] walkUs=6916 texUs=95 emitUs=3865 submitUs=782 otherUs=2173 prims=548 usPerPrim=12
[WALLANIM] pathB kf=44 travel=472 intended=474 runStepSfx=7 spdProp=14336 pos=(12925,1101879)
[VRAM] decode #2048
[VRAM] miss cause: evict=1829 inval=67 cold=154 (alloc=42)
[VRAM] out of slots -> GPU drain #129 (alloc=42 worstPerFrame=1 totalMs=0)
[GP-STATE-TXN] Gameplay -> sysState=10 (param=6)
[SYSSTATE] dispatch sysState=10 mapEventData=0x596960
[ITEMPICK] unique-item link: id=0x41 nobj=1 obj=ok
[ITEMPICK] unique-item link: id=0x41 nobj=1 obj=ok
[ITEMPICK] draw SKIPPED: slot=9 reason=scale 0 (arg2=2)
[FREEZE] capture 1280x720 in 0ms (gpu, was 165ms cpu)
[FT] avgMs=33 worstMs=64 gameMs=7 drawMs=25 swapWait=0ms draws=518 decodes=857 decMs=487
[OTS] f=27720 calls=2 n0=2584 n1=16 prims=117688 bb=-1970,3721,-2237,3661
[OTT] walkUs=163 texUs=3 emitUs=94 submitUs=9 otherUs=54 prims=24 usPerPrim=6
[SFX] Sd_PlaySfx: sfxId=1307 (Sfx_Base+27) vol=64
[VRAM] out of slots -> GPU drain #193 (alloc=42 worstPerFrame=1 totalMs=1)
[VRAM] decode #2560
[VRAM] miss cause: evict=2341 inval=67 cold=154 (alloc=42)
[GP-STATE-TXN] Gameplay -> sysState=10 (param=2)
[ITEMPICK] unique-item link: id=0x41 nobj=1 obj=ok
[ITEMPICK] unique-item link: id=0x41 nobj=1 obj=ok
[ITEMPICK] draw SKIPPED: slot=9 reason=scale 0 (arg2=2)
[FREEZE] capture 1280x720 in 0ms (gpu, was 165ms cpu)
[SFX] Sd_PlaySfx: sfxId=1307 (Sfx_Base+27) vol=64
[FT] avgMs=25 worstMs=60 gameMs=11 drawMs=14 swapWait=0ms draws=279 decodes=108 decMs=64
[OTS] f=27840 calls=4 n0=3213 n1=16 prims=73594 bb=-1850,3373,-2082,1166
[OTT] walkUs=12746 texUs=179 emitUs=7518 submitUs=1297 otherUs=3751 prims=1164 usPerPrim=10
[SH-XBOX] vblank 41400
[MEM] tick: free=2520KB (630 pages)
[WALLANIM] pathB kf=43 travel=474 intended=474 runStepSfx=6 spdProp=14336 pos=(15365,1101134)
[VRAM] out of slots -> GPU drain #257 (alloc=42 worstPerFrame=1 totalMs=8)
[VRAM] decode #3072
[VRAM] miss cause: evict=2853 inval=67 cold=154 (alloc=42)
[FT] avgMs=33 worstMs=63 gameMs=10 drawMs=23 swapWait=0ms draws=507 decodes=482 decMs=265
[OTS] f=27960 calls=2 n0=3135 n1=16 prims=111858 bb=-2090,3721,-2262,3275
[OTT] walkUs=19300 texUs=6846 emitUs=7115 submitUs=1435 otherUs=3902 prims=1086 usPerPrim=17
[GP-STATE-TXN] Gameplay -> sysState=10 (param=5)
[SFX] Sd_PlaySfx: sfxId=1321 (Sfx_Base+41) vol=0
[SFX] Sd_PlaySfx: sfxId=1322 (Sfx_Base+42) vol=0
[VRAM] decode #3584
[VRAM] miss cause: evict=3365 inval=67 cold=154 (alloc=42)
[VRAM] out of slots -> GPU drain #321 (alloc=42 worstPerFrame=1 totalMs=8)
[VRAM] decode #4096
[VRAM] miss cause: evict=3877 inval=67 cold=154 (alloc=42)
[XA] Play xaIdx=42 file=1 sector=1889 sectors=21 stereo 37800Hz bits=4 filter=(6,1)
[XA] primed ring=20481 frames
[XA] channel ended early xaIdx=42 (remaining=1/21)
[VRAM] decode #4608
[VRAM] miss cause: evict=4389 inval=67 cold=154 (alloc=42)
[XA] finished xaIdx=42 (drained)
[VRAM] decode #5120
[VRAM] miss cause: evict=4901 inval=67 cold=154 (alloc=42)
[FT] avgMs=48 worstMs=138 gameMs=9 drawMs=39 swapWait=0ms draws=659 decodes=2454 decMs=1300
[OTS] f=28080 calls=2 n0=3354 n1=19 prims=138725 bb=-1964,3721,-1915,3011
[OTT] walkUs=35066 texUs=20066 emitUs=8964 submitUs=1793 otherUs=4242 prims=1308 usPerPrim=26
[VRAM] decode #5632
[VRAM] miss cause: evict=5413 inval=67 cold=154 (alloc=42)
[XA] Play xaIdx=4 file=1 sector=3 sectors=78 stereo 37800Hz bits=4 filter=(1,3)
[XA] primed ring=20481 frames
[VRAM] decode #6144
[VRAM] miss cause: evict=5925 inval=67 cold=154 (alloc=42)
[VRAM] out of slots -> GPU drain #385 (alloc=42 worstPerFrame=1 totalMs=9)
[VRAM] decode #6656
[VRAM] miss cause: evict=6437 inval=67 cold=154 (alloc=42)
[VRAM] decode #7168
[VRAM] miss cause: evict=6949 inval=67 cold=154 (alloc=42)
[VRAM] decode #7680
[VRAM] miss cause: evict=7461 inval=67 cold=154 (alloc=42)
[VRAM] decode #8192
[VRAM] miss cause: evict=7973 inval=67 cold=154 (alloc=42)
[VRAM] decode #8704
[VRAM] miss cause: evict=8485 inval=67 cold=154 (alloc=42)
[XA] channel ended early xaIdx=4 (remaining=1/78)
[VRAM] out of slots -> GPU drain #449 (alloc=42 worstPerFrame=1 totalMs=9)
[XA] finished xaIdx=4 (drained)
[VRAM] decode #9216
[VRAM] miss cause: evict=8997 inval=67 cold=154 (alloc=42)
[VRAM] decode #9728
[VRAM] miss cause: evict=9509 inval=67 cold=154 (alloc=42)
[FT] avgMs=68 worstMs=175 gameMs=8 drawMs=59 swapWait=0ms draws=784 decodes=4642 decMs=2543
[OTS] f=28200 calls=2 n0=3362 n1=93 prims=163701 bb=-1916,3394,-1231,2118
[OTT] walkUs=37299 texUs=22232 emitUs=9179 submitUs=1788 otherUs=4098 prims=1353 usPerPrim=27
[VRAM] decode #10240
[VRAM] miss cause: evict=10021 inval=67 cold=154 (alloc=42)
[VRAM] decode #10752
[VRAM] miss cause: evict=10533 inval=67 cold=154 (alloc=42)
[VRAM] decode #11264
[VRAM] miss cause: evict=11045 inval=67 cold=154 (alloc=42)
[VRAM] out of slots -> GPU drain #513 (alloc=42 worstPerFrame=1 totalMs=11)
[CHNK] n=4 s0=-1,6,st3 s1=0,6,st3 s2=0,0,st0 s3=0,0,st0
[VRAM] decode #11776
[VRAM] miss cause: evict=11557 inval=67 cold=154 (alloc=42)
[VRAM] decode #12288
[VRAM] miss cause: evict=12069 inval=67 cold=154 (alloc=42)
[WOBJ] resolved 'OUT1_HID' lmIdx=3
[WOBJ] resolved 'OUT_BLD_' lmIdx=3
[FT] avgMs=47 worstMs=77 gameMs=11 drawMs=35 swapWait=0ms draws=620 decodes=2399 decMs=1296
[OTS] f=28320 calls=2 n0=2855 n1=19 prims=132559 bb=-1916,3418,-1202,1931
[OTT] walkUs=9937 texUs=132 emitUs=6087 submitUs=1054 otherUs=2662 prims=809 usPerPrim=12
[VRAM] decode #12800
[VRAM] miss cause: evict=12581 inval=67 cold=154 (alloc=42)
[VRAM] decode #13312
[VRAM] miss cause: evict=13093 inval=67 cold=154 (alloc=42)
[VRAM] out of slots -> GPU drain #577 (alloc=42 worstPerFrame=1 totalMs=11)
[VRAM] decode #13824
[VRAM] miss cause: evict=13605 inval=67 cold=154 (alloc=42)
[VRAM] decode #14336
[VRAM] miss cause: evict=14117 inval=67 cold=154 (alloc=42)
[SFX] Sd_PlaySfx: sfxId=1373 (Sfx_Base+93) vol=127
[VRAM] decode #14848
[VRAM] miss cause: evict=14629 inval=67 cold=154 (alloc=42)
[COLL-MISS] cell(0,-1) pos(0,-1) activeCount=4
[COLL-MISS]   slot cell(-1,6) qIdx=151 loadState=2 isLoaded=1
[COLL-MISS]   slot cell(0,6) qIdx=152 loadState=2 isLoaded=1
[COLL-MISS]   slot cell(0,0) qIdx=-1 loadState=0 isLoaded=1
[COLL-MISS]   slot cell(0,0) qIdx=-1 loadState=0 isLoaded=254
[COLL-MISS] cell(0,0) pos(0,0) activeCount=4
[COLL-MISS]   slot cell(-1,6) qIdx=151 loadState=2 isLoaded=1
[COLL-MISS]   slot cell(0,6) qIdx=152 loadState=2 isLoaded=1
[COLL-MISS]   slot cell(0,0) qIdx=-1 loadState=0 isLoaded=1
[COLL-MISS]   slot cell(0,0) qIdx=-1 loadState=0 isLoaded=254
[COLL-MISS] cell(0,-1) pos(0,-1) activeCount=4
[COLL-MISS]   slot cell(-1,6) qIdx=151 loadState=2 isLoaded=1
[COLL-MISS]   slot cell(0,6) qIdx=152 loadState=2 isLoaded=1
[COLL-MISS]   slot cell(0,0) qIdx=-1 loadState=0 isLoaded=1
[COLL-MISS]   slot cell(0,0) qIdx=-1 loadState=0 isLoaded=254
[VRAM] decode #15360
[VRAM] miss cause: evict=15141 inval=67 cold=154 (alloc=42)
[COLL-MISS] cell(0,-1) pos(0,-1) activeCount=4
[COLL-MISS]   slot cell(-1,6) qIdx=151 loadState=2 isLoaded=1
[COLL-MISS]   slot cell(0,6) qIdx=152 loadState=2 isLoaded=1
[COLL-MISS]   slot cell(0,0) qIdx=-1 loadState=0 isLoaded=1
[COLL-MISS]   slot cell(0,0) qIdx=-1 loadState=0 isLoaded=254
[FT] avgMs=48 worstMs=85 gameMs=8 drawMs=39 swapWait=0ms draws=683 decodes=2899 decMs=1595
[OTS] f=28440 calls=2 n0=3472 n1=19 prims=139435 bb=-2348,4087,-1732,1648
[OTT] walkUs=35663 texUs=19553 emitUs=10005 submitUs=1811 otherUs=4293 prims=1423 usPerPrim=25
[COLL-MISS] cell(0,0) pos(1,1) activeCount=4
[COLL-MISS]   slot cell(-1,6) qIdx=151 loadState=2 isLoaded=1
[COLL-MISS]   slot cell(0,6) qIdx=152 loadState=2 isLoaded=1
[COLL-MISS]   slot cell(0,0) qIdx=-1 loadState=0 isLoaded=1
[COLL-MISS]   slot cell(0,0) qIdx=-1 loadState=0 isLoaded=254
[VRAM] out of slots -> GPU drain #641 (alloc=42 worstPerFrame=1 totalMs=11)
[VRAM] decode #15872
[VRAM] miss cause: evict=15653 inval=67 cold=154 (alloc=42)
[VRAM] decode #16384
[VRAM] miss cause: evict=16165 inval=67 cold=154 (alloc=42)
[SFX] Sd_PlaySfx: sfxId=1374 (Sfx_Base+94) vol=184
[SFX] Sd_PlaySfx: sfxId=1375 (Sfx_Base+95) vol=184
[COLL-MISS] cell(0,0) pos(0,0) activeCount=4
[COLL-MISS]   slot cell(-1,6) qIdx=151 loadState=2 isLoaded=1
[COLL-MISS]   slot cell(0,6) qIdx=152 loadState=2 isLoaded=1
[COLL-MISS]   slot cell(0,0) qIdx=-1 loadState=0 isLoaded=1
[COLL-MISS]   slot cell(0,0) qIdx=-1 loadState=0 isLoaded=254
[COLL-MISS] cell(0,0) pos(0,0) activeCount=4
[COLL-MISS]   slot cell(-1,6) qIdx=151 loadState=2 isLoaded=1
[COLL-MISS]   slot cell(0,6) qIdx=152 loadState=2 isLoaded=1
[COLL-MISS]   slot cell(0,0) qIdx=-1 loadState=0 isLoaded=1
[COLL-MISS]   slot cell(0,0) qIdx=-1 loadState=0 isLoaded=254
[COLL-MISS] cell(0,0) pos(0,0) activeCount=4
[COLL-MISS]   slot cell(-1,6) qIdx=151 loadState=2 isLoaded=1
[COLL-MISS]   slot cell(0,6) qIdx=152 loadState=2 isLoaded=1
[COLL-MISS]   slot cell(0,0) qIdx=-1 loadState=0 isLoaded=1
[COLL-MISS]   slot cell(0,0) qIdx=-1 loadState=0 isLoaded=254
[VRAM] decode #16896
[VRAM] miss cause: evict=16677 inval=67 cold=154 (alloc=42)
[COLL-MISS] cell(0,0) pos(0,0) activeCount=4
[COLL-MISS]   slot cell(-1,6) qIdx=151 loadState=2 isLoaded=1
[COLL-MISS]   slot cell(0,6) qIdx=152 loadState=2 isLoaded=1
[COLL-MISS]   slot cell(0,0) qIdx=-1 loadState=0 isLoaded=1
[COLL-MISS]   slot cell(0,0) qIdx=-1 loadState=0 isLoaded=254
[SH-XBOX] vblank 42000
[MEM] tick: free=2520KB (630 pages)
[COLL-MISS] cell(0,0) pos(0,0) activeCount=4
[COLL-MISS]   slot cell(-1,6) qIdx=151 loadState=2 isLoaded=1
[COLL-MISS]   slot cell(0,6) qIdx=152 loadState=2 isLoaded=1
[COLL-MISS]   slot cell(0,0) qIdx=-1 loadState=0 isLoaded=1
[COLL-MISS]   slot cell(0,0) qIdx=-1 loadState=0 isLoaded=254
[SFX] Sd_PlaySfx: sfxId=1382 (Sfx_Base+102) vol=0
[COLL-MISS] cell(0,0) pos(0,1) activeCount=4
[COLL-MISS]   slot cell(-1,6) qIdx=151 loadState=2 isLoaded=1
[COLL-MISS]   slot cell(0,6) qIdx=152 loadState=2 isLoaded=1
[COLL-MISS]   slot cell(0,0) qIdx=-1 loadState=0 isLoaded=1
[COLL-MISS]   slot cell(0,0) qIdx=-1 loadState=0 isLoaded=254
[COLL-MISS] cell(0,0) pos(0,0) activeCount=4
[COLL-MISS]   slot cell(-1,6) qIdx=151 loadState=2 isLoaded=1
[COLL-MISS]   slot cell(0,6) qIdx=152 loadState=2 isLoaded=1
[COLL-MISS]   slot cell(0,0) qIdx=-1 loadState=0 isLoaded=1
[COLL-MISS]   slot cell(0,0) qIdx=-1 loadState=0 isLoaded=254
[WOBJ] resolved 'BRK_BLD1' lmIdx=4
[WOBJ] resolved 'BRK_GLS1' lmIdx=4
[WOBJ] resolved 'BRK_GLS2' lmIdx=4
[BGM] ChannelSet bgmIdx=30 cmd=798
[SFX] Sd_PlaySfx: sfxId=1317 (Sfx_Base+37) vol=191
[COLL-MISS] cell(0,0) pos(0,0) activeCount=4
[COLL-MISS]   slot cell(-1,6) qIdx=151 loadState=2 isLoaded=1
[COLL-MISS]   slot cell(0,6) qIdx=152 loadState=2 isLoaded=1
[COLL-MISS]   slot cell(0,0) qIdx=-1 loadState=0 isLoaded=1
[COLL-MISS]   slot cell(0,0) qIdx=-1 loadState=0 isLoaded=254
[SH_DRIP] key_on song=0 ch=2 prog=1 note=70 bank=127 vabId=3 tones=1 match=1 vab2match=0
[SH_DRIP] key_on song=0 ch=3 prog=4 note=60 bank=127 vabId=3 tones=1 match=1 vab2match=0
[SH_DRIP] key_on song=0 ch=5 prog=2 note=55 bank=127 vabId=3 tones=1 match=1 vab2match=1
[SFX] Sd_PlaySfx: sfxId=1379 (Sfx_Base+99) vol=44
[SH_DRIP] key_on song=0 ch=6 prog=1 note=70 bank=127 vabId=3 tones=1 match=1 vab2match=0
[VRAM] decode #17408
[VRAM] miss cause: evict=17189 inval=67 cold=154 (alloc=42)
[FREEZE] capture 1280x720 in 0ms (gpu, was 165ms cpu)
[SYSSTATE] dispatch sysState=14 mapEventData=0
[FT] avgMs=34 worstMs=125 gameMs=8 drawMs=26 swapWait=0ms draws=349 decodes=1972 decMs=1065
[OTS] f=28560 calls=4 n0=2048 n1=28 prims=73893 bb=-3665,4087,-1732,2378
[OTT] walkUs=93 texUs=3 emitUs=25 submitUs=15 otherUs=48 prims=6 usPerPrim=15
[FT] avgMs=16 worstMs=54 gameMs=10 drawMs=6 swapWait=0ms draws=2 decodes=0 decMs=0
[OTS] f=28680 calls=2 n0=2048 n1=28 prims=720 bb=535,742,334,385
[OTT] walkUs=77 texUs=3 emitUs=26 submitUs=14 otherUs=32 prims=6 usPerPrim=12
[FT] avgMs=17 worstMs=60 gameMs=10 drawMs=6 swapWait=1ms draws=2 decodes=0 decMs=0
[OTS] f=28800 calls=2 n0=2048 n1=28 prims=744 bb=535,742,334,385
[OTT] walkUs=211 texUs=3 emitUs=26 submitUs=14 otherUs=166 prims=6 usPerPrim=35
[FT] avgMs=16 worstMs=61 gameMs=10 drawMs=6 swapWait=0ms draws=2 decodes=0 decMs=0
[OTS] f=28920 calls=2 n0=2048 n1=28 prims=732 bb=535,742,334,385
[OTT] walkUs=276 texUs=3 emitUs=26 submitUs=15 otherUs=231 prims=6 usPerPrim=46
[FT] avgMs=16 worstMs=54 gameMs=11 drawMs=5 swapWait=0ms draws=2 decodes=0 decMs=0
[OTS] f=29040 calls=2 n0=2048 n1=28 prims=720 bb=535,742,334,385
[OTT] walkUs=78 texUs=3 emitUs=26 submitUs=14 otherUs=33 prims=6 usPerPrim=13
[SH-XBOX] vblank 42600
[MEM] tick: free=2520KB (630 pages)
[FT] avgMs=17 worstMs=46 gameMs=13 drawMs=3 swapWait=0ms draws=2 decodes=0 decMs=0
[OTS] f=29160 calls=2 n0=2048 n1=28 prims=720 bb=535,742,334,385
[OTT] walkUs=267 texUs=3 emitUs=25 submitUs=16 otherUs=221 prims=6 usPerPrim=44
[FT] avgMs=16 worstMs=47 gameMs=13 drawMs=3 swapWait=0ms draws=2 decodes=0 decMs=0
[OTS] f=29280 calls=2 n0=2048 n1=28 prims=720 bb=535,742,334,385
[OTT] walkUs=215 texUs=3 emitUs=24 submitUs=17 otherUs=169 prims=6 usPerPrim=35
[FT] avgMs=17 worstMs=62 gameMs=12 drawMs=5 swapWait=0ms draws=2 decodes=0 decMs=0
[OTS] f=29400 calls=2 n0=2048 n1=28 prims=720 bb=535,742,334,385
[OTT] walkUs=198 texUs=2 emitUs=39 submitUs=15 otherUs=140 prims=6 usPerPrim=33
[FT] avgMs=16 worstMs=46 gameMs=12 drawMs=4 swapWait=0ms draws=2 decodes=0 decMs=0
[OTS] f=29520 calls=2 n0=2048 n1=16 prims=720 bb=535,742,334,385
[OTT] walkUs=17 texUs=0 emitUs=0 submitUs=3 otherUs=13 prims=0 usPerPrim=17
[FT] avgMs=16 worstMs=48 gameMs=10 drawMs=6 swapWait=0ms draws=2 decodes=0 decMs=0
[OTS] f=29640 calls=2 n0=2048 n1=16 prims=696 bb=535,742,334,385
[OTT] walkUs=17 texUs=0 emitUs=0 submitUs=3 otherUs=14 prims=0 usPerPrim=17
[SH-XBOX] vblank 43200
[MEM] tick: free=2520KB (630 pages)
[FT] avgMs=17 worstMs=58 gameMs=11 drawMs=5 swapWait=0ms draws=2 decodes=0 decMs=0
[OTS] f=29760 calls=2 n0=2048 n1=16 prims=672 bb=535,742,334,385
[OTT] walkUs=17 texUs=0 emitUs=0 submitUs=3 otherUs=13 prims=0 usPerPrim=17
[FT] avgMs=16 worstMs=52 gameMs=11 drawMs=5 swapWait=0ms draws=2 decodes=0 decMs=0
[OTS] f=29880 calls=2 n0=2048 n1=16 prims=696 bb=535,742,334,385
[OTT] walkUs=17 texUs=0 emitUs=0 submitUs=3 otherUs=14 prims=0 usPerPrim=17
[FT] avgMs=16 worstMs=48 gameMs=10 drawMs=6 swapWait=0ms draws=2 decodes=0 decMs=0
[OTS] f=30000 calls=2 n0=2048 n1=16 prims=696 bb=535,742,334,385
[OTT] walkUs=17 texUs=0 emitUs=0 submitUs=3 otherUs=13 prims=0 usPerPrim=17
[FT] avgMs=16 worstMs=58 gameMs=10 drawMs=6 swapWait=0ms draws=2 decodes=0 decMs=0
[OTS] f=30120 calls=2 n0=2048 n1=16 prims=696 bb=535,742,334,385
[OTT] walkUs=17 texUs=0 emitUs=0 submitUs=3 otherUs=14 prims=0 usPerPrim=17
[FT] avgMs=16 worstMs=52 gameMs=10 drawMs=6 swapWait=0ms draws=2 decodes=0 decMs=0
[OTS] f=30240 calls=2 n0=2048 n1=16 prims=696 bb=535,742,334,385
[OTT] walkUs=17 texUs=0 emitUs=0 submitUs=3 otherUs=14 prims=0 usPerPrim=17
[SH-XBOX] vblank 43800
[MEM] tick: free=2520KB (630 pages)
[FT] avgMs=17 worstMs=61 gameMs=10 drawMs=6 swapWait=0ms draws=2 decodes=0 decMs=0
[OTS] f=30360 calls=2 n0=2048 n1=16 prims=696 bb=535,742,334,385
[OTT] walkUs=17 texUs=0 emitUs=0 submitUs=3 otherUs=14 prims=0 usPerPrim=17
[FT] avgMs=16 worstMs=46 gameMs=10 drawMs=6 swapWait=0ms draws=2 decodes=0 decMs=0
[OTS] f=30480 calls=2 n0=2048 n1=16 prims=708 bb=535,742,334,385
[OTT] walkUs=17 texUs=0 emitUs=0 submitUs=3 otherUs=14 prims=0 usPerPrim=17
[FT] avgMs=16 worstMs=58 gameMs=11 drawMs=5 swapWait=0ms draws=2 decodes=0 decMs=0
[OTS] f=30600 calls=2 n0=2048 n1=16 prims=720 bb=535,742,334,385
[OTT] walkUs=17 texUs=0 emitUs=0 submitUs=2 otherUs=14 prims=0 usPerPrim=17
[FT] avgMs=16 worstMs=48 gameMs=13 drawMs=3 swapWait=0ms draws=2 decodes=0 decMs=0
[OTS] f=30720 calls=2 n0=2048 n1=16 prims=720 bb=535,742,334,385
[OTT] walkUs=17 texUs=0 emitUs=0 submitUs=3 otherUs=13 prims=0 usPerPrim=17
[FT] avgMs=16 worstMs=53 gameMs=13 drawMs=3 swapWait=0ms draws=2 decodes=0 decMs=0
[OTS] f=30840 calls=2 n0=2048 n1=16 prims=720 bb=535,742,334,385
[OTT] walkUs=17 texUs=0 emitUs=0 submitUs=3 otherUs=13 prims=0 usPerPrim=17
[SH-XBOX] vblank 44400
[MEM] tick: free=2520KB (630 pages)
[FT] avgMs=17 worstMs=56 gameMs=12 drawMs=5 swapWait=0ms draws=2 decodes=0 decMs=0
[OTS] f=30960 calls=2 n0=2048 n1=28 prims=732 bb=535,742,334,385
[OTT] walkUs=80 texUs=4 emitUs=26 submitUs=321 otherUs=0 prims=6 usPerPrim=13
[FT] avgMs=16 worstMs=49 gameMs=12 drawMs=4 swapWait=0ms draws=2 decodes=0 decMs=0
[OTS] f=31080 calls=2 n0=2048 n1=28 prims=744 bb=535,742,334,385
[OTT] walkUs=265 texUs=3 emitUs=25 submitUs=15 otherUs=220 prims=6 usPerPrim=44
[FT] avgMs=17 worstMs=62 gameMs=10 drawMs=6 swapWait=1ms draws=2 decodes=0 decMs=0
[OTS] f=31200 calls=2 n0=2048 n1=28 prims=756 bb=535,742,334,385
[OTT] walkUs=229 texUs=3 emitUs=26 submitUs=16 otherUs=183 prims=6 usPerPrim=38
[FT] avgMs=16 worstMs=47 gameMs=11 drawMs=5 swapWait=0ms draws=2 decodes=0 decMs=0
[OTS] f=31320 calls=2 n0=2048 n1=28 prims=744 bb=535,742,334,385
[OTT] walkUs=211 texUs=3 emitUs=24 submitUs=15 otherUs=167 prims=6 usPerPrim=35
[FT] avgMs=16 worstMs=58 gameMs=10 drawMs=5 swapWait=0ms draws=2 decodes=0 decMs=0
[OTS] f=31440 calls=2 n0=2048 n1=28 prims=744 bb=535,742,334,385
[OTT] walkUs=91 texUs=3 emitUs=25 submitUs=14 otherUs=48 prims=6 usPerPrim=15
[SH-XBOX] vblank 45000
[MEM] tick: free=2520KB (630 pages)
[FT] avgMs=17 worstMs=55 gameMs=10 drawMs=6 swapWait=0ms draws=2 decodes=0 decMs=0
[OTS] f=31560 calls=2 n0=2048 n1=28 prims=768 bb=535,742,334,385
[OTT] walkUs=205 texUs=3 emitUs=26 submitUs=14 otherUs=161 prims=6 usPerPrim=34
[FT] avgMs=17 worstMs=62 gameMs=10 drawMs=6 swapWait=0ms draws=2 decodes=0 decMs=0
[OTS] f=31680 calls=2 n0=2048 n1=28 prims=744 bb=535,742,334,385
[OTT] walkUs=290 texUs=3 emitUs=25 submitUs=15 otherUs=246 prims=6 usPerPrim=48
[FT] avgMs=16 worstMs=51 gameMs=10 drawMs=6 swapWait=0ms draws=2 decodes=0 decMs=0
[OTS] f=31800 calls=2 n0=2048 n1=28 prims=720 bb=535,742,334,385
[OTT] walkUs=160 texUs=3 emitUs=25 submitUs=14 otherUs=117 prims=6 usPerPrim=26
[FT] avgMs=16 worstMs=59 gameMs=10 drawMs=6 swapWait=0ms draws=2 decodes=0 decMs=0
[OTS] f=31920 calls=2 n0=2048 n1=28 prims=720 bb=535,742,334,385
[OTT] walkUs=76 texUs=3 emitUs=24 submitUs=14 otherUs=33 prims=6 usPerPrim=12
[RA] http POST http://retroachievements.org/dorequest.php
[NET] POST retroachievements.org -> 200 (16 bytes)
[RA] http -> status=200 bodyLen=16 body='{"Success":true}'
[FT] avgMs=28 worstMs=1403 gameMs=10 drawMs=17 swapWait=0ms draws=2 decodes=0 decMs=0
[OTS] f=32040 calls=2 n0=2048 n1=28 prims=720 bb=535,742,334,385
[OTT] walkUs=75 texUs=3 emitUs=25 submitUs=14 otherUs=31 prims=6 usPerPrim=12
[SH-XBOX] vblank 45600
[MEM] tick: free=2520KB (630 pages)
[FT] avgMs=17 worstMs=64 gameMs=11 drawMs=5 swapWait=0ms draws=2 decodes=0 decMs=0
[OTS] f=32160 calls=2 n0=2048 n1=16 prims=660 bb=535,742,334,385
[OTT] walkUs=17 texUs=0 emitUs=0 submitUs=3 otherUs=13 prims=0 usPerPrim=17
[FT] avgMs=17 worstMs=83 gameMs=13 drawMs=3 swapWait=0ms draws=2 decodes=0 decMs=0
[OTS] f=32280 calls=2 n0=2048 n1=16 prims=720 bb=535,742,334,385
[OTT] walkUs=17 texUs=0 emitUs=0 submitUs=3 otherUs=14 prims=0 usPerPrim=17
[FT] avgMs=16 worstMs=56 gameMs=13 drawMs=3 swapWait=0ms draws=2 decodes=0 decMs=0
[OTS] f=32400 calls=2 n0=2048 n1=16 prims=720 bb=535,742,334,385
[OTT] walkUs=17 texUs=0 emitUs=0 submitUs=3 otherUs=13 prims=0 usPerPrim=17
[FT] avgMs=16 worstMs=57 gameMs=12 drawMs=4 swapWait=0ms draws=2 decodes=0 decMs=0
[OTS] f=32520 calls=2 n0=2048 n1=28 prims=732 bb=535,742,334,385
[OTT] walkUs=78 texUs=3 emitUs=26 submitUs=15 otherUs=32 prims=6 usPerPrim=13
[FT] avgMs=16 worstMs=46 gameMs=12 drawMs=4 swapWait=0ms draws=2 decodes=0 decMs=0
[OTS] f=32640 calls=2 n0=2048 n1=28 prims=732 bb=535,742,334,385
[OTT] walkUs=208 texUs=2 emitUs=26 submitUs=14 otherUs=164 prims=6 usPerPrim=34
[SH-XBOX] vblank 46200
[MEM] tick: free=2520KB (630 pages)
[FT] avgMs=17 worstMs=52 gameMs=11 drawMs=6 swapWait=0ms draws=2 decodes=0 decMs=0
[OTS] f=32760 calls=2 n0=2048 n1=28 prims=768 bb=535,742,334,385
[OTT] walkUs=75 texUs=2 emitUs=26 submitUs=15 otherUs=30 prims=6 usPerPrim=12
[FT] avgMs=16 worstMs=59 gameMs=10 drawMs=5 swapWait=0ms draws=2 decodes=0 decMs=0
[OTS] f=32880 calls=2 n0=2048 n1=28 prims=744 bb=535,742,334,385
[OTT] walkUs=192 texUs=3 emitUs=26 submitUs=14 otherUs=148 prims=6 usPerPrim=32
[FT] avgMs=16 worstMs=55 gameMs=10 drawMs=5 swapWait=0ms draws=2 decodes=0 decMs=0
[OTS] f=33000 calls=2 n0=2048 n1=28 prims=744 bb=535,742,334,385
[OTT] walkUs=181 texUs=3 emitUs=24 submitUs=13 otherUs=139 prims=6 usPerPrim=30
[FT] avgMs=16 worstMs=51 gameMs=10 drawMs=6 swapWait=0ms draws=2 decodes=0 decMs=0
[OTS] f=33120 calls=2 n0=2048 n1=28 prims=744 bb=535,742,334,385
[OTT] walkUs=130 texUs=3 emitUs=26 submitUs=14 otherUs=86 prims=6 usPerPrim=21
[FT] avgMs=17 worstMs=62 gameMs=10 drawMs=6 swapWait=0ms draws=2 decodes=0 decMs=0
[OTS] f=33240 calls=2 n0=2048 n1=28 prims=756 bb=535,742,334,385
[OTT] walkUs=235 texUs=3 emitUs=26 submitUs=14 otherUs=190 prims=6 usPerPrim=39
[SH-XBOX] vblank 46800
[MEM] tick: free=2520KB (630 pages)
[FT] avgMs=17 worstMs=62 gameMs=10 drawMs=6 swapWait=0ms draws=2 decodes=0 decMs=0
[OTS] f=33360 calls=2 n0=2048 n1=28 prims=756 bb=535,742,334,385
[OTT] walkUs=184 texUs=3 emitUs=26 submitUs=25 otherUs=128 prims=6 usPerPrim=30
[FT] avgMs=16 worstMs=50 gameMs=10 drawMs=6 swapWait=0ms draws=2 decodes=0 decMs=0
[OTS] f=33480 calls=2 n0=2048 n1=28 prims=720 bb=535,742,334,385
[OTT] walkUs=74 texUs=3 emitUs=25 submitUs=16 otherUs=29 prims=6 usPerPrim=12
[FT] avgMs=16 worstMs=55 gameMs=10 drawMs=6 swapWait=0ms draws=2 decodes=0 decMs=0
[OTS] f=33600 calls=2 n0=2048 n1=28 prims=720 bb=535,742,334,385
[OTT] walkUs=81 texUs=3 emitUs=27 submitUs=14 otherUs=36 prims=6 usPerPrim=13
[FT] avgMs=16 worstMs=51 gameMs=11 drawMs=5 swapWait=0ms draws=2 decodes=0 decMs=0
[OTS] f=33720 calls=2 n0=2048 n1=28 prims=720 bb=535,742,334,385
[OTT] walkUs=114 texUs=3 emitUs=25 submitUs=14 otherUs=71 prims=6 usPerPrim=19
[FT] avgMs=16 worstMs=55 gameMs=13 drawMs=3 swapWait=0ms draws=2 decodes=0 decMs=0
[OTS] f=33840 calls=2 n0=2048 n1=28 prims=720 bb=535,742,334,385
[OTT] walkUs=99 texUs=3 emitUs=26 submitUs=15 otherUs=54 prims=6 usPerPrim=16
[SH-XBOX] vblank 47400
[MEM] tick: free=2520KB (630 pages)
[FT] avgMs=17 worstMs=51 gameMs=13 drawMs=3 swapWait=0ms draws=2 decodes=0 decMs=0
[OTS] f=33960 calls=2 n0=2048 n1=16 prims=684 bb=535,742,334,385
[OTT] walkUs=17 texUs=0 emitUs=0 submitUs=3 otherUs=14 prims=0 usPerPrim=17
[FT] avgMs=16 worstMs=49 gameMs=12 drawMs=4 swapWait=0ms draws=2 decodes=0 decMs=0
[OTS] f=34080 calls=2 n0=2048 n1=16 prims=696 bb=535,742,334,385
[OTT] walkUs=17 texUs=0 emitUs=0 submitUs=3 otherUs=13 prims=0 usPerPrim=17
[FT] avgMs=16 worstMs=56 gameMs=12 drawMs=4 swapWait=0ms draws=2 decodes=0 decMs=0
[OTS] f=34200 calls=2 n0=2048 n1=16 prims=696 bb=535,742,334,385
[OTT] walkUs=17 texUs=0 emitUs=0 submitUs=3 otherUs=14 prims=0 usPerPrim=17
[FT] avgMs=16 worstMs=55 gameMs=10 drawMs=6 swapWait=0ms draws=2 decodes=0 decMs=0
[OTS] f=34320 calls=2 n0=2048 n1=16 prims=672 bb=535,742,334,385
[OTT] walkUs=17 texUs=0 emitUs=0 submitUs=4 otherUs=13 prims=0 usPerPrim=17
[FT] avgMs=16 worstMs=47 gameMs=10 drawMs=5 swapWait=0ms draws=2 decodes=0 decMs=0
[OTS] f=34440 calls=2 n0=2048 n1=16 prims=696 bb=535,742,334,385
[OTT] walkUs=17 texUs=0 emitUs=0 submitUs=3 otherUs=14 prims=0 usPerPrim=17
[SH-XBOX] vblank 48000
[MEM] tick: free=2520KB (630 pages)
[FT] avgMs=17 worstMs=56 gameMs=11 drawMs=6 swapWait=1ms draws=2 decodes=0 decMs=0
[OTS] f=34560 calls=2 n0=2048 n1=16 prims=672 bb=535,742,334,385
[OTT] walkUs=17 texUs=0 emitUs=0 submitUs=3 otherUs=14 prims=0 usPerPrim=17
[FT] avgMs=16 worstMs=52 gameMs=10 drawMs=6 swapWait=0ms draws=2 decodes=0 decMs=0
[OTS] f=34680 calls=2 n0=2048 n1=16 prims=708 bb=535,742,334,385
[OTT] walkUs=17 texUs=0 emitUs=0 submitUs=3 otherUs=13 prims=0 usPerPrim=17
[FT] avgMs=17 worstMs=61 gameMs=10 drawMs=6 swapWait=0ms draws=2 decodes=0 decMs=0
[OTS] f=34800 calls=2 n0=2048 n1=16 prims=720 bb=535,742,334,385
[OTT] walkUs=17 texUs=0 emitUs=0 submitUs=3 otherUs=14 prims=0 usPerPrim=17
[FT] avgMs=16 worstMs=47 gameMs=10 drawMs=6 swapWait=0ms draws=2 decodes=0 decMs=0
[OTS] f=34920 calls=2 n0=2048 n1=16 prims=720 bb=535,742,334,385
[OTT] walkUs=17 texUs=0 emitUs=0 submitUs=3 otherUs=14 prims=0 usPerPrim=17
[FT] avgMs=16 worstMs=57 gameMs=10 drawMs=6 swapWait=0ms draws=2 decodes=0 decMs=0
[OTS] f=35040 calls=2 n0=2048 n1=16 prims=720 bb=535,742,334,385
[OTT] walkUs=17 texUs=0 emitUs=0 submitUs=3 otherUs=14 prims=0 usPerPrim=17
[SH-XBOX] vblank 48600
[MEM] tick: free=2520KB (630 pages)
[FT] avgMs=17 worstMs=53 gameMs=10 drawMs=6 swapWait=0ms draws=2 decodes=0 decMs=0
[OTS] f=35160 calls=2 n0=2048 n1=16 prims=720 bb=535,742,334,385
[OTT] walkUs=17 texUs=0 emitUs=0 submitUs=3 otherUs=13 prims=0 usPerPrim=17
[FT] avgMs=16 worstMs=60 gameMs=11 drawMs=5 swapWait=0ms draws=2 decodes=0 decMs=0
[OTS] f=35280 calls=2 n0=2048 n1=28 prims=732 bb=535,742,334,385
[OTT] walkUs=78 texUs=3 emitUs=30 submitUs=13 otherUs=30 prims=6 usPerPrim=13
[FT] avgMs=16 worstMs=50 gameMs=13 drawMs=3 swapWait=0ms draws=2 decodes=0 decMs=0
[OTS] f=35400 calls=2 n0=2048 n1=28 prims=744 bb=535,742,334,385
[OTT] walkUs=173 texUs=2 emitUs=26 submitUs=15 otherUs=129 prims=6 usPerPrim=28
[FT] avgMs=16 worstMs=46 gameMs=13 drawMs=3 swapWait=0ms draws=2 decodes=0 decMs=0
[OTS] f=35520 calls=2 n0=2048 n1=28 prims=732 bb=535,742,334,385
[OTT] walkUs=222 texUs=3 emitUs=31 submitUs=14 otherUs=173 prims=6 usPerPrim=37
[FT] avgMs=16 worstMs=49 gameMs=12 drawMs=4 swapWait=0ms draws=2 decodes=0 decMs=0
[OTS] f=35640 calls=2 n0=2048 n1=28 prims=744 bb=535,742,334,385
[OTT] walkUs=77 texUs=3 emitUs=26 submitUs=15 otherUs=31 prims=6 usPerPrim=12
[SH-XBOX] vblank 49200
[MEM] tick: free=2520KB (630 pages)
[FT] avgMs=17 worstMs=58 gameMs=12 drawMs=4 swapWait=0ms draws=2 decodes=0 decMs=0
[OTS] f=35760 calls=2 n0=2048 n1=28 prims=768 bb=535,742,334,385
[OTT] walkUs=80 texUs=2 emitUs=26 submitUs=14 otherUs=36 prims=6 usPerPrim=13
[FT] avgMs=16 worstMs=56 gameMs=10 drawMs=6 swapWait=0ms draws=2 decodes=0 decMs=0
[OTS] f=35880 calls=2 n0=2048 n1=28 prims=744 bb=535,742,334,385
[OTT] walkUs=77 texUs=2 emitUs=26 submitUs=14 otherUs=33 prims=6 usPerPrim=12
[FT] avgMs=16 worstMs=49 gameMs=10 drawMs=6 swapWait=1ms draws=2 decodes=0 decMs=0
[OTS] f=36000 calls=2 n0=2048 n1=28 prims=744 bb=535,742,334,385
[OTT] walkUs=80 texUs=3 emitUs=30 submitUs=14 otherUs=32 prims=6 usPerPrim=13
[FT] avgMs=16 worstMs=57 gameMs=10 drawMs=5 swapWait=0ms draws=2 decodes=0 decMs=0
[OTS] f=36120 calls=2 n0=2048 n1=28 prims=744 bb=535,742,334,385
[OTT] walkUs=106 texUs=3 emitUs=26 submitUs=13 otherUs=62 prims=6 usPerPrim=17
[FT] avgMs=16 worstMs=54 gameMs=10 drawMs=6 swapWait=0ms draws=2 decodes=0 decMs=0
[OTS] f=36240 calls=2 n0=2048 n1=28 prims=732 bb=535,742,334,385
[OTT] walkUs=145 texUs=2 emitUs=25 submitUs=14 otherUs=103 prims=6 usPerPrim=24
[SH-XBOX] vblank 49800
[MEM] tick: free=2520KB (630 pages)
[FT] avgMs=17 worstMs=57 gameMs=10 drawMs=6 swapWait=0ms draws=2 decodes=0 decMs=0
[OTS] f=36360 calls=2 n0=2048 n1=28 prims=732 bb=535,742,334,385
[OTT] walkUs=78 texUs=3 emitUs=27 submitUs=14 otherUs=33 prims=6 usPerPrim=13
[FT] avgMs=16 worstMs=58 gameMs=10 drawMs=6 swapWait=0ms draws=2 decodes=0 decMs=0
[OTS] f=36480 calls=2 n0=2048 n1=28 prims=720 bb=535,742,334,385
[OTT] walkUs=79 texUs=3 emitUs=26 submitUs=16 otherUs=33 prims=6 usPerPrim=13
[FT] avgMs=16 worstMs=52 gameMs=10 drawMs=6 swapWait=0ms draws=2 decodes=0 decMs=0
[OTS] f=36600 calls=2 n0=2048 n1=28 prims=720 bb=535,742,334,385
[OTT] walkUs=241 texUs=3 emitUs=26 submitUs=14 otherUs=196 prims=6 usPerPrim=40
[FT] avgMs=17 worstMs=62 gameMs=10 drawMs=6 swapWait=0ms draws=2 decodes=0 decMs=0
[OTS] f=36720 calls=2 n0=2048 n1=16 prims=708 bb=535,742,334,385
[OTT] walkUs=17 texUs=0 emitUs=0 submitUs=3 otherUs=14 prims=0 usPerPrim=17
[FT] avgMs=16 worstMs=48 gameMs=11 drawMs=5 swapWait=0ms draws=2 decodes=0 decMs=0
[OTS] f=36840 calls=2 n0=2048 n1=16 prims=696 bb=535,742,334,385
[OTT] walkUs=25 texUs=0 emitUs=0 submitUs=2 otherUs=22 prims=0 usPerPrim=25
[SH-XBOX] vblank 50400
[MEM] tick: free=2520KB (630 pages)
[FT] avgMs=17 worstMs=53 gameMs=13 drawMs=3 swapWait=0ms draws=2 decodes=0 decMs=0
[OTS] f=36960 calls=2 n0=2048 n1=16 prims=672 bb=535,742,334,385
[OTT] walkUs=17 texUs=0 emitUs=0 submitUs=3 otherUs=14 prims=0 usPerPrim=17
[FT] avgMs=16 worstMs=47 gameMs=13 drawMs=3 swapWait=0ms draws=2 decodes=0 decMs=0
[OTS] f=37080 calls=2 n0=2048 n1=16 prims=696 bb=535,742,334,385
[OTT] walkUs=17 texUs=0 emitUs=0 submitUs=3 otherUs=13 prims=0 usPerPrim=17
[FT] avgMs=16 worstMs=60 gameMs=12 drawMs=4 swapWait=0ms draws=2 decodes=0 decMs=0
[OTS] f=37200 calls=2 n0=2048 n1=16 prims=696 bb=535,742,334,385
[OTT] walkUs=17 texUs=0 emitUs=0 submitUs=3 otherUs=14 prims=0 usPerPrim=17
[FT] avgMs=17 worstMs=51 gameMs=12 drawMs=4 swapWait=0ms draws=2 decodes=0 decMs=0
[OTS] f=37320 calls=2 n0=2048 n1=16 prims=684 bb=535,742,334,385
[OTT] walkUs=17 texUs=0 emitUs=0 submitUs=3 otherUs=14 prims=0 usPerPrim=17
[FT] avgMs=16 worstMs=44 gameMs=10 drawMs=6 swapWait=1ms draws=2 decodes=0 decMs=0
[OTS] f=37440 calls=2 n0=2048 n1=16 prims=696 bb=535,742,334,385
[OTT] walkUs=17 texUs=0 emitUs=0 submitUs=6 otherUs=11 prims=0 usPerPrim=17
[SH-XBOX] vblank 51000
[MEM] tick: free=2520KB (630 pages)
[FT] avgMs=17 worstMs=58 gameMs=11 drawMs=6 swapWait=1ms draws=2 decodes=0 decMs=0
[OTS] f=37560 calls=2 n0=2048 n1=16 prims=708 bb=535,742,334,385
[OTT] walkUs=17 texUs=0 emitUs=0 submitUs=3 otherUs=14 prims=0 usPerPrim=17
[FT] avgMs=16 worstMs=52 gameMs=10 drawMs=5 swapWait=0ms draws=2 decodes=0 decMs=0
[OTS] f=37680 calls=2 n0=2048 n1=16 prims=720 bb=535,742,334,385
[OTT] walkUs=17 texUs=0 emitUs=0 submitUs=3 otherUs=13 prims=0 usPerPrim=17
[FT] avgMs=16 worstMs=47 gameMs=10 drawMs=6 swapWait=0ms draws=2 decodes=0 decMs=0
[OTS] f=37800 calls=2 n0=2048 n1=16 prims=720 bb=535,742,334,385
[OTT] walkUs=17 texUs=0 emitUs=0 submitUs=3 otherUs=13 prims=0 usPerPrim=17
[FT] avgMs=16 worstMs=55 gameMs=10 drawMs=6 swapWait=0ms draws=2 decodes=0 decMs=0
[OTS] f=37920 calls=2 n0=2048 n1=16 prims=720 bb=535,742,334,385
[OTT] walkUs=17 texUs=0 emitUs=0 submitUs=3 otherUs=13 prims=0 usPerPrim=17
[FT] avgMs=16 worstMs=51 gameMs=10 drawMs=6 swapWait=0ms draws=2 decodes=0 decMs=0
[OTS] f=38040 calls=2 n0=2048 n1=16 prims=720 bb=535,742,334,385
[OTT] walkUs=17 texUs=0 emitUs=0 submitUs=3 otherUs=13 prims=0 usPerPrim=17
[SH-XBOX] vblank 51600
[MEM] tick: free=2520KB (630 pages)
[FT] avgMs=17 worstMs=62 gameMs=11 drawMs=6 swapWait=0ms draws=2 decodes=0 decMs=0
[OTS] f=38160 calls=2 n0=2048 n1=28 prims=744 bb=535,742,334,385
[OTT] walkUs=95 texUs=3 emitUs=26 submitUs=14 otherUs=51 prims=6 usPerPrim=15
[FT] avgMs=16 worstMs=46 gameMs=10 drawMs=6 swapWait=0ms draws=2 decodes=0 decMs=0
[OTS] f=38280 calls=2 n0=2048 n1=28 prims=756 bb=535,742,334,385
[OTT] walkUs=76 texUs=3 emitUs=26 submitUs=15 otherUs=30 prims=6 usPerPrim=12
[FT] avgMs=16 worstMs=56 gameMs=11 drawMs=5 swapWait=0ms draws=2 decodes=0 decMs=0
[OTS] f=38400 calls=2 n0=2048 n1=28 prims=744 bb=535,742,334,385
[OTT] walkUs=210 texUs=3 emitUs=24 submitUs=15 otherUs=167 prims=6 usPerPrim=35
[FT] avgMs=16 worstMs=47 gameMs=13 drawMs=3 swapWait=0ms draws=2 decodes=0 decMs=0
[OTS] f=38520 calls=2 n0=2048 n1=28 prims=744 bb=535,742,334,385
[OTT] walkUs=245 texUs=3 emitUs=24 submitUs=15 otherUs=201 prims=6 usPerPrim=40
[FT] avgMs=17 worstMs=55 gameMs=13 drawMs=3 swapWait=1ms draws=2 decodes=0 decMs=0
[OTS] f=38640 calls=2 n0=2048 n1=28 prims=744 bb=535,742,334,385
[OTT] walkUs=78 texUs=2 emitUs=26 submitUs=15 otherUs=33 prims=6 usPerPrim=13
[SH-XBOX] vblank 52200
[MEM] tick: free=2520KB (630 pages)
[FT] avgMs=17 worstMs=51 gameMs=12 drawMs=4 swapWait=0ms draws=2 decodes=0 decMs=0
[OTS] f=38760 calls=2 n0=2048 n1=28 prims=768 bb=535,742,334,385
[OTT] walkUs=77 texUs=3 emitUs=26 submitUs=15 otherUs=31 prims=6 usPerPrim=12
[FT] avgMs=16 worstMs=46 gameMs=11 drawMs=4 swapWait=0ms draws=2 decodes=0 decMs=0
[OTS] f=38880 calls=2 n0=2048 n1=28 prims=732 bb=535,742,334,385
[OTT] walkUs=208 texUs=3 emitUs=26 submitUs=15 otherUs=163 prims=6 usPerPrim=34
[FT] avgMs=16 worstMs=52 gameMs=10 drawMs=6 swapWait=0ms draws=2 decodes=0 decMs=0
[OTS] f=39000 calls=2 n0=2048 n1=28 prims=732 bb=535,742,334,385
[OTT] walkUs=74 texUs=3 emitUs=24 submitUs=14 otherUs=31 prims=6 usPerPrim=12
[FT] avgMs=17 worstMs=61 gameMs=11 drawMs=6 swapWait=0ms draws=2 decodes=0 decMs=0
[OTS] f=39120 calls=2 n0=2048 n1=28 prims=720 bb=535,742,334,385
[OTT] walkUs=231 texUs=3 emitUs=25 submitUs=17 otherUs=184 prims=6 usPerPrim=38
[FT] avgMs=16 worstMs=46 gameMs=10 drawMs=6 swapWait=0ms draws=2 decodes=0 decMs=0
[OTS] f=39240 calls=2 n0=2048 n1=28 prims=732 bb=535,742,334,385
[OTT] walkUs=76 texUs=3 emitUs=26 submitUs=14 otherUs=32 prims=6 usPerPrim=12
[SH-XBOX] vblank 52800
[MEM] tick: free=2520KB (630 pages)
[FT] avgMs=17 worstMs=59 gameMs=10 drawMs=6 swapWait=0ms draws=2 decodes=0 decMs=0
[OTS] f=39360 calls=2 n0=2048 n1=28 prims=720 bb=535,742,334,385
[OTT] walkUs=234 texUs=2 emitUs=26 submitUs=173 otherUs=32 prims=6 usPerPrim=39
[FT] avgMs=16 worstMs=51 gameMs=10 drawMs=6 swapWait=0ms draws=2 decodes=0 decMs=0
[OTS] f=39480 calls=2 n0=2048 n1=16 prims=708 bb=535,742,334,385
[OTT] walkUs=17 texUs=0 emitUs=0 submitUs=3 otherUs=13 prims=0 usPerPrim=17
[FT] avgMs=17 worstMs=61 gameMs=10 drawMs=6 swapWait=0ms draws=2 decodes=0 decMs=0
[OTS] f=39600 calls=2 n0=2048 n1=16 prims=684 bb=535,742,334,385
[OTT] walkUs=17 texUs=0 emitUs=0 submitUs=4 otherUs=13 prims=0 usPerPrim=17
[FT] avgMs=17 worstMs=67 gameMs=10 drawMs=6 swapWait=0ms draws=2 decodes=0 decMs=0
[OTS] f=39720 calls=2 n0=2048 n1=16 prims=684 bb=535,742,334,385
[OTT] walkUs=17 texUs=0 emitUs=0 submitUs=3 otherUs=13 prims=0 usPerPrim=17
[FT] avgMs=16 worstMs=51 gameMs=10 drawMs=6 swapWait=0ms draws=2 decodes=0 decMs=0
[OTS] f=39840 calls=2 n0=2048 n1=16 prims=696 bb=535,742,334,385
[OTT] walkUs=17 texUs=0 emitUs=0 submitUs=3 otherUs=13 prims=0 usPerPrim=17
[SH-XBOX] vblank 53400
[MEM] tick: free=2520KB (630 pages)
[FT] avgMs=17 worstMs=56 gameMs=11 drawMs=5 swapWait=0ms draws=2 decodes=0 decMs=0
[OTS] f=39960 calls=2 n0=2048 n1=16 prims=672 bb=535,742,334,385
[OTT] walkUs=17 texUs=0 emitUs=0 submitUs=3 otherUs=13 prims=0 usPerPrim=17
[FT] avgMs=16 worstMs=49 gameMs=13 drawMs=3 swapWait=0ms draws=2 decodes=0 decMs=0
[OTS] f=40080 calls=2 n0=2048 n1=16 prims=696 bb=535,742,334,385
[OTT] walkUs=17 texUs=0 emitUs=0 submitUs=3 otherUs=13 prims=0 usPerPrim=17
[FT] avgMs=17 worstMs=56 gameMs=13 drawMs=3 swapWait=0ms draws=2 decodes=0 decMs=0
[OTS] f=40200 calls=2 n0=2048 n1=16 prims=684 bb=535,742,334,385
[OTT] walkUs=17 texUs=0 emitUs=0 submitUs=3 otherUs=14 prims=0 usPerPrim=17
[FT] avgMs=16 worstMs=55 gameMs=12 drawMs=4 swapWait=0ms draws=2 decodes=0 decMs=0
[OTS] f=40320 calls=2 n0=2048 n1=16 prims=720 bb=535,742,334,385
[OTT] walkUs=17 texUs=0 emitUs=0 submitUs=2 otherUs=14 prims=0 usPerPrim=17
[FT] avgMs=16 worstMs=49 gameMs=11 drawMs=5 swapWait=1ms draws=2 decodes=0 decMs=0
[OTS] f=40440 calls=2 n0=2048 n1=16 prims=720 bb=535,742,334,385
[OTT] walkUs=17 texUs=0 emitUs=0 submitUs=3 otherUs=14 prims=0 usPerPrim=17
[SH-XBOX] vblank 54000
[MEM] tick: free=2520KB (630 pages)
[FT] avgMs=17 worstMs=74 gameMs=11 drawMs=6 swapWait=0ms draws=2 decodes=0 decMs=0
[OTS] f=40560 calls=2 n0=2048 n1=16 prims=720 bb=535,742,334,385
[OTT] walkUs=17 texUs=0 emitUs=0 submitUs=3 otherUs=14 prims=0 usPerPrim=17
[FT] avgMs=16 worstMs=55 gameMs=10 drawMs=5 swapWait=0ms draws=2 decodes=0 decMs=0
[OTS] f=40680 calls=2 n0=2048 n1=16 prims=720 bb=535,742,334,385
[OTT] walkUs=17 texUs=0 emitUs=0 submitUs=3 otherUs=14 prims=0 usPerPrim=17
[FT] avgMs=16 worstMs=47 gameMs=10 drawMs=6 swapWait=0ms draws=2 decodes=0 decMs=0
[OTS] f=40800 calls=2 n0=2048 n1=28 prims=744 bb=535,742,334,385
[OTT] walkUs=180 texUs=3 emitUs=26 submitUs=14 otherUs=134 prims=6 usPerPrim=30
[FT] avgMs=16 worstMs=59 gameMs=10 drawMs=6 swapWait=0ms draws=2 decodes=0 decMs=0
[OTS] f=40920 calls=2 n0=2048 n1=28 prims=744 bb=535,742,334,385
[OTT] walkUs=86 texUs=3 emitUs=26 submitUs=15 otherUs=41 prims=6 usPerPrim=14
[FT] avgMs=16 worstMs=53 gameMs=10 drawMs=6 swapWait=0ms draws=2 decodes=0 decMs=0
[OTS] f=41040 calls=2 n0=2048 n1=28 prims=744 bb=535,742,334,385
[OTT] walkUs=78 texUs=3 emitUs=26 submitUs=14 otherUs=33 prims=6 usPerPrim=13
[SH-XBOX] vblank 54600
[MEM] tick: free=2520KB (630 pages)
[FT] avgMs=17 worstMs=63 gameMs=11 drawMs=6 swapWait=0ms draws=2 decodes=0 decMs=0
[OTS] f=41160 calls=2 n0=2048 n1=28 prims=780 bb=535,742,334,385
[OTT] walkUs=75 texUs=2 emitUs=26 submitUs=14 otherUs=32 prims=6 usPerPrim=12
[FT] avgMs=16 worstMs=50 gameMs=10 drawMs=6 swapWait=0ms draws=2 decodes=0 decMs=0
[OTS] f=41280 calls=2 n0=2048 n1=28 prims=744 bb=535,742,334,385
[OTT] walkUs=78 texUs=3 emitUs=26 submitUs=14 otherUs=33 prims=6 usPerPrim=13
[FT] avgMs=17 worstMs=57 gameMs=10 drawMs=6 swapWait=0ms draws=2 decodes=0 decMs=0
[OTS] f=41400 calls=2 n0=2048 n1=28 prims=744 bb=535,742,334,385
[OTT] walkUs=82 texUs=3 emitUs=32 submitUs=15 otherUs=30 prims=6 usPerPrim=13
[FT] avgMs=16 worstMs=58 gameMs=11 drawMs=5 swapWait=0ms draws=2 decodes=0 decMs=0
[OTS] f=41520 calls=2 n0=2048 n1=28 prims=732 bb=535,742,334,385
[OTT] walkUs=76 texUs=3 emitUs=26 submitUs=16 otherUs=30 prims=6 usPerPrim=12
[FT] avgMs=16 worstMs=50 gameMs=13 drawMs=3 swapWait=0ms draws=2 decodes=0 decMs=0
[OTS] f=41640 calls=2 n0=2048 n1=28 prims=720 bb=535,742,334,385
[OTT] walkUs=366 texUs=3 emitUs=26 submitUs=17 otherUs=320 prims=6 usPerPrim=61
[SH-XBOX] vblank 55200
[MEM] tick: free=2520KB (630 pages)
[FT] avgMs=17 worstMs=52 gameMs=12 drawMs=4 swapWait=0ms draws=2 decodes=0 decMs=0
[OTS] f=41760 calls=2 n0=2048 n1=28 prims=720 bb=535,742,334,385
[OTT] walkUs=149 texUs=3 emitUs=26 submitUs=15 otherUs=103 prims=6 usPerPrim=24
[FT] avgMs=16 worstMs=48 gameMs=12 drawMs=4 swapWait=0ms draws=2 decodes=0 decMs=0
[OTS] f=41880 calls=2 n0=2048 n1=28 prims=720 bb=535,742,334,385
[OTT] walkUs=127 texUs=3 emitUs=26 submitUs=20 otherUs=76 prims=6 usPerPrim=21
[FT] avgMs=16 worstMs=57 gameMs=11 drawMs=5 swapWait=0ms draws=2 decodes=0 decMs=0
[OTS] f=42000 calls=2 n0=2048 n1=28 prims=720 bb=535,742,334,385
[OTT] walkUs=137 texUs=2 emitUs=26 submitUs=14 otherUs=93 prims=6 usPerPrim=22
[FT] avgMs=16 worstMs=55 gameMs=10 drawMs=6 swapWait=0ms draws=2 decodes=0 decMs=0
[OTS] f=42120 calls=2 n0=2048 n1=16 prims=708 bb=535,742,334,385
[OTT] walkUs=17 texUs=0 emitUs=0 submitUs=3 otherUs=14 prims=0 usPerPrim=17
[FT] avgMs=16 worstMs=48 gameMs=11 drawMs=5 swapWait=0ms draws=2 decodes=0 decMs=0
[OTS] f=42240 calls=2 n0=2048 n1=16 prims=696 bb=535,742,334,385
[OTT] walkUs=17 texUs=0 emitUs=0 submitUs=3 otherUs=14 prims=0 usPerPrim=17
[SH-XBOX] vblank 55800
[MEM] tick: free=2520KB (630 pages)
[FT] avgMs=17 worstMs=55 gameMs=11 drawMs=6 swapWait=0ms draws=2 decodes=0 decMs=0
[OTS] f=42360 calls=2 n0=2048 n1=16 prims=672 bb=535,742,334,385
[OTT] walkUs=17 texUs=0 emitUs=0 submitUs=3 otherUs=13 prims=0 usPerPrim=17
[FT] avgMs=16 worstMs=54 gameMs=10 drawMs=6 swapWait=0ms draws=2 decodes=0 decMs=0
[OTS] f=42480 calls=2 n0=2048 n1=16 prims=696 bb=535,742,334,385
[OTT] walkUs=17 texUs=0 emitUs=0 submitUs=3 otherUs=14 prims=0 usPerPrim=17
[FT] avgMs=16 worstMs=58 gameMs=10 drawMs=6 swapWait=0ms draws=2 decodes=0 decMs=0
[OTS] f=42600 calls=2 n0=2048 n1=16 prims=696 bb=535,742,334,385
[OTT] walkUs=17 texUs=0 emitUs=0 submitUs=3 otherUs=14 prims=0 usPerPrim=17
[FT] avgMs=16 worstMs=55 gameMs=10 drawMs=6 swapWait=1ms draws=2 decodes=0 decMs=0
[OTS] f=42720 calls=2 n0=2048 n1=16 prims=696 bb=535,742,334,385
[OTT] walkUs=17 texUs=0 emitUs=0 submitUs=3 otherUs=14 prims=0 usPerPrim=17
[FT] avgMs=16 worstMs=49 gameMs=10 drawMs=6 swapWait=0ms draws=2 decodes=0 decMs=0
[OTS] f=42840 calls=2 n0=2048 n1=16 prims=696 bb=535,742,334,385
[OTT] walkUs=17 texUs=0 emitUs=0 submitUs=3 otherUs=13 prims=0 usPerPrim=17
[SH-XBOX] vblank 56400
[MEM] tick: free=2520KB (630 pages)
[FT] avgMs=17 worstMs=60 gameMs=11 drawMs=6 swapWait=0ms draws=2 decodes=0 decMs=0
[OTS] f=42960 calls=2 n0=2048 n1=16 prims=696 bb=535,742,334,385
[OTT] walkUs=17 texUs=0 emitUs=0 submitUs=3 otherUs=14 prims=0 usPerPrim=17
[FT] avgMs=17 worstMs=62 gameMs=11 drawMs=5 swapWait=0ms draws=2 decodes=0 decMs=0
[OTS] f=43080 calls=2 n0=2048 n1=16 prims=720 bb=535,742,334,385
[OTT] walkUs=17 texUs=0 emitUs=0 submitUs=2 otherUs=14 prims=0 usPerPrim=17
[FT] avgMs=16 worstMs=45 gameMs=13 drawMs=3 swapWait=0ms draws=2 decodes=0 decMs=0
[OTS] f=43200 calls=2 n0=2048 n1=16 prims=708 bb=535,742,334,385
[OTT] walkUs=17 texUs=0 emitUs=0 submitUs=3 otherUs=14 prims=0 usPerPrim=17
[FT] avgMs=16 worstMs=47 gameMs=12 drawMs=4 swapWait=0ms draws=2 decodes=0 decMs=0
[OTS] f=43320 calls=2 n0=2048 n1=16 prims=720 bb=535,742,334,385
[OTT] walkUs=17 texUs=0 emitUs=0 submitUs=3 otherUs=14 prims=0 usPerPrim=17
[FT] avgMs=16 worstMs=50 gameMs=12 drawMs=4 swapWait=0ms draws=2 decodes=0 decMs=0
[OTS] f=43440 calls=2 n0=2048 n1=16 prims=720 bb=535,742,334,385
[OTT] walkUs=17 texUs=0 emitUs=0 submitUs=3 otherUs=13 prims=0 usPerPrim=17
[SH-XBOX] vblank 57000
[MEM] tick: free=2520KB (630 pages)
[FT] avgMs=17 worstMs=62 gameMs=11 drawMs=5 swapWait=0ms draws=2 decodes=0 decMs=0
[OTS] f=43560 calls=2 n0=2048 n1=28 prims=744 bb=535,742,334,385
[OTT] walkUs=76 texUs=3 emitUs=26 submitUs=14 otherUs=32 prims=6 usPerPrim=12
[FT] avgMs=16 worstMs=54 gameMs=11 drawMs=5 swapWait=0ms draws=2 decodes=0 decMs=0
[OTS] f=43680 calls=2 n0=2048 n1=28 prims=744 bb=535,742,334,385
[OTT] walkUs=97 texUs=3 emitUs=25 submitUs=14 otherUs=53 prims=6 usPerPrim=16
[FT] avgMs=16 worstMs=53 gameMs=11 drawMs=5 swapWait=0ms draws=2 decodes=0 decMs=0
[OTS] f=43800 calls=2 n0=2048 n1=28 prims=744 bb=535,742,334,385
[OTT] walkUs=92 texUs=3 emitUs=26 submitUs=14 otherUs=47 prims=6 usPerPrim=15
[FT] avgMs=16 worstMs=60 gameMs=10 drawMs=6 swapWait=0ms draws=2 decodes=0 decMs=0
[OTS] f=43920 calls=2 n0=2048 n1=28 prims=744 bb=535,742,334,385
[OTT] walkUs=279 texUs=3 emitUs=26 submitUs=15 otherUs=234 prims=6 usPerPrim=46
[FT] avgMs=16 worstMs=54 gameMs=10 drawMs=6 swapWait=0ms draws=2 decodes=0 decMs=0
[OTS] f=44040 calls=2 n0=2048 n1=28 prims=744 bb=535,742,334,385
[OTT] walkUs=199 texUs=3 emitUs=26 submitUs=14 otherUs=154 prims=6 usPerPrim=33
[SH-XBOX] vblank 57600
[MEM] tick: free=2520KB (630 pages)
[FT] avgMs=17 worstMs=61 gameMs=10 drawMs=6 swapWait=0ms draws=2 decodes=0 decMs=0
[OTS] f=44160 calls=2 n0=2048 n1=28 prims=780 bb=535,742,334,385
[OTT] walkUs=210 texUs=3 emitUs=25 submitUs=14 otherUs=168 prims=6 usPerPrim=35
[FT] avgMs=16 worstMs=51 gameMs=10 drawMs=6 swapWait=0ms draws=2 decodes=0 decMs=0
[OTS] f=44280 calls=2 n0=2048 n1=28 prims=732 bb=535,742,334,385
[OTT] walkUs=162 texUs=3 emitUs=26 submitUs=14 otherUs=118 prims=6 usPerPrim=27
[FT] avgMs=16 worstMs=59 gameMs=10 drawMs=6 swapWait=0ms draws=2 decodes=0 decMs=0
[OTS] f=44400 calls=2 n0=2048 n1=28 prims=720 bb=535,742,334,385
[OTT] walkUs=78 texUs=3 emitUs=26 submitUs=15 otherUs=32 prims=6 usPerPrim=13
[FT] avgMs=16 worstMs=54 gameMs=10 drawMs=6 swapWait=0ms draws=2 decodes=0 decMs=0
[OTS] f=44520 calls=2 n0=2048 n1=28 prims=720 bb=535,742,334,385
[OTT] walkUs=75 texUs=3 emitUs=25 submitUs=14 otherUs=31 prims=6 usPerPrim=12
[FT] avgMs=16 worstMs=49 gameMs=11 drawMs=5 swapWait=0ms draws=2 decodes=0 decMs=0
[OTS] f=44640 calls=2 n0=2048 n1=28 prims=720 bb=535,742,334,385
[OTT] walkUs=95 texUs=3 emitUs=24 submitUs=16 otherUs=51 prims=6 usPerPrim=15
[SH-XBOX] vblank 58200
[MEM] tick: free=2520KB (630 pages)
[FT] avgMs=17 worstMs=53 gameMs=13 drawMs=3 swapWait=0ms draws=2 decodes=0 decMs=0
[OTS] f=44760 calls=2 n0=2048 n1=28 prims=720 bb=535,742,334,385
[OTT] walkUs=217 texUs=3 emitUs=26 submitUs=14 otherUs=173 prims=6 usPerPrim=36
[FT] avgMs=16 worstMs=48 gameMs=12 drawMs=4 swapWait=0ms draws=2 decodes=0 decMs=0
[OTS] f=44880 calls=2 n0=2048 n1=28 prims=720 bb=535,742,334,385
[OTT] walkUs=76 texUs=3 emitUs=25 submitUs=15 otherUs=32 prims=6 usPerPrim=12
[FT] avgMs=16 worstMs=57 gameMs=12 drawMs=4 swapWait=0ms draws=2 decodes=0 decMs=0
[OTS] f=45000 calls=2 n0=2048 n1=16 prims=696 bb=535,742,334,385
[OTT] walkUs=17 texUs=0 emitUs=0 submitUs=3 otherUs=14 prims=0 usPerPrim=17
[FT] avgMs=16 worstMs=55 gameMs=11 drawMs=5 swapWait=0ms draws=2 decodes=0 decMs=0
[OTS] f=45120 calls=2 n0=2048 n1=16 prims=696 bb=535,742,334,385
[OTT] walkUs=17 texUs=0 emitUs=0 submitUs=3 otherUs=14 prims=0 usPerPrim=17
[FT] avgMs=16 worstMs=51 gameMs=11 drawMs=5 swapWait=0ms draws=2 decodes=0 decMs=0
[OTS] f=45240 calls=2 n0=2048 n1=16 prims=696 bb=535,742,334,385
[OTT] walkUs=17 texUs=0 emitUs=0 submitUs=3 otherUs=14 prims=0 usPerPrim=17
[SH-XBOX] vblank 58800
[MEM] tick: free=2520KB (630 pages)
[FT] avgMs=17 worstMs=61 gameMs=11 drawMs=6 swapWait=0ms draws=2 decodes=0 decMs=0
[OTS] f=45360 calls=2 n0=2048 n1=16 prims=660 bb=535,742,334,385
[OTT] walkUs=17 texUs=0 emitUs=0 submitUs=3 otherUs=14 prims=0 usPerPrim=17
[FT] avgMs=17 worstMs=62 gameMs=10 drawMs=6 swapWait=0ms draws=2 decodes=0 decMs=0
[OTS] f=45480 calls=2 n0=2048 n1=16 prims=684 bb=535,742,334,385
[OTT] walkUs=17 texUs=0 emitUs=0 submitUs=3 otherUs=13 prims=0 usPerPrim=17
[FT] avgMs=16 worstMs=50 gameMs=10 drawMs=6 swapWait=0ms draws=2 decodes=0 decMs=0
[OTS] f=45600 calls=2 n0=2048 n1=16 prims=696 bb=535,742,334,385
[OTT] walkUs=17 texUs=0 emitUs=0 submitUs=3 otherUs=14 prims=0 usPerPrim=17
[FT] avgMs=16 worstMs=59 gameMs=10 drawMs=6 swapWait=0ms draws=2 decodes=0 decMs=0
[OTS] f=45720 calls=2 n0=2048 n1=16 prims=708 bb=535,742,334,385
[OTT] walkUs=17 texUs=0 emitUs=0 submitUs=3 otherUs=14 prims=0 usPerPrim=17
[FT] avgMs=16 worstMs=52 gameMs=10 drawMs=6 swapWait=0ms draws=2 decodes=0 decMs=0
[OTS] f=45840 calls=2 n0=2048 n1=16 prims=720 bb=535,742,334,385
[OTT] walkUs=17 texUs=0 emitUs=0 submitUs=3 otherUs=14 prims=0 usPerPrim=17
[SH-XBOX] vblank 59400
[MEM] tick: free=2520KB (630 pages)
[FT] avgMs=17 worstMs=60 gameMs=10 drawMs=6 swapWait=0ms draws=2 decodes=0 decMs=0
[OTS] f=45960 calls=2 n0=2048 n1=16 prims=720 bb=535,742,334,385
[OTT] walkUs=17 texUs=0 emitUs=0 submitUs=3 otherUs=14 prims=0 usPerPrim=17
[FT] avgMs=16 worstMs=57 gameMs=10 drawMs=6 swapWait=1ms draws=2 decodes=0 decMs=0
[OTS] f=46080 calls=2 n0=2048 n1=16 prims=708 bb=535,742,334,385
[OTT] walkUs=17 texUs=0 emitUs=0 submitUs=3 otherUs=13 prims=0 usPerPrim=17
[FT] avgMs=16 worstMs=52 gameMs=11 drawMs=5 swapWait=0ms draws=2 decodes=0 decMs=0
[OTS] f=46200 calls=2 n0=2048 n1=16 prims=720 bb=535,742,334,385
[OTT] walkUs=17 texUs=0 emitUs=0 submitUs=3 otherUs=13 prims=0 usPerPrim=17
[FT] avgMs=16 worstMs=54 gameMs=13 drawMs=3 swapWait=0ms draws=2 decodes=0 decMs=0
[OTS] f=46320 calls=2 n0=2048 n1=28 prims=744 bb=535,742,334,385
[OTT] walkUs=209 texUs=3 emitUs=31 submitUs=15 otherUs=159 prims=6 usPerPrim=34
[FT] avgMs=16 worstMs=50 gameMs=12 drawMs=4 swapWait=0ms draws=2 decodes=0 decMs=0
[OTS] f=46440 calls=2 n0=2048 n1=28 prims=744 bb=535,742,334,385
[OTT] walkUs=167 texUs=3 emitUs=26 submitUs=14 otherUs=121 prims=6 usPerPrim=27
[SH-XBOX] vblank 60000
[MEM] tick: free=2520KB (630 pages)
[FT] avgMs=17 worstMs=50 gameMs=13 drawMs=3 swapWait=0ms draws=2 decodes=0 decMs=0
[OTS] f=46560 calls=2 n0=2048 n1=28 prims=756 bb=535,742,334,385
[OTT] walkUs=77 texUs=3 emitUs=26 submitUs=16 otherUs=31 prims=6 usPerPrim=12
[FT] avgMs=16 worstMs=47 gameMs=11 drawMs=5 swapWait=0ms draws=2 decodes=0 decMs=0
[OTS] f=46680 calls=2 n0=2048 n1=28 prims=744 bb=535,742,334,385
[OTT] walkUs=271 texUs=2 emitUs=25 submitUs=14 otherUs=227 prims=6 usPerPrim=45
[FT] avgMs=16 worstMs=59 gameMs=11 drawMs=5 swapWait=0ms draws=2 decodes=0 decMs=0
[OTS] f=46800 calls=2 n0=2048 n1=28 prims=744 bb=535,742,334,385
[OTT] walkUs=120 texUs=3 emitUs=26 submitUs=14 otherUs=75 prims=6 usPerPrim=20
[FT] avgMs=16 worstMs=54 gameMs=11 drawMs=5 swapWait=0ms draws=2 decodes=0 decMs=0
[OTS] f=46920 calls=2 n0=2048 n1=28 prims=744 bb=535,742,334,385
[OTT] walkUs=80 texUs=3 emitUs=29 submitUs=15 otherUs=32 prims=6 usPerPrim=13
[FT] avgMs=16 worstMs=50 gameMs=10 drawMs=6 swapWait=0ms draws=2 decodes=0 decMs=0
[OTS] f=47040 calls=2 n0=2048 n1=28 prims=744 bb=535,742,334,385
[OTT] walkUs=77 texUs=3 emitUs=26 submitUs=14 otherUs=32 prims=6 usPerPrim=12
[SH-XBOX] vblank 60600
[MEM] tick: free=2520KB (630 pages)
[FT] avgMs=17 worstMs=61 gameMs=10 drawMs=7 swapWait=0ms draws=2 decodes=0 decMs=0
[OTS] f=47160 calls=2 n0=2048 n1=28 prims=732 bb=535,742,334,385
[OTT] walkUs=400 texUs=3 emitUs=26 submitUs=14 otherUs=355 prims=6 usPerPrim=66
[FT] avgMs=16 worstMs=60 gameMs=10 drawMs=6 swapWait=0ms draws=2 decodes=0 decMs=0
[OTS] f=47280 calls=2 n0=2048 n1=28 prims=720 bb=535,742,334,385
[OTT] walkUs=80 texUs=3 emitUs=26 submitUs=13 otherUs=37 prims=6 usPerPrim=13
[FT] avgMs=16 worstMs=52 gameMs=10 drawMs=6 swapWait=0ms draws=2 decodes=0 decMs=0
[OTS] f=47400 calls=2 n0=2048 n1=28 prims=720 bb=535,742,334,385
[OTT] walkUs=113 texUs=3 emitUs=26 submitUs=14 otherUs=69 prims=6 usPerPrim=18
[FT] avgMs=16 worstMs=50 gameMs=10 drawMs=6 swapWait=0ms draws=2 decodes=0 decMs=0
[OTS] f=47520 calls=2 n0=2048 n1=28 prims=720 bb=535,742,334,385
[OTT] walkUs=87 texUs=3 emitUs=26 submitUs=15 otherUs=41 prims=6 usPerPrim=14
[FT] avgMs=16 worstMs=60 gameMs=10 drawMs=6 swapWait=0ms draws=2 decodes=0 decMs=0
[OTS] f=47640 calls=2 n0=2048 n1=28 prims=720 bb=535,742,334,385
[OTT] walkUs=81 texUs=3 emitUs=30 submitUs=14 otherUs=33 prims=6 usPerPrim=13
[SH-XBOX] vblank 61200
[MEM] tick: free=2520KB (630 pages)
[FT] avgMs=17 worstMs=53 gameMs=11 drawMs=5 swapWait=0ms draws=2 decodes=0 decMs=0
[OTS] f=47760 calls=2 n0=2048 n1=16 prims=684 bb=535,742,334,385
[OTT] walkUs=17 texUs=0 emitUs=0 submitUs=3 otherUs=13 prims=0 usPerPrim=17
[FT] avgMs=16 worstMs=56 gameMs=13 drawMs=3 swapWait=0ms draws=2 decodes=0 decMs=0
[OTS] f=47880 calls=2 n0=2048 n1=16 prims=696 bb=535,742,334,385
[OTT] walkUs=17 texUs=0 emitUs=0 submitUs=3 otherUs=13 prims=0 usPerPrim=17
[FT] avgMs=16 worstMs=52 gameMs=12 drawMs=4 swapWait=0ms draws=2 decodes=0 decMs=0
[OTS] f=48000 calls=2 n0=2048 n1=16 prims=696 bb=535,742,334,385
[OTT] walkUs=17 texUs=0 emitUs=0 submitUs=3 otherUs=14 prims=0 usPerPrim=17
[FT] avgMs=16 worstMs=46 gameMs=13 drawMs=3 swapWait=0ms draws=2 decodes=0 decMs=0
[OTS] f=48120 calls=2 n0=2048 n1=16 prims=708 bb=535,742,334,385
[OTT] walkUs=17 texUs=0 emitUs=0 submitUs=3 otherUs=14 prims=0 usPerPrim=17
[FT] avgMs=16 worstMs=53 gameMs=11 drawMs=5 swapWait=0ms draws=2 decodes=0 decMs=0
[OTS] f=48240 calls=2 n0=2048 n1=16 prims=696 bb=535,742,334,385
[OTT] walkUs=17 texUs=0 emitUs=0 submitUs=3 otherUs=14 prims=0 usPerPrim=17
[SH-XBOX] vblank 61800
[MEM] tick: free=2520KB (630 pages)
[FT] avgMs=17 worstMs=64 gameMs=11 drawMs=5 swapWait=0ms draws=2 decodes=0 decMs=0
[OTS] f=48360 calls=2 n0=2048 n1=16 prims=660 bb=535,742,334,385
[OTT] walkUs=17 texUs=0 emitUs=0 submitUs=3 otherUs=13 prims=0 usPerPrim=17
[FT] avgMs=16 worstMs=50 gameMs=10 drawMs=5 swapWait=0ms draws=2 decodes=0 decMs=0
[OTS] f=48480 calls=2 n0=2048 n1=16 prims=708 bb=535,742,334,385
[OTT] walkUs=17 texUs=0 emitUs=0 submitUs=3 otherUs=14 prims=0 usPerPrim=17
[FT] avgMs=16 worstMs=58 gameMs=10 drawMs=6 swapWait=1ms draws=2 decodes=0 decMs=0
[OTS] f=48600 calls=2 n0=2048 n1=16 prims=720 bb=535,742,334,385
[OTT] walkUs=17 texUs=0 emitUs=0 submitUs=3 otherUs=13 prims=0 usPerPrim=17
[FT] avgMs=16 worstMs=54 gameMs=9 drawMs=6 swapWait=0ms draws=2 decodes=0 decMs=0
[OTS] f=48720 calls=2 n0=2048 n1=16 prims=720 bb=535,742,334,385
[OTT] walkUs=17 texUs=0 emitUs=0 submitUs=3 otherUs=13 prims=0 usPerPrim=17
[FT] avgMs=16 worstMs=60 gameMs=10 drawMs=6 swapWait=0ms draws=2 decodes=0 decMs=0
[OTS] f=48840 calls=2 n0=2048 n1=16 prims=720 bb=535,742,334,385
[OTT] walkUs=17 texUs=0 emitUs=0 submitUs=5 otherUs=12 prims=0 usPerPrim=17
[SH-XBOX] vblank 62400
[MEM] tick: free=2520KB (630 pages)
[FT] avgMs=17 worstMs=80 gameMs=11 drawMs=6 swapWait=0ms draws=2 decodes=0 decMs=0
[OTS] f=48960 calls=2 n0=2048 n1=28 prims=732 bb=535,742,334,385
[OTT] walkUs=88 texUs=3 emitUs=26 submitUs=14 otherUs=43 prims=6 usPerPrim=14
[FT] avgMs=16 worstMs=51 gameMs=10 drawMs=6 swapWait=0ms draws=2 decodes=0 decMs=0
[OTS] f=49080 calls=2 n0=2048 n1=28 prims=744 bb=535,742,334,385
[OTT] walkUs=232 texUs=3 emitUs=24 submitUs=151 otherUs=52 prims=6 usPerPrim=38
[FT] avgMs=17 worstMs=61 gameMs=10 drawMs=6 swapWait=0ms draws=2 decodes=0 decMs=0
[OTS] f=49200 calls=2 n0=2048 n1=28 prims=756 bb=535,742,334,385
[OTT] walkUs=198 texUs=3 emitUs=26 submitUs=14 otherUs=153 prims=6 usPerPrim=33
[FT] avgMs=17 worstMs=60 gameMs=11 drawMs=5 swapWait=0ms draws=2 decodes=0 decMs=0
[OTS] f=49320 calls=2 n0=2048 n1=28 prims=756 bb=535,742,334,385
[OTT] walkUs=228 texUs=3 emitUs=24 submitUs=19 otherUs=180 prims=6 usPerPrim=38
[FT] avgMs=16 worstMs=45 gameMs=13 drawMs=3 swapWait=0ms draws=2 decodes=0 decMs=0
[OTS] f=49440 calls=2 n0=2048 n1=28 prims=732 bb=535,742,334,385
[OTT] walkUs=75 texUs=3 emitUs=24 submitUs=15 otherUs=31 prims=6 usPerPrim=12
[SH-XBOX] vblank 63000
[MEM] tick: free=2520KB (630 pages)
[FT] avgMs=17 worstMs=54 gameMs=12 drawMs=4 swapWait=0ms draws=2 decodes=0 decMs=0
[OTS] f=49560 calls=2 n0=2048 n1=28 prims=756 bb=535,742,334,385
[OTT] walkUs=76 texUs=2 emitUs=26 submitUs=14 otherUs=32 prims=6 usPerPrim=12
[FT] avgMs=16 worstMs=48 gameMs=13 drawMs=3 swapWait=0ms draws=2 decodes=0 decMs=0
[OTS] f=49680 calls=2 n0=2048 n1=28 prims=744 bb=535,742,334,385
[OTT] walkUs=109 texUs=2 emitUs=26 submitUs=15 otherUs=64 prims=6 usPerPrim=18
[FT] avgMs=17 worstMs=56 gameMs=11 drawMs=5 swapWait=0ms draws=2 decodes=0 decMs=0
[OTS] f=49800 calls=2 n0=2048 n1=28 prims=744 bb=535,742,334,385
[OTT] walkUs=179 texUs=3 emitUs=26 submitUs=13 otherUs=136 prims=6 usPerPrim=29
[FT] avgMs=16 worstMs=49 gameMs=11 drawMs=5 swapWait=0ms draws=2 decodes=0 decMs=0
[OTS] f=49920 calls=2 n0=2048 n1=28 prims=720 bb=535,742,334,385
[OTT] walkUs=79 texUs=3 emitUs=25 submitUs=14 otherUs=36 prims=6 usPerPrim=13
[FT] avgMs=16 worstMs=58 gameMs=10 drawMs=6 swapWait=0ms draws=2 decodes=0 decMs=0
[OTS] f=50040 calls=2 n0=2048 n1=28 prims=720 bb=535,742,334,385
[OTT] walkUs=141 texUs=3 emitUs=26 submitUs=15 otherUs=96 prims=6 usPerPrim=23
[SH-XBOX] vblank 63600
[MEM] tick: free=2520KB (630 pages)
[FT] avgMs=17 worstMs=50 gameMs=10 drawMs=6 swapWait=0ms draws=2 decodes=0 decMs=0
[OTS] f=50160 calls=2 n0=2048 n1=28 prims=720 bb=535,742,334,385
[OTT] walkUs=188 texUs=3 emitUs=25 submitUs=15 otherUs=143 prims=6 usPerPrim=31
[FT] avgMs=17 worstMs=61 gameMs=10 drawMs=6 swapWait=0ms draws=2 decodes=0 decMs=0
[OTS] f=50280 calls=2 n0=2048 n1=28 prims=720 bb=535,742,334,385
[OTT] walkUs=259 texUs=3 emitUs=24 submitUs=101 otherUs=129 prims=6 usPerPrim=43
[FT] avgMs=16 worstMs=48 gameMs=10 drawMs=6 swapWait=0ms draws=2 decodes=0 decMs=0
[OTS] f=50400 calls=2 n0=2048 n1=16 prims=696 bb=535,742,334,385
[OTT] walkUs=17 texUs=0 emitUs=0 submitUs=3 otherUs=13 prims=0 usPerPrim=17
[FT] avgMs=16 worstMs=56 gameMs=10 drawMs=6 swapWait=0ms draws=2 decodes=0 decMs=0
[OTS] f=50520 calls=2 n0=2048 n1=16 prims=696 bb=535,742,334,385
[OTT] walkUs=17 texUs=0 emitUs=0 submitUs=3 otherUs=13 prims=0 usPerPrim=17
[FT] avgMs=16 worstMs=51 gameMs=10 drawMs=6 swapWait=0ms draws=2 decodes=0 decMs=0
[OTS] f=50640 calls=2 n0=2048 n1=16 prims=696 bb=535,742,334,385
[OTT] walkUs=17 texUs=0 emitUs=0 submitUs=3 otherUs=14 prims=0 usPerPrim=17
[SH-XBOX] vblank 64200
[MEM] tick: free=2520KB (630 pages)
[FT] avgMs=17 worstMs=59 gameMs=11 drawMs=6 swapWait=0ms draws=2 decodes=0 decMs=0
[OTS] f=50760 calls=2 n0=2048 n1=16 prims=672 bb=535,742,334,385
[OTT] walkUs=17 texUs=0 emitUs=0 submitUs=3 otherUs=14 prims=0 usPerPrim=17
[FT] avgMs=16 worstMs=56 gameMs=11 drawMs=5 swapWait=0ms draws=2 decodes=0 decMs=0
[OTS] f=50880 calls=2 n0=2048 n1=16 prims=696 bb=535,742,334,385
[OTT] walkUs=17 texUs=0 emitUs=0 submitUs=3 otherUs=14 prims=0 usPerPrim=17
[FT] avgMs=16 worstMs=46 gameMs=13 drawMs=3 swapWait=0ms draws=2 decodes=0 decMs=0
[OTS] f=51000 calls=2 n0=2048 n1=16 prims=708 bb=535,742,334,385
[OTT] walkUs=17 texUs=0 emitUs=0 submitUs=6 otherUs=11 prims=0 usPerPrim=17
[FT] avgMs=16 worstMs=47 gameMs=12 drawMs=4 swapWait=0ms draws=2 decodes=0 decMs=0
[OTS] f=51120 calls=2 n0=2048 n1=16 prims=696 bb=535,742,334,385
[OTT] walkUs=17 texUs=0 emitUs=0 submitUs=3 otherUs=14 prims=0 usPerPrim=17
[FT] avgMs=16 worstMs=55 gameMs=13 drawMs=3 swapWait=0ms draws=2 decodes=0 decMs=0
[OTS] f=51240 calls=2 n0=2048 n1=16 prims=708 bb=535,742,334,385
[OTT] walkUs=17 texUs=0 emitUs=0 submitUs=3 otherUs=13 prims=0 usPerPrim=17
[SH-XBOX] vblank 64800
[MEM] tick: free=2520KB (630 pages)
[FT] avgMs=17 worstMs=55 gameMs=11 drawMs=5 swapWait=0ms draws=2 decodes=0 decMs=0
[OTS] f=51360 calls=2 n0=2048 n1=16 prims=720 bb=535,742,334,385
[OTT] walkUs=17 texUs=0 emitUs=0 submitUs=3 otherUs=13 prims=0 usPerPrim=17
[FT] avgMs=16 worstMs=50 gameMs=11 drawMs=5 swapWait=0ms draws=2 decodes=0 decMs=0
[OTS] f=51480 calls=2 n0=2048 n1=16 prims=720 bb=535,742,334,385
[OTT] walkUs=17 texUs=0 emitUs=0 submitUs=3 otherUs=14 prims=0 usPerPrim=17
[FT] avgMs=16 worstMs=56 gameMs=10 drawMs=5 swapWait=0ms draws=2 decodes=0 decMs=0
[OTS] f=51600 calls=2 n0=2048 n1=16 prims=720 bb=535,742,334,385
[OTT] walkUs=17 texUs=0 emitUs=0 submitUs=3 otherUs=14 prims=0 usPerPrim=17
[FT] avgMs=16 worstMs=57 gameMs=10 drawMs=6 swapWait=0ms draws=2 decodes=0 decMs=0
[OTS] f=51720 calls=2 n0=2048 n1=16 prims=720 bb=535,742,334,385
[OTT] walkUs=17 texUs=0 emitUs=0 submitUs=3 otherUs=14 prims=0 usPerPrim=17
[FT] avgMs=16 worstMs=49 gameMs=10 drawMs=6 swapWait=1ms draws=2 decodes=0 decMs=0
[OTS] f=51840 calls=2 n0=2048 n1=28 prims=720 bb=535,742,334,385
[OTT] walkUs=79 texUs=3 emitUs=26 submitUs=15 otherUs=34 prims=6 usPerPrim=13
[SH-XBOX] vblank 65400
[MEM] tick: free=2520KB (630 pages)
[FT] avgMs=17 worstMs=56 gameMs=10 drawMs=6 swapWait=0ms draws=2 decodes=0 decMs=0
[OTS] f=51960 calls=2 n0=2048 n1=28 prims=780 bb=535,742,334,385
[OTT] walkUs=190 texUs=3 emitUs=26 submitUs=14 otherUs=145 prims=6 usPerPrim=31
[FT] avgMs=16 worstMs=50 gameMs=10 drawMs=6 swapWait=0ms draws=2 decodes=0 decMs=0
[OTS] f=52080 calls=2 n0=2048 n1=28 prims=744 bb=535,742,334,385
[OTT] walkUs=107 texUs=3 emitUs=32 submitUs=14 otherUs=57 prims=6 usPerPrim=17
[FT] avgMs=16 worstMs=60 gameMs=10 drawMs=6 swapWait=0ms draws=2 decodes=0 decMs=0
[OTS] f=52200 calls=2 n0=2048 n1=28 prims=744 bb=535,742,334,385
[OTT] walkUs=186 texUs=3 emitUs=26 submitUs=14 otherUs=142 prims=6 usPerPrim=31
[FT] avgMs=16 worstMs=55 gameMs=10 drawMs=6 swapWait=0ms draws=2 decodes=0 decMs=0
[OTS] f=52320 calls=2 n0=2048 n1=28 prims=744 bb=535,742,334,385
[OTT] walkUs=95 texUs=3 emitUs=26 submitUs=14 otherUs=50 prims=6 usPerPrim=15
[FT] avgMs=16 worstMs=51 gameMs=11 drawMs=5 swapWait=0ms draws=2 decodes=0 decMs=0
[OTS] f=52440 calls=2 n0=2048 n1=28 prims=744 bb=535,742,334,385
[OTT] walkUs=80 texUs=3 emitUs=29 submitUs=15 otherUs=32 prims=6 usPerPrim=13
[SH-XBOX] vblank 66000
[MEM] tick: free=2520KB (630 pages)
[FT] avgMs=17 worstMs=54 gameMs=13 drawMs=3 swapWait=0ms draws=2 decodes=0 decMs=0
[OTS] f=52560 calls=2 n0=2048 n1=28 prims=768 bb=535,742,334,385
[OTT] walkUs=226 texUs=3 emitUs=25 submitUs=167 otherUs=30 prims=6 usPerPrim=37
[FT] avgMs=16 worstMs=49 gameMs=12 drawMs=4 swapWait=0ms draws=2 decodes=0 decMs=0
[OTS] f=52680 calls=2 n0=2048 n1=28 prims=732 bb=535,742,334,385
[OTT] walkUs=127 texUs=3 emitUs=26 submitUs=14 otherUs=83 prims=6 usPerPrim=21
[FT] avgMs=16 worstMs=44 gameMs=13 drawMs=3 swapWait=0ms draws=2 decodes=0 decMs=0
[OTS] f=52800 calls=2 n0=2048 n1=28 prims=720 bb=535,742,334,385
[OTT] walkUs=76 texUs=3 emitUs=26 submitUs=16 otherUs=29 prims=6 usPerPrim=12
[FT] avgMs=16 worstMs=55 gameMs=10 drawMs=6 swapWait=0ms draws=2 decodes=0 decMs=0
[OTS] f=52920 calls=2 n0=2048 n1=28 prims=720 bb=535,742,334,385
[OTT] walkUs=254 texUs=3 emitUs=25 submitUs=54 otherUs=171 prims=6 usPerPrim=42
[FT] avgMs=16 worstMs=58 gameMs=11 drawMs=5 swapWait=0ms draws=2 decodes=0 decMs=0
[OTS] f=53040 calls=2 n0=2048 n1=28 prims=720 bb=535,742,334,385
[OTT] walkUs=92 texUs=3 emitUs=26 submitUs=13 otherUs=48 prims=6 usPerPrim=15
[SH-XBOX] vblank 66600
[MEM] tick: free=2520KB (630 pages)
[FT] avgMs=17 worstMs=53 gameMs=11 drawMs=5 swapWait=0ms draws=2 decodes=0 decMs=0
[OTS] f=53160 calls=2 n0=2048 n1=28 prims=720 bb=535,742,334,385
[OTT] walkUs=78 texUs=3 emitUs=26 submitUs=14 otherUs=34 prims=6 usPerPrim=13
[FT] avgMs=16 worstMs=51 gameMs=10 drawMs=6 swapWait=0ms draws=2 decodes=0 decMs=0
[OTS] f=53280 calls=2 n0=2048 n1=16 prims=708 bb=535,742,334,385
[OTT] walkUs=17 texUs=0 emitUs=0 submitUs=3 otherUs=14 prims=0 usPerPrim=17
[FT] avgMs=16 worstMs=57 gameMs=10 drawMs=6 swapWait=0ms draws=2 decodes=0 decMs=0
[OTS] f=53400 calls=2 n0=2048 n1=16 prims=696 bb=535,742,334,385
[OTT] walkUs=17 texUs=0 emitUs=0 submitUs=3 otherUs=14 prims=0 usPerPrim=17
[FT] avgMs=16 worstMs=51 gameMs=10 drawMs=6 swapWait=0ms draws=2 decodes=0 decMs=0
[OTS] f=53520 calls=2 n0=2048 n1=16 prims=696 bb=535,742,334,385
[OTT] walkUs=17 texUs=0 emitUs=0 submitUs=3 otherUs=14 prims=0 usPerPrim=17
[FT] avgMs=17 worstMs=62 gameMs=10 drawMs=6 swapWait=0ms draws=2 decodes=0 decMs=0
[OTS] f=53640 calls=2 n0=2048 n1=16 prims=684 bb=535,742,334,385
[OTT] walkUs=17 texUs=0 emitUs=0 submitUs=4 otherUs=13 prims=0 usPerPrim=17
[SH-XBOX] vblank 67200
[MEM] tick: free=2520KB (630 pages)
[FT] avgMs=17 worstMs=62 gameMs=11 drawMs=6 swapWait=0ms draws=2 decodes=0 decMs=0
[OTS] f=53760 calls=2 n0=2048 n1=16 prims=660 bb=535,742,334,385
[OTT] walkUs=17 texUs=0 emitUs=0 submitUs=3 otherUs=13 prims=0 usPerPrim=17
[FT] avgMs=16 worstMs=49 gameMs=11 drawMs=5 swapWait=0ms draws=2 decodes=0 decMs=0
[OTS] f=53880 calls=2 n0=2048 n1=16 prims=696 bb=535,742,334,385
[OTT] walkUs=17 texUs=0 emitUs=0 submitUs=3 otherUs=13 prims=0 usPerPrim=17
[FT] avgMs=16 worstMs=60 gameMs=11 drawMs=5 swapWait=0ms draws=2 decodes=0 decMs=0
[OTS] f=54000 calls=2 n0=2048 n1=16 prims=708 bb=535,742,334,385
[OTT] walkUs=17 texUs=0 emitUs=0 submitUs=3 otherUs=14 prims=0 usPerPrim=17
[FT] avgMs=16 worstMs=50 gameMs=13 drawMs=3 swapWait=0ms draws=2 decodes=0 decMs=0
[OTS] f=54120 calls=2 n0=2048 n1=16 prims=720 bb=535,742,334,385
[OTT] walkUs=17 texUs=0 emitUs=0 submitUs=3 otherUs=14 prims=0 usPerPrim=17
[FT] avgMs=16 worstMs=47 gameMs=12 drawMs=4 swapWait=0ms draws=2 decodes=0 decMs=0
[OTS] f=54240 calls=2 n0=2048 n1=16 prims=720 bb=535,742,334,385
[OTT] walkUs=17 texUs=0 emitUs=0 submitUs=3 otherUs=13 prims=0 usPerPrim=17
[SH-XBOX] vblank 67800
[MEM] tick: free=2520KB (630 pages)
[FT] avgMs=17 worstMs=52 gameMs=13 drawMs=3 swapWait=0ms draws=2 decodes=0 decMs=0
[OTS] f=54360 calls=2 n0=2048 n1=16 prims=720 bb=535,742,334,385
[OTT] walkUs=17 texUs=0 emitUs=0 submitUs=3 otherUs=14 prims=0 usPerPrim=17
[FT] avgMs=16 worstMs=51 gameMs=10 drawMs=6 swapWait=0ms draws=2 decodes=0 decMs=0
[OTS] f=54480 calls=2 n0=2048 n1=16 prims=720 bb=535,742,334,385
[OTT] walkUs=17 texUs=0 emitUs=0 submitUs=3 otherUs=14 prims=0 usPerPrim=17
[FT] avgMs=16 worstMs=59 gameMs=11 drawMs=5 swapWait=0ms draws=2 decodes=0 decMs=0
[OTS] f=54600 calls=2 n0=2048 n1=16 prims=720 bb=535,742,334,385
[OTT] walkUs=17 texUs=0 emitUs=0 submitUs=3 otherUs=14 prims=0 usPerPrim=17
[FT] avgMs=16 worstMs=54 gameMs=11 drawMs=5 swapWait=1ms draws=2 decodes=0 decMs=0
[OTS] f=54720 calls=2 n0=2048 n1=28 prims=744 bb=535,742,334,385
[OTT] walkUs=95 texUs=3 emitUs=27 submitUs=14 otherUs=50 prims=6 usPerPrim=15
[FT] avgMs=16 worstMs=51 gameMs=10 drawMs=6 swapWait=1ms draws=2 decodes=0 decMs=0
[OTS] f=54840 calls=2 n0=2048 n1=28 prims=732 bb=535,742,334,385
[OTT] walkUs=76 texUs=3 emitUs=26 submitUs=14 otherUs=32 prims=6 usPerPrim=12
[SH-XBOX] vblank 68400
[MEM] tick: free=2520KB (630 pages)
[FT] avgMs=17 worstMs=61 gameMs=10 drawMs=6 swapWait=0ms draws=2 decodes=0 decMs=0
[OTS] f=54960 calls=2 n0=2048 n1=28 prims=780 bb=535,742,334,385
[OTT] walkUs=78 texUs=3 emitUs=26 submitUs=15 otherUs=33 prims=6 usPerPrim=13
[FT] avgMs=16 worstMs=61 gameMs=10 drawMs=6 swapWait=0ms draws=2 decodes=0 decMs=0
[OTS] f=55080 calls=2 n0=2048 n1=28 prims=744 bb=535,742,334,385
[OTT] walkUs=239 texUs=3 emitUs=29 submitUs=174 otherUs=31 prims=6 usPerPrim=39
[FT] avgMs=16 worstMs=56 gameMs=10 drawMs=6 swapWait=0ms draws=2 decodes=0 decMs=0
[OTS] f=55200 calls=2 n0=2048 n1=28 prims=744 bb=535,742,334,385
[OTT] walkUs=76 texUs=3 emitUs=26 submitUs=14 otherUs=31 prims=6 usPerPrim=12
[FT] avgMs=16 worstMs=50 gameMs=10 drawMs=6 swapWait=0ms draws=2 decodes=0 decMs=0
[OTS] f=55320 calls=2 n0=2048 n1=28 prims=744 bb=535,742,334,385
[OTT] walkUs=77 texUs=3 emitUs=26 submitUs=14 otherUs=32 prims=6 usPerPrim=12
[FT] avgMs=16 worstMs=60 gameMs=11 drawMs=5 swapWait=0ms draws=2 decodes=0 decMs=0
[OTS] f=55440 calls=2 n0=2048 n1=28 prims=732 bb=535,742,334,385
[OTT] walkUs=86 texUs=3 emitUs=30 submitUs=14 otherUs=37 prims=6 usPerPrim=14
[SH-XBOX] vblank 69000
[MEM] tick: free=2520KB (630 pages)
[FT] avgMs=17 worstMs=56 gameMs=12 drawMs=4 swapWait=0ms draws=2 decodes=0 decMs=0
[OTS] f=55560 calls=2 n0=2048 n1=28 prims=720 bb=535,742,334,385
[OTT] walkUs=218 texUs=3 emitUs=25 submitUs=15 otherUs=174 prims=6 usPerPrim=36
[FT] avgMs=16 worstMs=51 gameMs=13 drawMs=3 swapWait=0ms draws=2 decodes=0 decMs=0
[OTS] f=55680 calls=2 n0=2048 n1=28 prims=720 bb=535,742,334,385
[OTT] walkUs=163 texUs=3 emitUs=25 submitUs=15 otherUs=118 prims=6 usPerPrim=27
[FT] avgMs=16 worstMs=47 gameMs=11 drawMs=4 swapWait=0ms draws=2 decodes=0 decMs=0
[OTS] f=55800 calls=2 n0=2048 n1=28 prims=720 bb=535,742,334,385
[OTT] walkUs=207 texUs=3 emitUs=26 submitUs=17 otherUs=160 prims=6 usPerPrim=34
[FT] avgMs=16 worstMs=54 gameMs=13 drawMs=3 swapWait=0ms draws=2 decodes=0 decMs=0
[OTS] f=55920 calls=2 n0=2048 n1=28 prims=720 bb=535,742,334,385
[OTT] walkUs=134 texUs=2 emitUs=26 submitUs=14 otherUs=91 prims=6 usPerPrim=22
[FT] avgMs=16 worstMs=51 gameMs=10 drawMs=6 swapWait=0ms draws=2 decodes=0 decMs=0
[OTS] f=56040 calls=2 n0=2048 n1=28 prims=720 bb=535,742,334,385
[OTT] walkUs=239 texUs=3 emitUs=25 submitUs=15 otherUs=195 prims=6 usPerPrim=39
[SH-XBOX] vblank 69600
[MEM] tick: free=2520KB (630 pages)
[FT] avgMs=17 worstMs=63 gameMs=11 drawMs=5 swapWait=0ms draws=2 decodes=0 decMs=0
[OTS] f=56160 calls=2 n0=2048 n1=16 prims=660 bb=535,742,334,385
[OTT] walkUs=17 texUs=0 emitUs=0 submitUs=4 otherUs=13 prims=0 usPerPrim=17
[FT] avgMs=17 worstMs=51 gameMs=11 drawMs=5 swapWait=0ms draws=2 decodes=0 decMs=0
[OTS] f=56280 calls=2 n0=2048 n1=16 prims=696 bb=535,742,334,385
[OTT] walkUs=17 texUs=0 emitUs=0 submitUs=3 otherUs=14 prims=0 usPerPrim=17
[FT] avgMs=17 worstMs=60 gameMs=10 drawMs=6 swapWait=0ms draws=2 decodes=0 decMs=0
[OTS] f=56400 calls=2 n0=2048 n1=16 prims=684 bb=535,742,334,385
[OTT] walkUs=17 texUs=0 emitUs=0 submitUs=3 otherUs=14 prims=0 usPerPrim=17
[FT] avgMs=17 worstMs=61 gameMs=10 drawMs=6 swapWait=0ms draws=2 decodes=0 decMs=0
[OTS] f=56520 calls=2 n0=2048 n1=16 prims=684 bb=535,742,334,385
[OTT] walkUs=17 texUs=0 emitUs=0 submitUs=3 otherUs=14 prims=0 usPerPrim=17
[FT] avgMs=16 worstMs=46 gameMs=10 drawMs=6 swapWait=0ms draws=2 decodes=0 decMs=0
[OTS] f=56640 calls=2 n0=2048 n1=16 prims=696 bb=535,742,334,385
[OTT] walkUs=17 texUs=0 emitUs=0 submitUs=3 otherUs=13 prims=0 usPerPrim=17
[SH-XBOX] vblank 70200
[MEM] tick: free=2520KB (630 pages)
[FT] avgMs=17 worstMs=56 gameMs=10 drawMs=6 swapWait=0ms draws=2 decodes=0 decMs=0
[OTS] f=56760 calls=2 n0=2048 n1=16 prims=684 bb=535,742,334,385
[OTT] walkUs=17 texUs=0 emitUs=0 submitUs=4 otherUs=13 prims=0 usPerPrim=17
[FT] avgMs=16 worstMs=52 gameMs=10 drawMs=6 swapWait=0ms draws=2 decodes=0 decMs=0
[OTS] f=56880 calls=2 n0=2048 n1=16 prims=720 bb=535,742,334,385
[OTT] walkUs=17 texUs=0 emitUs=0 submitUs=3 otherUs=13 prims=0 usPerPrim=17
[FT] avgMs=16 worstMs=60 gameMs=11 drawMs=5 swapWait=0ms draws=2 decodes=0 decMs=0
[OTS] f=57000 calls=2 n0=2048 n1=16 prims=720 bb=535,742,334,385
[OTT] walkUs=17 texUs=0 emitUs=0 submitUs=3 otherUs=14 prims=0 usPerPrim=17
[FT] avgMs=16 worstMs=56 gameMs=11 drawMs=4 swapWait=0ms draws=2 decodes=0 decMs=0
[OTS] f=57120 calls=2 n0=2048 n1=16 prims=720 bb=535,742,334,385
[OTT] walkUs=17 texUs=0 emitUs=0 submitUs=3 otherUs=14 prims=0 usPerPrim=17
[FT] avgMs=17 worstMs=70 gameMs=13 drawMs=3 swapWait=0ms draws=2 decodes=0 decMs=0
[OTS] f=57240 calls=2 n0=2048 n1=16 prims=720 bb=535,742,334,385
[OTT] walkUs=17 texUs=0 emitUs=0 submitUs=3 otherUs=13 prims=0 usPerPrim=17
[SH-XBOX] vblank 70800
[MEM] tick: free=2520KB (630 pages)
[FT] avgMs=17 worstMs=48 gameMs=12 drawMs=5 swapWait=0ms draws=2 decodes=0 decMs=0
[OTS] f=57360 calls=2 n0=2048 n1=28 prims=756 bb=535,742,334,385
[OTT] walkUs=190 texUs=3 emitUs=26 submitUs=15 otherUs=144 prims=6 usPerPrim=31
[FT] avgMs=16 worstMs=54 gameMs=13 drawMs=3 swapWait=0ms draws=2 decodes=0 decMs=0
[OTS] f=57480 calls=2 n0=2048 n1=28 prims=744 bb=535,742,334,385
[OTT] walkUs=77 texUs=3 emitUs=26 submitUs=14 otherUs=33 prims=6 usPerPrim=12
[FT] avgMs=17 worstMs=56 gameMs=10 drawMs=6 swapWait=0ms draws=2 decodes=0 decMs=0
[OTS] f=57600 calls=2 n0=2048 n1=28 prims=744 bb=535,742,334,385
[OTT] walkUs=79 texUs=3 emitUs=27 submitUs=14 otherUs=34 prims=6 usPerPrim=13
[FT] avgMs=16 worstMs=48 gameMs=11 drawMs=5 swapWait=0ms draws=2 decodes=0 decMs=0
[OTS] f=57720 calls=2 n0=2048 n1=28 prims=744 bb=535,742,334,385
[OTT] walkUs=109 texUs=3 emitUs=25 submitUs=47 otherUs=33 prims=6 usPerPrim=18
[FT] avgMs=16 worstMs=57 gameMs=11 drawMs=5 swapWait=0ms draws=2 decodes=0 decMs=0
[OTS] f=57840 calls=2 n0=2048 n1=28 prims=756 bb=535,742,334,385
[OTT] walkUs=340 texUs=3 emitUs=26 submitUs=274 otherUs=36 prims=6 usPerPrim=56
[SH-XBOX] vblank 71400
[MEM] tick: free=2520KB (630 pages)
[FT] avgMs=17 worstMs=55 gameMs=10 drawMs=6 swapWait=0ms draws=2 decodes=0 decMs=0
[OTS] f=57960 calls=2 n0=2048 n1=28 prims=768 bb=535,742,334,385
[OTT] walkUs=165 texUs=3 emitUs=26 submitUs=14 otherUs=121 prims=6 usPerPrim=27
[FT] avgMs=16 worstMs=48 gameMs=10 drawMs=6 swapWait=0ms draws=2 decodes=0 decMs=0
[OTS] f=58080 calls=2 n0=2048 n1=28 prims=732 bb=535,742,334,385
[OTT] walkUs=242 texUs=3 emitUs=26 submitUs=14 otherUs=197 prims=6 usPerPrim=40
[FT] avgMs=16 worstMs=55 gameMs=10 drawMs=6 swapWait=0ms draws=2 decodes=0 decMs=0
[OTS] f=58200 calls=2 n0=2048 n1=28 prims=720 bb=535,742,334,385
[OTT] walkUs=78 texUs=3 emitUs=26 submitUs=15 otherUs=33 prims=6 usPerPrim=13
[FT] avgMs=16 worstMs=52 gameMs=10 drawMs=6 swapWait=0ms draws=2 decodes=0 decMs=0
[OTS] f=58320 calls=2 n0=2048 n1=28 prims=720 bb=535,742,334,385
[OTT] walkUs=81 texUs=3 emitUs=31 submitUs=14 otherUs=32 prims=6 usPerPrim=13
[FT] avgMs=16 worstMs=57 gameMs=10 drawMs=6 swapWait=0ms draws=2 decodes=0 decMs=0
[OTS] f=58440 calls=2 n0=2048 n1=28 prims=720 bb=535,742,334,385
[OTT] walkUs=107 texUs=3 emitUs=26 submitUs=14 otherUs=62 prims=6 usPerPrim=17
[SH-XBOX] vblank 72000
[MEM] tick: free=2520KB (630 pages)
[FT] avgMs=17 worstMs=54 gameMs=11 drawMs=5 swapWait=0ms draws=2 decodes=0 decMs=0
[OTS] f=58560 calls=2 n0=2048 n1=28 prims=720 bb=535,742,334,385
[OTT] walkUs=117 texUs=4 emitUs=26 submitUs=55 otherUs=31 prims=6 usPerPrim=19
[FT] avgMs=16 worstMs=47 gameMs=12 drawMs=4 swapWait=0ms draws=2 decodes=0 decMs=0
[OTS] f=58680 calls=2 n0=2048 n1=28 prims=720 bb=535,742,334,385
[OTT] walkUs=78 texUs=3 emitUs=25 submitUs=15 otherUs=33 prims=6 usPerPrim=13
[FT] avgMs=16 worstMs=55 gameMs=13 drawMs=3 swapWait=0ms draws=2 decodes=0 decMs=0
[OTS] f=58800 calls=2 n0=2048 n1=16 prims=684 bb=535,742,334,385
[OTT] walkUs=17 texUs=0 emitUs=0 submitUs=6 otherUs=10 prims=0 usPerPrim=17
[FT] avgMs=16 worstMs=51 gameMs=11 drawMs=5 swapWait=0ms draws=2 decodes=0 decMs=0
[OTS] f=58920 calls=2 n0=2048 n1=16 prims=696 bb=535,742,334,385
[OTT] walkUs=17 texUs=0 emitUs=0 submitUs=3 otherUs=13 prims=0 usPerPrim=17
[FT] avgMs=16 worstMs=57 gameMs=13 drawMs=3 swapWait=0ms draws=2 decodes=0 decMs=0
[OTS] f=59040 calls=2 n0=2048 n1=16 prims=696 bb=535,742,334,385
[OTT] walkUs=17 texUs=0 emitUs=0 submitUs=3 otherUs=14 prims=0 usPerPrim=17
[SH-XBOX] vblank 72600
[MEM] tick: free=2520KB (630 pages)
[FT] avgMs=17 worstMs=57 gameMs=10 drawMs=6 swapWait=1ms draws=2 decodes=0 decMs=0
[OTS] f=59160 calls=2 n0=2048 n1=16 prims=672 bb=535,742,334,385
[OTT] walkUs=17 texUs=0 emitUs=0 submitUs=2 otherUs=14 prims=0 usPerPrim=17
[FT] avgMs=16 worstMs=49 gameMs=11 drawMs=5 swapWait=0ms draws=2 decodes=0 decMs=0
[OTS] f=59280 calls=2 n0=2048 n1=16 prims=696 bb=535,742,334,385
[OTT] walkUs=17 texUs=0 emitUs=0 submitUs=3 otherUs=13 prims=0 usPerPrim=17
[FT] avgMs=16 worstMs=59 gameMs=11 drawMs=5 swapWait=0ms draws=2 decodes=0 decMs=0
[OTS] f=59400 calls=2 n0=2048 n1=16 prims=696 bb=535,742,334,385
[OTT] walkUs=17 texUs=0 emitUs=0 submitUs=3 otherUs=13 prims=0 usPerPrim=17
[FT] avgMs=16 worstMs=56 gameMs=10 drawMs=6 swapWait=0ms draws=2 decodes=0 decMs=0
[OTS] f=59520 calls=2 n0=2048 n1=16 prims=696 bb=535,742,334,385
[OTT] walkUs=17 texUs=0 emitUs=0 submitUs=2 otherUs=14 prims=0 usPerPrim=17
[FT] avgMs=16 worstMs=51 gameMs=10 drawMs=6 swapWait=0ms draws=2 decodes=0 decMs=0
[OTS] f=59640 calls=2 n0=2048 n1=16 prims=708 bb=535,742,334,385
[OTT] walkUs=17 texUs=0 emitUs=0 submitUs=3 otherUs=14 prims=0 usPerPrim=17
[SH-XBOX] vblank 73200
[MEM] tick: free=2520KB (630 pages)
[FT] avgMs=17 worstMs=61 gameMs=11 drawMs=6 swapWait=1ms draws=2 decodes=0 decMs=0
[OTS] f=59760 calls=2 n0=2048 n1=16 prims=732 bb=535,742,334,385
[OTT] walkUs=17 texUs=0 emitUs=0 submitUs=3 otherUs=14 prims=0 usPerPrim=17
[FT] avgMs=16 worstMs=58 gameMs=10 drawMs=6 swapWait=0ms draws=2 decodes=0 decMs=0
[OTS] f=59880 calls=2 n0=2048 n1=16 prims=708 bb=535,742,334,385
[OTT] walkUs=17 texUs=0 emitUs=0 submitUs=4 otherUs=13 prims=0 usPerPrim=17
[FT] avgMs=17 worstMs=63 gameMs=10 drawMs=6 swapWait=0ms draws=2 decodes=0 decMs=0
[OTS] f=60000 calls=2 n0=2048 n1=16 prims=720 bb=535,742,334,385
[OTT] walkUs=17 texUs=0 emitUs=0 submitUs=3 otherUs=13 prims=0 usPerPrim=17
[FT] avgMs=16 worstMs=56 gameMs=11 drawMs=5 swapWait=0ms draws=2 decodes=0 decMs=0
[OTS] f=60120 calls=2 n0=2048 n1=28 prims=744 bb=535,742,334,385
[OTT] walkUs=91 texUs=3 emitUs=26 submitUs=14 otherUs=47 prims=6 usPerPrim=15
[FT] avgMs=16 worstMs=51 gameMs=12 drawMs=4 swapWait=0ms draws=2 decodes=0 decMs=0
[OTS] f=60240 calls=2 n0=2048 n1=28 prims=744 bb=535,742,334,385
[OTT] walkUs=78 texUs=3 emitUs=26 submitUs=16 otherUs=32 prims=6 usPerPrim=13
[SH-XBOX] vblank 73800
[MEM] tick: free=2520KB (630 pages)
[FT] avgMs=17 worstMs=55 gameMs=13 drawMs=3 swapWait=0ms draws=2 decodes=0 decMs=0
[OTS] f=60360 calls=2 n0=2048 n1=28 prims=768 bb=535,742,334,385
[OTT] walkUs=217 texUs=3 emitUs=31 submitUs=17 otherUs=165 prims=6 usPerPrim=36
[FT] avgMs=16 worstMs=54 gameMs=11 drawMs=5 swapWait=0ms draws=2 decodes=0 decMs=0
[OTS] f=60480 calls=2 n0=2048 n1=28 prims=744 bb=535,742,334,385
[OTT] walkUs=80 texUs=3 emitUs=26 submitUs=16 otherUs=32 prims=6 usPerPrim=13
[FT] avgMs=16 worstMs=45 gameMs=13 drawMs=3 swapWait=0ms draws=2 decodes=0 decMs=0
[OTS] f=60600 calls=2 n0=2048 n1=28 prims=744 bb=535,742,334,385
[OTT] walkUs=180 texUs=3 emitUs=26 submitUs=15 otherUs=135 prims=6 usPerPrim=30
[FT] avgMs=16 worstMs=51 gameMs=10 drawMs=6 swapWait=0ms draws=2 decodes=0 decMs=0
[OTS] f=60720 calls=2 n0=2048 n1=28 prims=744 bb=535,742,334,385
[OTT] walkUs=80 texUs=3 emitUs=26 submitUs=18 otherUs=32 prims=6 usPerPrim=13
[FT] avgMs=17 worstMs=63 gameMs=11 drawMs=5 swapWait=0ms draws=2 decodes=0 decMs=0
[OTS] f=60840 calls=2 n0=2048 n1=28 prims=744 bb=535,742,334,385
[OTT] walkUs=140 texUs=3 emitUs=24 submitUs=15 otherUs=97 prims=6 usPerPrim=23
[SH-XBOX] vblank 74400
[MEM] tick: free=2520KB (630 pages)
[FT] avgMs=17 worstMs=57 gameMs=11 drawMs=5 swapWait=0ms draws=2 decodes=0 decMs=0
[OTS] f=60960 calls=2 n0=2048 n1=28 prims=732 bb=535,742,334,385
[OTT] walkUs=96 texUs=3 emitUs=26 submitUs=13 otherUs=53 prims=6 usPerPrim=16
[FT] avgMs=16 worstMs=56 gameMs=10 drawMs=6 swapWait=0ms draws=2 decodes=0 decMs=0
[OTS] f=61080 calls=2 n0=2048 n1=28 prims=720 bb=535,742,334,385
[OTT] walkUs=86 texUs=3 emitUs=26 submitUs=22 otherUs=34 prims=6 usPerPrim=14
[FT] avgMs=16 worstMs=51 gameMs=10 drawMs=6 swapWait=0ms draws=2 decodes=0 decMs=0
[OTS] f=61200 calls=2 n0=2048 n1=28 prims=720 bb=535,742,334,385
[OTT] walkUs=150 texUs=3 emitUs=26 submitUs=14 otherUs=106 prims=6 usPerPrim=25
[FT] avgMs=17 worstMs=63 gameMs=10 drawMs=6 swapWait=0ms draws=2 decodes=0 decMs=0
[OTS] f=61320 calls=2 n0=2048 n1=28 prims=720 bb=535,742,334,385
[OTT] walkUs=100 texUs=3 emitUs=25 submitUs=39 otherUs=32 prims=6 usPerPrim=16
[FT] avgMs=16 worstMs=59 gameMs=10 drawMs=6 swapWait=0ms draws=2 decodes=0 decMs=0
[OTS] f=61440 calls=2 n0=2048 n1=28 prims=720 bb=535,742,334,385
[OTT] walkUs=188 texUs=12 emitUs=24 submitUs=14 otherUs=137 prims=6 usPerPrim=31
[SH-XBOX] vblank 75000
[MEM] tick: free=2520KB (630 pages)
[FT] avgMs=17 worstMs=58 gameMs=10 drawMs=6 swapWait=0ms draws=2 decodes=0 decMs=0
[OTS] f=61560 calls=2 n0=2048 n1=16 prims=672 bb=535,742,334,385
[OTT] walkUs=17 texUs=0 emitUs=0 submitUs=3 otherUs=13 prims=0 usPerPrim=17
[FT] avgMs=16 worstMs=51 gameMs=11 drawMs=5 swapWait=0ms draws=2 decodes=0 decMs=0
[OTS] f=61680 calls=2 n0=2048 n1=16 prims=684 bb=535,742,334,385
[OTT] walkUs=17 texUs=0 emitUs=0 submitUs=3 otherUs=14 prims=0 usPerPrim=17
[FT] avgMs=16 worstMs=58 gameMs=12 drawMs=4 swapWait=0ms draws=2 decodes=0 decMs=0
[OTS] f=61800 calls=2 n0=2048 n1=16 prims=696 bb=535,742,334,385
[OTT] walkUs=17 texUs=0 emitUs=0 submitUs=3 otherUs=13 prims=0 usPerPrim=17
[FT] avgMs=16 worstMs=50 gameMs=13 drawMs=3 swapWait=0ms draws=2 decodes=0 decMs=0
[OTS] f=61920 calls=2 n0=2048 n1=16 prims=696 bb=535,742,334,385
[OTT] walkUs=17 texUs=0 emitUs=0 submitUs=3 otherUs=13 prims=0 usPerPrim=17
[FT] avgMs=16 worstMs=50 gameMs=11 drawMs=5 swapWait=0ms draws=2 decodes=0 decMs=0
[OTS] f=62040 calls=2 n0=2048 n1=16 prims=696 bb=535,742,334,385
[OTT] walkUs=17 texUs=0 emitUs=0 submitUs=3 otherUs=14 prims=0 usPerPrim=17
[SH-XBOX] vblank 75600
[MEM] tick: free=2520KB (630 pages)
[FT] avgMs=17 worstMs=54 gameMs=13 drawMs=3 swapWait=0ms draws=2 decodes=0 decMs=0
[OTS] f=62160 calls=2 n0=2048 n1=16 prims=672 bb=535,742,334,385
[OTT] walkUs=17 texUs=0 emitUs=0 submitUs=3 otherUs=14 prims=0 usPerPrim=17
[FT] avgMs=16 worstMs=53 gameMs=10 drawMs=6 swapWait=0ms draws=2 decodes=0 decMs=0
[OTS] f=62280 calls=2 n0=2048 n1=16 prims=708 bb=535,742,334,385
[OTT] walkUs=17 texUs=0 emitUs=0 submitUs=4 otherUs=13 prims=0 usPerPrim=17
[FT] avgMs=17 worstMs=61 gameMs=11 drawMs=6 swapWait=0ms draws=2 decodes=0 decMs=0
[OTS] f=62400 calls=2 n0=2048 n1=16 prims=720 bb=535,742,334,385
[OTT] walkUs=17 texUs=0 emitUs=0 submitUs=3 otherUs=14 prims=0 usPerPrim=17
[FT] avgMs=16 worstMs=46 gameMs=11 drawMs=5 swapWait=0ms draws=2 decodes=0 decMs=0
[OTS] f=62520 calls=2 n0=2048 n1=16 prims=720 bb=535,742,334,385
[OTT] walkUs=17 texUs=0 emitUs=0 submitUs=3 otherUs=14 prims=0 usPerPrim=17
[FT] avgMs=16 worstMs=56 gameMs=10 drawMs=6 swapWait=0ms draws=2 decodes=0 decMs=0
[OTS] f=62640 calls=2 n0=2048 n1=16 prims=720 bb=535,742,334,385
[OTT] walkUs=17 texUs=0 emitUs=0 submitUs=3 otherUs=13 prims=0 usPerPrim=17
[SH-XBOX] vblank 76200
[MEM] tick: free=2520KB (630 pages)
[FT] avgMs=17 worstMs=54 gameMs=10 drawMs=6 swapWait=0ms draws=2 decodes=0 decMs=0
[OTS] f=62760 calls=2 n0=2048 n1=28 prims=720 bb=535,742,334,385
[OTT] walkUs=214 texUs=3 emitUs=26 submitUs=14 otherUs=169 prims=6 usPerPrim=35
[FT] avgMs=17 worstMs=63 gameMs=10 drawMs=6 swapWait=0ms draws=2 decodes=0 decMs=0
[OTS] f=62880 calls=2 n0=2048 n1=28 prims=756 bb=535,742,334,385
[OTT] walkUs=204 texUs=3 emitUs=26 submitUs=15 otherUs=159 prims=6 usPerPrim=34
[FT] avgMs=16 worstMs=46 gameMs=10 drawMs=6 swapWait=0ms draws=2 decodes=0 decMs=0
[OTS] f=63000 calls=2 n0=2048 n1=28 prims=744 bb=535,742,334,385
[OTT] walkUs=168 texUs=3 emitUs=26 submitUs=14 otherUs=123 prims=6 usPerPrim=28
[FT] avgMs=16 worstMs=58 gameMs=10 drawMs=6 swapWait=0ms draws=2 decodes=0 decMs=0
[OTS] f=63120 calls=2 n0=2048 n1=28 prims=744 bb=535,742,334,385
[OTT] walkUs=160 texUs=3 emitUs=27 submitUs=13 otherUs=117 prims=6 usPerPrim=26
[FT] avgMs=16 worstMs=51 gameMs=11 drawMs=5 swapWait=0ms draws=2 decodes=0 decMs=0
[OTS] f=63240 calls=2 n0=2048 n1=28 prims=744 bb=535,742,334,385
[OTT] walkUs=159 texUs=3 emitUs=25 submitUs=13 otherUs=116 prims=6 usPerPrim=26
[SH-XBOX] vblank 76800
[MEM] tick: free=2520KB (630 pages)
[FT] avgMs=17 worstMs=59 gameMs=12 drawMs=4 swapWait=0ms draws=2 decodes=0 decMs=0
[OTS] f=63360 calls=2 n0=2048 n1=28 prims=768 bb=535,742,334,385
[OTT] walkUs=270 texUs=3 emitUs=26 submitUs=16 otherUs=224 prims=6 usPerPrim=45
[FT] avgMs=16 worstMs=51 gameMs=13 drawMs=3 swapWait=0ms draws=2 decodes=0 decMs=0
[OTS] f=63480 calls=2 n0=2048 n1=28 prims=744 bb=535,742,334,385
[OTT] walkUs=180 texUs=3 emitUs=26 submitUs=20 otherUs=130 prims=6 usPerPrim=30
[FT] avgMs=16 worstMs=51 gameMs=11 drawMs=5 swapWait=0ms draws=2 decodes=0 decMs=0
[OTS] f=63600 calls=2 n0=2048 n1=28 prims=732 bb=535,742,334,385
[OTT] walkUs=82 texUs=3 emitUs=24 submitUs=15 otherUs=39 prims=6 usPerPrim=13
[FT] avgMs=16 worstMs=54 gameMs=13 drawMs=3 swapWait=0ms draws=2 decodes=0 decMs=0
[OTS] f=63720 calls=2 n0=2048 n1=28 prims=720 bb=535,742,334,385
[OTT] walkUs=224 texUs=3 emitUs=26 submitUs=18 otherUs=175 prims=6 usPerPrim=37
[FT] avgMs=16 worstMs=56 gameMs=10 drawMs=6 swapWait=0ms draws=2 decodes=0 decMs=0
[OTS] f=63840 calls=2 n0=2048 n1=28 prims=720 bb=535,742,334,385
[OTT] walkUs=77 texUs=3 emitUs=26 submitUs=14 otherUs=33 prims=6 usPerPrim=12
[SH-XBOX] vblank 77400
[MEM] tick: free=2520KB (630 pages)
[FT] avgMs=17 worstMs=62 gameMs=11 drawMs=5 swapWait=0ms draws=2 decodes=0 decMs=0
[OTS] f=63960 calls=2 n0=2048 n1=28 prims=720 bb=535,742,334,385
[OTT] walkUs=183 texUs=2 emitUs=25 submitUs=13 otherUs=142 prims=6 usPerPrim=30
[FT] avgMs=16 worstMs=49 gameMs=11 drawMs=5 swapWait=0ms draws=2 decodes=0 decMs=0
[OTS] f=64080 calls=2 n0=2048 n1=28 prims=720 bb=535,742,334,385
[OTT] walkUs=75 texUs=3 emitUs=24 submitUs=14 otherUs=32 prims=6 usPerPrim=12
[FT] avgMs=16 worstMs=59 gameMs=10 drawMs=6 swapWait=1ms draws=2 decodes=0 decMs=0
[OTS] f=64200 calls=2 n0=2048 n1=16 prims=696 bb=535,742,334,385
[OTT] walkUs=17 texUs=0 emitUs=0 submitUs=3 otherUs=13 prims=0 usPerPrim=17
[FT] avgMs=16 worstMs=53 gameMs=10 drawMs=6 swapWait=0ms draws=2 decodes=0 decMs=0
[OTS] f=64320 calls=2 n0=2048 n1=16 prims=696 bb=535,742,334,385
[OTT] walkUs=21 texUs=0 emitUs=0 submitUs=3 otherUs=18 prims=0 usPerPrim=21
[FT] avgMs=16 worstMs=48 gameMs=10 drawMs=6 swapWait=0ms draws=2 decodes=0 decMs=0
[OTS] f=64440 calls=2 n0=2048 n1=16 prims=696 bb=535,742,334,385
[OTT] walkUs=17 texUs=0 emitUs=0 submitUs=3 otherUs=14 prims=0 usPerPrim=17
[SH-XBOX] vblank 78000
[MEM] tick: free=2520KB (630 pages)
[FT] avgMs=17 worstMs=55 gameMs=10 drawMs=6 swapWait=0ms draws=2 decodes=0 decMs=0
[OTS] f=64560 calls=2 n0=2048 n1=16 prims=672 bb=535,742,334,385
[OTT] walkUs=17 texUs=0 emitUs=0 submitUs=3 otherUs=14 prims=0 usPerPrim=17
[FT] avgMs=16 worstMs=52 gameMs=10 drawMs=6 swapWait=0ms draws=2 decodes=0 decMs=0
[OTS] f=64680 calls=2 n0=2048 n1=16 prims=684 bb=535,742,334,385
[OTT] walkUs=17 texUs=0 emitUs=0 submitUs=3 otherUs=14 prims=0 usPerPrim=17
[FT] avgMs=16 worstMs=59 gameMs=11 drawMs=5 swapWait=0ms draws=2 decodes=0 decMs=0
[OTS] f=64800 calls=2 n0=2048 n1=16 prims=696 bb=535,742,334,385
[OTT] walkUs=17 texUs=0 emitUs=0 submitUs=3 otherUs=14 prims=0 usPerPrim=17
[FT] avgMs=16 worstMs=52 gameMs=12 drawMs=4 swapWait=0ms draws=2 decodes=0 decMs=0
[OTS] f=64920 calls=2 n0=2048 n1=16 prims=696 bb=535,742,334,385
[OTT] walkUs=17 texUs=0 emitUs=0 submitUs=3 otherUs=14 prims=0 usPerPrim=17
[FT] avgMs=16 worstMs=47 gameMs=13 drawMs=3 swapWait=0ms draws=2 decodes=0 decMs=0
[OTS] f=65040 calls=2 n0=2048 n1=16 prims=708 bb=535,742,334,385
[OTT] walkUs=17 texUs=0 emitUs=0 submitUs=3 otherUs=13 prims=0 usPerPrim=17
[SH-XBOX] vblank 78600
[MEM] tick: free=2520KB (630 pages)
[FT] avgMs=17 worstMs=51 gameMs=11 drawMs=5 swapWait=0ms draws=2 decodes=0 decMs=0
[OTS] f=65160 calls=2 n0=2048 n1=16 prims=720 bb=535,742,334,385
[OTT] walkUs=17 texUs=0 emitUs=0 submitUs=3 otherUs=13 prims=0 usPerPrim=17
[FT] avgMs=17 worstMs=49 gameMs=12 drawMs=4 swapWait=1ms draws=2 decodes=0 decMs=0
[OTS] f=65280 calls=2 n0=2048 n1=16 prims=720 bb=535,742,334,385
[OTT] walkUs=17 texUs=0 emitUs=0 submitUs=3 otherUs=14 prims=0 usPerPrim=17
[FT] avgMs=17 worstMs=77 gameMs=10 drawMs=6 swapWait=0ms draws=2 decodes=0 decMs=0
[OTS] f=65400 calls=2 n0=2048 n1=16 prims=720 bb=535,742,334,385
[OTT] walkUs=17 texUs=0 emitUs=0 submitUs=3 otherUs=14 prims=0 usPerPrim=17
[FT] avgMs=16 worstMs=50 gameMs=11 drawMs=5 swapWait=0ms draws=2 decodes=0 decMs=0
[OTS] f=65520 calls=2 n0=2048 n1=16 prims=720 bb=535,742,334,385
[OTT] walkUs=18 texUs=0 emitUs=0 submitUs=3 otherUs=14 prims=0 usPerPrim=18
[FT] avgMs=16 worstMs=57 gameMs=11 drawMs=5 swapWait=0ms draws=2 decodes=0 decMs=0
[OTS] f=65640 calls=2 n0=2048 n1=16 prims=720 bb=535,742,334,385
[OTT] walkUs=17 texUs=0 emitUs=0 submitUs=3 otherUs=14 prims=0 usPerPrim=17
[SH-XBOX] vblank 79200
[MEM] tick: free=2520KB (630 pages)
[FT] avgMs=17 worstMs=54 gameMs=10 drawMs=6 swapWait=0ms draws=2 decodes=0 decMs=0
[OTS] f=65760 calls=2 n0=2048 n1=28 prims=768 bb=535,742,334,385
[OTT] walkUs=311 texUs=3 emitUs=26 submitUs=14 otherUs=267 prims=6 usPerPrim=51
[FT] avgMs=16 worstMs=51 gameMs=10 drawMs=6 swapWait=1ms draws=2 decodes=0 decMs=0
[OTS] f=65880 calls=2 n0=2048 n1=28 prims=744 bb=535,742,334,385
[OTT] walkUs=284 texUs=3 emitUs=25 submitUs=14 otherUs=241 prims=6 usPerPrim=47
[FT] avgMs=17 worstMs=60 gameMs=10 drawMs=6 swapWait=0ms draws=2 decodes=0 decMs=0
[OTS] f=66000 calls=2 n0=2048 n1=28 prims=756 bb=535,742,334,385
[OTT] walkUs=226 texUs=3 emitUs=26 submitUs=15 otherUs=181 prims=6 usPerPrim=37
[FT] avgMs=17 worstMs=59 gameMs=10 drawMs=6 swapWait=0ms draws=2 decodes=0 decMs=0
[OTS] f=66120 calls=2 n0=2048 n1=28 prims=756 bb=535,742,334,385
[OTT] walkUs=77 texUs=3 emitUs=26 submitUs=15 otherUs=33 prims=6 usPerPrim=12
[FT] avgMs=16 worstMs=60 gameMs=10 drawMs=6 swapWait=0ms draws=2 decodes=0 decMs=0
[OTS] f=66240 calls=2 n0=2048 n1=28 prims=744 bb=535,742,334,385
[OTT] walkUs=76 texUs=3 emitUs=26 submitUs=14 otherUs=32 prims=6 usPerPrim=12
[SH-XBOX] vblank 79800
[MEM] tick: free=2520KB (630 pages)
[FT] avgMs=17 worstMs=53 gameMs=11 drawMs=5 swapWait=0ms draws=2 decodes=0 decMs=0
[OTS] f=66360 calls=2 n0=2048 n1=28 prims=756 bb=535,742,334,385
[OTT] walkUs=77 texUs=3 emitUs=26 submitUs=14 otherUs=32 prims=6 usPerPrim=12
[FT] avgMs=16 worstMs=48 gameMs=12 drawMs=4 swapWait=0ms draws=2 decodes=0 decMs=0
[OTS] f=66480 calls=2 n0=2048 n1=28 prims=720 bb=535,742,334,385
[OTT] walkUs=78 texUs=3 emitUs=25 submitUs=14 otherUs=34 prims=6 usPerPrim=13
[FT] avgMs=16 worstMs=54 gameMs=13 drawMs=3 swapWait=0ms draws=2 decodes=0 decMs=0
[OTS] f=66600 calls=2 n0=2048 n1=28 prims=720 bb=535,742,334,385
[OTT] walkUs=79 texUs=3 emitUs=24 submitUs=20 otherUs=30 prims=6 usPerPrim=13
[FT] avgMs=16 worstMs=55 gameMs=11 drawMs=5 swapWait=0ms draws=2 decodes=0 decMs=0
[OTS] f=66720 calls=2 n0=2048 n1=28 prims=732 bb=535,742,334,385
[OTT] walkUs=75 texUs=2 emitUs=25 submitUs=15 otherUs=31 prims=6 usPerPrim=12
[FT] avgMs=16 worstMs=45 gameMs=12 drawMs=4 swapWait=1ms draws=2 decodes=0 decMs=0
[OTS] f=66840 calls=2 n0=2048 n1=28 prims=720 bb=535,742,334,385
[OTT] walkUs=78 texUs=3 emitUs=26 submitUs=14 otherUs=34 prims=6 usPerPrim=13
[SH-XBOX] vblank 80400
[MEM] tick: free=2520KB (630 pages)
[FT] avgMs=17 worstMs=67 gameMs=10 drawMs=6 swapWait=0ms draws=2 decodes=0 decMs=0
[OTS] f=66960 calls=2 n0=2048 n1=16 prims=696 bb=535,742,334,385
[OTT] walkUs=17 texUs=0 emitUs=0 submitUs=3 otherUs=13 prims=0 usPerPrim=17
[FT] avgMs=16 worstMs=52 gameMs=11 drawMs=5 swapWait=0ms draws=2 decodes=0 decMs=0
[OTS] f=67080 calls=2 n0=2048 n1=16 prims=696 bb=535,742,334,385
[OTT] walkUs=17 texUs=0 emitUs=0 submitUs=3 otherUs=14 prims=0 usPerPrim=17
[FT] avgMs=16 worstMs=57 gameMs=11 drawMs=5 swapWait=0ms draws=2 decodes=0 decMs=0
[OTS] f=67200 calls=2 n0=2048 n1=16 prims=696 bb=535,742,334,385
[OTT] walkUs=17 texUs=0 emitUs=0 submitUs=4 otherUs=12 prims=0 usPerPrim=17
[FT] avgMs=16 worstMs=56 gameMs=10 drawMs=6 swapWait=0ms draws=2 decodes=0 decMs=0
[OTS] f=67320 calls=2 n0=2048 n1=16 prims=696 bb=535,742,334,385
[OTT] walkUs=17 texUs=0 emitUs=0 submitUs=3 otherUs=14 prims=0 usPerPrim=17
[FT] avgMs=16 worstMs=54 gameMs=10 drawMs=6 swapWait=0ms draws=2 decodes=0 decMs=0
[OTS] f=67440 calls=2 n0=2048 n1=16 prims=696 bb=535,742,334,385
[OTT] walkUs=17 texUs=0 emitUs=0 submitUs=3 otherUs=14 prims=0 usPerPrim=17
[SH-XBOX] vblank 81000
[MEM] tick: free=2520KB (630 pages)
[FT] avgMs=17 worstMs=60 gameMs=11 drawMs=6 swapWait=0ms draws=2 decodes=0 decMs=0
[OTS] f=67560 calls=2 n0=2048 n1=16 prims=660 bb=535,742,334,385
[OTT] walkUs=50 texUs=0 emitUs=0 submitUs=4 otherUs=46 prims=0 usPerPrim=50
[FT] avgMs=17 worstMs=63 gameMs=10 drawMs=6 swapWait=0ms draws=2 decodes=0 decMs=0
[OTS] f=67680 calls=2 n0=2048 n1=16 prims=696 bb=535,742,334,385
[OTT] walkUs=17 texUs=0 emitUs=0 submitUs=2 otherUs=14 prims=0 usPerPrim=17
[FT] avgMs=16 worstMs=48 gameMs=10 drawMs=6 swapWait=0ms draws=2 decodes=0 decMs=0
[OTS] f=67800 calls=2 n0=2048 n1=16 prims=720 bb=535,742,334,385
[OTT] walkUs=17 texUs=0 emitUs=0 submitUs=3 otherUs=13 prims=0 usPerPrim=17
[FT] avgMs=16 worstMs=62 gameMs=11 drawMs=5 swapWait=0ms draws=2 decodes=0 decMs=0
[OTS] f=67920 calls=2 n0=2048 n1=16 prims=720 bb=535,742,334,385
[OTT] walkUs=17 texUs=0 emitUs=0 submitUs=4 otherUs=12 prims=0 usPerPrim=17
[FT] avgMs=16 worstMs=49 gameMs=12 drawMs=3 swapWait=0ms draws=2 decodes=0 decMs=0
[OTS] f=68040 calls=2 n0=2048 n1=16 prims=720 bb=535,742,334,385
[OTT] walkUs=17 texUs=0 emitUs=0 submitUs=3 otherUs=14 prims=0 usPerPrim=17
[SH-XBOX] vblank 81600
[MEM] tick: free=2520KB (630 pages)
[FT] avgMs=17 worstMs=56 gameMs=13 drawMs=3 swapWait=0ms draws=2 decodes=0 decMs=0
[OTS] f=68160 calls=2 n0=2048 n1=16 prims=720 bb=535,742,334,385
[OTT] walkUs=17 texUs=0 emitUs=0 submitUs=3 otherUs=14 prims=0 usPerPrim=17
[FT] avgMs=16 worstMs=58 gameMs=11 drawMs=5 swapWait=0ms draws=2 decodes=0 decMs=0
[OTS] f=68280 calls=2 n0=2048 n1=28 prims=732 bb=535,742,334,385
[OTT] walkUs=78 texUs=3 emitUs=26 submitUs=14 otherUs=33 prims=6 usPerPrim=13
[FT] avgMs=16 worstMs=47 gameMs=12 drawMs=4 swapWait=0ms draws=2 decodes=0 decMs=0
[OTS] f=68400 calls=2 n0=2048 n1=28 prims=744 bb=535,742,334,385
[OTT] walkUs=77 texUs=3 emitUs=26 submitUs=15 otherUs=32 prims=6 usPerPrim=12
[FT] avgMs=16 worstMs=59 gameMs=10 drawMs=6 swapWait=0ms draws=2 decodes=0 decMs=0
[OTS] f=68520 calls=2 n0=2048 n1=28 prims=732 bb=535,742,334,385
[OTT] walkUs=75 texUs=3 emitUs=25 submitUs=15 otherUs=30 prims=6 usPerPrim=12
[FT] avgMs=16 worstMs=54 gameMs=11 drawMs=5 swapWait=0ms draws=2 decodes=0 decMs=0
[OTS] f=68640 calls=2 n0=2048 n1=28 prims=744 bb=535,742,334,385
[OTT] walkUs=110 texUs=3 emitUs=26 submitUs=15 otherUs=65 prims=6 usPerPrim=18
[SH-XBOX] vblank 82200
[MEM] tick: free=2520KB (630 pages)
[FT] avgMs=17 worstMs=60 gameMs=11 drawMs=6 swapWait=0ms draws=2 decodes=0 decMs=0
[OTS] f=68760 calls=2 n0=2048 n1=28 prims=780 bb=535,742,334,385
[OTT] walkUs=84 texUs=3 emitUs=25 submitUs=14 otherUs=41 prims=6 usPerPrim=14
[FT] avgMs=16 worstMs=50 gameMs=10 drawMs=6 swapWait=0ms draws=2 decodes=0 decMs=0
[OTS] f=68880 calls=2 n0=2048 n1=28 prims=744 bb=535,742,334,385
[OTT] walkUs=78 texUs=3 emitUs=26 submitUs=13 otherUs=35 prims=6 usPerPrim=13
[FT] avgMs=17 worstMs=60 gameMs=10 drawMs=6 swapWait=0ms draws=2 decodes=0 decMs=0
[OTS] f=69000 calls=2 n0=2048 n1=28 prims=744 bb=535,742,334,385
[OTT] walkUs=189 texUs=3 emitUs=26 submitUs=15 otherUs=144 prims=6 usPerPrim=31
[FT] avgMs=17 worstMs=63 gameMs=10 drawMs=6 swapWait=0ms draws=2 decodes=0 decMs=0
[OTS] f=69120 calls=2 n0=2048 n1=28 prims=720 bb=535,742,334,385
[OTT] walkUs=238 texUs=3 emitUs=26 submitUs=14 otherUs=194 prims=6 usPerPrim=39
[FT] avgMs=16 worstMs=51 gameMs=10 drawMs=6 swapWait=1ms draws=2 decodes=0 decMs=0
[OTS] f=69240 calls=2 n0=2048 n1=28 prims=720 bb=535,742,334,385
[OTT] walkUs=222 texUs=3 emitUs=25 submitUs=15 otherUs=178 prims=6 usPerPrim=37
[SH-XBOX] vblank 82800
[MEM] tick: free=2520KB (630 pages)
[FT] avgMs=17 worstMs=55 gameMs=10 drawMs=6 swapWait=0ms draws=2 decodes=0 decMs=0
[OTS] f=69360 calls=2 n0=2048 n1=28 prims=720 bb=535,742,334,385
[OTT] walkUs=113 texUs=3 emitUs=26 submitUs=16 otherUs=67 prims=6 usPerPrim=18
[FT] avgMs=16 worstMs=52 gameMs=11 drawMs=5 swapWait=0ms draws=2 decodes=0 decMs=0
[OTS] f=69480 calls=2 n0=2048 n1=28 prims=720 bb=535,742,334,385
[OTT] walkUs=194 texUs=3 emitUs=27 submitUs=14 otherUs=150 prims=6 usPerPrim=32
[FT] avgMs=16 worstMs=56 gameMs=13 drawMs=3 swapWait=0ms draws=2 decodes=0 decMs=0
[OTS] f=69600 calls=2 n0=2048 n1=16 prims=708 bb=535,742,334,385
[OTT] walkUs=17 texUs=0 emitUs=0 submitUs=3 otherUs=14 prims=0 usPerPrim=17
[FT] avgMs=16 worstMs=49 gameMs=13 drawMs=3 swapWait=0ms draws=2 decodes=0 decMs=0
[OTS] f=69720 calls=2 n0=2048 n1=16 prims=696 bb=535,742,334,385
[OTT] walkUs=17 texUs=0 emitUs=0 submitUs=3 otherUs=13 prims=0 usPerPrim=17
[FT] avgMs=16 worstMs=50 gameMs=11 drawMs=5 swapWait=0ms draws=2 decodes=0 decMs=0
[OTS] f=69840 calls=2 n0=2048 n1=16 prims=696 bb=535,742,334,385
[OTT] walkUs=17 texUs=0 emitUs=0 submitUs=3 otherUs=13 prims=0 usPerPrim=17
[SH-XBOX] vblank 83400
[MEM] tick: free=2520KB (630 pages)
[FT] avgMs=17 worstMs=57 gameMs=12 drawMs=4 swapWait=0ms draws=2 decodes=0 decMs=0
[OTS] f=69960 calls=2 n0=2048 n1=16 prims=672 bb=535,742,334,385
[OTT] walkUs=17 texUs=0 emitUs=0 submitUs=3 otherUs=14 prims=0 usPerPrim=17
[FT] avgMs=16 worstMs=58 gameMs=10 drawMs=6 swapWait=1ms draws=2 decodes=0 decMs=0
[OTS] f=70080 calls=2 n0=2048 n1=16 prims=696 bb=535,742,334,385
[OTT] walkUs=17 texUs=0 emitUs=0 submitUs=3 otherUs=14 prims=0 usPerPrim=17
[FT] avgMs=16 worstMs=45 gameMs=11 drawMs=5 swapWait=1ms draws=2 decodes=0 decMs=0
[OTS] f=70200 calls=2 n0=2048 n1=16 prims=696 bb=535,742,334,385
[OTT] walkUs=17 texUs=0 emitUs=0 submitUs=3 otherUs=14 prims=0 usPerPrim=17
[FT] avgMs=16 worstMs=57 gameMs=11 drawMs=5 swapWait=0ms draws=2 decodes=0 decMs=0
[OTS] f=70320 calls=2 n0=2048 n1=16 prims=696 bb=535,742,334,385
[OTT] walkUs=17 texUs=0 emitUs=0 submitUs=3 otherUs=14 prims=0 usPerPrim=17
[FT] avgMs=16 worstMs=51 gameMs=10 drawMs=6 swapWait=0ms draws=2 decodes=0 decMs=0
[OTS] f=70440 calls=2 n0=2048 n1=16 prims=696 bb=535,742,334,385
[OTT] walkUs=17 texUs=0 emitUs=0 submitUs=3 otherUs=14 prims=0 usPerPrim=17
[SH-XBOX] vblank 84000
[MEM] tick: free=2520KB (630 pages)
[FT] avgMs=17 worstMs=68 gameMs=10 drawMs=6 swapWait=0ms draws=2 decodes=0 decMs=0
[OTS] f=70560 calls=2 n0=2048 n1=16 prims=720 bb=535,742,334,385
[OTT] walkUs=17 texUs=0 emitUs=0 submitUs=3 otherUs=14 prims=0 usPerPrim=17
[FT] avgMs=16 worstMs=48 gameMs=10 drawMs=6 swapWait=0ms draws=2 decodes=0 decMs=0
[OTS] f=70680 calls=2 n0=2048 n1=16 prims=720 bb=535,742,334,385
[OTT] walkUs=17 texUs=0 emitUs=0 submitUs=3 otherUs=13 prims=0 usPerPrim=17
[FT] avgMs=16 worstMs=58 gameMs=10 drawMs=6 swapWait=0ms draws=2 decodes=0 decMs=0
[OTS] f=70800 calls=2 n0=2048 n1=16 prims=720 bb=535,742,334,385
[OTT] walkUs=17 texUs=0 emitUs=0 submitUs=4 otherUs=13 prims=0 usPerPrim=17
[FT] avgMs=16 worstMs=49 gameMs=10 drawMs=6 swapWait=0ms draws=2 decodes=0 decMs=0
[OTS] f=70920 calls=2 n0=2048 n1=16 prims=720 bb=535,742,334,385
[OTT] walkUs=17 texUs=0 emitUs=0 submitUs=3 otherUs=14 prims=0 usPerPrim=17
[FT] avgMs=16 worstMs=59 gameMs=11 drawMs=5 swapWait=0ms draws=2 decodes=0 decMs=0
[OTS] f=71040 calls=2 n0=2048 n1=28 prims=744 bb=535,742,334,385
[OTT] walkUs=220 texUs=3 emitUs=28 submitUs=15 otherUs=173 prims=6 usPerPrim=36
[SH-XBOX] vblank 84600
[MEM] tick: free=2520KB (630 pages)
[FT] avgMs=17 worstMs=50 gameMs=13 drawMs=3 swapWait=0ms draws=2 decodes=0 decMs=0
[OTS] f=71160 calls=2 n0=2048 n1=28 prims=768 bb=535,742,334,385
[OTT] walkUs=296 texUs=3 emitUs=26 submitUs=15 otherUs=250 prims=6 usPerPrim=49
[FT] avgMs=16 worstMs=46 gameMs=13 drawMs=3 swapWait=0ms draws=2 decodes=0 decMs=0
[OTS] f=71280 calls=2 n0=2048 n1=28 prims=732 bb=535,742,334,385
[OTT] walkUs=194 texUs=3 emitUs=26 submitUs=15 otherUs=148 prims=6 usPerPrim=32
[FT] avgMs=16 worstMs=51 gameMs=11 drawMs=4 swapWait=0ms draws=2 decodes=0 decMs=0
[OTS] f=71400 calls=2 n0=2048 n1=28 prims=744 bb=535,742,334,385
[OTT] walkUs=318 texUs=3 emitUs=24 submitUs=15 otherUs=275 prims=6 usPerPrim=53
[FT] avgMs=16 worstMs=55 gameMs=12 drawMs=4 swapWait=0ms draws=2 decodes=0 decMs=0
[OTS] f=71520 calls=2 n0=2048 n1=28 prims=744 bb=535,742,334,385
[OTT] walkUs=78 texUs=3 emitUs=26 submitUs=14 otherUs=33 prims=6 usPerPrim=13
[FT] avgMs=16 worstMs=54 gameMs=10 drawMs=6 swapWait=0ms draws=2 decodes=0 decMs=0
[OTS] f=71640 calls=2 n0=2048 n1=28 prims=744 bb=535,742,334,385
[OTT] walkUs=226 texUs=3 emitUs=26 submitUs=15 otherUs=180 prims=6 usPerPrim=37
[SH-XBOX] vblank 85200
[MEM] tick: free=2520KB (630 pages)
[FT] avgMs=17 worstMs=60 gameMs=11 drawMs=6 swapWait=1ms draws=2 decodes=0 decMs=0
[OTS] f=71760 calls=2 n0=2048 n1=28 prims=756 bb=535,742,334,385
[OTT] walkUs=74 texUs=3 emitUs=25 submitUs=14 otherUs=31 prims=6 usPerPrim=12
[FT] avgMs=16 worstMs=50 gameMs=11 drawMs=5 swapWait=0ms draws=2 decodes=0 decMs=0
[OTS] f=71880 calls=2 n0=2048 n1=28 prims=720 bb=535,742,334,385
[OTT] walkUs=76 texUs=3 emitUs=25 submitUs=14 otherUs=32 prims=6 usPerPrim=12
[FT] avgMs=17 worstMs=61 gameMs=10 drawMs=6 swapWait=0ms draws=2 decodes=0 decMs=0
[OTS] f=72000 calls=2 n0=2048 n1=28 prims=720 bb=535,742,334,385
[OTT] walkUs=75 texUs=3 emitUs=26 submitUs=13 otherUs=32 prims=6 usPerPrim=12
[FT] avgMs=16 worstMs=49 gameMs=10 drawMs=6 swapWait=0ms draws=2 decodes=0 decMs=0
[OTS] f=72120 calls=2 n0=2048 n1=28 prims=720 bb=535,742,334,385
[OTT] walkUs=131 texUs=3 emitUs=26 submitUs=14 otherUs=87 prims=6 usPerPrim=21
[FT] avgMs=16 worstMs=56 gameMs=10 drawMs=6 swapWait=0ms draws=2 decodes=0 decMs=0
[OTS] f=72240 calls=2 n0=2048 n1=28 prims=720 bb=535,742,334,385
[OTT] walkUs=77 texUs=3 emitUs=26 submitUs=14 otherUs=32 prims=6 usPerPrim=12
[SH-XBOX] vblank 85800
[MEM] tick: free=2520KB (630 pages)
[FT] avgMs=17 worstMs=51 gameMs=10 drawMs=6 swapWait=0ms draws=2 decodes=0 decMs=0
[OTS] f=72360 calls=2 n0=2048 n1=16 prims=696 bb=535,742,334,385
[OTT] walkUs=17 texUs=0 emitUs=0 submitUs=3 otherUs=13 prims=0 usPerPrim=17
[FT] avgMs=16 worstMs=58 gameMs=10 drawMs=6 swapWait=0ms draws=2 decodes=0 decMs=0
[OTS] f=72480 calls=2 n0=2048 n1=16 prims=696 bb=535,742,334,385
[OTT] walkUs=17 texUs=0 emitUs=0 submitUs=3 otherUs=14 prims=0 usPerPrim=17
[FT] avgMs=16 worstMs=54 gameMs=11 drawMs=5 swapWait=0ms draws=2 decodes=0 decMs=0
[OTS] f=72600 calls=2 n0=2048 n1=16 prims=696 bb=535,742,334,385
[OTT] walkUs=17 texUs=0 emitUs=0 submitUs=3 otherUs=14 prims=0 usPerPrim=17
[FT] avgMs=16 worstMs=45 gameMs=13 drawMs=3 swapWait=0ms draws=2 decodes=0 decMs=0
[OTS] f=72720 calls=2 n0=2048 n1=16 prims=708 bb=535,742,334,385
[OTT] walkUs=17 texUs=0 emitUs=0 submitUs=3 otherUs=14 prims=0 usPerPrim=17
[FT] avgMs=16 worstMs=47 gameMs=13 drawMs=3 swapWait=1ms draws=2 decodes=0 decMs=0
[OTS] f=72840 calls=2 n0=2048 n1=16 prims=696 bb=535,742,334,385
[OTT] walkUs=17 texUs=0 emitUs=0 submitUs=3 otherUs=13 prims=0 usPerPrim=17
[SH-XBOX] vblank 86400
[MEM] tick: free=2520KB (630 pages)
[FT] avgMs=17 worstMs=62 gameMs=12 drawMs=4 swapWait=0ms draws=2 decodes=0 decMs=0
[OTS] f=72960 calls=2 n0=2048 n1=16 prims=672 bb=535,742,334,385
[OTT] walkUs=17 texUs=0 emitUs=0 submitUs=3 otherUs=14 prims=0 usPerPrim=17
[FT] avgMs=16 worstMs=50 gameMs=12 drawMs=4 swapWait=0ms draws=2 decodes=0 decMs=0
[OTS] f=73080 calls=2 n0=2048 n1=16 prims=696 bb=535,742,334,385
[OTT] walkUs=17 texUs=0 emitUs=0 submitUs=3 otherUs=13 prims=0 usPerPrim=17
[FT] avgMs=16 worstMs=55 gameMs=10 drawMs=6 swapWait=0ms draws=2 decodes=0 decMs=0
[OTS] f=73200 calls=2 n0=2048 n1=16 prims=708 bb=535,742,334,385
[OTT] walkUs=17 texUs=0 emitUs=0 submitUs=3 otherUs=13 prims=0 usPerPrim=17
[FT] avgMs=16 worstMs=56 gameMs=10 drawMs=5 swapWait=0ms draws=2 decodes=0 decMs=0
[OTS] f=73320 calls=2 n0=2048 n1=16 prims=720 bb=535,742,334,385
[OTT] walkUs=17 texUs=0 emitUs=0 submitUs=3 otherUs=13 prims=0 usPerPrim=17
[FT] avgMs=16 worstMs=52 gameMs=11 drawMs=5 swapWait=0ms draws=2 decodes=0 decMs=0
[OTS] f=73440 calls=2 n0=2048 n1=16 prims=720 bb=535,742,334,385
[OTT] walkUs=17 texUs=0 emitUs=0 submitUs=3 otherUs=14 prims=0 usPerPrim=17
[SH-XBOX] vblank 87000
[MEM] tick: free=2520KB (630 pages)
[FT] avgMs=17 worstMs=62 gameMs=10 drawMs=6 swapWait=0ms draws=2 decodes=0 decMs=0
[OTS] f=73560 calls=2 n0=2048 n1=16 prims=720 bb=535,742,334,385
[OTT] walkUs=17 texUs=0 emitUs=0 submitUs=3 otherUs=13 prims=0 usPerPrim=17
[FT] avgMs=16 worstMs=49 gameMs=10 drawMs=6 swapWait=0ms draws=2 decodes=0 decMs=0
[OTS] f=73680 calls=2 n0=2048 n1=16 prims=720 bb=535,742,334,385
[OTT] walkUs=17 texUs=0 emitUs=0 submitUs=3 otherUs=14 prims=0 usPerPrim=17
[FT] avgMs=17 worstMs=85 gameMs=10 drawMs=6 swapWait=0ms draws=2 decodes=0 decMs=0
[OTS] f=73800 calls=2 n0=2048 n1=28 prims=768 bb=535,742,334,385
[OTT] walkUs=218 texUs=3 emitUs=26 submitUs=14 otherUs=173 prims=6 usPerPrim=36
[FT] avgMs=17 worstMs=56 gameMs=10 drawMs=6 swapWait=0ms draws=2 decodes=0 decMs=0
[OTS] f=73920 calls=2 n0=2048 n1=28 prims=744 bb=535,742,334,385
[OTT] walkUs=81 texUs=3 emitUs=26 submitUs=15 otherUs=34 prims=6 usPerPrim=13
[FT] avgMs=17 worstMs=61 gameMs=10 drawMs=6 swapWait=0ms draws=2 decodes=0 decMs=0
[OTS] f=74040 calls=2 n0=2048 n1=28 prims=756 bb=535,742,334,385
[OTT] walkUs=88 texUs=3 emitUs=25 submitUs=24 otherUs=35 prims=6 usPerPrim=14
[SH-XBOX] vblank 87600
[MEM] tick: free=2520KB (630 pages)
[FT] avgMs=17 worstMs=62 gameMs=11 drawMs=5 swapWait=0ms draws=2 decodes=0 decMs=0
[OTS] f=74160 calls=2 n0=2048 n1=28 prims=780 bb=535,742,334,385
[OTT] walkUs=73 texUs=3 emitUs=24 submitUs=12 otherUs=32 prims=6 usPerPrim=12
[FT] avgMs=16 worstMs=45 gameMs=13 drawMs=3 swapWait=0ms draws=2 decodes=0 decMs=0
[OTS] f=74280 calls=2 n0=2048 n1=28 prims=732 bb=535,742,334,385
[OTT] walkUs=80 texUs=2 emitUs=25 submitUs=16 otherUs=35 prims=6 usPerPrim=13
[FT] avgMs=16 worstMs=48 gameMs=13 drawMs=3 swapWait=0ms draws=2 decodes=0 decMs=0
[OTS] f=74400 calls=2 n0=2048 n1=28 prims=744 bb=535,742,334,385
[OTT] walkUs=119 texUs=3 emitUs=26 submitUs=14 otherUs=74 prims=6 usPerPrim=19
[FT] avgMs=17 worstMs=61 gameMs=12 drawMs=4 swapWait=0ms draws=2 decodes=0 decMs=0
[OTS] f=74520 calls=2 n0=2048 n1=28 prims=720 bb=535,742,334,385
[OTT] walkUs=93 texUs=2 emitUs=24 submitUs=34 otherUs=31 prims=6 usPerPrim=15
[FT] avgMs=16 worstMs=45 gameMs=12 drawMs=4 swapWait=1ms draws=2 decodes=0 decMs=0
[OTS] f=74640 calls=2 n0=2048 n1=28 prims=720 bb=535,742,334,385
[OTT] walkUs=77 texUs=3 emitUs=26 submitUs=16 otherUs=31 prims=6 usPerPrim=12
[SH-XBOX] vblank 88200
[MEM] tick: free=2520KB (630 pages)
[FT] avgMs=17 worstMs=52 gameMs=11 drawMs=6 swapWait=0ms draws=2 decodes=0 decMs=0
[OTS] f=74760 calls=2 n0=2048 n1=28 prims=720 bb=535,742,334,385
[OTT] walkUs=80 texUs=3 emitUs=26 submitUs=13 otherUs=35 prims=6 usPerPrim=13
[FT] avgMs=17 worstMs=60 gameMs=11 drawMs=6 swapWait=0ms draws=2 decodes=0 decMs=0
[OTS] f=74880 calls=2 n0=2048 n1=28 prims=720 bb=535,742,334,385
[OTT] walkUs=192 texUs=3 emitUs=25 submitUs=14 otherUs=148 prims=6 usPerPrim=32
[FT] avgMs=16 worstMs=60 gameMs=11 drawMs=5 swapWait=0ms draws=2 decodes=0 decMs=0
[OTS] f=75000 calls=2 n0=2048 n1=16 prims=708 bb=535,742,334,385
[OTT] walkUs=17 texUs=0 emitUs=0 submitUs=3 otherUs=14 prims=0 usPerPrim=17
[FT] avgMs=16 worstMs=57 gameMs=10 drawMs=6 swapWait=0ms draws=2 decodes=0 decMs=0
[OTS] f=75120 calls=2 n0=2048 n1=16 prims=696 bb=535,742,334,385
[OTT] walkUs=17 texUs=0 emitUs=0 submitUs=3 otherUs=14 prims=0 usPerPrim=17
[FT] avgMs=16 worstMs=51 gameMs=10 drawMs=6 swapWait=0ms draws=2 decodes=0 decMs=0
[OTS] f=75240 calls=2 n0=2048 n1=16 prims=696 bb=535,742,334,385
[OTT] walkUs=17 texUs=0 emitUs=0 submitUs=3 otherUs=14 prims=0 usPerPrim=17
[SH-XBOX] vblank 88800
[MEM] tick: free=2520KB (630 pages)
[FT] avgMs=17 worstMs=58 gameMs=10 drawMs=6 swapWait=0ms draws=2 decodes=0 decMs=0
[OTS] f=75360 calls=2 n0=2048 n1=16 prims=672 bb=535,742,334,385
[OTT] walkUs=17 texUs=0 emitUs=0 submitUs=3 otherUs=14 prims=0 usPerPrim=17
[FT] avgMs=16 worstMs=55 gameMs=10 drawMs=6 swapWait=1ms draws=2 decodes=0 decMs=0
[OTS] f=75480 calls=2 n0=2048 n1=16 prims=696 bb=535,742,334,385
[OTT] walkUs=17 texUs=0 emitUs=0 submitUs=3 otherUs=14 prims=0 usPerPrim=17
[FT] avgMs=16 worstMs=47 gameMs=10 drawMs=6 swapWait=0ms draws=2 decodes=0 decMs=0
[OTS] f=75600 calls=2 n0=2048 n1=16 prims=696 bb=535,742,334,385
[OTT] walkUs=17 texUs=0 emitUs=0 submitUs=6 otherUs=11 prims=0 usPerPrim=17
[FT] avgMs=16 worstMs=57 gameMs=11 drawMs=5 swapWait=0ms draws=2 decodes=0 decMs=0
[OTS] f=75720 calls=2 n0=2048 n1=16 prims=696 bb=535,742,334,385
[OTT] walkUs=17 texUs=0 emitUs=0 submitUs=3 otherUs=14 prims=0 usPerPrim=17
[FT] avgMs=16 worstMs=50 gameMs=13 drawMs=3 swapWait=0ms draws=2 decodes=0 decMs=0
[OTS] f=75840 calls=2 n0=2048 n1=16 prims=708 bb=535,742,334,385
[OTT] walkUs=17 texUs=0 emitUs=0 submitUs=3 otherUs=14 prims=0 usPerPrim=17
[SH-XBOX] vblank 89400
[MEM] tick: free=2520KB (630 pages)
[FT] avgMs=17 worstMs=56 gameMs=13 drawMs=3 swapWait=0ms draws=2 decodes=0 decMs=0
[OTS] f=75960 calls=2 n0=2048 n1=16 prims=720 bb=535,742,334,385
[OTT] walkUs=17 texUs=0 emitUs=0 submitUs=3 otherUs=14 prims=0 usPerPrim=17
[FT] avgMs=16 worstMs=55 gameMs=12 drawMs=4 swapWait=0ms draws=2 decodes=0 decMs=0
[OTS] f=76080 calls=2 n0=2048 n1=16 prims=720 bb=535,742,334,385
[OTT] walkUs=17 texUs=0 emitUs=0 submitUs=3 otherUs=14 prims=0 usPerPrim=17
[FT] avgMs=16 worstMs=47 gameMs=12 drawMs=4 swapWait=0ms draws=2 decodes=0 decMs=0
[OTS] f=76200 calls=2 n0=2048 n1=16 prims=720 bb=535,742,334,385
[OTT] walkUs=17 texUs=0 emitUs=0 submitUs=3 otherUs=14 prims=0 usPerPrim=17
[FT] avgMs=16 worstMs=57 gameMs=10 drawMs=6 swapWait=0ms draws=2 decodes=0 decMs=0
[OTS] f=76320 calls=2 n0=2048 n1=16 prims=708 bb=535,742,334,385
[OTT] walkUs=17 texUs=0 emitUs=0 submitUs=3 otherUs=14 prims=0 usPerPrim=17
[FT] avgMs=16 worstMs=52 gameMs=10 drawMs=6 swapWait=0ms draws=2 decodes=0 decMs=0
[OTS] f=76440 calls=2 n0=2048 n1=28 prims=732 bb=535,742,334,385
[OTT] walkUs=105 texUs=3 emitUs=26 submitUs=14 otherUs=61 prims=6 usPerPrim=17
[SH-XBOX] vblank 90000
[MEM] tick: free=2520KB (630 pages)
[FT] avgMs=17 worstMs=61 gameMs=11 drawMs=6 swapWait=0ms draws=2 decodes=0 decMs=0
[OTS] f=76560 calls=2 n0=2048 n1=28 prims=780 bb=535,742,334,385
[OTT] walkUs=211 texUs=3 emitUs=26 submitUs=15 otherUs=165 prims=6 usPerPrim=35
[FT] avgMs=16 worstMs=52 gameMs=10 drawMs=6 swapWait=0ms draws=2 decodes=0 decMs=0
[OTS] f=76680 calls=2 n0=2048 n1=28 prims=744 bb=535,742,334,385
[OTT] walkUs=77 texUs=3 emitUs=26 submitUs=14 otherUs=32 prims=6 usPerPrim=12
[FT] avgMs=16 worstMs=59 gameMs=10 drawMs=6 swapWait=0ms draws=2 decodes=0 decMs=0
[OTS] f=76800 calls=2 n0=2048 n1=28 prims=744 bb=535,742,334,385
[OTT] walkUs=213 texUs=3 emitUs=25 submitUs=13 otherUs=170 prims=6 usPerPrim=35
[FT] avgMs=16 worstMs=54 gameMs=10 drawMs=6 swapWait=0ms draws=2 decodes=0 decMs=0
[OTS] f=76920 calls=2 n0=2048 n1=28 prims=744 bb=535,742,334,385
[OTT] walkUs=277 texUs=3 emitUs=24 submitUs=15 otherUs=234 prims=6 usPerPrim=46
[FT] avgMs=16 worstMs=51 gameMs=10 drawMs=6 swapWait=0ms draws=2 decodes=0 decMs=0
[OTS] f=77040 calls=2 n0=2048 n1=28 prims=744 bb=535,742,334,385
[OTT] walkUs=78 texUs=3 emitUs=27 submitUs=15 otherUs=32 prims=6 usPerPrim=13
[SH-XBOX] vblank 90600
[MEM] tick: free=2520KB (630 pages)
[FT] avgMs=17 worstMs=60 gameMs=10 drawMs=6 swapWait=0ms draws=2 decodes=0 decMs=0
[OTS] f=77160 calls=2 n0=2048 n1=28 prims=756 bb=535,742,334,385
[OTT] walkUs=280 texUs=3 emitUs=26 submitUs=15 otherUs=235 prims=6 usPerPrim=46
[FT] avgMs=16 worstMs=49 gameMs=11 drawMs=5 swapWait=0ms draws=2 decodes=0 decMs=0
[OTS] f=77280 calls=2 n0=2048 n1=28 prims=720 bb=535,742,334,385
[OTT] walkUs=78 texUs=3 emitUs=24 submitUs=14 otherUs=35 prims=6 usPerPrim=13
[FT] avgMs=16 worstMs=55 gameMs=13 drawMs=3 swapWait=0ms draws=2 decodes=0 decMs=0
[OTS] f=77400 calls=2 n0=2048 n1=28 prims=720 bb=535,742,334,385
[OTT] walkUs=86 texUs=3 emitUs=26 submitUs=21 otherUs=34 prims=6 usPerPrim=14
[FT] avgMs=16 worstMs=51 gameMs=13 drawMs=3 swapWait=0ms draws=2 decodes=0 decMs=0
[OTS] f=77520 calls=2 n0=2048 n1=28 prims=720 bb=535,742,334,385
[OTT] walkUs=82 texUs=3 emitUs=31 submitUs=39 otherUs=7 prims=6 usPerPrim=13
[FT] avgMs=16 worstMs=48 gameMs=12 drawMs=4 swapWait=0ms draws=2 decodes=0 decMs=0
[OTS] f=77640 calls=2 n0=2048 n1=28 prims=720 bb=535,742,334,385
[OTT] walkUs=75 texUs=3 emitUs=25 submitUs=14 otherUs=31 prims=6 usPerPrim=12
[SH-XBOX] vblank 91200
[MEM] tick: free=2520KB (630 pages)
[FT] avgMs=17 worstMs=57 gameMs=12 drawMs=5 swapWait=0ms draws=2 decodes=0 decMs=0
[OTS] f=77760 calls=2 n0=2048 n1=16 prims=708 bb=535,742,334,385
[OTT] walkUs=17 texUs=0 emitUs=0 submitUs=3 otherUs=13 prims=0 usPerPrim=17
[FT] avgMs=16 worstMs=55 gameMs=10 drawMs=6 swapWait=0ms draws=2 decodes=0 decMs=0
[OTS] f=77880 calls=2 n0=2048 n1=16 prims=696 bb=535,742,334,385
[OTT] walkUs=17 texUs=0 emitUs=0 submitUs=3 otherUs=14 prims=0 usPerPrim=17
[FT] avgMs=16 worstMs=48 gameMs=11 drawMs=5 swapWait=0ms draws=2 decodes=0 decMs=0
[OTS] f=78000 calls=2 n0=2048 n1=16 prims=696 bb=535,742,334,385
[OTT] walkUs=17 texUs=0 emitUs=0 submitUs=3 otherUs=14 prims=0 usPerPrim=17
[FT] avgMs=16 worstMs=55 gameMs=10 drawMs=6 swapWait=0ms draws=2 decodes=0 decMs=0
[OTS] f=78120 calls=2 n0=2048 n1=16 prims=696 bb=535,742,334,385
[OTT] walkUs=17 texUs=0 emitUs=0 submitUs=4 otherUs=13 prims=0 usPerPrim=17
[FT] avgMs=16 worstMs=53 gameMs=10 drawMs=6 swapWait=0ms draws=2 decodes=0 decMs=0
[OTS] f=78240 calls=2 n0=2048 n1=16 prims=696 bb=535,742,334,385
[OTT] walkUs=17 texUs=0 emitUs=0 submitUs=3 otherUs=14 prims=0 usPerPrim=17
[SH-XBOX] vblank 91800
[MEM] tick: free=2520KB (630 pages)
[FT] avgMs=17 worstMs=62 gameMs=11 drawMs=6 swapWait=0ms draws=2 decodes=0 decMs=0
[OTS] f=78360 calls=2 n0=2048 n1=16 prims=648 bb=535,742,334,385
[OTT] walkUs=17 texUs=0 emitUs=0 submitUs=3 otherUs=14 prims=0 usPerPrim=17
[FT] avgMs=16 worstMs=46 gameMs=10 drawMs=6 swapWait=0ms draws=2 decodes=0 decMs=0
[OTS] f=78480 calls=2 n0=2048 n1=16 prims=696 bb=535,742,334,385
[OTT] walkUs=17 texUs=0 emitUs=0 submitUs=3 otherUs=13 prims=0 usPerPrim=17
[FT] avgMs=16 worstMs=58 gameMs=10 drawMs=6 swapWait=0ms draws=2 decodes=0 decMs=0
[OTS] f=78600 calls=2 n0=2048 n1=16 prims=708 bb=535,742,334,385
[OTT] walkUs=17 texUs=0 emitUs=0 submitUs=3 otherUs=14 prims=0 usPerPrim=17
[FT] avgMs=16 worstMs=54 gameMs=10 drawMs=6 swapWait=0ms draws=2 decodes=0 decMs=0
[OTS] f=78720 calls=2 n0=2048 n1=16 prims=720 bb=535,742,334,385
[OTT] walkUs=17 texUs=0 emitUs=0 submitUs=3 otherUs=14 prims=0 usPerPrim=17
[FT] avgMs=16 worstMs=57 gameMs=11 drawMs=5 swapWait=0ms draws=2 decodes=0 decMs=0
[OTS] f=78840 calls=2 n0=2048 n1=16 prims=720 bb=535,742,334,385
[OTT] walkUs=17 texUs=0 emitUs=0 submitUs=3 otherUs=14 prims=0 usPerPrim=17
[SH-XBOX] vblank 92400
[MEM] tick: free=2520KB (630 pages)
[FT] avgMs=17 worstMs=52 gameMs=13 drawMs=3 swapWait=0ms draws=2 decodes=0 decMs=0
[OTS] f=78960 calls=2 n0=2048 n1=16 prims=720 bb=535,742,334,385
[OTT] walkUs=17 texUs=0 emitUs=0 submitUs=3 otherUs=13 prims=0 usPerPrim=17
[FT] avgMs=16 worstMs=47 gameMs=12 drawMs=3 swapWait=0ms draws=2 decodes=0 decMs=0
[OTS] f=79080 calls=2 n0=2048 n1=16 prims=720 bb=535,742,334,385
[OTT] walkUs=17 texUs=0 emitUs=0 submitUs=3 otherUs=14 prims=0 usPerPrim=17
[FT] avgMs=16 worstMs=50 gameMs=12 drawMs=4 swapWait=0ms draws=2 decodes=0 decMs=0
[OTS] f=79200 calls=2 n0=2048 n1=16 prims=720 bb=535,742,334,385
[OTT] walkUs=17 texUs=0 emitUs=0 submitUs=3 otherUs=14 prims=0 usPerPrim=17
[FT] avgMs=16 worstMs=53 gameMs=11 drawMs=5 swapWait=0ms draws=2 decodes=0 decMs=0
[OTS] f=79320 calls=2 n0=2048 n1=28 prims=744 bb=535,742,334,385
[OTT] walkUs=83 texUs=3 emitUs=26 submitUs=14 otherUs=39 prims=6 usPerPrim=13
[FT] avgMs=16 worstMs=55 gameMs=10 drawMs=6 swapWait=1ms draws=2 decodes=0 decMs=0
[OTS] f=79440 calls=2 n0=2048 n1=28 prims=756 bb=535,742,334,385
[OTT] walkUs=76 texUs=3 emitUs=26 submitUs=15 otherUs=31 prims=6 usPerPrim=12
[SH-XBOX] vblank 93000
[MEM] tick: free=2520KB (630 pages)
[FT] avgMs=17 worstMs=51 gameMs=11 drawMs=5 swapWait=0ms draws=2 decodes=0 decMs=0
[OTS] f=79560 calls=2 n0=2048 n1=28 prims=768 bb=535,742,334,385
[OTT] walkUs=339 texUs=3 emitUs=26 submitUs=14 otherUs=294 prims=6 usPerPrim=56
[FT] avgMs=16 worstMs=56 gameMs=10 drawMs=6 swapWait=0ms draws=2 decodes=0 decMs=0
[OTS] f=79680 calls=2 n0=2048 n1=28 prims=744 bb=535,742,334,385
[OTT] walkUs=121 texUs=3 emitUs=26 submitUs=15 otherUs=76 prims=6 usPerPrim=20
[FT] avgMs=16 worstMs=58 gameMs=10 drawMs=6 swapWait=0ms draws=2 decodes=0 decMs=0
[OTS] f=79800 calls=2 n0=2048 n1=28 prims=744 bb=535,742,334,385
[OTT] walkUs=92 texUs=3 emitUs=27 submitUs=14 otherUs=47 prims=6 usPerPrim=15
[FT] avgMs=16 worstMs=47 gameMs=10 drawMs=6 swapWait=0ms draws=2 decodes=0 decMs=0
[OTS] f=79920 calls=2 n0=2048 n1=28 prims=744 bb=535,742,334,385
[OTT] walkUs=227 texUs=3 emitUs=29 submitUs=14 otherUs=180 prims=6 usPerPrim=37
[FT] avgMs=16 worstMs=58 gameMs=10 drawMs=6 swapWait=0ms draws=2 decodes=0 decMs=0
[OTS] f=80040 calls=2 n0=2048 n1=28 prims=744 bb=535,742,334,385
[OTT] walkUs=134 texUs=3 emitUs=26 submitUs=13 otherUs=90 prims=6 usPerPrim=22
[SH-XBOX] vblank 93600
[MEM] tick: free=2520KB (630 pages)
[FT] avgMs=17 worstMs=51 gameMs=10 drawMs=6 swapWait=0ms draws=2 decodes=0 decMs=0
[OTS] f=80160 calls=2 n0=2048 n1=28 prims=732 bb=535,742,334,385
[OTT] walkUs=80 texUs=3 emitUs=25 submitUs=15 otherUs=35 prims=6 usPerPrim=13
[FT] avgMs=17 worstMs=67 gameMs=10 drawMs=6 swapWait=0ms draws=2 decodes=0 decMs=0
[OTS] f=80280 calls=2 n0=2048 n1=28 prims=720 bb=535,742,334,385
[OTT] walkUs=148 texUs=3 emitUs=26 submitUs=15 otherUs=102 prims=6 usPerPrim=24
[FT] avgMs=16 worstMs=46 gameMs=11 drawMs=5 swapWait=0ms draws=2 decodes=0 decMs=0
[OTS] f=80400 calls=2 n0=2048 n1=28 prims=720 bb=535,742,334,385
[OTT] walkUs=144 texUs=3 emitUs=26 submitUs=16 otherUs=98 prims=6 usPerPrim=24
[FT] avgMs=16 worstMs=53 gameMs=13 drawMs=3 swapWait=0ms draws=2 decodes=0 decMs=0
[OTS] f=80520 calls=2 n0=2048 n1=28 prims=720 bb=535,742,334,385
[OTT] walkUs=182 texUs=3 emitUs=24 submitUs=15 otherUs=138 prims=6 usPerPrim=30
[FT] avgMs=16 worstMs=48 gameMs=12 drawMs=4 swapWait=1ms draws=2 decodes=0 decMs=0
[OTS] f=80640 calls=2 n0=2048 n1=16 prims=708 bb=535,742,334,385
[OTT] walkUs=17 texUs=0 emitUs=0 submitUs=3 otherUs=13 prims=0 usPerPrim=17
[SH-XBOX] vblank 94200
[MEM] tick: free=2520KB (630 pages)
[FT] avgMs=17 worstMs=58 gameMs=12 drawMs=4 swapWait=0ms draws=2 decodes=0 decMs=0
[OTS] f=80760 calls=2 n0=2048 n1=16 prims=672 bb=535,742,334,385
[OTT] walkUs=17 texUs=0 emitUs=0 submitUs=3 otherUs=14 prims=0 usPerPrim=17
[FT] avgMs=16 worstMs=52 gameMs=11 drawMs=5 swapWait=0ms draws=2 decodes=0 decMs=0
[OTS] f=80880 calls=2 n0=2048 n1=16 prims=696 bb=535,742,334,385
[OTT] walkUs=17 texUs=0 emitUs=0 submitUs=3 otherUs=13 prims=0 usPerPrim=17
[FT] avgMs=16 worstMs=50 gameMs=10 drawMs=6 swapWait=0ms draws=2 decodes=0 decMs=0
[OTS] f=81000 calls=2 n0=2048 n1=16 prims=696 bb=535,742,334,385
[OTT] walkUs=17 texUs=0 emitUs=0 submitUs=3 otherUs=13 prims=0 usPerPrim=17
[FT] avgMs=17 worstMs=65 gameMs=11 drawMs=5 swapWait=0ms draws=2 decodes=0 decMs=0
[OTS] f=81120 calls=2 n0=2048 n1=16 prims=684 bb=535,742,334,385
[OTT] walkUs=17 texUs=0 emitUs=0 submitUs=3 otherUs=14 prims=0 usPerPrim=17
[FT] avgMs=16 worstMs=58 gameMs=10 drawMs=6 swapWait=0ms draws=2 decodes=0 decMs=0
[OTS] f=81240 calls=2 n0=2048 n1=16 prims=684 bb=535,742,334,385
[OTT] walkUs=17 texUs=0 emitUs=0 submitUs=3 otherUs=14 prims=0 usPerPrim=17
[SH-XBOX] vblank 94800
[MEM] tick: free=2520KB (630 pages)
[FT] avgMs=17 worstMs=58 gameMs=10 drawMs=6 swapWait=0ms draws=2 decodes=0 decMs=0
[OTS] f=81360 calls=2 n0=2048 n1=16 prims=672 bb=535,742,334,385
[OTT] walkUs=17 texUs=0 emitUs=0 submitUs=3 otherUs=13 prims=0 usPerPrim=17
[FT] avgMs=16 worstMs=48 gameMs=10 drawMs=6 swapWait=0ms draws=2 decodes=0 decMs=0
[OTS] f=81480 calls=2 n0=2048 n1=16 prims=720 bb=535,742,334,385
[OTT] walkUs=17 texUs=0 emitUs=0 submitUs=3 otherUs=13 prims=0 usPerPrim=17
[FT] avgMs=16 worstMs=58 gameMs=10 drawMs=6 swapWait=1ms draws=2 decodes=0 decMs=0
[OTS] f=81600 calls=2 n0=2048 n1=16 prims=720 bb=535,742,334,385
[OTT] walkUs=17 texUs=0 emitUs=0 submitUs=3 otherUs=14 prims=0 usPerPrim=17
[FT] avgMs=16 worstMs=53 gameMs=10 drawMs=6 swapWait=1ms draws=2 decodes=0 decMs=0
[OTS] f=81720 calls=2 n0=2048 n1=16 prims=720 bb=535,742,334,385
[OTT] walkUs=17 texUs=0 emitUs=0 submitUs=3 otherUs=13 prims=0 usPerPrim=17
[FT] avgMs=16 worstMs=50 gameMs=10 drawMs=6 swapWait=0ms draws=2 decodes=0 decMs=0
[OTS] f=81840 calls=2 n0=2048 n1=16 prims=720 bb=535,742,334,385
[OTT] walkUs=17 texUs=0 emitUs=0 submitUs=3 otherUs=14 prims=0 usPerPrim=17
[SH-XBOX] vblank 95400
[MEM] tick: free=2520KB (630 pages)
[FT] avgMs=17 worstMs=57 gameMs=11 drawMs=5 swapWait=0ms draws=2 decodes=0 decMs=0
[OTS] f=81960 calls=2 n0=2048 n1=28 prims=732 bb=535,742,334,385
[OTT] walkUs=216 texUs=3 emitUs=26 submitUs=14 otherUs=171 prims=6 usPerPrim=36
[FT] avgMs=17 worstMs=72 gameMs=13 drawMs=3 swapWait=0ms draws=2 decodes=0 decMs=0
[OTS] f=82080 calls=2 n0=2048 n1=28 prims=756 bb=535,742,334,385
[OTT] walkUs=118 texUs=3 emitUs=26 submitUs=15 otherUs=72 prims=6 usPerPrim=19
[FT] avgMs=16 worstMs=48 gameMs=12 drawMs=4 swapWait=0ms draws=2 decodes=0 decMs=0
[OTS] f=82200 calls=2 n0=2048 n1=28 prims=744 bb=535,742,334,385
[OTT] walkUs=76 texUs=3 emitUs=25 submitUs=15 otherUs=31 prims=6 usPerPrim=12
[FT] avgMs=16 worstMs=46 gameMs=12 drawMs=4 swapWait=1ms draws=2 decodes=0 decMs=0
[OTS] f=82320 calls=2 n0=2048 n1=28 prims=744 bb=535,742,334,385
[OTT] walkUs=115 texUs=3 emitUs=25 submitUs=23 otherUs=63 prims=6 usPerPrim=19
[FT] avgMs=16 worstMs=55 gameMs=11 drawMs=5 swapWait=1ms draws=2 decodes=0 decMs=0
[OTS] f=82440 calls=2 n0=2048 n1=28 prims=744 bb=535,742,334,385
[OTT] walkUs=117 texUs=3 emitUs=25 submitUs=29 otherUs=59 prims=6 usPerPrim=19
[SH-XBOX] vblank 96000
[MEM] tick: free=2520KB (630 pages)
[FT] avgMs=17 worstMs=59 gameMs=11 drawMs=6 swapWait=1ms draws=2 decodes=0 decMs=0
[OTS] f=82560 calls=2 n0=2048 n1=28 prims=768 bb=535,742,334,385
[OTT] walkUs=239 texUs=3 emitUs=24 submitUs=18 otherUs=193 prims=6 usPerPrim=39
[FT] avgMs=16 worstMs=56 gameMs=11 drawMs=5 swapWait=0ms draws=2 decodes=0 decMs=0
[OTS] f=82680 calls=2 n0=2048 n1=28 prims=744 bb=535,742,334,385
[OTT] walkUs=204 texUs=3 emitUs=26 submitUs=14 otherUs=160 prims=6 usPerPrim=34
[FT] avgMs=16 worstMs=46 gameMs=10 drawMs=6 swapWait=0ms draws=2 decodes=0 decMs=0
[OTS] f=82800 calls=2 n0=2048 n1=28 prims=732 bb=535,742,334,385
[OTT] walkUs=282 texUs=3 emitUs=25 submitUs=15 otherUs=238 prims=6 usPerPrim=47
[FT] avgMs=16 worstMs=57 gameMs=10 drawMs=6 swapWait=0ms draws=2 decodes=0 decMs=0
[OTS] f=82920 calls=2 n0=2048 n1=28 prims=720 bb=535,742,334,385
[OTT] walkUs=203 texUs=3 emitUs=26 submitUs=14 otherUs=158 prims=6 usPerPrim=33
[FT] avgMs=16 worstMs=50 gameMs=10 drawMs=6 swapWait=0ms draws=2 decodes=0 decMs=0
[OTS] f=83040 calls=2 n0=2048 n1=28 prims=720 bb=535,742,334,385
[OTT] walkUs=183 texUs=3 emitUs=26 submitUs=14 otherUs=139 prims=6 usPerPrim=30
[SH-XBOX] vblank 96600
[MEM] tick: free=2520KB (630 pages)
[FT] avgMs=17 worstMs=59 gameMs=11 drawMs=6 swapWait=0ms draws=2 decodes=0 decMs=0
[OTS] f=83160 calls=2 n0=2048 n1=28 prims=720 bb=535,742,334,385
[OTT] walkUs=78 texUs=3 emitUs=26 submitUs=14 otherUs=33 prims=6 usPerPrim=13
[FT] avgMs=16 worstMs=53 gameMs=10 drawMs=6 swapWait=0ms draws=2 decodes=0 decMs=0
[OTS] f=83280 calls=2 n0=2048 n1=28 prims=720 bb=535,742,334,385
[OTT] walkUs=228 texUs=3 emitUs=26 submitUs=14 otherUs=184 prims=6 usPerPrim=38
[FT] avgMs=16 worstMs=51 gameMs=10 drawMs=6 swapWait=0ms draws=2 decodes=0 decMs=0
[OTS] f=83400 calls=2 n0=2048 n1=16 prims=708 bb=535,742,334,385
[OTT] walkUs=17 texUs=0 emitUs=0 submitUs=3 otherUs=14 prims=0 usPerPrim=17
[FT] avgMs=16 worstMs=57 gameMs=11 drawMs=5 swapWait=0ms draws=2 decodes=0 decMs=0
[OTS] f=83520 calls=2 n0=2048 n1=16 prims=696 bb=535,742,334,385
[OTT] walkUs=17 texUs=0 emitUs=0 submitUs=3 otherUs=14 prims=0 usPerPrim=17
[FT] avgMs=16 worstMs=48 gameMs=13 drawMs=3 swapWait=0ms draws=2 decodes=0 decMs=0
[OTS] f=83640 calls=2 n0=2048 n1=16 prims=696 bb=535,742,334,385
[OTT] walkUs=17 texUs=0 emitUs=0 submitUs=3 otherUs=14 prims=0 usPerPrim=17
[SH-XBOX] vblank 97200
[MEM] tick: free=2520KB (630 pages)
[FT] avgMs=17 worstMs=52 gameMs=12 drawMs=4 swapWait=0ms draws=2 decodes=0 decMs=0
[OTS] f=83760 calls=2 n0=2048 n1=16 prims=684 bb=535,742,334,385
[OTT] walkUs=17 texUs=0 emitUs=0 submitUs=3 otherUs=14 prims=0 usPerPrim=17
[FT] avgMs=16 worstMs=47 gameMs=12 drawMs=4 swapWait=0ms draws=2 decodes=0 decMs=0
[OTS] f=83880 calls=2 n0=2048 n1=16 prims=696 bb=535,742,334,385
[OTT] walkUs=17 texUs=0 emitUs=0 submitUs=3 otherUs=14 prims=0 usPerPrim=17
[FT] avgMs=16 worstMs=58 gameMs=11 drawMs=5 swapWait=1ms draws=2 decodes=0 decMs=0
[OTS] f=84000 calls=2 n0=2048 n1=16 prims=696 bb=535,742,334,385
[OTT] walkUs=17 texUs=0 emitUs=0 submitUs=3 otherUs=14 prims=0 usPerPrim=17
[FT] avgMs=16 worstMs=54 gameMs=10 drawMs=6 swapWait=0ms draws=2 decodes=0 decMs=0
[OTS] f=84120 calls=2 n0=2048 n1=16 prims=696 bb=535,742,334,385
[OTT] walkUs=17 texUs=0 emitUs=0 submitUs=2 otherUs=14 prims=0 usPerPrim=17
[FT] avgMs=16 worstMs=48 gameMs=11 drawMs=5 swapWait=0ms draws=2 decodes=0 decMs=0
[OTS] f=84240 calls=2 n0=2048 n1=16 prims=696 bb=535,742,334,385
[OTT] walkUs=17 texUs=0 emitUs=0 submitUs=3 otherUs=14 prims=0 usPerPrim=17
[SH-XBOX] vblank 97800
[MEM] tick: free=2520KB (630 pages)
[FT] avgMs=17 worstMs=56 gameMs=11 drawMs=6 swapWait=0ms draws=2 decodes=0 decMs=0
[OTS] f=84360 calls=2 n0=2048 n1=16 prims=696 bb=535,742,334,385
[OTT] walkUs=22 texUs=0 emitUs=0 submitUs=3 otherUs=18 prims=0 usPerPrim=22
[FT] avgMs=16 worstMs=54 gameMs=10 drawMs=6 swapWait=0ms draws=2 decodes=0 decMs=0
[OTS] f=84480 calls=2 n0=2048 n1=16 prims=720 bb=535,742,334,385
[OTT] walkUs=17 texUs=0 emitUs=0 submitUs=3 otherUs=14 prims=0 usPerPrim=17
[FT] avgMs=17 worstMs=60 gameMs=10 drawMs=6 swapWait=0ms draws=2 decodes=0 decMs=0
[OTS] f=84600 calls=2 n0=2048 n1=16 prims=720 bb=535,742,334,385
[OTT] walkUs=17 texUs=0 emitUs=0 submitUs=3 otherUs=13 prims=0 usPerPrim=17
[FT] avgMs=16 worstMs=47 gameMs=10 drawMs=6 swapWait=0ms draws=2 decodes=0 decMs=0
[OTS] f=84720 calls=2 n0=2048 n1=16 prims=720 bb=535,742,334,385
[OTT] walkUs=17 texUs=0 emitUs=0 submitUs=3 otherUs=13 prims=0 usPerPrim=17
[FT] avgMs=16 worstMs=57 gameMs=10 drawMs=6 swapWait=0ms draws=2 decodes=0 decMs=0
[OTS] f=84840 calls=2 n0=2048 n1=16 prims=720 bb=535,742,334,385
[OTT] walkUs=17 texUs=0 emitUs=0 submitUs=4 otherUs=13 prims=0 usPerPrim=17
[SH-XBOX] vblank 98400
[MEM] tick: free=2520KB (630 pages)
[FT] avgMs=17 worstMs=53 gameMs=11 drawMs=6 swapWait=0ms draws=2 decodes=0 decMs=0
[OTS] f=84960 calls=2 n0=2048 n1=28 prims=768 bb=535,742,334,385
[OTT] walkUs=188 texUs=3 emitUs=26 submitUs=15 otherUs=143 prims=6 usPerPrim=31
[FT] avgMs=17 worstMs=61 gameMs=11 drawMs=5 swapWait=0ms draws=2 decodes=0 decMs=0
[OTS] f=85080 calls=2 n0=2048 n1=28 prims=756 bb=535,742,334,385
[OTT] walkUs=75 texUs=3 emitUs=26 submitUs=15 otherUs=30 prims=6 usPerPrim=12
[FT] avgMs=16 worstMs=44 gameMs=13 drawMs=3 swapWait=0ms draws=2 decodes=0 decMs=0
[OTS] f=85200 calls=2 n0=2048 n1=28 prims=732 bb=535,742,334,385
[OTT] walkUs=77 texUs=3 emitUs=26 submitUs=14 otherUs=32 prims=6 usPerPrim=12
[FT] avgMs=16 worstMs=45 gameMs=12 drawMs=4 swapWait=0ms draws=2 decodes=0 decMs=0
[OTS] f=85320 calls=2 n0=2048 n1=28 prims=744 bb=535,742,334,385
[OTT] walkUs=130 texUs=3 emitUs=26 submitUs=14 otherUs=85 prims=6 usPerPrim=21
[FT] avgMs=16 worstMs=47 gameMs=12 drawMs=3 swapWait=0ms draws=2 decodes=0 decMs=0
[OTS] f=85440 calls=2 n0=2048 n1=28 prims=744 bb=535,742,334,385
[OTT] walkUs=204 texUs=3 emitUs=25 submitUs=16 otherUs=159 prims=6 usPerPrim=34
[SH-XBOX] vblank 99000
[MEM] tick: free=2520KB (630 pages)
[FT] avgMs=17 worstMs=59 gameMs=11 drawMs=5 swapWait=0ms draws=2 decodes=0 decMs=0
[OTS] f=85560 calls=2 n0=2048 n1=28 prims=768 bb=535,742,334,385
[OTT] walkUs=78 texUs=3 emitUs=26 submitUs=15 otherUs=32 prims=6 usPerPrim=13
[FT] avgMs=16 worstMs=55 gameMs=11 drawMs=5 swapWait=0ms draws=2 decodes=0 decMs=0
[OTS] f=85680 calls=2 n0=2048 n1=28 prims=732 bb=535,742,334,385
[OTT] walkUs=108 texUs=3 emitUs=26 submitUs=15 otherUs=63 prims=6 usPerPrim=18
[FT] avgMs=16 worstMs=50 gameMs=10 drawMs=6 swapWait=0ms draws=2 decodes=0 decMs=0
[OTS] f=85800 calls=2 n0=2048 n1=28 prims=720 bb=535,742,334,385
[OTT] walkUs=76 texUs=3 emitUs=26 submitUs=14 otherUs=31 prims=6 usPerPrim=12
[FT] avgMs=17 worstMs=60 gameMs=10 drawMs=6 swapWait=0ms draws=2 decodes=0 decMs=0
[OTS] f=85920 calls=2 n0=2048 n1=28 prims=720 bb=535,742,334,385
[OTT] walkUs=76 texUs=3 emitUs=26 submitUs=14 otherUs=32 prims=6 usPerPrim=12
[FT] avgMs=17 worstMs=61 gameMs=10 drawMs=7 swapWait=0ms draws=2 decodes=0 decMs=0
[OTS] f=86040 calls=2 n0=2048 n1=28 prims=720 bb=535,742,334,385
[OTT] walkUs=75 texUs=3 emitUs=25 submitUs=14 otherUs=32 prims=6 usPerPrim=12
[SH-XBOX] vblank 99600
[MEM] tick: free=2520KB (630 pages)
[FT] avgMs=17 worstMs=64 gameMs=11 drawMs=6 swapWait=0ms draws=2 decodes=0 decMs=0
[OTS] f=86160 calls=2 n0=2048 n1=16 prims=696 bb=535,742,334,385
[OTT] walkUs=17 texUs=0 emitUs=0 submitUs=3 otherUs=13 prims=0 usPerPrim=17
[FT] avgMs=17 worstMs=49 gameMs=10 drawMs=6 swapWait=0ms draws=2 decodes=0 decMs=0
[OTS] f=86280 calls=2 n0=2048 n1=16 prims=684 bb=535,742,334,385
[OTT] walkUs=17 texUs=0 emitUs=0 submitUs=3 otherUs=13 prims=0 usPerPrim=17
[FT] avgMs=17 worstMs=56 gameMs=10 drawMs=6 swapWait=0ms draws=2 decodes=0 decMs=0
[OTS] f=86400 calls=2 n0=2048 n1=16 prims=684 bb=535,742,334,385
[OTT] walkUs=17 texUs=0 emitUs=0 submitUs=3 otherUs=13 prims=0 usPerPrim=17
[FT] avgMs=17 worstMs=62 gameMs=10 drawMs=6 swapWait=0ms draws=2 decodes=0 decMs=0
[OTS] f=86520 calls=2 n0=2048 n1=16 prims=684 bb=535,742,334,385
[OTT] walkUs=17 texUs=0 emitUs=0 submitUs=3 otherUs=14 prims=0 usPerPrim=17
[FT] avgMs=16 worstMs=48 gameMs=11 drawMs=5 swapWait=0ms draws=2 decodes=0 decMs=0
[OTS] f=86640 calls=2 n0=2048 n1=16 prims=696 bb=535,742,334,385
[OTT] walkUs=17 texUs=0 emitUs=0 submitUs=3 otherUs=13 prims=0 usPerPrim=17
[SH-XBOX] vblank 100200
[MEM] tick: free=2520KB (630 pages)
[FT] avgMs=17 worstMs=52 gameMs=13 drawMs=3 swapWait=0ms draws=2 decodes=0 decMs=0
[OTS] f=86760 calls=2 n0=2048 n1=16 prims=672 bb=535,742,334,385
[OTT] walkUs=17 texUs=0 emitUs=0 submitUs=3 otherUs=13 prims=0 usPerPrim=17
[FT] avgMs=16 worstMs=48 gameMs=12 drawMs=4 swapWait=1ms draws=2 decodes=0 decMs=0
[OTS] f=86880 calls=2 n0=2048 n1=16 prims=708 bb=535,742,334,385
[OTT] walkUs=17 texUs=0 emitUs=0 submitUs=3 otherUs=13 prims=0 usPerPrim=17
[FT] avgMs=16 worstMs=54 gameMs=13 drawMs=3 swapWait=0ms draws=2 decodes=0 decMs=0
[OTS] f=87000 calls=2 n0=2048 n1=16 prims=720 bb=535,742,334,385
[OTT] walkUs=17 texUs=0 emitUs=0 submitUs=3 otherUs=13 prims=0 usPerPrim=17
[FT] avgMs=17 worstMs=55 gameMs=11 drawMs=5 swapWait=0ms draws=2 decodes=0 decMs=0
[OTS] f=87120 calls=2 n0=2048 n1=16 prims=720 bb=535,742,334,385
[OTT] walkUs=22 texUs=0 emitUs=0 submitUs=3 otherUs=19 prims=0 usPerPrim=22
[FT] avgMs=16 worstMs=50 gameMs=11 drawMs=5 swapWait=0ms draws=2 decodes=0 decMs=0
[OTS] f=87240 calls=2 n0=2048 n1=16 prims=708 bb=535,742,334,385
[OTT] walkUs=17 texUs=0 emitUs=0 submitUs=3 otherUs=14 prims=0 usPerPrim=17
[SH-XBOX] vblank 100800
[MEM] tick: free=2520KB (630 pages)
[FT] avgMs=17 worstMs=58 gameMs=11 drawMs=6 swapWait=0ms draws=2 decodes=0 decMs=0
[OTS] f=87360 calls=2 n0=2048 n1=16 prims=720 bb=535,742,334,385
[OTT] walkUs=17 texUs=0 emitUs=0 submitUs=3 otherUs=14 prims=0 usPerPrim=17
[FT] avgMs=16 worstMs=54 gameMs=10 drawMs=6 swapWait=0ms draws=2 decodes=0 decMs=0
[OTS] f=87480 calls=2 n0=2048 n1=28 prims=732 bb=535,742,334,385
[OTT] walkUs=230 texUs=3 emitUs=26 submitUs=14 otherUs=185 prims=6 usPerPrim=38
[FT] avgMs=17 worstMs=64 gameMs=10 drawMs=6 swapWait=0ms draws=2 decodes=0 decMs=0
[OTS] f=87600 calls=2 n0=2048 n1=28 prims=756 bb=535,742,334,385
[OTT] walkUs=77 texUs=3 emitUs=26 submitUs=14 otherUs=33 prims=6 usPerPrim=12
[FT] avgMs=16 worstMs=48 gameMs=10 drawMs=6 swapWait=0ms draws=2 decodes=0 decMs=0
[OTS] f=87720 calls=2 n0=2048 n1=28 prims=744 bb=535,742,334,385
[OTT] walkUs=76 texUs=3 emitUs=25 submitUs=14 otherUs=32 prims=6 usPerPrim=12
[FT] avgMs=16 worstMs=55 gameMs=10 drawMs=6 swapWait=0ms draws=2 decodes=0 decMs=0
[OTS] f=87840 calls=2 n0=2048 n1=28 prims=744 bb=535,742,334,385
[OTT] walkUs=75 texUs=3 emitUs=26 submitUs=14 otherUs=31 prims=6 usPerPrim=12
[SH-XBOX] vblank 101400
[MEM] tick: free=2520KB (630 pages)
[FT] avgMs=17 worstMs=54 gameMs=11 drawMs=6 swapWait=1ms draws=2 decodes=0 decMs=0
[OTS] f=87960 calls=2 n0=2048 n1=28 prims=768 bb=535,742,334,385
[OTT] walkUs=134 texUs=3 emitUs=25 submitUs=14 otherUs=89 prims=6 usPerPrim=22
[FT] avgMs=16 worstMs=50 gameMs=10 drawMs=6 swapWait=0ms draws=2 decodes=0 decMs=0
[OTS] f=88080 calls=2 n0=2048 n1=28 prims=744 bb=535,742,334,385
[OTT] walkUs=193 texUs=3 emitUs=26 submitUs=14 otherUs=149 prims=6 usPerPrim=32
[FT] avgMs=17 worstMs=61 gameMs=11 drawMs=5 swapWait=0ms draws=2 decodes=0 decMs=0
[OTS] f=88200 calls=2 n0=2048 n1=28 prims=756 bb=535,742,334,385
[OTT] walkUs=303 texUs=3 emitUs=26 submitUs=15 otherUs=257 prims=6 usPerPrim=50
[FT] avgMs=16 worstMs=54 gameMs=13 drawMs=3 swapWait=0ms draws=2 decodes=0 decMs=0
[OTS] f=88320 calls=2 n0=2048 n1=28 prims=720 bb=535,742,334,385
[OTT] walkUs=181 texUs=3 emitUs=27 submitUs=96 otherUs=53 prims=6 usPerPrim=30
[FT] avgMs=17 worstMs=49 gameMs=12 drawMs=4 swapWait=0ms draws=2 decodes=0 decMs=0
[OTS] f=88440 calls=2 n0=2048 n1=28 prims=720 bb=535,742,334,385
[OTT] walkUs=77 texUs=3 emitUs=26 submitUs=14 otherUs=33 prims=6 usPerPrim=12
[SH-XBOX] vblank 102000
[MEM] tick: free=2520KB (630 pages)
[FT] avgMs=17 worstMs=56 gameMs=13 drawMs=3 swapWait=0ms draws=2 decodes=0 decMs=0
[OTS] f=88560 calls=2 n0=2048 n1=28 prims=720 bb=535,742,334,385
[OTT] walkUs=114 texUs=3 emitUs=24 submitUs=14 otherUs=71 prims=6 usPerPrim=19
[FT] avgMs=16 worstMs=56 gameMs=11 drawMs=5 swapWait=0ms draws=2 decodes=0 decMs=0
[OTS] f=88680 calls=2 n0=2048 n1=28 prims=720 bb=535,742,334,385
[OTT] walkUs=98 texUs=3 emitUs=26 submitUs=14 otherUs=53 prims=6 usPerPrim=16
[FT] avgMs=16 worstMs=53 gameMs=11 drawMs=5 swapWait=0ms draws=2 decodes=0 decMs=0
[OTS] f=88800 calls=2 n0=2048 n1=28 prims=720 bb=535,742,334,385
[OTT] walkUs=353 texUs=3 emitUs=25 submitUs=188 otherUs=135 prims=6 usPerPrim=58
[FT] avgMs=17 worstMs=61 gameMs=11 drawMs=6 swapWait=0ms draws=2 decodes=0 decMs=0
[OTS] f=88920 calls=2 n0=2048 n1=16 prims=684 bb=535,742,334,385
[OTT] walkUs=17 texUs=0 emitUs=0 submitUs=3 otherUs=14 prims=0 usPerPrim=17
[FT] avgMs=16 worstMs=51 gameMs=10 drawMs=6 swapWait=0ms draws=2 decodes=0 decMs=0
[OTS] f=89040 calls=2 n0=2048 n1=16 prims=684 bb=535,742,334,385
[OTT] walkUs=17 texUs=0 emitUs=0 submitUs=2 otherUs=14 prims=0 usPerPrim=17
[SH-XBOX] vblank 102600
[MEM] tick: free=2520KB (630 pages)
[FT] avgMs=17 worstMs=58 gameMs=10 drawMs=7 swapWait=0ms draws=2 decodes=0 decMs=0
[OTS] f=89160 calls=2 n0=2048 n1=16 prims=672 bb=535,742,334,385
[OTT] walkUs=17 texUs=0 emitUs=0 submitUs=3 otherUs=14 prims=0 usPerPrim=17
[FT] avgMs=16 worstMs=50 gameMs=10 drawMs=6 swapWait=0ms draws=2 decodes=0 decMs=0
[OTS] f=89280 calls=2 n0=2048 n1=16 prims=696 bb=535,742,334,385
[OTT] walkUs=17 texUs=0 emitUs=0 submitUs=3 otherUs=13 prims=0 usPerPrim=17
[FT] avgMs=16 worstMs=58 gameMs=10 drawMs=6 swapWait=1ms draws=2 decodes=0 decMs=0
[OTS] f=89400 calls=2 n0=2048 n1=16 prims=696 bb=535,742,334,385
[OTT] walkUs=17 texUs=0 emitUs=0 submitUs=3 otherUs=14 prims=0 usPerPrim=17
[FT] avgMs=16 worstMs=55 gameMs=10 drawMs=6 swapWait=0ms draws=2 decodes=0 decMs=0
[OTS] f=89520 calls=2 n0=2048 n1=16 prims=696 bb=535,742,334,385
[OTT] walkUs=17 texUs=0 emitUs=0 submitUs=3 otherUs=14 prims=0 usPerPrim=17
[FT] avgMs=16 worstMs=50 gameMs=10 drawMs=6 swapWait=0ms draws=2 decodes=0 decMs=0
[OTS] f=89640 calls=2 n0=2048 n1=16 prims=708 bb=535,742,334,385
[OTT] walkUs=17 texUs=0 emitUs=0 submitUs=3 otherUs=14 prims=0 usPerPrim=17
[SH-XBOX] vblank 103200
[MEM] tick: free=2520KB (630 pages)
[FT] avgMs=17 worstMs=60 gameMs=11 drawMs=5 swapWait=0ms draws=2 decodes=0 decMs=0
[OTS] f=89760 calls=2 n0=2048 n1=16 prims=720 bb=535,742,334,385
[OTT] walkUs=17 texUs=0 emitUs=0 submitUs=3 otherUs=14 prims=0 usPerPrim=17
[FT] avgMs=16 worstMs=47 gameMs=13 drawMs=3 swapWait=0ms draws=2 decodes=0 decMs=0
[OTS] f=89880 calls=2 n0=2048 n1=16 prims=720 bb=535,742,334,385
[OTT] walkUs=17 texUs=0 emitUs=0 submitUs=3 otherUs=13 prims=0 usPerPrim=17
[FT] avgMs=16 worstMs=44 gameMs=12 drawMs=4 swapWait=0ms draws=2 decodes=0 decMs=0
[OTS] f=90000 calls=2 n0=2048 n1=16 prims=720 bb=535,742,334,385
[OTT] walkUs=17 texUs=0 emitUs=0 submitUs=3 otherUs=14 prims=0 usPerPrim=17
[FT] avgMs=16 worstMs=45 gameMs=13 drawMs=3 swapWait=0ms draws=2 decodes=0 decMs=0
[OTS] f=90120 calls=2 n0=2048 n1=16 prims=720 bb=535,742,334,385
[OTT] walkUs=17 texUs=0 emitUs=0 submitUs=3 otherUs=13 prims=0 usPerPrim=17
[FT] avgMs=16 worstMs=51 gameMs=11 drawMs=5 swapWait=0ms draws=2 decodes=0 decMs=0
[OTS] f=90240 calls=2 n0=2048 n1=16 prims=708 bb=535,742,334,385
[OTT] walkUs=17 texUs=0 emitUs=0 submitUs=3 otherUs=13 prims=0 usPerPrim=17
[SH-XBOX] vblank 103800
[MEM] tick: free=2520KB (630 pages)
[FT] avgMs=17 worstMs=86 gameMs=11 drawMs=5 swapWait=0ms draws=2 decodes=0 decMs=0
[OTS] f=90360 calls=2 n0=2048 n1=28 prims=780 bb=535,742,334,385
[OTT] walkUs=74 texUs=3 emitUs=24 submitUs=14 otherUs=32 prims=6 usPerPrim=12
[FT] avgMs=16 worstMs=53 gameMs=10 drawMs=5 swapWait=0ms draws=2 decodes=0 decMs=0
[OTS] f=90480 calls=2 n0=2048 n1=28 prims=744 bb=535,742,334,385
[OTT] walkUs=200 texUs=3 emitUs=25 submitUs=13 otherUs=157 prims=6 usPerPrim=33
[FT] avgMs=16 worstMs=54 gameMs=10 drawMs=6 swapWait=0ms draws=2 decodes=0 decMs=0
[OTS] f=90600 calls=2 n0=2048 n1=28 prims=744 bb=535,742,334,385
[OTT] walkUs=272 texUs=3 emitUs=26 submitUs=15 otherUs=226 prims=6 usPerPrim=45
[FT] avgMs=16 worstMs=58 gameMs=10 drawMs=6 swapWait=0ms draws=2 decodes=0 decMs=0
[OTS] f=90720 calls=2 n0=2048 n1=28 prims=744 bb=535,742,334,385
[OTT] walkUs=80 texUs=3 emitUs=29 submitUs=14 otherUs=32 prims=6 usPerPrim=13
[FT] avgMs=16 worstMs=54 gameMs=10 drawMs=6 swapWait=0ms draws=2 decodes=0 decMs=0
[OTS] f=90840 calls=2 n0=2048 n1=28 prims=744 bb=535,742,334,385
[OTT] walkUs=86 texUs=3 emitUs=26 submitUs=14 otherUs=41 prims=6 usPerPrim=14
[SH-XBOX] vblank 104400
[MEM] tick: free=2520KB (630 pages)
[FT] avgMs=17 worstMs=60 gameMs=11 drawMs=6 swapWait=0ms draws=2 decodes=0 decMs=0
[OTS] f=90960 calls=2 n0=2048 n1=28 prims=768 bb=535,742,334,385
[OTT] walkUs=77 texUs=3 emitUs=26 submitUs=14 otherUs=33 prims=6 usPerPrim=12
[FT] avgMs=16 worstMs=55 gameMs=10 drawMs=6 swapWait=0ms draws=2 decodes=0 decMs=0
[OTS] f=91080 calls=2 n0=2048 n1=28 prims=744 bb=535,742,334,385
[OTT] walkUs=312 texUs=3 emitUs=26 submitUs=15 otherUs=266 prims=6 usPerPrim=52
[FT] avgMs=16 worstMs=49 gameMs=10 drawMs=6 swapWait=0ms draws=2 decodes=0 decMs=0
[OTS] f=91200 calls=2 n0=2048 n1=28 prims=732 bb=535,742,334,385
[OTT] walkUs=75 texUs=3 emitUs=25 submitUs=14 otherUs=32 prims=6 usPerPrim=12
[FT] avgMs=17 worstMs=59 gameMs=11 drawMs=5 swapWait=0ms draws=2 decodes=0 decMs=0
[OTS] f=91320 calls=2 n0=2048 n1=28 prims=720 bb=535,742,334,385
[OTT] walkUs=76 texUs=3 emitUs=26 submitUs=15 otherUs=31 prims=6 usPerPrim=12
[FT] avgMs=16 worstMs=55 gameMs=13 drawMs=3 swapWait=0ms draws=2 decodes=0 decMs=0
[OTS] f=91440 calls=2 n0=2048 n1=28 prims=720 bb=535,742,334,385
[OTT] walkUs=154 texUs=7 emitUs=25 submitUs=15 otherUs=106 prims=6 usPerPrim=25
[SH-XBOX] vblank 105000
[MEM] tick: free=2520KB (630 pages)
[FT] avgMs=17 worstMs=54 gameMs=12 drawMs=4 swapWait=1ms draws=2 decodes=0 decMs=0
[OTS] f=91560 calls=2 n0=2048 n1=16 prims=708 bb=535,742,334,385
[OTT] walkUs=17 texUs=0 emitUs=0 submitUs=3 otherUs=13 prims=0 usPerPrim=17
[FT] avgMs=16 worstMs=46 gameMs=13 drawMs=3 swapWait=0ms draws=2 decodes=0 decMs=0
[OTS] f=91680 calls=2 n0=2048 n1=16 prims=696 bb=535,742,334,385
[OTT] walkUs=17 texUs=0 emitUs=0 submitUs=3 otherUs=13 prims=0 usPerPrim=17
[FT] avgMs=16 worstMs=60 gameMs=11 drawMs=5 swapWait=0ms draws=2 decodes=0 decMs=0
[OTS] f=91800 calls=2 n0=2048 n1=16 prims=696 bb=535,742,334,385
[OTT] walkUs=17 texUs=0 emitUs=0 submitUs=3 otherUs=13 prims=0 usPerPrim=17
[FT] avgMs=16 worstMs=54 gameMs=11 drawMs=5 swapWait=0ms draws=2 decodes=0 decMs=0
[OTS] f=91920 calls=2 n0=2048 n1=16 prims=696 bb=535,742,334,385
[OTT] walkUs=17 texUs=0 emitUs=0 submitUs=3 otherUs=13 prims=0 usPerPrim=17
[FT] avgMs=16 worstMs=47 gameMs=11 drawMs=5 swapWait=0ms draws=2 decodes=0 decMs=0
[OTS] f=92040 calls=2 n0=2048 n1=16 prims=684 bb=535,742,334,385
[OTT] walkUs=17 texUs=0 emitUs=0 submitUs=4 otherUs=13 prims=0 usPerPrim=17
[SH-XBOX] vblank 105600
[MEM] tick: free=2520KB (630 pages)
[FT] avgMs=17 worstMs=59 gameMs=10 drawMs=6 swapWait=0ms draws=2 decodes=0 decMs=0
[OTS] f=92160 calls=2 n0=2048 n1=16 prims=660 bb=535,742,334,385
[OTT] walkUs=17 texUs=0 emitUs=0 submitUs=3 otherUs=14 prims=0 usPerPrim=17
[FT] avgMs=16 worstMs=54 gameMs=10 drawMs=6 swapWait=0ms draws=2 decodes=0 decMs=0
[OTS] f=92280 calls=2 n0=2048 n1=16 prims=696 bb=535,742,334,385
[OTT] walkUs=17 texUs=0 emitUs=0 submitUs=3 otherUs=13 prims=0 usPerPrim=17
[FT] avgMs=16 worstMs=47 gameMs=10 drawMs=6 swapWait=0ms draws=2 decodes=0 decMs=0
[OTS] f=92400 calls=2 n0=2048 n1=16 prims=708 bb=535,742,334,385
[OTT] walkUs=17 texUs=0 emitUs=0 submitUs=3 otherUs=14 prims=0 usPerPrim=17
[FT] avgMs=16 worstMs=56 gameMs=10 drawMs=6 swapWait=0ms draws=2 decodes=0 decMs=0
[OTS] f=92520 calls=2 n0=2048 n1=16 prims=720 bb=535,742,334,385
[OTT] walkUs=17 texUs=0 emitUs=0 submitUs=3 otherUs=14 prims=0 usPerPrim=17
[FT] avgMs=16 worstMs=50 gameMs=10 drawMs=6 swapWait=0ms draws=2 decodes=0 decMs=0
[OTS] f=92640 calls=2 n0=2048 n1=16 prims=720 bb=535,742,334,385
[OTT] walkUs=17 texUs=0 emitUs=0 submitUs=3 otherUs=14 prims=0 usPerPrim=17
[SH-XBOX] vblank 106200
[MEM] tick: free=2520KB (630 pages)
[FT] avgMs=17 worstMs=59 gameMs=11 drawMs=6 swapWait=0ms draws=2 decodes=0 decMs=0
[OTS] f=92760 calls=2 n0=2048 n1=16 prims=720 bb=535,742,334,385
[OTT] walkUs=17 texUs=0 emitUs=0 submitUs=5 otherUs=11 prims=0 usPerPrim=17
[FT] avgMs=16 worstMs=54 gameMs=11 drawMs=5 swapWait=0ms draws=2 decodes=0 decMs=0
[OTS] f=92880 calls=2 n0=2048 n1=16 prims=720 bb=535,742,334,385
[OTT] walkUs=17 texUs=0 emitUs=0 submitUs=3 otherUs=14 prims=0 usPerPrim=17
[FT] avgMs=16 worstMs=44 gameMs=13 drawMs=3 swapWait=0ms draws=2 decodes=0 decMs=0
[OTS] f=93000 calls=2 n0=2048 n1=16 prims=720 bb=535,742,334,385
[OTT] walkUs=17 texUs=0 emitUs=0 submitUs=3 otherUs=14 prims=0 usPerPrim=17
[FT] avgMs=16 worstMs=47 gameMs=12 drawMs=4 swapWait=0ms draws=2 decodes=0 decMs=0
[OTS] f=93120 calls=2 n0=2048 n1=28 prims=732 bb=535,742,334,385
[OTT] walkUs=77 texUs=3 emitUs=26 submitUs=16 otherUs=30 prims=6 usPerPrim=12
[FT] avgMs=16 worstMs=54 gameMs=13 drawMs=3 swapWait=0ms draws=2 decodes=0 decMs=0
[OTS] f=93240 calls=2 n0=2048 n1=28 prims=744 bb=535,742,334,385
[OTT] walkUs=76 texUs=3 emitUs=25 submitUs=15 otherUs=32 prims=6 usPerPrim=12
[SH-XBOX] vblank 106800
[MEM] tick: free=2520KB (630 pages)
[FT] avgMs=17 worstMs=56 gameMs=11 drawMs=6 swapWait=0ms draws=2 decodes=0 decMs=0
[OTS] f=93360 calls=2 n0=2048 n1=28 prims=768 bb=535,742,334,385
[OTT] walkUs=76 texUs=3 emitUs=25 submitUs=14 otherUs=33 prims=6 usPerPrim=12
[FT] avgMs=16 worstMs=47 gameMs=11 drawMs=5 swapWait=0ms draws=2 decodes=0 decMs=0
[OTS] f=93480 calls=2 n0=2048 n1=28 prims=744 bb=535,742,334,385
[OTT] walkUs=76 texUs=3 emitUs=25 submitUs=14 otherUs=32 prims=6 usPerPrim=12
[FT] avgMs=16 worstMs=56 gameMs=10 drawMs=5 swapWait=0ms draws=2 decodes=0 decMs=0
[OTS] f=93600 calls=2 n0=2048 n1=28 prims=744 bb=535,742,334,385
[OTT] walkUs=165 texUs=3 emitUs=25 submitUs=15 otherUs=121 prims=6 usPerPrim=27
[FT] avgMs=17 worstMs=54 gameMs=10 drawMs=6 swapWait=0ms draws=2 decodes=0 decMs=0
[OTS] f=93720 calls=2 n0=2048 n1=28 prims=744 bb=535,742,334,385
[OTT] walkUs=162 texUs=3 emitUs=26 submitUs=15 otherUs=116 prims=6 usPerPrim=27
[FT] avgMs=16 worstMs=47 gameMs=10 drawMs=6 swapWait=1ms draws=2 decodes=0 decMs=0
[OTS] f=93840 calls=2 n0=2048 n1=28 prims=744 bb=535,742,334,385
[OTT] walkUs=94 texUs=3 emitUs=31 submitUs=13 otherUs=45 prims=6 usPerPrim=15
[SH-XBOX] vblank 107400
[MEM] tick: free=2520KB (630 pages)
[FT] avgMs=17 worstMs=53 gameMs=10 drawMs=6 swapWait=0ms draws=2 decodes=0 decMs=0
[OTS] f=93960 calls=2 n0=2048 n1=28 prims=732 bb=535,742,334,385
[OTT] walkUs=90 texUs=3 emitUs=25 submitUs=14 otherUs=46 prims=6 usPerPrim=15
[FT] avgMs=16 worstMs=52 gameMs=10 drawMs=6 swapWait=0ms draws=2 decodes=0 decMs=0
[OTS] f=94080 calls=2 n0=2048 n1=28 prims=720 bb=535,742,334,385
[OTT] walkUs=176 texUs=3 emitUs=26 submitUs=98 otherUs=48 prims=6 usPerPrim=29
[FT] avgMs=16 worstMs=61 gameMs=10 drawMs=6 swapWait=0ms draws=2 decodes=0 decMs=0
[OTS] f=94200 calls=2 n0=2048 n1=28 prims=720 bb=535,742,334,385
[OTT] walkUs=78 texUs=3 emitUs=26 submitUs=15 otherUs=32 prims=6 usPerPrim=13
[FT] avgMs=16 worstMs=54 gameMs=10 drawMs=5 swapWait=0ms draws=2 decodes=0 decMs=0
[OTS] f=94320 calls=2 n0=2048 n1=28 prims=720 bb=535,742,334,385
[OTT] walkUs=220 texUs=3 emitUs=25 submitUs=14 otherUs=177 prims=6 usPerPrim=36
[FT] avgMs=16 worstMs=49 gameMs=11 drawMs=5 swapWait=0ms draws=2 decodes=0 decMs=0
[OTS] f=94440 calls=2 n0=2048 n1=28 prims=720 bb=535,742,334,385
[OTT] walkUs=77 texUs=2 emitUs=25 submitUs=14 otherUs=35 prims=6 usPerPrim=12
[SH-XBOX] vblank 108000
[MEM] tick: free=2520KB (630 pages)
[FT] avgMs=17 worstMs=53 gameMs=13 drawMs=3 swapWait=0ms draws=2 decodes=0 decMs=0
[OTS] f=94560 calls=2 n0=2048 n1=16 prims=684 bb=535,742,334,385
[OTT] walkUs=17 texUs=0 emitUs=0 submitUs=3 otherUs=14 prims=0 usPerPrim=17
[FT] avgMs=16 worstMs=50 gameMs=11 drawMs=4 swapWait=0ms draws=2 decodes=0 decMs=0
[OTS] f=94680 calls=2 n0=2048 n1=16 prims=696 bb=535,742,334,385
[OTT] walkUs=17 texUs=0 emitUs=0 submitUs=4 otherUs=13 prims=0 usPerPrim=17
[FT] avgMs=16 worstMs=44 gameMs=13 drawMs=3 swapWait=0ms draws=2 decodes=0 decMs=0
[OTS] f=94800 calls=2 n0=2048 n1=16 prims=708 bb=535,742,334,385
[OTT] walkUs=17 texUs=0 emitUs=0 submitUs=3 otherUs=13 prims=0 usPerPrim=17
[FT] avgMs=16 worstMs=50 gameMs=10 drawMs=6 swapWait=0ms draws=2 decodes=0 decMs=0
[OTS] f=94920 calls=2 n0=2048 n1=16 prims=696 bb=535,742,334,385
[OTT] walkUs=17 texUs=0 emitUs=0 submitUs=3 otherUs=14 prims=0 usPerPrim=17
[FT] avgMs=17 worstMs=57 gameMs=11 drawMs=5 swapWait=0ms draws=2 decodes=0 decMs=0
[OTS] f=95040 calls=2 n0=2048 n1=16 prims=684 bb=535,742,334,385
[OTT] walkUs=17 texUs=0 emitUs=0 submitUs=3 otherUs=13 prims=0 usPerPrim=17
[SH-XBOX] vblank 108600
[MEM] tick: free=2520KB (630 pages)
[FT] avgMs=17 worstMs=51 gameMs=11 drawMs=5 swapWait=0ms draws=2 decodes=0 decMs=0
[OTS] f=95160 calls=2 n0=2048 n1=16 prims=672 bb=535,742,334,385
[OTT] walkUs=17 texUs=0 emitUs=0 submitUs=3 otherUs=13 prims=0 usPerPrim=17
[FT] avgMs=16 worstMs=48 gameMs=10 drawMs=6 swapWait=0ms draws=2 decodes=0 decMs=0
[OTS] f=95280 calls=2 n0=2048 n1=16 prims=696 bb=535,742,334,385
[OTT] walkUs=17 texUs=0 emitUs=0 submitUs=3 otherUs=14 prims=0 usPerPrim=17
[FT] avgMs=16 worstMs=58 gameMs=10 drawMs=6 swapWait=0ms draws=2 decodes=0 decMs=0
[OTS] f=95400 calls=2 n0=2048 n1=16 prims=708 bb=535,742,334,385
[OTT] walkUs=17 texUs=0 emitUs=0 submitUs=3 otherUs=14 prims=0 usPerPrim=17
[FT] avgMs=16 worstMs=49 gameMs=10 drawMs=6 swapWait=0ms draws=2 decodes=0 decMs=0
[OTS] f=95520 calls=2 n0=2048 n1=16 prims=720 bb=535,742,334,385
[OTT] walkUs=17 texUs=0 emitUs=0 submitUs=3 otherUs=14 prims=0 usPerPrim=17
[FT] avgMs=16 worstMs=59 gameMs=10 drawMs=6 swapWait=0ms draws=2 decodes=0 decMs=0
[OTS] f=95640 calls=2 n0=2048 n1=16 prims=720 bb=535,742,334,385
[OTT] walkUs=17 texUs=0 emitUs=0 submitUs=3 otherUs=14 prims=0 usPerPrim=17
[SH-XBOX] vblank 109200
[MEM] tick: free=2520KB (630 pages)
[FT] avgMs=17 worstMs=53 gameMs=11 drawMs=6 swapWait=0ms draws=2 decodes=0 decMs=0
[OTS] f=95760 calls=2 n0=2048 n1=16 prims=720 bb=535,742,334,385
[OTT] walkUs=17 texUs=0 emitUs=0 submitUs=3 otherUs=13 prims=0 usPerPrim=17
[FT] avgMs=16 worstMs=49 gameMs=11 drawMs=5 swapWait=0ms draws=2 decodes=0 decMs=0
[OTS] f=95880 calls=2 n0=2048 n1=16 prims=720 bb=535,742,334,385
[OTT] walkUs=17 texUs=0 emitUs=0 submitUs=3 otherUs=14 prims=0 usPerPrim=17
[FT] avgMs=16 worstMs=59 gameMs=12 drawMs=4 swapWait=0ms draws=2 decodes=0 decMs=0
[OTS] f=96000 calls=2 n0=2048 n1=28 prims=732 bb=535,742,334,385
[OTT] walkUs=80 texUs=4 emitUs=26 submitUs=16 otherUs=33 prims=6 usPerPrim=13
[FT] avgMs=16 worstMs=49 gameMs=13 drawMs=3 swapWait=0ms draws=2 decodes=0 decMs=0
[OTS] f=96120 calls=2 n0=2048 n1=28 prims=744 bb=535,742,334,385
[OTT] walkUs=75 texUs=3 emitUs=25 submitUs=16 otherUs=30 prims=6 usPerPrim=12
[FT] avgMs=16 worstMs=58 gameMs=11 drawMs=5 swapWait=0ms draws=2 decodes=0 decMs=0
[OTS] f=96240 calls=2 n0=2048 n1=28 prims=744 bb=535,742,334,385
[OTT] walkUs=200 texUs=3 emitUs=26 submitUs=15 otherUs=155 prims=6 usPerPrim=33
[SH-XBOX] vblank 109800
[MEM] tick: free=2520KB (630 pages)
[FT] avgMs=17 worstMs=52 gameMs=13 drawMs=3 swapWait=0ms draws=2 decodes=0 decMs=0
[OTS] f=96360 calls=2 n0=2048 n1=28 prims=768 bb=535,742,334,385
[OTT] walkUs=79 texUs=3 emitUs=26 submitUs=16 otherUs=33 prims=6 usPerPrim=13
[FT] avgMs=16 worstMs=48 gameMs=10 drawMs=6 swapWait=0ms draws=2 decodes=0 decMs=0
[OTS] f=96480 calls=2 n0=2048 n1=28 prims=744 bb=535,742,334,385
[OTT] walkUs=213 texUs=2 emitUs=26 submitUs=14 otherUs=168 prims=6 usPerPrim=35
[FT] avgMs=16 worstMs=56 gameMs=11 drawMs=5 swapWait=0ms draws=2 decodes=0 decMs=0
[OTS] f=96600 calls=2 n0=2048 n1=28 prims=744 bb=535,742,334,385
[OTT] walkUs=93 texUs=3 emitUs=26 submitUs=14 otherUs=49 prims=6 usPerPrim=15
[FT] avgMs=16 worstMs=55 gameMs=11 drawMs=5 swapWait=0ms draws=2 decodes=0 decMs=0
[OTS] f=96720 calls=2 n0=2048 n1=28 prims=744 bb=535,742,334,385
[OTT] walkUs=75 texUs=2 emitUs=26 submitUs=14 otherUs=32 prims=6 usPerPrim=12
[FT] avgMs=16 worstMs=50 gameMs=10 drawMs=6 swapWait=0ms draws=2 decodes=0 decMs=0
[OTS] f=96840 calls=2 n0=2048 n1=28 prims=732 bb=535,742,334,385
[OTT] walkUs=76 texUs=3 emitUs=25 submitUs=15 otherUs=31 prims=6 usPerPrim=12
[SH-XBOX] vblank 110400
[MEM] tick: free=2520KB (630 pages)
[FT] avgMs=17 worstMs=64 gameMs=10 drawMs=6 swapWait=0ms draws=2 decodes=0 decMs=0
[OTS] f=96960 calls=2 n0=2048 n1=28 prims=720 bb=535,742,334,385
[OTT] walkUs=77 texUs=2 emitUs=26 submitUs=15 otherUs=32 prims=6 usPerPrim=12
[FT] avgMs=16 worstMs=58 gameMs=10 drawMs=6 swapWait=0ms draws=2 decodes=0 decMs=0
[OTS] f=97080 calls=2 n0=2048 n1=28 prims=732 bb=535,742,334,385
[OTT] walkUs=79 texUs=3 emitUs=30 submitUs=14 otherUs=31 prims=6 usPerPrim=13
[FT] avgMs=16 worstMs=53 gameMs=10 drawMs=6 swapWait=0ms draws=2 decodes=0 decMs=0
[OTS] f=97200 calls=2 n0=2048 n1=28 prims=720 bb=535,742,334,385
[OTT] walkUs=76 texUs=2 emitUs=25 submitUs=14 otherUs=33 prims=6 usPerPrim=12
[FT] avgMs=16 worstMs=49 gameMs=10 drawMs=6 swapWait=0ms draws=2 decodes=0 decMs=0
[OTS] f=97320 calls=2 n0=2048 n1=28 prims=720 bb=535,742,334,385
[OTT] walkUs=77 texUs=3 emitUs=26 submitUs=14 otherUs=32 prims=6 usPerPrim=12
[FT] avgMs=16 worstMs=57 gameMs=11 drawMs=5 swapWait=0ms draws=2 decodes=0 decMs=0
[OTS] f=97440 calls=2 n0=2048 n1=16 prims=696 bb=535,742,334,385
[OTT] walkUs=17 texUs=0 emitUs=0 submitUs=3 otherUs=13 prims=0 usPerPrim=17
[SH-XBOX] vblank 111000
[MEM] tick: free=2520KB (630 pages)
[FT] avgMs=17 worstMs=52 gameMs=12 drawMs=4 swapWait=0ms draws=2 decodes=0 decMs=0
[OTS] f=97560 calls=2 n0=2048 n1=16 prims=684 bb=535,742,334,385
[OTT] walkUs=17 texUs=0 emitUs=0 submitUs=3 otherUs=13 prims=0 usPerPrim=17
[FT] avgMs=16 worstMs=52 gameMs=13 drawMs=3 swapWait=0ms draws=2 decodes=0 decMs=0
[OTS] f=97680 calls=2 n0=2048 n1=16 prims=696 bb=535,742,334,385
[OTT] walkUs=17 texUs=0 emitUs=0 submitUs=3 otherUs=14 prims=0 usPerPrim=17
[FT] avgMs=16 worstMs=45 gameMs=11 drawMs=5 swapWait=0ms draws=2 decodes=0 decMs=0
[OTS] f=97800 calls=2 n0=2048 n1=16 prims=696 bb=535,742,334,385
[OTT] walkUs=17 texUs=0 emitUs=0 submitUs=3 otherUs=14 prims=0 usPerPrim=17
[FT] avgMs=16 worstMs=53 gameMs=13 drawMs=3 swapWait=0ms draws=2 decodes=0 decMs=0
[OTS] f=97920 calls=2 n0=2048 n1=16 prims=696 bb=535,742,334,385
[OTT] walkUs=17 texUs=0 emitUs=0 submitUs=4 otherUs=12 prims=0 usPerPrim=17
[FT] avgMs=16 worstMs=54 gameMs=10 drawMs=6 swapWait=0ms draws=2 decodes=0 decMs=0
[OTS] f=98040 calls=2 n0=2048 n1=16 prims=684 bb=535,742,334,385
[OTT] walkUs=17 texUs=0 emitUs=0 submitUs=3 otherUs=14 prims=0 usPerPrim=17
[SH-XBOX] vblank 111600
[MEM] tick: free=2520KB (630 pages)
[FT] avgMs=17 worstMs=60 gameMs=11 drawMs=5 swapWait=0ms draws=2 decodes=0 decMs=0
[OTS] f=98160 calls=2 n0=2048 n1=16 prims=684 bb=535,742,334,385
[OTT] walkUs=17 texUs=0 emitUs=0 submitUs=3 otherUs=14 prims=0 usPerPrim=17
[FT] avgMs=16 worstMs=55 gameMs=11 drawMs=5 swapWait=0ms draws=2 decodes=0 decMs=0
[OTS] f=98280 calls=2 n0=2048 n1=16 prims=720 bb=535,742,334,385
[OTT] walkUs=17 texUs=0 emitUs=0 submitUs=3 otherUs=14 prims=0 usPerPrim=17
[FT] avgMs=16 worstMs=51 gameMs=10 drawMs=6 swapWait=1ms draws=2 decodes=0 decMs=0
[OTS] f=98400 calls=2 n0=2048 n1=16 prims=720 bb=535,742,334,385
[OTT] walkUs=17 texUs=0 emitUs=0 submitUs=3 otherUs=14 prims=0 usPerPrim=17
[FT] avgMs=17 worstMs=62 gameMs=10 drawMs=6 swapWait=0ms draws=2 decodes=0 decMs=0
[OTS] f=98520 calls=2 n0=2048 n1=16 prims=720 bb=535,742,334,385
[OTT] walkUs=17 texUs=0 emitUs=0 submitUs=4 otherUs=12 prims=0 usPerPrim=17
[FT] avgMs=17 worstMs=77 gameMs=10 drawMs=6 swapWait=0ms draws=2 decodes=0 decMs=0
[OTS] f=98640 calls=2 n0=2048 n1=16 prims=720 bb=535,742,334,385
[OTT] walkUs=17 texUs=0 emitUs=0 submitUs=3 otherUs=14 prims=0 usPerPrim=17
[SH-XBOX] vblank 112200
[MEM] tick: free=2520KB (630 pages)
[FT] avgMs=17 worstMs=61 gameMs=11 drawMs=6 swapWait=0ms draws=2 decodes=0 decMs=0
[OTS] f=98760 calls=2 n0=2048 n1=28 prims=756 bb=535,742,334,385
[OTT] walkUs=77 texUs=3 emitUs=25 submitUs=17 otherUs=31 prims=6 usPerPrim=12
[FT] avgMs=16 worstMs=47 gameMs=10 drawMs=6 swapWait=0ms draws=2 decodes=0 decMs=0
[OTS] f=98880 calls=2 n0=2048 n1=28 prims=744 bb=535,742,334,385
[OTT] walkUs=76 texUs=3 emitUs=24 submitUs=14 otherUs=33 prims=6 usPerPrim=12
[FT] avgMs=16 worstMs=58 gameMs=11 drawMs=5 swapWait=1ms draws=2 decodes=0 decMs=0
[OTS] f=99000 calls=2 n0=2048 n1=28 prims=744 bb=535,742,334,385
[OTT] walkUs=190 texUs=3 emitUs=26 submitUs=14 otherUs=145 prims=6 usPerPrim=31
[FT] avgMs=16 worstMs=52 gameMs=12 drawMs=4 swapWait=0ms draws=2 decodes=0 decMs=0
[OTS] f=99120 calls=2 n0=2048 n1=28 prims=744 bb=535,742,334,385
[OTT] walkUs=76 texUs=3 emitUs=26 submitUs=15 otherUs=31 prims=6 usPerPrim=12
[FT] avgMs=16 worstMs=45 gameMs=13 drawMs=3 swapWait=0ms draws=2 decodes=0 decMs=0
[OTS] f=99240 calls=2 n0=2048 n1=28 prims=732 bb=535,742,334,385
[OTT] walkUs=76 texUs=3 emitUs=25 submitUs=16 otherUs=30 prims=6 usPerPrim=12
[SH-XBOX] vblank 112800
[MEM] tick: free=2520KB (630 pages)
[FT] avgMs=17 worstMs=49 gameMs=12 drawMs=5 swapWait=0ms draws=2 decodes=0 decMs=0
[OTS] f=99360 calls=2 n0=2048 n1=28 prims=768 bb=535,742,334,385
[OTT] walkUs=76 texUs=2 emitUs=24 submitUs=15 otherUs=33 prims=6 usPerPrim=12
[FT] avgMs=17 worstMs=55 gameMs=13 drawMs=3 swapWait=0ms draws=2 decodes=0 decMs=0
[OTS] f=99480 calls=2 n0=2048 n1=28 prims=744 bb=535,742,334,385
[OTT] walkUs=81 texUs=3 emitUs=27 submitUs=15 otherUs=35 prims=6 usPerPrim=13
[FT] avgMs=16 worstMs=50 gameMs=10 drawMs=6 swapWait=0ms draws=2 decodes=0 decMs=0
[OTS] f=99600 calls=2 n0=2048 n1=28 prims=732 bb=535,742,334,385
[OTT] walkUs=239 texUs=3 emitUs=26 submitUs=15 otherUs=193 prims=6 usPerPrim=39
[FT] avgMs=16 worstMs=47 gameMs=11 drawMs=5 swapWait=1ms draws=2 decodes=0 decMs=0
[OTS] f=99720 calls=2 n0=2048 n1=28 prims=720 bb=535,742,334,385
[OTT] walkUs=84 texUs=3 emitUs=26 submitUs=14 otherUs=39 prims=6 usPerPrim=14
[FT] avgMs=16 worstMs=57 gameMs=11 drawMs=5 swapWait=0ms draws=2 decodes=0 decMs=0
[OTS] f=99840 calls=2 n0=2048 n1=28 prims=720 bb=535,742,334,385
[OTT] walkUs=358 texUs=3 emitUs=30 submitUs=14 otherUs=310 prims=6 usPerPrim=59
[SH-XBOX] vblank 113400
[MEM] tick: free=2520KB (630 pages)
[FT] avgMs=17 worstMs=51 gameMs=10 drawMs=6 swapWait=0ms draws=2 decodes=0 decMs=0
[OTS] f=99960 calls=2 n0=2048 n1=28 prims=720 bb=535,742,334,385
[OTT] walkUs=210 texUs=3 emitUs=26 submitUs=14 otherUs=165 prims=6 usPerPrim=35
[FT] avgMs=16 worstMs=46 gameMs=10 drawMs=6 swapWait=0ms draws=2 decodes=0 decMs=0
[OTS] f=100080 calls=2 n0=2048 n1=28 prims=720 bb=535,742,334,385
[OTT] walkUs=76 texUs=2 emitUs=26 submitUs=15 otherUs=31 prims=6 usPerPrim=12
[FT] avgMs=16 worstMs=57 gameMs=10 drawMs=6 swapWait=0ms draws=2 decodes=0 decMs=0
[OTS] f=100200 calls=2 n0=2048 n1=16 prims=696 bb=535,742,334,385
[OTT] walkUs=17 texUs=0 emitUs=0 submitUs=3 otherUs=13 prims=0 usPerPrim=17
[FT] avgMs=16 worstMs=51 gameMs=10 drawMs=6 swapWait=0ms draws=2 decodes=0 decMs=0
[OTS] f=100320 calls=2 n0=2048 n1=16 prims=696 bb=535,742,334,385
[OTT] walkUs=17 texUs=0 emitUs=0 submitUs=3 otherUs=14 prims=0 usPerPrim=17
[FT] avgMs=17 worstMs=59 gameMs=10 drawMs=6 swapWait=0ms draws=2 decodes=0 decMs=0
[OTS] f=100440 calls=2 n0=2048 n1=16 prims=684 bb=535,742,334,385
[OTT] walkUs=17 texUs=0 emitUs=0 submitUs=2 otherUs=14 prims=0 usPerPrim=17
[SH-XBOX] vblank 114000
[MEM] tick: free=2520KB (630 pages)
[FT] avgMs=17 worstMs=59 gameMs=11 drawMs=5 swapWait=0ms draws=2 decodes=0 decMs=0
[OTS] f=100560 calls=2 n0=2048 n1=16 prims=672 bb=535,742,334,385
[OTT] walkUs=17 texUs=0 emitUs=0 submitUs=3 otherUs=13 prims=0 usPerPrim=17
[FT] avgMs=16 worstMs=54 gameMs=12 drawMs=4 swapWait=0ms draws=2 decodes=0 decMs=0
[OTS] f=100680 calls=2 n0=2048 n1=16 prims=696 bb=535,742,334,385
[OTT] walkUs=17 texUs=0 emitUs=0 submitUs=3 otherUs=14 prims=0 usPerPrim=17
[FT] avgMs=16 worstMs=47 gameMs=13 drawMs=3 swapWait=0ms draws=2 decodes=0 decMs=0
[OTS] f=100800 calls=2 n0=2048 n1=16 prims=696 bb=535,742,334,385
[OTT] walkUs=17 texUs=0 emitUs=0 submitUs=3 otherUs=14 prims=0 usPerPrim=17
[FT] avgMs=17 worstMs=59 gameMs=12 drawMs=5 swapWait=0ms draws=2 decodes=0 decMs=0
[OTS] f=100920 calls=2 n0=2048 n1=16 prims=684 bb=535,742,334,385
[OTT] walkUs=17 texUs=0 emitUs=0 submitUs=2 otherUs=14 prims=0 usPerPrim=17
[FT] avgMs=16 worstMs=56 gameMs=13 drawMs=3 swapWait=1ms draws=2 decodes=0 decMs=0
[OTS] f=101040 calls=2 n0=2048 n1=16 prims=720 bb=535,742,334,385
[OTT] walkUs=17 texUs=0 emitUs=0 submitUs=2 otherUs=14 prims=0 usPerPrim=17
[SH-XBOX] vblank 114600
[MEM] tick: free=2520KB (630 pages)
[FT] avgMs=17 worstMs=57 gameMs=10 drawMs=6 swapWait=0ms draws=2 decodes=0 decMs=0
[OTS] f=101160 calls=2 n0=2048 n1=16 prims=720 bb=535,742,334,385
[OTT] walkUs=17 texUs=0 emitUs=0 submitUs=3 otherUs=13 prims=0 usPerPrim=17
[FT] avgMs=16 worstMs=51 gameMs=11 drawMs=5 swapWait=1ms draws=2 decodes=0 decMs=0
[OTS] f=101280 calls=2 n0=2048 n1=16 prims=720 bb=535,742,334,385
[OTT] walkUs=17 texUs=0 emitUs=0 submitUs=3 otherUs=14 prims=0 usPerPrim=17
[FT] avgMs=16 worstMs=59 gameMs=11 drawMs=5 swapWait=0ms draws=2 decodes=0 decMs=0
[OTS] f=101400 calls=2 n0=2048 n1=16 prims=720 bb=535,742,334,385
[OTT] walkUs=17 texUs=0 emitUs=0 submitUs=3 otherUs=13 prims=0 usPerPrim=17
[FT] avgMs=16 worstMs=54 gameMs=10 drawMs=6 swapWait=0ms draws=2 decodes=0 decMs=0
[OTS] f=101520 calls=2 n0=2048 n1=28 prims=732 bb=535,742,334,385
[OTT] walkUs=77 texUs=3 emitUs=26 submitUs=14 otherUs=33 prims=6 usPerPrim=12
[FT] avgMs=16 worstMs=51 gameMs=10 drawMs=6 swapWait=0ms draws=2 decodes=0 decMs=0
[OTS] f=101640 calls=2 n0=2048 n1=28 prims=744 bb=535,742,334,385
[OTT] walkUs=75 texUs=3 emitUs=25 submitUs=13 otherUs=33 prims=6 usPerPrim=12
[SH-XBOX] vblank 115200
[MEM] tick: free=2520KB (630 pages)
[FT] avgMs=17 worstMs=57 gameMs=10 drawMs=6 swapWait=0ms draws=2 decodes=0 decMs=0
[OTS] f=101760 calls=2 n0=2048 n1=28 prims=768 bb=535,742,334,385
[OTT] walkUs=79 texUs=3 emitUs=25 submitUs=15 otherUs=35 prims=6 usPerPrim=13
[FT] avgMs=16 worstMs=53 gameMs=10 drawMs=6 swapWait=0ms draws=2 decodes=0 decMs=0
[OTS] f=101880 calls=2 n0=2048 n1=28 prims=744 bb=535,742,334,385
[OTT] walkUs=81 texUs=3 emitUs=27 submitUs=14 otherUs=36 prims=6 usPerPrim=13
[FT] avgMs=16 worstMs=48 gameMs=10 drawMs=6 swapWait=0ms draws=2 decodes=0 decMs=0
[OTS] f=102000 calls=2 n0=2048 n1=28 prims=744 bb=535,742,334,385
[OTT] walkUs=90 texUs=3 emitUs=26 submitUs=15 otherUs=44 prims=6 usPerPrim=15
[FT] avgMs=16 worstMs=56 gameMs=11 drawMs=5 swapWait=0ms draws=2 decodes=0 decMs=0
[OTS] f=102120 calls=2 n0=2048 n1=28 prims=744 bb=535,742,334,385
[OTT] walkUs=87 texUs=2 emitUs=27 submitUs=15 otherUs=41 prims=6 usPerPrim=14
[FT] avgMs=16 worstMs=46 gameMs=12 drawMs=4 swapWait=0ms draws=2 decodes=0 decMs=0
[OTS] f=102240 calls=2 n0=2048 n1=28 prims=744 bb=535,742,334,385
[OTT] walkUs=254 texUs=3 emitUs=24 submitUs=150 otherUs=76 prims=6 usPerPrim=42
[SH-XBOX] vblank 115800
[MEM] tick: free=2520KB (630 pages)
[FT] avgMs=17 worstMs=55 gameMs=13 drawMs=3 swapWait=0ms draws=2 decodes=0 decMs=0
[OTS] f=102360 calls=2 n0=2048 n1=28 prims=732 bb=535,742,334,385
[OTT] walkUs=114 texUs=3 emitUs=25 submitUs=15 otherUs=70 prims=6 usPerPrim=19
[FT] avgMs=16 worstMs=54 gameMs=11 drawMs=5 swapWait=0ms draws=2 decodes=0 decMs=0
[OTS] f=102480 calls=2 n0=2048 n1=28 prims=720 bb=535,742,334,385
[OTT] walkUs=73 texUs=3 emitUs=24 submitUs=19 otherUs=26 prims=6 usPerPrim=12
[FT] avgMs=16 worstMs=45 gameMs=13 drawMs=3 swapWait=0ms draws=2 decodes=0 decMs=0
[OTS] f=102600 calls=2 n0=2048 n1=28 prims=720 bb=535,742,334,385
[OTT] walkUs=289 texUs=2 emitUs=25 submitUs=227 otherUs=33 prims=6 usPerPrim=48
[FT] avgMs=16 worstMs=57 gameMs=10 drawMs=6 swapWait=0ms draws=2 decodes=0 decMs=0
[OTS] f=102720 calls=2 n0=2048 n1=28 prims=720 bb=535,742,334,385
[OTT] walkUs=77 texUs=3 emitUs=26 submitUs=14 otherUs=32 prims=6 usPerPrim=12
[FT] avgMs=16 worstMs=60 gameMs=11 drawMs=5 swapWait=0ms draws=2 decodes=0 decMs=0
[OTS] f=102840 calls=2 n0=2048 n1=28 prims=720 bb=535,742,334,385
[OTT] walkUs=198 texUs=3 emitUs=25 submitUs=17 otherUs=152 prims=6 usPerPrim=33
[SH-XBOX] vblank 116400
[MEM] tick: free=2520KB (630 pages)
[FT] avgMs=17 worstMs=54 gameMs=11 drawMs=5 swapWait=0ms draws=2 decodes=0 decMs=0
[OTS] f=102960 calls=2 n0=2048 n1=16 prims=696 bb=535,742,334,385
[OTT] walkUs=17 texUs=0 emitUs=0 submitUs=3 otherUs=13 prims=0 usPerPrim=17
[FT] avgMs=16 worstMs=49 gameMs=10 drawMs=6 swapWait=0ms draws=2 decodes=0 decMs=0
[OTS] f=103080 calls=2 n0=2048 n1=16 prims=696 bb=535,742,334,385
[OTT] walkUs=17 texUs=0 emitUs=0 submitUs=3 otherUs=14 prims=0 usPerPrim=17
[FT] avgMs=16 worstMs=59 gameMs=10 drawMs=6 swapWait=0ms draws=2 decodes=0 decMs=0
[OTS] f=103200 calls=2 n0=2048 n1=16 prims=696 bb=535,742,334,385
[OTT] walkUs=17 texUs=0 emitUs=0 submitUs=3 otherUs=14 prims=0 usPerPrim=17
[FT] avgMs=16 worstMs=54 gameMs=10 drawMs=6 swapWait=1ms draws=2 decodes=0 decMs=0
[OTS] f=103320 calls=2 n0=2048 n1=16 prims=696 bb=535,742,334,385
[OTT] walkUs=17 texUs=0 emitUs=0 submitUs=3 otherUs=14 prims=0 usPerPrim=17
[FT] avgMs=16 worstMs=46 gameMs=10 drawMs=6 swapWait=0ms draws=2 decodes=0 decMs=0
[OTS] f=103440 calls=2 n0=2048 n1=16 prims=696 bb=535,742,334,385
[OTT] walkUs=17 texUs=0 emitUs=0 submitUs=3 otherUs=14 prims=0 usPerPrim=17
[SH-XBOX] vblank 117000
[MEM] tick: free=2520KB (630 pages)
[FT] avgMs=17 worstMs=57 gameMs=10 drawMs=6 swapWait=0ms draws=2 decodes=0 decMs=0
[OTS] f=103560 calls=2 n0=2048 n1=16 prims=672 bb=535,742,334,385
[OTT] walkUs=17 texUs=0 emitUs=0 submitUs=3 otherUs=14 prims=0 usPerPrim=17
[FT] avgMs=16 worstMs=48 gameMs=11 drawMs=5 swapWait=0ms draws=2 decodes=0 decMs=0
[OTS] f=103680 calls=2 n0=2048 n1=16 prims=696 bb=535,742,334,385
[OTT] walkUs=17 texUs=0 emitUs=0 submitUs=3 otherUs=14 prims=0 usPerPrim=17
[FT] avgMs=16 worstMs=58 gameMs=12 drawMs=4 swapWait=0ms draws=2 decodes=0 decMs=0
[OTS] f=103800 calls=2 n0=2048 n1=16 prims=708 bb=535,742,334,385
[OTT] walkUs=17 texUs=0 emitUs=0 submitUs=3 otherUs=14 prims=0 usPerPrim=17
[FT] avgMs=16 worstMs=50 gameMs=13 drawMs=3 swapWait=0ms draws=2 decodes=0 decMs=0
[OTS] f=103920 calls=2 n0=2048 n1=16 prims=720 bb=535,742,334,385
[OTT] walkUs=17 texUs=0 emitUs=0 submitUs=3 otherUs=13 prims=0 usPerPrim=17
[FT] avgMs=16 worstMs=53 gameMs=11 drawMs=5 swapWait=0ms draws=2 decodes=0 decMs=0
[OTS] f=104040 calls=2 n0=2048 n1=16 prims=720 bb=535,742,334,385
[OTT] walkUs=17 texUs=0 emitUs=0 submitUs=3 otherUs=14 prims=0 usPerPrim=17
[SH-XBOX] vblank 117600
[MEM] tick: free=2520KB (630 pages)
[FT] avgMs=17 worstMs=54 gameMs=13 drawMs=4 swapWait=0ms draws=2 decodes=0 decMs=0
[OTS] f=104160 calls=2 n0=2048 n1=16 prims=720 bb=535,742,334,385
[OTT] walkUs=17 texUs=0 emitUs=0 submitUs=3 otherUs=14 prims=0 usPerPrim=17
[FT] avgMs=16 worstMs=54 gameMs=10 drawMs=6 swapWait=0ms draws=2 decodes=0 decMs=0
[OTS] f=104280 calls=2 n0=2048 n1=16 prims=720 bb=535,742,334,385
[OTT] walkUs=17 texUs=0 emitUs=0 submitUs=3 otherUs=13 prims=0 usPerPrim=17
[FT] avgMs=16 worstMs=47 gameMs=11 drawMs=5 swapWait=1ms draws=2 decodes=0 decMs=0
[OTS] f=104400 calls=2 n0=2048 n1=28 prims=732 bb=535,742,334,385
[OTT] walkUs=76 texUs=3 emitUs=26 submitUs=15 otherUs=31 prims=6 usPerPrim=12
[FT] avgMs=16 worstMs=53 gameMs=11 drawMs=5 swapWait=0ms draws=2 decodes=0 decMs=0
[OTS] f=104520 calls=2 n0=2048 n1=28 prims=744 bb=535,742,334,385
[OTT] walkUs=77 texUs=3 emitUs=26 submitUs=14 otherUs=33 prims=6 usPerPrim=12
[FT] avgMs=16 worstMs=50 gameMs=10 drawMs=6 swapWait=0ms draws=2 decodes=0 decMs=0
[OTS] f=104640 calls=2 n0=2048 n1=28 prims=744 bb=535,742,334,385
[OTT] walkUs=226 texUs=3 emitUs=26 submitUs=14 otherUs=181 prims=6 usPerPrim=37
[SH-XBOX] vblank 118200
[MEM] tick: free=2520KB (630 pages)
[FT] avgMs=17 worstMs=62 gameMs=10 drawMs=6 swapWait=0ms draws=2 decodes=0 decMs=0
[OTS] f=104760 calls=2 n0=2048 n1=28 prims=780 bb=535,742,334,385
[OTT] walkUs=213 texUs=3 emitUs=26 submitUs=15 otherUs=167 prims=6 usPerPrim=35
[FT] avgMs=17 worstMs=61 gameMs=10 drawMs=6 swapWait=0ms draws=2 decodes=0 decMs=0
[OTS] f=104880 calls=2 n0=2048 n1=28 prims=768 bb=535,742,334,385
[OTT] walkUs=76 texUs=2 emitUs=26 submitUs=15 otherUs=31 prims=6 usPerPrim=12
[FT] avgMs=16 worstMs=47 gameMs=10 drawMs=6 swapWait=0ms draws=2 decodes=0 decMs=0
[OTS] f=105000 calls=2 n0=2048 n1=28 prims=744 bb=535,742,334,385
[OTT] walkUs=74 texUs=3 emitUs=25 submitUs=14 otherUs=31 prims=6 usPerPrim=12
[FT] avgMs=16 worstMs=57 gameMs=10 drawMs=6 swapWait=0ms draws=2 decodes=0 decMs=0
[OTS] f=105120 calls=2 n0=2048 n1=28 prims=732 bb=535,742,334,385
[OTT] walkUs=76 texUs=2 emitUs=25 submitUs=15 otherUs=32 prims=6 usPerPrim=12
[FT] avgMs=16 worstMs=52 gameMs=11 drawMs=5 swapWait=0ms draws=2 decodes=0 decMs=0
[OTS] f=105240 calls=2 n0=2048 n1=28 prims=720 bb=535,742,334,385
[OTT] walkUs=75 texUs=3 emitUs=26 submitUs=14 otherUs=31 prims=6 usPerPrim=12
[SH-XBOX] vblank 118800
[MEM] tick: free=2520KB (630 pages)
[FT] avgMs=17 worstMs=49 gameMs=12 drawMs=4 swapWait=0ms draws=2 decodes=0 decMs=0
[OTS] f=105360 calls=2 n0=2048 n1=28 prims=720 bb=535,742,334,385
[OTT] walkUs=156 texUs=3 emitUs=25 submitUs=17 otherUs=110 prims=6 usPerPrim=26
[FT] avgMs=16 worstMs=45 gameMs=13 drawMs=3 swapWait=0ms draws=2 decodes=0 decMs=0
[OTS] f=105480 calls=2 n0=2048 n1=28 prims=720 bb=535,742,334,385
[OTT] walkUs=210 texUs=3 emitUs=25 submitUs=15 otherUs=166 prims=6 usPerPrim=35
[FT] avgMs=16 worstMs=55 gameMs=11 drawMs=5 swapWait=0ms draws=2 decodes=0 decMs=0
[OTS] f=105600 calls=2 n0=2048 n1=28 prims=720 bb=535,742,334,385
[OTT] walkUs=75 texUs=3 emitUs=26 submitUs=151 otherUs=0 prims=6 usPerPrim=12
[FT] avgMs=16 worstMs=54 gameMs=12 drawMs=4 swapWait=0ms draws=2 decodes=0 decMs=0
[OTS] f=105720 calls=2 n0=2048 n1=28 prims=732 bb=535,742,334,385
[OTT] walkUs=79 texUs=3 emitUs=26 submitUs=15 otherUs=33 prims=6 usPerPrim=13
[FT] avgMs=16 worstMs=53 gameMs=10 drawMs=6 swapWait=0ms draws=2 decodes=0 decMs=0
[OTS] f=105840 calls=2 n0=2048 n1=16 prims=708 bb=535,742,334,385
[OTT] walkUs=17 texUs=0 emitUs=0 submitUs=3 otherUs=14 prims=0 usPerPrim=17
[SH-XBOX] vblank 119400
[MEM] tick: free=2520KB (630 pages)
[FT] avgMs=17 worstMs=61 gameMs=11 drawMs=5 swapWait=0ms draws=2 decodes=0 decMs=0
[OTS] f=105960 calls=2 n0=2048 n1=16 prims=660 bb=535,742,334,385
[OTT] walkUs=17 texUs=0 emitUs=0 submitUs=3 otherUs=14 prims=0 usPerPrim=17
[FT] avgMs=16 worstMs=49 gameMs=11 drawMs=5 swapWait=0ms draws=2 decodes=0 decMs=0
[OTS] f=106080 calls=2 n0=2048 n1=16 prims=696 bb=535,742,334,385
[OTT] walkUs=17 texUs=0 emitUs=0 submitUs=3 otherUs=14 prims=0 usPerPrim=17
[FT] avgMs=17 worstMs=59 gameMs=10 drawMs=6 swapWait=0ms draws=2 decodes=0 decMs=0
[OTS] f=106200 calls=2 n0=2048 n1=16 prims=684 bb=535,742,334,385
[OTT] walkUs=17 texUs=0 emitUs=0 submitUs=3 otherUs=13 prims=0 usPerPrim=17
[FT] avgMs=16 worstMs=49 gameMs=10 drawMs=6 swapWait=0ms draws=2 decodes=0 decMs=0
[OTS] f=106320 calls=2 n0=2048 n1=16 prims=696 bb=535,742,334,385
[OTT] walkUs=17 texUs=0 emitUs=0 submitUs=3 otherUs=13 prims=0 usPerPrim=17
[FT] avgMs=17 worstMs=58 gameMs=10 drawMs=6 swapWait=0ms draws=2 decodes=0 decMs=0
[OTS] f=106440 calls=2 n0=2048 n1=16 prims=684 bb=535,742,334,385
[OTT] walkUs=17 texUs=0 emitUs=0 submitUs=3 otherUs=14 prims=0 usPerPrim=17
[SH-XBOX] vblank 120000
[MEM] tick: free=2520KB (630 pages)
[FT] avgMs=17 worstMs=60 gameMs=10 drawMs=6 swapWait=0ms draws=2 decodes=0 decMs=0
[OTS] f=106560 calls=2 n0=2048 n1=16 prims=708 bb=535,742,334,385
[OTT] walkUs=17 texUs=0 emitUs=0 submitUs=3 otherUs=13 prims=0 usPerPrim=17
[FT] avgMs=16 worstMs=51 gameMs=10 drawMs=6 swapWait=0ms draws=2 decodes=0 decMs=0
[OTS] f=106680 calls=2 n0=2048 n1=16 prims=720 bb=535,742,334,385
[OTT] walkUs=17 texUs=0 emitUs=0 submitUs=3 otherUs=14 prims=0 usPerPrim=17
[FT] avgMs=16 worstMs=45 gameMs=10 drawMs=5 swapWait=0ms draws=2 decodes=0 decMs=0
[OTS] f=106800 calls=2 n0=2048 n1=16 prims=732 bb=535,742,334,385
[OTT] walkUs=17 texUs=0 emitUs=0 submitUs=3 otherUs=13 prims=0 usPerPrim=17
[FT] avgMs=17 worstMs=72 gameMs=12 drawMs=4 swapWait=0ms draws=2 decodes=0 decMs=0
[OTS] f=106920 calls=2 n0=2048 n1=16 prims=720 bb=535,742,334,385
[OTT] walkUs=17 texUs=0 emitUs=0 submitUs=3 otherUs=13 prims=0 usPerPrim=17
[FT] avgMs=16 worstMs=47 gameMs=13 drawMs=3 swapWait=0ms draws=2 decodes=0 decMs=0
[OTS] f=107040 calls=2 n0=2048 n1=16 prims=720 bb=535,742,334,385
[OTT] walkUs=17 texUs=0 emitUs=0 submitUs=3 otherUs=14 prims=0 usPerPrim=17
[SH-XBOX] vblank 120600
[MEM] tick: free=2520KB (630 pages)
[FT] avgMs=17 worstMs=60 gameMs=12 drawMs=5 swapWait=0ms draws=2 decodes=0 decMs=0
[OTS] f=107160 calls=2 n0=2048 n1=28 prims=756 bb=535,742,334,385
[OTT] walkUs=143 texUs=2 emitUs=26 submitUs=15 otherUs=99 prims=6 usPerPrim=23
[FT] avgMs=16 worstMs=51 gameMs=12 drawMs=4 swapWait=0ms draws=2 decodes=0 decMs=0
[OTS] f=107280 calls=2 n0=2048 n1=28 prims=744 bb=535,742,334,385
[OTT] walkUs=81 texUs=3 emitUs=30 submitUs=14 otherUs=32 prims=6 usPerPrim=13
[FT] avgMs=16 worstMs=50 gameMs=10 drawMs=6 swapWait=0ms draws=2 decodes=0 decMs=0
[OTS] f=107400 calls=2 n0=2048 n1=28 prims=744 bb=535,742,334,385
[OTT] walkUs=78 texUs=3 emitUs=26 submitUs=14 otherUs=34 prims=6 usPerPrim=13
[FT] avgMs=16 worstMs=57 gameMs=11 drawMs=5 swapWait=0ms draws=2 decodes=0 decMs=0
[OTS] f=107520 calls=2 n0=2048 n1=28 prims=744 bb=535,742,334,385
[OTT] walkUs=81 texUs=3 emitUs=26 submitUs=14 otherUs=36 prims=6 usPerPrim=13
[FT] avgMs=16 worstMs=50 gameMs=11 drawMs=5 swapWait=1ms draws=2 decodes=0 decMs=0
[OTS] f=107640 calls=2 n0=2048 n1=28 prims=744 bb=535,742,334,385
[OTT] walkUs=101 texUs=2 emitUs=26 submitUs=22 otherUs=50 prims=6 usPerPrim=16
[SH-XBOX] vblank 121200
[MEM] tick: free=2520KB (630 pages)
[FT] avgMs=17 worstMs=61 gameMs=10 drawMs=6 swapWait=0ms draws=2 decodes=0 decMs=0
[OTS] f=107760 calls=2 n0=2048 n1=28 prims=780 bb=535,742,334,385
[OTT] walkUs=318 texUs=2 emitUs=26 submitUs=14 otherUs=274 prims=6 usPerPrim=53
[FT] avgMs=16 worstMs=49 gameMs=10 drawMs=6 swapWait=0ms draws=2 decodes=0 decMs=0
[OTS] f=107880 calls=2 n0=2048 n1=28 prims=744 bb=535,742,334,385
[OTT] walkUs=159 texUs=3 emitUs=26 submitUs=15 otherUs=114 prims=6 usPerPrim=26
[FT] avgMs=17 worstMs=59 gameMs=10 drawMs=6 swapWait=0ms draws=2 decodes=0 decMs=0
[OTS] f=108000 calls=2 n0=2048 n1=28 prims=720 bb=535,742,334,385
[OTT] walkUs=273 texUs=3 emitUs=26 submitUs=14 otherUs=229 prims=6 usPerPrim=45
[FT] avgMs=17 worstMs=61 gameMs=10 drawMs=6 swapWait=1ms draws=2 decodes=0 decMs=0
[OTS] f=108120 calls=2 n0=2048 n1=28 prims=720 bb=535,742,334,385
[OTT] walkUs=271 texUs=3 emitUs=25 submitUs=211 otherUs=31 prims=6 usPerPrim=45
[FT] avgMs=17 worstMs=62 gameMs=10 drawMs=6 swapWait=0ms draws=2 decodes=0 decMs=0
[OTS] f=108240 calls=2 n0=2048 n1=28 prims=720 bb=535,742,334,385
[OTT] walkUs=82 texUs=3 emitUs=26 submitUs=15 otherUs=37 prims=6 usPerPrim=13
[SH-XBOX] vblank 121800
[MEM] tick: free=2520KB (630 pages)
[FT] avgMs=17 worstMs=62 gameMs=11 drawMs=5 swapWait=0ms draws=2 decodes=0 decMs=0
[OTS] f=108360 calls=2 n0=2048 n1=16 prims=684 bb=535,742,334,385
[OTT] walkUs=17 texUs=0 emitUs=0 submitUs=3 otherUs=14 prims=0 usPerPrim=17
[FT] avgMs=16 worstMs=46 gameMs=13 drawMs=3 swapWait=0ms draws=2 decodes=0 decMs=0
[OTS] f=108480 calls=2 n0=2048 n1=16 prims=696 bb=535,742,334,385
[OTT] walkUs=17 texUs=0 emitUs=0 submitUs=3 otherUs=13 prims=0 usPerPrim=17
[FT] avgMs=16 worstMs=54 gameMs=13 drawMs=3 swapWait=0ms draws=2 decodes=0 decMs=0
[OTS] f=108600 calls=2 n0=2048 n1=16 prims=696 bb=535,742,334,385
[OTT] walkUs=17 texUs=0 emitUs=0 submitUs=3 otherUs=13 prims=0 usPerPrim=17
[FT] avgMs=16 worstMs=55 gameMs=11 drawMs=5 swapWait=1ms draws=2 decodes=0 decMs=0
[OTS] f=108720 calls=2 n0=2048 n1=16 prims=684 bb=535,742,334,385
[OTT] walkUs=17 texUs=0 emitUs=0 submitUs=3 otherUs=14 prims=0 usPerPrim=17
[FT] avgMs=16 worstMs=45 gameMs=12 drawMs=4 swapWait=0ms draws=2 decodes=0 decMs=0
[OTS] f=108840 calls=2 n0=2048 n1=16 prims=696 bb=535,742,334,385
[OTT] walkUs=17 texUs=0 emitUs=0 submitUs=3 otherUs=14 prims=0 usPerPrim=17
[SH-XBOX] vblank 122400
[MEM] tick: free=2520KB (630 pages)
[FT] avgMs=17 worstMs=50 gameMs=10 drawMs=6 swapWait=0ms draws=2 decodes=0 decMs=0
[OTS] f=108960 calls=2 n0=2048 n1=16 prims=672 bb=535,742,334,385
[OTT] walkUs=17 texUs=0 emitUs=0 submitUs=3 otherUs=14 prims=0 usPerPrim=17
[FT] avgMs=16 worstMs=58 gameMs=11 drawMs=5 swapWait=0ms draws=2 decodes=0 decMs=0
[OTS] f=109080 calls=2 n0=2048 n1=16 prims=696 bb=535,742,334,385
[OTT] walkUs=17 texUs=0 emitUs=0 submitUs=3 otherUs=13 prims=0 usPerPrim=17
[FT] avgMs=16 worstMs=55 gameMs=11 drawMs=5 swapWait=0ms draws=2 decodes=0 decMs=0
[OTS] f=109200 calls=2 n0=2048 n1=16 prims=708 bb=535,742,334,385
[OTT] walkUs=17 texUs=0 emitUs=0 submitUs=3 otherUs=13 prims=0 usPerPrim=17
[FT] avgMs=16 worstMs=53 gameMs=10 drawMs=6 swapWait=0ms draws=2 decodes=0 decMs=0
[OTS] f=109320 calls=2 n0=2048 n1=16 prims=720 bb=535,742,334,385
[OTT] walkUs=17 texUs=0 emitUs=0 submitUs=3 otherUs=13 prims=0 usPerPrim=17
[FT] avgMs=16 worstMs=58 gameMs=10 drawMs=6 swapWait=0ms draws=2 decodes=0 decMs=0
[OTS] f=109440 calls=2 n0=2048 n1=16 prims=720 bb=535,742,334,385
[OTT] walkUs=17 texUs=0 emitUs=0 submitUs=3 otherUs=14 prims=0 usPerPrim=17
[SH-XBOX] vblank 123000
[MEM] tick: free=2520KB (630 pages)
[FT] avgMs=17 worstMs=54 gameMs=10 drawMs=6 swapWait=0ms draws=2 decodes=0 decMs=0
[OTS] f=109560 calls=2 n0=2048 n1=16 prims=720 bb=535,742,334,385
[OTT] walkUs=17 texUs=0 emitUs=0 submitUs=3 otherUs=14 prims=0 usPerPrim=17
[FT] avgMs=16 worstMs=49 gameMs=10 drawMs=6 swapWait=0ms draws=2 decodes=0 decMs=0
[OTS] f=109680 calls=2 n0=2048 n1=16 prims=720 bb=535,742,334,385
[OTT] walkUs=17 texUs=0 emitUs=0 submitUs=3 otherUs=13 prims=0 usPerPrim=17
[FT] avgMs=16 worstMs=56 gameMs=10 drawMs=6 swapWait=0ms draws=2 decodes=0 decMs=0
[OTS] f=109800 calls=2 n0=2048 n1=28 prims=744 bb=535,742,334,385
[OTT] walkUs=115 texUs=3 emitUs=25 submitUs=16 otherUs=70 prims=6 usPerPrim=19
[FT] avgMs=16 worstMs=51 gameMs=11 drawMs=5 swapWait=0ms draws=2 decodes=0 decMs=0
[OTS] f=109920 calls=2 n0=2048 n1=28 prims=744 bb=535,742,334,385
[OTT] walkUs=325 texUs=3 emitUs=26 submitUs=14 otherUs=280 prims=6 usPerPrim=54
[FT] avgMs=16 worstMs=55 gameMs=13 drawMs=3 swapWait=0ms draws=2 decodes=0 decMs=0
[OTS] f=110040 calls=2 n0=2048 n1=28 prims=744 bb=535,742,334,385
[OTT] walkUs=73 texUs=3 emitUs=24 submitUs=16 otherUs=29 prims=6 usPerPrim=12
[SH-XBOX] vblank 123600
[MEM] tick: free=2520KB (630 pages)
[FT] avgMs=17 worstMs=48 gameMs=13 drawMs=3 swapWait=0ms draws=2 decodes=0 decMs=0
[OTS] f=110160 calls=2 n0=2048 n1=28 prims=768 bb=535,742,334,385
[OTT] walkUs=340 texUs=3 emitUs=26 submitUs=16 otherUs=294 prims=6 usPerPrim=56
[FT] avgMs=16 worstMs=48 gameMs=11 drawMs=5 swapWait=0ms draws=2 decodes=0 decMs=0
[OTS] f=110280 calls=2 n0=2048 n1=28 prims=744 bb=535,742,334,385
[OTT] walkUs=162 texUs=3 emitUs=26 submitUs=14 otherUs=119 prims=6 usPerPrim=27
[FT] avgMs=16 worstMs=53 gameMs=12 drawMs=4 swapWait=0ms draws=2 decodes=0 decMs=0
[OTS] f=110400 calls=2 n0=2048 n1=28 prims=744 bb=535,742,334,385
[OTT] walkUs=74 texUs=3 emitUs=26 submitUs=14 otherUs=30 prims=6 usPerPrim=12
[FT] avgMs=16 worstMs=53 gameMs=10 drawMs=6 swapWait=0ms draws=2 decodes=0 decMs=0
[OTS] f=110520 calls=2 n0=2048 n1=28 prims=744 bb=535,742,334,385
[OTT] walkUs=378 texUs=3 emitUs=25 submitUs=15 otherUs=334 prims=6 usPerPrim=63
[FT] avgMs=16 worstMs=46 gameMs=11 drawMs=5 swapWait=0ms draws=2 decodes=0 decMs=0
[OTS] f=110640 calls=2 n0=2048 n1=28 prims=732 bb=535,742,334,385
[OTT] walkUs=199 texUs=3 emitUs=30 submitUs=133 otherUs=31 prims=6 usPerPrim=33
[SH-XBOX] vblank 124200
[MEM] tick: free=2520KB (630 pages)
[FT] avgMs=17 worstMs=56 gameMs=11 drawMs=6 swapWait=0ms draws=2 decodes=0 decMs=0
[OTS] f=110760 calls=2 n0=2048 n1=28 prims=732 bb=535,742,334,385
[OTT] walkUs=102 texUs=3 emitUs=25 submitUs=13 otherUs=60 prims=6 usPerPrim=17
[FT] avgMs=16 worstMs=52 gameMs=10 drawMs=6 swapWait=0ms draws=2 decodes=0 decMs=0
[OTS] f=110880 calls=2 n0=2048 n1=28 prims=720 bb=535,742,334,385
[OTT] walkUs=78 texUs=3 emitUs=26 submitUs=14 otherUs=34 prims=6 usPerPrim=13
[FT] avgMs=17 worstMs=64 gameMs=10 drawMs=6 swapWait=0ms draws=2 decodes=0 decMs=0
[OTS] f=111000 calls=2 n0=2048 n1=28 prims=720 bb=535,742,334,385
[OTT] walkUs=79 texUs=3 emitUs=25 submitUs=15 otherUs=34 prims=6 usPerPrim=13
[FT] avgMs=16 worstMs=50 gameMs=10 drawMs=6 swapWait=0ms draws=2 decodes=0 decMs=0
[OTS] f=111120 calls=2 n0=2048 n1=28 prims=720 bb=535,742,334,385
[OTT] walkUs=393 texUs=2 emitUs=26 submitUs=14 otherUs=349 prims=6 usPerPrim=65
[FT] avgMs=16 worstMs=58 gameMs=10 drawMs=6 swapWait=0ms draws=2 decodes=0 decMs=0
[OTS] f=111240 calls=2 n0=2048 n1=16 prims=696 bb=535,742,334,385
[OTT] walkUs=17 texUs=0 emitUs=0 submitUs=3 otherUs=13 prims=0 usPerPrim=17
[SH-XBOX] vblank 124800
[MEM] tick: free=2520KB (630 pages)
[FT] avgMs=17 worstMs=50 gameMs=10 drawMs=6 swapWait=1ms draws=2 decodes=0 decMs=0
[OTS] f=111360 calls=2 n0=2048 n1=16 prims=672 bb=535,742,334,385
[OTT] walkUs=17 texUs=0 emitUs=0 submitUs=3 otherUs=14 prims=0 usPerPrim=17
[FT] avgMs=16 worstMs=58 gameMs=11 drawMs=5 swapWait=0ms draws=2 decodes=0 decMs=0
[OTS] f=111480 calls=2 n0=2048 n1=16 prims=696 bb=535,742,334,385
[OTT] walkUs=17 texUs=0 emitUs=0 submitUs=3 otherUs=14 prims=0 usPerPrim=17
[FT] avgMs=16 worstMs=50 gameMs=13 drawMs=3 swapWait=0ms draws=2 decodes=0 decMs=0
[OTS] f=111600 calls=2 n0=2048 n1=16 prims=696 bb=535,742,334,385
[OTT] walkUs=17 texUs=0 emitUs=0 submitUs=3 otherUs=14 prims=0 usPerPrim=17
[FT] avgMs=16 worstMs=46 gameMs=13 drawMs=3 swapWait=0ms draws=2 decodes=0 decMs=0
[OTS] f=111720 calls=2 n0=2048 n1=16 prims=696 bb=535,742,334,385
[OTT] walkUs=17 texUs=0 emitUs=0 submitUs=3 otherUs=13 prims=0 usPerPrim=17
[FT] avgMs=16 worstMs=52 gameMs=11 drawMs=4 swapWait=0ms draws=2 decodes=0 decMs=0
[OTS] f=111840 calls=2 n0=2048 n1=16 prims=696 bb=535,742,334,385
[OTT] walkUs=17 texUs=0 emitUs=0 submitUs=3 otherUs=13 prims=0 usPerPrim=17
[SH-XBOX] vblank 125400
[MEM] tick: free=2520KB (630 pages)
[FT] avgMs=17 worstMs=55 gameMs=12 drawMs=4 swapWait=0ms draws=2 decodes=0 decMs=0
[OTS] f=111960 calls=2 n0=2048 n1=16 prims=684 bb=535,742,334,385
[OTT] walkUs=17 texUs=0 emitUs=0 submitUs=6 otherUs=11 prims=0 usPerPrim=17
[FT] avgMs=16 worstMs=54 gameMs=10 drawMs=6 swapWait=0ms draws=2 decodes=0 decMs=0
[OTS] f=112080 calls=2 n0=2048 n1=16 prims=720 bb=535,742,334,385
[OTT] walkUs=17 texUs=0 emitUs=0 submitUs=3 otherUs=13 prims=0 usPerPrim=17
[FT] avgMs=16 worstMs=47 gameMs=11 drawMs=5 swapWait=0ms draws=2 decodes=0 decMs=0
[OTS] f=112200 calls=2 n0=2048 n1=16 prims=720 bb=535,742,334,385
[OTT] walkUs=17 texUs=0 emitUs=0 submitUs=6 otherUs=10 prims=0 usPerPrim=17
[FT] avgMs=16 worstMs=57 gameMs=10 drawMs=5 swapWait=0ms draws=2 decodes=0 decMs=0
[OTS] f=112320 calls=2 n0=2048 n1=16 prims=720 bb=535,742,334,385
[OTT] walkUs=17 texUs=0 emitUs=0 submitUs=3 otherUs=14 prims=0 usPerPrim=17
[FT] avgMs=16 worstMs=52 gameMs=10 drawMs=6 swapWait=0ms draws=2 decodes=0 decMs=0
[OTS] f=112440 calls=2 n0=2048 n1=16 prims=720 bb=535,742,334,385
[OTT] walkUs=17 texUs=0 emitUs=0 submitUs=3 otherUs=13 prims=0 usPerPrim=17
[SH-XBOX] vblank 126000
[MEM] tick: free=2520KB (630 pages)
[FT] avgMs=17 worstMs=59 gameMs=10 drawMs=6 swapWait=0ms draws=2 decodes=0 decMs=0
[OTS] f=112560 calls=2 n0=2048 n1=16 prims=720 bb=535,742,334,385
[OTT] walkUs=17 texUs=0 emitUs=0 submitUs=3 otherUs=13 prims=0 usPerPrim=17
[FT] avgMs=16 worstMs=58 gameMs=10 drawMs=6 swapWait=0ms draws=2 decodes=0 decMs=0
[OTS] f=112680 calls=2 n0=2048 n1=28 prims=756 bb=535,742,334,385
[OTT] walkUs=80 texUs=3 emitUs=29 submitUs=20 otherUs=28 prims=6 usPerPrim=13
[FT] avgMs=16 worstMs=51 gameMs=10 drawMs=6 swapWait=0ms draws=2 decodes=0 decMs=0
[OTS] f=112800 calls=2 n0=2048 n1=28 prims=744 bb=535,742,334,385
[OTT] walkUs=75 texUs=3 emitUs=26 submitUs=15 otherUs=30 prims=6 usPerPrim=12
[FT] avgMs=16 worstMs=58 gameMs=10 drawMs=6 swapWait=0ms draws=2 decodes=0 decMs=0
[OTS] f=112920 calls=2 n0=2048 n1=28 prims=744 bb=535,742,334,385
[OTT] walkUs=77 texUs=3 emitUs=26 submitUs=14 otherUs=32 prims=6 usPerPrim=12
[FT] avgMs=16 worstMs=55 gameMs=11 drawMs=5 swapWait=0ms draws=2 decodes=0 decMs=0
[OTS] f=113040 calls=2 n0=2048 n1=28 prims=744 bb=535,742,334,385
[OTT] walkUs=243 texUs=3 emitUs=24 submitUs=183 otherUs=32 prims=6 usPerPrim=40
[SH-XBOX] vblank 126600
[MEM] tick: free=2520KB (630 pages)
[FT] avgMs=17 worstMs=49 gameMs=13 drawMs=3 swapWait=0ms draws=2 decodes=0 decMs=0
[OTS] f=113160 calls=2 n0=2048 n1=28 prims=756 bb=535,742,334,385
[OTT] walkUs=76 texUs=2 emitUs=26 submitUs=15 otherUs=31 prims=6 usPerPrim=12
[FT] avgMs=16 worstMs=47 gameMs=13 drawMs=3 swapWait=0ms draws=2 decodes=0 decMs=0
[OTS] f=113280 calls=2 n0=2048 n1=28 prims=744 bb=535,742,334,385
[OTT] walkUs=85 texUs=3 emitUs=34 submitUs=14 otherUs=33 prims=6 usPerPrim=14
[FT] avgMs=16 worstMs=60 gameMs=12 drawMs=4 swapWait=0ms draws=2 decodes=0 decMs=0
[OTS] f=113400 calls=2 n0=2048 n1=28 prims=744 bb=535,742,334,385
[OTT] walkUs=73 texUs=3 emitUs=25 submitUs=15 otherUs=29 prims=6 usPerPrim=12
[FT] avgMs=16 worstMs=52 gameMs=12 drawMs=4 swapWait=0ms draws=2 decodes=0 decMs=0
[OTS] f=113520 calls=2 n0=2048 n1=28 prims=732 bb=535,742,334,385
[OTT] walkUs=120 texUs=3 emitUs=26 submitUs=14 otherUs=76 prims=6 usPerPrim=20
[FT] avgMs=16 worstMs=50 gameMs=10 drawMs=6 swapWait=0ms draws=2 decodes=0 decMs=0
[OTS] f=113640 calls=2 n0=2048 n1=28 prims=720 bb=535,742,334,385
[OTT] walkUs=146 texUs=3 emitUs=28 submitUs=15 otherUs=98 prims=6 usPerPrim=24
[SH-XBOX] vblank 127200
[MEM] tick: free=2520KB (630 pages)
[FT] avgMs=17 worstMs=56 gameMs=11 drawMs=6 swapWait=0ms draws=2 decodes=0 decMs=0
[OTS] f=113760 calls=2 n0=2048 n1=28 prims=732 bb=535,742,334,385
[OTT] walkUs=225 texUs=3 emitUs=25 submitUs=13 otherUs=182 prims=6 usPerPrim=37
[FT] avgMs=16 worstMs=52 gameMs=10 drawMs=5 swapWait=0ms draws=2 decodes=0 decMs=0
[OTS] f=113880 calls=2 n0=2048 n1=28 prims=720 bb=535,742,334,385
[OTT] walkUs=160 texUs=3 emitUs=25 submitUs=14 otherUs=118 prims=6 usPerPrim=26
[FT] avgMs=16 worstMs=48 gameMs=10 drawMs=6 swapWait=0ms draws=2 decodes=0 decMs=0
[OTS] f=114000 calls=2 n0=2048 n1=28 prims=720 bb=535,742,334,385
[OTT] walkUs=298 texUs=3 emitUs=26 submitUs=14 otherUs=252 prims=6 usPerPrim=49
[FT] avgMs=16 worstMs=58 gameMs=10 drawMs=6 swapWait=0ms draws=2 decodes=0 decMs=0
[OTS] f=114120 calls=2 n0=2048 n1=16 prims=708 bb=535,742,334,385
[OTT] walkUs=17 texUs=0 emitUs=0 submitUs=3 otherUs=13 prims=0 usPerPrim=17
[FT] avgMs=16 worstMs=50 gameMs=10 drawMs=6 swapWait=0ms draws=2 decodes=0 decMs=0
[OTS] f=114240 calls=2 n0=2048 n1=16 prims=696 bb=535,742,334,385
[OTT] walkUs=17 texUs=0 emitUs=0 submitUs=3 otherUs=14 prims=0 usPerPrim=17
[SH-XBOX] vblank 127800
[MEM] tick: free=2520KB (630 pages)
[FT] avgMs=17 worstMs=61 gameMs=11 drawMs=6 swapWait=0ms draws=2 decodes=0 decMs=0
[OTS] f=114360 calls=2 n0=2048 n1=16 prims=660 bb=535,742,334,385
[OTT] walkUs=17 texUs=0 emitUs=0 submitUs=5 otherUs=12 prims=0 usPerPrim=17
[FT] avgMs=16 worstMs=48 gameMs=10 drawMs=6 swapWait=1ms draws=2 decodes=0 decMs=0
[OTS] f=114480 calls=2 n0=2048 n1=16 prims=696 bb=535,742,334,385
[OTT] walkUs=17 texUs=0 emitUs=0 submitUs=3 otherUs=13 prims=0 usPerPrim=17
[FT] avgMs=16 worstMs=55 gameMs=11 drawMs=5 swapWait=0ms draws=2 decodes=0 decMs=0
[OTS] f=114600 calls=2 n0=2048 n1=16 prims=696 bb=535,742,334,385
[OTT] walkUs=17 texUs=0 emitUs=0 submitUs=3 otherUs=14 prims=0 usPerPrim=17
[FT] avgMs=16 worstMs=47 gameMs=13 drawMs=3 swapWait=0ms draws=2 decodes=0 decMs=0
[OTS] f=114720 calls=2 n0=2048 n1=16 prims=696 bb=535,742,334,385
[OTT] walkUs=17 texUs=0 emitUs=0 submitUs=3 otherUs=13 prims=0 usPerPrim=17
[FT] avgMs=17 worstMs=49 gameMs=13 drawMs=3 swapWait=0ms draws=2 decodes=0 decMs=0
[OTS] f=114840 calls=2 n0=2048 n1=16 prims=696 bb=535,742,334,385
[OTT] walkUs=17 texUs=0 emitUs=0 submitUs=3 otherUs=14 prims=0 usPerPrim=17
[SH-XBOX] vblank 128400
[MEM] tick: free=2520KB (630 pages)
[FT] avgMs=17 worstMs=54 gameMs=12 drawMs=4 swapWait=0ms draws=2 decodes=0 decMs=0
[OTS] f=114960 calls=2 n0=2048 n1=16 prims=708 bb=535,742,334,385
[OTT] walkUs=17 texUs=0 emitUs=0 submitUs=3 otherUs=14 prims=0 usPerPrim=17
[FT] avgMs=17 worstMs=77 gameMs=12 drawMs=4 swapWait=0ms draws=2 decodes=0 decMs=0
[OTS] f=115080 calls=2 n0=2048 n1=16 prims=720 bb=535,742,334,385
[OTT] walkUs=17 texUs=0 emitUs=0 submitUs=3 otherUs=13 prims=0 usPerPrim=17
[FT] avgMs=16 worstMs=59 gameMs=10 drawMs=6 swapWait=0ms draws=2 decodes=0 decMs=0
[OTS] f=115200 calls=2 n0=2048 n1=16 prims=720 bb=535,742,334,385
[OTT] walkUs=17 texUs=0 emitUs=0 submitUs=3 otherUs=14 prims=0 usPerPrim=17
[FT] avgMs=16 worstMs=53 gameMs=10 drawMs=6 swapWait=0ms draws=2 decodes=0 decMs=0
[OTS] f=115320 calls=2 n0=2048 n1=16 prims=720 bb=535,742,334,385
[OTT] walkUs=17 texUs=0 emitUs=0 submitUs=3 otherUs=13 prims=0 usPerPrim=17
[FT] avgMs=16 worstMs=47 gameMs=10 drawMs=5 swapWait=0ms draws=2 decodes=0 decMs=0
[OTS] f=115440 calls=2 n0=2048 n1=16 prims=720 bb=535,742,334,385
[OTT] walkUs=17 texUs=0 emitUs=0 submitUs=3 otherUs=14 prims=0 usPerPrim=17
[SH-XBOX] vblank 129000
[MEM] tick: free=2520KB (630 pages)
[FT] avgMs=17 worstMs=57 gameMs=10 drawMs=6 swapWait=0ms draws=2 decodes=0 decMs=0
[OTS] f=115560 calls=2 n0=2048 n1=28 prims=768 bb=535,742,334,385
[OTT] walkUs=77 texUs=3 emitUs=26 submitUs=15 otherUs=32 prims=6 usPerPrim=12
[FT] avgMs=16 worstMs=52 gameMs=10 drawMs=6 swapWait=0ms draws=2 decodes=0 decMs=0
[OTS] f=115680 calls=2 n0=2048 n1=28 prims=744 bb=535,742,334,385
[OTT] walkUs=162 texUs=3 emitUs=25 submitUs=14 otherUs=118 prims=6 usPerPrim=27
[FT] avgMs=16 worstMs=60 gameMs=10 drawMs=6 swapWait=0ms draws=2 decodes=0 decMs=0
[OTS] f=115800 calls=2 n0=2048 n1=28 prims=744 bb=535,742,334,385
[OTT] walkUs=343 texUs=3 emitUs=26 submitUs=15 otherUs=298 prims=6 usPerPrim=57
[FT] avgMs=16 worstMs=56 gameMs=10 drawMs=6 swapWait=0ms draws=2 decodes=0 decMs=0
[OTS] f=115920 calls=2 n0=2048 n1=28 prims=744 bb=535,742,334,385
[OTT] walkUs=221 texUs=3 emitUs=30 submitUs=14 otherUs=172 prims=6 usPerPrim=36
[FT] avgMs=16 worstMs=51 gameMs=10 drawMs=6 swapWait=0ms draws=2 decodes=0 decMs=0
[OTS] f=116040 calls=2 n0=2048 n1=28 prims=744 bb=535,742,334,385
[OTT] walkUs=76 texUs=3 emitUs=26 submitUs=14 otherUs=31 prims=6 usPerPrim=12
[SH-XBOX] vblank 129600
[MEM] tick: free=2520KB (630 pages)
[FT] avgMs=17 worstMs=57 gameMs=11 drawMs=5 swapWait=0ms draws=2 decodes=0 decMs=0
[OTS] f=116160 calls=2 n0=2048 n1=28 prims=768 bb=535,742,334,385
[OTT] walkUs=75 texUs=3 emitUs=26 submitUs=14 otherUs=31 prims=6 usPerPrim=12
[FT] avgMs=16 worstMs=49 gameMs=13 drawMs=3 swapWait=0ms draws=2 decodes=0 decMs=0
[OTS] f=116280 calls=2 n0=2048 n1=28 prims=732 bb=535,742,334,385
[OTT] walkUs=118 texUs=3 emitUs=26 submitUs=16 otherUs=72 prims=6 usPerPrim=19
[FT] avgMs=16 worstMs=45 gameMs=13 drawMs=3 swapWait=0ms draws=2 decodes=0 decMs=0
[OTS] f=116400 calls=2 n0=2048 n1=28 prims=720 bb=535,742,334,385
[OTT] walkUs=77 texUs=3 emitUs=26 submitUs=15 otherUs=31 prims=6 usPerPrim=12
[FT] avgMs=16 worstMs=49 gameMs=12 drawMs=4 swapWait=0ms draws=2 decodes=0 decMs=0
[OTS] f=116520 calls=2 n0=2048 n1=28 prims=720 bb=535,742,334,385
[OTT] walkUs=78 texUs=3 emitUs=26 submitUs=14 otherUs=34 prims=6 usPerPrim=13
[FT] avgMs=17 worstMs=53 gameMs=12 drawMs=4 swapWait=1ms draws=2 decodes=0 decMs=0
[OTS] f=116640 calls=2 n0=2048 n1=28 prims=732 bb=535,742,334,385
[OTT] walkUs=304 texUs=3 emitUs=26 submitUs=16 otherUs=258 prims=6 usPerPrim=50
[SH-XBOX] vblank 130200
[MEM] tick: free=2520KB (630 pages)
[FT] avgMs=17 worstMs=50 gameMs=10 drawMs=6 swapWait=0ms draws=2 decodes=0 decMs=0
[OTS] f=116760 calls=2 n0=2048 n1=28 prims=720 bb=535,742,334,385
[OTT] walkUs=81 texUs=2 emitUs=32 submitUs=14 otherUs=30 prims=6 usPerPrim=13
[FT] avgMs=16 worstMs=48 gameMs=10 drawMs=6 swapWait=0ms draws=2 decodes=0 decMs=0
[OTS] f=116880 calls=2 n0=2048 n1=28 prims=720 bb=535,742,334,385
[OTT] walkUs=74 texUs=3 emitUs=24 submitUs=14 otherUs=32 prims=6 usPerPrim=12
[FT] avgMs=16 worstMs=56 gameMs=10 drawMs=6 swapWait=0ms draws=2 decodes=0 decMs=0
[OTS] f=117000 calls=2 n0=2048 n1=16 prims=696 bb=535,742,334,385
[OTT] walkUs=17 texUs=0 emitUs=0 submitUs=3 otherUs=14 prims=0 usPerPrim=17
[FT] avgMs=16 worstMs=54 gameMs=10 drawMs=6 swapWait=0ms draws=2 decodes=0 decMs=0
[OTS] f=117120 calls=2 n0=2048 n1=16 prims=696 bb=535,742,334,385
[OTT] walkUs=17 texUs=0 emitUs=0 submitUs=3 otherUs=13 prims=0 usPerPrim=17
[FT] avgMs=17 worstMs=59 gameMs=10 drawMs=6 swapWait=0ms draws=2 decodes=0 decMs=0
[OTS] f=117240 calls=2 n0=2048 n1=16 prims=684 bb=535,742,334,385
[OTT] walkUs=17 texUs=0 emitUs=0 submitUs=3 otherUs=14 prims=0 usPerPrim=17
[SH-XBOX] vblank 130800
[MEM] tick: free=2520KB (630 pages)
[FT] avgMs=17 worstMs=59 gameMs=10 drawMs=6 swapWait=0ms draws=2 decodes=0 decMs=0
[OTS] f=117360 calls=2 n0=2048 n1=16 prims=672 bb=535,742,334,385
[OTT] walkUs=17 texUs=0 emitUs=0 submitUs=3 otherUs=14 prims=0 usPerPrim=17
[FT] avgMs=16 worstMs=58 gameMs=10 drawMs=6 swapWait=0ms draws=2 decodes=0 decMs=0
[OTS] f=117480 calls=2 n0=2048 n1=16 prims=696 bb=535,742,334,385
[OTT] walkUs=17 texUs=0 emitUs=0 submitUs=4 otherUs=13 prims=0 usPerPrim=17
[FT] avgMs=16 worstMs=53 gameMs=10 drawMs=6 swapWait=1ms draws=2 decodes=0 decMs=0
[OTS] f=117600 calls=2 n0=2048 n1=16 prims=684 bb=535,742,334,385
[OTT] walkUs=17 texUs=0 emitUs=0 submitUs=3 otherUs=13 prims=0 usPerPrim=17
[FT] avgMs=16 worstMs=58 gameMs=11 drawMs=5 swapWait=0ms draws=2 decodes=0 decMs=0
[OTS] f=117720 calls=2 n0=2048 n1=16 prims=708 bb=535,742,334,385
[OTT] walkUs=18 texUs=0 emitUs=0 submitUs=3 otherUs=14 prims=0 usPerPrim=18
[FT] avgMs=16 worstMs=50 gameMs=13 drawMs=3 swapWait=0ms draws=2 decodes=0 decMs=0
[OTS] f=117840 calls=2 n0=2048 n1=16 prims=720 bb=535,742,334,385
[OTT] walkUs=17 texUs=0 emitUs=0 submitUs=3 otherUs=14 prims=0 usPerPrim=17
[SH-XBOX] vblank 131400
[MEM] tick: free=2520KB (630 pages)
[FT] avgMs=17 worstMs=54 gameMs=13 drawMs=3 swapWait=0ms draws=2 decodes=0 decMs=0
[OTS] f=117960 calls=2 n0=2048 n1=16 prims=720 bb=535,742,334,385
[OTT] walkUs=17 texUs=0 emitUs=0 submitUs=3 otherUs=14 prims=0 usPerPrim=17
[FT] avgMs=16 worstMs=50 gameMs=12 drawMs=4 swapWait=0ms draws=2 decodes=0 decMs=0
[OTS] f=118080 calls=2 n0=2048 n1=16 prims=720 bb=535,742,334,385
[OTT] walkUs=17 texUs=0 emitUs=0 submitUs=3 otherUs=14 prims=0 usPerPrim=17
[FT] avgMs=17 worstMs=54 gameMs=11 drawMs=5 swapWait=1ms draws=2 decodes=0 decMs=0
[OTS] f=118200 calls=2 n0=2048 n1=16 prims=720 bb=535,742,334,385
[OTT] walkUs=17 texUs=0 emitUs=0 submitUs=2 otherUs=14 prims=0 usPerPrim=17
[FT] avgMs=16 worstMs=55 gameMs=10 drawMs=6 swapWait=0ms draws=2 decodes=0 decMs=0
[OTS] f=118320 calls=2 n0=2048 n1=16 prims=720 bb=535,742,334,385
[OTT] walkUs=17 texUs=0 emitUs=0 submitUs=3 otherUs=13 prims=0 usPerPrim=17
[FT] avgMs=16 worstMs=50 gameMs=10 drawMs=5 swapWait=0ms draws=2 decodes=0 decMs=0
[OTS] f=118440 calls=2 n0=2048 n1=28 prims=732 bb=535,742,334,385
[OTT] walkUs=78 texUs=3 emitUs=26 submitUs=16 otherUs=32 prims=6 usPerPrim=13
[SH-XBOX] vblank 132000
[MEM] tick: free=2520KB (630 pages)
[FT] avgMs=17 worstMs=58 gameMs=11 drawMs=6 swapWait=0ms draws=2 decodes=0 decMs=0
[OTS] f=118560 calls=2 n0=2048 n1=28 prims=780 bb=535,742,334,385
[OTT] walkUs=98 texUs=3 emitUs=25 submitUs=37 otherUs=32 prims=6 usPerPrim=16
[FT] avgMs=16 worstMs=54 gameMs=10 drawMs=6 swapWait=0ms draws=2 decodes=0 decMs=0
[OTS] f=118680 calls=2 n0=2048 n1=28 prims=744 bb=535,742,334,385
[OTT] walkUs=176 texUs=7 emitUs=26 submitUs=263 otherUs=0 prims=6 usPerPrim=29
[FT] avgMs=16 worstMs=48 gameMs=10 drawMs=6 swapWait=0ms draws=2 decodes=0 decMs=0
[OTS] f=118800 calls=2 n0=2048 n1=28 prims=744 bb=535,742,334,385
[OTT] walkUs=424 texUs=3 emitUs=25 submitUs=14 otherUs=380 prims=6 usPerPrim=70
[FT] avgMs=16 worstMs=59 gameMs=10 drawMs=6 swapWait=0ms draws=2 decodes=0 decMs=0
[OTS] f=118920 calls=2 n0=2048 n1=28 prims=744 bb=535,742,334,385
[OTT] walkUs=247 texUs=3 emitUs=26 submitUs=16 otherUs=202 prims=6 usPerPrim=41
[FT] avgMs=16 worstMs=55 gameMs=10 drawMs=6 swapWait=0ms draws=2 decodes=0 decMs=0
[OTS] f=119040 calls=2 n0=2048 n1=28 prims=744 bb=535,742,334,385
[OTT] walkUs=80 texUs=3 emitUs=29 submitUs=14 otherUs=32 prims=6 usPerPrim=13
[SH-XBOX] vblank 132600
[MEM] tick: free=2520KB (630 pages)
[FT] avgMs=17 worstMs=61 gameMs=11 drawMs=6 swapWait=0ms draws=2 decodes=0 decMs=0
[OTS] f=119160 calls=2 n0=2048 n1=28 prims=756 bb=535,742,334,385
[OTT] walkUs=110 texUs=2 emitUs=25 submitUs=14 otherUs=67 prims=6 usPerPrim=18
[FT] avgMs=16 worstMs=47 gameMs=11 drawMs=5 swapWait=0ms draws=2 decodes=0 decMs=0
[OTS] f=119280 calls=2 n0=2048 n1=28 prims=720 bb=535,742,334,385
[OTT] walkUs=94 texUs=3 emitUs=26 submitUs=15 otherUs=50 prims=6 usPerPrim=15
[FT] avgMs=16 worstMs=52 gameMs=13 drawMs=3 swapWait=0ms draws=2 decodes=0 decMs=0
[OTS] f=119400 calls=2 n0=2048 n1=28 prims=720 bb=535,742,334,385
[OTT] walkUs=85 texUs=2 emitUs=25 submitUs=15 otherUs=41 prims=6 usPerPrim=14
[FT] avgMs=17 worstMs=48 gameMs=13 drawMs=3 swapWait=0ms draws=2 decodes=0 decMs=0
[OTS] f=119520 calls=2 n0=2048 n1=28 prims=732 bb=535,742,334,385
[OTT] walkUs=77 texUs=2 emitUs=26 submitUs=15 otherUs=32 prims=6 usPerPrim=12
[FT] avgMs=16 worstMs=58 gameMs=12 drawMs=4 swapWait=0ms draws=2 decodes=0 decMs=0
[OTS] f=119640 calls=2 n0=2048 n1=28 prims=732 bb=535,742,334,385
[OTT] walkUs=103 texUs=3 emitUs=26 submitUs=16 otherUs=57 prims=6 usPerPrim=17
[SH-XBOX] vblank 133200
[MEM] tick: free=2520KB (630 pages)
[FT] avgMs=17 worstMs=54 gameMs=12 drawMs=5 swapWait=0ms draws=2 decodes=0 decMs=0
[OTS] f=119760 calls=2 n0=2048 n1=16 prims=696 bb=535,742,334,385
[OTT] walkUs=17 texUs=0 emitUs=0 submitUs=3 otherUs=14 prims=0 usPerPrim=17
[FT] avgMs=16 worstMs=44 gameMs=10 drawMs=5 swapWait=0ms draws=2 decodes=0 decMs=0
[OTS] f=119880 calls=2 n0=2048 n1=16 prims=696 bb=535,742,334,385
[OTT] walkUs=17 texUs=0 emitUs=0 submitUs=3 otherUs=13 prims=0 usPerPrim=17
[FT] avgMs=16 worstMs=59 gameMs=11 drawMs=5 swapWait=0ms draws=2 decodes=0 decMs=0
[OTS] f=120000 calls=2 n0=2048 n1=16 prims=696 bb=535,742,334,385
[OTT] walkUs=17 texUs=0 emitUs=0 submitUs=3 otherUs=14 prims=0 usPerPrim=17
[FT] avgMs=16 worstMs=51 gameMs=10 drawMs=6 swapWait=0ms draws=2 decodes=0 decMs=0
[OTS] f=120120 calls=2 n0=2048 n1=16 prims=696 bb=535,742,334,385
[OTT] walkUs=17 texUs=0 emitUs=0 submitUs=3 otherUs=14 prims=0 usPerPrim=17
[FT] avgMs=16 worstMs=48 gameMs=10 drawMs=6 swapWait=0ms draws=2 decodes=0 decMs=0
[OTS] f=120240 calls=2 n0=2048 n1=16 prims=696 bb=535,742,334,385
[OTT] walkUs=17 texUs=0 emitUs=0 submitUs=3 otherUs=14 prims=0 usPerPrim=17
[SH-XBOX] vblank 133800
[MEM] tick: free=2520KB (630 pages)
[FT] avgMs=17 worstMs=56 gameMs=10 drawMs=6 swapWait=0ms draws=2 decodes=0 decMs=0
[OTS] f=120360 calls=2 n0=2048 n1=16 prims=672 bb=535,742,334,385
[OTT] walkUs=17 texUs=0 emitUs=0 submitUs=4 otherUs=13 prims=0 usPerPrim=17
[FT] avgMs=16 worstMs=53 gameMs=10 drawMs=6 swapWait=0ms draws=2 decodes=0 decMs=0
[OTS] f=120480 calls=2 n0=2048 n1=16 prims=696 bb=535,742,334,385
[OTT] walkUs=17 texUs=0 emitUs=0 submitUs=4 otherUs=13 prims=0 usPerPrim=17
[FT] avgMs=17 worstMs=62 gameMs=10 drawMs=6 swapWait=0ms draws=2 decodes=0 decMs=0
[OTS] f=120600 calls=2 n0=2048 n1=16 prims=696 bb=535,742,334,385
[OTT] walkUs=17 texUs=0 emitUs=0 submitUs=4 otherUs=13 prims=0 usPerPrim=17
[FT] avgMs=16 worstMs=47 gameMs=10 drawMs=6 swapWait=0ms draws=2 decodes=0 decMs=0
[OTS] f=120720 calls=2 n0=2048 n1=16 prims=720 bb=535,742,334,385
[OTT] walkUs=17 texUs=0 emitUs=0 submitUs=3 otherUs=14 prims=0 usPerPrim=17
[FT] avgMs=16 worstMs=55 gameMs=11 drawMs=5 swapWait=0ms draws=2 decodes=0 decMs=0
[OTS] f=120840 calls=2 n0=2048 n1=16 prims=720 bb=535,742,334,385
[OTT] walkUs=17 texUs=0 emitUs=0 submitUs=3 otherUs=14 prims=0 usPerPrim=17
[SH-XBOX] vblank 134400
[MEM] tick: free=2520KB (630 pages)
[FT] avgMs=17 worstMs=48 gameMs=13 drawMs=3 swapWait=0ms draws=2 decodes=0 decMs=0
[OTS] f=120960 calls=2 n0=2048 n1=16 prims=720 bb=535,742,334,385
[OTT] walkUs=17 texUs=0 emitUs=0 submitUs=2 otherUs=14 prims=0 usPerPrim=17
[FT] avgMs=17 worstMs=49 gameMs=12 drawMs=4 swapWait=0ms draws=2 decodes=0 decMs=0
[OTS] f=121080 calls=2 n0=2048 n1=16 prims=720 bb=535,742,334,385
[OTT] walkUs=18 texUs=0 emitUs=0 submitUs=3 otherUs=15 prims=0 usPerPrim=18
[FT] avgMs=16 worstMs=44 gameMs=12 drawMs=4 swapWait=0ms draws=2 decodes=0 decMs=0
[OTS] f=121200 calls=2 n0=2048 n1=16 prims=720 bb=535,742,334,385
[OTT] walkUs=17 texUs=0 emitUs=0 submitUs=5 otherUs=12 prims=0 usPerPrim=17
[FT] avgMs=16 worstMs=48 gameMs=11 drawMs=5 swapWait=0ms draws=2 decodes=0 decMs=0
[OTS] f=121320 calls=2 n0=2048 n1=28 prims=744 bb=535,742,334,385
[OTT] walkUs=308 texUs=3 emitUs=26 submitUs=15 otherUs=264 prims=6 usPerPrim=51
[FT] avgMs=16 worstMs=60 gameMs=10 drawMs=6 swapWait=0ms draws=2 decodes=0 decMs=0
[OTS] f=121440 calls=2 n0=2048 n1=28 prims=744 bb=535,742,334,385
[OTT] walkUs=81 texUs=3 emitUs=26 submitUs=14 otherUs=37 prims=6 usPerPrim=13
[SH-XBOX] vblank 135000
[MEM] tick: free=2520KB (630 pages)
[FT] avgMs=17 worstMs=54 gameMs=11 drawMs=5 swapWait=0ms draws=2 decodes=0 decMs=0
[OTS] f=121560 calls=2 n0=2048 n1=28 prims=768 bb=535,742,334,385
[OTT] walkUs=245 texUs=3 emitUs=26 submitUs=14 otherUs=200 prims=6 usPerPrim=40
[FT] avgMs=16 worstMs=49 gameMs=10 drawMs=6 swapWait=0ms draws=2 decodes=0 decMs=0
[OTS] f=121680 calls=2 n0=2048 n1=28 prims=744 bb=535,742,334,385
[OTT] walkUs=355 texUs=3 emitUs=26 submitUs=14 otherUs=310 prims=6 usPerPrim=59
[FT] avgMs=16 worstMs=59 gameMs=10 drawMs=6 swapWait=0ms draws=2 decodes=0 decMs=0
[OTS] f=121800 calls=2 n0=2048 n1=28 prims=744 bb=535,742,334,385
[OTT] walkUs=365 texUs=3 emitUs=33 submitUs=150 otherUs=177 prims=6 usPerPrim=60
[FT] avgMs=16 worstMs=49 gameMs=10 drawMs=6 swapWait=0ms draws=2 decodes=0 decMs=0
[OTS] f=121920 calls=2 n0=2048 n1=28 prims=744 bb=535,742,334,385
[OTT] walkUs=79 texUs=3 emitUs=26 submitUs=14 otherUs=35 prims=6 usPerPrim=13
[FT] avgMs=16 worstMs=60 gameMs=10 drawMs=6 swapWait=0ms draws=2 decodes=0 decMs=0
[OTS] f=122040 calls=2 n0=2048 n1=28 prims=744 bb=535,742,334,385
[OTT] walkUs=142 texUs=3 emitUs=25 submitUs=18 otherUs=95 prims=6 usPerPrim=23
[SH-XBOX] vblank 135600
[MEM] tick: free=2520KB (630 pages)
[FT] avgMs=17 worstMs=55 gameMs=10 drawMs=6 swapWait=0ms draws=2 decodes=0 decMs=0
[OTS] f=122160 calls=2 n0=2048 n1=28 prims=732 bb=535,742,334,385
[OTT] walkUs=157 texUs=3 emitUs=24 submitUs=97 otherUs=32 prims=6 usPerPrim=26
[FT] avgMs=16 worstMs=52 gameMs=10 drawMs=6 swapWait=0ms draws=2 decodes=0 decMs=0
[OTS] f=122280 calls=2 n0=2048 n1=28 prims=720 bb=535,742,334,385
[OTT] walkUs=121 texUs=3 emitUs=26 submitUs=15 otherUs=76 prims=6 usPerPrim=20
[FT] avgMs=16 worstMs=59 gameMs=11 drawMs=5 swapWait=0ms draws=2 decodes=0 decMs=0
[OTS] f=122400 calls=2 n0=2048 n1=28 prims=720 bb=535,742,334,385
[OTT] walkUs=90 texUs=3 emitUs=26 submitUs=15 otherUs=45 prims=6 usPerPrim=15
[FT] avgMs=16 worstMs=49 gameMs=13 drawMs=3 swapWait=0ms draws=2 decodes=0 decMs=0
[OTS] f=122520 calls=2 n0=2048 n1=28 prims=732 bb=535,742,334,385
[OTT] walkUs=247 texUs=3 emitUs=26 submitUs=15 otherUs=202 prims=6 usPerPrim=41
[FT] avgMs=16 worstMs=43 gameMs=12 drawMs=4 swapWait=0ms draws=2 decodes=0 decMs=0
[OTS] f=122640 calls=2 n0=2048 n1=28 prims=720 bb=535,742,334,385
[OTT] walkUs=77 texUs=3 emitUs=26 submitUs=15 otherUs=32 prims=6 usPerPrim=12
[SH-XBOX] vblank 136200
[MEM] tick: free=2520KB (630 pages)
[FT] avgMs=17 worstMs=57 gameMs=13 drawMs=4 swapWait=0ms draws=2 decodes=0 decMs=0
[OTS] f=122760 calls=2 n0=2048 n1=16 prims=684 bb=535,742,334,385
[OTT] walkUs=17 texUs=0 emitUs=0 submitUs=3 otherUs=14 prims=0 usPerPrim=17
[FT] avgMs=16 worstMs=58 gameMs=11 drawMs=5 swapWait=0ms draws=2 decodes=0 decMs=0
[OTS] f=122880 calls=2 n0=2048 n1=16 prims=696 bb=535,742,334,385
[OTT] walkUs=17 texUs=0 emitUs=0 submitUs=80 otherUs=0 prims=0 usPerPrim=17
[FT] avgMs=16 worstMs=60 gameMs=11 drawMs=5 swapWait=0ms draws=2 decodes=0 decMs=0
[OTS] f=123000 calls=2 n0=2048 n1=16 prims=696 bb=535,742,334,385
[OTT] walkUs=17 texUs=0 emitUs=0 submitUs=3 otherUs=14 prims=0 usPerPrim=17
[FT] avgMs=16 worstMs=50 gameMs=11 drawMs=5 swapWait=0ms draws=2 decodes=0 decMs=0
[OTS] f=123120 calls=2 n0=2048 n1=16 prims=696 bb=535,742,334,385
[OTT] walkUs=17 texUs=0 emitUs=0 submitUs=3 otherUs=14 prims=0 usPerPrim=17
[FT] avgMs=16 worstMs=58 gameMs=10 drawMs=6 swapWait=0ms draws=2 decodes=0 decMs=0
[OTS] f=123240 calls=2 n0=2048 n1=16 prims=696 bb=535,742,334,385
[OTT] walkUs=17 texUs=0 emitUs=0 submitUs=3 otherUs=13 prims=0 usPerPrim=17
[SH-XBOX] vblank 136800
[MEM] tick: free=2520KB (630 pages)
[FT] avgMs=17 worstMs=80 gameMs=10 drawMs=7 swapWait=0ms draws=2 decodes=0 decMs=0
[OTS] f=123360 calls=2 n0=2048 n1=16 prims=648 bb=535,742,334,385
[OTT] walkUs=17 texUs=0 emitUs=0 submitUs=3 otherUs=13 prims=0 usPerPrim=17
[FT] avgMs=17 worstMs=66 gameMs=10 drawMs=6 swapWait=0ms draws=2 decodes=0 decMs=0
[OTS] f=123480 calls=2 n0=2048 n1=16 prims=696 bb=535,742,334,385
[OTT] walkUs=17 texUs=0 emitUs=0 submitUs=3 otherUs=13 prims=0 usPerPrim=17
[FT] avgMs=16 worstMs=48 gameMs=10 drawMs=6 swapWait=0ms draws=2 decodes=0 decMs=0
[OTS] f=123600 calls=2 n0=2048 n1=16 prims=720 bb=535,742,334,385
[OTT] walkUs=17 texUs=0 emitUs=0 submitUs=3 otherUs=14 prims=0 usPerPrim=17
[FT] avgMs=16 worstMs=57 gameMs=10 drawMs=6 swapWait=1ms draws=2 decodes=0 decMs=0
[OTS] f=123720 calls=2 n0=2048 n1=16 prims=720 bb=535,742,334,385
[OTT] walkUs=17 texUs=0 emitUs=0 submitUs=3 otherUs=14 prims=0 usPerPrim=17
[FT] avgMs=16 worstMs=53 gameMs=10 drawMs=6 swapWait=1ms draws=2 decodes=0 decMs=0
[OTS] f=123840 calls=2 n0=2048 n1=16 prims=720 bb=535,742,334,385
[OTT] walkUs=17 texUs=0 emitUs=0 submitUs=6 otherUs=10 prims=0 usPerPrim=17
[SH-XBOX] vblank 137400
[MEM] tick: free=2520KB (630 pages)
[FT] avgMs=17 worstMs=61 gameMs=11 drawMs=5 swapWait=0ms draws=2 decodes=0 decMs=0
[OTS] f=123960 calls=2 n0=2048 n1=28 prims=744 bb=535,742,334,385
[OTT] walkUs=171 texUs=3 emitUs=26 submitUs=15 otherUs=125 prims=6 usPerPrim=28
[FT] avgMs=16 worstMs=45 gameMs=13 drawMs=3 swapWait=0ms draws=2 decodes=0 decMs=0
[OTS] f=124080 calls=2 n0=2048 n1=28 prims=732 bb=535,742,334,385
[OTT] walkUs=310 texUs=3 emitUs=26 submitUs=16 otherUs=264 prims=6 usPerPrim=51
[FT] avgMs=16 worstMs=46 gameMs=12 drawMs=4 swapWait=0ms draws=2 decodes=0 decMs=0
[OTS] f=124200 calls=2 n0=2048 n1=28 prims=732 bb=535,742,334,385
[OTT] walkUs=77 texUs=3 emitUs=25 submitUs=16 otherUs=32 prims=6 usPerPrim=12
[FT] avgMs=16 worstMs=48 gameMs=12 drawMs=4 swapWait=0ms draws=2 decodes=0 decMs=0
[OTS] f=124320 calls=2 n0=2048 n1=28 prims=744 bb=535,742,334,385
[OTT] walkUs=78 texUs=3 emitUs=26 submitUs=14 otherUs=33 prims=6 usPerPrim=13
[FT] avgMs=16 worstMs=60 gameMs=11 drawMs=5 swapWait=1ms draws=2 decodes=0 decMs=0
[OTS] f=124440 calls=2 n0=2048 n1=28 prims=744 bb=535,742,334,385
[OTT] walkUs=241 texUs=3 emitUs=26 submitUs=378 otherUs=0 prims=6 usPerPrim=40
[SH-XBOX] vblank 138000
[MEM] tick: free=2520KB (630 pages)
[FT] avgMs=17 worstMs=56 gameMs=11 drawMs=5 swapWait=0ms draws=2 decodes=0 decMs=0
[OTS] f=124560 calls=2 n0=2048 n1=28 prims=768 bb=535,742,334,385
[OTT] walkUs=78 texUs=3 emitUs=26 submitUs=13 otherUs=34 prims=6 usPerPrim=13
[FT] avgMs=16 worstMs=50 gameMs=10 drawMs=6 swapWait=0ms draws=2 decodes=0 decMs=0
[OTS] f=124680 calls=2 n0=2048 n1=28 prims=744 bb=535,742,334,385
[OTT] walkUs=76 texUs=3 emitUs=24 submitUs=14 otherUs=33 prims=6 usPerPrim=12
[FT] avgMs=16 worstMs=60 gameMs=10 drawMs=6 swapWait=0ms draws=2 decodes=0 decMs=0
[OTS] f=124800 calls=2 n0=2048 n1=28 prims=744 bb=535,742,334,385
[OTT] walkUs=83 texUs=3 emitUs=26 submitUs=13 otherUs=39 prims=6 usPerPrim=13
[FT] avgMs=16 worstMs=55 gameMs=10 drawMs=6 swapWait=0ms draws=2 decodes=0 decMs=0
[OTS] f=124920 calls=2 n0=2048 n1=28 prims=732 bb=535,742,334,385
[OTT] walkUs=256 texUs=3 emitUs=25 submitUs=14 otherUs=212 prims=6 usPerPrim=42
[FT] avgMs=16 worstMs=49 gameMs=10 drawMs=6 swapWait=0ms draws=2 decodes=0 decMs=0
[OTS] f=125040 calls=2 n0=2048 n1=28 prims=720 bb=535,742,334,385
[OTT] walkUs=110 texUs=3 emitUs=26 submitUs=15 otherUs=64 prims=6 usPerPrim=18
[SH-XBOX] vblank 138600
[MEM] tick: free=2520KB (630 pages)
[FT] avgMs=17 worstMs=59 gameMs=11 drawMs=6 swapWait=0ms draws=2 decodes=0 decMs=0
[OTS] f=125160 calls=2 n0=2048 n1=28 prims=720 bb=535,742,334,385
[OTT] walkUs=198 texUs=3 emitUs=26 submitUs=14 otherUs=153 prims=6 usPerPrim=33
[FT] avgMs=16 worstMs=51 gameMs=10 drawMs=6 swapWait=0ms draws=2 decodes=0 decMs=0
[OTS] f=125280 calls=2 n0=2048 n1=28 prims=720 bb=535,742,334,385
[OTT] walkUs=210 texUs=3 emitUs=25 submitUs=13 otherUs=167 prims=6 usPerPrim=35
[FT] avgMs=17 worstMs=63 gameMs=10 drawMs=6 swapWait=0ms draws=2 decodes=0 decMs=0
[OTS] f=125400 calls=2 n0=2048 n1=28 prims=720 bb=535,742,334,385
[OTT] walkUs=77 texUs=3 emitUs=24 submitUs=14 otherUs=34 prims=6 usPerPrim=12
[FT] avgMs=16 worstMs=49 gameMs=11 drawMs=5 swapWait=0ms draws=2 decodes=0 decMs=0
[OTS] f=125520 calls=2 n0=2048 n1=16 prims=696 bb=535,742,334,385
[OTT] walkUs=17 texUs=0 emitUs=0 submitUs=3 otherUs=13 prims=0 usPerPrim=17
[FT] avgMs=16 worstMs=53 gameMs=13 drawMs=3 swapWait=0ms draws=2 decodes=0 decMs=0
[OTS] f=125640 calls=2 n0=2048 n1=16 prims=696 bb=535,742,334,385
[OTT] walkUs=17 texUs=0 emitUs=0 submitUs=3 otherUs=14 prims=0 usPerPrim=17
[SH-XBOX] vblank 139200
[MEM] tick: free=2520KB (630 pages)
[FT] avgMs=17 worstMs=49 gameMs=12 drawMs=4 swapWait=0ms draws=2 decodes=0 decMs=0
[OTS] f=125760 calls=2 n0=2048 n1=16 prims=672 bb=535,742,334,385
[OTT] walkUs=21 texUs=0 emitUs=0 submitUs=3 otherUs=18 prims=0 usPerPrim=21
[FT] avgMs=16 worstMs=56 gameMs=13 drawMs=3 swapWait=0ms draws=2 decodes=0 decMs=0
[OTS] f=125880 calls=2 n0=2048 n1=16 prims=696 bb=535,742,334,385
[OTT] walkUs=17 texUs=0 emitUs=0 submitUs=3 otherUs=13 prims=0 usPerPrim=17
[FT] avgMs=16 worstMs=57 gameMs=11 drawMs=5 swapWait=0ms draws=2 decodes=0 decMs=0
[OTS] f=126000 calls=2 n0=2048 n1=16 prims=696 bb=535,742,334,385
[OTT] walkUs=17 texUs=0 emitUs=0 submitUs=3 otherUs=14 prims=0 usPerPrim=17
[FT] avgMs=16 worstMs=48 gameMs=11 drawMs=5 swapWait=0ms draws=2 decodes=0 decMs=0
[OTS] f=126120 calls=2 n0=2048 n1=16 prims=696 bb=535,742,334,385
[OTT] walkUs=17 texUs=0 emitUs=0 submitUs=3 otherUs=14 prims=0 usPerPrim=17
[FT] avgMs=16 worstMs=60 gameMs=11 drawMs=5 swapWait=0ms draws=2 decodes=0 decMs=0
[OTS] f=126240 calls=2 n0=2048 n1=16 prims=696 bb=535,742,334,385
[OTT] walkUs=17 texUs=0 emitUs=0 submitUs=3 otherUs=13 prims=0 usPerPrim=17
[SH-XBOX] vblank 139800
[MEM] tick: free=2520KB (630 pages)
[FT] avgMs=17 worstMs=55 gameMs=10 drawMs=6 swapWait=0ms draws=2 decodes=0 decMs=0
[OTS] f=126360 calls=2 n0=2048 n1=16 prims=696 bb=535,742,334,385
[OTT] walkUs=17 texUs=0 emitUs=0 submitUs=3 otherUs=13 prims=0 usPerPrim=17
[FT] avgMs=16 worstMs=52 gameMs=10 drawMs=6 swapWait=0ms draws=2 decodes=0 decMs=0
[OTS] f=126480 calls=2 n0=2048 n1=16 prims=708 bb=535,742,334,385
[OTT] walkUs=17 texUs=0 emitUs=0 submitUs=3 otherUs=13 prims=0 usPerPrim=17
[FT] avgMs=16 worstMs=57 gameMs=10 drawMs=6 swapWait=1ms draws=2 decodes=0 decMs=0
[OTS] f=126600 calls=2 n0=2048 n1=16 prims=720 bb=535,742,334,385
[OTT] walkUs=17 texUs=0 emitUs=0 submitUs=3 otherUs=13 prims=0 usPerPrim=17
[FT] avgMs=16 worstMs=50 gameMs=10 drawMs=6 swapWait=0ms draws=2 decodes=0 decMs=0
[OTS] f=126720 calls=2 n0=2048 n1=16 prims=720 bb=535,742,334,385
[OTT] walkUs=17 texUs=0 emitUs=0 submitUs=3 otherUs=14 prims=0 usPerPrim=17
[FT] avgMs=17 worstMs=62 gameMs=10 drawMs=6 swapWait=0ms draws=2 decodes=0 decMs=0
[OTS] f=126840 calls=2 n0=2048 n1=28 prims=732 bb=535,742,334,385
[OTT] walkUs=77 texUs=3 emitUs=26 submitUs=15 otherUs=32 prims=6 usPerPrim=12
[SH-XBOX] vblank 140400
[MEM] tick: free=2520KB (630 pages)
[FT] avgMs=17 worstMs=56 gameMs=11 drawMs=6 swapWait=0ms draws=2 decodes=0 decMs=0
[OTS] f=126960 calls=2 n0=2048 n1=28 prims=768 bb=535,742,334,385
[OTT] walkUs=216 texUs=3 emitUs=24 submitUs=14 otherUs=173 prims=6 usPerPrim=36
[FT] avgMs=16 worstMs=58 gameMs=11 drawMs=5 swapWait=0ms draws=2 decodes=0 decMs=0
[OTS] f=127080 calls=2 n0=2048 n1=28 prims=744 bb=535,742,334,385
[OTT] walkUs=83 texUs=3 emitUs=26 submitUs=15 otherUs=37 prims=6 usPerPrim=13
[FT] avgMs=16 worstMs=47 gameMs=13 drawMs=3 swapWait=0ms draws=2 decodes=0 decMs=0
[OTS] f=127200 calls=2 n0=2048 n1=28 prims=744 bb=535,742,334,385
[OTT] walkUs=228 texUs=3 emitUs=30 submitUs=16 otherUs=177 prims=6 usPerPrim=38
[FT] avgMs=16 worstMs=56 gameMs=12 drawMs=4 swapWait=0ms draws=2 decodes=0 decMs=0
[OTS] f=127320 calls=2 n0=2048 n1=28 prims=744 bb=535,742,334,385
[OTT] walkUs=229 texUs=3 emitUs=26 submitUs=15 otherUs=183 prims=6 usPerPrim=38
[FT] avgMs=16 worstMs=52 gameMs=13 drawMs=3 swapWait=0ms draws=2 decodes=0 decMs=0
[OTS] f=127440 calls=2 n0=2048 n1=28 prims=744 bb=535,742,334,385
[OTT] walkUs=80 texUs=3 emitUs=26 submitUs=15 otherUs=35 prims=6 usPerPrim=13
[SH-XBOX] vblank 141000
[MEM] tick: free=2520KB (630 pages)
[FT] avgMs=17 worstMs=50 gameMs=11 drawMs=5 swapWait=1ms draws=2 decodes=0 decMs=0
[OTS] f=127560 calls=2 n0=2048 n1=28 prims=756 bb=535,742,334,385
[OTT] walkUs=186 texUs=3 emitUs=26 submitUs=15 otherUs=141 prims=6 usPerPrim=31
[FT] avgMs=17 worstMs=61 gameMs=11 drawMs=5 swapWait=0ms draws=2 decodes=0 decMs=0
[OTS] f=127680 calls=2 n0=2048 n1=28 prims=720 bb=535,742,334,385
[OTT] walkUs=78 texUs=3 emitUs=26 submitUs=15 otherUs=33 prims=6 usPerPrim=13
[FT] avgMs=17 worstMs=62 gameMs=11 drawMs=5 swapWait=0ms draws=2 decodes=0 decMs=0
[OTS] f=127800 calls=2 n0=2048 n1=28 prims=720 bb=535,742,334,385
[OTT] walkUs=211 texUs=3 emitUs=26 submitUs=14 otherUs=167 prims=6 usPerPrim=35
[FT] avgMs=16 worstMs=48 gameMs=10 drawMs=6 swapWait=0ms draws=2 decodes=0 decMs=0
[OTS] f=127920 calls=2 n0=2048 n1=28 prims=720 bb=535,742,334,385
[OTT] walkUs=320 texUs=3 emitUs=25 submitUs=14 otherUs=277 prims=6 usPerPrim=53
[FT] avgMs=16 worstMs=59 gameMs=9 drawMs=7 swapWait=0ms draws=2 decodes=0 decMs=0
[OTS] f=128040 calls=2 n0=2048 n1=28 prims=720 bb=535,742,334,385
[OTT] walkUs=314 texUs=3 emitUs=26 submitUs=17 otherUs=267 prims=6 usPerPrim=52
[SH-XBOX] vblank 141600
[MEM] tick: free=2520KB (630 pages)
[FT] avgMs=17 worstMs=51 gameMs=10 drawMs=6 swapWait=0ms draws=2 decodes=0 decMs=0
[OTS] f=128160 calls=2 n0=2048 n1=16 prims=696 bb=535,742,334,385
[OTT] walkUs=17 texUs=0 emitUs=0 submitUs=3 otherUs=14 prims=0 usPerPrim=17
[FT] avgMs=16 worstMs=59 gameMs=10 drawMs=6 swapWait=0ms draws=2 decodes=0 decMs=0
[OTS] f=128280 calls=2 n0=2048 n1=16 prims=696 bb=535,742,334,385
[OTT] walkUs=17 texUs=0 emitUs=0 submitUs=3 otherUs=14 prims=0 usPerPrim=17
[FT] avgMs=16 worstMs=56 gameMs=10 drawMs=6 swapWait=0ms draws=2 decodes=0 decMs=0
[OTS] f=128400 calls=2 n0=2048 n1=16 prims=708 bb=535,742,334,385
[OTT] walkUs=17 texUs=0 emitUs=0 submitUs=3 otherUs=13 prims=0 usPerPrim=17
[FT] avgMs=16 worstMs=52 gameMs=10 drawMs=6 swapWait=0ms draws=2 decodes=0 decMs=0
[OTS] f=128520 calls=2 n0=2048 n1=16 prims=696 bb=535,742,334,385
[OTT] walkUs=20 texUs=0 emitUs=0 submitUs=3 otherUs=17 prims=0 usPerPrim=20
[FT] avgMs=17 worstMs=58 gameMs=11 drawMs=5 swapWait=0ms draws=2 decodes=0 decMs=0
[OTS] f=128640 calls=2 n0=2048 n1=16 prims=684 bb=535,742,334,385
[OTT] walkUs=17 texUs=0 emitUs=0 submitUs=2 otherUs=14 prims=0 usPerPrim=17
[SH-XBOX] vblank 142200
[MEM] tick: free=2520KB (630 pages)
[FT] avgMs=17 worstMs=55 gameMs=13 drawMs=3 swapWait=0ms draws=2 decodes=0 decMs=0
[OTS] f=128760 calls=2 n0=2048 n1=16 prims=672 bb=535,742,334,385
[OTT] walkUs=17 texUs=0 emitUs=0 submitUs=3 otherUs=14 prims=0 usPerPrim=17
[FT] avgMs=16 worstMs=51 gameMs=12 drawMs=4 swapWait=0ms draws=2 decodes=0 decMs=0
[OTS] f=128880 calls=2 n0=2048 n1=16 prims=708 bb=535,742,334,385
[OTT] walkUs=17 texUs=0 emitUs=0 submitUs=3 otherUs=13 prims=0 usPerPrim=17
[FT] avgMs=16 worstMs=46 gameMs=13 drawMs=3 swapWait=0ms draws=2 decodes=0 decMs=0
[OTS] f=129000 calls=2 n0=2048 n1=16 prims=720 bb=535,742,334,385
[OTT] walkUs=17 texUs=0 emitUs=0 submitUs=2 otherUs=14 prims=0 usPerPrim=17
[FT] avgMs=16 worstMs=46 gameMs=11 drawMs=5 swapWait=0ms draws=2 decodes=0 decMs=0
[OTS] f=129120 calls=2 n0=2048 n1=16 prims=720 bb=535,742,334,385
[OTT] walkUs=17 texUs=0 emitUs=0 submitUs=3 otherUs=14 prims=0 usPerPrim=17
[FT] avgMs=17 worstMs=61 gameMs=11 drawMs=5 swapWait=0ms draws=2 decodes=0 decMs=0
[OTS] f=129240 calls=2 n0=2048 n1=16 prims=720 bb=535,742,334,385
[OTT] walkUs=17 texUs=0 emitUs=0 submitUs=3 otherUs=14 prims=0 usPerPrim=17
[SH-XBOX] vblank 142800
[MEM] tick: free=2520KB (630 pages)
[FT] avgMs=17 worstMs=60 gameMs=11 drawMs=6 swapWait=0ms draws=2 decodes=0 decMs=0
[OTS] f=129360 calls=2 n0=2048 n1=16 prims=708 bb=535,742,334,385
[OTT] walkUs=17 texUs=0 emitUs=0 submitUs=3 otherUs=14 prims=0 usPerPrim=17
[FT] avgMs=17 worstMs=61 gameMs=10 drawMs=6 swapWait=0ms draws=2 decodes=0 decMs=0
[OTS] f=129480 calls=2 n0=2048 n1=28 prims=744 bb=535,742,334,385
[OTT] walkUs=199 texUs=3 emitUs=26 submitUs=14 otherUs=154 prims=6 usPerPrim=33
[FT] avgMs=17 worstMs=64 gameMs=10 drawMs=6 swapWait=0ms draws=2 decodes=0 decMs=0
[OTS] f=129600 calls=2 n0=2048 n1=28 prims=756 bb=535,742,334,385
[OTT] walkUs=170 texUs=3 emitUs=25 submitUs=14 otherUs=127 prims=6 usPerPrim=28
[FT] avgMs=16 worstMs=61 gameMs=10 drawMs=6 swapWait=0ms draws=2 decodes=0 decMs=0
[OTS] f=129720 calls=2 n0=2048 n1=28 prims=744 bb=535,742,334,385
[OTT] walkUs=291 texUs=3 emitUs=26 submitUs=14 otherUs=247 prims=6 usPerPrim=48
[FT] avgMs=16 worstMs=53 gameMs=10 drawMs=6 swapWait=0ms draws=2 decodes=0 decMs=0
[OTS] f=129840 calls=2 n0=2048 n1=28 prims=744 bb=535,742,334,385
[OTT] walkUs=184 texUs=3 emitUs=26 submitUs=14 otherUs=139 prims=6 usPerPrim=30
[SH-XBOX] vblank 143400
[MEM] tick: free=2520KB (630 pages)
[FT] avgMs=17 worstMs=50 gameMs=11 drawMs=6 swapWait=0ms draws=2 decodes=0 decMs=0
[OTS] f=129960 calls=2 n0=2048 n1=28 prims=768 bb=535,742,334,385
[OTT] walkUs=95 texUs=3 emitUs=26 submitUs=14 otherUs=51 prims=6 usPerPrim=15
[FT] avgMs=16 worstMs=60 gameMs=10 drawMs=6 swapWait=0ms draws=2 decodes=0 decMs=0
[OTS] f=130080 calls=2 n0=2048 n1=28 prims=744 bb=535,742,334,385
[OTT] walkUs=86 texUs=3 emitUs=26 submitUs=14 otherUs=42 prims=6 usPerPrim=14
[FT] avgMs=16 worstMs=55 gameMs=11 drawMs=5 swapWait=0ms draws=2 decodes=0 decMs=0
[OTS] f=130200 calls=2 n0=2048 n1=28 prims=744 bb=535,742,334,385
[OTT] walkUs=77 texUs=3 emitUs=26 submitUs=14 otherUs=33 prims=6 usPerPrim=12
[FT] avgMs=16 worstMs=44 gameMs=13 drawMs=3 swapWait=0ms draws=2 decodes=0 decMs=0
[OTS] f=130320 calls=2 n0=2048 n1=28 prims=732 bb=535,742,334,385
[OTT] walkUs=75 texUs=3 emitUs=25 submitUs=14 otherUs=31 prims=6 usPerPrim=12
[FT] avgMs=16 worstMs=47 gameMs=12 drawMs=4 swapWait=0ms draws=2 decodes=0 decMs=0
[OTS] f=130440 calls=2 n0=2048 n1=28 prims=720 bb=535,742,334,385
[OTT] walkUs=75 texUs=3 emitUs=25 submitUs=15 otherUs=31 prims=6 usPerPrim=12
[SH-XBOX] vblank 144000
[MEM] tick: free=2520KB (630 pages)
[FT] avgMs=17 worstMs=47 gameMs=13 drawMs=3 swapWait=0ms draws=2 decodes=0 decMs=0
[OTS] f=130560 calls=2 n0=2048 n1=28 prims=720 bb=535,742,334,385
[OTT] walkUs=213 texUs=7 emitUs=26 submitUs=15 otherUs=163 prims=6 usPerPrim=35
[FT] avgMs=16 worstMs=54 gameMs=11 drawMs=5 swapWait=0ms draws=2 decodes=0 decMs=0
[OTS] f=130680 calls=2 n0=2048 n1=28 prims=720 bb=535,742,334,385
[OTT] walkUs=213 texUs=3 emitUs=26 submitUs=14 otherUs=169 prims=6 usPerPrim=35
[FT] avgMs=16 worstMs=48 gameMs=11 drawMs=5 swapWait=0ms draws=2 decodes=0 decMs=0
[OTS] f=130800 calls=2 n0=2048 n1=28 prims=720 bb=535,742,334,385
[OTT] walkUs=124 texUs=3 emitUs=25 submitUs=14 otherUs=81 prims=6 usPerPrim=20
[FT] avgMs=16 worstMs=57 gameMs=10 drawMs=5 swapWait=0ms draws=2 decodes=0 decMs=0
[OTS] f=130920 calls=2 n0=2048 n1=28 prims=720 bb=535,742,334,385
[OTT] walkUs=80 texUs=2 emitUs=30 submitUs=15 otherUs=32 prims=6 usPerPrim=13
[FT] avgMs=16 worstMs=54 gameMs=10 drawMs=6 swapWait=0ms draws=2 decodes=0 decMs=0
[OTS] f=131040 calls=2 n0=2048 n1=16 prims=708 bb=535,742,334,385
[OTT] walkUs=17 texUs=0 emitUs=0 submitUs=3 otherUs=13 prims=0 usPerPrim=17
[SH-XBOX] vblank 144600
[MEM] tick: free=2520KB (630 pages)
[FT] avgMs=17 worstMs=63 gameMs=10 drawMs=7 swapWait=0ms draws=2 decodes=0 decMs=0
[OTS] f=131160 calls=2 n0=2048 n1=16 prims=660 bb=535,742,334,385
[OTT] walkUs=17 texUs=0 emitUs=0 submitUs=3 otherUs=14 prims=0 usPerPrim=17
[FT] avgMs=16 worstMs=48 gameMs=10 drawMs=6 swapWait=0ms draws=2 decodes=0 decMs=0
[OTS] f=131280 calls=2 n0=2048 n1=16 prims=696 bb=535,742,334,385
[OTT] walkUs=17 texUs=0 emitUs=0 submitUs=3 otherUs=13 prims=0 usPerPrim=17
[FT] avgMs=17 worstMs=63 gameMs=10 drawMs=6 swapWait=0ms draws=2 decodes=0 decMs=0
[OTS] f=131400 calls=2 n0=2048 n1=16 prims=684 bb=535,742,334,385
[OTT] walkUs=17 texUs=0 emitUs=0 submitUs=3 otherUs=14 prims=0 usPerPrim=17
[FT] avgMs=16 worstMs=59 gameMs=10 drawMs=6 swapWait=0ms draws=2 decodes=0 decMs=0
[OTS] f=131520 calls=2 n0=2048 n1=16 prims=696 bb=535,742,334,385
[OTT] walkUs=17 texUs=0 emitUs=0 submitUs=3 otherUs=14 prims=0 usPerPrim=17
[FT] avgMs=17 worstMs=80 gameMs=11 drawMs=6 swapWait=0ms draws=2 decodes=0 decMs=0
[OTS] f=131640 calls=2 n0=2048 n1=16 prims=696 bb=535,742,334,385
[OTT] walkUs=17 texUs=0 emitUs=0 submitUs=4 otherUs=13 prims=0 usPerPrim=17
[SH-XBOX] vblank 145200
[MEM] tick: free=2520KB (630 pages)
[FT] avgMs=16 worstMs=55 gameMs=11 drawMs=5 swapWait=0ms draws=2 decodes=0 decMs=0
[OTS] f=131760 calls=2 n0=2048 n1=16 prims=720 bb=535,742,334,385
[OTT] walkUs=17 texUs=0 emitUs=0 submitUs=3 otherUs=14 prims=0 usPerPrim=17
[FT] avgMs=16 worstMs=53 gameMs=13 drawMs=3 swapWait=0ms draws=2 decodes=0 decMs=0
[OTS] f=131880 calls=2 n0=2048 n1=16 prims=720 bb=535,742,334,385
[OTT] walkUs=17 texUs=0 emitUs=0 submitUs=3 otherUs=14 prims=0 usPerPrim=17
[FT] avgMs=16 worstMs=48 gameMs=12 drawMs=4 swapWait=0ms draws=2 decodes=0 decMs=0
[OTS] f=132000 calls=2 n0=2048 n1=16 prims=720 bb=535,742,334,385
[OTT] walkUs=17 texUs=0 emitUs=0 submitUs=3 otherUs=14 prims=0 usPerPrim=17
[FT] avgMs=16 worstMs=55 gameMs=13 drawMs=3 swapWait=0ms draws=2 decodes=0 decMs=0
[OTS] f=132120 calls=2 n0=2048 n1=16 prims=720 bb=535,742,334,385
[OTT] walkUs=17 texUs=0 emitUs=0 submitUs=3 otherUs=14 prims=0 usPerPrim=17
[FT] avgMs=16 worstMs=61 gameMs=10 drawMs=6 swapWait=1ms draws=2 decodes=0 decMs=0
[OTS] f=132240 calls=2 n0=2048 n1=16 prims=720 bb=535,742,334,385
[OTT] walkUs=17 texUs=0 emitUs=0 submitUs=3 otherUs=14 prims=0 usPerPrim=17
[SH-XBOX] vblank 145800
[MEM] tick: free=2520KB (630 pages)
[FT] avgMs=17 worstMs=50 gameMs=11 drawMs=5 swapWait=0ms draws=2 decodes=0 decMs=0
[OTS] f=132360 calls=2 n0=2048 n1=28 prims=756 bb=535,742,334,385
[OTT] walkUs=81 texUs=3 emitUs=26 submitUs=14 otherUs=36 prims=6 usPerPrim=13
[FT] avgMs=16 worstMs=58 gameMs=11 drawMs=5 swapWait=0ms draws=2 decodes=0 decMs=0
[OTS] f=132480 calls=2 n0=2048 n1=28 prims=744 bb=535,742,334,385
[OTT] walkUs=151 texUs=3 emitUs=26 submitUs=16 otherUs=104 prims=6 usPerPrim=25
[FT] avgMs=16 worstMs=53 gameMs=10 drawMs=6 swapWait=0ms draws=2 decodes=0 decMs=0
[OTS] f=132600 calls=2 n0=2048 n1=28 prims=744 bb=535,742,334,385
[OTT] walkUs=193 texUs=3 emitUs=26 submitUs=14 otherUs=149 prims=6 usPerPrim=32
[FT] avgMs=16 worstMs=47 gameMs=10 drawMs=6 swapWait=0ms draws=2 decodes=0 decMs=0
[OTS] f=132720 calls=2 n0=2048 n1=28 prims=744 bb=535,742,334,385
[OTT] walkUs=77 texUs=3 emitUs=26 submitUs=14 otherUs=32 prims=6 usPerPrim=12
[FT] avgMs=16 worstMs=55 gameMs=10 drawMs=6 swapWait=0ms draws=2 decodes=0 decMs=0
[OTS] f=132840 calls=2 n0=2048 n1=28 prims=744 bb=535,742,334,385
[OTT] walkUs=75 texUs=3 emitUs=26 submitUs=14 otherUs=31 prims=6 usPerPrim=12
[SH-XBOX] vblank 146400
[MEM] tick: free=2520KB (630 pages)
[FT] avgMs=17 worstMs=53 gameMs=10 drawMs=6 swapWait=0ms draws=2 decodes=0 decMs=0
[OTS] f=132960 calls=2 n0=2048 n1=28 prims=768 bb=535,742,334,385
[OTT] walkUs=78 texUs=3 emitUs=26 submitUs=14 otherUs=34 prims=6 usPerPrim=13
[FT] avgMs=16 worstMs=59 gameMs=10 drawMs=6 swapWait=0ms draws=2 decodes=0 decMs=0
[OTS] f=133080 calls=2 n0=2048 n1=28 prims=744 bb=535,742,334,385
[OTT] walkUs=101 texUs=3 emitUs=25 submitUs=42 otherUs=30 prims=6 usPerPrim=16
[FT] avgMs=16 worstMs=53 gameMs=11 drawMs=5 swapWait=0ms draws=2 decodes=0 decMs=0
[OTS] f=133200 calls=2 n0=2048 n1=28 prims=732 bb=535,742,334,385
[OTT] walkUs=92 texUs=3 emitUs=26 submitUs=16 otherUs=45 prims=6 usPerPrim=15
[FT] avgMs=16 worstMs=51 gameMs=11 drawMs=5 swapWait=0ms draws=2 decodes=0 decMs=0
[OTS] f=133320 calls=2 n0=2048 n1=28 prims=708 bb=535,742,334,385
[OTT] walkUs=166 texUs=3 emitUs=29 submitUs=320 otherUs=0 prims=6 usPerPrim=27
[FT] avgMs=16 worstMs=54 gameMs=13 drawMs=3 swapWait=0ms draws=2 decodes=0 decMs=0
[OTS] f=133440 calls=2 n0=2048 n1=28 prims=720 bb=535,742,334,385
[OTT] walkUs=225 texUs=3 emitUs=26 submitUs=235 otherUs=0 prims=6 usPerPrim=37
[SH-XBOX] vblank 147000
[MEM] tick: free=2520KB (630 pages)
[FT] avgMs=17 worstMs=52 gameMs=12 drawMs=4 swapWait=0ms draws=2 decodes=0 decMs=0
[OTS] f=133560 calls=2 n0=2048 n1=28 prims=720 bb=535,742,334,385
[OTT] walkUs=123 texUs=3 emitUs=25 submitUs=49 otherUs=44 prims=6 usPerPrim=20
[FT] avgMs=16 worstMs=45 gameMs=13 drawMs=3 swapWait=0ms draws=2 decodes=0 decMs=0
[OTS] f=133680 calls=2 n0=2048 n1=28 prims=720 bb=535,742,334,385
[OTT] walkUs=207 texUs=3 emitUs=25 submitUs=15 otherUs=162 prims=6 usPerPrim=34
[FT] avgMs=16 worstMs=23 gameMs=10 drawMs=6 swapWait=0ms draws=2 decodes=0 decMs=0
[OTS] f=133800 calls=2 n0=2048 n1=28 prims=720 bb=535,742,334,385
[OTT] walkUs=239 texUs=3 emitUs=25 submitUs=13 otherUs=196 prims=6 usPerPrim=39
[FT] avgMs=16 worstMs=56 gameMs=11 drawMs=5 swapWait=0ms draws=2 decodes=0 decMs=0
[OTS] f=133920 calls=2 n0=2048 n1=16 prims=708 bb=535,742,334,385
[OTT] walkUs=17 texUs=0 emitUs=0 submitUs=3 otherUs=13 prims=0 usPerPrim=17
[FT] avgMs=16 worstMs=52 gameMs=11 drawMs=5 swapWait=0ms draws=2 decodes=0 decMs=0
[OTS] f=134040 calls=2 n0=2048 n1=16 prims=696 bb=535,742,334,385
[OTT] walkUs=17 texUs=0 emitUs=0 submitUs=3 otherUs=14 prims=0 usPerPrim=17
[SH-XBOX] vblank 147600
[MEM] tick: free=2520KB (630 pages)
[FT] avgMs=17 worstMs=61 gameMs=10 drawMs=6 swapWait=0ms draws=2 decodes=0 decMs=0
[OTS] f=134160 calls=2 n0=2048 n1=16 prims=660 bb=535,742,334,385
[OTT] walkUs=17 texUs=0 emitUs=0 submitUs=3 otherUs=14 prims=0 usPerPrim=17
[FT] avgMs=16 worstMs=51 gameMs=10 drawMs=6 swapWait=1ms draws=2 decodes=0 decMs=0
[OTS] f=134280 calls=2 n0=2048 n1=16 prims=684 bb=535,742,334,385
[OTT] walkUs=17 texUs=0 emitUs=0 submitUs=3 otherUs=14 prims=0 usPerPrim=17
[FT] avgMs=16 worstMs=57 gameMs=10 drawMs=6 swapWait=0ms draws=2 decodes=0 decMs=0
[OTS] f=134400 calls=2 n0=2048 n1=16 prims=696 bb=535,742,334,385
[OTT] walkUs=17 texUs=0 emitUs=0 submitUs=3 otherUs=13 prims=0 usPerPrim=17
[FT] avgMs=16 worstMs=53 gameMs=10 drawMs=6 swapWait=0ms draws=2 decodes=0 decMs=0
[OTS] f=134520 calls=2 n0=2048 n1=16 prims=696 bb=535,742,334,385
[OTT] walkUs=17 texUs=0 emitUs=0 submitUs=3 otherUs=14 prims=0 usPerPrim=17
[FT] avgMs=16 worstMs=48 gameMs=10 drawMs=6 swapWait=0ms draws=2 decodes=0 decMs=0
[OTS] f=134640 calls=2 n0=2048 n1=16 prims=696 bb=535,742,334,385
[OTT] walkUs=17 texUs=0 emitUs=0 submitUs=3 otherUs=14 prims=0 usPerPrim=17
[SH-XBOX] vblank 148200
[MEM] tick: free=2520KB (630 pages)
[FT] avgMs=17 worstMs=57 gameMs=11 drawMs=5 swapWait=1ms draws=2 decodes=0 decMs=0
[OTS] f=134760 calls=2 n0=2048 n1=16 prims=708 bb=535,742,334,385
[OTT] walkUs=17 texUs=0 emitUs=0 submitUs=3 otherUs=14 prims=0 usPerPrim=17
[FT] avgMs=16 worstMs=53 gameMs=11 drawMs=4 swapWait=0ms draws=2 decodes=0 decMs=0
[OTS] f=134880 calls=2 n0=2048 n1=16 prims=720 bb=535,742,334,385
[OTT] walkUs=17 texUs=0 emitUs=0 submitUs=3 otherUs=14 prims=0 usPerPrim=17
[FT] avgMs=16 worstMs=56 gameMs=13 drawMs=3 swapWait=0ms draws=2 decodes=0 decMs=0
[OTS] f=135000 calls=2 n0=2048 n1=16 prims=720 bb=535,742,334,385
[OTT] walkUs=17 texUs=0 emitUs=0 submitUs=3 otherUs=13 prims=0 usPerPrim=17
[FT] avgMs=16 worstMs=51 gameMs=11 drawMs=5 swapWait=0ms draws=2 decodes=0 decMs=0
[OTS] f=135120 calls=2 n0=2048 n1=16 prims=720 bb=535,742,334,385
[OTT] walkUs=17 texUs=0 emitUs=0 submitUs=3 otherUs=14 prims=0 usPerPrim=17
[FT] avgMs=16 worstMs=47 gameMs=13 drawMs=3 swapWait=0ms draws=2 decodes=0 decMs=0
[OTS] f=135240 calls=2 n0=2048 n1=16 prims=720 bb=535,742,334,385
[OTT] walkUs=17 texUs=0 emitUs=0 submitUs=3 otherUs=14 prims=0 usPerPrim=17
[SH-XBOX] vblank 148800
[MEM] tick: free=2520KB (630 pages)
[FT] avgMs=17 worstMs=49 gameMs=11 drawMs=6 swapWait=0ms draws=2 decodes=0 decMs=0
[OTS] f=135360 calls=2 n0=2048 n1=28 prims=756 bb=535,742,334,385
[OTT] walkUs=114 texUs=3 emitUs=26 submitUs=15 otherUs=69 prims=6 usPerPrim=19
[FT] avgMs=16 worstMs=60 gameMs=11 drawMs=5 swapWait=0ms draws=2 decodes=0 decMs=0
[OTS] f=135480 calls=2 n0=2048 n1=28 prims=744 bb=535,742,334,385
[OTT] walkUs=172 texUs=3 emitUs=30 submitUs=14 otherUs=123 prims=6 usPerPrim=28
[FT] avgMs=16 worstMs=57 gameMs=11 drawMs=5 swapWait=0ms draws=2 decodes=0 decMs=0
[OTS] f=135600 calls=2 n0=2048 n1=28 prims=744 bb=535,742,334,385
[OTT] walkUs=79 texUs=3 emitUs=26 submitUs=16 otherUs=32 prims=6 usPerPrim=13
[FT] avgMs=16 worstMs=52 gameMs=10 drawMs=6 swapWait=1ms draws=2 decodes=0 decMs=0
[OTS] f=135720 calls=2 n0=2048 n1=28 prims=744 bb=535,742,334,385
[OTT] walkUs=208 texUs=3 emitUs=25 submitUs=29 otherUs=150 prims=6 usPerPrim=34
[FT] avgMs=16 worstMs=24 gameMs=9 drawMs=6 swapWait=0ms draws=2 decodes=0 decMs=0
[OTS] f=135840 calls=2 n0=2048 n1=28 prims=720 bb=535,742,334,385
[OTT] walkUs=221 texUs=3 emitUs=24 submitUs=163 otherUs=30 prims=6 usPerPrim=36
[SH-XBOX] vblank 149400
[MEM] tick: free=2520KB (630 pages)
[FT] avgMs=16 worstMs=52 gameMs=10 drawMs=6 swapWait=0ms draws=2 decodes=0 decMs=0
[OTS] f=135960 calls=2 n0=2048 n1=28 prims=744 bb=535,742,334,385
[OTT] walkUs=191 texUs=3 emitUs=25 submitUs=14 otherUs=148 prims=6 usPerPrim=31
[FT] avgMs=16 worstMs=48 gameMs=10 drawMs=6 swapWait=0ms draws=2 decodes=0 decMs=0
[OTS] f=136080 calls=2 n0=2048 n1=28 prims=744 bb=535,742,334,385
[OTT] walkUs=78 texUs=3 emitUs=26 submitUs=15 otherUs=33 prims=6 usPerPrim=13
[FT] avgMs=16 worstMs=54 gameMs=10 drawMs=6 swapWait=0ms draws=2 decodes=0 decMs=0
[OTS] f=136200 calls=2 n0=2048 n1=28 prims=756 bb=535,742,334,385
[OTT] walkUs=198 texUs=2 emitUs=26 submitUs=15 otherUs=153 prims=6 usPerPrim=33
[FT] avgMs=16 worstMs=52 gameMs=11 drawMs=5 swapWait=0ms draws=2 decodes=0 decMs=0
[OTS] f=136320 calls=2 n0=2048 n1=28 prims=732 bb=535,742,334,385
[OTT] walkUs=77 texUs=3 emitUs=25 submitUs=15 otherUs=32 prims=6 usPerPrim=12
[FT] avgMs=17 worstMs=62 gameMs=12 drawMs=4 swapWait=0ms draws=2 decodes=0 decMs=0
[OTS] f=136440 calls=2 n0=2048 n1=28 prims=720 bb=535,742,334,385
[OTT] walkUs=77 texUs=2 emitUs=26 submitUs=16 otherUs=31 prims=6 usPerPrim=12
[SH-XBOX] vblank 150000
[MEM] tick: free=2520KB (630 pages)
[FT] avgMs=17 worstMs=49 gameMs=13 drawMs=3 swapWait=0ms draws=2 decodes=0 decMs=0
[OTS] f=136560 calls=2 n0=2048 n1=28 prims=720 bb=535,742,334,385
[OTT] walkUs=220 texUs=3 emitUs=26 submitUs=16 otherUs=174 prims=6 usPerPrim=36
[FT] avgMs=16 worstMs=52 gameMs=11 drawMs=5 swapWait=0ms draws=2 decodes=0 decMs=0
[OTS] f=136680 calls=2 n0=2048 n1=28 prims=720 bb=535,742,334,385
[OTT] walkUs=82 texUs=2 emitUs=26 submitUs=15 otherUs=37 prims=6 usPerPrim=13
[FT] avgMs=16 worstMs=54 gameMs=13 drawMs=3 swapWait=0ms draws=2 decodes=0 decMs=0
[OTS] f=136800 calls=2 n0=2048 n1=28 prims=720 bb=535,742,334,385
[OTT] walkUs=186 texUs=3 emitUs=26 submitUs=15 otherUs=141 prims=6 usPerPrim=31
[FT] avgMs=17 worstMs=55 gameMs=10 drawMs=6 swapWait=0ms draws=2 decodes=0 decMs=0
[OTS] f=136920 calls=2 n0=2048 n1=28 prims=720 bb=535,742,334,385
[OTT] walkUs=79 texUs=3 emitUs=27 submitUs=18 otherUs=31 prims=6 usPerPrim=13
[FT] avgMs=16 worstMs=47 gameMs=11 drawMs=5 swapWait=0ms draws=2 decodes=0 decMs=0
[OTS] f=137040 calls=2 n0=2048 n1=16 prims=696 bb=535,742,334,385
[OTT] walkUs=17 texUs=0 emitUs=0 submitUs=3 otherUs=13 prims=0 usPerPrim=17
[SH-XBOX] vblank 150600
[MEM] tick: free=2520KB (630 pages)
[FT] avgMs=17 worstMs=57 gameMs=11 drawMs=5 swapWait=0ms draws=2 decodes=0 decMs=0
[OTS] f=137160 calls=2 n0=2048 n1=16 prims=672 bb=535,742,334,385
[OTT] walkUs=17 texUs=0 emitUs=0 submitUs=4 otherUs=12 prims=0 usPerPrim=17
[FT] avgMs=16 worstMs=54 gameMs=10 drawMs=6 swapWait=0ms draws=2 decodes=0 decMs=0
[OTS] f=137280 calls=2 n0=2048 n1=16 prims=696 bb=535,742,334,385
[OTT] walkUs=17 texUs=0 emitUs=0 submitUs=3 otherUs=14 prims=0 usPerPrim=17
[FT] avgMs=17 worstMs=64 gameMs=10 drawMs=6 swapWait=0ms draws=2 decodes=0 decMs=0
[OTS] f=137400 calls=2 n0=2048 n1=16 prims=684 bb=535,742,334,385
[OTT] walkUs=17 texUs=0 emitUs=0 submitUs=3 otherUs=14 prims=0 usPerPrim=17
[FT] avgMs=16 worstMs=48 gameMs=10 drawMs=6 swapWait=0ms draws=2 decodes=0 decMs=0
[OTS] f=137520 calls=2 n0=2048 n1=16 prims=696 bb=535,742,334,385
[OTT] walkUs=17 texUs=0 emitUs=0 submitUs=3 otherUs=14 prims=0 usPerPrim=17
[FT] avgMs=16 worstMs=58 gameMs=10 drawMs=6 swapWait=0ms draws=2 decodes=0 decMs=0
[OTS] f=137640 calls=2 n0=2048 n1=16 prims=696 bb=535,742,334,385
[OTT] walkUs=17 texUs=0 emitUs=0 submitUs=3 otherUs=14 prims=0 usPerPrim=17
[SH-XBOX] vblank 151200
[MEM] tick: free=2520KB (630 pages)
[FT] avgMs=16 worstMs=50 gameMs=10 drawMs=6 swapWait=0ms draws=2 decodes=0 decMs=0
[OTS] f=137760 calls=2 n0=2048 n1=16 prims=708 bb=535,742,334,385
[OTT] walkUs=17 texUs=0 emitUs=0 submitUs=3 otherUs=14 prims=0 usPerPrim=17
[FT] avgMs=16 worstMs=61 gameMs=11 drawMs=5 swapWait=0ms draws=2 decodes=0 decMs=0
[OTS] f=137880 calls=2 n0=2048 n1=16 prims=720 bb=535,742,334,385
[OTT] walkUs=17 texUs=0 emitUs=0 submitUs=3 otherUs=14 prims=0 usPerPrim=17
[FT] avgMs=16 worstMs=57 gameMs=12 drawMs=4 swapWait=0ms draws=2 decodes=0 decMs=0
[OTS] f=138000 calls=2 n0=2048 n1=16 prims=720 bb=535,742,334,385
[OTT] walkUs=17 texUs=0 emitUs=0 submitUs=3 otherUs=13 prims=0 usPerPrim=17
[FT] avgMs=16 worstMs=48 gameMs=13 drawMs=3 swapWait=0ms draws=2 decodes=0 decMs=0
[OTS] f=138120 calls=2 n0=2048 n1=16 prims=720 bb=535,742,334,385
[OTT] walkUs=17 texUs=0 emitUs=0 submitUs=3 otherUs=13 prims=0 usPerPrim=17
[FT] avgMs=16 worstMs=58 gameMs=11 drawMs=5 swapWait=0ms draws=2 decodes=0 decMs=0
[OTS] f=138240 calls=2 n0=2048 n1=16 prims=720 bb=535,742,334,385
[OTT] walkUs=17 texUs=0 emitUs=0 submitUs=2 otherUs=14 prims=0 usPerPrim=17
[SH-XBOX] vblank 151800
[MEM] tick: free=2520KB (630 pages)
[FT] avgMs=17 worstMs=54 gameMs=13 drawMs=3 swapWait=0ms draws=2 decodes=0 decMs=0
[OTS] f=138360 calls=2 n0=2048 n1=28 prims=732 bb=535,742,334,385
[OTT] walkUs=77 texUs=3 emitUs=26 submitUs=13 otherUs=33 prims=6 usPerPrim=12
[FT] avgMs=16 worstMs=49 gameMs=10 drawMs=6 swapWait=0ms draws=2 decodes=0 decMs=0
[OTS] f=138480 calls=2 n0=2048 n1=28 prims=744 bb=535,742,334,385
[OTT] walkUs=96 texUs=3 emitUs=26 submitUs=14 otherUs=51 prims=6 usPerPrim=16
[FT] avgMs=16 worstMs=56 gameMs=11 drawMs=5 swapWait=0ms draws=2 decodes=0 decMs=0
[OTS] f=138600 calls=2 n0=2048 n1=28 prims=744 bb=535,742,334,385
[OTT] walkUs=98 texUs=3 emitUs=24 submitUs=14 otherUs=56 prims=6 usPerPrim=16
[FT] avgMs=16 worstMs=52 gameMs=11 drawMs=5 swapWait=0ms draws=2 decodes=0 decMs=0
[OTS] f=138720 calls=2 n0=2048 n1=28 prims=744 bb=535,742,334,385
[OTT] walkUs=77 texUs=3 emitUs=26 submitUs=15 otherUs=31 prims=6 usPerPrim=12
[FT] avgMs=17 worstMs=61 gameMs=10 drawMs=6 swapWait=0ms draws=2 decodes=0 decMs=0
[OTS] f=138840 calls=2 n0=2048 n1=28 prims=756 bb=535,742,334,385
[OTT] walkUs=77 texUs=3 emitUs=26 submitUs=14 otherUs=32 prims=6 usPerPrim=12
[SH-XBOX] vblank 152400
[MEM] tick: free=2520KB (630 pages)
[FT] avgMs=17 worstMs=59 gameMs=10 drawMs=6 swapWait=0ms draws=2 decodes=0 decMs=0
[OTS] f=138960 calls=2 n0=2048 n1=28 prims=768 bb=535,742,334,385
[OTT] walkUs=74 texUs=3 emitUs=24 submitUs=14 otherUs=31 prims=6 usPerPrim=12
[FT] avgMs=16 worstMs=57 gameMs=10 drawMs=6 swapWait=0ms draws=2 decodes=0 decMs=0
[OTS] f=139080 calls=2 n0=2048 n1=28 prims=744 bb=535,742,334,385
[OTT] walkUs=178 texUs=3 emitUs=25 submitUs=14 otherUs=134 prims=6 usPerPrim=29
[FT] avgMs=16 worstMs=53 gameMs=10 drawMs=6 swapWait=0ms draws=2 decodes=0 decMs=0
[OTS] f=139200 calls=2 n0=2048 n1=28 prims=732 bb=535,742,334,385
[OTT] walkUs=184 texUs=3 emitUs=25 submitUs=14 otherUs=141 prims=6 usPerPrim=30
[FT] avgMs=17 worstMs=69 gameMs=10 drawMs=6 swapWait=0ms draws=2 decodes=0 decMs=0
[OTS] f=139320 calls=2 n0=2048 n1=28 prims=720 bb=535,742,334,385
[OTT] walkUs=96 texUs=3 emitUs=26 submitUs=14 otherUs=52 prims=6 usPerPrim=16
[FT] avgMs=16 worstMs=49 gameMs=11 drawMs=5 swapWait=0ms draws=2 decodes=0 decMs=0
[OTS] f=139440 calls=2 n0=2048 n1=28 prims=720 bb=535,742,334,385
[OTT] walkUs=117 texUs=3 emitUs=25 submitUs=14 otherUs=74 prims=6 usPerPrim=19
[SH-XBOX] vblank 153000
[MEM] tick: free=2520KB (630 pages)
[FT] avgMs=17 worstMs=57 gameMs=12 drawMs=4 swapWait=0ms draws=2 decodes=0 decMs=0
[OTS] f=139560 calls=2 n0=2048 n1=28 prims=720 bb=535,742,334,385
[OTT] walkUs=151 texUs=3 emitUs=24 submitUs=29 otherUs=94 prims=6 usPerPrim=25
[FT] avgMs=16 worstMs=48 gameMs=13 drawMs=3 swapWait=0ms draws=2 decodes=0 decMs=0
[OTS] f=139680 calls=2 n0=2048 n1=28 prims=720 bb=535,742,334,385
[OTT] walkUs=219 texUs=3 emitUs=24 submitUs=132 otherUs=58 prims=6 usPerPrim=36
[FT] avgMs=17 worstMs=86 gameMs=12 drawMs=5 swapWait=0ms draws=2 decodes=0 decMs=0
[OTS] f=139800 calls=2 n0=2048 n1=16 prims=672 bb=535,742,334,385
[OTT] walkUs=17 texUs=0 emitUs=0 submitUs=3 otherUs=14 prims=0 usPerPrim=17
[FT] avgMs=16 worstMs=22 gameMs=13 drawMs=3 swapWait=0ms draws=2 decodes=0 decMs=0
[OTS] f=139920 calls=2 n0=2048 n1=16 prims=720 bb=535,742,334,385
[OTT] walkUs=17 texUs=0 emitUs=0 submitUs=3 otherUs=14 prims=0 usPerPrim=17
[FT] avgMs=16 worstMs=52 gameMs=10 drawMs=6 swapWait=0ms draws=2 decodes=0 decMs=0
[OTS] f=140040 calls=2 n0=2048 n1=16 prims=696 bb=535,742,334,385
[OTT] walkUs=17 texUs=0 emitUs=0 submitUs=3 otherUs=13 prims=0 usPerPrim=17
[SH-XBOX] vblank 153600
[MEM] tick: free=2520KB (630 pages)
[FT] avgMs=17 worstMs=64 gameMs=11 drawMs=6 swapWait=0ms draws=2 decodes=0 decMs=0
[OTS] f=140160 calls=2 n0=2048 n1=16 prims=648 bb=535,742,334,385
[OTT] walkUs=17 texUs=0 emitUs=0 submitUs=3 otherUs=14 prims=0 usPerPrim=17
[FT] avgMs=16 worstMs=60 gameMs=11 drawMs=5 swapWait=1ms draws=2 decodes=0 decMs=0
[OTS] f=140280 calls=2 n0=2048 n1=16 prims=696 bb=535,742,334,385
[OTT] walkUs=17 texUs=0 emitUs=0 submitUs=4 otherUs=13 prims=0 usPerPrim=17
[FT] avgMs=16 worstMs=56 gameMs=10 drawMs=6 swapWait=0ms draws=2 decodes=0 decMs=0
[OTS] f=140400 calls=2 n0=2048 n1=16 prims=696 bb=535,742,334,385
[OTT] walkUs=17 texUs=0 emitUs=0 submitUs=3 otherUs=14 prims=0 usPerPrim=17
[FT] avgMs=16 worstMs=51 gameMs=10 drawMs=6 swapWait=0ms draws=2 decodes=0 decMs=0
[OTS] f=140520 calls=2 n0=2048 n1=16 prims=708 bb=535,742,334,385
[OTT] walkUs=17 texUs=0 emitUs=0 submitUs=3 otherUs=14 prims=0 usPerPrim=17
[FT] avgMs=17 worstMs=62 gameMs=10 drawMs=6 swapWait=0ms draws=2 decodes=0 decMs=0
[OTS] f=140640 calls=2 n0=2048 n1=16 prims=720 bb=535,742,334,385
[OTT] walkUs=17 texUs=0 emitUs=0 submitUs=3 otherUs=14 prims=0 usPerPrim=17
[SH-XBOX] vblank 154200
[MEM] tick: free=2520KB (630 pages)
[FT] avgMs=17 worstMs=60 gameMs=10 drawMs=6 swapWait=0ms draws=2 decodes=0 decMs=0
[OTS] f=140760 calls=2 n0=2048 n1=16 prims=720 bb=535,742,334,385
[OTT] walkUs=17 texUs=0 emitUs=0 submitUs=4 otherUs=12 prims=0 usPerPrim=17
[FT] avgMs=16 worstMs=56 gameMs=10 drawMs=6 swapWait=0ms draws=2 decodes=0 decMs=0
[OTS] f=140880 calls=2 n0=2048 n1=16 prims=720 bb=535,742,334,385
[OTT] walkUs=17 texUs=0 emitUs=0 submitUs=3 otherUs=14 prims=0 usPerPrim=17
[FT] avgMs=16 worstMs=48 gameMs=11 drawMs=5 swapWait=0ms draws=2 decodes=0 decMs=0
[OTS] f=141000 calls=2 n0=2048 n1=16 prims=720 bb=535,742,334,385
[OTT] walkUs=17 texUs=0 emitUs=0 submitUs=3 otherUs=14 prims=0 usPerPrim=17
[FT] avgMs=16 worstMs=56 gameMs=12 drawMs=4 swapWait=0ms draws=2 decodes=0 decMs=0
[OTS] f=141120 calls=2 n0=2048 n1=28 prims=732 bb=535,742,334,385
[OTT] walkUs=80 texUs=3 emitUs=31 submitUs=16 otherUs=29 prims=6 usPerPrim=13
[FT] avgMs=16 worstMs=49 gameMs=13 drawMs=3 swapWait=0ms draws=2 decodes=0 decMs=0
[OTS] f=141240 calls=2 n0=2048 n1=28 prims=744 bb=535,742,334,385
[OTT] walkUs=116 texUs=3 emitUs=26 submitUs=16 otherUs=69 prims=6 usPerPrim=19
[SH-XBOX] vblank 154800
[MEM] tick: free=2520KB (630 pages)
[FT] avgMs=17 worstMs=57 gameMs=12 drawMs=5 swapWait=0ms draws=2 decodes=0 decMs=0
[OTS] f=141360 calls=2 n0=2048 n1=28 prims=768 bb=535,742,334,385
[OTT] walkUs=90 texUs=3 emitUs=26 submitUs=16 otherUs=44 prims=6 usPerPrim=15
[FT] avgMs=16 worstMs=53 gameMs=13 drawMs=3 swapWait=0ms draws=2 decodes=0 decMs=0
[OTS] f=141480 calls=2 n0=2048 n1=28 prims=744 bb=535,742,334,385
[OTT] walkUs=175 texUs=2 emitUs=26 submitUs=14 otherUs=131 prims=6 usPerPrim=29
[FT] avgMs=16 worstMs=53 gameMs=10 drawMs=6 swapWait=0ms draws=2 decodes=0 decMs=0
[OTS] f=141600 calls=2 n0=2048 n1=28 prims=744 bb=535,742,334,385
[OTT] walkUs=231 texUs=2 emitUs=26 submitUs=18 otherUs=183 prims=6 usPerPrim=38
[FT] avgMs=17 worstMs=61 gameMs=11 drawMs=5 swapWait=0ms draws=2 decodes=0 decMs=0
[OTS] f=141720 calls=2 n0=2048 n1=28 prims=756 bb=535,742,334,385
[OTT] walkUs=94 texUs=3 emitUs=26 submitUs=19 otherUs=45 prims=6 usPerPrim=15
[FT] avgMs=16 worstMs=47 gameMs=11 drawMs=5 swapWait=0ms draws=2 decodes=0 decMs=0
[OTS] f=141840 calls=2 n0=2048 n1=28 prims=744 bb=535,742,334,385
[OTT] walkUs=166 texUs=3 emitUs=27 submitUs=15 otherUs=120 prims=6 usPerPrim=27
[SH-XBOX] vblank 155400
[MEM] tick: free=2520KB (630 pages)
[FT] avgMs=16 worstMs=56 gameMs=10 drawMs=6 swapWait=0ms draws=2 decodes=0 decMs=0
[OTS] f=141960 calls=2 n0=2048 n1=28 prims=732 bb=535,742,334,385
[OTT] walkUs=277 texUs=3 emitUs=25 submitUs=15 otherUs=232 prims=6 usPerPrim=46
[FT] avgMs=16 worstMs=54 gameMs=10 drawMs=6 swapWait=0ms draws=2 decodes=0 decMs=0
[OTS] f=142080 calls=2 n0=2048 n1=28 prims=720 bb=535,742,334,385
[OTT] walkUs=188 texUs=3 emitUs=26 submitUs=33 otherUs=125 prims=6 usPerPrim=31
[FT] avgMs=17 worstMs=63 gameMs=10 drawMs=6 swapWait=0ms draws=2 decodes=0 decMs=0
[OTS] f=142200 calls=2 n0=2048 n1=28 prims=720 bb=535,742,334,385
[OTT] walkUs=166 texUs=3 emitUs=26 submitUs=15 otherUs=121 prims=6 usPerPrim=27
[FT] avgMs=16 worstMs=46 gameMs=10 drawMs=6 swapWait=1ms draws=2 decodes=0 decMs=0
[OTS] f=142320 calls=2 n0=2048 n1=28 prims=720 bb=535,742,334,385
[OTT] walkUs=246 texUs=2 emitUs=26 submitUs=14 otherUs=202 prims=6 usPerPrim=41
[FT] avgMs=16 worstMs=57 gameMs=10 drawMs=6 swapWait=0ms draws=2 decodes=0 decMs=0
[OTS] f=142440 calls=2 n0=2048 n1=28 prims=720 bb=535,742,334,385
[OTT] walkUs=118 texUs=3 emitUs=26 submitUs=13 otherUs=75 prims=6 usPerPrim=19
[SH-XBOX] vblank 156000
[MEM] tick: free=2520KB (630 pages)
[FT] avgMs=17 worstMs=51 gameMs=11 drawMs=5 swapWait=0ms draws=2 decodes=0 decMs=0
[OTS] f=142560 calls=2 n0=2048 n1=16 prims=684 bb=535,742,334,385
[OTT] walkUs=17 texUs=0 emitUs=0 submitUs=3 otherUs=14 prims=0 usPerPrim=17
[FT] avgMs=16 worstMs=59 gameMs=12 drawMs=4 swapWait=0ms draws=2 decodes=0 decMs=0
[OTS] f=142680 calls=2 n0=2048 n1=16 prims=696 bb=535,742,334,385
[OTT] walkUs=17 texUs=0 emitUs=0 submitUs=3 otherUs=14 prims=0 usPerPrim=17
[FT] avgMs=16 worstMs=51 gameMs=13 drawMs=3 swapWait=0ms draws=2 decodes=0 decMs=0
[OTS] f=142800 calls=2 n0=2048 n1=16 prims=696 bb=535,742,334,385
[OTT] walkUs=17 texUs=0 emitUs=0 submitUs=2 otherUs=14 prims=0 usPerPrim=17
[FT] avgMs=16 worstMs=50 gameMs=11 drawMs=5 swapWait=0ms draws=2 decodes=0 decMs=0
[OTS] f=142920 calls=2 n0=2048 n1=16 prims=696 bb=535,742,334,385
[OTT] walkUs=17 texUs=0 emitUs=0 submitUs=3 otherUs=14 prims=0 usPerPrim=17
[FT] avgMs=16 worstMs=54 gameMs=13 drawMs=3 swapWait=0ms draws=2 decodes=0 decMs=0
[OTS] f=143040 calls=2 n0=2048 n1=16 prims=684 bb=535,742,334,385
[OTT] walkUs=17 texUs=0 emitUs=0 submitUs=3 otherUs=14 prims=0 usPerPrim=17
[SH-XBOX] vblank 156600
[MEM] tick: free=2520KB (630 pages)
[FT] avgMs=17 worstMs=54 gameMs=10 drawMs=6 swapWait=0ms draws=2 decodes=0 decMs=0
[OTS] f=143160 calls=2 n0=2048 n1=16 prims=660 bb=535,742,334,385
[OTT] walkUs=17 texUs=0 emitUs=0 submitUs=3 otherUs=13 prims=0 usPerPrim=17
[FT] avgMs=16 worstMs=47 gameMs=11 drawMs=5 swapWait=0ms draws=2 decodes=0 decMs=0
[OTS] f=143280 calls=2 n0=2048 n1=16 prims=708 bb=535,742,334,385
[OTT] walkUs=17 texUs=0 emitUs=0 submitUs=4 otherUs=12 prims=0 usPerPrim=17
[FT] avgMs=16 worstMs=56 gameMs=11 drawMs=5 swapWait=0ms draws=2 decodes=0 decMs=0
[OTS] f=143400 calls=2 n0=2048 n1=16 prims=720 bb=535,742,334,385
[OTT] walkUs=17 texUs=0 emitUs=0 submitUs=3 otherUs=13 prims=0 usPerPrim=17
[FT] avgMs=16 worstMs=52 gameMs=10 drawMs=6 swapWait=0ms draws=2 decodes=0 decMs=0
[OTS] f=143520 calls=2 n0=2048 n1=16 prims=720 bb=535,742,334,385
[OTT] walkUs=17 texUs=0 emitUs=0 submitUs=3 otherUs=13 prims=0 usPerPrim=17
[FT] avgMs=17 worstMs=62 gameMs=10 drawMs=6 swapWait=0ms draws=2 decodes=0 decMs=0
[OTS] f=143640 calls=2 n0=2048 n1=16 prims=720 bb=535,742,334,385
[OTT] walkUs=17 texUs=0 emitUs=0 submitUs=3 otherUs=13 prims=0 usPerPrim=17
[SH-XBOX] vblank 157200
[MEM] tick: free=2520KB (630 pages)
[FT] avgMs=17 worstMs=60 gameMs=10 drawMs=6 swapWait=0ms draws=2 decodes=0 decMs=0
[OTS] f=143760 calls=2 n0=2048 n1=16 prims=720 bb=535,742,334,385
[OTT] walkUs=17 texUs=0 emitUs=0 submitUs=3 otherUs=14 prims=0 usPerPrim=17
[FT] avgMs=16 worstMs=56 gameMs=10 drawMs=6 swapWait=0ms draws=2 decodes=0 decMs=0
[OTS] f=143880 calls=2 n0=2048 n1=28 prims=732 bb=535,742,334,385
[OTT] walkUs=287 texUs=3 emitUs=26 submitUs=14 otherUs=242 prims=6 usPerPrim=47
[FT] avgMs=16 worstMs=52 gameMs=10 drawMs=6 swapWait=0ms draws=2 decodes=0 decMs=0
[OTS] f=144000 calls=2 n0=2048 n1=28 prims=732 bb=535,742,334,385
[OTT] walkUs=198 texUs=3 emitUs=26 submitUs=14 otherUs=154 prims=6 usPerPrim=33
[FT] avgMs=16 worstMs=21 gameMs=10 drawMs=5 swapWait=0ms draws=2 decodes=0 decMs=0
[OTS] f=144120 calls=2 n0=2048 n1=28 prims=732 bb=535,742,334,385
[OTT] walkUs=303 texUs=3 emitUs=26 submitUs=14 otherUs=259 prims=6 usPerPrim=50
[FT] avgMs=16 worstMs=54 gameMs=12 drawMs=4 swapWait=0ms draws=2 decodes=0 decMs=0
[OTS] f=144240 calls=2 n0=2048 n1=28 prims=744 bb=535,742,334,385
[OTT] walkUs=89 texUs=3 emitUs=26 submitUs=16 otherUs=42 prims=6 usPerPrim=14
[SH-XBOX] vblank 157800
[MEM] tick: free=2520KB (630 pages)
[FT] avgMs=17 worstMs=51 gameMs=13 drawMs=3 swapWait=0ms draws=2 decodes=0 decMs=0
[OTS] f=144360 calls=2 n0=2048 n1=28 prims=756 bb=535,742,334,385
[OTT] walkUs=82 texUs=3 emitUs=30 submitUs=17 otherUs=32 prims=6 usPerPrim=13
[FT] avgMs=16 worstMs=54 gameMs=11 drawMs=5 swapWait=0ms draws=2 decodes=0 decMs=0
[OTS] f=144480 calls=2 n0=2048 n1=28 prims=744 bb=535,742,334,385
[OTT] walkUs=353 texUs=2 emitUs=26 submitUs=16 otherUs=306 prims=6 usPerPrim=58
[FT] avgMs=16 worstMs=58 gameMs=12 drawMs=4 swapWait=0ms draws=2 decodes=0 decMs=0
[OTS] f=144600 calls=2 n0=2048 n1=28 prims=744 bb=535,742,334,385
[OTT] walkUs=77 texUs=3 emitUs=26 submitUs=14 otherUs=32 prims=6 usPerPrim=12
[FT] avgMs=16 worstMs=56 gameMs=10 drawMs=6 swapWait=0ms draws=2 decodes=0 decMs=0
[OTS] f=144720 calls=2 n0=2048 n1=28 prims=744 bb=535,742,334,385
[OTT] walkUs=80 texUs=3 emitUs=30 submitUs=14 otherUs=32 prims=6 usPerPrim=13
[FT] avgMs=16 worstMs=50 gameMs=11 drawMs=5 swapWait=0ms draws=2 decodes=0 decMs=0
[OTS] f=144840 calls=2 n0=2048 n1=28 prims=744 bb=535,742,334,385
[OTT] walkUs=79 texUs=3 emitUs=26 submitUs=14 otherUs=34 prims=6 usPerPrim=13
[SH-XBOX] vblank 158400
[MEM] tick: free=2520KB (630 pages)
[FT] avgMs=17 worstMs=58 gameMs=11 drawMs=5 swapWait=0ms draws=2 decodes=0 decMs=0
[OTS] f=144960 calls=2 n0=2048 n1=28 prims=732 bb=535,742,334,385
[OTT] walkUs=112 texUs=3 emitUs=24 submitUs=14 otherUs=69 prims=6 usPerPrim=18
[FT] avgMs=16 worstMs=53 gameMs=10 drawMs=6 swapWait=0ms draws=2 decodes=0 decMs=0
[OTS] f=145080 calls=2 n0=2048 n1=28 prims=720 bb=535,742,334,385
[OTT] walkUs=77 texUs=3 emitUs=26 submitUs=14 otherUs=33 prims=6 usPerPrim=12
[FT] avgMs=16 worstMs=50 gameMs=10 drawMs=6 swapWait=0ms draws=2 decodes=0 decMs=0
[OTS] f=145200 calls=2 n0=2048 n1=28 prims=720 bb=535,742,334,385
[OTT] walkUs=345 texUs=3 emitUs=24 submitUs=284 otherUs=32 prims=6 usPerPrim=57
[FT] avgMs=17 worstMs=61 gameMs=10 drawMs=6 swapWait=0ms draws=2 decodes=0 decMs=0
[OTS] f=145320 calls=2 n0=2048 n1=28 prims=720 bb=535,742,334,385
[OTT] walkUs=79 texUs=3 emitUs=26 submitUs=15 otherUs=34 prims=6 usPerPrim=13
[FT] avgMs=17 worstMs=60 gameMs=10 drawMs=6 swapWait=0ms draws=2 decodes=0 decMs=0
[OTS] f=145440 calls=2 n0=2048 n1=16 prims=696 bb=535,742,334,385
[OTT] walkUs=17 texUs=0 emitUs=0 submitUs=3 otherUs=14 prims=0 usPerPrim=17
[SH-XBOX] vblank 159000
[MEM] tick: free=2520KB (630 pages)
[FT] avgMs=17 worstMs=61 gameMs=11 drawMs=6 swapWait=1ms draws=2 decodes=0 decMs=0
[OTS] f=145560 calls=2 n0=2048 n1=16 prims=660 bb=535,742,334,385
[OTT] walkUs=17 texUs=0 emitUs=0 submitUs=3 otherUs=13 prims=0 usPerPrim=17
[FT] avgMs=16 worstMs=47 gameMs=11 drawMs=5 swapWait=0ms draws=2 decodes=0 decMs=0
[OTS] f=145680 calls=2 n0=2048 n1=16 prims=696 bb=535,742,334,385
[OTT] walkUs=17 texUs=0 emitUs=0 submitUs=3 otherUs=14 prims=0 usPerPrim=17
[FT] avgMs=16 worstMs=54 gameMs=12 drawMs=4 swapWait=0ms draws=2 decodes=0 decMs=0
[OTS] f=145800 calls=2 n0=2048 n1=16 prims=696 bb=535,742,334,385
[OTT] walkUs=17 texUs=0 emitUs=0 submitUs=3 otherUs=13 prims=0 usPerPrim=17
[FT] avgMs=16 worstMs=48 gameMs=13 drawMs=3 swapWait=0ms draws=2 decodes=0 decMs=0
[OTS] f=145920 calls=2 n0=2048 n1=16 prims=696 bb=535,742,334,385
[OTT] walkUs=17 texUs=0 emitUs=0 submitUs=3 otherUs=13 prims=0 usPerPrim=17
[FT] avgMs=17 worstMs=63 gameMs=12 drawMs=5 swapWait=0ms draws=2 decodes=0 decMs=0
[OTS] f=146040 calls=2 n0=2048 n1=16 prims=672 bb=535,742,334,385
[OTT] walkUs=17 texUs=0 emitUs=0 submitUs=3 otherUs=14 prims=0 usPerPrim=17
[SH-XBOX] vblank 159600
[MEM] tick: free=2520KB (630 pages)
[FT] avgMs=17 worstMs=61 gameMs=12 drawMs=4 swapWait=0ms draws=2 decodes=0 decMs=0
[OTS] f=146160 calls=2 n0=2048 n1=16 prims=708 bb=535,742,334,385
[OTT] walkUs=17 texUs=0 emitUs=0 submitUs=2 otherUs=14 prims=0 usPerPrim=17
[FT] avgMs=16 worstMs=51 gameMs=10 drawMs=6 swapWait=0ms draws=2 decodes=0 decMs=0
[OTS] f=146280 calls=2 n0=2048 n1=16 prims=720 bb=535,742,334,385
[OTT] walkUs=17 texUs=0 emitUs=0 submitUs=3 otherUs=14 prims=0 usPerPrim=17
[FT] avgMs=16 worstMs=58 gameMs=11 drawMs=5 swapWait=1ms draws=2 decodes=0 decMs=0
[OTS] f=146400 calls=2 n0=2048 n1=16 prims=720 bb=535,742,334,385
[OTT] walkUs=17 texUs=0 emitUs=0 submitUs=3 otherUs=13 prims=0 usPerPrim=17
[FT] avgMs=16 worstMs=51 gameMs=11 drawMs=5 swapWait=0ms draws=2 decodes=0 decMs=0
[OTS] f=146520 calls=2 n0=2048 n1=16 prims=720 bb=535,742,334,385
[OTT] walkUs=17 texUs=0 emitUs=0 submitUs=6 otherUs=10 prims=0 usPerPrim=17
[FT] avgMs=16 worstMs=49 gameMs=10 drawMs=6 swapWait=0ms draws=2 decodes=0 decMs=0
[OTS] f=146640 calls=2 n0=2048 n1=16 prims=720 bb=535,742,334,385
[OTT] walkUs=17 texUs=0 emitUs=0 submitUs=3 otherUs=14 prims=0 usPerPrim=17
[SH-XBOX] vblank 160200
[MEM] tick: free=2520KB (630 pages)
[FT] avgMs=17 worstMs=62 gameMs=10 drawMs=6 swapWait=0ms draws=2 decodes=0 decMs=0
[OTS] f=146760 calls=2 n0=2048 n1=28 prims=756 bb=535,742,334,385
[OTT] walkUs=78 texUs=3 emitUs=26 submitUs=15 otherUs=33 prims=6 usPerPrim=13
[FT] avgMs=17 worstMs=60 gameMs=10 drawMs=6 swapWait=0ms draws=2 decodes=0 decMs=0
[OTS] f=146880 calls=2 n0=2048 n1=28 prims=756 bb=535,742,334,385
[OTT] walkUs=77 texUs=3 emitUs=25 submitUs=14 otherUs=33 prims=6 usPerPrim=12
[FT] avgMs=17 worstMs=61 gameMs=10 drawMs=6 swapWait=0ms draws=2 decodes=0 decMs=0
[OTS] f=147000 calls=2 n0=2048 n1=28 prims=756 bb=535,742,334,385
[OTT] walkUs=92 texUs=3 emitUs=24 submitUs=30 otherUs=34 prims=6 usPerPrim=15
[FT] avgMs=16 worstMs=49 gameMs=10 drawMs=6 swapWait=0ms draws=2 decodes=0 decMs=0
[OTS] f=147120 calls=2 n0=2048 n1=28 prims=744 bb=535,742,334,385
[OTT] walkUs=139 texUs=3 emitUs=24 submitUs=78 otherUs=32 prims=6 usPerPrim=23
[FT] avgMs=16 worstMs=61 gameMs=11 drawMs=5 swapWait=0ms draws=2 decodes=0 decMs=0
[OTS] f=147240 calls=2 n0=2048 n1=28 prims=744 bb=535,742,334,385
[OTT] walkUs=74 texUs=3 emitUs=24 submitUs=14 otherUs=31 prims=6 usPerPrim=12
[SH-XBOX] vblank 160800
[MEM] tick: free=2520KB (630 pages)
[FT] avgMs=17 worstMs=49 gameMs=13 drawMs=3 swapWait=0ms draws=2 decodes=0 decMs=0
[OTS] f=147360 calls=2 n0=2048 n1=28 prims=756 bb=535,742,334,385
[OTT] walkUs=74 texUs=3 emitUs=25 submitUs=15 otherUs=30 prims=6 usPerPrim=12
[FT] avgMs=16 worstMs=49 gameMs=13 drawMs=3 swapWait=0ms draws=2 decodes=0 decMs=0
[OTS] f=147480 calls=2 n0=2048 n1=28 prims=732 bb=535,742,334,385
[OTT] walkUs=353 texUs=3 emitUs=26 submitUs=31 otherUs=291 prims=6 usPerPrim=58
[FT] avgMs=16 worstMs=48 gameMs=11 drawMs=5 swapWait=0ms draws=2 decodes=0 decMs=0
[OTS] f=147600 calls=2 n0=2048 n1=28 prims=720 bb=535,742,334,385
[OTT] walkUs=73 texUs=3 emitUs=24 submitUs=15 otherUs=29 prims=6 usPerPrim=12
[FT] avgMs=16 worstMs=53 gameMs=12 drawMs=4 swapWait=1ms draws=2 decodes=0 decMs=0
[OTS] f=147720 calls=2 n0=2048 n1=28 prims=720 bb=535,742,334,385
[OTT] walkUs=75 texUs=3 emitUs=25 submitUs=319 otherUs=0 prims=6 usPerPrim=12
[FT] avgMs=16 worstMs=53 gameMs=10 drawMs=6 swapWait=0ms draws=2 decodes=0 decMs=0
[OTS] f=147840 calls=2 n0=2048 n1=28 prims=720 bb=535,742,334,385
[OTT] walkUs=196 texUs=2 emitUs=24 submitUs=14 otherUs=155 prims=6 usPerPrim=32
[SH-XBOX] vblank 161400
[MEM] tick: free=2520KB (630 pages)
[FT] avgMs=17 worstMs=60 gameMs=11 drawMs=5 swapWait=1ms draws=2 decodes=0 decMs=0
[OTS] f=147960 calls=2 n0=2048 n1=28 prims=720 bb=535,742,334,385
[OTT] walkUs=188 texUs=3 emitUs=27 submitUs=15 otherUs=142 prims=6 usPerPrim=31
[FT] avgMs=17 worstMs=82 gameMs=11 drawMs=5 swapWait=0ms draws=2 decodes=0 decMs=0
[OTS] f=148080 calls=2 n0=2048 n1=16 prims=672 bb=535,742,334,385
[OTT] walkUs=17 texUs=0 emitUs=0 submitUs=3 otherUs=14 prims=0 usPerPrim=17
[FT] avgMs=16 worstMs=21 gameMs=10 drawMs=6 swapWait=0ms draws=2 decodes=0 decMs=0
[OTS] f=148200 calls=2 n0=2048 n1=16 prims=720 bb=535,742,334,385
[OTT] walkUs=17 texUs=0 emitUs=0 submitUs=3 otherUs=14 prims=0 usPerPrim=17
[FT] avgMs=17 worstMs=61 gameMs=10 drawMs=6 swapWait=0ms draws=2 decodes=0 decMs=0
[OTS] f=148320 calls=2 n0=2048 n1=16 prims=684 bb=535,742,334,385
[OTT] walkUs=17 texUs=0 emitUs=0 submitUs=3 otherUs=13 prims=0 usPerPrim=17
[FT] avgMs=17 worstMs=63 gameMs=10 drawMs=6 swapWait=0ms draws=2 decodes=0 decMs=0
[OTS] f=148440 calls=2 n0=2048 n1=16 prims=684 bb=535,742,334,385
[OTT] walkUs=17 texUs=0 emitUs=0 submitUs=3 otherUs=14 prims=0 usPerPrim=17
[SH-XBOX] vblank 162000
[MEM] tick: free=2520KB (630 pages)
[FT] avgMs=17 worstMs=60 gameMs=10 drawMs=6 swapWait=0ms draws=2 decodes=0 decMs=0
[OTS] f=148560 calls=2 n0=2048 n1=16 prims=672 bb=535,742,334,385
[OTT] walkUs=17 texUs=0 emitUs=0 submitUs=3 otherUs=13 prims=0 usPerPrim=17
[FT] avgMs=16 worstMs=55 gameMs=10 drawMs=6 swapWait=0ms draws=2 decodes=0 decMs=0
[OTS] f=148680 calls=2 n0=2048 n1=16 prims=696 bb=535,742,334,385
[OTT] walkUs=17 texUs=0 emitUs=0 submitUs=4 otherUs=12 prims=0 usPerPrim=17
[FT] avgMs=16 worstMs=51 gameMs=11 drawMs=5 swapWait=0ms draws=2 decodes=0 decMs=0
[OTS] f=148800 calls=2 n0=2048 n1=16 prims=708 bb=535,742,334,385
[OTT] walkUs=17 texUs=0 emitUs=0 submitUs=3 otherUs=14 prims=0 usPerPrim=17
[FT] avgMs=16 worstMs=55 gameMs=13 drawMs=3 swapWait=0ms draws=2 decodes=0 decMs=0
[OTS] f=148920 calls=2 n0=2048 n1=16 prims=720 bb=535,742,334,385
[OTT] walkUs=17 texUs=0 emitUs=0 submitUs=3 otherUs=14 prims=0 usPerPrim=17
[FT] avgMs=16 worstMs=50 gameMs=13 drawMs=3 swapWait=0ms draws=2 decodes=0 decMs=0
[OTS] f=149040 calls=2 n0=2048 n1=16 prims=708 bb=535,742,334,385
[OTT] walkUs=17 texUs=0 emitUs=0 submitUs=3 otherUs=14 prims=0 usPerPrim=17
[SH-XBOX] vblank 162600
[MEM] tick: free=2520KB (630 pages)
[FT] avgMs=17 worstMs=51 gameMs=12 drawMs=5 swapWait=0ms draws=2 decodes=0 decMs=0
[OTS] f=149160 calls=2 n0=2048 n1=16 prims=720 bb=535,742,334,385
[OTT] walkUs=17 texUs=0 emitUs=0 submitUs=3 otherUs=14 prims=0 usPerPrim=17
[FT] avgMs=17 worstMs=48 gameMs=12 drawMs=4 swapWait=0ms draws=2 decodes=0 decMs=0
[OTS] f=149280 calls=2 n0=2048 n1=16 prims=720 bb=535,742,334,385
[OTT] walkUs=17 texUs=0 emitUs=0 submitUs=3 otherUs=14 prims=0 usPerPrim=17
[FT] avgMs=17 worstMs=56 gameMs=10 drawMs=6 swapWait=0ms draws=2 decodes=0 decMs=0
[OTS] f=149400 calls=2 n0=2048 n1=28 prims=732 bb=535,742,334,385
[OTT] walkUs=228 texUs=3 emitUs=27 submitUs=14 otherUs=183 prims=6 usPerPrim=38
[FT] avgMs=16 worstMs=46 gameMs=11 drawMs=5 swapWait=0ms draws=2 decodes=0 decMs=0
[OTS] f=149520 calls=2 n0=2048 n1=28 prims=744 bb=535,742,334,385
[OTT] walkUs=190 texUs=3 emitUs=24 submitUs=14 otherUs=148 prims=6 usPerPrim=31
[FT] avgMs=16 worstMs=58 gameMs=11 drawMs=5 swapWait=0ms draws=2 decodes=0 decMs=0
[OTS] f=149640 calls=2 n0=2048 n1=28 prims=744 bb=535,742,334,385
[OTT] walkUs=80 texUs=3 emitUs=26 submitUs=15 otherUs=35 prims=6 usPerPrim=13
[SH-XBOX] vblank 163200
[MEM] tick: free=2520KB (630 pages)
[FT] avgMs=17 worstMs=52 gameMs=10 drawMs=6 swapWait=0ms draws=2 decodes=0 decMs=0
[OTS] f=149760 calls=2 n0=2048 n1=28 prims=768 bb=535,742,334,385
[OTT] walkUs=252 texUs=2 emitUs=25 submitUs=14 otherUs=209 prims=6 usPerPrim=42
[FT] avgMs=17 worstMs=57 gameMs=10 drawMs=6 swapWait=0ms draws=2 decodes=0 decMs=0
[OTS] f=149880 calls=2 n0=2048 n1=28 prims=756 bb=535,742,334,385
[OTT] walkUs=107 texUs=3 emitUs=26 submitUs=14 otherUs=63 prims=6 usPerPrim=17
[FT] avgMs=16 worstMs=48 gameMs=10 drawMs=6 swapWait=0ms draws=2 decodes=0 decMs=0
[OTS] f=150000 calls=2 n0=2048 n1=28 prims=756 bb=535,742,334,385
[OTT] walkUs=79 texUs=3 emitUs=26 submitUs=18 otherUs=31 prims=6 usPerPrim=13
[FT] avgMs=16 worstMs=58 gameMs=10 drawMs=6 swapWait=0ms draws=2 decodes=0 decMs=0
[OTS] f=150120 calls=2 n0=2048 n1=28 prims=744 bb=535,742,334,385
[OTT] walkUs=136 texUs=3 emitUs=26 submitUs=15 otherUs=91 prims=6 usPerPrim=22
[FT] avgMs=16 worstMs=25 gameMs=10 drawMs=6 swapWait=0ms draws=2 decodes=0 decMs=0
[OTS] f=150240 calls=2 n0=2048 n1=28 prims=720 bb=535,742,334,385
[OTT] walkUs=151 texUs=3 emitUs=25 submitUs=14 otherUs=107 prims=6 usPerPrim=25
[SH-XBOX] vblank 163800
[MEM] tick: free=2520KB (630 pages)
[FT] avgMs=17 worstMs=60 gameMs=11 drawMs=5 swapWait=0ms draws=2 decodes=0 decMs=0
[OTS] f=150360 calls=2 n0=2048 n1=28 prims=732 bb=535,742,334,385
[OTT] walkUs=79 texUs=3 emitUs=24 submitUs=14 otherUs=37 prims=6 usPerPrim=13
[FT] avgMs=16 worstMs=51 gameMs=13 drawMs=3 swapWait=0ms draws=2 decodes=0 decMs=0
[OTS] f=150480 calls=2 n0=2048 n1=28 prims=720 bb=535,742,334,385
[OTT] walkUs=76 texUs=3 emitUs=25 submitUs=15 otherUs=31 prims=6 usPerPrim=12
[FT] avgMs=16 worstMs=47 gameMs=13 drawMs=3 swapWait=0ms draws=2 decodes=0 decMs=0
[OTS] f=150600 calls=2 n0=2048 n1=28 prims=720 bb=535,742,334,385
[OTT] walkUs=83 texUs=3 emitUs=30 submitUs=17 otherUs=32 prims=6 usPerPrim=13
[FT] avgMs=16 worstMs=52 gameMs=11 drawMs=5 swapWait=0ms draws=2 decodes=0 decMs=0
[OTS] f=150720 calls=2 n0=2048 n1=28 prims=720 bb=535,742,334,385
[OTT] walkUs=74 texUs=2 emitUs=24 submitUs=15 otherUs=31 prims=6 usPerPrim=12
[FT] avgMs=16 worstMs=56 gameMs=12 drawMs=4 swapWait=0ms draws=2 decodes=0 decMs=0
[OTS] f=150840 calls=2 n0=2048 n1=28 prims=720 bb=535,742,334,385
[OTT] walkUs=76 texUs=3 emitUs=26 submitUs=13 otherUs=33 prims=6 usPerPrim=12
[SH-XBOX] vblank 164400
[MEM] tick: free=2520KB (630 pages)
[FT] avgMs=17 worstMs=55 gameMs=11 drawMs=6 swapWait=0ms draws=2 decodes=0 decMs=0
[OTS] f=150960 calls=2 n0=2048 n1=16 prims=696 bb=535,742,334,385
[OTT] walkUs=17 texUs=0 emitUs=0 submitUs=3 otherUs=13 prims=0 usPerPrim=17
[FT] avgMs=16 worstMs=49 gameMs=11 drawMs=5 swapWait=0ms draws=2 decodes=0 decMs=0
[OTS] f=151080 calls=2 n0=2048 n1=16 prims=696 bb=535,742,334,385
[OTT] walkUs=17 texUs=0 emitUs=0 submitUs=3 otherUs=13 prims=0 usPerPrim=17
[FT] avgMs=16 worstMs=59 gameMs=11 drawMs=5 swapWait=0ms draws=2 decodes=0 decMs=0
[OTS] f=151200 calls=2 n0=2048 n1=16 prims=696 bb=535,742,334,385
[OTT] walkUs=17 texUs=0 emitUs=0 submitUs=3 otherUs=13 prims=0 usPerPrim=17
[FT] avgMs=16 worstMs=54 gameMs=10 drawMs=6 swapWait=0ms draws=2 decodes=0 decMs=0
[OTS] f=151320 calls=2 n0=2048 n1=16 prims=696 bb=535,742,334,385
[OTT] walkUs=17 texUs=0 emitUs=0 submitUs=3 otherUs=14 prims=0 usPerPrim=17
[FT] avgMs=16 worstMs=50 gameMs=10 drawMs=6 swapWait=0ms draws=2 decodes=0 decMs=0
[OTS] f=151440 calls=2 n0=2048 n1=16 prims=696 bb=535,742,334,385
[OTT] walkUs=22 texUs=0 emitUs=0 submitUs=6 otherUs=15 prims=0 usPerPrim=22
[SH-XBOX] vblank 165000
[MEM] tick: free=2520KB (630 pages)
[FT] avgMs=17 worstMs=59 gameMs=10 drawMs=6 swapWait=0ms draws=2 decodes=0 decMs=0
[OTS] f=151560 calls=2 n0=2048 n1=16 prims=672 bb=535,742,334,385
[OTT] walkUs=17 texUs=0 emitUs=0 submitUs=4 otherUs=13 prims=0 usPerPrim=17
[FT] avgMs=16 worstMs=58 gameMs=10 drawMs=6 swapWait=0ms draws=2 decodes=0 decMs=0
[OTS] f=151680 calls=2 n0=2048 n1=16 prims=696 bb=535,742,334,385
[OTT] walkUs=17 texUs=0 emitUs=0 submitUs=2 otherUs=14 prims=0 usPerPrim=17
[FT] avgMs=16 worstMs=59 gameMs=10 drawMs=6 swapWait=0ms draws=2 decodes=0 decMs=0
[OTS] f=151800 calls=2 n0=2048 n1=16 prims=708 bb=535,742,334,385
[OTT] walkUs=17 texUs=0 emitUs=0 submitUs=3 otherUs=14 prims=0 usPerPrim=17
[FT] avgMs=16 worstMs=54 gameMs=11 drawMs=5 swapWait=0ms draws=2 decodes=0 decMs=0
[OTS] f=151920 calls=2 n0=2048 n1=16 prims=720 bb=535,742,334,385
[OTT] walkUs=17 texUs=0 emitUs=0 submitUs=3 otherUs=14 prims=0 usPerPrim=17
[FT] avgMs=16 worstMs=46 gameMs=13 drawMs=3 swapWait=0ms draws=2 decodes=0 decMs=0
[OTS] f=152040 calls=2 n0=2048 n1=16 prims=720 bb=535,742,334,385
[OTT] walkUs=17 texUs=0 emitUs=0 submitUs=3 otherUs=14 prims=0 usPerPrim=17
[SH-XBOX] vblank 165600
[MEM] tick: free=2520KB (630 pages)
[FT] avgMs=17 worstMs=48 gameMs=13 drawMs=3 swapWait=0ms draws=2 decodes=0 decMs=0
[OTS] f=152160 calls=2 n0=2048 n1=16 prims=720 bb=535,742,334,385
[OTT] walkUs=17 texUs=0 emitUs=0 submitUs=3 otherUs=14 prims=0 usPerPrim=17
[FT] avgMs=16 worstMs=20 gameMs=11 drawMs=4 swapWait=0ms draws=2 decodes=0 decMs=0
[OTS] f=152280 calls=2 n0=2048 n1=16 prims=720 bb=535,742,334,385
[OTT] walkUs=17 texUs=0 emitUs=0 submitUs=3 otherUs=14 prims=0 usPerPrim=17
[FT] avgMs=16 worstMs=45 gameMs=12 drawMs=4 swapWait=0ms draws=2 decodes=0 decMs=0
[OTS] f=152400 calls=2 n0=2048 n1=16 prims=720 bb=535,742,334,385
[OTT] walkUs=17 texUs=0 emitUs=0 submitUs=3 otherUs=13 prims=0 usPerPrim=17
[FT] avgMs=16 worstMs=57 gameMs=10 drawMs=6 swapWait=0ms draws=2 decodes=0 decMs=0
[OTS] f=152520 calls=2 n0=2048 n1=16 prims=720 bb=535,742,334,385
[OTT] walkUs=17 texUs=0 emitUs=0 submitUs=3 otherUs=13 prims=0 usPerPrim=17
[FT] avgMs=16 worstMs=57 gameMs=10 drawMs=6 swapWait=0ms draws=2 decodes=0 decMs=0
[OTS] f=152640 calls=2 n0=2048 n1=28 prims=732 bb=535,742,334,385
[OTT] walkUs=200 texUs=3 emitUs=26 submitUs=14 otherUs=156 prims=6 usPerPrim=33
[SH-XBOX] vblank 166200
[MEM] tick: free=2520KB (630 pages)
[FT] avgMs=17 worstMs=53 gameMs=11 drawMs=6 swapWait=0ms draws=2 decodes=0 decMs=0
[OTS] f=152760 calls=2 n0=2048 n1=28 prims=768 bb=535,742,334,385
[OTT] walkUs=81 texUs=3 emitUs=27 submitUs=16 otherUs=35 prims=6 usPerPrim=13
[FT] avgMs=16 worstMs=48 gameMs=10 drawMs=6 swapWait=0ms draws=2 decodes=0 decMs=0
[OTS] f=152880 calls=2 n0=2048 n1=28 prims=756 bb=535,742,334,385
[OTT] walkUs=77 texUs=3 emitUs=26 submitUs=15 otherUs=32 prims=6 usPerPrim=12
[FT] avgMs=16 worstMs=59 gameMs=10 drawMs=6 swapWait=1ms draws=2 decodes=0 decMs=0
[OTS] f=153000 calls=2 n0=2048 n1=28 prims=744 bb=535,742,334,385
[OTT] walkUs=213 texUs=3 emitUs=25 submitUs=14 otherUs=170 prims=6 usPerPrim=35
[FT] avgMs=16 worstMs=52 gameMs=10 drawMs=6 swapWait=0ms draws=2 decodes=0 decMs=0
[OTS] f=153120 calls=2 n0=2048 n1=28 prims=744 bb=535,742,334,385
[OTT] walkUs=75 texUs=2 emitUs=26 submitUs=14 otherUs=31 prims=6 usPerPrim=12
[FT] avgMs=17 worstMs=64 gameMs=10 drawMs=6 swapWait=1ms draws=2 decodes=0 decMs=0
[OTS] f=153240 calls=2 n0=2048 n1=28 prims=756 bb=535,742,334,385
[OTT] walkUs=346 texUs=3 emitUs=26 submitUs=584 otherUs=0 prims=6 usPerPrim=57
[SH-XBOX] vblank 166800
[MEM] tick: free=2520KB (630 pages)
[FT] avgMs=17 worstMs=63 gameMs=11 drawMs=6 swapWait=0ms draws=2 decodes=0 decMs=0
[OTS] f=153360 calls=2 n0=2048 n1=28 prims=756 bb=535,742,334,385
[OTT] walkUs=100 texUs=3 emitUs=24 submitUs=20 otherUs=52 prims=6 usPerPrim=16
[FT] avgMs=16 worstMs=49 gameMs=11 drawMs=5 swapWait=0ms draws=2 decodes=0 decMs=0
[OTS] f=153480 calls=2 n0=2048 n1=28 prims=720 bb=535,742,334,385
[OTT] walkUs=130 texUs=3 emitUs=24 submitUs=14 otherUs=88 prims=6 usPerPrim=21
[FT] avgMs=16 worstMs=54 gameMs=13 drawMs=3 swapWait=0ms draws=2 decodes=0 decMs=0
[OTS] f=153600 calls=2 n0=2048 n1=28 prims=720 bb=535,742,334,385
[OTT] walkUs=113 texUs=3 emitUs=25 submitUs=53 otherUs=30 prims=6 usPerPrim=18
[FT] avgMs=16 worstMs=50 gameMs=13 drawMs=3 swapWait=0ms draws=2 decodes=0 decMs=0
[OTS] f=153720 calls=2 n0=2048 n1=28 prims=720 bb=535,742,334,385
[OTT] walkUs=225 texUs=3 emitUs=30 submitUs=15 otherUs=176 prims=6 usPerPrim=37
[FT] avgMs=16 worstMs=49 gameMs=12 drawMs=4 swapWait=0ms draws=2 decodes=0 decMs=0
[OTS] f=153840 calls=2 n0=2048 n1=28 prims=720 bb=535,742,334,385
[OTT] walkUs=188 texUs=3 emitUs=26 submitUs=15 otherUs=143 prims=6 usPerPrim=31
[SH-XBOX] vblank 167400
[MEM] tick: free=2520KB (630 pages)
[FT] avgMs=17 worstMs=55 gameMs=12 drawMs=4 swapWait=0ms draws=2 decodes=0 decMs=0
[OTS] f=153960 calls=2 n0=2048 n1=16 prims=696 bb=535,742,334,385
[OTT] walkUs=17 texUs=0 emitUs=0 submitUs=3 otherUs=14 prims=0 usPerPrim=17
[FT] avgMs=16 worstMs=53 gameMs=10 drawMs=6 swapWait=0ms draws=2 decodes=0 decMs=0
[OTS] f=154080 calls=2 n0=2048 n1=16 prims=696 bb=535,742,334,385
[OTT] walkUs=17 texUs=0 emitUs=0 submitUs=3 otherUs=14 prims=0 usPerPrim=17
[FT] avgMs=16 worstMs=58 gameMs=10 drawMs=6 swapWait=0ms draws=2 decodes=0 decMs=0
[OTS] f=154200 calls=2 n0=2048 n1=16 prims=696 bb=535,742,334,385
[OTT] walkUs=17 texUs=0 emitUs=0 submitUs=3 otherUs=14 prims=0 usPerPrim=17
[FT] avgMs=16 worstMs=54 gameMs=10 drawMs=5 swapWait=0ms draws=2 decodes=0 decMs=0
[OTS] f=154320 calls=2 n0=2048 n1=16 prims=696 bb=535,742,334,385
[OTT] walkUs=17 texUs=0 emitUs=0 submitUs=3 otherUs=13 prims=0 usPerPrim=17
[FT] avgMs=16 worstMs=21 gameMs=10 drawMs=6 swapWait=0ms draws=2 decodes=0 decMs=0
[OTS] f=154440 calls=2 n0=2048 n1=16 prims=720 bb=535,742,334,385
[OTT] walkUs=17 texUs=0 emitUs=0 submitUs=3 otherUs=14 prims=0 usPerPrim=17
[SH-XBOX] vblank 168000
[MEM] tick: free=2520KB (630 pages)
[FT] avgMs=17 worstMs=60 gameMs=10 drawMs=6 swapWait=0ms draws=2 decodes=0 decMs=0
[OTS] f=154560 calls=2 n0=2048 n1=16 prims=672 bb=535,742,334,385
[OTT] walkUs=17 texUs=0 emitUs=0 submitUs=3 otherUs=14 prims=0 usPerPrim=17
[FT] avgMs=16 worstMs=52 gameMs=10 drawMs=6 swapWait=0ms draws=2 decodes=0 decMs=0
[OTS] f=154680 calls=2 n0=2048 n1=16 prims=696 bb=535,742,334,385
[OTT] walkUs=17 texUs=0 emitUs=0 submitUs=3 otherUs=14 prims=0 usPerPrim=17
[FT] avgMs=16 worstMs=48 gameMs=10 drawMs=6 swapWait=0ms draws=2 decodes=0 decMs=0
[OTS] f=154800 calls=2 n0=2048 n1=16 prims=696 bb=535,742,334,385
[OTT] walkUs=17 texUs=0 emitUs=0 submitUs=3 otherUs=14 prims=0 usPerPrim=17
[FT] avgMs=16 worstMs=56 gameMs=10 drawMs=6 swapWait=0ms draws=2 decodes=0 decMs=0
[OTS] f=154920 calls=2 n0=2048 n1=16 prims=708 bb=535,742,334,385
[OTT] walkUs=17 texUs=0 emitUs=0 submitUs=3 otherUs=14 prims=0 usPerPrim=17
[FT] avgMs=16 worstMs=52 gameMs=11 drawMs=5 swapWait=0ms draws=2 decodes=0 decMs=0
[OTS] f=155040 calls=2 n0=2048 n1=16 prims=720 bb=535,742,334,385
[OTT] walkUs=17 texUs=0 emitUs=0 submitUs=3 otherUs=13 prims=0 usPerPrim=17
[SH-XBOX] vblank 168600
[MEM] tick: free=2520KB (630 pages)
[FT] avgMs=17 worstMs=54 gameMs=13 drawMs=3 swapWait=0ms draws=2 decodes=0 decMs=0
[OTS] f=155160 calls=2 n0=2048 n1=16 prims=720 bb=535,742,334,385
[OTT] walkUs=17 texUs=0 emitUs=0 submitUs=3 otherUs=14 prims=0 usPerPrim=17
[FT] avgMs=16 worstMs=51 gameMs=13 drawMs=3 swapWait=0ms draws=2 decodes=0 decMs=0
[OTS] f=155280 calls=2 n0=2048 n1=16 prims=720 bb=535,742,334,385
[OTT] walkUs=17 texUs=0 emitUs=0 submitUs=3 otherUs=14 prims=0 usPerPrim=17
[FT] avgMs=16 worstMs=48 gameMs=12 drawMs=4 swapWait=0ms draws=2 decodes=0 decMs=0
[OTS] f=155400 calls=2 n0=2048 n1=16 prims=720 bb=535,742,334,385
[OTT] walkUs=17 texUs=0 emitUs=0 submitUs=3 otherUs=13 prims=0 usPerPrim=17
[FT] avgMs=16 worstMs=55 gameMs=12 drawMs=4 swapWait=0ms draws=2 decodes=0 decMs=0
[OTS] f=155520 calls=2 n0=2048 n1=28 prims=744 bb=535,742,334,385
[OTT] walkUs=139 texUs=3 emitUs=25 submitUs=14 otherUs=95 prims=6 usPerPrim=23
[FT] avgMs=16 worstMs=52 gameMs=10 drawMs=6 swapWait=0ms draws=2 decodes=0 decMs=0
[OTS] f=155640 calls=2 n0=2048 n1=28 prims=744 bb=535,742,334,385
[OTT] walkUs=165 texUs=3 emitUs=24 submitUs=106 otherUs=31 prims=6 usPerPrim=27
[SH-XBOX] vblank 169200
[MEM] tick: free=2520KB (630 pages)
[FT] avgMs=17 worstMs=61 gameMs=11 drawMs=6 swapWait=0ms draws=2 decodes=0 decMs=0
[OTS] f=155760 calls=2 n0=2048 n1=28 prims=780 bb=535,742,334,385
[OTT] walkUs=76 texUs=3 emitUs=26 submitUs=13 otherUs=32 prims=6 usPerPrim=12
[FT] avgMs=16 worstMs=50 gameMs=11 drawMs=5 swapWait=0ms draws=2 decodes=0 decMs=0
[OTS] f=155880 calls=2 n0=2048 n1=28 prims=756 bb=535,742,334,385
[OTT] walkUs=80 texUs=2 emitUs=26 submitUs=14 otherUs=35 prims=6 usPerPrim=13
[FT] avgMs=17 worstMs=58 gameMs=10 drawMs=6 swapWait=0ms draws=2 decodes=0 decMs=0
[OTS] f=156000 calls=2 n0=2048 n1=28 prims=756 bb=535,742,334,385
[OTT] walkUs=178 texUs=3 emitUs=25 submitUs=15 otherUs=134 prims=6 usPerPrim=29
[FT] avgMs=17 worstMs=60 gameMs=10 drawMs=6 swapWait=0ms draws=2 decodes=0 decMs=0
[OTS] f=156120 calls=2 n0=2048 n1=28 prims=744 bb=535,742,334,385
[OTT] walkUs=171 texUs=3 emitUs=24 submitUs=14 otherUs=129 prims=6 usPerPrim=28
[FT] avgMs=16 worstMs=49 gameMs=10 drawMs=6 swapWait=0ms draws=2 decodes=0 decMs=0
[OTS] f=156240 calls=2 n0=2048 n1=28 prims=720 bb=535,742,334,385
[OTT] walkUs=77 texUs=3 emitUs=26 submitUs=14 otherUs=33 prims=6 usPerPrim=12
[SH-XBOX] vblank 169800
[MEM] tick: free=2520KB (630 pages)
[FT] avgMs=17 worstMs=86 gameMs=10 drawMs=6 swapWait=0ms draws=2 decodes=0 decMs=0
[OTS] f=156360 calls=2 n0=2048 n1=28 prims=720 bb=535,742,334,385
[OTT] walkUs=166 texUs=3 emitUs=26 submitUs=14 otherUs=122 prims=6 usPerPrim=27
[FT] avgMs=16 worstMs=53 gameMs=10 drawMs=6 swapWait=1ms draws=2 decodes=0 decMs=0
[OTS] f=156480 calls=2 n0=2048 n1=28 prims=720 bb=535,742,334,385
[OTT] walkUs=77 texUs=3 emitUs=26 submitUs=14 otherUs=33 prims=6 usPerPrim=12
[FT] avgMs=16 worstMs=57 gameMs=11 drawMs=5 swapWait=0ms draws=2 decodes=0 decMs=0
[OTS] f=156600 calls=2 n0=2048 n1=28 prims=720 bb=535,742,334,385
[OTT] walkUs=112 texUs=2 emitUs=25 submitUs=17 otherUs=66 prims=6 usPerPrim=18
[FT] avgMs=16 worstMs=51 gameMs=13 drawMs=3 swapWait=0ms draws=2 decodes=0 decMs=0
[OTS] f=156720 calls=2 n0=2048 n1=28 prims=720 bb=535,742,334,385
[OTT] walkUs=76 texUs=3 emitUs=26 submitUs=15 otherUs=30 prims=6 usPerPrim=12
[FT] avgMs=16 worstMs=46 gameMs=13 drawMs=3 swapWait=0ms draws=2 decodes=0 decMs=0
[OTS] f=156840 calls=2 n0=2048 n1=16 prims=708 bb=535,742,334,385
[OTT] walkUs=17 texUs=0 emitUs=0 submitUs=3 otherUs=14 prims=0 usPerPrim=17
[SH-XBOX] vblank 170400
[MEM] tick: free=2520KB (630 pages)
[FT] avgMs=17 worstMs=51 gameMs=12 drawMs=4 swapWait=0ms draws=2 decodes=0 decMs=0
[OTS] f=156960 calls=2 n0=2048 n1=16 prims=684 bb=535,742,334,385
[OTT] walkUs=17 texUs=0 emitUs=0 submitUs=3 otherUs=14 prims=0 usPerPrim=17
[FT] avgMs=16 worstMs=49 gameMs=11 drawMs=5 swapWait=0ms draws=2 decodes=0 decMs=0
[OTS] f=157080 calls=2 n0=2048 n1=16 prims=696 bb=535,742,334,385
[OTT] walkUs=17 texUs=0 emitUs=0 submitUs=4 otherUs=13 prims=0 usPerPrim=17
[FT] avgMs=16 worstMs=49 gameMs=10 drawMs=6 swapWait=0ms draws=2 decodes=0 decMs=0
[OTS] f=157200 calls=2 n0=2048 n1=16 prims=696 bb=535,742,334,385
[OTT] walkUs=17 texUs=0 emitUs=0 submitUs=3 otherUs=14 prims=0 usPerPrim=17
[FT] avgMs=16 worstMs=58 gameMs=11 drawMs=5 swapWait=0ms draws=2 decodes=0 decMs=0
[OTS] f=157320 calls=2 n0=2048 n1=16 prims=696 bb=535,742,334,385
[OTT] walkUs=17 texUs=0 emitUs=0 submitUs=3 otherUs=14 prims=0 usPerPrim=17
[FT] avgMs=16 worstMs=49 gameMs=10 drawMs=6 swapWait=0ms draws=2 decodes=0 decMs=0
[OTS] f=157440 calls=2 n0=2048 n1=16 prims=696 bb=535,742,334,385
[OTT] walkUs=17 texUs=0 emitUs=0 submitUs=3 otherUs=14 prims=0 usPerPrim=17
[SH-XBOX] vblank 171000
[MEM] tick: free=2520KB (630 pages)
[FT] avgMs=17 worstMs=63 gameMs=10 drawMs=6 swapWait=1ms draws=2 decodes=0 decMs=0
[OTS] f=157560 calls=2 n0=2048 n1=16 prims=672 bb=535,742,334,385
[OTT] walkUs=17 texUs=0 emitUs=0 submitUs=3 otherUs=13 prims=0 usPerPrim=17
[FT] avgMs=16 worstMs=48 gameMs=10 drawMs=6 swapWait=0ms draws=2 decodes=0 decMs=0
[OTS] f=157680 calls=2 n0=2048 n1=16 prims=720 bb=535,742,334,385
[OTT] walkUs=17 texUs=0 emitUs=0 submitUs=3 otherUs=13 prims=0 usPerPrim=17
[FT] avgMs=16 worstMs=55 gameMs=10 drawMs=6 swapWait=0ms draws=2 decodes=0 decMs=0
[OTS] f=157800 calls=2 n0=2048 n1=16 prims=720 bb=535,742,334,385
[OTT] walkUs=17 texUs=0 emitUs=0 submitUs=3 otherUs=14 prims=0 usPerPrim=17
[FT] avgMs=16 worstMs=54 gameMs=10 drawMs=6 swapWait=0ms draws=2 decodes=0 decMs=0
[OTS] f=157920 calls=2 n0=2048 n1=16 prims=720 bb=535,742,334,385
[OTT] walkUs=17 texUs=0 emitUs=0 submitUs=3 otherUs=14 prims=0 usPerPrim=17
[FT] avgMs=17 worstMs=63 gameMs=10 drawMs=6 swapWait=0ms draws=2 decodes=0 decMs=0
[OTS] f=158040 calls=2 n0=2048 n1=16 prims=720 bb=535,742,334,385
[OTT] walkUs=17 texUs=0 emitUs=0 submitUs=2 otherUs=14 prims=0 usPerPrim=17
[SH-XBOX] vblank 171600
[MEM] tick: free=2520KB (630 pages)
[FT] avgMs=17 worstMs=58 gameMs=11 drawMs=5 swapWait=0ms draws=2 decodes=0 decMs=0
[OTS] f=158160 calls=2 n0=2048 n1=28 prims=744 bb=535,742,334,385
[OTT] walkUs=259 texUs=3 emitUs=25 submitUs=65 otherUs=164 prims=6 usPerPrim=43
[FT] avgMs=16 worstMs=53 gameMs=13 drawMs=3 swapWait=0ms draws=2 decodes=0 decMs=0
[OTS] f=158280 calls=2 n0=2048 n1=28 prims=744 bb=535,742,334,385
[OTT] walkUs=233 texUs=3 emitUs=24 submitUs=15 otherUs=189 prims=6 usPerPrim=38
[FT] avgMs=16 worstMs=48 gameMs=13 drawMs=3 swapWait=0ms draws=2 decodes=0 decMs=0
[OTS] f=158400 calls=2 n0=2048 n1=28 prims=744 bb=535,742,334,385
[OTT] walkUs=75 texUs=2 emitUs=26 submitUs=13 otherUs=31 prims=6 usPerPrim=12
[FT] avgMs=16 worstMs=20 gameMs=12 drawMs=4 swapWait=0ms draws=2 decodes=0 decMs=0
[OTS] f=158520 calls=2 n0=2048 n1=28 prims=720 bb=535,742,334,385
[OTT] walkUs=79 texUs=3 emitUs=25 submitUs=15 otherUs=35 prims=6 usPerPrim=13
[FT] avgMs=16 worstMs=49 gameMs=11 drawMs=5 swapWait=0ms draws=2 decodes=0 decMs=0
[OTS] f=158640 calls=2 n0=2048 n1=28 prims=756 bb=535,742,334,385
[OTT] walkUs=79 texUs=3 emitUs=27 submitUs=15 otherUs=34 prims=6 usPerPrim=13
[SH-XBOX] vblank 172200
[MEM] tick: free=2520KB (630 pages)
[FT] avgMs=17 worstMs=50 gameMs=11 drawMs=6 swapWait=0ms draws=2 decodes=0 decMs=0
[OTS] f=158760 calls=2 n0=2048 n1=28 prims=768 bb=535,742,334,385
[OTT] walkUs=76 texUs=3 emitUs=26 submitUs=15 otherUs=30 prims=6 usPerPrim=12
[FT] avgMs=16 worstMs=60 gameMs=10 drawMs=6 swapWait=0ms draws=2 decodes=0 decMs=0
[OTS] f=158880 calls=2 n0=2048 n1=28 prims=744 bb=535,742,334,385
[OTT] walkUs=175 texUs=3 emitUs=26 submitUs=14 otherUs=130 prims=6 usPerPrim=29
[FT] avgMs=16 worstMs=52 gameMs=10 drawMs=6 swapWait=1ms draws=2 decodes=0 decMs=0
[OTS] f=159000 calls=2 n0=2048 n1=28 prims=744 bb=535,742,334,385
[OTT] walkUs=80 texUs=3 emitUs=29 submitUs=14 otherUs=33 prims=6 usPerPrim=13
[FT] avgMs=16 worstMs=54 gameMs=10 drawMs=6 swapWait=1ms draws=2 decodes=0 decMs=0
[OTS] f=159120 calls=2 n0=2048 n1=28 prims=732 bb=535,742,334,385
[OTT] walkUs=77 texUs=3 emitUs=25 submitUs=14 otherUs=34 prims=6 usPerPrim=12
[FT] avgMs=16 worstMs=56 gameMs=10 drawMs=6 swapWait=0ms draws=2 decodes=0 decMs=0
[OTS] f=159240 calls=2 n0=2048 n1=28 prims=720 bb=535,742,334,385
[OTT] walkUs=192 texUs=2 emitUs=26 submitUs=14 otherUs=147 prims=6 usPerPrim=32
[SH-XBOX] vblank 172800
[MEM] tick: free=2520KB (630 pages)
[FT] avgMs=17 worstMs=53 gameMs=10 drawMs=6 swapWait=0ms draws=2 decodes=0 decMs=0
[OTS] f=159360 calls=2 n0=2048 n1=28 prims=720 bb=535,742,334,385
[OTT] walkUs=113 texUs=3 emitUs=24 submitUs=14 otherUs=71 prims=6 usPerPrim=18
[FT] avgMs=17 worstMs=62 gameMs=10 drawMs=6 swapWait=1ms draws=2 decodes=0 decMs=0
[OTS] f=159480 calls=2 n0=2048 n1=28 prims=720 bb=535,742,334,385
[OTT] walkUs=265 texUs=3 emitUs=26 submitUs=15 otherUs=220 prims=6 usPerPrim=44
[FT] avgMs=16 worstMs=53 gameMs=10 drawMs=6 swapWait=0ms draws=2 decodes=0 decMs=0
[OTS] f=159600 calls=2 n0=2048 n1=28 prims=720 bb=535,742,334,385
[OTT] walkUs=207 texUs=3 emitUs=25 submitUs=15 otherUs=162 prims=6 usPerPrim=34
[FT] avgMs=16 worstMs=56 gameMs=11 drawMs=5 swapWait=0ms draws=2 decodes=0 decMs=0
[OTS] f=159720 calls=2 n0=2048 n1=16 prims=708 bb=535,742,334,385
[OTT] walkUs=22 texUs=0 emitUs=0 submitUs=4 otherUs=18 prims=0 usPerPrim=22
[FT] avgMs=16 worstMs=49 gameMs=13 drawMs=3 swapWait=0ms draws=2 decodes=0 decMs=0
[OTS] f=159840 calls=2 n0=2048 n1=16 prims=696 bb=535,742,334,385
[OTT] walkUs=17 texUs=0 emitUs=0 submitUs=3 otherUs=13 prims=0 usPerPrim=17
[SH-XBOX] vblank 173400
[MEM] tick: free=2520KB (630 pages)
[FT] avgMs=17 worstMs=60 gameMs=13 drawMs=4 swapWait=0ms draws=2 decodes=0 decMs=0
[OTS] f=159960 calls=2 n0=2048 n1=16 prims=672 bb=535,742,334,385
[OTT] walkUs=17 texUs=0 emitUs=0 submitUs=3 otherUs=14 prims=0 usPerPrim=17
[FT] avgMs=16 worstMs=53 gameMs=12 drawMs=4 swapWait=0ms draws=2 decodes=0 decMs=0
[OTS] f=160080 calls=2 n0=2048 n1=16 prims=696 bb=535,742,334,385
[OTT] walkUs=17 texUs=0 emitUs=0 submitUs=3 otherUs=14 prims=0 usPerPrim=17
[FT] avgMs=16 worstMs=48 gameMs=11 drawMs=5 swapWait=0ms draws=2 decodes=0 decMs=0
[OTS] f=160200 calls=2 n0=2048 n1=16 prims=696 bb=535,742,334,385
[OTT] walkUs=17 texUs=0 emitUs=0 submitUs=3 otherUs=14 prims=0 usPerPrim=17
[FT] avgMs=16 worstMs=60 gameMs=10 drawMs=5 swapWait=0ms draws=2 decodes=0 decMs=0
[OTS] f=160320 calls=2 n0=2048 n1=16 prims=696 bb=535,742,334,385
[OTT] walkUs=17 texUs=0 emitUs=0 submitUs=3 otherUs=14 prims=0 usPerPrim=17
[FT] avgMs=16 worstMs=60 gameMs=11 drawMs=5 swapWait=0ms draws=2 decodes=0 decMs=0
[OTS] f=160440 calls=2 n0=2048 n1=16 prims=696 bb=535,742,334,385
[OTT] walkUs=17 texUs=0 emitUs=0 submitUs=3 otherUs=13 prims=0 usPerPrim=17
[SH-XBOX] vblank 174000
[MEM] tick: free=2520KB (630 pages)
[FT] avgMs=16 worstMs=60 gameMs=10 drawMs=6 swapWait=0ms draws=2 decodes=0 decMs=0
[OTS] f=160560 calls=2 n0=2048 n1=16 prims=708 bb=535,742,334,385
[OTT] walkUs=17 texUs=0 emitUs=0 submitUs=3 otherUs=13 prims=0 usPerPrim=17
[FT] avgMs=16 worstMs=59 gameMs=10 drawMs=6 swapWait=1ms draws=2 decodes=0 decMs=0
[OTS] f=160680 calls=2 n0=2048 n1=16 prims=732 bb=535,742,334,385
[OTT] walkUs=17 texUs=0 emitUs=0 submitUs=3 otherUs=14 prims=0 usPerPrim=17
[FT] avgMs=16 worstMs=50 gameMs=10 drawMs=6 swapWait=0ms draws=2 decodes=0 decMs=0
[OTS] f=160800 calls=2 n0=2048 n1=16 prims=720 bb=535,742,334,385
[OTT] walkUs=17 texUs=0 emitUs=0 submitUs=4 otherUs=13 prims=0 usPerPrim=17
[FT] avgMs=17 worstMs=60 gameMs=10 drawMs=6 swapWait=0ms draws=2 decodes=0 decMs=0
[OTS] f=160920 calls=2 n0=2048 n1=16 prims=720 bb=535,742,334,385
[OTT] walkUs=17 texUs=0 emitUs=0 submitUs=3 otherUs=13 prims=0 usPerPrim=17
[FT] avgMs=16 worstMs=48 gameMs=10 drawMs=6 swapWait=0ms draws=2 decodes=0 decMs=0
[OTS] f=161040 calls=2 n0=2048 n1=16 prims=720 bb=535,742,334,385
[OTT] walkUs=17 texUs=0 emitUs=0 submitUs=3 otherUs=14 prims=0 usPerPrim=17
[SH-XBOX] vblank 174600
[MEM] tick: free=2520KB (630 pages)
[FT] avgMs=17 worstMs=63 gameMs=11 drawMs=6 swapWait=0ms draws=2 decodes=0 decMs=0
[OTS] f=161160 calls=2 n0=2048 n1=28 prims=768 bb=535,742,334,385
[OTT] walkUs=265 texUs=3 emitUs=26 submitUs=14 otherUs=221 prims=6 usPerPrim=44
[FT] avgMs=16 worstMs=57 gameMs=11 drawMs=5 swapWait=0ms draws=2 decodes=0 decMs=0
[OTS] f=161280 calls=2 n0=2048 n1=28 prims=744 bb=535,742,334,385
[OTT] walkUs=103 texUs=3 emitUs=26 submitUs=15 otherUs=57 prims=6 usPerPrim=17
[FT] avgMs=16 worstMs=50 gameMs=13 drawMs=3 swapWait=0ms draws=2 decodes=0 decMs=0
[OTS] f=161400 calls=2 n0=2048 n1=28 prims=744 bb=535,742,334,385
[OTT] walkUs=107 texUs=3 emitUs=26 submitUs=14 otherUs=63 prims=6 usPerPrim=17
[FT] avgMs=16 worstMs=44 gameMs=12 drawMs=4 swapWait=0ms draws=2 decodes=0 decMs=0
[OTS] f=161520 calls=2 n0=2048 n1=28 prims=732 bb=535,742,334,385
[OTT] walkUs=77 texUs=3 emitUs=25 submitUs=14 otherUs=33 prims=6 usPerPrim=12
[FT] avgMs=16 worstMs=48 gameMs=12 drawMs=4 swapWait=0ms draws=2 decodes=0 decMs=0
[OTS] f=161640 calls=2 n0=2048 n1=28 prims=744 bb=535,742,334,385
[OTT] walkUs=101 texUs=3 emitUs=26 submitUs=16 otherUs=56 prims=6 usPerPrim=16
[SH-XBOX] vblank 175200
[MEM] tick: free=2520KB (630 pages)
[FT] avgMs=17 worstMs=57 gameMs=11 drawMs=5 swapWait=0ms draws=2 decodes=0 decMs=0
[OTS] f=161760 calls=2 n0=2048 n1=28 prims=768 bb=535,742,334,385
[OTT] walkUs=242 texUs=3 emitUs=26 submitUs=14 otherUs=197 prims=6 usPerPrim=40
[FT] avgMs=16 worstMs=55 gameMs=10 drawMs=5 swapWait=0ms draws=2 decodes=0 decMs=0
[OTS] f=161880 calls=2 n0=2048 n1=28 prims=732 bb=535,742,334,385
[OTT] walkUs=224 texUs=3 emitUs=26 submitUs=15 otherUs=178 prims=6 usPerPrim=37
[FT] avgMs=16 worstMs=52 gameMs=11 drawMs=5 swapWait=0ms draws=2 decodes=0 decMs=0
[OTS] f=162000 calls=2 n0=2048 n1=28 prims=720 bb=535,742,334,385
[OTT] walkUs=76 texUs=3 emitUs=26 submitUs=14 otherUs=33 prims=6 usPerPrim=12
[FT] avgMs=16 worstMs=56 gameMs=10 drawMs=6 swapWait=1ms draws=2 decodes=0 decMs=0
[OTS] f=162120 calls=2 n0=2048 n1=28 prims=720 bb=535,742,334,385
[OTT] walkUs=79 texUs=3 emitUs=26 submitUs=15 otherUs=34 prims=6 usPerPrim=13
[FT] avgMs=16 worstMs=53 gameMs=10 drawMs=6 swapWait=0ms draws=2 decodes=0 decMs=0
[OTS] f=162240 calls=2 n0=2048 n1=28 prims=720 bb=535,742,334,385
[OTT] walkUs=78 texUs=2 emitUs=29 submitUs=14 otherUs=32 prims=6 usPerPrim=13
[SH-XBOX] vblank 175800
[MEM] tick: free=2520KB (630 pages)
[FT] avgMs=17 worstMs=61 gameMs=11 drawMs=6 swapWait=0ms draws=2 decodes=0 decMs=0
[OTS] f=162360 calls=2 n0=2048 n1=28 prims=720 bb=535,742,334,385
[OTT] walkUs=323 texUs=3 emitUs=27 submitUs=14 otherUs=278 prims=6 usPerPrim=53
[FT] avgMs=16 worstMs=50 gameMs=10 drawMs=6 swapWait=0ms draws=2 decodes=0 decMs=0
[OTS] f=162480 calls=2 n0=2048 n1=16 prims=708 bb=535,742,334,385
[OTT] walkUs=17 texUs=0 emitUs=0 submitUs=3 otherUs=14 prims=0 usPerPrim=17
[FT] avgMs=16 worstMs=24 gameMs=10 drawMs=6 swapWait=0ms draws=2 decodes=0 decMs=0
[OTS] f=162600 calls=2 n0=2048 n1=16 prims=720 bb=535,742,334,385
[OTT] walkUs=17 texUs=0 emitUs=0 submitUs=3 otherUs=14 prims=0 usPerPrim=17
[FT] avgMs=16 worstMs=52 gameMs=10 drawMs=6 swapWait=0ms draws=2 decodes=0 decMs=0
[OTS] f=162720 calls=2 n0=2048 n1=16 prims=696 bb=535,742,334,385
[OTT] walkUs=17 texUs=0 emitUs=0 submitUs=3 otherUs=14 prims=0 usPerPrim=17
[FT] avgMs=17 worstMs=60 gameMs=11 drawMs=5 swapWait=0ms draws=2 decodes=0 decMs=0
[OTS] f=162840 calls=2 n0=2048 n1=16 prims=684 bb=535,742,334,385
[OTT] walkUs=17 texUs=0 emitUs=0 submitUs=3 otherUs=14 prims=0 usPerPrim=17
[SH-XBOX] vblank 176400
[MEM] tick: free=2520KB (630 pages)
[FT] avgMs=17 worstMs=49 gameMs=13 drawMs=3 swapWait=0ms draws=2 decodes=0 decMs=0
[OTS] f=162960 calls=2 n0=2048 n1=16 prims=684 bb=535,742,334,385
[OTT] walkUs=17 texUs=0 emitUs=0 submitUs=3 otherUs=14 prims=0 usPerPrim=17
[FT] avgMs=16 worstMs=45 gameMs=12 drawMs=4 swapWait=1ms draws=2 decodes=0 decMs=0
[OTS] f=163080 calls=2 n0=2048 n1=16 prims=708 bb=535,742,334,385
[OTT] walkUs=17 texUs=0 emitUs=0 submitUs=3 otherUs=13 prims=0 usPerPrim=17
[FT] avgMs=16 worstMs=49 gameMs=12 drawMs=4 swapWait=0ms draws=2 decodes=0 decMs=0
[OTS] f=163200 calls=2 n0=2048 n1=16 prims=696 bb=535,742,334,385
[OTT] walkUs=17 texUs=0 emitUs=0 submitUs=4 otherUs=13 prims=0 usPerPrim=17
[FT] avgMs=16 worstMs=60 gameMs=11 drawMs=5 swapWait=0ms draws=2 decodes=0 decMs=0
[OTS] f=163320 calls=2 n0=2048 n1=16 prims=696 bb=535,742,334,385
[OTT] walkUs=17 texUs=0 emitUs=0 submitUs=3 otherUs=14 prims=0 usPerPrim=17
[FT] avgMs=16 worstMs=59 gameMs=10 drawMs=5 swapWait=0ms draws=2 decodes=0 decMs=0
[OTS] f=163440 calls=2 n0=2048 n1=16 prims=696 bb=535,742,334,385
[OTT] walkUs=17 texUs=0 emitUs=0 submitUs=3 otherUs=13 prims=0 usPerPrim=17
[SH-XBOX] vblank 177000
[MEM] tick: free=2520KB (630 pages)
[FT] avgMs=17 worstMs=51 gameMs=11 drawMs=5 swapWait=0ms draws=2 decodes=0 decMs=0
[OTS] f=163560 calls=2 n0=2048 n1=16 prims=708 bb=535,742,334,385
[OTT] walkUs=17 texUs=0 emitUs=0 submitUs=3 otherUs=13 prims=0 usPerPrim=17
[FT] avgMs=17 worstMs=61 gameMs=10 drawMs=6 swapWait=0ms draws=2 decodes=0 decMs=0
[OTS] f=163680 calls=2 n0=2048 n1=16 prims=708 bb=535,742,334,385
[OTT] walkUs=17 texUs=0 emitUs=0 submitUs=3 otherUs=13 prims=0 usPerPrim=17
[FT] avgMs=17 worstMs=63 gameMs=10 drawMs=6 swapWait=0ms draws=2 decodes=0 decMs=0
[OTS] f=163800 calls=2 n0=2048 n1=16 prims=720 bb=535,742,334,385
[OTT] walkUs=17 texUs=0 emitUs=0 submitUs=4 otherUs=13 prims=0 usPerPrim=17
[FT] avgMs=16 worstMs=47 gameMs=10 drawMs=6 swapWait=0ms draws=2 decodes=0 decMs=0
[OTS] f=163920 calls=2 n0=2048 n1=16 prims=720 bb=535,742,334,385
[OTT] walkUs=17 texUs=0 emitUs=0 submitUs=3 otherUs=14 prims=0 usPerPrim=17
[FT] avgMs=16 worstMs=56 gameMs=10 drawMs=6 swapWait=0ms draws=2 decodes=0 decMs=0
[OTS] f=164040 calls=2 n0=2048 n1=28 prims=744 bb=535,742,334,385
[OTT] walkUs=307 texUs=2 emitUs=31 submitUs=404 otherUs=0 prims=6 usPerPrim=51
[SH-XBOX] vblank 177600
[MEM] tick: free=2520KB (630 pages)
[FT] avgMs=17 worstMs=53 gameMs=10 drawMs=6 swapWait=0ms draws=2 decodes=0 decMs=0
[OTS] f=164160 calls=2 n0=2048 n1=28 prims=768 bb=535,742,334,385
[OTT] walkUs=74 texUs=2 emitUs=25 submitUs=14 otherUs=32 prims=6 usPerPrim=12
[FT] avgMs=17 worstMs=62 gameMs=10 drawMs=6 swapWait=0ms draws=2 decodes=0 decMs=0
[OTS] f=164280 calls=2 n0=2048 n1=28 prims=756 bb=535,742,334,385
[OTT] walkUs=258 texUs=3 emitUs=25 submitUs=15 otherUs=213 prims=6 usPerPrim=43
[FT] avgMs=16 worstMs=50 gameMs=11 drawMs=5 swapWait=0ms draws=2 decodes=0 decMs=0
[OTS] f=164400 calls=2 n0=2048 n1=28 prims=744 bb=535,742,334,385
[OTT] walkUs=75 texUs=3 emitUs=25 submitUs=15 otherUs=31 prims=6 usPerPrim=12
[FT] avgMs=17 worstMs=77 gameMs=13 drawMs=3 swapWait=0ms draws=2 decodes=0 decMs=0
[OTS] f=164520 calls=2 n0=2048 n1=28 prims=756 bb=535,742,334,385
[OTT] walkUs=75 texUs=3 emitUs=25 submitUs=16 otherUs=29 prims=6 usPerPrim=12
[FT] avgMs=16 worstMs=20 gameMs=12 drawMs=4 swapWait=1ms draws=2 decodes=0 decMs=0
[OTS] f=164640 calls=2 n0=2048 n1=28 prims=720 bb=535,742,334,385
[OTT] walkUs=332 texUs=3 emitUs=26 submitUs=15 otherUs=286 prims=6 usPerPrim=55
[SH-XBOX] vblank 178200
[MEM] tick: free=2520KB (630 pages)
[FT] avgMs=16 worstMs=47 gameMs=12 drawMs=3 swapWait=0ms draws=2 decodes=0 decMs=0
[OTS] f=164760 calls=2 n0=2048 n1=28 prims=744 bb=535,742,334,385
[OTT] walkUs=335 texUs=2 emitUs=26 submitUs=157 otherUs=148 prims=6 usPerPrim=55
[FT] avgMs=16 worstMs=54 gameMs=11 drawMs=5 swapWait=0ms draws=2 decodes=0 decMs=0
[OTS] f=164880 calls=2 n0=2048 n1=28 prims=732 bb=535,742,334,385
[OTT] walkUs=76 texUs=3 emitUs=24 submitUs=15 otherUs=32 prims=6 usPerPrim=12
[FT] avgMs=16 worstMs=58 gameMs=11 drawMs=5 swapWait=0ms draws=2 decodes=0 decMs=0
[OTS] f=165000 calls=2 n0=2048 n1=28 prims=720 bb=535,742,334,385
[OTT] walkUs=81 texUs=3 emitUs=26 submitUs=15 otherUs=35 prims=6 usPerPrim=13
[FT] avgMs=16 worstMs=53 gameMs=11 drawMs=5 swapWait=0ms draws=2 decodes=0 decMs=0
[OTS] f=165120 calls=2 n0=2048 n1=28 prims=720 bb=535,742,334,385
[OTT] walkUs=80 texUs=3 emitUs=26 submitUs=15 otherUs=35 prims=6 usPerPrim=13
[FT] avgMs=17 worstMs=62 gameMs=10 drawMs=6 swapWait=0ms draws=2 decodes=0 decMs=0
[OTS] f=165240 calls=2 n0=2048 n1=28 prims=720 bb=535,742,334,385
[OTT] walkUs=75 texUs=3 emitUs=24 submitUs=15 otherUs=32 prims=6 usPerPrim=12
[SH-XBOX] vblank 178800
[MEM] tick: free=2520KB (630 pages)
[FT] avgMs=17 worstMs=61 gameMs=10 drawMs=7 swapWait=0ms draws=2 decodes=0 decMs=0
[OTS] f=165360 calls=2 n0=2048 n1=16 prims=708 bb=535,742,334,385
[OTT] walkUs=17 texUs=0 emitUs=0 submitUs=3 otherUs=13 prims=0 usPerPrim=17
[FT] avgMs=16 worstMs=52 gameMs=10 drawMs=6 swapWait=0ms draws=2 decodes=0 decMs=0
[OTS] f=165480 calls=2 n0=2048 n1=16 prims=696 bb=535,742,334,385
[OTT] walkUs=17 texUs=0 emitUs=0 submitUs=3 otherUs=14 prims=0 usPerPrim=17
[FT] avgMs=16 worstMs=59 gameMs=10 drawMs=6 swapWait=0ms draws=2 decodes=0 decMs=0
[OTS] f=165600 calls=2 n0=2048 n1=16 prims=696 bb=535,742,334,385
[OTT] walkUs=17 texUs=0 emitUs=0 submitUs=3 otherUs=14 prims=0 usPerPrim=17
[FT] avgMs=16 worstMs=51 gameMs=10 drawMs=6 swapWait=0ms draws=2 decodes=0 decMs=0
[OTS] f=165720 calls=2 n0=2048 n1=16 prims=696 bb=535,742,334,385
[OTT] walkUs=17 texUs=0 emitUs=0 submitUs=3 otherUs=14 prims=0 usPerPrim=17
[FT] avgMs=16 worstMs=50 gameMs=10 drawMs=6 swapWait=0ms draws=2 decodes=0 decMs=0
[OTS] f=165840 calls=2 n0=2048 n1=16 prims=696 bb=535,742,334,385
[OTT] walkUs=17 texUs=0 emitUs=0 submitUs=5 otherUs=12 prims=0 usPerPrim=17
[SH-XBOX] vblank 179400
[MEM] tick: free=2520KB (630 pages)
[FT] avgMs=17 worstMs=58 gameMs=11 drawMs=5 swapWait=0ms draws=2 decodes=0 decMs=0
[OTS] f=165960 calls=2 n0=2048 n1=16 prims=672 bb=535,742,334,385
[OTT] walkUs=17 texUs=0 emitUs=0 submitUs=3 otherUs=14 prims=0 usPerPrim=17
[FT] avgMs=16 worstMs=48 gameMs=13 drawMs=3 swapWait=0ms draws=2 decodes=0 decMs=0
[OTS] f=166080 calls=2 n0=2048 n1=16 prims=696 bb=535,742,334,385
[OTT] walkUs=17 texUs=0 emitUs=0 submitUs=2 otherUs=14 prims=0 usPerPrim=17
[FT] avgMs=16 worstMs=56 gameMs=12 drawMs=4 swapWait=0ms draws=2 decodes=0 decMs=0
[OTS] f=166200 calls=2 n0=2048 n1=16 prims=708 bb=535,742,334,385
[OTT] walkUs=17 texUs=0 emitUs=0 submitUs=3 otherUs=14 prims=0 usPerPrim=17
[FT] avgMs=16 worstMs=52 gameMs=13 drawMs=3 swapWait=0ms draws=2 decodes=0 decMs=0
[OTS] f=166320 calls=2 n0=2048 n1=16 prims=720 bb=535,742,334,385
[OTT] walkUs=17 texUs=0 emitUs=0 submitUs=3 otherUs=13 prims=0 usPerPrim=17
[FT] avgMs=17 worstMs=50 gameMs=11 drawMs=5 swapWait=0ms draws=2 decodes=0 decMs=0
[OTS] f=166440 calls=2 n0=2048 n1=16 prims=720 bb=535,742,334,385
[OTT] walkUs=17 texUs=0 emitUs=0 submitUs=3 otherUs=14 prims=0 usPerPrim=17
[SH-XBOX] vblank 180000
[MEM] tick: free=2520KB (630 pages)
[FT] avgMs=17 worstMs=62 gameMs=11 drawMs=5 swapWait=0ms draws=2 decodes=0 decMs=0
[OTS] f=166560 calls=2 n0=2048 n1=16 prims=720 bb=535,742,334,385
[OTT] walkUs=17 texUs=0 emitUs=0 submitUs=3 otherUs=14 prims=0 usPerPrim=17
[FT] avgMs=17 worstMs=61 gameMs=11 drawMs=6 swapWait=0ms draws=2 decodes=0 decMs=0
[OTS] f=166680 calls=2 n0=2048 n1=28 prims=732 bb=535,742,334,385
[OTT] walkUs=105 texUs=3 emitUs=26 submitUs=14 otherUs=61 prims=6 usPerPrim=17
[FT] avgMs=16 worstMs=22 gameMs=10 drawMs=6 swapWait=0ms draws=2 decodes=0 decMs=0
[OTS] f=166800 calls=2 n0=2048 n1=28 prims=720 bb=535,742,334,385
[OTT] walkUs=220 texUs=3 emitUs=26 submitUs=157 otherUs=32 prims=6 usPerPrim=36
[FT] avgMs=16 worstMs=60 gameMs=9 drawMs=7 swapWait=0ms draws=2 decodes=0 decMs=0
[OTS] f=166920 calls=2 n0=2048 n1=28 prims=744 bb=535,742,334,385
[OTT] walkUs=77 texUs=3 emitUs=26 submitUs=14 otherUs=33 prims=6 usPerPrim=12
[FT] avgMs=16 worstMs=51 gameMs=10 drawMs=6 swapWait=0ms draws=2 decodes=0 decMs=0
[OTS] f=167040 calls=2 n0=2048 n1=28 prims=744 bb=535,742,334,385
[OTT] walkUs=242 texUs=3 emitUs=24 submitUs=183 otherUs=32 prims=6 usPerPrim=40
[SH-XBOX] vblank 180600
[MEM] tick: free=2520KB (630 pages)
[FT] avgMs=17 worstMs=61 gameMs=11 drawMs=6 swapWait=1ms draws=2 decodes=0 decMs=0
[OTS] f=167160 calls=2 n0=2048 n1=28 prims=768 bb=535,742,334,385
[OTT] walkUs=210 texUs=2 emitUs=26 submitUs=14 otherUs=166 prims=6 usPerPrim=35
[FT] avgMs=16 worstMs=57 gameMs=10 drawMs=6 swapWait=1ms draws=2 decodes=0 decMs=0
[OTS] f=167280 calls=2 n0=2048 n1=28 prims=744 bb=535,742,334,385
[OTT] walkUs=84 texUs=3 emitUs=25 submitUs=14 otherUs=41 prims=6 usPerPrim=14
[FT] avgMs=16 worstMs=52 gameMs=10 drawMs=6 swapWait=0ms draws=2 decodes=0 decMs=0
[OTS] f=167400 calls=2 n0=2048 n1=28 prims=744 bb=535,742,334,385
[OTT] walkUs=133 texUs=3 emitUs=26 submitUs=15 otherUs=87 prims=6 usPerPrim=22
[FT] avgMs=17 worstMs=63 gameMs=11 drawMs=5 swapWait=0ms draws=2 decodes=0 decMs=0
[OTS] f=167520 calls=2 n0=2048 n1=28 prims=756 bb=535,742,334,385
[OTT] walkUs=169 texUs=3 emitUs=26 submitUs=17 otherUs=121 prims=6 usPerPrim=28
[FT] avgMs=16 worstMs=56 gameMs=13 drawMs=3 swapWait=0ms draws=2 decodes=0 decMs=0
[OTS] f=167640 calls=2 n0=2048 n1=28 prims=732 bb=535,742,334,385
[OTT] walkUs=194 texUs=3 emitUs=25 submitUs=19 otherUs=145 prims=6 usPerPrim=32
[SH-XBOX] vblank 181200
[MEM] tick: free=2520KB (630 pages)
[FT] avgMs=17 worstMs=54 gameMs=12 drawMs=4 swapWait=0ms draws=2 decodes=0 decMs=0
[OTS] f=167760 calls=2 n0=2048 n1=28 prims=720 bb=535,742,334,385
[OTT] walkUs=79 texUs=3 emitUs=26 submitUs=14 otherUs=34 prims=6 usPerPrim=13
[FT] avgMs=16 worstMs=47 gameMs=13 drawMs=3 swapWait=0ms draws=2 decodes=0 decMs=0
[OTS] f=167880 calls=2 n0=2048 n1=28 prims=720 bb=535,742,334,385
[OTT] walkUs=75 texUs=3 emitUs=25 submitUs=15 otherUs=31 prims=6 usPerPrim=12
[FT] avgMs=16 worstMs=57 gameMs=11 drawMs=5 swapWait=0ms draws=2 decodes=0 decMs=0
[OTS] f=168000 calls=2 n0=2048 n1=28 prims=720 bb=535,742,334,385
[OTT] walkUs=321 texUs=2 emitUs=26 submitUs=14 otherUs=277 prims=6 usPerPrim=53
[FT] avgMs=16 worstMs=57 gameMs=11 drawMs=5 swapWait=0ms draws=2 decodes=0 decMs=0
[OTS] f=168120 calls=2 n0=2048 n1=28 prims=720 bb=535,742,334,385
[OTT] walkUs=202 texUs=3 emitUs=26 submitUs=14 otherUs=157 prims=6 usPerPrim=33
[FT] avgMs=16 worstMs=50 gameMs=10 drawMs=5 swapWait=0ms draws=2 decodes=0 decMs=0
[OTS] f=168240 calls=2 n0=2048 n1=16 prims=708 bb=535,742,334,385
[OTT] walkUs=17 texUs=0 emitUs=0 submitUs=3 otherUs=13 prims=0 usPerPrim=17
[SH-XBOX] vblank 181800
[MEM] tick: free=2520KB (630 pages)
[FT] avgMs=17 worstMs=62 gameMs=11 drawMs=6 swapWait=0ms draws=2 decodes=0 decMs=0
[OTS] f=168360 calls=2 n0=2048 n1=16 prims=660 bb=535,742,334,385
[OTT] walkUs=17 texUs=0 emitUs=0 submitUs=3 otherUs=13 prims=0 usPerPrim=17
[FT] avgMs=17 worstMs=61 gameMs=10 drawMs=7 swapWait=1ms draws=2 decodes=0 decMs=0
[OTS] f=168480 calls=2 n0=2048 n1=16 prims=684 bb=535,742,334,385
[OTT] walkUs=17 texUs=0 emitUs=0 submitUs=3 otherUs=13 prims=0 usPerPrim=17
[FT] avgMs=16 worstMs=61 gameMs=10 drawMs=6 swapWait=0ms draws=2 decodes=0 decMs=0
[OTS] f=168600 calls=2 n0=2048 n1=16 prims=696 bb=535,742,334,385
[OTT] walkUs=17 texUs=0 emitUs=0 submitUs=3 otherUs=13 prims=0 usPerPrim=17
[FT] avgMs=16 worstMs=55 gameMs=10 drawMs=6 swapWait=0ms draws=2 decodes=0 decMs=0
[OTS] f=168720 calls=2 n0=2048 n1=16 prims=696 bb=535,742,334,385
[OTT] walkUs=17 texUs=0 emitUs=0 submitUs=3 otherUs=13 prims=0 usPerPrim=17
[FT] avgMs=16 worstMs=24 gameMs=10 drawMs=6 swapWait=0ms draws=2 decodes=0 decMs=0
[OTS] f=168840 calls=2 n0=2048 n1=16 prims=720 bb=535,742,334,385
[OTT] walkUs=17 texUs=0 emitUs=0 submitUs=3 otherUs=13 prims=0 usPerPrim=17
[SH-XBOX] vblank 182400
[MEM] tick: free=2520KB (630 pages)
[FT] avgMs=17 worstMs=59 gameMs=11 drawMs=6 swapWait=1ms draws=2 decodes=0 decMs=0
[OTS] f=168960 calls=2 n0=2048 n1=16 prims=684 bb=535,742,334,385
[OTT] walkUs=17 texUs=0 emitUs=0 submitUs=3 otherUs=14 prims=0 usPerPrim=17
[FT] avgMs=16 worstMs=58 gameMs=11 drawMs=5 swapWait=0ms draws=2 decodes=0 decMs=0
[OTS] f=169080 calls=2 n0=2048 n1=16 prims=720 bb=535,742,334,385
[OTT] walkUs=17 texUs=0 emitUs=0 submitUs=6 otherUs=10 prims=0 usPerPrim=17
[FT] avgMs=16 worstMs=45 gameMs=13 drawMs=3 swapWait=0ms draws=2 decodes=0 decMs=0
[OTS] f=169200 calls=2 n0=2048 n1=16 prims=720 bb=535,742,334,385
[OTT] walkUs=17 texUs=0 emitUs=0 submitUs=3 otherUs=14 prims=0 usPerPrim=17
[FT] avgMs=16 worstMs=47 gameMs=12 drawMs=4 swapWait=0ms draws=2 decodes=0 decMs=0
[OTS] f=169320 calls=2 n0=2048 n1=16 prims=720 bb=535,742,334,385
[OTT] walkUs=18 texUs=0 emitUs=0 submitUs=3 otherUs=14 prims=0 usPerPrim=18
[FT] avgMs=16 worstMs=54 gameMs=13 drawMs=3 swapWait=0ms draws=2 decodes=0 decMs=0
[OTS] f=169440 calls=2 n0=2048 n1=16 prims=720 bb=535,742,334,385
[OTT] walkUs=17 texUs=0 emitUs=0 submitUs=3 otherUs=13 prims=0 usPerPrim=17
[SH-XBOX] vblank 183000
[MEM] tick: free=2520KB (630 pages)
[FT] avgMs=17 worstMs=55 gameMs=11 drawMs=5 swapWait=0ms draws=2 decodes=0 decMs=0
[OTS] f=169560 calls=2 n0=2048 n1=16 prims=720 bb=535,742,334,385
[OTT] walkUs=17 texUs=0 emitUs=0 submitUs=3 otherUs=14 prims=0 usPerPrim=17
[FT] avgMs=16 worstMs=49 gameMs=11 drawMs=5 swapWait=0ms draws=2 decodes=0 decMs=0
[OTS] f=169680 calls=2 n0=2048 n1=28 prims=744 bb=535,742,334,385
[OTT] walkUs=113 texUs=3 emitUs=26 submitUs=13 otherUs=69 prims=6 usPerPrim=18
[FT] avgMs=16 worstMs=57 gameMs=10 drawMs=5 swapWait=0ms draws=2 decodes=0 decMs=0
[OTS] f=169800 calls=2 n0=2048 n1=28 prims=744 bb=535,742,334,385
[OTT] walkUs=198 texUs=3 emitUs=25 submitUs=13 otherUs=155 prims=6 usPerPrim=33
[FT] avgMs=16 worstMs=58 gameMs=10 drawMs=6 swapWait=0ms draws=2 decodes=0 decMs=0
[OTS] f=169920 calls=2 n0=2048 n1=28 prims=744 bb=535,742,334,385
[OTT] walkUs=118 texUs=3 emitUs=26 submitUs=14 otherUs=74 prims=6 usPerPrim=19
[FT] avgMs=17 worstMs=63 gameMs=10 drawMs=7 swapWait=0ms draws=2 decodes=0 decMs=0
[OTS] f=170040 calls=2 n0=2048 n1=28 prims=756 bb=535,742,334,385
[OTT] walkUs=116 texUs=3 emitUs=26 submitUs=13 otherUs=71 prims=6 usPerPrim=19
[SH-XBOX] vblank 183600
[MEM] tick: free=2520KB (630 pages)
[FT] avgMs=17 worstMs=60 gameMs=11 drawMs=6 swapWait=0ms draws=2 decodes=0 decMs=0
[OTS] f=170160 calls=2 n0=2048 n1=28 prims=780 bb=535,742,334,385
[OTT] walkUs=78 texUs=3 emitUs=26 submitUs=14 otherUs=33 prims=6 usPerPrim=13
[FT] avgMs=16 worstMs=49 gameMs=10 drawMs=6 swapWait=0ms draws=2 decodes=0 decMs=0
[OTS] f=170280 calls=2 n0=2048 n1=28 prims=744 bb=535,742,334,385
[OTT] walkUs=80 texUs=3 emitUs=26 submitUs=17 otherUs=33 prims=6 usPerPrim=13
[FT] avgMs=16 worstMs=59 gameMs=10 drawMs=6 swapWait=1ms draws=2 decodes=0 decMs=0
[OTS] f=170400 calls=2 n0=2048 n1=28 prims=732 bb=535,742,334,385
[OTT] walkUs=195 texUs=3 emitUs=26 submitUs=14 otherUs=151 prims=6 usPerPrim=32
[FT] avgMs=16 worstMs=53 gameMs=10 drawMs=6 swapWait=0ms draws=2 decodes=0 decMs=0
[OTS] f=170520 calls=2 n0=2048 n1=28 prims=720 bb=535,742,334,385
[OTT] walkUs=241 texUs=3 emitUs=26 submitUs=14 otherUs=197 prims=6 usPerPrim=40
[FT] avgMs=16 worstMs=49 gameMs=11 drawMs=5 swapWait=0ms draws=2 decodes=0 decMs=0
[OTS] f=170640 calls=2 n0=2048 n1=28 prims=720 bb=535,742,334,385
[OTT] walkUs=194 texUs=7 emitUs=26 submitUs=16 otherUs=144 prims=6 usPerPrim=32
[SH-XBOX] vblank 184200
[MEM] tick: free=2520KB (630 pages)
[FT] avgMs=16 worstMs=53 gameMs=13 drawMs=3 swapWait=0ms draws=2 decodes=0 decMs=0
[OTS] f=170760 calls=2 n0=2048 n1=28 prims=720 bb=535,742,334,385
[OTT] walkUs=258 texUs=3 emitUs=25 submitUs=198 otherUs=30 prims=6 usPerPrim=43
[FT] avgMs=16 worstMs=48 gameMs=12 drawMs=4 swapWait=0ms draws=2 decodes=0 decMs=0
[OTS] f=170880 calls=2 n0=2048 n1=28 prims=720 bb=535,742,334,385
[OTT] walkUs=83 texUs=3 emitUs=26 submitUs=14 otherUs=39 prims=6 usPerPrim=13
[FT] avgMs=16 worstMs=55 gameMs=13 drawMs=3 swapWait=0ms draws=2 decodes=0 decMs=0
[OTS] f=171000 calls=2 n0=2048 n1=28 prims=720 bb=535,742,334,385
[OTT] walkUs=107 texUs=2 emitUs=25 submitUs=15 otherUs=63 prims=6 usPerPrim=17
[FT] avgMs=16 worstMs=56 gameMs=10 drawMs=6 swapWait=0ms draws=2 decodes=0 decMs=0
[OTS] f=171120 calls=2 n0=2048 n1=16 prims=708 bb=535,742,334,385
[OTT] walkUs=17 texUs=0 emitUs=0 submitUs=3 otherUs=14 prims=0 usPerPrim=17
[FT] avgMs=16 worstMs=51 gameMs=11 drawMs=5 swapWait=0ms draws=2 decodes=0 decMs=0
[OTS] f=171240 calls=2 n0=2048 n1=16 prims=696 bb=535,742,334,385
[OTT] walkUs=17 texUs=0 emitUs=0 submitUs=3 otherUs=14 prims=0 usPerPrim=17
[SH-XBOX] vblank 184800
[MEM] tick: free=2520KB (630 pages)
[FT] avgMs=17 worstMs=59 gameMs=11 drawMs=5 swapWait=0ms draws=2 decodes=0 decMs=0
[OTS] f=171360 calls=2 n0=2048 n1=16 prims=672 bb=535,742,334,385
[OTT] walkUs=17 texUs=0 emitUs=0 submitUs=3 otherUs=13 prims=0 usPerPrim=17
[FT] avgMs=16 worstMs=58 gameMs=10 drawMs=6 swapWait=0ms draws=2 decodes=0 decMs=0
[OTS] f=171480 calls=2 n0=2048 n1=16 prims=696 bb=535,742,334,385
[OTT] walkUs=17 texUs=0 emitUs=0 submitUs=6 otherUs=10 prims=0 usPerPrim=17
[FT] avgMs=16 worstMs=50 gameMs=10 drawMs=6 swapWait=0ms draws=2 decodes=0 decMs=0
[OTS] f=171600 calls=2 n0=2048 n1=16 prims=696 bb=535,742,334,385
[OTT] walkUs=17 texUs=0 emitUs=0 submitUs=3 otherUs=14 prims=0 usPerPrim=17
[FT] avgMs=16 worstMs=59 gameMs=10 drawMs=6 swapWait=0ms draws=2 decodes=0 decMs=0
[OTS] f=171720 calls=2 n0=2048 n1=16 prims=696 bb=535,742,334,385
[OTT] walkUs=17 texUs=0 emitUs=0 submitUs=3 otherUs=14 prims=0 usPerPrim=17
[FT] avgMs=16 worstMs=52 gameMs=10 drawMs=6 swapWait=0ms draws=2 decodes=0 decMs=0
[OTS] f=171840 calls=2 n0=2048 n1=16 prims=696 bb=535,742,334,385
[OTT] walkUs=17 texUs=0 emitUs=0 submitUs=3 otherUs=13 prims=0 usPerPrim=17
[SH-XBOX] vblank 185400
[MEM] tick: free=2520KB (630 pages)
[FT] avgMs=17 worstMs=64 gameMs=11 drawMs=6 swapWait=1ms draws=2 decodes=0 decMs=0
[OTS] f=171960 calls=2 n0=2048 n1=16 prims=708 bb=535,742,334,385
[OTT] walkUs=17 texUs=0 emitUs=0 submitUs=3 otherUs=14 prims=0 usPerPrim=17
[FT] avgMs=16 worstMs=49 gameMs=10 drawMs=5 swapWait=0ms draws=2 decodes=0 decMs=0
[OTS] f=172080 calls=2 n0=2048 n1=16 prims=720 bb=535,742,334,385
[OTT] walkUs=17 texUs=0 emitUs=0 submitUs=3 otherUs=14 prims=0 usPerPrim=17
[FT] avgMs=16 worstMs=59 gameMs=11 drawMs=5 swapWait=0ms draws=2 decodes=0 decMs=0
[OTS] f=172200 calls=2 n0=2048 n1=16 prims=720 bb=535,742,334,385
[OTT] walkUs=17 texUs=0 emitUs=0 submitUs=3 otherUs=13 prims=0 usPerPrim=17
[FT] avgMs=16 worstMs=49 gameMs=13 drawMs=3 swapWait=0ms draws=2 decodes=0 decMs=0
[OTS] f=172320 calls=2 n0=2048 n1=16 prims=720 bb=535,742,334,385
[OTT] walkUs=17 texUs=0 emitUs=0 submitUs=3 otherUs=13 prims=0 usPerPrim=17
[FT] avgMs=16 worstMs=57 gameMs=12 drawMs=4 swapWait=1ms draws=2 decodes=0 decMs=0
[OTS] f=172440 calls=2 n0=2048 n1=16 prims=720 bb=535,742,334,385
[OTT] walkUs=17 texUs=0 emitUs=0 submitUs=4 otherUs=12 prims=0 usPerPrim=17
[SH-XBOX] vblank 186000
[MEM] tick: free=2520KB (630 pages)
[FT] avgMs=17 worstMs=52 gameMs=13 drawMs=3 swapWait=0ms draws=2 decodes=0 decMs=0
[OTS] f=172560 calls=2 n0=2048 n1=28 prims=756 bb=535,742,334,385
[OTT] walkUs=240 texUs=3 emitUs=25 submitUs=181 otherUs=30 prims=6 usPerPrim=40
[FT] avgMs=16 worstMs=51 gameMs=10 drawMs=6 swapWait=0ms draws=2 decodes=0 decMs=0
[OTS] f=172680 calls=2 n0=2048 n1=28 prims=744 bb=535,742,334,385
[OTT] walkUs=86 texUs=3 emitUs=26 submitUs=15 otherUs=40 prims=6 usPerPrim=14
[FT] avgMs=17 worstMs=83 gameMs=11 drawMs=5 swapWait=0ms draws=2 decodes=0 decMs=0
[OTS] f=172800 calls=2 n0=2048 n1=28 prims=768 bb=535,742,334,385
[OTT] walkUs=86 texUs=3 emitUs=25 submitUs=15 otherUs=41 prims=6 usPerPrim=14
[FT] avgMs=16 worstMs=22 gameMs=10 drawMs=5 swapWait=0ms draws=2 decodes=0 decMs=0
[OTS] f=172920 calls=2 n0=2048 n1=28 prims=720 bb=535,742,334,385
[OTT] walkUs=76 texUs=3 emitUs=26 submitUs=14 otherUs=31 prims=6 usPerPrim=12
[FT] avgMs=17 worstMs=50 gameMs=10 drawMs=6 swapWait=0ms draws=2 decodes=0 decMs=0
[OTS] f=173040 calls=2 n0=2048 n1=28 prims=744 bb=535,742,334,385
[OTT] walkUs=81 texUs=3 emitUs=27 submitUs=15 otherUs=35 prims=6 usPerPrim=13
[SH-XBOX] vblank 186600
[MEM] tick: free=2520KB (630 pages)
[FT] avgMs=17 worstMs=61 gameMs=10 drawMs=6 swapWait=0ms draws=2 decodes=0 decMs=0
[OTS] f=173160 calls=2 n0=2048 n1=28 prims=780 bb=535,742,334,385
[OTT] walkUs=84 texUs=3 emitUs=25 submitUs=15 otherUs=39 prims=6 usPerPrim=14
[FT] avgMs=16 worstMs=60 gameMs=10 drawMs=6 swapWait=0ms draws=2 decodes=0 decMs=0
[OTS] f=173280 calls=2 n0=2048 n1=28 prims=732 bb=535,742,334,385
[OTT] walkUs=74 texUs=3 emitUs=24 submitUs=14 otherUs=31 prims=6 usPerPrim=12
[FT] avgMs=16 worstMs=56 gameMs=10 drawMs=6 swapWait=1ms draws=2 decodes=0 decMs=0
[OTS] f=173400 calls=2 n0=2048 n1=28 prims=720 bb=535,742,334,385
[OTT] walkUs=173 texUs=3 emitUs=24 submitUs=29 otherUs=115 prims=6 usPerPrim=28
[FT] avgMs=16 worstMs=49 gameMs=10 drawMs=6 swapWait=0ms draws=2 decodes=0 decMs=0
[OTS] f=173520 calls=2 n0=2048 n1=28 prims=720 bb=535,742,334,385
[OTT] walkUs=145 texUs=3 emitUs=26 submitUs=15 otherUs=99 prims=6 usPerPrim=24
[FT] avgMs=17 worstMs=56 gameMs=11 drawMs=5 swapWait=0ms draws=2 decodes=0 decMs=0
[OTS] f=173640 calls=2 n0=2048 n1=28 prims=720 bb=535,742,334,385
[OTT] walkUs=140 texUs=3 emitUs=25 submitUs=14 otherUs=97 prims=6 usPerPrim=23
[SH-XBOX] vblank 187200
[MEM] tick: free=2520KB (630 pages)
[FT] avgMs=17 worstMs=60 gameMs=12 drawMs=5 swapWait=0ms draws=2 decodes=0 decMs=0
[OTS] f=173760 calls=2 n0=2048 n1=16 prims=708 bb=535,742,334,385
[OTT] walkUs=17 texUs=0 emitUs=0 submitUs=3 otherUs=14 prims=0 usPerPrim=17
[FT] avgMs=16 worstMs=51 gameMs=13 drawMs=3 swapWait=0ms draws=2 decodes=0 decMs=0
[OTS] f=173880 calls=2 n0=2048 n1=16 prims=696 bb=535,742,334,385
[OTT] walkUs=17 texUs=0 emitUs=0 submitUs=15 otherUs=2 prims=0 usPerPrim=17
[FT] avgMs=16 worstMs=47 gameMs=11 drawMs=5 swapWait=0ms draws=2 decodes=0 decMs=0
[OTS] f=174000 calls=2 n0=2048 n1=16 prims=696 bb=535,742,334,385
[OTT] walkUs=17 texUs=0 emitUs=0 submitUs=3 otherUs=14 prims=0 usPerPrim=17
[FT] avgMs=16 worstMs=53 gameMs=13 drawMs=3 swapWait=0ms draws=2 decodes=0 decMs=0
[OTS] f=174120 calls=2 n0=2048 n1=16 prims=696 bb=535,742,334,385
[OTT] walkUs=18 texUs=0 emitUs=0 submitUs=3 otherUs=14 prims=0 usPerPrim=18
[FT] avgMs=16 worstMs=52 gameMs=10 drawMs=6 swapWait=0ms draws=2 decodes=0 decMs=0
[OTS] f=174240 calls=2 n0=2048 n1=16 prims=696 bb=535,742,334,385
[OTT] walkUs=17 texUs=0 emitUs=0 submitUs=4 otherUs=13 prims=0 usPerPrim=17
[SH-XBOX] vblank 187800
[MEM] tick: free=2520KB (630 pages)
[FT] avgMs=17 worstMs=60 gameMs=11 drawMs=5 swapWait=1ms draws=2 decodes=0 decMs=0
[OTS] f=174360 calls=2 n0=2048 n1=16 prims=672 bb=535,742,334,385
[OTT] walkUs=17 texUs=0 emitUs=0 submitUs=3 otherUs=14 prims=0 usPerPrim=17
[FT] avgMs=16 worstMs=55 gameMs=11 drawMs=5 swapWait=0ms draws=2 decodes=0 decMs=0
[OTS] f=174480 calls=2 n0=2048 n1=16 prims=696 bb=535,742,334,385
[OTT] walkUs=17 texUs=0 emitUs=0 submitUs=10 otherUs=6 prims=0 usPerPrim=17
[FT] avgMs=16 worstMs=50 gameMs=10 drawMs=6 swapWait=0ms draws=2 decodes=0 decMs=0
[OTS] f=174600 calls=2 n0=2048 n1=16 prims=708 bb=535,742,334,385
[OTT] walkUs=17 texUs=0 emitUs=0 submitUs=3 otherUs=13 prims=0 usPerPrim=17
[FT] avgMs=17 worstMs=62 gameMs=10 drawMs=6 swapWait=0ms draws=2 decodes=0 decMs=0
[OTS] f=174720 calls=2 n0=2048 n1=16 prims=720 bb=535,742,334,385
[OTT] walkUs=17 texUs=0 emitUs=0 submitUs=3 otherUs=13 prims=0 usPerPrim=17
[FT] avgMs=16 worstMs=60 gameMs=10 drawMs=6 swapWait=0ms draws=2 decodes=0 decMs=0
[OTS] f=174840 calls=2 n0=2048 n1=16 prims=720 bb=535,742,334,385
[OTT] walkUs=17 texUs=0 emitUs=0 submitUs=3 otherUs=13 prims=0 usPerPrim=17
[SH-XBOX] vblank 188400
[MEM] tick: free=2520KB (630 pages)
[FT] avgMs=16 worstMs=57 gameMs=10 drawMs=6 swapWait=1ms draws=2 decodes=0 decMs=0
[OTS] f=174960 calls=2 n0=2048 n1=16 prims=720 bb=535,742,334,385
[OTT] walkUs=17 texUs=0 emitUs=0 submitUs=3 otherUs=13 prims=0 usPerPrim=17
[FT] avgMs=16 worstMs=48 gameMs=10 drawMs=6 swapWait=0ms draws=2 decodes=0 decMs=0
[OTS] f=175080 calls=2 n0=2048 n1=16 prims=720 bb=535,742,334,385
[OTT] walkUs=17 texUs=0 emitUs=0 submitUs=3 otherUs=14 prims=0 usPerPrim=17
[FT] avgMs=17 worstMs=61 gameMs=11 drawMs=5 swapWait=0ms draws=2 decodes=0 decMs=0
[OTS] f=175200 calls=2 n0=2048 n1=16 prims=720 bb=535,742,334,385
[OTT] walkUs=17 texUs=0 emitUs=0 submitUs=3 otherUs=14 prims=0 usPerPrim=17
[FT] avgMs=16 worstMs=49 gameMs=11 drawMs=4 swapWait=0ms draws=2 decodes=0 decMs=0
[OTS] f=175320 calls=2 n0=2048 n1=28 prims=744 bb=535,742,334,385
[OTT] walkUs=77 texUs=3 emitUs=26 submitUs=15 otherUs=32 prims=6 usPerPrim=12
[FT] avgMs=16 worstMs=52 gameMs=13 drawMs=3 swapWait=0ms draws=2 decodes=0 decMs=0
[OTS] f=175440 calls=2 n0=2048 n1=28 prims=744 bb=535,742,334,385
[OTT] walkUs=169 texUs=3 emitUs=32 submitUs=102 otherUs=31 prims=6 usPerPrim=28
[SH-XBOX] vblank 189000
[MEM] tick: free=2520KB (630 pages)
[FT] avgMs=17 worstMs=48 gameMs=12 drawMs=5 swapWait=0ms draws=2 decodes=0 decMs=0
[OTS] f=175560 calls=2 n0=2048 n1=28 prims=768 bb=535,742,334,385
[OTT] walkUs=90 texUs=3 emitUs=25 submitUs=15 otherUs=46 prims=6 usPerPrim=15
[FT] avgMs=16 worstMs=56 gameMs=13 drawMs=3 swapWait=0ms draws=2 decodes=0 decMs=0
[OTS] f=175680 calls=2 n0=2048 n1=28 prims=744 bb=535,742,334,385
[OTT] walkUs=364 texUs=3 emitUs=25 submitUs=302 otherUs=32 prims=6 usPerPrim=60
[FT] avgMs=16 worstMs=57 gameMs=10 drawMs=6 swapWait=0ms draws=2 decodes=0 decMs=0
[OTS] f=175800 calls=2 n0=2048 n1=28 prims=744 bb=535,742,334,385
[OTT] walkUs=194 texUs=3 emitUs=26 submitUs=14 otherUs=150 prims=6 usPerPrim=32
[FT] avgMs=16 worstMs=47 gameMs=11 drawMs=5 swapWait=0ms draws=2 decodes=0 decMs=0
[OTS] f=175920 calls=2 n0=2048 n1=28 prims=744 bb=535,742,334,385
[OTT] walkUs=81 texUs=3 emitUs=26 submitUs=13 otherUs=38 prims=6 usPerPrim=13
[FT] avgMs=16 worstMs=59 gameMs=11 drawMs=5 swapWait=0ms draws=2 decodes=0 decMs=0
[OTS] f=176040 calls=2 n0=2048 n1=28 prims=744 bb=535,742,334,385
[OTT] walkUs=333 texUs=2 emitUs=25 submitUs=17 otherUs=288 prims=6 usPerPrim=55
[SH-XBOX] vblank 189600
[MEM] tick: free=2520KB (630 pages)
[FT] avgMs=17 worstMs=54 gameMs=10 drawMs=6 swapWait=0ms draws=2 decodes=0 decMs=0
[OTS] f=176160 calls=2 n0=2048 n1=28 prims=732 bb=535,742,334,385
[OTT] walkUs=119 texUs=3 emitUs=26 submitUs=14 otherUs=75 prims=6 usPerPrim=19
[FT] avgMs=16 worstMs=47 gameMs=10 drawMs=6 swapWait=0ms draws=2 decodes=0 decMs=0
[OTS] f=176280 calls=2 n0=2048 n1=28 prims=720 bb=535,742,334,385
[OTT] walkUs=76 texUs=3 emitUs=26 submitUs=14 otherUs=32 prims=6 usPerPrim=12
[FT] avgMs=16 worstMs=54 gameMs=10 drawMs=6 swapWait=0ms draws=2 decodes=0 decMs=0
[OTS] f=176400 calls=2 n0=2048 n1=28 prims=720 bb=535,742,334,385
[OTT] walkUs=178 texUs=3 emitUs=26 submitUs=14 otherUs=134 prims=6 usPerPrim=29
[FT] avgMs=16 worstMs=51 gameMs=10 drawMs=6 swapWait=0ms draws=2 decodes=0 decMs=0
[OTS] f=176520 calls=2 n0=2048 n1=28 prims=720 bb=535,742,334,385
[OTT] walkUs=77 texUs=3 emitUs=27 submitUs=15 otherUs=31 prims=6 usPerPrim=12
[FT] avgMs=17 worstMs=59 gameMs=10 drawMs=6 swapWait=0ms draws=2 decodes=0 decMs=0
[OTS] f=176640 calls=2 n0=2048 n1=28 prims=720 bb=535,742,334,385
[OTT] walkUs=150 texUs=3 emitUs=26 submitUs=15 otherUs=104 prims=6 usPerPrim=25
[SH-XBOX] vblank 190200
[MEM] tick: free=2520KB (630 pages)
[FT] avgMs=17 worstMs=54 gameMs=11 drawMs=5 swapWait=0ms draws=2 decodes=0 decMs=0
[OTS] f=176760 calls=2 n0=2048 n1=16 prims=672 bb=535,742,334,385
[OTT] walkUs=17 texUs=0 emitUs=0 submitUs=3 otherUs=13 prims=0 usPerPrim=17
[FT] avgMs=16 worstMs=50 gameMs=12 drawMs=4 swapWait=0ms draws=2 decodes=0 decMs=0
[OTS] f=176880 calls=2 n0=2048 n1=16 prims=696 bb=535,742,334,385
[OTT] walkUs=17 texUs=0 emitUs=0 submitUs=3 otherUs=13 prims=0 usPerPrim=17
[FT] avgMs=16 worstMs=20 gameMs=13 drawMs=3 swapWait=0ms draws=2 decodes=0 decMs=0
[OTS] f=177000 calls=2 n0=2048 n1=16 prims=720 bb=535,742,334,385
[OTT] walkUs=17 texUs=0 emitUs=0 submitUs=3 otherUs=13 prims=0 usPerPrim=17
[FT] avgMs=16 worstMs=49 gameMs=11 drawMs=5 swapWait=0ms draws=2 decodes=0 decMs=0
[OTS] f=177120 calls=2 n0=2048 n1=16 prims=696 bb=535,742,334,385
[OTT] walkUs=17 texUs=0 emitUs=0 submitUs=3 otherUs=14 prims=0 usPerPrim=17
[FT] avgMs=16 worstMs=44 gameMs=13 drawMs=3 swapWait=1ms draws=2 decodes=0 decMs=0
[OTS] f=177240 calls=2 n0=2048 n1=16 prims=708 bb=535,742,334,385
[OTT] walkUs=17 texUs=0 emitUs=0 submitUs=4 otherUs=13 prims=0 usPerPrim=17
[SH-XBOX] vblank 190800
[MEM] tick: free=2520KB (630 pages)
[FT] avgMs=17 worstMs=62 gameMs=11 drawMs=6 swapWait=0ms draws=2 decodes=0 decMs=0
[OTS] f=177360 calls=2 n0=2048 n1=16 prims=660 bb=535,742,334,385
[OTT] walkUs=17 texUs=0 emitUs=0 submitUs=3 otherUs=13 prims=0 usPerPrim=17
[FT] avgMs=16 worstMs=51 gameMs=11 drawMs=5 swapWait=0ms draws=2 decodes=0 decMs=0
[OTS] f=177480 calls=2 n0=2048 n1=16 prims=684 bb=535,742,334,385
[OTT] walkUs=17 texUs=0 emitUs=0 submitUs=3 otherUs=13 prims=0 usPerPrim=17
[FT] avgMs=16 worstMs=59 gameMs=11 drawMs=5 swapWait=0ms draws=2 decodes=0 decMs=0
[OTS] f=177600 calls=2 n0=2048 n1=16 prims=708 bb=535,742,334,385
[OTT] walkUs=17 texUs=0 emitUs=0 submitUs=3 otherUs=13 prims=0 usPerPrim=17
[FT] avgMs=16 worstMs=54 gameMs=10 drawMs=6 swapWait=0ms draws=2 decodes=0 decMs=0
[OTS] f=177720 calls=2 n0=2048 n1=16 prims=720 bb=535,742,334,385
[OTT] walkUs=17 texUs=0 emitUs=0 submitUs=3 otherUs=14 prims=0 usPerPrim=17
[FT] avgMs=16 worstMs=52 gameMs=10 drawMs=6 swapWait=0ms draws=2 decodes=0 decMs=0
[OTS] f=177840 calls=2 n0=2048 n1=16 prims=720 bb=535,742,334,385
[OTT] walkUs=17 texUs=0 emitUs=0 submitUs=3 otherUs=13 prims=0 usPerPrim=17
[SH-XBOX] vblank 191400
[MEM] tick: free=2520KB (630 pages)
[FT] avgMs=17 worstMs=60 gameMs=10 drawMs=6 swapWait=0ms draws=2 decodes=0 decMs=0
[OTS] f=177960 calls=2 n0=2048 n1=16 prims=720 bb=535,742,334,385
[OTT] walkUs=17 texUs=0 emitUs=0 submitUs=3 otherUs=14 prims=0 usPerPrim=17
[FT] avgMs=16 worstMs=52 gameMs=10 drawMs=6 swapWait=0ms draws=2 decodes=0 decMs=0
[OTS] f=178080 calls=2 n0=2048 n1=16 prims=720 bb=535,742,334,385
[OTT] walkUs=17 texUs=0 emitUs=0 submitUs=3 otherUs=14 prims=0 usPerPrim=17
[FT] avgMs=16 worstMs=45 gameMs=10 drawMs=6 swapWait=0ms draws=2 decodes=0 decMs=0
[OTS] f=178200 calls=2 n0=2048 n1=28 prims=732 bb=535,742,334,385
[OTT] walkUs=77 texUs=3 emitUs=26 submitUs=15 otherUs=32 prims=6 usPerPrim=12
[FT] avgMs=16 worstMs=56 gameMs=11 drawMs=5 swapWait=0ms draws=2 decodes=0 decMs=0
[OTS] f=178320 calls=2 n0=2048 n1=28 prims=744 bb=535,742,334,385
[OTT] walkUs=256 texUs=3 emitUs=26 submitUs=14 otherUs=212 prims=6 usPerPrim=42
[FT] avgMs=16 worstMs=48 gameMs=12 drawMs=4 swapWait=0ms draws=2 decodes=0 decMs=0
[OTS] f=178440 calls=2 n0=2048 n1=28 prims=756 bb=535,742,334,385
[OTT] walkUs=91 texUs=3 emitUs=26 submitUs=16 otherUs=45 prims=6 usPerPrim=15
[SH-XBOX] vblank 192000
[MEM] tick: free=2520KB (630 pages)
[FT] avgMs=17 worstMs=56 gameMs=13 drawMs=3 swapWait=0ms draws=2 decodes=0 decMs=0
[OTS] f=178560 calls=2 n0=2048 n1=28 prims=768 bb=535,742,334,385
[OTT] walkUs=200 texUs=3 emitUs=26 submitUs=15 otherUs=155 prims=6 usPerPrim=33
[FT] avgMs=16 worstMs=54 gameMs=11 drawMs=5 swapWait=0ms draws=2 decodes=0 decMs=0
[OTS] f=178680 calls=2 n0=2048 n1=28 prims=744 bb=535,742,334,385
[OTT] walkUs=90 texUs=2 emitUs=27 submitUs=16 otherUs=44 prims=6 usPerPrim=15
[FT] avgMs=16 worstMs=46 gameMs=13 drawMs=3 swapWait=0ms draws=2 decodes=0 decMs=0
[OTS] f=178800 calls=2 n0=2048 n1=28 prims=732 bb=535,742,334,385
[OTT] walkUs=251 texUs=3 emitUs=26 submitUs=15 otherUs=206 prims=6 usPerPrim=41
[FT] avgMs=16 worstMs=47 gameMs=10 drawMs=6 swapWait=0ms draws=2 decodes=0 decMs=0
[OTS] f=178920 calls=2 n0=2048 n1=28 prims=744 bb=535,742,334,385
[OTT] walkUs=107 texUs=7 emitUs=26 submitUs=14 otherUs=58 prims=6 usPerPrim=17
[FT] avgMs=16 worstMs=58 gameMs=11 drawMs=5 swapWait=0ms draws=2 decodes=0 decMs=0
[OTS] f=179040 calls=2 n0=2048 n1=28 prims=744 bb=535,742,334,385
[OTT] walkUs=108 texUs=3 emitUs=26 submitUs=14 otherUs=64 prims=6 usPerPrim=18
[SH-XBOX] vblank 192600
[MEM] tick: free=2520KB (630 pages)
[FT] avgMs=17 worstMs=54 gameMs=11 drawMs=5 swapWait=0ms draws=2 decodes=0 decMs=0
[OTS] f=179160 calls=2 n0=2048 n1=28 prims=732 bb=535,742,334,385
[OTT] walkUs=131 texUs=3 emitUs=26 submitUs=64 otherUs=37 prims=6 usPerPrim=21
[FT] avgMs=16 worstMs=51 gameMs=10 drawMs=6 swapWait=0ms draws=2 decodes=0 decMs=0
[OTS] f=179280 calls=2 n0=2048 n1=28 prims=720 bb=535,742,334,385
[OTT] walkUs=76 texUs=3 emitUs=26 submitUs=15 otherUs=31 prims=6 usPerPrim=12
[FT] avgMs=17 worstMs=63 gameMs=10 drawMs=6 swapWait=0ms draws=2 decodes=0 decMs=0
[OTS] f=179400 calls=2 n0=2048 n1=28 prims=720 bb=535,742,334,385
[OTT] walkUs=145 texUs=3 emitUs=26 submitUs=14 otherUs=100 prims=6 usPerPrim=24
[FT] avgMs=17 worstMs=61 gameMs=10 drawMs=6 swapWait=0ms draws=2 decodes=0 decMs=0
[OTS] f=179520 calls=2 n0=2048 n1=28 prims=720 bb=535,742,334,385
[OTT] walkUs=76 texUs=3 emitUs=25 submitUs=15 otherUs=32 prims=6 usPerPrim=12
[FT] avgMs=16 worstMs=49 gameMs=10 drawMs=6 swapWait=0ms draws=2 decodes=0 decMs=0
[OTS] f=179640 calls=2 n0=2048 n1=16 prims=696 bb=535,742,334,385
[OTT] walkUs=17 texUs=0 emitUs=0 submitUs=3 otherUs=13 prims=0 usPerPrim=17
[SH-XBOX] vblank 193200
[MEM] tick: free=2520KB (630 pages)
[FT] avgMs=17 worstMs=58 gameMs=10 drawMs=6 swapWait=0ms draws=2 decodes=0 decMs=0
[OTS] f=179760 calls=2 n0=2048 n1=16 prims=672 bb=535,742,334,385
[OTT] walkUs=17 texUs=0 emitUs=0 submitUs=3 otherUs=14 prims=0 usPerPrim=17
[FT] avgMs=16 worstMs=52 gameMs=11 drawMs=5 swapWait=0ms draws=2 decodes=0 decMs=0
[OTS] f=179880 calls=2 n0=2048 n1=16 prims=696 bb=535,742,334,385
[OTT] walkUs=17 texUs=0 emitUs=0 submitUs=3 otherUs=13 prims=0 usPerPrim=17
[FT] avgMs=16 worstMs=59 gameMs=12 drawMs=4 swapWait=0ms draws=2 decodes=0 decMs=0
[OTS] f=180000 calls=2 n0=2048 n1=16 prims=696 bb=535,742,334,385
[OTT] walkUs=17 texUs=0 emitUs=0 submitUs=3 otherUs=14 prims=0 usPerPrim=17
[FT] avgMs=16 worstMs=51 gameMs=13 drawMs=3 swapWait=0ms draws=2 decodes=0 decMs=0
[OTS] f=180120 calls=2 n0=2048 n1=16 prims=696 bb=535,742,334,385
[OTT] walkUs=17 texUs=0 emitUs=0 submitUs=3 otherUs=14 prims=0 usPerPrim=17
[FT] avgMs=16 worstMs=51 gameMs=11 drawMs=5 swapWait=0ms draws=2 decodes=0 decMs=0
[OTS] f=180240 calls=2 n0=2048 n1=16 prims=696 bb=535,742,334,385
[OTT] walkUs=17 texUs=0 emitUs=0 submitUs=3 otherUs=14 prims=0 usPerPrim=17
[SH-XBOX] vblank 193800
[MEM] tick: free=2520KB (630 pages)
[FT] avgMs=17 worstMs=54 gameMs=13 drawMs=3 swapWait=0ms draws=2 decodes=0 decMs=0
[OTS] f=180360 calls=2 n0=2048 n1=16 prims=672 bb=535,742,334,385
[OTT] walkUs=17 texUs=0 emitUs=0 submitUs=3 otherUs=14 prims=0 usPerPrim=17
[FT] avgMs=16 worstMs=53 gameMs=10 drawMs=6 swapWait=0ms draws=2 decodes=0 decMs=0
[OTS] f=180480 calls=2 n0=2048 n1=16 prims=720 bb=535,742,334,385
[OTT] walkUs=17 texUs=0 emitUs=0 submitUs=3 otherUs=14 prims=0 usPerPrim=17
[FT] avgMs=16 worstMs=49 gameMs=10 drawMs=5 swapWait=0ms draws=2 decodes=0 decMs=0
[OTS] f=180600 calls=2 n0=2048 n1=16 prims=720 bb=535,742,334,385
[OTT] walkUs=17 texUs=0 emitUs=0 submitUs=2 otherUs=14 prims=0 usPerPrim=17
[FT] avgMs=16 worstMs=57 gameMs=11 drawMs=5 swapWait=0ms draws=2 decodes=0 decMs=0
[OTS] f=180720 calls=2 n0=2048 n1=16 prims=720 bb=535,742,334,385
[OTT] walkUs=17 texUs=0 emitUs=0 submitUs=3 otherUs=14 prims=0 usPerPrim=17
[FT] avgMs=16 worstMs=51 gameMs=10 drawMs=6 swapWait=0ms draws=2 decodes=0 decMs=0
[OTS] f=180840 calls=2 n0=2048 n1=16 prims=720 bb=535,742,334,385
[OTT] walkUs=17 texUs=0 emitUs=0 submitUs=3 otherUs=14 prims=0 usPerPrim=17
[SH-XBOX] vblank 194400
[MEM] tick: free=2520KB (630 pages)
[FT] avgMs=17 worstMs=62 gameMs=10 drawMs=6 swapWait=0ms draws=2 decodes=0 decMs=0
[OTS] f=180960 calls=2 n0=2048 n1=28 prims=744 bb=535,742,334,385
[OTT] walkUs=75 texUs=3 emitUs=25 submitUs=15 otherUs=32 prims=6 usPerPrim=12
[FT] avgMs=17 worstMs=89 gameMs=10 drawMs=6 swapWait=1ms draws=2 decodes=0 decMs=0
[OTS] f=181080 calls=2 n0=2048 n1=28 prims=768 bb=535,742,334,385
[OTT] walkUs=74 texUs=3 emitUs=25 submitUs=14 otherUs=31 prims=6 usPerPrim=12
[FT] avgMs=16 worstMs=56 gameMs=10 drawMs=6 swapWait=0ms draws=2 decodes=0 decMs=0
[OTS] f=181200 calls=2 n0=2048 n1=28 prims=744 bb=535,742,334,385
[OTT] walkUs=85 texUs=3 emitUs=24 submitUs=14 otherUs=43 prims=6 usPerPrim=14
[FT] avgMs=16 worstMs=52 gameMs=10 drawMs=6 swapWait=0ms draws=2 decodes=0 decMs=0
[OTS] f=181320 calls=2 n0=2048 n1=28 prims=756 bb=535,742,334,385
[OTT] walkUs=189 texUs=3 emitUs=25 submitUs=15 otherUs=144 prims=6 usPerPrim=31
[FT] avgMs=16 worstMs=61 gameMs=11 drawMs=5 swapWait=0ms draws=2 decodes=0 decMs=0
[OTS] f=181440 calls=2 n0=2048 n1=28 prims=744 bb=535,742,334,385
[OTT] walkUs=100 texUs=3 emitUs=26 submitUs=15 otherUs=54 prims=6 usPerPrim=16
[SH-XBOX] vblank 195000
[MEM] tick: free=2520KB (630 pages)
[FT] avgMs=17 worstMs=53 gameMs=12 drawMs=4 swapWait=0ms draws=2 decodes=0 decMs=0
[OTS] f=181560 calls=2 n0=2048 n1=28 prims=768 bb=535,742,334,385
[OTT] walkUs=190 texUs=3 emitUs=26 submitUs=14 otherUs=145 prims=6 usPerPrim=31
[FT] avgMs=16 worstMs=46 gameMs=13 drawMs=3 swapWait=0ms draws=2 decodes=0 decMs=0
[OTS] f=181680 calls=2 n0=2048 n1=28 prims=732 bb=535,742,334,385
[OTT] walkUs=191 texUs=3 emitUs=25 submitUs=133 otherUs=30 prims=6 usPerPrim=31
[FT] avgMs=16 worstMs=53 gameMs=11 drawMs=5 swapWait=0ms draws=2 decodes=0 decMs=0
[OTS] f=181800 calls=2 n0=2048 n1=28 prims=720 bb=535,742,334,385
[OTT] walkUs=170 texUs=3 emitUs=26 submitUs=15 otherUs=125 prims=6 usPerPrim=28
[FT] avgMs=16 worstMs=56 gameMs=13 drawMs=3 swapWait=0ms draws=2 decodes=0 decMs=0
[OTS] f=181920 calls=2 n0=2048 n1=28 prims=720 bb=535,742,334,385
[OTT] walkUs=219 texUs=3 emitUs=25 submitUs=14 otherUs=176 prims=6 usPerPrim=36
[FT] avgMs=17 worstMs=61 gameMs=10 drawMs=6 swapWait=0ms draws=2 decodes=0 decMs=0
[OTS] f=182040 calls=2 n0=2048 n1=28 prims=720 bb=535,742,334,385
[OTT] walkUs=132 texUs=3 emitUs=29 submitUs=15 otherUs=84 prims=6 usPerPrim=22
[SH-XBOX] vblank 195600
[MEM] tick: free=2520KB (630 pages)
[FT] avgMs=17 worstMs=57 gameMs=11 drawMs=6 swapWait=1ms draws=2 decodes=0 decMs=0
[OTS] f=182160 calls=2 n0=2048 n1=28 prims=720 bb=535,742,334,385
[OTT] walkUs=75 texUs=3 emitUs=24 submitUs=14 otherUs=33 prims=6 usPerPrim=12
[FT] avgMs=16 worstMs=51 gameMs=11 drawMs=5 swapWait=0ms draws=2 decodes=0 decMs=0
[OTS] f=182280 calls=2 n0=2048 n1=16 prims=696 bb=535,742,334,385
[OTT] walkUs=17 texUs=0 emitUs=0 submitUs=3 otherUs=14 prims=0 usPerPrim=17
[FT] avgMs=16 worstMs=59 gameMs=10 drawMs=6 swapWait=0ms draws=2 decodes=0 decMs=0
[OTS] f=182400 calls=2 n0=2048 n1=16 prims=696 bb=535,742,334,385
[OTT] walkUs=17 texUs=0 emitUs=0 submitUs=3 otherUs=14 prims=0 usPerPrim=17
[FT] avgMs=16 worstMs=55 gameMs=10 drawMs=6 swapWait=0ms draws=2 decodes=0 decMs=0
[OTS] f=182520 calls=2 n0=2048 n1=16 prims=696 bb=535,742,334,385
[OTT] walkUs=17 texUs=0 emitUs=0 submitUs=3 otherUs=14 prims=0 usPerPrim=17
[FT] avgMs=16 worstMs=51 gameMs=10 drawMs=6 swapWait=0ms draws=2 decodes=0 decMs=0
[OTS] f=182640 calls=2 n0=2048 n1=16 prims=696 bb=535,742,334,385
[OTT] walkUs=17 texUs=0 emitUs=0 submitUs=4 otherUs=13 prims=0 usPerPrim=17
[SH-XBOX] vblank 196200
[MEM] tick: free=2520KB (630 pages)
[FT] avgMs=17 worstMs=58 gameMs=10 drawMs=6 swapWait=0ms draws=2 decodes=0 decMs=0
[OTS] f=182760 calls=2 n0=2048 n1=16 prims=672 bb=535,742,334,385
[OTT] walkUs=17 texUs=0 emitUs=0 submitUs=3 otherUs=13 prims=0 usPerPrim=17
[FT] avgMs=16 worstMs=53 gameMs=10 drawMs=6 swapWait=0ms draws=2 decodes=0 decMs=0
[OTS] f=182880 calls=2 n0=2048 n1=16 prims=696 bb=535,742,334,385
[OTT] walkUs=17 texUs=0 emitUs=0 submitUs=157 otherUs=0 prims=0 usPerPrim=17
[FT] avgMs=16 worstMs=45 gameMs=11 drawMs=5 swapWait=0ms draws=2 decodes=0 decMs=0
[OTS] f=183000 calls=2 n0=2048 n1=16 prims=696 bb=535,742,334,385
[OTT] walkUs=17 texUs=0 emitUs=0 submitUs=2 otherUs=14 prims=0 usPerPrim=17
[FT] avgMs=16 worstMs=56 gameMs=12 drawMs=4 swapWait=0ms draws=2 decodes=0 decMs=0
[OTS] f=183120 calls=2 n0=2048 n1=16 prims=708 bb=535,742,334,385
[OTT] walkUs=17 texUs=0 emitUs=0 submitUs=2 otherUs=14 prims=0 usPerPrim=17
[FT] avgMs=16 worstMs=48 gameMs=13 drawMs=3 swapWait=0ms draws=2 decodes=0 decMs=0
[OTS] f=183240 calls=2 n0=2048 n1=16 prims=720 bb=535,742,334,385
[OTT] walkUs=17 texUs=0 emitUs=0 submitUs=3 otherUs=14 prims=0 usPerPrim=17
[SH-XBOX] vblank 196800
[MEM] tick: free=2520KB (630 pages)
[FT] avgMs=17 worstMs=63 gameMs=12 drawMs=5 swapWait=0ms draws=2 decodes=0 decMs=0
[OTS] f=183360 calls=2 n0=2048 n1=16 prims=708 bb=535,742,334,385
[OTT] walkUs=17 texUs=0 emitUs=0 submitUs=3 otherUs=14 prims=0 usPerPrim=17
[FT] avgMs=16 worstMs=45 gameMs=12 drawMs=3 swapWait=0ms draws=2 decodes=0 decMs=0
[OTS] f=183480 calls=2 n0=2048 n1=16 prims=720 bb=535,742,334,385
[OTT] walkUs=17 texUs=0 emitUs=0 submitUs=3 otherUs=13 prims=0 usPerPrim=17
[FT] avgMs=16 worstMs=51 gameMs=10 drawMs=6 swapWait=0ms draws=2 decodes=0 decMs=0
[OTS] f=183600 calls=2 n0=2048 n1=16 prims=720 bb=535,742,334,385
[OTT] walkUs=17 texUs=0 emitUs=0 submitUs=3 otherUs=13 prims=0 usPerPrim=17
[FT] avgMs=16 worstMs=59 gameMs=11 drawMs=5 swapWait=0ms draws=2 decodes=0 decMs=0
[OTS] f=183720 calls=2 n0=2048 n1=28 prims=732 bb=535,742,334,385
[OTT] walkUs=298 texUs=3 emitUs=26 submitUs=15 otherUs=253 prims=6 usPerPrim=49
[FT] avgMs=16 worstMs=50 gameMs=11 drawMs=5 swapWait=0ms draws=2 decodes=0 decMs=0
[OTS] f=183840 calls=2 n0=2048 n1=28 prims=744 bb=535,742,334,385
[OTT] walkUs=228 texUs=3 emitUs=27 submitUs=14 otherUs=183 prims=6 usPerPrim=38
[SH-XBOX] vblank 197400
[MEM] tick: free=2520KB (630 pages)
[FT] avgMs=17 worstMs=63 gameMs=10 drawMs=6 swapWait=1ms draws=2 decodes=0 decMs=0
[OTS] f=183960 calls=2 n0=2048 n1=28 prims=780 bb=535,742,334,385
[OTT] walkUs=137 texUs=2 emitUs=26 submitUs=15 otherUs=92 prims=6 usPerPrim=22
[FT] avgMs=16 worstMs=52 gameMs=10 drawMs=6 swapWait=0ms draws=2 decodes=0 decMs=0
[OTS] f=184080 calls=2 n0=2048 n1=28 prims=744 bb=535,742,334,385
[OTT] walkUs=379 texUs=2 emitUs=26 submitUs=15 otherUs=334 prims=6 usPerPrim=63
[FT] avgMs=17 worstMs=59 gameMs=10 drawMs=6 swapWait=0ms draws=2 decodes=0 decMs=0
[OTS] f=184200 calls=2 n0=2048 n1=28 prims=744 bb=535,742,334,385
[OTT] walkUs=278 texUs=3 emitUs=26 submitUs=14 otherUs=234 prims=6 usPerPrim=46
[FT] avgMs=16 worstMs=59 gameMs=10 drawMs=6 swapWait=0ms draws=2 decodes=0 decMs=0
[OTS] f=184320 calls=2 n0=2048 n1=28 prims=756 bb=535,742,334,385
[OTT] walkUs=75 texUs=3 emitUs=25 submitUs=14 otherUs=31 prims=6 usPerPrim=12
[FT] avgMs=16 worstMs=55 gameMs=10 drawMs=6 swapWait=0ms draws=2 decodes=0 decMs=0
[OTS] f=184440 calls=2 n0=2048 n1=28 prims=732 bb=535,742,334,385
[OTT] walkUs=120 texUs=2 emitUs=26 submitUs=14 otherUs=75 prims=6 usPerPrim=20
[SH-XBOX] vblank 198000
[MEM] tick: free=2520KB (630 pages)
[FT] avgMs=17 worstMs=49 gameMs=11 drawMs=5 swapWait=0ms draws=2 decodes=0 decMs=0
[OTS] f=184560 calls=2 n0=2048 n1=28 prims=720 bb=535,742,334,385
[OTT] walkUs=224 texUs=3 emitUs=29 submitUs=15 otherUs=175 prims=6 usPerPrim=37
[FT] avgMs=16 worstMs=56 gameMs=12 drawMs=4 swapWait=0ms draws=2 decodes=0 decMs=0
[OTS] f=184680 calls=2 n0=2048 n1=28 prims=720 bb=535,742,334,385
[OTT] walkUs=234 texUs=3 emitUs=31 submitUs=16 otherUs=183 prims=6 usPerPrim=39
[FT] avgMs=16 worstMs=49 gameMs=13 drawMs=3 swapWait=0ms draws=2 decodes=0 decMs=0
[OTS] f=184800 calls=2 n0=2048 n1=28 prims=720 bb=535,742,334,385
[OTT] walkUs=254 texUs=2 emitUs=26 submitUs=16 otherUs=208 prims=6 usPerPrim=42
[FT] avgMs=16 worstMs=52 gameMs=11 drawMs=5 swapWait=0ms draws=2 decodes=0 decMs=0
[OTS] f=184920 calls=2 n0=2048 n1=28 prims=720 bb=535,742,334,385
[OTT] walkUs=77 texUs=3 emitUs=26 submitUs=16 otherUs=31 prims=6 usPerPrim=12
[FT] avgMs=16 worstMs=53 gameMs=12 drawMs=4 swapWait=0ms draws=2 decodes=0 decMs=0
[OTS] f=185040 calls=2 n0=2048 n1=28 prims=720 bb=535,742,334,385
[OTT] walkUs=160 texUs=3 emitUs=26 submitUs=14 otherUs=116 prims=6 usPerPrim=26
[SH-XBOX] vblank 198600
[MEM] tick: free=2520KB (630 pages)
[FT] avgMs=17 worstMs=58 gameMs=10 drawMs=6 swapWait=0ms draws=2 decodes=0 decMs=0
[OTS] f=185160 calls=2 n0=2048 n1=16 prims=672 bb=535,742,334,385
[OTT] walkUs=17 texUs=0 emitUs=0 submitUs=3 otherUs=14 prims=0 usPerPrim=17
[FT] avgMs=16 worstMs=60 gameMs=11 drawMs=5 swapWait=0ms draws=2 decodes=0 decMs=0
[OTS] f=185280 calls=2 n0=2048 n1=16 prims=708 bb=535,742,334,385
[OTT] walkUs=17 texUs=0 emitUs=0 submitUs=3 otherUs=13 prims=0 usPerPrim=17
[FT] avgMs=16 worstMs=53 gameMs=11 drawMs=5 swapWait=0ms draws=2 decodes=0 decMs=0
[OTS] f=185400 calls=2 n0=2048 n1=16 prims=696 bb=535,742,334,385
[OTT] walkUs=17 texUs=0 emitUs=0 submitUs=3 otherUs=14 prims=0 usPerPrim=17
[FT] avgMs=16 worstMs=48 gameMs=10 drawMs=6 swapWait=0ms draws=2 decodes=0 decMs=0
[OTS] f=185520 calls=2 n0=2048 n1=16 prims=696 bb=535,742,334,385
[OTT] walkUs=17 texUs=0 emitUs=0 submitUs=3 otherUs=14 prims=0 usPerPrim=17
[FT] avgMs=17 worstMs=60 gameMs=10 drawMs=6 swapWait=0ms draws=2 decodes=0 decMs=0
[OTS] f=185640 calls=2 n0=2048 n1=16 prims=684 bb=535,742,334,385
[OTT] walkUs=17 texUs=0 emitUs=0 submitUs=4 otherUs=12 prims=0 usPerPrim=17
[SH-XBOX] vblank 199200
[MEM] tick: free=2520KB (630 pages)
[FT] avgMs=17 worstMs=64 gameMs=11 drawMs=6 swapWait=0ms draws=2 decodes=0 decMs=0
[OTS] f=185760 calls=2 n0=2048 n1=16 prims=684 bb=535,742,334,385
[OTT] walkUs=17 texUs=0 emitUs=0 submitUs=2 otherUs=14 prims=0 usPerPrim=17
[FT] avgMs=16 worstMs=49 gameMs=10 drawMs=6 swapWait=0ms draws=2 decodes=0 decMs=0
[OTS] f=185880 calls=2 n0=2048 n1=16 prims=720 bb=535,742,334,385
[OTT] walkUs=17 texUs=0 emitUs=0 submitUs=3 otherUs=13 prims=0 usPerPrim=17
[FT] avgMs=16 worstMs=57 gameMs=10 drawMs=6 swapWait=0ms draws=2 decodes=0 decMs=0
[OTS] f=186000 calls=2 n0=2048 n1=16 prims=720 bb=535,742,334,385
[OTT] walkUs=17 texUs=0 emitUs=0 submitUs=3 otherUs=14 prims=0 usPerPrim=17
[FT] avgMs=16 worstMs=50 gameMs=11 drawMs=5 swapWait=0ms draws=2 decodes=0 decMs=0
[OTS] f=186120 calls=2 n0=2048 n1=16 prims=720 bb=535,742,334,385
[OTT] walkUs=17 texUs=0 emitUs=0 submitUs=3 otherUs=13 prims=0 usPerPrim=17
[FT] avgMs=16 worstMs=57 gameMs=12 drawMs=4 swapWait=0ms draws=2 decodes=0 decMs=0
[OTS] f=186240 calls=2 n0=2048 n1=16 prims=708 bb=535,742,334,385
[OTT] walkUs=17 texUs=0 emitUs=0 submitUs=3 otherUs=14 prims=0 usPerPrim=17
[SH-XBOX] vblank 199800
[MEM] tick: free=2520KB (630 pages)
[FT] avgMs=17 worstMs=51 gameMs=13 drawMs=3 swapWait=0ms draws=2 decodes=0 decMs=0
[OTS] f=186360 calls=2 n0=2048 n1=28 prims=744 bb=535,742,334,385
[OTT] walkUs=78 texUs=3 emitUs=24 submitUs=16 otherUs=33 prims=6 usPerPrim=13
[FT] avgMs=16 worstMs=55 gameMs=11 drawMs=5 swapWait=0ms draws=2 decodes=0 decMs=0
[OTS] f=186480 calls=2 n0=2048 n1=28 prims=744 bb=535,742,334,385
[OTT] walkUs=83 texUs=3 emitUs=33 submitUs=15 otherUs=32 prims=6 usPerPrim=13
[FT] avgMs=16 worstMs=57 gameMs=12 drawMs=4 swapWait=0ms draws=2 decodes=0 decMs=0
[OTS] f=186600 calls=2 n0=2048 n1=28 prims=744 bb=535,742,334,385
[OTT] walkUs=95 texUs=3 emitUs=25 submitUs=14 otherUs=51 prims=6 usPerPrim=15
[FT] avgMs=16 worstMs=56 gameMs=10 drawMs=6 swapWait=0ms draws=2 decodes=0 decMs=0
[OTS] f=186720 calls=2 n0=2048 n1=28 prims=744 bb=535,742,334,385
[OTT] walkUs=136 texUs=3 emitUs=26 submitUs=72 otherUs=33 prims=6 usPerPrim=22
[FT] avgMs=16 worstMs=50 gameMs=11 drawMs=5 swapWait=0ms draws=2 decodes=0 decMs=0
[OTS] f=186840 calls=2 n0=2048 n1=28 prims=744 bb=535,742,334,385
[OTT] walkUs=83 texUs=3 emitUs=25 submitUs=13 otherUs=40 prims=6 usPerPrim=13
[SH-XBOX] vblank 200400
[MEM] tick: free=2520KB (630 pages)
[FT] avgMs=17 worstMs=58 gameMs=11 drawMs=5 swapWait=0ms draws=2 decodes=0 decMs=0
[OTS] f=186960 calls=2 n0=2048 n1=28 prims=768 bb=535,742,334,385
[OTT] walkUs=116 texUs=2 emitUs=26 submitUs=14 otherUs=72 prims=6 usPerPrim=19
[FT] avgMs=16 worstMs=54 gameMs=10 drawMs=6 swapWait=0ms draws=2 decodes=0 decMs=0
[OTS] f=187080 calls=2 n0=2048 n1=28 prims=744 bb=535,742,334,385
[OTT] walkUs=93 texUs=3 emitUs=25 submitUs=15 otherUs=49 prims=6 usPerPrim=15
[FT] avgMs=16 worstMs=51 gameMs=10 drawMs=6 swapWait=0ms draws=2 decodes=0 decMs=0
[OTS] f=187200 calls=2 n0=2048 n1=28 prims=744 bb=535,742,334,385
[OTT] walkUs=85 texUs=3 emitUs=26 submitUs=16 otherUs=38 prims=6 usPerPrim=14
[FT] avgMs=17 worstMs=58 gameMs=10 drawMs=6 swapWait=0ms draws=2 decodes=0 decMs=0
[OTS] f=187320 calls=2 n0=2048 n1=28 prims=720 bb=535,742,334,385
[OTT] walkUs=120 texUs=3 emitUs=29 submitUs=14 otherUs=72 prims=6 usPerPrim=20
[FT] avgMs=17 worstMs=60 gameMs=10 drawMs=6 swapWait=0ms draws=2 decodes=0 decMs=0
[OTS] f=187440 calls=2 n0=2048 n1=28 prims=720 bb=535,742,334,385
[OTT] walkUs=220 texUs=3 emitUs=26 submitUs=14 otherUs=176 prims=6 usPerPrim=36
[SH-XBOX] vblank 201000
[MEM] tick: free=2520KB (630 pages)
[FT] avgMs=17 worstMs=62 gameMs=11 drawMs=6 swapWait=0ms draws=2 decodes=0 decMs=0
[OTS] f=187560 calls=2 n0=2048 n1=28 prims=720 bb=535,742,334,385
[OTT] walkUs=172 texUs=3 emitUs=26 submitUs=14 otherUs=128 prims=6 usPerPrim=28
[FT] avgMs=16 worstMs=50 gameMs=11 drawMs=5 swapWait=0ms draws=2 decodes=0 decMs=0
[OTS] f=187680 calls=2 n0=2048 n1=16 prims=696 bb=535,742,334,385
[OTT] walkUs=17 texUs=0 emitUs=0 submitUs=3 otherUs=13 prims=0 usPerPrim=17
[FT] avgMs=16 worstMs=53 gameMs=13 drawMs=3 swapWait=0ms draws=2 decodes=0 decMs=0
[OTS] f=187800 calls=2 n0=2048 n1=16 prims=696 bb=535,742,334,385
[OTT] walkUs=17 texUs=0 emitUs=0 submitUs=3 otherUs=14 prims=0 usPerPrim=17
[FT] avgMs=16 worstMs=47 gameMs=13 drawMs=3 swapWait=0ms draws=2 decodes=0 decMs=0
[OTS] f=187920 calls=2 n0=2048 n1=16 prims=696 bb=535,742,334,385
[OTT] walkUs=17 texUs=0 emitUs=0 submitUs=3 otherUs=13 prims=0 usPerPrim=17
[FT] avgMs=17 worstMs=62 gameMs=12 drawMs=5 swapWait=0ms draws=2 decodes=0 decMs=0
[OTS] f=188040 calls=2 n0=2048 n1=16 prims=684 bb=535,742,334,385
[OTT] walkUs=17 texUs=0 emitUs=0 submitUs=3 otherUs=14 prims=0 usPerPrim=17
[SH-XBOX] vblank 201600
[MEM] tick: free=2520KB (630 pages)
[FT] avgMs=17 worstMs=59 gameMs=12 drawMs=4 swapWait=0ms draws=2 decodes=0 decMs=0
[OTS] f=188160 calls=2 n0=2048 n1=16 prims=684 bb=535,742,334,385
[OTT] walkUs=17 texUs=0 emitUs=0 submitUs=3 otherUs=14 prims=0 usPerPrim=17
[FT] avgMs=16 worstMs=49 gameMs=10 drawMs=6 swapWait=0ms draws=2 decodes=0 decMs=0
[OTS] f=188280 calls=2 n0=2048 n1=16 prims=696 bb=535,742,334,385
[OTT] walkUs=17 texUs=0 emitUs=0 submitUs=3 otherUs=14 prims=0 usPerPrim=17
[FT] avgMs=16 worstMs=58 gameMs=11 drawMs=5 swapWait=0ms draws=2 decodes=0 decMs=0
[OTS] f=188400 calls=2 n0=2048 n1=16 prims=696 bb=535,742,334,385
[OTT] walkUs=17 texUs=0 emitUs=0 submitUs=3 otherUs=14 prims=0 usPerPrim=17
[FT] avgMs=16 worstMs=56 gameMs=10 drawMs=5 swapWait=0ms draws=2 decodes=0 decMs=0
[OTS] f=188520 calls=2 n0=2048 n1=16 prims=708 bb=535,742,334,385
[OTT] walkUs=17 texUs=0 emitUs=0 submitUs=3 otherUs=13 prims=0 usPerPrim=17
[FT] avgMs=16 worstMs=53 gameMs=10 drawMs=6 swapWait=0ms draws=2 decodes=0 decMs=0
[OTS] f=188640 calls=2 n0=2048 n1=16 prims=720 bb=535,742,334,385
[OTT] walkUs=17 texUs=0 emitUs=0 submitUs=3 otherUs=13 prims=0 usPerPrim=17
[SH-XBOX] vblank 202200
[MEM] tick: free=2520KB (630 pages)
[FT] avgMs=17 worstMs=58 gameMs=10 drawMs=6 swapWait=0ms draws=2 decodes=0 decMs=0
[OTS] f=188760 calls=2 n0=2048 n1=16 prims=720 bb=535,742,334,385
[OTT] walkUs=17 texUs=0 emitUs=0 submitUs=3 otherUs=13 prims=0 usPerPrim=17
[FT] avgMs=16 worstMs=53 gameMs=10 drawMs=6 swapWait=0ms draws=2 decodes=0 decMs=0
[OTS] f=188880 calls=2 n0=2048 n1=16 prims=720 bb=535,742,334,385
[OTT] walkUs=17 texUs=0 emitUs=0 submitUs=3 otherUs=13 prims=0 usPerPrim=17
[FT] avgMs=17 worstMs=63 gameMs=10 drawMs=6 swapWait=0ms draws=2 decodes=0 decMs=0
[OTS] f=189000 calls=2 n0=2048 n1=16 prims=720 bb=535,742,334,385
[OTT] walkUs=17 texUs=0 emitUs=0 submitUs=3 otherUs=14 prims=0 usPerPrim=17
[FT] avgMs=16 worstMs=50 gameMs=10 drawMs=6 swapWait=0ms draws=2 decodes=0 decMs=0
[OTS] f=189120 calls=2 n0=2048 n1=28 prims=756 bb=535,742,334,385
[OTT] walkUs=133 texUs=3 emitUs=26 submitUs=15 otherUs=87 prims=6 usPerPrim=22
[FT] avgMs=16 worstMs=59 gameMs=11 drawMs=5 swapWait=0ms draws=2 decodes=0 decMs=0
[OTS] f=189240 calls=2 n0=2048 n1=28 prims=744 bb=535,742,334,385
[OTT] walkUs=272 texUs=3 emitUs=26 submitUs=13 otherUs=228 prims=6 usPerPrim=45
[SH-XBOX] vblank 202800
[MEM] tick: free=2520KB (630 pages)
[FT] avgMs=17 worstMs=73 gameMs=13 drawMs=3 swapWait=0ms draws=2 decodes=0 decMs=0
[OTS] f=189360 calls=2 n0=2048 n1=28 prims=780 bb=535,742,334,385
[OTT] walkUs=76 texUs=3 emitUs=26 submitUs=14 otherUs=32 prims=6 usPerPrim=12
[FT] avgMs=16 worstMs=50 gameMs=13 drawMs=3 swapWait=0ms draws=2 decodes=0 decMs=0
[OTS] f=189480 calls=2 n0=2048 n1=28 prims=744 bb=535,742,334,385
[OTT] walkUs=299 texUs=3 emitUs=26 submitUs=16 otherUs=252 prims=6 usPerPrim=49
[FT] avgMs=16 worstMs=48 gameMs=11 drawMs=5 swapWait=0ms draws=2 decodes=0 decMs=0
[OTS] f=189600 calls=2 n0=2048 n1=28 prims=744 bb=535,742,334,385
[OTT] walkUs=80 texUs=3 emitUs=26 submitUs=16 otherUs=33 prims=6 usPerPrim=13
[FT] avgMs=16 worstMs=53 gameMs=12 drawMs=4 swapWait=0ms draws=2 decodes=0 decMs=0
[OTS] f=189720 calls=2 n0=2048 n1=28 prims=744 bb=535,742,334,385
[OTT] walkUs=252 texUs=2 emitUs=26 submitUs=15 otherUs=207 prims=6 usPerPrim=42
[FT] avgMs=16 worstMs=53 gameMs=10 drawMs=6 swapWait=0ms draws=2 decodes=0 decMs=0
[OTS] f=189840 calls=2 n0=2048 n1=28 prims=732 bb=535,742,334,385
[OTT] walkUs=291 texUs=3 emitUs=26 submitUs=144 otherUs=116 prims=6 usPerPrim=48
[SH-XBOX] vblank 203400
[MEM] tick: free=2520KB (630 pages)
[FT] avgMs=17 worstMs=60 gameMs=11 drawMs=5 swapWait=0ms draws=2 decodes=0 decMs=0
[OTS] f=189960 calls=2 n0=2048 n1=28 prims=720 bb=535,742,334,385
[OTT] walkUs=278 texUs=3 emitUs=26 submitUs=14 otherUs=234 prims=6 usPerPrim=46
[FT] avgMs=16 worstMs=57 gameMs=11 drawMs=5 swapWait=0ms draws=2 decodes=0 decMs=0
[OTS] f=190080 calls=2 n0=2048 n1=28 prims=720 bb=535,742,334,385
[OTT] walkUs=317 texUs=3 emitUs=26 submitUs=255 otherUs=32 prims=6 usPerPrim=52
[FT] avgMs=16 worstMs=52 gameMs=10 drawMs=6 swapWait=0ms draws=2 decodes=0 decMs=0
[OTS] f=190200 calls=2 n0=2048 n1=28 prims=732 bb=535,742,334,385
[OTT] walkUs=77 texUs=3 emitUs=26 submitUs=15 otherUs=32 prims=6 usPerPrim=12
[FT] avgMs=17 worstMs=63 gameMs=10 drawMs=6 swapWait=0ms draws=2 decodes=0 decMs=0
[OTS] f=190320 calls=2 n0=2048 n1=28 prims=720 bb=535,742,334,385
[OTT] walkUs=80 texUs=3 emitUs=26 submitUs=19 otherUs=30 prims=6 usPerPrim=13
[FT] avgMs=16 worstMs=51 gameMs=10 drawMs=6 swapWait=0ms draws=2 decodes=0 decMs=0
[OTS] f=190440 calls=2 n0=2048 n1=16 prims=696 bb=535,742,334,385
[OTT] walkUs=17 texUs=0 emitUs=0 submitUs=3 otherUs=14 prims=0 usPerPrim=17
[SH-XBOX] vblank 204000
[MEM] tick: free=2520KB (630 pages)
[FT] avgMs=17 worstMs=57 gameMs=10 drawMs=6 swapWait=0ms draws=2 decodes=0 decMs=0
[OTS] f=190560 calls=2 n0=2048 n1=16 prims=672 bb=535,742,334,385
[OTT] walkUs=17 texUs=0 emitUs=0 submitUs=3 otherUs=14 prims=0 usPerPrim=17
[FT] avgMs=16 worstMs=49 gameMs=10 drawMs=6 swapWait=0ms draws=2 decodes=0 decMs=0
[OTS] f=190680 calls=2 n0=2048 n1=16 prims=696 bb=535,742,334,385
[OTT] walkUs=17 texUs=0 emitUs=0 submitUs=3 otherUs=14 prims=0 usPerPrim=17
[FT] avgMs=16 worstMs=59 gameMs=11 drawMs=5 swapWait=0ms draws=2 decodes=0 decMs=0
[OTS] f=190800 calls=2 n0=2048 n1=16 prims=696 bb=535,742,334,385
[OTT] walkUs=17 texUs=0 emitUs=0 submitUs=3 otherUs=14 prims=0 usPerPrim=17
[FT] avgMs=16 worstMs=50 gameMs=13 drawMs=3 swapWait=0ms draws=2 decodes=0 decMs=0
[OTS] f=190920 calls=2 n0=2048 n1=16 prims=696 bb=535,742,334,385
[OTT] walkUs=17 texUs=0 emitUs=0 submitUs=3 otherUs=13 prims=0 usPerPrim=17
[FT] avgMs=16 worstMs=46 gameMs=13 drawMs=3 swapWait=0ms draws=2 decodes=0 decMs=0
[OTS] f=191040 calls=2 n0=2048 n1=16 prims=708 bb=535,742,334,385
[OTT] walkUs=17 texUs=0 emitUs=0 submitUs=2 otherUs=14 prims=0 usPerPrim=17
[SH-XBOX] vblank 204600
[MEM] tick: free=2520KB (630 pages)
[FT] avgMs=17 worstMs=53 gameMs=12 drawMs=4 swapWait=0ms draws=2 decodes=0 decMs=0
[OTS] f=191160 calls=2 n0=2048 n1=16 prims=684 bb=535,742,334,385
[OTT] walkUs=17 texUs=0 emitUs=0 submitUs=3 otherUs=14 prims=0 usPerPrim=17
[FT] avgMs=16 worstMs=49 gameMs=12 drawMs=4 swapWait=1ms draws=2 decodes=0 decMs=0
[OTS] f=191280 calls=2 n0=2048 n1=16 prims=708 bb=535,742,334,385
[OTT] walkUs=17 texUs=0 emitUs=0 submitUs=3 otherUs=14 prims=0 usPerPrim=17
[FT] avgMs=16 worstMs=47 gameMs=10 drawMs=6 swapWait=0ms draws=2 decodes=0 decMs=0
[OTS] f=191400 calls=2 n0=2048 n1=16 prims=720 bb=535,742,334,385
[OTT] walkUs=17 texUs=0 emitUs=0 submitUs=3 otherUs=14 prims=0 usPerPrim=17
[FT] avgMs=16 worstMs=55 gameMs=10 drawMs=6 swapWait=0ms draws=2 decodes=0 decMs=0
[OTS] f=191520 calls=2 n0=2048 n1=16 prims=720 bb=535,742,334,385
[OTT] walkUs=17 texUs=0 emitUs=0 submitUs=3 otherUs=13 prims=0 usPerPrim=17
[FT] avgMs=16 worstMs=51 gameMs=10 drawMs=6 swapWait=0ms draws=2 decodes=0 decMs=0
[OTS] f=191640 calls=2 n0=2048 n1=16 prims=720 bb=535,742,334,385
[OTT] walkUs=17 texUs=0 emitUs=0 submitUs=3 otherUs=14 prims=0 usPerPrim=17
[SH-XBOX] vblank 205200
[MEM] tick: free=2520KB (630 pages)
[FT] avgMs=17 worstMs=62 gameMs=10 drawMs=6 swapWait=0ms draws=2 decodes=0 decMs=0
[OTS] f=191760 calls=2 n0=2048 n1=16 prims=720 bb=535,742,334,385
[OTT] walkUs=17 texUs=0 emitUs=0 submitUs=3 otherUs=13 prims=0 usPerPrim=17
[FT] avgMs=16 worstMs=49 gameMs=10 drawMs=6 swapWait=0ms draws=2 decodes=0 decMs=0
[OTS] f=191880 calls=2 n0=2048 n1=28 prims=744 bb=535,742,334,385
[OTT] walkUs=75 texUs=3 emitUs=26 submitUs=15 otherUs=31 prims=6 usPerPrim=12
[FT] avgMs=16 worstMs=58 gameMs=10 drawMs=6 swapWait=0ms draws=2 decodes=0 decMs=0
[OTS] f=192000 calls=2 n0=2048 n1=28 prims=744 bb=535,742,334,385
[OTT] walkUs=80 texUs=3 emitUs=29 submitUs=14 otherUs=33 prims=6 usPerPrim=13
[FT] avgMs=16 worstMs=51 gameMs=10 drawMs=6 swapWait=0ms draws=2 decodes=0 decMs=0
[OTS] f=192120 calls=2 n0=2048 n1=28 prims=744 bb=535,742,334,385
[OTT] walkUs=86 texUs=3 emitUs=24 submitUs=15 otherUs=43 prims=6 usPerPrim=14
[FT] avgMs=17 worstMs=63 gameMs=10 drawMs=6 swapWait=0ms draws=2 decodes=0 decMs=0
[OTS] f=192240 calls=2 n0=2048 n1=28 prims=756 bb=535,742,334,385
[OTT] walkUs=112 texUs=3 emitUs=26 submitUs=14 otherUs=69 prims=6 usPerPrim=18
[SH-XBOX] vblank 205800
[MEM] tick: free=2520KB (630 pages)
[FT] avgMs=17 worstMs=60 gameMs=11 drawMs=5 swapWait=0ms draws=2 decodes=0 decMs=0
[OTS] f=192360 calls=2 n0=2048 n1=28 prims=768 bb=535,742,334,385
[OTT] walkUs=75 texUs=3 emitUs=26 submitUs=14 otherUs=31 prims=6 usPerPrim=12
[FT] avgMs=16 worstMs=51 gameMs=13 drawMs=3 swapWait=0ms draws=2 decodes=0 decMs=0
[OTS] f=192480 calls=2 n0=2048 n1=28 prims=744 bb=535,742,334,385
[OTT] walkUs=78 texUs=3 emitUs=25 submitUs=15 otherUs=34 prims=6 usPerPrim=13
[FT] avgMs=16 worstMs=47 gameMs=13 drawMs=3 swapWait=0ms draws=2 decodes=0 decMs=0
[OTS] f=192600 calls=2 n0=2048 n1=28 prims=732 bb=535,742,334,385
[OTT] walkUs=100 texUs=3 emitUs=26 submitUs=14 otherUs=56 prims=6 usPerPrim=16
[FT] avgMs=16 worstMs=59 gameMs=12 drawMs=4 swapWait=0ms draws=2 decodes=0 decMs=0
[OTS] f=192720 calls=2 n0=2048 n1=28 prims=720 bb=535,742,334,385
[OTT] walkUs=402 texUs=3 emitUs=26 submitUs=16 otherUs=357 prims=6 usPerPrim=67
[FT] avgMs=16 worstMs=52 gameMs=12 drawMs=4 swapWait=0ms draws=2 decodes=0 decMs=0
[OTS] f=192840 calls=2 n0=2048 n1=28 prims=720 bb=535,742,334,385
[OTT] walkUs=158 texUs=3 emitUs=25 submitUs=19 otherUs=110 prims=6 usPerPrim=26
[SH-XBOX] vblank 206400
[MEM] tick: free=2520KB (630 pages)
[FT] avgMs=17 worstMs=61 gameMs=11 drawMs=6 swapWait=0ms draws=2 decodes=0 decMs=0
[OTS] f=192960 calls=2 n0=2048 n1=28 prims=720 bb=535,742,334,385
[OTT] walkUs=230 texUs=3 emitUs=26 submitUs=16 otherUs=184 prims=6 usPerPrim=38
[FT] avgMs=16 worstMs=54 gameMs=10 drawMs=5 swapWait=0ms draws=2 decodes=0 decMs=0
[OTS] f=193080 calls=2 n0=2048 n1=28 prims=732 bb=535,742,334,385
[OTT] walkUs=243 texUs=3 emitUs=25 submitUs=149 otherUs=66 prims=6 usPerPrim=40
[FT] avgMs=16 worstMs=59 gameMs=10 drawMs=5 swapWait=0ms draws=2 decodes=0 decMs=0
[OTS] f=193200 calls=2 n0=2048 n1=16 prims=696 bb=535,742,334,385
[OTT] walkUs=17 texUs=0 emitUs=0 submitUs=3 otherUs=14 prims=0 usPerPrim=17
[FT] avgMs=17 worstMs=56 gameMs=10 drawMs=6 swapWait=1ms draws=2 decodes=0 decMs=0
[OTS] f=193320 calls=2 n0=2048 n1=16 prims=696 bb=535,742,334,385
[OTT] walkUs=17 texUs=0 emitUs=0 submitUs=3 otherUs=13 prims=0 usPerPrim=17
[FT] avgMs=16 worstMs=50 gameMs=10 drawMs=6 swapWait=0ms draws=2 decodes=0 decMs=0
[OTS] f=193440 calls=2 n0=2048 n1=16 prims=696 bb=535,742,334,385
[OTT] walkUs=17 texUs=0 emitUs=0 submitUs=3 otherUs=14 prims=0 usPerPrim=17
[SH-XBOX] vblank 207000
[MEM] tick: free=2520KB (630 pages)
[FT] avgMs=17 worstMs=59 gameMs=10 drawMs=6 swapWait=0ms draws=2 decodes=0 decMs=0
[OTS] f=193560 calls=2 n0=2048 n1=16 prims=672 bb=535,742,334,385
[OTT] walkUs=17 texUs=0 emitUs=0 submitUs=3 otherUs=13 prims=0 usPerPrim=17
[FT] avgMs=16 worstMs=56 gameMs=10 drawMs=6 swapWait=0ms draws=2 decodes=0 decMs=0
[OTS] f=193680 calls=2 n0=2048 n1=16 prims=696 bb=535,742,334,385
[OTT] walkUs=17 texUs=0 emitUs=0 submitUs=3 otherUs=13 prims=0 usPerPrim=17
[FT] avgMs=16 worstMs=48 gameMs=10 drawMs=6 swapWait=0ms draws=2 decodes=0 decMs=0
[OTS] f=193800 calls=2 n0=2048 n1=16 prims=696 bb=535,742,334,385
[OTT] walkUs=17 texUs=0 emitUs=0 submitUs=3 otherUs=14 prims=0 usPerPrim=17
[FT] avgMs=16 worstMs=56 gameMs=11 drawMs=5 swapWait=0ms draws=2 decodes=0 decMs=0
[OTS] f=193920 calls=2 n0=2048 n1=16 prims=696 bb=535,742,334,385
[OTT] walkUs=17 texUs=0 emitUs=0 submitUs=3 otherUs=14 prims=0 usPerPrim=17
[FT] avgMs=16 worstMs=46 gameMs=13 drawMs=3 swapWait=0ms draws=2 decodes=0 decMs=0
[OTS] f=194040 calls=2 n0=2048 n1=16 prims=708 bb=535,742,334,385
[OTT] walkUs=17 texUs=0 emitUs=0 submitUs=3 otherUs=13 prims=0 usPerPrim=17
[SH-XBOX] vblank 207600
[MEM] tick: free=2520KB (630 pages)
[FT] avgMs=17 worstMs=48 gameMs=13 drawMs=3 swapWait=0ms draws=2 decodes=0 decMs=0
[OTS] f=194160 calls=2 n0=2048 n1=16 prims=720 bb=535,742,334,385
[OTT] walkUs=17 texUs=0 emitUs=0 submitUs=4 otherUs=13 prims=0 usPerPrim=17
[FT] avgMs=16 worstMs=47 gameMs=12 drawMs=4 swapWait=0ms draws=2 decodes=0 decMs=0
[OTS] f=194280 calls=2 n0=2048 n1=16 prims=720 bb=535,742,334,385
[OTT] walkUs=17 texUs=0 emitUs=0 submitUs=3 otherUs=13 prims=0 usPerPrim=17
[FT] avgMs=16 worstMs=53 gameMs=12 drawMs=4 swapWait=0ms draws=2 decodes=0 decMs=0
[OTS] f=194400 calls=2 n0=2048 n1=16 prims=720 bb=535,742,334,385
[OTT] walkUs=17 texUs=0 emitUs=0 submitUs=3 otherUs=13 prims=0 usPerPrim=17
[FT] avgMs=16 worstMs=52 gameMs=10 drawMs=6 swapWait=0ms draws=2 decodes=0 decMs=0
[OTS] f=194520 calls=2 n0=2048 n1=16 prims=720 bb=535,742,334,385
[OTT] walkUs=17 texUs=0 emitUs=0 submitUs=3 otherUs=13 prims=0 usPerPrim=17
[FT] avgMs=16 worstMs=60 gameMs=10 drawMs=6 swapWait=0ms draws=2 decodes=0 decMs=0
[OTS] f=194640 calls=2 n0=2048 n1=16 prims=720 bb=535,742,334,385
[OTT] walkUs=17 texUs=0 emitUs=0 submitUs=6 otherUs=11 prims=0 usPerPrim=17
[SH-XBOX] vblank 208200
[MEM] tick: free=2520KB (630 pages)
[FT] avgMs=17 worstMs=54 gameMs=11 drawMs=6 swapWait=0ms draws=2 decodes=0 decMs=0
[OTS] f=194760 calls=2 n0=2048 n1=28 prims=768 bb=535,742,334,385
[OTT] walkUs=77 texUs=3 emitUs=26 submitUs=14 otherUs=32 prims=6 usPerPrim=12
[FT] avgMs=16 worstMs=50 gameMs=10 drawMs=6 swapWait=0ms draws=2 decodes=0 decMs=0
[OTS] f=194880 calls=2 n0=2048 n1=28 prims=744 bb=535,742,334,385
[OTT] walkUs=189 texUs=3 emitUs=26 submitUs=14 otherUs=145 prims=6 usPerPrim=31
[FT] avgMs=16 worstMs=59 gameMs=10 drawMs=6 swapWait=0ms draws=2 decodes=0 decMs=0
[OTS] f=195000 calls=2 n0=2048 n1=28 prims=756 bb=535,742,334,385
[OTT] walkUs=77 texUs=3 emitUs=26 submitUs=13 otherUs=33 prims=6 usPerPrim=12
[FT] avgMs=16 worstMs=53 gameMs=10 drawMs=6 swapWait=1ms draws=2 decodes=0 decMs=0
[OTS] f=195120 calls=2 n0=2048 n1=28 prims=744 bb=535,742,334,385
[OTT] walkUs=76 texUs=3 emitUs=26 submitUs=14 otherUs=32 prims=6 usPerPrim=12
[FT] avgMs=16 worstMs=53 gameMs=10 drawMs=6 swapWait=0ms draws=2 decodes=0 decMs=0
[OTS] f=195240 calls=2 n0=2048 n1=28 prims=744 bb=535,742,334,385
[OTT] walkUs=229 texUs=3 emitUs=26 submitUs=14 otherUs=183 prims=6 usPerPrim=38
[SH-XBOX] vblank 208800
[MEM] tick: free=2520KB (630 pages)
[FT] avgMs=17 worstMs=58 gameMs=10 drawMs=6 swapWait=0ms draws=2 decodes=0 decMs=0
[OTS] f=195360 calls=2 n0=2048 n1=28 prims=768 bb=535,742,334,385
[OTT] walkUs=210 texUs=2 emitUs=25 submitUs=150 otherUs=31 prims=6 usPerPrim=35
[FT] avgMs=16 worstMs=51 gameMs=11 drawMs=5 swapWait=0ms draws=2 decodes=0 decMs=0
[OTS] f=195480 calls=2 n0=2048 n1=28 prims=732 bb=535,742,334,385
[OTT] walkUs=76 texUs=3 emitUs=26 submitUs=14 otherUs=32 prims=6 usPerPrim=12
[FT] avgMs=16 worstMs=56 gameMs=13 drawMs=3 swapWait=0ms draws=2 decodes=0 decMs=0
[OTS] f=195600 calls=2 n0=2048 n1=28 prims=720 bb=535,742,334,385
[OTT] walkUs=77 texUs=3 emitUs=26 submitUs=16 otherUs=31 prims=6 usPerPrim=12
[FT] avgMs=16 worstMs=50 gameMs=13 drawMs=3 swapWait=0ms draws=2 decodes=0 decMs=0
[OTS] f=195720 calls=2 n0=2048 n1=28 prims=720 bb=535,742,334,385
[OTT] walkUs=87 texUs=3 emitUs=30 submitUs=14 otherUs=38 prims=6 usPerPrim=14
[FT] avgMs=16 worstMs=49 gameMs=12 drawMs=4 swapWait=0ms draws=2 decodes=0 decMs=0
[OTS] f=195840 calls=2 n0=2048 n1=28 prims=720 bb=535,742,334,385
[OTT] walkUs=74 texUs=3 emitUs=24 submitUs=15 otherUs=31 prims=6 usPerPrim=12
[SH-XBOX] vblank 209400
[MEM] tick: free=2520KB (630 pages)
[FT] avgMs=17 worstMs=56 gameMs=12 drawMs=4 swapWait=0ms draws=2 decodes=0 decMs=0
[OTS] f=195960 calls=2 n0=2048 n1=28 prims=720 bb=535,742,334,385
[OTT] walkUs=76 texUs=3 emitUs=25 submitUs=13 otherUs=33 prims=6 usPerPrim=12
[FT] avgMs=16 worstMs=55 gameMs=10 drawMs=6 swapWait=0ms draws=2 decodes=0 decMs=0
[OTS] f=196080 calls=2 n0=2048 n1=16 prims=708 bb=535,742,334,385
[OTT] walkUs=17 texUs=0 emitUs=0 submitUs=3 otherUs=14 prims=0 usPerPrim=17
[FT] avgMs=16 worstMs=48 gameMs=10 drawMs=6 swapWait=0ms draws=2 decodes=0 decMs=0
[OTS] f=196200 calls=2 n0=2048 n1=16 prims=696 bb=535,742,334,385
[OTT] walkUs=17 texUs=0 emitUs=0 submitUs=3 otherUs=14 prims=0 usPerPrim=17
[FT] avgMs=16 worstMs=56 gameMs=10 drawMs=6 swapWait=0ms draws=2 decodes=0 decMs=0
[OTS] f=196320 calls=2 n0=2048 n1=16 prims=696 bb=535,742,334,385
[OTT] walkUs=17 texUs=0 emitUs=0 submitUs=3 otherUs=14 prims=0 usPerPrim=17
[FT] avgMs=17 worstMs=53 gameMs=10 drawMs=6 swapWait=0ms draws=2 decodes=0 decMs=0
[OTS] f=196440 calls=2 n0=2048 n1=16 prims=696 bb=535,742,334,385
[OTT] walkUs=17 texUs=0 emitUs=0 submitUs=3 otherUs=14 prims=0 usPerPrim=17
[SH-XBOX] vblank 210000
[MEM] tick: free=2520KB (630 pages)
[FT] avgMs=17 worstMs=59 gameMs=11 drawMs=6 swapWait=0ms draws=2 decodes=0 decMs=0
[OTS] f=196560 calls=2 n0=2048 n1=16 prims=660 bb=535,742,334,385
[OTT] walkUs=17 texUs=0 emitUs=0 submitUs=5 otherUs=11 prims=0 usPerPrim=17
[FT] avgMs=16 worstMs=46 gameMs=10 drawMs=6 swapWait=0ms draws=2 decodes=0 decMs=0
[OTS] f=196680 calls=2 n0=2048 n1=16 prims=696 bb=535,742,334,385
[OTT] walkUs=17 texUs=0 emitUs=0 submitUs=3 otherUs=14 prims=0 usPerPrim=17
[FT] avgMs=16 worstMs=58 gameMs=10 drawMs=6 swapWait=0ms draws=2 decodes=0 decMs=0
[OTS] f=196800 calls=2 n0=2048 n1=16 prims=696 bb=535,742,334,385
[OTT] walkUs=17 texUs=0 emitUs=0 submitUs=3 otherUs=13 prims=0 usPerPrim=17
[FT] avgMs=16 worstMs=53 gameMs=10 drawMs=6 swapWait=0ms draws=2 decodes=0 decMs=0
[OTS] f=196920 calls=2 n0=2048 n1=16 prims=708 bb=535,742,334,385
[OTT] walkUs=22 texUs=0 emitUs=0 submitUs=3 otherUs=18 prims=0 usPerPrim=22
[FT] avgMs=16 worstMs=59 gameMs=11 drawMs=5 swapWait=0ms draws=2 decodes=0 decMs=0
[OTS] f=197040 calls=2 n0=2048 n1=16 prims=720 bb=535,742,334,385
[OTT] walkUs=17 texUs=0 emitUs=0 submitUs=3 otherUs=13 prims=0 usPerPrim=17
[SH-XBOX] vblank 210600
[MEM] tick: free=2520KB (630 pages)
[FT] avgMs=17 worstMs=52 gameMs=13 drawMs=3 swapWait=0ms draws=2 decodes=0 decMs=0
[OTS] f=197160 calls=2 n0=2048 n1=16 prims=720 bb=535,742,334,385
[OTT] walkUs=17 texUs=0 emitUs=0 submitUs=3 otherUs=14 prims=0 usPerPrim=17
[FT] avgMs=16 worstMs=46 gameMs=13 drawMs=3 swapWait=0ms draws=2 decodes=0 decMs=0
[OTS] f=197280 calls=2 n0=2048 n1=16 prims=720 bb=535,742,334,385
[OTT] walkUs=17 texUs=0 emitUs=0 submitUs=3 otherUs=14 prims=0 usPerPrim=17
[FT] avgMs=16 worstMs=50 gameMs=12 drawMs=4 swapWait=0ms draws=2 decodes=0 decMs=0
[OTS] f=197400 calls=2 n0=2048 n1=16 prims=720 bb=535,742,334,385
[OTT] walkUs=17 texUs=0 emitUs=0 submitUs=3 otherUs=14 prims=0 usPerPrim=17
[FT] avgMs=17 worstMs=69 gameMs=12 drawMs=5 swapWait=0ms draws=2 decodes=0 decMs=0
[OTS] f=197520 calls=2 n0=2048 n1=28 prims=744 bb=535,742,334,385
[OTT] walkUs=82 texUs=3 emitUs=26 submitUs=15 otherUs=36 prims=6 usPerPrim=13
[FT] avgMs=16 worstMs=48 gameMs=10 drawMs=6 swapWait=0ms draws=2 decodes=0 decMs=0
[OTS] f=197640 calls=2 n0=2048 n1=28 prims=744 bb=535,742,334,385
[OTT] walkUs=76 texUs=3 emitUs=25 submitUs=15 otherUs=32 prims=6 usPerPrim=12
[SH-XBOX] vblank 211200
[MEM] tick: free=2520KB (630 pages)
[FT] avgMs=17 worstMs=58 gameMs=11 drawMs=6 swapWait=1ms draws=2 decodes=0 decMs=0
[OTS] f=197760 calls=2 n0=2048 n1=28 prims=768 bb=535,742,334,385
[OTT] walkUs=201 texUs=3 emitUs=26 submitUs=15 otherUs=155 prims=6 usPerPrim=33
[FT] avgMs=16 worstMs=50 gameMs=10 drawMs=6 swapWait=0ms draws=2 decodes=0 decMs=0
[OTS] f=197880 calls=2 n0=2048 n1=28 prims=744 bb=535,742,334,385
[OTT] walkUs=372 texUs=3 emitUs=26 submitUs=14 otherUs=327 prims=6 usPerPrim=62
[FT] avgMs=17 worstMs=61 gameMs=10 drawMs=6 swapWait=0ms draws=2 decodes=0 decMs=0
[OTS] f=198000 calls=2 n0=2048 n1=28 prims=756 bb=535,742,334,385
[OTT] walkUs=87 texUs=3 emitUs=26 submitUs=14 otherUs=42 prims=6 usPerPrim=14
[FT] avgMs=16 worstMs=48 gameMs=10 drawMs=6 swapWait=0ms draws=2 decodes=0 decMs=0
[OTS] f=198120 calls=2 n0=2048 n1=28 prims=744 bb=535,742,334,385
[OTT] walkUs=78 texUs=2 emitUs=27 submitUs=14 otherUs=32 prims=6 usPerPrim=13
[FT] avgMs=16 worstMs=58 gameMs=10 drawMs=6 swapWait=0ms draws=2 decodes=0 decMs=0
[OTS] f=198240 calls=2 n0=2048 n1=28 prims=732 bb=535,742,334,385
[OTT] walkUs=132 texUs=3 emitUs=26 submitUs=16 otherUs=86 prims=6 usPerPrim=22
[SH-XBOX] vblank 211800
[MEM] tick: free=2520KB (630 pages)
[FT] avgMs=17 worstMs=52 gameMs=10 drawMs=6 swapWait=0ms draws=2 decodes=0 decMs=0
[OTS] f=198360 calls=2 n0=2048 n1=28 prims=720 bb=535,742,334,385
[OTT] walkUs=93 texUs=3 emitUs=31 submitUs=16 otherUs=42 prims=6 usPerPrim=15
[FT] avgMs=17 worstMs=61 gameMs=10 drawMs=6 swapWait=0ms draws=2 decodes=0 decMs=0
[OTS] f=198480 calls=2 n0=2048 n1=28 prims=720 bb=535,742,334,385
[OTT] walkUs=75 texUs=3 emitUs=24 submitUs=15 otherUs=31 prims=6 usPerPrim=12
[FT] avgMs=16 worstMs=46 gameMs=11 drawMs=5 swapWait=0ms draws=2 decodes=0 decMs=0
[OTS] f=198600 calls=2 n0=2048 n1=28 prims=720 bb=535,742,334,385
[OTT] walkUs=185 texUs=3 emitUs=26 submitUs=15 otherUs=139 prims=6 usPerPrim=30
[FT] avgMs=16 worstMs=52 gameMs=13 drawMs=3 swapWait=0ms draws=2 decodes=0 decMs=0
[OTS] f=198720 calls=2 n0=2048 n1=28 prims=720 bb=535,742,334,385
[OTT] walkUs=206 texUs=3 emitUs=26 submitUs=16 otherUs=160 prims=6 usPerPrim=34
[FT] avgMs=16 worstMs=48 gameMs=12 drawMs=4 swapWait=1ms draws=2 decodes=0 decMs=0
[OTS] f=198840 calls=2 n0=2048 n1=16 prims=708 bb=535,742,334,385
[OTT] walkUs=17 texUs=0 emitUs=0 submitUs=3 otherUs=14 prims=0 usPerPrim=17
[SH-XBOX] vblank 212400
[MEM] tick: free=2520KB (630 pages)
[FT] avgMs=17 worstMs=59 gameMs=12 drawMs=4 swapWait=0ms draws=2 decodes=0 decMs=0
[OTS] f=198960 calls=2 n0=2048 n1=16 prims=660 bb=535,742,334,385
[OTT] walkUs=17 texUs=0 emitUs=0 submitUs=3 otherUs=14 prims=0 usPerPrim=17
[FT] avgMs=17 worstMs=53 gameMs=11 drawMs=5 swapWait=0ms draws=2 decodes=0 decMs=0
[OTS] f=199080 calls=2 n0=2048 n1=16 prims=696 bb=535,742,334,385
[OTT] walkUs=17 texUs=0 emitUs=0 submitUs=2 otherUs=14 prims=0 usPerPrim=17
[FT] avgMs=16 worstMs=45 gameMs=10 drawMs=5 swapWait=0ms draws=2 decodes=0 decMs=0
[OTS] f=199200 calls=2 n0=2048 n1=16 prims=696 bb=535,742,334,385
[OTT] walkUs=17 texUs=0 emitUs=0 submitUs=3 otherUs=14 prims=0 usPerPrim=17
[FT] avgMs=16 worstMs=59 gameMs=11 drawMs=5 swapWait=0ms draws=2 decodes=0 decMs=0
[OTS] f=199320 calls=2 n0=2048 n1=16 prims=696 bb=535,742,334,385
[OTT] walkUs=17 texUs=0 emitUs=0 submitUs=3 otherUs=13 prims=0 usPerPrim=17
[FT] avgMs=16 worstMs=53 gameMs=10 drawMs=6 swapWait=0ms draws=2 decodes=0 decMs=0
[OTS] f=199440 calls=2 n0=2048 n1=16 prims=696 bb=535,742,334,385
[OTT] walkUs=17 texUs=0 emitUs=0 submitUs=3 otherUs=14 prims=0 usPerPrim=17
[SH-XBOX] vblank 213000
[MEM] tick: free=2520KB (630 pages)
[FT] avgMs=17 worstMs=61 gameMs=10 drawMs=6 swapWait=0ms draws=2 decodes=0 decMs=0
[OTS] f=199560 calls=2 n0=2048 n1=16 prims=684 bb=535,742,334,385
[OTT] walkUs=47 texUs=0 emitUs=0 submitUs=4 otherUs=43 prims=0 usPerPrim=47
[FT] avgMs=16 worstMs=47 gameMs=10 drawMs=6 swapWait=0ms draws=2 decodes=0 decMs=0
[OTS] f=199680 calls=2 n0=2048 n1=16 prims=720 bb=535,742,334,385
[OTT] walkUs=17 texUs=0 emitUs=0 submitUs=3 otherUs=14 prims=0 usPerPrim=17
[FT] avgMs=16 worstMs=60 gameMs=10 drawMs=6 swapWait=0ms draws=2 decodes=0 decMs=0
[OTS] f=199800 calls=2 n0=2048 n1=16 prims=720 bb=535,742,334,385
[OTT] walkUs=17 texUs=0 emitUs=0 submitUs=4 otherUs=13 prims=0 usPerPrim=17
[FT] avgMs=16 worstMs=55 gameMs=10 drawMs=6 swapWait=0ms draws=2 decodes=0 decMs=0
[OTS] f=199920 calls=2 n0=2048 n1=16 prims=732 bb=535,742,334,385
[OTT] walkUs=17 texUs=0 emitUs=0 submitUs=3 otherUs=14 prims=0 usPerPrim=17
[FT] avgMs=16 worstMs=47 gameMs=10 drawMs=6 swapWait=0ms draws=2 decodes=0 decMs=0
[OTS] f=200040 calls=2 n0=2048 n1=16 prims=720 bb=535,742,334,385
[OTT] walkUs=17 texUs=0 emitUs=0 submitUs=3 otherUs=13 prims=0 usPerPrim=17
[SH-XBOX] vblank 213600
[MEM] tick: free=2520KB (630 pages)
[FT] avgMs=17 worstMs=60 gameMs=11 drawMs=5 swapWait=0ms draws=2 decodes=0 decMs=0
[OTS] f=200160 calls=2 n0=2048 n1=28 prims=744 bb=535,742,334,385
[OTT] walkUs=93 texUs=3 emitUs=30 submitUs=15 otherUs=44 prims=6 usPerPrim=15
[FT] avgMs=16 worstMs=48 gameMs=13 drawMs=3 swapWait=0ms draws=2 decodes=0 decMs=0
[OTS] f=200280 calls=2 n0=2048 n1=28 prims=744 bb=535,742,334,385
[OTT] walkUs=73 texUs=3 emitUs=25 submitUs=14 otherUs=29 prims=6 usPerPrim=12
[FT] avgMs=16 worstMs=56 gameMs=12 drawMs=4 swapWait=0ms draws=2 decodes=0 decMs=0
[OTS] f=200400 calls=2 n0=2048 n1=28 prims=744 bb=535,742,334,385
[OTT] walkUs=77 texUs=3 emitUs=26 submitUs=15 otherUs=33 prims=6 usPerPrim=12
[FT] avgMs=16 worstMs=52 gameMs=12 drawMs=4 swapWait=0ms draws=2 decodes=0 decMs=0
[OTS] f=200520 calls=2 n0=2048 n1=28 prims=744 bb=535,742,334,385
[OTT] walkUs=114 texUs=3 emitUs=29 submitUs=16 otherUs=64 prims=6 usPerPrim=19
[FT] avgMs=16 worstMs=49 gameMs=11 drawMs=5 swapWait=1ms draws=2 decodes=0 decMs=0
[OTS] f=200640 calls=2 n0=2048 n1=28 prims=744 bb=535,742,334,385
[OTT] walkUs=168 texUs=3 emitUs=26 submitUs=14 otherUs=123 prims=6 usPerPrim=28
[SH-XBOX] vblank 214200
[MEM] tick: free=2520KB (630 pages)
[FT] avgMs=17 worstMs=61 gameMs=11 drawMs=6 swapWait=0ms draws=2 decodes=0 decMs=0
[OTS] f=200760 calls=2 n0=2048 n1=28 prims=768 bb=535,742,334,385
[OTT] walkUs=167 texUs=3 emitUs=25 submitUs=13 otherUs=124 prims=6 usPerPrim=27
[FT] avgMs=16 worstMs=58 gameMs=11 drawMs=5 swapWait=0ms draws=2 decodes=0 decMs=0
[OTS] f=200880 calls=2 n0=2048 n1=28 prims=744 bb=535,742,334,385
[OTT] walkUs=234 texUs=3 emitUs=26 submitUs=15 otherUs=189 prims=6 usPerPrim=39
[FT] avgMs=16 worstMs=54 gameMs=10 drawMs=6 swapWait=0ms draws=2 decodes=0 decMs=0
[OTS] f=201000 calls=2 n0=2048 n1=28 prims=732 bb=535,742,334,385
[OTT] walkUs=379 texUs=3 emitUs=25 submitUs=319 otherUs=31 prims=6 usPerPrim=63
[FT] avgMs=16 worstMs=60 gameMs=10 drawMs=6 swapWait=0ms draws=2 decodes=0 decMs=0
[OTS] f=201120 calls=2 n0=2048 n1=28 prims=720 bb=535,742,334,385
[OTT] walkUs=76 texUs=3 emitUs=26 submitUs=14 otherUs=32 prims=6 usPerPrim=12
[FT] avgMs=16 worstMs=50 gameMs=10 drawMs=6 swapWait=0ms draws=2 decodes=0 decMs=0
[OTS] f=201240 calls=2 n0=2048 n1=28 prims=720 bb=535,742,334,385
[OTT] walkUs=308 texUs=3 emitUs=24 submitUs=64 otherUs=215 prims=6 usPerPrim=51
[SH-XBOX] vblank 214800
[MEM] tick: free=2520KB (630 pages)
[FT] avgMs=17 worstMs=61 gameMs=11 drawMs=6 swapWait=0ms draws=2 decodes=0 decMs=0
[OTS] f=201360 calls=2 n0=2048 n1=28 prims=720 bb=535,742,334,385
[OTT] walkUs=244 texUs=3 emitUs=26 submitUs=14 otherUs=200 prims=6 usPerPrim=40
[FT] avgMs=16 worstMs=50 gameMs=10 drawMs=6 swapWait=0ms draws=2 decodes=0 decMs=0
[OTS] f=201480 calls=2 n0=2048 n1=28 prims=720 bb=535,742,334,385
[OTT] walkUs=202 texUs=2 emitUs=25 submitUs=14 otherUs=158 prims=6 usPerPrim=33
[FT] avgMs=17 worstMs=60 gameMs=10 drawMs=6 swapWait=0ms draws=2 decodes=0 decMs=0
[OTS] f=201600 calls=2 n0=2048 n1=16 prims=684 bb=535,742,334,385
[OTT] walkUs=17 texUs=0 emitUs=0 submitUs=3 otherUs=14 prims=0 usPerPrim=17
[FT] avgMs=16 worstMs=60 gameMs=11 drawMs=5 swapWait=0ms draws=2 decodes=0 decMs=0
[OTS] f=201720 calls=2 n0=2048 n1=16 prims=696 bb=535,742,334,385
[OTT] walkUs=17 texUs=0 emitUs=0 submitUs=3 otherUs=13 prims=0 usPerPrim=17
[FT] avgMs=16 worstMs=50 gameMs=13 drawMs=3 swapWait=0ms draws=2 decodes=0 decMs=0
[OTS] f=201840 calls=2 n0=2048 n1=16 prims=696 bb=535,742,334,385
[OTT] walkUs=17 texUs=0 emitUs=0 submitUs=3 otherUs=14 prims=0 usPerPrim=17
[SH-XBOX] vblank 215400
[MEM] tick: free=2520KB (630 pages)
[FT] avgMs=17 worstMs=53 gameMs=12 drawMs=4 swapWait=0ms draws=2 decodes=0 decMs=0
[OTS] f=201960 calls=2 n0=2048 n1=16 prims=672 bb=535,742,334,385
[OTT] walkUs=17 texUs=0 emitUs=0 submitUs=3 otherUs=13 prims=0 usPerPrim=17
[FT] avgMs=16 worstMs=48 gameMs=12 drawMs=4 swapWait=0ms draws=2 decodes=0 decMs=0
[OTS] f=202080 calls=2 n0=2048 n1=16 prims=696 bb=535,742,334,385
[OTT] walkUs=17 texUs=0 emitUs=0 submitUs=3 otherUs=14 prims=0 usPerPrim=17
[FT] avgMs=16 worstMs=58 gameMs=11 drawMs=5 swapWait=0ms draws=2 decodes=0 decMs=0
[OTS] f=202200 calls=2 n0=2048 n1=16 prims=696 bb=535,742,334,385
[OTT] walkUs=17 texUs=0 emitUs=0 submitUs=3 otherUs=14 prims=0 usPerPrim=17
[FT] avgMs=16 worstMs=60 gameMs=10 drawMs=5 swapWait=0ms draws=2 decodes=0 decMs=0
[OTS] f=202320 calls=2 n0=2048 n1=16 prims=696 bb=535,742,334,385
[OTT] walkUs=17 texUs=0 emitUs=0 submitUs=3 otherUs=13 prims=0 usPerPrim=17
[FT] avgMs=16 worstMs=51 gameMs=11 drawMs=5 swapWait=0ms draws=2 decodes=0 decMs=0
[OTS] f=202440 calls=2 n0=2048 n1=16 prims=708 bb=535,742,334,385
[OTT] walkUs=17 texUs=0 emitUs=0 submitUs=3 otherUs=14 prims=0 usPerPrim=17
[SH-XBOX] vblank 216000
[MEM] tick: free=2520KB (630 pages)
[FT] avgMs=17 worstMs=58 gameMs=11 drawMs=6 swapWait=0ms draws=2 decodes=0 decMs=0
[OTS] f=202560 calls=2 n0=2048 n1=16 prims=720 bb=535,742,334,385
[OTT] walkUs=17 texUs=0 emitUs=0 submitUs=3 otherUs=13 prims=0 usPerPrim=17
[FT] avgMs=16 worstMs=53 gameMs=10 drawMs=6 swapWait=0ms draws=2 decodes=0 decMs=0
[OTS] f=202680 calls=2 n0=2048 n1=16 prims=720 bb=535,742,334,385
[OTT] walkUs=17 texUs=0 emitUs=0 submitUs=3 otherUs=13 prims=0 usPerPrim=17
[FT] avgMs=17 worstMs=66 gameMs=10 drawMs=6 swapWait=0ms draws=2 decodes=0 decMs=0
[OTS] f=202800 calls=2 n0=2048 n1=16 prims=720 bb=535,742,334,385
[OTT] walkUs=17 texUs=0 emitUs=0 submitUs=3 otherUs=14 prims=0 usPerPrim=17
[FT] avgMs=16 worstMs=49 gameMs=10 drawMs=6 swapWait=1ms draws=2 decodes=0 decMs=0
[OTS] f=202920 calls=2 n0=2048 n1=28 prims=732 bb=535,742,334,385
[OTT] walkUs=217 texUs=3 emitUs=26 submitUs=21 otherUs=166 prims=6 usPerPrim=36
[FT] avgMs=16 worstMs=57 gameMs=10 drawMs=6 swapWait=0ms draws=2 decodes=0 decMs=0
[OTS] f=203040 calls=2 n0=2048 n1=28 prims=744 bb=535,742,334,385
[OTT] walkUs=98 texUs=3 emitUs=26 submitUs=14 otherUs=54 prims=6 usPerPrim=16
[SH-XBOX] vblank 216600
[MEM] tick: free=2520KB (630 pages)
[FT] avgMs=17 worstMs=53 gameMs=11 drawMs=6 swapWait=0ms draws=2 decodes=0 decMs=0
[OTS] f=203160 calls=2 n0=2048 n1=28 prims=768 bb=535,742,334,385
[OTT] walkUs=166 texUs=3 emitUs=26 submitUs=14 otherUs=121 prims=6 usPerPrim=27
[FT] avgMs=17 worstMs=61 gameMs=11 drawMs=5 swapWait=0ms draws=2 decodes=0 decMs=0
[OTS] f=203280 calls=2 n0=2048 n1=28 prims=756 bb=535,742,334,385
[OTT] walkUs=252 texUs=3 emitUs=26 submitUs=15 otherUs=207 prims=6 usPerPrim=42
[FT] avgMs=16 worstMs=45 gameMs=13 drawMs=3 swapWait=0ms draws=2 decodes=0 decMs=0
[OTS] f=203400 calls=2 n0=2048 n1=28 prims=732 bb=535,742,334,385
[OTT] walkUs=239 texUs=3 emitUs=26 submitUs=16 otherUs=193 prims=6 usPerPrim=39
[FT] avgMs=16 worstMs=47 gameMs=12 drawMs=4 swapWait=0ms draws=2 decodes=0 decMs=0
[OTS] f=203520 calls=2 n0=2048 n1=28 prims=732 bb=535,742,334,385
[OTT] walkUs=84 texUs=3 emitUs=35 submitUs=14 otherUs=30 prims=6 usPerPrim=14
[FT] avgMs=16 worstMs=49 gameMs=12 drawMs=4 swapWait=0ms draws=2 decodes=0 decMs=0
[OTS] f=203640 calls=2 n0=2048 n1=28 prims=744 bb=535,742,334,385
[OTT] walkUs=74 texUs=3 emitUs=24 submitUs=16 otherUs=29 prims=6 usPerPrim=12
[SH-XBOX] vblank 217200
[MEM] tick: free=2520KB (630 pages)
[FT] avgMs=17 worstMs=61 gameMs=11 drawMs=5 swapWait=0ms draws=2 decodes=0 decMs=0
[OTS] f=203760 calls=2 n0=2048 n1=28 prims=756 bb=535,742,334,385
[OTT] walkUs=77 texUs=3 emitUs=27 submitUs=14 otherUs=33 prims=6 usPerPrim=12
[FT] avgMs=16 worstMs=57 gameMs=10 drawMs=6 swapWait=0ms draws=2 decodes=0 decMs=0
[OTS] f=203880 calls=2 n0=2048 n1=28 prims=720 bb=535,742,334,385
[OTT] walkUs=78 texUs=3 emitUs=26 submitUs=14 otherUs=33 prims=6 usPerPrim=13
[FT] avgMs=16 worstMs=49 gameMs=11 drawMs=5 swapWait=0ms draws=2 decodes=0 decMs=0
[OTS] f=204000 calls=2 n0=2048 n1=28 prims=720 bb=535,742,334,385
[OTT] walkUs=75 texUs=3 emitUs=25 submitUs=14 otherUs=32 prims=6 usPerPrim=12
[FT] avgMs=16 worstMs=60 gameMs=10 drawMs=6 swapWait=0ms draws=2 decodes=0 decMs=0
[OTS] f=204120 calls=2 n0=2048 n1=28 prims=720 bb=535,742,334,385
[OTT] walkUs=92 texUs=3 emitUs=25 submitUs=13 otherUs=50 prims=6 usPerPrim=15
[FT] avgMs=16 worstMs=56 gameMs=10 drawMs=6 swapWait=0ms draws=2 decodes=0 decMs=0
[OTS] f=204240 calls=2 n0=2048 n1=28 prims=720 bb=535,742,334,385
[OTT] walkUs=76 texUs=3 emitUs=26 submitUs=13 otherUs=33 prims=6 usPerPrim=12
[SH-XBOX] vblank 217800
[MEM] tick: free=2520KB (630 pages)
[FT] avgMs=17 worstMs=65 gameMs=11 drawMs=6 swapWait=0ms draws=2 decodes=0 decMs=0
[OTS] f=204360 calls=2 n0=2048 n1=16 prims=696 bb=535,742,334,385
[OTT] walkUs=17 texUs=0 emitUs=0 submitUs=3 otherUs=14 prims=0 usPerPrim=17
[FT] avgMs=16 worstMs=49 gameMs=10 drawMs=6 swapWait=0ms draws=2 decodes=0 decMs=0
[OTS] f=204480 calls=2 n0=2048 n1=16 prims=696 bb=535,742,334,385
[OTT] walkUs=17 texUs=0 emitUs=0 submitUs=3 otherUs=13 prims=0 usPerPrim=17
[FT] avgMs=16 worstMs=58 gameMs=10 drawMs=6 swapWait=0ms draws=2 decodes=0 decMs=0
[OTS] f=204600 calls=2 n0=2048 n1=16 prims=696 bb=535,742,334,385
[OTT] walkUs=17 texUs=0 emitUs=0 submitUs=3 otherUs=13 prims=0 usPerPrim=17
[FT] avgMs=16 worstMs=55 gameMs=10 drawMs=6 swapWait=0ms draws=2 decodes=0 decMs=0
[OTS] f=204720 calls=2 n0=2048 n1=16 prims=696 bb=535,742,334,385
[OTT] walkUs=17 texUs=0 emitUs=0 submitUs=4 otherUs=13 prims=0 usPerPrim=17
[FT] avgMs=16 worstMs=50 gameMs=11 drawMs=5 swapWait=0ms draws=2 decodes=0 decMs=0
[OTS] f=204840 calls=2 n0=2048 n1=16 prims=684 bb=535,742,334,385
[OTT] walkUs=17 texUs=0 emitUs=0 submitUs=3 otherUs=14 prims=0 usPerPrim=17
[SH-XBOX] vblank 218400
[MEM] tick: free=2520KB (630 pages)
[FT] avgMs=17 worstMs=54 gameMs=13 drawMs=3 swapWait=0ms draws=2 decodes=0 decMs=0
[OTS] f=204960 calls=2 n0=2048 n1=16 prims=672 bb=535,742,334,385
[OTT] walkUs=17 texUs=0 emitUs=0 submitUs=3 otherUs=14 prims=0 usPerPrim=17
[FT] avgMs=16 worstMs=49 gameMs=12 drawMs=4 swapWait=0ms draws=2 decodes=0 decMs=0
[OTS] f=205080 calls=2 n0=2048 n1=16 prims=696 bb=535,742,334,385
[OTT] walkUs=21 texUs=0 emitUs=0 submitUs=3 otherUs=17 prims=0 usPerPrim=21
[FT] avgMs=16 worstMs=57 gameMs=13 drawMs=3 swapWait=0ms draws=2 decodes=0 decMs=0
[OTS] f=205200 calls=2 n0=2048 n1=16 prims=708 bb=535,742,334,385
[OTT] walkUs=17 texUs=0 emitUs=0 submitUs=3 otherUs=14 prims=0 usPerPrim=17
[FT] avgMs=16 worstMs=58 gameMs=11 drawMs=5 swapWait=0ms draws=2 decodes=0 decMs=0
[OTS] f=205320 calls=2 n0=2048 n1=16 prims=720 bb=535,742,334,385
[OTT] walkUs=17 texUs=0 emitUs=0 submitUs=3 otherUs=14 prims=0 usPerPrim=17
[FT] avgMs=16 worstMs=48 gameMs=11 drawMs=5 swapWait=0ms draws=2 decodes=0 decMs=0
[OTS] f=205440 calls=2 n0=2048 n1=16 prims=720 bb=535,742,334,385
[OTT] walkUs=17 texUs=0 emitUs=0 submitUs=3 otherUs=14 prims=0 usPerPrim=17
[SH-XBOX] vblank 219000
[MEM] tick: free=2520KB (630 pages)
[FT] avgMs=17 worstMs=61 gameMs=11 drawMs=6 swapWait=0ms draws=2 decodes=0 decMs=0
[OTS] f=205560 calls=2 n0=2048 n1=16 prims=720 bb=535,742,334,385
[OTT] walkUs=17 texUs=0 emitUs=0 submitUs=3 otherUs=14 prims=0 usPerPrim=17
[FT] avgMs=17 worstMs=63 gameMs=10 drawMs=6 swapWait=0ms draws=2 decodes=0 decMs=0
[OTS] f=205680 calls=2 n0=2048 n1=28 prims=732 bb=535,742,334,385
[OTT] walkUs=78 texUs=3 emitUs=26 submitUs=15 otherUs=32 prims=6 usPerPrim=13
[FT] avgMs=17 worstMs=78 gameMs=10 drawMs=7 swapWait=0ms draws=2 decodes=0 decMs=0
[OTS] f=205800 calls=2 n0=2048 n1=28 prims=780 bb=535,742,334,385
[OTT] walkUs=154 texUs=3 emitUs=26 submitUs=15 otherUs=109 prims=6 usPerPrim=25
[FT] avgMs=16 worstMs=57 gameMs=10 drawMs=6 swapWait=0ms draws=2 decodes=0 decMs=0
[OTS] f=205920 calls=2 n0=2048 n1=28 prims=744 bb=535,742,334,385
[OTT] walkUs=156 texUs=3 emitUs=26 submitUs=15 otherUs=111 prims=6 usPerPrim=26
[FT] avgMs=16 worstMs=52 gameMs=10 drawMs=6 swapWait=0ms draws=2 decodes=0 decMs=0
[OTS] f=206040 calls=2 n0=2048 n1=28 prims=744 bb=535,742,334,385
[OTT] walkUs=75 texUs=3 emitUs=25 submitUs=15 otherUs=31 prims=6 usPerPrim=12
[SH-XBOX] vblank 219600
[MEM] tick: free=2520KB (630 pages)
[FT] avgMs=17 worstMs=58 gameMs=11 drawMs=6 swapWait=0ms draws=2 decodes=0 decMs=0
[OTS] f=206160 calls=2 n0=2048 n1=28 prims=768 bb=535,742,334,385
[OTT] walkUs=211 texUs=3 emitUs=31 submitUs=14 otherUs=162 prims=6 usPerPrim=35
[FT] avgMs=16 worstMs=57 gameMs=10 drawMs=6 swapWait=0ms draws=2 decodes=0 decMs=0
[OTS] f=206280 calls=2 n0=2048 n1=28 prims=744 bb=535,742,334,385
[OTT] walkUs=194 texUs=3 emitUs=25 submitUs=14 otherUs=151 prims=6 usPerPrim=32
[FT] avgMs=16 worstMs=50 gameMs=11 drawMs=5 swapWait=0ms draws=2 decodes=0 decMs=0
[OTS] f=206400 calls=2 n0=2048 n1=28 prims=732 bb=535,742,334,385
[OTT] walkUs=207 texUs=3 emitUs=26 submitUs=16 otherUs=161 prims=6 usPerPrim=34
[FT] avgMs=16 worstMs=55 gameMs=13 drawMs=3 swapWait=0ms draws=2 decodes=0 decMs=0
[OTS] f=206520 calls=2 n0=2048 n1=28 prims=720 bb=535,742,334,385
[OTT] walkUs=74 texUs=3 emitUs=24 submitUs=15 otherUs=31 prims=6 usPerPrim=12
[FT] avgMs=16 worstMs=49 gameMs=12 drawMs=4 swapWait=0ms draws=2 decodes=0 decMs=0
[OTS] f=206640 calls=2 n0=2048 n1=28 prims=720 bb=535,742,334,385
[OTT] walkUs=189 texUs=3 emitUs=25 submitUs=17 otherUs=143 prims=6 usPerPrim=31
[SH-XBOX] vblank 220200
[MEM] tick: free=2520KB (630 pages)
[FT] avgMs=17 worstMs=49 gameMs=13 drawMs=3 swapWait=0ms draws=2 decodes=0 decMs=0
[OTS] f=206760 calls=2 n0=2048 n1=28 prims=720 bb=535,742,334,385
[OTT] walkUs=220 texUs=3 emitUs=25 submitUs=16 otherUs=175 prims=6 usPerPrim=36
[FT] avgMs=16 worstMs=51 gameMs=11 drawMs=5 swapWait=0ms draws=2 decodes=0 decMs=0
[OTS] f=206880 calls=2 n0=2048 n1=28 prims=720 bb=535,742,334,385
[OTT] walkUs=297 texUs=3 emitUs=25 submitUs=125 otherUs=143 prims=6 usPerPrim=49
[FT] avgMs=17 worstMs=62 gameMs=11 drawMs=5 swapWait=0ms draws=2 decodes=0 decMs=0
[OTS] f=207000 calls=2 n0=2048 n1=16 prims=708 bb=535,742,334,385
[OTT] walkUs=17 texUs=0 emitUs=0 submitUs=2 otherUs=14 prims=0 usPerPrim=17
[FT] avgMs=17 worstMs=62 gameMs=11 drawMs=6 swapWait=0ms draws=2 decodes=0 decMs=0
[OTS] f=207120 calls=2 n0=2048 n1=16 prims=684 bb=535,742,334,385
[OTT] walkUs=17 texUs=0 emitUs=0 submitUs=3 otherUs=14 prims=0 usPerPrim=17
[FT] avgMs=16 worstMs=50 gameMs=10 drawMs=6 swapWait=0ms draws=2 decodes=0 decMs=0
[OTS] f=207240 calls=2 n0=2048 n1=16 prims=696 bb=535,742,334,385
[OTT] walkUs=17 texUs=0 emitUs=0 submitUs=7 otherUs=10 prims=0 usPerPrim=17
[SH-XBOX] vblank 220800
[MEM] tick: free=2520KB (630 pages)
[FT] avgMs=17 worstMs=60 gameMs=10 drawMs=7 swapWait=0ms draws=2 decodes=0 decMs=0
[OTS] f=207360 calls=2 n0=2048 n1=16 prims=660 bb=535,742,334,385
[OTT] walkUs=17 texUs=0 emitUs=0 submitUs=3 otherUs=14 prims=0 usPerPrim=17
[FT] avgMs=16 worstMs=58 gameMs=10 drawMs=6 swapWait=0ms draws=2 decodes=0 decMs=0
[OTS] f=207480 calls=2 n0=2048 n1=16 prims=696 bb=535,742,334,385
[OTT] walkUs=17 texUs=0 emitUs=0 submitUs=3 otherUs=14 prims=0 usPerPrim=17
[FT] avgMs=16 worstMs=53 gameMs=10 drawMs=6 swapWait=0ms draws=2 decodes=0 decMs=0
[OTS] f=207600 calls=2 n0=2048 n1=16 prims=696 bb=535,742,334,385
[OTT] walkUs=17 texUs=0 emitUs=0 submitUs=3 otherUs=14 prims=0 usPerPrim=17
[FT] avgMs=16 worstMs=49 gameMs=10 drawMs=6 swapWait=0ms draws=2 decodes=0 decMs=0
[OTS] f=207720 calls=2 n0=2048 n1=16 prims=696 bb=535,742,334,385
[OTT] walkUs=17 texUs=0 emitUs=0 submitUs=3 otherUs=13 prims=0 usPerPrim=17
[FT] avgMs=17 worstMs=61 gameMs=10 drawMs=6 swapWait=0ms draws=2 decodes=0 decMs=0
[OTS] f=207840 calls=2 n0=2048 n1=16 prims=708 bb=535,742,334,385
[OTT] walkUs=17 texUs=0 emitUs=0 submitUs=3 otherUs=14 prims=0 usPerPrim=17
[SH-XBOX] vblank 221400
[MEM] tick: free=2520KB (630 pages)
[FT] avgMs=17 worstMs=62 gameMs=11 drawMs=5 swapWait=0ms draws=2 decodes=0 decMs=0
[OTS] f=207960 calls=2 n0=2048 n1=16 prims=720 bb=535,742,334,385
[OTT] walkUs=17 texUs=0 emitUs=0 submitUs=3 otherUs=14 prims=0 usPerPrim=17
[FT] avgMs=16 worstMs=49 gameMs=13 drawMs=3 swapWait=0ms draws=2 decodes=0 decMs=0
[OTS] f=208080 calls=2 n0=2048 n1=16 prims=720 bb=535,742,334,385
[OTT] walkUs=17 texUs=0 emitUs=0 submitUs=3 otherUs=14 prims=0 usPerPrim=17
[FT] avgMs=16 worstMs=45 gameMs=12 drawMs=4 swapWait=0ms draws=2 decodes=0 decMs=0
[OTS] f=208200 calls=2 n0=2048 n1=16 prims=720 bb=535,742,334,385
[OTT] walkUs=17 texUs=0 emitUs=0 submitUs=3 otherUs=13 prims=0 usPerPrim=17
[FT] avgMs=16 worstMs=46 gameMs=13 drawMs=3 swapWait=0ms draws=2 decodes=0 decMs=0
[OTS] f=208320 calls=2 n0=2048 n1=16 prims=720 bb=535,742,334,385
[OTT] walkUs=17 texUs=0 emitUs=0 submitUs=2 otherUs=14 prims=0 usPerPrim=17
[FT] avgMs=16 worstMs=48 gameMs=11 drawMs=5 swapWait=0ms draws=2 decodes=0 decMs=0
[OTS] f=208440 calls=2 n0=2048 n1=28 prims=732 bb=535,742,334,385
[OTT] walkUs=78 texUs=3 emitUs=26 submitUs=15 otherUs=33 prims=6 usPerPrim=13
[SH-XBOX] vblank 222000
[MEM] tick: free=2520KB (630 pages)
[FT] avgMs=17 worstMs=56 gameMs=11 drawMs=5 swapWait=0ms draws=2 decodes=0 decMs=0
[OTS] f=208560 calls=2 n0=2048 n1=28 prims=768 bb=535,742,334,385
[OTT] walkUs=77 texUs=3 emitUs=26 submitUs=14 otherUs=33 prims=6 usPerPrim=12
[FT] avgMs=16 worstMs=58 gameMs=10 drawMs=5 swapWait=0ms draws=2 decodes=0 decMs=0
[OTS] f=208680 calls=2 n0=2048 n1=28 prims=744 bb=535,742,334,385
[OTT] walkUs=212 texUs=2 emitUs=26 submitUs=14 otherUs=168 prims=6 usPerPrim=35
[FT] avgMs=16 worstMs=55 gameMs=10 drawMs=6 swapWait=0ms draws=2 decodes=0 decMs=0
[OTS] f=208800 calls=2 n0=2048 n1=28 prims=756 bb=535,742,334,385
[OTT] walkUs=118 texUs=2 emitUs=26 submitUs=15 otherUs=74 prims=6 usPerPrim=19
[FT] avgMs=17 worstMs=65 gameMs=10 drawMs=6 swapWait=0ms draws=2 decodes=0 decMs=0
[OTS] f=208920 calls=2 n0=2048 n1=28 prims=756 bb=535,742,334,385
[OTT] walkUs=74 texUs=3 emitUs=24 submitUs=14 otherUs=31 prims=6 usPerPrim=12
[FT] avgMs=16 worstMs=60 gameMs=10 drawMs=6 swapWait=1ms draws=2 decodes=0 decMs=0
[OTS] f=209040 calls=2 n0=2048 n1=28 prims=744 bb=535,742,334,385
[OTT] walkUs=79 texUs=3 emitUs=26 submitUs=14 otherUs=34 prims=6 usPerPrim=13
[SH-XBOX] vblank 222600
[MEM] tick: free=2520KB (630 pages)
[FT] avgMs=17 worstMs=55 gameMs=10 drawMs=6 swapWait=0ms draws=2 decodes=0 decMs=0
[OTS] f=209160 calls=2 n0=2048 n1=28 prims=756 bb=535,742,334,385
[OTT] walkUs=76 texUs=3 emitUs=26 submitUs=14 otherUs=32 prims=6 usPerPrim=12
[FT] avgMs=16 worstMs=51 gameMs=10 drawMs=6 swapWait=0ms draws=2 decodes=0 decMs=0
[OTS] f=209280 calls=2 n0=2048 n1=28 prims=720 bb=535,742,334,385
[OTT] walkUs=84 texUs=3 emitUs=34 submitUs=14 otherUs=32 prims=6 usPerPrim=14
[FT] avgMs=16 worstMs=60 gameMs=10 drawMs=6 swapWait=0ms draws=2 decodes=0 decMs=0
[OTS] f=209400 calls=2 n0=2048 n1=28 prims=720 bb=535,742,334,385
[OTT] walkUs=78 texUs=3 emitUs=24 submitUs=14 otherUs=35 prims=6 usPerPrim=13
[FT] avgMs=16 worstMs=55 gameMs=11 drawMs=5 swapWait=0ms draws=2 decodes=0 decMs=0
[OTS] f=209520 calls=2 n0=2048 n1=28 prims=720 bb=535,742,334,385
[OTT] walkUs=74 texUs=3 emitUs=25 submitUs=14 otherUs=31 prims=6 usPerPrim=12
[FT] avgMs=16 worstMs=45 gameMs=13 drawMs=3 swapWait=0ms draws=2 decodes=0 decMs=0
[OTS] f=209640 calls=2 n0=2048 n1=28 prims=720 bb=535,742,334,385
[OTT] walkUs=264 texUs=3 emitUs=27 submitUs=33 otherUs=200 prims=6 usPerPrim=44
[SH-XBOX] vblank 223200
[MEM] tick: free=2520KB (630 pages)
[FT] avgMs=17 worstMs=51 gameMs=12 drawMs=4 swapWait=0ms draws=2 decodes=0 decMs=0
[OTS] f=209760 calls=2 n0=2048 n1=16 prims=708 bb=535,742,334,385
[OTT] walkUs=17 texUs=0 emitUs=0 submitUs=3 otherUs=14 prims=0 usPerPrim=17
[FT] avgMs=16 worstMs=54 gameMs=13 drawMs=3 swapWait=0ms draws=2 decodes=0 decMs=0
[OTS] f=209880 calls=2 n0=2048 n1=16 prims=696 bb=535,742,334,385
[OTT] walkUs=17 texUs=0 emitUs=0 submitUs=3 otherUs=13 prims=0 usPerPrim=17
[FT] avgMs=16 worstMs=56 gameMs=11 drawMs=5 swapWait=0ms draws=2 decodes=0 decMs=0
[OTS] f=210000 calls=2 n0=2048 n1=16 prims=696 bb=535,742,334,385
[OTT] walkUs=17 texUs=0 emitUs=0 submitUs=3 otherUs=13 prims=0 usPerPrim=17
[FT] avgMs=16 worstMs=50 gameMs=11 drawMs=5 swapWait=0ms draws=2 decodes=0 decMs=0
[OTS] f=210120 calls=2 n0=2048 n1=16 prims=696 bb=535,742,334,385
[OTT] walkUs=17 texUs=0 emitUs=0 submitUs=3 otherUs=13 prims=0 usPerPrim=17
[FT] avgMs=16 worstMs=59 gameMs=10 drawMs=5 swapWait=0ms draws=2 decodes=0 decMs=0
[OTS] f=210240 calls=2 n0=2048 n1=16 prims=696 bb=535,742,334,385
[OTT] walkUs=17 texUs=0 emitUs=0 submitUs=3 otherUs=14 prims=0 usPerPrim=17
[SH-XBOX] vblank 223800
[MEM] tick: free=2520KB (630 pages)
[FT] avgMs=17 worstMs=56 gameMs=10 drawMs=6 swapWait=1ms draws=2 decodes=0 decMs=0
[OTS] f=210360 calls=2 n0=2048 n1=16 prims=672 bb=535,742,334,385
[OTT] walkUs=17 texUs=0 emitUs=0 submitUs=2 otherUs=14 prims=0 usPerPrim=17
[FT] avgMs=16 worstMs=49 gameMs=10 drawMs=6 swapWait=0ms draws=2 decodes=0 decMs=0
[OTS] f=210480 calls=2 n0=2048 n1=16 prims=696 bb=535,742,334,385
[OTT] walkUs=17 texUs=0 emitUs=0 submitUs=3 otherUs=14 prims=0 usPerPrim=17
[FT] avgMs=16 worstMs=56 gameMs=10 drawMs=6 swapWait=0ms draws=2 decodes=0 decMs=0
[OTS] f=210600 calls=2 n0=2048 n1=16 prims=696 bb=535,742,334,385
[OTT] walkUs=17 texUs=0 emitUs=0 submitUs=3 otherUs=13 prims=0 usPerPrim=17
[FT] avgMs=16 worstMs=57 gameMs=10 drawMs=6 swapWait=0ms draws=2 decodes=0 decMs=0
[OTS] f=210720 calls=2 n0=2048 n1=16 prims=696 bb=535,742,334,385
[OTT] walkUs=55 texUs=0 emitUs=0 submitUs=3 otherUs=52 prims=0 usPerPrim=55
[FT] avgMs=16 worstMs=59 gameMs=10 drawMs=6 swapWait=1ms draws=2 decodes=0 decMs=0
[OTS] f=210840 calls=2 n0=2048 n1=16 prims=720 bb=535,742,334,385
[OTT] walkUs=17 texUs=0 emitUs=0 submitUs=3 otherUs=13 prims=0 usPerPrim=17
[SH-XBOX] vblank 224400
[MEM] tick: free=2520KB (630 pages)
[FT] avgMs=17 worstMs=53 gameMs=11 drawMs=6 swapWait=0ms draws=2 decodes=0 decMs=0
[OTS] f=210960 calls=2 n0=2048 n1=16 prims=720 bb=535,742,334,385
[OTT] walkUs=17 texUs=0 emitUs=0 submitUs=3 otherUs=14 prims=0 usPerPrim=17
[FT] avgMs=16 worstMs=49 gameMs=11 drawMs=5 swapWait=0ms draws=2 decodes=0 decMs=0
[OTS] f=211080 calls=2 n0=2048 n1=16 prims=720 bb=535,742,334,385
[OTT] walkUs=17 texUs=0 emitUs=0 submitUs=3 otherUs=13 prims=0 usPerPrim=17
[FT] avgMs=16 worstMs=53 gameMs=13 drawMs=3 swapWait=0ms draws=2 decodes=0 decMs=0
[OTS] f=211200 calls=2 n0=2048 n1=16 prims=720 bb=535,742,334,385
[OTT] walkUs=17 texUs=0 emitUs=0 submitUs=3 otherUs=13 prims=0 usPerPrim=17
[FT] avgMs=16 worstMs=49 gameMs=12 drawMs=4 swapWait=0ms draws=2 decodes=0 decMs=0
[OTS] f=211320 calls=2 n0=2048 n1=28 prims=744 bb=535,742,334,385
[OTT] walkUs=77 texUs=3 emitUs=26 submitUs=13 otherUs=32 prims=6 usPerPrim=12
[FT] avgMs=16 worstMs=44 gameMs=13 drawMs=3 swapWait=0ms draws=2 decodes=0 decMs=0
[OTS] f=211440 calls=2 n0=2048 n1=28 prims=732 bb=535,742,334,385
[OTT] walkUs=183 texUs=3 emitUs=26 submitUs=16 otherUs=135 prims=6 usPerPrim=30
[SH-XBOX] vblank 225000
[MEM] tick: free=2520KB (630 pages)
[FT] avgMs=17 worstMs=59 gameMs=11 drawMs=6 swapWait=0ms draws=2 decodes=0 decMs=0
[OTS] f=211560 calls=2 n0=2048 n1=28 prims=768 bb=535,742,334,385
[OTT] walkUs=82 texUs=3 emitUs=31 submitUs=15 otherUs=32 prims=6 usPerPrim=13
[FT] avgMs=16 worstMs=59 gameMs=11 drawMs=5 swapWait=0ms draws=2 decodes=0 decMs=0
[OTS] f=211680 calls=2 n0=2048 n1=28 prims=756 bb=535,742,334,385
[OTT] walkUs=90 texUs=3 emitUs=26 submitUs=14 otherUs=46 prims=6 usPerPrim=15
[FT] avgMs=16 worstMs=52 gameMs=11 drawMs=5 swapWait=0ms draws=2 decodes=0 decMs=0
[OTS] f=211800 calls=2 n0=2048 n1=28 prims=744 bb=535,742,334,385
[OTT] walkUs=222 texUs=3 emitUs=26 submitUs=156 otherUs=36 prims=6 usPerPrim=37
[FT] avgMs=16 worstMs=48 gameMs=10 drawMs=6 swapWait=0ms draws=2 decodes=0 decMs=0
[OTS] f=211920 calls=2 n0=2048 n1=28 prims=744 bb=535,742,334,385
[OTT] walkUs=87 texUs=3 emitUs=25 submitUs=15 otherUs=43 prims=6 usPerPrim=14
[FT] avgMs=16 worstMs=57 gameMs=9 drawMs=6 swapWait=0ms draws=2 decodes=0 decMs=0
[OTS] f=212040 calls=2 n0=2048 n1=28 prims=744 bb=535,742,334,385
[OTT] walkUs=208 texUs=3 emitUs=25 submitUs=14 otherUs=165 prims=6 usPerPrim=34
[SH-XBOX] vblank 225600
[MEM] tick: free=2520KB (630 pages)
[FT] avgMs=17 worstMs=50 gameMs=10 drawMs=6 swapWait=0ms draws=2 decodes=0 decMs=0
[OTS] f=212160 calls=2 n0=2048 n1=28 prims=732 bb=535,742,334,385
[OTT] walkUs=123 texUs=3 emitUs=30 submitUs=14 otherUs=75 prims=6 usPerPrim=20
[FT] avgMs=17 worstMs=62 gameMs=10 drawMs=6 swapWait=0ms draws=2 decodes=0 decMs=0
[OTS] f=212280 calls=2 n0=2048 n1=28 prims=720 bb=535,742,334,385
[OTT] walkUs=110 texUs=3 emitUs=26 submitUs=14 otherUs=66 prims=6 usPerPrim=18
[FT] avgMs=16 worstMs=47 gameMs=10 drawMs=6 swapWait=0ms draws=2 decodes=0 decMs=0
[OTS] f=212400 calls=2 n0=2048 n1=28 prims=720 bb=535,742,334,385
[OTT] walkUs=208 texUs=3 emitUs=25 submitUs=15 otherUs=164 prims=6 usPerPrim=34
[FT] avgMs=16 worstMs=55 gameMs=10 drawMs=5 swapWait=0ms draws=2 decodes=0 decMs=0
[OTS] f=212520 calls=2 n0=2048 n1=28 prims=720 bb=535,742,334,385
[OTT] walkUs=121 texUs=3 emitUs=25 submitUs=20 otherUs=71 prims=6 usPerPrim=20
[FT] avgMs=16 worstMs=52 gameMs=11 drawMs=5 swapWait=0ms draws=2 decodes=0 decMs=0
[OTS] f=212640 calls=2 n0=2048 n1=28 prims=720 bb=535,742,334,385
[OTT] walkUs=355 texUs=3 emitUs=25 submitUs=16 otherUs=310 prims=6 usPerPrim=59
[SH-XBOX] vblank 226200
[MEM] tick: free=2520KB (630 pages)
[FT] avgMs=17 worstMs=56 gameMs=13 drawMs=3 swapWait=0ms draws=2 decodes=0 decMs=0
[OTS] f=212760 calls=2 n0=2048 n1=16 prims=672 bb=535,742,334,385
[OTT] walkUs=17 texUs=0 emitUs=0 submitUs=3 otherUs=14 prims=0 usPerPrim=17
[FT] avgMs=16 worstMs=52 gameMs=11 drawMs=5 swapWait=0ms draws=2 decodes=0 decMs=0
[OTS] f=212880 calls=2 n0=2048 n1=16 prims=696 bb=535,742,334,385
[OTT] walkUs=17 texUs=0 emitUs=0 submitUs=3 otherUs=14 prims=0 usPerPrim=17
[FT] avgMs=16 worstMs=46 gameMs=13 drawMs=3 swapWait=0ms draws=2 decodes=0 decMs=0
[OTS] f=213000 calls=2 n0=2048 n1=16 prims=708 bb=535,742,334,385
[OTT] walkUs=17 texUs=0 emitUs=0 submitUs=3 otherUs=14 prims=0 usPerPrim=17
[FT] avgMs=16 worstMs=52 gameMs=10 drawMs=6 swapWait=0ms draws=2 decodes=0 decMs=0
[OTS] f=213120 calls=2 n0=2048 n1=16 prims=696 bb=535,742,334,385
[OTT] walkUs=17 texUs=0 emitUs=0 submitUs=2 otherUs=14 prims=0 usPerPrim=17
[FT] avgMs=16 worstMs=58 gameMs=11 drawMs=5 swapWait=0ms draws=2 decodes=0 decMs=0
[OTS] f=213240 calls=2 n0=2048 n1=16 prims=696 bb=535,742,334,385
[OTT] walkUs=17 texUs=0 emitUs=0 submitUs=3 otherUs=14 prims=0 usPerPrim=17
[SH-XBOX] vblank 226800
[MEM] tick: free=2520KB (630 pages)
[FT] avgMs=17 worstMs=59 gameMs=11 drawMs=5 swapWait=0ms draws=2 decodes=0 decMs=0
[OTS] f=213360 calls=2 n0=2048 n1=16 prims=672 bb=535,742,334,385
[OTT] walkUs=17 texUs=0 emitUs=0 submitUs=3 otherUs=13 prims=0 usPerPrim=17
[FT] avgMs=16 worstMs=51 gameMs=10 drawMs=6 swapWait=1ms draws=2 decodes=0 decMs=0
[OTS] f=213480 calls=2 n0=2048 n1=16 prims=696 bb=535,742,334,385
[OTT] walkUs=17 texUs=0 emitUs=0 submitUs=3 otherUs=13 prims=0 usPerPrim=17
[FT] avgMs=17 worstMs=61 gameMs=10 drawMs=6 swapWait=0ms draws=2 decodes=0 decMs=0
[OTS] f=213600 calls=2 n0=2048 n1=16 prims=720 bb=535,742,334,385
[OTT] walkUs=17 texUs=0 emitUs=0 submitUs=3 otherUs=14 prims=0 usPerPrim=17
[FT] avgMs=16 worstMs=57 gameMs=10 drawMs=6 swapWait=0ms draws=2 decodes=0 decMs=0
[OTS] f=213720 calls=2 n0=2048 n1=16 prims=720 bb=535,742,334,385
[OTT] walkUs=17 texUs=0 emitUs=0 submitUs=3 otherUs=14 prims=0 usPerPrim=17
[FT] avgMs=16 worstMs=54 gameMs=10 drawMs=6 swapWait=0ms draws=2 decodes=0 decMs=0
[OTS] f=213840 calls=2 n0=2048 n1=16 prims=720 bb=535,742,334,385
[OTT] walkUs=17 texUs=0 emitUs=0 submitUs=3 otherUs=13 prims=0 usPerPrim=17
[SH-XBOX] vblank 227400
[MEM] tick: free=2520KB (630 pages)
[FT] avgMs=17 worstMs=65 gameMs=11 drawMs=6 swapWait=0ms draws=2 decodes=0 decMs=0
[OTS] f=213960 calls=2 n0=2048 n1=16 prims=720 bb=535,742,334,385
[OTT] walkUs=17 texUs=0 emitUs=0 submitUs=3 otherUs=14 prims=0 usPerPrim=17
[FT] avgMs=17 worstMs=78 gameMs=11 drawMs=5 swapWait=0ms draws=2 decodes=0 decMs=0
[OTS] f=214080 calls=2 n0=2048 n1=28 prims=768 bb=535,742,334,385
[OTT] walkUs=85 texUs=3 emitUs=26 submitUs=15 otherUs=40 prims=6 usPerPrim=14
[FT] avgMs=17 worstMs=61 gameMs=12 drawMs=4 swapWait=0ms draws=2 decodes=0 decMs=0
[OTS] f=214200 calls=2 n0=2048 n1=28 prims=756 bb=535,742,334,385
[OTT] walkUs=187 texUs=3 emitUs=24 submitUs=129 otherUs=30 prims=6 usPerPrim=31
[FT] avgMs=16 worstMs=44 gameMs=13 drawMs=3 swapWait=0ms draws=2 decodes=0 decMs=0
[OTS] f=214320 calls=2 n0=2048 n1=28 prims=732 bb=535,742,334,385
[OTT] walkUs=75 texUs=3 emitUs=26 submitUs=15 otherUs=31 prims=6 usPerPrim=12
[FT] avgMs=16 worstMs=47 gameMs=11 drawMs=5 swapWait=0ms draws=2 decodes=0 decMs=0
[OTS] f=214440 calls=2 n0=2048 n1=28 prims=744 bb=535,742,334,385
[OTT] walkUs=271 texUs=2 emitUs=27 submitUs=15 otherUs=225 prims=6 usPerPrim=45
[SH-XBOX] vblank 228000
[MEM] tick: free=2520KB (630 pages)
[FT] avgMs=17 worstMs=54 gameMs=13 drawMs=3 swapWait=0ms draws=2 decodes=0 decMs=0
[OTS] f=214560 calls=2 n0=2048 n1=28 prims=768 bb=535,742,334,385
[OTT] walkUs=169 texUs=3 emitUs=25 submitUs=16 otherUs=123 prims=6 usPerPrim=28
[FT] avgMs=16 worstMs=60 gameMs=10 drawMs=6 swapWait=0ms draws=2 decodes=0 decMs=0
[OTS] f=214680 calls=2 n0=2048 n1=28 prims=744 bb=535,742,334,385
[OTT] walkUs=111 texUs=3 emitUs=26 submitUs=14 otherUs=67 prims=6 usPerPrim=18
[FT] avgMs=16 worstMs=46 gameMs=11 drawMs=5 swapWait=0ms draws=2 decodes=0 decMs=0
[OTS] f=214800 calls=2 n0=2048 n1=28 prims=732 bb=535,742,334,385
[OTT] walkUs=95 texUs=3 emitUs=24 submitUs=14 otherUs=52 prims=6 usPerPrim=15
[FT] avgMs=16 worstMs=57 gameMs=11 drawMs=5 swapWait=0ms draws=2 decodes=0 decMs=0
[OTS] f=214920 calls=2 n0=2048 n1=28 prims=720 bb=535,742,334,385
[OTT] walkUs=78 texUs=3 emitUs=26 submitUs=14 otherUs=33 prims=6 usPerPrim=13
[FT] avgMs=16 worstMs=52 gameMs=10 drawMs=6 swapWait=0ms draws=2 decodes=0 decMs=0
[OTS] f=215040 calls=2 n0=2048 n1=28 prims=720 bb=535,742,334,385
[OTT] walkUs=345 texUs=3 emitUs=25 submitUs=14 otherUs=302 prims=6 usPerPrim=57
[SH-XBOX] vblank 228600
[MEM] tick: free=2520KB (630 pages)
[FT] avgMs=17 worstMs=61 gameMs=10 drawMs=6 swapWait=0ms draws=2 decodes=0 decMs=0
[OTS] f=215160 calls=2 n0=2048 n1=28 prims=720 bb=535,742,334,385
[OTT] walkUs=75 texUs=3 emitUs=26 submitUs=14 otherUs=31 prims=6 usPerPrim=12
[FT] avgMs=16 worstMs=47 gameMs=10 drawMs=6 swapWait=0ms draws=2 decodes=0 decMs=0
[OTS] f=215280 calls=2 n0=2048 n1=28 prims=720 bb=535,742,334,385
[OTT] walkUs=146 texUs=2 emitUs=25 submitUs=14 otherUs=104 prims=6 usPerPrim=24
[FT] avgMs=16 worstMs=55 gameMs=10 drawMs=6 swapWait=0ms draws=2 decodes=0 decMs=0
[OTS] f=215400 calls=2 n0=2048 n1=16 prims=696 bb=535,742,334,385
[OTT] walkUs=17 texUs=0 emitUs=0 submitUs=3 otherUs=14 prims=0 usPerPrim=17
[FT] avgMs=16 worstMs=49 gameMs=10 drawMs=6 swapWait=0ms draws=2 decodes=0 decMs=0
[OTS] f=215520 calls=2 n0=2048 n1=16 prims=696 bb=535,742,334,385
[OTT] walkUs=17 texUs=0 emitUs=0 submitUs=3 otherUs=14 prims=0 usPerPrim=17
[FT] avgMs=16 worstMs=60 gameMs=11 drawMs=5 swapWait=0ms draws=2 decodes=0 decMs=0
[OTS] f=215640 calls=2 n0=2048 n1=16 prims=684 bb=535,742,334,385
[OTT] walkUs=17 texUs=0 emitUs=0 submitUs=3 otherUs=14 prims=0 usPerPrim=17
[SH-XBOX] vblank 229200
[MEM] tick: free=2520KB (630 pages)
[FT] avgMs=17 worstMs=56 gameMs=12 drawMs=4 swapWait=0ms draws=2 decodes=0 decMs=0
[OTS] f=215760 calls=2 n0=2048 n1=16 prims=672 bb=535,742,334,385
[OTT] walkUs=17 texUs=0 emitUs=0 submitUs=3 otherUs=14 prims=0 usPerPrim=17
[FT] avgMs=16 worstMs=46 gameMs=13 drawMs=3 swapWait=0ms draws=2 decodes=0 decMs=0
[OTS] f=215880 calls=2 n0=2048 n1=16 prims=708 bb=535,742,334,385
[OTT] walkUs=17 texUs=0 emitUs=0 submitUs=3 otherUs=14 prims=0 usPerPrim=17
[FT] avgMs=16 worstMs=52 gameMs=11 drawMs=5 swapWait=0ms draws=2 decodes=0 decMs=0
[OTS] f=216000 calls=2 n0=2048 n1=16 prims=696 bb=535,742,334,385
[OTT] walkUs=17 texUs=0 emitUs=0 submitUs=3 otherUs=14 prims=0 usPerPrim=17
[FT] avgMs=16 worstMs=56 gameMs=13 drawMs=3 swapWait=0ms draws=2 decodes=0 decMs=0
[OTS] f=216120 calls=2 n0=2048 n1=16 prims=696 bb=535,742,334,385
[OTT] walkUs=17 texUs=0 emitUs=0 submitUs=3 otherUs=14 prims=0 usPerPrim=17
[FT] avgMs=16 worstMs=56 gameMs=10 drawMs=6 swapWait=0ms draws=2 decodes=0 decMs=0
[OTS] f=216240 calls=2 n0=2048 n1=16 prims=708 bb=535,742,334,385
[OTT] walkUs=17 texUs=0 emitUs=0 submitUs=3 otherUs=14 prims=0 usPerPrim=17
[SH-XBOX] vblank 229800
[MEM] tick: free=2520KB (630 pages)
[FT] avgMs=17 worstMs=63 gameMs=11 drawMs=5 swapWait=0ms draws=2 decodes=0 decMs=0
[OTS] f=216360 calls=2 n0=2048 n1=16 prims=720 bb=535,742,334,385
[OTT] walkUs=17 texUs=0 emitUs=0 submitUs=3 otherUs=14 prims=0 usPerPrim=17
[FT] avgMs=16 worstMs=51 gameMs=11 drawMs=5 swapWait=0ms draws=2 decodes=0 decMs=0
[OTS] f=216480 calls=2 n0=2048 n1=16 prims=720 bb=535,742,334,385
[OTT] walkUs=17 texUs=0 emitUs=0 submitUs=3 otherUs=13 prims=0 usPerPrim=17
[FT] avgMs=17 worstMs=62 gameMs=10 drawMs=6 swapWait=0ms draws=2 decodes=0 decMs=0
[OTS] f=216600 calls=2 n0=2048 n1=16 prims=708 bb=535,742,334,385
[OTT] walkUs=21 texUs=0 emitUs=0 submitUs=6 otherUs=15 prims=0 usPerPrim=21
[FT] avgMs=16 worstMs=49 gameMs=10 drawMs=6 swapWait=0ms draws=2 decodes=0 decMs=0
[OTS] f=216720 calls=2 n0=2048 n1=28 prims=732 bb=535,742,334,385
[OTT] walkUs=179 texUs=3 emitUs=26 submitUs=13 otherUs=136 prims=6 usPerPrim=29
[FT] avgMs=16 worstMs=55 gameMs=10 drawMs=6 swapWait=0ms draws=2 decodes=0 decMs=0
[OTS] f=216840 calls=2 n0=2048 n1=28 prims=744 bb=535,742,334,385
[OTT] walkUs=75 texUs=3 emitUs=25 submitUs=14 otherUs=32 prims=6 usPerPrim=12
[SH-XBOX] vblank 230400
[MEM] tick: free=2520KB (630 pages)
[FT] avgMs=17 worstMs=52 gameMs=10 drawMs=6 swapWait=1ms draws=2 decodes=0 decMs=0
[OTS] f=216960 calls=2 n0=2048 n1=28 prims=768 bb=535,742,334,385
[OTT] walkUs=80 texUs=3 emitUs=26 submitUs=14 otherUs=36 prims=6 usPerPrim=13
[FT] avgMs=16 worstMs=59 gameMs=10 drawMs=6 swapWait=0ms draws=2 decodes=0 decMs=0
[OTS] f=217080 calls=2 n0=2048 n1=28 prims=744 bb=535,742,334,385
[OTT] walkUs=144 texUs=3 emitUs=26 submitUs=15 otherUs=99 prims=6 usPerPrim=24
[FT] avgMs=16 worstMs=54 gameMs=11 drawMs=5 swapWait=0ms draws=2 decodes=0 decMs=0
[OTS] f=217200 calls=2 n0=2048 n1=28 prims=744 bb=535,742,334,385
[OTT] walkUs=88 texUs=3 emitUs=27 submitUs=15 otherUs=43 prims=6 usPerPrim=14
[FT] avgMs=16 worstMs=50 gameMs=12 drawMs=4 swapWait=0ms draws=2 decodes=0 decMs=0
[OTS] f=217320 calls=2 n0=2048 n1=28 prims=744 bb=535,742,334,385
[OTT] walkUs=125 texUs=2 emitUs=24 submitUs=65 otherUs=32 prims=6 usPerPrim=20
[FT] avgMs=16 worstMs=55 gameMs=13 drawMs=3 swapWait=0ms draws=2 decodes=0 decMs=0
[OTS] f=217440 calls=2 n0=2048 n1=28 prims=744 bb=535,742,334,385
[OTT] walkUs=77 texUs=3 emitUs=26 submitUs=15 otherUs=31 prims=6 usPerPrim=12
[SH-XBOX] vblank 231000
[MEM] tick: free=2520KB (630 pages)
[FT] avgMs=17 worstMs=54 gameMs=12 drawMs=5 swapWait=0ms draws=2 decodes=0 decMs=0
[OTS] f=217560 calls=2 n0=2048 n1=28 prims=756 bb=535,742,334,385
[OTT] walkUs=219 texUs=3 emitUs=26 submitUs=16 otherUs=173 prims=6 usPerPrim=36
[FT] avgMs=16 worstMs=44 gameMs=13 drawMs=3 swapWait=0ms draws=2 decodes=0 decMs=0
[OTS] f=217680 calls=2 n0=2048 n1=28 prims=720 bb=535,742,334,385
[OTT] walkUs=124 texUs=3 emitUs=24 submitUs=65 otherUs=31 prims=6 usPerPrim=20
[FT] avgMs=16 worstMs=48 gameMs=10 drawMs=6 swapWait=0ms draws=2 decodes=0 decMs=0
[OTS] f=217800 calls=2 n0=2048 n1=28 prims=720 bb=535,742,334,385
[OTT] walkUs=74 texUs=3 emitUs=24 submitUs=14 otherUs=31 prims=6 usPerPrim=12
[FT] avgMs=16 worstMs=57 gameMs=11 drawMs=5 swapWait=0ms draws=2 decodes=0 decMs=0
[OTS] f=217920 calls=2 n0=2048 n1=28 prims=720 bb=535,742,334,385
[OTT] walkUs=82 texUs=3 emitUs=25 submitUs=15 otherUs=38 prims=6 usPerPrim=13
[FT] avgMs=16 worstMs=53 gameMs=11 drawMs=5 swapWait=0ms draws=2 decodes=0 decMs=0
[OTS] f=218040 calls=2 n0=2048 n1=28 prims=720 bb=535,742,334,385
[OTT] walkUs=81 texUs=3 emitUs=26 submitUs=14 otherUs=37 prims=6 usPerPrim=13
[SH-XBOX] vblank 231600
[MEM] tick: free=2520KB (630 pages)
[FT] avgMs=17 worstMs=60 gameMs=10 drawMs=6 swapWait=0ms draws=2 decodes=0 decMs=0
[OTS] f=218160 calls=2 n0=2048 n1=16 prims=696 bb=535,742,334,385
[OTT] walkUs=17 texUs=0 emitUs=0 submitUs=3 otherUs=14 prims=0 usPerPrim=17
[FT] avgMs=16 worstMs=51 gameMs=10 drawMs=6 swapWait=0ms draws=2 decodes=0 decMs=0
[OTS] f=218280 calls=2 n0=2048 n1=16 prims=696 bb=535,742,334,385
[OTT] walkUs=17 texUs=0 emitUs=0 submitUs=3 otherUs=14 prims=0 usPerPrim=17
[FT] avgMs=17 worstMs=59 gameMs=10 drawMs=6 swapWait=0ms draws=2 decodes=0 decMs=0
[OTS] f=218400 calls=2 n0=2048 n1=16 prims=684 bb=535,742,334,385
[OTT] walkUs=17 texUs=0 emitUs=0 submitUs=3 otherUs=14 prims=0 usPerPrim=17
[FT] avgMs=17 worstMs=62 gameMs=10 drawMs=6 swapWait=0ms draws=2 decodes=0 decMs=0
[OTS] f=218520 calls=2 n0=2048 n1=16 prims=684 bb=535,742,334,385
[OTT] walkUs=17 texUs=0 emitUs=0 submitUs=8 otherUs=9 prims=0 usPerPrim=17
[FT] avgMs=16 worstMs=44 gameMs=10 drawMs=6 swapWait=0ms draws=2 decodes=0 decMs=0
[OTS] f=218640 calls=2 n0=2048 n1=16 prims=696 bb=535,742,334,385
[OTT] walkUs=17 texUs=0 emitUs=0 submitUs=3 otherUs=14 prims=0 usPerPrim=17
[SH-XBOX] vblank 232200
[MEM] tick: free=2520KB (630 pages)
[FT] avgMs=17 worstMs=57 gameMs=11 drawMs=5 swapWait=0ms draws=2 decodes=0 decMs=0
[OTS] f=218760 calls=2 n0=2048 n1=16 prims=672 bb=535,742,334,385
[OTT] walkUs=17 texUs=0 emitUs=0 submitUs=3 otherUs=14 prims=0 usPerPrim=17
[FT] avgMs=16 worstMs=51 gameMs=12 drawMs=4 swapWait=0ms draws=2 decodes=0 decMs=0
[OTS] f=218880 calls=2 n0=2048 n1=16 prims=708 bb=535,742,334,385
[OTT] walkUs=17 texUs=0 emitUs=0 submitUs=3 otherUs=14 prims=0 usPerPrim=17
[FT] avgMs=16 worstMs=56 gameMs=13 drawMs=3 swapWait=0ms draws=2 decodes=0 decMs=0
[OTS] f=219000 calls=2 n0=2048 n1=16 prims=720 bb=535,742,334,385
[OTT] walkUs=17 texUs=0 emitUs=0 submitUs=3 otherUs=13 prims=0 usPerPrim=17
[FT] avgMs=16 worstMs=55 gameMs=11 drawMs=5 swapWait=0ms draws=2 decodes=0 decMs=0
[OTS] f=219120 calls=2 n0=2048 n1=16 prims=720 bb=535,742,334,385
[OTT] walkUs=47 texUs=0 emitUs=0 submitUs=3 otherUs=44 prims=0 usPerPrim=47
[FT] avgMs=16 worstMs=46 gameMs=13 drawMs=3 swapWait=0ms draws=2 decodes=0 decMs=0
[OTS] f=219240 calls=2 n0=2048 n1=16 prims=720 bb=535,742,334,385
[OTT] walkUs=17 texUs=0 emitUs=0 submitUs=3 otherUs=13 prims=0 usPerPrim=17
[SH-XBOX] vblank 232800
[MEM] tick: free=2520KB (630 pages)
[FT] avgMs=17 worstMs=52 gameMs=10 drawMs=6 swapWait=0ms draws=2 decodes=0 decMs=0
[OTS] f=219360 calls=2 n0=2048 n1=16 prims=720 bb=535,742,334,385
[OTT] walkUs=17 texUs=0 emitUs=0 submitUs=3 otherUs=14 prims=0 usPerPrim=17
[FT] avgMs=17 worstMs=60 gameMs=11 drawMs=5 swapWait=0ms draws=2 decodes=0 decMs=0
[OTS] f=219480 calls=2 n0=2048 n1=28 prims=732 bb=535,742,334,385
[OTT] walkUs=226 texUs=3 emitUs=26 submitUs=304 otherUs=0 prims=6 usPerPrim=37
[FT] avgMs=16 worstMs=48 gameMs=11 drawMs=5 swapWait=0ms draws=2 decodes=0 decMs=0
[OTS] f=219600 calls=2 n0=2048 n1=28 prims=744 bb=535,742,334,385
[OTT] walkUs=94 texUs=3 emitUs=26 submitUs=15 otherUs=49 prims=6 usPerPrim=15
[FT] avgMs=16 worstMs=57 gameMs=10 drawMs=6 swapWait=0ms draws=2 decodes=0 decMs=0
[OTS] f=219720 calls=2 n0=2048 n1=28 prims=744 bb=535,742,334,385
[OTT] walkUs=78 texUs=3 emitUs=26 submitUs=13 otherUs=34 prims=6 usPerPrim=13
[FT] avgMs=16 worstMs=52 gameMs=10 drawMs=6 swapWait=0ms draws=2 decodes=0 decMs=0
[OTS] f=219840 calls=2 n0=2048 n1=28 prims=744 bb=535,742,334,385
[OTT] walkUs=137 texUs=3 emitUs=26 submitUs=72 otherUs=35 prims=6 usPerPrim=22
[SH-XBOX] vblank 233400
[MEM] tick: free=2520KB (630 pages)
[FT] avgMs=17 worstMs=60 gameMs=10 drawMs=6 swapWait=0ms draws=2 decodes=0 decMs=0
[OTS] f=219960 calls=2 n0=2048 n1=28 prims=780 bb=535,742,334,385
[OTT] walkUs=200 texUs=3 emitUs=26 submitUs=14 otherUs=156 prims=6 usPerPrim=33
[FT] avgMs=16 worstMs=47 gameMs=10 drawMs=6 swapWait=1ms draws=2 decodes=0 decMs=0
[OTS] f=220080 calls=2 n0=2048 n1=28 prims=744 bb=535,742,334,385
[OTT] walkUs=196 texUs=3 emitUs=25 submitUs=14 otherUs=153 prims=6 usPerPrim=32
[FT] avgMs=16 worstMs=59 gameMs=10 drawMs=6 swapWait=0ms draws=2 decodes=0 decMs=0
[OTS] f=220200 calls=2 n0=2048 n1=28 prims=744 bb=535,742,334,385
[OTT] walkUs=103 texUs=3 emitUs=26 submitUs=14 otherUs=58 prims=6 usPerPrim=17
[FT] avgMs=16 worstMs=50 gameMs=11 drawMs=5 swapWait=0ms draws=2 decodes=0 decMs=0
[OTS] f=220320 calls=2 n0=2048 n1=28 prims=732 bb=535,742,334,385
[OTT] walkUs=193 texUs=3 emitUs=26 submitUs=14 otherUs=148 prims=6 usPerPrim=32
[FT] avgMs=16 worstMs=58 gameMs=12 drawMs=4 swapWait=0ms draws=2 decodes=0 decMs=0
[OTS] f=220440 calls=2 n0=2048 n1=28 prims=720 bb=535,742,334,385
[OTT] walkUs=78 texUs=3 emitUs=26 submitUs=16 otherUs=32 prims=6 usPerPrim=13
[SH-XBOX] vblank 234000
[MEM] tick: free=2520KB (630 pages)
[FT] avgMs=17 worstMs=52 gameMs=13 drawMs=3 swapWait=0ms draws=2 decodes=0 decMs=0
[OTS] f=220560 calls=2 n0=2048 n1=28 prims=720 bb=535,742,334,385
[OTT] walkUs=89 texUs=3 emitUs=25 submitUs=30 otherUs=31 prims=6 usPerPrim=14
[FT] avgMs=16 worstMs=51 gameMs=11 drawMs=5 swapWait=0ms draws=2 decodes=0 decMs=0
[OTS] f=220680 calls=2 n0=2048 n1=28 prims=720 bb=535,742,334,385
[OTT] walkUs=250 texUs=3 emitUs=26 submitUs=15 otherUs=204 prims=6 usPerPrim=41
[FT] avgMs=16 worstMs=54 gameMs=13 drawMs=3 swapWait=0ms draws=2 decodes=0 decMs=0
[OTS] f=220800 calls=2 n0=2048 n1=28 prims=720 bb=535,742,334,385
[OTT] walkUs=77 texUs=3 emitUs=26 submitUs=15 otherUs=33 prims=6 usPerPrim=12
[FT] avgMs=16 worstMs=53 gameMs=10 drawMs=6 swapWait=0ms draws=2 decodes=0 decMs=0
[OTS] f=220920 calls=2 n0=2048 n1=16 prims=696 bb=535,742,334,385
[OTT] walkUs=17 texUs=0 emitUs=0 submitUs=3 otherUs=13 prims=0 usPerPrim=17
[FT] avgMs=16 worstMs=48 gameMs=10 drawMs=5 swapWait=0ms draws=2 decodes=0 decMs=0
[OTS] f=221040 calls=2 n0=2048 n1=16 prims=696 bb=535,742,334,385
[OTT] walkUs=17 texUs=0 emitUs=0 submitUs=2 otherUs=14 prims=0 usPerPrim=17
[SH-XBOX] vblank 234600
[MEM] tick: free=2520KB (630 pages)
[FT] avgMs=17 worstMs=57 gameMs=11 drawMs=5 swapWait=0ms draws=2 decodes=0 decMs=0
[OTS] f=221160 calls=2 n0=2048 n1=16 prims=672 bb=535,742,334,385
[OTT] walkUs=17 texUs=0 emitUs=0 submitUs=3 otherUs=13 prims=0 usPerPrim=17
[FT] avgMs=16 worstMs=54 gameMs=10 drawMs=6 swapWait=0ms draws=2 decodes=0 decMs=0
[OTS] f=221280 calls=2 n0=2048 n1=16 prims=696 bb=535,742,334,385
[OTT] walkUs=17 texUs=0 emitUs=0 submitUs=4 otherUs=13 prims=0 usPerPrim=17
[FT] avgMs=17 worstMs=63 gameMs=10 drawMs=6 swapWait=0ms draws=2 decodes=0 decMs=0
[OTS] f=221400 calls=2 n0=2048 n1=16 prims=672 bb=535,742,334,385
[OTT] walkUs=17 texUs=0 emitUs=0 submitUs=3 otherUs=14 prims=0 usPerPrim=17
[FT] avgMs=16 worstMs=49 gameMs=10 drawMs=6 swapWait=0ms draws=2 decodes=0 decMs=0
[OTS] f=221520 calls=2 n0=2048 n1=16 prims=708 bb=535,742,334,385
[OTT] walkUs=17 texUs=0 emitUs=0 submitUs=3 otherUs=14 prims=0 usPerPrim=17
[FT] avgMs=16 worstMs=56 gameMs=10 drawMs=6 swapWait=1ms draws=2 decodes=0 decMs=0
[OTS] f=221640 calls=2 n0=2048 n1=16 prims=708 bb=535,742,334,385
[OTT] walkUs=17 texUs=0 emitUs=0 submitUs=3 otherUs=14 prims=0 usPerPrim=17
[SH-XBOX] vblank 235200
[MEM] tick: free=2520KB (630 pages)
[FT] avgMs=17 worstMs=53 gameMs=11 drawMs=6 swapWait=0ms draws=2 decodes=0 decMs=0
[OTS] f=221760 calls=2 n0=2048 n1=16 prims=720 bb=535,742,334,385
[OTT] walkUs=17 texUs=0 emitUs=0 submitUs=3 otherUs=13 prims=0 usPerPrim=17
[FT] avgMs=16 worstMs=59 gameMs=11 drawMs=5 swapWait=0ms draws=2 decodes=0 decMs=0
[OTS] f=221880 calls=2 n0=2048 n1=16 prims=720 bb=535,742,334,385
[OTT] walkUs=17 texUs=0 emitUs=0 submitUs=3 otherUs=14 prims=0 usPerPrim=17
[FT] avgMs=16 worstMs=52 gameMs=12 drawMs=4 swapWait=0ms draws=2 decodes=0 decMs=0
[OTS] f=222000 calls=2 n0=2048 n1=16 prims=720 bb=535,742,334,385
[OTT] walkUs=17 texUs=0 emitUs=0 submitUs=3 otherUs=14 prims=0 usPerPrim=17
[FT] avgMs=16 worstMs=46 gameMs=13 drawMs=3 swapWait=0ms draws=2 decodes=0 decMs=0
[OTS] f=222120 calls=2 n0=2048 n1=16 prims=720 bb=535,742,334,385
[OTT] walkUs=17 texUs=0 emitUs=0 submitUs=3 otherUs=14 prims=0 usPerPrim=17
[FT] avgMs=16 worstMs=53 gameMs=11 drawMs=5 swapWait=0ms draws=2 decodes=0 decMs=0
[OTS] f=222240 calls=2 n0=2048 n1=16 prims=720 bb=535,742,334,385
[OTT] walkUs=17 texUs=0 emitUs=0 submitUs=3 otherUs=13 prims=0 usPerPrim=17
[SH-XBOX] vblank 235800
[MEM] tick: free=2520KB (630 pages)
[FT] avgMs=17 worstMs=68 gameMs=13 drawMs=4 swapWait=0ms draws=2 decodes=0 decMs=0
[OTS] f=222360 calls=2 n0=2048 n1=28 prims=756 bb=535,742,334,385
[OTT] walkUs=132 texUs=3 emitUs=24 submitUs=71 otherUs=32 prims=6 usPerPrim=22
[FT] avgMs=16 worstMs=49 gameMs=10 drawMs=6 swapWait=0ms draws=2 decodes=0 decMs=0
[OTS] f=222480 calls=2 n0=2048 n1=28 prims=744 bb=535,742,334,385
[OTT] walkUs=82 texUs=3 emitUs=27 submitUs=14 otherUs=37 prims=6 usPerPrim=13
[FT] avgMs=16 worstMs=56 gameMs=11 drawMs=5 swapWait=0ms draws=2 decodes=0 decMs=0
[OTS] f=222600 calls=2 n0=2048 n1=28 prims=744 bb=535,742,334,385
[OTT] walkUs=133 texUs=3 emitUs=25 submitUs=14 otherUs=90 prims=6 usPerPrim=22
[FT] avgMs=16 worstMs=49 gameMs=11 drawMs=5 swapWait=0ms draws=2 decodes=0 decMs=0
[OTS] f=222720 calls=2 n0=2048 n1=28 prims=744 bb=535,742,334,385
[OTT] walkUs=76 texUs=3 emitUs=26 submitUs=15 otherUs=31 prims=6 usPerPrim=12
[FT] avgMs=16 worstMs=61 gameMs=10 drawMs=6 swapWait=0ms draws=2 decodes=0 decMs=0
[OTS] f=222840 calls=2 n0=2048 n1=28 prims=744 bb=535,742,334,385
[OTT] walkUs=296 texUs=3 emitUs=26 submitUs=14 otherUs=251 prims=6 usPerPrim=49
[SH-XBOX] vblank 236400
[MEM] tick: free=2520KB (630 pages)
[FT] avgMs=17 worstMs=57 gameMs=10 drawMs=6 swapWait=1ms draws=2 decodes=0 decMs=0
[OTS] f=222960 calls=2 n0=2048 n1=28 prims=768 bb=535,742,334,385
[OTT] walkUs=351 texUs=3 emitUs=25 submitUs=293 otherUs=29 prims=6 usPerPrim=58
[FT] avgMs=16 worstMs=55 gameMs=10 drawMs=6 swapWait=0ms draws=2 decodes=0 decMs=0
[OTS] f=223080 calls=2 n0=2048 n1=28 prims=732 bb=535,742,334,385
[OTT] walkUs=139 texUs=3 emitUs=26 submitUs=14 otherUs=94 prims=6 usPerPrim=23
[FT] avgMs=16 worstMs=57 gameMs=10 drawMs=6 swapWait=0ms draws=2 decodes=0 decMs=0
[OTS] f=223200 calls=2 n0=2048 n1=28 prims=720 bb=535,742,334,385
[OTT] walkUs=231 texUs=3 emitUs=24 submitUs=172 otherUs=31 prims=6 usPerPrim=38
[FT] avgMs=16 worstMs=54 gameMs=10 drawMs=6 swapWait=0ms draws=2 decodes=0 decMs=0
[OTS] f=223320 calls=2 n0=2048 n1=28 prims=720 bb=535,742,334,385
[OTT] walkUs=75 texUs=3 emitUs=25 submitUs=14 otherUs=31 prims=6 usPerPrim=12
[FT] avgMs=16 worstMs=45 gameMs=11 drawMs=5 swapWait=0ms draws=2 decodes=0 decMs=0
[OTS] f=223440 calls=2 n0=2048 n1=28 prims=720 bb=535,742,334,385
[OTT] walkUs=84 texUs=3 emitUs=25 submitUs=21 otherUs=33 prims=6 usPerPrim=14
[SH-XBOX] vblank 237000
[MEM] tick: free=2520KB (630 pages)
[FT] avgMs=17 worstMs=54 gameMs=12 drawMs=4 swapWait=0ms draws=2 decodes=0 decMs=0
[OTS] f=223560 calls=2 n0=2048 n1=28 prims=720 bb=535,742,334,385
[OTT] walkUs=168 texUs=2 emitUs=26 submitUs=16 otherUs=122 prims=6 usPerPrim=28
[FT] avgMs=16 worstMs=48 gameMs=13 drawMs=3 swapWait=0ms draws=2 decodes=0 decMs=0
[OTS] f=223680 calls=2 n0=2048 n1=16 prims=696 bb=535,742,334,385
[OTT] walkUs=17 texUs=0 emitUs=0 submitUs=3 otherUs=13 prims=0 usPerPrim=17
[FT] avgMs=17 worstMs=64 gameMs=12 drawMs=5 swapWait=0ms draws=2 decodes=0 decMs=0
[OTS] f=223800 calls=2 n0=2048 n1=16 prims=684 bb=535,742,334,385
[OTT] walkUs=17 texUs=0 emitUs=0 submitUs=3 otherUs=14 prims=0 usPerPrim=17
[FT] avgMs=16 worstMs=45 gameMs=12 drawMs=4 swapWait=0ms draws=2 decodes=0 decMs=0
[OTS] f=223920 calls=2 n0=2048 n1=16 prims=708 bb=535,742,334,385
[OTT] walkUs=22 texUs=0 emitUs=0 submitUs=3 otherUs=18 prims=0 usPerPrim=22
[FT] avgMs=16 worstMs=51 gameMs=10 drawMs=6 swapWait=0ms draws=2 decodes=0 decMs=0
[OTS] f=224040 calls=2 n0=2048 n1=16 prims=696 bb=535,742,334,385
[OTT] walkUs=17 texUs=0 emitUs=0 submitUs=3 otherUs=14 prims=0 usPerPrim=17
[SH-XBOX] vblank 237600
[MEM] tick: free=2520KB (630 pages)
[FT] avgMs=17 worstMs=59 gameMs=11 drawMs=5 swapWait=0ms draws=2 decodes=0 decMs=0
[OTS] f=224160 calls=2 n0=2048 n1=16 prims=672 bb=535,742,334,385
[OTT] walkUs=17 texUs=0 emitUs=0 submitUs=2 otherUs=14 prims=0 usPerPrim=17
[FT] avgMs=16 worstMs=50 gameMs=11 drawMs=5 swapWait=0ms draws=2 decodes=0 decMs=0
[OTS] f=224280 calls=2 n0=2048 n1=16 prims=696 bb=535,742,334,385
[OTT] walkUs=17 texUs=0 emitUs=0 submitUs=3 otherUs=14 prims=0 usPerPrim=17
[FT] avgMs=16 worstMs=48 gameMs=10 drawMs=6 swapWait=0ms draws=2 decodes=0 decMs=0
[OTS] f=224400 calls=2 n0=2048 n1=16 prims=708 bb=535,742,334,385
[OTT] walkUs=17 texUs=0 emitUs=0 submitUs=2 otherUs=14 prims=0 usPerPrim=17
[FT] avgMs=16 worstMs=59 gameMs=10 drawMs=6 swapWait=1ms draws=2 decodes=0 decMs=0
[OTS] f=224520 calls=2 n0=2048 n1=16 prims=708 bb=535,742,334,385
[OTT] walkUs=17 texUs=0 emitUs=0 submitUs=3 otherUs=14 prims=0 usPerPrim=17
[FT] avgMs=16 worstMs=56 gameMs=10 drawMs=6 swapWait=0ms draws=2 decodes=0 decMs=0
[OTS] f=224640 calls=2 n0=2048 n1=16 prims=720 bb=535,742,334,385
[OTT] walkUs=17 texUs=0 emitUs=0 submitUs=3 otherUs=14 prims=0 usPerPrim=17
[SH-XBOX] vblank 238200
[MEM] tick: free=2520KB (630 pages)
[FT] avgMs=17 worstMs=59 gameMs=10 drawMs=6 swapWait=0ms draws=2 decodes=0 decMs=0
[OTS] f=224760 calls=2 n0=2048 n1=16 prims=720 bb=535,742,334,385
[OTT] walkUs=17 texUs=0 emitUs=0 submitUs=3 otherUs=14 prims=0 usPerPrim=17
[FT] avgMs=16 worstMs=47 gameMs=10 drawMs=6 swapWait=0ms draws=2 decodes=0 decMs=0
[OTS] f=224880 calls=2 n0=2048 n1=16 prims=720 bb=535,742,334,385
[OTT] walkUs=17 texUs=0 emitUs=0 submitUs=3 otherUs=13 prims=0 usPerPrim=17
[FT] avgMs=16 worstMs=55 gameMs=11 drawMs=5 swapWait=0ms draws=2 decodes=0 decMs=0
[OTS] f=225000 calls=2 n0=2048 n1=16 prims=720 bb=535,742,334,385
[OTT] walkUs=17 texUs=0 emitUs=0 submitUs=3 otherUs=14 prims=0 usPerPrim=17
[FT] avgMs=16 worstMs=49 gameMs=12 drawMs=4 swapWait=0ms draws=2 decodes=0 decMs=0
[OTS] f=225120 calls=2 n0=2048 n1=28 prims=744 bb=535,742,334,385
[OTT] walkUs=80 texUs=3 emitUs=25 submitUs=15 otherUs=36 prims=6 usPerPrim=13
[FT] avgMs=16 worstMs=56 gameMs=13 drawMs=3 swapWait=0ms draws=2 decodes=0 decMs=0
[OTS] f=225240 calls=2 n0=2048 n1=28 prims=744 bb=535,742,334,385
[OTT] walkUs=76 texUs=3 emitUs=26 submitUs=16 otherUs=30 prims=6 usPerPrim=12
[SH-XBOX] vblank 238800
[MEM] tick: free=2520KB (630 pages)
[FT] avgMs=17 worstMs=58 gameMs=12 drawMs=5 swapWait=0ms draws=2 decodes=0 decMs=0
[OTS] f=225360 calls=2 n0=2048 n1=28 prims=768 bb=535,742,334,385
[OTT] walkUs=365 texUs=3 emitUs=26 submitUs=82 otherUs=252 prims=6 usPerPrim=60
[FT] avgMs=16 worstMs=48 gameMs=12 drawMs=4 swapWait=0ms draws=2 decodes=0 decMs=0
[OTS] f=225480 calls=2 n0=2048 n1=28 prims=756 bb=535,742,334,385
[OTT] walkUs=78 texUs=3 emitUs=26 submitUs=14 otherUs=33 prims=6 usPerPrim=13
[FT] avgMs=16 worstMs=62 gameMs=10 drawMs=6 swapWait=0ms draws=2 decodes=0 decMs=0
[OTS] f=225600 calls=2 n0=2048 n1=28 prims=744 bb=535,742,334,385
[OTT] walkUs=77 texUs=3 emitUs=27 submitUs=14 otherUs=32 prims=6 usPerPrim=12
[FT] avgMs=16 worstMs=52 gameMs=11 drawMs=5 swapWait=0ms draws=2 decodes=0 decMs=0
[OTS] f=225720 calls=2 n0=2048 n1=28 prims=744 bb=535,742,334,385
[OTT] walkUs=162 texUs=3 emitUs=24 submitUs=14 otherUs=119 prims=6 usPerPrim=27
[FT] avgMs=16 worstMs=47 gameMs=11 drawMs=5 swapWait=0ms draws=2 decodes=0 decMs=0
[OTS] f=225840 calls=2 n0=2048 n1=28 prims=744 bb=535,742,334,385
[OTT] walkUs=78 texUs=3 emitUs=26 submitUs=17 otherUs=30 prims=6 usPerPrim=13
[SH-XBOX] vblank 239400
[MEM] tick: free=2520KB (630 pages)
[FT] avgMs=17 worstMs=59 gameMs=10 drawMs=6 swapWait=0ms draws=2 decodes=0 decMs=0
[OTS] f=225960 calls=2 n0=2048 n1=28 prims=732 bb=535,742,334,385
[OTT] walkUs=141 texUs=3 emitUs=26 submitUs=15 otherUs=96 prims=6 usPerPrim=23
[FT] avgMs=16 worstMs=52 gameMs=10 drawMs=6 swapWait=0ms draws=2 decodes=0 decMs=0
[OTS] f=226080 calls=2 n0=2048 n1=28 prims=720 bb=535,742,334,385
[OTT] walkUs=276 texUs=3 emitUs=26 submitUs=13 otherUs=233 prims=6 usPerPrim=46
[FT] avgMs=17 worstMs=62 gameMs=10 drawMs=6 swapWait=0ms draws=2 decodes=0 decMs=0
[OTS] f=226200 calls=2 n0=2048 n1=28 prims=720 bb=535,742,334,385
[OTT] walkUs=201 texUs=3 emitUs=26 submitUs=14 otherUs=157 prims=6 usPerPrim=33
[FT] avgMs=16 worstMs=48 gameMs=10 drawMs=6 swapWait=0ms draws=2 decodes=0 decMs=0
[OTS] f=226320 calls=2 n0=2048 n1=28 prims=720 bb=535,742,334,385
[OTT] walkUs=314 texUs=3 emitUs=24 submitUs=13 otherUs=271 prims=6 usPerPrim=52
[FT] avgMs=16 worstMs=58 gameMs=10 drawMs=6 swapWait=0ms draws=2 decodes=0 decMs=0
[OTS] f=226440 calls=2 n0=2048 n1=16 prims=708 bb=535,742,334,385
[OTT] walkUs=17 texUs=0 emitUs=0 submitUs=7 otherUs=9 prims=0 usPerPrim=17
[SH-XBOX] vblank 240000
[MEM] tick: free=2520KB (630 pages)
[FT] avgMs=17 worstMs=51 gameMs=11 drawMs=5 swapWait=0ms draws=2 decodes=0 decMs=0
[OTS] f=226560 calls=2 n0=2048 n1=16 prims=672 bb=535,742,334,385
[OTT] walkUs=17 texUs=0 emitUs=0 submitUs=3 otherUs=14 prims=0 usPerPrim=17
[FT] avgMs=16 worstMs=55 gameMs=12 drawMs=3 swapWait=0ms draws=2 decodes=0 decMs=0
[OTS] f=226680 calls=2 n0=2048 n1=16 prims=696 bb=535,742,334,385
[OTT] walkUs=17 texUs=0 emitUs=0 submitUs=3 otherUs=14 prims=0 usPerPrim=17
[FT] avgMs=16 worstMs=51 gameMs=13 drawMs=3 swapWait=0ms draws=2 decodes=0 decMs=0
[OTS] f=226800 calls=2 n0=2048 n1=16 prims=696 bb=535,742,334,385
[OTT] walkUs=17 texUs=0 emitUs=0 submitUs=3 otherUs=14 prims=0 usPerPrim=17
[FT] avgMs=16 worstMs=50 gameMs=11 drawMs=5 swapWait=0ms draws=2 decodes=0 decMs=0
[OTS] f=226920 calls=2 n0=2048 n1=16 prims=696 bb=535,742,334,385
[OTT] walkUs=17 texUs=0 emitUs=0 submitUs=3 otherUs=14 prims=0 usPerPrim=17
[FT] avgMs=16 worstMs=55 gameMs=12 drawMs=4 swapWait=0ms draws=2 decodes=0 decMs=0
[OTS] f=227040 calls=2 n0=2048 n1=16 prims=696 bb=535,742,334,385
[OTT] walkUs=17 texUs=0 emitUs=0 submitUs=3 otherUs=14 prims=0 usPerPrim=17
[SH-XBOX] vblank 240600
[MEM] tick: free=2520KB (630 pages)
[FT] avgMs=17 worstMs=55 gameMs=10 drawMs=6 swapWait=1ms draws=2 decodes=0 decMs=0
[OTS] f=227160 calls=2 n0=2048 n1=16 prims=672 bb=535,742,334,385
[OTT] walkUs=17 texUs=0 emitUs=0 submitUs=2 otherUs=14 prims=0 usPerPrim=17
[FT] avgMs=17 worstMs=48 gameMs=11 drawMs=5 swapWait=0ms draws=2 decodes=0 decMs=0
[OTS] f=227280 calls=2 n0=2048 n1=16 prims=708 bb=535,742,334,385
[OTT] walkUs=17 texUs=0 emitUs=0 submitUs=3 otherUs=14 prims=0 usPerPrim=17
[FT] avgMs=16 worstMs=56 gameMs=10 drawMs=5 swapWait=0ms draws=2 decodes=0 decMs=0
[OTS] f=227400 calls=2 n0=2048 n1=16 prims=720 bb=535,742,334,385
[OTT] walkUs=17 texUs=0 emitUs=0 submitUs=3 otherUs=14 prims=0 usPerPrim=17
[FT] avgMs=16 worstMs=53 gameMs=10 drawMs=6 swapWait=0ms draws=2 decodes=0 decMs=0
[OTS] f=227520 calls=2 n0=2048 n1=16 prims=720 bb=535,742,334,385
[OTT] walkUs=17 texUs=0 emitUs=0 submitUs=3 otherUs=13 prims=0 usPerPrim=17
[FT] avgMs=17 worstMs=62 gameMs=10 drawMs=6 swapWait=0ms draws=2 decodes=0 decMs=0
[OTS] f=227640 calls=2 n0=2048 n1=16 prims=720 bb=535,742,334,385
[OTT] walkUs=17 texUs=0 emitUs=0 submitUs=3 otherUs=13 prims=0 usPerPrim=17
[SH-XBOX] vblank 241200
[MEM] tick: free=2520KB (630 pages)
[FT] avgMs=17 worstMs=57 gameMs=10 drawMs=6 swapWait=0ms draws=2 decodes=0 decMs=0
[OTS] f=227760 calls=2 n0=2048 n1=28 prims=732 bb=535,742,334,385
[OTT] walkUs=219 texUs=3 emitUs=30 submitUs=14 otherUs=171 prims=6 usPerPrim=36
[FT] avgMs=16 worstMs=58 gameMs=10 drawMs=6 swapWait=0ms draws=2 decodes=0 decMs=0
[OTS] f=227880 calls=2 n0=2048 n1=28 prims=744 bb=535,742,334,385
[OTT] walkUs=76 texUs=3 emitUs=26 submitUs=14 otherUs=32 prims=6 usPerPrim=12
[FT] avgMs=16 worstMs=50 gameMs=10 drawMs=6 swapWait=0ms draws=2 decodes=0 decMs=0
[OTS] f=228000 calls=2 n0=2048 n1=28 prims=744 bb=535,742,334,385
[OTT] walkUs=299 texUs=3 emitUs=25 submitUs=240 otherUs=31 prims=6 usPerPrim=49
[FT] avgMs=17 worstMs=62 gameMs=11 drawMs=5 swapWait=0ms draws=2 decodes=0 decMs=0
[OTS] f=228120 calls=2 n0=2048 n1=28 prims=756 bb=535,742,334,385
[OTT] walkUs=182 texUs=3 emitUs=24 submitUs=14 otherUs=139 prims=6 usPerPrim=30
[FT] avgMs=16 worstMs=45 gameMs=12 drawMs=3 swapWait=0ms draws=2 decodes=0 decMs=0
[OTS] f=228240 calls=2 n0=2048 n1=28 prims=732 bb=535,742,334,385
[OTT] walkUs=180 texUs=3 emitUs=25 submitUs=15 otherUs=135 prims=6 usPerPrim=30
[SH-XBOX] vblank 241800
[MEM] tick: free=2520KB (630 pages)
[FT] avgMs=17 worstMs=50 gameMs=13 drawMs=3 swapWait=0ms draws=2 decodes=0 decMs=0
[OTS] f=228360 calls=2 n0=2048 n1=28 prims=768 bb=535,742,334,385
[OTT] walkUs=78 texUs=3 emitUs=29 submitUs=14 otherUs=31 prims=6 usPerPrim=13
[FT] avgMs=16 worstMs=53 gameMs=11 drawMs=5 swapWait=0ms draws=2 decodes=0 decMs=0
[OTS] f=228480 calls=2 n0=2048 n1=28 prims=744 bb=535,742,334,385
[OTT] walkUs=81 texUs=2 emitUs=27 submitUs=16 otherUs=34 prims=6 usPerPrim=13
[FT] avgMs=16 worstMs=44 gameMs=12 drawMs=4 swapWait=0ms draws=2 decodes=0 decMs=0
[OTS] f=228600 calls=2 n0=2048 n1=28 prims=732 bb=535,742,334,385
[OTT] walkUs=193 texUs=3 emitUs=26 submitUs=14 otherUs=148 prims=6 usPerPrim=32
[FT] avgMs=16 worstMs=44 gameMs=10 drawMs=6 swapWait=0ms draws=2 decodes=0 decMs=0
[OTS] f=228720 calls=2 n0=2048 n1=28 prims=732 bb=535,742,334,385
[OTT] walkUs=312 texUs=3 emitUs=26 submitUs=15 otherUs=266 prims=6 usPerPrim=52
[FT] avgMs=16 worstMs=55 gameMs=11 drawMs=5 swapWait=0ms draws=2 decodes=0 decMs=0
[OTS] f=228840 calls=2 n0=2048 n1=28 prims=720 bb=535,742,334,385
[OTT] walkUs=77 texUs=3 emitUs=26 submitUs=14 otherUs=32 prims=6 usPerPrim=12
[SH-XBOX] vblank 242400
[MEM] tick: free=2520KB (630 pages)
[FT] avgMs=17 worstMs=53 gameMs=11 drawMs=6 swapWait=0ms draws=2 decodes=0 decMs=0
[OTS] f=228960 calls=2 n0=2048 n1=28 prims=720 bb=535,742,334,385
[OTT] walkUs=75 texUs=3 emitUs=26 submitUs=15 otherUs=30 prims=6 usPerPrim=12
[FT] avgMs=17 worstMs=63 gameMs=10 drawMs=6 swapWait=0ms draws=2 decodes=0 decMs=0
[OTS] f=229080 calls=2 n0=2048 n1=28 prims=720 bb=535,742,334,385
[OTT] walkUs=154 texUs=3 emitUs=26 submitUs=15 otherUs=108 prims=6 usPerPrim=25
[FT] avgMs=16 worstMs=46 gameMs=10 drawMs=6 swapWait=1ms draws=2 decodes=0 decMs=0
[OTS] f=229200 calls=2 n0=2048 n1=28 prims=720 bb=535,742,334,385
[OTT] walkUs=75 texUs=3 emitUs=27 submitUs=14 otherUs=30 prims=6 usPerPrim=12
[FT] avgMs=16 worstMs=58 gameMs=10 drawMs=6 swapWait=0ms draws=2 decodes=0 decMs=0
[OTS] f=229320 calls=2 n0=2048 n1=16 prims=696 bb=535,742,334,385
[OTT] walkUs=17 texUs=0 emitUs=0 submitUs=3 otherUs=13 prims=0 usPerPrim=17
[FT] avgMs=16 worstMs=54 gameMs=10 drawMs=6 swapWait=0ms draws=2 decodes=0 decMs=0
[OTS] f=229440 calls=2 n0=2048 n1=16 prims=696 bb=535,742,334,385
[OTT] walkUs=17 texUs=0 emitUs=0 submitUs=3 otherUs=13 prims=0 usPerPrim=17
[SH-XBOX] vblank 243000
[MEM] tick: free=2520KB (630 pages)
[FT] avgMs=17 worstMs=58 gameMs=10 drawMs=6 swapWait=0ms draws=2 decodes=0 decMs=0
[OTS] f=229560 calls=2 n0=2048 n1=16 prims=672 bb=535,742,334,385
[OTT] walkUs=17 texUs=0 emitUs=0 submitUs=3 otherUs=13 prims=0 usPerPrim=17
[FT] avgMs=16 worstMs=55 gameMs=11 drawMs=5 swapWait=0ms draws=2 decodes=0 decMs=0
[OTS] f=229680 calls=2 n0=2048 n1=16 prims=696 bb=535,742,334,385
[OTT] walkUs=17 texUs=0 emitUs=0 submitUs=3 otherUs=14 prims=0 usPerPrim=17
[FT] avgMs=16 worstMs=46 gameMs=13 drawMs=3 swapWait=0ms draws=2 decodes=0 decMs=0
[OTS] f=229800 calls=2 n0=2048 n1=16 prims=696 bb=535,742,334,385
[OTT] walkUs=17 texUs=0 emitUs=0 submitUs=3 otherUs=14 prims=0 usPerPrim=17
[FT] avgMs=17 worstMs=55 gameMs=13 drawMs=3 swapWait=1ms draws=2 decodes=0 decMs=0
[OTS] f=229920 calls=2 n0=2048 n1=16 prims=696 bb=535,742,334,385
[OTT] walkUs=17 texUs=0 emitUs=0 submitUs=3 otherUs=13 prims=0 usPerPrim=17
[FT] avgMs=16 worstMs=52 gameMs=11 drawMs=4 swapWait=0ms draws=2 decodes=0 decMs=0
[OTS] f=230040 calls=2 n0=2048 n1=16 prims=696 bb=535,742,334,385
[OTT] walkUs=17 texUs=0 emitUs=0 submitUs=4 otherUs=13 prims=0 usPerPrim=17
[SH-XBOX] vblank 243600
[MEM] tick: free=2520KB (630 pages)
[FT] avgMs=17 worstMs=53 gameMs=12 drawMs=4 swapWait=0ms draws=2 decodes=0 decMs=0
[OTS] f=230160 calls=2 n0=2048 n1=16 prims=696 bb=535,742,334,385
[OTT] walkUs=17 texUs=0 emitUs=0 submitUs=3 otherUs=13 prims=0 usPerPrim=17
[FT] avgMs=16 worstMs=51 gameMs=10 drawMs=6 swapWait=0ms draws=2 decodes=0 decMs=0
[OTS] f=230280 calls=2 n0=2048 n1=16 prims=720 bb=535,742,334,385
[OTT] walkUs=17 texUs=0 emitUs=0 submitUs=3 otherUs=14 prims=0 usPerPrim=17
[FT] avgMs=16 worstMs=57 gameMs=11 drawMs=5 swapWait=1ms draws=2 decodes=0 decMs=0
[OTS] f=230400 calls=2 n0=2048 n1=16 prims=720 bb=535,742,334,385
[OTT] walkUs=17 texUs=0 emitUs=0 submitUs=3 otherUs=14 prims=0 usPerPrim=17
[FT] avgMs=17 worstMs=80 gameMs=11 drawMs=6 swapWait=0ms draws=2 decodes=0 decMs=0
[OTS] f=230520 calls=2 n0=2048 n1=16 prims=720 bb=535,742,334,385
[OTT] walkUs=17 texUs=0 emitUs=0 submitUs=3 otherUs=13 prims=0 usPerPrim=17
[FT] avgMs=16 worstMs=49 gameMs=10 drawMs=6 swapWait=0ms draws=2 decodes=0 decMs=0
[OTS] f=230640 calls=2 n0=2048 n1=16 prims=720 bb=535,742,334,385
[OTT] walkUs=17 texUs=0 emitUs=0 submitUs=3 otherUs=13 prims=0 usPerPrim=17
[SH-XBOX] vblank 244200
[MEM] tick: free=2520KB (630 pages)
[FT] avgMs=17 worstMs=60 gameMs=10 drawMs=6 swapWait=0ms draws=2 decodes=0 decMs=0
[OTS] f=230760 calls=2 n0=2048 n1=28 prims=780 bb=535,742,334,385
[OTT] walkUs=77 texUs=3 emitUs=29 submitUs=14 otherUs=29 prims=6 usPerPrim=12
[FT] avgMs=17 worstMs=61 gameMs=10 drawMs=6 swapWait=0ms draws=2 decodes=0 decMs=0
[OTS] f=230880 calls=2 n0=2048 n1=28 prims=756 bb=535,742,334,385
[OTT] walkUs=76 texUs=3 emitUs=26 submitUs=15 otherUs=31 prims=6 usPerPrim=12
[FT] avgMs=17 worstMs=68 gameMs=10 drawMs=6 swapWait=0ms draws=2 decodes=0 decMs=0
[OTS] f=231000 calls=2 n0=2048 n1=28 prims=756 bb=535,742,334,385
[OTT] walkUs=73 texUs=3 emitUs=24 submitUs=14 otherUs=31 prims=6 usPerPrim=12
[FT] avgMs=16 worstMs=48 gameMs=10 drawMs=6 swapWait=0ms draws=2 decodes=0 decMs=0
[OTS] f=231120 calls=2 n0=2048 n1=28 prims=756 bb=535,742,334,385
[OTT] walkUs=76 texUs=3 emitUs=26 submitUs=13 otherUs=32 prims=6 usPerPrim=12
[FT] avgMs=16 worstMs=57 gameMs=11 drawMs=5 swapWait=0ms draws=2 decodes=0 decMs=0
[OTS] f=231240 calls=2 n0=2048 n1=28 prims=744 bb=535,742,334,385
[OTT] walkUs=208 texUs=3 emitUs=26 submitUs=14 otherUs=164 prims=6 usPerPrim=34
[SH-XBOX] vblank 244800
[MEM] tick: free=2520KB (630 pages)
[FT] avgMs=17 worstMs=48 gameMs=13 drawMs=3 swapWait=0ms draws=2 decodes=0 decMs=0
[OTS] f=231360 calls=2 n0=2048 n1=28 prims=744 bb=535,742,334,385
[OTT] walkUs=117 texUs=3 emitUs=24 submitUs=21 otherUs=67 prims=6 usPerPrim=19
[FT] avgMs=16 worstMs=50 gameMs=13 drawMs=3 swapWait=0ms draws=2 decodes=0 decMs=0
[OTS] f=231480 calls=2 n0=2048 n1=28 prims=720 bb=535,742,334,385
[OTT] walkUs=78 texUs=2 emitUs=26 submitUs=14 otherUs=33 prims=6 usPerPrim=13
[FT] avgMs=16 worstMs=49 gameMs=12 drawMs=4 swapWait=0ms draws=2 decodes=0 decMs=0
[OTS] f=231600 calls=2 n0=2048 n1=28 prims=720 bb=535,742,334,385
[OTT] walkUs=184 texUs=3 emitUs=26 submitUs=16 otherUs=138 prims=6 usPerPrim=30
[FT] avgMs=16 worstMs=53 gameMs=12 drawMs=4 swapWait=0ms draws=2 decodes=0 decMs=0
[OTS] f=231720 calls=2 n0=2048 n1=28 prims=720 bb=535,742,334,385
[OTT] walkUs=77 texUs=3 emitUs=26 submitUs=16 otherUs=30 prims=6 usPerPrim=12
[FT] avgMs=16 worstMs=59 gameMs=10 drawMs=6 swapWait=0ms draws=2 decodes=0 decMs=0
[OTS] f=231840 calls=2 n0=2048 n1=28 prims=720 bb=535,742,334,385
[OTT] walkUs=79 texUs=3 emitUs=25 submitUs=21 otherUs=30 prims=6 usPerPrim=13
[SH-XBOX] vblank 245400
[MEM] tick: free=2520KB (630 pages)
[FT] avgMs=17 worstMs=58 gameMs=11 drawMs=6 swapWait=0ms draws=2 decodes=0 decMs=0
[OTS] f=231960 calls=2 n0=2048 n1=16 prims=708 bb=535,742,334,385
[OTT] walkUs=17 texUs=0 emitUs=0 submitUs=3 otherUs=14 prims=0 usPerPrim=17
[FT] avgMs=16 worstMs=56 gameMs=10 drawMs=5 swapWait=0ms draws=2 decodes=0 decMs=0
[OTS] f=232080 calls=2 n0=2048 n1=16 prims=696 bb=535,742,334,385
[OTT] walkUs=17 texUs=0 emitUs=0 submitUs=3 otherUs=14 prims=0 usPerPrim=17
[FT] avgMs=16 worstMs=50 gameMs=10 drawMs=6 swapWait=0ms draws=2 decodes=0 decMs=0
[OTS] f=232200 calls=2 n0=2048 n1=16 prims=696 bb=535,742,334,385
[OTT] walkUs=17 texUs=0 emitUs=0 submitUs=3 otherUs=14 prims=0 usPerPrim=17
[FT] avgMs=17 worstMs=61 gameMs=10 drawMs=6 swapWait=0ms draws=2 decodes=0 decMs=0
[OTS] f=232320 calls=2 n0=2048 n1=16 prims=672 bb=535,742,334,385
[OTT] walkUs=17 texUs=0 emitUs=0 submitUs=3 otherUs=14 prims=0 usPerPrim=17
[FT] avgMs=17 worstMs=61 gameMs=10 drawMs=6 swapWait=0ms draws=2 decodes=0 decMs=0
[OTS] f=232440 calls=2 n0=2048 n1=16 prims=684 bb=535,742,334,385
[OTT] walkUs=17 texUs=0 emitUs=0 submitUs=3 otherUs=14 prims=0 usPerPrim=17
[SH-XBOX] vblank 246000
[MEM] tick: free=2520KB (630 pages)
[FT] avgMs=17 worstMs=60 gameMs=10 drawMs=6 swapWait=0ms draws=2 decodes=0 decMs=0
[OTS] f=232560 calls=2 n0=2048 n1=16 prims=672 bb=535,742,334,385
[OTT] walkUs=17 texUs=0 emitUs=0 submitUs=3 otherUs=13 prims=0 usPerPrim=17
[FT] avgMs=16 worstMs=56 gameMs=10 drawMs=6 swapWait=0ms draws=2 decodes=0 decMs=0
[OTS] f=232680 calls=2 n0=2048 n1=16 prims=708 bb=535,742,334,385
[OTT] walkUs=17 texUs=0 emitUs=0 submitUs=3 otherUs=14 prims=0 usPerPrim=17
[FT] avgMs=16 worstMs=51 gameMs=11 drawMs=5 swapWait=0ms draws=2 decodes=0 decMs=0
[OTS] f=232800 calls=2 n0=2048 n1=16 prims=720 bb=535,742,334,385
[OTT] walkUs=17 texUs=0 emitUs=0 submitUs=3 otherUs=14 prims=0 usPerPrim=17
[FT] avgMs=16 worstMs=55 gameMs=13 drawMs=3 swapWait=0ms draws=2 decodes=0 decMs=0
[OTS] f=232920 calls=2 n0=2048 n1=16 prims=720 bb=535,742,334,385
[OTT] walkUs=17 texUs=0 emitUs=0 submitUs=3 otherUs=13 prims=0 usPerPrim=17
[FT] avgMs=16 worstMs=51 gameMs=13 drawMs=3 swapWait=0ms draws=2 decodes=0 decMs=0
[OTS] f=233040 calls=2 n0=2048 n1=16 prims=720 bb=535,742,334,385
[OTT] walkUs=17 texUs=0 emitUs=0 submitUs=3 otherUs=13 prims=0 usPerPrim=17
[SH-XBOX] vblank 246600
[MEM] tick: free=2520KB (630 pages)
[FT] avgMs=17 worstMs=51 gameMs=12 drawMs=4 swapWait=0ms draws=2 decodes=0 decMs=0
[OTS] f=233160 calls=2 n0=2048 n1=16 prims=720 bb=535,742,334,385
[OTT] walkUs=17 texUs=0 emitUs=0 submitUs=3 otherUs=14 prims=0 usPerPrim=17
[FT] avgMs=16 worstMs=48 gameMs=12 drawMs=4 swapWait=0ms draws=2 decodes=0 decMs=0
[OTS] f=233280 calls=2 n0=2048 n1=16 prims=720 bb=535,742,334,385
[OTT] walkUs=17 texUs=0 emitUs=0 submitUs=4 otherUs=12 prims=0 usPerPrim=17
[FT] avgMs=17 worstMs=63 gameMs=11 drawMs=6 swapWait=0ms draws=2 decodes=0 decMs=0
[OTS] f=233400 calls=2 n0=2048 n1=28 prims=756 bb=535,742,334,385
[OTT] walkUs=210 texUs=3 emitUs=26 submitUs=15 otherUs=164 prims=6 usPerPrim=35
[FT] avgMs=16 worstMs=47 gameMs=10 drawMs=6 swapWait=0ms draws=2 decodes=0 decMs=0
[OTS] f=233520 calls=2 n0=2048 n1=28 prims=744 bb=535,742,334,385
[OTT] walkUs=229 texUs=3 emitUs=26 submitUs=14 otherUs=184 prims=6 usPerPrim=38
[FT] avgMs=16 worstMs=56 gameMs=11 drawMs=5 swapWait=0ms draws=2 decodes=0 decMs=0
[OTS] f=233640 calls=2 n0=2048 n1=28 prims=744 bb=535,742,334,385
[OTT] walkUs=218 texUs=3 emitUs=28 submitUs=14 otherUs=171 prims=6 usPerPrim=36
[SH-XBOX] vblank 247200
[MEM] tick: free=2520KB (630 pages)
[FT] avgMs=17 worstMs=55 gameMs=10 drawMs=6 swapWait=0ms draws=2 decodes=0 decMs=0
[OTS] f=233760 calls=2 n0=2048 n1=28 prims=768 bb=535,742,334,385
[OTT] walkUs=292 texUs=3 emitUs=26 submitUs=14 otherUs=247 prims=6 usPerPrim=48
[FT] avgMs=16 worstMs=47 gameMs=10 drawMs=6 swapWait=0ms draws=2 decodes=0 decMs=0
[OTS] f=233880 calls=2 n0=2048 n1=28 prims=744 bb=535,742,334,385
[OTT] walkUs=78 texUs=3 emitUs=26 submitUs=14 otherUs=33 prims=6 usPerPrim=13
[FT] avgMs=16 worstMs=55 gameMs=10 drawMs=6 swapWait=0ms draws=2 decodes=0 decMs=0
[OTS] f=234000 calls=2 n0=2048 n1=28 prims=744 bb=535,742,334,385
[OTT] walkUs=171 texUs=2 emitUs=26 submitUs=15 otherUs=126 prims=6 usPerPrim=28
[FT] avgMs=16 worstMs=52 gameMs=10 drawMs=6 swapWait=0ms draws=2 decodes=0 decMs=0
[OTS] f=234120 calls=2 n0=2048 n1=28 prims=744 bb=535,742,334,385
[OTT] walkUs=92 texUs=2 emitUs=26 submitUs=13 otherUs=49 prims=6 usPerPrim=15
[FT] avgMs=17 worstMs=62 gameMs=10 drawMs=6 swapWait=0ms draws=2 decodes=0 decMs=0
[OTS] f=234240 calls=2 n0=2048 n1=28 prims=744 bb=535,742,334,385
[OTT] walkUs=152 texUs=3 emitUs=25 submitUs=15 otherUs=109 prims=6 usPerPrim=25
[SH-XBOX] vblank 247800
[MEM] tick: free=2520KB (630 pages)
[FT] avgMs=17 worstMs=57 gameMs=11 drawMs=5 swapWait=0ms draws=2 decodes=0 decMs=0
[OTS] f=234360 calls=2 n0=2048 n1=28 prims=720 bb=535,742,334,385
[OTT] walkUs=118 texUs=3 emitUs=26 submitUs=13 otherUs=75 prims=6 usPerPrim=19
[FT] avgMs=16 worstMs=51 gameMs=13 drawMs=3 swapWait=0ms draws=2 decodes=0 decMs=0
[OTS] f=234480 calls=2 n0=2048 n1=28 prims=720 bb=535,742,334,385
[OTT] walkUs=127 texUs=3 emitUs=26 submitUs=14 otherUs=82 prims=6 usPerPrim=21
[FT] avgMs=16 worstMs=47 gameMs=13 drawMs=3 swapWait=0ms draws=2 decodes=0 decMs=0
[OTS] f=234600 calls=2 n0=2048 n1=28 prims=720 bb=535,742,334,385
[OTT] walkUs=76 texUs=3 emitUs=26 submitUs=14 otherUs=32 prims=6 usPerPrim=12
[FT] avgMs=16 worstMs=58 gameMs=12 drawMs=4 swapWait=0ms draws=2 decodes=0 decMs=0
[OTS] f=234720 calls=2 n0=2048 n1=16 prims=708 bb=535,742,334,385
[OTT] walkUs=17 texUs=0 emitUs=0 submitUs=3 otherUs=14 prims=0 usPerPrim=17
[FT] avgMs=16 worstMs=51 gameMs=12 drawMs=4 swapWait=0ms draws=2 decodes=0 decMs=0
[OTS] f=234840 calls=2 n0=2048 n1=16 prims=696 bb=535,742,334,385
[OTT] walkUs=17 texUs=0 emitUs=0 submitUs=3 otherUs=13 prims=0 usPerPrim=17
[SH-XBOX] vblank 248400
[MEM] tick: free=2520KB (630 pages)
[FT] avgMs=17 worstMs=57 gameMs=11 drawMs=6 swapWait=0ms draws=2 decodes=0 decMs=0
[OTS] f=234960 calls=2 n0=2048 n1=16 prims=672 bb=535,742,334,385
[OTT] walkUs=17 texUs=0 emitUs=0 submitUs=3 otherUs=14 prims=0 usPerPrim=17
[FT] avgMs=16 worstMs=58 gameMs=10 drawMs=6 swapWait=0ms draws=2 decodes=0 decMs=0
[OTS] f=235080 calls=2 n0=2048 n1=16 prims=696 bb=535,742,334,385
[OTT] walkUs=17 texUs=0 emitUs=0 submitUs=3 otherUs=13 prims=0 usPerPrim=17
[FT] avgMs=16 worstMs=52 gameMs=10 drawMs=6 swapWait=0ms draws=2 decodes=0 decMs=0
[OTS] f=235200 calls=2 n0=2048 n1=16 prims=672 bb=535,742,334,385
[OTT] walkUs=18 texUs=0 emitUs=0 submitUs=3 otherUs=14 prims=0 usPerPrim=18
[FT] avgMs=16 worstMs=47 gameMs=10 drawMs=6 swapWait=0ms draws=2 decodes=0 decMs=0
[OTS] f=235320 calls=2 n0=2048 n1=16 prims=696 bb=535,742,334,385
[OTT] walkUs=17 texUs=0 emitUs=0 submitUs=3 otherUs=13 prims=0 usPerPrim=17
[FT] avgMs=16 worstMs=59 gameMs=10 drawMs=6 swapWait=0ms draws=2 decodes=0 decMs=0
[OTS] f=235440 calls=2 n0=2048 n1=16 prims=696 bb=535,742,334,385
[OTT] walkUs=17 texUs=0 emitUs=0 submitUs=3 otherUs=14 prims=0 usPerPrim=17
[SH-XBOX] vblank 249000
[MEM] tick: free=2520KB (630 pages)
[FT] avgMs=17 worstMs=51 gameMs=10 drawMs=6 swapWait=0ms draws=2 decodes=0 decMs=0
[OTS] f=235560 calls=2 n0=2048 n1=16 prims=708 bb=535,742,334,385
[OTT] walkUs=17 texUs=0 emitUs=0 submitUs=3 otherUs=13 prims=0 usPerPrim=17
[FT] avgMs=17 worstMs=62 gameMs=10 drawMs=6 swapWait=0ms draws=2 decodes=0 decMs=0
[OTS] f=235680 calls=2 n0=2048 n1=16 prims=720 bb=535,742,334,385
[OTT] walkUs=17 texUs=0 emitUs=0 submitUs=3 otherUs=14 prims=0 usPerPrim=17
[FT] avgMs=17 worstMs=63 gameMs=10 drawMs=6 swapWait=0ms draws=2 decodes=0 decMs=0
[OTS] f=235800 calls=2 n0=2048 n1=16 prims=720 bb=535,742,334,385
[OTT] walkUs=17 texUs=0 emitUs=0 submitUs=7 otherUs=10 prims=0 usPerPrim=17
[FT] avgMs=16 worstMs=48 gameMs=11 drawMs=5 swapWait=0ms draws=2 decodes=0 decMs=0
[OTS] f=235920 calls=2 n0=2048 n1=16 prims=720 bb=535,742,334,385
[OTT] walkUs=17 texUs=0 emitUs=0 submitUs=3 otherUs=14 prims=0 usPerPrim=17
[FT] avgMs=16 worstMs=53 gameMs=13 drawMs=3 swapWait=0ms draws=2 decodes=0 decMs=0
[OTS] f=236040 calls=2 n0=2048 n1=16 prims=720 bb=535,742,334,385
[OTT] walkUs=17 texUs=0 emitUs=0 submitUs=3 otherUs=14 prims=0 usPerPrim=17
[SH-XBOX] vblank 249600
[MEM] tick: free=2520KB (630 pages)
[FT] avgMs=17 worstMs=50 gameMs=13 drawMs=3 swapWait=0ms draws=2 decodes=0 decMs=0
[OTS] f=236160 calls=2 n0=2048 n1=28 prims=780 bb=535,742,334,385
[OTT] walkUs=77 texUs=3 emitUs=25 submitUs=15 otherUs=33 prims=6 usPerPrim=12
[FT] avgMs=16 worstMs=61 gameMs=12 drawMs=4 swapWait=1ms draws=2 decodes=0 decMs=0
[OTS] f=236280 calls=2 n0=2048 n1=28 prims=744 bb=535,742,334,385
[OTT] walkUs=75 texUs=3 emitUs=24 submitUs=14 otherUs=32 prims=6 usPerPrim=12
[FT] avgMs=16 worstMs=52 gameMs=11 drawMs=4 swapWait=1ms draws=2 decodes=0 decMs=0
[OTS] f=236400 calls=2 n0=2048 n1=28 prims=744 bb=535,742,334,385
[OTT] walkUs=148 texUs=3 emitUs=26 submitUs=86 otherUs=32 prims=6 usPerPrim=24
[FT] avgMs=16 worstMs=51 gameMs=10 drawMs=6 swapWait=0ms draws=2 decodes=0 decMs=0
[OTS] f=236520 calls=2 n0=2048 n1=28 prims=744 bb=535,742,334,385
[OTT] walkUs=81 texUs=3 emitUs=26 submitUs=18 otherUs=33 prims=6 usPerPrim=13
[FT] avgMs=17 worstMs=63 gameMs=11 drawMs=6 swapWait=0ms draws=2 decodes=0 decMs=0
[OTS] f=236640 calls=2 n0=2048 n1=28 prims=756 bb=535,742,334,385
[OTT] walkUs=76 texUs=3 emitUs=25 submitUs=14 otherUs=32 prims=6 usPerPrim=12
[SH-XBOX] vblank 250200
[MEM] tick: free=2520KB (630 pages)
[FT] avgMs=17 worstMs=59 gameMs=11 drawMs=6 swapWait=0ms draws=2 decodes=0 decMs=0
[OTS] f=236760 calls=2 n0=2048 n1=28 prims=756 bb=535,742,334,385
[OTT] walkUs=76 texUs=3 emitUs=26 submitUs=13 otherUs=33 prims=6 usPerPrim=12
[FT] avgMs=16 worstMs=58 gameMs=10 drawMs=6 swapWait=0ms draws=2 decodes=0 decMs=0
[OTS] f=236880 calls=2 n0=2048 n1=28 prims=720 bb=535,742,334,385
[OTT] walkUs=78 texUs=3 emitUs=24 submitUs=15 otherUs=35 prims=6 usPerPrim=13
[FT] avgMs=17 worstMs=52 gameMs=10 drawMs=6 swapWait=0ms draws=2 decodes=0 decMs=0
[OTS] f=237000 calls=2 n0=2048 n1=28 prims=720 bb=535,742,334,385
[OTT] walkUs=218 texUs=3 emitUs=31 submitUs=16 otherUs=167 prims=6 usPerPrim=36
[FT] avgMs=17 worstMs=57 gameMs=10 drawMs=6 swapWait=0ms draws=2 decodes=0 decMs=0
[OTS] f=237120 calls=2 n0=2048 n1=28 prims=720 bb=535,742,334,385
[OTT] walkUs=86 texUs=3 emitUs=25 submitUs=14 otherUs=42 prims=6 usPerPrim=14
[FT] avgMs=16 worstMs=48 gameMs=10 drawMs=6 swapWait=0ms draws=2 decodes=0 decMs=0
[OTS] f=237240 calls=2 n0=2048 n1=28 prims=720 bb=535,742,334,385
[OTT] walkUs=73 texUs=3 emitUs=24 submitUs=17 otherUs=28 prims=6 usPerPrim=12
[SH-XBOX] vblank 250800
[MEM] tick: free=2520KB (630 pages)
[FT] avgMs=17 worstMs=55 gameMs=11 drawMs=6 swapWait=1ms draws=2 decodes=0 decMs=0
[OTS] f=237360 calls=2 n0=2048 n1=16 prims=696 bb=535,742,334,385
[OTT] walkUs=17 texUs=0 emitUs=0 submitUs=3 otherUs=14 prims=0 usPerPrim=17
[FT] avgMs=16 worstMs=49 gameMs=11 drawMs=5 swapWait=0ms draws=2 decodes=0 decMs=0
[OTS] f=237480 calls=2 n0=2048 n1=16 prims=696 bb=535,742,334,385
[OTT] walkUs=17 texUs=0 emitUs=0 submitUs=3 otherUs=13 prims=0 usPerPrim=17
[FT] avgMs=16 worstMs=55 gameMs=13 drawMs=3 swapWait=0ms draws=2 decodes=0 decMs=0
[OTS] f=237600 calls=2 n0=2048 n1=16 prims=696 bb=535,742,334,385
[OTT] walkUs=17 texUs=0 emitUs=0 submitUs=3 otherUs=13 prims=0 usPerPrim=17
[FT] avgMs=17 worstMs=50 gameMs=13 drawMs=3 swapWait=0ms draws=2 decodes=0 decMs=0
[OTS] f=237720 calls=2 n0=2048 n1=16 prims=696 bb=535,742,334,385
[OTT] walkUs=17 texUs=0 emitUs=0 submitUs=3 otherUs=14 prims=0 usPerPrim=17
[FT] avgMs=16 worstMs=48 gameMs=12 drawMs=4 swapWait=0ms draws=2 decodes=0 decMs=0
[OTS] f=237840 calls=2 n0=2048 n1=16 prims=696 bb=535,742,334,385
[OTT] walkUs=17 texUs=0 emitUs=0 submitUs=3 otherUs=13 prims=0 usPerPrim=17
[SH-XBOX] vblank 251400
[MEM] tick: free=2520KB (630 pages)
[FT] avgMs=17 worstMs=61 gameMs=12 drawMs=5 swapWait=0ms draws=2 decodes=0 decMs=0
[OTS] f=237960 calls=2 n0=2048 n1=16 prims=660 bb=535,742,334,385
[OTT] walkUs=17 texUs=0 emitUs=0 submitUs=3 otherUs=13 prims=0 usPerPrim=17
[FT] avgMs=16 worstMs=56 gameMs=10 drawMs=6 swapWait=0ms draws=2 decodes=0 decMs=0
[OTS] f=238080 calls=2 n0=2048 n1=16 prims=696 bb=535,742,334,385
[OTT] walkUs=17 texUs=0 emitUs=0 submitUs=3 otherUs=13 prims=0 usPerPrim=17
[FT] avgMs=16 worstMs=55 gameMs=11 drawMs=5 swapWait=0ms draws=2 decodes=0 decMs=0
[OTS] f=238200 calls=2 n0=2048 n1=16 prims=708 bb=535,742,334,385
[OTT] walkUs=17 texUs=0 emitUs=0 submitUs=3 otherUs=14 prims=0 usPerPrim=17
[FT] avgMs=16 worstMs=48 gameMs=10 drawMs=6 swapWait=1ms draws=2 decodes=0 decMs=0
[OTS] f=238320 calls=2 n0=2048 n1=16 prims=720 bb=535,742,334,385
[OTT] walkUs=17 texUs=0 emitUs=0 submitUs=3 otherUs=13 prims=0 usPerPrim=17
[FT] avgMs=17 worstMs=63 gameMs=10 drawMs=6 swapWait=0ms draws=2 decodes=0 decMs=0
[OTS] f=238440 calls=2 n0=2048 n1=16 prims=720 bb=535,742,334,385
[OTT] walkUs=17 texUs=0 emitUs=0 submitUs=3 otherUs=13 prims=0 usPerPrim=17
[SH-XBOX] vblank 252000
[MEM] tick: free=2520KB (630 pages)
[FT] avgMs=17 worstMs=59 gameMs=10 drawMs=6 swapWait=1ms draws=2 decodes=0 decMs=0
[OTS] f=238560 calls=2 n0=2048 n1=16 prims=720 bb=535,742,334,385
[OTT] walkUs=17 texUs=0 emitUs=0 submitUs=2 otherUs=14 prims=0 usPerPrim=17
[FT] avgMs=16 worstMs=55 gameMs=10 drawMs=6 swapWait=0ms draws=2 decodes=0 decMs=0
[OTS] f=238680 calls=2 n0=2048 n1=28 prims=732 bb=535,742,334,385
[OTT] walkUs=79 texUs=3 emitUs=26 submitUs=14 otherUs=35 prims=6 usPerPrim=13
[FT] avgMs=17 worstMs=79 gameMs=10 drawMs=6 swapWait=1ms draws=2 decodes=0 decMs=0
[OTS] f=238800 calls=2 n0=2048 n1=28 prims=768 bb=535,742,334,385
[OTT] walkUs=94 texUs=3 emitUs=26 submitUs=14 otherUs=49 prims=6 usPerPrim=15
[FT] avgMs=17 worstMs=62 gameMs=10 drawMs=6 swapWait=0ms draws=2 decodes=0 decMs=0
[OTS] f=238920 calls=2 n0=2048 n1=28 prims=756 bb=535,742,334,385
[OTT] walkUs=159 texUs=3 emitUs=26 submitUs=97 otherUs=32 prims=6 usPerPrim=26
[FT] avgMs=16 worstMs=58 gameMs=11 drawMs=5 swapWait=0ms draws=2 decodes=0 decMs=0
[OTS] f=239040 calls=2 n0=2048 n1=28 prims=744 bb=535,742,334,385
[OTT] walkUs=180 texUs=3 emitUs=25 submitUs=14 otherUs=136 prims=6 usPerPrim=30
[SH-XBOX] vblank 252600
[MEM] tick: free=2520KB (630 pages)
[FT] avgMs=17 worstMs=51 gameMs=13 drawMs=3 swapWait=0ms draws=2 decodes=0 decMs=0
[OTS] f=239160 calls=2 n0=2048 n1=28 prims=768 bb=535,742,334,385
[OTT] walkUs=101 texUs=3 emitUs=26 submitUs=15 otherUs=55 prims=6 usPerPrim=16
[FT] avgMs=16 worstMs=46 gameMs=12 drawMs=4 swapWait=0ms draws=2 decodes=0 decMs=0
[OTS] f=239280 calls=2 n0=2048 n1=28 prims=732 bb=535,742,334,385
[OTT] walkUs=334 texUs=3 emitUs=25 submitUs=14 otherUs=291 prims=6 usPerPrim=55
[FT] avgMs=16 worstMs=49 gameMs=12 drawMs=4 swapWait=0ms draws=2 decodes=0 decMs=0
[OTS] f=239400 calls=2 n0=2048 n1=28 prims=732 bb=535,742,334,385
[OTT] walkUs=113 texUs=3 emitUs=62 submitUs=15 otherUs=32 prims=6 usPerPrim=18
[FT] avgMs=16 worstMs=57 gameMs=11 drawMs=5 swapWait=0ms draws=2 decodes=0 decMs=0
[OTS] f=239520 calls=2 n0=2048 n1=28 prims=720 bb=535,742,334,385
[OTT] walkUs=76 texUs=3 emitUs=26 submitUs=14 otherUs=31 prims=6 usPerPrim=12
[FT] avgMs=16 worstMs=55 gameMs=10 drawMs=6 swapWait=0ms draws=2 decodes=0 decMs=0
[OTS] f=239640 calls=2 n0=2048 n1=28 prims=720 bb=535,742,334,385
[OTT] walkUs=175 texUs=3 emitUs=26 submitUs=15 otherUs=130 prims=6 usPerPrim=29
[SH-XBOX] vblank 253200
[MEM] tick: free=2520KB (630 pages)
[FT] avgMs=17 worstMs=59 gameMs=11 drawMs=5 swapWait=0ms draws=2 decodes=0 decMs=0
[OTS] f=239760 calls=2 n0=2048 n1=28 prims=720 bb=535,742,334,385
[OTT] walkUs=77 texUs=3 emitUs=26 submitUs=15 otherUs=32 prims=6 usPerPrim=12
[FT] avgMs=16 worstMs=55 gameMs=10 drawMs=6 swapWait=0ms draws=2 decodes=0 decMs=0
[OTS] f=239880 calls=2 n0=2048 n1=28 prims=720 bb=535,742,334,385
[OTT] walkUs=137 texUs=4 emitUs=25 submitUs=16 otherUs=91 prims=6 usPerPrim=22
[FT] avgMs=16 worstMs=55 gameMs=10 drawMs=6 swapWait=0ms draws=2 decodes=0 decMs=0
[OTS] f=240000 calls=2 n0=2048 n1=16 prims=708 bb=535,742,334,385
[OTT] walkUs=17 texUs=0 emitUs=0 submitUs=3 otherUs=13 prims=0 usPerPrim=17
[FT] avgMs=16 worstMs=46 gameMs=10 drawMs=6 swapWait=0ms draws=2 decodes=0 decMs=0
[OTS] f=240120 calls=2 n0=2048 n1=16 prims=708 bb=535,742,334,385
[OTT] walkUs=17 texUs=0 emitUs=0 submitUs=3 otherUs=14 prims=0 usPerPrim=17
[FT] avgMs=16 worstMs=55 gameMs=10 drawMs=6 swapWait=0ms draws=2 decodes=0 decMs=0
[OTS] f=240240 calls=2 n0=2048 n1=16 prims=696 bb=535,742,334,385
[OTT] walkUs=17 texUs=0 emitUs=0 submitUs=3 otherUs=13 prims=0 usPerPrim=17
[SH-XBOX] vblank 253800
[MEM] tick: free=2520KB (630 pages)
[FT] avgMs=17 worstMs=50 gameMs=10 drawMs=6 swapWait=0ms draws=2 decodes=0 decMs=0
[OTS] f=240360 calls=2 n0=2048 n1=16 prims=672 bb=535,742,334,385
[OTT] walkUs=17 texUs=0 emitUs=0 submitUs=3 otherUs=14 prims=0 usPerPrim=17
[FT] avgMs=17 worstMs=66 gameMs=11 drawMs=6 swapWait=0ms draws=2 decodes=0 decMs=0
[OTS] f=240480 calls=2 n0=2048 n1=16 prims=684 bb=535,742,334,385
[OTT] walkUs=17 texUs=0 emitUs=0 submitUs=3 otherUs=14 prims=0 usPerPrim=17
[FT] avgMs=16 worstMs=45 gameMs=11 drawMs=5 swapWait=0ms draws=2 decodes=0 decMs=0
[OTS] f=240600 calls=2 n0=2048 n1=16 prims=696 bb=535,742,334,385
[OTT] walkUs=17 texUs=0 emitUs=0 submitUs=3 otherUs=14 prims=0 usPerPrim=17
[FT] avgMs=16 worstMs=52 gameMs=13 drawMs=3 swapWait=0ms draws=2 decodes=0 decMs=0
[OTS] f=240720 calls=2 n0=2048 n1=16 prims=696 bb=535,742,334,385
[OTT] walkUs=17 texUs=0 emitUs=0 submitUs=3 otherUs=13 prims=0 usPerPrim=17
[FT] avgMs=16 worstMs=47 gameMs=12 drawMs=4 swapWait=0ms draws=2 decodes=0 decMs=0
[OTS] f=240840 calls=2 n0=2048 n1=16 prims=708 bb=535,742,334,385
[OTT] walkUs=17 texUs=0 emitUs=0 submitUs=3 otherUs=14 prims=0 usPerPrim=17
[SH-XBOX] vblank 254400
[MEM] tick: free=2520KB (630 pages)
[FT] avgMs=17 worstMs=50 gameMs=12 drawMs=4 swapWait=0ms draws=2 decodes=0 decMs=0
[OTS] f=240960 calls=2 n0=2048 n1=16 prims=708 bb=535,742,334,385
[OTT] walkUs=17 texUs=0 emitUs=0 submitUs=3 otherUs=13 prims=0 usPerPrim=17
[FT] avgMs=16 worstMs=49 gameMs=11 drawMs=5 swapWait=1ms draws=2 decodes=0 decMs=0
[OTS] f=241080 calls=2 n0=2048 n1=16 prims=708 bb=535,742,334,385
[OTT] walkUs=17 texUs=0 emitUs=0 submitUs=3 otherUs=14 prims=0 usPerPrim=17
[FT] avgMs=16 worstMs=50 gameMs=10 drawMs=6 swapWait=1ms draws=2 decodes=0 decMs=0
[OTS] f=241200 calls=2 n0=2048 n1=16 prims=720 bb=535,742,334,385
[OTT] walkUs=17 texUs=0 emitUs=0 submitUs=3 otherUs=13 prims=0 usPerPrim=17
[FT] avgMs=17 worstMs=64 gameMs=11 drawMs=5 swapWait=0ms draws=2 decodes=0 decMs=0
[OTS] f=241320 calls=2 n0=2048 n1=16 prims=720 bb=535,742,334,385
[OTT] walkUs=17 texUs=0 emitUs=0 submitUs=2 otherUs=14 prims=0 usPerPrim=17
[FT] avgMs=17 worstMs=63 gameMs=10 drawMs=6 swapWait=0ms draws=2 decodes=0 decMs=0
[OTS] f=241440 calls=2 n0=2048 n1=28 prims=732 bb=535,742,334,385
[OTT] walkUs=302 texUs=3 emitUs=26 submitUs=14 otherUs=257 prims=6 usPerPrim=50
[SH-XBOX] vblank 255000
[MEM] tick: free=2520KB (630 pages)
[FT] avgMs=17 worstMs=60 gameMs=10 drawMs=7 swapWait=0ms draws=2 decodes=0 decMs=0
[OTS] f=241560 calls=2 n0=2048 n1=28 prims=780 bb=535,742,334,385
[OTT] walkUs=76 texUs=3 emitUs=26 submitUs=14 otherUs=31 prims=6 usPerPrim=12
[FT] avgMs=16 worstMs=47 gameMs=10 drawMs=6 swapWait=0ms draws=2 decodes=0 decMs=0
[OTS] f=241680 calls=2 n0=2048 n1=28 prims=744 bb=535,742,334,385
[OTT] walkUs=78 texUs=3 emitUs=26 submitUs=14 otherUs=34 prims=6 usPerPrim=13
[FT] avgMs=16 worstMs=58 gameMs=10 drawMs=6 swapWait=0ms draws=2 decodes=0 decMs=0
[OTS] f=241800 calls=2 n0=2048 n1=28 prims=744 bb=535,742,334,385
[OTT] walkUs=234 texUs=3 emitUs=26 submitUs=14 otherUs=190 prims=6 usPerPrim=39
[FT] avgMs=16 worstMs=52 gameMs=10 drawMs=6 swapWait=0ms draws=2 decodes=0 decMs=0
[OTS] f=241920 calls=2 n0=2048 n1=28 prims=744 bb=535,742,334,385
[OTT] walkUs=77 texUs=3 emitUs=26 submitUs=15 otherUs=32 prims=6 usPerPrim=12
[FT] avgMs=16 worstMs=53 gameMs=10 drawMs=6 swapWait=1ms draws=2 decodes=0 decMs=0
[OTS] f=242040 calls=2 n0=2048 n1=28 prims=756 bb=535,742,334,385
[OTT] walkUs=77 texUs=3 emitUs=26 submitUs=13 otherUs=33 prims=6 usPerPrim=12
[SH-XBOX] vblank 255600
[MEM] tick: free=2520KB (630 pages)
[FT] avgMs=17 worstMs=58 gameMs=11 drawMs=5 swapWait=0ms draws=2 decodes=0 decMs=0
[OTS] f=242160 calls=2 n0=2048 n1=28 prims=756 bb=535,742,334,385
[OTT] walkUs=73 texUs=3 emitUs=24 submitUs=13 otherUs=32 prims=6 usPerPrim=12
[FT] avgMs=16 worstMs=48 gameMs=13 drawMs=3 swapWait=0ms draws=2 decodes=0 decMs=0
[OTS] f=242280 calls=2 n0=2048 n1=28 prims=720 bb=535,742,334,385
[OTT] walkUs=78 texUs=3 emitUs=26 submitUs=14 otherUs=34 prims=6 usPerPrim=13
[FT] avgMs=16 worstMs=54 gameMs=12 drawMs=4 swapWait=0ms draws=2 decodes=0 decMs=0
[OTS] f=242400 calls=2 n0=2048 n1=28 prims=720 bb=535,742,334,385
[OTT] walkUs=95 texUs=3 emitUs=24 submitUs=34 otherUs=32 prims=6 usPerPrim=15
[FT] avgMs=16 worstMs=51 gameMs=12 drawMs=4 swapWait=0ms draws=2 decodes=0 decMs=0
[OTS] f=242520 calls=2 n0=2048 n1=28 prims=720 bb=535,742,334,385
[OTT] walkUs=195 texUs=3 emitUs=26 submitUs=16 otherUs=149 prims=6 usPerPrim=32
[FT] avgMs=16 worstMs=49 gameMs=11 drawMs=5 swapWait=0ms draws=2 decodes=0 decMs=0
[OTS] f=242640 calls=2 n0=2048 n1=28 prims=720 bb=535,742,334,385
[OTT] walkUs=75 texUs=3 emitUs=25 submitUs=14 otherUs=31 prims=6 usPerPrim=12
[SH-XBOX] vblank 256200
[MEM] tick: free=2520KB (630 pages)
[FT] avgMs=17 worstMs=59 gameMs=11 drawMs=5 swapWait=0ms draws=2 decodes=0 decMs=0
[OTS] f=242760 calls=2 n0=2048 n1=16 prims=708 bb=535,742,334,385
[OTT] walkUs=17 texUs=0 emitUs=0 submitUs=3 otherUs=14 prims=0 usPerPrim=17
[FT] avgMs=16 worstMs=56 gameMs=11 drawMs=5 swapWait=1ms draws=2 decodes=0 decMs=0
[OTS] f=242880 calls=2 n0=2048 n1=16 prims=696 bb=535,742,334,385
[OTT] walkUs=17 texUs=0 emitUs=0 submitUs=3 otherUs=13 prims=0 usPerPrim=17
[FT] avgMs=16 worstMs=49 gameMs=10 drawMs=6 swapWait=0ms draws=2 decodes=0 decMs=0
[OTS] f=243000 calls=2 n0=2048 n1=16 prims=696 bb=535,742,334,385
[OTT] walkUs=17 texUs=0 emitUs=0 submitUs=142 otherUs=0 prims=0 usPerPrim=17
[FT] avgMs=16 worstMs=59 gameMs=10 drawMs=6 swapWait=1ms draws=2 decodes=0 decMs=0
[OTS] f=243120 calls=2 n0=2048 n1=16 prims=696 bb=535,742,334,385
[OTT] walkUs=17 texUs=0 emitUs=0 submitUs=3 otherUs=14 prims=0 usPerPrim=17
[FT] avgMs=16 worstMs=54 gameMs=10 drawMs=6 swapWait=0ms draws=2 decodes=0 decMs=0
[OTS] f=243240 calls=2 n0=2048 n1=16 prims=696 bb=535,742,334,385
[OTT] walkUs=17 texUs=0 emitUs=0 submitUs=3 otherUs=14 prims=0 usPerPrim=17
[SH-XBOX] vblank 256800
[MEM] tick: free=2520KB (630 pages)
[FT] avgMs=17 worstMs=60 gameMs=11 drawMs=6 swapWait=0ms draws=2 decodes=0 decMs=0
[OTS] f=243360 calls=2 n0=2048 n1=16 prims=672 bb=535,742,334,385
[OTT] walkUs=17 texUs=0 emitUs=0 submitUs=3 otherUs=14 prims=0 usPerPrim=17
[FT] avgMs=16 worstMs=55 gameMs=10 drawMs=6 swapWait=0ms draws=2 decodes=0 decMs=0
[OTS] f=243480 calls=2 n0=2048 n1=16 prims=696 bb=535,742,334,385
[OTT] walkUs=17 texUs=0 emitUs=0 submitUs=3 otherUs=13 prims=0 usPerPrim=17
[FT] avgMs=16 worstMs=51 gameMs=10 drawMs=6 swapWait=0ms draws=2 decodes=0 decMs=0
[OTS] f=243600 calls=2 n0=2048 n1=16 prims=708 bb=535,742,334,385
[OTT] walkUs=17 texUs=0 emitUs=0 submitUs=3 otherUs=14 prims=0 usPerPrim=17
[FT] avgMs=17 worstMs=60 gameMs=11 drawMs=5 swapWait=0ms draws=2 decodes=0 decMs=0
[OTS] f=243720 calls=2 n0=2048 n1=16 prims=720 bb=535,742,334,385
[OTT] walkUs=17 texUs=0 emitUs=0 submitUs=3 otherUs=13 prims=0 usPerPrim=17
[FT] avgMs=16 worstMs=55 gameMs=13 drawMs=3 swapWait=0ms draws=2 decodes=0 decMs=0
[OTS] f=243840 calls=2 n0=2048 n1=16 prims=720 bb=535,742,334,385
[OTT] walkUs=17 texUs=0 emitUs=0 submitUs=3 otherUs=14 prims=0 usPerPrim=17
[SH-XBOX] vblank 257400
[MEM] tick: free=2520KB (630 pages)
[FT] avgMs=17 worstMs=54 gameMs=12 drawMs=4 swapWait=0ms draws=2 decodes=0 decMs=0
[OTS] f=243960 calls=2 n0=2048 n1=16 prims=720 bb=535,742,334,385
[OTT] walkUs=17 texUs=0 emitUs=0 submitUs=3 otherUs=13 prims=0 usPerPrim=17
[FT] avgMs=16 worstMs=46 gameMs=12 drawMs=3 swapWait=0ms draws=2 decodes=0 decMs=0
[OTS] f=244080 calls=2 n0=2048 n1=16 prims=708 bb=535,742,334,385
[OTT] walkUs=17 texUs=0 emitUs=0 submitUs=3 otherUs=14 prims=0 usPerPrim=17
[FT] avgMs=16 worstMs=57 gameMs=11 drawMs=5 swapWait=0ms draws=2 decodes=0 decMs=0
[OTS] f=244200 calls=2 n0=2048 n1=28 prims=732 bb=535,742,334,385
[OTT] walkUs=78 texUs=3 emitUs=26 submitUs=14 otherUs=33 prims=6 usPerPrim=13
[FT] avgMs=16 worstMs=60 gameMs=11 drawMs=5 swapWait=0ms draws=2 decodes=0 decMs=0
[OTS] f=244320 calls=2 n0=2048 n1=28 prims=744 bb=535,742,334,385
[OTT] walkUs=80 texUs=3 emitUs=29 submitUs=15 otherUs=31 prims=6 usPerPrim=13
[FT] avgMs=16 worstMs=55 gameMs=11 drawMs=5 swapWait=0ms draws=2 decodes=0 decMs=0
[OTS] f=244440 calls=2 n0=2048 n1=28 prims=744 bb=535,742,334,385
[OTT] walkUs=185 texUs=3 emitUs=26 submitUs=14 otherUs=140 prims=6 usPerPrim=30
[SH-XBOX] vblank 258000
[MEM] tick: free=2520KB (630 pages)
[FT] avgMs=17 worstMs=50 gameMs=10 drawMs=6 swapWait=1ms draws=2 decodes=0 decMs=0
[OTS] f=244560 calls=2 n0=2048 n1=28 prims=768 bb=535,742,334,385
[OTT] walkUs=100 texUs=3 emitUs=24 submitUs=20 otherUs=51 prims=6 usPerPrim=16
[FT] avgMs=16 worstMs=58 gameMs=10 drawMs=6 swapWait=0ms draws=2 decodes=0 decMs=0
[OTS] f=244680 calls=2 n0=2048 n1=28 prims=744 bb=535,742,334,385
[OTT] walkUs=128 texUs=3 emitUs=26 submitUs=15 otherUs=82 prims=6 usPerPrim=21
[FT] avgMs=16 worstMs=54 gameMs=10 drawMs=6 swapWait=0ms draws=2 decodes=0 decMs=0
[OTS] f=244800 calls=2 n0=2048 n1=28 prims=744 bb=535,742,334,385
[OTT] walkUs=131 texUs=2 emitUs=26 submitUs=14 otherUs=86 prims=6 usPerPrim=21
[FT] avgMs=16 worstMs=48 gameMs=10 drawMs=6 swapWait=0ms draws=2 decodes=0 decMs=0
[OTS] f=244920 calls=2 n0=2048 n1=28 prims=744 bb=535,742,334,385
[OTT] walkUs=197 texUs=3 emitUs=26 submitUs=14 otherUs=152 prims=6 usPerPrim=32
[FT] avgMs=16 worstMs=57 gameMs=10 drawMs=6 swapWait=0ms draws=2 decodes=0 decMs=0
[OTS] f=245040 calls=2 n0=2048 n1=28 prims=744 bb=535,742,334,385
[OTT] walkUs=102 texUs=3 emitUs=26 submitUs=13 otherUs=59 prims=6 usPerPrim=17
[SH-XBOX] vblank 258600
[MEM] tick: free=2520KB (630 pages)
[FT] avgMs=17 worstMs=52 gameMs=11 drawMs=6 swapWait=0ms draws=2 decodes=0 decMs=0
[OTS] f=245160 calls=2 n0=2048 n1=28 prims=720 bb=535,742,334,385
[OTT] walkUs=77 texUs=3 emitUs=26 submitUs=14 otherUs=32 prims=6 usPerPrim=12
[FT] avgMs=17 worstMs=62 gameMs=11 drawMs=5 swapWait=0ms draws=2 decodes=0 decMs=0
[OTS] f=245280 calls=2 n0=2048 n1=28 prims=720 bb=535,742,334,385
[OTT] walkUs=305 texUs=3 emitUs=33 submitUs=17 otherUs=251 prims=6 usPerPrim=50
[FT] avgMs=16 worstMs=45 gameMs=13 drawMs=3 swapWait=0ms draws=2 decodes=0 decMs=0
[OTS] f=245400 calls=2 n0=2048 n1=28 prims=720 bb=535,742,334,385
[OTT] walkUs=307 texUs=3 emitUs=26 submitUs=16 otherUs=260 prims=6 usPerPrim=51
[FT] avgMs=16 worstMs=47 gameMs=12 drawMs=4 swapWait=0ms draws=2 decodes=0 decMs=0
[OTS] f=245520 calls=2 n0=2048 n1=28 prims=720 bb=535,742,334,385
[OTT] walkUs=76 texUs=3 emitUs=26 submitUs=13 otherUs=32 prims=6 usPerPrim=12
[FT] avgMs=16 worstMs=47 gameMs=13 drawMs=3 swapWait=0ms draws=2 decodes=0 decMs=0
[OTS] f=245640 calls=2 n0=2048 n1=28 prims=720 bb=535,742,334,385
[OTT] walkUs=75 texUs=3 emitUs=26 submitUs=15 otherUs=30 prims=6 usPerPrim=12
[SH-XBOX] vblank 259200
[MEM] tick: free=2520KB (630 pages)
[FT] avgMs=17 worstMs=61 gameMs=11 drawMs=5 swapWait=0ms draws=2 decodes=0 decMs=0
[OTS] f=245760 calls=2 n0=2048 n1=16 prims=672 bb=535,742,334,385
[OTT] walkUs=17 texUs=0 emitUs=0 submitUs=3 otherUs=14 prims=0 usPerPrim=17
[FT] avgMs=16 worstMs=48 gameMs=11 drawMs=5 swapWait=0ms draws=2 decodes=0 decMs=0
[OTS] f=245880 calls=2 n0=2048 n1=16 prims=696 bb=535,742,334,385
[OTT] walkUs=17 texUs=0 emitUs=0 submitUs=3 otherUs=14 prims=0 usPerPrim=17
[FT] avgMs=16 worstMs=57 gameMs=10 drawMs=6 swapWait=1ms draws=2 decodes=0 decMs=0
[OTS] f=246000 calls=2 n0=2048 n1=16 prims=708 bb=535,742,334,385
[OTT] walkUs=17 texUs=0 emitUs=0 submitUs=3 otherUs=14 prims=0 usPerPrim=17
[FT] avgMs=16 worstMs=53 gameMs=10 drawMs=6 swapWait=0ms draws=2 decodes=0 decMs=0
[OTS] f=246120 calls=2 n0=2048 n1=16 prims=696 bb=535,742,334,385
[OTT] walkUs=17 texUs=0 emitUs=0 submitUs=3 otherUs=13 prims=0 usPerPrim=17
[FT] avgMs=17 worstMs=63 gameMs=10 drawMs=6 swapWait=0ms draws=2 decodes=0 decMs=0
[OTS] f=246240 calls=2 n0=2048 n1=16 prims=684 bb=535,742,334,385
[OTT] walkUs=17 texUs=0 emitUs=0 submitUs=3 otherUs=13 prims=0 usPerPrim=17
[SH-XBOX] vblank 259800
[MEM] tick: free=2520KB (630 pages)
[FT] avgMs=17 worstMs=59 gameMs=11 drawMs=6 swapWait=0ms draws=2 decodes=0 decMs=0
[OTS] f=246360 calls=2 n0=2048 n1=16 prims=684 bb=535,742,334,385
[OTT] walkUs=17 texUs=0 emitUs=0 submitUs=3 otherUs=13 prims=0 usPerPrim=17
[FT] avgMs=16 worstMs=48 gameMs=10 drawMs=6 swapWait=0ms draws=2 decodes=0 decMs=0
[OTS] f=246480 calls=2 n0=2048 n1=16 prims=720 bb=535,742,334,385
[OTT] walkUs=17 texUs=0 emitUs=0 submitUs=3 otherUs=14 prims=0 usPerPrim=17
[FT] avgMs=16 worstMs=60 gameMs=10 drawMs=6 swapWait=0ms draws=2 decodes=0 decMs=0
[OTS] f=246600 calls=2 n0=2048 n1=16 prims=720 bb=535,742,334,385
[OTT] walkUs=17 texUs=0 emitUs=0 submitUs=3 otherUs=14 prims=0 usPerPrim=17
[FT] avgMs=16 worstMs=54 gameMs=10 drawMs=6 swapWait=0ms draws=2 decodes=0 decMs=0
[OTS] f=246720 calls=2 n0=2048 n1=16 prims=720 bb=535,742,334,385
[OTT] walkUs=17 texUs=0 emitUs=0 submitUs=3 otherUs=13 prims=0 usPerPrim=17
[FT] avgMs=16 worstMs=51 gameMs=11 drawMs=5 swapWait=0ms draws=2 decodes=0 decMs=0
[OTS] f=246840 calls=2 n0=2048 n1=16 prims=720 bb=535,742,334,385
[OTT] walkUs=17 texUs=0 emitUs=0 submitUs=3 otherUs=14 prims=0 usPerPrim=17
[SH-XBOX] vblank 260400
[MEM] tick: free=2520KB (630 pages)
[FT] avgMs=17 worstMs=73 gameMs=14 drawMs=3 swapWait=0ms draws=2 decodes=0 decMs=0
[OTS] f=246960 calls=2 n0=2048 n1=28 prims=744 bb=535,742,334,385
[OTT] walkUs=138 texUs=3 emitUs=25 submitUs=14 otherUs=94 prims=6 usPerPrim=23
[FT] avgMs=16 worstMs=54 gameMs=12 drawMs=4 swapWait=0ms draws=2 decodes=0 decMs=0
[OTS] f=247080 calls=2 n0=2048 n1=28 prims=744 bb=535,742,334,385
[OTT] walkUs=86 texUs=3 emitUs=26 submitUs=14 otherUs=42 prims=6 usPerPrim=14
[FT] avgMs=16 worstMs=50 gameMs=13 drawMs=3 swapWait=0ms draws=2 decodes=0 decMs=0
[OTS] f=247200 calls=2 n0=2048 n1=28 prims=744 bb=535,742,334,385
[OTT] walkUs=205 texUs=3 emitUs=24 submitUs=133 otherUs=43 prims=6 usPerPrim=34
[FT] avgMs=16 worstMs=46 gameMs=11 drawMs=5 swapWait=0ms draws=2 decodes=0 decMs=0
[OTS] f=247320 calls=2 n0=2048 n1=28 prims=744 bb=535,742,334,385
[OTT] walkUs=333 texUs=3 emitUs=25 submitUs=14 otherUs=289 prims=6 usPerPrim=55
[FT] avgMs=16 worstMs=59 gameMs=11 drawMs=5 swapWait=0ms draws=2 decodes=0 decMs=0
[OTS] f=247440 calls=2 n0=2048 n1=28 prims=744 bb=535,742,334,385
[OTT] walkUs=82 texUs=2 emitUs=25 submitUs=14 otherUs=39 prims=6 usPerPrim=13
[SH-XBOX] vblank 261000
[MEM] tick: free=2520KB (630 pages)
[FT] avgMs=17 worstMs=52 gameMs=11 drawMs=6 swapWait=1ms draws=2 decodes=0 decMs=0
[OTS] f=247560 calls=2 n0=2048 n1=28 prims=768 bb=535,742,334,385
[OTT] walkUs=258 texUs=3 emitUs=26 submitUs=15 otherUs=213 prims=6 usPerPrim=43
[FT] avgMs=17 worstMs=63 gameMs=10 drawMs=6 swapWait=0ms draws=2 decodes=0 decMs=0
[OTS] f=247680 calls=2 n0=2048 n1=28 prims=744 bb=535,742,334,385
[OTT] walkUs=209 texUs=3 emitUs=26 submitUs=14 otherUs=165 prims=6 usPerPrim=34
[FT] avgMs=16 worstMs=49 gameMs=9 drawMs=6 swapWait=0ms draws=2 decodes=0 decMs=0
[OTS] f=247800 calls=2 n0=2048 n1=28 prims=720 bb=535,742,334,385
[OTT] walkUs=74 texUs=3 emitUs=25 submitUs=14 otherUs=31 prims=6 usPerPrim=12
[FT] avgMs=16 worstMs=57 gameMs=10 drawMs=6 swapWait=1ms draws=2 decodes=0 decMs=0
[OTS] f=247920 calls=2 n0=2048 n1=28 prims=720 bb=535,742,334,385
[OTT] walkUs=76 texUs=3 emitUs=25 submitUs=15 otherUs=32 prims=6 usPerPrim=12
[FT] avgMs=16 worstMs=51 gameMs=10 drawMs=6 swapWait=0ms draws=2 decodes=0 decMs=0
[OTS] f=248040 calls=2 n0=2048 n1=28 prims=720 bb=535,742,334,385
[OTT] walkUs=147 texUs=3 emitUs=26 submitUs=15 otherUs=101 prims=6 usPerPrim=24
[SH-XBOX] vblank 261600
[MEM] tick: free=2520KB (630 pages)
[FT] avgMs=17 worstMs=60 gameMs=11 drawMs=6 swapWait=0ms draws=2 decodes=0 decMs=0
[OTS] f=248160 calls=2 n0=2048 n1=28 prims=720 bb=535,742,334,385
[OTT] walkUs=225 texUs=3 emitUs=24 submitUs=14 otherUs=183 prims=6 usPerPrim=37
[FT] avgMs=16 worstMs=48 gameMs=10 drawMs=6 swapWait=0ms draws=2 decodes=0 decMs=0
[OTS] f=248280 calls=2 n0=2048 n1=16 prims=696 bb=535,742,334,385
[OTT] walkUs=17 texUs=0 emitUs=0 submitUs=3 otherUs=14 prims=0 usPerPrim=17
[FT] avgMs=17 worstMs=62 gameMs=11 drawMs=5 swapWait=0ms draws=2 decodes=0 decMs=0
[OTS] f=248400 calls=2 n0=2048 n1=16 prims=684 bb=535,742,334,385
[OTT] walkUs=17 texUs=0 emitUs=0 submitUs=3 otherUs=14 prims=0 usPerPrim=17
[FT] avgMs=16 worstMs=54 gameMs=13 drawMs=3 swapWait=0ms draws=2 decodes=0 decMs=0
[OTS] f=248520 calls=2 n0=2048 n1=16 prims=696 bb=535,742,334,385
[OTT] walkUs=17 texUs=0 emitUs=0 submitUs=2 otherUs=14 prims=0 usPerPrim=17
[FT] avgMs=16 worstMs=50 gameMs=12 drawMs=4 swapWait=1ms draws=2 decodes=0 decMs=0
[OTS] f=248640 calls=2 n0=2048 n1=16 prims=696 bb=535,742,334,385
[OTT] walkUs=17 texUs=0 emitUs=0 submitUs=3 otherUs=14 prims=0 usPerPrim=17
[SH-XBOX] vblank 262200
[MEM] tick: free=2520KB (630 pages)
[FT] avgMs=17 worstMs=48 gameMs=13 drawMs=3 swapWait=0ms draws=2 decodes=0 decMs=0
[OTS] f=248760 calls=2 n0=2048 n1=16 prims=684 bb=535,742,334,385
[OTT] walkUs=17 texUs=0 emitUs=0 submitUs=3 otherUs=13 prims=0 usPerPrim=17
[FT] avgMs=17 worstMs=51 gameMs=11 drawMs=5 swapWait=0ms draws=2 decodes=0 decMs=0
[OTS] f=248880 calls=2 n0=2048 n1=16 prims=708 bb=535,742,334,385
[OTT] walkUs=17 texUs=0 emitUs=0 submitUs=3 otherUs=13 prims=0 usPerPrim=17
[FT] avgMs=16 worstMs=59 gameMs=11 drawMs=5 swapWait=0ms draws=2 decodes=0 decMs=0
[OTS] f=249000 calls=2 n0=2048 n1=16 prims=696 bb=535,742,334,385
[OTT] walkUs=17 texUs=0 emitUs=0 submitUs=2 otherUs=14 prims=0 usPerPrim=17
[FT] avgMs=16 worstMs=53 gameMs=10 drawMs=6 swapWait=0ms draws=2 decodes=0 decMs=0
[OTS] f=249120 calls=2 n0=2048 n1=16 prims=708 bb=535,742,334,385
[OTT] walkUs=17 texUs=0 emitUs=0 submitUs=3 otherUs=13 prims=0 usPerPrim=17
[FT] avgMs=16 worstMs=53 gameMs=10 drawMs=6 swapWait=0ms draws=2 decodes=0 decMs=0
[OTS] f=249240 calls=2 n0=2048 n1=16 prims=720 bb=535,742,334,385
[OTT] walkUs=17 texUs=0 emitUs=0 submitUs=3 otherUs=14 prims=0 usPerPrim=17
[SH-XBOX] vblank 262800
[MEM] tick: free=2520KB (630 pages)
[FT] avgMs=17 worstMs=60 gameMs=10 drawMs=7 swapWait=0ms draws=2 decodes=0 decMs=0
[OTS] f=249360 calls=2 n0=2048 n1=16 prims=720 bb=535,742,334,385
[OTT] walkUs=17 texUs=0 emitUs=0 submitUs=3 otherUs=14 prims=0 usPerPrim=17
[FT] avgMs=16 worstMs=50 gameMs=10 drawMs=6 swapWait=0ms draws=2 decodes=0 decMs=0
[OTS] f=249480 calls=2 n0=2048 n1=16 prims=720 bb=535,742,334,385
[OTT] walkUs=17 texUs=0 emitUs=0 submitUs=2 otherUs=14 prims=0 usPerPrim=17
[FT] avgMs=16 worstMs=59 gameMs=10 drawMs=6 swapWait=0ms draws=2 decodes=0 decMs=0
[OTS] f=249600 calls=2 n0=2048 n1=16 prims=720 bb=535,742,334,385
[OTT] walkUs=17 texUs=0 emitUs=0 submitUs=3 otherUs=14 prims=0 usPerPrim=17
[FT] avgMs=16 worstMs=56 gameMs=10 drawMs=6 swapWait=0ms draws=2 decodes=0 decMs=0
[OTS] f=249720 calls=2 n0=2048 n1=28 prims=732 bb=535,742,334,385
[OTT] walkUs=79 texUs=3 emitUs=26 submitUs=15 otherUs=34 prims=6 usPerPrim=13
[FT] avgMs=16 worstMs=50 gameMs=10 drawMs=6 swapWait=0ms draws=2 decodes=0 decMs=0
[OTS] f=249840 calls=2 n0=2048 n1=28 prims=744 bb=535,742,334,385
[OTT] walkUs=122 texUs=3 emitUs=26 submitUs=15 otherUs=76 prims=6 usPerPrim=20
[SH-XBOX] vblank 263400
[MEM] tick: free=2520KB (630 pages)
[FT] avgMs=17 worstMs=62 gameMs=12 drawMs=5 swapWait=0ms draws=2 decodes=0 decMs=0
[OTS] f=249960 calls=2 n0=2048 n1=28 prims=768 bb=535,742,334,385
[OTT] walkUs=77 texUs=2 emitUs=27 submitUs=15 otherUs=31 prims=6 usPerPrim=12
[FT] avgMs=16 worstMs=50 gameMs=13 drawMs=3 swapWait=0ms draws=2 decodes=0 decMs=0
[OTS] f=250080 calls=2 n0=2048 n1=28 prims=744 bb=535,742,334,385
[OTT] walkUs=195 texUs=3 emitUs=26 submitUs=15 otherUs=149 prims=6 usPerPrim=32
[FT] avgMs=16 worstMs=44 gameMs=11 drawMs=4 swapWait=0ms draws=2 decodes=0 decMs=0
[OTS] f=250200 calls=2 n0=2048 n1=28 prims=732 bb=535,742,334,385
[OTT] walkUs=297 texUs=3 emitUs=26 submitUs=13 otherUs=254 prims=6 usPerPrim=49
[FT] avgMs=16 worstMs=45 gameMs=13 drawMs=3 swapWait=0ms draws=2 decodes=0 decMs=0
[OTS] f=250320 calls=2 n0=2048 n1=28 prims=744 bb=535,742,334,385
[OTT] walkUs=77 texUs=3 emitUs=26 submitUs=14 otherUs=32 prims=6 usPerPrim=12
[FT] avgMs=16 worstMs=58 gameMs=10 drawMs=6 swapWait=0ms draws=2 decodes=0 decMs=0
[OTS] f=250440 calls=2 n0=2048 n1=28 prims=744 bb=535,742,334,385
[OTT] walkUs=77 texUs=3 emitUs=27 submitUs=14 otherUs=32 prims=6 usPerPrim=12
[SH-XBOX] vblank 264000
[MEM] tick: free=2520KB (630 pages)
[FT] avgMs=17 worstMs=55 gameMs=11 drawMs=5 swapWait=0ms draws=2 decodes=0 decMs=0
[OTS] f=250560 calls=2 n0=2048 n1=28 prims=756 bb=535,742,334,385
[OTT] walkUs=143 texUs=3 emitUs=26 submitUs=13 otherUs=99 prims=6 usPerPrim=23
[FT] avgMs=16 worstMs=49 gameMs=11 drawMs=5 swapWait=0ms draws=2 decodes=0 decMs=0
[OTS] f=250680 calls=2 n0=2048 n1=28 prims=720 bb=535,742,334,385
[OTT] walkUs=172 texUs=3 emitUs=30 submitUs=15 otherUs=122 prims=6 usPerPrim=28
[FT] avgMs=17 worstMs=61 gameMs=10 drawMs=6 swapWait=0ms draws=2 decodes=0 decMs=0
[OTS] f=250800 calls=2 n0=2048 n1=28 prims=720 bb=535,742,334,385
[OTT] walkUs=180 texUs=3 emitUs=26 submitUs=14 otherUs=136 prims=6 usPerPrim=30
[FT] avgMs=17 worstMs=61 gameMs=10 drawMs=6 swapWait=0ms draws=2 decodes=0 decMs=0
[OTS] f=250920 calls=2 n0=2048 n1=28 prims=708 bb=535,742,334,385
[OTT] walkUs=75 texUs=3 emitUs=25 submitUs=13 otherUs=33 prims=6 usPerPrim=12
[FT] avgMs=17 worstMs=61 gameMs=10 drawMs=6 swapWait=0ms draws=2 decodes=0 decMs=0
[OTS] f=251040 calls=2 n0=2048 n1=16 prims=708 bb=535,742,334,385
[OTT] walkUs=21 texUs=0 emitUs=0 submitUs=3 otherUs=18 prims=0 usPerPrim=21
[SH-XBOX] vblank 264600
[MEM] tick: free=2520KB (630 pages)
[FT] avgMs=17 worstMs=62 gameMs=11 drawMs=6 swapWait=0ms draws=2 decodes=0 decMs=0
[OTS] f=251160 calls=2 n0=2048 n1=16 prims=660 bb=535,742,334,385
[OTT] walkUs=17 texUs=0 emitUs=0 submitUs=3 otherUs=13 prims=0 usPerPrim=17
[FT] avgMs=16 worstMs=51 gameMs=10 drawMs=5 swapWait=0ms draws=2 decodes=0 decMs=0
[OTS] f=251280 calls=2 n0=2048 n1=16 prims=696 bb=535,742,334,385
[OTT] walkUs=17 texUs=0 emitUs=0 submitUs=3 otherUs=14 prims=0 usPerPrim=17
[FT] avgMs=16 worstMs=58 gameMs=10 drawMs=6 swapWait=0ms draws=2 decodes=0 decMs=0
[OTS] f=251400 calls=2 n0=2048 n1=16 prims=696 bb=535,742,334,385
[OTT] walkUs=17 texUs=0 emitUs=0 submitUs=3 otherUs=14 prims=0 usPerPrim=17
[FT] avgMs=16 worstMs=55 gameMs=11 drawMs=5 swapWait=0ms draws=2 decodes=0 decMs=0
[OTS] f=251520 calls=2 n0=2048 n1=16 prims=696 bb=535,742,334,385
[OTT] walkUs=17 texUs=0 emitUs=0 submitUs=3 otherUs=13 prims=0 usPerPrim=17
[FT] avgMs=16 worstMs=45 gameMs=13 drawMs=3 swapWait=0ms draws=2 decodes=0 decMs=0
[OTS] f=251640 calls=2 n0=2048 n1=16 prims=708 bb=535,742,334,385
[OTT] walkUs=17 texUs=0 emitUs=0 submitUs=3 otherUs=13 prims=0 usPerPrim=17
[SH-XBOX] vblank 265200
[MEM] tick: free=2520KB (630 pages)
[FT] avgMs=17 worstMs=55 gameMs=12 drawMs=5 swapWait=0ms draws=2 decodes=0 decMs=0
[OTS] f=251760 calls=2 n0=2048 n1=16 prims=696 bb=535,742,334,385
[OTT] walkUs=17 texUs=0 emitUs=0 submitUs=3 otherUs=14 prims=0 usPerPrim=17
[FT] avgMs=16 worstMs=48 gameMs=13 drawMs=3 swapWait=0ms draws=2 decodes=0 decMs=0
[OTS] f=251880 calls=2 n0=2048 n1=16 prims=708 bb=535,742,334,385
[OTT] walkUs=17 texUs=0 emitUs=0 submitUs=3 otherUs=13 prims=0 usPerPrim=17
[FT] avgMs=16 worstMs=48 gameMs=10 drawMs=6 swapWait=0ms draws=2 decodes=0 decMs=0
[OTS] f=252000 calls=2 n0=2048 n1=16 prims=720 bb=535,742,334,385
[OTT] walkUs=17 texUs=0 emitUs=0 submitUs=3 otherUs=14 prims=0 usPerPrim=17
[FT] avgMs=16 worstMs=56 gameMs=11 drawMs=5 swapWait=1ms draws=2 decodes=0 decMs=0
[OTS] f=252120 calls=2 n0=2048 n1=16 prims=720 bb=535,742,334,385
[OTT] walkUs=17 texUs=0 emitUs=0 submitUs=139 otherUs=0 prims=0 usPerPrim=17
[FT] avgMs=16 worstMs=50 gameMs=11 drawMs=5 swapWait=0ms draws=2 decodes=0 decMs=0
[OTS] f=252240 calls=2 n0=2048 n1=16 prims=720 bb=535,742,334,385
[OTT] walkUs=17 texUs=0 emitUs=0 submitUs=3 otherUs=13 prims=0 usPerPrim=17
[SH-XBOX] vblank 265800
[MEM] tick: free=2520KB (630 pages)
[FT] avgMs=17 worstMs=60 gameMs=10 drawMs=6 swapWait=0ms draws=2 decodes=0 decMs=0
[OTS] f=252360 calls=2 n0=2048 n1=16 prims=720 bb=535,742,334,385
[OTT] walkUs=17 texUs=0 emitUs=0 submitUs=3 otherUs=14 prims=0 usPerPrim=17
[FT] avgMs=16 worstMs=48 gameMs=10 drawMs=6 swapWait=0ms draws=2 decodes=0 decMs=0
[OTS] f=252480 calls=2 n0=2048 n1=28 prims=744 bb=535,742,334,385
[OTT] walkUs=76 texUs=3 emitUs=26 submitUs=15 otherUs=31 prims=6 usPerPrim=12
[FT] avgMs=16 worstMs=56 gameMs=10 drawMs=6 swapWait=0ms draws=2 decodes=0 decMs=0
[OTS] f=252600 calls=2 n0=2048 n1=28 prims=744 bb=535,742,334,385
[OTT] walkUs=160 texUs=3 emitUs=25 submitUs=99 otherUs=32 prims=6 usPerPrim=26
[FT] avgMs=16 worstMs=52 gameMs=10 drawMs=6 swapWait=0ms draws=2 decodes=0 decMs=0
[OTS] f=252720 calls=2 n0=2048 n1=28 prims=744 bb=535,742,334,385
[OTT] walkUs=109 texUs=3 emitUs=26 submitUs=13 otherUs=66 prims=6 usPerPrim=18
[FT] avgMs=16 worstMs=60 gameMs=10 drawMs=6 swapWait=0ms draws=2 decodes=0 decMs=0
[OTS] f=252840 calls=2 n0=2048 n1=28 prims=756 bb=535,742,334,385
[OTT] walkUs=229 texUs=3 emitUs=26 submitUs=26 otherUs=171 prims=6 usPerPrim=38
[SH-XBOX] vblank 266400
[MEM] tick: free=2520KB (630 pages)
[FT] avgMs=17 worstMs=52 gameMs=11 drawMs=5 swapWait=0ms draws=2 decodes=0 decMs=0
[OTS] f=252960 calls=2 n0=2048 n1=28 prims=768 bb=535,742,334,385
[OTT] walkUs=286 texUs=3 emitUs=27 submitUs=318 otherUs=0 prims=6 usPerPrim=47
[FT] avgMs=16 worstMs=49 gameMs=11 drawMs=5 swapWait=0ms draws=2 decodes=0 decMs=0
[OTS] f=253080 calls=2 n0=2048 n1=28 prims=744 bb=535,742,334,385
[OTT] walkUs=223 texUs=3 emitUs=26 submitUs=15 otherUs=178 prims=6 usPerPrim=37
[FT] avgMs=16 worstMs=54 gameMs=13 drawMs=3 swapWait=0ms draws=2 decodes=0 decMs=0
[OTS] f=253200 calls=2 n0=2048 n1=28 prims=744 bb=535,742,334,385
[OTT] walkUs=78 texUs=3 emitUs=26 submitUs=15 otherUs=32 prims=6 usPerPrim=13
[FT] avgMs=16 worstMs=50 gameMs=11 drawMs=4 swapWait=0ms draws=2 decodes=0 decMs=0
[OTS] f=253320 calls=2 n0=2048 n1=28 prims=732 bb=535,742,334,385
[OTT] walkUs=75 texUs=3 emitUs=24 submitUs=15 otherUs=31 prims=6 usPerPrim=12
[FT] avgMs=16 worstMs=44 gameMs=13 drawMs=3 swapWait=0ms draws=2 decodes=0 decMs=0
[OTS] f=253440 calls=2 n0=2048 n1=28 prims=720 bb=535,742,334,385
[OTT] walkUs=389 texUs=3 emitUs=27 submitUs=15 otherUs=343 prims=6 usPerPrim=64
[SH-XBOX] vblank 267000
[MEM] tick: free=2520KB (630 pages)
[FT] avgMs=17 worstMs=62 gameMs=11 drawMs=6 swapWait=0ms draws=2 decodes=0 decMs=0
[OTS] f=253560 calls=2 n0=2048 n1=28 prims=720 bb=535,742,334,385
[OTT] walkUs=132 texUs=2 emitUs=26 submitUs=16 otherUs=86 prims=6 usPerPrim=22
[FT] avgMs=16 worstMs=51 gameMs=11 drawMs=5 swapWait=0ms draws=2 decodes=0 decMs=0
[OTS] f=253680 calls=2 n0=2048 n1=28 prims=720 bb=535,742,334,385
[OTT] walkUs=92 texUs=3 emitUs=26 submitUs=14 otherUs=48 prims=6 usPerPrim=15
[FT] avgMs=16 worstMs=58 gameMs=11 drawMs=5 swapWait=0ms draws=2 decodes=0 decMs=0
[OTS] f=253800 calls=2 n0=2048 n1=28 prims=708 bb=535,742,334,385
[OTT] walkUs=77 texUs=3 emitUs=26 submitUs=16 otherUs=31 prims=6 usPerPrim=12
[FT] avgMs=16 worstMs=55 gameMs=10 drawMs=6 swapWait=0ms draws=2 decodes=0 decMs=0
[OTS] f=253920 calls=2 n0=2048 n1=16 prims=696 bb=535,742,334,385
[OTT] walkUs=17 texUs=0 emitUs=0 submitUs=3 otherUs=14 prims=0 usPerPrim=17
[FT] avgMs=16 worstMs=50 gameMs=10 drawMs=6 swapWait=0ms draws=2 decodes=0 decMs=0
[OTS] f=254040 calls=2 n0=2048 n1=16 prims=696 bb=535,742,334,385
[OTT] walkUs=17 texUs=0 emitUs=0 submitUs=3 otherUs=14 prims=0 usPerPrim=17
[SH-XBOX] vblank 267600
[MEM] tick: free=2520KB (630 pages)
[FT] avgMs=17 worstMs=57 gameMs=10 drawMs=6 swapWait=0ms draws=2 decodes=0 decMs=0
[OTS] f=254160 calls=2 n0=2048 n1=16 prims=672 bb=535,742,334,385
[OTT] walkUs=17 texUs=0 emitUs=0 submitUs=3 otherUs=14 prims=0 usPerPrim=17
[FT] avgMs=16 worstMs=52 gameMs=10 drawMs=6 swapWait=0ms draws=2 decodes=0 decMs=0
[OTS] f=254280 calls=2 n0=2048 n1=16 prims=696 bb=535,742,334,385
[OTT] walkUs=17 texUs=0 emitUs=0 submitUs=3 otherUs=14 prims=0 usPerPrim=17
[FT] avgMs=16 worstMs=46 gameMs=10 drawMs=6 swapWait=0ms draws=2 decodes=0 decMs=0
[OTS] f=254400 calls=2 n0=2048 n1=16 prims=696 bb=535,742,334,385
[OTT] walkUs=17 texUs=0 emitUs=0 submitUs=4 otherUs=12 prims=0 usPerPrim=17
[FT] avgMs=16 worstMs=58 gameMs=11 drawMs=5 swapWait=0ms draws=2 decodes=0 decMs=0
[OTS] f=254520 calls=2 n0=2048 n1=16 prims=696 bb=535,742,334,385
[OTT] walkUs=17 texUs=0 emitUs=0 submitUs=3 otherUs=14 prims=0 usPerPrim=17
[FT] avgMs=16 worstMs=53 gameMs=12 drawMs=4 swapWait=0ms draws=2 decodes=0 decMs=0
[OTS] f=254640 calls=2 n0=2048 n1=16 prims=696 bb=535,742,334,385
[OTT] walkUs=17 texUs=0 emitUs=0 submitUs=3 otherUs=14 prims=0 usPerPrim=17
[SH-XBOX] vblank 268200
[MEM] tick: free=2520KB (630 pages)
[FT] avgMs=17 worstMs=55 gameMs=13 drawMs=3 swapWait=0ms draws=2 decodes=0 decMs=0
[OTS] f=254760 calls=2 n0=2048 n1=16 prims=708 bb=535,742,334,385
[OTT] walkUs=17 texUs=0 emitUs=0 submitUs=3 otherUs=14 prims=0 usPerPrim=17
[FT] avgMs=16 worstMs=52 gameMs=11 drawMs=4 swapWait=0ms draws=2 decodes=0 decMs=0
[OTS] f=254880 calls=2 n0=2048 n1=16 prims=708 bb=535,742,334,385
[OTT] walkUs=17 texUs=0 emitUs=0 submitUs=3 otherUs=13 prims=0 usPerPrim=17
[FT] avgMs=16 worstMs=45 gameMs=13 drawMs=3 swapWait=0ms draws=2 decodes=0 decMs=0
[OTS] f=255000 calls=2 n0=2048 n1=16 prims=720 bb=535,742,334,385
[OTT] walkUs=17 texUs=0 emitUs=0 submitUs=3 otherUs=13 prims=0 usPerPrim=17
[FT] avgMs=16 worstMs=53 gameMs=10 drawMs=6 swapWait=0ms draws=2 decodes=0 decMs=0
[OTS] f=255120 calls=2 n0=2048 n1=16 prims=720 bb=535,742,334,385
[OTT] walkUs=17 texUs=0 emitUs=0 submitUs=3 otherUs=14 prims=0 usPerPrim=17
[FT] avgMs=17 worstMs=83 gameMs=11 drawMs=5 swapWait=0ms draws=2 decodes=0 decMs=0
[OTS] f=255240 calls=2 n0=2048 n1=16 prims=720 bb=535,742,334,385
[OTT] walkUs=17 texUs=0 emitUs=0 submitUs=3 otherUs=14 prims=0 usPerPrim=17
[SH-XBOX] vblank 268800
[MEM] tick: free=2520KB (630 pages)
[FT] avgMs=17 worstMs=55 gameMs=11 drawMs=5 swapWait=0ms draws=2 decodes=0 decMs=0
[OTS] f=255360 calls=2 n0=2048 n1=28 prims=768 bb=535,742,334,385
[OTT] walkUs=74 texUs=3 emitUs=24 submitUs=13 otherUs=31 prims=6 usPerPrim=12
[FT] avgMs=16 worstMs=51 gameMs=10 drawMs=6 swapWait=0ms draws=2 decodes=0 decMs=0
[OTS] f=255480 calls=2 n0=2048 n1=28 prims=744 bb=535,742,334,385
[OTT] walkUs=79 texUs=3 emitUs=26 submitUs=15 otherUs=34 prims=6 usPerPrim=13
[FT] avgMs=17 worstMs=59 gameMs=10 drawMs=6 swapWait=0ms draws=2 decodes=0 decMs=0
[OTS] f=255600 calls=2 n0=2048 n1=28 prims=756 bb=535,742,334,385
[OTT] walkUs=183 texUs=3 emitUs=24 submitUs=14 otherUs=141 prims=6 usPerPrim=30
[FT] avgMs=17 worstMs=64 gameMs=10 drawMs=6 swapWait=0ms draws=2 decodes=0 decMs=0
[OTS] f=255720 calls=2 n0=2048 n1=28 prims=756 bb=535,742,334,385
[OTT] walkUs=78 texUs=3 emitUs=26 submitUs=15 otherUs=33 prims=6 usPerPrim=13
[FT] avgMs=16 worstMs=48 gameMs=10 drawMs=6 swapWait=0ms draws=2 decodes=0 decMs=0
[OTS] f=255840 calls=2 n0=2048 n1=28 prims=756 bb=535,742,334,385
[OTT] walkUs=80 texUs=3 emitUs=25 submitUs=18 otherUs=32 prims=6 usPerPrim=13
[SH-XBOX] vblank 269400
[MEM] tick: free=2520KB (630 pages)
[FT] avgMs=17 worstMs=55 gameMs=11 drawMs=6 swapWait=0ms draws=2 decodes=0 decMs=0
[OTS] f=255960 calls=2 n0=2048 n1=28 prims=756 bb=535,742,334,385
[OTT] walkUs=78 texUs=3 emitUs=26 submitUs=15 otherUs=32 prims=6 usPerPrim=13
[FT] avgMs=16 worstMs=50 gameMs=11 drawMs=5 swapWait=1ms draws=2 decodes=0 decMs=0
[OTS] f=256080 calls=2 n0=2048 n1=28 prims=720 bb=535,742,334,385
[OTT] walkUs=77 texUs=3 emitUs=26 submitUs=13 otherUs=33 prims=6 usPerPrim=12
[FT] avgMs=16 worstMs=58 gameMs=12 drawMs=4 swapWait=0ms draws=2 decodes=0 decMs=0
[OTS] f=256200 calls=2 n0=2048 n1=28 prims=720 bb=535,742,334,385
[OTT] walkUs=86 texUs=3 emitUs=26 submitUs=17 otherUs=39 prims=6 usPerPrim=14
[FT] avgMs=16 worstMs=52 gameMs=13 drawMs=3 swapWait=0ms draws=2 decodes=0 decMs=0
[OTS] f=256320 calls=2 n0=2048 n1=28 prims=720 bb=535,742,334,385
[OTT] walkUs=174 texUs=3 emitUs=25 submitUs=15 otherUs=130 prims=6 usPerPrim=29
[FT] avgMs=16 worstMs=49 gameMs=11 drawMs=5 swapWait=0ms draws=2 decodes=0 decMs=0
[OTS] f=256440 calls=2 n0=2048 n1=28 prims=720 bb=535,742,334,385
[OTT] walkUs=175 texUs=3 emitUs=25 submitUs=15 otherUs=131 prims=6 usPerPrim=29
[SH-XBOX] vblank 270000
[MEM] tick: free=2520KB (630 pages)
[FT] avgMs=17 worstMs=53 gameMs=13 drawMs=3 swapWait=0ms draws=2 decodes=0 decMs=0
[OTS] f=256560 calls=2 n0=2048 n1=16 prims=708 bb=535,742,334,385
[OTT] walkUs=17 texUs=0 emitUs=0 submitUs=3 otherUs=13 prims=0 usPerPrim=17
[FT] avgMs=16 worstMs=53 gameMs=10 drawMs=6 swapWait=0ms draws=2 decodes=0 decMs=0
[OTS] f=256680 calls=2 n0=2048 n1=16 prims=708 bb=535,742,334,385
[OTT] walkUs=17 texUs=0 emitUs=0 submitUs=3 otherUs=13 prims=0 usPerPrim=17
[FT] avgMs=16 worstMs=46 gameMs=11 drawMs=5 swapWait=0ms draws=2 decodes=0 decMs=0
[OTS] f=256800 calls=2 n0=2048 n1=16 prims=684 bb=535,742,334,385
[OTT] walkUs=17 texUs=0 emitUs=0 submitUs=6 otherUs=11 prims=0 usPerPrim=17
[FT] avgMs=16 worstMs=56 gameMs=11 drawMs=5 swapWait=0ms draws=2 decodes=0 decMs=0
[OTS] f=256920 calls=2 n0=2048 n1=16 prims=696 bb=535,742,334,385
[OTT] walkUs=17 texUs=0 emitUs=0 submitUs=3 otherUs=14 prims=0 usPerPrim=17
[FT] avgMs=16 worstMs=51 gameMs=10 drawMs=6 swapWait=0ms draws=2 decodes=0 decMs=0
[OTS] f=257040 calls=2 n0=2048 n1=16 prims=696 bb=535,742,334,385
[OTT] walkUs=17 texUs=0 emitUs=0 submitUs=3 otherUs=13 prims=0 usPerPrim=17
[SH-XBOX] vblank 270600
[MEM] tick: free=2520KB (630 pages)
[FT] avgMs=17 worstMs=63 gameMs=10 drawMs=6 swapWait=0ms draws=2 decodes=0 decMs=0
[OTS] f=257160 calls=2 n0=2048 n1=16 prims=660 bb=535,742,334,385
[OTT] walkUs=17 texUs=0 emitUs=0 submitUs=3 otherUs=14 prims=0 usPerPrim=17
[FT] avgMs=16 worstMs=48 gameMs=10 drawMs=6 swapWait=0ms draws=2 decodes=0 decMs=0
[OTS] f=257280 calls=2 n0=2048 n1=16 prims=696 bb=535,742,334,385
[OTT] walkUs=17 texUs=0 emitUs=0 submitUs=3 otherUs=14 prims=0 usPerPrim=17
[FT] avgMs=16 worstMs=56 gameMs=10 drawMs=6 swapWait=0ms draws=2 decodes=0 decMs=0
[OTS] f=257400 calls=2 n0=2048 n1=16 prims=708 bb=535,742,334,385
[OTT] walkUs=17 texUs=0 emitUs=0 submitUs=3 otherUs=14 prims=0 usPerPrim=17
[FT] avgMs=16 worstMs=50 gameMs=10 drawMs=6 swapWait=0ms draws=2 decodes=0 decMs=0
[OTS] f=257520 calls=2 n0=2048 n1=16 prims=720 bb=535,742,334,385
[OTT] walkUs=17 texUs=0 emitUs=0 submitUs=3 otherUs=13 prims=0 usPerPrim=17
[FT] avgMs=16 worstMs=60 gameMs=11 drawMs=5 swapWait=0ms draws=2 decodes=0 decMs=0
[OTS] f=257640 calls=2 n0=2048 n1=16 prims=720 bb=535,742,334,385
[OTT] walkUs=17 texUs=0 emitUs=0 submitUs=3 otherUs=14 prims=0 usPerPrim=17
[SH-XBOX] vblank 271200
[MEM] tick: free=2520KB (630 pages)
[FT] avgMs=17 worstMs=53 gameMs=12 drawMs=4 swapWait=0ms draws=2 decodes=0 decMs=0
[OTS] f=257760 calls=2 n0=2048 n1=16 prims=708 bb=535,742,334,385
[OTT] walkUs=17 texUs=0 emitUs=0 submitUs=3 otherUs=14 prims=0 usPerPrim=17
[FT] avgMs=16 worstMs=46 gameMs=13 drawMs=3 swapWait=0ms draws=2 decodes=0 decMs=0
[OTS] f=257880 calls=2 n0=2048 n1=16 prims=720 bb=535,742,334,385
[OTT] walkUs=17 texUs=0 emitUs=0 submitUs=3 otherUs=14 prims=0 usPerPrim=17
[FT] avgMs=16 worstMs=51 gameMs=11 drawMs=5 swapWait=0ms draws=2 decodes=0 decMs=0
[OTS] f=258000 calls=2 n0=2048 n1=28 prims=732 bb=535,742,334,385
[OTT] walkUs=355 texUs=3 emitUs=30 submitUs=165 otherUs=156 prims=6 usPerPrim=59
[FT] avgMs=16 worstMs=55 gameMs=13 drawMs=3 swapWait=0ms draws=2 decodes=0 decMs=0
[OTS] f=258120 calls=2 n0=2048 n1=28 prims=744 bb=535,742,334,385
[OTT] walkUs=115 texUs=3 emitUs=25 submitUs=14 otherUs=73 prims=6 usPerPrim=19
[FT] avgMs=16 worstMs=57 gameMs=10 drawMs=6 swapWait=0ms draws=2 decodes=0 decMs=0
[OTS] f=258240 calls=2 n0=2048 n1=28 prims=744 bb=535,742,334,385
[OTT] walkUs=184 texUs=3 emitUs=26 submitUs=14 otherUs=140 prims=6 usPerPrim=30
[SH-XBOX] vblank 271800
[MEM] tick: free=2520KB (630 pages)
[FT] avgMs=17 worstMs=48 gameMs=11 drawMs=6 swapWait=0ms draws=2 decodes=0 decMs=0
[OTS] f=258360 calls=2 n0=2048 n1=28 prims=768 bb=535,742,334,385
[OTT] walkUs=170 texUs=2 emitUs=25 submitUs=14 otherUs=127 prims=6 usPerPrim=28
[FT] avgMs=16 worstMs=57 gameMs=11 drawMs=5 swapWait=1ms draws=2 decodes=0 decMs=0
[OTS] f=258480 calls=2 n0=2048 n1=28 prims=744 bb=535,742,334,385
[OTT] walkUs=100 texUs=3 emitUs=26 submitUs=14 otherUs=55 prims=6 usPerPrim=16
[FT] avgMs=16 worstMs=54 gameMs=10 drawMs=6 swapWait=0ms draws=2 decodes=0 decMs=0
[OTS] f=258600 calls=2 n0=2048 n1=28 prims=744 bb=535,742,334,385
[OTT] walkUs=167 texUs=3 emitUs=26 submitUs=15 otherUs=121 prims=6 usPerPrim=27
[FT] avgMs=16 worstMs=52 gameMs=10 drawMs=6 swapWait=0ms draws=2 decodes=0 decMs=0
[OTS] f=258720 calls=2 n0=2048 n1=28 prims=756 bb=535,742,334,385
[OTT] walkUs=246 texUs=3 emitUs=26 submitUs=14 otherUs=201 prims=6 usPerPrim=41
[FT] avgMs=16 worstMs=58 gameMs=10 drawMs=6 swapWait=0ms draws=2 decodes=0 decMs=0
[OTS] f=258840 calls=2 n0=2048 n1=28 prims=732 bb=535,742,334,385
[OTT] walkUs=236 texUs=3 emitUs=26 submitUs=18 otherUs=187 prims=6 usPerPrim=39
[SH-XBOX] vblank 272400
[MEM] tick: free=2520KB (630 pages)
[FT] avgMs=17 worstMs=51 gameMs=10 drawMs=6 swapWait=0ms draws=2 decodes=0 decMs=0
[OTS] f=258960 calls=2 n0=2048 n1=28 prims=720 bb=535,742,334,385
[OTT] walkUs=77 texUs=3 emitUs=26 submitUs=13 otherUs=33 prims=6 usPerPrim=12
[FT] avgMs=17 worstMs=62 gameMs=10 drawMs=6 swapWait=0ms draws=2 decodes=0 decMs=0
[OTS] f=259080 calls=2 n0=2048 n1=28 prims=720 bb=535,742,334,385
[OTT] walkUs=82 texUs=3 emitUs=26 submitUs=18 otherUs=33 prims=6 usPerPrim=13
[FT] avgMs=16 worstMs=48 gameMs=11 drawMs=5 swapWait=0ms draws=2 decodes=0 decMs=0
[OTS] f=259200 calls=2 n0=2048 n1=28 prims=720 bb=535,742,334,385
[OTT] walkUs=76 texUs=3 emitUs=26 submitUs=14 otherUs=32 prims=6 usPerPrim=12
[FT] avgMs=16 worstMs=56 gameMs=12 drawMs=4 swapWait=0ms draws=2 decodes=0 decMs=0
[OTS] f=259320 calls=2 n0=2048 n1=28 prims=720 bb=535,742,334,385
[OTT] walkUs=76 texUs=3 emitUs=26 submitUs=15 otherUs=30 prims=6 usPerPrim=12
[FT] avgMs=16 worstMs=48 gameMs=13 drawMs=3 swapWait=0ms draws=2 decodes=0 decMs=0
[OTS] f=259440 calls=2 n0=2048 n1=16 prims=708 bb=535,742,334,385
[OTT] walkUs=17 texUs=0 emitUs=0 submitUs=3 otherUs=13 prims=0 usPerPrim=17
[SH-XBOX] vblank 273000
[MEM] tick: free=2520KB (630 pages)
[FT] avgMs=17 worstMs=60 gameMs=12 drawMs=5 swapWait=0ms draws=2 decodes=0 decMs=0
[OTS] f=259560 calls=2 n0=2048 n1=16 prims=660 bb=535,742,334,385
[OTT] walkUs=17 texUs=0 emitUs=0 submitUs=3 otherUs=14 prims=0 usPerPrim=17
[FT] avgMs=16 worstMs=44 gameMs=13 drawMs=3 swapWait=0ms draws=2 decodes=0 decMs=0
[OTS] f=259680 calls=2 n0=2048 n1=16 prims=696 bb=535,742,334,385
[OTT] walkUs=17 texUs=0 emitUs=0 submitUs=3 otherUs=13 prims=0 usPerPrim=17
[FT] avgMs=16 worstMs=51 gameMs=10 drawMs=6 swapWait=0ms draws=2 decodes=0 decMs=0
[OTS] f=259800 calls=2 n0=2048 n1=16 prims=696 bb=535,742,334,385
[OTT] walkUs=17 texUs=0 emitUs=0 submitUs=3 otherUs=14 prims=0 usPerPrim=17
[FT] avgMs=16 worstMs=60 gameMs=11 drawMs=5 swapWait=0ms draws=2 decodes=0 decMs=0
[OTS] f=259920 calls=2 n0=2048 n1=16 prims=696 bb=535,742,334,385
[OTT] walkUs=17 texUs=0 emitUs=0 submitUs=3 otherUs=14 prims=0 usPerPrim=17
[FT] avgMs=16 worstMs=51 gameMs=11 drawMs=5 swapWait=0ms draws=2 decodes=0 decMs=0
[OTS] f=260040 calls=2 n0=2048 n1=16 prims=696 bb=535,742,334,385
[OTT] walkUs=17 texUs=0 emitUs=0 submitUs=3 otherUs=14 prims=0 usPerPrim=17
[SH-XBOX] vblank 273600
[MEM] tick: free=2520KB (630 pages)
[FT] avgMs=17 worstMs=63 gameMs=10 drawMs=6 swapWait=0ms draws=2 decodes=0 decMs=0
[OTS] f=260160 calls=2 n0=2048 n1=16 prims=684 bb=535,742,334,385
[OTT] walkUs=17 texUs=0 emitUs=0 submitUs=5 otherUs=12 prims=0 usPerPrim=17
[FT] avgMs=16 worstMs=52 gameMs=10 drawMs=6 swapWait=0ms draws=2 decodes=0 decMs=0
[OTS] f=260280 calls=2 n0=2048 n1=16 prims=720 bb=535,742,334,385
[OTT] walkUs=18 texUs=0 emitUs=0 submitUs=3 otherUs=14 prims=0 usPerPrim=18
[FT] avgMs=17 worstMs=60 gameMs=10 drawMs=6 swapWait=0ms draws=2 decodes=0 decMs=0
[OTS] f=260400 calls=2 n0=2048 n1=16 prims=720 bb=535,742,334,385
[OTT] walkUs=17 texUs=0 emitUs=0 submitUs=3 otherUs=13 prims=0 usPerPrim=17
[FT] avgMs=16 worstMs=60 gameMs=10 drawMs=6 swapWait=0ms draws=2 decodes=0 decMs=0
[OTS] f=260520 calls=2 n0=2048 n1=16 prims=720 bb=535,742,334,385
[OTT] walkUs=17 texUs=0 emitUs=0 submitUs=3 otherUs=14 prims=0 usPerPrim=17
[FT] avgMs=16 worstMs=57 gameMs=10 drawMs=6 swapWait=0ms draws=2 decodes=0 decMs=0
[OTS] f=260640 calls=2 n0=2048 n1=16 prims=720 bb=535,742,334,385
[OTT] walkUs=17 texUs=0 emitUs=0 submitUs=3 otherUs=13 prims=0 usPerPrim=17
[SH-XBOX] vblank 274200
[MEM] tick: free=2520KB (630 pages)
[FT] avgMs=17 worstMs=50 gameMs=11 drawMs=5 swapWait=0ms draws=2 decodes=0 decMs=0
[OTS] f=260760 calls=2 n0=2048 n1=28 prims=756 bb=535,742,334,385
[OTT] walkUs=78 texUs=3 emitUs=26 submitUs=14 otherUs=34 prims=6 usPerPrim=13
[FT] avgMs=16 worstMs=58 gameMs=12 drawMs=4 swapWait=0ms draws=2 decodes=0 decMs=0
[OTS] f=260880 calls=2 n0=2048 n1=28 prims=744 bb=535,742,334,385
[OTT] walkUs=90 texUs=3 emitUs=25 submitUs=14 otherUs=46 prims=6 usPerPrim=15
[FT] avgMs=16 worstMs=50 gameMs=13 drawMs=3 swapWait=0ms draws=2 decodes=0 decMs=0
[OTS] f=261000 calls=2 n0=2048 n1=28 prims=744 bb=535,742,334,385
[OTT] walkUs=76 texUs=3 emitUs=25 submitUs=15 otherUs=31 prims=6 usPerPrim=12
[FT] avgMs=16 worstMs=49 gameMs=11 drawMs=5 swapWait=0ms draws=2 decodes=0 decMs=0
[OTS] f=261120 calls=2 n0=2048 n1=28 prims=744 bb=535,742,334,385
[OTT] walkUs=221 texUs=3 emitUs=26 submitUs=17 otherUs=174 prims=6 usPerPrim=36
[FT] avgMs=17 worstMs=52 gameMs=13 drawMs=3 swapWait=0ms draws=2 decodes=0 decMs=0
[OTS] f=261240 calls=2 n0=2048 n1=28 prims=744 bb=535,742,334,385
[OTT] walkUs=78 texUs=3 emitUs=26 submitUs=14 otherUs=33 prims=6 usPerPrim=13
[SH-XBOX] vblank 274800
[MEM] tick: free=2520KB (630 pages)
[FT] avgMs=17 worstMs=48 gameMs=10 drawMs=6 swapWait=0ms draws=2 decodes=0 decMs=0
[OTS] f=261360 calls=2 n0=2048 n1=28 prims=768 bb=535,742,334,385
[OTT] walkUs=75 texUs=3 emitUs=26 submitUs=14 otherUs=31 prims=6 usPerPrim=12
[FT] avgMs=17 worstMs=62 gameMs=11 drawMs=5 swapWait=0ms draws=2 decodes=0 decMs=0
[OTS] f=261480 calls=2 n0=2048 n1=28 prims=744 bb=535,742,334,385
[OTT] walkUs=75 texUs=3 emitUs=24 submitUs=14 otherUs=32 prims=6 usPerPrim=12
[FT] avgMs=16 worstMs=48 gameMs=11 drawMs=5 swapWait=0ms draws=2 decodes=0 decMs=0
[OTS] f=261600 calls=2 n0=2048 n1=28 prims=732 bb=535,742,334,385
[OTT] walkUs=154 texUs=3 emitUs=30 submitUs=14 otherUs=105 prims=6 usPerPrim=25
[FT] avgMs=16 worstMs=56 gameMs=10 drawMs=6 swapWait=0ms draws=2 decodes=0 decMs=0
[OTS] f=261720 calls=2 n0=2048 n1=28 prims=720 bb=535,742,334,385
[OTT] walkUs=173 texUs=3 emitUs=26 submitUs=14 otherUs=129 prims=6 usPerPrim=28
[FT] avgMs=16 worstMs=56 gameMs=10 drawMs=6 swapWait=0ms draws=2 decodes=0 decMs=0
[OTS] f=261840 calls=2 n0=2048 n1=28 prims=720 bb=535,742,334,385
[OTT] walkUs=76 texUs=3 emitUs=25 submitUs=14 otherUs=32 prims=6 usPerPrim=12
[SH-XBOX] vblank 275400
[MEM] tick: free=2520KB (630 pages)
[FT] avgMs=17 worstMs=62 gameMs=11 drawMs=6 swapWait=0ms draws=2 decodes=0 decMs=0
[OTS] f=261960 calls=2 n0=2048 n1=28 prims=720 bb=535,742,334,385
[OTT] walkUs=75 texUs=3 emitUs=24 submitUs=14 otherUs=31 prims=6 usPerPrim=12
[FT] avgMs=16 worstMs=48 gameMs=10 drawMs=6 swapWait=0ms draws=2 decodes=0 decMs=0
[OTS] f=262080 calls=2 n0=2048 n1=16 prims=696 bb=535,742,334,385
[OTT] walkUs=17 texUs=0 emitUs=0 submitUs=3 otherUs=13 prims=0 usPerPrim=17
[FT] avgMs=16 worstMs=57 gameMs=10 drawMs=6 swapWait=0ms draws=2 decodes=0 decMs=0
[OTS] f=262200 calls=2 n0=2048 n1=16 prims=696 bb=535,742,334,385
[OTT] walkUs=17 texUs=0 emitUs=0 submitUs=3 otherUs=13 prims=0 usPerPrim=17
[FT] avgMs=16 worstMs=50 gameMs=11 drawMs=5 swapWait=0ms draws=2 decodes=0 decMs=0
[OTS] f=262320 calls=2 n0=2048 n1=16 prims=696 bb=535,742,334,385
[OTT] walkUs=27 texUs=0 emitUs=0 submitUs=3 otherUs=24 prims=0 usPerPrim=27
[FT] avgMs=16 worstMs=59 gameMs=12 drawMs=4 swapWait=0ms draws=2 decodes=0 decMs=0
[OTS] f=262440 calls=2 n0=2048 n1=16 prims=696 bb=535,742,334,385
[OTT] walkUs=17 texUs=0 emitUs=0 submitUs=3 otherUs=14 prims=0 usPerPrim=17
[SH-XBOX] vblank 276000
[MEM] tick: free=2520KB (630 pages)
[FT] avgMs=17 worstMs=51 gameMs=13 drawMs=3 swapWait=0ms draws=2 decodes=0 decMs=0
[OTS] f=262560 calls=2 n0=2048 n1=16 prims=672 bb=535,742,334,385
[OTT] walkUs=17 texUs=0 emitUs=0 submitUs=3 otherUs=13 prims=0 usPerPrim=17
[FT] avgMs=16 worstMs=51 gameMs=11 drawMs=5 swapWait=0ms draws=2 decodes=0 decMs=0
[OTS] f=262680 calls=2 n0=2048 n1=16 prims=684 bb=535,742,334,385
[OTT] walkUs=17 texUs=0 emitUs=0 submitUs=3 otherUs=14 prims=0 usPerPrim=17
[FT] avgMs=16 worstMs=54 gameMs=12 drawMs=4 swapWait=0ms draws=2 decodes=0 decMs=0
[OTS] f=262800 calls=2 n0=2048 n1=16 prims=696 bb=535,742,334,385
[OTT] walkUs=17 texUs=0 emitUs=0 submitUs=3 otherUs=14 prims=0 usPerPrim=17
[FT] avgMs=16 worstMs=53 gameMs=10 drawMs=6 swapWait=0ms draws=2 decodes=0 decMs=0
[OTS] f=262920 calls=2 n0=2048 n1=16 prims=708 bb=535,742,334,385
[OTT] walkUs=17 texUs=0 emitUs=0 submitUs=2 otherUs=14 prims=0 usPerPrim=17
[FT] avgMs=16 worstMs=48 gameMs=11 drawMs=5 swapWait=0ms draws=2 decodes=0 decMs=0
[OTS] f=263040 calls=2 n0=2048 n1=16 prims=720 bb=535,742,334,385
[OTT] walkUs=17 texUs=0 emitUs=0 submitUs=3 otherUs=13 prims=0 usPerPrim=17
[SH-XBOX] vblank 276600
[MEM] tick: free=2520KB (630 pages)
[FT] avgMs=17 worstMs=56 gameMs=11 drawMs=5 swapWait=0ms draws=2 decodes=0 decMs=0
[OTS] f=263160 calls=2 n0=2048 n1=16 prims=720 bb=535,742,334,385
[OTT] walkUs=17 texUs=0 emitUs=0 submitUs=3 otherUs=13 prims=0 usPerPrim=17
[FT] avgMs=16 worstMs=52 gameMs=10 drawMs=6 swapWait=1ms draws=2 decodes=0 decMs=0
[OTS] f=263280 calls=2 n0=2048 n1=16 prims=720 bb=535,742,334,385
[OTT] walkUs=17 texUs=0 emitUs=0 submitUs=3 otherUs=14 prims=0 usPerPrim=17
[FT] avgMs=17 worstMs=64 gameMs=10 drawMs=6 swapWait=0ms draws=2 decodes=0 decMs=0
[OTS] f=263400 calls=2 n0=2048 n1=16 prims=720 bb=535,742,334,385
[OTT] walkUs=18 texUs=0 emitUs=0 submitUs=3 otherUs=15 prims=0 usPerPrim=18
[FT] avgMs=17 worstMs=93 gameMs=10 drawMs=6 swapWait=0ms draws=2 decodes=0 decMs=0
[OTS] f=263520 calls=2 n0=2048 n1=28 prims=768 bb=535,742,334,385
[OTT] walkUs=180 texUs=3 emitUs=25 submitUs=15 otherUs=136 prims=6 usPerPrim=30
[FT] avgMs=17 worstMs=63 gameMs=10 drawMs=6 swapWait=0ms draws=2 decodes=0 decMs=0
[OTS] f=263640 calls=2 n0=2048 n1=28 prims=756 bb=535,742,334,385
[OTT] walkUs=76 texUs=3 emitUs=26 submitUs=15 otherUs=31 prims=6 usPerPrim=12
[SH-XBOX] vblank 277200
[MEM] tick: free=2520KB (630 pages)
[FT] avgMs=17 worstMs=59 gameMs=10 drawMs=6 swapWait=0ms draws=2 decodes=0 decMs=0
[OTS] f=263760 calls=2 n0=2048 n1=28 prims=768 bb=535,742,334,385
[OTT] walkUs=128 texUs=3 emitUs=25 submitUs=68 otherUs=31 prims=6 usPerPrim=21
[FT] avgMs=16 worstMs=52 gameMs=11 drawMs=5 swapWait=1ms draws=2 decodes=0 decMs=0
[OTS] f=263880 calls=2 n0=2048 n1=28 prims=744 bb=535,742,334,385
[OTT] walkUs=175 texUs=3 emitUs=26 submitUs=14 otherUs=130 prims=6 usPerPrim=29
[FT] avgMs=16 worstMs=46 gameMs=12 drawMs=4 swapWait=0ms draws=2 decodes=0 decMs=0
[OTS] f=264000 calls=2 n0=2048 n1=28 prims=744 bb=535,742,334,385
[OTT] walkUs=75 texUs=3 emitUs=24 submitUs=14 otherUs=32 prims=6 usPerPrim=12
[FT] avgMs=16 worstMs=53 gameMs=13 drawMs=3 swapWait=0ms draws=2 decodes=0 decMs=0
[OTS] f=264120 calls=2 n0=2048 n1=28 prims=732 bb=535,742,334,385
[OTT] walkUs=214 texUs=3 emitUs=25 submitUs=17 otherUs=169 prims=6 usPerPrim=35
[FT] avgMs=16 worstMs=53 gameMs=11 drawMs=5 swapWait=0ms draws=2 decodes=0 decMs=0
[OTS] f=264240 calls=2 n0=2048 n1=28 prims=720 bb=535,742,334,385
[OTT] walkUs=77 texUs=3 emitUs=26 submitUs=16 otherUs=31 prims=6 usPerPrim=12
[SH-XBOX] vblank 277800
[MEM] tick: free=2520KB (630 pages)
[FT] avgMs=17 worstMs=56 gameMs=12 drawMs=4 swapWait=1ms draws=2 decodes=0 decMs=0
[OTS] f=264360 calls=2 n0=2048 n1=28 prims=720 bb=535,742,334,385
[OTT] walkUs=303 texUs=3 emitUs=26 submitUs=14 otherUs=258 prims=6 usPerPrim=50
[FT] avgMs=17 worstMs=62 gameMs=10 drawMs=6 swapWait=0ms draws=2 decodes=0 decMs=0
[OTS] f=264480 calls=2 n0=2048 n1=28 prims=720 bb=535,742,334,385
[OTT] walkUs=79 texUs=3 emitUs=29 submitUs=15 otherUs=31 prims=6 usPerPrim=13
[FT] avgMs=16 worstMs=57 gameMs=11 drawMs=5 swapWait=1ms draws=2 decodes=0 decMs=0
[OTS] f=264600 calls=2 n0=2048 n1=28 prims=732 bb=535,742,334,385
[OTT] walkUs=76 texUs=3 emitUs=26 submitUs=14 otherUs=31 prims=6 usPerPrim=12
[FT] avgMs=16 worstMs=50 gameMs=11 drawMs=5 swapWait=0ms draws=2 decodes=0 decMs=0
[OTS] f=264720 calls=2 n0=2048 n1=16 prims=696 bb=535,742,334,385
[OTT] walkUs=17 texUs=0 emitUs=0 submitUs=3 otherUs=14 prims=0 usPerPrim=17
[FT] avgMs=17 worstMs=61 gameMs=10 drawMs=6 swapWait=0ms draws=2 decodes=0 decMs=0
[OTS] f=264840 calls=2 n0=2048 n1=16 prims=684 bb=535,742,334,385
[OTT] walkUs=17 texUs=0 emitUs=0 submitUs=3 otherUs=14 prims=0 usPerPrim=17
[SH-XBOX] vblank 278400
[MEM] tick: free=2520KB (630 pages)
[FT] avgMs=17 worstMs=61 gameMs=10 drawMs=6 swapWait=0ms draws=2 decodes=0 decMs=0
[OTS] f=264960 calls=2 n0=2048 n1=16 prims=660 bb=535,742,334,385
[OTT] walkUs=17 texUs=0 emitUs=0 submitUs=3 otherUs=14 prims=0 usPerPrim=17
[FT] avgMs=16 worstMs=52 gameMs=10 drawMs=6 swapWait=1ms draws=2 decodes=0 decMs=0
[OTS] f=265080 calls=2 n0=2048 n1=16 prims=696 bb=535,742,334,385
[OTT] walkUs=17 texUs=0 emitUs=0 submitUs=3 otherUs=14 prims=0 usPerPrim=17
[FT] avgMs=17 worstMs=60 gameMs=10 drawMs=6 swapWait=1ms draws=2 decodes=0 decMs=0
[OTS] f=265200 calls=2 n0=2048 n1=16 prims=684 bb=535,742,334,385
[OTT] walkUs=17 texUs=0 emitUs=0 submitUs=3 otherUs=13 prims=0 usPerPrim=17
[FT] avgMs=17 worstMs=60 gameMs=10 drawMs=6 swapWait=1ms draws=2 decodes=0 decMs=0
[OTS] f=265320 calls=2 n0=2048 n1=16 prims=696 bb=535,742,334,385
[OTT] walkUs=17 texUs=0 emitUs=0 submitUs=3 otherUs=13 prims=0 usPerPrim=17
[FT] avgMs=16 worstMs=47 gameMs=11 drawMs=5 swapWait=0ms draws=2 decodes=0 decMs=0
[OTS] f=265440 calls=2 n0=2048 n1=16 prims=720 bb=535,742,334,385
[OTT] walkUs=17 texUs=0 emitUs=0 submitUs=3 otherUs=14 prims=0 usPerPrim=17
[SH-XBOX] vblank 279000
[MEM] tick: free=2520KB (630 pages)
[FT] avgMs=16 worstMs=55 gameMs=12 drawMs=4 swapWait=0ms draws=2 decodes=0 decMs=0
[OTS] f=265560 calls=2 n0=2048 n1=16 prims=732 bb=535,742,334,385
[OTT] walkUs=17 texUs=0 emitUs=0 submitUs=3 otherUs=14 prims=0 usPerPrim=17
[FT] avgMs=16 worstMs=48 gameMs=13 drawMs=3 swapWait=0ms draws=2 decodes=0 decMs=0
[OTS] f=265680 calls=2 n0=2048 n1=16 prims=720 bb=535,742,334,385
[OTT] walkUs=17 texUs=0 emitUs=0 submitUs=3 otherUs=13 prims=0 usPerPrim=17
[FT] avgMs=16 worstMs=49 gameMs=11 drawMs=5 swapWait=0ms draws=2 decodes=0 decMs=0
[OTS] f=265800 calls=2 n0=2048 n1=16 prims=720 bb=535,742,334,385
[OTT] walkUs=17 texUs=0 emitUs=0 submitUs=3 otherUs=13 prims=0 usPerPrim=17
[FT] avgMs=16 worstMs=52 gameMs=12 drawMs=4 swapWait=0ms draws=2 decodes=0 decMs=0
[OTS] f=265920 calls=2 n0=2048 n1=16 prims=720 bb=535,742,334,385
[OTT] walkUs=17 texUs=0 emitUs=0 submitUs=3 otherUs=14 prims=0 usPerPrim=17
[FT] avgMs=16 worstMs=52 gameMs=10 drawMs=6 swapWait=0ms draws=2 decodes=0 decMs=0
[OTS] f=266040 calls=2 n0=2048 n1=28 prims=732 bb=535,742,334,385
[OTT] walkUs=78 texUs=3 emitUs=26 submitUs=14 otherUs=33 prims=6 usPerPrim=13
[SH-XBOX] vblank 279600
[MEM] tick: free=2520KB (630 pages)
[FT] avgMs=17 worstMs=59 gameMs=11 drawMs=5 swapWait=0ms draws=2 decodes=0 decMs=0
[OTS] f=266160 calls=2 n0=2048 n1=28 prims=768 bb=535,742,334,385
[OTT] walkUs=188 texUs=3 emitUs=26 submitUs=15 otherUs=143 prims=6 usPerPrim=31
[FT] avgMs=16 worstMs=52 gameMs=11 drawMs=5 swapWait=0ms draws=2 decodes=0 decMs=0
[OTS] f=266280 calls=2 n0=2048 n1=28 prims=744 bb=535,742,334,385
[OTT] walkUs=213 texUs=3 emitUs=27 submitUs=16 otherUs=167 prims=6 usPerPrim=35
[FT] avgMs=16 worstMs=50 gameMs=10 drawMs=6 swapWait=1ms draws=2 decodes=0 decMs=0
[OTS] f=266400 calls=2 n0=2048 n1=28 prims=744 bb=535,742,334,385
[OTT] walkUs=75 texUs=3 emitUs=25 submitUs=14 otherUs=32 prims=6 usPerPrim=12
[FT] avgMs=17 worstMs=59 gameMs=10 drawMs=6 swapWait=0ms draws=2 decodes=0 decMs=0
[OTS] f=266520 calls=2 n0=2048 n1=28 prims=756 bb=535,742,334,385
[OTT] walkUs=93 texUs=3 emitUs=26 submitUs=14 otherUs=50 prims=6 usPerPrim=15
[FT] avgMs=17 worstMs=60 gameMs=10 drawMs=6 swapWait=0ms draws=2 decodes=0 decMs=0
[OTS] f=266640 calls=2 n0=2048 n1=28 prims=756 bb=535,742,334,385
[OTT] walkUs=81 texUs=3 emitUs=26 submitUs=15 otherUs=35 prims=6 usPerPrim=13
[SH-XBOX] vblank 280200
[MEM] tick: free=2520KB (630 pages)
[FT] avgMs=17 worstMs=60 gameMs=10 drawMs=6 swapWait=0ms draws=2 decodes=0 decMs=0
[OTS] f=266760 calls=2 n0=2048 n1=28 prims=732 bb=535,742,334,385
[OTT] walkUs=80 texUs=3 emitUs=26 submitUs=15 otherUs=34 prims=6 usPerPrim=13
[FT] avgMs=16 worstMs=49 gameMs=10 drawMs=6 swapWait=0ms draws=2 decodes=0 decMs=0
[OTS] f=266880 calls=2 n0=2048 n1=28 prims=720 bb=535,742,334,385
[OTT] walkUs=93 texUs=3 emitUs=25 submitUs=14 otherUs=50 prims=6 usPerPrim=15
[FT] avgMs=16 worstMs=59 gameMs=11 drawMs=5 swapWait=0ms draws=2 decodes=0 decMs=0
[OTS] f=267000 calls=2 n0=2048 n1=28 prims=720 bb=535,742,334,385
[OTT] walkUs=77 texUs=3 emitUs=26 submitUs=15 otherUs=32 prims=6 usPerPrim=12
[FT] avgMs=16 worstMs=48 gameMs=13 drawMs=3 swapWait=0ms draws=2 decodes=0 decMs=0
[OTS] f=267120 calls=2 n0=2048 n1=28 prims=720 bb=535,742,334,385
[OTT] walkUs=101 texUs=3 emitUs=26 submitUs=14 otherUs=57 prims=6 usPerPrim=16
[FT] avgMs=16 worstMs=44 gameMs=13 drawMs=3 swapWait=0ms draws=2 decodes=0 decMs=0
[OTS] f=267240 calls=2 n0=2048 n1=28 prims=720 bb=535,742,334,385
[OTT] walkUs=76 texUs=3 emitUs=25 submitUs=14 otherUs=33 prims=6 usPerPrim=12
[SH-XBOX] vblank 280800
[MEM] tick: free=2520KB (630 pages)
[FT] avgMs=17 worstMs=55 gameMs=12 drawMs=5 swapWait=0ms draws=2 decodes=0 decMs=0
[OTS] f=267360 calls=2 n0=2048 n1=16 prims=696 bb=535,742,334,385
[OTT] walkUs=17 texUs=0 emitUs=0 submitUs=3 otherUs=14 prims=0 usPerPrim=17
[FT] avgMs=16 worstMs=52 gameMs=12 drawMs=4 swapWait=0ms draws=2 decodes=0 decMs=0
[OTS] f=267480 calls=2 n0=2048 n1=16 prims=696 bb=535,742,334,385
[OTT] walkUs=17 texUs=0 emitUs=0 submitUs=3 otherUs=14 prims=0 usPerPrim=17
[FT] avgMs=16 worstMs=51 gameMs=10 drawMs=6 swapWait=0ms draws=2 decodes=0 decMs=0
[OTS] f=267600 calls=2 n0=2048 n1=16 prims=696 bb=535,742,334,385
[OTT] walkUs=17 texUs=0 emitUs=0 submitUs=3 otherUs=14 prims=0 usPerPrim=17
[FT] avgMs=16 worstMs=21 gameMs=10 drawMs=5 swapWait=1ms draws=2 decodes=0 decMs=0
[OTS] f=267720 calls=2 n0=2048 n1=16 prims=720 bb=535,742,334,385
[OTT] walkUs=17 texUs=0 emitUs=0 submitUs=3 otherUs=13 prims=0 usPerPrim=17
[FT] avgMs=16 worstMs=57 gameMs=11 drawMs=5 swapWait=0ms draws=2 decodes=0 decMs=0
[OTS] f=267840 calls=2 n0=2048 n1=16 prims=696 bb=535,742,334,385
[OTT] walkUs=17 texUs=0 emitUs=0 submitUs=3 otherUs=14 prims=0 usPerPrim=17
[SH-XBOX] vblank 281400
[MEM] tick: free=2520KB (630 pages)
[FT] avgMs=17 worstMs=50 gameMs=10 drawMs=6 swapWait=0ms draws=2 decodes=0 decMs=0
[OTS] f=267960 calls=2 n0=2048 n1=16 prims=672 bb=535,742,334,385
[OTT] walkUs=17 texUs=0 emitUs=0 submitUs=2 otherUs=14 prims=0 usPerPrim=17
[FT] avgMs=16 worstMs=58 gameMs=10 drawMs=6 swapWait=0ms draws=2 decodes=0 decMs=0
[OTS] f=268080 calls=2 n0=2048 n1=16 prims=696 bb=535,742,334,385
[OTT] walkUs=17 texUs=0 emitUs=0 submitUs=3 otherUs=13 prims=0 usPerPrim=17
[FT] avgMs=16 worstMs=55 gameMs=10 drawMs=6 swapWait=0ms draws=2 decodes=0 decMs=0
[OTS] f=268200 calls=2 n0=2048 n1=16 prims=696 bb=535,742,334,385
[OTT] walkUs=17 texUs=0 emitUs=0 submitUs=3 otherUs=13 prims=0 usPerPrim=17
[FT] avgMs=16 worstMs=50 gameMs=10 drawMs=6 swapWait=1ms draws=2 decodes=0 decMs=0
[OTS] f=268320 calls=2 n0=2048 n1=16 prims=708 bb=535,742,334,385
[OTT] walkUs=17 texUs=0 emitUs=0 submitUs=3 otherUs=14 prims=0 usPerPrim=17
[FT] avgMs=16 worstMs=56 gameMs=10 drawMs=6 swapWait=0ms draws=2 decodes=0 decMs=0
[OTS] f=268440 calls=2 n0=2048 n1=16 prims=720 bb=535,742,334,385
[OTT] walkUs=17 texUs=0 emitUs=0 submitUs=3 otherUs=13 prims=0 usPerPrim=17
[SH-XBOX] vblank 282000
[MEM] tick: free=2520KB (630 pages)
[FT] avgMs=17 worstMs=54 gameMs=11 drawMs=5 swapWait=0ms draws=2 decodes=0 decMs=0
[OTS] f=268560 calls=2 n0=2048 n1=16 prims=720 bb=535,742,334,385
[OTT] walkUs=17 texUs=0 emitUs=0 submitUs=2 otherUs=14 prims=0 usPerPrim=17
[FT] avgMs=16 worstMs=44 gameMs=13 drawMs=3 swapWait=0ms draws=2 decodes=0 decMs=0
[OTS] f=268680 calls=2 n0=2048 n1=16 prims=720 bb=535,742,334,385
[OTT] walkUs=17 texUs=0 emitUs=0 submitUs=3 otherUs=13 prims=0 usPerPrim=17
[FT] avgMs=16 worstMs=45 gameMs=13 drawMs=3 swapWait=0ms draws=2 decodes=0 decMs=0
[OTS] f=268800 calls=2 n0=2048 n1=16 prims=720 bb=535,742,334,385
[OTT] walkUs=17 texUs=0 emitUs=0 submitUs=2 otherUs=14 prims=0 usPerPrim=17
[FT] avgMs=16 worstMs=50 gameMs=11 drawMs=5 swapWait=0ms draws=2 decodes=0 decMs=0
[OTS] f=268920 calls=2 n0=2048 n1=16 prims=720 bb=535,742,334,385
[OTT] walkUs=17 texUs=0 emitUs=0 submitUs=3 otherUs=14 prims=0 usPerPrim=17
[FT] avgMs=16 worstMs=55 gameMs=12 drawMs=4 swapWait=0ms draws=2 decodes=0 decMs=0
[OTS] f=269040 calls=2 n0=2048 n1=28 prims=744 bb=535,742,334,385
[OTT] walkUs=80 texUs=3 emitUs=25 submitUs=16 otherUs=35 prims=6 usPerPrim=13
[SH-XBOX] vblank 282600
[MEM] tick: free=2520KB (630 pages)
[FT] avgMs=17 worstMs=54 gameMs=10 drawMs=6 swapWait=0ms draws=2 decodes=0 decMs=0
[OTS] f=269160 calls=2 n0=2048 n1=28 prims=768 bb=535,742,334,385
[OTT] walkUs=285 texUs=3 emitUs=26 submitUs=16 otherUs=238 prims=6 usPerPrim=47
[FT] avgMs=16 worstMs=47 gameMs=11 drawMs=5 swapWait=0ms draws=2 decodes=0 decMs=0
[OTS] f=269280 calls=2 n0=2048 n1=28 prims=744 bb=535,742,334,385
[OTT] walkUs=77 texUs=3 emitUs=26 submitUs=14 otherUs=32 prims=6 usPerPrim=12
[FT] avgMs=16 worstMs=59 gameMs=11 drawMs=5 swapWait=0ms draws=2 decodes=0 decMs=0
[OTS] f=269400 calls=2 n0=2048 n1=28 prims=744 bb=535,742,334,385
[OTT] walkUs=221 texUs=3 emitUs=26 submitUs=14 otherUs=177 prims=6 usPerPrim=36
[FT] avgMs=16 worstMs=55 gameMs=10 drawMs=6 swapWait=0ms draws=2 decodes=0 decMs=0
[OTS] f=269520 calls=2 n0=2048 n1=28 prims=756 bb=535,742,334,385
[OTT] walkUs=78 texUs=3 emitUs=26 submitUs=14 otherUs=33 prims=6 usPerPrim=13
[FT] avgMs=16 worstMs=50 gameMs=10 drawMs=6 swapWait=0ms draws=2 decodes=0 decMs=0
[OTS] f=269640 calls=2 n0=2048 n1=28 prims=744 bb=535,742,334,385
[OTT] walkUs=198 texUs=3 emitUs=26 submitUs=15 otherUs=152 prims=6 usPerPrim=33
[SH-XBOX] vblank 283200
[MEM] tick: free=2520KB (630 pages)
[FT] avgMs=16 worstMs=57 gameMs=10 drawMs=6 swapWait=0ms draws=2 decodes=0 decMs=0
[OTS] f=269760 calls=2 n0=2048 n1=28 prims=744 bb=535,742,334,385
[OTT] walkUs=121 texUs=3 emitUs=26 submitUs=15 otherUs=76 prims=6 usPerPrim=20
[FT] avgMs=16 worstMs=53 gameMs=10 drawMs=6 swapWait=0ms draws=2 decodes=0 decMs=0
[OTS] f=269880 calls=2 n0=2048 n1=28 prims=732 bb=535,742,334,385
[OTT] walkUs=123 texUs=3 emitUs=25 submitUs=13 otherUs=80 prims=6 usPerPrim=20
[FT] avgMs=16 worstMs=59 gameMs=10 drawMs=6 swapWait=0ms draws=2 decodes=0 decMs=0
[OTS] f=270000 calls=2 n0=2048 n1=28 prims=720 bb=535,742,334,385
[OTT] walkUs=151 texUs=3 emitUs=25 submitUs=14 otherUs=108 prims=6 usPerPrim=25
[FT] avgMs=16 worstMs=55 gameMs=11 drawMs=5 swapWait=1ms draws=2 decodes=0 decMs=0
[OTS] f=270120 calls=2 n0=2048 n1=28 prims=720 bb=535,742,334,385
[OTT] walkUs=199 texUs=3 emitUs=24 submitUs=14 otherUs=157 prims=6 usPerPrim=33
[FT] avgMs=16 worstMs=46 gameMs=13 drawMs=3 swapWait=0ms draws=2 decodes=0 decMs=0
[OTS] f=270240 calls=2 n0=2048 n1=28 prims=720 bb=535,742,334,385
[OTT] walkUs=225 texUs=3 emitUs=26 submitUs=15 otherUs=180 prims=6 usPerPrim=37
[SH-XBOX] vblank 283800
[MEM] tick: free=2520KB (630 pages)
[FT] avgMs=17 worstMs=48 gameMs=13 drawMs=3 swapWait=0ms draws=2 decodes=0 decMs=0
[OTS] f=270360 calls=2 n0=2048 n1=28 prims=720 bb=535,742,334,385
[OTT] walkUs=79 texUs=3 emitUs=29 submitUs=16 otherUs=30 prims=6 usPerPrim=13
[FT] avgMs=16 worstMs=55 gameMs=11 drawMs=5 swapWait=0ms draws=2 decodes=0 decMs=0
[OTS] f=270480 calls=2 n0=2048 n1=28 prims=732 bb=535,742,334,385
[OTT] walkUs=253 texUs=3 emitUs=26 submitUs=15 otherUs=208 prims=6 usPerPrim=42
[FT] avgMs=16 worstMs=44 gameMs=12 drawMs=4 swapWait=0ms draws=2 decodes=0 decMs=0
[OTS] f=270600 calls=2 n0=2048 n1=16 prims=708 bb=535,742,334,385
[OTT] walkUs=17 texUs=0 emitUs=0 submitUs=3 otherUs=14 prims=0 usPerPrim=17
[FT] avgMs=16 worstMs=50 gameMs=10 drawMs=6 swapWait=0ms draws=2 decodes=0 decMs=0
[OTS] f=270720 calls=2 n0=2048 n1=16 prims=696 bb=535,742,334,385
[OTT] walkUs=17 texUs=0 emitUs=0 submitUs=3 otherUs=14 prims=0 usPerPrim=17
[FT] avgMs=16 worstMs=56 gameMs=10 drawMs=5 swapWait=0ms draws=2 decodes=0 decMs=0
[OTS] f=270840 calls=2 n0=2048 n1=16 prims=696 bb=535,742,334,385
[OTT] walkUs=17 texUs=0 emitUs=0 submitUs=3 otherUs=14 prims=0 usPerPrim=17
[SH-XBOX] vblank 284400
[MEM] tick: free=2520KB (630 pages)
[FT] avgMs=17 worstMs=53 gameMs=11 drawMs=6 swapWait=0ms draws=2 decodes=0 decMs=0
[OTS] f=270960 calls=2 n0=2048 n1=16 prims=672 bb=535,742,334,385
[OTT] walkUs=17 texUs=0 emitUs=0 submitUs=3 otherUs=14 prims=0 usPerPrim=17
[FT] avgMs=16 worstMs=52 gameMs=10 drawMs=6 swapWait=0ms draws=2 decodes=0 decMs=0
[OTS] f=271080 calls=2 n0=2048 n1=16 prims=696 bb=535,742,334,385
[OTT] walkUs=17 texUs=0 emitUs=0 submitUs=6 otherUs=11 prims=0 usPerPrim=17
[FT] avgMs=16 worstMs=59 gameMs=10 drawMs=6 swapWait=0ms draws=2 decodes=0 decMs=0
[OTS] f=271200 calls=2 n0=2048 n1=16 prims=696 bb=535,742,334,385
[OTT] walkUs=17 texUs=0 emitUs=0 submitUs=3 otherUs=13 prims=0 usPerPrim=17
[FT] avgMs=16 worstMs=54 gameMs=10 drawMs=6 swapWait=0ms draws=2 decodes=0 decMs=0
[OTS] f=271320 calls=2 n0=2048 n1=16 prims=696 bb=535,742,334,385
[OTT] walkUs=17 texUs=0 emitUs=0 submitUs=3 otherUs=14 prims=0 usPerPrim=17
[FT] avgMs=17 worstMs=65 gameMs=10 drawMs=6 swapWait=0ms draws=2 decodes=0 decMs=0
[OTS] f=271440 calls=2 n0=2048 n1=16 prims=696 bb=535,742,334,385
[OTT] walkUs=17 texUs=0 emitUs=0 submitUs=3 otherUs=13 prims=0 usPerPrim=17
[SH-XBOX] vblank 285000
[MEM] tick: free=2520KB (630 pages)
[FT] avgMs=17 worstMs=58 gameMs=10 drawMs=6 swapWait=0ms draws=2 decodes=0 decMs=0
[OTS] f=271560 calls=2 n0=2048 n1=16 prims=720 bb=535,742,334,385
[OTT] walkUs=17 texUs=0 emitUs=0 submitUs=3 otherUs=13 prims=0 usPerPrim=17
[FT] avgMs=16 worstMs=57 gameMs=11 drawMs=5 swapWait=0ms draws=2 decodes=0 decMs=0
[OTS] f=271680 calls=2 n0=2048 n1=16 prims=720 bb=535,742,334,385
[OTT] walkUs=17 texUs=0 emitUs=0 submitUs=3 otherUs=13 prims=0 usPerPrim=17
[FT] avgMs=17 worstMs=72 gameMs=13 drawMs=3 swapWait=0ms draws=2 decodes=0 decMs=0
[OTS] f=271800 calls=2 n0=2048 n1=16 prims=720 bb=535,742,334,385
[OTT] walkUs=17 texUs=0 emitUs=0 submitUs=3 otherUs=14 prims=0 usPerPrim=17
[FT] avgMs=16 worstMs=20 gameMs=13 drawMs=3 swapWait=0ms draws=2 decodes=0 decMs=0
[OTS] f=271920 calls=2 n0=2048 n1=16 prims=720 bb=535,742,334,385
[OTT] walkUs=17 texUs=0 emitUs=0 submitUs=3 otherUs=13 prims=0 usPerPrim=17
[FT] avgMs=16 worstMs=47 gameMs=12 drawMs=4 swapWait=0ms draws=2 decodes=0 decMs=0
[OTS] f=272040 calls=2 n0=2048 n1=16 prims=720 bb=535,742,334,385
[OTT] walkUs=17 texUs=0 emitUs=0 submitUs=6 otherUs=10 prims=0 usPerPrim=17
[SH-XBOX] vblank 285600
[MEM] tick: free=2520KB (630 pages)
[FT] avgMs=17 worstMs=55 gameMs=12 drawMs=4 swapWait=0ms draws=2 decodes=0 decMs=0
[OTS] f=272160 calls=2 n0=2048 n1=28 prims=768 bb=535,742,334,385
[OTT] walkUs=163 texUs=3 emitUs=24 submitUs=14 otherUs=121 prims=6 usPerPrim=27
[FT] avgMs=16 worstMs=53 gameMs=10 drawMs=6 swapWait=0ms draws=2 decodes=0 decMs=0
[OTS] f=272280 calls=2 n0=2048 n1=28 prims=744 bb=535,742,334,385
[OTT] walkUs=214 texUs=3 emitUs=26 submitUs=17 otherUs=167 prims=6 usPerPrim=35
[FT] avgMs=17 worstMs=62 gameMs=11 drawMs=6 swapWait=0ms draws=2 decodes=0 decMs=0
[OTS] f=272400 calls=2 n0=2048 n1=28 prims=756 bb=535,742,334,385
[OTT] walkUs=189 texUs=3 emitUs=26 submitUs=13 otherUs=145 prims=6 usPerPrim=31
[FT] avgMs=16 worstMs=48 gameMs=10 drawMs=5 swapWait=0ms draws=2 decodes=0 decMs=0
[OTS] f=272520 calls=2 n0=2048 n1=28 prims=744 bb=535,742,334,385
[OTT] walkUs=255 texUs=3 emitUs=25 submitUs=14 otherUs=211 prims=6 usPerPrim=42
[FT] avgMs=16 worstMs=58 gameMs=10 drawMs=6 swapWait=0ms draws=2 decodes=0 decMs=0
[OTS] f=272640 calls=2 n0=2048 n1=28 prims=744 bb=535,742,334,385
[OTT] walkUs=125 texUs=3 emitUs=26 submitUs=14 otherUs=80 prims=6 usPerPrim=20
[SH-XBOX] vblank 286200
[MEM] tick: free=2520KB (630 pages)
[FT] avgMs=17 worstMs=52 gameMs=10 drawMs=6 swapWait=0ms draws=2 decodes=0 decMs=0
[OTS] f=272760 calls=2 n0=2048 n1=28 prims=756 bb=535,742,334,385
[OTT] walkUs=85 texUs=2 emitUs=26 submitUs=15 otherUs=40 prims=6 usPerPrim=14
[FT] avgMs=17 worstMs=64 gameMs=10 drawMs=6 swapWait=0ms draws=2 decodes=0 decMs=0
[OTS] f=272880 calls=2 n0=2048 n1=28 prims=720 bb=535,742,334,385
[OTT] walkUs=80 texUs=3 emitUs=26 submitUs=14 otherUs=36 prims=6 usPerPrim=13
[FT] avgMs=16 worstMs=50 gameMs=10 drawMs=6 swapWait=0ms draws=2 decodes=0 decMs=0
[OTS] f=273000 calls=2 n0=2048 n1=28 prims=720 bb=535,742,334,385
[OTT] walkUs=78 texUs=2 emitUs=26 submitUs=14 otherUs=33 prims=6 usPerPrim=13
[FT] avgMs=16 worstMs=58 gameMs=10 drawMs=6 swapWait=0ms draws=2 decodes=0 decMs=0
[OTS] f=273120 calls=2 n0=2048 n1=28 prims=720 bb=535,742,334,385
[OTT] walkUs=276 texUs=3 emitUs=26 submitUs=15 otherUs=231 prims=6 usPerPrim=46
[FT] avgMs=16 worstMs=50 gameMs=11 drawMs=5 swapWait=0ms draws=2 decodes=0 decMs=0
[OTS] f=273240 calls=2 n0=2048 n1=28 prims=720 bb=535,742,334,385
[OTT] walkUs=287 texUs=3 emitUs=25 submitUs=14 otherUs=244 prims=6 usPerPrim=47
[SH-XBOX] vblank 286800
[MEM] tick: free=2520KB (630 pages)
[FT] avgMs=17 worstMs=56 gameMs=13 drawMs=3 swapWait=0ms draws=2 decodes=0 decMs=0
[OTS] f=273360 calls=2 n0=2048 n1=16 prims=708 bb=535,742,334,385
[OTT] walkUs=18 texUs=0 emitUs=0 submitUs=3 otherUs=15 prims=0 usPerPrim=18
[FT] avgMs=16 worstMs=52 gameMs=13 drawMs=3 swapWait=0ms draws=2 decodes=0 decMs=0
[OTS] f=273480 calls=2 n0=2048 n1=16 prims=696 bb=535,742,334,385
[OTT] walkUs=17 texUs=0 emitUs=0 submitUs=3 otherUs=14 prims=0 usPerPrim=17
[FT] avgMs=16 worstMs=51 gameMs=12 drawMs=4 swapWait=0ms draws=2 decodes=0 decMs=0
[OTS] f=273600 calls=2 n0=2048 n1=16 prims=696 bb=535,742,334,385
[OTT] walkUs=17 texUs=0 emitUs=0 submitUs=3 otherUs=14 prims=0 usPerPrim=17
[FT] avgMs=16 worstMs=56 gameMs=12 drawMs=4 swapWait=0ms draws=2 decodes=0 decMs=0
[OTS] f=273720 calls=2 n0=2048 n1=16 prims=696 bb=535,742,334,385
[OTT] walkUs=17 texUs=0 emitUs=0 submitUs=3 otherUs=14 prims=0 usPerPrim=17
[FT] avgMs=16 worstMs=54 gameMs=10 drawMs=6 swapWait=1ms draws=2 decodes=0 decMs=0
[OTS] f=273840 calls=2 n0=2048 n1=16 prims=696 bb=535,742,334,385
[OTT] walkUs=17 texUs=0 emitUs=0 submitUs=3 otherUs=14 prims=0 usPerPrim=17
[SH-XBOX] vblank 287400
[MEM] tick: free=2520KB (630 pages)
[FT] avgMs=17 worstMs=62 gameMs=11 drawMs=6 swapWait=0ms draws=2 decodes=0 decMs=0
[OTS] f=273960 calls=2 n0=2048 n1=16 prims=684 bb=535,742,334,385
[OTT] walkUs=17 texUs=0 emitUs=0 submitUs=4 otherUs=13 prims=0 usPerPrim=17
[FT] avgMs=16 worstMs=48 gameMs=10 drawMs=5 swapWait=1ms draws=2 decodes=0 decMs=0
[OTS] f=274080 calls=2 n0=2048 n1=16 prims=696 bb=535,742,334,385
[OTT] walkUs=17 texUs=0 emitUs=0 submitUs=3 otherUs=14 prims=0 usPerPrim=17
[FT] avgMs=16 worstMs=58 gameMs=10 drawMs=6 swapWait=0ms draws=2 decodes=0 decMs=0
[OTS] f=274200 calls=2 n0=2048 n1=16 prims=696 bb=535,742,334,385
[OTT] walkUs=17 texUs=0 emitUs=0 submitUs=3 otherUs=14 prims=0 usPerPrim=17
[FT] avgMs=16 worstMs=54 gameMs=10 drawMs=6 swapWait=0ms draws=2 decodes=0 decMs=0
[OTS] f=274320 calls=2 n0=2048 n1=16 prims=708 bb=535,742,334,385
[OTT] walkUs=17 texUs=0 emitUs=0 submitUs=3 otherUs=14 prims=0 usPerPrim=17
[FT] avgMs=16 worstMs=49 gameMs=10 drawMs=6 swapWait=0ms draws=2 decodes=0 decMs=0
[OTS] f=274440 calls=2 n0=2048 n1=16 prims=720 bb=535,742,334,385
[OTT] walkUs=17 texUs=0 emitUs=0 submitUs=3 otherUs=14 prims=0 usPerPrim=17
[SH-XBOX] vblank 288000
[MEM] tick: free=2520KB (630 pages)
[FT] avgMs=17 worstMs=59 gameMs=10 drawMs=6 swapWait=1ms draws=2 decodes=0 decMs=0
[OTS] f=274560 calls=2 n0=2048 n1=16 prims=720 bb=535,742,334,385
[OTT] walkUs=17 texUs=0 emitUs=0 submitUs=3 otherUs=14 prims=0 usPerPrim=17
[FT] avgMs=16 worstMs=60 gameMs=10 drawMs=6 swapWait=0ms draws=2 decodes=0 decMs=0
[OTS] f=274680 calls=2 n0=2048 n1=16 prims=720 bb=535,742,334,385
[OTT] walkUs=17 texUs=0 emitUs=0 submitUs=3 otherUs=14 prims=0 usPerPrim=17
[FT] avgMs=16 worstMs=53 gameMs=11 drawMs=5 swapWait=0ms draws=2 decodes=0 decMs=0
[OTS] f=274800 calls=2 n0=2048 n1=28 prims=732 bb=535,742,334,385
[OTT] walkUs=77 texUs=3 emitUs=26 submitUs=18 otherUs=29 prims=6 usPerPrim=12
[FT] avgMs=16 worstMs=44 gameMs=13 drawMs=3 swapWait=0ms draws=2 decodes=0 decMs=0
[OTS] f=274920 calls=2 n0=2048 n1=28 prims=732 bb=535,742,334,385
[OTT] walkUs=83 texUs=3 emitUs=32 submitUs=17 otherUs=30 prims=6 usPerPrim=13
[FT] avgMs=16 worstMs=47 gameMs=13 drawMs=3 swapWait=0ms draws=2 decodes=0 decMs=0
[OTS] f=275040 calls=2 n0=2048 n1=28 prims=744 bb=535,742,334,385
[OTT] walkUs=74 texUs=3 emitUs=25 submitUs=15 otherUs=30 prims=6 usPerPrim=12
[SH-XBOX] vblank 288600
[MEM] tick: free=2520KB (630 pages)
[FT] avgMs=17 worstMs=59 gameMs=12 drawMs=4 swapWait=0ms draws=2 decodes=0 decMs=0
[OTS] f=275160 calls=2 n0=2048 n1=28 prims=768 bb=535,742,334,385
[OTT] walkUs=75 texUs=3 emitUs=25 submitUs=16 otherUs=29 prims=6 usPerPrim=12
[FT] avgMs=16 worstMs=50 gameMs=12 drawMs=4 swapWait=0ms draws=2 decodes=0 decMs=0
[OTS] f=275280 calls=2 n0=2048 n1=28 prims=756 bb=535,742,334,385
[OTT] walkUs=154 texUs=2 emitUs=24 submitUs=14 otherUs=111 prims=6 usPerPrim=25
[FT] avgMs=16 worstMs=51 gameMs=10 drawMs=6 swapWait=0ms draws=2 decodes=0 decMs=0
[OTS] f=275400 calls=2 n0=2048 n1=28 prims=732 bb=535,742,334,385
[OTT] walkUs=112 texUs=3 emitUs=25 submitUs=49 otherUs=34 prims=6 usPerPrim=18
[FT] avgMs=16 worstMs=57 gameMs=10 drawMs=5 swapWait=0ms draws=2 decodes=0 decMs=0
[OTS] f=275520 calls=2 n0=2048 n1=28 prims=744 bb=535,742,334,385
[OTT] walkUs=73 texUs=2 emitUs=25 submitUs=14 otherUs=30 prims=6 usPerPrim=12
[FT] avgMs=16 worstMs=51 gameMs=10 drawMs=6 swapWait=0ms draws=2 decodes=0 decMs=0
[OTS] f=275640 calls=2 n0=2048 n1=28 prims=744 bb=535,742,334,385
[OTT] walkUs=149 texUs=3 emitUs=26 submitUs=14 otherUs=104 prims=6 usPerPrim=24
[SH-XBOX] vblank 289200
[MEM] tick: free=2520KB (630 pages)
[FT] avgMs=17 worstMs=61 gameMs=10 drawMs=6 swapWait=0ms draws=2 decodes=0 decMs=0
[OTS] f=275760 calls=2 n0=2048 n1=28 prims=732 bb=535,742,334,385
[OTT] walkUs=82 texUs=3 emitUs=26 submitUs=14 otherUs=38 prims=6 usPerPrim=13
[FT] avgMs=16 worstMs=49 gameMs=10 drawMs=6 swapWait=0ms draws=2 decodes=0 decMs=0
[OTS] f=275880 calls=2 n0=2048 n1=28 prims=720 bb=535,742,334,385
[OTT] walkUs=75 texUs=3 emitUs=24 submitUs=15 otherUs=32 prims=6 usPerPrim=12
[FT] avgMs=16 worstMs=23 gameMs=10 drawMs=6 swapWait=0ms draws=2 decodes=0 decMs=0
[OTS] f=276000 calls=2 n0=2048 n1=28 prims=720 bb=535,742,334,385
[OTT] walkUs=125 texUs=3 emitUs=26 submitUs=14 otherUs=80 prims=6 usPerPrim=20
[FT] avgMs=16 worstMs=25 gameMs=10 drawMs=6 swapWait=0ms draws=2 decodes=0 decMs=0
[OTS] f=276120 calls=2 n0=2048 n1=28 prims=720 bb=535,742,334,385
[OTT] walkUs=131 texUs=3 emitUs=26 submitUs=15 otherUs=86 prims=6 usPerPrim=21
[FT] avgMs=17 worstMs=63 gameMs=10 drawMs=6 swapWait=0ms draws=2 decodes=0 decMs=0
[OTS] f=276240 calls=2 n0=2048 n1=28 prims=720 bb=535,742,334,385
[OTT] walkUs=78 texUs=3 emitUs=26 submitUs=16 otherUs=31 prims=6 usPerPrim=13
[SH-XBOX] vblank 289800
[MEM] tick: free=2520KB (630 pages)
[FT] avgMs=17 worstMs=62 gameMs=11 drawMs=5 swapWait=0ms draws=2 decodes=0 decMs=0
[OTS] f=276360 calls=2 n0=2048 n1=16 prims=708 bb=535,742,334,385
[OTT] walkUs=17 texUs=0 emitUs=0 submitUs=3 otherUs=14 prims=0 usPerPrim=17
[FT] avgMs=16 worstMs=47 gameMs=13 drawMs=3 swapWait=0ms draws=2 decodes=0 decMs=0
[OTS] f=276480 calls=2 n0=2048 n1=16 prims=696 bb=535,742,334,385
[OTT] walkUs=17 texUs=0 emitUs=0 submitUs=3 otherUs=14 prims=0 usPerPrim=17
[FT] avgMs=17 worstMs=55 gameMs=13 drawMs=3 swapWait=1ms draws=2 decodes=0 decMs=0
[OTS] f=276600 calls=2 n0=2048 n1=16 prims=696 bb=535,742,334,385
[OTT] walkUs=17 texUs=0 emitUs=0 submitUs=3 otherUs=14 prims=0 usPerPrim=17
[FT] avgMs=16 worstMs=53 gameMs=12 drawMs=4 swapWait=0ms draws=2 decodes=0 decMs=0
[OTS] f=276720 calls=2 n0=2048 n1=16 prims=696 bb=535,742,334,385
[OTT] walkUs=17 texUs=0 emitUs=0 submitUs=2 otherUs=14 prims=0 usPerPrim=17
[FT] avgMs=16 worstMs=52 gameMs=11 drawMs=5 swapWait=0ms draws=2 decodes=0 decMs=0
[OTS] f=276840 calls=2 n0=2048 n1=16 prims=696 bb=535,742,334,385
[OTT] walkUs=17 texUs=0 emitUs=0 submitUs=2 otherUs=14 prims=0 usPerPrim=17
[SH-XBOX] vblank 290400
[MEM] tick: free=2520KB (630 pages)
[FT] avgMs=17 worstMs=59 gameMs=11 drawMs=6 swapWait=1ms draws=2 decodes=0 decMs=0
[OTS] f=276960 calls=2 n0=2048 n1=16 prims=672 bb=535,742,334,385
[OTT] walkUs=17 texUs=0 emitUs=0 submitUs=2 otherUs=14 prims=0 usPerPrim=17
[FT] avgMs=16 worstMs=53 gameMs=10 drawMs=5 swapWait=0ms draws=2 decodes=0 decMs=0
[OTS] f=277080 calls=2 n0=2048 n1=16 prims=696 bb=535,742,334,385
[OTT] walkUs=17 texUs=0 emitUs=0 submitUs=3 otherUs=13 prims=0 usPerPrim=17
[FT] avgMs=16 worstMs=47 gameMs=10 drawMs=5 swapWait=0ms draws=2 decodes=0 decMs=0
[OTS] f=277200 calls=2 n0=2048 n1=16 prims=708 bb=535,742,334,385
[OTT] walkUs=17 texUs=0 emitUs=0 submitUs=3 otherUs=14 prims=0 usPerPrim=17
[FT] avgMs=16 worstMs=57 gameMs=10 drawMs=6 swapWait=0ms draws=2 decodes=0 decMs=0
[OTS] f=277320 calls=2 n0=2048 n1=16 prims=720 bb=535,742,334,385
[OTT] walkUs=17 texUs=0 emitUs=0 submitUs=3 otherUs=13 prims=0 usPerPrim=17
[FT] avgMs=16 worstMs=51 gameMs=10 drawMs=6 swapWait=0ms draws=2 decodes=0 decMs=0
[OTS] f=277440 calls=2 n0=2048 n1=16 prims=720 bb=535,742,334,385
[OTT] walkUs=17 texUs=0 emitUs=0 submitUs=3 otherUs=14 prims=0 usPerPrim=17
[SH-XBOX] vblank 291000
[MEM] tick: free=2520KB (630 pages)
[FT] avgMs=17 worstMs=62 gameMs=11 drawMs=6 swapWait=0ms draws=2 decodes=0 decMs=0
[OTS] f=277560 calls=2 n0=2048 n1=16 prims=720 bb=535,742,334,385
[OTT] walkUs=17 texUs=0 emitUs=0 submitUs=3 otherUs=13 prims=0 usPerPrim=17
[FT] avgMs=16 worstMs=48 gameMs=10 drawMs=6 swapWait=0ms draws=2 decodes=0 decMs=0
[OTS] f=277680 calls=2 n0=2048 n1=28 prims=732 bb=535,742,334,385
[OTT] walkUs=91 texUs=3 emitUs=26 submitUs=14 otherUs=46 prims=6 usPerPrim=15
[FT] avgMs=16 worstMs=57 gameMs=10 drawMs=6 swapWait=0ms draws=2 decodes=0 decMs=0
[OTS] f=277800 calls=2 n0=2048 n1=28 prims=744 bb=535,742,334,385
[OTT] walkUs=173 texUs=2 emitUs=26 submitUs=14 otherUs=128 prims=6 usPerPrim=28
[FT] avgMs=16 worstMs=50 gameMs=11 drawMs=5 swapWait=0ms draws=2 decodes=0 decMs=0
[OTS] f=277920 calls=2 n0=2048 n1=28 prims=744 bb=535,742,334,385
[OTT] walkUs=97 texUs=3 emitUs=26 submitUs=15 otherUs=51 prims=6 usPerPrim=16
[FT] avgMs=16 worstMs=19 gameMs=13 drawMs=3 swapWait=0ms draws=2 decodes=0 decMs=0
[OTS] f=278040 calls=2 n0=2048 n1=28 prims=720 bb=535,742,334,385
[OTT] walkUs=96 texUs=3 emitUs=30 submitUs=14 otherUs=47 prims=6 usPerPrim=16
[SH-XBOX] vblank 291600
[MEM] tick: free=2520KB (630 pages)
[FT] avgMs=16 worstMs=52 gameMs=12 drawMs=4 swapWait=1ms draws=2 decodes=0 decMs=0
[OTS] f=278160 calls=2 n0=2048 n1=28 prims=744 bb=535,742,334,385
[OTT] walkUs=161 texUs=3 emitUs=26 submitUs=14 otherUs=118 prims=6 usPerPrim=26
[FT] avgMs=16 worstMs=48 gameMs=12 drawMs=4 swapWait=0ms draws=2 decodes=0 decMs=0
[OTS] f=278280 calls=2 n0=2048 n1=28 prims=744 bb=535,742,334,385
[OTT] walkUs=243 texUs=2 emitUs=25 submitUs=15 otherUs=200 prims=6 usPerPrim=40
[FT] avgMs=17 worstMs=55 gameMs=11 drawMs=5 swapWait=0ms draws=2 decodes=0 decMs=0
[OTS] f=278400 calls=2 n0=2048 n1=28 prims=744 bb=535,742,334,385
[OTT] walkUs=180 texUs=3 emitUs=27 submitUs=15 otherUs=134 prims=6 usPerPrim=30
[FT] avgMs=16 worstMs=48 gameMs=10 drawMs=6 swapWait=0ms draws=2 decodes=0 decMs=0
[OTS] f=278520 calls=2 n0=2048 n1=28 prims=744 bb=535,742,334,385
[OTT] walkUs=222 texUs=3 emitUs=25 submitUs=15 otherUs=178 prims=6 usPerPrim=37
[FT] avgMs=16 worstMs=48 gameMs=11 drawMs=5 swapWait=0ms draws=2 decodes=0 decMs=0
[OTS] f=278640 calls=2 n0=2048 n1=28 prims=744 bb=535,742,334,385
[OTT] walkUs=246 texUs=3 emitUs=25 submitUs=15 otherUs=201 prims=6 usPerPrim=41
[SH-XBOX] vblank 292200
[MEM] tick: free=2520KB (630 pages)
[FT] avgMs=17 worstMs=55 gameMs=11 drawMs=6 swapWait=0ms draws=2 decodes=0 decMs=0
[OTS] f=278760 calls=2 n0=2048 n1=28 prims=732 bb=535,742,334,385
[OTT] walkUs=139 texUs=3 emitUs=26 submitUs=14 otherUs=95 prims=6 usPerPrim=23
[FT] avgMs=16 worstMs=54 gameMs=10 drawMs=6 swapWait=0ms draws=2 decodes=0 decMs=0
[OTS] f=278880 calls=2 n0=2048 n1=28 prims=720 bb=535,742,334,385
[OTT] walkUs=310 texUs=3 emitUs=25 submitUs=16 otherUs=265 prims=6 usPerPrim=51
[FT] avgMs=16 worstMs=58 gameMs=10 drawMs=6 swapWait=0ms draws=2 decodes=0 decMs=0
[OTS] f=279000 calls=2 n0=2048 n1=28 prims=720 bb=535,742,334,385
[OTT] walkUs=77 texUs=3 emitUs=27 submitUs=14 otherUs=31 prims=6 usPerPrim=12
[FT] avgMs=16 worstMs=55 gameMs=10 drawMs=6 swapWait=0ms draws=2 decodes=0 decMs=0
[OTS] f=279120 calls=2 n0=2048 n1=28 prims=720 bb=535,742,334,385
[OTT] walkUs=176 texUs=3 emitUs=26 submitUs=14 otherUs=132 prims=6 usPerPrim=29
[FT] avgMs=16 worstMs=51 gameMs=10 drawMs=6 swapWait=0ms draws=2 decodes=0 decMs=0
[OTS] f=279240 calls=2 n0=2048 n1=28 prims=720 bb=535,742,334,385
[OTT] walkUs=78 texUs=3 emitUs=26 submitUs=15 otherUs=33 prims=6 usPerPrim=13
[SH-XBOX] vblank 292800
[MEM] tick: free=2520KB (630 pages)
[FT] avgMs=17 worstMs=62 gameMs=11 drawMs=6 swapWait=0ms draws=2 decodes=0 decMs=0
[OTS] f=279360 calls=2 n0=2048 n1=16 prims=672 bb=535,742,334,385
[OTT] walkUs=17 texUs=0 emitUs=0 submitUs=3 otherUs=14 prims=0 usPerPrim=17
[FT] avgMs=17 worstMs=62 gameMs=11 drawMs=5 swapWait=0ms draws=2 decodes=0 decMs=0
[OTS] f=279480 calls=2 n0=2048 n1=16 prims=684 bb=535,742,334,385
[OTT] walkUs=17 texUs=0 emitUs=0 submitUs=3 otherUs=14 prims=0 usPerPrim=17
[FT] avgMs=16 worstMs=44 gameMs=13 drawMs=3 swapWait=0ms draws=2 decodes=0 decMs=0
[OTS] f=279600 calls=2 n0=2048 n1=16 prims=708 bb=535,742,334,385
[OTT] walkUs=17 texUs=0 emitUs=0 submitUs=3 otherUs=13 prims=0 usPerPrim=17
[FT] avgMs=16 worstMs=46 gameMs=12 drawMs=4 swapWait=0ms draws=2 decodes=0 decMs=0
[OTS] f=279720 calls=2 n0=2048 n1=16 prims=708 bb=535,742,334,385
[OTT] walkUs=17 texUs=0 emitUs=0 submitUs=3 otherUs=14 prims=0 usPerPrim=17
[FT] avgMs=16 worstMs=49 gameMs=12 drawMs=4 swapWait=0ms draws=2 decodes=0 decMs=0
[OTS] f=279840 calls=2 n0=2048 n1=16 prims=696 bb=535,742,334,385
[OTT] walkUs=17 texUs=0 emitUs=0 submitUs=3 otherUs=13 prims=0 usPerPrim=17
[SH-XBOX] vblank 293400
[MEM] tick: free=2520KB (630 pages)
[FT] avgMs=17 worstMs=83 gameMs=12 drawMs=5 swapWait=0ms draws=2 decodes=0 decMs=0
[OTS] f=279960 calls=2 n0=2048 n1=16 prims=660 bb=535,742,334,385
[OTT] walkUs=17 texUs=0 emitUs=0 submitUs=3 otherUs=14 prims=0 usPerPrim=17
[FT] avgMs=16 worstMs=22 gameMs=10 drawMs=5 swapWait=0ms draws=2 decodes=0 decMs=0
[OTS] f=280080 calls=2 n0=2048 n1=16 prims=720 bb=535,742,334,385
[OTT] walkUs=17 texUs=0 emitUs=0 submitUs=3 otherUs=14 prims=0 usPerPrim=17
[FT] avgMs=16 worstMs=53 gameMs=11 drawMs=5 swapWait=1ms draws=2 decodes=0 decMs=0
[OTS] f=280200 calls=2 n0=2048 n1=16 prims=708 bb=535,742,334,385
[OTT] walkUs=17 texUs=0 emitUs=0 submitUs=3 otherUs=14 prims=0 usPerPrim=17
[FT] avgMs=17 worstMs=64 gameMs=10 drawMs=6 swapWait=1ms draws=2 decodes=0 decMs=0
[OTS] f=280320 calls=2 n0=2048 n1=16 prims=720 bb=535,742,334,385
[OTT] walkUs=17 texUs=0 emitUs=0 submitUs=3 otherUs=14 prims=0 usPerPrim=17
[FT] avgMs=17 worstMs=63 gameMs=10 drawMs=6 swapWait=0ms draws=2 decodes=0 decMs=0
[OTS] f=280440 calls=2 n0=2048 n1=16 prims=720 bb=535,742,334,385
[OTT] walkUs=17 texUs=0 emitUs=0 submitUs=3 otherUs=13 prims=0 usPerPrim=17
[SH-XBOX] vblank 294000
[MEM] tick: free=2520KB (630 pages)
[FT] avgMs=17 worstMs=61 gameMs=11 drawMs=6 swapWait=1ms draws=2 decodes=0 decMs=0
[OTS] f=280560 calls=2 n0=2048 n1=28 prims=732 bb=535,742,334,385
[OTT] walkUs=325 texUs=3 emitUs=30 submitUs=14 otherUs=277 prims=6 usPerPrim=54
[FT] avgMs=16 worstMs=49 gameMs=10 drawMs=6 swapWait=0ms draws=2 decodes=0 decMs=0
[OTS] f=280680 calls=2 n0=2048 n1=28 prims=744 bb=535,742,334,385
[OTT] walkUs=173 texUs=3 emitUs=26 submitUs=15 otherUs=128 prims=6 usPerPrim=28
[FT] avgMs=17 worstMs=61 gameMs=10 drawMs=6 swapWait=0ms draws=2 decodes=0 decMs=0
[OTS] f=280800 calls=2 n0=2048 n1=28 prims=756 bb=535,742,334,385
[OTT] walkUs=77 texUs=3 emitUs=26 submitUs=14 otherUs=33 prims=6 usPerPrim=12
[FT] avgMs=17 worstMs=62 gameMs=10 drawMs=6 swapWait=0ms draws=2 decodes=0 decMs=0
[OTS] f=280920 calls=2 n0=2048 n1=28 prims=756 bb=535,742,334,385
[OTT] walkUs=79 texUs=3 emitUs=29 submitUs=15 otherUs=31 prims=6 usPerPrim=13
[FT] avgMs=16 worstMs=49 gameMs=11 drawMs=5 swapWait=0ms draws=2 decodes=0 decMs=0
[OTS] f=281040 calls=2 n0=2048 n1=28 prims=744 bb=535,742,334,385
[OTT] walkUs=78 texUs=3 emitUs=26 submitUs=16 otherUs=31 prims=6 usPerPrim=13
[SH-XBOX] vblank 294600
[MEM] tick: free=2520KB (630 pages)
[FT] avgMs=17 worstMs=53 gameMs=13 drawMs=3 swapWait=0ms draws=2 decodes=0 decMs=0
[OTS] f=281160 calls=2 n0=2048 n1=28 prims=768 bb=535,742,334,385
[OTT] walkUs=76 texUs=3 emitUs=26 submitUs=14 otherUs=32 prims=6 usPerPrim=12
[FT] avgMs=16 worstMs=48 gameMs=12 drawMs=4 swapWait=0ms draws=2 decodes=0 decMs=0
[OTS] f=281280 calls=2 n0=2048 n1=28 prims=744 bb=535,742,334,385
[OTT] walkUs=118 texUs=3 emitUs=25 submitUs=14 otherUs=75 prims=6 usPerPrim=19
[FT] avgMs=16 worstMs=57 gameMs=12 drawMs=4 swapWait=0ms draws=2 decodes=0 decMs=0
[OTS] f=281400 calls=2 n0=2048 n1=28 prims=720 bb=535,742,334,385
[OTT] walkUs=78 texUs=3 emitUs=26 submitUs=15 otherUs=32 prims=6 usPerPrim=13
[FT] avgMs=17 worstMs=54 gameMs=11 drawMs=5 swapWait=0ms draws=2 decodes=0 decMs=0
[OTS] f=281520 calls=2 n0=2048 n1=28 prims=720 bb=535,742,334,385
[OTT] walkUs=322 texUs=3 emitUs=26 submitUs=15 otherUs=276 prims=6 usPerPrim=53
[FT] avgMs=16 worstMs=44 gameMs=10 drawMs=5 swapWait=0ms draws=2 decodes=0 decMs=0
[OTS] f=281640 calls=2 n0=2048 n1=28 prims=720 bb=535,742,334,385
[OTT] walkUs=76 texUs=3 emitUs=26 submitUs=14 otherUs=31 prims=6 usPerPrim=12
[SH-XBOX] vblank 295200
[MEM] tick: free=2520KB (630 pages)
[FT] avgMs=17 worstMs=61 gameMs=11 drawMs=6 swapWait=0ms draws=2 decodes=0 decMs=0
[OTS] f=281760 calls=2 n0=2048 n1=28 prims=720 bb=535,742,334,385
[OTT] walkUs=77 texUs=3 emitUs=27 submitUs=15 otherUs=32 prims=6 usPerPrim=12
[FT] avgMs=17 worstMs=63 gameMs=10 drawMs=6 swapWait=0ms draws=2 decodes=0 decMs=0
[OTS] f=281880 calls=2 n0=2048 n1=16 prims=696 bb=535,742,334,385
[OTT] walkUs=17 texUs=0 emitUs=0 submitUs=3 otherUs=14 prims=0 usPerPrim=17
[FT] avgMs=16 worstMs=49 gameMs=10 drawMs=6 swapWait=0ms draws=2 decodes=0 decMs=0
[OTS] f=282000 calls=2 n0=2048 n1=16 prims=696 bb=535,742,334,385
[OTT] walkUs=17 texUs=0 emitUs=0 submitUs=3 otherUs=14 prims=0 usPerPrim=17
[FT] avgMs=17 worstMs=56 gameMs=10 drawMs=6 swapWait=0ms draws=2 decodes=0 decMs=0
[OTS] f=282120 calls=2 n0=2048 n1=16 prims=696 bb=535,742,334,385
[OTT] walkUs=17 texUs=0 emitUs=0 submitUs=3 otherUs=14 prims=0 usPerPrim=17
[FT] avgMs=16 worstMs=24 gameMs=10 drawMs=6 swapWait=0ms draws=2 decodes=0 decMs=0
[OTS] f=282240 calls=2 n0=2048 n1=16 prims=708 bb=535,742,334,385
[OTT] walkUs=17 texUs=0 emitUs=0 submitUs=3 otherUs=14 prims=0 usPerPrim=17
[SH-XBOX] vblank 295800
[MEM] tick: free=2520KB (630 pages)
[FT] avgMs=16 worstMs=51 gameMs=10 drawMs=6 swapWait=1ms draws=2 decodes=0 decMs=0
[OTS] f=282360 calls=2 n0=2048 n1=16 prims=696 bb=535,742,334,385
[OTT] walkUs=17 texUs=0 emitUs=0 submitUs=3 otherUs=14 prims=0 usPerPrim=17
[FT] avgMs=16 worstMs=49 gameMs=10 drawMs=6 swapWait=0ms draws=2 decodes=0 decMs=0
[OTS] f=282480 calls=2 n0=2048 n1=16 prims=696 bb=535,742,334,385
[OTT] walkUs=17 texUs=0 emitUs=0 submitUs=3 otherUs=13 prims=0 usPerPrim=17
[FT] avgMs=16 worstMs=57 gameMs=11 drawMs=5 swapWait=0ms draws=2 decodes=0 decMs=0
[OTS] f=282600 calls=2 n0=2048 n1=16 prims=696 bb=535,742,334,385
[OTT] walkUs=21 texUs=0 emitUs=0 submitUs=3 otherUs=17 prims=0 usPerPrim=21
[FT] avgMs=16 worstMs=49 gameMs=13 drawMs=3 swapWait=0ms draws=2 decodes=0 decMs=0
[OTS] f=282720 calls=2 n0=2048 n1=16 prims=696 bb=535,742,334,385
[OTT] walkUs=17 texUs=0 emitUs=0 submitUs=3 otherUs=14 prims=0 usPerPrim=17
[FT] avgMs=17 worstMs=56 gameMs=12 drawMs=4 swapWait=0ms draws=2 decodes=0 decMs=0
[OTS] f=282840 calls=2 n0=2048 n1=16 prims=708 bb=535,742,334,385
[OTT] walkUs=17 texUs=0 emitUs=0 submitUs=3 otherUs=14 prims=0 usPerPrim=17
[SH-XBOX] vblank 296400
[MEM] tick: free=2520KB (630 pages)
[FT] avgMs=17 worstMs=50 gameMs=13 drawMs=4 swapWait=0ms draws=2 decodes=0 decMs=0
[OTS] f=282960 calls=2 n0=2048 n1=16 prims=720 bb=535,742,334,385
[OTT] walkUs=17 texUs=0 emitUs=0 submitUs=3 otherUs=14 prims=0 usPerPrim=17
[FT] avgMs=16 worstMs=50 gameMs=11 drawMs=5 swapWait=0ms draws=2 decodes=0 decMs=0
[OTS] f=283080 calls=2 n0=2048 n1=16 prims=708 bb=535,742,334,385
[OTT] walkUs=17 texUs=0 emitUs=0 submitUs=2 otherUs=14 prims=0 usPerPrim=17
[FT] avgMs=16 worstMs=60 gameMs=11 drawMs=5 swapWait=0ms draws=2 decodes=0 decMs=0
[OTS] f=283200 calls=2 n0=2048 n1=16 prims=720 bb=535,742,334,385
[OTT] walkUs=17 texUs=0 emitUs=0 submitUs=3 otherUs=13 prims=0 usPerPrim=17
[FT] avgMs=16 worstMs=53 gameMs=11 drawMs=5 swapWait=0ms draws=2 decodes=0 decMs=0
[OTS] f=283320 calls=2 n0=2048 n1=16 prims=720 bb=535,742,334,385
[OTT] walkUs=17 texUs=0 emitUs=0 submitUs=3 otherUs=14 prims=0 usPerPrim=17
[FT] avgMs=16 worstMs=50 gameMs=10 drawMs=6 swapWait=0ms draws=2 decodes=0 decMs=0
[OTS] f=283440 calls=2 n0=2048 n1=28 prims=732 bb=535,742,334,385
[OTT] walkUs=77 texUs=3 emitUs=26 submitUs=14 otherUs=32 prims=6 usPerPrim=12
[SH-XBOX] vblank 297000
[MEM] tick: free=2520KB (630 pages)
[FT] avgMs=17 worstMs=59 gameMs=10 drawMs=7 swapWait=0ms draws=2 decodes=0 decMs=0
[OTS] f=283560 calls=2 n0=2048 n1=28 prims=768 bb=535,742,334,385
[OTT] walkUs=78 texUs=3 emitUs=29 submitUs=14 otherUs=31 prims=6 usPerPrim=13
[FT] avgMs=16 worstMs=52 gameMs=10 drawMs=6 swapWait=0ms draws=2 decodes=0 decMs=0
[OTS] f=283680 calls=2 n0=2048 n1=28 prims=744 bb=535,742,334,385
[OTT] walkUs=200 texUs=3 emitUs=26 submitUs=14 otherUs=155 prims=6 usPerPrim=33
[FT] avgMs=16 worstMs=59 gameMs=10 drawMs=6 swapWait=0ms draws=2 decodes=0 decMs=0
[OTS] f=283800 calls=2 n0=2048 n1=28 prims=744 bb=535,742,334,385
[OTT] walkUs=96 texUs=3 emitUs=25 submitUs=14 otherUs=53 prims=6 usPerPrim=16
[FT] avgMs=16 worstMs=56 gameMs=10 drawMs=6 swapWait=0ms draws=2 decodes=0 decMs=0
[OTS] f=283920 calls=2 n0=2048 n1=28 prims=744 bb=535,742,334,385
[OTT] walkUs=91 texUs=3 emitUs=30 submitUs=14 otherUs=42 prims=6 usPerPrim=15
[FT] avgMs=16 worstMs=52 gameMs=10 drawMs=6 swapWait=0ms draws=2 decodes=0 decMs=0
[OTS] f=284040 calls=2 n0=2048 n1=28 prims=744 bb=535,742,334,385
[OTT] walkUs=87 texUs=3 emitUs=26 submitUs=15 otherUs=42 prims=6 usPerPrim=14
[SH-XBOX] vblank 297600
[MEM] tick: free=2520KB (630 pages)
[FT] avgMs=16 worstMs=60 gameMs=11 drawMs=5 swapWait=0ms draws=2 decodes=0 decMs=0
[OTS] f=284160 calls=2 n0=2048 n1=28 prims=744 bb=535,742,334,385
[OTT] walkUs=185 texUs=3 emitUs=26 submitUs=15 otherUs=139 prims=6 usPerPrim=30
[FT] avgMs=16 worstMs=50 gameMs=13 drawMs=3 swapWait=0ms draws=2 decodes=0 decMs=0
[OTS] f=284280 calls=2 n0=2048 n1=28 prims=732 bb=535,742,334,385
[OTT] walkUs=216 texUs=3 emitUs=30 submitUs=16 otherUs=166 prims=6 usPerPrim=36
[FT] avgMs=16 worstMs=45 gameMs=12 drawMs=4 swapWait=0ms draws=2 decodes=0 decMs=0
[OTS] f=284400 calls=2 n0=2048 n1=28 prims=720 bb=535,742,334,385
[OTT] walkUs=259 texUs=3 emitUs=24 submitUs=199 otherUs=32 prims=6 usPerPrim=43
[FT] avgMs=16 worstMs=47 gameMs=13 drawMs=3 swapWait=0ms draws=2 decodes=0 decMs=0
[OTS] f=284520 calls=2 n0=2048 n1=28 prims=720 bb=535,742,334,385
[OTT] walkUs=521 texUs=3 emitUs=25 submitUs=144 otherUs=348 prims=6 usPerPrim=86
[FT] avgMs=16 worstMs=60 gameMs=11 drawMs=5 swapWait=0ms draws=2 decodes=0 decMs=0
[OTS] f=284640 calls=2 n0=2048 n1=28 prims=720 bb=535,742,334,385
[OTT] walkUs=236 texUs=3 emitUs=26 submitUs=16 otherUs=190 prims=6 usPerPrim=39
[SH-XBOX] vblank 298200
[MEM] tick: free=2520KB (630 pages)
[FT] avgMs=17 worstMs=60 gameMs=11 drawMs=5 swapWait=0ms draws=2 decodes=0 decMs=0
[OTS] f=284760 calls=2 n0=2048 n1=28 prims=720 bb=535,742,334,385
[OTT] walkUs=215 texUs=3 emitUs=26 submitUs=25 otherUs=159 prims=6 usPerPrim=35
[FT] avgMs=16 worstMs=50 gameMs=10 drawMs=6 swapWait=0ms draws=2 decodes=0 decMs=0
[OTS] f=284880 calls=2 n0=2048 n1=28 prims=720 bb=535,742,334,385
[OTT] walkUs=79 texUs=3 emitUs=24 submitUs=19 otherUs=31 prims=6 usPerPrim=13
[FT] avgMs=16 worstMs=59 gameMs=10 drawMs=6 swapWait=0ms draws=2 decodes=0 decMs=0
[OTS] f=285000 calls=2 n0=2048 n1=16 prims=708 bb=535,742,334,385
[OTT] walkUs=17 texUs=0 emitUs=0 submitUs=3 otherUs=13 prims=0 usPerPrim=17
[FT] avgMs=16 worstMs=52 gameMs=9 drawMs=6 swapWait=0ms draws=2 decodes=0 decMs=0
[OTS] f=285120 calls=2 n0=2048 n1=16 prims=696 bb=535,742,334,385
[OTT] walkUs=17 texUs=0 emitUs=0 submitUs=3 otherUs=14 prims=0 usPerPrim=17
[FT] avgMs=17 worstMs=63 gameMs=10 drawMs=6 swapWait=0ms draws=2 decodes=0 decMs=0
[OTS] f=285240 calls=2 n0=2048 n1=16 prims=672 bb=535,742,334,385
[OTT] walkUs=17 texUs=0 emitUs=0 submitUs=3 otherUs=14 prims=0 usPerPrim=17
[SH-XBOX] vblank 298800
[MEM] tick: free=2520KB (630 pages)
[FT] avgMs=17 worstMs=60 gameMs=11 drawMs=6 swapWait=0ms draws=2 decodes=0 decMs=0
[OTS] f=285360 calls=2 n0=2048 n1=16 prims=660 bb=535,742,334,385
[OTT] walkUs=17 texUs=0 emitUs=0 submitUs=3 otherUs=14 prims=0 usPerPrim=17
[FT] avgMs=16 worstMs=52 gameMs=10 drawMs=6 swapWait=0ms draws=2 decodes=0 decMs=0
[OTS] f=285480 calls=2 n0=2048 n1=16 prims=696 bb=535,742,334,385
[OTT] walkUs=17 texUs=0 emitUs=0 submitUs=4 otherUs=13 prims=0 usPerPrim=17
[FT] avgMs=17 worstMs=61 gameMs=10 drawMs=6 swapWait=0ms draws=2 decodes=0 decMs=0
[OTS] f=285600 calls=2 n0=2048 n1=16 prims=696 bb=535,742,334,385
[OTT] walkUs=17 texUs=0 emitUs=0 submitUs=3 otherUs=13 prims=0 usPerPrim=17
[FT] avgMs=17 worstMs=62 gameMs=11 drawMs=5 swapWait=0ms draws=2 decodes=0 decMs=0
[OTS] f=285720 calls=2 n0=2048 n1=16 prims=708 bb=535,742,334,385
[OTT] walkUs=17 texUs=0 emitUs=0 submitUs=3 otherUs=14 prims=0 usPerPrim=17
[FT] avgMs=16 worstMs=46 gameMs=13 drawMs=3 swapWait=0ms draws=2 decodes=0 decMs=0
[OTS] f=285840 calls=2 n0=2048 n1=16 prims=720 bb=535,742,334,385
[OTT] walkUs=17 texUs=0 emitUs=0 submitUs=3 otherUs=13 prims=0 usPerPrim=17
[SH-XBOX] vblank 299400
[MEM] tick: free=2520KB (630 pages)
[FT] avgMs=17 worstMs=49 gameMs=12 drawMs=4 swapWait=0ms draws=2 decodes=0 decMs=0
[OTS] f=285960 calls=2 n0=2048 n1=16 prims=720 bb=535,742,334,385
[OTT] walkUs=17 texUs=0 emitUs=0 submitUs=3 otherUs=13 prims=0 usPerPrim=17
[FT] avgMs=16 worstMs=55 gameMs=13 drawMs=3 swapWait=0ms draws=2 decodes=0 decMs=0
[OTS] f=286080 calls=2 n0=2048 n1=16 prims=720 bb=535,742,334,385
[OTT] walkUs=17 texUs=0 emitUs=0 submitUs=3 otherUs=14 prims=0 usPerPrim=17
[FT] avgMs=16 worstMs=54 gameMs=11 drawMs=5 swapWait=0ms draws=2 decodes=0 decMs=0
[OTS] f=286200 calls=2 n0=2048 n1=16 prims=720 bb=535,742,334,385
[OTT] walkUs=17 texUs=0 emitUs=0 submitUs=3 otherUs=14 prims=0 usPerPrim=17
[FT] avgMs=16 worstMs=22 gameMs=10 drawMs=5 swapWait=0ms draws=2 decodes=0 decMs=0
[OTS] f=286320 calls=2 n0=2048 n1=16 prims=720 bb=535,742,334,385
[OTT] walkUs=17 texUs=0 emitUs=0 submitUs=3 otherUs=14 prims=0 usPerPrim=17
[FT] avgMs=16 worstMs=56 gameMs=10 drawMs=5 swapWait=0ms draws=2 decodes=0 decMs=0
[OTS] f=286440 calls=2 n0=2048 n1=28 prims=744 bb=535,742,334,385
[OTT] walkUs=169 texUs=3 emitUs=26 submitUs=15 otherUs=124 prims=6 usPerPrim=28
[SH-XBOX] vblank 300000
[MEM] tick: free=2520KB (630 pages)
[FT] avgMs=17 worstMs=53 gameMs=10 drawMs=6 swapWait=0ms draws=2 decodes=0 decMs=0
[OTS] f=286560 calls=2 n0=2048 n1=28 prims=768 bb=535,742,334,385
[OTT] walkUs=215 texUs=3 emitUs=26 submitUs=15 otherUs=170 prims=6 usPerPrim=35
[FT] avgMs=17 worstMs=63 gameMs=10 drawMs=7 swapWait=0ms draws=2 decodes=0 decMs=0
[OTS] f=286680 calls=2 n0=2048 n1=28 prims=756 bb=535,742,334,385
[OTT] walkUs=180 texUs=3 emitUs=25 submitUs=14 otherUs=136 prims=6 usPerPrim=30
[FT] avgMs=16 worstMs=48 gameMs=10 drawMs=6 swapWait=0ms draws=2 decodes=0 decMs=0
[OTS] f=286800 calls=2 n0=2048 n1=28 prims=744 bb=535,742,334,385
[OTT] walkUs=202 texUs=3 emitUs=26 submitUs=14 otherUs=158 prims=6 usPerPrim=33
[FT] avgMs=16 worstMs=55 gameMs=10 drawMs=6 swapWait=0ms draws=2 decodes=0 decMs=0
[OTS] f=286920 calls=2 n0=2048 n1=28 prims=744 bb=535,742,334,385
[OTT] walkUs=214 texUs=3 emitUs=26 submitUs=14 otherUs=169 prims=6 usPerPrim=35
[FT] avgMs=16 worstMs=53 gameMs=10 drawMs=6 swapWait=0ms draws=2 decodes=0 decMs=0
[OTS] f=287040 calls=2 n0=2048 n1=28 prims=732 bb=535,742,334,385
[OTT] walkUs=224 texUs=3 emitUs=26 submitUs=15 otherUs=179 prims=6 usPerPrim=37
[SH-XBOX] vblank 300600
[MEM] tick: free=2520KB (630 pages)
[FT] avgMs=17 worstMs=61 gameMs=11 drawMs=6 swapWait=0ms draws=2 decodes=0 decMs=0
[OTS] f=287160 calls=2 n0=2048 n1=28 prims=744 bb=535,742,334,385
[OTT] walkUs=93 texUs=3 emitUs=24 submitUs=32 otherUs=33 prims=6 usPerPrim=15
[FT] avgMs=16 worstMs=51 gameMs=11 drawMs=5 swapWait=0ms draws=2 decodes=0 decMs=0
[OTS] f=287280 calls=2 n0=2048 n1=28 prims=720 bb=535,742,334,385
[OTT] walkUs=79 texUs=3 emitUs=26 submitUs=17 otherUs=31 prims=6 usPerPrim=13
[FT] avgMs=16 worstMs=52 gameMs=13 drawMs=3 swapWait=0ms draws=2 decodes=0 decMs=0
[OTS] f=287400 calls=2 n0=2048 n1=28 prims=720 bb=535,742,334,385
[OTT] walkUs=76 texUs=3 emitUs=26 submitUs=15 otherUs=31 prims=6 usPerPrim=12
[FT] avgMs=16 worstMs=48 gameMs=12 drawMs=4 swapWait=0ms draws=2 decodes=0 decMs=0
[OTS] f=287520 calls=2 n0=2048 n1=28 prims=720 bb=535,742,334,385
[OTT] walkUs=260 texUs=2 emitUs=26 submitUs=24 otherUs=206 prims=6 usPerPrim=43
[FT] avgMs=16 worstMs=55 gameMs=13 drawMs=3 swapWait=0ms draws=2 decodes=0 decMs=0
[OTS] f=287640 calls=2 n0=2048 n1=28 prims=720 bb=535,742,334,385
[OTT] walkUs=246 texUs=3 emitUs=26 submitUs=185 otherUs=32 prims=6 usPerPrim=41
[SH-XBOX] vblank 301200
[MEM] tick: free=2520KB (630 pages)
[FT] avgMs=17 worstMs=59 gameMs=11 drawMs=5 swapWait=1ms draws=2 decodes=0 decMs=0
[OTS] f=287760 calls=2 n0=2048 n1=16 prims=684 bb=535,742,334,385
[OTT] walkUs=17 texUs=0 emitUs=0 submitUs=3 otherUs=14 prims=0 usPerPrim=17
[FT] avgMs=16 worstMs=51 gameMs=11 drawMs=5 swapWait=0ms draws=2 decodes=0 decMs=0
[OTS] f=287880 calls=2 n0=2048 n1=16 prims=696 bb=535,742,334,385
[OTT] walkUs=17 texUs=0 emitUs=0 submitUs=2 otherUs=14 prims=0 usPerPrim=17
[FT] avgMs=16 worstMs=59 gameMs=10 drawMs=6 swapWait=0ms draws=2 decodes=0 decMs=0
[OTS] f=288000 calls=2 n0=2048 n1=16 prims=696 bb=535,742,334,385
[OTT] walkUs=17 texUs=0 emitUs=0 submitUs=2 otherUs=14 prims=0 usPerPrim=17
[FT] avgMs=17 worstMs=58 gameMs=10 drawMs=6 swapWait=0ms draws=2 decodes=0 decMs=0
[OTS] f=288120 calls=2 n0=2048 n1=16 prims=684 bb=535,742,334,385
[OTT] walkUs=17 texUs=0 emitUs=0 submitUs=3 otherUs=14 prims=0 usPerPrim=17
[FT] avgMs=17 worstMs=89 gameMs=10 drawMs=6 swapWait=0ms draws=2 decodes=0 decMs=0
[OTS] f=288240 calls=2 n0=2048 n1=16 prims=672 bb=535,742,334,385
[OTT] walkUs=17 texUs=0 emitUs=0 submitUs=3 otherUs=14 prims=0 usPerPrim=17
[SH-XBOX] vblank 301800
[MEM] tick: free=2520KB (630 pages)
[FT] avgMs=16 worstMs=56 gameMs=10 drawMs=6 swapWait=0ms draws=2 decodes=0 decMs=0
[OTS] f=288360 calls=2 n0=2048 n1=16 prims=696 bb=535,742,334,385
[OTT] walkUs=17 texUs=0 emitUs=0 submitUs=2 otherUs=14 prims=0 usPerPrim=17
[FT] avgMs=16 worstMs=50 gameMs=10 drawMs=6 swapWait=0ms draws=2 decodes=0 decMs=0
[OTS] f=288480 calls=2 n0=2048 n1=16 prims=708 bb=535,742,334,385
[OTT] walkUs=17 texUs=0 emitUs=0 submitUs=3 otherUs=14 prims=0 usPerPrim=17
[FT] avgMs=17 worstMs=62 gameMs=11 drawMs=6 swapWait=0ms draws=2 decodes=0 decMs=0
[OTS] f=288600 calls=2 n0=2048 n1=16 prims=720 bb=535,742,334,385
[OTT] walkUs=17 texUs=0 emitUs=0 submitUs=3 otherUs=13 prims=0 usPerPrim=17
[FT] avgMs=16 worstMs=49 gameMs=10 drawMs=6 swapWait=0ms draws=2 decodes=0 decMs=0
[OTS] f=288720 calls=2 n0=2048 n1=16 prims=720 bb=535,742,334,385
[OTT] walkUs=17 texUs=0 emitUs=0 submitUs=3 otherUs=14 prims=0 usPerPrim=17
[FT] avgMs=17 worstMs=59 gameMs=11 drawMs=5 swapWait=0ms draws=2 decodes=0 decMs=0
[OTS] f=288840 calls=2 n0=2048 n1=16 prims=720 bb=535,742,334,385
[OTT] walkUs=17 texUs=0 emitUs=0 submitUs=3 otherUs=13 prims=0 usPerPrim=17
[SH-XBOX] vblank 302400
[MEM] tick: free=2520KB (630 pages)
[FT] avgMs=17 worstMs=57 gameMs=13 drawMs=3 swapWait=0ms draws=2 decodes=0 decMs=0
[OTS] f=288960 calls=2 n0=2048 n1=16 prims=720 bb=535,742,334,385
[OTT] walkUs=17 texUs=0 emitUs=0 submitUs=3 otherUs=14 prims=0 usPerPrim=17
[FT] avgMs=16 worstMs=50 gameMs=12 drawMs=4 swapWait=0ms draws=2 decodes=0 decMs=0
[OTS] f=289080 calls=2 n0=2048 n1=28 prims=756 bb=535,742,334,385
[OTT] walkUs=76 texUs=2 emitUs=25 submitUs=15 otherUs=32 prims=6 usPerPrim=12
[FT] avgMs=16 worstMs=45 gameMs=13 drawMs=3 swapWait=0ms draws=2 decodes=0 decMs=0
[OTS] f=289200 calls=2 n0=2048 n1=28 prims=732 bb=535,742,334,385
[OTT] walkUs=78 texUs=3 emitUs=26 submitUs=15 otherUs=32 prims=6 usPerPrim=13
[FT] avgMs=16 worstMs=52 gameMs=11 drawMs=5 swapWait=0ms draws=2 decodes=0 decMs=0
[OTS] f=289320 calls=2 n0=2048 n1=28 prims=744 bb=535,742,334,385
[OTT] walkUs=79 texUs=3 emitUs=25 submitUs=15 otherUs=34 prims=6 usPerPrim=13
[FT] avgMs=16 worstMs=60 gameMs=11 drawMs=5 swapWait=1ms draws=2 decodes=0 decMs=0
[OTS] f=289440 calls=2 n0=2048 n1=28 prims=744 bb=535,742,334,385
[OTT] walkUs=168 texUs=3 emitUs=26 submitUs=103 otherUs=35 prims=6 usPerPrim=28
[SH-XBOX] vblank 303000
[MEM] tick: free=2520KB (630 pages)
[FT] avgMs=17 worstMs=54 gameMs=11 drawMs=6 swapWait=0ms draws=2 decodes=0 decMs=0
[OTS] f=289560 calls=2 n0=2048 n1=28 prims=768 bb=535,742,334,385
[OTT] walkUs=184 texUs=3 emitUs=24 submitUs=22 otherUs=134 prims=6 usPerPrim=30
[FT] avgMs=16 worstMs=50 gameMs=10 drawMs=6 swapWait=0ms draws=2 decodes=0 decMs=0
[OTS] f=289680 calls=2 n0=2048 n1=28 prims=744 bb=535,742,334,385
[OTT] walkUs=147 texUs=3 emitUs=26 submitUs=15 otherUs=101 prims=6 usPerPrim=24
[FT] avgMs=17 worstMs=61 gameMs=10 drawMs=7 swapWait=0ms draws=2 decodes=0 decMs=0
[OTS] f=289800 calls=2 n0=2048 n1=28 prims=744 bb=535,742,334,385
[OTT] walkUs=88 texUs=3 emitUs=31 submitUs=15 otherUs=38 prims=6 usPerPrim=14
[FT] avgMs=17 worstMs=60 gameMs=10 drawMs=6 swapWait=0ms draws=2 decodes=0 decMs=0
[OTS] f=289920 calls=2 n0=2048 n1=28 prims=732 bb=535,742,334,385
[OTT] walkUs=79 texUs=3 emitUs=26 submitUs=15 otherUs=33 prims=6 usPerPrim=13
[FT] avgMs=16 worstMs=54 gameMs=10 drawMs=6 swapWait=0ms draws=2 decodes=0 decMs=0
[OTS] f=290040 calls=2 n0=2048 n1=28 prims=720 bb=535,742,334,385
[OTT] walkUs=174 texUs=3 emitUs=26 submitUs=14 otherUs=130 prims=6 usPerPrim=29
[SH-XBOX] vblank 303600
[MEM] tick: free=2520KB (630 pages)
[FT] avgMs=17 worstMs=59 gameMs=11 drawMs=6 swapWait=0ms draws=2 decodes=0 decMs=0
[OTS] f=290160 calls=2 n0=2048 n1=28 prims=720 bb=535,742,334,385
[OTT] walkUs=230 texUs=3 emitUs=25 submitUs=13 otherUs=188 prims=6 usPerPrim=38
[FT] avgMs=16 worstMs=58 gameMs=10 drawMs=6 swapWait=0ms draws=2 decodes=0 decMs=0
[OTS] f=290280 calls=2 n0=2048 n1=28 prims=720 bb=535,742,334,385
[OTT] walkUs=112 texUs=3 emitUs=26 submitUs=15 otherUs=67 prims=6 usPerPrim=18
[FT] avgMs=16 worstMs=20 gameMs=11 drawMs=5 swapWait=0ms draws=2 decodes=0 decMs=0
[OTS] f=290400 calls=2 n0=2048 n1=28 prims=720 bb=535,742,334,385
[OTT] walkUs=242 texUs=3 emitUs=24 submitUs=16 otherUs=197 prims=6 usPerPrim=40
[FT] avgMs=16 worstMs=57 gameMs=13 drawMs=3 swapWait=0ms draws=2 decodes=0 decMs=0
[OTS] f=290520 calls=2 n0=2048 n1=28 prims=720 bb=535,742,334,385
[OTT] walkUs=169 texUs=3 emitUs=26 submitUs=17 otherUs=122 prims=6 usPerPrim=28
[FT] avgMs=16 worstMs=52 gameMs=12 drawMs=4 swapWait=0ms draws=2 decodes=0 decMs=0
[OTS] f=290640 calls=2 n0=2048 n1=16 prims=696 bb=535,742,334,385
[OTT] walkUs=17 texUs=0 emitUs=0 submitUs=2 otherUs=14 prims=0 usPerPrim=17
[SH-XBOX] vblank 304200
[MEM] tick: free=2520KB (630 pages)
[FT] avgMs=17 worstMs=48 gameMs=13 drawMs=3 swapWait=1ms draws=2 decodes=0 decMs=0
[OTS] f=290760 calls=2 n0=2048 n1=16 prims=684 bb=535,742,334,385
[OTT] walkUs=18 texUs=0 emitUs=0 submitUs=3 otherUs=14 prims=0 usPerPrim=18
[FT] avgMs=16 worstMs=48 gameMs=10 drawMs=6 swapWait=0ms draws=2 decodes=0 decMs=0
[OTS] f=290880 calls=2 n0=2048 n1=16 prims=696 bb=535,742,334,385
[OTT] walkUs=17 texUs=0 emitUs=0 submitUs=4 otherUs=13 prims=0 usPerPrim=17
[FT] avgMs=16 worstMs=47 gameMs=11 drawMs=5 swapWait=1ms draws=2 decodes=0 decMs=0
[OTS] f=291000 calls=2 n0=2048 n1=16 prims=684 bb=535,742,334,385
[OTT] walkUs=17 texUs=0 emitUs=0 submitUs=3 otherUs=14 prims=0 usPerPrim=17
[FT] avgMs=16 worstMs=56 gameMs=11 drawMs=5 swapWait=0ms draws=2 decodes=0 decMs=0
[OTS] f=291120 calls=2 n0=2048 n1=16 prims=684 bb=535,742,334,385
[OTT] walkUs=17 texUs=0 emitUs=0 submitUs=3 otherUs=14 prims=0 usPerPrim=17
[FT] avgMs=16 worstMs=53 gameMs=10 drawMs=6 swapWait=0ms draws=2 decodes=0 decMs=0
[OTS] f=291240 calls=2 n0=2048 n1=16 prims=696 bb=535,742,334,385
[OTT] walkUs=17 texUs=0 emitUs=0 submitUs=3 otherUs=13 prims=0 usPerPrim=17
[SH-XBOX] vblank 304800
[MEM] tick: free=2520KB (630 pages)
[FT] avgMs=17 worstMs=64 gameMs=10 drawMs=7 swapWait=0ms draws=2 decodes=0 decMs=0
[OTS] f=291360 calls=2 n0=2048 n1=16 prims=684 bb=535,742,334,385
[OTT] walkUs=17 texUs=0 emitUs=0 submitUs=3 otherUs=14 prims=0 usPerPrim=17
[FT] avgMs=16 worstMs=46 gameMs=10 drawMs=6 swapWait=0ms draws=2 decodes=0 decMs=0
[OTS] f=291480 calls=2 n0=2048 n1=16 prims=720 bb=535,742,334,385
[OTT] walkUs=17 texUs=0 emitUs=0 submitUs=3 otherUs=14 prims=0 usPerPrim=17
[FT] avgMs=16 worstMs=58 gameMs=10 drawMs=6 swapWait=1ms draws=2 decodes=0 decMs=0
[OTS] f=291600 calls=2 n0=2048 n1=16 prims=720 bb=535,742,334,385
[OTT] walkUs=17 texUs=0 emitUs=0 submitUs=3 otherUs=14 prims=0 usPerPrim=17
[FT] avgMs=16 worstMs=51 gameMs=10 drawMs=6 swapWait=0ms draws=2 decodes=0 decMs=0
[OTS] f=291720 calls=2 n0=2048 n1=16 prims=720 bb=535,742,334,385
[OTT] walkUs=17 texUs=0 emitUs=0 submitUs=3 otherUs=13 prims=0 usPerPrim=17
[FT] avgMs=17 worstMs=65 gameMs=11 drawMs=5 swapWait=0ms draws=2 decodes=0 decMs=0
[OTS] f=291840 calls=2 n0=2048 n1=16 prims=720 bb=535,742,334,385
[OTT] walkUs=17 texUs=0 emitUs=0 submitUs=3 otherUs=13 prims=0 usPerPrim=17
[SH-XBOX] vblank 305400
[MEM] tick: free=2520KB (630 pages)
[FT] avgMs=17 worstMs=52 gameMs=12 drawMs=5 swapWait=0ms draws=2 decodes=0 decMs=0
[OTS] f=291960 calls=2 n0=2048 n1=28 prims=744 bb=535,742,334,385
[OTT] walkUs=139 texUs=2 emitUs=25 submitUs=202 otherUs=0 prims=6 usPerPrim=23
[FT] avgMs=16 worstMs=53 gameMs=13 drawMs=3 swapWait=0ms draws=2 decodes=0 decMs=0
[OTS] f=292080 calls=2 n0=2048 n1=28 prims=756 bb=535,742,334,385
[OTT] walkUs=93 texUs=3 emitUs=26 submitUs=15 otherUs=47 prims=6 usPerPrim=15
[FT] avgMs=16 worstMs=48 gameMs=11 drawMs=5 swapWait=0ms draws=2 decodes=0 decMs=0
[OTS] f=292200 calls=2 n0=2048 n1=28 prims=744 bb=535,742,334,385
[OTT] walkUs=203 texUs=3 emitUs=29 submitUs=16 otherUs=154 prims=6 usPerPrim=33
[FT] avgMs=16 worstMs=56 gameMs=13 drawMs=3 swapWait=0ms draws=2 decodes=0 decMs=0
[OTS] f=292320 calls=2 n0=2048 n1=28 prims=744 bb=535,742,334,385
[OTT] walkUs=213 texUs=3 emitUs=26 submitUs=14 otherUs=168 prims=6 usPerPrim=35
[FT] avgMs=16 worstMs=23 gameMs=10 drawMs=6 swapWait=1ms draws=2 decodes=0 decMs=0
[OTS] f=292440 calls=2 n0=2048 n1=28 prims=720 bb=535,742,334,385
[OTT] walkUs=151 texUs=3 emitUs=24 submitUs=45 otherUs=78 prims=6 usPerPrim=25
[SH-XBOX] vblank 306000
[MEM] tick: free=2520KB (630 pages)
[FT] avgMs=17 worstMs=62 gameMs=11 drawMs=5 swapWait=0ms draws=2 decodes=0 decMs=0
[OTS] f=292560 calls=2 n0=2048 n1=28 prims=780 bb=535,742,334,385
[OTT] walkUs=161 texUs=3 emitUs=25 submitUs=100 otherUs=31 prims=6 usPerPrim=26
[FT] avgMs=16 worstMs=56 gameMs=11 drawMs=5 swapWait=0ms draws=2 decodes=0 decMs=0
[OTS] f=292680 calls=2 n0=2048 n1=28 prims=744 bb=535,742,334,385
[OTT] walkUs=332 texUs=3 emitUs=26 submitUs=19 otherUs=282 prims=6 usPerPrim=55
[FT] avgMs=17 worstMs=61 gameMs=10 drawMs=6 swapWait=0ms draws=2 decodes=0 decMs=0
[OTS] f=292800 calls=2 n0=2048 n1=28 prims=732 bb=535,742,334,385
[OTT] walkUs=76 texUs=3 emitUs=26 submitUs=14 otherUs=32 prims=6 usPerPrim=12
[FT] avgMs=16 worstMs=49 gameMs=10 drawMs=6 swapWait=0ms draws=2 decodes=0 decMs=0
[OTS] f=292920 calls=2 n0=2048 n1=28 prims=708 bb=535,742,334,385
[OTT] walkUs=78 texUs=3 emitUs=24 submitUs=17 otherUs=32 prims=6 usPerPrim=13
[FT] avgMs=16 worstMs=55 gameMs=10 drawMs=6 swapWait=0ms draws=2 decodes=0 decMs=0
[OTS] f=293040 calls=2 n0=2048 n1=28 prims=720 bb=535,742,334,385
[OTT] walkUs=146 texUs=3 emitUs=25 submitUs=15 otherUs=102 prims=6 usPerPrim=24
[SH-XBOX] vblank 306600
[MEM] tick: free=2520KB (630 pages)
[FT] avgMs=17 worstMs=51 gameMs=11 drawMs=6 swapWait=0ms draws=2 decodes=0 decMs=0
[OTS] f=293160 calls=2 n0=2048 n1=28 prims=720 bb=535,742,334,385
[OTT] walkUs=80 texUs=3 emitUs=26 submitUs=15 otherUs=35 prims=6 usPerPrim=13
[FT] avgMs=16 worstMs=59 gameMs=10 drawMs=6 swapWait=0ms draws=2 decodes=0 decMs=0
[OTS] f=293280 calls=2 n0=2048 n1=28 prims=720 bb=535,742,334,385
[OTT] walkUs=76 texUs=3 emitUs=27 submitUs=14 otherUs=32 prims=6 usPerPrim=12
[FT] avgMs=16 worstMs=56 gameMs=11 drawMs=5 swapWait=0ms draws=2 decodes=0 decMs=0
[OTS] f=293400 calls=2 n0=2048 n1=16 prims=696 bb=535,742,334,385
[OTT] walkUs=17 texUs=0 emitUs=0 submitUs=3 otherUs=14 prims=0 usPerPrim=17
[FT] avgMs=16 worstMs=49 gameMs=11 drawMs=4 swapWait=0ms draws=2 decodes=0 decMs=0
[OTS] f=293520 calls=2 n0=2048 n1=16 prims=696 bb=535,742,334,385
[OTT] walkUs=17 texUs=0 emitUs=0 submitUs=3 otherUs=14 prims=0 usPerPrim=17
[FT] avgMs=16 worstMs=54 gameMs=13 drawMs=3 swapWait=0ms draws=2 decodes=0 decMs=0
[OTS] f=293640 calls=2 n0=2048 n1=16 prims=696 bb=535,742,334,385
[OTT] walkUs=17 texUs=0 emitUs=0 submitUs=3 otherUs=14 prims=0 usPerPrim=17
[SH-XBOX] vblank 307200
[MEM] tick: free=2520KB (630 pages)
[FT] avgMs=17 worstMs=51 gameMs=12 drawMs=5 swapWait=0ms draws=2 decodes=0 decMs=0
[OTS] f=293760 calls=2 n0=2048 n1=16 prims=672 bb=535,742,334,385
[OTT] walkUs=17 texUs=0 emitUs=0 submitUs=2 otherUs=14 prims=0 usPerPrim=17
[FT] avgMs=16 worstMs=45 gameMs=13 drawMs=3 swapWait=0ms draws=2 decodes=0 decMs=0
[OTS] f=293880 calls=2 n0=2048 n1=16 prims=708 bb=535,742,334,385
[OTT] walkUs=17 texUs=0 emitUs=0 submitUs=4 otherUs=12 prims=0 usPerPrim=17
[FT] avgMs=16 worstMs=54 gameMs=10 drawMs=6 swapWait=0ms draws=2 decodes=0 decMs=0
[OTS] f=294000 calls=2 n0=2048 n1=16 prims=684 bb=535,742,334,385
[OTT] walkUs=17 texUs=0 emitUs=0 submitUs=3 otherUs=13 prims=0 usPerPrim=17
[FT] avgMs=16 worstMs=57 gameMs=11 drawMs=5 swapWait=0ms draws=2 decodes=0 decMs=0
[OTS] f=294120 calls=2 n0=2048 n1=16 prims=696 bb=535,742,334,385
[OTT] walkUs=17 texUs=0 emitUs=0 submitUs=3 otherUs=13 prims=0 usPerPrim=17
[FT] avgMs=16 worstMs=55 gameMs=11 drawMs=5 swapWait=0ms draws=2 decodes=0 decMs=0
[OTS] f=294240 calls=2 n0=2048 n1=16 prims=708 bb=535,742,334,385
[OTT] walkUs=17 texUs=0 emitUs=0 submitUs=3 otherUs=14 prims=0 usPerPrim=17
[SH-XBOX] vblank 307800
[MEM] tick: free=2520KB (630 pages)
[FT] avgMs=17 worstMs=62 gameMs=10 drawMs=6 swapWait=0ms draws=2 decodes=0 decMs=0
[OTS] f=294360 calls=2 n0=2048 n1=16 prims=720 bb=535,742,334,385
[OTT] walkUs=17 texUs=0 emitUs=0 submitUs=3 otherUs=14 prims=0 usPerPrim=17
[FT] avgMs=16 worstMs=50 gameMs=10 drawMs=6 swapWait=0ms draws=2 decodes=0 decMs=0
[OTS] f=294480 calls=2 n0=2048 n1=16 prims=720 bb=535,742,334,385
[OTT] walkUs=17 texUs=0 emitUs=0 submitUs=3 otherUs=14 prims=0 usPerPrim=17
[FT] avgMs=16 worstMs=22 gameMs=10 drawMs=6 swapWait=0ms draws=2 decodes=0 decMs=0
[OTS] f=294600 calls=2 n0=2048 n1=16 prims=720 bb=535,742,334,385
[OTT] walkUs=17 texUs=0 emitUs=0 submitUs=12 otherUs=5 prims=0 usPerPrim=17
[FT] avgMs=16 worstMs=54 gameMs=10 drawMs=6 swapWait=0ms draws=2 decodes=0 decMs=0
[OTS] f=294720 calls=2 n0=2048 n1=16 prims=720 bb=535,742,334,385
[OTT] walkUs=17 texUs=0 emitUs=0 submitUs=3 otherUs=14 prims=0 usPerPrim=17
[FT] avgMs=16 worstMs=45 gameMs=10 drawMs=6 swapWait=0ms draws=2 decodes=0 decMs=0
[OTS] f=294840 calls=2 n0=2048 n1=16 prims=720 bb=535,742,334,385
[OTT] walkUs=17 texUs=0 emitUs=0 submitUs=3 otherUs=14 prims=0 usPerPrim=17
[SH-XBOX] vblank 308400
[MEM] tick: free=2520KB (630 pages)
[FT] avgMs=17 worstMs=56 gameMs=11 drawMs=5 swapWait=0ms draws=2 decodes=0 decMs=0
[OTS] f=294960 calls=2 n0=2048 n1=28 prims=768 bb=535,742,334,385
[OTT] walkUs=143 texUs=6 emitUs=26 submitUs=14 otherUs=95 prims=6 usPerPrim=23
[FT] avgMs=16 worstMs=51 gameMs=12 drawMs=4 swapWait=0ms draws=2 decodes=0 decMs=0
[OTS] f=295080 calls=2 n0=2048 n1=28 prims=744 bb=535,742,334,385
[OTT] walkUs=73 texUs=3 emitUs=24 submitUs=14 otherUs=30 prims=6 usPerPrim=12
[FT] avgMs=16 worstMs=55 gameMs=13 drawMs=3 swapWait=0ms draws=2 decodes=0 decMs=0
[OTS] f=295200 calls=2 n0=2048 n1=28 prims=744 bb=535,742,334,385
[OTT] walkUs=84 texUs=3 emitUs=25 submitUs=22 otherUs=32 prims=6 usPerPrim=14
[FT] avgMs=16 worstMs=55 gameMs=11 drawMs=5 swapWait=0ms draws=2 decodes=0 decMs=0
[OTS] f=295320 calls=2 n0=2048 n1=28 prims=744 bb=535,742,334,385
[OTT] walkUs=77 texUs=3 emitUs=26 submitUs=16 otherUs=31 prims=6 usPerPrim=12
[FT] avgMs=16 worstMs=47 gameMs=13 drawMs=3 swapWait=0ms draws=2 decodes=0 decMs=0
[OTS] f=295440 calls=2 n0=2048 n1=28 prims=732 bb=535,742,334,385
[OTT] walkUs=80 texUs=3 emitUs=30 submitUs=21 otherUs=25 prims=6 usPerPrim=13
[SH-XBOX] vblank 309000
[MEM] tick: free=2520KB (630 pages)
[FT] avgMs=17 worstMs=52 gameMs=10 drawMs=6 swapWait=0ms draws=2 decodes=0 decMs=0
[OTS] f=295560 calls=2 n0=2048 n1=28 prims=768 bb=535,742,334,385
[OTT] walkUs=103 texUs=3 emitUs=26 submitUs=14 otherUs=60 prims=6 usPerPrim=17
[FT] avgMs=16 worstMs=56 gameMs=11 drawMs=5 swapWait=0ms draws=2 decodes=0 decMs=0
[OTS] f=295680 calls=2 n0=2048 n1=28 prims=744 bb=535,742,334,385
[OTT] walkUs=80 texUs=3 emitUs=28 submitUs=15 otherUs=33 prims=6 usPerPrim=13
[FT] avgMs=16 worstMs=54 gameMs=11 drawMs=5 swapWait=0ms draws=2 decodes=0 decMs=0
[OTS] f=295800 calls=2 n0=2048 n1=28 prims=732 bb=535,742,334,385
[OTT] walkUs=132 texUs=3 emitUs=26 submitUs=15 otherUs=87 prims=6 usPerPrim=22
[FT] avgMs=16 worstMs=50 gameMs=10 drawMs=6 swapWait=0ms draws=2 decodes=0 decMs=0
[OTS] f=295920 calls=2 n0=2048 n1=28 prims=732 bb=535,742,334,385
[OTT] walkUs=75 texUs=3 emitUs=25 submitUs=293 otherUs=0 prims=6 usPerPrim=12
[FT] avgMs=17 worstMs=62 gameMs=10 drawMs=6 swapWait=0ms draws=2 decodes=0 decMs=0
[OTS] f=296040 calls=2 n0=2048 n1=28 prims=720 bb=535,742,334,385
[OTT] walkUs=197 texUs=3 emitUs=26 submitUs=14 otherUs=152 prims=6 usPerPrim=32
[SH-XBOX] vblank 309600
[MEM] tick: free=2520KB (630 pages)
[FT] avgMs=17 worstMs=59 gameMs=10 drawMs=6 swapWait=0ms draws=2 decodes=0 decMs=0
[OTS] f=296160 calls=2 n0=2048 n1=28 prims=720 bb=535,742,334,385
[OTT] walkUs=202 texUs=3 emitUs=26 submitUs=14 otherUs=158 prims=6 usPerPrim=33
[FT] avgMs=16 worstMs=47 gameMs=10 drawMs=6 swapWait=0ms draws=2 decodes=0 decMs=0
[OTS] f=296280 calls=2 n0=2048 n1=16 prims=696 bb=535,742,334,385
[OTT] walkUs=17 texUs=0 emitUs=0 submitUs=3 otherUs=13 prims=0 usPerPrim=17
[FT] avgMs=16 worstMs=55 gameMs=10 drawMs=6 swapWait=0ms draws=2 decodes=0 decMs=0
[OTS] f=296400 calls=2 n0=2048 n1=16 prims=696 bb=535,742,334,385
[OTT] walkUs=17 texUs=0 emitUs=0 submitUs=3 otherUs=14 prims=0 usPerPrim=17
[FT] avgMs=17 worstMs=90 gameMs=11 drawMs=5 swapWait=0ms draws=2 decodes=0 decMs=0
[OTS] f=296520 calls=2 n0=2048 n1=16 prims=672 bb=535,742,334,385
[OTT] walkUs=17 texUs=0 emitUs=0 submitUs=3 otherUs=14 prims=0 usPerPrim=17
[FT] avgMs=16 worstMs=19 gameMs=11 drawMs=4 swapWait=0ms draws=2 decodes=0 decMs=0
[OTS] f=296640 calls=2 n0=2048 n1=16 prims=720 bb=535,742,334,385
[OTT] walkUs=17 texUs=0 emitUs=0 submitUs=3 otherUs=13 prims=0 usPerPrim=17
[SH-XBOX] vblank 310200
[MEM] tick: free=2520KB (630 pages)
[FT] avgMs=16 worstMs=48 gameMs=13 drawMs=3 swapWait=0ms draws=2 decodes=0 decMs=0
[OTS] f=296760 calls=2 n0=2048 n1=16 prims=696 bb=535,742,334,385
[OTT] walkUs=17 texUs=0 emitUs=0 submitUs=3 otherUs=13 prims=0 usPerPrim=17
[FT] avgMs=16 worstMs=51 gameMs=11 drawMs=5 swapWait=0ms draws=2 decodes=0 decMs=0
[OTS] f=296880 calls=2 n0=2048 n1=16 prims=696 bb=535,742,334,385
[OTT] walkUs=17 texUs=0 emitUs=0 submitUs=3 otherUs=14 prims=0 usPerPrim=17
[FT] avgMs=16 worstMs=54 gameMs=13 drawMs=3 swapWait=0ms draws=2 decodes=0 decMs=0
[OTS] f=297000 calls=2 n0=2048 n1=16 prims=684 bb=535,742,334,385
[OTT] walkUs=17 texUs=0 emitUs=0 submitUs=3 otherUs=13 prims=0 usPerPrim=17
[FT] avgMs=16 worstMs=52 gameMs=10 drawMs=6 swapWait=0ms draws=2 decodes=0 decMs=0
[OTS] f=297120 calls=2 n0=2048 n1=16 prims=696 bb=535,742,334,385
[OTT] walkUs=17 texUs=0 emitUs=0 submitUs=3 otherUs=14 prims=0 usPerPrim=17
[FT] avgMs=16 worstMs=46 gameMs=11 drawMs=5 swapWait=0ms draws=2 decodes=0 decMs=0
[OTS] f=297240 calls=2 n0=2048 n1=16 prims=708 bb=535,742,334,385
[OTT] walkUs=17 texUs=0 emitUs=0 submitUs=3 otherUs=14 prims=0 usPerPrim=17
[SH-XBOX] vblank 310800
[MEM] tick: free=2520KB (630 pages)
[FT] avgMs=17 worstMs=57 gameMs=11 drawMs=5 swapWait=0ms draws=2 decodes=0 decMs=0
[OTS] f=297360 calls=2 n0=2048 n1=16 prims=720 bb=535,742,334,385
[OTT] walkUs=20 texUs=0 emitUs=0 submitUs=3 otherUs=16 prims=0 usPerPrim=20
[FT] avgMs=16 worstMs=52 gameMs=10 drawMs=6 swapWait=0ms draws=2 decodes=0 decMs=0
[OTS] f=297480 calls=2 n0=2048 n1=16 prims=720 bb=535,742,334,385
[OTT] walkUs=17 texUs=0 emitUs=0 submitUs=3 otherUs=14 prims=0 usPerPrim=17
[FT] avgMs=17 worstMs=62 gameMs=10 drawMs=6 swapWait=0ms draws=2 decodes=0 decMs=0
[OTS] f=297600 calls=2 n0=2048 n1=16 prims=720 bb=535,742,334,385
[OTT] walkUs=17 texUs=0 emitUs=0 submitUs=3 otherUs=14 prims=0 usPerPrim=17
[FT] avgMs=16 worstMs=49 gameMs=10 drawMs=6 swapWait=1ms draws=2 decodes=0 decMs=0
[OTS] f=297720 calls=2 n0=2048 n1=16 prims=720 bb=535,742,334,385
[OTT] walkUs=17 texUs=0 emitUs=0 submitUs=4 otherUs=13 prims=0 usPerPrim=17
[FT] avgMs=17 worstMs=58 gameMs=10 drawMs=6 swapWait=0ms draws=2 decodes=0 decMs=0
[OTS] f=297840 calls=2 n0=2048 n1=28 prims=744 bb=535,742,334,385
[OTT] walkUs=87 texUs=3 emitUs=26 submitUs=17 otherUs=40 prims=6 usPerPrim=14
[SH-XBOX] vblank 311400
[MEM] tick: free=2520KB (630 pages)
[FT] avgMs=17 worstMs=53 gameMs=10 drawMs=6 swapWait=0ms draws=2 decodes=0 decMs=0
[OTS] f=297960 calls=2 n0=2048 n1=28 prims=768 bb=535,742,334,385
[OTT] walkUs=136 texUs=7 emitUs=26 submitUs=69 otherUs=32 prims=6 usPerPrim=22
[FT] avgMs=16 worstMs=60 gameMs=11 drawMs=5 swapWait=0ms draws=2 decodes=0 decMs=0
[OTS] f=298080 calls=2 n0=2048 n1=28 prims=744 bb=535,742,334,385
[OTT] walkUs=151 texUs=3 emitUs=25 submitUs=14 otherUs=108 prims=6 usPerPrim=25
[FT] avgMs=16 worstMs=55 gameMs=12 drawMs=4 swapWait=0ms draws=2 decodes=0 decMs=0
[OTS] f=298200 calls=2 n0=2048 n1=28 prims=744 bb=535,742,334,385
[OTT] walkUs=77 texUs=3 emitUs=26 submitUs=15 otherUs=31 prims=6 usPerPrim=12
[FT] avgMs=16 worstMs=47 gameMs=13 drawMs=3 swapWait=0ms draws=2 decodes=0 decMs=0
[OTS] f=298320 calls=2 n0=2048 n1=28 prims=744 bb=535,742,334,385
[OTT] walkUs=176 texUs=3 emitUs=24 submitUs=16 otherUs=131 prims=6 usPerPrim=29
[FT] avgMs=16 worstMs=61 gameMs=11 drawMs=5 swapWait=0ms draws=2 decodes=0 decMs=0
[OTS] f=298440 calls=2 n0=2048 n1=28 prims=744 bb=535,742,334,385
[OTT] walkUs=239 texUs=3 emitUs=26 submitUs=15 otherUs=194 prims=6 usPerPrim=39
[SH-XBOX] vblank 312000
[MEM] tick: free=2520KB (630 pages)
[FT] avgMs=16 worstMs=50 gameMs=13 drawMs=3 swapWait=0ms draws=2 decodes=0 decMs=0
[OTS] f=298560 calls=2 n0=2048 n1=28 prims=744 bb=535,742,334,385
[OTT] walkUs=221 texUs=3 emitUs=25 submitUs=14 otherUs=178 prims=6 usPerPrim=36
[FT] avgMs=17 worstMs=50 gameMs=10 drawMs=6 swapWait=0ms draws=2 decodes=0 decMs=0
[OTS] f=298680 calls=2 n0=2048 n1=28 prims=732 bb=535,742,334,385
[OTT] walkUs=161 texUs=3 emitUs=26 submitUs=15 otherUs=116 prims=6 usPerPrim=26
[FT] avgMs=17 worstMs=57 gameMs=11 drawMs=5 swapWait=0ms draws=2 decodes=0 decMs=0
[OTS] f=298800 calls=2 n0=2048 n1=28 prims=720 bb=535,742,334,385
[OTT] walkUs=78 texUs=3 emitUs=26 submitUs=15 otherUs=32 prims=6 usPerPrim=13
[FT] avgMs=16 worstMs=58 gameMs=11 drawMs=5 swapWait=0ms draws=2 decodes=0 decMs=0
[OTS] f=298920 calls=2 n0=2048 n1=28 prims=720 bb=535,742,334,385
[OTT] walkUs=77 texUs=3 emitUs=27 submitUs=14 otherUs=31 prims=6 usPerPrim=12
[FT] avgMs=16 worstMs=54 gameMs=10 drawMs=6 swapWait=0ms draws=2 decodes=0 decMs=0
[OTS] f=299040 calls=2 n0=2048 n1=28 prims=720 bb=535,742,334,385
[OTT] walkUs=76 texUs=3 emitUs=25 submitUs=14 otherUs=32 prims=6 usPerPrim=12
[SH-XBOX] vblank 312600
[MEM] tick: free=2520KB (630 pages)
[FT] avgMs=17 worstMs=59 gameMs=10 drawMs=6 swapWait=1ms draws=2 decodes=0 decMs=0
[OTS] f=299160 calls=2 n0=2048 n1=16 prims=708 bb=535,742,334,385
[OTT] walkUs=17 texUs=0 emitUs=0 submitUs=3 otherUs=14 prims=0 usPerPrim=17
[FT] avgMs=17 worstMs=58 gameMs=10 drawMs=6 swapWait=0ms draws=2 decodes=0 decMs=0
[OTS] f=299280 calls=2 n0=2048 n1=16 prims=684 bb=535,742,334,385
[OTT] walkUs=17 texUs=0 emitUs=0 submitUs=3 otherUs=13 prims=0 usPerPrim=17
[FT] avgMs=16 worstMs=56 gameMs=10 drawMs=6 swapWait=0ms draws=2 decodes=0 decMs=0
[OTS] f=299400 calls=2 n0=2048 n1=16 prims=696 bb=535,742,334,385
[OTT] walkUs=17 texUs=0 emitUs=0 submitUs=3 otherUs=13 prims=0 usPerPrim=17
[FT] avgMs=16 worstMs=55 gameMs=10 drawMs=6 swapWait=1ms draws=2 decodes=0 decMs=0
[OTS] f=299520 calls=2 n0=2048 n1=16 prims=696 bb=535,742,334,385
[OTT] walkUs=17 texUs=0 emitUs=0 submitUs=3 otherUs=13 prims=0 usPerPrim=17
[FT] avgMs=16 worstMs=49 gameMs=11 drawMs=5 swapWait=0ms draws=2 decodes=0 decMs=0
[OTS] f=299640 calls=2 n0=2048 n1=16 prims=696 bb=535,742,334,385
[OTT] walkUs=17 texUs=0 emitUs=0 submitUs=3 otherUs=13 prims=0 usPerPrim=17
[SH-XBOX] vblank 313200
[MEM] tick: free=2520KB (630 pages)
[FT] avgMs=17 worstMs=58 gameMs=12 drawMs=4 swapWait=0ms draws=2 decodes=0 decMs=0
[OTS] f=299760 calls=2 n0=2048 n1=16 prims=672 bb=535,742,334,385
[OTT] walkUs=17 texUs=0 emitUs=0 submitUs=3 otherUs=13 prims=0 usPerPrim=17
[FT] avgMs=16 worstMs=48 gameMs=13 drawMs=3 swapWait=0ms draws=2 decodes=0 decMs=0
[OTS] f=299880 calls=2 n0=2048 n1=16 prims=684 bb=535,742,334,385
[OTT] walkUs=17 texUs=0 emitUs=0 submitUs=3 otherUs=14 prims=0 usPerPrim=17
[FT] avgMs=17 worstMs=62 gameMs=12 drawMs=5 swapWait=0ms draws=2 decodes=0 decMs=0
[OTS] f=300000 calls=2 n0=2048 n1=16 prims=708 bb=535,742,334,385
[OTT] walkUs=17 texUs=0 emitUs=0 submitUs=3 otherUs=14 prims=0 usPerPrim=17
[FT] avgMs=16 worstMs=45 gameMs=13 drawMs=3 swapWait=0ms draws=2 decodes=0 decMs=0
[OTS] f=300120 calls=2 n0=2048 n1=16 prims=720 bb=535,742,334,385
[OTT] walkUs=17 texUs=0 emitUs=0 submitUs=3 otherUs=14 prims=0 usPerPrim=17
[FT] avgMs=16 worstMs=50 gameMs=10 drawMs=6 swapWait=1ms draws=2 decodes=0 decMs=0
[OTS] f=300240 calls=2 n0=2048 n1=16 prims=720 bb=535,742,334,385
[OTT] walkUs=17 texUs=0 emitUs=0 submitUs=3 otherUs=13 prims=0 usPerPrim=17
[SH-XBOX] vblank 313800
[MEM] tick: free=2520KB (630 pages)
[FT] avgMs=17 worstMs=60 gameMs=11 drawMs=6 swapWait=0ms draws=2 decodes=0 decMs=0
[OTS] f=300360 calls=2 n0=2048 n1=16 prims=720 bb=535,742,334,385
[OTT] walkUs=17 texUs=0 emitUs=0 submitUs=3 otherUs=14 prims=0 usPerPrim=17
[FT] avgMs=16 worstMs=61 gameMs=11 drawMs=5 swapWait=0ms draws=2 decodes=0 decMs=0
[OTS] f=300480 calls=2 n0=2048 n1=16 prims=720 bb=535,742,334,385
[OTT] walkUs=17 texUs=0 emitUs=0 submitUs=3 otherUs=13 prims=0 usPerPrim=17
[FT] avgMs=16 worstMs=59 gameMs=10 drawMs=6 swapWait=0ms draws=2 decodes=0 decMs=0
[OTS] f=300600 calls=2 n0=2048 n1=28 prims=744 bb=535,742,334,385
[OTT] walkUs=327 texUs=3 emitUs=26 submitUs=15 otherUs=282 prims=6 usPerPrim=54
[FT] avgMs=16 worstMs=23 gameMs=10 drawMs=6 swapWait=0ms draws=2 decodes=0 decMs=0
[OTS] f=300720 calls=2 n0=2048 n1=28 prims=720 bb=535,742,334,385
[OTT] walkUs=165 texUs=3 emitUs=31 submitUs=98 otherUs=32 prims=6 usPerPrim=27
[FT] avgMs=17 worstMs=62 gameMs=10 drawMs=6 swapWait=0ms draws=2 decodes=0 decMs=0
[OTS] f=300840 calls=2 n0=2048 n1=28 prims=744 bb=535,742,334,385
[OTT] walkUs=76 texUs=3 emitUs=26 submitUs=14 otherUs=31 prims=6 usPerPrim=12
[SH-XBOX] vblank 314400
[MEM] tick: free=2520KB (630 pages)
[FT] avgMs=17 worstMs=60 gameMs=10 drawMs=6 swapWait=1ms draws=2 decodes=0 decMs=0
[OTS] f=300960 calls=2 n0=2048 n1=28 prims=768 bb=535,742,334,385
[OTT] walkUs=245 texUs=3 emitUs=26 submitUs=15 otherUs=200 prims=6 usPerPrim=40
[FT] avgMs=16 worstMs=57 gameMs=10 drawMs=6 swapWait=0ms draws=2 decodes=0 decMs=0
[OTS] f=301080 calls=2 n0=2048 n1=28 prims=744 bb=535,742,334,385
[OTT] walkUs=78 texUs=3 emitUs=26 submitUs=14 otherUs=34 prims=6 usPerPrim=13
[FT] avgMs=16 worstMs=48 gameMs=11 drawMs=5 swapWait=0ms draws=2 decodes=0 decMs=0
[OTS] f=301200 calls=2 n0=2048 n1=28 prims=744 bb=535,742,334,385
[OTT] walkUs=75 texUs=3 emitUs=25 submitUs=14 otherUs=31 prims=6 usPerPrim=12
[FT] avgMs=16 worstMs=57 gameMs=12 drawMs=4 swapWait=0ms draws=2 decodes=0 decMs=0
[OTS] f=301320 calls=2 n0=2048 n1=28 prims=744 bb=535,742,334,385
[OTT] walkUs=80 texUs=3 emitUs=26 submitUs=15 otherUs=34 prims=6 usPerPrim=13
[FT] avgMs=16 worstMs=50 gameMs=13 drawMs=3 swapWait=0ms draws=2 decodes=0 decMs=0
[OTS] f=301440 calls=2 n0=2048 n1=28 prims=732 bb=535,742,334,385
[OTT] walkUs=75 texUs=3 emitUs=24 submitUs=15 otherUs=31 prims=6 usPerPrim=12
[SH-XBOX] vblank 315000
[MEM] tick: free=2520KB (630 pages)
[FT] avgMs=17 worstMs=57 gameMs=12 drawMs=5 swapWait=0ms draws=2 decodes=0 decMs=0
[OTS] f=301560 calls=2 n0=2048 n1=28 prims=720 bb=535,742,334,385
[OTT] walkUs=205 texUs=3 emitUs=25 submitUs=142 otherUs=34 prims=6 usPerPrim=34
[FT] avgMs=16 worstMs=54 gameMs=13 drawMs=3 swapWait=0ms draws=2 decodes=0 decMs=0
[OTS] f=301680 calls=2 n0=2048 n1=28 prims=720 bb=535,742,334,385
[OTT] walkUs=76 texUs=3 emitUs=26 submitUs=14 otherUs=33 prims=6 usPerPrim=12
[FT] avgMs=16 worstMs=53 gameMs=10 drawMs=6 swapWait=0ms draws=2 decodes=0 decMs=0
[OTS] f=301800 calls=2 n0=2048 n1=28 prims=720 bb=535,742,334,385
[OTT] walkUs=87 texUs=3 emitUs=26 submitUs=14 otherUs=42 prims=6 usPerPrim=14
[FT] avgMs=16 worstMs=60 gameMs=11 drawMs=5 swapWait=0ms draws=2 decodes=0 decMs=0
[OTS] f=301920 calls=2 n0=2048 n1=28 prims=732 bb=535,742,334,385
[OTT] walkUs=100 texUs=3 emitUs=26 submitUs=14 otherUs=56 prims=6 usPerPrim=16
[FT] avgMs=16 worstMs=54 gameMs=11 drawMs=5 swapWait=0ms draws=2 decodes=0 decMs=0
[OTS] f=302040 calls=2 n0=2048 n1=16 prims=708 bb=535,742,334,385
[OTT] walkUs=17 texUs=0 emitUs=0 submitUs=3 otherUs=13 prims=0 usPerPrim=17
[SH-XBOX] vblank 315600
[MEM] tick: free=2520KB (630 pages)
[FT] avgMs=17 worstMs=51 gameMs=10 drawMs=6 swapWait=0ms draws=2 decodes=0 decMs=0
[OTS] f=302160 calls=2 n0=2048 n1=16 prims=672 bb=535,742,334,385
[OTT] walkUs=17 texUs=0 emitUs=0 submitUs=3 otherUs=14 prims=0 usPerPrim=17
[FT] avgMs=17 worstMs=61 gameMs=10 drawMs=6 swapWait=0ms draws=2 decodes=0 decMs=0
[OTS] f=302280 calls=2 n0=2048 n1=16 prims=684 bb=535,742,334,385
[OTT] walkUs=17 texUs=0 emitUs=0 submitUs=144 otherUs=0 prims=0 usPerPrim=17
[FT] avgMs=17 worstMs=67 gameMs=10 drawMs=6 swapWait=0ms draws=2 decodes=0 decMs=0
[OTS] f=302400 calls=2 n0=2048 n1=16 prims=684 bb=535,742,334,385
[OTT] walkUs=17 texUs=0 emitUs=0 submitUs=3 otherUs=14 prims=0 usPerPrim=17
[FT] avgMs=16 worstMs=48 gameMs=10 drawMs=6 swapWait=0ms draws=2 decodes=0 decMs=0
[OTS] f=302520 calls=2 n0=2048 n1=16 prims=696 bb=535,742,334,385
[OTT] walkUs=17 texUs=0 emitUs=0 submitUs=3 otherUs=14 prims=0 usPerPrim=17
[FT] avgMs=16 worstMs=58 gameMs=10 drawMs=6 swapWait=0ms draws=2 decodes=0 decMs=0
[OTS] f=302640 calls=2 n0=2048 n1=16 prims=696 bb=535,742,334,385
[OTT] walkUs=17 texUs=0 emitUs=0 submitUs=3 otherUs=14 prims=0 usPerPrim=17
[SH-XBOX] vblank 316200
[MEM] tick: free=2520KB (630 pages)
[FT] avgMs=17 worstMs=50 gameMs=11 drawMs=5 swapWait=0ms draws=2 decodes=0 decMs=0
[OTS] f=302760 calls=2 n0=2048 n1=16 prims=684 bb=535,742,334,385
[OTT] walkUs=17 texUs=0 emitUs=0 submitUs=3 otherUs=13 prims=0 usPerPrim=17
[FT] avgMs=16 worstMs=57 gameMs=12 drawMs=4 swapWait=0ms draws=2 decodes=0 decMs=0
[OTS] f=302880 calls=2 n0=2048 n1=16 prims=720 bb=535,742,334,385
[OTT] walkUs=17 texUs=0 emitUs=0 submitUs=3 otherUs=14 prims=0 usPerPrim=17
[FT] avgMs=16 worstMs=51 gameMs=13 drawMs=3 swapWait=0ms draws=2 decodes=0 decMs=0
[OTS] f=303000 calls=2 n0=2048 n1=16 prims=720 bb=535,742,334,385
[OTT] walkUs=17 texUs=0 emitUs=0 submitUs=3 otherUs=14 prims=0 usPerPrim=17
[FT] avgMs=16 worstMs=54 gameMs=11 drawMs=5 swapWait=0ms draws=2 decodes=0 decMs=0
[OTS] f=303120 calls=2 n0=2048 n1=16 prims=720 bb=535,742,334,385
[OTT] walkUs=17 texUs=0 emitUs=0 submitUs=4 otherUs=13 prims=0 usPerPrim=17
[FT] avgMs=16 worstMs=53 gameMs=12 drawMs=4 swapWait=1ms draws=2 decodes=0 decMs=0
[OTS] f=303240 calls=2 n0=2048 n1=16 prims=720 bb=535,742,334,385
[OTT] walkUs=17 texUs=0 emitUs=0 submitUs=6 otherUs=11 prims=0 usPerPrim=17
[SH-XBOX] vblank 316800
[MEM] tick: free=2520KB (630 pages)
[FT] avgMs=17 worstMs=53 gameMs=10 drawMs=6 swapWait=0ms draws=2 decodes=0 decMs=0
[OTS] f=303360 calls=2 n0=2048 n1=28 prims=744 bb=535,742,334,385
[OTT] walkUs=118 texUs=3 emitUs=25 submitUs=15 otherUs=74 prims=6 usPerPrim=19
[FT] avgMs=16 worstMs=48 gameMs=11 drawMs=5 swapWait=0ms draws=2 decodes=0 decMs=0
[OTS] f=303480 calls=2 n0=2048 n1=28 prims=744 bb=535,742,334,385
[OTT] walkUs=98 texUs=3 emitUs=26 submitUs=14 otherUs=53 prims=6 usPerPrim=16
[FT] avgMs=16 worstMs=54 gameMs=11 drawMs=5 swapWait=0ms draws=2 decodes=0 decMs=0
[OTS] f=303600 calls=2 n0=2048 n1=28 prims=744 bb=535,742,334,385
[OTT] walkUs=310 texUs=3 emitUs=26 submitUs=15 otherUs=265 prims=6 usPerPrim=51
[FT] avgMs=16 worstMs=51 gameMs=10 drawMs=6 swapWait=0ms draws=2 decodes=0 decMs=0
[OTS] f=303720 calls=2 n0=2048 n1=28 prims=744 bb=535,742,334,385
[OTT] walkUs=222 texUs=3 emitUs=26 submitUs=14 otherUs=177 prims=6 usPerPrim=37
[FT] avgMs=17 worstMs=64 gameMs=10 drawMs=6 swapWait=0ms draws=2 decodes=0 decMs=0
[OTS] f=303840 calls=2 n0=2048 n1=28 prims=756 bb=535,742,334,385
[OTT] walkUs=80 texUs=3 emitUs=25 submitUs=15 otherUs=36 prims=6 usPerPrim=13
[SH-XBOX] vblank 317400
[MEM] tick: free=2520KB (630 pages)
[FT] avgMs=17 worstMs=61 gameMs=10 drawMs=6 swapWait=0ms draws=2 decodes=0 decMs=0
[OTS] f=303960 calls=2 n0=2048 n1=28 prims=768 bb=535,742,334,385
[OTT] walkUs=138 texUs=3 emitUs=27 submitUs=15 otherUs=93 prims=6 usPerPrim=23
[FT] avgMs=16 worstMs=57 gameMs=10 drawMs=6 swapWait=1ms draws=2 decodes=0 decMs=0
[OTS] f=304080 calls=2 n0=2048 n1=28 prims=732 bb=535,742,334,385
[OTT] walkUs=75 texUs=3 emitUs=24 submitUs=13 otherUs=34 prims=6 usPerPrim=12
[FT] avgMs=16 worstMs=51 gameMs=10 drawMs=6 swapWait=0ms draws=2 decodes=0 decMs=0
[OTS] f=304200 calls=2 n0=2048 n1=28 prims=720 bb=535,742,334,385
[OTT] walkUs=272 texUs=3 emitUs=25 submitUs=14 otherUs=229 prims=6 usPerPrim=45
[FT] avgMs=16 worstMs=59 gameMs=11 drawMs=5 swapWait=0ms draws=2 decodes=0 decMs=0
[OTS] f=304320 calls=2 n0=2048 n1=28 prims=720 bb=535,742,334,385
[OTT] walkUs=164 texUs=3 emitUs=25 submitUs=18 otherUs=117 prims=6 usPerPrim=27
[FT] avgMs=16 worstMs=54 gameMs=12 drawMs=4 swapWait=0ms draws=2 decodes=0 decMs=0
[OTS] f=304440 calls=2 n0=2048 n1=28 prims=720 bb=535,742,334,385
[OTT] walkUs=197 texUs=2 emitUs=26 submitUs=15 otherUs=152 prims=6 usPerPrim=32
[SH-XBOX] vblank 318000
[MEM] tick: free=2520KB (630 pages)
[FT] avgMs=17 worstMs=47 gameMs=13 drawMs=3 swapWait=0ms draws=2 decodes=0 decMs=0
[OTS] f=304560 calls=2 n0=2048 n1=28 prims=720 bb=535,742,334,385
[OTT] walkUs=151 texUs=3 emitUs=26 submitUs=15 otherUs=106 prims=6 usPerPrim=25
[FT] avgMs=17 worstMs=91 gameMs=12 drawMs=5 swapWait=0ms draws=2 decodes=0 decMs=0
[OTS] f=304680 calls=2 n0=2048 n1=16 prims=708 bb=535,742,334,385
[OTT] walkUs=17 texUs=0 emitUs=0 submitUs=3 otherUs=13 prims=0 usPerPrim=17
[FT] avgMs=16 worstMs=46 gameMs=12 drawMs=4 swapWait=1ms draws=2 decodes=0 decMs=0
[OTS] f=304800 calls=2 n0=2048 n1=16 prims=708 bb=535,742,334,385
[OTT] walkUs=17 texUs=0 emitUs=0 submitUs=3 otherUs=14 prims=0 usPerPrim=17
[FT] avgMs=16 worstMs=50 gameMs=10 drawMs=6 swapWait=0ms draws=2 decodes=0 decMs=0
[OTS] f=304920 calls=2 n0=2048 n1=16 prims=696 bb=535,742,334,385
[OTT] walkUs=17 texUs=0 emitUs=0 submitUs=3 otherUs=13 prims=0 usPerPrim=17
[FT] avgMs=16 worstMs=59 gameMs=11 drawMs=5 swapWait=0ms draws=2 decodes=0 decMs=0
[OTS] f=305040 calls=2 n0=2048 n1=16 prims=696 bb=535,742,334,385
[OTT] walkUs=17 texUs=0 emitUs=0 submitUs=3 otherUs=14 prims=0 usPerPrim=17
[SH-XBOX] vblank 318600
[MEM] tick: free=2520KB (630 pages)
[FT] avgMs=17 worstMs=51 gameMs=11 drawMs=5 swapWait=0ms draws=2 decodes=0 decMs=0
[OTS] f=305160 calls=2 n0=2048 n1=16 prims=672 bb=535,742,334,385
[OTT] walkUs=17 texUs=0 emitUs=0 submitUs=3 otherUs=13 prims=0 usPerPrim=17
[FT] avgMs=16 worstMs=48 gameMs=10 drawMs=6 swapWait=0ms draws=2 decodes=0 decMs=0
[OTS] f=305280 calls=2 n0=2048 n1=16 prims=696 bb=535,742,334,385
[OTT] walkUs=17 texUs=0 emitUs=0 submitUs=3 otherUs=13 prims=0 usPerPrim=17
[FT] avgMs=16 worstMs=57 gameMs=10 drawMs=6 swapWait=0ms draws=2 decodes=0 decMs=0
[OTS] f=305400 calls=2 n0=2048 n1=16 prims=696 bb=535,742,334,385
[OTT] walkUs=17 texUs=0 emitUs=0 submitUs=3 otherUs=14 prims=0 usPerPrim=17
[FT] avgMs=16 worstMs=56 gameMs=10 drawMs=6 swapWait=0ms draws=2 decodes=0 decMs=0
[OTS] f=305520 calls=2 n0=2048 n1=16 prims=696 bb=535,742,334,385
[OTT] walkUs=17 texUs=0 emitUs=0 submitUs=3 otherUs=14 prims=0 usPerPrim=17
[FT] avgMs=17 worstMs=61 gameMs=10 drawMs=6 swapWait=0ms draws=2 decodes=0 decMs=0
[OTS] f=305640 calls=2 n0=2048 n1=16 prims=708 bb=535,742,334,385
[OTT] walkUs=17 texUs=0 emitUs=0 submitUs=3 otherUs=14 prims=0 usPerPrim=17
[SH-XBOX] vblank 319200
[MEM] tick: free=2520KB (630 pages)
[FT] avgMs=17 worstMs=59 gameMs=11 drawMs=6 swapWait=0ms draws=2 decodes=0 decMs=0
[OTS] f=305760 calls=2 n0=2048 n1=16 prims=708 bb=535,742,334,385
[OTT] walkUs=17 texUs=0 emitUs=0 submitUs=3 otherUs=13 prims=0 usPerPrim=17
[FT] avgMs=16 worstMs=55 gameMs=11 drawMs=5 swapWait=0ms draws=2 decodes=0 decMs=0
[OTS] f=305880 calls=2 n0=2048 n1=16 prims=720 bb=535,742,334,385
[OTT] walkUs=17 texUs=0 emitUs=0 submitUs=3 otherUs=13 prims=0 usPerPrim=17
[FT] avgMs=16 worstMs=48 gameMs=13 drawMs=3 swapWait=0ms draws=2 decodes=0 decMs=0
[OTS] f=306000 calls=2 n0=2048 n1=16 prims=720 bb=535,742,334,385
[OTT] walkUs=17 texUs=0 emitUs=0 submitUs=4 otherUs=13 prims=0 usPerPrim=17
[FT] avgMs=16 worstMs=54 gameMs=13 drawMs=3 swapWait=0ms draws=2 decodes=0 decMs=0
[OTS] f=306120 calls=2 n0=2048 n1=28 prims=732 bb=535,742,334,385
[OTT] walkUs=78 texUs=3 emitUs=26 submitUs=16 otherUs=32 prims=6 usPerPrim=13
[FT] avgMs=16 worstMs=57 gameMs=11 drawMs=5 swapWait=0ms draws=2 decodes=0 decMs=0
[OTS] f=306240 calls=2 n0=2048 n1=28 prims=744 bb=535,742,334,385
[OTT] walkUs=250 texUs=3 emitUs=26 submitUs=15 otherUs=205 prims=6 usPerPrim=41
[SH-XBOX] vblank 319800
[MEM] tick: free=2520KB (630 pages)
[FT] avgMs=17 worstMs=61 gameMs=12 drawMs=4 swapWait=0ms draws=2 decodes=0 decMs=0
[OTS] f=306360 calls=2 n0=2048 n1=28 prims=780 bb=535,742,334,385
[OTT] walkUs=206 texUs=2 emitUs=31 submitUs=14 otherUs=157 prims=6 usPerPrim=34
[FT] avgMs=16 worstMs=52 gameMs=10 drawMs=6 swapWait=0ms draws=2 decodes=0 decMs=0
[OTS] f=306480 calls=2 n0=2048 n1=28 prims=744 bb=535,742,334,385
[OTT] walkUs=327 texUs=3 emitUs=26 submitUs=15 otherUs=281 prims=6 usPerPrim=54
[FT] avgMs=17 worstMs=59 gameMs=11 drawMs=5 swapWait=0ms draws=2 decodes=0 decMs=0
[OTS] f=306600 calls=2 n0=2048 n1=28 prims=744 bb=535,742,334,385
[OTT] walkUs=79 texUs=3 emitUs=26 submitUs=15 otherUs=33 prims=6 usPerPrim=13
[FT] avgMs=16 worstMs=58 gameMs=10 drawMs=5 swapWait=0ms draws=2 decodes=0 decMs=0
[OTS] f=306720 calls=2 n0=2048 n1=28 prims=744 bb=535,742,334,385
[OTT] walkUs=76 texUs=3 emitUs=25 submitUs=15 otherUs=31 prims=6 usPerPrim=12
[FT] avgMs=16 worstMs=49 gameMs=10 drawMs=6 swapWait=0ms draws=2 decodes=0 decMs=0
[OTS] f=306840 calls=2 n0=2048 n1=28 prims=744 bb=535,742,334,385
[OTT] walkUs=77 texUs=3 emitUs=27 submitUs=15 otherUs=31 prims=6 usPerPrim=12
[SH-XBOX] vblank 320400
[MEM] tick: free=2520KB (630 pages)
[FT] avgMs=17 worstMs=59 gameMs=10 drawMs=6 swapWait=0ms draws=2 decodes=0 decMs=0
[OTS] f=306960 calls=2 n0=2048 n1=28 prims=732 bb=535,742,334,385
[OTT] walkUs=74 texUs=3 emitUs=24 submitUs=14 otherUs=32 prims=6 usPerPrim=12
[FT] avgMs=16 worstMs=54 gameMs=10 drawMs=6 swapWait=0ms draws=2 decodes=0 decMs=0
[OTS] f=307080 calls=2 n0=2048 n1=28 prims=720 bb=535,742,334,385
[OTT] walkUs=154 texUs=3 emitUs=26 submitUs=14 otherUs=109 prims=6 usPerPrim=25
[FT] avgMs=16 worstMs=48 gameMs=10 drawMs=6 swapWait=0ms draws=2 decodes=0 decMs=0
[OTS] f=307200 calls=2 n0=2048 n1=28 prims=720 bb=535,742,334,385
[OTT] walkUs=238 texUs=3 emitUs=24 submitUs=15 otherUs=193 prims=6 usPerPrim=39
[FT] avgMs=16 worstMs=53 gameMs=10 drawMs=6 swapWait=0ms draws=2 decodes=0 decMs=0
[OTS] f=307320 calls=2 n0=2048 n1=28 prims=720 bb=535,742,334,385
[OTT] walkUs=77 texUs=3 emitUs=26 submitUs=14 otherUs=34 prims=6 usPerPrim=12
[FT] avgMs=16 worstMs=52 gameMs=11 drawMs=5 swapWait=0ms draws=2 decodes=0 decMs=0
[OTS] f=307440 calls=2 n0=2048 n1=28 prims=720 bb=535,742,334,385
[OTT] walkUs=100 texUs=3 emitUs=25 submitUs=39 otherUs=32 prims=6 usPerPrim=16
[SH-XBOX] vblank 321000
[MEM] tick: free=2520KB (630 pages)
[FT] avgMs=17 worstMs=55 gameMs=13 drawMs=3 swapWait=0ms draws=2 decodes=0 decMs=0
[OTS] f=307560 calls=2 n0=2048 n1=16 prims=684 bb=535,742,334,385
[OTT] walkUs=17 texUs=0 emitUs=0 submitUs=3 otherUs=14 prims=0 usPerPrim=17
[FT] avgMs=16 worstMs=54 gameMs=13 drawMs=3 swapWait=0ms draws=2 decodes=0 decMs=0
[OTS] f=307680 calls=2 n0=2048 n1=16 prims=684 bb=535,742,334,385
[OTT] walkUs=17 texUs=0 emitUs=0 submitUs=3 otherUs=14 prims=0 usPerPrim=17
[FT] avgMs=16 worstMs=49 gameMs=11 drawMs=5 swapWait=0ms draws=2 decodes=0 decMs=0
[OTS] f=307800 calls=2 n0=2048 n1=16 prims=696 bb=535,742,334,385
[OTT] walkUs=17 texUs=0 emitUs=0 submitUs=3 otherUs=13 prims=0 usPerPrim=17
[FT] avgMs=16 worstMs=54 gameMs=12 drawMs=4 swapWait=0ms draws=2 decodes=0 decMs=0
[OTS] f=307920 calls=2 n0=2048 n1=16 prims=696 bb=535,742,334,385
[OTT] walkUs=17 texUs=0 emitUs=0 submitUs=3 otherUs=13 prims=0 usPerPrim=17
[FT] avgMs=16 worstMs=55 gameMs=10 drawMs=6 swapWait=1ms draws=2 decodes=0 decMs=0
[OTS] f=308040 calls=2 n0=2048 n1=16 prims=696 bb=535,742,334,385
[OTT] walkUs=17 texUs=0 emitUs=0 submitUs=3 otherUs=13 prims=0 usPerPrim=17
[SH-XBOX] vblank 321600
[MEM] tick: free=2520KB (630 pages)
[FT] avgMs=17 worstMs=58 gameMs=11 drawMs=5 swapWait=0ms draws=2 decodes=0 decMs=0
[OTS] f=308160 calls=2 n0=2048 n1=16 prims=672 bb=535,742,334,385
[OTT] walkUs=17 texUs=0 emitUs=0 submitUs=3 otherUs=14 prims=0 usPerPrim=17
[FT] avgMs=16 worstMs=57 gameMs=10 drawMs=5 swapWait=0ms draws=2 decodes=0 decMs=0
[OTS] f=308280 calls=2 n0=2048 n1=16 prims=708 bb=535,742,334,385
[OTT] walkUs=17 texUs=0 emitUs=0 submitUs=3 otherUs=13 prims=0 usPerPrim=17
[FT] avgMs=16 worstMs=52 gameMs=10 drawMs=6 swapWait=0ms draws=2 decodes=0 decMs=0
[OTS] f=308400 calls=2 n0=2048 n1=16 prims=720 bb=535,742,334,385
[OTT] walkUs=17 texUs=0 emitUs=0 submitUs=4 otherUs=12 prims=0 usPerPrim=17
[FT] avgMs=17 worstMs=61 gameMs=10 drawMs=6 swapWait=0ms draws=2 decodes=0 decMs=0
[OTS] f=308520 calls=2 n0=2048 n1=16 prims=720 bb=535,742,334,385
[OTT] walkUs=17 texUs=0 emitUs=0 submitUs=3 otherUs=14 prims=0 usPerPrim=17
[FT] avgMs=16 worstMs=48 gameMs=10 drawMs=6 swapWait=0ms draws=2 decodes=0 decMs=0
[OTS] f=308640 calls=2 n0=2048 n1=16 prims=720 bb=535,742,334,385
[OTT] walkUs=17 texUs=0 emitUs=0 submitUs=3 otherUs=14 prims=0 usPerPrim=17
[SH-XBOX] vblank 322200
[MEM] tick: free=2520KB (630 pages)
[FT] avgMs=17 worstMs=58 gameMs=10 drawMs=6 swapWait=1ms draws=2 decodes=0 decMs=0
[OTS] f=308760 calls=2 n0=2048 n1=16 prims=720 bb=535,742,334,385
[OTT] walkUs=17 texUs=0 emitUs=0 submitUs=3 otherUs=14 prims=0 usPerPrim=17
[FT] avgMs=16 worstMs=50 gameMs=10 drawMs=6 swapWait=0ms draws=2 decodes=0 decMs=0
[OTS] f=308880 calls=2 n0=2048 n1=28 prims=744 bb=535,742,334,385
[OTT] walkUs=74 texUs=3 emitUs=25 submitUs=16 otherUs=28 prims=6 usPerPrim=12
[FT] avgMs=16 worstMs=59 gameMs=11 drawMs=5 swapWait=0ms draws=2 decodes=0 decMs=0
[OTS] f=309000 calls=2 n0=2048 n1=28 prims=744 bb=535,742,334,385
[OTT] walkUs=75 texUs=2 emitUs=25 submitUs=14 otherUs=32 prims=6 usPerPrim=12
[FT] avgMs=16 worstMs=50 gameMs=13 drawMs=3 swapWait=0ms draws=2 decodes=0 decMs=0
[OTS] f=309120 calls=2 n0=2048 n1=28 prims=744 bb=535,742,334,385
[OTT] walkUs=122 texUs=3 emitUs=25 submitUs=16 otherUs=78 prims=6 usPerPrim=20
[FT] avgMs=16 worstMs=46 gameMs=13 drawMs=3 swapWait=0ms draws=2 decodes=0 decMs=0
[OTS] f=309240 calls=2 n0=2048 n1=28 prims=732 bb=535,742,334,385
[OTT] walkUs=169 texUs=3 emitUs=26 submitUs=14 otherUs=124 prims=6 usPerPrim=28
[SH-XBOX] vblank 322800
[MEM] tick: free=2520KB (630 pages)
[FT] avgMs=17 worstMs=52 gameMs=12 drawMs=5 swapWait=0ms draws=2 decodes=0 decMs=0
[OTS] f=309360 calls=2 n0=2048 n1=28 prims=756 bb=535,742,334,385
[OTT] walkUs=76 texUs=3 emitUs=25 submitUs=16 otherUs=30 prims=6 usPerPrim=12
[FT] avgMs=16 worstMs=49 gameMs=12 drawMs=4 swapWait=0ms draws=2 decodes=0 decMs=0
[OTS] f=309480 calls=2 n0=2048 n1=28 prims=744 bb=535,742,334,385
[OTT] walkUs=155 texUs=3 emitUs=26 submitUs=14 otherUs=110 prims=6 usPerPrim=25
[FT] avgMs=16 worstMs=48 gameMs=10 drawMs=6 swapWait=0ms draws=2 decodes=0 decMs=0
[OTS] f=309600 calls=2 n0=2048 n1=28 prims=744 bb=535,742,334,385
[OTT] walkUs=74 texUs=3 emitUs=24 submitUs=16 otherUs=30 prims=6 usPerPrim=12
[FT] avgMs=16 worstMs=55 gameMs=10 drawMs=6 swapWait=0ms draws=2 decodes=0 decMs=0
[OTS] f=309720 calls=2 n0=2048 n1=28 prims=744 bb=535,742,334,385
[OTT] walkUs=78 texUs=3 emitUs=27 submitUs=15 otherUs=32 prims=6 usPerPrim=13
[FT] avgMs=16 worstMs=51 gameMs=10 drawMs=6 swapWait=0ms draws=2 decodes=0 decMs=0
[OTS] f=309840 calls=2 n0=2048 n1=28 prims=732 bb=535,742,334,385
[OTT] walkUs=107 texUs=3 emitUs=25 submitUs=23 otherUs=55 prims=6 usPerPrim=17
[SH-XBOX] vblank 323400
[MEM] tick: free=2520KB (630 pages)
[FT] avgMs=17 worstMs=62 gameMs=10 drawMs=6 swapWait=0ms draws=2 decodes=0 decMs=0
[OTS] f=309960 calls=2 n0=2048 n1=28 prims=720 bb=535,742,334,385
[OTT] walkUs=192 texUs=3 emitUs=26 submitUs=15 otherUs=147 prims=6 usPerPrim=32
[FT] avgMs=16 worstMs=50 gameMs=10 drawMs=6 swapWait=0ms draws=2 decodes=0 decMs=0
[OTS] f=310080 calls=2 n0=2048 n1=28 prims=720 bb=535,742,334,385
[OTT] walkUs=230 texUs=3 emitUs=27 submitUs=14 otherUs=185 prims=6 usPerPrim=38
[FT] avgMs=17 worstMs=59 gameMs=10 drawMs=6 swapWait=1ms draws=2 decodes=0 decMs=0
[OTS] f=310200 calls=2 n0=2048 n1=28 prims=720 bb=535,742,334,385
[OTT] walkUs=153 texUs=3 emitUs=26 submitUs=16 otherUs=107 prims=6 usPerPrim=25
[FT] avgMs=16 worstMs=52 gameMs=10 drawMs=6 swapWait=0ms draws=2 decodes=0 decMs=0
[OTS] f=310320 calls=2 n0=2048 n1=28 prims=720 bb=535,742,334,385
[OTT] walkUs=222 texUs=3 emitUs=26 submitUs=14 otherUs=178 prims=6 usPerPrim=37
[FT] avgMs=16 worstMs=59 gameMs=10 drawMs=6 swapWait=0ms draws=2 decodes=0 decMs=0
[OTS] f=310440 calls=2 n0=2048 n1=16 prims=696 bb=535,742,334,385
[OTT] walkUs=17 texUs=0 emitUs=0 submitUs=3 otherUs=14 prims=0 usPerPrim=17
[SH-XBOX] vblank 324000
[MEM] tick: free=2520KB (630 pages)
[FT] avgMs=17 worstMs=56 gameMs=11 drawMs=5 swapWait=0ms draws=2 decodes=0 decMs=0
[OTS] f=310560 calls=2 n0=2048 n1=16 prims=684 bb=535,742,334,385
[OTT] walkUs=17 texUs=0 emitUs=0 submitUs=3 otherUs=13 prims=0 usPerPrim=17
[FT] avgMs=16 worstMs=46 gameMs=13 drawMs=3 swapWait=0ms draws=2 decodes=0 decMs=0
[OTS] f=310680 calls=2 n0=2048 n1=16 prims=708 bb=535,742,334,385
[OTT] walkUs=17 texUs=0 emitUs=0 submitUs=3 otherUs=14 prims=0 usPerPrim=17
[FT] avgMs=16 worstMs=49 gameMs=13 drawMs=3 swapWait=0ms draws=2 decodes=0 decMs=0
[OTS] f=310800 calls=2 n0=2048 n1=16 prims=696 bb=535,742,334,385
[OTT] walkUs=17 texUs=0 emitUs=0 submitUs=3 otherUs=14 prims=0 usPerPrim=17
[FT] avgMs=17 worstMs=62 gameMs=12 drawMs=4 swapWait=0ms draws=2 decodes=0 decMs=0
[OTS] f=310920 calls=2 n0=2048 n1=16 prims=684 bb=535,742,334,385
[OTT] walkUs=18 texUs=0 emitUs=0 submitUs=3 otherUs=14 prims=0 usPerPrim=18
[FT] avgMs=16 worstMs=45 gameMs=12 drawMs=4 swapWait=0ms draws=2 decodes=0 decMs=0
[OTS] f=311040 calls=2 n0=2048 n1=16 prims=708 bb=535,742,334,385
[OTT] walkUs=17 texUs=0 emitUs=0 submitUs=3 otherUs=14 prims=0 usPerPrim=17
[SH-XBOX] vblank 324600
[MEM] tick: free=2520KB (630 pages)
[FT] avgMs=17 worstMs=47 gameMs=11 drawMs=6 swapWait=1ms draws=2 decodes=0 decMs=0
[OTS] f=311160 calls=2 n0=2048 n1=16 prims=684 bb=535,742,334,385
[OTT] walkUs=17 texUs=0 emitUs=0 submitUs=3 otherUs=14 prims=0 usPerPrim=17
[FT] avgMs=16 worstMs=57 gameMs=11 drawMs=5 swapWait=0ms draws=2 decodes=0 decMs=0
[OTS] f=311280 calls=2 n0=2048 n1=16 prims=720 bb=535,742,334,385
[OTT] walkUs=17 texUs=0 emitUs=0 submitUs=3 otherUs=13 prims=0 usPerPrim=17
[FT] avgMs=16 worstMs=53 gameMs=11 drawMs=5 swapWait=0ms draws=2 decodes=0 decMs=0
[OTS] f=311400 calls=2 n0=2048 n1=16 prims=720 bb=535,742,334,385
[OTT] walkUs=17 texUs=0 emitUs=0 submitUs=3 otherUs=14 prims=0 usPerPrim=17
[FT] avgMs=16 worstMs=50 gameMs=10 drawMs=6 swapWait=0ms draws=2 decodes=0 decMs=0
[OTS] f=311520 calls=2 n0=2048 n1=16 prims=720 bb=535,742,334,385
[OTT] walkUs=17 texUs=0 emitUs=0 submitUs=3 otherUs=13 prims=0 usPerPrim=17
[FT] avgMs=16 worstMs=56 gameMs=10 drawMs=6 swapWait=0ms draws=2 decodes=0 decMs=0
[OTS] f=311640 calls=2 n0=2048 n1=16 prims=720 bb=535,742,334,385
[OTT] walkUs=17 texUs=0 emitUs=0 submitUs=3 otherUs=13 prims=0 usPerPrim=17
[SH-XBOX] vblank 325200
[MEM] tick: free=2520KB (630 pages)
[FT] avgMs=17 worstMs=51 gameMs=10 drawMs=6 swapWait=0ms draws=2 decodes=0 decMs=0
[OTS] f=311760 calls=2 n0=2048 n1=28 prims=732 bb=535,742,334,385
[OTT] walkUs=155 texUs=3 emitUs=26 submitUs=14 otherUs=111 prims=6 usPerPrim=25
[FT] avgMs=17 worstMs=65 gameMs=10 drawMs=6 swapWait=0ms draws=2 decodes=0 decMs=0
[OTS] f=311880 calls=2 n0=2048 n1=28 prims=756 bb=535,742,334,385
[OTT] walkUs=192 texUs=3 emitUs=26 submitUs=14 otherUs=146 prims=6 usPerPrim=32
[FT] avgMs=16 worstMs=45 gameMs=10 drawMs=6 swapWait=0ms draws=2 decodes=0 decMs=0
[OTS] f=312000 calls=2 n0=2048 n1=28 prims=744 bb=535,742,334,385
[OTT] walkUs=199 texUs=3 emitUs=26 submitUs=15 otherUs=153 prims=6 usPerPrim=33
[FT] avgMs=16 worstMs=58 gameMs=11 drawMs=5 swapWait=0ms draws=2 decodes=0 decMs=0
[OTS] f=312120 calls=2 n0=2048 n1=28 prims=744 bb=535,742,334,385
[OTT] walkUs=218 texUs=2 emitUs=26 submitUs=16 otherUs=173 prims=6 usPerPrim=36
[FT] avgMs=16 worstMs=47 gameMs=13 drawMs=3 swapWait=0ms draws=2 decodes=0 decMs=0
[OTS] f=312240 calls=2 n0=2048 n1=28 prims=744 bb=535,742,334,385
[OTT] walkUs=207 texUs=3 emitUs=26 submitUs=15 otherUs=161 prims=6 usPerPrim=34
[SH-XBOX] vblank 325800
[MEM] tick: free=2520KB (630 pages)
[FT] avgMs=17 worstMs=56 gameMs=13 drawMs=3 swapWait=0ms draws=2 decodes=0 decMs=0
[OTS] f=312360 calls=2 n0=2048 n1=28 prims=768 bb=535,742,334,385
[OTT] walkUs=255 texUs=3 emitUs=26 submitUs=15 otherUs=210 prims=6 usPerPrim=42
[FT] avgMs=16 worstMs=56 gameMs=12 drawMs=4 swapWait=0ms draws=2 decodes=0 decMs=0
[OTS] f=312480 calls=2 n0=2048 n1=28 prims=744 bb=535,742,334,385
[OTT] walkUs=75 texUs=3 emitUs=26 submitUs=14 otherUs=31 prims=6 usPerPrim=12
[FT] avgMs=16 worstMs=47 gameMs=12 drawMs=4 swapWait=0ms draws=2 decodes=0 decMs=0
[OTS] f=312600 calls=2 n0=2048 n1=28 prims=732 bb=535,742,334,385
[OTT] walkUs=76 texUs=3 emitUs=26 submitUs=41 otherUs=5 prims=6 usPerPrim=12
[FT] avgMs=16 worstMs=60 gameMs=10 drawMs=6 swapWait=0ms draws=2 decodes=0 decMs=0
[OTS] f=312720 calls=2 n0=2048 n1=28 prims=720 bb=535,742,334,385
[OTT] walkUs=76 texUs=3 emitUs=26 submitUs=14 otherUs=32 prims=6 usPerPrim=12
[FT] avgMs=16 worstMs=54 gameMs=10 drawMs=6 swapWait=0ms draws=2 decodes=0 decMs=0
[OTS] f=312840 calls=2 n0=2048 n1=28 prims=720 bb=535,742,334,385
[OTT] walkUs=218 texUs=3 emitUs=26 submitUs=15 otherUs=173 prims=6 usPerPrim=36
[SH-XBOX] vblank 326400
[MEM] tick: free=2520KB (630 pages)
[FT] avgMs=17 worstMs=86 gameMs=11 drawMs=6 swapWait=0ms draws=2 decodes=0 decMs=0
[OTS] f=312960 calls=2 n0=2048 n1=28 prims=720 bb=535,742,334,385
[OTT] walkUs=192 texUs=3 emitUs=24 submitUs=133 otherUs=31 prims=6 usPerPrim=32
[FT] avgMs=16 worstMs=51 gameMs=10 drawMs=6 swapWait=1ms draws=2 decodes=0 decMs=0
[OTS] f=313080 calls=2 n0=2048 n1=16 prims=696 bb=535,742,334,385
[OTT] walkUs=17 texUs=0 emitUs=0 submitUs=3 otherUs=13 prims=0 usPerPrim=17
[FT] avgMs=16 worstMs=60 gameMs=10 drawMs=6 swapWait=0ms draws=2 decodes=0 decMs=0
[OTS] f=313200 calls=2 n0=2048 n1=16 prims=696 bb=535,742,334,385
[OTT] walkUs=17 texUs=0 emitUs=0 submitUs=3 otherUs=14 prims=0 usPerPrim=17
[FT] avgMs=16 worstMs=53 gameMs=10 drawMs=6 swapWait=1ms draws=2 decodes=0 decMs=0
[OTS] f=313320 calls=2 n0=2048 n1=16 prims=696 bb=535,742,334,385
[OTT] walkUs=17 texUs=0 emitUs=0 submitUs=3 otherUs=13 prims=0 usPerPrim=17
[FT] avgMs=16 worstMs=53 gameMs=10 drawMs=6 swapWait=0ms draws=2 decodes=0 decMs=0
[OTS] f=313440 calls=2 n0=2048 n1=16 prims=696 bb=535,742,334,385
[OTT] walkUs=17 texUs=0 emitUs=0 submitUs=3 otherUs=14 prims=0 usPerPrim=17
[SH-XBOX] vblank 327000
[MEM] tick: free=2520KB (630 pages)
[FT] avgMs=17 worstMs=60 gameMs=10 drawMs=6 swapWait=0ms draws=2 decodes=0 decMs=0
[OTS] f=313560 calls=2 n0=2048 n1=16 prims=672 bb=535,742,334,385
[OTT] walkUs=17 texUs=0 emitUs=0 submitUs=3 otherUs=14 prims=0 usPerPrim=17
[FT] avgMs=16 worstMs=52 gameMs=11 drawMs=5 swapWait=0ms draws=2 decodes=0 decMs=0
[OTS] f=313680 calls=2 n0=2048 n1=16 prims=696 bb=535,742,334,385
[OTT] walkUs=17 texUs=0 emitUs=0 submitUs=3 otherUs=14 prims=0 usPerPrim=17
[FT] avgMs=16 worstMs=55 gameMs=13 drawMs=3 swapWait=0ms draws=2 decodes=0 decMs=0
[OTS] f=313800 calls=2 n0=2048 n1=16 prims=696 bb=535,742,334,385
[OTT] walkUs=17 texUs=0 emitUs=0 submitUs=3 otherUs=14 prims=0 usPerPrim=17
[FT] avgMs=16 worstMs=51 gameMs=13 drawMs=3 swapWait=0ms draws=2 decodes=0 decMs=0
[OTS] f=313920 calls=2 n0=2048 n1=16 prims=708 bb=535,742,334,385
[OTT] walkUs=17 texUs=0 emitUs=0 submitUs=3 otherUs=14 prims=0 usPerPrim=17
[FT] avgMs=16 worstMs=50 gameMs=12 drawMs=4 swapWait=0ms draws=2 decodes=0 decMs=0
[OTS] f=314040 calls=2 n0=2048 n1=16 prims=720 bb=535,742,334,385
[OTT] walkUs=17 texUs=0 emitUs=0 submitUs=3 otherUs=14 prims=0 usPerPrim=17
[SH-XBOX] vblank 327600
[MEM] tick: free=2520KB (630 pages)
[FT] avgMs=17 worstMs=58 gameMs=12 drawMs=5 swapWait=0ms draws=2 decodes=0 decMs=0
[OTS] f=314160 calls=2 n0=2048 n1=16 prims=720 bb=535,742,334,385
[OTT] walkUs=17 texUs=0 emitUs=0 submitUs=3 otherUs=13 prims=0 usPerPrim=17
[FT] avgMs=16 worstMs=60 gameMs=10 drawMs=6 swapWait=0ms draws=2 decodes=0 decMs=0
[OTS] f=314280 calls=2 n0=2048 n1=16 prims=720 bb=535,742,334,385
[OTT] walkUs=17 texUs=0 emitUs=0 submitUs=3 otherUs=14 prims=0 usPerPrim=17
[FT] avgMs=16 worstMs=50 gameMs=10 drawMs=6 swapWait=0ms draws=2 decodes=0 decMs=0
[OTS] f=314400 calls=2 n0=2048 n1=16 prims=720 bb=535,742,334,385
[OTT] walkUs=17 texUs=0 emitUs=0 submitUs=3 otherUs=13 prims=0 usPerPrim=17
[FT] avgMs=16 worstMs=57 gameMs=10 drawMs=6 swapWait=0ms draws=2 decodes=0 decMs=0
[OTS] f=314520 calls=2 n0=2048 n1=28 prims=744 bb=535,742,334,385
[OTT] walkUs=92 texUs=3 emitUs=26 submitUs=15 otherUs=47 prims=6 usPerPrim=15
[FT] avgMs=16 worstMs=52 gameMs=10 drawMs=6 swapWait=0ms draws=2 decodes=0 decMs=0
[OTS] f=314640 calls=2 n0=2048 n1=28 prims=756 bb=535,742,334,385
[OTT] walkUs=78 texUs=3 emitUs=26 submitUs=14 otherUs=32 prims=6 usPerPrim=13
[SH-XBOX] vblank 328200
[MEM] tick: free=2520KB (630 pages)
[FT] avgMs=17 worstMs=63 gameMs=10 drawMs=6 swapWait=0ms draws=2 decodes=0 decMs=0
[OTS] f=314760 calls=2 n0=2048 n1=28 prims=780 bb=535,742,334,385
[OTT] walkUs=75 texUs=3 emitUs=26 submitUs=14 otherUs=30 prims=6 usPerPrim=12
[FT] avgMs=16 worstMs=49 gameMs=10 drawMs=6 swapWait=0ms draws=2 decodes=0 decMs=0
[OTS] f=314880 calls=2 n0=2048 n1=28 prims=744 bb=535,742,334,385
[OTT] walkUs=75 texUs=3 emitUs=26 submitUs=15 otherUs=30 prims=6 usPerPrim=12
