[CFG] key='control_style'(13) value='classic'
[CFG] key='invert_controller_y'(19) value='1'
[CFG] key='crosshair'(9) value='1'
[CFG] key='crosshair_style'(15) value='3'
[CFG] key='refresh_rate'(12) value='60'
[CFG] key='retroachievements'(17) value='1'
[CFG] >> retroachievements branch: atoi=1 -> retroAchievements=1
[CFG] key='ra_username'(11) value='KushAstronaut'
[CFG] key='ra_password'(11) value='101F66d283,,'
[CFG] key='use_pgxp'(8) value='0'
[CFG] key='cutscene_line_gap_ms'(20) value='300'
[CFG] key='video_720p'(10) value='1'
[CFG] key='log_diag'(8) value='0control_2d = 1'
[CFG] key='control_2d'(10) value='0'
[SH-XBOX] SEH crash logger installed (frame=0xd0032c60 handler=0x2f1210)
[SH-XBOX] build 5fe464d03+wt id=0808-032131 (2026-08-08 03:21:31)
[FS] D: -> '\Device\Harddisk0\Partition1\Apps\SH\' (wasMounted=1 remap=ok)
[SH-XBOX] boot: video 1280x720x32 (720p, pillarboxed 4:3)
[GTE] RotTransPers v(64,32,512) -> sx=352 sy=256 sz=128 flag=0x1000 (expect sx=352 sy=256)
[SH-XBOX] pbkit initialised
[CD] xbe dir = '\Device\Harddisk0\Partition1\Apps\SH\' (mounted Q:)
[CD] disc image: Q:\Silent Hill (USA).bin
[CD] BIN: Q:\Silent Hill (USA).bin
[SH-XBOX] NV2A fb 1280x720, content 960x720 at x=160
[SH-XBOX] NV2A backend ready (batch=65536 verts)
[SH-XBOX] USB pad init done
[MCRD] card path = E:\UDATA\SH010000\0.MCD
[SH-XBOX] PSX RAM @ 0xdc8f64
[SH-XBOX] game data initialised
[SH-XBOX] subsystems up; entering MainLoop
[RA] init: enabled=1 user='KushAstronaut' token=none passwordLen=12
[NET] up, DHCP IP 192.168.1.123
[RA] syswork native: npcs=0x1A0 bones=0x26A0 tailA=0x91D0 targetNpc=0x92A8 light=0x92B0 sizeof=38588
[FOGST-GPU] clear=0xff000000
[SH-XBOX] layout check ok: sizeof(s_SysWork)=38588 sizeof(s_GameWork)=1496
[XA] SetVolume L=0 R=0
[ARENA] buf0=0x7fdd0008 buf1=0x7fbc0008
[SH-XBOX] GameState -> 0 (step 0)
[RA] http POST http://retroachievements.org/dorequest.php
[NET] POST retroachievements.org -> 200 (253 bytes)
[RA] http -> status=200 bodyLen=253 body='{"Success":true,"User":"KushAstronaut","AvatarUrl":"https:\/'
[RA] logged in as KushAstronaut
RA: signed in as KushAstronaut
[RA] disc hash 469d5cf1428d3f6f2234aa5be058f3ec
[MCFSM] state=0 step=0 (was -1/-1 after 0 f)
[OT] DrawOTag head=0xd4bd18 (walking; per-node trace off)
[OT] walk done after 2048 nodes (cap hit=0)
[RA] http POST http://retroachievements.org/dorequest.php
[NET] POST retroachievements.org -> 200 (136258 bytes)
[RA] http -> status=200 bodyLen=136258 body='{"Success":true,"GameId":11252,"Title":"Silent Hill","ImageI'
[MCFSM] state=1 step=0 (was 0/0 after 0 f)
[MCRD] card_info chan=0 -> IOE (n=1)
[RA] http POST http://retroachievements.org/dorequest.php
[NET] POST retroachievements.org -> 200 (200 bytes)
[RA] http -> status=200 bodyLen=200 body='{"Success":true,"ServerNow":1786196264,"HardcoreUnlocks":[],'
[RA] set reads 0x800BCAD8 (mapped)
[RA] set reads 0x800BCC7E (mapped)
[RA] set reads 0x800BCBA2 (mapped)
[RA] set reads 0x800BC0C8 (mapped)
[RA] set reads 0x800BC26E (mapped)
[RA] set reads 0x800BC192 (mapped)
[RA] set reads 0x800B2214 (mapped)
[RA] set reads 0x800BC6A8 (mapped)
[RA] achievement read of unmapped PSX address 0x800BCD6C - needs a translation entry
[RA] achievement read of unmapped PSX address 0x800C168C - needs a translation entry
[RA] achievement read of unmapped PSX address 0x800C0C7C - needs a translation entry
[RA] achievement read of unmapped PSX address 0x800C125C - needs a translation entry
[RA] achievement read of unmapped PSX address 0x800C6F2D - needs a translation entry
[RA] achievement read of unmapped PSX address 0x800C651D - needs a translation entry
[RA] achievement read of unmapped PSX address 0x800C6AFD - needs a translation entry
[RA] achievement read of unmapped PSX address 0x800C4476 - needs a translation entry
[RA] matched game 11252 "Silent Hill"
[RA] worklist UNMAPPED 0x800BCD6C (memsize=0)
[RA] worklist UNMAPPED 0x800C168C (memsize=1)
[RA] worklist UNMAPPED 0x800C0C7C (memsize=1)
[RA] worklist UNMAPPED 0x800C125C (memsize=1)
[RA] worklist UNMAPPED 0x800C6F2D (memsize=0)
[RA] worklist UNMAPPED 0x800C651D (memsize=0)
[RA] worklist UNMAPPED 0x800C6AFD (memsize=0)
[RA] worklist UNMAPPED 0x800C4476 (memsize=1)
[RA] worklist UNMAPPED 0x800C4472 (memsize=0)
[RA] worklist UNMAPPED 0x800C4470 (memsize=0)
[RA] worklist: 352 memrefs total, 10 unserved, 10 distinct-unmapped listed
[RA] culprit: achiev id=83576 'Wounds That Won't Heal' reads unmapped 0x800BCD6C
[RA] culprit: achiev id=86517 'What Is Keeping That Child Alive?' reads unmapped 0x800C168C
[RA] culprit: achiev id=86517 'What Is Keeping That Child Alive?' reads unmapped 0x800C0C7C
[RA] culprit: achiev id=86517 'What Is Keeping That Child Alive?' reads unmapped 0x800C125C
[RA] culprit: achiev id=86663 'Scary Harry I' reads unmapped 0x800C6F2D
[RA] culprit: achiev id=86663 'Scary Harry I' reads unmapped 0x800C651D
[RA] culprit: achiev id=86663 'Scary Harry I' reads unmapped 0x800C6AFD
[RA] culprit: achiev id=86664 'Scary Harry II' reads unmapped 0x800C6F2D
[RA] culprit: achiev id=86664 'Scary Harry II' reads unmapped 0x800C651D
[RA] culprit: achiev id=86664 'Scary Harry II' reads unmapped 0x800C6AFD
[RA] culprit: achiev id=86665 'Scary Harry III' reads unmapped 0x800C6F2D
[RA] culprit: achiev id=86665 'Scary Harry III' reads unmapped 0x800C651D
[RA] culprit: achiev id=86665 'Scary Harry III' reads unmapped 0x800C6AFD
[RA] culprit: achiev id=86666 'Scary Harry IV' reads unmapped 0x800C6F2D
[RA] culprit: achiev id=86666 'Scary Harry IV' reads unmapped 0x800C651D
[RA] culprit: achiev id=86666 'Scary Harry IV' reads unmapped 0x800C6AFD
[RA] culprit: achiev id=86667 'Scary Harry V' reads unmapped 0x800C6F2D
[RA] culprit: achiev id=86667 'Scary Harry V' reads unmapped 0x800C651D
[RA] culprit: achiev id=86667 'Scary Harry V' reads unmapped 0x800C6AFD
[RA] culprit: achiev id=86668 'Scary Harry VI' reads unmapped 0x800C6F2D
[RA] culprit: achiev id=86668 'Scary Harry VI' reads unmapped 0x800C651D
[RA] culprit: achiev id=86668 'Scary Harry VI' reads unmapped 0x800C6AFD
[RA] culprit: achiev id=86422 'Harry the Swift' reads unmapped 0x800C4476
[RA] culprit: achiev id=86422 'Harry the Swift' reads unmapped 0x800C4472
[RA] culprit: achiev id=86423 'Daring Harry' reads unmapped 0x800C4470
[RA] culprit: achiev id=86427 'Harry the Best' reads unmapped 0x800C4472
[RA] culprit: achiev id=86427 'Harry the Best' reads unmapped 0x800C4470
[RA] trace 84008: not in runtime (already unlocked?)
[RA] ach lock id=84002 5p 'Keys for Eclipse'
[RA] ach lock id=84005 5p 'Old Man's Hand'
[RA] ach lock id=84007 5p 'Broken Notes'
[RA] ach lock id=85474 5p 'Harry in Wonderland'
[RA] ach lock id=85476 5p 'Loneliness'
[RA] ach lock id=86028 5p 'Sand Castles'
[RA] ach lock id=86080 10p 'I'll Kill You'
[RA] ach lock id=86340 5p 'Eww Eww Eww'
[RA] ach lock id=86506 10p 'Paging Dr. Kaufmann'
[RA] ach lock id=86341 5p 'Our Little Secret'
[RA] ach lock id=86342 10p 'Pour Some Sugar On Me, Baby'
[RA] ach lock id=86343 10p 'Merry-Go-Down'
[RA] ach lock id=86344 5p 'Grim Reaper's List'
[RA] ach lock id=86345 5p 'The Stone of Time'
[RA] ach lock id=83576 10p 'Wounds That Won't Heal'
[RA] ach lock id=86347 5p 'Illuminating the Darkness'
[RA] ach lock id=86517 10p 'What Is Keeping That Child Alive?'
[RA] ach lock id=86348 3p 'What's Going On with That Refrigerator?'
[RA] ach lock id=86428 10p 'My Heaven'
[RA] ach lock id=86518 10p 'Awakening'
[RA] ach lock id=86503 10p 'The Archer and the Beast'
[RA] ach lock id=86504 10p 'The Pit of Calamity'
[RA] ach lock id=86505 10p 'Erratic'
[RA] ach lock id=86513 10p 'Sifod'
[RA] ach lock id=86519 10p 'Thank You...'
[RA] ach lock id=86023 5p 'Target Practice'
[RA] ach lock id=86022 10p 'Triggered'
[RA] ach lock id=86024 25p 'Gun Control: Alessa's New Nightmare'
[RA] ach lock id=86026 10p 'Fa-fa-fa-fa, Fa-fa-fa-fa-fa, Fa, Better'
[RA] ach lock id=86027 25p 'Hammerin' Harry'
[RA] ach lock id=86346 10p 'Doomsday Prepper'
[RA] ach lock id=86349 10p 'Drillin' Like a Villain'
[RA] ach lock id=84003 10p 'Harry the Weeb'
[RA] ach lock id=84004 10p 'Silent Hill Chainsaw Massacre'
[RA] ach lock id=86520 10p 'A Gift from Outer Space'
[RA] ach lock id=86507 10p 'Like the Back of My Hand I'
[RA] ach lock id=86508 10p 'Like the Back of My Hand II'
[RA] ach lock id=86509 10p 'Like the Back of My Hand III'
[RA] ach lock id=86510 10p 'Like the Back of My Hand IV'
[RA] ach lock id=86516 5p 'Like the Back of My Hand V'
[RA] ach lock id=86663 5p 'Scary Harry I'
[RA] ach lock id=86664 10p 'Scary Harry II'
[RA] ach lock id=86665 10p 'Scary Harry III'
[RA] ach lock id=86666 10p 'Scary Harry IV'
[RA] ach lock id=86667 10p 'Scary Harry V'
[RA] ach lock id=86668 10p 'Scary Harry VI'
[RA] ach lock id=86422 25p 'Harry the Swift'
[RA] ach lock id=86423 25p 'Daring Harry'
[RA] ach lock id=86424 5p 'Harry the Okay'
[RA] ach lock id=86425 10p 'Harry the Good'
[RA] ach lock id=86426 25p 'Harry the Great'
[RA] ach lock id=86427 50p 'Harry the Best'
[RA] ach lock id=86662 5p 'That Light...'
[RA] ach lock id=86502 5p 'UFO Sighting I'
[RA] ach lock id=86511 5p 'UFO Sighting II'
[RA] ach lock id=86512 5p 'UFO Sighting III'
[RA] ach lock id=86514 5p 'UFO Sighting IV'
[RA] ach lock id=86515 5p 'UFO Sighting V'
[RA] ach lock id=86429 25p 'Tears of...'
[RA] ach lock id=86430 10p 'Killing Time'
[RA] ach lock id=86431 10p 'She'
[RA] ach lock id=86432 10p 'Esperandote'
[RA] ach lock id=86433 10p 'Ayyy'
[RA] ach UNLK id=101000001 0p 'Warning: Unknown Emulator'
[RA] ach UNLK id=86483 3p 'What a Nightmare...'
[RA] ach UNLK id=84008 10p 'Who's Afraid of a Reptile?'
[RA] ach UNLK id=86025 5p 'Knife to Meet You'
[RA] roster: 63 locked, 4 unlocked (67 total)
RetroAchievements: 3/66 (18 pts)
[MCFSM] state=1 step=2 (was 1/0 after 0 f)
[MCFSM] state=0 step=0 (was 1/2 after 0 f)
[MCFSM] state=1 step=0 (was 0/0 after 0 f)
[MCRD] card_info chan=0 -> IOE (n=2)
[MCFSM] state=1 step=2 (was 1/0 after 0 f)
[MCFSM] state=2 step=0 (was 1/2 after 0 f)
[MCRD] card_clear chan=0 -> IOE (n=1)
[MCFSM] state=2 step=2 (was 2/0 after 0 f)
[MCFSM] state=3 step=0 (was 2/2 after 0 f)
[MCRD] card_load chan=0 -> IOE (n=1)
[MCFSM] state=3 step=2 (was 3/0 after 0 f)
[MCFSM] state=4 step=0 (was 3/2 after 0 f)
[MCRD] dir scan chan=0 (n=1)
[MCFSM] state=0 step=0 (was 4/0 after 0 f)
[MCFSM] state=6 step=0 (was 0/0 after 0 f)
[MCRD] open 'bu00:BASLUS-00707SILENT00' flags=0x8001 -> h=1 dir=1 size=8192
[MCFSM] state=7 step=0 (was 6/0 after 0 f)
[MCFSM] state=7 step=2 (was 7/0 after 0 f)
[MCRD] read h=1 dir=1 ofs=512 len=256 ok
[LOOSE/INIT] allow_loose_files=0  base=gamedata/load/  verbose=no
[MCFSM] state=7 step=3 (was 7/2 after 0 f)
[MCFSM] state=0 step=0 (was 7/3 after 0 f)
[BOOT0/TIM] PostLoadTim file=6 'FONT16.TIM' ss=0x287 img.u=0 img.v=240 tPage=0,16 clutX=304 clutY=511
[BOOT0/TIM] post ReadTIM: prect=0xfab59c caddr=0xfab578 paddr=0xfab5a4 mode=8
[BOOT0/TIM] pre pixel LoadImage rect=(0,496 256x16)
[FONTCLOB] Load x=0 y=496 w=256 h=16
[BOOT0/TIM] pre CLUT LoadImage rect=(304,511 16x1)
[BOOT0/TIM] PostLoadTim done
[MCFSM] state=1 step=0 (was 0/0 after 0 f)
[MCRD] card_info chan=1 -> IOE (n=3)
[MCFSM] state=1 step=2 (was 1/0 after 0 f)
[BOOT0/TIM] PostLoadTim file=8 'KONAMI.TIM' ss=0x28e img.u=0 img.v=0 tPage=0,12 clutX=0 clutY=0
[BOOT0/TIM] post ReadTIM: prect=0xfab59c caddr=0xfab578 paddr=0xfab5a4 mode=8
[BOOT0/TIM] pre pixel LoadImage rect=(768,0 96x384)
[BOOT0/TIM] pre CLUT LoadImage rect=(0,0 16x1)
[BOOT0/TIM] PostLoadTim done
[MCFSM] state=0 step=0 (was 1/2 after 0 f)
[MCFSM] state=1 step=0 (was 0/0 after 0 f)
[MCRD] card_info chan=1 -> IOE (n=4)
[MCFSM] state=1 step=2 (was 1/0 after 0 f)
[MCFSM] state=2 step=0 (was 1/2 after 0 f)
[MCRD] card_clear chan=1 -> IOE (n=2)
[MCFSM] state=2 step=2 (was 2/0 after 0 f)
[MCFSM] state=3 step=0 (was 2/2 after 0 f)
[MCRD] card_load chan=1 -> IOE (n=2)
[MCFSM] state=3 step=2 (was 3/0 after 0 f)
[MCFSM] state=4 step=0 (was 3/2 after 0 f)
[MCRD] dir scan chan=1 (n=2)
[SH-XBOX] GameState -> 1 (step 0)
[MCFSM] state=0 step=0 (was 4/0 after 0 f)
[VRAM] texture cache: 43/96 slots (256KB each), free=8444KB after
[VRAM] cache capped by 8MB heap reserve (expect decode thrash)
[VRAM] cache grew to 44 slots (free=8188KB)
[MCFSM] state=1 step=0 (was 0/0 after 0 f)
[MCRD] card_info chan=2 -> IOE (n=5)
[MCFSM] state=1 step=2 (was 1/0 after 0 f)
[BOOT0/TIM] PostLoadTim file=9 'KONAMI2.TIM' ss=0x2b3 img.u=0 img.v=0 tPage=0,14 clutX=0 clutY=1
[BOOT0/TIM] post ReadTIM: prect=0xfab59c caddr=0xfab578 paddr=0xfab5a4 mode=8
[BOOT0/TIM] pre pixel LoadImage rect=(896,0 104x160)
[BOOT0/TIM] pre CLUT LoadImage rect=(0,1 16x1)
[BOOT0/TIM] PostLoadTim done
[MCFSM] state=0 step=0 (was 1/2 after 0 f)
[MCFSM] state=1 step=0 (was 0/0 after 0 f)
[MCRD] card_info chan=2 -> IOE (n=6)
[MCFSM] state=1 step=2 (was 1/0 after 0 f)
[MCFSM] state=2 step=0 (was 1/2 after 0 f)
[MCRD] card_clear chan=2 -> IOE (n=3)
[MCFSM] state=2 step=2 (was 2/0 after 0 f)
[MCFSM] state=3 step=0 (was 2/2 after 0 f)
[MCRD] card_load chan=2 -> IOE (n=3)
[MCFSM] state=3 step=2 (was 3/0 after 0 f)
[MCFSM] state=4 step=0 (was 3/2 after 0 f)
[MCRD] dir scan chan=2 (n=3)
[MCFSM] state=0 step=0 (was 4/0 after 0 f)
[BOOT0/TIM] PostLoadTim file=1423 'HERO.TIM' ss=0x5a6a img.u=0 img.v=0 tPage=0,27 clutX=736 clutY=480
[BOOT0/TIM] post ReadTIM: prect=0xfab75c caddr=0xfab578 paddr=0xfab764 mode=8
[BOOT0/TIM] pre pixel LoadImage rect=(704,256 64x192)
[BOOT0/TIM] pre CLUT LoadImage rect=(736,480 16x15)
[BOOT0/TIM] PostLoadTim done
[MCFSM] state=1 step=0 (was 0/0 after 0 f)
[MCRD] card_info chan=3 -> IOE (n=7)
[MCFSM] state=1 step=2 (was 1/0 after 0 f)
[MCFSM] state=0 step=0 (was 1/2 after 0 f)
[MCFSM] state=1 step=0 (was 0/0 after 0 f)
[MCRD] card_info chan=3 -> IOE (n=8)
[MCFSM] state=1 step=2 (was 1/0 after 0 f)
[MCFSM] state=2 step=0 (was 1/2 after 0 f)
[MCRD] card_clear chan=3 -> IOE (n=4)
[MCFSM] state=2 step=2 (was 2/0 after 0 f)
[MCFSM] state=3 step=0 (was 2/2 after 0 f)
[MCRD] card_load chan=3 -> IOE (n=4)
[MCFSM] state=3 step=2 (was 3/0 after 0 f)
[BOOT0/TIM] PostLoadTim file=1802 'BLD.TIM' ss=0x795b img.u=0 img.v=0 tPage=0,11 clutX=304 clutY=0
[BOOT0/TIM] post ReadTIM: prect=0xfb5f7c caddr=0xfb5d78 paddr=0xfb5f84 mode=8
[BOOT0/TIM] pre pixel LoadImage rect=(704,0 64x256)
[BOOT0/TIM] pre CLUT LoadImage rect=(304,0 16x16)
[BOOT0/TIM] PostLoadTim done
[MCFSM] state=4 step=0 (was 3/2 after 0 f)
[MCRD] dir scan chan=3 (n=4)
[MCFSM] state=0 step=0 (was 4/0 after 0 f)
[MCFSM] state=1 step=0 (was 0/0 after 0 f)
[MCRD] card_info chan=16 -> IOE (n=9)
[MCFSM] state=1 step=2 (was 1/0 after 0 f)
[MCFSM] state=0 step=0 (was 1/2 after 0 f)
[MCFSM] state=1 step=0 (was 0/0 after 0 f)
[MCRD] card_info chan=16 -> IOE (n=10)
[MCFSM] state=1 step=2 (was 1/0 after 0 f)
[MCFSM] state=2 step=0 (was 1/2 after 0 f)
[MCRD] card_clear chan=16 -> IOE (n=5)
[MCFSM] state=2 step=2 (was 2/0 after 0 f)
[MCFSM] state=3 step=0 (was 2/2 after 0 f)
[MCRD] card_load chan=16 -> IOE (n=5)
[MCFSM] state=3 step=2 (was 3/0 after 0 f)
[MCFSM] state=4 step=0 (was 3/2 after 0 f)
[MCRD] dir scan chan=8 (n=5)
[MCRD] open 'bu10:BASLUS-00707SILENT00' flags=0x8001 -> h=1 dir=1 size=8192
[MCRD] read h=1 dir=1 ofs=512 len=256 ok
[MCRD] card_info chan=17 -> IOE (n=11)
[MCRD] card_info chan=17 -> IOE (n=12)
[MCRD] card_clear chan=17 -> IOE (n=6)
[MCRD] card_load chan=17 -> IOE (n=6)
[MCRD] dir scan chan=9 (n=6)
[MCRD] card_info chan=18 -> IOE (n=13)
[MCRD] card_info chan=18 -> IOE (n=14)
[MCRD] card_clear chan=18 -> IOE (n=7)
[MCRD] card_load chan=18 -> IOE (n=7)
[MCRD] dir scan chan=10 (n=7)
[MCRD] card_info chan=19 -> IOE (n=15)
[MCRD] card_info chan=19 -> IOE (n=16)
[MCRD] card_clear chan=19 -> IOE (n=8)
[MCRD] card_load chan=19 -> IOE (n=8)
[MCRD] dir scan chan=11 (n=8)
[SH-XBOX] vblank 600
[MEM] tick: free=7416KB (1854 pages)
[SH-XBOX] GameState -> 2 (step 0)
[BOOT0/TIM] PostLoadTim file=1799 'BG_ETC.TIM' ss=0x7906 img.u=0 img.v=0 tPage=0,12 clutX=192 clutY=0
[BOOT0/TIM] post ReadTIM: prect=0xfab6dc caddr=0xfab578 paddr=0xfab6e4 mode=8
[BOOT0/TIM] pre pixel LoadImage rect=(768,0 32x256)
[BOOT0/TIM] pre CLUT LoadImage rect=(192,0 16x11)
[BOOT0/TIM] PostLoadTim done
[MCRD] card_info chan=19 -> IOE (n=256)
[MCRD] open 'bu10:BASLUS-00707SILENT00' flags=0x8001 -> h=1 dir=1 size=8192
[MCRD] read h=1 dir=1 ofs=768 len=128 ok
[SH-XBOX] vblank 1200
[MEM] tick: free=6900KB (1725 pages)
[BOOT0/TIM] PostLoadTim file=1980 'TITLE_E.TIM' ss=0x90b7 img.u=32 img.v=0 tPage=1,13 clutX=224 clutY=15
[BOOT0/TIM] post ReadTIM: prect=0xf7b77c caddr=0xf7b578 paddr=0xf7b784 mode=9
[BOOT0/TIM] pre pixel LoadImage rect=(864,0 160x480)
[BOOT0/TIM] pre CLUT LoadImage rect=(224,15 256x1)
[BOOT0/TIM] PostLoadTim done
[SH-XBOX] GameState -> 6 (step 0)
[SH] open_main: playing FMV (file=2053 frames=0)
[FMV] no avi for C1_20670 (checked D:\fmv, D:\gamedata\fmv) -> MDEC
[FMV] start C1_20670 file_idx=2053 base=133127 sectors=20670 maxFrames=0 (15fps)
[XA] fmv stream open: 37800Hz stereo coding=0x01
[FMV] video 320x208, 9 sectors/frame
[mdec] hdr n_bytes=5776 first8=06 e0 38 00 00 01 00 02 qscale=1 version=2 ctx=320x208
[mdec] hdr n_bytes=5776 first8=06 e0 38 00 00 01 00 02 qscale=1 version=2 ctx=320x208
[mdec] hdr n_bytes=5776 first8=06 e0 38 00 00 01 00 02 qscale=1 version=2 ctx=320x208
[FMV] frame=150 dropped=4 fails=0 ring=1280 fed=187
[SH-XBOX] vblank 1800
[MEM] tick: free=5612KB (1403 pages)
[FMV] frame=300 dropped=5 fails=0 ring=547 fed=374
[FMV] frame=450 dropped=8 fails=0 ring=1352 fed=562
[FMV] frame=600 dropped=8 fails=0 ring=398 fed=749
[SH-XBOX] vblank 2400
[MEM] tick: free=5612KB (1403 pages)
[FMV] frame=750 dropped=10 fails=0 ring=2048 fed=937
[FMV] frame=900 dropped=11 fails=0 ring=518 fed=1124
[SH-XBOX] vblank 3000
[MEM] tick: free=5612KB (1403 pages)
[FMV] frame=1050 dropped=13 fails=0 ring=1868 fed=1312
[FMV] frame=1200 dropped=14 fails=0 ring=145 fed=1499
[SH-XBOX] vblank 3600
[MEM] tick: free=5612KB (1403 pages)
[FMV] frame=1350 dropped=15 fails=0 ring=1719 fed=1687
[FMV] skipped at frame 1356
[XA] fmv stream end: 1694 sectors fed, 983 ring frames discarded
[FMV] end C1_20670: 1356 frames (15 dropped, 0 decode fails, 2304 presents)
[SH] open_main: FMV_Play returned
[SH-XBOX] GameState -> 7 (step 0)
[BOOT-STEP] GameStartup step=0 qlen=0
[TRANSITION] GameStartup step=0: processFlags=0x20 (BootDemo) sizeof(s_WorldGfxWork)=11708
[FONTDUMP] MENU tpage=16 words=0..63 (21 glyphs, 6 cols each)
[FONTDUMP] MENU  0|#...........#..........................................##..........##....##......#...###....##...###...###...##...............
[FONTDUMP] MENU  1|##.....##....#....................................#....###....##...###...###.....#...####..###...####..###...###..............
[FONTDUMP] MENU  2|##.....#.....#....................................#....#.#....##..####..##.#....##...###...##...#####..#.##.##.#..............
[FONTDUMP] MENU  3|.#.....#.....#............#......................##...##.##..###.....##....#....##...##....#........#..#.##.##.##.............
[FONTDUMP] MENU  4|.#.....#.....#............#......................#....##.##...##.....##...##...###..###...###......##..###..##.##.#.....#.....
[FONTDUMP] MENU  5|......##.....##...#####...#......................#....##.##...##.....##...##...###...###..####.....#....##..##.##.##....##....
[FONTDUMP] MENU  6|......##.....##....####...#......................#....##.##...##.....#....##..##.#.....#..##.#.....#...###...#.##..#.....#....
[FONTDUMP] MENU  7|......##.....##.........#####........###.........#....##.##...##....##.....##.####.....#..##.##....#...###...####.............
[FONTDUMP] MENU  8|......##.....##..........####........####........#....##.##...##....#......##..####....#..##.##...##...#.##...###.............
[FONTDUMP] MENU  9|......##.....##...#####...#.....................##.....#.##...##...##...#..##....#..#..#..##.##...#....#.##....#..............
[FONTDUMP] MENU 10|.......#.....##....####...#...#...........#.....#......#.#....##...####.##.##....#..##.#...#.##...#....#.##...##..#.....#.....
[FONTDUMP] MENU 11|.......#.....#............#...##..........##....#......###...###..#####..###.....#...###...###....#....####..###..##....##....
[FONTDUMP] MENU 12|.......#.....#.................#...........#............##....###..###...###.....#...##.....##....#.....##...##....#.....#....
[FONTDUMP] MENU 13|.......#.....#.................#.........................................................................................#....
[FONTDUMP] MENU 14|........#...##................##........................................................................................##....
[FONTDUMP] MENU 15|........#.....................................................................................................................
[FONTDUMP] MENU tpage=17 words=64..127 (21 glyphs, 6 cols each)
[FONTDUMP] MENU  0|...................##......#........####....##.#####..#####.#####...##..##..##.##....###..##.##.##....##..####..##..##..###...
[FONTDUMP] MENU  1|..................###......#.....#...####..#####.####..####..####..#####.##.##..##....##...##.##.##....#..##.#...#.####..###..
[FONTDUMP] MENU  2|..................####.....#....##...#..#..##..#.#..#..#..#..#..#..##.##.#..##..#.....##...#.##..#.....#..##.##..#.##.#..#..#.
[FONTDUMP] MENU  3|...................###.....#....##...#..##.#...#.#..##.#.....#.....#...#.#..##..#.....##...#.#...#.....#.###.##..#.#..##.#..#.
[FONTDUMP] MENU  4|...#........#.......##....##....##...#..####.....#...#.#.....#....##...#.#..##..#.....##...###...#.....#####.##..###...#.#..#.
[FONTDUMP] MENU  5|..###........#......##..######..###..####.##.....#...#.####..####.##..##.#####..#.....##...##....#.....#####.###.###...#.#.##.
[FONTDUMP] MENU  6|.###.........##.....#....#####.##.#..####.##.....#...#.####..####.##..##.#####..#.....##...##....#.....#####.#.#.###...#.####.
[FONTDUMP] MENU  7|###...######..##...##....####..####..#..#.##.....#...#.#..#..#..#.##..##.#..##..#.....##...##....#.....#####.#.#####...#.###..
[FONTDUMP] MENU  8|.#.....#####..###..#......###..####..#..##.#.....#..##.#.....#.....#..##.#..##..#.....##...#.#...#.....#####.#..##.#..##.#....
[FONTDUMP] MENU  9|.##..........###..........###..#..#..#..##.#...#.#..##.#..#..#.....#..##.#..##..#...#.##...#.#...#..##.#####.#..##.#..##.#....
[FONTDUMP] MENU 10|..##........###....#.....####.##..##.#..##.#...#.#..##.#..#..#.....#..##.#..##..#...####...#..#..#..##.#.###.#..##.#..##.#....
[FONTDUMP] MENU 11|...##........#.....##....##.#.#...#######...#########.#####.###.....###.##..##.##....###..##.###########.#####...#..###.##....
[FONTDUMP] MENU 12|....................#....#...#.#..##.###....###..###...####..##.....###..##.##..##...##....##.##.####..#.###.#...#..##...##...
[FONTDUMP] MENU 13|..............................................................................................................................
[FONTDUMP] MENU 14|..............................................................................................................................
[FONTDUMP] MENU 15|..............................................................................................................................
[FONTDUMP] MENU tpage=18 words=128..191 (21 glyphs, 6 cols each)
[FONTDUMP] MENU  0|..##..###....##...#####.##..####..##########..#.##..#.#####...#....#....#.#.....##........#............#.............#........
[FONTDUMP] MENU  1|.####..###...####.######.##..####..#####.#.##.##.##.###########....#....###.....##........#...........##............##........
[FONTDUMP] MENU  2|.##.#..#..#.##.##.####.#.#...#.#...#####.#.##.#..##.#.##.##.###....#.....##.....###.......##...........#.............#........
[FONTDUMP] MENU  3|.#..##.#..#.##..#...##.#.#...#.##.##.###.#.####..##.#....##.###....#....###.....###.......##...........#.............#........
[FONTDUMP] MENU  4|##...#.#..#.##..#...##...#...#.##.#..#####..##....###....##..##....#......#.....##.........#.....##....##....##....#.#...##...
[FONTDUMP] MENU  5|##...#.#.##..##.....##...#...#.##.#..####...##....##....##.........#...........#####............###....###...###...###...##...
[FONTDUMP] MENU  6|##...#.####..###....##...#...#..#.#..####...##....##....##.........#...........#####............####...###..##.#..##.#..##.#..
[FONTDUMP] MENU  7|##...#.###....##....##...#...#..###..####...##....##....##.........#..........######.............###...#.##.##.#..##.#..####..
[FONTDUMP] MENU  8|.#..##.#.#..#..##...##...#...#..##...####..###....##...##..........#..........##.##..............###...#.##.##....##.#..####..
[FONTDUMP] MENU  9|.#..##.#.#..#..##...##...#..##..##...####..#.##...##...##.....................##.###............####...#.##.##.#..##.#..##.#..
[FONTDUMP] MENU 10|.#..##.#..#.##.##...##...##.##...#....#.#..#..#...##...##.##.......#..........##.###............####...#.##..#.#...###...###..
[FONTDUMP] MENU 11|..###.###.######....##....###....#....#.#.##.##...##..######.......#...........#####.............####..###...###...###...###..
[FONTDUMP] MENU 12|...#...##..#..##....##....###....#....#.#..#..##..##...#####.......#...........##.##.............#.#....##....##....#.....#...
[FONTDUMP] MENU 13|...#..........................................................................................................................
[FONTDUMP] MENU 14|....#.........................................................................................................................
[FONTDUMP] MENU 15|....##........................................................................................................................
[FONTDUMP] MENU tpage=19 words=192..255 (21 glyphs, 6 cols each)
[FONTDUMP] MENU  0|.##..........#.....#.....#.....#.....#........................................................................................
[FONTDUMP] MENU  1|.##.........##.....#.....#....##....##........................................................................................
[FONTDUMP] MENU  2|.#.#.........#.....#.....#.....#.....#...............................................#........................................
[FONTDUMP] MENU  3|.#...........#.................#.....#...............................................#........................................
[FONTDUMP] MENU  4|###....####..###...#.....#.....###...#......#.#..###...##....##....###....#....##...##....##.#..##.##.########.#..##.##.###...
[FONTDUMP] MENU  5|.##....####..###..##....##.....####..#....##########...###..####...###..####..###....##....#.##..##.#..###.#.####..##.#.####..
[FONTDUMP] MENU  6|.#.....#.##..####..#.....#.....###...#.....#.#.#.####.##.#...###..##.#...#.#..##.#...#.....#.##..####..#.#.#.#.#...#..#...##..
[FONTDUMP] MENU  7|.#.....#.##..#.##..#.....#.....##....#.....#.#.#.#.##.##.##..#.##.##.#...#.....#.#...#.....#.##..###...#####..##...####..##...
[FONTDUMP] MENU  8|.#.....#.##..#.##..#.....#.....##....#.....#.#.#.#.##.##.##..#.##.##.#...#.....##....#.....#.##...##...####...#....###...##...
[FONTDUMP] MENU  9|.#.....####..#.##..#.....#.....#.#...#.....#.#.#.#.##.##.##..#.##.##.#...#....#.#....#.....#.##...##...####..##.....##...##...
[FONTDUMP] MENU 10|.#.....###...#.##..#.....#.....#.#...#.....#.#.#.#.##..#.##..####..###...#....#.##...##....#.##...##....#.#..#.#....##..##....
[FONTDUMP] MENU 11|##.....###..##.##.##.....#....##.##.##....########.##..###...###...###..##.....###...##....####...#.....#.#.####....##..####..
[FONTDUMP] MENU 12|.##...####...####..##....#.....####..##....#.#.#.####...##...#.#....##...##....##.....#.....#.#.........#.#..#.##...#....###..
[FONTDUMP] MENU 13|.......#.##..............#...................................#.......#............................................#.#.........
[FONTDUMP] MENU 14|.......###..............##..................................##......##............................................###.........
[FONTDUMP] MENU 15|........##...............#...................................##......##............................................#..........
[BOOT-STEP] GameStartup step=1 qlen=0
[SFX] Sd_PlaySfx: sfxId=1305 (Sfx_Base+25) vol=0
[SFX] Sd_PlaySfx: sfxId=1281 (Sfx_Base+1) vol=0
[BOOT0/TIM] PostLoadTim file=1939 'SAVELOAD.TIM' ss=0x8ced img.u=0 img.v=16 tPage=1,5 clutX=224 clutY=14
[BOOT0/TIM] post ReadTIM: prect=0xfab77c caddr=0xfab578 paddr=0xfab784 mode=9
[BOOT0/TIM] pre pixel LoadImage rect=(320,16 160x240)
[BOOT0/TIM] pre CLUT LoadImage rect=(224,14 256x1)
[BOOT0/TIM] PostLoadTim done
[SH-XBOX] GameState -> 8 (step 0)
[SFX] Sd_PlaySfx: sfxId=1307 (Sfx_Base+27) vol=0
[MCRD] open 'bu10:BASLUS-00707SILENT00' flags=0x8001 -> h=1 dir=1 size=8192
[MCRD] read h=1 dir=1 ofs=5376 len=640 ok
[MCRD] open 'bu10:BASLUS-00707SILENT00' flags=0x8001 -> h=1 dir=1 size=8192
[MCRD] read h=1 dir=1 ofs=768 len=128 ok
[CHARA-TEX] charaId=1 matCount=1 modelCount=23
[CHARA-TEX] mat[0] name='HERO' field_C=1 E=0x3b F=0x3b clut=0x782e UV=0x0000 tex=0
[CHARA-TEX] prim0: f0=0x135b(UV0) f2=0x7a6e(clut) f4=0x1651(UV1) f6=0x003b(tpage) f8=0x1251(UV2) fA=0x0000(UV3)
[CHARA-TEX] texDesc: tPage=[0,27] u=0 v=0 clutXY=(736,480)
[AUTO-EQUIP-CHECK] mapIdx=10 processFlags=0x8 inventorySlotCount=10 equippedWeapon=162
[MAP-LOAD] GameBoot_MapLoad mapIdx=10 (map2_s00) fileIdx=2005 linked=1 procFlags=0x8
[MAP-LOAD] MapRegistry_Load(10)=map2_s00 linked=1 header=005b1b94
[MEM] after map-load: free=4332KB (1083 pages)
[LANG] USA disc-patch skipped on Xbox (compiled text kept)
[SH-XBOX] GameState -> 10 (step 0)
[BOOT-STEP] GameStartup step=0 qlen=0
[TRANSITION] GameStartup step=0: processFlags=0x8 (LoadSave) sizeof(s_WorldGfxWork)=11708
[BOOT-STEP] GameStartup step=3 qlen=0
[BOOT-STEP] GameStartup step=4 qlen=0
[BOOT-STEP] GameStartup step=5 qlen=0
[BOOT-STEP] GameStartup step=6 qlen=6
[BOOT0/TIM] PostLoadTim file=1449 'REBIRD.TIM' ss=0x5b2c img.u=0 img.v=0 tPage=0,28 clutX=704 clutY=464
[BOOT0/TIM] post ReadTIM: prect=0xfab63c caddr=0xfab578 paddr=0xfab644 mode=8
[BOOT0/TIM] pre pixel LoadImage rect=(768,256 32x128)
[BOOT0/TIM] pre CLUT LoadImage rect=(704,464 16x6)
[BOOT0/TIM] PostLoadTim done
[BOOT0/TIM] PostLoadTim file=1415 'DOG.TIM' ss=0x5a47 img.u=0 img.v=128 tPage=0,28 clutX=720 clutY=464
[BOOT0/TIM] post ReadTIM: prect=0xfab61c caddr=0xfab578 paddr=0xfab624 mode=8
[BOOT0/TIM] pre pixel LoadImage rect=(768,384 32x128)
[BOOT0/TIM] pre CLUT LoadImage rect=(720,464 16x5)
[BOOT0/TIM] PostLoadTim done
[BOOT-STEP] GameStartup step=7 qlen=0
[TRANSITION] GameStartup step=7: processFlags=0x8 playerPos=(-181758,819,1416001) func_80039F90=0x0
[IPD-INIT] Ipd_MapFileInfoSet: mapTag='THR' activeIpdCount=4 isExterior=1 plmIdx=1370 ipdFileIdx=0 textureFileIdx=0 curSize=0 willRebuildGrid=1
[MEM] after chunk-buffers: free=2796KB (699 pages)
[TRANSITION] GameStartup step=7 post-init: playerPos=(-181758,819,1416001) mapTag='THR'
[BOOT-STEP] GameStartup step=8 qlen=8
[BOOT0/TIM] PostLoadTim file=1073 'THR0001F.TIM' ss=0x45d8 img.u=0 img.v=0 tPage=0,8 clutX=0 clutY=0
[BOOT0/TIM] post ReadTIM: prect=0xfb563c caddr=0xfb5578 paddr=0xfb5644 mode=8
[BOOT0/TIM] pre pixel LoadImage rect=(512,0 64x256)
[BOOT0/TIM] pre CLUT LoadImage rect=(0,0 16x6)
[BOOT0/TIM] PostLoadTim done
[POOLSTOMP] upload (512,0 64x256) hits PINNED pool slot 0 'THR0001F' (512,0)
[BOOT0/TIM] PostLoadTim file=1077 'THR0003F.TIM' ss=0x4625 img.u=0 img.v=0 tPage=0,9 clutX=16 clutY=0
[BOOT0/TIM] post ReadTIM: prect=0xfb573c caddr=0xfb5578 paddr=0xfb5744 mode=8
[BOOT0/TIM] pre pixel LoadImage rect=(576,0 64x256)
[BOOT0/TIM] pre CLUT LoadImage rect=(16,0 16x14)
[BOOT0/TIM] PostLoadTim done
[POOLSTOMP] upload (576,0 64x256) hits PINNED pool slot 1 'THR0003F' (576,0)
[BOOT0/TIM] PostLoadTim file=1075 'THR0002F.TIM' ss=0x45fe img.u=0 img.v=0 tPage=0,10 clutX=32 clutY=0
[BOOT0/TIM] post ReadTIM: prect=0xfb56bc caddr=0xfb5578 paddr=0xfb56c4 mode=8
[BOOT0/TIM] pre pixel LoadImage rect=(640,0 64x256)
[BOOT0/TIM] pre CLUT LoadImage rect=(32,0 16x10)
[BOOT0/TIM] PostLoadTim done
[POOLSTOMP] upload (640,0 64x256) hits PINNED pool slot 2 'THR0002F' (640,0)
[BOOT0/TIM] PostLoadTim file=1079 'THR0004F.TIM' ss=0x4644 img.u=0 img.v=0 tPage=0,21 clutX=48 clutY=0
[BOOT0/TIM] post ReadTIM: prect=0xfb577c caddr=0xfb5578 paddr=0xfb5784 mode=8
[BOOT0/TIM] pre pixel LoadImage rect=(320,256 64x256)
[BOOT0/TIM] pre CLUT LoadImage rect=(48,0 16x16)
[BOOT0/TIM] PostLoadTim done
[POOLSTOMP] upload (320,256 64x256) hits PINNED pool slot 3 'THR0004F' (320,256)
[BOOT0/TIM] PostLoadTim file=1271 'THRCT21F.TIM' ss=0x521c img.u=0 img.v=0 tPage=0,22 clutX=64 clutY=0
[BOOT0/TIM] post ReadTIM: prect=0xfb56fc caddr=0xfb5578 paddr=0xfb5704 mode=8
[BOOT0/TIM] pre pixel LoadImage rect=(384,256 64x256)
[BOOT0/TIM] pre CLUT LoadImage rect=(64,0 16x12)
[BOOT0/TIM] PostLoadTim done
[POOLSTOMP] upload (384,256 64x256) hits PINNED pool slot 4 'THRCT21F' (384,256)
[BOOT0/TIM] PostLoadTim file=1272 'THRCT22F.TIM' ss=0x522d img.u=0 img.v=0 tPage=0,23 clutX=80 clutY=0
[BOOT0/TIM] post ReadTIM: prect=0xfb56fc caddr=0xfb5578 paddr=0xfb5704 mode=8
[BOOT0/TIM] pre pixel LoadImage rect=(448,256 64x256)
[BOOT0/TIM] pre CLUT LoadImage rect=(80,0 16x12)
[BOOT0/TIM] PostLoadTim done
[POOLSTOMP] upload (448,256 64x256) hits PINNED pool slot 5 'THRCT22F' (448,256)
[BOOT0/TIM] PostLoadTim file=1274 'THRCT23H.TIM' ss=0x5247 img.u=0 img.v=0 tPage=0,26 clutX=128 clutY=0
[BOOT0/TIM] post ReadTIM: prect=0xfb573c caddr=0xfb5578 paddr=0xfb5744 mode=8
[BOOT0/TIM] pre pixel LoadImage rect=(640,256 32x256)
[BOOT0/TIM] pre CLUT LoadImage rect=(128,0 16x14)
[BOOT0/TIM] PostLoadTim done
[POOLSTOMP] upload (640,256 32x256) hits PINNED pool slot 8 'THRCT23H' (640,256)
[BOOT0/TIM] PostLoadTim file=1266 'THRC101F.TIM' ss=0x51c7 img.u=0 img.v=0 tPage=0,24 clutX=96 clutY=0
[BOOT0/TIM] post ReadTIM: prect=0xfb561c caddr=0xfb5578 paddr=0xfb5624 mode=8
[BOOT0/TIM] pre pixel LoadImage rect=(512,256 64x256)
[BOOT0/TIM] pre CLUT LoadImage rect=(96,0 16x5)
[BOOT0/TIM] PostLoadTim done
[POOLSTOMP] upload (512,256 64x256) hits PINNED pool slot 6 'THRC101F' (512,256)
[TEXVRAM] 'THR0001F' tPage=[0,8] clutXY=(0,0) uv=(0,0)
[TEXVRAM] 'THR0003F' tPage=[0,9] clutXY=(16,0) uv=(0,0)
[TEXVRAM] 'THR0002F' tPage=[0,10] clutXY=(32,0) uv=(0,0)
[TEXVRAM] 'THR0004F' tPage=[0,21] clutXY=(48,0) uv=(0,0)
[TEXVRAM] 'THRCT23H' tPage=[0,26] clutXY=(128,0) uv=(0,0)
[TEXVRAM] 'THRCT21F' tPage=[0,22] clutXY=(64,0) uv=(0,0)
[TEXVRAM] 'THRCT22F' tPage=[0,23] clutXY=(80,0) uv=(0,0)
[TEXVRAM] 'THRC101F' tPage=[0,24] clutXY=(96,0) uv=(0,0)
[BOOT-STEP] GameStartup step=9 qlen=0
[BOOT-STEP] GameStartup step=10 qlen=0
[SH_AMB] Sd_AmbientSfxSet idx=11 -> loadCmd=178
[SH_AMB] Sd_VabLoad ambient cmd=178 type=2 dedup=0
[STP] tpage=0x104 clut=0x0 zero=27532 stp1=9774
[STP] tpage=0x100 clut=0x0 zero=59352 stp1=1534
[STP] tpage=0x104 clut=0x0 zero=27532 stp1=9774
[STP] tpage=0x100 clut=0x0 zero=59370 stp1=1534
[STP] tpage=0x114 clut=0x0 zero=18317 stp1=17823
[STP] tpage=0x110 clut=0x0 zero=59175 stp1=462
[BOOT-STEP] GameStartup step=11 qlen=0
[STP] tpage=0x114 clut=0x0 zero=18317 stp1=17823
[STP] tpage=0x110 clut=0x0 zero=59175 stp1=462
[STP] tpage=0x104 clut=0x0 zero=27532 stp1=9774
[STP] tpage=0x100 clut=0x0 zero=59370 stp1=1534
[STP] tpage=0x104 clut=0x0 zero=27532 stp1=9774
[STP] tpage=0x100 clut=0x0 zero=59361 stp1=1534
[CHARA-TEX] charaId=2 matCount=1 modelCount=16
[CHARA-TEX] mat[0] name='REBIRD' field_C=1 E=0x5c F=0x5c clut=0x742c UV=0x0000 tex=0
[CHARA-TEX] prim0: f0=0x2971(UV0) f2=0x74ac(clut) f4=0x1d6a(UV1) f6=0x005c(tpage) f8=0x2077(UV2) fA=0x0000(UV3)
[CHARA-TEX] texDesc: tPage=[0,28] u=0 v=0 clutXY=(704,464)
[CHARA-TEX] charaId=4 matCount=1 modelCount=22
[CHARA-TEX] mat[0] name='DOG' field_C=1 E=0x5c F=0x5c clut=0x742d UV=0x8000 tex=0
[CHARA-TEX] prim0: f0=0xce2b(UV0) f2=0x742d(clut) f4=0xc02e(UV1) f6=0x005c(tpage) f8=0xcd2f(UV2) fA=0x8000(UV3)
[CHARA-TEX] texDesc: tPage=[0,28] u=0 v=128 clutXY=(720,464)
[SFX] Sd_SfxStop: sfxId=1300 (Sfx_Base+20)
[SFX] Sd_SfxStop: sfxId=1302 (Sfx_Base+22)
[SFX] Sd_SfxStop: sfxId=1301 (Sfx_Base+21)
[SFX] Sd_SfxStop: sfxId=1303 (Sfx_Base+23)
[SFX] Sd_SfxStop: sfxId=1321 (Sfx_Base+41)
[SFX] Sd_SfxStop: sfxId=1322 (Sfx_Base+42)
[WOBJ] resolved 'AXIS1_HI' lmIdx=4
[WOBJ] resolved 'AXIS2_BA' lmIdx=4
[WOBJ] resolved 'PAD_NEAR' lmIdx=1
[RELOAD_KF] weap=34 blendStart=-1 blendEnd=605 activeEnd=641
[WEP_LOAD] weaponAttack=34 FS_BUFFER_12=0xee9118 — queuing weapon ANM
[WEP_LOAD] post-load FS_BUFFER_12 first 16 bytes: 00 fa 00 7f ff fd 01 7f fe 03 02 7f 7f 01 01 ff
[WEP_LOAD] HARRY_BASE_ANIM_INFOS[56] status=56 hasVar=0 link=57 sk=-1 ek=570
[WEP_LOAD] HARRY_BASE_ANIM_INFOS[57] status=57 hasVar=0 link=57 sk=570 ek=579
[WEP_LOAD] g_Player_EquippedWeaponInfo: attackSfx=1287 animStop=66 animAttack=72 animHold=61 sizeof=12
[BOOT0/TIM] PostLoadTim file=1505 'TIM00.TIM' ss=0x5dcb img.u=0 img.v=0 tPage=0,15 clutX=176 clutY=0
[BOOT0/TIM] post ReadTIM: prect=0xfab77c caddr=0xfab578 paddr=0xfab784 mode=8
[BOOT0/TIM] pre pixel LoadImage rect=(960,0 64x256)
[BOOT0/TIM] pre CLUT LoadImage rect=(176,0 16x16)
[BOOT0/TIM] PostLoadTim done
[BOOT-STEP] GameStartup step=12 qlen=2
[RACOND] *** KILL-FRAME EDGE: flagByte 00 -> FC, mapIdx=10 room=40 (set wants mapIdx=8 room=2)
[SH-XBOX] GameState -> 11 (step 0)
[FOGST-GPU] clear=0xff6c6474
[BIGPRIM] code=0x3a tp=0xa span=1020x770 at(130,-25)
[BGM] ChannelSet bgmIdx=6 cmd=773
[BOOT0/TIM] PostLoadTim file=1514 'TIM07.TIM' ss=0x5e64 img.u=32 img.v=0 tPage=0,13 clutX=240 clutY=0
[BOOT0/TIM] post ReadTIM: prect=0xfab67c caddr=0xfab578 paddr=0xfab684 mode=8
[BOOT0/TIM] pre pixel LoadImage rect=(864,0 32x256)
[BOOT0/TIM] pre CLUT LoadImage rect=(240,0 16x8)
[BOOT0/TIM] PostLoadTim done
[SH_DRIP] key_on song=0 ch=8 prog=5 note=53 bank=127 vabId=3 tones=1 match=1 vab2match=0
[BIGPRIM] code=0x3c tp=0x3a span=630x1308 at(-368,964)
[BOOT0/TIM] PostLoadTim file=1509 'TIM02.TIM' ss=0x5e0f img.u=0 img.v=0 tPage=0,14 clutX=160 clutY=0
[BOOT0/TIM] post ReadTIM: prect=0xfab77c caddr=0xfab578 paddr=0xfab784 mode=8
[BOOT0/TIM] pre pixel LoadImage rect=(896,0 64x256)
[BOOT0/TIM] pre CLUT LoadImage rect=(160,0 16x16)
[BOOT0/TIM] PostLoadTim done
[SH_DRIP] key_on song=0 ch=7 prog=4 note=45 bank=127 vabId=3 tones=1 match=1 vab2match=0
[SH_DRIP] key_on song=0 ch=4 prog=2 note=63 bank=127 vabId=3 tones=1 match=1 vab2match=0
[BIGPRIM] code=0x3c tp=0x3a span=1254x1032 at(-1040,867)
[BIGPRIM] code=0x3c tp=0x36 span=1803x1012 at(22,1954)
[BIGPRIM] code=0x3c tp=0x36 span=1689x1376 at(-1322,1436)
[BIGPRIM] code=0x3c tp=0x36 span=1458x1305 at(367,1051)
[BIGPRIM] code=0x3c tp=0x36 span=990x1067 at(-416,887)
[SH_DRIP] key_on song=0 ch=1 prog=0 note=49 bank=127 vabId=3 tones=1 match=1 vab2match=1
[BIGPRIM] code=0x3c tp=0x36 span=1302x627 at(-1154,327)
[SH_DRIP] key_on song=0 ch=2 prog=0 note=49 bank=127 vabId=3 tones=1 match=1 vab2match=1
[BIGPRIM] code=0x3c tp=0x36 span=1320x640 at(-1136,327)
[BIGPRIM] code=0x3c tp=0x37 span=1200x1115 at(-1016,331)
[BIGPRIM] code=0x3c tp=0x36 span=756x797 at(-497,-919)
[BIGPRIM] code=0x3a tp=0xa span=1020x770 at(130,-25)
[BIGPRIM] code=0x3c tp=0x3a span=630x1308 at(-368,964)
[BIGPRIM] code=0x3c tp=0x3a span=1254x1032 at(-1040,867)
[BIGPRIM] code=0x3c tp=0x36 span=1803x1012 at(22,1954)
[BIGPRIM] code=0x3c tp=0x36 span=1689x1376 at(-1322,1436)
[BIGPRIM] code=0x3c tp=0x36 span=1458x1305 at(367,1051)
[BIGPRIM] code=0x3c tp=0x36 span=990x1067 at(-416,887)
[BIGPRIM] code=0x3c tp=0x36 span=1302x627 at(-1154,327)
[BIGPRIM] code=0x3c tp=0x36 span=1320x640 at(-1136,327)
[BIGPRIM] code=0x3c tp=0x37 span=1200x1115 at(-1016,331)
[BIGPRIM] code=0x3c tp=0x36 span=756x797 at(-497,-919)
[BIGPRIM] code=0x3a tp=0xa span=1020x770 at(130,-25)
[BIGPRIM] code=0x3c tp=0x3a span=630x1308 at(-368,964)
[BIGPRIM] code=0x3c tp=0x3a span=1254x1032 at(-1040,867)
[BIGPRIM] code=0x3c tp=0x36 span=1803x1012 at(22,1954)
[BIGPRIM] code=0x3c tp=0x36 span=1689x1376 at(-1322,1436)
[BIGPRIM] code=0x3c tp=0x36 span=1458x1305 at(367,1051)
[BIGPRIM] code=0x3c tp=0x36 span=990x1067 at(-416,887)
[BIGPRIM] code=0x3c tp=0x36 span=1302x627 at(-1154,327)
[BIGPRIM] code=0x3c tp=0x36 span=1320x640 at(-1136,327)
[BIGPRIM] code=0x3c tp=0x37 span=1200x1115 at(-1016,331)
[BIGPRIM] code=0x3c tp=0x36 span=756x797 at(-497,-919)
[BIGPRIM] code=0x3a tp=0xa span=1020x770 at(130,-25)
[BIGPRIM] code=0x3c tp=0x3a span=630x1308 at(-368,964)
[BIGPRIM] code=0x3c tp=0x3a span=1254x1032 at(-1040,867)
[BIGPRIM] code=0x3c tp=0x36 span=1803x1012 at(22,1954)
[BIGPRIM] code=0x3c tp=0x36 span=1689x1376 at(-1322,1436)
[BIGPRIM] code=0x3c tp=0x36 span=1458x1305 at(367,1051)
[BIGPRIM] code=0x3c tp=0x36 span=990x1067 at(-416,887)
[BIGPRIM] code=0x3c tp=0x36 span=1302x627 at(-1154,327)
[BIGPRIM] code=0x3c tp=0x36 span=1317x634 at(-1136,327)
[BIGPRIM] code=0x3c tp=0x36 span=1020x1079 at(-455,900)
[BIGPRIM] code=0x3c tp=0x3a span=1197x1006 at(-1028,925)
[BIGPRIM] code=0x3a tp=0xa span=1020x770 at(130,-25)
[BIGPRIM] code=0x3c tp=0x37 span=18x868 at(448,1803)
[BIGPRIM] code=0x3c tp=0x36 span=1089x823 at(1105,845)
[SH_DRIP] key_on song=0 ch=5 prog=3 note=66 bank=127 vabId=3 tones=1 match=1 vab2match=0
[BIGPRIM] code=0x3c tp=0x36 span=942x768 at(1069,790)
[BIGPRIM] code=0x3a tp=0xa span=1020x770 at(130,-25)
[BIGPRIM] code=0x3c tp=0x37 span=102x855 at(649,1816)
[BIGPRIM] code=0x3c tp=0x37 span=114x848 at(691,1816)
[BIGPRIM] code=0x3c tp=0x3a span=1143x405 at(-905,678)
[BIGPRIM] code=0x3a tp=0xa span=1020x770 at(130,-25)
[BIGPRIM] code=0x3c tp=0x36 span=1410x1613 at(-1118,948)
[BIGPRIM] code=0x3c tp=0x36 span=1476x1633 at(1075,658)
[BIGPRIM] code=0x3c tp=0x36 span=666x913 at(64,665)
[BIGPRIM] code=0x3c tp=0x37 span=240x810 at(1075,1751)
[BIGPRIM] code=0x3c tp=0x37 span=438x984 at(793,1391)
[BIGPRIM] code=0x3c tp=0x36 span=1476x1260 at(-950,1533)
[BIGPRIM] code=0x3c tp=0x36 span=1473x1559 at(1042,626)
[BIGPRIM] code=0x3c tp=0x36 span=870x1527 at(232,771)
[BIGPRIM] code=0x3c tp=0x36 span=891x1501 at(277,790)
[BIGPRIM] code=0x3c tp=0x37 span=162x842 at(811,1809)
[BIGPRIM] code=0x3a tp=0xa span=1020x770 at(130,-25)
[BIGPRIM] code=0x3c tp=0x3a span=1020x322 at(-749,655)
[BIGPRIM] code=0x3c tp=0x36 span=1395x1247 at(-974,1141)
[BIGPRIM] code=0x3c tp=0x36 span=1701x1070 at(364,1793)
[BIGPRIM] code=0x3a tp=0xa span=1020x770 at(130,-25)
[BIGPRIM] code=0x3a tp=0xa span=1020x770 at(130,-25)
[BIGPRIM] code=0x3c tp=0x36 span=1671x1292 at(-1310,1507)
[BIGPRIM] code=0x3c tp=0x36 span=1449x1305 at(370,1063)
[BIGPRIM] code=0x3c tp=0x36 span=981x1077 at(-401,877)
[BIGPRIM] code=0x3c tp=0x36 span=1008x1061 at(-434,893)
[BIGPRIM] code=0x3c tp=0x3a span=1197x1006 at(-1028,932)
[BIGPRIM] code=0x3c tp=0x36 span=1428x1042 at(367,1076)
[BIGPRIM] code=0x3c tp=0x37 span=48x881 at(454,1655)
[BIGPRIM] code=0x3c tp=0x36 span=1683x771 at(-950,2253)
[SH-XBOX] vblank 4200
[MEM] tick: free=2796KB (699 pages)
[BIGPRIM] code=0x3c tp=0x36 span=1179x1141 at(-812,864)
[BIGPRIM] code=0x3c tp=0x36 span=1860x1100 at(1123,-1112)
[BIGPRIM] code=0x3c tp=0x37 span=168x842 at(847,1803)
[BIGPRIM] code=0x3c tp=0x37 span=228x842 at(715,1668)
[BIGPRIM] code=0x3c tp=0x3a span=1140x501 at(-830,1970)
[BIGPRIM] code=0x3c tp=0x36 span=1935x861 at(-332,2317)
[BIGPRIM] code=0x3c tp=0x36 span=696x999 at(-5,675)
[BIGPRIM] code=0x3c tp=0x37 span=258x804 at(1117,1738)
[BIGPRIM] code=0x3c tp=0x37 span=183x781 at(1030,752)
[BIGPRIM] code=0x3c tp=0x37 span=318x790 at(877,1636)
[BIGPRIM] code=0x3a tp=0xa span=1020x770 at(130,-25)
[BIGPRIM] code=0x3c tp=0x3a span=741x865 at(-470,533)
[BIGPRIM] code=0x3c tp=0x3a span=657x858 at(-488,591)
[BIGPRIM] code=0x3c tp=0x37 span=129x1221 at(886,1102)
[BIGPRIM] code=0x3c tp=0x37 span=99x1202 at(904,1134)
[BIGPRIM] code=0x3c tp=0x36 span=1023x598 at(-356,2291)
[BIGPRIM] code=0x3c tp=0x3a span=795x816 at(-476,575)
[BIGPRIM] code=0x3c tp=0x37 span=324x790 at(913,1636)
[BIGPRIM] code=0x3c tp=0x36 span=852x893 at(-410,662)
[BIGPRIM] code=0x3c tp=0x36 span=1170x582 at(1024,-652)
[BIGPRIM] code=0x3c tp=0x36 span=747x1273 at(-143,793)
[BIGPRIM] code=0x3c tp=0x3a span=270x997 at(64,658)
[BIGPRIM] code=0x3c tp=0x36 span=1251x1633 at(724,1513)
[BIGPRIM] code=0x3c tp=0x3a span=423x978 at(226,793)
[BIGPRIM] code=0x3c tp=0x36 span=627x819 at(181,871)
[BIGPRIM] code=0x3c tp=0x37 span=225x1550 at(604,1288)
[BIGPRIM] code=0x3c tp=0x36 span=501x1006 at(-272,1549)
[BIGPRIM] code=0x3c tp=0x36 span=873x913 at(-539,806)
[BIGPRIM] code=0x3c tp=0x36 span=927x1559 at(610,964)
[BIGPRIM] code=0x3a tp=0xa span=1020x770 at(130,-25)
[BIGPRIM] code=0x3c tp=0x36 span=825x1347 at(622,938)
[BIGPRIM] code=0x3c tp=0x37 span=60x1103 at(715,851)
[BIGPRIM] code=0x3c tp=0x37 span=1191x250 at(580,2973)
[BIGPRIM] code=0x3c tp=0x37 span=858x1421 at(1093,800)
[BIGPRIM] code=0x3c tp=0x37 span=1116x469 at(643,2896)
[BIGPRIM] code=0x3c tp=0x37 span=855x1424 at(1090,797)
[BIGPRIM] code=0x3c tp=0x37 span=1095x1623 at(721,845)
[GP-STATE-TXN] Gameplay -> sysState=7 (param=43)
[SYSSTATE] dispatch sysState=7 mapEventData=0x5b0f90
[BIGPRIM] code=0x3c tp=0x37 span=1236x1250 at(580,1877)
[TXTPG] drawmode tagcode=0xe1 n=1 w0=0xE1000612 -> curTpage=18
[FONTDUMP] INGAME tpage=16 words=0..63 (21 glyphs, 6 cols each)
[FONTDUMP] INGAME  0|#...........#..........................................##..........##....##......#...###....##...###...###...##...............
[FONTDUMP] INGAME  1|##.....##....#....................................#....###....##...###...###.....#...####..###...####..###...###..............
[FONTDUMP] INGAME  2|##.....#.....#....................................#....#.#....##..####..##.#....##...###...##...#####..#.##.##.#..............
[FONTDUMP] INGAME  3|.#.....#.....#............#......................##...##.##..###.....##....#....##...##....#........#..#.##.##.##.............
[FONTDUMP] INGAME  4|.#.....#.....#............#......................#....##.##...##.....##...##...###..###...###......##..###..##.##.#.....#.....
[FONTDUMP] INGAME  5|......##.....##...#####...#......................#....##.##...##.....##...##...###...###..####.....#....##..##.##.##....##....
[FONTDUMP] INGAME  6|......##.....##....####...#......................#....##.##...##.....#....##..##.#.....#..##.#.....#...###...#.##..#.....#....
[FONTDUMP] INGAME  7|......##.....##.........#####........###.........#....##.##...##....##.....##.####.....#..##.##....#...###...####.............
[FONTDUMP] INGAME  8|......##.....##..........####........####........#....##.##...##....#......##..####....#..##.##...##...#.##...###.............
[FONTDUMP] INGAME  9|......##.....##...#####...#.....................##.....#.##...##...##...#..##....#..#..#..##.##...#....#.##....#..............
[FONTDUMP] INGAME 10|.......#.....##....####...#...#...........#.....#......#.#....##...####.##.##....#..##.#...#.##...#....#.##...##..#.....#.....
[FONTDUMP] INGAME 11|.......#.....#............#...##..........##....#......###...###..#####..###.....#...###...###....#....####..###..##....##....
[FONTDUMP] INGAME 12|.......#.....#.................#...........#............##....###..###...###.....#...##.....##....#.....##...##....#.....#....
[FONTDUMP] INGAME 13|.......#.....#.................#.........................................................................................#....
[FONTDUMP] INGAME 14|........#...##................##........................................................................................##....
[FONTDUMP] INGAME 15|........#.....................................................................................................................
[FONTDUMP] INGAME tpage=17 words=64..127 (21 glyphs, 6 cols each)
[FONTDUMP] INGAME  0|...................##......#........####....##.#####..#####.#####...##..##..##.##....###..##.##.##....##..####..##..##..###...
[FONTDUMP] INGAME  1|..................###......#.....#...####..#####.####..####..####..#####.##.##..##....##...##.##.##....#..##.#...#.####..###..
[FONTDUMP] INGAME  2|..................####.....#....##...#..#..##..#.#..#..#..#..#..#..##.##.#..##..#.....##...#.##..#.....#..##.##..#.##.#..#..#.
[FONTDUMP] INGAME  3|...................###.....#....##...#..##.#...#.#..##.#.....#.....#...#.#..##..#.....##...#.#...#.....#.###.##..#.#..##.#..#.
[FONTDUMP] INGAME  4|...#........#.......##....##....##...#..####.....#...#.#.....#....##...#.#..##..#.....##...###...#.....#####.##..###...#.#..#.
[FONTDUMP] INGAME  5|..###........#......##..######..###..####.##.....#...#.####..####.##..##.#####..#.....##...##....#.....#####.###.###...#.#.##.
[FONTDUMP] INGAME  6|.###.........##.....#....#####.##.#..####.##.....#...#.####..####.##..##.#####..#.....##...##....#.....#####.#.#.###...#.####.
[FONTDUMP] INGAME  7|###...######..##...##....####..####..#..#.##.....#...#.#..#..#..#.##..##.#..##..#.....##...##....#.....#####.#.#####...#.###..
[FONTDUMP] INGAME  8|.#.....#####..###..#......###..####..#..##.#.....#..##.#.....#.....#..##.#..##..#.....##...#.#...#.....#####.#..##.#..##.#....
[FONTDUMP] INGAME  9|.##..........###..........###..#..#..#..##.#...#.#..##.#..#..#.....#..##.#..##..#...#.##...#.#...#..##.#####.#..##.#..##.#....
[FONTDUMP] INGAME 10|..##........###....#.....####.##..##.#..##.#...#.#..##.#..#..#.....#..##.#..##..#...####...#..#..#..##.#.###.#..##.#..##.#....
[FONTDUMP] INGAME 11|...##........#.....##....##.#.#...#######...#########.#####.###.....###.##..##.##....###..##.###########.#####...#..###.##....
[FONTDUMP] INGAME 12|....................#....#...#.#..##.###....###..###...####..##.....###..##.##..##...##....##.##.####..#.###.#...#..##...##...
[FONTDUMP] INGAME 13|..............................................................................................................................
[FONTDUMP] INGAME 14|..............................................................................................................................
[FONTDUMP] INGAME 15|..............................................................................................................................
[FONTDUMP] INGAME tpage=18 words=128..191 (21 glyphs, 6 cols each)
[FONTDUMP] INGAME  0|..##..###....##...#####.##..####..##########..#.##..#.#####...#....#....#.#.....##........#............#.............#........
[FONTDUMP] INGAME  1|.####..###...####.######.##..####..#####.#.##.##.##.###########....#....###.....##........#...........##............##........
[FONTDUMP] INGAME  2|.##.#..#..#.##.##.####.#.#...#.#...#####.#.##.#..##.#.##.##.###....#.....##.....###.......##...........#.............#........
[FONTDUMP] INGAME  3|.#..##.#..#.##..#...##.#.#...#.##.##.###.#.####..##.#....##.###....#....###.....###.......##...........#.............#........
[FONTDUMP] INGAME  4|##...#.#..#.##..#...##...#...#.##.#..#####..##....###....##..##....#......#.....##.........#.....##....##....##....#.#...##...
[FONTDUMP] INGAME  5|##...#.#.##..##.....##...#...#.##.#..####...##....##....##.........#...........#####............###....###...###...###...##...
[FONTDUMP] INGAME  6|##...#.####..###....##...#...#..#.#..####...##....##....##.........#...........#####............####...###..##.#..##.#..##.#..
[FONTDUMP] INGAME  7|##...#.###....##....##...#...#..###..####...##....##....##.........#..........######.............###...#.##.##.#..##.#..####..
[FONTDUMP] INGAME  8|.#..##.#.#..#..##...##...#...#..##...####..###....##...##..........#..........##.##..............###...#.##.##....##.#..####..
[FONTDUMP] INGAME  9|.#..##.#.#..#..##...##...#..##..##...####..#.##...##...##.....................##.###............####...#.##.##.#..##.#..##.#..
[FONTDUMP] INGAME 10|.#..##.#..#.##.##...##...##.##...#....#.#..#..#...##...##.##.......#..........##.###............####...#.##..#.#...###...###..
[FONTDUMP] INGAME 11|..###.###.######....##....###....#....#.#.##.##...##..######.......#...........#####.............####..###...###...###...###..
[FONTDUMP] INGAME 12|...#...##..#..##....##....###....#....#.#..#..##..##...#####.......#...........##.##.............#.#....##....##....#.....#...
[FONTDUMP] INGAME 13|...#..........................................................................................................................
[FONTDUMP] INGAME 14|....#.........................................................................................................................
[FONTDUMP] INGAME 15|....##........................................................................................................................
[FONTDUMP] INGAME tpage=19 words=192..255 (21 glyphs, 6 cols each)
[FONTDUMP] INGAME  0|.##..........#.....#.....#.....#.....#........................................................................................
[FONTDUMP] INGAME  1|.##.........##.....#.....#....##....##........................................................................................
[FONTDUMP] INGAME  2|.#.#.........#.....#.....#.....#.....#...............................................#........................................
[FONTDUMP] INGAME  3|.#...........#.................#.....#...............................................#........................................
[FONTDUMP] INGAME  4|###....####..###...#.....#.....###...#......#.#..###...##....##....###....#....##...##....##.#..##.##.########.#..##.##.###...
[FONTDUMP] INGAME  5|.##....####..###..##....##.....####..#....##########...###..####...###..####..###....##....#.##..##.#..###.#.####..##.#.####..
[FONTDUMP] INGAME  6|.#.....#.##..####..#.....#.....###...#.....#.#.#.####.##.#...###..##.#...#.#..##.#...#.....#.##..####..#.#.#.#.#...#..#...##..
[FONTDUMP] INGAME  7|.#.....#.##..#.##..#.....#.....##....#.....#.#.#.#.##.##.##..#.##.##.#...#.....#.#...#.....#.##..###...#####..##...####..##...
[FONTDUMP] INGAME  8|.#.....#.##..#.##..#.....#.....##....#.....#.#.#.#.##.##.##..#.##.##.#...#.....##....#.....#.##...##...####...#....###...##...
[FONTDUMP] INGAME  9|.#.....####..#.##..#.....#.....#.#...#.....#.#.#.#.##.##.##..#.##.##.#...#....#.#....#.....#.##...##...####..##.....##...##...
[FONTDUMP] INGAME 10|.#.....###...#.##..#.....#.....#.#...#.....#.#.#.#.##..#.##..####..###...#....#.##...##....#.##...##....#.#..#.#....##..##....
[FONTDUMP] INGAME 11|##.....###..##.##.##.....#....##.##.##....########.##..###...###...###..##.....###...##....####...#.....#.#.####....##..####..
[FONTDUMP] INGAME 12|.##...####...####..##....#.....####..##....#.#.#.####...##...#.#....##...##....##.....#.....#.#.........#.#..#.##...#....###..
[FONTDUMP] INGAME 13|.......#.##..............#...................................#.......#............................................#.#.........
[FONTDUMP] INGAME 14|.......###..............##..................................##......##............................................###.........
[FONTDUMP] INGAME 15|........##...............#...................................##......##............................................#..........
[TXSPR] glyph cell= 3 tpage=18 -> idx=45 char='T'
[TXTPG] drawmode tagcode=0xe1 n=1 w0=0xE1000612 -> curTpage=18
[TXSPR] glyph cell=20 tpage=18 -> idx=62 char='e'
[TXTPG] drawmode tagcode=0xe1 n=1 w0=0xE1000613 -> curTpage=19
[TXSPR] glyph cell= 2 tpage=19 -> idx=65 char='h'
[TXTPG] drawmode tagcode=0xe1 n=1 w0=0xE1000612 -> curTpage=18
[TXSPR] glyph cell= 3 tpage=18 -> idx=45 char='T'
[BIGPRIM] code=0x3c tp=0x37 span=1113x469 at(640,2896)
[TXTPG] drawmode tagcode=0xe1 n=1 w0=0xE1000610 -> curTpage=16
[TXSPR] glyph cell= 0 tpage=16 -> idx= 0 char='''
[TXTPG] drawmode tagcode=0xe1 n=1 w0=0xE1000612 -> curTpage=18
[TXSPR] glyph cell=20 tpage=18 -> idx=62 char='e'
[TXTPG] drawmode tagcode=0xe1 n=1 w0=0xE1000613 -> curTpage=19
[TXSPR] glyph cell=12 tpage=19 -> idx=75 char='r'
[TXTPG] drawmode tagcode=0xe1 n=1 w0=0xE1000612 -> curTpage=18
[TXSPR] glyph cell=20 tpage=18 -> idx=62 char='e'
[TXTPG] drawmode tagcode=0xe1 n=1 w0=0xE1000613 -> curTpage=19
[TXSPR] glyph cell= 2 tpage=19 -> idx=65 char='h'
[TXTPG] drawmode tagcode=0xe1 n=1 w0=0xE1000612 -> curTpage=18
[TXSPR] glyph cell= 3 tpage=18 -> idx=45 char='T'
[TXTPG] drawmode tagcode=0xe1 n=1 w0=0xE1000613 -> curTpage=19
[TXSPR] glyph cell= 5 tpage=19 -> idx=68 char='k'
[TXTPG] drawmode tagcode=0xe1 n=1 w0=0xE1000612 -> curTpage=18
[TXSPR] glyph cell=16 tpage=18 -> idx=58 char='a'
[TXTPG] drawmode tagcode=0xe1 n=1 w0=0xE1000613 -> curTpage=19
[TXSPR] glyph cell=13 tpage=19 -> idx=76 char='s'
[TXTPG] drawmode tagcode=0xe1 n=1 w0=0xE1000610 -> curTpage=16
[TXSPR] glyph cell= 0 tpage=16 -> idx= 0 char='''
[TXTPG] drawmode tagcode=0xe1 n=1 w0=0xE1000612 -> curTpage=18
[TXSPR] glyph cell=20 tpage=18 -> idx=62 char='e'
[TXTPG] drawmode tagcode=0xe1 n=1 w0=0xE1000613 -> curTpage=19
[TXSPR] glyph cell=12 tpage=19 -> idx=75 char='r'
[TXTPG] drawmode tagcode=0xe1 n=1 w0=0xE1000612 -> curTpage=18
[TXSPR] glyph cell=20 tpage=18 -> idx=62 char='e'
[TXTPG] drawmode tagcode=0xe1 n=1 w0=0xE1000613 -> curTpage=19
[TXSPR] glyph cell= 2 tpage=19 -> idx=65 char='h'
[TXTPG] drawmode tagcode=0xe1 n=1 w0=0xE1000612 -> curTpage=18
[TXSPR] glyph cell= 3 tpage=18 -> idx=45 char='T'
[TXTPG] drawmode tagcode=0xe1 n=1 w0=0xE1000613 -> curTpage=19
[TXSPR] glyph cell=19 tpage=19 -> idx=82 char='y'
[TXTPG] drawmode tagcode=0xe1 n=1 w0=0xE1000612 -> curTpage=18
[TXSPR] glyph cell=20 tpage=18 -> idx=62 char='e'
[TXTPG] drawmode tagcode=0xe1 n=1 w0=0xE1000613 -> curTpage=19
[TXSPR] glyph cell= 5 tpage=19 -> idx=68 char='k'
[TXTPG] drawmode tagcode=0xe1 n=1 w0=0xE1000612 -> curTpage=18
[TXSPR] glyph cell=16 tpage=18 -> idx=58 char='a'
[TXTPG] drawmode tagcode=0xe1 n=1 w0=0xE1000613 -> curTpage=19
[TXSPR] glyph cell=13 tpage=19 -> idx=76 char='s'
[TXTPG] drawmode tagcode=0xe1 n=1 w0=0xE1000610 -> curTpage=16
[TXSPR] glyph cell= 0 tpage=16 -> idx= 0 char='''
[TXTPG] drawmode tagcode=0xe1 n=1 w0=0xE1000612 -> curTpage=18
[TXSPR] glyph cell=20 tpage=18 -> idx=62 char='e'
[TXTPG] drawmode tagcode=0xe1 n=1 w0=0xE1000613 -> curTpage=19
[TXSPR] glyph cell=12 tpage=19 -> idx=75 char='r'
[TXTPG] drawmode tagcode=0xe1 n=1 w0=0xE1000612 -> curTpage=18
[TXSPR] glyph cell=20 tpage=18 -> idx=62 char='e'
[TXTPG] drawmode tagcode=0xe1 n=1 w0=0xE1000613 -> curTpage=19
[TXSPR] glyph cell= 2 tpage=19 -> idx=65 char='h'
[TXTPG] drawmode tagcode=0xe1 n=1 w0=0xE1000612 -> curTpage=18
[TXSPR] glyph cell= 3 tpage=18 -> idx=45 char='T'
[TXTPG] drawmode tagcode=0xe1 n=1 w0=0xE1000613 -> curTpage=19
[TXSPR] glyph cell= 9 tpage=19 -> idx=72 char='o'
[TXTPG] drawmode tagcode=0xe1 n=1 w0=0xE1000613 -> curTpage=19
[TXSPR] glyph cell= 2 tpage=19 -> idx=65 char='h'
[TXTPG] drawmode tagcode=0xe1 n=1 w0=0xE1000613 -> curTpage=19
[TXSPR] glyph cell=19 tpage=19 -> idx=82 char='y'
[TXTPG] drawmode tagcode=0xe1 n=1 w0=0xE1000612 -> curTpage=18
[TXSPR] glyph cell=20 tpage=18 -> idx=62 char='e'
[TXTPG] drawmode tagcode=0xe1 n=1 w0=0xE1000613 -> curTpage=19
[TXSPR] glyph cell= 5 tpage=19 -> idx=68 char='k'
[TXTPG] drawmode tagcode=0xe1 n=1 w0=0xE1000612 -> curTpage=18
[TXSPR] glyph cell=16 tpage=18 -> idx=58 char='a'
[TXTPG] drawmode tagcode=0xe1 n=1 w0=0xE1000613 -> curTpage=19
[TXSPR] glyph cell=13 tpage=19 -> idx=76 char='s'
[TXTPG] drawmode tagcode=0xe1 n=1 w0=0xE1000610 -> curTpage=16
[TXSPR] glyph cell= 0 tpage=16 -> idx= 0 char='''
[TXTPG] drawmode tagcode=0xe1 n=1 w0=0xE1000612 -> curTpage=18
[TXSPR] glyph cell=20 tpage=18 -> idx=62 char='e'
[TXTPG] drawmode tagcode=0xe1 n=1 w0=0xE1000613 -> curTpage=19
[TXSPR] glyph cell=12 tpage=19 -> idx=75 char='r'
[TXTPG] drawmode tagcode=0xe1 n=1 w0=0xE1000612 -> curTpage=18
[TXSPR] glyph cell=20 tpage=18 -> idx=62 char='e'
[TXTPG] drawmode tagcode=0xe1 n=1 w0=0xE1000613 -> curTpage=19
[TXSPR] glyph cell= 2 tpage=19 -> idx=65 char='h'
[TXTPG] drawmode tagcode=0xe1 n=1 w0=0xE1000612 -> curTpage=18
[TXSPR] glyph cell= 3 tpage=18 -> idx=45 char='T'
[BIGPRIM] code=0x3c tp=0x36 span=675x929 at(40,832)
[TXTPG] drawmode tagcode=0xe1 n=1 w0=0xE1000612 -> curTpage=18
[TXSPR] glyph cell=20 tpage=18 -> idx=62 char='e'
[TXTPG] drawmode tagcode=0xe1 n=1 w0=0xE1000613 -> curTpage=19
[TXSPR] glyph cell= 6 tpage=19 -> idx=69 char='l'
[TXTPG] drawmode tagcode=0xe1 n=1 w0=0xE1000613 -> curTpage=19
[TXSPR] glyph cell= 9 tpage=19 -> idx=72 char='o'
[TXTPG] drawmode tagcode=0xe1 n=1 w0=0xE1000613 -> curTpage=19
[TXSPR] glyph cell= 2 tpage=19 -> idx=65 char='h'
[TXTPG] drawmode tagcode=0xe1 n=1 w0=0xE1000613 -> curTpage=19
[TXSPR] glyph cell=19 tpage=19 -> idx=82 char='y'
[TXTPG] drawmode tagcode=0xe1 n=1 w0=0xE1000612 -> curTpage=18
[TXSPR] glyph cell=20 tpage=18 -> idx=62 char='e'
[TXTPG] drawmode tagcode=0xe1 n=1 w0=0xE1000613 -> curTpage=19
[TXSPR] glyph cell= 5 tpage=19 -> idx=68 char='k'
[TXTPG] drawmode tagcode=0xe1 n=1 w0=0xE1000612 -> curTpage=18
[TXSPR] glyph cell=16 tpage=18 -> idx=58 char='a'
[TXTPG] drawmode tagcode=0xe1 n=1 w0=0xE1000613 -> curTpage=19
[TXSPR] glyph cell=13 tpage=19 -> idx=76 char='s'
[TXTPG] drawmode tagcode=0xe1 n=1 w0=0xE1000610 -> curTpage=16
[TXSPR] glyph cell= 0 tpage=16 -> idx= 0 char='''
[TXTPG] drawmode tagcode=0xe1 n=1 w0=0xE1000612 -> curTpage=18
[TXSPR] glyph cell=20 tpage=18 -> idx=62 char='e'
[TXTPG] drawmode tagcode=0xe1 n=1 w0=0xE1000613 -> curTpage=19
[TXSPR] glyph cell=12 tpage=19 -> idx=75 char='r'
[TXTPG] drawmode tagcode=0xe1 n=1 w0=0xE1000612 -> curTpage=18
[TXSPR] glyph cell=20 tpage=18 -> idx=62 char='e'
[TXTPG] drawmode tagcode=0xe1 n=1 w0=0xE1000613 -> curTpage=19
[TXSPR] glyph cell= 2 tpage=19 -> idx=65 char='h'
[TXTPG] drawmode tagcode=0xe1 n=1 w0=0xE1000612 -> curTpage=18
[TXSPR] glyph cell= 3 tpage=18 -> idx=45 char='T'
[TXTPG] drawmode tagcode=0xe1 n=1 w0=0xE1000613 -> curTpage=19
[TXSPR] glyph cell= 8 tpage=19 -> idx=71 char='n'
[TXTPG] drawmode tagcode=0xe1 n=1 w0=0xE1000613 -> curTpage=19
[TXSPR] glyph cell= 9 tpage=19 -> idx=72 char='o'
[BIGPRIM] code=0x3c tp=0x37 span=861x1428 at(1090,793)
[BIGPRIM] code=0x3c tp=0x37 span=1095x1623 at(721,845)
[BIGPRIM] code=0x3c tp=0x37 span=1236x1250 at(580,1877)
[BIGPRIM] code=0x3c tp=0x37 span=1113x469 at(640,2896)
[BIGPRIM] code=0x3c tp=0x36 span=675x929 at(40,832)
[BIGPRIM] code=0x3c tp=0x37 span=861x1428 at(1090,793)
[BIGPRIM] code=0x3c tp=0x37 span=1095x1623 at(721,845)
[BIGPRIM] code=0x3c tp=0x37 span=1236x1250 at(580,1877)
[BIGPRIM] code=0x3c tp=0x37 span=1113x469 at(640,2896)
[BIGPRIM] code=0x3c tp=0x36 span=675x929 at(40,832)
[BIGPRIM] code=0x3c tp=0x37 span=861x1428 at(1090,793)
[BIGPRIM] code=0x3c tp=0x37 span=1095x1623 at(721,845)
[BIGPRIM] code=0x3c tp=0x37 span=1236x1250 at(580,1877)
[BIGPRIM] code=0x3c tp=0x37 span=1113x469 at(640,2896)
[BIGPRIM] code=0x3c tp=0x36 span=675x929 at(40,832)
[BIGPRIM] code=0x3c tp=0x37 span=861x1428 at(1090,793)
[BIGPRIM] code=0x3c tp=0x37 span=1095x1623 at(721,845)
[BIGPRIM] code=0x3c tp=0x37 span=1236x1250 at(580,1877)
[BIGPRIM] code=0x3c tp=0x37 span=1113x469 at(640,2896)
[BIGPRIM] code=0x3c tp=0x36 span=675x929 at(40,832)
[BIGPRIM] code=0x3c tp=0x37 span=861x1428 at(1090,793)
[BIGPRIM] code=0x3c tp=0x37 span=1095x1623 at(721,845)
[BIGPRIM] code=0x3c tp=0x37 span=1236x1250 at(580,1877)
[BIGPRIM] code=0x3c tp=0x37 span=1113x469 at(640,2896)
[BIGPRIM] code=0x3c tp=0x36 span=675x929 at(40,832)
[BIGPRIM] code=0x3c tp=0x37 span=861x1428 at(1090,793)
[BIGPRIM] code=0x3c tp=0x37 span=1095x1623 at(721,845)
[BIGPRIM] code=0x3c tp=0x37 span=1236x1250 at(580,1877)
[BIGPRIM] code=0x3c tp=0x37 span=1113x469 at(640,2896)
[BIGPRIM] code=0x3c tp=0x36 span=675x929 at(40,832)
[BIGPRIM] code=0x3c tp=0x37 span=861x1428 at(1090,793)
[BIGPRIM] code=0x3c tp=0x37 span=1095x1623 at(721,845)
[BIGPRIM] code=0x3c tp=0x37 span=1236x1250 at(580,1877)
[BIGPRIM] code=0x3c tp=0x37 span=1113x469 at(640,2896)
[BIGPRIM] code=0x3c tp=0x36 span=675x929 at(40,832)
[BIGPRIM] code=0x3c tp=0x37 span=861x1428 at(1090,793)
[BIGPRIM] code=0x3c tp=0x37 span=1095x1623 at(721,845)
[BIGPRIM] code=0x3c tp=0x37 span=1236x1250 at(580,1877)
[BIGPRIM] code=0x3c tp=0x37 span=1113x469 at(640,2896)
[BIGPRIM] code=0x3c tp=0x36 span=675x929 at(40,832)
[BIGPRIM] code=0x3c tp=0x37 span=861x1428 at(1090,793)
[BIGPRIM] code=0x3c tp=0x37 span=1095x1623 at(721,845)
[BIGPRIM] code=0x3c tp=0x37 span=1236x1250 at(580,1877)
[BIGPRIM] code=0x3c tp=0x37 span=1113x469 at(640,2896)
[BIGPRIM] code=0x3c tp=0x36 span=675x929 at(40,832)
[BIGPRIM] code=0x3c tp=0x37 span=861x1428 at(1090,793)
[BIGPRIM] code=0x3c tp=0x37 span=1095x1623 at(721,845)
[BIGPRIM] code=0x3c tp=0x37 span=1236x1250 at(580,1877)
[BIGPRIM] code=0x3c tp=0x37 span=1113x469 at(640,2896)
[BIGPRIM] code=0x3c tp=0x36 span=675x929 at(40,832)
[BIGPRIM] code=0x3c tp=0x37 span=861x1428 at(1090,793)
[BIGPRIM] code=0x3c tp=0x37 span=1095x1623 at(721,845)
[BIGPRIM] code=0x3c tp=0x37 span=1236x1250 at(580,1877)
[BIGPRIM] code=0x3c tp=0x37 span=1113x469 at(640,2896)
[BIGPRIM] code=0x3c tp=0x36 span=675x929 at(40,832)
[BIGPRIM] code=0x3c tp=0x37 span=861x1428 at(1090,793)
[BIGPRIM] code=0x3c tp=0x37 span=1095x1623 at(721,845)
[BIGPRIM] code=0x3c tp=0x37 span=1236x1250 at(580,1877)
[BIGPRIM] code=0x3c tp=0x37 span=1113x469 at(640,2896)
[BIGPRIM] code=0x3c tp=0x36 span=675x929 at(40,832)
[BIGPRIM] code=0x3c tp=0x37 span=861x1428 at(1090,793)
[BIGPRIM] code=0x3c tp=0x37 span=1095x1623 at(721,845)
[BIGPRIM] code=0x3c tp=0x37 span=1236x1250 at(580,1877)
[BIGPRIM] code=0x3c tp=0x37 span=1113x469 at(640,2896)
[BIGPRIM] code=0x3c tp=0x36 span=675x929 at(40,832)
[BIGPRIM] code=0x3c tp=0x37 span=861x1428 at(1090,793)
[BIGPRIM] code=0x3c tp=0x37 span=1095x1623 at(721,845)
[BIGPRIM] code=0x3c tp=0x37 span=1236x1250 at(580,1877)
[BIGPRIM] code=0x3c tp=0x37 span=1113x469 at(640,2896)
[BIGPRIM] code=0x3c tp=0x36 span=675x929 at(40,832)
[BIGPRIM] code=0x3c tp=0x37 span=861x1428 at(1090,793)
[BIGPRIM] code=0x3c tp=0x37 span=1095x1623 at(721,845)
[BIGPRIM] code=0x3c tp=0x37 span=1236x1250 at(580,1877)
[BIGPRIM] code=0x3c tp=0x37 span=1113x469 at(640,2896)
[BIGPRIM] code=0x3c tp=0x36 span=675x929 at(40,832)
[BIGPRIM] code=0x3c tp=0x37 span=861x1428 at(1090,793)
[CHNK] n=4 s0=-2,8,st3 s1=-1,8,st3 s2=0,0,st0 s3=0,0,st0
[BIGPRIM] code=0x3c tp=0x37 span=1095x1623 at(721,845)
[BIGPRIM] code=0x3c tp=0x37 span=1236x1250 at(580,1877)
[BIGPRIM] code=0x3c tp=0x37 span=1113x469 at(640,2896)
[BIGPRIM] code=0x3c tp=0x36 span=675x929 at(40,832)
[BIGPRIM] code=0x3c tp=0x37 span=861x1428 at(1090,793)
[BIGPRIM] code=0x3c tp=0x37 span=1095x1623 at(721,845)
[BIGPRIM] code=0x3c tp=0x37 span=1236x1250 at(580,1877)
[BIGPRIM] code=0x3c tp=0x37 span=1113x469 at(640,2896)
[BIGPRIM] code=0x3c tp=0x36 span=675x929 at(40,832)
[BIGPRIM] code=0x3c tp=0x37 span=861x1428 at(1090,793)
[BIGPRIM] code=0x3c tp=0x37 span=1095x1623 at(721,845)
[BIGPRIM] code=0x3c tp=0x37 span=1236x1250 at(580,1877)
[BIGPRIM] code=0x3c tp=0x37 span=1113x469 at(640,2896)
[BIGPRIM] code=0x3c tp=0x36 span=675x929 at(40,832)
[BIGPRIM] code=0x3c tp=0x37 span=861x1428 at(1090,793)
[BIGPRIM] code=0x3c tp=0x37 span=1095x1623 at(721,845)
[BIGPRIM] code=0x3c tp=0x37 span=1236x1250 at(580,1877)
[BIGPRIM] code=0x3c tp=0x37 span=1113x469 at(640,2896)
[BIGPRIM] code=0x3c tp=0x36 span=675x929 at(40,832)
[BIGPRIM] code=0x3c tp=0x37 span=861x1428 at(1090,793)
[BIGPRIM] code=0x3c tp=0x37 span=1095x1623 at(721,845)
[BIGPRIM] code=0x3c tp=0x37 span=1236x1250 at(580,1877)
[BIGPRIM] code=0x3c tp=0x37 span=1113x469 at(640,2896)
[BIGPRIM] code=0x3c tp=0x36 span=675x929 at(40,832)
[BIGPRIM] code=0x3c tp=0x37 span=861x1428 at(1090,793)
[BIGPRIM] code=0x3c tp=0x37 span=1095x1623 at(721,845)
[BIGPRIM] code=0x3c tp=0x37 span=1236x1250 at(580,1877)
[BIGPRIM] code=0x3c tp=0x37 span=1113x469 at(640,2896)
[BIGPRIM] code=0x3c tp=0x36 span=675x929 at(40,832)
[BIGPRIM] code=0x3c tp=0x37 span=861x1428 at(1090,793)
[BIGPRIM] code=0x3c tp=0x37 span=1095x1623 at(721,845)
[BIGPRIM] code=0x3c tp=0x37 span=1236x1250 at(580,1877)
[BIGPRIM] code=0x3c tp=0x37 span=1113x469 at(640,2896)
[BIGPRIM] code=0x3c tp=0x36 span=675x929 at(40,832)
[BIGPRIM] code=0x3c tp=0x37 span=861x1428 at(1090,793)
[BIGPRIM] code=0x3c tp=0x37 span=1095x1623 at(721,845)
[BIGPRIM] code=0x3c tp=0x37 span=1236x1250 at(580,1877)
[BIGPRIM] code=0x3c tp=0x37 span=1113x469 at(640,2896)
[BIGPRIM] code=0x3c tp=0x36 span=675x929 at(40,832)
[BIGPRIM] code=0x3c tp=0x37 span=861x1428 at(1090,793)
[BIGPRIM] code=0x3c tp=0x37 span=1095x1623 at(721,845)
[BIGPRIM] code=0x3c tp=0x37 span=1236x1250 at(580,1877)
[BIGPRIM] code=0x3c tp=0x37 span=1113x469 at(640,2896)
[BIGPRIM] code=0x3c tp=0x36 span=675x929 at(40,832)
[BIGPRIM] code=0x3c tp=0x37 span=861x1428 at(1090,793)
[BIGPRIM] code=0x3c tp=0x37 span=1095x1623 at(721,845)
[BIGPRIM] code=0x3c tp=0x37 span=1236x1250 at(580,1877)
[BIGPRIM] code=0x3c tp=0x37 span=1113x469 at(640,2896)
[BIGPRIM] code=0x3c tp=0x36 span=675x929 at(40,832)
[BIGPRIM] code=0x3c tp=0x37 span=861x1428 at(1090,793)
[BIGPRIM] code=0x3c tp=0x37 span=1095x1623 at(721,845)
[BIGPRIM] code=0x3c tp=0x37 span=1236x1250 at(580,1877)
[BIGPRIM] code=0x3c tp=0x37 span=1113x469 at(640,2896)
[BIGPRIM] code=0x3c tp=0x36 span=675x929 at(40,832)
[BIGPRIM] code=0x3c tp=0x37 span=861x1428 at(1090,793)
[BIGPRIM] code=0x3c tp=0x37 span=1095x1623 at(721,845)
[BIGPRIM] code=0x3c tp=0x37 span=1236x1250 at(580,1877)
[BIGPRIM] code=0x3c tp=0x37 span=1113x469 at(640,2896)
[BIGPRIM] code=0x3c tp=0x36 span=675x929 at(40,832)
[BIGPRIM] code=0x3c tp=0x37 span=861x1428 at(1090,793)
[BIGPRIM] code=0x3c tp=0x37 span=1095x1623 at(721,845)
[BIGPRIM] code=0x3c tp=0x37 span=1236x1250 at(580,1877)
[BIGPRIM] code=0x3c tp=0x37 span=1113x469 at(640,2896)
[BIGPRIM] code=0x3c tp=0x36 span=675x929 at(40,832)
[BIGPRIM] code=0x3c tp=0x37 span=861x1428 at(1090,793)
[BIGPRIM] code=0x3c tp=0x37 span=1095x1623 at(721,845)
[BIGPRIM] code=0x3c tp=0x37 span=1236x1250 at(580,1877)
[BIGPRIM] code=0x3c tp=0x37 span=1113x469 at(640,2896)
[BIGPRIM] code=0x3c tp=0x36 span=675x929 at(40,832)
[BIGPRIM] code=0x3c tp=0x37 span=861x1428 at(1090,793)
[BIGPRIM] code=0x3c tp=0x37 span=1095x1623 at(721,845)
[BIGPRIM] code=0x3c tp=0x37 span=1236x1250 at(580,1877)
[BIGPRIM] code=0x3c tp=0x37 span=1113x469 at(640,2896)
[BIGPRIM] code=0x3c tp=0x36 span=675x929 at(40,832)
[BIGPRIM] code=0x3c tp=0x37 span=861x1428 at(1090,793)
[SH-XBOX] vblank 4800
[MEM] tick: free=2796KB (699 pages)
[BIGPRIM] code=0x3c tp=0x37 span=1095x1623 at(721,845)
[BIGPRIM] code=0x3c tp=0x37 span=1236x1250 at(580,1877)
[BIGPRIM] code=0x3c tp=0x37 span=1113x469 at(640,2896)
[BIGPRIM] code=0x3c tp=0x36 span=675x929 at(40,832)
[BIGPRIM] code=0x3c tp=0x37 span=861x1428 at(1090,793)
[BIGPRIM] code=0x3c tp=0x37 span=1095x1623 at(721,845)
[BIGPRIM] code=0x3c tp=0x37 span=1236x1250 at(580,1877)
[BIGPRIM] code=0x3c tp=0x37 span=1113x469 at(640,2896)
[BIGPRIM] code=0x3c tp=0x36 span=675x929 at(40,832)
[BIGPRIM] code=0x3c tp=0x37 span=861x1428 at(1090,793)
[BIGPRIM] code=0x3c tp=0x37 span=1095x1623 at(721,845)
[BIGPRIM] code=0x3c tp=0x37 span=1236x1250 at(580,1877)
[BIGPRIM] code=0x3c tp=0x37 span=1113x469 at(640,2896)
[BIGPRIM] code=0x3c tp=0x36 span=675x929 at(40,832)
[BIGPRIM] code=0x3c tp=0x37 span=861x1428 at(1090,793)
[BIGPRIM] code=0x3c tp=0x37 span=1095x1623 at(721,845)
[BIGPRIM] code=0x3c tp=0x37 span=1236x1250 at(580,1877)
[BIGPRIM] code=0x3c tp=0x37 span=1113x469 at(640,2896)
[BIGPRIM] code=0x3c tp=0x36 span=675x929 at(40,832)
[BIGPRIM] code=0x3c tp=0x37 span=861x1428 at(1090,793)
[BIGPRIM] code=0x3c tp=0x37 span=1095x1623 at(721,845)
[BIGPRIM] code=0x3c tp=0x37 span=1236x1250 at(580,1877)
[BIGPRIM] code=0x3c tp=0x37 span=1113x469 at(640,2896)
[BIGPRIM] code=0x3c tp=0x36 span=675x929 at(40,832)
[BIGPRIM] code=0x3c tp=0x37 span=861x1428 at(1090,793)
[BIGPRIM] code=0x3c tp=0x37 span=1095x1623 at(721,845)
[BIGPRIM] code=0x3c tp=0x37 span=1236x1250 at(580,1877)
[BIGPRIM] code=0x3c tp=0x37 span=1113x469 at(640,2896)
[BIGPRIM] code=0x3c tp=0x36 span=675x929 at(40,832)
[BIGPRIM] code=0x3c tp=0x37 span=861x1428 at(1090,793)
[BIGPRIM] code=0x3c tp=0x37 span=1095x1623 at(721,845)
[BIGPRIM] code=0x3c tp=0x37 span=1236x1250 at(580,1877)
[BIGPRIM] code=0x3c tp=0x37 span=1113x469 at(640,2896)
[BIGPRIM] code=0x3c tp=0x36 span=675x929 at(40,832)
[BIGPRIM] code=0x3c tp=0x37 span=861x1428 at(1090,793)
[BIGPRIM] code=0x3c tp=0x37 span=1095x1623 at(721,845)
[BIGPRIM] code=0x3c tp=0x37 span=1236x1250 at(580,1877)
[BIGPRIM] code=0x3c tp=0x37 span=1113x469 at(640,2896)
[BIGPRIM] code=0x3c tp=0x36 span=675x929 at(40,832)
[BIGPRIM] code=0x3c tp=0x37 span=861x1428 at(1090,793)
[BIGPRIM] code=0x3c tp=0x37 span=1095x1623 at(721,845)
[BIGPRIM] code=0x3c tp=0x37 span=1236x1250 at(580,1877)
[BIGPRIM] code=0x3c tp=0x37 span=1113x469 at(640,2896)
[BIGPRIM] code=0x3c tp=0x36 span=675x929 at(40,832)
[BIGPRIM] code=0x3c tp=0x37 span=861x1428 at(1090,793)
[BIGPRIM] code=0x3c tp=0x37 span=1095x1623 at(721,845)
[BIGPRIM] code=0x3c tp=0x37 span=1236x1250 at(580,1877)
[BIGPRIM] code=0x3c tp=0x37 span=1113x469 at(640,2896)
[BIGPRIM] code=0x3c tp=0x36 span=675x929 at(40,832)
[BIGPRIM] code=0x3c tp=0x37 span=861x1428 at(1090,793)
[BIGPRIM] code=0x3c tp=0x37 span=1095x1623 at(721,845)
[BIGPRIM] code=0x3c tp=0x37 span=1236x1250 at(580,1877)
[BIGPRIM] code=0x3c tp=0x37 span=1113x469 at(640,2896)
[BIGPRIM] code=0x3c tp=0x36 span=675x929 at(40,832)
[BIGPRIM] code=0x3c tp=0x37 span=861x1428 at(1090,793)
[BIGPRIM] code=0x3c tp=0x37 span=1095x1623 at(721,845)
[BIGPRIM] code=0x3c tp=0x37 span=1236x1250 at(580,1877)
[BIGPRIM] code=0x3c tp=0x37 span=1113x469 at(640,2896)
[BIGPRIM] code=0x3c tp=0x36 span=675x929 at(40,832)
[BIGPRIM] code=0x3c tp=0x37 span=861x1428 at(1090,793)
[BIGPRIM] code=0x3c tp=0x37 span=1095x1623 at(721,845)
[BIGPRIM] code=0x3c tp=0x37 span=1236x1250 at(580,1877)
[BIGPRIM] code=0x3c tp=0x37 span=1113x469 at(640,2896)
[BIGPRIM] code=0x3c tp=0x36 span=675x929 at(40,832)
[BIGPRIM] code=0x3c tp=0x37 span=861x1428 at(1090,793)
[BIGPRIM] code=0x3c tp=0x37 span=1095x1623 at(721,845)
[BIGPRIM] code=0x3c tp=0x37 span=1236x1250 at(580,1877)
[BIGPRIM] code=0x3c tp=0x37 span=1113x469 at(640,2896)
[BIGPRIM] code=0x3c tp=0x36 span=675x929 at(40,832)
[BIGPRIM] code=0x3c tp=0x37 span=861x1428 at(1090,793)
[BIGPRIM] code=0x3c tp=0x37 span=1095x1623 at(721,845)
[BIGPRIM] code=0x3c tp=0x37 span=1236x1250 at(580,1877)
[BIGPRIM] code=0x3c tp=0x37 span=1113x469 at(640,2896)
[BIGPRIM] code=0x3c tp=0x36 span=675x929 at(40,832)
[BIGPRIM] code=0x3c tp=0x37 span=861x1428 at(1090,793)
[BIGPRIM] code=0x3c tp=0x37 span=1095x1623 at(721,845)
[BIGPRIM] code=0x3c tp=0x37 span=1236x1250 at(580,1877)
[BIGPRIM] code=0x3c tp=0x37 span=1113x469 at(640,2896)
[BIGPRIM] code=0x3c tp=0x36 span=675x929 at(40,832)
[BIGPRIM] code=0x3c tp=0x37 span=861x1428 at(1090,793)
[BIGPRIM] code=0x3c tp=0x37 span=1095x1623 at(721,845)
[BIGPRIM] code=0x3c tp=0x37 span=1236x1250 at(580,1877)
[BIGPRIM] code=0x3c tp=0x37 span=1113x469 at(640,2896)
[BIGPRIM] code=0x3c tp=0x36 span=675x929 at(40,832)
[BIGPRIM] code=0x3c tp=0x37 span=861x1428 at(1090,793)
[BIGPRIM] code=0x3c tp=0x37 span=1095x1623 at(721,845)
[BIGPRIM] code=0x3c tp=0x37 span=1236x1250 at(580,1877)
[BIGPRIM] code=0x3c tp=0x37 span=1113x469 at(640,2896)
[BIGPRIM] code=0x3c tp=0x36 span=675x929 at(40,832)
[BIGPRIM] code=0x3c tp=0x37 span=861x1428 at(1090,793)
[BIGPRIM] code=0x3c tp=0x37 span=1095x1623 at(721,845)
[BIGPRIM] code=0x3c tp=0x37 span=1236x1250 at(580,1877)
[BIGPRIM] code=0x3c tp=0x37 span=1113x469 at(640,2896)
[BIGPRIM] code=0x3c tp=0x36 span=675x929 at(40,832)
[BIGPRIM] code=0x3c tp=0x37 span=861x1428 at(1090,793)
[BIGPRIM] code=0x3c tp=0x37 span=1095x1623 at(721,845)
[BIGPRIM] code=0x3c tp=0x37 span=1236x1250 at(580,1877)
[BIGPRIM] code=0x3c tp=0x37 span=1113x469 at(640,2896)
[BIGPRIM] code=0x3c tp=0x36 span=675x929 at(40,832)
[BIGPRIM] code=0x3c tp=0x37 span=861x1428 at(1090,793)
[BIGPRIM] code=0x3c tp=0x37 span=1095x1623 at(721,845)
[BIGPRIM] code=0x3c tp=0x37 span=1236x1250 at(580,1877)
[BIGPRIM] code=0x3c tp=0x37 span=1113x469 at(640,2896)
[BIGPRIM] code=0x3c tp=0x36 span=675x929 at(40,832)
[BIGPRIM] code=0x3c tp=0x37 span=861x1428 at(1090,793)
[BIGPRIM] code=0x3c tp=0x37 span=1095x1623 at(721,845)
[BIGPRIM] code=0x3c tp=0x37 span=1236x1250 at(580,1877)
[BIGPRIM] code=0x3c tp=0x37 span=1113x469 at(640,2896)
[BIGPRIM] code=0x3c tp=0x36 span=675x929 at(40,832)
[BIGPRIM] code=0x3c tp=0x37 span=861x1428 at(1090,793)
[BIGPRIM] code=0x3c tp=0x37 span=1095x1623 at(721,845)
[BIGPRIM] code=0x3c tp=0x37 span=1236x1250 at(580,1877)
[BIGPRIM] code=0x3c tp=0x37 span=1113x469 at(640,2896)
[CHNK] n=4 s0=-2,8,st3 s1=-1,8,st3 s2=0,0,st0 s3=0,0,st0
[BIGPRIM] code=0x3c tp=0x36 span=675x929 at(40,832)
[BIGPRIM] code=0x3c tp=0x37 span=861x1428 at(1090,793)
[BIGPRIM] code=0x3c tp=0x37 span=1095x1623 at(721,845)
[SH_DRIP] key_on song=0 ch=6 prog=3 note=70 bank=127 vabId=3 tones=1 match=1 vab2match=0
[BIGPRIM] code=0x3c tp=0x37 span=1236x1250 at(580,1877)
[BIGPRIM] code=0x3c tp=0x37 span=1113x469 at(640,2896)
[BIGPRIM] code=0x3c tp=0x36 span=675x929 at(40,832)
[BIGPRIM] code=0x3c tp=0x37 span=861x1428 at(1090,793)
[BIGPRIM] code=0x3c tp=0x37 span=1095x1623 at(721,845)
[BIGPRIM] code=0x3c tp=0x37 span=1236x1250 at(580,1877)
[BIGPRIM] code=0x3c tp=0x37 span=1113x469 at(640,2896)
[BIGPRIM] code=0x3c tp=0x36 span=675x929 at(40,832)
[BIGPRIM] code=0x3c tp=0x37 span=861x1428 at(1090,793)
[BIGPRIM] code=0x3c tp=0x37 span=1095x1623 at(721,845)
[BIGPRIM] code=0x3c tp=0x37 span=1236x1250 at(580,1877)
[BIGPRIM] code=0x3c tp=0x37 span=1113x469 at(640,2896)
[BIGPRIM] code=0x3c tp=0x36 span=675x929 at(40,832)
[BIGPRIM] code=0x3c tp=0x37 span=861x1428 at(1090,793)
[BIGPRIM] code=0x3c tp=0x37 span=1095x1623 at(721,845)
[BIGPRIM] code=0x3c tp=0x37 span=1236x1250 at(580,1877)
[SH_DRIP] key_on song=0 ch=3 prog=1 note=73 bank=127 vabId=3 tones=1 match=1 vab2match=0
[BIGPRIM] code=0x3c tp=0x37 span=1113x469 at(640,2896)
[BIGPRIM] code=0x3c tp=0x36 span=675x929 at(40,832)
[BIGPRIM] code=0x3c tp=0x37 span=861x1428 at(1090,793)
[BIGPRIM] code=0x3c tp=0x37 span=1095x1623 at(721,845)
[BIGPRIM] code=0x3c tp=0x37 span=1236x1250 at(580,1877)
[BIGPRIM] code=0x3c tp=0x37 span=1113x469 at(640,2896)
[BIGPRIM] code=0x3c tp=0x36 span=675x929 at(40,832)
[BIGPRIM] code=0x3c tp=0x37 span=861x1428 at(1090,793)
[BIGPRIM] code=0x3c tp=0x37 span=1095x1623 at(721,845)
[BIGPRIM] code=0x3c tp=0x37 span=1236x1250 at(580,1877)
[BIGPRIM] code=0x3c tp=0x37 span=1113x469 at(640,2896)
[BIGPRIM] code=0x3c tp=0x36 span=675x929 at(40,832)
[BIGPRIM] code=0x3c tp=0x37 span=861x1428 at(1090,793)
[BIGPRIM] code=0x3c tp=0x37 span=1095x1623 at(721,845)
[BIGPRIM] code=0x3c tp=0x37 span=1236x1250 at(580,1877)
[BIGPRIM] code=0x3c tp=0x37 span=1113x469 at(640,2896)
[BIGPRIM] code=0x3c tp=0x36 span=675x929 at(40,832)
[BIGPRIM] code=0x3c tp=0x37 span=861x1428 at(1090,793)
[BIGPRIM] code=0x3c tp=0x37 span=1095x1623 at(721,845)
[BIGPRIM] code=0x3c tp=0x37 span=1236x1250 at(580,1877)
[BIGPRIM] code=0x3c tp=0x37 span=1113x469 at(640,2896)
[BIGPRIM] code=0x3c tp=0x36 span=675x929 at(40,832)
[BIGPRIM] code=0x3c tp=0x37 span=861x1428 at(1090,793)
[BIGPRIM] code=0x3c tp=0x37 span=1095x1623 at(721,845)
[BIGPRIM] code=0x3c tp=0x37 span=1236x1250 at(580,1877)
[BIGPRIM] code=0x3c tp=0x37 span=1113x469 at(640,2896)
[BIGPRIM] code=0x3c tp=0x36 span=675x929 at(40,832)
[BIGPRIM] code=0x3c tp=0x37 span=861x1428 at(1090,793)
[BIGPRIM] code=0x3c tp=0x37 span=1095x1623 at(721,845)
[BIGPRIM] code=0x3c tp=0x37 span=1236x1250 at(580,1877)
[BIGPRIM] code=0x3c tp=0x37 span=1113x469 at(640,2896)
[BIGPRIM] code=0x3c tp=0x36 span=675x929 at(40,832)
[BIGPRIM] code=0x3c tp=0x37 span=861x1428 at(1090,793)
[BIGPRIM] code=0x3c tp=0x37 span=1095x1623 at(721,845)
[BIGPRIM] code=0x3c tp=0x37 span=1236x1250 at(580,1877)
[BIGPRIM] code=0x3c tp=0x37 span=1113x469 at(640,2896)
[BIGPRIM] code=0x3c tp=0x36 span=675x929 at(40,832)
[BIGPRIM] code=0x3c tp=0x37 span=861x1428 at(1090,793)
[BIGPRIM] code=0x3c tp=0x37 span=1095x1623 at(721,845)
[BIGPRIM] code=0x3c tp=0x37 span=1236x1250 at(580,1877)
[BIGPRIM] code=0x3c tp=0x37 span=1113x469 at(640,2896)
[BIGPRIM] code=0x3c tp=0x36 span=675x929 at(40,832)
[BIGPRIM] code=0x3c tp=0x37 span=861x1428 at(1090,793)
[BIGPRIM] code=0x3c tp=0x37 span=1095x1623 at(721,845)
[BIGPRIM] code=0x3c tp=0x37 span=1236x1250 at(580,1877)
[BIGPRIM] code=0x3c tp=0x37 span=1113x469 at(640,2896)
[BIGPRIM] code=0x3c tp=0x36 span=675x929 at(40,832)
[BIGPRIM] code=0x3c tp=0x37 span=861x1428 at(1090,793)
[BIGPRIM] code=0x3c tp=0x37 span=1095x1623 at(721,845)
[BIGPRIM] code=0x3c tp=0x37 span=1236x1250 at(580,1877)
[BIGPRIM] code=0x3c tp=0x37 span=1113x469 at(640,2896)
[BIGPRIM] code=0x3c tp=0x36 span=675x929 at(40,832)
[BIGPRIM] code=0x3c tp=0x37 span=861x1428 at(1090,793)
[BIGPRIM] code=0x3c tp=0x37 span=1095x1623 at(721,845)
[BIGPRIM] code=0x3c tp=0x37 span=1236x1250 at(580,1877)
[BIGPRIM] code=0x3c tp=0x37 span=1113x469 at(640,2896)
[SH-XBOX] vblank 5400
[MEM] tick: free=2796KB (699 pages)
[BIGPRIM] code=0x3c tp=0x36 span=675x929 at(40,832)
[BIGPRIM] code=0x3c tp=0x37 span=861x1428 at(1090,793)
[BIGPRIM] code=0x3c tp=0x37 span=1095x1623 at(721,845)
[BIGPRIM] code=0x3c tp=0x37 span=1236x1250 at(580,1877)
[BIGPRIM] code=0x3c tp=0x37 span=1113x469 at(640,2896)
[BIGPRIM] code=0x3c tp=0x36 span=675x929 at(40,832)
[BIGPRIM] code=0x3c tp=0x37 span=861x1428 at(1090,793)
[BIGPRIM] code=0x3c tp=0x37 span=1095x1623 at(721,845)
[BIGPRIM] code=0x3c tp=0x37 span=1236x1250 at(580,1877)
[BIGPRIM] code=0x3c tp=0x37 span=1113x469 at(640,2896)
[BIGPRIM] code=0x3c tp=0x36 span=675x929 at(40,832)
[BIGPRIM] code=0x3c tp=0x37 span=861x1428 at(1090,793)
[BIGPRIM] code=0x3c tp=0x37 span=1095x1623 at(721,845)
[BIGPRIM] code=0x3c tp=0x37 span=1236x1250 at(580,1877)
[BIGPRIM] code=0x3c tp=0x37 span=1113x469 at(640,2896)
[BIGPRIM] code=0x3c tp=0x36 span=675x929 at(40,832)
[BIGPRIM] code=0x3c tp=0x37 span=861x1428 at(1090,793)
[BIGPRIM] code=0x3c tp=0x37 span=1095x1623 at(721,845)
[BIGPRIM] code=0x3c tp=0x37 span=1236x1250 at(580,1877)
[BIGPRIM] code=0x3c tp=0x37 span=1113x469 at(640,2896)
[BIGPRIM] code=0x3c tp=0x36 span=675x929 at(40,832)
[BIGPRIM] code=0x3c tp=0x37 span=861x1428 at(1090,793)
[BIGPRIM] code=0x3c tp=0x37 span=1095x1623 at(721,845)
[BIGPRIM] code=0x3c tp=0x37 span=1236x1250 at(580,1877)
[BIGPRIM] code=0x3c tp=0x37 span=1113x469 at(640,2896)
[BIGPRIM] code=0x3c tp=0x36 span=675x929 at(40,832)
[BIGPRIM] code=0x3c tp=0x37 span=861x1428 at(1090,793)
[BIGPRIM] code=0x3c tp=0x37 span=1095x1623 at(721,845)
[BIGPRIM] code=0x3c tp=0x37 span=1236x1250 at(580,1877)
[BIGPRIM] code=0x3c tp=0x37 span=1113x469 at(640,2896)
[BIGPRIM] code=0x3c tp=0x36 span=675x929 at(40,832)
[BIGPRIM] code=0x3c tp=0x37 span=861x1428 at(1090,793)
[BIGPRIM] code=0x3c tp=0x37 span=1095x1623 at(721,845)
[BIGPRIM] code=0x3c tp=0x37 span=1236x1250 at(580,1877)
[BIGPRIM] code=0x3c tp=0x37 span=1113x469 at(640,2896)
[BIGPRIM] code=0x3c tp=0x36 span=675x929 at(40,832)
[BIGPRIM] code=0x3c tp=0x37 span=861x1428 at(1090,793)
[BIGPRIM] code=0x3c tp=0x37 span=1095x1623 at(721,845)
[BIGPRIM] code=0x3c tp=0x37 span=1236x1250 at(580,1877)
[BIGPRIM] code=0x3c tp=0x37 span=1113x469 at(640,2896)
[BIGPRIM] code=0x3c tp=0x36 span=675x929 at(40,832)
[BIGPRIM] code=0x3c tp=0x37 span=861x1428 at(1090,793)
[BIGPRIM] code=0x3c tp=0x37 span=1095x1623 at(721,845)
[BIGPRIM] code=0x3c tp=0x37 span=1236x1250 at(580,1877)
[BIGPRIM] code=0x3c tp=0x37 span=1113x469 at(640,2896)
[BIGPRIM] code=0x3c tp=0x36 span=675x929 at(40,832)
[BIGPRIM] code=0x3c tp=0x37 span=861x1428 at(1090,793)
[BIGPRIM] code=0x3c tp=0x37 span=1095x1623 at(721,845)
[BIGPRIM] code=0x3c tp=0x37 span=1236x1250 at(580,1877)
[BIGPRIM] code=0x3c tp=0x37 span=1113x469 at(640,2896)
[BIGPRIM] code=0x3c tp=0x36 span=675x929 at(40,832)
[BIGPRIM] code=0x3c tp=0x37 span=861x1428 at(1090,793)
[BIGPRIM] code=0x3c tp=0x37 span=1095x1623 at(721,845)
[BIGPRIM] code=0x3c tp=0x37 span=1236x1250 at(580,1877)
[BIGPRIM] code=0x3c tp=0x37 span=1113x469 at(640,2896)
[BIGPRIM] code=0x3c tp=0x36 span=675x929 at(40,832)
[BIGPRIM] code=0x3c tp=0x37 span=861x1428 at(1090,793)
[BIGPRIM] code=0x3c tp=0x37 span=1095x1623 at(721,845)
[BIGPRIM] code=0x3c tp=0x37 span=1236x1250 at(580,1877)
[BIGPRIM] code=0x3c tp=0x37 span=1113x469 at(640,2896)
[BIGPRIM] code=0x3c tp=0x36 span=675x929 at(40,832)
[BIGPRIM] code=0x3c tp=0x37 span=861x1428 at(1090,793)
[BIGPRIM] code=0x3c tp=0x37 span=1095x1623 at(721,845)
[BIGPRIM] code=0x3c tp=0x37 span=1236x1250 at(580,1877)
[BIGPRIM] code=0x3c tp=0x37 span=1113x469 at(640,2896)
[BIGPRIM] code=0x3c tp=0x36 span=675x929 at(40,832)
[BIGPRIM] code=0x3c tp=0x37 span=861x1428 at(1090,793)
[BIGPRIM] code=0x3c tp=0x37 span=1095x1623 at(721,845)
[BIGPRIM] code=0x3c tp=0x37 span=1236x1250 at(580,1877)
[BIGPRIM] code=0x3c tp=0x37 span=1113x469 at(640,2896)
[BIGPRIM] code=0x3c tp=0x36 span=675x929 at(40,832)
[BIGPRIM] code=0x3c tp=0x37 span=861x1428 at(1090,793)
[BIGPRIM] code=0x3c tp=0x37 span=1095x1623 at(721,845)
[BIGPRIM] code=0x3c tp=0x37 span=1236x1250 at(580,1877)
[BIGPRIM] code=0x3c tp=0x37 span=1113x469 at(640,2896)
[BIGPRIM] code=0x3c tp=0x36 span=675x929 at(40,832)
[BIGPRIM] code=0x3c tp=0x37 span=861x1428 at(1090,793)
[BIGPRIM] code=0x3c tp=0x37 span=1095x1623 at(721,845)
[BIGPRIM] code=0x3c tp=0x37 span=1236x1250 at(580,1877)
[BIGPRIM] code=0x3c tp=0x37 span=1113x469 at(640,2896)
[BIGPRIM] code=0x3c tp=0x36 span=675x929 at(40,832)
[BIGPRIM] code=0x3c tp=0x37 span=861x1428 at(1090,793)
[BIGPRIM] code=0x3c tp=0x37 span=1095x1623 at(721,845)
[BIGPRIM] code=0x3c tp=0x37 span=1236x1250 at(580,1877)
[BIGPRIM] code=0x3c tp=0x37 span=1113x469 at(640,2896)
[BIGPRIM] code=0x3c tp=0x36 span=675x929 at(40,832)
[BIGPRIM] code=0x3c tp=0x37 span=861x1428 at(1090,793)
[BIGPRIM] code=0x3c tp=0x37 span=1095x1623 at(721,845)
[BIGPRIM] code=0x3c tp=0x37 span=1236x1250 at(580,1877)
[BIGPRIM] code=0x3c tp=0x37 span=1113x469 at(640,2896)
[BIGPRIM] code=0x3c tp=0x36 span=675x929 at(40,832)
[BIGPRIM] code=0x3c tp=0x37 span=861x1428 at(1090,793)
[BIGPRIM] code=0x3c tp=0x37 span=1095x1623 at(721,845)
[BIGPRIM] code=0x3c tp=0x37 span=1236x1250 at(580,1877)
[BIGPRIM] code=0x3c tp=0x37 span=1113x469 at(640,2896)
[BIGPRIM] code=0x3c tp=0x36 span=675x929 at(40,832)
[BIGPRIM] code=0x3c tp=0x37 span=861x1428 at(1090,793)
[BIGPRIM] code=0x3c tp=0x37 span=1095x1623 at(721,845)
[BIGPRIM] code=0x3c tp=0x37 span=1236x1250 at(580,1877)
[BIGPRIM] code=0x3c tp=0x37 span=1113x469 at(640,2896)
[BIGPRIM] code=0x3c tp=0x36 span=675x929 at(40,832)
[BIGPRIM] code=0x3c tp=0x37 span=861x1428 at(1090,793)
[BIGPRIM] code=0x3c tp=0x37 span=1095x1623 at(721,845)
[BIGPRIM] code=0x3c tp=0x37 span=1236x1250 at(580,1877)
[BIGPRIM] code=0x3c tp=0x37 span=1113x469 at(640,2896)
[BIGPRIM] code=0x3c tp=0x36 span=675x929 at(40,832)
[BIGPRIM] code=0x3c tp=0x37 span=861x1428 at(1090,793)
[BIGPRIM] code=0x3c tp=0x37 span=1095x1623 at(721,845)
[BIGPRIM] code=0x3c tp=0x37 span=1236x1250 at(580,1877)
[BIGPRIM] code=0x3c tp=0x37 span=1113x469 at(640,2896)
[BIGPRIM] code=0x3c tp=0x36 span=675x929 at(40,832)
[BIGPRIM] code=0x3c tp=0x37 span=861x1428 at(1090,793)
[CHNK] n=4 s0=-2,8,st3 s1=-1,8,st3 s2=0,0,st0 s3=0,0,st0
[BIGPRIM] code=0x3c tp=0x37 span=1095x1623 at(721,845)
[BIGPRIM] code=0x3c tp=0x37 span=1236x1250 at(580,1877)
[BIGPRIM] code=0x3c tp=0x37 span=1113x469 at(640,2896)
[BIGPRIM] code=0x3c tp=0x36 span=675x929 at(40,832)
[BIGPRIM] code=0x3c tp=0x37 span=861x1428 at(1090,793)
[BIGPRIM] code=0x3c tp=0x37 span=1095x1623 at(721,845)
[BIGPRIM] code=0x3c tp=0x37 span=1236x1250 at(580,1877)
[BIGPRIM] code=0x3c tp=0x37 span=1113x469 at(640,2896)
[BIGPRIM] code=0x3c tp=0x36 span=675x929 at(40,832)
[BIGPRIM] code=0x3c tp=0x37 span=861x1428 at(1090,793)
[BIGPRIM] code=0x3c tp=0x37 span=1095x1623 at(721,845)
[BIGPRIM] code=0x3c tp=0x37 span=1236x1250 at(580,1877)
[BIGPRIM] code=0x3c tp=0x37 span=1113x469 at(640,2896)
[BIGPRIM] code=0x3c tp=0x36 span=675x929 at(40,832)
[BIGPRIM] code=0x3c tp=0x37 span=861x1428 at(1090,793)
[BIGPRIM] code=0x3c tp=0x37 span=1095x1623 at(721,845)
[BIGPRIM] code=0x3c tp=0x37 span=1236x1250 at(580,1877)
[BIGPRIM] code=0x3c tp=0x37 span=1113x469 at(640,2896)
[BIGPRIM] code=0x3c tp=0x36 span=675x929 at(40,832)
[BIGPRIM] code=0x3c tp=0x37 span=861x1428 at(1090,793)
[BIGPRIM] code=0x3c tp=0x37 span=1095x1623 at(721,845)
[BIGPRIM] code=0x3c tp=0x37 span=1236x1250 at(580,1877)
[BIGPRIM] code=0x3c tp=0x37 span=1113x469 at(640,2896)
[BIGPRIM] code=0x3c tp=0x36 span=675x929 at(40,832)
[BIGPRIM] code=0x3c tp=0x37 span=861x1428 at(1090,793)
[BIGPRIM] code=0x3c tp=0x37 span=1095x1623 at(721,845)
[BIGPRIM] code=0x3c tp=0x37 span=1236x1250 at(580,1877)
[BIGPRIM] code=0x3c tp=0x37 span=1113x469 at(640,2896)
[BIGPRIM] code=0x3c tp=0x36 span=675x929 at(40,832)
[BIGPRIM] code=0x3c tp=0x37 span=861x1428 at(1090,793)
[BIGPRIM] code=0x3c tp=0x37 span=1095x1623 at(721,845)
[BIGPRIM] code=0x3c tp=0x37 span=1236x1250 at(580,1877)
[BIGPRIM] code=0x3c tp=0x37 span=1113x469 at(640,2896)
[BIGPRIM] code=0x3c tp=0x36 span=675x929 at(40,832)
[BIGPRIM] code=0x3c tp=0x37 span=861x1428 at(1090,793)
[BIGPRIM] code=0x3c tp=0x37 span=1095x1623 at(721,845)
[BIGPRIM] code=0x3c tp=0x37 span=1236x1250 at(580,1877)
[BIGPRIM] code=0x3c tp=0x37 span=1113x469 at(640,2896)
[BIGPRIM] code=0x3c tp=0x36 span=675x929 at(40,832)
[BIGPRIM] code=0x3c tp=0x37 span=861x1428 at(1090,793)
[BIGPRIM] code=0x3c tp=0x37 span=1095x1623 at(721,845)
[BIGPRIM] code=0x3c tp=0x37 span=1236x1250 at(580,1877)
[BIGPRIM] code=0x3c tp=0x37 span=1113x469 at(640,2896)
[BIGPRIM] code=0x3c tp=0x36 span=675x929 at(40,832)
[BIGPRIM] code=0x3c tp=0x37 span=861x1428 at(1090,793)
[BIGPRIM] code=0x3c tp=0x37 span=1095x1623 at(721,845)
[BIGPRIM] code=0x3c tp=0x37 span=1236x1250 at(580,1877)
[BIGPRIM] code=0x3c tp=0x37 span=1113x469 at(640,2896)
[BIGPRIM] code=0x3c tp=0x36 span=675x929 at(40,832)
[BIGPRIM] code=0x3c tp=0x37 span=861x1428 at(1090,793)
[BIGPRIM] code=0x3c tp=0x37 span=1095x1623 at(721,845)
[BIGPRIM] code=0x3c tp=0x37 span=1236x1250 at(580,1877)
[BIGPRIM] code=0x3c tp=0x37 span=1113x469 at(640,2896)
[BIGPRIM] code=0x3c tp=0x36 span=675x929 at(40,832)
[BIGPRIM] code=0x3c tp=0x37 span=861x1428 at(1090,793)
[BIGPRIM] code=0x3c tp=0x37 span=1095x1623 at(721,845)
[BIGPRIM] code=0x3c tp=0x37 span=1236x1250 at(580,1877)
[BIGPRIM] code=0x3c tp=0x37 span=1113x469 at(640,2896)
[BIGPRIM] code=0x3c tp=0x36 span=675x929 at(40,832)
[BIGPRIM] code=0x3c tp=0x37 span=861x1428 at(1090,793)
[BIGPRIM] code=0x3c tp=0x37 span=1095x1623 at(721,845)
[BIGPRIM] code=0x3c tp=0x37 span=1236x1250 at(580,1877)
[BIGPRIM] code=0x3c tp=0x37 span=1113x469 at(640,2896)
[BIGPRIM] code=0x3c tp=0x36 span=675x929 at(40,832)
[BIGPRIM] code=0x3c tp=0x37 span=861x1428 at(1090,793)
[BIGPRIM] code=0x3c tp=0x37 span=1095x1623 at(721,845)
[BIGPRIM] code=0x3c tp=0x37 span=1236x1250 at(580,1877)
[BIGPRIM] code=0x3c tp=0x37 span=1113x469 at(640,2896)
[BIGPRIM] code=0x3c tp=0x36 span=675x929 at(40,832)
[BIGPRIM] code=0x3c tp=0x37 span=861x1428 at(1090,793)
[BIGPRIM] code=0x3c tp=0x37 span=1095x1623 at(721,845)
[BIGPRIM] code=0x3c tp=0x37 span=1236x1250 at(580,1877)
[BIGPRIM] code=0x3c tp=0x37 span=1113x469 at(640,2896)
[BIGPRIM] code=0x3c tp=0x36 span=675x929 at(40,832)
[BIGPRIM] code=0x3c tp=0x37 span=861x1428 at(1090,793)
[SH-XBOX] vblank 6000
[MEM] tick: free=2796KB (699 pages)
[BIGPRIM] code=0x3c tp=0x37 span=1095x1623 at(721,845)
[BIGPRIM] code=0x3c tp=0x37 span=1236x1250 at(580,1877)
[BIGPRIM] code=0x3c tp=0x37 span=1113x469 at(640,2896)
[BIGPRIM] code=0x3c tp=0x36 span=675x929 at(40,832)
[BIGPRIM] code=0x3c tp=0x37 span=861x1428 at(1090,793)
[BIGPRIM] code=0x3c tp=0x37 span=1095x1623 at(721,845)
[BIGPRIM] code=0x3c tp=0x37 span=1236x1250 at(580,1877)
[BIGPRIM] code=0x3c tp=0x37 span=1113x469 at(640,2896)
[BIGPRIM] code=0x3c tp=0x36 span=675x929 at(40,832)
[BIGPRIM] code=0x3c tp=0x37 span=861x1428 at(1090,793)
[BIGPRIM] code=0x3c tp=0x37 span=1095x1623 at(721,845)
[BIGPRIM] code=0x3c tp=0x37 span=1236x1250 at(580,1877)
[BIGPRIM] code=0x3c tp=0x37 span=1113x469 at(640,2896)
[BIGPRIM] code=0x3c tp=0x36 span=675x929 at(40,832)
[BIGPRIM] code=0x3c tp=0x37 span=861x1428 at(1090,793)
[BIGPRIM] code=0x3c tp=0x37 span=1095x1623 at(721,845)
[BIGPRIM] code=0x3c tp=0x37 span=1236x1250 at(580,1877)
[BIGPRIM] code=0x3c tp=0x37 span=1113x469 at(640,2896)
[BIGPRIM] code=0x3c tp=0x36 span=675x929 at(40,832)
[BIGPRIM] code=0x3c tp=0x37 span=861x1428 at(1090,793)
[BIGPRIM] code=0x3c tp=0x37 span=1095x1623 at(721,845)
[BIGPRIM] code=0x3c tp=0x37 span=1236x1250 at(580,1877)
[BIGPRIM] code=0x3c tp=0x37 span=1113x469 at(640,2896)
[BIGPRIM] code=0x3c tp=0x36 span=675x929 at(40,832)
[BIGPRIM] code=0x3c tp=0x37 span=861x1428 at(1090,793)
[BIGPRIM] code=0x3c tp=0x37 span=1095x1623 at(721,845)
[BIGPRIM] code=0x3c tp=0x37 span=1236x1250 at(580,1877)
[BIGPRIM] code=0x3c tp=0x37 span=1113x469 at(640,2896)
[BIGPRIM] code=0x3c tp=0x36 span=675x929 at(40,832)
[BIGPRIM] code=0x3c tp=0x37 span=861x1428 at(1090,793)
[BIGPRIM] code=0x3c tp=0x37 span=1095x1623 at(721,845)
[BIGPRIM] code=0x3c tp=0x37 span=1236x1250 at(580,1877)
[BIGPRIM] code=0x3c tp=0x37 span=1113x469 at(640,2896)
[BIGPRIM] code=0x3c tp=0x36 span=675x929 at(40,832)
[BIGPRIM] code=0x3c tp=0x37 span=861x1428 at(1090,793)
[BIGPRIM] code=0x3c tp=0x37 span=1095x1623 at(721,845)
[BIGPRIM] code=0x3c tp=0x37 span=1236x1250 at(580,1877)
[BIGPRIM] code=0x3c tp=0x37 span=1113x469 at(640,2896)
[BIGPRIM] code=0x3c tp=0x36 span=675x929 at(40,832)
[BIGPRIM] code=0x3c tp=0x37 span=861x1428 at(1090,793)
[BIGPRIM] code=0x3c tp=0x37 span=1095x1623 at(721,845)
[BIGPRIM] code=0x3c tp=0x37 span=1236x1250 at(580,1877)
[BIGPRIM] code=0x3c tp=0x37 span=1113x469 at(640,2896)
[BIGPRIM] code=0x3c tp=0x36 span=675x929 at(40,832)
[BIGPRIM] code=0x3c tp=0x37 span=861x1428 at(1090,793)
[BIGPRIM] code=0x3c tp=0x37 span=1095x1623 at(721,845)
[BIGPRIM] code=0x3c tp=0x37 span=1236x1250 at(580,1877)
[BIGPRIM] code=0x3c tp=0x37 span=1113x469 at(640,2896)
[BIGPRIM] code=0x3c tp=0x36 span=675x929 at(40,832)
[BIGPRIM] code=0x3c tp=0x37 span=861x1428 at(1090,793)
[BIGPRIM] code=0x3c tp=0x37 span=1095x1623 at(721,845)
[BIGPRIM] code=0x3c tp=0x37 span=1236x1250 at(580,1877)
[BIGPRIM] code=0x3c tp=0x37 span=1113x469 at(640,2896)
[BIGPRIM] code=0x3c tp=0x36 span=675x929 at(40,832)
[BIGPRIM] code=0x3c tp=0x37 span=861x1428 at(1090,793)
[BIGPRIM] code=0x3c tp=0x37 span=1095x1623 at(721,845)
[BIGPRIM] code=0x3c tp=0x37 span=1236x1250 at(580,1877)
[BIGPRIM] code=0x3c tp=0x37 span=1113x469 at(640,2896)
[BIGPRIM] code=0x3c tp=0x36 span=675x929 at(40,832)
[BIGPRIM] code=0x3c tp=0x37 span=861x1428 at(1090,793)
[BIGPRIM] code=0x3c tp=0x37 span=1095x1623 at(721,845)
[BIGPRIM] code=0x3c tp=0x37 span=1236x1250 at(580,1877)
[BIGPRIM] code=0x3c tp=0x37 span=1113x469 at(640,2896)
[BIGPRIM] code=0x3c tp=0x36 span=675x929 at(40,832)
[BIGPRIM] code=0x3c tp=0x37 span=861x1428 at(1090,793)
[BIGPRIM] code=0x3c tp=0x37 span=1095x1623 at(721,845)
[BIGPRIM] code=0x3c tp=0x37 span=1236x1250 at(580,1877)
[BIGPRIM] code=0x3c tp=0x37 span=1113x469 at(640,2896)
[BIGPRIM] code=0x3c tp=0x36 span=675x929 at(40,832)
[BIGPRIM] code=0x3c tp=0x37 span=861x1428 at(1090,793)
[BIGPRIM] code=0x3c tp=0x37 span=1095x1623 at(721,845)
[BIGPRIM] code=0x3c tp=0x37 span=1236x1250 at(580,1877)
[BIGPRIM] code=0x3c tp=0x37 span=1113x469 at(640,2896)
[BIGPRIM] code=0x3c tp=0x36 span=675x929 at(40,832)
[BIGPRIM] code=0x3c tp=0x37 span=861x1428 at(1090,793)
[BIGPRIM] code=0x3c tp=0x37 span=1095x1623 at(721,845)
[BIGPRIM] code=0x3c tp=0x37 span=1236x1250 at(580,1877)
[BIGPRIM] code=0x3c tp=0x37 span=1113x469 at(640,2896)
[BIGPRIM] code=0x3c tp=0x36 span=675x929 at(40,832)
[BIGPRIM] code=0x3c tp=0x37 span=861x1428 at(1090,793)
[BIGPRIM] code=0x3c tp=0x37 span=1095x1623 at(721,845)
[BIGPRIM] code=0x3c tp=0x37 span=1236x1250 at(580,1877)
[BIGPRIM] code=0x3c tp=0x37 span=1113x469 at(640,2896)
[BIGPRIM] code=0x3c tp=0x36 span=675x929 at(40,832)
[BIGPRIM] code=0x3c tp=0x37 span=861x1428 at(1090,793)
[BIGPRIM] code=0x3c tp=0x37 span=1095x1623 at(721,845)
[BIGPRIM] code=0x3c tp=0x37 span=1236x1250 at(580,1877)
[BIGPRIM] code=0x3c tp=0x37 span=1113x469 at(640,2896)
[BIGPRIM] code=0x3c tp=0x36 span=675x929 at(40,832)
[BIGPRIM] code=0x3c tp=0x37 span=861x1428 at(1090,793)
[BIGPRIM] code=0x3c tp=0x37 span=1095x1623 at(721,845)
[BIGPRIM] code=0x3c tp=0x37 span=1236x1250 at(580,1877)
[BIGPRIM] code=0x3c tp=0x37 span=1113x469 at(640,2896)
[BIGPRIM] code=0x3c tp=0x36 span=675x929 at(40,832)
[BIGPRIM] code=0x3c tp=0x37 span=861x1428 at(1090,793)
[BIGPRIM] code=0x3c tp=0x37 span=1095x1623 at(721,845)
[BIGPRIM] code=0x3c tp=0x37 span=1236x1250 at(580,1877)
[BIGPRIM] code=0x3c tp=0x37 span=1113x469 at(640,2896)
[BIGPRIM] code=0x3c tp=0x36 span=675x929 at(40,832)
[BIGPRIM] code=0x3c tp=0x37 span=861x1428 at(1090,793)
[BIGPRIM] code=0x3c tp=0x37 span=1095x1623 at(721,845)
[BIGPRIM] code=0x3c tp=0x37 span=1236x1250 at(580,1877)
[BIGPRIM] code=0x3c tp=0x37 span=1113x469 at(640,2896)
[BIGPRIM] code=0x3c tp=0x36 span=675x929 at(40,832)
[BIGPRIM] code=0x3c tp=0x37 span=861x1428 at(1090,793)
[BIGPRIM] code=0x3c tp=0x37 span=1095x1623 at(721,845)
[BIGPRIM] code=0x3c tp=0x37 span=1236x1250 at(580,1877)
[BIGPRIM] code=0x3c tp=0x37 span=1113x469 at(640,2896)
[BIGPRIM] code=0x3c tp=0x36 span=675x929 at(40,832)
[BIGPRIM] code=0x3c tp=0x37 span=861x1428 at(1090,793)
[BIGPRIM] code=0x3c tp=0x37 span=1095x1623 at(721,845)
[BIGPRIM] code=0x3c tp=0x37 span=1236x1250 at(580,1877)
[BIGPRIM] code=0x3c tp=0x37 span=1113x469 at(640,2896)
[CHNK] n=4 s0=-2,8,st3 s1=-1,8,st3 s2=0,0,st0 s3=0,0,st0
[BIGPRIM] code=0x3c tp=0x36 span=675x929 at(40,832)
[BIGPRIM] code=0x3c tp=0x37 span=861x1428 at(1090,793)
[BIGPRIM] code=0x3c tp=0x37 span=1095x1623 at(721,845)
[BIGPRIM] code=0x3c tp=0x37 span=1236x1250 at(580,1877)
[BIGPRIM] code=0x3c tp=0x37 span=1113x469 at(640,2896)
[BIGPRIM] code=0x3c tp=0x36 span=675x929 at(40,832)
[BIGPRIM] code=0x3c tp=0x37 span=861x1428 at(1090,793)
[BIGPRIM] code=0x3c tp=0x37 span=1095x1623 at(721,845)
[BIGPRIM] code=0x3c tp=0x37 span=1236x1250 at(580,1877)
[BIGPRIM] code=0x3c tp=0x37 span=1113x469 at(640,2896)
[BIGPRIM] code=0x3c tp=0x36 span=675x929 at(40,832)
[BIGPRIM] code=0x3c tp=0x37 span=861x1428 at(1090,793)
[BIGPRIM] code=0x3c tp=0x37 span=1095x1623 at(721,845)
[BIGPRIM] code=0x3c tp=0x37 span=1236x1250 at(580,1877)
[BIGPRIM] code=0x3c tp=0x37 span=1113x469 at(640,2896)
[BIGPRIM] code=0x3c tp=0x36 span=675x929 at(40,832)
[BIGPRIM] code=0x3c tp=0x37 span=861x1428 at(1090,793)
[BIGPRIM] code=0x3c tp=0x37 span=1095x1623 at(721,845)
[BIGPRIM] code=0x3c tp=0x37 span=1236x1250 at(580,1877)
[BIGPRIM] code=0x3c tp=0x37 span=1113x469 at(640,2896)
[BIGPRIM] code=0x3c tp=0x36 span=675x929 at(40,832)
[BIGPRIM] code=0x3c tp=0x37 span=861x1428 at(1090,793)
[BIGPRIM] code=0x3c tp=0x37 span=1095x1623 at(721,845)
[BIGPRIM] code=0x3c tp=0x37 span=1236x1250 at(580,1877)
[BIGPRIM] code=0x3c tp=0x37 span=1113x469 at(640,2896)
[BIGPRIM] code=0x3c tp=0x36 span=675x929 at(40,832)
[BIGPRIM] code=0x3c tp=0x37 span=861x1428 at(1090,793)
[BIGPRIM] code=0x3c tp=0x37 span=1095x1623 at(721,845)
[BIGPRIM] code=0x3c tp=0x37 span=1236x1250 at(580,1877)
[BIGPRIM] code=0x3c tp=0x37 span=1113x469 at(640,2896)
[BIGPRIM] code=0x3c tp=0x36 span=675x929 at(40,832)
[BIGPRIM] code=0x3c tp=0x37 span=861x1428 at(1090,793)
[BIGPRIM] code=0x3c tp=0x37 span=1095x1623 at(721,845)
[BIGPRIM] code=0x3c tp=0x37 span=1236x1250 at(580,1877)
[BIGPRIM] code=0x3c tp=0x37 span=1113x469 at(640,2896)
[BIGPRIM] code=0x3c tp=0x36 span=675x929 at(40,832)
[BIGPRIM] code=0x3c tp=0x37 span=861x1428 at(1090,793)
[BIGPRIM] code=0x3c tp=0x37 span=1095x1623 at(721,845)
[BIGPRIM] code=0x3c tp=0x37 span=1236x1250 at(580,1877)
[BIGPRIM] code=0x3c tp=0x37 span=1113x469 at(640,2896)
[BIGPRIM] code=0x3c tp=0x36 span=675x929 at(40,832)
[BIGPRIM] code=0x3c tp=0x37 span=861x1428 at(1090,793)
[BIGPRIM] code=0x3c tp=0x37 span=1095x1623 at(721,845)
[BIGPRIM] code=0x3c tp=0x37 span=1236x1250 at(580,1877)
[BIGPRIM] code=0x3c tp=0x37 span=1113x469 at(640,2896)
[BIGPRIM] code=0x3c tp=0x36 span=675x929 at(40,832)
[BIGPRIM] code=0x3c tp=0x37 span=861x1428 at(1090,793)
[BIGPRIM] code=0x3c tp=0x37 span=1095x1623 at(721,845)
[BIGPRIM] code=0x3c tp=0x37 span=1236x1250 at(580,1877)
[BIGPRIM] code=0x3c tp=0x37 span=1113x469 at(640,2896)
[BIGPRIM] code=0x3c tp=0x36 span=675x929 at(40,832)
[BIGPRIM] code=0x3c tp=0x37 span=861x1428 at(1090,793)
[BIGPRIM] code=0x3c tp=0x37 span=1095x1623 at(721,845)
[BIGPRIM] code=0x3c tp=0x37 span=1236x1250 at(580,1877)
[BIGPRIM] code=0x3c tp=0x37 span=1113x469 at(640,2896)
[BIGPRIM] code=0x3c tp=0x36 span=675x929 at(40,832)
[BIGPRIM] code=0x3c tp=0x37 span=861x1428 at(1090,793)
[BIGPRIM] code=0x3c tp=0x37 span=1095x1623 at(721,845)
[BIGPRIM] code=0x3c tp=0x37 span=1236x1250 at(580,1877)
[BIGPRIM] code=0x3c tp=0x37 span=1113x469 at(640,2896)
[BIGPRIM] code=0x3c tp=0x36 span=675x929 at(40,832)
[BIGPRIM] code=0x3c tp=0x37 span=861x1428 at(1090,793)
[BIGPRIM] code=0x3c tp=0x37 span=1095x1623 at(721,845)
[BIGPRIM] code=0x3c tp=0x37 span=1236x1250 at(580,1877)
[BIGPRIM] code=0x3c tp=0x37 span=1113x469 at(640,2896)
[BIGPRIM] code=0x3c tp=0x36 span=675x929 at(40,832)
[BIGPRIM] code=0x3c tp=0x37 span=861x1428 at(1090,793)
[BIGPRIM] code=0x3c tp=0x37 span=1095x1623 at(721,845)
[BIGPRIM] code=0x3c tp=0x37 span=1236x1250 at(580,1877)
[BIGPRIM] code=0x3c tp=0x37 span=1113x469 at(640,2896)
[BIGPRIM] code=0x3c tp=0x36 span=675x929 at(40,832)
[BIGPRIM] code=0x3c tp=0x37 span=861x1428 at(1090,793)
[BIGPRIM] code=0x3c tp=0x37 span=1095x1623 at(721,845)
[BIGPRIM] code=0x3c tp=0x37 span=1236x1250 at(580,1877)
[BIGPRIM] code=0x3c tp=0x37 span=1113x469 at(640,2896)
[SH-XBOX] vblank 6600
[MEM] tick: free=2796KB (699 pages)
[BIGPRIM] code=0x3c tp=0x36 span=675x929 at(40,832)
[BIGPRIM] code=0x3c tp=0x37 span=861x1428 at(1090,793)
[BIGPRIM] code=0x3c tp=0x37 span=1095x1623 at(721,845)
[BIGPRIM] code=0x3c tp=0x37 span=1236x1250 at(580,1877)
[BIGPRIM] code=0x3c tp=0x37 span=1113x469 at(640,2896)
[BIGPRIM] code=0x3c tp=0x36 span=675x929 at(40,832)
[BIGPRIM] code=0x3c tp=0x37 span=861x1428 at(1090,793)
[BIGPRIM] code=0x3c tp=0x37 span=1095x1623 at(721,845)
[BIGPRIM] code=0x3c tp=0x37 span=1236x1250 at(580,1877)
[BIGPRIM] code=0x3c tp=0x37 span=1113x469 at(640,2896)
[BIGPRIM] code=0x3c tp=0x36 span=675x929 at(40,832)
[BIGPRIM] code=0x3c tp=0x37 span=861x1428 at(1090,793)
[BIGPRIM] code=0x3c tp=0x37 span=1095x1623 at(721,845)
[BIGPRIM] code=0x3c tp=0x37 span=1236x1250 at(580,1877)
[BIGPRIM] code=0x3c tp=0x37 span=1113x469 at(640,2896)
[BIGPRIM] code=0x3c tp=0x36 span=675x929 at(40,832)
[BIGPRIM] code=0x3c tp=0x37 span=861x1428 at(1090,793)
[BIGPRIM] code=0x3c tp=0x37 span=1095x1623 at(721,845)
[BIGPRIM] code=0x3c tp=0x37 span=1236x1250 at(580,1877)
[BIGPRIM] code=0x3c tp=0x37 span=1113x469 at(640,2896)
[BIGPRIM] code=0x3c tp=0x36 span=675x929 at(40,832)
[BIGPRIM] code=0x3c tp=0x37 span=861x1428 at(1090,793)
[BIGPRIM] code=0x3c tp=0x37 span=1095x1623 at(721,845)
[BIGPRIM] code=0x3c tp=0x37 span=1236x1250 at(580,1877)
[BIGPRIM] code=0x3c tp=0x37 span=1113x469 at(640,2896)
[BIGPRIM] code=0x3c tp=0x36 span=675x929 at(40,832)
[BIGPRIM] code=0x3c tp=0x37 span=861x1428 at(1090,793)
[BIGPRIM] code=0x3c tp=0x37 span=1095x1623 at(721,845)
[BIGPRIM] code=0x3c tp=0x37 span=1236x1250 at(580,1877)
[BIGPRIM] code=0x3c tp=0x37 span=1113x469 at(640,2896)
[BIGPRIM] code=0x3c tp=0x36 span=675x929 at(40,832)
[BIGPRIM] code=0x3c tp=0x37 span=861x1428 at(1090,793)
[BIGPRIM] code=0x3c tp=0x37 span=1095x1623 at(721,845)
[BIGPRIM] code=0x3c tp=0x37 span=1236x1250 at(580,1877)
[BIGPRIM] code=0x3c tp=0x37 span=1113x469 at(640,2896)
[BIGPRIM] code=0x3c tp=0x36 span=675x929 at(40,832)
[BIGPRIM] code=0x3c tp=0x37 span=861x1428 at(1090,793)
[BIGPRIM] code=0x3c tp=0x37 span=1095x1623 at(721,845)
[BIGPRIM] code=0x3c tp=0x37 span=1236x1250 at(580,1877)
[BIGPRIM] code=0x3c tp=0x37 span=1113x469 at(640,2896)
[BIGPRIM] code=0x3c tp=0x36 span=675x929 at(40,832)
[BIGPRIM] code=0x3c tp=0x37 span=861x1428 at(1090,793)
[BIGPRIM] code=0x3c tp=0x37 span=1095x1623 at(721,845)
[BIGPRIM] code=0x3c tp=0x37 span=1236x1250 at(580,1877)
[BIGPRIM] code=0x3c tp=0x37 span=1113x469 at(640,2896)
[BIGPRIM] code=0x3c tp=0x36 span=675x929 at(40,832)
[BIGPRIM] code=0x3c tp=0x37 span=861x1428 at(1090,793)
[BIGPRIM] code=0x3c tp=0x37 span=1095x1623 at(721,845)
[BIGPRIM] code=0x3c tp=0x37 span=1236x1250 at(580,1877)
[BIGPRIM] code=0x3c tp=0x37 span=1113x469 at(640,2896)
[BIGPRIM] code=0x3c tp=0x36 span=675x929 at(40,832)
[BIGPRIM] code=0x3c tp=0x37 span=861x1428 at(1090,793)
[BIGPRIM] code=0x3c tp=0x37 span=1095x1623 at(721,845)
[BIGPRIM] code=0x3c tp=0x37 span=1236x1250 at(580,1877)
[BIGPRIM] code=0x3c tp=0x37 span=1113x469 at(640,2896)
[BIGPRIM] code=0x3c tp=0x36 span=675x929 at(40,832)
[BIGPRIM] code=0x3c tp=0x37 span=861x1428 at(1090,793)
[BIGPRIM] code=0x3c tp=0x37 span=1095x1623 at(721,845)
[BIGPRIM] code=0x3c tp=0x37 span=1236x1250 at(580,1877)
[BIGPRIM] code=0x3c tp=0x37 span=1113x469 at(640,2896)
[BIGPRIM] code=0x3c tp=0x36 span=675x929 at(40,832)
[BIGPRIM] code=0x3c tp=0x37 span=861x1428 at(1090,793)
[BIGPRIM] code=0x3c tp=0x37 span=1095x1623 at(721,845)
[BIGPRIM] code=0x3c tp=0x37 span=1236x1250 at(580,1877)
[BIGPRIM] code=0x3c tp=0x37 span=1113x469 at(640,2896)
[BIGPRIM] code=0x3c tp=0x36 span=675x929 at(40,832)
[BIGPRIM] code=0x3c tp=0x37 span=861x1428 at(1090,793)
[BIGPRIM] code=0x3c tp=0x37 span=1095x1623 at(721,845)
[BIGPRIM] code=0x3c tp=0x37 span=1236x1250 at(580,1877)
[BIGPRIM] code=0x3c tp=0x37 span=1113x469 at(640,2896)
[BIGPRIM] code=0x3c tp=0x36 span=675x929 at(40,832)
[BIGPRIM] code=0x3c tp=0x37 span=861x1428 at(1090,793)
[BIGPRIM] code=0x3c tp=0x37 span=1095x1623 at(721,845)
[BIGPRIM] code=0x3c tp=0x37 span=1236x1250 at(580,1877)
[BIGPRIM] code=0x3c tp=0x37 span=1113x469 at(640,2896)
[BIGPRIM] code=0x3c tp=0x36 span=675x929 at(40,832)
[BIGPRIM] code=0x3c tp=0x37 span=861x1428 at(1090,793)
[BIGPRIM] code=0x3c tp=0x37 span=1095x1623 at(721,845)
[BIGPRIM] code=0x3c tp=0x37 span=1236x1250 at(580,1877)
[BIGPRIM] code=0x3c tp=0x37 span=1113x469 at(640,2896)
[BIGPRIM] code=0x3c tp=0x36 span=675x929 at(40,832)
[BIGPRIM] code=0x3c tp=0x37 span=861x1428 at(1090,793)
[BIGPRIM] code=0x3c tp=0x37 span=1095x1623 at(721,845)
[BIGPRIM] code=0x3c tp=0x37 span=1236x1250 at(580,1877)
[BIGPRIM] code=0x3c tp=0x37 span=1113x469 at(640,2896)
[BIGPRIM] code=0x3c tp=0x36 span=675x929 at(40,832)
[BIGPRIM] code=0x3c tp=0x37 span=861x1428 at(1090,793)
[BIGPRIM] code=0x3c tp=0x37 span=1095x1623 at(721,845)
[BIGPRIM] code=0x3c tp=0x37 span=1236x1250 at(580,1877)
[BIGPRIM] code=0x3c tp=0x37 span=1113x469 at(640,2896)
[BIGPRIM] code=0x3c tp=0x36 span=675x929 at(40,832)
[BIGPRIM] code=0x3c tp=0x37 span=861x1428 at(1090,793)
[BIGPRIM] code=0x3c tp=0x37 span=1095x1623 at(721,845)
[BIGPRIM] code=0x3c tp=0x37 span=1236x1250 at(580,1877)
[BIGPRIM] code=0x3c tp=0x37 span=1113x469 at(640,2896)
[BIGPRIM] code=0x3c tp=0x36 span=675x929 at(40,832)
[BIGPRIM] code=0x3c tp=0x37 span=861x1428 at(1090,793)
[BIGPRIM] code=0x3c tp=0x37 span=1095x1623 at(721,845)
[BIGPRIM] code=0x3c tp=0x37 span=1236x1250 at(580,1877)
[BIGPRIM] code=0x3c tp=0x37 span=1113x469 at(640,2896)
[BIGPRIM] code=0x3c tp=0x36 span=675x929 at(40,832)
[BIGPRIM] code=0x3c tp=0x37 span=861x1428 at(1090,793)
[BIGPRIM] code=0x3c tp=0x37 span=1095x1623 at(721,845)
[BIGPRIM] code=0x3c tp=0x37 span=1236x1250 at(580,1877)
[BIGPRIM] code=0x3c tp=0x37 span=1113x469 at(640,2896)
[BIGPRIM] code=0x3c tp=0x36 span=675x929 at(40,832)
[BIGPRIM] code=0x3c tp=0x37 span=861x1428 at(1090,793)
[BIGPRIM] code=0x3c tp=0x37 span=1095x1623 at(721,845)
[BIGPRIM] code=0x3c tp=0x37 span=1236x1250 at(580,1877)
[BIGPRIM] code=0x3c tp=0x37 span=1113x469 at(640,2896)
[BIGPRIM] code=0x3c tp=0x36 span=675x929 at(40,832)
[BIGPRIM] code=0x3c tp=0x37 span=861x1428 at(1090,793)
[CHNK] n=4 s0=-2,8,st3 s1=-1,8,st3 s2=0,0,st0 s3=0,0,st0
[BIGPRIM] code=0x3c tp=0x37 span=1095x1623 at(721,845)
[BIGPRIM] code=0x3c tp=0x37 span=1236x1250 at(580,1877)
[BIGPRIM] code=0x3c tp=0x37 span=1113x469 at(640,2896)
[BIGPRIM] code=0x3c tp=0x36 span=675x929 at(40,832)
[BIGPRIM] code=0x3c tp=0x37 span=861x1428 at(1090,793)
[BIGPRIM] code=0x3c tp=0x37 span=1095x1623 at(721,845)
[BIGPRIM] code=0x3c tp=0x37 span=1236x1250 at(580,1877)
[BIGPRIM] code=0x3c tp=0x37 span=1113x469 at(640,2896)
[BIGPRIM] code=0x3c tp=0x36 span=675x929 at(40,832)
[BIGPRIM] code=0x3c tp=0x37 span=861x1428 at(1090,793)
[BIGPRIM] code=0x3c tp=0x37 span=1095x1623 at(721,845)
[BIGPRIM] code=0x3c tp=0x37 span=1236x1250 at(580,1877)
[BIGPRIM] code=0x3c tp=0x37 span=1113x469 at(640,2896)
[BIGPRIM] code=0x3c tp=0x36 span=675x929 at(40,832)
[BIGPRIM] code=0x3c tp=0x37 span=861x1428 at(1090,793)
[BIGPRIM] code=0x3c tp=0x37 span=1095x1623 at(721,845)
[BIGPRIM] code=0x3c tp=0x37 span=1236x1250 at(580,1877)
[BIGPRIM] code=0x3c tp=0x37 span=1113x469 at(640,2896)
[BIGPRIM] code=0x3c tp=0x36 span=675x929 at(40,832)
[BIGPRIM] code=0x3c tp=0x37 span=861x1428 at(1090,793)
[BIGPRIM] code=0x3c tp=0x37 span=1095x1623 at(721,845)
[BIGPRIM] code=0x3c tp=0x37 span=1236x1250 at(580,1877)
[BIGPRIM] code=0x3c tp=0x37 span=1113x469 at(640,2896)
[BIGPRIM] code=0x3c tp=0x36 span=675x929 at(40,832)
[BIGPRIM] code=0x3c tp=0x37 span=861x1428 at(1090,793)
[BIGPRIM] code=0x3c tp=0x37 span=1095x1623 at(721,845)
[BIGPRIM] code=0x3c tp=0x37 span=1236x1250 at(580,1877)
[BIGPRIM] code=0x3c tp=0x37 span=1113x469 at(640,2896)
[BIGPRIM] code=0x3c tp=0x36 span=675x929 at(40,832)
[BIGPRIM] code=0x3c tp=0x37 span=861x1428 at(1090,793)
[BIGPRIM] code=0x3c tp=0x37 span=1095x1623 at(721,845)
[BIGPRIM] code=0x3c tp=0x37 span=1236x1250 at(580,1877)
[BIGPRIM] code=0x3c tp=0x37 span=1113x469 at(640,2896)
[BIGPRIM] code=0x3c tp=0x36 span=675x929 at(40,832)
[BIGPRIM] code=0x3c tp=0x37 span=861x1428 at(1090,793)
[BIGPRIM] code=0x3c tp=0x37 span=1095x1623 at(721,845)
[BIGPRIM] code=0x3c tp=0x37 span=1236x1250 at(580,1877)
[BIGPRIM] code=0x3c tp=0x37 span=1113x469 at(640,2896)
[BIGPRIM] code=0x3c tp=0x36 span=675x929 at(40,832)
[BIGPRIM] code=0x3c tp=0x37 span=861x1428 at(1090,793)
[BIGPRIM] code=0x3c tp=0x37 span=1095x1623 at(721,845)
[BIGPRIM] code=0x3c tp=0x37 span=1236x1250 at(580,1877)
[BIGPRIM] code=0x3c tp=0x37 span=1113x469 at(640,2896)
[BIGPRIM] code=0x3c tp=0x36 span=675x929 at(40,832)
[BIGPRIM] code=0x3c tp=0x37 span=861x1428 at(1090,793)
[BIGPRIM] code=0x3c tp=0x37 span=1095x1623 at(721,845)
[BIGPRIM] code=0x3c tp=0x37 span=1236x1250 at(580,1877)
[BIGPRIM] code=0x3c tp=0x37 span=1113x469 at(640,2896)
[BIGPRIM] code=0x3c tp=0x36 span=675x929 at(40,832)
[BIGPRIM] code=0x3c tp=0x37 span=861x1428 at(1090,793)
[BIGPRIM] code=0x3c tp=0x37 span=1095x1623 at(721,845)
[BIGPRIM] code=0x3c tp=0x37 span=1236x1250 at(580,1877)
[BIGPRIM] code=0x3c tp=0x37 span=1113x469 at(640,2896)
[BIGPRIM] code=0x3c tp=0x36 span=675x929 at(40,832)
[BIGPRIM] code=0x3c tp=0x37 span=861x1428 at(1090,793)
[BIGPRIM] code=0x3c tp=0x37 span=1095x1623 at(721,845)
[BIGPRIM] code=0x3c tp=0x37 span=1236x1250 at(580,1877)
[BIGPRIM] code=0x3c tp=0x37 span=1113x469 at(640,2896)
[BIGPRIM] code=0x3c tp=0x36 span=675x929 at(40,832)
[BIGPRIM] code=0x3c tp=0x37 span=861x1428 at(1090,793)
[BIGPRIM] code=0x3c tp=0x37 span=1095x1623 at(721,845)
[BIGPRIM] code=0x3c tp=0x37 span=1236x1250 at(580,1877)
[BIGPRIM] code=0x3c tp=0x37 span=1113x469 at(640,2896)
[BIGPRIM] code=0x3c tp=0x36 span=675x929 at(40,832)
[BIGPRIM] code=0x3c tp=0x37 span=861x1428 at(1090,793)
[BIGPRIM] code=0x3c tp=0x37 span=1095x1623 at(721,845)
[BIGPRIM] code=0x3c tp=0x37 span=1236x1250 at(580,1877)
[BIGPRIM] code=0x3c tp=0x37 span=1113x469 at(640,2896)
[BIGPRIM] code=0x3c tp=0x36 span=675x929 at(40,832)
[BIGPRIM] code=0x3c tp=0x37 span=861x1428 at(1090,793)
[BIGPRIM] code=0x3c tp=0x37 span=1095x1623 at(721,845)
[BIGPRIM] code=0x3c tp=0x37 span=1236x1250 at(580,1877)
[BIGPRIM] code=0x3c tp=0x37 span=1113x469 at(640,2896)
[BIGPRIM] code=0x3c tp=0x36 span=675x929 at(40,832)
[BIGPRIM] code=0x3c tp=0x37 span=861x1428 at(1090,793)
[SH-XBOX] vblank 7200
[MEM] tick: free=2796KB (699 pages)
[BIGPRIM] code=0x3c tp=0x37 span=1095x1623 at(721,845)
[BIGPRIM] code=0x3c tp=0x37 span=1236x1250 at(580,1877)
[BIGPRIM] code=0x3c tp=0x37 span=1113x469 at(640,2896)
[BIGPRIM] code=0x3c tp=0x36 span=675x929 at(40,832)
[BIGPRIM] code=0x3c tp=0x37 span=861x1428 at(1090,793)
[BIGPRIM] code=0x3c tp=0x37 span=1095x1623 at(721,845)
[BIGPRIM] code=0x3c tp=0x37 span=1236x1250 at(580,1877)
[BIGPRIM] code=0x3c tp=0x37 span=1113x469 at(640,2896)
[BIGPRIM] code=0x3c tp=0x36 span=675x929 at(40,832)
[BIGPRIM] code=0x3c tp=0x37 span=861x1428 at(1090,793)
[BIGPRIM] code=0x3c tp=0x37 span=1095x1623 at(721,845)
[BIGPRIM] code=0x3c tp=0x37 span=1236x1250 at(580,1877)
[BIGPRIM] code=0x3c tp=0x37 span=1113x469 at(640,2896)
[BIGPRIM] code=0x3c tp=0x36 span=675x929 at(40,832)
[BIGPRIM] code=0x3c tp=0x37 span=861x1428 at(1090,793)
[BIGPRIM] code=0x3c tp=0x37 span=1095x1623 at(721,845)
[BIGPRIM] code=0x3c tp=0x37 span=1236x1250 at(580,1877)
[BIGPRIM] code=0x3c tp=0x37 span=1113x469 at(640,2896)
[BIGPRIM] code=0x3c tp=0x36 span=675x929 at(40,832)
[BIGPRIM] code=0x3c tp=0x37 span=861x1428 at(1090,793)
[BIGPRIM] code=0x3c tp=0x37 span=1095x1623 at(721,845)
[BIGPRIM] code=0x3c tp=0x37 span=1236x1250 at(580,1877)
[BIGPRIM] code=0x3c tp=0x37 span=1113x469 at(640,2896)
[BIGPRIM] code=0x3c tp=0x36 span=675x929 at(40,832)
[BIGPRIM] code=0x3c tp=0x37 span=861x1428 at(1090,793)
[RA] http POST http://retroachievements.org/dorequest.php
[NET] POST retroachievements.org -> 200 (16 bytes)
[RA] http -> status=200 bodyLen=16 body='{"Success":true}'
[BIGPRIM] code=0x3c tp=0x37 span=1095x1623 at(721,845)
[BIGPRIM] code=0x3c tp=0x37 span=1236x1250 at(580,1877)
[BIGPRIM] code=0x3c tp=0x37 span=1113x469 at(640,2896)
[BIGPRIM] code=0x3c tp=0x36 span=675x929 at(40,832)
[BIGPRIM] code=0x3c tp=0x37 span=861x1428 at(1090,793)
[BIGPRIM] code=0x3c tp=0x37 span=1095x1623 at(721,845)
[BIGPRIM] code=0x3c tp=0x37 span=1236x1250 at(580,1877)
[BIGPRIM] code=0x3c tp=0x37 span=1113x469 at(640,2896)
[BIGPRIM] code=0x3c tp=0x36 span=675x929 at(40,832)
[BIGPRIM] code=0x3c tp=0x37 span=861x1428 at(1090,793)
[BIGPRIM] code=0x3c tp=0x37 span=1095x1623 at(721,845)
[BIGPRIM] code=0x3c tp=0x37 span=1236x1250 at(580,1877)
[BIGPRIM] code=0x3c tp=0x37 span=1113x469 at(640,2896)
[BIGPRIM] code=0x3c tp=0x36 span=675x929 at(40,832)
[BIGPRIM] code=0x3c tp=0x37 span=861x1428 at(1090,793)
[BIGPRIM] code=0x3c tp=0x37 span=1095x1623 at(721,845)
[BIGPRIM] code=0x3c tp=0x37 span=1236x1250 at(580,1877)
[BIGPRIM] code=0x3c tp=0x37 span=1113x469 at(640,2896)
[BIGPRIM] code=0x3c tp=0x36 span=675x929 at(40,832)
[BIGPRIM] code=0x3c tp=0x37 span=861x1428 at(1090,793)
[BIGPRIM] code=0x3c tp=0x37 span=1095x1623 at(721,845)
[BIGPRIM] code=0x3c tp=0x37 span=1236x1250 at(580,1877)
[BIGPRIM] code=0x3c tp=0x37 span=1113x469 at(640,2896)
[BIGPRIM] code=0x3c tp=0x36 span=675x929 at(40,832)
[BIGPRIM] code=0x3c tp=0x37 span=861x1428 at(1090,793)
[BIGPRIM] code=0x3c tp=0x37 span=1095x1623 at(721,845)
[BIGPRIM] code=0x3c tp=0x37 span=1236x1250 at(580,1877)
[BIGPRIM] code=0x3c tp=0x37 span=1113x469 at(640,2896)
[BIGPRIM] code=0x3c tp=0x36 span=675x929 at(40,832)
[BIGPRIM] code=0x3c tp=0x37 span=861x1428 at(1090,793)
[BIGPRIM] code=0x3c tp=0x37 span=1095x1623 at(721,845)
[BIGPRIM] code=0x3c tp=0x37 span=1236x1250 at(580,1877)
[BIGPRIM] code=0x3c tp=0x37 span=1113x469 at(640,2896)
[BIGPRIM] code=0x3c tp=0x36 span=675x929 at(40,832)
[BIGPRIM] code=0x3c tp=0x37 span=861x1428 at(1090,793)
[BIGPRIM] code=0x3c tp=0x37 span=1095x1623 at(721,845)
[BIGPRIM] code=0x3c tp=0x37 span=1236x1250 at(580,1877)
[BIGPRIM] code=0x3c tp=0x37 span=1113x469 at(640,2896)
[BIGPRIM] code=0x3c tp=0x36 span=675x929 at(40,832)
[BIGPRIM] code=0x3c tp=0x37 span=861x1428 at(1090,793)
[BIGPRIM] code=0x3c tp=0x37 span=1095x1623 at(721,845)
[BIGPRIM] code=0x3c tp=0x37 span=1236x1250 at(580,1877)
[BIGPRIM] code=0x3c tp=0x37 span=1113x469 at(640,2896)
[BIGPRIM] code=0x3c tp=0x36 span=675x929 at(40,832)
[BIGPRIM] code=0x3c tp=0x37 span=861x1428 at(1090,793)
[BIGPRIM] code=0x3c tp=0x37 span=1095x1623 at(721,845)
[BIGPRIM] code=0x3c tp=0x37 span=1236x1250 at(580,1877)
[BIGPRIM] code=0x3c tp=0x37 span=1113x469 at(640,2896)
[BIGPRIM] code=0x3c tp=0x36 span=675x929 at(40,832)
[BIGPRIM] code=0x3c tp=0x37 span=861x1428 at(1090,793)
[BIGPRIM] code=0x3c tp=0x37 span=1095x1623 at(721,845)
[BIGPRIM] code=0x3c tp=0x37 span=1236x1250 at(580,1877)
[BIGPRIM] code=0x3c tp=0x37 span=1113x469 at(640,2896)
[BIGPRIM] code=0x3c tp=0x36 span=675x929 at(40,832)
[BIGPRIM] code=0x3c tp=0x37 span=861x1428 at(1090,793)
[BIGPRIM] code=0x3c tp=0x37 span=1095x1623 at(721,845)
[BIGPRIM] code=0x3c tp=0x37 span=1236x1250 at(580,1877)
[BIGPRIM] code=0x3c tp=0x37 span=1113x469 at(640,2896)
[BIGPRIM] code=0x3c tp=0x36 span=675x929 at(40,832)
[BIGPRIM] code=0x3c tp=0x37 span=861x1428 at(1090,793)
[BIGPRIM] code=0x3c tp=0x37 span=1095x1623 at(721,845)
[BIGPRIM] code=0x3c tp=0x37 span=1236x1250 at(580,1877)
[BIGPRIM] code=0x3c tp=0x37 span=1113x469 at(640,2896)
[BIGPRIM] code=0x3c tp=0x36 span=675x929 at(40,832)
[BIGPRIM] code=0x3c tp=0x37 span=861x1428 at(1090,793)
[BIGPRIM] code=0x3c tp=0x37 span=1095x1623 at(721,845)
[BIGPRIM] code=0x3c tp=0x37 span=1236x1250 at(580,1877)
[BIGPRIM] code=0x3c tp=0x37 span=1113x469 at(640,2896)
[BIGPRIM] code=0x3c tp=0x36 span=675x929 at(40,832)
[BIGPRIM] code=0x3c tp=0x37 span=861x1428 at(1090,793)
[BIGPRIM] code=0x3c tp=0x37 span=1095x1623 at(721,845)
[BIGPRIM] code=0x3c tp=0x37 span=1236x1250 at(580,1877)
[BIGPRIM] code=0x3c tp=0x37 span=1113x469 at(640,2896)
[BIGPRIM] code=0x3c tp=0x36 span=675x929 at(40,832)
[BIGPRIM] code=0x3c tp=0x37 span=861x1428 at(1090,793)
[BIGPRIM] code=0x3c tp=0x37 span=1095x1623 at(721,845)
[BIGPRIM] code=0x3c tp=0x37 span=1236x1250 at(580,1877)
[BIGPRIM] code=0x3c tp=0x37 span=1113x469 at(640,2896)
[BIGPRIM] code=0x3c tp=0x36 span=675x929 at(40,832)
[BIGPRIM] code=0x3c tp=0x37 span=861x1428 at(1090,793)
[BIGPRIM] code=0x3c tp=0x37 span=1095x1623 at(721,845)
[BIGPRIM] code=0x3c tp=0x37 span=1236x1250 at(580,1877)
[BIGPRIM] code=0x3c tp=0x37 span=1113x469 at(640,2896)
[BIGPRIM] code=0x3c tp=0x36 span=675x929 at(40,832)
[BIGPRIM] code=0x3c tp=0x37 span=861x1428 at(1090,793)
[BIGPRIM] code=0x3c tp=0x37 span=1095x1623 at(721,845)
[BIGPRIM] code=0x3c tp=0x37 span=1236x1250 at(580,1877)
[BIGPRIM] code=0x3c tp=0x37 span=1113x469 at(640,2896)
[CHNK] n=4 s0=-2,8,st3 s1=-1,8,st3 s2=0,0,st0 s3=0,0,st0
[BIGPRIM] code=0x3c tp=0x36 span=675x929 at(40,832)
[BIGPRIM] code=0x3c tp=0x37 span=861x1428 at(1090,793)
[BIGPRIM] code=0x3c tp=0x37 span=1095x1623 at(721,845)
[BIGPRIM] code=0x3c tp=0x37 span=1236x1250 at(580,1877)
[BIGPRIM] code=0x3c tp=0x37 span=1113x469 at(640,2896)
[BIGPRIM] code=0x3c tp=0x36 span=675x929 at(40,832)
[BIGPRIM] code=0x3c tp=0x37 span=861x1428 at(1090,793)
[BIGPRIM] code=0x3c tp=0x37 span=1095x1623 at(721,845)
[BIGPRIM] code=0x3c tp=0x37 span=1236x1250 at(580,1877)
[BIGPRIM] code=0x3c tp=0x37 span=1113x469 at(640,2896)
[BIGPRIM] code=0x3c tp=0x36 span=675x929 at(40,832)
[BIGPRIM] code=0x3c tp=0x37 span=861x1428 at(1090,793)
[BIGPRIM] code=0x3c tp=0x37 span=1095x1623 at(721,845)
[BIGPRIM] code=0x3c tp=0x37 span=1236x1250 at(580,1877)
[BIGPRIM] code=0x3c tp=0x37 span=1113x469 at(640,2896)
[BIGPRIM] code=0x3c tp=0x36 span=675x929 at(40,832)
[BIGPRIM] code=0x3c tp=0x37 span=861x1428 at(1090,793)
[BIGPRIM] code=0x3c tp=0x37 span=1095x1623 at(721,845)
[BIGPRIM] code=0x3c tp=0x37 span=1236x1250 at(580,1877)
[BIGPRIM] code=0x3c tp=0x37 span=1113x469 at(640,2896)
[BIGPRIM] code=0x3c tp=0x36 span=675x929 at(40,832)
[BIGPRIM] code=0x3c tp=0x37 span=861x1428 at(1090,793)
[BIGPRIM] code=0x3c tp=0x37 span=1095x1623 at(721,845)
[BIGPRIM] code=0x3c tp=0x37 span=1236x1250 at(580,1877)
[BIGPRIM] code=0x3c tp=0x37 span=1113x469 at(640,2896)
[BIGPRIM] code=0x3c tp=0x36 span=675x929 at(40,832)
[BIGPRIM] code=0x3c tp=0x37 span=861x1428 at(1090,793)
[BIGPRIM] code=0x3c tp=0x37 span=1095x1623 at(721,845)
[BIGPRIM] code=0x3c tp=0x37 span=1236x1250 at(580,1877)
[BIGPRIM] code=0x3c tp=0x37 span=1113x469 at(640,2896)
[BIGPRIM] code=0x3c tp=0x36 span=675x929 at(40,832)
[BIGPRIM] code=0x3c tp=0x37 span=861x1428 at(1090,793)
[BIGPRIM] code=0x3c tp=0x37 span=1095x1623 at(721,845)
[BIGPRIM] code=0x3c tp=0x37 span=1236x1250 at(580,1877)
[BIGPRIM] code=0x3c tp=0x37 span=1113x469 at(640,2896)
[BIGPRIM] code=0x3c tp=0x36 span=675x929 at(40,832)
[BIGPRIM] code=0x3c tp=0x37 span=861x1428 at(1090,793)
[BIGPRIM] code=0x3c tp=0x37 span=1095x1623 at(721,845)
[BIGPRIM] code=0x3c tp=0x37 span=1236x1250 at(580,1877)
[BIGPRIM] code=0x3c tp=0x37 span=1113x469 at(640,2896)
[BIGPRIM] code=0x3c tp=0x36 span=675x929 at(40,832)
[BIGPRIM] code=0x3c tp=0x37 span=861x1428 at(1090,793)
[BIGPRIM] code=0x3c tp=0x37 span=1095x1623 at(721,845)
[BIGPRIM] code=0x3c tp=0x37 span=1236x1250 at(580,1877)
[BIGPRIM] code=0x3c tp=0x37 span=1113x469 at(640,2896)
[BIGPRIM] code=0x3c tp=0x36 span=675x929 at(40,832)
[BIGPRIM] code=0x3c tp=0x37 span=861x1428 at(1090,793)
[BIGPRIM] code=0x3c tp=0x37 span=1095x1623 at(721,845)
[BIGPRIM] code=0x3c tp=0x37 span=1236x1250 at(580,1877)
[BIGPRIM] code=0x3c tp=0x37 span=1113x469 at(640,2896)
[BIGPRIM] code=0x3c tp=0x36 span=675x929 at(40,832)
[BIGPRIM] code=0x3c tp=0x37 span=861x1428 at(1090,793)
[BIGPRIM] code=0x3c tp=0x37 span=1095x1623 at(721,845)
[BIGPRIM] code=0x3c tp=0x37 span=1236x1250 at(580,1877)
[BIGPRIM] code=0x3c tp=0x37 span=1113x469 at(640,2896)
[BIGPRIM] code=0x3c tp=0x36 span=675x929 at(40,832)
[BIGPRIM] code=0x3c tp=0x37 span=861x1428 at(1090,793)
[BIGPRIM] code=0x3c tp=0x37 span=1095x1623 at(721,845)
[BIGPRIM] code=0x3c tp=0x37 span=1236x1250 at(580,1877)
[BIGPRIM] code=0x3c tp=0x37 span=1113x469 at(640,2896)
[BIGPRIM] code=0x3c tp=0x36 span=675x929 at(40,832)
[BIGPRIM] code=0x3c tp=0x37 span=861x1428 at(1090,793)
[BIGPRIM] code=0x3c tp=0x37 span=1095x1623 at(721,845)
[BIGPRIM] code=0x3c tp=0x37 span=1236x1250 at(580,1877)
[BIGPRIM] code=0x3c tp=0x37 span=1113x469 at(640,2896)
[BIGPRIM] code=0x3c tp=0x36 span=675x929 at(40,832)
[BIGPRIM] code=0x3c tp=0x37 span=861x1428 at(1090,793)
[BIGPRIM] code=0x3c tp=0x37 span=1095x1623 at(721,845)
[BIGPRIM] code=0x3c tp=0x37 span=1236x1250 at(580,1877)
[BIGPRIM] code=0x3c tp=0x37 span=1113x469 at(640,2896)
[BIGPRIM] code=0x3c tp=0x36 span=675x929 at(40,832)
[BIGPRIM] code=0x3c tp=0x37 span=861x1428 at(1090,793)
[BIGPRIM] code=0x3c tp=0x37 span=1095x1623 at(721,845)
[BIGPRIM] code=0x3c tp=0x37 span=1236x1250 at(580,1877)
[BIGPRIM] code=0x3c tp=0x37 span=1113x469 at(640,2896)
[SH-XBOX] vblank 7800
[MEM] tick: free=2796KB (699 pages)
[BIGPRIM] code=0x3c tp=0x36 span=675x929 at(40,832)
[BIGPRIM] code=0x3c tp=0x37 span=861x1428 at(1090,793)
[BIGPRIM] code=0x3c tp=0x37 span=1095x1623 at(721,845)
[BIGPRIM] code=0x3c tp=0x37 span=1236x1250 at(580,1877)
[BIGPRIM] code=0x3c tp=0x37 span=1113x469 at(640,2896)
[BIGPRIM] code=0x3c tp=0x36 span=675x929 at(40,832)
[BIGPRIM] code=0x3c tp=0x37 span=861x1428 at(1090,793)
[BIGPRIM] code=0x3c tp=0x37 span=1095x1623 at(721,845)
[BIGPRIM] code=0x3c tp=0x37 span=1236x1250 at(580,1877)
[BIGPRIM] code=0x3c tp=0x37 span=1113x469 at(640,2896)
[BIGPRIM] code=0x3c tp=0x36 span=675x929 at(40,832)
[BIGPRIM] code=0x3c tp=0x37 span=861x1428 at(1090,793)
[BIGPRIM] code=0x3c tp=0x37 span=1095x1623 at(721,845)
[BIGPRIM] code=0x3c tp=0x37 span=1236x1250 at(580,1877)
[BIGPRIM] code=0x3c tp=0x37 span=1113x469 at(640,2896)
[BIGPRIM] code=0x3c tp=0x36 span=675x929 at(40,832)
[BIGPRIM] code=0x3c tp=0x37 span=861x1428 at(1090,793)
[BIGPRIM] code=0x3c tp=0x37 span=1095x1623 at(721,845)
[BIGPRIM] code=0x3c tp=0x37 span=1236x1250 at(580,1877)
[BIGPRIM] code=0x3c tp=0x37 span=1113x469 at(640,2896)
[BIGPRIM] code=0x3c tp=0x36 span=675x929 at(40,832)
[BIGPRIM] code=0x3c tp=0x37 span=861x1428 at(1090,793)
[BIGPRIM] code=0x3c tp=0x37 span=1095x1623 at(721,845)
[BIGPRIM] code=0x3c tp=0x37 span=1236x1250 at(580,1877)
[BIGPRIM] code=0x3c tp=0x37 span=1113x469 at(640,2896)
[BIGPRIM] code=0x3c tp=0x36 span=675x929 at(40,832)
[BIGPRIM] code=0x3c tp=0x37 span=861x1428 at(1090,793)
[BIGPRIM] code=0x3c tp=0x37 span=1095x1623 at(721,845)
[BIGPRIM] code=0x3c tp=0x37 span=1143x527 at(484,2838)
[BIGPRIM] code=0x3c tp=0x37 span=471x1018 at(511,961)
[BIGPRIM] code=0x3c tp=0x36 span=1173x1584 at(-845,829)
[BIGPRIM] code=0x3c tp=0x3a span=303x1241 at(904,681)
[BIGPRIM] code=0x3c tp=0x36 span=87x1482 at(1003,935)
[BIGPRIM] code=0x3c tp=0x36 span=441x720 at(1075,678)
[BIGPRIM] code=0x3c tp=0x3a span=1119x559 at(-230,2587)
[BIGPRIM] code=0x3c tp=0x3a span=1095x450 at(-752,1346)
[BIGPRIM] code=0x3c tp=0x3a span=1185x491 at(-842,1125)
[BIGPRIM] code=0x3c tp=0x37 span=120x874 at(757,2073)
[BIGPRIM] code=0x3c tp=0x3a span=1149x405 at(-809,880)
[BIGPRIM] code=0x3c tp=0x36 span=1179x1202 at(-740,961)
[BIGPRIM] code=0x3c tp=0x3a span=999x293 at(-650,832)
[BIGPRIM] code=0x3c tp=0x36 span=1344x1212 at(-896,1343)
[BIGPRIM] code=0x3c tp=0x36 span=1581x714 at(-938,2381)
[BIGPRIM] code=0x3a tp=0xa span=1020x770 at(130,-25)
[BIGPRIM] code=0x3c tp=0x36 span=1533x1134 at(358,1215)
[BIGPRIM] code=0x3a tp=0xa span=1020x770 at(130,-25)
[BIGPRIM] code=0x3c tp=0x37 span=306x755 at(-113,392)
[BIGPRIM] code=0x3c tp=0x36 span=1494x694 at(-1148,2221)
[BIGPRIM] code=0x3c tp=0x36 span=1563x630 at(334,2304)
[BIGPRIM] code=0x3c tp=0x36 span=1623x662 at(394,2266)
[GP-STATE-TXN] Gameplay -> sysState=6 (param=49)
[SYSSTATE] dispatch sysState=6 mapEventData=0x5b0f3c
[SFX] Sd_PlaySfx: sfxId=1309 (Sfx_Base+29) vol=0
[SH-XBOX] GameState -> 10 (step 0)
[BOOT-STEP] GameStartup step=0 qlen=0
[TRANSITION] GameStartup step=0: processFlags=0x1 (RoomTransition) sizeof(s_WorldGfxWork)=11708
[TRANSITION] AreaLoad_UpdatePlayerPosition: BEFORE playerPos=(-186764,-11264,1416238) targetPos=(794624,-385024) loadScreen=0
[TRANSITION] AreaLoad_UpdatePlayerPosition: AFTER playerPos=(792986,0,-385024)
[BOOT-STEP] GameStartup step=7 qlen=0
[TRANSITION] GameStartup step=7: processFlags=0x1 playerPos=(792986,0,-385024) func_80039F90=0x0
[IPD-INIT] Ipd_MapFileInfoSet: mapTag='THR' activeIpdCount=4 isExterior=1 plmIdx=1370 ipdFileIdx=0 textureFileIdx=0 curSize=4 willRebuildGrid=0
[TRANSITION] GameStartup step=7 post-init: playerPos=(792986,0,-385024) mapTag='THR'
[FOGST-GPU] clear=0xff000000
[BOOT-STEP] GameStartup step=8 qlen=2
[BOOT0/TIM] PostLoadTim file=1259 'THRB101F.TIM' ss=0x5160 img.u=0 img.v=0 tPage=0,25 clutX=112 clutY=0
[BOOT0/TIM] post ReadTIM: prect=0xfb56fc caddr=0xfb5578 paddr=0xfb5704 mode=8
[BOOT0/TIM] pre pixel LoadImage rect=(576,256 64x256)
[BOOT0/TIM] pre CLUT LoadImage rect=(112,0 16x12)
[BOOT0/TIM] PostLoadTim done
[POOLSTOMP] upload (576,256 64x256) hits PINNED pool slot 7 'THRB101F' (576,256)
[BOOT0/TIM] PostLoadTim file=1260 'THRB102H.TIM' ss=0x5171 img.u=32 img.v=0 tPage=0,26 clutX=144 clutY=0
[BOOT0/TIM] post ReadTIM: prect=0xfb571c caddr=0xfb5578 paddr=0xfb5724 mode=8
[BOOT0/TIM] pre pixel LoadImage rect=(672,256 32x256)
[BOOT0/TIM] pre CLUT LoadImage rect=(144,0 16x13)
[BOOT0/TIM] PostLoadTim done
[POOLSTOMP] upload (672,256 32x256) hits PINNED pool slot 9 'THRB102H' (672,256)
[TEXVRAM] 'THRB101F' tPage=[0,25] clutXY=(112,0) uv=(0,0)
[TEXVRAM] 'THRB102H' tPage=[0,26] clutXY=(144,0) uv=(32,0)
[BOOT-STEP] GameStartup step=9 qlen=0
[BOOT-STEP] GameStartup step=10 qlen=0
[BOOT-STEP] GameStartup step=11 qlen=0
[WOBJ] resolved 'AXIS1_HI' lmIdx=5
[WOBJ] resolved 'AXIS2_BA' lmIdx=5
[SFX] Sd_PlaySfx: sfxId=1310 (Sfx_Base+30) vol=0
[BOOT-STEP] GameStartup step=12 qlen=0
[SH-XBOX] GameState -> 11 (step 0)
[FOGST-GPU] clear=0xff6c6474
[BIGPRIM] code=0x3c tp=0x28 span=2136x283 at(823,3365)
[BIGPRIM] code=0x3c tp=0x28 span=2136x283 at(823,3365)
[BIGPRIM] code=0x3c tp=0x28 span=2136x283 at(823,3365)
[BIGPRIM] code=0x3c tp=0x28 span=2148x293 at(799,3355)
[BIGPRIM] code=0x3c tp=0x28 span=507x826 at(415,916)
[BIGPRIM] code=0x3c tp=0x28 span=750x1610 at(25,1112)
[BIGPRIM] code=0x3c tp=0x28 span=792x759 at(1021,1028)
[BIGPRIM] code=0x3c tp=0x28 span=1533x1559 at(-92,2089)
[BIGPRIM] code=0x3c tp=0x28 span=1533x1488 at(-116,2160)
[BIGPRIM] code=0x3c tp=0x28 span=708x1067 at(268,1221)
[BIGPRIM] code=0x3c tp=0x28 span=1989x1453 at(976,2195)
[BIGPRIM] code=0x3c tp=0x28 span=2016x1492 at(967,2156)
[BIGPRIM] code=0x3c tp=0x28 span=2052x1559 at(955,2089)
[BIGPRIM] code=0x3c tp=0x28 span=894x894 at(1045,1108)
[BIGPRIM] code=0x3c tp=0x28 span=1611x1135 at(94,2513)
[BIGPRIM] code=0x3c tp=0x28 span=846x1421 at(-413,1153)
[BIGPRIM] code=0x3c tp=0x28 span=621x971 at(-11,983)
[BIGPRIM] code=0x3a tp=0xa span=1020x770 at(130,-25)
[BIGPRIM] code=0x3c tp=0x28 span=507x800 at(388,877)
[BIGPRIM] code=0x3c tp=0x28 span=2118x756 at(-1934,2892)
[BIGPRIM] code=0x3c tp=0x39 span=174x730 at(151,861)
[BIGPRIM] code=0x3c tp=0x39 span=453x974 at(409,758)
[BIGPRIM] code=0x3c tp=0x39 span=1131x617 at(484,3031)
[BIGPRIM] code=0x3c tp=0x39 span=909x1504 at(904,1591)
[BIGPRIM] code=0x3c tp=0x28 span=2079x232 at(-56,3416)
[BIGPRIM] code=0x3c tp=0x35 span=21x774 at(544,-851)
[BIGPRIM] code=0x3a tp=0xa span=1020x770 at(130,-25)
[BIGPRIM] code=0x3c tp=0x39 span=675x965 at(709,732)
[BIGPRIM] code=0x3c tp=0x35 span=1542x1064 at(-428,-2931)
[BIGPRIM] code=0x3c tp=0x35 span=165x870 at(910,-353)
[BIGPRIM] code=0x3c tp=0x35 span=222x976 at(985,-456)
[BIGPRIM] code=0x3a tp=0xa span=1020x770 at(130,-25)
[BIGPRIM] code=0x3c tp=0x39 span=1230x1440 at(961,806)
[BIGPRIM] code=0x3c tp=0x35 span=171x963 at(838,-520)
[BIGPRIM] code=0x3c tp=0x35 span=186x900 at(1093,-2931)
[BIGPRIM] code=0x3c tp=0x28 span=864x778 at(-518,678)
[BIGPRIM] code=0x3c tp=0x28 span=1533x1549 at(400,2047)
[BIGPRIM] code=0x3c tp=0x28 span=978x925 at(895,765)
[BIGPRIM] code=0x3c tp=0x28 span=663x724 at(748,671)
[CHNK] n=4 s0=5,-2,st3 s1=4,-3,st3 s2=5,-3,st3 s3=4,-2,st3
[BIGPRIM] code=0x3a tp=0xa span=1020x770 at(130,-25)
[BIGPRIM] code=0x3a tp=0xa span=1020x770 at(130,-25)
[BIGPRIM] code=0x3c tp=0x39 span=1131x1408 at(-776,842)
[BIGPRIM] code=0x3c tp=0x28 span=852x871 at(1024,720)
[BIGPRIM] code=0x3c tp=0x39 span=669x759 at(-167,925)
[BIGPRIM] code=0x3c tp=0x28 span=1311x1623 at(985,819)
[BIGPRIM] code=0x3a tp=0xa span=1020x770 at(130,-25)
[BIGPRIM] code=0x3c tp=0x28 span=705x1251 at(283,761)
[BIGPRIM] code=0x3c tp=0x39 span=1971x1556 at(-1751,896)
[BIGPRIM] code=0x3c tp=0x28 span=1146x1452 at(283,900)
[BIGPRIM] code=0x3c tp=0x28 span=1761x527 at(490,3095)
[WOBJ] resolved 'AXIS1_HI' lmIdx=5
[WOBJ] resolved 'AXIS2_BA' lmIdx=5
[WOBJ] resolved 'AXIS1_HI' lmIdx=5
[WOBJ] resolved 'AXIS2_BA' lmIdx=5
[BIGPRIM] code=0x3a tp=0xa span=1020x770 at(130,-25)
[WOBJ] resolved 'AXIS1_HI' lmIdx=5
[WOBJ] resolved 'AXIS2_BA' lmIdx=5
[WOBJ] resolved 'AXIS1_HI' lmIdx=5
[WOBJ] resolved 'AXIS2_BA' lmIdx=5
[WOBJ] resolved 'AXIS1_HI' lmIdx=5
[WOBJ] resolved 'AXIS2_BA' lmIdx=5
[WOBJ] resolved 'AXIS1_HI' lmIdx=5
[WOBJ] resolved 'AXIS2_BA' lmIdx=5
[WOBJ] resolved 'AXIS1_HI' lmIdx=5
[WOBJ] resolved 'AXIS2_BA' lmIdx=5
[WOBJ] resolved 'AXIS1_HI' lmIdx=5
[WOBJ] resolved 'AXIS2_BA' lmIdx=5
[WOBJ] resolved 'AXIS1_HI' lmIdx=5
[WOBJ] resolved 'AXIS2_BA' lmIdx=5
[BIGPRIM] code=0x3a tp=0xa span=1020x770 at(130,-25)
[WOBJ] resolved 'AXIS1_HI' lmIdx=5
[BIGPRIM] code=0x3c tp=0x39 span=858x887 at(313,-1414)
[BIGPRIM] code=0x3c tp=0x28 span=1119x884 at(886,832)
[BIGPRIM] code=0x3c tp=0x28 span=1386x1125 at(925,883)
[BIGPRIM] code=0x3c tp=0x28 span=1536x1251 at(403,1960)
[BOOT0/TIM] PostLoadTim file=1226 'THR8201F.TIM' ss=0x4f67 img.u=0 img.v=0 tPage=0,22 clutX=64 clutY=0
[BOOT0/TIM] post ReadTIM: prect=0xfb569c caddr=0xfb5578 paddr=0xfb56a4 mode=8
[BOOT0/TIM] pre pixel LoadImage rect=(384,256 64x256)
[BOOT0/TIM] pre CLUT LoadImage rect=(64,0 16x9)
[BOOT0/TIM] PostLoadTim done
[POOLSTOMP] upload (384,256 64x256) hits PINNED pool slot 4 'THR8201F' (384,256)
[TEXVRAM] 'THR8201F' tPage=[0,22] clutXY=(64,0) uv=(0,0)
[BIGPRIM] code=0x3a tp=0xa span=1020x770 at(130,-25)
[BIGPRIM] code=0x3a tp=0xa span=1020x770 at(130,-25)
[BIGPRIM] code=0x3a tp=0xa span=1020x770 at(130,-25)
[BIGPRIM] code=0x3c tp=0x28 span=1893x1569 at(484,1661)
[BIGPRIM] code=0x3c tp=0x28 span=1932x501 at(-1370,2915)
[BIGPRIM] code=0x3a tp=0xa span=1020x770 at(130,-25)
[BIGPRIM] code=0x3c tp=0x3a span=795x874 at(-113,765)
[BIGPRIM] code=0x3c tp=0x28 span=1896x507 at(895,2896)
[SYSSTATE] dispatch sysState=3 mapEventData=0
[FOGST-GPU] clear=0xff000000
[BIGPRIM] code=0x3c tp=0x28 span=1896x501 at(661,2915)
[BOOT0/TIM] PostLoadTim file=1910 'MR_0TOWN.TIM' ss=0x8998 img.u=32 img.v=0 tPage=0,7 clutX=480 clutY=255
[BOOT0/TIM] post ReadTIM: prect=0xfab59c caddr=0xfab578 paddr=0xfab5a4 mode=8
[BOOT0/TIM] pre pixel LoadImage rect=(480,0 32x256)
[BOOT0/TIM] pre CLUT LoadImage rect=(480,255 16x1)
[BOOT0/TIM] PostLoadTim done
[BIGPRIM] code=0x3c tp=0x28 span=807x771 at(787,742)
[SH-XBOX] vblank 8400
[MEM] tick: free=2796KB (699 pages)
[BIGPRIM] code=0x3c tp=0x28 span=1899x952 at(34,2381)
[SH-XBOX] GameState -> 15 (step 0)
[SFX] Sd_PlaySfx: sfxId=1308 (Sfx_Base+28) vol=0
[BOOT0/TIM] PostLoadTim file=1896 'MP_0TOWN.TIM' ss=0x8570 img.u=0 img.v=16 tPage=1,5 clutX=224 clutY=15
[BOOT0/TIM] post ReadTIM: prect=0xf9877c caddr=0xf98578 paddr=0xf98784 mode=9
[BOOT0/TIM] pre pixel LoadImage rect=(320,16 160x480)
[BOOT0/TIM] pre CLUT LoadImage rect=(224,15 256x1)
[BOOT0/TIM] PostLoadTim done
[POOLSTOMP] upload (320,16 160x480) hits PINNED pool slot 3 'THR0004F' (320,256)
[POOLSTOMP] upload (320,16 160x480) hits PINNED pool slot 4 'THR8201F' (384,256)
[SFX] Sd_PlaySfx: sfxId=1308 (Sfx_Base+28) vol=0
[SH-XBOX] GameState -> 11 (step 0)
[BIGPRIM] code=0x3a tp=0xa span=1020x770 at(130,-25)
[BIGPRIM] code=0x3c tp=0x28 span=1422x1569 at(1057,864)
[FOGST-GPU] clear=0xff6c6474
[WOBJ] find-fail name='AXIS1_HI' itemLmMagic=0x30 lmIdx=0 cell=(10,-6)
[WOBJ] find-fail name='AXIS2_BA' itemLmMagic=0x30 lmIdx=0 cell=(10,-6)
[BIGPRIM] code=0x3c tp=0x28 span=933x1009 at(-428,784)
[BOOT0/TIM] PostLoadTim file=1168 'THR3701F.TIM' ss=0x4c1d img.u=0 img.v=0 tPage=0,23 clutX=80 clutY=0
[BOOT0/TIM] post ReadTIM: prect=0xfb569c caddr=0xfb5578 paddr=0xfb56a4 mode=8
[BOOT0/TIM] pre pixel LoadImage rect=(448,256 64x256)
[BOOT0/TIM] pre CLUT LoadImage rect=(80,0 16x9)
[BOOT0/TIM] PostLoadTim done
[POOLSTOMP] upload (448,256 64x256) hits PINNED pool slot 5 'THR3701F' (448,256)
[TEXVRAM] 'THR3701F' tPage=[0,23] clutXY=(80,0) uv=(0,0)
[BIGPRIM] code=0x3c tp=0x28 span=1488x1626 at(-1040,1591)
[BIGPRIM] code=0x3c tp=0x28 span=1917x1597 at(934,1562)
[BIGPRIM] code=0x3a tp=0xa span=1020x770 at(130,-25)
[BIGPRIM] code=0x3c tp=0x28 span=1527x1280 at(-446,1931)
[BIGPRIM] code=0x3c tp=0x28 span=1161x768 at(-851,816)
[BIGPRIM] code=0x3c tp=0x28 span=1344x1504 at(685,961)
[BIGPRIM] code=0x3c tp=0x28 span=1227x807 at(-926,838)
[BIGPRIM] code=0x3c tp=0x28 span=1551x424 at(-698,2857)
[BIGPRIM] code=0x3c tp=0x3a span=1248x743 at(1054,822)
[BIGPRIM] code=0x3c tp=0x28 span=1761x1280 at(-1490,925)
[BIGPRIM] code=0x3a tp=0xa span=1020x770 at(130,-25)
[BIGPRIM] code=0x3c tp=0x28 span=2091x1591 at(-1823,967)
[BIGPRIM] code=0x3a tp=0xa span=1020x770 at(130,-25)
[BIGPRIM] code=0x3c tp=0x2c span=834x772 at(-1973,1063)
[BIGPRIM] code=0x3c tp=0x2c span=960x823 at(-2912,935)
[BIGPRIM] code=0x3c tp=0x2c span=966x804 at(-2612,973)
[BIGPRIM] code=0x3c tp=0x28 span=1317x1244 at(757,932)
[BIGPRIM] code=0x3c tp=0x2c span=780x720 at(-1919,765)
[BIGPRIM] code=0x3c tp=0x28 span=1542x405 at(1111,2998)
[BIGPRIM] code=0x3c tp=0x2c span=870x778 at(-2324,867)
[BIGPRIM] code=0x3c tp=0x2c span=960x881 at(-2492,896)
[BIGPRIM] code=0x3c tp=0x28 span=1143x1260 at(-131,935)
[BIGPRIM] code=0x3c tp=0x2c span=1092x971 at(-2978,1044)
[BIGPRIM] code=0x3c tp=0x2c span=1770x1504 at(-3317,1771)
[BIGPRIM] code=0x3a tp=0xa span=1020x770 at(130,-25)
[BIGPRIM] code=0x3c tp=0x28 span=1863x1629 at(934,1459)
[BIGPRIM] code=0x3a tp=0xa span=1020x770 at(130,-25)
[BIGPRIM] code=0x3c tp=0x28 span=1038x518 at(-872,742)
[BIGPRIM] code=0x3c tp=0x28 span=1218x1404 at(97,945)
[BIGPRIM] code=0x3c tp=0x28 span=1683x1546 at(-1232,961)
[BIGPRIM] code=0x3c tp=0x28 span=1479x1160 at(901,922)
[BIGPRIM] code=0x3c tp=0x28 span=1533x1466 at(130,1674)
[BIGPRIM] code=0x3a tp=0xa span=1020x770 at(130,-25)
[BIGPRIM] code=0x3c tp=0x28 span=1284x1488 at(316,970)
[BIGPRIM] code=0x3c tp=0x28 span=1317x752 at(-1133,826)
[BIGPRIM] code=0x3c tp=0x28 span=1539x405 at(328,2928)
[BIGPRIM] code=0x3c tp=0x28 span=1644x1443 at(-1166,1710)
[BIGPRIM] code=0x3a tp=0xa span=1020x770 at(130,-25)
[BIGPRIM] code=0x3c tp=0x28 span=1644x1173 at(1006,922)
[BIGPRIM] code=0x3c tp=0x28 span=1044x653 at(952,787)
[BOOT0/TIM] PostLoadTim file=1135 'THR1101F.TIM' ss=0x4a24 img.u=0 img.v=0 tPage=0,24 clutX=96 clutY=0
[BOOT0/TIM] post ReadTIM: prect=0xfb573c caddr=0xfb5578 paddr=0xfb5744 mode=8
[BOOT0/TIM] pre pixel LoadImage rect=(512,256 64x256)
[BOOT0/TIM] pre CLUT LoadImage rect=(96,0 16x14)
[BOOT0/TIM] PostLoadTim done
[POOLSTOMP] upload (512,256 64x256) hits PINNED pool slot 6 'THR1101F' (512,256)
[TEXVRAM] 'THR1101F' tPage=[0,24] clutXY=(96,0) uv=(0,0)
[BIGPRIM] code=0x3c tp=0x28 span=1560x411 at(697,3018)
[BOOT0/TIM] PostLoadTim file=1136 'THR1102H.TIM' ss=0x4a35 img.u=0 img.v=0 tPage=0,26 clutX=128 clutY=0
[BOOT0/TIM] post ReadTIM: prect=0xfb563c caddr=0xfb5578 paddr=0xfb5644 mode=8
[BOOT0/TIM] pre pixel LoadImage rect=(640,256 32x256)
[BOOT0/TIM] pre CLUT LoadImage rect=(128,0 16x6)
[BOOT0/TIM] PostLoadTim done
[POOLSTOMP] upload (640,256 32x256) hits PINNED pool slot 8 'THR1102H' (640,256)
[TEXVRAM] 'THR1102H' tPage=[0,26] clutXY=(128,0) uv=(0,0)
[BIGPRIM] code=0x3c tp=0x28 span=1863x1431 at(-1583,941)
[BIGPRIM] code=0x3a tp=0xa span=1020x770 at(130,-25)
[BIGPRIM] code=0x3c tp=0x28 span=1488x1620 at(-1112,861)
[BIGPRIM] code=0x3a tp=0xa span=1020x770 at(130,-25)
[BIGPRIM] code=0x3c tp=0x28 span=576x817 at(223,713)
[BIGPRIM] code=0x3a tp=0xa span=1020x770 at(130,-25)
[BIGPRIM] code=0x3a tp=0xa span=1020x770 at(130,-25)
[BIGPRIM] code=0x3c tp=0x28 span=906x1225 at(61,822)
[BIGPRIM] code=0x3c tp=0x28 span=1626x431 at(685,2953)
[BIGPRIM] code=0x3c tp=0x28 span=1227x1479 at(-686,880)
[BIGPRIM] code=0x3a tp=0xa span=1020x770 at(130,-25)
[BIGPRIM] code=0x3c tp=0x28 span=597x833 at(526,703)
[BIGPRIM] code=0x3c tp=0x28 span=687x1161 at(445,748)
[BIGPRIM] code=0x3a tp=0xa span=1020x770 at(130,-25)
[BIGPRIM] code=0x3c tp=0x28 span=633x903 at(643,710)
[BIGPRIM] code=0x3c tp=0x28 span=2169x578 at(-476,3031)
[BIGPRIM] code=0x3a tp=0xa span=1020x770 at(130,-25)
[CHNK] n=4 s0=3,-3,st3 s1=4,-3,st2 s2=3,-2,st3 s3=2,-3,st3
[BIGPRIM] code=0x3a tp=0xa span=1020x770 at(130,-25)
[BIGPRIM] code=0x3c tp=0x28 span=873x884 at(-587,707)
[BIGPRIM] code=0x3a tp=0xa span=1020x770 at(130,-25)
[BIGPRIM] code=0x3c tp=0x28 span=2169x1227 at(-608,2131)
[BIGPRIM] code=0x3c tp=0x28 span=2169x572 at(-626,2896)
[BIGPRIM] code=0x3c tp=0x28 span=597x785 at(1,687)
[BIGPRIM] code=0x3c tp=0x28 span=633x903 at(-38,710)
[BIGPRIM] code=0x3c tp=0x28 span=2169x572 at(-632,3011)
[BIGPRIM] code=0x3c tp=0x2a span=1152x756 at(517,-919)
[SH-XBOX] vblank 9000
[MEM] tick: free=2796KB (699 pages)
[BIGPRIM] code=0x3c tp=0x28 span=2169x1151 at(472,2214)
[BIGPRIM] code=0x3a tp=0xa span=1020x770 at(130,-25)
[BIGPRIM] code=0x3c tp=0x2a span=1461x1051 at(517,-1192)
[BIGPRIM] code=0x3c tp=0x2a span=1572x1161 at(514,-1308)
[BIGPRIM] code=0x3c tp=0x28 span=804x871 at(925,707)
[BIGPRIM] code=0x3c tp=0x28 span=648x951 at(289,720)
[BIGPRIM] code=0x3c tp=0x28 span=981x1106 at(952,742)
[BIGPRIM] code=0x3a tp=0xa span=1020x770 at(130,-25)
[BIGPRIM] code=0x3a tp=0xa span=1020x770 at(130,-25)
[BIGPRIM] code=0x3a tp=0xa span=1020x770 at(130,-25)
[BIGPRIM] code=0x3a tp=0xa span=1020x770 at(130,-25)
[BIGPRIM] code=0x3a tp=0xa span=1020x770 at(130,-25)
[BIGPRIM] code=0x3a tp=0xa span=1020x770 at(130,-25)
[BIGPRIM] code=0x3c tp=0x28 span=2172x572 at(-1550,2966)
[BIGPRIM] code=0x3c tp=0x28 span=2169x572 at(628,3005)
[BIGPRIM] code=0x3c tp=0x28 span=2163x1048 at(-488,2330)
[BIGPRIM] code=0x3c tp=0x28 span=633x864 at(-38,691)
[BIGPRIM] code=0x3c tp=0x28 span=2172x1424 at(-1586,1947)
[BIGPRIM] code=0x3c tp=0x2a span=114x797 at(181,-1002)
[BIGPRIM] code=0x3c tp=0x28 span=2172x694 at(-1568,2941)
[BIGPRIM] code=0x3c tp=0x36 span=1167x486 at(-986,-572)
[BIGPRIM] code=0x3c tp=0x2a span=240x981 at(7,-1337)
[BIGPRIM] code=0x3c tp=0x2a span=324x1228 at(-152,-1658)
[BIGPRIM] code=0x3c tp=0x28 span=2163x714 at(-842,2934)
[BIGPRIM] code=0x3c tp=0x28 span=603x874 at(-191,620)
[SFX] Sd_PlaySfx: sfxId=1320 (Sfx_Base+40) vol=191
[BIGPRIM] code=0x3c tp=0x28 span=2163x682 at(-890,2966)
[BIGPRIM] code=0x3c tp=0x28 span=603x777 at(460,630)
[BIGPRIM] code=0x3c tp=0x28 span=786x723 at(1057,620)
[BIGPRIM] code=0x3c tp=0x28 span=672x723 at(-200,803)
[BIGPRIM] code=0x3c tp=0x28 span=600x781 at(460,630)
[BIGPRIM] code=0x3c tp=0x28 span=2163x675 at(-902,2973)
[SFX] Sd_PlaySfx: sfxId=1320 (Sfx_Base+40) vol=191
[BIGPRIM] code=0x3c tp=0x28 span=615x893 at(-212,620)
[BIGPRIM] code=0x3a tp=0xa span=1020x770 at(130,-25)
[BIGPRIM] code=0x3c tp=0x28 span=621x758 at(-212,768)
[BIGPRIM] code=0x3c tp=0x28 span=786x723 at(1057,620)
[BIGPRIM] code=0x3c tp=0x28 span=672x723 at(-200,803)
[BIGPRIM] code=0x3c tp=0x28 span=600x781 at(460,630)
[SFX] Sd_PlaySfx: sfxId=1320 (Sfx_Base+40) vol=191
[BIGPRIM] code=0x3c tp=0x28 span=2163x675 at(-902,2973)
[BIGPRIM] code=0x3c tp=0x28 span=615x893 at(-212,620)
[BIGPRIM] code=0x3a tp=0xa span=1020x770 at(130,-25)
[BIGPRIM] code=0x3c tp=0x28 span=636x768 at(-230,771)
[BIGPRIM] code=0x3c tp=0x28 span=810x749 at(1060,623)
[BIGPRIM] code=0x3c tp=0x28 span=693x742 at(-224,810)
[BIGPRIM] code=0x3c tp=0x28 span=609x803 at(457,630)
[BIGPRIM] code=0x3c tp=0x28 span=2169x656 at(-932,2992)
[BIGPRIM] code=0x3c tp=0x28 span=636x916 at(-236,623)
[BIGPRIM] code=0x3a tp=0xa span=1020x770 at(130,-25)
[BIGPRIM] code=0x3c tp=0x28 span=648x784 at(-245,774)
[BIGPRIM] code=0x3c tp=0x28 span=615x816 at(454,633)
[BIGPRIM] code=0x3c tp=0x28 span=714x768 at(-254,816)
[BIGPRIM] code=0x3c tp=0x28 span=636x884 at(433,649)
[BIGPRIM] code=0x3c tp=0x28 span=960x938 at(1066,665)
[BIGPRIM] code=0x3c tp=0x28 span=717x1212 at(370,703)
[BIGPRIM] code=0x3c tp=0x28 span=2169x1324 at(-110,2195)
[BIGPRIM] code=0x3a tp=0xa span=1020x770 at(130,-25)
[BIGPRIM] code=0x3c tp=0x28 span=738x1167 at(604,633)
[BIGPRIM] code=0x3c tp=0x28 span=822x1440 at(562,655)
[BIGPRIM] code=0x3a tp=0xa span=1020x770 at(130,-25)
[BIGPRIM] code=0x3c tp=0x28 span=732x849 at(838,562)
[BIGPRIM] code=0x3a tp=0xa span=1020x770 at(130,-25)
[BIGPRIM] code=0x3a tp=0xa span=1020x770 at(130,-25)
[BIGPRIM] code=0x3a tp=0xa span=1020x770 at(130,-25)
[BIGPRIM] code=0x3c tp=0x28 span=834x862 at(955,597)
[BIGPRIM] code=0x3c tp=0x28 span=690x736 at(871,565)
[BIGPRIM] code=0x3c tp=0x28 span=1035x1395 at(-557,668)
[BIGPRIM] code=0x3c tp=0x28 span=891x859 at(-719,597)
[BIGPRIM] code=0x3a tp=0xa span=1020x770 at(130,-25)
[BOOT0/TIM] PostLoadTim file=1161 'THR3201F.TIM' ss=0x4bb6 img.u=0 img.v=0 tPage=0,25 clutX=112 clutY=0
[BOOT0/TIM] post ReadTIM: prect=0xfb56bc caddr=0xfb5578 paddr=0xfb56c4 mode=8
[BOOT0/TIM] pre pixel LoadImage rect=(576,256 64x256)
[BOOT0/TIM] pre CLUT LoadImage rect=(112,0 16x10)
[BOOT0/TIM] PostLoadTim done
[POOLSTOMP] upload (576,256 64x256) hits PINNED pool slot 7 'THR3201F' (576,256)
[TEXVRAM] 'THR3201F' tPage=[0,25] clutXY=(112,0) uv=(0,0)
[BIGPRIM] code=0x3c tp=0x28 span=1677x1018 at(-98,2385)
[BIGPRIM] code=0x3c tp=0x28 span=1689x482 at(622,2941)
[BIGPRIM] code=0x3c tp=0x28 span=1521x1620 at(-650,1552)
[RA] watch 84008: state=2 unlocked=1786116799 flags[4B4]=FC flags[4A1]=04 word4=0xFFFCDFFC setbits=290 map=10/19
[BIGPRIM] code=0x3c tp=0x28 span=1839x1479 at(742,1751)
[BIGPRIM] code=0x3c tp=0x28 span=1815x488 at(-524,3018)
[BIGPRIM] code=0x3a tp=0xa span=1020x770 at(130,-25)
[BIGPRIM] code=0x3c tp=0x28 span=1983x527 at(-254,2979)
[BIGPRIM] code=0x3c tp=0x28 span=2058x540 at(1009,2915)
[BIGPRIM] code=0x3a tp=0xa span=1020x770 at(130,-25)
[BIGPRIM] code=0x3a tp=0xa span=1020x770 at(130,-25)
[BIGPRIM] code=0x3c tp=0x28 span=1569x1517 at(-338,1623)
[BIGPRIM] code=0x3c tp=0x28 span=933x887 at(769,813)
[BIGPRIM] code=0x3c tp=0x28 span=1569x1620 at(118,1494)
[BIGPRIM] code=0x3a tp=0xa span=1020x770 at(130,-25)
[BIGPRIM] code=0x3c tp=0x28 span=1845x482 at(-860,2960)
[BIGPRIM] code=0x3c tp=0x28 span=1290x1006 at(-953,829)
[BIGPRIM] code=0x3c tp=0x28 span=1548x1109 at(-1274,861)
[BIGPRIM] code=0x3c tp=0x28 span=1164x794 at(-866,829)
[CHNK] n=4 s0=3,-3,st3 s1=2,-2,st3 s2=3,-2,st2 s3=2,-3,st3
[BIGPRIM] code=0x3c tp=0x28 span=1983x1536 at(-302,1745)
[WALLANIM] pathB kf=43 travel=344 intended=327 runStepSfx=14 spdProp=19655 pos=(440755,-360778)
[BIGPRIM] code=0x3c tp=0x28 span=2121x566 at(-1088,2979)
[SPAWN-FIRE?] slot=19 allPass! npcFlags=0x0 flagsId=4 full=0 vblanks=1 ABOUT TO TRY SPAWN
[SPAWN-FIRE!] slot=19 gates passed â†’ entering spawn block, npcIdx will be assigned
[SPAWN] slot=19 -> npc[0] charaId=4 stateStep=3 pos=(85,-92)
[SFX] Sd_PlaySfx: sfxId=1321 (Sfx_Base+41) vol=0
[BIGPRIM] code=0x3a tp=0xa span=1020x770 at(130,-25)
[BIGPRIM] code=0x3c tp=0x28 span=660x954 at(523,736)
[BIGPRIM] code=0x3c tp=0x28 span=2094x450 at(1129,3198)
[BIGPRIM] code=0x3c tp=0x28 span=2040x527 at(-1544,3121)
[SH-XBOX] vblank 9600
[MEM] tick: free=2796KB (699 pages)
[BIGPRIM] code=0x3c tp=0x28 span=1356x1099 at(-1190,768)
[SFX] Sd_PlaySfx: sfxId=1320 (Sfx_Base+40) vol=191
[SFX] Sd_PlaySfx: sfxId=1406 (Sfx_Base+126) vol=254
[BIGPRIM] code=0x3c tp=0x28 span=1947x952 at(-512,2593)
[BIGPRIM] code=0x3c tp=0x28 span=1935x906 at(-566,2645)
[BIGPRIM] code=0x3c tp=0x28 span=1929x881 at(-578,2677)
[BIGPRIM] code=0x3c tp=0x28 span=1929x865 at(-584,2693)
[BIGPRIM] code=0x3c tp=0x28 span=1929x1481 at(496,1967)
[BIGPRIM] code=0x3c tp=0x28 span=999x868 at(1087,771)
[BIGPRIM] code=0x3c tp=0x28 span=1929x386 at(106,3262)
[BIGPRIM] code=0x3c tp=0x28 span=1053x1080 at(1105,835)
[BIGPRIM] code=0x3c tp=0x28 span=684x1125 at(19,838)
[BIGPRIM] code=0x3a tp=0xa span=1020x770 at(130,-25)
[BIGPRIM] code=0x3c tp=0x28 span=1134x1436 at(1093,871)
[BIGPRIM] code=0x3c tp=0x38 span=939x1530 at(-194,1886)
[WALLANIM] pathB kf=34 travel=557 intended=560 runStepSfx=5 spdProp=16954 pos=(420441,-386718)
[BIGPRIM] code=0x3c tp=0x29 span=1098x367 at(-950,3281)
[BIGPRIM] code=0x3c tp=0x28 span=576x878 at(427,790)
[BIGPRIM] code=0x3c tp=0x28 span=810x765 at(-554,797)
[BIGPRIM] code=0x3c tp=0x28 span=795x890 at(862,848)
[BIGPRIM] code=0x3a tp=0xa span=1020x770 at(130,-25)
[BIGPRIM] code=0x3c tp=0x28 span=999x1614 at(121,1047)
[BIGPRIM] code=0x3c tp=0x28 span=1194x1501 at(784,1057)
[BIGPRIM] code=0x3c tp=0x28 span=651x781 at(190,906)
[BIGPRIM] code=0x3c tp=0x28 span=1545x1607 at(-1205,1112)
[BIGPRIM] code=0x3c tp=0x28 span=270x746 at(715,880)
[BIGPRIM] code=0x3c tp=0x28 span=645x993 at(217,890)
[BOOT0/TIM] PostLoadTim file=1234 'THR9001F.TIM' ss=0x4fef img.u=0 img.v=0 tPage=0,22 clutX=64 clutY=0
[BOOT0/TIM] post ReadTIM: prect=0xfb567c caddr=0xfb5578 paddr=0xfb5684 mode=8
[BOOT0/TIM] pre pixel LoadImage rect=(384,256 64x256)
[BOOT0/TIM] pre CLUT LoadImage rect=(64,0 16x8)
[BOOT0/TIM] PostLoadTim done
[POOLSTOMP] upload (384,256 64x256) hits PINNED pool slot 4 'THR9001F' (384,256)
[TEXVRAM] 'THR9001F' tPage=[0,22] clutXY=(64,0) uv=(0,0)
[BOOT0/TIM] PostLoadTim file=1235 'THR9002H.TIM' ss=0x5000 img.u=32 img.v=0 tPage=0,26 clutX=144 clutY=0
[BOOT0/TIM] post ReadTIM: prect=0xfb563c caddr=0xfb5578 paddr=0xfb5644 mode=8
[BOOT0/TIM] pre pixel LoadImage rect=(672,256 32x256)
[BOOT0/TIM] pre CLUT LoadImage rect=(144,0 16x6)
[BOOT0/TIM] PostLoadTim done
[POOLSTOMP] upload (672,256 32x256) hits PINNED pool slot 9 'THR9002H' (672,256)
[TEXVRAM] 'THR9002H' tPage=[0,26] clutXY=(144,0) uv=(32,0)
[BIGPRIM] code=0x3c tp=0x38 span=582x939 at(259,861)
[BIGPRIM] code=0x3c tp=0x38 span=921x1565 at(-179,996)
[BIGPRIM] code=0x3c tp=0x28 span=693x922 at(-149,874)
[BIGPRIM] code=0x3c tp=0x28 span=918x1196 at(838,941)
[BIGPRIM] code=0x3c tp=0x28 span=702x1135 at(250,928)
[BIGPRIM] code=0x3c tp=0x28 span=975x996 at(1072,871)
[BIGPRIM] code=0x3c tp=0x28 span=2004x1498 at(1069,2150)
[BIGPRIM] code=0x3a tp=0xa span=1020x770 at(130,-25)
[BIGPRIM] code=0x3c tp=0x28 span=558x726 at(121,742)
[BIGPRIM] code=0x3c tp=0x28 span=1236x1546 at(1096,967)
[SFX] Sd_PlaySfx: sfxId=1406 (Sfx_Base+126) vol=252
[BIGPRIM] code=0x3c tp=0x28 span=1833x93 at(-470,3555)
[BIGPRIM] code=0x3c tp=0x28 span=579x769 at(73,748)
[BIGPRIM] code=0x3c tp=0x28 span=1200x1540 at(1090,954)
[BIGPRIM] code=0x3a tp=0xa span=1020x770 at(130,-25)
[BIGPRIM] code=0x3c tp=0x28 span=576x932 at(160,752)
[BIGPRIM] code=0x3c tp=0x28 span=660x817 at(1072,687)
[BIGPRIM] code=0x3c tp=0x28 span=690x1330 at(781,810)
[BOOT0/TIM] PostLoadTim file=1224 'THR8001F.TIM' ss=0x4f45 img.u=0 img.v=0 tPage=0,23 clutX=80 clutY=0
[BOOT0/TIM] post ReadTIM: prect=0xfb56bc caddr=0xfb5578 paddr=0xfb56c4 mode=8
[BOOT0/TIM] pre pixel LoadImage rect=(448,256 64x256)
[BOOT0/TIM] pre CLUT LoadImage rect=(80,0 16x10)
[BOOT0/TIM] PostLoadTim done
[POOLSTOMP] upload (448,256 64x256) hits PINNED pool slot 5 'THR8001F' (448,256)
[TEXVRAM] 'THR8001F' tPage=[0,23] clutXY=(80,0) uv=(0,0)
[BIGPRIM] code=0x3c tp=0x28 span=2151x608 at(-992,3040)
[BIGPRIM] code=0x3c tp=0x38 span=1074x568 at(-881,-109)
[BIGPRIM] code=0x3c tp=0x28 span=588x974 at(277,784)
[BIGPRIM] code=0x3c tp=0x2a span=978x578 at(-539,-774)
[BIGPRIM] code=0x3c tp=0x28 span=720x955 at(-320,793)
[BIGPRIM] code=0x3c tp=0x2a span=1053x650 at(-647,-855)
[BIGPRIM] code=0x3c tp=0x28 span=549x743 at(229,748)
[BIGPRIM] code=0x3c tp=0x28 span=594x781 at(727,761)
[BIGPRIM] code=0x3a tp=0xa span=1020x770 at(130,-25)
[WALLANIM] pathB kf=43 travel=568 intended=568 runStepSfx=6 spdProp=17263 pos=(381644,-419561)
[BIGPRIM] code=0x3c tp=0x28 span=672x1327 at(208,858)
[BIGPRIM] code=0x3c tp=0x28 span=657x1009 at(-263,787)
[BIGPRIM] code=0x3c tp=0x2a span=1218x604 at(-845,-652)
[BIGPRIM] code=0x3c tp=0x28 span=774x1071 at(1087,790)
[BIGPRIM] code=0x3c tp=0x28 span=2118x910 at(-1640,2738)
[BIGPRIM] code=0x3c tp=0x2a span=1395x437 at(-1187,-880)
[BIGPRIM] code=0x3c tp=0x2a span=1275x366 at(-1103,-838)
[BIGPRIM] code=0x3c tp=0x28 span=579x926 at(436,803)
[BIGPRIM] code=0x3a tp=0xa span=1020x770 at(130,-25)
[BIGPRIM] code=0x3c tp=0x28 span=834x974 at(808,896)
[BIGPRIM] code=0x3c tp=0x28 span=948x1244 at(841,935)
[BIGPRIM] code=0x3c tp=0x28 span=924x1161 at(832,928)
[BIGPRIM] code=0x3c tp=0x28 span=669x894 at(292,880)
[BIGPRIM] code=0x3c tp=0x28 span=669x839 at(343,896)
[BIGPRIM] code=0x3c tp=0x28 span=804x845 at(-311,903)
[SFX] Sd_PlaySfx: sfxId=1320 (Sfx_Base+40) vol=191
[BIGPRIM] code=0x3c tp=0x28 span=663x848 at(400,887)
[BIGPRIM] code=0x3c tp=0x28 span=642x884 at(448,871)
[BIGPRIM] code=0x3c tp=0x28 span=612x916 at(511,842)
[BIGPRIM] code=0x3c tp=0x28 span=903x1502 at(-281,928)
[BIGPRIM] code=0x3c tp=0x2a span=1143x344 at(-884,-765)
[BIGPRIM] code=0x3c tp=0x2a span=1491x640 at(-1250,-742)
[BIGPRIM] code=0x3c tp=0x28 span=804x1324 at(1000,832)
[BIGPRIM] code=0x3c tp=0x28 span=618x971 at(910,739)
[BIGPRIM] code=0x3c tp=0x2a span=1119x678 at(-779,-1054)
[BIGPRIM] code=0x3c tp=0x28 span=741x1077 at(-524,768)
[BIGPRIM] code=0x3c tp=0x28 span=894x1350 at(-743,838)
[BIGPRIM] code=0x3c tp=0x28 span=2028x849 at(985,2799)
[BIGPRIM] code=0x3c tp=0x2a span=1551x897 at(-1331,-1128)
[BIGPRIM] code=0x3c tp=0x2a span=1257x729 at(-986,-896)
[BIGPRIM] code=0x3c tp=0x28 span=636x743 at(583,883)
[BIGPRIM] code=0x3a tp=0xa span=1020x770 at(130,-25)
[SFX] Sd_PlaySfx: sfxId=1406 (Sfx_Base+126) vol=234
[BIGPRIM] code=0x3a tp=0xa span=1020x770 at(130,-25)
[BIGPRIM] code=0x3a tp=0xa span=1020x770 at(130,-25)
[BIGPRIM] code=0x3a tp=0xa span=1020x770 at(130,-25)
[BIGPRIM] code=0x3a tp=0xa span=1020x770 at(130,-25)
[BIGPRIM] code=0x3c tp=0x28 span=639x768 at(922,768)
[GROANER] lying dist=6562 noise=4 hear=0 losq=0 flags=0x20 anim=35 ctl=1
[BIGPRIM] code=0x3c tp=0x28 span=735x1128 at(547,906)
[CHNK] n=4 s0=2,-4,st2 s1=2,-2,st3 s2=1,-3,st3 s3=2,-3,st3
[BIGPRIM] code=0x3c tp=0x38 span=663x1150 at(130,874)
[BIGPRIM] code=0x3c tp=0x38 span=786x1331 at(-416,851)
[BIGPRIM] code=0x3c tp=0x28 span=2151x1289 at(-476,2359)
[BIGPRIM] code=0x3c tp=0x28 span=765x791 at(1129,726)
[BIGPRIM] code=0x3c tp=0x38 span=1113x1536 at(-743,961)
[FLEX] st=1 f100=0 f122=1095 fx=0 fy=0 anim=5 kf=20 dt=136
[FLEX] st=1 f100=1 f122=978 fx=0 fy=0 anim=65 kf=570 dt=135
[FLEX] st=1 f100=2 f122=965 fx=0 fy=0 anim=65 kf=571 dt=136
[FLEX] st=1 f100=3 f122=946 fx=-32 fy=0 anim=65 kf=573 dt=136
[FLEX] st=1 f100=4 f122=923 fx=-68 fy=0 anim=65 kf=575 dt=136
[FLEX] st=1 f100=5 f122=910 fx=-105 fy=0 anim=65 kf=577 dt=135
[BIGPRIM] code=0x3c tp=0x38 span=1929x1308 at(-518,2340)
[FLEX] st=1 f100=6 f122=910 fx=-114 fy=-40 anim=65 kf=579 dt=136
[FLEX] st=1 f100=7 f122=901 fx=-123 fy=-80 anim=65 kf=581 dt=136
[SH-XBOX] vblank 10200
[MEM] tick: free=2796KB (699 pages)
[FLEX] st=1 f100=8 f122=905 fx=-119 fy=-121 anim=65 kf=583 dt=136
[FLEX] st=1 f100=9 f122=910 fx=-114 fy=-151 anim=65 kf=585 dt=100
[FLEX] st=1 f100=10 f122=910 fx=-114 fy=-193 anim=65 kf=587 dt=136
[FLEX] st=1 f100=11 f122=909 fx=-115 fy=-194 anim=65 kf=589 dt=136
[BIGPRIM] code=0x3c tp=0x38 span=1404x1109 at(-1199,-1414)
[FLEX] st=1 f100=12 f122=907 fx=-117 fy=-195 anim=65 kf=591 dt=136
[GROANER] lying dist=3250 noise=0 hear=0 losq=1 flags=0x20 anim=35 ctl=1
[FLEX] st=1 f100=13 f122=899 fx=-125 fy=-196 anim=65 kf=592 dt=136
[FLEX] st=1 f100=14 f122=895 fx=-129 fy=-193 anim=65 kf=592 dt=136
[FLEX] st=1 f100=15 f122=891 fx=-133 fy=-189 anim=65 kf=592 dt=136
[FLEX] st=1 f100=16 f122=886 fx=-138 fy=-181 anim=65 kf=592 dt=136
[FLEX] st=1 f100=17 f122=883 fx=-141 fy=-172 anim=65 kf=592 dt=136
[BIGPRIM] code=0x3c tp=0x28 span=1284x1536 at(-1013,919)
[FLEX] st=1 f100=18 f122=875 fx=-149 fy=-160 anim=65 kf=592 dt=136
[FLEX] st=1 f100=19 f122=868 fx=-156 fy=-146 anim=65 kf=592 dt=136
[FLEX] st=1 f100=20 f122=861 fx=-163 fy=-132 anim=65 kf=592 dt=136
[FLEX] st=1 f100=20 f122=853 fx=-171 fy=-116 anim=61 kf=594 dt=136
[SFX] Sd_PlaySfx: sfxId=1287 (Sfx_Base+7) vol=0
[FLEX] st=1 f100=20 f122=865 fx=-159 fy=-100 anim=61 kf=594 dt=136
[SFX] Sd_PlaySfx: sfxId=1286 (Sfx_Base+6) vol=0
[SFX] Sd_PlaySfx: sfxId=1414 (Sfx_Base+134) vol=53
[MUZZLE] depth150=815 size160=4 f158=0 f2C=224 xy=(-21,-22) rgb=(237,244,155) fieldB=0
[MUZZLE] depth150=808 size160=4 f158=0 f2C=224 xy=(-19,-23) rgb=(45,48,51) fieldB=1
[MUZZLE] depth150=807 size160=4 f158=0 f2C=224 xy=(-19,-21) rgb=(45,48,51) fieldB=2
[MUZZLE] depth150=803 size160=4 f158=0 f2C=224 xy=(-18,-23) rgb=(45,48,51) fieldB=2
[MUZZLE] depth150=809 size160=4 f158=0 f2C=224 xy=(-18,-23) rgb=(45,48,51) fieldB=2
[FLEX] st=1 f100=20 f122=880 fx=-144 fy=-91 anim=61 kf=595 dt=136
[MUZZLE] depth150=799 size160=5 f158=146 f2C=224 xy=(-23,-23) rgb=(237,244,155) fieldB=0
[MUZZLE] depth150=793 size160=5 f158=137 f2C=224 xy=(-20,-23) rgb=(87,93,100) fieldB=1
[MUZZLE] depth150=791 size160=5 f158=147 f2C=224 xy=(-21,-21) rgb=(85,90,97) fieldB=2
[MUZZLE] depth150=787 size160=5 f158=162 f2C=224 xy=(-19,-23) rgb=(87,93,100) fieldB=2
[MUZZLE] depth150=793 size160=4 f158=113 f2C=224 xy=(-19,-23) rgb=(92,98,105) fieldB=2
[FLEX] st=1 f100=20 f122=884 fx=-140 fy=-86 anim=61 kf=596 dt=136
[MUZZLE] depth150=787 size160=5 f158=283 f2C=224 xy=(-24,-23) rgb=(190,245,109) fieldB=0
[MUZZLE] depth150=780 size160=5 f158=255 f2C=224 xy=(-22,-23) rgb=(94,100,107) fieldB=1
[MUZZLE] depth150=779 size160=5 f158=257 f2C=224 xy=(-22,-21) rgb=(96,102,109) fieldB=2
[MUZZLE] depth150=775 size160=5 f158=283 f2C=224 xy=(-20,-23) rgb=(96,102,109) fieldB=2
[MUZZLE] depth150=780 size160=5 f158=249 f2C=224 xy=(-21,-23) rgb=(94,100,107) fieldB=2
[FLEX] st=1 f100=20 f122=895 fx=-129 fy=-84 anim=61 kf=596 dt=136
[MUZZLE] depth150=775 size160=6 f158=396 f2C=224 xy=(-25,-24) rgb=(13,0,237) fieldB=0
[FLEX] st=1 f100=20 f122=907 fx=-117 fy=-83 anim=61 kf=597 dt=136
[FLEX] st=1 f100=20 f122=917 fx=-107 fy=-85 anim=61 kf=598 dt=136
[BIGPRIM] code=0x3c tp=0x38 span=1533x1604 at(-878,2044)
[FLEX] st=1 f100=20 f122=927 fx=-97 fy=-89 anim=61 kf=599 dt=136
[FLEX] st=1 f100=20 f122=931 fx=-93 fy=-79 anim=61 kf=599 dt=136
[FLEX] st=1 f100=20 f122=934 fx=-90 fy=-79 anim=61 kf=600 dt=136
[FLEX] st=1 f100=20 f122=923 fx=-101 fy=-74 anim=61 kf=601 dt=136
[FLEX] st=1 f100=20 f122=921 fx=-103 fy=-73 anim=61 kf=602 dt=136
[FLEX] st=1 f100=20 f122=912 fx=-112 fy=-72 anim=61 kf=602 dt=136
[FLEX] st=1 f100=20 f122=906 fx=-118 fy=-63 anim=61 kf=603 dt=136
[BIGPRIM] code=0x3c tp=0x28 span=1569x1280 at(-284,2368)
[FLEX] st=1 f100=20 f122=889 fx=-135 fy=-64 anim=61 kf=604 dt=136
[ATTACK-DONE] st=61 lookupSt=61 kf=604 -> pcAttackDone
[FLEX] st=1 f100=20 f122=876 fx=-148 fy=-63 anim=61 kf=604 dt=136
[FLEX] st=1 f100=21 f122=871 fx=-153 fy=-59 anim=61 kf=604 dt=136
[FLEX] st=1 f100=22 f122=861 fx=-163 fy=-61 anim=61 kf=604 dt=136
[FLEX] st=1 f100=23 f122=856 fx=-168 fy=-60 anim=61 kf=604 dt=136
[FLEX] st=1 f100=24 f122=850 fx=-174 fy=-60 anim=61 kf=604 dt=135
[FLEX] st=1 f100=25 f122=848 fx=-176 fy=-60 anim=61 kf=604 dt=136
[FLEX] st=1 f100=26 f122=844 fx=-180 fy=-61 anim=61 kf=604 dt=136
[FLEX] st=1 f100=27 f122=842 fx=-182 fy=-60 anim=61 kf=604 dt=136
[FLEX] st=1 f100=28 f122=841 fx=-183 fy=-59 anim=61 kf=604 dt=136
[FLEX] st=1 f100=29 f122=843 fx=-181 fy=-58 anim=61 kf=604 dt=136
[FLEX] st=1 f100=30 f122=843 fx=-181 fy=-59 anim=61 kf=604 dt=136
[BIGPRIM] code=0x3c tp=0x28 span=1899x183 at(-722,3465)
[BIGPRIM] code=0x3c tp=0x28 span=567x768 at(802,678)
[BIGPRIM] code=0x3a tp=0xa span=1020x770 at(130,-25)
[GROANER] lying dist=2546 noise=133 hear=39 losq=1 flags=0x4A8 anim=11 ctl=9
[BIGPRIM] code=0x3c tp=0x28 span=957x1379 at(-767,822)
[BIGPRIM] code=0x3c tp=0x28 span=684x1147 at(466,813)
[BIGPRIM] code=0x3c tp=0x28 span=1125x1266 at(958,900)
[BIGPRIM] code=0x3c tp=0x28 span=978x784 at(-767,816)
[BIGPRIM] code=0x3c tp=0x28 span=933x1183 at(-371,964)
[BIGPRIM] code=0x3c tp=0x28 span=1527x1183 at(-872,2465)
[BIGPRIM] code=0x3c tp=0x28 span=1788x801 at(739,2847)
[BIGPRIM] code=0x3c tp=0x28 span=1830x225 at(877,3423)
[GROANER] lying dist=203 noise=0 hear=0 losq=1 flags=0x4A8 anim=11 ctl=9
[BIGPRIM] code=0x3c tp=0x28 span=570x730 at(553,726)
[BIGPRIM] code=0x3a tp=0xa span=1020x770 at(130,-25)
[SFX] Sd_PlaySfx: sfxId=1320 (Sfx_Base+40) vol=191
[BIGPRIM] code=0x3c tp=0x28 span=582x749 at(553,723)
[BIGPRIM] code=0x3c tp=0x28 span=1359x1404 at(-1190,903)
[BIGPRIM] code=0x3c tp=0x28 span=1188x1132 at(-995,867)
[BIGPRIM] code=0x3c tp=0x28 span=666x832 at(-95,797)
[BIGPRIM] code=0x3c tp=0x28 span=993x1231 at(883,887)
[BIGPRIM] code=0x3c tp=0x28 span=2085x1318 at(-272,2330)
[GROANER] lying dist=640 noise=0 hear=0 losq=1 flags=0x4A8 anim=11 ctl=9
[BIGPRIM] code=0x3c tp=0x28 span=597x990 at(298,758)
[BIGPRIM] code=0x3c tp=0x28 span=2127x1045 at(-266,2603)
[BIGPRIM] code=0x3c tp=0x28 span=2025x122 at(316,3526)
[BIGPRIM] code=0x34 tp=0x5c span=228x949 at(-248,2667)
[BIGPRIM] code=0x3c tp=0x5c span=345x1048 at(-800,2555)
[BIGPRIM] code=0x3c tp=0x28 span=885x865 at(901,880)
[BIGPRIM] code=0x3c tp=0x5c span=408x1013 at(-962,2487)
[BIGPRIM] code=0x34 tp=0x5c span=225x968 at(-86,1513)
[BIGPRIM] code=0x3c tp=0x5c span=261x765 at(-539,2205)
[BIGPRIM] code=0x3c tp=0x5c span=510x1012 at(-1175,2436)
[BIGPRIM] code=0x3c tp=0x28 span=924x1231 at(394,1044)
[BIGPRIM] code=0x3c tp=0x28 span=1686x1337 at(-1316,2311)
[BIGPRIM] code=0x3c tp=0x5c span=459x893 at(-653,2523)
[GP-STATE-TXN] Gameplay -> sysState=5 (param=114)
[BIGPRIM] code=0x3c tp=0x28 span=1131x1276 at(-620,1060)
[SYSSTATE] dispatch sysState=5 mapEventData=0x5b1230
[SFX] Sd_PlaySfx: sfxId=1487 (Sfx_Base+207) vol=0
[AUTO-EQUIP-CHECK] mapIdx=2 processFlags=0x2 inventorySlotCount=10 equippedWeapon=162
[MAP-LOAD] GameBoot_MapLoad mapIdx=2 (map0_s02) fileIdx=1997 linked=1 procFlags=0x2
[MAP-LOAD] map0_s02: nulled 3 raw PSX addrs in overlay header
[MAP-LOAD] MapRegistry_Load(2)=map0_s02 linked=1 header=005976bc
[MEM] after map-load: free=2796KB (699 pages)
[SH-XBOX] GameState -> 10 (step 0)
[BOOT-STEP] GameStartup step=0 qlen=0
[TRANSITION] GameStartup step=0: processFlags=0x2 (OverlayTransition) sizeof(s_WorldGfxWork)=11708
[BOOT-STEP] GameStartup step=3 qlen=0
[FOGST-GPU] clear=0xff000000
[BOOT-STEP] GameStartup step=4 qlen=0
[TRANSITION] AreaLoad_UpdatePlayerPosition: BEFORE playerPos=(337278,-608,-395683) targetPos=(-728268,65536) loadScreen=0
[TRANSITION] AreaLoad_UpdatePlayerPosition: AFTER playerPos=(-728268,0,67174)
[BOOT-STEP] GameStartup step=5 qlen=0
[BOOT-STEP] GameStartup step=7 qlen=0
[TRANSITION] GameStartup step=7: processFlags=0x2 playerPos=(-728268,0,67174) func_80039F90=0x0
[IPD-INIT] Ipd_MapFileInfoSet: mapTag='ER' activeIpdCount=16 isExterior=0 plmIdx=-1 ipdFileIdx=0 textureFileIdx=0 curSize=4 willRebuildGrid=1
[MEM] after chunk-buffers: free=2540KB (635 pages)
[TRANSITION] GameStartup step=7 post-init: playerPos=(-728268,0,67174) mapTag='ER'
[BOOT-STEP] GameStartup step=8 qlen=4
[BOOT0/TIM] PostLoadTim file=406 'GS2.TIM' ss=0x1c72 img.u=0 img.v=0 tPage=0,24 clutX=96 clutY=0
[BOOT0/TIM] post ReadTIM: prect=0xfb56bc caddr=0xfb5578 paddr=0xfb56c4 mode=8
[BOOT0/TIM] pre pixel LoadImage rect=(512,256 64x256)
[BOOT0/TIM] pre CLUT LoadImage rect=(96,0 16x10)
[BOOT0/TIM] PostLoadTim done
[POOLSTOMP] upload (512,256 64x256) hits PINNED pool slot 6 'GS2' (512,256)
[BOOT0/TIM] PostLoadTim file=405 'GS1.TIM' ss=0x1c61 img.u=0 img.v=0 tPage=0,25 clutX=112 clutY=0
[BOOT0/TIM] post ReadTIM: prect=0xfb55dc caddr=0xfb5578 paddr=0xfb55e4 mode=8
[BOOT0/TIM] pre pixel LoadImage rect=(576,256 64x256)
[BOOT0/TIM] pre CLUT LoadImage rect=(112,0 16x3)
[BOOT0/TIM] PostLoadTim done
[POOLSTOMP] upload (576,256 64x256) hits PINNED pool slot 7 'GS1' (576,256)
[BOOT0/TIM] PostLoadTim file=408 'GS4.TIM' ss=0x1c94 img.u=0 img.v=0 tPage=0,22 clutX=64 clutY=0
[BOOT0/TIM] post ReadTIM: prect=0xfb56dc caddr=0xfb5578 paddr=0xfb56e4 mode=8
[BOOT0/TIM] pre pixel LoadImage rect=(384,256 64x256)
[BOOT0/TIM] pre CLUT LoadImage rect=(64,0 16x11)
[BOOT0/TIM] PostLoadTim done
[POOLSTOMP] upload (384,256 64x256) hits PINNED pool slot 4 'GS4' (384,256)
[BOOT0/TIM] PostLoadTim file=407 'GS3.TIM' ss=0x1c83 img.u=0 img.v=0 tPage=0,23 clutX=80 clutY=0
[BOOT0/TIM] post ReadTIM: prect=0xfb569c caddr=0xfb5578 paddr=0xfb56a4 mode=8
[BOOT0/TIM] pre pixel LoadImage rect=(448,256 64x256)
[BOOT0/TIM] pre CLUT LoadImage rect=(80,0 16x9)
[BOOT0/TIM] PostLoadTim done
[POOLSTOMP] upload (448,256 64x256) hits PINNED pool slot 5 'GS3' (448,256)
[TEXVRAM] 'GS2' tPage=[0,24] clutXY=(96,0) uv=(0,0)
[TEXVRAM] 'GS1' tPage=[0,25] clutXY=(112,0) uv=(0,0)
[TEXVRAM] 'GS4' tPage=[0,22] clutXY=(64,0) uv=(0,0)
[TEXVRAM] 'GS3' tPage=[0,23] clutXY=(80,0) uv=(0,0)
[BOOT-STEP] GameStartup step=9 qlen=0
[BOOT-STEP] GameStartup step=10 qlen=0
[BOOT-STEP] GameStartup step=11 qlen=0
[RELOAD_KF] weap=34 blendStart=-1 blendEnd=605 activeEnd=641
[BOOT-STEP] GameStartup step=12 qlen=0
[SH-XBOX] GameState -> 11 (step 0)
[FOGST-GPU] clear=0xff645c6c
[BIGPRIM] code=0x3c tp=0x38 span=714x1553 at(274,912)
[BIGPRIM] code=0x3c tp=0x39 span=1188x164 at(-704,-588)
[BIGPRIM] code=0x3c tp=0x39 span=1224x1173 at(-734,-1677)
[BIGPRIM] code=0x3a tp=0xa span=1020x770 at(130,-25)
[BIGPRIM] code=0x3c tp=0x39 span=1002x138 at(-479,-533)
[BIGPRIM] code=0x3c tp=0x39 span=984x1061 at(1069,-1472)
[BIGPRIM] code=0x3c tp=0x36 span=1149x328 at(484,-2880)
[BIGPRIM] code=0x3c tp=0x39 span=1065x1048 at(1042,-1401)
[BIGPRIM] code=0x3c tp=0x39 span=636x1032 at(577,-1350)
[BIGPRIM] code=0x3c tp=0x39 span=558x868 at(607,-1147)
[BIGPRIM] code=0x3c tp=0x39 span=312x1212 at(1126,-2002)
[BIGPRIM] code=0x3c tp=0x39 span=987x1113 at(985,-1321)
[BIGPRIM] code=0x3c tp=0x39 span=1335x1025 at(-1115,-1224)
[BIGPRIM] code=0x3c tp=0x39 span=657x733 at(964,-871)
[BIGPRIM] code=0x3c tp=0x38 span=1602x116 at(-1328,3532)
[BIGPRIM] code=0x3c tp=0x36 span=1098x1620 at(721,-2487)
[BIGPRIM] code=0x3c tp=0x38 span=1602x219 at(-1268,3429)
[BIGPRIM] code=0x3c tp=0x36 span=1206x1250 at(-968,-2333)
[BIGPRIM] code=0x3c tp=0x38 span=669x974 at(-32,803)
[BIGPRIM] code=0x3c tp=0x36 span=1233x1347 at(-926,-2240)
[BIGPRIM] code=0x3c tp=0x38 span=1599x527 at(-62,3121)
[BIGPRIM] code=0x3c tp=0x38 span=633x903 at(19,797)
[BIGPRIM] code=0x3c tp=0x36 span=1938x1373 at(1045,-2282)
[BIGPRIM] code=0x3c tp=0x38 span=1599x553 at(-38,3095)
[BIGPRIM] code=0x3c tp=0x36 span=789x919 at(916,-1857)
[BIGPRIM] code=0x3c tp=0x38 span=603x842 at(61,790)
[BIGPRIM] code=0x3c tp=0x36 span=648x958 at(385,-1546)
[BIGPRIM] code=0x3c tp=0x36 span=1266x1559 at(-848,-2262)
[BIGPRIM] code=0x3c tp=0x36 span=1455x1054 at(436,-2127)
[BIGPRIM] code=0x3c tp=0x38 span=1575x585 at(-38,3063)
[BIGPRIM] code=0x3c tp=0x36 span=903x935 at(808,-1806)
[BIGPRIM] code=0x3c tp=0x36 span=825x999 at(994,-1870)
[BIGPRIM] code=0x3c tp=0x36 span=912x913 at(859,-1806)
[BIGPRIM] code=0x3c tp=0x36 span=918x910 at(883,-1806)
[BIGPRIM] code=0x3c tp=0x36 span=918x904 at(901,-1800)
[BIGPRIM] code=0x3c tp=0x36 span=924x912 at(925,-1812)
[BIGPRIM] code=0x3c tp=0x36 span=1203x713 at(-308,-2037)
[BIGPRIM] code=0x3c tp=0x36 span=1569x1224 at(-1367,-1934)
[BIGPRIM] code=0x3c tp=0x36 span=744x804 at(-56,-1430)
[BIGPRIM] code=0x3c tp=0x36 span=1224x502 at(-1040,1738)
[BIGPRIM] code=0x3c tp=0x36 span=927x1170 at(1102,-1960)
[BIGPRIM] code=0x3c tp=0x38 span=1275x1237 at(-1127,2327)
[BIGPRIM] code=0x3c tp=0x38 span=1239x1420 at(-863,1006)
[BIGPRIM] code=0x3c tp=0x36 span=162x849 at(262,1764)
[BIGPRIM] code=0x3c tp=0x38 span=1011x1076 at(-602,945)
[BIGPRIM] code=0x3c tp=0x36 span=486x1308 at(829,-2024)
[BIGPRIM] code=0x3c tp=0x36 span=1083x495 at(-74,1526)
[BIGPRIM] code=0x3c tp=0x36 span=969x1228 at(-740,-1954)
[BIGPRIM] code=0x3c tp=0x36 span=909x1019 at(1033,-1674)
[BIGPRIM] code=0x3c tp=0x36 span=723x919 at(-389,-1558)
[BIGPRIM] code=0x3c tp=0x36 span=396x990 at(925,-1616)
[BIGPRIM] code=0x3c tp=0x36 span=627x745 at(-449,-1317)
[BIGPRIM] code=0x3c tp=0x36 span=1632x1507 at(946,-2278)
[BIGPRIM] code=0x3c tp=0x38 span=720x752 at(841,826)
[BIGPRIM] code=0x3c tp=0x36 span=411x913 at(610,2349)
[BIGPRIM] code=0x3c tp=0x36 span=1113x864 at(-962,-1780)
[BIGPRIM] code=0x3c tp=0x36 span=477x900 at(454,2336)
[BIGPRIM] code=0x3c tp=0x36 span=372x880 at(1111,-1497)
[BIGPRIM] code=0x3c tp=0x36 span=414x816 at(214,1906)
[BIGPRIM] code=0x3c tp=0x36 span=345x884 at(1132,-1507)
[BIGPRIM] code=0x3c tp=0x36 span=486x790 at(-38,1906)
[BIGPRIM] code=0x3c tp=0x36 span=1233x1186 at(-1064,-1886)
[BIGPRIM] code=0x3c tp=0x36 span=696x836 at(-326,2330)
[BIGPRIM] code=0x3c tp=0x36 span=1146x1225 at(-860,-1896)
[BIGPRIM] code=0x3c tp=0x36 span=1425x1279 at(-965,-2063)
[BIGPRIM] code=0x3a tp=0xa span=1020x770 at(130,-25)
[BIGPRIM] code=0x3c tp=0x36 span=1074x958 at(-716,-1941)
[BIGPRIM] code=0x3c tp=0x38 span=1761x482 at(430,3166)
[BIGPRIM] code=0x3c tp=0x38 span=921x1141 at(-773,816)
[BIGPRIM] code=0x3c tp=0x36 span=651x1028 at(133,-1558)
[BIGPRIM] code=0x3a tp=0xa span=1020x770 at(130,-25)
[BIGPRIM] code=0x3c tp=0x36 span=1404x884 at(-1226,-1928)
[BIGPRIM] code=0x3a tp=0xa span=1020x770 at(130,-25)
[BIGPRIM] code=0x3c tp=0x36 span=1701x1395 at(766,-2250)
[BIGPRIM] code=0x3c tp=0x36 span=1734x1588 at(-1508,-2243)
[BIGPRIM] code=0x3c tp=0x36 span=1455x1244 at(-1196,-1861)
[BIGPRIM] code=0x3c tp=0x36 span=1344x1099 at(-1064,-1687)
[BIGPRIM] code=0x3c tp=0x36 span=1332x1057 at(-1040,-1629)
[BIGPRIM] code=0x3c tp=0x36 span=1221x624 at(-212,-1896)
[BIGPRIM] code=0x3c tp=0x38 span=1119x1096 at(-770,983)
[BIGPRIM] code=0x3c tp=0x36 span=954x1019 at(685,-1581)
[BIGPRIM] code=0x3c tp=0x36 span=690x1025 at(1084,-1613)
[BIGPRIM] code=0x3c tp=0x38 span=1221x971 at(-200,2407)
[BIGPRIM] code=0x3a tp=0xa span=1020x770 at(130,-25)
[BIGPRIM] code=0x3c tp=0x36 span=1227x109 at(-344,-1915)
[BIGPRIM] code=0x3c tp=0x39 span=1065x1124 at(1108,-1047)
[BIGPRIM] code=0x3c tp=0x39 span=1479x115 at(1129,-35)
[BIGPRIM] code=0x3c tp=0x38 span=726x1112 at(193,945)
[BIGPRIM] code=0x3c tp=0x38 span=1368x1565 at(253,1748)
[BIGPRIM] code=0x3c tp=0x36 span=1098x460 at(-20,-1806)
[BIGPRIM] code=0x3c tp=0x38 span=1041x1472 at(850,993)
[BIGPRIM] code=0x3c tp=0x38 span=1467x444 at(310,3043)
[BIGPRIM] code=0x3c tp=0x39 span=384x733 at(955,-871)
[GP-STATE-TXN] Gameplay -> sysState=9 (param=8)
[BIGPRIM] code=0x3c tp=0x39 span=447x861 at(976,-1028)
[SYSSTATE] dispatch sysState=9 mapEventData=0x597468
[BOOT0/TIM] PostLoadTim file=1939 'SAVELOAD.TIM' ss=0x8ced img.u=0 img.v=16 tPage=1,5 clutX=224 clutY=14
[BOOT0/TIM] post ReadTIM: prect=0xfab77c caddr=0xfab578 paddr=0xfab784 mode=9
[BOOT0/TIM] pre pixel LoadImage rect=(320,16 160x240)
[BOOT0/TIM] pre CLUT LoadImage rect=(224,14 256x1)
[BOOT0/TIM] PostLoadTim done
[BIGPRIM] code=0x3c tp=0x38 span=1356x405 at(-1202,3243)
[BIGPRIM] code=0x3a tp=0xa span=1020x770 at(130,-25)
[BIGPRIM] code=0x3c tp=0x36 span=681x893 at(220,919)
[BIGPRIM] code=0x3c tp=0x38 span=717x762 at(739,880)
[BIGPRIM] code=0x3a tp=0xa span=1020x770 at(130,-25)
[BIGPRIM] code=0x3a tp=0xa span=1020x770 at(130,-25)
[BIGPRIM] code=0x3c tp=0x39 span=642x1183 at(1027,-1414)
[BIGPRIM] code=0x3c tp=0x36 span=1050x1057 at(-674,967)
[BIGPRIM] code=0x3c tp=0x36 span=600x848 at(1084,-1449)
[BIGPRIM] code=0x3c tp=0x36 span=1773x1491 at(-1490,-2185)
[SH-XBOX] GameState -> 16 (step 0)
[FOGST-GPU] clear=0xff000000
[SFX] Sd_PlaySfx: sfxId=1305 (Sfx_Base+25) vol=0
[SH-XBOX] vblank 10800
[MEM] tick: free=2540KB (635 pages)
[SFX] Sd_PlaySfx: sfxId=1307 (Sfx_Base+27) vol=0
[MCRD] open 'bu10:BASLUS-00707SILENT00' flags=0x8002 -> h=1 dir=1 size=8192
[MCRD] write h=1 dir=1 ofs=6016 len=640 ok
[MCRD] open 'bu10:BASLUS-00707SILENT00' flags=0x8002 -> h=1 dir=1 size=8192
[MCRD] write h=1 dir=1 ofs=512 len=256 ok
[MCRD] open 'bu10:BASLUS-00707SILENT00' flags=0x8002 -> h=1 dir=1 size=8192
[MCRD] write h=1 dir=1 ofs=768 len=128 ok
[MCRD] card_info chan=19 -> IOE (n=512)
[SH-XBOX] vblank 11400
[MEM] tick: free=2540KB (635 pages)
[MCRD] card_info chan=19 -> IOE (n=768)
[SH-XBOX] vblank 12000
[MEM] tick: free=2540KB (635 pages)
[RA] http POST http://retroachievements.org/dorequest.php
[NET] POST retroachievements.org -> 200 (16 bytes)
[RA] http -> status=200 bodyLen=16 body='{"Success":true}'
[MCRD] card_info chan=19 -> IOE (n=1024)
[SH-XBOX] vblank 12600
[MEM] tick: free=2540KB (635 pages)
[MCRD] card_info chan=19 -> IOE (n=1280)
[SH-XBOX] vblank 13200
[MEM] tick: free=2540KB (635 pages)
[SH-XBOX] vblank 13800
[MEM] tick: free=2540KB (635 pages)
[MCRD] card_info chan=19 -> IOE (n=1536)
[SH-XBOX] vblank 14400
[MEM] tick: free=2540KB (635 pages)
[MCRD] card_info chan=19 -> IOE (n=1792)
[SH-XBOX] vblank 15000
[MEM] tick: free=2540KB (635 pages)
[MCRD] card_info chan=19 -> IOE (n=2048)
[SH-XBOX] vblank 15600
[MEM] tick: free=2540KB (635 pages)
[SH-XBOX] vblank 16200
[MEM] tick: free=2540KB (635 pages)
[MCRD] card_info chan=19 -> IOE (n=2304)
[SH-XBOX] vblank 16800
[MEM] tick: free=2540KB (635 pages)
[MCRD] card_info chan=19 -> IOE (n=2560)
[SFX] Sd_PlaySfx: sfxId=1305 (Sfx_Base+25) vol=0
[SFX] Sd_PlaySfx: sfxId=1306 (Sfx_Base+26) vol=0
[SH-XBOX] GameState -> 11 (step 0)
[BIGPRIM] code=0x3c tp=0x38 span=1425x1495 at(-1256,1851)
[BIGPRIM] code=0x3c tp=0x36 span=1236x254 at(-167,-1922)
[BIGPRIM] code=0x3c tp=0x36 span=1050x446 at(-860,-1256)
[BIGPRIM] code=0x3c tp=0x38 span=741x810 at(727,900)
[FOGST-GPU] clear=0xff645c6c
[BIGPRIM] code=0x3c tp=0x36 span=711x932 at(163,932)
[BIGPRIM] code=0x3c tp=0x36 span=996x1060 at(703,-1677)
[BIGPRIM] code=0x3c tp=0x36 span=1068x1293 at(-179,-1951)
[BIGPRIM] code=0x3c tp=0x38 span=1221x1601 at(-38,1706)
[BIGPRIM] code=0x3c tp=0x36 span=1398x360 at(889,-1851)
[BIGPRIM] code=0x3c tp=0x39 span=591x848 at(-86,768)
[BIGPRIM] code=0x3c tp=0x36 span=1053x447 at(-866,-1266)
[BIGPRIM] code=0x3c tp=0x36 span=1035x431 at(-839,-1250)
[BIGPRIM] code=0x3c tp=0x36 span=1017x421 at(-812,-1234)
[BIGPRIM] code=0x3c tp=0x39 span=579x826 at(-59,765)
[BIGPRIM] code=0x3c tp=0x39 span=585x832 at(-56,768)
[BIGPRIM] code=0x3a tp=0xa span=1020x770 at(130,-25)
[BIGPRIM] code=0x3c tp=0x36 span=924x887 at(-500,948)
[BIGPRIM] code=0x3a tp=0xa span=1020x770 at(130,-25)
[BIGPRIM] code=0x3c tp=0x39 span=396x749 at(1132,-922)
[BIGPRIM] code=0x3c tp=0x36 span=1368x1492 at(-917,-2147)
[BIGPRIM] code=0x3c tp=0x36 span=1623x1415 at(-1199,-2102)
[BIGPRIM] code=0x3c tp=0x36 span=1134x794 at(91,-1793)
[BIGPRIM] code=0x3c tp=0x36 span=1221x1141 at(82,-2005)
[BIGPRIM] code=0x3c tp=0x38 span=777x749 at(853,893)
[BIGPRIM] code=0x3c tp=0x36 span=1377x649 at(-1088,-1767)
[BIGPRIM] code=0x3c tp=0x38 span=1407x424 at(-296,3166)
[BIGPRIM] code=0x3a tp=0xa span=1020x770 at(130,-25)
[BIGPRIM] code=0x3c tp=0x38 span=1302x1228 at(955,2143)
[BIGPRIM] code=0x3c tp=0x36 span=1275x434 at(100,-1761)
[BIGPRIM] code=0x3c tp=0x38 span=1488x585 at(781,2883)
[BIGPRIM] code=0x3c tp=0x36 span=1530x753 at(-1364,-2115)
[BIGPRIM] code=0x3c tp=0x36 span=1719x1523 at(1126,-2108)
[BIGPRIM] code=0x3a tp=0xa span=1020x770 at(130,-25)
[BIGPRIM] code=0x3c tp=0x38 span=690x1562 at(310,941)
[BIGPRIM] code=0x3c tp=0x36 span=1077x851 at(616,-1812)
[SH-XBOX] vblank 17400
[MEM] tick: free=2540KB (635 pages)
[BIGPRIM] code=0x3c tp=0x38 span=570x907 at(13,925)
[BIGPRIM] code=0x3a tp=0xa span=1020x770 at(130,-25)
[BIGPRIM] code=0x3c tp=0x38 span=1731x457 at(-284,3191)
[BIGPRIM] code=0x3a tp=0xa span=1020x770 at(130,-25)
[BIGPRIM] code=0x3c tp=0x38 span=1737x392 at(-506,3256)
[BIGPRIM] code=0x3c tp=0x36 span=1737x514 at(388,-1979)
[BIGPRIM] code=0x3c tp=0x36 span=1728x559 at(-1352,-1992)
[BIGPRIM] code=0x3c tp=0x36 span=1728x402 at(-1334,-1973)
[CHNK] n=16 s0=-5,0,st3 s1=2,-2,st0 s2=1,-3,st0 s3=2,-3,st0
[BIGPRIM] code=0x3c tp=0x38 span=1725x540 at(280,3108)
[BIGPRIM] code=0x3c tp=0x38 span=1734x560 at(-1412,3088)
[BIGPRIM] code=0x3c tp=0x38 span=1725x1633 at(-404,1803)
[BIGPRIM] code=0x3c tp=0x38 span=81x912 at(121,900)
[BIGPRIM] code=0x3c tp=0x38 span=1725x1481 at(-302,2012)
[BIGPRIM] code=0x3c tp=0x36 span=1008x614 at(439,-1671)
[BIGPRIM] code=0x3c tp=0x38 span=234x1080 at(142,874)
[BIGPRIM] code=0x3c tp=0x36 span=1011x1346 at(-179,-2037)
[BIGPRIM] code=0x3c tp=0x36 span=1725x556 at(4,-2024)
[BIGPRIM] code=0x3c tp=0x36 span=1356x1084 at(-800,777)
[BIGPRIM] code=0x3c tp=0x36 span=1068x970 at(-770,1051)
[BIGPRIM] code=0x3c tp=0x38 span=294x1401 at(142,935)
[BIGPRIM] code=0x3c tp=0x36 span=1791x1276 at(1012,-2192)
[BIGPRIM] code=0x3c tp=0x36 span=1491x588 at(-1148,340)
[BIGPRIM] code=0x3c tp=0x38 span=561x785 at(784,745)
[BIGPRIM] code=0x3c tp=0x38 span=1335x1391 at(-320,1967)
[BIGPRIM] code=0x3c tp=0x38 span=507x720 at(301,736)
[BIGPRIM] code=0x3c tp=0x38 span=1335x1296 at(-248,2095)
[BIGPRIM] code=0x3c tp=0x38 span=528x781 at(307,752)
[BIGPRIM] code=0x3c tp=0x38 span=879x1183 at(-146,2233)
[BIGPRIM] code=0x3c tp=0x36 span=765x878 at(-266,-1845)
[BIGPRIM] code=0x3a tp=0xa span=1020x770 at(130,-25)
[BIGPRIM] code=0x3c tp=0x38 span=576x1585 at(304,1060)
[BIGPRIM] code=0x3c tp=0x36 span=963x1430 at(-368,-2127)
[BIGPRIM] code=0x3c tp=0x38 span=636x1417 at(937,1742)
[BIGPRIM] code=0x3c tp=0x38 span=1737x482 at(604,3166)
[BIGPRIM] code=0x3c tp=0x36 span=1539x556 at(-1250,321)
[BIGPRIM] code=0x3c tp=0x36 span=441x1070 at(-149,-1857)
[BIGPRIM] code=0x3c tp=0x36 span=807x1382 at(-260,1584)
[BIGPRIM] code=0x3c tp=0x36 span=975x952 at(-68,819)
[BIGPRIM] code=0x3c tp=0x38 span=753x990 at(1003,774)
[BIGPRIM] code=0x3c tp=0x38 span=393x746 at(412,1134)
[BIGPRIM] code=0x3c tp=0x36 span=1737x386 at(34,-2063)
[BIGPRIM] code=0x3c tp=0x36 span=1731x386 at(64,-2057)
[BIGPRIM] code=0x3c tp=0x38 span=747x804 at(691,2786)
[BIGPRIM] code=0x3c tp=0x38 span=1734x1479 at(-1460,2169)
[BIGPRIM] code=0x3c tp=0x38 span=591x1224 at(-281,2205)
[BIGPRIM] code=0x3c tp=0x38 span=1248x1562 at(-173,1931)
[BIGPRIM] code=0x3c tp=0x36 span=1671x1238 at(-710,-2282)
[BIGPRIM] code=0x3c tp=0x38 span=531x749 at(505,1198)
[BIGPRIM] code=0x3c tp=0x38 span=348x1054 at(-155,967)
[BIGPRIM] code=0x3c tp=0x38 span=348x798 at(-26,912)
[BIGPRIM] code=0x3c tp=0x38 span=597x1125 at(520,806)
[BIGPRIM] code=0x3c tp=0x36 span=984x199 at(-512,-1954)
[BIGPRIM] code=0x3c tp=0x36 span=108x758 at(1021,2401)
[BIGPRIM] code=0x3c tp=0x36 span=1041x328 at(-545,-2050)
[BIGPRIM] code=0x3c tp=0x36 span=1056x308 at(-554,-2063)
[BIGPRIM] code=0x3c tp=0x36 span=1056x357 at(-542,-2105)
[BIGPRIM] code=0x3a tp=0xa span=1020x770 at(130,-25)
[BIGPRIM] code=0x3a tp=0xa span=1020x770 at(130,-25)
[BIGPRIM] code=0x3a tp=0xa span=1020x770 at(130,-25)
[BIGPRIM] code=0x3c tp=0x38 span=711x772 at(1129,713)
[BIGPRIM] code=0x3c tp=0x38 span=588x1099 at(556,803)
[BIGPRIM] code=0x3c tp=0x36 span=753x1556 at(343,-2240)
[BIGPRIM] code=0x3c tp=0x38 span=468x1147 at(-197,1051)
[BIGPRIM] code=0x3c tp=0x38 span=1308x1533 at(547,1253)
[BIGPRIM] code=0x3c tp=0x38 span=1506x1485 at(133,1899)
[BIGPRIM] code=0x3c tp=0x38 span=1161x315 at(208,3333)
[BIGPRIM] code=0x3c tp=0x36 span=1341x576 at(-1112,372)
[BIGPRIM] code=0x3c tp=0x36 span=1332x576 at(-1100,372)
[BIGPRIM] code=0x3c tp=0x38 span=1155x315 at(250,3333)
[BIGPRIM] code=0x3c tp=0x38 span=1689x804 at(-788,2844)
[BIGPRIM] code=0x3c tp=0x38 span=996x700 at(-83,2793)
[BIGPRIM] code=0x3c tp=0x38 span=1548x1456 at(175,1928)
[BIGPRIM] code=0x3c tp=0x38 span=1455x1617 at(316,1851)
[BIGPRIM] code=0x3c tp=0x36 span=1680x1077 at(-518,-2314)
[BIGPRIM] code=0x3c tp=0x38 span=1395x1552 at(589,1279)
[BIGPRIM] code=0x3c tp=0x36 span=1395x1334 at(-1022,-2179)
[BIGPRIM] code=0x3c tp=0x38 span=471x903 at(-74,1089)
[BIGPRIM] code=0x3c tp=0x38 span=447x739 at(43,980)
[BIGPRIM] code=0x3c tp=0x38 span=501x730 at(58,909)
[BIGPRIM] code=0x3c tp=0x38 span=504x730 at(61,909)
[BIGPRIM] code=0x3c tp=0x38 span=507x736 at(64,912)
[BIGPRIM] code=0x3c tp=0x38 span=462x756 at(55,986)
[BIGPRIM] code=0x3c tp=0x36 span=876x1637 at(421,-2340)
[BIGPRIM] code=0x3c tp=0x36 span=879x1633 at(430,-2340)
[BIGPRIM] code=0x3c tp=0x36 span=894x1637 at(439,-2340)
[BIGPRIM] code=0x3c tp=0x38 span=537x765 at(79,932)
[BIGPRIM] code=0x3c tp=0x38 span=729x1209 at(685,835)
[BIGPRIM] code=0x3c tp=0x36 span=1095x366 at(-236,-2050)
[BIGPRIM] code=0x3c tp=0x36 span=288x1199 at(1027,1947)
[BIGPRIM] code=0x3c tp=0x36 span=1149x755 at(136,-1947)
[BIGPRIM] code=0x3c tp=0x36 span=1512x804 at(-710,414)
[BIGPRIM] code=0x3c tp=0x38 span=1116x264 at(781,3384)
[BIGPRIM] code=0x3c tp=0x38 span=1761x817 at(352,2728)
[BIGPRIM] code=0x3c tp=0x38 span=1740x1482 at(625,1896)
[BIGPRIM] code=0x3c tp=0x38 span=633x801 at(79,1108)
[BIGPRIM] code=0x3c tp=0x38 span=696x832 at(-446,855)
[BIGPRIM] code=0x3c tp=0x36 span=1503x881 at(346,568)
[BIGPRIM] code=0x3c tp=0x36 span=627x1073 at(-239,1054)
[BIGPRIM] code=0x3c tp=0x38 span=1782x1273 at(739,2188)
[BIGPRIM] code=0x3c tp=0x38 span=1878x1549 at(799,1835)
[BIGPRIM] code=0x3c tp=0x38 span=1572x1122 at(862,1385)
[BIGPRIM] code=0x3c tp=0x39 span=912x845 at(1120,-1243)
[BIGPRIM] code=0x3c tp=0x36 span=1431x884 at(634,578)
[BIGPRIM] code=0x3c tp=0x38 span=1830x475 at(841,3018)
[BIGPRIM] code=0x3c tp=0x38 span=1977x1582 at(934,1603)
[BIGPRIM] code=0x3c tp=0x38 span=627x1029 at(-311,1015)
[BIGPRIM] code=0x3c tp=0x36 span=1281x505 at(400,-1973)
[BIGPRIM] code=0x3c tp=0x38 span=1818x437 at(997,3211)
[BIGPRIM] code=0x3c tp=0x38 span=1374x1473 at(-227,1738)
[BIGPRIM] code=0x3c tp=0x38 span=825x1279 at(-476,980)
[BIGPRIM] code=0x3c tp=0x39 span=597x810 at(-407,-1096)
[BIGPRIM] code=0x3c tp=0x36 span=1209x167 at(496,-1793)
[BIGPRIM] code=0x3c tp=0x36 span=1287x173 at(-638,-1934)
[BIGPRIM] code=0x3c tp=0x36 span=1233x396 at(748,-2070)
[BIGPRIM] code=0x3c tp=0x36 span=951x827 at(520,494)
[BIGPRIM] code=0x3c tp=0x36 span=405x1084 at(112,989)
[BIGPRIM] code=0x3c tp=0x36 span=375x1099 at(388,530)
[BIGPRIM] code=0x3c tp=0x36 span=309x1218 at(370,623)
[BIGPRIM] code=0x3c tp=0x36 span=291x1344 at(370,671)
[BIGPRIM] code=0x3c tp=0x38 span=1392x945 at(-770,2703)
[BIGPRIM] code=0x3c tp=0x38 span=1752x1077 at(151,2108)
[BIGPRIM] code=0x3c tp=0x38 span=1146x337 at(373,1700)
[BIGPRIM] code=0x3c tp=0x36 span=900x1167 at(64,-1957)
[BIGPRIM] code=0x3c tp=0x36 span=1230x84 at(919,-1761)
[BIGPRIM] code=0x3c tp=0x36 span=1287x293 at(976,-2057)
[BIGPRIM] code=0x3c tp=0x36 span=21x726 at(658,1623)
[BIGPRIM] code=0x3c tp=0x36 span=168x1539 at(835,1170)
[BIGPRIM] code=0x3c tp=0x36 span=93x1234 at(736,620)
[BIGPRIM] code=0x3c tp=0x38 span=1290x637 at(895,3011)
[BIGPRIM] code=0x3c tp=0x36 span=1275x113 at(994,-2015)
[BIGPRIM] code=0x3c tp=0x38 span=1152x190 at(490,1748)
[BIGPRIM] code=0x3c tp=0x36 span=1236x1035 at(-848,-1841)
[BIGPRIM] code=0x3c tp=0x36 span=1230x103 at(1081,-1864)
[BIGPRIM] code=0x3c tp=0x36 span=1227x19 at(-134,-1780)
[BIGPRIM] code=0x3c tp=0x36 span=1302x222 at(1027,-1941)
[BIGPRIM] code=0x3c tp=0x36 span=1305x267 at(1024,-1954)
[BIGPRIM] code=0x3c tp=0x36 span=138x1057 at(799,1626)
[BIGPRIM] code=0x3c tp=0x36 span=351x784 at(1054,453)
[BIGPRIM] code=0x3c tp=0x36 span=234x1109 at(733,977)
[BIGPRIM] code=0x3c tp=0x36 span=465x1138 at(802,485)
[BIGPRIM] code=0x3c tp=0x36 span=399x774 at(1066,450)
[BIGPRIM] code=0x3c tp=0x36 span=1044x192 at(-38,-1812)
[BIGPRIM] code=0x3c tp=0x36 span=957x1160 at(1,-1963)
[BIGPRIM] code=0x3c tp=0x36 span=1215x205 at(-38,-1960)
[BIGPRIM] code=0x3c tp=0x36 span=387x1228 at(766,594)
[BIGPRIM] code=0x3c tp=0x36 span=225x1093 at(862,1571)
[BIGPRIM] code=0x3c tp=0x36 span=1041x247 at(-44,-1825)
[BIGPRIM] code=0x3a tp=0xa span=1020x770 at(130,-25)
[BIGPRIM] code=0x3c tp=0x38 span=1122x604 at(640,1581)
[BIGPRIM] code=0x3c tp=0x38 span=1209x1010 at(274,2638)
[BIGPRIM] code=0x3c tp=0x36 span=588x1135 at(817,462)
[BIGPRIM] code=0x3c tp=0x36 span=261x1089 at(880,1562)
[BIGPRIM] code=0x3c tp=0x36 span=948x1199 at(-14,-1986)
[BIGPRIM] code=0x3c tp=0x38 span=1209x1083 at(322,2565)
[BIGPRIM] code=0x3c tp=0x36 span=363x1121 at(790,945)
[BIGPRIM] code=0x3c tp=0x36 span=1221x434 at(-86,-1992)
[BIGPRIM] code=0x3c tp=0x38 span=1218x884 at(694,1748)
[BIGPRIM] code=0x3c tp=0x36 span=474x1222 at(775,581)
[BIGPRIM] code=0x3c tp=0x36 span=267x1032 at(898,1536)
[BIGPRIM] code=0x3c tp=0x36 span=1665x1549 at(-1370,-2397)
[BIGPRIM] code=0x3c tp=0x38 span=582x858 at(196,2790)
[BIGPRIM] code=0x3c tp=0x36 span=591x752 at(1066,421)
[BIGPRIM] code=0x3c tp=0x36 span=915x958 at(727,-1690)
[BIGPRIM] code=0x3c tp=0x36 span=1230x308 at(7,-1979)
[BIGPRIM] code=0x3c tp=0x36 span=1491x810 at(1072,369)
[BIGPRIM] code=0x3c tp=0x36 span=1026x292 at(-23,-1825)
[BIGPRIM] code=0x3c tp=0x36 span=918x1109 at(31,-1886)
[BIGPRIM] code=0x3c tp=0x38 span=1350x758 at(625,1890)
[BIGPRIM] code=0x3c tp=0x38 span=591x817 at(58,2831)
[BIGPRIM] code=0x3c tp=0x36 span=1347x807 at(1048,398)
[BIGPRIM] code=0x3c tp=0x36 span=168x1087 at(811,1571)
[BIGPRIM] code=0x3c tp=0x36 span=150x1086 at(799,1578)
[BIGPRIM] code=0x3c tp=0x36 span=1251x800 at(1036,424)
[BIGPRIM] code=0x3c tp=0x36 span=378x1131 at(787,485)
[BIGPRIM] code=0x3c tp=0x38 span=642x858 at(-188,2770)
[BIGPRIM] code=0x3c tp=0x38 span=1671x373 at(397,2593)
[BIGPRIM] code=0x3c tp=0x38 span=1398x517 at(412,1803)
[BIGPRIM] code=0x3c tp=0x36 span=1173x1154 at(808,-1954)
[BIGPRIM] code=0x3c tp=0x36 span=1230x129 at(1003,-1877)
[BIGPRIM] code=0x3c tp=0x36 span=288x1119 at(673,1102)
[BIGPRIM] code=0x3c tp=0x36 span=1227x485 at(-236,-1992)
[BIGPRIM] code=0x3c tp=0x36 span=213x1112 at(685,517)
[BIGPRIM] code=0x3c tp=0x38 span=1770x820 at(175,2513)
[BIGPRIM] code=0x3c tp=0x38 span=1137x550 at(352,1497)
[BIGPRIM] code=0x3c tp=0x38 span=1233x1405 at(-950,970)
[BIGPRIM] code=0x3a tp=0xa span=1020x770 at(130,-25)
[BIGPRIM] code=0x3c tp=0x36 span=1224x122 at(799,-1761)
[BIGPRIM] code=0x3c tp=0x36 span=1278x196 at(859,-1986)
[BIGPRIM] code=0x3c tp=0x36 span=1248x296 at(877,-2070)
[BIGPRIM] code=0x3c tp=0x36 span=1245x267 at(862,-2057)
[BIGPRIM] code=0x3c tp=0x36 span=1236x264 at(847,-2044)
[BIGPRIM] code=0x3c tp=0x36 span=372x762 at(424,507)
[BIGPRIM] code=0x3c tp=0x36 span=159x1064 at(490,1356)
[BIGPRIM] code=0x3c tp=0x36 span=321x1517 at(316,1179)
[BIGPRIM] code=0x3c tp=0x36 span=570x1186 at(52,623)
[BIGPRIM] code=0x3c tp=0x38 span=1557x810 at(-260,2838)
[BIGPRIM] code=0x3c tp=0x38 span=1113x669 at(142,2722)
[BIGPRIM] code=0x3c tp=0x38 span=2205x1578 at(1114,1536)
[BIGPRIM] code=0x3c tp=0x38 span=1059x1151 at(163,1356)
[BIGPRIM] code=0x3c tp=0x38 span=765x1199 at(-374,948)
[BIGPRIM] code=0x3c tp=0x38 span=834x971 at(-596,793)
[BIGPRIM] code=0x3c tp=0x36 span=1167x309 at(520,-1864)
[BIGPRIM] code=0x3c tp=0x36 span=1281x344 at(-584,-1967)
[BIGPRIM] code=0x3c tp=0x38 span=1764x367 at(1093,3281)
[BIGPRIM] code=0x3c tp=0x38 span=1080x736 at(1084,1539)
[BIGPRIM] code=0x3c tp=0x38 span=591x1035 at(-194,1035)
[BIGPRIM] code=0x3c tp=0x36 span=1155x321 at(514,-1857)
[BIGPRIM] code=0x3c tp=0x36 span=645x990 at(-218,941)
[BIGPRIM] code=0x3c tp=0x38 span=1296x1607 at(-137,1681)
[BIGPRIM] code=0x3c tp=0x36 span=1161x1328 at(928,-2211)
[BIGPRIM] code=0x3c tp=0x36 span=1146x328 at(-596,-2102)
[BIGPRIM] code=0x3c tp=0x38 span=1641x380 at(502,3268)
[BIGPRIM] code=0x3c tp=0x38 span=1011x1324 at(160,1414)
[BIGPRIM] code=0x3c tp=0x38 span=546x836 at(565,755)
[BIGPRIM] code=0x3c tp=0x36 span=792x903 at(-596,-2018)
[BIGPRIM] code=0x3c tp=0x38 span=1998x1482 at(1129,1896)
[BIGPRIM] code=0x3c tp=0x38 span=816x845 at(313,1051)
[BIGPRIM] code=0x3c tp=0x36 span=1272x251 at(721,-1909)
[BIGPRIM] code=0x3c tp=0x38 span=1776x511 at(1111,3034)
[BIGPRIM] code=0x3c tp=0x38 span=900x1112 at(235,1250)
[BIGPRIM] code=0x3c tp=0x36 span=1137x277 at(508,-1774)
[BIGPRIM] code=0x3c tp=0x36 span=1026x604 at(1126,871)
[BIGPRIM] code=0x3c tp=0x36 span=1590x949 at(-656,-2192)
[BIGPRIM] code=0x3c tp=0x36 span=729x1327 at(250,-2024)
[BIGPRIM] code=0x3c tp=0x36 span=972x804 at(-107,-1909)
[BIGPRIM] code=0x3c tp=0x38 span=1848x1125 at(1129,2388)
[BIGPRIM] code=0x3c tp=0x38 span=810x871 at(310,1047)
[BIGPRIM] code=0x3c tp=0x36 span=1152x84 at(859,-1896)
[BIGPRIM] code=0x3c tp=0x38 span=1653x1071 at(-692,2577)
[BIGPRIM] code=0x3c tp=0x38 span=894x1129 at(214,1288)
[BIGPRIM] code=0x3c tp=0x36 span=1128x353 at(-608,-2127)
[BIGPRIM] code=0x3c tp=0x38 span=1659x373 at(340,3275)
[BIGPRIM] code=0x3c tp=0x38 span=2022x1585 at(1075,1703)
[BIGPRIM] code=0x3c tp=0x38 span=699x1002 at(-320,900)
[BIGPRIM] code=0x3c tp=0x36 span=1587x871 at(-98,527)
[BIGPRIM] code=0x3c tp=0x38 span=1710x842 at(1015,2806)
[BIGPRIM] code=0x3c tp=0x38 span=900x1630 at(121,1256)
[BIGPRIM] code=0x3c tp=0x38 span=543x920 at(505,761)
[BIGPRIM] code=0x3c tp=0x36 span=1617x868 at(-230,530)
[BIGPRIM] code=0x3c tp=0x38 span=1638x765 at(877,2883)
[BIGPRIM] code=0x3c tp=0x36 span=1062x1199 at(847,-2140)
[BIGPRIM] code=0x3c tp=0x38 span=666x884 at(-332,867)
[BIGPRIM] code=0x3c tp=0x36 span=1653x868 at(-380,530)
[BIGPRIM] code=0x3c tp=0x38 span=1677x489 at(634,3159)
[BIGPRIM] code=0x3c tp=0x36 span=1686x1109 at(-878,-2275)
[BIGPRIM] code=0x3c tp=0x38 span=645x823 at(-329,851)
[BIGPRIM] code=0x3c tp=0x36 span=1677x865 at(-512,533)
[BIGPRIM] code=0x3c tp=0x38 span=1569x341 at(322,3307)
[BIGPRIM] code=0x3c tp=0x38 span=1152x1543 at(847,1783)
[BIGPRIM] code=0x3c tp=0x36 span=774x1536 at(241,-2233)
[BIGPRIM] code=0x3c tp=0x36 span=1695x836 at(70,838)
[BIGPRIM] code=0x3c tp=0x36 span=795x1031 at(-422,1141)
[BIGPRIM] code=0x3c tp=0x38 span=1476x1167 at(571,2481)
[BIGPRIM] code=0x3c tp=0x36 span=1407x1219 at(724,-2250)
[BIGPRIM] code=0x3c tp=0x39 span=399x726 at(637,-1044)
[BIGPRIM] code=0x3c tp=0x36 span=1062x669 at(1003,1957)
[BIGPRIM] code=0x3c tp=0x36 span=1095x430 at(-752,511)
[BIGPRIM] code=0x3c tp=0x36 span=405x1051 at(190,-1970)
[BIGPRIM] code=0x3c tp=0x38 span=1380x1119 at(211,2529)
[BIGPRIM] code=0x3c tp=0x38 span=825x1600 at(628,1803)
[BIGPRIM] code=0x3c tp=0x36 span=1455x1195 at(-782,-2233)
[BIGPRIM] code=0x3c tp=0x36 span=783x1517 at(313,-2217)
[BIGPRIM] code=0x3c tp=0x36 span=957x1138 at(-629,-1787)
[BIGPRIM] code=0x3c tp=0x38 span=270x945 at(271,838)
[BIGPRIM] code=0x3c tp=0x36 span=1245x913 at(256,1295)
[BIGPRIM] code=0x3c tp=0x36 span=1821x777 at(-794,826)
[BIGPRIM] code=0x3c tp=0x36 span=1848x765 at(-1370,440)
[BIGPRIM] code=0x3c tp=0x36 span=1089x228 at(-827,424)
[BIGPRIM] code=0x3c tp=0x36 span=351x1157 at(-188,-2018)
[BIGPRIM] code=0x3c tp=0x36 span=789x1273 at(664,1057)
[BIGPRIM] code=0x3c tp=0x36 span=1437x457 at(-248,2066)
[BIGPRIM] code=0x3c tp=0x38 span=516x810 at(343,752)
[BIGPRIM] code=0x3c tp=0x39 span=1305x1206 at(1048,-1260)
[BIGPRIM] code=0x3c tp=0x36 span=462x1238 at(-164,-1999)
[BIGPRIM] code=0x3c tp=0x38 span=63x839 at(319,726)
[BIGPRIM] code=0x3c tp=0x38 span=342x1041 at(-134,771)
[BIGPRIM] code=0x3c tp=0x39 span=1056x619 at(1123,-141)
[BIGPRIM] code=0x3c tp=0x36 span=183x970 at(532,-1661)
[BIGPRIM] code=0x3c tp=0x36 span=585x1009 at(202,781)
[BIGPRIM] code=0x3c tp=0x38 span=261x961 at(40,736)
[BIGPRIM] code=0x3c tp=0x38 span=591x1093 at(-416,745)
[BIGPRIM] code=0x3c tp=0x36 span=1209x1482 at(-224,-2359)
[BIGPRIM] code=0x3c tp=0x36 span=357x1244 at(412,-1957)
[BIGPRIM] code=0x3c tp=0x36 span=324x1180 at(589,1311)
[BIGPRIM] code=0x3c tp=0x38 span=216x955 at(247,732)
[BIGPRIM] code=0x3c tp=0x38 span=381x990 at(19,723)
[BIGPRIM] code=0x3c tp=0x38 span=585x729 at(1120,871)
[BIGPRIM] code=0x3c tp=0x36 span=1608x1199 at(-1280,-2230)
[BIGPRIM] code=0x3c tp=0x38 span=1296x283 at(1129,3365)
[BIGPRIM] code=0x3c tp=0x38 span=1245x283 at(-128,3365)
[BIGPRIM] code=0x3c tp=0x36 span=198x925 at(565,736)
[BIGPRIM] code=0x3c tp=0x36 span=420x1041 at(274,-1902)
[BIGPRIM] code=0x3c tp=0x36 span=336x1071 at(214,-1954)
[BIGPRIM] code=0x3c tp=0x36 span=333x1038 at(238,-1941)
[BIGPRIM] code=0x3c tp=0x36 span=192x858 at(967,-1864)
[BIGPRIM] code=0x3c tp=0x36 span=477x781 at(256,1909)
[BIGPRIM] code=0x3c tp=0x38 span=561x893 at(-134,720)
[BIGPRIM] code=0x3c tp=0x38 span=453x1096 at(133,768)
[BIGPRIM] code=0x3c tp=0x38 span=1635x765 at(484,2883)
[BIGPRIM] code=0x3c tp=0x36 span=1614x668 at(-1178,318)
[BIGPRIM] code=0x3c tp=0x36 span=612x752 at(-68,2253)
[BIGPRIM] code=0x3c tp=0x39 span=78x816 at(1015,2102)
[BIGPRIM] code=0x3c tp=0x36 span=768x1116 at(-86,565)
[BIGPRIM] code=0x3c tp=0x39 span=63x758 at(859,1427)
[BIGPRIM] code=0x3c tp=0x36 span=648x1305 at(172,999)
[BIGPRIM] code=0x3c tp=0x39 span=99x871 at(823,1526)
[BIGPRIM] code=0x3a tp=0xa span=1020x770 at(130,-25)
[BIGPRIM] code=0x3c tp=0x38 span=654x736 at(-107,758)
[BIGPRIM] code=0x3c tp=0x38 span=723x881 at(-125,800)
[BIGPRIM] code=0x3c tp=0x36 span=1725x1154 at(-668,-2391)
[BIGPRIM] code=0x3c tp=0x36 span=813x1227 at(-62,1411)
[BIGPRIM] code=0x3c tp=0x36 span=1002x996 at(-518,781)
[BIGPRIM] code=0x3c tp=0x38 span=867x984 at(-248,883)
[BIGPRIM] code=0x3c tp=0x36 span=675x726 at(844,-1600)
[BIGPRIM] code=0x3c tp=0x38 span=1149x193 at(616,3455)
[BIGPRIM] code=0x3c tp=0x39 span=288x787 at(634,1864)
[BIGPRIM] code=0x3c tp=0x39 span=285x845 at(673,2131)
[BIGPRIM] code=0x3c tp=0x36 span=615x884 at(277,-1536)
[BIGPRIM] code=0x3c tp=0x38 span=957x894 at(-365,999)
[BIGPRIM] code=0x3c tp=0x38 span=1728x277 at(-1484,3371)
[BIGPRIM] code=0x3c tp=0x39 span=372x862 at(424,2053)
[BIGPRIM] code=0x3c tp=0x38 span=624x833 at(724,713)
[BIGPRIM] code=0x3c tp=0x36 span=1167x1482 at(-746,-2378)
[BIGPRIM] code=0x3c tp=0x36 span=441x997 at(-218,311)
[BIGPRIM] code=0x3c tp=0x38 span=672x907 at(718,745)
[BIGPRIM] code=0x3c tp=0x36 span=936x1089 at(1057,-2365)
[BIGPRIM] code=0x3c tp=0x39 span=444x746 at(142,2143)
[BIGPRIM] code=0x3c tp=0x39 span=1365x832 at(1066,305)
[BIGPRIM] code=0x3c tp=0x36 span=543x967 at(-302,273)
[BIGPRIM] code=0x3c tp=0x39 span=1059x1305 at(934,-1459)
[BIGPRIM] code=0x3c tp=0x36 span=1080x874 at(-617,-1970)
[BIGPRIM] code=0x3c tp=0x39 span=1329x884 at(1072,305)
[BIGPRIM] code=0x3c tp=0x36 span=567x954 at(-332,257)
[BIGPRIM] code=0x3c tp=0x39 span=1308x900 at(1075,305)
[BIGPRIM] code=0x3c tp=0x36 span=162x804 at(142,475)
[BIGPRIM] code=0x3a tp=0xa span=1020x770 at(130,-25)
[BIGPRIM] code=0x3c tp=0x36 span=1179x1398 at(-740,-2481)
[BIGPRIM] code=0x3c tp=0x36 span=1248x922 at(-782,-2352)
[BIGPRIM] code=0x3c tp=0x38 span=441x793 at(505,900)
[BIGPRIM] code=0x3c tp=0x38 span=1572x1302 at(-1124,2346)
[BIGPRIM] code=0x3c tp=0x36 span=1416x736 at(-1268,1427)
[BIGPRIM] code=0x3c tp=0x36 span=831x1482 at(412,-2410)
[BIGPRIM] code=0x3c tp=0x36 span=288x830 at(1,433)
[BIGPRIM] code=0x3c tp=0x39 span=771x756 at(1006,610)
[BIGPRIM] code=0x3c tp=0x39 span=936x1562 at(1087,-2237)
[BIGPRIM] code=0x3c tp=0x36 span=1359x851 at(-1214,1427)
[BIGPRIM] code=0x3c tp=0x36 span=1197x1559 at(-602,-2520)
[BIGPRIM] code=0x3a tp=0xa span=1020x770 at(130,-25)
[BIGPRIM] code=0x3c tp=0x38 span=1458x1141 at(-1244,2507)
[BIGPRIM] code=0x3c tp=0x38 span=930x1559 at(64,1051)
[BIGPRIM] code=0x3c tp=0x36 span=945x1164 at(-206,-1954)
[BIGPRIM] code=0x3a tp=0xa span=1020x770 at(130,-25)
[BIGPRIM] code=0x3c tp=0x36 span=357x868 at(25,478)
[BIGPRIM] code=0x3c tp=0x36 span=1203x553 at(-260,-2031)
[BIGPRIM] code=0x3c tp=0x39 span=1089x1202 at(1036,-1253)
[BIGPRIM] code=0x3c tp=0x36 span=951x1179 at(-311,-1899)
[BIGPRIM] code=0x3c tp=0x39 span=972x1070 at(991,-1115)
[BIGPRIM] code=0x3a tp=0xa span=1020x770 at(130,-25)
[BIGPRIM] code=0x3c tp=0x36 span=162x990 at(190,530)
[BIGPRIM] code=0x3c tp=0x36 span=1641x1334 at(670,-2314)
[BIGPRIM] code=0x3c tp=0x36 span=1158x726 at(-674,1565)
[BIGPRIM] code=0x3c tp=0x38 span=1683x540 at(-236,3108)
[BIGPRIM] code=0x3c tp=0x36 span=627x775 at(529,-1343)
[BIGPRIM] code=0x3c tp=0x38 span=1707x277 at(-962,3371)
[BIGPRIM] code=0x3c tp=0x36 span=1053x932 at(-284,864)
[BIGPRIM] code=0x3c tp=0x38 span=1713x296 at(-788,3352)
[BIGPRIM] code=0x3c tp=0x36 span=1053x925 at(-212,858)
[BIGPRIM] code=0x3c tp=0x39 span=1089x1312 at(1093,-1636)
[BIGPRIM] code=0x3c tp=0x36 span=1578x1045 at(163,-2147)
[BIGPRIM] code=0x3c tp=0x36 span=477x967 at(520,572)
[BIGPRIM] code=0x3a tp=0xa span=1020x770 at(130,-25)
[BIGPRIM] code=0x3c tp=0x38 span=1647x515 at(-32,3133)
[BIGPRIM] code=0x3a tp=0xa span=1020x770 at(130,-25)
[GP-STATE-TXN] Gameplay -> sysState=10 (param=2)
[BIGPRIM] code=0x3c tp=0x38 span=1602x839 at(853,2757)
[SYSSTATE] dispatch sysState=10 mapEventData=0x5973b4
[ITEMPICK] unique-item link: id=0x41 nobj=1 obj=ok
[ITEMPICK] unique-item link: id=0x41 nobj=1 obj=ok
[ITEMPICK] draw SKIPPED: slot=9 reason=scale 0 (arg2=2)
[ITEMZ] tagged=0 hit=0 szmin=1000000000 szmax=-1000000000 otzSpan=0
[ITEMZ] tagged=22 hit=22 szmin=1737 szmax=1944 otzSpan=1920
[ZETA] wrote=0/6 min=16777215 max=0 fedZ=1068220 bbox=580,318..709,427 raw=FFFFFF00 FFFFFF00 FFFFFF00 FFFFFF00 FFFFFF00 FFFFFF00
[ITEMZ] tagged=14 hit=14 szmin=1777 szmax=1982 otzSpan=1920
[ZETA] wrote=0/6 min=16777215 max=0 fedZ=857297 bbox=592,315..700,421 raw=FFFFFF00 FFFFFF00 FFFFFF00 FFFFFF00 FFFFFF00 FFFFFF00
[SFX] Sd_PlaySfx: sfxId=1307 (Sfx_Base+27) vol=64
[BIGPRIM] code=0x3c tp=0x36 span=726x1000 at(139,-1530)
[BIGPRIM] code=0x3c tp=0x36 span=300x1141 at(274,424)
[BIGPRIM] code=0x3c tp=0x36 span=1554x1465 at(-1316,-2127)
[BIGPRIM] code=0x3c tp=0x36 span=99x1183 at(385,652)
[BIGPRIM] code=0x3c tp=0x39 span=405x755 at(892,-941)
[BIGPRIM] code=0x3c tp=0x38 span=1527x515 at(388,3133)
[BIGPRIM] code=0x3c tp=0x36 span=1194x650 at(-938,1693)
[BIGPRIM] code=0x3c tp=0x38 span=1071x572 at(-470,1221)
[BIGPRIM] code=0x3c tp=0x36 span=1302x662 at(-1124,363)
[BIGPRIM] code=0x3c tp=0x39 span=516x981 at(958,-1202)
[BIGPRIM] code=0x3c tp=0x38 span=1131x540 at(-533,1366)
[BIGPRIM] code=0x3c tp=0x36 span=276x1173 at(136,700)
[BIGPRIM] code=0x3c tp=0x36 span=1020x440 at(-803,-1253)
[BIGPRIM] code=0x3c tp=0x36 span=1719x1482 at(-1382,-2211)
[BIGPRIM] code=0x3c tp=0x36 span=1518x652 at(-1268,360)
[BIGPRIM] code=0x3c tp=0x36 span=1695x1402 at(-1334,-2192)
[BIGPRIM] code=0x3c tp=0x36 span=624x1247 at(-290,498)
[BIGPRIM] code=0x3c tp=0x38 span=1200x550 at(-653,1700)
[BIGPRIM] code=0x3c tp=0x36 span=645x1256 at(-338,540)
[BIGPRIM] code=0x3c tp=0x38 span=1416x514 at(847,3050)
[BIGPRIM] code=0x3c tp=0x36 span=1674x1238 at(-1286,-2121)
[BIGPRIM] code=0x3c tp=0x36 span=453x1097 at(-44,989)
[BIGPRIM] code=0x3c tp=0x36 span=297x897 at(-56,1806)
[BIGPRIM] code=0x3c tp=0x38 span=987x572 at(-434,1462)
[BIGPRIM] code=0x3c tp=0x38 span=1086x662 at(-551,1575)
[BIGPRIM] code=0x3c tp=0x36 span=747x858 at(262,-1359)
[BIGPRIM] code=0x3c tp=0x36 span=435x797 at(-242,1404)
[BIGPRIM] code=0x3c tp=0x36 span=345x846 at(118,761)
[BIGPRIM] code=0x3c tp=0x38 span=1878x232 at(-1574,3249)
[BIGPRIM] code=0x3c tp=0x36 span=1815x421 at(-1667,337)
[BIGPRIM] code=0x3c tp=0x36 span=1209x183 at(-86,-1793)
[BIGPRIM] code=0x3c tp=0x38 span=1890x70 at(-1628,3256)
[BIGPRIM] code=0x3c tp=0x38 span=1890x83 at(-1580,3121)
[BIGPRIM] code=0x3c tp=0x36 span=450x817 at(-284,1224)
[BIGPRIM] code=0x3c tp=0x38 span=1890x103 at(-1676,3223)
[BIGPRIM] code=0x3c tp=0x38 span=1518x411 at(685,3037)
[BIGPRIM] code=0x3c tp=0x36 span=1137x331 at(100,-1832)
[BIGPRIM] code=0x3c tp=0x36 span=960x859 at(-698,-1710)
[BIGPRIM] code=0x3c tp=0x36 span=1566x813 at(-140,-2021)
[BIGPRIM] code=0x3c tp=0x38 span=897x1086 at(952,890)
[BIGPRIM] code=0x3c tp=0x36 span=522x829 at(-344,-1812)
[BIGPRIM] code=0x3c tp=0x36 span=837x980 at(-182,678)
[BIGPRIM] code=0x3c tp=0x36 span=1692x748 at(-1502,-2024)
[BIGPRIM] code=0x3c tp=0x36 span=1182x1379 at(-491,-1992)
[BIGPRIM] code=0x3c tp=0x38 span=672x1524 at(370,928)
[BIGPRIM] code=0x3c tp=0x36 span=1059x919 at(-836,678)
[BIGPRIM] code=0x3c tp=0x38 span=1020x1250 at(1057,874)
[BIGPRIM] code=0x3c tp=0x39 span=345x939 at(1027,838)
[BIGPRIM] code=0x3c tp=0x36 span=987x1048 at(-434,903)
[BIGPRIM] code=0x3c tp=0x36 span=981x1132 at(943,-1626)
[BIGPRIM] code=0x3c tp=0x39 span=312x1260 at(1057,906)
[BIGPRIM] code=0x3c tp=0x36 span=1191x633 at(718,-1729)
[BIGPRIM] code=0x3c tp=0x36 span=1239x1485 at(1048,-2134)
[BIGPRIM] code=0x3c tp=0x36 span=1161x727 at(1000,-1819)
[BIGPRIM] code=0x3c tp=0x36 span=1104x1308 at(61,-2076)
[BIGPRIM] code=0x3a tp=0xa span=1020x770 at(130,-25)
[BIGPRIM] code=0x3c tp=0x38 span=1743x418 at(-1022,3230)
[BIGPRIM] code=0x3c tp=0x36 span=1527x794 at(-1340,1176)
[BIGPRIM] code=0x3c tp=0x38 span=615x826 at(-101,755)
[BIGPRIM] code=0x3c tp=0x38 span=1668x425 at(-1448,3223)
[BIGPRIM] code=0x3c tp=0x39 span=801x1508 at(673,1735)
[BIGPRIM] code=0x3a tp=0xa span=1020x770 at(130,-25)
[BIGPRIM] code=0x3c tp=0x38 span=1533x1639 at(568,1944)
[BIGPRIM] code=0x3c tp=0x39 span=1191x1147 at(346,2115)
[BIGPRIM] code=0x3c tp=0x36 span=1197x829 at(196,-2082)
[BIGPRIM] code=0x3c tp=0x36 span=711x807 at(241,-1440)
[BIGPRIM] code=0x3c tp=0x38 span=1341x945 at(262,2645)
[BIGPRIM] code=0x3c tp=0x36 span=1221x842 at(124,-2012)
[BIGPRIM] code=0x3c tp=0x39 span=330x938 at(979,1610)
[BIGPRIM] code=0x3c tp=0x36 span=276x839 at(196,-1690)
[BIGPRIM] code=0x3c tp=0x36 span=1488x685 at(1057,-1877)
[BIGPRIM] code=0x3c tp=0x36 span=1359x443 at(-1034,-1825)
[BIGPRIM] code=0x3c tp=0x36 span=1278x846 at(-920,777)
[SH-XBOX] vblank 18000
[MEM] tick: free=2540KB (635 pages)
[BIGPRIM] code=0x3c tp=0x36 span=174x1073 at(424,1141)
[FLEX] st=0 f100=0 f122=1024 fx=0 fy=0 anim=27 kf=193 dt=136
[FLEX] st=0 f100=0 f122=1024 fx=0 fy=0 anim=57 kf=570 dt=108
[FLEX] st=0 f100=0 f122=1024 fx=0 fy=0 anim=57 kf=570 dt=69
[BIGPRIM] code=0x3c tp=0x38 span=1488x1437 at(-1277,1018)
[FLEX] st=0 f100=0 f122=1024 fx=0 fy=0 anim=57 kf=571 dt=68
[RA] watch 84008: state=2 unlocked=1786116799 flags[4B4]=FC flags[4A1]=04 word4=0xFFFCDFFC setbits=291 map=2/4
[FLEX] st=0 f100=0 f122=1024 fx=0 fy=0 anim=57 kf=572 dt=68
[BIGPRIM] code=0x3c tp=0x38 span=1497x411 at(-194,3198)
[FLEX] st=0 f100=0 f122=1024 fx=0 fy=0 anim=57 kf=572 dt=69
[FLEX] st=0 f100=0 f122=1024 fx=0 fy=0 anim=57 kf=573 dt=68
[BIGPRIM] code=0x3c tp=0x36 span=204x817 at(472,684)
[FLEX] st=0 f100=0 f122=1024 fx=0 fy=0 anim=57 kf=574 dt=68
[FLEX] st=0 f100=0 f122=1024 fx=0 fy=0 anim=57 kf=574 dt=68
[FLEX] st=0 f100=0 f122=1024 fx=0 fy=0 anim=57 kf=575 dt=68
[BIGPRIM] code=0x3c tp=0x36 span=1530x990 at(589,-1954)
[FLEX] st=0 f100=0 f122=1024 fx=0 fy=0 anim=57 kf=576 dt=69
[FLEX] st=0 f100=0 f122=1024 fx=0 fy=0 anim=57 kf=576 dt=68
[BIGPRIM] code=0x3c tp=0x36 span=480x1144 at(565,864)
[FLEX] st=0 f100=0 f122=1024 fx=0 fy=0 anim=57 kf=577 dt=68
[FLEX] st=0 f100=0 f122=1024 fx=0 fy=0 anim=57 kf=578 dt=69
[BIGPRIM] code=0x3c tp=0x36 span=486x881 at(535,787)
[FLEX] st=0 f100=0 f122=1024 fx=0 fy=0 anim=57 kf=578 dt=68
[FLEX] st=0 f100=0 f122=1024 fx=0 fy=0 anim=57 kf=579 dt=71
[BIGPRIM] code=0x3c tp=0x36 span=936x781 at(-569,1375)
[FLEX] st=0 f100=0 f122=1024 fx=0 fy=0 anim=57 kf=579 dt=68
[FLEX] st=0 f100=0 f122=1024 fx=0 fy=0 anim=57 kf=579 dt=67
[BIGPRIM] code=0x3c tp=0x36 span=375x986 at(523,-1526)
[FLEX] st=0 f100=0 f122=1024 fx=0 fy=0 anim=57 kf=579 dt=70
[FLEX] st=0 f100=0 f122=1024 fx=0 fy=0 anim=57 kf=579 dt=67
[BIGPRIM] code=0x3c tp=0x36 span=675x736 at(829,-1141)
[FLEX] st=0 f100=0 f122=1024 fx=0 fy=0 anim=57 kf=579 dt=68
[BIGPRIM] code=0x3c tp=0x36 span=465x1128 at(523,-1719)
[FLEX] st=0 f100=0 f122=1024 fx=0 fy=0 anim=57 kf=579 dt=68
[BIGPRIM] code=0x3c tp=0x36 span=306x777 at(982,-1783)
[FLEX] st=0 f100=0 f122=1024 fx=0 fy=0 anim=57 kf=579 dt=68
[FLEX] st=0 f100=0 f122=1024 fx=0 fy=0 anim=57 kf=579 dt=70
[BIGPRIM] code=0x3c tp=0x36 span=645x743 at(820,-1157)
[FLEX] st=0 f100=0 f122=1024 fx=0 fy=0 anim=57 kf=579 dt=68
[BIGPRIM] code=0x3c tp=0x36 span=1716x912 at(961,-2082)
[FLEX] st=0 f100=0 f122=1024 fx=0 fy=0 anim=57 kf=579 dt=68
[BIGPRIM] code=0x3c tp=0x36 span=633x1189 at(517,-1870)
[BIGPRIM] code=0x3c tp=0x36 span=960x820 at(-506,1163)
[BIGPRIM] code=0x3a tp=0xa span=1020x770 at(130,-25)
[BIGPRIM] code=0x3c tp=0x36 span=1068x1498 at(-608,-2095)
[BIGPRIM] code=0x3c tp=0x38 span=1749x457 at(244,3191)
[BIGPRIM] code=0x3c tp=0x36 span=798x800 at(-206,1253)
[BIGPRIM] code=0x3c tp=0x36 span=2958x1447 at(751,443)
[BIGPRIM] code=0x3c tp=0x36 span=948x1418 at(502,-2070)
[BIGPRIM] code=0x3c tp=0x36 span=753x771 at(718,-1333)
[BIGPRIM] code=0x3c tp=0x36 span=975x877 at(-98,1086)
[BIGPRIM] code=0x3c tp=0x36 span=1536x582 at(829,324)
[BIGPRIM] code=0x3c tp=0x36 span=1344x1238 at(-746,-1986)
[BIGPRIM] code=0x3c tp=0x36 span=1431x1000 at(1090,996)
[BIGPRIM] code=0x3c tp=0x36 span=801x874 at(250,1128)
[BIGPRIM] code=0x3a tp=0xa span=1020x770 at(130,-25)
[BIGPRIM] code=0x3c tp=0x38 span=693x1575 at(370,912)
[BIGPRIM] code=0x3c tp=0x36 span=1152x1077 at(799,-1806)
[BIGPRIM] code=0x3c tp=0x36 span=1377x479 at(832,327)
[BIGPRIM] code=0x3c tp=0x38 span=1707x807 at(628,2770)
[BIGPRIM] code=0x3c tp=0x36 span=669x1131 at(337,-1613)
[BIGPRIM] code=0x3c tp=0x36 span=1425x483 at(844,343)
[BIGPRIM] code=0x3c tp=0x36 span=1257x611 at(1018,-1832)
[BIGPRIM] code=0x3c tp=0x36 span=1011x518 at(1081,-1202)
[BIGPRIM] code=0x3c tp=0x36 span=1740x1240 at(-1400,-1976)
[BIGPRIM] code=0x3c tp=0x38 span=1683x806 at(-14,2732)
[BIGPRIM] code=0x3c tp=0x38 span=1683x566 at(76,3056)
[GP-STATE-TXN] Gameplay -> sysState=5 (param=14)
[BIGPRIM] code=0x3c tp=0x38 span=1677x566 at(142,3082)
[SYSSTATE] dispatch sysState=5 mapEventData=0x597444
[SFX] Sd_PlaySfx: sfxId=1487 (Sfx_Base+207) vol=0
[AUTO-EQUIP-CHECK] mapIdx=10 processFlags=0x2 inventorySlotCount=10 equippedWeapon=162
[MAP-LOAD] GameBoot_MapLoad mapIdx=10 (map2_s00) fileIdx=2005 linked=1 procFlags=0x2
[MAP-LOAD] MapRegistry_Load(10)=map2_s00 linked=1 header=005b1b94
[MEM] after map-load: free=2540KB (635 pages)
[SH-XBOX] GameState -> 10 (step 0)
[BOOT-STEP] GameStartup step=0 qlen=0
[TRANSITION] GameStartup step=0: processFlags=0x2 (OverlayTransition) sizeof(s_WorldGfxWork)=11708
[BOOT-STEP] GameStartup step=3 qlen=0
[FOGST-GPU] clear=0xff000000
[BOOT-STEP] GameStartup step=4 qlen=0
[TRANSITION] AreaLoad_UpdatePlayerPosition: BEFORE playerPos=(-728741,0,65825) targetPos=(338329,-398950) loadScreen=0
[TRANSITION] AreaLoad_UpdatePlayerPosition: AFTER playerPos=(339487,0,-397792)
[BOOT-STEP] GameStartup step=5 qlen=0
[BOOT-STEP] GameStartup step=7 qlen=0
[TRANSITION] GameStartup step=7: processFlags=0x2 playerPos=(339487,0,-397792) func_80039F90=0x0
[IPD-INIT] Ipd_MapFileInfoSet: mapTag='THR' activeIpdCount=4 isExterior=1 plmIdx=1370 ipdFileIdx=0 textureFileIdx=0 curSize=16 willRebuildGrid=1
[MEM] after chunk-buffers: free=2540KB (635 pages)
[TRANSITION] GameStartup step=7 post-init: playerPos=(339487,0,-397792) mapTag='THR'
[BOOT-STEP] GameStartup step=8 qlen=2
[BOOT0/TIM] PostLoadTim file=1224 'THR8001F.TIM' ss=0x4f45 img.u=0 img.v=0 tPage=0,24 clutX=96 clutY=0
[BOOT0/TIM] post ReadTIM: prect=0xfb56bc caddr=0xfb5578 paddr=0xfb56c4 mode=8
[BOOT0/TIM] pre pixel LoadImage rect=(512,256 64x256)
[BOOT0/TIM] pre CLUT LoadImage rect=(96,0 16x10)
[BOOT0/TIM] PostLoadTim done
[POOLSTOMP] upload (512,256 64x256) hits PINNED pool slot 6 'THR8001F' (512,256)
[BOOT0/TIM] PostLoadTim file=1135 'THR1101F.TIM' ss=0x4a24 img.u=0 img.v=0 tPage=0,25 clutX=112 clutY=0
[BOOT0/TIM] post ReadTIM: prect=0xfb573c caddr=0xfb5578 paddr=0xfb5744 mode=8
[BOOT0/TIM] pre pixel LoadImage rect=(576,256 64x256)
[BOOT0/TIM] pre CLUT LoadImage rect=(112,0 16x14)
[BOOT0/TIM] PostLoadTim done
[POOLSTOMP] upload (576,256 64x256) hits PINNED pool slot 7 'THR1101F' (576,256)
[BOOT-STEP] GameStartup step=9 qlen=0
[BOOT-STEP] GameStartup step=10 qlen=0
[BOOT-STEP] GameStartup step=11 qlen=0
[RELOAD_KF] weap=34 blendStart=-1 blendEnd=605 activeEnd=641
[BOOT-STEP] GameStartup step=12 qlen=0
[SH-XBOX] GameState -> 11 (step 0)
[FOGST-GPU] clear=0xff6c6474
[BGM] ChannelSet bgmIdx=6 cmd=773
[BIGPRIM] code=0x3c tp=0x28 span=921x945 at(1030,842)
[BIGPRIM] code=0x3c tp=0x28 span=2001x1479 at(-560,2169)
[BIGPRIM] code=0x3c tp=0x28 span=702x723 at(-380,784)
[BIGPRIM] code=0x3c tp=0x28 span=786x1263 at(-155,903)
[CHNK] n=4 s0=1,-3,st3 s1=2,-3,st3 s2=1,-3,st0 s3=2,-3,st0
[BIGPRIM] code=0x3a tp=0xa span=1020x770 at(130,-25)
[BIGPRIM] code=0x3c tp=0x28 span=939x964 at(1039,845)
[BIGPRIM] code=0x3c tp=0x28 span=2001x1482 at(-560,2166)
[BIGPRIM] code=0x3c tp=0x28 span=702x723 at(-380,784)
[BIGPRIM] code=0x3c tp=0x28 span=2013x1482 at(-560,2166)
[BOOT0/TIM] PostLoadTim file=1161 'THR3201F.TIM' ss=0x4bb6 img.u=0 img.v=0 tPage=0,22 clutX=64 clutY=0
[BOOT0/TIM] post ReadTIM: prect=0xfb56bc caddr=0xfb5578 paddr=0xfb56c4 mode=8
[BOOT0/TIM] pre pixel LoadImage rect=(384,256 64x256)
[BOOT0/TIM] pre CLUT LoadImage rect=(64,0 16x10)
[BOOT0/TIM] PostLoadTim done
[POOLSTOMP] upload (384,256 64x256) hits PINNED pool slot 4 'THR3201F' (384,256)
[BIGPRIM] code=0x3c tp=0x28 span=741x785 at(-407,806)
[BIGPRIM] code=0x3c tp=0x28 span=858x1456 at(-191,957)
[BIGPRIM] code=0x3c tp=0x28 span=1872x1636 at(-1382,2012)
[BIGPRIM] code=0x3a tp=0xa span=1020x770 at(130,-25)
[BIGPRIM] code=0x3a tp=0xa span=1020x770 at(130,-25)
[BIGPRIM] code=0x3c tp=0x28 span=957x1398 at(-314,961)
[BOOT0/TIM] PostLoadTim file=1163 'THR3401F.TIM' ss=0x4bd8 img.u=0 img.v=0 tPage=0,23 clutX=80 clutY=0
[BOOT0/TIM] post ReadTIM: prect=0xfb577c caddr=0xfb5578 paddr=0xfb5784 mode=8
[BOOT0/TIM] pre pixel LoadImage rect=(448,256 64x256)
[BOOT0/TIM] pre CLUT LoadImage rect=(80,0 16x16)
[BOOT0/TIM] PostLoadTim done
[POOLSTOMP] upload (448,256 64x256) hits PINNED pool slot 5 'THR3401F' (448,256)
[TEXVRAM] 'THR3401F' tPage=[0,23] clutXY=(80,0) uv=(0,0)
[BOOT0/TIM] PostLoadTim file=1164 'THR3401H.TIM' ss=0x4be9 img.u=32 img.v=0 tPage=0,26 clutX=144 clutY=0
[BOOT0/TIM] post ReadTIM: prect=0xfb561c caddr=0xfb5578 paddr=0xfb5624 mode=8
[BOOT0/TIM] pre pixel LoadImage rect=(672,256 32x256)
[BOOT0/TIM] pre CLUT LoadImage rect=(144,0 16x5)
[BOOT0/TIM] PostLoadTim done
[POOLSTOMP] upload (672,256 32x256) hits PINNED pool slot 9 'THR3401H' (672,256)
[TEXVRAM] 'THR3401H' tPage=[0,26] clutXY=(144,0) uv=(32,0)
[BIGPRIM] code=0x3c tp=0x28 span=756x1353 at(-164,816)
[SYSSTATE] dispatch sysState=3 mapEventData=0
[FOGST-GPU] clear=0xff000000
[BOOT0/TIM] PostLoadTim file=1910 'MR_0TOWN.TIM' ss=0x8998 img.u=32 img.v=0 tPage=0,7 clutX=480 clutY=255
[BOOT0/TIM] post ReadTIM: prect=0xfab59c caddr=0xfab578 paddr=0xfab5a4 mode=8
[BOOT0/TIM] pre pixel LoadImage rect=(480,0 32x256)
[BOOT0/TIM] pre CLUT LoadImage rect=(480,255 16x1)
[BOOT0/TIM] PostLoadTim done
[BIGPRIM] code=0x3c tp=0x28 span=696x1401 at(538,813)
[BIGPRIM] code=0x3c tp=0x28 span=2163x1556 at(334,2092)
[BIGPRIM] code=0x3a tp=0xa span=1020x770 at(130,-25)
[SH-XBOX] GameState -> 15 (step 0)
[SFX] Sd_PlaySfx: sfxId=1308 (Sfx_Base+28) vol=0
[BOOT0/TIM] PostLoadTim file=1896 'MP_0TOWN.TIM' ss=0x8570 img.u=0 img.v=16 tPage=1,5 clutX=224 clutY=15
[BOOT0/TIM] post ReadTIM: prect=0xf9877c caddr=0xf98578 paddr=0xf98784 mode=9
[BOOT0/TIM] pre pixel LoadImage rect=(320,16 160x480)
[BOOT0/TIM] pre CLUT LoadImage rect=(224,15 256x1)
[BOOT0/TIM] PostLoadTim done
[POOLSTOMP] upload (320,16 160x480) hits PINNED pool slot 3 'THR0004F' (320,256)
[POOLSTOMP] upload (320,16 160x480) hits PINNED pool slot 4 'THR3201F' (384,256)
[POOLSTOMP] upload (320,16 160x480) hits PINNED pool slot 5 'THR3401F' (448,256)
[SFX] Sd_PlaySfx: sfxId=1308 (Sfx_Base+28) vol=0
[SH-XBOX] GameState -> 11 (step 0)
[BIGPRIM] code=0x3c tp=0x28 span=660x1283 at(517,793)
[BIGPRIM] code=0x3c tp=0x28 span=2163x1566 at(352,2082)
[BIGPRIM] code=0x3a tp=0xa span=1020x770 at(130,-25)
[BIGPRIM] code=0x3c tp=0x28 span=756x1517 at(-251,832)
[FOGST-GPU] clear=0xff6c6474
[BIGPRIM] code=0x3c tp=0x28 span=2160x1225 at(-1694,2423)
[BIGPRIM] code=0x3c tp=0x28 span=2142x1247 at(-1664,2401)
[BIGPRIM] code=0x3c tp=0x28 span=801x1421 at(-356,822)
[BIGPRIM] code=0x3c tp=0x28 span=873x1354 at(814,822)
[BIGPRIM] code=0x3a tp=0xa span=1020x770 at(130,-25)
[BIGPRIM] code=0x3a tp=0xa span=1020x770 at(130,-25)
[BIGPRIM] code=0x3c tp=0x28 span=1047x1076 at(-863,810)
[BIGPRIM] code=0x3c tp=0x28 span=747x967 at(1042,768)
[BIGPRIM] code=0x3a tp=0xa span=1020x770 at(130,-25)
[BIGPRIM] code=0x3c tp=0x28 span=2103x997 at(-1238,2651)
[BIGPRIM] code=0x3c tp=0x28 span=2085x875 at(562,2773)
[BIGPRIM] code=0x3c tp=0x28 span=981x1035 at(-689,729)
[BIGPRIM] code=0x3c tp=0x35 span=357x1508 at(-206,-1591)
[BIGPRIM] code=0x3c tp=0x28 span=2094x437 at(811,3211)
[BIGPRIM] code=0x3a tp=0xa span=1020x770 at(130,-25)
[FOGST-GPU] clear=0xff000000
[BOOT0/TIM] PostLoadTim file=1910 'MR_0TOWN.TIM' ss=0x8998 img.u=32 img.v=0 tPage=0,7 clutX=480 clutY=255
[BOOT0/TIM] post ReadTIM: prect=0xfab59c caddr=0xfab578 paddr=0xfab5a4 mode=8
[BOOT0/TIM] pre pixel LoadImage rect=(480,0 32x256)
[BOOT0/TIM] pre CLUT LoadImage rect=(480,255 16x1)
[BOOT0/TIM] PostLoadTim done
[BIGPRIM] code=0x3a tp=0xa span=1020x770 at(130,-25)
[BIGPRIM] code=0x3c tp=0x28 span=1923x1321 at(-1232,1973)
[BIGPRIM] code=0x3a tp=0xa span=1020x770 at(130,-25)
[SH-XBOX] GameState -> 15 (step 0)
[SFX] Sd_PlaySfx: sfxId=1308 (Sfx_Base+28) vol=0
[BOOT0/TIM] PostLoadTim file=1896 'MP_0TOWN.TIM' ss=0x8570 img.u=0 img.v=16 tPage=1,5 clutX=224 clutY=15
[BOOT0/TIM] post ReadTIM: prect=0xf9877c caddr=0xf98578 paddr=0xf98784 mode=9
[BOOT0/TIM] pre pixel LoadImage rect=(320,16 160x480)
[BOOT0/TIM] pre CLUT LoadImage rect=(224,15 256x1)
[BOOT0/TIM] PostLoadTim done
[POOLSTOMP] upload (320,16 160x480) hits PINNED pool slot 3 'THR0004F' (320,256)
[POOLSTOMP] upload (320,16 160x480) hits PINNED pool slot 4 'THR3201F' (384,256)
[POOLSTOMP] upload (320,16 160x480) hits PINNED pool slot 5 'THR3401F' (448,256)
[SH-XBOX] vblank 18600
[MEM] tick: free=2540KB (635 pages)
[SFX] Sd_PlaySfx: sfxId=1308 (Sfx_Base+28) vol=0
[SH-XBOX] GameState -> 11 (step 0)
[BIGPRIM] code=0x3c tp=0x28 span=1779x1318 at(-1631,1938)
[BIGPRIM] code=0x3c tp=0x28 span=1599x424 at(-566,2883)
[FOGST-GPU] clear=0xff6c6474
[BIGPRIM] code=0x3c tp=0x28 span=852x1064 at(505,777)
[BIGPRIM] code=0x3c tp=0x28 span=2145x1485 at(-1358,1822)
[BIGPRIM] code=0x3c tp=0x28 span=2172x573 at(-1958,2998)
[BIGPRIM] code=0x3c tp=0x28 span=741x1488 at(478,797)
[BIGPRIM] code=0x3c tp=0x28 span=2169x579 at(-1268,3037)
[BIGPRIM] code=0x3c tp=0x28 span=2166x495 at(1009,3153)
[BIGPRIM] code=0x3c tp=0x28 span=1560x1443 at(-1409,787)
[BIGPRIM] code=0x3c tp=0x28 span=2145x489 at(-1280,3159)
[BIGPRIM] code=0x3a tp=0xa span=1020x770 at(130,-25)
[BIGPRIM] code=0x3c tp=0x28 span=2133x502 at(-1124,3146)
[BIGPRIM] code=0x3c tp=0x28 span=2136x373 at(-1700,3275)
[BIGPRIM] code=0x3c tp=0x28 span=675x778 at(-143,684)
[BIGPRIM] code=0x3c tp=0x28 span=738x1196 at(544,774)
[BIGPRIM] code=0x3c tp=0x28 span=732x1176 at(550,771)
[BIGPRIM] code=0x3c tp=0x28 span=636x742 at(-80,675)
[BIGPRIM] code=0x3c tp=0x35 span=93x742 at(913,-707)
[BIGPRIM] code=0x3c tp=0x28 span=2163x907 at(-602,2741)
[RA] http POST http://retroachievements.org/dorequest.php
[NET] POST retroachievements.org -> 200 (16 bytes)
[RA] http -> status=200 bodyLen=16 body='{"Success":true}'
[BIGPRIM] code=0x3c tp=0x35 span=54x1270 at(493,-1295)
[BIGPRIM] code=0x3c tp=0x28 span=1218x922 at(-926,1157)
[BOOT0/TIM] PostLoadTim file=1222 'THR7901F.TIM' ss=0x4f2b img.u=0 img.v=0 tPage=0,25 clutX=112 clutY=0
[BOOT0/TIM] post ReadTIM: prect=0xfb56bc caddr=0xfb5578 paddr=0xfb56c4 mode=8
[BOOT0/TIM] pre pixel LoadImage rect=(576,256 64x256)
[BOOT0/TIM] pre CLUT LoadImage rect=(112,0 16x10)
[BOOT0/TIM] PostLoadTim done
[POOLSTOMP] upload (576,256 64x256) hits PINNED pool slot 7 'THR7901F' (576,256)
[BOOT0/TIM] PostLoadTim file=1223 'THR7902H.TIM' ss=0x4f3c img.u=0 img.v=0 tPage=0,26 clutX=128 clutY=0
[BOOT0/TIM] post ReadTIM: prect=0xfb56fc caddr=0xfb5578 paddr=0xfb5704 mode=8
[BOOT0/TIM] pre pixel LoadImage rect=(640,256 32x256)
[BOOT0/TIM] pre CLUT LoadImage rect=(128,0 16x12)
[BOOT0/TIM] PostLoadTim done
[POOLSTOMP] upload (640,256 32x256) hits PINNED pool slot 8 'THR7902H' (640,256)
[TEXVRAM] 'THR7902H' tPage=[0,26] clutXY=(128,0) uv=(0,0)
[TEXVRAM] 'THR7901F' tPage=[0,25] clutXY=(112,0) uv=(0,0)
[BIGPRIM] code=0x3c tp=0x35 span=186x928 at(31,-118)
[BIGPRIM] code=0x3c tp=0x28 span=2133x1595 at(-86,1976)
[BIGPRIM] code=0x3a tp=0xa span=1020x770 at(130,-25)
[BIGPRIM] code=0x3a tp=0xa span=1020x770 at(130,-25)
[BIGPRIM] code=0x3c tp=0x28 span=771x1472 at(424,797)
[BIGPRIM] code=0x3c tp=0x28 span=966x794 at(-596,1112)
[BIGPRIM] code=0x3c tp=0x28 span=1128x1328 at(-815,748)
[BIGPRIM] code=0x3a tp=0xa span=1020x770 at(130,-25)
[BIGPRIM] code=0x3c tp=0x28 span=2154x392 at(1075,3256)
[BIGPRIM] code=0x3c tp=0x28 span=822x1028 at(-377,720)
[BIGPRIM] code=0x3c tp=0x28 span=1008x862 at(-641,1121)
[BIGPRIM] code=0x3c tp=0x28 span=2157x1167 at(-404,2481)
[BIGPRIM] code=0x3c tp=0x28 span=2163x1495 at(-188,2108)
[BIGPRIM] code=0x3c tp=0x35 span=63x790 at(787,-768)
[BIGPRIM] code=0x3c tp=0x28 span=702x858 at(-179,691)
[BIGPRIM] code=0x3c tp=0x28 span=1392x1212 at(-1109,1166)
[BOOT0/TIM] PostLoadTim file=1158 'THR3001F.TIM' ss=0x4b8b img.u=0 img.v=0 tPage=0,22 clutX=64 clutY=0
[BOOT0/TIM] post ReadTIM: prect=0xfb577c caddr=0xfb5578 paddr=0xfb5784 mode=8
[BOOT0/TIM] pre pixel LoadImage rect=(384,256 64x256)
[BOOT0/TIM] pre CLUT LoadImage rect=(64,0 16x16)
[BOOT0/TIM] PostLoadTim done
[POOLSTOMP] upload (384,256 64x256) hits PINNED pool slot 4 'THR3001F' (384,256)
[TEXVRAM] 'THR3001F' tPage=[0,22] clutXY=(64,0) uv=(0,0)
[BIGPRIM] code=0x3a tp=0xa span=1020x770 at(130,-25)
[BIGPRIM] code=0x3a tp=0xa span=1020x770 at(130,-25)
[BIGPRIM] code=0x3c tp=0x28 span=579x720 at(631,687)
[BIGPRIM] code=0x3a tp=0xa span=1020x770 at(130,-25)
[BIGPRIM] code=0x3c tp=0x28 span=2166x399 at(1021,3249)
[BIGPRIM] code=0x3c tp=0x28 span=951x929 at(-539,1044)
[BIGPRIM] code=0x3c tp=0x28 span=2193x1395 at(-218,2227)
[BIGPRIM] code=0x3c tp=0x28 span=2169x630 at(-422,3018)
[BIGPRIM] code=0x3c tp=0x28 span=2169x560 at(-488,3088)
[BIGPRIM] code=0x3c tp=0x28 span=2169x515 at(-626,3133)
[WALLANIM] pathB kf=33 travel=674 intended=676 runStepSfx=28 spdProp=20480 pos=(137019,-367616)
[BIGPRIM] code=0x3c tp=0x28 span=690x1074 at(556,761)
[BIGPRIM] code=0x3a tp=0xa span=1020x770 at(130,-25)
[BIGPRIM] code=0x3c tp=0x28 span=1905x1376 at(442,2111)
[BIGPRIM] code=0x3c tp=0x28 span=1662x457 at(1015,3133)
[CHNK] n=4 s0=1,-3,st3 s1=0,-3,st3 s2=0,-2,st3 s3=1,-2,st3
[BIGPRIM] code=0x3c tp=0x28 span=1821x1227 at(-752,2401)
[BIGPRIM] code=0x3c tp=0x28 span=1893x1386 at(-806,2262)
[BIGPRIM] code=0x3c tp=0x28 span=936x855 at(-746,826)
[BIGPRIM] code=0x3c tp=0x28 span=1860x1280 at(-452,2368)
[GP-STATE-TXN] Gameplay -> sysState=7 (param=70)
[SYSSTATE] dispatch sysState=7 mapEventData=0x5b12c0
[BIGPRIM] code=0x3c tp=0x28 span=924x942 at(-671,893)
[BIGPRIM] code=0x3c tp=0x28 span=894x964 at(-596,919)
[BIGPRIM] code=0x3c tp=0x28 span=879x968 at(-575,922)
[BIGPRIM] code=0x3c tp=0x28 span=882x974 at(-572,932)
[BIGPRIM] code=0x3c tp=0x28 span=876x964 at(-563,932)
[BIGPRIM] code=0x3c tp=0x28 span=870x964 at(-554,932)
[BIGPRIM] code=0x3c tp=0x28 span=876x974 at(-560,935)
[BIGPRIM] code=0x3c tp=0x28 span=861x967 at(-542,932)
[BIGPRIM] code=0x3c tp=0x28 span=807x765 at(1015,864)
[BIGPRIM] code=0x3c tp=0x28 span=768x1389 at(-74,999)
[BIGPRIM] code=0x3a tp=0xa span=1020x770 at(130,-25)
[BIGPRIM] code=0x3c tp=0x28 span=1113x1170 at(1129,928)
[BIGPRIM] code=0x3a tp=0xa span=1020x770 at(130,-25)
[BIGPRIM] code=0x3c tp=0x28 span=948x1124 at(1054,900)
[BIGPRIM] code=0x3a tp=0xa span=1020x770 at(130,-25)
[BIGPRIM] code=0x3c tp=0x28 span=834x787 at(1060,887)
[GP-STATE-TXN] Gameplay -> sysState=5 (param=106)
[SYSSTATE] dispatch sysState=5 mapEventData=0x5b1224
[SFX] Sd_PlaySfx: sfxId=1323 (Sfx_Base+43) vol=0
[AUTO-EQUIP-CHECK] mapIdx=11 processFlags=0x2 inventorySlotCount=10 equippedWeapon=162
[MAP-LOAD] GameBoot_MapLoad mapIdx=11 (map2_s01) fileIdx=2006 linked=1 procFlags=0x2
[MAP-LOAD] map2_s01: nulled 3 raw PSX addrs in overlay header
[MAP-LOAD] MapRegistry_Load(11)=map2_s01 linked=1 header=005b40c4
[MEM] after map-load: free=2540KB (635 pages)
[SH-XBOX] GameState -> 10 (step 0)
[BOOT-STEP] GameStartup step=0 qlen=0
[TRANSITION] GameStartup step=0: processFlags=0x2 (OverlayTransition) sizeof(s_WorldGfxWork)=11708
[BOOT-STEP] GameStartup step=3 qlen=0
[FOGST-GPU] clear=0xff000000
[BOOT-STEP] GameStartup step=4 qlen=0
[TRANSITION] AreaLoad_UpdatePlayerPosition: BEFORE playerPos=(146600,-4720,-379004) targetPos=(81797,49930) loadScreen=0
[TRANSITION] AreaLoad_UpdatePlayerPosition: AFTER playerPos=(81797,0,51568)
[BOOT-STEP] GameStartup step=5 qlen=0
[BOOT-STEP] GameStartup step=7 qlen=0
[TRANSITION] GameStartup step=7: processFlags=0x2 playerPos=(81797,0,51568) func_80039F90=0x0
[IPD-INIT] Ipd_MapFileInfoSet: mapTag='ER' activeIpdCount=16 isExterior=0 plmIdx=-1 ipdFileIdx=0 textureFileIdx=0 curSize=4 willRebuildGrid=1
[MEM] after chunk-buffers: free=2540KB (635 pages)
[TRANSITION] GameStartup step=7 post-init: playerPos=(81797,0,51568) mapTag='ER'
[BOOT-STEP] GameStartup step=8 qlen=3
[BOOT0/TIM] PostLoadTim file=364 'ER_CHRC1.TIM' ss=0x1a08 img.u=0 img.v=0 tPage=0,24 clutX=96 clutY=0
[BOOT0/TIM] post ReadTIM: prect=0xfb577c caddr=0xfb5578 paddr=0xfb5784 mode=8
[BOOT0/TIM] pre pixel LoadImage rect=(512,256 64x256)
[BOOT0/TIM] pre CLUT LoadImage rect=(96,0 16x16)
[BOOT0/TIM] PostLoadTim done
[POOLSTOMP] upload (512,256 64x256) hits PINNED pool slot 6 'ER_CHRC1' (512,256)
[BOOT0/TIM] PostLoadTim file=365 'ER_CHRC2.TIM' ss=0x1a19 img.u=0 img.v=0 tPage=0,23 clutX=80 clutY=0
[BOOT0/TIM] post ReadTIM: prect=0xfb577c caddr=0xfb5578 paddr=0xfb5784 mode=8
[BOOT0/TIM] pre pixel LoadImage rect=(448,256 64x256)
[BOOT0/TIM] pre CLUT LoadImage rect=(80,0 16x16)
[BOOT0/TIM] PostLoadTim done
[POOLSTOMP] upload (448,256 64x256) hits PINNED pool slot 5 'ER_CHRC2' (448,256)
[BOOT0/TIM] PostLoadTim file=366 'ER_CHRCH.TIM' ss=0x1a2a img.u=32 img.v=0 tPage=0,26 clutX=144 clutY=0
[BOOT0/TIM] post ReadTIM: prect=0xfb573c caddr=0xfb5578 paddr=0xfb5744 mode=8
[BOOT0/TIM] pre pixel LoadImage rect=(672,256 32x256)
[BOOT0/TIM] pre CLUT LoadImage rect=(144,0 16x14)
[BOOT0/TIM] PostLoadTim done
[POOLSTOMP] upload (672,256 32x256) hits PINNED pool slot 9 'ER_CHRCH' (672,256)
[TEXVRAM] 'ER_CHRC1' tPage=[0,24] clutXY=(96,0) uv=(0,0)
[TEXVRAM] 'ER_CHRC2' tPage=[0,23] clutXY=(80,0) uv=(0,0)
[TEXVRAM] 'ER_CHRCH' tPage=[0,26] clutXY=(144,0) uv=(32,0)
[BOOT-STEP] GameStartup step=9 qlen=0
[BOOT-STEP] GameStartup step=10 qlen=0
[SH_AMB] Sd_AmbientSfxSet idx=12 -> loadCmd=179
[SH_AMB] Sd_VabLoad ambient cmd=179 type=2 dedup=0
[BOOT-STEP] GameStartup step=11 qlen=0
[SH-XBOX] vblank 19200
[MEM] tick: free=2540KB (635 pages)
[RELOAD_KF] weap=34 blendStart=-1 blendEnd=605 activeEnd=641
[SFX] Sd_PlaySfx: sfxId=1324 (Sfx_Base+44) vol=0
[BOOT-STEP] GameStartup step=12 qlen=0
[SH-XBOX] GameState -> 11 (step 0)
[GP-STATE-TXN] Gameplay -> sysState=4 (param=12)
[FOGST-GPU] clear=0xff6c6474
[BIGPRIM] code=0x3c tp=0x37 span=261x984 at(367,1690)
[SYSSTATE] dispatch sysState=4 mapEventData=0x5b3e20
[BIGPRIM] code=0x3c tp=0x37 span=108x720 at(460,2378)
[BIGPRIM] code=0x3c tp=0x38 span=399x1118 at(907,-1198)
[SH] open_main: playing FMV (file=2060 frames=208)
[FMV] no avi for M6_02112 (checked D:\fmv, D:\gamedata\fmv) -> MDEC
[FMV] start M6_02112 file_idx=2060 base=187357 sectors=2112 maxFrames=208 (15fps)
[XA] fmv stream open: 37800Hz stereo coding=0x01
[FMV] video 320x208, 9 sectors/frame
[FMV] skipped at frame 23
[XA] fmv stream end: 28 sectors fed, 1408 ring frames discarded
[FMV] end M6_02112: 23 frames (0 dropped, 0 decode fails, 42 presents)
[SH] open_main: FMV_Play returned
[FOGST-GPU] clear=0xff000000
[BIGPRIM] code=0x3c tp=0x37 span=261x984 at(367,1690)
[SYSSTATE] dispatch sysState=10 mapEventData=0x5b3e2c
[FOGST-GPU] clear=0xff6c6474
[MEM] dms-load: free=2540KB (635 pages)
[BOOT0/TIM] PostLoadTim file=1405 'DARIA.TIM' ss=0x5a0b img.u=0 img.v=0 tPage=0,28 clutX=704 clutY=464
[BOOT0/TIM] post ReadTIM: prect=0xfab6dc caddr=0xfab578 paddr=0xfab6e4 mode=8
[BOOT0/TIM] pre pixel LoadImage rect=(768,256 64x128)
[BOOT0/TIM] pre CLUT LoadImage rect=(704,464 16x11)
[BOOT0/TIM] PostLoadTim done
[CHARA-TEX] charaId=30 matCount=1 modelCount=22
[CHARA-TEX] mat[0] name='DARIA' field_C=1 E=0x3c F=0x3c clut=0x742c UV=0x0000 tex=0
[CHARA-TEX] prim0: f0=0x3066(UV0) f2=0x74ac(clut) f4=0x436e(UV1) f6=0x003c(tpage) f8=0x4366(UV2) fA=0x0000(UV3)
[CHARA-TEX] texDesc: tPage=[0,28] u=0 v=0 clutXY=(704,464)
[BGM] ChannelSet bgmIdx=27 cmd=795
[VRAM] decode #512
[BIGPRIM] code=0x3c tp=0x38 span=594x736 at(-374,1205)
[BIGPRIM] code=0x3a tp=0x40 span=1020x52 at(130,668)
[XA] Play xaIdx=78 file=2 sector=1893 sectors=34 stereo 37800Hz bits=4 filter=(14,5)
[XA] primed ring=20481 frames
[BIGPRIM] code=0x3a tp=0xa span=1020x770 at(130,-25)
[BIGPRIM] code=0x3c tp=0x3a span=171x1607 at(574,376)
[BIGPRIM] code=0x3a tp=0x40 span=1020x51 at(130,0)
[BIGPRIM] code=0x3c tp=0x38 span=594x736 at(-374,1205)
[XA] channel ended early xaIdx=78 (remaining=1/34)
[BIGPRIM] code=0x3a tp=0x40 span=1020x52 at(130,668)
[XA] finished xaIdx=78 (drained)
[BIGPRIM] code=0x3a tp=0xa span=1020x770 at(130,-25)
[BIGPRIM] code=0x3c tp=0x3a span=171x1607 at(574,376)
[BIGPRIM] code=0x3a tp=0x40 span=1020x51 at(130,0)
[BIGPRIM] code=0x3c tp=0x38 span=594x736 at(-374,1205)
[XA] Play xaIdx=57 file=2 sector=4 sectors=99 stereo 37800Hz bits=4 filter=(10,4)
[XA] primed ring=20481 frames
[BIGPRIM] code=0x3a tp=0x40 span=1020x52 at(130,668)
[BIGPRIM] code=0x3a tp=0xa span=1020x770 at(130,-25)
[BIGPRIM] code=0x3c tp=0x3a span=171x1607 at(574,376)
[BIGPRIM] code=0x3a tp=0x40 span=1020x51 at(130,0)
[BIGPRIM] code=0x3c tp=0x38 span=594x736 at(-374,1205)
[BIGPRIM] code=0x3a tp=0x40 span=1020x52 at(130,668)
[BIGPRIM] code=0x3a tp=0xa span=1020x770 at(130,-25)
[BIGPRIM] code=0x3c tp=0x3a span=171x1607 at(574,376)
[BIGPRIM] code=0x3a tp=0x40 span=1020x51 at(130,0)
[BIGPRIM] code=0x3c tp=0x38 span=594x736 at(-374,1205)
[BIGPRIM] code=0x3a tp=0x40 span=1020x52 at(130,668)
[BIGPRIM] code=0x3a tp=0xa span=1020x770 at(130,-25)
[BIGPRIM] code=0x3c tp=0x3a span=171x1607 at(574,376)
[BIGPRIM] code=0x3a tp=0x40 span=1020x51 at(130,0)
[XA] channel ended early xaIdx=57 (remaining=1/99)
[BIGPRIM] code=0x3c tp=0x38 span=594x736 at(-374,1205)
[XA] finished xaIdx=57 (drained)
[BIGPRIM] code=0x3a tp=0x40 span=1020x52 at(130,668)
[BIGPRIM] code=0x3a tp=0xa span=1020x770 at(130,-25)
[BIGPRIM] code=0x3c tp=0x3a span=171x1607 at(574,376)
[BIGPRIM] code=0x3a tp=0x40 span=1020x51 at(130,0)
[BIGPRIM] code=0x3c tp=0x38 span=594x736 at(-374,1205)
[BIGPRIM] code=0x3a tp=0x40 span=1020x52 at(130,668)
[BIGPRIM] code=0x3a tp=0xa span=1020x770 at(130,-25)
[BIGPRIM] code=0x3c tp=0x3a span=171x1607 at(574,376)
[BIGPRIM] code=0x3a tp=0x40 span=1020x51 at(130,0)
[BIGPRIM] code=0x3c tp=0x38 span=594x736 at(-374,1205)
[XA] Play xaIdx=81 file=2 sector=1942 sectors=28 stereo 37800Hz bits=4 filter=(14,6)
[XA] primed ring=20481 frames
[BIGPRIM] code=0x3a tp=0x40 span=1020x52 at(130,668)
[BIGPRIM] code=0x3a tp=0xa span=1020x770 at(130,-25)
[BIGPRIM] code=0x3c tp=0x3a span=171x1607 at(574,376)
[XA] channel ended early xaIdx=81 (remaining=1/28)
[BIGPRIM] code=0x3a tp=0x40 span=1020x51 at(130,0)
[BIGPRIM] code=0x3c tp=0x38 span=594x736 at(-374,1205)
[XA] finished xaIdx=81 (drained)
[BIGPRIM] code=0x3a tp=0x40 span=1020x52 at(130,668)
[BIGPRIM] code=0x3a tp=0xa span=1020x770 at(130,-25)
[BIGPRIM] code=0x3c tp=0x3a span=171x1607 at(574,376)
[BIGPRIM] code=0x3a tp=0x40 span=1020x51 at(130,0)
[XA] Play xaIdx=76 file=2 sector=1684 sectors=37 stereo 37800Hz bits=4 filter=(13,4)
[XA] primed ring=20481 frames
[BIGPRIM] code=0x3c tp=0x38 span=594x736 at(-374,1205)
[BIGPRIM] code=0x3a tp=0x40 span=1020x52 at(130,668)
[BIGPRIM] code=0x3a tp=0xa span=1020x770 at(130,-25)
[BIGPRIM] code=0x3c tp=0x3a span=171x1607 at(574,376)
[BIGPRIM] code=0x3a tp=0x40 span=1020x51 at(130,0)
[XA] channel ended early xaIdx=76 (remaining=1/37)
[BIGPRIM] code=0x3c tp=0x38 span=594x736 at(-374,1205)
[XA] finished xaIdx=76 (drained)
[BIGPRIM] code=0x3a tp=0x40 span=1020x52 at(130,668)
[BIGPRIM] code=0x3a tp=0xa span=1020x770 at(130,-25)
[BIGPRIM] code=0x3c tp=0x3a span=171x1607 at(574,376)
[BIGPRIM] code=0x3a tp=0x40 span=1020x51 at(130,0)
[BIGPRIM] code=0x3c tp=0x38 span=594x736 at(-374,1205)
[XA] Play xaIdx=71 file=2 sector=1546 sectors=45 stereo 37800Hz bits=4 filter=(12,2)
[XA] primed ring=20481 frames
[BIGPRIM] code=0x3a tp=0x40 span=1020x52 at(130,668)
[BIGPRIM] code=0x3a tp=0xa span=1020x770 at(130,-25)
[BIGPRIM] code=0x3c tp=0x3a span=171x1607 at(574,376)
[BIGPRIM] code=0x3a tp=0x40 span=1020x51 at(130,0)
[BIGPRIM] code=0x3c tp=0x38 span=594x736 at(-374,1205)
[XA] channel ended early xaIdx=71 (remaining=1/45)
[BIGPRIM] code=0x3a tp=0x40 span=1020x52 at(130,668)
[BIGPRIM] code=0x3a tp=0xa span=1020x770 at(130,-25)
[XA] finished xaIdx=71 (drained)
[BIGPRIM] code=0x3c tp=0x3a span=171x1607 at(574,376)
[BIGPRIM] code=0x3a tp=0x40 span=1020x51 at(130,0)
[BIGPRIM] code=0x3c tp=0x38 span=594x736 at(-374,1205)
[BIGPRIM] code=0x3a tp=0x40 span=1020x52 at(130,668)
[XA] Play xaIdx=85 file=2 sector=2157 sectors=17 stereo 37800Hz bits=4 filter=(15,5)
[XA] primed ring=20481 frames
[BIGPRIM] code=0x3a tp=0xa span=1020x770 at(130,-25)
[BIGPRIM] code=0x3c tp=0x3a span=171x1607 at(574,376)
[XA] channel ended early xaIdx=85 (remaining=1/17)
[BIGPRIM] code=0x3a tp=0x40 span=1020x51 at(130,0)
[XA] finished xaIdx=85 (drained)
[BIGPRIM] code=0x3c tp=0x38 span=594x736 at(-374,1205)
[CHNK] n=16 s0=0,0,st3 s1=0,-3,st0 s2=0,-2,st0 s3=1,-2,st0
[BIGPRIM] code=0x3a tp=0x40 span=1020x52 at(130,668)
[XA] Play xaIdx=80 file=2 sector=1919 sectors=30 stereo 37800Hz bits=4 filter=(14,7)
[XA] primed ring=20481 frames
[BIGPRIM] code=0x3a tp=0xa span=1020x770 at(130,-25)
[BIGPRIM] code=0x3c tp=0x3a span=171x1607 at(574,376)
[BIGPRIM] code=0x3a tp=0x40 span=1020x51 at(130,0)
[XA] channel ended early xaIdx=80 (remaining=1/30)
[BIGPRIM] code=0x3c tp=0x38 span=594x736 at(-374,1205)
[XA] finished xaIdx=80 (drained)
[BIGPRIM] code=0x3a tp=0x40 span=1020x52 at(130,668)
[SH-XBOX] vblank 19800
[MEM] tick: free=2540KB (635 pages)
[BIGPRIM] code=0x3a tp=0xa span=1020x770 at(130,-25)
[BIGPRIM] code=0x3c tp=0x3a span=171x1607 at(574,376)
[BIGPRIM] code=0x3a tp=0x40 span=1020x51 at(130,0)
[XA] Play xaIdx=70 file=2 sector=1308 sectors=48 stereo 37800Hz bits=4 filter=(12,4)
[XA] primed ring=20481 frames
[BIGPRIM] code=0x3c tp=0x38 span=594x736 at(-374,1205)
[BIGPRIM] code=0x3a tp=0x40 span=1020x52 at(130,668)
[BIGPRIM] code=0x3a tp=0xa span=1020x770 at(130,-25)
[BIGPRIM] code=0x3c tp=0x3a span=171x1607 at(574,376)
[BIGPRIM] code=0x3a tp=0x40 span=1020x51 at(130,0)
[BIGPRIM] code=0x3c tp=0x38 span=594x736 at(-374,1205)
[BIGPRIM] code=0x3a tp=0x40 span=1020x52 at(130,668)
[XA] channel ended early xaIdx=70 (remaining=1/48)
[BIGPRIM] code=0x3a tp=0xa span=1020x770 at(130,-25)
[XA] finished xaIdx=70 (drained)
[BIGPRIM] code=0x3c tp=0x3a span=171x1607 at(574,376)
[BIGPRIM] code=0x3a tp=0x40 span=1020x51 at(130,0)
[BIGPRIM] code=0x3c tp=0x38 span=594x736 at(-374,1205)
[BIGPRIM] code=0x3a tp=0x40 span=1020x52 at(130,668)
[BIGPRIM] code=0x3a tp=0xa span=1020x770 at(130,-25)
[BIGPRIM] code=0x3c tp=0x3a span=171x1607 at(574,376)
[XA] Play xaIdx=73 file=2 sector=1565 sectors=42 stereo 37800Hz bits=4 filter=(13,5)
[XA] primed ring=20481 frames
[BIGPRIM] code=0x3a tp=0x40 span=1020x51 at(130,0)
[BIGPRIM] code=0x3c tp=0x38 span=594x736 at(-374,1205)
[BIGPRIM] code=0x3a tp=0x40 span=1020x52 at(130,668)
[BIGPRIM] code=0x3a tp=0xa span=1020x770 at(130,-25)
[BIGPRIM] code=0x3c tp=0x3a span=171x1607 at(574,376)
[XA] channel ended early xaIdx=73 (remaining=1/42)
[BIGPRIM] code=0x3a tp=0x40 span=1020x51 at(130,0)
[BIGPRIM] code=0x3c tp=0x38 span=597x868 at(448,716)
[BIGPRIM] code=0x3c tp=0x38 span=510x973 at(-62,945)
[XA] finished xaIdx=73 (drained)
[BIGPRIM] code=0x3c tp=0x38 span=648x884 at(-341,1250)
[BIGPRIM] code=0x3c tp=0x38 span=1065x894 at(268,1886)
[BIGPRIM] code=0x3c tp=0x38 span=252x1087 at(1081,1359)
[BIGPRIM] code=0x3c tp=0x38 span=942x858 at(307,1755)
[BIGPRIM] code=0x3a tp=0x40 span=1020x52 at(130,668)
[BIGPRIM] code=0x3a tp=0xa span=1020x770 at(130,-25)
[BIGPRIM] code=0x3c tp=0x38 span=927x1270 at(925,890)
[BIGPRIM] code=0x3c tp=0x38 span=285x1260 at(1042,1594)
[BIGPRIM] code=0x3c tp=0x38 span=201x1241 at(1048,1372)
[BIGPRIM] code=0x3c tp=0x38 span=234x1077 at(1087,1375)
[BIGPRIM] code=0x3c tp=0x38 span=666x893 at(-482,1385)
[XA] Play xaIdx=82 file=2 sector=1972 sectors=22 stereo 37800Hz bits=4 filter=(14,4)
[XA] primed ring=20481 frames
[BIGPRIM] code=0x3c tp=0x38 span=1137x646 at(184,1806)
[BIGPRIM] code=0x3a tp=0x40 span=1020x51 at(130,0)
[BIGPRIM] code=0x3c tp=0x38 span=609x913 at(451,726)
[BIGPRIM] code=0x3c tp=0x38 span=510x1003 at(-59,948)
[BIGPRIM] code=0x3c tp=0x38 span=627x936 at(-326,1240)
[BIGPRIM] code=0x3c tp=0x38 span=1071x1087 at(250,1928)
[BIGPRIM] code=0x3c tp=0x38 span=1572x951 at(1105,1411)
[XA] channel ended early xaIdx=82 (remaining=1/22)
[BIGPRIM] code=0x3c tp=0x38 span=942x823 at(295,1796)
[BIGPRIM] code=0x3a tp=0x40 span=1020x52 at(130,668)
[BIGPRIM] code=0x3a tp=0xa span=1020x770 at(130,-25)
[XA] finished xaIdx=82 (drained)
[BIGPRIM] code=0x3c tp=0x38 span=1008x1411 at(937,909)
[BIGPRIM] code=0x3c tp=0x38 span=264x1428 at(1057,1648)
[BIGPRIM] code=0x3c tp=0x38 span=174x1212 at(1063,1420)
[BIGPRIM] code=0x3c tp=0x38 span=1065x1135 at(250,1941)
[BIGPRIM] code=0x3c tp=0x38 span=207x1025 at(1108,1433)
[BIGPRIM] code=0x3c tp=0x38 span=1137x633 at(178,1825)
[BIGPRIM] code=0x3a tp=0x40 span=1020x51 at(130,0)
[BIGPRIM] code=0x3c tp=0x38 span=627x964 at(451,736)
[BIGPRIM] code=0x3c tp=0x38 span=507x1041 at(-56,951)
[BIGPRIM] code=0x3c tp=0x38 span=612x961 at(-317,1240)
[BIGPRIM] code=0x3c tp=0x38 span=639x923 at(-464,1375)
[BIGPRIM] code=0x3c tp=0x38 span=1605x939 at(1114,1436)
[BIGPRIM] code=0x3c tp=0x38 span=942x832 at(295,1800)
[BIGPRIM] code=0x3a tp=0x40 span=1020x52 at(130,668)
[BIGPRIM] code=0x3a tp=0xa span=1020x770 at(130,-25)
[BIGPRIM] code=0x3c tp=0x38 span=1035x1452 at(940,916)
[BIGPRIM] code=0x3c tp=0x38 span=252x1472 at(1063,1668)
[BIGPRIM] code=0x3c tp=0x38 span=168x1196 at(1069,1436)
[BIGPRIM] code=0x3c tp=0x38 span=1068x1189 at(247,1951)
[XA] Play xaIdx=62 file=2 sector=613 sectors=67 stereo 37800Hz bits=4 filter=(11,5)
[XA] primed ring=20481 frames
[BIGPRIM] code=0x3c tp=0x38 span=201x1022 at(1114,1436)
[BIGPRIM] code=0x3c tp=0x38 span=1140x620 at(175,1838)
[BIGPRIM] code=0x3a tp=0x40 span=1020x51 at(130,0)
[BIGPRIM] code=0x3c tp=0x38 span=627x964 at(451,736)
[BIGPRIM] code=0x3c tp=0x38 span=507x1041 at(-56,951)
[BIGPRIM] code=0x3c tp=0x38 span=612x961 at(-317,1240)
[BIGPRIM] code=0x3c tp=0x38 span=639x923 at(-464,1375)
[BIGPRIM] code=0x3c tp=0x38 span=1605x939 at(1114,1436)
[BIGPRIM] code=0x3c tp=0x38 span=942x832 at(295,1800)
[BIGPRIM] code=0x3a tp=0x40 span=1020x52 at(130,668)
[BIGPRIM] code=0x3a tp=0xa span=1020x770 at(130,-25)
[BIGPRIM] code=0x3c tp=0x38 span=1035x1452 at(940,916)
[BIGPRIM] code=0x3c tp=0x38 span=252x1472 at(1063,1668)
[BIGPRIM] code=0x3c tp=0x38 span=168x1196 at(1069,1436)
[BIGPRIM] code=0x3c tp=0x38 span=1068x1189 at(247,1951)
[BIGPRIM] code=0x3c tp=0x38 span=201x1022 at(1114,1436)
[BIGPRIM] code=0x3c tp=0x38 span=1140x620 at(175,1838)
[BIGPRIM] code=0x3a tp=0x40 span=1020x51 at(130,0)
[BIGPRIM] code=0x3c tp=0x38 span=627x964 at(451,736)
[BIGPRIM] code=0x3c tp=0x38 span=507x1041 at(-56,951)
[BIGPRIM] code=0x3c tp=0x38 span=612x961 at(-317,1240)
[BIGPRIM] code=0x3c tp=0x38 span=639x923 at(-464,1375)
[BIGPRIM] code=0x3c tp=0x38 span=1605x939 at(1114,1436)
[BIGPRIM] code=0x3c tp=0x38 span=942x832 at(295,1800)
[BIGPRIM] code=0x3a tp=0x40 span=1020x52 at(130,668)
[BIGPRIM] code=0x3a tp=0xa span=1020x770 at(130,-25)
[XA] channel ended early xaIdx=62 (remaining=1/67)
[BIGPRIM] code=0x3c tp=0x38 span=1035x1452 at(940,916)
[BIGPRIM] code=0x3c tp=0x38 span=252x1472 at(1063,1668)
[BIGPRIM] code=0x3c tp=0x38 span=168x1196 at(1069,1436)
[BIGPRIM] code=0x3c tp=0x38 span=1068x1189 at(247,1951)
[BIGPRIM] code=0x3c tp=0x38 span=201x1022 at(1114,1436)
[XA] finished xaIdx=62 (drained)
[BIGPRIM] code=0x3c tp=0x38 span=1140x620 at(175,1838)
[BIGPRIM] code=0x3a tp=0x40 span=1020x51 at(130,0)
[BIGPRIM] code=0x3c tp=0x38 span=627x964 at(451,736)
[BIGPRIM] code=0x3c tp=0x38 span=507x1041 at(-56,951)
[BIGPRIM] code=0x3c tp=0x38 span=612x961 at(-317,1240)
[BIGPRIM] code=0x3c tp=0x38 span=639x923 at(-464,1375)
[BIGPRIM] code=0x3c tp=0x38 span=1605x939 at(1114,1436)
[BIGPRIM] code=0x3c tp=0x38 span=942x832 at(295,1800)
[BIGPRIM] code=0x3a tp=0x40 span=1020x52 at(130,668)
[BIGPRIM] code=0x3a tp=0xa span=1020x770 at(130,-25)
[BIGPRIM] code=0x3c tp=0x38 span=1035x1452 at(940,916)
[BIGPRIM] code=0x3c tp=0x38 span=252x1472 at(1063,1668)
[BIGPRIM] code=0x3c tp=0x38 span=168x1196 at(1069,1436)
[BIGPRIM] code=0x3c tp=0x38 span=1068x1189 at(247,1951)
[BIGPRIM] code=0x3c tp=0x38 span=201x1022 at(1114,1436)
[BIGPRIM] code=0x3c tp=0x38 span=1140x620 at(175,1838)
[BIGPRIM] code=0x3a tp=0x40 span=1020x51 at(130,0)
[BIGPRIM] code=0x3c tp=0x38 span=627x964 at(451,736)
[BIGPRIM] code=0x3c tp=0x38 span=507x1041 at(-56,951)
[BIGPRIM] code=0x3c tp=0x38 span=612x961 at(-317,1240)
[BIGPRIM] code=0x3c tp=0x38 span=639x923 at(-464,1375)
[BIGPRIM] code=0x3c tp=0x38 span=1605x939 at(1114,1436)
[BIGPRIM] code=0x3c tp=0x38 span=942x832 at(295,1800)
[BIGPRIM] code=0x3a tp=0x40 span=1020x52 at(130,668)
[BIGPRIM] code=0x3a tp=0xa span=1020x770 at(130,-25)
[BIGPRIM] code=0x3c tp=0x38 span=1035x1452 at(940,916)
[XA] Play xaIdx=75 file=2 sector=1646 sectors=38 stereo 37800Hz bits=4 filter=(13,6)
[XA] primed ring=20481 frames
[BIGPRIM] code=0x3c tp=0x38 span=252x1472 at(1063,1668)
[BIGPRIM] code=0x3c tp=0x38 span=168x1196 at(1069,1436)
[BIGPRIM] code=0x3c tp=0x38 span=1068x1189 at(247,1951)
[BIGPRIM] code=0x3c tp=0x38 span=201x1022 at(1114,1436)
[BIGPRIM] code=0x3c tp=0x38 span=1140x620 at(175,1838)
[BIGPRIM] code=0x3a tp=0x40 span=1020x51 at(130,0)
[BIGPRIM] code=0x3c tp=0x38 span=627x964 at(451,736)
[BIGPRIM] code=0x3c tp=0x38 span=507x1041 at(-56,951)
[BIGPRIM] code=0x3c tp=0x38 span=612x961 at(-317,1240)
[BIGPRIM] code=0x3c tp=0x38 span=639x923 at(-464,1375)
[BIGPRIM] code=0x3c tp=0x38 span=1605x939 at(1114,1436)
[BIGPRIM] code=0x3c tp=0x38 span=942x832 at(295,1800)
[BIGPRIM] code=0x3a tp=0x40 span=1020x52 at(130,668)
[XA] channel ended early xaIdx=75 (remaining=1/38)
[BIGPRIM] code=0x3a tp=0xa span=1020x770 at(130,-25)
[BIGPRIM] code=0x3c tp=0x38 span=1035x1452 at(940,916)
[BIGPRIM] code=0x3c tp=0x38 span=252x1472 at(1063,1668)
[BIGPRIM] code=0x3c tp=0x38 span=168x1196 at(1069,1436)
[BIGPRIM] code=0x3c tp=0x38 span=1068x1189 at(247,1951)
[XA] finished xaIdx=75 (drained)
[BIGPRIM] code=0x3c tp=0x38 span=201x1022 at(1114,1436)
[BIGPRIM] code=0x3c tp=0x38 span=1140x620 at(175,1838)
[BIGPRIM] code=0x3a tp=0x40 span=1020x51 at(130,0)
[BIGPRIM] code=0x3c tp=0x38 span=627x964 at(451,736)
[BIGPRIM] code=0x3c tp=0x38 span=507x1041 at(-56,951)
[BIGPRIM] code=0x3c tp=0x38 span=612x961 at(-317,1240)
[BIGPRIM] code=0x3c tp=0x38 span=639x923 at(-464,1375)
[BIGPRIM] code=0x3c tp=0x38 span=1605x939 at(1114,1436)
[BIGPRIM] code=0x3c tp=0x38 span=942x832 at(295,1800)
[BIGPRIM] code=0x3a tp=0x40 span=1020x52 at(130,668)
[BIGPRIM] code=0x3a tp=0xa span=1020x770 at(130,-25)
[BIGPRIM] code=0x3c tp=0x38 span=1035x1452 at(940,916)
[BIGPRIM] code=0x3c tp=0x38 span=252x1472 at(1063,1668)
[BIGPRIM] code=0x3c tp=0x38 span=168x1196 at(1069,1436)
[BIGPRIM] code=0x3c tp=0x38 span=1068x1189 at(247,1951)
[XA] Play xaIdx=60 file=2 sector=7 sectors=75 stereo 37800Hz bits=4 filter=(10,7)
[XA] primed ring=20481 frames
[BIGPRIM] code=0x3c tp=0x38 span=201x1022 at(1114,1436)
[BIGPRIM] code=0x3c tp=0x38 span=1140x620 at(175,1838)
[BIGPRIM] code=0x3a tp=0x40 span=1020x51 at(130,0)
[BIGPRIM] code=0x3c tp=0x38 span=627x964 at(451,736)
[BIGPRIM] code=0x3c tp=0x38 span=507x1041 at(-56,951)
[BIGPRIM] code=0x3c tp=0x38 span=612x961 at(-317,1240)
[BIGPRIM] code=0x3c tp=0x38 span=639x923 at(-464,1375)
[BIGPRIM] code=0x3c tp=0x38 span=1605x939 at(1114,1436)
[BIGPRIM] code=0x3c tp=0x38 span=942x832 at(295,1800)
[BIGPRIM] code=0x3a tp=0x40 span=1020x52 at(130,668)
[BIGPRIM] code=0x3a tp=0xa span=1020x770 at(130,-25)
[BIGPRIM] code=0x3c tp=0x38 span=1035x1452 at(940,916)
[BIGPRIM] code=0x3c tp=0x38 span=252x1472 at(1063,1668)
[BIGPRIM] code=0x3c tp=0x38 span=168x1196 at(1069,1436)
[BIGPRIM] code=0x3c tp=0x38 span=1068x1189 at(247,1951)
[BIGPRIM] code=0x3c tp=0x38 span=201x1022 at(1114,1436)
[BIGPRIM] code=0x3c tp=0x38 span=1140x620 at(175,1838)
[BIGPRIM] code=0x3a tp=0x40 span=1020x51 at(130,0)
[BIGPRIM] code=0x3c tp=0x38 span=627x964 at(451,736)
[BIGPRIM] code=0x3c tp=0x38 span=507x1041 at(-56,951)
[BIGPRIM] code=0x3c tp=0x38 span=612x961 at(-317,1240)
[BIGPRIM] code=0x3c tp=0x38 span=639x923 at(-464,1375)
[BIGPRIM] code=0x3c tp=0x38 span=1605x939 at(1114,1436)
[BIGPRIM] code=0x3c tp=0x38 span=942x832 at(295,1800)
[BIGPRIM] code=0x3a tp=0x40 span=1020x52 at(130,668)
[BIGPRIM] code=0x3a tp=0xa span=1020x770 at(130,-25)
[BIGPRIM] code=0x3c tp=0x38 span=1035x1452 at(940,916)
[BIGPRIM] code=0x3c tp=0x38 span=252x1472 at(1063,1668)
[BIGPRIM] code=0x3c tp=0x38 span=168x1196 at(1069,1436)
[BIGPRIM] code=0x3c tp=0x38 span=1068x1189 at(247,1951)
[XA] channel ended early xaIdx=60 (remaining=1/75)
[BIGPRIM] code=0x3c tp=0x38 span=201x1022 at(1114,1436)
[BIGPRIM] code=0x3c tp=0x38 span=1140x620 at(175,1838)
[BIGPRIM] code=0x3a tp=0x40 span=1020x51 at(130,0)
[BIGPRIM] code=0x3c tp=0x38 span=627x964 at(451,736)
[BIGPRIM] code=0x3c tp=0x38 span=507x1041 at(-56,951)
[XA] finished xaIdx=60 (drained)
[BIGPRIM] code=0x3c tp=0x38 span=612x961 at(-317,1240)
[BIGPRIM] code=0x3c tp=0x38 span=639x923 at(-464,1375)
[BIGPRIM] code=0x3c tp=0x38 span=1605x939 at(1114,1436)
[BIGPRIM] code=0x3c tp=0x38 span=942x832 at(295,1800)
[BIGPRIM] code=0x3a tp=0x40 span=1020x52 at(130,668)
[BIGPRIM] code=0x3a tp=0xa span=1020x770 at(130,-25)
[BIGPRIM] code=0x3c tp=0x38 span=1035x1452 at(940,916)
[BIGPRIM] code=0x3c tp=0x38 span=252x1472 at(1063,1668)
[BIGPRIM] code=0x3c tp=0x38 span=168x1196 at(1069,1436)
[BIGPRIM] code=0x3c tp=0x38 span=1068x1189 at(247,1951)
[BIGPRIM] code=0x3c tp=0x38 span=201x1022 at(1114,1436)
[BIGPRIM] code=0x3c tp=0x38 span=1140x620 at(175,1838)
[BIGPRIM] code=0x3a tp=0x40 span=1020x51 at(130,0)
[BIGPRIM] code=0x3c tp=0x38 span=627x964 at(451,736)
[BIGPRIM] code=0x3c tp=0x38 span=507x1041 at(-56,951)
[BIGPRIM] code=0x3c tp=0x38 span=612x961 at(-317,1240)
[BIGPRIM] code=0x3c tp=0x38 span=639x923 at(-464,1375)
[BIGPRIM] code=0x3c tp=0x38 span=1605x939 at(1114,1436)
[BIGPRIM] code=0x3c tp=0x38 span=942x832 at(295,1800)
[BIGPRIM] code=0x3a tp=0x40 span=1020x52 at(130,668)
[BIGPRIM] code=0x3a tp=0xa span=1020x770 at(130,-25)
[BIGPRIM] code=0x3c tp=0x38 span=1035x1452 at(940,916)
[XA] Play xaIdx=66 file=2 sector=1135 sectors=62 stereo 37800Hz bits=4 filter=(12,7)
[XA] primed ring=20481 frames
[BIGPRIM] code=0x3c tp=0x38 span=252x1472 at(1063,1668)
[BIGPRIM] code=0x3c tp=0x38 span=168x1196 at(1069,1436)
[BIGPRIM] code=0x3c tp=0x38 span=1068x1189 at(247,1951)
[BIGPRIM] code=0x3c tp=0x38 span=201x1022 at(1114,1436)
[BIGPRIM] code=0x3c tp=0x38 span=1140x620 at(175,1838)
[CHNK] n=16 s0=0,0,st3 s1=0,-3,st0 s2=0,-2,st0 s3=1,-2,st0
[BIGPRIM] code=0x3a tp=0x40 span=1020x51 at(130,0)
[BIGPRIM] code=0x3c tp=0x38 span=627x964 at(451,736)
[BIGPRIM] code=0x3c tp=0x38 span=507x1041 at(-56,951)
[BIGPRIM] code=0x3c tp=0x38 span=612x961 at(-317,1240)
[BIGPRIM] code=0x3c tp=0x38 span=639x923 at(-464,1375)
[BIGPRIM] code=0x3c tp=0x38 span=1605x939 at(1114,1436)
[BIGPRIM] code=0x3c tp=0x38 span=942x832 at(295,1800)
[BIGPRIM] code=0x3a tp=0x40 span=1020x52 at(130,668)
[BIGPRIM] code=0x3a tp=0xa span=1020x770 at(130,-25)
[BIGPRIM] code=0x3c tp=0x38 span=1035x1452 at(940,916)
[BIGPRIM] code=0x3c tp=0x38 span=252x1472 at(1063,1668)
[BIGPRIM] code=0x3c tp=0x38 span=168x1196 at(1069,1436)
[BIGPRIM] code=0x3c tp=0x38 span=1068x1189 at(247,1951)
[BIGPRIM] code=0x3c tp=0x38 span=201x1022 at(1114,1436)
[BIGPRIM] code=0x3c tp=0x38 span=1140x620 at(175,1838)
[BIGPRIM] code=0x3a tp=0x40 span=1020x51 at(130,0)
[BIGPRIM] code=0x3c tp=0x38 span=627x964 at(451,736)
[BIGPRIM] code=0x3c tp=0x38 span=507x1041 at(-56,951)
[BIGPRIM] code=0x3c tp=0x38 span=612x961 at(-317,1240)
[BIGPRIM] code=0x3c tp=0x38 span=639x923 at(-464,1375)
[XA] channel ended early xaIdx=66 (remaining=1/62)
[SH-XBOX] vblank 20400
[MEM] tick: free=2540KB (635 pages)
[BIGPRIM] code=0x3c tp=0x38 span=1605x939 at(1114,1436)
[BIGPRIM] code=0x3c tp=0x38 span=942x832 at(295,1800)
[BIGPRIM] code=0x3a tp=0x40 span=1020x52 at(130,668)
[XA] finished xaIdx=66 (drained)
[BIGPRIM] code=0x3a tp=0xa span=1020x770 at(130,-25)
[BIGPRIM] code=0x3c tp=0x38 span=1035x1452 at(940,916)
[BIGPRIM] code=0x3c tp=0x38 span=252x1472 at(1063,1668)
[BIGPRIM] code=0x3c tp=0x38 span=168x1196 at(1069,1436)
[BIGPRIM] code=0x3c tp=0x38 span=1068x1189 at(247,1951)
[BIGPRIM] code=0x3c tp=0x38 span=201x1022 at(1114,1436)
[BIGPRIM] code=0x3c tp=0x38 span=1140x620 at(175,1838)
[BIGPRIM] code=0x3a tp=0x40 span=1020x51 at(130,0)
[BIGPRIM] code=0x3c tp=0x38 span=627x964 at(451,736)
[BIGPRIM] code=0x3c tp=0x38 span=507x1041 at(-56,951)
[BIGPRIM] code=0x3c tp=0x38 span=612x961 at(-317,1240)
[BIGPRIM] code=0x3c tp=0x38 span=639x923 at(-464,1375)
[BIGPRIM] code=0x3c tp=0x38 span=1605x939 at(1114,1436)
[BIGPRIM] code=0x3c tp=0x38 span=942x832 at(295,1800)
[BIGPRIM] code=0x3a tp=0x40 span=1020x52 at(130,668)
[BIGPRIM] code=0x3a tp=0xa span=1020x770 at(130,-25)
[BIGPRIM] code=0x3c tp=0x38 span=1035x1452 at(940,916)
[BIGPRIM] code=0x3c tp=0x38 span=252x1472 at(1063,1668)
[BIGPRIM] code=0x3c tp=0x38 span=168x1196 at(1069,1436)
[BIGPRIM] code=0x3c tp=0x38 span=1068x1189 at(247,1951)
[BIGPRIM] code=0x3c tp=0x38 span=201x1022 at(1114,1436)
[BIGPRIM] code=0x3c tp=0x38 span=1140x620 at(175,1838)
[BIGPRIM] code=0x3a tp=0x40 span=1020x51 at(130,0)
[BIGPRIM] code=0x3c tp=0x38 span=627x964 at(451,736)
[BIGPRIM] code=0x3c tp=0x38 span=1137x752 at(-548,1070)
[BIGPRIM] code=0x3c tp=0x38 span=1833x762 at(1030,1060)
[BIGPRIM] code=0x3c tp=0x38 span=2037x762 at(-1688,1060)
[BIGPRIM] code=0x3a tp=0xa span=1020x770 at(130,-25)
[BIGPRIM] code=0x3a tp=0x40 span=1020x51 at(130,0)
[BIGPRIM] code=0x3a tp=0x40 span=1020x52 at(130,668)
[XA] Play xaIdx=64 file=2 sector=788 sectors=66 stereo 37800Hz bits=4 filter=(11,4)
[XA] primed ring=20481 frames
[BIGPRIM] code=0x3c tp=0x38 span=1227x309 at(586,1822)
[BIGPRIM] code=0x3c tp=0x38 span=1233x309 at(-644,1822)
[BIGPRIM] code=0x3c tp=0x38 span=393x733 at(406,1089)
[BIGPRIM] code=0x3c tp=0x38 span=1137x752 at(589,1070)
[BIGPRIM] code=0x3c tp=0x38 span=834x752 at(892,1070)
[BIGPRIM] code=0x3c tp=0x38 span=1137x752 at(-548,1070)
[BIGPRIM] code=0x3c tp=0x38 span=1833x762 at(1030,1060)
[BIGPRIM] code=0x3c tp=0x38 span=2037x762 at(-1688,1060)
[BIGPRIM] code=0x3a tp=0xa span=1020x770 at(130,-25)
[BIGPRIM] code=0x3a tp=0x40 span=1020x51 at(130,0)
[BIGPRIM] code=0x3a tp=0x40 span=1020x52 at(130,668)
[BIGPRIM] code=0x3c tp=0x38 span=1227x309 at(586,1822)
[BIGPRIM] code=0x3c tp=0x38 span=1233x309 at(-644,1822)
[BIGPRIM] code=0x3c tp=0x38 span=393x733 at(406,1089)
[BIGPRIM] code=0x3c tp=0x38 span=1137x752 at(589,1070)
[BIGPRIM] code=0x3c tp=0x38 span=834x752 at(892,1070)
[BIGPRIM] code=0x3c tp=0x38 span=1137x752 at(-548,1070)
[BIGPRIM] code=0x3c tp=0x38 span=1833x762 at(1030,1060)
[BIGPRIM] code=0x3c tp=0x38 span=2037x762 at(-1688,1060)
[BIGPRIM] code=0x3a tp=0xa span=1020x770 at(130,-25)
[BIGPRIM] code=0x3a tp=0x40 span=1020x51 at(130,0)
[BIGPRIM] code=0x3a tp=0x40 span=1020x52 at(130,668)
[BIGPRIM] code=0x3c tp=0x38 span=1227x309 at(586,1822)
[BIGPRIM] code=0x3c tp=0x38 span=1233x309 at(-644,1822)
[BIGPRIM] code=0x3c tp=0x38 span=393x733 at(406,1089)
[BIGPRIM] code=0x3c tp=0x38 span=1137x752 at(589,1070)
[BIGPRIM] code=0x3c tp=0x38 span=834x752 at(892,1070)
[BIGPRIM] code=0x3c tp=0x38 span=1137x752 at(-548,1070)
[BIGPRIM] code=0x3c tp=0x38 span=1833x762 at(1030,1060)
[BIGPRIM] code=0x3c tp=0x38 span=2037x762 at(-1688,1060)
[BIGPRIM] code=0x3a tp=0xa span=1020x770 at(130,-25)
[BIGPRIM] code=0x3a tp=0x40 span=1020x51 at(130,0)
[BIGPRIM] code=0x3a tp=0x40 span=1020x52 at(130,668)
[BIGPRIM] code=0x3c tp=0x38 span=1227x309 at(586,1822)
[BIGPRIM] code=0x3c tp=0x38 span=1233x309 at(-644,1822)
[BIGPRIM] code=0x3c tp=0x38 span=393x733 at(406,1089)
[BIGPRIM] code=0x3c tp=0x38 span=1137x752 at(589,1070)
[XA] channel ended early xaIdx=64 (remaining=1/66)
[BIGPRIM] code=0x3c tp=0x38 span=834x752 at(892,1070)
[BIGPRIM] code=0x3c tp=0x38 span=1137x752 at(-548,1070)
[BIGPRIM] code=0x3c tp=0x38 span=1833x762 at(1030,1060)
[BIGPRIM] code=0x3c tp=0x38 span=2037x762 at(-1688,1060)
[BIGPRIM] code=0x3a tp=0xa span=1020x770 at(130,-25)
[BIGPRIM] code=0x3a tp=0x40 span=1020x51 at(130,0)
[BIGPRIM] code=0x3a tp=0x40 span=1020x52 at(130,668)
[XA] finished xaIdx=64 (drained)
[BIGPRIM] code=0x3c tp=0x38 span=1227x309 at(586,1822)
[BIGPRIM] code=0x3c tp=0x38 span=1233x309 at(-644,1822)
[BIGPRIM] code=0x3c tp=0x38 span=393x733 at(406,1089)
[BIGPRIM] code=0x3c tp=0x38 span=1137x752 at(589,1070)
[BIGPRIM] code=0x3c tp=0x38 span=834x752 at(892,1070)
[BIGPRIM] code=0x3c tp=0x38 span=1137x752 at(-548,1070)
[XA] Play xaIdx=67 file=2 sector=1141 sectors=54 stereo 37800Hz bits=4 filter=(12,5)
[XA] primed ring=20481 frames
[BIGPRIM] code=0x3c tp=0x38 span=1833x762 at(1030,1060)
[BIGPRIM] code=0x3c tp=0x38 span=2037x762 at(-1688,1060)
[BIGPRIM] code=0x3a tp=0xa span=1020x770 at(130,-25)
[BIGPRIM] code=0x3a tp=0x40 span=1020x51 at(130,0)
[BIGPRIM] code=0x3a tp=0x40 span=1020x52 at(130,668)
[BIGPRIM] code=0x3c tp=0x38 span=1227x309 at(586,1822)
[BIGPRIM] code=0x3c tp=0x38 span=1233x309 at(-644,1822)
[BIGPRIM] code=0x3c tp=0x38 span=393x733 at(406,1089)
[BIGPRIM] code=0x3c tp=0x38 span=1137x752 at(589,1070)
[BIGPRIM] code=0x3c tp=0x38 span=834x752 at(892,1070)
[BIGPRIM] code=0x3c tp=0x38 span=1137x752 at(-548,1070)
[BIGPRIM] code=0x3c tp=0x38 span=1833x762 at(1030,1060)
[BIGPRIM] code=0x3c tp=0x38 span=2037x762 at(-1688,1060)
[BIGPRIM] code=0x3a tp=0xa span=1020x770 at(130,-25)
[BIGPRIM] code=0x3a tp=0x40 span=1020x51 at(130,0)
[BIGPRIM] code=0x3a tp=0x40 span=1020x52 at(130,668)
[BIGPRIM] code=0x3c tp=0x38 span=1227x309 at(586,1822)
[BIGPRIM] code=0x3c tp=0x38 span=1233x309 at(-644,1822)
[BIGPRIM] code=0x3c tp=0x38 span=393x733 at(406,1089)
[BIGPRIM] code=0x3c tp=0x38 span=1137x752 at(589,1070)
[BIGPRIM] code=0x3c tp=0x38 span=834x752 at(892,1070)
[BIGPRIM] code=0x3c tp=0x38 span=1137x752 at(-548,1070)
[BIGPRIM] code=0x3c tp=0x38 span=1833x762 at(1030,1060)
[BIGPRIM] code=0x3c tp=0x38 span=2037x762 at(-1688,1060)
[BIGPRIM] code=0x3a tp=0xa span=1020x770 at(130,-25)
[BIGPRIM] code=0x3a tp=0x40 span=1020x51 at(130,0)
[BIGPRIM] code=0x3a tp=0x40 span=1020x52 at(130,668)
[BIGPRIM] code=0x3c tp=0x38 span=1227x309 at(586,1822)
[BIGPRIM] code=0x3c tp=0x38 span=1233x309 at(-644,1822)
[XA] channel ended early xaIdx=67 (remaining=1/54)
[BIGPRIM] code=0x3c tp=0x38 span=393x733 at(406,1089)
[BIGPRIM] code=0x3c tp=0x38 span=1137x752 at(589,1070)
[BIGPRIM] code=0x3c tp=0x38 span=834x752 at(892,1070)
[BIGPRIM] code=0x3c tp=0x38 span=1137x752 at(-548,1070)
[BIGPRIM] code=0x3c tp=0x38 span=1833x762 at(1030,1060)
[BIGPRIM] code=0x3c tp=0x38 span=2037x762 at(-1688,1060)
[BIGPRIM] code=0x3a tp=0xa span=1020x770 at(130,-25)
[XA] finished xaIdx=67 (drained)
[BIGPRIM] code=0x3a tp=0x40 span=1020x51 at(130,0)
[BIGPRIM] code=0x3a tp=0x40 span=1020x52 at(130,668)
[BIGPRIM] code=0x3c tp=0x38 span=1227x309 at(586,1822)
[BIGPRIM] code=0x3c tp=0x38 span=1233x309 at(-644,1822)
[BIGPRIM] code=0x3c tp=0x38 span=393x733 at(406,1089)
[BIGPRIM] code=0x3c tp=0x38 span=1137x752 at(589,1070)
[XA] Play xaIdx=63 file=2 sector=614 sectors=66 stereo 37800Hz bits=4 filter=(11,6)
[XA] primed ring=20481 frames
[BIGPRIM] code=0x3c tp=0x38 span=834x752 at(892,1070)
[BIGPRIM] code=0x3c tp=0x38 span=1137x752 at(-548,1070)
[BIGPRIM] code=0x3c tp=0x38 span=1833x762 at(1030,1060)
[BIGPRIM] code=0x3c tp=0x38 span=2037x762 at(-1688,1060)
[BIGPRIM] code=0x3a tp=0xa span=1020x770 at(130,-25)
[BIGPRIM] code=0x3a tp=0x40 span=1020x51 at(130,0)
[BIGPRIM] code=0x3a tp=0x40 span=1020x52 at(130,668)
[BIGPRIM] code=0x3c tp=0x38 span=1227x309 at(586,1822)
[BIGPRIM] code=0x3c tp=0x38 span=1233x309 at(-644,1822)
[BIGPRIM] code=0x3c tp=0x38 span=393x733 at(406,1089)
[BIGPRIM] code=0x3c tp=0x38 span=1137x752 at(589,1070)
[BIGPRIM] code=0x3c tp=0x38 span=834x752 at(892,1070)
[BIGPRIM] code=0x3c tp=0x38 span=1137x752 at(-548,1070)
[BIGPRIM] code=0x3c tp=0x38 span=1833x762 at(1030,1060)
[BIGPRIM] code=0x3c tp=0x38 span=2037x762 at(-1688,1060)
[BIGPRIM] code=0x3a tp=0xa span=1020x770 at(130,-25)
[BIGPRIM] code=0x3a tp=0x40 span=1020x51 at(130,0)
[BIGPRIM] code=0x3a tp=0x40 span=1020x52 at(130,668)
[BIGPRIM] code=0x3c tp=0x38 span=1227x309 at(586,1822)
[BIGPRIM] code=0x3c tp=0x38 span=1233x309 at(-644,1822)
[BIGPRIM] code=0x3c tp=0x38 span=393x733 at(406,1089)
[BIGPRIM] code=0x3c tp=0x38 span=1137x752 at(589,1070)
[BIGPRIM] code=0x3c tp=0x38 span=834x752 at(892,1070)
[BIGPRIM] code=0x3c tp=0x38 span=1137x752 at(-548,1070)
[BIGPRIM] code=0x3c tp=0x38 span=1833x762 at(1030,1060)
[BIGPRIM] code=0x3c tp=0x38 span=2037x762 at(-1688,1060)
[BIGPRIM] code=0x3a tp=0xa span=1020x770 at(130,-25)
[BIGPRIM] code=0x3a tp=0x40 span=1020x51 at(130,0)
[BIGPRIM] code=0x3a tp=0x40 span=1020x52 at(130,668)
[BIGPRIM] code=0x3c tp=0x38 span=1227x309 at(586,1822)
[BIGPRIM] code=0x3c tp=0x38 span=1233x309 at(-644,1822)
[BIGPRIM] code=0x3c tp=0x38 span=393x733 at(406,1089)
[BIGPRIM] code=0x3c tp=0x38 span=1137x752 at(589,1070)
[BIGPRIM] code=0x3c tp=0x38 span=834x752 at(892,1070)
[BIGPRIM] code=0x3c tp=0x38 span=1137x752 at(-548,1070)
[BIGPRIM] code=0x3c tp=0x38 span=1833x762 at(1030,1060)
[XA] channel ended early xaIdx=63 (remaining=1/66)
[BIGPRIM] code=0x3c tp=0x38 span=2037x762 at(-1688,1060)
[BIGPRIM] code=0x3a tp=0xa span=1020x770 at(130,-25)
[BIGPRIM] code=0x3a tp=0x40 span=1020x51 at(130,0)
[BIGPRIM] code=0x3a tp=0x40 span=1020x52 at(130,668)
[BIGPRIM] code=0x3c tp=0x38 span=1227x309 at(586,1822)
[BIGPRIM] code=0x3c tp=0x38 span=1233x309 at(-644,1822)
[BIGPRIM] code=0x3c tp=0x38 span=393x733 at(406,1089)
[XA] finished xaIdx=63 (drained)
[BIGPRIM] code=0x3c tp=0x38 span=1137x752 at(589,1070)
[BIGPRIM] code=0x3c tp=0x38 span=834x752 at(892,1070)
[BIGPRIM] code=0x3c tp=0x38 span=1137x752 at(-548,1070)
[BIGPRIM] code=0x3c tp=0x38 span=1833x762 at(1030,1060)
[BIGPRIM] code=0x3c tp=0x38 span=2037x762 at(-1688,1060)
[BIGPRIM] code=0x3a tp=0xa span=1020x770 at(130,-25)
[BIGPRIM] code=0x3a tp=0x40 span=1020x51 at(130,0)
[XA] Play xaIdx=68 file=2 sector=1155 sectors=51 stereo 37800Hz bits=4 filter=(11,3)
[XA] primed ring=20481 frames
[BIGPRIM] code=0x3a tp=0x40 span=1020x52 at(130,668)
[BIGPRIM] code=0x3c tp=0x38 span=1227x309 at(586,1822)
[BIGPRIM] code=0x3c tp=0x38 span=1233x309 at(-644,1822)
[BIGPRIM] code=0x3c tp=0x38 span=393x733 at(406,1089)
[BIGPRIM] code=0x3c tp=0x38 span=1137x752 at(589,1070)
[BIGPRIM] code=0x3c tp=0x38 span=834x752 at(892,1070)
[BIGPRIM] code=0x3c tp=0x38 span=1137x752 at(-548,1070)
[BIGPRIM] code=0x3c tp=0x38 span=1833x762 at(1030,1060)
[BIGPRIM] code=0x3c tp=0x38 span=2037x762 at(-1688,1060)
[BIGPRIM] code=0x3a tp=0xa span=1020x770 at(130,-25)
[SFX] Sd_PlaySfx: sfxId=1488 (Sfx_Base+208) vol=162
[BIGPRIM] code=0x3a tp=0x40 span=1020x51 at(130,0)
[BIGPRIM] code=0x3a tp=0x40 span=1020x52 at(130,668)
[BIGPRIM] code=0x3c tp=0x38 span=1227x309 at(586,1822)
[BIGPRIM] code=0x3c tp=0x38 span=1233x309 at(-644,1822)
[BIGPRIM] code=0x3c tp=0x38 span=393x733 at(406,1089)
[BIGPRIM] code=0x3c tp=0x38 span=1137x752 at(589,1070)
[BIGPRIM] code=0x3c tp=0x38 span=834x752 at(892,1070)
[BIGPRIM] code=0x3c tp=0x38 span=1137x752 at(-548,1070)
[BIGPRIM] code=0x3c tp=0x38 span=1833x762 at(1030,1060)
[BIGPRIM] code=0x3c tp=0x38 span=2037x762 at(-1688,1060)
[BIGPRIM] code=0x3a tp=0xa span=1020x770 at(130,-25)
[BIGPRIM] code=0x3a tp=0x40 span=1020x51 at(130,0)
[BIGPRIM] code=0x3a tp=0x40 span=1020x52 at(130,668)
[BIGPRIM] code=0x3c tp=0x38 span=1227x309 at(586,1822)
[CHNK] n=16 s0=0,0,st3 s1=0,-3,st0 s2=0,-2,st0 s3=1,-2,st0
[BIGPRIM] code=0x3c tp=0x38 span=1233x309 at(-644,1822)
[BIGPRIM] code=0x3c tp=0x38 span=393x733 at(406,1089)
[BIGPRIM] code=0x3c tp=0x38 span=1137x752 at(589,1070)
[XA] channel ended early xaIdx=68 (remaining=1/51)
[BIGPRIM] code=0x3c tp=0x38 span=834x752 at(892,1070)
[BIGPRIM] code=0x3c tp=0x38 span=1137x752 at(-548,1070)
[BIGPRIM] code=0x3c tp=0x38 span=1833x762 at(1030,1060)
[BIGPRIM] code=0x3c tp=0x38 span=2037x762 at(-1688,1060)
[BIGPRIM] code=0x3a tp=0xa span=1020x770 at(130,-25)
[BIGPRIM] code=0x3a tp=0x40 span=1020x51 at(130,0)
[BIGPRIM] code=0x3a tp=0x40 span=1020x52 at(130,668)
[XA] finished xaIdx=68 (drained)
[BIGPRIM] code=0x3c tp=0x38 span=1227x309 at(586,1822)
[BIGPRIM] code=0x3c tp=0x38 span=1233x309 at(-644,1822)
[BIGPRIM] code=0x3c tp=0x38 span=393x733 at(406,1089)
[BIGPRIM] code=0x3c tp=0x38 span=1137x752 at(589,1070)
[BIGPRIM] code=0x3c tp=0x38 span=834x752 at(892,1070)
[SH-XBOX] vblank 21000
[MEM] tick: free=2540KB (635 pages)
[BIGPRIM] code=0x3c tp=0x38 span=1137x752 at(-548,1070)
[BIGPRIM] code=0x3c tp=0x38 span=1833x762 at(1030,1060)
[XA] Play xaIdx=58 file=2 sector=5 sectors=77 stereo 37800Hz bits=4 filter=(10,5)
[XA] primed ring=20481 frames
[BIGPRIM] code=0x3c tp=0x37 span=465x829 at(244,2793)
[BIGPRIM] code=0x3a tp=0x40 span=1020x51 at(130,0)
[BIGPRIM] code=0x3c tp=0x38 span=546x813 at(70,1176)
[BIGPRIM] code=0x3c tp=0x37 span=360x788 at(-95,1298)
[BIGPRIM] code=0x3c tp=0x37 span=381x1386 at(-83,2262)
[BIGPRIM] code=0x3c tp=0x37 span=480x1488 at(-182,2108)
[BIGPRIM] code=0x3c tp=0x37 span=492x1093 at(-26,1918)
[BIGPRIM] code=0x3c tp=0x37 span=534x817 at(-350,2259)
[BIGPRIM] code=0x3a tp=0x40 span=1020x52 at(130,668)
[BIGPRIM] code=0x3a tp=0xa span=1020x770 at(130,-25)
[BIGPRIM] code=0x3c tp=0x37 span=513x742 at(613,1385)
[BIGPRIM] code=0x3c tp=0x37 span=453x1611 at(13,1918)
[BIGPRIM] code=0x3c tp=0x37 span=639x1305 at(-341,2343)
[BIGPRIM] code=0x3c tp=0x3a span=1767x916 at(112,2732)
[BIGPRIM] code=0x3c tp=0x37 span=792x1113 at(-350,1918)
[BIGPRIM] code=0x3c tp=0x37 span=465x829 at(244,2793)
[BIGPRIM] code=0x3a tp=0x40 span=1020x51 at(130,0)
[BIGPRIM] code=0x3c tp=0x38 span=546x813 at(70,1176)
[BIGPRIM] code=0x3c tp=0x37 span=360x788 at(-95,1298)
[BIGPRIM] code=0x3c tp=0x37 span=381x1386 at(-83,2262)
[BIGPRIM] code=0x3c tp=0x37 span=480x1488 at(-182,2108)
[BIGPRIM] code=0x3c tp=0x37 span=492x1093 at(-26,1918)
[BIGPRIM] code=0x3c tp=0x37 span=534x817 at(-350,2259)
[BIGPRIM] code=0x3a tp=0x40 span=1020x52 at(130,668)
[BIGPRIM] code=0x3a tp=0xa span=1020x770 at(130,-25)
[BIGPRIM] code=0x3c tp=0x37 span=513x742 at(613,1385)
[BIGPRIM] code=0x3c tp=0x37 span=453x1611 at(13,1918)
[BIGPRIM] code=0x3c tp=0x37 span=639x1305 at(-341,2343)
[BIGPRIM] code=0x3c tp=0x3a span=1767x916 at(112,2732)
[BIGPRIM] code=0x3c tp=0x37 span=792x1113 at(-350,1918)
[BIGPRIM] code=0x3c tp=0x37 span=465x829 at(244,2793)
[BIGPRIM] code=0x3a tp=0x40 span=1020x51 at(130,0)
[XA] channel ended early xaIdx=58 (remaining=1/77)
[BIGPRIM] code=0x3c tp=0x38 span=546x813 at(70,1176)
[BIGPRIM] code=0x3c tp=0x37 span=360x788 at(-95,1298)
[BIGPRIM] code=0x3c tp=0x37 span=381x1386 at(-83,2262)
[BIGPRIM] code=0x3c tp=0x37 span=480x1488 at(-182,2108)
[BIGPRIM] code=0x3c tp=0x37 span=492x1093 at(-26,1918)
[XA] finished xaIdx=58 (drained)
[BIGPRIM] code=0x3c tp=0x37 span=534x817 at(-350,2259)
[BIGPRIM] code=0x3a tp=0x40 span=1020x52 at(130,668)
[BIGPRIM] code=0x3a tp=0xa span=1020x770 at(130,-25)
[BIGPRIM] code=0x3c tp=0x37 span=513x742 at(613,1385)
[BIGPRIM] code=0x3c tp=0x37 span=453x1611 at(13,1918)
[BIGPRIM] code=0x3c tp=0x37 span=639x1305 at(-341,2343)
[BIGPRIM] code=0x3c tp=0x3a span=1767x916 at(112,2732)
[BIGPRIM] code=0x3c tp=0x37 span=792x1113 at(-350,1918)
[BIGPRIM] code=0x3c tp=0x37 span=465x829 at(244,2793)
[BIGPRIM] code=0x3a tp=0x40 span=1020x51 at(130,0)
[BIGPRIM] code=0x3c tp=0x38 span=546x813 at(70,1176)
[BIGPRIM] code=0x3c tp=0x37 span=360x788 at(-95,1298)
[BIGPRIM] code=0x3c tp=0x37 span=381x1386 at(-83,2262)
[BIGPRIM] code=0x3c tp=0x37 span=480x1488 at(-182,2108)
[BIGPRIM] code=0x3c tp=0x37 span=492x1093 at(-26,1918)
[BIGPRIM] code=0x3c tp=0x37 span=534x817 at(-350,2259)
[BIGPRIM] code=0x3a tp=0x40 span=1020x52 at(130,668)
[BIGPRIM] code=0x3a tp=0xa span=1020x770 at(130,-25)
[BIGPRIM] code=0x3c tp=0x37 span=513x742 at(613,1385)
[BIGPRIM] code=0x3c tp=0x37 span=453x1611 at(13,1918)
[BIGPRIM] code=0x3c tp=0x37 span=639x1305 at(-341,2343)
[BIGPRIM] code=0x3c tp=0x3a span=1767x916 at(112,2732)
[BIGPRIM] code=0x3c tp=0x37 span=792x1113 at(-350,1918)
[BIGPRIM] code=0x3c tp=0x37 span=465x829 at(244,2793)
[BIGPRIM] code=0x3a tp=0x40 span=1020x51 at(130,0)
[BIGPRIM] code=0x3c tp=0x38 span=546x813 at(70,1176)
[BIGPRIM] code=0x3c tp=0x37 span=360x788 at(-95,1298)
[BIGPRIM] code=0x3c tp=0x37 span=381x1386 at(-83,2262)
[BIGPRIM] code=0x3a tp=0x40 span=1020x52 at(130,668)
[BIGPRIM] code=0x3c tp=0x38 span=1737x704 at(-50,1266)
[BIGPRIM] code=0x3a tp=0x40 span=1020x51 at(130,0)
[BIGPRIM] code=0x3c tp=0x38 span=774x778 at(-38,1134)
[BIGPRIM] code=0x3a tp=0xa span=1020x770 at(130,-25)
[BIGPRIM] code=0x3c tp=0x38 span=1746x148 at(847,1893)
[BIGPRIM] code=0x3c tp=0x38 span=1035x981 at(730,912)
[XA] Play xaIdx=74 file=2 sector=1623 sectors=38 stereo 37800Hz bits=4 filter=(13,7)
[XA] primed ring=20481 frames
[BIGPRIM] code=0x3c tp=0x38 span=1767x148 at(-920,1899)
[BIGPRIM] code=0x3c tp=0x38 span=1137x823 at(-401,838)
[BIGPRIM] code=0x3a tp=0x40 span=1020x52 at(130,668)
[BIGPRIM] code=0x3c tp=0x38 span=1737x704 at(-50,1266)
[BIGPRIM] code=0x3a tp=0x40 span=1020x51 at(130,0)
[BIGPRIM] code=0x3c tp=0x38 span=774x778 at(-38,1134)
[BIGPRIM] code=0x3a tp=0xa span=1020x770 at(130,-25)
[BIGPRIM] code=0x3c tp=0x38 span=1746x148 at(847,1893)
[BIGPRIM] code=0x3c tp=0x38 span=1035x981 at(730,912)
[XA] channel ended early xaIdx=74 (remaining=1/38)
[BIGPRIM] code=0x3c tp=0x38 span=1767x148 at(-920,1899)
[BIGPRIM] code=0x3c tp=0x38 span=1137x823 at(-401,838)
[XA] finished xaIdx=74 (drained)
[BIGPRIM] code=0x3a tp=0x40 span=1020x52 at(130,668)
[BIGPRIM] code=0x3c tp=0x38 span=1737x704 at(-50,1266)
[BIGPRIM] code=0x3a tp=0x40 span=1020x51 at(130,0)
[BIGPRIM] code=0x3c tp=0x38 span=774x778 at(-38,1134)
[BIGPRIM] code=0x3a tp=0xa span=1020x770 at(130,-25)
[BIGPRIM] code=0x3c tp=0x38 span=1746x148 at(847,1893)
[BIGPRIM] code=0x3c tp=0x38 span=1035x981 at(730,912)
[BIGPRIM] code=0x3c tp=0x38 span=1767x148 at(-920,1899)
[BIGPRIM] code=0x3c tp=0x38 span=1137x823 at(-401,838)
[BIGPRIM] code=0x3a tp=0x40 span=1020x52 at(130,668)
[BIGPRIM] code=0x3c tp=0x38 span=1737x704 at(-50,1266)
[BIGPRIM] code=0x3a tp=0x40 span=1020x51 at(130,0)
[BIGPRIM] code=0x3c tp=0x38 span=774x778 at(-38,1134)
[BIGPRIM] code=0x3a tp=0xa span=1020x770 at(130,-25)
[BIGPRIM] code=0x3c tp=0x38 span=1746x148 at(847,1893)
[BIGPRIM] code=0x3c tp=0x38 span=1035x981 at(730,912)
[BIGPRIM] code=0x3c tp=0x38 span=1767x148 at(-920,1899)
[BIGPRIM] code=0x3c tp=0x38 span=1137x823 at(-401,838)
[BIGPRIM] code=0x3a tp=0x40 span=1020x52 at(130,668)
[BIGPRIM] code=0x3c tp=0x38 span=1737x704 at(-50,1266)
[BIGPRIM] code=0x3a tp=0x40 span=1020x51 at(130,0)
[BIGPRIM] code=0x3c tp=0x38 span=774x778 at(-38,1134)
[BIGPRIM] code=0x3a tp=0xa span=1020x770 at(130,-25)
[BIGPRIM] code=0x3c tp=0x38 span=1746x148 at(847,1893)
[BIGPRIM] code=0x3c tp=0x38 span=1035x981 at(730,912)
[BIGPRIM] code=0x3c tp=0x38 span=1767x148 at(-920,1899)
[BIGPRIM] code=0x3c tp=0x38 span=1137x823 at(-401,838)
[BIGPRIM] code=0x3a tp=0x40 span=1020x52 at(130,668)
[BIGPRIM] code=0x3c tp=0x38 span=1737x704 at(-50,1266)
[BIGPRIM] code=0x3a tp=0x40 span=1020x51 at(130,0)
[BIGPRIM] code=0x3c tp=0x38 span=774x778 at(-38,1134)
[BIGPRIM] code=0x3a tp=0xa span=1020x770 at(130,-25)
[BIGPRIM] code=0x3c tp=0x38 span=1746x148 at(847,1893)
[BIGPRIM] code=0x3c tp=0x38 span=1035x981 at(730,912)
[BIGPRIM] code=0x3c tp=0x38 span=1767x148 at(-920,1899)
[BIGPRIM] code=0x3c tp=0x38 span=1137x823 at(-401,838)
[BIGPRIM] code=0x3a tp=0x40 span=1020x52 at(130,668)
[BIGPRIM] code=0x3c tp=0x38 span=1737x704 at(-50,1266)
[BIGPRIM] code=0x3a tp=0x40 span=1020x51 at(130,0)
[SFX] Sd_PlaySfx: sfxId=1323 (Sfx_Base+43) vol=194
[BIGPRIM] code=0x3c tp=0x38 span=774x778 at(-38,1134)
[BIGPRIM] code=0x3a tp=0xa span=1020x770 at(130,-25)
[BIGPRIM] code=0x3c tp=0x38 span=1746x148 at(847,1893)
[BIGPRIM] code=0x3c tp=0x38 span=1035x981 at(730,912)
[BIGPRIM] code=0x3c tp=0x38 span=1767x148 at(-920,1899)
[BIGPRIM] code=0x3c tp=0x38 span=1137x823 at(-401,838)
[BIGPRIM] code=0x3a tp=0x40 span=1020x52 at(130,668)
[BIGPRIM] code=0x3c tp=0x38 span=1737x704 at(-50,1266)
[BIGPRIM] code=0x3a tp=0x40 span=1020x51 at(130,0)
[BIGPRIM] code=0x3c tp=0x38 span=774x778 at(-38,1134)
[SFX] Sd_PlaySfx: sfxId=1324 (Sfx_Base+44) vol=194
[BIGPRIM] code=0x3a tp=0xa span=1020x770 at(130,-25)
[BIGPRIM] code=0x3c tp=0x38 span=1746x148 at(847,1893)
[BIGPRIM] code=0x3c tp=0x38 span=1035x981 at(730,912)
[BIGPRIM] code=0x3c tp=0x38 span=1767x148 at(-920,1899)
[BIGPRIM] code=0x3c tp=0x38 span=1137x823 at(-401,838)
[BIGPRIM] code=0x3a tp=0x40 span=1020x52 at(130,668)
[BIGPRIM] code=0x3c tp=0x38 span=1737x704 at(-50,1266)
[BIGPRIM] code=0x3a tp=0x40 span=1020x51 at(130,0)
[BIGPRIM] code=0x3c tp=0x38 span=1377x608 at(478,1973)
[BIGPRIM] code=0x3c tp=0x38 span=1383x714 at(484,1828)
[BIGPRIM] code=0x3a tp=0xa span=1020x770 at(130,-25)
[BIGPRIM] code=0x3c tp=0x38 span=1392x354 at(-890,2362)
[BIGPRIM] code=0x3c tp=0x38 span=762x758 at(-62,810)
[BIGPRIM] code=0x3c tp=0x38 span=1395x392 at(340,2394)
[BIGPRIM] code=0x3c tp=0x38 span=1398x405 at(-896,2311)
[BIGPRIM] code=0x3c tp=0x38 span=1398x405 at(-890,2311)
[BIGPRIM] code=0x3c tp=0x38 span=1398x405 at(-890,2304)
[BIGPRIM] code=0x3c tp=0x38 span=1398x405 at(-890,2304)
[BIGPRIM] code=0x3a tp=0xa span=1020x770 at(130,-25)
[BIGPRIM] code=0x3c tp=0x38 span=1377x1128 at(-728,1253)
[BIGPRIM] code=0x3c tp=0x38 span=1398x405 at(-890,2304)
[BIGPRIM] code=0x3a tp=0xa span=1020x770 at(130,-25)
[BIGPRIM] code=0x3c tp=0x38 span=1377x1128 at(-728,1253)
[BIGPRIM] code=0x3c tp=0x38 span=1398x405 at(-890,2304)
[BIGPRIM] code=0x3a tp=0xa span=1020x770 at(130,-25)
[BIGPRIM] code=0x3c tp=0x38 span=1377x1128 at(-728,1253)
[BIGPRIM] code=0x3c tp=0x38 span=1398x405 at(-890,2304)
[BIGPRIM] code=0x3a tp=0xa span=1020x770 at(130,-25)
[BIGPRIM] code=0x3c tp=0x38 span=1377x1125 at(-728,1250)
[BIGPRIM] code=0x3c tp=0x38 span=1398x405 at(-890,2298)
[BIGPRIM] code=0x3a tp=0xa span=1020x770 at(130,-25)
[BIGPRIM] code=0x3c tp=0x38 span=1377x1125 at(-728,1250)
[BIGPRIM] code=0x3c tp=0x38 span=1398x405 at(-890,2298)
[BIGPRIM] code=0x3a tp=0xa span=1020x770 at(130,-25)
[BIGPRIM] code=0x3c tp=0x38 span=1377x1125 at(-728,1250)
[SYSSTATE] dispatch sysState=14 mapEventData=0
[SH-XBOX] vblank 21600
[MEM] tick: free=2540KB (635 pages)
[BIGPRIM] code=0x3c tp=0x38 span=1398x405 at(-890,2298)
[BIGPRIM] code=0x3a tp=0xa span=1020x770 at(130,-25)
[BIGPRIM] code=0x3c tp=0x38 span=1377x1125 at(-728,1250)
[CHNK] n=16 s0=0,0,st3 s1=0,-3,st0 s2=0,-2,st0 s3=1,-2,st0
[SYSSTATE] dispatch sysState=2 mapEventData=0
[FOGST-GPU] clear=0xff000000
[BIGPRIM] code=0x3c tp=0x38 span=1398x405 at(-890,2298)
[SH-XBOX] GameState -> 19 (step 0)
[BOOT0/TIM] PostLoadTim file=1485 'HEROPIC2.TIM' ss=0x5bb6 img.u=12 img.v=103 tPage=1,31 clutX=224 clutY=13
[BOOT0/TIM] post ReadTIM: prect=0xfab77c caddr=0xfab578 paddr=0xfab784 mode=9
[BOOT0/TIM] pre pixel LoadImage rect=(972,359 52x152)
[BOOT0/TIM] pre CLUT LoadImage rect=(224,13 256x1)
[BOOT0/TIM] PostLoadTim done
[SH-XBOX] GameState -> 14 (step 0)
[ITEMPICK] map-pack link: slot=0 loadableIdx=4 nobj=34 obj=ok
[ITEMPICK] map-pack link: slot=1 loadableIdx=15 nobj=34 obj=ok
[ITEMPICK] map-pack link: slot=2 loadableIdx=16 nobj=34 obj=ok
[ITEMPICK] map-pack link: slot=3 loadableIdx=0 nobj=34 obj=ok
[ITEMPICK] map-pack link: slot=4 loadableIdx=1 nobj=34 obj=ok
[ITEMPICK] map-pack link: slot=5 loadableIdx=2 nobj=34 obj=ok
[ITEMPICK] map-pack link: slot=6 loadableIdx=8 nobj=34 obj=ok
[ITEMPICK] map-pack link: slot=7 loadableIdx=10 nobj=34 obj=ok
[ITEMZ] tagged=423 hit=423 szmin=8993 szmax=13168 otzSpan=1920
[ZETA] wrote=0/6 min=16777215 max=0 fedZ=846995 bbox=229,106..994,464 raw=FFFFFF00 FFFFFF00 FFFFFF00 FFFFFF00 FFFFFF00 FFFFFF00
[BIGPRIM] code=0x28 tp=0x12 span=960x3 at(160,0)
[ITEMZ] tagged=424 hit=424 szmin=9093 szmax=13168 otzSpan=1920
[ZETA] wrote=0/6 min=16777215 max=0 fedZ=843491 bbox=229,96..994,464 raw=FFFFFF00 FFFFFF00 FFFFFF00 FFFFFF00 FFFFFF00 FFFFFF00
[SFX] Sd_PlaySfx: sfxId=1306 (Sfx_Base+26) vol=64
[BIGPRIM] code=0x28 tp=0x12 span=960x3 at(160,0)
[ITEMZ] tagged=428 hit=428 szmin=9062 szmax=13168 otzSpan=1920
[ZETA] wrote=0/6 min=16777215 max=0 fedZ=838860 bbox=229,94..994,464 raw=FFFFFF00 FFFFFF00 FFFFFF00 FFFFFF00 FFFFFF00 FFFFFF00
[SFX] Sd_PlaySfx: sfxId=1306 (Sfx_Base+26) vol=64
[RELOAD_KF] weap=34 blendStart=-1 blendEnd=605 activeEnd=641
[BIGPRIM] code=0x28 tp=0x40 span=960x3 at(160,0)
[SH-XBOX] GameState -> 11 (step 0)
[BIGPRIM] code=0x3c tp=0x38 span=1395x398 at(346,2375)
[BIGPRIM] code=0x3c tp=0x38 span=948x868 at(646,832)
[FOGST-GPU] clear=0xff6c6474
[BIGPRIM] code=0x3a tp=0xa span=1020x770 at(130,-25)
[BIGPRIM] code=0x3a tp=0xa span=1020x770 at(130,-25)
[BIGPRIM] code=0x3c tp=0x38 span=1254x743 at(-662,1613)
[BIGPRIM] code=0x3a tp=0xa span=1020x770 at(130,-25)
[SYSSTATE] dispatch sysState=14 mapEventData=0
[BIGPRIM] code=0x3c tp=0x38 span=1248x823 at(-656,1494)
[BIGPRIM] code=0x3c tp=0x38 span=1029x562 at(997,855)
[BIGPRIM] code=0x3c tp=0x38 span=1293x206 at(586,2285)
[BIGPRIM] code=0x3c tp=0x38 span=1314x685 at(-1139,896)
[BIGPRIM] code=0x3c tp=0x38 span=1260x199 at(-680,2285)
[SH-XBOX] vblank 22200
[MEM] tick: free=2348KB (587 pages)
[BIGPRIM] code=0x3c tp=0x38 span=1350x231 at(-806,2272)
[BIGPRIM] code=0x3c tp=0x38 span=1422x257 at(-986,2317)
[BIGPRIM] code=0x3c tp=0x38 span=1443x270 at(322,2272)
[BIGPRIM] code=0x3c tp=0x38 span=1398x380 at(-758,2066)
[BIGPRIM] code=0x3c tp=0x38 span=1410x263 at(655,2375)
[BIGPRIM] code=0x3c tp=0x38 span=1695x1321 at(-1466,1382)
[BIGPRIM] code=0x3c tp=0x37 span=987x634 at(-785,989)
[BIGPRIM] code=0x3c tp=0x38 span=1392x295 at(1093,3166)
[BIGPRIM] code=0x3c tp=0x37 span=90x855 at(244,1957)
[BIGPRIM] code=0x3a tp=0xa span=1020x770 at(130,-25)
[GP-STATE-TXN] Gameplay -> sysState=7 (param=37)
[SYSSTATE] dispatch sysState=7 mapEventData=0x5b3e50
[BIGPRIM] code=0x3c tp=0x38 span=1263x1434 at(-296,2214)
[BIGPRIM] code=0x3c tp=0x38 span=1263x1376 at(-260,2272)
[BIGPRIM] code=0x3c tp=0x38 span=714x720 at(763,1665)
[BIGPRIM] code=0x3a tp=0xa span=1020x770 at(130,-25)
[BIGPRIM] code=0x3a tp=0xa span=1020x770 at(130,-25)
[BIGPRIM] code=0x3c tp=0x38 span=627x723 at(-467,-1089)
[BIGPRIM] code=0x3a tp=0xa span=1020x770 at(130,-25)
[BIGPRIM] code=0x3c tp=0x38 span=543x800 at(-119,-1195)
[BIGPRIM] code=0x3c tp=0x38 span=1020x1546 at(4,2102)
[BIGPRIM] code=0x3a tp=0xa span=1020x770 at(130,-25)
[BIGPRIM] code=0x3c tp=0x38 span=600x887 at(-188,-1314)
[BIGPRIM] code=0x3c tp=0x38 span=963x1582 at(46,2066)
[BIGPRIM] code=0x3a tp=0xa span=1020x770 at(130,-25)
[BIGPRIM] code=0x3c tp=0x38 span=618x917 at(-209,-1350)
[BIGPRIM] code=0x3c tp=0x38 span=948x1582 at(58,2066)
[BIGPRIM] code=0x3c tp=0x38 span=939x1585 at(37,2063)
[BIGPRIM] code=0x3c tp=0x38 span=1191x1588 at(-923,2060)
[BIGPRIM] code=0x3c tp=0x38 span=396x781 at(418,-1221)
[BIGPRIM] code=0x3c tp=0x38 span=1650x1318 at(1087,2330)
[BIGPRIM] code=0x3c tp=0x38 span=510x871 at(-224,-1333)
[BIGPRIM] code=0x3c tp=0x38 span=474x894 at(370,1002)
[BIGPRIM] code=0x3c tp=0x38 span=1602x84 at(859,3564)
[BIGPRIM] code=0x3c tp=0x38 span=354x938 at(589,-1362)
[BIGPRIM] code=0x3c tp=0x38 span=1104x1305 at(-500,2343)
[BIGPRIM] code=0x3c tp=0x38 span=402x855 at(745,-1211)
[BIGPRIM] code=0x3c tp=0x38 span=402x823 at(757,-1144)
[BIGPRIM] code=0x3c tp=0x38 span=456x762 at(94,877)
[BIGPRIM] code=0x3c tp=0x38 span=519x1064 at(592,989)
[BIGPRIM] code=0x3c tp=0x37 span=495x1128 at(-215,2520)
[BIGPRIM] code=0x3c tp=0x37 span=381x1533 at(85,2115)
[BIGPRIM] code=0x3c tp=0x38 span=510x1112 at(583,1015)
[BIGPRIM] code=0x3c tp=0x38 span=519x1186 at(625,1044)
[BIGPRIM] code=0x3c tp=0x37 span=312x1093 at(1,1774)
[BIGPRIM] code=0x3c tp=0x38 span=267x846 at(670,912)
[BIGPRIM] code=0x3c tp=0x37 span=501x1479 at(124,2169)
[BIGPRIM] code=0x3c tp=0x37 span=864x1296 at(-152,2352)
[BIGPRIM] code=0x3a tp=0xa span=1020x770 at(130,-25)
[BIGPRIM] code=0x3c tp=0x37 span=303x996 at(-41,1729)
[BIGPRIM] code=0x3c tp=0x38 span=546x951 at(-158,983)
[BIGPRIM] code=0x3c tp=0x37 span=1059x370 at(100,3278)
[BIGPRIM] code=0x3c tp=0x37 span=426x1505 at(-89,2143)
[BIGPRIM] code=0x3c tp=0x38 span=711x929 at(895,-1112)
[BIGPRIM] code=0x3c tp=0x38 span=699x907 at(898,-1080)
[BIGPRIM] code=0x3c tp=0x38 span=678x874 at(886,-1044)
[BIGPRIM] code=0x3c tp=0x38 span=651x849 at(871,-1012)
[BIGPRIM] code=0x3c tp=0x37 span=1314x296 at(-794,3352)
[BIGPRIM] code=0x3c tp=0x37 span=1134x582 at(-494,3066)
[BIGPRIM] code=0x3c tp=0x37 span=1239x52 at(-560,3596)
[BIGPRIM] code=0x3c tp=0x38 span=453x936 at(445,1047)
[BIGPRIM] code=0x3c tp=0x38 span=591x794 at(835,-954)
[BIGPRIM] code=0x3c tp=0x38 span=750x1623 at(919,1208)
[BIGPRIM] code=0x3c tp=0x38 span=462x977 at(457,1051)
[BIGPRIM] code=0x3c tp=0x38 span=471x1016 at(457,1060)
[BIGPRIM] code=0x3c tp=0x37 span=1308x151 at(-764,3497)
[GP-STATE-TXN] Gameplay -> sysState=10 (param=2)
[SYSSTATE] dispatch sysState=10 mapEventData=0x5b3e14
[ITEMPICK] unique-item link: id=0x41 nobj=1 obj=ok
[ITEMPICK] unique-item link: id=0x41 nobj=1 obj=ok
[ITEMPICK] draw SKIPPED: slot=9 reason=scale 0 (arg2=2)
[ITEMZ] tagged=34 hit=34 szmin=1823 szmax=1904 otzSpan=1920
[ZETA] wrote=0/6 min=16777215 max=0 fedZ=838860 bbox=631,356..646,395 raw=FFFFFF00 FFFFFF00 FFFFFF00 FFFFFF00 FFFFFF00 FFFFFF00
[ITEMZ] tagged=54 hit=54 szmin=1692 szmax=2012 otzSpan=1920
[ZETA] wrote=0/6 min=16777215 max=0 fedZ=1193988 bbox=550,286..727,466 raw=FFFFFF00 FFFFFF00 FFFFFF00 FFFFFF00 FFFFFF00 FFFFFF00
[RA] http POST http://retroachievements.org/dorequest.php
[NET] POST retroachievements.org -> 200 (16 bytes)
[RA] http -> status=200 bodyLen=16 body='{"Success":true}'
[ITEMZ] tagged=57 hit=57 szmin=1623 szmax=1914 otzSpan=1920
[ZETA] wrote=0/6 min=16777215 max=0 fedZ=838860 bbox=589,276..688,456 raw=FFFFFF00 FFFFFF00 FFFFFF00 FFFFFF00 FFFFFF00 FFFFFF00
[ITEMZ] tagged=57 hit=57 szmin=1763 szmax=1868 otzSpan=1920
[ZETA] wrote=0/6 min=16777215 max=0 fedZ=1366815 bbox=538,282..730,462 raw=FFFFFF00 FFFFFF00 FFFFFF00 FFFFFF00 FFFFFF00 FFFFFF00
[SFX] Sd_PlaySfx: sfxId=1307 (Sfx_Base+27) vol=64
[BIGPRIM] code=0x3a tp=0xa span=1020x770 at(130,-25)
[BIGPRIM] code=0x3c tp=0x38 span=585x1042 at(-371,1044)
[BIGPRIM] code=0x3c tp=0x38 span=750x900 at(952,-1041)
[BIGPRIM] code=0x3c tp=0x38 span=501x1128 at(463,1089)
[BIGPRIM] code=0x3c tp=0x38 span=576x1038 at(-359,1041)
[BIGPRIM] code=0x3c tp=0x38 span=513x816 at(976,935)
[BIGPRIM] code=0x3a tp=0xa span=1020x770 at(130,-25)
[BIGPRIM] code=0x3c tp=0x37 span=1290x187 at(-830,3461)
[BIGPRIM] code=0x3c tp=0x38 span=1341x1485 at(460,2163)
[BIGPRIM] code=0x3c tp=0x37 span=1044x13 at(-692,3635)
[BIGPRIM] code=0x3c tp=0x38 span=123x948 at(871,1366)
[BIGPRIM] code=0x3c tp=0x37 span=1164x135 at(-722,3513)
[BIGPRIM] code=0x3c tp=0x38 span=966x1058 at(1057,-1205)
[BIGPRIM] code=0x3c tp=0x37 span=1227x521 at(-911,3127)
[BIGPRIM] code=0x3c tp=0x38 span=528x1224 at(472,1099)
[BIGPRIM] code=0x3c tp=0x38 span=1581x1424 at(316,2224)
[BIGPRIM] code=0x3c tp=0x37 span=1104x662 at(-830,2986)
[BIGPRIM] code=0x3c tp=0x38 span=456x807 at(-179,928)
[BIGPRIM] code=0x3c tp=0x38 span=1158x1228 at(1099,-1398)
[BIGPRIM] code=0x3c tp=0x37 span=423x1257 at(-53,2391)
[BIGPRIM] code=0x3a tp=0xa span=1020x770 at(130,-25)
[BIGPRIM] code=0x3c tp=0x37 span=774x1321 at(-365,2327)
[BIGPRIM] code=0x3c tp=0x38 span=1170x1328 at(1057,-1575)
[BIGPRIM] code=0x3c tp=0x37 span=1083x20 at(550,3628)
[BIGPRIM] code=0x3a tp=0xa span=1020x770 at(130,-25)
[BIGPRIM] code=0x3c tp=0x38 span=633x939 at(781,-1205)
[BIGPRIM] code=0x3c tp=0x38 span=468x755 at(661,-973)
[BIGPRIM] code=0x3c tp=0x37 span=1122x77 at(811,3571)
[BIGPRIM] code=0x3c tp=0x38 span=1623x212 at(190,3436)
[BIGPRIM] code=0x3c tp=0x37 span=744x1337 at(949,1186)
[BIGPRIM] code=0x3c tp=0x38 span=1683x646 at(-92,3002)
[BIGPRIM] code=0x3c tp=0x38 span=567x1208 at(505,1128)
[BIGPRIM] code=0x3a tp=0xa span=1020x770 at(130,-25)
[BIGPRIM] code=0x3c tp=0x37 span=258x1061 at(448,2587)
[BIGPRIM] code=0x3a tp=0xa span=1020x770 at(130,-25)
[BIGPRIM] code=0x3c tp=0x37 span=798x884 at(238,2764)
[BIGPRIM] code=0x3c tp=0x37 span=801x1598 at(-2,2050)
[BIGPRIM] code=0x3c tp=0x38 span=1167x1357 at(280,2291)
[BIGPRIM] code=0x3c tp=0x38 span=387x810 at(1018,1022)
[BIGPRIM] code=0x3c tp=0x38 span=468x1369 at(778,1253)
[BIGPRIM] code=0x3c tp=0x37 span=549x1431 at(31,1465)
[BIGPRIM] code=0x3c tp=0x37 span=198x720 at(574,999)
[BIGPRIM] code=0x3c tp=0x37 span=231x826 at(676,1131)
[BIGPRIM] code=0x3c tp=0x38 span=612x891 at(-407,1002)
[BIGPRIM] code=0x3c tp=0x37 span=297x1083 at(646,1041)
[BIGPRIM] code=0x3c tp=0x37 span=273x746 at(544,1047)
[BIGPRIM] code=0x3c tp=0x37 span=273x749 at(568,1057)
[BIGPRIM] code=0x3c tp=0x37 span=279x762 at(589,1070)
[BIGPRIM] code=0x3c tp=0x38 span=405x730 at(388,941)
[BIGPRIM] code=0x3c tp=0x37 span=276x1411 at(709,2237)
[BIGPRIM] code=0x3c tp=0x37 span=708x787 at(-389,1170)
[BIGPRIM] code=0x3c tp=0x37 span=618x1566 at(148,2082)
[BIGPRIM] code=0x3c tp=0x37 span=471x874 at(-89,1269)
[BIGPRIM] code=0x3c tp=0x38 span=1527x727 at(382,2921)
[BIGPRIM] code=0x3c tp=0x37 span=516x765 at(-158,1513)
[BIGPRIM] code=0x3c tp=0x38 span=507x974 at(-245,996)
[BIGPRIM] code=0x3c tp=0x37 span=297x990 at(1009,1321)
[BIGPRIM] code=0x3a tp=0xa span=1020x770 at(130,-25)
[BIGPRIM] code=0x3c tp=0x37 span=1143x685 at(-884,2963)
[BIGPRIM] code=0x3c tp=0x38 span=537x1196 at(478,1198)
[BIGPRIM] code=0x3c tp=0x38 span=615x1601 at(391,1362)
[BIGPRIM] code=0x3c tp=0x37 span=501x813 at(937,2031)
[BIGPRIM] code=0x3c tp=0x38 span=639x800 at(-392,1038)
[BIGPRIM] code=0x3a tp=0xa span=1020x770 at(130,-25)
[BIGPRIM] code=0x3c tp=0x38 span=939x1209 at(1108,1806)
[BIGPRIM] code=0x3c tp=0x38 span=699x848 at(1063,1067)
[BIGPRIM] code=0x3a tp=0xa span=1020x770 at(130,-25)
[BIGPRIM] code=0x3c tp=0x37 span=1107x219 at(904,3429)
[BIGPRIM] code=0x3c tp=0x38 span=447x916 at(382,1015)
[BIGPRIM] code=0x3c tp=0x37 span=522x1009 at(571,1620)
[BIGPRIM] code=0x3c tp=0x37 span=594x1019 at(106,1867)
[BIGPRIM] code=0x3c tp=0x38 span=600x1559 at(214,1231)
[BIGPRIM] code=0x3c tp=0x38 span=501x923 at(571,941)
[BIGPRIM] code=0x3c tp=0x37 span=414x1511 at(508,1828)
[BIGPRIM] code=0x3c tp=0x38 span=498x967 at(103,993)
[BIGPRIM] code=0x3c tp=0x38 span=516x1035 at(580,989)
[BIGPRIM] code=0x3c tp=0x37 span=363x1630 at(634,2018)
[BIGPRIM] code=0x3c tp=0x38 span=1287x1003 at(1099,2645)
[BIGPRIM] code=0x3c tp=0x37 span=291x887 at(10,-2931)
[BIGPRIM] code=0x3c tp=0x38 span=519x739 at(-146,1359)
[BIGPRIM] code=0x3c tp=0x38 span=441x723 at(1063,1285)
[BIGPRIM] code=0x3c tp=0x38 span=90x1141 at(619,-2098)
[BIGPRIM] code=0x3c tp=0x37 span=459x890 at(31,-2931)
[BIGPRIM] code=0x3c tp=0x38 span=111x887 at(403,-2931)
[BIGPRIM] code=0x3c tp=0x38 span=183x887 at(445,-2931)
[BIGPRIM] code=0x3c tp=0x38 span=246x964 at(238,-2053)
[BIGPRIM] code=0x3c tp=0x38 span=108x887 at(619,-2931)
[BIGPRIM] code=0x3c tp=0x38 span=144x845 at(265,-2050)
[BIGPRIM] code=0x3c tp=0x38 span=525x890 at(1000,-2931)
[BIGPRIM] code=0x3c tp=0x38 span=396x894 at(757,-2931)
[BIGPRIM] code=0x3c tp=0x38 span=108x894 at(697,-2931)
[BIGPRIM] code=0x3c tp=0x37 span=255x749 at(277,-2044)
[BIGPRIM] code=0x3a tp=0xa span=1020x770 at(130,-25)
[BIGPRIM] code=0x3c tp=0x38 span=729x855 at(-446,-2931)
[BIGPRIM] code=0x3c tp=0x38 span=408x868 at(142,-2931)
[BIGPRIM] code=0x3c tp=0x38 span=327x874 at(472,-2931)
[BIGPRIM] code=0x3c tp=0x38 span=615x1122 at(994,2526)
[BIGPRIM] code=0x3c tp=0x38 span=579x1273 at(469,2304)
[BIGPRIM] code=0x3c tp=0x38 span=564x1366 at(-98,-2082)
[BIGPRIM] code=0x3c tp=0x38 span=1047x1598 at(-776,-2076)
[BIGPRIM] code=0x3c tp=0x38 span=609x1142 at(4,2098)
[BIGPRIM] code=0x3c tp=0x38 span=711x884 at(-302,-2931)
[BIGPRIM] code=0x3c tp=0x38 span=633x1064 at(-413,1886)
[BIGPRIM] code=0x3c tp=0x37 span=111x1296 at(460,-2118)
[BIGPRIM] code=0x3c tp=0x38 span=267x1424 at(277,-2127)
[BIGPRIM] code=0x3c tp=0x38 span=375x881 at(-71,-2931)
[BIGPRIM] code=0x3c tp=0x38 span=498x968 at(1048,1809)
[BIGPRIM] code=0x3c tp=0x38 span=117x948 at(508,-1873)
[BIGPRIM] code=0x3c tp=0x38 span=471x878 at(613,1648)
[BIGPRIM] code=0x3c tp=0x37 span=30x952 at(619,-1951)
[BIGPRIM] code=0x3c tp=0x38 span=492x803 at(220,1501)
[BIGPRIM] code=0x3c tp=0x37 span=291x887 at(10,-2931)
[BIGPRIM] code=0x3c tp=0x38 span=519x739 at(-146,1359)
[BIGPRIM] code=0x3c tp=0x38 span=441x723 at(1063,1285)
[SH-XBOX] vblank 22800
[MEM] tick: free=2348KB (587 pages)
[BIGPRIM] code=0x3c tp=0x38 span=90x1141 at(619,-2098)
[BIGPRIM] code=0x3c tp=0x37 span=459x890 at(31,-2931)
[BIGPRIM] code=0x3c tp=0x38 span=111x887 at(403,-2931)
[BIGPRIM] code=0x3c tp=0x38 span=183x887 at(445,-2931)
[BIGPRIM] code=0x3c tp=0x38 span=246x964 at(238,-2053)
[BIGPRIM] code=0x3c tp=0x38 span=108x887 at(619,-2931)
[BIGPRIM] code=0x3c tp=0x38 span=144x845 at(265,-2050)
[BIGPRIM] code=0x3c tp=0x38 span=525x890 at(1000,-2931)
[BIGPRIM] code=0x3c tp=0x38 span=396x894 at(757,-2931)
[BIGPRIM] code=0x3c tp=0x38 span=108x894 at(697,-2931)
[BIGPRIM] code=0x3c tp=0x37 span=255x749 at(277,-2044)
[BIGPRIM] code=0x3a tp=0xa span=1020x770 at(130,-25)
[BIGPRIM] code=0x3c tp=0x38 span=729x855 at(-446,-2931)
[BIGPRIM] code=0x3c tp=0x38 span=408x868 at(142,-2931)
[GP-STATE-TXN] Gameplay -> sysState=10 (param=4)
[BIGPRIM] code=0x3c tp=0x38 span=327x874 at(472,-2931)
[ITEMPICK] unique-item link: id=0x41 nobj=1 obj=ok
[ITEMPICK] unique-item link: id=0x41 nobj=1 obj=ok
[BIGPRIM] code=0x3c tp=0x38 span=615x1122 at(994,2526)
[ITEMPICK] draw SKIPPED: slot=9 reason=scale 0 (arg2=2)
[ITEMZ] tagged=40 hit=40 szmin=1655 szmax=1998 otzSpan=1920
[ZETA] wrote=0/6 min=16777215 max=0 fedZ=838860 bbox=550,273..754,520 raw=FFFFFF00 FFFFFF00 FFFFFF00 FFFFFF00 FFFFFF00 FFFFFF00
[ITEMZ] tagged=43 hit=43 szmin=1549 szmax=1915 otzSpan=1920
[ZETA] wrote=0/6 min=16777215 max=0 fedZ=838860 bbox=556,289..751,511 raw=FFFFFF00 FFFFFF00 FFFFFF00 FFFFFF00 FFFFFF00 FFFFFF00
[ITEMZ] tagged=39 hit=39 szmin=1589 szmax=1956 otzSpan=1920
[ZETA] wrote=0/6 min=16777215 max=0 fedZ=859404 bbox=481,289..730,488 raw=FFFFFF00 FFFFFF00 FFFFFF00 FFFFFF00 FFFFFF00 FFFFFF00
[ITEMZ] tagged=34 hit=34 szmin=1667 szmax=1998 otzSpan=1920
[ZETA] wrote=0/6 min=16777215 max=0 fedZ=838860 bbox=484,273..724,504 raw=FFFFFF00 FFFFFF00 FFFFFF00 FFFFFF00 FFFFFF00 FFFFFF00
[SFX] Sd_PlaySfx: sfxId=1306 (Sfx_Base+26) vol=64
[BIGPRIM] code=0x3c tp=0x38 span=579x1273 at(469,2304)
[BIGPRIM] code=0x3c tp=0x38 span=564x1366 at(-98,-2082)
[BIGPRIM] code=0x3c tp=0x38 span=1047x1598 at(-776,-2076)
[BIGPRIM] code=0x3c tp=0x38 span=609x1142 at(4,2098)
[BIGPRIM] code=0x3c tp=0x38 span=711x884 at(-302,-2931)
[BIGPRIM] code=0x3c tp=0x38 span=633x1064 at(-413,1886)
[BIGPRIM] code=0x3c tp=0x37 span=111x1296 at(460,-2118)
[BIGPRIM] code=0x3c tp=0x38 span=267x1424 at(277,-2127)
[BIGPRIM] code=0x3c tp=0x38 span=375x881 at(-71,-2931)
[BIGPRIM] code=0x3c tp=0x38 span=498x968 at(1048,1809)
[BIGPRIM] code=0x3c tp=0x38 span=117x948 at(508,-1873)
[BIGPRIM] code=0x3c tp=0x38 span=471x878 at(613,1648)
[BIGPRIM] code=0x3c tp=0x37 span=30x952 at(619,-1951)
[BIGPRIM] code=0x3c tp=0x38 span=492x803 at(220,1501)
[BIGPRIM] code=0x3c tp=0x37 span=291x887 at(10,-2931)
[BIGPRIM] code=0x3c tp=0x38 span=519x739 at(-146,1359)
[BIGPRIM] code=0x3c tp=0x38 span=441x723 at(1063,1285)
[BIGPRIM] code=0x3c tp=0x38 span=90x1141 at(619,-2098)
[BIGPRIM] code=0x3c tp=0x37 span=459x890 at(31,-2931)
[BIGPRIM] code=0x3c tp=0x38 span=111x887 at(403,-2931)
[BIGPRIM] code=0x3c tp=0x38 span=183x887 at(445,-2931)
[BIGPRIM] code=0x3c tp=0x38 span=246x964 at(238,-2053)
[BIGPRIM] code=0x3c tp=0x38 span=108x887 at(619,-2931)
[BIGPRIM] code=0x3c tp=0x38 span=144x845 at(265,-2050)
[BIGPRIM] code=0x3c tp=0x38 span=525x890 at(1000,-2931)
[BIGPRIM] code=0x3c tp=0x38 span=396x894 at(757,-2931)
[BIGPRIM] code=0x3c tp=0x38 span=108x894 at(697,-2931)
[BIGPRIM] code=0x3c tp=0x37 span=255x749 at(277,-2044)
[BIGPRIM] code=0x3a tp=0xa span=1020x770 at(130,-25)
[BIGPRIM] code=0x3c tp=0x38 span=729x855 at(-446,-2931)
[BIGPRIM] code=0x3c tp=0x38 span=408x868 at(142,-2931)
[CHNK] n=16 s0=0,0,st3 s1=0,-3,st0 s2=0,-2,st0 s3=1,-2,st0
[BIGPRIM] code=0x3c tp=0x38 span=327x874 at(472,-2931)
[BIGPRIM] code=0x3c tp=0x38 span=615x1122 at(994,2526)
[BIGPRIM] code=0x3c tp=0x38 span=579x1273 at(469,2304)
[BIGPRIM] code=0x3c tp=0x38 span=564x1366 at(-98,-2082)
[BIGPRIM] code=0x3c tp=0x38 span=1047x1598 at(-776,-2076)
[BIGPRIM] code=0x3c tp=0x38 span=609x1142 at(4,2098)
[BIGPRIM] code=0x3c tp=0x38 span=711x884 at(-302,-2931)
[BIGPRIM] code=0x3c tp=0x38 span=633x1064 at(-413,1886)
[BIGPRIM] code=0x3c tp=0x37 span=111x1296 at(460,-2118)
[BIGPRIM] code=0x3c tp=0x38 span=267x1424 at(277,-2127)
[BIGPRIM] code=0x3c tp=0x38 span=375x881 at(-71,-2931)
[BIGPRIM] code=0x3c tp=0x38 span=498x968 at(1048,1809)
[BIGPRIM] code=0x3c tp=0x38 span=117x948 at(508,-1873)
[BIGPRIM] code=0x3c tp=0x38 span=471x878 at(613,1648)
[BIGPRIM] code=0x3c tp=0x37 span=30x952 at(619,-1951)
[BIGPRIM] code=0x3c tp=0x38 span=492x803 at(220,1501)
[BIGPRIM] code=0x3c tp=0x37 span=291x887 at(10,-2931)
[BIGPRIM] code=0x3c tp=0x38 span=519x739 at(-146,1359)
[BIGPRIM] code=0x3c tp=0x38 span=441x723 at(1063,1285)
[BIGPRIM] code=0x3c tp=0x38 span=90x1141 at(619,-2098)
[BIGPRIM] code=0x3c tp=0x37 span=459x890 at(31,-2931)
[BIGPRIM] code=0x3c tp=0x38 span=111x887 at(403,-2931)
[BIGPRIM] code=0x3c tp=0x38 span=183x887 at(445,-2931)
[BIGPRIM] code=0x3c tp=0x38 span=246x964 at(238,-2053)
[BIGPRIM] code=0x3c tp=0x38 span=108x887 at(619,-2931)
[BIGPRIM] code=0x3c tp=0x38 span=144x845 at(265,-2050)
[BIGPRIM] code=0x3c tp=0x38 span=525x890 at(1000,-2931)
[BIGPRIM] code=0x3c tp=0x38 span=396x894 at(757,-2931)
[BIGPRIM] code=0x3c tp=0x38 span=108x894 at(697,-2931)
[BIGPRIM] code=0x3c tp=0x37 span=255x749 at(277,-2044)
[BIGPRIM] code=0x3a tp=0xa span=1020x770 at(130,-25)
[BIGPRIM] code=0x3c tp=0x38 span=729x855 at(-446,-2931)
[BIGPRIM] code=0x3c tp=0x38 span=408x868 at(142,-2931)
[BIGPRIM] code=0x3c tp=0x38 span=327x874 at(472,-2931)
[BIGPRIM] code=0x3c tp=0x37 span=156x745 at(166,1170)
[BIGPRIM] code=0x3c tp=0x38 span=87x984 at(943,1266)
[BIGPRIM] code=0x3a tp=0xa span=1020x770 at(130,-25)
[BIGPRIM] code=0x3c tp=0x38 span=519x765 at(934,1031)
[BIGPRIM] code=0x3c tp=0x38 span=1785x756 at(-1586,2892)
[BIGPRIM] code=0x3a tp=0xa span=1020x770 at(130,-25)
[BIGPRIM] code=0x3c tp=0x38 span=480x778 at(163,909)
[BIGPRIM] code=0x3c tp=0x38 span=1443x1190 at(328,2458)
[BIGPRIM] code=0x3a tp=0xa span=1020x770 at(130,-25)
[BIGPRIM] code=0x3c tp=0x37 span=915x894 at(-704,1137)
[BIGPRIM] code=0x3a tp=0xa span=1020x770 at(130,-25)
[BIGPRIM] code=0x3c tp=0x38 span=636x1096 at(1018,1491)
[BIGPRIM] code=0x3c tp=0x38 span=525x755 at(781,922)
[BIGPRIM] code=0x3c tp=0x38 span=1200x1344 at(-716,2304)
[BIGPRIM] code=0x3c tp=0x38 span=1251x630 at(10,3018)
[BIGPRIM] code=0x3c tp=0x38 span=855x1563 at(-350,1317)
[BIGPRIM] code=0x3c tp=0x38 span=630x881 at(196,1192)
[BIGPRIM] code=0x3a tp=0xa span=1020x770 at(130,-25)
[BIGPRIM] code=0x3c tp=0x38 span=909x791 at(-578,1015)
[BIGPRIM] code=0x3a tp=0xa span=1020x770 at(130,-25)
[BIGPRIM] code=0x3c tp=0x38 span=1275x1225 at(-548,1285)
[BIGPRIM] code=0x3c tp=0x38 span=1026x576 at(529,3072)
[BIGPRIM] code=0x3c tp=0x38 span=438x913 at(811,1375)
[BIGPRIM] code=0x3c tp=0x37 span=291x845 at(277,1832)
[BIGPRIM] code=0x3c tp=0x38 span=1026x511 at(529,3137)
[BIGPRIM] code=0x3c tp=0x38 span=438x913 at(811,1375)
[BIGPRIM] code=0x3c tp=0x37 span=291x845 at(277,1832)
[BIGPRIM] code=0x3c tp=0x38 span=1026x511 at(529,3137)
[BIGPRIM] code=0x3c tp=0x38 span=438x913 at(811,1375)
[BIGPRIM] code=0x3c tp=0x37 span=291x845 at(277,1832)
[BIGPRIM] code=0x3c tp=0x38 span=1026x511 at(529,3137)
[BIGPRIM] code=0x3c tp=0x38 span=438x913 at(811,1375)
[BIGPRIM] code=0x3c tp=0x37 span=291x845 at(277,1832)
[BIGPRIM] code=0x3c tp=0x38 span=1026x511 at(529,3137)
[BIGPRIM] code=0x3c tp=0x38 span=438x913 at(811,1375)
[BIGPRIM] code=0x3c tp=0x37 span=291x845 at(277,1832)
[BIGPRIM] code=0x3c tp=0x38 span=1026x511 at(529,3137)
[WALLANIM] pathB kf=33 travel=379 intended=464 runStepSfx=9 spdProp=14336 pos=(79881,56491)
[BIGPRIM] code=0x3c tp=0x38 span=438x913 at(811,1375)
[BIGPRIM] code=0x3c tp=0x37 span=291x845 at(277,1832)
[BIGPRIM] code=0x3c tp=0x38 span=1026x511 at(529,3137)
[BIGPRIM] code=0x3c tp=0x38 span=438x913 at(811,1375)
[BIGPRIM] code=0x3c tp=0x37 span=291x845 at(277,1832)
[BIGPRIM] code=0x3c tp=0x38 span=1026x511 at(529,3137)
[BIGPRIM] code=0x3c tp=0x38 span=438x913 at(811,1375)
[BIGPRIM] code=0x3c tp=0x37 span=291x845 at(277,1832)
[BIGPRIM] code=0x3c tp=0x38 span=1026x511 at(529,3137)
[BIGPRIM] code=0x3c tp=0x38 span=438x913 at(811,1375)
[BIGPRIM] code=0x3c tp=0x37 span=291x845 at(277,1832)
[BIGPRIM] code=0x3c tp=0x38 span=1026x511 at(529,3137)
[BIGPRIM] code=0x3c tp=0x38 span=438x913 at(811,1375)
[BIGPRIM] code=0x3c tp=0x37 span=291x845 at(277,1832)
[BIGPRIM] code=0x3c tp=0x38 span=1026x511 at(529,3137)
[BIGPRIM] code=0x3c tp=0x38 span=438x913 at(811,1375)
[BIGPRIM] code=0x3c tp=0x37 span=291x845 at(277,1832)
[BIGPRIM] code=0x3c tp=0x38 span=1026x511 at(529,3137)
[BIGPRIM] code=0x3c tp=0x38 span=438x913 at(811,1375)
[GP-STATE-TXN] Gameplay -> sysState=9 (param=7)
[BIGPRIM] code=0x3c tp=0x37 span=291x845 at(277,1832)
[SYSSTATE] dispatch sysState=9 mapEventData=0x5b3e74
[BIGPRIM] code=0x3c tp=0x38 span=1026x576 at(529,3072)
[BOOT0/TIM] PostLoadTim file=1939 'SAVELOAD.TIM' ss=0x8ced img.u=0 img.v=16 tPage=1,5 clutX=224 clutY=14
[BOOT0/TIM] post ReadTIM: prect=0xfab77c caddr=0xfab578 paddr=0xfab784 mode=9
[BOOT0/TIM] pre pixel LoadImage rect=(320,16 160x240)
[BOOT0/TIM] pre CLUT LoadImage rect=(224,14 256x1)
[BOOT0/TIM] PostLoadTim done
[BIGPRIM] code=0x3c tp=0x38 span=438x913 at(811,1311)
[BIGPRIM] code=0x3c tp=0x37 span=291x846 at(277,1767)
[BIGPRIM] code=0x3c tp=0x38 span=1026x576 at(529,3072)
[BIGPRIM] code=0x3c tp=0x38 span=438x913 at(811,1311)
[BIGPRIM] code=0x3c tp=0x37 span=291x846 at(277,1767)
[BIGPRIM] code=0x3c tp=0x38 span=1026x576 at(529,3072)
[BIGPRIM] code=0x3c tp=0x38 span=438x913 at(811,1311)
[BIGPRIM] code=0x3c tp=0x37 span=291x846 at(277,1767)
[BIGPRIM] code=0x3c tp=0x38 span=1026x576 at(529,3072)
[BIGPRIM] code=0x3c tp=0x38 span=438x913 at(811,1311)
[BIGPRIM] code=0x3c tp=0x37 span=291x846 at(277,1767)
[BIGPRIM] code=0x3c tp=0x38 span=1026x576 at(529,3072)
[BIGPRIM] code=0x3c tp=0x38 span=438x913 at(811,1311)
[SH-XBOX] GameState -> 16 (step 0)
[FOGST-GPU] clear=0xff000000
[SFX] Sd_PlaySfx: sfxId=1305 (Sfx_Base+25) vol=0
[SFX] Sd_PlaySfx: sfxId=1305 (Sfx_Base+25) vol=0
[SFX] Sd_PlaySfx: sfxId=1305 (Sfx_Base+25) vol=0
[SFX] Sd_PlaySfx: sfxId=1305 (Sfx_Base+25) vol=0
[SFX] Sd_PlaySfx: sfxId=1305 (Sfx_Base+25) vol=0
[SFX] Sd_PlaySfx: sfxId=1305 (Sfx_Base+25) vol=0
[SH-XBOX] vblank 23400
[MEM] tick: free=2348KB (587 pages)
[SFX] Sd_PlaySfx: sfxId=1305 (Sfx_Base+25) vol=0
[SFX] Sd_PlaySfx: sfxId=1307 (Sfx_Base+27) vol=0
[SFX] Sd_PlaySfx: sfxId=1305 (Sfx_Base+25) vol=0
[SFX] Sd_PlaySfx: sfxId=1307 (Sfx_Base+27) vol=0
[MCRD] open 'bu00:BASLUS-00707SILENT00' flags=0x8002 -> h=1 dir=1 size=8192
[MCRD] write h=1 dir=1 ofs=4736 len=640 ok
[MCRD] open 'bu00:BASLUS-00707SILENT00' flags=0x8002 -> h=1 dir=1 size=8192
[MCRD] write h=1 dir=1 ofs=512 len=256 ok
[MCRD] open 'bu00:BASLUS-00707SILENT00' flags=0x8002 -> h=1 dir=1 size=8192
[MCRD] write h=1 dir=1 ofs=768 len=128 ok
[SFX] Sd_PlaySfx: sfxId=1306 (Sfx_Base+26) vol=0
[MCRD] card_info chan=16 -> IOE (n=2816)
[SH-XBOX] GameState -> 11 (step 0)
[BIGPRIM] code=0x3c tp=0x37 span=291x845 at(277,1832)
[BIGPRIM] code=0x3c tp=0x38 span=1026x511 at(529,3137)
[BIGPRIM] code=0x3c tp=0x38 span=438x913 at(811,1375)
[BIGPRIM] code=0x3c tp=0x37 span=291x845 at(277,1832)
[BIGPRIM] code=0x3c tp=0x38 span=1026x511 at(529,3137)
[BIGPRIM] code=0x3c tp=0x38 span=438x913 at(811,1375)
[BIGPRIM] code=0x3c tp=0x37 span=291x845 at(277,1832)
[BIGPRIM] code=0x3c tp=0x38 span=1026x511 at(529,3137)
[FOGST-GPU] clear=0xff6c6474
[BIGPRIM] code=0x3c tp=0x38 span=438x913 at(811,1375)
[BIGPRIM] code=0x3c tp=0x37 span=291x845 at(277,1832)
[BIGPRIM] code=0x3c tp=0x38 span=1026x511 at(529,3137)
[BIGPRIM] code=0x3c tp=0x38 span=438x913 at(811,1375)
[BIGPRIM] code=0x3c tp=0x37 span=291x845 at(277,1832)
[BIGPRIM] code=0x3c tp=0x38 span=1026x511 at(529,3137)
[BIGPRIM] code=0x3c tp=0x38 span=438x913 at(811,1375)
[BIGPRIM] code=0x3c tp=0x37 span=291x845 at(277,1832)
[BIGPRIM] code=0x3c tp=0x38 span=1026x511 at(529,3137)
[BIGPRIM] code=0x3c tp=0x38 span=438x913 at(811,1375)
[BIGPRIM] code=0x3c tp=0x37 span=291x845 at(277,1832)
[BIGPRIM] code=0x3c tp=0x38 span=1026x511 at(529,3137)
[BIGPRIM] code=0x3c tp=0x38 span=438x913 at(811,1375)
[BIGPRIM] code=0x3c tp=0x37 span=291x845 at(277,1832)
[BIGPRIM] code=0x3c tp=0x38 span=1026x511 at(529,3137)
[BIGPRIM] code=0x3c tp=0x38 span=438x913 at(811,1375)
[BIGPRIM] code=0x3c tp=0x37 span=291x845 at(277,1832)
[BIGPRIM] code=0x3c tp=0x38 span=1026x511 at(529,3137)
[BIGPRIM] code=0x3c tp=0x38 span=438x913 at(811,1375)
[BIGPRIM] code=0x3c tp=0x37 span=291x845 at(277,1832)
[BIGPRIM] code=0x3c tp=0x38 span=1026x511 at(529,3137)
[BIGPRIM] code=0x3c tp=0x38 span=438x913 at(811,1375)
[BIGPRIM] code=0x3c tp=0x37 span=291x845 at(277,1832)
[BIGPRIM] code=0x3c tp=0x38 span=1026x511 at(529,3137)
[BIGPRIM] code=0x3c tp=0x38 span=438x913 at(811,1375)
[BIGPRIM] code=0x3c tp=0x37 span=291x845 at(277,1832)
[BIGPRIM] code=0x3c tp=0x38 span=1026x511 at(529,3137)
[BIGPRIM] code=0x3c tp=0x38 span=438x913 at(811,1375)
[BIGPRIM] code=0x3c tp=0x37 span=291x845 at(277,1832)
[BIGPRIM] code=0x3c tp=0x38 span=1026x511 at(529,3137)
[BIGPRIM] code=0x3c tp=0x38 span=438x913 at(811,1375)
[BIGPRIM] code=0x3c tp=0x37 span=291x845 at(277,1832)
[BIGPRIM] code=0x3c tp=0x38 span=1026x511 at(529,3137)
[BIGPRIM] code=0x3c tp=0x38 span=438x913 at(811,1375)
[BIGPRIM] code=0x3c tp=0x37 span=291x845 at(277,1832)
[BIGPRIM] code=0x3c tp=0x38 span=1026x511 at(529,3137)
[BIGPRIM] code=0x3c tp=0x38 span=438x913 at(811,1375)
[BIGPRIM] code=0x3c tp=0x37 span=291x845 at(277,1832)
[BIGPRIM] code=0x3c tp=0x38 span=1026x511 at(529,3137)
[BIGPRIM] code=0x3c tp=0x38 span=438x913 at(811,1375)
[BIGPRIM] code=0x3c tp=0x37 span=291x845 at(277,1832)
[BIGPRIM] code=0x3c tp=0x38 span=1026x511 at(529,3137)
[BIGPRIM] code=0x3c tp=0x38 span=438x913 at(811,1375)
[BIGPRIM] code=0x3c tp=0x37 span=291x845 at(277,1832)
[BIGPRIM] code=0x3c tp=0x38 span=1026x511 at(529,3137)
[BIGPRIM] code=0x3c tp=0x38 span=438x913 at(811,1375)
[BIGPRIM] code=0x3c tp=0x37 span=291x845 at(277,1832)
[BIGPRIM] code=0x3c tp=0x38 span=1026x511 at(529,3137)
[BIGPRIM] code=0x3c tp=0x38 span=438x913 at(811,1375)
[BIGPRIM] code=0x3c tp=0x37 span=291x845 at(277,1832)
[GP-STATE-TXN] Gameplay -> sysState=7 (param=41)
[BIGPRIM] code=0x3c tp=0x38 span=1026x511 at(529,3137)
[SYSSTATE] dispatch sysState=7 mapEventData=0x5b3ebc
[BIGPRIM] code=0x3c tp=0x38 span=438x913 at(811,1375)
[BIGPRIM] code=0x3c tp=0x37 span=291x845 at(277,1832)
[BIGPRIM] code=0x3c tp=0x38 span=1026x511 at(529,3137)
[BIGPRIM] code=0x3c tp=0x38 span=438x913 at(811,1375)
[BIGPRIM] code=0x3c tp=0x37 span=291x845 at(277,1832)
[BIGPRIM] code=0x3c tp=0x38 span=1026x511 at(529,3137)
[BIGPRIM] code=0x3c tp=0x38 span=438x913 at(811,1375)
[BIGPRIM] code=0x3c tp=0x37 span=291x845 at(277,1832)
[BIGPRIM] code=0x3c tp=0x38 span=1026x511 at(529,3137)
[BIGPRIM] code=0x3c tp=0x38 span=438x913 at(811,1375)
[BIGPRIM] code=0x3c tp=0x37 span=291x845 at(277,1832)
[BIGPRIM] code=0x3c tp=0x38 span=1026x511 at(529,3137)
[BIGPRIM] code=0x3c tp=0x38 span=438x913 at(811,1375)
[BIGPRIM] code=0x3c tp=0x37 span=291x845 at(277,1832)
[BIGPRIM] code=0x3c tp=0x38 span=1026x511 at(529,3137)
[BIGPRIM] code=0x3c tp=0x38 span=438x913 at(811,1375)
[BIGPRIM] code=0x3c tp=0x37 span=291x845 at(277,1832)
[BIGPRIM] code=0x3c tp=0x38 span=1026x511 at(529,3137)
[BIGPRIM] code=0x3c tp=0x38 span=438x913 at(811,1375)
[BIGPRIM] code=0x3c tp=0x37 span=291x845 at(277,1832)
[BIGPRIM] code=0x3c tp=0x38 span=1026x511 at(529,3137)
[BIGPRIM] code=0x3c tp=0x38 span=438x913 at(811,1375)
[BIGPRIM] code=0x3c tp=0x37 span=291x845 at(277,1832)
[BIGPRIM] code=0x3c tp=0x38 span=1026x511 at(529,3137)
[BIGPRIM] code=0x3c tp=0x38 span=438x913 at(811,1375)
[BIGPRIM] code=0x3c tp=0x37 span=291x845 at(277,1832)
[BIGPRIM] code=0x3c tp=0x38 span=1026x511 at(529,3137)
[BIGPRIM] code=0x3c tp=0x38 span=438x913 at(811,1375)
[BIGPRIM] code=0x3c tp=0x37 span=291x845 at(277,1832)
[BIGPRIM] code=0x3c tp=0x38 span=1026x511 at(529,3137)
[BIGPRIM] code=0x3c tp=0x38 span=438x913 at(811,1375)
[BIGPRIM] code=0x3c tp=0x37 span=291x845 at(277,1832)
[BIGPRIM] code=0x3c tp=0x38 span=1026x511 at(529,3137)
[BIGPRIM] code=0x3c tp=0x38 span=438x913 at(811,1375)
[BIGPRIM] code=0x3c tp=0x37 span=291x845 at(277,1832)
[BIGPRIM] code=0x3c tp=0x38 span=1026x511 at(529,3137)
[BIGPRIM] code=0x3c tp=0x38 span=438x913 at(811,1375)
[BIGPRIM] code=0x3c tp=0x37 span=291x845 at(277,1832)
[BIGPRIM] code=0x3c tp=0x38 span=1026x511 at(529,3137)
[BIGPRIM] code=0x3c tp=0x38 span=438x913 at(811,1375)
[BIGPRIM] code=0x3c tp=0x37 span=291x845 at(277,1832)
[BIGPRIM] code=0x3c tp=0x38 span=1026x511 at(529,3137)
[BIGPRIM] code=0x3c tp=0x38 span=438x913 at(811,1375)
[BIGPRIM] code=0x3c tp=0x37 span=291x845 at(277,1832)
[BIGPRIM] code=0x3c tp=0x38 span=1026x511 at(529,3137)
[BIGPRIM] code=0x3c tp=0x38 span=438x913 at(811,1375)
[BIGPRIM] code=0x3c tp=0x37 span=291x845 at(277,1832)
[BIGPRIM] code=0x3c tp=0x38 span=1026x511 at(529,3137)
[BIGPRIM] code=0x3c tp=0x38 span=438x913 at(811,1375)
[BIGPRIM] code=0x3c tp=0x37 span=291x845 at(277,1832)
[BIGPRIM] code=0x3c tp=0x38 span=1026x511 at(529,3137)
[BIGPRIM] code=0x3c tp=0x38 span=438x913 at(811,1375)
[BIGPRIM] code=0x3c tp=0x38 span=1287x1273 at(454,954)
[BIGPRIM] code=0x3c tp=0x38 span=1401x1144 at(1096,803)
[BIGPRIM] code=0x3c tp=0x38 span=1509x327 at(448,2176)
[BIGPRIM] code=0x3c tp=0x38 span=1206x1292 at(922,890)
[BIGPRIM] code=0x3c tp=0x38 span=1452x328 at(-860,2233)
[BIGPRIM] code=0x3c tp=0x38 span=1263x1292 at(34,961)
[BIGPRIM] code=0x3c tp=0x38 span=1335x868 at(-1166,745)
[BIGPRIM] code=0x3c tp=0x38 span=1224x1254 at(-710,1076)
[BIGPRIM] code=0x3c tp=0x38 span=1350x1031 at(-1118,736)
[BIGPRIM] code=0x3c tp=0x38 span=810x1006 at(733,742)
[BIGPRIM] code=0x3c tp=0x38 span=1071x405 at(-362,2246)
[BIGPRIM] code=0x3c tp=0x38 span=1017x1392 at(88,861)
[BIGPRIM] code=0x3c tp=0x38 span=1404x1099 at(1027,1372)
[BIGPRIM] code=0x3c tp=0x38 span=720x810 at(751,700)
[BIGPRIM] code=0x3c tp=0x38 span=1476x1166 at(1117,1260)
[BIGPRIM] code=0x3c tp=0x38 span=1386x1096 at(1009,1362)
[BIGPRIM] code=0x3c tp=0x38 span=1362x1029 at(895,1449)
[BIGPRIM] code=0x3c tp=0x38 span=759x1029 at(646,748)
[BIGPRIM] code=0x3c tp=0x38 span=1437x385 at(-794,2298)
[BIGPRIM] code=0x3c tp=0x38 span=804x1356 at(514,813)
[BIGPRIM] code=0x3a tp=0xa span=1020x770 at(130,-25)
[BIGPRIM] code=0x3c tp=0x38 span=909x1340 at(223,906)
[BIGPRIM] code=0x3a tp=0xa span=1020x770 at(130,-25)
[BIGPRIM] code=0x3c tp=0x38 span=1476x896 at(655,1575)
[BIGPRIM] code=0x3c tp=0x38 span=1419x373 at(-536,2323)
[BIGPRIM] code=0x3c tp=0x38 span=1518x434 at(985,2224)
[BIGPRIM] code=0x3c tp=0x38 span=1539x579 at(-302,2182)
[BIGPRIM] code=0x3c tp=0x37 span=513x778 at(667,1015)
[BIGPRIM] code=0x3c tp=0x37 span=1008x698 at(856,748)
[BIGPRIM] code=0x3c tp=0x37 span=1026x684 at(997,977)
[BIGPRIM] code=0x3a tp=0xa span=1020x770 at(130,-25)
[BIGPRIM] code=0x3c tp=0x38 span=468x765 at(1033,800)
[BIGPRIM] code=0x3c tp=0x38 span=612x1244 at(325,951)
[RA] watch 84008: state=2 unlocked=1786116799 flags[4B4]=FC flags[4A1]=04 word4=0xFFFCDFFC setbits=298 map=11/1
[BIGPRIM] code=0x3c tp=0x37 span=564x1212 at(22,1189)
[BIGPRIM] code=0x3c tp=0x37 span=693x1144 at(-149,1456)
[BIGPRIM] code=0x3c tp=0x38 span=522x1006 at(565,964)
[BIGPRIM] code=0x3c tp=0x37 span=1104x784 at(-596,2182)
[BIGPRIM] code=0x3c tp=0x38 span=552x1218 at(532,1038)
[BIGPRIM] code=0x3c tp=0x37 span=669x929 at(-143,2719)
[BIGPRIM] code=0x3c tp=0x37 span=1146x327 at(-602,2941)
[BIGPRIM] code=0x3c tp=0x38 span=1785x1292 at(520,2356)
[BIGPRIM] code=0x3c tp=0x38 span=606x1093 at(-368,1031)
[BIGPRIM] code=0x3c tp=0x37 span=1182x328 at(-554,3178)
[BIGPRIM] code=0x3c tp=0x38 span=627x939 at(1048,973)
[BIGPRIM] code=0x3c tp=0x37 span=1053x26 at(592,3622)
[BIGPRIM] code=0x3c tp=0x37 span=1068x225 at(-470,3423)
[BIGPRIM] code=0x3c tp=0x38 span=1749x1173 at(628,2475)
[BIGPRIM] code=0x3c tp=0x38 span=42x1221 at(1003,1430)
[BIGPRIM] code=0x3c tp=0x37 span=1068x135 at(-458,3513)
[BIGPRIM] code=0x3c tp=0x37 span=1080x110 at(-512,3538)
[BIGPRIM] code=0x3c tp=0x38 span=483x829 at(199,993)
[BIGPRIM] code=0x3a tp=0xa span=1020x770 at(130,-25)
[BIGPRIM] code=0x3c tp=0x37 span=1104x32 at(-464,3616)
[BIGPRIM] code=0x3c tp=0x37 span=1215x122 at(-440,3526)
[BIGPRIM] code=0x3c tp=0x37 span=975x158 at(-176,3490)
[BIGPRIM] code=0x3c tp=0x37 span=1119x450 at(-296,3198)
[BIGPRIM] code=0x3c tp=0x37 span=1113x884 at(-302,2764)
[BIGPRIM] code=0x3c tp=0x38 span=756x936 at(937,-1144)
[BIGPRIM] code=0x3c tp=0x37 span=1215x428 at(-434,3220)
[BIGPRIM] code=0x3c tp=0x38 span=762x955 at(937,-1173)
[BIGPRIM] code=0x3c tp=0x37 span=1059x942 at(-335,2706)
[BIGPRIM] code=0x3c tp=0x37 span=1182x65 at(751,3583)
[BIGPRIM] code=0x3c tp=0x37 span=1107x26 at(-434,3622)
[BIGPRIM] code=0x3c tp=0x38 span=414x775 at(523,941)
[BIGPRIM] code=0x3c tp=0x38 span=411x762 at(526,938)
[BIGPRIM] code=0x3a tp=0xa span=1020x770 at(130,-25)
[BIGPRIM] code=0x3c tp=0x37 span=1182x929 at(-443,2719)
[BIGPRIM] code=0x3c tp=0x37 span=1134x280 at(697,3368)
[BIGPRIM] code=0x3c tp=0x37 span=1140x579 at(685,3069)
[BIGPRIM] code=0x3c tp=0x37 span=1140x611 at(685,3037)
[BIGPRIM] code=0x3c tp=0x37 span=1083x1083 at(-368,2565)
[BIGPRIM] code=0x3c tp=0x37 span=1080x1100 at(-359,2548)
[BIGPRIM] code=0x3a tp=0xa span=1020x770 at(130,-25)
[BIGPRIM] code=0x3c tp=0x38 span=915x1125 at(976,-1401)
[SH-XBOX] vblank 24000
[MEM] tick: free=2348KB (587 pages)
[BIGPRIM] code=0x3c tp=0x37 span=765x1617 at(-38,2031)
[BIGPRIM] code=0x3c tp=0x37 span=1164x881 at(691,2767)
[BIGPRIM] code=0x3c tp=0x37 span=1161x932 at(688,2716)
[BIGPRIM] code=0x3c tp=0x37 span=1164x974 at(685,2674)
[BIGPRIM] code=0x3c tp=0x37 span=1164x987 at(685,2661)
[BIGPRIM] code=0x3c tp=0x37 span=1161x1026 at(682,2622)
[BIGPRIM] code=0x3c tp=0x37 span=1152x1042 at(682,2606)
[BIGPRIM] code=0x3c tp=0x37 span=915x1495 at(-194,2153)
[BIGPRIM] code=0x3c tp=0x37 span=789x1048 at(-191,2600)
[BIGPRIM] code=0x3c tp=0x38 span=447x958 at(916,983)
[BIGPRIM] code=0x3c tp=0x38 span=591x1443 at(247,1179)
[BIGPRIM] code=0x3c tp=0x37 span=462x842 at(220,1809)
[CHNK] n=16 s0=0,0,st3 s1=0,-3,st0 s2=0,-2,st0 s3=1,-2,st0
[BIGPRIM] code=0x3c tp=0x37 span=1071x1135 at(679,2513)
[SYSSTATE] dispatch sysState=2 mapEventData=0
[FOGST-GPU] clear=0xff000000
[BIGPRIM] code=0x3c tp=0x37 span=879x1569 at(-170,2079)
[SH-XBOX] GameState -> 19 (step 0)
[BOOT0/TIM] PostLoadTim file=1485 'HEROPIC2.TIM' ss=0x5bb6 img.u=12 img.v=103 tPage=1,31 clutX=224 clutY=13
[BOOT0/TIM] post ReadTIM: prect=0xfab77c caddr=0xfab578 paddr=0xfab784 mode=9
[BOOT0/TIM] pre pixel LoadImage rect=(972,359 52x152)
[BOOT0/TIM] pre CLUT LoadImage rect=(224,13 256x1)
[BOOT0/TIM] PostLoadTim done
[SH-XBOX] GameState -> 14 (step 0)
[ITEMPICK] map-pack link: slot=0 loadableIdx=4 nobj=34 obj=ok
[ITEMPICK] map-pack link: slot=1 loadableIdx=15 nobj=34 obj=ok
[ITEMPICK] map-pack link: slot=2 loadableIdx=16 nobj=34 obj=ok
[ITEMPICK] map-pack link: slot=3 loadableIdx=0 nobj=34 obj=ok
[ITEMPICK] map-pack link: slot=4 loadableIdx=1 nobj=34 obj=ok
[ITEMPICK] map-pack link: slot=5 loadableIdx=2 nobj=34 obj=ok
[ITEMPICK] map-pack link: slot=6 loadableIdx=8 nobj=34 obj=ok
[ITEMPICK] map-pack link: slot=7 loadableIdx=10 nobj=34 obj=ok
[ITEMZ] tagged=415 hit=415 szmin=9030 szmax=13168 otzSpan=1920
[ZETA] wrote=0/6 min=16777215 max=0 fedZ=852532 bbox=229,102..994,464 raw=FFFFFF00 FFFFFF00 FFFFFF00 FFFFFF00 FFFFFF00 FFFFFF00
[BIGPRIM] code=0x28 tp=0x12 span=960x3 at(160,0)
[SFX] Sd_PlaySfx: sfxId=1305 (Sfx_Base+25) vol=64
[ITEMZ] tagged=420 hit=420 szmin=9111 szmax=13168 otzSpan=1920
[ZETA] wrote=0/6 min=16777215 max=0 fedZ=846302 bbox=229,93..994,464 raw=FFFFFF00 FFFFFF00 FFFFFF00 FFFFFF00 FFFFFF00 FFFFFF00
[BIGPRIM] code=0x28 tp=0x12 span=960x3 at(160,0)
[SFX] Sd_PlaySfx: sfxId=1305 (Sfx_Base+25) vol=64
[ITEMZ] tagged=416 hit=416 szmin=9015 szmax=13168 otzSpan=1920
[ZETA] wrote=0/6 min=16777215 max=0 fedZ=838860 bbox=229,98..994,464 raw=FFFFFF00 FFFFFF00 FFFFFF00 FFFFFF00 FFFFFF00 FFFFFF00
[BIGPRIM] code=0x28 tp=0x12 span=960x3 at(160,0)
[SFX] Sd_PlaySfx: sfxId=1307 (Sfx_Base+27) vol=64
[BOOT0/TIM] PostLoadTim file=1919 'OPTION.TIM' ss=0x8a38 img.u=0 img.v=16 tPage=1,5 clutX=224 clutY=14
[BOOT0/TIM] post ReadTIM: prect=0xfab77c caddr=0xfab578 paddr=0xfab784 mode=9
[BOOT0/TIM] pre pixel LoadImage rect=(320,16 160x240)
[BOOT0/TIM] pre CLUT LoadImage rect=(224,14 256x1)
[BOOT0/TIM] PostLoadTim done
[ITEMZ] tagged=414 hit=414 szmin=8962 szmax=13168 otzSpan=1920
[ZETA] wrote=0/6 min=16777215 max=0 fedZ=838860 bbox=229,106..994,464 raw=FFFFFF00 FFFFFF00 FFFFFF00 FFFFFF00 FFFFFF00 FFFFFF00
[BIGPRIM] code=0x28 tp=0x40 span=960x3 at(160,0)
[SH-XBOX] GameState -> 18 (step 0)
[BIGPRIM] code=0x3a tp=0x40 span=960x51 at(160,0)
[BIGPRIM] code=0x3a tp=0x40 span=960x51 at(160,0)
[SFX] Sd_PlaySfx: sfxId=1305 (Sfx_Base+25) vol=64
[BIGPRIM] code=0x3a tp=0x40 span=960x51 at(160,0)
[SFX] Sd_PlaySfx: sfxId=1305 (Sfx_Base+25) vol=64
[SFX] Sd_PlaySfx: sfxId=1305 (Sfx_Base+25) vol=64
[BIGPRIM] code=0x3a tp=0x40 span=960x51 at(160,0)
[SFX] Sd_PlaySfx: sfxId=1305 (Sfx_Base+25) vol=64
[BIGPRIM] code=0x3a tp=0x40 span=960x51 at(160,0)
[SFX] Sd_PlaySfx: sfxId=1305 (Sfx_Base+25) vol=64
[BIGPRIM] code=0x3a tp=0x40 span=960x51 at(160,0)
[SFX] Sd_PlaySfx: sfxId=1307 (Sfx_Base+27) vol=64
[BIGPRIM] code=0x3a tp=0x40 span=960x51 at(160,0)
[BIGPRIM] code=0x3a tp=0x40 span=960x51 at(160,0)
[BIGPRIM] code=0x3a tp=0x40 span=960x51 at(160,0)
[BIGPRIM] code=0x3a tp=0x40 span=960x51 at(160,0)
[SFX] Sd_PlaySfx: sfxId=1305 (Sfx_Base+25) vol=64
[BIGPRIM] code=0x3a tp=0x40 span=960x51 at(160,0)
[BIGPRIM] code=0x3a tp=0x40 span=960x51 at(160,0)
[SFX] Sd_PlaySfx: sfxId=1305 (Sfx_Base+25) vol=64
[SFX] Sd_PlaySfx: sfxId=1305 (Sfx_Base+25) vol=64
[BIGPRIM] code=0x3a tp=0x40 span=960x51 at(160,0)
[SFX] Sd_PlaySfx: sfxId=1305 (Sfx_Base+25) vol=64
[SFX] Sd_PlaySfx: sfxId=1305 (Sfx_Base+25) vol=64
[BIGPRIM] code=0x3a tp=0x40 span=960x51 at(160,0)
[SFX] Sd_PlaySfx: sfxId=1305 (Sfx_Base+25) vol=64
[SFX] Sd_PlaySfx: sfxId=1305 (Sfx_Base+25) vol=64
[BIGPRIM] code=0x3a tp=0x40 span=960x51 at(160,0)
[SFX] Sd_PlaySfx: sfxId=1305 (Sfx_Base+25) vol=64
[BIGPRIM] code=0x3a tp=0x40 span=960x51 at(160,0)
[BIGPRIM] code=0x3a tp=0x40 span=960x51 at(160,0)
[BIGPRIM] code=0x3a tp=0x40 span=960x51 at(160,0)
[SFX] Sd_PlaySfx: sfxId=1305 (Sfx_Base+25) vol=64
[BIGPRIM] code=0x3a tp=0x40 span=960x51 at(160,0)
[BIGPRIM] code=0x3a tp=0x40 span=960x51 at(160,0)
[BIGPRIM] code=0x3a tp=0x40 span=960x51 at(160,0)
[BIGPRIM] code=0x3a tp=0x40 span=960x51 at(160,0)
[EXITMENU] pressed gameStatePrev=14 gameState=18
[SFX] Sd_PlaySfx: sfxId=1307 (Sfx_Base+27) vol=64
[XA] SetVolume L=0 R=0
[SH_AMB] Sd_AmbientSfxSet idx=1 -> loadCmd=162
[BOOT0/TIM] PostLoadTim file=1980 'TITLE_E.TIM' ss=0x90b7 img.u=32 img.v=0 tPage=1,13 clutX=224 clutY=15
[BOOT0/TIM] post ReadTIM: prect=0xf7b77c caddr=0xf7b578 paddr=0xf7b784 mode=9
[BOOT0/TIM] pre pixel LoadImage rect=(864,0 160x480)
[BOOT0/TIM] pre CLUT LoadImage rect=(224,15 256x1)
[BOOT0/TIM] PostLoadTim done
[SH-XBOX] GameState -> 7 (step 0)
[BOOT-STEP] GameStartup step=0 qlen=0
[TRANSITION] GameStartup step=0: processFlags=0x20 (BootDemo) sizeof(s_WorldGfxWork)=11708
[BOOT-STEP] GameStartup step=1 qlen=0
[SH-XBOX] vblank 24600
[MEM] tick: free=2348KB (587 pages)
[SFX] Sd_PlaySfx: sfxId=1305 (Sfx_Base+25) vol=0
[SFX] Sd_PlaySfx: sfxId=1305 (Sfx_Base+25) vol=0
[SFX] Sd_PlaySfx: sfxId=1305 (Sfx_Base+25) vol=0
[SFX] Sd_PlaySfx: sfxId=1305 (Sfx_Base+25) vol=0
