[CFG] key='control_style'(13) value='classic'
[CFG] key='invert_controller_y'(19) value='1'
[CFG] key='crosshair'(9) value='1'
[CFG] key='crosshair_style'(15) value='3'
[CFG] key='refresh_rate'(12) value='60'
[CFG] key='retroachievements'(17) value='1'
[CFG] >> retroachievements branch: atoi=1 -> retroAchievements=1
[CFG] key='ra_username'(11) value='KushAstronaut'
[CFG] key='ra_password'(11) value='101F66d283,,'
[CFG] key='use_pgxp'(8) value='0'
[CFG] key='cutscene_line_gap_ms'(20) value='300'
[CFG] key='video_720p'(10) value='1'
[CFG] key='log_diag'(8) value='0control_2d = 1'
[CFG] key='control_2d'(10) value='1'
[CFG] key='texture_paletted'(16) value='2minimap_scale ='
[CFG] key='minimap_scale'(13) value=''
[CFG] key='minimap'(7) value='2'
[CFG] key='minimap_opacity'(15) value=''
[SH-XBOX] SEH crash logger installed (frame=0xd0032c60 handler=0x2f1220)
[SH-XBOX] build 2b5f0de0d+wt id=0810-151521 (2026-08-10 15:15:21)
[FS] D: -> '\Device\Harddisk0\Partition1\Apps\SH\' (wasMounted=1 remap=ok)
[SH-XBOX] boot: video 1280x720x32 (720p, pillarboxed 4:3)
[GTE] RotTransPers v(64,32,512) -> sx=352 sy=256 sz=128 flag=0x1000 (expect sx=352 sy=256)
[SH-XBOX] pbkit initialised
[CD] xbe dir = '\Device\Harddisk0\Partition1\Apps\SH\' (mounted Q:)
[CD] disc image: Q:\Silent Hill (USA).bin
[CD] BIN: Q:\Silent Hill (USA).bin
[SH-XBOX] NV2A fb 1280x720, content 960x720 at x=160
[SH-XBOX] NV2A backend ready (batch=16384 verts)
[SH-XBOX] USB pad init done
[MCRD] card path = E:\UDATA\SH010000\0.MCD
[SH-XBOX] PSX RAM @ 0xde3f04
[SH-XBOX] game data initialised
[SH-XBOX] subsystems up; entering MainLoop
[RA] init: enabled=1 user='KushAstronaut' token=none passwordLen=12
[NET] up, DHCP IP 192.168.1.123
[RA] syswork native: npcs=0x1A0 bones=0x26A0 tailA=0x91D0 targetNpc=0x92A8 light=0x92B0 sizeof=38588
[FREEZE] target ok: 1280x720 (GPU copy, no CPU readback)
[FOGST-GPU] clear=0xff000000
[SH-XBOX] layout check ok: sizeof(s_SysWork)=38588 sizeof(s_GameWork)=1496
[XA] SetVolume L=0 R=0
[ARENA] buf0=0x7fdd0008 buf1=0x7fbc0008
[SH-XBOX] GameState -> 0 (step 0)
[RA] http POST http://retroachievements.org/dorequest.php
[NET] POST retroachievements.org -> 200 (253 bytes)
[RA] http -> status=200 bodyLen=253 body='{"Success":true,"User":"KushAstronaut","AvatarUrl":"https:\/'
[RA] logged in as KushAstronaut
RA: signed in as KushAstronaut
[RA] disc hash 469d5cf1428d3f6f2234aa5be058f3ec
[MCFSM] state=0 step=0 (was -1/-1 after 0 f)
[OT] DrawOTag head=0xd6537c (walking; per-node trace off)
[OT] walk done after 2048 nodes (cap hit=0)
[RA] http POST http://retroachievements.org/dorequest.php
[NET] POST retroachievements.org -> 200 (136272 bytes)
[RA] http -> status=200 bodyLen=136272 body='{"Success":true,"GameId":11252,"Title":"Silent Hill","ImageI'
[MCFSM] state=1 step=0 (was 0/0 after 0 f)
[MCRD] card_info chan=0 -> IOE (n=1)
[RA] http POST http://retroachievements.org/dorequest.php
[NET] POST retroachievements.org -> 200 (200 bytes)
[RA] http -> status=200 bodyLen=200 body='{"Success":true,"ServerNow":1786390405,"HardcoreUnlocks":[],'
[RA] set reads 0x800BCAD8 (mapped)
[RA] set reads 0x800BCC7E (mapped)
[RA] set reads 0x800BCBA2 (mapped)
[RA] set reads 0x800BC0C8 (mapped)
[RA] set reads 0x800BC26E (mapped)
[RA] set reads 0x800BC192 (mapped)
[RA] set reads 0x800B2214 (mapped)
[RA] set reads 0x800BC6A8 (mapped)
[RA] achievement read of unmapped PSX address 0x800BCD6C - needs a translation entry
[RA] achievement read of unmapped PSX address 0x800C168C - needs a translation entry
[RA] achievement read of unmapped PSX address 0x800C0C7C - needs a translation entry
[RA] achievement read of unmapped PSX address 0x800C125C - needs a translation entry
[RA] achievement read of unmapped PSX address 0x800C6F2D - needs a translation entry
[RA] achievement read of unmapped PSX address 0x800C651D - needs a translation entry
[RA] achievement read of unmapped PSX address 0x800C6AFD - needs a translation entry
[RA] achievement read of unmapped PSX address 0x800C4476 - needs a translation entry
[RA] matched game 11252 "Silent Hill"
[RA] worklist UNMAPPED 0x800BCD6C (memsize=0)
[RA] worklist UNMAPPED 0x800C168C (memsize=1)
[RA] worklist UNMAPPED 0x800C0C7C (memsize=1)
[RA] worklist UNMAPPED 0x800C125C (memsize=1)
[RA] worklist UNMAPPED 0x800C6F2D (memsize=0)
[RA] worklist UNMAPPED 0x800C651D (memsize=0)
[RA] worklist UNMAPPED 0x800C6AFD (memsize=0)
[RA] worklist UNMAPPED 0x800C4476 (memsize=1)
[RA] worklist UNMAPPED 0x800C4472 (memsize=0)
[RA] worklist UNMAPPED 0x800C4470 (memsize=0)
[RA] worklist: 352 memrefs total, 10 unserved, 10 distinct-unmapped listed
[RA] culprit: achiev id=83576 'Wounds That Won't Heal' reads unmapped 0x800BCD6C
[RA] culprit: achiev id=86517 'What Is Keeping That Child Alive?' reads unmapped 0x800C168C
[RA] culprit: achiev id=86517 'What Is Keeping That Child Alive?' reads unmapped 0x800C0C7C
[RA] culprit: achiev id=86517 'What Is Keeping That Child Alive?' reads unmapped 0x800C125C
[RA] culprit: achiev id=86663 'Scary Harry I' reads unmapped 0x800C6F2D
[RA] culprit: achiev id=86663 'Scary Harry I' reads unmapped 0x800C651D
[RA] culprit: achiev id=86663 'Scary Harry I' reads unmapped 0x800C6AFD
[RA] culprit: achiev id=86664 'Scary Harry II' reads unmapped 0x800C6F2D
[RA] culprit: achiev id=86664 'Scary Harry II' reads unmapped 0x800C651D
[RA] culprit: achiev id=86664 'Scary Harry II' reads unmapped 0x800C6AFD
[RA] culprit: achiev id=86665 'Scary Harry III' reads unmapped 0x800C6F2D
[RA] culprit: achiev id=86665 'Scary Harry III' reads unmapped 0x800C651D
[RA] culprit: achiev id=86665 'Scary Harry III' reads unmapped 0x800C6AFD
[RA] culprit: achiev id=86666 'Scary Harry IV' reads unmapped 0x800C6F2D
[RA] culprit: achiev id=86666 'Scary Harry IV' reads unmapped 0x800C651D
[RA] culprit: achiev id=86666 'Scary Harry IV' reads unmapped 0x800C6AFD
[RA] culprit: achiev id=86667 'Scary Harry V' reads unmapped 0x800C6F2D
[RA] culprit: achiev id=86667 'Scary Harry V' reads unmapped 0x800C651D
[RA] culprit: achiev id=86667 'Scary Harry V' reads unmapped 0x800C6AFD
[RA] culprit: achiev id=86668 'Scary Harry VI' reads unmapped 0x800C6F2D
[RA] culprit: achiev id=86668 'Scary Harry VI' reads unmapped 0x800C651D
[RA] culprit: achiev id=86668 'Scary Harry VI' reads unmapped 0x800C6AFD
[RA] culprit: achiev id=86422 'Harry the Swift' reads unmapped 0x800C4476
[RA] culprit: achiev id=86422 'Harry the Swift' reads unmapped 0x800C4472
[RA] culprit: achiev id=86423 'Daring Harry' reads unmapped 0x800C4470
[RA] culprit: achiev id=86427 'Harry the Best' reads unmapped 0x800C4472
[RA] culprit: achiev id=86427 'Harry the Best' reads unmapped 0x800C4470
[RA] trace 84008: not in runtime (already unlocked?)
[RA] ach lock id=84002 5p 'Keys for Eclipse'
[RA] ach lock id=84005 5p 'Old Man's Hand'
[RA] ach lock id=84007 5p 'Broken Notes'
[RA] ach lock id=85474 5p 'Harry in Wonderland'
[RA] ach lock id=85476 5p 'Loneliness'
[RA] ach lock id=86028 5p 'Sand Castles'
[RA] ach lock id=86080 10p 'I'll Kill You'
[RA] ach lock id=86340 5p 'Eww Eww Eww'
[RA] ach lock id=86506 10p 'Paging Dr. Kaufmann'
[RA] ach lock id=86341 5p 'Our Little Secret'
[RA] ach lock id=86342 10p 'Pour Some Sugar On Me, Baby'
[RA] ach lock id=86343 10p 'Merry-Go-Down'
[RA] ach lock id=86344 5p 'Grim Reaper's List'
[RA] ach lock id=86345 5p 'The Stone of Time'
[RA] ach lock id=83576 10p 'Wounds That Won't Heal'
[RA] ach lock id=86347 5p 'Illuminating the Darkness'
[RA] ach lock id=86517 10p 'What Is Keeping That Child Alive?'
[RA] ach lock id=86348 3p 'What's Going On with That Refrigerator?'
[RA] ach lock id=86428 10p 'My Heaven'
[RA] ach lock id=86518 10p 'Awakening'
[RA] ach lock id=86503 10p 'The Archer and the Beast'
[RA] ach lock id=86504 10p 'The Pit of Calamity'
[RA] ach lock id=86505 10p 'Erratic'
[RA] ach lock id=86513 10p 'Sifod'
[RA] ach lock id=86519 10p 'Thank You...'
[RA] ach lock id=86023 5p 'Target Practice'
[RA] ach lock id=86022 10p 'Triggered'
[RA] ach lock id=86024 25p 'Gun Control: Alessa's New Nightmare'
[RA] ach lock id=86026 10p 'Fa-fa-fa-fa, Fa-fa-fa-fa-fa, Fa, Better'
[RA] ach lock id=86027 25p 'Hammerin' Harry'
[RA] ach lock id=86346 10p 'Doomsday Prepper'
[RA] ach lock id=86349 10p 'Drillin' Like a Villain'
[RA] ach lock id=84003 10p 'Harry the Weeb'
[RA] ach lock id=84004 10p 'Silent Hill Chainsaw Massacre'
[RA] ach lock id=86520 10p 'A Gift from Outer Space'
[RA] ach lock id=86507 10p 'Like the Back of My Hand I'
[RA] ach lock id=86508 10p 'Like the Back of My Hand II'
[RA] ach lock id=86509 10p 'Like the Back of My Hand III'
[RA] ach lock id=86510 10p 'Like the Back of My Hand IV'
[RA] ach lock id=86516 5p 'Like the Back of My Hand V'
[RA] ach lock id=86663 5p 'Scary Harry I'
[RA] ach lock id=86664 10p 'Scary Harry II'
[RA] ach lock id=86665 10p 'Scary Harry III'
[RA] ach lock id=86666 10p 'Scary Harry IV'
[RA] ach lock id=86667 10p 'Scary Harry V'
[RA] ach lock id=86668 10p 'Scary Harry VI'
[RA] ach lock id=86422 25p 'Harry the Swift'
[RA] ach lock id=86423 25p 'Daring Harry'
[RA] ach lock id=86424 5p 'Harry the Okay'
[RA] ach lock id=86425 10p 'Harry the Good'
[RA] ach lock id=86426 25p 'Harry the Great'
[RA] ach lock id=86427 50p 'Harry the Best'
[RA] ach lock id=86662 5p 'That Light...'
[RA] ach lock id=86502 5p 'UFO Sighting I'
[RA] ach lock id=86511 5p 'UFO Sighting II'
[RA] ach lock id=86512 5p 'UFO Sighting III'
[RA] ach lock id=86514 5p 'UFO Sighting IV'
[RA] ach lock id=86515 5p 'UFO Sighting V'
[RA] ach lock id=86429 25p 'Tears of...'
[RA] ach lock id=86430 10p 'Killing Time'
[RA] ach lock id=86431 10p 'She'
[RA] ach lock id=86432 10p 'Esperandote'
[RA] ach lock id=86433 10p 'Ayyy'
[RA] ach UNLK id=101000001 0p 'Warning: Unknown Emulator'
[RA] ach UNLK id=86483 3p 'What a Nightmare...'
[RA] ach UNLK id=84008 10p 'Who's Afraid of a Reptile?'
[RA] ach UNLK id=86025 5p 'Knife to Meet You'
[RA] roster: 63 locked, 4 unlocked (67 total)
RetroAchievements: 3/66 (18 pts)
[MCFSM] state=1 step=2 (was 1/0 after 0 f)
[MCFSM] state=0 step=0 (was 1/2 after 0 f)
[MCFSM] state=1 step=0 (was 0/0 after 0 f)
[MCRD] card_info chan=0 -> IOE (n=2)
[MCFSM] state=1 step=2 (was 1/0 after 0 f)
[MCFSM] state=2 step=0 (was 1/2 after 0 f)
[MCRD] card_clear chan=0 -> IOE (n=1)
[MCFSM] state=2 step=2 (was 2/0 after 0 f)
[MCFSM] state=3 step=0 (was 2/2 after 0 f)
[MCRD] card_load chan=0 -> IOE (n=1)
[MCFSM] state=3 step=2 (was 3/0 after 0 f)
[MCFSM] state=4 step=0 (was 3/2 after 0 f)
[MCRD] dir scan chan=0 (n=1)
[MCFSM] state=0 step=0 (was 4/0 after 0 f)
[MCFSM] state=6 step=0 (was 0/0 after 0 f)
[MCRD] open 'bu00:BASLUS-00707SILENT00' flags=0x8001 -> h=1 dir=1 size=8192
[MCFSM] state=7 step=0 (was 6/0 after 0 f)
[MCFSM] state=7 step=2 (was 7/0 after 0 f)
[MCRD] read h=1 dir=1 ofs=512 len=256 ok
[LOOSE/INIT] allow_loose_files=0  base=gamedata/load/  verbose=no
[MCFSM] state=7 step=3 (was 7/2 after 0 f)
[MCFSM] state=0 step=0 (was 7/3 after 0 f)
[BOOT0/TIM] PostLoadTim file=6 'FONT16.TIM' ss=0x287 img.u=0 img.v=240 tPage=0,16 clutX=304 clutY=511
[BOOT0/TIM] post ReadTIM: prect=0xfc653c caddr=0xfc6518 paddr=0xfc6544 mode=8
[BOOT0/TIM] pre pixel LoadImage rect=(0,496 256x16)
[FONTCLOB] Load x=0 y=496 w=256 h=16
[BOOT0/TIM] pre CLUT LoadImage rect=(304,511 16x1)
[BOOT0/TIM] PostLoadTim done
[MCFSM] state=1 step=0 (was 0/0 after 0 f)
[MCRD] card_info chan=1 -> IOE (n=3)
[MCFSM] state=1 step=2 (was 1/0 after 0 f)
[BOOT0/TIM] PostLoadTim file=8 'KONAMI.TIM' ss=0x28e img.u=0 img.v=0 tPage=0,12 clutX=0 clutY=0
[BOOT0/TIM] post ReadTIM: prect=0xfc653c caddr=0xfc6518 paddr=0xfc6544 mode=8
[BOOT0/TIM] pre pixel LoadImage rect=(768,0 96x384)
[BOOT0/TIM] pre CLUT LoadImage rect=(0,0 16x1)
[BOOT0/TIM] PostLoadTim done
[MCFSM] state=0 step=0 (was 1/2 after 0 f)
[MCFSM] state=1 step=0 (was 0/0 after 0 f)
[MCRD] card_info chan=1 -> IOE (n=4)
[MCFSM] state=1 step=2 (was 1/0 after 0 f)
[MCFSM] state=2 step=0 (was 1/2 after 0 f)
[MCRD] card_clear chan=1 -> IOE (n=2)
[MCFSM] state=2 step=2 (was 2/0 after 0 f)
[MCFSM] state=3 step=0 (was 2/2 after 0 f)
[MCRD] card_load chan=1 -> IOE (n=2)
[MCFSM] state=3 step=2 (was 3/0 after 0 f)
[MCFSM] state=4 step=0 (was 3/2 after 0 f)
[MCRD] dir scan chan=1 (n=2)
[SH-XBOX] GameState -> 1 (step 0)
[MCFSM] state=0 step=0 (was 4/0 after 0 f)
[VRAM] paletted cache: 64/64 pages (64KB) + 128/128 palettes, free=13696KB
[MCFSM] state=1 step=0 (was 0/0 after 0 f)
[MCRD] card_info chan=2 -> IOE (n=5)
[MCFSM] state=1 step=2 (was 1/0 after 0 f)
[BOOT0/TIM] PostLoadTim file=9 'KONAMI2.TIM' ss=0x2b3 img.u=0 img.v=0 tPage=0,14 clutX=0 clutY=1
[BOOT0/TIM] post ReadTIM: prect=0xfc653c caddr=0xfc6518 paddr=0xfc6544 mode=8
[BOOT0/TIM] pre pixel LoadImage rect=(896,0 104x160)
[BOOT0/TIM] pre CLUT LoadImage rect=(0,1 16x1)
[BOOT0/TIM] PostLoadTim done
[MCFSM] state=0 step=0 (was 1/2 after 0 f)
[MCFSM] state=1 step=0 (was 0/0 after 0 f)
[MCRD] card_info chan=2 -> IOE (n=6)
[MCFSM] state=1 step=2 (was 1/0 after 0 f)
[MCFSM] state=2 step=0 (was 1/2 after 0 f)
[MCRD] card_clear chan=2 -> IOE (n=3)
[MCFSM] state=2 step=2 (was 2/0 after 0 f)
[MCFSM] state=3 step=0 (was 2/2 after 0 f)
[MCRD] card_load chan=2 -> IOE (n=3)
[MCFSM] state=3 step=2 (was 3/0 after 0 f)
[MCFSM] state=4 step=0 (was 3/2 after 0 f)
[MCRD] dir scan chan=2 (n=3)
[MCFSM] state=0 step=0 (was 4/0 after 0 f)
[BOOT0/TIM] PostLoadTim file=1423 'HERO.TIM' ss=0x5a6a img.u=0 img.v=0 tPage=0,27 clutX=736 clutY=480
[BOOT0/TIM] post ReadTIM: prect=0xfc66fc caddr=0xfc6518 paddr=0xfc6704 mode=8
[BOOT0/TIM] pre pixel LoadImage rect=(704,256 64x192)
[BOOT0/TIM] pre CLUT LoadImage rect=(736,480 16x15)
[BOOT0/TIM] PostLoadTim done
[MCFSM] state=1 step=0 (was 0/0 after 0 f)
[MCRD] card_info chan=3 -> IOE (n=7)
[MCFSM] state=1 step=2 (was 1/0 after 0 f)
[MCFSM] state=0 step=0 (was 1/2 after 0 f)
[MCFSM] state=1 step=0 (was 0/0 after 0 f)
[MCRD] card_info chan=3 -> IOE (n=8)
[MCFSM] state=1 step=2 (was 1/0 after 0 f)
[MCFSM] state=2 step=0 (was 1/2 after 0 f)
[MCRD] card_clear chan=3 -> IOE (n=4)
[MCFSM] state=2 step=2 (was 2/0 after 0 f)
[MCFSM] state=3 step=0 (was 2/2 after 0 f)
[MCRD] card_load chan=3 -> IOE (n=4)
[MCFSM] state=3 step=2 (was 3/0 after 0 f)
[BOOT0/TIM] PostLoadTim file=1802 'BLD.TIM' ss=0x795b img.u=0 img.v=0 tPage=0,11 clutX=304 clutY=0
[BOOT0/TIM] post ReadTIM: prect=0xfd0f1c caddr=0xfd0d18 paddr=0xfd0f24 mode=8
[BOOT0/TIM] pre pixel LoadImage rect=(704,0 64x256)
[BOOT0/TIM] pre CLUT LoadImage rect=(304,0 16x16)
[BOOT0/TIM] PostLoadTim done
[MCFSM] state=4 step=0 (was 3/2 after 0 f)
[MCRD] dir scan chan=3 (n=4)
[MCFSM] state=0 step=0 (was 4/0 after 0 f)
[MCFSM] state=1 step=0 (was 0/0 after 0 f)
[MCRD] card_info chan=16 -> IOE (n=9)
[MCFSM] state=1 step=2 (was 1/0 after 0 f)
[MCFSM] state=0 step=0 (was 1/2 after 0 f)
[MCFSM] state=1 step=0 (was 0/0 after 0 f)
[MCRD] card_info chan=16 -> IOE (n=10)
[MCFSM] state=1 step=2 (was 1/0 after 0 f)
[MCFSM] state=2 step=0 (was 1/2 after 0 f)
[MCRD] card_clear chan=16 -> IOE (n=5)
[MCFSM] state=2 step=2 (was 2/0 after 0 f)
[MCFSM] state=3 step=0 (was 2/2 after 0 f)
[MCRD] card_load chan=16 -> IOE (n=5)
[MCFSM] state=3 step=2 (was 3/0 after 0 f)
[MCFSM] state=4 step=0 (was 3/2 after 0 f)
[MCRD] dir scan chan=8 (n=5)
[MCRD] open 'bu10:BASLUS-00707SILENT00' flags=0x8001 -> h=1 dir=1 size=8192
[MCRD] read h=1 dir=1 ofs=512 len=256 ok
[MCRD] card_info chan=17 -> IOE (n=11)
[MCRD] card_info chan=17 -> IOE (n=12)
[MCRD] card_clear chan=17 -> IOE (n=6)
[MCRD] card_load chan=17 -> IOE (n=6)
[MCRD] dir scan chan=9 (n=6)
[MCRD] card_info chan=18 -> IOE (n=13)
[MCRD] card_info chan=18 -> IOE (n=14)
[MCRD] card_clear chan=18 -> IOE (n=7)
[MCRD] card_load chan=18 -> IOE (n=7)
[MCRD] dir scan chan=10 (n=7)
[MCRD] card_info chan=19 -> IOE (n=15)
[MCRD] card_info chan=19 -> IOE (n=16)
[MCRD] card_clear chan=19 -> IOE (n=8)
[MCRD] card_load chan=19 -> IOE (n=8)
[MCRD] dir scan chan=11 (n=8)
[FT] avgMs=29 worstMs=689 gameMs=13 drawMs=17 swapWait=0ms draws=4 decodes=0 decMs=0
[OTS] f=120 calls=2 n0=27 n1=18 prims=984 bb=-320,3520,-411,1131
[OTT] walkUs=612 texUs=2 emitUs=4 submitUs=130 otherUs=475 prims=6 usPerPrim=102
[SH-XBOX] GameState -> 2 (step 0)
[BOOT0/TIM] PostLoadTim file=1799 'BG_ETC.TIM' ss=0x7906 img.u=0 img.v=0 tPage=0,12 clutX=192 clutY=0
[BOOT0/TIM] post ReadTIM: prect=0xfc667c caddr=0xfc6518 paddr=0xfc6684 mode=8
[BOOT0/TIM] pre pixel LoadImage rect=(768,0 32x256)
[BOOT0/TIM] pre CLUT LoadImage rect=(192,0 16x11)
[BOOT0/TIM] PostLoadTim done
[MCRD] open 'bu00:BASLUS-00707SILENT00' flags=0x8001 -> h=1 dir=1 size=8192
[MCRD] read h=1 dir=1 ofs=768 len=128 ok
[BOOT0/TIM] PostLoadTim file=1980 'TITLE_E.TIM' ss=0x90b7 img.u=32 img.v=0 tPage=1,13 clutX=224 clutY=15
[BOOT0/TIM] post ReadTIM: prect=0xf9671c caddr=0xf96518 paddr=0xf96724 mode=9
[BOOT0/TIM] pre pixel LoadImage rect=(864,0 160x480)
[BOOT0/TIM] pre CLUT LoadImage rect=(224,15 256x1)
[BOOT0/TIM] PostLoadTim done
[SH-XBOX] GameState -> 6 (step 0)
[SH] open_main: playing FMV (file=2053 frames=0)
[FMV] no avi for C1_20670 (checked D:\fmv, D:\gamedata\fmv) -> MDEC
[FMV] start C1_20670 file_idx=2053 base=133127 sectors=20670 maxFrames=0 (15fps)
[XA] fmv stream open: 37800Hz stereo coding=0x01
[FMV] video 320x208, 9 sectors/frame
[mdec] hdr n_bytes=5776 first8=06 e0 38 00 00 01 00 02 qscale=1 version=2 ctx=320x208
[mdec] hdr n_bytes=5776 first8=06 e0 38 00 00 01 00 02 qscale=1 version=2 ctx=320x208
[mdec] hdr n_bytes=5776 first8=06 e0 38 00 00 01 00 02 qscale=1 version=2 ctx=320x208
[FT] avgMs=27 worstMs=183 gameMs=14 drawMs=12 swapWait=0ms draws=2 decodes=0 decMs=0
[FT] avgMs=41 worstMs=106 gameMs=10 drawMs=31 swapWait=0ms draws=1 decodes=0 decMs=0
[FMV] skipped at frame 131
[XA] fmv stream end: 163 sectors fed, 1408 ring frames discarded
[FMV] end C1_20670: 131 frames (2 dropped, 0 decode fails, 210 presents)
[SH] open_main: FMV_Play returned
[SH-XBOX] GameState -> 7 (step 0)
[BOOT-STEP] GameStartup step=0 qlen=0
[TRANSITION] GameStartup step=0: processFlags=0x20 (BootDemo) sizeof(s_WorldGfxWork)=11708
[SFX] Sd_PlaySfx: sfxId=1305 (Sfx_Base+25) vol=0
[BOOT-STEP] GameStartup step=1 qlen=0
[SFX] Sd_PlaySfx: sfxId=1305 (Sfx_Base+25) vol=0
[SFX] Sd_PlaySfx: sfxId=1305 (Sfx_Base+25) vol=0
[SFX] Sd_PlaySfx: sfxId=1305 (Sfx_Base+25) vol=0
[SFX] Sd_PlaySfx: sfxId=1305 (Sfx_Base+25) vol=0
[SFX] Sd_PlaySfx: sfxId=1305 (Sfx_Base+25) vol=0
[SFX] Sd_PlaySfx: sfxId=1305 (Sfx_Base+25) vol=0
[SFX] Sd_PlaySfx: sfxId=1305 (Sfx_Base+25) vol=0
[SFX] Sd_PlaySfx: sfxId=1305 (Sfx_Base+25) vol=0
[SFX] Sd_PlaySfx: sfxId=1305 (Sfx_Base+25) vol=0
[SFX] Sd_PlaySfx: sfxId=1305 (Sfx_Base+25) vol=0
[SFX] Sd_PlaySfx: sfxId=1305 (Sfx_Base+25) vol=0
[SFX] Sd_PlaySfx: sfxId=1305 (Sfx_Base+25) vol=0
[SFX] Sd_PlaySfx: sfxId=1305 (Sfx_Base+25) vol=0
[SFX] Sd_PlaySfx: sfxId=1305 (Sfx_Base+25) vol=0
[SFX] Sd_PlaySfx: sfxId=1305 (Sfx_Base+25) vol=0
[SFX] Sd_PlaySfx: sfxId=1305 (Sfx_Base+25) vol=0
[SFX] Sd_PlaySfx: sfxId=1305 (Sfx_Base+25) vol=0
[SFX] Sd_PlaySfx: sfxId=1305 (Sfx_Base+25) vol=0
[FT] avgMs=28 worstMs=152 gameMs=11 drawMs=17 swapWait=0ms draws=10 decodes=0 decMs=0
[OTS] f=480 calls=2 n0=2056 n1=295 prims=16288 bb=-320,3520,-411,1542
[OTT] walkUs=1870 texUs=10 emitUs=1021 submitUs=76 otherUs=761 prims=253 usPerPrim=7
[SFX] Sd_PlaySfx: sfxId=1305 (Sfx_Base+25) vol=0
[SFX] Sd_PlaySfx: sfxId=1305 (Sfx_Base+25) vol=0
[SFX] Sd_PlaySfx: sfxId=1305 (Sfx_Base+25) vol=0
[SFX] Sd_PlaySfx: sfxId=1305 (Sfx_Base+25) vol=0
[SFX] Sd_PlaySfx: sfxId=1305 (Sfx_Base+25) vol=0
[SFX] Sd_PlaySfx: sfxId=1305 (Sfx_Base+25) vol=0
[SFX] Sd_PlaySfx: sfxId=1305 (Sfx_Base+25) vol=0
[SFX] Sd_PlaySfx: sfxId=1305 (Sfx_Base+25) vol=0
[SFX] Sd_PlaySfx: sfxId=1305 (Sfx_Base+25) vol=0
[SFX] Sd_PlaySfx: sfxId=1305 (Sfx_Base+25) vol=0
[SFX] Sd_PlaySfx: sfxId=1305 (Sfx_Base+25) vol=0
[SFX] Sd_PlaySfx: sfxId=1305 (Sfx_Base+25) vol=0
[SFX] Sd_PlaySfx: sfxId=1305 (Sfx_Base+25) vol=0
[SFX] Sd_PlaySfx: sfxId=1305 (Sfx_Base+25) vol=0
[SFX] Sd_PlaySfx: sfxId=1305 (Sfx_Base+25) vol=0
[SFX] Sd_PlaySfx: sfxId=1305 (Sfx_Base+25) vol=0
[SFX] Sd_PlaySfx: sfxId=1305 (Sfx_Base+25) vol=0
[SFX] Sd_PlaySfx: sfxId=1305 (Sfx_Base+25) vol=0
[SFX] Sd_PlaySfx: sfxId=1305 (Sfx_Base+25) vol=0
[SFX] Sd_PlaySfx: sfxId=1305 (Sfx_Base+25) vol=0
[SFX] Sd_PlaySfx: sfxId=1305 (Sfx_Base+25) vol=0
[SFX] Sd_PlaySfx: sfxId=1305 (Sfx_Base+25) vol=0
[FT] avgMs=17 worstMs=50 gameMs=13 drawMs=3 swapWait=0ms draws=19 decodes=0 decMs=0
[SH-XBOX] vblank 600
[MEM] tick: free=12912KB (3228 pages)
[OTS] f=600 calls=2 n0=2056 n1=295 prims=34440 bb=-35,1120,-25,797
[OTT] walkUs=2512 texUs=9 emitUs=1022 submitUs=167 otherUs=1312 prims=253 usPerPrim=9
[SFX] Sd_PlaySfx: sfxId=1305 (Sfx_Base+25) vol=0
[SFX] Sd_PlaySfx: sfxId=1305 (Sfx_Base+25) vol=0
[FT] avgMs=17 worstMs=46 gameMs=13 drawMs=3 swapWait=0ms draws=20 decodes=0 decMs=0
[OTS] f=720 calls=2 n0=2056 n1=295 prims=34440 bb=-35,1120,-25,797
[OTT] walkUs=1991 texUs=9 emitUs=1021 submitUs=190 otherUs=769 prims=253 usPerPrim=7
[SFX] Sd_PlaySfx: sfxId=1281 (Sfx_Base+1) vol=0
[BOOT0/TIM] PostLoadTim file=1939 'SAVELOAD.TIM' ss=0x8ced img.u=0 img.v=16 tPage=1,5 clutX=224 clutY=14
[BOOT0/TIM] post ReadTIM: prect=0xfc671c caddr=0xfc6518 paddr=0xfc6724 mode=9
[BOOT0/TIM] pre pixel LoadImage rect=(320,16 160x240)
[BOOT0/TIM] pre CLUT LoadImage rect=(224,14 256x1)
[BOOT0/TIM] PostLoadTim done
[SH-XBOX] GameState -> 8 (step 0)
[SFX] Sd_PlaySfx: sfxId=1305 (Sfx_Base+25) vol=0
[FT] avgMs=18 worstMs=138 gameMs=13 drawMs=5 swapWait=0ms draws=65 decodes=0 decMs=0
[OTS] f=840 calls=2 n0=2052 n1=312 prims=34112 bb=-320,3520,-411,1542
[OTT] walkUs=2085 texUs=25 emitUs=187 submitUs=310 otherUs=1562 prims=187 usPerPrim=11
[FT] avgMs=16 worstMs=48 gameMs=13 drawMs=3 swapWait=0ms draws=89 decodes=0 decMs=0
[OTS] f=960 calls=2 n0=2052 n1=312 prims=36000 bb=157,1117,-25,745
[OTT] walkUs=2067 texUs=26 emitUs=187 submitUs=249 otherUs=1604 prims=187 usPerPrim=11
[FT] avgMs=16 worstMs=43 gameMs=13 drawMs=3 swapWait=0ms draws=89 decodes=0 decMs=0
[OTS] f=1080 calls=2 n0=2052 n1=312 prims=36000 bb=157,1117,-25,745
[OTT] walkUs=2159 texUs=24 emitUs=197 submitUs=278 otherUs=1658 prims=187 usPerPrim=11
[SFX] Sd_PlaySfx: sfxId=1305 (Sfx_Base+25) vol=0
[MCRD] card_info chan=18 -> IOE (n=256)
[SH-XBOX] vblank 1200
[MEM] tick: free=12912KB (3228 pages)
[FT] avgMs=16 worstMs=45 gameMs=13 drawMs=3 swapWait=0ms draws=89 decodes=0 decMs=0
[OTS] f=1200 calls=2 n0=2052 n1=316 prims=36448 bb=157,1117,-25,745
[OTT] walkUs=2015 texUs=25 emitUs=190 submitUs=315 otherUs=1484 prims=189 usPerPrim=10
[SFX] Sd_PlaySfx: sfxId=1305 (Sfx_Base+25) vol=0
[FT] avgMs=16 worstMs=46 gameMs=13 drawMs=3 swapWait=0ms draws=89 decodes=0 decMs=0
[OTS] f=1320 calls=2 n0=2052 n1=316 prims=36480 bb=157,1117,-25,745
[OTT] walkUs=2058 texUs=25 emitUs=190 submitUs=393 otherUs=1449 prims=189 usPerPrim=10
[FT] avgMs=16 worstMs=42 gameMs=13 drawMs=3 swapWait=0ms draws=89 decodes=0 decMs=0
[OTS] f=1440 calls=2 n0=2052 n1=316 prims=36480 bb=157,1117,-25,745
[OTT] walkUs=2284 texUs=24 emitUs=187 submitUs=505 otherUs=1567 prims=189 usPerPrim=12
[SFX] Sd_PlaySfx: sfxId=1305 (Sfx_Base+25) vol=0
[SFX] Sd_PlaySfx: sfxId=1305 (Sfx_Base+25) vol=0
[SFX] Sd_PlaySfx: sfxId=1305 (Sfx_Base+25) vol=0
[FT] avgMs=17 worstMs=48 gameMs=13 drawMs=3 swapWait=0ms draws=89 decodes=0 decMs=0
[OTS] f=1560 calls=2 n0=2052 n1=314 prims=36344 bb=157,1117,-25,745
[OTT] walkUs=1989 texUs=28 emitUs=188 submitUs=261 otherUs=1512 prims=188 usPerPrim=10
[SFX] Sd_PlaySfx: sfxId=1305 (Sfx_Base+25) vol=0
[SFX] Sd_PlaySfx: sfxId=1305 (Sfx_Base+25) vol=0
[SFX] Sd_PlaySfx: sfxId=1305 (Sfx_Base+25) vol=0
[SFX] Sd_PlaySfx: sfxId=1305 (Sfx_Base+25) vol=0
[SFX] Sd_PlaySfx: sfxId=1305 (Sfx_Base+25) vol=0
[FT] avgMs=16 worstMs=45 gameMs=13 drawMs=3 swapWait=0ms draws=91 decodes=0 decMs=0
[OTS] f=1680 calls=2 n0=2052 n1=322 prims=36994 bb=157,1117,-25,745
[OTT] walkUs=1763 texUs=26 emitUs=190 submitUs=252 otherUs=1294 prims=192 usPerPrim=9
[SFX] Sd_PlaySfx: sfxId=1305 (Sfx_Base+25) vol=0
[SFX] Sd_PlaySfx: sfxId=1305 (Sfx_Base+25) vol=0
[SFX] Sd_PlaySfx: sfxId=1305 (Sfx_Base+25) vol=0
[SFX] Sd_PlaySfx: sfxId=1305 (Sfx_Base+25) vol=0
[SH-XBOX] vblank 1800
[MEM] tick: free=12912KB (3228 pages)
[FT] avgMs=17 worstMs=46 gameMs=13 drawMs=3 swapWait=0ms draws=92 decodes=0 decMs=0
[OTS] f=1800 calls=2 n0=2052 n1=322 prims=37104 bb=157,1117,-25,745
[OTT] walkUs=2221 texUs=25 emitUs=190 submitUs=615 otherUs=1389 prims=192 usPerPrim=11
[SFX] Sd_PlaySfx: sfxId=1307 (Sfx_Base+27) vol=0
[MCRD] open 'bu00:BASLUS-00707SILENT00' flags=0x8001 -> h=1 dir=1 size=8192
[MCRD] read h=1 dir=1 ofs=5376 len=640 ok
[MCRD] open 'bu00:BASLUS-00707SILENT00' flags=0x8001 -> h=1 dir=1 size=8192
[MCRD] read h=1 dir=1 ofs=768 len=128 ok
[CHARA-TEX] charaId=1 matCount=1 modelCount=23
[CHARA-TEX] mat[0] name='HERO' field_C=1 E=0x3b F=0x3b clut=0x782e UV=0x0000 tex=0
[CHARA-TEX] prim0: f0=0x135b(UV0) f2=0x7a6e(clut) f4=0x1651(UV1) f6=0x003b(tpage) f8=0x1251(UV2) fA=0x0000(UV3)
[CHARA-TEX] texDesc: tPage=[0,27] u=0 v=0 clutXY=(736,480)
[AUTO-EQUIP-CHECK] mapIdx=10 processFlags=0x8 inventorySlotCount=11 equippedWeapon=162
[MAP-LOAD] GameBoot_MapLoad mapIdx=10 (map2_s00) fileIdx=2005 linked=1 procFlags=0x8
[MAP-LOAD] MapRegistry_Load(10)=map2_s00 linked=1 header=005b8b94
[MEM] after map-load: free=12912KB (3228 pages)
[LANG] USA disc-patch skipped on Xbox (compiled text kept)
[SH-XBOX] GameState -> 10 (step 0)
[BOOT-STEP] GameStartup step=0 qlen=0
[TRANSITION] GameStartup step=0: processFlags=0x8 (LoadSave) sizeof(s_WorldGfxWork)=11708
[VRAM] texture cache: 24/96 slots (256KB each), free=6768KB after
[VRAM] cache capped by 8MB heap reserve (expect decode thrash)
[VRAM] cache grew to 25 slots (free=6512KB)
[VRAM] miss cause: evict=0 inval=0 cold=2 (alloc=26)
[BOOT-STEP] GameStartup step=3 qlen=0
[BOOT-STEP] GameStartup step=4 qlen=0
[BOOT-STEP] GameStartup step=5 qlen=0
[BOOT-STEP] GameStartup step=6 qlen=6
[BOOT0/TIM] PostLoadTim file=1449 'REBIRD.TIM' ss=0x5b2c img.u=0 img.v=0 tPage=0,28 clutX=704 clutY=464
[BOOT0/TIM] post ReadTIM: prect=0xfc65dc caddr=0xfc6518 paddr=0xfc65e4 mode=8
[BOOT0/TIM] pre pixel LoadImage rect=(768,256 32x128)
[BOOT0/TIM] pre CLUT LoadImage rect=(704,464 16x6)
[BOOT0/TIM] PostLoadTim done
[BOOT0/TIM] PostLoadTim file=1415 'DOG.TIM' ss=0x5a47 img.u=0 img.v=128 tPage=0,28 clutX=720 clutY=464
[BOOT0/TIM] post ReadTIM: prect=0xfc65bc caddr=0xfc6518 paddr=0xfc65c4 mode=8
[BOOT0/TIM] pre pixel LoadImage rect=(768,384 32x128)
[BOOT0/TIM] pre CLUT LoadImage rect=(720,464 16x5)
[BOOT0/TIM] PostLoadTim done
[BOOT-STEP] GameStartup step=7 qlen=0
[TRANSITION] GameStartup step=7: processFlags=0x8 playerPos=(-181723,819,1415999) func_80039F90=0x0
[IPD-INIT] Ipd_MapFileInfoSet: mapTag='THR' activeIpdCount=4 isExterior=1 plmIdx=1370 ipdFileIdx=0 textureFileIdx=0 curSize=0 willRebuildGrid=1
[MEM] after chunk-buffers: free=4208KB (1052 pages)
[TRANSITION] GameStartup step=7 post-init: playerPos=(-181723,819,1415999) mapTag='THR'
[BOOT-STEP] GameStartup step=8 qlen=8
[BOOT0/TIM] PostLoadTim file=1073 'THR0001F.TIM' ss=0x45d8 img.u=0 img.v=0 tPage=0,8 clutX=0 clutY=0
[BOOT0/TIM] post ReadTIM: prect=0xfd05dc caddr=0xfd0518 paddr=0xfd05e4 mode=8
[BOOT0/TIM] pre pixel LoadImage rect=(512,0 64x256)
[BOOT0/TIM] pre CLUT LoadImage rect=(0,0 16x6)
[BOOT0/TIM] PostLoadTim done
[POOLSTOMP] upload (512,0 64x256) hits PINNED pool slot 0 'THR0001F' (512,0)
[BOOT0/TIM] PostLoadTim file=1077 'THR0003F.TIM' ss=0x4625 img.u=0 img.v=0 tPage=0,9 clutX=16 clutY=0
[BOOT0/TIM] post ReadTIM: prect=0xfd06dc caddr=0xfd0518 paddr=0xfd06e4 mode=8
[BOOT0/TIM] pre pixel LoadImage rect=(576,0 64x256)
[BOOT0/TIM] pre CLUT LoadImage rect=(16,0 16x14)
[BOOT0/TIM] PostLoadTim done
[POOLSTOMP] upload (576,0 64x256) hits PINNED pool slot 1 'THR0003F' (576,0)
[BOOT0/TIM] PostLoadTim file=1075 'THR0002F.TIM' ss=0x45fe img.u=0 img.v=0 tPage=0,10 clutX=32 clutY=0
[BOOT0/TIM] post ReadTIM: prect=0xfd065c caddr=0xfd0518 paddr=0xfd0664 mode=8
[BOOT0/TIM] pre pixel LoadImage rect=(640,0 64x256)
[BOOT0/TIM] pre CLUT LoadImage rect=(32,0 16x10)
[BOOT0/TIM] PostLoadTim done
[POOLSTOMP] upload (640,0 64x256) hits PINNED pool slot 2 'THR0002F' (640,0)
[BOOT0/TIM] PostLoadTim file=1079 'THR0004F.TIM' ss=0x4644 img.u=0 img.v=0 tPage=0,21 clutX=48 clutY=0
[BOOT0/TIM] post ReadTIM: prect=0xfd071c caddr=0xfd0518 paddr=0xfd0724 mode=8
[BOOT0/TIM] pre pixel LoadImage rect=(320,256 64x256)
[BOOT0/TIM] pre CLUT LoadImage rect=(48,0 16x16)
[BOOT0/TIM] PostLoadTim done
[POOLSTOMP] upload (320,256 64x256) hits PINNED pool slot 3 'THR0004F' (320,256)
[BOOT0/TIM] PostLoadTim file=1271 'THRCT21F.TIM' ss=0x521c img.u=0 img.v=0 tPage=0,22 clutX=64 clutY=0
[BOOT0/TIM] post ReadTIM: prect=0xfd069c caddr=0xfd0518 paddr=0xfd06a4 mode=8
[BOOT0/TIM] pre pixel LoadImage rect=(384,256 64x256)
[BOOT0/TIM] pre CLUT LoadImage rect=(64,0 16x12)
[BOOT0/TIM] PostLoadTim done
[POOLSTOMP] upload (384,256 64x256) hits PINNED pool slot 4 'THRCT21F' (384,256)
[BOOT0/TIM] PostLoadTim file=1272 'THRCT22F.TIM' ss=0x522d img.u=0 img.v=0 tPage=0,23 clutX=80 clutY=0
[BOOT0/TIM] post ReadTIM: prect=0xfd069c caddr=0xfd0518 paddr=0xfd06a4 mode=8
[BOOT0/TIM] pre pixel LoadImage rect=(448,256 64x256)
[BOOT0/TIM] pre CLUT LoadImage rect=(80,0 16x12)
[BOOT0/TIM] PostLoadTim done
[POOLSTOMP] upload (448,256 64x256) hits PINNED pool slot 5 'THRCT22F' (448,256)
[BOOT0/TIM] PostLoadTim file=1274 'THRCT23H.TIM' ss=0x5247 img.u=0 img.v=0 tPage=0,26 clutX=128 clutY=0
[BOOT0/TIM] post ReadTIM: prect=0xfd06dc caddr=0xfd0518 paddr=0xfd06e4 mode=8
[BOOT0/TIM] pre pixel LoadImage rect=(640,256 32x256)
[BOOT0/TIM] pre CLUT LoadImage rect=(128,0 16x14)
[BOOT0/TIM] PostLoadTim done
[POOLSTOMP] upload (640,256 32x256) hits PINNED pool slot 8 'THRCT23H' (640,256)
[BOOT0/TIM] PostLoadTim file=1266 'THRC101F.TIM' ss=0x51c7 img.u=0 img.v=0 tPage=0,24 clutX=96 clutY=0
[BOOT0/TIM] post ReadTIM: prect=0xfd05bc caddr=0xfd0518 paddr=0xfd05c4 mode=8
[BOOT0/TIM] pre pixel LoadImage rect=(512,256 64x256)
[BOOT0/TIM] pre CLUT LoadImage rect=(96,0 16x5)
[BOOT0/TIM] PostLoadTim done
[POOLSTOMP] upload (512,256 64x256) hits PINNED pool slot 6 'THRC101F' (512,256)
[TEXVRAM] 'THR0001F' tPage=[0,8] clutXY=(0,0) uv=(0,0)
[TEXVRAM] 'THR0003F' tPage=[0,9] clutXY=(16,0) uv=(0,0)
[TEXVRAM] 'THR0002F' tPage=[0,10] clutXY=(32,0) uv=(0,0)
[TEXVRAM] 'THR0004F' tPage=[0,21] clutXY=(48,0) uv=(0,0)
[TEXVRAM] 'THRCT23H' tPage=[0,26] clutXY=(128,0) uv=(0,0)
[TEXVRAM] 'THRCT21F' tPage=[0,22] clutXY=(64,0) uv=(0,0)
[TEXVRAM] 'THRCT22F' tPage=[0,23] clutXY=(80,0) uv=(0,0)
[TEXVRAM] 'THRC101F' tPage=[0,24] clutXY=(96,0) uv=(0,0)
[BOOT-STEP] GameStartup step=9 qlen=0
[BOOT-STEP] GameStartup step=10 qlen=0
[SH_AMB] Sd_AmbientSfxSet idx=11 -> loadCmd=178
[SH_AMB] Sd_VabLoad ambient cmd=178 type=2 dedup=0
[BOOT-STEP] GameStartup step=11 qlen=0
[CHARA-TEX] charaId=2 matCount=1 modelCount=16
[CHARA-TEX] mat[0] name='REBIRD' field_C=1 E=0x5c F=0x5c clut=0x742c UV=0x0000 tex=0
[CHARA-TEX] prim0: f0=0x2971(UV0) f2=0x74ac(clut) f4=0x1d6a(UV1) f6=0x005c(tpage) f8=0x2077(UV2) fA=0x0000(UV3)
[CHARA-TEX] texDesc: tPage=[0,28] u=0 v=0 clutXY=(704,464)
[CHARA-TEX] charaId=4 matCount=1 modelCount=22
[CHARA-TEX] mat[0] name='DOG' field_C=1 E=0x5c F=0x5c clut=0x742d UV=0x8000 tex=0
[CHARA-TEX] prim0: f0=0xce2b(UV0) f2=0x742d(clut) f4=0xc02e(UV1) f6=0x005c(tpage) f8=0xcd2f(UV2) fA=0x8000(UV3)
[CHARA-TEX] texDesc: tPage=[0,28] u=0 v=128 clutXY=(720,464)
[SFX] Sd_SfxStop: sfxId=1300 (Sfx_Base+20)
[SFX] Sd_SfxStop: sfxId=1302 (Sfx_Base+22)
[SFX] Sd_SfxStop: sfxId=1301 (Sfx_Base+21)
[SFX] Sd_SfxStop: sfxId=1303 (Sfx_Base+23)
[SFX] Sd_SfxStop: sfxId=1321 (Sfx_Base+41)
[SFX] Sd_SfxStop: sfxId=1322 (Sfx_Base+42)
[WOBJ] resolved 'AXIS1_HI' lmIdx=4
[WOBJ] resolved 'AXIS2_BA' lmIdx=4
[WOBJ] resolved 'PAD_NEAR' lmIdx=1
[SFX] Sd_PlaySfx: sfxId=1482 (Sfx_Base+202) vol=0
[RELOAD_KF] weap=34 blendStart=-1 blendEnd=605 activeEnd=641
[WEP_LOAD] weaponAttack=34 FS_BUFFER_12=0xf040b8 — queuing weapon ANM
[WEP_LOAD] post-load FS_BUFFER_12 first 16 bytes: 00 fa 00 7f ff fd 01 7f fe 03 02 7f 7f 01 01 ff
[WEP_LOAD] HARRY_BASE_ANIM_INFOS[56] status=56 hasVar=0 link=57 sk=-1 ek=570
[WEP_LOAD] HARRY_BASE_ANIM_INFOS[57] status=57 hasVar=0 link=57 sk=570 ek=579
[WEP_LOAD] g_Player_EquippedWeaponInfo: attackSfx=1287 animStop=66 animAttack=72 animHold=61 sizeof=12
[FT] avgMs=28 worstMs=723 gameMs=12 drawMs=16 swapWait=0ms draws=44 decodes=20 decMs=37
[BOOT0/TIM] PostLoadTim file=1505 'TIM00.TIM' ss=0x5dcb img.u=0 img.v=0 tPage=0,15 clutX=176 clutY=0
[BOOT0/TIM] post ReadTIM: prect=0xfc671c caddr=0xfc6518 paddr=0xfc6724 mode=8
[BOOT0/TIM] pre pixel LoadImage rect=(960,0 64x256)
[BOOT0/TIM] pre CLUT LoadImage rect=(176,0 16x16)
[BOOT0/TIM] PostLoadTim done
[BOOT-STEP] GameStartup step=12 qlen=2
[RACOND] *** KILL-FRAME EDGE: flagByte 00 -> FC, mapIdx=10 room=40 (set wants mapIdx=8 room=2)
[SH-XBOX] GameState -> 11 (step 0)
[FOGST-GPU] clear=0xff6c6474
[BGM] ChannelSet bgmIdx=6 cmd=773
[BOOT0/TIM] PostLoadTim file=1514 'TIM07.TIM' ss=0x5e64 img.u=32 img.v=0 tPage=0,13 clutX=240 clutY=0
[BOOT0/TIM] post ReadTIM: prect=0xfc661c caddr=0xfc6518 paddr=0xfc6624 mode=8
[BOOT0/TIM] pre pixel LoadImage rect=(864,0 32x256)
[BOOT0/TIM] pre CLUT LoadImage rect=(240,0 16x8)
[BOOT0/TIM] PostLoadTim done
[SH_DRIP] key_on song=0 ch=8 prog=5 note=53 bank=127 vabId=3 tones=1 match=1 vab2match=0
[SH_DRIP] key_on song=0 ch=7 prog=4 note=45 bank=127 vabId=3 tones=1 match=1 vab2match=0
[BOOT0/TIM] PostLoadTim file=1509 'TIM02.TIM' ss=0x5e0f img.u=0 img.v=0 tPage=0,14 clutX=160 clutY=0
[BOOT0/TIM] post ReadTIM: prect=0xfc671c caddr=0xfc6518 paddr=0xfc6724 mode=8
[BOOT0/TIM] pre pixel LoadImage rect=(896,0 64x256)
[BOOT0/TIM] pre CLUT LoadImage rect=(160,0 16x16)
[BOOT0/TIM] PostLoadTim done
[SH_DRIP] key_on song=0 ch=4 prog=2 note=63 bank=127 vabId=3 tones=1 match=1 vab2match=0
[SH_DRIP] key_on song=0 ch=1 prog=0 note=49 bank=127 vabId=3 tones=1 match=1 vab2match=1
[SH_DRIP] key_on song=0 ch=2 prog=0 note=49 bank=127 vabId=3 tones=1 match=1 vab2match=1
[SH_DRIP] key_on song=0 ch=5 prog=3 note=66 bank=127 vabId=3 tones=1 match=1 vab2match=0
[FT] avgMs=36 worstMs=150 gameMs=12 drawMs=23 swapWait=0ms draws=343 decodes=1 decMs=2
[OTS] f=2040 calls=4 n0=2977 n1=16 prims=126058 bb=-2432,3520,-961,2953
[OTT] walkUs=7588 texUs=248 emitUs=3500 submitUs=926 otherUs=2913 prims=929 usPerPrim=8
[FT] avgMs=33 worstMs=72 gameMs=10 drawMs=22 swapWait=0ms draws=355 decodes=0 decMs=0
[OTS] f=2160 calls=2 n0=2971 n1=16 prims=111687 bb=-2432,3133,-961,2953
[OTT] walkUs=7480 texUs=251 emitUs=3496 submitUs=897 otherUs=2835 prims=923 usPerPrim=8
[SYSSTATE] dispatch sysState=2 mapEventData=0
[FOGST-GPU] clear=0xff000000
[SH-XBOX] GameState -> 19 (step 0)
[BOOT0/TIM] PostLoadTim file=1485 'HEROPIC2.TIM' ss=0x5bb6 img.u=12 img.v=103 tPage=1,31 clutX=224 clutY=13
[BOOT0/TIM] post ReadTIM: prect=0xfc671c caddr=0xfc6518 paddr=0xfc6724 mode=9
[BOOT0/TIM] pre pixel LoadImage rect=(972,359 52x152)
[BOOT0/TIM] pre CLUT LoadImage rect=(224,13 256x1)
[BOOT0/TIM] PostLoadTim done
[SH-XBOX] GameState -> 14 (step 0)
[ITEMPICK] map-pack link: slot=0 loadableIdx=15 nobj=34 obj=ok
[ITEMPICK] map-pack link: slot=1 loadableIdx=16 nobj=34 obj=ok
[ITEMPICK] map-pack link: slot=2 loadableIdx=25 nobj=34 obj=ok
[ITEMPICK] map-pack link: slot=3 loadableIdx=0 nobj=34 obj=ok
[ITEMPICK] map-pack link: slot=4 loadableIdx=1 nobj=34 obj=ok
[ITEMPICK] map-pack link: slot=5 loadableIdx=2 nobj=34 obj=ok
[ITEMPICK] map-pack link: slot=6 loadableIdx=8 nobj=34 obj=ok
[ITEMPICK] map-pack link: slot=7 loadableIdx=10 nobj=34 obj=ok
[FT] avgMs=32 worstMs=106 gameMs=11 drawMs=21 swapWait=0ms draws=323 decodes=2 decMs=5
[OTS] f=2280 calls=2 n0=2491 n1=192 prims=104792 bb=-2432,3520,-961,2979
[OTT] walkUs=3756 texUs=185 emitUs=1121 submitUs=478 otherUs=1970 prims=542 usPerPrim=6
[SFX] Sd_PlaySfx: sfxId=1305 (Sfx_Base+25) vol=64
[SFX] Sd_PlaySfx: sfxId=1305 (Sfx_Base+25) vol=64
[SH-XBOX] vblank 2400
[MEM] tick: free=4016KB (1004 pages)
[SFX] Sd_PlaySfx: sfxId=1307 (Sfx_Base+27) vol=64
[BOOT0/TIM] PostLoadTim file=1919 'OPTION.TIM' ss=0x8a38 img.u=0 img.v=16 tPage=1,5 clutX=224 clutY=14
[BOOT0/TIM] post ReadTIM: prect=0xfc671c caddr=0xfc6518 paddr=0xfc6724 mode=9
[BOOT0/TIM] pre pixel LoadImage rect=(320,16 160x240)
[BOOT0/TIM] pre CLUT LoadImage rect=(224,14 256x1)
[BOOT0/TIM] PostLoadTim done
[FT] avgMs=18 worstMs=81 gameMs=6 drawMs=11 swapWait=1ms draws=158 decodes=0 decMs=0
[OTS] f=2400 calls=2 n0=2487 n1=139 prims=77566 bb=-320,3520,-25,745
[OTT] walkUs=3810 texUs=176 emitUs=1084 submitUs=332 otherUs=2217 prims=510 usPerPrim=7
[SH-XBOX] GameState -> 18 (step 0)
[SFX] Sd_PlaySfx: sfxId=1305 (Sfx_Base+25) vol=64
[SFX] Sd_PlaySfx: sfxId=1305 (Sfx_Base+25) vol=64
[SFX] Sd_PlaySfx: sfxId=1305 (Sfx_Base+25) vol=64
[SFX] Sd_PlaySfx: sfxId=1307 (Sfx_Base+27) vol=64
[FT] avgMs=18 worstMs=141 gameMs=11 drawMs=6 swapWait=0ms draws=75 decodes=0 decMs=0
[OTS] f=2520 calls=2 n0=2055 n1=373 prims=46104 bb=-320,3520,-411,1131
[OTT] walkUs=2245 texUs=26 emitUs=597 submitUs=189 otherUs=1431 prims=251 usPerPrim=8
[SFX] Sd_PlaySfx: sfxId=1305 (Sfx_Base+25) vol=64
[SFX] Sd_PlaySfx: sfxId=1305 (Sfx_Base+25) vol=64
[SFX] Sd_PlaySfx: sfxId=1305 (Sfx_Base+25) vol=64
[SFX] Sd_PlaySfx: sfxId=1305 (Sfx_Base+25) vol=64
[FT] avgMs=17 worstMs=49 gameMs=11 drawMs=6 swapWait=0ms draws=99 decodes=0 decMs=0
[OTS] f=2640 calls=2 n0=2055 n1=355 prims=41720 bb=-320,3520,-411,1131
[OTT] walkUs=2143 texUs=34 emitUs=179 submitUs=419 otherUs=1510 prims=196 usPerPrim=10
[SFX] Sd_PlaySfx: sfxId=1305 (Sfx_Base+25) vol=64
[SFX] Sd_PlaySfx: sfxId=1305 (Sfx_Base+25) vol=64
[SFX] Sd_PlaySfx: sfxId=1305 (Sfx_Base+25) vol=64
[FT] avgMs=17 worstMs=57 gameMs=11 drawMs=5 swapWait=0ms draws=102 decodes=0 decMs=0
[OTS] f=2760 calls=2 n0=2055 n1=355 prims=41520 bb=157,1120,-25,745
[OTT] walkUs=1991 texUs=34 emitUs=179 submitUs=273 otherUs=1503 prims=196 usPerPrim=10
[SFX] Sd_PlaySfx: sfxId=1305 (Sfx_Base+25) vol=64
[SH_DRIP] key_on song=0 ch=6 prog=3 note=70 bank=127 vabId=3 tones=1 match=1 vab2match=0
[SFX] Sd_PlaySfx: sfxId=1305 (Sfx_Base+25) vol=64
[SFX] Sd_PlaySfx: sfxId=1307 (Sfx_Base+27) vol=64
[SH_DRIP] key_on song=0 ch=3 prog=1 note=73 bank=127 vabId=3 tones=1 match=1 vab2match=0
[FT] avgMs=17 worstMs=52 gameMs=11 drawMs=5 swapWait=0ms draws=88 decodes=0 decMs=0
[OTS] f=2880 calls=2 n0=2055 n1=265 prims=36660 bb=157,1120,-25,745
[OTT] walkUs=1964 texUs=26 emitUs=137 submitUs=218 otherUs=1582 prims=145 usPerPrim=13
[SFX] Sd_PlaySfx: sfxId=1305 (Sfx_Base+25) vol=64
[SH-XBOX] vblank 3000
[MEM] tick: free=4016KB (1004 pages)
[SFX] Sd_PlaySfx: sfxId=1305 (Sfx_Base+25) vol=64
[FT] avgMs=16 worstMs=46 gameMs=11 drawMs=5 swapWait=0ms draws=71 decodes=0 decMs=0
[OTS] f=3000 calls=2 n0=2055 n1=265 prims=30720 bb=157,1120,-25,745
[OTT] walkUs=1756 texUs=25 emitUs=136 submitUs=266 otherUs=1327 prims=145 usPerPrim=12
[SFX] Sd_PlaySfx: sfxId=1305 (Sfx_Base+25) vol=64
[FT] avgMs=17 worstMs=53 gameMs=11 drawMs=5 swapWait=0ms draws=71 decodes=0 decMs=0
[OTS] f=3120 calls=2 n0=2055 n1=265 prims=30720 bb=157,1120,-25,745
[OTT] walkUs=1804 texUs=25 emitUs=140 submitUs=292 otherUs=1345 prims=145 usPerPrim=12
[FT] avgMs=16 worstMs=50 gameMs=11 drawMs=5 swapWait=0ms draws=71 decodes=0 decMs=0
[OTS] f=3240 calls=2 n0=2055 n1=265 prims=30720 bb=157,1120,-25,745
[OTT] walkUs=1982 texUs=26 emitUs=145 submitUs=427 otherUs=1382 prims=145 usPerPrim=13
[FT] avgMs=16 worstMs=44 gameMs=11 drawMs=5 swapWait=0ms draws=71 decodes=0 decMs=0
[OTS] f=3360 calls=2 n0=2055 n1=265 prims=30720 bb=157,1120,-25,745
[OTT] walkUs=1835 texUs=26 emitUs=138 submitUs=364 otherUs=1306 prims=145 usPerPrim=12
[SFX] Sd_PlaySfx: sfxId=1305 (Sfx_Base+25) vol=64
[FT] avgMs=16 worstMs=46 gameMs=11 drawMs=5 swapWait=0ms draws=71 decodes=0 decMs=0
[OTS] f=3480 calls=2 n0=2055 n1=265 prims=30720 bb=157,1120,-25,745
[OTT] walkUs=1929 texUs=26 emitUs=146 submitUs=195 otherUs=1560 prims=145 usPerPrim=13
[SH-XBOX] vblank 3600
[MEM] tick: free=4016KB (1004 pages)
[FT] avgMs=16 worstMs=53 gameMs=11 drawMs=5 swapWait=0ms draws=71 decodes=0 decMs=0
[OTS] f=3600 calls=2 n0=2055 n1=265 prims=30720 bb=157,1120,-25,745
[OTT] walkUs=1914 texUs=26 emitUs=135 submitUs=378 otherUs=1373 prims=145 usPerPrim=13
[SFX] Sd_PlaySfx: sfxId=1305 (Sfx_Base+25) vol=64
[SFX] Sd_PlaySfx: sfxId=1305 (Sfx_Base+25) vol=64
Minimap_Opacity: 
[SFX] Sd_PlaySfx: sfxId=1305 (Sfx_Base+25) vol=64
Minimap_Opacity: 
[SFX] Sd_PlaySfx: sfxId=1305 (Sfx_Base+25) vol=64
Minimap_Opacity: 
[SFX] Sd_PlaySfx: sfxId=1305 (Sfx_Base+25) vol=64
Minimap_Opacity: 
[SFX] Sd_PlaySfx: sfxId=1305 (Sfx_Base+25) vol=64
Minimap_Opacity: 
[SFX] Sd_PlaySfx: sfxId=1305 (Sfx_Base+25) vol=64
Minimap_Opacity: 
[SFX] Sd_PlaySfx: sfxId=1305 (Sfx_Base+25) vol=64
Minimap_Opacity: 
[SFX] Sd_PlaySfx: sfxId=1305 (Sfx_Base+25) vol=64
Minimap_Opacity: 
[SFX] Sd_PlaySfx: sfxId=1305 (Sfx_Base+25) vol=64
Minimap_Opacity: 
[FT] avgMs=18 worstMs=134 gameMs=10 drawMs=7 swapWait=0ms draws=79 decodes=0 decMs=0
[OTS] f=3720 calls=2 n0=2055 n1=387 prims=34032 bb=157,1120,-25,745
[OTT] walkUs=1938 texUs=38 emitUs=160 submitUs=281 otherUs=1457 prims=206 usPerPrim=9
[SFX] Sd_PlaySfx: sfxId=1305 (Sfx_Base+25) vol=64
Minimap_Opacity: 
[SFX] Sd_PlaySfx: sfxId=1305 (Sfx_Base+25) vol=64
Minimap_Opacity: 
[SFX] Sd_PlaySfx: sfxId=1305 (Sfx_Base+25) vol=64
Minimap_Opacity: 
[SFX] Sd_PlaySfx: sfxId=1305 (Sfx_Base+25) vol=64
Minimap_Opacity: 
[SFX] Sd_PlaySfx: sfxId=1305 (Sfx_Base+25) vol=64
Minimap_Opacity: 
[SFX] Sd_PlaySfx: sfxId=1305 (Sfx_Base+25) vol=64
Minimap_Opacity: 
[SFX] Sd_PlaySfx: sfxId=1305 (Sfx_Base+25) vol=64
Minimap_Opacity: 
[SFX] Sd_PlaySfx: sfxId=1305 (Sfx_Base+25) vol=64
Minimap_Opacity: 
[SFX] Sd_PlaySfx: sfxId=1305 (Sfx_Base+25) vol=64
Minimap_Opacity: 
[SFX] Sd_PlaySfx: sfxId=1305 (Sfx_Base+25) vol=64
Minimap_Opacity: 
[SFX] Sd_PlaySfx: sfxId=1305 (Sfx_Base+25) vol=64
Minimap_Opacity: 
[SFX] Sd_PlaySfx: sfxId=1305 (Sfx_Base+25) vol=64
Minimap_Opacity: 
[SFX] Sd_PlaySfx: sfxId=1305 (Sfx_Base+25) vol=64
[FT] avgMs=16 worstMs=23 gameMs=10 drawMs=6 swapWait=0ms draws=107 decodes=0 decMs=0
[OTS] f=3840 calls=2 n0=2055 n1=389 prims=45534 bb=157,1120,-25,745
[OTT] walkUs=1867 texUs=39 emitUs=162 submitUs=404 otherUs=1260 prims=207 usPerPrim=9
[FT] avgMs=16 worstMs=52 gameMs=11 drawMs=5 swapWait=0ms draws=103 decodes=0 decMs=0
[OTS] f=3960 calls=2 n0=2055 n1=269 prims=44100 bb=157,1120,-25,745
[OTT] walkUs=1720 texUs=26 emitUs=138 submitUs=197 otherUs=1358 prims=147 usPerPrim=11
[SFX] Sd_PlaySfx: sfxId=1305 (Sfx_Base+25) vol=64
Minimap_Scale: 
[SFX] Sd_PlaySfx: sfxId=1305 (Sfx_Base+25) vol=64
Minimap_Scale: 
[SFX] Sd_PlaySfx: sfxId=1305 (Sfx_Base+25) vol=64
Minimap_Scale: 
[SFX] Sd_PlaySfx: sfxId=1305 (Sfx_Base+25) vol=64
Minimap_Scale: 
[SFX] Sd_PlaySfx: sfxId=1305 (Sfx_Base+25) vol=64
Minimap_Scale: 
[SFX] Sd_PlaySfx: sfxId=1305 (Sfx_Base+25) vol=64
Minimap_Scale: 
[SFX] Sd_PlaySfx: sfxId=1305 (Sfx_Base+25) vol=64
Minimap_Scale: 
[SFX] Sd_PlaySfx: sfxId=1305 (Sfx_Base+25) vol=64
Minimap_Scale: 
[SFX] Sd_PlaySfx: sfxId=1305 (Sfx_Base+25) vol=64
Minimap_Scale: 
[SFX] Sd_PlaySfx: sfxId=1305 (Sfx_Base+25) vol=64
Minimap_Scale: 
[SFX] Sd_PlaySfx: sfxId=1305 (Sfx_Base+25) vol=64
Minimap_Scale: 
[SFX] Sd_PlaySfx: sfxId=1305 (Sfx_Base+25) vol=64
Minimap_Scale: 
[SFX] Sd_PlaySfx: sfxId=1305 (Sfx_Base+25) vol=64
Minimap_Scale: 
[FT] avgMs=20 worstMs=110 gameMs=10 drawMs=9 swapWait=0ms draws=98 decodes=0 decMs=0
[OTS] f=4080 calls=2 n0=2055 n1=375 prims=42124 bb=157,1120,-25,745
[OTT] walkUs=2159 texUs=38 emitUs=160 submitUs=344 otherUs=1617 prims=200 usPerPrim=10
[SFX] Sd_PlaySfx: sfxId=1305 (Sfx_Base+25) vol=64
Minimap_Scale: 
[SFX] Sd_PlaySfx: sfxId=1305 (Sfx_Base+25) vol=64
Minimap_Scale: 
[SFX] Sd_PlaySfx: sfxId=1305 (Sfx_Base+25) vol=64
Minimap_Scale: 
[SFX] Sd_PlaySfx: sfxId=1305 (Sfx_Base+25) vol=64
Minimap_Scale: 
[SFX] Sd_PlaySfx: sfxId=1305 (Sfx_Base+25) vol=64
Minimap_Scale: 
[SH-XBOX] vblank 4200
[MEM] tick: free=4012KB (1003 pages)
[SFX] Sd_PlaySfx: sfxId=1306 (Sfx_Base+26) vol=64
[FT] avgMs=18 worstMs=111 gameMs=10 drawMs=8 swapWait=0ms draws=103 decodes=0 decMs=0
[OTS] f=4200 calls=2 n0=2055 n1=377 prims=43934 bb=-320,3520,-411,1131
[OTT] walkUs=2177 texUs=37 emitUs=158 submitUs=281 otherUs=1699 prims=201 usPerPrim=10
[SFX] Sd_PlaySfx: sfxId=1306 (Sfx_Base+26) vol=64
[SH-XBOX] GameState -> 14 (step 0)
[ITEMPICK] map-pack link: slot=0 loadableIdx=15 nobj=34 obj=ok
[ITEMPICK] map-pack link: slot=1 loadableIdx=16 nobj=34 obj=ok
[ITEMPICK] map-pack link: slot=2 loadableIdx=25 nobj=34 obj=ok
[ITEMPICK] map-pack link: slot=3 loadableIdx=0 nobj=34 obj=ok
[ITEMPICK] map-pack link: slot=4 loadableIdx=1 nobj=34 obj=ok
[ITEMPICK] map-pack link: slot=5 loadableIdx=2 nobj=34 obj=ok
[ITEMPICK] map-pack link: slot=6 loadableIdx=8 nobj=34 obj=ok
[ITEMPICK] map-pack link: slot=7 loadableIdx=10 nobj=34 obj=ok
[SFX] Sd_PlaySfx: sfxId=1306 (Sfx_Base+26) vol=64
[FT] avgMs=18 worstMs=141 gameMs=10 drawMs=8 swapWait=0ms draws=117 decodes=0 decMs=0
[OTS] f=4320 calls=2 n0=2497 n1=143 prims=59547 bb=-320,3520,-411,1542
[OTT] walkUs=3803 texUs=180 emitUs=1111 submitUs=428 otherUs=2083 prims=522 usPerPrim=7
[SFX] Sd_PlaySfx: sfxId=1306 (Sfx_Base+26) vol=64
[RELOAD_KF] weap=34 blendStart=-1 blendEnd=605 activeEnd=641
[SH-XBOX] GameState -> 11 (step 0)
[FOGST-GPU] clear=0xff6c6474
[FT] avgMs=26 worstMs=70 gameMs=7 drawMs=18 swapWait=0ms draws=249 decodes=0 decMs=0
[OTS] f=4440 calls=2 n0=2985 n1=58 prims=92368 bb=-2432,3520,-951,2973
[OTT] walkUs=7472 texUs=249 emitUs=3641 submitUs=803 otherUs=2778 prims=980 usPerPrim=7
[SYSSTATE] dispatch sysState=3 mapEventData=0
[FOGST-GPU] clear=0xff000000
[BOOT0/TIM] PostLoadTim file=1910 'MR_0TOWN.TIM' ss=0x8998 img.u=32 img.v=0 tPage=0,7 clutX=480 clutY=255
[BOOT0/TIM] post ReadTIM: prect=0xfc653c caddr=0xfc6518 paddr=0xfc6544 mode=8
[BOOT0/TIM] pre pixel LoadImage rect=(480,0 32x256)
[BOOT0/TIM] pre CLUT LoadImage rect=(480,255 16x1)
[BOOT0/TIM] PostLoadTim done
[SH-XBOX] GameState -> 15 (step 0)
[SFX] Sd_PlaySfx: sfxId=1308 (Sfx_Base+28) vol=0
[BOOT0/TIM] PostLoadTim file=1896 'MP_0TOWN.TIM' ss=0x8570 img.u=0 img.v=16 tPage=1,5 clutX=224 clutY=15
[BOOT0/TIM] post ReadTIM: prect=0xfb371c caddr=0xfb3518 paddr=0xfb3724 mode=9
[BOOT0/TIM] pre pixel LoadImage rect=(320,16 160x480)
[BOOT0/TIM] pre CLUT LoadImage rect=(224,15 256x1)
[BOOT0/TIM] PostLoadTim done
[POOLSTOMP] upload (320,16 160x480) hits PINNED pool slot 3 'THR0004F' (320,256)
[POOLSTOMP] upload (320,16 160x480) hits PINNED pool slot 4 'THRCT21F' (384,256)
[POOLSTOMP] upload (320,16 160x480) hits PINNED pool slot 5 'THRCT22F' (448,256)
[SFX] Sd_PlaySfx: sfxId=1308 (Sfx_Base+28) vol=0
[FT] avgMs=22 worstMs=61 gameMs=11 drawMs=10 swapWait=0ms draws=101 decodes=0 decMs=0
[OTS] f=4560 calls=2 n0=2080 n1=16 prims=34363 bb=-2432,3520,-896,2973
[OTT] walkUs=693 texUs=18 emitUs=145 submitUs=27 otherUs=502 prims=34 usPerPrim=20
[SH-XBOX] GameState -> 11 (step 0)
[FOGST-GPU] clear=0xff6c6474
[MINIMAP] queued map read: file=1896 size=154368
[MINIMAP] map image 320x480 -> slot 511 FAILED
[MINIMAP] queued marking read: file=1910 size=16640
[FT] avgMs=31 worstMs=77 gameMs=9 drawMs=21 swapWait=0ms draws=271 decodes=0 decMs=0
[OTS] f=4680 calls=2 n0=2755 n1=58 prims=87497 bb=-2432,3520,-1105,3661
[OTT] walkUs=6326 texUs=207 emitUs=2855 submitUs=706 otherUs=2556 prims=750 usPerPrim=8
[MINIMAP] markings 128x256 -> slot 510 FAILED
[CHNK] n=4 s0=-2,8,st3 s1=-1,8,st3 s2=0,0,st0 s3=0,0,st0
[SH-XBOX] vblank 4800
[MEM] tick: free=3820KB (955 pages)
[FT] avgMs=33 worstMs=69 gameMs=12 drawMs=21 swapWait=0ms draws=273 decodes=0 decMs=0
[OTS] f=4800 calls=2 n0=2947 n1=58 prims=90872 bb=-2432,2995,-1163,3661
[OTT] walkUs=7020 texUs=260 emitUs=3582 submitUs=706 otherUs=2469 prims=942 usPerPrim=7
[GP-STATE-TXN] Gameplay -> sysState=6 (param=49)
[SYSSTATE] dispatch sysState=6 mapEventData=0x5b7f3c
[SFX] Sd_PlaySfx: sfxId=1309 (Sfx_Base+29) vol=0
[SH-XBOX] GameState -> 10 (step 0)
[BOOT-STEP] GameStartup step=0 qlen=0
[TRANSITION] GameStartup step=0: processFlags=0x1 (RoomTransition) sizeof(s_WorldGfxWork)=11708
[TRANSITION] AreaLoad_UpdatePlayerPosition: BEFORE playerPos=(-186766,-11264,1415810) targetPos=(794624,-385024) loadScreen=0
[TRANSITION] AreaLoad_UpdatePlayerPosition: AFTER playerPos=(792986,0,-385024)
[BOOT-STEP] GameStartup step=7 qlen=0
[TRANSITION] GameStartup step=7: processFlags=0x1 playerPos=(792986,0,-385024) func_80039F90=0x0
[IPD-INIT] Ipd_MapFileInfoSet: mapTag='THR' activeIpdCount=4 isExterior=1 plmIdx=1370 ipdFileIdx=0 textureFileIdx=0 curSize=4 willRebuildGrid=0
[TRANSITION] GameStartup step=7 post-init: playerPos=(792986,0,-385024) mapTag='THR'
[FOGST-GPU] clear=0xff000000
[BOOT-STEP] GameStartup step=8 qlen=2
[BOOT0/TIM] PostLoadTim file=1259 'THRB101F.TIM' ss=0x5160 img.u=0 img.v=0 tPage=0,25 clutX=112 clutY=0
[BOOT0/TIM] post ReadTIM: prect=0xfd069c caddr=0xfd0518 paddr=0xfd06a4 mode=8
[BOOT0/TIM] pre pixel LoadImage rect=(576,256 64x256)
[BOOT0/TIM] pre CLUT LoadImage rect=(112,0 16x12)
[BOOT0/TIM] PostLoadTim done
[POOLSTOMP] upload (576,256 64x256) hits PINNED pool slot 7 'THRB101F' (576,256)
[BOOT0/TIM] PostLoadTim file=1260 'THRB102H.TIM' ss=0x5171 img.u=32 img.v=0 tPage=0,26 clutX=144 clutY=0
[BOOT0/TIM] post ReadTIM: prect=0xfd06bc caddr=0xfd0518 paddr=0xfd06c4 mode=8
[BOOT0/TIM] pre pixel LoadImage rect=(672,256 32x256)
[BOOT0/TIM] pre CLUT LoadImage rect=(144,0 16x13)
[BOOT0/TIM] PostLoadTim done
[POOLSTOMP] upload (672,256 32x256) hits PINNED pool slot 9 'THRB102H' (672,256)
[TEXVRAM] 'THRB101F' tPage=[0,25] clutXY=(112,0) uv=(0,0)
[TEXVRAM] 'THRB102H' tPage=[0,26] clutXY=(144,0) uv=(32,0)
[BOOT-STEP] GameStartup step=9 qlen=0
[BOOT-STEP] GameStartup step=10 qlen=0
[BOOT-STEP] GameStartup step=11 qlen=0
[WOBJ] resolved 'AXIS1_HI' lmIdx=5
[WOBJ] resolved 'AXIS2_BA' lmIdx=5
[SFX] Sd_SfxStop: sfxId=1482 (Sfx_Base+202)
[SFX] Sd_PlaySfx: sfxId=1310 (Sfx_Base+30) vol=0
[BOOT-STEP] GameStartup step=12 qlen=0
[SH-XBOX] GameState -> 11 (step 0)
[FOGST-GPU] clear=0xff6c6474
[FT] avgMs=27 worstMs=246 gameMs=12 drawMs=14 swapWait=0ms draws=139 decodes=6 decMs=12
[OTS] f=4920 calls=2 n0=2625 n1=58 prims=43338 bb=-2432,3520,-1125,3648
[OTT] walkUs=4864 texUs=179 emitUs=2036 submitUs=600 otherUs=2048 prims=617 usPerPrim=7
[FT] avgMs=33 worstMs=65 gameMs=10 drawMs=23 swapWait=0ms draws=395 decodes=0 decMs=0
[OTS] f=5040 calls=2 n0=2807 n1=58 prims=98815 bb=-1916,3427,-2931,3648
[OTT] walkUs=6459 texUs=268 emitUs=2892 submitUs=921 otherUs=2377 prims=800 usPerPrim=8
[GP-STATE-TXN] Gameplay -> sysState=5 (param=56)
[SYSSTATE] dispatch sysState=5 mapEventData=0x5b7fb4
[AUTO-EQUIP-CHECK] mapIdx=12 processFlags=0x2 inventorySlotCount=11 equippedWeapon=162
[MAP-LOAD] GameBoot_MapLoad mapIdx=12 (map2_s02) fileIdx=2007 linked=1 procFlags=0x2
[MAP-LOAD] MapRegistry_Load(12)=map2_s02 linked=1 header=005bf380
[MEM] after map-load: free=3820KB (955 pages)
[SH-XBOX] GameState -> 10 (step 0)
[BOOT-STEP] GameStartup step=0 qlen=0
[TRANSITION] GameStartup step=0: processFlags=0x2 (OverlayTransition) sizeof(s_WorldGfxWork)=11708
[BOOT-STEP] GameStartup step=3 qlen=0
[FOGST-GPU] clear=0xff000000
[BOOT-STEP] GameStartup step=4 qlen=0
[TRANSITION] AreaLoad_UpdatePlayerPosition: BEFORE playerPos=(860677,-608,-366330) targetPos=(-855547,-38650) loadScreen=0
[TRANSITION] AreaLoad_UpdatePlayerPosition: AFTER playerPos=(-855547,0,-38650)
[BOOT-STEP] GameStartup step=5 qlen=0
[BOOT-STEP] GameStartup step=6 qlen=3
[BOOT0/TIM] PostLoadTim file=1427 'JACK.TIM' ss=0x5a81 img.u=0 img.v=0 tPage=0,29 clutX=736 clutY=464
[BOOT0/TIM] post ReadTIM: prect=0xfc657c caddr=0xfc6518 paddr=0xfc6584 mode=8
[BOOT0/TIM] pre pixel LoadImage rect=(832,256 32x128)
[BOOT0/TIM] pre CLUT LoadImage rect=(736,464 16x3)
[BOOT0/TIM] PostLoadTim done
[BOOT-STEP] GameStartup step=7 qlen=0
[TRANSITION] GameStartup step=7: processFlags=0x2 playerPos=(-855547,0,-38650) func_80039F90=0x0
[IPD-INIT] Ipd_MapFileInfoSet: mapTag='SPR' activeIpdCount=4 isExterior=1 plmIdx=912 ipdFileIdx=0 textureFileIdx=0 curSize=4 willRebuildGrid=1
[MEM] after chunk-buffers: free=3820KB (955 pages)
[TRANSITION] GameStartup step=7 post-init: playerPos=(-855547,0,-38650) mapTag='SPR'
[BOOT-STEP] GameStartup step=8 qlen=4
[BOOT0/TIM] PostLoadTim file=908 'SPRG1F.TIM' ss=0x3b43 img.u=0 img.v=0 tPage=0,8 clutX=0 clutY=0
[BOOT0/TIM] post ReadTIM: prect=0xfd063c caddr=0xfd0518 paddr=0xfd0644 mode=8
[BOOT0/TIM] pre pixel LoadImage rect=(512,0 64x256)
[BOOT0/TIM] pre CLUT LoadImage rect=(0,0 16x9)
[BOOT0/TIM] PostLoadTim done
[POOLSTOMP] upload (512,0 64x256) hits PINNED pool slot 0 'SPRG1F' (512,0)
[BOOT0/TIM] PostLoadTim file=910 'SPRG3F.TIM' ss=0x3b65 img.u=0 img.v=0 tPage=0,9 clutX=16 clutY=0
[BOOT0/TIM] post ReadTIM: prect=0xfd05fc caddr=0xfd0518 paddr=0xfd0604 mode=8
[BOOT0/TIM] pre pixel LoadImage rect=(576,0 64x256)
[BOOT0/TIM] pre CLUT LoadImage rect=(16,0 16x7)
[BOOT0/TIM] PostLoadTim done
[POOLSTOMP] upload (576,0 64x256) hits PINNED pool slot 1 'SPRG3F' (576,0)
[BOOT0/TIM] PostLoadTim file=911 'SPRG4F.TIM' ss=0x3b76 img.u=0 img.v=0 tPage=0,10 clutX=32 clutY=0
[BOOT0/TIM] post ReadTIM: prect=0xfd06fc caddr=0xfd0518 paddr=0xfd0704 mode=8
[BOOT0/TIM] pre pixel LoadImage rect=(640,0 64x256)
[BOOT0/TIM] pre CLUT LoadImage rect=(32,0 16x15)
[BOOT0/TIM] PostLoadTim done
[POOLSTOMP] upload (640,0 64x256) hits PINNED pool slot 2 'SPRG4F' (640,0)
[BOOT0/TIM] PostLoadTim file=909 'SPRG2F.TIM' ss=0x3b54 img.u=0 img.v=0 tPage=0,21 clutX=48 clutY=0
[BOOT0/TIM] post ReadTIM: prect=0xfd06bc caddr=0xfd0518 paddr=0xfd06c4 mode=8
[BOOT0/TIM] pre pixel LoadImage rect=(320,256 64x256)
[BOOT0/TIM] pre CLUT LoadImage rect=(48,0 16x13)
[BOOT0/TIM] PostLoadTim done
[POOLSTOMP] upload (320,256 64x256) hits PINNED pool slot 3 'SPRG2F' (320,256)
[TEXVRAM] 'SPRG1F' tPage=[0,8] clutXY=(0,0) uv=(0,0)
[TEXVRAM] 'SPRG3F' tPage=[0,9] clutXY=(16,0) uv=(0,0)
[TEXVRAM] 'SPRG4F' tPage=[0,10] clutXY=(32,0) uv=(0,0)
[TEXVRAM] 'SPRG2F' tPage=[0,21] clutXY=(48,0) uv=(0,0)
[BOOT-STEP] GameStartup step=9 qlen=0
[BOOT-STEP] GameStartup step=10 qlen=0
[SH_AMB] Sd_AmbientSfxSet idx=13 -> loadCmd=179
[SH_AMB] Sd_VabLoad ambient cmd=179 type=2 dedup=0
[BOOT-STEP] GameStartup step=11 qlen=0
[FT] avgMs=30 worstMs=344 gameMs=12 drawMs=18 swapWait=0ms draws=153 decodes=2 decMs=4
[OTS] f=5160 calls=2 n0=2052 n1=16 prims=44833 bb=-1589,3019,-2931,3648
[OTT] walkUs=157 texUs=3 emitUs=4 submitUs=9 otherUs=140 prims=2 usPerPrim=78
[CHARA-TEX] charaId=12 matCount=1 modelCount=15
[CHARA-TEX] mat[0] name='JACK' field_C=1 E=0x5d F=0x5d clut=0x742e UV=0x0000 tex=0
[CHARA-TEX] prim0: f0=0x0758(UV0) f2=0x742e(clut) f4=0x2c5f(UV1) f6=0x005d(tpage) f8=0x0f48(UV2) fA=0x0000(UV3)
[CHARA-TEX] texDesc: tPage=[0,29] u=0 v=0 clutXY=(736,464)
[RELOAD_KF] weap=34 blendStart=-1 blendEnd=605 activeEnd=641
[BOOT-STEP] GameStartup step=12 qlen=0
[MINIMAP] queued map read: file=1897 size=154368
[SH-XBOX] GameState -> 11 (step 0)
[FOGST-GPU] clear=0xff6c6474
[BGM] ChannelSet bgmIdx=6 cmd=773
[MINIMAP] map image 320x480 -> slot 511 FAILED
[MINIMAP] queued marking read: file=1911 size=16640
[MINIMAP] markings 128x256 -> slot 510 FAILED
[GP-STATE-TXN] Gameplay -> sysState=5 (param=25)
[AUTO-EQUIP-CHECK] mapIdx=10 processFlags=0x2 inventorySlotCount=11 equippedWeapon=162
[MAP-LOAD] GameBoot_MapLoad mapIdx=10 (map2_s00) fileIdx=2005 linked=1 procFlags=0x2
[MAP-LOAD] MapRegistry_Load(10)=map2_s00 linked=1 header=005b8b94
[MEM] after map-load: free=3820KB (955 pages)
[SH-XBOX] GameState -> 10 (step 0)
[BOOT-STEP] GameStartup step=0 qlen=0
[TRANSITION] GameStartup step=0: processFlags=0x2 (OverlayTransition) sizeof(s_WorldGfxWork)=11708
[BOOT-STEP] GameStartup step=3 qlen=0
[FOGST-GPU] clear=0xff000000
[BOOT-STEP] GameStartup step=4 qlen=0
[TRANSITION] AreaLoad_UpdatePlayerPosition: BEFORE playerPos=(-860337,-608,-41943) targetPos=(855887,-369623) loadScreen=0
[TRANSITION] AreaLoad_UpdatePlayerPosition: AFTER playerPos=(855887,0,-369623)
[BOOT-STEP] GameStartup step=5 qlen=0
[BOOT-STEP] GameStartup step=7 qlen=0
[TRANSITION] GameStartup step=7: processFlags=0x2 playerPos=(855887,0,-369623) func_80039F90=0x0
[IPD-INIT] Ipd_MapFileInfoSet: mapTag='THR' activeIpdCount=4 isExterior=1 plmIdx=1370 ipdFileIdx=0 textureFileIdx=0 curSize=4 willRebuildGrid=1
[MEM] after chunk-buffers: free=3820KB (955 pages)
[TRANSITION] GameStartup step=7 post-init: playerPos=(855887,0,-369623) mapTag='THR'
[BOOT-STEP] GameStartup step=8 qlen=4
[BOOT0/TIM] PostLoadTim file=1073 'THR0001F.TIM' ss=0x45d8 img.u=0 img.v=0 tPage=0,8 clutX=0 clutY=0
[BOOT0/TIM] post ReadTIM: prect=0xfd05dc caddr=0xfd0518 paddr=0xfd05e4 mode=8
[BOOT0/TIM] pre pixel LoadImage rect=(512,0 64x256)
[BOOT0/TIM] pre CLUT LoadImage rect=(0,0 16x6)
[BOOT0/TIM] PostLoadTim done
[POOLSTOMP] upload (512,0 64x256) hits PINNED pool slot 0 'THR0001F' (512,0)
[BOOT0/TIM] PostLoadTim file=1077 'THR0003F.TIM' ss=0x4625 img.u=0 img.v=0 tPage=0,9 clutX=16 clutY=0
[BOOT0/TIM] post ReadTIM: prect=0xfd06dc caddr=0xfd0518 paddr=0xfd06e4 mode=8
[BOOT0/TIM] pre pixel LoadImage rect=(576,0 64x256)
[BOOT0/TIM] pre CLUT LoadImage rect=(16,0 16x14)
[BOOT0/TIM] PostLoadTim done
[POOLSTOMP] upload (576,0 64x256) hits PINNED pool slot 1 'THR0003F' (576,0)
[BOOT0/TIM] PostLoadTim file=1075 'THR0002F.TIM' ss=0x45fe img.u=0 img.v=0 tPage=0,10 clutX=32 clutY=0
[BOOT0/TIM] post ReadTIM: prect=0xfd065c caddr=0xfd0518 paddr=0xfd0664 mode=8
[BOOT0/TIM] pre pixel LoadImage rect=(640,0 64x256)
[BOOT0/TIM] pre CLUT LoadImage rect=(32,0 16x10)
[BOOT0/TIM] PostLoadTim done
[POOLSTOMP] upload (640,0 64x256) hits PINNED pool slot 2 'THR0002F' (640,0)
[BOOT0/TIM] PostLoadTim file=1079 'THR0004F.TIM' ss=0x4644 img.u=0 img.v=0 tPage=0,21 clutX=48 clutY=0
[BOOT0/TIM] post ReadTIM: prect=0xfd071c caddr=0xfd0518 paddr=0xfd0724 mode=8
[BOOT0/TIM] pre pixel LoadImage rect=(320,256 64x256)
[BOOT0/TIM] pre CLUT LoadImage rect=(48,0 16x16)
[BOOT0/TIM] PostLoadTim done
[POOLSTOMP] upload (320,256 64x256) hits PINNED pool slot 3 'THR0004F' (320,256)
[BOOT-STEP] GameStartup step=9 qlen=0
[BOOT-STEP] GameStartup step=10 qlen=0
[SH_AMB] Sd_AmbientSfxSet idx=11 -> loadCmd=178
[SH_AMB] Sd_VabLoad ambient cmd=178 type=2 dedup=0
[BOOT-STEP] GameStartup step=11 qlen=0
[FT] avgMs=21 worstMs=285 gameMs=9 drawMs=12 swapWait=0ms draws=139 decodes=2 decMs=4
[OTS] f=5280 calls=2 n0=2052 n1=16 prims=43025 bb=-2012,3520,-1825,3648
[OTT] walkUs=125 texUs=3 emitUs=4 submitUs=9 otherUs=108 prims=2 usPerPrim=62
[WOBJ] resolved 'AXIS1_HI' lmIdx=4
[WOBJ] resolved 'AXIS2_BA' lmIdx=4
[RELOAD_KF] weap=34 blendStart=-1 blendEnd=605 activeEnd=641
[BOOT-STEP] GameStartup step=12 qlen=0
[MINIMAP] queued map read: file=1896 size=154368
[SH-XBOX] GameState -> 11 (step 0)
[FOGST-GPU] clear=0xff6c6474
[BGM] ChannelSet bgmIdx=6 cmd=773
[MINIMAP] map image 320x480 -> slot 511 FAILED
[MINIMAP] queued marking read: file=1910 size=16640
[MINIMAP] markings 128x256 -> slot 510 FAILED
[SH-XBOX] vblank 5400
[MEM] tick: free=3820KB (955 pages)
[FT] avgMs=20 worstMs=64 gameMs=7 drawMs=13 swapWait=0ms draws=235 decodes=0 decMs=0
[OTS] f=5400 calls=2 n0=2714 n1=58 prims=62426 bb=-1889,3520,-2931,3609
[OTT] walkUs=5622 texUs=248 emitUs=2586 submitUs=661 otherUs=2127 prims=707 usPerPrim=7
[GP-STATE-TXN] Gameplay -> sysState=5 (param=56)
[AUTO-EQUIP-CHECK] mapIdx=12 processFlags=0x2 inventorySlotCount=11 equippedWeapon=162
[MAP-LOAD] GameBoot_MapLoad mapIdx=12 (map2_s02) fileIdx=2007 linked=1 procFlags=0x2
[MAP-LOAD] MapRegistry_Load(12)=map2_s02 linked=1 header=005bf380
[MEM] after map-load: free=3820KB (955 pages)
[SH-XBOX] GameState -> 10 (step 0)
[BOOT-STEP] GameStartup step=0 qlen=0
[TRANSITION] GameStartup step=0: processFlags=0x2 (OverlayTransition) sizeof(s_WorldGfxWork)=11708
[BOOT-STEP] GameStartup step=3 qlen=0
[FOGST-GPU] clear=0xff000000
[BOOT-STEP] GameStartup step=4 qlen=0
[TRANSITION] AreaLoad_UpdatePlayerPosition: BEFORE playerPos=(861428,-608,-371615) targetPos=(-854796,-43935) loadScreen=0
[TRANSITION] AreaLoad_UpdatePlayerPosition: AFTER playerPos=(-854796,0,-43935)
[BOOT-STEP] GameStartup step=5 qlen=0
[BOOT-STEP] GameStartup step=7 qlen=0
[TRANSITION] GameStartup step=7: processFlags=0x2 playerPos=(-854796,0,-43935) func_80039F90=0x0
[IPD-INIT] Ipd_MapFileInfoSet: mapTag='SPR' activeIpdCount=4 isExterior=1 plmIdx=912 ipdFileIdx=0 textureFileIdx=0 curSize=4 willRebuildGrid=1
[MEM] after chunk-buffers: free=3820KB (955 pages)
[TRANSITION] GameStartup step=7 post-init: playerPos=(-854796,0,-43935) mapTag='SPR'
[BOOT-STEP] GameStartup step=8 qlen=4
[BOOT0/TIM] PostLoadTim file=908 'SPRG1F.TIM' ss=0x3b43 img.u=0 img.v=0 tPage=0,8 clutX=0 clutY=0
[BOOT0/TIM] post ReadTIM: prect=0xfd063c caddr=0xfd0518 paddr=0xfd0644 mode=8
[BOOT0/TIM] pre pixel LoadImage rect=(512,0 64x256)
[BOOT0/TIM] pre CLUT LoadImage rect=(0,0 16x9)
[BOOT0/TIM] PostLoadTim done
[POOLSTOMP] upload (512,0 64x256) hits PINNED pool slot 0 'SPRG1F' (512,0)
[BOOT0/TIM] PostLoadTim file=910 'SPRG3F.TIM' ss=0x3b65 img.u=0 img.v=0 tPage=0,9 clutX=16 clutY=0
[BOOT0/TIM] post ReadTIM: prect=0xfd05fc caddr=0xfd0518 paddr=0xfd0604 mode=8
[BOOT0/TIM] pre pixel LoadImage rect=(576,0 64x256)
[BOOT0/TIM] pre CLUT LoadImage rect=(16,0 16x7)
[BOOT0/TIM] PostLoadTim done
[POOLSTOMP] upload (576,0 64x256) hits PINNED pool slot 1 'SPRG3F' (576,0)
[BOOT0/TIM] PostLoadTim file=911 'SPRG4F.TIM' ss=0x3b76 img.u=0 img.v=0 tPage=0,10 clutX=32 clutY=0
[BOOT0/TIM] post ReadTIM: prect=0xfd06fc caddr=0xfd0518 paddr=0xfd0704 mode=8
[BOOT0/TIM] pre pixel LoadImage rect=(640,0 64x256)
[BOOT0/TIM] pre CLUT LoadImage rect=(32,0 16x15)
[BOOT0/TIM] PostLoadTim done
[POOLSTOMP] upload (640,0 64x256) hits PINNED pool slot 2 'SPRG4F' (640,0)
[BOOT0/TIM] PostLoadTim file=909 'SPRG2F.TIM' ss=0x3b54 img.u=0 img.v=0 tPage=0,21 clutX=48 clutY=0
[BOOT0/TIM] post ReadTIM: prect=0xfd06bc caddr=0xfd0518 paddr=0xfd06c4 mode=8
[BOOT0/TIM] pre pixel LoadImage rect=(320,256 64x256)
[BOOT0/TIM] pre CLUT LoadImage rect=(48,0 16x13)
[BOOT0/TIM] PostLoadTim done
[POOLSTOMP] upload (320,256 64x256) hits PINNED pool slot 3 'SPRG2F' (320,256)
[BOOT-STEP] GameStartup step=9 qlen=0
[BOOT-STEP] GameStartup step=10 qlen=0
[SH_AMB] Sd_AmbientSfxSet idx=13 -> loadCmd=179
[SH_AMB] Sd_VabLoad ambient cmd=179 type=2 dedup=0
[BOOT-STEP] GameStartup step=11 qlen=0
[RELOAD_KF] weap=34 blendStart=-1 blendEnd=605 activeEnd=641
[BOOT-STEP] GameStartup step=12 qlen=0
[MINIMAP] queued map read: file=1897 size=154368
[SH-XBOX] GameState -> 11 (step 0)
[FOGST-GPU] clear=0xff6c6474
[BGM] ChannelSet bgmIdx=6 cmd=773
[MINIMAP] map image 320x480 -> slot 511 FAILED
[MINIMAP] queued marking read: file=1911 size=16640
[MINIMAP] markings 128x256 -> slot 510 FAILED
[FT] avgMs=22 worstMs=348 gameMs=11 drawMs=11 swapWait=0ms draws=113 decodes=2 decMs=4
[OTS] f=5520 calls=2 n0=2724 n1=58 prims=31537 bb=-1244,3520,-2931,3648
[OTT] walkUs=5824 texUs=245 emitUs=2538 submitUs=735 otherUs=2305 prims=717 usPerPrim=8
[CHNK] n=4 s0=-6,-1,st3 s1=-5,-1,st3 s2=-6,0,st3 s3=-5,0,st3
[FT] avgMs=22 worstMs=53 gameMs=7 drawMs=15 swapWait=0ms draws=291 decodes=0 decMs=0
[OTS] f=5640 calls=2 n0=2627 n1=58 prims=84434 bb=-1988,3325,-1816,3648
[OTT] walkUs=5030 texUs=176 emitUs=2052 submitUs=668 otherUs=2132 prims=617 usPerPrim=8
[FT] avgMs=17 worstMs=51 gameMs=3 drawMs=13 swapWait=0ms draws=236 decodes=0 decMs=0
[OTS] f=5760 calls=2 n0=2665 n1=58 prims=76883 bb=-1928,3658,-1851,3648
[OTT] walkUs=5103 texUs=197 emitUs=2232 submitUs=587 otherUs=2084 prims=656 usPerPrim=7
[FT] avgMs=28 worstMs=55 gameMs=10 drawMs=17 swapWait=0ms draws=232 decodes=0 decMs=0
[OTS] f=5880 calls=2 n0=2642 n1=58 prims=77405 bb=-1568,3388,-1861,3641
[OTT] walkUs=5114 texUs=191 emitUs=2177 submitUs=566 otherUs=2178 prims=633 usPerPrim=8
[SH-XBOX] vblank 6000
[MEM] tick: free=3820KB (955 pages)
[FT] avgMs=18 worstMs=45 gameMs=3 drawMs=14 swapWait=0ms draws=226 decodes=0 decMs=0
[OTS] f=6000 calls=2 n0=2671 n1=58 prims=79415 bb=-1496,3436,-1857,3641
[OTT] walkUs=5183 texUs=199 emitUs=2246 submitUs=806 otherUs=1931 prims=662 usPerPrim=7
[FT] avgMs=19 worstMs=49 gameMs=4 drawMs=15 swapWait=0ms draws=228 decodes=0 decMs=0
[OTS] f=6120 calls=2 n0=2670 n1=58 prims=78999 bb=-1490,3466,-1867,3641
[OTT] walkUs=4942 texUs=199 emitUs=2241 submitUs=614 otherUs=1886 prims=661 usPerPrim=7
[CHNK] n=4 s0=-6,-1,st3 s1=-5,-1,st3 s2=-6,0,st3 s3=-5,0,st3
[FT] avgMs=22 worstMs=63 gameMs=7 drawMs=15 swapWait=0ms draws=236 decodes=0 decMs=0
[OTS] f=6240 calls=2 n0=2672 n1=58 prims=79756 bb=-1490,3406,-1854,3641
[OTT] walkUs=5128 texUs=200 emitUs=2249 submitUs=558 otherUs=2121 prims=663 usPerPrim=7
[RA] watch 84008: state=2 unlocked=1786116799 flags[4B4]=FC flags[4A1]=04 word4=0xFFFCDFFC setbits=306 map=12/12
[FT] avgMs=22 worstMs=65 gameMs=6 drawMs=15 swapWait=0ms draws=238 decodes=0 decMs=0
[OTS] f=6360 calls=2 n0=2676 n1=58 prims=79613 bb=-1490,3583,-1851,3641
[OTT] walkUs=5315 texUs=201 emitUs=2257 submitUs=597 otherUs=2259 prims=667 usPerPrim=7
[SYSSTATE] dispatch sysState=2 mapEventData=0
[FOGST-GPU] clear=0xff000000
[SH-XBOX] GameState -> 19 (step 0)
[BOOT0/TIM] PostLoadTim file=1485 'HEROPIC2.TIM' ss=0x5bb6 img.u=12 img.v=103 tPage=1,31 clutX=224 clutY=13
[BOOT0/TIM] post ReadTIM: prect=0xfc671c caddr=0xfc6518 paddr=0xfc6724 mode=9
[BOOT0/TIM] pre pixel LoadImage rect=(972,359 52x152)
[BOOT0/TIM] pre CLUT LoadImage rect=(224,13 256x1)
[BOOT0/TIM] PostLoadTim done
[SH-XBOX] GameState -> 14 (step 0)
[ITEMPICK] map-pack link: slot=0 loadableIdx=15 nobj=34 obj=ok
[ITEMPICK] map-pack link: slot=1 loadableIdx=16 nobj=34 obj=ok
[ITEMPICK] map-pack link: slot=2 loadableIdx=25 nobj=34 obj=ok
[ITEMPICK] map-pack link: slot=3 loadableIdx=0 nobj=34 obj=ok
[ITEMPICK] map-pack link: slot=4 loadableIdx=1 nobj=34 obj=ok
[ITEMPICK] map-pack link: slot=5 loadableIdx=2 nobj=34 obj=ok
[ITEMPICK] map-pack link: slot=6 loadableIdx=8 nobj=34 obj=ok
[ITEMPICK] map-pack link: slot=7 loadableIdx=10 nobj=34 obj=ok
[FT] avgMs=23 worstMs=100 gameMs=9 drawMs=13 swapWait=0ms draws=186 decodes=0 decMs=0
[OTS] f=6480 calls=2 n0=2500 n1=288 prims=78821 bb=-1490,3520,-1806,3641
[OTT] walkUs=4239 texUs=195 emitUs=1151 submitUs=523 otherUs=2369 prims=599 usPerPrim=7
[SH-XBOX] vblank 6600
[MEM] tick: free=3820KB (955 pages)
[FT] avgMs=16 worstMs=21 gameMs=6 drawMs=10 swapWait=0ms draws=172 decodes=0 decMs=0
[OTS] f=6600 calls=2 n0=2491 n1=288 prims=85630 bb=160,1120,0,694
[OTT] walkUs=4175 texUs=192 emitUs=1128 submitUs=436 otherUs=2418 prims=590 usPerPrim=7
[FT] avgMs=17 worstMs=56 gameMs=6 drawMs=10 swapWait=0ms draws=172 decodes=0 decMs=0
[OTS] f=6720 calls=2 n0=2493 n1=288 prims=86019 bb=160,1120,0,694
[OTT] walkUs=4169 texUs=220 emitUs=1135 submitUs=399 otherUs=2413 prims=592 usPerPrim=7
[FT] avgMs=17 worstMs=56 gameMs=6 drawMs=10 swapWait=0ms draws=172 decodes=0 decMs=0
[OTS] f=6840 calls=2 n0=2496 n1=288 prims=85549 bb=160,1120,0,694
[OTT] walkUs=4119 texUs=192 emitUs=1140 submitUs=437 otherUs=2348 prims=595 usPerPrim=6
[RA] http POST http://retroachievements.org/dorequest.php
[NET] POST retroachievements.org -> 200 (16 bytes)
[RA] http -> status=200 bodyLen=16 body='{"Success":true}'
[FT] avgMs=19 worstMs=307 gameMs=6 drawMs=12 swapWait=0ms draws=172 decodes=0 decMs=0
[OTS] f=6960 calls=2 n0=2495 n1=288 prims=85977 bb=160,1120,0,694
[OTT] walkUs=4036 texUs=193 emitUs=1138 submitUs=633 otherUs=2071 prims=594 usPerPrim=6
[FT] avgMs=16 worstMs=53 gameMs=6 drawMs=10 swapWait=0ms draws=172 decodes=0 decMs=0
[OTS] f=7080 calls=2 n0=2481 n1=288 prims=85658 bb=160,1120,0,694
[OTT] walkUs=3843 texUs=188 emitUs=1100 submitUs=399 otherUs=2154 prims=580 usPerPrim=6
[SH-XBOX] vblank 7200
[MEM] tick: free=3820KB (955 pages)
[FT] avgMs=16 worstMs=49 gameMs=6 drawMs=10 swapWait=1ms draws=172 decodes=0 decMs=0
[OTS] f=7200 calls=2 n0=2488 n1=288 prims=85931 bb=160,1120,0,694
[OTT] walkUs=4021 texUs=190 emitUs=1123 submitUs=410 otherUs=2297 prims=587 usPerPrim=6
[FT] avgMs=17 worstMs=57 gameMs=6 drawMs=10 swapWait=0ms draws=172 decodes=0 decMs=0
[OTS] f=7320 calls=2 n0=2485 n1=288 prims=85789 bb=160,1120,0,694
[OTT] walkUs=3814 texUs=189 emitUs=1116 submitUs=405 otherUs=2103 prims=584 usPerPrim=6
[FT] avgMs=16 worstMs=46 gameMs=6 drawMs=10 swapWait=0ms draws=172 decodes=0 decMs=0
[OTS] f=7440 calls=2 n0=2487 n1=288 prims=85771 bb=160,1120,0,694
[OTT] walkUs=3967 texUs=193 emitUs=1119 submitUs=480 otherUs=2174 prims=586 usPerPrim=6
[FT] avgMs=16 worstMs=54 gameMs=6 drawMs=10 swapWait=0ms draws=172 decodes=0 decMs=0
[OTS] f=7560 calls=2 n0=2491 n1=288 prims=85816 bb=160,1120,0,694
[OTT] walkUs=4158 texUs=191 emitUs=1129 submitUs=431 otherUs=2406 prims=590 usPerPrim=7
[FT] avgMs=16 worstMs=48 gameMs=6 drawMs=10 swapWait=1ms draws=172 decodes=0 decMs=0
[OTS] f=7680 calls=2 n0=2490 n1=288 prims=85881 bb=160,1120,0,694
[OTT] walkUs=4015 texUs=190 emitUs=1126 submitUs=661 otherUs=2037 prims=589 usPerPrim=6
[SH-XBOX] vblank 7800
[MEM] tick: free=3820KB (955 pages)
[FT] avgMs=16 worstMs=56 gameMs=6 drawMs=10 swapWait=0ms draws=172 decodes=0 decMs=0
[OTS] f=7800 calls=2 n0=2489 n1=288 prims=85752 bb=160,1120,0,694
[OTT] walkUs=4098 texUs=191 emitUs=1121 submitUs=404 otherUs=2380 prims=588 usPerPrim=6
[FT] avgMs=16 worstMs=53 gameMs=5 drawMs=11 swapWait=0ms draws=172 decodes=0 decMs=0
[OTS] f=7920 calls=2 n0=2494 n1=288 prims=85645 bb=160,1120,0,694
[OTT] walkUs=4092 texUs=193 emitUs=1133 submitUs=533 otherUs=2231 prims=593 usPerPrim=6
[FT] avgMs=16 worstMs=46 gameMs=5 drawMs=11 swapWait=0ms draws=172 decodes=0 decMs=0
[OTS] f=8040 calls=2 n0=2493 n1=288 prims=85881 bb=160,1120,0,694
[OTT] walkUs=3984 texUs=192 emitUs=1134 submitUs=432 otherUs=2225 prims=592 usPerPrim=6
[FT] avgMs=17 worstMs=52 gameMs=5 drawMs=11 swapWait=0ms draws=172 decodes=0 decMs=0
[OTS] f=8160 calls=2 n0=2487 n1=288 prims=85783 bb=160,1120,0,694
[OTT] walkUs=3633 texUs=189 emitUs=1119 submitUs=565 otherUs=1759 prims=586 usPerPrim=6
[FT] avgMs=16 worstMs=52 gameMs=5 drawMs=11 swapWait=1ms draws=171 decodes=0 decMs=0
[OTS] f=8280 calls=2 n0=2501 n1=288 prims=85855 bb=160,1120,0,694
[OTT] walkUs=3836 texUs=194 emitUs=1153 submitUs=402 otherUs=2085 prims=600 usPerPrim=6
[SH-XBOX] vblank 8400
[MEM] tick: free=3820KB (955 pages)
[FT] avgMs=17 worstMs=60 gameMs=5 drawMs=11 swapWait=0ms draws=172 decodes=0 decMs=0
[OTS] f=8400 calls=2 n0=2501 n1=288 prims=85614 bb=160,1120,0,694
[OTT] walkUs=4178 texUs=195 emitUs=1152 submitUs=692 otherUs=2137 prims=600 usPerPrim=6
[FT] avgMs=16 worstMs=22 gameMs=5 drawMs=11 swapWait=0ms draws=171 decodes=0 decMs=0
[OTS] f=8520 calls=2 n0=2488 n1=288 prims=85970 bb=160,1120,0,694
[OTT] walkUs=3825 texUs=193 emitUs=1122 submitUs=411 otherUs=2098 prims=587 usPerPrim=6
[FT] avgMs=17 worstMs=56 gameMs=5 drawMs=11 swapWait=0ms draws=172 decodes=0 decMs=0
[OTS] f=8640 calls=2 n0=2492 n1=288 prims=85588 bb=160,1120,0,694
[OTT] walkUs=3926 texUs=191 emitUs=1134 submitUs=760 otherUs=1838 prims=591 usPerPrim=6
[FT] avgMs=17 worstMs=56 gameMs=6 drawMs=10 swapWait=0ms draws=172 decodes=0 decMs=0
[OTS] f=8760 calls=2 n0=2496 n1=288 prims=85979 bb=160,1120,0,694
[OTT] walkUs=3764 texUs=196 emitUs=1136 submitUs=512 otherUs=1918 prims=595 usPerPrim=6
[FT] avgMs=17 worstMs=57 gameMs=6 drawMs=10 swapWait=0ms draws=172 decodes=0 decMs=0
[OTS] f=8880 calls=2 n0=2488 n1=288 prims=85591 bb=160,1120,0,694
[OTT] walkUs=3738 texUs=191 emitUs=1114 submitUs=392 otherUs=2039 prims=587 usPerPrim=6
[SH-XBOX] vblank 9000
[MEM] tick: free=3820KB (955 pages)
[FT] avgMs=16 worstMs=46 gameMs=6 drawMs=10 swapWait=0ms draws=172 decodes=0 decMs=0
[OTS] f=9000 calls=2 n0=2488 n1=288 prims=85970 bb=160,1120,0,694
[OTT] walkUs=3810 texUs=190 emitUs=1119 submitUs=382 otherUs=2118 prims=587 usPerPrim=6
[FT] avgMs=16 worstMs=55 gameMs=6 drawMs=10 swapWait=0ms draws=172 decodes=0 decMs=0
[OTS] f=9120 calls=2 n0=2491 n1=288 prims=85782 bb=160,1120,0,694
[OTT] walkUs=3906 texUs=191 emitUs=1130 submitUs=400 otherUs=2183 prims=590 usPerPrim=6
[FT] avgMs=16 worstMs=50 gameMs=5 drawMs=11 swapWait=0ms draws=172 decodes=0 decMs=0
[OTS] f=9240 calls=2 n0=2486 n1=288 prims=85941 bb=160,1120,0,694
[OTT] walkUs=3851 texUs=189 emitUs=1116 submitUs=533 otherUs=2011 prims=585 usPerPrim=6
[FT] avgMs=17 worstMs=59 gameMs=6 drawMs=11 swapWait=0ms draws=172 decodes=0 decMs=0
[OTS] f=9360 calls=2 n0=2478 n1=288 prims=85753 bb=160,1120,0,694
[OTT] walkUs=3930 texUs=187 emitUs=1097 submitUs=393 otherUs=2251 prims=577 usPerPrim=6
[FT] avgMs=16 worstMs=45 gameMs=6 drawMs=10 swapWait=1ms draws=172 decodes=0 decMs=0
[OTS] f=9480 calls=2 n0=2494 n1=288 prims=85779 bb=160,1120,0,694
[OTT] walkUs=3899 texUs=193 emitUs=1134 submitUs=462 otherUs=2109 prims=593 usPerPrim=6
[SH-XBOX] vblank 9600
[MEM] tick: free=3820KB (955 pages)
[FT] avgMs=16 worstMs=54 gameMs=6 drawMs=10 swapWait=0ms draws=172 decodes=0 decMs=0
[OTS] f=9600 calls=2 n0=2492 n1=288 prims=85873 bb=160,1120,0,694
[OTT] walkUs=3908 texUs=191 emitUs=1128 submitUs=593 otherUs=1995 prims=591 usPerPrim=6
[FT] avgMs=16 worstMs=49 gameMs=6 drawMs=10 swapWait=0ms draws=172 decodes=0 decMs=0
[OTS] f=9720 calls=2 n0=2496 n1=288 prims=85691 bb=160,1120,0,694
[OTT] walkUs=4018 texUs=193 emitUs=1169 submitUs=385 otherUs=2269 prims=595 usPerPrim=6
[FT] avgMs=17 worstMs=57 gameMs=6 drawMs=11 swapWait=1ms draws=172 decodes=0 decMs=0
[OTS] f=9840 calls=2 n0=2494 n1=288 prims=85869 bb=160,1120,0,694
[OTT] walkUs=4033 texUs=193 emitUs=1133 submitUs=509 otherUs=2198 prims=593 usPerPrim=6
[FT] avgMs=16 worstMs=45 gameMs=6 drawMs=10 swapWait=0ms draws=172 decodes=0 decMs=0
[OTS] f=9960 calls=2 n0=2493 n1=288 prims=85718 bb=160,1120,0,694
[OTT] walkUs=4115 texUs=194 emitUs=1135 submitUs=521 otherUs=2263 prims=592 usPerPrim=6
[FT] avgMs=16 worstMs=54 gameMs=6 drawMs=10 swapWait=0ms draws=172 decodes=0 decMs=0
[OTS] f=10080 calls=2 n0=2486 n1=288 prims=85885 bb=160,1120,0,694
[OTT] walkUs=4206 texUs=191 emitUs=1148 submitUs=429 otherUs=2437 prims=585 usPerPrim=7
[SH-XBOX] vblank 10200
[MEM] tick: free=3820KB (955 pages)
[FT] avgMs=16 worstMs=50 gameMs=6 drawMs=10 swapWait=0ms draws=172 decodes=0 decMs=0
[OTS] f=10200 calls=2 n0=2504 n1=288 prims=85703 bb=160,1120,0,694
[OTT] walkUs=4121 texUs=196 emitUs=1157 submitUs=469 otherUs=2298 prims=603 usPerPrim=6
[FT] avgMs=17 worstMs=58 gameMs=6 drawMs=10 swapWait=0ms draws=172 decodes=0 decMs=0
[OTS] f=10320 calls=2 n0=2497 n1=288 prims=85942 bb=160,1120,0,694
[OTT] walkUs=3707 texUs=195 emitUs=1137 submitUs=407 otherUs=1967 prims=596 usPerPrim=6
[FT] avgMs=16 worstMs=21 gameMs=6 drawMs=10 swapWait=0ms draws=171 decodes=0 decMs=0
[OTS] f=10440 calls=2 n0=2491 n1=288 prims=85544 bb=160,1120,0,694
[OTT] walkUs=4029 texUs=191 emitUs=1131 submitUs=541 otherUs=2165 prims=590 usPerPrim=6
[FT] avgMs=16 worstMs=54 gameMs=5 drawMs=11 swapWait=0ms draws=171 decodes=0 decMs=0
[OTS] f=10560 calls=2 n0=2492 n1=288 prims=85895 bb=160,1120,0,694
[OTT] walkUs=3679 texUs=192 emitUs=1122 submitUs=602 otherUs=1762 prims=591 usPerPrim=6
[FT] avgMs=16 worstMs=49 gameMs=6 drawMs=10 swapWait=0ms draws=172 decodes=0 decMs=0
[OTS] f=10680 calls=2 n0=2496 n1=288 prims=85659 bb=160,1120,0,694
[OTT] walkUs=3767 texUs=195 emitUs=1137 submitUs=410 otherUs=2024 prims=595 usPerPrim=6
[SH-XBOX] vblank 10800
[MEM] tick: free=3820KB (955 pages)
[FT] avgMs=16 worstMs=56 gameMs=6 drawMs=10 swapWait=0ms draws=172 decodes=0 decMs=0
[OTS] f=10800 calls=2 n0=2494 n1=288 prims=86005 bb=160,1120,0,694
[OTT] walkUs=4031 texUs=192 emitUs=1130 submitUs=685 otherUs=2022 prims=593 usPerPrim=6
[FT] avgMs=16 worstMs=53 gameMs=6 drawMs=10 swapWait=0ms draws=172 decodes=0 decMs=0
[OTS] f=10920 calls=2 n0=2483 n1=288 prims=85622 bb=160,1120,0,694
[OTT] walkUs=3865 texUs=188 emitUs=1107 submitUs=701 otherUs=1868 prims=582 usPerPrim=6
[FT] avgMs=16 worstMs=42 gameMs=6 drawMs=10 swapWait=1ms draws=172 decodes=0 decMs=0
[OTS] f=11040 calls=2 n0=2490 n1=288 prims=85969 bb=160,1120,0,694
[OTT] walkUs=4011 texUs=190 emitUs=1129 submitUs=422 otherUs=2268 prims=589 usPerPrim=6
[FT] avgMs=17 worstMs=55 gameMs=6 drawMs=10 swapWait=0ms draws=172 decodes=0 decMs=0
[OTS] f=11160 calls=2 n0=2482 n1=288 prims=85733 bb=160,1120,0,694
[OTT] walkUs=3756 texUs=189 emitUs=1105 submitUs=606 otherUs=1854 prims=581 usPerPrim=6
[FT] avgMs=17 worstMs=58 gameMs=6 drawMs=10 swapWait=0ms draws=172 decodes=0 decMs=0
[OTS] f=11280 calls=2 n0=2487 n1=288 prims=85854 bb=160,1120,0,694
[OTT] walkUs=3764 texUs=189 emitUs=1119 submitUs=720 otherUs=1734 prims=586 usPerPrim=6
[SH-XBOX] vblank 11400
[MEM] tick: free=3820KB (955 pages)
[FT] avgMs=17 worstMs=58 gameMs=6 drawMs=10 swapWait=0ms draws=172 decodes=0 decMs=0
[OTS] f=11400 calls=2 n0=2491 n1=288 prims=85812 bb=160,1120,0,694
[OTT] walkUs=4018 texUs=193 emitUs=1138 submitUs=545 otherUs=2140 prims=590 usPerPrim=6
[FT] avgMs=16 worstMs=47 gameMs=6 drawMs=10 swapWait=0ms draws=172 decodes=0 decMs=0
[OTS] f=11520 calls=2 n0=2488 n1=288 prims=85724 bb=160,1120,0,694
[OTT] walkUs=4019 texUs=190 emitUs=1125 submitUs=415 otherUs=2288 prims=587 usPerPrim=6
[FT] avgMs=16 worstMs=55 gameMs=6 drawMs=10 swapWait=0ms draws=172 decodes=0 decMs=0
[OTS] f=11640 calls=2 n0=2488 n1=288 prims=85898 bb=160,1120,0,694
[OTT] walkUs=3881 texUs=189 emitUs=1125 submitUs=648 otherUs=1917 prims=587 usPerPrim=6
[FT] avgMs=16 worstMs=49 gameMs=6 drawMs=10 swapWait=0ms draws=172 decodes=0 decMs=0
[OTS] f=11760 calls=2 n0=2496 n1=288 prims=85751 bb=160,1120,0,694
[OTT] walkUs=3743 texUs=193 emitUs=1142 submitUs=397 otherUs=2010 prims=595 usPerPrim=6
[FT] avgMs=17 worstMs=58 gameMs=6 drawMs=10 swapWait=0ms draws=172 decodes=0 decMs=0
[OTS] f=11880 calls=2 n0=2494 n1=288 prims=85904 bb=160,1120,0,694
[OTT] walkUs=4112 texUs=192 emitUs=1139 submitUs=388 otherUs=2390 prims=593 usPerPrim=6
[SH-XBOX] vblank 12000
[MEM] tick: free=3820KB (955 pages)
[FT] avgMs=16 worstMs=46 gameMs=6 drawMs=10 swapWait=0ms draws=172 decodes=0 decMs=0
[OTS] f=12000 calls=2 n0=2485 n1=288 prims=85713 bb=160,1120,0,694
[OTT] walkUs=3976 texUs=189 emitUs=1142 submitUs=426 otherUs=2217 prims=584 usPerPrim=6
[FT] avgMs=16 worstMs=55 gameMs=6 drawMs=10 swapWait=1ms draws=171 decodes=0 decMs=0
[OTS] f=12120 calls=2 n0=2500 n1=288 prims=85938 bb=160,1120,0,694
[OTT] walkUs=4101 texUs=199 emitUs=1144 submitUs=574 otherUs=2182 prims=599 usPerPrim=6
[FT] avgMs=16 worstMs=50 gameMs=6 drawMs=10 swapWait=0ms draws=172 decodes=0 decMs=0
[OTS] f=12240 calls=2 n0=2502 n1=288 prims=85636 bb=160,1120,0,694
[OTT] walkUs=4152 texUs=194 emitUs=1159 submitUs=406 otherUs=2392 prims=601 usPerPrim=6
[FT] avgMs=17 worstMs=59 gameMs=6 drawMs=10 swapWait=0ms draws=171 decodes=0 decMs=0
[OTS] f=12360 calls=2 n0=2491 n1=288 prims=85836 bb=160,1120,0,694
[OTT] walkUs=4072 texUs=191 emitUs=1128 submitUs=519 otherUs=2233 prims=590 usPerPrim=6
[FT] avgMs=16 worstMs=47 gameMs=6 drawMs=10 swapWait=0ms draws=172 decodes=0 decMs=0
[OTS] f=12480 calls=2 n0=2492 n1=288 prims=85681 bb=160,1120,0,694
[OTT] walkUs=3791 texUs=194 emitUs=1128 submitUs=495 otherUs=1972 prims=591 usPerPrim=6
[SH-XBOX] vblank 12600
[MEM] tick: free=3820KB (955 pages)
[FT] avgMs=16 worstMs=53 gameMs=6 drawMs=10 swapWait=1ms draws=172 decodes=0 decMs=0
[OTS] f=12600 calls=2 n0=2496 n1=288 prims=86005 bb=160,1120,0,694
[OTT] walkUs=3855 texUs=192 emitUs=1177 submitUs=756 otherUs=1728 prims=595 usPerPrim=6
[FT] avgMs=16 worstMs=49 gameMs=6 drawMs=10 swapWait=0ms draws=172 decodes=0 decMs=0
[OTS] f=12720 calls=2 n0=2490 n1=288 prims=85558 bb=160,1120,0,694
[OTT] walkUs=3673 texUs=191 emitUs=1125 submitUs=411 otherUs=1945 prims=589 usPerPrim=6
[FT] avgMs=17 worstMs=60 gameMs=5 drawMs=11 swapWait=0ms draws=172 decodes=0 decMs=0
[OTS] f=12840 calls=2 n0=2489 n1=288 prims=85975 bb=160,1120,0,694
[OTT] walkUs=3878 texUs=190 emitUs=1123 submitUs=379 otherUs=2185 prims=588 usPerPrim=6
[FT] avgMs=16 worstMs=46 gameMs=5 drawMs=11 swapWait=0ms draws=172 decodes=0 decMs=0
[OTS] f=12960 calls=2 n0=2489 n1=288 prims=85732 bb=160,1120,0,694
[OTT] walkUs=4047 texUs=192 emitUs=1119 submitUs=683 otherUs=2050 prims=588 usPerPrim=6
[FT] avgMs=17 worstMs=57 gameMs=5 drawMs=12 swapWait=1ms draws=172 decodes=0 decMs=0
[OTS] f=13080 calls=2 n0=2486 n1=288 prims=85900 bb=160,1120,0,694
[OTT] walkUs=3952 texUs=189 emitUs=1119 submitUs=386 otherUs=2257 prims=585 usPerPrim=6
[SH-XBOX] vblank 13200
[MEM] tick: free=3820KB (955 pages)
[FT] avgMs=16 worstMs=50 gameMs=5 drawMs=11 swapWait=0ms draws=172 decodes=0 decMs=0
[OTS] f=13200 calls=2 n0=2480 n1=288 prims=85658 bb=160,1120,0,694
[OTT] walkUs=4041 texUs=189 emitUs=1132 submitUs=396 otherUs=2323 prims=579 usPerPrim=6
[FT] avgMs=17 worstMs=61 gameMs=6 drawMs=11 swapWait=0ms draws=172 decodes=0 decMs=0
[OTS] f=13320 calls=2 n0=2494 n1=288 prims=85857 bb=160,1120,0,694
[OTT] walkUs=4074 texUs=192 emitUs=1137 submitUs=401 otherUs=2343 prims=593 usPerPrim=6
[FT] avgMs=16 worstMs=48 gameMs=5 drawMs=11 swapWait=0ms draws=172 decodes=0 decMs=0
[OTS] f=13440 calls=2 n0=2491 n1=288 prims=85884 bb=160,1120,0,694
[OTT] walkUs=3970 texUs=190 emitUs=1130 submitUs=567 otherUs=2081 prims=590 usPerPrim=6
[FT] avgMs=17 worstMs=56 gameMs=5 drawMs=11 swapWait=0ms draws=172 decodes=0 decMs=0
[OTS] f=13560 calls=2 n0=2498 n1=288 prims=85686 bb=160,1120,0,694
[OTT] walkUs=3941 texUs=196 emitUs=1144 submitUs=405 otherUs=2195 prims=597 usPerPrim=6
[FT] avgMs=16 worstMs=55 gameMs=6 drawMs=10 swapWait=0ms draws=172 decodes=0 decMs=0
[OTS] f=13680 calls=2 n0=2495 n1=288 prims=85882 bb=160,1120,0,694
[OTT] walkUs=4212 texUs=194 emitUs=1138 submitUs=446 otherUs=2432 prims=594 usPerPrim=7
[SH-XBOX] vblank 13800
[MEM] tick: free=3820KB (955 pages)
[FT] avgMs=16 worstMs=45 gameMs=6 drawMs=10 swapWait=0ms draws=172 decodes=0 decMs=0
[OTS] f=13800 calls=2 n0=2491 n1=288 prims=85610 bb=160,1120,0,694
[OTT] walkUs=3994 texUs=192 emitUs=1121 submitUs=529 otherUs=2152 prims=590 usPerPrim=6
[FT] avgMs=16 worstMs=45 gameMs=6 drawMs=10 swapWait=0ms draws=172 decodes=0 decMs=0
[OTS] f=13920 calls=2 n0=2485 n1=288 prims=85983 bb=160,1120,0,694
[OTT] walkUs=4056 texUs=189 emitUs=1111 submitUs=447 otherUs=2307 prims=584 usPerPrim=6
[FT] avgMs=16 worstMs=54 gameMs=6 drawMs=10 swapWait=0ms draws=172 decodes=0 decMs=0
[OTS] f=14040 calls=2 n0=2504 n1=288 prims=85726 bb=160,1120,0,694
[OTT] walkUs=3799 texUs=196 emitUs=1158 submitUs=635 otherUs=1809 prims=603 usPerPrim=6
[FT] avgMs=16 worstMs=50 gameMs=5 drawMs=11 swapWait=0ms draws=171 decodes=0 decMs=0
[OTS] f=14160 calls=2 n0=2501 n1=288 prims=85826 bb=160,1120,0,694
[OTT] walkUs=3998 texUs=194 emitUs=1156 submitUs=699 otherUs=1947 prims=600 usPerPrim=6
[FT] avgMs=17 worstMs=84 gameMs=6 drawMs=10 swapWait=0ms draws=172 decodes=0 decMs=0
[OTS] f=14280 calls=2 n0=2491 n1=288 prims=85622 bb=160,1120,0,694
[OTT] walkUs=3899 texUs=202 emitUs=1128 submitUs=525 otherUs=2044 prims=590 usPerPrim=6
[SH-XBOX] vblank 14400
[MEM] tick: free=3820KB (955 pages)
[FT] avgMs=16 worstMs=45 gameMs=6 drawMs=10 swapWait=0ms draws=172 decodes=0 decMs=0
[OTS] f=14400 calls=2 n0=2494 n1=288 prims=86045 bb=160,1120,0,694
[OTT] walkUs=3834 texUs=220 emitUs=1134 submitUs=449 otherUs=2030 prims=593 usPerPrim=6
[FT] avgMs=16 worstMs=52 gameMs=6 drawMs=10 swapWait=0ms draws=172 decodes=0 decMs=0
[OTS] f=14520 calls=2 n0=2496 n1=288 prims=85662 bb=160,1120,0,694
[OTT] walkUs=3924 texUs=192 emitUs=1138 submitUs=431 otherUs=2161 prims=595 usPerPrim=6
[FT] avgMs=16 worstMs=48 gameMs=6 drawMs=10 swapWait=0ms draws=171 decodes=0 decMs=0
[OTS] f=14640 calls=2 n0=2493 n1=288 prims=85897 bb=160,1120,0,694
[OTT] walkUs=3856 texUs=193 emitUs=1164 submitUs=608 otherUs=1890 prims=592 usPerPrim=6
[FT] avgMs=17 worstMs=59 gameMs=5 drawMs=11 swapWait=1ms draws=172 decodes=0 decMs=0
[OTS] f=14760 calls=2 n0=2483 n1=288 prims=85713 bb=160,1120,0,694
[OTT] walkUs=3736 texUs=189 emitUs=1113 submitUs=537 otherUs=1895 prims=582 usPerPrim=6
[FT] avgMs=16 worstMs=44 gameMs=6 drawMs=10 swapWait=0ms draws=172 decodes=0 decMs=0
[OTS] f=14880 calls=2 n0=2490 n1=288 prims=85993 bb=160,1120,0,694
[OTT] walkUs=3845 texUs=190 emitUs=1129 submitUs=411 otherUs=2114 prims=589 usPerPrim=6
[SH-XBOX] vblank 15000
[MEM] tick: free=3820KB (955 pages)
[FT] avgMs=16 worstMs=53 gameMs=6 drawMs=10 swapWait=0ms draws=171 decodes=0 decMs=0
[OTS] f=15000 calls=2 n0=2484 n1=288 prims=85660 bb=160,1120,0,694
[OTT] walkUs=3880 texUs=188 emitUs=1112 submitUs=458 otherUs=2121 prims=583 usPerPrim=6
[FT] avgMs=16 worstMs=48 gameMs=6 drawMs=10 swapWait=1ms draws=172 decodes=0 decMs=0
[OTS] f=15120 calls=2 n0=2487 n1=288 prims=85892 bb=160,1120,0,694
[OTT] walkUs=3970 texUs=190 emitUs=1124 submitUs=396 otherUs=2259 prims=586 usPerPrim=6
[FT] avgMs=16 worstMs=54 gameMs=7 drawMs=9 swapWait=0ms draws=172 decodes=0 decMs=0
[OTS] f=15240 calls=2 n0=2488 n1=288 prims=85824 bb=160,1120,0,694
[OTT] walkUs=3967 texUs=190 emitUs=1128 submitUs=547 otherUs=2101 prims=587 usPerPrim=6
[FT] avgMs=16 worstMs=50 gameMs=6 drawMs=10 swapWait=0ms draws=172 decodes=0 decMs=0
[OTS] f=15360 calls=2 n0=2490 n1=288 prims=85739 bb=160,1120,0,694
[OTT] walkUs=3884 texUs=193 emitUs=1159 submitUs=417 otherUs=2114 prims=589 usPerPrim=6
[FT] avgMs=16 worstMs=48 gameMs=5 drawMs=11 swapWait=0ms draws=172 decodes=0 decMs=0
[OTS] f=15480 calls=2 n0=2489 n1=288 prims=85891 bb=160,1120,0,694
[OTT] walkUs=4005 texUs=193 emitUs=1124 submitUs=609 otherUs=2077 prims=588 usPerPrim=6
[SH-XBOX] vblank 15600
[MEM] tick: free=3820KB (955 pages)
[FT] avgMs=16 worstMs=55 gameMs=6 drawMs=10 swapWait=0ms draws=172 decodes=0 decMs=0
[OTS] f=15600 calls=2 n0=2494 n1=288 prims=85641 bb=160,1120,0,694
[OTT] walkUs=3991 texUs=193 emitUs=1126 submitUs=622 otherUs=2048 prims=593 usPerPrim=6
[FT] avgMs=16 worstMs=50 gameMs=6 drawMs=10 swapWait=0ms draws=172 decodes=0 decMs=0
[OTS] f=15720 calls=2 n0=2492 n1=288 prims=85890 bb=160,1120,0,694
[OTT] walkUs=3948 texUs=190 emitUs=1131 submitUs=539 otherUs=2086 prims=591 usPerPrim=6
[FT] avgMs=17 worstMs=59 gameMs=6 drawMs=10 swapWait=0ms draws=172 decodes=0 decMs=0
[OTS] f=15840 calls=2 n0=2487 n1=288 prims=85631 bb=160,1120,0,694
[OTT] walkUs=4150 texUs=188 emitUs=1119 submitUs=476 otherUs=2365 prims=586 usPerPrim=7
[FT] avgMs=16 worstMs=46 gameMs=6 drawMs=10 swapWait=0ms draws=172 decodes=0 decMs=0
[OTS] f=15960 calls=2 n0=2501 n1=288 prims=85986 bb=160,1120,0,694
[OTT] walkUs=4113 texUs=194 emitUs=1151 submitUs=411 otherUs=2355 prims=600 usPerPrim=6
[FT] avgMs=16 worstMs=55 gameMs=6 drawMs=10 swapWait=0ms draws=172 decodes=0 decMs=0
[OTS] f=16080 calls=2 n0=2499 n1=288 prims=85606 bb=160,1120,0,694
[OTT] walkUs=3823 texUs=195 emitUs=1145 submitUs=404 otherUs=2077 prims=598 usPerPrim=6
[SH-XBOX] vblank 16200
[MEM] tick: free=3820KB (955 pages)
[FT] avgMs=16 worstMs=50 gameMs=6 drawMs=10 swapWait=0ms draws=171 decodes=0 decMs=0
[OTS] f=16200 calls=2 n0=2491 n1=288 prims=85893 bb=160,1120,0,694
[OTT] walkUs=3780 texUs=191 emitUs=1140 submitUs=447 otherUs=2001 prims=590 usPerPrim=6
[FT] avgMs=17 worstMs=58 gameMs=6 drawMs=10 swapWait=0ms draws=172 decodes=0 decMs=0
[OTS] f=16320 calls=2 n0=2492 n1=288 prims=85697 bb=160,1120,0,694
[OTT] walkUs=3842 texUs=194 emitUs=1134 submitUs=481 otherUs=2032 prims=591 usPerPrim=6
[FT] avgMs=16 worstMs=46 gameMs=6 drawMs=10 swapWait=0ms draws=171 decodes=0 decMs=0
[OTS] f=16440 calls=2 n0=2494 n1=288 prims=85871 bb=160,1120,0,694
[OTT] walkUs=3560 texUs=200 emitUs=1130 submitUs=574 otherUs=1654 prims=593 usPerPrim=6
[FT] avgMs=16 worstMs=53 gameMs=6 drawMs=10 swapWait=0ms draws=172 decodes=0 decMs=0
[OTS] f=16560 calls=2 n0=2489 n1=288 prims=85685 bb=160,1120,0,694
[OTT] walkUs=3780 texUs=189 emitUs=1124 submitUs=391 otherUs=2075 prims=588 usPerPrim=6
[FT] avgMs=16 worstMs=49 gameMs=6 drawMs=10 swapWait=0ms draws=172 decodes=0 decMs=0
[OTS] f=16680 calls=2 n0=2489 n1=288 prims=86002 bb=160,1120,0,694
[OTT] walkUs=3971 texUs=190 emitUs=1120 submitUs=396 otherUs=2263 prims=588 usPerPrim=6
[SH-XBOX] vblank 16800
[MEM] tick: free=3820KB (955 pages)
[FT] avgMs=17 worstMs=57 gameMs=6 drawMs=10 swapWait=0ms draws=172 decodes=0 decMs=0
[OTS] f=16800 calls=2 n0=2491 n1=288 prims=85667 bb=160,1120,0,694
[OTT] walkUs=3655 texUs=191 emitUs=1131 submitUs=402 otherUs=1929 prims=590 usPerPrim=6
[FT] avgMs=16 worstMs=46 gameMs=6 drawMs=10 swapWait=1ms draws=172 decodes=0 decMs=0
[OTS] f=16920 calls=2 n0=2486 n1=288 prims=85934 bb=160,1120,0,694
[OTT] walkUs=3898 texUs=188 emitUs=1124 submitUs=386 otherUs=2199 prims=585 usPerPrim=6
[FT] avgMs=16 worstMs=54 gameMs=6 drawMs=10 swapWait=0ms draws=172 decodes=0 decMs=0
[OTS] f=17040 calls=2 n0=2480 n1=288 prims=85816 bb=160,1120,0,694
[OTT] walkUs=3856 texUs=186 emitUs=1129 submitUs=411 otherUs=2128 prims=579 usPerPrim=6
[FT] avgMs=16 worstMs=50 gameMs=6 drawMs=10 swapWait=0ms draws=172 decodes=0 decMs=0
[OTS] f=17160 calls=2 n0=2494 n1=288 prims=85862 bb=160,1120,0,694
[OTT] walkUs=3820 texUs=194 emitUs=1131 submitUs=405 otherUs=2088 prims=593 usPerPrim=6
[FT] avgMs=17 worstMs=58 gameMs=6 drawMs=11 swapWait=0ms draws=171 decodes=0 decMs=0
[OTS] f=17280 calls=2 n0=2490 n1=288 prims=85743 bb=160,1120,0,694
[OTT] walkUs=3924 texUs=193 emitUs=1122 submitUs=393 otherUs=2215 prims=589 usPerPrim=6
[SH-XBOX] vblank 17400
[MEM] tick: free=3820KB (955 pages)
[FT] avgMs=16 worstMs=47 gameMs=6 drawMs=10 swapWait=0ms draws=172 decodes=0 decMs=0
[OTS] f=17400 calls=2 n0=2498 n1=288 prims=85791 bb=160,1120,0,694
[OTT] walkUs=3969 texUs=193 emitUs=1148 submitUs=550 otherUs=2076 prims=597 usPerPrim=6
[FT] avgMs=16 worstMs=54 gameMs=6 drawMs=10 swapWait=0ms draws=172 decodes=0 decMs=0
[OTS] f=17520 calls=2 n0=2495 n1=288 prims=85920 bb=160,1120,0,694
[OTT] walkUs=3927 texUs=192 emitUs=1170 submitUs=614 otherUs=1949 prims=594 usPerPrim=6
[FT] avgMs=16 worstMs=50 gameMs=6 drawMs=10 swapWait=1ms draws=172 decodes=0 decMs=0
[OTS] f=17640 calls=2 n0=2493 n1=288 prims=85554 bb=160,1120,0,694
[OTT] walkUs=4087 texUs=191 emitUs=1132 submitUs=674 otherUs=2089 prims=592 usPerPrim=6
[FT] avgMs=17 worstMs=59 gameMs=6 drawMs=11 swapWait=0ms draws=172 decodes=0 decMs=0
[OTS] f=17760 calls=2 n0=2486 n1=288 prims=86012 bb=160,1120,0,694
[OTT] walkUs=3988 texUs=188 emitUs=1114 submitUs=458 otherUs=2227 prims=585 usPerPrim=6
[FT] avgMs=16 worstMs=47 gameMs=5 drawMs=11 swapWait=0ms draws=172 decodes=0 decMs=0
[OTS] f=17880 calls=2 n0=2502 n1=288 prims=85658 bb=160,1120,0,694
[OTT] walkUs=4056 texUs=195 emitUs=1151 submitUs=536 otherUs=2172 prims=601 usPerPrim=6
[SH-XBOX] vblank 18000
[MEM] tick: free=3820KB (955 pages)
[FT] avgMs=17 worstMs=57 gameMs=5 drawMs=11 swapWait=0ms draws=171 decodes=0 decMs=0
[OTS] f=18000 calls=2 n0=2501 n1=288 prims=85888 bb=160,1120,0,694
[OTT] walkUs=4196 texUs=194 emitUs=1152 submitUs=416 otherUs=2433 prims=600 usPerPrim=6
[FT] avgMs=17 worstMs=57 gameMs=5 drawMs=11 swapWait=0ms draws=172 decodes=0 decMs=0
[OTS] f=18120 calls=2 n0=2491 n1=288 prims=85621 bb=160,1120,0,694
[OTT] walkUs=3720 texUs=191 emitUs=1162 submitUs=638 otherUs=1728 prims=590 usPerPrim=6
[FT] avgMs=17 worstMs=58 gameMs=5 drawMs=11 swapWait=0ms draws=171 decodes=0 decMs=0
[OTS] f=18240 calls=2 n0=2492 n1=288 prims=85895 bb=160,1120,0,694
[OTT] walkUs=4156 texUs=192 emitUs=1126 submitUs=421 otherUs=2417 prims=591 usPerPrim=7
[FT] avgMs=17 worstMs=61 gameMs=5 drawMs=11 swapWait=0ms draws=172 decodes=0 decMs=0
[OTS] f=18360 calls=2 n0=2495 n1=288 prims=85665 bb=160,1120,0,694
[OTT] walkUs=4016 texUs=192 emitUs=1134 submitUs=453 otherUs=2235 prims=594 usPerPrim=6
[FT] avgMs=16 worstMs=48 gameMs=5 drawMs=11 swapWait=0ms draws=171 decodes=0 decMs=0
[OTS] f=18480 calls=2 n0=2495 n1=288 prims=85872 bb=160,1120,0,694
[OTT] walkUs=3917 texUs=193 emitUs=1138 submitUs=704 otherUs=1881 prims=594 usPerPrim=6
[SH-XBOX] vblank 18600
[MEM] tick: free=3820KB (955 pages)
[FT] avgMs=16 worstMs=54 gameMs=6 drawMs=10 swapWait=0ms draws=172 decodes=0 decMs=0
[OTS] f=18600 calls=2 n0=2483 n1=288 prims=85743 bb=160,1120,0,694
[OTT] walkUs=3952 texUs=190 emitUs=1117 submitUs=423 otherUs=2221 prims=582 usPerPrim=6
[FT] avgMs=16 worstMs=49 gameMs=6 drawMs=10 swapWait=1ms draws=172 decodes=0 decMs=0
[OTS] f=18720 calls=2 n0=2487 n1=288 prims=85905 bb=160,1120,0,694
[OTT] walkUs=3849 texUs=189 emitUs=1154 submitUs=435 otherUs=2069 prims=586 usPerPrim=6
[FT] avgMs=17 worstMs=58 gameMs=6 drawMs=10 swapWait=0ms draws=172 decodes=0 decMs=0
[OTS] f=18840 calls=2 n0=2483 n1=288 prims=85728 bb=160,1120,0,694
[OTT] walkUs=3830 texUs=187 emitUs=1103 submitUs=437 otherUs=2101 prims=582 usPerPrim=6
[FT] avgMs=16 worstMs=47 gameMs=6 drawMs=10 swapWait=0ms draws=172 decodes=0 decMs=0
[OTS] f=18960 calls=2 n0=2487 n1=288 prims=85909 bb=160,1120,0,694
[OTT] walkUs=3945 texUs=189 emitUs=1122 submitUs=395 otherUs=2237 prims=586 usPerPrim=6
[FT] avgMs=17 worstMs=56 gameMs=5 drawMs=11 swapWait=0ms draws=171 decodes=0 decMs=0
[OTS] f=19080 calls=2 n0=2491 n1=288 prims=85698 bb=160,1120,0,694
[OTT] walkUs=3930 texUs=191 emitUs=1128 submitUs=634 otherUs=1976 prims=590 usPerPrim=6
[SH-XBOX] vblank 19200
[MEM] tick: free=3820KB (955 pages)
[FT] avgMs=17 worstMs=58 gameMs=6 drawMs=10 swapWait=0ms draws=172 decodes=0 decMs=0
[OTS] f=19200 calls=2 n0=2490 n1=288 prims=85845 bb=160,1120,0,694
[OTT] walkUs=3835 texUs=193 emitUs=1158 submitUs=420 otherUs=2063 prims=589 usPerPrim=6
[FT] avgMs=17 worstMs=58 gameMs=6 drawMs=10 swapWait=0ms draws=172 decodes=0 decMs=0
[OTS] f=19320 calls=2 n0=2489 n1=288 prims=85910 bb=160,1120,0,694
[OTT] walkUs=4089 texUs=190 emitUs=1121 submitUs=486 otherUs=2291 prims=588 usPerPrim=6
[FT] avgMs=16 worstMs=44 gameMs=6 drawMs=10 swapWait=0ms draws=172 decodes=0 decMs=0
[OTS] f=19440 calls=2 n0=2496 n1=288 prims=85613 bb=160,1120,0,694
[OTT] walkUs=4080 texUs=195 emitUs=1145 submitUs=629 otherUs=2111 prims=595 usPerPrim=6
[FT] avgMs=16 worstMs=54 gameMs=6 drawMs=10 swapWait=0ms draws=172 decodes=0 decMs=0
[OTS] f=19560 calls=2 n0=2493 n1=288 prims=85911 bb=160,1120,0,694
[OTT] walkUs=3967 texUs=191 emitUs=1131 submitUs=526 otherUs=2117 prims=592 usPerPrim=6
[FT] avgMs=16 worstMs=51 gameMs=5 drawMs=11 swapWait=0ms draws=172 decodes=0 decMs=0
[OTS] f=19680 calls=2 n0=2486 n1=288 prims=85752 bb=160,1120,0,694
[OTT] walkUs=4006 texUs=188 emitUs=1111 submitUs=408 otherUs=2297 prims=585 usPerPrim=6
[SH-XBOX] vblank 19800
[MEM] tick: free=3820KB (955 pages)
[FT] avgMs=17 worstMs=57 gameMs=6 drawMs=10 swapWait=0ms draws=172 decodes=0 decMs=0
[OTS] f=19800 calls=2 n0=2501 n1=288 prims=86016 bb=160,1120,0,694
[OTT] walkUs=4257 texUs=195 emitUs=1158 submitUs=549 otherUs=2354 prims=600 usPerPrim=7
[FT] avgMs=16 worstMs=47 gameMs=6 drawMs=10 swapWait=0ms draws=172 decodes=0 decMs=0
[OTS] f=19920 calls=2 n0=2501 n1=288 prims=85489 bb=160,1120,0,694
[OTT] walkUs=4145 texUs=196 emitUs=1153 submitUs=581 otherUs=2213 prims=600 usPerPrim=6
[FT] avgMs=16 worstMs=55 gameMs=6 drawMs=10 swapWait=0ms draws=171 decodes=0 decMs=0
[OTS] f=20040 calls=2 n0=2491 n1=288 prims=85970 bb=160,1120,0,694
[OTT] walkUs=3720 texUs=191 emitUs=1127 submitUs=416 otherUs=1984 prims=590 usPerPrim=6
[FT] avgMs=16 worstMs=47 gameMs=7 drawMs=9 swapWait=0ms draws=172 decodes=0 decMs=0
[OTS] f=20160 calls=2 n0=2491 n1=288 prims=85700 bb=160,1120,0,694
[OTT] walkUs=3902 texUs=191 emitUs=1124 submitUs=394 otherUs=2192 prims=590 usPerPrim=6
[FT] avgMs=17 worstMs=57 gameMs=6 drawMs=10 swapWait=0ms draws=171 decodes=0 decMs=0
[OTS] f=20280 calls=2 n0=2496 n1=288 prims=85862 bb=160,1120,0,694
[OTT] walkUs=3725 texUs=193 emitUs=1141 submitUs=396 otherUs=1995 prims=595 usPerPrim=6
[SH-XBOX] vblank 20400
[MEM] tick: free=3820KB (955 pages)
[FT] avgMs=17 worstMs=47 gameMs=5 drawMs=11 swapWait=0ms draws=172 decodes=0 decMs=0
[OTS] f=20400 calls=2 n0=2490 n1=288 prims=85694 bb=160,1120,0,694
[OTT] walkUs=3810 texUs=191 emitUs=1122 submitUs=520 otherUs=1976 prims=589 usPerPrim=6
[FT] avgMs=16 worstMs=47 gameMs=6 drawMs=10 swapWait=0ms draws=172 decodes=0 decMs=0
[OTS] f=20520 calls=2 n0=2488 n1=288 prims=85904 bb=160,1120,0,694
[OTT] walkUs=3786 texUs=190 emitUs=1129 submitUs=377 otherUs=2089 prims=587 usPerPrim=6
[FT] avgMs=16 worstMs=54 gameMs=6 drawMs=10 swapWait=0ms draws=172 decodes=0 decMs=0
[OTS] f=20640 calls=2 n0=2490 n1=288 prims=85770 bb=160,1120,0,694
[OTT] walkUs=3778 texUs=190 emitUs=1127 submitUs=615 otherUs=1844 prims=589 usPerPrim=6
[FT] avgMs=16 worstMs=52 gameMs=6 drawMs=10 swapWait=1ms draws=172 decodes=0 decMs=0
[OTS] f=20760 calls=2 n0=2486 n1=288 prims=85936 bb=160,1120,0,694
[OTT] walkUs=3866 texUs=189 emitUs=1149 submitUs=387 otherUs=2139 prims=585 usPerPrim=6
[FT] avgMs=16 worstMs=45 gameMs=6 drawMs=10 swapWait=0ms draws=172 decodes=0 decMs=0
[OTS] f=20880 calls=2 n0=2480 n1=288 prims=85662 bb=160,1120,0,694
[OTT] walkUs=3855 texUs=186 emitUs=1102 submitUs=435 otherUs=2130 prims=579 usPerPrim=6
[SH-XBOX] vblank 21000
[MEM] tick: free=3820KB (955 pages)
[FT] avgMs=16 worstMs=55 gameMs=6 drawMs=10 swapWait=0ms draws=172 decodes=0 decMs=0
[OTS] f=21000 calls=2 n0=2492 n1=288 prims=85845 bb=160,1120,0,694
[OTT] walkUs=3832 texUs=193 emitUs=1127 submitUs=514 otherUs=1995 prims=591 usPerPrim=6
[FT] avgMs=16 worstMs=50 gameMs=6 drawMs=10 swapWait=0ms draws=171 decodes=0 decMs=0
[OTS] f=21120 calls=2 n0=2492 n1=288 prims=85793 bb=160,1120,0,694
[OTT] walkUs=3895 texUs=190 emitUs=1127 submitUs=599 otherUs=1977 prims=591 usPerPrim=6
[FT] avgMs=17 worstMs=57 gameMs=6 drawMs=10 swapWait=0ms draws=172 decodes=0 decMs=0
[OTS] f=21240 calls=2 n0=2498 n1=288 prims=85796 bb=160,1120,0,694
[OTT] walkUs=3963 texUs=193 emitUs=1146 submitUs=442 otherUs=2180 prims=597 usPerPrim=6
[FT] avgMs=16 worstMs=44 gameMs=6 drawMs=10 swapWait=0ms draws=172 decodes=0 decMs=0
[OTS] f=21360 calls=2 n0=2493 n1=288 prims=85796 bb=160,1120,0,694
[OTT] walkUs=3720 texUs=192 emitUs=1125 submitUs=535 otherUs=1866 prims=592 usPerPrim=6
[FT] avgMs=16 worstMs=54 gameMs=6 drawMs=10 swapWait=0ms draws=172 decodes=0 decMs=0
[OTS] f=21480 calls=2 n0=2493 n1=288 prims=85660 bb=160,1120,0,694
[OTT] walkUs=3968 texUs=194 emitUs=1145 submitUs=399 otherUs=2228 prims=592 usPerPrim=6
[SH-XBOX] vblank 21600
[MEM] tick: free=3820KB (955 pages)
[FT] avgMs=16 worstMs=48 gameMs=6 drawMs=10 swapWait=0ms draws=172 decodes=0 decMs=0
[OTS] f=21600 calls=2 n0=2486 n1=288 prims=86036 bb=160,1120,0,694
[OTT] walkUs=4003 texUs=188 emitUs=1123 submitUs=415 otherUs=2275 prims=585 usPerPrim=6
[FT] avgMs=16 worstMs=57 gameMs=6 drawMs=10 swapWait=0ms draws=172 decodes=0 decMs=0
[OTS] f=21720 calls=2 n0=2504 n1=288 prims=85586 bb=160,1120,0,694
[OTT] walkUs=4045 texUs=196 emitUs=1157 submitUs=422 otherUs=2269 prims=603 usPerPrim=6
[FT] avgMs=16 worstMs=52 gameMs=6 drawMs=10 swapWait=0ms draws=172 decodes=0 decMs=0
[OTS] f=21840 calls=2 n0=2500 n1=288 prims=85938 bb=160,1120,0,694
[OTT] walkUs=4120 texUs=193 emitUs=1145 submitUs=489 otherUs=2292 prims=599 usPerPrim=6
[FT] avgMs=16 worstMs=47 gameMs=6 drawMs=10 swapWait=0ms draws=172 decodes=0 decMs=0
[OTS] f=21960 calls=2 n0=2488 n1=288 prims=85631 bb=160,1120,0,694
[OTT] walkUs=3950 texUs=190 emitUs=1119 submitUs=430 otherUs=2210 prims=587 usPerPrim=6
[FT] avgMs=17 worstMs=81 gameMs=6 drawMs=10 swapWait=0ms draws=171 decodes=0 decMs=0
[OTS] f=22080 calls=2 n0=2494 n1=288 prims=85909 bb=160,1120,0,694
[OTT] walkUs=4143 texUs=191 emitUs=1140 submitUs=867 otherUs=1943 prims=593 usPerPrim=6
[SH-XBOX] vblank 22200
[MEM] tick: free=3820KB (955 pages)
[FT] avgMs=16 worstMs=52 gameMs=5 drawMs=10 swapWait=0ms draws=172 decodes=0 decMs=0
[OTS] f=22200 calls=2 n0=2496 n1=288 prims=85662 bb=160,1120,0,694
[OTT] walkUs=3809 texUs=192 emitUs=1147 submitUs=409 otherUs=2059 prims=595 usPerPrim=6
[FT] avgMs=17 worstMs=62 gameMs=6 drawMs=10 swapWait=0ms draws=172 decodes=0 decMs=0
[OTS] f=22320 calls=2 n0=2495 n1=288 prims=85977 bb=160,1120,0,694
[OTT] walkUs=4297 texUs=192 emitUs=1135 submitUs=719 otherUs=2249 prims=594 usPerPrim=7
[FT] avgMs=16 worstMs=46 gameMs=6 drawMs=10 swapWait=0ms draws=172 decodes=0 decMs=0
[OTS] f=22440 calls=2 n0=2483 n1=288 prims=85761 bb=160,1120,0,694
[OTT] walkUs=3727 texUs=188 emitUs=1110 submitUs=613 otherUs=1814 prims=582 usPerPrim=6
[FT] avgMs=16 worstMs=55 gameMs=5 drawMs=11 swapWait=0ms draws=172 decodes=0 decMs=0
[OTS] f=22560 calls=2 n0=2489 n1=288 prims=85841 bb=160,1120,0,694
[OTT] walkUs=3844 texUs=193 emitUs=1127 submitUs=405 otherUs=2117 prims=588 usPerPrim=6
[FT] avgMs=16 worstMs=50 gameMs=6 drawMs=10 swapWait=0ms draws=172 decodes=0 decMs=0
[OTS] f=22680 calls=2 n0=2484 n1=288 prims=85786 bb=160,1120,0,694
[OTT] walkUs=4093 texUs=189 emitUs=1115 submitUs=445 otherUs=2343 prims=583 usPerPrim=7
[SH-XBOX] vblank 22800
[MEM] tick: free=3820KB (955 pages)
[FT] avgMs=17 worstMs=62 gameMs=5 drawMs=11 swapWait=0ms draws=172 decodes=0 decMs=0
[OTS] f=22800 calls=2 n0=2485 n1=288 prims=85876 bb=160,1120,0,694
[OTT] walkUs=3774 texUs=190 emitUs=1114 submitUs=453 otherUs=2016 prims=584 usPerPrim=6
[FT] avgMs=16 worstMs=48 gameMs=5 drawMs=11 swapWait=1ms draws=171 decodes=0 decMs=0
[OTS] f=22920 calls=2 n0=2491 n1=288 prims=85759 bb=160,1120,0,694
[OTT] walkUs=4023 texUs=194 emitUs=1171 submitUs=392 otherUs=2264 prims=590 usPerPrim=6
[FT] avgMs=16 worstMs=55 gameMs=5 drawMs=11 swapWait=0ms draws=172 decodes=0 decMs=0
[OTS] f=23040 calls=2 n0=2490 n1=288 prims=85850 bb=160,1120,0,694
[OTT] walkUs=4017 texUs=191 emitUs=1126 submitUs=485 otherUs=2214 prims=589 usPerPrim=6
[FT] avgMs=16 worstMs=52 gameMs=5 drawMs=11 swapWait=0ms draws=172 decodes=0 decMs=0
[OTS] f=23160 calls=2 n0=2487 n1=288 prims=85781 bb=160,1120,0,694
[OTT] walkUs=3747 texUs=190 emitUs=1114 submitUs=443 otherUs=1998 prims=586 usPerPrim=6
[FT] avgMs=17 worstMs=66 gameMs=5 drawMs=11 swapWait=0ms draws=172 decodes=0 decMs=0
[OTS] f=23280 calls=2 n0=2496 n1=288 prims=85736 bb=160,1120,0,694
[OTT] walkUs=3934 texUs=193 emitUs=1141 submitUs=493 otherUs=2104 prims=595 usPerPrim=6
[SH-XBOX] vblank 23400
[MEM] tick: free=3820KB (955 pages)
[FT] avgMs=16 worstMs=47 gameMs=5 drawMs=11 swapWait=0ms draws=172 decodes=0 decMs=0
[OTS] f=23400 calls=2 n0=2493 n1=288 prims=85924 bb=160,1120,0,694
[OTT] walkUs=4039 texUs=192 emitUs=1166 submitUs=393 otherUs=2286 prims=592 usPerPrim=6
[FT] avgMs=16 worstMs=54 gameMs=6 drawMs=10 swapWait=0ms draws=172 decodes=0 decMs=0
[OTS] f=23520 calls=2 n0=2487 n1=288 prims=85633 bb=160,1120,0,694
[OTT] walkUs=3938 texUs=189 emitUs=1116 submitUs=655 otherUs=1976 prims=586 usPerPrim=6
[FT] avgMs=16 worstMs=49 gameMs=6 drawMs=10 swapWait=1ms draws=172 decodes=0 decMs=0
[OTS] f=23640 calls=2 n0=2499 n1=288 prims=85945 bb=160,1120,0,694
[OTT] walkUs=4093 texUs=195 emitUs=1143 submitUs=540 otherUs=2214 prims=598 usPerPrim=6
[FT] avgMs=17 worstMs=58 gameMs=6 drawMs=10 swapWait=0ms draws=172 decodes=0 decMs=0
[OTS] f=23760 calls=2 n0=2500 n1=288 prims=85573 bb=160,1120,0,694
[OTT] walkUs=4042 texUs=193 emitUs=1147 submitUs=402 otherUs=2298 prims=599 usPerPrim=6
[FT] avgMs=16 worstMs=46 gameMs=6 drawMs=10 swapWait=0ms draws=171 decodes=0 decMs=0
[OTS] f=23880 calls=2 n0=2491 n1=288 prims=85976 bb=160,1120,0,694
[OTT] walkUs=4009 texUs=191 emitUs=1128 submitUs=580 otherUs=2109 prims=590 usPerPrim=6
[SH-XBOX] vblank 24000
[MEM] tick: free=3820KB (955 pages)
[FT] avgMs=17 worstMs=56 gameMs=5 drawMs=11 swapWait=0ms draws=172 decodes=0 decMs=0
[OTS] f=24000 calls=2 n0=2490 n1=288 prims=85576 bb=160,1120,0,694
[OTT] walkUs=4181 texUs=191 emitUs=1127 submitUs=614 otherUs=2248 prims=589 usPerPrim=7
[FT] avgMs=16 worstMs=56 gameMs=6 drawMs=10 swapWait=0ms draws=172 decodes=0 decMs=0
[OTS] f=24120 calls=2 n0=2496 n1=288 prims=85970 bb=160,1120,0,694
[OTT] walkUs=4157 texUs=193 emitUs=1141 submitUs=402 otherUs=2419 prims=595 usPerPrim=6
[FT] avgMs=16 worstMs=55 gameMs=6 drawMs=10 swapWait=0ms draws=172 decodes=0 decMs=0
[OTS] f=24240 calls=2 n0=2491 n1=288 prims=85726 bb=160,1120,0,694
[OTT] walkUs=3904 texUs=190 emitUs=1126 submitUs=784 otherUs=1802 prims=590 usPerPrim=6
[FT] avgMs=16 worstMs=46 gameMs=6 drawMs=10 swapWait=0ms draws=171 decodes=0 decMs=0
[OTS] f=24360 calls=2 n0=2489 n1=288 prims=85853 bb=160,1120,0,694
[OTT] walkUs=3761 texUs=190 emitUs=1121 submitUs=499 otherUs=1950 prims=588 usPerPrim=6
[FT] avgMs=16 worstMs=54 gameMs=6 drawMs=10 swapWait=1ms draws=172 decodes=0 decMs=0
[OTS] f=24480 calls=2 n0=2491 n1=288 prims=85792 bb=160,1120,0,694
[OTT] walkUs=3896 texUs=192 emitUs=1162 submitUs=395 otherUs=2147 prims=590 usPerPrim=6
[SH-XBOX] vblank 24600
[MEM] tick: free=3820KB (955 pages)
[FT] avgMs=16 worstMs=51 gameMs=5 drawMs=10 swapWait=1ms draws=172 decodes=0 decMs=0
[OTS] f=24600 calls=2 n0=2483 n1=288 prims=85888 bb=160,1120,0,694
[OTT] walkUs=3614 texUs=188 emitUs=1103 submitUs=449 otherUs=1873 prims=582 usPerPrim=6
[FT] avgMs=17 worstMs=58 gameMs=6 drawMs=10 swapWait=0ms draws=172 decodes=0 decMs=0
[OTS] f=24720 calls=2 n0=2480 n1=288 prims=85741 bb=160,1120,0,694
[OTT] walkUs=3879 texUs=187 emitUs=1134 submitUs=405 otherUs=2152 prims=579 usPerPrim=6
[FT] avgMs=16 worstMs=47 gameMs=6 drawMs=10 swapWait=0ms draws=172 decodes=0 decMs=0
[OTS] f=24840 calls=2 n0=2494 n1=288 prims=85853 bb=160,1120,0,694
[OTT] walkUs=4100 texUs=192 emitUs=1137 submitUs=640 otherUs=2128 prims=593 usPerPrim=6
[FT] avgMs=16 worstMs=55 gameMs=6 drawMs=10 swapWait=0ms draws=172 decodes=0 decMs=0
[OTS] f=24960 calls=2 n0=2492 n1=288 prims=85875 bb=160,1120,0,694
[OTT] walkUs=3704 texUs=193 emitUs=1130 submitUs=401 otherUs=1978 prims=591 usPerPrim=6
[FT] avgMs=16 worstMs=48 gameMs=7 drawMs=9 swapWait=0ms draws=172 decodes=0 decMs=0
[OTS] f=25080 calls=2 n0=2497 n1=288 prims=85826 bb=160,1120,0,694
[OTT] walkUs=3791 texUs=193 emitUs=1142 submitUs=487 otherUs=1967 prims=596 usPerPrim=6
[SH-XBOX] vblank 25200
[MEM] tick: free=3820KB (955 pages)
[FT] avgMs=17 worstMs=61 gameMs=6 drawMs=10 swapWait=0ms draws=172 decodes=0 decMs=0
[OTS] f=25200 calls=2 n0=2496 n1=288 prims=85774 bb=160,1120,0,694
[OTT] walkUs=3901 texUs=193 emitUs=1142 submitUs=383 otherUs=2182 prims=595 usPerPrim=6
[FT] avgMs=16 worstMs=47 gameMs=5 drawMs=11 swapWait=0ms draws=172 decodes=0 decMs=0
[OTS] f=25320 calls=2 n0=2493 n1=288 prims=85692 bb=160,1120,0,694
[OTT] walkUs=3842 texUs=191 emitUs=1135 submitUs=395 otherUs=2119 prims=592 usPerPrim=6
[FT] avgMs=16 worstMs=53 gameMs=6 drawMs=10 swapWait=0ms draws=172 decodes=0 decMs=0
[OTS] f=25440 calls=2 n0=2484 n1=288 prims=85946 bb=160,1120,0,694
[OTT] walkUs=4017 texUs=190 emitUs=1107 submitUs=520 otherUs=2199 prims=583 usPerPrim=6
[FT] avgMs=16 worstMs=49 gameMs=6 drawMs=10 swapWait=1ms draws=172 decodes=0 decMs=0
[OTS] f=25560 calls=2 n0=2504 n1=288 prims=85669 bb=160,1120,0,694
[OTT] walkUs=4007 texUs=196 emitUs=1158 submitUs=683 otherUs=1968 prims=603 usPerPrim=6
[FT] avgMs=17 worstMs=58 gameMs=6 drawMs=10 swapWait=0ms draws=172 decodes=0 decMs=0
[OTS] f=25680 calls=2 n0=2500 n1=288 prims=85941 bb=160,1120,0,694
[OTT] walkUs=3934 texUs=194 emitUs=1150 submitUs=681 otherUs=1908 prims=599 usPerPrim=6
[SH-XBOX] vblank 25800
[MEM] tick: free=3820KB (955 pages)
[FT] avgMs=16 worstMs=46 gameMs=6 drawMs=10 swapWait=0ms draws=171 decodes=0 decMs=0
[OTS] f=25800 calls=2 n0=2491 n1=288 prims=85504 bb=160,1120,0,694
[OTT] walkUs=4061 texUs=191 emitUs=1132 submitUs=421 otherUs=2316 prims=590 usPerPrim=6
[FT] avgMs=17 worstMs=55 gameMs=6 drawMs=10 swapWait=0ms draws=172 decodes=0 decMs=0
[OTS] f=25920 calls=2 n0=2494 n1=288 prims=86010 bb=160,1120,0,694
[OTT] walkUs=4171 texUs=192 emitUs=1134 submitUs=402 otherUs=2441 prims=593 usPerPrim=7
[FT] avgMs=17 worstMs=56 gameMs=6 drawMs=10 swapWait=0ms draws=172 decodes=0 decMs=0
[OTS] f=26040 calls=2 n0=2496 n1=288 prims=85679 bb=160,1120,0,694
[OTT] walkUs=3979 texUs=192 emitUs=1137 submitUs=463 otherUs=2186 prims=595 usPerPrim=6
[FT] avgMs=17 worstMs=53 gameMs=6 drawMs=10 swapWait=0ms draws=171 decodes=0 decMs=0
[OTS] f=26160 calls=2 n0=2495 n1=288 prims=85860 bb=160,1120,0,694
[OTT] walkUs=4089 texUs=193 emitUs=1137 submitUs=535 otherUs=2223 prims=594 usPerPrim=6
[FT] avgMs=16 worstMs=45 gameMs=6 drawMs=10 swapWait=0ms draws=172 decodes=0 decMs=0
[OTS] f=26280 calls=2 n0=2481 n1=288 prims=85663 bb=160,1120,0,694
[OTT] walkUs=3701 texUs=189 emitUs=1154 submitUs=391 otherUs=1966 prims=580 usPerPrim=6
[SH-XBOX] vblank 26400
[MEM] tick: free=3820KB (955 pages)
[FT] avgMs=16 worstMs=53 gameMs=6 drawMs=10 swapWait=0ms draws=172 decodes=0 decMs=0
[OTS] f=26400 calls=2 n0=2489 n1=288 prims=85938 bb=160,1120,0,694
[OTT] walkUs=3880 texUs=189 emitUs=1124 submitUs=507 otherUs=2059 prims=588 usPerPrim=6
[FT] avgMs=16 worstMs=50 gameMs=6 drawMs=10 swapWait=0ms draws=172 decodes=0 decMs=0
[OTS] f=26520 calls=2 n0=2484 n1=288 prims=85811 bb=160,1120,0,694
[OTT] walkUs=3696 texUs=187 emitUs=1109 submitUs=396 otherUs=2002 prims=583 usPerPrim=6
[FT] avgMs=16 worstMs=56 gameMs=6 drawMs=10 swapWait=0ms draws=172 decodes=0 decMs=0
[OTS] f=26640 calls=2 n0=2487 n1=288 prims=85764 bb=160,1120,0,694
[OTT] walkUs=4319 texUs=192 emitUs=1117 submitUs=415 otherUs=2594 prims=586 usPerPrim=7
[FT] avgMs=16 worstMs=51 gameMs=6 drawMs=10 swapWait=0ms draws=172 decodes=0 decMs=0
[OTS] f=26760 calls=2 n0=2491 n1=288 prims=85821 bb=160,1120,0,694
[OTT] walkUs=3713 texUs=191 emitUs=1131 submitUs=595 otherUs=1794 prims=590 usPerPrim=6
[FT] avgMs=16 worstMs=46 gameMs=6 drawMs=10 swapWait=0ms draws=172 decodes=0 decMs=0
[OTS] f=26880 calls=2 n0=2489 n1=288 prims=85860 bb=160,1120,0,694
[OTT] walkUs=3854 texUs=190 emitUs=1125 submitUs=413 otherUs=2124 prims=588 usPerPrim=6
[SH-XBOX] vblank 27000
[MEM] tick: free=3820KB (955 pages)
[FT] avgMs=16 worstMs=56 gameMs=6 drawMs=10 swapWait=0ms draws=172 decodes=0 decMs=0
[OTS] f=27000 calls=2 n0=2489 n1=288 prims=85771 bb=160,1120,0,694
[OTT] walkUs=3928 texUs=190 emitUs=1161 submitUs=398 otherUs=2177 prims=588 usPerPrim=6
[FT] avgMs=17 worstMs=57 gameMs=6 drawMs=11 swapWait=1ms draws=172 decodes=0 decMs=0
[OTS] f=27120 calls=2 n0=2496 n1=288 prims=85743 bb=160,1120,0,694
[OTT] walkUs=3863 texUs=192 emitUs=1172 submitUs=723 otherUs=1774 prims=595 usPerPrim=6
[FT] avgMs=16 worstMs=51 gameMs=6 drawMs=10 swapWait=0ms draws=172 decodes=0 decMs=0
[OTS] f=27240 calls=2 n0=2491 n1=288 prims=85833 bb=160,1120,0,694
[OTT] walkUs=4025 texUs=195 emitUs=1122 submitUs=469 otherUs=2237 prims=590 usPerPrim=6
[FT] avgMs=16 worstMs=47 gameMs=6 drawMs=10 swapWait=0ms draws=172 decodes=0 decMs=0
[OTS] f=27360 calls=2 n0=2487 n1=288 prims=85732 bb=160,1120,0,694
[OTT] walkUs=3952 texUs=192 emitUs=1124 submitUs=426 otherUs=2208 prims=586 usPerPrim=6
[FT] avgMs=17 worstMs=57 gameMs=5 drawMs=11 swapWait=0ms draws=172 decodes=0 decMs=0
[OTS] f=27480 calls=2 n0=2501 n1=288 prims=85994 bb=160,1120,0,694
[OTT] walkUs=3878 texUs=194 emitUs=1151 submitUs=427 otherUs=2104 prims=600 usPerPrim=6
[SH-XBOX] vblank 27600
[MEM] tick: free=3820KB (955 pages)
[FT] avgMs=17 worstMs=58 gameMs=6 drawMs=10 swapWait=0ms draws=172 decodes=0 decMs=0
[OTS] f=27600 calls=2 n0=2501 n1=288 prims=85618 bb=160,1120,0,694
[OTT] walkUs=3981 texUs=194 emitUs=1150 submitUs=409 otherUs=2226 prims=600 usPerPrim=6
[FT] avgMs=17 worstMs=62 gameMs=5 drawMs=11 swapWait=0ms draws=171 decodes=0 decMs=0
[OTS] f=27720 calls=2 n0=2490 n1=288 prims=85956 bb=160,1120,0,694
[OTT] walkUs=4056 texUs=191 emitUs=1121 submitUs=413 otherUs=2330 prims=589 usPerPrim=6
[FT] avgMs=16 worstMs=48 gameMs=5 drawMs=11 swapWait=0ms draws=172 decodes=0 decMs=0
[OTS] f=27840 calls=2 n0=2492 n1=288 prims=85604 bb=160,1120,0,694
[OTT] walkUs=4014 texUs=191 emitUs=1136 submitUs=542 otherUs=2143 prims=591 usPerPrim=6
[FT] avgMs=16 worstMs=22 gameMs=5 drawMs=11 swapWait=0ms draws=172 decodes=0 decMs=0
[OTS] f=27960 calls=2 n0=2496 n1=288 prims=85973 bb=160,1120,0,694
[OTT] walkUs=4068 texUs=193 emitUs=1139 submitUs=459 otherUs=2275 prims=595 usPerPrim=6
[FT] avgMs=16 worstMs=45 gameMs=5 drawMs=11 swapWait=1ms draws=172 decodes=0 decMs=0
[OTS] f=28080 calls=2 n0=2488 n1=288 prims=85597 bb=160,1120,0,694
[OTT] walkUs=3893 texUs=191 emitUs=1117 submitUs=408 otherUs=2176 prims=587 usPerPrim=6
[SH-XBOX] vblank 28200
[MEM] tick: free=3820KB (955 pages)
[FT] avgMs=17 worstMs=61 gameMs=5 drawMs=11 swapWait=0ms draws=172 decodes=0 decMs=0
[OTS] f=28200 calls=2 n0=2488 n1=288 prims=85957 bb=160,1120,0,694
[OTT] walkUs=3817 texUs=189 emitUs=1121 submitUs=683 otherUs=1821 prims=587 usPerPrim=6
[FT] avgMs=16 worstMs=47 gameMs=6 drawMs=10 swapWait=0ms draws=172 decodes=0 decMs=0
[OTS] f=28320 calls=2 n0=2491 n1=288 prims=85803 bb=160,1120,0,694
[OTT] walkUs=4045 texUs=193 emitUs=1159 submitUs=391 otherUs=2301 prims=590 usPerPrim=6
[FT] avgMs=16 worstMs=54 gameMs=6 drawMs=10 swapWait=0ms draws=172 decodes=0 decMs=0
[OTS] f=28440 calls=2 n0=2486 n1=288 prims=85801 bb=160,1120,0,694
[OTT] walkUs=3962 texUs=189 emitUs=1113 submitUs=404 otherUs=2255 prims=585 usPerPrim=6
[FT] avgMs=16 worstMs=49 gameMs=6 drawMs=10 swapWait=0ms draws=172 decodes=0 decMs=0
[OTS] f=28560 calls=2 n0=2480 n1=288 prims=85798 bb=160,1120,0,694
[OTT] walkUs=3628 texUs=187 emitUs=1107 submitUs=400 otherUs=1933 prims=579 usPerPrim=6
[FT] avgMs=17 worstMs=59 gameMs=6 drawMs=10 swapWait=1ms draws=172 decodes=0 decMs=0
[OTS] f=28680 calls=2 n0=2491 n1=288 prims=85872 bb=160,1120,0,694
[OTT] walkUs=3744 texUs=193 emitUs=1119 submitUs=396 otherUs=2035 prims=590 usPerPrim=6
[SH-XBOX] vblank 28800
[MEM] tick: free=3820KB (955 pages)
[FT] avgMs=16 worstMs=47 gameMs=6 drawMs=10 swapWait=0ms draws=171 decodes=0 decMs=0
[OTS] f=28800 calls=2 n0=2492 n1=288 prims=85762 bb=160,1120,0,694
[OTT] walkUs=4004 texUs=191 emitUs=1132 submitUs=408 otherUs=2271 prims=591 usPerPrim=6
[FT] avgMs=17 worstMs=57 gameMs=5 drawMs=11 swapWait=0ms draws=172 decodes=0 decMs=0
[OTS] f=28920 calls=2 n0=2496 n1=288 prims=85711 bb=160,1120,0,694
[OTT] walkUs=3691 texUs=195 emitUs=1135 submitUs=609 otherUs=1752 prims=595 usPerPrim=6
[FT] avgMs=16 worstMs=57 gameMs=6 drawMs=10 swapWait=0ms draws=172 decodes=0 decMs=0
[OTS] f=29040 calls=2 n0=2495 n1=288 prims=85872 bb=160,1120,0,694
[OTT] walkUs=3877 texUs=192 emitUs=1136 submitUs=387 otherUs=2161 prims=594 usPerPrim=6
[FT] avgMs=16 worstMs=50 gameMs=6 drawMs=10 swapWait=0ms draws=172 decodes=0 decMs=0
[OTS] f=29160 calls=2 n0=2494 n1=288 prims=85715 bb=160,1120,0,694
[OTT] walkUs=4039 texUs=191 emitUs=1140 submitUs=501 otherUs=2205 prims=593 usPerPrim=6
[FT] avgMs=16 worstMs=45 gameMs=6 drawMs=10 swapWait=0ms draws=172 decodes=0 decMs=0
[OTS] f=29280 calls=2 n0=2486 n1=288 prims=85887 bb=160,1120,0,694
[OTT] walkUs=3750 texUs=188 emitUs=1113 submitUs=482 otherUs=1964 prims=585 usPerPrim=6
[SH-XBOX] vblank 29400
[MEM] tick: free=3820KB (955 pages)
[FT] avgMs=16 worstMs=55 gameMs=6 drawMs=10 swapWait=0ms draws=172 decodes=0 decMs=0
[OTS] f=29400 calls=2 n0=2504 n1=288 prims=85707 bb=160,1120,0,694
[OTT] walkUs=4014 texUs=196 emitUs=1192 submitUs=651 otherUs=1974 prims=603 usPerPrim=6
[FT] avgMs=16 worstMs=50 gameMs=6 drawMs=10 swapWait=0ms draws=172 decodes=0 decMs=0
[OTS] f=29520 calls=2 n0=2497 n1=288 prims=85923 bb=160,1120,0,694
[OTT] walkUs=3901 texUs=196 emitUs=1171 submitUs=414 otherUs=2118 prims=596 usPerPrim=6
[FT] avgMs=17 worstMs=57 gameMs=6 drawMs=10 swapWait=0ms draws=171 decodes=0 decMs=0
[OTS] f=29640 calls=2 n0=2491 n1=288 prims=85559 bb=160,1120,0,694
[OTT] walkUs=3838 texUs=191 emitUs=1130 submitUs=443 otherUs=2072 prims=590 usPerPrim=6
[FT] avgMs=16 worstMs=46 gameMs=6 drawMs=10 swapWait=0ms draws=172 decodes=0 decMs=0
[OTS] f=29760 calls=2 n0=2494 n1=288 prims=86018 bb=160,1120,0,694
[OTT] walkUs=3991 texUs=191 emitUs=1178 submitUs=538 otherUs=2083 prims=593 usPerPrim=6
[FT] avgMs=17 worstMs=68 gameMs=6 drawMs=10 swapWait=0ms draws=172 decodes=0 decMs=0
[OTS] f=29880 calls=2 n0=2494 n1=288 prims=85553 bb=160,1120,0,694
[OTT] walkUs=3892 texUs=193 emitUs=1127 submitUs=487 otherUs=2084 prims=593 usPerPrim=6
[SH-XBOX] vblank 30000
[MEM] tick: free=3820KB (955 pages)
[FT] avgMs=16 worstMs=21 gameMs=6 drawMs=9 swapWait=0ms draws=172 decodes=0 decMs=0
[OTS] f=30000 calls=2 n0=2494 n1=288 prims=85971 bb=160,1120,0,694
[OTT] walkUs=4084 texUs=192 emitUs=1143 submitUs=400 otherUs=2348 prims=593 usPerPrim=6
[FT] avgMs=16 worstMs=51 gameMs=6 drawMs=10 swapWait=0ms draws=172 decodes=0 decMs=0
[OTS] f=30120 calls=2 n0=2483 n1=288 prims=85753 bb=160,1120,0,694
[OTT] walkUs=4031 texUs=188 emitUs=1107 submitUs=604 otherUs=2129 prims=582 usPerPrim=6
[FT] avgMs=16 worstMs=47 gameMs=5 drawMs=11 swapWait=0ms draws=172 decodes=0 decMs=0
[OTS] f=30240 calls=2 n0=2489 n1=288 prims=85956 bb=160,1120,0,694
[OTT] walkUs=3967 texUs=191 emitUs=1154 submitUs=672 otherUs=1948 prims=588 usPerPrim=6
[FT] avgMs=16 worstMs=54 gameMs=6 drawMs=10 swapWait=0ms draws=172 decodes=0 decMs=0
[OTS] f=30360 calls=2 n0=2482 n1=288 prims=85738 bb=160,1120,0,694
[OTT] walkUs=4027 texUs=188 emitUs=1130 submitUs=457 otherUs=2251 prims=581 usPerPrim=6
[FT] avgMs=16 worstMs=50 gameMs=6 drawMs=10 swapWait=0ms draws=172 decodes=0 decMs=0
[OTS] f=30480 calls=2 n0=2487 n1=288 prims=85837 bb=160,1120,0,694
[OTT] walkUs=4056 texUs=189 emitUs=1121 submitUs=481 otherUs=2264 prims=586 usPerPrim=6
[SH-XBOX] vblank 30600
[MEM] tick: free=3820KB (955 pages)
[FT] avgMs=17 worstMs=59 gameMs=6 drawMs=10 swapWait=0ms draws=172 decodes=0 decMs=0
[OTS] f=30600 calls=2 n0=2491 n1=288 prims=85822 bb=160,1120,0,694
[OTT] walkUs=4094 texUs=195 emitUs=1126 submitUs=850 otherUs=1922 prims=590 usPerPrim=6
[FT] avgMs=16 worstMs=45 gameMs=6 drawMs=10 swapWait=0ms draws=172 decodes=0 decMs=0
[OTS] f=30720 calls=2 n0=2488 n1=288 prims=85721 bb=160,1120,0,694
[OTT] walkUs=3807 texUs=190 emitUs=1118 submitUs=401 otherUs=2096 prims=587 usPerPrim=6
[FT] avgMs=16 worstMs=55 gameMs=6 drawMs=10 swapWait=0ms draws=172 decodes=0 decMs=0
[OTS] f=30840 calls=2 n0=2489 n1=288 prims=85880 bb=160,1120,0,694
[OTT] walkUs=3918 texUs=189 emitUs=1131 submitUs=486 otherUs=2110 prims=588 usPerPrim=6
[FT] avgMs=16 worstMs=53 gameMs=6 drawMs=10 swapWait=0ms draws=172 decodes=0 decMs=0
[OTS] f=30960 calls=2 n0=2496 n1=288 prims=85768 bb=160,1120,0,694
[OTT] walkUs=3684 texUs=192 emitUs=1139 submitUs=515 otherUs=1837 prims=595 usPerPrim=6
[FT] avgMs=17 worstMs=58 gameMs=6 drawMs=10 swapWait=0ms draws=172 decodes=0 decMs=0
[OTS] f=31080 calls=2 n0=2493 n1=288 prims=85768 bb=160,1120,0,694
[OTT] walkUs=3883 texUs=192 emitUs=1134 submitUs=390 otherUs=2166 prims=592 usPerPrim=6
[SH-XBOX] vblank 31200
[MEM] tick: free=3820KB (955 pages)
[FT] avgMs=16 worstMs=45 gameMs=6 drawMs=10 swapWait=0ms draws=172 decodes=0 decMs=0
[OTS] f=31200 calls=2 n0=2487 n1=288 prims=85763 bb=160,1120,0,694
[OTT] walkUs=4115 texUs=189 emitUs=1125 submitUs=480 otherUs=2320 prims=586 usPerPrim=7
[FT] avgMs=16 worstMs=54 gameMs=6 drawMs=10 swapWait=0ms draws=172 decodes=0 decMs=0
[OTS] f=31320 calls=2 n0=2498 n1=288 prims=85954 bb=160,1120,0,694
[OTT] walkUs=3761 texUs=194 emitUs=1140 submitUs=408 otherUs=2018 prims=597 usPerPrim=6
[FT] avgMs=16 worstMs=50 gameMs=6 drawMs=10 swapWait=0ms draws=172 decodes=0 decMs=0
[OTS] f=31440 calls=2 n0=2501 n1=288 prims=85562 bb=160,1120,0,694
[OTT] walkUs=3887 texUs=193 emitUs=1155 submitUs=400 otherUs=2138 prims=600 usPerPrim=6
[FT] avgMs=16 worstMs=56 gameMs=6 drawMs=10 swapWait=1ms draws=171 decodes=0 decMs=0
[OTS] f=31560 calls=2 n0=2491 n1=288 prims=85834 bb=160,1120,0,694
[OTT] walkUs=3650 texUs=192 emitUs=1130 submitUs=442 otherUs=1884 prims=590 usPerPrim=6
[FT] avgMs=16 worstMs=52 gameMs=6 drawMs=10 swapWait=0ms draws=172 decodes=0 decMs=0
[OTS] f=31680 calls=2 n0=2492 n1=288 prims=85705 bb=160,1120,0,694
[OTT] walkUs=3893 texUs=191 emitUs=1129 submitUs=438 otherUs=2133 prims=591 usPerPrim=6
[SH-XBOX] vblank 31800
[MEM] tick: free=3820KB (955 pages)
[FT] avgMs=16 worstMs=47 gameMs=6 drawMs=10 swapWait=0ms draws=172 decodes=0 decMs=0
[OTS] f=31800 calls=2 n0=2495 n1=288 prims=85996 bb=160,1120,0,694
[OTT] walkUs=3977 texUs=191 emitUs=1135 submitUs=386 otherUs=2263 prims=594 usPerPrim=6
[FT] avgMs=16 worstMs=21 gameMs=5 drawMs=10 swapWait=0ms draws=172 decodes=0 decMs=0
[OTS] f=31920 calls=2 n0=2490 n1=288 prims=85577 bb=160,1120,0,694
[OTT] walkUs=3923 texUs=190 emitUs=1157 submitUs=437 otherUs=2137 prims=589 usPerPrim=6
[FT] avgMs=16 worstMs=52 gameMs=5 drawMs=11 swapWait=1ms draws=172 decodes=0 decMs=0
[OTS] f=32040 calls=2 n0=2489 n1=288 prims=85985 bb=160,1120,0,694
[OTT] walkUs=3715 texUs=194 emitUs=1125 submitUs=618 otherUs=1776 prims=588 usPerPrim=6
[FT] avgMs=16 worstMs=45 gameMs=6 drawMs=10 swapWait=0ms draws=172 decodes=0 decMs=0
[OTS] f=32160 calls=2 n0=2489 n1=288 prims=85727 bb=160,1120,0,694
[OTT] walkUs=3796 texUs=192 emitUs=1149 submitUs=416 otherUs=2038 prims=588 usPerPrim=6
[FT] avgMs=16 worstMs=53 gameMs=6 drawMs=10 swapWait=0ms draws=172 decodes=0 decMs=0
[OTS] f=32280 calls=2 n0=2486 n1=288 prims=85890 bb=160,1120,0,694
[OTT] walkUs=3955 texUs=191 emitUs=1115 submitUs=394 otherUs=2253 prims=585 usPerPrim=6
[SH-XBOX] vblank 32400
[MEM] tick: free=3820KB (955 pages)
[FT] avgMs=16 worstMs=51 gameMs=5 drawMs=11 swapWait=0ms draws=172 decodes=0 decMs=0
[OTS] f=32400 calls=2 n0=2480 n1=288 prims=85790 bb=160,1120,0,694
[OTT] walkUs=3996 texUs=187 emitUs=1105 submitUs=402 otherUs=2300 prims=579 usPerPrim=6
[FT] avgMs=17 worstMs=58 gameMs=6 drawMs=10 swapWait=0ms draws=172 decodes=0 decMs=0
[OTS] f=32520 calls=2 n0=2494 n1=288 prims=85721 bb=160,1120,0,694
[OTT] walkUs=4087 texUs=192 emitUs=1135 submitUs=487 otherUs=2272 prims=593 usPerPrim=6
[FT] avgMs=16 worstMs=48 gameMs=5 drawMs=11 swapWait=0ms draws=172 decodes=0 decMs=0
[OTS] f=32640 calls=2 n0=2493 n1=288 prims=85866 bb=160,1120,0,694
[OTT] walkUs=4155 texUs=192 emitUs=1138 submitUs=405 otherUs=2420 prims=592 usPerPrim=7
[FT] avgMs=17 worstMs=57 gameMs=5 drawMs=11 swapWait=0ms draws=172 decodes=0 decMs=0
[OTS] f=32760 calls=2 n0=2498 n1=288 prims=85834 bb=160,1120,0,694
[OTT] walkUs=4135 texUs=193 emitUs=1144 submitUs=389 otherUs=2408 prims=597 usPerPrim=6
[FT] avgMs=16 worstMs=55 gameMs=5 drawMs=11 swapWait=1ms draws=172 decodes=0 decMs=0
[OTS] f=32880 calls=2 n0=2495 n1=288 prims=85884 bb=160,1120,0,694
[OTT] walkUs=4061 texUs=192 emitUs=1137 submitUs=393 otherUs=2338 prims=594 usPerPrim=6
[SH-XBOX] vblank 33000
[MEM] tick: free=3820KB (955 pages)
[FT] avgMs=17 worstMs=57 gameMs=5 drawMs=11 swapWait=0ms draws=172 decodes=0 decMs=0
[OTS] f=33000 calls=2 n0=2491 n1=288 prims=85602 bb=160,1120,0,694
[OTT] walkUs=4038 texUs=193 emitUs=1123 submitUs=536 otherUs=2184 prims=590 usPerPrim=6
[FT] avgMs=16 worstMs=47 gameMs=5 drawMs=11 swapWait=1ms draws=172 decodes=0 decMs=0
[OTS] f=33120 calls=2 n0=2485 n1=288 prims=85969 bb=160,1120,0,694
[OTT] walkUs=3825 texUs=189 emitUs=1115 submitUs=402 otherUs=2117 prims=584 usPerPrim=6
[FT] avgMs=16 worstMs=54 gameMs=6 drawMs=10 swapWait=0ms draws=172 decodes=0 decMs=0
[OTS] f=33240 calls=2 n0=2504 n1=288 prims=85729 bb=160,1120,0,694
[OTT] walkUs=4085 texUs=195 emitUs=1159 submitUs=421 otherUs=2309 prims=603 usPerPrim=6
[FT] avgMs=16 worstMs=48 gameMs=6 drawMs=10 swapWait=0ms draws=171 decodes=0 decMs=0
[OTS] f=33360 calls=2 n0=2500 n1=288 prims=85816 bb=160,1120,0,694
[OTT] walkUs=3728 texUs=195 emitUs=1148 submitUs=446 otherUs=1937 prims=599 usPerPrim=6
[FT] avgMs=16 worstMs=56 gameMs=6 drawMs=10 swapWait=0ms draws=172 decodes=0 decMs=0
[OTS] f=33480 calls=2 n0=2491 n1=288 prims=85633 bb=160,1120,0,694
[OTT] walkUs=3923 texUs=194 emitUs=1143 submitUs=871 otherUs=1713 prims=590 usPerPrim=6
[SH-XBOX] vblank 33600
[MEM] tick: free=3820KB (955 pages)
[FT] avgMs=16 worstMs=52 gameMs=6 drawMs=10 swapWait=0ms draws=172 decodes=0 decMs=0
[OTS] f=33600 calls=2 n0=2494 n1=288 prims=86048 bb=160,1120,0,694
[OTT] walkUs=4039 texUs=191 emitUs=1134 submitUs=696 otherUs=2017 prims=593 usPerPrim=6
[FT] avgMs=16 worstMs=48 gameMs=6 drawMs=10 swapWait=0ms draws=172 decodes=0 decMs=0
[OTS] f=33720 calls=2 n0=2496 n1=288 prims=85535 bb=160,1120,0,694
[OTT] walkUs=3973 texUs=193 emitUs=1137 submitUs=411 otherUs=2230 prims=595 usPerPrim=6
[FT] avgMs=16 worstMs=55 gameMs=5 drawMs=11 swapWait=0ms draws=172 decodes=0 decMs=0
[OTS] f=33840 calls=2 n0=2495 n1=288 prims=85972 bb=160,1120,0,694
[OTT] walkUs=3912 texUs=192 emitUs=1137 submitUs=398 otherUs=2184 prims=594 usPerPrim=6
[FT] avgMs=16 worstMs=49 gameMs=6 drawMs=10 swapWait=0ms draws=172 decodes=0 decMs=0
[OTS] f=33960 calls=2 n0=2481 n1=288 prims=85662 bb=160,1120,0,694
[OTT] walkUs=3811 texUs=188 emitUs=1104 submitUs=422 otherUs=2095 prims=580 usPerPrim=6
[FT] avgMs=17 worstMs=58 gameMs=6 drawMs=10 swapWait=1ms draws=172 decodes=0 decMs=0
[OTS] f=34080 calls=2 n0=2489 n1=288 prims=85946 bb=160,1120,0,694
[OTT] walkUs=3876 texUs=190 emitUs=1125 submitUs=455 otherUs=2104 prims=588 usPerPrim=6
[SH-XBOX] vblank 34200
[MEM] tick: free=3820KB (955 pages)
[FT] avgMs=16 worstMs=46 gameMs=6 drawMs=10 swapWait=0ms draws=171 decodes=0 decMs=0
[OTS] f=34200 calls=2 n0=2484 n1=288 prims=85661 bb=160,1120,0,694
[OTT] walkUs=3990 texUs=190 emitUs=1112 submitUs=511 otherUs=2176 prims=583 usPerPrim=6
[FT] avgMs=16 worstMs=55 gameMs=6 drawMs=10 swapWait=0ms draws=172 decodes=0 decMs=0
[OTS] f=34320 calls=2 n0=2487 n1=288 prims=85904 bb=160,1120,0,694
[OTT] walkUs=3898 texUs=189 emitUs=1120 submitUs=570 otherUs=2017 prims=586 usPerPrim=6
[FT] avgMs=16 worstMs=52 gameMs=6 drawMs=10 swapWait=0ms draws=172 decodes=0 decMs=0
[OTS] f=34440 calls=2 n0=2488 n1=288 prims=85807 bb=160,1120,0,694
[OTT] walkUs=4009 texUs=191 emitUs=1127 submitUs=470 otherUs=2219 prims=587 usPerPrim=6
[FT] avgMs=17 worstMs=58 gameMs=6 drawMs=10 swapWait=0ms draws=172 decodes=0 decMs=0
[OTS] f=34560 calls=2 n0=2490 n1=288 prims=85756 bb=160,1120,0,694
[OTT] walkUs=4080 texUs=190 emitUs=1126 submitUs=754 otherUs=2009 prims=589 usPerPrim=6
[FT] avgMs=16 worstMs=46 gameMs=6 drawMs=10 swapWait=0ms draws=172 decodes=0 decMs=0
[OTS] f=34680 calls=2 n0=2489 n1=288 prims=85884 bb=160,1120,0,694
[OTT] walkUs=3953 texUs=191 emitUs=1127 submitUs=673 otherUs=1961 prims=588 usPerPrim=6
[SH-XBOX] vblank 34800
[MEM] tick: free=3820KB (955 pages)
[FT] avgMs=17 worstMs=61 gameMs=6 drawMs=10 swapWait=0ms draws=172 decodes=0 decMs=0
[OTS] f=34800 calls=2 n0=2494 n1=288 prims=85638 bb=160,1120,0,694
[OTT] walkUs=3950 texUs=192 emitUs=1134 submitUs=535 otherUs=2087 prims=593 usPerPrim=6
[FT] avgMs=16 worstMs=54 gameMs=7 drawMs=9 swapWait=0ms draws=172 decodes=0 decMs=0
[OTS] f=34920 calls=2 n0=2492 n1=288 prims=85887 bb=160,1120,0,694
[OTT] walkUs=4151 texUs=193 emitUs=1128 submitUs=498 otherUs=2330 prims=591 usPerPrim=7
[FT] avgMs=16 worstMs=51 gameMs=6 drawMs=10 swapWait=0ms draws=172 decodes=0 decMs=0
[OTS] f=35040 calls=2 n0=2488 n1=288 prims=85774 bb=160,1120,0,694
[OTT] walkUs=4066 texUs=189 emitUs=1126 submitUs=589 otherUs=2160 prims=587 usPerPrim=6
[FT] avgMs=16 worstMs=47 gameMs=6 drawMs=10 swapWait=0ms draws=171 decodes=0 decMs=0
[OTS] f=35160 calls=2 n0=2501 n1=288 prims=85869 bb=160,1120,0,694
[OTT] walkUs=4251 texUs=195 emitUs=1178 submitUs=736 otherUs=2140 prims=600 usPerPrim=7
[FT] avgMs=16 worstMs=54 gameMs=6 drawMs=10 swapWait=0ms draws=172 decodes=0 decMs=0
[OTS] f=35280 calls=2 n0=2501 n1=288 prims=85640 bb=160,1120,0,694
[OTT] walkUs=4357 texUs=194 emitUs=1183 submitUs=400 otherUs=2578 prims=600 usPerPrim=7
[SH-XBOX] vblank 35400
[MEM] tick: free=3820KB (955 pages)
[FT] avgMs=16 worstMs=50 gameMs=6 drawMs=10 swapWait=0ms draws=171 decodes=0 decMs=0
[OTS] f=35400 calls=2 n0=2490 n1=288 prims=85998 bb=160,1120,0,694
[OTT] walkUs=3688 texUs=191 emitUs=1121 submitUs=491 otherUs=1884 prims=589 usPerPrim=6
[FT] avgMs=17 worstMs=59 gameMs=6 drawMs=10 swapWait=0ms draws=172 decodes=0 decMs=0
[OTS] f=35520 calls=2 n0=2492 n1=288 prims=85685 bb=160,1120,0,694
[OTT] walkUs=3906 texUs=192 emitUs=1129 submitUs=397 otherUs=2186 prims=591 usPerPrim=6
[FT] avgMs=16 worstMs=46 gameMs=6 drawMs=10 swapWait=0ms draws=171 decodes=0 decMs=0
[OTS] f=35640 calls=2 n0=2494 n1=288 prims=85870 bb=160,1120,0,694
[OTT] walkUs=4228 texUs=195 emitUs=1133 submitUs=395 otherUs=2503 prims=593 usPerPrim=7
[FT] avgMs=17 worstMs=60 gameMs=6 drawMs=10 swapWait=0ms draws=172 decodes=0 decMs=0
[OTS] f=35760 calls=2 n0=2490 n1=288 prims=85662 bb=160,1120,0,694
[OTT] walkUs=3947 texUs=193 emitUs=1122 submitUs=628 otherUs=2002 prims=589 usPerPrim=6
[FT] avgMs=16 worstMs=56 gameMs=6 drawMs=10 swapWait=0ms draws=172 decodes=0 decMs=0
[OTS] f=35880 calls=2 n0=2489 n1=288 prims=86011 bb=160,1120,0,694
[OTT] walkUs=3753 texUs=190 emitUs=1120 submitUs=539 otherUs=1903 prims=588 usPerPrim=6
[SH-XBOX] vblank 36000
[MEM] tick: free=3820KB (955 pages)
[FT] avgMs=16 worstMs=52 gameMs=6 drawMs=10 swapWait=0ms draws=172 decodes=0 decMs=0
[OTS] f=36000 calls=2 n0=2491 n1=288 prims=85651 bb=160,1120,0,694
[OTT] walkUs=3820 texUs=193 emitUs=1125 submitUs=489 otherUs=2011 prims=590 usPerPrim=6
[FT] avgMs=16 worstMs=45 gameMs=6 drawMs=10 swapWait=0ms draws=172 decodes=0 decMs=0
[OTS] f=36120 calls=2 n0=2486 n1=288 prims=85937 bb=160,1120,0,694
[OTT] walkUs=3811 texUs=189 emitUs=1115 submitUs=408 otherUs=2098 prims=585 usPerPrim=6
[FT] avgMs=16 worstMs=54 gameMs=6 drawMs=10 swapWait=0ms draws=172 decodes=0 decMs=0
[OTS] f=36240 calls=2 n0=2477 n1=288 prims=85760 bb=160,1120,0,694
[OTT] walkUs=3938 texUs=187 emitUs=1090 submitUs=394 otherUs=2266 prims=576 usPerPrim=6
[FT] avgMs=16 worstMs=50 gameMs=6 drawMs=10 swapWait=0ms draws=172 decodes=0 decMs=0
[OTS] f=36360 calls=2 n0=2495 n1=288 prims=85782 bb=160,1120,0,694
[OTT] walkUs=4063 texUs=192 emitUs=1141 submitUs=402 otherUs=2327 prims=594 usPerPrim=6
[FT] avgMs=17 worstMs=57 gameMs=6 drawMs=10 swapWait=0ms draws=172 decodes=0 decMs=0
[OTS] f=36480 calls=2 n0=2492 n1=288 prims=85867 bb=160,1120,0,694
[OTT] walkUs=3854 texUs=191 emitUs=1128 submitUs=701 otherUs=1832 prims=591 usPerPrim=6
[SH-XBOX] vblank 36600
[MEM] tick: free=3820KB (955 pages)
[FT] avgMs=16 worstMs=46 gameMs=6 drawMs=10 swapWait=0ms draws=172 decodes=0 decMs=0
[OTS] f=36600 calls=2 n0=2496 n1=288 prims=85695 bb=160,1120,0,694
[OTT] walkUs=4006 texUs=195 emitUs=1136 submitUs=379 otherUs=2296 prims=595 usPerPrim=6
[FT] avgMs=17 worstMs=60 gameMs=6 drawMs=10 swapWait=0ms draws=172 decodes=0 decMs=0
[OTS] f=36720 calls=2 n0=2494 n1=288 prims=85879 bb=160,1120,0,694
[OTT] walkUs=4004 texUs=192 emitUs=1133 submitUs=391 otherUs=2285 prims=593 usPerPrim=6
[FT] avgMs=17 worstMs=56 gameMs=6 drawMs=10 swapWait=0ms draws=172 decodes=0 decMs=0
[OTS] f=36840 calls=2 n0=2493 n1=288 prims=85573 bb=160,1120,0,694
[OTT] walkUs=4156 texUs=192 emitUs=1162 submitUs=594 otherUs=2207 prims=592 usPerPrim=7
[FT] avgMs=17 worstMs=58 gameMs=6 drawMs=10 swapWait=0ms draws=172 decodes=0 decMs=0
[OTS] f=36960 calls=2 n0=2486 n1=288 prims=86006 bb=160,1120,0,694
[OTT] walkUs=3973 texUs=190 emitUs=1116 submitUs=589 otherUs=2077 prims=585 usPerPrim=6
[FT] avgMs=16 worstMs=46 gameMs=6 drawMs=10 swapWait=0ms draws=172 decodes=0 decMs=0
[OTS] f=37080 calls=2 n0=2502 n1=288 prims=85654 bb=160,1120,0,694
[OTT] walkUs=4242 texUs=196 emitUs=1148 submitUs=409 otherUs=2487 prims=601 usPerPrim=7
[SH-XBOX] vblank 37200
[MEM] tick: free=3820KB (955 pages)
[FT] avgMs=16 worstMs=53 gameMs=6 drawMs=10 swapWait=0ms draws=171 decodes=0 decMs=0
[OTS] f=37200 calls=2 n0=2500 n1=288 prims=85886 bb=160,1120,0,694
[OTT] walkUs=4224 texUs=194 emitUs=1148 submitUs=526 otherUs=2354 prims=599 usPerPrim=7
[FT] avgMs=16 worstMs=51 gameMs=5 drawMs=11 swapWait=1ms draws=172 decodes=0 decMs=0
[OTS] f=37320 calls=2 n0=2491 n1=288 prims=85624 bb=160,1120,0,694
[OTT] walkUs=3639 texUs=191 emitUs=1129 submitUs=413 otherUs=1904 prims=590 usPerPrim=6
[FT] avgMs=17 worstMs=58 gameMs=6 drawMs=11 swapWait=0ms draws=171 decodes=0 decMs=0
[OTS] f=37440 calls=2 n0=2492 n1=288 prims=85904 bb=160,1120,0,694
[OTT] walkUs=3856 texUs=193 emitUs=1124 submitUs=392 otherUs=2146 prims=591 usPerPrim=6
[FT] avgMs=16 worstMs=47 gameMs=5 drawMs=11 swapWait=0ms draws=172 decodes=0 decMs=0
[OTS] f=37560 calls=2 n0=2496 n1=288 prims=85662 bb=160,1120,0,694
[OTT] walkUs=4039 texUs=193 emitUs=1136 submitUs=414 otherUs=2295 prims=595 usPerPrim=6
[FT] avgMs=17 worstMs=65 gameMs=5 drawMs=11 swapWait=0ms draws=172 decodes=0 decMs=0
[OTS] f=37680 calls=2 n0=2495 n1=288 prims=86024 bb=160,1120,0,694
[OTT] walkUs=3785 texUs=192 emitUs=1167 submitUs=514 otherUs=1910 prims=594 usPerPrim=6
[SH-XBOX] vblank 37800
[MEM] tick: free=3820KB (955 pages)
[FT] avgMs=17 worstMs=57 gameMs=5 drawMs=11 swapWait=0ms draws=172 decodes=0 decMs=0
[OTS] f=37800 calls=2 n0=2483 n1=288 prims=85614 bb=160,1120,0,694
[OTT] walkUs=3912 texUs=187 emitUs=1123 submitUs=559 otherUs=2042 prims=582 usPerPrim=6
[FT] avgMs=17 worstMs=59 gameMs=5 drawMs=11 swapWait=0ms draws=172 decodes=0 decMs=0
[OTS] f=37920 calls=2 n0=2489 n1=288 prims=85968 bb=160,1120,0,694
[OTT] walkUs=3949 texUs=190 emitUs=1126 submitUs=417 otherUs=2214 prims=588 usPerPrim=6
[FT] avgMs=16 worstMs=47 gameMs=5 drawMs=11 swapWait=0ms draws=172 decodes=0 decMs=0
[OTS] f=38040 calls=2 n0=2483 n1=288 prims=85800 bb=160,1120,0,694
[OTT] walkUs=3769 texUs=188 emitUs=1113 submitUs=445 otherUs=2022 prims=582 usPerPrim=6
[FT] avgMs=16 worstMs=54 gameMs=6 drawMs=10 swapWait=0ms draws=172 decodes=0 decMs=0
[OTS] f=38160 calls=2 n0=2487 n1=288 prims=85931 bb=160,1120,0,694
[OTT] walkUs=3830 texUs=189 emitUs=1118 submitUs=404 otherUs=2117 prims=586 usPerPrim=6
[FT] avgMs=16 worstMs=48 gameMs=6 drawMs=10 swapWait=1ms draws=171 decodes=0 decMs=0
[OTS] f=38280 calls=2 n0=2491 n1=288 prims=85692 bb=160,1120,0,694
[OTT] walkUs=4010 texUs=190 emitUs=1128 submitUs=616 otherUs=2074 prims=590 usPerPrim=6
[SH-XBOX] vblank 38400
[MEM] tick: free=3820KB (955 pages)
[FT] avgMs=16 worstMs=56 gameMs=6 drawMs=10 swapWait=0ms draws=172 decodes=0 decMs=0
[OTS] f=38400 calls=2 n0=2490 n1=288 prims=85840 bb=160,1120,0,694
[OTT] walkUs=3879 texUs=194 emitUs=1131 submitUs=426 otherUs=2127 prims=589 usPerPrim=6
[FT] avgMs=16 worstMs=53 gameMs=6 drawMs=10 swapWait=0ms draws=172 decodes=0 decMs=0
[OTS] f=38520 calls=2 n0=2488 n1=288 prims=85902 bb=160,1120,0,694
[OTT] walkUs=4026 texUs=190 emitUs=1121 submitUs=502 otherUs=2213 prims=587 usPerPrim=6
[FT] avgMs=16 worstMs=48 gameMs=5 drawMs=11 swapWait=0ms draws=172 decodes=0 decMs=0
[OTS] f=38640 calls=2 n0=2496 n1=288 prims=85621 bb=160,1120,0,694
[OTT] walkUs=4074 texUs=194 emitUs=1140 submitUs=468 otherUs=2271 prims=595 usPerPrim=6
[FT] avgMs=17 worstMs=57 gameMs=5 drawMs=11 swapWait=0ms draws=172 decodes=0 decMs=0
[OTS] f=38760 calls=2 n0=2493 n1=288 prims=85916 bb=160,1120,0,694
[OTT] walkUs=3881 texUs=191 emitUs=1135 submitUs=403 otherUs=2150 prims=592 usPerPrim=6
[FT] avgMs=16 worstMs=56 gameMs=6 drawMs=10 swapWait=0ms draws=172 decodes=0 decMs=0
[OTS] f=38880 calls=2 n0=2485 n1=288 prims=85706 bb=160,1120,0,694
[OTT] walkUs=4083 texUs=191 emitUs=1108 submitUs=423 otherUs=2359 prims=584 usPerPrim=6
[SH-XBOX] vblank 39000
[MEM] tick: free=3820KB (955 pages)
[FT] avgMs=16 worstMs=51 gameMs=6 drawMs=10 swapWait=0ms draws=171 decodes=0 decMs=0
[OTS] f=39000 calls=2 n0=2501 n1=288 prims=85952 bb=160,1120,0,694
[OTT] walkUs=4203 texUs=201 emitUs=1149 submitUs=515 otherUs=2337 prims=600 usPerPrim=7
[FT] avgMs=16 worstMs=45 gameMs=6 drawMs=10 swapWait=0ms draws=172 decodes=0 decMs=0
[OTS] f=39120 calls=2 n0=2501 n1=288 prims=85623 bb=160,1120,0,694
[OTT] walkUs=4019 texUs=194 emitUs=1154 submitUs=411 otherUs=2258 prims=600 usPerPrim=6
[FT] avgMs=16 worstMs=55 gameMs=5 drawMs=10 swapWait=0ms draws=171 decodes=0 decMs=0
[OTS] f=39240 calls=2 n0=2491 n1=288 prims=85842 bb=160,1120,0,694
[OTT] walkUs=4241 texUs=190 emitUs=1159 submitUs=623 otherUs=2266 prims=590 usPerPrim=7
[FT] avgMs=16 worstMs=50 gameMs=6 drawMs=10 swapWait=1ms draws=172 decodes=0 decMs=0
[OTS] f=39360 calls=2 n0=2491 n1=288 prims=85686 bb=160,1120,0,694
[OTT] walkUs=4084 texUs=191 emitUs=1125 submitUs=404 otherUs=2363 prims=590 usPerPrim=6
[FT] avgMs=17 worstMs=58 gameMs=6 drawMs=10 swapWait=0ms draws=171 decodes=0 decMs=0
[OTS] f=39480 calls=2 n0=2496 n1=288 prims=85874 bb=160,1120,0,694
[OTT] walkUs=3719 texUs=193 emitUs=1138 submitUs=680 otherUs=1706 prims=595 usPerPrim=6
[SH-XBOX] vblank 39600
[MEM] tick: free=3820KB (955 pages)
[FT] avgMs=16 worstMs=47 gameMs=6 drawMs=10 swapWait=1ms draws=172 decodes=0 decMs=0
[OTS] f=39600 calls=2 n0=2490 n1=288 prims=85687 bb=160,1120,0,694
[OTT] walkUs=3787 texUs=222 emitUs=1128 submitUs=489 otherUs=1946 prims=589 usPerPrim=6
[FT] avgMs=16 worstMs=56 gameMs=6 drawMs=10 swapWait=0ms draws=172 decodes=0 decMs=0
[OTS] f=39720 calls=2 n0=2487 n1=288 prims=85906 bb=160,1120,0,694
[OTT] walkUs=3988 texUs=192 emitUs=1117 submitUs=560 otherUs=2118 prims=586 usPerPrim=6
[FT] avgMs=16 worstMs=49 gameMs=7 drawMs=9 swapWait=0ms draws=172 decodes=0 decMs=0
[OTS] f=39840 calls=2 n0=2490 n1=288 prims=85750 bb=160,1120,0,694
[OTT] walkUs=3707 texUs=193 emitUs=1125 submitUs=668 otherUs=1719 prims=589 usPerPrim=6
[FT] avgMs=17 worstMs=59 gameMs=6 drawMs=11 swapWait=0ms draws=172 decodes=0 decMs=0
[OTS] f=39960 calls=2 n0=2486 n1=288 prims=85952 bb=160,1120,0,694
[OTT] walkUs=3863 texUs=193 emitUs=1114 submitUs=399 otherUs=2155 prims=585 usPerPrim=6
[FT] avgMs=16 worstMs=47 gameMs=6 drawMs=10 swapWait=0ms draws=172 decodes=0 decMs=0
[OTS] f=40080 calls=2 n0=2480 n1=288 prims=85673 bb=160,1120,0,694
[OTT] walkUs=4112 texUs=191 emitUs=1104 submitUs=436 otherUs=2379 prims=579 usPerPrim=7
[SH-XBOX] vblank 40200
[MEM] tick: free=3820KB (955 pages)
[FT] avgMs=16 worstMs=54 gameMs=6 drawMs=10 swapWait=0ms draws=172 decodes=0 decMs=0
[OTS] f=40200 calls=2 n0=2494 n1=288 prims=85853 bb=160,1120,0,694
[OTT] walkUs=3808 texUs=195 emitUs=1165 submitUs=629 otherUs=1817 prims=593 usPerPrim=6
[FT] avgMs=16 worstMs=50 gameMs=6 drawMs=10 swapWait=0ms draws=172 decodes=0 decMs=0
[OTS] f=40320 calls=2 n0=2491 n1=288 prims=85904 bb=160,1120,0,694
[OTT] walkUs=3879 texUs=192 emitUs=1123 submitUs=415 otherUs=2147 prims=590 usPerPrim=6
[FT] avgMs=17 worstMs=58 gameMs=6 drawMs=10 swapWait=0ms draws=172 decodes=0 decMs=0
[OTS] f=40440 calls=2 n0=2499 n1=288 prims=85683 bb=160,1120,0,694
[OTT] walkUs=4078 texUs=193 emitUs=1148 submitUs=561 otherUs=2175 prims=598 usPerPrim=6
[FT] avgMs=16 worstMs=47 gameMs=6 drawMs=10 swapWait=0ms draws=172 decodes=0 decMs=0
[OTS] f=40560 calls=2 n0=2495 n1=288 prims=85881 bb=160,1120,0,694
[OTT] walkUs=3787 texUs=192 emitUs=1137 submitUs=394 otherUs=2062 prims=594 usPerPrim=6
[FT] avgMs=16 worstMs=55 gameMs=6 drawMs=10 swapWait=0ms draws=172 decodes=0 decMs=0
[OTS] f=40680 calls=2 n0=2493 n1=288 prims=85698 bb=160,1120,0,694
[OTT] walkUs=3976 texUs=191 emitUs=1167 submitUs=529 otherUs=2087 prims=592 usPerPrim=6
[SH-XBOX] vblank 40800
[MEM] tick: free=3820KB (955 pages)
[FT] avgMs=16 worstMs=49 gameMs=6 drawMs=10 swapWait=1ms draws=172 decodes=0 decMs=0
[OTS] f=40800 calls=2 n0=2486 n1=288 prims=86040 bb=160,1120,0,694
[OTT] walkUs=3937 texUs=189 emitUs=1120 submitUs=448 otherUs=2178 prims=585 usPerPrim=6
[FT] avgMs=17 worstMs=58 gameMs=6 drawMs=10 swapWait=0ms draws=172 decodes=0 decMs=0
[OTS] f=40920 calls=2 n0=2504 n1=288 prims=85578 bb=160,1120,0,694
[OTT] walkUs=4020 texUs=196 emitUs=1195 submitUs=744 otherUs=1883 prims=603 usPerPrim=6
[FT] avgMs=16 worstMs=47 gameMs=6 drawMs=10 swapWait=1ms draws=172 decodes=0 decMs=0
[OTS] f=41040 calls=2 n0=2500 n1=288 prims=85940 bb=160,1120,0,694
[OTT] walkUs=4249 texUs=194 emitUs=1149 submitUs=406 otherUs=2499 prims=599 usPerPrim=7
[FT] avgMs=16 worstMs=54 gameMs=6 drawMs=10 swapWait=0ms draws=172 decodes=0 decMs=0
[OTS] f=41160 calls=2 n0=2488 n1=288 prims=85631 bb=160,1120,0,694
[OTT] walkUs=4063 texUs=197 emitUs=1115 submitUs=508 otherUs=2241 prims=587 usPerPrim=6
[FT] avgMs=16 worstMs=50 gameMs=6 drawMs=10 swapWait=0ms draws=171 decodes=0 decMs=0
[OTS] f=41280 calls=2 n0=2495 n1=288 prims=85929 bb=160,1120,0,694
[OTT] walkUs=4129 texUs=195 emitUs=1136 submitUs=451 otherUs=2345 prims=594 usPerPrim=6
[SH-XBOX] vblank 41400
[MEM] tick: free=3820KB (955 pages)
[FT] avgMs=17 worstMs=57 gameMs=6 drawMs=10 swapWait=0ms draws=172 decodes=0 decMs=0
[OTS] f=41400 calls=2 n0=2496 n1=288 prims=85663 bb=160,1120,0,694
[OTT] walkUs=3765 texUs=194 emitUs=1167 submitUs=407 otherUs=1996 prims=595 usPerPrim=6
[FT] avgMs=16 worstMs=46 gameMs=6 drawMs=10 swapWait=1ms draws=171 decodes=0 decMs=0
[OTS] f=41520 calls=2 n0=2493 n1=288 prims=85886 bb=160,1120,0,694
[OTT] walkUs=3783 texUs=192 emitUs=1132 submitUs=409 otherUs=2048 prims=592 usPerPrim=6
[FT] avgMs=16 worstMs=55 gameMs=6 drawMs=10 swapWait=1ms draws=172 decodes=0 decMs=0
[OTS] f=41640 calls=2 n0=2482 n1=288 prims=85726 bb=160,1120,0,694
[OTT] walkUs=3648 texUs=190 emitUs=1133 submitUs=545 otherUs=1779 prims=581 usPerPrim=6
[FT] avgMs=16 worstMs=50 gameMs=6 drawMs=10 swapWait=1ms draws=172 decodes=0 decMs=0
[OTS] f=41760 calls=2 n0=2489 n1=288 prims=85980 bb=160,1120,0,694
[OTT] walkUs=3749 texUs=189 emitUs=1121 submitUs=414 otherUs=2023 prims=588 usPerPrim=6
[FT] avgMs=17 worstMs=58 gameMs=6 drawMs=10 swapWait=0ms draws=171 decodes=0 decMs=0
[OTS] f=41880 calls=2 n0=2485 n1=288 prims=85661 bb=160,1120,0,694
[OTT] walkUs=4028 texUs=188 emitUs=1115 submitUs=404 otherUs=2320 prims=584 usPerPrim=6
[SH-XBOX] vblank 42000
[MEM] tick: free=3820KB (955 pages)
[FT] avgMs=16 worstMs=45 gameMs=6 drawMs=10 swapWait=0ms draws=172 decodes=0 decMs=0
[OTS] f=42000 calls=2 n0=2485 n1=288 prims=85869 bb=160,1120,0,694
[OTT] walkUs=3657 texUs=189 emitUs=1113 submitUs=555 otherUs=1799 prims=584 usPerPrim=6
[FT] avgMs=16 worstMs=54 gameMs=6 drawMs=10 swapWait=0ms draws=171 decodes=0 decMs=0
[OTS] f=42120 calls=2 n0=2491 n1=288 prims=85750 bb=160,1120,0,694
[OTT] walkUs=3752 texUs=190 emitUs=1129 submitUs=404 otherUs=2027 prims=590 usPerPrim=6
[FT] avgMs=16 worstMs=50 gameMs=5 drawMs=11 swapWait=0ms draws=172 decodes=0 decMs=0
[OTS] f=42240 calls=2 n0=2490 n1=288 prims=85836 bb=160,1120,0,694
[OTT] walkUs=3901 texUs=191 emitUs=1128 submitUs=420 otherUs=2161 prims=589 usPerPrim=6
[FT] avgMs=17 worstMs=58 gameMs=5 drawMs=11 swapWait=0ms draws=172 decodes=0 decMs=0
[OTS] f=42360 calls=2 n0=2487 n1=288 prims=85775 bb=160,1120,0,694
[OTT] walkUs=3728 texUs=191 emitUs=1114 submitUs=492 otherUs=1930 prims=586 usPerPrim=6
[FT] avgMs=16 worstMs=48 gameMs=5 drawMs=11 swapWait=0ms draws=172 decodes=0 decMs=0
[OTS] f=42480 calls=2 n0=2496 n1=288 prims=85713 bb=160,1120,0,694
[OTT] walkUs=3865 texUs=193 emitUs=1136 submitUs=680 otherUs=1855 prims=595 usPerPrim=6
[SH-XBOX] vblank 42600
[MEM] tick: free=3820KB (955 pages)
[FT] avgMs=17 worstMs=55 gameMs=5 drawMs=11 swapWait=0ms draws=172 decodes=0 decMs=0
[OTS] f=42600 calls=2 n0=2493 n1=288 prims=85929 bb=160,1120,0,694
[OTT] walkUs=4001 texUs=194 emitUs=1133 submitUs=397 otherUs=2276 prims=592 usPerPrim=6
[FT] avgMs=17 worstMs=57 gameMs=5 drawMs=11 swapWait=0ms draws=172 decodes=0 decMs=0
[OTS] f=42720 calls=2 n0=2487 n1=288 prims=85642 bb=160,1120,0,694
[OTT] walkUs=3844 texUs=189 emitUs=1119 submitUs=555 otherUs=1980 prims=586 usPerPrim=6
[FT] avgMs=17 worstMs=60 gameMs=5 drawMs=11 swapWait=0ms draws=172 decodes=0 decMs=0
[OTS] f=42840 calls=2 n0=2502 n1=288 prims=85984 bb=160,1120,0,694
[OTT] walkUs=3996 texUs=195 emitUs=1153 submitUs=490 otherUs=2158 prims=601 usPerPrim=6
[FT] avgMs=16 worstMs=48 gameMs=5 drawMs=11 swapWait=0ms draws=172 decodes=0 decMs=0
[OTS] f=42960 calls=2 n0=2499 n1=288 prims=85609 bb=160,1120,0,694
[OTT] walkUs=4216 texUs=194 emitUs=1147 submitUs=432 otherUs=2442 prims=598 usPerPrim=7
[FT] avgMs=16 worstMs=54 gameMs=6 drawMs=10 swapWait=0ms draws=171 decodes=0 decMs=0
[OTS] f=43080 calls=2 n0=2491 n1=288 prims=85904 bb=160,1120,0,694
[OTT] walkUs=4026 texUs=191 emitUs=1127 submitUs=467 otherUs=2240 prims=590 usPerPrim=6
[SH-XBOX] vblank 43200
[MEM] tick: free=3820KB (955 pages)
[FT] avgMs=16 worstMs=49 gameMs=6 drawMs=10 swapWait=0ms draws=172 decodes=0 decMs=0
[OTS] f=43200 calls=2 n0=2492 n1=288 prims=85682 bb=160,1120,0,694
[OTT] walkUs=4172 texUs=191 emitUs=1129 submitUs=496 otherUs=2354 prims=591 usPerPrim=7
[FT] avgMs=17 worstMs=58 gameMs=6 drawMs=10 swapWait=0ms draws=172 decodes=0 decMs=0
[OTS] f=43320 calls=2 n0=2496 n1=288 prims=85966 bb=160,1120,0,694
[OTT] walkUs=4286 texUs=192 emitUs=1139 submitUs=509 otherUs=2445 prims=595 usPerPrim=7
[FT] avgMs=16 worstMs=46 gameMs=6 drawMs=10 swapWait=0ms draws=172 decodes=0 decMs=0
[OTS] f=43440 calls=2 n0=2489 n1=288 prims=85727 bb=160,1120,0,694
[OTT] walkUs=4062 texUs=189 emitUs=1120 submitUs=536 otherUs=2215 prims=588 usPerPrim=6
[FT] avgMs=16 worstMs=54 gameMs=5 drawMs=11 swapWait=0ms draws=171 decodes=0 decMs=0
[OTS] f=43560 calls=2 n0=2489 n1=288 prims=85858 bb=160,1120,0,694
[OTT] walkUs=4080 texUs=189 emitUs=1123 submitUs=645 otherUs=2121 prims=588 usPerPrim=6
[FT] avgMs=16 worstMs=50 gameMs=5 drawMs=10 swapWait=0ms draws=172 decodes=0 decMs=0
[OTS] f=43680 calls=2 n0=2492 n1=288 prims=85782 bb=160,1120,0,694
[OTT] walkUs=4266 texUs=190 emitUs=1130 submitUs=556 otherUs=2388 prims=591 usPerPrim=7
[SH-XBOX] vblank 43800
[MEM] tick: free=3820KB (955 pages)
[FT] avgMs=16 worstMs=56 gameMs=6 drawMs=10 swapWait=0ms draws=172 decodes=0 decMs=0
[OTS] f=43800 calls=2 n0=2484 n1=288 prims=85884 bb=160,1120,0,694
[OTT] walkUs=3730 texUs=188 emitUs=1110 submitUs=798 otherUs=1632 prims=583 usPerPrim=6
[FT] avgMs=16 worstMs=52 gameMs=6 drawMs=10 swapWait=0ms draws=172 decodes=0 decMs=0
[OTS] f=43920 calls=2 n0=2480 n1=288 prims=85731 bb=160,1120,0,694
[OTT] walkUs=3799 texUs=186 emitUs=1109 submitUs=398 otherUs=2105 prims=579 usPerPrim=6
[FT] avgMs=16 worstMs=46 gameMs=6 drawMs=10 swapWait=0ms draws=172 decodes=0 decMs=0
[OTS] f=44040 calls=2 n0=2494 n1=288 prims=85865 bb=160,1120,0,694
[OTT] walkUs=4035 texUs=192 emitUs=1132 submitUs=496 otherUs=2213 prims=593 usPerPrim=6
[FT] avgMs=17 worstMs=56 gameMs=6 drawMs=11 swapWait=0ms draws=171 decodes=0 decMs=0
[OTS] f=44160 calls=2 n0=2490 n1=288 prims=85757 bb=160,1120,0,694
[OTT] walkUs=3783 texUs=191 emitUs=1121 submitUs=431 otherUs=2038 prims=589 usPerPrim=6
[FT] avgMs=16 worstMs=56 gameMs=6 drawMs=10 swapWait=0ms draws=172 decodes=0 decMs=0
[OTS] f=44280 calls=2 n0=2497 n1=288 prims=85806 bb=160,1120,0,694
[OTT] walkUs=3848 texUs=193 emitUs=1144 submitUs=381 otherUs=2128 prims=596 usPerPrim=6
[SH-XBOX] vblank 44400
[MEM] tick: free=3820KB (955 pages)
[FT] avgMs=16 worstMs=51 gameMs=6 drawMs=10 swapWait=0ms draws=172 decodes=0 decMs=0
[OTS] f=44400 calls=2 n0=2495 n1=288 prims=85925 bb=160,1120,0,694
[OTT] walkUs=3989 texUs=193 emitUs=1138 submitUs=398 otherUs=2259 prims=594 usPerPrim=6
[FT] avgMs=16 worstMs=48 gameMs=6 drawMs=10 swapWait=0ms draws=172 decodes=0 decMs=0
[OTS] f=44520 calls=2 n0=2493 n1=288 prims=85561 bb=160,1120,0,694
[OTT] walkUs=3717 texUs=191 emitUs=1132 submitUs=674 otherUs=1719 prims=592 usPerPrim=6
[FT] avgMs=16 worstMs=55 gameMs=6 drawMs=10 swapWait=0ms draws=172 decodes=0 decMs=0
[OTS] f=44640 calls=2 n0=2485 n1=288 prims=85953 bb=160,1120,0,694
[OTT] walkUs=3867 texUs=189 emitUs=1112 submitUs=407 otherUs=2157 prims=584 usPerPrim=6
[FT] avgMs=16 worstMs=49 gameMs=6 drawMs=10 swapWait=0ms draws=172 decodes=0 decMs=0
[OTS] f=44760 calls=2 n0=2503 n1=288 prims=85653 bb=160,1120,0,694
[OTT] walkUs=3904 texUs=195 emitUs=1153 submitUs=607 otherUs=1948 prims=602 usPerPrim=6
[FT] avgMs=16 worstMs=46 gameMs=5 drawMs=11 swapWait=0ms draws=172 decodes=0 decMs=0
[OTS] f=44880 calls=2 n0=2500 n1=288 prims=85971 bb=160,1120,0,694
[OTT] walkUs=4121 texUs=232 emitUs=1154 submitUs=508 otherUs=2226 prims=599 usPerPrim=6
[SH-XBOX] vblank 45000
[MEM] tick: free=3820KB (955 pages)
[FT] avgMs=16 worstMs=54 gameMs=6 drawMs=10 swapWait=0ms draws=171 decodes=0 decMs=0
[OTS] f=45000 calls=2 n0=2491 n1=288 prims=85500 bb=160,1120,0,694
[OTT] walkUs=4151 texUs=191 emitUs=1130 submitUs=438 otherUs=2391 prims=590 usPerPrim=7
[FT] avgMs=16 worstMs=48 gameMs=6 drawMs=10 swapWait=0ms draws=172 decodes=0 decMs=0
[OTS] f=45120 calls=2 n0=2494 n1=288 prims=86016 bb=160,1120,0,694
[OTT] walkUs=3892 texUs=194 emitUs=1131 submitUs=521 otherUs=2044 prims=593 usPerPrim=6
[FT] avgMs=17 worstMs=58 gameMs=6 drawMs=10 swapWait=0ms draws=172 decodes=0 decMs=0
[OTS] f=45240 calls=2 n0=2496 n1=288 prims=85677 bb=160,1120,0,694
[OTT] walkUs=4078 texUs=192 emitUs=1141 submitUs=409 otherUs=2335 prims=595 usPerPrim=6
[FT] avgMs=17 worstMs=59 gameMs=6 drawMs=10 swapWait=0ms draws=171 decodes=0 decMs=0
[OTS] f=45360 calls=2 n0=2495 n1=288 prims=85864 bb=160,1120,0,694
[OTT] walkUs=4213 texUs=192 emitUs=1141 submitUs=550 otherUs=2328 prims=594 usPerPrim=7
[FT] avgMs=17 worstMs=73 gameMs=6 drawMs=10 swapWait=0ms draws=172 decodes=0 decMs=0
[OTS] f=45480 calls=2 n0=2483 n1=288 prims=85734 bb=160,1120,0,694
[OTT] walkUs=3717 texUs=188 emitUs=1109 submitUs=652 otherUs=1766 prims=582 usPerPrim=6
[SH-XBOX] vblank 45600
[MEM] tick: free=3820KB (955 pages)
[FT] avgMs=16 worstMs=55 gameMs=6 drawMs=10 swapWait=0ms draws=172 decodes=0 decMs=0
[OTS] f=45600 calls=2 n0=2487 n1=288 prims=85905 bb=160,1120,0,694
[OTT] walkUs=3921 texUs=190 emitUs=1117 submitUs=473 otherUs=2139 prims=586 usPerPrim=6
[FT] avgMs=16 worstMs=50 gameMs=6 drawMs=10 swapWait=1ms draws=172 decodes=0 decMs=0
[OTS] f=45720 calls=2 n0=2484 n1=288 prims=85745 bb=160,1120,0,694
[OTT] walkUs=3778 texUs=188 emitUs=1109 submitUs=387 otherUs=2092 prims=583 usPerPrim=6
[FT] avgMs=17 worstMs=58 gameMs=6 drawMs=10 swapWait=0ms draws=172 decodes=0 decMs=0
[OTS] f=45840 calls=2 n0=2487 n1=288 prims=85892 bb=160,1120,0,694
[OTT] walkUs=3758 texUs=189 emitUs=1120 submitUs=415 otherUs=2033 prims=586 usPerPrim=6
[FT] avgMs=16 worstMs=47 gameMs=6 drawMs=10 swapWait=0ms draws=172 decodes=0 decMs=0
[OTS] f=45960 calls=2 n0=2491 n1=288 prims=85822 bb=160,1120,0,694
[OTT] walkUs=3987 texUs=190 emitUs=1128 submitUs=652 otherUs=2016 prims=590 usPerPrim=6
[FT] avgMs=16 worstMs=54 gameMs=6 drawMs=10 swapWait=0ms draws=172 decodes=0 decMs=0
[OTS] f=46080 calls=2 n0=2489 n1=288 prims=85847 bb=160,1120,0,694
[OTT] walkUs=3790 texUs=189 emitUs=1124 submitUs=486 otherUs=1989 prims=588 usPerPrim=6
[SH-XBOX] vblank 46200
[MEM] tick: free=3820KB (955 pages)
[FT] avgMs=16 worstMs=49 gameMs=6 drawMs=10 swapWait=0ms draws=172 decodes=0 decMs=0
[OTS] f=46200 calls=2 n0=2490 n1=288 prims=85786 bb=160,1120,0,694
[OTT] walkUs=3901 texUs=190 emitUs=1129 submitUs=392 otherUs=2189 prims=589 usPerPrim=6
[FT] avgMs=17 worstMs=57 gameMs=6 drawMs=10 swapWait=0ms draws=172 decodes=0 decMs=0
[OTS] f=46320 calls=2 n0=2496 n1=288 prims=85733 bb=160,1120,0,694
[OTT] walkUs=3849 texUs=192 emitUs=1142 submitUs=466 otherUs=2047 prims=595 usPerPrim=6
[FT] avgMs=16 worstMs=46 gameMs=6 drawMs=10 swapWait=0ms draws=172 decodes=0 decMs=0
[OTS] f=46440 calls=2 n0=2491 n1=288 prims=85835 bb=160,1120,0,694
[OTT] walkUs=3789 texUs=191 emitUs=1125 submitUs=404 otherUs=2068 prims=590 usPerPrim=6
[FT] avgMs=16 worstMs=55 gameMs=6 drawMs=10 swapWait=0ms draws=172 decodes=0 decMs=0
[OTS] f=46560 calls=2 n0=2487 n1=288 prims=85726 bb=160,1120,0,694
[OTT] walkUs=3856 texUs=193 emitUs=1117 submitUs=435 otherUs=2109 prims=586 usPerPrim=6
[FT] avgMs=16 worstMs=50 gameMs=6 drawMs=10 swapWait=0ms draws=172 decodes=0 decMs=0
[OTS] f=46680 calls=2 n0=2501 n1=288 prims=86006 bb=160,1120,0,694
[OTT] walkUs=3900 texUs=194 emitUs=1153 submitUs=581 otherUs=1970 prims=600 usPerPrim=6
[SH-XBOX] vblank 46800
[MEM] tick: free=3820KB (955 pages)
[FT] avgMs=17 worstMs=59 gameMs=6 drawMs=10 swapWait=0ms draws=172 decodes=0 decMs=0
[OTS] f=46800 calls=2 n0=2502 n1=288 prims=85500 bb=160,1120,0,694
[OTT] walkUs=3917 texUs=194 emitUs=1158 submitUs=477 otherUs=2086 prims=601 usPerPrim=6
[FT] avgMs=16 worstMs=46 gameMs=6 drawMs=10 swapWait=0ms draws=171 decodes=0 decMs=0
[OTS] f=46920 calls=2 n0=2491 n1=288 prims=85981 bb=160,1120,0,694
[OTT] walkUs=4082 texUs=190 emitUs=1161 submitUs=466 otherUs=2263 prims=590 usPerPrim=6
[FT] avgMs=16 worstMs=56 gameMs=6 drawMs=10 swapWait=0ms draws=172 decodes=0 decMs=0
[OTS] f=47040 calls=2 n0=2492 n1=288 prims=85712 bb=160,1120,0,694
[OTT] walkUs=3968 texUs=191 emitUs=1130 submitUs=495 otherUs=2151 prims=591 usPerPrim=6
[FT] avgMs=16 worstMs=51 gameMs=5 drawMs=11 swapWait=0ms draws=171 decodes=0 decMs=0
[OTS] f=47160 calls=2 n0=2496 n1=288 prims=85854 bb=160,1120,0,694
[OTT] walkUs=4162 texUs=193 emitUs=1178 submitUs=469 otherUs=2321 prims=595 usPerPrim=6
[FT] avgMs=17 worstMs=58 gameMs=5 drawMs=11 swapWait=0ms draws=172 decodes=0 decMs=0
[OTS] f=47280 calls=2 n0=2488 n1=288 prims=85599 bb=160,1120,0,694
[OTT] walkUs=4104 texUs=190 emitUs=1118 submitUs=392 otherUs=2402 prims=587 usPerPrim=6
[SH-XBOX] vblank 47400
[MEM] tick: free=3820KB (955 pages)
[FT] avgMs=17 worstMs=56 gameMs=5 drawMs=11 swapWait=0ms draws=172 decodes=0 decMs=0
[OTS] f=47400 calls=2 n0=2489 n1=288 prims=85946 bb=160,1120,0,694
[OTT] walkUs=4200 texUs=189 emitUs=1123 submitUs=473 otherUs=2413 prims=588 usPerPrim=7
[FT] avgMs=16 worstMs=48 gameMs=5 drawMs=11 swapWait=0ms draws=172 decodes=0 decMs=0
[OTS] f=47520 calls=2 n0=2491 n1=288 prims=85825 bb=160,1120,0,694
[OTT] walkUs=3840 texUs=191 emitUs=1163 submitUs=777 otherUs=1708 prims=590 usPerPrim=6
[FT] avgMs=17 worstMs=59 gameMs=5 drawMs=11 swapWait=0ms draws=172 decodes=0 decMs=0
[OTS] f=47640 calls=2 n0=2486 n1=288 prims=85816 bb=160,1120,0,694
[OTT] walkUs=3661 texUs=189 emitUs=1117 submitUs=396 otherUs=1957 prims=585 usPerPrim=6
[FT] avgMs=16 worstMs=53 gameMs=5 drawMs=11 swapWait=1ms draws=172 decodes=0 decMs=0
[OTS] f=47760 calls=2 n0=2480 n1=288 prims=85798 bb=160,1120,0,694
[OTT] walkUs=3745 texUs=187 emitUs=1106 submitUs=397 otherUs=2053 prims=579 usPerPrim=6
[FT] avgMs=16 worstMs=48 gameMs=5 drawMs=11 swapWait=0ms draws=172 decodes=0 decMs=0
[OTS] f=47880 calls=2 n0=2491 n1=288 prims=85853 bb=160,1120,0,694
[OTT] walkUs=3802 texUs=191 emitUs=1121 submitUs=406 otherUs=2082 prims=590 usPerPrim=6
[SH-XBOX] vblank 48000
[MEM] tick: free=3820KB (955 pages)
[FT] avgMs=16 worstMs=55 gameMs=6 drawMs=10 swapWait=0ms draws=171 decodes=0 decMs=0
[OTS] f=48000 calls=2 n0=2492 n1=288 prims=85765 bb=160,1120,0,694
[OTT] walkUs=3702 texUs=191 emitUs=1127 submitUs=449 otherUs=1933 prims=591 usPerPrim=6
[FT] avgMs=16 worstMs=53 gameMs=6 drawMs=10 swapWait=0ms draws=172 decodes=0 decMs=0
[OTS] f=48120 calls=2 n0=2498 n1=288 prims=85799 bb=160,1120,0,694
[OTT] walkUs=3867 texUs=193 emitUs=1143 submitUs=377 otherUs=2152 prims=597 usPerPrim=6
[FT] avgMs=17 worstMs=57 gameMs=6 drawMs=10 swapWait=0ms draws=172 decodes=0 decMs=0
[OTS] f=48240 calls=2 n0=2494 n1=288 prims=85783 bb=160,1120,0,694
[OTT] walkUs=3931 texUs=192 emitUs=1130 submitUs=638 otherUs=1969 prims=593 usPerPrim=6
[FT] avgMs=16 worstMs=46 gameMs=6 drawMs=10 swapWait=1ms draws=172 decodes=0 decMs=0
[OTS] f=48360 calls=2 n0=2492 n1=288 prims=85680 bb=160,1120,0,694
[OTT] walkUs=3691 texUs=191 emitUs=1131 submitUs=494 otherUs=1874 prims=591 usPerPrim=6
[FT] avgMs=17 worstMs=56 gameMs=5 drawMs=11 swapWait=0ms draws=172 decodes=0 decMs=0
[OTS] f=48480 calls=2 n0=2486 n1=288 prims=86011 bb=160,1120,0,694
[OTT] walkUs=3994 texUs=189 emitUs=1129 submitUs=402 otherUs=2272 prims=585 usPerPrim=6
[SH-XBOX] vblank 48600
[MEM] tick: free=3820KB (955 pages)
[FT] avgMs=17 worstMs=57 gameMs=6 drawMs=10 swapWait=0ms draws=172 decodes=0 decMs=0
[OTS] f=48600 calls=2 n0=2505 n1=288 prims=85707 bb=160,1120,0,694
[OTT] walkUs=3745 texUs=199 emitUs=1162 submitUs=468 otherUs=1915 prims=604 usPerPrim=6
[FT] avgMs=16 worstMs=56 gameMs=6 drawMs=10 swapWait=0ms draws=172 decodes=0 decMs=0
[OTS] f=48720 calls=2 n0=2498 n1=288 prims=85921 bb=160,1120,0,694
[OTT] walkUs=3850 texUs=195 emitUs=1140 submitUs=419 otherUs=2095 prims=597 usPerPrim=6
[FT] avgMs=16 worstMs=53 gameMs=6 drawMs=10 swapWait=0ms draws=171 decodes=0 decMs=0
[OTS] f=48840 calls=2 n0=2491 n1=288 prims=85562 bb=160,1120,0,694
[OTT] walkUs=4057 texUs=191 emitUs=1131 submitUs=412 otherUs=2321 prims=590 usPerPrim=6
[FT] avgMs=16 worstMs=47 gameMs=6 drawMs=10 swapWait=1ms draws=172 decodes=0 decMs=0
[OTS] f=48960 calls=2 n0=2494 n1=288 prims=86012 bb=160,1120,0,694
[OTT] walkUs=4145 texUs=192 emitUs=1132 submitUs=416 otherUs=2404 prims=593 usPerPrim=6
[FT] avgMs=17 worstMs=63 gameMs=5 drawMs=11 swapWait=0ms draws=172 decodes=0 decMs=0
[OTS] f=49080 calls=2 n0=2495 n1=288 prims=85553 bb=160,1120,0,694
[OTT] walkUs=4001 texUs=196 emitUs=1135 submitUs=417 otherUs=2251 prims=594 usPerPrim=6
[SH-XBOX] vblank 49200
[MEM] tick: free=3820KB (955 pages)
[FT] avgMs=17 worstMs=57 gameMs=6 drawMs=10 swapWait=0ms draws=172 decodes=0 decMs=0
[OTS] f=49200 calls=2 n0=2494 n1=288 prims=85961 bb=160,1120,0,694
[OTT] walkUs=3837 texUs=191 emitUs=1132 submitUs=583 otherUs=1929 prims=593 usPerPrim=6
[FT] avgMs=16 worstMs=45 gameMs=6 drawMs=10 swapWait=0ms draws=172 decodes=0 decMs=0
[OTS] f=49320 calls=2 n0=2483 n1=288 prims=85761 bb=160,1120,0,694
[OTT] walkUs=4179 texUs=187 emitUs=1113 submitUs=478 otherUs=2400 prims=582 usPerPrim=7
[FT] avgMs=16 worstMs=54 gameMs=6 drawMs=10 swapWait=0ms draws=172 decodes=0 decMs=0
[OTS] f=49440 calls=2 n0=2489 n1=288 prims=85837 bb=160,1120,0,694
[OTT] walkUs=4096 texUs=189 emitUs=1123 submitUs=419 otherUs=2363 prims=588 usPerPrim=6
[FT] avgMs=16 worstMs=48 gameMs=7 drawMs=9 swapWait=1ms draws=172 decodes=0 decMs=0
[OTS] f=49560 calls=2 n0=2484 n1=288 prims=85794 bb=160,1120,0,694
[OTT] walkUs=4210 texUs=187 emitUs=1116 submitUs=726 otherUs=2179 prims=583 usPerPrim=7
[FT] avgMs=16 worstMs=56 gameMs=6 drawMs=10 swapWait=0ms draws=172 decodes=0 decMs=0
[OTS] f=49680 calls=2 n0=2484 n1=288 prims=85895 bb=160,1120,0,694
[OTT] walkUs=4213 texUs=191 emitUs=1103 submitUs=393 otherUs=2525 prims=583 usPerPrim=7
[SH-XBOX] vblank 49800
[MEM] tick: free=3820KB (955 pages)
[FT] avgMs=16 worstMs=54 gameMs=5 drawMs=11 swapWait=1ms draws=171 decodes=0 decMs=0
[OTS] f=49800 calls=2 n0=2491 n1=288 prims=85737 bb=160,1120,0,694
[OTT] walkUs=3768 texUs=191 emitUs=1132 submitUs=406 otherUs=2037 prims=590 usPerPrim=6
[FT] avgMs=16 worstMs=48 gameMs=6 drawMs=10 swapWait=0ms draws=172 decodes=0 decMs=0
[OTS] f=49920 calls=2 n0=2488 n1=288 prims=85713 bb=160,1120,0,694
[OTT] walkUs=3844 texUs=191 emitUs=1114 submitUs=522 otherUs=2016 prims=587 usPerPrim=6
[FT] avgMs=17 worstMs=60 gameMs=6 drawMs=10 swapWait=0ms draws=172 decodes=0 decMs=0
[OTS] f=50040 calls=2 n0=2489 n1=288 prims=85889 bb=160,1120,0,694
[OTT] walkUs=4227 texUs=190 emitUs=1125 submitUs=451 otherUs=2460 prims=588 usPerPrim=7
[FT] avgMs=17 worstMs=57 gameMs=6 drawMs=10 swapWait=0ms draws=172 decodes=0 decMs=0
[OTS] f=50160 calls=2 n0=2496 n1=288 prims=85768 bb=160,1120,0,694
[OTT] walkUs=3898 texUs=192 emitUs=1138 submitUs=536 otherUs=2030 prims=595 usPerPrim=6
[FT] avgMs=16 worstMs=45 gameMs=6 drawMs=10 swapWait=0ms draws=172 decodes=0 decMs=0
[OTS] f=50280 calls=2 n0=2493 n1=288 prims=85774 bb=160,1120,0,694
[OTT] walkUs=3771 texUs=191 emitUs=1129 submitUs=428 otherUs=2022 prims=592 usPerPrim=6
[SH-XBOX] vblank 50400
[MEM] tick: free=3820KB (955 pages)
[FT] avgMs=16 worstMs=54 gameMs=6 drawMs=10 swapWait=0ms draws=172 decodes=0 decMs=0
[OTS] f=50400 calls=2 n0=2488 n1=288 prims=85752 bb=160,1120,0,694
[OTT] walkUs=3838 texUs=189 emitUs=1127 submitUs=497 otherUs=2023 prims=587 usPerPrim=6
[FT] avgMs=16 worstMs=50 gameMs=6 drawMs=10 swapWait=0ms draws=172 decodes=0 decMs=0
[OTS] f=50520 calls=2 n0=2499 n1=288 prims=85938 bb=160,1120,0,694
[OTT] walkUs=3818 texUs=195 emitUs=1145 submitUs=469 otherUs=2008 prims=598 usPerPrim=6
[FT] avgMs=17 worstMs=58 gameMs=6 drawMs=10 swapWait=0ms draws=172 decodes=0 decMs=0
[OTS] f=50640 calls=2 n0=2501 n1=288 prims=85576 bb=160,1120,0,694
[OTT] walkUs=4058 texUs=194 emitUs=1158 submitUs=408 otherUs=2296 prims=600 usPerPrim=6
[FT] avgMs=16 worstMs=45 gameMs=6 drawMs=10 swapWait=1ms draws=171 decodes=0 decMs=0
[OTS] f=50760 calls=2 n0=2491 n1=288 prims=85957 bb=160,1120,0,694
[OTT] walkUs=4016 texUs=191 emitUs=1159 submitUs=422 otherUs=2243 prims=590 usPerPrim=6
[FT] avgMs=16 worstMs=52 gameMs=6 drawMs=10 swapWait=0ms draws=172 decodes=0 decMs=0
[OTS] f=50880 calls=2 n0=2490 n1=288 prims=85554 bb=160,1120,0,694
[OTT] walkUs=3867 texUs=192 emitUs=1122 submitUs=713 otherUs=1839 prims=589 usPerPrim=6
[SH-XBOX] vblank 51000
[MEM] tick: free=3820KB (955 pages)
[FT] avgMs=16 worstMs=43 gameMs=6 drawMs=10 swapWait=0ms draws=172 decodes=0 decMs=0
[OTS] f=51000 calls=2 n0=2495 n1=288 prims=85973 bb=160,1120,0,694
[OTT] walkUs=4052 texUs=197 emitUs=1134 submitUs=389 otherUs=2329 prims=594 usPerPrim=6
[FT] avgMs=16 worstMs=56 gameMs=6 drawMs=10 swapWait=0ms draws=172 decodes=0 decMs=0
[OTS] f=51120 calls=2 n0=2490 n1=288 prims=85718 bb=160,1120,0,694
[OTT] walkUs=4139 texUs=191 emitUs=1130 submitUs=485 otherUs=2332 prims=589 usPerPrim=7
[FT] avgMs=16 worstMs=51 gameMs=6 drawMs=10 swapWait=1ms draws=172 decodes=0 decMs=0
[OTS] f=51240 calls=2 n0=2489 n1=288 prims=85982 bb=160,1120,0,694
[OTT] walkUs=3827 texUs=195 emitUs=1120 submitUs=423 otherUs=2087 prims=588 usPerPrim=6
[FT] avgMs=16 worstMs=47 gameMs=6 drawMs=10 swapWait=0ms draws=172 decodes=0 decMs=0
[OTS] f=51360 calls=2 n0=2489 n1=288 prims=85724 bb=160,1120,0,694
[OTT] walkUs=4028 texUs=191 emitUs=1123 submitUs=456 otherUs=2257 prims=588 usPerPrim=6
[FT] avgMs=16 worstMs=55 gameMs=6 drawMs=10 swapWait=1ms draws=172 decodes=0 decMs=0
[OTS] f=51480 calls=2 n0=2486 n1=288 prims=85879 bb=160,1120,0,694
[OTT] walkUs=4036 texUs=189 emitUs=1116 submitUs=509 otherUs=2221 prims=585 usPerPrim=6
[SH-XBOX] vblank 51600
[MEM] tick: free=3820KB (955 pages)
[FT] avgMs=16 worstMs=51 gameMs=6 drawMs=10 swapWait=0ms draws=172 decodes=0 decMs=0
[OTS] f=51600 calls=2 n0=2480 n1=288 prims=85806 bb=160,1120,0,694
[OTT] walkUs=3975 texUs=186 emitUs=1102 submitUs=666 otherUs=2020 prims=579 usPerPrim=6
[FT] avgMs=17 worstMs=59 gameMs=6 drawMs=10 swapWait=0ms draws=172 decodes=0 decMs=0
[OTS] f=51720 calls=2 n0=2494 n1=288 prims=85727 bb=160,1120,0,694
[OTT] walkUs=3775 texUs=192 emitUs=1144 submitUs=397 otherUs=2041 prims=593 usPerPrim=6
[FT] avgMs=16 worstMs=46 gameMs=6 drawMs=10 swapWait=0ms draws=172 decodes=0 decMs=0
[OTS] f=51840 calls=2 n0=2492 n1=288 prims=85879 bb=160,1120,0,694
[OTT] walkUs=3854 texUs=191 emitUs=1137 submitUs=419 otherUs=2106 prims=591 usPerPrim=6
[FT] avgMs=16 worstMs=51 gameMs=6 drawMs=10 swapWait=0ms draws=172 decodes=0 decMs=0
[OTS] f=51960 calls=2 n0=2498 n1=288 prims=85834 bb=160,1120,0,694
[OTT] walkUs=3654 texUs=193 emitUs=1142 submitUs=445 otherUs=1873 prims=597 usPerPrim=6
[FT] avgMs=16 worstMs=51 gameMs=5 drawMs=10 swapWait=0ms draws=172 decodes=0 decMs=0
[OTS] f=52080 calls=2 n0=2495 n1=288 prims=85763 bb=160,1120,0,694
[OTT] walkUs=3786 texUs=192 emitUs=1144 submitUs=384 otherUs=2065 prims=594 usPerPrim=6
[SH-XBOX] vblank 52200
[MEM] tick: free=3820KB (955 pages)
[FT] avgMs=17 worstMs=59 gameMs=5 drawMs=11 swapWait=0ms draws=172 decodes=0 decMs=0
[OTS] f=52200 calls=2 n0=2493 n1=288 prims=85682 bb=160,1120,0,694
[OTT] walkUs=3918 texUs=191 emitUs=1144 submitUs=682 otherUs=1899 prims=592 usPerPrim=6
[FT] avgMs=16 worstMs=49 gameMs=5 drawMs=11 swapWait=0ms draws=172 decodes=0 decMs=0
[OTS] f=52320 calls=2 n0=2484 n1=288 prims=85940 bb=160,1120,0,694
[OTT] walkUs=3725 texUs=189 emitUs=1109 submitUs=559 otherUs=1867 prims=583 usPerPrim=6
[FT] avgMs=16 worstMs=55 gameMs=5 drawMs=11 swapWait=0ms draws=172 decodes=0 decMs=0
[OTS] f=52440 calls=2 n0=2504 n1=288 prims=85668 bb=160,1120,0,694
[OTT] walkUs=3898 texUs=198 emitUs=1155 submitUs=491 otherUs=2054 prims=603 usPerPrim=6
[FT] avgMs=16 worstMs=51 gameMs=5 drawMs=11 swapWait=0ms draws=171 decodes=0 decMs=0
[OTS] f=52560 calls=2 n0=2501 n1=288 prims=85833 bb=160,1120,0,694
[OTT] walkUs=3891 texUs=194 emitUs=1153 submitUs=420 otherUs=2123 prims=600 usPerPrim=6
[FT] avgMs=17 worstMs=61 gameMs=5 drawMs=11 swapWait=0ms draws=172 decodes=0 decMs=0
[OTS] f=52680 calls=2 n0=2491 n1=288 prims=85632 bb=160,1120,0,694
[OTT] walkUs=3699 texUs=190 emitUs=1129 submitUs=420 otherUs=1958 prims=590 usPerPrim=6
[SH-XBOX] vblank 52800
[MEM] tick: free=3820KB (955 pages)
[FT] avgMs=16 worstMs=47 gameMs=5 drawMs=11 swapWait=0ms draws=172 decodes=0 decMs=0
[OTS] f=52800 calls=2 n0=2493 n1=288 prims=86018 bb=160,1120,0,694
[OTT] walkUs=3810 texUs=191 emitUs=1131 submitUs=405 otherUs=2082 prims=592 usPerPrim=6
[FT] avgMs=16 worstMs=50 gameMs=6 drawMs=10 swapWait=0ms draws=172 decodes=0 decMs=0
[OTS] f=52920 calls=2 n0=2496 n1=288 prims=85540 bb=160,1120,0,694
[OTT] walkUs=3970 texUs=195 emitUs=1139 submitUs=477 otherUs=2158 prims=595 usPerPrim=6
[FT] avgMs=16 worstMs=50 gameMs=6 drawMs=10 swapWait=0ms draws=172 decodes=0 decMs=0
[OTS] f=53040 calls=2 n0=2495 n1=288 prims=85982 bb=160,1120,0,694
[OTT] walkUs=3881 texUs=192 emitUs=1137 submitUs=521 otherUs=2030 prims=594 usPerPrim=6
[FT] avgMs=17 worstMs=57 gameMs=6 drawMs=10 swapWait=1ms draws=172 decodes=0 decMs=0
[OTS] f=53160 calls=2 n0=2481 n1=288 prims=85662 bb=160,1120,0,694
[OTT] walkUs=3959 texUs=187 emitUs=1101 submitUs=396 otherUs=2273 prims=580 usPerPrim=6
[FT] avgMs=17 worstMs=74 gameMs=6 drawMs=10 swapWait=0ms draws=172 decodes=0 decMs=0
[OTS] f=53280 calls=2 n0=2489 n1=288 prims=85947 bb=160,1120,0,694
[OTT] walkUs=3789 texUs=190 emitUs=1126 submitUs=494 otherUs=1977 prims=588 usPerPrim=6
[SH-XBOX] vblank 53400
[MEM] tick: free=3820KB (955 pages)
[FT] avgMs=17 worstMs=56 gameMs=5 drawMs=11 swapWait=0ms draws=172 decodes=0 decMs=0
[OTS] f=53400 calls=2 n0=2484 n1=288 prims=85791 bb=160,1120,0,694
[OTT] walkUs=4055 texUs=188 emitUs=1121 submitUs=637 otherUs=2107 prims=583 usPerPrim=6
[FT] avgMs=17 worstMs=57 gameMs=6 drawMs=10 swapWait=1ms draws=172 decodes=0 decMs=0
[OTS] f=53520 calls=2 n0=2487 n1=288 prims=85767 bb=160,1120,0,694
[OTT] walkUs=4004 texUs=188 emitUs=1126 submitUs=892 otherUs=1796 prims=586 usPerPrim=6
[FT] avgMs=17 worstMs=58 gameMs=6 drawMs=10 swapWait=0ms draws=172 decodes=0 decMs=0
[OTS] f=53640 calls=2 n0=2491 n1=288 prims=85830 bb=160,1120,0,694
[OTT] walkUs=4178 texUs=190 emitUs=1126 submitUs=552 otherUs=2307 prims=590 usPerPrim=7
[FT] avgMs=16 worstMs=46 gameMs=6 drawMs=10 swapWait=1ms draws=172 decodes=0 decMs=0
[OTS] f=53760 calls=2 n0=2490 n1=288 prims=85870 bb=160,1120,0,694
[OTT] walkUs=4402 texUs=190 emitUs=1122 submitUs=667 otherUs=2421 prims=589 usPerPrim=7
[FT] avgMs=16 worstMs=53 gameMs=6 drawMs=10 swapWait=0ms draws=172 decodes=0 decMs=0
[OTS] f=53880 calls=2 n0=2489 n1=288 prims=85889 bb=160,1120,0,694
[OTT] walkUs=3725 texUs=190 emitUs=1121 submitUs=563 otherUs=1850 prims=588 usPerPrim=6
[SH-XBOX] vblank 54000
[MEM] tick: free=3820KB (955 pages)
[FT] avgMs=16 worstMs=51 gameMs=5 drawMs=11 swapWait=0ms draws=172 decodes=0 decMs=0
[OTS] f=54000 calls=2 n0=2494 n1=288 prims=85642 bb=160,1120,0,694
[OTT] walkUs=3792 texUs=194 emitUs=1131 submitUs=528 otherUs=1938 prims=593 usPerPrim=6
[FT] avgMs=17 worstMs=57 gameMs=6 drawMs=10 swapWait=0ms draws=172 decodes=0 decMs=0
[OTS] f=54120 calls=2 n0=2492 n1=288 prims=85872 bb=160,1120,0,694
[OTT] walkUs=3913 texUs=191 emitUs=1129 submitUs=382 otherUs=2209 prims=591 usPerPrim=6
[FT] avgMs=16 worstMs=45 gameMs=6 drawMs=10 swapWait=0ms draws=172 decodes=0 decMs=0
[OTS] f=54240 calls=2 n0=2487 n1=288 prims=85784 bb=160,1120,0,694
[OTT] walkUs=3816 texUs=190 emitUs=1120 submitUs=535 otherUs=1970 prims=586 usPerPrim=6
[FT] avgMs=16 worstMs=54 gameMs=6 drawMs=10 swapWait=0ms draws=171 decodes=0 decMs=0
[OTS] f=54360 calls=2 n0=2502 n1=288 prims=85851 bb=160,1120,0,694
[OTT] walkUs=3907 texUs=194 emitUs=1160 submitUs=480 otherUs=2071 prims=601 usPerPrim=6
[FT] avgMs=16 worstMs=47 gameMs=7 drawMs=9 swapWait=0ms draws=172 decodes=0 decMs=0
[OTS] f=54480 calls=2 n0=2501 n1=288 prims=85628 bb=160,1120,0,694
[OTT] walkUs=3961 texUs=196 emitUs=1149 submitUs=459 otherUs=2155 prims=600 usPerPrim=6
[SH-XBOX] vblank 54600
[MEM] tick: free=3820KB (955 pages)
[FT] avgMs=17 worstMs=56 gameMs=6 drawMs=10 swapWait=0ms draws=171 decodes=0 decMs=0
[OTS] f=54600 calls=2 n0=2488 n1=288 prims=85964 bb=160,1120,0,694
[OTT] walkUs=3852 texUs=191 emitUs=1118 submitUs=590 otherUs=1951 prims=587 usPerPrim=6
[FT] avgMs=16 worstMs=47 gameMs=5 drawMs=11 swapWait=0ms draws=172 decodes=0 decMs=0
[OTS] f=54720 calls=2 n0=2492 n1=288 prims=85604 bb=160,1120,0,694
[OTT] walkUs=4022 texUs=191 emitUs=1135 submitUs=428 otherUs=2268 prims=591 usPerPrim=6
[FT] avgMs=16 worstMs=54 gameMs=6 drawMs=10 swapWait=0ms draws=172 decodes=0 decMs=0
[OTS] f=54840 calls=2 n0=2496 n1=288 prims=85969 bb=160,1120,0,694
[OTT] walkUs=4037 texUs=192 emitUs=1152 submitUs=626 otherUs=2065 prims=595 usPerPrim=6
[FT] avgMs=16 worstMs=48 gameMs=6 drawMs=10 swapWait=0ms draws=172 decodes=0 decMs=0
[OTS] f=54960 calls=2 n0=2488 n1=288 prims=85591 bb=160,1120,0,694
[OTT] walkUs=3906 texUs=193 emitUs=1119 submitUs=399 otherUs=2194 prims=587 usPerPrim=6
[FT] avgMs=17 worstMs=59 gameMs=6 drawMs=10 swapWait=0ms draws=172 decodes=0 decMs=0
[OTS] f=55080 calls=2 n0=2488 n1=288 prims=85965 bb=160,1120,0,694
[OTT] walkUs=4074 texUs=191 emitUs=1120 submitUs=388 otherUs=2374 prims=587 usPerPrim=6
[SH-XBOX] vblank 55200
[MEM] tick: free=3820KB (955 pages)
[FT] avgMs=16 worstMs=46 gameMs=6 drawMs=10 swapWait=0ms draws=172 decodes=0 decMs=0
[OTS] f=55200 calls=2 n0=2491 n1=288 prims=85675 bb=160,1120,0,694
[OTT] walkUs=4035 texUs=194 emitUs=1126 submitUs=691 otherUs=2023 prims=590 usPerPrim=6
[FT] avgMs=16 worstMs=54 gameMs=6 drawMs=10 swapWait=0ms draws=172 decodes=0 decMs=0
[OTS] f=55320 calls=2 n0=2486 n1=288 prims=85938 bb=160,1120,0,694
[OTT] walkUs=3946 texUs=189 emitUs=1116 submitUs=503 otherUs=2136 prims=585 usPerPrim=6
[FT] avgMs=16 worstMs=50 gameMs=6 drawMs=10 swapWait=0ms draws=172 decodes=0 decMs=0
[OTS] f=55440 calls=2 n0=2478 n1=288 prims=85757 bb=160,1120,0,694
[OTT] walkUs=4039 texUs=189 emitUs=1090 submitUs=498 otherUs=2260 prims=577 usPerPrim=7
[FT] avgMs=17 worstMs=57 gameMs=6 drawMs=10 swapWait=0ms draws=172 decodes=0 decMs=0
[OTS] f=55560 calls=2 n0=2495 n1=288 prims=85782 bb=160,1120,0,694
[OTT] walkUs=4162 texUs=194 emitUs=1146 submitUs=472 otherUs=2349 prims=594 usPerPrim=7
[FT] avgMs=16 worstMs=45 gameMs=6 drawMs=10 swapWait=0ms draws=172 decodes=0 decMs=0
[OTS] f=55680 calls=2 n0=2492 n1=288 prims=85868 bb=160,1120,0,694
[OTT] walkUs=3930 texUs=191 emitUs=1131 submitUs=472 otherUs=2134 prims=591 usPerPrim=6
[SH-XBOX] vblank 55800
[MEM] tick: free=3820KB (955 pages)
[FT] avgMs=16 worstMs=53 gameMs=6 drawMs=10 swapWait=0ms draws=172 decodes=0 decMs=0
[OTS] f=55800 calls=2 n0=2496 n1=288 prims=85709 bb=160,1120,0,694
[OTT] walkUs=3675 texUs=194 emitUs=1140 submitUs=379 otherUs=1961 prims=595 usPerPrim=6
[FT] avgMs=16 worstMs=48 gameMs=6 drawMs=10 swapWait=0ms draws=172 decodes=0 decMs=0
[OTS] f=55920 calls=2 n0=2494 n1=288 prims=85867 bb=160,1120,0,694
[OTT] walkUs=3769 texUs=191 emitUs=1132 submitUs=442 otherUs=2003 prims=593 usPerPrim=6
[FT] avgMs=16 worstMs=57 gameMs=6 drawMs=10 swapWait=0ms draws=172 decodes=0 decMs=0
[OTS] f=56040 calls=2 n0=2493 n1=288 prims=85710 bb=160,1120,0,694
[OTT] walkUs=3644 texUs=191 emitUs=1137 submitUs=576 otherUs=1739 prims=592 usPerPrim=6
[FT] avgMs=16 worstMs=51 gameMs=6 drawMs=10 swapWait=0ms draws=172 decodes=0 decMs=0
[OTS] f=56160 calls=2 n0=2486 n1=288 prims=85877 bb=160,1120,0,694
[OTT] walkUs=3845 texUs=191 emitUs=1116 submitUs=398 otherUs=2139 prims=585 usPerPrim=6
[FT] avgMs=16 worstMs=47 gameMs=6 drawMs=10 swapWait=0ms draws=172 decodes=0 decMs=0
[OTS] f=56280 calls=2 n0=2505 n1=288 prims=85713 bb=160,1120,0,694
[OTT] walkUs=3955 texUs=198 emitUs=1159 submitUs=422 otherUs=2175 prims=604 usPerPrim=6
[SH-XBOX] vblank 56400
[MEM] tick: free=3820KB (955 pages)
[FT] avgMs=17 worstMs=57 gameMs=6 drawMs=10 swapWait=0ms draws=172 decodes=0 decMs=0
[OTS] f=56400 calls=2 n0=2499 n1=288 prims=85966 bb=160,1120,0,694
[OTT] walkUs=3777 texUs=194 emitUs=1144 submitUs=417 otherUs=2020 prims=598 usPerPrim=6
[FT] avgMs=17 worstMs=58 gameMs=6 drawMs=10 swapWait=1ms draws=172 decodes=0 decMs=0
[OTS] f=56520 calls=2 n0=2491 n1=288 prims=85639 bb=160,1120,0,694
[OTT] walkUs=3967 texUs=191 emitUs=1127 submitUs=402 otherUs=2245 prims=590 usPerPrim=6
[FT] avgMs=16 worstMs=44 gameMs=6 drawMs=10 swapWait=0ms draws=171 decodes=0 decMs=0
[OTS] f=56640 calls=2 n0=2492 n1=288 prims=85894 bb=160,1120,0,694
[OTT] walkUs=3939 texUs=192 emitUs=1125 submitUs=403 otherUs=2217 prims=591 usPerPrim=6
[FT] avgMs=16 worstMs=53 gameMs=6 drawMs=10 swapWait=0ms draws=172 decodes=0 decMs=0
[OTS] f=56760 calls=2 n0=2496 n1=288 prims=85656 bb=160,1120,0,694
[OTT] walkUs=3812 texUs=193 emitUs=1139 submitUs=407 otherUs=2071 prims=595 usPerPrim=6
[FT] avgMs=16 worstMs=49 gameMs=5 drawMs=11 swapWait=0ms draws=172 decodes=0 decMs=0
[OTS] f=56880 calls=2 n0=2495 n1=288 prims=86015 bb=160,1120,0,694
[OTT] walkUs=3962 texUs=191 emitUs=1139 submitUs=682 otherUs=1948 prims=594 usPerPrim=6
[SH-XBOX] vblank 57000
[MEM] tick: free=3820KB (955 pages)
[FT] avgMs=17 worstMs=57 gameMs=6 drawMs=10 swapWait=0ms draws=172 decodes=0 decMs=0
[OTS] f=57000 calls=2 n0=2483 n1=288 prims=85618 bb=160,1120,0,694
[OTT] walkUs=4127 texUs=188 emitUs=1108 submitUs=396 otherUs=2434 prims=582 usPerPrim=7
[FT] avgMs=16 worstMs=48 gameMs=5 drawMs=11 swapWait=0ms draws=172 decodes=0 decMs=0
[OTS] f=57120 calls=2 n0=2489 n1=288 prims=85961 bb=160,1120,0,694
[OTT] walkUs=3792 texUs=190 emitUs=1123 submitUs=496 otherUs=1981 prims=588 usPerPrim=6
[FT] avgMs=16 worstMs=55 gameMs=5 drawMs=11 swapWait=0ms draws=172 decodes=0 decMs=0
[OTS] f=57240 calls=2 n0=2482 n1=288 prims=85743 bb=160,1120,0,694
[OTT] walkUs=3942 texUs=190 emitUs=1111 submitUs=455 otherUs=2185 prims=581 usPerPrim=6
[FT] avgMs=16 worstMs=49 gameMs=5 drawMs=11 swapWait=0ms draws=172 decodes=0 decMs=0
[OTS] f=57360 calls=2 n0=2487 n1=288 prims=85837 bb=160,1120,0,694
[OTT] walkUs=3981 texUs=189 emitUs=1122 submitUs=700 otherUs=1969 prims=586 usPerPrim=6
[FT] avgMs=17 worstMs=58 gameMs=5 drawMs=11 swapWait=0ms draws=172 decodes=0 decMs=0
[OTS] f=57480 calls=2 n0=2491 n1=288 prims=85822 bb=160,1120,0,694
[OTT] walkUs=4006 texUs=191 emitUs=1128 submitUs=419 otherUs=2267 prims=590 usPerPrim=6
[SH-XBOX] vblank 57600
[MEM] tick: free=3820KB (955 pages)
[FT] avgMs=16 worstMs=48 gameMs=5 drawMs=11 swapWait=1ms draws=172 decodes=0 decMs=0
[OTS] f=57600 calls=2 n0=2489 n1=288 prims=85716 bb=160,1120,0,694
[OTT] walkUs=4100 texUs=190 emitUs=1124 submitUs=748 otherUs=2035 prims=588 usPerPrim=6
[FT] avgMs=16 worstMs=55 gameMs=5 drawMs=10 swapWait=0ms draws=172 decodes=0 decMs=0
[OTS] f=57720 calls=2 n0=2488 n1=288 prims=85896 bb=160,1120,0,694
[OTT] walkUs=4041 texUs=189 emitUs=1118 submitUs=408 otherUs=2325 prims=587 usPerPrim=6
[FT] avgMs=16 worstMs=48 gameMs=6 drawMs=10 swapWait=0ms draws=172 decodes=0 decMs=0
[OTS] f=57840 calls=2 n0=2496 n1=288 prims=85628 bb=160,1120,0,694
[OTT] walkUs=4116 texUs=192 emitUs=1137 submitUs=410 otherUs=2376 prims=595 usPerPrim=6
[FT] avgMs=16 worstMs=56 gameMs=6 drawMs=10 swapWait=0ms draws=172 decodes=0 decMs=0
[OTS] f=57960 calls=2 n0=2494 n1=288 prims=85909 bb=160,1120,0,694
[OTT] walkUs=3727 texUs=192 emitUs=1137 submitUs=390 otherUs=2007 prims=593 usPerPrim=6
[FT] avgMs=16 worstMs=52 gameMs=6 drawMs=10 swapWait=0ms draws=172 decodes=0 decMs=0
[OTS] f=58080 calls=2 n0=2485 n1=288 prims=85706 bb=160,1120,0,694
[OTT] walkUs=3721 texUs=191 emitUs=1110 submitUs=404 otherUs=2014 prims=584 usPerPrim=6
[SH-XBOX] vblank 58200
[MEM] tick: free=3820KB (955 pages)
[FT] avgMs=16 worstMs=47 gameMs=6 drawMs=10 swapWait=0ms draws=171 decodes=0 decMs=0
[OTS] f=58200 calls=2 n0=2500 n1=288 prims=85942 bb=160,1120,0,694
[OTT] walkUs=3864 texUs=194 emitUs=1144 submitUs=446 otherUs=2078 prims=599 usPerPrim=6
[FT] avgMs=17 worstMs=56 gameMs=5 drawMs=11 swapWait=1ms draws=172 decodes=0 decMs=0
[OTS] f=58320 calls=2 n0=2501 n1=288 prims=85633 bb=160,1120,0,694
[OTT] walkUs=3850 texUs=194 emitUs=1151 submitUs=396 otherUs=2108 prims=600 usPerPrim=6
[FT] avgMs=16 worstMs=56 gameMs=6 drawMs=10 swapWait=1ms draws=171 decodes=0 decMs=0
[OTS] f=58440 calls=2 n0=2491 n1=288 prims=85849 bb=160,1120,0,694
[OTT] walkUs=4082 texUs=190 emitUs=1125 submitUs=630 otherUs=2135 prims=590 usPerPrim=6
[FT] avgMs=16 worstMs=51 gameMs=6 drawMs=10 swapWait=0ms draws=172 decodes=0 decMs=0
[OTS] f=58560 calls=2 n0=2492 n1=288 prims=85685 bb=160,1120,0,694
[OTT] walkUs=3938 texUs=191 emitUs=1127 submitUs=428 otherUs=2190 prims=591 usPerPrim=6
[FT] avgMs=16 worstMs=46 gameMs=6 drawMs=10 swapWait=1ms draws=172 decodes=0 decMs=0
[OTS] f=58680 calls=2 n0=2496 n1=288 prims=85999 bb=160,1120,0,694
[OTT] walkUs=3957 texUs=191 emitUs=1142 submitUs=773 otherUs=1848 prims=595 usPerPrim=6
[SH-XBOX] vblank 58800
[MEM] tick: free=3820KB (955 pages)
[FT] avgMs=16 worstMs=55 gameMs=6 drawMs=10 swapWait=0ms draws=172 decodes=0 decMs=0
[OTS] f=58800 calls=2 n0=2490 n1=288 prims=85558 bb=160,1120,0,694
[OTT] walkUs=3843 texUs=191 emitUs=1125 submitUs=409 otherUs=2116 prims=589 usPerPrim=6
[FT] avgMs=16 worstMs=52 gameMs=5 drawMs=10 swapWait=0ms draws=172 decodes=0 decMs=0
[OTS] f=58920 calls=2 n0=2489 n1=288 prims=85977 bb=160,1120,0,694
[OTT] walkUs=3961 texUs=190 emitUs=1121 submitUs=507 otherUs=2142 prims=588 usPerPrim=6
[FT] avgMs=17 worstMs=57 gameMs=6 drawMs=10 swapWait=0ms draws=172 decodes=0 decMs=0
[OTS] f=59040 calls=2 n0=2490 n1=288 prims=85787 bb=160,1120,0,694
[OTT] walkUs=3889 texUs=191 emitUs=1123 submitUs=388 otherUs=2187 prims=589 usPerPrim=6
[FT] avgMs=16 worstMs=47 gameMs=6 drawMs=10 swapWait=0ms draws=172 decodes=0 decMs=0
[OTS] f=59160 calls=2 n0=2486 n1=288 prims=85965 bb=160,1120,0,694
[OTT] walkUs=3733 texUs=191 emitUs=1113 submitUs=486 otherUs=1940 prims=585 usPerPrim=6
[FT] avgMs=16 worstMs=55 gameMs=6 drawMs=10 swapWait=0ms draws=172 decodes=0 decMs=0
[OTS] f=59280 calls=2 n0=2480 n1=288 prims=85665 bb=160,1120,0,694
[OTT] walkUs=4004 texUs=187 emitUs=1107 submitUs=436 otherUs=2273 prims=579 usPerPrim=6
[SH-XBOX] vblank 59400
[MEM] tick: free=3820KB (955 pages)
[FT] avgMs=16 worstMs=48 gameMs=7 drawMs=9 swapWait=0ms draws=172 decodes=0 decMs=0
[OTS] f=59400 calls=2 n0=2494 n1=288 prims=85854 bb=160,1120,0,694
[OTT] walkUs=4094 texUs=194 emitUs=1132 submitUs=814 otherUs=1954 prims=593 usPerPrim=6
[FT] avgMs=17 worstMs=57 gameMs=6 drawMs=10 swapWait=0ms draws=172 decodes=0 decMs=0
[OTS] f=59520 calls=2 n0=2491 n1=288 prims=85893 bb=160,1120,0,694
[OTT] walkUs=3881 texUs=191 emitUs=1122 submitUs=735 otherUs=1832 prims=590 usPerPrim=6
[FT] avgMs=16 worstMs=48 gameMs=5 drawMs=11 swapWait=0ms draws=172 decodes=0 decMs=0
[OTS] f=59640 calls=2 n0=2498 n1=288 prims=85707 bb=160,1120,0,694
[OTT] walkUs=4166 texUs=193 emitUs=1154 submitUs=382 otherUs=2436 prims=597 usPerPrim=6
[FT] avgMs=16 worstMs=54 gameMs=6 drawMs=10 swapWait=0ms draws=172 decodes=0 decMs=0
[OTS] f=59760 calls=2 n0=2495 n1=288 prims=85883 bb=160,1120,0,694
[OTT] walkUs=3996 texUs=192 emitUs=1138 submitUs=389 otherUs=2275 prims=594 usPerPrim=6
[FT] avgMs=16 worstMs=49 gameMs=6 drawMs=10 swapWait=0ms draws=172 decodes=0 decMs=0
[OTS] f=59880 calls=2 n0=2491 n1=288 prims=85612 bb=160,1120,0,694
[OTT] walkUs=3891 texUs=191 emitUs=1123 submitUs=597 otherUs=1979 prims=590 usPerPrim=6
[SH-XBOX] vblank 60000
[MEM] tick: free=3820KB (955 pages)
[FT] avgMs=17 worstMs=58 gameMs=6 drawMs=10 swapWait=0ms draws=172 decodes=0 decMs=0
[OTS] f=60000 calls=2 n0=2485 n1=288 prims=85989 bb=160,1120,0,694
[OTT] walkUs=4105 texUs=188 emitUs=1117 submitUs=668 otherUs=2131 prims=584 usPerPrim=7
[FT] avgMs=16 worstMs=46 gameMs=6 drawMs=10 swapWait=0ms draws=172 decodes=0 decMs=0
[OTS] f=60120 calls=2 n0=2504 n1=288 prims=85718 bb=160,1120,0,694
[OTT] walkUs=4402 texUs=196 emitUs=1157 submitUs=472 otherUs=2574 prims=603 usPerPrim=7
[FT] avgMs=16 worstMs=56 gameMs=6 drawMs=10 swapWait=0ms draws=171 decodes=0 decMs=0
[OTS] f=60240 calls=2 n0=2500 n1=288 prims=85823 bb=160,1120,0,694
[OTT] walkUs=4097 texUs=193 emitUs=1146 submitUs=646 otherUs=2110 prims=599 usPerPrim=6
[FT] avgMs=16 worstMs=51 gameMs=6 drawMs=10 swapWait=0ms draws=172 decodes=0 decMs=0
[OTS] f=60360 calls=2 n0=2489 n1=288 prims=85616 bb=160,1120,0,694
[OTT] walkUs=3779 texUs=191 emitUs=1120 submitUs=446 otherUs=2021 prims=588 usPerPrim=6
[FT] avgMs=17 worstMs=58 gameMs=6 drawMs=10 swapWait=0ms draws=171 decodes=0 decMs=0
[OTS] f=60480 calls=2 n0=2494 n1=288 prims=85928 bb=160,1120,0,694
[OTT] walkUs=4270 texUs=191 emitUs=1137 submitUs=401 otherUs=2538 prims=593 usPerPrim=7
[SH-XBOX] vblank 60600
[MEM] tick: free=3820KB (955 pages)
[FT] avgMs=16 worstMs=46 gameMs=6 drawMs=10 swapWait=0ms draws=172 decodes=0 decMs=0
[OTS] f=60600 calls=2 n0=2496 n1=288 prims=85665 bb=160,1120,0,694
[OTT] walkUs=3880 texUs=193 emitUs=1139 submitUs=664 otherUs=1883 prims=595 usPerPrim=6
[FT] avgMs=16 worstMs=53 gameMs=6 drawMs=10 swapWait=1ms draws=171 decodes=0 decMs=0
[OTS] f=60720 calls=2 n0=2493 n1=288 prims=85888 bb=160,1120,0,694
[OTT] walkUs=3963 texUs=193 emitUs=1129 submitUs=426 otherUs=2214 prims=592 usPerPrim=6
[FT] avgMs=16 worstMs=51 gameMs=6 drawMs=10 swapWait=0ms draws=172 decodes=0 decMs=0
[OTS] f=60840 calls=2 n0=2482 n1=288 prims=85704 bb=160,1120,0,694
[OTT] walkUs=3695 texUs=186 emitUs=1102 submitUs=513 otherUs=1892 prims=581 usPerPrim=6
[FT] avgMs=17 worstMs=57 gameMs=6 drawMs=10 swapWait=0ms draws=172 decodes=0 decMs=0
[OTS] f=60960 calls=2 n0=2489 n1=288 prims=85987 bb=160,1120,0,694
[OTT] walkUs=3823 texUs=193 emitUs=1123 submitUs=546 otherUs=1960 prims=588 usPerPrim=6
[FT] avgMs=17 worstMs=72 gameMs=7 drawMs=10 swapWait=1ms draws=171 decodes=0 decMs=0
[OTS] f=61080 calls=2 n0=2484 n1=288 prims=85655 bb=160,1120,0,694
[OTT] walkUs=3777 texUs=187 emitUs=1115 submitUs=433 otherUs=2041 prims=583 usPerPrim=6
[SH-XBOX] vblank 61200
[MEM] tick: free=3820KB (955 pages)
[FT] avgMs=16 worstMs=48 gameMs=6 drawMs=10 swapWait=0ms draws=172 decodes=0 decMs=0
[OTS] f=61200 calls=2 n0=2487 n1=288 prims=85891 bb=160,1120,0,694
[OTT] walkUs=4011 texUs=189 emitUs=1119 submitUs=566 otherUs=2136 prims=586 usPerPrim=6
[FT] avgMs=17 worstMs=57 gameMs=6 drawMs=10 swapWait=0ms draws=172 decodes=0 decMs=0
[OTS] f=61320 calls=2 n0=2488 n1=288 prims=85837 bb=160,1120,0,694
[OTT] walkUs=3988 texUs=193 emitUs=1115 submitUs=547 otherUs=2131 prims=587 usPerPrim=6
[FT] avgMs=17 worstMs=58 gameMs=6 drawMs=11 swapWait=0ms draws=172 decodes=0 decMs=0
[OTS] f=61440 calls=2 n0=2491 n1=288 prims=85747 bb=160,1120,0,694
[OTT] walkUs=3921 texUs=190 emitUs=1140 submitUs=503 otherUs=2086 prims=590 usPerPrim=6
[FT] avgMs=16 worstMs=46 gameMs=6 drawMs=10 swapWait=0ms draws=172 decodes=0 decMs=0
[OTS] f=61560 calls=2 n0=2489 n1=288 prims=85889 bb=160,1120,0,694
[OTT] walkUs=4159 texUs=193 emitUs=1120 submitUs=740 otherUs=2104 prims=588 usPerPrim=7
[FT] avgMs=16 worstMs=54 gameMs=6 drawMs=10 swapWait=0ms draws=172 decodes=0 decMs=0
[OTS] f=61680 calls=2 n0=2496 n1=288 prims=85737 bb=160,1120,0,694
[OTT] walkUs=4033 texUs=192 emitUs=1140 submitUs=566 otherUs=2134 prims=595 usPerPrim=6
[SH-XBOX] vblank 61800
[MEM] tick: free=3820KB (955 pages)
[FT] avgMs=16 worstMs=50 gameMs=5 drawMs=11 swapWait=0ms draws=172 decodes=0 decMs=0
[OTS] f=61800 calls=2 n0=2493 n1=288 prims=85935 bb=160,1120,0,694
[OTT] walkUs=3901 texUs=192 emitUs=1133 submitUs=400 otherUs=2174 prims=592 usPerPrim=6
[FT] avgMs=17 worstMs=59 gameMs=6 drawMs=10 swapWait=1ms draws=172 decodes=0 decMs=0
[OTS] f=61920 calls=2 n0=2487 n1=288 prims=85629 bb=160,1120,0,694
[OTT] walkUs=4145 texUs=188 emitUs=1120 submitUs=416 otherUs=2419 prims=586 usPerPrim=7
[FT] avgMs=16 worstMs=48 gameMs=5 drawMs=11 swapWait=1ms draws=172 decodes=0 decMs=0
[OTS] f=62040 calls=2 n0=2501 n1=288 prims=85987 bb=160,1120,0,694
[OTT] walkUs=4196 texUs=194 emitUs=1149 submitUs=843 otherUs=2009 prims=600 usPerPrim=6
[FT] avgMs=17 worstMs=56 gameMs=5 drawMs=11 swapWait=0ms draws=172 decodes=0 decMs=0
[OTS] f=62160 calls=2 n0=2499 n1=288 prims=85603 bb=160,1120,0,694
[OTT] walkUs=3903 texUs=194 emitUs=1141 submitUs=413 otherUs=2152 prims=598 usPerPrim=6
[FT] avgMs=17 worstMs=57 gameMs=5 drawMs=11 swapWait=0ms draws=171 decodes=0 decMs=0
[OTS] f=62280 calls=2 n0=2491 n1=288 prims=85905 bb=160,1120,0,694
[OTT] walkUs=3822 texUs=191 emitUs=1135 submitUs=531 otherUs=1963 prims=590 usPerPrim=6
[SH-XBOX] vblank 62400
[MEM] tick: free=3820KB (955 pages)
[FT] avgMs=17 worstMs=57 gameMs=5 drawMs=11 swapWait=0ms draws=172 decodes=0 decMs=0
[OTS] f=62400 calls=2 n0=2492 n1=288 prims=85693 bb=160,1120,0,694
[OTT] walkUs=3867 texUs=192 emitUs=1131 submitUs=423 otherUs=2120 prims=591 usPerPrim=6
[FT] avgMs=17 worstMs=55 gameMs=5 drawMs=11 swapWait=0ms draws=171 decodes=0 decMs=0
[OTS] f=62520 calls=2 n0=2494 n1=288 prims=85865 bb=160,1120,0,694
[OTT] walkUs=3897 texUs=194 emitUs=1145 submitUs=387 otherUs=2170 prims=593 usPerPrim=6
[FT] avgMs=16 worstMs=55 gameMs=6 drawMs=10 swapWait=0ms draws=172 decodes=0 decMs=0
[OTS] f=62640 calls=2 n0=2490 n1=288 prims=85689 bb=160,1120,0,694
[OTT] walkUs=3848 texUs=190 emitUs=1125 submitUs=416 otherUs=2115 prims=589 usPerPrim=6
[FT] avgMs=16 worstMs=49 gameMs=6 drawMs=10 swapWait=0ms draws=172 decodes=0 decMs=0
[OTS] f=62760 calls=2 n0=2489 n1=288 prims=86000 bb=160,1120,0,694
[OTT] walkUs=3735 texUs=190 emitUs=1123 submitUs=448 otherUs=1973 prims=588 usPerPrim=6
[FT] avgMs=17 worstMs=57 gameMs=6 drawMs=10 swapWait=0ms draws=172 decodes=0 decMs=0
[OTS] f=62880 calls=2 n0=2491 n1=288 prims=85655 bb=160,1120,0,694
[OTT] walkUs=3921 texUs=191 emitUs=1137 submitUs=669 otherUs=1923 prims=590 usPerPrim=6
[SH-XBOX] vblank 63000
[MEM] tick: free=3820KB (955 pages)
[FT] avgMs=16 worstMs=47 gameMs=6 drawMs=10 swapWait=0ms draws=172 decodes=0 decMs=0
[OTS] f=63000 calls=2 n0=2484 n1=288 prims=85889 bb=160,1120,0,694
[OTT] walkUs=4058 texUs=192 emitUs=1107 submitUs=658 otherUs=2100 prims=583 usPerPrim=6
[FT] avgMs=16 worstMs=55 gameMs=6 drawMs=10 swapWait=0ms draws=172 decodes=0 decMs=0
[OTS] f=63120 calls=2 n0=2479 n1=288 prims=85732 bb=160,1120,0,694
[OTT] walkUs=3793 texUs=187 emitUs=1100 submitUs=406 otherUs=2098 prims=578 usPerPrim=6
[FT] avgMs=16 worstMs=51 gameMs=5 drawMs=11 swapWait=0ms draws=172 decodes=0 decMs=0
[OTS] f=63240 calls=2 n0=2494 n1=288 prims=85869 bb=160,1120,0,694
[OTT] walkUs=4048 texUs=193 emitUs=1131 submitUs=400 otherUs=2324 prims=593 usPerPrim=6
[FT] avgMs=16 worstMs=52 gameMs=6 drawMs=10 swapWait=0ms draws=171 decodes=0 decMs=0
[OTS] f=63360 calls=2 n0=2490 n1=288 prims=85738 bb=160,1120,0,694
[OTT] walkUs=3896 texUs=192 emitUs=1118 submitUs=392 otherUs=2194 prims=589 usPerPrim=6
[FT] avgMs=16 worstMs=51 gameMs=6 drawMs=10 swapWait=1ms draws=172 decodes=0 decMs=0
[OTS] f=63480 calls=2 n0=2498 n1=288 prims=85792 bb=160,1120,0,694
[OTT] walkUs=3992 texUs=193 emitUs=1150 submitUs=687 otherUs=1960 prims=597 usPerPrim=6
[SH-XBOX] vblank 63600
[MEM] tick: free=3820KB (955 pages)
[FT] avgMs=16 worstMs=47 gameMs=6 drawMs=10 swapWait=1ms draws=172 decodes=0 decMs=0
[OTS] f=63600 calls=2 n0=2495 n1=288 prims=85909 bb=160,1120,0,694
[OTT] walkUs=4179 texUs=192 emitUs=1140 submitUs=389 otherUs=2457 prims=594 usPerPrim=7
[FT] avgMs=16 worstMs=56 gameMs=6 drawMs=10 swapWait=0ms draws=172 decodes=0 decMs=0
[OTS] f=63720 calls=2 n0=2493 n1=288 prims=85559 bb=160,1120,0,694
[OTT] walkUs=4054 texUs=191 emitUs=1132 submitUs=524 otherUs=2205 prims=592 usPerPrim=6
[FT] avgMs=16 worstMs=52 gameMs=6 drawMs=10 swapWait=0ms draws=172 decodes=0 decMs=0
[OTS] f=63840 calls=2 n0=2486 n1=288 prims=86013 bb=160,1120,0,694
[OTT] walkUs=4201 texUs=189 emitUs=1114 submitUs=449 otherUs=2448 prims=585 usPerPrim=7
[FT] avgMs=16 worstMs=46 gameMs=6 drawMs=10 swapWait=0ms draws=172 decodes=0 decMs=0
[OTS] f=63960 calls=2 n0=2501 n1=288 prims=85679 bb=160,1120,0,694
[OTT] walkUs=4178 texUs=198 emitUs=1141 submitUs=430 otherUs=2407 prims=600 usPerPrim=6
[FT] avgMs=16 worstMs=53 gameMs=6 drawMs=10 swapWait=0ms draws=171 decodes=0 decMs=0
[OTS] f=64080 calls=2 n0=2501 n1=288 prims=85889 bb=160,1120,0,694
[OTT] walkUs=3955 texUs=193 emitUs=1150 submitUs=414 otherUs=2197 prims=600 usPerPrim=6
[SH-XBOX] vblank 64200
[MEM] tick: free=3820KB (955 pages)
[FT] avgMs=16 worstMs=49 gameMs=6 drawMs=10 swapWait=0ms draws=172 decodes=0 decMs=0
[OTS] f=64200 calls=2 n0=2491 n1=288 prims=85631 bb=160,1120,0,694
[OTT] walkUs=3832 texUs=193 emitUs=1126 submitUs=408 otherUs=2103 prims=590 usPerPrim=6
[FT] avgMs=17 worstMs=60 gameMs=7 drawMs=9 swapWait=0ms draws=172 decodes=0 decMs=0
[OTS] f=64320 calls=2 n0=2494 n1=288 prims=86019 bb=160,1120,0,694
[OTT] walkUs=4291 texUs=192 emitUs=1132 submitUs=772 otherUs=2193 prims=593 usPerPrim=7
[FT] avgMs=17 worstMs=59 gameMs=6 drawMs=10 swapWait=0ms draws=172 decodes=0 decMs=0
[OTS] f=64440 calls=2 n0=2495 n1=288 prims=85676 bb=160,1120,0,694
[OTT] walkUs=3860 texUs=192 emitUs=1143 submitUs=517 otherUs=2007 prims=594 usPerPrim=6
[FT] avgMs=16 worstMs=48 gameMs=6 drawMs=10 swapWait=0ms draws=171 decodes=0 decMs=0
[OTS] f=64560 calls=2 n0=2495 n1=288 prims=85863 bb=160,1120,0,694
[OTT] walkUs=3755 texUs=192 emitUs=1140 submitUs=440 otherUs=1981 prims=594 usPerPrim=6
[FT] avgMs=16 worstMs=55 gameMs=6 drawMs=10 swapWait=0ms draws=172 decodes=0 decMs=0
[OTS] f=64680 calls=2 n0=2483 n1=288 prims=85750 bb=160,1120,0,694
[OTT] walkUs=3821 texUs=187 emitUs=1108 submitUs=488 otherUs=2037 prims=582 usPerPrim=6
[SH-XBOX] vblank 64800
[MEM] tick: free=3820KB (955 pages)
[FT] avgMs=16 worstMs=51 gameMs=6 drawMs=10 swapWait=1ms draws=172 decodes=0 decMs=0
[OTS] f=64800 calls=2 n0=2487 n1=288 prims=85912 bb=160,1120,0,694
[OTT] walkUs=3811 texUs=190 emitUs=1113 submitUs=545 otherUs=1962 prims=586 usPerPrim=6
[FT] avgMs=17 worstMs=60 gameMs=6 drawMs=10 swapWait=0ms draws=172 decodes=0 decMs=0
[OTS] f=64920 calls=2 n0=2483 n1=288 prims=85736 bb=160,1120,0,694
[OTT] walkUs=3849 texUs=187 emitUs=1107 submitUs=409 otherUs=2144 prims=582 usPerPrim=6
[FT] avgMs=16 worstMs=47 gameMs=6 drawMs=10 swapWait=0ms draws=172 decodes=0 decMs=0
[OTS] f=65040 calls=2 n0=2487 n1=288 prims=85898 bb=160,1120,0,694
[OTT] walkUs=3954 texUs=189 emitUs=1151 submitUs=442 otherUs=2171 prims=586 usPerPrim=6
[FT] avgMs=16 worstMs=56 gameMs=6 drawMs=10 swapWait=0ms draws=171 decodes=0 decMs=0
[OTS] f=65160 calls=2 n0=2491 n1=288 prims=85697 bb=160,1120,0,694
[OTT] walkUs=3891 texUs=193 emitUs=1129 submitUs=508 otherUs=2059 prims=590 usPerPrim=6
[FT] avgMs=16 worstMs=45 gameMs=6 drawMs=10 swapWait=0ms draws=172 decodes=0 decMs=0
[OTS] f=65280 calls=2 n0=2490 n1=288 prims=85844 bb=160,1120,0,694
[OTT] walkUs=4088 texUs=190 emitUs=1126 submitUs=408 otherUs=2362 prims=589 usPerPrim=6
[SH-XBOX] vblank 65400
[MEM] tick: free=3820KB (955 pages)
[FT] avgMs=16 worstMs=46 gameMs=6 drawMs=10 swapWait=1ms draws=172 decodes=0 decMs=0
[OTS] f=65400 calls=2 n0=2489 n1=288 prims=85911 bb=160,1120,0,694
[OTT] walkUs=4030 texUs=190 emitUs=1126 submitUs=619 otherUs=2092 prims=588 usPerPrim=6
[FT] avgMs=16 worstMs=53 gameMs=6 drawMs=10 swapWait=0ms draws=172 decodes=0 decMs=0
[OTS] f=65520 calls=2 n0=2496 n1=288 prims=85605 bb=160,1120,0,694
[OTT] walkUs=3971 texUs=195 emitUs=1139 submitUs=422 otherUs=2213 prims=595 usPerPrim=6
[FT] avgMs=16 worstMs=48 gameMs=6 drawMs=10 swapWait=0ms draws=172 decodes=0 decMs=0
[OTS] f=65640 calls=2 n0=2491 n1=288 prims=85829 bb=160,1120,0,694
[OTT] walkUs=3954 texUs=192 emitUs=1129 submitUs=472 otherUs=2160 prims=590 usPerPrim=6
[FT] avgMs=17 worstMs=57 gameMs=6 drawMs=10 swapWait=0ms draws=172 decodes=0 decMs=0
[OTS] f=65760 calls=2 n0=2486 n1=288 prims=85704 bb=160,1120,0,694
[OTT] walkUs=4187 texUs=189 emitUs=1116 submitUs=410 otherUs=2470 prims=585 usPerPrim=7
[FT] avgMs=16 worstMs=45 gameMs=6 drawMs=10 swapWait=0ms draws=172 decodes=0 decMs=0
[OTS] f=65880 calls=2 n0=2501 n1=288 prims=86006 bb=160,1120,0,694
[OTT] walkUs=4090 texUs=194 emitUs=1151 submitUs=800 otherUs=1943 prims=600 usPerPrim=6
[SH-XBOX] vblank 66000
[MEM] tick: free=3820KB (955 pages)
[FT] avgMs=16 worstMs=53 gameMs=6 drawMs=10 swapWait=0ms draws=172 decodes=0 decMs=0
[OTS] f=66000 calls=2 n0=2501 n1=288 prims=85502 bb=160,1120,0,694
[OTT] walkUs=3898 texUs=194 emitUs=1149 submitUs=469 otherUs=2085 prims=600 usPerPrim=6
[FT] avgMs=16 worstMs=48 gameMs=6 drawMs=10 swapWait=1ms draws=171 decodes=0 decMs=0
[OTS] f=66120 calls=2 n0=2491 n1=288 prims=85967 bb=160,1120,0,694
[OTT] walkUs=4135 texUs=190 emitUs=1127 submitUs=417 otherUs=2399 prims=590 usPerPrim=7
[FT] avgMs=17 worstMs=62 gameMs=6 drawMs=10 swapWait=0ms draws=172 decodes=0 decMs=0
[OTS] f=66240 calls=2 n0=2491 n1=288 prims=85705 bb=160,1120,0,694
[OTT] walkUs=4065 texUs=190 emitUs=1124 submitUs=549 otherUs=2201 prims=590 usPerPrim=6
[FT] avgMs=16 worstMs=47 gameMs=6 drawMs=10 swapWait=1ms draws=171 decodes=0 decMs=0
[OTS] f=66360 calls=2 n0=2496 n1=288 prims=85858 bb=160,1120,0,694
[OTT] walkUs=3931 texUs=192 emitUs=1137 submitUs=394 otherUs=2205 prims=595 usPerPrim=6
[FT] avgMs=16 worstMs=52 gameMs=6 drawMs=10 swapWait=0ms draws=172 decodes=0 decMs=0
[OTS] f=66480 calls=2 n0=2490 n1=288 prims=85690 bb=160,1120,0,694
[OTT] walkUs=3996 texUs=189 emitUs=1127 submitUs=477 otherUs=2202 prims=589 usPerPrim=6
[SH-XBOX] vblank 66600
[MEM] tick: free=3820KB (955 pages)
[FT] avgMs=16 worstMs=48 gameMs=6 drawMs=10 swapWait=0ms draws=172 decodes=0 decMs=0
[OTS] f=66600 calls=2 n0=2487 n1=288 prims=85905 bb=160,1120,0,694
[OTT] walkUs=3600 texUs=190 emitUs=1114 submitUs=395 otherUs=1899 prims=586 usPerPrim=6
[FT] avgMs=17 worstMs=59 gameMs=5 drawMs=11 swapWait=0ms draws=172 decodes=0 decMs=0
[OTS] f=66720 calls=2 n0=2491 n1=288 prims=85769 bb=160,1120,0,694
[OTT] walkUs=3928 texUs=191 emitUs=1130 submitUs=394 otherUs=2211 prims=590 usPerPrim=6
[FT] avgMs=17 worstMs=59 gameMs=6 drawMs=10 swapWait=0ms draws=172 decodes=0 decMs=0
[OTS] f=66840 calls=2 n0=2486 n1=288 prims=85933 bb=160,1120,0,694
[OTT] walkUs=3939 texUs=189 emitUs=1120 submitUs=466 otherUs=2164 prims=585 usPerPrim=6
[FT] avgMs=16 worstMs=48 gameMs=5 drawMs=11 swapWait=1ms draws=172 decodes=0 decMs=0
[OTS] f=66960 calls=2 n0=2480 n1=288 prims=85793 bb=160,1120,0,694
[OTT] walkUs=3788 texUs=186 emitUs=1103 submitUs=402 otherUs=2096 prims=579 usPerPrim=6
[FT] avgMs=17 worstMs=57 gameMs=5 drawMs=11 swapWait=0ms draws=172 decodes=0 decMs=0
[OTS] f=67080 calls=2 n0=2492 n1=288 prims=85845 bb=160,1120,0,694
[OTT] walkUs=3759 texUs=192 emitUs=1126 submitUs=403 otherUs=2037 prims=591 usPerPrim=6
[SH-XBOX] vblank 67200
[MEM] tick: free=3820KB (955 pages)
[FT] avgMs=16 worstMs=51 gameMs=5 drawMs=11 swapWait=0ms draws=171 decodes=0 decMs=0
[OTS] f=67200 calls=2 n0=2492 n1=288 prims=85783 bb=160,1120,0,694
[OTT] walkUs=3909 texUs=190 emitUs=1127 submitUs=472 otherUs=2118 prims=591 usPerPrim=6
[FT] avgMs=17 worstMs=60 gameMs=5 drawMs=11 swapWait=0ms draws=172 decodes=0 decMs=0
[OTS] f=67320 calls=2 n0=2499 n1=288 prims=85807 bb=160,1120,0,694
[OTT] walkUs=3983 texUs=193 emitUs=1160 submitUs=381 otherUs=2247 prims=598 usPerPrim=6
[FT] avgMs=16 worstMs=48 gameMs=5 drawMs=11 swapWait=0ms draws=172 decodes=0 decMs=0
[OTS] f=67440 calls=2 n0=2493 n1=288 prims=85792 bb=160,1120,0,694
[OTT] walkUs=3831 texUs=192 emitUs=1132 submitUs=671 otherUs=1835 prims=592 usPerPrim=6
[FT] avgMs=16 worstMs=54 gameMs=6 drawMs=10 swapWait=0ms draws=172 decodes=0 decMs=0
[OTS] f=67560 calls=2 n0=2492 n1=288 prims=85654 bb=160,1120,0,694
[OTT] walkUs=3955 texUs=190 emitUs=1128 submitUs=481 otherUs=2154 prims=591 usPerPrim=6
[FT] avgMs=16 worstMs=49 gameMs=6 drawMs=10 swapWait=0ms draws=172 decodes=0 decMs=0
[OTS] f=67680 calls=2 n0=2486 n1=288 prims=86040 bb=160,1120,0,694
[OTT] walkUs=4016 texUs=188 emitUs=1118 submitUs=526 otherUs=2182 prims=585 usPerPrim=6
[SH-XBOX] vblank 67800
[MEM] tick: free=3820KB (955 pages)
[FT] avgMs=17 worstMs=57 gameMs=6 drawMs=10 swapWait=0ms draws=172 decodes=0 decMs=0
[OTS] f=67800 calls=2 n0=2504 n1=288 prims=85575 bb=160,1120,0,694
[OTT] walkUs=4077 texUs=196 emitUs=1161 submitUs=423 otherUs=2296 prims=603 usPerPrim=6
[FT] avgMs=16 worstMs=46 gameMs=6 drawMs=10 swapWait=0ms draws=172 decodes=0 decMs=0
[OTS] f=67920 calls=2 n0=2501 n1=288 prims=85937 bb=160,1120,0,694
[OTT] walkUs=4234 texUs=194 emitUs=1152 submitUs=414 otherUs=2473 prims=600 usPerPrim=7
[FT] avgMs=17 worstMs=56 gameMs=6 drawMs=10 swapWait=0ms draws=172 decodes=0 decMs=0
[OTS] f=68040 calls=2 n0=2488 n1=288 prims=85647 bb=160,1120,0,694
[OTT] walkUs=4257 texUs=190 emitUs=1117 submitUs=404 otherUs=2544 prims=587 usPerPrim=7
[FT] avgMs=17 worstMs=58 gameMs=5 drawMs=11 swapWait=0ms draws=171 decodes=0 decMs=0
[OTS] f=68160 calls=2 n0=2494 n1=288 prims=85915 bb=160,1120,0,694
[OTT] walkUs=3760 texUs=191 emitUs=1131 submitUs=422 otherUs=2014 prims=593 usPerPrim=6
[FT] avgMs=17 worstMs=58 gameMs=6 drawMs=10 swapWait=0ms draws=172 decodes=0 decMs=0
[OTS] f=68280 calls=2 n0=2494 n1=288 prims=85546 bb=160,1120,0,694
[OTT] walkUs=3679 texUs=193 emitUs=1130 submitUs=502 otherUs=1852 prims=593 usPerPrim=6
[SH-XBOX] vblank 68400
[MEM] tick: free=3820KB (955 pages)
[FT] avgMs=16 worstMs=46 gameMs=6 drawMs=10 swapWait=0ms draws=172 decodes=0 decMs=0
[OTS] f=68400 calls=2 n0=2495 n1=288 prims=85973 bb=160,1120,0,694
[OTT] walkUs=3757 texUs=192 emitUs=1136 submitUs=398 otherUs=2030 prims=594 usPerPrim=6
[FT] avgMs=16 worstMs=53 gameMs=6 drawMs=10 swapWait=0ms draws=172 decodes=0 decMs=0
[OTS] f=68520 calls=2 n0=2483 n1=288 prims=85772 bb=160,1120,0,694
[OTT] walkUs=3815 texUs=188 emitUs=1110 submitUs=521 otherUs=1995 prims=582 usPerPrim=6
[FT] avgMs=16 worstMs=50 gameMs=6 drawMs=10 swapWait=0ms draws=172 decodes=0 decMs=0
[OTS] f=68640 calls=2 n0=2489 n1=288 prims=85836 bb=160,1120,0,694
[OTT] walkUs=3816 texUs=189 emitUs=1123 submitUs=707 otherUs=1795 prims=588 usPerPrim=6
[FT] avgMs=17 worstMs=59 gameMs=6 drawMs=10 swapWait=0ms draws=172 decodes=0 decMs=0
[OTS] f=68760 calls=2 n0=2484 n1=288 prims=85785 bb=160,1120,0,694
[OTT] walkUs=3775 texUs=188 emitUs=1113 submitUs=394 otherUs=2079 prims=583 usPerPrim=6
[FT] avgMs=17 worstMs=71 gameMs=6 drawMs=10 swapWait=0ms draws=172 decodes=0 decMs=0
[OTS] f=68880 calls=2 n0=2485 n1=288 prims=85879 bb=160,1120,0,694
[OTT] walkUs=3992 texUs=189 emitUs=1118 submitUs=688 otherUs=1996 prims=584 usPerPrim=6
[SH-XBOX] vblank 69000
[MEM] tick: free=3820KB (955 pages)
[FT] avgMs=16 worstMs=46 gameMs=6 drawMs=10 swapWait=0ms draws=171 decodes=0 decMs=0
[OTS] f=69000 calls=2 n0=2491 n1=288 prims=85739 bb=160,1120,0,694
[OTT] walkUs=3776 texUs=193 emitUs=1125 submitUs=535 otherUs=1920 prims=590 usPerPrim=6
[FT] avgMs=17 worstMs=56 gameMs=6 drawMs=10 swapWait=0ms draws=172 decodes=0 decMs=0
[OTS] f=69120 calls=2 n0=2490 n1=288 prims=85843 bb=160,1120,0,694
[OTT] walkUs=3953 texUs=191 emitUs=1126 submitUs=423 otherUs=2211 prims=589 usPerPrim=6
[FT] avgMs=16 worstMs=56 gameMs=7 drawMs=9 swapWait=0ms draws=172 decodes=0 decMs=0
[OTS] f=69240 calls=2 n0=2487 n1=288 prims=85776 bb=160,1120,0,694
[OTT] walkUs=4032 texUs=190 emitUs=1112 submitUs=493 otherUs=2236 prims=586 usPerPrim=6
[FT] avgMs=16 worstMs=53 gameMs=6 drawMs=10 swapWait=0ms draws=172 decodes=0 decMs=0
[OTS] f=69360 calls=2 n0=2495 n1=288 prims=85724 bb=160,1120,0,694
[OTT] walkUs=3868 texUs=192 emitUs=1135 submitUs=654 otherUs=1885 prims=594 usPerPrim=6
[FT] avgMs=16 worstMs=49 gameMs=6 drawMs=10 swapWait=0ms draws=172 decodes=0 decMs=0
[OTS] f=69480 calls=2 n0=2493 n1=288 prims=85916 bb=160,1120,0,694
[OTT] walkUs=4079 texUs=195 emitUs=1130 submitUs=394 otherUs=2358 prims=592 usPerPrim=6
[SH-XBOX] vblank 69600
[MEM] tick: free=3820KB (955 pages)
[FT] avgMs=16 worstMs=55 gameMs=6 drawMs=10 swapWait=0ms draws=172 decodes=0 decMs=0
[OTS] f=69600 calls=2 n0=2487 n1=288 prims=85753 bb=160,1120,0,694
[OTT] walkUs=4028 texUs=189 emitUs=1119 submitUs=517 otherUs=2201 prims=586 usPerPrim=6
[FT] avgMs=16 worstMs=52 gameMs=6 drawMs=10 swapWait=0ms draws=172 decodes=0 decMs=0
[OTS] f=69720 calls=2 n0=2499 n1=288 prims=85947 bb=160,1120,0,694
[OTT] walkUs=4051 texUs=197 emitUs=1142 submitUs=658 otherUs=2053 prims=598 usPerPrim=6
[FT] avgMs=16 worstMs=47 gameMs=6 drawMs=10 swapWait=0ms draws=172 decodes=0 decMs=0
[OTS] f=69840 calls=2 n0=2500 n1=288 prims=85573 bb=160,1120,0,694
[OTT] walkUs=4032 texUs=193 emitUs=1144 submitUs=410 otherUs=2283 prims=599 usPerPrim=6
[FT] avgMs=16 worstMs=54 gameMs=6 drawMs=10 swapWait=0ms draws=171 decodes=0 decMs=0
[OTS] f=69960 calls=2 n0=2491 n1=288 prims=85966 bb=160,1120,0,694
[OTT] walkUs=3968 texUs=191 emitUs=1131 submitUs=589 otherUs=2055 prims=590 usPerPrim=6
[FT] avgMs=16 worstMs=50 gameMs=6 drawMs=10 swapWait=0ms draws=172 decodes=0 decMs=0
[OTS] f=70080 calls=2 n0=2490 n1=288 prims=85565 bb=160,1120,0,694
[OTT] walkUs=4188 texUs=191 emitUs=1123 submitUs=567 otherUs=2306 prims=589 usPerPrim=7
[SH-XBOX] vblank 70200
[MEM] tick: free=3820KB (955 pages)
[FT] avgMs=17 worstMs=57 gameMs=6 drawMs=10 swapWait=0ms draws=172 decodes=0 decMs=0
[OTS] f=70200 calls=2 n0=2496 n1=288 prims=85975 bb=160,1120,0,694
[OTT] walkUs=3831 texUs=195 emitUs=1140 submitUs=388 otherUs=2106 prims=595 usPerPrim=6
[FT] avgMs=16 worstMs=46 gameMs=6 drawMs=10 swapWait=1ms draws=172 decodes=0 decMs=0
[OTS] f=70320 calls=2 n0=2491 n1=288 prims=85714 bb=160,1120,0,694
[OTT] walkUs=3721 texUs=190 emitUs=1135 submitUs=435 otherUs=1960 prims=590 usPerPrim=6
[FT] avgMs=16 worstMs=54 gameMs=6 drawMs=10 swapWait=0ms draws=171 decodes=0 decMs=0
[OTS] f=70440 calls=2 n0=2489 n1=288 prims=85858 bb=160,1120,0,694
[OTT] walkUs=3833 texUs=192 emitUs=1127 submitUs=379 otherUs=2133 prims=588 usPerPrim=6
[FT] avgMs=16 worstMs=48 gameMs=6 drawMs=10 swapWait=0ms draws=172 decodes=0 decMs=0
[OTS] f=70560 calls=2 n0=2491 n1=288 prims=85779 bb=160,1120,0,694
[OTT] walkUs=4207 texUs=191 emitUs=1129 submitUs=429 otherUs=2458 prims=590 usPerPrim=7
[FT] avgMs=17 worstMs=58 gameMs=6 drawMs=10 swapWait=1ms draws=172 decodes=0 decMs=0
[OTS] f=70680 calls=2 n0=2483 n1=288 prims=85892 bb=160,1120,0,694
[OTT] walkUs=3793 texUs=191 emitUs=1102 submitUs=557 otherUs=1942 prims=582 usPerPrim=6
[SH-XBOX] vblank 70800
[MEM] tick: free=3820KB (955 pages)
[FT] avgMs=16 worstMs=46 gameMs=6 drawMs=10 swapWait=0ms draws=172 decodes=0 decMs=0
[OTS] f=70800 calls=2 n0=2480 n1=288 prims=85744 bb=160,1120,0,694
[OTT] walkUs=3786 texUs=189 emitUs=1102 submitUs=453 otherUs=2042 prims=579 usPerPrim=6
[FT] avgMs=16 worstMs=53 gameMs=6 drawMs=10 swapWait=0ms draws=172 decodes=0 decMs=0
[OTS] f=70920 calls=2 n0=2494 n1=288 prims=85717 bb=160,1120,0,694
[OTT] walkUs=3974 texUs=192 emitUs=1138 submitUs=411 otherUs=2231 prims=593 usPerPrim=6
[FT] avgMs=16 worstMs=49 gameMs=6 drawMs=10 swapWait=0ms draws=172 decodes=0 decMs=0
[OTS] f=71040 calls=2 n0=2492 n1=288 prims=85869 bb=160,1120,0,694
[OTT] walkUs=3829 texUs=191 emitUs=1127 submitUs=399 otherUs=2110 prims=591 usPerPrim=6
[FT] avgMs=17 worstMs=58 gameMs=6 drawMs=10 swapWait=0ms draws=172 decodes=0 decMs=0
[OTS] f=71160 calls=2 n0=2497 n1=288 prims=85830 bb=160,1120,0,694
[OTT] walkUs=3805 texUs=199 emitUs=1135 submitUs=561 otherUs=1908 prims=596 usPerPrim=6
[FT] avgMs=16 worstMs=46 gameMs=6 drawMs=10 swapWait=0ms draws=172 decodes=0 decMs=0
[OTS] f=71280 calls=2 n0=2496 n1=288 prims=85762 bb=160,1120,0,694
[OTT] walkUs=3930 texUs=192 emitUs=1141 submitUs=388 otherUs=2207 prims=595 usPerPrim=6
[SH-XBOX] vblank 71400
[MEM] tick: free=3820KB (955 pages)
[FT] avgMs=16 worstMs=53 gameMs=6 drawMs=10 swapWait=0ms draws=172 decodes=0 decMs=0
[OTS] f=71400 calls=2 n0=2493 n1=288 prims=85690 bb=160,1120,0,694
[OTT] walkUs=3892 texUs=192 emitUs=1142 submitUs=651 otherUs=1906 prims=592 usPerPrim=6
[FT] avgMs=16 worstMs=49 gameMs=6 drawMs=10 swapWait=1ms draws=172 decodes=0 decMs=0
[OTS] f=71520 calls=2 n0=2484 n1=288 prims=85945 bb=160,1120,0,694
[OTT] walkUs=3964 texUs=190 emitUs=1117 submitUs=444 otherUs=2211 prims=583 usPerPrim=6
[FT] avgMs=17 worstMs=59 gameMs=5 drawMs=11 swapWait=0ms draws=172 decodes=0 decMs=0
[OTS] f=71640 calls=2 n0=2504 n1=288 prims=85681 bb=160,1120,0,694
[OTT] walkUs=4144 texUs=196 emitUs=1158 submitUs=561 otherUs=2228 prims=603 usPerPrim=6
[FT] avgMs=16 worstMs=46 gameMs=5 drawMs=11 swapWait=0ms draws=172 decodes=0 decMs=0
[OTS] f=71760 calls=2 n0=2500 n1=288 prims=85955 bb=160,1120,0,694
[OTT] walkUs=4028 texUs=194 emitUs=1150 submitUs=572 otherUs=2111 prims=599 usPerPrim=6
[FT] avgMs=17 worstMs=56 gameMs=5 drawMs=11 swapWait=1ms draws=171 decodes=0 decMs=0
[OTS] f=71880 calls=2 n0=2491 n1=288 prims=85501 bb=160,1120,0,694
[OTT] walkUs=4029 texUs=190 emitUs=1128 submitUs=416 otherUs=2294 prims=590 usPerPrim=6
[SH-XBOX] vblank 72000
[MEM] tick: free=3820KB (955 pages)
[FT] avgMs=17 worstMs=57 gameMs=5 drawMs=11 swapWait=0ms draws=172 decodes=0 decMs=0
[OTS] f=72000 calls=2 n0=2494 n1=288 prims=86011 bb=160,1120,0,694
[OTT] walkUs=4213 texUs=191 emitUs=1142 submitUs=464 otherUs=2414 prims=593 usPerPrim=7
[FT] avgMs=17 worstMs=59 gameMs=5 drawMs=11 swapWait=0ms draws=172 decodes=0 decMs=0
[OTS] f=72120 calls=2 n0=2496 n1=288 prims=85685 bb=160,1120,0,694
[OTT] walkUs=4293 texUs=193 emitUs=1146 submitUs=684 otherUs=2269 prims=595 usPerPrim=7
[FT] avgMs=16 worstMs=47 gameMs=5 drawMs=11 swapWait=0ms draws=172 decodes=0 decMs=0
[OTS] f=72240 calls=2 n0=2495 n1=288 prims=85990 bb=160,1120,0,694
[OTT] walkUs=4083 texUs=192 emitUs=1135 submitUs=476 otherUs=2279 prims=594 usPerPrim=6
[FT] avgMs=17 worstMs=55 gameMs=5 drawMs=11 swapWait=0ms draws=172 decodes=0 decMs=0
[OTS] f=72360 calls=2 n0=2481 n1=288 prims=85667 bb=160,1120,0,694
[OTT] walkUs=3792 texUs=189 emitUs=1102 submitUs=424 otherUs=2077 prims=580 usPerPrim=6
[FT] avgMs=17 worstMs=56 gameMs=6 drawMs=10 swapWait=0ms draws=172 decodes=0 decMs=0
[OTS] f=72480 calls=2 n0=2488 n1=288 prims=85924 bb=160,1120,0,694
[OTT] walkUs=3642 texUs=192 emitUs=1125 submitUs=431 otherUs=1893 prims=587 usPerPrim=6
[SH-XBOX] vblank 72600
[MEM] tick: free=3820KB (955 pages)
[FT] avgMs=16 worstMs=56 gameMs=6 drawMs=10 swapWait=0ms draws=172 decodes=0 decMs=0
[OTS] f=72600 calls=2 n0=2485 n1=288 prims=85802 bb=160,1120,0,694
[OTT] walkUs=3997 texUs=188 emitUs=1114 submitUs=481 otherUs=2212 prims=584 usPerPrim=6
[FT] avgMs=16 worstMs=51 gameMs=6 drawMs=10 swapWait=0ms draws=172 decodes=0 decMs=0
[OTS] f=72720 calls=2 n0=2487 n1=288 prims=85766 bb=160,1120,0,694
[OTT] walkUs=3823 texUs=189 emitUs=1117 submitUs=402 otherUs=2113 prims=586 usPerPrim=6
[FT] avgMs=16 worstMs=47 gameMs=6 drawMs=10 swapWait=0ms draws=172 decodes=0 decMs=0
[OTS] f=72840 calls=2 n0=2491 n1=288 prims=85816 bb=160,1120,0,694
[OTT] walkUs=3906 texUs=190 emitUs=1128 submitUs=432 otherUs=2154 prims=590 usPerPrim=6
[FT] avgMs=16 worstMs=56 gameMs=5 drawMs=11 swapWait=1ms draws=172 decodes=0 decMs=0
[OTS] f=72960 calls=2 n0=2489 n1=288 prims=85875 bb=160,1120,0,694
[OTT] walkUs=3866 texUs=189 emitUs=1122 submitUs=624 otherUs=1929 prims=588 usPerPrim=6
[FT] avgMs=16 worstMs=52 gameMs=5 drawMs=11 swapWait=0ms draws=172 decodes=0 decMs=0
[OTS] f=73080 calls=2 n0=2489 n1=288 prims=85766 bb=160,1120,0,694
[OTT] walkUs=3802 texUs=190 emitUs=1124 submitUs=431 otherUs=2056 prims=588 usPerPrim=6
[SH-XBOX] vblank 73200
[MEM] tick: free=3820KB (955 pages)
[FT] avgMs=16 worstMs=44 gameMs=6 drawMs=10 swapWait=0ms draws=172 decodes=0 decMs=0
[OTS] f=73200 calls=2 n0=2496 n1=288 prims=85740 bb=160,1120,0,694
[OTT] walkUs=4051 texUs=193 emitUs=1147 submitUs=437 otherUs=2273 prims=595 usPerPrim=6
[FT] avgMs=16 worstMs=52 gameMs=6 drawMs=10 swapWait=0ms draws=172 decodes=0 decMs=0
[OTS] f=73320 calls=2 n0=2491 n1=288 prims=85820 bb=160,1120,0,694
[OTT] walkUs=3788 texUs=195 emitUs=1124 submitUs=454 otherUs=2014 prims=590 usPerPrim=6
[FT] avgMs=16 worstMs=48 gameMs=6 drawMs=10 swapWait=0ms draws=172 decodes=0 decMs=0
[OTS] f=73440 calls=2 n0=2487 n1=288 prims=85731 bb=160,1120,0,694
[OTT] walkUs=3937 texUs=188 emitUs=1117 submitUs=513 otherUs=2118 prims=586 usPerPrim=6
[FT] avgMs=17 worstMs=57 gameMs=6 drawMs=10 swapWait=0ms draws=171 decodes=0 decMs=0
[OTS] f=73560 calls=2 n0=2501 n1=288 prims=85875 bb=160,1120,0,694
[OTT] walkUs=4072 texUs=194 emitUs=1150 submitUs=594 otherUs=2132 prims=600 usPerPrim=6
[FT] avgMs=17 worstMs=58 gameMs=6 drawMs=10 swapWait=0ms draws=172 decodes=0 decMs=0
[OTS] f=73680 calls=2 n0=2501 n1=288 prims=85622 bb=160,1120,0,694
[OTT] walkUs=4069 texUs=194 emitUs=1155 submitUs=417 otherUs=2301 prims=600 usPerPrim=6
[SH-XBOX] vblank 73800
[MEM] tick: free=3820KB (955 pages)
[FT] avgMs=16 worstMs=45 gameMs=6 drawMs=10 swapWait=0ms draws=171 decodes=0 decMs=0
[OTS] f=73800 calls=2 n0=2488 n1=288 prims=85962 bb=160,1120,0,694
[OTT] walkUs=4093 texUs=191 emitUs=1118 submitUs=409 otherUs=2373 prims=587 usPerPrim=6
[FT] avgMs=16 worstMs=54 gameMs=6 drawMs=10 swapWait=0ms draws=172 decodes=0 decMs=0
[OTS] f=73920 calls=2 n0=2492 n1=288 prims=85600 bb=160,1120,0,694
[OTT] walkUs=4083 texUs=192 emitUs=1129 submitUs=446 otherUs=2314 prims=591 usPerPrim=6
[FT] avgMs=16 worstMs=51 gameMs=6 drawMs=10 swapWait=0ms draws=172 decodes=0 decMs=0
[OTS] f=74040 calls=2 n0=2496 n1=288 prims=85983 bb=160,1120,0,694
[OTT] walkUs=4026 texUs=193 emitUs=1146 submitUs=580 otherUs=2106 prims=595 usPerPrim=6
[FT] avgMs=17 worstMs=57 gameMs=7 drawMs=9 swapWait=0ms draws=172 decodes=0 decMs=0
[OTS] f=74160 calls=2 n0=2488 n1=288 prims=85594 bb=160,1120,0,694
[OTT] walkUs=3918 texUs=190 emitUs=1118 submitUs=441 otherUs=2167 prims=587 usPerPrim=6
[FT] avgMs=16 worstMs=48 gameMs=5 drawMs=11 swapWait=1ms draws=172 decodes=0 decMs=0
[OTS] f=74280 calls=2 n0=2488 n1=288 prims=85966 bb=160,1120,0,694
[OTT] walkUs=4120 texUs=193 emitUs=1121 submitUs=382 otherUs=2423 prims=587 usPerPrim=7
[SH-XBOX] vblank 74400
[MEM] tick: free=3820KB (955 pages)
[FT] avgMs=16 worstMs=56 gameMs=6 drawMs=10 swapWait=1ms draws=172 decodes=0 decMs=0
[OTS] f=74400 calls=2 n0=2491 n1=288 prims=85803 bb=160,1120,0,694
[OTT] walkUs=3920 texUs=190 emitUs=1131 submitUs=403 otherUs=2194 prims=590 usPerPrim=6
[FT] avgMs=16 worstMs=50 gameMs=6 drawMs=10 swapWait=0ms draws=172 decodes=0 decMs=0
[OTS] f=74520 calls=2 n0=2486 n1=288 prims=85806 bb=160,1120,0,694
[OTT] walkUs=3782 texUs=190 emitUs=1119 submitUs=391 otherUs=2080 prims=585 usPerPrim=6
[FT] avgMs=17 worstMs=59 gameMs=6 drawMs=10 swapWait=0ms draws=172 decodes=0 decMs=0
[OTS] f=74640 calls=2 n0=2480 n1=288 prims=85798 bb=160,1120,0,694
[OTT] walkUs=4049 texUs=191 emitUs=1099 submitUs=459 otherUs=2298 prims=579 usPerPrim=6
[FT] avgMs=16 worstMs=52 gameMs=6 drawMs=10 swapWait=1ms draws=172 decodes=0 decMs=0
[OTS] f=74760 calls=2 n0=2493 n1=288 prims=85876 bb=160,1120,0,694
[OTT] walkUs=3776 texUs=191 emitUs=1133 submitUs=454 otherUs=1996 prims=592 usPerPrim=6
[FT] avgMs=16 worstMs=55 gameMs=6 drawMs=10 swapWait=0ms draws=172 decodes=0 decMs=0
[OTS] f=74880 calls=2 n0=2492 n1=288 prims=85872 bb=160,1120,0,694
[OTT] walkUs=3775 texUs=192 emitUs=1133 submitUs=507 otherUs=1941 prims=591 usPerPrim=6
[SH-XBOX] vblank 75000
[MEM] tick: free=3820KB (955 pages)
[FT] avgMs=16 worstMs=51 gameMs=6 drawMs=10 swapWait=1ms draws=172 decodes=0 decMs=0
[OTS] f=75000 calls=2 n0=2496 n1=288 prims=85711 bb=160,1120,0,694
[OTT] walkUs=4028 texUs=193 emitUs=1137 submitUs=387 otherUs=2310 prims=595 usPerPrim=6
[FT] avgMs=17 worstMs=57 gameMs=6 drawMs=10 swapWait=0ms draws=172 decodes=0 decMs=0
[OTS] f=75120 calls=2 n0=2495 n1=288 prims=85858 bb=160,1120,0,694
[OTT] walkUs=3813 texUs=194 emitUs=1135 submitUs=424 otherUs=2059 prims=594 usPerPrim=6
[FT] avgMs=16 worstMs=48 gameMs=6 drawMs=10 swapWait=0ms draws=172 decodes=0 decMs=0
[OTS] f=75240 calls=2 n0=2493 n1=288 prims=85720 bb=160,1120,0,694
[OTT] walkUs=3998 texUs=194 emitUs=1134 submitUs=397 otherUs=2272 prims=592 usPerPrim=6
[FT] avgMs=16 worstMs=55 gameMs=6 drawMs=10 swapWait=0ms draws=172 decodes=0 decMs=0
[OTS] f=75360 calls=2 n0=2486 n1=288 prims=85880 bb=160,1120,0,694
[OTT] walkUs=3935 texUs=188 emitUs=1124 submitUs=417 otherUs=2204 prims=585 usPerPrim=6
[FT] avgMs=16 worstMs=49 gameMs=6 drawMs=10 swapWait=0ms draws=172 decodes=0 decMs=0
[OTS] f=75480 calls=2 n0=2504 n1=288 prims=85703 bb=160,1120,0,694
[OTT] walkUs=3788 texUs=199 emitUs=1155 submitUs=459 otherUs=1974 prims=603 usPerPrim=6
[SH-XBOX] vblank 75600
[MEM] tick: free=3820KB (955 pages)
[FT] avgMs=17 worstMs=58 gameMs=6 drawMs=10 swapWait=1ms draws=172 decodes=0 decMs=0
[OTS] f=75600 calls=2 n0=2497 n1=288 prims=85922 bb=160,1120,0,694
[OTT] walkUs=3994 texUs=194 emitUs=1141 submitUs=412 otherUs=2246 prims=596 usPerPrim=6
[FT] avgMs=16 worstMs=51 gameMs=6 drawMs=10 swapWait=0ms draws=171 decodes=0 decMs=0
[OTS] f=75720 calls=2 n0=2491 n1=288 prims=85556 bb=160,1120,0,694
[OTT] walkUs=4094 texUs=191 emitUs=1134 submitUs=477 otherUs=2291 prims=590 usPerPrim=6
[FT] avgMs=16 worstMs=54 gameMs=6 drawMs=10 swapWait=0ms draws=172 decodes=0 decMs=0
[OTS] f=75840 calls=2 n0=2494 n1=288 prims=86023 bb=160,1120,0,694
[OTT] walkUs=3969 texUs=191 emitUs=1137 submitUs=416 otherUs=2223 prims=593 usPerPrim=6
[FT] avgMs=16 worstMs=51 gameMs=6 drawMs=10 swapWait=1ms draws=172 decodes=0 decMs=0
[OTS] f=75960 calls=2 n0=2495 n1=288 prims=85552 bb=160,1120,0,694
[OTT] walkUs=4117 texUs=193 emitUs=1136 submitUs=469 otherUs=2317 prims=594 usPerPrim=6
[FT] avgMs=17 worstMs=59 gameMs=6 drawMs=10 swapWait=0ms draws=172 decodes=0 decMs=0
[OTS] f=76080 calls=2 n0=2495 n1=288 prims=85983 bb=160,1120,0,694
[OTT] walkUs=4130 texUs=192 emitUs=1140 submitUs=572 otherUs=2224 prims=594 usPerPrim=6
[SH-XBOX] vblank 76200
[MEM] tick: free=3820KB (955 pages)
[FT] avgMs=16 worstMs=47 gameMs=6 drawMs=10 swapWait=0ms draws=172 decodes=0 decMs=0
[OTS] f=76200 calls=2 n0=2483 n1=288 prims=85626 bb=160,1120,0,694
[OTT] walkUs=4027 texUs=190 emitUs=1108 submitUs=584 otherUs=2144 prims=582 usPerPrim=6
[FT] avgMs=16 worstMs=54 gameMs=6 drawMs=10 swapWait=0ms draws=172 decodes=0 decMs=0
[OTS] f=76320 calls=2 n0=2489 n1=288 prims=85977 bb=160,1120,0,694
[OTT] walkUs=4178 texUs=189 emitUs=1124 submitUs=432 otherUs=2431 prims=588 usPerPrim=7
[FT] avgMs=16 worstMs=49 gameMs=6 drawMs=10 swapWait=0ms draws=172 decodes=0 decMs=0
[OTS] f=76440 calls=2 n0=2483 n1=288 prims=85744 bb=160,1120,0,694
[OTT] walkUs=4097 texUs=197 emitUs=1108 submitUs=392 otherUs=2397 prims=582 usPerPrim=7
[FT] avgMs=17 worstMs=59 gameMs=5 drawMs=11 swapWait=0ms draws=172 decodes=0 decMs=0
[OTS] f=76560 calls=2 n0=2487 n1=288 prims=85849 bb=160,1120,0,694
[OTT] walkUs=3967 texUs=188 emitUs=1117 submitUs=578 otherUs=2082 prims=586 usPerPrim=6
[FT] avgMs=17 worstMs=78 gameMs=5 drawMs=11 swapWait=0ms draws=172 decodes=0 decMs=0
[OTS] f=76680 calls=2 n0=2491 n1=288 prims=85825 bb=160,1120,0,694
[OTT] walkUs=3652 texUs=190 emitUs=1125 submitUs=561 otherUs=1774 prims=590 usPerPrim=6
[SH-XBOX] vblank 76800
[MEM] tick: free=3820KB (955 pages)
[FT] avgMs=17 worstMs=57 gameMs=5 drawMs=11 swapWait=0ms draws=172 decodes=0 decMs=0
[OTS] f=76800 calls=2 n0=2488 n1=288 prims=85712 bb=160,1120,0,694
[OTT] walkUs=3893 texUs=191 emitUs=1120 submitUs=490 otherUs=2091 prims=587 usPerPrim=6
[FT] avgMs=16 worstMs=51 gameMs=5 drawMs=11 swapWait=0ms draws=172 decodes=0 decMs=0
[OTS] f=76920 calls=2 n0=2489 n1=288 prims=85875 bb=160,1120,0,694
[OTT] walkUs=3830 texUs=192 emitUs=1124 submitUs=496 otherUs=2016 prims=588 usPerPrim=6
[FT] avgMs=17 worstMs=59 gameMs=5 drawMs=11 swapWait=0ms draws=172 decodes=0 decMs=0
[OTS] f=77040 calls=2 n0=2497 n1=288 prims=85761 bb=160,1120,0,694
[OTT] walkUs=4140 texUs=193 emitUs=1143 submitUs=451 otherUs=2352 prims=596 usPerPrim=6
[FT] avgMs=16 worstMs=48 gameMs=5 drawMs=11 swapWait=0ms draws=172 decodes=0 decMs=0
[OTS] f=77160 calls=2 n0=2493 n1=288 prims=85777 bb=160,1120,0,694
[OTT] walkUs=3788 texUs=191 emitUs=1129 submitUs=407 otherUs=2059 prims=592 usPerPrim=6
[FT] avgMs=17 worstMs=56 gameMs=5 drawMs=11 swapWait=0ms draws=172 decodes=0 decMs=0
[OTS] f=77280 calls=2 n0=2487 n1=288 prims=85764 bb=160,1120,0,694
[OTT] walkUs=3647 texUs=189 emitUs=1117 submitUs=629 otherUs=1711 prims=586 usPerPrim=6
[SH-XBOX] vblank 77400
[MEM] tick: free=3820KB (955 pages)
[FT] avgMs=17 worstMs=56 gameMs=6 drawMs=10 swapWait=0ms draws=172 decodes=0 decMs=0
[OTS] f=77400 calls=2 n0=2500 n1=288 prims=86001 bb=160,1120,0,694
[OTT] walkUs=4098 texUs=193 emitUs=1151 submitUs=537 otherUs=2215 prims=599 usPerPrim=6
[FT] avgMs=17 worstMs=57 gameMs=6 drawMs=10 swapWait=0ms draws=172 decodes=0 decMs=0
[OTS] f=77520 calls=2 n0=2501 n1=288 prims=85641 bb=160,1120,0,694
[OTT] walkUs=3926 texUs=195 emitUs=1154 submitUs=410 otherUs=2166 prims=600 usPerPrim=6
[FT] avgMs=16 worstMs=47 gameMs=6 drawMs=10 swapWait=0ms draws=171 decodes=0 decMs=0
[OTS] f=77640 calls=2 n0=2491 n1=288 prims=85843 bb=160,1120,0,694
[OTT] walkUs=4102 texUs=190 emitUs=1128 submitUs=629 otherUs=2153 prims=590 usPerPrim=6
[FT] avgMs=16 worstMs=55 gameMs=6 drawMs=10 swapWait=0ms draws=172 decodes=0 decMs=0
[OTS] f=77760 calls=2 n0=2492 n1=288 prims=85685 bb=160,1120,0,694
[OTT] walkUs=4108 texUs=192 emitUs=1127 submitUs=401 otherUs=2388 prims=591 usPerPrim=6
[FT] avgMs=16 worstMs=50 gameMs=5 drawMs=11 swapWait=0ms draws=172 decodes=0 decMs=0
[OTS] f=77880 calls=2 n0=2495 n1=288 prims=85990 bb=160,1120,0,694
[OTT] walkUs=3960 texUs=191 emitUs=1134 submitUs=402 otherUs=2231 prims=594 usPerPrim=6
[SH-XBOX] vblank 78000
[MEM] tick: free=3820KB (955 pages)
[FT] avgMs=17 worstMs=59 gameMs=6 drawMs=10 swapWait=0ms draws=172 decodes=0 decMs=0
[OTS] f=78000 calls=2 n0=2490 n1=288 prims=85573 bb=160,1120,0,694
[OTT] walkUs=4186 texUs=190 emitUs=1139 submitUs=413 otherUs=2441 prims=589 usPerPrim=7
[FT] avgMs=16 worstMs=46 gameMs=6 drawMs=10 swapWait=0ms draws=172 decodes=0 decMs=0
[OTS] f=78120 calls=2 n0=2489 n1=288 prims=85991 bb=160,1120,0,694
[OTT] walkUs=4233 texUs=191 emitUs=1126 submitUs=386 otherUs=2528 prims=588 usPerPrim=7
[FT] avgMs=16 worstMs=53 gameMs=6 drawMs=10 swapWait=0ms draws=172 decodes=0 decMs=0
[OTS] f=78240 calls=2 n0=2489 n1=288 prims=85723 bb=160,1120,0,694
[OTT] walkUs=4051 texUs=190 emitUs=1120 submitUs=403 otherUs=2336 prims=588 usPerPrim=6
[FT] avgMs=16 worstMs=49 gameMs=6 drawMs=10 swapWait=0ms draws=172 decodes=0 decMs=0
[OTS] f=78360 calls=2 n0=2486 n1=288 prims=85896 bb=160,1120,0,694
[OTT] walkUs=3763 texUs=188 emitUs=1120 submitUs=390 otherUs=2063 prims=585 usPerPrim=6
[FT] avgMs=17 worstMs=58 gameMs=6 drawMs=11 swapWait=0ms draws=172 decodes=0 decMs=0
[OTS] f=78480 calls=2 n0=2480 n1=288 prims=85798 bb=160,1120,0,694
[OTT] walkUs=4289 texUs=186 emitUs=1099 submitUs=397 otherUs=2605 prims=579 usPerPrim=7
[SH-XBOX] vblank 78600
[MEM] tick: free=3820KB (955 pages)
[FT] avgMs=16 worstMs=46 gameMs=6 drawMs=10 swapWait=0ms draws=172 decodes=0 decMs=0
[OTS] f=78600 calls=2 n0=2494 n1=288 prims=85738 bb=160,1120,0,694
[OTT] walkUs=3738 texUs=195 emitUs=1134 submitUs=408 otherUs=1998 prims=593 usPerPrim=6
[FT] avgMs=16 worstMs=53 gameMs=6 drawMs=10 swapWait=0ms draws=172 decodes=0 decMs=0
[OTS] f=78720 calls=2 n0=2491 n1=288 prims=85890 bb=160,1120,0,694
[OTT] walkUs=3962 texUs=191 emitUs=1133 submitUs=388 otherUs=2249 prims=590 usPerPrim=6
[FT] avgMs=16 worstMs=49 gameMs=6 drawMs=10 swapWait=0ms draws=172 decodes=0 decMs=0
[OTS] f=78840 calls=2 n0=2498 n1=288 prims=85706 bb=160,1120,0,694
[OTT] walkUs=3888 texUs=193 emitUs=1143 submitUs=460 otherUs=2090 prims=597 usPerPrim=6
[FT] avgMs=17 worstMs=58 gameMs=7 drawMs=10 swapWait=0ms draws=172 decodes=0 decMs=0
[OTS] f=78960 calls=2 n0=2495 n1=288 prims=85878 bb=160,1120,0,694
[OTT] walkUs=3752 texUs=195 emitUs=1141 submitUs=513 otherUs=1902 prims=594 usPerPrim=6
[FT] avgMs=16 worstMs=46 gameMs=6 drawMs=10 swapWait=0ms draws=172 decodes=0 decMs=0
[OTS] f=79080 calls=2 n0=2491 n1=288 prims=85610 bb=160,1120,0,694
[OTT] walkUs=3891 texUs=194 emitUs=1121 submitUs=478 otherUs=2097 prims=590 usPerPrim=6
[SH-XBOX] vblank 79200
[MEM] tick: free=3820KB (955 pages)
[FT] avgMs=17 worstMs=55 gameMs=5 drawMs=11 swapWait=0ms draws=172 decodes=0 decMs=0
[OTS] f=79200 calls=2 n0=2485 n1=288 prims=85971 bb=160,1120,0,694
[OTT] walkUs=3897 texUs=190 emitUs=1112 submitUs=502 otherUs=2091 prims=584 usPerPrim=6
[FT] avgMs=17 worstMs=57 gameMs=6 drawMs=10 swapWait=0ms draws=172 decodes=0 decMs=0
[OTS] f=79320 calls=2 n0=2504 n1=288 prims=85741 bb=160,1120,0,694
[OTT] walkUs=4083 texUs=198 emitUs=1155 submitUs=534 otherUs=2194 prims=603 usPerPrim=6
[FT] avgMs=16 worstMs=55 gameMs=6 drawMs=10 swapWait=0ms draws=171 decodes=0 decMs=0
[OTS] f=79440 calls=2 n0=2500 n1=288 prims=85814 bb=160,1120,0,694
[OTT] walkUs=4096 texUs=196 emitUs=1155 submitUs=416 otherUs=2328 prims=599 usPerPrim=6
[FT] avgMs=16 worstMs=53 gameMs=6 drawMs=10 swapWait=0ms draws=172 decodes=0 decMs=0
[OTS] f=79560 calls=2 n0=2491 n1=288 prims=85625 bb=160,1120,0,694
[OTT] walkUs=4048 texUs=191 emitUs=1128 submitUs=695 otherUs=2033 prims=590 usPerPrim=6
[FT] avgMs=16 worstMs=47 gameMs=6 drawMs=10 swapWait=0ms draws=172 decodes=0 decMs=0
[OTS] f=79680 calls=2 n0=2494 n1=288 prims=86057 bb=160,1120,0,694
[OTT] walkUs=4098 texUs=194 emitUs=1134 submitUs=523 otherUs=2246 prims=593 usPerPrim=6
[SH-XBOX] vblank 79800
[MEM] tick: free=3820KB (955 pages)
[FT] avgMs=17 worstMs=57 gameMs=6 drawMs=10 swapWait=0ms draws=172 decodes=0 decMs=0
[OTS] f=79800 calls=2 n0=2496 n1=288 prims=85530 bb=160,1120,0,694
[OTT] walkUs=4032 texUs=192 emitUs=1139 submitUs=442 otherUs=2257 prims=595 usPerPrim=6
[FT] avgMs=17 worstMs=58 gameMs=6 drawMs=10 swapWait=0ms draws=172 decodes=0 decMs=0
[OTS] f=79920 calls=2 n0=2495 n1=288 prims=85977 bb=160,1120,0,694
[OTT] walkUs=4118 texUs=194 emitUs=1140 submitUs=449 otherUs=2333 prims=594 usPerPrim=6
[FT] avgMs=16 worstMs=45 gameMs=6 drawMs=10 swapWait=0ms draws=172 decodes=0 decMs=0
[OTS] f=80040 calls=2 n0=2483 n1=288 prims=85739 bb=160,1120,0,694
[OTT] walkUs=4050 texUs=191 emitUs=1118 submitUs=469 otherUs=2271 prims=582 usPerPrim=6
[FT] avgMs=16 worstMs=53 gameMs=6 drawMs=10 swapWait=0ms draws=172 decodes=0 decMs=0
[OTS] f=80160 calls=2 n0=2489 n1=288 prims=85995 bb=160,1120,0,694
[OTT] walkUs=4107 texUs=189 emitUs=1123 submitUs=695 otherUs=2098 prims=588 usPerPrim=6
[FT] avgMs=16 worstMs=49 gameMs=6 drawMs=10 swapWait=0ms draws=171 decodes=0 decMs=0
[OTS] f=80280 calls=2 n0=2485 n1=288 prims=85661 bb=160,1120,0,694
[OTT] walkUs=3780 texUs=188 emitUs=1114 submitUs=486 otherUs=1991 prims=584 usPerPrim=6
[SH-XBOX] vblank 80400
[MEM] tick: free=3820KB (955 pages)
[FT] avgMs=16 worstMs=55 gameMs=6 drawMs=10 swapWait=0ms draws=172 decodes=0 decMs=0
[OTS] f=80400 calls=2 n0=2487 n1=288 prims=85902 bb=160,1120,0,694
[OTT] walkUs=3813 texUs=189 emitUs=1119 submitUs=407 otherUs=2096 prims=586 usPerPrim=6
[FT] avgMs=16 worstMs=52 gameMs=6 drawMs=10 swapWait=0ms draws=172 decodes=0 decMs=0
[OTS] f=80520 calls=2 n0=2488 n1=288 prims=85813 bb=160,1120,0,694
[OTT] walkUs=3812 texUs=191 emitUs=1115 submitUs=646 otherUs=1859 prims=587 usPerPrim=6
[FT] avgMs=16 worstMs=47 gameMs=6 drawMs=10 swapWait=0ms draws=172 decodes=0 decMs=0
[OTS] f=80640 calls=2 n0=2490 n1=288 prims=85744 bb=160,1120,0,694
[OTT] walkUs=4274 texUs=190 emitUs=1126 submitUs=410 otherUs=2546 prims=589 usPerPrim=7
[FT] avgMs=16 worstMs=55 gameMs=6 drawMs=10 swapWait=0ms draws=172 decodes=0 decMs=0
[OTS] f=80760 calls=2 n0=2489 n1=288 prims=85880 bb=160,1120,0,694
[OTT] walkUs=3758 texUs=190 emitUs=1123 submitUs=440 otherUs=2002 prims=588 usPerPrim=6
[FT] avgMs=16 worstMs=51 gameMs=6 drawMs=10 swapWait=0ms draws=172 decodes=0 decMs=0
[OTS] f=80880 calls=2 n0=2494 n1=288 prims=85657 bb=160,1120,0,694
[OTT] walkUs=3879 texUs=197 emitUs=1129 submitUs=449 otherUs=2103 prims=593 usPerPrim=6
[SH-XBOX] vblank 81000
[MEM] tick: free=3820KB (955 pages)
[FT] avgMs=16 worstMs=45 gameMs=6 drawMs=10 swapWait=0ms draws=172 decodes=0 decMs=0
[OTS] f=81000 calls=2 n0=2492 n1=288 prims=85882 bb=160,1120,0,694
[OTT] walkUs=3967 texUs=191 emitUs=1137 submitUs=520 otherUs=2117 prims=591 usPerPrim=6
[FT] avgMs=16 worstMs=54 gameMs=6 drawMs=10 swapWait=0ms draws=172 decodes=0 decMs=0
[OTS] f=81120 calls=2 n0=2487 n1=288 prims=85764 bb=160,1120,0,694
[OTT] walkUs=3714 texUs=189 emitUs=1116 submitUs=426 otherUs=1981 prims=586 usPerPrim=6
[FT] avgMs=16 worstMs=48 gameMs=6 drawMs=10 swapWait=1ms draws=171 decodes=0 decMs=0
[OTS] f=81240 calls=2 n0=2501 n1=288 prims=85861 bb=160,1120,0,694
[OTT] walkUs=3986 texUs=193 emitUs=1148 submitUs=411 otherUs=2232 prims=600 usPerPrim=6
[FT] avgMs=17 worstMs=58 gameMs=6 drawMs=10 swapWait=0ms draws=172 decodes=0 decMs=0
[OTS] f=81360 calls=2 n0=2499 n1=288 prims=85589 bb=160,1120,0,694
[OTT] walkUs=3854 texUs=194 emitUs=1144 submitUs=408 otherUs=2106 prims=598 usPerPrim=6
[FT] avgMs=16 worstMs=47 gameMs=5 drawMs=10 swapWait=0ms draws=171 decodes=0 decMs=0
[OTS] f=81480 calls=2 n0=2491 n1=288 prims=85896 bb=160,1120,0,694
[OTT] walkUs=3721 texUs=193 emitUs=1128 submitUs=420 otherUs=1978 prims=590 usPerPrim=6
[SH-XBOX] vblank 81600
[MEM] tick: free=3820KB (955 pages)
[FT] avgMs=16 worstMs=55 gameMs=5 drawMs=11 swapWait=0ms draws=172 decodes=0 decMs=0
[OTS] f=81600 calls=2 n0=2492 n1=288 prims=85681 bb=160,1120,0,694
[OTT] walkUs=3954 texUs=191 emitUs=1130 submitUs=432 otherUs=2200 prims=591 usPerPrim=6
[FT] avgMs=16 worstMs=51 gameMs=5 drawMs=11 swapWait=1ms draws=171 decodes=0 decMs=0
[OTS] f=81720 calls=2 n0=2494 n1=288 prims=85863 bb=160,1120,0,694
[OTT] walkUs=3779 texUs=192 emitUs=1136 submitUs=423 otherUs=2027 prims=593 usPerPrim=6
[FT] avgMs=17 worstMs=58 gameMs=5 drawMs=11 swapWait=0ms draws=172 decodes=0 decMs=0
[OTS] f=81840 calls=2 n0=2490 n1=288 prims=85662 bb=160,1120,0,694
[OTT] walkUs=3901 texUs=190 emitUs=1125 submitUs=422 otherUs=2162 prims=589 usPerPrim=6
[FT] avgMs=16 worstMs=47 gameMs=5 drawMs=11 swapWait=0ms draws=172 decodes=0 decMs=0
[OTS] f=81960 calls=2 n0=2489 n1=288 prims=86021 bb=160,1120,0,694
[OTT] walkUs=4105 texUs=189 emitUs=1129 submitUs=390 otherUs=2396 prims=588 usPerPrim=6
[FT] avgMs=17 worstMs=56 gameMs=5 drawMs=11 swapWait=0ms draws=172 decodes=0 decMs=0
[OTS] f=82080 calls=2 n0=2491 n1=288 prims=85664 bb=160,1120,0,694
[OTT] walkUs=4204 texUs=191 emitUs=1126 submitUs=776 otherUs=2109 prims=590 usPerPrim=7
[SH-XBOX] vblank 82200
[MEM] tick: free=3820KB (955 pages)
[FT] avgMs=17 worstMs=57 gameMs=5 drawMs=11 swapWait=0ms draws=172 decodes=0 decMs=0
[OTS] f=82200 calls=2 n0=2486 n1=288 prims=85937 bb=160,1120,0,694
[OTT] walkUs=4188 texUs=189 emitUs=1119 submitUs=760 otherUs=2118 prims=585 usPerPrim=7
[FT] avgMs=16 worstMs=53 gameMs=6 drawMs=10 swapWait=0ms draws=172 decodes=0 decMs=0
[OTS] f=82320 calls=2 n0=2477 n1=288 prims=85769 bb=160,1120,0,694
[OTT] walkUs=4042 texUs=185 emitUs=1086 submitUs=411 otherUs=2358 prims=576 usPerPrim=7
[FT] avgMs=16 worstMs=52 gameMs=6 drawMs=10 swapWait=0ms draws=172 decodes=0 decMs=0
[OTS] f=82440 calls=2 n0=2494 n1=288 prims=85776 bb=160,1120,0,694
[OTT] walkUs=3836 texUs=194 emitUs=1133 submitUs=401 otherUs=2105 prims=593 usPerPrim=6
[FT] avgMs=16 worstMs=46 gameMs=6 drawMs=10 swapWait=0ms draws=172 decodes=0 decMs=0
[OTS] f=82560 calls=2 n0=2492 n1=288 prims=85875 bb=160,1120,0,694
[OTT] walkUs=3968 texUs=191 emitUs=1128 submitUs=487 otherUs=2161 prims=591 usPerPrim=6
[FT] avgMs=16 worstMs=55 gameMs=6 drawMs=10 swapWait=0ms draws=172 decodes=0 decMs=0
[OTS] f=82680 calls=2 n0=2498 n1=288 prims=85800 bb=160,1120,0,694
[OTT] walkUs=3608 texUs=193 emitUs=1141 submitUs=547 otherUs=1725 prims=597 usPerPrim=6
[SH-XBOX] vblank 82800
[MEM] tick: free=3820KB (955 pages)
[FT] avgMs=16 worstMs=51 gameMs=5 drawMs=11 swapWait=0ms draws=172 decodes=0 decMs=0
[OTS] f=82800 calls=2 n0=2494 n1=288 prims=85903 bb=160,1120,0,694
[OTT] walkUs=3856 texUs=193 emitUs=1134 submitUs=604 otherUs=1923 prims=593 usPerPrim=6
[FT] avgMs=16 worstMs=46 gameMs=6 drawMs=10 swapWait=0ms draws=172 decodes=0 decMs=0
[OTS] f=82920 calls=2 n0=2493 n1=288 prims=85573 bb=160,1120,0,694
[OTT] walkUs=3773 texUs=192 emitUs=1129 submitUs=511 otherUs=1940 prims=592 usPerPrim=6
[FT] avgMs=16 worstMs=53 gameMs=6 drawMs=10 swapWait=0ms draws=172 decodes=0 decMs=0
[OTS] f=83040 calls=2 n0=2486 n1=288 prims=86004 bb=160,1120,0,694
[OTT] walkUs=3972 texUs=189 emitUs=1116 submitUs=402 otherUs=2265 prims=585 usPerPrim=6
[FT] avgMs=16 worstMs=48 gameMs=6 drawMs=10 swapWait=0ms draws=172 decodes=0 decMs=0
[OTS] f=83160 calls=2 n0=2502 n1=288 prims=85662 bb=160,1120,0,694
[OTT] walkUs=3924 texUs=196 emitUs=1155 submitUs=411 otherUs=2160 prims=601 usPerPrim=6
[FT] avgMs=16 worstMs=55 gameMs=6 drawMs=10 swapWait=0ms draws=171 decodes=0 decMs=0
[OTS] f=83280 calls=2 n0=2500 n1=288 prims=85892 bb=160,1120,0,694
[OTT] walkUs=3952 texUs=194 emitUs=1150 submitUs=415 otherUs=2191 prims=599 usPerPrim=6
[SH-XBOX] vblank 83400
[MEM] tick: free=3820KB (955 pages)
[FT] avgMs=16 worstMs=54 gameMs=5 drawMs=11 swapWait=0ms draws=172 decodes=0 decMs=0
[OTS] f=83400 calls=2 n0=2491 n1=288 prims=85640 bb=160,1120,0,694
[OTT] walkUs=4033 texUs=191 emitUs=1129 submitUs=413 otherUs=2298 prims=590 usPerPrim=6
[FT] avgMs=16 worstMs=46 gameMs=6 drawMs=10 swapWait=0ms draws=171 decodes=0 decMs=0
[OTS] f=83520 calls=2 n0=2492 n1=288 prims=85890 bb=160,1120,0,694
[OTT] walkUs=3953 texUs=193 emitUs=1126 submitUs=400 otherUs=2233 prims=591 usPerPrim=6
[FT] avgMs=16 worstMs=54 gameMs=6 drawMs=10 swapWait=0ms draws=172 decodes=0 decMs=0
[OTS] f=83640 calls=2 n0=2495 n1=288 prims=85665 bb=160,1120,0,694
[OTT] walkUs=3863 texUs=194 emitUs=1131 submitUs=525 otherUs=2011 prims=594 usPerPrim=6
[FT] avgMs=16 worstMs=51 gameMs=6 drawMs=10 swapWait=0ms draws=172 decodes=0 decMs=0
[OTS] f=83760 calls=2 n0=2495 n1=288 prims=86004 bb=160,1120,0,694
[OTT] walkUs=3957 texUs=192 emitUs=1137 submitUs=410 otherUs=2217 prims=594 usPerPrim=6
[FT] avgMs=16 worstMs=56 gameMs=7 drawMs=9 swapWait=0ms draws=172 decodes=0 decMs=0
[OTS] f=83880 calls=2 n0=2483 n1=288 prims=85619 bb=160,1120,0,694
[OTT] walkUs=3973 texUs=192 emitUs=1106 submitUs=690 otherUs=1983 prims=582 usPerPrim=6
[SH-XBOX] vblank 84000
[MEM] tick: free=3820KB (955 pages)
[FT] avgMs=16 worstMs=53 gameMs=6 drawMs=10 swapWait=0ms draws=172 decodes=0 decMs=0
[OTS] f=84000 calls=2 n0=2487 n1=288 prims=85901 bb=160,1120,0,694
[OTT] walkUs=3938 texUs=190 emitUs=1112 submitUs=410 otherUs=2224 prims=586 usPerPrim=6
[FT] avgMs=16 worstMs=49 gameMs=5 drawMs=11 swapWait=0ms draws=172 decodes=0 decMs=0
[OTS] f=84120 calls=2 n0=2483 n1=288 prims=85725 bb=160,1120,0,694
[OTT] walkUs=4121 texUs=190 emitUs=1110 submitUs=391 otherUs=2428 prims=582 usPerPrim=7
[FT] avgMs=16 worstMs=55 gameMs=6 drawMs=10 swapWait=0ms draws=172 decodes=0 decMs=0
[OTS] f=84240 calls=2 n0=2487 n1=288 prims=85907 bb=160,1120,0,694
[OTT] walkUs=3974 texUs=189 emitUs=1125 submitUs=507 otherUs=2151 prims=586 usPerPrim=6
[FT] avgMs=16 worstMs=51 gameMs=6 drawMs=10 swapWait=0ms draws=171 decodes=0 decMs=0
[OTS] f=84360 calls=2 n0=2491 n1=288 prims=85693 bb=160,1120,0,694
[OTT] walkUs=4106 texUs=191 emitUs=1138 submitUs=402 otherUs=2374 prims=590 usPerPrim=6
[FT] avgMs=17 worstMs=74 gameMs=6 drawMs=10 swapWait=0ms draws=172 decodes=0 decMs=0
[OTS] f=84480 calls=2 n0=2490 n1=288 prims=85846 bb=160,1120,0,694
[OTT] walkUs=4283 texUs=190 emitUs=1128 submitUs=411 otherUs=2552 prims=589 usPerPrim=7
[SH-XBOX] vblank 84600
[MEM] tick: free=3820KB (955 pages)
[FT] avgMs=16 worstMs=54 gameMs=6 drawMs=10 swapWait=0ms draws=172 decodes=0 decMs=0
[OTS] f=84600 calls=2 n0=2488 n1=288 prims=85912 bb=160,1120,0,694
[OTT] walkUs=4110 texUs=189 emitUs=1122 submitUs=419 otherUs=2379 prims=587 usPerPrim=7
[FT] avgMs=16 worstMs=51 gameMs=6 drawMs=10 swapWait=0ms draws=172 decodes=0 decMs=0
[OTS] f=84720 calls=2 n0=2496 n1=288 prims=85601 bb=160,1120,0,694
[OTT] walkUs=3532 texUs=193 emitUs=1138 submitUs=652 otherUs=1547 prims=595 usPerPrim=5
[FT] avgMs=17 worstMs=59 gameMs=6 drawMs=10 swapWait=0ms draws=172 decodes=0 decMs=0
[OTS] f=84840 calls=2 n0=2493 n1=288 prims=85908 bb=160,1120,0,694
[OTT] walkUs=3766 texUs=191 emitUs=1144 submitUs=392 otherUs=2038 prims=592 usPerPrim=6
[FT] avgMs=16 worstMs=47 gameMs=6 drawMs=10 swapWait=0ms draws=172 decodes=0 decMs=0
[OTS] f=84960 calls=2 n0=2485 n1=288 prims=85697 bb=160,1120,0,694
[OTT] walkUs=3869 texUs=189 emitUs=1113 submitUs=399 otherUs=2167 prims=584 usPerPrim=6
[FT] avgMs=16 worstMs=54 gameMs=6 drawMs=10 swapWait=0ms draws=171 decodes=0 decMs=0
[OTS] f=85080 calls=2 n0=2501 n1=288 prims=85951 bb=160,1120,0,694
[OTT] walkUs=3716 texUs=195 emitUs=1151 submitUs=460 otherUs=1909 prims=600 usPerPrim=6
[SH-XBOX] vblank 85200
[MEM] tick: free=3820KB (955 pages)
[FT] avgMs=16 worstMs=48 gameMs=6 drawMs=10 swapWait=0ms draws=172 decodes=0 decMs=0
[OTS] f=85200 calls=2 n0=2501 n1=288 prims=85622 bb=160,1120,0,694
[OTT] walkUs=3900 texUs=194 emitUs=1153 submitUs=442 otherUs=2109 prims=600 usPerPrim=6
[FT] avgMs=17 worstMs=57 gameMs=6 drawMs=10 swapWait=0ms draws=171 decodes=0 decMs=0
[OTS] f=85320 calls=2 n0=2491 n1=288 prims=85965 bb=160,1120,0,694
[OTT] walkUs=4049 texUs=191 emitUs=1128 submitUs=588 otherUs=2141 prims=590 usPerPrim=6
[FT] avgMs=16 worstMs=46 gameMs=6 drawMs=10 swapWait=1ms draws=172 decodes=0 decMs=0
[OTS] f=85440 calls=2 n0=2491 n1=288 prims=85703 bb=160,1120,0,694
[OTT] walkUs=3805 texUs=191 emitUs=1121 submitUs=714 otherUs=1778 prims=590 usPerPrim=6
[FT] avgMs=16 worstMs=54 gameMs=6 drawMs=10 swapWait=0ms draws=171 decodes=0 decMs=0
[OTS] f=85560 calls=2 n0=2496 n1=288 prims=85865 bb=160,1120,0,694
[OTT] walkUs=4033 texUs=192 emitUs=1138 submitUs=600 otherUs=2102 prims=595 usPerPrim=6
[FT] avgMs=16 worstMs=49 gameMs=6 drawMs=10 swapWait=0ms draws=172 decodes=0 decMs=0
[OTS] f=85680 calls=2 n0=2490 n1=288 prims=85690 bb=160,1120,0,694
[OTT] walkUs=3845 texUs=190 emitUs=1126 submitUs=889 otherUs=1639 prims=589 usPerPrim=6
[SH-XBOX] vblank 85800
[MEM] tick: free=3820KB (955 pages)
[FT] avgMs=17 worstMs=60 gameMs=6 drawMs=10 swapWait=0ms draws=172 decodes=0 decMs=0
[OTS] f=85800 calls=2 n0=2487 n1=288 prims=85911 bb=160,1120,0,694
[OTT] walkUs=3799 texUs=190 emitUs=1111 submitUs=686 otherUs=1811 prims=586 usPerPrim=6
[FT] avgMs=16 worstMs=47 gameMs=6 drawMs=10 swapWait=0ms draws=172 decodes=0 decMs=0
[OTS] f=85920 calls=2 n0=2490 n1=288 prims=85767 bb=160,1120,0,694
[OTT] walkUs=3918 texUs=191 emitUs=1127 submitUs=508 otherUs=2091 prims=589 usPerPrim=6
[FT] avgMs=16 worstMs=55 gameMs=6 drawMs=10 swapWait=0ms draws=172 decodes=0 decMs=0
[OTS] f=86040 calls=2 n0=2486 n1=288 prims=85940 bb=160,1120,0,694
[OTT] walkUs=3979 texUs=189 emitUs=1119 submitUs=689 otherUs=1981 prims=585 usPerPrim=6
[FT] avgMs=16 worstMs=48 gameMs=6 drawMs=10 swapWait=0ms draws=172 decodes=0 decMs=0
[OTS] f=86160 calls=2 n0=2480 n1=288 prims=85658 bb=160,1120,0,694
[OTT] walkUs=3976 texUs=186 emitUs=1105 submitUs=645 otherUs=2039 prims=579 usPerPrim=6
[FT] avgMs=17 worstMs=59 gameMs=6 drawMs=10 swapWait=0ms draws=172 decodes=0 decMs=0
[OTS] f=86280 calls=2 n0=2494 n1=288 prims=85865 bb=160,1120,0,694
[OTT] walkUs=4038 texUs=192 emitUs=1135 submitUs=629 otherUs=2081 prims=593 usPerPrim=6
[SH-XBOX] vblank 86400
[MEM] tick: free=3820KB (955 pages)
[FT] avgMs=16 worstMs=47 gameMs=6 drawMs=10 swapWait=0ms draws=172 decodes=0 decMs=0
[OTS] f=86400 calls=2 n0=2492 n1=288 prims=85901 bb=160,1120,0,694
[OTT] walkUs=3990 texUs=190 emitUs=1127 submitUs=633 otherUs=2038 prims=591 usPerPrim=6
[FT] avgMs=17 worstMs=58 gameMs=5 drawMs=11 swapWait=0ms draws=172 decodes=0 decMs=0
[OTS] f=86520 calls=2 n0=2498 n1=288 prims=85675 bb=160,1120,0,694
[OTT] walkUs=3882 texUs=194 emitUs=1143 submitUs=528 otherUs=2017 prims=597 usPerPrim=6
[FT] avgMs=17 worstMs=59 gameMs=5 drawMs=11 swapWait=0ms draws=172 decodes=0 decMs=0
[OTS] f=86640 calls=2 n0=2493 n1=288 prims=85792 bb=160,1120,0,694
[OTT] walkUs=3621 texUs=192 emitUs=1128 submitUs=385 otherUs=1914 prims=592 usPerPrim=6
[FT] avgMs=16 worstMs=51 gameMs=5 drawMs=11 swapWait=0ms draws=172 decodes=0 decMs=0
[OTS] f=86760 calls=2 n0=2493 n1=288 prims=85655 bb=160,1120,0,694
[OTT] walkUs=3771 texUs=194 emitUs=1135 submitUs=387 otherUs=2053 prims=592 usPerPrim=6
[FT] avgMs=16 worstMs=48 gameMs=5 drawMs=11 swapWait=0ms draws=172 decodes=0 decMs=0
[OTS] f=86880 calls=2 n0=2487 n1=288 prims=86044 bb=160,1120,0,694
[OTT] walkUs=3974 texUs=189 emitUs=1118 submitUs=738 otherUs=1928 prims=586 usPerPrim=6
[SH-XBOX] vblank 87000
[MEM] tick: free=3820KB (955 pages)
[FT] avgMs=17 worstMs=57 gameMs=5 drawMs=11 swapWait=0ms draws=172 decodes=0 decMs=0
[OTS] f=87000 calls=2 n0=2504 n1=288 prims=85574 bb=160,1120,0,694
[OTT] walkUs=3876 texUs=195 emitUs=1160 submitUs=605 otherUs=1914 prims=603 usPerPrim=6
[FT] avgMs=16 worstMs=56 gameMs=5 drawMs=11 swapWait=0ms draws=172 decodes=0 decMs=0
[OTS] f=87120 calls=2 n0=2500 n1=288 prims=85950 bb=160,1120,0,694
[OTT] walkUs=3997 texUs=194 emitUs=1149 submitUs=414 otherUs=2240 prims=599 usPerPrim=6
[FT] avgMs=17 worstMs=56 gameMs=6 drawMs=10 swapWait=0ms draws=172 decodes=0 decMs=0
[OTS] f=87240 calls=2 n0=2488 n1=288 prims=85623 bb=160,1120,0,694
[OTT] walkUs=3811 texUs=190 emitUs=1112 submitUs=666 otherUs=1842 prims=587 usPerPrim=6
[FT] avgMs=17 worstMs=45 gameMs=6 drawMs=10 swapWait=0ms draws=171 decodes=0 decMs=0
[OTS] f=87360 calls=2 n0=2494 n1=288 prims=85913 bb=160,1120,0,694
[OTT] walkUs=4019 texUs=195 emitUs=1134 submitUs=558 otherUs=2130 prims=593 usPerPrim=6
[FT] avgMs=16 worstMs=55 gameMs=6 drawMs=10 swapWait=0ms draws=172 decodes=0 decMs=0
[OTS] f=87480 calls=2 n0=2496 n1=288 prims=85653 bb=160,1120,0,694
[OTT] walkUs=3954 texUs=192 emitUs=1180 submitUs=403 otherUs=2177 prims=595 usPerPrim=6
[SH-XBOX] vblank 87600
[MEM] tick: free=3820KB (955 pages)
[FT] avgMs=16 worstMs=49 gameMs=6 drawMs=10 swapWait=0ms draws=171 decodes=0 decMs=0
[OTS] f=87600 calls=2 n0=2493 n1=288 prims=85892 bb=160,1120,0,694
[OTT] walkUs=4001 texUs=192 emitUs=1127 submitUs=504 otherUs=2177 prims=592 usPerPrim=6
[FT] avgMs=17 worstMs=59 gameMs=5 drawMs=11 swapWait=0ms draws=172 decodes=0 decMs=0
[OTS] f=87720 calls=2 n0=2482 n1=288 prims=85726 bb=160,1120,0,694
[OTT] walkUs=3779 texUs=190 emitUs=1104 submitUs=683 otherUs=1801 prims=581 usPerPrim=6
[FT] avgMs=16 worstMs=47 gameMs=6 drawMs=10 swapWait=0ms draws=172 decodes=0 decMs=0
[OTS] f=87840 calls=2 n0=2489 n1=288 prims=85968 bb=160,1120,0,694
[OTT] walkUs=4114 texUs=190 emitUs=1126 submitUs=473 otherUs=2324 prims=588 usPerPrim=6
[FT] avgMs=16 worstMs=54 gameMs=6 drawMs=10 swapWait=0ms draws=172 decodes=0 decMs=0
[OTS] f=87960 calls=2 n0=2484 n1=288 prims=85774 bb=160,1120,0,694
[OTT] walkUs=3931 texUs=188 emitUs=1112 submitUs=400 otherUs=2229 prims=583 usPerPrim=6
[FT] avgMs=16 worstMs=53 gameMs=6 drawMs=10 swapWait=0ms draws=172 decodes=0 decMs=0
[OTS] f=88080 calls=2 n0=2485 n1=288 prims=85864 bb=160,1120,0,694
[OTT] walkUs=3897 texUs=190 emitUs=1115 submitUs=596 otherUs=1994 prims=584 usPerPrim=6
[SH-XBOX] vblank 88200
[MEM] tick: free=3820KB (955 pages)
[FT] avgMs=17 worstMs=58 gameMs=6 drawMs=10 swapWait=0ms draws=171 decodes=0 decMs=0
[OTS] f=88200 calls=2 n0=2491 n1=288 prims=85751 bb=160,1120,0,694
[OTT] walkUs=4099 texUs=190 emitUs=1144 submitUs=400 otherUs=2363 prims=590 usPerPrim=6
[FT] avgMs=16 worstMs=47 gameMs=6 drawMs=10 swapWait=1ms draws=172 decodes=0 decMs=0
[OTS] f=88320 calls=2 n0=2491 n1=288 prims=85850 bb=160,1120,0,694
[OTT] walkUs=3970 texUs=192 emitUs=1130 submitUs=425 otherUs=2221 prims=590 usPerPrim=6
[FT] avgMs=16 worstMs=54 gameMs=6 drawMs=10 swapWait=0ms draws=172 decodes=0 decMs=0
[OTS] f=88440 calls=2 n0=2488 n1=288 prims=85784 bb=160,1120,0,694
[OTT] walkUs=3907 texUs=193 emitUs=1117 submitUs=476 otherUs=2119 prims=587 usPerPrim=6
[FT] avgMs=16 worstMs=50 gameMs=6 drawMs=10 swapWait=0ms draws=172 decodes=0 decMs=0
[OTS] f=88560 calls=2 n0=2495 n1=288 prims=85713 bb=160,1120,0,694
[OTT] walkUs=4171 texUs=194 emitUs=1136 submitUs=727 otherUs=2113 prims=594 usPerPrim=7
[FT] avgMs=17 worstMs=57 gameMs=6 drawMs=10 swapWait=0ms draws=172 decodes=0 decMs=0
[OTS] f=88680 calls=2 n0=2493 n1=288 prims=85940 bb=160,1120,0,694
[OTT] walkUs=4245 texUs=191 emitUs=1133 submitUs=388 otherUs=2531 prims=592 usPerPrim=7
[SH-XBOX] vblank 88800
[MEM] tick: free=3820KB (955 pages)
[FT] avgMs=16 worstMs=44 gameMs=7 drawMs=9 swapWait=0ms draws=172 decodes=0 decMs=0
[OTS] f=88800 calls=2 n0=2487 n1=288 prims=85630 bb=160,1120,0,694
[OTT] walkUs=4122 texUs=192 emitUs=1117 submitUs=581 otherUs=2231 prims=586 usPerPrim=7
[FT] avgMs=16 worstMs=54 gameMs=6 drawMs=10 swapWait=0ms draws=172 decodes=0 decMs=0
[OTS] f=88920 calls=2 n0=2501 n1=288 prims=85982 bb=160,1120,0,694
[OTT] walkUs=3912 texUs=197 emitUs=1149 submitUs=408 otherUs=2157 prims=600 usPerPrim=6
[FT] avgMs=16 worstMs=55 gameMs=5 drawMs=11 swapWait=0ms draws=172 decodes=0 decMs=0
[OTS] f=89040 calls=2 n0=2498 n1=288 prims=85617 bb=160,1120,0,694
[OTT] walkUs=3837 texUs=196 emitUs=1135 submitUs=692 otherUs=1812 prims=597 usPerPrim=6
[FT] avgMs=17 worstMs=57 gameMs=6 drawMs=10 swapWait=0ms draws=171 decodes=0 decMs=0
[OTS] f=89160 calls=2 n0=2491 n1=288 prims=85884 bb=160,1120,0,694
[OTT] walkUs=3881 texUs=191 emitUs=1128 submitUs=422 otherUs=2139 prims=590 usPerPrim=6
[FT] avgMs=16 worstMs=45 gameMs=6 drawMs=10 swapWait=0ms draws=172 decodes=0 decMs=0
[OTS] f=89280 calls=2 n0=2490 n1=288 prims=85557 bb=160,1120,0,694
[OTT] walkUs=3970 texUs=192 emitUs=1121 submitUs=383 otherUs=2272 prims=589 usPerPrim=6
[SH-XBOX] vblank 89400
[MEM] tick: free=3820KB (955 pages)
[FT] avgMs=16 worstMs=55 gameMs=6 drawMs=10 swapWait=0ms draws=172 decodes=0 decMs=0
[OTS] f=89400 calls=2 n0=2496 n1=288 prims=85977 bb=160,1120,0,694
[OTT] walkUs=3777 texUs=192 emitUs=1136 submitUs=461 otherUs=1986 prims=595 usPerPrim=6
[FT] avgMs=16 worstMs=48 gameMs=6 drawMs=10 swapWait=0ms draws=172 decodes=0 decMs=0
[OTS] f=89520 calls=2 n0=2490 n1=288 prims=85720 bb=160,1120,0,694
[OTT] walkUs=3726 texUs=190 emitUs=1122 submitUs=401 otherUs=2011 prims=589 usPerPrim=6
[FT] avgMs=17 worstMs=58 gameMs=6 drawMs=10 swapWait=0ms draws=171 decodes=0 decMs=0
[OTS] f=89640 calls=2 n0=2489 n1=288 prims=85865 bb=160,1120,0,694
[OTT] walkUs=3871 texUs=190 emitUs=1126 submitUs=386 otherUs=2167 prims=588 usPerPrim=6
[FT] avgMs=16 worstMs=46 gameMs=6 drawMs=10 swapWait=0ms draws=172 decodes=0 decMs=0
[OTS] f=89760 calls=2 n0=2491 n1=288 prims=85784 bb=160,1120,0,694
[OTT] walkUs=4023 texUs=193 emitUs=1126 submitUs=419 otherUs=2283 prims=590 usPerPrim=6
[FT] avgMs=16 worstMs=53 gameMs=6 drawMs=10 swapWait=0ms draws=172 decodes=0 decMs=0
[OTS] f=89880 calls=2 n0=2484 n1=288 prims=85901 bb=160,1120,0,694
[OTT] walkUs=3779 texUs=188 emitUs=1109 submitUs=626 otherUs=1854 prims=583 usPerPrim=6
[SH-XBOX] vblank 90000
[MEM] tick: free=3820KB (955 pages)
[FT] avgMs=16 worstMs=53 gameMs=6 drawMs=10 swapWait=0ms draws=172 decodes=0 decMs=0
[OTS] f=90000 calls=2 n0=2480 n1=288 prims=85736 bb=160,1120,0,694
[OTT] walkUs=3646 texUs=186 emitUs=1099 submitUs=559 otherUs=1800 prims=579 usPerPrim=6
[FT] avgMs=16 worstMs=56 gameMs=6 drawMs=10 swapWait=0ms draws=172 decodes=0 decMs=0
[OTS] f=90120 calls=2 n0=2494 n1=288 prims=85853 bb=160,1120,0,694
[OTT] walkUs=3893 texUs=192 emitUs=1134 submitUs=555 otherUs=2011 prims=593 usPerPrim=6
[FT] avgMs=17 worstMs=51 gameMs=6 drawMs=10 swapWait=0ms draws=171 decodes=0 decMs=0
[OTS] f=90240 calls=2 n0=2490 n1=288 prims=85759 bb=160,1120,0,694
[OTT] walkUs=4126 texUs=192 emitUs=1120 submitUs=394 otherUs=2419 prims=589 usPerPrim=7
[FT] avgMs=16 worstMs=47 gameMs=6 drawMs=10 swapWait=0ms draws=172 decodes=0 decMs=0
[OTS] f=90360 calls=2 n0=2497 n1=288 prims=85802 bb=160,1120,0,694
[OTT] walkUs=4089 texUs=192 emitUs=1135 submitUs=500 otherUs=2260 prims=596 usPerPrim=6
[FT] avgMs=16 worstMs=56 gameMs=6 drawMs=10 swapWait=0ms draws=172 decodes=0 decMs=0
[OTS] f=90480 calls=2 n0=2495 n1=288 prims=85899 bb=160,1120,0,694
[OTT] walkUs=4004 texUs=193 emitUs=1141 submitUs=677 otherUs=1991 prims=594 usPerPrim=6
[SH-XBOX] vblank 90600
[MEM] tick: free=3820KB (955 pages)
[FT] avgMs=16 worstMs=50 gameMs=6 drawMs=10 swapWait=0ms draws=172 decodes=0 decMs=0
[OTS] f=90600 calls=2 n0=2493 n1=288 prims=85694 bb=160,1120,0,694
[OTT] walkUs=4117 texUs=191 emitUs=1133 submitUs=444 otherUs=2347 prims=592 usPerPrim=6
[FT] avgMs=16 worstMs=46 gameMs=6 drawMs=10 swapWait=0ms draws=172 decodes=0 decMs=0
[OTS] f=90720 calls=2 n0=2484 n1=288 prims=85954 bb=160,1120,0,694
[OTT] walkUs=4139 texUs=190 emitUs=1109 submitUs=419 otherUs=2419 prims=583 usPerPrim=7
[FT] avgMs=16 worstMs=54 gameMs=6 drawMs=10 swapWait=0ms draws=172 decodes=0 decMs=0
[OTS] f=90840 calls=2 n0=2503 n1=288 prims=85674 bb=160,1120,0,694
[OTT] walkUs=4190 texUs=196 emitUs=1156 submitUs=894 otherUs=1944 prims=602 usPerPrim=6
[FT] avgMs=16 worstMs=53 gameMs=6 drawMs=10 swapWait=0ms draws=172 decodes=0 decMs=0
[OTS] f=90960 calls=2 n0=2500 n1=288 prims=85967 bb=160,1120,0,694
[OTT] walkUs=3838 texUs=195 emitUs=1148 submitUs=409 otherUs=2085 prims=599 usPerPrim=6
[FT] avgMs=16 worstMs=55 gameMs=6 drawMs=10 swapWait=0ms draws=171 decodes=0 decMs=0
[OTS] f=91080 calls=2 n0=2491 n1=288 prims=85500 bb=160,1120,0,694
[OTT] walkUs=4141 texUs=194 emitUs=1126 submitUs=620 otherUs=2200 prims=590 usPerPrim=7
[SH-XBOX] vblank 91200
[MEM] tick: free=3820KB (955 pages)
[FT] avgMs=16 worstMs=52 gameMs=5 drawMs=11 swapWait=0ms draws=172 decodes=0 decMs=0
[OTS] f=91200 calls=2 n0=2494 n1=288 prims=86014 bb=160,1120,0,694
[OTT] walkUs=3578 texUs=194 emitUs=1137 submitUs=460 otherUs=1785 prims=593 usPerPrim=6
[FT] avgMs=16 worstMs=47 gameMs=6 drawMs=10 swapWait=0ms draws=172 decodes=0 decMs=0
[OTS] f=91320 calls=2 n0=2496 n1=288 prims=85683 bb=160,1120,0,694
[OTT] walkUs=4139 texUs=192 emitUs=1139 submitUs=408 otherUs=2399 prims=595 usPerPrim=6
[FT] avgMs=17 worstMs=58 gameMs=5 drawMs=11 swapWait=0ms draws=171 decodes=0 decMs=0
[OTS] f=91440 calls=2 n0=2495 n1=288 prims=85860 bb=160,1120,0,694
[OTT] walkUs=4057 texUs=192 emitUs=1138 submitUs=703 otherUs=2023 prims=594 usPerPrim=6
[FT] avgMs=17 worstMs=58 gameMs=5 drawMs=11 swapWait=0ms draws=172 decodes=0 decMs=0
[OTS] f=91560 calls=2 n0=2483 n1=288 prims=85730 bb=160,1120,0,694
[OTT] walkUs=3762 texUs=188 emitUs=1113 submitUs=513 otherUs=1946 prims=582 usPerPrim=6
[FT] avgMs=16 worstMs=45 gameMs=5 drawMs=11 swapWait=0ms draws=172 decodes=0 decMs=0
[OTS] f=91680 calls=2 n0=2487 n1=288 prims=85896 bb=160,1120,0,694
[OTT] walkUs=4309 texUs=189 emitUs=1122 submitUs=400 otherUs=2597 prims=586 usPerPrim=7
[SH-XBOX] vblank 91800
[MEM] tick: free=3820KB (955 pages)
[FT] avgMs=16 worstMs=55 gameMs=5 drawMs=11 swapWait=0ms draws=172 decodes=0 decMs=0
[OTS] f=91800 calls=2 n0=2484 n1=288 prims=85744 bb=160,1120,0,694
[OTT] walkUs=3892 texUs=187 emitUs=1114 submitUs=461 otherUs=2128 prims=583 usPerPrim=6
[FT] avgMs=16 worstMs=55 gameMs=5 drawMs=11 swapWait=0ms draws=172 decodes=0 decMs=0
[OTS] f=91920 calls=2 n0=2487 n1=288 prims=85768 bb=160,1120,0,694
[OTT] walkUs=3764 texUs=189 emitUs=1115 submitUs=435 otherUs=2023 prims=586 usPerPrim=6
[FT] avgMs=17 worstMs=57 gameMs=6 drawMs=10 swapWait=0ms draws=172 decodes=0 decMs=0
[OTS] f=92040 calls=2 n0=2491 n1=288 prims=85825 bb=160,1120,0,694
[OTT] walkUs=4007 texUs=190 emitUs=1129 submitUs=395 otherUs=2291 prims=590 usPerPrim=6
[FT] avgMs=17 worstMs=57 gameMs=6 drawMs=10 swapWait=0ms draws=172 decodes=0 decMs=0
[OTS] f=92160 calls=2 n0=2489 n1=288 prims=85860 bb=160,1120,0,694
[OTT] walkUs=4095 texUs=190 emitUs=1121 submitUs=663 otherUs=2120 prims=588 usPerPrim=6
[FT] avgMs=17 worstMs=72 gameMs=6 drawMs=10 swapWait=0ms draws=172 decodes=0 decMs=0
[OTS] f=92280 calls=2 n0=2489 n1=288 prims=85775 bb=160,1120,0,694
[OTT] walkUs=4076 texUs=190 emitUs=1121 submitUs=544 otherUs=2219 prims=588 usPerPrim=6
[SH-XBOX] vblank 92400
[MEM] tick: free=3820KB (955 pages)
[FT] avgMs=16 worstMs=49 gameMs=6 drawMs=10 swapWait=0ms draws=172 decodes=0 decMs=0
[OTS] f=92400 calls=2 n0=2496 n1=288 prims=85730 bb=160,1120,0,694
[OTT] walkUs=4061 texUs=194 emitUs=1137 submitUs=445 otherUs=2283 prims=595 usPerPrim=6
[FT] avgMs=17 worstMs=56 gameMs=6 drawMs=10 swapWait=0ms draws=172 decodes=0 decMs=0
[OTS] f=92520 calls=2 n0=2491 n1=288 prims=85828 bb=160,1120,0,694
[OTT] walkUs=4084 texUs=192 emitUs=1130 submitUs=390 otherUs=2371 prims=590 usPerPrim=6
[FT] avgMs=17 worstMs=60 gameMs=5 drawMs=11 swapWait=0ms draws=172 decodes=0 decMs=0
[OTS] f=92640 calls=2 n0=2486 n1=288 prims=85730 bb=160,1120,0,694
[OTT] walkUs=4170 texUs=201 emitUs=1112 submitUs=407 otherUs=2449 prims=585 usPerPrim=7
[FT] avgMs=16 worstMs=45 gameMs=6 drawMs=10 swapWait=0ms draws=172 decodes=0 decMs=0
[OTS] f=92760 calls=2 n0=2501 n1=288 prims=85998 bb=160,1120,0,694
[OTT] walkUs=4118 texUs=194 emitUs=1151 submitUs=502 otherUs=2270 prims=600 usPerPrim=6
[FT] avgMs=16 worstMs=54 gameMs=6 drawMs=10 swapWait=1ms draws=172 decodes=0 decMs=0
[OTS] f=92880 calls=2 n0=2501 n1=288 prims=85491 bb=160,1120,0,694
[OTT] walkUs=3772 texUs=195 emitUs=1152 submitUs=398 otherUs=2026 prims=600 usPerPrim=6
[SH-XBOX] vblank 93000
[MEM] tick: free=3820KB (955 pages)
[FT] avgMs=16 worstMs=49 gameMs=6 drawMs=10 swapWait=0ms draws=171 decodes=0 decMs=0
[OTS] f=93000 calls=2 n0=2491 n1=288 prims=85962 bb=160,1120,0,694
[OTT] walkUs=3996 texUs=191 emitUs=1128 submitUs=419 otherUs=2256 prims=590 usPerPrim=6
[FT] avgMs=17 worstMs=58 gameMs=6 drawMs=10 swapWait=0ms draws=172 decodes=0 decMs=0
[OTS] f=93120 calls=2 n0=2492 n1=288 prims=85715 bb=160,1120,0,694
[OTT] walkUs=3836 texUs=191 emitUs=1130 submitUs=652 otherUs=1862 prims=591 usPerPrim=6
[FT] avgMs=16 worstMs=47 gameMs=6 drawMs=10 swapWait=1ms draws=172 decodes=0 decMs=0
[OTS] f=93240 calls=2 n0=2496 n1=288 prims=85969 bb=160,1120,0,694
[OTT] walkUs=3869 texUs=193 emitUs=1139 submitUs=395 otherUs=2141 prims=595 usPerPrim=6
[FT] avgMs=16 worstMs=54 gameMs=6 drawMs=10 swapWait=0ms draws=172 decodes=0 decMs=0
[OTS] f=93360 calls=2 n0=2488 n1=288 prims=85590 bb=160,1120,0,694
[OTT] walkUs=4066 texUs=192 emitUs=1114 submitUs=393 otherUs=2364 prims=587 usPerPrim=6
[FT] avgMs=16 worstMs=50 gameMs=6 drawMs=10 swapWait=1ms draws=172 decodes=0 decMs=0
[OTS] f=93480 calls=2 n0=2488 n1=288 prims=85948 bb=160,1120,0,694
[OTT] walkUs=3622 texUs=189 emitUs=1119 submitUs=400 otherUs=1912 prims=587 usPerPrim=6
[SH-XBOX] vblank 93600
[MEM] tick: free=3820KB (955 pages)
[FT] avgMs=17 worstMs=58 gameMs=6 drawMs=10 swapWait=0ms draws=172 decodes=0 decMs=0
[OTS] f=93600 calls=2 n0=2492 n1=288 prims=85812 bb=160,1120,0,694
[OTT] walkUs=3843 texUs=191 emitUs=1133 submitUs=624 otherUs=1894 prims=591 usPerPrim=6
[FT] avgMs=16 worstMs=45 gameMs=7 drawMs=9 swapWait=0ms draws=172 decodes=0 decMs=0
[OTS] f=93720 calls=2 n0=2486 n1=288 prims=85798 bb=160,1120,0,694
[OTT] walkUs=3850 texUs=189 emitUs=1117 submitUs=572 otherUs=1970 prims=585 usPerPrim=6
[FT] avgMs=16 worstMs=54 gameMs=6 drawMs=10 swapWait=0ms draws=172 decodes=0 decMs=0
[OTS] f=93840 calls=2 n0=2480 n1=288 prims=85794 bb=160,1120,0,694
[OTT] walkUs=3744 texUs=187 emitUs=1100 submitUs=593 otherUs=1862 prims=579 usPerPrim=6
[FT] avgMs=16 worstMs=51 gameMs=5 drawMs=11 swapWait=0ms draws=172 decodes=0 decMs=0
[OTS] f=93960 calls=2 n0=2491 n1=288 prims=85860 bb=160,1120,0,694
[OTT] walkUs=3643 texUs=191 emitUs=1118 submitUs=406 otherUs=1926 prims=590 usPerPrim=6
[FT] avgMs=17 worstMs=57 gameMs=6 drawMs=10 swapWait=0ms draws=171 decodes=0 decMs=0
[OTS] f=94080 calls=2 n0=2492 n1=288 prims=85766 bb=160,1120,0,694
[OTT] walkUs=4040 texUs=191 emitUs=1130 submitUs=398 otherUs=2320 prims=591 usPerPrim=6
[SH-XBOX] vblank 94200
[MEM] tick: free=3820KB (955 pages)
[FT] avgMs=16 worstMs=45 gameMs=6 drawMs=10 swapWait=0ms draws=172 decodes=0 decMs=0
[OTS] f=94200 calls=2 n0=2498 n1=288 prims=85807 bb=160,1120,0,694
[OTT] walkUs=3849 texUs=193 emitUs=1144 submitUs=578 otherUs=1933 prims=597 usPerPrim=6
[FT] avgMs=16 worstMs=55 gameMs=6 drawMs=10 swapWait=0ms draws=172 decodes=0 decMs=0
[OTS] f=94320 calls=2 n0=2493 n1=288 prims=85804 bb=160,1120,0,694
[OTT] walkUs=3986 texUs=192 emitUs=1143 submitUs=432 otherUs=2218 prims=592 usPerPrim=6
[FT] avgMs=16 worstMs=49 gameMs=6 drawMs=10 swapWait=0ms draws=172 decodes=0 decMs=0
[OTS] f=94440 calls=2 n0=2492 n1=288 prims=85673 bb=160,1120,0,694
[OTT] walkUs=3867 texUs=191 emitUs=1129 submitUs=398 otherUs=2148 prims=591 usPerPrim=6
[FT] avgMs=17 worstMs=58 gameMs=6 drawMs=10 swapWait=0ms draws=172 decodes=0 decMs=0
[OTS] f=94560 calls=2 n0=2486 n1=288 prims=85889 bb=160,1120,0,694
[OTT] walkUs=3859 texUs=188 emitUs=1120 submitUs=460 otherUs=2090 prims=585 usPerPrim=6
[FT] avgMs=16 worstMs=47 gameMs=6 drawMs=10 swapWait=0ms draws=172 decodes=0 decMs=0
[OTS] f=94680 calls=2 n0=2504 n1=288 prims=85702 bb=160,1120,0,694
[OTT] walkUs=4197 texUs=196 emitUs=1158 submitUs=412 otherUs=2429 prims=603 usPerPrim=6
[SH-XBOX] vblank 94800
[MEM] tick: free=3820KB (955 pages)
[FT] avgMs=16 worstMs=55 gameMs=6 drawMs=10 swapWait=0ms draws=172 decodes=0 decMs=0
[OTS] f=94800 calls=2 n0=2499 n1=288 prims=85927 bb=160,1120,0,694
[OTT] walkUs=4109 texUs=193 emitUs=1143 submitUs=417 otherUs=2354 prims=598 usPerPrim=6
[FT] avgMs=16 worstMs=48 gameMs=6 drawMs=10 swapWait=0ms draws=171 decodes=0 decMs=0
[OTS] f=94920 calls=2 n0=2491 n1=288 prims=85564 bb=160,1120,0,694
[OTT] walkUs=4113 texUs=190 emitUs=1128 submitUs=418 otherUs=2376 prims=590 usPerPrim=6
[FT] avgMs=17 worstMs=57 gameMs=6 drawMs=10 swapWait=1ms draws=172 decodes=0 decMs=0
[OTS] f=95040 calls=2 n0=2494 n1=288 prims=86016 bb=160,1120,0,694
[OTT] walkUs=3722 texUs=191 emitUs=1141 submitUs=399 otherUs=1989 prims=593 usPerPrim=6
[FT] avgMs=16 worstMs=46 gameMs=6 drawMs=10 swapWait=0ms draws=172 decodes=0 decMs=0
[OTS] f=95160 calls=2 n0=2494 n1=288 prims=85549 bb=160,1120,0,694
[OTT] walkUs=3994 texUs=191 emitUs=1131 submitUs=658 otherUs=2013 prims=593 usPerPrim=6
[FT] avgMs=16 worstMs=54 gameMs=6 drawMs=10 swapWait=0ms draws=172 decodes=0 decMs=0
[OTS] f=95280 calls=2 n0=2494 n1=288 prims=85979 bb=160,1120,0,694
[OTT] walkUs=3648 texUs=195 emitUs=1135 submitUs=486 otherUs=1832 prims=593 usPerPrim=6
[SH-XBOX] vblank 95400
[MEM] tick: free=3820KB (955 pages)
[FT] avgMs=16 worstMs=48 gameMs=6 drawMs=10 swapWait=1ms draws=172 decodes=0 decMs=0
[OTS] f=95400 calls=2 n0=2483 n1=288 prims=85753 bb=160,1120,0,694
[OTT] walkUs=3723 texUs=187 emitUs=1110 submitUs=399 otherUs=2026 prims=582 usPerPrim=6
[FT] avgMs=16 worstMs=55 gameMs=6 drawMs=10 swapWait=0ms draws=172 decodes=0 decMs=0
[OTS] f=95520 calls=2 n0=2489 n1=288 prims=85844 bb=160,1120,0,694
[OTT] walkUs=4015 texUs=189 emitUs=1121 submitUs=657 otherUs=2047 prims=588 usPerPrim=6
[FT] avgMs=16 worstMs=53 gameMs=6 drawMs=10 swapWait=0ms draws=172 decodes=0 decMs=0
[OTS] f=95640 calls=2 n0=2484 n1=288 prims=85777 bb=160,1120,0,694
[OTT] walkUs=3819 texUs=188 emitUs=1112 submitUs=438 otherUs=2081 prims=583 usPerPrim=6
[FT] avgMs=16 worstMs=50 gameMs=5 drawMs=10 swapWait=1ms draws=172 decodes=0 decMs=0
[OTS] f=95760 calls=2 n0=2486 n1=288 prims=85907 bb=160,1120,0,694
[OTT] walkUs=3927 texUs=189 emitUs=1115 submitUs=721 otherUs=1901 prims=585 usPerPrim=6
[FT] avgMs=16 worstMs=54 gameMs=6 drawMs=10 swapWait=0ms draws=172 decodes=0 decMs=0
[OTS] f=95880 calls=2 n0=2491 n1=288 prims=85839 bb=160,1120,0,694
[OTT] walkUs=3830 texUs=191 emitUs=1126 submitUs=565 otherUs=1947 prims=590 usPerPrim=6
[SH-XBOX] vblank 96000
[MEM] tick: free=3820KB (955 pages)
[FT] avgMs=16 worstMs=50 gameMs=6 drawMs=10 swapWait=0ms draws=172 decodes=0 decMs=0
[OTS] f=96000 calls=2 n0=2488 n1=288 prims=85721 bb=160,1120,0,694
[OTT] walkUs=3969 texUs=194 emitUs=1114 submitUs=571 otherUs=2088 prims=587 usPerPrim=6
[FT] avgMs=16 worstMs=48 gameMs=5 drawMs=11 swapWait=0ms draws=172 decodes=0 decMs=0
[OTS] f=96120 calls=2 n0=2489 n1=288 prims=85872 bb=160,1120,0,694
[OTT] walkUs=3928 texUs=189 emitUs=1127 submitUs=405 otherUs=2205 prims=588 usPerPrim=6
[FT] avgMs=16 worstMs=55 gameMs=6 drawMs=10 swapWait=0ms draws=172 decodes=0 decMs=0
[OTS] f=96240 calls=2 n0=2496 n1=288 prims=85756 bb=160,1120,0,694
[OTT] walkUs=3800 texUs=192 emitUs=1138 submitUs=443 otherUs=2024 prims=595 usPerPrim=6
[FT] avgMs=16 worstMs=52 gameMs=5 drawMs=11 swapWait=0ms draws=172 decodes=0 decMs=0
[OTS] f=96360 calls=2 n0=2493 n1=288 prims=85788 bb=160,1120,0,694
[OTT] walkUs=3950 texUs=223 emitUs=1133 submitUs=391 otherUs=2201 prims=592 usPerPrim=6
[FT] avgMs=17 worstMs=59 gameMs=5 drawMs=11 swapWait=0ms draws=172 decodes=0 decMs=0
[OTS] f=96480 calls=2 n0=2487 n1=288 prims=85758 bb=160,1120,0,694
[OTT] walkUs=4074 texUs=188 emitUs=1120 submitUs=427 otherUs=2337 prims=586 usPerPrim=6
[SH-XBOX] vblank 96600
[MEM] tick: free=3820KB (955 pages)
[FT] avgMs=16 worstMs=46 gameMs=5 drawMs=11 swapWait=0ms draws=172 decodes=0 decMs=0
[OTS] f=96600 calls=2 n0=2499 n1=288 prims=85934 bb=160,1120,0,694
[OTT] walkUs=3857 texUs=195 emitUs=1144 submitUs=427 otherUs=2090 prims=598 usPerPrim=6
[FT] avgMs=16 worstMs=49 gameMs=5 drawMs=11 swapWait=0ms draws=172 decodes=0 decMs=0
[OTS] f=96720 calls=2 n0=2501 n1=288 prims=85566 bb=160,1120,0,694
[OTT] walkUs=4122 texUs=196 emitUs=1155 submitUs=481 otherUs=2289 prims=600 usPerPrim=6
[FT] avgMs=16 worstMs=51 gameMs=5 drawMs=11 swapWait=0ms draws=171 decodes=0 decMs=0
[OTS] f=96840 calls=2 n0=2491 n1=288 prims=85959 bb=160,1120,0,694
[OTT] walkUs=4120 texUs=195 emitUs=1125 submitUs=457 otherUs=2342 prims=590 usPerPrim=6
[FT] avgMs=17 worstMs=58 gameMs=6 drawMs=10 swapWait=1ms draws=172 decodes=0 decMs=0
[OTS] f=96960 calls=2 n0=2490 n1=288 prims=85562 bb=160,1120,0,694
[OTT] walkUs=3921 texUs=193 emitUs=1121 submitUs=405 otherUs=2201 prims=589 usPerPrim=6
[FT] avgMs=16 worstMs=46 gameMs=6 drawMs=10 swapWait=0ms draws=172 decodes=0 decMs=0
[OTS] f=97080 calls=2 n0=2495 n1=288 prims=85989 bb=160,1120,0,694
[OTT] walkUs=3920 texUs=192 emitUs=1135 submitUs=641 otherUs=1951 prims=594 usPerPrim=6
[SH-XBOX] vblank 97200
[MEM] tick: free=3820KB (955 pages)
[FT] avgMs=16 worstMs=53 gameMs=6 drawMs=10 swapWait=0ms draws=172 decodes=0 decMs=0
[OTS] f=97200 calls=2 n0=2490 n1=288 prims=85589 bb=160,1120,0,694
[OTT] walkUs=4094 texUs=192 emitUs=1125 submitUs=397 otherUs=2378 prims=589 usPerPrim=6
[FT] avgMs=16 worstMs=49 gameMs=6 drawMs=10 swapWait=1ms draws=172 decodes=0 decMs=0
[OTS] f=97320 calls=2 n0=2489 n1=288 prims=85989 bb=160,1120,0,694
[OTT] walkUs=3632 texUs=193 emitUs=1120 submitUs=565 otherUs=1753 prims=588 usPerPrim=6
[FT] avgMs=17 worstMs=58 gameMs=6 drawMs=10 swapWait=0ms draws=172 decodes=0 decMs=0
[OTS] f=97440 calls=2 n0=2489 n1=288 prims=85719 bb=160,1120,0,694
[OTT] walkUs=3826 texUs=192 emitUs=1121 submitUs=388 otherUs=2124 prims=588 usPerPrim=6
[FT] avgMs=16 worstMs=46 gameMs=5 drawMs=11 swapWait=0ms draws=172 decodes=0 decMs=0
[OTS] f=97560 calls=2 n0=2485 n1=288 prims=85884 bb=160,1120,0,694
[OTT] walkUs=3957 texUs=197 emitUs=1113 submitUs=732 otherUs=1913 prims=584 usPerPrim=6
[FT] avgMs=16 worstMs=48 gameMs=6 drawMs=10 swapWait=0ms draws=172 decodes=0 decMs=0
[OTS] f=97680 calls=2 n0=2480 n1=288 prims=85796 bb=160,1120,0,694
[OTT] walkUs=3550 texUs=186 emitUs=1099 submitUs=402 otherUs=1861 prims=579 usPerPrim=6
[SH-XBOX] vblank 97800
[MEM] tick: free=3820KB (955 pages)
[FT] avgMs=16 worstMs=48 gameMs=6 drawMs=10 swapWait=0ms draws=172 decodes=0 decMs=0
[OTS] f=97800 calls=2 n0=2494 n1=288 prims=85720 bb=160,1120,0,694
[OTT] walkUs=3846 texUs=191 emitUs=1143 submitUs=450 otherUs=2060 prims=593 usPerPrim=6
[FT] avgMs=16 worstMs=56 gameMs=6 drawMs=10 swapWait=0ms draws=172 decodes=0 decMs=0
[OTS] f=97920 calls=2 n0=2492 n1=288 prims=85874 bb=160,1120,0,694
[OTT] walkUs=3847 texUs=190 emitUs=1132 submitUs=468 otherUs=2055 prims=591 usPerPrim=6
[FT] avgMs=16 worstMs=52 gameMs=6 drawMs=10 swapWait=0ms draws=172 decodes=0 decMs=0
[OTS] f=98040 calls=2 n0=2498 n1=288 prims=85833 bb=160,1120,0,694
[OTT] walkUs=3841 texUs=193 emitUs=1143 submitUs=496 otherUs=2007 prims=597 usPerPrim=6
[FT] avgMs=16 worstMs=49 gameMs=6 drawMs=10 swapWait=0ms draws=172 decodes=0 decMs=0
[OTS] f=98160 calls=2 n0=2495 n1=288 prims=85756 bb=160,1120,0,694
[OTT] walkUs=3893 texUs=192 emitUs=1138 submitUs=649 otherUs=1913 prims=594 usPerPrim=6
[FT] avgMs=16 worstMs=54 gameMs=6 drawMs=10 swapWait=1ms draws=172 decodes=0 decMs=0
[OTS] f=98280 calls=2 n0=2494 n1=288 prims=85685 bb=160,1120,0,694
[OTT] walkUs=3875 texUs=192 emitUs=1137 submitUs=671 otherUs=1873 prims=593 usPerPrim=6
[SH-XBOX] vblank 98400
[MEM] tick: free=3820KB (955 pages)
[FT] avgMs=16 worstMs=50 gameMs=6 drawMs=10 swapWait=0ms draws=172 decodes=0 decMs=0
[OTS] f=98400 calls=2 n0=2485 n1=288 prims=86018 bb=160,1120,0,694
[OTT] walkUs=3973 texUs=189 emitUs=1112 submitUs=400 otherUs=2271 prims=584 usPerPrim=6
[FT] avgMs=16 worstMs=46 gameMs=6 drawMs=10 swapWait=0ms draws=172 decodes=0 decMs=0
[OTS] f=98520 calls=2 n0=2504 n1=288 prims=85733 bb=160,1120,0,694
[OTT] walkUs=4117 texUs=198 emitUs=1159 submitUs=482 otherUs=2277 prims=603 usPerPrim=6
[FT] avgMs=16 worstMs=56 gameMs=7 drawMs=9 swapWait=0ms draws=171 decodes=0 decMs=0
[OTS] f=98640 calls=2 n0=2500 n1=288 prims=85820 bb=160,1120,0,694
[OTT] walkUs=3779 texUs=194 emitUs=1146 submitUs=593 otherUs=1846 prims=599 usPerPrim=6
[FT] avgMs=16 worstMs=49 gameMs=6 drawMs=10 swapWait=0ms draws=172 decodes=0 decMs=0
[OTS] f=98760 calls=2 n0=2491 n1=288 prims=85632 bb=160,1120,0,694
[OTT] walkUs=3993 texUs=190 emitUs=1139 submitUs=474 otherUs=2188 prims=590 usPerPrim=6
[FT] avgMs=17 worstMs=58 gameMs=6 drawMs=11 swapWait=0ms draws=172 decodes=0 decMs=0
[OTS] f=98880 calls=2 n0=2493 n1=288 prims=86027 bb=160,1120,0,694
[OTT] walkUs=3908 texUs=191 emitUs=1127 submitUs=448 otherUs=2140 prims=592 usPerPrim=6
[SH-XBOX] vblank 99000
[MEM] tick: free=3820KB (955 pages)
[FT] avgMs=16 worstMs=44 gameMs=6 drawMs=10 swapWait=0ms draws=172 decodes=0 decMs=0
[OTS] f=99000 calls=2 n0=2496 n1=288 prims=85553 bb=160,1120,0,694
[OTT] walkUs=3973 texUs=193 emitUs=1136 submitUs=454 otherUs=2189 prims=595 usPerPrim=6
[FT] avgMs=16 worstMs=55 gameMs=6 drawMs=10 swapWait=0ms draws=172 decodes=0 decMs=0
[OTS] f=99120 calls=2 n0=2495 n1=288 prims=85998 bb=160,1120,0,694
[OTT] walkUs=4092 texUs=194 emitUs=1135 submitUs=617 otherUs=2145 prims=594 usPerPrim=6
[FT] avgMs=16 worstMs=48 gameMs=6 drawMs=10 swapWait=0ms draws=172 decodes=0 decMs=0
[OTS] f=99240 calls=2 n0=2481 n1=288 prims=85666 bb=160,1120,0,694
[OTT] walkUs=3930 texUs=187 emitUs=1099 submitUs=424 otherUs=2217 prims=580 usPerPrim=6
[FT] avgMs=16 worstMs=56 gameMs=6 drawMs=10 swapWait=0ms draws=172 decodes=0 decMs=0
[OTS] f=99360 calls=2 n0=2488 n1=288 prims=85951 bb=160,1120,0,694
[OTT] walkUs=4095 texUs=192 emitUs=1117 submitUs=744 otherUs=2041 prims=587 usPerPrim=6
[FT] avgMs=16 worstMs=52 gameMs=6 drawMs=10 swapWait=0ms draws=172 decodes=0 decMs=0
[OTS] f=99480 calls=2 n0=2484 n1=288 prims=85792 bb=160,1120,0,694
[OTT] walkUs=4195 texUs=187 emitUs=1120 submitUs=411 otherUs=2476 prims=583 usPerPrim=7
[SH-XBOX] vblank 99600
[MEM] tick: free=3820KB (955 pages)
[FT] avgMs=16 worstMs=51 gameMs=6 drawMs=10 swapWait=0ms draws=172 decodes=0 decMs=0
[OTS] f=99600 calls=2 n0=2487 n1=288 prims=85760 bb=160,1120,0,694
[OTT] walkUs=3927 texUs=190 emitUs=1122 submitUs=483 otherUs=2131 prims=586 usPerPrim=6
[FT] avgMs=16 worstMs=56 gameMs=6 drawMs=10 swapWait=0ms draws=172 decodes=0 decMs=0
[OTS] f=99720 calls=2 n0=2489 n1=288 prims=85800 bb=160,1120,0,694
[OTT] walkUs=3936 texUs=191 emitUs=1133 submitUs=398 otherUs=2213 prims=588 usPerPrim=6
[FT] avgMs=16 worstMs=49 gameMs=6 drawMs=10 swapWait=0ms draws=172 decodes=0 decMs=0
[OTS] f=99840 calls=2 n0=2490 n1=288 prims=85758 bb=160,1120,0,694
[OTT] walkUs=4028 texUs=191 emitUs=1123 submitUs=568 otherUs=2145 prims=589 usPerPrim=6
[FT] avgMs=16 worstMs=44 gameMs=6 drawMs=10 swapWait=0ms draws=172 decodes=0 decMs=0
[OTS] f=99960 calls=2 n0=2489 n1=288 prims=85891 bb=160,1120,0,694
[OTT] walkUs=3779 texUs=190 emitUs=1124 submitUs=398 otherUs=2065 prims=588 usPerPrim=6
[FT] avgMs=16 worstMs=54 gameMs=6 drawMs=10 swapWait=0ms draws=172 decodes=0 decMs=0
[OTS] f=100080 calls=2 n0=2494 n1=288 prims=85638 bb=160,1120,0,694
[OTT] walkUs=3740 texUs=193 emitUs=1133 submitUs=569 otherUs=1844 prims=593 usPerPrim=6
[SH-XBOX] vblank 100200
[MEM] tick: free=3820KB (955 pages)
[FT] avgMs=17 worstMs=72 gameMs=6 drawMs=10 swapWait=0ms draws=172 decodes=0 decMs=0
[OTS] f=100200 calls=2 n0=2492 n1=288 prims=85875 bb=160,1120,0,694
[OTT] walkUs=3862 texUs=191 emitUs=1129 submitUs=386 otherUs=2155 prims=591 usPerPrim=6
[FT] avgMs=16 worstMs=48 gameMs=6 drawMs=10 swapWait=0ms draws=172 decodes=0 decMs=0
[OTS] f=100320 calls=2 n0=2487 n1=288 prims=85773 bb=160,1120,0,694
[OTT] walkUs=3726 texUs=189 emitUs=1120 submitUs=431 otherUs=1985 prims=586 usPerPrim=6
[FT] avgMs=16 worstMs=44 gameMs=6 drawMs=10 swapWait=0ms draws=171 decodes=0 decMs=0
[OTS] f=100440 calls=2 n0=2501 n1=288 prims=85862 bb=160,1120,0,694
[OTT] walkUs=4016 texUs=197 emitUs=1152 submitUs=410 otherUs=2256 prims=600 usPerPrim=6
[FT] avgMs=17 worstMs=58 gameMs=6 drawMs=10 swapWait=0ms draws=172 decodes=0 decMs=0
[OTS] f=100560 calls=2 n0=2501 n1=288 prims=85623 bb=160,1120,0,694
[OTT] walkUs=3975 texUs=196 emitUs=1149 submitUs=422 otherUs=2206 prims=600 usPerPrim=6
[FT] avgMs=17 worstMs=57 gameMs=6 drawMs=11 swapWait=0ms draws=171 decodes=0 decMs=0
[OTS] f=100680 calls=2 n0=2488 n1=288 prims=85977 bb=160,1120,0,694
[OTT] walkUs=3911 texUs=193 emitUs=1115 submitUs=450 otherUs=2152 prims=587 usPerPrim=6
[SH-XBOX] vblank 100800
[MEM] tick: free=3820KB (955 pages)
[FT] avgMs=16 worstMs=56 gameMs=6 drawMs=10 swapWait=0ms draws=172 decodes=0 decMs=0
[OTS] f=100800 calls=2 n0=2492 n1=288 prims=85594 bb=160,1120,0,694
[OTT] walkUs=3660 texUs=191 emitUs=1135 submitUs=409 otherUs=1923 prims=591 usPerPrim=6
[FT] avgMs=16 worstMs=51 gameMs=6 drawMs=10 swapWait=0ms draws=172 decodes=0 decMs=0
[OTS] f=100920 calls=2 n0=2496 n1=288 prims=85967 bb=160,1120,0,694
[OTT] walkUs=4144 texUs=192 emitUs=1142 submitUs=396 otherUs=2414 prims=595 usPerPrim=6
[FT] avgMs=16 worstMs=48 gameMs=5 drawMs=11 swapWait=0ms draws=172 decodes=0 decMs=0
[OTS] f=101040 calls=2 n0=2490 n1=288 prims=85691 bb=160,1120,0,694
[OTT] walkUs=3848 texUs=190 emitUs=1125 submitUs=462 otherUs=2070 prims=589 usPerPrim=6
[FT] avgMs=16 worstMs=56 gameMs=6 drawMs=10 swapWait=0ms draws=172 decodes=0 decMs=0
[OTS] f=101160 calls=2 n0=2489 n1=288 prims=86020 bb=160,1120,0,694
[OTT] walkUs=3871 texUs=189 emitUs=1123 submitUs=399 otherUs=2158 prims=588 usPerPrim=6
[FT] avgMs=16 worstMs=53 gameMs=5 drawMs=11 swapWait=0ms draws=172 decodes=0 decMs=0
[OTS] f=101280 calls=2 n0=2491 n1=288 prims=85655 bb=160,1120,0,694
[OTT] walkUs=4156 texUs=192 emitUs=1128 submitUs=684 otherUs=2151 prims=590 usPerPrim=7
[SH-XBOX] vblank 101400
[MEM] tick: free=3820KB (955 pages)
[FT] avgMs=17 worstMs=62 gameMs=5 drawMs=11 swapWait=0ms draws=172 decodes=0 decMs=0
[OTS] f=101400 calls=2 n0=2486 n1=288 prims=85933 bb=160,1120,0,694
[OTT] walkUs=3998 texUs=189 emitUs=1119 submitUs=564 otherUs=2124 prims=585 usPerPrim=6
[FT] avgMs=16 worstMs=53 gameMs=5 drawMs=11 swapWait=0ms draws=172 decodes=0 decMs=0
[OTS] f=101520 calls=2 n0=2479 n1=288 prims=85763 bb=160,1120,0,694
[OTT] walkUs=4049 texUs=188 emitUs=1096 submitUs=399 otherUs=2364 prims=578 usPerPrim=7
[FT] avgMs=16 worstMs=55 gameMs=5 drawMs=11 swapWait=0ms draws=172 decodes=0 decMs=0
[OTS] f=101640 calls=2 n0=2494 n1=288 prims=85785 bb=160,1120,0,694
[OTT] walkUs=4284 texUs=192 emitUs=1134 submitUs=403 otherUs=2554 prims=593 usPerPrim=7
[FT] avgMs=16 worstMs=51 gameMs=5 drawMs=11 swapWait=0ms draws=172 decodes=0 decMs=0
[OTS] f=101760 calls=2 n0=2492 n1=288 prims=85873 bb=160,1120,0,694
[OTT] walkUs=4028 texUs=193 emitUs=1127 submitUs=402 otherUs=2305 prims=591 usPerPrim=6
[FT] avgMs=17 worstMs=59 gameMs=6 drawMs=10 swapWait=0ms draws=172 decodes=0 decMs=0
[OTS] f=101880 calls=2 n0=2496 n1=288 prims=85694 bb=160,1120,0,694
[OTT] walkUs=3776 texUs=196 emitUs=1131 submitUs=381 otherUs=2067 prims=595 usPerPrim=6
[SH-XBOX] vblank 102000
[MEM] tick: free=3820KB (955 pages)
[FT] avgMs=16 worstMs=46 gameMs=6 drawMs=10 swapWait=0ms draws=172 decodes=0 decMs=0
[OTS] f=102000 calls=2 n0=2494 n1=288 prims=85870 bb=160,1120,0,694
[OTT] walkUs=4237 texUs=191 emitUs=1130 submitUs=573 otherUs=2341 prims=593 usPerPrim=7
[FT] avgMs=16 worstMs=54 gameMs=6 drawMs=10 swapWait=0ms draws=172 decodes=0 decMs=0
[OTS] f=102120 calls=2 n0=2493 n1=288 prims=85701 bb=160,1120,0,694
[OTT] walkUs=3809 texUs=191 emitUs=1136 submitUs=405 otherUs=2075 prims=592 usPerPrim=6
[FT] avgMs=16 worstMs=50 gameMs=6 drawMs=10 swapWait=0ms draws=172 decodes=0 decMs=0
[OTS] f=102240 calls=2 n0=2487 n1=288 prims=85880 bb=160,1120,0,694
[OTT] walkUs=3858 texUs=190 emitUs=1118 submitUs=419 otherUs=2130 prims=586 usPerPrim=6
[FT] avgMs=17 worstMs=58 gameMs=6 drawMs=10 swapWait=0ms draws=172 decodes=0 decMs=0
[OTS] f=102360 calls=2 n0=2503 n1=288 prims=85672 bb=160,1120,0,694
[OTT] walkUs=3983 texUs=196 emitUs=1153 submitUs=541 otherUs=2091 prims=602 usPerPrim=6
[FT] avgMs=16 worstMs=52 gameMs=5 drawMs=11 swapWait=0ms draws=171 decodes=0 decMs=0
[OTS] f=102480 calls=2 n0=2499 n1=288 prims=85883 bb=160,1120,0,694
[OTT] walkUs=3818 texUs=196 emitUs=1142 submitUs=420 otherUs=2059 prims=598 usPerPrim=6
[SH-XBOX] vblank 102600
[MEM] tick: free=3820KB (955 pages)
[FT] avgMs=16 worstMs=54 gameMs=6 drawMs=10 swapWait=1ms draws=172 decodes=0 decMs=0
[OTS] f=102600 calls=2 n0=2491 n1=288 prims=85631 bb=160,1120,0,694
[OTT] walkUs=3995 texUs=194 emitUs=1127 submitUs=411 otherUs=2262 prims=590 usPerPrim=6
[FT] avgMs=16 worstMs=49 gameMs=6 drawMs=10 swapWait=0ms draws=171 decodes=0 decMs=0
[OTS] f=102720 calls=2 n0=2492 n1=288 prims=85896 bb=160,1120,0,694
[OTT] walkUs=3831 texUs=194 emitUs=1125 submitUs=480 otherUs=2031 prims=591 usPerPrim=6
[FT] avgMs=17 worstMs=57 gameMs=6 drawMs=10 swapWait=0ms draws=172 decodes=0 decMs=0
[OTS] f=102840 calls=2 n0=2496 n1=288 prims=85677 bb=160,1120,0,694
[OTT] walkUs=3833 texUs=192 emitUs=1140 submitUs=452 otherUs=2048 prims=595 usPerPrim=6
[FT] avgMs=16 worstMs=47 gameMs=6 drawMs=10 swapWait=0ms draws=172 decodes=0 decMs=0
[OTS] f=102960 calls=2 n0=2495 n1=288 prims=86012 bb=160,1120,0,694
[OTT] walkUs=4030 texUs=192 emitUs=1140 submitUs=864 otherUs=1832 prims=594 usPerPrim=6
[FT] avgMs=17 worstMs=56 gameMs=6 drawMs=10 swapWait=0ms draws=172 decodes=0 decMs=0
[OTS] f=103080 calls=2 n0=2483 n1=288 prims=85615 bb=160,1120,0,694
[OTT] walkUs=3927 texUs=188 emitUs=1113 submitUs=446 otherUs=2179 prims=582 usPerPrim=6
[SH-XBOX] vblank 103200
[MEM] tick: free=3820KB (955 pages)
[FT] avgMs=16 worstMs=55 gameMs=6 drawMs=10 swapWait=0ms draws=172 decodes=0 decMs=0
[OTS] f=103200 calls=2 n0=2489 n1=288 prims=85961 bb=160,1120,0,694
[OTT] walkUs=3905 texUs=190 emitUs=1123 submitUs=597 otherUs=1993 prims=588 usPerPrim=6
[FT] avgMs=16 worstMs=51 gameMs=6 drawMs=10 swapWait=1ms draws=172 decodes=0 decMs=0
[OTS] f=103320 calls=2 n0=2481 n1=288 prims=85737 bb=160,1120,0,694
[OTT] walkUs=4008 texUs=188 emitUs=1102 submitUs=618 otherUs=2098 prims=580 usPerPrim=6
[FT] avgMs=16 worstMs=42 gameMs=6 drawMs=10 swapWait=0ms draws=172 decodes=0 decMs=0
[OTS] f=103440 calls=2 n0=2488 n1=288 prims=85845 bb=160,1120,0,694
[OTT] walkUs=4029 texUs=190 emitUs=1130 submitUs=506 otherUs=2202 prims=587 usPerPrim=6
[FT] avgMs=16 worstMs=53 gameMs=7 drawMs=9 swapWait=0ms draws=172 decodes=0 decMs=0
[OTS] f=103560 calls=2 n0=2491 n1=288 prims=85814 bb=160,1120,0,694
[OTT] walkUs=4047 texUs=193 emitUs=1128 submitUs=495 otherUs=2230 prims=590 usPerPrim=6
[FT] avgMs=16 worstMs=49 gameMs=6 drawMs=10 swapWait=0ms draws=172 decodes=0 decMs=0
[OTS] f=103680 calls=2 n0=2490 n1=288 prims=85840 bb=160,1120,0,694
[OTT] walkUs=4128 texUs=189 emitUs=1122 submitUs=466 otherUs=2349 prims=589 usPerPrim=7
[SH-XBOX] vblank 103800
[MEM] tick: free=3820KB (955 pages)
[FT] avgMs=17 worstMs=57 gameMs=6 drawMs=10 swapWait=0ms draws=172 decodes=0 decMs=0
[OTS] f=103800 calls=2 n0=2488 n1=288 prims=85890 bb=160,1120,0,694
[OTT] walkUs=4235 texUs=190 emitUs=1121 submitUs=395 otherUs=2528 prims=587 usPerPrim=7
[FT] avgMs=16 worstMs=45 gameMs=6 drawMs=10 swapWait=0ms draws=172 decodes=0 decMs=0
[OTS] f=103920 calls=2 n0=2496 n1=288 prims=85620 bb=160,1120,0,694
[OTT] walkUs=4110 texUs=192 emitUs=1142 submitUs=835 otherUs=1938 prims=595 usPerPrim=6
[FT] avgMs=16 worstMs=54 gameMs=6 drawMs=10 swapWait=0ms draws=172 decodes=0 decMs=0
[OTS] f=104040 calls=2 n0=2493 n1=288 prims=85907 bb=160,1120,0,694
[OTT] walkUs=3776 texUs=192 emitUs=1135 submitUs=452 otherUs=1995 prims=592 usPerPrim=6
[FT] avgMs=16 worstMs=50 gameMs=6 drawMs=10 swapWait=0ms draws=172 decodes=0 decMs=0
[OTS] f=104160 calls=2 n0=2485 n1=288 prims=85698 bb=160,1120,0,694
[OTT] walkUs=3782 texUs=189 emitUs=1107 submitUs=470 otherUs=2014 prims=584 usPerPrim=6
[FT] avgMs=16 worstMs=56 gameMs=6 drawMs=10 swapWait=0ms draws=171 decodes=0 decMs=0
[OTS] f=104280 calls=2 n0=2500 n1=288 prims=85941 bb=160,1120,0,694
[OTT] walkUs=3710 texUs=193 emitUs=1147 submitUs=428 otherUs=1941 prims=599 usPerPrim=6
[SH-XBOX] vblank 104400
[MEM] tick: free=3820KB (955 pages)
[FT] avgMs=17 worstMs=58 gameMs=6 drawMs=10 swapWait=0ms draws=172 decodes=0 decMs=0
[OTS] f=104400 calls=2 n0=2501 n1=288 prims=85630 bb=160,1120,0,694
[OTT] walkUs=3912 texUs=196 emitUs=1149 submitUs=570 otherUs=1995 prims=600 usPerPrim=6
[FT] avgMs=16 worstMs=53 gameMs=6 drawMs=10 swapWait=1ms draws=171 decodes=0 decMs=0
[OTS] f=104520 calls=2 n0=2491 n1=288 prims=85834 bb=160,1120,0,694
[OTT] walkUs=4145 texUs=190 emitUs=1128 submitUs=420 otherUs=2405 prims=590 usPerPrim=7
[FT] avgMs=16 worstMs=50 gameMs=6 drawMs=10 swapWait=0ms draws=172 decodes=0 decMs=0
[OTS] f=104640 calls=2 n0=2492 n1=288 prims=85686 bb=160,1120,0,694
[OTT] walkUs=3798 texUs=191 emitUs=1130 submitUs=445 otherUs=2030 prims=591 usPerPrim=6
[FT] avgMs=17 worstMs=58 gameMs=6 drawMs=10 swapWait=1ms draws=172 decodes=0 decMs=0
[OTS] f=104760 calls=2 n0=2496 n1=288 prims=86004 bb=160,1120,0,694
[OTT] walkUs=3944 texUs=194 emitUs=1138 submitUs=394 otherUs=2218 prims=595 usPerPrim=6
[FT] avgMs=16 worstMs=45 gameMs=6 drawMs=10 swapWait=0ms draws=172 decodes=0 decMs=0
[OTS] f=104880 calls=2 n0=2490 n1=288 prims=85560 bb=160,1120,0,694
[OTT] walkUs=3953 texUs=190 emitUs=1129 submitUs=570 otherUs=2063 prims=589 usPerPrim=6
[SH-XBOX] vblank 105000
[MEM] tick: free=3820KB (955 pages)
[FT] avgMs=16 worstMs=54 gameMs=6 drawMs=10 swapWait=0ms draws=172 decodes=0 decMs=0
[OTS] f=105000 calls=2 n0=2487 n1=288 prims=85911 bb=160,1120,0,694
[OTT] walkUs=3780 texUs=190 emitUs=1117 submitUs=421 otherUs=2051 prims=586 usPerPrim=6
[FT] avgMs=16 worstMs=48 gameMs=6 drawMs=10 swapWait=0ms draws=172 decodes=0 decMs=0
[OTS] f=105120 calls=2 n0=2490 n1=288 prims=85739 bb=160,1120,0,694
[OTT] walkUs=3838 texUs=191 emitUs=1134 submitUs=471 otherUs=2041 prims=589 usPerPrim=6
[FT] avgMs=16 worstMs=56 gameMs=6 drawMs=10 swapWait=0ms draws=172 decodes=0 decMs=0
[OTS] f=105240 calls=2 n0=2486 n1=288 prims=85945 bb=160,1120,0,694
[OTT] walkUs=3866 texUs=188 emitUs=1114 submitUs=706 otherUs=1856 prims=585 usPerPrim=6
[FT] avgMs=17 worstMs=58 gameMs=6 drawMs=10 swapWait=0ms draws=172 decodes=0 decMs=0
[OTS] f=105360 calls=2 n0=2480 n1=288 prims=85653 bb=160,1120,0,694
[OTT] walkUs=3880 texUs=187 emitUs=1105 submitUs=438 otherUs=2149 prims=579 usPerPrim=6
[FT] avgMs=16 worstMs=54 gameMs=6 drawMs=10 swapWait=0ms draws=172 decodes=0 decMs=0
[OTS] f=105480 calls=2 n0=2494 n1=288 prims=85853 bb=160,1120,0,694
[OTT] walkUs=3860 texUs=192 emitUs=1134 submitUs=399 otherUs=2132 prims=593 usPerPrim=6
[SH-XBOX] vblank 105600
[MEM] tick: free=3820KB (955 pages)
[FT] avgMs=16 worstMs=49 gameMs=6 drawMs=10 swapWait=0ms draws=172 decodes=0 decMs=0
[OTS] f=105600 calls=2 n0=2492 n1=288 prims=85888 bb=160,1120,0,694
[OTT] walkUs=4040 texUs=190 emitUs=1132 submitUs=489 otherUs=2227 prims=591 usPerPrim=6
[FT] avgMs=16 worstMs=57 gameMs=6 drawMs=10 swapWait=0ms draws=172 decodes=0 decMs=0
[OTS] f=105720 calls=2 n0=2498 n1=288 prims=85682 bb=160,1120,0,694
[OTT] walkUs=3920 texUs=193 emitUs=1140 submitUs=384 otherUs=2201 prims=597 usPerPrim=6
[FT] avgMs=16 worstMs=51 gameMs=6 drawMs=10 swapWait=0ms draws=172 decodes=0 decMs=0
[OTS] f=105840 calls=2 n0=2495 n1=288 prims=85882 bb=160,1120,0,694
[OTT] walkUs=4251 texUs=192 emitUs=1137 submitUs=563 otherUs=2358 prims=594 usPerPrim=7
[FT] avgMs=16 worstMs=49 gameMs=5 drawMs=11 swapWait=0ms draws=172 decodes=0 decMs=0
[OTS] f=105960 calls=2 n0=2491 n1=288 prims=85609 bb=160,1120,0,694
[OTT] walkUs=3959 texUs=191 emitUs=1121 submitUs=580 otherUs=2065 prims=590 usPerPrim=6
[FT] avgMs=16 worstMs=56 gameMs=5 drawMs=11 swapWait=0ms draws=172 decodes=0 decMs=0
[OTS] f=106080 calls=2 n0=2486 n1=288 prims=85987 bb=160,1120,0,694
[OTT] walkUs=3824 texUs=188 emitUs=1119 submitUs=405 otherUs=2110 prims=585 usPerPrim=6
[SH-XBOX] vblank 106200
[MEM] tick: free=3820KB (955 pages)
[FT] avgMs=16 worstMs=52 gameMs=5 drawMs=11 swapWait=0ms draws=172 decodes=0 decMs=0
[OTS] f=106200 calls=2 n0=2504 n1=288 prims=85714 bb=160,1120,0,694
[OTT] walkUs=4344 texUs=195 emitUs=1157 submitUs=677 otherUs=2312 prims=603 usPerPrim=7
[FT] avgMs=16 worstMs=51 gameMs=5 drawMs=11 swapWait=0ms draws=172 decodes=0 decMs=0
[OTS] f=106320 calls=2 n0=2501 n1=288 prims=85942 bb=160,1120,0,694
[OTT] walkUs=3882 texUs=195 emitUs=1154 submitUs=819 otherUs=1713 prims=600 usPerPrim=6
[FT] avgMs=16 worstMs=55 gameMs=5 drawMs=11 swapWait=0ms draws=172 decodes=0 decMs=0
[OTS] f=106440 calls=2 n0=2489 n1=288 prims=85622 bb=160,1120,0,694
[OTT] walkUs=3799 texUs=194 emitUs=1118 submitUs=522 otherUs=1963 prims=588 usPerPrim=6
[FT] avgMs=17 worstMs=50 gameMs=5 drawMs=11 swapWait=0ms draws=171 decodes=0 decMs=0
[OTS] f=106560 calls=2 n0=2494 n1=288 prims=85922 bb=160,1120,0,694
[OTT] walkUs=3772 texUs=197 emitUs=1131 submitUs=462 otherUs=1981 prims=593 usPerPrim=6
[FT] avgMs=17 worstMs=58 gameMs=5 drawMs=11 swapWait=0ms draws=172 decodes=0 decMs=0
[OTS] f=106680 calls=2 n0=2496 n1=288 prims=85657 bb=160,1120,0,694
[OTT] walkUs=3905 texUs=193 emitUs=1140 submitUs=824 otherUs=1746 prims=595 usPerPrim=6
[SH-XBOX] vblank 106800
[MEM] tick: free=3820KB (955 pages)
[FT] avgMs=16 worstMs=46 gameMs=6 drawMs=10 swapWait=0ms draws=171 decodes=0 decMs=0
[OTS] f=106800 calls=2 n0=2493 n1=288 prims=85898 bb=160,1120,0,694
[OTT] walkUs=3890 texUs=193 emitUs=1131 submitUs=395 otherUs=2170 prims=592 usPerPrim=6
[FT] avgMs=16 worstMs=53 gameMs=6 drawMs=10 swapWait=0ms draws=172 decodes=0 decMs=0
[OTS] f=106920 calls=2 n0=2482 n1=288 prims=85717 bb=160,1120,0,694
[OTT] walkUs=3826 texUs=190 emitUs=1103 submitUs=412 otherUs=2120 prims=581 usPerPrim=6
[FT] avgMs=16 worstMs=48 gameMs=6 drawMs=10 swapWait=0ms draws=172 decodes=0 decMs=0
[OTS] f=107040 calls=2 n0=2489 n1=288 prims=85980 bb=160,1120,0,694
[OTT] walkUs=3840 texUs=192 emitUs=1121 submitUs=431 otherUs=2096 prims=588 usPerPrim=6
[FT] avgMs=17 worstMs=58 gameMs=6 drawMs=10 swapWait=0ms draws=171 decodes=0 decMs=0
[OTS] f=107160 calls=2 n0=2484 n1=288 prims=85655 bb=160,1120,0,694
[OTT] walkUs=3969 texUs=188 emitUs=1113 submitUs=393 otherUs=2273 prims=583 usPerPrim=6
[FT] avgMs=16 worstMs=50 gameMs=6 drawMs=10 swapWait=1ms draws=172 decodes=0 decMs=0
[OTS] f=107280 calls=2 n0=2487 n1=288 prims=85900 bb=160,1120,0,694
[OTT] walkUs=4045 texUs=189 emitUs=1117 submitUs=395 otherUs=2342 prims=586 usPerPrim=6
[SH-XBOX] vblank 107400
[MEM] tick: free=3820KB (955 pages)
[FT] avgMs=16 worstMs=55 gameMs=5 drawMs=11 swapWait=0ms draws=172 decodes=0 decMs=0
[OTS] f=107400 calls=2 n0=2488 n1=288 prims=85837 bb=160,1120,0,694
[OTT] walkUs=3825 texUs=190 emitUs=1117 submitUs=437 otherUs=2079 prims=587 usPerPrim=6
[FT] avgMs=17 worstMs=48 gameMs=6 drawMs=10 swapWait=0ms draws=172 decodes=0 decMs=0
[OTS] f=107520 calls=2 n0=2490 n1=288 prims=85727 bb=160,1120,0,694
[OTT] walkUs=4148 texUs=194 emitUs=1128 submitUs=433 otherUs=2393 prims=589 usPerPrim=7
[FT] avgMs=16 worstMs=56 gameMs=6 drawMs=10 swapWait=0ms draws=172 decodes=0 decMs=0
[OTS] f=107640 calls=2 n0=2487 n1=288 prims=85767 bb=160,1120,0,694
[OTT] walkUs=3942 texUs=198 emitUs=1124 submitUs=457 otherUs=2161 prims=586 usPerPrim=6
[FT] avgMs=16 worstMs=50 gameMs=6 drawMs=10 swapWait=0ms draws=172 decodes=0 decMs=0
[OTS] f=107760 calls=2 n0=2496 n1=288 prims=85709 bb=160,1120,0,694
[OTT] walkUs=4012 texUs=192 emitUs=1142 submitUs=460 otherUs=2216 prims=595 usPerPrim=6
[FT] avgMs=17 worstMs=73 gameMs=6 drawMs=10 swapWait=1ms draws=172 decodes=0 decMs=0
[OTS] f=107880 calls=2 n0=2493 n1=288 prims=85933 bb=160,1120,0,694
[OTT] walkUs=4134 texUs=192 emitUs=1134 submitUs=718 otherUs=2089 prims=592 usPerPrim=6
[SH-XBOX] vblank 108000
[MEM] tick: free=3820KB (955 pages)
[FT] avgMs=17 worstMs=56 gameMs=6 drawMs=10 swapWait=0ms draws=172 decodes=0 decMs=0
[OTS] f=108000 calls=2 n0=2487 n1=288 prims=85621 bb=160,1120,0,694
[OTT] walkUs=4174 texUs=188 emitUs=1120 submitUs=406 otherUs=2459 prims=586 usPerPrim=7
[FT] avgMs=16 worstMs=56 gameMs=6 drawMs=10 swapWait=0ms draws=172 decodes=0 decMs=0
[OTS] f=108120 calls=2 n0=2501 n1=288 prims=85985 bb=160,1120,0,694
[OTT] walkUs=4006 texUs=194 emitUs=1159 submitUs=426 otherUs=2226 prims=600 usPerPrim=6
[FT] avgMs=16 worstMs=51 gameMs=6 drawMs=10 swapWait=0ms draws=172 decodes=0 decMs=0
[OTS] f=108240 calls=2 n0=2498 n1=288 prims=85594 bb=160,1120,0,694
[OTT] walkUs=3818 texUs=193 emitUs=1141 submitUs=394 otherUs=2088 prims=597 usPerPrim=6
[FT] avgMs=16 worstMs=47 gameMs=6 drawMs=10 swapWait=0ms draws=171 decodes=0 decMs=0
[OTS] f=108360 calls=2 n0=2491 n1=288 prims=85897 bb=160,1120,0,694
[OTT] walkUs=4287 texUs=190 emitUs=1129 submitUs=419 otherUs=2547 prims=590 usPerPrim=7
[FT] avgMs=16 worstMs=53 gameMs=7 drawMs=9 swapWait=0ms draws=172 decodes=0 decMs=0
[OTS] f=108480 calls=2 n0=2492 n1=288 prims=85690 bb=160,1120,0,694
[OTT] walkUs=3726 texUs=191 emitUs=1127 submitUs=505 otherUs=1901 prims=591 usPerPrim=6
[SH-XBOX] vblank 108600
[MEM] tick: free=3820KB (955 pages)
[FT] avgMs=16 worstMs=50 gameMs=5 drawMs=11 swapWait=0ms draws=171 decodes=0 decMs=0
[OTS] f=108600 calls=2 n0=2494 n1=288 prims=85858 bb=160,1120,0,694
[OTT] walkUs=3926 texUs=193 emitUs=1127 submitUs=409 otherUs=2195 prims=593 usPerPrim=6
[FT] avgMs=17 worstMs=58 gameMs=6 drawMs=10 swapWait=0ms draws=172 decodes=0 decMs=0
[OTS] f=108720 calls=2 n0=2489 n1=288 prims=85674 bb=160,1120,0,694
[OTT] walkUs=3931 texUs=189 emitUs=1123 submitUs=594 otherUs=2024 prims=588 usPerPrim=6
[FT] avgMs=16 worstMs=46 gameMs=6 drawMs=10 swapWait=1ms draws=172 decodes=0 decMs=0
[OTS] f=108840 calls=2 n0=2489 n1=288 prims=85997 bb=160,1120,0,694
[OTT] walkUs=3769 texUs=190 emitUs=1127 submitUs=487 otherUs=1964 prims=588 usPerPrim=6
[FT] avgMs=16 worstMs=55 gameMs=6 drawMs=10 swapWait=0ms draws=172 decodes=0 decMs=0
[OTS] f=108960 calls=2 n0=2492 n1=288 prims=85791 bb=160,1120,0,694
[OTT] walkUs=3973 texUs=191 emitUs=1133 submitUs=428 otherUs=2220 prims=591 usPerPrim=6
[FT] avgMs=16 worstMs=49 gameMs=6 drawMs=10 swapWait=0ms draws=172 decodes=0 decMs=0
[OTS] f=109080 calls=2 n0=2484 n1=288 prims=85888 bb=160,1120,0,694
[OTT] walkUs=3943 texUs=188 emitUs=1106 submitUs=511 otherUs=2136 prims=583 usPerPrim=6
[SH-XBOX] vblank 109200
[MEM] tick: free=3820KB (955 pages)
[FT] avgMs=17 worstMs=54 gameMs=6 drawMs=10 swapWait=0ms draws=172 decodes=0 decMs=0
[OTS] f=109200 calls=2 n0=2479 n1=288 prims=85741 bb=160,1120,0,694
[OTT] walkUs=3794 texUs=186 emitUs=1099 submitUs=401 otherUs=2105 prims=578 usPerPrim=6
[FT] avgMs=16 worstMs=46 gameMs=6 drawMs=10 swapWait=0ms draws=172 decodes=0 decMs=0
[OTS] f=109320 calls=2 n0=2494 n1=288 prims=85861 bb=160,1120,0,694
[OTT] walkUs=3949 texUs=192 emitUs=1135 submitUs=416 otherUs=2204 prims=593 usPerPrim=6
[FT] avgMs=16 worstMs=53 gameMs=6 drawMs=10 swapWait=0ms draws=171 decodes=0 decMs=0
[OTS] f=109440 calls=2 n0=2490 n1=288 prims=85746 bb=160,1120,0,694
[OTT] walkUs=3963 texUs=191 emitUs=1126 submitUs=397 otherUs=2248 prims=589 usPerPrim=6
[FT] avgMs=16 worstMs=51 gameMs=6 drawMs=10 swapWait=1ms draws=172 decodes=0 decMs=0
[OTS] f=109560 calls=2 n0=2498 n1=288 prims=85799 bb=160,1120,0,694
[OTT] walkUs=3943 texUs=194 emitUs=1153 submitUs=404 otherUs=2190 prims=597 usPerPrim=6
[FT] avgMs=17 worstMs=58 gameMs=6 drawMs=10 swapWait=0ms draws=172 decodes=0 decMs=0
[OTS] f=109680 calls=2 n0=2495 n1=288 prims=85912 bb=160,1120,0,694
[OTT] walkUs=4148 texUs=193 emitUs=1146 submitUs=764 otherUs=2045 prims=594 usPerPrim=6
[SH-XBOX] vblank 109800
[MEM] tick: free=3820KB (955 pages)
[FT] avgMs=16 worstMs=46 gameMs=6 drawMs=10 swapWait=1ms draws=172 decodes=0 decMs=0
[OTS] f=109800 calls=2 n0=2493 n1=288 prims=85554 bb=160,1120,0,694
[OTT] walkUs=4040 texUs=192 emitUs=1143 submitUs=537 otherUs=2168 prims=592 usPerPrim=6
[FT] avgMs=16 worstMs=55 gameMs=6 drawMs=10 swapWait=0ms draws=172 decodes=0 decMs=0
[OTS] f=109920 calls=2 n0=2486 n1=288 prims=86008 bb=160,1120,0,694
[OTT] walkUs=3878 texUs=189 emitUs=1124 submitUs=509 otherUs=2055 prims=585 usPerPrim=6
[FT] avgMs=16 worstMs=49 gameMs=6 drawMs=10 swapWait=0ms draws=172 decodes=0 decMs=0
[OTS] f=110040 calls=2 n0=2501 n1=288 prims=85680 bb=160,1120,0,694
[OTT] walkUs=4216 texUs=195 emitUs=1145 submitUs=546 otherUs=2329 prims=600 usPerPrim=7
[FT] avgMs=16 worstMs=52 gameMs=6 drawMs=10 swapWait=0ms draws=171 decodes=0 decMs=0
[OTS] f=110160 calls=2 n0=2500 n1=288 prims=85886 bb=160,1120,0,694
[OTT] walkUs=4016 texUs=194 emitUs=1149 submitUs=536 otherUs=2136 prims=599 usPerPrim=6
[FT] avgMs=16 worstMs=53 gameMs=6 drawMs=10 swapWait=0ms draws=171 decodes=0 decMs=0
[OTS] f=110280 calls=2 n0=2491 n1=288 prims=85508 bb=160,1120,0,694
[OTT] walkUs=4153 texUs=191 emitUs=1131 submitUs=424 otherUs=2406 prims=590 usPerPrim=7
[SH-XBOX] vblank 110400
[MEM] tick: free=3820KB (955 pages)
[FT] avgMs=16 worstMs=48 gameMs=6 drawMs=10 swapWait=0ms draws=172 decodes=0 decMs=0
[OTS] f=110400 calls=2 n0=2494 n1=288 prims=86008 bb=160,1120,0,694
[OTT] walkUs=3848 texUs=197 emitUs=1131 submitUs=399 otherUs=2120 prims=593 usPerPrim=6
[FT] avgMs=17 worstMs=57 gameMs=6 drawMs=10 swapWait=0ms draws=172 decodes=0 decMs=0
[OTS] f=110520 calls=2 n0=2495 n1=288 prims=85680 bb=160,1120,0,694
[OTT] walkUs=3918 texUs=192 emitUs=1132 submitUs=403 otherUs=2189 prims=594 usPerPrim=6
[FT] avgMs=17 worstMs=57 gameMs=7 drawMs=10 swapWait=0ms draws=171 decodes=0 decMs=0
[OTS] f=110640 calls=2 n0=2495 n1=288 prims=85861 bb=160,1120,0,694
[OTT] walkUs=3750 texUs=192 emitUs=1140 submitUs=602 otherUs=1815 prims=594 usPerPrim=6
[FT] avgMs=16 worstMs=45 gameMs=6 drawMs=10 swapWait=1ms draws=172 decodes=0 decMs=0
[OTS] f=110760 calls=2 n0=2483 n1=288 prims=85738 bb=160,1120,0,694
[OTT] walkUs=3860 texUs=188 emitUs=1110 submitUs=404 otherUs=2156 prims=582 usPerPrim=6
[FT] avgMs=17 worstMs=56 gameMs=5 drawMs=11 swapWait=0ms draws=172 decodes=0 decMs=0
[OTS] f=110880 calls=2 n0=2487 n1=288 prims=85905 bb=160,1120,0,694
[OTT] walkUs=3910 texUs=189 emitUs=1113 submitUs=555 otherUs=2053 prims=586 usPerPrim=6
[SH-XBOX] vblank 111000
[MEM] tick: free=3820KB (955 pages)
[FT] avgMs=17 worstMs=56 gameMs=5 drawMs=11 swapWait=0ms draws=172 decodes=0 decMs=0
[OTS] f=111000 calls=2 n0=2484 n1=288 prims=85740 bb=160,1120,0,694
[OTT] walkUs=3844 texUs=187 emitUs=1115 submitUs=554 otherUs=1985 prims=583 usPerPrim=6
[FT] avgMs=17 worstMs=60 gameMs=5 drawMs=11 swapWait=1ms draws=172 decodes=0 decMs=0
[OTS] f=111120 calls=2 n0=2487 n1=288 prims=85900 bb=160,1120,0,694
[OTT] walkUs=3755 texUs=190 emitUs=1122 submitUs=629 otherUs=1813 prims=586 usPerPrim=6
[FT] avgMs=16 worstMs=48 gameMs=5 drawMs=11 swapWait=1ms draws=171 decodes=0 decMs=0
[OTS] f=111240 calls=2 n0=2491 n1=288 prims=85698 bb=160,1120,0,694
[OTT] walkUs=3906 texUs=192 emitUs=1128 submitUs=596 otherUs=1988 prims=590 usPerPrim=6
[FT] avgMs=17 worstMs=55 gameMs=5 drawMs=11 swapWait=1ms draws=172 decodes=0 decMs=0
[OTS] f=111360 calls=2 n0=2490 n1=288 prims=85841 bb=160,1120,0,694
[OTT] walkUs=4041 texUs=193 emitUs=1127 submitUs=414 otherUs=2306 prims=589 usPerPrim=6
[FT] avgMs=17 worstMs=57 gameMs=5 drawMs=11 swapWait=0ms draws=172 decodes=0 decMs=0
[OTS] f=111480 calls=2 n0=2489 n1=288 prims=85911 bb=160,1120,0,694
[OTT] walkUs=3841 texUs=190 emitUs=1121 submitUs=410 otherUs=2118 prims=588 usPerPrim=6
[SH-XBOX] vblank 111600
[MEM] tick: free=3820KB (955 pages)
[FT] avgMs=17 worstMs=59 gameMs=5 drawMs=11 swapWait=0ms draws=172 decodes=0 decMs=0
[OTS] f=111600 calls=2 n0=2496 n1=288 prims=85741 bb=160,1120,0,694
[OTT] walkUs=3878 texUs=192 emitUs=1148 submitUs=411 otherUs=2125 prims=595 usPerPrim=6
[FT] avgMs=16 worstMs=46 gameMs=6 drawMs=10 swapWait=0ms draws=172 decodes=0 decMs=0
[OTS] f=111720 calls=2 n0=2491 n1=288 prims=85827 bb=160,1120,0,694
[OTT] walkUs=4153 texUs=191 emitUs=1124 submitUs=549 otherUs=2288 prims=590 usPerPrim=7
[FT] avgMs=16 worstMs=53 gameMs=6 drawMs=10 swapWait=1ms draws=172 decodes=0 decMs=0
[OTS] f=111840 calls=2 n0=2486 n1=288 prims=85728 bb=160,1120,0,694
[OTT] walkUs=4024 texUs=189 emitUs=1119 submitUs=414 otherUs=2300 prims=585 usPerPrim=6
[FT] avgMs=16 worstMs=50 gameMs=6 drawMs=10 swapWait=0ms draws=172 decodes=0 decMs=0
[OTS] f=111960 calls=2 n0=2501 n1=288 prims=86004 bb=160,1120,0,694
[OTT] walkUs=4233 texUs=194 emitUs=1151 submitUs=804 otherUs=2083 prims=600 usPerPrim=7
[FT] avgMs=17 worstMs=58 gameMs=6 drawMs=10 swapWait=0ms draws=172 decodes=0 decMs=0
[OTS] f=112080 calls=2 n0=2501 n1=288 prims=85498 bb=160,1120,0,694
[OTT] walkUs=4281 texUs=194 emitUs=1151 submitUs=472 otherUs=2462 prims=600 usPerPrim=7
[SH-XBOX] vblank 112200
[MEM] tick: free=3820KB (955 pages)
[FT] avgMs=16 worstMs=46 gameMs=5 drawMs=11 swapWait=0ms draws=171 decodes=0 decMs=0
[OTS] f=112200 calls=2 n0=2491 n1=288 prims=85969 bb=160,1120,0,694
[OTT] walkUs=3928 texUs=190 emitUs=1125 submitUs=434 otherUs=2177 prims=590 usPerPrim=6
[FT] avgMs=16 worstMs=55 gameMs=5 drawMs=11 swapWait=0ms draws=172 decodes=0 decMs=0
[OTS] f=112320 calls=2 n0=2491 n1=288 prims=85705 bb=160,1120,0,694
[OTT] walkUs=3839 texUs=191 emitUs=1122 submitUs=396 otherUs=2129 prims=590 usPerPrim=6
[FT] avgMs=16 worstMs=48 gameMs=6 drawMs=10 swapWait=0ms draws=171 decodes=0 decMs=0
[OTS] f=112440 calls=2 n0=2496 n1=288 prims=85853 bb=160,1120,0,694
[OTT] walkUs=4231 texUs=193 emitUs=1137 submitUs=807 otherUs=2092 prims=595 usPerPrim=7
[FT] avgMs=16 worstMs=56 gameMs=6 drawMs=10 swapWait=0ms draws=172 decodes=0 decMs=0
[OTS] f=112560 calls=2 n0=2490 n1=288 prims=85679 bb=160,1120,0,694
[OTT] walkUs=3794 texUs=191 emitUs=1129 submitUs=394 otherUs=2078 prims=589 usPerPrim=6
[FT] avgMs=16 worstMs=52 gameMs=6 drawMs=10 swapWait=1ms draws=172 decodes=0 decMs=0
[OTS] f=112680 calls=2 n0=2487 n1=288 prims=85910 bb=160,1120,0,694
[OTT] walkUs=3788 texUs=192 emitUs=1113 submitUs=379 otherUs=2103 prims=586 usPerPrim=6
[SH-XBOX] vblank 112800
[MEM] tick: free=3820KB (955 pages)
[FT] avgMs=16 worstMs=47 gameMs=5 drawMs=11 swapWait=0ms draws=172 decodes=0 decMs=0
[OTS] f=112800 calls=2 n0=2491 n1=288 prims=85770 bb=160,1120,0,694
[OTT] walkUs=3772 texUs=191 emitUs=1130 submitUs=703 otherUs=1747 prims=590 usPerPrim=6
[FT] avgMs=16 worstMs=55 gameMs=6 drawMs=10 swapWait=0ms draws=172 decodes=0 decMs=0
[OTS] f=112920 calls=2 n0=2486 n1=288 prims=85814 bb=160,1120,0,694
[OTT] walkUs=3696 texUs=188 emitUs=1119 submitUs=435 otherUs=1953 prims=585 usPerPrim=6
[FT] avgMs=16 worstMs=50 gameMs=6 drawMs=10 swapWait=0ms draws=172 decodes=0 decMs=0
[OTS] f=113040 calls=2 n0=2480 n1=288 prims=85797 bb=160,1120,0,694
[OTT] walkUs=3658 texUs=186 emitUs=1101 submitUs=478 otherUs=1890 prims=579 usPerPrim=6
[FT] avgMs=16 worstMs=45 gameMs=6 drawMs=10 swapWait=0ms draws=172 decodes=0 decMs=0
[OTS] f=113160 calls=2 n0=2491 n1=288 prims=85858 bb=160,1120,0,694
[OTT] walkUs=3796 texUs=193 emitUs=1124 submitUs=572 otherUs=1905 prims=590 usPerPrim=6
[FT] avgMs=16 worstMs=55 gameMs=6 drawMs=10 swapWait=0ms draws=171 decodes=0 decMs=0
[OTS] f=113280 calls=2 n0=2492 n1=288 prims=85778 bb=160,1120,0,694
[OTT] walkUs=3847 texUs=191 emitUs=1127 submitUs=589 otherUs=1938 prims=591 usPerPrim=6
[SH-XBOX] vblank 113400
[MEM] tick: free=3820KB (955 pages)
[FT] avgMs=16 worstMs=48 gameMs=6 drawMs=10 swapWait=0ms draws=172 decodes=0 decMs=0
[OTS] f=113400 calls=2 n0=2499 n1=288 prims=85813 bb=160,1120,0,694
[OTT] walkUs=3918 texUs=193 emitUs=1151 submitUs=382 otherUs=2191 prims=598 usPerPrim=6
[FT] avgMs=17 worstMs=58 gameMs=5 drawMs=11 swapWait=0ms draws=172 decodes=0 decMs=0
[OTS] f=113520 calls=2 n0=2493 n1=288 prims=85794 bb=160,1120,0,694
[OTT] walkUs=3827 texUs=192 emitUs=1138 submitUs=580 otherUs=1916 prims=592 usPerPrim=6
[FT] avgMs=17 worstMs=58 gameMs=6 drawMs=10 swapWait=0ms draws=172 decodes=0 decMs=0
[OTS] f=113640 calls=2 n0=2492 n1=288 prims=85677 bb=160,1120,0,694
[OTT] walkUs=3884 texUs=190 emitUs=1128 submitUs=556 otherUs=2007 prims=591 usPerPrim=6
[FT] avgMs=16 worstMs=46 gameMs=6 drawMs=10 swapWait=0ms draws=172 decodes=0 decMs=0
[OTS] f=113760 calls=2 n0=2486 n1=288 prims=86027 bb=160,1120,0,694
[OTT] walkUs=4029 texUs=188 emitUs=1116 submitUs=547 otherUs=2176 prims=585 usPerPrim=6
[FT] avgMs=16 worstMs=55 gameMs=6 drawMs=10 swapWait=0ms draws=172 decodes=0 decMs=0
[OTS] f=113880 calls=2 n0=2504 n1=288 prims=85582 bb=160,1120,0,694
[OTT] walkUs=4057 texUs=195 emitUs=1155 submitUs=552 otherUs=2153 prims=603 usPerPrim=6
[SH-XBOX] vblank 114000
[MEM] tick: free=3820KB (955 pages)
[FT] avgMs=16 worstMs=51 gameMs=6 drawMs=10 swapWait=0ms draws=172 decodes=0 decMs=0
[OTS] f=114000 calls=2 n0=2500 n1=288 prims=85942 bb=160,1120,0,694
[OTT] walkUs=3965 texUs=193 emitUs=1151 submitUs=522 otherUs=2098 prims=599 usPerPrim=6
[FT] avgMs=17 worstMs=59 gameMs=6 drawMs=10 swapWait=0ms draws=172 decodes=0 decMs=0
[OTS] f=114120 calls=2 n0=2490 n1=288 prims=85666 bb=160,1120,0,694
[OTT] walkUs=4168 texUs=190 emitUs=1137 submitUs=412 otherUs=2428 prims=589 usPerPrim=7
[FT] avgMs=16 worstMs=47 gameMs=6 drawMs=10 swapWait=0ms draws=172 decodes=0 decMs=0
[OTS] f=114240 calls=2 n0=2494 n1=288 prims=86018 bb=160,1120,0,694
[OTT] walkUs=4095 texUs=191 emitUs=1139 submitUs=535 otherUs=2227 prims=593 usPerPrim=6
[FT] avgMs=16 worstMs=55 gameMs=6 drawMs=10 swapWait=0ms draws=172 decodes=0 decMs=0
[OTS] f=114360 calls=2 n0=2495 n1=288 prims=85546 bb=160,1120,0,694
[OTT] walkUs=4115 texUs=192 emitUs=1134 submitUs=581 otherUs=2205 prims=594 usPerPrim=6
[FT] avgMs=16 worstMs=49 gameMs=6 drawMs=10 swapWait=0ms draws=172 decodes=0 decMs=0
[OTS] f=114480 calls=2 n0=2496 n1=288 prims=85979 bb=160,1120,0,694
[OTT] walkUs=3840 texUs=192 emitUs=1139 submitUs=405 otherUs=2102 prims=595 usPerPrim=6
[SH-XBOX] vblank 114600
[MEM] tick: free=3820KB (955 pages)
[FT] avgMs=16 worstMs=45 gameMs=6 drawMs=10 swapWait=0ms draws=172 decodes=0 decMs=0
[OTS] f=114600 calls=2 n0=2483 n1=288 prims=85766 bb=160,1120,0,694
[OTT] walkUs=3878 texUs=188 emitUs=1107 submitUs=611 otherUs=1970 prims=582 usPerPrim=6
[FT] avgMs=16 worstMs=52 gameMs=6 drawMs=10 swapWait=0ms draws=172 decodes=0 decMs=0
[OTS] f=114720 calls=2 n0=2489 n1=288 prims=85857 bb=160,1120,0,694
[OTT] walkUs=3905 texUs=190 emitUs=1123 submitUs=407 otherUs=2184 prims=588 usPerPrim=6
[FT] avgMs=16 worstMs=48 gameMs=6 drawMs=10 swapWait=0ms draws=172 decodes=0 decMs=0
[OTS] f=114840 calls=2 n0=2484 n1=288 prims=85787 bb=160,1120,0,694
[OTT] walkUs=4219 texUs=187 emitUs=1112 submitUs=602 otherUs=2316 prims=583 usPerPrim=7
[FT] avgMs=16 worstMs=56 gameMs=6 drawMs=10 swapWait=0ms draws=172 decodes=0 decMs=0
[OTS] f=114960 calls=2 n0=2484 n1=288 prims=85878 bb=160,1120,0,694
[OTT] walkUs=3716 texUs=189 emitUs=1105 submitUs=405 otherUs=2015 prims=583 usPerPrim=6
[FT] avgMs=16 worstMs=52 gameMs=6 drawMs=10 swapWait=0ms draws=171 decodes=0 decMs=0
[OTS] f=115080 calls=2 n0=2491 n1=288 prims=85753 bb=160,1120,0,694
[OTT] walkUs=3913 texUs=191 emitUs=1129 submitUs=447 otherUs=2145 prims=590 usPerPrim=6
[SH-XBOX] vblank 115200
[MEM] tick: free=3820KB (955 pages)
[FT] avgMs=16 worstMs=47 gameMs=6 drawMs=10 swapWait=1ms draws=172 decodes=0 decMs=0
[OTS] f=115200 calls=2 n0=2491 n1=288 prims=85833 bb=160,1120,0,694
[OTT] walkUs=3895 texUs=190 emitUs=1130 submitUs=414 otherUs=2159 prims=590 usPerPrim=6
[FT] avgMs=16 worstMs=55 gameMs=6 drawMs=10 swapWait=0ms draws=172 decodes=0 decMs=0
[OTS] f=115320 calls=2 n0=2487 n1=288 prims=85772 bb=160,1120,0,694
[OTT] walkUs=3706 texUs=190 emitUs=1117 submitUs=398 otherUs=2000 prims=586 usPerPrim=6
[FT] avgMs=16 worstMs=51 gameMs=6 drawMs=10 swapWait=0ms draws=172 decodes=0 decMs=0
[OTS] f=115440 calls=2 n0=2495 n1=288 prims=85753 bb=160,1120,0,694
[OTT] walkUs=3737 texUs=192 emitUs=1131 submitUs=405 otherUs=2008 prims=594 usPerPrim=6
[FT] avgMs=17 worstMs=57 gameMs=7 drawMs=10 swapWait=0ms draws=172 decodes=0 decMs=0
[OTS] f=115560 calls=2 n0=2493 n1=288 prims=85788 bb=160,1120,0,694
[OTT] walkUs=3938 texUs=194 emitUs=1132 submitUs=611 otherUs=2000 prims=592 usPerPrim=6
[FT] avgMs=17 worstMs=84 gameMs=6 drawMs=10 swapWait=0ms draws=172 decodes=0 decMs=0
[OTS] f=115680 calls=2 n0=2487 n1=288 prims=85753 bb=160,1120,0,694
[OTT] walkUs=3955 texUs=189 emitUs=1119 submitUs=459 otherUs=2187 prims=586 usPerPrim=6
[SH-XBOX] vblank 115800
[MEM] tick: free=3820KB (955 pages)
[FT] avgMs=17 worstMs=56 gameMs=6 drawMs=11 swapWait=0ms draws=172 decodes=0 decMs=0
[OTS] f=115800 calls=2 n0=2499 n1=288 prims=85937 bb=160,1120,0,694
[OTT] walkUs=3953 texUs=195 emitUs=1142 submitUs=452 otherUs=2163 prims=598 usPerPrim=6
[FT] avgMs=17 worstMs=57 gameMs=5 drawMs=11 swapWait=0ms draws=172 decodes=0 decMs=0
[OTS] f=115920 calls=2 n0=2501 n1=288 prims=85564 bb=160,1120,0,694
[OTT] walkUs=4131 texUs=197 emitUs=1158 submitUs=401 otherUs=2374 prims=600 usPerPrim=6
[FT] avgMs=17 worstMs=60 gameMs=5 drawMs=11 swapWait=0ms draws=171 decodes=0 decMs=0
[OTS] f=116040 calls=2 n0=2491 n1=288 prims=85965 bb=160,1120,0,694
[OTT] walkUs=4159 texUs=193 emitUs=1128 submitUs=497 otherUs=2339 prims=590 usPerPrim=7
[FT] avgMs=16 worstMs=47 gameMs=5 drawMs=11 swapWait=0ms draws=172 decodes=0 decMs=0
[OTS] f=116160 calls=2 n0=2490 n1=288 prims=85557 bb=160,1120,0,694
[OTT] walkUs=3924 texUs=192 emitUs=1121 submitUs=412 otherUs=2197 prims=589 usPerPrim=6
[FT] avgMs=17 worstMs=58 gameMs=5 drawMs=11 swapWait=0ms draws=172 decodes=0 decMs=0
[OTS] f=116280 calls=2 n0=2496 n1=288 prims=85969 bb=160,1120,0,694
[OTT] walkUs=4087 texUs=192 emitUs=1142 submitUs=567 otherUs=2184 prims=595 usPerPrim=6
[SH-XBOX] vblank 116400
[MEM] tick: free=3820KB (955 pages)
[FT] avgMs=17 worstMs=59 gameMs=5 drawMs=11 swapWait=0ms draws=172 decodes=0 decMs=0
[OTS] f=116400 calls=2 n0=2490 n1=288 prims=85713 bb=160,1120,0,694
[OTT] walkUs=3849 texUs=190 emitUs=1127 submitUs=396 otherUs=2135 prims=589 usPerPrim=6
[FT] avgMs=16 worstMs=53 gameMs=5 drawMs=11 swapWait=1ms draws=171 decodes=0 decMs=0
[OTS] f=116520 calls=2 n0=2489 n1=288 prims=85854 bb=160,1120,0,694
[OTT] walkUs=4235 texUs=190 emitUs=1120 submitUs=524 otherUs=2399 prims=588 usPerPrim=7
[FT] avgMs=16 worstMs=45 gameMs=6 drawMs=10 swapWait=0ms draws=172 decodes=0 decMs=0
[OTS] f=116640 calls=2 n0=2491 n1=288 prims=85784 bb=160,1120,0,694
[OTT] walkUs=3732 texUs=191 emitUs=1128 submitUs=688 otherUs=1724 prims=590 usPerPrim=6
[FT] avgMs=16 worstMs=52 gameMs=6 drawMs=10 swapWait=0ms draws=172 decodes=0 decMs=0
[OTS] f=116760 calls=2 n0=2485 n1=288 prims=85941 bb=160,1120,0,694
[OTT] walkUs=3792 texUs=188 emitUs=1125 submitUs=393 otherUs=2085 prims=584 usPerPrim=6
[FT] avgMs=16 worstMs=48 gameMs=6 drawMs=10 swapWait=1ms draws=172 decodes=0 decMs=0
[OTS] f=116880 calls=2 n0=2480 n1=288 prims=85804 bb=160,1120,0,694
[OTT] walkUs=3914 texUs=186 emitUs=1099 submitUs=512 otherUs=2115 prims=579 usPerPrim=6
[SH-XBOX] vblank 117000
[MEM] tick: free=3820KB (955 pages)
[FT] avgMs=17 worstMs=58 gameMs=6 drawMs=10 swapWait=0ms draws=172 decodes=0 decMs=0
[OTS] f=117000 calls=2 n0=2494 n1=288 prims=85730 bb=160,1120,0,694
[OTT] walkUs=3770 texUs=192 emitUs=1134 submitUs=493 otherUs=1950 prims=593 usPerPrim=6
[FT] avgMs=16 worstMs=47 gameMs=5 drawMs=11 swapWait=0ms draws=172 decodes=0 decMs=0
[OTS] f=117120 calls=2 n0=2492 n1=288 prims=85870 bb=160,1120,0,694
[OTT] walkUs=3998 texUs=191 emitUs=1131 submitUs=451 otherUs=2224 prims=591 usPerPrim=6
[FT] avgMs=17 worstMs=56 gameMs=6 drawMs=10 swapWait=0ms draws=172 decodes=0 decMs=0
[OTS] f=117240 calls=2 n0=2497 n1=288 prims=85824 bb=160,1120,0,694
[OTT] walkUs=3824 texUs=192 emitUs=1140 submitUs=386 otherUs=2105 prims=596 usPerPrim=6
[FT] avgMs=16 worstMs=55 gameMs=6 drawMs=10 swapWait=0ms draws=172 decodes=0 decMs=0
[OTS] f=117360 calls=2 n0=2495 n1=288 prims=85775 bb=160,1120,0,694
[OTT] walkUs=3807 texUs=193 emitUs=1140 submitUs=403 otherUs=2069 prims=594 usPerPrim=6
[FT] avgMs=16 worstMs=50 gameMs=6 drawMs=10 swapWait=1ms draws=172 decodes=0 decMs=0
[OTS] f=117480 calls=2 n0=2493 n1=288 prims=85691 bb=160,1120,0,694
[OTT] walkUs=3978 texUs=197 emitUs=1140 submitUs=446 otherUs=2194 prims=592 usPerPrim=6
[SH-XBOX] vblank 117600
[MEM] tick: free=3820KB (955 pages)
[FT] avgMs=16 worstMs=45 gameMs=6 drawMs=10 swapWait=0ms draws=172 decodes=0 decMs=0
[OTS] f=117600 calls=2 n0=2484 n1=288 prims=85953 bb=160,1120,0,694
[OTT] walkUs=4082 texUs=189 emitUs=1111 submitUs=400 otherUs=2381 prims=583 usPerPrim=7
[FT] avgMs=16 worstMs=55 gameMs=5 drawMs=11 swapWait=0ms draws=172 decodes=0 decMs=0
[OTS] f=117720 calls=2 n0=2504 n1=288 prims=85668 bb=160,1120,0,694
[OTT] walkUs=3967 texUs=196 emitUs=1166 submitUs=707 otherUs=1897 prims=603 usPerPrim=6
[FT] avgMs=16 worstMs=48 gameMs=6 drawMs=10 swapWait=0ms draws=172 decodes=0 decMs=0
[OTS] f=117840 calls=2 n0=2500 n1=288 prims=85938 bb=160,1120,0,694
[OTT] walkUs=4122 texUs=194 emitUs=1151 submitUs=409 otherUs=2366 prims=599 usPerPrim=6
[FT] avgMs=17 worstMs=57 gameMs=6 drawMs=10 swapWait=0ms draws=171 decodes=0 decMs=0
[OTS] f=117960 calls=2 n0=2491 n1=288 prims=85492 bb=160,1120,0,694
[OTT] walkUs=4175 texUs=192 emitUs=1125 submitUs=411 otherUs=2445 prims=590 usPerPrim=7
[FT] avgMs=16 worstMs=46 gameMs=6 drawMs=10 swapWait=0ms draws=172 decodes=0 decMs=0
[OTS] f=118080 calls=2 n0=2493 n1=288 prims=86013 bb=160,1120,0,694
[OTT] walkUs=3979 texUs=192 emitUs=1132 submitUs=694 otherUs=1960 prims=592 usPerPrim=6
[SH-XBOX] vblank 118200
[MEM] tick: free=3820KB (955 pages)
[FT] avgMs=16 worstMs=54 gameMs=7 drawMs=9 swapWait=1ms draws=172 decodes=0 decMs=0
[OTS] f=118200 calls=2 n0=2496 n1=288 prims=85555 bb=160,1120,0,694
[OTT] walkUs=4201 texUs=192 emitUs=1140 submitUs=749 otherUs=2118 prims=595 usPerPrim=7
[FT] avgMs=16 worstMs=48 gameMs=6 drawMs=10 swapWait=0ms draws=172 decodes=0 decMs=0
[OTS] f=118320 calls=2 n0=2495 n1=288 prims=85993 bb=160,1120,0,694
[OTT] walkUs=4099 texUs=194 emitUs=1138 submitUs=511 otherUs=2255 prims=594 usPerPrim=6
[FT] avgMs=17 worstMs=59 gameMs=5 drawMs=11 swapWait=0ms draws=172 decodes=0 decMs=0
[OTS] f=118440 calls=2 n0=2482 n1=288 prims=85655 bb=160,1120,0,694
[OTT] walkUs=4058 texUs=189 emitUs=1117 submitUs=714 otherUs=2037 prims=581 usPerPrim=6
[FT] avgMs=16 worstMs=46 gameMs=6 drawMs=10 swapWait=0ms draws=172 decodes=0 decMs=0
[OTS] f=118560 calls=2 n0=2488 n1=288 prims=85931 bb=160,1120,0,694
[OTT] walkUs=3843 texUs=192 emitUs=1121 submitUs=401 otherUs=2128 prims=587 usPerPrim=6
[FT] avgMs=17 worstMs=58 gameMs=6 drawMs=10 swapWait=0ms draws=172 decodes=0 decMs=0
[OTS] f=118680 calls=2 n0=2484 n1=288 prims=85798 bb=160,1120,0,694
[OTT] walkUs=4287 texUs=188 emitUs=1113 submitUs=774 otherUs=2211 prims=583 usPerPrim=7
[SH-XBOX] vblank 118800
[MEM] tick: free=3820KB (955 pages)
[FT] avgMs=17 worstMs=56 gameMs=6 drawMs=10 swapWait=0ms draws=172 decodes=0 decMs=0
[OTS] f=118800 calls=2 n0=2487 n1=288 prims=85763 bb=160,1120,0,694
[OTT] walkUs=3764 texUs=189 emitUs=1122 submitUs=402 otherUs=2049 prims=586 usPerPrim=6
[FT] avgMs=17 worstMs=57 gameMs=6 drawMs=10 swapWait=0ms draws=172 decodes=0 decMs=0
[OTS] f=118920 calls=2 n0=2491 n1=288 prims=85818 bb=160,1120,0,694
[OTT] walkUs=3861 texUs=192 emitUs=1131 submitUs=397 otherUs=2139 prims=590 usPerPrim=6
[FT] avgMs=16 worstMs=52 gameMs=6 drawMs=10 swapWait=1ms draws=172 decodes=0 decMs=0
[OTS] f=119040 calls=2 n0=2489 n1=288 prims=85863 bb=160,1120,0,694
[OTT] walkUs=3996 texUs=189 emitUs=1123 submitUs=563 otherUs=2119 prims=588 usPerPrim=6
[FT] avgMs=16 worstMs=47 gameMs=6 drawMs=10 swapWait=0ms draws=172 decodes=0 decMs=0
[OTS] f=119160 calls=2 n0=2489 n1=288 prims=85756 bb=160,1120,0,694
[OTT] walkUs=3819 texUs=190 emitUs=1124 submitUs=439 otherUs=2065 prims=588 usPerPrim=6
[FT] avgMs=16 worstMs=55 gameMs=6 drawMs=10 swapWait=0ms draws=172 decodes=0 decMs=0
[OTS] f=119280 calls=2 n0=2496 n1=288 prims=85737 bb=160,1120,0,694
[OTT] walkUs=3905 texUs=192 emitUs=1146 submitUs=471 otherUs=2094 prims=595 usPerPrim=6
[SH-XBOX] vblank 119400
[MEM] tick: free=3820KB (955 pages)
[FT] avgMs=16 worstMs=49 gameMs=6 drawMs=10 swapWait=0ms draws=172 decodes=0 decMs=0
[OTS] f=119400 calls=2 n0=2493 n1=288 prims=85909 bb=160,1120,0,694
[OTT] walkUs=3901 texUs=191 emitUs=1131 submitUs=659 otherUs=1919 prims=592 usPerPrim=6
[FT] avgMs=16 worstMs=45 gameMs=6 drawMs=10 swapWait=0ms draws=172 decodes=0 decMs=0
[OTS] f=119520 calls=2 n0=2487 n1=288 prims=85800 bb=160,1120,0,694
[OTT] walkUs=3729 texUs=190 emitUs=1119 submitUs=419 otherUs=2000 prims=586 usPerPrim=6
[FT] avgMs=17 worstMs=57 gameMs=6 drawMs=10 swapWait=0ms draws=171 decodes=0 decMs=0
[OTS] f=119640 calls=2 n0=2501 n1=288 prims=85863 bb=160,1120,0,694
[OTT] walkUs=3983 texUs=194 emitUs=1151 submitUs=472 otherUs=2165 prims=600 usPerPrim=6
[FT] avgMs=16 worstMs=54 gameMs=6 drawMs=10 swapWait=1ms draws=172 decodes=0 decMs=0
[OTS] f=119760 calls=2 n0=2501 n1=288 prims=85626 bb=160,1120,0,694
[OTT] walkUs=4152 texUs=194 emitUs=1155 submitUs=574 otherUs=2227 prims=600 usPerPrim=6
[FT] avgMs=16 worstMs=50 gameMs=6 drawMs=10 swapWait=0ms draws=171 decodes=0 decMs=0
[OTS] f=119880 calls=2 n0=2489 n1=288 prims=85960 bb=160,1120,0,694
[OTT] walkUs=3964 texUs=191 emitUs=1119 submitUs=426 otherUs=2226 prims=588 usPerPrim=6
[SH-XBOX] vblank 120000
[MEM] tick: free=3820KB (955 pages)
[FT] avgMs=16 worstMs=45 gameMs=6 drawMs=10 swapWait=0ms draws=172 decodes=0 decMs=0
[OTS] f=120000 calls=2 n0=2492 n1=288 prims=85588 bb=160,1120,0,694
[OTT] walkUs=4074 texUs=191 emitUs=1130 submitUs=399 otherUs=2352 prims=591 usPerPrim=6
[FT] avgMs=16 worstMs=54 gameMs=6 drawMs=10 swapWait=0ms draws=172 decodes=0 decMs=0
[OTS] f=120120 calls=2 n0=2496 n1=288 prims=85973 bb=160,1120,0,694
[OTT] walkUs=3978 texUs=193 emitUs=1138 submitUs=408 otherUs=2238 prims=595 usPerPrim=6
[FT] avgMs=16 worstMs=49 gameMs=6 drawMs=10 swapWait=1ms draws=172 decodes=0 decMs=0
[OTS] f=120240 calls=2 n0=2488 n1=288 prims=85586 bb=160,1120,0,694
[OTT] walkUs=3919 texUs=190 emitUs=1117 submitUs=617 otherUs=1994 prims=587 usPerPrim=6
[FT] avgMs=17 worstMs=58 gameMs=6 drawMs=10 swapWait=0ms draws=172 decodes=0 decMs=0
[OTS] f=120360 calls=2 n0=2488 n1=288 prims=85968 bb=160,1120,0,694
[OTT] walkUs=4058 texUs=189 emitUs=1123 submitUs=384 otherUs=2359 prims=587 usPerPrim=6
[FT] avgMs=16 worstMs=44 gameMs=6 drawMs=10 swapWait=0ms draws=172 decodes=0 decMs=0
[OTS] f=120480 calls=2 n0=2491 n1=288 prims=85799 bb=160,1120,0,694
[OTT] walkUs=4033 texUs=190 emitUs=1135 submitUs=412 otherUs=2294 prims=590 usPerPrim=6
[SH-XBOX] vblank 120600
[MEM] tick: free=3820KB (955 pages)
[FT] avgMs=17 worstMs=58 gameMs=6 drawMs=10 swapWait=0ms draws=172 decodes=0 decMs=0
[OTS] f=120600 calls=2 n0=2486 n1=288 prims=85802 bb=160,1120,0,694
[OTT] walkUs=3930 texUs=189 emitUs=1119 submitUs=813 otherUs=1809 prims=585 usPerPrim=6
[FT] avgMs=17 worstMs=57 gameMs=6 drawMs=11 swapWait=0ms draws=172 decodes=0 decMs=0
[OTS] f=120720 calls=2 n0=2478 n1=288 prims=85761 bb=160,1120,0,694
[OTT] walkUs=3758 texUs=189 emitUs=1090 submitUs=456 otherUs=2022 prims=577 usPerPrim=6
[FT] avgMs=17 worstMs=58 gameMs=5 drawMs=11 swapWait=1ms draws=172 decodes=0 decMs=0
[OTS] f=120840 calls=2 n0=2494 n1=288 prims=85788 bb=160,1120,0,694
[OTT] walkUs=3784 texUs=195 emitUs=1134 submitUs=397 otherUs=2057 prims=593 usPerPrim=6
[FT] avgMs=16 worstMs=47 gameMs=5 drawMs=11 swapWait=0ms draws=172 decodes=0 decMs=0
[OTS] f=120960 calls=2 n0=2493 n1=288 prims=85873 bb=160,1120,0,694
[OTT] walkUs=3959 texUs=200 emitUs=1135 submitUs=408 otherUs=2214 prims=592 usPerPrim=6
[FT] avgMs=16 worstMs=54 gameMs=5 drawMs=11 swapWait=0ms draws=172 decodes=0 decMs=0
[OTS] f=121080 calls=2 n0=2496 n1=288 prims=85693 bb=160,1120,0,694
[OTT] walkUs=3757 texUs=193 emitUs=1137 submitUs=400 otherUs=2027 prims=595 usPerPrim=6
[SH-XBOX] vblank 121200
[MEM] tick: free=3820KB (955 pages)
[FT] avgMs=16 worstMs=50 gameMs=5 drawMs=11 swapWait=0ms draws=172 decodes=0 decMs=0
[OTS] f=121200 calls=2 n0=2495 n1=288 prims=85863 bb=160,1120,0,694
[OTT] walkUs=3810 texUs=193 emitUs=1141 submitUs=474 otherUs=2001 prims=594 usPerPrim=6
[FT] avgMs=17 worstMs=59 gameMs=5 drawMs=11 swapWait=0ms draws=172 decodes=0 decMs=0
[OTS] f=121320 calls=2 n0=2493 n1=288 prims=85726 bb=160,1120,0,694
[OTT] walkUs=3911 texUs=191 emitUs=1132 submitUs=486 otherUs=2101 prims=592 usPerPrim=6
[FT] avgMs=17 worstMs=59 gameMs=6 drawMs=11 swapWait=0ms draws=172 decodes=0 decMs=0
[OTS] f=121440 calls=2 n0=2486 n1=288 prims=85890 bb=160,1120,0,694
[OTT] walkUs=3812 texUs=189 emitUs=1115 submitUs=443 otherUs=2063 prims=585 usPerPrim=6
[FT] avgMs=16 worstMs=47 gameMs=6 drawMs=10 swapWait=0ms draws=172 decodes=0 decMs=0
[OTS] f=121560 calls=2 n0=2504 n1=288 prims=85711 bb=160,1120,0,694
[OTT] walkUs=3975 texUs=196 emitUs=1155 submitUs=472 otherUs=2150 prims=603 usPerPrim=6
[FT] avgMs=16 worstMs=54 gameMs=6 drawMs=10 swapWait=1ms draws=172 decodes=0 decMs=0
[OTS] f=121680 calls=2 n0=2497 n1=288 prims=85930 bb=160,1120,0,694
[OTT] walkUs=4074 texUs=193 emitUs=1137 submitUs=629 otherUs=2113 prims=596 usPerPrim=6
[SH-XBOX] vblank 121800
[MEM] tick: free=3820KB (955 pages)
[FT] avgMs=16 worstMs=49 gameMs=6 drawMs=10 swapWait=0ms draws=171 decodes=0 decMs=0
[OTS] f=121800 calls=2 n0=2491 n1=288 prims=85551 bb=160,1120,0,694
[OTT] walkUs=3881 texUs=190 emitUs=1128 submitUs=711 otherUs=1851 prims=590 usPerPrim=6
[FT] avgMs=17 worstMs=59 gameMs=6 drawMs=10 swapWait=1ms draws=172 decodes=0 decMs=0
[OTS] f=121920 calls=2 n0=2494 n1=288 prims=86018 bb=160,1120,0,694
[OTT] walkUs=3997 texUs=191 emitUs=1134 submitUs=435 otherUs=2234 prims=593 usPerPrim=6
[FT] avgMs=16 worstMs=47 gameMs=5 drawMs=11 swapWait=1ms draws=172 decodes=0 decMs=0
[OTS] f=122040 calls=2 n0=2496 n1=288 prims=85649 bb=160,1120,0,694
[OTT] walkUs=3977 texUs=192 emitUs=1142 submitUs=411 otherUs=2231 prims=595 usPerPrim=6
[FT] avgMs=17 worstMs=56 gameMs=6 drawMs=10 swapWait=0ms draws=172 decodes=0 decMs=0
[OTS] f=122160 calls=2 n0=2494 n1=288 prims=86015 bb=160,1120,0,694
[OTT] walkUs=3927 texUs=191 emitUs=1133 submitUs=412 otherUs=2190 prims=593 usPerPrim=6
[FT] avgMs=16 worstMs=55 gameMs=6 drawMs=10 swapWait=0ms draws=172 decodes=0 decMs=0
[OTS] f=122280 calls=2 n0=2483 n1=288 prims=85616 bb=160,1120,0,694
[OTT] walkUs=4170 texUs=188 emitUs=1111 submitUs=399 otherUs=2470 prims=582 usPerPrim=7
[SH-XBOX] vblank 122400
[MEM] tick: free=3820KB (955 pages)
[FT] avgMs=16 worstMs=51 gameMs=6 drawMs=10 swapWait=0ms draws=172 decodes=0 decMs=0
[OTS] f=122400 calls=2 n0=2489 n1=288 prims=85964 bb=160,1120,0,694
[OTT] walkUs=4073 texUs=190 emitUs=1129 submitUs=439 otherUs=2314 prims=588 usPerPrim=6
[FT] avgMs=16 worstMs=46 gameMs=6 drawMs=10 swapWait=0ms draws=172 decodes=0 decMs=0
[OTS] f=122520 calls=2 n0=2482 n1=288 prims=85735 bb=160,1120,0,694
[OTT] walkUs=4068 texUs=187 emitUs=1105 submitUs=399 otherUs=2375 prims=581 usPerPrim=7
[FT] avgMs=17 worstMs=56 gameMs=5 drawMs=11 swapWait=1ms draws=172 decodes=0 decMs=0
[OTS] f=122640 calls=2 n0=2487 n1=288 prims=85833 bb=160,1120,0,694
[OTT] walkUs=3769 texUs=189 emitUs=1119 submitUs=485 otherUs=1975 prims=586 usPerPrim=6
[FT] avgMs=16 worstMs=55 gameMs=6 drawMs=10 swapWait=0ms draws=172 decodes=0 decMs=0
[OTS] f=122760 calls=2 n0=2492 n1=288 prims=85827 bb=160,1120,0,694
[OTT] walkUs=4044 texUs=192 emitUs=1147 submitUs=485 otherUs=2219 prims=591 usPerPrim=6
[FT] avgMs=16 worstMs=50 gameMs=6 drawMs=10 swapWait=0ms draws=172 decodes=0 decMs=0
[OTS] f=122880 calls=2 n0=2488 n1=288 prims=85723 bb=160,1120,0,694
[OTT] walkUs=3899 texUs=190 emitUs=1116 submitUs=422 otherUs=2170 prims=587 usPerPrim=6
[SH-XBOX] vblank 123000
[MEM] tick: free=3820KB (955 pages)
[FT] avgMs=16 worstMs=47 gameMs=6 drawMs=10 swapWait=0ms draws=172 decodes=0 decMs=0
[OTS] f=123000 calls=2 n0=2488 n1=288 prims=85892 bb=160,1120,0,694
[OTT] walkUs=3708 texUs=189 emitUs=1122 submitUs=395 otherUs=2002 prims=587 usPerPrim=6
[FT] avgMs=16 worstMs=52 gameMs=7 drawMs=9 swapWait=0ms draws=172 decodes=0 decMs=0
[OTS] f=123120 calls=2 n0=2496 n1=288 prims=85760 bb=160,1120,0,694
[OTT] walkUs=3992 texUs=193 emitUs=1139 submitUs=618 otherUs=2041 prims=595 usPerPrim=6
[FT] avgMs=16 worstMs=50 gameMs=6 drawMs=10 swapWait=0ms draws=172 decodes=0 decMs=0
[OTS] f=123240 calls=2 n0=2493 n1=288 prims=85777 bb=160,1120,0,694
[OTT] walkUs=3872 texUs=191 emitUs=1137 submitUs=397 otherUs=2146 prims=592 usPerPrim=6
[FT] avgMs=17 worstMs=59 gameMs=5 drawMs=11 swapWait=0ms draws=172 decodes=0 decMs=0
[OTS] f=123360 calls=2 n0=2485 n1=288 prims=85693 bb=160,1120,0,694
[OTT] walkUs=3851 texUs=190 emitUs=1112 submitUs=396 otherUs=2151 prims=584 usPerPrim=6
[FT] avgMs=17 worstMs=83 gameMs=6 drawMs=10 swapWait=0ms draws=171 decodes=0 decMs=0
[OTS] f=123480 calls=2 n0=2500 n1=288 prims=85946 bb=160,1120,0,694
[OTT] walkUs=3925 texUs=193 emitUs=1148 submitUs=529 otherUs=2054 prims=599 usPerPrim=6
[SH-XBOX] vblank 123600
[MEM] tick: free=3820KB (955 pages)
[FT] avgMs=16 worstMs=53 gameMs=6 drawMs=10 swapWait=0ms draws=172 decodes=0 decMs=0
[OTS] f=123600 calls=2 n0=2502 n1=288 prims=85635 bb=160,1120,0,694
[OTT] walkUs=3871 texUs=194 emitUs=1159 submitUs=524 otherUs=1993 prims=601 usPerPrim=6
[FT] avgMs=16 worstMs=50 gameMs=6 drawMs=10 swapWait=0ms draws=171 decodes=0 decMs=0
[OTS] f=123720 calls=2 n0=2491 n1=288 prims=85842 bb=160,1120,0,694
[OTT] walkUs=3894 texUs=190 emitUs=1129 submitUs=423 otherUs=2150 prims=590 usPerPrim=6
[FT] avgMs=17 worstMs=57 gameMs=6 drawMs=10 swapWait=1ms draws=172 decodes=0 decMs=0
[OTS] f=123840 calls=2 n0=2493 n1=288 prims=85696 bb=160,1120,0,694
[OTT] walkUs=3966 texUs=191 emitUs=1135 submitUs=400 otherUs=2238 prims=592 usPerPrim=6
[FT] avgMs=16 worstMs=46 gameMs=6 drawMs=10 swapWait=1ms draws=172 decodes=0 decMs=0
[OTS] f=123960 calls=2 n0=2495 n1=288 prims=86001 bb=160,1120,0,694
[OTT] walkUs=3900 texUs=192 emitUs=1132 submitUs=527 otherUs=2048 prims=594 usPerPrim=6
[FT] avgMs=16 worstMs=55 gameMs=6 drawMs=10 swapWait=0ms draws=172 decodes=0 decMs=0
[OTS] f=124080 calls=2 n0=2490 n1=288 prims=85561 bb=160,1120,0,694
[OTT] walkUs=4056 texUs=191 emitUs=1126 submitUs=614 otherUs=2123 prims=589 usPerPrim=6
[SH-XBOX] vblank 124200
[MEM] tick: free=3820KB (955 pages)
[FT] avgMs=16 worstMs=49 gameMs=6 drawMs=10 swapWait=0ms draws=172 decodes=0 decMs=0
[OTS] f=124200 calls=2 n0=2489 n1=288 prims=85981 bb=160,1120,0,694
[OTT] walkUs=4050 texUs=193 emitUs=1124 submitUs=507 otherUs=2226 prims=588 usPerPrim=6
[FT] avgMs=16 worstMs=56 gameMs=6 drawMs=10 swapWait=0ms draws=172 decodes=0 decMs=0
[OTS] f=124320 calls=2 n0=2489 n1=288 prims=85723 bb=160,1120,0,694
[OTT] walkUs=3918 texUs=191 emitUs=1120 submitUs=466 otherUs=2140 prims=588 usPerPrim=6
[FT] avgMs=16 worstMs=52 gameMs=6 drawMs=10 swapWait=0ms draws=172 decodes=0 decMs=0
[OTS] f=124440 calls=2 n0=2486 n1=288 prims=85891 bb=160,1120,0,694
[OTT] walkUs=4061 texUs=188 emitUs=1119 submitUs=493 otherUs=2259 prims=585 usPerPrim=6
[FT] avgMs=16 worstMs=47 gameMs=6 drawMs=10 swapWait=0ms draws=172 decodes=0 decMs=0
[OTS] f=124560 calls=2 n0=2480 n1=288 prims=85789 bb=160,1120,0,694
[OTT] walkUs=4057 texUs=186 emitUs=1100 submitUs=401 otherUs=2369 prims=579 usPerPrim=7
[FT] avgMs=16 worstMs=55 gameMs=6 drawMs=10 swapWait=1ms draws=172 decodes=0 decMs=0
[OTS] f=124680 calls=2 n0=2494 n1=288 prims=85858 bb=160,1120,0,694
[OTT] walkUs=3668 texUs=192 emitUs=1134 submitUs=504 otherUs=1837 prims=593 usPerPrim=6
[SH-XBOX] vblank 124800
[MEM] tick: free=3820KB (955 pages)
[FT] avgMs=16 worstMs=50 gameMs=6 drawMs=10 swapWait=0ms draws=172 decodes=0 decMs=0
[OTS] f=124800 calls=2 n0=2491 n1=288 prims=85881 bb=160,1120,0,694
[OTT] walkUs=3662 texUs=190 emitUs=1137 submitUs=396 otherUs=1937 prims=590 usPerPrim=6
[FT] avgMs=16 worstMs=45 gameMs=6 drawMs=10 swapWait=0ms draws=172 decodes=0 decMs=0
[OTS] f=124920 calls=2 n0=2499 n1=288 prims=85692 bb=160,1120,0,694
[OTT] walkUs=3968 texUs=194 emitUs=1149 submitUs=392 otherUs=2233 prims=598 usPerPrim=6
[FT] avgMs=16 worstMs=55 gameMs=6 drawMs=10 swapWait=0ms draws=172 decodes=0 decMs=0
[OTS] f=125040 calls=2 n0=2495 n1=288 prims=85886 bb=160,1120,0,694
[OTT] walkUs=3868 texUs=192 emitUs=1135 submitUs=382 otherUs=2158 prims=594 usPerPrim=6
[FT] avgMs=16 worstMs=49 gameMs=6 drawMs=10 swapWait=1ms draws=172 decodes=0 decMs=0
[OTS] f=125160 calls=2 n0=2491 n1=288 prims=85611 bb=160,1120,0,694
[OTT] walkUs=4155 texUs=191 emitUs=1128 submitUs=485 otherUs=2350 prims=590 usPerPrim=7
[FT] avgMs=17 worstMs=57 gameMs=6 drawMs=10 swapWait=0ms draws=172 decodes=0 decMs=0
[OTS] f=125280 calls=2 n0=2486 n1=288 prims=85973 bb=160,1120,0,694
[OTT] walkUs=4044 texUs=188 emitUs=1125 submitUs=522 otherUs=2207 prims=585 usPerPrim=6
[SH-XBOX] vblank 125400
[MEM] tick: free=3820KB (955 pages)
[FT] avgMs=16 worstMs=46 gameMs=6 drawMs=10 swapWait=0ms draws=172 decodes=0 decMs=0
[OTS] f=125400 calls=2 n0=2504 n1=288 prims=85722 bb=160,1120,0,694
[OTT] walkUs=4054 texUs=196 emitUs=1158 submitUs=408 otherUs=2291 prims=603 usPerPrim=6
[FT] avgMs=16 worstMs=21 gameMs=5 drawMs=10 swapWait=0ms draws=171 decodes=0 decMs=0
[OTS] f=125520 calls=2 n0=2500 n1=288 prims=85816 bb=160,1120,0,694
[OTT] walkUs=3889 texUs=196 emitUs=1148 submitUs=478 otherUs=2065 prims=599 usPerPrim=6
[FT] avgMs=16 worstMs=22 gameMs=5 drawMs=10 swapWait=0ms draws=172 decodes=0 decMs=0
[OTS] f=125640 calls=2 n0=2491 n1=288 prims=85637 bb=160,1120,0,694
[OTT] walkUs=3752 texUs=190 emitUs=1128 submitUs=507 otherUs=1925 prims=590 usPerPrim=6
[FT] avgMs=17 worstMs=61 gameMs=5 drawMs=11 swapWait=0ms draws=172 decodes=0 decMs=0
[OTS] f=125760 calls=2 n0=2494 n1=288 prims=86049 bb=160,1120,0,694
[OTT] walkUs=3894 texUs=191 emitUs=1133 submitUs=511 otherUs=2058 prims=593 usPerPrim=6
[FT] avgMs=16 worstMs=47 gameMs=5 drawMs=11 swapWait=0ms draws=172 decodes=0 decMs=0
[OTS] f=125880 calls=2 n0=2496 n1=288 prims=85533 bb=160,1120,0,694
[OTT] walkUs=3824 texUs=192 emitUs=1139 submitUs=431 otherUs=2060 prims=595 usPerPrim=6
[SH-XBOX] vblank 126000
[MEM] tick: free=3820KB (955 pages)
[FT] avgMs=16 worstMs=54 gameMs=5 drawMs=11 swapWait=0ms draws=171 decodes=0 decMs=0
[OTS] f=126000 calls=2 n0=2493 n1=288 prims=85888 bb=160,1120,0,694
[OTT] walkUs=3893 texUs=192 emitUs=1129 submitUs=430 otherUs=2140 prims=592 usPerPrim=6
[FT] avgMs=16 worstMs=50 gameMs=5 drawMs=11 swapWait=0ms draws=172 decodes=0 decMs=0
[OTS] f=126120 calls=2 n0=2483 n1=288 prims=85714 bb=160,1120,0,694
[OTT] walkUs=3812 texUs=188 emitUs=1114 submitUs=691 otherUs=1817 prims=582 usPerPrim=6
[FT] avgMs=17 worstMs=60 gameMs=5 drawMs=11 swapWait=0ms draws=172 decodes=0 decMs=0
[OTS] f=126240 calls=2 n0=2489 n1=288 prims=86010 bb=160,1120,0,694
[OTT] walkUs=3852 texUs=192 emitUs=1123 submitUs=486 otherUs=2049 prims=588 usPerPrim=6
[FT] avgMs=16 worstMs=51 gameMs=5 drawMs=11 swapWait=0ms draws=171 decodes=0 decMs=0
[OTS] f=126360 calls=2 n0=2484 n1=288 prims=85653 bb=160,1120,0,694
[OTT] walkUs=3820 texUs=188 emitUs=1112 submitUs=653 otherUs=1866 prims=583 usPerPrim=6
[FT] avgMs=16 worstMs=53 gameMs=6 drawMs=10 swapWait=0ms draws=172 decodes=0 decMs=0
[OTS] f=126480 calls=2 n0=2487 n1=288 prims=85891 bb=160,1120,0,694
[OTT] walkUs=3933 texUs=189 emitUs=1121 submitUs=496 otherUs=2126 prims=586 usPerPrim=6
[SH-XBOX] vblank 126600
[MEM] tick: free=3820KB (955 pages)
[FT] avgMs=16 worstMs=49 gameMs=6 drawMs=10 swapWait=0ms draws=172 decodes=0 decMs=0
[OTS] f=126600 calls=2 n0=2488 n1=288 prims=85816 bb=160,1120,0,694
[OTT] walkUs=3726 texUs=190 emitUs=1118 submitUs=404 otherUs=2013 prims=587 usPerPrim=6
[FT] avgMs=17 worstMs=59 gameMs=6 drawMs=10 swapWait=0ms draws=172 decodes=0 decMs=0
[OTS] f=126720 calls=2 n0=2490 n1=288 prims=85747 bb=160,1120,0,694
[OTT] walkUs=4201 texUs=192 emitUs=1127 submitUs=598 otherUs=2283 prims=589 usPerPrim=7
[FT] avgMs=16 worstMs=46 gameMs=6 drawMs=10 swapWait=0ms draws=172 decodes=0 decMs=0
[OTS] f=126840 calls=2 n0=2489 n1=288 prims=85877 bb=160,1120,0,694
[OTT] walkUs=4078 texUs=190 emitUs=1125 submitUs=452 otherUs=2310 prims=588 usPerPrim=6
[FT] avgMs=16 worstMs=55 gameMs=5 drawMs=11 swapWait=1ms draws=172 decodes=0 decMs=0
[OTS] f=126960 calls=2 n0=2494 n1=288 prims=85649 bb=160,1120,0,694
[OTT] walkUs=4073 texUs=195 emitUs=1127 submitUs=734 otherUs=2015 prims=593 usPerPrim=6
[FT] avgMs=16 worstMs=49 gameMs=6 drawMs=10 swapWait=0ms draws=172 decodes=0 decMs=0
[OTS] f=127080 calls=2 n0=2492 n1=288 prims=85896 bb=160,1120,0,694
[OTT] walkUs=3623 texUs=191 emitUs=1128 submitUs=567 otherUs=1737 prims=591 usPerPrim=6
[SH-XBOX] vblank 127200
[MEM] tick: free=3820KB (955 pages)
[FT] avgMs=16 worstMs=56 gameMs=6 drawMs=10 swapWait=0ms draws=172 decodes=0 decMs=0
[OTS] f=127200 calls=2 n0=2487 n1=288 prims=85768 bb=160,1120,0,694
[OTT] walkUs=3889 texUs=189 emitUs=1124 submitUs=504 otherUs=2071 prims=586 usPerPrim=6
[FT] avgMs=16 worstMs=56 gameMs=6 drawMs=10 swapWait=0ms draws=172 decodes=0 decMs=0
[OTS] f=127320 calls=2 n0=2501 n1=288 prims=85987 bb=160,1120,0,694
[OTT] walkUs=3896 texUs=203 emitUs=1148 submitUs=626 otherUs=1918 prims=600 usPerPrim=6
[FT] avgMs=16 worstMs=21 gameMs=6 drawMs=10 swapWait=0ms draws=172 decodes=0 decMs=0
[OTS] f=127440 calls=2 n0=2499 n1=288 prims=85590 bb=160,1120,0,694
[OTT] walkUs=3674 texUs=197 emitUs=1141 submitUs=410 otherUs=1925 prims=598 usPerPrim=6
[FT] avgMs=17 worstMs=57 gameMs=6 drawMs=11 swapWait=0ms draws=171 decodes=0 decMs=0
[OTS] f=127560 calls=2 n0=2491 n1=288 prims=85893 bb=160,1120,0,694
[OTT] walkUs=3706 texUs=190 emitUs=1130 submitUs=423 otherUs=1961 prims=590 usPerPrim=6
[FT] avgMs=16 worstMs=57 gameMs=6 drawMs=10 swapWait=0ms draws=172 decodes=0 decMs=0
[OTS] f=127680 calls=2 n0=2492 n1=288 prims=85686 bb=160,1120,0,694
[OTT] walkUs=3771 texUs=193 emitUs=1127 submitUs=466 otherUs=1982 prims=591 usPerPrim=6
[SH-XBOX] vblank 127800
[MEM] tick: free=3820KB (955 pages)
[FT] avgMs=16 worstMs=53 gameMs=6 drawMs=10 swapWait=0ms draws=171 decodes=0 decMs=0
[OTS] f=127800 calls=2 n0=2494 n1=288 prims=85867 bb=160,1120,0,694
[OTT] walkUs=3877 texUs=193 emitUs=1133 submitUs=498 otherUs=2052 prims=593 usPerPrim=6
[FT] avgMs=16 worstMs=47 gameMs=6 drawMs=10 swapWait=0ms draws=172 decodes=0 decMs=0
[OTS] f=127920 calls=2 n0=2489 n1=288 prims=85681 bb=160,1120,0,694
[OTT] walkUs=3784 texUs=190 emitUs=1120 submitUs=456 otherUs=2018 prims=588 usPerPrim=6
[FT] avgMs=16 worstMs=53 gameMs=7 drawMs=9 swapWait=0ms draws=172 decodes=0 decMs=0
[OTS] f=128040 calls=2 n0=2489 n1=288 prims=86008 bb=160,1120,0,694
[OTT] walkUs=3878 texUs=189 emitUs=1124 submitUs=556 otherUs=2007 prims=588 usPerPrim=6
[FT] avgMs=16 worstMs=49 gameMs=6 drawMs=10 swapWait=0ms draws=172 decodes=0 decMs=0
[OTS] f=128160 calls=2 n0=2491 n1=288 prims=85655 bb=160,1120,0,694
[OTT] walkUs=3803 texUs=190 emitUs=1126 submitUs=466 otherUs=2019 prims=590 usPerPrim=6
[FT] avgMs=16 worstMs=44 gameMs=5 drawMs=11 swapWait=0ms draws=172 decodes=0 decMs=0
[OTS] f=128280 calls=2 n0=2486 n1=288 prims=85929 bb=160,1120,0,694
[OTT] walkUs=3838 texUs=189 emitUs=1129 submitUs=398 otherUs=2120 prims=585 usPerPrim=6
[SH-XBOX] vblank 128400
[MEM] tick: free=3820KB (955 pages)
[FT] avgMs=16 worstMs=53 gameMs=6 drawMs=10 swapWait=0ms draws=172 decodes=0 decMs=0
[OTS] f=128400 calls=2 n0=2477 n1=288 prims=85792 bb=160,1120,0,694
[OTT] walkUs=3913 texUs=186 emitUs=1089 submitUs=526 otherUs=2110 prims=576 usPerPrim=6
[FT] avgMs=16 worstMs=48 gameMs=6 drawMs=10 swapWait=0ms draws=172 decodes=0 decMs=0
[OTS] f=128520 calls=2 n0=2494 n1=288 prims=85788 bb=160,1120,0,694
[OTT] walkUs=3774 texUs=194 emitUs=1133 submitUs=644 otherUs=1802 prims=593 usPerPrim=6
[FT] avgMs=17 worstMs=58 gameMs=6 drawMs=10 swapWait=0ms draws=171 decodes=0 decMs=0
[OTS] f=128640 calls=2 n0=2490 n1=288 prims=85741 bb=160,1120,0,694
[OTT] walkUs=4007 texUs=192 emitUs=1121 submitUs=394 otherUs=2299 prims=589 usPerPrim=6
[FT] avgMs=16 worstMs=45 gameMs=6 drawMs=10 swapWait=0ms draws=172 decodes=0 decMs=0
[OTS] f=128760 calls=2 n0=2498 n1=288 prims=85800 bb=160,1120,0,694
[OTT] walkUs=4094 texUs=192 emitUs=1148 submitUs=407 otherUs=2345 prims=597 usPerPrim=6
[FT] avgMs=16 worstMs=54 gameMs=6 drawMs=10 swapWait=0ms draws=172 decodes=0 decMs=0
[OTS] f=128880 calls=2 n0=2494 n1=288 prims=85918 bb=160,1120,0,694
[OTT] walkUs=3869 texUs=192 emitUs=1130 submitUs=452 otherUs=2093 prims=593 usPerPrim=6
[SH-XBOX] vblank 129000
[MEM] tick: free=3820KB (955 pages)
[FT] avgMs=16 worstMs=48 gameMs=6 drawMs=10 swapWait=0ms draws=172 decodes=0 decMs=0
[OTS] f=129000 calls=2 n0=2493 n1=288 prims=85566 bb=160,1120,0,694
[OTT] walkUs=4049 texUs=193 emitUs=1130 submitUs=549 otherUs=2175 prims=592 usPerPrim=6
[FT] avgMs=17 worstMs=57 gameMs=6 drawMs=10 swapWait=0ms draws=172 decodes=0 decMs=0
[OTS] f=129120 calls=2 n0=2486 n1=288 prims=86009 bb=160,1120,0,694
[OTT] walkUs=4139 texUs=192 emitUs=1113 submitUs=405 otherUs=2427 prims=585 usPerPrim=7
[FT] avgMs=16 worstMs=42 gameMs=6 drawMs=10 swapWait=0ms draws=172 decodes=0 decMs=0
[OTS] f=129240 calls=2 n0=2502 n1=288 prims=85671 bb=160,1120,0,694
[OTT] walkUs=4099 texUs=195 emitUs=1149 submitUs=672 otherUs=2080 prims=601 usPerPrim=6
[FT] avgMs=16 worstMs=21 gameMs=6 drawMs=10 swapWait=0ms draws=171 decodes=0 decMs=0
[OTS] f=129360 calls=2 n0=2501 n1=288 prims=85894 bb=160,1120,0,694
[OTT] walkUs=4258 texUs=194 emitUs=1153 submitUs=409 otherUs=2500 prims=600 usPerPrim=7
[FT] avgMs=16 worstMs=48 gameMs=6 drawMs=10 swapWait=0ms draws=172 decodes=0 decMs=0
[OTS] f=129480 calls=2 n0=2491 n1=288 prims=85629 bb=160,1120,0,694
[OTT] walkUs=4065 texUs=190 emitUs=1132 submitUs=437 otherUs=2304 prims=590 usPerPrim=6
[SH-XBOX] vblank 129600
[MEM] tick: free=3820KB (955 pages)
[FT] avgMs=16 worstMs=56 gameMs=6 drawMs=10 swapWait=0ms draws=171 decodes=0 decMs=0
[OTS] f=129600 calls=2 n0=2492 n1=288 prims=85896 bb=160,1120,0,694
[OTT] walkUs=3791 texUs=192 emitUs=1127 submitUs=394 otherUs=2076 prims=591 usPerPrim=6
[FT] avgMs=16 worstMs=50 gameMs=6 drawMs=10 swapWait=0ms draws=172 decodes=0 decMs=0
[OTS] f=129720 calls=2 n0=2495 n1=288 prims=85661 bb=160,1120,0,694
[OTT] walkUs=3841 texUs=192 emitUs=1133 submitUs=788 otherUs=1726 prims=594 usPerPrim=6
[FT] avgMs=16 worstMs=46 gameMs=6 drawMs=10 swapWait=0ms draws=172 decodes=0 decMs=0
[OTS] f=129840 calls=2 n0=2495 n1=288 prims=86004 bb=160,1120,0,694
[OTT] walkUs=3689 texUs=192 emitUs=1135 submitUs=399 otherUs=1961 prims=594 usPerPrim=6
[FT] avgMs=16 worstMs=55 gameMs=6 drawMs=10 swapWait=0ms draws=172 decodes=0 decMs=0
[OTS] f=129960 calls=2 n0=2483 n1=288 prims=85742 bb=160,1120,0,694
[OTT] walkUs=3796 texUs=187 emitUs=1109 submitUs=634 otherUs=1866 prims=582 usPerPrim=6
[FT] avgMs=16 worstMs=51 gameMs=6 drawMs=10 swapWait=0ms draws=172 decodes=0 decMs=0
[OTS] f=130080 calls=2 n0=2487 n1=288 prims=85904 bb=160,1120,0,694
[OTT] walkUs=3984 texUs=190 emitUs=1114 submitUs=727 otherUs=1951 prims=586 usPerPrim=6
[SH-XBOX] vblank 130200
[MEM] tick: free=3820KB (955 pages)
[FT] avgMs=16 worstMs=45 gameMs=6 drawMs=10 swapWait=0ms draws=172 decodes=0 decMs=0
[OTS] f=130200 calls=2 n0=2483 n1=288 prims=85736 bb=160,1120,0,694
[OTT] walkUs=3817 texUs=187 emitUs=1110 submitUs=697 otherUs=1822 prims=582 usPerPrim=6
[FT] avgMs=16 worstMs=53 gameMs=6 drawMs=10 swapWait=0ms draws=172 decodes=0 decMs=0
[OTS] f=130320 calls=2 n0=2487 n1=288 prims=85911 bb=160,1120,0,694
[OTT] walkUs=3905 texUs=189 emitUs=1120 submitUs=401 otherUs=2193 prims=586 usPerPrim=6
[FT] avgMs=16 worstMs=48 gameMs=6 drawMs=10 swapWait=0ms draws=171 decodes=0 decMs=0
[OTS] f=130440 calls=2 n0=2491 n1=288 prims=85692 bb=160,1120,0,694
[OTT] walkUs=3811 texUs=191 emitUs=1131 submitUs=757 otherUs=1731 prims=590 usPerPrim=6
[FT] avgMs=17 worstMs=58 gameMs=6 drawMs=10 swapWait=0ms draws=172 decodes=0 decMs=0
[OTS] f=130560 calls=2 n0=2490 n1=288 prims=85835 bb=160,1120,0,694
[OTT] walkUs=3903 texUs=191 emitUs=1128 submitUs=477 otherUs=2106 prims=589 usPerPrim=6
[FT] avgMs=16 worstMs=47 gameMs=5 drawMs=11 swapWait=0ms draws=172 decodes=0 decMs=0
[OTS] f=130680 calls=2 n0=2489 n1=288 prims=85918 bb=160,1120,0,694
[OTT] walkUs=3921 texUs=189 emitUs=1127 submitUs=500 otherUs=2104 prims=588 usPerPrim=6
[SH-XBOX] vblank 130800
[MEM] tick: free=3820KB (955 pages)
[FT] avgMs=16 worstMs=55 gameMs=5 drawMs=11 swapWait=0ms draws=172 decodes=0 decMs=0
[OTS] f=130800 calls=2 n0=2496 n1=288 prims=85605 bb=160,1120,0,694
[OTT] walkUs=3879 texUs=193 emitUs=1143 submitUs=601 otherUs=1941 prims=595 usPerPrim=6
[FT] avgMs=16 worstMs=49 gameMs=5 drawMs=11 swapWait=0ms draws=172 decodes=0 decMs=0
[OTS] f=130920 calls=2 n0=2493 n1=288 prims=85897 bb=160,1120,0,694
[OTT] walkUs=3973 texUs=192 emitUs=1135 submitUs=389 otherUs=2255 prims=592 usPerPrim=6
[FT] avgMs=17 worstMs=58 gameMs=5 drawMs=11 swapWait=0ms draws=172 decodes=0 decMs=0
[OTS] f=131040 calls=2 n0=2485 n1=288 prims=85697 bb=160,1120,0,694
[OTT] walkUs=4043 texUs=189 emitUs=1109 submitUs=424 otherUs=2320 prims=584 usPerPrim=6
[FT] avgMs=17 worstMs=60 gameMs=5 drawMs=11 swapWait=0ms draws=171 decodes=0 decMs=0
[OTS] f=131160 calls=2 n0=2501 n1=288 prims=85953 bb=160,1120,0,694
[OTT] walkUs=4018 texUs=194 emitUs=1151 submitUs=511 otherUs=2160 prims=600 usPerPrim=6
[FT] avgMs=17 worstMs=85 gameMs=6 drawMs=11 swapWait=0ms draws=172 decodes=0 decMs=0
[OTS] f=131280 calls=2 n0=2501 n1=288 prims=85494 bb=160,1120,0,694
[OTT] walkUs=3921 texUs=198 emitUs=1151 submitUs=407 otherUs=2163 prims=600 usPerPrim=6
[SH-XBOX] vblank 131400
[MEM] tick: free=3820KB (955 pages)
[FT] avgMs=16 worstMs=22 gameMs=6 drawMs=10 swapWait=0ms draws=171 decodes=0 decMs=0
[OTS] f=131400 calls=2 n0=2491 n1=288 prims=85967 bb=160,1120,0,694
[OTT] walkUs=4150 texUs=190 emitUs=1128 submitUs=410 otherUs=2421 prims=590 usPerPrim=7
[FT] avgMs=16 worstMs=22 gameMs=6 drawMs=10 swapWait=0ms draws=172 decodes=0 decMs=0
[OTS] f=131520 calls=2 n0=2491 n1=288 prims=85704 bb=160,1120,0,694
[OTT] walkUs=4056 texUs=191 emitUs=1124 submitUs=408 otherUs=2332 prims=590 usPerPrim=6
[FT] avgMs=17 worstMs=59 gameMs=6 drawMs=10 swapWait=0ms draws=171 decodes=0 decMs=0
[OTS] f=131640 calls=2 n0=2496 n1=288 prims=85866 bb=160,1120,0,694
[OTT] walkUs=4042 texUs=192 emitUs=1140 submitUs=412 otherUs=2297 prims=595 usPerPrim=6
[FT] avgMs=16 worstMs=47 gameMs=6 drawMs=10 swapWait=0ms draws=172 decodes=0 decMs=0
[OTS] f=131760 calls=2 n0=2490 n1=288 prims=85683 bb=160,1120,0,694
[OTT] walkUs=4115 texUs=190 emitUs=1132 submitUs=798 otherUs=1995 prims=589 usPerPrim=6
[FT] avgMs=17 worstMs=57 gameMs=5 drawMs=11 swapWait=0ms draws=172 decodes=0 decMs=0
[OTS] f=131880 calls=2 n0=2487 n1=288 prims=85915 bb=160,1120,0,694
[OTT] walkUs=4012 texUs=189 emitUs=1111 submitUs=672 otherUs=2038 prims=586 usPerPrim=6
[SH-XBOX] vblank 132000
[MEM] tick: free=3820KB (955 pages)
[FT] avgMs=16 worstMs=55 gameMs=6 drawMs=10 swapWait=1ms draws=172 decodes=0 decMs=0
[OTS] f=132000 calls=2 n0=2490 n1=288 prims=85750 bb=160,1120,0,694
[OTT] walkUs=3873 texUs=194 emitUs=1132 submitUs=615 otherUs=1931 prims=589 usPerPrim=6
[FT] avgMs=16 worstMs=51 gameMs=6 drawMs=10 swapWait=0ms draws=172 decodes=0 decMs=0
[OTS] f=132120 calls=2 n0=2486 n1=288 prims=85948 bb=160,1120,0,694
[OTT] walkUs=3964 texUs=191 emitUs=1113 submitUs=436 otherUs=2223 prims=585 usPerPrim=6
[FT] avgMs=16 worstMs=46 gameMs=6 drawMs=10 swapWait=0ms draws=172 decodes=0 decMs=0
[OTS] f=132240 calls=2 n0=2480 n1=288 prims=85661 bb=160,1120,0,694
[OTT] walkUs=3679 texUs=187 emitUs=1099 submitUs=419 otherUs=1972 prims=579 usPerPrim=6
[FT] avgMs=16 worstMs=55 gameMs=6 drawMs=10 swapWait=0ms draws=172 decodes=0 decMs=0
[OTS] f=132360 calls=2 n0=2494 n1=288 prims=85849 bb=160,1120,0,694
[OTT] walkUs=3837 texUs=192 emitUs=1140 submitUs=399 otherUs=2105 prims=593 usPerPrim=6
[FT] avgMs=16 worstMs=51 gameMs=5 drawMs=10 swapWait=0ms draws=172 decodes=0 decMs=0
[OTS] f=132480 calls=2 n0=2492 n1=288 prims=85899 bb=160,1120,0,694
[OTT] walkUs=3863 texUs=191 emitUs=1127 submitUs=455 otherUs=2089 prims=591 usPerPrim=6
[SH-XBOX] vblank 132600
[MEM] tick: free=3820KB (955 pages)
[FT] avgMs=17 worstMs=58 gameMs=6 drawMs=10 swapWait=0ms draws=172 decodes=0 decMs=0
[OTS] f=132600 calls=2 n0=2498 n1=288 prims=85803 bb=160,1120,0,694
[OTT] walkUs=3742 texUs=196 emitUs=1143 submitUs=410 otherUs=1991 prims=597 usPerPrim=6
[FT] avgMs=16 worstMs=47 gameMs=6 drawMs=10 swapWait=1ms draws=172 decodes=0 decMs=0
[OTS] f=132720 calls=2 n0=2494 n1=288 prims=85789 bb=160,1120,0,694
[OTT] walkUs=3795 texUs=195 emitUs=1133 submitUs=566 otherUs=1899 prims=593 usPerPrim=6
[FT] avgMs=16 worstMs=55 gameMs=6 drawMs=10 swapWait=0ms draws=172 decodes=0 decMs=0
[OTS] f=132840 calls=2 n0=2492 n1=288 prims=85647 bb=160,1120,0,694
[OTT] walkUs=3907 texUs=191 emitUs=1130 submitUs=511 otherUs=2074 prims=591 usPerPrim=6
[FT] avgMs=16 worstMs=48 gameMs=7 drawMs=9 swapWait=0ms draws=172 decodes=0 decMs=0
[OTS] f=132960 calls=2 n0=2486 n1=288 prims=86036 bb=160,1120,0,694
[OTT] walkUs=3902 texUs=188 emitUs=1117 submitUs=603 otherUs=1993 prims=585 usPerPrim=6
[FT] avgMs=17 worstMs=58 gameMs=6 drawMs=10 swapWait=0ms draws=172 decodes=0 decMs=0
[OTS] f=133080 calls=2 n0=2504 n1=288 prims=85579 bb=160,1120,0,694
[OTT] walkUs=3981 texUs=195 emitUs=1158 submitUs=421 otherUs=2205 prims=603 usPerPrim=6
[SH-XBOX] vblank 133200
[MEM] tick: free=3820KB (955 pages)
[FT] avgMs=16 worstMs=48 gameMs=5 drawMs=11 swapWait=0ms draws=172 decodes=0 decMs=0
[OTS] f=133200 calls=2 n0=2500 n1=288 prims=85959 bb=160,1120,0,694
[OTT] walkUs=4027 texUs=194 emitUs=1148 submitUs=450 otherUs=2234 prims=599 usPerPrim=6
[FT] avgMs=16 worstMs=21 gameMs=6 drawMs=10 swapWait=0ms draws=172 decodes=0 decMs=0
[OTS] f=133320 calls=2 n0=2488 n1=288 prims=85632 bb=160,1120,0,694
[OTT] walkUs=3964 texUs=189 emitUs=1115 submitUs=478 otherUs=2181 prims=587 usPerPrim=6
[FT] avgMs=16 worstMs=49 gameMs=6 drawMs=10 swapWait=0ms draws=171 decodes=0 decMs=0
[OTS] f=133440 calls=2 n0=2495 n1=288 prims=85916 bb=160,1120,0,694
[OTT] walkUs=3982 texUs=192 emitUs=1139 submitUs=427 otherUs=2223 prims=594 usPerPrim=6
[FT] avgMs=17 worstMs=58 gameMs=6 drawMs=10 swapWait=1ms draws=172 decodes=0 decMs=0
[OTS] f=133560 calls=2 n0=2496 n1=288 prims=85653 bb=160,1120,0,694
[OTT] walkUs=3991 texUs=195 emitUs=1139 submitUs=525 otherUs=2131 prims=595 usPerPrim=6
[FT] avgMs=16 worstMs=46 gameMs=6 drawMs=10 swapWait=0ms draws=171 decodes=0 decMs=0
[OTS] f=133680 calls=2 n0=2493 n1=288 prims=85894 bb=160,1120,0,694
[OTT] walkUs=4093 texUs=192 emitUs=1129 submitUs=406 otherUs=2365 prims=592 usPerPrim=6
[SH-XBOX] vblank 133800
[MEM] tick: free=3820KB (955 pages)
[FT] avgMs=16 worstMs=55 gameMs=6 drawMs=10 swapWait=0ms draws=172 decodes=0 decMs=0
[OTS] f=133800 calls=2 n0=2482 n1=288 prims=85734 bb=160,1120,0,694
[OTT] walkUs=3976 texUs=187 emitUs=1103 submitUs=491 otherUs=2195 prims=581 usPerPrim=6
[FT] avgMs=16 worstMs=50 gameMs=6 drawMs=10 swapWait=0ms draws=172 decodes=0 decMs=0
[OTS] f=133920 calls=2 n0=2489 n1=288 prims=85836 bb=160,1120,0,694
[OTT] walkUs=4119 texUs=190 emitUs=1125 submitUs=496 otherUs=2306 prims=588 usPerPrim=7
[FT] avgMs=17 worstMs=58 gameMs=6 drawMs=10 swapWait=0ms draws=172 decodes=0 decMs=0
[OTS] f=134040 calls=2 n0=2484 n1=288 prims=85793 bb=160,1120,0,694
[OTT] walkUs=3762 texUs=188 emitUs=1113 submitUs=391 otherUs=2070 prims=583 usPerPrim=6
[FT] avgMs=16 worstMs=45 gameMs=6 drawMs=10 swapWait=0ms draws=172 decodes=0 decMs=0
[OTS] f=134160 calls=2 n0=2485 n1=288 prims=85876 bb=160,1120,0,694
[OTT] walkUs=3943 texUs=189 emitUs=1113 submitUs=1028 otherUs=1611 prims=584 usPerPrim=6
[FT] avgMs=16 worstMs=53 gameMs=6 drawMs=10 swapWait=1ms draws=171 decodes=0 decMs=0
[OTS] f=134280 calls=2 n0=2491 n1=288 prims=85758 bb=160,1120,0,694
[OTT] walkUs=3673 texUs=191 emitUs=1126 submitUs=402 otherUs=1952 prims=590 usPerPrim=6
[SH-XBOX] vblank 134400
[MEM] tick: free=3820KB (955 pages)
[FT] avgMs=16 worstMs=50 gameMs=6 drawMs=10 swapWait=0ms draws=172 decodes=0 decMs=0
[OTS] f=134400 calls=2 n0=2490 n1=288 prims=85848 bb=160,1120,0,694
[OTT] walkUs=3745 texUs=190 emitUs=1125 submitUs=441 otherUs=1987 prims=589 usPerPrim=6
[FT] avgMs=17 worstMs=56 gameMs=6 drawMs=10 swapWait=0ms draws=172 decodes=0 decMs=0
[OTS] f=134520 calls=2 n0=2487 n1=288 prims=85783 bb=160,1120,0,694
[OTT] walkUs=3851 texUs=190 emitUs=1124 submitUs=398 otherUs=2137 prims=586 usPerPrim=6
[FT] avgMs=16 worstMs=46 gameMs=6 drawMs=10 swapWait=0ms draws=172 decodes=0 decMs=0
[OTS] f=134640 calls=2 n0=2495 n1=288 prims=85711 bb=160,1120,0,694
[OTT] walkUs=3690 texUs=192 emitUs=1131 submitUs=557 otherUs=1807 prims=594 usPerPrim=6
[FT] avgMs=16 worstMs=53 gameMs=6 drawMs=10 swapWait=0ms draws=172 decodes=0 decMs=0
[OTS] f=134760 calls=2 n0=2493 n1=288 prims=85923 bb=160,1120,0,694
[OTT] walkUs=3806 texUs=191 emitUs=1129 submitUs=403 otherUs=2081 prims=592 usPerPrim=6
[FT] avgMs=16 worstMs=49 gameMs=6 drawMs=10 swapWait=1ms draws=172 decodes=0 decMs=0
[OTS] f=134880 calls=2 n0=2487 n1=288 prims=85625 bb=160,1120,0,694
[OTT] walkUs=3856 texUs=189 emitUs=1116 submitUs=428 otherUs=2121 prims=586 usPerPrim=6
[SH-XBOX] vblank 135000
[MEM] tick: free=3820KB (955 pages)
[FT] avgMs=17 worstMs=59 gameMs=6 drawMs=10 swapWait=0ms draws=172 decodes=0 decMs=0
[OTS] f=135000 calls=2 n0=2501 n1=288 prims=85987 bb=160,1120,0,694
[OTT] walkUs=3842 texUs=197 emitUs=1149 submitUs=572 otherUs=1922 prims=600 usPerPrim=6
[FT] avgMs=16 worstMs=46 gameMs=6 drawMs=10 swapWait=1ms draws=172 decodes=0 decMs=0
[OTS] f=135120 calls=2 n0=2500 n1=288 prims=85641 bb=160,1120,0,694
[OTT] walkUs=3946 texUs=193 emitUs=1150 submitUs=692 otherUs=1909 prims=599 usPerPrim=6
[FT] avgMs=16 worstMs=22 gameMs=6 drawMs=10 swapWait=0ms draws=171 decodes=0 decMs=0
[OTS] f=135240 calls=2 n0=2491 n1=288 prims=85982 bb=160,1120,0,694
[OTT] walkUs=3780 texUs=193 emitUs=1125 submitUs=553 otherUs=1907 prims=590 usPerPrim=6
[FT] avgMs=16 worstMs=49 gameMs=5 drawMs=11 swapWait=0ms draws=172 decodes=0 decMs=0
[OTS] f=135360 calls=2 n0=2490 n1=288 prims=85561 bb=160,1120,0,694
[OTT] walkUs=3899 texUs=191 emitUs=1119 submitUs=572 otherUs=2014 prims=589 usPerPrim=6
[SFX] Sd_PlaySfx: sfxId=1306 (Sfx_Base+26) vol=64
[RELOAD_KF] weap=34 blendStart=-1 blendEnd=605 activeEnd=641
[SH-XBOX] GameState -> 11 (step 0)
[FOGST-GPU] clear=0xff6c6474
[FT] avgMs=20 worstMs=55 gameMs=6 drawMs=13 swapWait=0ms draws=206 decodes=0 decMs=0
[OTS] f=135480 calls=2 n0=2669 n1=58 prims=78480 bb=-1490,3520,-1867,3641
[OTT] walkUs=5235 texUs=199 emitUs=2229 submitUs=566 otherUs=2241 prims=660 usPerPrim=7
[SH-XBOX] vblank 135600
[MEM] tick: free=3820KB (955 pages)
[FT] avgMs=33 worstMs=69 gameMs=13 drawMs=19 swapWait=0ms draws=225 decodes=0 decMs=0
[OTS] f=135600 calls=2 n0=2690 n1=58 prims=78787 bb=-1490,3340,-1867,3641
[OTT] walkUs=5315 texUs=203 emitUs=2287 submitUs=756 otherUs=2067 prims=681 usPerPrim=7
[FT] avgMs=33 worstMs=71 gameMs=14 drawMs=19 swapWait=0ms draws=238 decodes=0 decMs=0
[OTS] f=135720 calls=2 n0=2662 n1=58 prims=79858 bb=-1490,3577,-1832,3641
[OTT] walkUs=5073 texUs=197 emitUs=2253 submitUs=708 otherUs=1913 prims=653 usPerPrim=7
[CHNK] n=4 s0=-6,-1,st3 s1=-5,-1,st3 s2=-6,0,st3 s3=-5,0,st3
[FT] avgMs=33 worstMs=73 gameMs=14 drawMs=19 swapWait=0ms draws=232 decodes=0 decMs=0
[OTS] f=135840 calls=2 n0=2667 n1=58 prims=79177 bb=-1490,3505,-1841,3641
[OTT] walkUs=4872 texUs=200 emitUs=2234 submitUs=703 otherUs=1734 prims=658 usPerPrim=7
[FT] avgMs=17 worstMs=48 gameMs=3 drawMs=14 swapWait=0ms draws=220 decodes=0 decMs=0
[OTS] f=135960 calls=2 n0=2666 n1=58 prims=78929 bb=-1490,3601,-1851,3641
[OTT] walkUs=4918 texUs=197 emitUs=2230 submitUs=596 otherUs=1894 prims=657 usPerPrim=7
[FT] avgMs=21 worstMs=49 gameMs=6 drawMs=14 swapWait=0ms draws=234 decodes=0 decMs=0
[OTS] f=136080 calls=2 n0=2682 n1=58 prims=79386 bb=-1490,3484,-1832,3641
[OTT] walkUs=5000 texUs=201 emitUs=2269 submitUs=564 otherUs=1965 prims=673 usPerPrim=7
[SH-XBOX] vblank 136200
[MEM] tick: free=3820KB (955 pages)
[FT] avgMs=33 worstMs=66 gameMs=15 drawMs=18 swapWait=0ms draws=238 decodes=0 decMs=0
[OTS] f=136200 calls=2 n0=2670 n1=58 prims=79856 bb=-1490,3481,-1867,3641
[OTT] walkUs=5012 texUs=201 emitUs=2246 submitUs=564 otherUs=2001 prims=661 usPerPrim=7
[FT] avgMs=25 worstMs=70 gameMs=8 drawMs=16 swapWait=0ms draws=223 decodes=0 decMs=0
[OTS] f=136320 calls=2 n0=2668 n1=58 prims=78220 bb=-1490,3643,-1861,3641
[OTT] walkUs=4950 texUs=197 emitUs=2262 submitUs=514 otherUs=1976 prims=659 usPerPrim=7
[CHNK] n=4 s0=-6,-1,st3 s1=-5,-1,st3 s2=-6,0,st3 s3=-5,0,st3
[FT] avgMs=17 worstMs=46 gameMs=2 drawMs=14 swapWait=0ms draws=230 decodes=0 decMs=0
[OTS] f=136440 calls=2 n0=2680 n1=58 prims=79852 bb=-1490,3628,-1861,3641
[OTT] walkUs=5330 texUs=198 emitUs=2266 submitUs=581 otherUs=2284 prims=671 usPerPrim=7
[FT] avgMs=17 worstMs=47 gameMs=2 drawMs=14 swapWait=0ms draws=242 decodes=0 decMs=0
[OTS] f=136560 calls=2 n0=2675 n1=58 prims=79781 bb=-1490,3661,-1851,3641
[OTT] walkUs=5348 texUs=227 emitUs=2254 submitUs=721 otherUs=2144 prims=666 usPerPrim=8
[FT] avgMs=28 worstMs=57 gameMs=11 drawMs=17 swapWait=0ms draws=239 decodes=0 decMs=0
[OTS] f=136680 calls=2 n0=2661 n1=58 prims=79008 bb=-1490,3553,-1851,3641
[OTT] walkUs=5330 texUs=197 emitUs=2246 submitUs=764 otherUs=2122 prims=652 usPerPrim=8
[SH-XBOX] vblank 136800
[MEM] tick: free=3820KB (955 pages)
[FT] avgMs=22 worstMs=63 gameMs=7 drawMs=15 swapWait=0ms draws=223 decodes=0 decMs=0
[OTS] f=136800 calls=2 n0=2671 n1=58 prims=79765 bb=-1490,3517,-1816,3641
[OTT] walkUs=4927 texUs=197 emitUs=2247 submitUs=526 otherUs=1956 prims=662 usPerPrim=7
[FT] avgMs=17 worstMs=49 gameMs=2 drawMs=14 swapWait=0ms draws=225 decodes=0 decMs=0
[OTS] f=136920 calls=2 n0=2667 n1=58 prims=78992 bb=-1490,3340,-1845,3641
[OTT] walkUs=5498 texUs=199 emitUs=2234 submitUs=621 otherUs=2443 prims=658 usPerPrim=8
[CHNK] n=4 s0=-6,-1,st3 s1=-5,-1,st3 s2=-6,0,st3 s3=-5,0,st3
[FT] avgMs=20 worstMs=34 gameMs=5 drawMs=15 swapWait=0ms draws=238 decodes=0 decMs=0
[OTS] f=137040 calls=2 n0=2685 n1=58 prims=79851 bb=-1490,3436,-1841,3641
[OTT] walkUs=5412 texUs=200 emitUs=2285 submitUs=569 otherUs=2356 prims=676 usPerPrim=8
[RA] watch 84008: state=2 unlocked=1786116799 flags[4B4]=FC flags[4A1]=04 word4=0xFFFCDFFC setbits=306 map=12/12
[FT] avgMs=17 worstMs=54 gameMs=3 drawMs=13 swapWait=0ms draws=240 decodes=0 decMs=0
[OTS] f=137160 calls=2 n0=2665 n1=58 prims=80236 bb=-1490,3373,-1841,3641
[OTT] walkUs=5537 texUs=197 emitUs=2222 submitUs=935 otherUs=2183 prims=656 usPerPrim=8
[FT] avgMs=17 worstMs=46 gameMs=2 drawMs=14 swapWait=0ms draws=237 decodes=0 decMs=0
[OTS] f=137280 calls=2 n0=2661 n1=58 prims=78964 bb=-1490,3370,-1841,3641
[OTT] walkUs=5296 texUs=197 emitUs=2215 submitUs=550 otherUs=2333 prims=652 usPerPrim=8
[SH-XBOX] vblank 137400
[MEM] tick: free=3820KB (955 pages)
[FT] avgMs=24 worstMs=62 gameMs=8 drawMs=16 swapWait=0ms draws=222 decodes=0 decMs=0
[OTS] f=137400 calls=2 n0=2658 n1=58 prims=78790 bb=-1490,3583,-1845,3641
[OTT] walkUs=5002 texUs=196 emitUs=2210 submitUs=546 otherUs=2049 prims=649 usPerPrim=7
[FT] avgMs=17 worstMs=52 gameMs=2 drawMs=14 swapWait=0ms draws=232 decodes=0 decMs=0
[OTS] f=137520 calls=2 n0=2661 n1=58 prims=78715 bb=-1490,3631,-1800,3641
[OTT] walkUs=5093 texUs=194 emitUs=2262 submitUs=564 otherUs=2071 prims=652 usPerPrim=7
[CHNK] n=4 s0=-6,-1,st3 s1=-5,-1,st3 s2=-6,0,st3 s3=-5,0,st3
[FT] avgMs=28 worstMs=53 gameMs=11 drawMs=16 swapWait=0ms draws=239 decodes=0 decMs=0
[OTS] f=137640 calls=2 n0=2665 n1=58 prims=78411 bb=-1490,3406,-1861,3641
[OTT] walkUs=5395 texUs=195 emitUs=2233 submitUs=601 otherUs=2364 prims=656 usPerPrim=8
[FT] avgMs=33 worstMs=73 gameMs=15 drawMs=17 swapWait=0ms draws=227 decodes=0 decMs=0
[OTS] f=137760 calls=2 n0=2660 n1=58 prims=78280 bb=-1490,3532,-1867,3641
[OTT] walkUs=5208 texUs=195 emitUs=2210 submitUs=508 otherUs=2294 prims=651 usPerPrim=8
[FT] avgMs=19 worstMs=48 gameMs=4 drawMs=14 swapWait=0ms draws=227 decodes=0 decMs=0
[OTS] f=137880 calls=2 n0=2681 n1=58 prims=79040 bb=-1490,3625,-1845,3641
[OTT] walkUs=5355 texUs=200 emitUs=2262 submitUs=572 otherUs=2320 prims=672 usPerPrim=7
[SH-XBOX] vblank 138000
[MEM] tick: free=3820KB (955 pages)
[FT] avgMs=24 worstMs=71 gameMs=8 drawMs=15 swapWait=0ms draws=236 decodes=0 decMs=0
[OTS] f=138000 calls=2 n0=2655 n1=58 prims=78756 bb=-1490,3529,-1851,3641
[OTT] walkUs=5009 texUs=194 emitUs=2249 submitUs=552 otherUs=2013 prims=646 usPerPrim=7
[FT] avgMs=17 worstMs=55 gameMs=3 drawMs=14 swapWait=0ms draws=238 decodes=0 decMs=0
[OTS] f=138120 calls=2 n0=2658 n1=58 prims=78516 bb=-1490,3562,-1841,3641
[OTT] walkUs=5265 texUs=195 emitUs=2200 submitUs=564 otherUs=2305 prims=649 usPerPrim=8
[CHNK] n=4 s0=-6,-1,st3 s1=-5,-1,st3 s2=-6,0,st3 s3=-5,0,st3
[FT] avgMs=17 worstMs=57 gameMs=2 drawMs=14 swapWait=0ms draws=231 decodes=0 decMs=0
[OTS] f=138240 calls=2 n0=2676 n1=58 prims=78818 bb=-1490,3553,-1845,3641
[OTT] walkUs=5084 texUs=200 emitUs=2254 submitUs=619 otherUs=2010 prims=667 usPerPrim=7
[FT] avgMs=17 worstMs=53 gameMs=3 drawMs=14 swapWait=0ms draws=220 decodes=0 decMs=0
[OTS] f=138360 calls=2 n0=2669 n1=58 prims=80347 bb=-1490,3661,-1851,3641
[OTT] walkUs=5151 texUs=199 emitUs=2226 submitUs=624 otherUs=2100 prims=660 usPerPrim=7
[FT] avgMs=19 worstMs=54 gameMs=5 drawMs=14 swapWait=0ms draws=231 decodes=0 decMs=0
[OTS] f=138480 calls=2 n0=2674 n1=58 prims=78208 bb=-1490,3523,-1851,3641
[OTT] walkUs=5000 texUs=198 emitUs=2251 submitUs=601 otherUs=1950 prims=665 usPerPrim=7
[SH-XBOX] vblank 138600
[MEM] tick: free=3820KB (955 pages)
[FT] avgMs=33 worstMs=89 gameMs=15 drawMs=17 swapWait=0ms draws=239 decodes=0 decMs=0
[OTS] f=138600 calls=2 n0=2675 n1=58 prims=77595 bb=-1490,3460,-1841,3641
[OTT] walkUs=4943 texUs=199 emitUs=2239 submitUs=556 otherUs=1948 prims=666 usPerPrim=7
[FT] avgMs=27 worstMs=39 gameMs=11 drawMs=16 swapWait=0ms draws=225 decodes=0 decMs=0
[OTS] f=138720 calls=2 n0=2661 n1=58 prims=78155 bb=-1490,3679,-1835,3641
[OTT] walkUs=4971 texUs=196 emitUs=2257 submitUs=528 otherUs=1988 prims=652 usPerPrim=7
[CHNK] n=4 s0=-6,-1,st3 s1=-5,-1,st3 s2=-6,0,st3 s3=-5,0,st3
[FT] avgMs=17 worstMs=50 gameMs=3 drawMs=14 swapWait=0ms draws=227 decodes=0 decMs=0
[OTS] f=138840 calls=2 n0=2680 n1=58 prims=79583 bb=-1490,3538,-1851,3641
[OTT] walkUs=5414 texUs=199 emitUs=2257 submitUs=594 otherUs=2363 prims=671 usPerPrim=8
[RA] watch 84008: state=2 unlocked=1786116799 flags[4B4]=FC flags[4A1]=04 word4=0xFFFCDFFC setbits=306 map=12/12
[FT] avgMs=28 worstMs=53 gameMs=10 drawMs=17 swapWait=0ms draws=236 decodes=0 decMs=0
[OTS] f=138960 calls=2 n0=2671 n1=58 prims=80174 bb=-1490,3511,-1851,3641
[OTT] walkUs=5302 texUs=198 emitUs=2246 submitUs=888 otherUs=1969 prims=662 usPerPrim=8
[FT] avgMs=33 worstMs=72 gameMs=14 drawMs=19 swapWait=1ms draws=236 decodes=0 decMs=0
[OTS] f=139080 calls=2 n0=2665 n1=58 prims=79324 bb=-1490,3496,-1841,3641
[OTT] walkUs=5167 texUs=197 emitUs=2238 submitUs=550 otherUs=2180 prims=656 usPerPrim=7
[SH-XBOX] vblank 139200
[MEM] tick: free=3820KB (955 pages)
[FT] avgMs=33 worstMs=63 gameMs=14 drawMs=19 swapWait=0ms draws=228 decodes=0 decMs=0
[OTS] f=139200 calls=2 n0=2667 n1=58 prims=78873 bb=-1490,3595,-1841,3641
[OTT] walkUs=5008 texUs=199 emitUs=2227 submitUs=549 otherUs=2031 prims=658 usPerPrim=7
[FT] avgMs=33 worstMs=73 gameMs=14 drawMs=19 swapWait=0ms draws=238 decodes=0 decMs=0
[OTS] f=139320 calls=2 n0=2681 n1=58 prims=80617 bb=-1490,3598,-1861,3641
[OTT] walkUs=5344 texUs=200 emitUs=2254 submitUs=589 otherUs=2299 prims=672 usPerPrim=7
[RA] http POST http://retroachievements.org/dorequest.php
[NET] POST retroachievements.org -> 200 (16 bytes)
[RA] http -> status=200 bodyLen=16 body='{"Success":true}'
[CHNK] n=4 s0=-6,-1,st3 s1=-5,-1,st3 s2=-6,0,st3 s3=-5,0,st3
[FT] avgMs=31 worstMs=319 gameMs=12 drawMs=19 swapWait=0ms draws=230 decodes=0 decMs=0
[OTS] f=139440 calls=2 n0=2648 n1=58 prims=78833 bb=-1490,3322,-1845,3641
[OTT] walkUs=4768 texUs=192 emitUs=2220 submitUs=578 otherUs=1776 prims=639 usPerPrim=7
[FT] avgMs=19 worstMs=45 gameMs=4 drawMs=14 swapWait=0ms draws=224 decodes=0 decMs=0
[OTS] f=139560 calls=2 n0=2663 n1=58 prims=78024 bb=-1490,3412,-1854,3641
[OTT] walkUs=5063 texUs=198 emitUs=2217 submitUs=596 otherUs=2051 prims=654 usPerPrim=7
[FT] avgMs=33 worstMs=68 gameMs=15 drawMs=18 swapWait=0ms draws=236 decodes=0 decMs=0
[OTS] f=139680 calls=2 n0=2681 n1=58 prims=78209 bb=-1490,3439,-1861,3641
[OTT] walkUs=5135 texUs=201 emitUs=2256 submitUs=613 otherUs=2063 prims=672 usPerPrim=7
[SH-XBOX] vblank 139800
[MEM] tick: free=3820KB (955 pages)
[FT] avgMs=27 worstMs=72 gameMs=10 drawMs=17 swapWait=0ms draws=234 decodes=0 decMs=0
[OTS] f=139800 calls=2 n0=2663 n1=58 prims=79820 bb=-1490,3517,-1841,3641
[OTT] walkUs=5195 texUs=197 emitUs=2225 submitUs=525 otherUs=2246 prims=654 usPerPrim=7
[FT] avgMs=18 worstMs=53 gameMs=4 drawMs=14 swapWait=0ms draws=223 decodes=0 decMs=0
[OTS] f=139920 calls=2 n0=2653 n1=58 prims=78085 bb=-1490,3574,-1845,3641
[OTT] walkUs=5332 texUs=194 emitUs=2195 submitUs=700 otherUs=2241 prims=644 usPerPrim=8
[CHNK] n=4 s0=-6,-1,st3 s1=-5,-1,st3 s2=-6,0,st3 s3=-5,0,st3
[FT] avgMs=16 worstMs=53 gameMs=2 drawMs=14 swapWait=0ms draws=233 decodes=0 decMs=0
[OTS] f=140040 calls=2 n0=2667 n1=58 prims=78646 bb=-1490,3415,-1841,3641
[OTT] walkUs=5334 texUs=195 emitUs=2241 submitUs=569 otherUs=2327 prims=658 usPerPrim=8
[FT] avgMs=17 worstMs=51 gameMs=2 drawMs=14 swapWait=0ms draws=237 decodes=0 decMs=0
[OTS] f=140160 calls=2 n0=2661 n1=58 prims=79296 bb=-1490,3397,-1851,3641
[OTT] walkUs=4808 texUs=196 emitUs=2222 submitUs=749 otherUs=1641 prims=652 usPerPrim=7
[FT] avgMs=31 worstMs=69 gameMs=13 drawMs=17 swapWait=0ms draws=236 decodes=0 decMs=0
[OTS] f=140280 calls=2 n0=2648 n1=58 prims=78953 bb=-1490,3604,-1851,3641
[OTT] walkUs=5001 texUs=192 emitUs=2193 submitUs=540 otherUs=2075 prims=639 usPerPrim=7
[SH-XBOX] vblank 140400
[MEM] tick: free=3820KB (955 pages)
[FT] avgMs=16 worstMs=33 gameMs=2 drawMs=14 swapWait=0ms draws=216 decodes=0 decMs=0
[OTS] f=140400 calls=2 n0=2664 n1=58 prims=77134 bb=-1490,3535,-1867,3641
[OTT] walkUs=5229 texUs=195 emitUs=2227 submitUs=556 otherUs=2251 prims=655 usPerPrim=7
[FT] avgMs=20 worstMs=51 gameMs=4 drawMs=15 swapWait=0ms draws=234 decodes=0 decMs=0
[OTS] f=140520 calls=2 n0=2673 n1=58 prims=79371 bb=-1490,3271,-1861,3641
[OTT] walkUs=5339 texUs=197 emitUs=2247 submitUs=566 otherUs=2328 prims=664 usPerPrim=8
[CHNK] n=4 s0=-6,-1,st3 s1=-5,-1,st3 s2=-6,0,st3 s3=-5,0,st3
[FT] avgMs=18 worstMs=56 gameMs=4 drawMs=14 swapWait=0ms draws=238 decodes=0 decMs=0
[OTS] f=140640 calls=2 n0=2683 n1=58 prims=80920 bb=-1490,3439,-1851,3641
[OTT] walkUs=5267 texUs=201 emitUs=2266 submitUs=592 otherUs=2208 prims=674 usPerPrim=7
[RA] watch 84008: state=2 unlocked=1786116799 flags[4B4]=FC flags[4A1]=04 word4=0xFFFCDFFC setbits=306 map=12/12
[FT] avgMs=17 worstMs=61 gameMs=2 drawMs=14 swapWait=0ms draws=236 decodes=0 decMs=0
[OTS] f=140760 calls=2 n0=2673 n1=58 prims=79443 bb=-1490,3484,-1809,3641
[OTT] walkUs=5260 texUs=200 emitUs=2233 submitUs=849 otherUs=1977 prims=664 usPerPrim=7
[FT] avgMs=24 worstMs=71 gameMs=8 drawMs=16 swapWait=0ms draws=230 decodes=0 decMs=0
[OTS] f=140880 calls=2 n0=2653 n1=58 prims=78908 bb=-1490,3394,-1867,3641
[OTT] walkUs=5031 texUs=194 emitUs=2194 submitUs=522 otherUs=2120 prims=644 usPerPrim=7
[SH-XBOX] vblank 141000
[MEM] tick: free=3820KB (955 pages)
[FT] avgMs=18 worstMs=54 gameMs=4 drawMs=14 swapWait=0ms draws=223 decodes=0 decMs=0
[OTS] f=141000 calls=2 n0=2661 n1=58 prims=77487 bb=-1490,3529,-1822,3641
[OTT] walkUs=5202 texUs=198 emitUs=2222 submitUs=628 otherUs=2152 prims=652 usPerPrim=7
[FT] avgMs=28 worstMs=61 gameMs=11 drawMs=16 swapWait=0ms draws=243 decodes=0 decMs=0
[OTS] f=141120 calls=2 n0=2675 n1=58 prims=79551 bb=-1490,3595,-1867,3641
[OTT] walkUs=5226 texUs=198 emitUs=2247 submitUs=636 otherUs=2144 prims=666 usPerPrim=7
[CHNK] n=4 s0=-6,-1,st3 s1=-5,-1,st3 s2=-6,0,st3 s3=-5,0,st3
[FT] avgMs=33 worstMs=62 gameMs=15 drawMs=17 swapWait=0ms draws=237 decodes=0 decMs=0
[OTS] f=141240 calls=2 n0=2665 n1=58 prims=79494 bb=-1490,3535,-1867,3641
[OTT] walkUs=5135 texUs=196 emitUs=2228 submitUs=699 otherUs=2010 prims=656 usPerPrim=7
[FT] avgMs=19 worstMs=50 gameMs=4 drawMs=14 swapWait=0ms draws=216 decodes=0 decMs=0
[OTS] f=141360 calls=2 n0=2662 n1=58 prims=78007 bb=-1490,3553,-1841,3641
[OTT] walkUs=5117 texUs=197 emitUs=2223 submitUs=587 otherUs=2108 prims=653 usPerPrim=7
[FT] avgMs=24 worstMs=71 gameMs=8 drawMs=15 swapWait=0ms draws=238 decodes=0 decMs=0
[OTS] f=141480 calls=2 n0=2655 n1=58 prims=79097 bb=-1490,3565,-1861,3641
[OTT] walkUs=5077 texUs=194 emitUs=2243 submitUs=675 otherUs=1964 prims=646 usPerPrim=7
[SH-XBOX] vblank 141600
[MEM] tick: free=3820KB (955 pages)
[FT] avgMs=17 worstMs=56 gameMs=2 drawMs=14 swapWait=0ms draws=239 decodes=0 decMs=0
[OTS] f=141600 calls=2 n0=2675 n1=58 prims=79769 bb=-1490,3541,-1867,3641
[OTT] walkUs=5164 texUs=196 emitUs=2267 submitUs=657 otherUs=2042 prims=666 usPerPrim=7
[FT] avgMs=17 worstMs=45 gameMs=2 drawMs=14 swapWait=0ms draws=236 decodes=0 decMs=0
[OTS] f=141720 calls=2 n0=2672 n1=58 prims=79528 bb=-1490,3577,-1867,3641
[OTT] walkUs=5249 texUs=200 emitUs=2257 submitUs=562 otherUs=2228 prims=663 usPerPrim=7
[CHNK] n=4 s0=-6,-1,st3 s1=-5,-1,st3 s2=-6,0,st3 s3=-5,0,st3
[FT] avgMs=17 worstMs=47 gameMs=2 drawMs=14 swapWait=0ms draws=227 decodes=0 decMs=0
[OTS] f=141840 calls=2 n0=2660 n1=58 prims=79503 bb=-1490,3292,-1816,3641
[OTT] walkUs=4997 texUs=197 emitUs=2202 submitUs=629 otherUs=1968 prims=651 usPerPrim=7
[FT] avgMs=17 worstMs=48 gameMs=3 drawMs=13 swapWait=0ms draws=220 decodes=0 decMs=0
[OTS] f=141960 calls=2 n0=2671 n1=58 prims=78159 bb=-1490,3475,-1809,3641
[OTT] walkUs=5384 texUs=197 emitUs=2246 submitUs=669 otherUs=2270 prims=662 usPerPrim=8
[FT] avgMs=20 worstMs=50 gameMs=5 drawMs=15 swapWait=0ms draws=241 decodes=0 decMs=0
[OTS] f=142080 calls=2 n0=2678 n1=58 prims=80443 bb=-1490,3643,-1835,3641
[OTT] walkUs=5142 texUs=200 emitUs=2245 submitUs=614 otherUs=2081 prims=669 usPerPrim=7
[SH-XBOX] vblank 142200
[MEM] tick: free=3820KB (955 pages)
[FT] avgMs=33 worstMs=39 gameMs=14 drawMs=18 swapWait=0ms draws=239 decodes=0 decMs=0
[OTS] f=142200 calls=2 n0=2641 n1=58 prims=78955 bb=-1490,3619,-1861,3641
[OTT] walkUs=5225 texUs=193 emitUs=2174 submitUs=542 otherUs=2315 prims=632 usPerPrim=8
[FT] avgMs=23 worstMs=53 gameMs=8 drawMs=15 swapWait=1ms draws=223 decodes=0 decMs=0
[OTS] f=142320 calls=2 n0=2658 n1=58 prims=78198 bb=-1490,3535,-1851,3641
[OTT] walkUs=5197 texUs=195 emitUs=2200 submitUs=627 otherUs=2173 prims=649 usPerPrim=8
