[CFG] key='control_style'(13) value='classic'
[CFG] key='invert_controller_y'(19) value='0'
[CFG] key='crosshair'(9) value='1'
[CFG] key='crosshair_style'(15) value='3'
[CFG] key='refresh_rate'(12) value='60'
[CFG] key='retroachievements'(17) value='1'
[CFG] >> retroachievements branch: atoi=1 -> retroAchievements=1
[CFG] key='ra_username'(11) value='KushAstronaut'
[CFG] key='ra_password'(11) value='101F66d283,,'
[CFG] key='use_pgxp'(8) value='0'
[CFG] key='cutscene_line_gap_ms'(20) value='300'
[CFG] key='video_720p'(10) value='1'
[CFG] key='log_diag'(8) value='0control_2d = 1'
[CFG] key='control_2d'(10) value='0'
[CFG] key='texture_paletted'(16) value='2'
[SH-XBOX] SEH crash logger installed (frame=0xd0032c60 handler=0x2f1220)
[SH-XBOX] build 1d8b1a982+wt id=0810-120834 (2026-08-10 12:08:35)
[FS] D: -> '\Device\Harddisk0\Partition1\Apps\SH\' (wasMounted=1 remap=ok)
[SH-XBOX] boot: video 1280x720x32 (720p, pillarboxed 4:3)
[GTE] RotTransPers v(64,32,512) -> sx=352 sy=256 sz=128 flag=0x1000 (expect sx=352 sy=256)
[SH-XBOX] pbkit initialised
[CD] xbe dir = '\Device\Harddisk0\Partition1\Apps\SH\' (mounted Q:)
[CD] disc image: Q:\Silent Hill (USA).bin
[CD] BIN: Q:\Silent Hill (USA).bin
[SH-XBOX] NV2A fb 1280x720, content 960x720 at x=160
[SH-XBOX] NV2A backend ready (batch=16384 verts)
[SH-XBOX] USB pad init done
[MCRD] card path = E:\UDATA\SH010000\0.MCD
[SH-XBOX] PSX RAM @ 0xde3f04
[SH-XBOX] game data initialised
[SH-XBOX] subsystems up; entering MainLoop
[RA] init: enabled=1 user='KushAstronaut' token=none passwordLen=12
[NET] up, DHCP IP 192.168.1.123
[RA] syswork native: npcs=0x1A0 bones=0x26A0 tailA=0x91D0 targetNpc=0x92A8 light=0x92B0 sizeof=38588
[FREEZE] target ok: 1280x720 (GPU copy, no CPU readback)
[FOGST-GPU] clear=0xff000000
[SH-XBOX] layout check ok: sizeof(s_SysWork)=38588 sizeof(s_GameWork)=1496
[XA] SetVolume L=0 R=0
[ARENA] buf0=0x7fdd0008 buf1=0x7fbc0008
[SH-XBOX] GameState -> 0 (step 0)
[RA] http POST http://retroachievements.org/dorequest.php
[NET] POST retroachievements.org -> 200 (253 bytes)
[RA] http -> status=200 bodyLen=253 body='{"Success":true,"User":"KushAstronaut","AvatarUrl":"https:\/'
[RA] logged in as KushAstronaut
RA: signed in as KushAstronaut
[RA] disc hash 469d5cf1428d3f6f2234aa5be058f3ec
[MCFSM] state=0 step=0 (was -1/-1 after 0 f)
[OT] DrawOTag head=0xd6537c (walking; per-node trace off)
[OT] walk done after 2048 nodes (cap hit=0)
[RA] http POST http://retroachievements.org/dorequest.php
[NET] POST retroachievements.org -> 200 (136270 bytes)
[RA] http -> status=200 bodyLen=136270 body='{"Success":true,"GameId":11252,"Title":"Silent Hill","ImageI'
[MCFSM] state=1 step=0 (was 0/0 after 0 f)
[MCRD] card_info chan=0 -> IOE (n=1)
[RA] http POST http://retroachievements.org/dorequest.php
[NET] POST retroachievements.org -> 200 (200 bytes)
[RA] http -> status=200 bodyLen=200 body='{"Success":true,"ServerNow":1786379177,"HardcoreUnlocks":[],'
[RA] set reads 0x800BCAD8 (mapped)
[RA] set reads 0x800BCC7E (mapped)
[RA] set reads 0x800BCBA2 (mapped)
[RA] set reads 0x800BC0C8 (mapped)
[RA] set reads 0x800BC26E (mapped)
[RA] set reads 0x800BC192 (mapped)
[RA] set reads 0x800B2214 (mapped)
[RA] set reads 0x800BC6A8 (mapped)
[RA] achievement read of unmapped PSX address 0x800BCD6C - needs a translation entry
[RA] achievement read of unmapped PSX address 0x800C168C - needs a translation entry
[RA] achievement read of unmapped PSX address 0x800C0C7C - needs a translation entry
[RA] achievement read of unmapped PSX address 0x800C125C - needs a translation entry
[RA] achievement read of unmapped PSX address 0x800C6F2D - needs a translation entry
[RA] achievement read of unmapped PSX address 0x800C651D - needs a translation entry
[RA] achievement read of unmapped PSX address 0x800C6AFD - needs a translation entry
[RA] achievement read of unmapped PSX address 0x800C4476 - needs a translation entry
[RA] matched game 11252 "Silent Hill"
[RA] worklist UNMAPPED 0x800BCD6C (memsize=0)
[RA] worklist UNMAPPED 0x800C168C (memsize=1)
[RA] worklist UNMAPPED 0x800C0C7C (memsize=1)
[RA] worklist UNMAPPED 0x800C125C (memsize=1)
[RA] worklist UNMAPPED 0x800C6F2D (memsize=0)
[RA] worklist UNMAPPED 0x800C651D (memsize=0)
[RA] worklist UNMAPPED 0x800C6AFD (memsize=0)
[RA] worklist UNMAPPED 0x800C4476 (memsize=1)
[RA] worklist UNMAPPED 0x800C4472 (memsize=0)
[RA] worklist UNMAPPED 0x800C4470 (memsize=0)
[RA] worklist: 352 memrefs total, 10 unserved, 10 distinct-unmapped listed
[RA] culprit: achiev id=83576 'Wounds That Won't Heal' reads unmapped 0x800BCD6C
[RA] culprit: achiev id=86517 'What Is Keeping That Child Alive?' reads unmapped 0x800C168C
[RA] culprit: achiev id=86517 'What Is Keeping That Child Alive?' reads unmapped 0x800C0C7C
[RA] culprit: achiev id=86517 'What Is Keeping That Child Alive?' reads unmapped 0x800C125C
[RA] culprit: achiev id=86663 'Scary Harry I' reads unmapped 0x800C6F2D
[RA] culprit: achiev id=86663 'Scary Harry I' reads unmapped 0x800C651D
[RA] culprit: achiev id=86663 'Scary Harry I' reads unmapped 0x800C6AFD
[RA] culprit: achiev id=86664 'Scary Harry II' reads unmapped 0x800C6F2D
[RA] culprit: achiev id=86664 'Scary Harry II' reads unmapped 0x800C651D
[RA] culprit: achiev id=86664 'Scary Harry II' reads unmapped 0x800C6AFD
[RA] culprit: achiev id=86665 'Scary Harry III' reads unmapped 0x800C6F2D
[RA] culprit: achiev id=86665 'Scary Harry III' reads unmapped 0x800C651D
[RA] culprit: achiev id=86665 'Scary Harry III' reads unmapped 0x800C6AFD
[RA] culprit: achiev id=86666 'Scary Harry IV' reads unmapped 0x800C6F2D
[RA] culprit: achiev id=86666 'Scary Harry IV' reads unmapped 0x800C651D
[RA] culprit: achiev id=86666 'Scary Harry IV' reads unmapped 0x800C6AFD
[RA] culprit: achiev id=86667 'Scary Harry V' reads unmapped 0x800C6F2D
[RA] culprit: achiev id=86667 'Scary Harry V' reads unmapped 0x800C651D
[RA] culprit: achiev id=86667 'Scary Harry V' reads unmapped 0x800C6AFD
[RA] culprit: achiev id=86668 'Scary Harry VI' reads unmapped 0x800C6F2D
[RA] culprit: achiev id=86668 'Scary Harry VI' reads unmapped 0x800C651D
[RA] culprit: achiev id=86668 'Scary Harry VI' reads unmapped 0x800C6AFD
[RA] culprit: achiev id=86422 'Harry the Swift' reads unmapped 0x800C4476
[RA] culprit: achiev id=86422 'Harry the Swift' reads unmapped 0x800C4472
[RA] culprit: achiev id=86423 'Daring Harry' reads unmapped 0x800C4470
[RA] culprit: achiev id=86427 'Harry the Best' reads unmapped 0x800C4472
[RA] culprit: achiev id=86427 'Harry the Best' reads unmapped 0x800C4470
[RA] trace 84008: not in runtime (already unlocked?)
[RA] ach lock id=84002 5p 'Keys for Eclipse'
[RA] ach lock id=84005 5p 'Old Man's Hand'
[RA] ach lock id=84007 5p 'Broken Notes'
[RA] ach lock id=85474 5p 'Harry in Wonderland'
[RA] ach lock id=85476 5p 'Loneliness'
[RA] ach lock id=86028 5p 'Sand Castles'
[RA] ach lock id=86080 10p 'I'll Kill You'
[RA] ach lock id=86340 5p 'Eww Eww Eww'
[RA] ach lock id=86506 10p 'Paging Dr. Kaufmann'
[RA] ach lock id=86341 5p 'Our Little Secret'
[RA] ach lock id=86342 10p 'Pour Some Sugar On Me, Baby'
[RA] ach lock id=86343 10p 'Merry-Go-Down'
[RA] ach lock id=86344 5p 'Grim Reaper's List'
[RA] ach lock id=86345 5p 'The Stone of Time'
[RA] ach lock id=83576 10p 'Wounds That Won't Heal'
[RA] ach lock id=86347 5p 'Illuminating the Darkness'
[RA] ach lock id=86517 10p 'What Is Keeping That Child Alive?'
[RA] ach lock id=86348 3p 'What's Going On with That Refrigerator?'
[RA] ach lock id=86428 10p 'My Heaven'
[RA] ach lock id=86518 10p 'Awakening'
[RA] ach lock id=86503 10p 'The Archer and the Beast'
[RA] ach lock id=86504 10p 'The Pit of Calamity'
[RA] ach lock id=86505 10p 'Erratic'
[RA] ach lock id=86513 10p 'Sifod'
[RA] ach lock id=86519 10p 'Thank You...'
[RA] ach lock id=86023 5p 'Target Practice'
[RA] ach lock id=86022 10p 'Triggered'
[RA] ach lock id=86024 25p 'Gun Control: Alessa's New Nightmare'
[RA] ach lock id=86026 10p 'Fa-fa-fa-fa, Fa-fa-fa-fa-fa, Fa, Better'
[RA] ach lock id=86027 25p 'Hammerin' Harry'
[RA] ach lock id=86346 10p 'Doomsday Prepper'
[RA] ach lock id=86349 10p 'Drillin' Like a Villain'
[RA] ach lock id=84003 10p 'Harry the Weeb'
[RA] ach lock id=84004 10p 'Silent Hill Chainsaw Massacre'
[RA] ach lock id=86520 10p 'A Gift from Outer Space'
[RA] ach lock id=86507 10p 'Like the Back of My Hand I'
[RA] ach lock id=86508 10p 'Like the Back of My Hand II'
[RA] ach lock id=86509 10p 'Like the Back of My Hand III'
[RA] ach lock id=86510 10p 'Like the Back of My Hand IV'
[RA] ach lock id=86516 5p 'Like the Back of My Hand V'
[RA] ach lock id=86663 5p 'Scary Harry I'
[RA] ach lock id=86664 10p 'Scary Harry II'
[RA] ach lock id=86665 10p 'Scary Harry III'
[RA] ach lock id=86666 10p 'Scary Harry IV'
[RA] ach lock id=86667 10p 'Scary Harry V'
[RA] ach lock id=86668 10p 'Scary Harry VI'
[RA] ach lock id=86422 25p 'Harry the Swift'
[RA] ach lock id=86423 25p 'Daring Harry'
[RA] ach lock id=86424 5p 'Harry the Okay'
[RA] ach lock id=86425 10p 'Harry the Good'
[RA] ach lock id=86426 25p 'Harry the Great'
[RA] ach lock id=86427 50p 'Harry the Best'
[RA] ach lock id=86662 5p 'That Light...'
[RA] ach lock id=86502 5p 'UFO Sighting I'
[RA] ach lock id=86511 5p 'UFO Sighting II'
[RA] ach lock id=86512 5p 'UFO Sighting III'
[RA] ach lock id=86514 5p 'UFO Sighting IV'
[RA] ach lock id=86515 5p 'UFO Sighting V'
[RA] ach lock id=86429 25p 'Tears of...'
[RA] ach lock id=86430 10p 'Killing Time'
[RA] ach lock id=86431 10p 'She'
[RA] ach lock id=86432 10p 'Esperandote'
[RA] ach lock id=86433 10p 'Ayyy'
[RA] ach UNLK id=101000001 0p 'Warning: Unknown Emulator'
[RA] ach UNLK id=86483 3p 'What a Nightmare...'
[RA] ach UNLK id=84008 10p 'Who's Afraid of a Reptile?'
[RA] ach UNLK id=86025 5p 'Knife to Meet You'
[RA] roster: 63 locked, 4 unlocked (67 total)
RetroAchievements: 3/66 (18 pts)
[MCFSM] state=1 step=2 (was 1/0 after 0 f)
[MCFSM] state=0 step=0 (was 1/2 after 0 f)
[MCFSM] state=1 step=0 (was 0/0 after 0 f)
[MCRD] card_info chan=0 -> IOE (n=2)
[MCFSM] state=1 step=2 (was 1/0 after 0 f)
[MCFSM] state=2 step=0 (was 1/2 after 0 f)
[MCRD] card_clear chan=0 -> IOE (n=1)
[MCFSM] state=2 step=2 (was 2/0 after 0 f)
[MCFSM] state=3 step=0 (was 2/2 after 0 f)
[MCRD] card_load chan=0 -> IOE (n=1)
[MCFSM] state=3 step=2 (was 3/0 after 0 f)
[MCFSM] state=4 step=0 (was 3/2 after 0 f)
[MCRD] dir scan chan=0 (n=1)
[MCFSM] state=0 step=0 (was 4/0 after 0 f)
[MCFSM] state=6 step=0 (was 0/0 after 0 f)
[MCRD] open 'bu00:BASLUS-00707SILENT00' flags=0x8001 -> h=1 dir=1 size=8192
[MCFSM] state=7 step=0 (was 6/0 after 0 f)
[MCFSM] state=7 step=2 (was 7/0 after 0 f)
[MCRD] read h=1 dir=1 ofs=512 len=256 ok
[LOOSE/INIT] allow_loose_files=0  base=gamedata/load/  verbose=no
[MCFSM] state=7 step=3 (was 7/2 after 0 f)
[MCFSM] state=0 step=0 (was 7/3 after 0 f)
[BOOT0/TIM] PostLoadTim file=6 'FONT16.TIM' ss=0x287 img.u=0 img.v=240 tPage=0,16 clutX=304 clutY=511
[BOOT0/TIM] post ReadTIM: prect=0xfc653c caddr=0xfc6518 paddr=0xfc6544 mode=8
[BOOT0/TIM] pre pixel LoadImage rect=(0,496 256x16)
[FONTCLOB] Load x=0 y=496 w=256 h=16
[BOOT0/TIM] pre CLUT LoadImage rect=(304,511 16x1)
[BOOT0/TIM] PostLoadTim done
[MCFSM] state=1 step=0 (was 0/0 after 0 f)
[MCRD] card_info chan=1 -> IOE (n=3)
[MCFSM] state=1 step=2 (was 1/0 after 0 f)
[BOOT0/TIM] PostLoadTim file=8 'KONAMI.TIM' ss=0x28e img.u=0 img.v=0 tPage=0,12 clutX=0 clutY=0
[BOOT0/TIM] post ReadTIM: prect=0xfc653c caddr=0xfc6518 paddr=0xfc6544 mode=8
[BOOT0/TIM] pre pixel LoadImage rect=(768,0 96x384)
[BOOT0/TIM] pre CLUT LoadImage rect=(0,0 16x1)
[BOOT0/TIM] PostLoadTim done
[MCFSM] state=0 step=0 (was 1/2 after 0 f)
[MCFSM] state=1 step=0 (was 0/0 after 0 f)
[MCRD] card_info chan=1 -> IOE (n=4)
[MCFSM] state=1 step=2 (was 1/0 after 0 f)
[MCFSM] state=2 step=0 (was 1/2 after 0 f)
[MCRD] card_clear chan=1 -> IOE (n=2)
[MCFSM] state=2 step=2 (was 2/0 after 0 f)
[MCFSM] state=3 step=0 (was 2/2 after 0 f)
[MCRD] card_load chan=1 -> IOE (n=2)
[MCFSM] state=3 step=2 (was 3/0 after 0 f)
[MCFSM] state=4 step=0 (was 3/2 after 0 f)
[MCRD] dir scan chan=1 (n=2)
[SH-XBOX] GameState -> 1 (step 0)
[MCFSM] state=0 step=0 (was 4/0 after 0 f)
[VRAM] paletted cache: 64/64 pages (64KB) + 128/128 palettes, free=13696KB
[MCFSM] state=1 step=0 (was 0/0 after 0 f)
[MCRD] card_info chan=2 -> IOE (n=5)
[MCFSM] state=1 step=2 (was 1/0 after 0 f)
[BOOT0/TIM] PostLoadTim file=9 'KONAMI2.TIM' ss=0x2b3 img.u=0 img.v=0 tPage=0,14 clutX=0 clutY=1
[BOOT0/TIM] post ReadTIM: prect=0xfc653c caddr=0xfc6518 paddr=0xfc6544 mode=8
[BOOT0/TIM] pre pixel LoadImage rect=(896,0 104x160)
[BOOT0/TIM] pre CLUT LoadImage rect=(0,1 16x1)
[BOOT0/TIM] PostLoadTim done
[MCFSM] state=0 step=0 (was 1/2 after 0 f)
[MCFSM] state=1 step=0 (was 0/0 after 0 f)
[MCRD] card_info chan=2 -> IOE (n=6)
[MCFSM] state=1 step=2 (was 1/0 after 0 f)
[MCFSM] state=2 step=0 (was 1/2 after 0 f)
[MCRD] card_clear chan=2 -> IOE (n=3)
[MCFSM] state=2 step=2 (was 2/0 after 0 f)
[MCFSM] state=3 step=0 (was 2/2 after 0 f)
[MCRD] card_load chan=2 -> IOE (n=3)
[MCFSM] state=3 step=2 (was 3/0 after 0 f)
[MCFSM] state=4 step=0 (was 3/2 after 0 f)
[MCRD] dir scan chan=2 (n=3)
[MCFSM] state=0 step=0 (was 4/0 after 0 f)
[BOOT0/TIM] PostLoadTim file=1423 'HERO.TIM' ss=0x5a6a img.u=0 img.v=0 tPage=0,27 clutX=736 clutY=480
[BOOT0/TIM] post ReadTIM: prect=0xfc66fc caddr=0xfc6518 paddr=0xfc6704 mode=8
[BOOT0/TIM] pre pixel LoadImage rect=(704,256 64x192)
[BOOT0/TIM] pre CLUT LoadImage rect=(736,480 16x15)
[BOOT0/TIM] PostLoadTim done
[MCFSM] state=1 step=0 (was 0/0 after 0 f)
[MCRD] card_info chan=3 -> IOE (n=7)
[MCFSM] state=1 step=2 (was 1/0 after 0 f)
[MCFSM] state=0 step=0 (was 1/2 after 0 f)
[MCFSM] state=1 step=0 (was 0/0 after 0 f)
[MCRD] card_info chan=3 -> IOE (n=8)
[MCFSM] state=1 step=2 (was 1/0 after 0 f)
[MCFSM] state=2 step=0 (was 1/2 after 0 f)
[MCRD] card_clear chan=3 -> IOE (n=4)
[MCFSM] state=2 step=2 (was 2/0 after 0 f)
[MCFSM] state=3 step=0 (was 2/2 after 0 f)
[MCRD] card_load chan=3 -> IOE (n=4)
[MCFSM] state=3 step=2 (was 3/0 after 0 f)
[BOOT0/TIM] PostLoadTim file=1802 'BLD.TIM' ss=0x795b img.u=0 img.v=0 tPage=0,11 clutX=304 clutY=0
[BOOT0/TIM] post ReadTIM: prect=0xfd0f1c caddr=0xfd0d18 paddr=0xfd0f24 mode=8
[BOOT0/TIM] pre pixel LoadImage rect=(704,0 64x256)
[BOOT0/TIM] pre CLUT LoadImage rect=(304,0 16x16)
[BOOT0/TIM] PostLoadTim done
[MCFSM] state=4 step=0 (was 3/2 after 0 f)
[MCRD] dir scan chan=3 (n=4)
[MCFSM] state=0 step=0 (was 4/0 after 0 f)
[MCFSM] state=1 step=0 (was 0/0 after 0 f)
[MCRD] card_info chan=16 -> IOE (n=9)
[MCFSM] state=1 step=2 (was 1/0 after 0 f)
[MCFSM] state=0 step=0 (was 1/2 after 0 f)
[MCFSM] state=1 step=0 (was 0/0 after 0 f)
[MCRD] card_info chan=16 -> IOE (n=10)
[MCFSM] state=1 step=2 (was 1/0 after 0 f)
[MCFSM] state=2 step=0 (was 1/2 after 0 f)
[MCRD] card_clear chan=16 -> IOE (n=5)
[MCFSM] state=2 step=2 (was 2/0 after 0 f)
[MCFSM] state=3 step=0 (was 2/2 after 0 f)
[MCRD] card_load chan=16 -> IOE (n=5)
[MCFSM] state=3 step=2 (was 3/0 after 0 f)
[MCFSM] state=4 step=0 (was 3/2 after 0 f)
[MCRD] dir scan chan=8 (n=5)
[MCRD] open 'bu10:BASLUS-00707SILENT00' flags=0x8001 -> h=1 dir=1 size=8192
[MCRD] read h=1 dir=1 ofs=512 len=256 ok
[MCRD] card_info chan=17 -> IOE (n=11)
[MCRD] card_info chan=17 -> IOE (n=12)
[MCRD] card_clear chan=17 -> IOE (n=6)
[MCRD] card_load chan=17 -> IOE (n=6)
[MCRD] dir scan chan=9 (n=6)
[MCRD] card_info chan=18 -> IOE (n=13)
[MCRD] card_info chan=18 -> IOE (n=14)
[MCRD] card_clear chan=18 -> IOE (n=7)
[MCRD] card_load chan=18 -> IOE (n=7)
[MCRD] dir scan chan=10 (n=7)
[MCRD] card_info chan=19 -> IOE (n=15)
[MCRD] card_info chan=19 -> IOE (n=16)
[MCRD] card_clear chan=19 -> IOE (n=8)
[MCRD] card_load chan=19 -> IOE (n=8)
[MCRD] dir scan chan=11 (n=8)
[FT] avgMs=28 worstMs=601 gameMs=13 drawMs=17 swapWait=0ms draws=4 decodes=0 decMs=0
[OTS] f=120 calls=2 n0=27 n1=18 prims=984 bb=-320,3520,-411,1131
[OTT] walkUs=589 texUs=3 emitUs=4 submitUs=19 otherUs=563 prims=6 usPerPrim=98
[FT] avgMs=17 worstMs=50 gameMs=15 drawMs=1 swapWait=0ms draws=6 decodes=0 decMs=0
[OTS] f=240 calls=1 n0=27 n1=18 prims=1320 bb=160,2080,-25,745
[OTT] walkUs=61 texUs=3 emitUs=5 submitUs=19 otherUs=33 prims=6 usPerPrim=10
[FT] avgMs=17 worstMs=52 gameMs=15 drawMs=1 swapWait=0ms draws=5 decodes=0 decMs=0
[OTS] f=360 calls=1 n0=27 n1=18 prims=1314 bb=160,2080,-25,745
[OTT] walkUs=246 texUs=4 emitUs=5 submitUs=19 otherUs=216 prims=6 usPerPrim=41
[FT] avgMs=17 worstMs=49 gameMs=15 drawMs=1 swapWait=0ms draws=6 decodes=0 decMs=0
[OTS] f=480 calls=1 n0=27 n1=18 prims=1320 bb=160,2080,-25,745
[OTT] walkUs=301 texUs=3 emitUs=5 submitUs=20 otherUs=272 prims=6 usPerPrim=50
[FT] avgMs=17 worstMs=84 gameMs=15 drawMs=1 swapWait=0ms draws=6 decodes=0 decMs=0
[SH-XBOX] vblank 600
[MEM] tick: free=13688KB (3422 pages)
[OTS] f=600 calls=1 n0=27 n1=18 prims=1320 bb=160,2080,-25,745
[OTT] walkUs=67 texUs=3 emitUs=5 submitUs=19 otherUs=38 prims=6 usPerPrim=11
[SH-XBOX] GameState -> 2 (step 0)
[BOOT0/TIM] PostLoadTim file=1799 'BG_ETC.TIM' ss=0x7906 img.u=0 img.v=0 tPage=0,12 clutX=192 clutY=0
[BOOT0/TIM] post ReadTIM: prect=0xfc667c caddr=0xfc6518 paddr=0xfc6684 mode=8
[BOOT0/TIM] pre pixel LoadImage rect=(768,0 32x256)
[BOOT0/TIM] pre CLUT LoadImage rect=(192,0 16x11)
[BOOT0/TIM] PostLoadTim done
[FT] avgMs=17 worstMs=52 gameMs=15 drawMs=2 swapWait=0ms draws=5 decodes=0 decMs=0
[OTS] f=720 calls=2 n0=23 n1=18 prims=1097 bb=160,2080,-25,745
[OTT] walkUs=48 texUs=2 emitUs=4 submitUs=15 otherUs=26 prims=4 usPerPrim=12
[FT] avgMs=16 worstMs=45 gameMs=15 drawMs=1 swapWait=0ms draws=4 decodes=0 decMs=0
[OTS] f=840 calls=1 n0=23 n1=18 prims=840 bb=160,2080,-25,745
[OTT] walkUs=165 texUs=2 emitUs=2 submitUs=14 otherUs=146 prims=4 usPerPrim=41
[MCRD] card_info chan=19 -> IOE (n=256)
[MCRD] open 'bu00:BASLUS-00707SILENT00' flags=0x8001 -> h=1 dir=1 size=8192
[MCRD] read h=1 dir=1 ofs=768 len=128 ok
[BOOT0/TIM] PostLoadTim file=1980 'TITLE_E.TIM' ss=0x90b7 img.u=32 img.v=0 tPage=1,13 clutX=224 clutY=15
[BOOT0/TIM] post ReadTIM: prect=0xf9671c caddr=0xf96518 paddr=0xf96724 mode=9
[BOOT0/TIM] pre pixel LoadImage rect=(864,0 160x480)
[BOOT0/TIM] pre CLUT LoadImage rect=(224,15 256x1)
[BOOT0/TIM] PostLoadTim done
[SH-XBOX] GameState -> 6 (step 0)
[SH] open_main: playing FMV (file=2053 frames=0)
[FMV] no avi for C1_20670 (checked D:\fmv, D:\gamedata\fmv) -> MDEC
[FMV] start C1_20670 file_idx=2053 base=133127 sectors=20670 maxFrames=0 (15fps)
[XA] fmv stream open: 37800Hz stereo coding=0x01
[FMV] video 320x208, 9 sectors/frame
[mdec] hdr n_bytes=5776 first8=06 e0 38 00 00 01 00 02 qscale=1 version=2 ctx=320x208
[mdec] hdr n_bytes=5776 first8=06 e0 38 00 00 01 00 02 qscale=1 version=2 ctx=320x208
[mdec] hdr n_bytes=5776 first8=06 e0 38 00 00 01 00 02 qscale=1 version=2 ctx=320x208
[FMV] skipped at frame 21
[XA] fmv stream end: 26 sectors fed, 2176 ring frames discarded
[FMV] end C1_20670: 21 frames (1 dropped, 0 decode fails, 36 presents)
[SH] open_main: FMV_Play returned
[SH-XBOX] GameState -> 7 (step 0)
[BOOT-STEP] GameStartup step=0 qlen=0
[TRANSITION] GameStartup step=0: processFlags=0x20 (BootDemo) sizeof(s_WorldGfxWork)=11708
[SFX] Sd_PlaySfx: sfxId=1305 (Sfx_Base+25) vol=0
[BOOT-STEP] GameStartup step=1 qlen=0
[FT] avgMs=26 worstMs=180 gameMs=13 drawMs=13 swapWait=0ms draws=5 decodes=0 decMs=0
[OTS] f=960 calls=2 n0=2056 n1=295 prims=7070 bb=-320,3520,-411,1542
[OTT] walkUs=1995 texUs=9 emitUs=1019 submitUs=97 otherUs=870 prims=253 usPerPrim=7
[SFX] Sd_PlaySfx: sfxId=1305 (Sfx_Base+25) vol=0
[SFX] Sd_PlaySfx: sfxId=1305 (Sfx_Base+25) vol=0
[SFX] Sd_PlaySfx: sfxId=1305 (Sfx_Base+25) vol=0
[SFX] Sd_PlaySfx: sfxId=1305 (Sfx_Base+25) vol=0
[SFX] Sd_PlaySfx: sfxId=1305 (Sfx_Base+25) vol=0
[SFX] Sd_PlaySfx: sfxId=1305 (Sfx_Base+25) vol=0
[SFX] Sd_PlaySfx: sfxId=1305 (Sfx_Base+25) vol=0
[SFX] Sd_PlaySfx: sfxId=1305 (Sfx_Base+25) vol=0
[SFX] Sd_PlaySfx: sfxId=1305 (Sfx_Base+25) vol=0
[SFX] Sd_PlaySfx: sfxId=1305 (Sfx_Base+25) vol=0
[SFX] Sd_PlaySfx: sfxId=1305 (Sfx_Base+25) vol=0
[FT] avgMs=16 worstMs=50 gameMs=13 drawMs=3 swapWait=0ms draws=21 decodes=0 decMs=0
[OTS] f=1080 calls=2 n0=2056 n1=295 prims=34440 bb=-35,1120,-25,797
[OTT] walkUs=2060 texUs=9 emitUs=1022 submitUs=82 otherUs=946 prims=253 usPerPrim=8
[SFX] Sd_PlaySfx: sfxId=1305 (Sfx_Base+25) vol=0
[SFX] Sd_PlaySfx: sfxId=1305 (Sfx_Base+25) vol=0
[FT] avgMs=17 worstMs=49 gameMs=13 drawMs=3 swapWait=0ms draws=19 decodes=0 decMs=0
[SH-XBOX] vblank 1200
[MEM] tick: free=12912KB (3228 pages)
[OTS] f=1200 calls=2 n0=2056 n1=295 prims=34440 bb=-35,1120,-25,797
[OTT] walkUs=2009 texUs=10 emitUs=1022 submitUs=84 otherUs=892 prims=253 usPerPrim=7
[SFX] Sd_PlaySfx: sfxId=1307 (Sfx_Base+27) vol=0
[BOOT0/TIM] PostLoadTim file=1919 'OPTION.TIM' ss=0x8a38 img.u=0 img.v=16 tPage=1,5 clutX=224 clutY=14
[BOOT0/TIM] post ReadTIM: prect=0xfc671c caddr=0xfc6518 paddr=0xfc6724 mode=9
[BOOT0/TIM] pre pixel LoadImage rect=(320,16 160x240)
[BOOT0/TIM] pre CLUT LoadImage rect=(224,14 256x1)
[BOOT0/TIM] PostLoadTim done
[FT] avgMs=17 worstMs=48 gameMs=13 drawMs=4 swapWait=0ms draws=21 decodes=0 decMs=0
[OTS] f=1320 calls=2 n0=2056 n1=297 prims=34462 bb=-320,3520,-25,797
[OTT] walkUs=1788 texUs=9 emitUs=1027 submitUs=86 otherUs=665 prims=254 usPerPrim=7
[SH-XBOX] GameState -> 18 (step 0)
[SFX] Sd_PlaySfx: sfxId=1305 (Sfx_Base+25) vol=64
[SFX] Sd_PlaySfx: sfxId=1305 (Sfx_Base+25) vol=64
[SFX] Sd_PlaySfx: sfxId=1305 (Sfx_Base+25) vol=64
[SFX] Sd_PlaySfx: sfxId=1307 (Sfx_Base+27) vol=64
[FT] avgMs=18 worstMs=136 gameMs=14 drawMs=4 swapWait=0ms draws=62 decodes=0 decMs=0
[OTS] f=1440 calls=2 n0=2055 n1=389 prims=41088 bb=-320,3520,-411,1542
[OTT] walkUs=2220 texUs=35 emitUs=192 submitUs=440 otherUs=1551 prims=215 usPerPrim=10
[SFX] Sd_PlaySfx: sfxId=1305 (Sfx_Base+25) vol=64
[SFX] Sd_PlaySfx: sfxId=1305 (Sfx_Base+25) vol=64
[FT] avgMs=17 worstMs=48 gameMs=13 drawMs=3 swapWait=0ms draws=107 decodes=0 decMs=0
[OTS] f=1560 calls=2 n0=2055 n1=387 prims=45364 bb=-320,3520,-411,1131
[OTT] walkUs=2283 texUs=35 emitUs=197 submitUs=300 otherUs=1748 prims=214 usPerPrim=10
[SFX] Sd_PlaySfx: sfxId=1307 (Sfx_Base+27) vol=64
[FT] avgMs=17 worstMs=49 gameMs=13 drawMs=3 swapWait=0ms draws=89 decodes=0 decMs=0
[OTS] f=1680 calls=2 n0=2055 n1=263 prims=37424 bb=157,1120,-25,745
[OTT] walkUs=2078 texUs=25 emitUs=136 submitUs=212 otherUs=1705 prims=144 usPerPrim=14
[SFX] Sd_PlaySfx: sfxId=1305 (Sfx_Base+25) vol=64
[SFX] Sd_PlaySfx: sfxId=1305 (Sfx_Base+25) vol=64
[SFX] Sd_PlaySfx: sfxId=1305 (Sfx_Base+25) vol=64
[SFX] Sd_PlaySfx: sfxId=1305 (Sfx_Base+25) vol=64
[SFX] Sd_PlaySfx: sfxId=1305 (Sfx_Base+25) vol=64
[SH-XBOX] vblank 1800
[MEM] tick: free=12912KB (3228 pages)
[FT] avgMs=17 worstMs=47 gameMs=13 drawMs=3 swapWait=0ms draws=74 decodes=0 decMs=0
[OTS] f=1800 calls=2 n0=2055 n1=263 prims=30480 bb=157,1120,-25,745
[OTT] walkUs=2127 texUs=25 emitUs=134 submitUs=208 otherUs=1758 prims=144 usPerPrim=14
[FT] avgMs=16 worstMs=49 gameMs=13 drawMs=3 swapWait=0ms draws=74 decodes=0 decMs=0
[OTS] f=1920 calls=2 n0=2055 n1=263 prims=30480 bb=157,1120,-25,745
[OTT] walkUs=1663 texUs=26 emitUs=136 submitUs=211 otherUs=1288 prims=144 usPerPrim=11
[FT] avgMs=16 worstMs=44 gameMs=13 drawMs=3 swapWait=0ms draws=74 decodes=0 decMs=0
[OTS] f=2040 calls=2 n0=2055 n1=263 prims=30480 bb=157,1120,-25,745
[OTT] walkUs=1650 texUs=25 emitUs=138 submitUs=352 otherUs=1133 prims=144 usPerPrim=11
[FT] avgMs=16 worstMs=46 gameMs=13 drawMs=3 swapWait=0ms draws=74 decodes=0 decMs=0
[OTS] f=2160 calls=2 n0=2055 n1=263 prims=30480 bb=157,1120,-25,745
[OTT] walkUs=1648 texUs=25 emitUs=136 submitUs=215 otherUs=1271 prims=144 usPerPrim=11
[FT] avgMs=16 worstMs=47 gameMs=13 drawMs=3 swapWait=0ms draws=74 decodes=0 decMs=0
[OTS] f=2280 calls=2 n0=2055 n1=263 prims=30480 bb=157,1120,-25,745
[OTT] walkUs=1723 texUs=29 emitUs=137 submitUs=201 otherUs=1354 prims=144 usPerPrim=11
[SH-XBOX] vblank 2400
[MEM] tick: free=12912KB (3228 pages)
[FT] avgMs=16 worstMs=43 gameMs=13 drawMs=3 swapWait=0ms draws=74 decodes=0 decMs=0
[OTS] f=2400 calls=2 n0=2055 n1=263 prims=30480 bb=157,1120,-25,745
[OTT] walkUs=1903 texUs=31 emitUs=135 submitUs=376 otherUs=1360 prims=144 usPerPrim=13
[FT] avgMs=16 worstMs=44 gameMs=13 drawMs=3 swapWait=0ms draws=74 decodes=0 decMs=0
[OTS] f=2520 calls=2 n0=2055 n1=263 prims=30480 bb=157,1120,-25,745
[OTT] walkUs=1751 texUs=25 emitUs=135 submitUs=295 otherUs=1295 prims=144 usPerPrim=12
[FT] avgMs=16 worstMs=46 gameMs=13 drawMs=3 swapWait=0ms draws=74 decodes=0 decMs=0
[OTS] f=2640 calls=2 n0=2055 n1=263 prims=30480 bb=157,1120,-25,745
[OTT] walkUs=1963 texUs=25 emitUs=134 submitUs=281 otherUs=1521 prims=144 usPerPrim=13
[FT] avgMs=16 worstMs=47 gameMs=13 drawMs=3 swapWait=0ms draws=74 decodes=0 decMs=0
[OTS] f=2760 calls=2 n0=2055 n1=263 prims=30480 bb=157,1120,-25,745
[OTT] walkUs=1636 texUs=25 emitUs=134 submitUs=232 otherUs=1244 prims=144 usPerPrim=11
[FT] avgMs=16 worstMs=43 gameMs=13 drawMs=3 swapWait=0ms draws=74 decodes=0 decMs=0
[OTS] f=2880 calls=2 n0=2055 n1=263 prims=30480 bb=157,1120,-25,745
[OTT] walkUs=1953 texUs=26 emitUs=137 submitUs=592 otherUs=1198 prims=144 usPerPrim=13
[SH-XBOX] vblank 3000
[MEM] tick: free=12912KB (3228 pages)
[FT] avgMs=16 worstMs=44 gameMs=13 drawMs=3 swapWait=1ms draws=74 decodes=0 decMs=0
[OTS] f=3000 calls=2 n0=2055 n1=263 prims=30480 bb=157,1120,-25,745
[OTT] walkUs=1655 texUs=24 emitUs=136 submitUs=213 otherUs=1280 prims=144 usPerPrim=11
[FT] avgMs=16 worstMs=45 gameMs=13 drawMs=3 swapWait=0ms draws=74 decodes=0 decMs=0
[OTS] f=3120 calls=2 n0=2055 n1=263 prims=30480 bb=157,1120,-25,745
[OTT] walkUs=1904 texUs=24 emitUs=135 submitUs=206 otherUs=1539 prims=144 usPerPrim=13
[FT] avgMs=16 worstMs=48 gameMs=13 drawMs=3 swapWait=1ms draws=74 decodes=0 decMs=0
[OTS] f=3240 calls=2 n0=2055 n1=263 prims=30480 bb=157,1120,-25,745
[OTT] walkUs=1617 texUs=25 emitUs=136 submitUs=214 otherUs=1240 prims=144 usPerPrim=11
[FT] avgMs=16 worstMs=43 gameMs=13 drawMs=3 swapWait=0ms draws=74 decodes=0 decMs=0
[OTS] f=3360 calls=2 n0=2055 n1=263 prims=30480 bb=157,1120,-25,745
[OTT] walkUs=1790 texUs=25 emitUs=135 submitUs=452 otherUs=1177 prims=144 usPerPrim=12
[FT] avgMs=16 worstMs=45 gameMs=13 drawMs=3 swapWait=0ms draws=74 decodes=0 decMs=0
[OTS] f=3480 calls=2 n0=2055 n1=263 prims=30480 bb=157,1120,-25,745
[OTT] walkUs=1693 texUs=26 emitUs=138 submitUs=290 otherUs=1238 prims=144 usPerPrim=11
[SH-XBOX] vblank 3600
[MEM] tick: free=12912KB (3228 pages)
[FT] avgMs=16 worstMs=46 gameMs=13 drawMs=3 swapWait=0ms draws=74 decodes=0 decMs=0
[OTS] f=3600 calls=2 n0=2055 n1=263 prims=30480 bb=157,1120,-25,745
[OTT] walkUs=1812 texUs=24 emitUs=135 submitUs=210 otherUs=1440 prims=144 usPerPrim=12
[FT] avgMs=16 worstMs=47 gameMs=13 drawMs=3 swapWait=0ms draws=74 decodes=0 decMs=0
[OTS] f=3720 calls=2 n0=2055 n1=263 prims=30480 bb=157,1120,-25,745
[OTT] walkUs=1811 texUs=24 emitUs=140 submitUs=215 otherUs=1431 prims=144 usPerPrim=12
[FT] avgMs=16 worstMs=43 gameMs=13 drawMs=3 swapWait=0ms draws=74 decodes=0 decMs=0
[OTS] f=3840 calls=2 n0=2055 n1=263 prims=30480 bb=157,1120,-25,745
[OTT] walkUs=1808 texUs=24 emitUs=133 submitUs=209 otherUs=1440 prims=144 usPerPrim=12
[FT] avgMs=16 worstMs=44 gameMs=13 drawMs=3 swapWait=0ms draws=74 decodes=0 decMs=0
[OTS] f=3960 calls=2 n0=2055 n1=263 prims=30480 bb=157,1120,-25,745
[OTT] walkUs=1839 texUs=27 emitUs=136 submitUs=374 otherUs=1300 prims=144 usPerPrim=12
[FT] avgMs=16 worstMs=45 gameMs=13 drawMs=3 swapWait=0ms draws=74 decodes=0 decMs=0
[OTS] f=4080 calls=2 n0=2055 n1=263 prims=30480 bb=157,1120,-25,745
[OTT] walkUs=1868 texUs=25 emitUs=136 submitUs=220 otherUs=1486 prims=144 usPerPrim=12
[SH-XBOX] vblank 4200
[MEM] tick: free=12912KB (3228 pages)
[FT] avgMs=16 worstMs=47 gameMs=13 drawMs=3 swapWait=0ms draws=74 decodes=0 decMs=0
[OTS] f=4200 calls=2 n0=2055 n1=263 prims=30480 bb=157,1120,-25,745
[OTT] walkUs=1979 texUs=24 emitUs=138 submitUs=207 otherUs=1609 prims=144 usPerPrim=13
[FT] avgMs=16 worstMs=42 gameMs=13 drawMs=3 swapWait=0ms draws=74 decodes=0 decMs=0
[OTS] f=4320 calls=2 n0=2055 n1=263 prims=30480 bb=157,1120,-25,745
[OTT] walkUs=1993 texUs=24 emitUs=156 submitUs=218 otherUs=1593 prims=144 usPerPrim=13
[FT] avgMs=16 worstMs=44 gameMs=13 drawMs=3 swapWait=0ms draws=74 decodes=0 decMs=0
[OTS] f=4440 calls=2 n0=2055 n1=263 prims=30480 bb=157,1120,-25,745
[OTT] walkUs=1828 texUs=24 emitUs=135 submitUs=216 otherUs=1452 prims=144 usPerPrim=12
[FT] avgMs=16 worstMs=45 gameMs=13 drawMs=3 swapWait=0ms draws=74 decodes=0 decMs=0
[OTS] f=4560 calls=2 n0=2055 n1=263 prims=30480 bb=157,1120,-25,745
[OTT] walkUs=1980 texUs=25 emitUs=135 submitUs=214 otherUs=1604 prims=144 usPerPrim=13
[SFX] Sd_PlaySfx: sfxId=1305 (Sfx_Base+25) vol=64
[FT] avgMs=16 worstMs=46 gameMs=13 drawMs=3 swapWait=0ms draws=74 decodes=0 decMs=0
[OTS] f=4680 calls=2 n0=2055 n1=263 prims=30480 bb=157,1120,-25,745
[OTT] walkUs=2024 texUs=24 emitUs=138 submitUs=204 otherUs=1656 prims=144 usPerPrim=14
[SFX] Sd_PlaySfx: sfxId=1305 (Sfx_Base+25) vol=64
[SFX] Sd_PlaySfx: sfxId=1305 (Sfx_Base+25) vol=64
Minimap_Scale: 
[SFX] Sd_PlaySfx: sfxId=1305 (Sfx_Base+25) vol=64
Minimap_Scale: 
[SH-XBOX] vblank 4800
[MEM] tick: free=12912KB (3228 pages)
[FT] avgMs=18 worstMs=126 gameMs=12 drawMs=5 swapWait=0ms draws=80 decodes=0 decMs=0
[OTS] f=4800 calls=2 n0=2055 n1=315 prims=33080 bb=157,1120,-25,745
[OTT] walkUs=2008 texUs=32 emitUs=146 submitUs=261 otherUs=1566 prims=170 usPerPrim=11
[SFX] Sd_PlaySfx: sfxId=1305 (Sfx_Base+25) vol=64
Minimap_Scale: 
[SFX] Sd_PlaySfx: sfxId=1305 (Sfx_Base+25) vol=64
Minimap_Scale: 
[SFX] Sd_PlaySfx: sfxId=1305 (Sfx_Base+25) vol=64
Minimap_Scale: 
[SFX] Sd_PlaySfx: sfxId=1305 (Sfx_Base+25) vol=64
Minimap_Scale: 
[SFX] Sd_PlaySfx: sfxId=1305 (Sfx_Base+25) vol=64
Minimap_Scale: 
[FT] avgMs=18 worstMs=103 gameMs=12 drawMs=5 swapWait=0ms draws=101 decodes=0 decMs=0
[OTS] f=4920 calls=2 n0=2055 n1=367 prims=41270 bb=157,1120,-25,745
[OTT] walkUs=1860 texUs=34 emitUs=158 submitUs=300 otherUs=1367 prims=196 usPerPrim=9
[FT] avgMs=16 worstMs=44 gameMs=13 drawMs=3 swapWait=0ms draws=105 decodes=0 decMs=0
[OTS] f=5040 calls=2 n0=2055 n1=315 prims=42596 bb=157,1120,-25,745
[OTT] walkUs=1839 texUs=30 emitUs=146 submitUs=258 otherUs=1404 prims=170 usPerPrim=10
[FT] avgMs=16 worstMs=46 gameMs=13 drawMs=3 swapWait=0ms draws=76 decodes=0 decMs=0
[OTS] f=5160 calls=2 n0=2055 n1=263 prims=31390 bb=157,1120,-25,745
[OTT] walkUs=1843 texUs=25 emitUs=136 submitUs=215 otherUs=1467 prims=144 usPerPrim=12
[FT] avgMs=16 worstMs=47 gameMs=13 drawMs=3 swapWait=0ms draws=74 decodes=0 decMs=0
[OTS] f=5280 calls=2 n0=2055 n1=263 prims=30480 bb=157,1120,-25,745
[OTT] walkUs=1928 texUs=24 emitUs=137 submitUs=392 otherUs=1374 prims=144 usPerPrim=13
[SH-XBOX] vblank 5400
[MEM] tick: free=12912KB (3228 pages)
[FT] avgMs=16 worstMs=43 gameMs=13 drawMs=3 swapWait=0ms draws=74 decodes=0 decMs=0
[OTS] f=5400 calls=2 n0=2055 n1=263 prims=30480 bb=157,1120,-25,745
[OTT] walkUs=1952 texUs=23 emitUs=134 submitUs=485 otherUs=1308 prims=144 usPerPrim=13
[FT] avgMs=16 worstMs=44 gameMs=13 drawMs=3 swapWait=0ms draws=74 decodes=0 decMs=0
[OTS] f=5520 calls=2 n0=2055 n1=263 prims=30480 bb=157,1120,-25,745
[OTT] walkUs=1956 texUs=24 emitUs=136 submitUs=355 otherUs=1439 prims=144 usPerPrim=13
[SFX] Sd_PlaySfx: sfxId=1305 (Sfx_Base+25) vol=64
[SFX] Sd_PlaySfx: sfxId=1305 (Sfx_Base+25) vol=64
[SFX] Sd_PlaySfx: sfxId=1305 (Sfx_Base+25) vol=64
[FT] avgMs=17 worstMs=50 gameMs=13 drawMs=3 swapWait=0ms draws=74 decodes=0 decMs=0
[OTS] f=5640 calls=2 n0=2055 n1=263 prims=30480 bb=157,1120,-25,745
[OTT] walkUs=1882 texUs=24 emitUs=136 submitUs=309 otherUs=1411 prims=144 usPerPrim=13
[SFX] Sd_PlaySfx: sfxId=1305 (Sfx_Base+25) vol=64
[SFX] Sd_PlaySfx: sfxId=1305 (Sfx_Base+25) vol=64
[SFX] Sd_PlaySfx: sfxId=1307 (Sfx_Base+27) vol=64
[FT] avgMs=16 worstMs=48 gameMs=13 drawMs=3 swapWait=0ms draws=96 decodes=0 decMs=0
[OTS] f=5760 calls=2 n0=2055 n1=387 prims=40524 bb=157,1120,-25,745
[OTT] walkUs=2291 texUs=35 emitUs=195 submitUs=554 otherUs=1505 prims=214 usPerPrim=10
[SFX] Sd_PlaySfx: sfxId=1305 (Sfx_Base+25) vol=64
[FT] avgMs=16 worstMs=43 gameMs=12 drawMs=3 swapWait=0ms draws=107 decodes=0 decMs=0
[OTS] f=5880 calls=2 n0=2055 n1=387 prims=45360 bb=157,1120,-25,745
[OTT] walkUs=2264 texUs=34 emitUs=192 submitUs=296 otherUs=1740 prims=214 usPerPrim=10
[SFX] Sd_PlaySfx: sfxId=1305 (Sfx_Base+25) vol=64
2D_Controls: On
[SH-XBOX] vblank 6000
[MEM] tick: free=12912KB (3228 pages)
[FT] avgMs=17 worstMs=82 gameMs=12 drawMs=4 swapWait=0ms draws=111 decodes=0 decMs=0
[OTS] f=6000 calls=2 n0=2055 n1=411 prims=47594 bb=157,1120,-25,745
[OTT] walkUs=2339 texUs=37 emitUs=197 submitUs=392 otherUs=1712 prims=226 usPerPrim=10
[SFX] Sd_PlaySfx: sfxId=1305 (Sfx_Base+25) vol=64
2D_Controls: Off
[FT] avgMs=17 worstMs=93 gameMs=12 drawMs=4 swapWait=0ms draws=113 decodes=0 decMs=0
[OTS] f=6120 calls=2 n0=2055 n1=415 prims=48352 bb=157,1120,-25,745
[OTT] walkUs=2440 texUs=38 emitUs=200 submitUs=578 otherUs=1623 prims=228 usPerPrim=10
[SFX] Sd_PlaySfx: sfxId=1305 (Sfx_Base+25) vol=64
[SFX] Sd_PlaySfx: sfxId=1305 (Sfx_Base+25) vol=64
[SFX] Sd_PlaySfx: sfxId=1305 (Sfx_Base+25) vol=64
[FT] avgMs=17 worstMs=81 gameMs=13 drawMs=3 swapWait=0ms draws=113 decodes=0 decMs=0
[OTS] f=6240 calls=2 n0=2055 n1=415 prims=48720 bb=157,1120,-25,745
[OTT] walkUs=2135 texUs=38 emitUs=198 submitUs=504 otherUs=1394 prims=228 usPerPrim=9
[SFX] Sd_PlaySfx: sfxId=1305 (Sfx_Base+25) vol=64
[SFX] Sd_PlaySfx: sfxId=1305 (Sfx_Base+25) vol=64
[SFX] Sd_PlaySfx: sfxId=1305 (Sfx_Base+25) vol=64
Invert_Pad_Y: On
[SFX] Sd_PlaySfx: sfxId=1305 (Sfx_Base+25) vol=64
[SFX] Sd_PlaySfx: sfxId=1305 (Sfx_Base+25) vol=64
[SFX] Sd_PlaySfx: sfxId=1305 (Sfx_Base+25) vol=64
[FT] avgMs=17 worstMs=57 gameMs=13 drawMs=4 swapWait=0ms draws=114 decodes=0 decMs=0
[OTS] f=6360 calls=2 n0=2055 n1=411 prims=48258 bb=157,1120,-25,745
[OTT] walkUs=2093 texUs=37 emitUs=200 submitUs=552 otherUs=1302 prims=226 usPerPrim=9
[SFX] Sd_PlaySfx: sfxId=1305 (Sfx_Base+25) vol=64
[SFX] Sd_PlaySfx: sfxId=1305 (Sfx_Base+25) vol=64
[SFX] Sd_PlaySfx: sfxId=1305 (Sfx_Base+25) vol=64
[SFX] Sd_PlaySfx: sfxId=1305 (Sfx_Base+25) vol=64
[SFX] Sd_PlaySfx: sfxId=1305 (Sfx_Base+25) vol=64
[FT] avgMs=17 worstMs=47 gameMs=13 drawMs=4 swapWait=0ms draws=116 decodes=0 decMs=0
[OTS] f=6480 calls=2 n0=2055 n1=411 prims=48240 bb=157,1120,-25,745
[OTT] walkUs=2124 texUs=37 emitUs=199 submitUs=471 otherUs=1417 prims=226 usPerPrim=9
[SFX] Sd_PlaySfx: sfxId=1305 (Sfx_Base+25) vol=64
[SFX] Sd_PlaySfx: sfxId=1305 (Sfx_Base+25) vol=64
[SFX] Sd_PlaySfx: sfxId=1307 (Sfx_Base+27) vol=64
[SH-XBOX] vblank 6600
[MEM] tick: free=12912KB (3228 pages)
[FT] avgMs=17 worstMs=49 gameMs=13 drawMs=3 swapWait=0ms draws=90 decodes=0 decMs=0
[OTS] f=6600 calls=2 n0=2055 n1=263 prims=37676 bb=157,1120,-25,745
[OTT] walkUs=1939 texUs=25 emitUs=142 submitUs=211 otherUs=1560 prims=144 usPerPrim=13
[FT] avgMs=16 worstMs=47 gameMs=13 drawMs=3 swapWait=0ms draws=74 decodes=0 decMs=0
[OTS] f=6720 calls=2 n0=2055 n1=263 prims=30480 bb=157,1120,-25,745
[OTT] walkUs=1831 texUs=24 emitUs=136 submitUs=226 otherUs=1444 prims=144 usPerPrim=12
[FT] avgMs=16 worstMs=42 gameMs=13 drawMs=3 swapWait=0ms draws=74 decodes=0 decMs=0
[OTS] f=6840 calls=2 n0=2055 n1=263 prims=30480 bb=157,1120,-25,745
[OTT] walkUs=1900 texUs=23 emitUs=135 submitUs=202 otherUs=1538 prims=144 usPerPrim=13
[FT] avgMs=16 worstMs=44 gameMs=13 drawMs=3 swapWait=0ms draws=74 decodes=0 decMs=0
[OTS] f=6960 calls=2 n0=2055 n1=263 prims=30480 bb=157,1120,-25,745
[OTT] walkUs=1834 texUs=24 emitUs=136 submitUs=372 otherUs=1300 prims=144 usPerPrim=12
[FT] avgMs=16 worstMs=45 gameMs=13 drawMs=3 swapWait=0ms draws=74 decodes=0 decMs=0
[OTS] f=7080 calls=2 n0=2055 n1=263 prims=30480 bb=157,1120,-25,745
[OTT] walkUs=1834 texUs=24 emitUs=135 submitUs=208 otherUs=1466 prims=144 usPerPrim=12
[SH-XBOX] vblank 7200
[MEM] tick: free=12912KB (3228 pages)
[FT] avgMs=16 worstMs=47 gameMs=13 drawMs=3 swapWait=0ms draws=74 decodes=0 decMs=0
[OTS] f=7200 calls=2 n0=2055 n1=263 prims=30480 bb=157,1120,-25,745
[OTT] walkUs=1714 texUs=24 emitUs=137 submitUs=238 otherUs=1313 prims=144 usPerPrim=11
[FT] avgMs=16 worstMs=42 gameMs=13 drawMs=3 swapWait=0ms draws=74 decodes=0 decMs=0
[OTS] f=7320 calls=2 n0=2055 n1=263 prims=30480 bb=157,1120,-25,745
[OTT] walkUs=1825 texUs=23 emitUs=134 submitUs=207 otherUs=1459 prims=144 usPerPrim=12
[SFX] Sd_PlaySfx: sfxId=1305 (Sfx_Base+25) vol=64
[SFX] Sd_PlaySfx: sfxId=1305 (Sfx_Base+25) vol=64
[FT] avgMs=17 worstMs=47 gameMs=13 drawMs=3 swapWait=0ms draws=74 decodes=0 decMs=0
[OTS] f=7440 calls=2 n0=2055 n1=263 prims=30480 bb=157,1120,-25,745
[OTT] walkUs=1811 texUs=23 emitUs=135 submitUs=217 otherUs=1435 prims=144 usPerPrim=12
[SFX] Sd_PlaySfx: sfxId=1305 (Sfx_Base+25) vol=64
[SFX] Sd_PlaySfx: sfxId=1305 (Sfx_Base+25) vol=64
Minimap: Square
[SFX] Sd_PlaySfx: sfxId=1305 (Sfx_Base+25) vol=64
[SFX] Sd_PlaySfx: sfxId=1305 (Sfx_Base+25) vol=64
[FT] avgMs=17 worstMs=83 gameMs=13 drawMs=4 swapWait=1ms draws=81 decodes=0 decMs=0
[OTS] f=7560 calls=2 n0=2055 n1=297 prims=33092 bb=157,1120,-25,745
[OTT] walkUs=1941 texUs=26 emitUs=142 submitUs=241 otherUs=1531 prims=161 usPerPrim=12
[SFX] Sd_PlaySfx: sfxId=1305 (Sfx_Base+25) vol=64
Minimap: Circle
[SFX] Sd_PlaySfx: sfxId=1305 (Sfx_Base+25) vol=64
[SFX] Sd_PlaySfx: sfxId=1305 (Sfx_Base+25) vol=64
[FT] avgMs=17 worstMs=58 gameMs=13 drawMs=3 swapWait=1ms draws=94 decodes=0 decMs=0
[OTS] f=7680 calls=2 n0=2055 n1=297 prims=37780 bb=157,1120,-25,745
[OTT] walkUs=1901 texUs=28 emitUs=145 submitUs=247 otherUs=1479 prims=161 usPerPrim=11
[SFX] Sd_PlaySfx: sfxId=1305 (Sfx_Base+25) vol=64
Minimap_Scale: 
[SFX] Sd_PlaySfx: sfxId=1305 (Sfx_Base+25) vol=64
Minimap_Scale: 
[SFX] Sd_PlaySfx: sfxId=1305 (Sfx_Base+25) vol=64
Minimap_Scale: 
[SH-XBOX] vblank 7800
[MEM] tick: free=12912KB (3228 pages)
[FT] avgMs=18 worstMs=92 gameMs=12 drawMs=5 swapWait=0ms draws=92 decodes=0 decMs=0
[OTS] f=7800 calls=2 n0=2055 n1=347 prims=37380 bb=157,1120,-25,745
[OTT] walkUs=1696 texUs=33 emitUs=152 submitUs=304 otherUs=1206 prims=186 usPerPrim=9
[SFX] Sd_PlaySfx: sfxId=1305 (Sfx_Base+25) vol=64
[SFX] Sd_PlaySfx: sfxId=1305 (Sfx_Base+25) vol=64
Minimap_Opacity: 
[SFX] Sd_PlaySfx: sfxId=1305 (Sfx_Base+25) vol=64
Minimap_Opacity: 
[SFX] Sd_PlaySfx: sfxId=1306 (Sfx_Base+26) vol=64
[FT] avgMs=18 worstMs=91 gameMs=13 drawMs=5 swapWait=0ms draws=107 decodes=0 decMs=0
[OTS] f=7920 calls=2 n0=2055 n1=383 prims=43572 bb=-320,3520,-411,1131
[OTT] walkUs=1944 texUs=36 emitUs=161 submitUs=293 otherUs=1453 prims=204 usPerPrim=9
[SFX] Sd_PlaySfx: sfxId=1306 (Sfx_Base+26) vol=64
[SH-XBOX] GameState -> 7 (step 0)
[BOOT-STEP] GameStartup step=0 qlen=0
[TRANSITION] GameStartup step=0: processFlags=0x20 (BootDemo) sizeof(s_WorldGfxWork)=11708
[BOOT-STEP] GameStartup step=1 qlen=0
[FT] avgMs=18 worstMs=134 gameMs=14 drawMs=4 swapWait=0ms draws=65 decodes=0 decMs=0
[OTS] f=8040 calls=2 n0=2056 n1=325 prims=45008 bb=-320,3520,-411,1542
[OTT] walkUs=2836 texUs=12 emitUs=1029 submitUs=455 otherUs=1339 prims=268 usPerPrim=10
[SFX] Sd_PlaySfx: sfxId=1305 (Sfx_Base+25) vol=0
[SFX] Sd_PlaySfx: sfxId=1305 (Sfx_Base+25) vol=0
[SFX] Sd_PlaySfx: sfxId=1305 (Sfx_Base+25) vol=0
[SFX] Sd_PlaySfx: sfxId=1281 (Sfx_Base+1) vol=0
[BOOT0/TIM] PostLoadTim file=1939 'SAVELOAD.TIM' ss=0x8ced img.u=0 img.v=16 tPage=1,5 clutX=224 clutY=14
[BOOT0/TIM] post ReadTIM: prect=0xfc671c caddr=0xfc6518 paddr=0xfc6724 mode=9
[BOOT0/TIM] pre pixel LoadImage rect=(320,16 160x240)
[BOOT0/TIM] pre CLUT LoadImage rect=(224,14 256x1)
[BOOT0/TIM] PostLoadTim done
[SH-XBOX] GameState -> 8 (step 0)
[FT] avgMs=18 worstMs=162 gameMs=13 drawMs=4 swapWait=0ms draws=32 decodes=0 decMs=0
[OTS] f=8160 calls=2 n0=2052 n1=312 prims=33555 bb=-320,3520,-411,1542
[OTT] walkUs=1828 texUs=24 emitUs=191 submitUs=241 otherUs=1370 prims=187 usPerPrim=9
[SFX] Sd_PlaySfx: sfxId=1307 (Sfx_Base+27) vol=0
[MCRD] open 'bu00:BASLUS-00707SILENT00' flags=0x8001 -> h=1 dir=1 size=8192
[MCRD] read h=1 dir=1 ofs=896 len=640 ok
[MCRD] open 'bu00:BASLUS-00707SILENT00' flags=0x8001 -> h=1 dir=1 size=8192
[MCRD] read h=1 dir=1 ofs=768 len=128 ok
[CHARA-TEX] charaId=1 matCount=1 modelCount=23
[CHARA-TEX] mat[0] name='HERO' field_C=1 E=0x3b F=0x3b clut=0x782e UV=0x0000 tex=0
[CHARA-TEX] prim0: f0=0x135b(UV0) f2=0x7a6e(clut) f4=0x1651(UV1) f6=0x003b(tpage) f8=0x1251(UV2) fA=0x0000(UV3)
[CHARA-TEX] texDesc: tPage=[0,27] u=0 v=0 clutXY=(736,480)
[AUTO-EQUIP-CHECK] mapIdx=1 processFlags=0x8 inventorySlotCount=8 equippedWeapon=0
[MAP-LOAD] GameBoot_MapLoad mapIdx=1 (map0_s01) fileIdx=1996 linked=1 procFlags=0x8
[MAP-LOAD] MapRegistry_Load(1)=map0_s01 linked=1 header=0059caf0
[MEM] after map-load: free=12912KB (3228 pages)
[LANG] USA disc-patch skipped on Xbox (compiled text kept)
[BOOT0/TIM] PostLoadTim file=1849 'GLASS.TIM' ss=0x7ec3 img.u=0 img.v=0 tPage=0,13 clutX=224 clutY=0
[BOOT0/TIM] post ReadTIM: prect=0xfd853c caddr=0xfd8518 paddr=0xfd8544 mode=8
[BOOT0/TIM] pre pixel LoadImage rect=(832,0 16x64)
[BOOT0/TIM] pre CLUT LoadImage rect=(224,0 16x1)
[BOOT0/TIM] PostLoadTim done
[FT] avgMs=18 worstMs=80 gameMs=13 drawMs=5 swapWait=0ms draws=74 decodes=0 decMs=0
[OTS] f=8280 calls=2 n0=2052 n1=302 prims=30298 bb=-320,3520,-411,1131
[OTT] walkUs=1764 texUs=24 emitUs=186 submitUs=233 otherUs=1320 prims=182 usPerPrim=9
[SH-XBOX] GameState -> 10 (step 0)
[BOOT-STEP] GameStartup step=0 qlen=0
[TRANSITION] GameStartup step=0: processFlags=0x8 (LoadSave) sizeof(s_WorldGfxWork)=11708
[VRAM] texture cache: 24/96 slots (256KB each), free=6768KB after
[VRAM] cache capped by 8MB heap reserve (expect decode thrash)
[VRAM] cache grew to 25 slots (free=6512KB)
[VRAM] miss cause: evict=0 inval=0 cold=2 (alloc=26)
[BOOT-STEP] GameStartup step=3 qlen=0
[BOOT-STEP] GameStartup step=4 qlen=0
[BOOT-STEP] GameStartup step=5 qlen=0
[BOOT-STEP] GameStartup step=7 qlen=0
[TRANSITION] GameStartup step=7: processFlags=0x8 playerPos=(18814,819,1088367) func_80039F90=0x0
[IPD-INIT] Ipd_MapFileInfoSet: mapTag='THR' activeIpdCount=4 isExterior=1 plmIdx=1370 ipdFileIdx=0 textureFileIdx=0 curSize=0 willRebuildGrid=1
[MEM] after chunk-buffers: free=4208KB (1052 pages)
[TRANSITION] GameStartup step=7 post-init: playerPos=(18814,819,1088367) mapTag='THR'
[BOOT-STEP] GameStartup step=8 qlen=8
[BOOT0/TIM] PostLoadTim file=1073 'THR0001F.TIM' ss=0x45d8 img.u=0 img.v=0 tPage=0,8 clutX=0 clutY=0
[BOOT0/TIM] post ReadTIM: prect=0xfd05dc caddr=0xfd0518 paddr=0xfd05e4 mode=8
[BOOT0/TIM] pre pixel LoadImage rect=(512,0 64x256)
[BOOT0/TIM] pre CLUT LoadImage rect=(0,0 16x6)
[BOOT0/TIM] PostLoadTim done
[POOLSTOMP] upload (512,0 64x256) hits PINNED pool slot 0 'THR0001F' (512,0)
[BOOT0/TIM] PostLoadTim file=1077 'THR0003F.TIM' ss=0x4625 img.u=0 img.v=0 tPage=0,9 clutX=16 clutY=0
[BOOT0/TIM] post ReadTIM: prect=0xfd06dc caddr=0xfd0518 paddr=0xfd06e4 mode=8
[BOOT0/TIM] pre pixel LoadImage rect=(576,0 64x256)
[BOOT0/TIM] pre CLUT LoadImage rect=(16,0 16x14)
[BOOT0/TIM] PostLoadTim done
[POOLSTOMP] upload (576,0 64x256) hits PINNED pool slot 1 'THR0003F' (576,0)
[BOOT0/TIM] PostLoadTim file=1075 'THR0002F.TIM' ss=0x45fe img.u=0 img.v=0 tPage=0,10 clutX=32 clutY=0
[BOOT0/TIM] post ReadTIM: prect=0xfd065c caddr=0xfd0518 paddr=0xfd0664 mode=8
[BOOT0/TIM] pre pixel LoadImage rect=(640,0 64x256)
[BOOT0/TIM] pre CLUT LoadImage rect=(32,0 16x10)
[BOOT0/TIM] PostLoadTim done
[POOLSTOMP] upload (640,0 64x256) hits PINNED pool slot 2 'THR0002F' (640,0)
[BOOT0/TIM] PostLoadTim file=1079 'THR0004F.TIM' ss=0x4644 img.u=0 img.v=0 tPage=0,21 clutX=48 clutY=0
[BOOT0/TIM] post ReadTIM: prect=0xfd071c caddr=0xfd0518 paddr=0xfd0724 mode=8
[BOOT0/TIM] pre pixel LoadImage rect=(320,256 64x256)
[BOOT0/TIM] pre CLUT LoadImage rect=(48,0 16x16)
[BOOT0/TIM] PostLoadTim done
[POOLSTOMP] upload (320,256 64x256) hits PINNED pool slot 3 'THR0004F' (320,256)
[BOOT0/TIM] PostLoadTim file=1269 'THRCF3.TIM' ss=0x51fa img.u=0 img.v=0 tPage=0,22 clutX=64 clutY=0
[BOOT0/TIM] post ReadTIM: prect=0xfd06fc caddr=0xfd0518 paddr=0xfd0704 mode=8
[BOOT0/TIM] pre pixel LoadImage rect=(384,256 64x256)
[BOOT0/TIM] pre CLUT LoadImage rect=(64,0 16x15)
[BOOT0/TIM] PostLoadTim done
[POOLSTOMP] upload (384,256 64x256) hits PINNED pool slot 4 'THRCF3' (384,256)
[BOOT0/TIM] PostLoadTim file=1268 'THRCF2.TIM' ss=0x51e9 img.u=0 img.v=0 tPage=0,23 clutX=80 clutY=0
[BOOT0/TIM] post ReadTIM: prect=0xfd06fc caddr=0xfd0518 paddr=0xfd0704 mode=8
[BOOT0/TIM] pre pixel LoadImage rect=(448,256 64x256)
[BOOT0/TIM] pre CLUT LoadImage rect=(80,0 16x15)
[BOOT0/TIM] PostLoadTim done
[POOLSTOMP] upload (448,256 64x256) hits PINNED pool slot 5 'THRCF2' (448,256)
[BOOT0/TIM] PostLoadTim file=1270 'THRCF4.TIM' ss=0x520b img.u=0 img.v=0 tPage=0,24 clutX=96 clutY=0
[BOOT0/TIM] post ReadTIM: prect=0xfd05bc caddr=0xfd0518 paddr=0xfd05c4 mode=8
[BOOT0/TIM] pre pixel LoadImage rect=(512,256 64x256)
[BOOT0/TIM] pre CLUT LoadImage rect=(96,0 16x5)
[BOOT0/TIM] PostLoadTim done
[POOLSTOMP] upload (512,256 64x256) hits PINNED pool slot 6 'THRCF4' (512,256)
[BOOT0/TIM] PostLoadTim file=1267 'THRCF1.TIM' ss=0x51d8 img.u=0 img.v=0 tPage=0,25 clutX=112 clutY=0
[BOOT0/TIM] post ReadTIM: prect=0xfd06fc caddr=0xfd0518 paddr=0xfd0704 mode=8
[BOOT0/TIM] pre pixel LoadImage rect=(576,256 64x256)
[BOOT0/TIM] pre CLUT LoadImage rect=(112,0 16x15)
[BOOT0/TIM] PostLoadTim done
[POOLSTOMP] upload (576,256 64x256) hits PINNED pool slot 7 'THRCF1' (576,256)
[TEXVRAM] 'THR0001F' tPage=[0,8] clutXY=(0,0) uv=(0,0)
[TEXVRAM] 'THR0003F' tPage=[0,9] clutXY=(16,0) uv=(0,0)
[TEXVRAM] 'THR0002F' tPage=[0,10] clutXY=(32,0) uv=(0,0)
[TEXVRAM] 'THR0004F' tPage=[0,21] clutXY=(48,0) uv=(0,0)
[TEXVRAM] 'THRCF3' tPage=[0,22] clutXY=(64,0) uv=(0,0)
[TEXVRAM] 'THRCF2' tPage=[0,23] clutXY=(80,0) uv=(0,0)
[TEXVRAM] 'THRCF4' tPage=[0,24] clutXY=(96,0) uv=(0,0)
[TEXVRAM] 'THRCF1' tPage=[0,25] clutXY=(112,0) uv=(0,0)
[BOOT-STEP] GameStartup step=9 qlen=0
[BOOT-STEP] GameStartup step=10 qlen=0
[SH_AMB] Sd_AmbientSfxSet idx=3 -> loadCmd=171
[SH_AMB] Sd_VabLoad ambient cmd=171 type=2 dedup=0
[BOOT-STEP] GameStartup step=11 qlen=0
[BOOT0/TIM] PostLoadTim file=1449 'REBIRD.TIM' ss=0x5b2c img.u=0 img.v=0 tPage=0,28 clutX=704 clutY=464
[BOOT0/TIM] post ReadTIM: prect=0xfc65dc caddr=0xfc6518 paddr=0xfc65e4 mode=8
[BOOT0/TIM] pre pixel LoadImage rect=(768,256 32x128)
[BOOT0/TIM] pre CLUT LoadImage rect=(704,464 16x6)
[BOOT0/TIM] PostLoadTim done
[CHARA-TEX] charaId=2 matCount=1 modelCount=16
[CHARA-TEX] mat[0] name='REBIRD' field_C=1 E=0x5c F=0x5c clut=0x742c UV=0x0000 tex=0
[CHARA-TEX] prim0: f0=0x2971(UV0) f2=0x74ac(clut) f4=0x1d6a(UV1) f6=0x005c(tpage) f8=0x2077(UV2) fA=0x0000(UV3)
[CHARA-TEX] texDesc: tPage=[0,28] u=0 v=0 clutXY=(704,464)
[MEM] dms-load: free=4208KB (1052 pages)
[SFX] Sd_SfxStop: sfxId=1300 (Sfx_Base+20)
[SFX] Sd_SfxStop: sfxId=1302 (Sfx_Base+22)
[SFX] Sd_SfxStop: sfxId=1301 (Sfx_Base+21)
[SFX] Sd_SfxStop: sfxId=1303 (Sfx_Base+23)
[SFX] Sd_SfxStop: sfxId=1321 (Sfx_Base+41)
[SFX] Sd_SfxStop: sfxId=1322 (Sfx_Base+42)
[WOBJ] resolved 'RADIO_HI' lmIdx=3
[WOBJ] resolved 'KNIFE_HI' lmIdx=3
[WOBJ] resolved 'IN1_HIDE' lmIdx=4
[WOBJ] resolved 'IN_BLD1_' lmIdx=4
[WOBJ] resolved 'DRINK_NE' lmIdx=1
[SH-XBOX] vblank 8400
[MEM] tick: free=4208KB (1052 pages)
[BOOT0/TIM] PostLoadTim file=1505 'TIM00.TIM' ss=0x5dcb img.u=0 img.v=0 tPage=0,15 clutX=176 clutY=0
[BOOT0/TIM] post ReadTIM: prect=0xfc671c caddr=0xfc6518 paddr=0xfc6724 mode=8
[BOOT0/TIM] pre pixel LoadImage rect=(960,0 64x256)
[BOOT0/TIM] pre CLUT LoadImage rect=(176,0 16x16)
[BOOT0/TIM] PostLoadTim done
[BOOT-STEP] GameStartup step=12 qlen=2
[SH-XBOX] GameState -> 11 (step 0)
[FOGST-GPU] clear=0xff6c6474
[BOOT0/TIM] PostLoadTim file=1514 'TIM07.TIM' ss=0x5e64 img.u=32 img.v=0 tPage=0,13 clutX=240 clutY=0
[BOOT0/TIM] post ReadTIM: prect=0xfc661c caddr=0xfc6518 paddr=0xfc6624 mode=8
[BOOT0/TIM] pre pixel LoadImage rect=(864,0 32x256)
[BOOT0/TIM] pre CLUT LoadImage rect=(240,0 16x8)
[BOOT0/TIM] PostLoadTim done
[BOOT0/TIM] PostLoadTim file=1509 'TIM02.TIM' ss=0x5e0f img.u=0 img.v=0 tPage=0,14 clutX=160 clutY=0
[BOOT0/TIM] post ReadTIM: prect=0xfc671c caddr=0xfc6518 paddr=0xfc6724 mode=8
[BOOT0/TIM] pre pixel LoadImage rect=(896,0 64x256)
[BOOT0/TIM] pre CLUT LoadImage rect=(160,0 16x16)
[BOOT0/TIM] PostLoadTim done
[FT] avgMs=26 worstMs=644 gameMs=13 drawMs=13 swapWait=0ms draws=25 decodes=7 decMs=13
[OTS] f=8400 calls=4 n0=2324 n1=60 prims=9805 bb=-1448,3520,-2134,3648
[OTT] walkUs=2770 texUs=63 emitUs=1224 submitUs=418 otherUs=1064 prims=317 usPerPrim=8
[FT] avgMs=16 worstMs=53 gameMs=6 drawMs=10 swapWait=0ms draws=124 decodes=0 decMs=0
[OTS] f=8520 calls=2 n0=2313 n1=58 prims=37340 bb=-1850,3721,-2127,3661
[OTT] walkUs=3108 texUs=68 emitUs=1159 submitUs=344 otherUs=1535 prims=303 usPerPrim=10
[MINIMAP] queued map read: file=1896 size=154368
[MINIMAP] queued marking read: file=1910 size=16640
[RA] http POST http://retroachievements.org/dorequest.php
[NET] POST retroachievements.org -> 200 (16 bytes)
[RA] http -> status=200 bodyLen=16 body='{"Success":true}'
[FT] avgMs=19 worstMs=277 gameMs=6 drawMs=13 swapWait=0ms draws=146 decodes=0 decMs=0
[OTS] f=8640 calls=2 n0=2336 n1=58 prims=38747 bb=-1850,3721,-2404,3661
[OTT] walkUs=3217 texUs=65 emitUs=1259 submitUs=396 otherUs=1495 prims=325 usPerPrim=9
[FT] avgMs=16 worstMs=49 gameMs=3 drawMs=13 swapWait=0ms draws=249 decodes=0 decMs=0
[OTS] f=8760 calls=2 n0=2688 n1=58 prims=59577 bb=-1982,3721,-2385,3648
[OTT] walkUs=6219 texUs=153 emitUs=2702 submitUs=763 otherUs=2600 prims=682 usPerPrim=9
[FT] avgMs=21 worstMs=99 gameMs=6 drawMs=15 swapWait=0ms draws=364 decodes=0 decMs=0
[OTS] f=8880 calls=2 n0=2755 n1=58 prims=88671 bb=-1772,3811,-1986,3159
[OTT] walkUs=6712 texUs=178 emitUs=2916 submitUs=888 otherUs=2729 prims=750 usPerPrim=8
[SH-XBOX] vblank 9000
[MEM] tick: free=4016KB (1004 pages)
[CHNK] n=4 s0=-1,6,st3 s1=0,6,st3 s2=0,0,st0 s3=0,0,st0
[FT] avgMs=24 worstMs=35 gameMs=8 drawMs=16 swapWait=0ms draws=376 decodes=0 decMs=0
[OTS] f=9000 calls=2 n0=2778 n1=58 prims=98915 bb=-1784,3946,-1996,3320
[OTT] walkUs=6723 texUs=179 emitUs=2921 submitUs=876 otherUs=2746 prims=773 usPerPrim=8
[FT] avgMs=21 worstMs=50 gameMs=6 drawMs=15 swapWait=0ms draws=352 decodes=0 decMs=0
[OTS] f=9120 calls=2 n0=2651 n1=58 prims=85911 bb=-1982,4123,-2095,3127
[OTT] walkUs=6127 texUs=146 emitUs=2595 submitUs=860 otherUs=2525 prims=644 usPerPrim=9
[FT] avgMs=27 worstMs=51 gameMs=10 drawMs=16 swapWait=0ms draws=390 decodes=0 decMs=0
[OTS] f=9240 calls=2 n0=2931 n1=58 prims=94686 bb=-1946,4096,-2098,3082
[OTT] walkUs=7722 texUs=228 emitUs=3435 submitUs=968 otherUs=3089 prims=926 usPerPrim=8
[FT] avgMs=33 worstMs=69 gameMs=15 drawMs=17 swapWait=0ms draws=420 decodes=0 decMs=0
[OTS] f=9360 calls=2 n0=2922 n1=58 prims=110977 bb=-1586,3721,-2079,2703
[OTT] walkUs=7743 texUs=227 emitUs=3420 submitUs=967 otherUs=3128 prims=917 usPerPrim=8
[FT] avgMs=33 worstMs=61 gameMs=15 drawMs=17 swapWait=1ms draws=417 decodes=0 decMs=0
[OTS] f=9480 calls=2 n0=2935 n1=58 prims=110672 bb=-1586,3721,-2073,2703
[OTT] walkUs=7972 texUs=229 emitUs=3451 submitUs=1002 otherUs=3289 prims=930 usPerPrim=8
[SH-XBOX] vblank 9600
[MEM] tick: free=4016KB (1004 pages)
[CHNK] n=4 s0=-1,6,st3 s1=0,6,st3 s2=0,0,st0 s3=0,0,st0
[FT] avgMs=33 worstMs=69 gameMs=15 drawMs=17 swapWait=0ms draws=415 decodes=0 decMs=0
[OTS] f=9600 calls=2 n0=2932 n1=58 prims=111477 bb=-1586,3721,-1999,2703
[OTT] walkUs=7881 texUs=226 emitUs=3456 submitUs=977 otherUs=3221 prims=927 usPerPrim=8
[SYSSTATE] dispatch sysState=2 mapEventData=0
[FOGST-GPU] clear=0xff000000
[SH-XBOX] GameState -> 19 (step 0)
[BOOT0/TIM] PostLoadTim file=1485 'HEROPIC2.TIM' ss=0x5bb6 img.u=12 img.v=103 tPage=1,31 clutX=224 clutY=13
[BOOT0/TIM] post ReadTIM: prect=0xfc671c caddr=0xfc6518 paddr=0xfc6724 mode=9
[BOOT0/TIM] pre pixel LoadImage rect=(972,359 52x152)
[BOOT0/TIM] pre CLUT LoadImage rect=(224,13 256x1)
[BOOT0/TIM] PostLoadTim done
[SH-XBOX] GameState -> 14 (step 0)
[ITEMPICK] map-pack link: slot=3 loadableIdx=0 nobj=34 obj=ok
[ITEMPICK] map-pack link: slot=4 loadableIdx=8 nobj=34 obj=ok
[ITEMPICK] map-pack link: slot=5 loadableIdx=15 nobj=34 obj=ok
[FT] avgMs=26 worstMs=92 gameMs=13 drawMs=13 swapWait=0ms draws=262 decodes=0 decMs=0
[OTS] f=9720 calls=2 n0=2304 n1=274 prims=85580 bb=-1586,3721,-2053,2703
[OTT] walkUs=2317 texUs=126 emitUs=691 submitUs=212 otherUs=1286 prims=396 usPerPrim=5
[SFX] Sd_PlaySfx: sfxId=1305 (Sfx_Base+25) vol=64
[SFX] Sd_PlaySfx: sfxId=1305 (Sfx_Base+25) vol=64
[SFX] Sd_PlaySfx: sfxId=1307 (Sfx_Base+27) vol=64
[BOOT0/TIM] PostLoadTim file=1919 'OPTION.TIM' ss=0x8a38 img.u=0 img.v=16 tPage=1,5 clutX=224 clutY=14
[BOOT0/TIM] post ReadTIM: prect=0xfc671c caddr=0xfc6518 paddr=0xfc6724 mode=9
[BOOT0/TIM] pre pixel LoadImage rect=(320,16 160x240)
[BOOT0/TIM] pre CLUT LoadImage rect=(224,14 256x1)
[BOOT0/TIM] PostLoadTim done
[SH-XBOX] GameState -> 18 (step 0)
[SFX] Sd_PlaySfx: sfxId=1305 (Sfx_Base+25) vol=64
[SFX] Sd_PlaySfx: sfxId=1305 (Sfx_Base+25) vol=64
[FT] avgMs=18 worstMs=136 gameMs=13 drawMs=5 swapWait=0ms draws=48 decodes=0 decMs=0
[OTS] f=9840 calls=2 n0=2055 n1=371 prims=43106 bb=-320,3520,-411,1131
[OTT] walkUs=2044 texUs=26 emitUs=595 submitUs=194 otherUs=1228 prims=250 usPerPrim=8
[SFX] Sd_PlaySfx: sfxId=1305 (Sfx_Base+25) vol=64
[SFX] Sd_PlaySfx: sfxId=1307 (Sfx_Base+27) vol=64
[FT] avgMs=17 worstMs=47 gameMs=13 drawMs=4 swapWait=0ms draws=71 decodes=0 decMs=0
[OTS] f=9960 calls=2 n0=2055 n1=385 prims=43812 bb=-320,3520,-411,1131
[OTT] walkUs=1988 texUs=36 emitUs=193 submitUs=291 otherUs=1465 prims=213 usPerPrim=9
[SFX] Sd_PlaySfx: sfxId=1305 (Sfx_Base+25) vol=64
[SFX] Sd_PlaySfx: sfxId=1305 (Sfx_Base+25) vol=64
2D_Controls: On
[FT] avgMs=17 worstMs=127 gameMs=12 drawMs=4 swapWait=0ms draws=107 decodes=0 decMs=0
[OTS] f=10080 calls=2 n0=2055 n1=409 prims=45506 bb=157,1120,-25,745
[OTT] walkUs=2102 texUs=39 emitUs=200 submitUs=428 otherUs=1433 prims=225 usPerPrim=9
[SFX] Sd_PlaySfx: sfxId=1305 (Sfx_Base+25) vol=64
[SFX] Sd_PlaySfx: sfxId=1306 (Sfx_Base+26) vol=64
[SH-XBOX] vblank 10200
[MEM] tick: free=4016KB (1004 pages)
[FT] avgMs=18 worstMs=136 gameMs=14 drawMs=3 swapWait=0ms draws=102 decodes=0 decMs=0
[OTS] f=10200 calls=2 n0=2055 n1=397 prims=47002 bb=-320,3520,-411,1131
[OTT] walkUs=2401 texUs=28 emitUs=601 submitUs=214 otherUs=1556 prims=263 usPerPrim=9
[SFX] Sd_PlaySfx: sfxId=1306 (Sfx_Base+26) vol=64
[SH-XBOX] GameState -> 14 (step 0)
[ITEMPICK] map-pack link: slot=3 loadableIdx=0 nobj=34 obj=ok
[ITEMPICK] map-pack link: slot=4 loadableIdx=8 nobj=34 obj=ok
[ITEMPICK] map-pack link: slot=5 loadableIdx=15 nobj=34 obj=ok
[SFX] Sd_PlaySfx: sfxId=1306 (Sfx_Base+26) vol=64
[SFX] Sd_PlaySfx: sfxId=1306 (Sfx_Base+26) vol=64
[FT] avgMs=17 worstMs=54 gameMs=12 drawMs=4 swapWait=0ms draws=46 decodes=0 decMs=0
[OTS] f=10320 calls=2 n0=2299 n1=113 prims=43572 bb=-320,3520,-411,1542
[OTT] walkUs=1910 texUs=109 emitUs=590 submitUs=335 otherUs=875 prims=304 usPerPrim=6
[SH-XBOX] GameState -> 11 (step 0)
[2DSNAP] locked heading 1967 (stick 0, live cam 1601)
[FOGST-GPU] clear=0xff6c6474
[2DSNAP] steering window exited (delta 1024), tracking live
[FT] avgMs=18 worstMs=51 gameMs=7 drawMs=11 swapWait=1ms draws=154 decodes=0 decMs=0
[OTS] f=10440 calls=2 n0=2334 n1=58 prims=44182 bb=-1814,3721,-2404,3648
[OTT] walkUs=3044 texUs=64 emitUs=1262 submitUs=360 otherUs=1355 prims=323 usPerPrim=9
[2DSNAP] locked heading 3649 (stick 2048, live cam 2019)
[2DSNAP] locked heading 1352 (stick -512, live cam 1601)
[FT] avgMs=22 worstMs=47 gameMs=6 drawMs=15 swapWait=0ms draws=348 decodes=0 decMs=0
[OTS] f=10560 calls=2 n0=2341 n1=58 prims=86307 bb=-1904,4741,-2844,3648
[OTT] walkUs=3458 texUs=65 emitUs=1293 submitUs=541 otherUs=1558 prims=332 usPerPrim=10
[2DSNAP] steering window exited (delta 1024), tracking live
[FT] avgMs=16 worstMs=47 gameMs=6 drawMs=10 swapWait=0ms draws=130 decodes=0 decMs=0
[OTS] f=10680 calls=2 n0=2340 n1=58 prims=38148 bb=-1844,3721,-2404,3661
[OTT] walkUs=3120 texUs=68 emitUs=1273 submitUs=375 otherUs=1402 prims=329 usPerPrim=9
[2DSNAP] locked heading 3649 (stick 2048, live cam 2097)
[2DSNAP] steering window exited (delta -1024), tracking live
[SH-XBOX] vblank 10800
[MEM] tick: free=4016KB (1004 pages)
[FT] avgMs=28 worstMs=60 gameMs=11 drawMs=17 swapWait=0ms draws=453 decodes=0 decMs=0
[OTS] f=10800 calls=2 n0=2664 n1=58 prims=104618 bb=-1952,3856,-2378,3661
[OTT] walkUs=5939 texUs=146 emitUs=2621 submitUs=777 otherUs=2393 prims=658 usPerPrim=9
[CHNK] n=4 s0=-1,6,st3 s1=0,6,st3 s2=0,0,st0 s3=0,0,st0
[RA] watch 84008: state=2 unlocked=1786116799 flags[4B4]=00 flags[4A1]=00 word4=0x00000000 setbits=35 map=1/36
[FT] avgMs=23 worstMs=47 gameMs=7 drawMs=15 swapWait=0ms draws=335 decodes=0 decMs=0
[OTS] f=10920 calls=2 n0=2408 n1=58 prims=83659 bb=-2006,3961,-2809,3648
[OTT] walkUs=3612 texUs=81 emitUs=1597 submitUs=514 otherUs=1418 prims=398 usPerPrim=9
[2DSNAP] locked heading 1365 (stick -512, live cam 1601)
[2DSNAP] steering window exited (delta -1024), tracking live
[2DSNAP] locked heading 3137 (stick 1536, live cam 2073)
[FT] avgMs=17 worstMs=53 gameMs=4 drawMs=13 swapWait=0ms draws=250 decodes=0 decMs=0
[OTS] f=11040 calls=2 n0=2817 n1=58 prims=64909 bb=-1811,4828,-2937,3648
[OTT] walkUs=7037 texUs=207 emitUs=2835 submitUs=932 otherUs=3062 prims=809 usPerPrim=8
[2DSNAP] steering window exited (delta 1024), tracking live
[FT] avgMs=30 worstMs=67 gameMs=12 drawMs=18 swapWait=0ms draws=514 decodes=0 decMs=0
[OTS] f=11160 calls=2 n0=3076 n1=58 prims=115449 bb=-2114,3721,-2134,3545
[OTT] walkUs=9629 texUs=302 emitUs=4015 submitUs=1348 otherUs=3963 prims=1069 usPerPrim=9
[FT] avgMs=33 worstMs=62 gameMs=12 drawMs=20 swapWait=0ms draws=594 decodes=0 decMs=0
[OTS] f=11280 calls=2 n0=3138 n1=58 prims=129812 bb=-1970,3721,-2134,3410
[OTT] walkUs=10447 texUs=310 emitUs=4389 submitUs=1492 otherUs=4255 prims=1132 usPerPrim=9
[SH-XBOX] vblank 11400
[MEM] tick: free=4016KB (1004 pages)
[FT] avgMs=33 worstMs=35 gameMs=12 drawMs=20 swapWait=0ms draws=592 decodes=0 decMs=0
[OTS] f=11400 calls=2 n0=3011 n1=58 prims=130273 bb=-2102,4942,-1992,3648
[OTT] walkUs=8564 texUs=308 emitUs=3719 submitUs=1191 otherUs=3346 prims=1003 usPerPrim=8
[CHNK] n=4 s0=-1,6,st3 s1=0,6,st3 s2=0,0,st0 s3=0,0,st0
[FT] avgMs=33 worstMs=62 gameMs=14 drawMs=19 swapWait=0ms draws=483 decodes=0 decMs=0
[OTS] f=11520 calls=2 n0=3009 n1=58 prims=121780 bb=-3509,4729,-2494,3648
[OTT] walkUs=8140 texUs=310 emitUs=3613 submitUs=1068 otherUs=3148 prims=1000 usPerPrim=8
[FT] avgMs=33 worstMs=64 gameMs=14 drawMs=18 swapWait=0ms draws=454 decodes=0 decMs=0
[OTS] f=11640 calls=2 n0=3005 n1=58 prims=120271 bb=-2609,2917,-1979,3384
[OTT] walkUs=7930 texUs=306 emitUs=3608 submitUs=1036 otherUs=2979 prims=996 usPerPrim=7
[FT] avgMs=33 worstMs=61 gameMs=14 drawMs=19 swapWait=0ms draws=466 decodes=0 decMs=0
[OTS] f=11760 calls=2 n0=3070 n1=58 prims=124037 bb=-3533,3517,-2667,3391
[OTT] walkUs=8475 texUs=317 emitUs=3897 submitUs=1085 otherUs=3174 prims=1060 usPerPrim=7
[FT] avgMs=33 worstMs=70 gameMs=14 drawMs=18 swapWait=0ms draws=462 decodes=0 decMs=0
[OTS] f=11880 calls=2 n0=3004 n1=58 prims=120857 bb=-3602,3499,-2658,3384
[OTT] walkUs=8104 texUs=305 emitUs=3594 submitUs=1071 otherUs=3133 prims=996 usPerPrim=8
[SH-XBOX] vblank 12000
[MEM] tick: free=4016KB (1004 pages)
[FT] avgMs=33 worstMs=61 gameMs=14 drawMs=18 swapWait=0ms draws=449 decodes=0 decMs=0
[OTS] f=12000 calls=2 n0=3010 n1=58 prims=120302 bb=-2705,2935,-1909,3384
[OTT] walkUs=8071 texUs=308 emitUs=3620 submitUs=1053 otherUs=3088 prims=1003 usPerPrim=8
[CHNK] n=4 s0=-1,6,st3 s1=0,6,st3 s2=0,0,st0 s3=0,0,st0
[FT] avgMs=33 worstMs=69 gameMs=15 drawMs=18 swapWait=0ms draws=454 decodes=0 decMs=0
[OTS] f=12120 calls=2 n0=3009 n1=58 prims=120480 bb=-2699,2935,-1909,3378
[OTT] walkUs=7982 texUs=306 emitUs=3627 submitUs=1083 otherUs=2966 prims=1002 usPerPrim=7
[FT] avgMs=33 worstMs=62 gameMs=14 drawMs=18 swapWait=0ms draws=451 decodes=0 decMs=0
[OTS] f=12240 calls=2 n0=3009 n1=58 prims=120436 bb=-2699,2941,-1909,3378
[OTT] walkUs=8056 texUs=309 emitUs=3610 submitUs=1065 otherUs=3071 prims=1001 usPerPrim=8
[FOGST-GPU] clear=0xff000000
[SH-XBOX] GameState -> 19 (step 0)
[BOOT0/TIM] PostLoadTim file=1485 'HEROPIC2.TIM' ss=0x5bb6 img.u=12 img.v=103 tPage=1,31 clutX=224 clutY=13
[BOOT0/TIM] post ReadTIM: prect=0xfc671c caddr=0xfc6518 paddr=0xfc6724 mode=9
[BOOT0/TIM] pre pixel LoadImage rect=(972,359 52x152)
[BOOT0/TIM] pre CLUT LoadImage rect=(224,13 256x1)
[BOOT0/TIM] PostLoadTim done
[SH-XBOX] GameState -> 14 (step 0)
[ITEMPICK] map-pack link: slot=3 loadableIdx=0 nobj=34 obj=ok
[ITEMPICK] map-pack link: slot=4 loadableIdx=8 nobj=34 obj=ok
[ITEMPICK] map-pack link: slot=5 loadableIdx=15 nobj=34 obj=ok
[FT] avgMs=32 worstMs=117 gameMs=14 drawMs=17 swapWait=0ms draws=395 decodes=0 decMs=0
[OTS] f=12360 calls=2 n0=2298 n1=174 prims=110400 bb=-2699,3520,-1890,3378
[OTT] walkUs=1978 texUs=115 emitUs=665 submitUs=192 otherUs=1005 prims=340 usPerPrim=5
[FT] avgMs=16 worstMs=17 gameMs=11 drawMs=5 swapWait=0ms draws=68 decodes=0 decMs=0
[OTS] f=12480 calls=2 n0=2297 n1=274 prims=59630 bb=-320,3520,-25,745
[OTT] walkUs=2049 texUs=123 emitUs=674 submitUs=289 otherUs=963 prims=389 usPerPrim=5
[SH-XBOX] vblank 12600
[MEM] tick: free=4016KB (1004 pages)
[FT] avgMs=16 worstMs=47 gameMs=11 drawMs=5 swapWait=0ms draws=71 decodes=0 decMs=0
[OTS] f=12600 calls=2 n0=2302 n1=274 prims=61164 bb=160,1120,0,694
[OTT] walkUs=2097 texUs=126 emitUs=686 submitUs=213 otherUs=1072 prims=394 usPerPrim=5
[FT] avgMs=16 worstMs=43 gameMs=11 drawMs=5 swapWait=0ms draws=70 decodes=0 decMs=0
[OTS] f=12720 calls=2 n0=2295 n1=274 prims=61128 bb=160,1120,0,694
[OTT] walkUs=2125 texUs=123 emitUs=665 submitUs=384 otherUs=952 prims=387 usPerPrim=5
[FT] avgMs=16 worstMs=45 gameMs=11 drawMs=5 swapWait=0ms draws=70 decodes=0 decMs=0
[OTS] f=12840 calls=2 n0=2303 n1=274 prims=61061 bb=160,1120,0,694
[OTT] walkUs=2186 texUs=125 emitUs=693 submitUs=234 otherUs=1133 prims=395 usPerPrim=5
[FT] avgMs=16 worstMs=46 gameMs=11 drawMs=5 swapWait=0ms draws=71 decodes=0 decMs=0
[OTS] f=12960 calls=2 n0=2300 n1=274 prims=61313 bb=160,1120,0,694
[OTT] walkUs=2340 texUs=130 emitUs=681 submitUs=405 otherUs=1123 prims=392 usPerPrim=5
[FT] avgMs=16 worstMs=53 gameMs=11 drawMs=5 swapWait=0ms draws=70 decodes=0 decMs=0
[OTS] f=13080 calls=2 n0=2302 n1=274 prims=60907 bb=160,1120,0,694
[OTT] walkUs=2147 texUs=129 emitUs=682 submitUs=191 otherUs=1144 prims=394 usPerPrim=5
[SH-XBOX] vblank 13200
[MEM] tick: free=4016KB (1004 pages)
[FT] avgMs=16 worstMs=48 gameMs=11 drawMs=5 swapWait=0ms draws=71 decodes=0 decMs=0
[OTS] f=13200 calls=2 n0=2299 n1=274 prims=61317 bb=160,1120,0,694
[OTT] walkUs=2422 texUs=128 emitUs=676 submitUs=262 otherUs=1355 prims=391 usPerPrim=6
[FT] avgMs=16 worstMs=44 gameMs=11 drawMs=5 swapWait=0ms draws=70 decodes=0 decMs=0
[OTS] f=13320 calls=2 n0=2297 n1=274 prims=60989 bb=160,1120,0,694
[OTT] walkUs=2318 texUs=124 emitUs=664 submitUs=271 otherUs=1257 prims=389 usPerPrim=5
[FT] avgMs=16 worstMs=45 gameMs=11 drawMs=5 swapWait=0ms draws=70 decodes=0 decMs=0
[OTS] f=13440 calls=2 n0=2301 n1=274 prims=61243 bb=160,1120,0,694
[OTT] walkUs=2247 texUs=125 emitUs=685 submitUs=250 otherUs=1185 prims=393 usPerPrim=5
[RA] http POST http://retroachievements.org/dorequest.php
[NET] POST retroachievements.org -> 200 (16 bytes)
[RA] http -> status=200 bodyLen=16 body='{"Success":true}'
[FT] avgMs=21 worstMs=531 gameMs=11 drawMs=9 swapWait=0ms draws=71 decodes=0 decMs=0
[OTS] f=13560 calls=2 n0=2302 n1=274 prims=61017 bb=160,1120,0,694
[OTT] walkUs=1971 texUs=126 emitUs=687 submitUs=276 otherUs=881 prims=394 usPerPrim=5
[FT] avgMs=16 worstMs=53 gameMs=11 drawMs=5 swapWait=0ms draws=70 decodes=0 decMs=0
[OTS] f=13680 calls=2 n0=2298 n1=274 prims=61215 bb=160,1120,0,694
[OTT] walkUs=2232 texUs=123 emitUs=672 submitUs=285 otherUs=1150 prims=390 usPerPrim=5
[SH-XBOX] vblank 13800
[MEM] tick: free=4016KB (1004 pages)
[FT] avgMs=16 worstMs=49 gameMs=11 drawMs=5 swapWait=0ms draws=70 decodes=0 decMs=0
[OTS] f=13800 calls=2 n0=2298 n1=274 prims=61017 bb=160,1120,0,694
[OTT] walkUs=2451 texUs=122 emitUs=671 submitUs=389 otherUs=1267 prims=390 usPerPrim=6
[FT] avgMs=16 worstMs=45 gameMs=11 drawMs=5 swapWait=0ms draws=70 decodes=0 decMs=0
[OTS] f=13920 calls=2 n0=2302 n1=274 prims=61165 bb=160,1120,0,694
[OTT] walkUs=2202 texUs=125 emitUs=689 submitUs=192 otherUs=1193 prims=394 usPerPrim=5
[FT] avgMs=16 worstMs=46 gameMs=11 drawMs=5 swapWait=0ms draws=71 decodes=0 decMs=0
[OTS] f=14040 calls=2 n0=2300 n1=274 prims=61083 bb=160,1120,0,694
[OTT] walkUs=2245 texUs=125 emitUs=681 submitUs=254 otherUs=1184 prims=392 usPerPrim=5
[FT] avgMs=16 worstMs=53 gameMs=11 drawMs=5 swapWait=1ms draws=70 decodes=0 decMs=0
[OTS] f=14160 calls=2 n0=2301 n1=274 prims=61198 bb=160,1120,0,694
[OTT] walkUs=2056 texUs=126 emitUs=676 submitUs=402 otherUs=851 prims=393 usPerPrim=5
[FT] avgMs=16 worstMs=49 gameMs=11 drawMs=5 swapWait=0ms draws=70 decodes=0 decMs=0
[OTS] f=14280 calls=2 n0=2297 n1=274 prims=61078 bb=160,1120,0,694
[OTT] walkUs=2261 texUs=123 emitUs=675 submitUs=398 otherUs=1062 prims=389 usPerPrim=5
[SH-XBOX] vblank 14400
[MEM] tick: free=4016KB (1004 pages)
[FT] avgMs=16 worstMs=45 gameMs=11 drawMs=5 swapWait=1ms draws=71 decodes=0 decMs=0
[OTS] f=14400 calls=2 n0=2302 n1=274 prims=61171 bb=160,1120,0,694
[OTT] walkUs=2356 texUs=125 emitUs=690 submitUs=423 otherUs=1117 prims=394 usPerPrim=5
[FT] avgMs=16 worstMs=46 gameMs=11 drawMs=5 swapWait=0ms draws=70 decodes=0 decMs=0
[OTS] f=14520 calls=2 n0=2294 n1=274 prims=61088 bb=160,1120,0,694
[OTT] walkUs=2197 texUs=123 emitUs=660 submitUs=277 otherUs=1136 prims=386 usPerPrim=5
[FT] avgMs=16 worstMs=53 gameMs=11 drawMs=5 swapWait=0ms draws=70 decodes=0 decMs=0
[OTS] f=14640 calls=2 n0=2297 n1=274 prims=61118 bb=160,1120,0,694
[OTT] walkUs=2293 texUs=122 emitUs=670 submitUs=289 otherUs=1211 prims=389 usPerPrim=5
[FT] avgMs=17 worstMs=72 gameMs=11 drawMs=5 swapWait=0ms draws=71 decodes=0 decMs=0
[OTS] f=14760 calls=2 n0=2298 n1=274 prims=61295 bb=160,1120,0,694
[OTT] walkUs=2203 texUs=123 emitUs=678 submitUs=196 otherUs=1204 prims=390 usPerPrim=5
[FT] avgMs=16 worstMs=50 gameMs=11 drawMs=5 swapWait=0ms draws=70 decodes=0 decMs=0
[OTS] f=14880 calls=2 n0=2303 n1=274 prims=60926 bb=160,1120,0,694
[OTT] walkUs=2395 texUs=125 emitUs=692 submitUs=548 otherUs=1027 prims=395 usPerPrim=6
[SH-XBOX] vblank 15000
[MEM] tick: free=4016KB (1004 pages)
[FT] avgMs=16 worstMs=46 gameMs=11 drawMs=5 swapWait=0ms draws=71 decodes=0 decMs=0
[OTS] f=15000 calls=2 n0=2300 n1=274 prims=61295 bb=160,1120,0,694
[OTT] walkUs=1958 texUs=127 emitUs=678 submitUs=191 otherUs=961 prims=392 usPerPrim=4
[FT] avgMs=16 worstMs=53 gameMs=11 drawMs=5 swapWait=0ms draws=71 decodes=0 decMs=0
[OTS] f=15120 calls=2 n0=2300 n1=274 prims=61041 bb=160,1120,0,694
[OTT] walkUs=2163 texUs=125 emitUs=685 submitUs=266 otherUs=1085 prims=392 usPerPrim=5
[FT] avgMs=16 worstMs=48 gameMs=11 drawMs=5 swapWait=0ms draws=71 decodes=0 decMs=0
[OTS] f=15240 calls=2 n0=2301 n1=274 prims=61344 bb=160,1120,0,694
[OTT] walkUs=2156 texUs=125 emitUs=685 submitUs=271 otherUs=1074 prims=393 usPerPrim=5
[FT] avgMs=16 worstMs=44 gameMs=11 drawMs=5 swapWait=0ms draws=70 decodes=0 decMs=0
[OTS] f=15360 calls=2 n0=2301 n1=274 prims=60862 bb=160,1120,0,694
[OTT] walkUs=2142 texUs=124 emitUs=687 submitUs=178 otherUs=1151 prims=393 usPerPrim=5
[FT] avgMs=16 worstMs=46 gameMs=11 drawMs=5 swapWait=0ms draws=71 decodes=0 decMs=0
[OTS] f=15480 calls=2 n0=2302 n1=274 prims=61344 bb=160,1120,0,694
[OTT] walkUs=2444 texUs=125 emitUs=686 submitUs=461 otherUs=1172 prims=394 usPerPrim=6
[SH-XBOX] vblank 15600
[MEM] tick: free=4016KB (1004 pages)
[FT] avgMs=16 worstMs=53 gameMs=11 drawMs=5 swapWait=0ms draws=71 decodes=0 decMs=0
[OTS] f=15600 calls=2 n0=2299 n1=274 prims=61032 bb=160,1120,0,694
[OTT] walkUs=1994 texUs=127 emitUs=675 submitUs=354 otherUs=835 prims=391 usPerPrim=5
[FT] avgMs=16 worstMs=49 gameMs=11 drawMs=5 swapWait=1ms draws=70 decodes=0 decMs=0
[OTS] f=15720 calls=2 n0=2300 n1=274 prims=61181 bb=160,1120,0,694
[OTT] walkUs=2059 texUs=125 emitUs=679 submitUs=327 otherUs=927 prims=392 usPerPrim=5
[FT] avgMs=16 worstMs=44 gameMs=11 drawMs=5 swapWait=0ms draws=71 decodes=0 decMs=0
[OTS] f=15840 calls=2 n0=2298 n1=274 prims=61064 bb=160,1120,0,694
[OTT] walkUs=2114 texUs=123 emitUs=677 submitUs=333 otherUs=979 prims=390 usPerPrim=5
[FT] avgMs=16 worstMs=46 gameMs=11 drawMs=5 swapWait=0ms draws=70 decodes=0 decMs=0
[OTS] f=15960 calls=2 n0=2299 n1=274 prims=61195 bb=160,1120,0,694
[OTT] walkUs=2102 texUs=125 emitUs=677 submitUs=315 otherUs=984 prims=391 usPerPrim=5
[FT] avgMs=16 worstMs=53 gameMs=11 drawMs=5 swapWait=0ms draws=70 decodes=0 decMs=0
[OTS] f=16080 calls=2 n0=2298 n1=274 prims=61056 bb=160,1120,0,694
[OTT] walkUs=2217 texUs=135 emitUs=673 submitUs=369 otherUs=1039 prims=390 usPerPrim=5
[SH-XBOX] vblank 16200
[MEM] tick: free=4016KB (1004 pages)
[FT] avgMs=16 worstMs=49 gameMs=11 drawMs=5 swapWait=0ms draws=71 decodes=0 decMs=0
[OTS] f=16200 calls=2 n0=2304 n1=274 prims=61209 bb=160,1120,0,694
[OTT] walkUs=1995 texUs=126 emitUs=696 submitUs=206 otherUs=966 prims=396 usPerPrim=5
[FT] avgMs=16 worstMs=45 gameMs=11 drawMs=5 swapWait=0ms draws=70 decodes=0 decMs=0
[OTS] f=16320 calls=2 n0=2297 n1=274 prims=61048 bb=160,1120,0,694
[OTT] walkUs=1894 texUs=122 emitUs=671 submitUs=252 otherUs=846 prims=389 usPerPrim=4
[FT] avgMs=16 worstMs=46 gameMs=11 drawMs=5 swapWait=0ms draws=71 decodes=0 decMs=0
[OTS] f=16440 calls=2 n0=2301 n1=274 prims=61168 bb=160,1120,0,694
[OTT] walkUs=2147 texUs=124 emitUs=680 submitUs=277 otherUs=1066 prims=393 usPerPrim=5
[FT] avgMs=16 worstMs=52 gameMs=11 drawMs=5 swapWait=0ms draws=70 decodes=0 decMs=0
[OTS] f=16560 calls=2 n0=2297 n1=274 prims=61125 bb=160,1120,0,694
[OTT] walkUs=2206 texUs=122 emitUs=676 submitUs=517 otherUs=889 prims=389 usPerPrim=5
[FT] avgMs=16 worstMs=48 gameMs=11 drawMs=5 swapWait=0ms draws=71 decodes=0 decMs=0
[OTS] f=16680 calls=2 n0=2303 n1=274 prims=61089 bb=160,1120,0,694
[OTT] walkUs=2276 texUs=129 emitUs=684 submitUs=431 otherUs=1031 prims=395 usPerPrim=5
[SH-XBOX] vblank 16800
[MEM] tick: free=4016KB (1004 pages)
[FT] avgMs=16 worstMs=44 gameMs=11 drawMs=5 swapWait=0ms draws=70 decodes=0 decMs=0
[OTS] f=16800 calls=2 n0=2298 n1=274 prims=61214 bb=160,1120,0,694
[OTT] walkUs=2163 texUs=124 emitUs=677 submitUs=254 otherUs=1106 prims=390 usPerPrim=5
[FT] avgMs=16 worstMs=45 gameMs=11 drawMs=5 swapWait=0ms draws=70 decodes=0 decMs=0
[OTS] f=16920 calls=2 n0=2301 n1=274 prims=60995 bb=160,1120,0,694
[OTT] walkUs=2274 texUs=124 emitUs=682 submitUs=190 otherUs=1276 prims=393 usPerPrim=5
[FT] avgMs=16 worstMs=53 gameMs=11 drawMs=5 swapWait=1ms draws=71 decodes=0 decMs=0
[OTS] f=17040 calls=2 n0=2299 n1=274 prims=61329 bb=160,1120,0,694
[OTT] walkUs=2322 texUs=127 emitUs=676 submitUs=275 otherUs=1243 prims=391 usPerPrim=5
[FT] avgMs=16 worstMs=48 gameMs=11 drawMs=5 swapWait=0ms draws=70 decodes=0 decMs=0
[OTS] f=17160 calls=2 n0=2300 n1=274 prims=60873 bb=160,1120,0,694
[OTT] walkUs=2400 texUs=124 emitUs=686 submitUs=188 otherUs=1400 prims=392 usPerPrim=6
[FT] avgMs=16 worstMs=44 gameMs=11 drawMs=5 swapWait=1ms draws=71 decodes=0 decMs=0
[OTS] f=17280 calls=2 n0=2301 n1=274 prims=61329 bb=160,1120,0,694
[OTT] walkUs=2245 texUs=124 emitUs=681 submitUs=199 otherUs=1240 prims=393 usPerPrim=5
[SH-XBOX] vblank 17400
[MEM] tick: free=4016KB (1004 pages)
[FT] avgMs=16 worstMs=45 gameMs=11 drawMs=5 swapWait=0ms draws=71 decodes=0 decMs=0
[OTS] f=17400 calls=2 n0=2302 n1=274 prims=61048 bb=160,1120,0,694
[OTT] walkUs=2343 texUs=125 emitUs=683 submitUs=373 otherUs=1161 prims=394 usPerPrim=5
[FT] avgMs=16 worstMs=53 gameMs=11 drawMs=5 swapWait=1ms draws=70 decodes=0 decMs=0
[OTS] f=17520 calls=2 n0=2300 n1=274 prims=61188 bb=160,1120,0,694
[OTT] walkUs=2015 texUs=125 emitUs=682 submitUs=230 otherUs=977 prims=392 usPerPrim=5
[FT] avgMs=16 worstMs=48 gameMs=11 drawMs=5 swapWait=0ms draws=71 decodes=0 decMs=0
[OTS] f=17640 calls=2 n0=2299 n1=274 prims=61021 bb=160,1120,0,694
[OTT] walkUs=2205 texUs=124 emitUs=680 submitUs=290 otherUs=1110 prims=391 usPerPrim=5
[FT] avgMs=16 worstMs=44 gameMs=11 drawMs=5 swapWait=1ms draws=71 decodes=0 decMs=0
[OTS] f=17760 calls=2 n0=2302 n1=274 prims=61285 bb=160,1120,0,694
[OTT] walkUs=2213 texUs=126 emitUs=682 submitUs=179 otherUs=1225 prims=394 usPerPrim=5
[FT] avgMs=16 worstMs=46 gameMs=11 drawMs=5 swapWait=0ms draws=71 decodes=0 decMs=0
[OTS] f=17880 calls=2 n0=2300 n1=274 prims=61113 bb=160,1120,0,694
[OTT] walkUs=2008 texUs=125 emitUs=678 submitUs=193 otherUs=1011 prims=392 usPerPrim=5
[SH-XBOX] vblank 18000
[MEM] tick: free=4016KB (1004 pages)
[FT] avgMs=16 worstMs=52 gameMs=11 drawMs=5 swapWait=0ms draws=70 decodes=0 decMs=0
[OTS] f=18000 calls=2 n0=2303 n1=274 prims=61108 bb=160,1120,0,694
[OTT] walkUs=1925 texUs=126 emitUs=701 submitUs=272 otherUs=824 prims=395 usPerPrim=4
[FT] avgMs=16 worstMs=48 gameMs=11 drawMs=5 swapWait=0ms draws=71 decodes=0 decMs=0
[OTS] f=18120 calls=2 n0=2297 n1=274 prims=61138 bb=160,1120,0,694
[OTT] walkUs=2191 texUs=123 emitUs=679 submitUs=178 otherUs=1210 prims=389 usPerPrim=5
[FT] avgMs=16 worstMs=43 gameMs=11 drawMs=5 swapWait=0ms draws=70 decodes=0 decMs=0
[OTS] f=18240 calls=2 n0=2299 n1=274 prims=61175 bb=160,1120,0,694
[OTT] walkUs=2037 texUs=124 emitUs=669 submitUs=428 otherUs=814 prims=391 usPerPrim=5
[FT] avgMs=16 worstMs=46 gameMs=11 drawMs=5 swapWait=0ms draws=70 decodes=0 decMs=0
[OTS] f=18360 calls=2 n0=2296 n1=274 prims=61104 bb=160,1120,0,694
[OTT] walkUs=2109 texUs=122 emitUs=672 submitUs=185 otherUs=1128 prims=388 usPerPrim=5
[FT] avgMs=16 worstMs=52 gameMs=11 drawMs=5 swapWait=0ms draws=71 decodes=0 decMs=0
[OTS] f=18480 calls=2 n0=2298 n1=274 prims=61125 bb=160,1120,0,694
[OTT] walkUs=2379 texUs=122 emitUs=676 submitUs=337 otherUs=1242 prims=390 usPerPrim=6
[SH-XBOX] vblank 18600
[MEM] tick: free=4016KB (1004 pages)
[FT] avgMs=16 worstMs=48 gameMs=11 drawMs=5 swapWait=0ms draws=70 decodes=0 decMs=0
[OTS] f=18600 calls=2 n0=2296 n1=274 prims=61181 bb=160,1120,0,694
[OTT] walkUs=2004 texUs=124 emitUs=667 submitUs=279 otherUs=933 prims=388 usPerPrim=5
[FT] avgMs=16 worstMs=44 gameMs=11 drawMs=5 swapWait=0ms draws=70 decodes=0 decMs=0
[OTS] f=18720 calls=2 n0=2302 n1=274 prims=61034 bb=160,1120,0,694
[OTT] walkUs=2093 texUs=124 emitUs=680 submitUs=442 otherUs=845 prims=394 usPerPrim=5
[FT] avgMs=16 worstMs=44 gameMs=11 drawMs=5 swapWait=0ms draws=71 decodes=0 decMs=0
[OTS] f=18840 calls=2 n0=2300 n1=274 prims=61303 bb=160,1120,0,694
[OTT] walkUs=2150 texUs=124 emitUs=678 submitUs=564 otherUs=783 prims=392 usPerPrim=5
[FT] avgMs=16 worstMs=53 gameMs=11 drawMs=5 swapWait=0ms draws=70 decodes=0 decMs=0
[OTS] f=18960 calls=2 n0=2301 n1=274 prims=60899 bb=160,1120,0,694
[OTT] walkUs=2432 texUs=124 emitUs=684 submitUs=184 otherUs=1438 prims=393 usPerPrim=6
[FT] avgMs=16 worstMs=48 gameMs=11 drawMs=5 swapWait=0ms draws=70 decodes=0 decMs=0
[OTS] f=19080 calls=2 n0=2299 n1=274 prims=61307 bb=160,1120,0,694
[OTT] walkUs=1883 texUs=124 emitUs=671 submitUs=193 otherUs=893 prims=391 usPerPrim=4
[SH-XBOX] vblank 19200
[MEM] tick: free=4016KB (1004 pages)
[FT] avgMs=16 worstMs=44 gameMs=11 drawMs=5 swapWait=0ms draws=70 decodes=0 decMs=0
[OTS] f=19200 calls=2 n0=2301 n1=274 prims=60914 bb=160,1120,0,694
[OTT] walkUs=2228 texUs=124 emitUs=689 submitUs=195 otherUs=1219 prims=393 usPerPrim=5
[FT] avgMs=16 worstMs=45 gameMs=11 drawMs=5 swapWait=0ms draws=71 decodes=0 decMs=0
[OTS] f=19320 calls=2 n0=2302 n1=274 prims=61344 bb=160,1120,0,694
[OTT] walkUs=2220 texUs=125 emitUs=682 submitUs=494 otherUs=917 prims=394 usPerPrim=5
[FT] avgMs=16 worstMs=53 gameMs=11 drawMs=5 swapWait=0ms draws=70 decodes=0 decMs=0
[OTS] f=19440 calls=2 n0=2298 n1=274 prims=60904 bb=160,1120,0,694
[OTT] walkUs=2250 texUs=124 emitUs=672 submitUs=338 otherUs=1114 prims=390 usPerPrim=5
[FT] avgMs=16 worstMs=48 gameMs=11 drawMs=5 swapWait=0ms draws=70 decodes=0 decMs=0
[OTS] f=19560 calls=2 n0=2299 n1=274 prims=61281 bb=160,1120,0,694
[OTT] walkUs=2200 texUs=124 emitUs=679 submitUs=196 otherUs=1199 prims=391 usPerPrim=5
[FT] avgMs=16 worstMs=43 gameMs=11 drawMs=5 swapWait=0ms draws=71 decodes=0 decMs=0
[OTS] f=19680 calls=2 n0=2298 n1=274 prims=61092 bb=160,1120,0,694
[OTT] walkUs=2178 texUs=122 emitUs=674 submitUs=292 otherUs=1088 prims=390 usPerPrim=5
[SH-XBOX] vblank 19800
[MEM] tick: free=4016KB (1004 pages)
[FT] avgMs=16 worstMs=45 gameMs=11 drawMs=5 swapWait=0ms draws=70 decodes=0 decMs=0
[OTS] f=19800 calls=2 n0=2301 n1=274 prims=61121 bb=160,1120,0,694
[OTT] walkUs=2331 texUs=126 emitUs=683 submitUs=195 otherUs=1326 prims=393 usPerPrim=5
[FT] avgMs=16 worstMs=52 gameMs=11 drawMs=5 swapWait=0ms draws=71 decodes=0 decMs=0
[OTS] f=19920 calls=2 n0=2298 n1=274 prims=61100 bb=160,1120,0,694
[OTT] walkUs=2332 texUs=123 emitUs=673 submitUs=230 otherUs=1304 prims=390 usPerPrim=5
[FT] avgMs=16 worstMs=48 gameMs=11 drawMs=5 swapWait=0ms draws=70 decodes=0 decMs=0
[OTS] f=20040 calls=2 n0=2301 n1=274 prims=61201 bb=160,1120,0,694
[OTT] walkUs=2340 texUs=126 emitUs=675 submitUs=184 otherUs=1355 prims=393 usPerPrim=5
[FT] avgMs=16 worstMs=43 gameMs=11 drawMs=5 swapWait=0ms draws=70 decodes=0 decMs=0
[OTS] f=20160 calls=2 n0=2297 n1=274 prims=61086 bb=160,1120,0,694
[OTT] walkUs=2251 texUs=123 emitUs=676 submitUs=200 otherUs=1251 prims=389 usPerPrim=5
[FT] avgMs=16 worstMs=45 gameMs=11 drawMs=5 swapWait=0ms draws=71 decodes=0 decMs=0
[OTS] f=20280 calls=2 n0=2302 n1=274 prims=61162 bb=160,1120,0,694
[OTT] walkUs=2457 texUs=126 emitUs=683 submitUs=421 otherUs=1225 prims=394 usPerPrim=6
[SH-XBOX] vblank 20400
[MEM] tick: free=4016KB (1004 pages)
[FT] avgMs=16 worstMs=52 gameMs=11 drawMs=5 swapWait=0ms draws=71 decodes=0 decMs=0
[OTS] f=20400 calls=2 n0=2297 n1=274 prims=61229 bb=160,1120,0,694
[OTT] walkUs=1972 texUs=123 emitUs=680 submitUs=188 otherUs=980 prims=389 usPerPrim=5
[FT] avgMs=16 worstMs=48 gameMs=11 drawMs=5 swapWait=1ms draws=71 decodes=0 decMs=0
[OTS] f=20520 calls=2 n0=2302 n1=274 prims=61113 bb=160,1120,0,694
[OTT] walkUs=2002 texUs=126 emitUs=687 submitUs=190 otherUs=998 prims=394 usPerPrim=5
[FT] avgMs=16 worstMs=44 gameMs=11 drawMs=5 swapWait=0ms draws=70 decodes=0 decMs=0
[OTS] f=20640 calls=2 n0=2300 n1=274 prims=61159 bb=160,1120,0,694
[OTT] walkUs=2268 texUs=123 emitUs=684 submitUs=300 otherUs=1159 prims=392 usPerPrim=5
[FT] avgMs=16 worstMs=45 gameMs=11 drawMs=5 swapWait=0ms draws=71 decodes=0 decMs=0
[OTS] f=20760 calls=2 n0=2302 n1=274 prims=61037 bb=160,1120,0,694
[OTT] walkUs=1978 texUs=125 emitUs=688 submitUs=222 otherUs=942 prims=394 usPerPrim=5
[FT] avgMs=16 worstMs=52 gameMs=11 drawMs=5 swapWait=0ms draws=70 decodes=0 decMs=0
[OTS] f=20880 calls=2 n0=2297 n1=274 prims=61280 bb=160,1120,0,694
[OTT] walkUs=1990 texUs=123 emitUs=667 submitUs=253 otherUs=945 prims=389 usPerPrim=5
[SH-XBOX] vblank 21000
[MEM] tick: free=4016KB (1004 pages)
[FT] avgMs=16 worstMs=48 gameMs=11 drawMs=5 swapWait=0ms draws=70 decodes=0 decMs=0
[OTS] f=21000 calls=2 n0=2300 n1=274 prims=60941 bb=160,1120,0,694
[OTT] walkUs=1996 texUs=123 emitUs=682 submitUs=196 otherUs=993 prims=392 usPerPrim=5
[FT] avgMs=16 worstMs=44 gameMs=11 drawMs=5 swapWait=0ms draws=71 decodes=0 decMs=0
[OTS] f=21120 calls=2 n0=2301 n1=274 prims=61329 bb=160,1120,0,694
[OTT] walkUs=2232 texUs=124 emitUs=680 submitUs=278 otherUs=1149 prims=393 usPerPrim=5
[FT] avgMs=16 worstMs=45 gameMs=11 drawMs=5 swapWait=0ms draws=70 decodes=0 decMs=0
[OTS] f=21240 calls=2 n0=2300 n1=274 prims=60900 bb=160,1120,0,694
[OTT] walkUs=2087 texUs=124 emitUs=676 submitUs=331 otherUs=954 prims=392 usPerPrim=5
[FT] avgMs=16 worstMs=52 gameMs=11 drawMs=5 swapWait=0ms draws=70 decodes=0 decMs=0
[OTS] f=21360 calls=2 n0=2299 n1=274 prims=61312 bb=160,1120,0,694
[OTT] walkUs=2046 texUs=123 emitUs=677 submitUs=202 otherUs=1042 prims=391 usPerPrim=5
[FT] avgMs=16 worstMs=47 gameMs=11 drawMs=5 swapWait=0ms draws=71 decodes=0 decMs=0
[OTS] f=21480 calls=2 n0=2299 n1=274 prims=61046 bb=160,1120,0,694
[OTT] walkUs=2093 texUs=124 emitUs=680 submitUs=501 otherUs=786 prims=391 usPerPrim=5
[SH-XBOX] vblank 21600
[MEM] tick: free=4016KB (1004 pages)
[FT] avgMs=16 worstMs=43 gameMs=11 drawMs=5 swapWait=0ms draws=70 decodes=0 decMs=0
[OTS] f=21600 calls=2 n0=2302 n1=274 prims=61156 bb=160,1120,0,694
[OTT] walkUs=2151 texUs=125 emitUs=690 submitUs=234 otherUs=1100 prims=394 usPerPrim=5
[FT] avgMs=16 worstMs=45 gameMs=11 drawMs=5 swapWait=0ms draws=70 decodes=0 decMs=0
[OTS] f=21720 calls=2 n0=2298 n1=274 prims=61029 bb=160,1120,0,694
[OTT] walkUs=2382 texUs=125 emitUs=668 submitUs=538 otherUs=1050 prims=390 usPerPrim=6
[FT] avgMs=16 worstMs=47 gameMs=11 drawMs=5 swapWait=0ms draws=70 decodes=0 decMs=0
[OTS] f=21840 calls=2 n0=2302 n1=274 prims=61180 bb=160,1120,0,694
[OTT] walkUs=2012 texUs=125 emitUs=685 submitUs=331 otherUs=869 prims=394 usPerPrim=5
[FT] avgMs=16 worstMs=53 gameMs=11 drawMs=5 swapWait=0ms draws=71 decodes=0 decMs=0
[OTS] f=21960 calls=2 n0=2297 n1=274 prims=61150 bb=160,1120,0,694
[OTT] walkUs=2123 texUs=123 emitUs=677 submitUs=201 otherUs=1121 prims=389 usPerPrim=5
[FT] avgMs=16 worstMs=49 gameMs=11 drawMs=5 swapWait=0ms draws=70 decodes=0 decMs=0
[OTS] f=22080 calls=2 n0=2302 n1=274 prims=61043 bb=160,1120,0,694
[OTT] walkUs=2119 texUs=125 emitUs=687 submitUs=347 otherUs=958 prims=394 usPerPrim=5
[SH-XBOX] vblank 22200
[MEM] tick: free=4016KB (1004 pages)
[FT] avgMs=16 worstMs=44 gameMs=11 drawMs=5 swapWait=0ms draws=71 decodes=0 decMs=0
[OTS] f=22200 calls=2 n0=2296 n1=274 prims=61206 bb=160,1120,0,694
[OTT] walkUs=2225 texUs=122 emitUs=669 submitUs=269 otherUs=1163 prims=388 usPerPrim=5
[FT] avgMs=16 worstMs=46 gameMs=11 drawMs=5 swapWait=0ms draws=71 decodes=0 decMs=0
[OTS] f=22320 calls=2 n0=2298 n1=274 prims=61155 bb=160,1120,0,694
[OTT] walkUs=2515 texUs=126 emitUs=674 submitUs=539 otherUs=1174 prims=390 usPerPrim=6
[FT] avgMs=16 worstMs=54 gameMs=11 drawMs=5 swapWait=0ms draws=70 decodes=0 decMs=0
[OTS] f=22440 calls=2 n0=2298 n1=274 prims=61139 bb=160,1120,0,694
[OTT] walkUs=2282 texUs=124 emitUs=675 submitUs=300 otherUs=1181 prims=390 usPerPrim=5
[FT] avgMs=16 worstMs=49 gameMs=11 drawMs=5 swapWait=0ms draws=71 decodes=0 decMs=0
[OTS] f=22560 calls=2 n0=2303 n1=274 prims=61053 bb=160,1120,0,694
[OTT] walkUs=2370 texUs=125 emitUs=686 submitUs=506 otherUs=1052 prims=395 usPerPrim=6
[FT] avgMs=17 worstMs=68 gameMs=11 drawMs=5 swapWait=0ms draws=70 decodes=0 decMs=0
[OTS] f=22680 calls=2 n0=2298 n1=274 prims=61241 bb=160,1120,0,694
[OTT] walkUs=2349 texUs=124 emitUs=669 submitUs=191 otherUs=1364 prims=390 usPerPrim=6
[SH-XBOX] vblank 22800
[MEM] tick: free=4016KB (1004 pages)
[FT] avgMs=16 worstMs=46 gameMs=11 drawMs=5 swapWait=0ms draws=70 decodes=0 decMs=0
[OTS] f=22800 calls=2 n0=2301 n1=274 prims=60983 bb=160,1120,0,694
[OTT] walkUs=2139 texUs=124 emitUs=688 submitUs=352 otherUs=974 prims=393 usPerPrim=5
[FT] avgMs=16 worstMs=53 gameMs=11 drawMs=5 swapWait=0ms draws=71 decodes=0 decMs=0
[OTS] f=22920 calls=2 n0=2301 n1=274 prims=61329 bb=160,1120,0,694
[OTT] walkUs=2406 texUs=124 emitUs=680 submitUs=583 otherUs=1016 prims=393 usPerPrim=6
[FT] avgMs=16 worstMs=49 gameMs=11 drawMs=5 swapWait=0ms draws=71 decodes=0 decMs=0
[OTS] f=23040 calls=2 n0=2301 n1=274 prims=60990 bb=160,1120,0,694
[OTT] walkUs=2385 texUs=125 emitUs=684 submitUs=407 otherUs=1168 prims=393 usPerPrim=6
[FT] avgMs=16 worstMs=44 gameMs=11 drawMs=5 swapWait=0ms draws=71 decodes=0 decMs=0
[OTS] f=23160 calls=2 n0=2301 n1=274 prims=61355 bb=160,1120,0,694
[OTT] walkUs=2014 texUs=124 emitUs=686 submitUs=195 otherUs=1006 prims=393 usPerPrim=5
[FT] avgMs=16 worstMs=46 gameMs=11 drawMs=5 swapWait=0ms draws=70 decodes=0 decMs=0
[OTS] f=23280 calls=2 n0=2300 n1=274 prims=60898 bb=160,1120,0,694
[OTT] walkUs=2245 texUs=125 emitUs=682 submitUs=416 otherUs=1021 prims=392 usPerPrim=5
[SH-XBOX] vblank 23400
[MEM] tick: free=4016KB (1004 pages)
[FT] avgMs=16 worstMs=53 gameMs=11 drawMs=5 swapWait=0ms draws=71 decodes=0 decMs=0
[OTS] f=23400 calls=2 n0=2300 n1=274 prims=61305 bb=160,1120,0,694
[OTT] walkUs=2275 texUs=123 emitUs=678 submitUs=188 otherUs=1284 prims=392 usPerPrim=5
[FT] avgMs=16 worstMs=49 gameMs=11 drawMs=5 swapWait=0ms draws=70 decodes=0 decMs=0
[OTS] f=23520 calls=2 n0=2296 n1=274 prims=60994 bb=160,1120,0,694
[OTT] walkUs=2023 texUs=123 emitUs=664 submitUs=275 otherUs=960 prims=388 usPerPrim=5
[FT] avgMs=16 worstMs=45 gameMs=11 drawMs=5 swapWait=0ms draws=70 decodes=0 decMs=0
[OTS] f=23640 calls=2 n0=2300 n1=274 prims=61213 bb=160,1120,0,694
[OTT] walkUs=2067 texUs=123 emitUs=679 submitUs=191 otherUs=1072 prims=392 usPerPrim=5
[FT] avgMs=16 worstMs=46 gameMs=11 drawMs=5 swapWait=0ms draws=71 decodes=0 decMs=0
[OTS] f=23760 calls=2 n0=2298 n1=274 prims=61108 bb=160,1120,0,694
[OTT] walkUs=2181 texUs=123 emitUs=677 submitUs=311 otherUs=1068 prims=390 usPerPrim=5
[FT] avgMs=16 worstMs=54 gameMs=11 drawMs=5 swapWait=0ms draws=70 decodes=0 decMs=0
[OTS] f=23880 calls=2 n0=2304 n1=274 prims=61081 bb=160,1120,0,694
[OTT] walkUs=2139 texUs=125 emitUs=689 submitUs=177 otherUs=1146 prims=396 usPerPrim=5
[SH-XBOX] vblank 24000
[MEM] tick: free=4016KB (1004 pages)
[FT] avgMs=16 worstMs=49 gameMs=11 drawMs=5 swapWait=0ms draws=71 decodes=0 decMs=0
[OTS] f=24000 calls=2 n0=2297 n1=274 prims=61176 bb=160,1120,0,694
[OTT] walkUs=2112 texUs=123 emitUs=671 submitUs=267 otherUs=1051 prims=389 usPerPrim=5
[FT] avgMs=16 worstMs=45 gameMs=11 drawMs=5 swapWait=0ms draws=71 decodes=0 decMs=0
[OTS] f=24120 calls=2 n0=2302 n1=274 prims=61192 bb=160,1120,0,694
[OTT] walkUs=2200 texUs=125 emitUs=687 submitUs=185 otherUs=1202 prims=394 usPerPrim=5
[FT] avgMs=16 worstMs=45 gameMs=11 drawMs=5 swapWait=0ms draws=70 decodes=0 decMs=0
[OTS] f=24240 calls=2 n0=2297 n1=274 prims=61101 bb=160,1120,0,694
[OTT] walkUs=2135 texUs=122 emitUs=674 submitUs=336 otherUs=1001 prims=389 usPerPrim=5
[FT] avgMs=16 worstMs=53 gameMs=11 drawMs=5 swapWait=0ms draws=70 decodes=0 decMs=0
[OTS] f=24360 calls=2 n0=2301 n1=274 prims=61001 bb=160,1120,0,694
[OTT] walkUs=2152 texUs=126 emitUs=679 submitUs=372 otherUs=974 prims=393 usPerPrim=5
[FT] avgMs=16 worstMs=49 gameMs=11 drawMs=5 swapWait=0ms draws=70 decodes=0 decMs=0
[OTS] f=24480 calls=2 n0=2299 n1=274 prims=61243 bb=160,1120,0,694
[OTT] walkUs=2261 texUs=124 emitUs=689 submitUs=456 otherUs=990 prims=391 usPerPrim=5
[SH-XBOX] vblank 24600
[MEM] tick: free=4016KB (1004 pages)
[FT] avgMs=16 worstMs=45 gameMs=11 drawMs=5 swapWait=0ms draws=71 decodes=0 decMs=0
[OTS] f=24600 calls=2 n0=2302 n1=274 prims=61063 bb=160,1120,0,694
[OTT] walkUs=2109 texUs=125 emitUs=686 submitUs=298 otherUs=999 prims=394 usPerPrim=5
[FT] avgMs=16 worstMs=46 gameMs=11 drawMs=5 swapWait=0ms draws=70 decodes=0 decMs=0
[OTS] f=24720 calls=2 n0=2299 n1=274 prims=61189 bb=160,1120,0,694
[OTT] walkUs=2157 texUs=124 emitUs=701 submitUs=313 otherUs=1018 prims=391 usPerPrim=5
[FT] avgMs=16 worstMs=53 gameMs=11 drawMs=5 swapWait=0ms draws=71 decodes=0 decMs=0
[OTS] f=24840 calls=2 n0=2300 n1=274 prims=61003 bb=160,1120,0,694
[OTT] walkUs=2158 texUs=125 emitUs=682 submitUs=198 otherUs=1151 prims=392 usPerPrim=5
[FT] avgMs=16 worstMs=49 gameMs=11 drawMs=5 swapWait=1ms draws=70 decodes=0 decMs=0
[OTS] f=24960 calls=2 n0=2298 n1=274 prims=61338 bb=160,1120,0,694
[OTT] walkUs=2287 texUs=124 emitUs=670 submitUs=193 otherUs=1299 prims=390 usPerPrim=5
[FT] avgMs=16 worstMs=45 gameMs=11 drawMs=5 swapWait=0ms draws=70 decodes=0 decMs=0
[OTS] f=25080 calls=2 n0=2302 n1=274 prims=60912 bb=160,1120,0,694
[OTT] walkUs=2286 texUs=125 emitUs=682 submitUs=356 otherUs=1121 prims=394 usPerPrim=5
[SH-XBOX] vblank 25200
[MEM] tick: free=4016KB (1004 pages)
[FT] avgMs=16 worstMs=46 gameMs=11 drawMs=5 swapWait=1ms draws=71 decodes=0 decMs=0
[OTS] f=25200 calls=2 n0=2300 n1=274 prims=61316 bb=160,1120,0,694
[OTT] walkUs=2358 texUs=125 emitUs=679 submitUs=194 otherUs=1358 prims=392 usPerPrim=6
[FT] avgMs=16 worstMs=53 gameMs=11 drawMs=5 swapWait=0ms draws=70 decodes=0 decMs=0
[OTS] f=25320 calls=2 n0=2297 n1=274 prims=60936 bb=160,1120,0,694
[OTT] walkUs=2382 texUs=124 emitUs=674 submitUs=462 otherUs=1120 prims=389 usPerPrim=6
[FT] avgMs=16 worstMs=49 gameMs=11 drawMs=5 swapWait=0ms draws=70 decodes=0 decMs=0
[OTS] f=25440 calls=2 n0=2301 n1=274 prims=61268 bb=160,1120,0,694
[OTT] walkUs=2338 texUs=127 emitUs=677 submitUs=185 otherUs=1348 prims=393 usPerPrim=5
[FT] avgMs=16 worstMs=44 gameMs=11 drawMs=5 swapWait=0ms draws=71 decodes=0 decMs=0
[OTS] f=25560 calls=2 n0=2300 n1=274 prims=61087 bb=160,1120,0,694
[OTT] walkUs=1802 texUs=123 emitUs=678 submitUs=188 otherUs=812 prims=392 usPerPrim=4
[FT] avgMs=16 worstMs=46 gameMs=11 drawMs=5 swapWait=0ms draws=71 decodes=0 decMs=0
[OTS] f=25680 calls=2 n0=2303 n1=274 prims=61237 bb=160,1120,0,694
[OTT] walkUs=2267 texUs=125 emitUs=689 submitUs=252 otherUs=1199 prims=395 usPerPrim=5
[SH-XBOX] vblank 25800
[MEM] tick: free=4016KB (1004 pages)
[FT] avgMs=16 worstMs=53 gameMs=11 drawMs=5 swapWait=0ms draws=70 decodes=0 decMs=0
[OTS] f=25800 calls=2 n0=2295 n1=274 prims=61115 bb=160,1120,0,694
[OTT] walkUs=1977 texUs=122 emitUs=662 submitUs=294 otherUs=899 prims=387 usPerPrim=5
[FT] avgMs=16 worstMs=48 gameMs=11 drawMs=5 swapWait=0ms draws=70 decodes=0 decMs=0
[OTS] f=25920 calls=2 n0=2302 n1=274 prims=61095 bb=160,1120,0,694
[OTT] walkUs=1996 texUs=124 emitUs=687 submitUs=298 otherUs=885 prims=394 usPerPrim=5
[FT] avgMs=16 worstMs=44 gameMs=11 drawMs=5 swapWait=0ms draws=71 decodes=0 decMs=0
[OTS] f=26040 calls=2 n0=2296 n1=274 prims=61206 bb=160,1120,0,694
[OTT] walkUs=2013 texUs=122 emitUs=676 submitUs=418 otherUs=796 prims=388 usPerPrim=5
[FT] avgMs=16 worstMs=45 gameMs=11 drawMs=5 swapWait=0ms draws=70 decodes=0 decMs=0
[OTS] f=26160 calls=2 n0=2296 n1=274 prims=61023 bb=160,1120,0,694
[OTT] walkUs=1912 texUs=126 emitUs=665 submitUs=304 otherUs=816 prims=388 usPerPrim=4
[FT] avgMs=16 worstMs=53 gameMs=11 drawMs=5 swapWait=0ms draws=70 decodes=0 decMs=0
[OTS] f=26280 calls=2 n0=2297 n1=274 prims=61247 bb=160,1120,0,694
[OTT] walkUs=2210 texUs=122 emitUs=671 submitUs=175 otherUs=1240 prims=389 usPerPrim=5
[SH-XBOX] vblank 26400
[MEM] tick: free=4016KB (1004 pages)
[FT] avgMs=16 worstMs=48 gameMs=11 drawMs=5 swapWait=0ms draws=71 decodes=0 decMs=0
[OTS] f=26400 calls=2 n0=2303 n1=274 prims=61077 bb=160,1120,0,694
[OTT] walkUs=2208 texUs=126 emitUs=688 submitUs=301 otherUs=1092 prims=395 usPerPrim=5
[FT] avgMs=16 worstMs=45 gameMs=11 drawMs=5 swapWait=0ms draws=70 decodes=0 decMs=0
[OTS] f=26520 calls=2 n0=2300 n1=274 prims=61167 bb=160,1120,0,694
[OTT] walkUs=1926 texUs=124 emitUs=678 submitUs=220 otherUs=901 prims=392 usPerPrim=4
[FT] avgMs=16 worstMs=45 gameMs=11 drawMs=5 swapWait=0ms draws=71 decodes=0 decMs=0
[OTS] f=26640 calls=2 n0=2301 n1=274 prims=61026 bb=160,1120,0,694
[OTT] walkUs=2137 texUs=124 emitUs=686 submitUs=499 otherUs=827 prims=393 usPerPrim=5
[FT] avgMs=16 worstMs=53 gameMs=11 drawMs=5 swapWait=0ms draws=70 decodes=0 decMs=0
[OTS] f=26760 calls=2 n0=2298 n1=274 prims=61325 bb=160,1120,0,694
[OTT] walkUs=1906 texUs=124 emitUs=668 submitUs=191 otherUs=920 prims=390 usPerPrim=4
[FT] avgMs=16 worstMs=49 gameMs=11 drawMs=5 swapWait=0ms draws=70 decodes=0 decMs=0
[OTS] f=26880 calls=2 n0=2301 n1=274 prims=60896 bb=160,1120,0,694
[OTT] walkUs=1961 texUs=124 emitUs=683 submitUs=184 otherUs=969 prims=393 usPerPrim=4
[SH-XBOX] vblank 27000
[MEM] tick: free=4016KB (1004 pages)
[FT] avgMs=16 worstMs=44 gameMs=11 drawMs=5 swapWait=0ms draws=70 decodes=0 decMs=0
[OTS] f=27000 calls=2 n0=2300 n1=274 prims=61227 bb=160,1120,0,694
[OTT] walkUs=2024 texUs=127 emitUs=674 submitUs=196 otherUs=1025 prims=392 usPerPrim=5
[FT] avgMs=16 worstMs=46 gameMs=11 drawMs=5 swapWait=0ms draws=70 decodes=0 decMs=0
[OTS] f=27120 calls=2 n0=2300 n1=274 prims=60996 bb=160,1120,0,694
[OTT] walkUs=2197 texUs=124 emitUs=685 submitUs=424 otherUs=961 prims=392 usPerPrim=5
[FT] avgMs=16 worstMs=53 gameMs=11 drawMs=5 swapWait=0ms draws=71 decodes=0 decMs=0
[OTS] f=27240 calls=2 n0=2300 n1=274 prims=61336 bb=160,1120,0,694
[OTT] walkUs=2143 texUs=125 emitUs=684 submitUs=194 otherUs=1139 prims=392 usPerPrim=5
[FT] avgMs=16 worstMs=49 gameMs=11 drawMs=5 swapWait=0ms draws=70 decodes=0 decMs=0
[OTS] f=27360 calls=2 n0=2298 n1=274 prims=60936 bb=160,1120,0,694
[OTT] walkUs=2193 texUs=123 emitUs=677 submitUs=292 otherUs=1100 prims=390 usPerPrim=5
[FT] avgMs=16 worstMs=44 gameMs=11 drawMs=5 swapWait=0ms draws=71 decodes=0 decMs=0
[OTS] f=27480 calls=2 n0=2301 n1=274 prims=61249 bb=160,1120,0,694
[OTT] walkUs=2206 texUs=124 emitUs=681 submitUs=304 otherUs=1097 prims=393 usPerPrim=5
[SH-XBOX] vblank 27600
[MEM] tick: free=4016KB (1004 pages)
[FT] avgMs=16 worstMs=46 gameMs=11 drawMs=5 swapWait=0ms draws=70 decodes=0 decMs=0
[OTS] f=27600 calls=2 n0=2296 n1=274 prims=61062 bb=160,1120,0,694
[OTT] walkUs=2098 texUs=123 emitUs=668 submitUs=256 otherUs=1049 prims=388 usPerPrim=5
[FT] avgMs=16 worstMs=52 gameMs=11 drawMs=5 swapWait=0ms draws=70 decodes=0 decMs=0
[OTS] f=27720 calls=2 n0=2304 n1=274 prims=61149 bb=160,1120,0,694
[OTT] walkUs=2240 texUs=126 emitUs=688 submitUs=213 otherUs=1212 prims=396 usPerPrim=5
[FT] avgMs=16 worstMs=48 gameMs=11 drawMs=5 swapWait=0ms draws=71 decodes=0 decMs=0
[OTS] f=27840 calls=2 n0=2297 n1=274 prims=61176 bb=160,1120,0,694
[OTT] walkUs=2298 texUs=123 emitUs=679 submitUs=478 otherUs=1016 prims=389 usPerPrim=5
[FT] avgMs=16 worstMs=44 gameMs=11 drawMs=5 swapWait=0ms draws=70 decodes=0 decMs=0
[OTS] f=27960 calls=2 n0=2300 n1=274 prims=61044 bb=160,1120,0,694
[OTT] walkUs=2344 texUs=125 emitUs=678 submitUs=187 otherUs=1353 prims=392 usPerPrim=5
[FT] avgMs=16 worstMs=46 gameMs=11 drawMs=5 swapWait=0ms draws=70 decodes=0 decMs=0
[OTS] f=28080 calls=2 n0=2296 n1=274 prims=61229 bb=160,1120,0,694
[OTT] walkUs=2201 texUs=122 emitUs=670 submitUs=296 otherUs=1112 prims=388 usPerPrim=5
[SH-XBOX] vblank 28200
[MEM] tick: free=4016KB (1004 pages)
[FT] avgMs=16 worstMs=53 gameMs=11 drawMs=5 swapWait=0ms draws=71 decodes=0 decMs=0
[OTS] f=28200 calls=2 n0=2303 n1=274 prims=61107 bb=160,1120,0,694
[OTT] walkUs=2219 texUs=125 emitUs=688 submitUs=474 otherUs=929 prims=395 usPerPrim=5
[FT] avgMs=16 worstMs=48 gameMs=11 drawMs=5 swapWait=0ms draws=71 decodes=0 decMs=0
[OTS] f=28320 calls=2 n0=2300 n1=274 prims=61283 bb=160,1120,0,694
[OTT] walkUs=2336 texUs=124 emitUs=682 submitUs=202 otherUs=1327 prims=392 usPerPrim=5
[FT] avgMs=16 worstMs=44 gameMs=11 drawMs=5 swapWait=0ms draws=70 decodes=0 decMs=0
[OTS] f=28440 calls=2 n0=2300 n1=274 prims=60981 bb=160,1120,0,694
[OTT] walkUs=2129 texUs=124 emitUs=678 submitUs=261 otherUs=1065 prims=392 usPerPrim=5
[FT] avgMs=16 worstMs=45 gameMs=11 drawMs=5 swapWait=0ms draws=70 decodes=0 decMs=0
[OTS] f=28560 calls=2 n0=2298 n1=274 prims=61265 bb=160,1120,0,694
[OTT] walkUs=1948 texUs=125 emitUs=671 submitUs=182 otherUs=968 prims=390 usPerPrim=4
[FT] avgMs=16 worstMs=53 gameMs=11 drawMs=5 swapWait=0ms draws=71 decodes=0 decMs=0
[OTS] f=28680 calls=2 n0=2300 n1=274 prims=61009 bb=160,1120,0,694
[OTT] walkUs=2267 texUs=124 emitUs=682 submitUs=472 otherUs=987 prims=392 usPerPrim=5
[SH-XBOX] vblank 28800
[MEM] tick: free=4016KB (1004 pages)
[FT] avgMs=16 worstMs=48 gameMs=11 drawMs=5 swapWait=0ms draws=70 decodes=0 decMs=0
[OTS] f=28800 calls=2 n0=2301 n1=274 prims=61201 bb=160,1120,0,694
[OTT] walkUs=2066 texUs=124 emitUs=685 submitUs=231 otherUs=1025 prims=393 usPerPrim=5
[FT] avgMs=16 worstMs=44 gameMs=11 drawMs=5 swapWait=0ms draws=71 decodes=0 decMs=0
[OTS] f=28920 calls=2 n0=2302 n1=274 prims=61020 bb=160,1120,0,694
[OTT] walkUs=1945 texUs=124 emitUs=687 submitUs=285 otherUs=848 prims=394 usPerPrim=4
[FT] avgMs=16 worstMs=45 gameMs=11 drawMs=5 swapWait=0ms draws=71 decodes=0 decMs=0
[OTS] f=29040 calls=2 n0=2300 n1=274 prims=61347 bb=160,1120,0,694
[OTT] walkUs=2166 texUs=124 emitUs=684 submitUs=378 otherUs=978 prims=392 usPerPrim=5
[FT] avgMs=16 worstMs=53 gameMs=11 drawMs=5 swapWait=0ms draws=70 decodes=0 decMs=0
[OTS] f=29160 calls=2 n0=2299 n1=274 prims=60894 bb=160,1120,0,694
[OTT] walkUs=2156 texUs=124 emitUs=678 submitUs=218 otherUs=1135 prims=391 usPerPrim=5
[FT] avgMs=16 worstMs=49 gameMs=11 drawMs=5 swapWait=0ms draws=71 decodes=0 decMs=0
[OTS] f=29280 calls=2 n0=2302 n1=274 prims=61284 bb=160,1120,0,694
[OTT] walkUs=2170 texUs=128 emitUs=685 submitUs=215 otherUs=1141 prims=394 usPerPrim=5
[SH-XBOX] vblank 29400
[MEM] tick: free=4016KB (1004 pages)
[FT] avgMs=16 worstMs=44 gameMs=11 drawMs=5 swapWait=0ms draws=70 decodes=0 decMs=0
[OTS] f=29400 calls=2 n0=2297 n1=274 prims=61031 bb=160,1120,0,694
[OTT] walkUs=1899 texUs=125 emitUs=668 submitUs=199 otherUs=906 prims=389 usPerPrim=4
[FT] avgMs=16 worstMs=46 gameMs=11 drawMs=5 swapWait=0ms draws=70 decodes=0 decMs=0
[OTS] f=29520 calls=2 n0=2303 n1=274 prims=61191 bb=160,1120,0,694
[OTT] walkUs=2210 texUs=125 emitUs=688 submitUs=181 otherUs=1214 prims=395 usPerPrim=5
[FT] avgMs=16 worstMs=53 gameMs=11 drawMs=5 swapWait=0ms draws=70 decodes=0 decMs=0
[OTS] f=29640 calls=2 n0=2297 n1=274 prims=61009 bb=160,1120,0,694
[OTT] walkUs=2089 texUs=126 emitUs=674 submitUs=477 otherUs=810 prims=389 usPerPrim=5
[FT] avgMs=16 worstMs=49 gameMs=11 drawMs=5 swapWait=0ms draws=71 decodes=0 decMs=0
[OTS] f=29760 calls=2 n0=2302 n1=274 prims=61172 bb=160,1120,0,694
[OTT] walkUs=2031 texUs=125 emitUs=684 submitUs=215 otherUs=1006 prims=394 usPerPrim=5
[FT] avgMs=16 worstMs=44 gameMs=11 drawMs=5 swapWait=0ms draws=71 decodes=0 decMs=0
[OTS] f=29880 calls=2 n0=2295 n1=274 prims=61219 bb=160,1120,0,694
[OTT] walkUs=2140 texUs=122 emitUs=665 submitUs=365 otherUs=987 prims=387 usPerPrim=5
[SH-XBOX] vblank 30000
[MEM] tick: free=4016KB (1004 pages)
[FT] avgMs=16 worstMs=46 gameMs=11 drawMs=5 swapWait=0ms draws=70 decodes=0 decMs=0
[OTS] f=30000 calls=2 n0=2298 n1=274 prims=61013 bb=160,1120,0,694
[OTT] walkUs=2012 texUs=126 emitUs=675 submitUs=209 otherUs=1000 prims=390 usPerPrim=5
[FT] avgMs=16 worstMs=53 gameMs=11 drawMs=5 swapWait=0ms draws=71 decodes=0 decMs=0
[OTS] f=30120 calls=2 n0=2298 n1=274 prims=61267 bb=160,1120,0,694
[OTT] walkUs=2302 texUs=123 emitUs=682 submitUs=413 otherUs=1084 prims=390 usPerPrim=5
[FT] avgMs=16 worstMs=48 gameMs=11 drawMs=5 swapWait=0ms draws=70 decodes=0 decMs=0
[OTS] f=30240 calls=2 n0=2301 n1=274 prims=60983 bb=160,1120,0,694
[OTT] walkUs=2221 texUs=126 emitUs=684 submitUs=290 otherUs=1120 prims=393 usPerPrim=5
[FT] avgMs=16 worstMs=44 gameMs=11 drawMs=5 swapWait=0ms draws=70 decodes=0 decMs=0
[OTS] f=30360 calls=2 n0=2299 n1=274 prims=61263 bb=160,1120,0,694
[OTT] walkUs=2269 texUs=128 emitUs=675 submitUs=190 otherUs=1274 prims=391 usPerPrim=5
[FT] avgMs=17 worstMs=68 gameMs=11 drawMs=5 swapWait=0ms draws=71 decodes=0 decMs=0
[OTS] f=30480 calls=2 n0=2301 n1=274 prims=61030 bb=160,1120,0,694
[OTT] walkUs=2380 texUs=125 emitUs=688 submitUs=492 otherUs=1074 prims=393 usPerPrim=6
[SH-XBOX] vblank 30600
[MEM] tick: free=4016KB (1004 pages)
[FT] avgMs=16 worstMs=47 gameMs=11 drawMs=5 swapWait=0ms draws=70 decodes=0 decMs=0
[OTS] f=30600 calls=2 n0=2301 n1=274 prims=61201 bb=160,1120,0,694
[OTT] walkUs=2335 texUs=125 emitUs=684 submitUs=193 otherUs=1333 prims=393 usPerPrim=5
[FT] avgMs=16 worstMs=42 gameMs=11 drawMs=5 swapWait=0ms draws=71 decodes=0 decMs=0
[OTS] f=30720 calls=2 n0=2301 n1=274 prims=60989 bb=160,1120,0,694
[OTT] walkUs=2365 texUs=129 emitUs=681 submitUs=242 otherUs=1311 prims=393 usPerPrim=6
[FT] avgMs=16 worstMs=44 gameMs=11 drawMs=5 swapWait=0ms draws=71 decodes=0 decMs=0
[OTS] f=30840 calls=2 n0=2302 n1=274 prims=61375 bb=160,1120,0,694
[OTT] walkUs=2338 texUs=125 emitUs=686 submitUs=190 otherUs=1336 prims=394 usPerPrim=5
[FT] avgMs=16 worstMs=45 gameMs=11 drawMs=5 swapWait=0ms draws=71 decodes=0 decMs=0
[OTS] f=30960 calls=2 n0=2300 n1=274 prims=61006 bb=160,1120,0,694
[OTT] walkUs=2043 texUs=124 emitUs=682 submitUs=270 otherUs=966 prims=392 usPerPrim=5
[FT] avgMs=16 worstMs=53 gameMs=11 drawMs=5 swapWait=1ms draws=70 decodes=0 decMs=0
[OTS] f=31080 calls=2 n0=2298 n1=274 prims=61220 bb=160,1120,0,694
[OTT] walkUs=1938 texUs=124 emitUs=672 submitUs=174 otherUs=966 prims=390 usPerPrim=4
[SH-XBOX] vblank 31200
[MEM] tick: free=4016KB (1004 pages)
[FT] avgMs=16 worstMs=48 gameMs=11 drawMs=5 swapWait=0ms draws=70 decodes=0 decMs=0
[OTS] f=31200 calls=2 n0=2297 n1=274 prims=61028 bb=160,1120,0,694
[OTT] walkUs=2193 texUs=122 emitUs=674 submitUs=371 otherUs=1025 prims=389 usPerPrim=5
[FT] avgMs=16 worstMs=44 gameMs=11 drawMs=5 swapWait=0ms draws=71 decodes=0 decMs=0
[OTS] f=31320 calls=2 n0=2301 n1=274 prims=61273 bb=160,1120,0,694
[OTT] walkUs=2083 texUs=124 emitUs=680 submitUs=192 otherUs=1084 prims=393 usPerPrim=5
[FT] avgMs=16 worstMs=46 gameMs=11 drawMs=5 swapWait=0ms draws=70 decodes=0 decMs=0
[OTS] f=31440 calls=2 n0=2298 n1=274 prims=60973 bb=160,1120,0,694
[OTT] walkUs=2194 texUs=123 emitUs=677 submitUs=188 otherUs=1204 prims=390 usPerPrim=5
[FT] avgMs=16 worstMs=52 gameMs=11 drawMs=5 swapWait=0ms draws=71 decodes=0 decMs=0
[OTS] f=31560 calls=2 n0=2304 n1=274 prims=61209 bb=160,1120,0,694
[OTT] walkUs=2167 texUs=125 emitUs=691 submitUs=240 otherUs=1110 prims=396 usPerPrim=5
[FT] avgMs=16 worstMs=48 gameMs=11 drawMs=5 swapWait=0ms draws=70 decodes=0 decMs=0
[OTS] f=31680 calls=2 n0=2294 n1=274 prims=61188 bb=160,1120,0,694
[OTT] walkUs=2193 texUs=122 emitUs=660 submitUs=175 otherUs=1235 prims=386 usPerPrim=5
[SH-XBOX] vblank 31800
[MEM] tick: free=4016KB (1004 pages)
[FT] avgMs=16 worstMs=43 gameMs=11 drawMs=5 swapWait=0ms draws=70 decodes=0 decMs=0
[OTS] f=31800 calls=2 n0=2302 n1=274 prims=61052 bb=160,1120,0,694
[OTT] walkUs=1997 texUs=125 emitUs=683 submitUs=190 otherUs=997 prims=394 usPerPrim=5
[FT] avgMs=16 worstMs=46 gameMs=11 drawMs=5 swapWait=1ms draws=71 decodes=0 decMs=0
[OTS] f=31920 calls=2 n0=2297 n1=274 prims=61229 bb=160,1120,0,694
[OTT] walkUs=2043 texUs=122 emitUs=675 submitUs=195 otherUs=1050 prims=389 usPerPrim=5
[FT] avgMs=16 worstMs=52 gameMs=11 drawMs=5 swapWait=0ms draws=70 decodes=0 decMs=0
[OTS] f=32040 calls=2 n0=2301 n1=274 prims=61001 bb=160,1120,0,694
[OTT] walkUs=2042 texUs=126 emitUs=678 submitUs=444 otherUs=793 prims=393 usPerPrim=5
[FT] avgMs=16 worstMs=48 gameMs=11 drawMs=5 swapWait=0ms draws=70 decodes=0 decMs=0
[OTS] f=32160 calls=2 n0=2300 n1=274 prims=61271 bb=160,1120,0,694
[OTT] walkUs=2052 texUs=124 emitUs=676 submitUs=200 otherUs=1051 prims=392 usPerPrim=5
[FT] avgMs=16 worstMs=44 gameMs=11 drawMs=5 swapWait=0ms draws=70 decodes=0 decMs=0
[OTS] f=32280 calls=2 n0=2302 n1=274 prims=60907 bb=160,1120,0,694
[OTT] walkUs=2161 texUs=124 emitUs=686 submitUs=329 otherUs=1020 prims=394 usPerPrim=5
[SH-XBOX] vblank 32400
[MEM] tick: free=4016KB (1004 pages)
[FT] avgMs=16 worstMs=46 gameMs=11 drawMs=5 swapWait=0ms draws=71 decodes=0 decMs=0
[OTS] f=32400 calls=2 n0=2299 n1=274 prims=61317 bb=160,1120,0,694
[OTT] walkUs=2032 texUs=124 emitUs=681 submitUs=240 otherUs=985 prims=391 usPerPrim=5
[FT] avgMs=16 worstMs=53 gameMs=11 drawMs=5 swapWait=0ms draws=70 decodes=0 decMs=0
[OTS] f=32520 calls=2 n0=2298 n1=274 prims=60979 bb=160,1120,0,694
[OTT] walkUs=2057 texUs=125 emitUs=671 submitUs=260 otherUs=1000 prims=390 usPerPrim=5
[FT] avgMs=16 worstMs=48 gameMs=11 drawMs=5 swapWait=0ms draws=70 decodes=0 decMs=0
[OTS] f=32640 calls=2 n0=2301 n1=274 prims=61253 bb=160,1120,0,694
[OTT] walkUs=2153 texUs=124 emitUs=684 submitUs=345 otherUs=998 prims=393 usPerPrim=5
[FT] avgMs=16 worstMs=44 gameMs=11 drawMs=5 swapWait=0ms draws=71 decodes=0 decMs=0
[OTS] f=32760 calls=2 n0=2302 n1=274 prims=61018 bb=160,1120,0,694
[OTT] walkUs=2314 texUs=125 emitUs=689 submitUs=451 otherUs=1048 prims=394 usPerPrim=5
[FT] avgMs=16 worstMs=45 gameMs=11 drawMs=5 swapWait=0ms draws=70 decodes=0 decMs=0
[OTS] f=32880 calls=2 n0=2298 n1=274 prims=61214 bb=160,1120,0,694
[OTT] walkUs=2215 texUs=127 emitUs=668 submitUs=188 otherUs=1231 prims=390 usPerPrim=5
[SH-XBOX] vblank 33000
[MEM] tick: free=4016KB (1004 pages)
[FT] avgMs=16 worstMs=53 gameMs=11 drawMs=5 swapWait=0ms draws=70 decodes=0 decMs=0
[OTS] f=33000 calls=2 n0=2298 n1=274 prims=61008 bb=160,1120,0,694
[OTT] walkUs=2083 texUs=123 emitUs=672 submitUs=236 otherUs=1051 prims=390 usPerPrim=5
[FT] avgMs=16 worstMs=47 gameMs=11 drawMs=5 swapWait=0ms draws=71 decodes=0 decMs=0
[OTS] f=33120 calls=2 n0=2302 n1=274 prims=61305 bb=160,1120,0,694
[OTT] walkUs=2298 texUs=126 emitUs=688 submitUs=195 otherUs=1289 prims=394 usPerPrim=5
[FT] avgMs=16 worstMs=44 gameMs=11 drawMs=5 swapWait=1ms draws=70 decodes=0 decMs=0
[OTS] f=33240 calls=2 n0=2300 n1=274 prims=60955 bb=160,1120,0,694
[OTT] walkUs=2285 texUs=123 emitUs=686 submitUs=331 otherUs=1143 prims=392 usPerPrim=5
[FT] avgMs=16 worstMs=45 gameMs=11 drawMs=5 swapWait=0ms draws=71 decodes=0 decMs=0
[OTS] f=33360 calls=2 n0=2303 n1=274 prims=61237 bb=160,1120,0,694
[OTT] walkUs=2441 texUs=124 emitUs=691 submitUs=439 otherUs=1185 prims=395 usPerPrim=6
[FT] avgMs=16 worstMs=53 gameMs=11 drawMs=5 swapWait=0ms draws=71 decodes=0 decMs=0
[OTS] f=33480 calls=2 n0=2296 n1=274 prims=61159 bb=160,1120,0,694
[OTT] walkUs=2306 texUs=122 emitUs=669 submitUs=245 otherUs=1269 prims=388 usPerPrim=5
[SH-XBOX] vblank 33600
[MEM] tick: free=4016KB (1004 pages)
[FT] avgMs=16 worstMs=48 gameMs=11 drawMs=5 swapWait=0ms draws=71 decodes=0 decMs=0
[OTS] f=33600 calls=2 n0=2302 n1=274 prims=61180 bb=160,1120,0,694
[OTT] walkUs=2391 texUs=125 emitUs=686 submitUs=389 otherUs=1191 prims=394 usPerPrim=6
[FT] avgMs=16 worstMs=43 gameMs=11 drawMs=5 swapWait=0ms draws=70 decodes=0 decMs=0
[OTS] f=33720 calls=2 n0=2294 n1=274 prims=61087 bb=160,1120,0,694
[OTT] walkUs=2055 texUs=121 emitUs=662 submitUs=361 otherUs=909 prims=386 usPerPrim=5
[FT] avgMs=16 worstMs=45 gameMs=11 drawMs=5 swapWait=0ms draws=70 decodes=0 decMs=0
[OTS] f=33840 calls=2 n0=2298 n1=274 prims=61116 bb=160,1120,0,694
[OTT] walkUs=2209 texUs=122 emitUs=679 submitUs=427 otherUs=979 prims=390 usPerPrim=5
[FT] avgMs=16 worstMs=52 gameMs=11 drawMs=5 swapWait=0ms draws=71 decodes=0 decMs=0
[OTS] f=33960 calls=2 n0=2298 n1=274 prims=61296 bb=160,1120,0,694
[OTT] walkUs=2097 texUs=123 emitUs=674 submitUs=178 otherUs=1122 prims=390 usPerPrim=5
[FT] avgMs=16 worstMs=48 gameMs=11 drawMs=5 swapWait=0ms draws=70 decodes=0 decMs=0
[OTS] f=34080 calls=2 n0=2303 n1=274 prims=60925 bb=160,1120,0,694
[OTT] walkUs=2167 texUs=125 emitUs=685 submitUs=331 otherUs=1025 prims=395 usPerPrim=5
[SH-XBOX] vblank 34200
[MEM] tick: free=4016KB (1004 pages)
[FT] avgMs=16 worstMs=44 gameMs=11 drawMs=5 swapWait=0ms draws=71 decodes=0 decMs=0
[OTS] f=34200 calls=2 n0=2300 n1=274 prims=61295 bb=160,1120,0,694
[OTT] walkUs=2002 texUs=124 emitUs=685 submitUs=396 otherUs=795 prims=392 usPerPrim=5
[FT] avgMs=16 worstMs=45 gameMs=11 drawMs=5 swapWait=1ms draws=70 decodes=0 decMs=0
[OTS] f=34320 calls=2 n0=2298 n1=274 prims=60990 bb=160,1120,0,694
[OTT] walkUs=2039 texUs=127 emitUs=667 submitUs=178 otherUs=1065 prims=390 usPerPrim=5
[FT] avgMs=16 worstMs=52 gameMs=11 drawMs=5 swapWait=0ms draws=70 decodes=0 decMs=0
[OTS] f=34440 calls=2 n0=2301 n1=274 prims=61267 bb=160,1120,0,694
[OTT] walkUs=2022 texUs=124 emitUs=685 submitUs=192 otherUs=1019 prims=393 usPerPrim=5
[FT] avgMs=16 worstMs=48 gameMs=11 drawMs=5 swapWait=0ms draws=71 decodes=0 decMs=0
[OTS] f=34560 calls=2 n0=2301 n1=274 prims=60989 bb=160,1120,0,694
[OTT] walkUs=2034 texUs=128 emitUs=681 submitUs=212 otherUs=1012 prims=393 usPerPrim=5
[FT] avgMs=16 worstMs=44 gameMs=11 drawMs=5 swapWait=0ms draws=70 decodes=0 decMs=0
[OTS] f=34680 calls=2 n0=2300 n1=274 prims=61227 bb=160,1120,0,694
[OTT] walkUs=2120 texUs=129 emitUs=674 submitUs=276 otherUs=1040 prims=392 usPerPrim=5
[SH-XBOX] vblank 34800
[MEM] tick: free=4016KB (1004 pages)
[FT] avgMs=16 worstMs=45 gameMs=11 drawMs=5 swapWait=0ms draws=70 decodes=0 decMs=0
[OTS] f=34800 calls=2 n0=2299 n1=274 prims=61009 bb=160,1120,0,694
[OTT] walkUs=1934 texUs=124 emitUs=684 submitUs=371 otherUs=754 prims=391 usPerPrim=4
[FT] avgMs=16 worstMs=53 gameMs=11 drawMs=5 swapWait=0ms draws=70 decodes=0 decMs=0
[OTS] f=34920 calls=2 n0=2300 n1=274 prims=61194 bb=160,1120,0,694
[OTT] walkUs=2192 texUs=124 emitUs=682 submitUs=398 otherUs=987 prims=392 usPerPrim=5
[FT] avgMs=16 worstMs=48 gameMs=11 drawMs=5 swapWait=0ms draws=71 decodes=0 decMs=0
[OTS] f=35040 calls=2 n0=2298 n1=274 prims=61064 bb=160,1120,0,694
[OTT] walkUs=2104 texUs=127 emitUs=674 submitUs=229 otherUs=1073 prims=390 usPerPrim=5
[FT] avgMs=16 worstMs=44 gameMs=11 drawMs=5 swapWait=1ms draws=70 decodes=0 decMs=0
[OTS] f=35160 calls=2 n0=2299 n1=274 prims=61195 bb=160,1120,0,694
[OTT] walkUs=2129 texUs=124 emitUs=676 submitUs=449 otherUs=878 prims=391 usPerPrim=5
[FT] avgMs=16 worstMs=45 gameMs=11 drawMs=5 swapWait=0ms draws=70 decodes=0 decMs=0
[OTS] f=35280 calls=2 n0=2297 n1=274 prims=61053 bb=160,1120,0,694
[OTT] walkUs=2419 texUs=123 emitUs=678 submitUs=390 otherUs=1227 prims=389 usPerPrim=6
[SH-XBOX] vblank 35400
[MEM] tick: free=4016KB (1004 pages)
[FT] avgMs=16 worstMs=52 gameMs=11 drawMs=5 swapWait=0ms draws=71 decodes=0 decMs=0
[OTS] f=35400 calls=2 n0=2304 n1=274 prims=61213 bb=160,1120,0,694
[OTT] walkUs=1994 texUs=129 emitUs=692 submitUs=218 otherUs=953 prims=396 usPerPrim=5
[FT] avgMs=16 worstMs=48 gameMs=11 drawMs=5 swapWait=0ms draws=70 decodes=0 decMs=0
[OTS] f=35520 calls=2 n0=2297 n1=274 prims=61049 bb=160,1120,0,694
[OTT] walkUs=2198 texUs=123 emitUs=675 submitUs=427 otherUs=972 prims=389 usPerPrim=5
[FT] avgMs=16 worstMs=44 gameMs=11 drawMs=5 swapWait=0ms draws=71 decodes=0 decMs=0
[OTS] f=35640 calls=2 n0=2302 n1=274 prims=61162 bb=160,1120,0,694
[OTT] walkUs=2272 texUs=125 emitUs=686 submitUs=191 otherUs=1268 prims=394 usPerPrim=5
[FT] avgMs=16 worstMs=45 gameMs=11 drawMs=5 swapWait=0ms draws=71 decodes=0 decMs=0
[OTS] f=35760 calls=2 n0=2297 n1=274 prims=61259 bb=160,1120,0,694
[OTT] walkUs=2281 texUs=123 emitUs=675 submitUs=230 otherUs=1252 prims=389 usPerPrim=5
[FT] avgMs=16 worstMs=52 gameMs=11 drawMs=5 swapWait=0ms draws=70 decodes=0 decMs=0
[OTS] f=35880 calls=2 n0=2303 n1=274 prims=60959 bb=160,1120,0,694
[OTT] walkUs=2245 texUs=125 emitUs=688 submitUs=296 otherUs=1135 prims=395 usPerPrim=5
[SH-XBOX] vblank 36000
[MEM] tick: free=4016KB (1004 pages)
[FT] avgMs=16 worstMs=48 gameMs=11 drawMs=5 swapWait=0ms draws=71 decodes=0 decMs=0
[OTS] f=36000 calls=2 n0=2300 n1=274 prims=61283 bb=160,1120,0,694
[OTT] walkUs=2188 texUs=124 emitUs=682 submitUs=198 otherUs=1182 prims=392 usPerPrim=5
[FT] avgMs=16 worstMs=43 gameMs=11 drawMs=5 swapWait=0ms draws=71 decodes=0 decMs=0
[OTS] f=36120 calls=2 n0=2301 n1=274 prims=61041 bb=160,1120,0,694
[OTT] walkUs=2347 texUs=124 emitUs=678 submitUs=328 otherUs=1216 prims=393 usPerPrim=5
[FT] avgMs=16 worstMs=44 gameMs=11 drawMs=5 swapWait=1ms draws=71 decodes=0 decMs=0
[OTS] f=36240 calls=2 n0=2299 n1=274 prims=61341 bb=160,1120,0,694
[OTT] walkUs=2224 texUs=124 emitUs=677 submitUs=279 otherUs=1142 prims=391 usPerPrim=5
[FT] avgMs=16 worstMs=52 gameMs=11 drawMs=5 swapWait=0ms draws=70 decodes=0 decMs=0
[OTS] f=36360 calls=2 n0=2300 n1=274 prims=60873 bb=160,1120,0,694
[OTT] walkUs=2395 texUs=128 emitUs=684 submitUs=436 otherUs=1147 prims=392 usPerPrim=6
[FT] avgMs=16 worstMs=48 gameMs=11 drawMs=5 swapWait=0ms draws=71 decodes=0 decMs=0
[OTS] f=36480 calls=2 n0=2301 n1=274 prims=61329 bb=160,1120,0,694
[OTT] walkUs=2097 texUs=124 emitUs=683 submitUs=175 otherUs=1114 prims=393 usPerPrim=5
[SH-XBOX] vblank 36600
[MEM] tick: free=4016KB (1004 pages)
[FT] avgMs=16 worstMs=44 gameMs=11 drawMs=5 swapWait=0ms draws=71 decodes=0 decMs=0
[OTS] f=36600 calls=2 n0=2301 n1=274 prims=61036 bb=160,1120,0,694
[OTT] walkUs=2310 texUs=124 emitUs=683 submitUs=418 otherUs=1083 prims=393 usPerPrim=5
[FT] avgMs=16 worstMs=45 gameMs=11 drawMs=5 swapWait=0ms draws=70 decodes=0 decMs=0
[OTS] f=36720 calls=2 n0=2300 n1=274 prims=61200 bb=160,1120,0,694
[OTT] walkUs=2097 texUs=128 emitUs=678 submitUs=174 otherUs=1115 prims=392 usPerPrim=5
[FT] avgMs=16 worstMs=51 gameMs=11 drawMs=5 swapWait=0ms draws=71 decodes=0 decMs=0
[OTS] f=36840 calls=2 n0=2299 n1=274 prims=61022 bb=160,1120,0,694
[OTT] walkUs=2238 texUs=124 emitUs=681 submitUs=313 otherUs=1120 prims=391 usPerPrim=5
[FT] avgMs=16 worstMs=48 gameMs=11 drawMs=5 swapWait=0ms draws=70 decodes=0 decMs=0
[OTS] f=36960 calls=2 n0=2300 n1=274 prims=61214 bb=160,1120,0,694
[OTT] walkUs=1855 texUs=125 emitUs=677 submitUs=192 otherUs=859 prims=392 usPerPrim=4
[FT] avgMs=16 worstMs=44 gameMs=11 drawMs=5 swapWait=0ms draws=70 decodes=0 decMs=0
[OTS] f=37080 calls=2 n0=2300 n1=274 prims=61055 bb=160,1120,0,694
[OTT] walkUs=2429 texUs=124 emitUs=681 submitUs=286 otherUs=1336 prims=392 usPerPrim=6
[SH-XBOX] vblank 37200
[MEM] tick: free=4016KB (1004 pages)
[FT] avgMs=16 worstMs=45 gameMs=11 drawMs=5 swapWait=0ms draws=71 decodes=0 decMs=0
[OTS] f=37200 calls=2 n0=2303 n1=274 prims=61239 bb=160,1120,0,694
[OTT] walkUs=2017 texUs=126 emitUs=694 submitUs=301 otherUs=894 prims=395 usPerPrim=5
[FT] avgMs=16 worstMs=53 gameMs=11 drawMs=5 swapWait=0ms draws=70 decodes=0 decMs=0
[OTS] f=37320 calls=2 n0=2297 n1=274 prims=61010 bb=160,1120,0,694
[OTT] walkUs=2064 texUs=123 emitUs=671 submitUs=189 otherUs=1080 prims=389 usPerPrim=5
[FT] avgMs=16 worstMs=47 gameMs=11 drawMs=5 swapWait=0ms draws=70 decodes=0 decMs=0
[OTS] f=37440 calls=2 n0=2300 n1=274 prims=61166 bb=160,1120,0,694
[OTT] walkUs=2250 texUs=124 emitUs=678 submitUs=188 otherUs=1258 prims=392 usPerPrim=5
[FT] avgMs=16 worstMs=43 gameMs=11 drawMs=5 swapWait=0ms draws=70 decodes=0 decMs=0
[OTS] f=37560 calls=2 n0=2296 n1=274 prims=61113 bb=160,1120,0,694
[OTT] walkUs=2049 texUs=122 emitUs=670 submitUs=288 otherUs=968 prims=388 usPerPrim=5
[FT] avgMs=16 worstMs=45 gameMs=11 drawMs=5 swapWait=0ms draws=71 decodes=0 decMs=0
[OTS] f=37680 calls=2 n0=2298 n1=274 prims=61126 bb=160,1120,0,694
[OTT] walkUs=2239 texUs=123 emitUs=676 submitUs=319 otherUs=1119 prims=390 usPerPrim=5
[SH-XBOX] vblank 37800
[MEM] tick: free=4016KB (1004 pages)
[FT] avgMs=16 worstMs=52 gameMs=11 drawMs=5 swapWait=0ms draws=70 decodes=0 decMs=0
[OTS] f=37800 calls=2 n0=2296 n1=274 prims=61180 bb=160,1120,0,694
[OTT] walkUs=1920 texUs=123 emitUs=667 submitUs=310 otherUs=819 prims=388 usPerPrim=4
[FT] avgMs=16 worstMs=48 gameMs=11 drawMs=5 swapWait=0ms draws=70 decodes=0 decMs=0
[OTS] f=37920 calls=2 n0=2302 n1=274 prims=61022 bb=160,1120,0,694
[OTT] walkUs=2225 texUs=125 emitUs=685 submitUs=219 otherUs=1194 prims=394 usPerPrim=5
[FT] avgMs=16 worstMs=43 gameMs=11 drawMs=5 swapWait=0ms draws=71 decodes=0 decMs=0
[OTS] f=38040 calls=2 n0=2300 n1=274 prims=61314 bb=160,1120,0,694
[OTT] walkUs=2165 texUs=124 emitUs=680 submitUs=389 otherUs=971 prims=392 usPerPrim=5
[FT] avgMs=16 worstMs=46 gameMs=11 drawMs=5 swapWait=0ms draws=70 decodes=0 decMs=0
[OTS] f=38160 calls=2 n0=2301 n1=274 prims=60898 bb=160,1120,0,694
[OTT] walkUs=2188 texUs=124 emitUs=683 submitUs=268 otherUs=1112 prims=393 usPerPrim=5
[FT] avgMs=16 worstMs=52 gameMs=11 drawMs=5 swapWait=0ms draws=71 decodes=0 decMs=0
[OTS] f=38280 calls=2 n0=2301 n1=274 prims=61329 bb=160,1120,0,694
[OTT] walkUs=2175 texUs=124 emitUs=684 submitUs=342 otherUs=1024 prims=393 usPerPrim=5
[SH-XBOX] vblank 38400
[MEM] tick: free=4016KB (1004 pages)
[FT] avgMs=17 worstMs=71 gameMs=11 drawMs=5 swapWait=0ms draws=70 decodes=0 decMs=0
[OTS] f=38400 calls=2 n0=2298 n1=274 prims=61005 bb=160,1120,0,694
[OTT] walkUs=2213 texUs=124 emitUs=666 submitUs=284 otherUs=1138 prims=390 usPerPrim=5
[FT] avgMs=16 worstMs=49 gameMs=11 drawMs=5 swapWait=0ms draws=70 decodes=0 decMs=0
[OTS] f=38520 calls=2 n0=2302 n1=274 prims=61231 bb=160,1120,0,694
[OTT] walkUs=2330 texUs=124 emitUs=685 submitUs=392 otherUs=1128 prims=394 usPerPrim=5
[FT] avgMs=16 worstMs=45 gameMs=11 drawMs=5 swapWait=0ms draws=71 decodes=0 decMs=0
[OTS] f=38640 calls=2 n0=2300 n1=274 prims=61005 bb=160,1120,0,694
[OTT] walkUs=2235 texUs=124 emitUs=682 submitUs=233 otherUs=1194 prims=392 usPerPrim=5
[FT] avgMs=16 worstMs=47 gameMs=11 drawMs=5 swapWait=0ms draws=71 decodes=0 decMs=0
[OTS] f=38760 calls=2 n0=2300 n1=274 prims=61306 bb=160,1120,0,694
[OTT] walkUs=2237 texUs=124 emitUs=683 submitUs=202 otherUs=1227 prims=392 usPerPrim=5
[FT] avgMs=16 worstMs=53 gameMs=11 drawMs=5 swapWait=0ms draws=71 decodes=0 decMs=0
[OTS] f=38880 calls=2 n0=2298 n1=274 prims=61093 bb=160,1120,0,694
[OTT] walkUs=2314 texUs=123 emitUs=674 submitUs=190 otherUs=1326 prims=390 usPerPrim=5
[SH-XBOX] vblank 39000
[MEM] tick: free=4016KB (1004 pages)
[FT] avgMs=16 worstMs=49 gameMs=11 drawMs=5 swapWait=0ms draws=70 decodes=0 decMs=0
[OTS] f=39000 calls=2 n0=2301 n1=274 prims=61121 bb=160,1120,0,694
[OTT] walkUs=2356 texUs=128 emitUs=683 submitUs=233 otherUs=1310 prims=393 usPerPrim=5
[FT] avgMs=16 worstMs=45 gameMs=11 drawMs=5 swapWait=0ms draws=71 decodes=0 decMs=0
[OTS] f=39120 calls=2 n0=2298 n1=274 prims=61101 bb=160,1120,0,694
[OTT] walkUs=1801 texUs=122 emitUs=676 submitUs=185 otherUs=817 prims=390 usPerPrim=4
[FT] avgMs=16 worstMs=52 gameMs=11 drawMs=5 swapWait=0ms draws=70 decodes=0 decMs=0
[OTS] f=39240 calls=2 n0=2301 n1=274 prims=61189 bb=160,1120,0,694
[OTT] walkUs=2186 texUs=125 emitUs=673 submitUs=259 otherUs=1128 prims=393 usPerPrim=5
[FT] avgMs=16 worstMs=48 gameMs=11 drawMs=5 swapWait=0ms draws=70 decodes=0 decMs=0
[OTS] f=39360 calls=2 n0=2297 n1=274 prims=61099 bb=160,1120,0,694
[OTT] walkUs=1971 texUs=123 emitUs=671 submitUs=324 otherUs=851 prims=389 usPerPrim=5
[FT] avgMs=16 worstMs=44 gameMs=11 drawMs=5 swapWait=0ms draws=71 decodes=0 decMs=0
[OTS] f=39480 calls=2 n0=2302 n1=274 prims=61162 bb=160,1120,0,694
[OTT] walkUs=2135 texUs=126 emitUs=683 submitUs=176 otherUs=1148 prims=394 usPerPrim=5
[SH-XBOX] vblank 39600
[MEM] tick: free=4016KB (1004 pages)
[FT] avgMs=16 worstMs=45 gameMs=11 drawMs=5 swapWait=0ms draws=70 decodes=0 decMs=0
[OTS] f=39600 calls=2 n0=2295 n1=274 prims=61128 bb=160,1120,0,694
[OTT] walkUs=2245 texUs=123 emitUs=669 submitUs=215 otherUs=1238 prims=387 usPerPrim=5
[FT] avgMs=16 worstMs=46 gameMs=11 drawMs=5 swapWait=0ms draws=70 decodes=0 decMs=0
[OTS] f=39720 calls=2 n0=2302 n1=274 prims=61075 bb=160,1120,0,694
[OTT] walkUs=2256 texUs=125 emitUs=683 submitUs=482 otherUs=964 prims=394 usPerPrim=5
[FT] avgMs=16 worstMs=54 gameMs=11 drawMs=5 swapWait=0ms draws=71 decodes=0 decMs=0
[OTS] f=39840 calls=2 n0=2300 n1=274 prims=61299 bb=160,1120,0,694
[OTT] walkUs=2263 texUs=124 emitUs=678 submitUs=174 otherUs=1285 prims=392 usPerPrim=5
[FT] avgMs=16 worstMs=49 gameMs=11 drawMs=5 swapWait=0ms draws=70 decodes=0 decMs=0
[OTS] f=39960 calls=2 n0=2302 n1=274 prims=60907 bb=160,1120,0,694
[OTT] walkUs=2006 texUs=125 emitUs=687 submitUs=338 otherUs=853 prims=394 usPerPrim=5
[FT] avgMs=16 worstMs=45 gameMs=11 drawMs=5 swapWait=1ms draws=70 decodes=0 decMs=0
[OTS] f=40080 calls=2 n0=2297 n1=274 prims=61279 bb=160,1120,0,694
[OTT] walkUs=1928 texUs=123 emitUs=677 submitUs=195 otherUs=932 prims=389 usPerPrim=4
[SH-XBOX] vblank 40200
[MEM] tick: free=4016KB (1004 pages)
[FT] avgMs=16 worstMs=46 gameMs=11 drawMs=5 swapWait=0ms draws=70 decodes=0 decMs=0
[OTS] f=40200 calls=2 n0=2299 n1=274 prims=60937 bb=160,1120,0,694
[OTT] walkUs=2082 texUs=124 emitUs=677 submitUs=290 otherUs=989 prims=391 usPerPrim=5
[FT] avgMs=16 worstMs=54 gameMs=11 drawMs=5 swapWait=1ms draws=71 decodes=0 decMs=0
[OTS] f=40320 calls=2 n0=2301 n1=274 prims=61333 bb=160,1120,0,694
[OTT] walkUs=2345 texUs=124 emitUs=685 submitUs=320 otherUs=1215 prims=393 usPerPrim=5
[FT] avgMs=16 worstMs=50 gameMs=11 drawMs=5 swapWait=0ms draws=70 decodes=0 decMs=0
[OTS] f=40440 calls=2 n0=2300 n1=274 prims=60900 bb=160,1120,0,694
[OTT] walkUs=2246 texUs=125 emitUs=675 submitUs=175 otherUs=1269 prims=392 usPerPrim=5
[FT] avgMs=16 worstMs=44 gameMs=11 drawMs=5 swapWait=0ms draws=70 decodes=0 decMs=0
[OTS] f=40560 calls=2 n0=2300 n1=274 prims=61306 bb=160,1120,0,694
[OTT] walkUs=1992 texUs=124 emitUs=682 submitUs=211 otherUs=974 prims=392 usPerPrim=5
[FT] avgMs=16 worstMs=47 gameMs=11 drawMs=5 swapWait=0ms draws=71 decodes=0 decMs=0
[OTS] f=40680 calls=2 n0=2299 n1=274 prims=61052 bb=160,1120,0,694
[OTT] walkUs=2185 texUs=123 emitUs=682 submitUs=495 otherUs=883 prims=391 usPerPrim=5
[SH-XBOX] vblank 40800
[MEM] tick: free=4016KB (1004 pages)
[FT] avgMs=16 worstMs=53 gameMs=11 drawMs=5 swapWait=0ms draws=70 decodes=0 decMs=0
[OTS] f=40800 calls=2 n0=2302 n1=274 prims=61156 bb=160,1120,0,694
[OTT] walkUs=2214 texUs=125 emitUs=690 submitUs=237 otherUs=1161 prims=394 usPerPrim=5
[FT] avgMs=16 worstMs=48 gameMs=11 drawMs=5 swapWait=0ms draws=71 decodes=0 decMs=0
[OTS] f=40920 calls=2 n0=2300 n1=274 prims=61083 bb=160,1120,0,694
[OTT] walkUs=2256 texUs=124 emitUs=688 submitUs=370 otherUs=1074 prims=392 usPerPrim=5
[FT] avgMs=16 worstMs=45 gameMs=11 drawMs=5 swapWait=0ms draws=70 decodes=0 decMs=0
[OTS] f=41040 calls=2 n0=2300 n1=274 prims=61205 bb=160,1120,0,694
[OTT] walkUs=2311 texUs=128 emitUs=672 submitUs=256 otherUs=1252 prims=392 usPerPrim=5
[FT] avgMs=16 worstMs=46 gameMs=11 drawMs=5 swapWait=0ms draws=70 decodes=0 decMs=0
[OTS] f=41160 calls=2 n0=2297 n1=274 prims=61071 bb=160,1120,0,694
[OTT] walkUs=2248 texUs=126 emitUs=672 submitUs=292 otherUs=1156 prims=389 usPerPrim=5
[FT] avgMs=16 worstMs=54 gameMs=11 drawMs=5 swapWait=0ms draws=71 decodes=0 decMs=0
[OTS] f=41280 calls=2 n0=2302 n1=274 prims=61174 bb=160,1120,0,694
[OTT] walkUs=2258 texUs=125 emitUs=686 submitUs=419 otherUs=1027 prims=394 usPerPrim=5
[SH-XBOX] vblank 41400
[MEM] tick: free=4016KB (1004 pages)
[FT] avgMs=16 worstMs=49 gameMs=11 drawMs=5 swapWait=0ms draws=71 decodes=0 decMs=0
[OTS] f=41400 calls=2 n0=2296 n1=274 prims=61206 bb=160,1120,0,694
[OTT] walkUs=2170 texUs=122 emitUs=669 submitUs=492 otherUs=885 prims=388 usPerPrim=5
[FT] avgMs=16 worstMs=45 gameMs=11 drawMs=5 swapWait=0ms draws=71 decodes=0 decMs=0
[OTS] f=41520 calls=2 n0=2297 n1=274 prims=61144 bb=160,1120,0,694
[OTT] walkUs=2352 texUs=123 emitUs=669 submitUs=606 otherUs=952 prims=389 usPerPrim=6
[FT] avgMs=16 worstMs=46 gameMs=11 drawMs=5 swapWait=0ms draws=70 decodes=0 decMs=0
[OTS] f=41640 calls=2 n0=2298 n1=274 prims=61150 bb=160,1120,0,694
[OTT] walkUs=2330 texUs=124 emitUs=679 submitUs=193 otherUs=1333 prims=390 usPerPrim=5
[FT] avgMs=16 worstMs=54 gameMs=11 drawMs=5 swapWait=0ms draws=71 decodes=0 decMs=0
[OTS] f=41760 calls=2 n0=2303 n1=274 prims=61054 bb=160,1120,0,694
[OTT] walkUs=2376 texUs=125 emitUs=686 submitUs=390 otherUs=1174 prims=395 usPerPrim=6
[FT] avgMs=16 worstMs=49 gameMs=11 drawMs=5 swapWait=0ms draws=70 decodes=0 decMs=0
[OTS] f=41880 calls=2 n0=2298 n1=274 prims=61240 bb=160,1120,0,694
[OTT] walkUs=1803 texUs=130 emitUs=672 submitUs=180 otherUs=820 prims=390 usPerPrim=4
[SH-XBOX] vblank 42000
[MEM] tick: free=4016KB (1004 pages)
[FT] avgMs=16 worstMs=45 gameMs=11 drawMs=5 swapWait=0ms draws=70 decodes=0 decMs=0
[OTS] f=42000 calls=2 n0=2301 n1=274 prims=60983 bb=160,1120,0,694
[OTT] walkUs=2150 texUs=127 emitUs=681 submitUs=198 otherUs=1143 prims=393 usPerPrim=5
[FT] avgMs=16 worstMs=46 gameMs=11 drawMs=5 swapWait=0ms draws=71 decodes=0 decMs=0
[OTS] f=42120 calls=2 n0=2301 n1=274 prims=61328 bb=160,1120,0,694
[OTT] walkUs=1970 texUs=124 emitUs=687 submitUs=271 otherUs=886 prims=393 usPerPrim=5
[FT] avgMs=16 worstMs=54 gameMs=11 drawMs=5 swapWait=0ms draws=70 decodes=0 decMs=0
[OTS] f=42240 calls=2 n0=2301 n1=274 prims=60861 bb=160,1120,0,694
[OTT] walkUs=2547 texUs=124 emitUs=687 submitUs=184 otherUs=1551 prims=393 usPerPrim=6
[FT] avgMs=16 worstMs=49 gameMs=11 drawMs=5 swapWait=0ms draws=71 decodes=0 decMs=0
[OTS] f=42360 calls=2 n0=2302 n1=274 prims=61345 bb=160,1120,0,694
[OTT] walkUs=1994 texUs=129 emitUs=685 submitUs=301 otherUs=878 prims=394 usPerPrim=5
[FT] avgMs=16 worstMs=44 gameMs=11 drawMs=5 swapWait=0ms draws=71 decodes=0 decMs=0
[OTS] f=42480 calls=2 n0=2300 n1=274 prims=61035 bb=160,1120,0,694
[OTT] walkUs=2216 texUs=123 emitUs=677 submitUs=180 otherUs=1233 prims=392 usPerPrim=5
[SH-XBOX] vblank 42600
[MEM] tick: free=4016KB (1004 pages)
[FT] avgMs=16 worstMs=45 gameMs=11 drawMs=5 swapWait=0ms draws=70 decodes=0 decMs=0
[OTS] f=42600 calls=2 n0=2300 n1=274 prims=61178 bb=160,1120,0,694
[OTT] walkUs=2228 texUs=124 emitUs=679 submitUs=193 otherUs=1230 prims=392 usPerPrim=5
[FT] avgMs=16 worstMs=53 gameMs=11 drawMs=5 swapWait=0ms draws=70 decodes=0 decMs=0
[OTS] f=42720 calls=2 n0=2296 n1=274 prims=60993 bb=160,1120,0,694
[OTT] walkUs=1944 texUs=123 emitUs=669 submitUs=198 otherUs=952 prims=388 usPerPrim=5
[FT] avgMs=16 worstMs=49 gameMs=11 drawMs=5 swapWait=0ms draws=70 decodes=0 decMs=0
[OTS] f=42840 calls=2 n0=2300 n1=274 prims=61201 bb=160,1120,0,694
[OTT] walkUs=2221 texUs=124 emitUs=679 submitUs=174 otherUs=1243 prims=392 usPerPrim=5
[FT] avgMs=16 worstMs=44 gameMs=11 drawMs=5 swapWait=0ms draws=71 decodes=0 decMs=0
[OTS] f=42960 calls=2 n0=2298 n1=274 prims=61121 bb=160,1120,0,694
[OTT] walkUs=2166 texUs=122 emitUs=674 submitUs=184 otherUs=1184 prims=390 usPerPrim=5
[FT] avgMs=16 worstMs=46 gameMs=11 drawMs=5 swapWait=0ms draws=70 decodes=0 decMs=0
[OTS] f=43080 calls=2 n0=2304 n1=274 prims=61080 bb=160,1120,0,694
[OTT] walkUs=2300 texUs=125 emitUs=694 submitUs=411 otherUs=1069 prims=396 usPerPrim=5
[SH-XBOX] vblank 43200
[MEM] tick: free=4016KB (1004 pages)
[FT] avgMs=16 worstMs=53 gameMs=11 drawMs=5 swapWait=0ms draws=71 decodes=0 decMs=0
[OTS] f=43200 calls=2 n0=2297 n1=274 prims=61177 bb=160,1120,0,694
[OTT] walkUs=2089 texUs=123 emitUs=680 submitUs=241 otherUs=1044 prims=389 usPerPrim=5
[FT] avgMs=16 worstMs=49 gameMs=11 drawMs=5 swapWait=0ms draws=71 decodes=0 decMs=0
[OTS] f=43320 calls=2 n0=2301 n1=274 prims=61184 bb=160,1120,0,694
[OTT] walkUs=2153 texUs=127 emitUs=682 submitUs=196 otherUs=1147 prims=393 usPerPrim=5
[FT] avgMs=16 worstMs=45 gameMs=11 drawMs=5 swapWait=0ms draws=70 decodes=0 decMs=0
[OTS] f=43440 calls=2 n0=2297 n1=274 prims=61110 bb=160,1120,0,694
[OTT] walkUs=2255 texUs=125 emitUs=673 submitUs=495 otherUs=961 prims=389 usPerPrim=5
[FT] avgMs=16 worstMs=46 gameMs=11 drawMs=5 swapWait=0ms draws=71 decodes=0 decMs=0
[OTS] f=43560 calls=2 n0=2303 n1=274 prims=61087 bb=160,1120,0,694
[OTT] walkUs=2194 texUs=125 emitUs=691 submitUs=335 otherUs=1041 prims=395 usPerPrim=5
[FT] avgMs=16 worstMs=54 gameMs=11 drawMs=5 swapWait=0ms draws=70 decodes=0 decMs=0
[OTS] f=43680 calls=2 n0=2298 n1=274 prims=61214 bb=160,1120,0,694
[OTT] walkUs=2202 texUs=124 emitUs=672 submitUs=307 otherUs=1098 prims=390 usPerPrim=5
[SH-XBOX] vblank 43800
[MEM] tick: free=4016KB (1004 pages)
[FT] avgMs=16 worstMs=49 gameMs=11 drawMs=5 swapWait=0ms draws=70 decodes=0 decMs=0
[OTS] f=43800 calls=2 n0=2302 n1=274 prims=61007 bb=160,1120,0,694
[OTT] walkUs=2245 texUs=124 emitUs=686 submitUs=431 otherUs=1003 prims=394 usPerPrim=5
[FT] avgMs=16 worstMs=45 gameMs=11 drawMs=5 swapWait=1ms draws=71 decodes=0 decMs=0
[OTS] f=43920 calls=2 n0=2299 n1=274 prims=61317 bb=160,1120,0,694
[OTT] walkUs=2255 texUs=124 emitUs=677 submitUs=471 otherUs=982 prims=391 usPerPrim=5
[FT] avgMs=16 worstMs=52 gameMs=11 drawMs=5 swapWait=0ms draws=71 decodes=0 decMs=0
[OTS] f=44040 calls=2 n0=2300 n1=274 prims=61001 bb=160,1120,0,694
[OTT] walkUs=2264 texUs=124 emitUs=678 submitUs=189 otherUs=1272 prims=392 usPerPrim=5
[FT] avgMs=16 worstMs=47 gameMs=11 drawMs=5 swapWait=0ms draws=70 decodes=0 decMs=0
[OTS] f=44160 calls=2 n0=2298 n1=274 prims=61325 bb=160,1120,0,694
[OTT] walkUs=2269 texUs=124 emitUs=674 submitUs=188 otherUs=1281 prims=390 usPerPrim=5
[FT] avgMs=16 worstMs=44 gameMs=11 drawMs=5 swapWait=0ms draws=70 decodes=0 decMs=0
[OTS] f=44280 calls=2 n0=2302 n1=274 prims=60924 bb=160,1120,0,694
[OTT] walkUs=2354 texUs=131 emitUs=682 submitUs=394 otherUs=1145 prims=394 usPerPrim=5
[SH-XBOX] vblank 44400
[MEM] tick: free=4016KB (1004 pages)
[FT] avgMs=16 worstMs=45 gameMs=11 drawMs=5 swapWait=1ms draws=71 decodes=0 decMs=0
[OTS] f=44400 calls=2 n0=2300 n1=274 prims=61316 bb=160,1120,0,694
[OTT] walkUs=2246 texUs=123 emitUs=681 submitUs=351 otherUs=1089 prims=392 usPerPrim=5
[FT] avgMs=16 worstMs=46 gameMs=11 drawMs=5 swapWait=0ms draws=70 decodes=0 decMs=0
[OTS] f=44520 calls=2 n0=2297 n1=274 prims=60936 bb=160,1120,0,694
[OTT] walkUs=2251 texUs=123 emitUs=670 submitUs=228 otherUs=1228 prims=389 usPerPrim=5
[FT] avgMs=16 worstMs=53 gameMs=11 drawMs=5 swapWait=0ms draws=70 decodes=0 decMs=0
[OTS] f=44640 calls=2 n0=2301 n1=274 prims=61256 bb=160,1120,0,694
[OTT] walkUs=2327 texUs=125 emitUs=682 submitUs=254 otherUs=1264 prims=393 usPerPrim=5
[FT] avgMs=16 worstMs=49 gameMs=11 drawMs=5 swapWait=0ms draws=71 decodes=0 decMs=0
[OTS] f=44760 calls=2 n0=2300 n1=274 prims=61099 bb=160,1120,0,694
[OTT] walkUs=2046 texUs=124 emitUs=680 submitUs=199 otherUs=1041 prims=392 usPerPrim=5
[FT] avgMs=16 worstMs=44 gameMs=11 drawMs=5 swapWait=0ms draws=70 decodes=0 decMs=0
[OTS] f=44880 calls=2 n0=2303 n1=274 prims=61109 bb=160,1120,0,694
[OTT] walkUs=2257 texUs=129 emitUs=688 submitUs=445 otherUs=994 prims=395 usPerPrim=5
[SH-XBOX] vblank 45000
[MEM] tick: free=4016KB (1004 pages)
[FT] avgMs=16 worstMs=46 gameMs=11 drawMs=5 swapWait=0ms draws=71 decodes=0 decMs=0
[OTS] f=45000 calls=2 n0=2297 n1=274 prims=61137 bb=160,1120,0,694
[OTT] walkUs=2234 texUs=122 emitUs=675 submitUs=302 otherUs=1132 prims=389 usPerPrim=5
[FT] avgMs=16 worstMs=53 gameMs=11 drawMs=5 swapWait=0ms draws=70 decodes=0 decMs=0
[OTS] f=45120 calls=2 n0=2299 n1=274 prims=61192 bb=160,1120,0,694
[OTT] walkUs=1996 texUs=124 emitUs=671 submitUs=198 otherUs=1001 prims=391 usPerPrim=5
[FT] avgMs=16 worstMs=49 gameMs=11 drawMs=5 swapWait=0ms draws=70 decodes=0 decMs=0
[OTS] f=45240 calls=2 n0=2296 n1=274 prims=61087 bb=160,1120,0,694
[OTT] walkUs=2196 texUs=122 emitUs=674 submitUs=199 otherUs=1199 prims=388 usPerPrim=5
[FT] avgMs=16 worstMs=44 gameMs=11 drawMs=5 swapWait=0ms draws=70 decodes=0 decMs=0
[OTS] f=45360 calls=2 n0=2296 n1=274 prims=61026 bb=160,1120,0,694
[OTT] walkUs=1874 texUs=123 emitUs=667 submitUs=262 otherUs=819 prims=388 usPerPrim=4
[FT] avgMs=16 worstMs=46 gameMs=11 drawMs=5 swapWait=1ms draws=70 decodes=0 decMs=0
[OTS] f=45480 calls=2 n0=2298 n1=274 prims=61241 bb=160,1120,0,694
[OTT] walkUs=1946 texUs=123 emitUs=673 submitUs=189 otherUs=959 prims=390 usPerPrim=4
[SH-XBOX] vblank 45600
[MEM] tick: free=4016KB (1004 pages)
[FT] avgMs=16 worstMs=53 gameMs=11 drawMs=5 swapWait=0ms draws=71 decodes=0 decMs=0
[OTS] f=45600 calls=2 n0=2303 n1=274 prims=61084 bb=160,1120,0,694
[OTT] walkUs=2062 texUs=125 emitUs=686 submitUs=316 otherUs=933 prims=395 usPerPrim=5
[FT] avgMs=16 worstMs=49 gameMs=11 drawMs=5 swapWait=0ms draws=70 decodes=0 decMs=0
[OTS] f=45720 calls=2 n0=2300 n1=274 prims=61166 bb=160,1120,0,694
[OTT] walkUs=2053 texUs=123 emitUs=680 submitUs=273 otherUs=975 prims=392 usPerPrim=5
[FT] avgMs=16 worstMs=45 gameMs=11 drawMs=5 swapWait=0ms draws=71 decodes=0 decMs=0
[OTS] f=45840 calls=2 n0=2301 n1=274 prims=61027 bb=160,1120,0,694
[OTT] walkUs=2093 texUs=126 emitUs=684 submitUs=231 otherUs=1050 prims=393 usPerPrim=5
[FT] avgMs=16 worstMs=47 gameMs=11 drawMs=5 swapWait=0ms draws=70 decodes=0 decMs=0
[OTS] f=45960 calls=2 n0=2298 n1=274 prims=61312 bb=160,1120,0,694
[OTT] walkUs=1966 texUs=124 emitUs=667 submitUs=193 otherUs=980 prims=390 usPerPrim=5
[FT] avgMs=16 worstMs=44 gameMs=11 drawMs=5 swapWait=0ms draws=70 decodes=0 decMs=0
[OTS] f=46080 calls=2 n0=2301 n1=274 prims=60908 bb=160,1120,0,694
[OTT] walkUs=2157 texUs=124 emitUs=682 submitUs=431 otherUs=918 prims=393 usPerPrim=5
[SH-XBOX] vblank 46200
[MEM] tick: free=4016KB (1004 pages)
[FT] avgMs=16 worstMs=45 gameMs=11 drawMs=5 swapWait=0ms draws=71 decodes=0 decMs=0
[OTS] f=46200 calls=2 n0=2302 n1=274 prims=61344 bb=160,1120,0,694
[OTT] walkUs=2072 texUs=125 emitUs=686 submitUs=307 otherUs=953 prims=394 usPerPrim=5
[FT] avgMs=17 worstMs=75 gameMs=11 drawMs=5 swapWait=0ms draws=70 decodes=0 decMs=0
[OTS] f=46320 calls=2 n0=2298 n1=274 prims=60903 bb=160,1120,0,694
[OTT] walkUs=2256 texUs=123 emitUs=669 submitUs=182 otherUs=1280 prims=390 usPerPrim=5
[FT] avgMs=16 worstMs=54 gameMs=11 drawMs=5 swapWait=0ms draws=70 decodes=0 decMs=0
[OTS] f=46440 calls=2 n0=2299 n1=274 prims=61298 bb=160,1120,0,694
[OTT] walkUs=2228 texUs=123 emitUs=679 submitUs=188 otherUs=1237 prims=391 usPerPrim=5
[FT] avgMs=16 worstMs=49 gameMs=11 drawMs=5 swapWait=0ms draws=71 decodes=0 decMs=0
[OTS] f=46560 calls=2 n0=2298 n1=274 prims=61075 bb=160,1120,0,694
[OTT] walkUs=2102 texUs=124 emitUs=679 submitUs=208 otherUs=1090 prims=390 usPerPrim=5
[FT] avgMs=16 worstMs=45 gameMs=11 drawMs=5 swapWait=1ms draws=71 decodes=0 decMs=0
[OTS] f=46680 calls=2 n0=2301 n1=274 prims=61249 bb=160,1120,0,694
[OTT] walkUs=2309 texUs=124 emitUs=691 submitUs=287 otherUs=1206 prims=393 usPerPrim=5
[SH-XBOX] vblank 46800
[MEM] tick: free=4016KB (1004 pages)
[FT] avgMs=16 worstMs=51 gameMs=11 drawMs=5 swapWait=0ms draws=70 decodes=0 decMs=0
[OTS] f=46800 calls=2 n0=2296 n1=274 prims=61063 bb=160,1120,0,694
[OTT] walkUs=2120 texUs=123 emitUs=664 submitUs=245 otherUs=1087 prims=388 usPerPrim=5
[FT] avgMs=16 worstMs=47 gameMs=11 drawMs=5 swapWait=0ms draws=70 decodes=0 decMs=0
[OTS] f=46920 calls=2 n0=2304 n1=274 prims=61148 bb=160,1120,0,694
[OTT] walkUs=2249 texUs=125 emitUs=691 submitUs=281 otherUs=1151 prims=396 usPerPrim=5
[FT] avgMs=16 worstMs=43 gameMs=11 drawMs=5 swapWait=0ms draws=71 decodes=0 decMs=0
[OTS] f=47040 calls=2 n0=2297 n1=274 prims=61177 bb=160,1120,0,694
[OTT] walkUs=2301 texUs=122 emitUs=675 submitUs=392 otherUs=1110 prims=389 usPerPrim=5
[FT] avgMs=16 worstMs=45 gameMs=11 drawMs=5 swapWait=0ms draws=70 decodes=0 decMs=0
[OTS] f=47160 calls=2 n0=2300 n1=274 prims=61043 bb=160,1120,0,694
[OTT] walkUs=2367 texUs=128 emitUs=679 submitUs=184 otherUs=1376 prims=392 usPerPrim=6
[FT] avgMs=16 worstMs=46 gameMs=11 drawMs=5 swapWait=0ms draws=70 decodes=0 decMs=0
[OTS] f=47280 calls=2 n0=2297 n1=274 prims=61220 bb=160,1120,0,694
[OTT] walkUs=2149 texUs=122 emitUs=678 submitUs=260 otherUs=1087 prims=389 usPerPrim=5
[SH-XBOX] vblank 47400
[MEM] tick: free=4016KB (1004 pages)
[FT] avgMs=16 worstMs=53 gameMs=11 drawMs=5 swapWait=0ms draws=71 decodes=0 decMs=0
[OTS] f=47400 calls=2 n0=2303 n1=274 prims=61117 bb=160,1120,0,694
[OTT] walkUs=2366 texUs=125 emitUs=689 submitUs=570 otherUs=981 prims=395 usPerPrim=5
[FT] avgMs=16 worstMs=49 gameMs=11 drawMs=5 swapWait=0ms draws=70 decodes=0 decMs=0
[OTS] f=47520 calls=2 n0=2300 n1=274 prims=61156 bb=160,1120,0,694
[OTT] walkUs=1808 texUs=124 emitUs=684 submitUs=203 otherUs=795 prims=392 usPerPrim=4
[FT] avgMs=16 worstMs=44 gameMs=11 drawMs=5 swapWait=0ms draws=71 decodes=0 decMs=0
[OTS] f=47640 calls=2 n0=2302 n1=274 prims=61035 bb=160,1120,0,694
[OTT] walkUs=2383 texUs=124 emitUs=684 submitUs=417 otherUs=1156 prims=394 usPerPrim=6
[FT] avgMs=16 worstMs=46 gameMs=11 drawMs=5 swapWait=0ms draws=70 decodes=0 decMs=0
[OTS] f=47760 calls=2 n0=2296 n1=274 prims=61290 bb=160,1120,0,694
[OTT] walkUs=1915 texUs=123 emitUs=667 submitUs=215 otherUs=909 prims=388 usPerPrim=4
[FT] avgMs=16 worstMs=53 gameMs=11 drawMs=5 swapWait=0ms draws=70 decodes=0 decMs=0
[OTS] f=47880 calls=2 n0=2300 n1=274 prims=60931 bb=160,1120,0,694
[OTT] walkUs=1933 texUs=124 emitUs=679 submitUs=187 otherUs=941 prims=392 usPerPrim=4
[SH-XBOX] vblank 48000
[MEM] tick: free=4016KB (1004 pages)
[FT] avgMs=16 worstMs=50 gameMs=11 drawMs=5 swapWait=0ms draws=70 decodes=0 decMs=0
[OTS] f=48000 calls=2 n0=2301 n1=274 prims=61201 bb=160,1120,0,694
[OTT] walkUs=1969 texUs=124 emitUs=684 submitUs=326 otherUs=833 prims=393 usPerPrim=5
[FT] avgMs=16 worstMs=45 gameMs=11 drawMs=5 swapWait=0ms draws=71 decodes=0 decMs=0
[OTS] f=48120 calls=2 n0=2302 n1=274 prims=61018 bb=160,1120,0,694
[OTT] walkUs=2037 texUs=125 emitUs=686 submitUs=288 otherUs=936 prims=394 usPerPrim=5
[FT] avgMs=16 worstMs=52 gameMs=11 drawMs=5 swapWait=0ms draws=71 decodes=0 decMs=0
[OTS] f=48240 calls=2 n0=2299 n1=274 prims=61338 bb=160,1120,0,694
[OTT] walkUs=1881 texUs=124 emitUs=682 submitUs=201 otherUs=873 prims=391 usPerPrim=4
[FT] avgMs=16 worstMs=48 gameMs=11 drawMs=5 swapWait=1ms draws=70 decodes=0 decMs=0
[OTS] f=48360 calls=2 n0=2299 n1=274 prims=60902 bb=160,1120,0,694
[OTT] walkUs=2088 texUs=123 emitUs=680 submitUs=199 otherUs=1085 prims=391 usPerPrim=5
[FT] avgMs=16 worstMs=43 gameMs=11 drawMs=5 swapWait=0ms draws=71 decodes=0 decMs=0
[OTS] f=48480 calls=2 n0=2302 n1=274 prims=61284 bb=160,1120,0,694
[OTT] walkUs=2094 texUs=125 emitUs=691 submitUs=224 otherUs=1053 prims=394 usPerPrim=5
[SH-XBOX] vblank 48600
[MEM] tick: free=4016KB (1004 pages)
[FT] avgMs=16 worstMs=45 gameMs=11 drawMs=5 swapWait=0ms draws=70 decodes=0 decMs=0
[OTS] f=48600 calls=2 n0=2298 n1=274 prims=61029 bb=160,1120,0,694
[OTT] walkUs=2056 texUs=137 emitUs=669 submitUs=184 otherUs=1064 prims=390 usPerPrim=5
[FT] avgMs=16 worstMs=46 gameMs=11 drawMs=5 swapWait=0ms draws=70 decodes=0 decMs=0
[OTS] f=48720 calls=2 n0=2303 n1=274 prims=61193 bb=160,1120,0,694
[OTT] walkUs=2118 texUs=125 emitUs=694 submitUs=222 otherUs=1075 prims=395 usPerPrim=5
[FT] avgMs=16 worstMs=54 gameMs=11 drawMs=5 swapWait=0ms draws=71 decodes=0 decMs=0
[OTS] f=48840 calls=2 n0=2297 n1=274 prims=61137 bb=160,1120,0,694
[OTT] walkUs=2214 texUs=122 emitUs=678 submitUs=178 otherUs=1235 prims=389 usPerPrim=5
[FT] avgMs=16 worstMs=49 gameMs=11 drawMs=5 swapWait=0ms draws=70 decodes=0 decMs=0
[OTS] f=48960 calls=2 n0=2302 n1=274 prims=61044 bb=160,1120,0,694
[OTT] walkUs=2026 texUs=126 emitUs=683 submitUs=206 otherUs=1010 prims=394 usPerPrim=5
[FT] avgMs=16 worstMs=45 gameMs=11 drawMs=5 swapWait=0ms draws=71 decodes=0 decMs=0
[OTS] f=49080 calls=2 n0=2295 n1=274 prims=61207 bb=160,1120,0,694
[OTT] walkUs=2169 texUs=127 emitUs=667 submitUs=195 otherUs=1178 prims=387 usPerPrim=5
[SH-XBOX] vblank 49200
[MEM] tick: free=4016KB (1004 pages)
[FT] avgMs=16 worstMs=46 gameMs=11 drawMs=5 swapWait=0ms draws=71 decodes=0 decMs=0
[OTS] f=49200 calls=2 n0=2298 n1=274 prims=61154 bb=160,1120,0,694
[OTT] walkUs=2148 texUs=124 emitUs=679 submitUs=195 otherUs=1148 prims=390 usPerPrim=5
[FT] avgMs=16 worstMs=52 gameMs=11 drawMs=5 swapWait=0ms draws=71 decodes=0 decMs=0
[OTS] f=49320 calls=2 n0=2298 n1=274 prims=61266 bb=160,1120,0,694
[OTT] walkUs=2240 texUs=123 emitUs=674 submitUs=284 otherUs=1157 prims=390 usPerPrim=5
[FT] avgMs=16 worstMs=50 gameMs=11 drawMs=5 swapWait=0ms draws=70 decodes=0 decMs=0
[OTS] f=49440 calls=2 n0=2301 n1=274 prims=60986 bb=160,1120,0,694
[OTT] walkUs=2239 texUs=125 emitUs=681 submitUs=187 otherUs=1245 prims=393 usPerPrim=5
[FT] avgMs=16 worstMs=44 gameMs=11 drawMs=5 swapWait=0ms draws=70 decodes=0 decMs=0
[OTS] f=49560 calls=2 n0=2299 n1=274 prims=61251 bb=160,1120,0,694
[OTT] walkUs=2213 texUs=124 emitUs=678 submitUs=218 otherUs=1191 prims=391 usPerPrim=5
[FT] avgMs=16 worstMs=46 gameMs=11 drawMs=5 swapWait=0ms draws=71 decodes=0 decMs=0
[OTS] f=49680 calls=2 n0=2301 n1=274 prims=61043 bb=160,1120,0,694
[OTT] walkUs=2304 texUs=124 emitUs=685 submitUs=226 otherUs=1266 prims=393 usPerPrim=5
[SH-XBOX] vblank 49800
[MEM] tick: free=4016KB (1004 pages)
[FT] avgMs=16 worstMs=53 gameMs=11 drawMs=5 swapWait=0ms draws=70 decodes=0 decMs=0
[OTS] f=49800 calls=2 n0=2301 n1=274 prims=61200 bb=160,1120,0,694
[OTT] walkUs=2324 texUs=124 emitUs=685 submitUs=406 otherUs=1108 prims=393 usPerPrim=5
[FT] avgMs=16 worstMs=49 gameMs=11 drawMs=5 swapWait=0ms draws=71 decodes=0 decMs=0
[OTS] f=49920 calls=2 n0=2301 n1=274 prims=60990 bb=160,1120,0,694
[OTT] walkUs=2114 texUs=124 emitUs=681 submitUs=280 otherUs=1027 prims=393 usPerPrim=5
[FT] avgMs=16 worstMs=44 gameMs=11 drawMs=5 swapWait=0ms draws=71 decodes=0 decMs=0
[OTS] f=50040 calls=2 n0=2301 n1=274 prims=61370 bb=160,1120,0,694
[OTT] walkUs=2247 texUs=125 emitUs=688 submitUs=200 otherUs=1233 prims=393 usPerPrim=5
[FT] avgMs=16 worstMs=47 gameMs=11 drawMs=5 swapWait=0ms draws=70 decodes=0 decMs=0
[OTS] f=50160 calls=2 n0=2300 n1=274 prims=60882 bb=160,1120,0,694
[OTT] walkUs=2105 texUs=124 emitUs=679 submitUs=342 otherUs=958 prims=392 usPerPrim=5
[FT] avgMs=16 worstMs=53 gameMs=11 drawMs=5 swapWait=0ms draws=71 decodes=0 decMs=0
[OTS] f=50280 calls=2 n0=2300 n1=274 prims=61305 bb=160,1120,0,694
[OTT] walkUs=2031 texUs=124 emitUs=693 submitUs=177 otherUs=1035 prims=392 usPerPrim=5
[SH-XBOX] vblank 50400
[MEM] tick: free=4016KB (1004 pages)
[FT] avgMs=16 worstMs=49 gameMs=11 drawMs=5 swapWait=0ms draws=70 decodes=0 decMs=0
[OTS] f=50400 calls=2 n0=2296 n1=274 prims=60993 bb=160,1120,0,694
[OTT] walkUs=2042 texUs=123 emitUs=668 submitUs=302 otherUs=947 prims=388 usPerPrim=5
[FT] avgMs=16 worstMs=44 gameMs=11 drawMs=5 swapWait=0ms draws=70 decodes=0 decMs=0
[OTS] f=50520 calls=2 n0=2301 n1=274 prims=61221 bb=160,1120,0,694
[OTT] walkUs=2246 texUs=124 emitUs=680 submitUs=176 otherUs=1264 prims=393 usPerPrim=5
[FT] avgMs=16 worstMs=46 gameMs=11 drawMs=5 swapWait=0ms draws=70 decodes=0 decMs=0
[OTS] f=50640 calls=2 n0=2298 n1=274 prims=60973 bb=160,1120,0,694
[OTT] walkUs=2501 texUs=123 emitUs=674 submitUs=277 otherUs=1426 prims=390 usPerPrim=6
[FT] avgMs=16 worstMs=53 gameMs=11 drawMs=5 swapWait=0ms draws=71 decodes=0 decMs=0
[OTS] f=50760 calls=2 n0=2304 n1=274 prims=61208 bb=160,1120,0,694
[OTT] walkUs=1916 texUs=127 emitUs=691 submitUs=193 otherUs=903 prims=396 usPerPrim=4
[FT] avgMs=16 worstMs=49 gameMs=11 drawMs=5 swapWait=0ms draws=70 decodes=0 decMs=0
[OTS] f=50880 calls=2 n0=2294 n1=274 prims=61177 bb=160,1120,0,694
[OTT] walkUs=1913 texUs=123 emitUs=658 submitUs=188 otherUs=943 prims=386 usPerPrim=4
[SH-XBOX] vblank 51000
[MEM] tick: free=4016KB (1004 pages)
[FT] avgMs=16 worstMs=45 gameMs=11 drawMs=5 swapWait=0ms draws=70 decodes=0 decMs=0
[OTS] f=51000 calls=2 n0=2302 n1=274 prims=61063 bb=160,1120,0,694
[OTT] walkUs=2000 texUs=128 emitUs=683 submitUs=193 otherUs=994 prims=394 usPerPrim=5
[FT] avgMs=16 worstMs=46 gameMs=11 drawMs=5 swapWait=0ms draws=71 decodes=0 decMs=0
[OTS] f=51120 calls=2 n0=2297 n1=274 prims=61230 bb=160,1120,0,694
[OTT] walkUs=2049 texUs=123 emitUs=672 submitUs=290 otherUs=963 prims=389 usPerPrim=5
[FT] avgMs=16 worstMs=54 gameMs=11 drawMs=5 swapWait=0ms draws=70 decodes=0 decMs=0
[OTS] f=51240 calls=2 n0=2301 n1=274 prims=61000 bb=160,1120,0,694
[OTT] walkUs=2237 texUs=125 emitUs=679 submitUs=174 otherUs=1257 prims=393 usPerPrim=5
[FT] avgMs=16 worstMs=49 gameMs=11 drawMs=5 swapWait=0ms draws=70 decodes=0 decMs=0
[OTS] f=51360 calls=2 n0=2299 n1=274 prims=61260 bb=160,1120,0,694
[OTT] walkUs=2014 texUs=124 emitUs=681 submitUs=341 otherUs=866 prims=391 usPerPrim=5
[FT] avgMs=16 worstMs=45 gameMs=11 drawMs=5 swapWait=0ms draws=71 decodes=0 decMs=0
[OTS] f=51480 calls=2 n0=2302 n1=274 prims=61047 bb=160,1120,0,694
[OTT] walkUs=1972 texUs=125 emitUs=686 submitUs=182 otherUs=977 prims=394 usPerPrim=5
[SH-XBOX] vblank 51600
[MEM] tick: free=4016KB (1004 pages)
[FT] avgMs=16 worstMs=46 gameMs=11 drawMs=5 swapWait=0ms draws=70 decodes=0 decMs=0
[OTS] f=51600 calls=2 n0=2299 n1=274 prims=61190 bb=160,1120,0,694
[OTT] walkUs=2090 texUs=127 emitUs=680 submitUs=193 otherUs=1088 prims=391 usPerPrim=5
[FT] avgMs=16 worstMs=53 gameMs=11 drawMs=5 swapWait=1ms draws=71 decodes=0 decMs=0
[OTS] f=51720 calls=2 n0=2300 n1=274 prims=61001 bb=160,1120,0,694
[OTT] walkUs=2354 texUs=125 emitUs=682 submitUs=176 otherUs=1370 prims=392 usPerPrim=6
[FT] avgMs=16 worstMs=50 gameMs=11 drawMs=5 swapWait=0ms draws=71 decodes=0 decMs=0
[OTS] f=51840 calls=2 n0=2301 n1=274 prims=61360 bb=160,1120,0,694
[OTT] walkUs=2295 texUs=124 emitUs=682 submitUs=255 otherUs=1233 prims=393 usPerPrim=5
[FT] avgMs=16 worstMs=44 gameMs=11 drawMs=5 swapWait=0ms draws=71 decodes=0 decMs=0
[OTS] f=51960 calls=2 n0=2302 n1=274 prims=61018 bb=160,1120,0,694
[OTT] walkUs=2211 texUs=125 emitUs=686 submitUs=270 otherUs=1128 prims=394 usPerPrim=5
[FT] avgMs=16 worstMs=47 gameMs=11 drawMs=5 swapWait=0ms draws=70 decodes=0 decMs=0
[OTS] f=52080 calls=2 n0=2298 n1=274 prims=61214 bb=160,1120,0,694
[OTT] walkUs=2307 texUs=124 emitUs=686 submitUs=257 otherUs=1240 prims=390 usPerPrim=5
[SH-XBOX] vblank 52200
[MEM] tick: free=4016KB (1004 pages)
[FT] avgMs=16 worstMs=53 gameMs=11 drawMs=5 swapWait=0ms draws=70 decodes=0 decMs=0
[OTS] f=52200 calls=2 n0=2299 n1=274 prims=60996 bb=160,1120,0,694
[OTT] walkUs=2258 texUs=123 emitUs=679 submitUs=350 otherUs=1105 prims=391 usPerPrim=5
[FT] avgMs=16 worstMs=49 gameMs=11 drawMs=5 swapWait=1ms draws=71 decodes=0 decMs=0
[OTS] f=52320 calls=2 n0=2302 n1=274 prims=61314 bb=160,1120,0,694
[OTT] walkUs=2161 texUs=125 emitUs=684 submitUs=357 otherUs=994 prims=394 usPerPrim=5
[FT] avgMs=16 worstMs=45 gameMs=11 drawMs=5 swapWait=0ms draws=70 decodes=0 decMs=0
[OTS] f=52440 calls=2 n0=2300 n1=274 prims=60955 bb=160,1120,0,694
[OTT] walkUs=2219 texUs=124 emitUs=686 submitUs=442 otherUs=966 prims=392 usPerPrim=5
[FT] avgMs=16 worstMs=46 gameMs=11 drawMs=5 swapWait=1ms draws=71 decodes=0 decMs=0
[OTS] f=52560 calls=2 n0=2303 n1=274 prims=61237 bb=160,1120,0,694
[OTT] walkUs=2260 texUs=125 emitUs=689 submitUs=294 otherUs=1149 prims=395 usPerPrim=5
[FT] avgMs=16 worstMs=53 gameMs=11 drawMs=5 swapWait=0ms draws=70 decodes=0 decMs=0
[OTS] f=52680 calls=2 n0=2294 n1=274 prims=61125 bb=160,1120,0,694
[OTT] walkUs=2347 texUs=122 emitUs=662 submitUs=422 otherUs=1139 prims=386 usPerPrim=6
[SH-XBOX] vblank 52800
[MEM] tick: free=4016KB (1004 pages)
[FT] avgMs=16 worstMs=49 gameMs=11 drawMs=5 swapWait=0ms draws=70 decodes=0 decMs=0
[OTS] f=52800 calls=2 n0=2302 n1=274 prims=61086 bb=160,1120,0,694
[OTT] walkUs=2350 texUs=125 emitUs=686 submitUs=322 otherUs=1214 prims=394 usPerPrim=5
[FT] avgMs=16 worstMs=45 gameMs=11 drawMs=5 swapWait=0ms draws=71 decodes=0 decMs=0
[OTS] f=52920 calls=2 n0=2296 n1=274 prims=61205 bb=160,1120,0,694
[OTT] walkUs=1990 texUs=125 emitUs=672 submitUs=370 otherUs=821 prims=388 usPerPrim=5
[FT] avgMs=16 worstMs=52 gameMs=11 drawMs=5 swapWait=0ms draws=70 decodes=0 decMs=0
[OTS] f=53040 calls=2 n0=2296 n1=274 prims=61024 bb=160,1120,0,694
[OTT] walkUs=2186 texUs=123 emitUs=663 submitUs=172 otherUs=1225 prims=388 usPerPrim=5
[FT] avgMs=16 worstMs=48 gameMs=11 drawMs=5 swapWait=0ms draws=70 decodes=0 decMs=0
[OTS] f=53160 calls=2 n0=2297 n1=274 prims=61262 bb=160,1120,0,694
[OTT] walkUs=2226 texUs=122 emitUs=675 submitUs=190 otherUs=1238 prims=389 usPerPrim=5
[FT] avgMs=16 worstMs=43 gameMs=11 drawMs=5 swapWait=0ms draws=70 decodes=0 decMs=0
[OTS] f=53280 calls=2 n0=2303 n1=274 prims=60934 bb=160,1120,0,694
[OTT] walkUs=2164 texUs=127 emitUs=685 submitUs=181 otherUs=1170 prims=395 usPerPrim=5
[SH-XBOX] vblank 53400
[MEM] tick: free=4016KB (1004 pages)
[FT] avgMs=16 worstMs=45 gameMs=11 drawMs=5 swapWait=0ms draws=71 decodes=0 decMs=0
[OTS] f=53400 calls=2 n0=2300 n1=274 prims=61294 bb=160,1120,0,694
[OTT] walkUs=2274 texUs=124 emitUs=678 submitUs=264 otherUs=1207 prims=392 usPerPrim=5
[FT] avgMs=16 worstMs=46 gameMs=11 drawMs=5 swapWait=0ms draws=70 decodes=0 decMs=0
[OTS] f=53520 calls=2 n0=2299 n1=274 prims=60991 bb=160,1120,0,694
[OTT] walkUs=2245 texUs=124 emitUs=671 submitUs=294 otherUs=1154 prims=391 usPerPrim=5
[FT] avgMs=16 worstMs=54 gameMs=11 drawMs=5 swapWait=0ms draws=70 decodes=0 decMs=0
[OTS] f=53640 calls=2 n0=2301 n1=274 prims=61269 bb=160,1120,0,694
[OTT] walkUs=2265 texUs=123 emitUs=680 submitUs=177 otherUs=1282 prims=393 usPerPrim=5
[FT] avgMs=16 worstMs=48 gameMs=11 drawMs=5 swapWait=0ms draws=71 decodes=0 decMs=0
[OTS] f=53760 calls=2 n0=2301 n1=274 prims=60990 bb=160,1120,0,694
[OTT] walkUs=1915 texUs=124 emitUs=680 submitUs=302 otherUs=807 prims=393 usPerPrim=4
[FT] avgMs=16 worstMs=44 gameMs=11 drawMs=5 swapWait=1ms draws=70 decodes=0 decMs=0
[OTS] f=53880 calls=2 n0=2300 n1=274 prims=61226 bb=160,1120,0,694
[OTT] walkUs=1995 texUs=125 emitUs=677 submitUs=200 otherUs=991 prims=392 usPerPrim=5
[SH-XBOX] vblank 54000
[MEM] tick: free=4016KB (1004 pages)
[FT] avgMs=16 worstMs=45 gameMs=11 drawMs=5 swapWait=0ms draws=70 decodes=0 decMs=0
[OTS] f=54000 calls=2 n0=2299 n1=274 prims=60998 bb=160,1120,0,694
[OTT] walkUs=2093 texUs=124 emitUs=676 submitUs=193 otherUs=1099 prims=391 usPerPrim=5
[FT] avgMs=17 worstMs=76 gameMs=11 drawMs=5 swapWait=0ms draws=71 decodes=0 decMs=0
[OTS] f=54120 calls=2 n0=2300 n1=274 prims=61333 bb=160,1120,0,694
[OTT] walkUs=2073 texUs=125 emitUs=678 submitUs=193 otherUs=1077 prims=392 usPerPrim=5
[FT] avgMs=16 worstMs=43 gameMs=11 drawMs=5 swapWait=0ms draws=70 decodes=0 decMs=0
[OTS] f=54240 calls=2 n0=2298 n1=274 prims=60936 bb=160,1120,0,694
[OTT] walkUs=2225 texUs=123 emitUs=673 submitUs=220 otherUs=1208 prims=390 usPerPrim=5
[FT] avgMs=16 worstMs=44 gameMs=11 drawMs=5 swapWait=0ms draws=71 decodes=0 decMs=0
[OTS] f=54360 calls=2 n0=2301 n1=274 prims=61249 bb=160,1120,0,694
[OTT] walkUs=2158 texUs=124 emitUs=684 submitUs=341 otherUs=1008 prims=393 usPerPrim=5
[FT] avgMs=16 worstMs=46 gameMs=11 drawMs=5 swapWait=0ms draws=71 decodes=0 decMs=0
[OTS] f=54480 calls=2 n0=2297 n1=274 prims=61114 bb=160,1120,0,694
[OTT] walkUs=2189 texUs=123 emitUs=676 submitUs=185 otherUs=1204 prims=389 usPerPrim=5
[SH-XBOX] vblank 54600
[MEM] tick: free=4016KB (1004 pages)
[FT] avgMs=16 worstMs=53 gameMs=11 drawMs=5 swapWait=0ms draws=71 decodes=0 decMs=0
[OTS] f=54600 calls=2 n0=2304 n1=274 prims=61224 bb=160,1120,0,694
[OTT] walkUs=2177 texUs=125 emitUs=688 submitUs=234 otherUs=1129 prims=396 usPerPrim=5
[FT] avgMs=16 worstMs=49 gameMs=11 drawMs=5 swapWait=1ms draws=70 decodes=0 decMs=0
[OTS] f=54720 calls=2 n0=2297 n1=274 prims=61049 bb=160,1120,0,694
[OTT] walkUs=2366 texUs=123 emitUs=679 submitUs=456 otherUs=1107 prims=389 usPerPrim=6
[FT] avgMs=16 worstMs=45 gameMs=11 drawMs=5 swapWait=0ms draws=71 decodes=0 decMs=0
[OTS] f=54840 calls=2 n0=2302 n1=274 prims=61161 bb=160,1120,0,694
[OTT] walkUs=2269 texUs=129 emitUs=682 submitUs=395 otherUs=1061 prims=394 usPerPrim=5
[FT] avgMs=16 worstMs=46 gameMs=11 drawMs=5 swapWait=0ms draws=71 decodes=0 decMs=0
[OTS] f=54960 calls=2 n0=2296 n1=274 prims=61256 bb=160,1120,0,694
[OTT] walkUs=2188 texUs=123 emitUs=671 submitUs=268 otherUs=1125 prims=388 usPerPrim=5
[FT] avgMs=16 worstMs=54 gameMs=11 drawMs=5 swapWait=0ms draws=70 decodes=0 decMs=0
[OTS] f=55080 calls=2 n0=2303 n1=274 prims=60962 bb=160,1120,0,694
[OTT] walkUs=2298 texUs=126 emitUs=686 submitUs=217 otherUs=1268 prims=395 usPerPrim=5
[SH-XBOX] vblank 55200
[MEM] tick: free=4016KB (1004 pages)
[FT] avgMs=16 worstMs=49 gameMs=11 drawMs=5 swapWait=0ms draws=71 decodes=0 decMs=0
[OTS] f=55200 calls=2 n0=2300 n1=274 prims=61284 bb=160,1120,0,694
[OTT] walkUs=2326 texUs=124 emitUs=684 submitUs=255 otherUs=1261 prims=392 usPerPrim=5
[FT] avgMs=16 worstMs=44 gameMs=11 drawMs=5 swapWait=0ms draws=70 decodes=0 decMs=0
[OTS] f=55320 calls=2 n0=2300 n1=274 prims=60980 bb=160,1120,0,694
[OTT] walkUs=2354 texUs=125 emitUs=674 submitUs=227 otherUs=1326 prims=392 usPerPrim=6
[FT] avgMs=16 worstMs=46 gameMs=11 drawMs=5 swapWait=0ms draws=70 decodes=0 decMs=0
[OTS] f=55440 calls=2 n0=2299 n1=274 prims=61274 bb=160,1120,0,694
[OTT] walkUs=2263 texUs=124 emitUs=680 submitUs=195 otherUs=1263 prims=391 usPerPrim=5
[FT] avgMs=16 worstMs=52 gameMs=11 drawMs=5 swapWait=1ms draws=71 decodes=0 decMs=0
[OTS] f=55560 calls=2 n0=2300 n1=274 prims=61001 bb=160,1120,0,694
[OTT] walkUs=2296 texUs=123 emitUs=678 submitUs=198 otherUs=1294 prims=392 usPerPrim=5
[FT] avgMs=16 worstMs=48 gameMs=11 drawMs=5 swapWait=0ms draws=70 decodes=0 decMs=0
[OTS] f=55680 calls=2 n0=2301 n1=274 prims=61202 bb=160,1120,0,694
[OTT] walkUs=2024 texUs=124 emitUs=686 submitUs=175 otherUs=1038 prims=393 usPerPrim=5
[SH-XBOX] vblank 55800
[MEM] tick: free=4016KB (1004 pages)
[FT] avgMs=16 worstMs=45 gameMs=11 drawMs=5 swapWait=0ms draws=71 decodes=0 decMs=0
[OTS] f=55800 calls=2 n0=2301 n1=274 prims=61024 bb=160,1120,0,694
[OTT] walkUs=2010 texUs=124 emitUs=684 submitUs=186 otherUs=1014 prims=393 usPerPrim=5
[FT] avgMs=16 worstMs=46 gameMs=11 drawMs=5 swapWait=0ms draws=70 decodes=0 decMs=0
[OTS] f=55920 calls=2 n0=2300 n1=274 prims=61213 bb=160,1120,0,694
[OTT] walkUs=2065 texUs=124 emitUs=679 submitUs=255 otherUs=1005 prims=392 usPerPrim=5
[FT] avgMs=16 worstMs=54 gameMs=11 drawMs=5 swapWait=0ms draws=71 decodes=0 decMs=0
[OTS] f=56040 calls=2 n0=2299 n1=274 prims=61022 bb=160,1120,0,694
[OTT] walkUs=2369 texUs=126 emitUs=676 submitUs=320 otherUs=1246 prims=391 usPerPrim=6
[FT] avgMs=16 worstMs=50 gameMs=11 drawMs=5 swapWait=0ms draws=70 decodes=0 decMs=0
[OTS] f=56160 calls=2 n0=2300 n1=274 prims=61214 bb=160,1120,0,694
[OTT] walkUs=1993 texUs=125 emitUs=679 submitUs=377 otherUs=811 prims=392 usPerPrim=5
[FT] avgMs=16 worstMs=44 gameMs=11 drawMs=5 swapWait=0ms draws=70 decodes=0 decMs=0
[OTS] f=56280 calls=2 n0=2299 n1=274 prims=61043 bb=160,1120,0,694
[OTT] walkUs=2226 texUs=124 emitUs=673 submitUs=181 otherUs=1247 prims=391 usPerPrim=5
[SH-XBOX] vblank 56400
[MEM] tick: free=4016KB (1004 pages)
[FT] avgMs=16 worstMs=45 gameMs=11 drawMs=5 swapWait=0ms draws=71 decodes=0 decMs=0
[OTS] f=56400 calls=2 n0=2303 n1=274 prims=61249 bb=160,1120,0,694
[OTT] walkUs=2043 texUs=125 emitUs=690 submitUs=308 otherUs=918 prims=395 usPerPrim=5
[FT] avgMs=16 worstMs=53 gameMs=11 drawMs=5 swapWait=0ms draws=70 decodes=0 decMs=0
[OTS] f=56520 calls=2 n0=2297 n1=274 prims=61009 bb=160,1120,0,694
[OTT] walkUs=2137 texUs=122 emitUs=671 submitUs=279 otherUs=1063 prims=389 usPerPrim=5
[FT] avgMs=16 worstMs=49 gameMs=11 drawMs=5 swapWait=0ms draws=71 decodes=0 decMs=0
[OTS] f=56640 calls=2 n0=2302 n1=274 prims=61172 bb=160,1120,0,694
[OTT] walkUs=2351 texUs=124 emitUs=683 submitUs=272 otherUs=1270 prims=394 usPerPrim=5
[FT] avgMs=16 worstMs=44 gameMs=11 drawMs=5 swapWait=0ms draws=71 decodes=0 decMs=0
[OTS] f=56760 calls=2 n0=2296 n1=274 prims=61235 bb=160,1120,0,694
[OTT] walkUs=2050 texUs=122 emitUs=673 submitUs=300 otherUs=953 prims=388 usPerPrim=5
[FT] avgMs=16 worstMs=46 gameMs=11 drawMs=5 swapWait=0ms draws=70 decodes=0 decMs=0
[OTS] f=56880 calls=2 n0=2298 n1=274 prims=60998 bb=160,1120,0,694
[OTT] walkUs=2121 texUs=123 emitUs=674 submitUs=387 otherUs=935 prims=390 usPerPrim=5
[SH-XBOX] vblank 57000
[MEM] tick: free=4016KB (1004 pages)
[FT] avgMs=16 worstMs=53 gameMs=11 drawMs=5 swapWait=0ms draws=71 decodes=0 decMs=0
[OTS] f=57000 calls=2 n0=2298 n1=274 prims=61266 bb=160,1120,0,694
[OTT] walkUs=2161 texUs=123 emitUs=677 submitUs=244 otherUs=1115 prims=390 usPerPrim=5
[FT] avgMs=16 worstMs=49 gameMs=11 drawMs=5 swapWait=0ms draws=71 decodes=0 decMs=0
[OTS] f=57120 calls=2 n0=2303 n1=274 prims=61054 bb=160,1120,0,694
[OTT] walkUs=2085 texUs=125 emitUs=686 submitUs=289 otherUs=982 prims=395 usPerPrim=5
[FT] avgMs=16 worstMs=44 gameMs=11 drawMs=5 swapWait=0ms draws=71 decodes=0 decMs=0
[OTS] f=57240 calls=2 n0=2300 n1=274 prims=61324 bb=160,1120,0,694
[OTT] walkUs=2061 texUs=124 emitUs=683 submitUs=323 otherUs=930 prims=392 usPerPrim=5
[FT] avgMs=16 worstMs=45 gameMs=11 drawMs=5 swapWait=0ms draws=70 decodes=0 decMs=0
[OTS] f=57360 calls=2 n0=2301 n1=274 prims=60899 bb=160,1120,0,694
[OTT] walkUs=2218 texUs=129 emitUs=683 submitUs=196 otherUs=1209 prims=393 usPerPrim=5
[FT] avgMs=16 worstMs=54 gameMs=11 drawMs=5 swapWait=0ms draws=71 decodes=0 decMs=0
[OTS] f=57480 calls=2 n0=2301 n1=274 prims=61328 bb=160,1120,0,694
[OTT] walkUs=2187 texUs=125 emitUs=684 submitUs=188 otherUs=1188 prims=393 usPerPrim=5
[SH-XBOX] vblank 57600
[MEM] tick: free=4016KB (1004 pages)
[FT] avgMs=16 worstMs=49 gameMs=11 drawMs=5 swapWait=0ms draws=70 decodes=0 decMs=0
[OTS] f=57600 calls=2 n0=2298 n1=274 prims=60996 bb=160,1120,0,694
[OTT] walkUs=2121 texUs=124 emitUs=666 submitUs=188 otherUs=1141 prims=390 usPerPrim=5
[FT] avgMs=16 worstMs=45 gameMs=11 drawMs=5 swapWait=0ms draws=70 decodes=0 decMs=0
[OTS] f=57720 calls=2 n0=2302 n1=274 prims=61243 bb=160,1120,0,694
[OTT] walkUs=2295 texUs=125 emitUs=686 submitUs=193 otherUs=1289 prims=394 usPerPrim=5
[FT] avgMs=16 worstMs=46 gameMs=11 drawMs=5 swapWait=0ms draws=71 decodes=0 decMs=0
[OTS] f=57840 calls=2 n0=2300 n1=274 prims=61006 bb=160,1120,0,694
[OTT] walkUs=2263 texUs=125 emitUs=682 submitUs=243 otherUs=1211 prims=392 usPerPrim=5
[FT] avgMs=16 worstMs=53 gameMs=11 drawMs=5 swapWait=1ms draws=70 decodes=0 decMs=0
[OTS] f=57960 calls=2 n0=2298 n1=274 prims=61219 bb=160,1120,0,694
[OTT] walkUs=2321 texUs=127 emitUs=669 submitUs=212 otherUs=1311 prims=390 usPerPrim=5
[FT] avgMs=16 worstMs=48 gameMs=11 drawMs=5 swapWait=0ms draws=70 decodes=0 decMs=0
[OTS] f=58080 calls=2 n0=2297 n1=274 prims=61044 bb=160,1120,0,694
[OTT] walkUs=2382 texUs=122 emitUs=676 submitUs=407 otherUs=1176 prims=389 usPerPrim=6
[SH-XBOX] vblank 58200
[MEM] tick: free=4016KB (1004 pages)
[FT] avgMs=16 worstMs=44 gameMs=11 drawMs=5 swapWait=1ms draws=71 decodes=0 decMs=0
[OTS] f=58200 calls=2 n0=2301 n1=274 prims=61257 bb=160,1120,0,694
[OTT] walkUs=2254 texUs=124 emitUs=683 submitUs=201 otherUs=1245 prims=393 usPerPrim=5
[FT] avgMs=16 worstMs=46 gameMs=11 drawMs=5 swapWait=0ms draws=70 decodes=0 decMs=0
[OTS] f=58320 calls=2 n0=2298 n1=274 prims=60972 bb=160,1120,0,694
[OTT] walkUs=2255 texUs=127 emitUs=676 submitUs=288 otherUs=1164 prims=390 usPerPrim=5
[FT] avgMs=16 worstMs=53 gameMs=11 drawMs=5 swapWait=0ms draws=70 decodes=0 decMs=0
[OTS] f=58440 calls=2 n0=2302 n1=274 prims=61187 bb=160,1120,0,694
[OTT] walkUs=2344 texUs=126 emitUs=681 submitUs=366 otherUs=1169 prims=394 usPerPrim=5
[FT] avgMs=16 worstMs=49 gameMs=11 drawMs=5 swapWait=0ms draws=70 decodes=0 decMs=0
[OTS] f=58560 calls=2 n0=2297 n1=274 prims=61100 bb=160,1120,0,694
[OTT] walkUs=2276 texUs=122 emitUs=675 submitUs=197 otherUs=1280 prims=389 usPerPrim=5
[FT] avgMs=16 worstMs=44 gameMs=11 drawMs=5 swapWait=0ms draws=71 decodes=0 decMs=0
[OTS] f=58680 calls=2 n0=2302 n1=274 prims=61161 bb=160,1120,0,694
[OTT] walkUs=2236 texUs=124 emitUs=682 submitUs=413 otherUs=1016 prims=394 usPerPrim=5
[SH-XBOX] vblank 58800
[MEM] tick: free=4016KB (1004 pages)
[FT] avgMs=16 worstMs=45 gameMs=11 drawMs=5 swapWait=0ms draws=70 decodes=0 decMs=0
[OTS] f=58800 calls=2 n0=2295 n1=274 prims=61128 bb=160,1120,0,694
[OTT] walkUs=2038 texUs=122 emitUs=662 submitUs=184 otherUs=1069 prims=387 usPerPrim=5
[FT] avgMs=16 worstMs=53 gameMs=11 drawMs=5 swapWait=0ms draws=70 decodes=0 decMs=0
[OTS] f=58920 calls=2 n0=2302 n1=274 prims=61062 bb=160,1120,0,694
[OTT] walkUs=2003 texUs=125 emitUs=688 submitUs=194 otherUs=995 prims=394 usPerPrim=5
[FT] avgMs=16 worstMs=49 gameMs=11 drawMs=5 swapWait=0ms draws=71 decodes=0 decMs=0
[OTS] f=59040 calls=2 n0=2300 n1=274 prims=61312 bb=160,1120,0,694
[OTT] walkUs=2218 texUs=124 emitUs=681 submitUs=300 otherUs=1111 prims=392 usPerPrim=5
[FT] avgMs=16 worstMs=44 gameMs=11 drawMs=5 swapWait=0ms draws=70 decodes=0 decMs=0
[OTS] f=59160 calls=2 n0=2302 n1=274 prims=60906 bb=160,1120,0,694
[OTT] walkUs=2184 texUs=124 emitUs=686 submitUs=314 otherUs=1058 prims=394 usPerPrim=5
[FT] avgMs=16 worstMs=46 gameMs=11 drawMs=5 swapWait=0ms draws=71 decodes=0 decMs=0
[OTS] f=59280 calls=2 n0=2299 n1=274 prims=61318 bb=160,1120,0,694
[OTT] walkUs=2195 texUs=123 emitUs=678 submitUs=515 otherUs=878 prims=391 usPerPrim=5
[SH-XBOX] vblank 59400
[MEM] tick: free=4016KB (1004 pages)
[FT] avgMs=16 worstMs=52 gameMs=11 drawMs=5 swapWait=0ms draws=70 decodes=0 decMs=0
[OTS] f=59400 calls=2 n0=2297 n1=274 prims=60992 bb=160,1120,0,694
[OTT] walkUs=2084 texUs=124 emitUs=669 submitUs=276 otherUs=1013 prims=389 usPerPrim=5
[FT] avgMs=16 worstMs=49 gameMs=11 drawMs=5 swapWait=1ms draws=70 decodes=0 decMs=0
[OTS] f=59520 calls=2 n0=2301 n1=274 prims=61240 bb=160,1120,0,694
[OTT] walkUs=2346 texUs=128 emitUs=681 submitUs=445 otherUs=1092 prims=393 usPerPrim=5
[FT] avgMs=16 worstMs=45 gameMs=11 drawMs=5 swapWait=0ms draws=71 decodes=0 decMs=0
[OTS] f=59640 calls=2 n0=2302 n1=274 prims=61018 bb=160,1120,0,694
[OTT] walkUs=2104 texUs=125 emitUs=691 submitUs=359 otherUs=929 prims=394 usPerPrim=5
[FT] avgMs=16 worstMs=46 gameMs=11 drawMs=5 swapWait=0ms draws=71 decodes=0 decMs=0
[OTS] f=59760 calls=2 n0=2300 n1=274 prims=61317 bb=160,1120,0,694
[OTT] walkUs=2032 texUs=125 emitUs=684 submitUs=195 otherUs=1027 prims=392 usPerPrim=5
[FT] avgMs=16 worstMs=53 gameMs=11 drawMs=5 swapWait=0ms draws=71 decodes=0 decMs=0
[OTS] f=59880 calls=2 n0=2298 n1=274 prims=61048 bb=160,1120,0,694
[OTT] walkUs=2226 texUs=124 emitUs=676 submitUs=192 otherUs=1234 prims=390 usPerPrim=5
[SH-XBOX] vblank 60000
[MEM] tick: free=4016KB (1004 pages)
[FT] avgMs=16 worstMs=49 gameMs=11 drawMs=5 swapWait=0ms draws=70 decodes=0 decMs=0
[OTS] f=60000 calls=2 n0=2302 n1=274 prims=61161 bb=160,1120,0,694
[OTT] walkUs=2168 texUs=125 emitUs=686 submitUs=312 otherUs=1045 prims=394 usPerPrim=5
[FT] avgMs=16 worstMs=44 gameMs=11 drawMs=5 swapWait=0ms draws=71 decodes=0 decMs=0
[OTS] f=60120 calls=2 n0=2300 n1=274 prims=61083 bb=160,1120,0,694
[OTT] walkUs=2277 texUs=129 emitUs=678 submitUs=404 otherUs=1065 prims=392 usPerPrim=5
[FT] avgMs=16 worstMs=45 gameMs=11 drawMs=5 swapWait=0ms draws=70 decodes=0 decMs=0
[OTS] f=60240 calls=2 n0=2301 n1=274 prims=61199 bb=160,1120,0,694
[OTT] walkUs=2212 texUs=125 emitUs=684 submitUs=189 otherUs=1213 prims=393 usPerPrim=5
[FT] avgMs=16 worstMs=53 gameMs=11 drawMs=5 swapWait=0ms draws=70 decodes=0 decMs=0
[OTS] f=60360 calls=2 n0=2297 n1=274 prims=61077 bb=160,1120,0,694
[OTT] walkUs=2223 texUs=122 emitUs=679 submitUs=204 otherUs=1217 prims=389 usPerPrim=5
[FT] avgMs=16 worstMs=48 gameMs=11 drawMs=5 swapWait=0ms draws=71 decodes=0 decMs=0
[OTS] f=60480 calls=2 n0=2302 n1=274 prims=61172 bb=160,1120,0,694
[OTT] walkUs=2508 texUs=125 emitUs=683 submitUs=693 otherUs=1007 prims=394 usPerPrim=6
[SH-XBOX] vblank 60600
[MEM] tick: free=4016KB (1004 pages)
[FT] avgMs=16 worstMs=44 gameMs=11 drawMs=5 swapWait=0ms draws=70 decodes=0 decMs=0
[OTS] f=60600 calls=2 n0=2294 n1=274 prims=61087 bb=160,1120,0,694
[OTT] walkUs=2277 texUs=123 emitUs=661 submitUs=353 otherUs=1139 prims=386 usPerPrim=5
[FT] avgMs=16 worstMs=45 gameMs=11 drawMs=5 swapWait=0ms draws=70 decodes=0 decMs=0
[OTS] f=60720 calls=2 n0=2297 n1=274 prims=61122 bb=160,1120,0,694
[OTT] walkUs=2338 texUs=123 emitUs=673 submitUs=220 otherUs=1320 prims=389 usPerPrim=6
[FT] avgMs=16 worstMs=53 gameMs=11 drawMs=5 swapWait=0ms draws=71 decodes=0 decMs=0
[OTS] f=60840 calls=2 n0=2298 n1=274 prims=61290 bb=160,1120,0,694
[OTT] walkUs=2249 texUs=123 emitUs=677 submitUs=533 otherUs=914 prims=390 usPerPrim=5
[FT] avgMs=16 worstMs=49 gameMs=11 drawMs=5 swapWait=1ms draws=70 decodes=0 decMs=0
[OTS] f=60960 calls=2 n0=2303 n1=274 prims=60926 bb=160,1120,0,694
[OTT] walkUs=2265 texUs=125 emitUs=685 submitUs=472 otherUs=981 prims=395 usPerPrim=5
[FT] avgMs=16 worstMs=44 gameMs=11 drawMs=5 swapWait=0ms draws=70 decodes=0 decMs=0
[OTS] f=61080 calls=2 n0=2298 n1=274 prims=61240 bb=160,1120,0,694
[OTT] walkUs=2107 texUs=125 emitUs=669 submitUs=174 otherUs=1138 prims=390 usPerPrim=5
[SH-XBOX] vblank 61200
[MEM] tick: free=4016KB (1004 pages)
[FT] avgMs=16 worstMs=46 gameMs=11 drawMs=5 swapWait=0ms draws=70 decodes=0 decMs=0
[OTS] f=61200 calls=2 n0=2300 n1=274 prims=60971 bb=160,1120,0,694
[OTT] walkUs=2223 texUs=124 emitUs=684 submitUs=186 otherUs=1228 prims=392 usPerPrim=5
[FT] avgMs=16 worstMs=53 gameMs=11 drawMs=5 swapWait=0ms draws=71 decodes=0 decMs=0
[OTS] f=61320 calls=2 n0=2301 n1=274 prims=61340 bb=160,1120,0,694
[OTT] walkUs=1966 texUs=124 emitUs=682 submitUs=221 otherUs=938 prims=393 usPerPrim=5
[FT] avgMs=16 worstMs=49 gameMs=11 drawMs=5 swapWait=0ms draws=70 decodes=0 decMs=0
[OTS] f=61440 calls=2 n0=2301 n1=274 prims=60862 bb=160,1120,0,694
[OTT] walkUs=2378 texUs=124 emitUs=684 submitUs=193 otherUs=1376 prims=393 usPerPrim=6
[FT] avgMs=16 worstMs=44 gameMs=11 drawMs=5 swapWait=0ms draws=71 decodes=0 decMs=0
[OTS] f=61560 calls=2 n0=2302 n1=274 prims=61344 bb=160,1120,0,694
[OTT] walkUs=2016 texUs=125 emitUs=682 submitUs=328 otherUs=879 prims=394 usPerPrim=5
[FT] avgMs=16 worstMs=46 gameMs=11 drawMs=5 swapWait=0ms draws=71 decodes=0 decMs=0
[OTS] f=61680 calls=2 n0=2300 n1=274 prims=61038 bb=160,1120,0,694
[OTT] walkUs=2157 texUs=124 emitUs=684 submitUs=236 otherUs=1111 prims=392 usPerPrim=5
[SH-XBOX] vblank 61800
[MEM] tick: free=4016KB (1004 pages)
[FT] avgMs=16 worstMs=52 gameMs=11 drawMs=5 swapWait=0ms draws=70 decodes=0 decMs=0
[OTS] f=61800 calls=2 n0=2300 n1=274 prims=61178 bb=160,1120,0,694
[OTT] walkUs=2099 texUs=124 emitUs=679 submitUs=264 otherUs=1030 prims=392 usPerPrim=5
[FT] avgMs=16 worstMs=48 gameMs=11 drawMs=5 swapWait=0ms draws=71 decodes=0 decMs=0
[OTS] f=61920 calls=2 n0=2298 n1=274 prims=61064 bb=160,1120,0,694
[OTT] walkUs=2264 texUs=123 emitUs=674 submitUs=227 otherUs=1239 prims=390 usPerPrim=5
[FT] avgMs=17 worstMs=67 gameMs=11 drawMs=5 swapWait=0ms draws=70 decodes=0 decMs=0
[OTS] f=62040 calls=2 n0=2299 n1=274 prims=61195 bb=160,1120,0,694
[OTT] walkUs=2273 texUs=125 emitUs=673 submitUs=218 otherUs=1256 prims=391 usPerPrim=5
[FT] avgMs=16 worstMs=46 gameMs=11 drawMs=5 swapWait=0ms draws=70 decodes=0 decMs=0
[OTS] f=62160 calls=2 n0=2298 n1=274 prims=61056 bb=160,1120,0,694
[OTT] walkUs=2217 texUs=124 emitUs=680 submitUs=542 otherUs=870 prims=390 usPerPrim=5
[FT] avgMs=16 worstMs=53 gameMs=11 drawMs=5 swapWait=0ms draws=71 decodes=0 decMs=0
[OTS] f=62280 calls=2 n0=2304 n1=274 prims=61209 bb=160,1120,0,694
[OTT] walkUs=2084 texUs=125 emitUs=690 submitUs=394 otherUs=873 prims=396 usPerPrim=5
[SH-XBOX] vblank 62400
[MEM] tick: free=4016KB (1004 pages)
[FT] avgMs=16 worstMs=48 gameMs=11 drawMs=5 swapWait=0ms draws=71 decodes=0 decMs=0
[OTS] f=62400 calls=2 n0=2297 n1=274 prims=61176 bb=160,1120,0,694
[OTT] walkUs=2428 texUs=122 emitUs=674 submitUs=788 otherUs=842 prims=389 usPerPrim=6
[FT] avgMs=16 worstMs=44 gameMs=11 drawMs=5 swapWait=0ms draws=71 decodes=0 decMs=0
[OTS] f=62520 calls=2 n0=2301 n1=274 prims=61172 bb=160,1120,0,694
[OTT] walkUs=2157 texUs=125 emitUs=682 submitUs=210 otherUs=1139 prims=393 usPerPrim=5
[FT] avgMs=16 worstMs=46 gameMs=11 drawMs=5 swapWait=1ms draws=70 decodes=0 decMs=0
[OTS] f=62640 calls=2 n0=2297 n1=274 prims=61121 bb=160,1120,0,694
[OTT] walkUs=2025 texUs=130 emitUs=671 submitUs=203 otherUs=1019 prims=389 usPerPrim=5
[FT] avgMs=16 worstMs=53 gameMs=11 drawMs=5 swapWait=0ms draws=71 decodes=0 decMs=0
[OTS] f=62760 calls=2 n0=2303 n1=274 prims=61086 bb=160,1120,0,694
[OTT] walkUs=2188 texUs=125 emitUs=692 submitUs=196 otherUs=1173 prims=395 usPerPrim=5
[FT] avgMs=16 worstMs=48 gameMs=11 drawMs=5 swapWait=0ms draws=70 decodes=0 decMs=0
[OTS] f=62880 calls=2 n0=2298 n1=274 prims=61214 bb=160,1120,0,694
[OTT] walkUs=2214 texUs=124 emitUs=669 submitUs=237 otherUs=1182 prims=390 usPerPrim=5
[SH-XBOX] vblank 63000
[MEM] tick: free=4016KB (1004 pages)
[FT] avgMs=16 worstMs=44 gameMs=11 drawMs=5 swapWait=0ms draws=70 decodes=0 decMs=0
[OTS] f=63000 calls=2 n0=2301 n1=274 prims=60998 bb=160,1120,0,694
[OTT] walkUs=2143 texUs=125 emitUs=679 submitUs=302 otherUs=1036 prims=393 usPerPrim=5
[FT] avgMs=16 worstMs=45 gameMs=11 drawMs=5 swapWait=0ms draws=71 decodes=0 decMs=0
[OTS] f=63120 calls=2 n0=2299 n1=274 prims=61326 bb=160,1120,0,694
[OTT] walkUs=2308 texUs=123 emitUs=683 submitUs=337 otherUs=1164 prims=391 usPerPrim=5
[FT] avgMs=16 worstMs=53 gameMs=11 drawMs=5 swapWait=1ms draws=70 decodes=0 decMs=0
[OTS] f=63240 calls=2 n0=2300 n1=274 prims=60872 bb=160,1120,0,694
[OTT] walkUs=2277 texUs=124 emitUs=677 submitUs=195 otherUs=1279 prims=392 usPerPrim=5
[FT] avgMs=16 worstMs=49 gameMs=11 drawMs=5 swapWait=0ms draws=71 decodes=0 decMs=0
[OTS] f=63360 calls=2 n0=2301 n1=274 prims=61330 bb=160,1120,0,694
[OTT] walkUs=2337 texUs=124 emitUs=685 submitUs=449 otherUs=1078 prims=393 usPerPrim=5
[FT] avgMs=16 worstMs=44 gameMs=11 drawMs=5 swapWait=0ms draws=71 decodes=0 decMs=0
[OTS] f=63480 calls=2 n0=2302 n1=274 prims=61047 bb=160,1120,0,694
[OTT] walkUs=2557 texUs=124 emitUs=687 submitUs=696 otherUs=1048 prims=394 usPerPrim=6
[SH-XBOX] vblank 63600
[MEM] tick: free=4016KB (1004 pages)
[FT] avgMs=16 worstMs=45 gameMs=11 drawMs=5 swapWait=0ms draws=70 decodes=0 decMs=0
[OTS] f=63600 calls=2 n0=2300 n1=274 prims=61189 bb=160,1120,0,694
[OTT] walkUs=2335 texUs=124 emitUs=683 submitUs=223 otherUs=1303 prims=392 usPerPrim=5
[FT] avgMs=16 worstMs=53 gameMs=11 drawMs=5 swapWait=0ms draws=70 decodes=0 decMs=0
[OTS] f=63720 calls=2 n0=2297 n1=274 prims=60936 bb=160,1120,0,694
[OTT] walkUs=2243 texUs=123 emitUs=668 submitUs=294 otherUs=1156 prims=389 usPerPrim=5
[FT] avgMs=16 worstMs=49 gameMs=11 drawMs=5 swapWait=0ms draws=70 decodes=0 decMs=0
[OTS] f=63840 calls=2 n0=2301 n1=274 prims=61245 bb=160,1120,0,694
[OTT] walkUs=2005 texUs=126 emitUs=678 submitUs=205 otherUs=994 prims=393 usPerPrim=5
[FT] avgMs=16 worstMs=44 gameMs=11 drawMs=5 swapWait=0ms draws=71 decodes=0 decMs=0
[OTS] f=63960 calls=2 n0=2300 n1=274 prims=61111 bb=160,1120,0,694
[OTT] walkUs=2217 texUs=128 emitUs=678 submitUs=363 otherUs=1047 prims=392 usPerPrim=5
[FT] avgMs=16 worstMs=46 gameMs=11 drawMs=5 swapWait=0ms draws=70 decodes=0 decMs=0
[OTS] f=64080 calls=2 n0=2303 n1=274 prims=61109 bb=160,1120,0,694
[OTT] walkUs=2024 texUs=126 emitUs=685 submitUs=176 otherUs=1036 prims=395 usPerPrim=5
[SH-XBOX] vblank 64200
[MEM] tick: free=4016KB (1004 pages)
[FT] avgMs=16 worstMs=53 gameMs=11 drawMs=5 swapWait=0ms draws=71 decodes=0 decMs=0
[OTS] f=64200 calls=2 n0=2297 n1=274 prims=61138 bb=160,1120,0,694
[OTT] walkUs=2316 texUs=123 emitUs=674 submitUs=386 otherUs=1132 prims=389 usPerPrim=5
[FT] avgMs=16 worstMs=48 gameMs=11 drawMs=5 swapWait=0ms draws=70 decodes=0 decMs=0
[OTS] f=64320 calls=2 n0=2299 n1=274 prims=61180 bb=160,1120,0,694
[OTT] walkUs=2019 texUs=125 emitUs=673 submitUs=359 otherUs=861 prims=391 usPerPrim=5
[FT] avgMs=16 worstMs=44 gameMs=11 drawMs=5 swapWait=0ms draws=70 decodes=0 decMs=0
[OTS] f=64440 calls=2 n0=2296 n1=274 prims=61099 bb=160,1120,0,694
[OTT] walkUs=2195 texUs=123 emitUs=669 submitUs=350 otherUs=1052 prims=388 usPerPrim=5
[FT] avgMs=16 worstMs=46 gameMs=11 drawMs=5 swapWait=0ms draws=71 decodes=0 decMs=0
[OTS] f=64560 calls=2 n0=2298 n1=274 prims=61126 bb=160,1120,0,694
[OTT] walkUs=2268 texUs=123 emitUs=680 submitUs=297 otherUs=1167 prims=390 usPerPrim=5
[FT] avgMs=16 worstMs=54 gameMs=11 drawMs=5 swapWait=0ms draws=70 decodes=0 decMs=0
[OTS] f=64680 calls=2 n0=2296 n1=274 prims=61180 bb=160,1120,0,694
[OTT] walkUs=2027 texUs=123 emitUs=674 submitUs=181 otherUs=1048 prims=388 usPerPrim=5
[SH-XBOX] vblank 64800
[MEM] tick: free=4016KB (1004 pages)
[FT] avgMs=16 worstMs=48 gameMs=11 drawMs=5 swapWait=1ms draws=70 decodes=0 decMs=0
[OTS] f=64800 calls=2 n0=2302 n1=274 prims=61038 bb=160,1120,0,694
[OTT] walkUs=2304 texUs=128 emitUs=683 submitUs=220 otherUs=1273 prims=394 usPerPrim=5
[FT] avgMs=16 worstMs=43 gameMs=11 drawMs=5 swapWait=0ms draws=71 decodes=0 decMs=0
[OTS] f=64920 calls=2 n0=2300 n1=274 prims=61298 bb=160,1120,0,694
[OTT] walkUs=2064 texUs=124 emitUs=686 submitUs=193 otherUs=1059 prims=392 usPerPrim=5
[FT] avgMs=16 worstMs=45 gameMs=11 drawMs=5 swapWait=1ms draws=71 decodes=0 decMs=0
[OTS] f=65040 calls=2 n0=2301 n1=274 prims=61027 bb=160,1120,0,694
[OTT] walkUs=2324 texUs=124 emitUs=681 submitUs=445 otherUs=1073 prims=393 usPerPrim=5
[FT] avgMs=16 worstMs=53 gameMs=11 drawMs=5 swapWait=0ms draws=70 decodes=0 decMs=0
[OTS] f=65160 calls=2 n0=2299 n1=274 prims=61306 bb=160,1120,0,694
[OTT] walkUs=2158 texUs=124 emitUs=674 submitUs=208 otherUs=1151 prims=391 usPerPrim=5
[FT] avgMs=16 worstMs=48 gameMs=11 drawMs=5 swapWait=0ms draws=70 decodes=0 decMs=0
[OTS] f=65280 calls=2 n0=2301 n1=274 prims=60914 bb=160,1120,0,694
[OTT] walkUs=2148 texUs=128 emitUs=680 submitUs=441 otherUs=897 prims=393 usPerPrim=5
[SH-XBOX] vblank 65400
[MEM] tick: free=4016KB (1004 pages)
[FT] avgMs=16 worstMs=44 gameMs=11 drawMs=5 swapWait=0ms draws=71 decodes=0 decMs=0
[OTS] f=65400 calls=2 n0=2302 n1=274 prims=61344 bb=160,1120,0,694
[OTT] walkUs=2086 texUs=125 emitUs=685 submitUs=274 otherUs=1001 prims=394 usPerPrim=5
[FT] avgMs=16 worstMs=45 gameMs=11 drawMs=5 swapWait=0ms draws=70 decodes=0 decMs=0
[OTS] f=65520 calls=2 n0=2298 n1=274 prims=60904 bb=160,1120,0,694
[OTT] walkUs=2194 texUs=124 emitUs=669 submitUs=288 otherUs=1111 prims=390 usPerPrim=5
[FT] avgMs=16 worstMs=53 gameMs=11 drawMs=5 swapWait=1ms draws=70 decodes=0 decMs=0
[OTS] f=65640 calls=2 n0=2299 n1=274 prims=61285 bb=160,1120,0,694
[OTT] walkUs=2329 texUs=124 emitUs=673 submitUs=313 otherUs=1218 prims=391 usPerPrim=5
[FT] avgMs=16 worstMs=49 gameMs=11 drawMs=5 swapWait=0ms draws=71 decodes=0 decMs=0
[OTS] f=65760 calls=2 n0=2298 n1=274 prims=61090 bb=160,1120,0,694
[OTT] walkUs=2270 texUs=126 emitUs=673 submitUs=468 otherUs=1002 prims=390 usPerPrim=5
[FT] avgMs=16 worstMs=44 gameMs=11 drawMs=5 swapWait=0ms draws=70 decodes=0 decMs=0
[OTS] f=65880 calls=2 n0=2301 n1=274 prims=61121 bb=160,1120,0,694
[OTT] walkUs=2289 texUs=123 emitUs=684 submitUs=398 otherUs=1082 prims=393 usPerPrim=5
[SH-XBOX] vblank 66000
[MEM] tick: free=4016KB (1004 pages)
[FT] avgMs=16 worstMs=45 gameMs=11 drawMs=5 swapWait=0ms draws=71 decodes=0 decMs=0
[OTS] f=66000 calls=2 n0=2298 n1=274 prims=61101 bb=160,1120,0,694
[OTT] walkUs=2320 texUs=123 emitUs=678 submitUs=289 otherUs=1228 prims=390 usPerPrim=5
[FT] avgMs=16 worstMs=52 gameMs=11 drawMs=5 swapWait=0ms draws=70 decodes=0 decMs=0
[OTS] f=66120 calls=2 n0=2301 n1=274 prims=61205 bb=160,1120,0,694
[OTT] walkUs=2211 texUs=125 emitUs=679 submitUs=193 otherUs=1212 prims=393 usPerPrim=5
[FT] avgMs=16 worstMs=48 gameMs=11 drawMs=5 swapWait=0ms draws=70 decodes=0 decMs=0
[OTS] f=66240 calls=2 n0=2297 n1=274 prims=61082 bb=160,1120,0,694
[OTT] walkUs=2369 texUs=123 emitUs=675 submitUs=259 otherUs=1311 prims=389 usPerPrim=6
[FT] avgMs=16 worstMs=43 gameMs=11 drawMs=5 swapWait=0ms draws=70 decodes=0 decMs=0
[OTS] f=66360 calls=2 n0=2300 n1=274 prims=61044 bb=160,1120,0,694
[OTT] walkUs=2213 texUs=125 emitUs=683 submitUs=195 otherUs=1210 prims=392 usPerPrim=5
[FT] avgMs=16 worstMs=46 gameMs=11 drawMs=5 swapWait=0ms draws=70 decodes=0 decMs=0
[OTS] f=66480 calls=2 n0=2297 n1=274 prims=61219 bb=160,1120,0,694
[OTT] walkUs=2102 texUs=122 emitUs=671 submitUs=259 otherUs=1048 prims=389 usPerPrim=5
[SH-XBOX] vblank 66600
[MEM] tick: free=4016KB (1004 pages)
[FT] avgMs=16 worstMs=52 gameMs=11 drawMs=5 swapWait=0ms draws=71 decodes=0 decMs=0
[OTS] f=66600 calls=2 n0=2303 n1=274 prims=61117 bb=160,1120,0,694
[OTT] walkUs=2327 texUs=125 emitUs=688 submitUs=199 otherUs=1314 prims=395 usPerPrim=5
[FT] avgMs=16 worstMs=48 gameMs=11 drawMs=5 swapWait=0ms draws=70 decodes=0 decMs=0
[OTS] f=66720 calls=2 n0=2300 n1=274 prims=61155 bb=160,1120,0,694
[OTT] walkUs=1970 texUs=123 emitUs=682 submitUs=265 otherUs=899 prims=392 usPerPrim=5
[FT] avgMs=16 worstMs=44 gameMs=11 drawMs=5 swapWait=0ms draws=71 decodes=0 decMs=0
[OTS] f=66840 calls=2 n0=2302 n1=274 prims=61034 bb=160,1120,0,694
[OTT] walkUs=2005 texUs=124 emitUs=682 submitUs=417 otherUs=780 prims=394 usPerPrim=5
[FT] avgMs=16 worstMs=45 gameMs=11 drawMs=5 swapWait=0ms draws=70 decodes=0 decMs=0
[OTS] f=66960 calls=2 n0=2297 n1=274 prims=61280 bb=160,1120,0,694
[OTT] walkUs=2272 texUs=124 emitUs=675 submitUs=597 otherUs=875 prims=389 usPerPrim=5
[FT] avgMs=16 worstMs=53 gameMs=11 drawMs=5 swapWait=0ms draws=70 decodes=0 decMs=0
[OTS] f=67080 calls=2 n0=2300 n1=274 prims=60940 bb=160,1120,0,694
[OTT] walkUs=1850 texUs=124 emitUs=685 submitUs=191 otherUs=848 prims=392 usPerPrim=4
[SH-XBOX] vblank 67200
[MEM] tick: free=4016KB (1004 pages)
[FT] avgMs=16 worstMs=48 gameMs=11 drawMs=5 swapWait=0ms draws=71 decodes=0 decMs=0
[OTS] f=67200 calls=2 n0=2301 n1=274 prims=61330 bb=160,1120,0,694
[OTT] walkUs=1949 texUs=124 emitUs=681 submitUs=206 otherUs=936 prims=393 usPerPrim=4
[FT] avgMs=16 worstMs=44 gameMs=11 drawMs=5 swapWait=0ms draws=70 decodes=0 decMs=0
[OTS] f=67320 calls=2 n0=2300 n1=274 prims=60899 bb=160,1120,0,694
[OTT] walkUs=1868 texUs=125 emitUs=677 submitUs=192 otherUs=872 prims=392 usPerPrim=4
[FT] avgMs=16 worstMs=45 gameMs=11 drawMs=5 swapWait=0ms draws=70 decodes=0 decMs=0
[OTS] f=67440 calls=2 n0=2299 n1=274 prims=61317 bb=160,1120,0,694
[OTT] walkUs=2096 texUs=127 emitUs=673 submitUs=338 otherUs=957 prims=391 usPerPrim=5
[FT] avgMs=16 worstMs=52 gameMs=11 drawMs=5 swapWait=0ms draws=71 decodes=0 decMs=0
[OTS] f=67560 calls=2 n0=2299 n1=274 prims=61041 bb=160,1120,0,694
[OTT] walkUs=2199 texUs=123 emitUs=681 submitUs=288 otherUs=1105 prims=391 usPerPrim=5
[FT] avgMs=16 worstMs=48 gameMs=11 drawMs=5 swapWait=0ms draws=71 decodes=0 decMs=0
[OTS] f=67680 calls=2 n0=2302 n1=274 prims=61285 bb=160,1120,0,694
[OTT] walkUs=2206 texUs=125 emitUs=687 submitUs=317 otherUs=1076 prims=394 usPerPrim=5
[SH-XBOX] vblank 67800
[MEM] tick: free=4016KB (1004 pages)
[FT] avgMs=16 worstMs=44 gameMs=11 drawMs=5 swapWait=1ms draws=70 decodes=0 decMs=0
[OTS] f=67800 calls=2 n0=2298 n1=274 prims=61029 bb=160,1120,0,694
[OTT] walkUs=1986 texUs=123 emitUs=673 submitUs=195 otherUs=993 prims=390 usPerPrim=5
[FT] avgMs=16 worstMs=45 gameMs=11 drawMs=5 swapWait=0ms draws=70 decodes=0 decMs=0
[OTS] f=67920 calls=2 n0=2302 n1=274 prims=61185 bb=160,1120,0,694
[OTT] walkUs=2180 texUs=125 emitUs=685 submitUs=192 otherUs=1177 prims=394 usPerPrim=5
[FT] avgMs=16 worstMs=53 gameMs=11 drawMs=5 swapWait=0ms draws=71 decodes=0 decMs=0
[OTS] f=68040 calls=2 n0=2297 n1=274 prims=61146 bb=160,1120,0,694
[OTT] walkUs=2135 texUs=122 emitUs=678 submitUs=188 otherUs=1145 prims=389 usPerPrim=5
[FT] avgMs=16 worstMs=48 gameMs=11 drawMs=5 swapWait=0ms draws=70 decodes=0 decMs=0
[OTS] f=68160 calls=2 n0=2302 n1=274 prims=61044 bb=160,1120,0,694
[OTT] walkUs=2244 texUs=125 emitUs=683 submitUs=197 otherUs=1238 prims=394 usPerPrim=5
[FT] avgMs=16 worstMs=43 gameMs=11 drawMs=5 swapWait=0ms draws=71 decodes=0 decMs=0
[OTS] f=68280 calls=2 n0=2296 n1=274 prims=61206 bb=160,1120,0,694
[OTT] walkUs=2225 texUs=125 emitUs=671 submitUs=298 otherUs=1129 prims=388 usPerPrim=5
[SH-XBOX] vblank 68400
[MEM] tick: free=4016KB (1004 pages)
[FT] avgMs=16 worstMs=46 gameMs=11 drawMs=5 swapWait=0ms draws=71 decodes=0 decMs=0
[OTS] f=68400 calls=2 n0=2298 n1=274 prims=61156 bb=160,1120,0,694
[OTT] walkUs=2229 texUs=123 emitUs=677 submitUs=393 otherUs=1033 prims=390 usPerPrim=5
[FT] avgMs=16 worstMs=52 gameMs=11 drawMs=5 swapWait=0ms draws=70 decodes=0 decMs=0
[OTS] f=68520 calls=2 n0=2298 n1=274 prims=61138 bb=160,1120,0,694
[OTT] walkUs=2195 texUs=123 emitUs=677 submitUs=237 otherUs=1156 prims=390 usPerPrim=5
[FT] avgMs=16 worstMs=48 gameMs=11 drawMs=5 swapWait=1ms draws=71 decodes=0 decMs=0
[OTS] f=68640 calls=2 n0=2303 n1=274 prims=61054 bb=160,1120,0,694
[OTT] walkUs=2259 texUs=125 emitUs=684 submitUs=365 otherUs=1082 prims=395 usPerPrim=5
[FT] avgMs=16 worstMs=43 gameMs=11 drawMs=5 swapWait=0ms draws=70 decodes=0 decMs=0
[OTS] f=68760 calls=2 n0=2297 n1=274 prims=61242 bb=160,1120,0,694
[OTT] walkUs=2195 texUs=125 emitUs=669 submitUs=200 otherUs=1199 prims=389 usPerPrim=5
[FT] avgMs=16 worstMs=45 gameMs=11 drawMs=5 swapWait=1ms draws=70 decodes=0 decMs=0
[OTS] f=68880 calls=2 n0=2301 n1=274 prims=60981 bb=160,1120,0,694
[OTT] walkUs=2359 texUs=125 emitUs=684 submitUs=366 otherUs=1183 prims=393 usPerPrim=6
[SH-XBOX] vblank 69000
[MEM] tick: free=4016KB (1004 pages)
[FT] avgMs=16 worstMs=52 gameMs=11 drawMs=5 swapWait=0ms draws=70 decodes=0 decMs=0
[OTS] f=69000 calls=2 n0=2301 n1=274 prims=61200 bb=160,1120,0,694
[OTT] walkUs=2375 texUs=125 emitUs=686 submitUs=391 otherUs=1172 prims=393 usPerPrim=6
[FT] avgMs=16 worstMs=48 gameMs=11 drawMs=5 swapWait=0ms draws=71 decodes=0 decMs=0
[OTS] f=69120 calls=2 n0=2301 n1=274 prims=60990 bb=160,1120,0,694
[OTT] walkUs=2342 texUs=124 emitUs=681 submitUs=415 otherUs=1120 prims=393 usPerPrim=5
[FT] avgMs=16 worstMs=44 gameMs=11 drawMs=5 swapWait=1ms draws=71 decodes=0 decMs=0
[OTS] f=69240 calls=2 n0=2301 n1=274 prims=61358 bb=160,1120,0,694
[OTT] walkUs=2314 texUs=125 emitUs=677 submitUs=232 otherUs=1279 prims=393 usPerPrim=5
[FT] avgMs=16 worstMs=45 gameMs=11 drawMs=5 swapWait=0ms draws=70 decodes=0 decMs=0
[OTS] f=69360 calls=2 n0=2300 n1=274 prims=60894 bb=160,1120,0,694
[OTT] walkUs=2237 texUs=123 emitUs=682 submitUs=438 otherUs=992 prims=392 usPerPrim=5
[FT] avgMs=16 worstMs=53 gameMs=11 drawMs=5 swapWait=0ms draws=71 decodes=0 decMs=0
[OTS] f=69480 calls=2 n0=2300 n1=274 prims=61305 bb=160,1120,0,694
[OTT] walkUs=2016 texUs=123 emitUs=679 submitUs=198 otherUs=1014 prims=392 usPerPrim=5
[SH-XBOX] vblank 69600
[MEM] tick: free=4016KB (1004 pages)
[FT] avgMs=16 worstMs=48 gameMs=11 drawMs=5 swapWait=0ms draws=70 decodes=0 decMs=0
[OTS] f=69600 calls=2 n0=2296 n1=274 prims=60994 bb=160,1120,0,694
[OTT] walkUs=2193 texUs=123 emitUs=668 submitUs=190 otherUs=1209 prims=388 usPerPrim=5
[FT] avgMs=16 worstMs=44 gameMs=11 drawMs=5 swapWait=0ms draws=70 decodes=0 decMs=0
[OTS] f=69720 calls=2 n0=2300 n1=274 prims=61217 bb=160,1120,0,694
[OTT] walkUs=2164 texUs=124 emitUs=676 submitUs=224 otherUs=1139 prims=392 usPerPrim=5
[FT] avgMs=17 worstMs=68 gameMs=11 drawMs=5 swapWait=0ms draws=71 decodes=0 decMs=0
[OTS] f=69840 calls=2 n0=2298 n1=274 prims=61104 bb=160,1120,0,694
[OTT] walkUs=2073 texUs=123 emitUs=675 submitUs=257 otherUs=1016 prims=390 usPerPrim=5
[FT] avgMs=16 worstMs=46 gameMs=11 drawMs=5 swapWait=0ms draws=70 decodes=0 decMs=0
[OTS] f=69960 calls=2 n0=2304 n1=274 prims=61083 bb=160,1120,0,694
[OTT] walkUs=2011 texUs=126 emitUs=691 submitUs=293 otherUs=900 prims=396 usPerPrim=5
[FT] avgMs=16 worstMs=42 gameMs=11 drawMs=5 swapWait=0ms draws=71 decodes=0 decMs=0
[OTS] f=70080 calls=2 n0=2297 n1=274 prims=61177 bb=160,1120,0,694
[OTT] walkUs=2350 texUs=122 emitUs=675 submitUs=397 otherUs=1154 prims=389 usPerPrim=6
[SH-XBOX] vblank 70200
[MEM] tick: free=4016KB (1004 pages)
[FT] avgMs=16 worstMs=44 gameMs=11 drawMs=5 swapWait=0ms draws=71 decodes=0 decMs=0
[OTS] f=70200 calls=2 n0=2302 n1=274 prims=61192 bb=160,1120,0,694
[OTT] walkUs=2076 texUs=125 emitUs=687 submitUs=191 otherUs=1072 prims=394 usPerPrim=5
[FT] avgMs=16 worstMs=45 gameMs=11 drawMs=5 swapWait=0ms draws=71 decodes=0 decMs=0
[OTS] f=70320 calls=2 n0=2297 n1=274 prims=61229 bb=160,1120,0,694
[OTT] walkUs=2101 texUs=122 emitUs=675 submitUs=208 otherUs=1095 prims=389 usPerPrim=5
[FT] avgMs=16 worstMs=52 gameMs=11 drawMs=5 swapWait=1ms draws=70 decodes=0 decMs=0
[OTS] f=70440 calls=2 n0=2301 n1=274 prims=61001 bb=160,1120,0,694
[OTT] walkUs=2279 texUs=125 emitUs=680 submitUs=253 otherUs=1219 prims=393 usPerPrim=5
[FT] avgMs=16 worstMs=48 gameMs=11 drawMs=5 swapWait=0ms draws=70 decodes=0 decMs=0
[OTS] f=70560 calls=2 n0=2299 n1=274 prims=61247 bb=160,1120,0,694
[OTT] walkUs=2082 texUs=124 emitUs=672 submitUs=190 otherUs=1095 prims=391 usPerPrim=5
[FT] avgMs=16 worstMs=43 gameMs=11 drawMs=5 swapWait=0ms draws=71 decodes=0 decMs=0
[OTS] f=70680 calls=2 n0=2302 n1=274 prims=61059 bb=160,1120,0,694
[OTT] walkUs=2220 texUs=125 emitUs=683 submitUs=332 otherUs=1079 prims=394 usPerPrim=5
[SH-XBOX] vblank 70800
[MEM] tick: free=4016KB (1004 pages)
[FT] avgMs=16 worstMs=44 gameMs=11 drawMs=5 swapWait=0ms draws=70 decodes=0 decMs=0
[OTS] f=70800 calls=2 n0=2299 n1=274 prims=61189 bb=160,1120,0,694
[OTT] walkUs=2053 texUs=125 emitUs=681 submitUs=200 otherUs=1047 prims=391 usPerPrim=5
[FT] avgMs=16 worstMs=52 gameMs=11 drawMs=5 swapWait=0ms draws=71 decodes=0 decMs=0
[OTS] f=70920 calls=2 n0=2300 n1=274 prims=61000 bb=160,1120,0,694
[OTT] walkUs=2210 texUs=124 emitUs=678 submitUs=217 otherUs=1189 prims=392 usPerPrim=5
[FT] avgMs=16 worstMs=48 gameMs=11 drawMs=5 swapWait=0ms draws=70 decodes=0 decMs=0
[OTS] f=71040 calls=2 n0=2298 n1=274 prims=61342 bb=160,1120,0,694
[OTT] walkUs=2240 texUs=123 emitUs=673 submitUs=183 otherUs=1259 prims=390 usPerPrim=5
[FT] avgMs=16 worstMs=44 gameMs=11 drawMs=5 swapWait=0ms draws=70 decodes=0 decMs=0
[OTS] f=71160 calls=2 n0=2302 n1=274 prims=60907 bb=160,1120,0,694
[OTT] walkUs=2188 texUs=125 emitUs=689 submitUs=380 otherUs=993 prims=394 usPerPrim=5
[FT] avgMs=16 worstMs=45 gameMs=11 drawMs=5 swapWait=0ms draws=71 decodes=0 decMs=0
[OTS] f=71280 calls=2 n0=2300 n1=274 prims=61317 bb=160,1120,0,694
[OTT] walkUs=2279 texUs=124 emitUs=679 submitUs=193 otherUs=1282 prims=392 usPerPrim=5
[SH-XBOX] vblank 71400
[MEM] tick: free=4016KB (1004 pages)
[FT] avgMs=16 worstMs=52 gameMs=11 drawMs=5 swapWait=0ms draws=70 decodes=0 decMs=0
[OTS] f=71400 calls=2 n0=2297 n1=274 prims=60935 bb=160,1120,0,694
[OTT] walkUs=2190 texUs=124 emitUs=668 submitUs=300 otherUs=1096 prims=389 usPerPrim=5
[FT] avgMs=16 worstMs=48 gameMs=11 drawMs=5 swapWait=0ms draws=70 decodes=0 decMs=0
[OTS] f=71520 calls=2 n0=2302 n1=274 prims=61273 bb=160,1120,0,694
[OTT] walkUs=2323 texUs=125 emitUs=688 submitUs=193 otherUs=1315 prims=394 usPerPrim=5
[FT] avgMs=16 worstMs=44 gameMs=11 drawMs=5 swapWait=0ms draws=70 decodes=0 decMs=0
[OTS] f=71640 calls=2 n0=2300 n1=274 prims=60955 bb=160,1120,0,694
[OTT] walkUs=2331 texUs=123 emitUs=678 submitUs=455 otherUs=1072 prims=392 usPerPrim=5
[FT] avgMs=16 worstMs=45 gameMs=11 drawMs=5 swapWait=0ms draws=71 decodes=0 decMs=0
[OTS] f=71760 calls=2 n0=2303 n1=274 prims=61236 bb=160,1120,0,694
[OTT] walkUs=2262 texUs=125 emitUs=689 submitUs=196 otherUs=1249 prims=395 usPerPrim=5
[FT] avgMs=16 worstMs=53 gameMs=11 drawMs=5 swapWait=0ms draws=70 decodes=0 decMs=0
[OTS] f=71880 calls=2 n0=2295 n1=274 prims=61116 bb=160,1120,0,694
[OTT] walkUs=2348 texUs=122 emitUs=662 submitUs=233 otherUs=1329 prims=387 usPerPrim=6
[SH-XBOX] vblank 72000
[MEM] tick: free=4016KB (1004 pages)
[FT] avgMs=16 worstMs=48 gameMs=11 drawMs=5 swapWait=0ms draws=70 decodes=0 decMs=0
[OTS] f=72000 calls=2 n0=2302 n1=274 prims=61096 bb=160,1120,0,694
[OTT] walkUs=2343 texUs=126 emitUs=687 submitUs=195 otherUs=1332 prims=394 usPerPrim=5
[FT] avgMs=16 worstMs=44 gameMs=11 drawMs=5 swapWait=0ms draws=71 decodes=0 decMs=0
[OTS] f=72120 calls=2 n0=2296 n1=274 prims=61206 bb=160,1120,0,694
[OTT] walkUs=1816 texUs=122 emitUs=676 submitUs=225 otherUs=791 prims=388 usPerPrim=4
[FT] avgMs=16 worstMs=45 gameMs=11 drawMs=5 swapWait=0ms draws=70 decodes=0 decMs=0
[OTS] f=72240 calls=2 n0=2296 n1=274 prims=61024 bb=160,1120,0,694
[OTT] walkUs=1896 texUs=123 emitUs=665 submitUs=174 otherUs=932 prims=388 usPerPrim=4
[FT] avgMs=16 worstMs=52 gameMs=11 drawMs=5 swapWait=0ms draws=70 decodes=0 decMs=0
[OTS] f=72360 calls=2 n0=2297 n1=274 prims=61251 bb=160,1120,0,694
[OTT] walkUs=2023 texUs=123 emitUs=672 submitUs=195 otherUs=1033 prims=389 usPerPrim=5
[FT] avgMs=16 worstMs=48 gameMs=11 drawMs=5 swapWait=0ms draws=71 decodes=0 decMs=0
[OTS] f=72480 calls=2 n0=2303 n1=274 prims=61074 bb=160,1120,0,694
[OTT] walkUs=1947 texUs=124 emitUs=688 submitUs=188 otherUs=945 prims=395 usPerPrim=4
[SH-XBOX] vblank 72600
[MEM] tick: free=4016KB (1004 pages)
[FT] avgMs=16 worstMs=44 gameMs=11 drawMs=5 swapWait=0ms draws=70 decodes=0 decMs=0
[OTS] f=72600 calls=2 n0=2300 n1=274 prims=61166 bb=160,1120,0,694
[OTT] walkUs=2256 texUs=124 emitUs=685 submitUs=268 otherUs=1177 prims=392 usPerPrim=5
[FT] avgMs=16 worstMs=45 gameMs=11 drawMs=5 swapWait=0ms draws=71 decodes=0 decMs=0
[OTS] f=72720 calls=2 n0=2301 n1=274 prims=61027 bb=160,1120,0,694
[OTT] walkUs=1851 texUs=128 emitUs=680 submitUs=200 otherUs=842 prims=393 usPerPrim=4
[FT] avgMs=16 worstMs=52 gameMs=11 drawMs=5 swapWait=0ms draws=71 decodes=0 decMs=0
[OTS] f=72840 calls=2 n0=2300 n1=274 prims=61350 bb=160,1120,0,694
[OTT] walkUs=2232 texUs=123 emitUs=676 submitUs=176 otherUs=1255 prims=392 usPerPrim=5
[FT] avgMs=16 worstMs=48 gameMs=11 drawMs=5 swapWait=1ms draws=71 decodes=0 decMs=0
[OTS] f=72960 calls=2 n0=2301 n1=274 prims=60998 bb=160,1120,0,694
[OTT] walkUs=2097 texUs=127 emitUs=685 submitUs=320 otherUs=964 prims=393 usPerPrim=5
[FT] avgMs=16 worstMs=43 gameMs=11 drawMs=5 swapWait=0ms draws=70 decodes=0 decMs=0
[OTS] f=73080 calls=2 n0=2300 n1=274 prims=61226 bb=160,1120,0,694
[OTT] walkUs=2190 texUs=125 emitUs=675 submitUs=280 otherUs=1108 prims=392 usPerPrim=5
[SH-XBOX] vblank 73200
[MEM] tick: free=4016KB (1004 pages)
[FT] avgMs=16 worstMs=45 gameMs=11 drawMs=5 swapWait=0ms draws=70 decodes=0 decMs=0
[OTS] f=73200 calls=2 n0=2300 n1=274 prims=60996 bb=160,1120,0,694
[OTT] walkUs=2086 texUs=123 emitUs=684 submitUs=335 otherUs=943 prims=392 usPerPrim=5
[FT] avgMs=16 worstMs=52 gameMs=11 drawMs=5 swapWait=0ms draws=71 decodes=0 decMs=0
[OTS] f=73320 calls=2 n0=2300 n1=274 prims=61335 bb=160,1120,0,694
[OTT] walkUs=2104 texUs=124 emitUs=678 submitUs=191 otherUs=1109 prims=392 usPerPrim=5
[FT] avgMs=16 worstMs=48 gameMs=11 drawMs=5 swapWait=0ms draws=70 decodes=0 decMs=0
[OTS] f=73440 calls=2 n0=2298 n1=274 prims=60936 bb=160,1120,0,694
[OTT] walkUs=2382 texUs=123 emitUs=677 submitUs=523 otherUs=1058 prims=390 usPerPrim=6
[FT] avgMs=16 worstMs=44 gameMs=11 drawMs=5 swapWait=0ms draws=71 decodes=0 decMs=0
[OTS] f=73560 calls=2 n0=2301 n1=274 prims=61249 bb=160,1120,0,694
[OTT] walkUs=2032 texUs=124 emitUs=690 submitUs=272 otherUs=944 prims=393 usPerPrim=5
[FT] avgMs=16 worstMs=45 gameMs=11 drawMs=5 swapWait=0ms draws=70 decodes=0 decMs=0
[OTS] f=73680 calls=2 n0=2295 n1=274 prims=61064 bb=160,1120,0,694
[OTT] walkUs=2192 texUs=123 emitUs=663 submitUs=316 otherUs=1089 prims=387 usPerPrim=5
[SH-XBOX] vblank 73800
[MEM] tick: free=4016KB (1004 pages)
[FT] avgMs=16 worstMs=53 gameMs=11 drawMs=5 swapWait=0ms draws=70 decodes=0 decMs=0
[OTS] f=73800 calls=2 n0=2304 n1=274 prims=61147 bb=160,1120,0,694
[OTT] walkUs=2199 texUs=126 emitUs=687 submitUs=454 otherUs=931 prims=396 usPerPrim=5
[FT] avgMs=16 worstMs=47 gameMs=11 drawMs=5 swapWait=0ms draws=71 decodes=0 decMs=0
[OTS] f=73920 calls=2 n0=2297 n1=274 prims=61176 bb=160,1120,0,694
[OTT] walkUs=2229 texUs=122 emitUs=672 submitUs=468 otherUs=966 prims=389 usPerPrim=5
[FT] avgMs=16 worstMs=43 gameMs=11 drawMs=5 swapWait=0ms draws=70 decodes=0 decMs=0
[OTS] f=74040 calls=2 n0=2300 n1=274 prims=61046 bb=160,1120,0,694
[OTT] walkUs=2231 texUs=124 emitUs=673 submitUs=238 otherUs=1195 prims=392 usPerPrim=5
[FT] avgMs=16 worstMs=45 gameMs=11 drawMs=5 swapWait=0ms draws=70 decodes=0 decMs=0
[OTS] f=74160 calls=2 n0=2296 n1=274 prims=61234 bb=160,1120,0,694
[OTT] walkUs=2185 texUs=123 emitUs=669 submitUs=192 otherUs=1200 prims=388 usPerPrim=5
[FT] avgMs=16 worstMs=46 gameMs=11 drawMs=5 swapWait=0ms draws=70 decodes=0 decMs=0
[OTS] f=74280 calls=2 n0=2303 n1=274 prims=60975 bb=160,1120,0,694
[OTT] walkUs=2379 texUs=126 emitUs=688 submitUs=333 otherUs=1231 prims=395 usPerPrim=6
[SH-XBOX] vblank 74400
[MEM] tick: free=4016KB (1004 pages)
[FT] avgMs=16 worstMs=42 gameMs=11 drawMs=5 swapWait=1ms draws=71 decodes=0 decMs=0
[OTS] f=74400 calls=2 n0=2300 n1=274 prims=61283 bb=160,1120,0,694
[OTT] walkUs=2369 texUs=123 emitUs=681 submitUs=481 otherUs=1082 prims=392 usPerPrim=6
[FT] avgMs=16 worstMs=43 gameMs=11 drawMs=5 swapWait=0ms draws=70 decodes=0 decMs=0
[OTS] f=74520 calls=2 n0=2300 n1=274 prims=60981 bb=160,1120,0,694
[OTT] walkUs=2311 texUs=124 emitUs=673 submitUs=184 otherUs=1327 prims=392 usPerPrim=5
[FT] avgMs=16 worstMs=45 gameMs=11 drawMs=5 swapWait=0ms draws=70 decodes=0 decMs=0
[OTS] f=74640 calls=2 n0=2298 n1=274 prims=61269 bb=160,1120,0,694
[OTT] walkUs=2385 texUs=123 emitUs=670 submitUs=305 otherUs=1286 prims=390 usPerPrim=6
[FT] avgMs=16 worstMs=52 gameMs=11 drawMs=5 swapWait=0ms draws=71 decodes=0 decMs=0
[OTS] f=74760 calls=2 n0=2300 n1=274 prims=61005 bb=160,1120,0,694
[OTT] walkUs=1771 texUs=125 emitUs=686 submitUs=193 otherUs=765 prims=392 usPerPrim=4
[FT] avgMs=16 worstMs=48 gameMs=11 drawMs=5 swapWait=0ms draws=70 decodes=0 decMs=0
[OTS] f=74880 calls=2 n0=2301 n1=274 prims=61201 bb=160,1120,0,694
[OTT] walkUs=2222 texUs=124 emitUs=684 submitUs=250 otherUs=1162 prims=393 usPerPrim=5
[SH-XBOX] vblank 75000
[MEM] tick: free=4016KB (1004 pages)
[FT] avgMs=16 worstMs=44 gameMs=11 drawMs=5 swapWait=0ms draws=71 decodes=0 decMs=0
[OTS] f=75000 calls=2 n0=2302 n1=274 prims=61017 bb=160,1120,0,694
[OTT] walkUs=1958 texUs=125 emitUs=690 submitUs=213 otherUs=927 prims=394 usPerPrim=4
[FT] avgMs=16 worstMs=45 gameMs=11 drawMs=5 swapWait=0ms draws=71 decodes=0 decMs=0
[OTS] f=75120 calls=2 n0=2300 n1=274 prims=61347 bb=160,1120,0,694
[OTT] walkUs=2211 texUs=129 emitUs=688 submitUs=456 otherUs=936 prims=392 usPerPrim=5
[FT] avgMs=16 worstMs=53 gameMs=11 drawMs=5 swapWait=0ms draws=70 decodes=0 decMs=0
[OTS] f=75240 calls=2 n0=2299 n1=274 prims=60893 bb=160,1120,0,694
[OTT] walkUs=2013 texUs=123 emitUs=682 submitUs=189 otherUs=1017 prims=391 usPerPrim=5
[FT] avgMs=16 worstMs=48 gameMs=11 drawMs=5 swapWait=0ms draws=71 decodes=0 decMs=0
[OTS] f=75360 calls=2 n0=2302 n1=274 prims=61285 bb=160,1120,0,694
[OTT] walkUs=1912 texUs=124 emitUs=683 submitUs=307 otherUs=796 prims=394 usPerPrim=4
[FT] avgMs=16 worstMs=44 gameMs=11 drawMs=5 swapWait=0ms draws=71 decodes=0 decMs=0
[OTS] f=75480 calls=2 n0=2299 n1=274 prims=61089 bb=160,1120,0,694
[OTT] walkUs=2032 texUs=127 emitUs=677 submitUs=473 otherUs=752 prims=391 usPerPrim=5
[SH-XBOX] vblank 75600
[MEM] tick: free=4016KB (1004 pages)
[FT] avgMs=16 worstMs=45 gameMs=11 drawMs=5 swapWait=0ms draws=71 decodes=0 decMs=0
[OTS] f=75600 calls=2 n0=2303 n1=274 prims=61260 bb=160,1120,0,694
[OTT] walkUs=1909 texUs=126 emitUs=688 submitUs=237 otherUs=856 prims=395 usPerPrim=4
[FT] avgMs=16 worstMs=53 gameMs=11 drawMs=5 swapWait=1ms draws=70 decodes=0 decMs=0
[OTS] f=75720 calls=2 n0=2297 n1=274 prims=61010 bb=160,1120,0,694
[OTT] walkUs=2070 texUs=122 emitUs=675 submitUs=188 otherUs=1083 prims=389 usPerPrim=5
[FT] avgMs=16 worstMs=47 gameMs=11 drawMs=5 swapWait=0ms draws=71 decodes=0 decMs=0
[OTS] f=75840 calls=2 n0=2302 n1=274 prims=61171 bb=160,1120,0,694
[OTT] walkUs=2205 texUs=127 emitUs=687 submitUs=439 otherUs=951 prims=394 usPerPrim=5
[FT] avgMs=16 worstMs=44 gameMs=11 drawMs=5 swapWait=1ms draws=71 decodes=0 decMs=0
[OTS] f=75960 calls=2 n0=2295 n1=274 prims=61224 bb=160,1120,0,694
[OTT] walkUs=2124 texUs=122 emitUs=668 submitUs=434 otherUs=898 prims=387 usPerPrim=5
[FT] avgMs=16 worstMs=44 gameMs=11 drawMs=5 swapWait=0ms draws=70 decodes=0 decMs=0
[OTS] f=76080 calls=2 n0=2298 n1=274 prims=61010 bb=160,1120,0,694
[OTT] walkUs=2030 texUs=123 emitUs=679 submitUs=358 otherUs=868 prims=390 usPerPrim=5
[SH-XBOX] vblank 76200
[MEM] tick: free=4016KB (1004 pages)
[FT] avgMs=16 worstMs=46 gameMs=11 drawMs=5 swapWait=0ms draws=71 decodes=0 decMs=0
[OTS] f=76200 calls=2 n0=2298 n1=274 prims=61267 bb=160,1120,0,694
[OTT] walkUs=2097 texUs=123 emitUs=677 submitUs=264 otherUs=1031 prims=390 usPerPrim=5
[FT] avgMs=16 worstMs=42 gameMs=11 drawMs=5 swapWait=0ms draws=70 decodes=0 decMs=0
[OTS] f=76320 calls=2 n0=2301 n1=274 prims=60984 bb=160,1120,0,694
[OTT] walkUs=2179 texUs=125 emitUs=679 submitUs=248 otherUs=1125 prims=393 usPerPrim=5
[FT] avgMs=16 worstMs=44 gameMs=11 drawMs=5 swapWait=0ms draws=70 decodes=0 decMs=0
[OTS] f=76440 calls=2 n0=2300 n1=274 prims=61267 bb=160,1120,0,694
[OTT] walkUs=2033 texUs=124 emitUs=678 submitUs=195 otherUs=1035 prims=392 usPerPrim=5
[FT] avgMs=16 worstMs=45 gameMs=11 drawMs=5 swapWait=0ms draws=71 decodes=0 decMs=0
[OTS] f=76560 calls=2 n0=2301 n1=274 prims=61027 bb=160,1120,0,694
[OTT] walkUs=2201 texUs=124 emitUs=681 submitUs=184 otherUs=1210 prims=393 usPerPrim=5
[FT] avgMs=16 worstMs=53 gameMs=11 drawMs=5 swapWait=0ms draws=70 decodes=0 decMs=0
[OTS] f=76680 calls=2 n0=2301 n1=274 prims=61200 bb=160,1120,0,694
[OTT] walkUs=2339 texUs=124 emitUs=687 submitUs=317 otherUs=1210 prims=393 usPerPrim=5
[SH-XBOX] vblank 76800
[MEM] tick: free=4016KB (1004 pages)
[FT] avgMs=16 worstMs=48 gameMs=11 drawMs=5 swapWait=0ms draws=70 decodes=0 decMs=0
[OTS] f=76800 calls=2 n0=2299 n1=274 prims=60984 bb=160,1120,0,694
[OTT] walkUs=2375 texUs=124 emitUs=671 submitUs=175 otherUs=1403 prims=391 usPerPrim=6
[FT] avgMs=16 worstMs=44 gameMs=11 drawMs=5 swapWait=0ms draws=70 decodes=0 decMs=0
[OTS] f=76920 calls=2 n0=2302 n1=274 prims=61252 bb=160,1120,0,694
[OTT] walkUs=2146 texUs=125 emitUs=682 submitUs=310 otherUs=1027 prims=394 usPerPrim=5
[FT] avgMs=16 worstMs=45 gameMs=11 drawMs=5 swapWait=0ms draws=71 decodes=0 decMs=0
[OTS] f=77040 calls=2 n0=2300 n1=274 prims=61006 bb=160,1120,0,694
[OTT] walkUs=2258 texUs=124 emitUs=678 submitUs=268 otherUs=1185 prims=392 usPerPrim=5
[FT] avgMs=16 worstMs=53 gameMs=11 drawMs=5 swapWait=1ms draws=70 decodes=0 decMs=0
[OTS] f=77160 calls=2 n0=2298 n1=274 prims=61219 bb=160,1120,0,694
[OTT] walkUs=2144 texUs=128 emitUs=679 submitUs=185 otherUs=1151 prims=390 usPerPrim=5
[FT] avgMs=16 worstMs=48 gameMs=11 drawMs=5 swapWait=0ms draws=70 decodes=0 decMs=0
[OTS] f=77280 calls=2 n0=2297 n1=274 prims=61032 bb=160,1120,0,694
[OTT] walkUs=2165 texUs=122 emitUs=668 submitUs=279 otherUs=1094 prims=389 usPerPrim=5
[SH-XBOX] vblank 77400
[MEM] tick: free=4016KB (1004 pages)
[FT] avgMs=16 worstMs=43 gameMs=11 drawMs=5 swapWait=1ms draws=71 decodes=0 decMs=0
[OTS] f=77400 calls=2 n0=2301 n1=274 prims=61269 bb=160,1120,0,694
[OTT] walkUs=2389 texUs=125 emitUs=694 submitUs=573 otherUs=996 prims=393 usPerPrim=6
[FT] avgMs=16 worstMs=44 gameMs=11 drawMs=5 swapWait=0ms draws=70 decodes=0 decMs=0
[OTS] f=77520 calls=2 n0=2298 n1=274 prims=60972 bb=160,1120,0,694
[OTT] walkUs=2332 texUs=122 emitUs=676 submitUs=452 otherUs=1080 prims=390 usPerPrim=5
[FT] avgMs=16 worstMs=46 gameMs=11 drawMs=5 swapWait=0ms draws=71 decodes=0 decMs=0
[OTS] f=77640 calls=2 n0=2304 n1=274 prims=61209 bb=160,1120,0,694
[OTT] walkUs=1828 texUs=130 emitUs=688 submitUs=250 otherUs=759 prims=396 usPerPrim=4
[FT] avgMs=17 worstMs=77 gameMs=11 drawMs=5 swapWait=0ms draws=70 decodes=0 decMs=0
[OTS] f=77760 calls=2 n0=2294 n1=274 prims=61192 bb=160,1120,0,694
[OTT] walkUs=1909 texUs=123 emitUs=656 submitUs=402 otherUs=726 prims=386 usPerPrim=4
[FT] avgMs=16 worstMs=43 gameMs=11 drawMs=5 swapWait=0ms draws=70 decodes=0 decMs=0
[OTS] f=77880 calls=2 n0=2302 n1=274 prims=61048 bb=160,1120,0,694
[OTT] walkUs=2221 texUs=124 emitUs=686 submitUs=287 otherUs=1123 prims=394 usPerPrim=5
[SH-XBOX] vblank 78000
[MEM] tick: free=4016KB (1004 pages)
[FT] avgMs=16 worstMs=46 gameMs=11 drawMs=5 swapWait=0ms draws=71 decodes=0 decMs=0
[OTS] f=78000 calls=2 n0=2297 n1=274 prims=61229 bb=160,1120,0,694
[OTT] walkUs=2289 texUs=122 emitUs=672 submitUs=491 otherUs=1002 prims=389 usPerPrim=5
[FT] avgMs=16 worstMs=52 gameMs=11 drawMs=5 swapWait=0ms draws=71 decodes=0 decMs=0
[OTS] f=78120 calls=2 n0=2303 n1=274 prims=61089 bb=160,1120,0,694
[OTT] walkUs=2326 texUs=125 emitUs=693 submitUs=186 otherUs=1321 prims=395 usPerPrim=5
[FT] avgMs=16 worstMs=48 gameMs=11 drawMs=5 swapWait=0ms draws=71 decodes=0 decMs=0
[OTS] f=78240 calls=2 n0=2300 n1=274 prims=61314 bb=160,1120,0,694
[OTT] walkUs=1991 texUs=124 emitUs=683 submitUs=190 otherUs=991 prims=392 usPerPrim=5
[FT] avgMs=16 worstMs=43 gameMs=11 drawMs=5 swapWait=0ms draws=70 decodes=0 decMs=0
[OTS] f=78360 calls=2 n0=2302 n1=274 prims=60907 bb=160,1120,0,694
[OTT] walkUs=2153 texUs=128 emitUs=682 submitUs=245 otherUs=1097 prims=394 usPerPrim=5
[FT] avgMs=16 worstMs=45 gameMs=11 drawMs=5 swapWait=0ms draws=71 decodes=0 decMs=0
[OTS] f=78480 calls=2 n0=2299 n1=274 prims=61317 bb=160,1120,0,694
[OTT] walkUs=2096 texUs=123 emitUs=680 submitUs=192 otherUs=1100 prims=391 usPerPrim=5
[SH-XBOX] vblank 78600
[MEM] tick: free=4016KB (1004 pages)
[FT] avgMs=16 worstMs=53 gameMs=11 drawMs=5 swapWait=0ms draws=70 decodes=0 decMs=0
[OTS] f=78600 calls=2 n0=2297 n1=274 prims=60981 bb=160,1120,0,694
[OTT] walkUs=1982 texUs=124 emitUs=668 submitUs=183 otherUs=1006 prims=389 usPerPrim=5
[FT] avgMs=16 worstMs=48 gameMs=11 drawMs=5 swapWait=0ms draws=70 decodes=0 decMs=0
[OTS] f=78720 calls=2 n0=2301 n1=274 prims=61251 bb=160,1120,0,694
[OTT] walkUs=2264 texUs=124 emitUs=685 submitUs=186 otherUs=1268 prims=393 usPerPrim=5
[FT] avgMs=16 worstMs=44 gameMs=11 drawMs=5 swapWait=0ms draws=71 decodes=0 decMs=0
[OTS] f=78840 calls=2 n0=2302 n1=274 prims=61018 bb=160,1120,0,694
[OTT] walkUs=1964 texUs=125 emitUs=683 submitUs=197 otherUs=958 prims=394 usPerPrim=4
[FT] avgMs=16 worstMs=45 gameMs=11 drawMs=5 swapWait=1ms draws=70 decodes=0 decMs=0
[OTS] f=78960 calls=2 n0=2298 n1=274 prims=61214 bb=160,1120,0,694
[OTT] walkUs=2073 texUs=133 emitUs=677 submitUs=172 otherUs=1089 prims=390 usPerPrim=5
[FT] avgMs=16 worstMs=52 gameMs=11 drawMs=5 swapWait=0ms draws=70 decodes=0 decMs=0
[OTS] f=79080 calls=2 n0=2298 n1=274 prims=61009 bb=160,1120,0,694
[OTT] walkUs=2179 texUs=123 emitUs=671 submitUs=243 otherUs=1139 prims=390 usPerPrim=5
[SH-XBOX] vblank 79200
[MEM] tick: free=4016KB (1004 pages)
[FT] avgMs=16 worstMs=47 gameMs=11 drawMs=5 swapWait=0ms draws=71 decodes=0 decMs=0
[OTS] f=79200 calls=2 n0=2302 n1=274 prims=61301 bb=160,1120,0,694
[OTT] walkUs=2414 texUs=126 emitUs=687 submitUs=340 otherUs=1259 prims=394 usPerPrim=6
[FT] avgMs=16 worstMs=44 gameMs=11 drawMs=5 swapWait=0ms draws=70 decodes=0 decMs=0
[OTS] f=79320 calls=2 n0=2300 n1=274 prims=60955 bb=160,1120,0,694
[OTT] walkUs=2166 texUs=124 emitUs=681 submitUs=355 otherUs=1004 prims=392 usPerPrim=5
[FT] avgMs=16 worstMs=45 gameMs=11 drawMs=5 swapWait=0ms draws=70 decodes=0 decMs=0
[OTS] f=79440 calls=2 n0=2301 n1=274 prims=61198 bb=160,1120,0,694
[OTT] walkUs=2184 texUs=125 emitUs=680 submitUs=188 otherUs=1189 prims=393 usPerPrim=5
[FT] avgMs=16 worstMs=53 gameMs=11 drawMs=5 swapWait=0ms draws=70 decodes=0 decMs=0
[OTS] f=79560 calls=2 n0=2296 n1=274 prims=61074 bb=160,1120,0,694
[OTT] walkUs=2075 texUs=122 emitUs=666 submitUs=188 otherUs=1097 prims=388 usPerPrim=5
[FT] avgMs=16 worstMs=48 gameMs=11 drawMs=5 swapWait=0ms draws=71 decodes=0 decMs=0
[OTS] f=79680 calls=2 n0=2302 n1=274 prims=61175 bb=160,1120,0,694
[OTT] walkUs=2238 texUs=124 emitUs=686 submitUs=412 otherUs=1015 prims=394 usPerPrim=5
[SH-XBOX] vblank 79800
[MEM] tick: free=4016KB (1004 pages)
[FT] avgMs=16 worstMs=43 gameMs=11 drawMs=5 swapWait=0ms draws=70 decodes=0 decMs=0
[OTS] f=79800 calls=2 n0=2294 n1=274 prims=61088 bb=160,1120,0,694
[OTT] walkUs=2197 texUs=123 emitUs=661 submitUs=193 otherUs=1219 prims=386 usPerPrim=5
[FT] avgMs=16 worstMs=44 gameMs=11 drawMs=5 swapWait=0ms draws=70 decodes=0 decMs=0
[OTS] f=79920 calls=2 n0=2298 n1=274 prims=61115 bb=160,1120,0,694
[OTT] walkUs=2267 texUs=122 emitUs=678 submitUs=333 otherUs=1131 prims=390 usPerPrim=5
[FT] avgMs=16 worstMs=47 gameMs=11 drawMs=5 swapWait=1ms draws=71 decodes=0 decMs=0
[OTS] f=80040 calls=2 n0=2298 n1=274 prims=61297 bb=160,1120,0,694
[OTT] walkUs=2190 texUs=123 emitUs=678 submitUs=193 otherUs=1195 prims=390 usPerPrim=5
[FT] avgMs=16 worstMs=43 gameMs=11 drawMs=5 swapWait=0ms draws=70 decodes=0 decMs=0
[OTS] f=80160 calls=2 n0=2303 n1=274 prims=60926 bb=160,1120,0,694
[OTT] walkUs=2186 texUs=125 emitUs=689 submitUs=254 otherUs=1116 prims=395 usPerPrim=5
[FT] avgMs=16 worstMs=43 gameMs=11 drawMs=5 swapWait=0ms draws=71 decodes=0 decMs=0
[OTS] f=80280 calls=2 n0=2300 n1=274 prims=61295 bb=160,1120,0,694
[OTT] walkUs=2382 texUs=124 emitUs=678 submitUs=345 otherUs=1235 prims=392 usPerPrim=6
[SH-XBOX] vblank 80400
[MEM] tick: free=4016KB (1004 pages)
[FT] avgMs=16 worstMs=45 gameMs=11 drawMs=5 swapWait=0ms draws=70 decodes=0 decMs=0
[OTS] f=80400 calls=2 n0=2298 n1=274 prims=60995 bb=160,1120,0,694
[OTT] walkUs=2341 texUs=124 emitUs=669 submitUs=522 otherUs=1025 prims=390 usPerPrim=6
[FT] avgMs=16 worstMs=52 gameMs=11 drawMs=5 swapWait=0ms draws=70 decodes=0 decMs=0
[OTS] f=80520 calls=2 n0=2301 n1=274 prims=61263 bb=160,1120,0,694
[OTT] walkUs=2010 texUs=124 emitUs=684 submitUs=359 otherUs=841 prims=393 usPerPrim=5
[FT] avgMs=16 worstMs=47 gameMs=11 drawMs=5 swapWait=0ms draws=71 decodes=0 decMs=0
[OTS] f=80640 calls=2 n0=2301 n1=274 prims=60990 bb=160,1120,0,694
[OTT] walkUs=1999 texUs=124 emitUs=683 submitUs=287 otherUs=904 prims=393 usPerPrim=5
[FT] avgMs=16 worstMs=44 gameMs=11 drawMs=5 swapWait=0ms draws=71 decodes=0 decMs=0
[OTS] f=80760 calls=2 n0=2302 n1=274 prims=61344 bb=160,1120,0,694
[OTT] walkUs=2179 texUs=125 emitUs=683 submitUs=360 otherUs=1009 prims=394 usPerPrim=5
[FT] avgMs=16 worstMs=45 gameMs=11 drawMs=5 swapWait=0ms draws=71 decodes=0 decMs=0
[OTS] f=80880 calls=2 n0=2299 n1=274 prims=61024 bb=160,1120,0,694
[OTT] walkUs=2118 texUs=124 emitUs=678 submitUs=178 otherUs=1138 prims=391 usPerPrim=5
[SH-XBOX] vblank 81000
[MEM] tick: free=4016KB (1004 pages)
[FT] avgMs=16 worstMs=52 gameMs=11 drawMs=5 swapWait=1ms draws=70 decodes=0 decMs=0
[OTS] f=81000 calls=2 n0=2300 n1=274 prims=61189 bb=160,1120,0,694
[OTT] walkUs=1949 texUs=124 emitUs=683 submitUs=185 otherUs=957 prims=392 usPerPrim=4
[FT] avgMs=16 worstMs=48 gameMs=11 drawMs=5 swapWait=0ms draws=71 decodes=0 decMs=0
[OTS] f=81120 calls=2 n0=2298 n1=274 prims=61064 bb=160,1120,0,694
[OTT] walkUs=2052 texUs=123 emitUs=685 submitUs=193 otherUs=1050 prims=390 usPerPrim=5
[FT] avgMs=16 worstMs=43 gameMs=11 drawMs=5 swapWait=1ms draws=70 decodes=0 decMs=0
[OTS] f=81240 calls=2 n0=2299 n1=274 prims=61195 bb=160,1120,0,694
[OTT] walkUs=2052 texUs=126 emitUs=677 submitUs=177 otherUs=1070 prims=391 usPerPrim=5
[FT] avgMs=16 worstMs=44 gameMs=11 drawMs=5 swapWait=0ms draws=70 decodes=0 decMs=0
[OTS] f=81360 calls=2 n0=2298 n1=274 prims=61056 bb=160,1120,0,694
[OTT] walkUs=2105 texUs=127 emitUs=674 submitUs=261 otherUs=1043 prims=390 usPerPrim=5
[FT] avgMs=16 worstMs=52 gameMs=11 drawMs=5 swapWait=0ms draws=71 decodes=0 decMs=0
[OTS] f=81480 calls=2 n0=2304 n1=274 prims=61209 bb=160,1120,0,694
[OTT] walkUs=1928 texUs=126 emitUs=688 submitUs=228 otherUs=885 prims=396 usPerPrim=4
[SH-XBOX] vblank 81600
[MEM] tick: free=4016KB (1004 pages)
[FT] avgMs=16 worstMs=48 gameMs=11 drawMs=5 swapWait=0ms draws=70 decodes=0 decMs=0
[OTS] f=81600 calls=2 n0=2297 n1=274 prims=61048 bb=160,1120,0,694
[OTT] walkUs=2197 texUs=123 emitUs=678 submitUs=182 otherUs=1213 prims=389 usPerPrim=5
[FT] avgMs=16 worstMs=43 gameMs=11 drawMs=5 swapWait=0ms draws=71 decodes=0 decMs=0
[OTS] f=81720 calls=2 n0=2302 n1=274 prims=61162 bb=160,1120,0,694
[OTT] walkUs=2002 texUs=125 emitUs=684 submitUs=242 otherUs=949 prims=394 usPerPrim=5
[FT] avgMs=16 worstMs=45 gameMs=11 drawMs=5 swapWait=0ms draws=71 decodes=0 decMs=0
[OTS] f=81840 calls=2 n0=2297 n1=274 prims=61259 bb=160,1120,0,694
[OTT] walkUs=2188 texUs=123 emitUs=674 submitUs=193 otherUs=1198 prims=389 usPerPrim=5
[FT] avgMs=16 worstMs=52 gameMs=11 drawMs=5 swapWait=0ms draws=70 decodes=0 decMs=0
[OTS] f=81960 calls=2 n0=2303 n1=274 prims=60959 bb=160,1120,0,694
[OTT] walkUs=2090 texUs=126 emitUs=694 submitUs=327 otherUs=941 prims=395 usPerPrim=5
[FT] avgMs=16 worstMs=48 gameMs=11 drawMs=5 swapWait=0ms draws=70 decodes=0 decMs=0
[OTS] f=82080 calls=2 n0=2298 n1=274 prims=61213 bb=160,1120,0,694
[OTT] walkUs=2146 texUs=124 emitUs=672 submitUs=314 otherUs=1034 prims=390 usPerPrim=5
[SH-XBOX] vblank 82200
[MEM] tick: free=4016KB (1004 pages)
[FT] avgMs=16 worstMs=44 gameMs=11 drawMs=5 swapWait=0ms draws=70 decodes=0 decMs=0
[OTS] f=82200 calls=2 n0=2301 n1=274 prims=60989 bb=160,1120,0,694
[OTT] walkUs=2132 texUs=124 emitUs=681 submitUs=188 otherUs=1137 prims=393 usPerPrim=5
[FT] avgMs=16 worstMs=45 gameMs=11 drawMs=5 swapWait=0ms draws=71 decodes=0 decMs=0
[OTS] f=82320 calls=2 n0=2299 n1=274 prims=61338 bb=160,1120,0,694
[OTT] walkUs=2179 texUs=123 emitUs=682 submitUs=215 otherUs=1157 prims=391 usPerPrim=5
[FT] avgMs=16 worstMs=46 gameMs=11 drawMs=5 swapWait=0ms draws=70 decodes=0 decMs=0
[OTS] f=82440 calls=2 n0=2300 n1=274 prims=60873 bb=160,1120,0,694
[OTT] walkUs=2152 texUs=124 emitUs=681 submitUs=188 otherUs=1158 prims=392 usPerPrim=5
[FT] avgMs=16 worstMs=41 gameMs=11 drawMs=5 swapWait=1ms draws=71 decodes=0 decMs=0
[OTS] f=82560 calls=2 n0=2301 n1=274 prims=61329 bb=160,1120,0,694
[OTT] walkUs=2140 texUs=124 emitUs=686 submitUs=339 otherUs=990 prims=393 usPerPrim=5
[FT] avgMs=16 worstMs=43 gameMs=11 drawMs=5 swapWait=0ms draws=71 decodes=0 decMs=0
[OTS] f=82680 calls=2 n0=2301 n1=274 prims=61040 bb=160,1120,0,694
[OTT] walkUs=2249 texUs=125 emitUs=677 submitUs=442 otherUs=1003 prims=393 usPerPrim=5
[SH-XBOX] vblank 82800
[MEM] tick: free=4016KB (1004 pages)
[FT] avgMs=16 worstMs=45 gameMs=11 drawMs=5 swapWait=0ms draws=70 decodes=0 decMs=0
[OTS] f=82800 calls=2 n0=2300 n1=274 prims=61196 bb=160,1120,0,694
[OTT] walkUs=2252 texUs=123 emitUs=677 submitUs=290 otherUs=1161 prims=392 usPerPrim=5
[FT] avgMs=16 worstMs=52 gameMs=11 drawMs=5 swapWait=0ms draws=71 decodes=0 decMs=0
[OTS] f=82920 calls=2 n0=2299 n1=274 prims=61022 bb=160,1120,0,694
[OTT] walkUs=2222 texUs=123 emitUs=679 submitUs=289 otherUs=1130 prims=391 usPerPrim=5
[FT] avgMs=16 worstMs=48 gameMs=11 drawMs=5 swapWait=1ms draws=70 decodes=0 decMs=0
[OTS] f=83040 calls=2 n0=2300 n1=274 prims=61214 bb=160,1120,0,694
[OTT] walkUs=2012 texUs=125 emitUs=676 submitUs=230 otherUs=979 prims=392 usPerPrim=5
[FT] avgMs=16 worstMs=43 gameMs=11 drawMs=5 swapWait=0ms draws=70 decodes=0 decMs=0
[OTS] f=83160 calls=2 n0=2300 n1=274 prims=61055 bb=160,1120,0,694
[OTT] walkUs=2362 texUs=127 emitUs=681 submitUs=249 otherUs=1303 prims=392 usPerPrim=6
[FT] avgMs=16 worstMs=45 gameMs=11 drawMs=5 swapWait=0ms draws=71 decodes=0 decMs=0
[OTS] f=83280 calls=2 n0=2303 n1=274 prims=61236 bb=160,1120,0,694
[OTT] walkUs=2379 texUs=125 emitUs=689 submitUs=500 otherUs=1064 prims=395 usPerPrim=6
[SH-XBOX] vblank 83400
[MEM] tick: free=4016KB (1004 pages)
[FT] avgMs=16 worstMs=52 gameMs=11 drawMs=5 swapWait=0ms draws=71 decodes=0 decMs=0
[OTS] f=83400 calls=2 n0=2297 n1=274 prims=61138 bb=160,1120,0,694
[OTT] walkUs=2334 texUs=122 emitUs=673 submitUs=191 otherUs=1347 prims=389 usPerPrim=6
[FT] avgMs=16 worstMs=48 gameMs=11 drawMs=5 swapWait=0ms draws=70 decodes=0 decMs=0
[OTS] f=83520 calls=2 n0=2299 n1=274 prims=61167 bb=160,1120,0,694
[OTT] walkUs=2112 texUs=128 emitUs=669 submitUs=209 otherUs=1104 prims=391 usPerPrim=5
[FT] avgMs=16 worstMs=44 gameMs=11 drawMs=5 swapWait=0ms draws=70 decodes=0 decMs=0
[OTS] f=83640 calls=2 n0=2296 n1=274 prims=61112 bb=160,1120,0,694
[OTT] walkUs=2378 texUs=122 emitUs=672 submitUs=382 otherUs=1201 prims=388 usPerPrim=6
[FT] avgMs=16 worstMs=18 gameMs=11 drawMs=5 swapWait=0ms draws=71 decodes=0 decMs=0
[OTS] f=83760 calls=2 n0=2298 n1=274 prims=61125 bb=160,1120,0,694
[OTT] walkUs=2142 texUs=128 emitUs=673 submitUs=217 otherUs=1123 prims=390 usPerPrim=5
[FT] avgMs=16 worstMs=53 gameMs=11 drawMs=5 swapWait=0ms draws=70 decodes=0 decMs=0
[OTS] f=83880 calls=2 n0=2296 n1=274 prims=61181 bb=160,1120,0,694
[OTT] walkUs=2334 texUs=123 emitUs=667 submitUs=222 otherUs=1321 prims=388 usPerPrim=6
[SH-XBOX] vblank 84000
[MEM] tick: free=4016KB (1004 pages)
[FT] avgMs=16 worstMs=48 gameMs=11 drawMs=5 swapWait=0ms draws=70 decodes=0 decMs=0
[OTS] f=84000 calls=2 n0=2302 n1=274 prims=61025 bb=160,1120,0,694
[OTT] walkUs=2051 texUs=125 emitUs=684 submitUs=194 otherUs=1046 prims=394 usPerPrim=5
[FT] avgMs=16 worstMs=43 gameMs=11 drawMs=5 swapWait=0ms draws=71 decodes=0 decMs=0
[OTS] f=84120 calls=2 n0=2300 n1=274 prims=61311 bb=160,1120,0,694
[OTT] walkUs=2209 texUs=124 emitUs=683 submitUs=173 otherUs=1227 prims=392 usPerPrim=5
[FT] avgMs=16 worstMs=45 gameMs=11 drawMs=5 swapWait=0ms draws=70 decodes=0 decMs=0
[OTS] f=84240 calls=2 n0=2301 n1=274 prims=60899 bb=160,1120,0,694
[OTT] walkUs=2079 texUs=125 emitUs=686 submitUs=237 otherUs=1029 prims=393 usPerPrim=5
[FT] avgMs=16 worstMs=52 gameMs=11 drawMs=5 swapWait=0ms draws=71 decodes=0 decMs=0
[OTS] f=84360 calls=2 n0=2301 n1=274 prims=61329 bb=160,1120,0,694
[OTT] walkUs=2161 texUs=124 emitUs=685 submitUs=262 otherUs=1088 prims=393 usPerPrim=5
[FT] avgMs=16 worstMs=48 gameMs=11 drawMs=5 swapWait=0ms draws=70 decodes=0 decMs=0
[OTS] f=84480 calls=2 n0=2298 n1=274 prims=61010 bb=160,1120,0,694
[OTT] walkUs=2258 texUs=124 emitUs=670 submitUs=181 otherUs=1281 prims=390 usPerPrim=5
[SH-XBOX] vblank 84600
[MEM] tick: free=4016KB (1004 pages)
[FT] avgMs=16 worstMs=43 gameMs=11 drawMs=5 swapWait=0ms draws=70 decodes=0 decMs=0
[OTS] f=84600 calls=2 n0=2302 n1=274 prims=61227 bb=160,1120,0,694
[OTT] walkUs=1930 texUs=125 emitUs=682 submitUs=193 otherUs=928 prims=394 usPerPrim=4
[FT] avgMs=16 worstMs=45 gameMs=11 drawMs=5 swapWait=0ms draws=70 decodes=0 decMs=0
[OTS] f=84720 calls=2 n0=2298 n1=274 prims=60904 bb=160,1120,0,694
[OTT] walkUs=2176 texUs=127 emitUs=671 submitUs=265 otherUs=1111 prims=390 usPerPrim=5
[FT] avgMs=16 worstMs=52 gameMs=11 drawMs=5 swapWait=0ms draws=70 decodes=0 decMs=0
[OTS] f=84840 calls=2 n0=2300 n1=274 prims=61279 bb=160,1120,0,694
[OTT] walkUs=2148 texUs=124 emitUs=686 submitUs=415 otherUs=921 prims=392 usPerPrim=5
[FT] avgMs=16 worstMs=48 gameMs=11 drawMs=5 swapWait=1ms draws=71 decodes=0 decMs=0
[OTS] f=84960 calls=2 n0=2298 n1=274 prims=61094 bb=160,1120,0,694
[OTT] walkUs=2298 texUs=123 emitUs=673 submitUs=176 otherUs=1324 prims=390 usPerPrim=5
[FT] avgMs=16 worstMs=44 gameMs=11 drawMs=5 swapWait=0ms draws=70 decodes=0 decMs=0
[OTS] f=85080 calls=2 n0=2301 n1=274 prims=61121 bb=160,1120,0,694
[OTT] walkUs=2100 texUs=125 emitUs=685 submitUs=190 otherUs=1098 prims=393 usPerPrim=5
[SH-XBOX] vblank 85200
[MEM] tick: free=4016KB (1004 pages)
[FT] avgMs=16 worstMs=45 gameMs=11 drawMs=5 swapWait=0ms draws=71 decodes=0 decMs=0
[OTS] f=85200 calls=2 n0=2298 n1=274 prims=61100 bb=160,1120,0,694
[OTT] walkUs=2076 texUs=123 emitUs=677 submitUs=224 otherUs=1050 prims=390 usPerPrim=5
[FT] avgMs=16 worstMs=53 gameMs=11 drawMs=5 swapWait=0ms draws=70 decodes=0 decMs=0
[OTS] f=85320 calls=2 n0=2301 n1=274 prims=61193 bb=160,1120,0,694
[OTT] walkUs=2137 texUs=125 emitUs=676 submitUs=190 otherUs=1144 prims=393 usPerPrim=5
[FT] avgMs=16 worstMs=48 gameMs=11 drawMs=5 swapWait=0ms draws=70 decodes=0 decMs=0
[OTS] f=85440 calls=2 n0=2297 n1=274 prims=61094 bb=160,1120,0,694
[OTT] walkUs=2212 texUs=123 emitUs=677 submitUs=254 otherUs=1157 prims=389 usPerPrim=5
[FT] avgMs=17 worstMs=78 gameMs=11 drawMs=5 swapWait=0ms draws=71 decodes=0 decMs=0
[OTS] f=85560 calls=2 n0=2302 n1=274 prims=61162 bb=160,1120,0,694
[OTT] walkUs=2194 texUs=125 emitUs=683 submitUs=196 otherUs=1189 prims=394 usPerPrim=5
[FT] avgMs=16 worstMs=18 gameMs=11 drawMs=5 swapWait=0ms draws=70 decodes=0 decMs=0
[OTS] f=85680 calls=2 n0=2295 n1=274 prims=61127 bb=160,1120,0,694
[OTT] walkUs=2234 texUs=126 emitUs=663 submitUs=462 otherUs=982 prims=387 usPerPrim=5
[SH-XBOX] vblank 85800
[MEM] tick: free=4016KB (1004 pages)
[FT] avgMs=16 worstMs=52 gameMs=11 drawMs=5 swapWait=1ms draws=70 decodes=0 decMs=0
[OTS] f=85800 calls=2 n0=2302 n1=274 prims=61079 bb=160,1120,0,694
[OTT] walkUs=2305 texUs=127 emitUs=681 submitUs=190 otherUs=1305 prims=394 usPerPrim=5
[FT] avgMs=16 worstMs=48 gameMs=11 drawMs=5 swapWait=0ms draws=71 decodes=0 decMs=0
[OTS] f=85920 calls=2 n0=2300 n1=274 prims=61295 bb=160,1120,0,694
[OTT] walkUs=2387 texUs=124 emitUs=683 submitUs=422 otherUs=1157 prims=392 usPerPrim=6
[FT] avgMs=16 worstMs=44 gameMs=11 drawMs=5 swapWait=0ms draws=71 decodes=0 decMs=0
[OTS] f=86040 calls=2 n0=2302 n1=274 prims=61035 bb=160,1120,0,694
[OTT] walkUs=2363 texUs=125 emitUs=692 submitUs=401 otherUs=1144 prims=394 usPerPrim=5
[FT] avgMs=16 worstMs=45 gameMs=11 drawMs=5 swapWait=0ms draws=70 decodes=0 decMs=0
[OTS] f=86160 calls=2 n0=2297 n1=274 prims=61279 bb=160,1120,0,694
[OTT] walkUs=2339 texUs=123 emitUs=688 submitUs=189 otherUs=1337 prims=389 usPerPrim=6
[FT] avgMs=16 worstMs=52 gameMs=11 drawMs=5 swapWait=0ms draws=70 decodes=0 decMs=0
[OTS] f=86280 calls=2 n0=2300 n1=274 prims=60943 bb=160,1120,0,694
[OTT] walkUs=2325 texUs=123 emitUs=681 submitUs=499 otherUs=1020 prims=392 usPerPrim=5
[SH-XBOX] vblank 86400
[MEM] tick: free=4016KB (1004 pages)
[FT] avgMs=16 worstMs=48 gameMs=11 drawMs=5 swapWait=0ms draws=71 decodes=0 decMs=0
[OTS] f=86400 calls=2 n0=2301 n1=274 prims=61330 bb=160,1120,0,694
[OTT] walkUs=2273 texUs=124 emitUs=687 submitUs=192 otherUs=1268 prims=393 usPerPrim=5
[FT] avgMs=16 worstMs=43 gameMs=11 drawMs=5 swapWait=0ms draws=70 decodes=0 decMs=0
[OTS] f=86520 calls=2 n0=2300 n1=274 prims=60900 bb=160,1120,0,694
[OTT] walkUs=2278 texUs=127 emitUs=672 submitUs=333 otherUs=1145 prims=392 usPerPrim=5
[FT] avgMs=16 worstMs=46 gameMs=11 drawMs=5 swapWait=0ms draws=70 decodes=0 decMs=0
[OTS] f=86640 calls=2 n0=2300 n1=274 prims=61306 bb=160,1120,0,694
[OTT] walkUs=2239 texUs=123 emitUs=685 submitUs=185 otherUs=1244 prims=392 usPerPrim=5
[FT] avgMs=16 worstMs=52 gameMs=11 drawMs=5 swapWait=0ms draws=71 decodes=0 decMs=0
[OTS] f=86760 calls=2 n0=2299 n1=274 prims=61052 bb=160,1120,0,694
[OTT] walkUs=2010 texUs=123 emitUs=679 submitUs=204 otherUs=1002 prims=391 usPerPrim=5
[FT] avgMs=16 worstMs=48 gameMs=11 drawMs=5 swapWait=0ms draws=70 decodes=0 decMs=0
[OTS] f=86880 calls=2 n0=2302 n1=274 prims=61156 bb=160,1120,0,694
[OTT] walkUs=2256 texUs=125 emitUs=688 submitUs=203 otherUs=1240 prims=394 usPerPrim=5
[SH-XBOX] vblank 87000
[MEM] tick: free=4016KB (1004 pages)
[FT] avgMs=16 worstMs=43 gameMs=11 drawMs=5 swapWait=0ms draws=71 decodes=0 decMs=0
[OTS] f=87000 calls=2 n0=2300 n1=274 prims=61083 bb=160,1120,0,694
[OTT] walkUs=1880 texUs=124 emitUs=681 submitUs=222 otherUs=851 prims=392 usPerPrim=4
[FT] avgMs=16 worstMs=45 gameMs=11 drawMs=5 swapWait=1ms draws=70 decodes=0 decMs=0
[OTS] f=87120 calls=2 n0=2300 n1=274 prims=61209 bb=160,1120,0,694
[OTT] walkUs=2032 texUs=130 emitUs=671 submitUs=270 otherUs=960 prims=392 usPerPrim=5
[FT] avgMs=16 worstMs=52 gameMs=11 drawMs=5 swapWait=0ms draws=70 decodes=0 decMs=0
[OTS] f=87240 calls=2 n0=2297 n1=274 prims=61067 bb=160,1120,0,694
[OTT] walkUs=2049 texUs=122 emitUs=677 submitUs=315 otherUs=933 prims=389 usPerPrim=5
[FT] avgMs=16 worstMs=48 gameMs=11 drawMs=5 swapWait=0ms draws=70 decodes=0 decMs=0
[OTS] f=87360 calls=2 n0=2302 n1=274 prims=61043 bb=160,1120,0,694
[OTT] walkUs=2015 texUs=125 emitUs=686 submitUs=198 otherUs=1004 prims=394 usPerPrim=5
[FT] avgMs=16 worstMs=44 gameMs=11 drawMs=5 swapWait=0ms draws=71 decodes=0 decMs=0
[OTS] f=87480 calls=2 n0=2296 n1=274 prims=61206 bb=160,1120,0,694
[OTT] walkUs=2074 texUs=122 emitUs=673 submitUs=191 otherUs=1087 prims=388 usPerPrim=5
[SH-XBOX] vblank 87600
[MEM] tick: free=4016KB (1004 pages)
[FT] avgMs=16 worstMs=45 gameMs=11 drawMs=5 swapWait=0ms draws=71 decodes=0 decMs=0
[OTS] f=87600 calls=2 n0=2297 n1=274 prims=61147 bb=160,1120,0,694
[OTT] walkUs=1971 texUs=123 emitUs=673 submitUs=312 otherUs=862 prims=389 usPerPrim=5
[FT] avgMs=16 worstMs=18 gameMs=11 drawMs=5 swapWait=0ms draws=70 decodes=0 decMs=0
[OTS] f=87720 calls=2 n0=2298 n1=274 prims=61147 bb=160,1120,0,694
[OTT] walkUs=1951 texUs=123 emitUs=673 submitUs=282 otherUs=871 prims=390 usPerPrim=5
[FT] avgMs=16 worstMs=17 gameMs=11 drawMs=5 swapWait=0ms draws=71 decodes=0 decMs=0
[OTS] f=87840 calls=2 n0=2303 n1=274 prims=61053 bb=160,1120,0,694
[OTT] walkUs=2042 texUs=126 emitUs=687 submitUs=197 otherUs=1031 prims=395 usPerPrim=5
[FT] avgMs=16 worstMs=44 gameMs=11 drawMs=5 swapWait=0ms draws=70 decodes=0 decMs=0
[OTS] f=87960 calls=2 n0=2298 n1=274 prims=61241 bb=160,1120,0,694
[OTT] walkUs=2042 texUs=125 emitUs=670 submitUs=189 otherUs=1057 prims=390 usPerPrim=5
[FT] avgMs=16 worstMs=45 gameMs=11 drawMs=5 swapWait=0ms draws=70 decodes=0 decMs=0
[OTS] f=88080 calls=2 n0=2301 n1=274 prims=60982 bb=160,1120,0,694
[OTT] walkUs=2149 texUs=124 emitUs=684 submitUs=208 otherUs=1131 prims=393 usPerPrim=5
[SH-XBOX] vblank 88200
[MEM] tick: free=4016KB (1004 pages)
[FT] avgMs=16 worstMs=53 gameMs=11 drawMs=5 swapWait=0ms draws=71 decodes=0 decMs=0
[OTS] f=88200 calls=2 n0=2301 n1=274 prims=61329 bb=160,1120,0,694
[OTT] walkUs=2366 texUs=124 emitUs=683 submitUs=269 otherUs=1288 prims=393 usPerPrim=6
[FT] avgMs=16 worstMs=48 gameMs=11 drawMs=5 swapWait=0ms draws=70 decodes=0 decMs=0
[OTS] f=88320 calls=2 n0=2301 n1=274 prims=60862 bb=160,1120,0,694
[OTT] walkUs=2036 texUs=124 emitUs=681 submitUs=240 otherUs=990 prims=393 usPerPrim=5
[FT] avgMs=16 worstMs=44 gameMs=11 drawMs=5 swapWait=0ms draws=71 decodes=0 decMs=0
[OTS] f=88440 calls=2 n0=2301 n1=274 prims=61347 bb=160,1120,0,694
[OTT] walkUs=2322 texUs=124 emitUs=680 submitUs=255 otherUs=1261 prims=393 usPerPrim=5
[FT] avgMs=16 worstMs=45 gameMs=11 drawMs=5 swapWait=0ms draws=71 decodes=0 decMs=0
[OTS] f=88560 calls=2 n0=2300 n1=274 prims=61034 bb=160,1120,0,694
[OTT] walkUs=2231 texUs=127 emitUs=678 submitUs=510 otherUs=914 prims=392 usPerPrim=5
[FT] avgMs=16 worstMs=53 gameMs=11 drawMs=5 swapWait=1ms draws=71 decodes=0 decMs=0
[OTS] f=88680 calls=2 n0=2300 n1=274 prims=61306 bb=160,1120,0,694
[OTT] walkUs=2248 texUs=124 emitUs=682 submitUs=238 otherUs=1202 prims=392 usPerPrim=5
[SH-XBOX] vblank 88800
[MEM] tick: free=4016KB (1004 pages)
[FT] avgMs=16 worstMs=49 gameMs=11 drawMs=5 swapWait=0ms draws=70 decodes=0 decMs=0
[OTS] f=88800 calls=2 n0=2296 n1=274 prims=60994 bb=160,1120,0,694
[OTT] walkUs=2221 texUs=123 emitUs=668 submitUs=303 otherUs=1126 prims=388 usPerPrim=5
[FT] avgMs=16 worstMs=44 gameMs=11 drawMs=5 swapWait=1ms draws=70 decodes=0 decMs=0
[OTS] f=88920 calls=2 n0=2300 n1=274 prims=61205 bb=160,1120,0,694
[OTT] walkUs=2336 texUs=124 emitUs=680 submitUs=238 otherUs=1292 prims=392 usPerPrim=5
[FT] avgMs=16 worstMs=45 gameMs=11 drawMs=5 swapWait=0ms draws=71 decodes=0 decMs=0
[OTS] f=89040 calls=2 n0=2298 n1=274 prims=61116 bb=160,1120,0,694
[OTT] walkUs=2352 texUs=124 emitUs=674 submitUs=203 otherUs=1350 prims=390 usPerPrim=6
[FT] avgMs=16 worstMs=52 gameMs=11 drawMs=5 swapWait=0ms draws=70 decodes=0 decMs=0
[OTS] f=89160 calls=2 n0=2304 n1=274 prims=61081 bb=160,1120,0,694
[OTT] walkUs=2338 texUs=126 emitUs=692 submitUs=578 otherUs=940 prims=396 usPerPrim=5
[FT] avgMs=16 worstMs=47 gameMs=11 drawMs=5 swapWait=0ms draws=71 decodes=0 decMs=0
[OTS] f=89280 calls=2 n0=2297 n1=274 prims=61176 bb=160,1120,0,694
[OTT] walkUs=1802 texUs=123 emitUs=674 submitUs=188 otherUs=815 prims=389 usPerPrim=4
[SH-XBOX] vblank 89400
[MEM] tick: free=4016KB (1004 pages)
[FT] avgMs=16 worstMs=44 gameMs=11 drawMs=5 swapWait=0ms draws=71 decodes=0 decMs=0
[OTS] f=89400 calls=2 n0=2301 n1=274 prims=61188 bb=160,1120,0,694
[OTT] walkUs=2360 texUs=125 emitUs=681 submitUs=338 otherUs=1214 prims=393 usPerPrim=6
[FT] avgMs=16 worstMs=46 gameMs=11 drawMs=5 swapWait=0ms draws=70 decodes=0 decMs=0
[OTS] f=89520 calls=2 n0=2297 n1=274 prims=61105 bb=160,1120,0,694
[OTT] walkUs=1929 texUs=122 emitUs=673 submitUs=200 otherUs=932 prims=389 usPerPrim=4
[FT] avgMs=16 worstMs=17 gameMs=11 drawMs=5 swapWait=0ms draws=71 decodes=0 decMs=0
[OTS] f=89640 calls=2 n0=2303 n1=274 prims=61087 bb=160,1120,0,694
[OTT] walkUs=2400 texUs=126 emitUs=693 submitUs=690 otherUs=890 prims=395 usPerPrim=6
[FT] avgMs=16 worstMs=18 gameMs=11 drawMs=5 swapWait=0ms draws=70 decodes=0 decMs=0
[OTS] f=89760 calls=2 n0=2298 n1=274 prims=61213 bb=160,1120,0,694
[OTT] walkUs=2231 texUs=124 emitUs=673 submitUs=253 otherUs=1180 prims=390 usPerPrim=5
[FT] avgMs=16 worstMs=44 gameMs=11 drawMs=5 swapWait=0ms draws=70 decodes=0 decMs=0
[OTS] f=89880 calls=2 n0=2302 n1=274 prims=61007 bb=160,1120,0,694
[OTT] walkUs=2186 texUs=127 emitUs=682 submitUs=344 otherUs=1031 prims=394 usPerPrim=5
[SH-XBOX] vblank 90000
[MEM] tick: free=4016KB (1004 pages)
[FT] avgMs=16 worstMs=46 gameMs=11 drawMs=5 swapWait=0ms draws=70 decodes=0 decMs=0
[OTS] f=90000 calls=2 n0=2299 n1=274 prims=61189 bb=160,1120,0,694
[OTT] walkUs=1990 texUs=134 emitUs=676 submitUs=187 otherUs=993 prims=391 usPerPrim=5
[FT] avgMs=16 worstMs=53 gameMs=11 drawMs=5 swapWait=0ms draws=71 decodes=0 decMs=0
[OTS] f=90120 calls=2 n0=2300 n1=274 prims=61001 bb=160,1120,0,694
[OTT] walkUs=1871 texUs=124 emitUs=678 submitUs=222 otherUs=845 prims=392 usPerPrim=4
[FT] avgMs=16 worstMs=48 gameMs=11 drawMs=5 swapWait=0ms draws=70 decodes=0 decMs=0
[OTS] f=90240 calls=2 n0=2298 n1=274 prims=61329 bb=160,1120,0,694
[OTT] walkUs=2090 texUs=124 emitUs=668 submitUs=501 otherUs=796 prims=390 usPerPrim=5
[FT] avgMs=16 worstMs=44 gameMs=11 drawMs=5 swapWait=0ms draws=70 decodes=0 decMs=0
[OTS] f=90360 calls=2 n0=2302 n1=274 prims=60922 bb=160,1120,0,694
[OTT] walkUs=2031 texUs=128 emitUs=691 submitUs=191 otherUs=1020 prims=394 usPerPrim=5
[FT] avgMs=16 worstMs=45 gameMs=11 drawMs=5 swapWait=1ms draws=71 decodes=0 decMs=0
[OTS] f=90480 calls=2 n0=2300 n1=274 prims=61317 bb=160,1120,0,694
[OTT] walkUs=2317 texUs=127 emitUs=678 submitUs=280 otherUs=1230 prims=392 usPerPrim=5
[SH-XBOX] vblank 90600
[MEM] tick: free=4016KB (1004 pages)
[FT] avgMs=16 worstMs=52 gameMs=11 drawMs=5 swapWait=0ms draws=70 decodes=0 decMs=0
[OTS] f=90600 calls=2 n0=2297 n1=274 prims=60936 bb=160,1120,0,694
[OTT] walkUs=1914 texUs=124 emitUs=671 submitUs=256 otherUs=862 prims=389 usPerPrim=4
[FT] avgMs=16 worstMs=48 gameMs=11 drawMs=5 swapWait=0ms draws=70 decodes=0 decMs=0
[OTS] f=90720 calls=2 n0=2301 n1=274 prims=61260 bb=160,1120,0,694
[OTT] walkUs=2290 texUs=125 emitUs=681 submitUs=243 otherUs=1239 prims=393 usPerPrim=5
[FT] avgMs=16 worstMs=44 gameMs=11 drawMs=5 swapWait=0ms draws=71 decodes=0 decMs=0
[OTS] f=90840 calls=2 n0=2300 n1=274 prims=61095 bb=160,1120,0,694
[OTT] walkUs=2009 texUs=124 emitUs=683 submitUs=376 otherUs=824 prims=392 usPerPrim=5
[FT] avgMs=16 worstMs=45 gameMs=11 drawMs=5 swapWait=0ms draws=70 decodes=0 decMs=0
[OTS] f=90960 calls=2 n0=2303 n1=274 prims=61109 bb=160,1120,0,694
[OTT] walkUs=2131 texUs=125 emitUs=689 submitUs=192 otherUs=1123 prims=395 usPerPrim=5
[FT] avgMs=16 worstMs=52 gameMs=11 drawMs=5 swapWait=1ms draws=71 decodes=0 decMs=0
[OTS] f=91080 calls=2 n0=2297 n1=274 prims=61137 bb=160,1120,0,694
[OTT] walkUs=2045 texUs=123 emitUs=672 submitUs=196 otherUs=1053 prims=389 usPerPrim=5
[SH-XBOX] vblank 91200
[MEM] tick: free=4016KB (1004 pages)
[FT] avgMs=16 worstMs=48 gameMs=11 drawMs=5 swapWait=0ms draws=71 decodes=0 decMs=0
[OTS] f=91200 calls=2 n0=2302 n1=274 prims=61202 bb=160,1120,0,694
[OTT] walkUs=2165 texUs=125 emitUs=690 submitUs=252 otherUs=1096 prims=394 usPerPrim=5
[FT] avgMs=16 worstMs=44 gameMs=11 drawMs=5 swapWait=0ms draws=71 decodes=0 decMs=0
[OTS] f=91320 calls=2 n0=2296 n1=274 prims=61205 bb=160,1120,0,694
[OTT] walkUs=2244 texUs=122 emitUs=672 submitUs=409 otherUs=1040 prims=388 usPerPrim=5
[FT] avgMs=16 worstMs=45 gameMs=11 drawMs=5 swapWait=0ms draws=70 decodes=0 decMs=0
[OTS] f=91440 calls=2 n0=2296 n1=274 prims=61023 bb=160,1120,0,694
[OTT] walkUs=2149 texUs=123 emitUs=664 submitUs=370 otherUs=990 prims=388 usPerPrim=5
[FT] avgMs=16 worstMs=53 gameMs=11 drawMs=5 swapWait=1ms draws=70 decodes=0 decMs=0
[OTS] f=91560 calls=2 n0=2298 n1=274 prims=61241 bb=160,1120,0,694
[OTT] walkUs=2269 texUs=123 emitUs=673 submitUs=258 otherUs=1213 prims=390 usPerPrim=5
[FT] avgMs=16 worstMs=17 gameMs=11 drawMs=5 swapWait=0ms draws=71 decodes=0 decMs=0
[OTS] f=91680 calls=2 n0=2303 n1=274 prims=61083 bb=160,1120,0,694
[OTT] walkUs=2095 texUs=126 emitUs=689 submitUs=407 otherUs=871 prims=395 usPerPrim=5
[SH-XBOX] vblank 91800
[MEM] tick: free=4016KB (1004 pages)
[FT] avgMs=16 worstMs=44 gameMs=11 drawMs=5 swapWait=0ms draws=70 decodes=0 decMs=0
[OTS] f=91800 calls=2 n0=2300 n1=274 prims=61167 bb=160,1120,0,694
[OTT] walkUs=2336 texUs=123 emitUs=680 submitUs=369 otherUs=1162 prims=392 usPerPrim=5
[FT] avgMs=16 worstMs=45 gameMs=11 drawMs=5 swapWait=1ms draws=71 decodes=0 decMs=0
[OTS] f=91920 calls=2 n0=2301 n1=274 prims=61026 bb=160,1120,0,694
[OTT] walkUs=2261 texUs=124 emitUs=684 submitUs=340 otherUs=1111 prims=393 usPerPrim=5
[FT] avgMs=16 worstMs=52 gameMs=11 drawMs=5 swapWait=0ms draws=70 decodes=0 decMs=0
[OTS] f=92040 calls=2 n0=2298 n1=274 prims=61317 bb=160,1120,0,694
[OTT] walkUs=2408 texUs=127 emitUs=672 submitUs=555 otherUs=1053 prims=390 usPerPrim=6
[FT] avgMs=16 worstMs=48 gameMs=11 drawMs=5 swapWait=0ms draws=70 decodes=0 decMs=0
[OTS] f=92160 calls=2 n0=2301 n1=274 prims=60903 bb=160,1120,0,694
[OTT] walkUs=2307 texUs=124 emitUs=681 submitUs=201 otherUs=1299 prims=393 usPerPrim=5
[FT] avgMs=16 worstMs=45 gameMs=11 drawMs=5 swapWait=0ms draws=71 decodes=0 decMs=0
[OTS] f=92280 calls=2 n0=2302 n1=274 prims=61345 bb=160,1120,0,694
[OTT] walkUs=2382 texUs=125 emitUs=683 submitUs=385 otherUs=1188 prims=394 usPerPrim=6
[SH-XBOX] vblank 92400
[MEM] tick: free=4016KB (1004 pages)
[FT] avgMs=16 worstMs=46 gameMs=11 drawMs=5 swapWait=0ms draws=70 decodes=0 decMs=0
[OTS] f=92400 calls=2 n0=2298 n1=274 prims=60904 bb=160,1120,0,694
[OTT] walkUs=2187 texUs=124 emitUs=668 submitUs=228 otherUs=1165 prims=390 usPerPrim=5
[FT] avgMs=16 worstMs=53 gameMs=11 drawMs=5 swapWait=0ms draws=70 decodes=0 decMs=0
[OTS] f=92520 calls=2 n0=2299 n1=274 prims=61302 bb=160,1120,0,694
[OTT] walkUs=2343 texUs=123 emitUs=677 submitUs=319 otherUs=1223 prims=391 usPerPrim=5
[FT] avgMs=16 worstMs=48 gameMs=11 drawMs=5 swapWait=0ms draws=70 decodes=0 decMs=0
[OTS] f=92640 calls=2 n0=2298 n1=274 prims=60944 bb=160,1120,0,694
[OTT] walkUs=2091 texUs=124 emitUs=677 submitUs=207 otherUs=1081 prims=390 usPerPrim=5
[FT] avgMs=16 worstMs=44 gameMs=11 drawMs=5 swapWait=0ms draws=71 decodes=0 decMs=0
[OTS] f=92760 calls=2 n0=2301 n1=274 prims=61249 bb=160,1120,0,694
[OTT] walkUs=2344 texUs=123 emitUs=683 submitUs=314 otherUs=1222 prims=393 usPerPrim=5
[FT] avgMs=16 worstMs=45 gameMs=11 drawMs=5 swapWait=0ms draws=70 decodes=0 decMs=0
[OTS] f=92880 calls=2 n0=2296 n1=274 prims=61063 bb=160,1120,0,694
[OTT] walkUs=1879 texUs=124 emitUs=666 submitUs=192 otherUs=896 prims=388 usPerPrim=4
[SH-XBOX] vblank 93000
[MEM] tick: free=4016KB (1004 pages)
[FT] avgMs=16 worstMs=53 gameMs=11 drawMs=5 swapWait=1ms draws=70 decodes=0 decMs=0
[OTS] f=93000 calls=2 n0=2304 n1=274 prims=61149 bb=160,1120,0,694
[OTT] walkUs=2065 texUs=126 emitUs=693 submitUs=183 otherUs=1062 prims=396 usPerPrim=5
[FT] avgMs=16 worstMs=48 gameMs=11 drawMs=5 swapWait=0ms draws=71 decodes=0 decMs=0
[OTS] f=93120 calls=2 n0=2297 n1=274 prims=61176 bb=160,1120,0,694
[OTT] walkUs=1999 texUs=122 emitUs=674 submitUs=200 otherUs=1000 prims=389 usPerPrim=5
[FT] avgMs=16 worstMs=44 gameMs=11 drawMs=5 swapWait=0ms draws=70 decodes=0 decMs=0
[OTS] f=93240 calls=2 n0=2300 n1=274 prims=61044 bb=160,1120,0,694
[OTT] walkUs=1992 texUs=125 emitUs=673 submitUs=211 otherUs=981 prims=392 usPerPrim=5
[FT] avgMs=16 worstMs=45 gameMs=11 drawMs=5 swapWait=0ms draws=70 decodes=0 decMs=0
[OTS] f=93360 calls=2 n0=2296 n1=274 prims=61221 bb=160,1120,0,694
[OTT] walkUs=2110 texUs=122 emitUs=670 submitUs=181 otherUs=1136 prims=388 usPerPrim=5
[FT] avgMs=17 worstMs=75 gameMs=11 drawMs=5 swapWait=0ms draws=71 decodes=0 decMs=0
[OTS] f=93480 calls=2 n0=2303 n1=274 prims=61115 bb=160,1120,0,694
[OTT] walkUs=2058 texUs=125 emitUs=688 submitUs=259 otherUs=984 prims=395 usPerPrim=5
[SH-XBOX] vblank 93600
[MEM] tick: free=4016KB (1004 pages)
[FT] avgMs=16 worstMs=17 gameMs=11 drawMs=5 swapWait=0ms draws=70 decodes=0 decMs=0
[OTS] f=93600 calls=2 n0=2300 n1=274 prims=61155 bb=160,1120,0,694
[OTT] walkUs=2135 texUs=123 emitUs=681 submitUs=196 otherUs=1134 prims=392 usPerPrim=5
[FT] avgMs=16 worstMs=50 gameMs=11 drawMs=5 swapWait=0ms draws=71 decodes=0 decMs=0
[OTS] f=93720 calls=2 n0=2302 n1=274 prims=61035 bb=160,1120,0,694
[OTT] walkUs=2006 texUs=125 emitUs=684 submitUs=193 otherUs=1004 prims=394 usPerPrim=5
[FT] avgMs=16 worstMs=46 gameMs=11 drawMs=5 swapWait=0ms draws=71 decodes=0 decMs=0
[OTS] f=93840 calls=2 n0=2298 n1=274 prims=61331 bb=160,1120,0,694
[OTT] walkUs=2105 texUs=123 emitUs=672 submitUs=337 otherUs=971 prims=390 usPerPrim=5
[FT] avgMs=16 worstMs=52 gameMs=11 drawMs=5 swapWait=0ms draws=71 decodes=0 decMs=0
[OTS] f=93960 calls=2 n0=2300 n1=274 prims=61017 bb=160,1120,0,694
[OTT] walkUs=2387 texUs=124 emitUs=681 submitUs=487 otherUs=1093 prims=392 usPerPrim=6
[FT] avgMs=16 worstMs=48 gameMs=11 drawMs=5 swapWait=0ms draws=70 decodes=0 decMs=0
[OTS] f=94080 calls=2 n0=2301 n1=274 prims=61201 bb=160,1120,0,694
[OTT] walkUs=2009 texUs=127 emitUs=682 submitUs=320 otherUs=878 prims=393 usPerPrim=5
[SH-XBOX] vblank 94200
[MEM] tick: free=4016KB (1004 pages)
[FT] avgMs=16 worstMs=43 gameMs=11 drawMs=5 swapWait=0ms draws=71 decodes=0 decMs=0
[OTS] f=94200 calls=2 n0=2302 n1=274 prims=61018 bb=160,1120,0,694
[OTT] walkUs=2349 texUs=126 emitUs=682 submitUs=220 otherUs=1320 prims=394 usPerPrim=5
[FT] avgMs=16 worstMs=45 gameMs=11 drawMs=5 swapWait=0ms draws=71 decodes=0 decMs=0
[OTS] f=94320 calls=2 n0=2299 n1=274 prims=61342 bb=160,1120,0,694
[OTT] walkUs=2207 texUs=124 emitUs=673 submitUs=265 otherUs=1143 prims=391 usPerPrim=5
[FT] avgMs=16 worstMs=53 gameMs=11 drawMs=5 swapWait=0ms draws=70 decodes=0 decMs=0
[OTS] f=94440 calls=2 n0=2299 n1=274 prims=60900 bb=160,1120,0,694
[OTT] walkUs=2218 texUs=123 emitUs=682 submitUs=195 otherUs=1217 prims=391 usPerPrim=5
[FT] avgMs=16 worstMs=49 gameMs=11 drawMs=5 swapWait=0ms draws=71 decodes=0 decMs=0
[OTS] f=94560 calls=2 n0=2302 n1=274 prims=61285 bb=160,1120,0,694
[OTT] walkUs=2146 texUs=124 emitUs=683 submitUs=416 otherUs=922 prims=394 usPerPrim=5
[FT] avgMs=16 worstMs=44 gameMs=11 drawMs=5 swapWait=0ms draws=70 decodes=0 decMs=0
[OTS] f=94680 calls=2 n0=2298 n1=274 prims=61029 bb=160,1120,0,694
[OTT] walkUs=2266 texUs=125 emitUs=669 submitUs=187 otherUs=1283 prims=390 usPerPrim=5
[SH-XBOX] vblank 94800
[MEM] tick: free=4016KB (1004 pages)
[FT] avgMs=16 worstMs=45 gameMs=11 drawMs=5 swapWait=0ms draws=70 decodes=0 decMs=0
[OTS] f=94800 calls=2 n0=2303 n1=274 prims=61193 bb=160,1120,0,694
[OTT] walkUs=2480 texUs=125 emitUs=686 submitUs=459 otherUs=1209 prims=395 usPerPrim=6
[FT] avgMs=16 worstMs=53 gameMs=11 drawMs=5 swapWait=1ms draws=71 decodes=0 decMs=0
[OTS] f=94920 calls=2 n0=2297 n1=274 prims=61137 bb=160,1120,0,694
[OTT] walkUs=2314 texUs=122 emitUs=675 submitUs=464 otherUs=1052 prims=389 usPerPrim=5
[FT] avgMs=16 worstMs=48 gameMs=11 drawMs=5 swapWait=0ms draws=70 decodes=0 decMs=0
[OTS] f=95040 calls=2 n0=2302 n1=274 prims=61044 bb=160,1120,0,694
[OTT] walkUs=2429 texUs=124 emitUs=689 submitUs=372 otherUs=1242 prims=394 usPerPrim=6
[FT] avgMs=16 worstMs=44 gameMs=11 drawMs=5 swapWait=1ms draws=71 decodes=0 decMs=0
[OTS] f=95160 calls=2 n0=2295 n1=274 prims=61211 bb=160,1120,0,694
[OTT] walkUs=2228 texUs=123 emitUs=673 submitUs=369 otherUs=1062 prims=387 usPerPrim=5
[FT] avgMs=16 worstMs=45 gameMs=11 drawMs=5 swapWait=0ms draws=70 decodes=0 decMs=0
[OTS] f=95280 calls=2 n0=2298 n1=274 prims=61022 bb=160,1120,0,694
[OTT] walkUs=2239 texUs=122 emitUs=680 submitUs=379 otherUs=1057 prims=390 usPerPrim=5
[SH-XBOX] vblank 95400
[MEM] tick: free=4016KB (1004 pages)
[FT] avgMs=16 worstMs=53 gameMs=11 drawMs=5 swapWait=0ms draws=71 decodes=0 decMs=0
[OTS] f=95400 calls=2 n0=2298 n1=274 prims=61266 bb=160,1120,0,694
[OTT] walkUs=1962 texUs=122 emitUs=679 submitUs=256 otherUs=904 prims=390 usPerPrim=5
[FT] avgMs=16 worstMs=48 gameMs=11 drawMs=5 swapWait=0ms draws=70 decodes=0 decMs=0
[OTS] f=95520 calls=2 n0=2301 n1=274 prims=60983 bb=160,1120,0,694
[OTT] walkUs=2199 texUs=125 emitUs=683 submitUs=284 otherUs=1106 prims=393 usPerPrim=5
[FT] avgMs=16 worstMs=17 gameMs=11 drawMs=5 swapWait=0ms draws=70 decodes=0 decMs=0
[OTS] f=95640 calls=2 n0=2299 n1=274 prims=61255 bb=160,1120,0,694
[OTT] walkUs=2096 texUs=124 emitUs=678 submitUs=182 otherUs=1110 prims=391 usPerPrim=5
[FT] avgMs=16 worstMs=51 gameMs=11 drawMs=5 swapWait=0ms draws=71 decodes=0 decMs=0
[OTS] f=95760 calls=2 n0=2301 n1=274 prims=61038 bb=160,1120,0,694
[OTT] walkUs=2416 texUs=124 emitUs=681 submitUs=178 otherUs=1431 prims=393 usPerPrim=6
[FT] avgMs=16 worstMs=47 gameMs=11 drawMs=5 swapWait=1ms draws=70 decodes=0 decMs=0
[OTS] f=95880 calls=2 n0=2301 n1=274 prims=61201 bb=160,1120,0,694
[OTT] walkUs=2008 texUs=124 emitUs=683 submitUs=272 otherUs=928 prims=393 usPerPrim=5
[SH-XBOX] vblank 96000
[MEM] tick: free=4016KB (1004 pages)
[FT] avgMs=16 worstMs=43 gameMs=11 drawMs=5 swapWait=1ms draws=71 decodes=0 decMs=0
[OTS] f=96000 calls=2 n0=2301 n1=274 prims=60989 bb=160,1120,0,694
[OTT] walkUs=2374 texUs=124 emitUs=679 submitUs=312 otherUs=1257 prims=393 usPerPrim=6
[FT] avgMs=16 worstMs=44 gameMs=11 drawMs=5 swapWait=0ms draws=71 decodes=0 decMs=0
[OTS] f=96120 calls=2 n0=2302 n1=274 prims=61375 bb=160,1120,0,694
[OTT] walkUs=1937 texUs=125 emitUs=686 submitUs=192 otherUs=932 prims=394 usPerPrim=4
[FT] avgMs=16 worstMs=45 gameMs=11 drawMs=5 swapWait=0ms draws=70 decodes=0 decMs=0
[OTS] f=96240 calls=2 n0=2300 n1=274 prims=60877 bb=160,1120,0,694
[OTT] walkUs=2196 texUs=125 emitUs=679 submitUs=266 otherUs=1125 prims=392 usPerPrim=5
[FT] avgMs=16 worstMs=53 gameMs=11 drawMs=5 swapWait=1ms draws=71 decodes=0 decMs=0
[OTS] f=96360 calls=2 n0=2300 n1=274 prims=61306 bb=160,1120,0,694
[OTT] walkUs=2086 texUs=124 emitUs=683 submitUs=229 otherUs=1049 prims=392 usPerPrim=5
[FT] avgMs=16 worstMs=48 gameMs=11 drawMs=5 swapWait=0ms draws=71 decodes=0 decMs=0
[OTS] f=96480 calls=2 n0=2298 n1=274 prims=61064 bb=160,1120,0,694
[OTT] walkUs=2214 texUs=123 emitUs=674 submitUs=344 otherUs=1071 prims=390 usPerPrim=5
[SH-XBOX] vblank 96600
[MEM] tick: free=4016KB (1004 pages)
[FT] avgMs=16 worstMs=44 gameMs=11 drawMs=5 swapWait=0ms draws=71 decodes=0 decMs=0
[OTS] f=96600 calls=2 n0=2301 n1=274 prims=61279 bb=160,1120,0,694
[OTT] walkUs=2045 texUs=125 emitUs=686 submitUs=193 otherUs=1040 prims=393 usPerPrim=5
[FT] avgMs=16 worstMs=45 gameMs=11 drawMs=5 swapWait=0ms draws=70 decodes=0 decMs=0
[OTS] f=96720 calls=2 n0=2298 n1=274 prims=60973 bb=160,1120,0,694
[OTT] walkUs=2060 texUs=126 emitUs=673 submitUs=196 otherUs=1064 prims=390 usPerPrim=5
[FT] avgMs=16 worstMs=53 gameMs=11 drawMs=5 swapWait=0ms draws=71 decodes=0 decMs=0
[OTS] f=96840 calls=2 n0=2304 n1=274 prims=61209 bb=160,1120,0,694
[OTT] walkUs=1912 texUs=126 emitUs=688 submitUs=186 otherUs=911 prims=396 usPerPrim=4
[FT] avgMs=16 worstMs=49 gameMs=11 drawMs=5 swapWait=0ms draws=70 decodes=0 decMs=0
[OTS] f=96960 calls=2 n0=2294 n1=274 prims=61181 bb=160,1120,0,694
[OTT] walkUs=2055 texUs=122 emitUs=657 submitUs=234 otherUs=1040 prims=386 usPerPrim=5
[FT] avgMs=16 worstMs=44 gameMs=11 drawMs=5 swapWait=0ms draws=70 decodes=0 decMs=0
[OTS] f=97080 calls=2 n0=2302 n1=274 prims=61060 bb=160,1120,0,694
[OTT] walkUs=2270 texUs=124 emitUs=686 submitUs=349 otherUs=1110 prims=394 usPerPrim=5
[SH-XBOX] vblank 97200
[MEM] tick: free=4016KB (1004 pages)
[FT] avgMs=16 worstMs=45 gameMs=11 drawMs=5 swapWait=0ms draws=71 decodes=0 decMs=0
[OTS] f=97200 calls=2 n0=2297 n1=274 prims=61229 bb=160,1120,0,694
[OTT] walkUs=2225 texUs=122 emitUs=677 submitUs=222 otherUs=1202 prims=389 usPerPrim=5
[FT] avgMs=16 worstMs=53 gameMs=11 drawMs=5 swapWait=0ms draws=70 decodes=0 decMs=0
[OTS] f=97320 calls=2 n0=2301 n1=274 prims=61001 bb=160,1120,0,694
[OTT] walkUs=2166 texUs=125 emitUs=677 submitUs=272 otherUs=1091 prims=393 usPerPrim=5
[FT] avgMs=16 worstMs=49 gameMs=11 drawMs=5 swapWait=0ms draws=70 decodes=0 decMs=0
[OTS] f=97440 calls=2 n0=2299 n1=274 prims=61263 bb=160,1120,0,694
[OTT] walkUs=2214 texUs=124 emitUs=673 submitUs=249 otherUs=1167 prims=391 usPerPrim=5
[FT] avgMs=16 worstMs=18 gameMs=11 drawMs=5 swapWait=1ms draws=71 decodes=0 decMs=0
[OTS] f=97560 calls=2 n0=2302 n1=274 prims=61043 bb=160,1120,0,694
[OTT] walkUs=2261 texUs=127 emitUs=683 submitUs=282 otherUs=1167 prims=394 usPerPrim=5
[FT] avgMs=16 worstMs=51 gameMs=11 drawMs=5 swapWait=0ms draws=70 decodes=0 decMs=0
[OTS] f=97680 calls=2 n0=2299 n1=274 prims=61189 bb=160,1120,0,694
[OTT] walkUs=2338 texUs=124 emitUs=683 submitUs=410 otherUs=1119 prims=391 usPerPrim=5
[SH-XBOX] vblank 97800
[MEM] tick: free=4016KB (1004 pages)
[FT] avgMs=16 worstMs=47 gameMs=11 drawMs=5 swapWait=0ms draws=70 decodes=0 decMs=0
[OTS] f=97800 calls=2 n0=2298 n1=274 prims=60979 bb=160,1120,0,694
[OTT] walkUs=2300 texUs=124 emitUs=668 submitUs=218 otherUs=1289 prims=390 usPerPrim=5
[FT] avgMs=16 worstMs=43 gameMs=11 drawMs=5 swapWait=0ms draws=70 decodes=0 decMs=0
[OTS] f=97920 calls=2 n0=2301 n1=274 prims=61253 bb=160,1120,0,694
[OTT] walkUs=2361 texUs=125 emitUs=686 submitUs=187 otherUs=1362 prims=393 usPerPrim=6
[FT] avgMs=16 worstMs=44 gameMs=11 drawMs=5 swapWait=0ms draws=71 decodes=0 decMs=0
[OTS] f=98040 calls=2 n0=2302 n1=274 prims=61018 bb=160,1120,0,694
[OTT] walkUs=2337 texUs=124 emitUs=682 submitUs=429 otherUs=1100 prims=394 usPerPrim=5
[FT] avgMs=16 worstMs=46 gameMs=11 drawMs=5 swapWait=0ms draws=70 decodes=0 decMs=0
[OTS] f=98160 calls=2 n0=2298 n1=274 prims=61214 bb=160,1120,0,694
[OTT] walkUs=1836 texUs=123 emitUs=670 submitUs=186 otherUs=855 prims=390 usPerPrim=4
[FT] avgMs=16 worstMs=53 gameMs=11 drawMs=5 swapWait=0ms draws=70 decodes=0 decMs=0
[OTS] f=98280 calls=2 n0=2298 n1=274 prims=60998 bb=160,1120,0,694
[OTT] walkUs=2244 texUs=123 emitUs=680 submitUs=176 otherUs=1263 prims=390 usPerPrim=5
[SH-XBOX] vblank 98400
[MEM] tick: free=4016KB (1004 pages)
[FT] avgMs=16 worstMs=49 gameMs=11 drawMs=5 swapWait=0ms draws=71 decodes=0 decMs=0
[OTS] f=98400 calls=2 n0=2302 n1=274 prims=61312 bb=160,1120,0,694
[OTT] walkUs=2244 texUs=125 emitUs=690 submitUs=311 otherUs=1117 prims=394 usPerPrim=5
[FT] avgMs=16 worstMs=44 gameMs=11 drawMs=5 swapWait=0ms draws=70 decodes=0 decMs=0
[OTS] f=98520 calls=2 n0=2300 n1=274 prims=60955 bb=160,1120,0,694
[OTT] walkUs=1959 texUs=124 emitUs=682 submitUs=179 otherUs=973 prims=392 usPerPrim=4
[FT] avgMs=16 worstMs=45 gameMs=11 drawMs=5 swapWait=0ms draws=71 decodes=0 decMs=0
[OTS] f=98640 calls=2 n0=2303 n1=274 prims=61239 bb=160,1120,0,694
[OTT] walkUs=1998 texUs=125 emitUs=693 submitUs=186 otherUs=993 prims=395 usPerPrim=5
[FT] avgMs=16 worstMs=53 gameMs=11 drawMs=5 swapWait=0ms draws=70 decodes=0 decMs=0
[OTS] f=98760 calls=2 n0=2294 n1=274 prims=61130 bb=160,1120,0,694
[OTT] walkUs=1853 texUs=123 emitUs=658 submitUs=283 otherUs=787 prims=386 usPerPrim=4
[FT] avgMs=16 worstMs=49 gameMs=11 drawMs=5 swapWait=0ms draws=70 decodes=0 decMs=0
[OTS] f=98880 calls=2 n0=2302 n1=274 prims=61082 bb=160,1120,0,694
[OTT] walkUs=2178 texUs=125 emitUs=699 submitUs=176 otherUs=1175 prims=394 usPerPrim=5
[SH-XBOX] vblank 99000
[MEM] tick: free=4016KB (1004 pages)
[FT] avgMs=16 worstMs=44 gameMs=11 drawMs=5 swapWait=0ms draws=71 decodes=0 decMs=0
[OTS] f=99000 calls=2 n0=2296 n1=274 prims=61205 bb=160,1120,0,694
[OTT] walkUs=2001 texUs=122 emitUs=669 submitUs=256 otherUs=952 prims=388 usPerPrim=5
[FT] avgMs=16 worstMs=46 gameMs=11 drawMs=5 swapWait=0ms draws=71 decodes=0 decMs=0
[OTS] f=99120 calls=2 n0=2298 n1=274 prims=61126 bb=160,1120,0,694
[OTT] walkUs=2194 texUs=122 emitUs=693 submitUs=278 otherUs=1099 prims=390 usPerPrim=5
[FT] avgMs=16 worstMs=53 gameMs=11 drawMs=5 swapWait=0ms draws=71 decodes=0 decMs=0
[OTS] f=99240 calls=2 n0=2297 n1=274 prims=61292 bb=160,1120,0,694
[OTT] walkUs=1941 texUs=123 emitUs=671 submitUs=351 otherUs=793 prims=389 usPerPrim=4
[FT] avgMs=16 worstMs=49 gameMs=11 drawMs=5 swapWait=0ms draws=70 decodes=0 decMs=0
[OTS] f=99360 calls=2 n0=2303 n1=274 prims=60930 bb=160,1120,0,694
[OTT] walkUs=2196 texUs=124 emitUs=686 submitUs=286 otherUs=1099 prims=395 usPerPrim=5
[FT] avgMs=16 worstMs=17 gameMs=11 drawMs=5 swapWait=0ms draws=71 decodes=0 decMs=0
[OTS] f=99480 calls=2 n0=2300 n1=274 prims=61294 bb=160,1120,0,694
[OTT] walkUs=2035 texUs=128 emitUs=682 submitUs=211 otherUs=1014 prims=392 usPerPrim=5
[SH-XBOX] vblank 99600
[MEM] tick: free=4016KB (1004 pages)
[FT] avgMs=16 worstMs=51 gameMs=11 drawMs=5 swapWait=1ms draws=70 decodes=0 decMs=0
[OTS] f=99600 calls=2 n0=2299 n1=274 prims=60988 bb=160,1120,0,694
[OTT] walkUs=1973 texUs=125 emitUs=675 submitUs=194 otherUs=978 prims=391 usPerPrim=5
[FT] avgMs=16 worstMs=47 gameMs=11 drawMs=5 swapWait=0ms draws=70 decodes=0 decMs=0
[OTS] f=99720 calls=2 n0=2301 n1=274 prims=61269 bb=160,1120,0,694
[OTT] walkUs=2341 texUs=125 emitUs=685 submitUs=396 otherUs=1134 prims=393 usPerPrim=5
[FT] avgMs=16 worstMs=43 gameMs=11 drawMs=5 swapWait=1ms draws=71 decodes=0 decMs=0
[OTS] f=99840 calls=2 n0=2301 n1=274 prims=60989 bb=160,1120,0,694
[OTT] walkUs=2064 texUs=124 emitUs=682 submitUs=198 otherUs=1058 prims=393 usPerPrim=5
[FT] avgMs=16 worstMs=44 gameMs=11 drawMs=5 swapWait=0ms draws=70 decodes=0 decMs=0
[OTS] f=99960 calls=2 n0=2300 n1=274 prims=61227 bb=160,1120,0,694
[OTT] walkUs=2199 texUs=125 emitUs=673 submitUs=180 otherUs=1219 prims=392 usPerPrim=5
[FT] avgMs=16 worstMs=45 gameMs=11 drawMs=5 swapWait=0ms draws=70 decodes=0 decMs=0
[OTS] f=100080 calls=2 n0=2299 n1=274 prims=61001 bb=160,1120,0,694
[OTT] walkUs=2245 texUs=123 emitUs=673 submitUs=347 otherUs=1101 prims=391 usPerPrim=5
[SH-XBOX] vblank 100200
[MEM] tick: free=4016KB (1004 pages)
[FT] avgMs=16 worstMs=53 gameMs=11 drawMs=5 swapWait=0ms draws=71 decodes=0 decMs=0
[OTS] f=100200 calls=2 n0=2300 n1=274 prims=61330 bb=160,1120,0,694
[OTT] walkUs=2186 texUs=123 emitUs=678 submitUs=408 otherUs=974 prims=392 usPerPrim=5
[FT] avgMs=16 worstMs=49 gameMs=11 drawMs=5 swapWait=0ms draws=70 decodes=0 decMs=0
[OTS] f=100320 calls=2 n0=2298 n1=274 prims=60935 bb=160,1120,0,694
[OTT] walkUs=2214 texUs=122 emitUs=680 submitUs=261 otherUs=1149 prims=390 usPerPrim=5
[FT] avgMs=16 worstMs=44 gameMs=11 drawMs=5 swapWait=0ms draws=70 decodes=0 decMs=0
[OTS] f=100440 calls=2 n0=2299 n1=274 prims=61195 bb=160,1120,0,694
[OTT] walkUs=2134 texUs=124 emitUs=676 submitUs=405 otherUs=928 prims=391 usPerPrim=5
[FT] avgMs=16 worstMs=46 gameMs=11 drawMs=5 swapWait=1ms draws=70 decodes=0 decMs=0
[OTS] f=100560 calls=2 n0=2297 n1=274 prims=61045 bb=160,1120,0,694
[OTT] walkUs=2302 texUs=123 emitUs=675 submitUs=190 otherUs=1313 prims=389 usPerPrim=5
[FT] avgMs=16 worstMs=54 gameMs=11 drawMs=5 swapWait=0ms draws=71 decodes=0 decMs=0
[OTS] f=100680 calls=2 n0=2304 n1=274 prims=61221 bb=160,1120,0,694
[OTT] walkUs=2222 texUs=126 emitUs=692 submitUs=196 otherUs=1207 prims=396 usPerPrim=5
[SH-XBOX] vblank 100800
[MEM] tick: free=4016KB (1004 pages)
[FT] avgMs=16 worstMs=49 gameMs=11 drawMs=5 swapWait=0ms draws=70 decodes=0 decMs=0
[OTS] f=100800 calls=2 n0=2297 n1=274 prims=61049 bb=160,1120,0,694
[OTT] walkUs=2437 texUs=123 emitUs=679 submitUs=293 otherUs=1341 prims=389 usPerPrim=6
[FT] avgMs=16 worstMs=45 gameMs=11 drawMs=5 swapWait=0ms draws=71 decodes=0 decMs=0
[OTS] f=100920 calls=2 n0=2302 n1=274 prims=61162 bb=160,1120,0,694
[OTT] walkUs=2230 texUs=125 emitUs=687 submitUs=240 otherUs=1176 prims=394 usPerPrim=5
[FT] avgMs=16 worstMs=46 gameMs=11 drawMs=5 swapWait=0ms draws=71 decodes=0 decMs=0
[OTS] f=101040 calls=2 n0=2297 n1=274 prims=61260 bb=160,1120,0,694
[OTT] walkUs=2361 texUs=123 emitUs=674 submitUs=253 otherUs=1310 prims=389 usPerPrim=6
[FT] avgMs=16 worstMs=54 gameMs=11 drawMs=5 swapWait=0ms draws=70 decodes=0 decMs=0
[OTS] f=101160 calls=2 n0=2303 n1=274 prims=60959 bb=160,1120,0,694
[OTT] walkUs=1947 texUs=126 emitUs=694 submitUs=276 otherUs=849 prims=395 usPerPrim=4
[FT] avgMs=16 worstMs=49 gameMs=11 drawMs=5 swapWait=0ms draws=71 decodes=0 decMs=0
[OTS] f=101280 calls=2 n0=2300 n1=274 prims=61283 bb=160,1120,0,694
[OTT] walkUs=2146 texUs=124 emitUs=684 submitUs=341 otherUs=996 prims=392 usPerPrim=5
[SH-XBOX] vblank 101400
[MEM] tick: free=4016KB (1004 pages)
[FT] avgMs=17 worstMs=79 gameMs=12 drawMs=5 swapWait=0ms draws=70 decodes=0 decMs=0
[OTS] f=101400 calls=2 n0=2300 n1=274 prims=60981 bb=160,1120,0,694
[OTT] walkUs=2027 texUs=125 emitUs=681 submitUs=187 otherUs=1032 prims=392 usPerPrim=5
[FT] avgMs=16 worstMs=17 gameMs=11 drawMs=5 swapWait=0ms draws=70 decodes=0 decMs=0
[OTS] f=101520 calls=2 n0=2299 n1=274 prims=61273 bb=160,1120,0,694
[OTT] walkUs=2261 texUs=123 emitUs=679 submitUs=243 otherUs=1215 prims=391 usPerPrim=5
[FT] avgMs=16 worstMs=18 gameMs=11 drawMs=5 swapWait=0ms draws=71 decodes=0 decMs=0
[OTS] f=101640 calls=2 n0=2300 n1=274 prims=61001 bb=160,1120,0,694
[OTT] walkUs=1871 texUs=124 emitUs=680 submitUs=187 otherUs=878 prims=392 usPerPrim=4
[FT] avgMs=16 worstMs=43 gameMs=11 drawMs=5 swapWait=0ms draws=71 decodes=0 decMs=0
[OTS] f=101760 calls=2 n0=2301 n1=274 prims=61329 bb=160,1120,0,694
[OTT] walkUs=2331 texUs=124 emitUs=685 submitUs=247 otherUs=1274 prims=393 usPerPrim=5
[FT] avgMs=16 worstMs=44 gameMs=11 drawMs=5 swapWait=0ms draws=71 decodes=0 decMs=0
[OTS] f=101880 calls=2 n0=2301 n1=274 prims=61028 bb=160,1120,0,694
[OTT] walkUs=2138 texUs=125 emitUs=682 submitUs=181 otherUs=1148 prims=393 usPerPrim=5
[SH-XBOX] vblank 102000
[MEM] tick: free=4016KB (1004 pages)
[FT] avgMs=16 worstMs=46 gameMs=11 drawMs=5 swapWait=0ms draws=70 decodes=0 decMs=0
[OTS] f=102000 calls=2 n0=2300 n1=274 prims=61208 bb=160,1120,0,694
[OTT] walkUs=2225 texUs=125 emitUs=685 submitUs=338 otherUs=1076 prims=392 usPerPrim=5
[FT] avgMs=16 worstMs=53 gameMs=11 drawMs=5 swapWait=0ms draws=71 decodes=0 decMs=0
[OTS] f=102120 calls=2 n0=2299 n1=274 prims=61022 bb=160,1120,0,694
[OTT] walkUs=2089 texUs=123 emitUs=682 submitUs=272 otherUs=1010 prims=391 usPerPrim=5
[FT] avgMs=16 worstMs=49 gameMs=11 drawMs=5 swapWait=0ms draws=70 decodes=0 decMs=0
[OTS] f=102240 calls=2 n0=2300 n1=274 prims=61214 bb=160,1120,0,694
[OTT] walkUs=2040 texUs=125 emitUs=675 submitUs=203 otherUs=1036 prims=392 usPerPrim=5
[FT] avgMs=16 worstMs=45 gameMs=11 drawMs=5 swapWait=0ms draws=70 decodes=0 decMs=0
[OTS] f=102360 calls=2 n0=2299 n1=274 prims=61047 bb=160,1120,0,694
[OTT] walkUs=2066 texUs=124 emitUs=677 submitUs=404 otherUs=860 prims=391 usPerPrim=5
[FT] avgMs=16 worstMs=46 gameMs=11 drawMs=5 swapWait=0ms draws=71 decodes=0 decMs=0
[OTS] f=102480 calls=2 n0=2303 n1=274 prims=61245 bb=160,1120,0,694
[OTT] walkUs=2183 texUs=129 emitUs=686 submitUs=272 otherUs=1095 prims=395 usPerPrim=5
[SH-XBOX] vblank 102600
[MEM] tick: free=4016KB (1004 pages)
[FT] avgMs=16 worstMs=54 gameMs=11 drawMs=5 swapWait=0ms draws=70 decodes=0 decMs=0
[OTS] f=102600 calls=2 n0=2297 n1=274 prims=61009 bb=160,1120,0,694
[OTT] walkUs=2180 texUs=122 emitUs=678 submitUs=241 otherUs=1137 prims=389 usPerPrim=5
[FT] avgMs=16 worstMs=49 gameMs=11 drawMs=5 swapWait=0ms draws=71 decodes=0 decMs=0
[OTS] f=102720 calls=2 n0=2302 n1=274 prims=61174 bb=160,1120,0,694
[OTT] walkUs=2125 texUs=125 emitUs=685 submitUs=241 otherUs=1073 prims=394 usPerPrim=5
[FT] avgMs=16 worstMs=45 gameMs=11 drawMs=5 swapWait=0ms draws=71 decodes=0 decMs=0
[OTS] f=102840 calls=2 n0=2296 n1=274 prims=61236 bb=160,1120,0,694
[OTT] walkUs=2204 texUs=123 emitUs=676 submitUs=189 otherUs=1214 prims=388 usPerPrim=5
[FT] avgMs=16 worstMs=46 gameMs=11 drawMs=5 swapWait=0ms draws=70 decodes=0 decMs=0
[OTS] f=102960 calls=2 n0=2298 n1=274 prims=60998 bb=160,1120,0,694
[OTT] walkUs=2208 texUs=123 emitUs=678 submitUs=199 otherUs=1207 prims=390 usPerPrim=5
[FT] avgMs=16 worstMs=53 gameMs=11 drawMs=5 swapWait=0ms draws=70 decodes=0 decMs=0
[OTS] f=103080 calls=2 n0=2296 n1=274 prims=61180 bb=160,1120,0,694
[OTT] walkUs=2150 texUs=123 emitUs=669 submitUs=196 otherUs=1161 prims=388 usPerPrim=5
[SH-XBOX] vblank 103200
[MEM] tick: free=4016KB (1004 pages)
[FT] avgMs=16 worstMs=49 gameMs=11 drawMs=5 swapWait=0ms draws=70 decodes=0 decMs=0
[OTS] f=103200 calls=2 n0=2302 n1=274 prims=61014 bb=160,1120,0,694
[OTT] walkUs=2231 texUs=125 emitUs=687 submitUs=240 otherUs=1177 prims=394 usPerPrim=5
[FT] avgMs=16 worstMs=45 gameMs=11 drawMs=5 swapWait=0ms draws=71 decodes=0 decMs=0
[OTS] f=103320 calls=2 n0=2300 n1=274 prims=61322 bb=160,1120,0,694
[OTT] walkUs=2228 texUs=124 emitUs=681 submitUs=188 otherUs=1232 prims=392 usPerPrim=5
[FT] avgMs=16 worstMs=18 gameMs=11 drawMs=5 swapWait=0ms draws=70 decodes=0 decMs=0
[OTS] f=103440 calls=2 n0=2301 n1=274 prims=60899 bb=160,1120,0,694
[OTT] walkUs=2266 texUs=124 emitUs=680 submitUs=281 otherUs=1179 prims=393 usPerPrim=5
[FT] avgMs=16 worstMs=17 gameMs=11 drawMs=5 swapWait=0ms draws=71 decodes=0 decMs=0
[OTS] f=103560 calls=2 n0=2301 n1=274 prims=61328 bb=160,1120,0,694
[OTT] walkUs=2191 texUs=125 emitUs=689 submitUs=197 otherUs=1178 prims=393 usPerPrim=5
[FT] avgMs=16 worstMs=43 gameMs=11 drawMs=5 swapWait=0ms draws=70 decodes=0 decMs=0
[OTS] f=103680 calls=2 n0=2298 n1=274 prims=60997 bb=160,1120,0,694
[OTT] walkUs=2265 texUs=124 emitUs=667 submitUs=184 otherUs=1289 prims=390 usPerPrim=5
[SH-XBOX] vblank 103800
[MEM] tick: free=4016KB (1004 pages)
[FT] avgMs=16 worstMs=45 gameMs=11 drawMs=5 swapWait=1ms draws=70 decodes=0 decMs=0
[OTS] f=103800 calls=2 n0=2302 n1=274 prims=61239 bb=160,1120,0,694
[OTT] walkUs=2303 texUs=125 emitUs=684 submitUs=193 otherUs=1299 prims=394 usPerPrim=5
[FT] avgMs=16 worstMs=46 gameMs=11 drawMs=5 swapWait=0ms draws=71 decodes=0 decMs=0
[OTS] f=103920 calls=2 n0=2300 n1=274 prims=61005 bb=160,1120,0,694
[OTT] walkUs=2297 texUs=124 emitUs=683 submitUs=221 otherUs=1268 prims=392 usPerPrim=5
[FT] avgMs=16 worstMs=54 gameMs=11 drawMs=5 swapWait=0ms draws=70 decodes=0 decMs=0
[OTS] f=104040 calls=2 n0=2298 n1=274 prims=61220 bb=160,1120,0,694
[OTT] walkUs=2333 texUs=125 emitUs=669 submitUs=261 otherUs=1277 prims=390 usPerPrim=5
[FT] avgMs=16 worstMs=49 gameMs=11 drawMs=5 swapWait=0ms draws=70 decodes=0 decMs=0
[OTS] f=104160 calls=2 n0=2297 n1=274 prims=61047 bb=160,1120,0,694
[OTT] walkUs=1953 texUs=123 emitUs=668 submitUs=318 otherUs=842 prims=389 usPerPrim=5
[FT] avgMs=16 worstMs=45 gameMs=11 drawMs=5 swapWait=0ms draws=71 decodes=0 decMs=0
[OTS] f=104280 calls=2 n0=2301 n1=274 prims=61253 bb=160,1120,0,694
[OTT] walkUs=2334 texUs=124 emitUs=681 submitUs=198 otherUs=1328 prims=393 usPerPrim=5
[SH-XBOX] vblank 104400
[MEM] tick: free=4016KB (1004 pages)
[FT] avgMs=16 worstMs=46 gameMs=11 drawMs=5 swapWait=0ms draws=71 decodes=0 decMs=0
[OTS] f=104400 calls=2 n0=2298 n1=274 prims=61101 bb=160,1120,0,694
[OTT] walkUs=1904 texUs=126 emitUs=677 submitUs=284 otherUs=816 prims=390 usPerPrim=4
[FT] avgMs=16 worstMs=42 gameMs=11 drawMs=5 swapWait=1ms draws=70 decodes=0 decMs=0
[OTS] f=104520 calls=2 n0=2302 n1=274 prims=61186 bb=160,1120,0,694
[OTT] walkUs=1952 texUs=129 emitUs=678 submitUs=203 otherUs=941 prims=394 usPerPrim=4
[FT] avgMs=16 worstMs=44 gameMs=11 drawMs=5 swapWait=0ms draws=70 decodes=0 decMs=0
[OTS] f=104640 calls=2 n0=2297 n1=274 prims=61101 bb=160,1120,0,694
[OTT] walkUs=1890 texUs=127 emitUs=675 submitUs=271 otherUs=815 prims=389 usPerPrim=4
[FT] avgMs=16 worstMs=45 gameMs=11 drawMs=5 swapWait=0ms draws=71 decodes=0 decMs=0
[OTS] f=104760 calls=2 n0=2302 n1=274 prims=61162 bb=160,1120,0,694
[OTT] walkUs=1926 texUs=126 emitUs=682 submitUs=192 otherUs=925 prims=394 usPerPrim=4
[FT] avgMs=16 worstMs=52 gameMs=11 drawMs=5 swapWait=0ms draws=70 decodes=0 decMs=0
[OTS] f=104880 calls=2 n0=2295 n1=274 prims=61128 bb=160,1120,0,694
[OTT] walkUs=2027 texUs=123 emitUs=665 submitUs=187 otherUs=1051 prims=387 usPerPrim=5
[SH-XBOX] vblank 105000
[MEM] tick: free=4016KB (1004 pages)
[FT] avgMs=16 worstMs=48 gameMs=11 drawMs=5 swapWait=0ms draws=70 decodes=0 decMs=0
[OTS] f=105000 calls=2 n0=2302 n1=274 prims=61067 bb=160,1120,0,694
[OTT] walkUs=1868 texUs=125 emitUs=680 submitUs=191 otherUs=869 prims=394 usPerPrim=4
[FT] avgMs=16 worstMs=44 gameMs=11 drawMs=5 swapWait=0ms draws=71 decodes=0 decMs=0
[OTS] f=105120 calls=2 n0=2300 n1=274 prims=61308 bb=160,1120,0,694
[OTT] walkUs=2018 texUs=123 emitUs=681 submitUs=184 otherUs=1028 prims=392 usPerPrim=5
[FT] avgMs=16 worstMs=45 gameMs=11 drawMs=5 swapWait=0ms draws=70 decodes=0 decMs=0
[OTS] f=105240 calls=2 n0=2302 n1=274 prims=60907 bb=160,1120,0,694
[OTT] walkUs=2034 texUs=126 emitUs=692 submitUs=352 otherUs=863 prims=394 usPerPrim=5
[FT] avgMs=16 worstMs=17 gameMs=11 drawMs=5 swapWait=0ms draws=71 decodes=0 decMs=0
[OTS] f=105360 calls=2 n0=2299 n1=274 prims=61317 bb=160,1120,0,694
[OTT] walkUs=2258 texUs=124 emitUs=675 submitUs=261 otherUs=1197 prims=391 usPerPrim=5
[FT] avgMs=16 worstMs=17 gameMs=11 drawMs=5 swapWait=0ms draws=70 decodes=0 decMs=0
[OTS] f=105480 calls=2 n0=2297 n1=274 prims=60997 bb=160,1120,0,694
[OTT] walkUs=1999 texUs=124 emitUs=667 submitUs=218 otherUs=989 prims=389 usPerPrim=5
[SH-XBOX] vblank 105600
[MEM] tick: free=4016KB (1004 pages)
[FT] avgMs=16 worstMs=44 gameMs=11 drawMs=5 swapWait=0ms draws=70 decodes=0 decMs=0
[OTS] f=105600 calls=2 n0=2301 n1=274 prims=61235 bb=160,1120,0,694
[OTT] walkUs=2102 texUs=124 emitUs=689 submitUs=206 otherUs=1081 prims=393 usPerPrim=5
[FT] avgMs=16 worstMs=45 gameMs=11 drawMs=5 swapWait=0ms draws=70 decodes=0 decMs=0
[OTS] f=105720 calls=2 n0=2300 n1=274 prims=60900 bb=160,1120,0,694
[OTT] walkUs=1897 texUs=125 emitUs=676 submitUs=192 otherUs=903 prims=392 usPerPrim=4
[FT] avgMs=16 worstMs=53 gameMs=11 drawMs=5 swapWait=0ms draws=70 decodes=0 decMs=0
[OTS] f=105840 calls=2 n0=2300 n1=274 prims=61306 bb=160,1120,0,694
[OTT] walkUs=2159 texUs=124 emitUs=680 submitUs=400 otherUs=953 prims=392 usPerPrim=5
[FT] avgMs=16 worstMs=48 gameMs=11 drawMs=5 swapWait=0ms draws=71 decodes=0 decMs=0
[OTS] f=105960 calls=2 n0=2299 n1=274 prims=61052 bb=160,1120,0,694
[OTT] walkUs=2119 texUs=127 emitUs=678 submitUs=310 otherUs=1002 prims=391 usPerPrim=5
[FT] avgMs=16 worstMs=44 gameMs=11 drawMs=5 swapWait=0ms draws=70 decodes=0 decMs=0
[OTS] f=106080 calls=2 n0=2302 n1=274 prims=61156 bb=160,1120,0,694
[OTT] walkUs=2106 texUs=125 emitUs=686 submitUs=420 otherUs=873 prims=394 usPerPrim=5
[SH-XBOX] vblank 106200
[MEM] tick: free=4016KB (1004 pages)
[FT] avgMs=16 worstMs=45 gameMs=11 drawMs=5 swapWait=0ms draws=71 decodes=0 decMs=0
[OTS] f=106200 calls=2 n0=2300 n1=274 prims=61083 bb=160,1120,0,694
[OTT] walkUs=2199 texUs=124 emitUs=683 submitUs=378 otherUs=1014 prims=392 usPerPrim=5
[FT] avgMs=16 worstMs=53 gameMs=11 drawMs=5 swapWait=0ms draws=70 decodes=0 decMs=0
[OTS] f=106320 calls=2 n0=2301 n1=274 prims=61199 bb=160,1120,0,694
[OTT] walkUs=2074 texUs=125 emitUs=676 submitUs=210 otherUs=1061 prims=393 usPerPrim=5
[FT] avgMs=16 worstMs=49 gameMs=11 drawMs=5 swapWait=0ms draws=70 decodes=0 decMs=0
[OTS] f=106440 calls=2 n0=2297 n1=274 prims=61077 bb=160,1120,0,694
[OTT] walkUs=2221 texUs=123 emitUs=678 submitUs=186 otherUs=1232 prims=389 usPerPrim=5
[FT] avgMs=16 worstMs=44 gameMs=11 drawMs=5 swapWait=0ms draws=71 decodes=0 decMs=0
[OTS] f=106560 calls=2 n0=2302 n1=274 prims=61172 bb=160,1120,0,694
[OTT] walkUs=2143 texUs=128 emitUs=685 submitUs=355 otherUs=975 prims=394 usPerPrim=5
[FT] avgMs=16 worstMs=46 gameMs=11 drawMs=5 swapWait=0ms draws=70 decodes=0 decMs=0
[OTS] f=106680 calls=2 n0=2294 n1=274 prims=61087 bb=160,1120,0,694
[OTT] walkUs=2172 texUs=127 emitUs=679 submitUs=198 otherUs=1166 prims=386 usPerPrim=5
[SH-XBOX] vblank 106800
[MEM] tick: free=4016KB (1004 pages)
[FT] avgMs=16 worstMs=53 gameMs=11 drawMs=5 swapWait=0ms draws=70 decodes=0 decMs=0
[OTS] f=106800 calls=2 n0=2297 n1=274 prims=61128 bb=160,1120,0,694
[OTT] walkUs=2275 texUs=123 emitUs=674 submitUs=582 otherUs=895 prims=389 usPerPrim=5
[FT] avgMs=16 worstMs=48 gameMs=11 drawMs=5 swapWait=0ms draws=71 decodes=0 decMs=0
[OTS] f=106920 calls=2 n0=2298 n1=274 prims=61287 bb=160,1120,0,694
[OTT] walkUs=2201 texUs=123 emitUs=678 submitUs=224 otherUs=1175 prims=390 usPerPrim=5
[FT] avgMs=16 worstMs=43 gameMs=11 drawMs=5 swapWait=0ms draws=71 decodes=0 decMs=0
[OTS] f=107040 calls=2 n0=2303 n1=274 prims=61054 bb=160,1120,0,694
[OTT] walkUs=2288 texUs=125 emitUs=684 submitUs=185 otherUs=1293 prims=395 usPerPrim=5
[FT] avgMs=16 worstMs=46 gameMs=11 drawMs=5 swapWait=0ms draws=70 decodes=0 decMs=0
[OTS] f=107160 calls=2 n0=2298 n1=274 prims=61240 bb=160,1120,0,694
[OTT] walkUs=2215 texUs=124 emitUs=669 submitUs=192 otherUs=1228 prims=390 usPerPrim=5
[FT] avgMs=16 worstMs=53 gameMs=11 drawMs=5 swapWait=0ms draws=70 decodes=0 decMs=0
[OTS] f=107280 calls=2 n0=2300 n1=274 prims=60975 bb=160,1120,0,694
[OTT] walkUs=2351 texUs=123 emitUs=680 submitUs=399 otherUs=1147 prims=392 usPerPrim=5
[SH-XBOX] vblank 107400
[MEM] tick: free=4016KB (1004 pages)
[FT] avgMs=16 worstMs=17 gameMs=11 drawMs=5 swapWait=0ms draws=71 decodes=0 decMs=0
[OTS] f=107400 calls=2 n0=2301 n1=274 prims=61336 bb=160,1120,0,694
[OTT] walkUs=2246 texUs=124 emitUs=682 submitUs=351 otherUs=1088 prims=393 usPerPrim=5
[FT] avgMs=16 worstMs=44 gameMs=11 drawMs=5 swapWait=0ms draws=70 decodes=0 decMs=0
[OTS] f=107520 calls=2 n0=2301 n1=274 prims=60862 bb=160,1120,0,694
[OTT] walkUs=2295 texUs=124 emitUs=684 submitUs=385 otherUs=1100 prims=393 usPerPrim=5
[FT] avgMs=16 worstMs=45 gameMs=11 drawMs=5 swapWait=0ms draws=71 decodes=0 decMs=0
[OTS] f=107640 calls=2 n0=2302 n1=274 prims=61344 bb=160,1120,0,694
[OTT] walkUs=2223 texUs=124 emitUs=682 submitUs=570 otherUs=845 prims=394 usPerPrim=5
[FT] avgMs=16 worstMs=53 gameMs=11 drawMs=5 swapWait=0ms draws=71 decodes=0 decMs=0
[OTS] f=107760 calls=2 n0=2300 n1=274 prims=61035 bb=160,1120,0,694
[OTT] walkUs=1843 texUs=124 emitUs=678 submitUs=213 otherUs=826 prims=392 usPerPrim=4
[FT] avgMs=16 worstMs=49 gameMs=11 drawMs=5 swapWait=0ms draws=70 decodes=0 decMs=0
[OTS] f=107880 calls=2 n0=2300 n1=274 prims=61178 bb=160,1120,0,694
[OTT] walkUs=2195 texUs=124 emitUs=678 submitUs=178 otherUs=1214 prims=392 usPerPrim=5
[SH-XBOX] vblank 108000
[MEM] tick: free=4016KB (1004 pages)
[FT] avgMs=16 worstMs=44 gameMs=11 drawMs=5 swapWait=0ms draws=71 decodes=0 decMs=0
[OTS] f=108000 calls=2 n0=2298 n1=274 prims=61063 bb=160,1120,0,694
[OTT] walkUs=1932 texUs=128 emitUs=674 submitUs=344 otherUs=785 prims=390 usPerPrim=4
[FT] avgMs=16 worstMs=45 gameMs=11 drawMs=5 swapWait=0ms draws=70 decodes=0 decMs=0
[OTS] f=108120 calls=2 n0=2298 n1=274 prims=61197 bb=160,1120,0,694
[OTT] walkUs=1925 texUs=125 emitUs=672 submitUs=262 otherUs=864 prims=390 usPerPrim=4
[FT] avgMs=16 worstMs=52 gameMs=11 drawMs=5 swapWait=0ms draws=70 decodes=0 decMs=0
[OTS] f=108240 calls=2 n0=2298 n1=274 prims=61055 bb=160,1120,0,694
[OTT] walkUs=1904 texUs=124 emitUs=673 submitUs=222 otherUs=884 prims=390 usPerPrim=4
[FT] avgMs=16 worstMs=49 gameMs=11 drawMs=5 swapWait=0ms draws=70 decodes=0 decMs=0
[OTS] f=108360 calls=2 n0=2304 n1=274 prims=61080 bb=160,1120,0,694
[OTT] walkUs=1887 texUs=125 emitUs=687 submitUs=255 otherUs=818 prims=396 usPerPrim=4
[FT] avgMs=16 worstMs=43 gameMs=11 drawMs=5 swapWait=0ms draws=71 decodes=0 decMs=0
[OTS] f=108480 calls=2 n0=2297 n1=274 prims=61177 bb=160,1120,0,694
[OTT] walkUs=2158 texUs=124 emitUs=676 submitUs=281 otherUs=1076 prims=389 usPerPrim=5
[SH-XBOX] vblank 108600
[MEM] tick: free=4016KB (1004 pages)
[FT] avgMs=16 worstMs=45 gameMs=11 drawMs=5 swapWait=0ms draws=71 decodes=0 decMs=0
[OTS] f=108600 calls=2 n0=2301 n1=274 prims=61175 bb=160,1120,0,694
[OTT] walkUs=1932 texUs=125 emitUs=679 submitUs=271 otherUs=855 prims=393 usPerPrim=4
[FT] avgMs=16 worstMs=52 gameMs=11 drawMs=5 swapWait=0ms draws=70 decodes=0 decMs=0
[OTS] f=108720 calls=2 n0=2297 n1=274 prims=61118 bb=160,1120,0,694
[OTT] walkUs=2197 texUs=122 emitUs=676 submitUs=409 otherUs=988 prims=389 usPerPrim=5
[FT] avgMs=16 worstMs=48 gameMs=11 drawMs=5 swapWait=0ms draws=71 decodes=0 decMs=0
[OTS] f=108840 calls=2 n0=2303 n1=274 prims=61087 bb=160,1120,0,694
[OTT] walkUs=1991 texUs=125 emitUs=687 submitUs=225 otherUs=953 prims=395 usPerPrim=5
[FT] avgMs=16 worstMs=44 gameMs=11 drawMs=5 swapWait=0ms draws=70 decodes=0 decMs=0
[OTS] f=108960 calls=2 n0=2298 n1=274 prims=61214 bb=160,1120,0,694
[OTT] walkUs=2157 texUs=124 emitUs=669 submitUs=321 otherUs=1041 prims=390 usPerPrim=5
[FT] avgMs=16 worstMs=45 gameMs=11 drawMs=5 swapWait=0ms draws=70 decodes=0 decMs=0
[OTS] f=109080 calls=2 n0=2301 n1=274 prims=61003 bb=160,1120,0,694
[OTT] walkUs=2266 texUs=124 emitUs=681 submitUs=180 otherUs=1279 prims=393 usPerPrim=5
[SH-XBOX] vblank 109200
[MEM] tick: free=4016KB (1004 pages)
[FT] avgMs=17 worstMs=76 gameMs=11 drawMs=5 swapWait=0ms draws=71 decodes=0 decMs=0
[OTS] f=109200 calls=2 n0=2299 n1=274 prims=61322 bb=160,1120,0,694
[OTT] walkUs=2213 texUs=124 emitUs=675 submitUs=188 otherUs=1225 prims=391 usPerPrim=5
[FT] avgMs=16 worstMs=17 gameMs=11 drawMs=5 swapWait=0ms draws=70 decodes=0 decMs=0
[OTS] f=109320 calls=2 n0=2300 n1=274 prims=60873 bb=160,1120,0,694
[OTT] walkUs=2192 texUs=125 emitUs=677 submitUs=191 otherUs=1197 prims=392 usPerPrim=5
[FT] avgMs=16 worstMs=49 gameMs=11 drawMs=5 swapWait=0ms draws=71 decodes=0 decMs=0
[OTS] f=109440 calls=2 n0=2301 n1=274 prims=61329 bb=160,1120,0,694
[OTT] walkUs=2257 texUs=124 emitUs=688 submitUs=362 otherUs=1080 prims=393 usPerPrim=5
[FT] avgMs=16 worstMs=45 gameMs=11 drawMs=5 swapWait=0ms draws=71 decodes=0 decMs=0
[OTS] f=109560 calls=2 n0=2302 n1=274 prims=61048 bb=160,1120,0,694
[OTT] walkUs=2236 texUs=124 emitUs=683 submitUs=592 otherUs=835 prims=394 usPerPrim=5
[FT] avgMs=16 worstMs=53 gameMs=11 drawMs=5 swapWait=0ms draws=71 decodes=0 decMs=0
[OTS] f=109680 calls=2 n0=2300 n1=274 prims=61316 bb=160,1120,0,694
[OTT] walkUs=2244 texUs=127 emitUs=681 submitUs=233 otherUs=1202 prims=392 usPerPrim=5
[SH-XBOX] vblank 109800
[MEM] tick: free=4016KB (1004 pages)
[FT] avgMs=16 worstMs=48 gameMs=11 drawMs=5 swapWait=0ms draws=70 decodes=0 decMs=0
[OTS] f=109800 calls=2 n0=2297 n1=274 prims=60936 bb=160,1120,0,694
[OTT] walkUs=2180 texUs=125 emitUs=674 submitUs=246 otherUs=1134 prims=389 usPerPrim=5
[FT] avgMs=16 worstMs=44 gameMs=11 drawMs=5 swapWait=1ms draws=70 decodes=0 decMs=0
[OTS] f=109920 calls=2 n0=2301 n1=274 prims=61248 bb=160,1120,0,694
[OTT] walkUs=2348 texUs=127 emitUs=678 submitUs=252 otherUs=1289 prims=393 usPerPrim=5
[FT] avgMs=16 worstMs=45 gameMs=11 drawMs=5 swapWait=0ms draws=71 decodes=0 decMs=0
[OTS] f=110040 calls=2 n0=2300 n1=274 prims=61107 bb=160,1120,0,694
[OTT] walkUs=2356 texUs=124 emitUs=681 submitUs=420 otherUs=1130 prims=392 usPerPrim=6
[FT] avgMs=16 worstMs=53 gameMs=11 drawMs=5 swapWait=0ms draws=70 decodes=0 decMs=0
[OTS] f=110160 calls=2 n0=2303 n1=274 prims=61109 bb=160,1120,0,694
[OTT] walkUs=2027 texUs=125 emitUs=685 submitUs=189 otherUs=1026 prims=395 usPerPrim=5
[FT] avgMs=16 worstMs=49 gameMs=11 drawMs=5 swapWait=0ms draws=71 decodes=0 decMs=0
[OTS] f=110280 calls=2 n0=2297 n1=274 prims=61137 bb=160,1120,0,694
[OTT] walkUs=2209 texUs=122 emitUs=674 submitUs=406 otherUs=1005 prims=389 usPerPrim=5
[SH-XBOX] vblank 110400
[MEM] tick: free=4016KB (1004 pages)
[FT] avgMs=16 worstMs=44 gameMs=11 drawMs=5 swapWait=0ms draws=70 decodes=0 decMs=0
[OTS] f=110400 calls=2 n0=2299 n1=274 prims=61184 bb=160,1120,0,694
[OTT] walkUs=2283 texUs=125 emitUs=674 submitUs=194 otherUs=1289 prims=391 usPerPrim=5
[FT] avgMs=16 worstMs=46 gameMs=11 drawMs=5 swapWait=0ms draws=70 decodes=0 decMs=0
[OTS] f=110520 calls=2 n0=2296 n1=274 prims=61095 bb=160,1120,0,694
[OTT] walkUs=2102 texUs=123 emitUs=668 submitUs=352 otherUs=957 prims=388 usPerPrim=5
[FT] avgMs=16 worstMs=53 gameMs=11 drawMs=5 swapWait=0ms draws=71 decodes=0 decMs=0
[OTS] f=110640 calls=2 n0=2298 n1=274 prims=61126 bb=160,1120,0,694
[OTT] walkUs=1990 texUs=123 emitUs=680 submitUs=359 otherUs=826 prims=390 usPerPrim=5
[FT] avgMs=16 worstMs=49 gameMs=11 drawMs=5 swapWait=1ms draws=70 decodes=0 decMs=0
[OTS] f=110760 calls=2 n0=2296 n1=274 prims=61180 bb=160,1120,0,694
[OTT] walkUs=1987 texUs=123 emitUs=668 submitUs=181 otherUs=1013 prims=388 usPerPrim=5
[FT] avgMs=16 worstMs=44 gameMs=11 drawMs=5 swapWait=0ms draws=70 decodes=0 decMs=0
[OTS] f=110880 calls=2 n0=2303 n1=274 prims=61044 bb=160,1120,0,694
[OTT] walkUs=2441 texUs=125 emitUs=688 submitUs=412 otherUs=1214 prims=395 usPerPrim=6
[SH-XBOX] vblank 111000
[MEM] tick: free=4016KB (1004 pages)
[FT] avgMs=16 worstMs=46 gameMs=11 drawMs=5 swapWait=0ms draws=70 decodes=0 decMs=0
[OTS] f=111000 calls=2 n0=2300 n1=274 prims=61167 bb=160,1120,0,694
[OTT] walkUs=2029 texUs=125 emitUs=684 submitUs=281 otherUs=937 prims=392 usPerPrim=5
[FT] avgMs=16 worstMs=53 gameMs=11 drawMs=5 swapWait=0ms draws=71 decodes=0 decMs=0
[OTS] f=111120 calls=2 n0=2301 n1=274 prims=61027 bb=160,1120,0,694
[OTT] walkUs=1946 texUs=124 emitUs=686 submitUs=189 otherUs=946 prims=393 usPerPrim=4
[FT] avgMs=16 worstMs=17 gameMs=11 drawMs=5 swapWait=0ms draws=70 decodes=0 decMs=0
[OTS] f=111240 calls=2 n0=2299 n1=274 prims=61306 bb=160,1120,0,694
[OTT] walkUs=2021 texUs=125 emitUs=674 submitUs=268 otherUs=953 prims=391 usPerPrim=5
[FT] avgMs=16 worstMs=44 gameMs=11 drawMs=5 swapWait=0ms draws=70 decodes=0 decMs=0
[OTS] f=111360 calls=2 n0=2301 n1=274 prims=60914 bb=160,1120,0,694
[OTT] walkUs=2251 texUs=124 emitUs=684 submitUs=194 otherUs=1247 prims=393 usPerPrim=5
[FT] avgMs=16 worstMs=45 gameMs=11 drawMs=5 swapWait=0ms draws=71 decodes=0 decMs=0
[OTS] f=111480 calls=2 n0=2302 n1=274 prims=61344 bb=160,1120,0,694
[OTT] walkUs=2090 texUs=125 emitUs=685 submitUs=190 otherUs=1088 prims=394 usPerPrim=5
[SH-XBOX] vblank 111600
[MEM] tick: free=4016KB (1004 pages)
[FT] avgMs=16 worstMs=53 gameMs=11 drawMs=5 swapWait=0ms draws=70 decodes=0 decMs=0
[OTS] f=111600 calls=2 n0=2298 n1=274 prims=60904 bb=160,1120,0,694
[OTT] walkUs=2115 texUs=124 emitUs=669 submitUs=197 otherUs=1124 prims=390 usPerPrim=5
[FT] avgMs=16 worstMs=49 gameMs=11 drawMs=5 swapWait=0ms draws=70 decodes=0 decMs=0
[OTS] f=111720 calls=2 n0=2299 n1=274 prims=61289 bb=160,1120,0,694
[OTT] walkUs=2302 texUs=123 emitUs=676 submitUs=333 otherUs=1168 prims=391 usPerPrim=5
[FT] avgMs=16 worstMs=44 gameMs=11 drawMs=5 swapWait=0ms draws=71 decodes=0 decMs=0
[OTS] f=111840 calls=2 n0=2298 n1=274 prims=61083 bb=160,1120,0,694
[OTT] walkUs=2200 texUs=123 emitUs=677 submitUs=295 otherUs=1104 prims=390 usPerPrim=5
[FT] avgMs=16 worstMs=46 gameMs=11 drawMs=5 swapWait=0ms draws=70 decodes=0 decMs=0
[OTS] f=111960 calls=2 n0=2301 n1=274 prims=61121 bb=160,1120,0,694
[OTT] walkUs=2352 texUs=124 emitUs=688 submitUs=178 otherUs=1361 prims=393 usPerPrim=5
[FT] avgMs=16 worstMs=53 gameMs=11 drawMs=5 swapWait=0ms draws=71 decodes=0 decMs=0
[OTS] f=112080 calls=2 n0=2298 n1=274 prims=61101 bb=160,1120,0,694
[OTT] walkUs=2328 texUs=123 emitUs=677 submitUs=414 otherUs=1112 prims=390 usPerPrim=5
[SH-XBOX] vblank 112200
[MEM] tick: free=4016KB (1004 pages)
[FT] avgMs=16 worstMs=49 gameMs=11 drawMs=5 swapWait=0ms draws=71 decodes=0 decMs=0
[OTS] f=112200 calls=2 n0=2303 n1=274 prims=61230 bb=160,1120,0,694
[OTT] walkUs=2189 texUs=129 emitUs=682 submitUs=219 otherUs=1157 prims=395 usPerPrim=5
[FT] avgMs=16 worstMs=45 gameMs=11 drawMs=5 swapWait=0ms draws=71 decodes=0 decMs=0
[OTS] f=112320 calls=2 n0=2297 n1=274 prims=61185 bb=160,1120,0,694
[OTT] walkUs=2169 texUs=123 emitUs=676 submitUs=191 otherUs=1178 prims=389 usPerPrim=5
[FT] avgMs=16 worstMs=46 gameMs=11 drawMs=5 swapWait=0ms draws=70 decodes=0 decMs=0
[OTS] f=112440 calls=2 n0=2300 n1=274 prims=61043 bb=160,1120,0,694
[OTT] walkUs=2155 texUs=125 emitUs=673 submitUs=240 otherUs=1116 prims=392 usPerPrim=5
[FT] avgMs=16 worstMs=53 gameMs=11 drawMs=5 swapWait=0ms draws=70 decodes=0 decMs=0
[OTS] f=112560 calls=2 n0=2297 n1=274 prims=61220 bb=160,1120,0,694
[OTT] walkUs=2252 texUs=122 emitUs=675 submitUs=352 otherUs=1101 prims=389 usPerPrim=5
[FT] avgMs=16 worstMs=49 gameMs=11 drawMs=5 swapWait=0ms draws=71 decodes=0 decMs=0
[OTS] f=112680 calls=2 n0=2303 n1=274 prims=61116 bb=160,1120,0,694
[OTT] walkUs=2301 texUs=126 emitUs=685 submitUs=529 otherUs=959 prims=395 usPerPrim=5
[SH-XBOX] vblank 112800
[MEM] tick: free=4016KB (1004 pages)
[FT] avgMs=16 worstMs=45 gameMs=11 drawMs=5 swapWait=0ms draws=70 decodes=0 decMs=0
[OTS] f=112800 calls=2 n0=2300 n1=274 prims=61156 bb=160,1120,0,694
[OTT] walkUs=2373 texUs=124 emitUs=682 submitUs=545 otherUs=1021 prims=392 usPerPrim=6
[FT] avgMs=16 worstMs=46 gameMs=11 drawMs=5 swapWait=0ms draws=71 decodes=0 decMs=0
[OTS] f=112920 calls=2 n0=2302 n1=274 prims=61035 bb=160,1120,0,694
[OTT] walkUs=2235 texUs=129 emitUs=687 submitUs=361 otherUs=1057 prims=394 usPerPrim=5
[FT] avgMs=16 worstMs=53 gameMs=11 drawMs=5 swapWait=1ms draws=70 decodes=0 decMs=0
[OTS] f=113040 calls=2 n0=2296 n1=274 prims=61282 bb=160,1120,0,694
[OTT] walkUs=2268 texUs=124 emitUs=663 submitUs=313 otherUs=1168 prims=388 usPerPrim=5
[FT] avgMs=16 worstMs=48 gameMs=11 drawMs=5 swapWait=0ms draws=70 decodes=0 decMs=0
[OTS] f=113160 calls=2 n0=2300 n1=274 prims=60939 bb=160,1120,0,694
[OTT] walkUs=2085 texUs=125 emitUs=679 submitUs=181 otherUs=1098 prims=392 usPerPrim=5
[FT] avgMs=16 worstMs=17 gameMs=11 drawMs=5 swapWait=0ms draws=71 decodes=0 decMs=0
[OTS] f=113280 calls=2 n0=2301 n1=274 prims=61330 bb=160,1120,0,694
[OTT] walkUs=2305 texUs=124 emitUs=688 submitUs=195 otherUs=1296 prims=393 usPerPrim=5
[SH-XBOX] vblank 113400
[MEM] tick: free=4016KB (1004 pages)
[FT] avgMs=16 worstMs=52 gameMs=11 drawMs=5 swapWait=0ms draws=70 decodes=0 decMs=0
[OTS] f=113400 calls=2 n0=2300 n1=274 prims=60900 bb=160,1120,0,694
[OTT] walkUs=1832 texUs=126 emitUs=692 submitUs=188 otherUs=825 prims=392 usPerPrim=4
[FT] avgMs=16 worstMs=47 gameMs=11 drawMs=5 swapWait=0ms draws=70 decodes=0 decMs=0
[OTS] f=113520 calls=2 n0=2299 n1=274 prims=61320 bb=160,1120,0,694
[OTT] walkUs=2194 texUs=124 emitUs=677 submitUs=188 otherUs=1204 prims=391 usPerPrim=5
[FT] avgMs=16 worstMs=43 gameMs=11 drawMs=5 swapWait=0ms draws=70 decodes=0 decMs=0
[OTS] f=113640 calls=2 n0=2299 n1=274 prims=60910 bb=160,1120,0,694
[OTT] walkUs=1985 texUs=123 emitUs=680 submitUs=227 otherUs=954 prims=391 usPerPrim=5
[FT] avgMs=16 worstMs=44 gameMs=11 drawMs=5 swapWait=0ms draws=71 decodes=0 decMs=0
[OTS] f=113760 calls=2 n0=2302 n1=274 prims=61284 bb=160,1120,0,694
[OTT] walkUs=2213 texUs=125 emitUs=687 submitUs=188 otherUs=1212 prims=394 usPerPrim=5
[FT] avgMs=16 worstMs=46 gameMs=11 drawMs=5 swapWait=0ms draws=70 decodes=0 decMs=0
[OTS] f=113880 calls=2 n0=2298 n1=274 prims=61029 bb=160,1120,0,694
[OTT] walkUs=1881 texUs=124 emitUs=669 submitUs=199 otherUs=888 prims=390 usPerPrim=4
[SH-XBOX] vblank 114000
[MEM] tick: free=4016KB (1004 pages)
[FT] avgMs=16 worstMs=54 gameMs=11 drawMs=5 swapWait=0ms draws=70 decodes=0 decMs=0
[OTS] f=114000 calls=2 n0=2302 n1=274 prims=61189 bb=160,1120,0,694
[OTT] walkUs=1975 texUs=124 emitUs=684 submitUs=200 otherUs=966 prims=394 usPerPrim=5
[FT] avgMs=16 worstMs=49 gameMs=11 drawMs=5 swapWait=0ms draws=71 decodes=0 decMs=0
[OTS] f=114120 calls=2 n0=2297 n1=274 prims=61141 bb=160,1120,0,694
[OTT] walkUs=2160 texUs=122 emitUs=675 submitUs=437 otherUs=925 prims=389 usPerPrim=5
[FT] avgMs=16 worstMs=45 gameMs=11 drawMs=5 swapWait=0ms draws=70 decodes=0 decMs=0
[OTS] f=114240 calls=2 n0=2302 n1=274 prims=61044 bb=160,1120,0,694
[OTT] walkUs=2128 texUs=124 emitUs=686 submitUs=187 otherUs=1130 prims=394 usPerPrim=5
[FT] avgMs=16 worstMs=46 gameMs=11 drawMs=5 swapWait=0ms draws=71 decodes=0 decMs=0
[OTS] f=114360 calls=2 n0=2296 n1=274 prims=61205 bb=160,1120,0,694
[OTT] walkUs=2067 texUs=122 emitUs=672 submitUs=235 otherUs=1035 prims=388 usPerPrim=5
[FT] avgMs=16 worstMs=53 gameMs=11 drawMs=5 swapWait=0ms draws=71 decodes=0 decMs=0
[OTS] f=114480 calls=2 n0=2298 n1=274 prims=61156 bb=160,1120,0,694
[OTT] walkUs=2110 texUs=123 emitUs=677 submitUs=347 otherUs=961 prims=390 usPerPrim=5
[SH-XBOX] vblank 114600
[MEM] tick: free=4016KB (1004 pages)
[FT] avgMs=16 worstMs=49 gameMs=11 drawMs=5 swapWait=0ms draws=70 decodes=0 decMs=0
[OTS] f=114600 calls=2 n0=2298 n1=274 prims=61138 bb=160,1120,0,694
[OTT] walkUs=2134 texUs=122 emitUs=676 submitUs=468 otherUs=866 prims=390 usPerPrim=5
[FT] avgMs=16 worstMs=45 gameMs=11 drawMs=5 swapWait=0ms draws=71 decodes=0 decMs=0
[OTS] f=114720 calls=2 n0=2303 n1=274 prims=61054 bb=160,1120,0,694
[OTT] walkUs=1958 texUs=126 emitUs=692 submitUs=230 otherUs=909 prims=395 usPerPrim=4
[FT] avgMs=16 worstMs=46 gameMs=11 drawMs=5 swapWait=0ms draws=71 decodes=0 decMs=0
[OTS] f=114840 calls=2 n0=2299 n1=274 prims=61300 bb=160,1120,0,694
[OTT] walkUs=2189 texUs=123 emitUs=673 submitUs=256 otherUs=1135 prims=391 usPerPrim=5
[FT] avgMs=16 worstMs=54 gameMs=11 drawMs=5 swapWait=0ms draws=71 decodes=0 decMs=0
[OTS] f=114960 calls=2 n0=2301 n1=274 prims=61053 bb=160,1120,0,694
[OTT] walkUs=2219 texUs=124 emitUs=683 submitUs=244 otherUs=1167 prims=393 usPerPrim=5
[FT] avgMs=16 worstMs=49 gameMs=11 drawMs=5 swapWait=0ms draws=70 decodes=0 decMs=0
[OTS] f=115080 calls=2 n0=2301 n1=274 prims=61201 bb=160,1120,0,694
[OTT] walkUs=2173 texUs=125 emitUs=683 submitUs=193 otherUs=1170 prims=393 usPerPrim=5
[SH-XBOX] vblank 115200
[MEM] tick: free=4016KB (1004 pages)
[FT] avgMs=16 worstMs=17 gameMs=11 drawMs=5 swapWait=0ms draws=71 decodes=0 decMs=0
[OTS] f=115200 calls=2 n0=2301 n1=274 prims=60990 bb=160,1120,0,694
[OTT] walkUs=2141 texUs=130 emitUs=682 submitUs=205 otherUs=1122 prims=393 usPerPrim=5
[FT] avgMs=16 worstMs=52 gameMs=11 drawMs=5 swapWait=0ms draws=71 decodes=0 decMs=0
[OTS] f=115320 calls=2 n0=2301 n1=274 prims=61362 bb=160,1120,0,694
[OTT] walkUs=2169 texUs=125 emitUs=683 submitUs=261 otherUs=1099 prims=393 usPerPrim=5
[FT] avgMs=16 worstMs=48 gameMs=11 drawMs=5 swapWait=0ms draws=70 decodes=0 decMs=0
[OTS] f=115440 calls=2 n0=2300 n1=274 prims=60890 bb=160,1120,0,694
[OTT] walkUs=2519 texUs=124 emitUs=680 submitUs=573 otherUs=1141 prims=392 usPerPrim=6
[FT] avgMs=16 worstMs=43 gameMs=11 drawMs=5 swapWait=0ms draws=71 decodes=0 decMs=0
[OTS] f=115560 calls=2 n0=2300 n1=274 prims=61305 bb=160,1120,0,694
[OTT] walkUs=2283 texUs=124 emitUs=680 submitUs=306 otherUs=1171 prims=392 usPerPrim=5
[FT] avgMs=16 worstMs=45 gameMs=11 drawMs=5 swapWait=1ms draws=70 decodes=0 decMs=0
[OTS] f=115680 calls=2 n0=2296 n1=274 prims=60994 bb=160,1120,0,694
[OTT] walkUs=2327 texUs=123 emitUs=666 submitUs=419 otherUs=1118 prims=388 usPerPrim=5
[SH-XBOX] vblank 115800
[MEM] tick: free=4016KB (1004 pages)
[FT] avgMs=16 worstMs=52 gameMs=11 drawMs=5 swapWait=0ms draws=70 decodes=0 decMs=0
[OTS] f=115800 calls=2 n0=2301 n1=274 prims=61221 bb=160,1120,0,694
[OTT] walkUs=2216 texUs=124 emitUs=685 submitUs=193 otherUs=1213 prims=393 usPerPrim=5
[FT] avgMs=16 worstMs=48 gameMs=11 drawMs=5 swapWait=0ms draws=71 decodes=0 decMs=0
[OTS] f=115920 calls=2 n0=2298 n1=274 prims=61100 bb=160,1120,0,694
[OTT] walkUs=2350 texUs=123 emitUs=673 submitUs=273 otherUs=1280 prims=390 usPerPrim=6
[FT] avgMs=16 worstMs=43 gameMs=11 drawMs=5 swapWait=0ms draws=70 decodes=0 decMs=0
[OTS] f=116040 calls=2 n0=2304 n1=274 prims=61080 bb=160,1120,0,694
[OTT] walkUs=2016 texUs=126 emitUs=687 submitUs=358 otherUs=844 prims=396 usPerPrim=5
[FT] avgMs=16 worstMs=45 gameMs=11 drawMs=5 swapWait=0ms draws=70 decodes=0 decMs=0
[OTS] f=116160 calls=2 n0=2295 n1=274 prims=61171 bb=160,1120,0,694
[OTT] walkUs=2103 texUs=122 emitUs=663 submitUs=272 otherUs=1045 prims=387 usPerPrim=5
[FT] avgMs=16 worstMs=52 gameMs=11 drawMs=5 swapWait=0ms draws=70 decodes=0 decMs=0
[OTS] f=116280 calls=2 n0=2302 n1=274 prims=61069 bb=160,1120,0,694
[OTT] walkUs=1970 texUs=125 emitUs=686 submitUs=403 otherUs=754 prims=394 usPerPrim=5
[SH-XBOX] vblank 116400
[MEM] tick: free=4016KB (1004 pages)
[FT] avgMs=16 worstMs=48 gameMs=11 drawMs=5 swapWait=0ms draws=71 decodes=0 decMs=0
[OTS] f=116400 calls=2 n0=2297 n1=274 prims=61230 bb=160,1120,0,694
[OTT] walkUs=2339 texUs=122 emitUs=672 submitUs=202 otherUs=1342 prims=389 usPerPrim=6
[FT] avgMs=16 worstMs=44 gameMs=11 drawMs=5 swapWait=0ms draws=70 decodes=0 decMs=0
[OTS] f=116520 calls=2 n0=2301 n1=274 prims=61000 bb=160,1120,0,694
[OTT] walkUs=1889 texUs=129 emitUs=677 submitUs=295 otherUs=786 prims=393 usPerPrim=4
[FT] avgMs=16 worstMs=45 gameMs=11 drawMs=5 swapWait=0ms draws=70 decodes=0 decMs=0
[OTS] f=116640 calls=2 n0=2299 n1=274 prims=61252 bb=160,1120,0,694
[OTT] walkUs=1953 texUs=124 emitUs=673 submitUs=196 otherUs=959 prims=391 usPerPrim=4
[FT] avgMs=16 worstMs=52 gameMs=11 drawMs=5 swapWait=0ms draws=71 decodes=0 decMs=0
[OTS] f=116760 calls=2 n0=2302 n1=274 prims=61054 bb=160,1120,0,694
[OTT] walkUs=2226 texUs=125 emitUs=686 submitUs=191 otherUs=1221 prims=394 usPerPrim=5
[FT] avgMs=16 worstMs=48 gameMs=11 drawMs=5 swapWait=0ms draws=70 decodes=0 decMs=0
[OTS] f=116880 calls=2 n0=2299 n1=274 prims=61190 bb=160,1120,0,694
[OTT] walkUs=2378 texUs=123 emitUs=679 submitUs=337 otherUs=1237 prims=391 usPerPrim=6
[SH-XBOX] vblank 117000
[MEM] tick: free=4016KB (1004 pages)
[FT] avgMs=17 worstMs=78 gameMs=11 drawMs=5 swapWait=0ms draws=71 decodes=0 decMs=0
[OTS] f=117000 calls=2 n0=2300 n1=274 prims=61001 bb=160,1120,0,694
[OTT] walkUs=2262 texUs=124 emitUs=678 submitUs=184 otherUs=1275 prims=392 usPerPrim=5
[FT] avgMs=16 worstMs=17 gameMs=11 drawMs=5 swapWait=0ms draws=70 decodes=0 decMs=0
[OTS] f=117120 calls=2 n0=2298 n1=274 prims=61346 bb=160,1120,0,694
[OTT] walkUs=1931 texUs=128 emitUs=671 submitUs=190 otherUs=941 prims=390 usPerPrim=4
[FT] avgMs=16 worstMs=52 gameMs=11 drawMs=5 swapWait=0ms draws=70 decodes=0 decMs=0
[OTS] f=117240 calls=2 n0=2302 n1=274 prims=60904 bb=160,1120,0,694
[OTT] walkUs=2197 texUs=124 emitUs=682 submitUs=337 otherUs=1052 prims=394 usPerPrim=5
[FT] avgMs=16 worstMs=48 gameMs=11 drawMs=5 swapWait=0ms draws=71 decodes=0 decMs=0
[OTS] f=117360 calls=2 n0=2300 n1=274 prims=61317 bb=160,1120,0,694
[OTT] walkUs=2104 texUs=125 emitUs=682 submitUs=199 otherUs=1097 prims=392 usPerPrim=5
[FT] avgMs=16 worstMs=43 gameMs=11 drawMs=5 swapWait=0ms draws=71 decodes=0 decMs=0
[OTS] f=117480 calls=2 n0=2299 n1=274 prims=61022 bb=160,1120,0,694
[OTT] walkUs=2122 texUs=123 emitUs=679 submitUs=194 otherUs=1125 prims=391 usPerPrim=5
[SH-XBOX] vblank 117600
[MEM] tick: free=4016KB (1004 pages)
[FT] avgMs=16 worstMs=44 gameMs=11 drawMs=5 swapWait=0ms draws=71 decodes=0 decMs=0
[OTS] f=117600 calls=2 n0=2302 n1=274 prims=61314 bb=160,1120,0,694
[OTT] walkUs=2180 texUs=125 emitUs=687 submitUs=274 otherUs=1092 prims=394 usPerPrim=5
[FT] avgMs=16 worstMs=52 gameMs=11 drawMs=5 swapWait=0ms draws=70 decodes=0 decMs=0
[OTS] f=117720 calls=2 n0=2300 n1=274 prims=60955 bb=160,1120,0,694
[OTT] walkUs=2199 texUs=124 emitUs=679 submitUs=324 otherUs=1070 prims=392 usPerPrim=5
[FT] avgMs=16 worstMs=48 gameMs=11 drawMs=5 swapWait=1ms draws=71 decodes=0 decMs=0
[OTS] f=117840 calls=2 n0=2303 n1=274 prims=61237 bb=160,1120,0,694
[OTT] walkUs=2361 texUs=125 emitUs=686 submitUs=252 otherUs=1297 prims=395 usPerPrim=5
[FT] avgMs=16 worstMs=44 gameMs=11 drawMs=5 swapWait=0ms draws=70 decodes=0 decMs=0
[OTS] f=117960 calls=2 n0=2294 n1=274 prims=61117 bb=160,1120,0,694
[OTT] walkUs=2050 texUs=122 emitUs=662 submitUs=363 otherUs=902 prims=386 usPerPrim=5
[FT] avgMs=16 worstMs=45 gameMs=11 drawMs=5 swapWait=1ms draws=70 decodes=0 decMs=0
[OTS] f=118080 calls=2 n0=2302 n1=274 prims=61094 bb=160,1120,0,694
[OTT] walkUs=2279 texUs=125 emitUs=683 submitUs=257 otherUs=1212 prims=394 usPerPrim=5
[SH-XBOX] vblank 118200
[MEM] tick: free=4016KB (1004 pages)
[FT] avgMs=16 worstMs=52 gameMs=11 drawMs=5 swapWait=0ms draws=71 decodes=0 decMs=0
[OTS] f=118200 calls=2 n0=2296 n1=274 prims=61205 bb=160,1120,0,694
[OTT] walkUs=2193 texUs=123 emitUs=669 submitUs=194 otherUs=1206 prims=388 usPerPrim=5
[FT] avgMs=16 worstMs=48 gameMs=11 drawMs=5 swapWait=0ms draws=70 decodes=0 decMs=0
[OTS] f=118320 calls=2 n0=2296 n1=274 prims=61024 bb=160,1120,0,694
[OTT] walkUs=2135 texUs=126 emitUs=665 submitUs=331 otherUs=1011 prims=388 usPerPrim=5
[FT] avgMs=16 worstMs=44 gameMs=11 drawMs=5 swapWait=0ms draws=70 decodes=0 decMs=0
[OTS] f=118440 calls=2 n0=2297 n1=274 prims=61254 bb=160,1120,0,694
[OTT] walkUs=2271 texUs=122 emitUs=668 submitUs=309 otherUs=1170 prims=389 usPerPrim=5
[FT] avgMs=16 worstMs=45 gameMs=11 drawMs=5 swapWait=0ms draws=71 decodes=0 decMs=0
[OTS] f=118560 calls=2 n0=2303 n1=274 prims=61070 bb=160,1120,0,694
[OTT] walkUs=2220 texUs=125 emitUs=689 submitUs=197 otherUs=1208 prims=395 usPerPrim=5
[FT] avgMs=16 worstMs=53 gameMs=11 drawMs=5 swapWait=1ms draws=70 decodes=0 decMs=0
[OTS] f=118680 calls=2 n0=2300 n1=274 prims=61166 bb=160,1120,0,694
[OTT] walkUs=2354 texUs=124 emitUs=678 submitUs=195 otherUs=1354 prims=392 usPerPrim=6
[SH-XBOX] vblank 118800
[MEM] tick: free=4016KB (1004 pages)
[FT] avgMs=16 worstMs=48 gameMs=11 drawMs=5 swapWait=0ms draws=70 decodes=0 decMs=0
[OTS] f=118800 calls=2 n0=2299 n1=274 prims=60989 bb=160,1120,0,694
[OTT] walkUs=2241 texUs=124 emitUs=673 submitUs=448 otherUs=995 prims=391 usPerPrim=5
[FT] avgMs=16 worstMs=44 gameMs=11 drawMs=5 swapWait=0ms draws=70 decodes=0 decMs=0
[OTS] f=118920 calls=2 n0=2300 n1=274 prims=61264 bb=160,1120,0,694
[OTT] walkUs=2094 texUs=125 emitUs=679 submitUs=175 otherUs=1115 prims=392 usPerPrim=5
[FT] avgMs=16 worstMs=17 gameMs=11 drawMs=5 swapWait=0ms draws=71 decodes=0 decMs=0
[OTS] f=119040 calls=2 n0=2301 n1=274 prims=60996 bb=160,1120,0,694
[OTT] walkUs=2145 texUs=124 emitUs=680 submitUs=267 otherUs=1072 prims=393 usPerPrim=5
[FT] avgMs=16 worstMs=52 gameMs=11 drawMs=5 swapWait=0ms draws=70 decodes=0 decMs=0
[OTS] f=119160 calls=2 n0=2300 n1=274 prims=61227 bb=160,1120,0,694
[OTT] walkUs=1864 texUs=126 emitUs=673 submitUs=183 otherUs=881 prims=392 usPerPrim=4
[FT] avgMs=16 worstMs=48 gameMs=11 drawMs=5 swapWait=0ms draws=70 decodes=0 decMs=0
[OTS] f=119280 calls=2 n0=2300 n1=274 prims=60996 bb=160,1120,0,694
[OTT] walkUs=1719 texUs=125 emitUs=681 submitUs=178 otherUs=734 prims=392 usPerPrim=4
[SH-XBOX] vblank 119400
[MEM] tick: free=4016KB (1004 pages)
[FT] avgMs=16 worstMs=44 gameMs=11 drawMs=5 swapWait=0ms draws=71 decodes=0 decMs=0
[OTS] f=119400 calls=2 n0=2300 n1=274 prims=61335 bb=160,1120,0,694
[OTT] walkUs=2007 texUs=130 emitUs=678 submitUs=283 otherUs=915 prims=392 usPerPrim=5
[FT] avgMs=16 worstMs=46 gameMs=11 drawMs=5 swapWait=0ms draws=70 decodes=0 decMs=0
[OTS] f=119520 calls=2 n0=2298 n1=274 prims=60936 bb=160,1120,0,694
[OTT] walkUs=2202 texUs=124 emitUs=685 submitUs=352 otherUs=1040 prims=390 usPerPrim=5
[FT] avgMs=16 worstMs=52 gameMs=11 drawMs=5 swapWait=0ms draws=71 decodes=0 decMs=0
[OTS] f=119640 calls=2 n0=2301 n1=274 prims=61249 bb=160,1120,0,694
[OTT] walkUs=1956 texUs=125 emitUs=686 submitUs=196 otherUs=948 prims=393 usPerPrim=4
[FT] avgMs=16 worstMs=48 gameMs=11 drawMs=5 swapWait=0ms draws=70 decodes=0 decMs=0
[OTS] f=119760 calls=2 n0=2295 n1=274 prims=61068 bb=160,1120,0,694
[OTT] walkUs=1911 texUs=122 emitUs=663 submitUs=217 otherUs=908 prims=387 usPerPrim=4
[FT] avgMs=16 worstMs=44 gameMs=11 drawMs=5 swapWait=0ms draws=70 decodes=0 decMs=0
[OTS] f=119880 calls=2 n0=2304 n1=274 prims=61143 bb=160,1120,0,694
[OTT] walkUs=1948 texUs=126 emitUs=691 submitUs=276 otherUs=853 prims=396 usPerPrim=4
[SH-XBOX] vblank 120000
[MEM] tick: free=4016KB (1004 pages)
[FT] avgMs=16 worstMs=45 gameMs=11 drawMs=5 swapWait=0ms draws=71 decodes=0 decMs=0
[OTS] f=120000 calls=2 n0=2297 n1=274 prims=61176 bb=160,1120,0,694
[OTT] walkUs=2032 texUs=124 emitUs=676 submitUs=431 otherUs=799 prims=389 usPerPrim=5
[FT] avgMs=16 worstMs=53 gameMs=11 drawMs=5 swapWait=0ms draws=71 decodes=0 decMs=0
[OTS] f=120120 calls=2 n0=2302 n1=274 prims=61161 bb=160,1120,0,694
[OTT] walkUs=2212 texUs=128 emitUs=686 submitUs=185 otherUs=1211 prims=394 usPerPrim=5
[FT] avgMs=16 worstMs=48 gameMs=11 drawMs=5 swapWait=0ms draws=71 decodes=0 decMs=0
[OTS] f=120240 calls=2 n0=2296 n1=274 prims=61248 bb=160,1120,0,694
[OTT] walkUs=2104 texUs=126 emitUs=667 submitUs=195 otherUs=1114 prims=388 usPerPrim=5
[FT] avgMs=16 worstMs=44 gameMs=11 drawMs=5 swapWait=0ms draws=70 decodes=0 decMs=0
[OTS] f=120360 calls=2 n0=2303 n1=274 prims=60970 bb=160,1120,0,694
[OTT] walkUs=2203 texUs=125 emitUs=693 submitUs=353 otherUs=1031 prims=395 usPerPrim=5
[FT] avgMs=16 worstMs=45 gameMs=11 drawMs=5 swapWait=0ms draws=71 decodes=0 decMs=0
[OTS] f=120480 calls=2 n0=2300 n1=274 prims=61284 bb=160,1120,0,694
[OTT] walkUs=2025 texUs=123 emitUs=677 submitUs=206 otherUs=1017 prims=392 usPerPrim=5
[SH-XBOX] vblank 120600
[MEM] tick: free=4016KB (1004 pages)
[FT] avgMs=16 worstMs=53 gameMs=11 drawMs=5 swapWait=0ms draws=70 decodes=0 decMs=0
[OTS] f=120600 calls=2 n0=2300 n1=274 prims=60980 bb=160,1120,0,694
[OTT] walkUs=2089 texUs=125 emitUs=677 submitUs=339 otherUs=947 prims=392 usPerPrim=5
[FT] avgMs=16 worstMs=49 gameMs=11 drawMs=5 swapWait=0ms draws=70 decodes=0 decMs=0
[OTS] f=120720 calls=2 n0=2299 n1=274 prims=61274 bb=160,1120,0,694
[OTT] walkUs=2256 texUs=124 emitUs=682 submitUs=187 otherUs=1262 prims=391 usPerPrim=5
[FT] avgMs=16 worstMs=44 gameMs=11 drawMs=5 swapWait=0ms draws=71 decodes=0 decMs=0
[OTS] f=120840 calls=2 n0=2300 n1=274 prims=61000 bb=160,1120,0,694
[OTT] walkUs=2276 texUs=124 emitUs=681 submitUs=481 otherUs=988 prims=392 usPerPrim=5
[FT] avgMs=16 worstMs=45 gameMs=11 drawMs=5 swapWait=0ms draws=70 decodes=0 decMs=0
[OTS] f=120960 calls=2 n0=2301 n1=274 prims=61202 bb=160,1120,0,694
[OTT] walkUs=2222 texUs=124 emitUs=680 submitUs=419 otherUs=998 prims=393 usPerPrim=5
[FT] avgMs=16 worstMs=18 gameMs=11 drawMs=5 swapWait=0ms draws=71 decodes=0 decMs=0
[OTS] f=121080 calls=2 n0=2302 n1=274 prims=61018 bb=160,1120,0,694
[OTT] walkUs=2254 texUs=125 emitUs=682 submitUs=426 otherUs=1019 prims=394 usPerPrim=5
[SH-XBOX] vblank 121200
[MEM] tick: free=4016KB (1004 pages)
[FT] avgMs=16 worstMs=17 gameMs=11 drawMs=5 swapWait=0ms draws=71 decodes=0 decMs=0
[OTS] f=121200 calls=2 n0=2300 n1=274 prims=61347 bb=160,1120,0,694
[OTT] walkUs=2329 texUs=126 emitUs=678 submitUs=409 otherUs=1115 prims=392 usPerPrim=5
[FT] avgMs=16 worstMs=44 gameMs=11 drawMs=5 swapWait=0ms draws=70 decodes=0 decMs=0
[OTS] f=121320 calls=2 n0=2299 n1=274 prims=60894 bb=160,1120,0,694
[OTT] walkUs=2195 texUs=125 emitUs=680 submitUs=348 otherUs=1040 prims=391 usPerPrim=5
[FT] avgMs=16 worstMs=45 gameMs=11 drawMs=5 swapWait=0ms draws=70 decodes=0 decMs=0
[OTS] f=121440 calls=2 n0=2300 n1=274 prims=61215 bb=160,1120,0,694
[OTT] walkUs=2312 texUs=126 emitUs=673 submitUs=631 otherUs=881 prims=392 usPerPrim=5
[FT] avgMs=16 worstMs=53 gameMs=11 drawMs=5 swapWait=0ms draws=70 decodes=0 decMs=0
[OTS] f=121560 calls=2 n0=2299 n1=274 prims=61035 bb=160,1120,0,694
[OTT] walkUs=2147 texUs=128 emitUs=675 submitUs=202 otherUs=1142 prims=391 usPerPrim=5
[FT] avgMs=16 worstMs=49 gameMs=11 drawMs=5 swapWait=1ms draws=71 decodes=0 decMs=0
[OTS] f=121680 calls=2 n0=2303 n1=274 prims=61257 bb=160,1120,0,694
[OTT] walkUs=2229 texUs=125 emitUs=689 submitUs=194 otherUs=1219 prims=395 usPerPrim=5
[SH-XBOX] vblank 121800
[MEM] tick: free=4016KB (1004 pages)
[FT] avgMs=16 worstMs=44 gameMs=11 drawMs=5 swapWait=0ms draws=70 decodes=0 decMs=0
[OTS] f=121800 calls=2 n0=2297 n1=274 prims=61009 bb=160,1120,0,694
[OTT] walkUs=2321 texUs=123 emitUs=672 submitUs=340 otherUs=1185 prims=389 usPerPrim=5
[FT] avgMs=16 worstMs=46 gameMs=11 drawMs=5 swapWait=1ms draws=71 decodes=0 decMs=0
[OTS] f=121920 calls=2 n0=2302 n1=274 prims=61172 bb=160,1120,0,694
[OTT] walkUs=2256 texUs=124 emitUs=683 submitUs=382 otherUs=1066 prims=394 usPerPrim=5
[FT] avgMs=16 worstMs=53 gameMs=11 drawMs=5 swapWait=0ms draws=71 decodes=0 decMs=0
[OTS] f=122040 calls=2 n0=2295 n1=274 prims=61227 bb=160,1120,0,694
[OTT] walkUs=2525 texUs=122 emitUs=670 submitUs=659 otherUs=1073 prims=387 usPerPrim=6
[FT] avgMs=16 worstMs=49 gameMs=11 drawMs=5 swapWait=0ms draws=70 decodes=0 decMs=0
[OTS] f=122160 calls=2 n0=2298 n1=274 prims=61006 bb=160,1120,0,694
[OTT] walkUs=2330 texUs=124 emitUs=674 submitUs=206 otherUs=1325 prims=390 usPerPrim=5
[FT] avgMs=16 worstMs=44 gameMs=11 drawMs=5 swapWait=0ms draws=71 decodes=0 decMs=0
[OTS] f=122280 calls=2 n0=2298 n1=274 prims=61266 bb=160,1120,0,694
[OTT] walkUs=1822 texUs=123 emitUs=673 submitUs=191 otherUs=833 prims=390 usPerPrim=4
[SH-XBOX] vblank 122400
[MEM] tick: free=4016KB (1004 pages)
[FT] avgMs=16 worstMs=46 gameMs=11 drawMs=5 swapWait=1ms draws=70 decodes=0 decMs=0
[OTS] f=122400 calls=2 n0=2301 n1=274 prims=60984 bb=160,1120,0,694
[OTT] walkUs=1962 texUs=129 emitUs=680 submitUs=203 otherUs=950 prims=393 usPerPrim=4
[FT] avgMs=16 worstMs=54 gameMs=11 drawMs=5 swapWait=0ms draws=70 decodes=0 decMs=0
[OTS] f=122520 calls=2 n0=2300 n1=274 prims=61266 bb=160,1120,0,694
[OTT] walkUs=2270 texUs=124 emitUs=687 submitUs=301 otherUs=1156 prims=392 usPerPrim=5
[FT] avgMs=16 worstMs=48 gameMs=11 drawMs=5 swapWait=0ms draws=71 decodes=0 decMs=0
[OTS] f=122640 calls=2 n0=2301 n1=274 prims=61027 bb=160,1120,0,694
[OTT] walkUs=2009 texUs=124 emitUs=682 submitUs=370 otherUs=831 prims=393 usPerPrim=5
[FT] avgMs=16 worstMs=45 gameMs=11 drawMs=5 swapWait=0ms draws=71 decodes=0 decMs=0
[OTS] f=122760 calls=2 n0=2301 n1=274 prims=61328 bb=160,1120,0,694
[OTT] walkUs=2213 texUs=124 emitUs=688 submitUs=287 otherUs=1112 prims=393 usPerPrim=5
[FT] avgMs=16 worstMs=46 gameMs=11 drawMs=5 swapWait=0ms draws=70 decodes=0 decMs=0
[OTS] f=122880 calls=2 n0=2298 n1=274 prims=60986 bb=160,1120,0,694
[OTT] walkUs=1913 texUs=124 emitUs=667 submitUs=223 otherUs=897 prims=390 usPerPrim=4
[SH-XBOX] vblank 123000
[MEM] tick: free=4016KB (1004 pages)
[FT] avgMs=16 worstMs=17 gameMs=11 drawMs=5 swapWait=0ms draws=70 decodes=0 decMs=0
[OTS] f=123000 calls=2 n0=2302 n1=274 prims=61250 bb=160,1120,0,694
[OTT] walkUs=2093 texUs=124 emitUs=682 submitUs=289 otherUs=996 prims=394 usPerPrim=5
[FT] avgMs=16 worstMs=49 gameMs=11 drawMs=5 swapWait=1ms draws=71 decodes=0 decMs=0
[OTS] f=123120 calls=2 n0=2300 n1=274 prims=61008 bb=160,1120,0,694
[OTT] walkUs=1922 texUs=124 emitUs=682 submitUs=195 otherUs=919 prims=392 usPerPrim=4
[FT] avgMs=16 worstMs=44 gameMs=11 drawMs=5 swapWait=0ms draws=70 decodes=0 decMs=0
[OTS] f=123240 calls=2 n0=2298 n1=274 prims=61220 bb=160,1120,0,694
[OTT] walkUs=2231 texUs=123 emitUs=671 submitUs=171 otherUs=1265 prims=390 usPerPrim=5
[FT] avgMs=16 worstMs=45 gameMs=11 drawMs=5 swapWait=0ms draws=70 decodes=0 decMs=0
[OTS] f=123360 calls=2 n0=2297 n1=274 prims=61036 bb=160,1120,0,694
[OTT] walkUs=1976 texUs=123 emitUs=673 submitUs=266 otherUs=912 prims=389 usPerPrim=5
[FT] avgMs=16 worstMs=53 gameMs=11 drawMs=5 swapWait=0ms draws=71 decodes=0 decMs=0
[OTS] f=123480 calls=2 n0=2301 n1=274 prims=61265 bb=160,1120,0,694
[OTT] walkUs=2120 texUs=125 emitUs=680 submitUs=355 otherUs=959 prims=393 usPerPrim=5
[SH-XBOX] vblank 123600
[MEM] tick: free=4016KB (1004 pages)
[FT] avgMs=16 worstMs=49 gameMs=11 drawMs=5 swapWait=0ms draws=70 decodes=0 decMs=0
[OTS] f=123600 calls=2 n0=2298 n1=274 prims=60972 bb=160,1120,0,694
[OTT] walkUs=2022 texUs=127 emitUs=674 submitUs=266 otherUs=954 prims=390 usPerPrim=5
[FT] avgMs=16 worstMs=44 gameMs=11 drawMs=5 swapWait=0ms draws=71 decodes=0 decMs=0
[OTS] f=123720 calls=2 n0=2304 n1=274 prims=61209 bb=160,1120,0,694
[OTT] walkUs=2132 texUs=126 emitUs=690 submitUs=441 otherUs=874 prims=396 usPerPrim=5
[FT] avgMs=16 worstMs=46 gameMs=11 drawMs=5 swapWait=0ms draws=70 decodes=0 decMs=0
[OTS] f=123840 calls=2 n0=2294 n1=274 prims=61196 bb=160,1120,0,694
[OTT] walkUs=2209 texUs=122 emitUs=659 submitUs=189 otherUs=1237 prims=386 usPerPrim=5
[FT] avgMs=16 worstMs=54 gameMs=11 drawMs=5 swapWait=1ms draws=70 decodes=0 decMs=0
[OTS] f=123960 calls=2 n0=2302 n1=274 prims=61044 bb=160,1120,0,694
[OTT] walkUs=2109 texUs=125 emitUs=687 submitUs=293 otherUs=1002 prims=394 usPerPrim=5
[FT] avgMs=16 worstMs=49 gameMs=11 drawMs=5 swapWait=0ms draws=70 decodes=0 decMs=0
[OTS] f=124080 calls=2 n0=2295 n1=274 prims=61127 bb=160,1120,0,694
[OTT] walkUs=2237 texUs=123 emitUs=663 submitUs=214 otherUs=1235 prims=387 usPerPrim=5
[SH-XBOX] vblank 124200
[MEM] tick: free=4016KB (1004 pages)
[FT] avgMs=16 worstMs=45 gameMs=11 drawMs=5 swapWait=0ms draws=70 decodes=0 decMs=0
[OTS] f=124200 calls=2 n0=2303 n1=274 prims=61060 bb=160,1120,0,694
[OTT] walkUs=2239 texUs=126 emitUs=685 submitUs=342 otherUs=1086 prims=395 usPerPrim=5
[FT] avgMs=16 worstMs=46 gameMs=11 drawMs=5 swapWait=0ms draws=71 decodes=0 decMs=0
[OTS] f=124320 calls=2 n0=2300 n1=274 prims=61314 bb=160,1120,0,694
[OTT] walkUs=2325 texUs=124 emitUs=681 submitUs=432 otherUs=1087 prims=392 usPerPrim=5
[FT] avgMs=16 worstMs=54 gameMs=11 drawMs=5 swapWait=1ms draws=70 decodes=0 decMs=0
[OTS] f=124440 calls=2 n0=2302 n1=274 prims=60906 bb=160,1120,0,694
[OTT] walkUs=2273 texUs=125 emitUs=682 submitUs=187 otherUs=1277 prims=394 usPerPrim=5
[FT] avgMs=16 worstMs=49 gameMs=11 drawMs=5 swapWait=0ms draws=71 decodes=0 decMs=0
[OTS] f=124560 calls=2 n0=2299 n1=274 prims=61318 bb=160,1120,0,694
[OTT] walkUs=2260 texUs=123 emitUs=682 submitUs=246 otherUs=1208 prims=391 usPerPrim=5
[FT] avgMs=16 worstMs=45 gameMs=11 drawMs=5 swapWait=0ms draws=70 decodes=0 decMs=0
[OTS] f=124680 calls=2 n0=2297 n1=274 prims=60984 bb=160,1120,0,694
[OTT] walkUs=2342 texUs=124 emitUs=667 submitUs=419 otherUs=1130 prims=389 usPerPrim=6
[SH-XBOX] vblank 124800
[MEM] tick: free=4016KB (1004 pages)
[FT] avgMs=16 worstMs=52 gameMs=11 drawMs=5 swapWait=0ms draws=70 decodes=0 decMs=0
[OTS] f=124800 calls=2 n0=2301 n1=274 prims=61248 bb=160,1120,0,694
[OTT] walkUs=2349 texUs=125 emitUs=681 submitUs=255 otherUs=1287 prims=393 usPerPrim=5
[FT] avgMs=17 worstMs=70 gameMs=11 drawMs=5 swapWait=0ms draws=71 decodes=0 decMs=0
[OTS] f=124920 calls=2 n0=2302 n1=274 prims=61017 bb=160,1120,0,694
[OTT] walkUs=1984 texUs=124 emitUs=685 submitUs=338 otherUs=835 prims=394 usPerPrim=5
[FT] avgMs=16 worstMs=17 gameMs=11 drawMs=5 swapWait=0ms draws=70 decodes=0 decMs=0
[OTS] f=125040 calls=2 n0=2298 n1=274 prims=61215 bb=160,1120,0,694
[OTT] walkUs=2221 texUs=124 emitUs=668 submitUs=173 otherUs=1254 prims=390 usPerPrim=5
[FT] avgMs=16 worstMs=45 gameMs=11 drawMs=5 swapWait=0ms draws=70 decodes=0 decMs=0
[OTS] f=125160 calls=2 n0=2298 n1=274 prims=61014 bb=160,1120,0,694
[OTT] walkUs=2067 texUs=123 emitUs=671 submitUs=307 otherUs=965 prims=390 usPerPrim=5
[FT] avgMs=16 worstMs=47 gameMs=11 drawMs=5 swapWait=0ms draws=71 decodes=0 decMs=0
[OTS] f=125280 calls=2 n0=2302 n1=274 prims=61297 bb=160,1120,0,694
[OTT] walkUs=2102 texUs=126 emitUs=690 submitUs=315 otherUs=969 prims=394 usPerPrim=5
[SH-XBOX] vblank 125400
[MEM] tick: free=4016KB (1004 pages)
[FT] avgMs=16 worstMs=54 gameMs=11 drawMs=5 swapWait=0ms draws=71 decodes=0 decMs=0
[OTS] f=125400 calls=2 n0=2300 n1=274 prims=61083 bb=160,1120,0,694
[OTT] walkUs=2077 texUs=124 emitUs=678 submitUs=465 otherUs=809 prims=392 usPerPrim=5
[FT] avgMs=16 worstMs=49 gameMs=11 drawMs=5 swapWait=0ms draws=70 decodes=0 decMs=0
[OTS] f=125520 calls=2 n0=2301 n1=274 prims=61199 bb=160,1120,0,694
[OTT] walkUs=1871 texUs=126 emitUs=676 submitUs=219 otherUs=848 prims=393 usPerPrim=4
[FT] avgMs=16 worstMs=45 gameMs=11 drawMs=5 swapWait=0ms draws=70 decodes=0 decMs=0
[OTS] f=125640 calls=2 n0=2297 n1=274 prims=61078 bb=160,1120,0,694
[OTT] walkUs=1905 texUs=122 emitUs=676 submitUs=264 otherUs=842 prims=389 usPerPrim=4
[FT] avgMs=16 worstMs=46 gameMs=11 drawMs=5 swapWait=0ms draws=71 decodes=0 decMs=0
[OTS] f=125760 calls=2 n0=2302 n1=274 prims=61172 bb=160,1120,0,694
[OTT] walkUs=2019 texUs=125 emitUs=688 submitUs=264 otherUs=940 prims=394 usPerPrim=5
[FT] avgMs=16 worstMs=53 gameMs=11 drawMs=5 swapWait=0ms draws=70 decodes=0 decMs=0
[OTS] f=125880 calls=2 n0=2294 n1=274 prims=61087 bb=160,1120,0,694
[OTT] walkUs=1962 texUs=123 emitUs=661 submitUs=291 otherUs=885 prims=386 usPerPrim=5
[SH-XBOX] vblank 126000
[MEM] tick: free=4016KB (1004 pages)
[FT] avgMs=16 worstMs=49 gameMs=11 drawMs=5 swapWait=0ms draws=70 decodes=0 decMs=0
[OTS] f=126000 calls=2 n0=2298 n1=274 prims=61116 bb=160,1120,0,694
[OTT] walkUs=2073 texUs=123 emitUs=675 submitUs=199 otherUs=1075 prims=390 usPerPrim=5
[FT] avgMs=16 worstMs=44 gameMs=11 drawMs=5 swapWait=1ms draws=71 decodes=0 decMs=0
[OTS] f=126120 calls=2 n0=2298 n1=274 prims=61296 bb=160,1120,0,694
[OTT] walkUs=1993 texUs=123 emitUs=678 submitUs=203 otherUs=988 prims=390 usPerPrim=5
[FT] avgMs=16 worstMs=52 gameMs=11 drawMs=5 swapWait=0ms draws=70 decodes=0 decMs=0
[OTS] f=126240 calls=2 n0=2303 n1=274 prims=60926 bb=160,1120,0,694
[OTT] walkUs=2347 texUs=124 emitUs=684 submitUs=334 otherUs=1203 prims=395 usPerPrim=5
[FT] avgMs=16 worstMs=48 gameMs=11 drawMs=5 swapWait=0ms draws=71 decodes=0 decMs=0
[OTS] f=126360 calls=2 n0=2300 n1=274 prims=61294 bb=160,1120,0,694
[OTT] walkUs=2206 texUs=124 emitUs=687 submitUs=251 otherUs=1142 prims=392 usPerPrim=5
[FT] avgMs=16 worstMs=44 gameMs=11 drawMs=5 swapWait=0ms draws=70 decodes=0 decMs=0
[OTS] f=126480 calls=2 n0=2298 n1=274 prims=60999 bb=160,1120,0,694
[OTT] walkUs=2082 texUs=125 emitUs=672 submitUs=192 otherUs=1093 prims=390 usPerPrim=5
[SH-XBOX] vblank 126600
[MEM] tick: free=4016KB (1004 pages)
[FT] avgMs=16 worstMs=45 gameMs=11 drawMs=5 swapWait=0ms draws=70 decodes=0 decMs=0
[OTS] f=126600 calls=2 n0=2301 n1=274 prims=61258 bb=160,1120,0,694
[OTT] walkUs=2127 texUs=125 emitUs=683 submitUs=190 otherUs=1127 prims=393 usPerPrim=5
[FT] avgMs=16 worstMs=46 gameMs=11 drawMs=5 swapWait=0ms draws=70 decodes=0 decMs=0
[OTS] f=126720 calls=2 n0=2301 n1=274 prims=60862 bb=160,1120,0,694
[OTT] walkUs=2274 texUs=124 emitUs=683 submitUs=419 otherUs=1047 prims=393 usPerPrim=5
[FT] avgMs=16 worstMs=54 gameMs=11 drawMs=5 swapWait=0ms draws=71 decodes=0 decMs=0
[OTS] f=126840 calls=2 n0=2302 n1=274 prims=61344 bb=160,1120,0,694
[OTT] walkUs=2276 texUs=125 emitUs=682 submitUs=427 otherUs=1042 prims=394 usPerPrim=5
[FT] avgMs=16 worstMs=18 gameMs=11 drawMs=5 swapWait=0ms draws=71 decodes=0 decMs=0
[OTS] f=126960 calls=2 n0=2299 n1=274 prims=61028 bb=160,1120,0,694
[OTT] walkUs=2238 texUs=124 emitUs=673 submitUs=193 otherUs=1247 prims=391 usPerPrim=5
[FT] avgMs=16 worstMs=45 gameMs=11 drawMs=5 swapWait=0ms draws=70 decodes=0 decMs=0
[OTS] f=127080 calls=2 n0=2300 n1=274 prims=61185 bb=160,1120,0,694
[OTT] walkUs=2248 texUs=124 emitUs=677 submitUs=207 otherUs=1238 prims=392 usPerPrim=5
[SH-XBOX] vblank 127200
[MEM] tick: free=4016KB (1004 pages)
[FT] avgMs=16 worstMs=52 gameMs=11 drawMs=5 swapWait=0ms draws=71 decodes=0 decMs=0
[OTS] f=127200 calls=2 n0=2298 n1=274 prims=61066 bb=160,1120,0,694
[OTT] walkUs=2171 texUs=124 emitUs=678 submitUs=247 otherUs=1121 prims=390 usPerPrim=5
[FT] avgMs=16 worstMs=48 gameMs=11 drawMs=5 swapWait=1ms draws=70 decodes=0 decMs=0
[OTS] f=127320 calls=2 n0=2299 n1=274 prims=61195 bb=160,1120,0,694
[OTT] walkUs=2336 texUs=125 emitUs=690 submitUs=343 otherUs=1177 prims=391 usPerPrim=5
[FT] avgMs=16 worstMs=43 gameMs=11 drawMs=5 swapWait=0ms draws=70 decodes=0 decMs=0
[OTS] f=127440 calls=2 n0=2298 n1=274 prims=61057 bb=160,1120,0,694
[OTT] walkUs=2283 texUs=123 emitUs=674 submitUs=242 otherUs=1244 prims=390 usPerPrim=5
[FT] avgMs=16 worstMs=46 gameMs=11 drawMs=5 swapWait=0ms draws=71 decodes=0 decMs=0
[OTS] f=127560 calls=2 n0=2304 n1=274 prims=61209 bb=160,1120,0,694
[OTT] walkUs=2090 texUs=125 emitUs=692 submitUs=324 otherUs=947 prims=396 usPerPrim=5
[FT] avgMs=16 worstMs=52 gameMs=11 drawMs=5 swapWait=0ms draws=70 decodes=0 decMs=0
[OTS] f=127680 calls=2 n0=2297 n1=274 prims=61048 bb=160,1120,0,694
[OTT] walkUs=2088 texUs=123 emitUs=675 submitUs=173 otherUs=1115 prims=389 usPerPrim=5
[SH-XBOX] vblank 127800
[MEM] tick: free=4016KB (1004 pages)
[FT] avgMs=16 worstMs=48 gameMs=11 drawMs=5 swapWait=0ms draws=71 decodes=0 decMs=0
[OTS] f=127800 calls=2 n0=2301 n1=274 prims=61164 bb=160,1120,0,694
[OTT] walkUs=1984 texUs=124 emitUs=682 submitUs=193 otherUs=983 prims=393 usPerPrim=5
[FT] avgMs=16 worstMs=44 gameMs=11 drawMs=5 swapWait=0ms draws=71 decodes=0 decMs=0
[OTS] f=127920 calls=2 n0=2297 n1=274 prims=61257 bb=160,1120,0,694
[OTT] walkUs=2075 texUs=122 emitUs=675 submitUs=185 otherUs=1091 prims=389 usPerPrim=5
[FT] avgMs=16 worstMs=45 gameMs=11 drawMs=5 swapWait=0ms draws=71 decodes=0 decMs=0
[OTS] f=128040 calls=2 n0=2303 n1=274 prims=61087 bb=160,1120,0,694
[OTT] walkUs=2206 texUs=125 emitUs=688 submitUs=295 otherUs=1096 prims=395 usPerPrim=5
[FT] avgMs=16 worstMs=52 gameMs=11 drawMs=5 swapWait=0ms draws=70 decodes=0 decMs=0
[OTS] f=128160 calls=2 n0=2298 n1=274 prims=61213 bb=160,1120,0,694
[OTT] walkUs=1862 texUs=124 emitUs=674 submitUs=182 otherUs=880 prims=390 usPerPrim=4
[FT] avgMs=16 worstMs=48 gameMs=11 drawMs=5 swapWait=0ms draws=70 decodes=0 decMs=0
[OTS] f=128280 calls=2 n0=2301 n1=274 prims=60990 bb=160,1120,0,694
[OTT] walkUs=2179 texUs=124 emitUs=677 submitUs=270 otherUs=1106 prims=393 usPerPrim=5
[SH-XBOX] vblank 128400
[MEM] tick: free=4016KB (1004 pages)
[FT] avgMs=16 worstMs=44 gameMs=11 drawMs=5 swapWait=0ms draws=71 decodes=0 decMs=0
[OTS] f=128400 calls=2 n0=2299 n1=274 prims=61334 bb=160,1120,0,694
[OTT] walkUs=2010 texUs=124 emitUs=679 submitUs=193 otherUs=1012 prims=391 usPerPrim=5
[FT] avgMs=16 worstMs=45 gameMs=11 drawMs=5 swapWait=0ms draws=70 decodes=0 decMs=0
[OTS] f=128520 calls=2 n0=2300 n1=274 prims=60872 bb=160,1120,0,694
[OTT] walkUs=1961 texUs=124 emitUs=681 submitUs=310 otherUs=843 prims=392 usPerPrim=5
[FT] avgMs=16 worstMs=53 gameMs=11 drawMs=5 swapWait=1ms draws=71 decodes=0 decMs=0
[OTS] f=128640 calls=2 n0=2301 n1=274 prims=61330 bb=160,1120,0,694
[OTT] walkUs=2104 texUs=124 emitUs=681 submitUs=358 otherUs=940 prims=393 usPerPrim=5
[FT] avgMs=16 worstMs=48 gameMs=11 drawMs=5 swapWait=0ms draws=71 decodes=0 decMs=0
[OTS] f=128760 calls=2 n0=2301 n1=274 prims=61043 bb=160,1120,0,694
[OTT] walkUs=1925 texUs=125 emitUs=678 submitUs=192 otherUs=928 prims=393 usPerPrim=4
[FT] avgMs=16 worstMs=44 gameMs=11 drawMs=5 swapWait=0ms draws=70 decodes=0 decMs=0
[OTS] f=128880 calls=2 n0=2300 n1=274 prims=61193 bb=160,1120,0,694
[OTT] walkUs=2280 texUs=127 emitUs=678 submitUs=240 otherUs=1234 prims=392 usPerPrim=5
[SH-XBOX] vblank 129000
[MEM] tick: free=4016KB (1004 pages)
[FT] avgMs=16 worstMs=45 gameMs=11 drawMs=5 swapWait=0ms draws=71 decodes=0 decMs=0
[OTS] f=129000 calls=2 n0=2299 n1=274 prims=61021 bb=160,1120,0,694
[OTT] walkUs=2042 texUs=129 emitUs=677 submitUs=271 otherUs=964 prims=391 usPerPrim=5
[FT] avgMs=16 worstMs=52 gameMs=11 drawMs=5 swapWait=0ms draws=70 decodes=0 decMs=0
[OTS] f=129120 calls=2 n0=2300 n1=274 prims=61215 bb=160,1120,0,694
[OTT] walkUs=2199 texUs=126 emitUs=696 submitUs=227 otherUs=1149 prims=392 usPerPrim=5
[FT] avgMs=16 worstMs=49 gameMs=11 drawMs=5 swapWait=0ms draws=70 decodes=0 decMs=0
[OTS] f=129240 calls=2 n0=2300 n1=274 prims=61055 bb=160,1120,0,694
[OTT] walkUs=2144 texUs=124 emitUs=678 submitUs=269 otherUs=1072 prims=392 usPerPrim=5
[FT] avgMs=16 worstMs=44 gameMs=11 drawMs=5 swapWait=0ms draws=70 decodes=0 decMs=0
[OTS] f=129360 calls=2 n0=2303 n1=274 prims=61109 bb=160,1120,0,694
[OTT] walkUs=2016 texUs=125 emitUs=685 submitUs=236 otherUs=969 prims=395 usPerPrim=5
[FT] avgMs=16 worstMs=46 gameMs=11 drawMs=5 swapWait=0ms draws=71 decodes=0 decMs=0
[OTS] f=129480 calls=2 n0=2297 n1=274 prims=61138 bb=160,1120,0,694
[OTT] walkUs=2209 texUs=127 emitUs=672 submitUs=337 otherUs=1073 prims=389 usPerPrim=5
[SH-XBOX] vblank 129600
[MEM] tick: free=4016KB (1004 pages)
[FT] avgMs=16 worstMs=52 gameMs=11 drawMs=5 swapWait=0ms draws=70 decodes=0 decMs=0
[OTS] f=129600 calls=2 n0=2299 n1=274 prims=61172 bb=160,1120,0,694
[OTT] walkUs=2149 texUs=125 emitUs=675 submitUs=205 otherUs=1143 prims=391 usPerPrim=5
[FT] avgMs=16 worstMs=48 gameMs=11 drawMs=5 swapWait=0ms draws=70 decodes=0 decMs=0
[OTS] f=129720 calls=2 n0=2296 n1=274 prims=61108 bb=160,1120,0,694
[OTT] walkUs=2259 texUs=122 emitUs=668 submitUs=196 otherUs=1271 prims=388 usPerPrim=5
[FT] avgMs=16 worstMs=43 gameMs=11 drawMs=5 swapWait=0ms draws=71 decodes=0 decMs=0
[OTS] f=129840 calls=2 n0=2298 n1=274 prims=61126 bb=160,1120,0,694
[OTT] walkUs=2234 texUs=123 emitUs=674 submitUs=372 otherUs=1064 prims=390 usPerPrim=5
[FT] avgMs=16 worstMs=46 gameMs=11 drawMs=5 swapWait=0ms draws=70 decodes=0 decMs=0
[OTS] f=129960 calls=2 n0=2296 n1=274 prims=61180 bb=160,1120,0,694
[OTT] walkUs=2399 texUs=123 emitUs=667 submitUs=282 otherUs=1325 prims=388 usPerPrim=6
[FT] avgMs=16 worstMs=53 gameMs=11 drawMs=5 swapWait=0ms draws=70 decodes=0 decMs=0
[OTS] f=130080 calls=2 n0=2302 n1=274 prims=61030 bb=160,1120,0,694
[OTT] walkUs=2361 texUs=124 emitUs=682 submitUs=282 otherUs=1270 prims=394 usPerPrim=5
[SH-XBOX] vblank 130200
[MEM] tick: free=4016KB (1004 pages)
[FT] avgMs=16 worstMs=48 gameMs=11 drawMs=5 swapWait=0ms draws=71 decodes=0 decMs=0
[OTS] f=130200 calls=2 n0=2300 n1=274 prims=61306 bb=160,1120,0,694
[OTT] walkUs=2367 texUs=124 emitUs=677 submitUs=255 otherUs=1309 prims=392 usPerPrim=6
[FT] avgMs=16 worstMs=44 gameMs=11 drawMs=5 swapWait=0ms draws=70 decodes=0 decMs=0
[OTS] f=130320 calls=2 n0=2301 n1=274 prims=60899 bb=160,1120,0,694
[OTT] walkUs=2386 texUs=123 emitUs=686 submitUs=308 otherUs=1268 prims=393 usPerPrim=6
[FT] avgMs=16 worstMs=45 gameMs=11 drawMs=5 swapWait=0ms draws=71 decodes=0 decMs=0
[OTS] f=130440 calls=2 n0=2301 n1=274 prims=61328 bb=160,1120,0,694
[OTT] walkUs=2352 texUs=128 emitUs=685 submitUs=439 otherUs=1099 prims=393 usPerPrim=5
[FT] avgMs=16 worstMs=53 gameMs=11 drawMs=5 swapWait=0ms draws=71 decodes=0 decMs=0
[OTS] f=130560 calls=2 n0=2301 n1=274 prims=61020 bb=160,1120,0,694
[OTT] walkUs=2102 texUs=125 emitUs=684 submitUs=179 otherUs=1113 prims=393 usPerPrim=5
[FT] avgMs=16 worstMs=48 gameMs=11 drawMs=5 swapWait=0ms draws=71 decodes=0 decMs=0
[OTS] f=130680 calls=2 n0=2302 n1=274 prims=61344 bb=160,1120,0,694
[OTT] walkUs=1928 texUs=124 emitUs=691 submitUs=173 otherUs=939 prims=394 usPerPrim=4
[SH-XBOX] vblank 130800
[MEM] tick: free=4016KB (1004 pages)
[FT] avgMs=16 worstMs=44 gameMs=11 drawMs=5 swapWait=0ms draws=70 decodes=0 decMs=0
[OTS] f=130800 calls=2 n0=2298 n1=274 prims=60904 bb=160,1120,0,694
[OTT] walkUs=2019 texUs=124 emitUs=676 submitUs=313 otherUs=904 prims=390 usPerPrim=5
[FT] avgMs=16 worstMs=45 gameMs=11 drawMs=5 swapWait=0ms draws=70 decodes=0 decMs=0
[OTS] f=130920 calls=2 n0=2300 n1=274 prims=61279 bb=160,1120,0,694
[OTT] walkUs=2112 texUs=141 emitUs=679 submitUs=221 otherUs=1070 prims=392 usPerPrim=5
[FT] avgMs=16 worstMs=53 gameMs=11 drawMs=5 swapWait=0ms draws=71 decodes=0 decMs=0
[OTS] f=131040 calls=2 n0=2298 n1=274 prims=61094 bb=160,1120,0,694
[OTT] walkUs=2022 texUs=123 emitUs=673 submitUs=244 otherUs=981 prims=390 usPerPrim=5
[FT] avgMs=16 worstMs=48 gameMs=11 drawMs=5 swapWait=0ms draws=70 decodes=0 decMs=0
[OTS] f=131160 calls=2 n0=2301 n1=274 prims=61121 bb=160,1120,0,694
[OTT] walkUs=1884 texUs=125 emitUs=684 submitUs=198 otherUs=875 prims=393 usPerPrim=4
[FT] avgMs=16 worstMs=44 gameMs=11 drawMs=5 swapWait=0ms draws=71 decodes=0 decMs=0
[OTS] f=131280 calls=2 n0=2298 n1=274 prims=61100 bb=160,1120,0,694
[OTT] walkUs=2210 texUs=123 emitUs=674 submitUs=548 otherUs=864 prims=390 usPerPrim=5
[SH-XBOX] vblank 131400
[MEM] tick: free=4016KB (1004 pages)
[FT] avgMs=16 worstMs=45 gameMs=11 drawMs=5 swapWait=0ms draws=70 decodes=0 decMs=0
[OTS] f=131400 calls=2 n0=2301 n1=274 prims=61199 bb=160,1120,0,694
[OTT] walkUs=1993 texUs=126 emitUs=679 submitUs=332 otherUs=855 prims=393 usPerPrim=5
[FT] avgMs=16 worstMs=53 gameMs=11 drawMs=5 swapWait=0ms draws=70 decodes=0 decMs=0
[OTS] f=131520 calls=2 n0=2297 n1=274 prims=61091 bb=160,1120,0,694
[OTT] walkUs=2210 texUs=123 emitUs=672 submitUs=186 otherUs=1228 prims=389 usPerPrim=5
[FT] avgMs=16 worstMs=48 gameMs=11 drawMs=5 swapWait=1ms draws=71 decodes=0 decMs=0
[OTS] f=131640 calls=2 n0=2302 n1=274 prims=61162 bb=160,1120,0,694
[OTT] walkUs=2159 texUs=127 emitUs=687 submitUs=190 otherUs=1153 prims=394 usPerPrim=5
[FT] avgMs=16 worstMs=44 gameMs=11 drawMs=5 swapWait=0ms draws=70 decodes=0 decMs=0
[OTS] f=131760 calls=2 n0=2295 n1=274 prims=61127 bb=160,1120,0,694
[OTT] walkUs=2231 texUs=122 emitUs=663 submitUs=181 otherUs=1263 prims=387 usPerPrim=5
[FT] avgMs=16 worstMs=46 gameMs=11 drawMs=5 swapWait=0ms draws=70 decodes=0 decMs=0
[OTS] f=131880 calls=2 n0=2302 n1=274 prims=61083 bb=160,1120,0,694
[OTT] walkUs=2267 texUs=124 emitUs=680 submitUs=181 otherUs=1281 prims=394 usPerPrim=5
[SH-XBOX] vblank 132000
[MEM] tick: free=4016KB (1004 pages)
[FT] avgMs=16 worstMs=53 gameMs=11 drawMs=5 swapWait=0ms draws=70 decodes=0 decMs=0
[OTS] f=132000 calls=2 n0=2300 n1=274 prims=61163 bb=160,1120,0,694
[OTT] walkUs=2068 texUs=124 emitUs=683 submitUs=317 otherUs=942 prims=392 usPerPrim=5
[FT] avgMs=16 worstMs=48 gameMs=11 drawMs=5 swapWait=0ms draws=71 decodes=0 decMs=0
[OTS] f=132120 calls=2 n0=2302 n1=274 prims=61035 bb=160,1120,0,694
[OTT] walkUs=2223 texUs=126 emitUs=682 submitUs=193 otherUs=1220 prims=394 usPerPrim=5
[FT] avgMs=16 worstMs=44 gameMs=11 drawMs=5 swapWait=0ms draws=70 decodes=0 decMs=0
[OTS] f=132240 calls=2 n0=2297 n1=274 prims=61279 bb=160,1120,0,694
[OTT] walkUs=2258 texUs=123 emitUs=674 submitUs=254 otherUs=1206 prims=389 usPerPrim=5
[FT] avgMs=16 worstMs=46 gameMs=11 drawMs=5 swapWait=0ms draws=70 decodes=0 decMs=0
[OTS] f=132360 calls=2 n0=2300 n1=274 prims=60940 bb=160,1120,0,694
[OTT] walkUs=2200 texUs=124 emitUs=678 submitUs=248 otherUs=1149 prims=392 usPerPrim=5
[FT] avgMs=16 worstMs=54 gameMs=11 drawMs=5 swapWait=0ms draws=71 decodes=0 decMs=0
[OTS] f=132480 calls=2 n0=2301 n1=274 prims=61330 bb=160,1120,0,694
[OTT] walkUs=2246 texUs=124 emitUs=685 submitUs=410 otherUs=1026 prims=393 usPerPrim=5
[SH-XBOX] vblank 132600
[MEM] tick: free=4016KB (1004 pages)
[FT] avgMs=16 worstMs=49 gameMs=11 drawMs=5 swapWait=0ms draws=70 decodes=0 decMs=0
[OTS] f=132600 calls=2 n0=2300 n1=274 prims=60899 bb=160,1120,0,694
[OTT] walkUs=2155 texUs=125 emitUs=679 submitUs=216 otherUs=1134 prims=392 usPerPrim=5
[FT] avgMs=17 worstMs=79 gameMs=12 drawMs=5 swapWait=0ms draws=70 decodes=0 decMs=0
[OTS] f=132720 calls=2 n0=2299 n1=274 prims=61309 bb=160,1120,0,694
[OTT] walkUs=2353 texUs=128 emitUs=674 submitUs=283 otherUs=1266 prims=391 usPerPrim=6
[FT] avgMs=16 worstMs=51 gameMs=11 drawMs=5 swapWait=0ms draws=71 decodes=0 decMs=0
[OTS] f=132840 calls=2 n0=2299 n1=274 prims=61049 bb=160,1120,0,694
[OTT] walkUs=2348 texUs=123 emitUs=676 submitUs=191 otherUs=1356 prims=391 usPerPrim=6
[FT] avgMs=16 worstMs=47 gameMs=11 drawMs=5 swapWait=0ms draws=70 decodes=0 decMs=0
[OTS] f=132960 calls=2 n0=2302 n1=274 prims=61157 bb=160,1120,0,694
[OTT] walkUs=2353 texUs=125 emitUs=685 submitUs=187 otherUs=1355 prims=394 usPerPrim=5
[FT] avgMs=16 worstMs=42 gameMs=11 drawMs=5 swapWait=0ms draws=71 decodes=0 decMs=0
[OTS] f=133080 calls=2 n0=2300 n1=274 prims=61083 bb=160,1120,0,694
[OTT] walkUs=2231 texUs=128 emitUs=678 submitUs=283 otherUs=1140 prims=392 usPerPrim=5
[SH-XBOX] vblank 133200
[MEM] tick: free=4016KB (1004 pages)
[FT] avgMs=16 worstMs=45 gameMs=11 drawMs=5 swapWait=0ms draws=71 decodes=0 decMs=0
[OTS] f=133200 calls=2 n0=2302 n1=274 prims=61250 bb=160,1120,0,694
[OTT] walkUs=2187 texUs=125 emitUs=688 submitUs=187 otherUs=1186 prims=394 usPerPrim=5
[FT] avgMs=16 worstMs=46 gameMs=11 drawMs=5 swapWait=0ms draws=71 decodes=0 decMs=0
[OTS] f=133320 calls=2 n0=2297 n1=274 prims=61154 bb=160,1120,0,694
[OTT] walkUs=2109 texUs=123 emitUs=671 submitUs=191 otherUs=1122 prims=389 usPerPrim=5
[FT] avgMs=16 worstMs=53 gameMs=11 drawMs=5 swapWait=0ms draws=70 decodes=0 decMs=0
[OTS] f=133440 calls=2 n0=2302 n1=274 prims=61044 bb=160,1120,0,694
[OTT] walkUs=2173 texUs=125 emitUs=685 submitUs=238 otherUs=1124 prims=394 usPerPrim=5
[FT] avgMs=16 worstMs=48 gameMs=11 drawMs=5 swapWait=0ms draws=71 decodes=0 decMs=0
[OTS] f=133560 calls=2 n0=2296 n1=274 prims=61206 bb=160,1120,0,694
[OTT] walkUs=2055 texUs=122 emitUs=671 submitUs=273 otherUs=987 prims=388 usPerPrim=5
[FT] avgMs=16 worstMs=44 gameMs=11 drawMs=5 swapWait=0ms draws=71 decodes=0 decMs=0
[OTS] f=133680 calls=2 n0=2297 n1=274 prims=61152 bb=160,1120,0,694
[OTT] walkUs=2074 texUs=126 emitUs=674 submitUs=188 otherUs=1084 prims=389 usPerPrim=5
[SH-XBOX] vblank 133800
[MEM] tick: free=4016KB (1004 pages)
[FT] avgMs=16 worstMs=46 gameMs=11 drawMs=5 swapWait=0ms draws=70 decodes=0 decMs=0
[OTS] f=133800 calls=2 n0=2298 n1=274 prims=61143 bb=160,1120,0,694
[OTT] walkUs=2246 texUs=123 emitUs=677 submitUs=294 otherUs=1151 prims=390 usPerPrim=5
[FT] avgMs=16 worstMs=53 gameMs=11 drawMs=5 swapWait=1ms draws=71 decodes=0 decMs=0
[OTS] f=133920 calls=2 n0=2303 n1=274 prims=61054 bb=160,1120,0,694
[OTT] walkUs=2032 texUs=126 emitUs=687 submitUs=283 otherUs=936 prims=395 usPerPrim=5
[FT] avgMs=16 worstMs=48 gameMs=11 drawMs=5 swapWait=0ms draws=70 decodes=0 decMs=0
[OTS] f=134040 calls=2 n0=2298 n1=274 prims=61240 bb=160,1120,0,694
[OTT] walkUs=1985 texUs=123 emitUs=676 submitUs=183 otherUs=1002 prims=390 usPerPrim=5
[FT] avgMs=16 worstMs=44 gameMs=11 drawMs=5 swapWait=0ms draws=70 decodes=0 decMs=0
[OTS] f=134160 calls=2 n0=2301 n1=274 prims=60983 bb=160,1120,0,694
[OTT] walkUs=2042 texUs=128 emitUs=683 submitUs=200 otherUs=1029 prims=393 usPerPrim=5
[FT] avgMs=16 worstMs=45 gameMs=11 drawMs=5 swapWait=0ms draws=71 decodes=0 decMs=0
[OTS] f=134280 calls=2 n0=2301 n1=274 prims=61328 bb=160,1120,0,694
[OTT] walkUs=2044 texUs=124 emitUs=684 submitUs=193 otherUs=1041 prims=393 usPerPrim=5
[SH-XBOX] vblank 134400
[MEM] tick: free=4016KB (1004 pages)
[FT] avgMs=16 worstMs=53 gameMs=11 drawMs=5 swapWait=0ms draws=70 decodes=0 decMs=0
[OTS] f=134400 calls=2 n0=2301 n1=274 prims=60862 bb=160,1120,0,694
[OTT] walkUs=2071 texUs=124 emitUs=681 submitUs=195 otherUs=1069 prims=393 usPerPrim=5
[FT] avgMs=16 worstMs=48 gameMs=11 drawMs=5 swapWait=0ms draws=71 decodes=0 decMs=0
[OTS] f=134520 calls=2 n0=2301 n1=274 prims=61350 bb=160,1120,0,694
[OTT] walkUs=2116 texUs=125 emitUs=683 submitUs=224 otherUs=1081 prims=393 usPerPrim=5
[FT] avgMs=16 worstMs=44 gameMs=11 drawMs=5 swapWait=0ms draws=70 decodes=0 decMs=0
[OTS] f=134640 calls=2 n0=2300 n1=274 prims=60902 bb=160,1120,0,694
[OTT] walkUs=2109 texUs=125 emitUs=677 submitUs=186 otherUs=1121 prims=392 usPerPrim=5
[FT] avgMs=16 worstMs=45 gameMs=11 drawMs=5 swapWait=0ms draws=71 decodes=0 decMs=0
[OTS] f=134760 calls=2 n0=2300 n1=274 prims=61305 bb=160,1120,0,694
[OTT] walkUs=2023 texUs=124 emitUs=683 submitUs=267 otherUs=946 prims=392 usPerPrim=5
[FT] avgMs=16 worstMs=53 gameMs=11 drawMs=5 swapWait=0ms draws=70 decodes=0 decMs=0
[OTS] f=134880 calls=2 n0=2296 n1=274 prims=60994 bb=160,1120,0,694
[OTT] walkUs=2234 texUs=124 emitUs=665 submitUs=187 otherUs=1257 prims=388 usPerPrim=5
[SH-XBOX] vblank 135000
[MEM] tick: free=4016KB (1004 pages)
[FT] avgMs=16 worstMs=49 gameMs=11 drawMs=5 swapWait=0ms draws=70 decodes=0 decMs=0
[OTS] f=135000 calls=2 n0=2300 n1=274 prims=61209 bb=160,1120,0,694
[OTT] walkUs=2335 texUs=124 emitUs=676 submitUs=271 otherUs=1263 prims=392 usPerPrim=5
[FT] avgMs=16 worstMs=44 gameMs=11 drawMs=5 swapWait=0ms draws=71 decodes=0 decMs=0
[OTS] f=135120 calls=2 n0=2298 n1=274 prims=61112 bb=160,1120,0,694
[OTT] walkUs=2247 texUs=122 emitUs=673 submitUs=197 otherUs=1252 prims=390 usPerPrim=5
[FT] avgMs=16 worstMs=46 gameMs=11 drawMs=5 swapWait=0ms draws=70 decodes=0 decMs=0
[OTS] f=135240 calls=2 n0=2304 n1=274 prims=61081 bb=160,1120,0,694
[OTT] walkUs=2200 texUs=125 emitUs=690 submitUs=226 otherUs=1156 prims=396 usPerPrim=5
[FT] avgMs=16 worstMs=53 gameMs=11 drawMs=5 swapWait=0ms draws=71 decodes=0 decMs=0
[OTS] f=135360 calls=2 n0=2297 n1=274 prims=61176 bb=160,1120,0,694
[OTT] walkUs=2217 texUs=123 emitUs=672 submitUs=196 otherUs=1224 prims=389 usPerPrim=5
[FT] avgMs=16 worstMs=49 gameMs=11 drawMs=5 swapWait=0ms draws=71 decodes=0 decMs=0
[OTS] f=135480 calls=2 n0=2302 n1=274 prims=61194 bb=160,1120,0,694
[OTT] walkUs=2341 texUs=125 emitUs=690 submitUs=431 otherUs=1092 prims=394 usPerPrim=5
[SH-XBOX] vblank 135600
[MEM] tick: free=4016KB (1004 pages)
[FT] avgMs=16 worstMs=45 gameMs=11 drawMs=5 swapWait=0ms draws=70 decodes=0 decMs=0
[OTS] f=135600 calls=2 n0=2297 n1=274 prims=61102 bb=160,1120,0,694
[OTT] walkUs=2357 texUs=122 emitUs=671 submitUs=398 otherUs=1164 prims=389 usPerPrim=6
[FT] avgMs=16 worstMs=46 gameMs=11 drawMs=5 swapWait=0ms draws=71 decodes=0 decMs=0
[OTS] f=135720 calls=2 n0=2303 n1=274 prims=61087 bb=160,1120,0,694
[OTT] walkUs=1773 texUs=130 emitUs=685 submitUs=194 otherUs=762 prims=395 usPerPrim=4
[FT] avgMs=16 worstMs=54 gameMs=11 drawMs=5 swapWait=0ms draws=71 decodes=0 decMs=0
[OTS] f=135840 calls=2 n0=2300 n1=274 prims=61283 bb=160,1120,0,694
[OTT] walkUs=1936 texUs=124 emitUs=680 submitUs=177 otherUs=954 prims=392 usPerPrim=4
[FT] avgMs=16 worstMs=49 gameMs=11 drawMs=5 swapWait=0ms draws=71 decodes=0 decMs=0
[OTS] f=135960 calls=2 n0=2302 n1=274 prims=61065 bb=160,1120,0,694
[OTT] walkUs=1995 texUs=125 emitUs=683 submitUs=190 otherUs=996 prims=394 usPerPrim=5
[FT] avgMs=16 worstMs=45 gameMs=11 drawMs=5 swapWait=0ms draws=70 decodes=0 decMs=0
[OTS] f=136080 calls=2 n0=2299 n1=274 prims=61189 bb=160,1120,0,694
[OTT] walkUs=1939 texUs=124 emitUs=676 submitUs=178 otherUs=960 prims=391 usPerPrim=4
[SH-XBOX] vblank 136200
[MEM] tick: free=4016KB (1004 pages)
[FT] avgMs=16 worstMs=46 gameMs=11 drawMs=5 swapWait=0ms draws=71 decodes=0 decMs=0
[OTS] f=136200 calls=2 n0=2300 n1=274 prims=61001 bb=160,1120,0,694
[OTT] walkUs=1961 texUs=124 emitUs=678 submitUs=375 otherUs=783 prims=392 usPerPrim=5
[FT] avgMs=16 worstMs=53 gameMs=11 drawMs=5 swapWait=0ms draws=70 decodes=0 decMs=0
[OTS] f=136320 calls=2 n0=2298 n1=274 prims=61333 bb=160,1120,0,694
[OTT] walkUs=1865 texUs=128 emitUs=668 submitUs=187 otherUs=881 prims=390 usPerPrim=4
[FT] avgMs=16 worstMs=48 gameMs=11 drawMs=5 swapWait=0ms draws=70 decodes=0 decMs=0
[OTS] f=136440 calls=2 n0=2302 n1=274 prims=60915 bb=160,1120,0,694
[OTT] walkUs=2001 texUs=124 emitUs=682 submitUs=186 otherUs=1007 prims=394 usPerPrim=5
[FT] avgMs=16 worstMs=44 gameMs=11 drawMs=5 swapWait=0ms draws=71 decodes=0 decMs=0
[OTS] f=136560 calls=2 n0=2300 n1=274 prims=61317 bb=160,1120,0,694
[OTT] walkUs=1999 texUs=124 emitUs=683 submitUs=201 otherUs=989 prims=392 usPerPrim=5
[FT] avgMs=16 worstMs=46 gameMs=11 drawMs=5 swapWait=0ms draws=70 decodes=0 decMs=0
[OTS] f=136680 calls=2 n0=2297 n1=274 prims=60935 bb=160,1120,0,694
[OTT] walkUs=2198 texUs=124 emitUs=668 submitUs=392 otherUs=1012 prims=389 usPerPrim=5
[SH-XBOX] vblank 136800
[MEM] tick: free=4016KB (1004 pages)
[FT] avgMs=16 worstMs=54 gameMs=11 drawMs=5 swapWait=0ms draws=70 decodes=0 decMs=0
[OTS] f=136800 calls=2 n0=2301 n1=274 prims=61265 bb=160,1120,0,694
[OTT] walkUs=2210 texUs=124 emitUs=678 submitUs=195 otherUs=1211 prims=393 usPerPrim=5
[FT] avgMs=16 worstMs=49 gameMs=11 drawMs=5 swapWait=0ms draws=71 decodes=0 decMs=0
[OTS] f=136920 calls=2 n0=2300 n1=274 prims=61091 bb=160,1120,0,694
[OTT] walkUs=2075 texUs=124 emitUs=682 submitUs=304 otherUs=963 prims=392 usPerPrim=5
[FT] avgMs=16 worstMs=44 gameMs=11 drawMs=5 swapWait=0ms draws=70 decodes=0 decMs=0
[OTS] f=137040 calls=2 n0=2303 n1=274 prims=61108 bb=160,1120,0,694
[OTT] walkUs=2150 texUs=129 emitUs=684 submitUs=497 otherUs=839 prims=395 usPerPrim=5
[FT] avgMs=16 worstMs=46 gameMs=11 drawMs=5 swapWait=0ms draws=70 decodes=0 decMs=0
[OTS] f=137160 calls=2 n0=2295 n1=274 prims=61116 bb=160,1120,0,694
[OTT] walkUs=1947 texUs=123 emitUs=666 submitUs=200 otherUs=956 prims=387 usPerPrim=5
[FT] avgMs=16 worstMs=53 gameMs=11 drawMs=5 swapWait=0ms draws=70 decodes=0 decMs=0
[OTS] f=137280 calls=2 n0=2302 n1=274 prims=61095 bb=160,1120,0,694
[OTT] walkUs=2183 texUs=125 emitUs=694 submitUs=517 otherUs=846 prims=394 usPerPrim=5
[SH-XBOX] vblank 137400
[MEM] tick: free=4016KB (1004 pages)
[FT] avgMs=16 worstMs=49 gameMs=11 drawMs=5 swapWait=0ms draws=71 decodes=0 decMs=0
[OTS] f=137400 calls=2 n0=2296 n1=274 prims=61206 bb=160,1120,0,694
[OTT] walkUs=2048 texUs=122 emitUs=667 submitUs=322 otherUs=934 prims=388 usPerPrim=5
[FT] avgMs=16 worstMs=44 gameMs=11 drawMs=5 swapWait=0ms draws=70 decodes=0 decMs=0
[OTS] f=137520 calls=2 n0=2296 n1=274 prims=61024 bb=160,1120,0,694
[OTT] walkUs=2240 texUs=123 emitUs=668 submitUs=181 otherUs=1267 prims=388 usPerPrim=5
[FT] avgMs=16 worstMs=46 gameMs=11 drawMs=5 swapWait=0ms draws=70 decodes=0 decMs=0
[OTS] f=137640 calls=2 n0=2297 n1=274 prims=61243 bb=160,1120,0,694
[OTT] walkUs=2212 texUs=122 emitUs=669 submitUs=184 otherUs=1235 prims=389 usPerPrim=5
[FT] avgMs=16 worstMs=53 gameMs=11 drawMs=5 swapWait=0ms draws=71 decodes=0 decMs=0
[OTS] f=137760 calls=2 n0=2303 n1=274 prims=61082 bb=160,1120,0,694
[OTT] walkUs=2146 texUs=125 emitUs=686 submitUs=308 otherUs=1026 prims=395 usPerPrim=5
[FT] avgMs=16 worstMs=49 gameMs=11 drawMs=5 swapWait=0ms draws=70 decodes=0 decMs=0
[OTS] f=137880 calls=2 n0=2300 n1=274 prims=61167 bb=160,1120,0,694
[OTT] walkUs=2522 texUs=124 emitUs=682 submitUs=475 otherUs=1239 prims=392 usPerPrim=6
[SH-XBOX] vblank 138000
[MEM] tick: free=4016KB (1004 pages)
[FT] avgMs=16 worstMs=45 gameMs=11 drawMs=5 swapWait=0ms draws=71 decodes=0 decMs=0
[OTS] f=138000 calls=2 n0=2301 n1=274 prims=61027 bb=160,1120,0,694
[OTT] walkUs=2248 texUs=124 emitUs=684 submitUs=237 otherUs=1202 prims=393 usPerPrim=5
[FT] avgMs=16 worstMs=46 gameMs=11 drawMs=5 swapWait=0ms draws=70 decodes=0 decMs=0
[OTS] f=138120 calls=2 n0=2298 n1=274 prims=61320 bb=160,1120,0,694
[OTT] walkUs=2346 texUs=127 emitUs=667 submitUs=537 otherUs=1014 prims=390 usPerPrim=6
[FT] avgMs=16 worstMs=54 gameMs=11 drawMs=5 swapWait=1ms draws=70 decodes=0 decMs=0
[OTS] f=138240 calls=2 n0=2301 n1=274 prims=60900 bb=160,1120,0,694
[OTT] walkUs=2357 texUs=124 emitUs=683 submitUs=230 otherUs=1319 prims=393 usPerPrim=5
[FT] avgMs=16 worstMs=49 gameMs=11 drawMs=5 swapWait=0ms draws=71 decodes=0 decMs=0
[OTS] f=138360 calls=2 n0=2302 n1=274 prims=61344 bb=160,1120,0,694
[OTT] walkUs=2270 texUs=124 emitUs=684 submitUs=329 otherUs=1131 prims=394 usPerPrim=5
[FT] avgMs=16 worstMs=45 gameMs=11 drawMs=5 swapWait=0ms draws=71 decodes=0 decMs=0
[OTS] f=138480 calls=2 n0=2300 n1=274 prims=61006 bb=160,1120,0,694
[OTT] walkUs=2343 texUs=124 emitUs=678 submitUs=243 otherUs=1296 prims=392 usPerPrim=5
[SH-XBOX] vblank 138600
[MEM] tick: free=4016KB (1004 pages)
[FT] avgMs=16 worstMs=53 gameMs=11 drawMs=5 swapWait=0ms draws=71 decodes=0 decMs=0
[OTS] f=138600 calls=2 n0=2299 n1=274 prims=61331 bb=160,1120,0,694
[OTT] walkUs=2412 texUs=124 emitUs=676 submitUs=425 otherUs=1186 prims=391 usPerPrim=6
[FT] avgMs=16 worstMs=47 gameMs=11 drawMs=5 swapWait=0ms draws=70 decodes=0 decMs=0
[OTS] f=138720 calls=2 n0=2298 n1=274 prims=60940 bb=160,1120,0,694
[OTT] walkUs=1892 texUs=124 emitUs=673 submitUs=199 otherUs=895 prims=390 usPerPrim=4
[FT] avgMs=16 worstMs=43 gameMs=11 drawMs=5 swapWait=0ms draws=71 decodes=0 decMs=0
[OTS] f=138840 calls=2 n0=2301 n1=274 prims=61249 bb=160,1120,0,694
[OTT] walkUs=2222 texUs=124 emitUs=681 submitUs=174 otherUs=1242 prims=393 usPerPrim=5
[FT] avgMs=16 worstMs=45 gameMs=11 drawMs=5 swapWait=0ms draws=70 decodes=0 decMs=0
[OTS] f=138960 calls=2 n0=2296 n1=274 prims=61062 bb=160,1120,0,694
[OTT] walkUs=1901 texUs=124 emitUs=665 submitUs=191 otherUs=920 prims=388 usPerPrim=4
[FT] avgMs=16 worstMs=47 gameMs=11 drawMs=5 swapWait=0ms draws=70 decodes=0 decMs=0
[OTS] f=139080 calls=2 n0=2304 n1=274 prims=61149 bb=160,1120,0,694
[OTT] walkUs=2006 texUs=126 emitUs=702 submitUs=208 otherUs=969 prims=396 usPerPrim=5
[SH-XBOX] vblank 139200
[MEM] tick: free=4016KB (1004 pages)
[FT] avgMs=16 worstMs=53 gameMs=11 drawMs=5 swapWait=0ms draws=71 decodes=0 decMs=0
[OTS] f=139200 calls=2 n0=2297 n1=274 prims=61176 bb=160,1120,0,694
[OTT] walkUs=2018 texUs=125 emitUs=671 submitUs=293 otherUs=927 prims=389 usPerPrim=5
[FT] avgMs=16 worstMs=49 gameMs=11 drawMs=5 swapWait=0ms draws=70 decodes=0 decMs=0
[OTS] f=139320 calls=2 n0=2300 n1=274 prims=61044 bb=160,1120,0,694
[OTT] walkUs=1848 texUs=125 emitUs=674 submitUs=186 otherUs=861 prims=392 usPerPrim=4
[FT] avgMs=16 worstMs=45 gameMs=11 drawMs=5 swapWait=0ms draws=70 decodes=0 decMs=0
[OTS] f=139440 calls=2 n0=2296 n1=274 prims=61225 bb=160,1120,0,694
[OTT] walkUs=2141 texUs=125 emitUs=667 submitUs=181 otherUs=1166 prims=388 usPerPrim=5
[FT] avgMs=16 worstMs=52 gameMs=11 drawMs=5 swapWait=0ms draws=71 decodes=0 decMs=0
[OTS] f=139560 calls=2 n0=2303 n1=274 prims=61113 bb=160,1120,0,694
[OTT] walkUs=2086 texUs=125 emitUs=688 submitUs=361 otherUs=911 prims=395 usPerPrim=5
[FT] avgMs=16 worstMs=48 gameMs=11 drawMs=5 swapWait=1ms draws=70 decodes=0 decMs=0
[OTS] f=139680 calls=2 n0=2300 n1=274 prims=61156 bb=160,1120,0,694
[OTT] walkUs=2161 texUs=128 emitUs=679 submitUs=480 otherUs=872 prims=392 usPerPrim=5
[SH-XBOX] vblank 139800
[MEM] tick: free=4016KB (1004 pages)
[FT] avgMs=16 worstMs=43 gameMs=11 drawMs=5 swapWait=0ms draws=70 decodes=0 decMs=0
[OTS] f=139800 calls=2 n0=2300 n1=274 prims=60981 bb=160,1120,0,694
[OTT] walkUs=2099 texUs=124 emitUs=673 submitUs=450 otherUs=850 prims=392 usPerPrim=5
[FT] avgMs=16 worstMs=45 gameMs=11 drawMs=5 swapWait=0ms draws=70 decodes=0 decMs=0
[OTS] f=139920 calls=2 n0=2298 n1=274 prims=61261 bb=160,1120,0,694
[OTT] walkUs=2084 texUs=122 emitUs=674 submitUs=257 otherUs=1028 prims=390 usPerPrim=5
[FT] avgMs=16 worstMs=52 gameMs=11 drawMs=5 swapWait=0ms draws=71 decodes=0 decMs=0
[OTS] f=140040 calls=2 n0=2300 n1=274 prims=61013 bb=160,1120,0,694
[OTT] walkUs=2220 texUs=126 emitUs=678 submitUs=427 otherUs=988 prims=392 usPerPrim=5
[FT] avgMs=16 worstMs=48 gameMs=11 drawMs=5 swapWait=0ms draws=70 decodes=0 decMs=0
[OTS] f=140160 calls=2 n0=2301 n1=274 prims=61201 bb=160,1120,0,694
[OTT] walkUs=2232 texUs=124 emitUs=681 submitUs=317 otherUs=1108 prims=393 usPerPrim=5
[FT] avgMs=16 worstMs=43 gameMs=11 drawMs=5 swapWait=0ms draws=71 decodes=0 decMs=0
[OTS] f=140280 calls=2 n0=2302 n1=274 prims=61018 bb=160,1120,0,694
[OTT] walkUs=2216 texUs=125 emitUs=686 submitUs=319 otherUs=1085 prims=394 usPerPrim=5
[SH-XBOX] vblank 140400
[MEM] tick: free=4016KB (1004 pages)
[FT] avgMs=16 worstMs=45 gameMs=11 drawMs=5 swapWait=0ms draws=71 decodes=0 decMs=0
[OTS] f=140400 calls=2 n0=2300 n1=274 prims=61346 bb=160,1120,0,694
[OTT] walkUs=2273 texUs=125 emitUs=682 submitUs=345 otherUs=1120 prims=392 usPerPrim=5
[FT] avgMs=17 worstMs=69 gameMs=11 drawMs=5 swapWait=0ms draws=70 decodes=0 decMs=0
[OTS] f=140520 calls=2 n0=2299 n1=274 prims=60893 bb=160,1120,0,694
[OTT] walkUs=2229 texUs=123 emitUs=680 submitUs=473 otherUs=952 prims=391 usPerPrim=5
[FT] avgMs=16 worstMs=48 gameMs=11 drawMs=5 swapWait=0ms draws=71 decodes=0 decMs=0
[OTS] f=140640 calls=2 n0=2302 n1=274 prims=61285 bb=160,1120,0,694
[OTT] walkUs=2510 texUs=124 emitUs=682 submitUs=556 otherUs=1146 prims=394 usPerPrim=6
[FT] avgMs=16 worstMs=44 gameMs=11 drawMs=5 swapWait=0ms draws=70 decodes=0 decMs=0
[OTS] f=140760 calls=2 n0=2298 n1=274 prims=61029 bb=160,1120,0,694
[OTT] walkUs=2155 texUs=128 emitUs=669 submitUs=198 otherUs=1158 prims=390 usPerPrim=5
[FT] avgMs=16 worstMs=45 gameMs=11 drawMs=5 swapWait=0ms draws=70 decodes=0 decMs=0
[OTS] f=140880 calls=2 n0=2303 n1=274 prims=61192 bb=160,1120,0,694
[OTT] walkUs=2339 texUs=125 emitUs=685 submitUs=318 otherUs=1209 prims=395 usPerPrim=5
[SH-XBOX] vblank 141000
[MEM] tick: free=4016KB (1004 pages)
[FT] avgMs=16 worstMs=53 gameMs=11 drawMs=5 swapWait=0ms draws=71 decodes=0 decMs=0
[OTS] f=141000 calls=2 n0=2297 n1=274 prims=61138 bb=160,1120,0,694
[OTT] walkUs=2183 texUs=123 emitUs=675 submitUs=196 otherUs=1187 prims=389 usPerPrim=5
[FT] avgMs=16 worstMs=48 gameMs=11 drawMs=5 swapWait=0ms draws=71 decodes=0 decMs=0
[OTS] f=141120 calls=2 n0=2302 n1=274 prims=61171 bb=160,1120,0,694
[OTT] walkUs=2366 texUs=130 emitUs=683 submitUs=433 otherUs=1119 prims=394 usPerPrim=6
[FT] avgMs=16 worstMs=43 gameMs=11 drawMs=5 swapWait=0ms draws=71 decodes=0 decMs=0
[OTS] f=141240 calls=2 n0=2295 n1=274 prims=61216 bb=160,1120,0,694
[OTT] walkUs=2228 texUs=122 emitUs=664 submitUs=174 otherUs=1266 prims=387 usPerPrim=5
[FT] avgMs=16 worstMs=45 gameMs=11 drawMs=5 swapWait=0ms draws=70 decodes=0 decMs=0
[OTS] f=141360 calls=2 n0=2298 n1=274 prims=61017 bb=160,1120,0,694
[OTT] walkUs=2167 texUs=124 emitUs=678 submitUs=318 otherUs=1046 prims=390 usPerPrim=5
[FT] avgMs=16 worstMs=53 gameMs=11 drawMs=5 swapWait=1ms draws=71 decodes=0 decMs=0
[OTS] f=141480 calls=2 n0=2298 n1=274 prims=61267 bb=160,1120,0,694
[OTT] walkUs=2240 texUs=123 emitUs=674 submitUs=291 otherUs=1151 prims=390 usPerPrim=5
[SH-XBOX] vblank 141600
[MEM] tick: free=4016KB (1004 pages)
[FT] avgMs=16 worstMs=49 gameMs=11 drawMs=5 swapWait=0ms draws=70 decodes=0 decMs=0
[OTS] f=141600 calls=2 n0=2301 n1=274 prims=60984 bb=160,1120,0,694
[OTT] walkUs=2380 texUs=125 emitUs=683 submitUs=281 otherUs=1289 prims=393 usPerPrim=6
[FT] avgMs=16 worstMs=44 gameMs=11 drawMs=5 swapWait=0ms draws=70 decodes=0 decMs=0
[OTS] f=141720 calls=2 n0=2299 n1=274 prims=61259 bb=160,1120,0,694
[OTT] walkUs=1877 texUs=123 emitUs=678 submitUs=229 otherUs=846 prims=391 usPerPrim=4
[FT] avgMs=16 worstMs=46 gameMs=11 drawMs=5 swapWait=0ms draws=71 decodes=0 decMs=0
[OTS] f=141840 calls=2 n0=2301 n1=274 prims=61035 bb=160,1120,0,694
[OTT] walkUs=2207 texUs=124 emitUs=680 submitUs=179 otherUs=1223 prims=393 usPerPrim=5
[FT] avgMs=16 worstMs=52 gameMs=11 drawMs=5 swapWait=0ms draws=70 decodes=0 decMs=0
[OTS] f=141960 calls=2 n0=2301 n1=274 prims=61201 bb=160,1120,0,694
[OTT] walkUs=2037 texUs=127 emitUs=680 submitUs=239 otherUs=990 prims=393 usPerPrim=5
[FT] avgMs=16 worstMs=48 gameMs=11 drawMs=5 swapWait=0ms draws=71 decodes=0 decMs=0
[OTS] f=142080 calls=2 n0=2301 n1=274 prims=60990 bb=160,1120,0,694
[OTT] walkUs=2264 texUs=124 emitUs=681 submitUs=182 otherUs=1276 prims=393 usPerPrim=5
[SH-XBOX] vblank 142200
[MEM] tick: free=4016KB (1004 pages)
[FT] avgMs=16 worstMs=43 gameMs=11 drawMs=5 swapWait=0ms draws=71 decodes=0 decMs=0
[OTS] f=142200 calls=2 n0=2302 n1=274 prims=61374 bb=160,1120,0,694
[OTT] walkUs=2074 texUs=125 emitUs=686 submitUs=296 otherUs=967 prims=394 usPerPrim=5
[FT] avgMs=16 worstMs=45 gameMs=11 drawMs=5 swapWait=1ms draws=70 decodes=0 decMs=0
[OTS] f=142320 calls=2 n0=2300 n1=274 prims=60878 bb=160,1120,0,694
[OTT] walkUs=2007 texUs=124 emitUs=680 submitUs=197 otherUs=1005 prims=392 usPerPrim=5
[FT] avgMs=16 worstMs=53 gameMs=11 drawMs=5 swapWait=0ms draws=70 decodes=0 decMs=0
[OTS] f=142440 calls=2 n0=2298 n1=274 prims=61219 bb=160,1120,0,694
[OTT] walkUs=2037 texUs=124 emitUs=675 submitUs=183 otherUs=1053 prims=390 usPerPrim=5
[FT] avgMs=16 worstMs=48 gameMs=11 drawMs=5 swapWait=0ms draws=70 decodes=0 decMs=0
[OTS] f=142560 calls=2 n0=2297 n1=274 prims=61024 bb=160,1120,0,694
[OTT] walkUs=2152 texUs=122 emitUs=671 submitUs=306 otherUs=1051 prims=389 usPerPrim=5
[FT] avgMs=16 worstMs=44 gameMs=11 drawMs=5 swapWait=0ms draws=71 decodes=0 decMs=0
[OTS] f=142680 calls=2 n0=2301 n1=274 prims=61277 bb=160,1120,0,694
[OTT] walkUs=2186 texUs=124 emitUs=689 submitUs=192 otherUs=1179 prims=393 usPerPrim=5
[SH-XBOX] vblank 142800
[MEM] tick: free=4016KB (1004 pages)
[FT] avgMs=16 worstMs=45 gameMs=11 drawMs=5 swapWait=0ms draws=70 decodes=0 decMs=0
[OTS] f=142800 calls=2 n0=2298 n1=274 prims=60972 bb=160,1120,0,694
[OTT] walkUs=2157 texUs=123 emitUs=674 submitUs=381 otherUs=979 prims=390 usPerPrim=5
[FT] avgMs=16 worstMs=53 gameMs=11 drawMs=5 swapWait=0ms draws=71 decodes=0 decMs=0
[OTS] f=142920 calls=2 n0=2304 n1=274 prims=61209 bb=160,1120,0,694
[OTT] walkUs=2161 texUs=126 emitUs=695 submitUs=349 otherUs=990 prims=396 usPerPrim=5
[FT] avgMs=16 worstMs=48 gameMs=11 drawMs=5 swapWait=0ms draws=70 decodes=0 decMs=0
[OTS] f=143040 calls=2 n0=2294 n1=274 prims=61184 bb=160,1120,0,694
[OTT] walkUs=2356 texUs=123 emitUs=663 submitUs=251 otherUs=1317 prims=386 usPerPrim=6
[FT] avgMs=16 worstMs=44 gameMs=11 drawMs=5 swapWait=1ms draws=70 decodes=0 decMs=0
[OTS] f=143160 calls=2 n0=2302 n1=274 prims=61056 bb=160,1120,0,694
[OTT] walkUs=2133 texUs=125 emitUs=684 submitUs=216 otherUs=1106 prims=394 usPerPrim=5
[FT] avgMs=16 worstMs=45 gameMs=11 drawMs=5 swapWait=0ms draws=71 decodes=0 decMs=0
[OTS] f=143280 calls=2 n0=2297 n1=274 prims=61229 bb=160,1120,0,694
[OTT] walkUs=2362 texUs=123 emitUs=676 submitUs=327 otherUs=1235 prims=389 usPerPrim=6
[SH-XBOX] vblank 143400
[MEM] tick: free=4016KB (1004 pages)
[FT] avgMs=16 worstMs=53 gameMs=11 drawMs=5 swapWait=0ms draws=70 decodes=0 decMs=0
[OTS] f=143400 calls=2 n0=2301 n1=274 prims=61001 bb=160,1120,0,694
[OTT] walkUs=2156 texUs=126 emitUs=680 submitUs=278 otherUs=1071 prims=393 usPerPrim=5
[FT] avgMs=16 worstMs=48 gameMs=11 drawMs=5 swapWait=0ms draws=70 decodes=0 decMs=0
[OTS] f=143520 calls=2 n0=2299 n1=274 prims=61267 bb=160,1120,0,694
[OTT] walkUs=2427 texUs=125 emitUs=677 submitUs=475 otherUs=1148 prims=391 usPerPrim=6
[FT] avgMs=16 worstMs=44 gameMs=11 drawMs=5 swapWait=1ms draws=71 decodes=0 decMs=0
[OTS] f=143640 calls=2 n0=2302 n1=274 prims=61041 bb=160,1120,0,694
[OTT] walkUs=2346 texUs=125 emitUs=683 submitUs=245 otherUs=1291 prims=394 usPerPrim=5
[FT] avgMs=16 worstMs=45 gameMs=11 drawMs=5 swapWait=0ms draws=71 decodes=0 decMs=0
[OTS] f=143760 calls=2 n0=2299 n1=274 prims=61318 bb=160,1120,0,694
[OTT] walkUs=2246 texUs=123 emitUs=682 submitUs=234 otherUs=1206 prims=391 usPerPrim=5
[FT] avgMs=16 worstMs=52 gameMs=11 drawMs=5 swapWait=0ms draws=70 decodes=0 decMs=0
[OTS] f=143880 calls=2 n0=2298 n1=274 prims=60979 bb=160,1120,0,694
[OTT] walkUs=2346 texUs=124 emitUs=674 submitUs=185 otherUs=1362 prims=390 usPerPrim=6
[SH-XBOX] vblank 144000
[MEM] tick: free=4016KB (1004 pages)
[FT] avgMs=16 worstMs=48 gameMs=11 drawMs=5 swapWait=0ms draws=70 decodes=0 decMs=0
[OTS] f=144000 calls=2 n0=2301 n1=274 prims=61253 bb=160,1120,0,694
[OTT] walkUs=2436 texUs=124 emitUs=687 submitUs=430 otherUs=1194 prims=393 usPerPrim=6
[FT] avgMs=16 worstMs=44 gameMs=11 drawMs=5 swapWait=0ms draws=71 decodes=0 decMs=0
[OTS] f=144120 calls=2 n0=2302 n1=274 prims=61018 bb=160,1120,0,694
[OTT] walkUs=2140 texUs=125 emitUs=689 submitUs=180 otherUs=1144 prims=394 usPerPrim=5
[FT] avgMs=16 worstMs=46 gameMs=11 drawMs=5 swapWait=0ms draws=70 decodes=0 decMs=0
[OTS] f=144240 calls=2 n0=2298 n1=274 prims=61214 bb=160,1120,0,694
[OTT] walkUs=1935 texUs=128 emitUs=668 submitUs=173 otherUs=964 prims=390 usPerPrim=4
[FT] avgMs=16 worstMs=52 gameMs=11 drawMs=5 swapWait=0ms draws=70 decodes=0 decMs=0
[OTS] f=144360 calls=2 n0=2298 n1=274 prims=61002 bb=160,1120,0,694
[OTT] walkUs=2220 texUs=123 emitUs=675 submitUs=188 otherUs=1232 prims=390 usPerPrim=5
[FT] avgMs=16 worstMs=48 gameMs=11 drawMs=5 swapWait=0ms draws=71 decodes=0 decMs=0
[OTS] f=144480 calls=2 n0=2302 n1=274 prims=61308 bb=160,1120,0,694
[OTT] walkUs=1982 texUs=124 emitUs=683 submitUs=233 otherUs=941 prims=394 usPerPrim=5
[SH-XBOX] vblank 144600
[MEM] tick: free=4016KB (1004 pages)
[FT] avgMs=16 worstMs=44 gameMs=11 drawMs=5 swapWait=0ms draws=70 decodes=0 decMs=0
[OTS] f=144600 calls=2 n0=2300 n1=274 prims=60955 bb=160,1120,0,694
[OTT] walkUs=2084 texUs=124 emitUs=681 submitUs=342 otherUs=935 prims=392 usPerPrim=5
[FT] avgMs=16 worstMs=45 gameMs=11 drawMs=5 swapWait=0ms draws=71 decodes=0 decMs=0
[OTS] f=144720 calls=2 n0=2303 n1=274 prims=61236 bb=160,1120,0,694
[OTT] walkUs=1923 texUs=126 emitUs=685 submitUs=293 otherUs=818 prims=395 usPerPrim=4
[FT] avgMs=16 worstMs=52 gameMs=11 drawMs=5 swapWait=0ms draws=70 decodes=0 decMs=0
[OTS] f=144840 calls=2 n0=2294 n1=274 prims=61134 bb=160,1120,0,694
[OTT] walkUs=2055 texUs=123 emitUs=657 submitUs=177 otherUs=1096 prims=386 usPerPrim=5
[FT] avgMs=16 worstMs=48 gameMs=11 drawMs=5 swapWait=0ms draws=70 decodes=0 decMs=0
[OTS] f=144960 calls=2 n0=2302 n1=274 prims=61077 bb=160,1120,0,694
[OTT] walkUs=1962 texUs=125 emitUs=684 submitUs=204 otherUs=948 prims=394 usPerPrim=4
[FT] avgMs=16 worstMs=44 gameMs=11 drawMs=5 swapWait=0ms draws=70 decodes=0 decMs=0
[OTS] f=145080 calls=2 n0=2294 n1=274 prims=61088 bb=160,1120,0,694
[OTT] walkUs=2044 texUs=123 emitUs=667 submitUs=351 otherUs=902 prims=386 usPerPrim=5
[SH-XBOX] vblank 145200
[MEM] tick: free=4016KB (1004 pages)
[FT] avgMs=16 worstMs=45 gameMs=11 drawMs=5 swapWait=0ms draws=70 decodes=0 decMs=0
[OTS] f=145200 calls=2 n0=2298 n1=274 prims=61115 bb=160,1120,0,694
[OTT] walkUs=2108 texUs=123 emitUs=674 submitUs=304 otherUs=1006 prims=390 usPerPrim=5
[FT] avgMs=16 worstMs=52 gameMs=11 drawMs=5 swapWait=1ms draws=71 decodes=0 decMs=0
[OTS] f=145320 calls=2 n0=2298 n1=274 prims=61297 bb=160,1120,0,694
[OTT] walkUs=2004 texUs=126 emitUs=673 submitUs=195 otherUs=1009 prims=390 usPerPrim=5
[FT] avgMs=16 worstMs=48 gameMs=11 drawMs=5 swapWait=0ms draws=70 decodes=0 decMs=0
[OTS] f=145440 calls=2 n0=2303 n1=274 prims=60925 bb=160,1120,0,694
[OTT] walkUs=2256 texUs=125 emitUs=692 submitUs=396 otherUs=1042 prims=395 usPerPrim=5
[FT] avgMs=16 worstMs=44 gameMs=11 drawMs=5 swapWait=1ms draws=71 decodes=0 decMs=0
[OTS] f=145560 calls=2 n0=2300 n1=274 prims=61295 bb=160,1120,0,694
[OTT] walkUs=2061 texUs=123 emitUs=683 submitUs=311 otherUs=942 prims=392 usPerPrim=5
[FT] avgMs=16 worstMs=45 gameMs=11 drawMs=5 swapWait=0ms draws=70 decodes=0 decMs=0
[OTS] f=145680 calls=2 n0=2299 n1=274 prims=60989 bb=160,1120,0,694
[OTT] walkUs=2200 texUs=124 emitUs=672 submitUs=269 otherUs=1134 prims=391 usPerPrim=5
[SH-XBOX] vblank 145800
[MEM] tick: free=4016KB (1004 pages)
[FT] avgMs=16 worstMs=53 gameMs=11 drawMs=5 swapWait=0ms draws=70 decodes=0 decMs=0
[OTS] f=145800 calls=2 n0=2301 n1=274 prims=61269 bb=160,1120,0,694
[OTT] walkUs=2239 texUs=124 emitUs=681 submitUs=332 otherUs=1100 prims=393 usPerPrim=5
[FT] avgMs=16 worstMs=48 gameMs=11 drawMs=5 swapWait=0ms draws=71 decodes=0 decMs=0
[OTS] f=145920 calls=2 n0=2301 n1=274 prims=60990 bb=160,1120,0,694
[OTT] walkUs=2226 texUs=124 emitUs=686 submitUs=200 otherUs=1214 prims=393 usPerPrim=5
[FT] avgMs=16 worstMs=44 gameMs=11 drawMs=5 swapWait=0ms draws=70 decodes=0 decMs=0
[OTS] f=146040 calls=2 n0=2300 n1=274 prims=61227 bb=160,1120,0,694
[OTT] walkUs=2236 texUs=125 emitUs=677 submitUs=255 otherUs=1178 prims=392 usPerPrim=5
[FT] avgMs=16 worstMs=45 gameMs=11 drawMs=5 swapWait=0ms draws=70 decodes=0 decMs=0
[OTS] f=146160 calls=2 n0=2299 n1=274 prims=61006 bb=160,1120,0,694
[OTT] walkUs=2212 texUs=124 emitUs=675 submitUs=242 otherUs=1170 prims=391 usPerPrim=5
[FT] avgMs=16 worstMs=53 gameMs=11 drawMs=5 swapWait=0ms draws=71 decodes=0 decMs=0
[OTS] f=146280 calls=2 n0=2300 n1=274 prims=61325 bb=160,1120,0,694
[OTT] walkUs=2323 texUs=124 emitUs=682 submitUs=193 otherUs=1322 prims=392 usPerPrim=5
[SH-XBOX] vblank 146400
[MEM] tick: free=4016KB (1004 pages)
[FT] avgMs=16 worstMs=49 gameMs=11 drawMs=5 swapWait=0ms draws=71 decodes=0 decMs=0
[OTS] f=146400 calls=2 n0=2298 n1=274 prims=61064 bb=160,1120,0,694
[OTT] walkUs=2241 texUs=123 emitUs=674 submitUs=255 otherUs=1188 prims=390 usPerPrim=5
[FT] avgMs=16 worstMs=44 gameMs=11 drawMs=5 swapWait=0ms draws=70 decodes=0 decMs=0
[OTS] f=146520 calls=2 n0=2299 n1=274 prims=61195 bb=160,1120,0,694
[OTT] walkUs=2334 texUs=124 emitUs=676 submitUs=233 otherUs=1299 prims=391 usPerPrim=5
[FT] avgMs=16 worstMs=46 gameMs=11 drawMs=5 swapWait=0ms draws=70 decodes=0 decMs=0
[OTS] f=146640 calls=2 n0=2297 n1=274 prims=61048 bb=160,1120,0,694
[OTT] walkUs=1837 texUs=124 emitUs=676 submitUs=187 otherUs=849 prims=389 usPerPrim=4
[FT] avgMs=16 worstMs=52 gameMs=11 drawMs=5 swapWait=0ms draws=71 decodes=0 decMs=0
[OTS] f=146760 calls=2 n0=2304 n1=274 prims=61217 bb=160,1120,0,694
[OTT] walkUs=2169 texUs=125 emitUs=690 submitUs=387 otherUs=965 prims=396 usPerPrim=5
[FT] avgMs=16 worstMs=48 gameMs=11 drawMs=5 swapWait=0ms draws=70 decodes=0 decMs=0
[OTS] f=146880 calls=2 n0=2297 n1=274 prims=61048 bb=160,1120,0,694
[OTT] walkUs=2230 texUs=123 emitUs=678 submitUs=223 otherUs=1205 prims=389 usPerPrim=5
[SH-XBOX] vblank 147000
[MEM] tick: free=4016KB (1004 pages)
[FT] avgMs=16 worstMs=44 gameMs=11 drawMs=5 swapWait=0ms draws=71 decodes=0 decMs=0
[OTS] f=147000 calls=2 n0=2302 n1=274 prims=61162 bb=160,1120,0,694
[OTT] walkUs=2019 texUs=125 emitUs=682 submitUs=253 otherUs=958 prims=394 usPerPrim=5
[FT] avgMs=16 worstMs=46 gameMs=11 drawMs=5 swapWait=1ms draws=71 decodes=0 decMs=0
[OTS] f=147120 calls=2 n0=2297 n1=274 prims=61259 bb=160,1120,0,694
[OTT] walkUs=1997 texUs=122 emitUs=672 submitUs=200 otherUs=1001 prims=389 usPerPrim=5
[FT] avgMs=16 worstMs=53 gameMs=11 drawMs=5 swapWait=0ms draws=70 decodes=0 decMs=0
[OTS] f=147240 calls=2 n0=2303 n1=274 prims=60959 bb=160,1120,0,694
[OTT] walkUs=2207 texUs=124 emitUs=685 submitUs=365 otherUs=1032 prims=395 usPerPrim=5
[FT] avgMs=16 worstMs=48 gameMs=11 drawMs=5 swapWait=0ms draws=71 decodes=0 decMs=0
[OTS] f=147360 calls=2 n0=2300 n1=274 prims=61283 bb=160,1120,0,694
[OTT] walkUs=2046 texUs=124 emitUs=681 submitUs=246 otherUs=994 prims=392 usPerPrim=5
[FT] avgMs=16 worstMs=44 gameMs=11 drawMs=5 swapWait=0ms draws=70 decodes=0 decMs=0
[OTS] f=147480 calls=2 n0=2299 n1=274 prims=60983 bb=160,1120,0,694
[OTT] walkUs=1891 texUs=125 emitUs=669 submitUs=185 otherUs=911 prims=391 usPerPrim=4
[SH-XBOX] vblank 147600
[MEM] tick: free=4016KB (1004 pages)
[FT] avgMs=16 worstMs=45 gameMs=11 drawMs=5 swapWait=0ms draws=70 decodes=0 decMs=0
[OTS] f=147600 calls=2 n0=2299 n1=274 prims=61271 bb=160,1120,0,694
[OTT] walkUs=2203 texUs=123 emitUs=679 submitUs=199 otherUs=1201 prims=391 usPerPrim=5
[FT] avgMs=16 worstMs=53 gameMs=11 drawMs=5 swapWait=1ms draws=70 decodes=0 decMs=0
[OTS] f=147720 calls=2 n0=2300 n1=274 prims=60875 bb=160,1120,0,694
[OTT] walkUs=2055 texUs=123 emitUs=677 submitUs=241 otherUs=1012 prims=392 usPerPrim=5
[FT] avgMs=16 worstMs=48 gameMs=11 drawMs=5 swapWait=0ms draws=71 decodes=0 decMs=0
[OTS] f=147840 calls=2 n0=2301 n1=274 prims=61330 bb=160,1120,0,694
[OTT] walkUs=2017 texUs=124 emitUs=684 submitUs=195 otherUs=1012 prims=393 usPerPrim=5
[FT] avgMs=16 worstMs=44 gameMs=11 drawMs=5 swapWait=0ms draws=71 decodes=0 decMs=0
[OTS] f=147960 calls=2 n0=2301 n1=274 prims=61032 bb=160,1120,0,694
[OTT] walkUs=1954 texUs=124 emitUs=678 submitUs=205 otherUs=945 prims=393 usPerPrim=4
[FT] avgMs=16 worstMs=45 gameMs=11 drawMs=5 swapWait=0ms draws=70 decodes=0 decMs=0
[OTS] f=148080 calls=2 n0=2300 n1=274 prims=61204 bb=160,1120,0,694
[OTT] walkUs=2166 texUs=124 emitUs=681 submitUs=287 otherUs=1073 prims=392 usPerPrim=5
[SH-XBOX] vblank 148200
[MEM] tick: free=4016KB (1004 pages)
[FT] avgMs=16 worstMs=53 gameMs=11 drawMs=5 swapWait=0ms draws=71 decodes=0 decMs=0
[OTS] f=148200 calls=2 n0=2299 n1=274 prims=61022 bb=160,1120,0,694
[OTT] walkUs=2026 texUs=123 emitUs=676 submitUs=250 otherUs=975 prims=391 usPerPrim=5
[FT] avgMs=17 worstMs=71 gameMs=11 drawMs=5 swapWait=0ms draws=70 decodes=0 decMs=0
[OTS] f=148320 calls=2 n0=2300 n1=274 prims=61214 bb=160,1120,0,694
[OTT] walkUs=2090 texUs=128 emitUs=674 submitUs=283 otherUs=1003 prims=392 usPerPrim=5
[FT] avgMs=16 worstMs=50 gameMs=11 drawMs=5 swapWait=0ms draws=70 decodes=0 decMs=0
[OTS] f=148440 calls=2 n0=2299 n1=274 prims=61051 bb=160,1120,0,694
[OTT] walkUs=2208 texUs=124 emitUs=680 submitUs=277 otherUs=1126 prims=391 usPerPrim=5
[FT] avgMs=16 worstMs=45 gameMs=11 drawMs=5 swapWait=0ms draws=71 decodes=0 decMs=0
[OTS] f=148560 calls=2 n0=2303 n1=274 prims=61241 bb=160,1120,0,694
[OTT] walkUs=2215 texUs=126 emitUs=686 submitUs=250 otherUs=1152 prims=395 usPerPrim=5
[FT] avgMs=16 worstMs=53 gameMs=11 drawMs=5 swapWait=0ms draws=70 decodes=0 decMs=0
[OTS] f=148680 calls=2 n0=2297 n1=274 prims=61009 bb=160,1120,0,694
[OTT] walkUs=2199 texUs=122 emitUs=672 submitUs=275 otherUs=1129 prims=389 usPerPrim=5
[SH-XBOX] vblank 148800
[MEM] tick: free=4016KB (1004 pages)
[FT] avgMs=16 worstMs=48 gameMs=11 drawMs=5 swapWait=0ms draws=71 decodes=0 decMs=0
[OTS] f=148800 calls=2 n0=2302 n1=274 prims=61171 bb=160,1120,0,694
[OTT] walkUs=2531 texUs=124 emitUs=687 submitUs=309 otherUs=1409 prims=394 usPerPrim=6
[FT] avgMs=16 worstMs=44 gameMs=11 drawMs=5 swapWait=0ms draws=71 decodes=0 decMs=0
[OTS] f=148920 calls=2 n0=2296 n1=274 prims=61236 bb=160,1120,0,694
[OTT] walkUs=2214 texUs=126 emitUs=671 submitUs=298 otherUs=1118 prims=388 usPerPrim=5
[FT] avgMs=16 worstMs=45 gameMs=11 drawMs=5 swapWait=0ms draws=71 decodes=0 decMs=0
[OTS] f=149040 calls=2 n0=2298 n1=274 prims=61125 bb=160,1120,0,694
[OTT] walkUs=2361 texUs=123 emitUs=680 submitUs=315 otherUs=1241 prims=390 usPerPrim=6
[FT] avgMs=16 worstMs=53 gameMs=11 drawMs=5 swapWait=0ms draws=70 decodes=0 decMs=0
[OTS] f=149160 calls=2 n0=2296 n1=274 prims=61181 bb=160,1120,0,694
[OTT] walkUs=2353 texUs=127 emitUs=670 submitUs=457 otherUs=1098 prims=388 usPerPrim=6
[FT] avgMs=16 worstMs=49 gameMs=11 drawMs=5 swapWait=0ms draws=70 decodes=0 decMs=0
[OTS] f=149280 calls=2 n0=2302 n1=274 prims=61017 bb=160,1120,0,694
[OTT] walkUs=2348 texUs=126 emitUs=683 submitUs=431 otherUs=1107 prims=394 usPerPrim=5
[SH-XBOX] vblank 149400
[MEM] tick: free=4016KB (1004 pages)
[FT] avgMs=16 worstMs=44 gameMs=11 drawMs=5 swapWait=1ms draws=71 decodes=0 decMs=0
[OTS] f=149400 calls=2 n0=2300 n1=274 prims=61319 bb=160,1120,0,694
[OTT] walkUs=2013 texUs=128 emitUs=678 submitUs=174 otherUs=1032 prims=392 usPerPrim=5
[FT] avgMs=16 worstMs=46 gameMs=11 drawMs=5 swapWait=0ms draws=70 decodes=0 decMs=0
[OTS] f=149520 calls=2 n0=2301 n1=274 prims=60898 bb=160,1120,0,694
[OTT] walkUs=1974 texUs=124 emitUs=682 submitUs=267 otherUs=900 prims=393 usPerPrim=5
[FT] avgMs=16 worstMs=53 gameMs=11 drawMs=5 swapWait=1ms draws=71 decodes=0 decMs=0
[OTS] f=149640 calls=2 n0=2301 n1=274 prims=61329 bb=160,1120,0,694
[OTT] walkUs=2324 texUs=124 emitUs=680 submitUs=270 otherUs=1248 prims=393 usPerPrim=5
[FT] avgMs=16 worstMs=49 gameMs=11 drawMs=5 swapWait=0ms draws=70 decodes=0 decMs=0
[OTS] f=149760 calls=2 n0=2298 n1=274 prims=61002 bb=160,1120,0,694
[OTT] walkUs=2214 texUs=124 emitUs=667 submitUs=317 otherUs=1105 prims=390 usPerPrim=5
[FT] avgMs=16 worstMs=45 gameMs=11 drawMs=5 swapWait=0ms draws=70 decodes=0 decMs=0
[OTS] f=149880 calls=2 n0=2302 n1=274 prims=61235 bb=160,1120,0,694
[OTT] walkUs=2122 texUs=125 emitUs=683 submitUs=187 otherUs=1127 prims=394 usPerPrim=5
[SH-XBOX] vblank 150000
[MEM] tick: free=4016KB (1004 pages)
[FT] avgMs=16 worstMs=46 gameMs=11 drawMs=5 swapWait=0ms draws=71 decodes=0 decMs=0
[OTS] f=150000 calls=2 n0=2300 n1=274 prims=61006 bb=160,1120,0,694
[OTT] walkUs=2202 texUs=124 emitUs=681 submitUs=176 otherUs=1219 prims=392 usPerPrim=5
[FT] avgMs=16 worstMs=52 gameMs=11 drawMs=5 swapWait=0ms draws=70 decodes=0 decMs=0
[OTS] f=150120 calls=2 n0=2298 n1=274 prims=61220 bb=160,1120,0,694
[OTT] walkUs=2102 texUs=123 emitUs=677 submitUs=185 otherUs=1115 prims=390 usPerPrim=5
[FT] avgMs=16 worstMs=49 gameMs=11 drawMs=5 swapWait=0ms draws=70 decodes=0 decMs=0
[OTS] f=150240 calls=2 n0=2298 n1=274 prims=61052 bb=160,1120,0,694
[OTT] walkUs=2034 texUs=123 emitUs=676 submitUs=293 otherUs=940 prims=390 usPerPrim=5
[FT] avgMs=16 worstMs=44 gameMs=11 drawMs=5 swapWait=0ms draws=70 decodes=0 decMs=0
[OTS] f=150360 calls=2 n0=2301 n1=274 prims=61121 bb=160,1120,0,694
[OTT] walkUs=2253 texUs=124 emitUs=684 submitUs=317 otherUs=1126 prims=393 usPerPrim=5
[FT] avgMs=16 worstMs=45 gameMs=11 drawMs=5 swapWait=0ms draws=71 decodes=0 decMs=0
[OTS] f=150480 calls=2 n0=2298 n1=274 prims=61100 bb=160,1120,0,694
[OTT] walkUs=2052 texUs=123 emitUs=673 submitUs=308 otherUs=945 prims=390 usPerPrim=5
[SH-XBOX] vblank 150600
[MEM] tick: free=4016KB (1004 pages)
[FT] avgMs=16 worstMs=53 gameMs=11 drawMs=5 swapWait=0ms draws=70 decodes=0 decMs=0
[OTS] f=150600 calls=2 n0=2302 n1=274 prims=61187 bb=160,1120,0,694
[OTT] walkUs=2318 texUs=129 emitUs=678 submitUs=244 otherUs=1266 prims=394 usPerPrim=5
[FT] avgMs=16 worstMs=48 gameMs=11 drawMs=5 swapWait=0ms draws=70 decodes=0 decMs=0
[OTS] f=150720 calls=2 n0=2297 n1=274 prims=61100 bb=160,1120,0,694
[OTT] walkUs=2161 texUs=122 emitUs=675 submitUs=236 otherUs=1126 prims=389 usPerPrim=5
[FT] avgMs=16 worstMs=44 gameMs=11 drawMs=5 swapWait=0ms draws=71 decodes=0 decMs=0
[OTS] f=150840 calls=2 n0=2302 n1=274 prims=61162 bb=160,1120,0,694
[OTT] walkUs=2232 texUs=125 emitUs=689 submitUs=366 otherUs=1049 prims=394 usPerPrim=5
[FT] avgMs=16 worstMs=45 gameMs=11 drawMs=5 swapWait=0ms draws=70 decodes=0 decMs=0
[OTS] f=150960 calls=2 n0=2295 n1=274 prims=61127 bb=160,1120,0,694
[OTT] walkUs=2068 texUs=123 emitUs=670 submitUs=280 otherUs=994 prims=387 usPerPrim=5
[FT] avgMs=16 worstMs=53 gameMs=11 drawMs=5 swapWait=0ms draws=70 decodes=0 decMs=0
[OTS] f=151080 calls=2 n0=2302 n1=274 prims=61071 bb=160,1120,0,694
[OTT] walkUs=2188 texUs=125 emitUs=692 submitUs=198 otherUs=1171 prims=394 usPerPrim=5
[SH-XBOX] vblank 151200
[MEM] tick: free=4016KB (1004 pages)
[FT] avgMs=16 worstMs=48 gameMs=11 drawMs=5 swapWait=0ms draws=71 decodes=0 decMs=0
[OTS] f=151200 calls=2 n0=2300 n1=274 prims=61303 bb=160,1120,0,694
[OTT] walkUs=2424 texUs=124 emitUs=682 submitUs=344 otherUs=1274 prims=392 usPerPrim=6
[FT] avgMs=16 worstMs=44 gameMs=11 drawMs=5 swapWait=0ms draws=70 decodes=0 decMs=0
[OTS] f=151320 calls=2 n0=2302 n1=274 prims=60907 bb=160,1120,0,694
[OTT] walkUs=2148 texUs=125 emitUs=688 submitUs=230 otherUs=1104 prims=394 usPerPrim=5
[FT] avgMs=16 worstMs=45 gameMs=11 drawMs=5 swapWait=0ms draws=71 decodes=0 decMs=0
[OTS] f=151440 calls=2 n0=2299 n1=274 prims=61317 bb=160,1120,0,694
[OTT] walkUs=2292 texUs=124 emitUs=682 submitUs=193 otherUs=1292 prims=391 usPerPrim=5
[FT] avgMs=16 worstMs=53 gameMs=11 drawMs=5 swapWait=0ms draws=71 decodes=0 decMs=0
[OTS] f=151560 calls=2 n0=2299 n1=274 prims=61023 bb=160,1120,0,694
[OTT] walkUs=2297 texUs=128 emitUs=677 submitUs=194 otherUs=1297 prims=391 usPerPrim=5
[FT] avgMs=16 worstMs=49 gameMs=11 drawMs=5 swapWait=0ms draws=71 decodes=0 decMs=0
[OTS] f=151680 calls=2 n0=2301 n1=274 prims=61337 bb=160,1120,0,694
[OTT] walkUs=2231 texUs=125 emitUs=682 submitUs=196 otherUs=1227 prims=393 usPerPrim=5
[SH-XBOX] vblank 151800
[MEM] tick: free=4016KB (1004 pages)
[FT] avgMs=16 worstMs=44 gameMs=11 drawMs=5 swapWait=0ms draws=70 decodes=0 decMs=0
[OTS] f=151800 calls=2 n0=2300 n1=274 prims=60902 bb=160,1120,0,694
[OTT] walkUs=2153 texUs=125 emitUs=673 submitUs=197 otherUs=1157 prims=392 usPerPrim=5
[FT] avgMs=16 worstMs=45 gameMs=11 drawMs=5 swapWait=1ms draws=70 decodes=0 decMs=0
[OTS] f=151920 calls=2 n0=2300 n1=274 prims=61307 bb=160,1120,0,694
[OTT] walkUs=2155 texUs=124 emitUs=677 submitUs=453 otherUs=900 prims=392 usPerPrim=5
[FT] avgMs=16 worstMs=53 gameMs=11 drawMs=5 swapWait=0ms draws=71 decodes=0 decMs=0
[OTS] f=152040 calls=2 n0=2299 n1=274 prims=61052 bb=160,1120,0,694
[OTT] walkUs=2388 texUs=124 emitUs=682 submitUs=236 otherUs=1345 prims=391 usPerPrim=6
[FT] avgMs=16 worstMs=49 gameMs=11 drawMs=5 swapWait=0ms draws=70 decodes=0 decMs=0
[OTS] f=152160 calls=2 n0=2302 n1=274 prims=61156 bb=160,1120,0,694
[OTT] walkUs=2385 texUs=126 emitUs=686 submitUs=207 otherUs=1365 prims=394 usPerPrim=6
[FT] avgMs=16 worstMs=44 gameMs=11 drawMs=5 swapWait=0ms draws=71 decodes=0 decMs=0
[OTS] f=152280 calls=2 n0=2300 n1=274 prims=61083 bb=160,1120,0,694
[OTT] walkUs=2098 texUs=124 emitUs=677 submitUs=210 otherUs=1086 prims=392 usPerPrim=5
[SH-XBOX] vblank 152400
[MEM] tick: free=4016KB (1004 pages)
[FT] avgMs=16 worstMs=46 gameMs=11 drawMs=5 swapWait=0ms draws=70 decodes=0 decMs=0
[OTS] f=152400 calls=2 n0=2300 n1=274 prims=61201 bb=160,1120,0,694
[OTT] walkUs=2221 texUs=124 emitUs=671 submitUs=173 otherUs=1251 prims=392 usPerPrim=5
[FT] avgMs=16 worstMs=53 gameMs=11 drawMs=5 swapWait=0ms draws=70 decodes=0 decMs=0
[OTS] f=152520 calls=2 n0=2297 n1=274 prims=61075 bb=160,1120,0,694
[OTT] walkUs=2265 texUs=122 emitUs=674 submitUs=371 otherUs=1096 prims=389 usPerPrim=5
[FT] avgMs=16 worstMs=48 gameMs=11 drawMs=5 swapWait=0ms draws=71 decodes=0 decMs=0
[OTS] f=152640 calls=2 n0=2302 n1=274 prims=61172 bb=160,1120,0,694
[OTT] walkUs=2011 texUs=125 emitUs=685 submitUs=442 otherUs=758 prims=394 usPerPrim=5
[FT] avgMs=16 worstMs=44 gameMs=11 drawMs=5 swapWait=0ms draws=70 decodes=0 decMs=0
[OTS] f=152760 calls=2 n0=2294 n1=274 prims=61087 bb=160,1120,0,694
[OTT] walkUs=2293 texUs=122 emitUs=660 submitUs=496 otherUs=1014 prims=386 usPerPrim=5
[FT] avgMs=16 worstMs=45 gameMs=11 drawMs=5 swapWait=0ms draws=70 decodes=0 decMs=0
[OTS] f=152880 calls=2 n0=2297 n1=274 prims=61129 bb=160,1120,0,694
[OTT] walkUs=2176 texUs=122 emitUs=672 submitUs=187 otherUs=1194 prims=389 usPerPrim=5
[SH-XBOX] vblank 153000
[MEM] tick: free=4016KB (1004 pages)
[FT] avgMs=16 worstMs=53 gameMs=11 drawMs=5 swapWait=0ms draws=70 decodes=0 decMs=0
[OTS] f=153000 calls=2 n0=2298 n1=274 prims=61155 bb=160,1120,0,694
[OTT] walkUs=2229 texUs=123 emitUs=678 submitUs=276 otherUs=1150 prims=390 usPerPrim=5
[FT] avgMs=16 worstMs=48 gameMs=11 drawMs=5 swapWait=0ms draws=71 decodes=0 decMs=0
[OTS] f=153120 calls=2 n0=2303 n1=274 prims=61053 bb=160,1120,0,694
[OTT] walkUs=2190 texUs=125 emitUs=698 submitUs=392 otherUs=973 prims=395 usPerPrim=5
[FT] avgMs=16 worstMs=44 gameMs=11 drawMs=5 swapWait=1ms draws=70 decodes=0 decMs=0
[OTS] f=153240 calls=2 n0=2298 n1=274 prims=61241 bb=160,1120,0,694
[OTT] walkUs=1971 texUs=124 emitUs=676 submitUs=305 otherUs=864 prims=390 usPerPrim=5
[FT] avgMs=16 worstMs=45 gameMs=11 drawMs=5 swapWait=0ms draws=70 decodes=0 decMs=0
[OTS] f=153360 calls=2 n0=2300 n1=274 prims=60978 bb=160,1120,0,694
[OTT] walkUs=2036 texUs=124 emitUs=681 submitUs=194 otherUs=1035 prims=392 usPerPrim=5
[FT] avgMs=16 worstMs=53 gameMs=11 drawMs=5 swapWait=0ms draws=71 decodes=0 decMs=0
[OTS] f=153480 calls=2 n0=2301 n1=274 prims=61333 bb=160,1120,0,694
[OTT] walkUs=2095 texUs=124 emitUs=684 submitUs=204 otherUs=1081 prims=393 usPerPrim=5
[SH-XBOX] vblank 153600
[MEM] tick: free=4016KB (1004 pages)
[FT] avgMs=16 worstMs=49 gameMs=11 drawMs=5 swapWait=0ms draws=70 decodes=0 decMs=0
[OTS] f=153600 calls=2 n0=2301 n1=274 prims=60861 bb=160,1120,0,694
[OTT] walkUs=2206 texUs=124 emitUs=680 submitUs=186 otherUs=1214 prims=393 usPerPrim=5
[FT] avgMs=16 worstMs=44 gameMs=11 drawMs=5 swapWait=0ms draws=71 decodes=0 decMs=0
[OTS] f=153720 calls=2 n0=2302 n1=274 prims=61345 bb=160,1120,0,694
[OTT] walkUs=2005 texUs=125 emitUs=684 submitUs=335 otherUs=859 prims=394 usPerPrim=5
[FT] avgMs=16 worstMs=46 gameMs=11 drawMs=5 swapWait=0ms draws=71 decodes=0 decMs=0
[OTS] f=153840 calls=2 n0=2300 n1=274 prims=61036 bb=160,1120,0,694
[OTT] walkUs=2252 texUs=125 emitUs=678 submitUs=321 otherUs=1126 prims=392 usPerPrim=5
[FT] avgMs=16 worstMs=53 gameMs=11 drawMs=5 swapWait=0ms draws=70 decodes=0 decMs=0
[OTS] f=153960 calls=2 n0=2300 n1=274 prims=61178 bb=160,1120,0,694
[OTT] walkUs=2253 texUs=125 emitUs=686 submitUs=265 otherUs=1176 prims=392 usPerPrim=5
[FT] avgMs=16 worstMs=49 gameMs=11 drawMs=5 swapWait=0ms draws=71 decodes=0 decMs=0
[OTS] f=154080 calls=2 n0=2298 n1=274 prims=61064 bb=160,1120,0,694
[OTT] walkUs=2158 texUs=123 emitUs=678 submitUs=209 otherUs=1145 prims=390 usPerPrim=5
[SH-XBOX] vblank 154200
[MEM] tick: free=4016KB (1004 pages)
[FT] avgMs=16 worstMs=45 gameMs=11 drawMs=5 swapWait=0ms draws=71 decodes=0 decMs=0
[OTS] f=154200 calls=2 n0=2300 n1=274 prims=61255 bb=160,1120,0,694
[OTT] walkUs=2257 texUs=124 emitUs=675 submitUs=294 otherUs=1162 prims=392 usPerPrim=5
[FT] avgMs=16 worstMs=46 gameMs=11 drawMs=5 swapWait=0ms draws=71 decodes=0 decMs=0
[OTS] f=154320 calls=2 n0=2298 n1=274 prims=61125 bb=160,1120,0,694
[OTT] walkUs=2268 texUs=126 emitUs=678 submitUs=203 otherUs=1260 prims=390 usPerPrim=5
[FT] avgMs=16 worstMs=53 gameMs=11 drawMs=5 swapWait=0ms draws=70 decodes=0 decMs=0
[OTS] f=154440 calls=2 n0=2304 n1=274 prims=61081 bb=160,1120,0,694
[OTT] walkUs=2276 texUs=125 emitUs=692 submitUs=194 otherUs=1263 prims=396 usPerPrim=5
[FT] avgMs=16 worstMs=49 gameMs=11 drawMs=5 swapWait=0ms draws=71 decodes=0 decMs=0
[OTS] f=154560 calls=2 n0=2297 n1=274 prims=61176 bb=160,1120,0,694
[OTT] walkUs=2337 texUs=123 emitUs=676 submitUs=188 otherUs=1349 prims=389 usPerPrim=6
[FT] avgMs=16 worstMs=45 gameMs=11 drawMs=5 swapWait=0ms draws=71 decodes=0 decMs=0
[OTS] f=154680 calls=2 n0=2301 n1=274 prims=61180 bb=160,1120,0,694
[OTT] walkUs=2395 texUs=124 emitUs=686 submitUs=336 otherUs=1248 prims=393 usPerPrim=6
[SH-XBOX] vblank 154800
[MEM] tick: free=4016KB (1004 pages)
[FT] avgMs=16 worstMs=46 gameMs=11 drawMs=5 swapWait=0ms draws=70 decodes=0 decMs=0
[OTS] f=154800 calls=2 n0=2297 n1=274 prims=61113 bb=160,1120,0,694
[OTT] walkUs=2259 texUs=122 emitUs=676 submitUs=484 otherUs=976 prims=389 usPerPrim=5
[FT] avgMs=16 worstMs=53 gameMs=11 drawMs=5 swapWait=0ms draws=71 decodes=0 decMs=0
[OTS] f=154920 calls=2 n0=2303 n1=274 prims=61087 bb=160,1120,0,694
[OTT] walkUs=2178 texUs=124 emitUs=685 submitUs=305 otherUs=1063 prims=395 usPerPrim=5
[FT] avgMs=16 worstMs=48 gameMs=11 drawMs=5 swapWait=0ms draws=70 decodes=0 decMs=0
[OTS] f=155040 calls=2 n0=2298 n1=274 prims=61213 bb=160,1120,0,694
[OTT] walkUs=2001 texUs=123 emitUs=679 submitUs=235 otherUs=962 prims=390 usPerPrim=5
[FT] avgMs=16 worstMs=44 gameMs=11 drawMs=5 swapWait=0ms draws=70 decodes=0 decMs=0
[OTS] f=155160 calls=2 n0=2302 n1=274 prims=61007 bb=160,1120,0,694
[OTT] walkUs=2056 texUs=125 emitUs=686 submitUs=208 otherUs=1035 prims=394 usPerPrim=5
[FT] avgMs=16 worstMs=46 gameMs=11 drawMs=5 swapWait=0ms draws=71 decodes=0 decMs=0
[OTS] f=155280 calls=2 n0=2299 n1=274 prims=61317 bb=160,1120,0,694
[OTT] walkUs=1845 texUs=123 emitUs=676 submitUs=256 otherUs=788 prims=391 usPerPrim=4
[SH-XBOX] vblank 155400
[MEM] tick: free=4016KB (1004 pages)
[FT] avgMs=16 worstMs=53 gameMs=11 drawMs=5 swapWait=0ms draws=70 decodes=0 decMs=0
[OTS] f=155400 calls=2 n0=2300 n1=274 prims=60873 bb=160,1120,0,694
[OTT] walkUs=2167 texUs=124 emitUs=682 submitUs=363 otherUs=998 prims=392 usPerPrim=5
[FT] avgMs=16 worstMs=50 gameMs=11 drawMs=5 swapWait=0ms draws=70 decodes=0 decMs=0
[OTS] f=155520 calls=2 n0=2299 n1=274 prims=61323 bb=160,1120,0,694
[OTT] walkUs=2258 texUs=124 emitUs=679 submitUs=320 otherUs=1134 prims=391 usPerPrim=5
[FT] avgMs=16 worstMs=44 gameMs=11 drawMs=5 swapWait=0ms draws=70 decodes=0 decMs=0
[OTS] f=155640 calls=2 n0=2302 n1=274 prims=60926 bb=160,1120,0,694
[OTT] walkUs=2195 texUs=124 emitUs=686 submitUs=391 otherUs=992 prims=394 usPerPrim=5
[FT] avgMs=16 worstMs=45 gameMs=11 drawMs=5 swapWait=0ms draws=71 decodes=0 decMs=0
[OTS] f=155760 calls=2 n0=2300 n1=274 prims=61316 bb=160,1120,0,694
[OTT] walkUs=2033 texUs=124 emitUs=682 submitUs=193 otherUs=1033 prims=392 usPerPrim=5
[FT] avgMs=16 worstMs=53 gameMs=11 drawMs=5 swapWait=0ms draws=70 decodes=0 decMs=0
[OTS] f=155880 calls=2 n0=2297 n1=274 prims=60938 bb=160,1120,0,694
[OTT] walkUs=1939 texUs=124 emitUs=669 submitUs=305 otherUs=840 prims=389 usPerPrim=4
[SH-XBOX] vblank 156000
[MEM] tick: free=4016KB (1004 pages)
[FT] avgMs=16 worstMs=49 gameMs=11 drawMs=5 swapWait=0ms draws=70 decodes=0 decMs=0
[OTS] f=156000 calls=2 n0=2301 n1=274 prims=61253 bb=160,1120,0,694
[OTT] walkUs=2290 texUs=124 emitUs=685 submitUs=258 otherUs=1221 prims=393 usPerPrim=5
[FT] avgMs=16 worstMs=44 gameMs=11 drawMs=5 swapWait=0ms draws=71 decodes=0 decMs=0
[OTS] f=156120 calls=2 n0=2300 n1=274 prims=61103 bb=160,1120,0,694
[OTT] walkUs=1993 texUs=124 emitUs=682 submitUs=211 otherUs=974 prims=392 usPerPrim=5
[FT] avgMs=17 worstMs=69 gameMs=11 drawMs=5 swapWait=0ms draws=70 decodes=0 decMs=0
[OTS] f=156240 calls=2 n0=2303 n1=274 prims=61109 bb=160,1120,0,694
[OTT] walkUs=2391 texUs=125 emitUs=688 submitUs=546 otherUs=1031 prims=395 usPerPrim=6
[FT] avgMs=16 worstMs=48 gameMs=11 drawMs=5 swapWait=0ms draws=71 decodes=0 decMs=0
[OTS] f=156360 calls=2 n0=2297 n1=274 prims=61137 bb=160,1120,0,694
[OTT] walkUs=2413 texUs=123 emitUs=678 submitUs=429 otherUs=1181 prims=389 usPerPrim=6
[FT] avgMs=16 worstMs=43 gameMs=11 drawMs=5 swapWait=0ms draws=70 decodes=0 decMs=0
[OTS] f=156480 calls=2 n0=2299 n1=274 prims=61188 bb=160,1120,0,694
[OTT] walkUs=2060 texUs=127 emitUs=671 submitUs=355 otherUs=906 prims=391 usPerPrim=5
[SH-XBOX] vblank 156600
[MEM] tick: free=4016KB (1004 pages)
[FT] avgMs=16 worstMs=45 gameMs=11 drawMs=5 swapWait=0ms draws=70 decodes=0 decMs=0
[OTS] f=156600 calls=2 n0=2296 n1=274 prims=61091 bb=160,1120,0,694
[OTT] walkUs=2184 texUs=122 emitUs=671 submitUs=247 otherUs=1142 prims=388 usPerPrim=5
[FT] avgMs=16 worstMs=46 gameMs=11 drawMs=5 swapWait=0ms draws=71 decodes=0 decMs=0
[OTS] f=156720 calls=2 n0=2298 n1=274 prims=61126 bb=160,1120,0,694
[OTT] walkUs=2062 texUs=123 emitUs=676 submitUs=241 otherUs=1021 prims=390 usPerPrim=5
[FT] avgMs=16 worstMs=53 gameMs=11 drawMs=5 swapWait=0ms draws=71 decodes=0 decMs=0
[OTS] f=156840 calls=2 n0=2298 n1=274 prims=61266 bb=160,1120,0,694
[OTT] walkUs=2264 texUs=123 emitUs=676 submitUs=195 otherUs=1268 prims=390 usPerPrim=5
[FT] avgMs=16 worstMs=49 gameMs=11 drawMs=5 swapWait=0ms draws=71 decodes=0 decMs=0
[OTS] f=156960 calls=2 n0=2303 n1=274 prims=61083 bb=160,1120,0,694
[OTT] walkUs=2238 texUs=125 emitUs=686 submitUs=226 otherUs=1199 prims=395 usPerPrim=5
[FT] avgMs=16 worstMs=45 gameMs=11 drawMs=5 swapWait=0ms draws=70 decodes=0 decMs=0
[OTS] f=157080 calls=2 n0=2300 n1=274 prims=61167 bb=160,1120,0,694
[OTT] walkUs=2276 texUs=124 emitUs=680 submitUs=512 otherUs=959 prims=392 usPerPrim=5
[SH-XBOX] vblank 157200
[MEM] tick: free=4016KB (1004 pages)
[FT] avgMs=16 worstMs=46 gameMs=11 drawMs=5 swapWait=0ms draws=71 decodes=0 decMs=0
[OTS] f=157200 calls=2 n0=2301 n1=274 prims=61026 bb=160,1120,0,694
[OTT] walkUs=2296 texUs=125 emitUs=683 submitUs=291 otherUs=1197 prims=393 usPerPrim=5
[FT] avgMs=16 worstMs=53 gameMs=11 drawMs=5 swapWait=0ms draws=70 decodes=0 decMs=0
[OTS] f=157320 calls=2 n0=2298 n1=274 prims=61309 bb=160,1120,0,694
[OTT] walkUs=2358 texUs=127 emitUs=670 submitUs=232 otherUs=1328 prims=390 usPerPrim=6
[FT] avgMs=16 worstMs=48 gameMs=11 drawMs=5 swapWait=0ms draws=70 decodes=0 decMs=0
[OTS] f=157440 calls=2 n0=2301 n1=274 prims=60911 bb=160,1120,0,694
[OTT] walkUs=2366 texUs=124 emitUs=681 submitUs=345 otherUs=1214 prims=393 usPerPrim=6
[FT] avgMs=16 worstMs=44 gameMs=11 drawMs=5 swapWait=0ms draws=71 decodes=0 decMs=0
[OTS] f=157560 calls=2 n0=2302 n1=274 prims=61345 bb=160,1120,0,694
[OTT] walkUs=2344 texUs=128 emitUs=683 submitUs=196 otherUs=1335 prims=394 usPerPrim=5
[FT] avgMs=16 worstMs=45 gameMs=11 drawMs=5 swapWait=0ms draws=70 decodes=0 decMs=0
[OTS] f=157680 calls=2 n0=2298 n1=274 prims=60903 bb=160,1120,0,694
[OTT] walkUs=1824 texUs=126 emitUs=670 submitUs=188 otherUs=839 prims=390 usPerPrim=4
[SH-XBOX] vblank 157800
[MEM] tick: free=4016KB (1004 pages)
[FT] avgMs=16 worstMs=53 gameMs=11 drawMs=5 swapWait=0ms draws=70 decodes=0 decMs=0
[OTS] f=157800 calls=2 n0=2299 n1=274 prims=61294 bb=160,1120,0,694
[OTT] walkUs=2440 texUs=125 emitUs=680 submitUs=175 otherUs=1458 prims=391 usPerPrim=6
[FT] avgMs=16 worstMs=49 gameMs=11 drawMs=5 swapWait=0ms draws=71 decodes=0 decMs=0
[OTS] f=157920 calls=2 n0=2298 n1=274 prims=61080 bb=160,1120,0,694
[OTT] walkUs=2228 texUs=123 emitUs=677 submitUs=274 otherUs=1153 prims=390 usPerPrim=5
[FT] avgMs=16 worstMs=44 gameMs=11 drawMs=5 swapWait=0ms draws=70 decodes=0 decMs=0
[OTS] f=158040 calls=2 n0=2301 n1=274 prims=61121 bb=160,1120,0,694
[OTT] walkUs=2134 texUs=125 emitUs=687 submitUs=178 otherUs=1142 prims=393 usPerPrim=5
[FT] avgMs=16 worstMs=45 gameMs=11 drawMs=5 swapWait=0ms draws=70 decodes=0 decMs=0
[OTS] f=158160 calls=2 n0=2296 n1=274 prims=61063 bb=160,1120,0,694
[OTT] walkUs=1919 texUs=123 emitUs=664 submitUs=188 otherUs=943 prims=388 usPerPrim=4
[FT] avgMs=16 worstMs=53 gameMs=11 drawMs=5 swapWait=0ms draws=70 decodes=0 decMs=0
[OTS] f=158280 calls=2 n0=2303 n1=274 prims=61145 bb=160,1120,0,694
[OTT] walkUs=2123 texUs=128 emitUs=686 submitUs=180 otherUs=1127 prims=395 usPerPrim=5
[SH-XBOX] vblank 158400
[MEM] tick: free=4016KB (1004 pages)
[FT] avgMs=16 worstMs=49 gameMs=11 drawMs=5 swapWait=0ms draws=71 decodes=0 decMs=0
[OTS] f=158400 calls=2 n0=2297 n1=274 prims=61181 bb=160,1120,0,694
[OTT] walkUs=2152 texUs=123 emitUs=673 submitUs=323 otherUs=1032 prims=389 usPerPrim=5
[FT] avgMs=16 worstMs=44 gameMs=11 drawMs=5 swapWait=0ms draws=70 decodes=0 decMs=0
[OTS] f=158520 calls=2 n0=2300 n1=274 prims=61044 bb=160,1120,0,694
[OTT] walkUs=1909 texUs=125 emitUs=677 submitUs=204 otherUs=902 prims=392 usPerPrim=4
[FT] avgMs=16 worstMs=46 gameMs=11 drawMs=5 swapWait=1ms draws=70 decodes=0 decMs=0
[OTS] f=158640 calls=2 n0=2297 n1=274 prims=61219 bb=160,1120,0,694
[OTT] walkUs=2066 texUs=123 emitUs=673 submitUs=199 otherUs=1069 prims=389 usPerPrim=5
[FT] avgMs=16 worstMs=53 gameMs=11 drawMs=5 swapWait=0ms draws=71 decodes=0 decMs=0
[OTS] f=158760 calls=2 n0=2303 n1=274 prims=61117 bb=160,1120,0,694
[OTT] walkUs=2052 texUs=131 emitUs=686 submitUs=403 otherUs=832 prims=395 usPerPrim=5
[FT] avgMs=16 worstMs=49 gameMs=11 drawMs=5 swapWait=0ms draws=70 decodes=0 decMs=0
[OTS] f=158880 calls=2 n0=2300 n1=274 prims=61155 bb=160,1120,0,694
[OTT] walkUs=2148 texUs=124 emitUs=682 submitUs=233 otherUs=1107 prims=392 usPerPrim=5
[SH-XBOX] vblank 159000
[MEM] tick: free=4016KB (1004 pages)
[FT] avgMs=16 worstMs=45 gameMs=11 drawMs=5 swapWait=0ms draws=71 decodes=0 decMs=0
[OTS] f=159000 calls=2 n0=2302 n1=274 prims=61035 bb=160,1120,0,694
[OTT] walkUs=2260 texUs=125 emitUs=687 submitUs=298 otherUs=1148 prims=394 usPerPrim=5
[FT] avgMs=16 worstMs=46 gameMs=11 drawMs=5 swapWait=0ms draws=70 decodes=0 decMs=0
[OTS] f=159120 calls=2 n0=2296 n1=274 prims=61285 bb=160,1120,0,694
[OTT] walkUs=2071 texUs=123 emitUs=665 submitUs=270 otherUs=1011 prims=388 usPerPrim=5
[FT] avgMs=16 worstMs=54 gameMs=11 drawMs=5 swapWait=0ms draws=70 decodes=0 decMs=0
[OTS] f=159240 calls=2 n0=2300 n1=274 prims=60935 bb=160,1120,0,694
[OTT] walkUs=2214 texUs=124 emitUs=677 submitUs=351 otherUs=1061 prims=392 usPerPrim=5
[FT] avgMs=16 worstMs=49 gameMs=11 drawMs=5 swapWait=0ms draws=71 decodes=0 decMs=0
[OTS] f=159360 calls=2 n0=2301 n1=274 prims=61329 bb=160,1120,0,694
[OTT] walkUs=2363 texUs=124 emitUs=684 submitUs=244 otherUs=1309 prims=393 usPerPrim=6
[FT] avgMs=16 worstMs=45 gameMs=11 drawMs=5 swapWait=0ms draws=71 decodes=0 decMs=0
[OTS] f=159480 calls=2 n0=2302 n1=274 prims=61018 bb=160,1120,0,694
[OTT] walkUs=2446 texUs=124 emitUs=686 submitUs=521 otherUs=1113 prims=394 usPerPrim=6
[SH-XBOX] vblank 159600
[MEM] tick: free=4016KB (1004 pages)
[FT] avgMs=16 worstMs=46 gameMs=11 drawMs=5 swapWait=0ms draws=71 decodes=0 decMs=0
[OTS] f=159600 calls=2 n0=2299 n1=274 prims=61334 bb=160,1120,0,694
[OTT] walkUs=2342 texUs=123 emitUs=676 submitUs=361 otherUs=1180 prims=391 usPerPrim=5
[FT] avgMs=16 worstMs=53 gameMs=11 drawMs=5 swapWait=0ms draws=70 decodes=0 decMs=0
[OTS] f=159720 calls=2 n0=2299 n1=274 prims=60906 bb=160,1120,0,694
[OTT] walkUs=2191 texUs=129 emitUs=677 submitUs=260 otherUs=1124 prims=391 usPerPrim=5
[FT] avgMs=16 worstMs=49 gameMs=11 drawMs=5 swapWait=0ms draws=71 decodes=0 decMs=0
[OTS] f=159840 calls=2 n0=2302 n1=274 prims=61284 bb=160,1120,0,694
[OTT] walkUs=2317 texUs=125 emitUs=687 submitUs=269 otherUs=1234 prims=394 usPerPrim=5
[FT] avgMs=16 worstMs=44 gameMs=11 drawMs=5 swapWait=0ms draws=70 decodes=0 decMs=0
[OTS] f=159960 calls=2 n0=2298 n1=274 prims=61029 bb=160,1120,0,694
[OTT] walkUs=2216 texUs=124 emitUs=673 submitUs=264 otherUs=1154 prims=390 usPerPrim=5
[FT] avgMs=16 worstMs=46 gameMs=11 drawMs=5 swapWait=0ms draws=70 decodes=0 decMs=0
[OTS] f=160080 calls=2 n0=2303 n1=274 prims=61195 bb=160,1120,0,694
[OTT] walkUs=2450 texUs=125 emitUs=685 submitUs=569 otherUs=1069 prims=395 usPerPrim=6
[SH-XBOX] vblank 160200
[MEM] tick: free=4016KB (1004 pages)
[FT] avgMs=16 worstMs=53 gameMs=11 drawMs=5 swapWait=0ms draws=71 decodes=0 decMs=0
[OTS] f=160200 calls=2 n0=2297 n1=274 prims=61138 bb=160,1120,0,694
[OTT] walkUs=2055 texUs=122 emitUs=676 submitUs=471 otherUs=784 prims=389 usPerPrim=5
[FT] avgMs=16 worstMs=49 gameMs=11 drawMs=5 swapWait=0ms draws=70 decodes=0 decMs=0
[OTS] f=160320 calls=2 n0=2302 n1=274 prims=61044 bb=160,1120,0,694
[OTT] walkUs=2178 texUs=124 emitUs=683 submitUs=184 otherUs=1186 prims=394 usPerPrim=5
[FT] avgMs=16 worstMs=44 gameMs=11 drawMs=5 swapWait=0ms draws=71 decodes=0 decMs=0
[OTS] f=160440 calls=2 n0=2296 n1=274 prims=61205 bb=160,1120,0,694
[OTT] walkUs=2311 texUs=122 emitUs=672 submitUs=311 otherUs=1204 prims=388 usPerPrim=5
[FT] avgMs=16 worstMs=46 gameMs=11 drawMs=5 swapWait=0ms draws=71 decodes=0 decMs=0
[OTS] f=160560 calls=2 n0=2298 n1=274 prims=61156 bb=160,1120,0,694
[OTT] walkUs=2187 texUs=123 emitUs=673 submitUs=311 otherUs=1079 prims=390 usPerPrim=5
[FT] avgMs=16 worstMs=53 gameMs=11 drawMs=5 swapWait=0ms draws=70 decodes=0 decMs=0
[OTS] f=160680 calls=2 n0=2298 n1=274 prims=61138 bb=160,1120,0,694
[OTT] walkUs=1976 texUs=124 emitUs=673 submitUs=182 otherUs=995 prims=390 usPerPrim=5
[SH-XBOX] vblank 160800
[MEM] tick: free=4016KB (1004 pages)
[FT] avgMs=16 worstMs=49 gameMs=11 drawMs=5 swapWait=1ms draws=70 decodes=0 decMs=0
[OTS] f=160800 calls=2 n0=2301 n1=274 prims=60984 bb=160,1120,0,694
[OTT] walkUs=1998 texUs=134 emitUs=679 submitUs=172 otherUs=1011 prims=393 usPerPrim=5
[FT] avgMs=16 worstMs=45 gameMs=11 drawMs=5 swapWait=0ms draws=70 decodes=0 decMs=0
[OTS] f=160920 calls=2 n0=2299 n1=274 prims=61246 bb=160,1120,0,694
[OTT] walkUs=1903 texUs=124 emitUs=673 submitUs=205 otherUs=900 prims=391 usPerPrim=4
[FT] avgMs=16 worstMs=46 gameMs=11 drawMs=5 swapWait=1ms draws=71 decodes=0 decMs=0
[OTS] f=161040 calls=2 n0=2301 n1=274 prims=61046 bb=160,1120,0,694
[OTT] walkUs=2075 texUs=124 emitUs=697 submitUs=185 otherUs=1068 prims=393 usPerPrim=5
[FT] avgMs=16 worstMs=53 gameMs=11 drawMs=5 swapWait=0ms draws=70 decodes=0 decMs=0
[OTS] f=161160 calls=2 n0=2301 n1=274 prims=61201 bb=160,1120,0,694
[OTT] walkUs=2121 texUs=125 emitUs=689 submitUs=408 otherUs=898 prims=393 usPerPrim=5
[FT] avgMs=16 worstMs=49 gameMs=11 drawMs=5 swapWait=0ms draws=71 decodes=0 decMs=0
[OTS] f=161280 calls=2 n0=2301 n1=274 prims=60989 bb=160,1120,0,694
[OTT] walkUs=2117 texUs=124 emitUs=680 submitUs=314 otherUs=997 prims=393 usPerPrim=5
[SH-XBOX] vblank 161400
[MEM] tick: free=4016KB (1004 pages)
[FT] avgMs=16 worstMs=45 gameMs=11 drawMs=5 swapWait=0ms draws=71 decodes=0 decMs=0
[OTS] f=161400 calls=2 n0=2301 n1=274 prims=61367 bb=160,1120,0,694
[OTT] walkUs=2118 texUs=124 emitUs=682 submitUs=371 otherUs=939 prims=393 usPerPrim=5
[FT] avgMs=16 worstMs=46 gameMs=11 drawMs=5 swapWait=0ms draws=70 decodes=0 decMs=0
[OTS] f=161520 calls=2 n0=2300 n1=274 prims=60885 bb=160,1120,0,694
[OTT] walkUs=2013 texUs=125 emitUs=683 submitUs=291 otherUs=913 prims=392 usPerPrim=5
[FT] avgMs=16 worstMs=54 gameMs=11 drawMs=5 swapWait=0ms draws=71 decodes=0 decMs=0
[OTS] f=161640 calls=2 n0=2300 n1=274 prims=61306 bb=160,1120,0,694
[OTT] walkUs=2185 texUs=124 emitUs=688 submitUs=401 otherUs=971 prims=392 usPerPrim=5
[FT] avgMs=16 worstMs=49 gameMs=11 drawMs=5 swapWait=0ms draws=70 decodes=0 decMs=0
[OTS] f=161760 calls=2 n0=2296 n1=274 prims=60993 bb=160,1120,0,694
[OTT] walkUs=2155 texUs=123 emitUs=668 submitUs=311 otherUs=1051 prims=388 usPerPrim=5
[FT] avgMs=16 worstMs=45 gameMs=11 drawMs=5 swapWait=1ms draws=70 decodes=0 decMs=0
[OTS] f=161880 calls=2 n0=2301 n1=274 prims=61221 bb=160,1120,0,694
[OTT] walkUs=2140 texUs=124 emitUs=685 submitUs=360 otherUs=969 prims=393 usPerPrim=5
[SH-XBOX] vblank 162000
[MEM] tick: free=4016KB (1004 pages)
[FT] avgMs=16 worstMs=46 gameMs=11 drawMs=5 swapWait=0ms draws=71 decodes=0 decMs=0
[OTS] f=162000 calls=2 n0=2298 n1=274 prims=61101 bb=160,1120,0,694
[OTT] walkUs=2242 texUs=123 emitUs=677 submitUs=184 otherUs=1256 prims=390 usPerPrim=5
[FT] avgMs=16 worstMs=54 gameMs=11 drawMs=5 swapWait=0ms draws=71 decodes=0 decMs=0
[OTS] f=162120 calls=2 n0=2304 n1=274 prims=61209 bb=160,1120,0,694
[OTT] walkUs=2154 texUs=126 emitUs=688 submitUs=317 otherUs=1022 prims=396 usPerPrim=5
[FT] avgMs=16 worstMs=49 gameMs=11 drawMs=5 swapWait=0ms draws=70 decodes=0 decMs=0
[OTS] f=162240 calls=2 n0=2294 n1=274 prims=61173 bb=160,1120,0,694
[OTT] walkUs=2217 texUs=122 emitUs=662 submitUs=338 otherUs=1093 prims=386 usPerPrim=5
[FT] avgMs=16 worstMs=44 gameMs=11 drawMs=5 swapWait=1ms draws=70 decodes=0 decMs=0
[OTS] f=162360 calls=2 n0=2302 n1=274 prims=61068 bb=160,1120,0,694
[OTT] walkUs=2278 texUs=125 emitUs=682 submitUs=522 otherUs=949 prims=394 usPerPrim=5
[FT] avgMs=16 worstMs=46 gameMs=11 drawMs=5 swapWait=0ms draws=71 decodes=0 decMs=0
[OTS] f=162480 calls=2 n0=2297 n1=274 prims=61230 bb=160,1120,0,694
[OTT] walkUs=2427 texUs=122 emitUs=674 submitUs=423 otherUs=1206 prims=389 usPerPrim=6
[SH-XBOX] vblank 162600
[MEM] tick: free=4016KB (1004 pages)
[FT] avgMs=16 worstMs=53 gameMs=11 drawMs=5 swapWait=0ms draws=70 decodes=0 decMs=0
[OTS] f=162600 calls=2 n0=2301 n1=274 prims=61001 bb=160,1120,0,694
[OTT] walkUs=2354 texUs=125 emitUs=679 submitUs=574 otherUs=975 prims=393 usPerPrim=5
[FT] avgMs=16 worstMs=49 gameMs=11 drawMs=5 swapWait=0ms draws=70 decodes=0 decMs=0
[OTS] f=162720 calls=2 n0=2299 n1=274 prims=61255 bb=160,1120,0,694
[OTT] walkUs=2263 texUs=123 emitUs=674 submitUs=565 otherUs=899 prims=391 usPerPrim=5
[FT] avgMs=16 worstMs=44 gameMs=11 drawMs=5 swapWait=0ms draws=71 decodes=0 decMs=0
[OTS] f=162840 calls=2 n0=2302 n1=274 prims=61051 bb=160,1120,0,694
[OTT] walkUs=2385 texUs=124 emitUs=682 submitUs=186 otherUs=1391 prims=394 usPerPrim=6
[FT] avgMs=16 worstMs=45 gameMs=11 drawMs=5 swapWait=0ms draws=70 decodes=0 decMs=0
[OTS] f=162960 calls=2 n0=2299 n1=274 prims=61189 bb=160,1120,0,694
[OTT] walkUs=2185 texUs=124 emitUs=680 submitUs=436 otherUs=944 prims=391 usPerPrim=5
[FT] avgMs=16 worstMs=53 gameMs=11 drawMs=5 swapWait=0ms draws=71 decodes=0 decMs=0
[OTS] f=163080 calls=2 n0=2300 n1=274 prims=61001 bb=160,1120,0,694
[OTT] walkUs=2122 texUs=127 emitUs=678 submitUs=175 otherUs=1140 prims=392 usPerPrim=5
[SH-XBOX] vblank 163200
[MEM] tick: free=4016KB (1004 pages)
[FT] avgMs=16 worstMs=49 gameMs=11 drawMs=5 swapWait=0ms draws=70 decodes=0 decMs=0
[OTS] f=163200 calls=2 n0=2298 n1=274 prims=61349 bb=160,1120,0,694
[OTT] walkUs=2209 texUs=124 emitUs=670 submitUs=174 otherUs=1239 prims=390 usPerPrim=5
[FT] avgMs=16 worstMs=45 gameMs=11 drawMs=5 swapWait=0ms draws=70 decodes=0 decMs=0
[OTS] f=163320 calls=2 n0=2302 n1=274 prims=60900 bb=160,1120,0,694
[OTT] walkUs=1888 texUs=126 emitUs=682 submitUs=200 otherUs=879 prims=394 usPerPrim=4
[FT] avgMs=16 worstMs=46 gameMs=11 drawMs=5 swapWait=0ms draws=70 decodes=0 decMs=0
[OTS] f=163440 calls=2 n0=2298 n1=274 prims=61214 bb=160,1120,0,694
[OTT] walkUs=1883 texUs=125 emitUs=673 submitUs=268 otherUs=816 prims=390 usPerPrim=4
[FT] avgMs=16 worstMs=53 gameMs=11 drawMs=5 swapWait=0ms draws=70 decodes=0 decMs=0
[OTS] f=163560 calls=2 n0=2299 n1=274 prims=60996 bb=160,1120,0,694
[OTT] walkUs=2286 texUs=124 emitUs=681 submitUs=401 otherUs=1078 prims=391 usPerPrim=5
[FT] avgMs=16 worstMs=49 gameMs=11 drawMs=5 swapWait=0ms draws=71 decodes=0 decMs=0
[OTS] f=163680 calls=2 n0=2302 n1=274 prims=61314 bb=160,1120,0,694
[OTT] walkUs=2157 texUs=126 emitUs=686 submitUs=198 otherUs=1146 prims=394 usPerPrim=5
[SH-XBOX] vblank 163800
[MEM] tick: free=4016KB (1004 pages)
[FT] avgMs=16 worstMs=45 gameMs=11 drawMs=5 swapWait=0ms draws=70 decodes=0 decMs=0
[OTS] f=163800 calls=2 n0=2300 n1=274 prims=60955 bb=160,1120,0,694
[OTT] walkUs=1975 texUs=124 emitUs=683 submitUs=186 otherUs=981 prims=392 usPerPrim=5
[FT] avgMs=16 worstMs=46 gameMs=11 drawMs=5 swapWait=0ms draws=71 decodes=0 decMs=0
[OTS] f=163920 calls=2 n0=2303 n1=274 prims=61237 bb=160,1120,0,694
[OTT] walkUs=1914 texUs=125 emitUs=694 submitUs=216 otherUs=877 prims=395 usPerPrim=4
[FT] avgMs=17 worstMs=65 gameMs=11 drawMs=5 swapWait=0ms draws=70 decodes=0 decMs=0
[OTS] f=164040 calls=2 n0=2294 n1=274 prims=61121 bb=160,1120,0,694
[OTT] walkUs=2144 texUs=122 emitUs=660 submitUs=196 otherUs=1164 prims=386 usPerPrim=5
[FT] avgMs=16 worstMs=43 gameMs=11 drawMs=5 swapWait=0ms draws=70 decodes=0 decMs=0
[OTS] f=164160 calls=2 n0=2302 n1=274 prims=61092 bb=160,1120,0,694
[OTT] walkUs=2160 texUs=125 emitUs=682 submitUs=192 otherUs=1160 prims=394 usPerPrim=5
[FT] avgMs=16 worstMs=45 gameMs=11 drawMs=5 swapWait=1ms draws=71 decodes=0 decMs=0
[OTS] f=164280 calls=2 n0=2296 n1=274 prims=61206 bb=160,1120,0,694
[OTT] walkUs=2109 texUs=122 emitUs=677 submitUs=434 otherUs=874 prims=388 usPerPrim=5
[SH-XBOX] vblank 164400
[MEM] tick: free=4016KB (1004 pages)
[FT] avgMs=16 worstMs=46 gameMs=11 drawMs=5 swapWait=0ms draws=70 decodes=0 decMs=0
[OTS] f=164400 calls=2 n0=2296 n1=274 prims=61024 bb=160,1120,0,694
[OTT] walkUs=2067 texUs=122 emitUs=667 submitUs=195 otherUs=1081 prims=388 usPerPrim=5
[FT] avgMs=16 worstMs=52 gameMs=11 drawMs=5 swapWait=0ms draws=70 decodes=0 decMs=0
[OTS] f=164520 calls=2 n0=2297 n1=274 prims=61258 bb=160,1120,0,694
[OTT] walkUs=1958 texUs=123 emitUs=672 submitUs=197 otherUs=964 prims=389 usPerPrim=5
[FT] avgMs=16 worstMs=49 gameMs=11 drawMs=5 swapWait=0ms draws=71 decodes=0 decMs=0
[OTS] f=164640 calls=2 n0=2303 n1=274 prims=61066 bb=160,1120,0,694
[OTT] walkUs=2156 texUs=129 emitUs=688 submitUs=260 otherUs=1077 prims=395 usPerPrim=5
[FT] avgMs=16 worstMs=44 gameMs=11 drawMs=5 swapWait=0ms draws=71 decodes=0 decMs=0
[OTS] f=164760 calls=2 n0=2300 n1=274 prims=61294 bb=160,1120,0,694
[OTT] walkUs=2234 texUs=124 emitUs=682 submitUs=248 otherUs=1179 prims=392 usPerPrim=5
[FT] avgMs=16 worstMs=46 gameMs=11 drawMs=5 swapWait=0ms draws=70 decodes=0 decMs=0
[OTS] f=164880 calls=2 n0=2299 n1=274 prims=60989 bb=160,1120,0,694
[OTT] walkUs=2192 texUs=128 emitUs=675 submitUs=190 otherUs=1198 prims=391 usPerPrim=5
[SH-XBOX] vblank 165000
[MEM] tick: free=4016KB (1004 pages)
[FT] avgMs=16 worstMs=53 gameMs=11 drawMs=5 swapWait=0ms draws=70 decodes=0 decMs=0
[OTS] f=165000 calls=2 n0=2301 n1=274 prims=61268 bb=160,1120,0,694
[OTT] walkUs=2349 texUs=124 emitUs=680 submitUs=357 otherUs=1187 prims=393 usPerPrim=5
[FT] avgMs=16 worstMs=49 gameMs=11 drawMs=5 swapWait=0ms draws=71 decodes=0 decMs=0
[OTS] f=165120 calls=2 n0=2301 n1=274 prims=60989 bb=160,1120,0,694
[OTT] walkUs=2184 texUs=128 emitUs=682 submitUs=446 otherUs=928 prims=393 usPerPrim=5
[FT] avgMs=16 worstMs=45 gameMs=11 drawMs=5 swapWait=0ms draws=70 decodes=0 decMs=0
[OTS] f=165240 calls=2 n0=2300 n1=274 prims=61227 bb=160,1120,0,694
[OTT] walkUs=2328 texUs=125 emitUs=673 submitUs=327 otherUs=1202 prims=392 usPerPrim=5
[FT] avgMs=16 worstMs=45 gameMs=11 drawMs=5 swapWait=1ms draws=70 decodes=0 decMs=0
[OTS] f=165360 calls=2 n0=2300 n1=274 prims=60995 bb=160,1120,0,694
[OTT] walkUs=2266 texUs=124 emitUs=684 submitUs=193 otherUs=1263 prims=392 usPerPrim=5
[FT] avgMs=16 worstMs=53 gameMs=11 drawMs=5 swapWait=0ms draws=71 decodes=0 decMs=0
[OTS] f=165480 calls=2 n0=2300 n1=274 prims=61336 bb=160,1120,0,694
[OTT] walkUs=2327 texUs=128 emitUs=679 submitUs=377 otherUs=1142 prims=392 usPerPrim=5
[SH-XBOX] vblank 165600
[MEM] tick: free=4016KB (1004 pages)
[FT] avgMs=16 worstMs=49 gameMs=11 drawMs=5 swapWait=0ms draws=70 decodes=0 decMs=0
[OTS] f=165600 calls=2 n0=2298 n1=274 prims=60935 bb=160,1120,0,694
[OTT] walkUs=2293 texUs=123 emitUs=676 submitUs=192 otherUs=1300 prims=390 usPerPrim=5
[FT] avgMs=16 worstMs=45 gameMs=11 drawMs=5 swapWait=0ms draws=71 decodes=0 decMs=0
[OTS] f=165720 calls=2 n0=2301 n1=274 prims=61249 bb=160,1120,0,694
[OTT] walkUs=2346 texUs=124 emitUs=681 submitUs=385 otherUs=1154 prims=393 usPerPrim=5
[FT] avgMs=16 worstMs=46 gameMs=11 drawMs=5 swapWait=0ms draws=70 decodes=0 decMs=0
[OTS] f=165840 calls=2 n0=2295 n1=274 prims=61073 bb=160,1120,0,694
[OTT] walkUs=1909 texUs=123 emitUs=662 submitUs=380 otherUs=742 prims=387 usPerPrim=4
[FT] avgMs=16 worstMs=53 gameMs=11 drawMs=5 swapWait=0ms draws=70 decodes=0 decMs=0
[OTS] f=165960 calls=2 n0=2304 n1=274 prims=61138 bb=160,1120,0,694
[OTT] walkUs=2189 texUs=129 emitUs=691 submitUs=363 otherUs=1004 prims=396 usPerPrim=5
[FT] avgMs=16 worstMs=49 gameMs=11 drawMs=5 swapWait=0ms draws=70 decodes=0 decMs=0
[OTS] f=166080 calls=2 n0=2297 n1=274 prims=61049 bb=160,1120,0,694
[OTT] walkUs=1901 texUs=123 emitUs=673 submitUs=182 otherUs=922 prims=389 usPerPrim=4
[SH-XBOX] vblank 166200
[MEM] tick: free=4016KB (1004 pages)
[FT] avgMs=16 worstMs=45 gameMs=11 drawMs=5 swapWait=0ms draws=71 decodes=0 decMs=0
[OTS] f=166200 calls=2 n0=2302 n1=274 prims=61162 bb=160,1120,0,694
[OTT] walkUs=2379 texUs=124 emitUs=687 submitUs=359 otherUs=1208 prims=394 usPerPrim=6
[FT] avgMs=16 worstMs=46 gameMs=11 drawMs=5 swapWait=0ms draws=71 decodes=0 decMs=0
[OTS] f=166320 calls=2 n0=2296 n1=274 prims=61252 bb=160,1120,0,694
[OTT] walkUs=2016 texUs=123 emitUs=676 submitUs=377 otherUs=838 prims=388 usPerPrim=5
[FT] avgMs=16 worstMs=54 gameMs=11 drawMs=5 swapWait=0ms draws=70 decodes=0 decMs=0
[OTS] f=166440 calls=2 n0=2303 n1=274 prims=60967 bb=160,1120,0,694
[OTT] walkUs=2066 texUs=128 emitUs=689 submitUs=181 otherUs=1067 prims=395 usPerPrim=5
[FT] avgMs=16 worstMs=49 gameMs=11 drawMs=5 swapWait=0ms draws=71 decodes=0 decMs=0
[OTS] f=166560 calls=2 n0=2300 n1=274 prims=61284 bb=160,1120,0,694
[OTT] walkUs=2232 texUs=124 emitUs=686 submitUs=195 otherUs=1225 prims=392 usPerPrim=5
[FT] avgMs=16 worstMs=45 gameMs=11 drawMs=5 swapWait=0ms draws=70 decodes=0 decMs=0
[OTS] f=166680 calls=2 n0=2300 n1=274 prims=60981 bb=160,1120,0,694
[OTT] walkUs=2092 texUs=124 emitUs=679 submitUs=438 otherUs=850 prims=392 usPerPrim=5
[SH-XBOX] vblank 166800
[MEM] tick: free=4016KB (1004 pages)
[FT] avgMs=16 worstMs=46 gameMs=11 drawMs=5 swapWait=0ms draws=70 decodes=0 decMs=0
[OTS] f=166800 calls=2 n0=2299 n1=274 prims=61273 bb=160,1120,0,694
[OTT] walkUs=2223 texUs=123 emitUs=679 submitUs=177 otherUs=1244 prims=391 usPerPrim=5
[FT] avgMs=16 worstMs=53 gameMs=11 drawMs=5 swapWait=0ms draws=71 decodes=0 decMs=0
[OTS] f=166920 calls=2 n0=2300 n1=274 prims=61001 bb=160,1120,0,694
[OTT] walkUs=1976 texUs=124 emitUs=686 submitUs=228 otherUs=937 prims=392 usPerPrim=5
[FT] avgMs=16 worstMs=49 gameMs=11 drawMs=5 swapWait=0ms draws=70 decodes=0 decMs=0
[OTS] f=167040 calls=2 n0=2301 n1=274 prims=61201 bb=160,1120,0,694
[OTT] walkUs=2203 texUs=124 emitUs=684 submitUs=189 otherUs=1204 prims=393 usPerPrim=5
[FT] avgMs=16 worstMs=44 gameMs=11 drawMs=5 swapWait=0ms draws=71 decodes=0 decMs=0
[OTS] f=167160 calls=2 n0=2301 n1=274 prims=61020 bb=160,1120,0,694
[OTT] walkUs=2109 texUs=124 emitUs=680 submitUs=311 otherUs=993 prims=393 usPerPrim=5
[FT] avgMs=16 worstMs=46 gameMs=11 drawMs=5 swapWait=0ms draws=71 decodes=0 decMs=0
[OTS] f=167280 calls=2 n0=2300 n1=274 prims=61344 bb=160,1120,0,694
[OTT] walkUs=2222 texUs=124 emitUs=679 submitUs=330 otherUs=1088 prims=392 usPerPrim=5
[SH-XBOX] vblank 167400
[MEM] tick: free=4016KB (1004 pages)
[FT] avgMs=16 worstMs=53 gameMs=11 drawMs=5 swapWait=0ms draws=71 decodes=0 decMs=0
[OTS] f=167400 calls=2 n0=2299 n1=274 prims=61022 bb=160,1120,0,694
[OTT] walkUs=2348 texUs=123 emitUs=680 submitUs=218 otherUs=1325 prims=391 usPerPrim=6
[FT] avgMs=16 worstMs=49 gameMs=11 drawMs=5 swapWait=0ms draws=70 decodes=0 decMs=0
[OTS] f=167520 calls=2 n0=2300 n1=274 prims=61214 bb=160,1120,0,694
[OTT] walkUs=2078 texUs=125 emitUs=678 submitUs=314 otherUs=960 prims=392 usPerPrim=5
[FT] avgMs=16 worstMs=44 gameMs=11 drawMs=5 swapWait=0ms draws=70 decodes=0 decMs=0
[OTS] f=167640 calls=2 n0=2299 n1=274 prims=61039 bb=160,1120,0,694
[OTT] walkUs=2258 texUs=124 emitUs=673 submitUs=445 otherUs=1014 prims=391 usPerPrim=5
[FT] avgMs=16 worstMs=46 gameMs=11 drawMs=5 swapWait=0ms draws=71 decodes=0 decMs=0
[OTS] f=167760 calls=2 n0=2303 n1=274 prims=61253 bb=160,1120,0,694
[OTT] walkUs=2234 texUs=126 emitUs=684 submitUs=344 otherUs=1079 prims=395 usPerPrim=5
[FT] avgMs=16 worstMs=53 gameMs=11 drawMs=5 swapWait=0ms draws=70 decodes=0 decMs=0
[OTS] f=167880 calls=2 n0=2297 n1=274 prims=61009 bb=160,1120,0,694
[OTT] walkUs=2340 texUs=123 emitUs=674 submitUs=538 otherUs=1003 prims=389 usPerPrim=6
[SH-XBOX] vblank 168000
[MEM] tick: free=4016KB (1004 pages)
[FT] avgMs=16 worstMs=49 gameMs=11 drawMs=5 swapWait=0ms draws=71 decodes=0 decMs=0
[OTS] f=168000 calls=2 n0=2302 n1=274 prims=61172 bb=160,1120,0,694
[OTT] walkUs=2313 texUs=125 emitUs=685 submitUs=262 otherUs=1240 prims=394 usPerPrim=5
[FT] avgMs=16 worstMs=45 gameMs=11 drawMs=5 swapWait=0ms draws=71 decodes=0 decMs=0
[OTS] f=168120 calls=2 n0=2295 n1=274 prims=61231 bb=160,1120,0,694
[OTT] walkUs=2318 texUs=122 emitUs=664 submitUs=192 otherUs=1337 prims=387 usPerPrim=5
[FT] avgMs=16 worstMs=46 gameMs=11 drawMs=5 swapWait=0ms draws=70 decodes=0 decMs=0
[OTS] f=168240 calls=2 n0=2298 n1=274 prims=61004 bb=160,1120,0,694
[OTT] walkUs=2059 texUs=125 emitUs=673 submitUs=276 otherUs=983 prims=390 usPerPrim=5
[FT] avgMs=16 worstMs=53 gameMs=11 drawMs=5 swapWait=0ms draws=71 decodes=0 decMs=0
[OTS] f=168360 calls=2 n0=2298 n1=274 prims=61267 bb=160,1120,0,694
[OTT] walkUs=2354 texUs=123 emitUs=676 submitUs=577 otherUs=977 prims=390 usPerPrim=6
[FT] avgMs=16 worstMs=49 gameMs=11 drawMs=5 swapWait=0ms draws=70 decodes=0 decMs=0
[OTS] f=168480 calls=2 n0=2301 n1=274 prims=60984 bb=160,1120,0,694
[OTT] walkUs=1812 texUs=125 emitUs=677 submitUs=244 otherUs=765 prims=393 usPerPrim=4
[SH-XBOX] vblank 168600
[MEM] tick: free=4016KB (1004 pages)
[FT] avgMs=16 worstMs=45 gameMs=11 drawMs=5 swapWait=0ms draws=70 decodes=0 decMs=0
[OTS] f=168600 calls=2 n0=2300 n1=274 prims=61266 bb=160,1120,0,694
[OTT] walkUs=2373 texUs=124 emitUs=683 submitUs=194 otherUs=1372 prims=392 usPerPrim=6
[FT] avgMs=16 worstMs=46 gameMs=11 drawMs=5 swapWait=0ms draws=70 decodes=0 decMs=0
[OTS] f=168720 calls=2 n0=2301 n1=274 prims=60899 bb=160,1120,0,694
[OTT] walkUs=1967 texUs=125 emitUs=685 submitUs=191 otherUs=965 prims=393 usPerPrim=5
[FT] avgMs=16 worstMs=54 gameMs=11 drawMs=5 swapWait=1ms draws=71 decodes=0 decMs=0
[OTS] f=168840 calls=2 n0=2301 n1=274 prims=61328 bb=160,1120,0,694
[OTT] walkUs=2075 texUs=124 emitUs=684 submitUs=269 otherUs=996 prims=393 usPerPrim=5
[FT] avgMs=16 worstMs=49 gameMs=11 drawMs=5 swapWait=0ms draws=70 decodes=0 decMs=0
[OTS] f=168960 calls=2 n0=2298 n1=274 prims=60990 bb=160,1120,0,694
[OTT] walkUs=2229 texUs=124 emitUs=675 submitUs=511 otherUs=918 prims=390 usPerPrim=5
[FT] avgMs=16 worstMs=45 gameMs=11 drawMs=5 swapWait=1ms draws=70 decodes=0 decMs=0
[OTS] f=169080 calls=2 n0=2302 n1=274 prims=61246 bb=160,1120,0,694
[OTT] walkUs=2202 texUs=124 emitUs=683 submitUs=417 otherUs=977 prims=394 usPerPrim=5
[SH-XBOX] vblank 169200
[MEM] tick: free=4016KB (1004 pages)
[FT] avgMs=16 worstMs=46 gameMs=11 drawMs=5 swapWait=0ms draws=71 decodes=0 decMs=0
[OTS] f=169200 calls=2 n0=2300 n1=274 prims=61005 bb=160,1120,0,694
[OTT] walkUs=1994 texUs=124 emitUs=682 submitUs=244 otherUs=943 prims=392 usPerPrim=5
[FT] avgMs=16 worstMs=53 gameMs=11 drawMs=5 swapWait=0ms draws=70 decodes=0 decMs=0
[OTS] f=169320 calls=2 n0=2298 n1=274 prims=61220 bb=160,1120,0,694
[OTT] walkUs=1940 texUs=124 emitUs=673 submitUs=321 otherUs=820 prims=390 usPerPrim=4
[FT] avgMs=16 worstMs=49 gameMs=11 drawMs=5 swapWait=1ms draws=70 decodes=0 decMs=0
[OTS] f=169440 calls=2 n0=2297 n1=274 prims=61039 bb=160,1120,0,694
[OTT] walkUs=2071 texUs=123 emitUs=673 submitUs=192 otherUs=1083 prims=389 usPerPrim=5
[FT] avgMs=16 worstMs=44 gameMs=11 drawMs=5 swapWait=0ms draws=71 decodes=0 decMs=0
[OTS] f=169560 calls=2 n0=2301 n1=274 prims=61261 bb=160,1120,0,694
[OTT] walkUs=2026 texUs=124 emitUs=681 submitUs=195 otherUs=1024 prims=393 usPerPrim=5
[FT] avgMs=16 worstMs=46 gameMs=11 drawMs=5 swapWait=0ms draws=70 decodes=0 decMs=0
[OTS] f=169680 calls=2 n0=2298 n1=274 prims=60973 bb=160,1120,0,694
[OTT] walkUs=2376 texUs=124 emitUs=672 submitUs=228 otherUs=1350 prims=390 usPerPrim=6
[SH-XBOX] vblank 169800
[MEM] tick: free=4016KB (1004 pages)
[FT] avgMs=16 worstMs=53 gameMs=11 drawMs=5 swapWait=0ms draws=71 decodes=0 decMs=0
[OTS] f=169800 calls=2 n0=2304 n1=274 prims=61208 bb=160,1120,0,694
[OTT] walkUs=2253 texUs=125 emitUs=689 submitUs=178 otherUs=1258 prims=396 usPerPrim=5
[FT] avgMs=16 worstMs=49 gameMs=11 drawMs=5 swapWait=0ms draws=71 decodes=0 decMs=0
[OTS] f=169920 calls=2 n0=2297 n1=274 prims=61207 bb=160,1120,0,694
[OTT] walkUs=1996 texUs=122 emitUs=673 submitUs=207 otherUs=993 prims=389 usPerPrim=5
[FT] avgMs=16 worstMs=45 gameMs=11 drawMs=5 swapWait=0ms draws=71 decodes=0 decMs=0
[OTS] f=170040 calls=2 n0=2302 n1=274 prims=61161 bb=160,1120,0,694
[OTT] walkUs=2197 texUs=125 emitUs=683 submitUs=338 otherUs=1049 prims=394 usPerPrim=5
[FT] avgMs=16 worstMs=46 gameMs=11 drawMs=5 swapWait=0ms draws=70 decodes=0 decMs=0
[OTS] f=170160 calls=2 n0=2295 n1=274 prims=61128 bb=160,1120,0,694
[OTT] walkUs=2137 texUs=123 emitUs=662 submitUs=270 otherUs=1080 prims=387 usPerPrim=5
[FT] avgMs=16 worstMs=53 gameMs=11 drawMs=5 swapWait=1ms draws=70 decodes=0 decMs=0
[OTS] f=170280 calls=2 n0=2303 n1=274 prims=61061 bb=160,1120,0,694
[OTT] walkUs=2128 texUs=130 emitUs=685 submitUs=318 otherUs=994 prims=395 usPerPrim=5
[SH-XBOX] vblank 170400
[MEM] tick: free=4016KB (1004 pages)
[FT] avgMs=16 worstMs=49 gameMs=11 drawMs=5 swapWait=0ms draws=71 decodes=0 decMs=0
[OTS] f=170400 calls=2 n0=2300 n1=274 prims=61314 bb=160,1120,0,694
[OTT] walkUs=2194 texUs=128 emitUs=678 submitUs=371 otherUs=1016 prims=392 usPerPrim=5
[FT] avgMs=16 worstMs=45 gameMs=11 drawMs=5 swapWait=0ms draws=70 decodes=0 decMs=0
[OTS] f=170520 calls=2 n0=2302 n1=274 prims=60907 bb=160,1120,0,694
[OTT] walkUs=2235 texUs=125 emitUs=690 submitUs=271 otherUs=1147 prims=394 usPerPrim=5
[FT] avgMs=16 worstMs=52 gameMs=11 drawMs=5 swapWait=0ms draws=71 decodes=0 decMs=0
[OTS] f=170640 calls=2 n0=2299 n1=274 prims=61318 bb=160,1120,0,694
[OTT] walkUs=2315 texUs=124 emitUs=677 submitUs=370 otherUs=1143 prims=391 usPerPrim=5
[FT] avgMs=16 worstMs=48 gameMs=11 drawMs=5 swapWait=0ms draws=70 decodes=0 decMs=0
[OTS] f=170760 calls=2 n0=2297 n1=274 prims=60989 bb=160,1120,0,694
[OTT] walkUs=2145 texUs=129 emitUs=669 submitUs=230 otherUs=1116 prims=389 usPerPrim=5
[FT] avgMs=16 worstMs=44 gameMs=11 drawMs=5 swapWait=0ms draws=70 decodes=0 decMs=0
[OTS] f=170880 calls=2 n0=2301 n1=274 prims=61243 bb=160,1120,0,694
[OTT] walkUs=2312 texUs=124 emitUs=687 submitUs=227 otherUs=1272 prims=393 usPerPrim=5
[SH-XBOX] vblank 171000
[MEM] tick: free=4016KB (1004 pages)
[FT] avgMs=16 worstMs=45 gameMs=11 drawMs=5 swapWait=0ms draws=71 decodes=0 decMs=0
[OTS] f=171000 calls=2 n0=2302 n1=274 prims=61018 bb=160,1120,0,694
[OTT] walkUs=2241 texUs=128 emitUs=683 submitUs=467 otherUs=961 prims=394 usPerPrim=5
[FT] avgMs=16 worstMs=46 gameMs=11 drawMs=5 swapWait=0ms draws=70 decodes=0 decMs=0
[OTS] f=171120 calls=2 n0=2298 n1=274 prims=61214 bb=160,1120,0,694
[OTT] walkUs=2278 texUs=124 emitUs=677 submitUs=389 otherUs=1086 prims=390 usPerPrim=5
[FT] avgMs=16 worstMs=54 gameMs=11 drawMs=5 swapWait=0ms draws=70 decodes=0 decMs=0
[OTS] f=171240 calls=2 n0=2298 n1=274 prims=61018 bb=160,1120,0,694
[OTT] walkUs=2320 texUs=123 emitUs=671 submitUs=432 otherUs=1093 prims=390 usPerPrim=5
[FT] avgMs=16 worstMs=50 gameMs=11 drawMs=5 swapWait=0ms draws=70 decodes=0 decMs=0
[OTS] f=171360 calls=2 n0=2302 n1=274 prims=61164 bb=160,1120,0,694
[OTT] walkUs=2388 texUs=125 emitUs=685 submitUs=385 otherUs=1191 prims=394 usPerPrim=6
[FT] avgMs=16 worstMs=45 gameMs=11 drawMs=5 swapWait=0ms draws=71 decodes=0 decMs=0
[OTS] f=171480 calls=2 n0=2300 n1=274 prims=61083 bb=160,1120,0,694
[OTT] walkUs=2104 texUs=125 emitUs=682 submitUs=177 otherUs=1119 prims=392 usPerPrim=5
[SH-XBOX] vblank 171600
[MEM] tick: free=4016KB (1004 pages)
[FT] avgMs=16 worstMs=53 gameMs=11 drawMs=5 swapWait=0ms draws=70 decodes=0 decMs=0
[OTS] f=171600 calls=2 n0=2301 n1=274 prims=61199 bb=160,1120,0,694
[OTT] walkUs=1863 texUs=125 emitUs=676 submitUs=197 otherUs=863 prims=393 usPerPrim=4
[FT] avgMs=16 worstMs=48 gameMs=11 drawMs=5 swapWait=0ms draws=70 decodes=0 decMs=0
[OTS] f=171720 calls=2 n0=2297 n1=274 prims=61077 bb=160,1120,0,694
[OTT] walkUs=2262 texUs=122 emitUs=675 submitUs=292 otherUs=1171 prims=389 usPerPrim=5
[FT] avgMs=17 worstMs=67 gameMs=11 drawMs=5 swapWait=0ms draws=71 decodes=0 decMs=0
[OTS] f=171840 calls=2 n0=2302 n1=274 prims=61172 bb=160,1120,0,694
[OTT] walkUs=1980 texUs=124 emitUs=682 submitUs=213 otherUs=959 prims=394 usPerPrim=5
[FT] avgMs=16 worstMs=45 gameMs=11 drawMs=5 swapWait=0ms draws=70 decodes=0 decMs=0
[OTS] f=171960 calls=2 n0=2294 n1=274 prims=61087 bb=160,1120,0,694
[OTT] walkUs=2179 texUs=122 emitUs=665 submitUs=170 otherUs=1221 prims=386 usPerPrim=5
[FT] avgMs=16 worstMs=46 gameMs=11 drawMs=5 swapWait=0ms draws=70 decodes=0 decMs=0
[OTS] f=172080 calls=2 n0=2297 n1=274 prims=61118 bb=160,1120,0,694
[OTT] walkUs=2004 texUs=123 emitUs=674 submitUs=266 otherUs=940 prims=389 usPerPrim=5
[SH-XBOX] vblank 172200
[MEM] tick: free=4016KB (1004 pages)
[FT] avgMs=16 worstMs=54 gameMs=11 drawMs=5 swapWait=0ms draws=71 decodes=0 decMs=0
[OTS] f=172200 calls=2 n0=2298 n1=274 prims=61294 bb=160,1120,0,694
[OTT] walkUs=1962 texUs=123 emitUs=674 submitUs=260 otherUs=903 prims=390 usPerPrim=5
[FT] avgMs=16 worstMs=48 gameMs=11 drawMs=5 swapWait=0ms draws=70 decodes=0 decMs=0
[OTS] f=172320 calls=2 n0=2303 n1=274 prims=60928 bb=160,1120,0,694
[OTT] walkUs=2172 texUs=126 emitUs=690 submitUs=318 otherUs=1037 prims=395 usPerPrim=5
[FT] avgMs=16 worstMs=44 gameMs=11 drawMs=5 swapWait=1ms draws=71 decodes=0 decMs=0
[OTS] f=172440 calls=2 n0=2300 n1=274 prims=61295 bb=160,1120,0,694
[OTT] walkUs=2329 texUs=123 emitUs=681 submitUs=179 otherUs=1344 prims=392 usPerPrim=5
[FT] avgMs=16 worstMs=47 gameMs=11 drawMs=5 swapWait=0ms draws=71 decodes=0 decMs=0
[OTS] f=172560 calls=2 n0=2300 n1=274 prims=61041 bb=160,1120,0,694
[OTT] walkUs=2275 texUs=123 emitUs=679 submitUs=195 otherUs=1276 prims=392 usPerPrim=5
[FT] avgMs=16 worstMs=53 gameMs=11 drawMs=5 swapWait=0ms draws=71 decodes=0 decMs=0
[OTS] f=172680 calls=2 n0=2301 n1=274 prims=61344 bb=160,1120,0,694
[OTT] walkUs=2092 texUs=124 emitUs=687 submitUs=377 otherUs=902 prims=393 usPerPrim=5
[SH-XBOX] vblank 172800
[MEM] tick: free=4016KB (1004 pages)
[FT] avgMs=16 worstMs=49 gameMs=11 drawMs=5 swapWait=0ms draws=70 decodes=0 decMs=0
[OTS] f=172800 calls=2 n0=2301 n1=274 prims=60862 bb=160,1120,0,694
[OTT] walkUs=2175 texUs=124 emitUs=686 submitUs=190 otherUs=1173 prims=393 usPerPrim=5
[FT] avgMs=16 worstMs=45 gameMs=11 drawMs=5 swapWait=0ms draws=71 decodes=0 decMs=0
[OTS] f=172920 calls=2 n0=2302 n1=274 prims=61344 bb=160,1120,0,694
[OTT] walkUs=2251 texUs=124 emitUs=685 submitUs=242 otherUs=1199 prims=394 usPerPrim=5
[FT] avgMs=16 worstMs=46 gameMs=11 drawMs=5 swapWait=0ms draws=71 decodes=0 decMs=0
[OTS] f=173040 calls=2 n0=2299 n1=274 prims=61032 bb=160,1120,0,694
[OTT] walkUs=2274 texUs=123 emitUs=672 submitUs=189 otherUs=1288 prims=391 usPerPrim=5
[FT] avgMs=16 worstMs=54 gameMs=11 drawMs=5 swapWait=0ms draws=70 decodes=0 decMs=0
[OTS] f=173160 calls=2 n0=2300 n1=274 prims=61181 bb=160,1120,0,694
[OTT] walkUs=1923 texUs=124 emitUs=680 submitUs=336 otherUs=782 prims=392 usPerPrim=4
[FT] avgMs=16 worstMs=49 gameMs=11 drawMs=5 swapWait=0ms draws=71 decodes=0 decMs=0
[OTS] f=173280 calls=2 n0=2298 n1=274 prims=61063 bb=160,1120,0,694
[OTT] walkUs=2191 texUs=124 emitUs=673 submitUs=201 otherUs=1192 prims=390 usPerPrim=5
[SH-XBOX] vblank 173400
[MEM] tick: free=4016KB (1004 pages)
[FT] avgMs=16 worstMs=45 gameMs=11 drawMs=5 swapWait=1ms draws=70 decodes=0 decMs=0
[OTS] f=173400 calls=2 n0=2299 n1=274 prims=61195 bb=160,1120,0,694
[OTT] walkUs=2308 texUs=125 emitUs=672 submitUs=327 otherUs=1183 prims=391 usPerPrim=5
[FT] avgMs=16 worstMs=52 gameMs=11 drawMs=5 swapWait=0ms draws=70 decodes=0 decMs=0
[OTS] f=173520 calls=2 n0=2298 n1=274 prims=61057 bb=160,1120,0,694
[OTT] walkUs=2202 texUs=124 emitUs=674 submitUs=430 otherUs=973 prims=390 usPerPrim=5
[FT] avgMs=16 worstMs=48 gameMs=11 drawMs=5 swapWait=0ms draws=71 decodes=0 decMs=0
[OTS] f=173640 calls=2 n0=2304 n1=274 prims=61208 bb=160,1120,0,694
[OTT] walkUs=2278 texUs=125 emitUs=687 submitUs=409 otherUs=1055 prims=396 usPerPrim=5
[FT] avgMs=16 worstMs=44 gameMs=11 drawMs=5 swapWait=0ms draws=70 decodes=0 decMs=0
[OTS] f=173760 calls=2 n0=2297 n1=274 prims=61049 bb=160,1120,0,694
[OTT] walkUs=1839 texUs=122 emitUs=672 submitUs=217 otherUs=825 prims=389 usPerPrim=4
[FT] avgMs=16 worstMs=45 gameMs=11 drawMs=5 swapWait=0ms draws=71 decodes=0 decMs=0
[OTS] f=173880 calls=2 n0=2301 n1=274 prims=61167 bb=160,1120,0,694
[OTT] walkUs=2157 texUs=129 emitUs=681 submitUs=206 otherUs=1139 prims=393 usPerPrim=5
[SH-XBOX] vblank 174000
[MEM] tick: free=4016KB (1004 pages)
[FT] avgMs=16 worstMs=52 gameMs=11 drawMs=5 swapWait=0ms draws=70 decodes=0 decMs=0
[OTS] f=174000 calls=2 n0=2297 n1=274 prims=61126 bb=160,1120,0,694
[OTT] walkUs=2217 texUs=123 emitUs=674 submitUs=383 otherUs=1035 prims=389 usPerPrim=5
[FT] avgMs=16 worstMs=47 gameMs=11 drawMs=5 swapWait=0ms draws=71 decodes=0 decMs=0
[OTS] f=174120 calls=2 n0=2303 n1=274 prims=61086 bb=160,1120,0,694
[OTT] walkUs=2351 texUs=125 emitUs=686 submitUs=326 otherUs=1212 prims=395 usPerPrim=5
[FT] avgMs=16 worstMs=44 gameMs=11 drawMs=5 swapWait=0ms draws=70 decodes=0 decMs=0
[OTS] f=174240 calls=2 n0=2298 n1=274 prims=61214 bb=160,1120,0,694
[OTT] walkUs=1887 texUs=124 emitUs=673 submitUs=211 otherUs=877 prims=390 usPerPrim=4
[FT] avgMs=16 worstMs=45 gameMs=11 drawMs=5 swapWait=0ms draws=70 decodes=0 decMs=0
[OTS] f=174360 calls=2 n0=2301 n1=274 prims=60995 bb=160,1120,0,694
[OTT] walkUs=2337 texUs=123 emitUs=678 submitUs=203 otherUs=1331 prims=393 usPerPrim=5
[FT] avgMs=16 worstMs=46 gameMs=11 drawMs=5 swapWait=0ms draws=71 decodes=0 decMs=0
[OTS] f=174480 calls=2 n0=2299 n1=274 prims=61330 bb=160,1120,0,694
[OTT] walkUs=2001 texUs=127 emitUs=677 submitUs=257 otherUs=939 prims=391 usPerPrim=5
[SH-XBOX] vblank 174600
[MEM] tick: free=4016KB (1004 pages)
[FT] avgMs=16 worstMs=53 gameMs=11 drawMs=5 swapWait=0ms draws=70 decodes=0 decMs=0
[OTS] f=174600 calls=2 n0=2300 n1=274 prims=60873 bb=160,1120,0,694
[OTT] walkUs=2084 texUs=124 emitUs=685 submitUs=313 otherUs=960 prims=392 usPerPrim=5
[FT] avgMs=16 worstMs=49 gameMs=11 drawMs=5 swapWait=1ms draws=71 decodes=0 decMs=0
[OTS] f=174720 calls=2 n0=2301 n1=274 prims=61330 bb=160,1120,0,694
[OTT] walkUs=2067 texUs=125 emitUs=685 submitUs=283 otherUs=973 prims=393 usPerPrim=5
[FT] avgMs=16 worstMs=45 gameMs=11 drawMs=5 swapWait=0ms draws=71 decodes=0 decMs=0
[OTS] f=174840 calls=2 n0=2302 n1=274 prims=61048 bb=160,1120,0,694
[OTT] walkUs=2027 texUs=125 emitUs=686 submitUs=292 otherUs=922 prims=394 usPerPrim=5
[FT] avgMs=16 worstMs=52 gameMs=11 drawMs=5 swapWait=0ms draws=70 decodes=0 decMs=0
[OTS] f=174960 calls=2 n0=2300 n1=274 prims=61188 bb=160,1120,0,694
[OTT] walkUs=1944 texUs=124 emitUs=681 submitUs=199 otherUs=938 prims=392 usPerPrim=4
[FT] avgMs=16 worstMs=48 gameMs=11 drawMs=5 swapWait=1ms draws=71 decodes=0 decMs=0
[OTS] f=175080 calls=2 n0=2299 n1=274 prims=61022 bb=160,1120,0,694
[OTT] walkUs=2087 texUs=124 emitUs=676 submitUs=333 otherUs=952 prims=391 usPerPrim=5
[SH-XBOX] vblank 175200
[MEM] tick: free=4016KB (1004 pages)
[FT] avgMs=16 worstMs=43 gameMs=11 drawMs=5 swapWait=0ms draws=71 decodes=0 decMs=0
[OTS] f=175200 calls=2 n0=2302 n1=274 prims=61284 bb=160,1120,0,694
[OTT] walkUs=2167 texUs=124 emitUs=682 submitUs=305 otherUs=1054 prims=394 usPerPrim=5
[FT] avgMs=16 worstMs=44 gameMs=11 drawMs=5 swapWait=0ms draws=71 decodes=0 decMs=0
[OTS] f=175320 calls=2 n0=2300 n1=274 prims=61113 bb=160,1120,0,694
[OTT] walkUs=2214 texUs=128 emitUs=678 submitUs=310 otherUs=1097 prims=392 usPerPrim=5
[FT] avgMs=16 worstMs=46 gameMs=11 drawMs=5 swapWait=1ms draws=70 decodes=0 decMs=0
[OTS] f=175440 calls=2 n0=2303 n1=274 prims=61109 bb=160,1120,0,694
[OTT] walkUs=2359 texUs=125 emitUs=688 submitUs=412 otherUs=1134 prims=395 usPerPrim=5
[FT] avgMs=16 worstMs=54 gameMs=11 drawMs=5 swapWait=0ms draws=71 decodes=0 decMs=0
[OTS] f=175560 calls=2 n0=2297 n1=274 prims=61137 bb=160,1120,0,694
[OTT] walkUs=2225 texUs=122 emitUs=670 submitUs=183 otherUs=1248 prims=389 usPerPrim=5
[FT] avgMs=16 worstMs=49 gameMs=11 drawMs=5 swapWait=0ms draws=70 decodes=0 decMs=0
[OTS] f=175680 calls=2 n0=2299 n1=274 prims=61176 bb=160,1120,0,694
[OTT] walkUs=2194 texUs=125 emitUs=675 submitUs=393 otherUs=1000 prims=391 usPerPrim=5
[SH-XBOX] vblank 175800
[MEM] tick: free=4016KB (1004 pages)
[FT] avgMs=16 worstMs=45 gameMs=11 drawMs=5 swapWait=0ms draws=70 decodes=0 decMs=0
[OTS] f=175800 calls=2 n0=2296 n1=274 prims=61103 bb=160,1120,0,694
[OTT] walkUs=2274 texUs=122 emitUs=669 submitUs=342 otherUs=1140 prims=388 usPerPrim=5
[FT] avgMs=16 worstMs=52 gameMs=11 drawMs=5 swapWait=0ms draws=71 decodes=0 decMs=0
[OTS] f=175920 calls=2 n0=2298 n1=274 prims=61126 bb=160,1120,0,694
[OTT] walkUs=2221 texUs=123 emitUs=679 submitUs=457 otherUs=960 prims=390 usPerPrim=5
[FT] avgMs=16 worstMs=48 gameMs=11 drawMs=5 swapWait=0ms draws=70 decodes=0 decMs=0
[OTS] f=176040 calls=2 n0=2296 n1=274 prims=61180 bb=160,1120,0,694
[OTT] walkUs=2310 texUs=124 emitUs=669 submitUs=464 otherUs=1052 prims=388 usPerPrim=5
[FT] avgMs=16 worstMs=44 gameMs=11 drawMs=5 swapWait=0ms draws=70 decodes=0 decMs=0
[OTS] f=176160 calls=2 n0=2302 n1=274 prims=61034 bb=160,1120,0,694
[OTT] walkUs=2305 texUs=124 emitUs=685 submitUs=190 otherUs=1305 prims=394 usPerPrim=5
[FT] avgMs=16 worstMs=45 gameMs=11 drawMs=5 swapWait=1ms draws=71 decodes=0 decMs=0
[OTS] f=176280 calls=2 n0=2300 n1=274 prims=61302 bb=160,1120,0,694
[OTT] walkUs=2268 texUs=125 emitUs=679 submitUs=200 otherUs=1261 prims=392 usPerPrim=5
[SH-XBOX] vblank 176400
[MEM] tick: free=4016KB (1004 pages)
[FT] avgMs=16 worstMs=46 gameMs=11 drawMs=5 swapWait=0ms draws=70 decodes=0 decMs=0
[OTS] f=176400 calls=2 n0=2301 n1=274 prims=60901 bb=160,1120,0,694
[OTT] walkUs=2339 texUs=125 emitUs=685 submitUs=266 otherUs=1261 prims=393 usPerPrim=5
[FT] avgMs=16 worstMs=42 gameMs=11 drawMs=5 swapWait=0ms draws=70 decodes=0 decMs=0
[OTS] f=176520 calls=2 n0=2299 n1=274 prims=61307 bb=160,1120,0,694
[OTT] walkUs=2229 texUs=124 emitUs=676 submitUs=190 otherUs=1236 prims=391 usPerPrim=5
[FT] avgMs=16 worstMs=43 gameMs=11 drawMs=5 swapWait=0ms draws=70 decodes=0 decMs=0
[OTS] f=176640 calls=2 n0=2301 n1=274 prims=60914 bb=160,1120,0,694
[OTT] walkUs=2105 texUs=125 emitUs=704 submitUs=188 otherUs=1087 prims=393 usPerPrim=5
[FT] avgMs=16 worstMs=44 gameMs=11 drawMs=5 swapWait=0ms draws=71 decodes=0 decMs=0
[OTS] f=176760 calls=2 n0=2302 n1=274 prims=61344 bb=160,1120,0,694
[OTT] walkUs=2340 texUs=124 emitUs=681 submitUs=201 otherUs=1332 prims=394 usPerPrim=5
[FT] avgMs=16 worstMs=52 gameMs=11 drawMs=5 swapWait=0ms draws=70 decodes=0 decMs=0
[OTS] f=176880 calls=2 n0=2298 n1=274 prims=60904 bb=160,1120,0,694
[OTT] walkUs=2087 texUs=124 emitUs=671 submitUs=356 otherUs=933 prims=390 usPerPrim=5
[SH-XBOX] vblank 177000
[MEM] tick: free=4016KB (1004 pages)
[FT] avgMs=16 worstMs=48 gameMs=11 drawMs=5 swapWait=0ms draws=70 decodes=0 decMs=0
[OTS] f=177000 calls=2 n0=2299 n1=274 prims=61281 bb=160,1120,0,694
[OTT] walkUs=2283 texUs=127 emitUs=675 submitUs=246 otherUs=1234 prims=391 usPerPrim=5
[FT] avgMs=16 worstMs=43 gameMs=11 drawMs=5 swapWait=0ms draws=71 decodes=0 decMs=0
[OTS] f=177120 calls=2 n0=2298 n1=274 prims=61092 bb=160,1120,0,694
[OTT] walkUs=2006 texUs=124 emitUs=677 submitUs=343 otherUs=861 prims=390 usPerPrim=5
[FT] avgMs=16 worstMs=45 gameMs=11 drawMs=5 swapWait=1ms draws=70 decodes=0 decMs=0
[OTS] f=177240 calls=2 n0=2301 n1=274 prims=61121 bb=160,1120,0,694
[OTT] walkUs=2058 texUs=124 emitUs=681 submitUs=186 otherUs=1065 prims=393 usPerPrim=5
[FT] avgMs=16 worstMs=52 gameMs=11 drawMs=5 swapWait=0ms draws=71 decodes=0 decMs=0
[OTS] f=177360 calls=2 n0=2298 n1=274 prims=61100 bb=160,1120,0,694
[OTT] walkUs=2251 texUs=127 emitUs=673 submitUs=516 otherUs=933 prims=390 usPerPrim=5
[FT] avgMs=16 worstMs=48 gameMs=11 drawMs=5 swapWait=0ms draws=70 decodes=0 decMs=0
[OTS] f=177480 calls=2 n0=2301 n1=274 prims=61200 bb=160,1120,0,694
[OTT] walkUs=1874 texUs=125 emitUs=673 submitUs=258 otherUs=815 prims=393 usPerPrim=4
[SH-XBOX] vblank 177600
[MEM] tick: free=4016KB (1004 pages)
[FT] avgMs=16 worstMs=44 gameMs=11 drawMs=5 swapWait=0ms draws=70 decodes=0 decMs=0
[OTS] f=177600 calls=2 n0=2297 n1=274 prims=61087 bb=160,1120,0,694
[OTT] walkUs=2142 texUs=123 emitUs=670 submitUs=335 otherUs=1013 prims=389 usPerPrim=5
[FT] avgMs=16 worstMs=46 gameMs=11 drawMs=5 swapWait=0ms draws=71 decodes=0 decMs=0
[OTS] f=177720 calls=2 n0=2302 n1=274 prims=61161 bb=160,1120,0,694
[OTT] walkUs=2015 texUs=125 emitUs=689 submitUs=198 otherUs=1001 prims=394 usPerPrim=5
[FT] avgMs=16 worstMs=52 gameMs=11 drawMs=5 swapWait=0ms draws=71 decodes=0 decMs=0
[OTS] f=177840 calls=2 n0=2297 n1=274 prims=61230 bb=160,1120,0,694
[OTT] walkUs=2134 texUs=123 emitUs=671 submitUs=187 otherUs=1152 prims=389 usPerPrim=5
[FT] avgMs=16 worstMs=48 gameMs=11 drawMs=5 swapWait=0ms draws=71 decodes=0 decMs=0
[OTS] f=177960 calls=2 n0=2302 n1=274 prims=61112 bb=160,1120,0,694
[OTT] walkUs=2098 texUs=126 emitUs=683 submitUs=330 otherUs=958 prims=394 usPerPrim=5
[FT] avgMs=16 worstMs=44 gameMs=11 drawMs=5 swapWait=0ms draws=70 decodes=0 decMs=0
[OTS] f=178080 calls=2 n0=2300 n1=274 prims=61160 bb=160,1120,0,694
[OTT] walkUs=2216 texUs=124 emitUs=681 submitUs=322 otherUs=1087 prims=392 usPerPrim=5
[SH-XBOX] vblank 178200
[MEM] tick: free=4016KB (1004 pages)
[FT] avgMs=16 worstMs=45 gameMs=11 drawMs=5 swapWait=0ms draws=71 decodes=0 decMs=0
[OTS] f=178200 calls=2 n0=2302 n1=274 prims=61034 bb=160,1120,0,694
[OTT] walkUs=2106 texUs=125 emitUs=683 submitUs=404 otherUs=893 prims=394 usPerPrim=5
[FT] avgMs=16 worstMs=52 gameMs=11 drawMs=5 swapWait=0ms draws=70 decodes=0 decMs=0
[OTS] f=178320 calls=2 n0=2297 n1=274 prims=61280 bb=160,1120,0,694
[OTT] walkUs=2108 texUs=124 emitUs=671 submitUs=367 otherUs=946 prims=389 usPerPrim=5
[FT] avgMs=16 worstMs=48 gameMs=11 drawMs=5 swapWait=0ms draws=70 decodes=0 decMs=0
[OTS] f=178440 calls=2 n0=2300 n1=274 prims=60941 bb=160,1120,0,694
[OTT] walkUs=2196 texUs=124 emitUs=685 submitUs=320 otherUs=1065 prims=392 usPerPrim=5
[FT] avgMs=16 worstMs=44 gameMs=11 drawMs=5 swapWait=0ms draws=71 decodes=0 decMs=0
[OTS] f=178560 calls=2 n0=2301 n1=274 prims=61330 bb=160,1120,0,694
[OTT] walkUs=2234 texUs=127 emitUs=684 submitUs=266 otherUs=1155 prims=393 usPerPrim=5
[FT] avgMs=16 worstMs=46 gameMs=11 drawMs=5 swapWait=0ms draws=70 decodes=0 decMs=0
[OTS] f=178680 calls=2 n0=2300 n1=274 prims=60900 bb=160,1120,0,694
[OTT] walkUs=2236 texUs=125 emitUs=674 submitUs=191 otherUs=1244 prims=392 usPerPrim=5
[SH-XBOX] vblank 178800
[MEM] tick: free=4016KB (1004 pages)
[FT] avgMs=16 worstMs=53 gameMs=11 drawMs=5 swapWait=0ms draws=70 decodes=0 decMs=0
[OTS] f=178800 calls=2 n0=2299 n1=274 prims=61313 bb=160,1120,0,694
[OTT] walkUs=2246 texUs=127 emitUs=672 submitUs=187 otherUs=1259 prims=391 usPerPrim=5
[FT] avgMs=16 worstMs=48 gameMs=11 drawMs=5 swapWait=0ms draws=71 decodes=0 decMs=0
[OTS] f=178920 calls=2 n0=2299 n1=274 prims=61046 bb=160,1120,0,694
[OTT] walkUs=2218 texUs=125 emitUs=676 submitUs=201 otherUs=1215 prims=391 usPerPrim=5
[FT] avgMs=16 worstMs=43 gameMs=11 drawMs=5 swapWait=0ms draws=70 decodes=0 decMs=0
[OTS] f=179040 calls=2 n0=2302 n1=274 prims=61156 bb=160,1120,0,694
[OTT] walkUs=2322 texUs=125 emitUs=686 submitUs=282 otherUs=1228 prims=394 usPerPrim=5
[FT] avgMs=16 worstMs=45 gameMs=11 drawMs=5 swapWait=1ms draws=70 decodes=0 decMs=0
[OTS] f=179160 calls=2 n0=2298 n1=274 prims=61029 bb=160,1120,0,694
[OTT] walkUs=2335 texUs=124 emitUs=672 submitUs=294 otherUs=1244 prims=390 usPerPrim=5
[FT] avgMs=16 worstMs=52 gameMs=11 drawMs=5 swapWait=0ms draws=70 decodes=0 decMs=0
[OTS] f=179280 calls=2 n0=2302 n1=274 prims=61181 bb=160,1120,0,694
[OTT] walkUs=2436 texUs=125 emitUs=685 submitUs=277 otherUs=1347 prims=394 usPerPrim=6
[SH-XBOX] vblank 179400
[MEM] tick: free=4016KB (1004 pages)
[FT] avgMs=16 worstMs=48 gameMs=11 drawMs=5 swapWait=0ms draws=71 decodes=0 decMs=0
[OTS] f=179400 calls=2 n0=2297 n1=274 prims=61149 bb=160,1120,0,694
[OTT] walkUs=1999 texUs=122 emitUs=674 submitUs=342 otherUs=859 prims=389 usPerPrim=5
[FT] avgMs=16 worstMs=44 gameMs=11 drawMs=5 swapWait=0ms draws=70 decodes=0 decMs=0
[OTS] f=179520 calls=2 n0=2302 n1=274 prims=61044 bb=160,1120,0,694
[OTT] walkUs=2328 texUs=124 emitUs=684 submitUs=192 otherUs=1327 prims=394 usPerPrim=5
[FT] avgMs=16 worstMs=45 gameMs=11 drawMs=5 swapWait=0ms draws=71 decodes=0 decMs=0
[OTS] f=179640 calls=2 n0=2296 n1=274 prims=61205 bb=160,1120,0,694
[OTT] walkUs=1906 texUs=123 emitUs=673 submitUs=259 otherUs=850 prims=388 usPerPrim=4
[FT] avgMs=17 worstMs=65 gameMs=11 drawMs=5 swapWait=0ms draws=71 decodes=0 decMs=0
[OTS] f=179760 calls=2 n0=2298 n1=274 prims=61156 bb=160,1120,0,694
[OTT] walkUs=2365 texUs=122 emitUs=673 submitUs=432 otherUs=1136 prims=390 usPerPrim=6
[FT] avgMs=16 worstMs=41 gameMs=11 drawMs=5 swapWait=0ms draws=70 decodes=0 decMs=0
[OTS] f=179880 calls=2 n0=2298 n1=274 prims=61138 bb=160,1120,0,694
[OTT] walkUs=2122 texUs=125 emitUs=675 submitUs=176 otherUs=1145 prims=390 usPerPrim=5
[SH-XBOX] vblank 180000
[MEM] tick: free=4016KB (1004 pages)
[FT] avgMs=16 worstMs=44 gameMs=11 drawMs=5 swapWait=0ms draws=71 decodes=0 decMs=0
[OTS] f=180000 calls=2 n0=2303 n1=274 prims=61054 bb=160,1120,0,694
[OTT] walkUs=2314 texUs=125 emitUs=688 submitUs=274 otherUs=1225 prims=395 usPerPrim=5
[FT] avgMs=16 worstMs=45 gameMs=11 drawMs=5 swapWait=0ms draws=70 decodes=0 decMs=0
[OTS] f=180120 calls=2 n0=2298 n1=274 prims=61240 bb=160,1120,0,694
[OTT] walkUs=1988 texUs=125 emitUs=673 submitUs=366 otherUs=823 prims=390 usPerPrim=5
[FT] avgMs=16 worstMs=52 gameMs=11 drawMs=5 swapWait=0ms draws=70 decodes=0 decMs=0
[OTS] f=180240 calls=2 n0=2301 n1=274 prims=60983 bb=160,1120,0,694
[OTT] walkUs=1951 texUs=124 emitUs=685 submitUs=302 otherUs=839 prims=393 usPerPrim=4
[FT] avgMs=16 worstMs=48 gameMs=11 drawMs=5 swapWait=0ms draws=71 decodes=0 decMs=0
[OTS] f=180360 calls=2 n0=2301 n1=274 prims=61328 bb=160,1120,0,694
[OTT] walkUs=2340 texUs=124 emitUs=688 submitUs=298 otherUs=1229 prims=393 usPerPrim=5
[FT] avgMs=16 worstMs=44 gameMs=11 drawMs=5 swapWait=0ms draws=71 decodes=0 decMs=0
[OTS] f=180480 calls=2 n0=2301 n1=274 prims=60992 bb=160,1120,0,694
[OTT] walkUs=2060 texUs=124 emitUs=683 submitUs=199 otherUs=1052 prims=393 usPerPrim=5
[SH-XBOX] vblank 180600
[MEM] tick: free=4016KB (1004 pages)
[FT] avgMs=16 worstMs=45 gameMs=11 drawMs=5 swapWait=0ms draws=71 decodes=0 decMs=0
[OTS] f=180600 calls=2 n0=2301 n1=274 prims=61355 bb=160,1120,0,694
[OTT] walkUs=2133 texUs=127 emitUs=676 submitUs=372 otherUs=957 prims=393 usPerPrim=5
[FT] avgMs=16 worstMs=52 gameMs=11 drawMs=5 swapWait=0ms draws=70 decodes=0 decMs=0
[OTS] f=180720 calls=2 n0=2300 n1=274 prims=60898 bb=160,1120,0,694
[OTT] walkUs=2033 texUs=125 emitUs=688 submitUs=268 otherUs=951 prims=392 usPerPrim=5
[FT] avgMs=16 worstMs=48 gameMs=11 drawMs=5 swapWait=0ms draws=71 decodes=0 decMs=0
[OTS] f=180840 calls=2 n0=2300 n1=274 prims=61305 bb=160,1120,0,694
[OTT] walkUs=2142 texUs=124 emitUs=682 submitUs=269 otherUs=1065 prims=392 usPerPrim=5
[FT] avgMs=16 worstMs=44 gameMs=11 drawMs=5 swapWait=0ms draws=70 decodes=0 decMs=0
[OTS] f=180960 calls=2 n0=2296 n1=274 prims=60994 bb=160,1120,0,694
[OTT] walkUs=2115 texUs=123 emitUs=667 submitUs=187 otherUs=1137 prims=388 usPerPrim=5
[FT] avgMs=16 worstMs=45 gameMs=11 drawMs=5 swapWait=1ms draws=70 decodes=0 decMs=0
[OTS] f=181080 calls=2 n0=2300 n1=274 prims=61213 bb=160,1120,0,694
[OTT] walkUs=2152 texUs=127 emitUs=678 submitUs=202 otherUs=1145 prims=392 usPerPrim=5
[SH-XBOX] vblank 181200
[MEM] tick: free=4016KB (1004 pages)
[FT] avgMs=16 worstMs=52 gameMs=11 drawMs=5 swapWait=0ms draws=71 decodes=0 decMs=0
[OTS] f=181200 calls=2 n0=2298 n1=274 prims=61108 bb=160,1120,0,694
[OTT] walkUs=2222 texUs=123 emitUs=673 submitUs=396 otherUs=1029 prims=390 usPerPrim=5
[FT] avgMs=16 worstMs=48 gameMs=11 drawMs=5 swapWait=0ms draws=70 decodes=0 decMs=0
[OTS] f=181320 calls=2 n0=2304 n1=274 prims=61081 bb=160,1120,0,694
[OTT] walkUs=2063 texUs=127 emitUs=690 submitUs=234 otherUs=1011 prims=396 usPerPrim=5
[FT] avgMs=16 worstMs=44 gameMs=11 drawMs=5 swapWait=0ms draws=71 decodes=0 decMs=0
[OTS] f=181440 calls=2 n0=2297 n1=274 prims=61176 bb=160,1120,0,694
[OTT] walkUs=2212 texUs=122 emitUs=670 submitUs=270 otherUs=1148 prims=389 usPerPrim=5
[FT] avgMs=16 worstMs=45 gameMs=11 drawMs=5 swapWait=1ms draws=71 decodes=0 decMs=0
[OTS] f=181560 calls=2 n0=2302 n1=274 prims=61191 bb=160,1120,0,694
[OTT] walkUs=2284 texUs=124 emitUs=685 submitUs=412 otherUs=1060 prims=394 usPerPrim=5
[FT] avgMs=16 worstMs=52 gameMs=11 drawMs=5 swapWait=0ms draws=70 decodes=0 decMs=0
[OTS] f=181680 calls=2 n0=2297 n1=274 prims=61102 bb=160,1120,0,694
[OTT] walkUs=2120 texUs=123 emitUs=670 submitUs=255 otherUs=1071 prims=389 usPerPrim=5
[SH-XBOX] vblank 181800
[MEM] tick: free=4016KB (1004 pages)
[FT] avgMs=16 worstMs=48 gameMs=11 drawMs=5 swapWait=0ms draws=70 decodes=0 decMs=0
[OTS] f=181800 calls=2 n0=2301 n1=274 prims=61000 bb=160,1120,0,694
[OTT] walkUs=2362 texUs=125 emitUs=675 submitUs=371 otherUs=1190 prims=393 usPerPrim=6
[FT] avgMs=16 worstMs=44 gameMs=11 drawMs=5 swapWait=0ms draws=70 decodes=0 decMs=0
[OTS] f=181920 calls=2 n0=2299 n1=274 prims=61244 bb=160,1120,0,694
[OTT] walkUs=2265 texUs=124 emitUs=676 submitUs=326 otherUs=1138 prims=391 usPerPrim=5
[FT] avgMs=16 worstMs=45 gameMs=11 drawMs=5 swapWait=0ms draws=71 decodes=0 decMs=0
[OTS] f=182040 calls=2 n0=2302 n1=274 prims=61062 bb=160,1120,0,694
[OTT] walkUs=2350 texUs=127 emitUs=682 submitUs=190 otherUs=1350 prims=394 usPerPrim=5
[FT] avgMs=16 worstMs=53 gameMs=11 drawMs=5 swapWait=0ms draws=70 decodes=0 decMs=0
[OTS] f=182160 calls=2 n0=2299 n1=274 prims=61190 bb=160,1120,0,694
[OTT] walkUs=2365 texUs=123 emitUs=678 submitUs=222 otherUs=1340 prims=391 usPerPrim=6
[FT] avgMs=16 worstMs=48 gameMs=11 drawMs=5 swapWait=0ms draws=71 decodes=0 decMs=0
[OTS] f=182280 calls=2 n0=2300 n1=274 prims=61000 bb=160,1120,0,694
[OTT] walkUs=2098 texUs=124 emitUs=681 submitUs=526 otherUs=766 prims=392 usPerPrim=5
[SH-XBOX] vblank 182400
[MEM] tick: free=4016KB (1004 pages)
[FT] avgMs=16 worstMs=44 gameMs=11 drawMs=5 swapWait=0ms draws=70 decodes=0 decMs=0
[OTS] f=182400 calls=2 n0=2298 n1=274 prims=61338 bb=160,1120,0,694
[OTT] walkUs=2362 texUs=124 emitUs=673 submitUs=182 otherUs=1381 prims=390 usPerPrim=6
[FT] avgMs=16 worstMs=45 gameMs=11 drawMs=5 swapWait=0ms draws=70 decodes=0 decMs=0
[OTS] f=182520 calls=2 n0=2302 n1=274 prims=60912 bb=160,1120,0,694
[OTT] walkUs=1915 texUs=125 emitUs=683 submitUs=221 otherUs=884 prims=394 usPerPrim=4
[FT] avgMs=16 worstMs=53 gameMs=11 drawMs=5 swapWait=0ms draws=71 decodes=0 decMs=0
[OTS] f=182640 calls=2 n0=2300 n1=274 prims=61317 bb=160,1120,0,694
[OTT] walkUs=2090 texUs=128 emitUs=678 submitUs=177 otherUs=1106 prims=392 usPerPrim=5
[FT] avgMs=16 worstMs=48 gameMs=11 drawMs=5 swapWait=0ms draws=70 decodes=0 decMs=0
[OTS] f=182760 calls=2 n0=2297 n1=274 prims=60936 bb=160,1120,0,694
[OTT] walkUs=2228 texUs=123 emitUs=668 submitUs=323 otherUs=1112 prims=389 usPerPrim=5
[FT] avgMs=16 worstMs=44 gameMs=11 drawMs=5 swapWait=0ms draws=70 decodes=0 decMs=0
[OTS] f=182880 calls=2 n0=2301 n1=274 prims=61269 bb=160,1120,0,694
[OTT] walkUs=2046 texUs=124 emitUs=682 submitUs=403 otherUs=836 prims=393 usPerPrim=5
[SH-XBOX] vblank 183000
[MEM] tick: free=4016KB (1004 pages)
[FT] avgMs=16 worstMs=46 gameMs=11 drawMs=5 swapWait=0ms draws=71 decodes=0 decMs=0
[OTS] f=183000 calls=2 n0=2300 n1=274 prims=61087 bb=160,1120,0,694
[OTT] walkUs=2050 texUs=124 emitUs=679 submitUs=185 otherUs=1061 prims=392 usPerPrim=5
[FT] avgMs=16 worstMs=52 gameMs=11 drawMs=5 swapWait=0ms draws=71 decodes=0 decMs=0
[OTS] f=183120 calls=2 n0=2303 n1=274 prims=61237 bb=160,1120,0,694
[OTT] walkUs=1932 texUs=125 emitUs=690 submitUs=198 otherUs=917 prims=395 usPerPrim=4
[FT] avgMs=16 worstMs=48 gameMs=11 drawMs=5 swapWait=0ms draws=70 decodes=0 decMs=0
[OTS] f=183240 calls=2 n0=2295 n1=274 prims=61115 bb=160,1120,0,694
[OTT] walkUs=1932 texUs=124 emitUs=667 submitUs=320 otherUs=819 prims=387 usPerPrim=4
[FT] avgMs=16 worstMs=43 gameMs=11 drawMs=5 swapWait=0ms draws=70 decodes=0 decMs=0
[OTS] f=183360 calls=2 n0=2302 n1=274 prims=61096 bb=160,1120,0,694
[OTT] walkUs=2171 texUs=125 emitUs=683 submitUs=314 otherUs=1048 prims=394 usPerPrim=5
[FT] avgMs=16 worstMs=46 gameMs=11 drawMs=5 swapWait=0ms draws=71 decodes=0 decMs=0
[OTS] f=183480 calls=2 n0=2296 n1=274 prims=61205 bb=160,1120,0,694
[OTT] walkUs=2348 texUs=123 emitUs=677 submitUs=473 otherUs=1074 prims=388 usPerPrim=6
[SH-XBOX] vblank 183600
[MEM] tick: free=4016KB (1004 pages)
[FT] avgMs=16 worstMs=52 gameMs=11 drawMs=5 swapWait=0ms draws=70 decodes=0 decMs=0
[OTS] f=183600 calls=2 n0=2296 n1=274 prims=61024 bb=160,1120,0,694
[OTT] walkUs=2075 texUs=123 emitUs=664 submitUs=186 otherUs=1101 prims=388 usPerPrim=5
[FT] avgMs=16 worstMs=48 gameMs=11 drawMs=5 swapWait=0ms draws=70 decodes=0 decMs=0
[OTS] f=183720 calls=2 n0=2297 n1=274 prims=61246 bb=160,1120,0,694
[OTT] walkUs=1990 texUs=127 emitUs=672 submitUs=286 otherUs=904 prims=389 usPerPrim=5
[FT] avgMs=16 worstMs=44 gameMs=11 drawMs=5 swapWait=0ms draws=71 decodes=0 decMs=0
[OTS] f=183840 calls=2 n0=2303 n1=274 prims=61078 bb=160,1120,0,694
[OTT] walkUs=2363 texUs=125 emitUs=693 submitUs=199 otherUs=1344 prims=395 usPerPrim=5
[FT] avgMs=16 worstMs=45 gameMs=11 drawMs=5 swapWait=0ms draws=70 decodes=0 decMs=0
[OTS] f=183960 calls=2 n0=2300 n1=274 prims=61166 bb=160,1120,0,694
[OTT] walkUs=2267 texUs=124 emitUs=681 submitUs=460 otherUs=1000 prims=392 usPerPrim=5
[FT] avgMs=16 worstMs=52 gameMs=11 drawMs=5 swapWait=0ms draws=71 decodes=0 decMs=0
[OTS] f=184080 calls=2 n0=2301 n1=274 prims=61027 bb=160,1120,0,694
[OTT] walkUs=2365 texUs=124 emitUs=685 submitUs=470 otherUs=1085 prims=393 usPerPrim=6
[SH-XBOX] vblank 184200
[MEM] tick: free=4016KB (1004 pages)
[FT] avgMs=16 worstMs=48 gameMs=11 drawMs=5 swapWait=0ms draws=70 decodes=0 decMs=0
[OTS] f=184200 calls=2 n0=2298 n1=274 prims=61324 bb=160,1120,0,694
[OTT] walkUs=2241 texUs=123 emitUs=667 submitUs=334 otherUs=1116 prims=390 usPerPrim=5
[FT] avgMs=16 worstMs=44 gameMs=11 drawMs=5 swapWait=0ms draws=70 decodes=0 decMs=0
[OTS] f=184320 calls=2 n0=2301 n1=274 prims=60896 bb=160,1120,0,694
[OTT] walkUs=2187 texUs=124 emitUs=684 submitUs=219 otherUs=1159 prims=393 usPerPrim=5
[FT] avgMs=16 worstMs=45 gameMs=11 drawMs=5 swapWait=0ms draws=70 decodes=0 decMs=0
[OTS] f=184440 calls=2 n0=2300 n1=274 prims=61226 bb=160,1120,0,694
[OTT] walkUs=2321 texUs=125 emitUs=674 submitUs=329 otherUs=1191 prims=392 usPerPrim=5
[FT] avgMs=16 worstMs=53 gameMs=11 drawMs=5 swapWait=1ms draws=70 decodes=0 decMs=0
[OTS] f=184560 calls=2 n0=2300 n1=274 prims=60998 bb=160,1120,0,694
[OTT] walkUs=2354 texUs=123 emitUs=678 submitUs=503 otherUs=1049 prims=392 usPerPrim=6
[FT] avgMs=16 worstMs=48 gameMs=11 drawMs=5 swapWait=0ms draws=71 decodes=0 decMs=0
[OTS] f=184680 calls=2 n0=2300 n1=274 prims=61336 bb=160,1120,0,694
[OTT] walkUs=2346 texUs=124 emitUs=684 submitUs=215 otherUs=1322 prims=392 usPerPrim=5
[SH-XBOX] vblank 184800
[MEM] tick: free=4016KB (1004 pages)
[FT] avgMs=16 worstMs=44 gameMs=11 drawMs=5 swapWait=1ms draws=70 decodes=0 decMs=0
[OTS] f=184800 calls=2 n0=2298 n1=274 prims=60936 bb=160,1120,0,694
[OTT] walkUs=2247 texUs=124 emitUs=673 submitUs=326 otherUs=1123 prims=390 usPerPrim=5
[FT] avgMs=16 worstMs=45 gameMs=11 drawMs=5 swapWait=0ms draws=71 decodes=0 decMs=0
[OTS] f=184920 calls=2 n0=2301 n1=274 prims=61249 bb=160,1120,0,694
[OTT] walkUs=2325 texUs=125 emitUs=686 submitUs=361 otherUs=1151 prims=393 usPerPrim=5
[FT] avgMs=16 worstMs=53 gameMs=11 drawMs=5 swapWait=0ms draws=70 decodes=0 decMs=0
[OTS] f=185040 calls=2 n0=2296 n1=274 prims=61062 bb=160,1120,0,694
[OTT] walkUs=1964 texUs=124 emitUs=665 submitUs=351 otherUs=823 prims=388 usPerPrim=5
[FT] avgMs=16 worstMs=49 gameMs=11 drawMs=5 swapWait=0ms draws=70 decodes=0 decMs=0
[OTS] f=185160 calls=2 n0=2304 n1=274 prims=61149 bb=160,1120,0,694
[OTT] walkUs=2171 texUs=126 emitUs=690 submitUs=323 otherUs=1030 prims=396 usPerPrim=5
[FT] avgMs=16 worstMs=44 gameMs=11 drawMs=5 swapWait=0ms draws=71 decodes=0 decMs=0
[OTS] f=185280 calls=2 n0=2297 n1=274 prims=61176 bb=160,1120,0,694
[OTT] walkUs=2445 texUs=123 emitUs=671 submitUs=178 otherUs=1472 prims=389 usPerPrim=6
[SH-XBOX] vblank 185400
[MEM] tick: free=4016KB (1004 pages)
[FT] avgMs=16 worstMs=46 gameMs=11 drawMs=5 swapWait=0ms draws=70 decodes=0 decMs=0
[OTS] f=185400 calls=2 n0=2300 n1=274 prims=61044 bb=160,1120,0,694
[OTT] walkUs=2317 texUs=124 emitUs=677 submitUs=182 otherUs=1332 prims=392 usPerPrim=5
[FT] avgMs=16 worstMs=52 gameMs=11 drawMs=5 swapWait=0ms draws=70 decodes=0 decMs=0
[OTS] f=185520 calls=2 n0=2296 n1=274 prims=61229 bb=160,1120,0,694
[OTT] walkUs=2016 texUs=122 emitUs=668 submitUs=210 otherUs=1015 prims=388 usPerPrim=5
[FT] avgMs=16 worstMs=49 gameMs=11 drawMs=5 swapWait=0ms draws=71 decodes=0 decMs=0
[OTS] f=185640 calls=2 n0=2303 n1=274 prims=61106 bb=160,1120,0,694
[OTT] walkUs=2382 texUs=125 emitUs=688 submitUs=491 otherUs=1076 prims=395 usPerPrim=6
[FT] avgMs=16 worstMs=43 gameMs=11 drawMs=5 swapWait=0ms draws=71 decodes=0 decMs=0
[OTS] f=185760 calls=2 n0=2300 n1=274 prims=61284 bb=160,1120,0,694
[OTT] walkUs=2265 texUs=124 emitUs=683 submitUs=208 otherUs=1249 prims=392 usPerPrim=5
[FT] avgMs=16 worstMs=46 gameMs=11 drawMs=5 swapWait=0ms draws=70 decodes=0 decMs=0
[OTS] f=185880 calls=2 n0=2300 n1=274 prims=60980 bb=160,1120,0,694
[OTT] walkUs=2019 texUs=125 emitUs=674 submitUs=196 otherUs=1022 prims=392 usPerPrim=5
[SH-XBOX] vblank 186000
[MEM] tick: free=4016KB (1004 pages)
[FT] avgMs=16 worstMs=52 gameMs=11 drawMs=5 swapWait=0ms draws=70 decodes=0 decMs=0
[OTS] f=186000 calls=2 n0=2298 n1=274 prims=61266 bb=160,1120,0,694
[OTT] walkUs=2246 texUs=123 emitUs=671 submitUs=176 otherUs=1275 prims=390 usPerPrim=5
[FT] avgMs=16 worstMs=48 gameMs=11 drawMs=5 swapWait=0ms draws=71 decodes=0 decMs=0
[OTS] f=186120 calls=2 n0=2300 n1=274 prims=61008 bb=160,1120,0,694
[OTT] walkUs=1997 texUs=124 emitUs=687 submitUs=243 otherUs=941 prims=392 usPerPrim=5
[FT] avgMs=16 worstMs=44 gameMs=11 drawMs=5 swapWait=0ms draws=70 decodes=0 decMs=0
[OTS] f=186240 calls=2 n0=2301 n1=274 prims=61202 bb=160,1120,0,694
[OTT] walkUs=2284 texUs=124 emitUs=680 submitUs=357 otherUs=1122 prims=393 usPerPrim=5
[FT] avgMs=16 worstMs=45 gameMs=11 drawMs=5 swapWait=0ms draws=71 decodes=0 decMs=0
[OTS] f=186360 calls=2 n0=2302 n1=274 prims=61017 bb=160,1120,0,694
[OTT] walkUs=2104 texUs=126 emitUs=685 submitUs=192 otherUs=1100 prims=394 usPerPrim=5
[FT] avgMs=16 worstMs=53 gameMs=11 drawMs=5 swapWait=0ms draws=71 decodes=0 decMs=0
[OTS] f=186480 calls=2 n0=2300 n1=274 prims=61347 bb=160,1120,0,694
[OTT] walkUs=2100 texUs=124 emitUs=681 submitUs=201 otherUs=1092 prims=392 usPerPrim=5
[SH-XBOX] vblank 186600
[MEM] tick: free=4016KB (1004 pages)
[FT] avgMs=16 worstMs=48 gameMs=11 drawMs=5 swapWait=0ms draws=70 decodes=0 decMs=0
[OTS] f=186600 calls=2 n0=2299 n1=274 prims=60894 bb=160,1120,0,694
[OTT] walkUs=2192 texUs=124 emitUs=680 submitUs=371 otherUs=1016 prims=391 usPerPrim=5
[FT] avgMs=16 worstMs=44 gameMs=11 drawMs=5 swapWait=0ms draws=71 decodes=0 decMs=0
[OTS] f=186720 calls=2 n0=2302 n1=274 prims=61285 bb=160,1120,0,694
[OTT] walkUs=2218 texUs=125 emitUs=691 submitUs=299 otherUs=1102 prims=394 usPerPrim=5
[FT] avgMs=16 worstMs=45 gameMs=11 drawMs=5 swapWait=0ms draws=70 decodes=0 decMs=0
[OTS] f=186840 calls=2 n0=2297 n1=274 prims=61031 bb=160,1120,0,694
[OTT] walkUs=2176 texUs=123 emitUs=663 submitUs=187 otherUs=1200 prims=389 usPerPrim=5
[FT] avgMs=16 worstMs=53 gameMs=11 drawMs=5 swapWait=0ms draws=70 decodes=0 decMs=0
[OTS] f=186960 calls=2 n0=2303 n1=274 prims=61191 bb=160,1120,0,694
[OTT] walkUs=2212 texUs=125 emitUs=685 submitUs=193 otherUs=1208 prims=395 usPerPrim=5
[FT] avgMs=16 worstMs=48 gameMs=11 drawMs=5 swapWait=0ms draws=70 decodes=0 decMs=0
[OTS] f=187080 calls=2 n0=2297 n1=274 prims=61010 bb=160,1120,0,694
[OTT] walkUs=2283 texUs=123 emitUs=672 submitUs=383 otherUs=1104 prims=389 usPerPrim=5
[SH-XBOX] vblank 187200
[MEM] tick: free=4016KB (1004 pages)
[FT] avgMs=16 worstMs=44 gameMs=11 drawMs=5 swapWait=0ms draws=71 decodes=0 decMs=0
[OTS] f=187200 calls=2 n0=2302 n1=274 prims=61172 bb=160,1120,0,694
[OTT] walkUs=2189 texUs=125 emitUs=682 submitUs=194 otherUs=1187 prims=394 usPerPrim=5
[FT] avgMs=16 worstMs=45 gameMs=11 drawMs=5 swapWait=0ms draws=71 decodes=0 decMs=0
[OTS] f=187320 calls=2 n0=2295 n1=274 prims=61219 bb=160,1120,0,694
[OTT] walkUs=2343 texUs=122 emitUs=667 submitUs=426 otherUs=1126 prims=387 usPerPrim=6
[FT] avgMs=16 worstMs=53 gameMs=11 drawMs=5 swapWait=0ms draws=70 decodes=0 decMs=0
[OTS] f=187440 calls=2 n0=2298 n1=274 prims=61014 bb=160,1120,0,694
[OTT] walkUs=2363 texUs=123 emitUs=675 submitUs=486 otherUs=1077 prims=390 usPerPrim=6
[FT] avgMs=17 worstMs=71 gameMs=11 drawMs=5 swapWait=0ms draws=71 decodes=0 decMs=0
[OTS] f=187560 calls=2 n0=2298 n1=274 prims=61266 bb=160,1120,0,694
[OTT] walkUs=2353 texUs=123 emitUs=676 submitUs=299 otherUs=1253 prims=390 usPerPrim=6
[FT] avgMs=16 worstMs=50 gameMs=11 drawMs=5 swapWait=1ms draws=70 decodes=0 decMs=0
[OTS] f=187680 calls=2 n0=2301 n1=274 prims=60984 bb=160,1120,0,694
[OTT] walkUs=2234 texUs=125 emitUs=681 submitUs=211 otherUs=1216 prims=393 usPerPrim=5
[SH-XBOX] vblank 187800
[MEM] tick: free=4016KB (1004 pages)
[FT] avgMs=16 worstMs=45 gameMs=11 drawMs=5 swapWait=0ms draws=70 decodes=0 decMs=0
[OTS] f=187800 calls=2 n0=2299 n1=274 prims=61262 bb=160,1120,0,694
[OTT] walkUs=2051 texUs=124 emitUs=676 submitUs=192 otherUs=1059 prims=391 usPerPrim=5
[FT] avgMs=16 worstMs=53 gameMs=11 drawMs=5 swapWait=0ms draws=71 decodes=0 decMs=0
[OTS] f=187920 calls=2 n0=2301 n1=274 prims=61031 bb=160,1120,0,694
[OTT] walkUs=2193 texUs=125 emitUs=680 submitUs=278 otherUs=1109 prims=393 usPerPrim=5
[FT] avgMs=16 worstMs=48 gameMs=11 drawMs=5 swapWait=0ms draws=70 decodes=0 decMs=0
[OTS] f=188040 calls=2 n0=2301 n1=274 prims=61200 bb=160,1120,0,694
[OTT] walkUs=2009 texUs=128 emitUs=682 submitUs=351 otherUs=845 prims=393 usPerPrim=5
[FT] avgMs=16 worstMs=44 gameMs=11 drawMs=5 swapWait=0ms draws=71 decodes=0 decMs=0
[OTS] f=188160 calls=2 n0=2301 n1=274 prims=60990 bb=160,1120,0,694
[OTT] walkUs=2479 texUs=124 emitUs=685 submitUs=441 otherUs=1227 prims=393 usPerPrim=6
[FT] avgMs=16 worstMs=45 gameMs=11 drawMs=5 swapWait=0ms draws=71 decodes=0 decMs=0
[OTS] f=188280 calls=2 n0=2302 n1=274 prims=61374 bb=160,1120,0,694
[OTT] walkUs=1995 texUs=125 emitUs=690 submitUs=226 otherUs=952 prims=394 usPerPrim=5
[SH-XBOX] vblank 188400
[MEM] tick: free=4016KB (1004 pages)
[FT] avgMs=16 worstMs=53 gameMs=11 drawMs=5 swapWait=0ms draws=71 decodes=0 decMs=0
[OTS] f=188400 calls=2 n0=2300 n1=274 prims=61006 bb=160,1120,0,694
[OTT] walkUs=1956 texUs=124 emitUs=681 submitUs=218 otherUs=932 prims=392 usPerPrim=4
[FT] avgMs=16 worstMs=49 gameMs=11 drawMs=5 swapWait=1ms draws=70 decodes=0 decMs=0
[OTS] f=188520 calls=2 n0=2298 n1=274 prims=61219 bb=160,1120,0,694
[OTT] walkUs=2293 texUs=123 emitUs=670 submitUs=322 otherUs=1176 prims=390 usPerPrim=5
[FT] avgMs=16 worstMs=44 gameMs=11 drawMs=5 swapWait=0ms draws=70 decodes=0 decMs=0
[OTS] f=188640 calls=2 n0=2297 n1=274 prims=61030 bb=160,1120,0,694
[OTT] walkUs=2154 texUs=123 emitUs=671 submitUs=270 otherUs=1088 prims=389 usPerPrim=5
[FT] avgMs=16 worstMs=46 gameMs=11 drawMs=5 swapWait=0ms draws=71 decodes=0 decMs=0
[OTS] f=188760 calls=2 n0=2301 n1=274 prims=61273 bb=160,1120,0,694
[OTT] walkUs=2446 texUs=124 emitUs=682 submitUs=298 otherUs=1340 prims=393 usPerPrim=6
[FT] avgMs=16 worstMs=52 gameMs=11 drawMs=5 swapWait=0ms draws=70 decodes=0 decMs=0
[OTS] f=188880 calls=2 n0=2298 n1=274 prims=60973 bb=160,1120,0,694
[OTT] walkUs=1933 texUs=123 emitUs=677 submitUs=249 otherUs=882 prims=390 usPerPrim=4
[SH-XBOX] vblank 189000
[MEM] tick: free=4016KB (1004 pages)
[FT] avgMs=16 worstMs=48 gameMs=11 drawMs=5 swapWait=0ms draws=71 decodes=0 decMs=0
[OTS] f=189000 calls=2 n0=2304 n1=274 prims=61209 bb=160,1120,0,694
[OTT] walkUs=2208 texUs=126 emitUs=687 submitUs=413 otherUs=981 prims=396 usPerPrim=5
[FT] avgMs=16 worstMs=44 gameMs=11 drawMs=5 swapWait=0ms draws=70 decodes=0 decMs=0
[OTS] f=189120 calls=2 n0=2294 n1=274 prims=61188 bb=160,1120,0,694
[OTT] walkUs=2202 texUs=122 emitUs=660 submitUs=292 otherUs=1127 prims=386 usPerPrim=5
[FT] avgMs=16 worstMs=46 gameMs=11 drawMs=5 swapWait=0ms draws=70 decodes=0 decMs=0
[OTS] f=189240 calls=2 n0=2302 n1=274 prims=61052 bb=160,1120,0,694
[OTT] walkUs=2200 texUs=124 emitUs=683 submitUs=343 otherUs=1048 prims=394 usPerPrim=5
[FT] avgMs=16 worstMs=53 gameMs=11 drawMs=5 swapWait=0ms draws=71 decodes=0 decMs=0
[OTS] f=189360 calls=2 n0=2297 n1=274 prims=61229 bb=160,1120,0,694
[OTT] walkUs=2237 texUs=122 emitUs=678 submitUs=190 otherUs=1246 prims=389 usPerPrim=5
[FT] avgMs=16 worstMs=49 gameMs=11 drawMs=5 swapWait=0ms draws=70 decodes=0 decMs=0
[OTS] f=189480 calls=2 n0=2301 n1=274 prims=61001 bb=160,1120,0,694
[OTT] walkUs=2201 texUs=126 emitUs=682 submitUs=484 otherUs=908 prims=393 usPerPrim=5
[SH-XBOX] vblank 189600
[MEM] tick: free=4016KB (1004 pages)
[FT] avgMs=16 worstMs=44 gameMs=11 drawMs=5 swapWait=0ms draws=70 decodes=0 decMs=0
[OTS] f=189600 calls=2 n0=2300 n1=274 prims=61271 bb=160,1120,0,694
[OTT] walkUs=2236 texUs=124 emitUs=677 submitUs=293 otherUs=1140 prims=392 usPerPrim=5
[FT] avgMs=16 worstMs=45 gameMs=11 drawMs=5 swapWait=0ms draws=70 decodes=0 decMs=0
[OTS] f=189720 calls=2 n0=2302 n1=274 prims=60906 bb=160,1120,0,694
[OTT] walkUs=2275 texUs=124 emitUs=685 submitUs=357 otherUs=1107 prims=394 usPerPrim=5
[FT] avgMs=16 worstMs=52 gameMs=11 drawMs=5 swapWait=1ms draws=71 decodes=0 decMs=0
[OTS] f=189840 calls=2 n0=2299 n1=274 prims=61318 bb=160,1120,0,694
[OTT] walkUs=2057 texUs=123 emitUs=677 submitUs=279 otherUs=976 prims=391 usPerPrim=5
[FT] avgMs=16 worstMs=49 gameMs=11 drawMs=5 swapWait=0ms draws=70 decodes=0 decMs=0
[OTS] f=189960 calls=2 n0=2298 n1=274 prims=60978 bb=160,1120,0,694
[OTT] walkUs=2297 texUs=124 emitUs=673 submitUs=183 otherUs=1315 prims=390 usPerPrim=5
[FT] avgMs=16 worstMs=44 gameMs=11 drawMs=5 swapWait=1ms draws=70 decodes=0 decMs=0
[OTS] f=190080 calls=2 n0=2301 n1=274 prims=61254 bb=160,1120,0,694
[OTT] walkUs=2357 texUs=124 emitUs=685 submitUs=275 otherUs=1271 prims=393 usPerPrim=5
[SH-XBOX] vblank 190200
[MEM] tick: free=4016KB (1004 pages)
[FT] avgMs=16 worstMs=45 gameMs=11 drawMs=5 swapWait=0ms draws=71 decodes=0 decMs=0
[OTS] f=190200 calls=2 n0=2302 n1=274 prims=61017 bb=160,1120,0,694
[OTT] walkUs=1823 texUs=128 emitUs=688 submitUs=229 otherUs=776 prims=394 usPerPrim=4
[FT] avgMs=16 worstMs=53 gameMs=11 drawMs=5 swapWait=0ms draws=70 decodes=0 decMs=0
[OTS] f=190320 calls=2 n0=2298 n1=274 prims=61215 bb=160,1120,0,694
[OTT] walkUs=2224 texUs=123 emitUs=672 submitUs=185 otherUs=1242 prims=390 usPerPrim=5
[FT] avgMs=16 worstMs=49 gameMs=11 drawMs=5 swapWait=0ms draws=70 decodes=0 decMs=0
[OTS] f=190440 calls=2 n0=2298 n1=274 prims=61005 bb=160,1120,0,694
[OTT] walkUs=2107 texUs=123 emitUs=678 submitUs=180 otherUs=1125 prims=390 usPerPrim=5
[FT] avgMs=16 worstMs=44 gameMs=11 drawMs=5 swapWait=0ms draws=71 decodes=0 decMs=0
[OTS] f=190560 calls=2 n0=2302 n1=274 prims=61305 bb=160,1120,0,694
[OTT] walkUs=2354 texUs=125 emitUs=686 submitUs=323 otherUs=1219 prims=394 usPerPrim=5
[FT] avgMs=16 worstMs=45 gameMs=11 drawMs=5 swapWait=0ms draws=70 decodes=0 decMs=0
[OTS] f=190680 calls=2 n0=2300 n1=274 prims=60955 bb=160,1120,0,694
[OTT] walkUs=1995 texUs=124 emitUs=683 submitUs=271 otherUs=915 prims=392 usPerPrim=5
[SH-XBOX] vblank 190800
[MEM] tick: free=4016KB (1004 pages)
[FT] avgMs=16 worstMs=53 gameMs=11 drawMs=5 swapWait=0ms draws=71 decodes=0 decMs=0
[OTS] f=190800 calls=2 n0=2303 n1=274 prims=61237 bb=160,1120,0,694
[OTT] walkUs=2057 texUs=125 emitUs=689 submitUs=214 otherUs=1027 prims=395 usPerPrim=5
[FT] avgMs=16 worstMs=49 gameMs=11 drawMs=5 swapWait=0ms draws=71 decodes=0 decMs=0
[OTS] f=190920 calls=2 n0=2296 n1=274 prims=61160 bb=160,1120,0,694
[OTT] walkUs=2161 texUs=122 emitUs=668 submitUs=193 otherUs=1176 prims=388 usPerPrim=5
[FT] avgMs=16 worstMs=44 gameMs=11 drawMs=5 swapWait=0ms draws=71 decodes=0 decMs=0
[OTS] f=191040 calls=2 n0=2302 n1=274 prims=61180 bb=160,1120,0,694
[OTT] walkUs=2172 texUs=124 emitUs=683 submitUs=431 otherUs=931 prims=394 usPerPrim=5
[FT] avgMs=16 worstMs=46 gameMs=11 drawMs=5 swapWait=1ms draws=70 decodes=0 decMs=0
[OTS] f=191160 calls=2 n0=2294 n1=274 prims=61088 bb=160,1120,0,694
[OTT] walkUs=2011 texUs=123 emitUs=660 submitUs=259 otherUs=968 prims=386 usPerPrim=5
[FT] avgMs=16 worstMs=52 gameMs=11 drawMs=5 swapWait=0ms draws=70 decodes=0 decMs=0
[OTS] f=191280 calls=2 n0=2298 n1=274 prims=61116 bb=160,1120,0,694
[OTT] walkUs=2010 texUs=123 emitUs=673 submitUs=284 otherUs=927 prims=390 usPerPrim=5
[SH-XBOX] vblank 191400
[MEM] tick: free=4016KB (1004 pages)
[FT] avgMs=16 worstMs=48 gameMs=11 drawMs=5 swapWait=0ms draws=71 decodes=0 decMs=0
[OTS] f=191400 calls=2 n0=2298 n1=274 prims=61296 bb=160,1120,0,694
[OTT] walkUs=2190 texUs=123 emitUs=673 submitUs=317 otherUs=1075 prims=390 usPerPrim=5
[FT] avgMs=16 worstMs=45 gameMs=11 drawMs=5 swapWait=0ms draws=70 decodes=0 decMs=0
[OTS] f=191520 calls=2 n0=2303 n1=274 prims=60926 bb=160,1120,0,694
[OTT] walkUs=2061 texUs=126 emitUs=684 submitUs=286 otherUs=963 prims=395 usPerPrim=5
[FT] avgMs=16 worstMs=46 gameMs=11 drawMs=5 swapWait=1ms draws=71 decodes=0 decMs=0
[OTS] f=191640 calls=2 n0=2300 n1=274 prims=61294 bb=160,1120,0,694
[OTT] walkUs=2353 texUs=124 emitUs=681 submitUs=279 otherUs=1268 prims=392 usPerPrim=6
[FT] avgMs=16 worstMs=53 gameMs=11 drawMs=5 swapWait=1ms draws=70 decodes=0 decMs=0
[OTS] f=191760 calls=2 n0=2298 n1=274 prims=60991 bb=160,1120,0,694
[OTT] walkUs=2031 texUs=123 emitUs=671 submitUs=190 otherUs=1044 prims=390 usPerPrim=5
[FT] avgMs=16 worstMs=48 gameMs=11 drawMs=5 swapWait=0ms draws=70 decodes=0 decMs=0
[OTS] f=191880 calls=2 n0=2301 n1=274 prims=61266 bb=160,1120,0,694
[OTT] walkUs=2029 texUs=125 emitUs=682 submitUs=236 otherUs=985 prims=393 usPerPrim=5
[SH-XBOX] vblank 192000
[MEM] tick: free=4016KB (1004 pages)
[FT] avgMs=16 worstMs=44 gameMs=11 drawMs=5 swapWait=0ms draws=71 decodes=0 decMs=0
[OTS] f=192000 calls=2 n0=2301 n1=274 prims=60990 bb=160,1120,0,694
[OTT] walkUs=2339 texUs=124 emitUs=683 submitUs=311 otherUs=1220 prims=393 usPerPrim=5
[FT] avgMs=16 worstMs=45 gameMs=11 drawMs=5 swapWait=0ms draws=70 decodes=0 decMs=0
[OTS] f=192120 calls=2 n0=2300 n1=274 prims=61226 bb=160,1120,0,694
[OTT] walkUs=2259 texUs=125 emitUs=673 submitUs=189 otherUs=1271 prims=392 usPerPrim=5
[FT] avgMs=16 worstMs=53 gameMs=11 drawMs=5 swapWait=1ms draws=70 decodes=0 decMs=0
[OTS] f=192240 calls=2 n0=2299 n1=274 prims=61010 bb=160,1120,0,694
[OTT] walkUs=2368 texUs=124 emitUs=676 submitUs=291 otherUs=1275 prims=391 usPerPrim=6
[FT] avgMs=16 worstMs=49 gameMs=11 drawMs=5 swapWait=0ms draws=70 decodes=0 decMs=0
[OTS] f=192360 calls=2 n0=2300 n1=274 prims=61193 bb=160,1120,0,694
[OTT] walkUs=2245 texUs=124 emitUs=681 submitUs=222 otherUs=1216 prims=392 usPerPrim=5
[FT] avgMs=16 worstMs=44 gameMs=11 drawMs=5 swapWait=0ms draws=71 decodes=0 decMs=0
[OTS] f=192480 calls=2 n0=2298 n1=274 prims=61064 bb=160,1120,0,694
[OTT] walkUs=2234 texUs=124 emitUs=674 submitUs=209 otherUs=1225 prims=390 usPerPrim=5
[SH-XBOX] vblank 192600
[MEM] tick: free=4016KB (1004 pages)
[FT] avgMs=16 worstMs=45 gameMs=11 drawMs=5 swapWait=0ms draws=70 decodes=0 decMs=0
[OTS] f=192600 calls=2 n0=2299 n1=274 prims=61195 bb=160,1120,0,694
[OTT] walkUs=2306 texUs=124 emitUs=676 submitUs=336 otherUs=1168 prims=391 usPerPrim=5
[FT] avgMs=16 worstMs=53 gameMs=11 drawMs=5 swapWait=0ms draws=70 decodes=0 decMs=0
[OTS] f=192720 calls=2 n0=2297 n1=274 prims=61052 bb=160,1120,0,694
[OTT] walkUs=2185 texUs=126 emitUs=669 submitUs=197 otherUs=1191 prims=389 usPerPrim=5
[FT] avgMs=16 worstMs=48 gameMs=11 drawMs=5 swapWait=0ms draws=71 decodes=0 decMs=0
[OTS] f=192840 calls=2 n0=2304 n1=274 prims=61215 bb=160,1120,0,694
[OTT] walkUs=2443 texUs=125 emitUs=691 submitUs=582 otherUs=1043 prims=396 usPerPrim=6
[FT] avgMs=16 worstMs=44 gameMs=11 drawMs=5 swapWait=0ms draws=70 decodes=0 decMs=0
[OTS] f=192960 calls=2 n0=2297 n1=274 prims=61049 bb=160,1120,0,694
[OTT] walkUs=2185 texUs=123 emitUs=671 submitUs=196 otherUs=1193 prims=389 usPerPrim=5
[FT] avgMs=16 worstMs=45 gameMs=11 drawMs=5 swapWait=0ms draws=71 decodes=0 decMs=0
[OTS] f=193080 calls=2 n0=2302 n1=274 prims=61162 bb=160,1120,0,694
[OTT] walkUs=2316 texUs=124 emitUs=688 submitUs=241 otherUs=1262 prims=394 usPerPrim=5
[SH-XBOX] vblank 193200
[MEM] tick: free=4016KB (1004 pages)
[FT] avgMs=16 worstMs=53 gameMs=11 drawMs=5 swapWait=0ms draws=71 decodes=0 decMs=0
[OTS] f=193200 calls=2 n0=2297 n1=274 prims=61259 bb=160,1120,0,694
[OTT] walkUs=2056 texUs=124 emitUs=676 submitUs=430 otherUs=826 prims=389 usPerPrim=5
[FT] avgMs=16 worstMs=49 gameMs=11 drawMs=5 swapWait=0ms draws=70 decodes=0 decMs=0
[OTS] f=193320 calls=2 n0=2303 n1=274 prims=60959 bb=160,1120,0,694
[OTT] walkUs=2183 texUs=125 emitUs=690 submitUs=236 otherUs=1131 prims=395 usPerPrim=5
[FT] avgMs=16 worstMs=44 gameMs=11 drawMs=5 swapWait=0ms draws=71 decodes=0 decMs=0
[OTS] f=193440 calls=2 n0=2300 n1=274 prims=61283 bb=160,1120,0,694
[OTT] walkUs=2254 texUs=124 emitUs=681 submitUs=400 otherUs=1049 prims=392 usPerPrim=5
[FT] avgMs=16 worstMs=46 gameMs=11 drawMs=5 swapWait=0ms draws=71 decodes=0 decMs=0
[OTS] f=193560 calls=2 n0=2301 n1=274 prims=61041 bb=160,1120,0,694
[OTT] walkUs=2308 texUs=125 emitUs=686 submitUs=288 otherUs=1207 prims=393 usPerPrim=5
[FT] avgMs=16 worstMs=55 gameMs=11 drawMs=5 swapWait=0ms draws=71 decodes=0 decMs=0
[OTS] f=193680 calls=2 n0=2299 n1=274 prims=61341 bb=160,1120,0,694
[OTT] walkUs=1903 texUs=124 emitUs=681 submitUs=252 otherUs=845 prims=391 usPerPrim=4
[SH-XBOX] vblank 193800
[MEM] tick: free=4016KB (1004 pages)
[FT] avgMs=16 worstMs=50 gameMs=11 drawMs=5 swapWait=0ms draws=70 decodes=0 decMs=0
[OTS] f=193800 calls=2 n0=2300 n1=274 prims=60872 bb=160,1120,0,694
[OTT] walkUs=2041 texUs=124 emitUs=681 submitUs=187 otherUs=1047 prims=392 usPerPrim=5
[FT] avgMs=16 worstMs=46 gameMs=11 drawMs=5 swapWait=1ms draws=71 decodes=0 decMs=0
[OTS] f=193920 calls=2 n0=2301 n1=274 prims=61330 bb=160,1120,0,694
[OTT] walkUs=2108 texUs=124 emitUs=684 submitUs=361 otherUs=937 prims=393 usPerPrim=5
[FT] avgMs=16 worstMs=53 gameMs=11 drawMs=5 swapWait=0ms draws=71 decodes=0 decMs=0
[OTS] f=194040 calls=2 n0=2301 n1=274 prims=61035 bb=160,1120,0,694
[OTT] walkUs=2009 texUs=127 emitUs=678 submitUs=217 otherUs=985 prims=393 usPerPrim=5
[FT] avgMs=16 worstMs=49 gameMs=11 drawMs=5 swapWait=0ms draws=70 decodes=0 decMs=0
[OTS] f=194160 calls=2 n0=2300 n1=274 prims=61201 bb=160,1120,0,694
[OTT] walkUs=2175 texUs=123 emitUs=681 submitUs=225 otherUs=1144 prims=392 usPerPrim=5
[FT] avgMs=16 worstMs=45 gameMs=11 drawMs=5 swapWait=0ms draws=71 decodes=0 decMs=0
[OTS] f=194280 calls=2 n0=2299 n1=274 prims=61021 bb=160,1120,0,694
[OTT] walkUs=1936 texUs=124 emitUs=680 submitUs=206 otherUs=925 prims=391 usPerPrim=4
[SH-XBOX] vblank 194400
[MEM] tick: free=4016KB (1004 pages)
[FT] avgMs=16 worstMs=46 gameMs=11 drawMs=5 swapWait=0ms draws=70 decodes=0 decMs=0
[OTS] f=194400 calls=2 n0=2300 n1=274 prims=61215 bb=160,1120,0,694
[OTT] walkUs=2167 texUs=127 emitUs=673 submitUs=537 otherUs=828 prims=392 usPerPrim=5
[FT] avgMs=16 worstMs=53 gameMs=11 drawMs=5 swapWait=0ms draws=70 decodes=0 decMs=0
[OTS] f=194520 calls=2 n0=2300 n1=274 prims=61055 bb=160,1120,0,694
[OTT] walkUs=2265 texUs=124 emitUs=685 submitUs=355 otherUs=1101 prims=392 usPerPrim=5
[FT] avgMs=16 worstMs=49 gameMs=11 drawMs=5 swapWait=0ms draws=71 decodes=0 decMs=0
[OTS] f=194640 calls=2 n0=2303 n1=274 prims=61236 bb=160,1120,0,694
[OTT] walkUs=2216 texUs=125 emitUs=691 submitUs=303 otherUs=1096 prims=395 usPerPrim=5
[FT] avgMs=16 worstMs=45 gameMs=11 drawMs=5 swapWait=0ms draws=70 decodes=0 decMs=0
[OTS] f=194760 calls=2 n0=2297 n1=274 prims=61010 bb=160,1120,0,694
[OTT] walkUs=2330 texUs=122 emitUs=671 submitUs=365 otherUs=1171 prims=389 usPerPrim=5
[FT] avgMs=16 worstMs=46 gameMs=11 drawMs=5 swapWait=0ms draws=70 decodes=0 decMs=0
[OTS] f=194880 calls=2 n0=2300 n1=274 prims=61166 bb=160,1120,0,694
[OTT] walkUs=2157 texUs=125 emitUs=674 submitUs=271 otherUs=1085 prims=392 usPerPrim=5
[SH-XBOX] vblank 195000
[MEM] tick: free=4016KB (1004 pages)
[FT] avgMs=16 worstMs=53 gameMs=11 drawMs=5 swapWait=0ms draws=70 decodes=0 decMs=0
[OTS] f=195000 calls=2 n0=2296 n1=274 prims=61114 bb=160,1120,0,694
[OTT] walkUs=2279 texUs=125 emitUs=671 submitUs=342 otherUs=1140 prims=388 usPerPrim=5
[FT] avgMs=16 worstMs=50 gameMs=11 drawMs=5 swapWait=0ms draws=71 decodes=0 decMs=0
[OTS] f=195120 calls=2 n0=2298 n1=274 prims=61126 bb=160,1120,0,694
[OTT] walkUs=2257 texUs=123 emitUs=673 submitUs=432 otherUs=1027 prims=390 usPerPrim=5
[FT] avgMs=16 worstMs=45 gameMs=11 drawMs=5 swapWait=0ms draws=70 decodes=0 decMs=0
[OTS] f=195240 calls=2 n0=2296 n1=274 prims=61181 bb=160,1120,0,694
[OTT] walkUs=2173 texUs=123 emitUs=669 submitUs=192 otherUs=1188 prims=388 usPerPrim=5
[FT] avgMs=17 worstMs=75 gameMs=11 drawMs=5 swapWait=0ms draws=70 decodes=0 decMs=0
[OTS] f=195360 calls=2 n0=2302 n1=274 prims=61022 bb=160,1120,0,694
[OTT] walkUs=2365 texUs=124 emitUs=681 submitUs=271 otherUs=1288 prims=394 usPerPrim=6
[FT] avgMs=16 worstMs=54 gameMs=11 drawMs=5 swapWait=0ms draws=71 decodes=0 decMs=0
[OTS] f=195480 calls=2 n0=2300 n1=274 prims=61314 bb=160,1120,0,694
[OTT] walkUs=2190 texUs=125 emitUs=682 submitUs=199 otherUs=1183 prims=392 usPerPrim=5
[SH-XBOX] vblank 195600
[MEM] tick: free=4016KB (1004 pages)
[FT] avgMs=16 worstMs=49 gameMs=11 drawMs=5 swapWait=0ms draws=70 decodes=0 decMs=0
[OTS] f=195600 calls=2 n0=2301 n1=274 prims=60899 bb=160,1120,0,694
[OTT] walkUs=2303 texUs=124 emitUs=684 submitUs=218 otherUs=1275 prims=393 usPerPrim=5
[FT] avgMs=16 worstMs=45 gameMs=11 drawMs=5 swapWait=0ms draws=71 decodes=0 decMs=0
[OTS] f=195720 calls=2 n0=2301 n1=274 prims=61328 bb=160,1120,0,694
[OTT] walkUs=1948 texUs=124 emitUs=681 submitUs=197 otherUs=945 prims=393 usPerPrim=4
[FT] avgMs=16 worstMs=46 gameMs=11 drawMs=5 swapWait=0ms draws=70 decodes=0 decMs=0
[OTS] f=195840 calls=2 n0=2298 n1=274 prims=61006 bb=160,1120,0,694
[OTT] walkUs=2185 texUs=125 emitUs=672 submitUs=187 otherUs=1200 prims=390 usPerPrim=5
[FT] avgMs=16 worstMs=53 gameMs=11 drawMs=5 swapWait=0ms draws=70 decodes=0 decMs=0
[OTS] f=195960 calls=2 n0=2302 n1=274 prims=61230 bb=160,1120,0,694
[OTT] walkUs=2347 texUs=125 emitUs=687 submitUs=267 otherUs=1265 prims=394 usPerPrim=5
[FT] avgMs=16 worstMs=49 gameMs=11 drawMs=5 swapWait=0ms draws=71 decodes=0 decMs=0
[OTS] f=196080 calls=2 n0=2300 n1=274 prims=61006 bb=160,1120,0,694
[OTT] walkUs=2357 texUs=124 emitUs=687 submitUs=187 otherUs=1356 prims=392 usPerPrim=6
[SH-XBOX] vblank 196200
[MEM] tick: free=4016KB (1004 pages)
[FT] avgMs=16 worstMs=45 gameMs=11 drawMs=5 swapWait=0ms draws=71 decodes=0 decMs=0
[OTS] f=196200 calls=2 n0=2300 n1=274 prims=61305 bb=160,1120,0,694
[OTT] walkUs=2154 texUs=124 emitUs=685 submitUs=238 otherUs=1105 prims=392 usPerPrim=5
[FT] avgMs=16 worstMs=47 gameMs=11 drawMs=5 swapWait=0ms draws=71 decodes=0 decMs=0
[OTS] f=196320 calls=2 n0=2298 n1=274 prims=61094 bb=160,1120,0,694
[OTT] walkUs=2207 texUs=123 emitUs=675 submitUs=378 otherUs=1029 prims=390 usPerPrim=5
[FT] avgMs=16 worstMs=54 gameMs=11 drawMs=5 swapWait=0ms draws=70 decodes=0 decMs=0
[OTS] f=196440 calls=2 n0=2301 n1=274 prims=61121 bb=160,1120,0,694
[OTT] walkUs=2156 texUs=124 emitUs=683 submitUs=306 otherUs=1040 prims=393 usPerPrim=5
[FT] avgMs=16 worstMs=49 gameMs=11 drawMs=5 swapWait=0ms draws=71 decodes=0 decMs=0
[OTS] f=196560 calls=2 n0=2298 n1=274 prims=61100 bb=160,1120,0,694
[OTT] walkUs=2059 texUs=123 emitUs=680 submitUs=370 otherUs=884 prims=390 usPerPrim=5
[FT] avgMs=16 worstMs=44 gameMs=11 drawMs=5 swapWait=0ms draws=70 decodes=0 decMs=0
[OTS] f=196680 calls=2 n0=2301 n1=274 prims=61189 bb=160,1120,0,694
[OTT] walkUs=2072 texUs=126 emitUs=677 submitUs=192 otherUs=1076 prims=393 usPerPrim=5
[SH-XBOX] vblank 196800
[MEM] tick: free=4016KB (1004 pages)
[FT] avgMs=16 worstMs=47 gameMs=11 drawMs=5 swapWait=1ms draws=70 decodes=0 decMs=0
[OTS] f=196800 calls=2 n0=2297 n1=274 prims=61098 bb=160,1120,0,694
[OTT] walkUs=1951 texUs=126 emitUs=675 submitUs=192 otherUs=956 prims=389 usPerPrim=5
[FT] avgMs=16 worstMs=42 gameMs=11 drawMs=5 swapWait=0ms draws=71 decodes=0 decMs=0
[OTS] f=196920 calls=2 n0=2302 n1=274 prims=61164 bb=160,1120,0,694
[OTT] walkUs=2453 texUs=125 emitUs=688 submitUs=572 otherUs=1066 prims=394 usPerPrim=6
[FT] avgMs=16 worstMs=43 gameMs=11 drawMs=5 swapWait=0ms draws=70 decodes=0 decMs=0
[OTS] f=197040 calls=2 n0=2295 n1=274 prims=61128 bb=160,1120,0,694
[OTT] walkUs=2093 texUs=122 emitUs=662 submitUs=362 otherUs=945 prims=387 usPerPrim=5
[FT] avgMs=16 worstMs=45 gameMs=11 drawMs=5 swapWait=0ms draws=70 decodes=0 decMs=0
[OTS] f=197160 calls=2 n0=2302 n1=274 prims=61075 bb=160,1120,0,694
[OTT] walkUs=2144 texUs=125 emitUs=683 submitUs=317 otherUs=1017 prims=394 usPerPrim=5
[FT] avgMs=16 worstMs=52 gameMs=11 drawMs=5 swapWait=0ms draws=71 decodes=0 decMs=0
[OTS] f=197280 calls=2 n0=2300 n1=274 prims=61299 bb=160,1120,0,694
[OTT] walkUs=2318 texUs=124 emitUs=681 submitUs=190 otherUs=1322 prims=392 usPerPrim=5
[SH-XBOX] vblank 197400
[MEM] tick: free=4016KB (1004 pages)
[FT] avgMs=16 worstMs=47 gameMs=11 drawMs=5 swapWait=0ms draws=70 decodes=0 decMs=0
[OTS] f=197400 calls=2 n0=2302 n1=274 prims=60907 bb=160,1120,0,694
[OTT] walkUs=2148 texUs=125 emitUs=686 submitUs=195 otherUs=1140 prims=394 usPerPrim=5
[FT] avgMs=16 worstMs=44 gameMs=11 drawMs=5 swapWait=0ms draws=70 decodes=0 decMs=0
[OTS] f=197520 calls=2 n0=2297 n1=274 prims=61279 bb=160,1120,0,694
[OTT] walkUs=2108 texUs=124 emitUs=673 submitUs=441 otherUs=868 prims=389 usPerPrim=5
[FT] avgMs=16 worstMs=45 gameMs=11 drawMs=5 swapWait=0ms draws=70 decodes=0 decMs=0
[OTS] f=197640 calls=2 n0=2299 n1=274 prims=60937 bb=160,1120,0,694
[OTT] walkUs=2162 texUs=123 emitUs=678 submitUs=198 otherUs=1162 prims=391 usPerPrim=5
[FT] avgMs=16 worstMs=52 gameMs=11 drawMs=5 swapWait=0ms draws=71 decodes=0 decMs=0
[OTS] f=197760 calls=2 n0=2301 n1=274 prims=61333 bb=160,1120,0,694
[OTT] walkUs=2481 texUs=124 emitUs=681 submitUs=605 otherUs=1069 prims=393 usPerPrim=6
[FT] avgMs=16 worstMs=48 gameMs=11 drawMs=5 swapWait=0ms draws=70 decodes=0 decMs=0
[OTS] f=197880 calls=2 n0=2300 n1=274 prims=60899 bb=160,1120,0,694
[OTT] walkUs=2137 texUs=125 emitUs=677 submitUs=191 otherUs=1142 prims=392 usPerPrim=5
[SH-XBOX] vblank 198000
[MEM] tick: free=4016KB (1004 pages)
[FT] avgMs=16 worstMs=43 gameMs=11 drawMs=5 swapWait=1ms draws=70 decodes=0 decMs=0
[OTS] f=198000 calls=2 n0=2300 n1=274 prims=61307 bb=160,1120,0,694
[OTT] walkUs=2333 texUs=124 emitUs=678 submitUs=190 otherUs=1340 prims=392 usPerPrim=5
[FT] avgMs=16 worstMs=44 gameMs=11 drawMs=5 swapWait=0ms draws=71 decodes=0 decMs=0
[OTS] f=198120 calls=2 n0=2299 n1=274 prims=61051 bb=160,1120,0,694
[OTT] walkUs=2324 texUs=126 emitUs=680 submitUs=672 otherUs=844 prims=391 usPerPrim=5
[FT] avgMs=16 worstMs=47 gameMs=11 drawMs=5 swapWait=0ms draws=70 decodes=0 decMs=0
[OTS] f=198240 calls=2 n0=2302 n1=274 prims=61157 bb=160,1120,0,694
[OTT] walkUs=2436 texUs=124 emitUs=686 submitUs=490 otherUs=1134 prims=394 usPerPrim=6
[FT] avgMs=16 worstMs=42 gameMs=11 drawMs=5 swapWait=0ms draws=71 decodes=0 decMs=0
[OTS] f=198360 calls=2 n0=2300 n1=274 prims=61083 bb=160,1120,0,694
[OTT] walkUs=2392 texUs=124 emitUs=684 submitUs=459 otherUs=1123 prims=392 usPerPrim=6
[FT] avgMs=16 worstMs=44 gameMs=11 drawMs=5 swapWait=0ms draws=70 decodes=0 decMs=0
[OTS] f=198480 calls=2 n0=2300 n1=274 prims=61204 bb=160,1120,0,694
[OTT] walkUs=2038 texUs=125 emitUs=676 submitUs=185 otherUs=1050 prims=392 usPerPrim=5
[SH-XBOX] vblank 198600
[MEM] tick: free=4016KB (1004 pages)
[FT] avgMs=16 worstMs=45 gameMs=11 drawMs=5 swapWait=0ms draws=70 decodes=0 decMs=0
[OTS] f=198600 calls=2 n0=2297 n1=274 prims=61072 bb=160,1120,0,694
[OTT] walkUs=2255 texUs=123 emitUs=676 submitUs=339 otherUs=1116 prims=389 usPerPrim=5
[FT] avgMs=16 worstMs=53 gameMs=11 drawMs=5 swapWait=0ms draws=71 decodes=0 decMs=0
[OTS] f=198720 calls=2 n0=2302 n1=274 prims=61171 bb=160,1120,0,694
[OTT] walkUs=2114 texUs=125 emitUs=689 submitUs=498 otherUs=800 prims=394 usPerPrim=5
[FT] avgMs=16 worstMs=48 gameMs=11 drawMs=5 swapWait=0ms draws=71 decodes=0 decMs=0
[OTS] f=198840 calls=2 n0=2296 n1=274 prims=61206 bb=160,1120,0,694
[OTT] walkUs=1948 texUs=122 emitUs=671 submitUs=297 otherUs=856 prims=388 usPerPrim=5
[FT] avgMs=16 worstMs=44 gameMs=11 drawMs=5 swapWait=0ms draws=71 decodes=0 decMs=0
[OTS] f=198960 calls=2 n0=2297 n1=274 prims=61144 bb=160,1120,0,694
[OTT] walkUs=1986 texUs=122 emitUs=675 submitUs=190 otherUs=998 prims=389 usPerPrim=5
[FT] avgMs=16 worstMs=45 gameMs=11 drawMs=5 swapWait=0ms draws=70 decodes=0 decMs=0
[OTS] f=199080 calls=2 n0=2298 n1=274 prims=61151 bb=160,1120,0,694
[OTT] walkUs=2115 texUs=127 emitUs=677 submitUs=177 otherUs=1133 prims=390 usPerPrim=5
[SH-XBOX] vblank 199200
[MEM] tick: free=4016KB (1004 pages)
[FT] avgMs=16 worstMs=53 gameMs=11 drawMs=5 swapWait=0ms draws=71 decodes=0 decMs=0
[OTS] f=199200 calls=2 n0=2303 n1=274 prims=61054 bb=160,1120,0,694
[OTT] walkUs=2126 texUs=129 emitUs=687 submitUs=182 otherUs=1126 prims=395 usPerPrim=5
[FT] avgMs=16 worstMs=48 gameMs=11 drawMs=5 swapWait=0ms draws=70 decodes=0 decMs=0
[OTS] f=199320 calls=2 n0=2298 n1=274 prims=61241 bb=160,1120,0,694
[OTT] walkUs=2259 texUs=126 emitUs=675 submitUs=188 otherUs=1269 prims=390 usPerPrim=5
[FT] avgMs=16 worstMs=43 gameMs=11 drawMs=5 swapWait=1ms draws=70 decodes=0 decMs=0
[OTS] f=199440 calls=2 n0=2301 n1=274 prims=60983 bb=160,1120,0,694
[OTT] walkUs=2024 texUs=125 emitUs=681 submitUs=206 otherUs=1011 prims=393 usPerPrim=5
[FT] avgMs=16 worstMs=45 gameMs=11 drawMs=5 swapWait=0ms draws=71 decodes=0 decMs=0
[OTS] f=199560 calls=2 n0=2301 n1=274 prims=61328 bb=160,1120,0,694
[OTT] walkUs=2343 texUs=124 emitUs=686 submitUs=629 otherUs=902 prims=393 usPerPrim=5
[FT] avgMs=16 worstMs=51 gameMs=11 drawMs=5 swapWait=0ms draws=70 decodes=0 decMs=0
[OTS] f=199680 calls=2 n0=2301 n1=274 prims=60862 bb=160,1120,0,694
[OTT] walkUs=2082 texUs=125 emitUs=681 submitUs=217 otherUs=1059 prims=393 usPerPrim=5
[SH-XBOX] vblank 199800
[MEM] tick: free=4016KB (1004 pages)
[FT] avgMs=16 worstMs=48 gameMs=11 drawMs=5 swapWait=0ms draws=71 decodes=0 decMs=0
[OTS] f=199800 calls=2 n0=2302 n1=274 prims=61344 bb=160,1120,0,694
[OTT] walkUs=2163 texUs=125 emitUs=689 submitUs=243 otherUs=1104 prims=394 usPerPrim=5
[FT] avgMs=16 worstMs=43 gameMs=11 drawMs=5 swapWait=0ms draws=71 decodes=0 decMs=0
[OTS] f=199920 calls=2 n0=2300 n1=274 prims=61036 bb=160,1120,0,694
[OTT] walkUs=2033 texUs=125 emitUs=682 submitUs=227 otherUs=998 prims=392 usPerPrim=5
[FT] avgMs=16 worstMs=46 gameMs=11 drawMs=5 swapWait=0ms draws=70 decodes=0 decMs=0
[OTS] f=200040 calls=2 n0=2300 n1=274 prims=61177 bb=160,1120,0,694
[OTT] walkUs=2147 texUs=125 emitUs=683 submitUs=216 otherUs=1122 prims=392 usPerPrim=5
[FT] avgMs=16 worstMs=52 gameMs=11 drawMs=5 swapWait=0ms draws=70 decodes=0 decMs=0
[OTS] f=200160 calls=2 n0=2296 n1=274 prims=60994 bb=160,1120,0,694
[OTT] walkUs=1987 texUs=124 emitUs=664 submitUs=197 otherUs=1001 prims=388 usPerPrim=5
[FT] avgMs=16 worstMs=48 gameMs=11 drawMs=5 swapWait=0ms draws=70 decodes=0 decMs=0
[OTS] f=200280 calls=2 n0=2300 n1=274 prims=61201 bb=160,1120,0,694
[OTT] walkUs=2221 texUs=124 emitUs=677 submitUs=190 otherUs=1228 prims=392 usPerPrim=5
[SH-XBOX] vblank 200400
[MEM] tick: free=4016KB (1004 pages)
[FT] avgMs=16 worstMs=44 gameMs=11 drawMs=5 swapWait=0ms draws=71 decodes=0 decMs=0
[OTS] f=200400 calls=2 n0=2298 n1=274 prims=61120 bb=160,1120,0,694
[OTT] walkUs=2234 texUs=123 emitUs=674 submitUs=186 otherUs=1250 prims=390 usPerPrim=5
[FT] avgMs=16 worstMs=45 gameMs=11 drawMs=5 swapWait=0ms draws=70 decodes=0 decMs=0
[OTS] f=200520 calls=2 n0=2304 n1=274 prims=61081 bb=160,1120,0,694
[OTT] walkUs=2095 texUs=126 emitUs=696 submitUs=243 otherUs=1028 prims=396 usPerPrim=5
[FT] avgMs=16 worstMs=52 gameMs=11 drawMs=5 swapWait=0ms draws=71 decodes=0 decMs=0
[OTS] f=200640 calls=2 n0=2297 n1=274 prims=61176 bb=160,1120,0,694
[OTT] walkUs=2276 texUs=123 emitUs=695 submitUs=195 otherUs=1263 prims=389 usPerPrim=5
[FT] avgMs=16 worstMs=48 gameMs=11 drawMs=5 swapWait=0ms draws=71 decodes=0 decMs=0
[OTS] f=200760 calls=2 n0=2301 n1=274 prims=61184 bb=160,1120,0,694
[OTT] walkUs=2170 texUs=129 emitUs=680 submitUs=448 otherUs=912 prims=393 usPerPrim=5
[FT] avgMs=16 worstMs=44 gameMs=11 drawMs=5 swapWait=0ms draws=70 decodes=0 decMs=0
[OTS] f=200880 calls=2 n0=2297 n1=274 prims=61109 bb=160,1120,0,694
[OTT] walkUs=2394 texUs=122 emitUs=676 submitUs=296 otherUs=1298 prims=389 usPerPrim=6
[SH-XBOX] vblank 201000
[MEM] tick: free=4016KB (1004 pages)
[FT] avgMs=16 worstMs=45 gameMs=11 drawMs=5 swapWait=0ms draws=71 decodes=0 decMs=0
[OTS] f=201000 calls=2 n0=2303 n1=274 prims=61089 bb=160,1120,0,694
[OTT] walkUs=2308 texUs=124 emitUs=685 submitUs=251 otherUs=1246 prims=395 usPerPrim=5
[FT] avgMs=16 worstMs=53 gameMs=11 drawMs=5 swapWait=0ms draws=70 decodes=0 decMs=0
[OTS] f=201120 calls=2 n0=2298 n1=274 prims=61214 bb=160,1120,0,694
[OTT] walkUs=2177 texUs=124 emitUs=673 submitUs=483 otherUs=895 prims=390 usPerPrim=5
[FT] avgMs=16 worstMs=48 gameMs=11 drawMs=5 swapWait=0ms draws=70 decodes=0 decMs=0
[OTS] f=201240 calls=2 n0=2302 n1=274 prims=61007 bb=160,1120,0,694
[OTT] walkUs=2485 texUs=125 emitUs=688 submitUs=826 otherUs=846 prims=394 usPerPrim=6
[FT] avgMs=16 worstMs=44 gameMs=11 drawMs=5 swapWait=0ms draws=71 decodes=0 decMs=0
[OTS] f=201360 calls=2 n0=2299 n1=274 prims=61317 bb=160,1120,0,694
[OTT] walkUs=2167 texUs=123 emitUs=675 submitUs=192 otherUs=1176 prims=391 usPerPrim=5
[FT] avgMs=16 worstMs=45 gameMs=11 drawMs=5 swapWait=0ms draws=71 decodes=0 decMs=0
[OTS] f=201480 calls=2 n0=2300 n1=274 prims=61001 bb=160,1120,0,694
[OTT] walkUs=2102 texUs=124 emitUs=682 submitUs=183 otherUs=1111 prims=392 usPerPrim=5
[SH-XBOX] vblank 201600
[MEM] tick: free=4016KB (1004 pages)
[FT] avgMs=16 worstMs=53 gameMs=11 drawMs=5 swapWait=0ms draws=70 decodes=0 decMs=0
[OTS] f=201600 calls=2 n0=2298 n1=274 prims=61325 bb=160,1120,0,694
[OTT] walkUs=2206 texUs=124 emitUs=667 submitUs=174 otherUs=1241 prims=390 usPerPrim=5
[FT] avgMs=16 worstMs=49 gameMs=11 drawMs=5 swapWait=0ms draws=70 decodes=0 decMs=0
[OTS] f=201720 calls=2 n0=2302 n1=274 prims=60924 bb=160,1120,0,694
[OTT] walkUs=2257 texUs=125 emitUs=685 submitUs=189 otherUs=1256 prims=394 usPerPrim=5
[FT] avgMs=16 worstMs=44 gameMs=11 drawMs=5 swapWait=0ms draws=71 decodes=0 decMs=0
[OTS] f=201840 calls=2 n0=2300 n1=274 prims=61316 bb=160,1120,0,694
[OTT] walkUs=1981 texUs=126 emitUs=682 submitUs=191 otherUs=981 prims=392 usPerPrim=5
[FT] avgMs=16 worstMs=45 gameMs=11 drawMs=5 swapWait=0ms draws=70 decodes=0 decMs=0
[OTS] f=201960 calls=2 n0=2297 n1=274 prims=60935 bb=160,1120,0,694
[OTT] walkUs=2060 texUs=124 emitUs=675 submitUs=230 otherUs=1029 prims=389 usPerPrim=5
[FT] avgMs=16 worstMs=53 gameMs=11 drawMs=5 swapWait=0ms draws=70 decodes=0 decMs=0
[OTS] f=202080 calls=2 n0=2301 n1=274 prims=61257 bb=160,1120,0,694
[OTT] walkUs=1880 texUs=124 emitUs=681 submitUs=251 otherUs=822 prims=393 usPerPrim=4
[SH-XBOX] vblank 202200
[MEM] tick: free=4016KB (1004 pages)
[FT] avgMs=16 worstMs=49 gameMs=11 drawMs=5 swapWait=0ms draws=71 decodes=0 decMs=0
[OTS] f=202200 calls=2 n0=2300 n1=274 prims=61099 bb=160,1120,0,694
[OTT] walkUs=2254 texUs=128 emitUs=680 submitUs=249 otherUs=1195 prims=392 usPerPrim=5
[FT] avgMs=16 worstMs=44 gameMs=11 drawMs=5 swapWait=0ms draws=70 decodes=0 decMs=0
[OTS] f=202320 calls=2 n0=2303 n1=274 prims=61108 bb=160,1120,0,694
[OTT] walkUs=1893 texUs=126 emitUs=693 submitUs=200 otherUs=871 prims=395 usPerPrim=4
[FT] avgMs=16 worstMs=46 gameMs=11 drawMs=5 swapWait=0ms draws=71 decodes=0 decMs=0
[OTS] f=202440 calls=2 n0=2297 n1=274 prims=61138 bb=160,1120,0,694
[OTT] walkUs=2201 texUs=123 emitUs=679 submitUs=243 otherUs=1154 prims=389 usPerPrim=5
[FT] avgMs=16 worstMs=52 gameMs=11 drawMs=5 swapWait=0ms draws=70 decodes=0 decMs=0
[OTS] f=202560 calls=2 n0=2299 n1=274 prims=61191 bb=160,1120,0,694
[OTT] walkUs=1972 texUs=124 emitUs=672 submitUs=429 otherUs=745 prims=391 usPerPrim=5
[FT] avgMs=16 worstMs=48 gameMs=11 drawMs=5 swapWait=0ms draws=70 decodes=0 decMs=0
[OTS] f=202680 calls=2 n0=2296 n1=274 prims=61088 bb=160,1120,0,694
[OTT] walkUs=2139 texUs=126 emitUs=668 submitUs=380 otherUs=963 prims=388 usPerPrim=5
[SH-XBOX] vblank 202800
[MEM] tick: free=4016KB (1004 pages)
[FT] avgMs=16 worstMs=44 gameMs=11 drawMs=5 swapWait=0ms draws=70 decodes=0 decMs=0
[OTS] f=202800 calls=2 n0=2296 n1=274 prims=61023 bb=160,1120,0,694
[OTT] walkUs=2233 texUs=123 emitUs=670 submitUs=176 otherUs=1262 prims=388 usPerPrim=5
[FT] avgMs=16 worstMs=46 gameMs=11 drawMs=5 swapWait=0ms draws=70 decodes=0 decMs=0
[OTS] f=202920 calls=2 n0=2298 n1=274 prims=61241 bb=160,1120,0,694
[OTT] walkUs=1991 texUs=123 emitUs=676 submitUs=380 otherUs=810 prims=390 usPerPrim=5
[FT] avgMs=16 worstMs=52 gameMs=11 drawMs=5 swapWait=0ms draws=71 decodes=0 decMs=0
[OTS] f=203040 calls=2 n0=2303 n1=274 prims=61084 bb=160,1120,0,694
[OTT] walkUs=2242 texUs=126 emitUs=690 submitUs=190 otherUs=1234 prims=395 usPerPrim=5
[FT] avgMs=16 worstMs=48 gameMs=11 drawMs=5 swapWait=0ms draws=70 decodes=0 decMs=0
[OTS] f=203160 calls=2 n0=2300 n1=274 prims=61167 bb=160,1120,0,694
[OTT] walkUs=2127 texUs=124 emitUs=678 submitUs=280 otherUs=1043 prims=392 usPerPrim=5
[FT] avgMs=17 worstMs=68 gameMs=11 drawMs=5 swapWait=0ms draws=71 decodes=0 decMs=0
[OTS] f=203280 calls=2 n0=2301 n1=274 prims=61027 bb=160,1120,0,694
[OTT] walkUs=2183 texUs=125 emitUs=687 submitUs=245 otherUs=1125 prims=393 usPerPrim=5
[SH-XBOX] vblank 203400
[MEM] tick: free=4016KB (1004 pages)
[FT] avgMs=16 worstMs=46 gameMs=11 drawMs=5 swapWait=1ms draws=70 decodes=0 decMs=0
[OTS] f=203400 calls=2 n0=2298 n1=274 prims=61313 bb=160,1120,0,694
[OTT] walkUs=2296 texUs=124 emitUs=670 submitUs=273 otherUs=1227 prims=390 usPerPrim=5
[FT] avgMs=16 worstMs=52 gameMs=11 drawMs=5 swapWait=0ms draws=70 decodes=0 decMs=0
[OTS] f=203520 calls=2 n0=2301 n1=274 prims=60908 bb=160,1120,0,694
[OTT] walkUs=2306 texUs=130 emitUs=681 submitUs=205 otherUs=1289 prims=393 usPerPrim=5
[FT] avgMs=16 worstMs=48 gameMs=11 drawMs=5 swapWait=0ms draws=71 decodes=0 decMs=0
[OTS] f=203640 calls=2 n0=2302 n1=274 prims=61344 bb=160,1120,0,694
[OTT] walkUs=2269 texUs=124 emitUs=688 submitUs=286 otherUs=1168 prims=394 usPerPrim=5
[FT] avgMs=16 worstMs=44 gameMs=11 drawMs=5 swapWait=0ms draws=70 decodes=0 decMs=0
[OTS] f=203760 calls=2 n0=2298 n1=274 prims=60904 bb=160,1120,0,694
[OTT] walkUs=2027 texUs=123 emitUs=672 submitUs=252 otherUs=978 prims=390 usPerPrim=5
[FT] avgMs=16 worstMs=46 gameMs=11 drawMs=5 swapWait=0ms draws=70 decodes=0 decMs=0
[OTS] f=203880 calls=2 n0=2299 n1=274 prims=61297 bb=160,1120,0,694
[OTT] walkUs=2046 texUs=123 emitUs=676 submitUs=185 otherUs=1060 prims=391 usPerPrim=5
[SH-XBOX] vblank 204000
[MEM] tick: free=4016KB (1004 pages)
[FT] avgMs=16 worstMs=53 gameMs=11 drawMs=5 swapWait=0ms draws=71 decodes=0 decMs=0
[OTS] f=204000 calls=2 n0=2298 n1=274 prims=61076 bb=160,1120,0,694
[OTT] walkUs=1967 texUs=123 emitUs=672 submitUs=332 otherUs=839 prims=390 usPerPrim=5
[FT] avgMs=16 worstMs=48 gameMs=11 drawMs=5 swapWait=0ms draws=71 decodes=0 decMs=0
[OTS] f=204120 calls=2 n0=2301 n1=274 prims=61249 bb=160,1120,0,694
[OTT] walkUs=2419 texUs=124 emitUs=686 submitUs=466 otherUs=1141 prims=393 usPerPrim=6
[FT] avgMs=16 worstMs=44 gameMs=11 drawMs=5 swapWait=0ms draws=70 decodes=0 decMs=0
[OTS] f=204240 calls=2 n0=2296 n1=274 prims=61062 bb=160,1120,0,694
[OTT] walkUs=1836 texUs=123 emitUs=667 submitUs=264 otherUs=781 prims=388 usPerPrim=4
[FT] avgMs=16 worstMs=45 gameMs=11 drawMs=5 swapWait=0ms draws=70 decodes=0 decMs=0
[OTS] f=204360 calls=2 n0=2304 n1=274 prims=61149 bb=160,1120,0,694
[OTT] walkUs=2236 texUs=126 emitUs=689 submitUs=178 otherUs=1242 prims=396 usPerPrim=5
[FT] avgMs=16 worstMs=53 gameMs=11 drawMs=5 swapWait=0ms draws=71 decodes=0 decMs=0
[OTS] f=204480 calls=2 n0=2297 n1=274 prims=61176 bb=160,1120,0,694
[OTT] walkUs=2207 texUs=122 emitUs=672 submitUs=346 otherUs=1066 prims=389 usPerPrim=5
[SH-XBOX] vblank 204600
[MEM] tick: free=4016KB (1004 pages)
[FT] avgMs=16 worstMs=49 gameMs=11 drawMs=5 swapWait=0ms draws=70 decodes=0 decMs=0
[OTS] f=204600 calls=2 n0=2300 n1=274 prims=61044 bb=160,1120,0,694
[OTT] walkUs=1844 texUs=124 emitUs=681 submitUs=266 otherUs=771 prims=392 usPerPrim=4
[FT] avgMs=16 worstMs=44 gameMs=11 drawMs=5 swapWait=0ms draws=70 decodes=0 decMs=0
[OTS] f=204720 calls=2 n0=2297 n1=274 prims=61219 bb=160,1120,0,694
[OTT] walkUs=2238 texUs=125 emitUs=671 submitUs=195 otherUs=1245 prims=389 usPerPrim=5
[FT] avgMs=16 worstMs=45 gameMs=11 drawMs=5 swapWait=0ms draws=71 decodes=0 decMs=0
[OTS] f=204840 calls=2 n0=2303 n1=274 prims=61117 bb=160,1120,0,694
[OTT] walkUs=2109 texUs=125 emitUs=685 submitUs=189 otherUs=1108 prims=395 usPerPrim=5
[FT] avgMs=16 worstMs=53 gameMs=11 drawMs=5 swapWait=0ms draws=70 decodes=0 decMs=0
[OTS] f=204960 calls=2 n0=2300 n1=274 prims=61155 bb=160,1120,0,694
[OTT] walkUs=2258 texUs=124 emitUs=678 submitUs=177 otherUs=1277 prims=392 usPerPrim=5
[FT] avgMs=16 worstMs=49 gameMs=11 drawMs=5 swapWait=1ms draws=71 decodes=0 decMs=0
[OTS] f=205080 calls=2 n0=2302 n1=274 prims=61037 bb=160,1120,0,694
[OTT] walkUs=2122 texUs=125 emitUs=683 submitUs=481 otherUs=833 prims=394 usPerPrim=5
[SH-XBOX] vblank 205200
[MEM] tick: free=4016KB (1004 pages)
[FT] avgMs=16 worstMs=44 gameMs=11 drawMs=5 swapWait=0ms draws=70 decodes=0 decMs=0
[OTS] f=205200 calls=2 n0=2296 n1=274 prims=61290 bb=160,1120,0,694
[OTT] walkUs=2091 texUs=127 emitUs=662 submitUs=192 otherUs=1109 prims=388 usPerPrim=5
[FT] avgMs=16 worstMs=46 gameMs=11 drawMs=5 swapWait=0ms draws=70 decodes=0 decMs=0
[OTS] f=205320 calls=2 n0=2300 n1=274 prims=60931 bb=160,1120,0,694
[OTT] walkUs=2189 texUs=127 emitUs=684 submitUs=458 otherUs=919 prims=392 usPerPrim=5
[FT] avgMs=16 worstMs=52 gameMs=11 drawMs=5 swapWait=0ms draws=70 decodes=0 decMs=0
[OTS] f=205440 calls=2 n0=2301 n1=274 prims=61201 bb=160,1120,0,694
[OTT] walkUs=2137 texUs=124 emitUs=685 submitUs=196 otherUs=1130 prims=393 usPerPrim=5
[FT] avgMs=16 worstMs=49 gameMs=11 drawMs=5 swapWait=0ms draws=71 decodes=0 decMs=0
[OTS] f=205560 calls=2 n0=2302 n1=274 prims=61018 bb=160,1120,0,694
[OTT] walkUs=2264 texUs=125 emitUs=687 submitUs=321 otherUs=1130 prims=394 usPerPrim=5
[FT] avgMs=16 worstMs=44 gameMs=11 drawMs=5 swapWait=0ms draws=71 decodes=0 decMs=0
[OTS] f=205680 calls=2 n0=2299 n1=274 prims=61338 bb=160,1120,0,694
[OTT] walkUs=2057 texUs=124 emitUs=675 submitUs=283 otherUs=974 prims=391 usPerPrim=5
[SH-XBOX] vblank 205800
[MEM] tick: free=4016KB (1004 pages)
[FT] avgMs=16 worstMs=46 gameMs=11 drawMs=5 swapWait=0ms draws=70 decodes=0 decMs=0
[OTS] f=205800 calls=2 n0=2299 n1=274 prims=60902 bb=160,1120,0,694
[OTT] walkUs=2255 texUs=126 emitUs=677 submitUs=258 otherUs=1191 prims=391 usPerPrim=5
[FT] avgMs=16 worstMs=53 gameMs=11 drawMs=5 swapWait=0ms draws=71 decodes=0 decMs=0
[OTS] f=205920 calls=2 n0=2302 n1=274 prims=61284 bb=160,1120,0,694
[OTT] walkUs=2260 texUs=126 emitUs=687 submitUs=188 otherUs=1257 prims=394 usPerPrim=5
[FT] avgMs=16 worstMs=48 gameMs=11 drawMs=5 swapWait=0ms draws=70 decodes=0 decMs=0
[OTS] f=206040 calls=2 n0=2298 n1=274 prims=61029 bb=160,1120,0,694
[OTT] walkUs=2280 texUs=124 emitUs=672 submitUs=274 otherUs=1208 prims=390 usPerPrim=5
[FT] avgMs=16 worstMs=44 gameMs=11 drawMs=5 swapWait=0ms draws=70 decodes=0 decMs=0
[OTS] f=206160 calls=2 n0=2303 n1=274 prims=61192 bb=160,1120,0,694
[OTT] walkUs=2135 texUs=124 emitUs=689 submitUs=190 otherUs=1130 prims=395 usPerPrim=5
[FT] avgMs=16 worstMs=46 gameMs=11 drawMs=5 swapWait=0ms draws=71 decodes=0 decMs=0
[OTS] f=206280 calls=2 n0=2297 n1=274 prims=61138 bb=160,1120,0,694
[OTT] walkUs=2234 texUs=122 emitUs=676 submitUs=415 otherUs=1020 prims=389 usPerPrim=5
[SH-XBOX] vblank 206400
[MEM] tick: free=4016KB (1004 pages)
[FT] avgMs=16 worstMs=53 gameMs=11 drawMs=5 swapWait=0ms draws=70 decodes=0 decMs=0
[OTS] f=206400 calls=2 n0=2302 n1=274 prims=61043 bb=160,1120,0,694
[OTT] walkUs=2353 texUs=124 emitUs=683 submitUs=329 otherUs=1216 prims=394 usPerPrim=5
[FT] avgMs=16 worstMs=48 gameMs=11 drawMs=5 swapWait=0ms draws=71 decodes=0 decMs=0
[OTS] f=206520 calls=2 n0=2295 n1=274 prims=61208 bb=160,1120,0,694
[OTT] walkUs=2227 texUs=122 emitUs=665 submitUs=284 otherUs=1154 prims=387 usPerPrim=5
[FT] avgMs=16 worstMs=44 gameMs=11 drawMs=5 swapWait=0ms draws=71 decodes=0 decMs=0
[OTS] f=206640 calls=2 n0=2298 n1=274 prims=61153 bb=160,1120,0,694
[OTT] walkUs=1803 texUs=123 emitUs=676 submitUs=250 otherUs=752 prims=390 usPerPrim=4
[FT] avgMs=16 worstMs=45 gameMs=11 drawMs=5 swapWait=0ms draws=71 decodes=0 decMs=0
[OTS] f=206760 calls=2 n0=2298 n1=274 prims=61267 bb=160,1120,0,694
[OTT] walkUs=2095 texUs=126 emitUs=673 submitUs=177 otherUs=1118 prims=390 usPerPrim=5
[FT] avgMs=16 worstMs=53 gameMs=11 drawMs=5 swapWait=0ms draws=70 decodes=0 decMs=0
[OTS] f=206880 calls=2 n0=2301 n1=274 prims=60983 bb=160,1120,0,694
[OTT] walkUs=1983 texUs=125 emitUs=680 submitUs=261 otherUs=916 prims=393 usPerPrim=5
[SH-XBOX] vblank 207000
[MEM] tick: free=4016KB (1004 pages)
[FT] avgMs=16 worstMs=49 gameMs=11 drawMs=5 swapWait=0ms draws=70 decodes=0 decMs=0
[OTS] f=207000 calls=2 n0=2299 n1=274 prims=61251 bb=160,1120,0,694
[OTT] walkUs=1966 texUs=123 emitUs=687 submitUs=204 otherUs=952 prims=391 usPerPrim=5
[FT] avgMs=16 worstMs=44 gameMs=11 drawMs=5 swapWait=0ms draws=71 decodes=0 decMs=0
[OTS] f=207120 calls=2 n0=2301 n1=274 prims=61043 bb=160,1120,0,694
[OTT] walkUs=2210 texUs=124 emitUs=684 submitUs=193 otherUs=1208 prims=393 usPerPrim=5
[FT] avgMs=16 worstMs=45 gameMs=11 drawMs=5 swapWait=0ms draws=70 decodes=0 decMs=0
[OTS] f=207240 calls=2 n0=2301 n1=274 prims=61201 bb=160,1120,0,694
[OTT] walkUs=2155 texUs=125 emitUs=685 submitUs=219 otherUs=1124 prims=393 usPerPrim=5
[FT] avgMs=16 worstMs=53 gameMs=11 drawMs=5 swapWait=0ms draws=71 decodes=0 decMs=0
[OTS] f=207360 calls=2 n0=2301 n1=274 prims=60990 bb=160,1120,0,694
[OTT] walkUs=2217 texUs=124 emitUs=680 submitUs=178 otherUs=1233 prims=393 usPerPrim=5
[FT] avgMs=16 worstMs=49 gameMs=11 drawMs=5 swapWait=1ms draws=71 decodes=0 decMs=0
[OTS] f=207480 calls=2 n0=2301 n1=274 prims=61371 bb=160,1120,0,694
[OTT] walkUs=1989 texUs=125 emitUs=683 submitUs=187 otherUs=993 prims=393 usPerPrim=5
[SH-XBOX] vblank 207600
[MEM] tick: free=4016KB (1004 pages)
[FT] avgMs=16 worstMs=45 gameMs=11 drawMs=5 swapWait=0ms draws=70 decodes=0 decMs=0
[OTS] f=207600 calls=2 n0=2300 n1=274 prims=60882 bb=160,1120,0,694
[OTT] walkUs=2214 texUs=124 emitUs=681 submitUs=182 otherUs=1226 prims=392 usPerPrim=5
[FT] avgMs=16 worstMs=46 gameMs=11 drawMs=5 swapWait=1ms draws=71 decodes=0 decMs=0
[OTS] f=207720 calls=2 n0=2300 n1=274 prims=61305 bb=160,1120,0,694
[OTT] walkUs=2142 texUs=124 emitUs=683 submitUs=189 otherUs=1144 prims=392 usPerPrim=5
[FT] avgMs=16 worstMs=53 gameMs=11 drawMs=5 swapWait=0ms draws=70 decodes=0 decMs=0
[OTS] f=207840 calls=2 n0=2296 n1=274 prims=60994 bb=160,1120,0,694
[OTT] walkUs=1957 texUs=123 emitUs=665 submitUs=319 otherUs=848 prims=388 usPerPrim=5
[FT] avgMs=16 worstMs=49 gameMs=11 drawMs=5 swapWait=1ms draws=70 decodes=0 decMs=0
[OTS] f=207960 calls=2 n0=2301 n1=274 prims=61221 bb=160,1120,0,694
[OTT] walkUs=2310 texUs=124 emitUs=682 submitUs=304 otherUs=1198 prims=393 usPerPrim=5
[FT] avgMs=16 worstMs=44 gameMs=11 drawMs=5 swapWait=0ms draws=70 decodes=0 decMs=0
[OTS] f=208080 calls=2 n0=2298 n1=274 prims=60972 bb=160,1120,0,694
[OTT] walkUs=1973 texUs=124 emitUs=678 submitUs=226 otherUs=944 prims=390 usPerPrim=5
[SH-XBOX] vblank 208200
[MEM] tick: free=4016KB (1004 pages)
[FT] avgMs=16 worstMs=46 gameMs=11 drawMs=5 swapWait=0ms draws=71 decodes=0 decMs=0
[OTS] f=208200 calls=2 n0=2304 n1=274 prims=61209 bb=160,1120,0,694
[OTT] walkUs=2202 texUs=128 emitUs=687 submitUs=186 otherUs=1199 prims=396 usPerPrim=5
[FT] avgMs=16 worstMs=54 gameMs=11 drawMs=5 swapWait=0ms draws=70 decodes=0 decMs=0
[OTS] f=208320 calls=2 n0=2294 n1=274 prims=61176 bb=160,1120,0,694
[OTT] walkUs=2075 texUs=122 emitUs=658 submitUs=299 otherUs=994 prims=386 usPerPrim=5
[FT] avgMs=16 worstMs=49 gameMs=11 drawMs=5 swapWait=0ms draws=70 decodes=0 decMs=0
[OTS] f=208440 calls=2 n0=2302 n1=274 prims=61064 bb=160,1120,0,694
[OTT] walkUs=2184 texUs=125 emitUs=683 submitUs=260 otherUs=1115 prims=394 usPerPrim=5
[FT] avgMs=16 worstMs=45 gameMs=11 drawMs=5 swapWait=0ms draws=71 decodes=0 decMs=0
[OTS] f=208560 calls=2 n0=2297 n1=274 prims=61229 bb=160,1120,0,694
[OTT] walkUs=2203 texUs=122 emitUs=674 submitUs=188 otherUs=1217 prims=389 usPerPrim=5
[FT] avgMs=16 worstMs=46 gameMs=11 drawMs=5 swapWait=0ms draws=70 decodes=0 decMs=0
[OTS] f=208680 calls=2 n0=2301 n1=274 prims=61001 bb=160,1120,0,694
[OTT] walkUs=2104 texUs=126 emitUs=681 submitUs=421 otherUs=875 prims=393 usPerPrim=5
[SH-XBOX] vblank 208800
[MEM] tick: free=4016KB (1004 pages)
[FT] avgMs=16 worstMs=54 gameMs=11 drawMs=5 swapWait=1ms draws=70 decodes=0 decMs=0
[OTS] f=208800 calls=2 n0=2299 n1=274 prims=61259 bb=160,1120,0,694
[OTT] walkUs=2329 texUs=132 emitUs=681 submitUs=193 otherUs=1322 prims=391 usPerPrim=5
[FT] avgMs=16 worstMs=49 gameMs=11 drawMs=5 swapWait=0ms draws=71 decodes=0 decMs=0
[OTS] f=208920 calls=2 n0=2302 n1=274 prims=61047 bb=160,1120,0,694
[OTT] walkUs=2186 texUs=129 emitUs=682 submitUs=279 otherUs=1094 prims=394 usPerPrim=5
[FT] avgMs=16 worstMs=45 gameMs=11 drawMs=5 swapWait=1ms draws=70 decodes=0 decMs=0
[OTS] f=209040 calls=2 n0=2299 n1=274 prims=61189 bb=160,1120,0,694
[OTT] walkUs=2323 texUs=123 emitUs=680 submitUs=186 otherUs=1333 prims=391 usPerPrim=5
[FT] avgMs=16 worstMs=47 gameMs=11 drawMs=5 swapWait=0ms draws=71 decodes=0 decMs=0
[OTS] f=209160 calls=2 n0=2300 n1=274 prims=61003 bb=160,1120,0,694
[OTT] walkUs=2382 texUs=123 emitUs=681 submitUs=320 otherUs=1256 prims=392 usPerPrim=6
[FT] avgMs=16 worstMs=42 gameMs=11 drawMs=5 swapWait=1ms draws=71 decodes=0 decMs=0
[OTS] f=209280 calls=2 n0=2301 n1=274 prims=61360 bb=160,1120,0,694
[OTT] walkUs=2374 texUs=127 emitUs=682 submitUs=188 otherUs=1376 prims=393 usPerPrim=6
[SH-XBOX] vblank 209400
[MEM] tick: free=4016KB (1004 pages)
[FT] avgMs=16 worstMs=43 gameMs=11 drawMs=5 swapWait=0ms draws=71 decodes=0 decMs=0
[OTS] f=209400 calls=2 n0=2302 n1=274 prims=61018 bb=160,1120,0,694
[OTT] walkUs=2056 texUs=125 emitUs=686 submitUs=215 otherUs=1029 prims=394 usPerPrim=5
[FT] avgMs=16 worstMs=45 gameMs=11 drawMs=5 swapWait=0ms draws=70 decodes=0 decMs=0
[OTS] f=209520 calls=2 n0=2298 n1=274 prims=61214 bb=160,1120,0,694
[OTT] walkUs=2339 texUs=124 emitUs=674 submitUs=211 otherUs=1328 prims=390 usPerPrim=5
[FT] avgMs=16 worstMs=46 gameMs=11 drawMs=5 swapWait=1ms draws=70 decodes=0 decMs=0
[OTS] f=209640 calls=2 n0=2299 n1=274 prims=60996 bb=160,1120,0,694
[OTT] walkUs=2052 texUs=124 emitUs=675 submitUs=176 otherUs=1076 prims=391 usPerPrim=5
[FT] avgMs=16 worstMs=53 gameMs=11 drawMs=5 swapWait=0ms draws=71 decodes=0 decMs=0
[OTS] f=209760 calls=2 n0=2302 n1=274 prims=61314 bb=160,1120,0,694
[OTT] walkUs=1994 texUs=125 emitUs=688 submitUs=186 otherUs=993 prims=394 usPerPrim=5
[FT] avgMs=16 worstMs=49 gameMs=11 drawMs=5 swapWait=0ms draws=70 decodes=0 decMs=0
[OTS] f=209880 calls=2 n0=2300 n1=274 prims=60955 bb=160,1120,0,694
[OTT] walkUs=1929 texUs=124 emitUs=680 submitUs=206 otherUs=917 prims=392 usPerPrim=4
[SH-XBOX] vblank 210000
[MEM] tick: free=4016KB (1004 pages)
[FT] avgMs=16 worstMs=45 gameMs=11 drawMs=5 swapWait=0ms draws=71 decodes=0 decMs=0
[OTS] f=210000 calls=2 n0=2303 n1=274 prims=61237 bb=160,1120,0,694
[OTT] walkUs=2506 texUs=125 emitUs=693 submitUs=412 otherUs=1274 prims=395 usPerPrim=6
[FT] avgMs=16 worstMs=46 gameMs=11 drawMs=5 swapWait=0ms draws=70 decodes=0 decMs=0
[OTS] f=210120 calls=2 n0=2294 n1=274 prims=61125 bb=160,1120,0,694
[OTT] walkUs=1959 texUs=123 emitUs=660 submitUs=345 otherUs=830 prims=386 usPerPrim=5
[FT] avgMs=16 worstMs=42 gameMs=11 drawMs=5 swapWait=0ms draws=70 decodes=0 decMs=0
[OTS] f=210240 calls=2 n0=2302 n1=274 prims=61085 bb=160,1120,0,694
[OTT] walkUs=1971 texUs=125 emitUs=686 submitUs=211 otherUs=947 prims=394 usPerPrim=5
[FT] avgMs=16 worstMs=43 gameMs=11 drawMs=5 swapWait=0ms draws=71 decodes=0 decMs=0
[OTS] f=210360 calls=2 n0=2296 n1=274 prims=61206 bb=160,1120,0,694
[OTT] walkUs=1983 texUs=123 emitUs=674 submitUs=196 otherUs=988 prims=388 usPerPrim=5
[FT] avgMs=16 worstMs=44 gameMs=11 drawMs=5 swapWait=0ms draws=70 decodes=0 decMs=0
[OTS] f=210480 calls=2 n0=2296 n1=274 prims=61023 bb=160,1120,0,694
[OTT] walkUs=2205 texUs=123 emitUs=664 submitUs=243 otherUs=1173 prims=388 usPerPrim=5
[SH-XBOX] vblank 210600
[MEM] tick: free=4016KB (1004 pages)
[FT] avgMs=16 worstMs=47 gameMs=11 drawMs=5 swapWait=0ms draws=70 decodes=0 decMs=0
[OTS] f=210600 calls=2 n0=2297 n1=274 prims=61263 bb=160,1120,0,694
[OTT] walkUs=2075 texUs=122 emitUs=672 submitUs=193 otherUs=1087 prims=389 usPerPrim=5
[FT] avgMs=16 worstMs=41 gameMs=11 drawMs=5 swapWait=0ms draws=70 decodes=0 decMs=0
[OTS] f=210720 calls=2 n0=2303 n1=274 prims=60933 bb=160,1120,0,694
[OTT] walkUs=2216 texUs=125 emitUs=686 submitUs=323 otherUs=1081 prims=395 usPerPrim=5
[FT] avgMs=16 worstMs=44 gameMs=11 drawMs=5 swapWait=0ms draws=71 decodes=0 decMs=0
[OTS] f=210840 calls=2 n0=2300 n1=274 prims=61295 bb=160,1120,0,694
[OTT] walkUs=2184 texUs=124 emitUs=683 submitUs=535 otherUs=840 prims=392 usPerPrim=5
[FT] avgMs=16 worstMs=45 gameMs=11 drawMs=5 swapWait=0ms draws=70 decodes=0 decMs=0
[OTS] f=210960 calls=2 n0=2299 n1=274 prims=60988 bb=160,1120,0,694
[OTT] walkUs=2069 texUs=125 emitUs=671 submitUs=305 otherUs=967 prims=391 usPerPrim=5
[FT] avgMs=17 worstMs=75 gameMs=11 drawMs=5 swapWait=0ms draws=70 decodes=0 decMs=0
[OTS] f=211080 calls=2 n0=2301 n1=274 prims=61269 bb=160,1120,0,694
[OTT] walkUs=2058 texUs=124 emitUs=681 submitUs=393 otherUs=859 prims=393 usPerPrim=5
[SH-XBOX] vblank 211200
[MEM] tick: free=4016KB (1004 pages)
[FT] avgMs=16 worstMs=17 gameMs=11 drawMs=5 swapWait=0ms draws=71 decodes=0 decMs=0
[OTS] f=211200 calls=2 n0=2301 n1=274 prims=60990 bb=160,1120,0,694
[OTT] walkUs=2102 texUs=124 emitUs=684 submitUs=194 otherUs=1098 prims=393 usPerPrim=5
[FT] avgMs=16 worstMs=50 gameMs=11 drawMs=5 swapWait=0ms draws=70 decodes=0 decMs=0
[OTS] f=211320 calls=2 n0=2300 n1=274 prims=61227 bb=160,1120,0,694
[OTT] walkUs=2142 texUs=124 emitUs=680 submitUs=199 otherUs=1136 prims=392 usPerPrim=5
[FT] avgMs=16 worstMs=45 gameMs=11 drawMs=5 swapWait=0ms draws=70 decodes=0 decMs=0
[OTS] f=211440 calls=2 n0=2299 n1=274 prims=60998 bb=160,1120,0,694
[OTT] walkUs=2172 texUs=123 emitUs=676 submitUs=289 otherUs=1082 prims=391 usPerPrim=5
[FT] avgMs=16 worstMs=52 gameMs=11 drawMs=5 swapWait=1ms draws=71 decodes=0 decMs=0
[OTS] f=211560 calls=2 n0=2300 n1=274 prims=61334 bb=160,1120,0,694
[OTT] walkUs=2322 texUs=124 emitUs=682 submitUs=188 otherUs=1327 prims=392 usPerPrim=5
[FT] avgMs=16 worstMs=48 gameMs=11 drawMs=5 swapWait=0ms draws=70 decodes=0 decMs=0
[OTS] f=211680 calls=2 n0=2298 n1=274 prims=60936 bb=160,1120,0,694
[OTT] walkUs=2195 texUs=123 emitUs=677 submitUs=245 otherUs=1148 prims=390 usPerPrim=5
[SH-XBOX] vblank 211800
[MEM] tick: free=4016KB (1004 pages)
[FT] avgMs=16 worstMs=44 gameMs=11 drawMs=5 swapWait=0ms draws=71 decodes=0 decMs=0
[OTS] f=211800 calls=2 n0=2301 n1=274 prims=61249 bb=160,1120,0,694
[OTT] walkUs=2241 texUs=123 emitUs=685 submitUs=190 otherUs=1242 prims=393 usPerPrim=5
[FT] avgMs=16 worstMs=45 gameMs=11 drawMs=5 swapWait=0ms draws=71 decodes=0 decMs=0
[OTS] f=211920 calls=2 n0=2297 n1=274 prims=61114 bb=160,1120,0,694
[OTT] walkUs=2259 texUs=123 emitUs=673 submitUs=194 otherUs=1268 prims=389 usPerPrim=5
[FT] avgMs=16 worstMs=52 gameMs=11 drawMs=5 swapWait=0ms draws=71 decodes=0 decMs=0
[OTS] f=212040 calls=2 n0=2304 n1=274 prims=61225 bb=160,1120,0,694
[OTT] walkUs=2286 texUs=125 emitUs=690 submitUs=563 otherUs=906 prims=396 usPerPrim=5
[FT] avgMs=16 worstMs=47 gameMs=11 drawMs=5 swapWait=1ms draws=70 decodes=0 decMs=0
[OTS] f=212160 calls=2 n0=2297 n1=274 prims=61048 bb=160,1120,0,694
[OTT] walkUs=2344 texUs=123 emitUs=676 submitUs=473 otherUs=1070 prims=389 usPerPrim=6
[FT] avgMs=16 worstMs=44 gameMs=11 drawMs=5 swapWait=0ms draws=71 decodes=0 decMs=0
[OTS] f=212280 calls=2 n0=2302 n1=274 prims=61162 bb=160,1120,0,694
[OTT] walkUs=2247 texUs=126 emitUs=687 submitUs=344 otherUs=1089 prims=394 usPerPrim=5
[SH-XBOX] vblank 212400
[MEM] tick: free=4016KB (1004 pages)
[FT] avgMs=16 worstMs=45 gameMs=11 drawMs=5 swapWait=0ms draws=71 decodes=0 decMs=0
[OTS] f=212400 calls=2 n0=2296 n1=274 prims=61255 bb=160,1120,0,694
[OTT] walkUs=2264 texUs=123 emitUs=668 submitUs=212 otherUs=1260 prims=388 usPerPrim=5
[FT] avgMs=16 worstMs=52 gameMs=11 drawMs=5 swapWait=0ms draws=70 decodes=0 decMs=0
[OTS] f=212520 calls=2 n0=2303 n1=274 prims=60963 bb=160,1120,0,694
[OTT] walkUs=1909 texUs=126 emitUs=685 submitUs=185 otherUs=912 prims=395 usPerPrim=4
[FT] avgMs=16 worstMs=48 gameMs=11 drawMs=5 swapWait=1ms draws=71 decodes=0 decMs=0
[OTS] f=212640 calls=2 n0=2300 n1=274 prims=61283 bb=160,1120,0,694
[OTT] walkUs=2318 texUs=124 emitUs=682 submitUs=212 otherUs=1299 prims=392 usPerPrim=5
[FT] avgMs=16 worstMs=44 gameMs=11 drawMs=5 swapWait=0ms draws=70 decodes=0 decMs=0
[OTS] f=212760 calls=2 n0=2300 n1=274 prims=60981 bb=160,1120,0,694
[OTT] walkUs=2244 texUs=126 emitUs=677 submitUs=174 otherUs=1266 prims=392 usPerPrim=5
[FT] avgMs=16 worstMs=45 gameMs=11 drawMs=5 swapWait=0ms draws=70 decodes=0 decMs=0
[OTS] f=212880 calls=2 n0=2299 n1=274 prims=61273 bb=160,1120,0,694
[OTT] walkUs=2373 texUs=123 emitUs=679 submitUs=261 otherUs=1308 prims=391 usPerPrim=6
[SH-XBOX] vblank 213000
[MEM] tick: free=4016KB (1004 pages)
[FT] avgMs=16 worstMs=52 gameMs=11 drawMs=5 swapWait=0ms draws=71 decodes=0 decMs=0
[OTS] f=213000 calls=2 n0=2300 n1=274 prims=61001 bb=160,1120,0,694
[OTT] walkUs=2001 texUs=125 emitUs=683 submitUs=283 otherUs=908 prims=392 usPerPrim=5
[FT] avgMs=16 worstMs=17 gameMs=11 drawMs=5 swapWait=0ms draws=70 decodes=0 decMs=0
[OTS] f=213120 calls=2 n0=2301 n1=274 prims=61201 bb=160,1120,0,694
[OTT] walkUs=2360 texUs=124 emitUs=681 submitUs=276 otherUs=1278 prims=393 usPerPrim=6
[FT] avgMs=16 worstMs=44 gameMs=11 drawMs=5 swapWait=1ms draws=71 decodes=0 decMs=0
[OTS] f=213240 calls=2 n0=2301 n1=274 prims=61026 bb=160,1120,0,694
[OTT] walkUs=2038 texUs=125 emitUs=678 submitUs=211 otherUs=1023 prims=393 usPerPrim=5
[FT] avgMs=16 worstMs=46 gameMs=11 drawMs=5 swapWait=0ms draws=70 decodes=0 decMs=0
[OTS] f=213360 calls=2 n0=2300 n1=274 prims=61213 bb=160,1120,0,694
[OTT] walkUs=2227 texUs=123 emitUs=677 submitUs=177 otherUs=1249 prims=392 usPerPrim=5
[FT] avgMs=16 worstMs=53 gameMs=11 drawMs=5 swapWait=0ms draws=71 decodes=0 decMs=0
[OTS] f=213480 calls=2 n0=2299 n1=274 prims=61022 bb=160,1120,0,694
[OTT] walkUs=2157 texUs=123 emitUs=679 submitUs=349 otherUs=1004 prims=391 usPerPrim=5
[SH-XBOX] vblank 213600
[MEM] tick: free=4016KB (1004 pages)
[FT] avgMs=16 worstMs=49 gameMs=11 drawMs=5 swapWait=0ms draws=70 decodes=0 decMs=0
[OTS] f=213600 calls=2 n0=2300 n1=274 prims=61214 bb=160,1120,0,694
[OTT] walkUs=2061 texUs=125 emitUs=678 submitUs=334 otherUs=922 prims=392 usPerPrim=5
[FT] avgMs=16 worstMs=44 gameMs=11 drawMs=5 swapWait=0ms draws=70 decodes=0 decMs=0
[OTS] f=213720 calls=2 n0=2299 n1=274 prims=61043 bb=160,1120,0,694
[OTT] walkUs=2147 texUs=124 emitUs=681 submitUs=426 otherUs=915 prims=391 usPerPrim=5
[FT] avgMs=16 worstMs=45 gameMs=11 drawMs=5 swapWait=0ms draws=71 decodes=0 decMs=0
[OTS] f=213840 calls=2 n0=2303 n1=274 prims=61249 bb=160,1120,0,694
[OTT] walkUs=2107 texUs=125 emitUs=689 submitUs=331 otherUs=960 prims=395 usPerPrim=5
[FT] avgMs=16 worstMs=52 gameMs=11 drawMs=5 swapWait=0ms draws=70 decodes=0 decMs=0
[OTS] f=213960 calls=2 n0=2297 n1=274 prims=61009 bb=160,1120,0,694
[OTT] walkUs=2052 texUs=123 emitUs=672 submitUs=190 otherUs=1065 prims=389 usPerPrim=5
[FT] avgMs=16 worstMs=49 gameMs=11 drawMs=5 swapWait=0ms draws=71 decodes=0 decMs=0
[OTS] f=214080 calls=2 n0=2302 n1=274 prims=61172 bb=160,1120,0,694
[OTT] walkUs=2153 texUs=125 emitUs=685 submitUs=288 otherUs=1054 prims=394 usPerPrim=5
[SH-XBOX] vblank 214200
[MEM] tick: free=4016KB (1004 pages)
[FT] avgMs=16 worstMs=44 gameMs=11 drawMs=5 swapWait=0ms draws=71 decodes=0 decMs=0
[OTS] f=214200 calls=2 n0=2296 n1=274 prims=61235 bb=160,1120,0,694
[OTT] walkUs=2208 texUs=123 emitUs=670 submitUs=414 otherUs=1001 prims=388 usPerPrim=5
[FT] avgMs=16 worstMs=46 gameMs=11 drawMs=5 swapWait=0ms draws=70 decodes=0 decMs=0
[OTS] f=214320 calls=2 n0=2298 n1=274 prims=60997 bb=160,1120,0,694
[OTT] walkUs=2205 texUs=123 emitUs=675 submitUs=267 otherUs=1139 prims=390 usPerPrim=5
[FT] avgMs=16 worstMs=52 gameMs=11 drawMs=5 swapWait=0ms draws=71 decodes=0 decMs=0
[OTS] f=214440 calls=2 n0=2298 n1=274 prims=61267 bb=160,1120,0,694
[OTT] walkUs=2188 texUs=124 emitUs=678 submitUs=215 otherUs=1170 prims=390 usPerPrim=5
[FT] avgMs=16 worstMs=48 gameMs=11 drawMs=5 swapWait=0ms draws=71 decodes=0 decMs=0
[OTS] f=214560 calls=2 n0=2303 n1=274 prims=61053 bb=160,1120,0,694
[OTT] walkUs=2226 texUs=125 emitUs=686 submitUs=514 otherUs=899 prims=395 usPerPrim=5
[FT] avgMs=16 worstMs=44 gameMs=11 drawMs=5 swapWait=0ms draws=71 decodes=0 decMs=0
[OTS] f=214680 calls=2 n0=2300 n1=274 prims=61325 bb=160,1120,0,694
[OTT] walkUs=2150 texUs=124 emitUs=685 submitUs=240 otherUs=1100 prims=392 usPerPrim=5
[SH-XBOX] vblank 214800
[MEM] tick: free=4016KB (1004 pages)
[FT] avgMs=16 worstMs=45 gameMs=11 drawMs=5 swapWait=0ms draws=70 decodes=0 decMs=0
[OTS] f=214800 calls=2 n0=2301 n1=274 prims=60898 bb=160,1120,0,694
[OTT] walkUs=2324 texUs=125 emitUs=681 submitUs=372 otherUs=1144 prims=393 usPerPrim=5
[FT] avgMs=16 worstMs=53 gameMs=11 drawMs=5 swapWait=0ms draws=71 decodes=0 decMs=0
[OTS] f=214920 calls=2 n0=2301 n1=274 prims=61329 bb=160,1120,0,694
[OTT] walkUs=2207 texUs=124 emitUs=681 submitUs=408 otherUs=993 prims=393 usPerPrim=5
[FT] avgMs=16 worstMs=17 gameMs=11 drawMs=5 swapWait=1ms draws=70 decodes=0 decMs=0
[OTS] f=215040 calls=2 n0=2298 n1=274 prims=60993 bb=160,1120,0,694
[OTT] walkUs=2317 texUs=134 emitUs=678 submitUs=452 otherUs=1051 prims=390 usPerPrim=5
[FT] avgMs=16 worstMs=44 gameMs=11 drawMs=5 swapWait=0ms draws=70 decodes=0 decMs=0
[OTS] f=215160 calls=2 n0=2302 n1=274 prims=61243 bb=160,1120,0,694
[OTT] walkUs=2320 texUs=125 emitUs=689 submitUs=424 otherUs=1082 prims=394 usPerPrim=5
[FT] avgMs=16 worstMs=46 gameMs=11 drawMs=5 swapWait=0ms draws=71 decodes=0 decMs=0
[OTS] f=215280 calls=2 n0=2300 n1=274 prims=61006 bb=160,1120,0,694
[OTT] walkUs=2271 texUs=124 emitUs=677 submitUs=288 otherUs=1181 prims=392 usPerPrim=5
[SH-XBOX] vblank 215400
[MEM] tick: free=4016KB (1004 pages)
[FT] avgMs=16 worstMs=53 gameMs=11 drawMs=5 swapWait=0ms draws=70 decodes=0 decMs=0
[OTS] f=215400 calls=2 n0=2298 n1=274 prims=61220 bb=160,1120,0,694
[OTT] walkUs=2300 texUs=124 emitUs=673 submitUs=260 otherUs=1242 prims=390 usPerPrim=5
[FT] avgMs=16 worstMs=49 gameMs=11 drawMs=5 swapWait=0ms draws=70 decodes=0 decMs=0
[OTS] f=215520 calls=2 n0=2297 n1=274 prims=61044 bb=160,1120,0,694
[OTT] walkUs=2144 texUs=122 emitUs=669 submitUs=190 otherUs=1161 prims=389 usPerPrim=5
[FT] avgMs=16 worstMs=45 gameMs=11 drawMs=5 swapWait=0ms draws=71 decodes=0 decMs=0
[OTS] f=215640 calls=2 n0=2301 n1=274 prims=61257 bb=160,1120,0,694
[OTT] walkUs=2063 texUs=124 emitUs=684 submitUs=180 otherUs=1073 prims=393 usPerPrim=5
[FT] avgMs=16 worstMs=46 gameMs=11 drawMs=5 swapWait=0ms draws=70 decodes=0 decMs=0
[OTS] f=215760 calls=2 n0=2298 n1=274 prims=60973 bb=160,1120,0,694
[OTT] walkUs=1950 texUs=127 emitUs=674 submitUs=258 otherUs=890 prims=390 usPerPrim=5
[FT] avgMs=16 worstMs=52 gameMs=11 drawMs=5 swapWait=0ms draws=70 decodes=0 decMs=0
[OTS] f=215880 calls=2 n0=2302 n1=274 prims=61187 bb=160,1120,0,694
[OTT] walkUs=1866 texUs=126 emitUs=682 submitUs=283 otherUs=773 prims=394 usPerPrim=4
[SH-XBOX] vblank 216000
[MEM] tick: free=4016KB (1004 pages)
[FT] avgMs=16 worstMs=49 gameMs=11 drawMs=5 swapWait=0ms draws=70 decodes=0 decMs=0
[OTS] f=216000 calls=2 n0=2297 n1=274 prims=61100 bb=160,1120,0,694
[OTT] walkUs=2205 texUs=123 emitUs=671 submitUs=176 otherUs=1234 prims=389 usPerPrim=5
[FT] avgMs=16 worstMs=44 gameMs=11 drawMs=5 swapWait=0ms draws=71 decodes=0 decMs=0
[OTS] f=216120 calls=2 n0=2302 n1=274 prims=61162 bb=160,1120,0,694
[OTT] walkUs=1997 texUs=125 emitUs=690 submitUs=363 otherUs=817 prims=394 usPerPrim=5
[FT] avgMs=16 worstMs=46 gameMs=11 drawMs=5 swapWait=0ms draws=70 decodes=0 decMs=0
[OTS] f=216240 calls=2 n0=2295 n1=274 prims=61127 bb=160,1120,0,694
[OTT] walkUs=2045 texUs=123 emitUs=663 submitUs=186 otherUs=1072 prims=387 usPerPrim=5
[FT] avgMs=16 worstMs=53 gameMs=11 drawMs=5 swapWait=1ms draws=70 decodes=0 decMs=0
[OTS] f=216360 calls=2 n0=2302 n1=274 prims=61063 bb=160,1120,0,694
[OTT] walkUs=1994 texUs=124 emitUs=684 submitUs=264 otherUs=921 prims=394 usPerPrim=5
[FT] avgMs=16 worstMs=48 gameMs=11 drawMs=5 swapWait=0ms draws=71 decodes=0 decMs=0
[OTS] f=216480 calls=2 n0=2300 n1=274 prims=61311 bb=160,1120,0,694
[OTT] walkUs=2040 texUs=124 emitUs=681 submitUs=191 otherUs=1042 prims=392 usPerPrim=5
[SH-XBOX] vblank 216600
[MEM] tick: free=4016KB (1004 pages)
[FT] avgMs=16 worstMs=44 gameMs=11 drawMs=5 swapWait=0ms draws=70 decodes=0 decMs=0
[OTS] f=216600 calls=2 n0=2302 n1=274 prims=60907 bb=160,1120,0,694
[OTT] walkUs=2309 texUs=124 emitUs=690 submitUs=248 otherUs=1245 prims=394 usPerPrim=5
[FT] avgMs=16 worstMs=46 gameMs=11 drawMs=5 swapWait=0ms draws=71 decodes=0 decMs=0
[OTS] f=216720 calls=2 n0=2299 n1=274 prims=61317 bb=160,1120,0,694
[OTT] walkUs=2016 texUs=124 emitUs=678 submitUs=196 otherUs=1017 prims=391 usPerPrim=5
[FT] avgMs=16 worstMs=53 gameMs=11 drawMs=5 swapWait=0ms draws=70 decodes=0 decMs=0
[OTS] f=216840 calls=2 n0=2297 n1=274 prims=60993 bb=160,1120,0,694
[OTT] walkUs=2216 texUs=138 emitUs=674 submitUs=306 otherUs=1095 prims=389 usPerPrim=5
[FT] avgMs=16 worstMs=48 gameMs=11 drawMs=5 swapWait=0ms draws=70 decodes=0 decMs=0
[OTS] f=216960 calls=2 n0=2301 n1=274 prims=61239 bb=160,1120,0,694
[OTT] walkUs=2116 texUs=125 emitUs=685 submitUs=287 otherUs=1018 prims=393 usPerPrim=5
[FT] avgMs=16 worstMs=17 gameMs=11 drawMs=5 swapWait=0ms draws=71 decodes=0 decMs=0
[OTS] f=217080 calls=2 n0=2302 n1=274 prims=61018 bb=160,1120,0,694
[OTT] walkUs=2246 texUs=124 emitUs=691 submitUs=339 otherUs=1090 prims=394 usPerPrim=5
[SH-XBOX] vblank 217200
[MEM] tick: free=4016KB (1004 pages)
[FT] avgMs=16 worstMs=52 gameMs=11 drawMs=5 swapWait=0ms draws=71 decodes=0 decMs=0
[OTS] f=217200 calls=2 n0=2300 n1=274 prims=61316 bb=160,1120,0,694
[OTT] walkUs=2188 texUs=128 emitUs=681 submitUs=380 otherUs=998 prims=392 usPerPrim=5
[FT] avgMs=16 worstMs=48 gameMs=11 drawMs=5 swapWait=0ms draws=71 decodes=0 decMs=0
[OTS] f=217320 calls=2 n0=2298 n1=274 prims=61050 bb=160,1120,0,694
[OTT] walkUs=2140 texUs=126 emitUs=672 submitUs=208 otherUs=1132 prims=390 usPerPrim=5
[FT] avgMs=16 worstMs=43 gameMs=11 drawMs=5 swapWait=0ms draws=70 decodes=0 decMs=0
[OTS] f=217440 calls=2 n0=2302 n1=274 prims=61161 bb=160,1120,0,694
[OTT] walkUs=2241 texUs=124 emitUs=686 submitUs=395 otherUs=1034 prims=394 usPerPrim=5
[FT] avgMs=16 worstMs=45 gameMs=11 drawMs=5 swapWait=0ms draws=71 decodes=0 decMs=0
[OTS] f=217560 calls=2 n0=2300 n1=274 prims=61083 bb=160,1120,0,694
[OTT] walkUs=2236 texUs=124 emitUs=683 submitUs=401 otherUs=1027 prims=392 usPerPrim=5
[FT] avgMs=16 worstMs=46 gameMs=11 drawMs=5 swapWait=0ms draws=70 decodes=0 decMs=0
[OTS] f=217680 calls=2 n0=2301 n1=274 prims=61199 bb=160,1120,0,694
[OTT] walkUs=2226 texUs=125 emitUs=676 submitUs=185 otherUs=1239 prims=393 usPerPrim=5
[SH-XBOX] vblank 217800
[MEM] tick: free=4016KB (1004 pages)
[FT] avgMs=16 worstMs=54 gameMs=11 drawMs=5 swapWait=0ms draws=70 decodes=0 decMs=0
[OTS] f=217800 calls=2 n0=2297 n1=274 prims=61077 bb=160,1120,0,694
[OTT] walkUs=2262 texUs=122 emitUs=672 submitUs=185 otherUs=1281 prims=389 usPerPrim=5
[FT] avgMs=16 worstMs=49 gameMs=11 drawMs=5 swapWait=0ms draws=71 decodes=0 decMs=0
[OTS] f=217920 calls=2 n0=2302 n1=274 prims=61172 bb=160,1120,0,694
[OTT] walkUs=2337 texUs=124 emitUs=691 submitUs=191 otherUs=1330 prims=394 usPerPrim=5
[FT] avgMs=16 worstMs=45 gameMs=11 drawMs=5 swapWait=0ms draws=70 decodes=0 decMs=0
[OTS] f=218040 calls=2 n0=2294 n1=274 prims=61087 bb=160,1120,0,694
[OTT] walkUs=2199 texUs=123 emitUs=660 submitUs=292 otherUs=1124 prims=386 usPerPrim=5
[FT] avgMs=16 worstMs=46 gameMs=11 drawMs=5 swapWait=0ms draws=70 decodes=0 decMs=0
[OTS] f=218160 calls=2 n0=2297 n1=274 prims=61122 bb=160,1120,0,694
[OTT] walkUs=2278 texUs=122 emitUs=677 submitUs=222 otherUs=1256 prims=389 usPerPrim=5
[FT] avgMs=16 worstMs=54 gameMs=11 drawMs=5 swapWait=0ms draws=71 decodes=0 decMs=0
[OTS] f=218280 calls=2 n0=2298 n1=274 prims=61290 bb=160,1120,0,694
[OTT] walkUs=2148 texUs=122 emitUs=677 submitUs=463 otherUs=884 prims=390 usPerPrim=5
[SH-XBOX] vblank 218400
[MEM] tick: free=4016KB (1004 pages)
[FT] avgMs=16 worstMs=49 gameMs=11 drawMs=5 swapWait=0ms draws=70 decodes=0 decMs=0
[OTS] f=218400 calls=2 n0=2303 n1=274 prims=60925 bb=160,1120,0,694
[OTT] walkUs=2347 texUs=125 emitUs=687 submitUs=360 otherUs=1173 prims=395 usPerPrim=5
[FT] avgMs=16 worstMs=45 gameMs=11 drawMs=5 swapWait=0ms draws=70 decodes=0 decMs=0
[OTS] f=218520 calls=2 n0=2298 n1=274 prims=61241 bb=160,1120,0,694
[OTT] walkUs=1818 texUs=124 emitUs=669 submitUs=206 otherUs=817 prims=390 usPerPrim=4
[FT] avgMs=16 worstMs=52 gameMs=11 drawMs=5 swapWait=0ms draws=70 decodes=0 decMs=0
[OTS] f=218640 calls=2 n0=2300 n1=274 prims=60970 bb=160,1120,0,694
[OTT] walkUs=1954 texUs=123 emitUs=678 submitUs=270 otherUs=881 prims=392 usPerPrim=4
[FT] avgMs=16 worstMs=48 gameMs=11 drawMs=5 swapWait=0ms draws=71 decodes=0 decMs=0
[OTS] f=218760 calls=2 n0=2301 n1=274 prims=61341 bb=160,1120,0,694
[OTT] walkUs=2033 texUs=124 emitUs=689 submitUs=326 otherUs=893 prims=393 usPerPrim=5
[FT] avgMs=17 worstMs=78 gameMs=11 drawMs=5 swapWait=0ms draws=70 decodes=0 decMs=0
[OTS] f=218880 calls=2 n0=2301 n1=274 prims=60861 bb=160,1120,0,694
[OTT] walkUs=1889 texUs=125 emitUs=689 submitUs=187 otherUs=888 prims=393 usPerPrim=4
[SH-XBOX] vblank 219000
[MEM] tick: free=4016KB (1004 pages)
[FT] avgMs=16 worstMs=17 gameMs=11 drawMs=5 swapWait=0ms draws=71 decodes=0 decMs=0
[OTS] f=219000 calls=2 n0=2302 n1=274 prims=61345 bb=160,1120,0,694
[OTT] walkUs=2095 texUs=125 emitUs=690 submitUs=201 otherUs=1078 prims=394 usPerPrim=5
[FT] avgMs=16 worstMs=52 gameMs=11 drawMs=5 swapWait=0ms draws=71 decodes=0 decMs=0
[OTS] f=219120 calls=2 n0=2300 n1=274 prims=61035 bb=160,1120,0,694
[OTT] walkUs=1926 texUs=124 emitUs=679 submitUs=193 otherUs=928 prims=392 usPerPrim=4
[FT] avgMs=16 worstMs=48 gameMs=11 drawMs=5 swapWait=0ms draws=70 decodes=0 decMs=0
[OTS] f=219240 calls=2 n0=2300 n1=274 prims=61178 bb=160,1120,0,694
[OTT] walkUs=2233 texUs=124 emitUs=686 submitUs=177 otherUs=1245 prims=392 usPerPrim=5
[FT] avgMs=16 worstMs=43 gameMs=11 drawMs=5 swapWait=0ms draws=71 decodes=0 decMs=0
[OTS] f=219360 calls=2 n0=2298 n1=274 prims=61064 bb=160,1120,0,694
[OTT] walkUs=1986 texUs=123 emitUs=677 submitUs=295 otherUs=890 prims=390 usPerPrim=5
[FT] avgMs=16 worstMs=45 gameMs=11 drawMs=5 swapWait=0ms draws=70 decodes=0 decMs=0
[OTS] f=219480 calls=2 n0=2299 n1=274 prims=61195 bb=160,1120,0,694
[OTT] walkUs=2006 texUs=124 emitUs=674 submitUs=187 otherUs=1020 prims=391 usPerPrim=5
[SH-XBOX] vblank 219600
[MEM] tick: free=4016KB (1004 pages)
[FT] avgMs=16 worstMs=46 gameMs=11 drawMs=5 swapWait=0ms draws=70 decodes=0 decMs=0
[OTS] f=219600 calls=2 n0=2298 n1=274 prims=61057 bb=160,1120,0,694
[OTT] walkUs=2114 texUs=123 emitUs=677 submitUs=196 otherUs=1117 prims=390 usPerPrim=5
[FT] avgMs=16 worstMs=54 gameMs=11 drawMs=5 swapWait=0ms draws=71 decodes=0 decMs=0
[OTS] f=219720 calls=2 n0=2304 n1=274 prims=61209 bb=160,1120,0,694
[OTT] walkUs=2051 texUs=125 emitUs=691 submitUs=270 otherUs=963 prims=396 usPerPrim=5
[FT] avgMs=16 worstMs=49 gameMs=11 drawMs=5 swapWait=0ms draws=71 decodes=0 decMs=0
[OTS] f=219840 calls=2 n0=2297 n1=274 prims=61177 bb=160,1120,0,694
[OTT] walkUs=2452 texUs=122 emitUs=671 submitUs=630 otherUs=1027 prims=389 usPerPrim=6
[FT] avgMs=16 worstMs=45 gameMs=11 drawMs=5 swapWait=0ms draws=71 decodes=0 decMs=0
[OTS] f=219960 calls=2 n0=2301 n1=274 prims=61172 bb=160,1120,0,694
[OTT] walkUs=2100 texUs=127 emitUs=680 submitUs=240 otherUs=1052 prims=393 usPerPrim=5
[FT] avgMs=16 worstMs=52 gameMs=11 drawMs=5 swapWait=0ms draws=70 decodes=0 decMs=0
[OTS] f=220080 calls=2 n0=2297 n1=274 prims=61121 bb=160,1120,0,694
[OTT] walkUs=2213 texUs=127 emitUs=671 submitUs=435 otherUs=978 prims=389 usPerPrim=5
[SH-XBOX] vblank 220200
[MEM] tick: free=4016KB (1004 pages)
[FT] avgMs=16 worstMs=48 gameMs=11 drawMs=5 swapWait=0ms draws=71 decodes=0 decMs=0
[OTS] f=220200 calls=2 n0=2303 n1=274 prims=61087 bb=160,1120,0,694
[OTT] walkUs=2256 texUs=129 emitUs=685 submitUs=245 otherUs=1195 prims=395 usPerPrim=5
[FT] avgMs=16 worstMs=44 gameMs=11 drawMs=5 swapWait=0ms draws=70 decodes=0 decMs=0
[OTS] f=220320 calls=2 n0=2298 n1=274 prims=61213 bb=160,1120,0,694
[OTT] walkUs=2070 texUs=124 emitUs=674 submitUs=188 otherUs=1084 prims=390 usPerPrim=5
[FT] avgMs=16 worstMs=45 gameMs=11 drawMs=5 swapWait=0ms draws=70 decodes=0 decMs=0
[OTS] f=220440 calls=2 n0=2301 n1=274 prims=60999 bb=160,1120,0,694
[OTT] walkUs=2254 texUs=128 emitUs=678 submitUs=188 otherUs=1259 prims=393 usPerPrim=5
[FT] avgMs=16 worstMs=52 gameMs=11 drawMs=5 swapWait=0ms draws=71 decodes=0 decMs=0
[OTS] f=220560 calls=2 n0=2299 n1=274 prims=61325 bb=160,1120,0,694
[OTT] walkUs=2296 texUs=126 emitUs=683 submitUs=410 otherUs=1075 prims=391 usPerPrim=5
[FT] avgMs=16 worstMs=47 gameMs=11 drawMs=5 swapWait=0ms draws=70 decodes=0 decMs=0
[OTS] f=220680 calls=2 n0=2300 n1=274 prims=60873 bb=160,1120,0,694
[OTT] walkUs=2346 texUs=124 emitUs=698 submitUs=276 otherUs=1247 prims=392 usPerPrim=5
[SH-XBOX] vblank 220800
[MEM] tick: free=4016KB (1004 pages)
[FT] avgMs=16 worstMs=43 gameMs=11 drawMs=5 swapWait=1ms draws=71 decodes=0 decMs=0
[OTS] f=220800 calls=2 n0=2301 n1=274 prims=61329 bb=160,1120,0,694
[OTT] walkUs=2267 texUs=128 emitUs=681 submitUs=190 otherUs=1267 prims=393 usPerPrim=5
[FT] avgMs=16 worstMs=45 gameMs=11 drawMs=5 swapWait=0ms draws=71 decodes=0 decMs=0
[OTS] f=220920 calls=2 n0=2302 n1=274 prims=61048 bb=160,1120,0,694
[OTT] walkUs=2115 texUs=125 emitUs=682 submitUs=197 otherUs=1110 prims=394 usPerPrim=5
[FT] avgMs=16 worstMs=18 gameMs=11 drawMs=5 swapWait=0ms draws=70 decodes=0 decMs=0
[OTS] f=221040 calls=2 n0=2300 n1=274 prims=61188 bb=160,1120,0,694
[OTT] walkUs=2362 texUs=124 emitUs=682 submitUs=339 otherUs=1215 prims=392 usPerPrim=6
[FT] avgMs=16 worstMs=17 gameMs=11 drawMs=5 swapWait=0ms draws=70 decodes=0 decMs=0
[OTS] f=221160 calls=2 n0=2297 n1=274 prims=60936 bb=160,1120,0,694
[OTT] walkUs=2348 texUs=124 emitUs=672 submitUs=190 otherUs=1361 prims=389 usPerPrim=6
[FT] avgMs=16 worstMs=44 gameMs=11 drawMs=5 swapWait=0ms draws=70 decodes=0 decMs=0
[OTS] f=221280 calls=2 n0=2301 n1=274 prims=61244 bb=160,1120,0,694
[OTT] walkUs=2360 texUs=124 emitUs=681 submitUs=186 otherUs=1367 prims=393 usPerPrim=6
[SH-XBOX] vblank 221400
[MEM] tick: free=4016KB (1004 pages)
[FT] avgMs=16 worstMs=45 gameMs=11 drawMs=5 swapWait=0ms draws=71 decodes=0 decMs=0
[OTS] f=221400 calls=2 n0=2300 n1=274 prims=61111 bb=160,1120,0,694
[OTT] walkUs=2320 texUs=126 emitUs=679 submitUs=321 otherUs=1192 prims=392 usPerPrim=5
[FT] avgMs=16 worstMs=53 gameMs=11 drawMs=5 swapWait=0ms draws=70 decodes=0 decMs=0
[OTS] f=221520 calls=2 n0=2303 n1=274 prims=61111 bb=160,1120,0,694
[OTT] walkUs=2347 texUs=132 emitUs=684 submitUs=309 otherUs=1220 prims=395 usPerPrim=5
[FT] avgMs=16 worstMs=49 gameMs=11 drawMs=5 swapWait=0ms draws=71 decodes=0 decMs=0
[OTS] f=221640 calls=2 n0=2297 n1=274 prims=61138 bb=160,1120,0,694
[OTT] walkUs=1965 texUs=126 emitUs=674 submitUs=199 otherUs=964 prims=389 usPerPrim=5
[FT] avgMs=16 worstMs=43 gameMs=11 drawMs=5 swapWait=0ms draws=70 decodes=0 decMs=0
[OTS] f=221760 calls=2 n0=2299 n1=274 prims=61180 bb=160,1120,0,694
[OTT] walkUs=1863 texUs=124 emitUs=673 submitUs=270 otherUs=795 prims=391 usPerPrim=4
[FT] avgMs=16 worstMs=46 gameMs=11 drawMs=5 swapWait=0ms draws=70 decodes=0 decMs=0
[OTS] f=221880 calls=2 n0=2296 n1=274 prims=61099 bb=160,1120,0,694
[OTT] walkUs=2037 texUs=122 emitUs=677 submitUs=321 otherUs=915 prims=388 usPerPrim=5
[SH-XBOX] vblank 222000
[MEM] tick: free=4016KB (1004 pages)
[FT] avgMs=16 worstMs=52 gameMs=11 drawMs=5 swapWait=0ms draws=71 decodes=0 decMs=0
[OTS] f=222000 calls=2 n0=2298 n1=274 prims=61126 bb=160,1120,0,694
[OTT] walkUs=2230 texUs=122 emitUs=673 submitUs=390 otherUs=1043 prims=390 usPerPrim=5
[FT] avgMs=16 worstMs=49 gameMs=11 drawMs=5 swapWait=0ms draws=70 decodes=0 decMs=0
[OTS] f=222120 calls=2 n0=2296 n1=274 prims=61180 bb=160,1120,0,694
[OTT] walkUs=1859 texUs=126 emitUs=664 submitUs=188 otherUs=879 prims=388 usPerPrim=4
[FT] avgMs=16 worstMs=44 gameMs=11 drawMs=5 swapWait=0ms draws=70 decodes=0 decMs=0
[OTS] f=222240 calls=2 n0=2302 n1=274 prims=61038 bb=160,1120,0,694
[OTT] walkUs=1906 texUs=125 emitUs=681 submitUs=190 otherUs=908 prims=394 usPerPrim=4
[FT] avgMs=16 worstMs=46 gameMs=11 drawMs=5 swapWait=0ms draws=71 decodes=0 decMs=0
[OTS] f=222360 calls=2 n0=2300 n1=274 prims=61298 bb=160,1120,0,694
[OTT] walkUs=2160 texUs=123 emitUs=685 submitUs=213 otherUs=1137 prims=392 usPerPrim=5
[FT] avgMs=16 worstMs=52 gameMs=11 drawMs=5 swapWait=0ms draws=71 decodes=0 decMs=0
[OTS] f=222480 calls=2 n0=2301 n1=274 prims=61026 bb=160,1120,0,694
[OTT] walkUs=2069 texUs=128 emitUs=684 submitUs=213 otherUs=1041 prims=393 usPerPrim=5
[SH-XBOX] vblank 222600
[MEM] tick: free=4016KB (1004 pages)
[FT] avgMs=16 worstMs=48 gameMs=11 drawMs=5 swapWait=0ms draws=70 decodes=0 decMs=0
[OTS] f=222600 calls=2 n0=2299 n1=274 prims=61307 bb=160,1120,0,694
[OTT] walkUs=2090 texUs=125 emitUs=675 submitUs=182 otherUs=1107 prims=391 usPerPrim=5
[FT] avgMs=16 worstMs=44 gameMs=11 drawMs=5 swapWait=0ms draws=70 decodes=0 decMs=0
[OTS] f=222720 calls=2 n0=2301 n1=274 prims=60913 bb=160,1120,0,694
[OTT] walkUs=2204 texUs=124 emitUs=684 submitUs=336 otherUs=1058 prims=393 usPerPrim=5
[FT] avgMs=16 worstMs=46 gameMs=11 drawMs=5 swapWait=0ms draws=71 decodes=0 decMs=0
[OTS] f=222840 calls=2 n0=2302 n1=274 prims=61345 bb=160,1120,0,694
[OTT] walkUs=2165 texUs=128 emitUs=686 submitUs=209 otherUs=1141 prims=394 usPerPrim=5
[FT] avgMs=16 worstMs=18 gameMs=11 drawMs=5 swapWait=0ms draws=70 decodes=0 decMs=0
[OTS] f=222960 calls=2 n0=2298 n1=274 prims=60903 bb=160,1120,0,694
[OTT] walkUs=2043 texUs=125 emitUs=675 submitUs=192 otherUs=1050 prims=390 usPerPrim=5
[FT] avgMs=16 worstMs=17 gameMs=11 drawMs=5 swapWait=0ms draws=70 decodes=0 decMs=0
[OTS] f=223080 calls=2 n0=2299 n1=274 prims=61286 bb=160,1120,0,694
[OTT] walkUs=2153 texUs=124 emitUs=696 submitUs=192 otherUs=1140 prims=391 usPerPrim=5
[SH-XBOX] vblank 223200
[MEM] tick: free=4016KB (1004 pages)
[FT] avgMs=16 worstMs=44 gameMs=11 drawMs=5 swapWait=0ms draws=71 decodes=0 decMs=0
[OTS] f=223200 calls=2 n0=2298 n1=274 prims=61087 bb=160,1120,0,694
[OTT] walkUs=2193 texUs=123 emitUs=673 submitUs=415 otherUs=981 prims=390 usPerPrim=5
[FT] avgMs=16 worstMs=46 gameMs=11 drawMs=5 swapWait=1ms draws=70 decodes=0 decMs=0
[OTS] f=223320 calls=2 n0=2301 n1=274 prims=61121 bb=160,1120,0,694
[OTT] walkUs=2336 texUs=124 emitUs=684 submitUs=333 otherUs=1194 prims=393 usPerPrim=5
[FT] avgMs=16 worstMs=54 gameMs=11 drawMs=5 swapWait=0ms draws=71 decodes=0 decMs=0
[OTS] f=223440 calls=2 n0=2298 n1=274 prims=61101 bb=160,1120,0,694
[OTT] walkUs=2228 texUs=123 emitUs=677 submitUs=200 otherUs=1227 prims=390 usPerPrim=5
[FT] avgMs=16 worstMs=48 gameMs=11 drawMs=5 swapWait=0ms draws=70 decodes=0 decMs=0
[OTS] f=223560 calls=2 n0=2301 n1=274 prims=61205 bb=160,1120,0,694
[OTT] walkUs=2171 texUs=126 emitUs=679 submitUs=441 otherUs=924 prims=393 usPerPrim=5
[FT] avgMs=16 worstMs=44 gameMs=11 drawMs=5 swapWait=0ms draws=70 decodes=0 decMs=0
[OTS] f=223680 calls=2 n0=2297 n1=274 prims=61083 bb=160,1120,0,694
[OTT] walkUs=2370 texUs=122 emitUs=671 submitUs=249 otherUs=1326 prims=389 usPerPrim=6
[SH-XBOX] vblank 223800
[MEM] tick: free=4016KB (1004 pages)
[FT] avgMs=16 worstMs=45 gameMs=11 drawMs=5 swapWait=0ms draws=70 decodes=0 decMs=0
[OTS] f=223800 calls=2 n0=2300 n1=274 prims=61044 bb=160,1120,0,694
[OTT] walkUs=2182 texUs=124 emitUs=677 submitUs=190 otherUs=1189 prims=392 usPerPrim=5
[FT] avgMs=16 worstMs=53 gameMs=11 drawMs=5 swapWait=1ms draws=70 decodes=0 decMs=0
[OTS] f=223920 calls=2 n0=2297 n1=274 prims=61220 bb=160,1120,0,694
[OTT] walkUs=2173 texUs=122 emitUs=671 submitUs=186 otherUs=1192 prims=389 usPerPrim=5
[FT] avgMs=16 worstMs=49 gameMs=11 drawMs=5 swapWait=0ms draws=71 decodes=0 decMs=0
[OTS] f=224040 calls=2 n0=2303 n1=274 prims=61117 bb=160,1120,0,694
[OTT] walkUs=2289 texUs=125 emitUs=685 submitUs=414 otherUs=1063 prims=395 usPerPrim=5
[FT] avgMs=16 worstMs=44 gameMs=11 drawMs=5 swapWait=1ms draws=70 decodes=0 decMs=0
[OTS] f=224160 calls=2 n0=2300 n1=274 prims=61155 bb=160,1120,0,694
[OTT] walkUs=2356 texUs=124 emitUs=682 submitUs=275 otherUs=1274 prims=392 usPerPrim=6
[FT] avgMs=16 worstMs=46 gameMs=11 drawMs=5 swapWait=0ms draws=71 decodes=0 decMs=0
[OTS] f=224280 calls=2 n0=2302 n1=274 prims=61035 bb=160,1120,0,694
[OTT] walkUs=1920 texUs=125 emitUs=687 submitUs=277 otherUs=831 prims=394 usPerPrim=4
[SH-XBOX] vblank 224400
[MEM] tick: free=4016KB (1004 pages)
[FT] avgMs=16 worstMs=53 gameMs=11 drawMs=5 swapWait=0ms draws=70 decodes=0 decMs=0
[OTS] f=224400 calls=2 n0=2297 n1=274 prims=61279 bb=160,1120,0,694
[OTT] walkUs=2144 texUs=123 emitUs=674 submitUs=238 otherUs=1108 prims=389 usPerPrim=5
[FT] avgMs=16 worstMs=49 gameMs=11 drawMs=5 swapWait=0ms draws=70 decodes=0 decMs=0
[OTS] f=224520 calls=2 n0=2300 n1=274 prims=60941 bb=160,1120,0,694
[OTT] walkUs=2091 texUs=123 emitUs=682 submitUs=177 otherUs=1107 prims=392 usPerPrim=5
[FT] avgMs=16 worstMs=44 gameMs=11 drawMs=5 swapWait=0ms draws=71 decodes=0 decMs=0
[OTS] f=224640 calls=2 n0=2301 n1=274 prims=61329 bb=160,1120,0,694
[OTT] walkUs=2394 texUs=124 emitUs=680 submitUs=527 otherUs=1061 prims=393 usPerPrim=6
[FT] avgMs=16 worstMs=46 gameMs=11 drawMs=5 swapWait=0ms draws=70 decodes=0 decMs=0
[OTS] f=224760 calls=2 n0=2300 n1=274 prims=60900 bb=160,1120,0,694
[OTT] walkUs=2005 texUs=130 emitUs=675 submitUs=188 otherUs=1010 prims=392 usPerPrim=5
[FT] avgMs=16 worstMs=18 gameMs=11 drawMs=5 swapWait=0ms draws=70 decodes=0 decMs=0
[OTS] f=224880 calls=2 n0=2299 n1=274 prims=61316 bb=160,1120,0,694
[OTT] walkUs=2338 texUs=123 emitUs=674 submitUs=191 otherUs=1349 prims=391 usPerPrim=5
[SH-XBOX] vblank 225000
[MEM] tick: free=4016KB (1004 pages)
[FT] avgMs=16 worstMs=18 gameMs=11 drawMs=5 swapWait=0ms draws=71 decodes=0 decMs=0
[OTS] f=225000 calls=2 n0=2299 n1=274 prims=61042 bb=160,1120,0,694
[OTT] walkUs=1982 texUs=123 emitUs=680 submitUs=272 otherUs=905 prims=391 usPerPrim=5
[FT] avgMs=16 worstMs=44 gameMs=11 drawMs=5 swapWait=0ms draws=71 decodes=0 decMs=0
[OTS] f=225120 calls=2 n0=2302 n1=274 prims=61284 bb=160,1120,0,694
[OTT] walkUs=2237 texUs=125 emitUs=688 submitUs=187 otherUs=1236 prims=394 usPerPrim=5
[FT] avgMs=16 worstMs=45 gameMs=11 drawMs=5 swapWait=0ms draws=70 decodes=0 decMs=0
[OTS] f=225240 calls=2 n0=2298 n1=274 prims=61029 bb=160,1120,0,694
[OTT] walkUs=1873 texUs=124 emitUs=669 submitUs=194 otherUs=885 prims=390 usPerPrim=4
[FT] avgMs=16 worstMs=53 gameMs=11 drawMs=5 swapWait=0ms draws=70 decodes=0 decMs=0
[OTS] f=225360 calls=2 n0=2302 n1=274 prims=61185 bb=160,1120,0,694
[OTT] walkUs=2141 texUs=125 emitUs=684 submitUs=216 otherUs=1115 prims=394 usPerPrim=5
[FT] avgMs=16 worstMs=49 gameMs=11 drawMs=5 swapWait=1ms draws=71 decodes=0 decMs=0
[OTS] f=225480 calls=2 n0=2297 n1=274 prims=61145 bb=160,1120,0,694
[OTT] walkUs=2339 texUs=122 emitUs=676 submitUs=465 otherUs=1074 prims=389 usPerPrim=6
[SH-XBOX] vblank 225600
[MEM] tick: free=4016KB (1004 pages)
[FT] avgMs=16 worstMs=44 gameMs=11 drawMs=5 swapWait=0ms draws=70 decodes=0 decMs=0
[OTS] f=225600 calls=2 n0=2302 n1=274 prims=61046 bb=160,1120,0,694
[OTT] walkUs=2077 texUs=125 emitUs=686 submitUs=183 otherUs=1082 prims=394 usPerPrim=5
[FT] avgMs=16 worstMs=46 gameMs=11 drawMs=5 swapWait=0ms draws=71 decodes=0 decMs=0
[OTS] f=225720 calls=2 n0=2296 n1=274 prims=61206 bb=160,1120,0,694
[OTT] walkUs=2071 texUs=122 emitUs=672 submitUs=254 otherUs=1021 prims=388 usPerPrim=5
[FT] avgMs=16 worstMs=53 gameMs=11 drawMs=5 swapWait=0ms draws=71 decodes=0 decMs=0
[OTS] f=225840 calls=2 n0=2298 n1=274 prims=61156 bb=160,1120,0,694
[OTT] walkUs=2130 texUs=126 emitUs=673 submitUs=213 otherUs=1117 prims=390 usPerPrim=5
[FT] avgMs=16 worstMs=49 gameMs=11 drawMs=5 swapWait=1ms draws=70 decodes=0 decMs=0
[OTS] f=225960 calls=2 n0=2298 n1=274 prims=61138 bb=160,1120,0,694
[OTT] walkUs=2141 texUs=122 emitUs=672 submitUs=177 otherUs=1168 prims=390 usPerPrim=5
[FT] avgMs=16 worstMs=45 gameMs=11 drawMs=5 swapWait=0ms draws=71 decodes=0 decMs=0
[OTS] f=226080 calls=2 n0=2303 n1=274 prims=61054 bb=160,1120,0,694
[OTT] walkUs=1986 texUs=130 emitUs=685 submitUs=243 otherUs=927 prims=395 usPerPrim=5
[SH-XBOX] vblank 226200
[MEM] tick: free=4016KB (1004 pages)
[FT] avgMs=16 worstMs=46 gameMs=11 drawMs=5 swapWait=0ms draws=70 decodes=0 decMs=0
[OTS] f=226200 calls=2 n0=2297 n1=274 prims=61242 bb=160,1120,0,694
[OTT] walkUs=2213 texUs=134 emitUs=665 submitUs=616 otherUs=798 prims=389 usPerPrim=5
[FT] avgMs=16 worstMs=54 gameMs=11 drawMs=5 swapWait=0ms draws=70 decodes=0 decMs=0
[OTS] f=226320 calls=2 n0=2301 n1=274 prims=60981 bb=160,1120,0,694
[OTT] walkUs=2204 texUs=124 emitUs=688 submitUs=243 otherUs=1147 prims=393 usPerPrim=5
[FT] avgMs=16 worstMs=49 gameMs=11 drawMs=5 swapWait=0ms draws=70 decodes=0 decMs=0
[OTS] f=226440 calls=2 n0=2301 n1=274 prims=61200 bb=160,1120,0,694
[OTT] walkUs=2186 texUs=124 emitUs=685 submitUs=315 otherUs=1060 prims=393 usPerPrim=5
[FT] avgMs=16 worstMs=45 gameMs=11 drawMs=5 swapWait=0ms draws=71 decodes=0 decMs=0
[OTS] f=226560 calls=2 n0=2301 n1=274 prims=60989 bb=160,1120,0,694
[OTT] walkUs=2236 texUs=124 emitUs=684 submitUs=183 otherUs=1243 prims=393 usPerPrim=5
[FT] avgMs=16 worstMs=46 gameMs=11 drawMs=5 swapWait=0ms draws=71 decodes=0 decMs=0
[OTS] f=226680 calls=2 n0=2301 n1=274 prims=61359 bb=160,1120,0,694
[OTT] walkUs=2197 texUs=125 emitUs=683 submitUs=431 otherUs=956 prims=393 usPerPrim=5
[SH-XBOX] vblank 226800
[MEM] tick: free=4016KB (1004 pages)
[FT] avgMs=17 worstMs=76 gameMs=11 drawMs=5 swapWait=0ms draws=70 decodes=0 decMs=0
[OTS] f=226800 calls=2 n0=2300 n1=274 prims=60893 bb=160,1120,0,694
[OTT] walkUs=2057 texUs=123 emitUs=681 submitUs=191 otherUs=1060 prims=392 usPerPrim=5
[FT] avgMs=16 worstMs=18 gameMs=11 drawMs=5 swapWait=0ms draws=71 decodes=0 decMs=0
[OTS] f=226920 calls=2 n0=2300 n1=274 prims=61306 bb=160,1120,0,694
[OTT] walkUs=2264 texUs=124 emitUs=680 submitUs=403 otherUs=1055 prims=392 usPerPrim=5
[FT] avgMs=16 worstMs=50 gameMs=11 drawMs=5 swapWait=1ms draws=70 decodes=0 decMs=0
[OTS] f=227040 calls=2 n0=2296 n1=274 prims=60993 bb=160,1120,0,694
[OTT] walkUs=2323 texUs=123 emitUs=666 submitUs=230 otherUs=1302 prims=388 usPerPrim=5
[FT] avgMs=16 worstMs=47 gameMs=11 drawMs=5 swapWait=0ms draws=70 decodes=0 decMs=0
[OTS] f=227160 calls=2 n0=2300 n1=274 prims=61217 bb=160,1120,0,694
[OTT] walkUs=2368 texUs=124 emitUs=677 submitUs=441 otherUs=1126 prims=392 usPerPrim=6
[FT] avgMs=16 worstMs=53 gameMs=11 drawMs=5 swapWait=0ms draws=71 decodes=0 decMs=0
[OTS] f=227280 calls=2 n0=2298 n1=274 prims=61105 bb=160,1120,0,694
[OTT] walkUs=2265 texUs=123 emitUs=678 submitUs=364 otherUs=1098 prims=390 usPerPrim=5
[SH-XBOX] vblank 227400
[MEM] tick: free=4016KB (1004 pages)
[FT] avgMs=16 worstMs=49 gameMs=11 drawMs=5 swapWait=0ms draws=70 decodes=0 decMs=0
[OTS] f=227400 calls=2 n0=2304 n1=274 prims=61080 bb=160,1120,0,694
[OTT] walkUs=2367 texUs=125 emitUs=691 submitUs=512 otherUs=1037 prims=396 usPerPrim=5
[FT] avgMs=16 worstMs=44 gameMs=11 drawMs=5 swapWait=1ms draws=71 decodes=0 decMs=0
[OTS] f=227520 calls=2 n0=2297 n1=274 prims=61177 bb=160,1120,0,694
[OTT] walkUs=2374 texUs=126 emitUs=673 submitUs=284 otherUs=1289 prims=389 usPerPrim=6
[FT] avgMs=16 worstMs=46 gameMs=11 drawMs=5 swapWait=0ms draws=71 decodes=0 decMs=0
[OTS] f=227640 calls=2 n0=2302 n1=274 prims=61192 bb=160,1120,0,694
[OTT] walkUs=2038 texUs=124 emitUs=682 submitUs=284 otherUs=946 prims=394 usPerPrim=5
[FT] avgMs=16 worstMs=53 gameMs=11 drawMs=5 swapWait=0ms draws=71 decodes=0 decMs=0
[OTS] f=227760 calls=2 n0=2297 n1=274 prims=61230 bb=160,1120,0,694
[OTT] walkUs=2168 texUs=126 emitUs=671 submitUs=360 otherUs=1010 prims=389 usPerPrim=5
[FT] avgMs=16 worstMs=49 gameMs=11 drawMs=5 swapWait=0ms draws=70 decodes=0 decMs=0
[OTS] f=227880 calls=2 n0=2301 n1=274 prims=61001 bb=160,1120,0,694
[OTT] walkUs=2038 texUs=125 emitUs=679 submitUs=187 otherUs=1045 prims=393 usPerPrim=5
[SH-XBOX] vblank 228000
[MEM] tick: free=4016KB (1004 pages)
[FT] avgMs=16 worstMs=45 gameMs=11 drawMs=5 swapWait=0ms draws=70 decodes=0 decMs=0
[OTS] f=228000 calls=2 n0=2299 n1=274 prims=61248 bb=160,1120,0,694
[OTT] walkUs=1946 texUs=132 emitUs=675 submitUs=360 otherUs=778 prims=391 usPerPrim=4
[FT] avgMs=16 worstMs=47 gameMs=11 drawMs=5 swapWait=0ms draws=71 decodes=0 decMs=0
[OTS] f=228120 calls=2 n0=2302 n1=274 prims=61059 bb=160,1120,0,694
[OTT] walkUs=1968 texUs=125 emitUs=686 submitUs=250 otherUs=906 prims=394 usPerPrim=4
[FT] avgMs=16 worstMs=53 gameMs=11 drawMs=5 swapWait=0ms draws=70 decodes=0 decMs=0
[OTS] f=228240 calls=2 n0=2299 n1=274 prims=61189 bb=160,1120,0,694
[OTT] walkUs=1882 texUs=124 emitUs=675 submitUs=191 otherUs=891 prims=391 usPerPrim=4
[FT] avgMs=16 worstMs=49 gameMs=11 drawMs=5 swapWait=0ms draws=71 decodes=0 decMs=0
[OTS] f=228360 calls=2 n0=2300 n1=274 prims=61001 bb=160,1120,0,694
[OTT] walkUs=2045 texUs=124 emitUs=677 submitUs=182 otherUs=1060 prims=392 usPerPrim=5
[FT] avgMs=16 worstMs=45 gameMs=11 drawMs=5 swapWait=0ms draws=70 decodes=0 decMs=0
[OTS] f=228480 calls=2 n0=2298 n1=274 prims=61341 bb=160,1120,0,694
[OTT] walkUs=2100 texUs=123 emitUs=671 submitUs=247 otherUs=1058 prims=390 usPerPrim=5
[SH-XBOX] vblank 228600
[MEM] tick: free=4016KB (1004 pages)
[FT] avgMs=16 worstMs=52 gameMs=11 drawMs=5 swapWait=0ms draws=70 decodes=0 decMs=0
[OTS] f=228600 calls=2 n0=2302 n1=274 prims=60908 bb=160,1120,0,694
[OTT] walkUs=2199 texUs=124 emitUs=690 submitUs=331 otherUs=1053 prims=394 usPerPrim=5
[FT] avgMs=16 worstMs=48 gameMs=11 drawMs=5 swapWait=1ms draws=71 decodes=0 decMs=0
[OTS] f=228720 calls=2 n0=2300 n1=274 prims=61316 bb=160,1120,0,694
[OTT] walkUs=2327 texUs=124 emitUs=680 submitUs=177 otherUs=1344 prims=392 usPerPrim=5
[FT] avgMs=16 worstMs=17 gameMs=11 drawMs=5 swapWait=1ms draws=70 decodes=0 decMs=0
[OTS] f=228840 calls=2 n0=2297 n1=274 prims=60936 bb=160,1120,0,694
[OTT] walkUs=2348 texUs=124 emitUs=677 submitUs=272 otherUs=1274 prims=389 usPerPrim=6
[FT] avgMs=16 worstMs=51 gameMs=11 drawMs=5 swapWait=0ms draws=70 decodes=0 decMs=0
[OTS] f=228960 calls=2 n0=2302 n1=274 prims=61272 bb=160,1120,0,694
[OTT] walkUs=2388 texUs=125 emitUs=691 submitUs=454 otherUs=1117 prims=394 usPerPrim=6
[FT] avgMs=16 worstMs=46 gameMs=11 drawMs=5 swapWait=0ms draws=70 decodes=0 decMs=0
[OTS] f=229080 calls=2 n0=2300 n1=274 prims=60955 bb=160,1120,0,694
[OTT] walkUs=2012 texUs=124 emitUs=678 submitUs=213 otherUs=996 prims=392 usPerPrim=5
[SH-XBOX] vblank 229200
[MEM] tick: free=4016KB (1004 pages)
[FT] avgMs=16 worstMs=42 gameMs=11 drawMs=5 swapWait=0ms draws=71 decodes=0 decMs=0
[OTS] f=229200 calls=2 n0=2303 n1=274 prims=61237 bb=160,1120,0,694
[OTT] walkUs=2331 texUs=125 emitUs=687 submitUs=218 otherUs=1299 prims=395 usPerPrim=5
[FT] avgMs=16 worstMs=43 gameMs=11 drawMs=5 swapWait=0ms draws=70 decodes=0 decMs=0
[OTS] f=229320 calls=2 n0=2295 n1=274 prims=61115 bb=160,1120,0,694
[OTT] walkUs=2150 texUs=123 emitUs=664 submitUs=298 otherUs=1064 prims=387 usPerPrim=5
[FT] avgMs=16 worstMs=46 gameMs=11 drawMs=5 swapWait=0ms draws=70 decodes=0 decMs=0
[OTS] f=229440 calls=2 n0=2302 n1=274 prims=61096 bb=160,1120,0,694
[OTT] walkUs=2293 texUs=126 emitUs=683 submitUs=193 otherUs=1289 prims=394 usPerPrim=5
[FT] avgMs=16 worstMs=52 gameMs=11 drawMs=5 swapWait=0ms draws=71 decodes=0 decMs=0
[OTS] f=229560 calls=2 n0=2296 n1=274 prims=61205 bb=160,1120,0,694
[OTT] walkUs=2157 texUs=123 emitUs=673 submitUs=310 otherUs=1049 prims=388 usPerPrim=5
[FT] avgMs=16 worstMs=48 gameMs=11 drawMs=5 swapWait=0ms draws=70 decodes=0 decMs=0
[OTS] f=229680 calls=2 n0=2296 n1=274 prims=61026 bb=160,1120,0,694
[OTT] walkUs=2198 texUs=123 emitUs=667 submitUs=280 otherUs=1126 prims=388 usPerPrim=5
[SH-XBOX] vblank 229800
[MEM] tick: free=4016KB (1004 pages)
[FT] avgMs=16 worstMs=43 gameMs=11 drawMs=5 swapWait=0ms draws=70 decodes=0 decMs=0
[OTS] f=229800 calls=2 n0=2297 n1=274 prims=61251 bb=160,1120,0,694
[OTT] walkUs=2034 texUs=123 emitUs=672 submitUs=185 otherUs=1052 prims=389 usPerPrim=5
[FT] avgMs=16 worstMs=45 gameMs=11 drawMs=5 swapWait=1ms draws=71 decodes=0 decMs=0
[OTS] f=229920 calls=2 n0=2303 n1=274 prims=61074 bb=160,1120,0,694
[OTT] walkUs=2367 texUs=129 emitUs=686 submitUs=389 otherUs=1162 prims=395 usPerPrim=5
[FT] avgMs=16 worstMs=52 gameMs=11 drawMs=5 swapWait=0ms draws=70 decodes=0 decMs=0
[OTS] f=230040 calls=2 n0=2300 n1=274 prims=61166 bb=160,1120,0,694
[OTT] walkUs=2390 texUs=124 emitUs=699 submitUs=537 otherUs=1029 prims=392 usPerPrim=6
[FT] avgMs=16 worstMs=48 gameMs=11 drawMs=5 swapWait=0ms draws=71 decodes=0 decMs=0
[OTS] f=230160 calls=2 n0=2301 n1=274 prims=61027 bb=160,1120,0,694
[OTT] walkUs=2332 texUs=125 emitUs=681 submitUs=433 otherUs=1092 prims=393 usPerPrim=5
[FT] avgMs=16 worstMs=44 gameMs=11 drawMs=5 swapWait=0ms draws=71 decodes=0 decMs=0
[OTS] f=230280 calls=2 n0=2300 n1=274 prims=61350 bb=160,1120,0,694
[OTT] walkUs=2131 texUs=125 emitUs=676 submitUs=208 otherUs=1121 prims=392 usPerPrim=5
[SH-XBOX] vblank 230400
[MEM] tick: free=4016KB (1004 pages)
[FT] avgMs=16 worstMs=45 gameMs=11 drawMs=5 swapWait=0ms draws=71 decodes=0 decMs=0
[OTS] f=230400 calls=2 n0=2301 n1=274 prims=60998 bb=160,1120,0,694
[OTT] walkUs=2272 texUs=124 emitUs=686 submitUs=220 otherUs=1240 prims=393 usPerPrim=5
[FT] avgMs=16 worstMs=53 gameMs=11 drawMs=5 swapWait=1ms draws=70 decodes=0 decMs=0
[OTS] f=230520 calls=2 n0=2300 n1=274 prims=61226 bb=160,1120,0,694
[OTT] walkUs=1915 texUs=124 emitUs=672 submitUs=192 otherUs=925 prims=392 usPerPrim=4
[FT] avgMs=16 worstMs=48 gameMs=11 drawMs=5 swapWait=0ms draws=70 decodes=0 decMs=0
[OTS] f=230640 calls=2 n0=2300 n1=274 prims=60995 bb=160,1120,0,694
[OTT] walkUs=2011 texUs=124 emitUs=681 submitUs=437 otherUs=768 prims=392 usPerPrim=5
[FT] avgMs=16 worstMs=17 gameMs=11 drawMs=5 swapWait=0ms draws=71 decodes=0 decMs=0
[OTS] f=230760 calls=2 n0=2300 n1=274 prims=61336 bb=160,1120,0,694
[OTT] walkUs=2286 texUs=123 emitUs=686 submitUs=315 otherUs=1161 prims=392 usPerPrim=5
[FT] avgMs=16 worstMs=51 gameMs=11 drawMs=5 swapWait=0ms draws=70 decodes=0 decMs=0
[OTS] f=230880 calls=2 n0=2298 n1=274 prims=60935 bb=160,1120,0,694
[OTT] walkUs=1963 texUs=126 emitUs=675 submitUs=210 otherUs=950 prims=390 usPerPrim=5
[SH-XBOX] vblank 231000
[MEM] tick: free=4016KB (1004 pages)
[FT] avgMs=16 worstMs=47 gameMs=11 drawMs=5 swapWait=0ms draws=71 decodes=0 decMs=0
[OTS] f=231000 calls=2 n0=2301 n1=274 prims=61249 bb=160,1120,0,694
[OTT] walkUs=2239 texUs=124 emitUs=680 submitUs=176 otherUs=1258 prims=393 usPerPrim=5
[FT] avgMs=16 worstMs=42 gameMs=11 drawMs=5 swapWait=0ms draws=70 decodes=0 decMs=0
[OTS] f=231120 calls=2 n0=2295 n1=274 prims=61065 bb=160,1120,0,694
[OTT] walkUs=1878 texUs=123 emitUs=660 submitUs=193 otherUs=901 prims=387 usPerPrim=4
[FT] avgMs=16 worstMs=44 gameMs=11 drawMs=5 swapWait=0ms draws=70 decodes=0 decMs=0
[OTS] f=231240 calls=2 n0=2304 n1=274 prims=61146 bb=160,1120,0,694
[OTT] walkUs=2451 texUs=125 emitUs=689 submitUs=395 otherUs=1241 prims=396 usPerPrim=6
[FT] avgMs=16 worstMs=45 gameMs=11 drawMs=5 swapWait=0ms draws=71 decodes=0 decMs=0
[OTS] f=231360 calls=2 n0=2297 n1=274 prims=61177 bb=160,1120,0,694
[OTT] walkUs=2032 texUs=122 emitUs=677 submitUs=373 otherUs=858 prims=389 usPerPrim=5
[FT] avgMs=16 worstMs=52 gameMs=11 drawMs=5 swapWait=0ms draws=70 decodes=0 decMs=0
[OTS] f=231480 calls=2 n0=2300 n1=274 prims=61043 bb=160,1120,0,694
[OTT] walkUs=1946 texUs=130 emitUs=674 submitUs=197 otherUs=944 prims=392 usPerPrim=4
[SH-XBOX] vblank 231600
[MEM] tick: free=4016KB (1004 pages)
[FT] avgMs=16 worstMs=48 gameMs=11 drawMs=5 swapWait=0ms draws=70 decodes=0 decMs=0
[OTS] f=231600 calls=2 n0=2296 n1=274 prims=61234 bb=160,1120,0,694
[OTT] walkUs=2049 texUs=123 emitUs=672 submitUs=323 otherUs=929 prims=388 usPerPrim=5
[FT] avgMs=16 worstMs=44 gameMs=11 drawMs=5 swapWait=0ms draws=70 decodes=0 decMs=0
[OTS] f=231720 calls=2 n0=2303 n1=274 prims=60975 bb=160,1120,0,694
[OTT] walkUs=2061 texUs=124 emitUs=684 submitUs=175 otherUs=1075 prims=395 usPerPrim=5
[FT] avgMs=16 worstMs=45 gameMs=11 drawMs=5 swapWait=1ms draws=71 decodes=0 decMs=0
[OTS] f=231840 calls=2 n0=2300 n1=274 prims=61284 bb=160,1120,0,694
[OTT] walkUs=2316 texUs=124 emitUs=682 submitUs=176 otherUs=1332 prims=392 usPerPrim=5
[FT] avgMs=16 worstMs=53 gameMs=11 drawMs=5 swapWait=1ms draws=70 decodes=0 decMs=0
[OTS] f=231960 calls=2 n0=2300 n1=274 prims=60981 bb=160,1120,0,694
[OTT] walkUs=2031 texUs=125 emitUs=679 submitUs=252 otherUs=974 prims=392 usPerPrim=5
[FT] avgMs=16 worstMs=48 gameMs=11 drawMs=5 swapWait=0ms draws=70 decodes=0 decMs=0
[OTS] f=232080 calls=2 n0=2298 n1=274 prims=61270 bb=160,1120,0,694
[OTT] walkUs=2226 texUs=123 emitUs=671 submitUs=411 otherUs=1020 prims=390 usPerPrim=5
[SH-XBOX] vblank 232200
[MEM] tick: free=4016KB (1004 pages)
[FT] avgMs=16 worstMs=44 gameMs=11 drawMs=5 swapWait=0ms draws=71 decodes=0 decMs=0
[OTS] f=232200 calls=2 n0=2300 n1=274 prims=61005 bb=160,1120,0,694
[OTT] walkUs=2256 texUs=124 emitUs=678 submitUs=338 otherUs=1114 prims=392 usPerPrim=5
[FT] avgMs=16 worstMs=46 gameMs=11 drawMs=5 swapWait=0ms draws=70 decodes=0 decMs=0
[OTS] f=232320 calls=2 n0=2301 n1=274 prims=61201 bb=160,1120,0,694
[OTT] walkUs=2234 texUs=124 emitUs=684 submitUs=457 otherUs=967 prims=393 usPerPrim=5
[FT] avgMs=16 worstMs=53 gameMs=11 drawMs=5 swapWait=0ms draws=71 decodes=0 decMs=0
[OTS] f=232440 calls=2 n0=2302 n1=274 prims=61018 bb=160,1120,0,694
[OTT] walkUs=2261 texUs=128 emitUs=682 submitUs=419 otherUs=1031 prims=394 usPerPrim=5
[FT] avgMs=16 worstMs=48 gameMs=11 drawMs=5 swapWait=0ms draws=71 decodes=0 decMs=0
[OTS] f=232560 calls=2 n0=2300 n1=274 prims=61346 bb=160,1120,0,694
[OTT] walkUs=2274 texUs=125 emitUs=678 submitUs=203 otherUs=1266 prims=392 usPerPrim=5
[FT] avgMs=16 worstMs=44 gameMs=11 drawMs=5 swapWait=0ms draws=70 decodes=0 decMs=0
[OTS] f=232680 calls=2 n0=2299 n1=274 prims=60894 bb=160,1120,0,694
[OTT] walkUs=2076 texUs=123 emitUs=682 submitUs=331 otherUs=939 prims=391 usPerPrim=5
[SH-XBOX] vblank 232800
[MEM] tick: free=4016KB (1004 pages)
[FT] avgMs=16 worstMs=45 gameMs=11 drawMs=5 swapWait=0ms draws=71 decodes=0 decMs=0
[OTS] f=232800 calls=2 n0=2302 n1=274 prims=61284 bb=160,1120,0,694
[OTT] walkUs=2380 texUs=125 emitUs=683 submitUs=511 otherUs=1061 prims=394 usPerPrim=6
[FT] avgMs=16 worstMs=53 gameMs=11 drawMs=5 swapWait=0ms draws=71 decodes=0 decMs=0
[OTS] f=232920 calls=2 n0=2299 n1=274 prims=61089 bb=160,1120,0,694
[OTT] walkUs=2086 texUs=123 emitUs=673 submitUs=307 otherUs=982 prims=391 usPerPrim=5
[FT] avgMs=16 worstMs=49 gameMs=11 drawMs=5 swapWait=0ms draws=71 decodes=0 decMs=0
[OTS] f=233040 calls=2 n0=2303 n1=274 prims=61261 bb=160,1120,0,694
[OTT] walkUs=2039 texUs=125 emitUs=690 submitUs=175 otherUs=1049 prims=395 usPerPrim=5
[FT] avgMs=16 worstMs=44 gameMs=11 drawMs=5 swapWait=0ms draws=70 decodes=0 decMs=0
[OTS] f=233160 calls=2 n0=2297 n1=274 prims=61009 bb=160,1120,0,694
[OTT] walkUs=2323 texUs=122 emitUs=675 submitUs=404 otherUs=1120 prims=389 usPerPrim=5
[FT] avgMs=16 worstMs=46 gameMs=11 drawMs=5 swapWait=0ms draws=71 decodes=0 decMs=0
[OTS] f=233280 calls=2 n0=2302 n1=274 prims=61172 bb=160,1120,0,694
[OTT] walkUs=1843 texUs=128 emitUs=686 submitUs=191 otherUs=836 prims=394 usPerPrim=4
[SH-XBOX] vblank 233400
[MEM] tick: free=4016KB (1004 pages)
[FT] avgMs=16 worstMs=53 gameMs=11 drawMs=5 swapWait=0ms draws=71 decodes=0 decMs=0
[OTS] f=233400 calls=2 n0=2295 n1=274 prims=61223 bb=160,1120,0,694
[OTT] walkUs=1958 texUs=125 emitUs=664 submitUs=245 otherUs=922 prims=387 usPerPrim=5
[FT] avgMs=16 worstMs=48 gameMs=11 drawMs=5 swapWait=1ms draws=70 decodes=0 decMs=0
[OTS] f=233520 calls=2 n0=2298 n1=274 prims=61010 bb=160,1120,0,694
[OTT] walkUs=2022 texUs=123 emitUs=676 submitUs=283 otherUs=938 prims=390 usPerPrim=5
[FT] avgMs=16 worstMs=44 gameMs=11 drawMs=5 swapWait=0ms draws=71 decodes=0 decMs=0
[OTS] f=233640 calls=2 n0=2298 n1=274 prims=61266 bb=160,1120,0,694
[OTT] walkUs=2319 texUs=123 emitUs=673 submitUs=426 otherUs=1095 prims=390 usPerPrim=5
[FT] avgMs=16 worstMs=46 gameMs=11 drawMs=5 swapWait=0ms draws=70 decodes=0 decMs=0
[OTS] f=233760 calls=2 n0=2301 n1=274 prims=60986 bb=160,1120,0,694
[OTT] walkUs=1933 texUs=125 emitUs=676 submitUs=206 otherUs=925 prims=393 usPerPrim=4
[FT] avgMs=16 worstMs=52 gameMs=11 drawMs=5 swapWait=0ms draws=70 decodes=0 decMs=0
[OTS] f=233880 calls=2 n0=2300 n1=274 prims=61267 bb=160,1120,0,694
[OTT] walkUs=2065 texUs=124 emitUs=682 submitUs=189 otherUs=1070 prims=392 usPerPrim=5
[SH-XBOX] vblank 234000
[MEM] tick: free=4016KB (1004 pages)
[FT] avgMs=16 worstMs=49 gameMs=11 drawMs=5 swapWait=0ms draws=71 decodes=0 decMs=0
[OTS] f=234000 calls=2 n0=2301 n1=274 prims=61027 bb=160,1120,0,694
[OTT] walkUs=2327 texUs=124 emitUs=684 submitUs=362 otherUs=1155 prims=393 usPerPrim=5
[FT] avgMs=16 worstMs=44 gameMs=11 drawMs=5 swapWait=0ms draws=70 decodes=0 decMs=0
[OTS] f=234120 calls=2 n0=2301 n1=274 prims=61200 bb=160,1120,0,694
[OTT] walkUs=2056 texUs=124 emitUs=685 submitUs=317 otherUs=928 prims=393 usPerPrim=5
[FT] avgMs=16 worstMs=46 gameMs=11 drawMs=5 swapWait=0ms draws=70 decodes=0 decMs=0
[OTS] f=234240 calls=2 n0=2299 n1=274 prims=60984 bb=160,1120,0,694
[OTT] walkUs=2052 texUs=124 emitUs=672 submitUs=187 otherUs=1068 prims=391 usPerPrim=5
[FT] avgMs=16 worstMs=52 gameMs=11 drawMs=5 swapWait=0ms draws=70 decodes=0 decMs=0
[OTS] f=234360 calls=2 n0=2302 n1=274 prims=61252 bb=160,1120,0,694
[OTT] walkUs=2065 texUs=128 emitUs=688 submitUs=203 otherUs=1044 prims=394 usPerPrim=5
[FT] avgMs=16 worstMs=48 gameMs=11 drawMs=5 swapWait=0ms draws=71 decodes=0 decMs=0
[OTS] f=234480 calls=2 n0=2300 n1=274 prims=61006 bb=160,1120,0,694
[OTT] walkUs=2217 texUs=124 emitUs=680 submitUs=315 otherUs=1096 prims=392 usPerPrim=5
[SH-XBOX] vblank 234600
[MEM] tick: free=4016KB (1004 pages)
[FT] avgMs=17 worstMs=79 gameMs=12 drawMs=5 swapWait=0ms draws=70 decodes=0 decMs=0
[OTS] f=234600 calls=2 n0=2298 n1=274 prims=61219 bb=160,1120,0,694
[OTT] walkUs=2401 texUs=124 emitUs=676 submitUs=200 otherUs=1400 prims=390 usPerPrim=6
[FT] avgMs=16 worstMs=17 gameMs=11 drawMs=5 swapWait=0ms draws=70 decodes=0 decMs=0
[OTS] f=234720 calls=2 n0=2297 n1=274 prims=61031 bb=160,1120,0,694
[OTT] walkUs=2171 texUs=123 emitUs=676 submitUs=195 otherUs=1176 prims=389 usPerPrim=5
[FT] avgMs=16 worstMs=47 gameMs=11 drawMs=5 swapWait=0ms draws=71 decodes=0 decMs=0
[OTS] f=234840 calls=2 n0=2301 n1=274 prims=61269 bb=160,1120,0,694
[OTT] walkUs=2169 texUs=125 emitUs=681 submitUs=205 otherUs=1157 prims=393 usPerPrim=5
[FT] avgMs=16 worstMs=42 gameMs=11 drawMs=5 swapWait=1ms draws=70 decodes=0 decMs=0
[OTS] f=234960 calls=2 n0=2298 n1=274 prims=60973 bb=160,1120,0,694
[OTT] walkUs=2049 texUs=123 emitUs=675 submitUs=256 otherUs=994 prims=390 usPerPrim=5
[FT] avgMs=16 worstMs=44 gameMs=11 drawMs=5 swapWait=0ms draws=71 decodes=0 decMs=0
[OTS] f=235080 calls=2 n0=2304 n1=274 prims=61208 bb=160,1120,0,694
[OTT] walkUs=2481 texUs=126 emitUs=690 submitUs=670 otherUs=993 prims=396 usPerPrim=6
[SH-XBOX] vblank 235200
[MEM] tick: free=4016KB (1004 pages)
[FT] avgMs=16 worstMs=45 gameMs=11 drawMs=5 swapWait=0ms draws=70 decodes=0 decMs=0
[OTS] f=235200 calls=2 n0=2294 n1=274 prims=61193 bb=160,1120,0,694
[OTT] walkUs=2174 texUs=123 emitUs=660 submitUs=187 otherUs=1202 prims=386 usPerPrim=5
[FT] avgMs=16 worstMs=53 gameMs=11 drawMs=5 swapWait=0ms draws=70 decodes=0 decMs=0
[OTS] f=235320 calls=2 n0=2302 n1=274 prims=61047 bb=160,1120,0,694
[OTT] walkUs=2344 texUs=124 emitUs=686 submitUs=421 otherUs=1111 prims=394 usPerPrim=5
[FT] avgMs=16 worstMs=49 gameMs=11 drawMs=5 swapWait=1ms draws=71 decodes=0 decMs=0
[OTS] f=235440 calls=2 n0=2297 n1=274 prims=61230 bb=160,1120,0,694
[OTT] walkUs=2318 texUs=122 emitUs=675 submitUs=186 otherUs=1333 prims=389 usPerPrim=5
[FT] avgMs=16 worstMs=44 gameMs=11 drawMs=5 swapWait=0ms draws=71 decodes=0 decMs=0
[OTS] f=235560 calls=2 n0=2303 n1=274 prims=61086 bb=160,1120,0,694
[OTT] walkUs=2338 texUs=125 emitUs=688 submitUs=329 otherUs=1194 prims=395 usPerPrim=5
[FT] avgMs=16 worstMs=46 gameMs=11 drawMs=5 swapWait=0ms draws=71 decodes=0 decMs=0
[OTS] f=235680 calls=2 n0=2300 n1=274 prims=61314 bb=160,1120,0,694
[OTT] walkUs=2373 texUs=124 emitUs=678 submitUs=190 otherUs=1380 prims=392 usPerPrim=6
[SH-XBOX] vblank 235800
[MEM] tick: free=4016KB (1004 pages)
[FT] avgMs=16 worstMs=54 gameMs=11 drawMs=5 swapWait=0ms draws=70 decodes=0 decMs=0
[OTS] f=235800 calls=2 n0=2302 n1=274 prims=60907 bb=160,1120,0,694
[OTT] walkUs=2271 texUs=124 emitUs=687 submitUs=221 otherUs=1237 prims=394 usPerPrim=5
[FT] avgMs=16 worstMs=49 gameMs=11 drawMs=5 swapWait=0ms draws=71 decodes=0 decMs=0
[OTS] f=235920 calls=2 n0=2299 n1=274 prims=61318 bb=160,1120,0,694
[OTT] walkUs=1803 texUs=123 emitUs=677 submitUs=195 otherUs=806 prims=391 usPerPrim=4
[FT] avgMs=16 worstMs=44 gameMs=11 drawMs=5 swapWait=0ms draws=70 decodes=0 decMs=0
[OTS] f=236040 calls=2 n0=2297 n1=274 prims=60981 bb=160,1120,0,694
[OTT] walkUs=2263 texUs=124 emitUs=664 submitUs=274 otherUs=1199 prims=389 usPerPrim=5
[FT] avgMs=16 worstMs=46 gameMs=11 drawMs=5 swapWait=0ms draws=70 decodes=0 decMs=0
[OTS] f=236160 calls=2 n0=2301 n1=274 prims=61252 bb=160,1120,0,694
[OTT] walkUs=1994 texUs=125 emitUs=682 submitUs=252 otherUs=934 prims=393 usPerPrim=5
[FT] avgMs=16 worstMs=53 gameMs=11 drawMs=5 swapWait=0ms draws=71 decodes=0 decMs=0
[OTS] f=236280 calls=2 n0=2302 n1=274 prims=61018 bb=160,1120,0,694
[OTT] walkUs=2163 texUs=125 emitUs=686 submitUs=410 otherUs=941 prims=394 usPerPrim=5
[SH-XBOX] vblank 236400
[MEM] tick: free=4016KB (1004 pages)
[FT] avgMs=16 worstMs=49 gameMs=11 drawMs=5 swapWait=0ms draws=70 decodes=0 decMs=0
[OTS] f=236400 calls=2 n0=2298 n1=274 prims=61214 bb=160,1120,0,694
[OTT] walkUs=2266 texUs=124 emitUs=672 submitUs=192 otherUs=1277 prims=390 usPerPrim=5
[FT] avgMs=16 worstMs=45 gameMs=11 drawMs=5 swapWait=0ms draws=70 decodes=0 decMs=0
[OTS] f=236520 calls=2 n0=2298 n1=274 prims=61010 bb=160,1120,0,694
[OTT] walkUs=2014 texUs=123 emitUs=674 submitUs=350 otherUs=866 prims=390 usPerPrim=5
[FT] avgMs=16 worstMs=17 gameMs=11 drawMs=5 swapWait=0ms draws=71 decodes=0 decMs=0
[OTS] f=236640 calls=2 n0=2302 n1=274 prims=61300 bb=160,1120,0,694
[OTT] walkUs=2245 texUs=125 emitUs=686 submitUs=217 otherUs=1216 prims=394 usPerPrim=5
[FT] avgMs=16 worstMs=53 gameMs=11 drawMs=5 swapWait=0ms draws=70 decodes=0 decMs=0
[OTS] f=236760 calls=2 n0=2300 n1=274 prims=60955 bb=160,1120,0,694
[OTT] walkUs=2014 texUs=125 emitUs=682 submitUs=281 otherUs=925 prims=392 usPerPrim=5
[FT] avgMs=16 worstMs=49 gameMs=11 drawMs=5 swapWait=0ms draws=70 decodes=0 decMs=0
[OTS] f=236880 calls=2 n0=2301 n1=274 prims=61199 bb=160,1120,0,694
[OTT] walkUs=2136 texUs=125 emitUs=682 submitUs=199 otherUs=1128 prims=393 usPerPrim=5
[SH-XBOX] vblank 237000
[MEM] tick: free=4016KB (1004 pages)
[FT] avgMs=16 worstMs=44 gameMs=11 drawMs=5 swapWait=0ms draws=70 decodes=0 decMs=0
[OTS] f=237000 calls=2 n0=2296 n1=274 prims=61073 bb=160,1120,0,694
[OTT] walkUs=1918 texUs=123 emitUs=666 submitUs=203 otherUs=924 prims=388 usPerPrim=4
[FT] avgMs=16 worstMs=46 gameMs=11 drawMs=5 swapWait=0ms draws=71 decodes=0 decMs=0
[OTS] f=237120 calls=2 n0=2302 n1=274 prims=61176 bb=160,1120,0,694
[OTT] walkUs=2289 texUs=128 emitUs=682 submitUs=177 otherUs=1301 prims=394 usPerPrim=5
[FT] avgMs=16 worstMs=53 gameMs=11 drawMs=5 swapWait=0ms draws=70 decodes=0 decMs=0
[OTS] f=237240 calls=2 n0=2294 n1=274 prims=61087 bb=160,1120,0,694
[OTT] walkUs=2059 texUs=122 emitUs=663 submitUs=189 otherUs=1083 prims=386 usPerPrim=5
[FT] avgMs=16 worstMs=49 gameMs=11 drawMs=5 swapWait=0ms draws=70 decodes=0 decMs=0
[OTS] f=237360 calls=2 n0=2298 n1=274 prims=61116 bb=160,1120,0,694
[OTT] walkUs=2135 texUs=122 emitUs=677 submitUs=200 otherUs=1134 prims=390 usPerPrim=5
[FT] avgMs=16 worstMs=45 gameMs=11 drawMs=5 swapWait=0ms draws=71 decodes=0 decMs=0
[OTS] f=237480 calls=2 n0=2298 n1=274 prims=61296 bb=160,1120,0,694
[OTT] walkUs=2157 texUs=123 emitUs=676 submitUs=287 otherUs=1069 prims=390 usPerPrim=5
[SH-XBOX] vblank 237600
[MEM] tick: free=4016KB (1004 pages)
[FT] avgMs=16 worstMs=46 gameMs=11 drawMs=5 swapWait=0ms draws=70 decodes=0 decMs=0
[OTS] f=237600 calls=2 n0=2303 n1=274 prims=60926 bb=160,1120,0,694
[OTT] walkUs=2147 texUs=125 emitUs=689 submitUs=201 otherUs=1131 prims=395 usPerPrim=5
[FT] avgMs=16 worstMs=54 gameMs=11 drawMs=5 swapWait=0ms draws=71 decodes=0 decMs=0
[OTS] f=237720 calls=2 n0=2300 n1=274 prims=61294 bb=160,1120,0,694
[OTT] walkUs=2210 texUs=124 emitUs=682 submitUs=262 otherUs=1141 prims=392 usPerPrim=5
[FT] avgMs=16 worstMs=49 gameMs=11 drawMs=5 swapWait=0ms draws=70 decodes=0 decMs=0
[OTS] f=237840 calls=2 n0=2298 n1=274 prims=60997 bb=160,1120,0,694
[OTT] walkUs=2238 texUs=124 emitUs=674 submitUs=258 otherUs=1181 prims=390 usPerPrim=5
[FT] avgMs=16 worstMs=45 gameMs=11 drawMs=5 swapWait=0ms draws=70 decodes=0 decMs=0
[OTS] f=237960 calls=2 n0=2301 n1=274 prims=61263 bb=160,1120,0,694
[OTT] walkUs=2278 texUs=124 emitUs=681 submitUs=432 otherUs=1040 prims=393 usPerPrim=5
[FT] avgMs=16 worstMs=46 gameMs=11 drawMs=5 swapWait=0ms draws=71 decodes=0 decMs=0
[OTS] f=238080 calls=2 n0=2301 n1=274 prims=60990 bb=160,1120,0,694
[OTT] walkUs=2137 texUs=124 emitUs=689 submitUs=199 otherUs=1124 prims=393 usPerPrim=5
[SH-XBOX] vblank 238200
[MEM] tick: free=4016KB (1004 pages)
[FT] avgMs=16 worstMs=53 gameMs=11 drawMs=5 swapWait=1ms draws=71 decodes=0 decMs=0
[OTS] f=238200 calls=2 n0=2302 n1=274 prims=61344 bb=160,1120,0,694
[OTT] walkUs=2286 texUs=128 emitUs=687 submitUs=188 otherUs=1282 prims=394 usPerPrim=5
[FT] avgMs=16 worstMs=48 gameMs=11 drawMs=5 swapWait=0ms draws=71 decodes=0 decMs=0
[OTS] f=238320 calls=2 n0=2299 n1=274 prims=61024 bb=160,1120,0,694
[OTT] walkUs=2329 texUs=128 emitUs=676 submitUs=318 otherUs=1205 prims=391 usPerPrim=5
[FT] avgMs=16 worstMs=45 gameMs=11 drawMs=5 swapWait=0ms draws=70 decodes=0 decMs=0
[OTS] f=238440 calls=2 n0=2300 n1=274 prims=61189 bb=160,1120,0,694
[OTT] walkUs=2364 texUs=123 emitUs=681 submitUs=189 otherUs=1368 prims=392 usPerPrim=6
[FT] avgMs=16 worstMs=17 gameMs=11 drawMs=5 swapWait=1ms draws=71 decodes=0 decMs=0
[OTS] f=238560 calls=2 n0=2298 n1=274 prims=61064 bb=160,1120,0,694
[OTT] walkUs=2318 texUs=123 emitUs=681 submitUs=301 otherUs=1211 prims=390 usPerPrim=5
[FT] avgMs=16 worstMs=53 gameMs=11 drawMs=5 swapWait=0ms draws=70 decodes=0 decMs=0
[OTS] f=238680 calls=2 n0=2299 n1=274 prims=61195 bb=160,1120,0,694
[OTT] walkUs=2350 texUs=125 emitUs=675 submitUs=280 otherUs=1269 prims=391 usPerPrim=6
[SH-XBOX] vblank 238800
[MEM] tick: free=4016KB (1004 pages)
[FT] avgMs=16 worstMs=49 gameMs=11 drawMs=5 swapWait=0ms draws=70 decodes=0 decMs=0
[OTS] f=238800 calls=2 n0=2298 n1=274 prims=61056 bb=160,1120,0,694
[OTT] walkUs=2343 texUs=123 emitUs=678 submitUs=337 otherUs=1203 prims=390 usPerPrim=6
[FT] avgMs=16 worstMs=45 gameMs=11 drawMs=5 swapWait=0ms draws=71 decodes=0 decMs=0
[OTS] f=238920 calls=2 n0=2304 n1=274 prims=61208 bb=160,1120,0,694
[OTT] walkUs=2128 texUs=126 emitUs=690 submitUs=305 otherUs=1006 prims=396 usPerPrim=5
[FT] avgMs=16 worstMs=46 gameMs=11 drawMs=5 swapWait=0ms draws=70 decodes=0 decMs=0
[OTS] f=239040 calls=2 n0=2297 n1=274 prims=61049 bb=160,1120,0,694
[OTT] walkUs=1806 texUs=123 emitUs=675 submitUs=191 otherUs=816 prims=389 usPerPrim=4
[FT] avgMs=16 worstMs=54 gameMs=11 drawMs=5 swapWait=0ms draws=71 decodes=0 decMs=0
[OTS] f=239160 calls=2 n0=2302 n1=274 prims=61161 bb=160,1120,0,694
[OTT] walkUs=1945 texUs=128 emitUs=681 submitUs=206 otherUs=929 prims=394 usPerPrim=4
[FT] avgMs=16 worstMs=49 gameMs=11 drawMs=5 swapWait=0ms draws=71 decodes=0 decMs=0
[OTS] f=239280 calls=2 n0=2297 n1=274 prims=61260 bb=160,1120,0,694
[OTT] walkUs=2033 texUs=122 emitUs=671 submitUs=189 otherUs=1050 prims=389 usPerPrim=5
[SH-XBOX] vblank 239400
[MEM] tick: free=4016KB (1004 pages)
[FT] avgMs=16 worstMs=45 gameMs=11 drawMs=5 swapWait=0ms draws=70 decodes=0 decMs=0
[OTS] f=239400 calls=2 n0=2303 n1=274 prims=60958 bb=160,1120,0,694
[OTT] walkUs=2128 texUs=125 emitUs=688 submitUs=215 otherUs=1099 prims=395 usPerPrim=5
[FT] avgMs=16 worstMs=51 gameMs=11 drawMs=5 swapWait=0ms draws=70 decodes=0 decMs=0
[OTS] f=239520 calls=2 n0=2298 n1=274 prims=61214 bb=160,1120,0,694
[OTT] walkUs=2008 texUs=124 emitUs=671 submitUs=247 otherUs=965 prims=390 usPerPrim=5
[FT] avgMs=16 worstMs=47 gameMs=11 drawMs=5 swapWait=0ms draws=70 decodes=0 decMs=0
[OTS] f=239640 calls=2 n0=2301 n1=274 prims=60986 bb=160,1120,0,694
[OTT] walkUs=1995 texUs=124 emitUs=679 submitUs=351 otherUs=839 prims=393 usPerPrim=5
[FT] avgMs=16 worstMs=43 gameMs=11 drawMs=5 swapWait=0ms draws=71 decodes=0 decMs=0
[OTS] f=239760 calls=2 n0=2299 n1=274 prims=61338 bb=160,1120,0,694
[OTT] walkUs=1974 texUs=126 emitUs=675 submitUs=208 otherUs=963 prims=391 usPerPrim=5
[FT] avgMs=16 worstMs=44 gameMs=11 drawMs=5 swapWait=0ms draws=70 decodes=0 decMs=0
[OTS] f=239880 calls=2 n0=2300 n1=274 prims=60873 bb=160,1120,0,694
[OTT] walkUs=2015 texUs=125 emitUs=685 submitUs=350 otherUs=853 prims=392 usPerPrim=5
[SH-XBOX] vblank 240000
[MEM] tick: free=4016KB (1004 pages)
[FT] avgMs=16 worstMs=46 gameMs=11 drawMs=5 swapWait=0ms draws=71 decodes=0 decMs=0
[OTS] f=240000 calls=2 n0=2301 n1=274 prims=61330 bb=160,1120,0,694
[OTT] walkUs=2185 texUs=124 emitUs=680 submitUs=288 otherUs=1092 prims=393 usPerPrim=5
[FT] avgMs=16 worstMs=54 gameMs=11 drawMs=5 swapWait=0ms draws=71 decodes=0 decMs=0
[OTS] f=240120 calls=2 n0=2301 n1=274 prims=61040 bb=160,1120,0,694
[OTT] walkUs=2126 texUs=124 emitUs=684 submitUs=193 otherUs=1123 prims=393 usPerPrim=5
[FT] avgMs=16 worstMs=49 gameMs=11 drawMs=5 swapWait=0ms draws=70 decodes=0 decMs=0
[OTS] f=240240 calls=2 n0=2300 n1=274 prims=61197 bb=160,1120,0,694
[OTT] walkUs=2138 texUs=123 emitUs=679 submitUs=193 otherUs=1142 prims=392 usPerPrim=5
[FT] avgMs=16 worstMs=44 gameMs=11 drawMs=5 swapWait=0ms draws=71 decodes=0 decMs=0
[OTS] f=240360 calls=2 n0=2299 n1=274 prims=61022 bb=160,1120,0,694
[OTT] walkUs=2231 texUs=124 emitUs=676 submitUs=181 otherUs=1250 prims=391 usPerPrim=5
[FT] avgMs=16 worstMs=46 gameMs=11 drawMs=5 swapWait=1ms draws=70 decodes=0 decMs=0
[OTS] f=240480 calls=2 n0=2300 n1=274 prims=61214 bb=160,1120,0,694
[OTT] walkUs=2107 texUs=128 emitUs=678 submitUs=239 otherUs=1061 prims=392 usPerPrim=5
[SH-XBOX] vblank 240600
[MEM] tick: free=4016KB (1004 pages)
[FT] avgMs=16 worstMs=18 gameMs=11 drawMs=5 swapWait=0ms draws=70 decodes=0 decMs=0
[OTS] f=240600 calls=2 n0=2300 n1=274 prims=61055 bb=160,1120,0,694
[OTT] walkUs=2262 texUs=124 emitUs=679 submitUs=240 otherUs=1218 prims=392 usPerPrim=5
[FT] avgMs=16 worstMs=49 gameMs=11 drawMs=5 swapWait=0ms draws=71 decodes=0 decMs=0
[OTS] f=240720 calls=2 n0=2303 n1=274 prims=61237 bb=160,1120,0,694
[OTT] walkUs=2046 texUs=126 emitUs=691 submitUs=248 otherUs=980 prims=395 usPerPrim=5
[FT] avgMs=16 worstMs=45 gameMs=11 drawMs=5 swapWait=0ms draws=71 decodes=0 decMs=0
[OTS] f=240840 calls=2 n0=2297 n1=274 prims=61137 bb=160,1120,0,694
[OTT] walkUs=1911 texUs=122 emitUs=676 submitUs=184 otherUs=927 prims=389 usPerPrim=4
[FT] avgMs=16 worstMs=46 gameMs=11 drawMs=5 swapWait=0ms draws=70 decodes=0 decMs=0
[OTS] f=240960 calls=2 n0=2299 n1=274 prims=61168 bb=160,1120,0,694
[OTT] walkUs=2216 texUs=125 emitUs=669 submitUs=188 otherUs=1232 prims=391 usPerPrim=5
[FT] avgMs=16 worstMs=53 gameMs=11 drawMs=5 swapWait=1ms draws=70 decodes=0 decMs=0
[OTS] f=241080 calls=2 n0=2296 n1=274 prims=61111 bb=160,1120,0,694
[OTT] walkUs=2253 texUs=122 emitUs=672 submitUs=190 otherUs=1267 prims=388 usPerPrim=5
[SH-XBOX] vblank 241200
[MEM] tick: free=4016KB (1004 pages)
[FT] avgMs=16 worstMs=50 gameMs=11 drawMs=5 swapWait=0ms draws=71 decodes=0 decMs=0
[OTS] f=241200 calls=2 n0=2298 n1=274 prims=61126 bb=160,1120,0,694
[OTT] walkUs=2280 texUs=123 emitUs=682 submitUs=212 otherUs=1261 prims=390 usPerPrim=5
[FT] avgMs=16 worstMs=45 gameMs=11 drawMs=5 swapWait=0ms draws=70 decodes=0 decMs=0
[OTS] f=241320 calls=2 n0=2296 n1=274 prims=61180 bb=160,1120,0,694
[OTT] walkUs=2261 texUs=124 emitUs=668 submitUs=192 otherUs=1276 prims=388 usPerPrim=5
[FT] avgMs=16 worstMs=53 gameMs=11 drawMs=5 swapWait=0ms draws=70 decodes=0 decMs=0
[OTS] f=241440 calls=2 n0=2302 n1=274 prims=61026 bb=160,1120,0,694
[OTT] walkUs=2398 texUs=124 emitUs=680 submitUs=204 otherUs=1388 prims=394 usPerPrim=6
[FT] avgMs=16 worstMs=47 gameMs=11 drawMs=5 swapWait=0ms draws=71 decodes=0 decMs=0
[OTS] f=241560 calls=2 n0=2300 n1=274 prims=61310 bb=160,1120,0,694
[OTT] walkUs=2338 texUs=124 emitUs=678 submitUs=245 otherUs=1290 prims=392 usPerPrim=5
[FT] avgMs=16 worstMs=43 gameMs=11 drawMs=5 swapWait=0ms draws=70 decodes=0 decMs=0
[OTS] f=241680 calls=2 n0=2301 n1=274 prims=60899 bb=160,1120,0,694
[OTT] walkUs=1939 texUs=124 emitUs=680 submitUs=177 otherUs=956 prims=393 usPerPrim=4
[SH-XBOX] vblank 241800
[MEM] tick: free=4016KB (1004 pages)
[FT] avgMs=16 worstMs=44 gameMs=11 drawMs=5 swapWait=0ms draws=71 decodes=0 decMs=0
[OTS] f=241800 calls=2 n0=2301 n1=274 prims=61328 bb=160,1120,0,694
[OTT] walkUs=2355 texUs=125 emitUs=683 submitUs=454 otherUs=1092 prims=393 usPerPrim=5
[FT] avgMs=16 worstMs=46 gameMs=11 drawMs=5 swapWait=0ms draws=70 decodes=0 decMs=0
[OTS] f=241920 calls=2 n0=2298 n1=274 prims=61012 bb=160,1120,0,694
[OTT] walkUs=1890 texUs=125 emitUs=671 submitUs=219 otherUs=873 prims=390 usPerPrim=4
[FT] avgMs=16 worstMs=53 gameMs=11 drawMs=5 swapWait=0ms draws=70 decodes=0 decMs=0
[OTS] f=242040 calls=2 n0=2302 n1=274 prims=61227 bb=160,1120,0,694
[OTT] walkUs=1900 texUs=125 emitUs=690 submitUs=263 otherUs=821 prims=394 usPerPrim=4
[FT] avgMs=16 worstMs=49 gameMs=11 drawMs=5 swapWait=0ms draws=70 decodes=0 decMs=0
[OTS] f=242160 calls=2 n0=2298 n1=274 prims=60904 bb=160,1120,0,694
[OTT] walkUs=2229 texUs=124 emitUs=668 submitUs=269 otherUs=1167 prims=390 usPerPrim=5
[FT] avgMs=16 worstMs=44 gameMs=11 drawMs=5 swapWait=0ms draws=70 decodes=0 decMs=0
[OTS] f=242280 calls=2 n0=2300 n1=274 prims=61279 bb=160,1120,0,694
[OTT] walkUs=2153 texUs=124 emitUs=683 submitUs=278 otherUs=1067 prims=392 usPerPrim=5
[SH-XBOX] vblank 242400
[MEM] tick: free=4016KB (1004 pages)
[FT] avgMs=17 worstMs=75 gameMs=11 drawMs=5 swapWait=0ms draws=71 decodes=0 decMs=0
[OTS] f=242400 calls=2 n0=2298 n1=274 prims=61094 bb=160,1120,0,694
[OTT] walkUs=2179 texUs=126 emitUs=678 submitUs=428 otherUs=945 prims=390 usPerPrim=5
[FT] avgMs=16 worstMs=17 gameMs=11 drawMs=5 swapWait=0ms draws=70 decodes=0 decMs=0
[OTS] f=242520 calls=2 n0=2301 n1=274 prims=61121 bb=160,1120,0,694
[OTT] walkUs=1912 texUs=124 emitUs=680 submitUs=273 otherUs=833 prims=393 usPerPrim=4
[FT] avgMs=16 worstMs=49 gameMs=11 drawMs=5 swapWait=0ms draws=71 decodes=0 decMs=0
[OTS] f=242640 calls=2 n0=2298 n1=274 prims=61100 bb=160,1120,0,694
[OTT] walkUs=2199 texUs=124 emitUs=678 submitUs=222 otherUs=1173 prims=390 usPerPrim=5
[FT] avgMs=16 worstMs=45 gameMs=11 drawMs=5 swapWait=0ms draws=70 decodes=0 decMs=0
[OTS] f=242760 calls=2 n0=2301 n1=274 prims=61193 bb=160,1120,0,694
[OTT] walkUs=2158 texUs=125 emitUs=681 submitUs=189 otherUs=1162 prims=393 usPerPrim=5
[FT] avgMs=16 worstMs=46 gameMs=11 drawMs=5 swapWait=0ms draws=70 decodes=0 decMs=0
[OTS] f=242880 calls=2 n0=2297 n1=274 prims=61094 bb=160,1120,0,694
[OTT] walkUs=2097 texUs=122 emitUs=674 submitUs=253 otherUs=1046 prims=389 usPerPrim=5
[SH-XBOX] vblank 243000
[MEM] tick: free=4016KB (1004 pages)
[FT] avgMs=16 worstMs=54 gameMs=11 drawMs=5 swapWait=0ms draws=71 decodes=0 decMs=0
[OTS] f=243000 calls=2 n0=2302 n1=274 prims=61161 bb=160,1120,0,694
[OTT] walkUs=2317 texUs=125 emitUs=685 submitUs=330 otherUs=1175 prims=394 usPerPrim=5
[FT] avgMs=16 worstMs=49 gameMs=11 drawMs=5 swapWait=0ms draws=70 decodes=0 decMs=0
[OTS] f=243120 calls=2 n0=2295 n1=274 prims=61128 bb=160,1120,0,694
[OTT] walkUs=1967 texUs=124 emitUs=664 submitUs=260 otherUs=918 prims=387 usPerPrim=5
[FT] avgMs=16 worstMs=45 gameMs=11 drawMs=5 swapWait=0ms draws=70 decodes=0 decMs=0
[OTS] f=243240 calls=2 n0=2302 n1=274 prims=61078 bb=160,1120,0,694
[OTT] walkUs=2228 texUs=125 emitUs=680 submitUs=338 otherUs=1083 prims=394 usPerPrim=5
[FT] avgMs=16 worstMs=51 gameMs=11 drawMs=5 swapWait=0ms draws=71 decodes=0 decMs=0
[OTS] f=243360 calls=2 n0=2300 n1=274 prims=61296 bb=160,1120,0,694
[OTT] walkUs=2159 texUs=124 emitUs=682 submitUs=288 otherUs=1064 prims=392 usPerPrim=5
[FT] avgMs=16 worstMs=47 gameMs=11 drawMs=5 swapWait=0ms draws=71 decodes=0 decMs=0
[OTS] f=243480 calls=2 n0=2302 n1=274 prims=61034 bb=160,1120,0,694
[OTT] walkUs=2197 texUs=127 emitUs=684 submitUs=305 otherUs=1079 prims=394 usPerPrim=5
[SH-XBOX] vblank 243600
[MEM] tick: free=4016KB (1004 pages)
[FT] avgMs=16 worstMs=44 gameMs=11 drawMs=5 swapWait=0ms draws=70 decodes=0 decMs=0
[OTS] f=243600 calls=2 n0=2297 n1=274 prims=61280 bb=160,1120,0,694
[OTT] walkUs=2329 texUs=124 emitUs=671 submitUs=251 otherUs=1281 prims=389 usPerPrim=5
[FT] avgMs=16 worstMs=45 gameMs=11 drawMs=5 swapWait=0ms draws=70 decodes=0 decMs=0
[OTS] f=243720 calls=2 n0=2300 n1=274 prims=60940 bb=160,1120,0,694
[OTT] walkUs=2221 texUs=124 emitUs=683 submitUs=228 otherUs=1185 prims=392 usPerPrim=5
[FT] avgMs=16 worstMs=46 gameMs=11 drawMs=5 swapWait=0ms draws=71 decodes=0 decMs=0
[OTS] f=243840 calls=2 n0=2301 n1=274 prims=61330 bb=160,1120,0,694
[OTT] walkUs=2333 texUs=129 emitUs=685 submitUs=346 otherUs=1171 prims=393 usPerPrim=5
[FT] avgMs=16 worstMs=42 gameMs=11 drawMs=5 swapWait=0ms draws=70 decodes=0 decMs=0
[OTS] f=243960 calls=2 n0=2300 n1=274 prims=60900 bb=160,1120,0,694
[OTT] walkUs=2106 texUs=124 emitUs=677 submitUs=207 otherUs=1096 prims=392 usPerPrim=5
[FT] avgMs=16 worstMs=43 gameMs=11 drawMs=5 swapWait=0ms draws=70 decodes=0 decMs=0
[OTS] f=244080 calls=2 n0=2300 n1=274 prims=61307 bb=160,1120,0,694
[OTT] walkUs=2258 texUs=124 emitUs=681 submitUs=188 otherUs=1264 prims=392 usPerPrim=5
[SH-XBOX] vblank 244200
[MEM] tick: free=4016KB (1004 pages)
[FT] avgMs=16 worstMs=45 gameMs=11 drawMs=5 swapWait=1ms draws=71 decodes=0 decMs=0
[OTS] f=244200 calls=2 n0=2299 n1=274 prims=61052 bb=160,1120,0,694
[OTT] walkUs=2313 texUs=124 emitUs=676 submitUs=326 otherUs=1186 prims=391 usPerPrim=5
[FT] avgMs=16 worstMs=52 gameMs=11 drawMs=5 swapWait=0ms draws=70 decodes=0 decMs=0
[OTS] f=244320 calls=2 n0=2302 n1=274 prims=61157 bb=160,1120,0,694
[OTT] walkUs=2395 texUs=125 emitUs=689 submitUs=418 otherUs=1162 prims=394 usPerPrim=6
[FT] avgMs=16 worstMs=17 gameMs=11 drawMs=5 swapWait=0ms draws=71 decodes=0 decMs=0
[OTS] f=244440 calls=2 n0=2300 n1=274 prims=61083 bb=160,1120,0,694
[OTT] walkUs=2354 texUs=123 emitUs=678 submitUs=553 otherUs=998 prims=392 usPerPrim=6
[FT] avgMs=16 worstMs=44 gameMs=11 drawMs=5 swapWait=0ms draws=70 decodes=0 decMs=0
[OTS] f=244560 calls=2 n0=2300 n1=274 prims=61209 bb=160,1120,0,694
[OTT] walkUs=2391 texUs=125 emitUs=674 submitUs=426 otherUs=1164 prims=392 usPerPrim=6
[FT] avgMs=16 worstMs=45 gameMs=11 drawMs=5 swapWait=0ms draws=70 decodes=0 decMs=0
[OTS] f=244680 calls=2 n0=2297 n1=274 prims=61067 bb=160,1120,0,694
[OTT] walkUs=2225 texUs=123 emitUs=676 submitUs=444 otherUs=980 prims=389 usPerPrim=5
[SH-XBOX] vblank 244800
[MEM] tick: free=4016KB (1004 pages)
[FT] avgMs=16 worstMs=52 gameMs=11 drawMs=5 swapWait=0ms draws=70 decodes=0 decMs=0
[OTS] f=244800 calls=2 n0=2302 n1=274 prims=61044 bb=160,1120,0,694
[OTT] walkUs=2323 texUs=125 emitUs=684 submitUs=499 otherUs=1014 prims=394 usPerPrim=5
[FT] avgMs=16 worstMs=48 gameMs=11 drawMs=5 swapWait=0ms draws=71 decodes=0 decMs=0
[OTS] f=244920 calls=2 n0=2296 n1=274 prims=61205 bb=160,1120,0,694
[OTT] walkUs=2113 texUs=123 emitUs=672 submitUs=228 otherUs=1088 prims=388 usPerPrim=5
[FT] avgMs=16 worstMs=43 gameMs=11 drawMs=5 swapWait=0ms draws=71 decodes=0 decMs=0
[OTS] f=245040 calls=2 n0=2297 n1=274 prims=61148 bb=160,1120,0,694
[OTT] walkUs=2192 texUs=123 emitUs=672 submitUs=334 otherUs=1061 prims=389 usPerPrim=5
[FT] avgMs=16 worstMs=46 gameMs=11 drawMs=5 swapWait=0ms draws=70 decodes=0 decMs=0
[OTS] f=245160 calls=2 n0=2298 n1=274 prims=61146 bb=160,1120,0,694
[OTT] walkUs=1915 texUs=130 emitUs=674 submitUs=197 otherUs=912 prims=390 usPerPrim=4
[FT] avgMs=16 worstMs=52 gameMs=11 drawMs=5 swapWait=0ms draws=71 decodes=0 decMs=0
[OTS] f=245280 calls=2 n0=2303 n1=274 prims=61054 bb=160,1120,0,694
[OTT] walkUs=1951 texUs=125 emitUs=685 submitUs=187 otherUs=952 prims=395 usPerPrim=4
[SH-XBOX] vblank 245400
[MEM] tick: free=4016KB (1004 pages)
[FT] avgMs=16 worstMs=48 gameMs=11 drawMs=5 swapWait=0ms draws=70 decodes=0 decMs=0
[OTS] f=245400 calls=2 n0=2298 n1=274 prims=61240 bb=160,1120,0,694
[OTT] walkUs=1910 texUs=125 emitUs=674 submitUs=280 otherUs=829 prims=390 usPerPrim=4
[FT] avgMs=16 worstMs=44 gameMs=11 drawMs=5 swapWait=0ms draws=70 decodes=0 decMs=0
[OTS] f=245520 calls=2 n0=2301 n1=274 prims=60983 bb=160,1120,0,694
[OTT] walkUs=1969 texUs=124 emitUs=684 submitUs=186 otherUs=973 prims=393 usPerPrim=5
[FT] avgMs=16 worstMs=45 gameMs=11 drawMs=5 swapWait=0ms draws=71 decodes=0 decMs=0
[OTS] f=245640 calls=2 n0=2301 n1=274 prims=61328 bb=160,1120,0,694
[OTT] walkUs=2076 texUs=125 emitUs=685 submitUs=196 otherUs=1069 prims=393 usPerPrim=5
[FT] avgMs=16 worstMs=52 gameMs=11 drawMs=5 swapWait=0ms draws=70 decodes=0 decMs=0
[OTS] f=245760 calls=2 n0=2301 n1=274 prims=60862 bb=160,1120,0,694
[OTT] walkUs=2290 texUs=124 emitUs=684 submitUs=235 otherUs=1246 prims=393 usPerPrim=5
[FT] avgMs=16 worstMs=48 gameMs=11 drawMs=5 swapWait=0ms draws=71 decodes=0 decMs=0
[OTS] f=245880 calls=2 n0=2301 n1=274 prims=61346 bb=160,1120,0,694
[OTT] walkUs=2027 texUs=124 emitUs=681 submitUs=191 otherUs=1029 prims=393 usPerPrim=5
[SH-XBOX] vblank 246000
[MEM] tick: free=4016KB (1004 pages)
[FT] avgMs=16 worstMs=43 gameMs=11 drawMs=5 swapWait=0ms draws=71 decodes=0 decMs=0
[OTS] f=246000 calls=2 n0=2300 n1=274 prims=61036 bb=160,1120,0,694
[OTT] walkUs=1989 texUs=124 emitUs=682 submitUs=280 otherUs=901 prims=392 usPerPrim=5
[FT] avgMs=16 worstMs=45 gameMs=11 drawMs=5 swapWait=0ms draws=71 decodes=0 decMs=0
[OTS] f=246120 calls=2 n0=2300 n1=274 prims=61306 bb=160,1120,0,694
[OTT] walkUs=2190 texUs=124 emitUs=677 submitUs=244 otherUs=1144 prims=392 usPerPrim=5
[FT] avgMs=16 worstMs=53 gameMs=11 drawMs=5 swapWait=0ms draws=70 decodes=0 decMs=0
[OTS] f=246240 calls=2 n0=2296 n1=274 prims=60994 bb=160,1120,0,694
[OTT] walkUs=2187 texUs=123 emitUs=668 submitUs=193 otherUs=1202 prims=388 usPerPrim=5
[FT] avgMs=16 worstMs=48 gameMs=11 drawMs=5 swapWait=0ms draws=70 decodes=0 decMs=0
[OTS] f=246360 calls=2 n0=2300 n1=274 prims=61205 bb=160,1120,0,694
[OTT] walkUs=2202 texUs=123 emitUs=679 submitUs=277 otherUs=1121 prims=392 usPerPrim=5
[FT] avgMs=16 worstMs=44 gameMs=11 drawMs=5 swapWait=0ms draws=71 decodes=0 decMs=0
[OTS] f=246480 calls=2 n0=2298 n1=274 prims=61116 bb=160,1120,0,694
[OTT] walkUs=2187 texUs=123 emitUs=676 submitUs=445 otherUs=942 prims=390 usPerPrim=5
[SH-XBOX] vblank 246600
[MEM] tick: free=4016KB (1004 pages)
[FT] avgMs=16 worstMs=45 gameMs=11 drawMs=5 swapWait=0ms draws=70 decodes=0 decMs=0
[OTS] f=246600 calls=2 n0=2304 n1=274 prims=61081 bb=160,1120,0,694
[OTT] walkUs=2189 texUs=125 emitUs=690 submitUs=214 otherUs=1158 prims=396 usPerPrim=5
[FT] avgMs=16 worstMs=53 gameMs=11 drawMs=5 swapWait=0ms draws=71 decodes=0 decMs=0
[OTS] f=246720 calls=2 n0=2297 n1=274 prims=61176 bb=160,1120,0,694
[OTT] walkUs=2218 texUs=123 emitUs=672 submitUs=342 otherUs=1080 prims=389 usPerPrim=5
[FT] avgMs=16 worstMs=48 gameMs=11 drawMs=5 swapWait=0ms draws=71 decodes=0 decMs=0
[OTS] f=246840 calls=2 n0=2301 n1=274 prims=61188 bb=160,1120,0,694
[OTT] walkUs=2331 texUs=124 emitUs=683 submitUs=431 otherUs=1091 prims=393 usPerPrim=5
[FT] avgMs=16 worstMs=44 gameMs=11 drawMs=5 swapWait=0ms draws=70 decodes=0 decMs=0
[OTS] f=246960 calls=2 n0=2297 n1=274 prims=61105 bb=160,1120,0,694
[OTT] walkUs=2319 texUs=122 emitUs=678 submitUs=319 otherUs=1199 prims=389 usPerPrim=5
[FT] avgMs=16 worstMs=45 gameMs=11 drawMs=5 swapWait=0ms draws=71 decodes=0 decMs=0
[OTS] f=247080 calls=2 n0=2303 n1=274 prims=61086 bb=160,1120,0,694
[OTT] walkUs=2298 texUs=125 emitUs=685 submitUs=407 otherUs=1080 prims=395 usPerPrim=5
[SH-XBOX] vblank 247200
[MEM] tick: free=4016KB (1004 pages)
[FT] avgMs=16 worstMs=52 gameMs=11 drawMs=5 swapWait=0ms draws=70 decodes=0 decMs=0
[OTS] f=247200 calls=2 n0=2298 n1=274 prims=61214 bb=160,1120,0,694
[OTT] walkUs=2256 texUs=125 emitUs=669 submitUs=442 otherUs=1019 prims=390 usPerPrim=5
[FT] avgMs=16 worstMs=48 gameMs=11 drawMs=5 swapWait=0ms draws=70 decodes=0 decMs=0
[OTS] f=247320 calls=2 n0=2302 n1=274 prims=61006 bb=160,1120,0,694
[OTT] walkUs=2036 texUs=138 emitUs=682 submitUs=448 otherUs=766 prims=394 usPerPrim=5
[FT] avgMs=16 worstMs=44 gameMs=11 drawMs=5 swapWait=0ms draws=70 decodes=0 decMs=0
[OTS] f=247440 calls=2 n0=2299 n1=274 prims=61190 bb=160,1120,0,694
[OTT] walkUs=2179 texUs=126 emitUs=679 submitUs=419 otherUs=953 prims=391 usPerPrim=5
[FT] avgMs=16 worstMs=46 gameMs=11 drawMs=5 swapWait=0ms draws=71 decodes=0 decMs=0
[OTS] f=247560 calls=2 n0=2300 n1=274 prims=61000 bb=160,1120,0,694
[OTT] walkUs=2074 texUs=124 emitUs=686 submitUs=273 otherUs=990 prims=392 usPerPrim=5
[FT] avgMs=16 worstMs=52 gameMs=11 drawMs=5 swapWait=0ms draws=70 decodes=0 decMs=0
[OTS] f=247680 calls=2 n0=2298 n1=274 prims=61330 bb=160,1120,0,694
[OTT] walkUs=2336 texUs=124 emitUs=666 submitUs=186 otherUs=1358 prims=390 usPerPrim=5
[SH-XBOX] vblank 247800
[MEM] tick: free=4016KB (1004 pages)
[FT] avgMs=16 worstMs=48 gameMs=11 drawMs=5 swapWait=0ms draws=70 decodes=0 decMs=0
[OTS] f=247800 calls=2 n0=2302 n1=274 prims=60919 bb=160,1120,0,694
[OTT] walkUs=2008 texUs=126 emitUs=691 submitUs=195 otherUs=995 prims=394 usPerPrim=5
[FT] avgMs=16 worstMs=43 gameMs=11 drawMs=5 swapWait=1ms draws=71 decodes=0 decMs=0
[OTS] f=247920 calls=2 n0=2300 n1=274 prims=61317 bb=160,1120,0,694
[OTT] walkUs=2286 texUs=123 emitUs=678 submitUs=242 otherUs=1241 prims=392 usPerPrim=5
[FT] avgMs=16 worstMs=45 gameMs=11 drawMs=5 swapWait=0ms draws=70 decodes=0 decMs=0
[OTS] f=248040 calls=2 n0=2297 n1=274 prims=60936 bb=160,1120,0,694
[OTT] walkUs=2231 texUs=124 emitUs=673 submitUs=184 otherUs=1249 prims=389 usPerPrim=5
[FT] avgMs=16 worstMs=53 gameMs=11 drawMs=5 swapWait=0ms draws=70 decodes=0 decMs=0
[OTS] f=248160 calls=2 n0=2301 n1=274 prims=61261 bb=160,1120,0,694
[OTT] walkUs=2259 texUs=124 emitUs=683 submitUs=588 otherUs=863 prims=393 usPerPrim=5
[FT] avgMs=16 worstMs=48 gameMs=11 drawMs=5 swapWait=0ms draws=71 decodes=0 decMs=0
[OTS] f=248280 calls=2 n0=2300 n1=274 prims=61095 bb=160,1120,0,694
[OTT] walkUs=2124 texUs=123 emitUs=682 submitUs=235 otherUs=1082 prims=392 usPerPrim=5
[SH-XBOX] vblank 248400
[MEM] tick: free=4016KB (1004 pages)
[FT] avgMs=16 worstMs=44 gameMs=11 drawMs=5 swapWait=0ms draws=70 decodes=0 decMs=0
[OTS] f=248400 calls=2 n0=2303 n1=274 prims=61109 bb=160,1120,0,694
[OTT] walkUs=2039 texUs=125 emitUs=687 submitUs=193 otherUs=1033 prims=395 usPerPrim=5
[FT] avgMs=16 worstMs=45 gameMs=11 drawMs=5 swapWait=0ms draws=71 decodes=0 decMs=0
[OTS] f=248520 calls=2 n0=2297 n1=274 prims=61138 bb=160,1120,0,694
[OTT] walkUs=2218 texUs=122 emitUs=674 submitUs=228 otherUs=1192 prims=389 usPerPrim=5
[FT] avgMs=16 worstMs=53 gameMs=11 drawMs=5 swapWait=0ms draws=71 decodes=0 decMs=0
[OTS] f=248640 calls=2 n0=2302 n1=274 prims=61202 bb=160,1120,0,694
[OTT] walkUs=2212 texUs=124 emitUs=683 submitUs=487 otherUs=916 prims=394 usPerPrim=5
[FT] avgMs=16 worstMs=48 gameMs=11 drawMs=5 swapWait=0ms draws=71 decodes=0 decMs=0
[OTS] f=248760 calls=2 n0=2296 n1=274 prims=61205 bb=160,1120,0,694
[OTT] walkUs=2334 texUs=122 emitUs=671 submitUs=488 otherUs=1052 prims=388 usPerPrim=6
[FT] avgMs=16 worstMs=44 gameMs=11 drawMs=5 swapWait=1ms draws=70 decodes=0 decMs=0
[OTS] f=248880 calls=2 n0=2296 n1=274 prims=61024 bb=160,1120,0,694
[OTT] walkUs=2128 texUs=123 emitUs=664 submitUs=421 otherUs=919 prims=388 usPerPrim=5
[SH-XBOX] vblank 249000
[MEM] tick: free=4016KB (1004 pages)
[FT] avgMs=16 worstMs=45 gameMs=11 drawMs=5 swapWait=0ms draws=70 decodes=0 decMs=0
[OTS] f=249000 calls=2 n0=2298 n1=274 prims=61240 bb=160,1120,0,694
[OTT] walkUs=2157 texUs=123 emitUs=676 submitUs=253 otherUs=1104 prims=390 usPerPrim=5
[FT] avgMs=16 worstMs=53 gameMs=11 drawMs=5 swapWait=0ms draws=71 decodes=0 decMs=0
[OTS] f=249120 calls=2 n0=2303 n1=274 prims=61084 bb=160,1120,0,694
[OTT] walkUs=2210 texUs=125 emitUs=685 submitUs=340 otherUs=1058 prims=395 usPerPrim=5
[FT] avgMs=16 worstMs=49 gameMs=11 drawMs=5 swapWait=0ms draws=70 decodes=0 decMs=0
[OTS] f=249240 calls=2 n0=2300 n1=274 prims=61166 bb=160,1120,0,694
[OTT] walkUs=2207 texUs=124 emitUs=680 submitUs=192 otherUs=1209 prims=392 usPerPrim=5
[FT] avgMs=16 worstMs=44 gameMs=11 drawMs=5 swapWait=0ms draws=71 decodes=0 decMs=0
[OTS] f=249360 calls=2 n0=2301 n1=274 prims=61027 bb=160,1120,0,694
[OTT] walkUs=2263 texUs=128 emitUs=688 submitUs=301 otherUs=1145 prims=393 usPerPrim=5
[FT] avgMs=16 worstMs=46 gameMs=11 drawMs=5 swapWait=0ms draws=70 decodes=0 decMs=0
[OTS] f=249480 calls=2 n0=2298 n1=274 prims=61316 bb=160,1120,0,694
[OTT] walkUs=2121 texUs=129 emitUs=667 submitUs=355 otherUs=968 prims=390 usPerPrim=5
[SH-XBOX] vblank 249600
[MEM] tick: free=4016KB (1004 pages)
[FT] avgMs=16 worstMs=52 gameMs=11 drawMs=5 swapWait=0ms draws=70 decodes=0 decMs=0
[OTS] f=249600 calls=2 n0=2301 n1=274 prims=60904 bb=160,1120,0,694
[OTT] walkUs=2269 texUs=124 emitUs=683 submitUs=276 otherUs=1184 prims=393 usPerPrim=5
[FT] avgMs=16 worstMs=49 gameMs=11 drawMs=5 swapWait=1ms draws=71 decodes=0 decMs=0
[OTS] f=249720 calls=2 n0=2302 n1=274 prims=61344 bb=160,1120,0,694
[OTT] walkUs=2285 texUs=125 emitUs=682 submitUs=399 otherUs=1077 prims=394 usPerPrim=5
[FT] avgMs=16 worstMs=43 gameMs=11 drawMs=5 swapWait=0ms draws=70 decodes=0 decMs=0
[OTS] f=249840 calls=2 n0=2298 n1=274 prims=60904 bb=160,1120,0,694
[OTT] walkUs=2206 texUs=125 emitUs=669 submitUs=196 otherUs=1214 prims=390 usPerPrim=5
[FT] avgMs=16 worstMs=46 gameMs=11 drawMs=5 swapWait=0ms draws=70 decodes=0 decMs=0
[OTS] f=249960 calls=2 n0=2299 n1=274 prims=61301 bb=160,1120,0,694
[OTT] walkUs=2355 texUs=124 emitUs=676 submitUs=189 otherUs=1365 prims=391 usPerPrim=6
[FT] avgMs=16 worstMs=52 gameMs=11 drawMs=5 swapWait=0ms draws=70 decodes=0 decMs=0
[OTS] f=250080 calls=2 n0=2298 n1=274 prims=60946 bb=160,1120,0,694
[OTT] walkUs=2242 texUs=123 emitUs=673 submitUs=285 otherUs=1159 prims=390 usPerPrim=5
[SH-XBOX] vblank 250200
[MEM] tick: free=4016KB (1004 pages)
[FT] avgMs=16 worstMs=48 gameMs=11 drawMs=5 swapWait=0ms draws=71 decodes=0 decMs=0
[OTS] f=250200 calls=2 n0=2301 n1=274 prims=61249 bb=160,1120,0,694
[OTT] walkUs=2305 texUs=124 emitUs=682 submitUs=198 otherUs=1300 prims=393 usPerPrim=5
[FT] avgMs=17 worstMs=79 gameMs=12 drawMs=5 swapWait=0ms draws=70 decodes=0 decMs=0
[OTS] f=250320 calls=2 n0=2296 n1=274 prims=61063 bb=160,1120,0,694
[OTT] walkUs=1841 texUs=127 emitUs=665 submitUs=189 otherUs=858 prims=388 usPerPrim=4
[FT] avgMs=16 worstMs=51 gameMs=11 drawMs=5 swapWait=0ms draws=70 decodes=0 decMs=0
[OTS] f=250440 calls=2 n0=2304 n1=274 prims=61149 bb=160,1120,0,694
[OTT] walkUs=2162 texUs=125 emitUs=694 submitUs=180 otherUs=1160 prims=396 usPerPrim=5
[FT] avgMs=16 worstMs=46 gameMs=11 drawMs=5 swapWait=0ms draws=71 decodes=0 decMs=0
[OTS] f=250560 calls=2 n0=2297 n1=274 prims=61176 bb=160,1120,0,694
[OTT] walkUs=2074 texUs=122 emitUs=675 submitUs=321 otherUs=955 prims=389 usPerPrim=5
[FT] avgMs=16 worstMs=42 gameMs=11 drawMs=5 swapWait=1ms draws=70 decodes=0 decMs=0
[OTS] f=250680 calls=2 n0=2300 n1=274 prims=61044 bb=160,1120,0,694
[OTT] walkUs=2076 texUs=125 emitUs=678 submitUs=178 otherUs=1095 prims=392 usPerPrim=5
[SH-XBOX] vblank 250800
[MEM] tick: free=4016KB (1004 pages)
[FT] avgMs=16 worstMs=43 gameMs=11 drawMs=5 swapWait=0ms draws=70 decodes=0 decMs=0
[OTS] f=250800 calls=2 n0=2296 n1=274 prims=61221 bb=160,1120,0,694
[OTT] walkUs=2015 texUs=122 emitUs=669 submitUs=201 otherUs=1021 prims=388 usPerPrim=5
[FT] avgMs=16 worstMs=46 gameMs=11 drawMs=5 swapWait=0ms draws=71 decodes=0 decMs=0
[OTS] f=250920 calls=2 n0=2303 n1=274 prims=61115 bb=160,1120,0,694
[OTT] walkUs=2013 texUs=124 emitUs=689 submitUs=285 otherUs=913 prims=395 usPerPrim=5
[FT] avgMs=16 worstMs=52 gameMs=11 drawMs=5 swapWait=0ms draws=70 decodes=0 decMs=0
[OTS] f=251040 calls=2 n0=2300 n1=274 prims=61155 bb=160,1120,0,694
[OTT] walkUs=2019 texUs=124 emitUs=677 submitUs=192 otherUs=1024 prims=392 usPerPrim=5
[FT] avgMs=16 worstMs=48 gameMs=11 drawMs=5 swapWait=0ms draws=71 decodes=0 decMs=0
[OTS] f=251160 calls=2 n0=2302 n1=274 prims=61034 bb=160,1120,0,694
[OTT] walkUs=1948 texUs=125 emitUs=691 submitUs=243 otherUs=887 prims=394 usPerPrim=4
[FT] avgMs=16 worstMs=44 gameMs=11 drawMs=5 swapWait=0ms draws=71 decodes=0 decMs=0
[OTS] f=251280 calls=2 n0=2298 n1=274 prims=61332 bb=160,1120,0,694
[OTT] walkUs=2038 texUs=122 emitUs=675 submitUs=190 otherUs=1049 prims=390 usPerPrim=5
[SH-XBOX] vblank 251400
[MEM] tick: free=4016KB (1004 pages)
[FT] avgMs=16 worstMs=45 gameMs=11 drawMs=5 swapWait=0ms draws=71 decodes=0 decMs=0
[OTS] f=251400 calls=2 n0=2300 n1=274 prims=61016 bb=160,1120,0,694
[OTT] walkUs=2184 texUs=124 emitUs=677 submitUs=406 otherUs=975 prims=392 usPerPrim=5
[FT] avgMs=16 worstMs=53 gameMs=11 drawMs=5 swapWait=0ms draws=70 decodes=0 decMs=0
[OTS] f=251520 calls=2 n0=2301 n1=274 prims=61202 bb=160,1120,0,694
[OTT] walkUs=2148 texUs=124 emitUs=687 submitUs=188 otherUs=1147 prims=393 usPerPrim=5
[FT] avgMs=16 worstMs=48 gameMs=11 drawMs=5 swapWait=0ms draws=71 decodes=0 decMs=0
[OTS] f=251640 calls=2 n0=2302 n1=274 prims=61017 bb=160,1120,0,694
[OTT] walkUs=2181 texUs=125 emitUs=685 submitUs=195 otherUs=1175 prims=394 usPerPrim=5
[FT] avgMs=16 worstMs=44 gameMs=11 drawMs=5 swapWait=0ms draws=71 decodes=0 decMs=0
[OTS] f=251760 calls=2 n0=2299 n1=274 prims=61343 bb=160,1120,0,694
[OTT] walkUs=2172 texUs=123 emitUs=682 submitUs=197 otherUs=1168 prims=391 usPerPrim=5
[FT] avgMs=16 worstMs=45 gameMs=11 drawMs=5 swapWait=0ms draws=70 decodes=0 decMs=0
[OTS] f=251880 calls=2 n0=2299 n1=274 prims=60897 bb=160,1120,0,694
[OTT] walkUs=2253 texUs=123 emitUs=680 submitUs=465 otherUs=984 prims=391 usPerPrim=5
[SH-XBOX] vblank 252000
[MEM] tick: free=4016KB (1004 pages)
[FT] avgMs=16 worstMs=52 gameMs=11 drawMs=5 swapWait=0ms draws=71 decodes=0 decMs=0
[OTS] f=252000 calls=2 n0=2302 n1=274 prims=61285 bb=160,1120,0,694
[OTT] walkUs=2221 texUs=125 emitUs=685 submitUs=414 otherUs=995 prims=394 usPerPrim=5
[FT] avgMs=16 worstMs=48 gameMs=11 drawMs=5 swapWait=0ms draws=70 decodes=0 decMs=0
[OTS] f=252120 calls=2 n0=2298 n1=274 prims=61029 bb=160,1120,0,694
[OTT] walkUs=2146 texUs=124 emitUs=674 submitUs=238 otherUs=1109 prims=390 usPerPrim=5
[FT] avgMs=16 worstMs=44 gameMs=11 drawMs=5 swapWait=0ms draws=70 decodes=0 decMs=0
[OTS] f=252240 calls=2 n0=2303 n1=274 prims=61193 bb=160,1120,0,694
[OTT] walkUs=2156 texUs=126 emitUs=685 submitUs=196 otherUs=1148 prims=395 usPerPrim=5
[FT] avgMs=16 worstMs=45 gameMs=11 drawMs=5 swapWait=0ms draws=71 decodes=0 decMs=0
[OTS] f=252360 calls=2 n0=2297 n1=274 prims=61138 bb=160,1120,0,694
[OTT] walkUs=2323 texUs=123 emitUs=676 submitUs=221 otherUs=1301 prims=389 usPerPrim=5
[FT] avgMs=16 worstMs=53 gameMs=11 drawMs=5 swapWait=0ms draws=70 decodes=0 decMs=0
[OTS] f=252480 calls=2 n0=2302 n1=274 prims=61044 bb=160,1120,0,694
[OTT] walkUs=2331 texUs=124 emitUs=682 submitUs=419 otherUs=1104 prims=394 usPerPrim=5
[SH-XBOX] vblank 252600
[MEM] tick: free=4016KB (1004 pages)
[FT] avgMs=16 worstMs=49 gameMs=11 drawMs=5 swapWait=0ms draws=71 decodes=0 decMs=0
[OTS] f=252600 calls=2 n0=2295 n1=274 prims=61212 bb=160,1120,0,694
[OTT] walkUs=2353 texUs=122 emitUs=664 submitUs=286 otherUs=1281 prims=387 usPerPrim=6
[FT] avgMs=16 worstMs=44 gameMs=11 drawMs=5 swapWait=0ms draws=70 decodes=0 decMs=0
[OTS] f=252720 calls=2 n0=2298 n1=274 prims=61022 bb=160,1120,0,694
[OTT] walkUs=2361 texUs=123 emitUs=674 submitUs=194 otherUs=1369 prims=390 usPerPrim=6
[FT] avgMs=16 worstMs=46 gameMs=11 drawMs=5 swapWait=0ms draws=71 decodes=0 decMs=0
[OTS] f=252840 calls=2 n0=2298 n1=274 prims=61266 bb=160,1120,0,694
[OTT] walkUs=2340 texUs=127 emitUs=674 submitUs=196 otherUs=1343 prims=390 usPerPrim=6
[FT] avgMs=16 worstMs=52 gameMs=11 drawMs=5 swapWait=0ms draws=70 decodes=0 decMs=0
[OTS] f=252960 calls=2 n0=2301 n1=274 prims=60984 bb=160,1120,0,694
[OTT] walkUs=1922 texUs=125 emitUs=682 submitUs=363 otherUs=751 prims=393 usPerPrim=4
[FT] avgMs=16 worstMs=48 gameMs=11 drawMs=5 swapWait=0ms draws=70 decodes=0 decMs=0
[OTS] f=253080 calls=2 n0=2299 n1=274 prims=61254 bb=160,1120,0,694
[OTT] walkUs=2105 texUs=124 emitUs=674 submitUs=176 otherUs=1130 prims=391 usPerPrim=5
[SH-XBOX] vblank 253200
[MEM] tick: free=4016KB (1004 pages)
[FT] avgMs=16 worstMs=43 gameMs=11 drawMs=5 swapWait=0ms draws=71 decodes=0 decMs=0
[OTS] f=253200 calls=2 n0=2301 n1=274 prims=61039 bb=160,1120,0,694
[OTT] walkUs=2045 texUs=124 emitUs=680 submitUs=265 otherUs=975 prims=393 usPerPrim=5
[FT] avgMs=16 worstMs=46 gameMs=11 drawMs=5 swapWait=0ms draws=70 decodes=0 decMs=0
[OTS] f=253320 calls=2 n0=2301 n1=274 prims=61200 bb=160,1120,0,694
[OTT] walkUs=2008 texUs=124 emitUs=687 submitUs=195 otherUs=1000 prims=393 usPerPrim=5
[FT] avgMs=16 worstMs=53 gameMs=11 drawMs=5 swapWait=0ms draws=71 decodes=0 decMs=0
[OTS] f=253440 calls=2 n0=2301 n1=274 prims=60990 bb=160,1120,0,694
[OTT] walkUs=2009 texUs=124 emitUs=683 submitUs=237 otherUs=963 prims=393 usPerPrim=5
[FT] avgMs=16 worstMs=48 gameMs=11 drawMs=5 swapWait=0ms draws=71 decodes=0 decMs=0
[OTS] f=253560 calls=2 n0=2302 n1=274 prims=61374 bb=160,1120,0,694
[OTT] walkUs=2003 texUs=126 emitUs=686 submitUs=292 otherUs=898 prims=394 usPerPrim=5
[FT] avgMs=16 worstMs=44 gameMs=11 drawMs=5 swapWait=0ms draws=70 decodes=0 decMs=0
[OTS] f=253680 calls=2 n0=2300 n1=274 prims=60878 bb=160,1120,0,694
[OTT] walkUs=1989 texUs=126 emitUs=677 submitUs=228 otherUs=956 prims=392 usPerPrim=5
[SH-XBOX] vblank 253800
[MEM] tick: free=4016KB (1004 pages)
[FT] avgMs=16 worstMs=45 gameMs=11 drawMs=5 swapWait=0ms draws=71 decodes=0 decMs=0
[OTS] f=253800 calls=2 n0=2300 n1=274 prims=61305 bb=160,1120,0,694
[OTT] walkUs=2168 texUs=124 emitUs=681 submitUs=267 otherUs=1095 prims=392 usPerPrim=5
[FT] avgMs=16 worstMs=53 gameMs=11 drawMs=5 swapWait=0ms draws=71 decodes=0 decMs=0
[OTS] f=253920 calls=2 n0=2298 n1=274 prims=61064 bb=160,1120,0,694
[OTT] walkUs=2064 texUs=127 emitUs=676 submitUs=215 otherUs=1044 prims=390 usPerPrim=5
[FT] avgMs=16 worstMs=48 gameMs=11 drawMs=5 swapWait=0ms draws=71 decodes=0 decMs=0
[OTS] f=254040 calls=2 n0=2301 n1=274 prims=61279 bb=160,1120,0,694
[OTT] walkUs=2059 texUs=124 emitUs=684 submitUs=189 otherUs=1061 prims=393 usPerPrim=5
[FT] avgMs=16 worstMs=44 gameMs=11 drawMs=5 swapWait=0ms draws=70 decodes=0 decMs=0
[OTS] f=254160 calls=2 n0=2298 n1=274 prims=60972 bb=160,1120,0,694
[OTT] walkUs=2186 texUs=124 emitUs=681 submitUs=434 otherUs=946 prims=390 usPerPrim=5
[FT] avgMs=16 worstMs=45 gameMs=11 drawMs=5 swapWait=0ms draws=71 decodes=0 decMs=0
[OTS] f=254280 calls=2 n0=2304 n1=274 prims=61211 bb=160,1120,0,694
[OTT] walkUs=2178 texUs=125 emitUs=696 submitUs=191 otherUs=1165 prims=396 usPerPrim=5
[SH-XBOX] vblank 254400
[MEM] tick: free=4016KB (1004 pages)
[FT] avgMs=16 worstMs=53 gameMs=11 drawMs=5 swapWait=0ms draws=70 decodes=0 decMs=0
[OTS] f=254400 calls=2 n0=2294 n1=274 prims=61181 bb=160,1120,0,694
[OTT] walkUs=2050 texUs=122 emitUs=662 submitUs=256 otherUs=1009 prims=386 usPerPrim=5
[FT] avgMs=16 worstMs=49 gameMs=11 drawMs=5 swapWait=0ms draws=70 decodes=0 decMs=0
[OTS] f=254520 calls=2 n0=2302 n1=274 prims=61060 bb=160,1120,0,694
[OTT] walkUs=2194 texUs=125 emitUs=688 submitUs=193 otherUs=1188 prims=394 usPerPrim=5
[FT] avgMs=16 worstMs=44 gameMs=11 drawMs=5 swapWait=0ms draws=71 decodes=0 decMs=0
[OTS] f=254640 calls=2 n0=2297 n1=274 prims=61229 bb=160,1120,0,694
[OTT] walkUs=2199 texUs=125 emitUs=671 submitUs=250 otherUs=1152 prims=389 usPerPrim=5
[FT] avgMs=16 worstMs=45 gameMs=11 drawMs=5 swapWait=0ms draws=70 decodes=0 decMs=0
[OTS] f=254760 calls=2 n0=2301 n1=274 prims=61001 bb=160,1120,0,694
[OTT] walkUs=2178 texUs=126 emitUs=679 submitUs=280 otherUs=1092 prims=393 usPerPrim=5
[FT] avgMs=16 worstMs=53 gameMs=11 drawMs=5 swapWait=0ms draws=70 decodes=0 decMs=0
[OTS] f=254880 calls=2 n0=2299 n1=274 prims=61263 bb=160,1120,0,694
[OTT] walkUs=2242 texUs=123 emitUs=673 submitUs=197 otherUs=1247 prims=391 usPerPrim=5
[SH-XBOX] vblank 255000
[MEM] tick: free=4016KB (1004 pages)
[FT] avgMs=16 worstMs=48 gameMs=11 drawMs=5 swapWait=1ms draws=71 decodes=0 decMs=0
[OTS] f=255000 calls=2 n0=2302 n1=274 prims=61043 bb=160,1120,0,694
[OTT] walkUs=2298 texUs=128 emitUs=683 submitUs=387 otherUs=1100 prims=394 usPerPrim=5
[FT] avgMs=16 worstMs=44 gameMs=11 drawMs=5 swapWait=0ms draws=70 decodes=0 decMs=0
[OTS] f=255120 calls=2 n0=2299 n1=274 prims=61189 bb=160,1120,0,694
[OTT] walkUs=2319 texUs=124 emitUs=683 submitUs=191 otherUs=1319 prims=391 usPerPrim=5
[FT] avgMs=16 worstMs=46 gameMs=11 drawMs=5 swapWait=0ms draws=70 decodes=0 decMs=0
[OTS] f=255240 calls=2 n0=2298 n1=274 prims=60978 bb=160,1120,0,694
[OTT] walkUs=2195 texUs=125 emitUs=670 submitUs=285 otherUs=1114 prims=390 usPerPrim=5
[FT] avgMs=16 worstMs=52 gameMs=11 drawMs=5 swapWait=0ms draws=70 decodes=0 decMs=0
[OTS] f=255360 calls=2 n0=2301 n1=274 prims=61254 bb=160,1120,0,694
[OTT] walkUs=2365 texUs=124 emitUs=686 submitUs=191 otherUs=1362 prims=393 usPerPrim=6
[FT] avgMs=16 worstMs=48 gameMs=11 drawMs=5 swapWait=0ms draws=71 decodes=0 decMs=0
[OTS] f=255480 calls=2 n0=2302 n1=274 prims=61017 bb=160,1120,0,694
[OTT] walkUs=2232 texUs=125 emitUs=682 submitUs=311 otherUs=1111 prims=394 usPerPrim=5
[SH-XBOX] vblank 255600
[MEM] tick: free=4016KB (1004 pages)
[FT] avgMs=16 worstMs=43 gameMs=11 drawMs=5 swapWait=0ms draws=70 decodes=0 decMs=0
[OTS] f=255600 calls=2 n0=2298 n1=274 prims=61215 bb=160,1120,0,694
[OTT] walkUs=2170 texUs=123 emitUs=668 submitUs=206 otherUs=1171 prims=390 usPerPrim=5
[FT] avgMs=16 worstMs=46 gameMs=11 drawMs=5 swapWait=0ms draws=70 decodes=0 decMs=0
[OTS] f=255720 calls=2 n0=2298 n1=274 prims=60997 bb=160,1120,0,694
[OTT] walkUs=1947 texUs=127 emitUs=671 submitUs=195 otherUs=953 prims=390 usPerPrim=4
[FT] avgMs=16 worstMs=54 gameMs=11 drawMs=5 swapWait=0ms draws=71 decodes=0 decMs=0
[OTS] f=255840 calls=2 n0=2302 n1=274 prims=61313 bb=160,1120,0,694
[OTT] walkUs=2337 texUs=125 emitUs=689 submitUs=261 otherUs=1261 prims=394 usPerPrim=5
[FT] avgMs=16 worstMs=48 gameMs=11 drawMs=5 swapWait=0ms draws=70 decodes=0 decMs=0
[OTS] f=255960 calls=2 n0=2300 n1=274 prims=60955 bb=160,1120,0,694
[OTT] walkUs=2009 texUs=124 emitUs=680 submitUs=258 otherUs=945 prims=392 usPerPrim=5
[FT] avgMs=16 worstMs=44 gameMs=11 drawMs=5 swapWait=0ms draws=71 decodes=0 decMs=0
[OTS] f=256080 calls=2 n0=2303 n1=274 prims=61236 bb=160,1120,0,694
[OTT] walkUs=2135 texUs=126 emitUs=687 submitUs=175 otherUs=1145 prims=395 usPerPrim=5
[SH-XBOX] vblank 256200
[MEM] tick: free=4016KB (1004 pages)
[FT] avgMs=16 worstMs=45 gameMs=11 drawMs=5 swapWait=0ms draws=70 decodes=0 decMs=0
[OTS] f=256200 calls=2 n0=2294 n1=274 prims=61130 bb=160,1120,0,694
[OTT] walkUs=2231 texUs=122 emitUs=661 submitUs=196 otherUs=1250 prims=386 usPerPrim=5
[FT] avgMs=16 worstMs=53 gameMs=11 drawMs=5 swapWait=0ms draws=70 decodes=0 decMs=0
[OTS] f=256320 calls=2 n0=2302 n1=274 prims=61082 bb=160,1120,0,694
[OTT] walkUs=2309 texUs=125 emitUs=682 submitUs=288 otherUs=1213 prims=394 usPerPrim=5
[FT] avgMs=16 worstMs=48 gameMs=11 drawMs=5 swapWait=0ms draws=71 decodes=0 decMs=0
[OTS] f=256440 calls=2 n0=2296 n1=274 prims=61206 bb=160,1120,0,694
[OTT] walkUs=2409 texUs=122 emitUs=671 submitUs=465 otherUs=1149 prims=388 usPerPrim=6
[FT] avgMs=16 worstMs=44 gameMs=11 drawMs=5 swapWait=0ms draws=71 decodes=0 decMs=0
[OTS] f=256560 calls=2 n0=2298 n1=274 prims=61126 bb=160,1120,0,694
[OTT] walkUs=1923 texUs=123 emitUs=673 submitUs=200 otherUs=925 prims=390 usPerPrim=4
[FT] avgMs=16 worstMs=45 gameMs=11 drawMs=5 swapWait=0ms draws=71 decodes=0 decMs=0
[OTS] f=256680 calls=2 n0=2297 n1=274 prims=61293 bb=160,1120,0,694
[OTT] walkUs=2088 texUs=122 emitUs=669 submitUs=229 otherUs=1067 prims=389 usPerPrim=5
[SH-XBOX] vblank 256800
[MEM] tick: free=4016KB (1004 pages)
[FT] avgMs=16 worstMs=53 gameMs=11 drawMs=5 swapWait=0ms draws=70 decodes=0 decMs=0
[OTS] f=256800 calls=2 n0=2303 n1=274 prims=60930 bb=160,1120,0,694
[OTT] walkUs=2072 texUs=125 emitUs=687 submitUs=188 otherUs=1070 prims=395 usPerPrim=5
[FT] avgMs=16 worstMs=49 gameMs=11 drawMs=5 swapWait=0ms draws=71 decodes=0 decMs=0
[OTS] f=256920 calls=2 n0=2300 n1=274 prims=61294 bb=160,1120,0,694
[OTT] walkUs=2548 texUs=124 emitUs=682 submitUs=269 otherUs=1472 prims=392 usPerPrim=6
[FT] avgMs=16 worstMs=44 gameMs=11 drawMs=5 swapWait=0ms draws=70 decodes=0 decMs=0
[OTS] f=257040 calls=2 n0=2299 n1=274 prims=60989 bb=160,1120,0,694
[OTT] walkUs=2016 texUs=127 emitUs=671 submitUs=295 otherUs=920 prims=391 usPerPrim=5
[FT] avgMs=16 worstMs=46 gameMs=11 drawMs=5 swapWait=0ms draws=70 decodes=0 decMs=0
[OTS] f=257160 calls=2 n0=2301 n1=274 prims=61268 bb=160,1120,0,694
[OTT] walkUs=2188 texUs=125 emitUs=685 submitUs=192 otherUs=1184 prims=393 usPerPrim=5
[FT] avgMs=16 worstMs=53 gameMs=11 drawMs=5 swapWait=0ms draws=71 decodes=0 decMs=0
[OTS] f=257280 calls=2 n0=2301 n1=274 prims=60990 bb=160,1120,0,694
[OTT] walkUs=1935 texUs=123 emitUs=681 submitUs=188 otherUs=942 prims=393 usPerPrim=4
[SH-XBOX] vblank 257400
[MEM] tick: free=4016KB (1004 pages)
[FT] avgMs=16 worstMs=49 gameMs=11 drawMs=5 swapWait=0ms draws=70 decodes=0 decMs=0
[OTS] f=257400 calls=2 n0=2300 n1=274 prims=61226 bb=160,1120,0,694
[OTT] walkUs=2193 texUs=124 emitUs=674 submitUs=293 otherUs=1101 prims=392 usPerPrim=5
[FT] avgMs=16 worstMs=44 gameMs=11 drawMs=5 swapWait=0ms draws=70 decodes=0 decMs=0
[OTS] f=257520 calls=2 n0=2299 n1=274 prims=61002 bb=160,1120,0,694
[OTT] walkUs=2273 texUs=134 emitUs=677 submitUs=377 otherUs=1084 prims=391 usPerPrim=5
[FT] avgMs=16 worstMs=46 gameMs=11 drawMs=5 swapWait=0ms draws=71 decodes=0 decMs=0
[OTS] f=257640 calls=2 n0=2300 n1=274 prims=61329 bb=160,1120,0,694
[OTT] walkUs=2171 texUs=124 emitUs=683 submitUs=326 otherUs=1036 prims=392 usPerPrim=5
[FT] avgMs=16 worstMs=52 gameMs=11 drawMs=5 swapWait=0ms draws=70 decodes=0 decMs=0
[OTS] f=257760 calls=2 n0=2298 n1=274 prims=60936 bb=160,1120,0,694
[OTT] walkUs=2219 texUs=124 emitUs=679 submitUs=194 otherUs=1221 prims=390 usPerPrim=5
[FT] avgMs=16 worstMs=48 gameMs=11 drawMs=5 swapWait=0ms draws=70 decodes=0 decMs=0
[OTS] f=257880 calls=2 n0=2299 n1=274 prims=61195 bb=160,1120,0,694
[OTT] walkUs=2328 texUs=124 emitUs=671 submitUs=184 otherUs=1348 prims=391 usPerPrim=5
[SH-XBOX] vblank 258000
[MEM] tick: free=4016KB (1004 pages)
[FT] avgMs=16 worstMs=44 gameMs=11 drawMs=5 swapWait=0ms draws=70 decodes=0 decMs=0
[OTS] f=258000 calls=2 n0=2297 n1=274 prims=61044 bb=160,1120,0,694
[OTT] walkUs=2362 texUs=123 emitUs=673 submitUs=451 otherUs=1113 prims=389 usPerPrim=6
[FT] avgMs=17 worstMs=80 gameMs=11 drawMs=5 swapWait=1ms draws=71 decodes=0 decMs=0
[OTS] f=258120 calls=2 n0=2304 n1=274 prims=61221 bb=160,1120,0,694
[OTT] walkUs=2332 texUs=126 emitUs=687 submitUs=199 otherUs=1318 prims=396 usPerPrim=5
[FT] avgMs=16 worstMs=53 gameMs=11 drawMs=5 swapWait=0ms draws=70 decodes=0 decMs=0
[OTS] f=258240 calls=2 n0=2297 n1=274 prims=61048 bb=160,1120,0,694
[OTT] walkUs=2167 texUs=123 emitUs=672 submitUs=394 otherUs=976 prims=389 usPerPrim=5
[FT] avgMs=16 worstMs=48 gameMs=11 drawMs=5 swapWait=1ms draws=71 decodes=0 decMs=0
[OTS] f=258360 calls=2 n0=2302 n1=274 prims=61164 bb=160,1120,0,694
[OTT] walkUs=2182 texUs=125 emitUs=682 submitUs=252 otherUs=1122 prims=394 usPerPrim=5
[FT] avgMs=16 worstMs=44 gameMs=11 drawMs=5 swapWait=1ms draws=71 decodes=0 decMs=0
[OTS] f=258480 calls=2 n0=2297 n1=274 prims=61260 bb=160,1120,0,694
[OTT] walkUs=2340 texUs=123 emitUs=672 submitUs=292 otherUs=1251 prims=389 usPerPrim=6
[SH-XBOX] vblank 258600
[MEM] tick: free=4016KB (1004 pages)
[FT] avgMs=16 worstMs=46 gameMs=11 drawMs=5 swapWait=0ms draws=70 decodes=0 decMs=0
[OTS] f=258600 calls=2 n0=2303 n1=274 prims=60959 bb=160,1120,0,694
[OTT] walkUs=2308 texUs=126 emitUs=685 submitUs=398 otherUs=1098 prims=395 usPerPrim=5
[FT] avgMs=16 worstMs=52 gameMs=11 drawMs=5 swapWait=0ms draws=71 decodes=0 decMs=0
[OTS] f=258720 calls=2 n0=2300 n1=274 prims=61283 bb=160,1120,0,694
[OTT] walkUs=1927 texUs=124 emitUs=682 submitUs=196 otherUs=923 prims=392 usPerPrim=4
[FT] avgMs=16 worstMs=48 gameMs=11 drawMs=5 swapWait=0ms draws=70 decodes=0 decMs=0
[OTS] f=258840 calls=2 n0=2300 n1=274 prims=60981 bb=160,1120,0,694
[OTT] walkUs=1937 texUs=125 emitUs=675 submitUs=187 otherUs=949 prims=392 usPerPrim=4
[FT] avgMs=16 worstMs=44 gameMs=11 drawMs=5 swapWait=0ms draws=70 decodes=0 decMs=0
[OTS] f=258960 calls=2 n0=2299 n1=274 prims=61273 bb=160,1120,0,694
[OTT] walkUs=1989 texUs=123 emitUs=682 submitUs=189 otherUs=994 prims=391 usPerPrim=5
[FT] avgMs=16 worstMs=46 gameMs=11 drawMs=5 swapWait=0ms draws=71 decodes=0 decMs=0
[OTS] f=259080 calls=2 n0=2300 n1=274 prims=61001 bb=160,1120,0,694
[OTT] walkUs=2128 texUs=124 emitUs=678 submitUs=287 otherUs=1038 prims=392 usPerPrim=5
[SH-XBOX] vblank 259200
[MEM] tick: free=4016KB (1004 pages)
[FT] avgMs=16 worstMs=53 gameMs=11 drawMs=5 swapWait=1ms draws=71 decodes=0 decMs=0
[OTS] f=259200 calls=2 n0=2301 n1=274 prims=61329 bb=160,1120,0,694
[OTT] walkUs=2028 texUs=124 emitUs=683 submitUs=262 otherUs=958 prims=393 usPerPrim=5
[FT] avgMs=16 worstMs=48 gameMs=11 drawMs=5 swapWait=0ms draws=71 decodes=0 decMs=0
[OTS] f=259320 calls=2 n0=2301 n1=274 prims=61027 bb=160,1120,0,694
[OTT] walkUs=1917 texUs=125 emitUs=683 submitUs=220 otherUs=888 prims=393 usPerPrim=4
[FT] avgMs=16 worstMs=44 gameMs=11 drawMs=5 swapWait=0ms draws=70 decodes=0 decMs=0
[OTS] f=259440 calls=2 n0=2300 n1=274 prims=61209 bb=160,1120,0,694
[OTT] walkUs=2296 texUs=124 emitUs=678 submitUs=274 otherUs=1219 prims=392 usPerPrim=5
[FT] avgMs=16 worstMs=45 gameMs=11 drawMs=5 swapWait=0ms draws=71 decodes=0 decMs=0
[OTS] f=259560 calls=2 n0=2299 n1=274 prims=61021 bb=160,1120,0,694
[OTT] walkUs=2200 texUs=123 emitUs=678 submitUs=484 otherUs=914 prims=391 usPerPrim=5
[FT] avgMs=16 worstMs=53 gameMs=11 drawMs=5 swapWait=1ms draws=70 decodes=0 decMs=0
[OTS] f=259680 calls=2 n0=2300 n1=274 prims=61215 bb=160,1120,0,694
[OTT] walkUs=2341 texUs=125 emitUs=676 submitUs=175 otherUs=1363 prims=392 usPerPrim=5
[SH-XBOX] vblank 259800
[MEM] tick: free=4016KB (1004 pages)
[FT] avgMs=16 worstMs=49 gameMs=11 drawMs=5 swapWait=0ms draws=70 decodes=0 decMs=0
[OTS] f=259800 calls=2 n0=2299 n1=274 prims=61047 bb=160,1120,0,694
[OTT] walkUs=2229 texUs=123 emitUs=676 submitUs=184 otherUs=1245 prims=391 usPerPrim=5
[FT] avgMs=16 worstMs=44 gameMs=11 drawMs=5 swapWait=0ms draws=71 decodes=0 decMs=0
[OTS] f=259920 calls=2 n0=2303 n1=274 prims=61244 bb=160,1120,0,694
[OTT] walkUs=2170 texUs=124 emitUs=689 submitUs=201 otherUs=1154 prims=395 usPerPrim=5
[FT] avgMs=16 worstMs=46 gameMs=11 drawMs=5 swapWait=0ms draws=70 decodes=0 decMs=0
[OTS] f=260040 calls=2 n0=2297 n1=274 prims=61010 bb=160,1120,0,694
[OTT] walkUs=2230 texUs=122 emitUs=677 submitUs=356 otherUs=1074 prims=389 usPerPrim=5
[FT] avgMs=16 worstMs=18 gameMs=11 drawMs=5 swapWait=0ms draws=71 decodes=0 decMs=0
[OTS] f=260160 calls=2 n0=2302 n1=274 prims=61171 bb=160,1120,0,694
[OTT] walkUs=2213 texUs=125 emitUs=683 submitUs=194 otherUs=1208 prims=394 usPerPrim=5
[FT] avgMs=16 worstMs=48 gameMs=11 drawMs=5 swapWait=0ms draws=71 decodes=0 decMs=0
[OTS] f=260280 calls=2 n0=2296 n1=274 prims=61236 bb=160,1120,0,694
[OTT] walkUs=2198 texUs=125 emitUs=669 submitUs=282 otherUs=1120 prims=388 usPerPrim=5
[SH-XBOX] vblank 260400
[MEM] tick: free=4016KB (1004 pages)
[FT] avgMs=16 worstMs=44 gameMs=11 drawMs=5 swapWait=0ms draws=70 decodes=0 decMs=0
[OTS] f=260400 calls=2 n0=2298 n1=274 prims=60998 bb=160,1120,0,694
[OTT] walkUs=2154 texUs=124 emitUs=675 submitUs=263 otherUs=1091 prims=390 usPerPrim=5
[FT] avgMs=16 worstMs=46 gameMs=11 drawMs=5 swapWait=0ms draws=70 decodes=0 decMs=0
[OTS] f=260520 calls=2 n0=2296 n1=274 prims=61181 bb=160,1120,0,694
[OTT] walkUs=2285 texUs=123 emitUs=665 submitUs=285 otherUs=1210 prims=388 usPerPrim=5
[FT] avgMs=16 worstMs=54 gameMs=11 drawMs=5 swapWait=0ms draws=70 decodes=0 decMs=0
[OTS] f=260640 calls=2 n0=2302 n1=274 prims=61014 bb=160,1120,0,694
[OTT] walkUs=2202 texUs=125 emitUs=685 submitUs=466 otherUs=924 prims=394 usPerPrim=5
[FT] avgMs=16 worstMs=48 gameMs=11 drawMs=5 swapWait=0ms draws=71 decodes=0 decMs=0
[OTS] f=260760 calls=2 n0=2300 n1=274 prims=61323 bb=160,1120,0,694
[OTT] walkUs=2355 texUs=124 emitUs=679 submitUs=227 otherUs=1323 prims=392 usPerPrim=6
[FT] avgMs=16 worstMs=44 gameMs=11 drawMs=5 swapWait=0ms draws=70 decodes=0 decMs=0
[OTS] f=260880 calls=2 n0=2301 n1=274 prims=60899 bb=160,1120,0,694
[OTT] walkUs=2358 texUs=129 emitUs=684 submitUs=339 otherUs=1205 prims=393 usPerPrim=6
[SH-XBOX] vblank 261000
[MEM] tick: free=4016KB (1004 pages)
[FT] avgMs=16 worstMs=46 gameMs=11 drawMs=5 swapWait=0ms draws=71 decodes=0 decMs=0
[OTS] f=261000 calls=2 n0=2301 n1=274 prims=61328 bb=160,1120,0,694
[OTT] walkUs=2153 texUs=123 emitUs=684 submitUs=188 otherUs=1156 prims=393 usPerPrim=5
[FT] avgMs=16 worstMs=53 gameMs=11 drawMs=5 swapWait=0ms draws=70 decodes=0 decMs=0
[OTS] f=261120 calls=2 n0=2298 n1=274 prims=60998 bb=160,1120,0,694
[OTT] walkUs=1958 texUs=124 emitUs=675 submitUs=344 otherUs=814 prims=390 usPerPrim=5
[FT] avgMs=16 worstMs=49 gameMs=11 drawMs=5 swapWait=0ms draws=70 decodes=0 decMs=0
[OTS] f=261240 calls=2 n0=2302 n1=274 prims=61238 bb=160,1120,0,694
[OTT] walkUs=2539 texUs=127 emitUs=682 submitUs=427 otherUs=1301 prims=394 usPerPrim=6
[FT] avgMs=16 worstMs=44 gameMs=11 drawMs=5 swapWait=0ms draws=71 decodes=0 decMs=0
[OTS] f=261360 calls=2 n0=2300 n1=274 prims=61006 bb=160,1120,0,694
[OTT] walkUs=2127 texUs=123 emitUs=681 submitUs=215 otherUs=1106 prims=392 usPerPrim=5
[FT] avgMs=16 worstMs=46 gameMs=11 drawMs=5 swapWait=0ms draws=70 decodes=0 decMs=0
[OTS] f=261480 calls=2 n0=2298 n1=274 prims=61219 bb=160,1120,0,694
[OTT] walkUs=1881 texUs=124 emitUs=675 submitUs=181 otherUs=900 prims=390 usPerPrim=4
[SH-XBOX] vblank 261600
[MEM] tick: free=4016KB (1004 pages)
[FT] avgMs=16 worstMs=53 gameMs=11 drawMs=5 swapWait=0ms draws=70 decodes=0 decMs=0
[OTS] f=261600 calls=2 n0=2297 n1=274 prims=61048 bb=160,1120,0,694
[OTT] walkUs=2024 texUs=123 emitUs=673 submitUs=191 otherUs=1035 prims=389 usPerPrim=5
[FT] avgMs=16 worstMs=49 gameMs=11 drawMs=5 swapWait=0ms draws=71 decodes=0 decMs=0
[OTS] f=261720 calls=2 n0=2301 n1=274 prims=61253 bb=160,1120,0,694
[OTT] walkUs=1969 texUs=124 emitUs=685 submitUs=205 otherUs=954 prims=393 usPerPrim=5
[FT] avgMs=16 worstMs=44 gameMs=11 drawMs=5 swapWait=0ms draws=71 decodes=0 decMs=0
[OTS] f=261840 calls=2 n0=2298 n1=274 prims=61100 bb=160,1120,0,694
[OTT] walkUs=2244 texUs=122 emitUs=681 submitUs=410 otherUs=1030 prims=390 usPerPrim=5
[FT] avgMs=16 worstMs=46 gameMs=11 drawMs=5 swapWait=0ms draws=70 decodes=0 decMs=0
[OTS] f=261960 calls=2 n0=2302 n1=274 prims=61187 bb=160,1120,0,694
[OTT] walkUs=1878 texUs=125 emitUs=682 submitUs=194 otherUs=875 prims=394 usPerPrim=4
[FT] avgMs=16 worstMs=17 gameMs=11 drawMs=5 swapWait=0ms draws=70 decodes=0 decMs=0
[OTS] f=262080 calls=2 n0=2297 n1=274 prims=61100 bb=160,1120,0,694
[OTT] walkUs=2024 texUs=123 emitUs=676 submitUs=289 otherUs=935 prims=389 usPerPrim=5
[SH-XBOX] vblank 262200
[MEM] tick: free=4016KB (1004 pages)
[FT] avgMs=16 worstMs=48 gameMs=11 drawMs=5 swapWait=0ms draws=71 decodes=0 decMs=0
[OTS] f=262200 calls=2 n0=2302 n1=274 prims=61162 bb=160,1120,0,694
[OTT] walkUs=2067 texUs=124 emitUs=684 submitUs=234 otherUs=1023 prims=394 usPerPrim=5
[FT] avgMs=16 worstMs=44 gameMs=11 drawMs=5 swapWait=0ms draws=70 decodes=0 decMs=0
[OTS] f=262320 calls=2 n0=2295 n1=274 prims=61127 bb=160,1120,0,694
[OTT] walkUs=2158 texUs=123 emitUs=670 submitUs=375 otherUs=988 prims=387 usPerPrim=5
[FT] avgMs=16 worstMs=46 gameMs=11 drawMs=5 swapWait=0ms draws=70 decodes=0 decMs=0
[OTS] f=262440 calls=2 n0=2302 n1=274 prims=61069 bb=160,1120,0,694
[OTT] walkUs=2047 texUs=125 emitUs=687 submitUs=365 otherUs=868 prims=394 usPerPrim=5
[FT] avgMs=16 worstMs=53 gameMs=11 drawMs=5 swapWait=0ms draws=71 decodes=0 decMs=0
[OTS] f=262560 calls=2 n0=2300 n1=274 prims=61308 bb=160,1120,0,694
[OTT] walkUs=2199 texUs=124 emitUs=679 submitUs=558 otherUs=837 prims=392 usPerPrim=5
[FT] avgMs=16 worstMs=48 gameMs=11 drawMs=5 swapWait=0ms draws=70 decodes=0 decMs=0
[OTS] f=262680 calls=2 n0=2302 n1=274 prims=60907 bb=160,1120,0,694
[OTT] walkUs=2143 texUs=125 emitUs=684 submitUs=193 otherUs=1140 prims=394 usPerPrim=5
[SH-XBOX] vblank 262800
[MEM] tick: free=4016KB (1004 pages)
[FT] avgMs=16 worstMs=44 gameMs=11 drawMs=5 swapWait=0ms draws=71 decodes=0 decMs=0
[OTS] f=262800 calls=2 n0=2299 n1=274 prims=61317 bb=160,1120,0,694
[OTT] walkUs=2186 texUs=124 emitUs=679 submitUs=200 otherUs=1182 prims=391 usPerPrim=5
[FT] avgMs=16 worstMs=46 gameMs=11 drawMs=5 swapWait=0ms draws=70 decodes=0 decMs=0
[OTS] f=262920 calls=2 n0=2297 n1=274 prims=60997 bb=160,1120,0,694
[OTT] walkUs=2204 texUs=124 emitUs=664 submitUs=312 otherUs=1102 prims=389 usPerPrim=5
[FT] avgMs=16 worstMs=53 gameMs=11 drawMs=5 swapWait=0ms draws=70 decodes=0 decMs=0
[OTS] f=263040 calls=2 n0=2301 n1=274 prims=61235 bb=160,1120,0,694
[OTT] walkUs=2165 texUs=124 emitUs=686 submitUs=320 otherUs=1033 prims=393 usPerPrim=5
[FT] avgMs=16 worstMs=49 gameMs=11 drawMs=5 swapWait=1ms draws=70 decodes=0 decMs=0
[OTS] f=263160 calls=2 n0=2300 n1=274 prims=60900 bb=160,1120,0,694
[OTT] walkUs=2280 texUs=125 emitUs=686 submitUs=318 otherUs=1149 prims=392 usPerPrim=5
[FT] avgMs=16 worstMs=44 gameMs=11 drawMs=5 swapWait=0ms draws=70 decodes=0 decMs=0
[OTS] f=263280 calls=2 n0=2300 n1=274 prims=61306 bb=160,1120,0,694
[OTT] walkUs=2255 texUs=127 emitUs=677 submitUs=302 otherUs=1147 prims=392 usPerPrim=5
[SH-XBOX] vblank 263400
[MEM] tick: free=4016KB (1004 pages)
[FT] avgMs=16 worstMs=45 gameMs=11 drawMs=5 swapWait=0ms draws=71 decodes=0 decMs=0
[OTS] f=263400 calls=2 n0=2299 n1=274 prims=61051 bb=160,1120,0,694
[OTT] walkUs=2134 texUs=126 emitUs=676 submitUs=278 otherUs=1052 prims=391 usPerPrim=5
[FT] avgMs=16 worstMs=54 gameMs=11 drawMs=5 swapWait=0ms draws=70 decodes=0 decMs=0
[OTS] f=263520 calls=2 n0=2302 n1=274 prims=61157 bb=160,1120,0,694
[OTT] walkUs=2316 texUs=125 emitUs=686 submitUs=423 otherUs=1081 prims=394 usPerPrim=5
[FT] avgMs=16 worstMs=49 gameMs=11 drawMs=5 swapWait=0ms draws=71 decodes=0 decMs=0
[OTS] f=263640 calls=2 n0=2300 n1=274 prims=61083 bb=160,1120,0,694
[OTT] walkUs=2347 texUs=123 emitUs=678 submitUs=193 otherUs=1351 prims=392 usPerPrim=5
[FT] avgMs=16 worstMs=45 gameMs=11 drawMs=5 swapWait=0ms draws=70 decodes=0 decMs=0
[OTS] f=263760 calls=2 n0=2301 n1=274 prims=61198 bb=160,1120,0,694
[OTT] walkUs=2065 texUs=125 emitUs=680 submitUs=311 otherUs=947 prims=393 usPerPrim=5
[FT] avgMs=16 worstMs=46 gameMs=11 drawMs=5 swapWait=0ms draws=70 decodes=0 decMs=0
[OTS] f=263880 calls=2 n0=2297 n1=274 prims=61078 bb=160,1120,0,694
[OTT] walkUs=2354 texUs=123 emitUs=681 submitUs=477 otherUs=1072 prims=389 usPerPrim=6
[SH-XBOX] vblank 264000
[MEM] tick: free=4016KB (1004 pages)
[FT] avgMs=16 worstMs=53 gameMs=11 drawMs=5 swapWait=0ms draws=71 decodes=0 decMs=0
[OTS] f=264000 calls=2 n0=2302 n1=274 prims=61171 bb=160,1120,0,694
[OTT] walkUs=1966 texUs=126 emitUs=683 submitUs=193 otherUs=964 prims=394 usPerPrim=4
[FT] avgMs=16 worstMs=17 gameMs=11 drawMs=5 swapWait=0ms draws=70 decodes=0 decMs=0
[OTS] f=264120 calls=2 n0=2294 n1=274 prims=61088 bb=160,1120,0,694
[OTT] walkUs=1972 texUs=122 emitUs=662 submitUs=260 otherUs=926 prims=386 usPerPrim=5
[FT] avgMs=16 worstMs=44 gameMs=11 drawMs=5 swapWait=0ms draws=70 decodes=0 decMs=0
[OTS] f=264240 calls=2 n0=2297 n1=274 prims=61125 bb=160,1120,0,694
[OTT] walkUs=1948 texUs=122 emitUs=668 submitUs=199 otherUs=958 prims=389 usPerPrim=5
[FT] avgMs=16 worstMs=46 gameMs=11 drawMs=5 swapWait=0ms draws=71 decodes=0 decMs=0
[OTS] f=264360 calls=2 n0=2298 n1=274 prims=61287 bb=160,1120,0,694
[OTT] walkUs=2347 texUs=123 emitUs=680 submitUs=259 otherUs=1283 prims=390 usPerPrim=6
[FT] avgMs=16 worstMs=53 gameMs=11 drawMs=5 swapWait=0ms draws=71 decodes=0 decMs=0
[OTS] f=264480 calls=2 n0=2303 n1=274 prims=61054 bb=160,1120,0,694
[OTT] walkUs=1975 texUs=126 emitUs=731 submitUs=215 otherUs=902 prims=395 usPerPrim=5
[SH-XBOX] vblank 264600
[MEM] tick: free=4016KB (1004 pages)
[FT] avgMs=16 worstMs=49 gameMs=11 drawMs=5 swapWait=1ms draws=70 decodes=0 decMs=0
[OTS] f=264600 calls=2 n0=2298 n1=274 prims=61241 bb=160,1120,0,694
[OTT] walkUs=2037 texUs=125 emitUs=674 submitUs=210 otherUs=1026 prims=390 usPerPrim=5
[FT] avgMs=16 worstMs=44 gameMs=11 drawMs=5 swapWait=0ms draws=70 decodes=0 decMs=0
[OTS] f=264720 calls=2 n0=2300 n1=274 prims=60975 bb=160,1120,0,694
[OTT] walkUs=2084 texUs=124 emitUs=685 submitUs=243 otherUs=1031 prims=392 usPerPrim=5
[FT] avgMs=16 worstMs=46 gameMs=11 drawMs=5 swapWait=0ms draws=71 decodes=0 decMs=0
[OTS] f=264840 calls=2 n0=2301 n1=274 prims=61337 bb=160,1120,0,694
[OTT] walkUs=2543 texUs=125 emitUs=687 submitUs=228 otherUs=1501 prims=393 usPerPrim=6
[FT] avgMs=16 worstMs=53 gameMs=11 drawMs=5 swapWait=0ms draws=70 decodes=0 decMs=0
[OTS] f=264960 calls=2 n0=2301 n1=274 prims=60862 bb=160,1120,0,694
[OTT] walkUs=2416 texUs=124 emitUs=679 submitUs=191 otherUs=1420 prims=393 usPerPrim=6
[FT] avgMs=16 worstMs=49 gameMs=11 drawMs=5 swapWait=0ms draws=71 decodes=0 decMs=0
[OTS] f=265080 calls=2 n0=2302 n1=274 prims=61344 bb=160,1120,0,694
[OTT] walkUs=1902 texUs=128 emitUs=688 submitUs=205 otherUs=880 prims=394 usPerPrim=4
[SH-XBOX] vblank 265200
[MEM] tick: free=4016KB (1004 pages)
[FT] avgMs=16 worstMs=45 gameMs=11 drawMs=5 swapWait=0ms draws=71 decodes=0 decMs=0
[OTS] f=265200 calls=2 n0=2300 n1=274 prims=61036 bb=160,1120,0,694
[OTT] walkUs=2208 texUs=124 emitUs=678 submitUs=324 otherUs=1081 prims=392 usPerPrim=5
[FT] avgMs=16 worstMs=46 gameMs=11 drawMs=5 swapWait=0ms draws=70 decodes=0 decMs=0
[OTS] f=265320 calls=2 n0=2300 n1=274 prims=61177 bb=160,1120,0,694
[OTT] walkUs=2143 texUs=124 emitUs=682 submitUs=419 otherUs=916 prims=392 usPerPrim=5
[FT] avgMs=16 worstMs=54 gameMs=11 drawMs=5 swapWait=0ms draws=71 decodes=0 decMs=0
[OTS] f=265440 calls=2 n0=2298 n1=274 prims=61064 bb=160,1120,0,694
[OTT] walkUs=2003 texUs=126 emitUs=676 submitUs=222 otherUs=977 prims=390 usPerPrim=5
[FT] avgMs=16 worstMs=49 gameMs=11 drawMs=5 swapWait=0ms draws=70 decodes=0 decMs=0
[OTS] f=265560 calls=2 n0=2298 n1=274 prims=61197 bb=160,1120,0,694
[OTT] walkUs=2245 texUs=124 emitUs=667 submitUs=323 otherUs=1130 prims=390 usPerPrim=5
[FT] avgMs=16 worstMs=45 gameMs=11 drawMs=5 swapWait=0ms draws=70 decodes=0 decMs=0
[OTS] f=265680 calls=2 n0=2298 n1=274 prims=61054 bb=160,1120,0,694
[OTT] walkUs=2210 texUs=123 emitUs=677 submitUs=232 otherUs=1176 prims=390 usPerPrim=5
[SH-XBOX] vblank 265800
[MEM] tick: free=4016KB (1004 pages)
[FT] avgMs=16 worstMs=46 gameMs=11 drawMs=5 swapWait=0ms draws=70 decodes=0 decMs=0
[OTS] f=265800 calls=2 n0=2304 n1=274 prims=61081 bb=160,1120,0,694
[OTT] walkUs=2162 texUs=125 emitUs=690 submitUs=189 otherUs=1156 prims=396 usPerPrim=5
[FT] avgMs=17 worstMs=65 gameMs=11 drawMs=5 swapWait=0ms draws=71 decodes=0 decMs=0
[OTS] f=265920 calls=2 n0=2297 n1=274 prims=61176 bb=160,1120,0,694
[OTT] walkUs=2248 texUs=123 emitUs=675 submitUs=371 otherUs=1077 prims=389 usPerPrim=5
[FT] avgMs=16 worstMs=17 gameMs=11 drawMs=5 swapWait=0ms draws=71 decodes=0 decMs=0
[OTS] f=266040 calls=2 n0=2301 n1=274 prims=61176 bb=160,1120,0,694
[OTT] walkUs=2360 texUs=125 emitUs=680 submitUs=465 otherUs=1089 prims=393 usPerPrim=6
[FT] avgMs=16 worstMs=50 gameMs=11 drawMs=5 swapWait=0ms draws=70 decodes=0 decMs=0
[OTS] f=266160 calls=2 n0=2297 n1=274 prims=61117 bb=160,1120,0,694
[OTT] walkUs=2129 texUs=122 emitUs=671 submitUs=343 otherUs=991 prims=389 usPerPrim=5
[FT] avgMs=16 worstMs=46 gameMs=11 drawMs=5 swapWait=0ms draws=71 decodes=0 decMs=0
[OTS] f=266280 calls=2 n0=2303 n1=274 prims=61087 bb=160,1120,0,694
[OTT] walkUs=2159 texUs=125 emitUs=685 submitUs=210 otherUs=1137 prims=395 usPerPrim=5
[SH-XBOX] vblank 266400
[MEM] tick: free=4016KB (1004 pages)
[FT] avgMs=16 worstMs=53 gameMs=11 drawMs=5 swapWait=1ms draws=70 decodes=0 decMs=0
[OTS] f=266400 calls=2 n0=2298 n1=274 prims=61213 bb=160,1120,0,694
[OTT] walkUs=2441 texUs=124 emitUs=670 submitUs=320 otherUs=1325 prims=390 usPerPrim=6
[FT] avgMs=16 worstMs=49 gameMs=11 drawMs=5 swapWait=0ms draws=70 decodes=0 decMs=0
[OTS] f=266520 calls=2 n0=2301 n1=274 prims=61005 bb=160,1120,0,694
[OTT] walkUs=2336 texUs=125 emitUs=681 submitUs=264 otherUs=1265 prims=393 usPerPrim=5
[FT] avgMs=16 worstMs=44 gameMs=11 drawMs=5 swapWait=0ms draws=71 decodes=0 decMs=0
[OTS] f=266640 calls=2 n0=2299 n1=274 prims=61322 bb=160,1120,0,694
[OTT] walkUs=2368 texUs=123 emitUs=680 submitUs=405 otherUs=1160 prims=391 usPerPrim=6
[FT] avgMs=16 worstMs=46 gameMs=11 drawMs=5 swapWait=0ms draws=70 decodes=0 decMs=0
[OTS] f=266760 calls=2 n0=2300 n1=274 prims=60873 bb=160,1120,0,694
[OTT] walkUs=2343 texUs=124 emitUs=678 submitUs=212 otherUs=1327 prims=392 usPerPrim=5
[FT] avgMs=16 worstMs=53 gameMs=11 drawMs=5 swapWait=0ms draws=71 decodes=0 decMs=0
[OTS] f=266880 calls=2 n0=2301 n1=274 prims=61329 bb=160,1120,0,694
[OTT] walkUs=2077 texUs=128 emitUs=682 submitUs=327 otherUs=937 prims=393 usPerPrim=5
[SH-XBOX] vblank 267000
[MEM] tick: free=4016KB (1004 pages)
[FT] avgMs=16 worstMs=49 gameMs=11 drawMs=5 swapWait=0ms draws=71 decodes=0 decMs=0
[OTS] f=267000 calls=2 n0=2302 n1=274 prims=61048 bb=160,1120,0,694
[OTT] walkUs=2143 texUs=129 emitUs=683 submitUs=246 otherUs=1084 prims=394 usPerPrim=5
[FT] avgMs=16 worstMs=45 gameMs=11 drawMs=5 swapWait=0ms draws=71 decodes=0 decMs=0
[OTS] f=267120 calls=2 n0=2300 n1=274 prims=61316 bb=160,1120,0,694
[OTT] walkUs=2203 texUs=123 emitUs=684 submitUs=194 otherUs=1200 prims=392 usPerPrim=5
[FT] avgMs=16 worstMs=46 gameMs=11 drawMs=5 swapWait=0ms draws=70 decodes=0 decMs=0
[OTS] f=267240 calls=2 n0=2297 n1=274 prims=60936 bb=160,1120,0,694
[OTT] walkUs=2001 texUs=123 emitUs=667 submitUs=207 otherUs=1002 prims=389 usPerPrim=5
[FT] avgMs=16 worstMs=53 gameMs=11 drawMs=5 swapWait=0ms draws=70 decodes=0 decMs=0
[OTS] f=267360 calls=2 n0=2301 n1=274 prims=61248 bb=160,1120,0,694
[OTT] walkUs=2023 texUs=127 emitUs=678 submitUs=217 otherUs=999 prims=393 usPerPrim=5
[FT] avgMs=16 worstMs=49 gameMs=11 drawMs=5 swapWait=0ms draws=71 decodes=0 decMs=0
[OTS] f=267480 calls=2 n0=2300 n1=274 prims=61107 bb=160,1120,0,694
[OTT] walkUs=1907 texUs=124 emitUs=678 submitUs=208 otherUs=895 prims=392 usPerPrim=4
[SH-XBOX] vblank 267600
[MEM] tick: free=4016KB (1004 pages)
[FT] avgMs=16 worstMs=45 gameMs=11 drawMs=5 swapWait=0ms draws=70 decodes=0 decMs=0
[OTS] f=267600 calls=2 n0=2303 n1=274 prims=61108 bb=160,1120,0,694
[OTT] walkUs=2258 texUs=125 emitUs=688 submitUs=245 otherUs=1199 prims=395 usPerPrim=5
[FT] avgMs=16 worstMs=46 gameMs=11 drawMs=5 swapWait=0ms draws=71 decodes=0 decMs=0
[OTS] f=267720 calls=2 n0=2297 n1=274 prims=61138 bb=160,1120,0,694
[OTT] walkUs=2069 texUs=122 emitUs=673 submitUs=227 otherUs=1045 prims=389 usPerPrim=5
[FT] avgMs=16 worstMs=54 gameMs=11 drawMs=5 swapWait=0ms draws=70 decodes=0 decMs=0
[OTS] f=267840 calls=2 n0=2299 n1=274 prims=61183 bb=160,1120,0,694
[OTT] walkUs=2072 texUs=124 emitUs=673 submitUs=196 otherUs=1077 prims=391 usPerPrim=5
[FT] avgMs=16 worstMs=49 gameMs=11 drawMs=5 swapWait=0ms draws=70 decodes=0 decMs=0
[OTS] f=267960 calls=2 n0=2296 n1=274 prims=61096 bb=160,1120,0,694
[OTT] walkUs=2126 texUs=122 emitUs=672 submitUs=377 otherUs=955 prims=388 usPerPrim=5
[FT] avgMs=16 worstMs=45 gameMs=11 drawMs=5 swapWait=1ms draws=71 decodes=0 decMs=0
[OTS] f=268080 calls=2 n0=2298 n1=274 prims=61125 bb=160,1120,0,694
[OTT] walkUs=1970 texUs=123 emitUs=678 submitUs=198 otherUs=969 prims=390 usPerPrim=5
[SH-XBOX] vblank 268200
[MEM] tick: free=4016KB (1004 pages)
[FT] avgMs=16 worstMs=46 gameMs=11 drawMs=5 swapWait=0ms draws=70 decodes=0 decMs=0
[OTS] f=268200 calls=2 n0=2296 n1=274 prims=61181 bb=160,1120,0,694
[OTT] walkUs=2207 texUs=122 emitUs=664 submitUs=179 otherUs=1240 prims=388 usPerPrim=5
[FT] avgMs=16 worstMs=54 gameMs=11 drawMs=5 swapWait=0ms draws=70 decodes=0 decMs=0
[OTS] f=268320 calls=2 n0=2303 n1=274 prims=61041 bb=160,1120,0,694
[OTT] walkUs=2191 texUs=124 emitUs=685 submitUs=302 otherUs=1079 prims=395 usPerPrim=5
[FT] avgMs=16 worstMs=48 gameMs=11 drawMs=5 swapWait=0ms draws=70 decodes=0 decMs=0
[OTS] f=268440 calls=2 n0=2300 n1=274 prims=61167 bb=160,1120,0,694
[OTT] walkUs=2198 texUs=123 emitUs=686 submitUs=383 otherUs=1004 prims=392 usPerPrim=5
[FT] avgMs=16 worstMs=45 gameMs=11 drawMs=5 swapWait=0ms draws=71 decodes=0 decMs=0
[OTS] f=268560 calls=2 n0=2301 n1=274 prims=61027 bb=160,1120,0,694
[OTT] walkUs=2079 texUs=124 emitUs=682 submitUs=283 otherUs=989 prims=393 usPerPrim=5
[FT] avgMs=16 worstMs=46 gameMs=11 drawMs=5 swapWait=0ms draws=70 decodes=0 decMs=0
[OTS] f=268680 calls=2 n0=2299 n1=274 prims=61307 bb=160,1120,0,694
[OTT] walkUs=2084 texUs=124 emitUs=678 submitUs=228 otherUs=1053 prims=391 usPerPrim=5
[SH-XBOX] vblank 268800
[MEM] tick: free=4016KB (1004 pages)
[FT] avgMs=16 worstMs=53 gameMs=11 drawMs=5 swapWait=0ms draws=70 decodes=0 decMs=0
[OTS] f=268800 calls=2 n0=2301 n1=274 prims=60914 bb=160,1120,0,694
[OTT] walkUs=2234 texUs=124 emitUs=680 submitUs=341 otherUs=1086 prims=393 usPerPrim=5
[FT] avgMs=16 worstMs=49 gameMs=11 drawMs=5 swapWait=1ms draws=71 decodes=0 decMs=0
[OTS] f=268920 calls=2 n0=2302 n1=274 prims=61345 bb=160,1120,0,694
[OTT] walkUs=2256 texUs=125 emitUs=681 submitUs=191 otherUs=1258 prims=394 usPerPrim=5
[FT] avgMs=16 worstMs=44 gameMs=11 drawMs=5 swapWait=0ms draws=70 decodes=0 decMs=0
[OTS] f=269040 calls=2 n0=2298 n1=274 prims=60904 bb=160,1120,0,694
[OTT] walkUs=2316 texUs=124 emitUs=669 submitUs=188 otherUs=1334 prims=390 usPerPrim=5
[FT] avgMs=16 worstMs=47 gameMs=11 drawMs=5 swapWait=0ms draws=70 decodes=0 decMs=0
[OTS] f=269160 calls=2 n0=2299 n1=274 prims=61289 bb=160,1120,0,694
[OTT] walkUs=2212 texUs=125 emitUs=673 submitUs=398 otherUs=1015 prims=391 usPerPrim=5
[FT] avgMs=16 worstMs=53 gameMs=11 drawMs=5 swapWait=0ms draws=71 decodes=0 decMs=0
[OTS] f=269280 calls=2 n0=2298 n1=274 prims=61084 bb=160,1120,0,694
[OTT] walkUs=2361 texUs=122 emitUs=679 submitUs=214 otherUs=1344 prims=390 usPerPrim=6
[SH-XBOX] vblank 269400
[MEM] tick: free=4016KB (1004 pages)
[FT] avgMs=16 worstMs=49 gameMs=11 drawMs=5 swapWait=0ms draws=70 decodes=0 decMs=0
[OTS] f=269400 calls=2 n0=2301 n1=274 prims=61121 bb=160,1120,0,694
[OTT] walkUs=2077 texUs=124 emitUs=684 submitUs=298 otherUs=969 prims=393 usPerPrim=5
[FT] avgMs=16 worstMs=44 gameMs=11 drawMs=5 swapWait=0ms draws=71 decodes=0 decMs=0
[OTS] f=269520 calls=2 n0=2298 n1=274 prims=61100 bb=160,1120,0,694
[OTT] walkUs=2188 texUs=124 emitUs=677 submitUs=513 otherUs=871 prims=390 usPerPrim=5
[FT] avgMs=16 worstMs=46 gameMs=11 drawMs=5 swapWait=0ms draws=71 decodes=0 decMs=0
[OTS] f=269640 calls=2 n0=2303 n1=274 prims=61231 bb=160,1120,0,694
[OTT] walkUs=2090 texUs=125 emitUs=688 submitUs=275 otherUs=1001 prims=395 usPerPrim=5
[FT] avgMs=16 worstMs=54 gameMs=11 drawMs=5 swapWait=0ms draws=71 decodes=0 decMs=0
[OTS] f=269760 calls=2 n0=2297 n1=274 prims=61184 bb=160,1120,0,694
[OTT] walkUs=2347 texUs=127 emitUs=676 submitUs=260 otherUs=1283 prims=389 usPerPrim=6
[FT] avgMs=16 worstMs=49 gameMs=11 drawMs=5 swapWait=0ms draws=70 decodes=0 decMs=0
[OTS] f=269880 calls=2 n0=2300 n1=274 prims=61044 bb=160,1120,0,694
[OTT] walkUs=2003 texUs=126 emitUs=681 submitUs=357 otherUs=838 prims=392 usPerPrim=5
[SH-XBOX] vblank 270000
[MEM] tick: free=4016KB (1004 pages)
[FT] avgMs=16 worstMs=45 gameMs=11 drawMs=5 swapWait=0ms draws=70 decodes=0 decMs=0
[OTS] f=270000 calls=2 n0=2297 n1=274 prims=61219 bb=160,1120,0,694
[OTT] walkUs=2156 texUs=123 emitUs=671 submitUs=175 otherUs=1185 prims=389 usPerPrim=5
[FT] avgMs=16 worstMs=46 gameMs=11 drawMs=5 swapWait=0ms draws=71 decodes=0 decMs=0
[OTS] f=270120 calls=2 n0=2303 n1=274 prims=61117 bb=160,1120,0,694
[OTT] walkUs=2041 texUs=125 emitUs=688 submitUs=300 otherUs=927 prims=395 usPerPrim=5
[FT] avgMs=16 worstMs=54 gameMs=11 drawMs=5 swapWait=0ms draws=70 decodes=0 decMs=0
[OTS] f=270240 calls=2 n0=2300 n1=274 prims=61155 bb=160,1120,0,694
[OTT] walkUs=1987 texUs=128 emitUs=677 submitUs=299 otherUs=881 prims=392 usPerPrim=5
[FT] avgMs=16 worstMs=49 gameMs=11 drawMs=5 swapWait=0ms draws=71 decodes=0 decMs=0
[OTS] f=270360 calls=2 n0=2302 n1=274 prims=61035 bb=160,1120,0,694
[OTT] walkUs=2042 texUs=124 emitUs=687 submitUs=244 otherUs=986 prims=394 usPerPrim=5
[FT] avgMs=16 worstMs=45 gameMs=11 drawMs=5 swapWait=0ms draws=70 decodes=0 decMs=0
[OTS] f=270480 calls=2 n0=2296 n1=274 prims=61281 bb=160,1120,0,694
[OTT] walkUs=1994 texUs=124 emitUs=665 submitUs=458 otherUs=746 prims=388 usPerPrim=5
[SH-XBOX] vblank 270600
[MEM] tick: free=4016KB (1004 pages)
[FT] avgMs=16 worstMs=52 gameMs=11 drawMs=5 swapWait=0ms draws=70 decodes=0 decMs=0
[OTS] f=270600 calls=2 n0=2300 n1=274 prims=60941 bb=160,1120,0,694
[OTT] walkUs=2188 texUs=124 emitUs=700 submitUs=249 otherUs=1113 prims=392 usPerPrim=5
[FT] avgMs=16 worstMs=47 gameMs=11 drawMs=5 swapWait=0ms draws=71 decodes=0 decMs=0
[OTS] f=270720 calls=2 n0=2301 n1=274 prims=61330 bb=160,1120,0,694
[OTT] walkUs=2091 texUs=124 emitUs=680 submitUs=297 otherUs=989 prims=393 usPerPrim=5
[FT] avgMs=16 worstMs=43 gameMs=11 drawMs=5 swapWait=0ms draws=70 decodes=0 decMs=0
[OTS] f=270840 calls=2 n0=2300 n1=274 prims=60900 bb=160,1120,0,694
[OTT] walkUs=2074 texUs=125 emitUs=682 submitUs=203 otherUs=1063 prims=392 usPerPrim=5
[FT] avgMs=16 worstMs=45 gameMs=11 drawMs=5 swapWait=0ms draws=70 decodes=0 decMs=0
[OTS] f=270960 calls=2 n0=2299 n1=274 prims=61320 bb=160,1120,0,694
[OTT] walkUs=2431 texUs=124 emitUs=678 submitUs=390 otherUs=1239 prims=391 usPerPrim=6
[FT] avgMs=16 worstMs=52 gameMs=11 drawMs=5 swapWait=0ms draws=70 decodes=0 decMs=0
[OTS] f=271080 calls=2 n0=2299 n1=274 prims=60910 bb=160,1120,0,694
[OTT] walkUs=2019 texUs=123 emitUs=679 submitUs=294 otherUs=921 prims=391 usPerPrim=5
[SH-XBOX] vblank 271200
[MEM] tick: free=4016KB (1004 pages)
[FT] avgMs=16 worstMs=48 gameMs=11 drawMs=5 swapWait=0ms draws=71 decodes=0 decMs=0
[OTS] f=271200 calls=2 n0=2302 n1=274 prims=61284 bb=160,1120,0,694
[OTT] walkUs=2233 texUs=129 emitUs=683 submitUs=271 otherUs=1148 prims=394 usPerPrim=5
[FT] avgMs=16 worstMs=43 gameMs=11 drawMs=5 swapWait=0ms draws=70 decodes=0 decMs=0
[OTS] f=271320 calls=2 n0=2298 n1=274 prims=61029 bb=160,1120,0,694
[OTT] walkUs=2229 texUs=125 emitUs=669 submitUs=294 otherUs=1140 prims=390 usPerPrim=5
[FT] avgMs=16 worstMs=45 gameMs=11 drawMs=5 swapWait=0ms draws=70 decodes=0 decMs=0
[OTS] f=271440 calls=2 n0=2302 n1=274 prims=61189 bb=160,1120,0,694
[OTT] walkUs=2221 texUs=125 emitUs=685 submitUs=316 otherUs=1092 prims=394 usPerPrim=5
[FT] avgMs=16 worstMs=52 gameMs=11 drawMs=5 swapWait=0ms draws=71 decodes=0 decMs=0
[OTS] f=271560 calls=2 n0=2297 n1=274 prims=61141 bb=160,1120,0,694
[OTT] walkUs=2212 texUs=122 emitUs=675 submitUs=232 otherUs=1182 prims=389 usPerPrim=5
[FT] avgMs=16 worstMs=48 gameMs=11 drawMs=5 swapWait=0ms draws=70 decodes=0 decMs=0
[OTS] f=271680 calls=2 n0=2302 n1=274 prims=61043 bb=160,1120,0,694
[OTT] walkUs=2256 texUs=125 emitUs=687 submitUs=343 otherUs=1101 prims=394 usPerPrim=5
[SH-XBOX] vblank 271800
[MEM] tick: free=4016KB (1004 pages)
[FT] avgMs=16 worstMs=43 gameMs=11 drawMs=5 swapWait=1ms draws=71 decodes=0 decMs=0
[OTS] f=271800 calls=2 n0=2296 n1=274 prims=61206 bb=160,1120,0,694
[OTT] walkUs=2559 texUs=122 emitUs=674 submitUs=488 otherUs=1273 prims=388 usPerPrim=6
[FT] avgMs=16 worstMs=45 gameMs=11 drawMs=5 swapWait=1ms draws=71 decodes=0 decMs=0
[OTS] f=271920 calls=2 n0=2298 n1=274 prims=61155 bb=160,1120,0,694
[OTT] walkUs=2319 texUs=123 emitUs=681 submitUs=254 otherUs=1260 prims=390 usPerPrim=5
[FT] avgMs=16 worstMs=52 gameMs=11 drawMs=5 swapWait=0ms draws=70 decodes=0 decMs=0
[OTS] f=272040 calls=2 n0=2298 n1=274 prims=61139 bb=160,1120,0,694
[OTT] walkUs=2368 texUs=123 emitUs=679 submitUs=495 otherUs=1069 prims=390 usPerPrim=6
[FT] avgMs=16 worstMs=48 gameMs=11 drawMs=5 swapWait=0ms draws=71 decodes=0 decMs=0
[OTS] f=272160 calls=2 n0=2303 n1=274 prims=61053 bb=160,1120,0,694
[OTT] walkUs=2262 texUs=126 emitUs=699 submitUs=305 otherUs=1131 prims=395 usPerPrim=5
[FT] avgMs=16 worstMs=44 gameMs=11 drawMs=5 swapWait=0ms draws=71 decodes=0 decMs=0
[OTS] f=272280 calls=2 n0=2299 n1=274 prims=61301 bb=160,1120,0,694
[OTT] walkUs=2297 texUs=124 emitUs=674 submitUs=254 otherUs=1244 prims=391 usPerPrim=5
[SH-XBOX] vblank 272400
[MEM] tick: free=4016KB (1004 pages)
[FT] avgMs=16 worstMs=45 gameMs=11 drawMs=5 swapWait=0ms draws=71 decodes=0 decMs=0
[OTS] f=272400 calls=2 n0=2301 n1=274 prims=61050 bb=160,1120,0,694
[OTT] walkUs=1843 texUs=125 emitUs=680 submitUs=196 otherUs=841 prims=393 usPerPrim=4
[FT] avgMs=16 worstMs=52 gameMs=11 drawMs=5 swapWait=0ms draws=70 decodes=0 decMs=0
[OTS] f=272520 calls=2 n0=2301 n1=274 prims=61201 bb=160,1120,0,694
[OTT] walkUs=2001 texUs=125 emitUs=684 submitUs=215 otherUs=975 prims=393 usPerPrim=5
[FT] avgMs=16 worstMs=48 gameMs=11 drawMs=5 swapWait=0ms draws=71 decodes=0 decMs=0
[OTS] f=272640 calls=2 n0=2301 n1=274 prims=60990 bb=160,1120,0,694
[OTT] walkUs=2012 texUs=124 emitUs=684 submitUs=184 otherUs=1018 prims=393 usPerPrim=5
[FT] avgMs=16 worstMs=44 gameMs=11 drawMs=5 swapWait=0ms draws=71 decodes=0 decMs=0
[OTS] f=272760 calls=2 n0=2301 n1=274 prims=61363 bb=160,1120,0,694
[OTT] walkUs=2071 texUs=129 emitUs=682 submitUs=238 otherUs=1020 prims=393 usPerPrim=5
[FT] avgMs=16 worstMs=45 gameMs=11 drawMs=5 swapWait=0ms draws=70 decodes=0 decMs=0
[OTS] f=272880 calls=2 n0=2300 n1=274 prims=60890 bb=160,1120,0,694
[OTT] walkUs=1998 texUs=124 emitUs=678 submitUs=197 otherUs=996 prims=392 usPerPrim=5
[SH-XBOX] vblank 273000
[MEM] tick: free=4016KB (1004 pages)
[FT] avgMs=16 worstMs=52 gameMs=11 drawMs=5 swapWait=0ms draws=71 decodes=0 decMs=0
[OTS] f=273000 calls=2 n0=2300 n1=274 prims=61306 bb=160,1120,0,694
[OTT] walkUs=2177 texUs=128 emitUs=681 submitUs=185 otherUs=1183 prims=392 usPerPrim=5
[FT] avgMs=16 worstMs=48 gameMs=11 drawMs=5 swapWait=0ms draws=70 decodes=0 decMs=0
[OTS] f=273120 calls=2 n0=2296 n1=274 prims=60994 bb=160,1120,0,694
[OTT] walkUs=2245 texUs=123 emitUs=664 submitUs=188 otherUs=1269 prims=388 usPerPrim=5
[FT] avgMs=16 worstMs=44 gameMs=11 drawMs=5 swapWait=0ms draws=70 decodes=0 decMs=0
[OTS] f=273240 calls=2 n0=2301 n1=274 prims=61221 bb=160,1120,0,694
[OTT] walkUs=2080 texUs=124 emitUs=683 submitUs=362 otherUs=910 prims=393 usPerPrim=5
[FT] avgMs=16 worstMs=45 gameMs=11 drawMs=5 swapWait=0ms draws=71 decodes=0 decMs=0
[OTS] f=273360 calls=2 n0=2298 n1=274 prims=61100 bb=160,1120,0,694
[OTT] walkUs=2271 texUs=123 emitUs=676 submitUs=279 otherUs=1191 prims=390 usPerPrim=5
[FT] avgMs=16 worstMs=52 gameMs=11 drawMs=5 swapWait=0ms draws=70 decodes=0 decMs=0
[OTS] f=273480 calls=2 n0=2304 n1=274 prims=61081 bb=160,1120,0,694
[OTT] walkUs=1937 texUs=125 emitUs=691 submitUs=200 otherUs=919 prims=396 usPerPrim=4
[SH-XBOX] vblank 273600
[MEM] tick: free=4016KB (1004 pages)
[FT] avgMs=16 worstMs=48 gameMs=11 drawMs=5 swapWait=0ms draws=70 decodes=0 decMs=0
[OTS] f=273600 calls=2 n0=2295 n1=274 prims=61170 bb=160,1120,0,694
[OTT] walkUs=2163 texUs=122 emitUs=669 submitUs=192 otherUs=1178 prims=387 usPerPrim=5
[FT] avgMs=17 worstMs=67 gameMs=11 drawMs=5 swapWait=0ms draws=70 decodes=0 decMs=0
[OTS] f=273720 calls=2 n0=2302 n1=274 prims=61070 bb=160,1120,0,694
[OTT] walkUs=2266 texUs=125 emitUs=686 submitUs=185 otherUs=1269 prims=394 usPerPrim=5
[FT] avgMs=16 worstMs=45 gameMs=11 drawMs=5 swapWait=0ms draws=71 decodes=0 decMs=0
[OTS] f=273840 calls=2 n0=2297 n1=274 prims=61229 bb=160,1120,0,694
[OTT] walkUs=2093 texUs=126 emitUs=672 submitUs=202 otherUs=1090 prims=389 usPerPrim=5
[FT] avgMs=16 worstMs=52 gameMs=11 drawMs=5 swapWait=0ms draws=70 decodes=0 decMs=0
[OTS] f=273960 calls=2 n0=2301 n1=274 prims=61001 bb=160,1120,0,694
[OTT] walkUs=2250 texUs=127 emitUs=677 submitUs=206 otherUs=1239 prims=393 usPerPrim=5
[FT] avgMs=16 worstMs=48 gameMs=11 drawMs=5 swapWait=0ms draws=70 decodes=0 decMs=0
[OTS] f=274080 calls=2 n0=2299 n1=274 prims=61251 bb=160,1120,0,694
[OTT] walkUs=2227 texUs=124 emitUs=673 submitUs=192 otherUs=1236 prims=391 usPerPrim=5
[SH-XBOX] vblank 274200
[MEM] tick: free=4016KB (1004 pages)
[FT] avgMs=16 worstMs=44 gameMs=11 drawMs=5 swapWait=1ms draws=71 decodes=0 decMs=0
[OTS] f=274200 calls=2 n0=2302 n1=274 prims=61055 bb=160,1120,0,694
[OTT] walkUs=2283 texUs=124 emitUs=684 submitUs=435 otherUs=1038 prims=394 usPerPrim=5
[FT] avgMs=16 worstMs=46 gameMs=11 drawMs=5 swapWait=0ms draws=70 decodes=0 decMs=0
[OTS] f=274320 calls=2 n0=2299 n1=274 prims=61189 bb=160,1120,0,694
[OTT] walkUs=2257 texUs=123 emitUs=676 submitUs=560 otherUs=897 prims=391 usPerPrim=5
[FT] avgMs=16 worstMs=52 gameMs=11 drawMs=5 swapWait=0ms draws=71 decodes=0 decMs=0
[OTS] f=274440 calls=2 n0=2300 n1=274 prims=61001 bb=160,1120,0,694
[OTT] walkUs=2214 texUs=125 emitUs=679 submitUs=285 otherUs=1124 prims=392 usPerPrim=5
[FT] avgMs=16 worstMs=48 gameMs=11 drawMs=5 swapWait=0ms draws=70 decodes=0 decMs=0
[OTS] f=274560 calls=2 n0=2298 n1=274 prims=61345 bb=160,1120,0,694
[OTT] walkUs=2385 texUs=124 emitUs=668 submitUs=433 otherUs=1158 prims=390 usPerPrim=6
[FT] avgMs=16 worstMs=43 gameMs=11 drawMs=5 swapWait=0ms draws=70 decodes=0 decMs=0
[OTS] f=274680 calls=2 n0=2302 n1=274 prims=60906 bb=160,1120,0,694
[OTT] walkUs=2349 texUs=124 emitUs=682 submitUs=198 otherUs=1344 prims=394 usPerPrim=5
[SH-XBOX] vblank 274800
[MEM] tick: free=4016KB (1004 pages)
[FT] avgMs=16 worstMs=45 gameMs=11 drawMs=5 swapWait=0ms draws=71 decodes=0 decMs=0
[OTS] f=274800 calls=2 n0=2300 n1=274 prims=61317 bb=160,1120,0,694
[OTT] walkUs=1790 texUs=127 emitUs=681 submitUs=190 otherUs=791 prims=392 usPerPrim=4
[FT] avgMs=16 worstMs=53 gameMs=11 drawMs=5 swapWait=0ms draws=71 decodes=0 decMs=0
[OTS] f=274920 calls=2 n0=2299 n1=274 prims=61022 bb=160,1120,0,694
[OTT] walkUs=2209 texUs=124 emitUs=677 submitUs=174 otherUs=1234 prims=391 usPerPrim=5
[FT] avgMs=16 worstMs=48 gameMs=11 drawMs=5 swapWait=0ms draws=71 decodes=0 decMs=0
[OTS] f=275040 calls=2 n0=2302 n1=274 prims=61314 bb=160,1120,0,694
[OTT] walkUs=2250 texUs=125 emitUs=689 submitUs=294 otherUs=1141 prims=394 usPerPrim=5
[FT] avgMs=16 worstMs=44 gameMs=11 drawMs=5 swapWait=0ms draws=70 decodes=0 decMs=0
[OTS] f=275160 calls=2 n0=2300 n1=274 prims=60955 bb=160,1120,0,694
[OTT] walkUs=2068 texUs=127 emitUs=679 submitUs=180 otherUs=1081 prims=392 usPerPrim=5
[FT] avgMs=16 worstMs=45 gameMs=11 drawMs=5 swapWait=0ms draws=71 decodes=0 decMs=0
[OTS] f=275280 calls=2 n0=2303 n1=274 prims=61237 bb=160,1120,0,694
[OTT] walkUs=2218 texUs=125 emitUs=688 submitUs=298 otherUs=1104 prims=395 usPerPrim=5
[SH-XBOX] vblank 275400
[MEM] tick: free=4016KB (1004 pages)
[FT] avgMs=16 worstMs=52 gameMs=11 drawMs=5 swapWait=0ms draws=70 decodes=0 decMs=0
[OTS] f=275400 calls=2 n0=2294 n1=274 prims=61117 bb=160,1120,0,694
[OTT] walkUs=1823 texUs=123 emitUs=662 submitUs=211 otherUs=826 prims=386 usPerPrim=4
[FT] avgMs=16 worstMs=48 gameMs=11 drawMs=5 swapWait=0ms draws=70 decodes=0 decMs=0
[OTS] f=275520 calls=2 n0=2302 n1=274 prims=61094 bb=160,1120,0,694
[OTT] walkUs=2146 texUs=125 emitUs=685 submitUs=314 otherUs=1020 prims=394 usPerPrim=5
[FT] avgMs=16 worstMs=44 gameMs=11 drawMs=5 swapWait=0ms draws=71 decodes=0 decMs=0
[OTS] f=275640 calls=2 n0=2296 n1=274 prims=61205 bb=160,1120,0,694
[OTT] walkUs=1905 texUs=122 emitUs=672 submitUs=198 otherUs=911 prims=388 usPerPrim=4
[FT] avgMs=16 worstMs=45 gameMs=11 drawMs=5 swapWait=0ms draws=70 decodes=0 decMs=0
[OTS] f=275760 calls=2 n0=2296 n1=274 prims=61023 bb=160,1120,0,694
[OTT] walkUs=2063 texUs=123 emitUs=666 submitUs=188 otherUs=1084 prims=388 usPerPrim=5
[FT] avgMs=16 worstMs=53 gameMs=11 drawMs=5 swapWait=1ms draws=70 decodes=0 decMs=0
[OTS] f=275880 calls=2 n0=2297 n1=274 prims=61255 bb=160,1120,0,694
[OTT] walkUs=2062 texUs=122 emitUs=672 submitUs=196 otherUs=1070 prims=389 usPerPrim=5
[SH-XBOX] vblank 276000
[MEM] tick: free=4016KB (1004 pages)
[FT] avgMs=16 worstMs=48 gameMs=11 drawMs=5 swapWait=0ms draws=71 decodes=0 decMs=0
[OTS] f=276000 calls=2 n0=2303 n1=274 prims=61069 bb=160,1120,0,694
[OTT] walkUs=1957 texUs=130 emitUs=688 submitUs=215 otherUs=923 prims=395 usPerPrim=4
[FT] avgMs=16 worstMs=44 gameMs=11 drawMs=5 swapWait=0ms draws=70 decodes=0 decMs=0
[OTS] f=276120 calls=2 n0=2300 n1=274 prims=61167 bb=160,1120,0,694
[OTT] walkUs=2311 texUs=123 emitUs=680 submitUs=404 otherUs=1103 prims=392 usPerPrim=5
[FT] avgMs=16 worstMs=45 gameMs=11 drawMs=5 swapWait=0ms draws=70 decodes=0 decMs=0
[OTS] f=276240 calls=2 n0=2299 n1=274 prims=60988 bb=160,1120,0,694
[OTT] walkUs=1952 texUs=124 emitUs=676 submitUs=239 otherUs=912 prims=391 usPerPrim=4
[FT] avgMs=16 worstMs=52 gameMs=11 drawMs=5 swapWait=0ms draws=70 decodes=0 decMs=0
[OTS] f=276360 calls=2 n0=2300 n1=274 prims=61265 bb=160,1120,0,694
[OTT] walkUs=2174 texUs=124 emitUs=678 submitUs=231 otherUs=1139 prims=392 usPerPrim=5
[FT] avgMs=16 worstMs=48 gameMs=11 drawMs=5 swapWait=0ms draws=71 decodes=0 decMs=0
[OTS] f=276480 calls=2 n0=2301 n1=274 prims=60993 bb=160,1120,0,694
[OTT] walkUs=2176 texUs=124 emitUs=687 submitUs=190 otherUs=1173 prims=393 usPerPrim=5
[SH-XBOX] vblank 276600
[MEM] tick: free=4016KB (1004 pages)
[FT] avgMs=16 worstMs=43 gameMs=11 drawMs=5 swapWait=0ms draws=70 decodes=0 decMs=0
[OTS] f=276600 calls=2 n0=2300 n1=274 prims=61227 bb=160,1120,0,694
[OTT] walkUs=2435 texUs=124 emitUs=675 submitUs=361 otherUs=1272 prims=392 usPerPrim=6
[FT] avgMs=16 worstMs=46 gameMs=11 drawMs=5 swapWait=0ms draws=70 decodes=0 decMs=0
[OTS] f=276720 calls=2 n0=2300 n1=274 prims=60996 bb=160,1120,0,694
[OTT] walkUs=1958 texUs=124 emitUs=677 submitUs=212 otherUs=944 prims=392 usPerPrim=4
[FT] avgMs=16 worstMs=52 gameMs=11 drawMs=5 swapWait=0ms draws=71 decodes=0 decMs=0
[OTS] f=276840 calls=2 n0=2300 n1=274 prims=61336 bb=160,1120,0,694
[OTT] walkUs=2165 texUs=125 emitUs=682 submitUs=226 otherUs=1131 prims=392 usPerPrim=5
[FT] avgMs=16 worstMs=48 gameMs=11 drawMs=5 swapWait=1ms draws=70 decodes=0 decMs=0
[OTS] f=276960 calls=2 n0=2298 n1=274 prims=60936 bb=160,1120,0,694
[OTT] walkUs=2303 texUs=126 emitUs=682 submitUs=281 otherUs=1213 prims=390 usPerPrim=5
[FT] avgMs=16 worstMs=43 gameMs=11 drawMs=5 swapWait=0ms draws=71 decodes=0 decMs=0
[OTS] f=277080 calls=2 n0=2301 n1=274 prims=61249 bb=160,1120,0,694
[OTT] walkUs=2285 texUs=124 emitUs=685 submitUs=352 otherUs=1123 prims=393 usPerPrim=5
[SH-XBOX] vblank 277200
[MEM] tick: free=4016KB (1004 pages)
[FT] avgMs=16 worstMs=45 gameMs=11 drawMs=5 swapWait=0ms draws=70 decodes=0 decMs=0
[OTS] f=277200 calls=2 n0=2295 n1=274 prims=61069 bb=160,1120,0,694
[OTT] walkUs=2233 texUs=123 emitUs=664 submitUs=190 otherUs=1255 prims=387 usPerPrim=5
[FT] avgMs=16 worstMs=53 gameMs=11 drawMs=5 swapWait=0ms draws=70 decodes=0 decMs=0
[OTS] f=277320 calls=2 n0=2304 n1=274 prims=61143 bb=160,1120,0,694
[OTT] walkUs=2332 texUs=126 emitUs=694 submitUs=468 otherUs=1043 prims=396 usPerPrim=5
[FT] avgMs=16 worstMs=48 gameMs=11 drawMs=5 swapWait=0ms draws=71 decodes=0 decMs=0
[OTS] f=277440 calls=2 n0=2297 n1=274 prims=61176 bb=160,1120,0,694
[OTT] walkUs=2243 texUs=123 emitUs=676 submitUs=323 otherUs=1120 prims=389 usPerPrim=5
[FT] avgMs=16 worstMs=44 gameMs=11 drawMs=5 swapWait=0ms draws=71 decodes=0 decMs=0
[OTS] f=277560 calls=2 n0=2302 n1=274 prims=61162 bb=160,1120,0,694
[OTT] walkUs=2081 texUs=125 emitUs=683 submitUs=178 otherUs=1094 prims=394 usPerPrim=5
[FT] avgMs=16 worstMs=45 gameMs=11 drawMs=5 swapWait=1ms draws=71 decodes=0 decMs=0
[OTS] f=277680 calls=2 n0=2296 n1=274 prims=61247 bb=160,1120,0,694
[OTT] walkUs=2404 texUs=123 emitUs=667 submitUs=617 otherUs=996 prims=388 usPerPrim=6
[SH-XBOX] vblank 277800
[MEM] tick: free=4016KB (1004 pages)
[FT] avgMs=16 worstMs=53 gameMs=11 drawMs=5 swapWait=0ms draws=70 decodes=0 decMs=0
[OTS] f=277800 calls=2 n0=2303 n1=274 prims=60971 bb=160,1120,0,694
[OTT] walkUs=2122 texUs=125 emitUs=688 submitUs=197 otherUs=1110 prims=395 usPerPrim=5
[FT] avgMs=16 worstMs=48 gameMs=11 drawMs=5 swapWait=0ms draws=71 decodes=0 decMs=0
[OTS] f=277920 calls=2 n0=2300 n1=274 prims=61283 bb=160,1120,0,694
[OTT] walkUs=2205 texUs=123 emitUs=678 submitUs=178 otherUs=1225 prims=392 usPerPrim=5
[FT] avgMs=16 worstMs=44 gameMs=11 drawMs=5 swapWait=0ms draws=70 decodes=0 decMs=0
[OTS] f=278040 calls=2 n0=2300 n1=274 prims=60981 bb=160,1120,0,694
[OTT] walkUs=1923 texUs=130 emitUs=675 submitUs=196 otherUs=921 prims=392 usPerPrim=4
[FT] avgMs=16 worstMs=45 gameMs=11 drawMs=5 swapWait=0ms draws=70 decodes=0 decMs=0
[OTS] f=278160 calls=2 n0=2299 n1=274 prims=61273 bb=160,1120,0,694
[OTT] walkUs=2131 texUs=123 emitUs=676 submitUs=181 otherUs=1150 prims=391 usPerPrim=5
[FT] avgMs=16 worstMs=53 gameMs=11 drawMs=5 swapWait=0ms draws=71 decodes=0 decMs=0
[OTS] f=278280 calls=2 n0=2300 n1=274 prims=61001 bb=160,1120,0,694
[OTT] walkUs=2227 texUs=124 emitUs=681 submitUs=284 otherUs=1137 prims=392 usPerPrim=5
[SH-XBOX] vblank 278400
[MEM] tick: free=4016KB (1004 pages)
[FT] avgMs=16 worstMs=48 gameMs=11 drawMs=5 swapWait=0ms draws=70 decodes=0 decMs=0
[OTS] f=278400 calls=2 n0=2301 n1=274 prims=61201 bb=160,1120,0,694
[OTT] walkUs=2015 texUs=125 emitUs=684 submitUs=263 otherUs=942 prims=393 usPerPrim=5
[FT] avgMs=16 worstMs=44 gameMs=11 drawMs=5 swapWait=0ms draws=71 decodes=0 decMs=0
[OTS] f=278520 calls=2 n0=2302 n1=274 prims=61018 bb=160,1120,0,694
[OTT] walkUs=1904 texUs=124 emitUs=683 submitUs=256 otherUs=840 prims=394 usPerPrim=4
[FT] avgMs=16 worstMs=45 gameMs=11 drawMs=5 swapWait=0ms draws=71 decodes=0 decMs=0
[OTS] f=278640 calls=2 n0=2300 n1=274 prims=61346 bb=160,1120,0,694
[OTT] walkUs=2004 texUs=125 emitUs=679 submitUs=389 otherUs=809 prims=392 usPerPrim=5
[FT] avgMs=16 worstMs=53 gameMs=11 drawMs=5 swapWait=0ms draws=70 decodes=0 decMs=0
[OTS] f=278760 calls=2 n0=2299 n1=274 prims=60896 bb=160,1120,0,694
[OTT] walkUs=2222 texUs=123 emitUs=679 submitUs=482 otherUs=936 prims=391 usPerPrim=5
[FT] avgMs=16 worstMs=48 gameMs=11 drawMs=5 swapWait=1ms draws=70 decodes=0 decMs=0
[OTS] f=278880 calls=2 n0=2300 n1=274 prims=61215 bb=160,1120,0,694
[OTT] walkUs=1981 texUs=124 emitUs=674 submitUs=193 otherUs=988 prims=392 usPerPrim=5
[SH-XBOX] vblank 279000
[MEM] tick: free=4016KB (1004 pages)
[FT] avgMs=16 worstMs=44 gameMs=11 drawMs=5 swapWait=0ms draws=70 decodes=0 decMs=0
[OTS] f=279000 calls=2 n0=2299 n1=274 prims=61035 bb=160,1120,0,694
[OTT] walkUs=2317 texUs=126 emitUs=673 submitUs=551 otherUs=966 prims=391 usPerPrim=5
[FT] avgMs=16 worstMs=46 gameMs=11 drawMs=5 swapWait=0ms draws=71 decodes=0 decMs=0
[OTS] f=279120 calls=2 n0=2303 n1=274 prims=61257 bb=160,1120,0,694
[OTT] walkUs=2249 texUs=126 emitUs=688 submitUs=409 otherUs=1024 prims=395 usPerPrim=5
[FT] avgMs=16 worstMs=52 gameMs=11 drawMs=5 swapWait=0ms draws=70 decodes=0 decMs=0
[OTS] f=279240 calls=2 n0=2297 n1=274 prims=61009 bb=160,1120,0,694
[OTT] walkUs=2028 texUs=122 emitUs=676 submitUs=283 otherUs=946 prims=389 usPerPrim=5
[FT] avgMs=16 worstMs=48 gameMs=11 drawMs=5 swapWait=0ms draws=71 decodes=0 decMs=0
[OTS] f=279360 calls=2 n0=2302 n1=274 prims=61172 bb=160,1120,0,694
[OTT] walkUs=2282 texUs=125 emitUs=688 submitUs=509 otherUs=958 prims=394 usPerPrim=5
[FT] avgMs=16 worstMs=43 gameMs=11 drawMs=5 swapWait=0ms draws=71 decodes=0 decMs=0
[OTS] f=279480 calls=2 n0=2295 n1=274 prims=61227 bb=160,1120,0,694
[OTT] walkUs=2222 texUs=123 emitUs=668 submitUs=196 otherUs=1234 prims=387 usPerPrim=5
[SH-XBOX] vblank 279600
[MEM] tick: free=4016KB (1004 pages)
[FT] avgMs=16 worstMs=46 gameMs=11 drawMs=5 swapWait=0ms draws=70 decodes=0 decMs=0
[OTS] f=279600 calls=2 n0=2298 n1=274 prims=61006 bb=160,1120,0,694
[OTT] walkUs=2259 texUs=124 emitUs=674 submitUs=426 otherUs=1033 prims=390 usPerPrim=5
[FT] avgMs=16 worstMs=53 gameMs=11 drawMs=5 swapWait=0ms draws=71 decodes=0 decMs=0
[OTS] f=279720 calls=2 n0=2298 n1=274 prims=61266 bb=160,1120,0,694
[OTT] walkUs=2297 texUs=123 emitUs=677 submitUs=402 otherUs=1093 prims=390 usPerPrim=5
[FT] avgMs=16 worstMs=48 gameMs=11 drawMs=5 swapWait=0ms draws=70 decodes=0 decMs=0
[OTS] f=279840 calls=2 n0=2301 n1=274 prims=60983 bb=160,1120,0,694
[OTT] walkUs=2205 texUs=130 emitUs=678 submitUs=196 otherUs=1201 prims=393 usPerPrim=5
[FT] avgMs=16 worstMs=44 gameMs=11 drawMs=5 swapWait=0ms draws=70 decodes=0 decMs=0
[OTS] f=279960 calls=2 n0=2300 n1=274 prims=61267 bb=160,1120,0,694
[OTT] walkUs=2169 texUs=125 emitUs=683 submitUs=251 otherUs=1110 prims=392 usPerPrim=5
[FT] avgMs=16 worstMs=45 gameMs=11 drawMs=5 swapWait=0ms draws=71 decodes=0 decMs=0
[OTS] f=280080 calls=2 n0=2301 n1=274 prims=61026 bb=160,1120,0,694
[OTT] walkUs=2340 texUs=124 emitUs=683 submitUs=334 otherUs=1198 prims=393 usPerPrim=5
[SH-XBOX] vblank 280200
[MEM] tick: free=4016KB (1004 pages)
[FT] avgMs=16 worstMs=52 gameMs=11 drawMs=5 swapWait=0ms draws=71 decodes=0 decMs=0
[OTS] f=280200 calls=2 n0=2301 n1=274 prims=61329 bb=160,1120,0,694
[OTT] walkUs=1877 texUs=125 emitUs=684 submitUs=189 otherUs=878 prims=393 usPerPrim=4
[FT] avgMs=16 worstMs=49 gameMs=11 drawMs=5 swapWait=0ms draws=70 decodes=0 decMs=0
[OTS] f=280320 calls=2 n0=2298 n1=274 prims=60985 bb=160,1120,0,694
[OTT] walkUs=2230 texUs=124 emitUs=670 submitUs=174 otherUs=1261 prims=390 usPerPrim=5
[FT] avgMs=16 worstMs=44 gameMs=11 drawMs=5 swapWait=0ms draws=70 decodes=0 decMs=0
[OTS] f=280440 calls=2 n0=2302 n1=274 prims=61251 bb=160,1120,0,694
[OTT] walkUs=2281 texUs=125 emitUs=687 submitUs=315 otherUs=1153 prims=394 usPerPrim=5
[FT] avgMs=16 worstMs=45 gameMs=11 drawMs=5 swapWait=0ms draws=71 decodes=0 decMs=0
[OTS] f=280560 calls=2 n0=2300 n1=274 prims=61005 bb=160,1120,0,694
[OTT] walkUs=2199 texUs=124 emitUs=687 submitUs=388 otherUs=999 prims=392 usPerPrim=5
[FT] avgMs=16 worstMs=53 gameMs=11 drawMs=5 swapWait=0ms draws=70 decodes=0 decMs=0
[OTS] f=280680 calls=2 n0=2298 n1=274 prims=61220 bb=160,1120,0,694
[OTT] walkUs=2102 texUs=124 emitUs=671 submitUs=191 otherUs=1115 prims=390 usPerPrim=5
[SH-XBOX] vblank 280800
[MEM] tick: free=4016KB (1004 pages)
[FT] avgMs=16 worstMs=48 gameMs=11 drawMs=5 swapWait=0ms draws=70 decodes=0 decMs=0
[OTS] f=280800 calls=2 n0=2297 n1=274 prims=61036 bb=160,1120,0,694
[OTT] walkUs=1917 texUs=123 emitUs=677 submitUs=191 otherUs=924 prims=389 usPerPrim=4
[FT] avgMs=16 worstMs=44 gameMs=11 drawMs=5 swapWait=0ms draws=71 decodes=0 decMs=0
[OTS] f=280920 calls=2 n0=2301 n1=274 prims=61265 bb=160,1120,0,694
[OTT] walkUs=2481 texUs=125 emitUs=680 submitUs=259 otherUs=1416 prims=393 usPerPrim=6
[FT] avgMs=16 worstMs=45 gameMs=11 drawMs=5 swapWait=0ms draws=70 decodes=0 decMs=0
[OTS] f=281040 calls=2 n0=2298 n1=274 prims=60973 bb=160,1120,0,694
[OTT] walkUs=1904 texUs=124 emitUs=678 submitUs=217 otherUs=883 prims=390 usPerPrim=4
[FT] avgMs=16 worstMs=53 gameMs=11 drawMs=5 swapWait=0ms draws=71 decodes=0 decMs=0
[OTS] f=281160 calls=2 n0=2304 n1=274 prims=61209 bb=160,1120,0,694
[OTT] walkUs=2198 texUs=127 emitUs=690 submitUs=179 otherUs=1201 prims=396 usPerPrim=5
[FT] avgMs=16 worstMs=49 gameMs=11 drawMs=5 swapWait=1ms draws=70 decodes=0 decMs=0
[OTS] f=281280 calls=2 n0=2294 n1=274 prims=61197 bb=160,1120,0,694
[OTT] walkUs=2130 texUs=123 emitUs=663 submitUs=447 otherUs=895 prims=386 usPerPrim=5
[SH-XBOX] vblank 281400
[MEM] tick: free=4016KB (1004 pages)
[FT] avgMs=16 worstMs=44 gameMs=11 drawMs=5 swapWait=0ms draws=70 decodes=0 decMs=0
[OTS] f=281400 calls=2 n0=2302 n1=274 prims=61044 bb=160,1120,0,694
[OTT] walkUs=2249 texUs=125 emitUs=686 submitUs=175 otherUs=1262 prims=394 usPerPrim=5
[FT] avgMs=16 worstMs=46 gameMs=11 drawMs=5 swapWait=1ms draws=70 decodes=0 decMs=0
[OTS] f=281520 calls=2 n0=2295 n1=274 prims=61127 bb=160,1120,0,694
[OTT] walkUs=1940 texUs=122 emitUs=662 submitUs=187 otherUs=968 prims=387 usPerPrim=5
[FT] avgMs=17 worstMs=64 gameMs=11 drawMs=5 swapWait=0ms draws=70 decodes=0 decMs=0
[OTS] f=281640 calls=2 n0=2303 n1=274 prims=61061 bb=160,1120,0,694
[OTT] walkUs=2144 texUs=125 emitUs=689 submitUs=390 otherUs=939 prims=395 usPerPrim=5
[FT] avgMs=16 worstMs=42 gameMs=11 drawMs=5 swapWait=0ms draws=71 decodes=0 decMs=0
[OTS] f=281760 calls=2 n0=2300 n1=274 prims=61313 bb=160,1120,0,694
[OTT] walkUs=2169 texUs=124 emitUs=677 submitUs=537 otherUs=830 prims=392 usPerPrim=5
[FT] avgMs=16 worstMs=45 gameMs=11 drawMs=5 swapWait=0ms draws=70 decodes=0 decMs=0
[OTS] f=281880 calls=2 n0=2302 n1=274 prims=60907 bb=160,1120,0,694
[OTT] walkUs=2130 texUs=125 emitUs=686 submitUs=190 otherUs=1128 prims=394 usPerPrim=5
[SH-XBOX] vblank 282000
[MEM] tick: free=4016KB (1004 pages)
[FT] avgMs=16 worstMs=46 gameMs=11 drawMs=5 swapWait=1ms draws=71 decodes=0 decMs=0
[OTS] f=282000 calls=2 n0=2299 n1=274 prims=61317 bb=160,1120,0,694
[OTT] walkUs=2345 texUs=123 emitUs=682 submitUs=512 otherUs=1027 prims=391 usPerPrim=5
[FT] avgMs=16 worstMs=53 gameMs=11 drawMs=5 swapWait=0ms draws=70 decodes=0 decMs=0
[OTS] f=282120 calls=2 n0=2297 n1=274 prims=60985 bb=160,1120,0,694
[OTT] walkUs=2259 texUs=123 emitUs=664 submitUs=182 otherUs=1288 prims=389 usPerPrim=5
[FT] avgMs=16 worstMs=48 gameMs=11 drawMs=5 swapWait=0ms draws=70 decodes=0 decMs=0
[OTS] f=282240 calls=2 n0=2301 n1=274 prims=61247 bb=160,1120,0,694
[OTT] walkUs=2166 texUs=124 emitUs=681 submitUs=403 otherUs=956 prims=393 usPerPrim=5
[FT] avgMs=16 worstMs=44 gameMs=11 drawMs=5 swapWait=0ms draws=71 decodes=0 decMs=0
[OTS] f=282360 calls=2 n0=2302 n1=274 prims=61018 bb=160,1120,0,694
[OTT] walkUs=2228 texUs=124 emitUs=685 submitUs=399 otherUs=1018 prims=394 usPerPrim=5
[FT] avgMs=16 worstMs=45 gameMs=11 drawMs=5 swapWait=0ms draws=70 decodes=0 decMs=0
[OTS] f=282480 calls=2 n0=2298 n1=274 prims=61214 bb=160,1120,0,694
[OTT] walkUs=2253 texUs=129 emitUs=669 submitUs=304 otherUs=1150 prims=390 usPerPrim=5
[SH-XBOX] vblank 282600
[MEM] tick: free=4016KB (1004 pages)
[FT] avgMs=16 worstMs=53 gameMs=11 drawMs=5 swapWait=1ms draws=70 decodes=0 decMs=0
[OTS] f=282600 calls=2 n0=2298 n1=274 prims=61014 bb=160,1120,0,694
[OTT] walkUs=2284 texUs=123 emitUs=677 submitUs=238 otherUs=1245 prims=390 usPerPrim=5
[FT] avgMs=16 worstMs=49 gameMs=11 drawMs=5 swapWait=0ms draws=71 decodes=0 decMs=0
[OTS] f=282720 calls=2 n0=2302 n1=274 prims=61296 bb=160,1120,0,694
[OTT] walkUs=2350 texUs=129 emitUs=682 submitUs=426 otherUs=1111 prims=394 usPerPrim=5
[FT] avgMs=16 worstMs=44 gameMs=11 drawMs=5 swapWait=1ms draws=71 decodes=0 decMs=0
[OTS] f=282840 calls=2 n0=2300 n1=274 prims=61083 bb=160,1120,0,694
[OTT] walkUs=2336 texUs=124 emitUs=681 submitUs=259 otherUs=1271 prims=392 usPerPrim=5
[FT] avgMs=16 worstMs=46 gameMs=11 drawMs=5 swapWait=0ms draws=70 decodes=0 decMs=0
[OTS] f=282960 calls=2 n0=2301 n1=274 prims=61201 bb=160,1120,0,694
[OTT] walkUs=1806 texUs=125 emitUs=678 submitUs=184 otherUs=817 prims=393 usPerPrim=4
[FT] avgMs=16 worstMs=53 gameMs=11 drawMs=5 swapWait=0ms draws=70 decodes=0 decMs=0
[OTS] f=283080 calls=2 n0=2297 n1=274 prims=61078 bb=160,1120,0,694
[OTT] walkUs=2331 texUs=125 emitUs=674 submitUs=525 otherUs=1005 prims=389 usPerPrim=5
[SH-XBOX] vblank 283200
[MEM] tick: free=4016KB (1004 pages)
[FT] avgMs=16 worstMs=49 gameMs=11 drawMs=5 swapWait=0ms draws=71 decodes=0 decMs=0
[OTS] f=283200 calls=2 n0=2302 n1=274 prims=61172 bb=160,1120,0,694
[OTT] walkUs=2008 texUs=125 emitUs=682 submitUs=265 otherUs=934 prims=394 usPerPrim=5
[FT] avgMs=16 worstMs=44 gameMs=11 drawMs=5 swapWait=0ms draws=70 decodes=0 decMs=0
[OTS] f=283320 calls=2 n0=2294 n1=274 prims=61087 bb=160,1120,0,694
[OTT] walkUs=2340 texUs=122 emitUs=662 submitUs=192 otherUs=1363 prims=386 usPerPrim=6
[FT] avgMs=16 worstMs=46 gameMs=11 drawMs=5 swapWait=0ms draws=70 decodes=0 decMs=0
[OTS] f=283440 calls=2 n0=2298 n1=274 prims=61116 bb=160,1120,0,694
[OTT] walkUs=1922 texUs=123 emitUs=678 submitUs=198 otherUs=921 prims=390 usPerPrim=4
[FT] avgMs=16 worstMs=53 gameMs=11 drawMs=5 swapWait=0ms draws=71 decodes=0 decMs=0
[OTS] f=283560 calls=2 n0=2298 n1=274 prims=61296 bb=160,1120,0,694
[OTT] walkUs=2183 texUs=123 emitUs=673 submitUs=182 otherUs=1203 prims=390 usPerPrim=5
[FT] avgMs=16 worstMs=49 gameMs=11 drawMs=5 swapWait=0ms draws=70 decodes=0 decMs=0
[OTS] f=283680 calls=2 n0=2303 n1=274 prims=60926 bb=160,1120,0,694
[OTT] walkUs=2248 texUs=125 emitUs=688 submitUs=425 otherUs=1008 prims=395 usPerPrim=5
[SH-XBOX] vblank 283800
[MEM] tick: free=4016KB (1004 pages)
[FT] avgMs=16 worstMs=44 gameMs=11 drawMs=5 swapWait=0ms draws=71 decodes=0 decMs=0
[OTS] f=283800 calls=2 n0=2300 n1=274 prims=61294 bb=160,1120,0,694
[OTT] walkUs=2248 texUs=123 emitUs=679 submitUs=228 otherUs=1216 prims=392 usPerPrim=5
[FT] avgMs=16 worstMs=46 gameMs=11 drawMs=5 swapWait=0ms draws=70 decodes=0 decMs=0
[OTS] f=283920 calls=2 n0=2298 n1=274 prims=60998 bb=160,1120,0,694
[OTT] walkUs=2176 texUs=124 emitUs=669 submitUs=184 otherUs=1198 prims=390 usPerPrim=5
[FT] avgMs=16 worstMs=53 gameMs=11 drawMs=5 swapWait=0ms draws=70 decodes=0 decMs=0
[OTS] f=284040 calls=2 n0=2301 n1=274 prims=61259 bb=160,1120,0,694
[OTT] walkUs=1997 texUs=125 emitUs=682 submitUs=202 otherUs=987 prims=393 usPerPrim=5
[FT] avgMs=16 worstMs=49 gameMs=11 drawMs=5 swapWait=0ms draws=70 decodes=0 decMs=0
[OTS] f=284160 calls=2 n0=2301 n1=274 prims=60861 bb=160,1120,0,694
[OTT] walkUs=2217 texUs=124 emitUs=684 submitUs=260 otherUs=1147 prims=393 usPerPrim=5
[FT] avgMs=16 worstMs=45 gameMs=11 drawMs=5 swapWait=0ms draws=71 decodes=0 decMs=0
[OTS] f=284280 calls=2 n0=2302 n1=274 prims=61345 bb=160,1120,0,694
[OTT] walkUs=2135 texUs=129 emitUs=686 submitUs=391 otherUs=927 prims=394 usPerPrim=5
[SH-XBOX] vblank 284400
[MEM] tick: free=4016KB (1004 pages)
[FT] avgMs=16 worstMs=46 gameMs=11 drawMs=5 swapWait=0ms draws=71 decodes=0 decMs=0
[OTS] f=284400 calls=2 n0=2299 n1=274 prims=61027 bb=160,1120,0,694
[OTT] walkUs=2300 texUs=123 emitUs=677 submitUs=201 otherUs=1297 prims=391 usPerPrim=5
[FT] avgMs=16 worstMs=54 gameMs=11 drawMs=5 swapWait=0ms draws=70 decodes=0 decMs=0
[OTS] f=284520 calls=2 n0=2300 n1=274 prims=61186 bb=160,1120,0,694
[OTT] walkUs=2153 texUs=124 emitUs=685 submitUs=441 otherUs=901 prims=392 usPerPrim=5
[FT] avgMs=16 worstMs=49 gameMs=11 drawMs=5 swapWait=0ms draws=71 decodes=0 decMs=0
[OTS] f=284640 calls=2 n0=2298 n1=274 prims=61063 bb=160,1120,0,694
[OTT] walkUs=2094 texUs=123 emitUs=677 submitUs=281 otherUs=1011 prims=390 usPerPrim=5
[FT] avgMs=16 worstMs=44 gameMs=11 drawMs=5 swapWait=0ms draws=70 decodes=0 decMs=0
[OTS] f=284760 calls=2 n0=2299 n1=274 prims=61195 bb=160,1120,0,694
[OTT] walkUs=2350 texUs=124 emitUs=671 submitUs=175 otherUs=1378 prims=391 usPerPrim=6
[FT] avgMs=16 worstMs=46 gameMs=11 drawMs=5 swapWait=0ms draws=70 decodes=0 decMs=0
[OTS] f=284880 calls=2 n0=2298 n1=274 prims=61057 bb=160,1120,0,694
[OTT] walkUs=2189 texUs=122 emitUs=673 submitUs=281 otherUs=1111 prims=390 usPerPrim=5
[SH-XBOX] vblank 285000
[MEM] tick: free=4016KB (1004 pages)
[FT] avgMs=16 worstMs=53 gameMs=11 drawMs=5 swapWait=1ms draws=71 decodes=0 decMs=0
[OTS] f=285000 calls=2 n0=2304 n1=274 prims=61209 bb=160,1120,0,694
[OTT] walkUs=2355 texUs=126 emitUs=691 submitUs=329 otherUs=1208 prims=396 usPerPrim=5
[FT] avgMs=16 worstMs=50 gameMs=11 drawMs=5 swapWait=0ms draws=70 decodes=0 decMs=0
[OTS] f=285120 calls=2 n0=2297 n1=274 prims=61049 bb=160,1120,0,694
[OTT] walkUs=2258 texUs=123 emitUs=675 submitUs=398 otherUs=1060 prims=389 usPerPrim=5
[FT] avgMs=16 worstMs=44 gameMs=11 drawMs=5 swapWait=1ms draws=71 decodes=0 decMs=0
[OTS] f=285240 calls=2 n0=2301 n1=274 prims=61164 bb=160,1120,0,694
[OTT] walkUs=2275 texUs=124 emitUs=679 submitUs=194 otherUs=1276 prims=393 usPerPrim=5
[FT] avgMs=16 worstMs=46 gameMs=11 drawMs=5 swapWait=0ms draws=71 decodes=0 decMs=0
[OTS] f=285360 calls=2 n0=2297 n1=274 prims=61258 bb=160,1120,0,694
[OTT] walkUs=2306 texUs=122 emitUs=675 submitUs=339 otherUs=1169 prims=389 usPerPrim=5
[FT] avgMs=16 worstMs=53 gameMs=11 drawMs=5 swapWait=0ms draws=71 decodes=0 decMs=0
[OTS] f=285480 calls=2 n0=2303 n1=274 prims=61087 bb=160,1120,0,694
[OTT] walkUs=2334 texUs=125 emitUs=688 submitUs=293 otherUs=1226 prims=395 usPerPrim=5
[SH-XBOX] vblank 285600
[MEM] tick: free=4016KB (1004 pages)
[FT] avgMs=16 worstMs=49 gameMs=11 drawMs=5 swapWait=0ms draws=70 decodes=0 decMs=0
[OTS] f=285600 calls=2 n0=2298 n1=274 prims=61213 bb=160,1120,0,694
[OTT] walkUs=2411 texUs=123 emitUs=668 submitUs=293 otherUs=1326 prims=390 usPerPrim=6
[FT] avgMs=16 worstMs=45 gameMs=11 drawMs=5 swapWait=0ms draws=70 decodes=0 decMs=0
[OTS] f=285720 calls=2 n0=2301 n1=274 prims=60991 bb=160,1120,0,694
[OTT] walkUs=2215 texUs=125 emitUs=679 submitUs=344 otherUs=1066 prims=393 usPerPrim=5
[FT] avgMs=16 worstMs=46 gameMs=11 drawMs=5 swapWait=1ms draws=71 decodes=0 decMs=0
[OTS] f=285840 calls=2 n0=2299 n1=274 prims=61333 bb=160,1120,0,694
[OTT] walkUs=2293 texUs=124 emitUs=680 submitUs=292 otherUs=1196 prims=391 usPerPrim=5
[FT] avgMs=16 worstMs=53 gameMs=11 drawMs=5 swapWait=0ms draws=70 decodes=0 decMs=0
[OTS] f=285960 calls=2 n0=2300 n1=274 prims=60873 bb=160,1120,0,694
[OTT] walkUs=2077 texUs=124 emitUs=684 submitUs=177 otherUs=1091 prims=392 usPerPrim=5
[FT] avgMs=16 worstMs=49 gameMs=11 drawMs=5 swapWait=0ms draws=71 decodes=0 decMs=0
[OTS] f=286080 calls=2 n0=2301 n1=274 prims=61329 bb=160,1120,0,694
[OTT] walkUs=2220 texUs=124 emitUs=681 submitUs=342 otherUs=1072 prims=393 usPerPrim=5
[SH-XBOX] vblank 286200
[MEM] tick: free=4016KB (1004 pages)
[FT] avgMs=16 worstMs=45 gameMs=11 drawMs=5 swapWait=0ms draws=71 decodes=0 decMs=0
[OTS] f=286200 calls=2 n0=2301 n1=274 prims=61044 bb=160,1120,0,694
[OTT] walkUs=1988 texUs=125 emitUs=680 submitUs=197 otherUs=985 prims=393 usPerPrim=5
[FT] avgMs=16 worstMs=46 gameMs=11 drawMs=5 swapWait=0ms draws=70 decodes=0 decMs=0
[OTS] f=286320 calls=2 n0=2300 n1=274 prims=61192 bb=160,1120,0,694
[OTT] walkUs=2204 texUs=124 emitUs=677 submitUs=234 otherUs=1168 prims=392 usPerPrim=5
[FT] avgMs=16 worstMs=53 gameMs=11 drawMs=5 swapWait=0ms draws=71 decodes=0 decMs=0
[OTS] f=286440 calls=2 n0=2299 n1=274 prims=61022 bb=160,1120,0,694
[OTT] walkUs=1993 texUs=124 emitUs=684 submitUs=191 otherUs=992 prims=391 usPerPrim=5
[FT] avgMs=16 worstMs=49 gameMs=11 drawMs=5 swapWait=0ms draws=70 decodes=0 decMs=0
[OTS] f=286560 calls=2 n0=2300 n1=274 prims=61214 bb=160,1120,0,694
[OTT] walkUs=1934 texUs=125 emitUs=675 submitUs=231 otherUs=901 prims=392 usPerPrim=4
[FT] avgMs=16 worstMs=45 gameMs=11 drawMs=5 swapWait=0ms draws=70 decodes=0 decMs=0
[OTS] f=286680 calls=2 n0=2300 n1=274 prims=61055 bb=160,1120,0,694
[OTT] walkUs=2121 texUs=125 emitUs=682 submitUs=239 otherUs=1074 prims=392 usPerPrim=5
[SH-XBOX] vblank 286800
[MEM] tick: free=4016KB (1004 pages)
[FT] avgMs=16 worstMs=46 gameMs=11 drawMs=5 swapWait=0ms draws=70 decodes=0 decMs=0
[OTS] f=286800 calls=2 n0=2303 n1=274 prims=61109 bb=160,1120,0,694
[OTT] walkUs=2067 texUs=124 emitUs=688 submitUs=305 otherUs=948 prims=395 usPerPrim=5
[FT] avgMs=16 worstMs=54 gameMs=11 drawMs=5 swapWait=1ms draws=71 decodes=0 decMs=0
[OTS] f=286920 calls=2 n0=2297 n1=274 prims=61137 bb=160,1120,0,694
[OTT] walkUs=2021 texUs=123 emitUs=673 submitUs=215 otherUs=1009 prims=389 usPerPrim=5
[FT] avgMs=16 worstMs=49 gameMs=11 drawMs=5 swapWait=0ms draws=70 decodes=0 decMs=0
[OTS] f=287040 calls=2 n0=2299 n1=274 prims=61174 bb=160,1120,0,694
[OTT] walkUs=1939 texUs=125 emitUs=675 submitUs=198 otherUs=939 prims=391 usPerPrim=4
[FT] avgMs=16 worstMs=45 gameMs=11 drawMs=5 swapWait=0ms draws=70 decodes=0 decMs=0
[OTS] f=287160 calls=2 n0=2296 n1=274 prims=61108 bb=160,1120,0,694
[OTT] walkUs=2041 texUs=122 emitUs=675 submitUs=221 otherUs=1021 prims=388 usPerPrim=5
[FT] avgMs=16 worstMs=46 gameMs=11 drawMs=5 swapWait=0ms draws=71 decodes=0 decMs=0
[OTS] f=287280 calls=2 n0=2298 n1=274 prims=61126 bb=160,1120,0,694
[OTT] walkUs=2052 texUs=123 emitUs=673 submitUs=198 otherUs=1057 prims=390 usPerPrim=5
[SH-XBOX] vblank 287400
[MEM] tick: free=4016KB (1004 pages)
[FT] avgMs=16 worstMs=53 gameMs=11 drawMs=5 swapWait=0ms draws=70 decodes=0 decMs=0
[OTS] f=287400 calls=2 n0=2296 n1=274 prims=61180 bb=160,1120,0,694
[OTT] walkUs=2270 texUs=124 emitUs=669 submitUs=285 otherUs=1190 prims=388 usPerPrim=5
[FT] avgMs=16 worstMs=50 gameMs=11 drawMs=5 swapWait=0ms draws=70 decodes=0 decMs=0
[OTS] f=287520 calls=2 n0=2302 n1=274 prims=61030 bb=160,1120,0,694
[OTT] walkUs=2246 texUs=125 emitUs=684 submitUs=193 otherUs=1242 prims=394 usPerPrim=5
[FT] avgMs=16 worstMs=44 gameMs=11 drawMs=5 swapWait=0ms draws=71 decodes=0 decMs=0
[OTS] f=287640 calls=2 n0=2300 n1=274 prims=61306 bb=160,1120,0,694
[OTT] walkUs=2186 texUs=123 emitUs=682 submitUs=274 otherUs=1105 prims=392 usPerPrim=5
[FT] avgMs=16 worstMs=47 gameMs=11 drawMs=5 swapWait=0ms draws=70 decodes=0 decMs=0
[OTS] f=287760 calls=2 n0=2301 n1=274 prims=60899 bb=160,1120,0,694
[OTT] walkUs=2234 texUs=124 emitUs=687 submitUs=192 otherUs=1230 prims=393 usPerPrim=5
[FT] avgMs=16 worstMs=53 gameMs=11 drawMs=5 swapWait=0ms draws=71 decodes=0 decMs=0
[OTS] f=287880 calls=2 n0=2301 n1=274 prims=61328 bb=160,1120,0,694
[OTT] walkUs=2249 texUs=124 emitUs=688 submitUs=190 otherUs=1245 prims=393 usPerPrim=5
[SH-XBOX] vblank 288000
[MEM] tick: free=4016KB (1004 pages)
[FT] avgMs=16 worstMs=49 gameMs=11 drawMs=5 swapWait=0ms draws=71 decodes=0 decMs=0
[OTS] f=288000 calls=2 n0=2301 n1=274 prims=61019 bb=160,1120,0,694
[OTT] walkUs=2420 texUs=124 emitUs=686 submitUs=302 otherUs=1307 prims=393 usPerPrim=6
[FT] avgMs=16 worstMs=45 gameMs=11 drawMs=5 swapWait=0ms draws=71 decodes=0 decMs=0
[OTS] f=288120 calls=2 n0=2302 n1=274 prims=61345 bb=160,1120,0,694
[OTT] walkUs=2175 texUs=125 emitUs=682 submitUs=200 otherUs=1167 prims=394 usPerPrim=5
[FT] avgMs=16 worstMs=46 gameMs=11 drawMs=5 swapWait=1ms draws=70 decodes=0 decMs=0
[OTS] f=288240 calls=2 n0=2298 n1=274 prims=60903 bb=160,1120,0,694
[OTT] walkUs=2253 texUs=124 emitUs=668 submitUs=280 otherUs=1180 prims=390 usPerPrim=5
[FT] avgMs=16 worstMs=53 gameMs=11 drawMs=5 swapWait=0ms draws=70 decodes=0 decMs=0
[OTS] f=288360 calls=2 n0=2300 n1=274 prims=61280 bb=160,1120,0,694
[OTT] walkUs=2385 texUs=128 emitUs=678 submitUs=769 otherUs=807 prims=392 usPerPrim=6
[FT] avgMs=16 worstMs=49 gameMs=11 drawMs=5 swapWait=0ms draws=71 decodes=0 decMs=0
[OTS] f=288480 calls=2 n0=2298 n1=274 prims=61093 bb=160,1120,0,694
[OTT] walkUs=2353 texUs=122 emitUs=676 submitUs=567 otherUs=986 prims=390 usPerPrim=6
[SH-XBOX] vblank 288600
[MEM] tick: free=4016KB (1004 pages)
[FT] avgMs=16 worstMs=45 gameMs=11 drawMs=5 swapWait=0ms draws=70 decodes=0 decMs=0
[OTS] f=288600 calls=2 n0=2301 n1=274 prims=61121 bb=160,1120,0,694
[OTT] walkUs=2107 texUs=128 emitUs=680 submitUs=177 otherUs=1121 prims=393 usPerPrim=5
[FT] avgMs=16 worstMs=52 gameMs=11 drawMs=5 swapWait=0ms draws=71 decodes=0 decMs=0
[OTS] f=288720 calls=2 n0=2298 n1=274 prims=61101 bb=160,1120,0,694
[OTT] walkUs=2154 texUs=124 emitUs=673 submitUs=333 otherUs=1023 prims=390 usPerPrim=5
[FT] avgMs=16 worstMs=48 gameMs=11 drawMs=5 swapWait=0ms draws=70 decodes=0 decMs=0
[OTS] f=288840 calls=2 n0=2301 n1=274 prims=61196 bb=160,1120,0,694
[OTT] walkUs=2239 texUs=125 emitUs=677 submitUs=185 otherUs=1251 prims=393 usPerPrim=5
[FT] avgMs=16 worstMs=44 gameMs=11 drawMs=5 swapWait=0ms draws=70 decodes=0 decMs=0
[OTS] f=288960 calls=2 n0=2297 n1=274 prims=61091 bb=160,1120,0,694
[OTT] walkUs=1913 texUs=123 emitUs=671 submitUs=190 otherUs=927 prims=389 usPerPrim=4
[FT] avgMs=16 worstMs=45 gameMs=11 drawMs=5 swapWait=0ms draws=71 decodes=0 decMs=0
[OTS] f=289080 calls=2 n0=2302 n1=274 prims=61162 bb=160,1120,0,694
[OTT] walkUs=2270 texUs=125 emitUs=688 submitUs=320 otherUs=1136 prims=394 usPerPrim=5
[SH-XBOX] vblank 289200
[MEM] tick: free=4016KB (1004 pages)
[FT] avgMs=16 worstMs=46 gameMs=11 drawMs=5 swapWait=0ms draws=70 decodes=0 decMs=0
[OTS] f=289200 calls=2 n0=2295 n1=274 prims=61128 bb=160,1120,0,694
[OTT] walkUs=2059 texUs=123 emitUs=664 submitUs=442 otherUs=830 prims=387 usPerPrim=5
[FT] avgMs=16 worstMs=54 gameMs=11 drawMs=5 swapWait=0ms draws=70 decodes=0 decMs=0
[OTS] f=289320 calls=2 n0=2302 n1=274 prims=61083 bb=160,1120,0,694
[OTT] walkUs=2293 texUs=125 emitUs=683 submitUs=365 otherUs=1118 prims=394 usPerPrim=5
[FT] avgMs=17 worstMs=73 gameMs=11 drawMs=5 swapWait=1ms draws=70 decodes=0 decMs=0
[OTS] f=289440 calls=2 n0=2300 n1=274 prims=61164 bb=160,1120,0,694
[OTT] walkUs=2164 texUs=123 emitUs=682 submitUs=269 otherUs=1089 prims=392 usPerPrim=5
[FT] avgMs=16 worstMs=50 gameMs=11 drawMs=5 swapWait=0ms draws=71 decodes=0 decMs=0
[OTS] f=289560 calls=2 n0=2302 n1=274 prims=61035 bb=160,1120,0,694
[OTT] walkUs=2046 texUs=124 emitUs=682 submitUs=264 otherUs=975 prims=394 usPerPrim=5
[FT] avgMs=16 worstMs=46 gameMs=11 drawMs=5 swapWait=0ms draws=70 decodes=0 decMs=0
[OTS] f=289680 calls=2 n0=2297 n1=274 prims=61279 bb=160,1120,0,694
[OTT] walkUs=2112 texUs=124 emitUs=669 submitUs=193 otherUs=1124 prims=389 usPerPrim=5
[SH-XBOX] vblank 289800
[MEM] tick: free=4016KB (1004 pages)
[FT] avgMs=16 worstMs=54 gameMs=11 drawMs=5 swapWait=1ms draws=70 decodes=0 decMs=0
[OTS] f=289800 calls=2 n0=2300 n1=274 prims=60941 bb=160,1120,0,694
[OTT] walkUs=2041 texUs=128 emitUs=678 submitUs=359 otherUs=875 prims=392 usPerPrim=5
[FT] avgMs=16 worstMs=49 gameMs=11 drawMs=5 swapWait=0ms draws=71 decodes=0 decMs=0
[OTS] f=289920 calls=2 n0=2301 n1=274 prims=61329 bb=160,1120,0,694
[OTT] walkUs=2247 texUs=125 emitUs=680 submitUs=351 otherUs=1090 prims=393 usPerPrim=5
[FT] avgMs=16 worstMs=45 gameMs=11 drawMs=5 swapWait=0ms draws=70 decodes=0 decMs=0
[OTS] f=290040 calls=2 n0=2300 n1=274 prims=60900 bb=160,1120,0,694
[OTT] walkUs=2150 texUs=125 emitUs=674 submitUs=205 otherUs=1145 prims=392 usPerPrim=5
[FT] avgMs=16 worstMs=46 gameMs=11 drawMs=5 swapWait=0ms draws=70 decodes=0 decMs=0
[OTS] f=290160 calls=2 n0=2299 n1=274 prims=61308 bb=160,1120,0,694
[OTT] walkUs=2152 texUs=124 emitUs=675 submitUs=389 otherUs=963 prims=391 usPerPrim=5
[FT] avgMs=16 worstMs=54 gameMs=11 drawMs=5 swapWait=1ms draws=71 decodes=0 decMs=0
[OTS] f=290280 calls=2 n0=2299 n1=274 prims=61050 bb=160,1120,0,694
[OTT] walkUs=2256 texUs=123 emitUs=675 submitUs=434 otherUs=1023 prims=391 usPerPrim=5
[SH-XBOX] vblank 290400
[MEM] tick: free=4016KB (1004 pages)
[FT] avgMs=16 worstMs=50 gameMs=11 drawMs=5 swapWait=1ms draws=70 decodes=0 decMs=0
[OTS] f=290400 calls=2 n0=2302 n1=274 prims=61156 bb=160,1120,0,694
[OTT] walkUs=2092 texUs=125 emitUs=687 submitUs=323 otherUs=956 prims=394 usPerPrim=5
[FT] avgMs=16 worstMs=45 gameMs=11 drawMs=5 swapWait=0ms draws=71 decodes=0 decMs=0
[OTS] f=290520 calls=2 n0=2300 n1=274 prims=61083 bb=160,1120,0,694
[OTT] walkUs=2317 texUs=124 emitUs=678 submitUs=496 otherUs=1017 prims=392 usPerPrim=5
[FT] avgMs=16 worstMs=52 gameMs=11 drawMs=5 swapWait=0ms draws=71 decodes=0 decMs=0
[OTS] f=290640 calls=2 n0=2302 n1=274 prims=61251 bb=160,1120,0,694
[OTT] walkUs=2203 texUs=125 emitUs=682 submitUs=198 otherUs=1197 prims=394 usPerPrim=5
[FT] avgMs=16 worstMs=47 gameMs=11 drawMs=5 swapWait=0ms draws=71 decodes=0 decMs=0
[OTS] f=290760 calls=2 n0=2297 n1=274 prims=61153 bb=160,1120,0,694
[OTT] walkUs=2192 texUs=123 emitUs=673 submitUs=216 otherUs=1179 prims=389 usPerPrim=5
[FT] avgMs=16 worstMs=43 gameMs=11 drawMs=5 swapWait=0ms draws=70 decodes=0 decMs=0
[OTS] f=290880 calls=2 n0=2302 n1=274 prims=61044 bb=160,1120,0,694
[OTT] walkUs=2508 texUs=124 emitUs=682 submitUs=234 otherUs=1466 prims=394 usPerPrim=6
[SH-XBOX] vblank 291000
[MEM] tick: free=4016KB (1004 pages)
[FT] avgMs=16 worstMs=45 gameMs=11 drawMs=5 swapWait=0ms draws=71 decodes=0 decMs=0
[OTS] f=291000 calls=2 n0=2296 n1=274 prims=61205 bb=160,1120,0,694
[OTT] walkUs=2261 texUs=122 emitUs=675 submitUs=266 otherUs=1197 prims=388 usPerPrim=5
[FT] avgMs=16 worstMs=52 gameMs=11 drawMs=5 swapWait=0ms draws=71 decodes=0 decMs=0
[OTS] f=291120 calls=2 n0=2297 n1=274 prims=61154 bb=160,1120,0,694
[OTT] walkUs=2365 texUs=123 emitUs=670 submitUs=190 otherUs=1381 prims=389 usPerPrim=6
[FT] avgMs=16 worstMs=48 gameMs=11 drawMs=5 swapWait=0ms draws=70 decodes=0 decMs=0
[OTS] f=291240 calls=2 n0=2298 n1=274 prims=61143 bb=160,1120,0,694
[OTT] walkUs=2349 texUs=123 emitUs=674 submitUs=201 otherUs=1350 prims=390 usPerPrim=6
[FT] avgMs=16 worstMs=44 gameMs=11 drawMs=5 swapWait=0ms draws=71 decodes=0 decMs=0
[OTS] f=291360 calls=2 n0=2303 n1=274 prims=61054 bb=160,1120,0,694
[OTT] walkUs=1817 texUs=126 emitUs=690 submitUs=214 otherUs=786 prims=395 usPerPrim=4
[FT] avgMs=16 worstMs=45 gameMs=11 drawMs=5 swapWait=0ms draws=70 decodes=0 decMs=0
[OTS] f=291480 calls=2 n0=2298 n1=274 prims=61240 bb=160,1120,0,694
[OTT] walkUs=2101 texUs=124 emitUs=668 submitUs=403 otherUs=904 prims=390 usPerPrim=5
[SH-XBOX] vblank 291600
[MEM] tick: free=4016KB (1004 pages)
[FT] avgMs=16 worstMs=52 gameMs=11 drawMs=5 swapWait=0ms draws=70 decodes=0 decMs=0
[OTS] f=291600 calls=2 n0=2301 n1=274 prims=60983 bb=160,1120,0,694
[OTT] walkUs=2019 texUs=124 emitUs=684 submitUs=188 otherUs=1022 prims=393 usPerPrim=5
[FT] avgMs=16 worstMs=48 gameMs=11 drawMs=5 swapWait=0ms draws=71 decodes=0 decMs=0
[OTS] f=291720 calls=2 n0=2301 n1=274 prims=61328 bb=160,1120,0,694
[OTT] walkUs=2358 texUs=124 emitUs=683 submitUs=522 otherUs=1027 prims=393 usPerPrim=6
[FT] avgMs=16 worstMs=43 gameMs=11 drawMs=5 swapWait=0ms draws=70 decodes=0 decMs=0
[OTS] f=291840 calls=2 n0=2301 n1=274 prims=60862 bb=160,1120,0,694
[OTT] walkUs=2288 texUs=125 emitUs=681 submitUs=301 otherUs=1180 prims=393 usPerPrim=5
[FT] avgMs=16 worstMs=44 gameMs=11 drawMs=5 swapWait=1ms draws=71 decodes=0 decMs=0
[OTS] f=291960 calls=2 n0=2301 n1=274 prims=61350 bb=160,1120,0,694
[OTT] walkUs=2014 texUs=124 emitUs=682 submitUs=188 otherUs=1019 prims=393 usPerPrim=5
[FT] avgMs=16 worstMs=52 gameMs=11 drawMs=5 swapWait=0ms draws=70 decodes=0 decMs=0
[OTS] f=292080 calls=2 n0=2300 n1=274 prims=60901 bb=160,1120,0,694
[OTT] walkUs=2014 texUs=124 emitUs=677 submitUs=224 otherUs=988 prims=392 usPerPrim=5
[SH-XBOX] vblank 292200
[MEM] tick: free=4016KB (1004 pages)
[FT] avgMs=16 worstMs=48 gameMs=11 drawMs=5 swapWait=0ms draws=71 decodes=0 decMs=0
[OTS] f=292200 calls=2 n0=2300 n1=274 prims=61306 bb=160,1120,0,694
[OTT] walkUs=2211 texUs=123 emitUs=678 submitUs=204 otherUs=1204 prims=392 usPerPrim=5
[FT] avgMs=16 worstMs=44 gameMs=11 drawMs=5 swapWait=0ms draws=70 decodes=0 decMs=0
[OTS] f=292320 calls=2 n0=2296 n1=274 prims=60993 bb=160,1120,0,694
[OTT] walkUs=2064 texUs=123 emitUs=667 submitUs=189 otherUs=1083 prims=388 usPerPrim=5
[FT] avgMs=16 worstMs=45 gameMs=11 drawMs=5 swapWait=0ms draws=70 decodes=0 decMs=0
[OTS] f=292440 calls=2 n0=2300 n1=274 prims=61209 bb=160,1120,0,694
[OTT] walkUs=2046 texUs=124 emitUs=677 submitUs=198 otherUs=1045 prims=392 usPerPrim=5
[FT] avgMs=16 worstMs=53 gameMs=11 drawMs=5 swapWait=0ms draws=71 decodes=0 decMs=0
[OTS] f=292560 calls=2 n0=2298 n1=274 prims=61113 bb=160,1120,0,694
[OTT] walkUs=2187 texUs=123 emitUs=676 submitUs=390 otherUs=998 prims=390 usPerPrim=5
[FT] avgMs=16 worstMs=48 gameMs=11 drawMs=5 swapWait=0ms draws=70 decodes=0 decMs=0
[OTS] f=292680 calls=2 n0=2304 n1=274 prims=61080 bb=160,1120,0,694
[OTT] walkUs=2215 texUs=126 emitUs=687 submitUs=301 otherUs=1100 prims=396 usPerPrim=5
[SH-XBOX] vblank 292800
[MEM] tick: free=4016KB (1004 pages)
[FT] avgMs=16 worstMs=44 gameMs=11 drawMs=5 swapWait=0ms draws=71 decodes=0 decMs=0
[OTS] f=292800 calls=2 n0=2297 n1=274 prims=61177 bb=160,1120,0,694
[OTT] walkUs=2166 texUs=122 emitUs=678 submitUs=199 otherUs=1166 prims=389 usPerPrim=5
[FT] avgMs=16 worstMs=45 gameMs=11 drawMs=5 swapWait=0ms draws=71 decodes=0 decMs=0
[OTS] f=292920 calls=2 n0=2302 n1=274 prims=61191 bb=160,1120,0,694
[OTT] walkUs=2249 texUs=124 emitUs=683 submitUs=216 otherUs=1224 prims=394 usPerPrim=5
[FT] avgMs=16 worstMs=53 gameMs=11 drawMs=5 swapWait=0ms draws=70 decodes=0 decMs=0
[OTS] f=293040 calls=2 n0=2297 n1=274 prims=61102 bb=160,1120,0,694
[OTT] walkUs=2092 texUs=123 emitUs=671 submitUs=269 otherUs=1029 prims=389 usPerPrim=5
[FT] avgMs=16 worstMs=48 gameMs=11 drawMs=5 swapWait=0ms draws=71 decodes=0 decMs=0
[OTS] f=293160 calls=2 n0=2303 n1=274 prims=61087 bb=160,1120,0,694
[OTT] walkUs=2249 texUs=129 emitUs=685 submitUs=205 otherUs=1227 prims=395 usPerPrim=5
[FT] avgMs=16 worstMs=43 gameMs=11 drawMs=5 swapWait=1ms draws=71 decodes=0 decMs=0
[OTS] f=293280 calls=2 n0=2300 n1=274 prims=61284 bb=160,1120,0,694
[OTT] walkUs=2243 texUs=124 emitUs=681 submitUs=197 otherUs=1240 prims=392 usPerPrim=5
[SH-XBOX] vblank 293400
[MEM] tick: free=4016KB (1004 pages)
[FT] avgMs=16 worstMs=45 gameMs=11 drawMs=5 swapWait=0ms draws=71 decodes=0 decMs=0
[OTS] f=293400 calls=2 n0=2302 n1=274 prims=61065 bb=160,1120,0,694
[OTT] walkUs=2287 texUs=125 emitUs=683 submitUs=192 otherUs=1286 prims=394 usPerPrim=5
[FT] avgMs=16 worstMs=52 gameMs=11 drawMs=5 swapWait=0ms draws=70 decodes=0 decMs=0
[OTS] f=293520 calls=2 n0=2299 n1=274 prims=61190 bb=160,1120,0,694
[OTT] walkUs=2363 texUs=124 emitUs=681 submitUs=256 otherUs=1300 prims=391 usPerPrim=6
[FT] avgMs=16 worstMs=48 gameMs=11 drawMs=5 swapWait=1ms draws=71 decodes=0 decMs=0
[OTS] f=293640 calls=2 n0=2300 n1=274 prims=61001 bb=160,1120,0,694
[OTT] walkUs=2258 texUs=124 emitUs=678 submitUs=375 otherUs=1078 prims=392 usPerPrim=5
[FT] avgMs=16 worstMs=44 gameMs=11 drawMs=5 swapWait=0ms draws=70 decodes=0 decMs=0
[OTS] f=293760 calls=2 n0=2298 n1=274 prims=61333 bb=160,1120,0,694
[OTT] walkUs=2074 texUs=124 emitUs=667 submitUs=198 otherUs=1084 prims=390 usPerPrim=5
[FT] avgMs=16 worstMs=45 gameMs=11 drawMs=5 swapWait=0ms draws=70 decodes=0 decMs=0
[OTS] f=293880 calls=2 n0=2302 n1=274 prims=60916 bb=160,1120,0,694
[OTT] walkUs=2105 texUs=125 emitUs=682 submitUs=302 otherUs=993 prims=394 usPerPrim=5
[SH-XBOX] vblank 294000
[MEM] tick: free=4016KB (1004 pages)
[FT] avgMs=16 worstMs=52 gameMs=11 drawMs=5 swapWait=0ms draws=71 decodes=0 decMs=0
[OTS] f=294000 calls=2 n0=2300 n1=274 prims=61316 bb=160,1120,0,694
[OTT] walkUs=2003 texUs=123 emitUs=677 submitUs=320 otherUs=881 prims=392 usPerPrim=5
[FT] avgMs=16 worstMs=48 gameMs=11 drawMs=5 swapWait=0ms draws=70 decodes=0 decMs=0
[OTS] f=294120 calls=2 n0=2297 n1=274 prims=60936 bb=160,1120,0,694
[OTT] walkUs=1963 texUs=123 emitUs=671 submitUs=194 otherUs=974 prims=389 usPerPrim=5
[FT] avgMs=16 worstMs=44 gameMs=11 drawMs=5 swapWait=0ms draws=70 decodes=0 decMs=0
[OTS] f=294240 calls=2 n0=2301 n1=274 prims=61264 bb=160,1120,0,694
[OTT] walkUs=2017 texUs=125 emitUs=678 submitUs=291 otherUs=922 prims=393 usPerPrim=5
[FT] avgMs=16 worstMs=45 gameMs=11 drawMs=5 swapWait=1ms draws=71 decodes=0 decMs=0
[OTS] f=294360 calls=2 n0=2300 n1=274 prims=61091 bb=160,1120,0,694
[OTT] walkUs=2039 texUs=124 emitUs=680 submitUs=240 otherUs=994 prims=392 usPerPrim=5
[FT] avgMs=16 worstMs=53 gameMs=11 drawMs=5 swapWait=0ms draws=70 decodes=0 decMs=0
[OTS] f=294480 calls=2 n0=2303 n1=274 prims=61109 bb=160,1120,0,694
[OTT] walkUs=2232 texUs=125 emitUs=686 submitUs=214 otherUs=1206 prims=395 usPerPrim=5
[SH-XBOX] vblank 294600
[MEM] tick: free=4016KB (1004 pages)
[FT] avgMs=16 worstMs=48 gameMs=11 drawMs=5 swapWait=0ms draws=70 decodes=0 decMs=0
[OTS] f=294600 calls=2 n0=2295 n1=274 prims=61115 bb=160,1120,0,694
[OTT] walkUs=2026 texUs=125 emitUs=662 submitUs=389 otherUs=849 prims=387 usPerPrim=5
[FT] avgMs=16 worstMs=44 gameMs=11 drawMs=5 swapWait=0ms draws=70 decodes=0 decMs=0
[OTS] f=294720 calls=2 n0=2302 n1=274 prims=61096 bb=160,1120,0,694
[OTT] walkUs=2186 texUs=124 emitUs=687 submitUs=406 otherUs=968 prims=394 usPerPrim=5
[FT] avgMs=16 worstMs=45 gameMs=11 drawMs=5 swapWait=0ms draws=71 decodes=0 decMs=0
[OTS] f=294840 calls=2 n0=2296 n1=274 prims=61205 bb=160,1120,0,694
[OTT] walkUs=2152 texUs=122 emitUs=671 submitUs=359 otherUs=998 prims=388 usPerPrim=5
[FT] avgMs=16 worstMs=52 gameMs=11 drawMs=5 swapWait=1ms draws=70 decodes=0 decMs=0
[OTS] f=294960 calls=2 n0=2296 n1=274 prims=61024 bb=160,1120,0,694
[OTT] walkUs=1948 texUs=124 emitUs=668 submitUs=189 otherUs=966 prims=388 usPerPrim=5
[FT] avgMs=16 worstMs=48 gameMs=11 drawMs=5 swapWait=0ms draws=70 decodes=0 decMs=0
[OTS] f=295080 calls=2 n0=2297 n1=274 prims=61242 bb=160,1120,0,694
[OTT] walkUs=2151 texUs=122 emitUs=669 submitUs=264 otherUs=1095 prims=389 usPerPrim=5
[SH-XBOX] vblank 295200
[MEM] tick: free=4016KB (1004 pages)
[FT] avgMs=16 worstMs=44 gameMs=11 drawMs=5 swapWait=0ms draws=71 decodes=0 decMs=0
[OTS] f=295200 calls=2 n0=2303 n1=274 prims=61084 bb=160,1120,0,694
[OTT] walkUs=1936 texUs=130 emitUs=685 submitUs=208 otherUs=912 prims=395 usPerPrim=4
[FT] avgMs=16 worstMs=46 gameMs=11 drawMs=5 swapWait=0ms draws=70 decodes=0 decMs=0
[OTS] f=295320 calls=2 n0=2300 n1=274 prims=61167 bb=160,1120,0,694
[OTT] walkUs=2165 texUs=124 emitUs=682 submitUs=189 otherUs=1169 prims=392 usPerPrim=5
[FT] avgMs=16 worstMs=53 gameMs=11 drawMs=5 swapWait=0ms draws=71 decodes=0 decMs=0
[OTS] f=295440 calls=2 n0=2301 n1=274 prims=61027 bb=160,1120,0,694
[OTT] walkUs=2119 texUs=124 emitUs=681 submitUs=294 otherUs=1018 prims=393 usPerPrim=5
[FT] avgMs=16 worstMs=48 gameMs=11 drawMs=5 swapWait=0ms draws=70 decodes=0 decMs=0
[OTS] f=295560 calls=2 n0=2298 n1=274 prims=61320 bb=160,1120,0,694
[OTT] walkUs=2058 texUs=124 emitUs=673 submitUs=244 otherUs=1015 prims=390 usPerPrim=5
[FT] avgMs=16 worstMs=44 gameMs=11 drawMs=5 swapWait=1ms draws=70 decodes=0 decMs=0
[OTS] f=295680 calls=2 n0=2301 n1=274 prims=60900 bb=160,1120,0,694
[OTT] walkUs=2355 texUs=130 emitUs=680 submitUs=360 otherUs=1185 prims=393 usPerPrim=5
[SH-XBOX] vblank 295800
[MEM] tick: free=4016KB (1004 pages)
[FT] avgMs=16 worstMs=45 gameMs=11 drawMs=5 swapWait=0ms draws=71 decodes=0 decMs=0
[OTS] f=295800 calls=2 n0=2302 n1=274 prims=61344 bb=160,1120,0,694
[OTT] walkUs=2138 texUs=131 emitUs=683 submitUs=283 otherUs=1040 prims=394 usPerPrim=5
[FT] avgMs=16 worstMs=52 gameMs=11 drawMs=5 swapWait=0ms draws=71 decodes=0 decMs=0
[OTS] f=295920 calls=2 n0=2300 n1=274 prims=61006 bb=160,1120,0,694
[OTT] walkUs=2263 texUs=123 emitUs=678 submitUs=347 otherUs=1113 prims=392 usPerPrim=5
[FT] avgMs=16 worstMs=49 gameMs=11 drawMs=5 swapWait=0ms draws=71 decodes=0 decMs=0
[OTS] f=296040 calls=2 n0=2299 n1=274 prims=61331 bb=160,1120,0,694
[OTT] walkUs=2188 texUs=124 emitUs=674 submitUs=335 otherUs=1053 prims=391 usPerPrim=5
[FT] avgMs=16 worstMs=44 gameMs=11 drawMs=5 swapWait=0ms draws=70 decodes=0 decMs=0
[OTS] f=296160 calls=2 n0=2298 n1=274 prims=60939 bb=160,1120,0,694
[OTT] walkUs=2205 texUs=123 emitUs=672 submitUs=191 otherUs=1216 prims=390 usPerPrim=5
[FT] avgMs=16 worstMs=46 gameMs=11 drawMs=5 swapWait=1ms draws=71 decodes=0 decMs=0
[OTS] f=296280 calls=2 n0=2301 n1=274 prims=61249 bb=160,1120,0,694
[OTT] walkUs=2358 texUs=124 emitUs=683 submitUs=190 otherUs=1360 prims=393 usPerPrim=6
[SH-XBOX] vblank 296400
[MEM] tick: free=4016KB (1004 pages)
[FT] avgMs=16 worstMs=52 gameMs=11 drawMs=5 swapWait=0ms draws=70 decodes=0 decMs=0
[OTS] f=296400 calls=2 n0=2296 n1=274 prims=61063 bb=160,1120,0,694
[OTT] walkUs=2220 texUs=123 emitUs=665 submitUs=377 otherUs=1054 prims=388 usPerPrim=5
[FT] avgMs=16 worstMs=48 gameMs=11 drawMs=5 swapWait=0ms draws=70 decodes=0 decMs=0
[OTS] f=296520 calls=2 n0=2304 n1=274 prims=61148 bb=160,1120,0,694
[OTT] walkUs=2333 texUs=125 emitUs=690 submitUs=368 otherUs=1149 prims=396 usPerPrim=5
[FT] avgMs=16 worstMs=44 gameMs=11 drawMs=5 swapWait=0ms draws=71 decodes=0 decMs=0
[OTS] f=296640 calls=2 n0=2297 n1=274 prims=61177 bb=160,1120,0,694
[OTT] walkUs=2270 texUs=123 emitUs=679 submitUs=202 otherUs=1266 prims=389 usPerPrim=5
[FT] avgMs=16 worstMs=46 gameMs=11 drawMs=5 swapWait=0ms draws=70 decodes=0 decMs=0
[OTS] f=296760 calls=2 n0=2300 n1=274 prims=61043 bb=160,1120,0,694
[OTT] walkUs=1822 texUs=125 emitUs=677 submitUs=201 otherUs=818 prims=392 usPerPrim=4
[FT] avgMs=16 worstMs=53 gameMs=11 drawMs=5 swapWait=0ms draws=70 decodes=0 decMs=0
[OTS] f=296880 calls=2 n0=2296 n1=274 prims=61226 bb=160,1120,0,694
[OTT] walkUs=1985 texUs=123 emitUs=670 submitUs=192 otherUs=999 prims=388 usPerPrim=5
[SH-XBOX] vblank 297000
[MEM] tick: free=4016KB (1004 pages)
[FT] avgMs=16 worstMs=48 gameMs=11 drawMs=5 swapWait=0ms draws=71 decodes=0 decMs=0
[OTS] f=297000 calls=2 n0=2303 n1=274 prims=61110 bb=160,1120,0,694
[OTT] walkUs=2039 texUs=125 emitUs=686 submitUs=370 otherUs=856 prims=395 usPerPrim=5
[FT] avgMs=16 worstMs=44 gameMs=11 drawMs=5 swapWait=0ms draws=70 decodes=0 decMs=0
[OTS] f=297120 calls=2 n0=2300 n1=274 prims=61156 bb=160,1120,0,694
[OTT] walkUs=2033 texUs=124 emitUs=682 submitUs=186 otherUs=1040 prims=392 usPerPrim=5
[FT] avgMs=17 worstMs=69 gameMs=11 drawMs=5 swapWait=0ms draws=70 decodes=0 decMs=0
[OTS] f=297240 calls=2 n0=2300 n1=274 prims=60981 bb=160,1120,0,694
[OTT] walkUs=2157 texUs=124 emitUs=676 submitUs=385 otherUs=969 prims=392 usPerPrim=5
[FT] avgMs=16 worstMs=47 gameMs=11 drawMs=5 swapWait=0ms draws=70 decodes=0 decMs=0
[OTS] f=297360 calls=2 n0=2298 n1=274 prims=61262 bb=160,1120,0,694
[OTT] walkUs=1912 texUs=124 emitUs=676 submitUs=278 otherUs=834 prims=390 usPerPrim=4
[FT] avgMs=16 worstMs=43 gameMs=11 drawMs=5 swapWait=0ms draws=71 decodes=0 decMs=0
[OTS] f=297480 calls=2 n0=2300 n1=274 prims=61013 bb=160,1120,0,694
[OTT] walkUs=2147 texUs=124 emitUs=678 submitUs=189 otherUs=1155 prims=392 usPerPrim=5
[SH-XBOX] vblank 297600
[MEM] tick: free=4016KB (1004 pages)
[FT] avgMs=16 worstMs=44 gameMs=11 drawMs=5 swapWait=0ms draws=70 decodes=0 decMs=0
[OTS] f=297600 calls=2 n0=2301 n1=274 prims=61202 bb=160,1120,0,694
[OTT] walkUs=2015 texUs=124 emitUs=685 submitUs=205 otherUs=999 prims=393 usPerPrim=5
[FT] avgMs=16 worstMs=45 gameMs=11 drawMs=5 swapWait=0ms draws=71 decodes=0 decMs=0
[OTS] f=297720 calls=2 n0=2302 n1=274 prims=61018 bb=160,1120,0,694
[OTT] walkUs=2046 texUs=125 emitUs=685 submitUs=254 otherUs=980 prims=394 usPerPrim=5
[FT] avgMs=16 worstMs=53 gameMs=11 drawMs=5 swapWait=0ms draws=71 decodes=0 decMs=0
[OTS] f=297840 calls=2 n0=2300 n1=274 prims=61346 bb=160,1120,0,694
[OTT] walkUs=2184 texUs=124 emitUs=682 submitUs=211 otherUs=1165 prims=392 usPerPrim=5
[FT] avgMs=16 worstMs=48 gameMs=11 drawMs=5 swapWait=1ms draws=70 decodes=0 decMs=0
[OTS] f=297960 calls=2 n0=2299 n1=274 prims=60894 bb=160,1120,0,694
[OTT] walkUs=2018 texUs=123 emitUs=680 submitUs=232 otherUs=981 prims=391 usPerPrim=5
[FT] avgMs=16 worstMs=44 gameMs=11 drawMs=5 swapWait=1ms draws=71 decodes=0 decMs=0
[OTS] f=298080 calls=2 n0=2302 n1=274 prims=61284 bb=160,1120,0,694
[OTT] walkUs=2313 texUs=127 emitUs=682 submitUs=379 otherUs=1123 prims=394 usPerPrim=5
[SH-XBOX] vblank 298200
[MEM] tick: free=4016KB (1004 pages)
[FT] avgMs=16 worstMs=45 gameMs=11 drawMs=5 swapWait=0ms draws=70 decodes=0 decMs=0
[OTS] f=298200 calls=2 n0=2298 n1=274 prims=61029 bb=160,1120,0,694
[OTT] walkUs=2022 texUs=124 emitUs=673 submitUs=296 otherUs=927 prims=390 usPerPrim=5
[FT] avgMs=16 worstMs=53 gameMs=11 drawMs=5 swapWait=0ms draws=70 decodes=0 decMs=0
[OTS] f=298320 calls=2 n0=2303 n1=274 prims=61193 bb=160,1120,0,694
[OTT] walkUs=2196 texUs=125 emitUs=688 submitUs=433 otherUs=949 prims=395 usPerPrim=5
[FT] avgMs=16 worstMs=49 gameMs=11 drawMs=5 swapWait=0ms draws=71 decodes=0 decMs=0
[OTS] f=298440 calls=2 n0=2297 n1=274 prims=61137 bb=160,1120,0,694
[OTT] walkUs=2121 texUs=122 emitUs=671 submitUs=204 otherUs=1121 prims=389 usPerPrim=5
[FT] avgMs=16 worstMs=44 gameMs=11 drawMs=5 swapWait=0ms draws=71 decodes=0 decMs=0
[OTS] f=298560 calls=2 n0=2302 n1=274 prims=61172 bb=160,1120,0,694
[OTT] walkUs=2354 texUs=124 emitUs=689 submitUs=412 otherUs=1128 prims=394 usPerPrim=5
[FT] avgMs=16 worstMs=46 gameMs=11 drawMs=5 swapWait=1ms draws=71 decodes=0 decMs=0
[OTS] f=298680 calls=2 n0=2295 n1=274 prims=61215 bb=160,1120,0,694
[OTT] walkUs=2285 texUs=121 emitUs=667 submitUs=190 otherUs=1305 prims=387 usPerPrim=5
[SH-XBOX] vblank 298800
[MEM] tick: free=4016KB (1004 pages)
[FT] avgMs=16 worstMs=54 gameMs=11 drawMs=5 swapWait=0ms draws=70 decodes=0 decMs=0
[OTS] f=298800 calls=2 n0=2298 n1=274 prims=61018 bb=160,1120,0,694
[OTT] walkUs=2264 texUs=124 emitUs=675 submitUs=209 otherUs=1254 prims=390 usPerPrim=5
[FT] avgMs=16 worstMs=49 gameMs=11 drawMs=5 swapWait=0ms draws=71 decodes=0 decMs=0
[OTS] f=298920 calls=2 n0=2298 n1=274 prims=61266 bb=160,1120,0,694
[OTT] walkUs=2417 texUs=132 emitUs=676 submitUs=504 otherUs=1103 prims=390 usPerPrim=6
[FT] avgMs=16 worstMs=45 gameMs=11 drawMs=5 swapWait=0ms draws=70 decodes=0 decMs=0
[OTS] f=299040 calls=2 n0=2301 n1=274 prims=60984 bb=160,1120,0,694
[OTT] walkUs=2313 texUs=125 emitUs=680 submitUs=335 otherUs=1172 prims=393 usPerPrim=5
[FT] avgMs=16 worstMs=46 gameMs=11 drawMs=5 swapWait=0ms draws=70 decodes=0 decMs=0
[OTS] f=299160 calls=2 n0=2299 n1=274 prims=61258 bb=160,1120,0,694
[OTT] walkUs=2405 texUs=126 emitUs=674 submitUs=431 otherUs=1172 prims=391 usPerPrim=6
[FT] avgMs=16 worstMs=54 gameMs=11 drawMs=5 swapWait=0ms draws=71 decodes=0 decMs=0
[OTS] f=299280 calls=2 n0=2301 n1=274 prims=61037 bb=160,1120,0,694
[OTT] walkUs=2100 texUs=124 emitUs=681 submitUs=176 otherUs=1118 prims=393 usPerPrim=5
[SH-XBOX] vblank 299400
[MEM] tick: free=4016KB (1004 pages)
[FT] avgMs=16 worstMs=49 gameMs=11 drawMs=5 swapWait=0ms draws=70 decodes=0 decMs=0
[OTS] f=299400 calls=2 n0=2301 n1=274 prims=61201 bb=160,1120,0,694
[OTT] walkUs=2156 texUs=124 emitUs=686 submitUs=192 otherUs=1152 prims=393 usPerPrim=5
[FT] avgMs=16 worstMs=44 gameMs=11 drawMs=5 swapWait=0ms draws=71 decodes=0 decMs=0
[OTS] f=299520 calls=2 n0=2301 n1=274 prims=60990 bb=160,1120,0,694
[OTT] walkUs=2060 texUs=124 emitUs=686 submitUs=220 otherUs=1028 prims=393 usPerPrim=5
[FT] avgMs=16 worstMs=46 gameMs=11 drawMs=5 swapWait=0ms draws=71 decodes=0 decMs=0
[OTS] f=299640 calls=2 n0=2302 n1=274 prims=61374 bb=160,1120,0,694
[OTT] walkUs=2227 texUs=126 emitUs=689 submitUs=285 otherUs=1125 prims=394 usPerPrim=5
[FT] avgMs=16 worstMs=53 gameMs=11 drawMs=5 swapWait=1ms draws=70 decodes=0 decMs=0
[OTS] f=299760 calls=2 n0=2300 n1=274 prims=60878 bb=160,1120,0,694
[OTT] walkUs=2004 texUs=125 emitUs=682 submitUs=187 otherUs=1009 prims=392 usPerPrim=5
[FT] avgMs=16 worstMs=49 gameMs=11 drawMs=5 swapWait=0ms draws=70 decodes=0 decMs=0
[OTS] f=299880 calls=2 n0=2298 n1=274 prims=61219 bb=160,1120,0,694
[OTT] walkUs=1926 texUs=124 emitUs=671 submitUs=209 otherUs=920 prims=390 usPerPrim=4
[SH-XBOX] vblank 300000
[MEM] tick: free=4016KB (1004 pages)
[FT] avgMs=16 worstMs=44 gameMs=11 drawMs=5 swapWait=0ms draws=70 decodes=0 decMs=0
[OTS] f=300000 calls=2 n0=2297 n1=274 prims=61024 bb=160,1120,0,694
[OTT] walkUs=1899 texUs=124 emitUs=674 submitUs=296 otherUs=804 prims=389 usPerPrim=4
[FT] avgMs=16 worstMs=46 gameMs=11 drawMs=5 swapWait=0ms draws=71 decodes=0 decMs=0
[OTS] f=300120 calls=2 n0=2301 n1=274 prims=61277 bb=160,1120,0,694
[OTT] walkUs=1919 texUs=124 emitUs=681 submitUs=193 otherUs=920 prims=393 usPerPrim=4
[FT] avgMs=16 worstMs=53 gameMs=11 drawMs=5 swapWait=0ms draws=70 decodes=0 decMs=0
[OTS] f=300240 calls=2 n0=2298 n1=274 prims=60972 bb=160,1120,0,694
[OTT] walkUs=1978 texUs=122 emitUs=676 submitUs=391 otherUs=788 prims=390 usPerPrim=5
[FT] avgMs=16 worstMs=48 gameMs=11 drawMs=5 swapWait=0ms draws=71 decodes=0 decMs=0
[OTS] f=300360 calls=2 n0=2304 n1=274 prims=61208 bb=160,1120,0,694
[OTT] walkUs=2178 texUs=126 emitUs=694 submitUs=243 otherUs=1113 prims=396 usPerPrim=5
[FT] avgMs=16 worstMs=44 gameMs=11 drawMs=5 swapWait=0ms draws=70 decodes=0 decMs=0
[OTS] f=300480 calls=2 n0=2294 n1=274 prims=61185 bb=160,1120,0,694
[OTT] walkUs=1931 texUs=122 emitUs=660 submitUs=179 otherUs=968 prims=386 usPerPrim=5
[SH-XBOX] vblank 300600
[MEM] tick: free=4016KB (1004 pages)
[FT] avgMs=16 worstMs=46 gameMs=11 drawMs=5 swapWait=1ms draws=70 decodes=0 decMs=0
[OTS] f=300600 calls=2 n0=2302 n1=274 prims=61055 bb=160,1120,0,694
[OTT] walkUs=2054 texUs=125 emitUs=687 submitUs=368 otherUs=873 prims=394 usPerPrim=5
[FT] avgMs=16 worstMs=53 gameMs=11 drawMs=5 swapWait=0ms draws=71 decodes=0 decMs=0
[OTS] f=300720 calls=2 n0=2297 n1=274 prims=61230 bb=160,1120,0,694
[OTT] walkUs=2183 texUs=122 emitUs=685 submitUs=189 otherUs=1185 prims=389 usPerPrim=5
[FT] avgMs=16 worstMs=49 gameMs=11 drawMs=5 swapWait=0ms draws=70 decodes=0 decMs=0
[OTS] f=300840 calls=2 n0=2301 n1=274 prims=61000 bb=160,1120,0,694
[OTT] walkUs=2029 texUs=125 emitUs=677 submitUs=374 otherUs=852 prims=393 usPerPrim=5
[FT] avgMs=16 worstMs=44 gameMs=11 drawMs=5 swapWait=0ms draws=70 decodes=0 decMs=0
[OTS] f=300960 calls=2 n0=2299 n1=274 prims=61268 bb=160,1120,0,694
[OTT] walkUs=2340 texUs=124 emitUs=685 submitUs=193 otherUs=1337 prims=391 usPerPrim=5
[FT] avgMs=16 worstMs=46 gameMs=11 drawMs=5 swapWait=0ms draws=71 decodes=0 decMs=0
[OTS] f=301080 calls=2 n0=2302 n1=274 prims=61038 bb=160,1120,0,694
[OTT] walkUs=2175 texUs=128 emitUs=682 submitUs=446 otherUs=918 prims=394 usPerPrim=5
[SH-XBOX] vblank 301200
[MEM] tick: free=4016KB (1004 pages)
[FT] avgMs=16 worstMs=53 gameMs=11 drawMs=5 swapWait=1ms draws=71 decodes=0 decMs=0
[OTS] f=301200 calls=2 n0=2299 n1=274 prims=61318 bb=160,1120,0,694
[OTT] walkUs=2128 texUs=124 emitUs=676 submitUs=247 otherUs=1079 prims=391 usPerPrim=5
[FT] avgMs=16 worstMs=49 gameMs=11 drawMs=5 swapWait=0ms draws=70 decodes=0 decMs=0
[OTS] f=301320 calls=2 n0=2298 n1=274 prims=60979 bb=160,1120,0,694
[OTT] walkUs=2176 texUs=126 emitUs=670 submitUs=378 otherUs=1001 prims=390 usPerPrim=5
[FT] avgMs=16 worstMs=45 gameMs=11 drawMs=5 swapWait=0ms draws=70 decodes=0 decMs=0
[OTS] f=301440 calls=2 n0=2301 n1=274 prims=61254 bb=160,1120,0,694
[OTT] walkUs=2241 texUs=124 emitUs=681 submitUs=196 otherUs=1239 prims=393 usPerPrim=5
[FT] avgMs=16 worstMs=46 gameMs=11 drawMs=5 swapWait=0ms draws=71 decodes=0 decMs=0
[OTS] f=301560 calls=2 n0=2302 n1=274 prims=61018 bb=160,1120,0,694
[OTT] walkUs=2305 texUs=125 emitUs=684 submitUs=193 otherUs=1303 prims=394 usPerPrim=5
[FT] avgMs=16 worstMs=54 gameMs=11 drawMs=5 swapWait=1ms draws=70 decodes=0 decMs=0
[OTS] f=301680 calls=2 n0=2298 n1=274 prims=61215 bb=160,1120,0,694
[OTT] walkUs=2344 texUs=123 emitUs=673 submitUs=189 otherUs=1358 prims=390 usPerPrim=6
[SH-XBOX] vblank 301800
[MEM] tick: free=4016KB (1004 pages)
[FT] avgMs=16 worstMs=49 gameMs=11 drawMs=5 swapWait=0ms draws=70 decodes=0 decMs=0
[OTS] f=301800 calls=2 n0=2298 n1=274 prims=61002 bb=160,1120,0,694
[OTT] walkUs=2348 texUs=124 emitUs=676 submitUs=316 otherUs=1232 prims=390 usPerPrim=6
[FT] avgMs=16 worstMs=45 gameMs=11 drawMs=5 swapWait=0ms draws=71 decodes=0 decMs=0
[OTS] f=301920 calls=2 n0=2302 n1=274 prims=61308 bb=160,1120,0,694
[OTT] walkUs=2345 texUs=125 emitUs=690 submitUs=334 otherUs=1194 prims=394 usPerPrim=5
[FT] avgMs=16 worstMs=52 gameMs=11 drawMs=5 swapWait=0ms draws=70 decodes=0 decMs=0
[OTS] f=302040 calls=2 n0=2300 n1=274 prims=60955 bb=160,1120,0,694
[OTT] walkUs=2334 texUs=124 emitUs=679 submitUs=191 otherUs=1339 prims=392 usPerPrim=5
[FT] avgMs=16 worstMs=47 gameMs=11 drawMs=5 swapWait=0ms draws=71 decodes=0 decMs=0
[OTS] f=302160 calls=2 n0=2303 n1=274 prims=61237 bb=160,1120,0,694
[OTT] walkUs=1887 texUs=125 emitUs=694 submitUs=197 otherUs=869 prims=395 usPerPrim=4
[FT] avgMs=16 worstMs=43 gameMs=11 drawMs=5 swapWait=0ms draws=70 decodes=0 decMs=0
[OTS] f=302280 calls=2 n0=2294 n1=274 prims=61133 bb=160,1120,0,694
[OTT] walkUs=2083 texUs=122 emitUs=669 submitUs=285 otherUs=1006 prims=386 usPerPrim=5
[SH-XBOX] vblank 302400
[MEM] tick: free=4016KB (1004 pages)
[FT] avgMs=16 worstMs=44 gameMs=11 drawMs=5 swapWait=0ms draws=70 decodes=0 decMs=0
[OTS] f=302400 calls=2 n0=2302 n1=274 prims=61078 bb=160,1120,0,694
[OTT] walkUs=1918 texUs=126 emitUs=687 submitUs=216 otherUs=888 prims=394 usPerPrim=4
[FT] avgMs=16 worstMs=47 gameMs=11 drawMs=5 swapWait=0ms draws=70 decodes=0 decMs=0
[OTS] f=302520 calls=2 n0=2294 n1=274 prims=61087 bb=160,1120,0,694
[OTT] walkUs=1875 texUs=127 emitUs=671 submitUs=283 otherUs=793 prims=386 usPerPrim=4
[FT] avgMs=16 worstMs=54 gameMs=11 drawMs=5 swapWait=0ms draws=70 decodes=0 decMs=0
[OTS] f=302640 calls=2 n0=2298 n1=274 prims=61116 bb=160,1120,0,694
[OTT] walkUs=2231 texUs=122 emitUs=677 submitUs=533 otherUs=897 prims=390 usPerPrim=5
[FT] avgMs=16 worstMs=49 gameMs=11 drawMs=5 swapWait=0ms draws=71 decodes=0 decMs=0
[OTS] f=302760 calls=2 n0=2298 n1=274 prims=61296 bb=160,1120,0,694
[OTT] walkUs=1876 texUs=122 emitUs=677 submitUs=190 otherUs=885 prims=390 usPerPrim=4
[FT] avgMs=16 worstMs=44 gameMs=11 drawMs=5 swapWait=0ms draws=70 decodes=0 decMs=0
[OTS] f=302880 calls=2 n0=2303 n1=274 prims=60926 bb=160,1120,0,694
[OTT] walkUs=2161 texUs=125 emitUs=690 submitUs=299 otherUs=1046 prims=395 usPerPrim=5
[SH-XBOX] vblank 303000
[MEM] tick: free=4016KB (1004 pages)
[FT] avgMs=16 worstMs=47 gameMs=11 drawMs=5 swapWait=1ms draws=71 decodes=0 decMs=0
[OTS] f=303000 calls=2 n0=2300 n1=274 prims=61294 bb=160,1120,0,694
[OTT] walkUs=1995 texUs=124 emitUs=684 submitUs=248 otherUs=938 prims=392 usPerPrim=5
[FT] avgMs=16 worstMs=53 gameMs=11 drawMs=5 swapWait=0ms draws=70 decodes=0 decMs=0
[OTS] f=303120 calls=2 n0=2299 n1=274 prims=60989 bb=160,1120,0,694
[OTT] walkUs=1972 texUs=124 emitUs=675 submitUs=186 otherUs=985 prims=391 usPerPrim=5
[FT] avgMs=16 worstMs=49 gameMs=11 drawMs=5 swapWait=0ms draws=70 decodes=0 decMs=0
[OTS] f=303240 calls=2 n0=2301 n1=274 prims=61268 bb=160,1120,0,694
[OTT] walkUs=2041 texUs=128 emitUs=681 submitUs=197 otherUs=1034 prims=393 usPerPrim=5
[FT] avgMs=16 worstMs=44 gameMs=11 drawMs=5 swapWait=0ms draws=71 decodes=0 decMs=0
[OTS] f=303360 calls=2 n0=2301 n1=274 prims=60992 bb=160,1120,0,694
[OTT] walkUs=2063 texUs=125 emitUs=688 submitUs=192 otherUs=1057 prims=393 usPerPrim=5
[FT] avgMs=16 worstMs=52 gameMs=11 drawMs=5 swapWait=0ms draws=70 decodes=0 decMs=0
[OTS] f=303480 calls=2 n0=2300 n1=274 prims=61227 bb=160,1120,0,694
[OTT] walkUs=2143 texUs=125 emitUs=680 submitUs=184 otherUs=1152 prims=392 usPerPrim=5
[SH-XBOX] vblank 303600
[MEM] tick: free=4016KB (1004 pages)
[FT] avgMs=16 worstMs=48 gameMs=11 drawMs=5 swapWait=0ms draws=70 decodes=0 decMs=0
[OTS] f=303600 calls=2 n0=2299 n1=274 prims=61006 bb=160,1120,0,694
[OTT] walkUs=2210 texUs=123 emitUs=676 submitUs=427 otherUs=983 prims=391 usPerPrim=5
[FT] avgMs=16 worstMs=43 gameMs=11 drawMs=5 swapWait=0ms draws=71 decodes=0 decMs=0
[OTS] f=303720 calls=2 n0=2300 n1=274 prims=61325 bb=160,1120,0,694
[OTT] walkUs=2196 texUs=125 emitUs=681 submitUs=195 otherUs=1194 prims=392 usPerPrim=5
[FT] avgMs=16 worstMs=45 gameMs=11 drawMs=5 swapWait=0ms draws=71 decodes=0 decMs=0
[OTS] f=303840 calls=2 n0=2298 n1=274 prims=61064 bb=160,1120,0,694
[OTT] walkUs=2113 texUs=123 emitUs=675 submitUs=196 otherUs=1118 prims=390 usPerPrim=5
[FT] avgMs=16 worstMs=46 gameMs=11 drawMs=5 swapWait=0ms draws=70 decodes=0 decMs=0
[OTS] f=303960 calls=2 n0=2299 n1=274 prims=61195 bb=160,1120,0,694
[OTT] walkUs=2199 texUs=124 emitUs=675 submitUs=254 otherUs=1145 prims=391 usPerPrim=5
[FT] avgMs=16 worstMs=54 gameMs=11 drawMs=5 swapWait=1ms draws=70 decodes=0 decMs=0
[OTS] f=304080 calls=2 n0=2297 n1=274 prims=61048 bb=160,1120,0,694
[OTT] walkUs=2244 texUs=122 emitUs=669 submitUs=304 otherUs=1147 prims=389 usPerPrim=5
[SH-XBOX] vblank 304200
[MEM] tick: free=4016KB (1004 pages)
[FT] avgMs=16 worstMs=49 gameMs=11 drawMs=5 swapWait=0ms draws=71 decodes=0 decMs=0
[OTS] f=304200 calls=2 n0=2304 n1=274 prims=61217 bb=160,1120,0,694
[OTT] walkUs=2142 texUs=126 emitUs=694 submitUs=206 otherUs=1115 prims=396 usPerPrim=5
[FT] avgMs=16 worstMs=45 gameMs=11 drawMs=5 swapWait=0ms draws=70 decodes=0 decMs=0
[OTS] f=304320 calls=2 n0=2297 n1=274 prims=61048 bb=160,1120,0,694
[OTT] walkUs=2334 texUs=123 emitUs=672 submitUs=414 otherUs=1124 prims=389 usPerPrim=6
[FT] avgMs=16 worstMs=53 gameMs=11 drawMs=5 swapWait=0ms draws=71 decodes=0 decMs=0
[OTS] f=304440 calls=2 n0=2302 n1=274 prims=61161 bb=160,1120,0,694
[OTT] walkUs=2246 texUs=126 emitUs=691 submitUs=195 otherUs=1233 prims=394 usPerPrim=5
[FT] avgMs=16 worstMs=47 gameMs=11 drawMs=5 swapWait=0ms draws=71 decodes=0 decMs=0
[OTS] f=304560 calls=2 n0=2297 n1=274 prims=61260 bb=160,1120,0,694
[OTT] walkUs=2375 texUs=123 emitUs=680 submitUs=389 otherUs=1182 prims=389 usPerPrim=6
[FT] avgMs=16 worstMs=43 gameMs=11 drawMs=5 swapWait=0ms draws=70 decodes=0 decMs=0
[OTS] f=304680 calls=2 n0=2303 n1=274 prims=60958 bb=160,1120,0,694
[OTT] walkUs=1886 texUs=126 emitUs=685 submitUs=267 otherUs=807 prims=395 usPerPrim=4
[SH-XBOX] vblank 304800
[MEM] tick: free=4016KB (1004 pages)
[FT] avgMs=16 worstMs=45 gameMs=11 drawMs=5 swapWait=0ms draws=71 decodes=0 decMs=0
[OTS] f=304800 calls=2 n0=2300 n1=274 prims=61284 bb=160,1120,0,694
[OTT] walkUs=2164 texUs=124 emitUs=683 submitUs=301 otherUs=1054 prims=392 usPerPrim=5
[FT] avgMs=16 worstMs=52 gameMs=11 drawMs=5 swapWait=0ms draws=70 decodes=0 decMs=0
[OTS] f=304920 calls=2 n0=2299 n1=274 prims=60982 bb=160,1120,0,694
[OTT] walkUs=1945 texUs=125 emitUs=673 submitUs=212 otherUs=934 prims=391 usPerPrim=4
[FT] avgMs=16 worstMs=48 gameMs=11 drawMs=5 swapWait=0ms draws=70 decodes=0 decMs=0
[OTS] f=305040 calls=2 n0=2299 n1=274 prims=61272 bb=160,1120,0,694
[OTT] walkUs=2367 texUs=123 emitUs=679 submitUs=307 otherUs=1256 prims=391 usPerPrim=6
[FT] avgMs=17 worstMs=67 gameMs=11 drawMs=5 swapWait=0ms draws=70 decodes=0 decMs=0
[OTS] f=305160 calls=2 n0=2300 n1=274 prims=60872 bb=160,1120,0,694
[OTT] walkUs=2012 texUs=124 emitUs=681 submitUs=187 otherUs=1019 prims=392 usPerPrim=5
[FT] avgMs=16 worstMs=45 gameMs=11 drawMs=5 swapWait=0ms draws=71 decodes=0 decMs=0
[OTS] f=305280 calls=2 n0=2301 n1=274 prims=61330 bb=160,1120,0,694
[OTT] walkUs=2046 texUs=124 emitUs=682 submitUs=240 otherUs=998 prims=393 usPerPrim=5
[SH-XBOX] vblank 305400
[MEM] tick: free=4016KB (1004 pages)
[FT] avgMs=16 worstMs=53 gameMs=11 drawMs=5 swapWait=0ms draws=71 decodes=0 decMs=0
[OTS] f=305400 calls=2 n0=2301 n1=274 prims=61032 bb=160,1120,0,694
[OTT] walkUs=2336 texUs=125 emitUs=683 submitUs=470 otherUs=1056 prims=393 usPerPrim=5
[FT] avgMs=16 worstMs=47 gameMs=11 drawMs=5 swapWait=0ms draws=70 decodes=0 decMs=0
[OTS] f=305520 calls=2 n0=2300 n1=274 prims=61205 bb=160,1120,0,694
[OTT] walkUs=1995 texUs=124 emitUs=683 submitUs=197 otherUs=989 prims=392 usPerPrim=5
[FT] avgMs=16 worstMs=44 gameMs=11 drawMs=5 swapWait=0ms draws=71 decodes=0 decMs=0
[OTS] f=305640 calls=2 n0=2299 n1=274 prims=61022 bb=160,1120,0,694
[OTT] walkUs=2272 texUs=124 emitUs=680 submitUs=239 otherUs=1228 prims=391 usPerPrim=5
[FT] avgMs=16 worstMs=45 gameMs=11 drawMs=5 swapWait=0ms draws=70 decodes=0 decMs=0
[OTS] f=305760 calls=2 n0=2300 n1=274 prims=61215 bb=160,1120,0,694
[OTT] walkUs=2195 texUs=124 emitUs=681 submitUs=352 otherUs=1037 prims=392 usPerPrim=5
[FT] avgMs=16 worstMs=52 gameMs=11 drawMs=5 swapWait=1ms draws=70 decodes=0 decMs=0
[OTS] f=305880 calls=2 n0=2299 n1=274 prims=61051 bb=160,1120,0,694
[OTT] walkUs=2343 texUs=123 emitUs=672 submitUs=246 otherUs=1299 prims=391 usPerPrim=5
[SH-XBOX] vblank 306000
[MEM] tick: free=4016KB (1004 pages)
[FT] avgMs=16 worstMs=48 gameMs=11 drawMs=5 swapWait=0ms draws=71 decodes=0 decMs=0
[OTS] f=306000 calls=2 n0=2303 n1=274 prims=61241 bb=160,1120,0,694
[OTT] walkUs=2321 texUs=124 emitUs=687 submitUs=197 otherUs=1310 prims=395 usPerPrim=5
[FT] avgMs=16 worstMs=43 gameMs=11 drawMs=5 swapWait=0ms draws=70 decodes=0 decMs=0
[OTS] f=306120 calls=2 n0=2297 n1=274 prims=61009 bb=160,1120,0,694
[OTT] walkUs=2182 texUs=124 emitUs=675 submitUs=204 otherUs=1178 prims=389 usPerPrim=5
[FT] avgMs=16 worstMs=45 gameMs=11 drawMs=5 swapWait=0ms draws=71 decodes=0 decMs=0
[OTS] f=306240 calls=2 n0=2302 n1=274 prims=61172 bb=160,1120,0,694
[OTT] walkUs=2319 texUs=129 emitUs=682 submitUs=402 otherUs=1105 prims=394 usPerPrim=5
[FT] avgMs=16 worstMs=52 gameMs=11 drawMs=5 swapWait=0ms draws=71 decodes=0 decMs=0
[OTS] f=306360 calls=2 n0=2296 n1=274 prims=61235 bb=160,1120,0,694
[OTT] walkUs=2189 texUs=122 emitUs=676 submitUs=194 otherUs=1195 prims=388 usPerPrim=5
[FT] avgMs=16 worstMs=48 gameMs=11 drawMs=5 swapWait=1ms draws=71 decodes=0 decMs=0
[OTS] f=306480 calls=2 n0=2298 n1=274 prims=61126 bb=160,1120,0,694
[OTT] walkUs=2335 texUs=123 emitUs=674 submitUs=187 otherUs=1350 prims=390 usPerPrim=5
[SH-XBOX] vblank 306600
[MEM] tick: free=4016KB (1004 pages)
[FT] avgMs=16 worstMs=44 gameMs=11 drawMs=5 swapWait=0ms draws=70 decodes=0 decMs=0
[OTS] f=306600 calls=2 n0=2296 n1=274 prims=61180 bb=160,1120,0,694
[OTT] walkUs=2125 texUs=123 emitUs=669 submitUs=356 otherUs=974 prims=388 usPerPrim=5
[FT] avgMs=16 worstMs=45 gameMs=11 drawMs=5 swapWait=1ms draws=70 decodes=0 decMs=0
[OTS] f=306720 calls=2 n0=2302 n1=274 prims=61018 bb=160,1120,0,694
[OTT] walkUs=2291 texUs=124 emitUs=685 submitUs=295 otherUs=1186 prims=394 usPerPrim=5
[FT] avgMs=16 worstMs=52 gameMs=11 drawMs=5 swapWait=0ms draws=71 decodes=0 decMs=0
[OTS] f=306840 calls=2 n0=2300 n1=274 prims=61318 bb=160,1120,0,694
[OTT] walkUs=2524 texUs=124 emitUs=679 submitUs=415 otherUs=1305 prims=392 usPerPrim=6
[FT] avgMs=16 worstMs=48 gameMs=11 drawMs=5 swapWait=0ms draws=70 decodes=0 decMs=0
[OTS] f=306960 calls=2 n0=2301 n1=274 prims=60899 bb=160,1120,0,694
[OTT] walkUs=2339 texUs=125 emitUs=683 submitUs=569 otherUs=960 prims=393 usPerPrim=5
[FT] avgMs=16 worstMs=43 gameMs=11 drawMs=5 swapWait=0ms draws=71 decodes=0 decMs=0
[OTS] f=307080 calls=2 n0=2301 n1=274 prims=61328 bb=160,1120,0,694
[OTT] walkUs=2403 texUs=124 emitUs=704 submitUs=190 otherUs=1383 prims=393 usPerPrim=6
[SH-XBOX] vblank 307200
[MEM] tick: free=4016KB (1004 pages)
[FT] avgMs=16 worstMs=45 gameMs=11 drawMs=5 swapWait=0ms draws=70 decodes=0 decMs=0
[OTS] f=307200 calls=2 n0=2298 n1=274 prims=61002 bb=160,1120,0,694
[OTT] walkUs=2204 texUs=125 emitUs=677 submitUs=192 otherUs=1210 prims=390 usPerPrim=5
[FT] avgMs=16 worstMs=53 gameMs=11 drawMs=5 swapWait=0ms draws=70 decodes=0 decMs=0
[OTS] f=307320 calls=2 n0=2302 n1=274 prims=61234 bb=160,1120,0,694
[OTT] walkUs=2318 texUs=125 emitUs=684 submitUs=526 otherUs=981 prims=394 usPerPrim=5
[FT] avgMs=16 worstMs=48 gameMs=11 drawMs=5 swapWait=0ms draws=71 decodes=0 decMs=0
[OTS] f=307440 calls=2 n0=2300 n1=274 prims=61008 bb=160,1120,0,694
[OTT] walkUs=2062 texUs=125 emitUs=682 submitUs=202 otherUs=1052 prims=392 usPerPrim=5
[FT] avgMs=16 worstMs=44 gameMs=11 drawMs=5 swapWait=0ms draws=70 decodes=0 decMs=0
[OTS] f=307560 calls=2 n0=2298 n1=274 prims=61220 bb=160,1120,0,694
[OTT] walkUs=2006 texUs=124 emitUs=675 submitUs=287 otherUs=919 prims=390 usPerPrim=5
[FT] avgMs=16 worstMs=45 gameMs=11 drawMs=5 swapWait=0ms draws=70 decodes=0 decMs=0
[OTS] f=307680 calls=2 n0=2298 n1=274 prims=61052 bb=160,1120,0,694
[OTT] walkUs=2129 texUs=130 emitUs=677 submitUs=188 otherUs=1133 prims=390 usPerPrim=5
[SH-XBOX] vblank 307800
[MEM] tick: free=4016KB (1004 pages)
[FT] avgMs=16 worstMs=53 gameMs=11 drawMs=5 swapWait=0ms draws=70 decodes=0 decMs=0
[OTS] f=307800 calls=2 n0=2301 n1=274 prims=61121 bb=160,1120,0,694
[OTT] walkUs=2382 texUs=124 emitUs=683 submitUs=554 otherUs=1019 prims=393 usPerPrim=6
[FT] avgMs=16 worstMs=48 gameMs=11 drawMs=5 swapWait=0ms draws=71 decodes=0 decMs=0
[OTS] f=307920 calls=2 n0=2298 n1=274 prims=61100 bb=160,1120,0,694
[OTT] walkUs=1886 texUs=127 emitUs=674 submitUs=200 otherUs=884 prims=390 usPerPrim=4
[FT] avgMs=16 worstMs=44 gameMs=11 drawMs=5 swapWait=0ms draws=70 decodes=0 decMs=0
[OTS] f=308040 calls=2 n0=2302 n1=274 prims=61187 bb=160,1120,0,694
[OTT] walkUs=1878 texUs=126 emitUs=682 submitUs=184 otherUs=884 prims=394 usPerPrim=4
[FT] avgMs=16 worstMs=45 gameMs=11 drawMs=5 swapWait=0ms draws=70 decodes=0 decMs=0
[OTS] f=308160 calls=2 n0=2297 n1=274 prims=61100 bb=160,1120,0,694
[OTT] walkUs=2029 texUs=123 emitUs=680 submitUs=248 otherUs=976 prims=389 usPerPrim=5
[FT] avgMs=16 worstMs=53 gameMs=11 drawMs=5 swapWait=0ms draws=71 decodes=0 decMs=0
[OTS] f=308280 calls=2 n0=2302 n1=274 prims=61162 bb=160,1120,0,694
[OTT] walkUs=2078 texUs=127 emitUs=684 submitUs=202 otherUs=1063 prims=394 usPerPrim=5
[SH-XBOX] vblank 308400
[MEM] tick: free=4016KB (1004 pages)
[FT] avgMs=16 worstMs=49 gameMs=11 drawMs=5 swapWait=1ms draws=70 decodes=0 decMs=0
[OTS] f=308400 calls=2 n0=2295 n1=274 prims=61127 bb=160,1120,0,694
[OTT] walkUs=2030 texUs=122 emitUs=665 submitUs=224 otherUs=1018 prims=387 usPerPrim=5
[FT] avgMs=16 worstMs=44 gameMs=11 drawMs=5 swapWait=0ms draws=70 decodes=0 decMs=0
[OTS] f=308520 calls=2 n0=2302 n1=274 prims=61070 bb=160,1120,0,694
[OTT] walkUs=2042 texUs=125 emitUs=680 submitUs=195 otherUs=1041 prims=394 usPerPrim=5
[FT] avgMs=16 worstMs=46 gameMs=11 drawMs=5 swapWait=0ms draws=71 decodes=0 decMs=0
[OTS] f=308640 calls=2 n0=2300 n1=274 prims=61304 bb=160,1120,0,694
[OTT] walkUs=2280 texUs=123 emitUs=682 submitUs=323 otherUs=1150 prims=392 usPerPrim=5
[FT] avgMs=16 worstMs=52 gameMs=11 drawMs=5 swapWait=0ms draws=70 decodes=0 decMs=0
[OTS] f=308760 calls=2 n0=2302 n1=274 prims=60906 bb=160,1120,0,694
[OTT] walkUs=2012 texUs=127 emitUs=686 submitUs=233 otherUs=964 prims=394 usPerPrim=5
[FT] avgMs=16 worstMs=48 gameMs=11 drawMs=5 swapWait=0ms draws=71 decodes=0 decMs=0
[OTS] f=308880 calls=2 n0=2299 n1=274 prims=61318 bb=160,1120,0,694
[OTT] walkUs=2152 texUs=123 emitUs=675 submitUs=321 otherUs=1030 prims=391 usPerPrim=5
[SH-XBOX] vblank 309000
[MEM] tick: free=4016KB (1004 pages)
[FT] avgMs=16 worstMs=44 gameMs=11 drawMs=5 swapWait=0ms draws=71 decodes=0 decMs=0
[OTS] f=309000 calls=2 n0=2299 n1=274 prims=61022 bb=160,1120,0,694
[OTT] walkUs=2275 texUs=123 emitUs=677 submitUs=263 otherUs=1210 prims=391 usPerPrim=5
[FT] avgMs=16 worstMs=46 gameMs=11 drawMs=5 swapWait=0ms draws=71 decodes=0 decMs=0
[OTS] f=309120 calls=2 n0=2301 n1=274 prims=61338 bb=160,1120,0,694
[OTT] walkUs=2221 texUs=124 emitUs=682 submitUs=191 otherUs=1223 prims=393 usPerPrim=5
[FT] avgMs=16 worstMs=53 gameMs=11 drawMs=5 swapWait=0ms draws=70 decodes=0 decMs=0
[OTS] f=309240 calls=2 n0=2300 n1=274 prims=60899 bb=160,1120,0,694
[OTT] walkUs=2233 texUs=125 emitUs=676 submitUs=323 otherUs=1108 prims=392 usPerPrim=5
[FT] avgMs=16 worstMs=49 gameMs=11 drawMs=5 swapWait=0ms draws=70 decodes=0 decMs=0
[OTS] f=309360 calls=2 n0=2300 n1=274 prims=61307 bb=160,1120,0,694
[OTT] walkUs=2125 texUs=124 emitUs=679 submitUs=243 otherUs=1078 prims=392 usPerPrim=5
[FT] avgMs=16 worstMs=44 gameMs=11 drawMs=5 swapWait=0ms draws=71 decodes=0 decMs=0
[OTS] f=309480 calls=2 n0=2299 n1=274 prims=61052 bb=160,1120,0,694
[OTT] walkUs=2292 texUs=124 emitUs=680 submitUs=200 otherUs=1286 prims=391 usPerPrim=5
[SH-XBOX] vblank 309600
[MEM] tick: free=4016KB (1004 pages)
[FT] avgMs=16 worstMs=45 gameMs=11 drawMs=5 swapWait=0ms draws=70 decodes=0 decMs=0
[OTS] f=309600 calls=2 n0=2302 n1=274 prims=61157 bb=160,1120,0,694
[OTT] walkUs=2289 texUs=126 emitUs=683 submitUs=338 otherUs=1139 prims=394 usPerPrim=5
[FT] avgMs=16 worstMs=52 gameMs=11 drawMs=5 swapWait=0ms draws=71 decodes=0 decMs=0
[OTS] f=309720 calls=2 n0=2300 n1=274 prims=61083 bb=160,1120,0,694
[OTT] walkUs=2323 texUs=124 emitUs=680 submitUs=192 otherUs=1325 prims=392 usPerPrim=5
[FT] avgMs=16 worstMs=48 gameMs=11 drawMs=5 swapWait=0ms draws=70 decodes=0 decMs=0
[OTS] f=309840 calls=2 n0=2300 n1=274 prims=61201 bb=160,1120,0,694
[OTT] walkUs=2306 texUs=125 emitUs=676 submitUs=188 otherUs=1315 prims=392 usPerPrim=5
[FT] avgMs=16 worstMs=44 gameMs=11 drawMs=5 swapWait=0ms draws=70 decodes=0 decMs=0
[OTS] f=309960 calls=2 n0=2297 n1=274 prims=61076 bb=160,1120,0,694
[OTT] walkUs=2298 texUs=122 emitUs=671 submitUs=248 otherUs=1255 prims=389 usPerPrim=5
[FT] avgMs=16 worstMs=45 gameMs=11 drawMs=5 swapWait=0ms draws=71 decodes=0 decMs=0
[OTS] f=310080 calls=2 n0=2302 n1=274 prims=61172 bb=160,1120,0,694
[OTT] walkUs=2545 texUs=125 emitUs=683 submitUs=456 otherUs=1279 prims=394 usPerPrim=6
[SH-XBOX] vblank 310200
[MEM] tick: free=4016KB (1004 pages)
[FT] avgMs=16 worstMs=53 gameMs=11 drawMs=5 swapWait=0ms draws=70 decodes=0 decMs=0
[OTS] f=310200 calls=2 n0=2294 n1=274 prims=61087 bb=160,1120,0,694
[OTT] walkUs=2347 texUs=123 emitUs=660 submitUs=188 otherUs=1375 prims=386 usPerPrim=6
[FT] avgMs=16 worstMs=48 gameMs=11 drawMs=5 swapWait=0ms draws=70 decodes=0 decMs=0
[OTS] f=310320 calls=2 n0=2297 n1=274 prims=61130 bb=160,1120,0,694
[OTT] walkUs=1980 texUs=123 emitUs=677 submitUs=215 otherUs=964 prims=389 usPerPrim=5
[FT] avgMs=16 worstMs=44 gameMs=11 drawMs=5 swapWait=0ms draws=70 decodes=0 decMs=0
[OTS] f=310440 calls=2 n0=2298 n1=274 prims=61154 bb=160,1120,0,694
[OTT] walkUs=2282 texUs=123 emitUs=685 submitUs=328 otherUs=1144 prims=390 usPerPrim=5
[FT] avgMs=16 worstMs=46 gameMs=11 drawMs=5 swapWait=0ms draws=71 decodes=0 decMs=0
[OTS] f=310560 calls=2 n0=2303 n1=274 prims=61054 bb=160,1120,0,694
[OTT] walkUs=2139 texUs=125 emitUs=688 submitUs=369 otherUs=955 prims=395 usPerPrim=5
[FT] avgMs=16 worstMs=53 gameMs=11 drawMs=5 swapWait=0ms draws=70 decodes=0 decMs=0
[OTS] f=310680 calls=2 n0=2298 n1=274 prims=61240 bb=160,1120,0,694
[OTT] walkUs=1972 texUs=124 emitUs=670 submitUs=306 otherUs=871 prims=390 usPerPrim=5
[SH-XBOX] vblank 310800
[MEM] tick: free=4016KB (1004 pages)
[FT] avgMs=16 worstMs=49 gameMs=11 drawMs=5 swapWait=0ms draws=70 decodes=0 decMs=0
[OTS] f=310800 calls=2 n0=2300 n1=274 prims=60979 bb=160,1120,0,694
[OTT] walkUs=2344 texUs=124 emitUs=682 submitUs=272 otherUs=1265 prims=392 usPerPrim=5
[FT] avgMs=16 worstMs=44 gameMs=11 drawMs=5 swapWait=0ms draws=71 decodes=0 decMs=0
[OTS] f=310920 calls=2 n0=2301 n1=274 prims=61332 bb=160,1120,0,694
[OTT] walkUs=2157 texUs=124 emitUs=680 submitUs=202 otherUs=1149 prims=393 usPerPrim=5
[FT] avgMs=16 worstMs=46 gameMs=11 drawMs=5 swapWait=0ms draws=70 decodes=0 decMs=0
[OTS] f=311040 calls=2 n0=2301 n1=274 prims=60862 bb=160,1120,0,694
[OTT] walkUs=2217 texUs=124 emitUs=684 submitUs=178 otherUs=1230 prims=393 usPerPrim=5
[FT] avgMs=16 worstMs=53 gameMs=11 drawMs=5 swapWait=0ms draws=71 decodes=0 decMs=0
[OTS] f=311160 calls=2 n0=2302 n1=274 prims=61344 bb=160,1120,0,694
[OTT] walkUs=2170 texUs=125 emitUs=687 submitUs=282 otherUs=1075 prims=394 usPerPrim=5
[FT] avgMs=16 worstMs=49 gameMs=11 drawMs=5 swapWait=1ms draws=71 decodes=0 decMs=0
[OTS] f=311280 calls=2 n0=2300 n1=274 prims=61036 bb=160,1120,0,694
[OTT] walkUs=2353 texUs=124 emitUs=678 submitUs=398 otherUs=1152 prims=392 usPerPrim=6
[SH-XBOX] vblank 311400
[MEM] tick: free=4016KB (1004 pages)
[FT] avgMs=16 worstMs=44 gameMs=11 drawMs=5 swapWait=0ms draws=70 decodes=0 decMs=0
[OTS] f=311400 calls=2 n0=2300 n1=274 prims=61177 bb=160,1120,0,694
[OTT] walkUs=2097 texUs=128 emitUs=676 submitUs=271 otherUs=1020 prims=392 usPerPrim=5
[FT] avgMs=16 worstMs=46 gameMs=11 drawMs=5 swapWait=0ms draws=71 decodes=0 decMs=0
[OTS] f=311520 calls=2 n0=2298 n1=274 prims=61066 bb=160,1120,0,694
[OTT] walkUs=2016 texUs=122 emitUs=677 submitUs=195 otherUs=1021 prims=390 usPerPrim=5
[FT] avgMs=16 worstMs=54 gameMs=11 drawMs=5 swapWait=0ms draws=71 decodes=0 decMs=0
[OTS] f=311640 calls=2 n0=2300 n1=274 prims=61255 bb=160,1120,0,694
[OTT] walkUs=2072 texUs=124 emitUs=680 submitUs=183 otherUs=1083 prims=392 usPerPrim=5
[FT] avgMs=16 worstMs=49 gameMs=11 drawMs=5 swapWait=0ms draws=71 decodes=0 decMs=0
[OTS] f=311760 calls=2 n0=2298 n1=274 prims=61125 bb=160,1120,0,694
[OTT] walkUs=2239 texUs=124 emitUs=681 submitUs=196 otherUs=1237 prims=390 usPerPrim=5
[FT] avgMs=16 worstMs=45 gameMs=11 drawMs=5 swapWait=0ms draws=70 decodes=0 decMs=0
[OTS] f=311880 calls=2 n0=2304 n1=274 prims=61081 bb=160,1120,0,694
[OTT] walkUs=2204 texUs=126 emitUs=695 submitUs=227 otherUs=1155 prims=396 usPerPrim=5
[SH-XBOX] vblank 312000
[MEM] tick: free=4016KB (1004 pages)
[FT] avgMs=16 worstMs=46 gameMs=11 drawMs=5 swapWait=0ms draws=71 decodes=0 decMs=0
[OTS] f=312000 calls=2 n0=2297 n1=274 prims=61176 bb=160,1120,0,694
[OTT] walkUs=2363 texUs=123 emitUs=676 submitUs=281 otherUs=1282 prims=389 usPerPrim=6
[FT] avgMs=16 worstMs=52 gameMs=11 drawMs=5 swapWait=1ms draws=71 decodes=0 decMs=0
[OTS] f=312120 calls=2 n0=2301 n1=274 prims=61180 bb=160,1120,0,694
[OTT] walkUs=2263 texUs=128 emitUs=681 submitUs=207 otherUs=1246 prims=393 usPerPrim=5
[FT] avgMs=16 worstMs=48 gameMs=11 drawMs=5 swapWait=0ms draws=70 decodes=0 decMs=0
[OTS] f=312240 calls=2 n0=2297 n1=274 prims=61113 bb=160,1120,0,694
[OTT] walkUs=2266 texUs=122 emitUs=677 submitUs=189 otherUs=1277 prims=389 usPerPrim=5
[FT] avgMs=16 worstMs=44 gameMs=11 drawMs=5 swapWait=0ms draws=71 decodes=0 decMs=0
[OTS] f=312360 calls=2 n0=2303 n1=274 prims=61087 bb=160,1120,0,694
[OTT] walkUs=2288 texUs=126 emitUs=689 submitUs=203 otherUs=1268 prims=395 usPerPrim=5
[FT] avgMs=16 worstMs=46 gameMs=11 drawMs=5 swapWait=0ms draws=70 decodes=0 decMs=0
[OTS] f=312480 calls=2 n0=2298 n1=274 prims=61213 bb=160,1120,0,694
[OTT] walkUs=2292 texUs=125 emitUs=673 submitUs=279 otherUs=1212 prims=390 usPerPrim=5
[SH-XBOX] vblank 312600
[MEM] tick: free=4016KB (1004 pages)
[FT] avgMs=16 worstMs=53 gameMs=11 drawMs=5 swapWait=0ms draws=70 decodes=0 decMs=0
[OTS] f=312600 calls=2 n0=2302 n1=274 prims=61006 bb=160,1120,0,694
[OTT] walkUs=2329 texUs=125 emitUs=683 submitUs=406 otherUs=1113 prims=394 usPerPrim=5
[FT] avgMs=16 worstMs=49 gameMs=11 drawMs=5 swapWait=0ms draws=71 decodes=0 decMs=0
[OTS] f=312720 calls=2 n0=2299 n1=274 prims=61318 bb=160,1120,0,694
[OTT] walkUs=2336 texUs=126 emitUs=680 submitUs=287 otherUs=1242 prims=391 usPerPrim=5
[FT] avgMs=16 worstMs=44 gameMs=11 drawMs=5 swapWait=0ms draws=70 decodes=0 decMs=0
[OTS] f=312840 calls=2 n0=2300 n1=274 prims=60872 bb=160,1120,0,694
[OTT] walkUs=2231 texUs=123 emitUs=680 submitUs=217 otherUs=1210 prims=392 usPerPrim=5
[FT] avgMs=17 worstMs=70 gameMs=11 drawMs=5 swapWait=1ms draws=70 decodes=0 decMs=0
[OTS] f=312960 calls=2 n0=2299 n1=274 prims=61324 bb=160,1120,0,694
[OTT] walkUs=2354 texUs=124 emitUs=675 submitUs=553 otherUs=1000 prims=391 usPerPrim=6
[FT] avgMs=16 worstMs=47 gameMs=11 drawMs=5 swapWait=0ms draws=70 decodes=0 decMs=0
[OTS] f=313080 calls=2 n0=2302 n1=274 prims=60925 bb=160,1120,0,694
[OTT] walkUs=1848 texUs=125 emitUs=691 submitUs=267 otherUs=764 prims=394 usPerPrim=4
[SH-XBOX] vblank 313200
[MEM] tick: free=4016KB (1004 pages)
[FT] avgMs=16 worstMs=43 gameMs=11 drawMs=5 swapWait=0ms draws=71 decodes=0 decMs=0
[OTS] f=313200 calls=2 n0=2300 n1=274 prims=61317 bb=160,1120,0,694
[OTT] walkUs=2377 texUs=124 emitUs=682 submitUs=261 otherUs=1309 prims=392 usPerPrim=6
[FT] avgMs=16 worstMs=44 gameMs=11 drawMs=5 swapWait=0ms draws=70 decodes=0 decMs=0
[OTS] f=313320 calls=2 n0=2297 n1=274 prims=60935 bb=160,1120,0,694
[OTT] walkUs=1895 texUs=123 emitUs=671 submitUs=187 otherUs=912 prims=389 usPerPrim=4
[FT] avgMs=16 worstMs=46 gameMs=11 drawMs=5 swapWait=0ms draws=70 decodes=0 decMs=0
[OTS] f=313440 calls=2 n0=2301 n1=274 prims=61253 bb=160,1120,0,694
[OTT] walkUs=2148 texUs=124 emitUs=685 submitUs=176 otherUs=1162 prims=393 usPerPrim=5
[FT] avgMs=16 worstMs=54 gameMs=11 drawMs=5 swapWait=0ms draws=71 decodes=0 decMs=0
[OTS] f=313560 calls=2 n0=2300 n1=274 prims=61103 bb=160,1120,0,694
[OTT] walkUs=2028 texUs=124 emitUs=686 submitUs=192 otherUs=1025 prims=392 usPerPrim=5
[FT] avgMs=16 worstMs=49 gameMs=11 drawMs=5 swapWait=0ms draws=70 decodes=0 decMs=0
[OTS] f=313680 calls=2 n0=2303 n1=274 prims=61109 bb=160,1120,0,694
[OTT] walkUs=2012 texUs=125 emitUs=688 submitUs=206 otherUs=991 prims=395 usPerPrim=5
[SH-XBOX] vblank 313800
[MEM] tick: free=4016KB (1004 pages)
[FT] avgMs=16 worstMs=45 gameMs=11 drawMs=5 swapWait=0ms draws=71 decodes=0 decMs=0
[OTS] f=313800 calls=2 n0=2297 n1=274 prims=61138 bb=160,1120,0,694
[OTT] walkUs=2095 texUs=122 emitUs=676 submitUs=400 otherUs=895 prims=389 usPerPrim=5
[FT] avgMs=16 worstMs=46 gameMs=11 drawMs=5 swapWait=0ms draws=70 decodes=0 decMs=0
[OTS] f=313920 calls=2 n0=2299 n1=274 prims=61188 bb=160,1120,0,694
[OTT] walkUs=1916 texUs=125 emitUs=672 submitUs=217 otherUs=900 prims=391 usPerPrim=4
[FT] avgMs=16 worstMs=54 gameMs=11 drawMs=5 swapWait=0ms draws=70 decodes=0 decMs=0
[OTS] f=314040 calls=2 n0=2296 n1=274 prims=61092 bb=160,1120,0,694
[OTT] walkUs=2278 texUs=122 emitUs=674 submitUs=348 otherUs=1132 prims=388 usPerPrim=5
[FT] avgMs=16 worstMs=49 gameMs=11 drawMs=5 swapWait=0ms draws=71 decodes=0 decMs=0
[OTS] f=314160 calls=2 n0=2298 n1=274 prims=61126 bb=160,1120,0,694
[OTT] walkUs=2115 texUs=123 emitUs=678 submitUs=250 otherUs=1063 prims=390 usPerPrim=5
[FT] avgMs=16 worstMs=45 gameMs=11 drawMs=5 swapWait=1ms draws=71 decodes=0 decMs=0
[OTS] f=314280 calls=2 n0=2298 n1=274 prims=61266 bb=160,1120,0,694
[OTT] walkUs=2335 texUs=127 emitUs=676 submitUs=428 otherUs=1102 prims=390 usPerPrim=5
[SH-XBOX] vblank 314400
[MEM] tick: free=4016KB (1004 pages)
[FT] avgMs=16 worstMs=52 gameMs=11 drawMs=5 swapWait=0ms draws=71 decodes=0 decMs=0
[OTS] f=314400 calls=2 n0=2303 n1=274 prims=61084 bb=160,1120,0,694
[OTT] walkUs=2248 texUs=125 emitUs=689 submitUs=450 otherUs=983 prims=395 usPerPrim=5
[FT] avgMs=16 worstMs=47 gameMs=11 drawMs=5 swapWait=0ms draws=70 decodes=0 decMs=0
[OTS] f=314520 calls=2 n0=2300 n1=274 prims=61166 bb=160,1120,0,694
[OTT] walkUs=2141 texUs=125 emitUs=686 submitUs=242 otherUs=1086 prims=392 usPerPrim=5
[FT] avgMs=16 worstMs=43 gameMs=11 drawMs=5 swapWait=0ms draws=71 decodes=0 decMs=0
[OTS] f=314640 calls=2 n0=2301 n1=274 prims=61027 bb=160,1120,0,694
[OTT] walkUs=2203 texUs=124 emitUs=684 submitUs=398 otherUs=996 prims=393 usPerPrim=5
[FT] avgMs=16 worstMs=45 gameMs=11 drawMs=5 swapWait=0ms draws=70 decodes=0 decMs=0
[OTS] f=314760 calls=2 n0=2298 n1=274 prims=61308 bb=160,1120,0,694
[OTT] walkUs=2232 texUs=128 emitUs=670 submitUs=311 otherUs=1121 prims=390 usPerPrim=5
[FT] avgMs=16 worstMs=52 gameMs=11 drawMs=5 swapWait=0ms draws=70 decodes=0 decMs=0
[OTS] f=314880 calls=2 n0=2301 n1=274 prims=60912 bb=160,1120,0,694
[OTT] walkUs=2252 texUs=125 emitUs=684 submitUs=412 otherUs=1030 prims=393 usPerPrim=5
[SH-XBOX] vblank 315000
[MEM] tick: free=4016KB (1004 pages)
[FT] avgMs=16 worstMs=48 gameMs=11 drawMs=5 swapWait=0ms draws=71 decodes=0 decMs=0
[OTS] f=315000 calls=2 n0=2302 n1=274 prims=61344 bb=160,1120,0,694
[OTT] walkUs=2546 texUs=125 emitUs=687 submitUs=681 otherUs=1052 prims=394 usPerPrim=6
[FT] avgMs=16 worstMs=44 gameMs=11 drawMs=5 swapWait=1ms draws=70 decodes=0 decMs=0
[OTS] f=315120 calls=2 n0=2298 n1=274 prims=60904 bb=160,1120,0,694
[OTT] walkUs=2288 texUs=124 emitUs=672 submitUs=191 otherUs=1299 prims=390 usPerPrim=5
[FT] avgMs=16 worstMs=45 gameMs=11 drawMs=5 swapWait=0ms draws=70 decodes=0 decMs=0
[OTS] f=315240 calls=2 n0=2299 n1=274 prims=61293 bb=160,1120,0,694
[OTT] walkUs=2348 texUs=124 emitUs=681 submitUs=187 otherUs=1355 prims=391 usPerPrim=6
[FT] avgMs=16 worstMs=52 gameMs=11 drawMs=5 swapWait=0ms draws=71 decodes=0 decMs=0
[OTS] f=315360 calls=2 n0=2298 n1=274 prims=61080 bb=160,1120,0,694
[OTT] walkUs=2347 texUs=123 emitUs=676 submitUs=488 otherUs=1059 prims=390 usPerPrim=6
[FT] avgMs=16 worstMs=48 gameMs=11 drawMs=5 swapWait=0ms draws=70 decodes=0 decMs=0
[OTS] f=315480 calls=2 n0=2301 n1=274 prims=61121 bb=160,1120,0,694
[OTT] walkUs=1845 texUs=125 emitUs=680 submitUs=190 otherUs=849 prims=393 usPerPrim=4
[SH-XBOX] vblank 315600
[MEM] tick: free=4016KB (1004 pages)
[FT] avgMs=16 worstMs=44 gameMs=11 drawMs=5 swapWait=0ms draws=70 decodes=0 decMs=0
[OTS] f=315600 calls=2 n0=2296 n1=274 prims=61062 bb=160,1120,0,694
[OTT] walkUs=2342 texUs=123 emitUs=665 submitUs=411 otherUs=1142 prims=388 usPerPrim=6
[FT] avgMs=16 worstMs=45 gameMs=11 drawMs=5 swapWait=0ms draws=70 decodes=0 decMs=0
[OTS] f=315720 calls=2 n0=2303 n1=274 prims=61147 bb=160,1120,0,694
[OTT] walkUs=1950 texUs=126 emitUs=690 submitUs=349 otherUs=784 prims=395 usPerPrim=4
[FT] avgMs=16 worstMs=52 gameMs=11 drawMs=5 swapWait=0ms draws=71 decodes=0 decMs=0
[OTS] f=315840 calls=2 n0=2297 n1=274 prims=61181 bb=160,1120,0,694
[OTT] walkUs=2245 texUs=123 emitUs=676 submitUs=245 otherUs=1200 prims=389 usPerPrim=5
[FT] avgMs=16 worstMs=48 gameMs=11 drawMs=5 swapWait=0ms draws=70 decodes=0 decMs=0
[OTS] f=315960 calls=2 n0=2300 n1=274 prims=61044 bb=160,1120,0,694
[OTT] walkUs=1993 texUs=124 emitUs=673 submitUs=313 otherUs=882 prims=392 usPerPrim=5
[FT] avgMs=16 worstMs=43 gameMs=11 drawMs=5 swapWait=0ms draws=70 decodes=0 decMs=0
[OTS] f=316080 calls=2 n0=2297 n1=274 prims=61219 bb=160,1120,0,694
[OTT] walkUs=2103 texUs=122 emitUs=678 submitUs=197 otherUs=1104 prims=389 usPerPrim=5
[SH-XBOX] vblank 316200
[MEM] tick: free=4016KB (1004 pages)
[FT] avgMs=16 worstMs=45 gameMs=11 drawMs=5 swapWait=1ms draws=71 decodes=0 decMs=0
[OTS] f=316200 calls=2 n0=2303 n1=274 prims=61117 bb=160,1120,0,694
[OTT] walkUs=2051 texUs=125 emitUs=689 submitUs=247 otherUs=988 prims=395 usPerPrim=5
[FT] avgMs=16 worstMs=52 gameMs=11 drawMs=5 swapWait=0ms draws=70 decodes=0 decMs=0
[OTS] f=316320 calls=2 n0=2300 n1=274 prims=61155 bb=160,1120,0,694
[OTT] walkUs=1986 texUs=124 emitUs=683 submitUs=227 otherUs=950 prims=392 usPerPrim=5
[FT] avgMs=16 worstMs=48 gameMs=11 drawMs=5 swapWait=0ms draws=71 decodes=0 decMs=0
[OTS] f=316440 calls=2 n0=2302 n1=274 prims=61035 bb=160,1120,0,694
[OTT] walkUs=1960 texUs=125 emitUs=682 submitUs=192 otherUs=960 prims=394 usPerPrim=4
[FT] avgMs=16 worstMs=44 gameMs=11 drawMs=5 swapWait=0ms draws=70 decodes=0 decMs=0
[OTS] f=316560 calls=2 n0=2296 n1=274 prims=61285 bb=160,1120,0,694
[OTT] walkUs=2159 texUs=123 emitUs=667 submitUs=560 otherUs=808 prims=388 usPerPrim=5
[FT] avgMs=16 worstMs=45 gameMs=11 drawMs=5 swapWait=0ms draws=70 decodes=0 decMs=0
[OTS] f=316680 calls=2 n0=2300 n1=274 prims=60934 bb=160,1120,0,694
[OTT] walkUs=2131 texUs=124 emitUs=683 submitUs=259 otherUs=1063 prims=392 usPerPrim=5
[SH-XBOX] vblank 316800
[MEM] tick: free=4016KB (1004 pages)
[FT] avgMs=16 worstMs=53 gameMs=11 drawMs=5 swapWait=0ms draws=71 decodes=0 decMs=0
[OTS] f=316800 calls=2 n0=2301 n1=274 prims=61330 bb=160,1120,0,694
[OTT] walkUs=2095 texUs=124 emitUs=684 submitUs=179 otherUs=1107 prims=393 usPerPrim=5
[FT] avgMs=16 worstMs=48 gameMs=11 drawMs=5 swapWait=0ms draws=71 decodes=0 decMs=0
[OTS] f=316920 calls=2 n0=2302 n1=274 prims=61017 bb=160,1120,0,694
[OTT] walkUs=2080 texUs=125 emitUs=683 submitUs=359 otherUs=912 prims=394 usPerPrim=5
[FT] avgMs=16 worstMs=44 gameMs=11 drawMs=5 swapWait=0ms draws=71 decodes=0 decMs=0
[OTS] f=317040 calls=2 n0=2299 n1=274 prims=61335 bb=160,1120,0,694
[OTT] walkUs=2104 texUs=124 emitUs=682 submitUs=194 otherUs=1103 prims=391 usPerPrim=5
[FT] avgMs=16 worstMs=45 gameMs=11 drawMs=5 swapWait=0ms draws=70 decodes=0 decMs=0
[OTS] f=317160 calls=2 n0=2299 n1=274 prims=60905 bb=160,1120,0,694
[OTT] walkUs=2186 texUs=124 emitUs=676 submitUs=276 otherUs=1109 prims=391 usPerPrim=5
[FT] avgMs=16 worstMs=53 gameMs=11 drawMs=5 swapWait=0ms draws=71 decodes=0 decMs=0
[OTS] f=317280 calls=2 n0=2302 n1=274 prims=61285 bb=160,1120,0,694
[OTT] walkUs=2168 texUs=125 emitUs=685 submitUs=347 otherUs=1010 prims=394 usPerPrim=5
[SH-XBOX] vblank 317400
[MEM] tick: free=4016KB (1004 pages)
[FT] avgMs=16 worstMs=49 gameMs=11 drawMs=5 swapWait=0ms draws=70 decodes=0 decMs=0
[OTS] f=317400 calls=2 n0=2298 n1=274 prims=61029 bb=160,1120,0,694
[OTT] walkUs=2207 texUs=124 emitUs=676 submitUs=186 otherUs=1219 prims=390 usPerPrim=5
[FT] avgMs=16 worstMs=44 gameMs=11 drawMs=5 swapWait=0ms draws=70 decodes=0 decMs=0
[OTS] f=317520 calls=2 n0=2303 n1=274 prims=61192 bb=160,1120,0,694
[OTT] walkUs=2189 texUs=125 emitUs=688 submitUs=245 otherUs=1129 prims=395 usPerPrim=5
[FT] avgMs=16 worstMs=45 gameMs=11 drawMs=5 swapWait=0ms draws=71 decodes=0 decMs=0
[OTS] f=317640 calls=2 n0=2297 n1=274 prims=61138 bb=160,1120,0,694
[OTT] walkUs=2246 texUs=123 emitUs=676 submitUs=244 otherUs=1202 prims=389 usPerPrim=5
[FT] avgMs=16 worstMs=52 gameMs=11 drawMs=5 swapWait=0ms draws=70 decodes=0 decMs=0
[OTS] f=317760 calls=2 n0=2302 n1=274 prims=61044 bb=160,1120,0,694
[OTT] walkUs=2275 texUs=124 emitUs=688 submitUs=331 otherUs=1131 prims=394 usPerPrim=5
[FT] avgMs=16 worstMs=49 gameMs=11 drawMs=5 swapWait=0ms draws=71 decodes=0 decMs=0
[OTS] f=317880 calls=2 n0=2296 n1=274 prims=61206 bb=160,1120,0,694
[OTT] walkUs=2437 texUs=125 emitUs=669 submitUs=456 otherUs=1185 prims=388 usPerPrim=6
[SH-XBOX] vblank 318000
[MEM] tick: free=4016KB (1004 pages)
[FT] avgMs=16 worstMs=44 gameMs=11 drawMs=5 swapWait=0ms draws=71 decodes=0 decMs=0
[OTS] f=318000 calls=2 n0=2298 n1=274 prims=61156 bb=160,1120,0,694
[OTT] walkUs=2257 texUs=123 emitUs=676 submitUs=458 otherUs=999 prims=390 usPerPrim=5
[FT] avgMs=16 worstMs=46 gameMs=11 drawMs=5 swapWait=1ms draws=70 decodes=0 decMs=0
[OTS] f=318120 calls=2 n0=2298 n1=274 prims=61139 bb=160,1120,0,694
[OTT] walkUs=2271 texUs=122 emitUs=673 submitUs=196 otherUs=1278 prims=390 usPerPrim=5
[FT] avgMs=16 worstMs=52 gameMs=11 drawMs=5 swapWait=0ms draws=70 decodes=0 decMs=0
[OTS] f=318240 calls=2 n0=2301 n1=274 prims=60984 bb=160,1120,0,694
[OTT] walkUs=1772 texUs=131 emitUs=676 submitUs=185 otherUs=778 prims=393 usPerPrim=4
[FT] avgMs=16 worstMs=48 gameMs=11 drawMs=5 swapWait=0ms draws=70 decodes=0 decMs=0
[OTS] f=318360 calls=2 n0=2299 n1=274 prims=61246 bb=160,1120,0,694
[OTT] walkUs=2241 texUs=122 emitUs=673 submitUs=431 otherUs=1014 prims=391 usPerPrim=5
[FT] avgMs=16 worstMs=44 gameMs=11 drawMs=5 swapWait=0ms draws=71 decodes=0 decMs=0
[OTS] f=318480 calls=2 n0=2301 n1=274 prims=61047 bb=160,1120,0,694
[OTT] walkUs=2095 texUs=124 emitUs=681 submitUs=441 otherUs=848 prims=393 usPerPrim=5
[SH-XBOX] vblank 318600
[MEM] tick: free=4016KB (1004 pages)
[FT] avgMs=16 worstMs=45 gameMs=11 drawMs=5 swapWait=0ms draws=70 decodes=0 decMs=0
[OTS] f=318600 calls=2 n0=2301 n1=274 prims=61200 bb=160,1120,0,694
[OTT] walkUs=2384 texUs=124 emitUs=685 submitUs=193 otherUs=1382 prims=393 usPerPrim=6
[FT] avgMs=16 worstMs=52 gameMs=11 drawMs=5 swapWait=0ms draws=71 decodes=0 decMs=0
[OTS] f=318720 calls=2 n0=2301 n1=274 prims=60990 bb=160,1120,0,694
[OTT] walkUs=2001 texUs=130 emitUs=682 submitUs=191 otherUs=996 prims=393 usPerPrim=5
[FT] avgMs=16 worstMs=48 gameMs=11 drawMs=5 swapWait=0ms draws=71 decodes=0 decMs=0
[OTS] f=318840 calls=2 n0=2301 n1=274 prims=61366 bb=160,1120,0,694
[OTT] walkUs=2221 texUs=124 emitUs=678 submitUs=323 otherUs=1094 prims=393 usPerPrim=5
[FT] avgMs=16 worstMs=44 gameMs=11 drawMs=5 swapWait=0ms draws=70 decodes=0 decMs=0
[OTS] f=318960 calls=2 n0=2300 n1=274 prims=60886 bb=160,1120,0,694
[OTT] walkUs=2304 texUs=124 emitUs=682 submitUs=482 otherUs=1014 prims=392 usPerPrim=5
[FT] avgMs=16 worstMs=46 gameMs=11 drawMs=5 swapWait=0ms draws=71 decodes=0 decMs=0
[OTS] f=319080 calls=2 n0=2300 n1=274 prims=61305 bb=160,1120,0,694
[OTT] walkUs=2138 texUs=123 emitUs=681 submitUs=239 otherUs=1093 prims=392 usPerPrim=5
[SH-XBOX] vblank 319200
[MEM] tick: free=4016KB (1004 pages)
[FT] avgMs=16 worstMs=53 gameMs=11 drawMs=5 swapWait=0ms draws=70 decodes=0 decMs=0
[OTS] f=319200 calls=2 n0=2296 n1=274 prims=60994 bb=160,1120,0,694
[OTT] walkUs=2298 texUs=123 emitUs=669 submitUs=239 otherUs=1266 prims=388 usPerPrim=5
[FT] avgMs=16 worstMs=48 gameMs=11 drawMs=5 swapWait=0ms draws=70 decodes=0 decMs=0
[OTS] f=319320 calls=2 n0=2301 n1=274 prims=61221 bb=160,1120,0,694
[OTT] walkUs=2006 texUs=125 emitUs=682 submitUs=196 otherUs=1001 prims=393 usPerPrim=5
[FT] avgMs=16 worstMs=44 gameMs=11 drawMs=5 swapWait=0ms draws=71 decodes=0 decMs=0
[OTS] f=319440 calls=2 n0=2298 n1=274 prims=61100 bb=160,1120,0,694
[OTT] walkUs=2017 texUs=123 emitUs=679 submitUs=199 otherUs=1015 prims=390 usPerPrim=5
[FT] avgMs=16 worstMs=45 gameMs=11 drawMs=5 swapWait=0ms draws=71 decodes=0 decMs=0
[OTS] f=319560 calls=2 n0=2304 n1=274 prims=61209 bb=160,1120,0,694
[OTT] walkUs=2108 texUs=126 emitUs=691 submitUs=347 otherUs=942 prims=396 usPerPrim=5
[FT] avgMs=16 worstMs=53 gameMs=11 drawMs=5 swapWait=0ms draws=70 decodes=0 decMs=0
[OTS] f=319680 calls=2 n0=2294 n1=274 prims=61172 bb=160,1120,0,694
[OTT] walkUs=2253 texUs=122 emitUs=666 submitUs=176 otherUs=1288 prims=386 usPerPrim=5
[SH-XBOX] vblank 319800
[MEM] tick: free=4016KB (1004 pages)
[FT] avgMs=16 worstMs=49 gameMs=11 drawMs=5 swapWait=0ms draws=70 decodes=0 decMs=0
[OTS] f=319800 calls=2 n0=2302 n1=274 prims=61070 bb=160,1120,0,694
[OTT] walkUs=2217 texUs=124 emitUs=682 submitUs=289 otherUs=1120 prims=394 usPerPrim=5
[FT] avgMs=16 worstMs=44 gameMs=11 drawMs=5 swapWait=0ms draws=71 decodes=0 decMs=0
[OTS] f=319920 calls=2 n0=2297 n1=274 prims=61230 bb=160,1120,0,694
[OTT] walkUs=2047 texUs=123 emitUs=673 submitUs=272 otherUs=977 prims=389 usPerPrim=5
[FT] avgMs=16 worstMs=46 gameMs=11 drawMs=5 swapWait=0ms draws=70 decodes=0 decMs=0
[OTS] f=320040 calls=2 n0=2301 n1=274 prims=61001 bb=160,1120,0,694
[OTT] walkUs=2189 texUs=129 emitUs=675 submitUs=200 otherUs=1184 prims=393 usPerPrim=5
[FT] avgMs=16 worstMs=53 gameMs=11 drawMs=5 swapWait=0ms draws=70 decodes=0 decMs=0
[OTS] f=320160 calls=2 n0=2299 n1=274 prims=61255 bb=160,1120,0,694
[OTT] walkUs=2223 texUs=123 emitUs=673 submitUs=192 otherUs=1233 prims=391 usPerPrim=5
[FT] avgMs=16 worstMs=49 gameMs=11 drawMs=5 swapWait=0ms draws=71 decodes=0 decMs=0
[OTS] f=320280 calls=2 n0=2302 n1=274 prims=61051 bb=160,1120,0,694
[OTT] walkUs=2231 texUs=124 emitUs=687 submitUs=248 otherUs=1170 prims=394 usPerPrim=5
[SH-XBOX] vblank 320400
[MEM] tick: free=4016KB (1004 pages)
[FT] avgMs=16 worstMs=45 gameMs=11 drawMs=5 swapWait=0ms draws=70 decodes=0 decMs=0
[OTS] f=320400 calls=2 n0=2299 n1=274 prims=61189 bb=160,1120,0,694
[OTT] walkUs=2145 texUs=124 emitUs=676 submitUs=326 otherUs=1017 prims=391 usPerPrim=5
[FT] avgMs=16 worstMs=46 gameMs=11 drawMs=5 swapWait=1ms draws=71 decodes=0 decMs=0
[OTS] f=320520 calls=2 n0=2300 n1=274 prims=61001 bb=160,1120,0,694
[OTT] walkUs=2304 texUs=124 emitUs=682 submitUs=222 otherUs=1275 prims=392 usPerPrim=5
[FT] avgMs=16 worstMs=52 gameMs=11 drawMs=5 swapWait=0ms draws=70 decodes=0 decMs=0
[OTS] f=320640 calls=2 n0=2298 n1=274 prims=61349 bb=160,1120,0,694
[OTT] walkUs=2180 texUs=123 emitUs=672 submitUs=277 otherUs=1107 prims=390 usPerPrim=5
[FT] avgMs=17 worstMs=72 gameMs=11 drawMs=5 swapWait=0ms draws=70 decodes=0 decMs=0
[OTS] f=320760 calls=2 n0=2302 n1=274 prims=60899 bb=160,1120,0,694
[OTT] walkUs=2342 texUs=125 emitUs=687 submitUs=323 otherUs=1206 prims=394 usPerPrim=5
[FT] avgMs=16 worstMs=50 gameMs=11 drawMs=5 swapWait=0ms draws=70 decodes=0 decMs=0
[OTS] f=320880 calls=2 n0=2298 n1=274 prims=61215 bb=160,1120,0,694
[OTT] walkUs=2337 texUs=123 emitUs=670 submitUs=408 otherUs=1134 prims=390 usPerPrim=5
[SH-XBOX] vblank 321000
[MEM] tick: free=4016KB (1004 pages)
[FT] avgMs=16 worstMs=46 gameMs=11 drawMs=5 swapWait=0ms draws=70 decodes=0 decMs=0
[OTS] f=321000 calls=2 n0=2299 n1=274 prims=60995 bb=160,1120,0,694
[OTT] walkUs=1962 texUs=124 emitUs=681 submitUs=179 otherUs=977 prims=391 usPerPrim=5
[FT] avgMs=16 worstMs=53 gameMs=11 drawMs=5 swapWait=0ms draws=71 decodes=0 decMs=0
[OTS] f=321120 calls=2 n0=2302 n1=274 prims=61315 bb=160,1120,0,694
[OTT] walkUs=1996 texUs=124 emitUs=685 submitUs=224 otherUs=962 prims=394 usPerPrim=5
[FT] avgMs=16 worstMs=49 gameMs=11 drawMs=5 swapWait=0ms draws=70 decodes=0 decMs=0
[OTS] f=321240 calls=2 n0=2300 n1=274 prims=60955 bb=160,1120,0,694
[OTT] walkUs=1884 texUs=125 emitUs=679 submitUs=288 otherUs=791 prims=392 usPerPrim=4
[FT] avgMs=16 worstMs=45 gameMs=11 drawMs=5 swapWait=0ms draws=71 decodes=0 decMs=0
[OTS] f=321360 calls=2 n0=2303 n1=274 prims=61236 bb=160,1120,0,694
[OTT] walkUs=2326 texUs=125 emitUs=686 submitUs=189 otherUs=1324 prims=395 usPerPrim=5
[FT] avgMs=16 worstMs=46 gameMs=11 drawMs=5 swapWait=0ms draws=70 decodes=0 decMs=0
[OTS] f=321480 calls=2 n0=2294 n1=274 prims=61122 bb=160,1120,0,694
[OTT] walkUs=1915 texUs=123 emitUs=657 submitUs=195 otherUs=938 prims=386 usPerPrim=4
[SH-XBOX] vblank 321600
[MEM] tick: free=4016KB (1004 pages)
[FT] avgMs=16 worstMs=52 gameMs=11 drawMs=5 swapWait=0ms draws=70 decodes=0 decMs=0
[OTS] f=321600 calls=2 n0=2302 n1=274 prims=61089 bb=160,1120,0,694
[OTT] walkUs=2174 texUs=125 emitUs=685 submitUs=378 otherUs=983 prims=394 usPerPrim=5
[FT] avgMs=16 worstMs=49 gameMs=11 drawMs=5 swapWait=0ms draws=71 decodes=0 decMs=0
[OTS] f=321720 calls=2 n0=2296 n1=274 prims=61206 bb=160,1120,0,694
[OTT] walkUs=2234 texUs=122 emitUs=675 submitUs=301 otherUs=1135 prims=388 usPerPrim=5
[FT] avgMs=16 worstMs=45 gameMs=11 drawMs=5 swapWait=0ms draws=70 decodes=0 decMs=0
[OTS] f=321840 calls=2 n0=2296 n1=274 prims=61024 bb=160,1120,0,694
[OTT] walkUs=2276 texUs=123 emitUs=669 submitUs=183 otherUs=1299 prims=388 usPerPrim=5
[FT] avgMs=16 worstMs=46 gameMs=11 drawMs=5 swapWait=0ms draws=70 decodes=0 decMs=0
[OTS] f=321960 calls=2 n0=2297 n1=274 prims=61259 bb=160,1120,0,694
[OTT] walkUs=2045 texUs=123 emitUs=671 submitUs=198 otherUs=1050 prims=389 usPerPrim=5
[FT] avgMs=16 worstMs=52 gameMs=11 drawMs=5 swapWait=0ms draws=71 decodes=0 decMs=0
[OTS] f=322080 calls=2 n0=2303 n1=274 prims=61066 bb=160,1120,0,694
[OTT] walkUs=1922 texUs=126 emitUs=691 submitUs=204 otherUs=899 prims=395 usPerPrim=4
[SH-XBOX] vblank 322200
[MEM] tick: free=4016KB (1004 pages)
[FT] avgMs=16 worstMs=48 gameMs=11 drawMs=5 swapWait=0ms draws=71 decodes=0 decMs=0
[OTS] f=322200 calls=2 n0=2300 n1=274 prims=61295 bb=160,1120,0,694
[OTT] walkUs=2175 texUs=127 emitUs=679 submitUs=496 otherUs=872 prims=392 usPerPrim=5
[FT] avgMs=16 worstMs=44 gameMs=11 drawMs=5 swapWait=0ms draws=70 decodes=0 decMs=0
[OTS] f=322320 calls=2 n0=2299 n1=274 prims=60989 bb=160,1120,0,694
[OTT] walkUs=2262 texUs=124 emitUs=677 submitUs=483 otherUs=977 prims=391 usPerPrim=5
[FT] avgMs=16 worstMs=46 gameMs=11 drawMs=5 swapWait=0ms draws=70 decodes=0 decMs=0
[OTS] f=322440 calls=2 n0=2301 n1=274 prims=61268 bb=160,1120,0,694
[OTT] walkUs=2343 texUs=124 emitUs=691 submitUs=178 otherUs=1349 prims=393 usPerPrim=5
[FT] avgMs=16 worstMs=53 gameMs=11 drawMs=5 swapWait=1ms draws=71 decodes=0 decMs=0
[OTS] f=322560 calls=2 n0=2301 n1=274 prims=60990 bb=160,1120,0,694
[OTT] walkUs=2317 texUs=124 emitUs=680 submitUs=298 otherUs=1214 prims=393 usPerPrim=5
[FT] avgMs=16 worstMs=48 gameMs=11 drawMs=5 swapWait=1ms draws=70 decodes=0 decMs=0
[OTS] f=322680 calls=2 n0=2300 n1=274 prims=61226 bb=160,1120,0,694
[OTT] walkUs=2088 texUs=125 emitUs=678 submitUs=198 otherUs=1085 prims=392 usPerPrim=5
[SH-XBOX] vblank 322800
[MEM] tick: free=4016KB (1004 pages)
[FT] avgMs=16 worstMs=45 gameMs=11 drawMs=5 swapWait=1ms draws=70 decodes=0 decMs=0
[OTS] f=322800 calls=2 n0=2300 n1=274 prims=60996 bb=160,1120,0,694
[OTT] walkUs=2162 texUs=123 emitUs=679 submitUs=265 otherUs=1094 prims=392 usPerPrim=5
[FT] avgMs=16 worstMs=46 gameMs=11 drawMs=5 swapWait=0ms draws=71 decodes=0 decMs=0
[OTS] f=322920 calls=2 n0=2300 n1=274 prims=61335 bb=160,1120,0,694
[OTT] walkUs=2258 texUs=124 emitUs=683 submitUs=506 otherUs=943 prims=392 usPerPrim=5
[FT] avgMs=16 worstMs=53 gameMs=11 drawMs=5 swapWait=0ms draws=70 decodes=0 decMs=0
[OTS] f=323040 calls=2 n0=2298 n1=274 prims=60936 bb=160,1120,0,694
[OTT] walkUs=2340 texUs=125 emitUs=673 submitUs=274 otherUs=1265 prims=390 usPerPrim=6
[FT] avgMs=16 worstMs=49 gameMs=11 drawMs=5 swapWait=0ms draws=71 decodes=0 decMs=0
[OTS] f=323160 calls=2 n0=2301 n1=274 prims=61249 bb=160,1120,0,694
[OTT] walkUs=2556 texUs=127 emitUs=684 submitUs=689 otherUs=1055 prims=393 usPerPrim=6
[FT] avgMs=16 worstMs=44 gameMs=11 drawMs=5 swapWait=0ms draws=70 decodes=0 decMs=0
[OTS] f=323280 calls=2 n0=2295 n1=274 prims=61072 bb=160,1120,0,694
[OTT] walkUs=2222 texUs=123 emitUs=665 submitUs=234 otherUs=1199 prims=387 usPerPrim=5
[SH-XBOX] vblank 323400
[MEM] tick: free=4016KB (1004 pages)
[FT] avgMs=16 worstMs=47 gameMs=11 drawMs=5 swapWait=0ms draws=70 decodes=0 decMs=0
[OTS] f=323400 calls=2 n0=2304 n1=274 prims=61139 bb=160,1120,0,694
[OTT] walkUs=2512 texUs=125 emitUs=687 submitUs=840 otherUs=857 prims=396 usPerPrim=6
[FT] avgMs=16 worstMs=53 gameMs=11 drawMs=5 swapWait=0ms draws=70 decodes=0 decMs=0
[OTS] f=323520 calls=2 n0=2297 n1=274 prims=61048 bb=160,1120,0,694
[OTT] walkUs=2352 texUs=127 emitUs=671 submitUs=399 otherUs=1154 prims=389 usPerPrim=6
[FT] avgMs=16 worstMs=49 gameMs=11 drawMs=5 swapWait=0ms draws=71 decodes=0 decMs=0
[OTS] f=323640 calls=2 n0=2302 n1=274 prims=61162 bb=160,1120,0,694
[OTT] walkUs=1810 texUs=125 emitUs=688 submitUs=194 otherUs=802 prims=394 usPerPrim=4
[FT] avgMs=16 worstMs=45 gameMs=11 drawMs=5 swapWait=0ms draws=71 decodes=0 decMs=0
[OTS] f=323760 calls=2 n0=2296 n1=274 prims=61251 bb=160,1120,0,694
[OTT] walkUs=2314 texUs=122 emitUs=666 submitUs=500 otherUs=1024 prims=388 usPerPrim=5
[FT] avgMs=16 worstMs=46 gameMs=11 drawMs=5 swapWait=0ms draws=70 decodes=0 decMs=0
[OTS] f=323880 calls=2 n0=2303 n1=274 prims=60969 bb=160,1120,0,694
[OTT] walkUs=2070 texUs=125 emitUs=686 submitUs=204 otherUs=1053 prims=395 usPerPrim=5
[SH-XBOX] vblank 324000
[MEM] tick: free=4016KB (1004 pages)
[FT] avgMs=16 worstMs=54 gameMs=11 drawMs=5 swapWait=0ms draws=71 decodes=0 decMs=0
[OTS] f=324000 calls=2 n0=2300 n1=274 prims=61284 bb=160,1120,0,694
[OTT] walkUs=1970 texUs=128 emitUs=682 submitUs=182 otherUs=976 prims=392 usPerPrim=5
[FT] avgMs=16 worstMs=49 gameMs=11 drawMs=5 swapWait=0ms draws=70 decodes=0 decMs=0
[OTS] f=324120 calls=2 n0=2300 n1=274 prims=60981 bb=160,1120,0,694
[OTT] walkUs=2222 texUs=124 emitUs=673 submitUs=180 otherUs=1243 prims=392 usPerPrim=5
[FT] avgMs=16 worstMs=45 gameMs=11 drawMs=5 swapWait=0ms draws=70 decodes=0 decMs=0
[OTS] f=324240 calls=2 n0=2299 n1=274 prims=61273 bb=160,1120,0,694
[OTT] walkUs=2228 texUs=124 emitUs=679 submitUs=259 otherUs=1163 prims=391 usPerPrim=5
[FT] avgMs=16 worstMs=46 gameMs=11 drawMs=5 swapWait=0ms draws=71 decodes=0 decMs=0
[OTS] f=324360 calls=2 n0=2300 n1=274 prims=61001 bb=160,1120,0,694
[OTT] walkUs=2220 texUs=124 emitUs=678 submitUs=469 otherUs=947 prims=392 usPerPrim=5
[FT] avgMs=16 worstMs=53 gameMs=11 drawMs=5 swapWait=0ms draws=70 decodes=0 decMs=0
[OTS] f=324480 calls=2 n0=2301 n1=274 prims=61201 bb=160,1120,0,694
[OTT] walkUs=1994 texUs=125 emitUs=682 submitUs=243 otherUs=943 prims=393 usPerPrim=5
[SH-XBOX] vblank 324600
[MEM] tick: free=4016KB (1004 pages)
[FT] avgMs=16 worstMs=49 gameMs=11 drawMs=5 swapWait=0ms draws=71 decodes=0 decMs=0
[OTS] f=324600 calls=2 n0=2301 n1=274 prims=61020 bb=160,1120,0,694
[OTT] walkUs=2092 texUs=124 emitUs=682 submitUs=397 otherUs=887 prims=393 usPerPrim=5
[FT] avgMs=16 worstMs=45 gameMs=11 drawMs=5 swapWait=0ms draws=71 decodes=0 decMs=0
[OTS] f=324720 calls=2 n0=2300 n1=274 prims=61344 bb=160,1120,0,694
[OTT] walkUs=2165 texUs=124 emitUs=678 submitUs=223 otherUs=1139 prims=392 usPerPrim=5
[FT] avgMs=16 worstMs=51 gameMs=11 drawMs=5 swapWait=0ms draws=71 decodes=0 decMs=0
[OTS] f=324840 calls=2 n0=2299 n1=274 prims=61021 bb=160,1120,0,694
[OTT] walkUs=2093 texUs=124 emitUs=676 submitUs=193 otherUs=1098 prims=391 usPerPrim=5
[FT] avgMs=16 worstMs=47 gameMs=11 drawMs=5 swapWait=0ms draws=70 decodes=0 decMs=0
[OTS] f=324960 calls=2 n0=2300 n1=274 prims=61215 bb=160,1120,0,694
[OTT] walkUs=1938 texUs=125 emitUs=692 submitUs=198 otherUs=921 prims=392 usPerPrim=4
[FT] avgMs=16 worstMs=43 gameMs=11 drawMs=5 swapWait=0ms draws=70 decodes=0 decMs=0
[OTS] f=325080 calls=2 n0=2299 n1=274 prims=61039 bb=160,1120,0,694
[OTT] walkUs=1983 texUs=124 emitUs=673 submitUs=256 otherUs=928 prims=391 usPerPrim=5
[SH-XBOX] vblank 325200
[MEM] tick: free=4016KB (1004 pages)
[FT] avgMs=16 worstMs=45 gameMs=11 drawMs=5 swapWait=0ms draws=71 decodes=0 decMs=0
[OTS] f=325200 calls=2 n0=2303 n1=274 prims=61252 bb=160,1120,0,694
[OTT] walkUs=2199 texUs=125 emitUs=698 submitUs=337 otherUs=1037 prims=395 usPerPrim=5
[FT] avgMs=16 worstMs=52 gameMs=11 drawMs=5 swapWait=0ms draws=70 decodes=0 decMs=0
[OTS] f=325320 calls=2 n0=2297 n1=274 prims=61010 bb=160,1120,0,694
[OTT] walkUs=2091 texUs=123 emitUs=674 submitUs=403 otherUs=889 prims=389 usPerPrim=5
[FT] avgMs=16 worstMs=47 gameMs=11 drawMs=5 swapWait=0ms draws=71 decodes=0 decMs=0
[OTS] f=325440 calls=2 n0=2302 n1=274 prims=61171 bb=160,1120,0,694
[OTT] walkUs=2081 texUs=125 emitUs=683 submitUs=210 otherUs=1061 prims=394 usPerPrim=5
[FT] avgMs=16 worstMs=43 gameMs=11 drawMs=5 swapWait=1ms draws=71 decodes=0 decMs=0
[OTS] f=325560 calls=2 n0=2295 n1=274 prims=61232 bb=160,1120,0,694
[OTT] walkUs=2320 texUs=122 emitUs=667 submitUs=261 otherUs=1269 prims=387 usPerPrim=5
[FT] avgMs=16 worstMs=44 gameMs=11 drawMs=5 swapWait=0ms draws=70 decodes=0 decMs=0
[OTS] f=325680 calls=2 n0=2298 n1=274 prims=61001 bb=160,1120,0,694
[OTT] walkUs=2204 texUs=123 emitUs=676 submitUs=199 otherUs=1203 prims=390 usPerPrim=5
[SH-XBOX] vblank 325800
[MEM] tick: free=4016KB (1004 pages)
[FT] avgMs=16 worstMs=47 gameMs=11 drawMs=5 swapWait=1ms draws=71 decodes=0 decMs=0
[OTS] f=325800 calls=2 n0=2298 n1=274 prims=61267 bb=160,1120,0,694
[OTT] walkUs=2250 texUs=123 emitUs=681 submitUs=424 otherUs=1022 prims=390 usPerPrim=5
[FT] avgMs=16 worstMs=55 gameMs=11 drawMs=5 swapWait=0ms draws=70 decodes=0 decMs=0
[OTS] f=325920 calls=2 n0=2301 n1=274 prims=60984 bb=160,1120,0,694
[OTT] walkUs=2290 texUs=126 emitUs=677 submitUs=315 otherUs=1170 prims=393 usPerPrim=5
[FT] avgMs=16 worstMs=49 gameMs=11 drawMs=5 swapWait=0ms draws=70 decodes=0 decMs=0
[OTS] f=326040 calls=2 n0=2300 n1=274 prims=61267 bb=160,1120,0,694
[OTT] walkUs=2340 texUs=124 emitUs=681 submitUs=198 otherUs=1336 prims=392 usPerPrim=5
[FT] avgMs=16 worstMs=45 gameMs=11 drawMs=5 swapWait=1ms draws=70 decodes=0 decMs=0
[OTS] f=326160 calls=2 n0=2301 n1=274 prims=60899 bb=160,1120,0,694
[OTT] walkUs=2326 texUs=127 emitUs=679 submitUs=208 otherUs=1310 prims=393 usPerPrim=5
[FT] avgMs=16 worstMs=52 gameMs=11 drawMs=5 swapWait=0ms draws=71 decodes=0 decMs=0
[OTS] f=326280 calls=2 n0=2301 n1=274 prims=61329 bb=160,1120,0,694
[OTT] walkUs=2169 texUs=124 emitUs=680 submitUs=191 otherUs=1172 prims=393 usPerPrim=5
[SH-XBOX] vblank 326400
[MEM] tick: free=4016KB (1004 pages)
[FT] avgMs=16 worstMs=48 gameMs=11 drawMs=5 swapWait=0ms draws=70 decodes=0 decMs=0
[OTS] f=326400 calls=2 n0=2298 n1=274 prims=60990 bb=160,1120,0,694
[OTT] walkUs=2049 texUs=124 emitUs=670 submitUs=290 otherUs=964 prims=390 usPerPrim=5
[FT] avgMs=16 worstMs=44 gameMs=11 drawMs=5 swapWait=0ms draws=70 decodes=0 decMs=0
[OTS] f=326520 calls=2 n0=2302 n1=274 prims=61246 bb=160,1120,0,694
[OTT] walkUs=2262 texUs=124 emitUs=686 submitUs=425 otherUs=1025 prims=394 usPerPrim=5
[FT] avgMs=16 worstMs=45 gameMs=11 drawMs=5 swapWait=0ms draws=71 decodes=0 decMs=0
[OTS] f=326640 calls=2 n0=2300 n1=274 prims=61006 bb=160,1120,0,694
[OTT] walkUs=1879 texUs=123 emitUs=678 submitUs=266 otherUs=810 prims=392 usPerPrim=4
[FT] avgMs=16 worstMs=53 gameMs=11 drawMs=5 swapWait=0ms draws=70 decodes=0 decMs=0
[OTS] f=326760 calls=2 n0=2298 n1=274 prims=61219 bb=160,1120,0,694
[OTT] walkUs=2269 texUs=136 emitUs=668 submitUs=322 otherUs=1141 prims=390 usPerPrim=5
[FT] avgMs=16 worstMs=48 gameMs=11 drawMs=5 swapWait=0ms draws=70 decodes=0 decMs=0
[OTS] f=326880 calls=2 n0=2297 n1=274 prims=61040 bb=160,1120,0,694
[OTT] walkUs=2226 texUs=124 emitUs=672 submitUs=209 otherUs=1220 prims=389 usPerPrim=5
[SH-XBOX] vblank 327000
[MEM] tick: free=4016KB (1004 pages)
[FT] avgMs=16 worstMs=44 gameMs=11 drawMs=5 swapWait=0ms draws=71 decodes=0 decMs=0
[OTS] f=327000 calls=2 n0=2301 n1=274 prims=61261 bb=160,1120,0,694
[OTT] walkUs=2017 texUs=124 emitUs=685 submitUs=185 otherUs=1021 prims=393 usPerPrim=5
[FT] avgMs=16 worstMs=45 gameMs=11 drawMs=5 swapWait=0ms draws=70 decodes=0 decMs=0
[OTS] f=327120 calls=2 n0=2298 n1=274 prims=60972 bb=160,1120,0,694
[OTT] walkUs=2013 texUs=123 emitUs=677 submitUs=201 otherUs=1010 prims=390 usPerPrim=5
[FT] avgMs=16 worstMs=53 gameMs=11 drawMs=5 swapWait=0ms draws=71 decodes=0 decMs=0
[OTS] f=327240 calls=2 n0=2304 n1=274 prims=61209 bb=160,1120,0,694
[OTT] walkUs=2169 texUs=126 emitUs=695 submitUs=198 otherUs=1148 prims=396 usPerPrim=5
[FT] avgMs=16 worstMs=47 gameMs=11 drawMs=5 swapWait=0ms draws=71 decodes=0 decMs=0
[OTS] f=327360 calls=2 n0=2297 n1=274 prims=61206 bb=160,1120,0,694
[OTT] walkUs=2084 texUs=123 emitUs=674 submitUs=273 otherUs=1013 prims=389 usPerPrim=5
[FT] avgMs=16 worstMs=44 gameMs=11 drawMs=5 swapWait=0ms draws=71 decodes=0 decMs=0
[OTS] f=327480 calls=2 n0=2302 n1=274 prims=61162 bb=160,1120,0,694
[OTT] walkUs=2003 texUs=129 emitUs=688 submitUs=278 otherUs=908 prims=394 usPerPrim=5
[SH-XBOX] vblank 327600
[MEM] tick: free=4016KB (1004 pages)
[FT] avgMs=16 worstMs=45 gameMs=11 drawMs=5 swapWait=0ms draws=70 decodes=0 decMs=0
[OTS] f=327600 calls=2 n0=2295 n1=274 prims=61127 bb=160,1120,0,694
[OTT] walkUs=1989 texUs=124 emitUs=663 submitUs=401 otherUs=800 prims=387 usPerPrim=5
[FT] avgMs=16 worstMs=52 gameMs=11 drawMs=5 swapWait=0ms draws=70 decodes=0 decMs=0
[OTS] f=327720 calls=2 n0=2303 n1=274 prims=61061 bb=160,1120,0,694
[OTT] walkUs=1990 texUs=126 emitUs=685 submitUs=340 otherUs=838 prims=395 usPerPrim=5
[FT] avgMs=16 worstMs=47 gameMs=11 drawMs=5 swapWait=0ms draws=71 decodes=0 decMs=0
[OTS] f=327840 calls=2 n0=2300 n1=274 prims=61313 bb=160,1120,0,694
[OTT] walkUs=2162 texUs=124 emitUs=683 submitUs=202 otherUs=1152 prims=392 usPerPrim=5
[FT] avgMs=16 worstMs=43 gameMs=11 drawMs=5 swapWait=0ms draws=70 decodes=0 decMs=0
[OTS] f=327960 calls=2 n0=2302 n1=274 prims=60909 bb=160,1120,0,694
[OTT] walkUs=2120 texUs=125 emitUs=681 submitUs=408 otherUs=904 prims=394 usPerPrim=5
[FT] avgMs=16 worstMs=45 gameMs=11 drawMs=5 swapWait=1ms draws=71 decodes=0 decMs=0
[OTS] f=328080 calls=2 n0=2299 n1=274 prims=61318 bb=160,1120,0,694
[OTT] walkUs=2103 texUs=123 emitUs=681 submitUs=203 otherUs=1094 prims=391 usPerPrim=5
[SH-XBOX] vblank 328200
[MEM] tick: free=4016KB (1004 pages)
[FT] avgMs=16 worstMs=52 gameMs=11 drawMs=5 swapWait=0ms draws=70 decodes=0 decMs=0
[OTS] f=328200 calls=2 n0=2297 n1=274 prims=60989 bb=160,1120,0,694
[OTT] walkUs=2139 texUs=124 emitUs=669 submitUs=239 otherUs=1106 prims=389 usPerPrim=5
[FT] avgMs=16 worstMs=48 gameMs=11 drawMs=5 swapWait=0ms draws=70 decodes=0 decMs=0
[OTS] f=328320 calls=2 n0=2301 n1=274 prims=61243 bb=160,1120,0,694
[OTT] walkUs=2146 texUs=124 emitUs=681 submitUs=201 otherUs=1138 prims=393 usPerPrim=5
[FT] avgMs=16 worstMs=43 gameMs=11 drawMs=5 swapWait=0ms draws=71 decodes=0 decMs=0
[OTS] f=328440 calls=2 n0=2302 n1=274 prims=61018 bb=160,1120,0,694
[OTT] walkUs=2164 texUs=125 emitUs=685 submitUs=422 otherUs=931 prims=394 usPerPrim=5
[FT] avgMs=17 worstMs=69 gameMs=11 drawMs=5 swapWait=0ms draws=70 decodes=0 decMs=0
[OTS] f=328560 calls=2 n0=2298 n1=274 prims=61214 bb=160,1120,0,694
[OTT] walkUs=2342 texUs=124 emitUs=669 submitUs=397 otherUs=1151 prims=390 usPerPrim=6
[FT] avgMs=16 worstMs=47 gameMs=11 drawMs=5 swapWait=1ms draws=70 decodes=0 decMs=0
[OTS] f=328680 calls=2 n0=2298 n1=274 prims=61018 bb=160,1120,0,694
[OTT] walkUs=2316 texUs=123 emitUs=670 submitUs=380 otherUs=1142 prims=390 usPerPrim=5
[SH-XBOX] vblank 328800
[MEM] tick: free=4016KB (1004 pages)
[FT] avgMs=16 worstMs=42 gameMs=11 drawMs=5 swapWait=1ms draws=70 decodes=0 decMs=0
[OTS] f=328800 calls=2 n0=2302 n1=274 prims=61164 bb=160,1120,0,694
[OTT] walkUs=2619 texUs=125 emitUs=685 submitUs=342 otherUs=1466 prims=394 usPerPrim=6
[FT] avgMs=16 worstMs=44 gameMs=11 drawMs=5 swapWait=0ms draws=71 decodes=0 decMs=0
[OTS] f=328920 calls=2 n0=2300 n1=274 prims=61083 bb=160,1120,0,694
[OTT] walkUs=2350 texUs=123 emitUs=682 submitUs=208 otherUs=1335 prims=392 usPerPrim=5
[FT] avgMs=16 worstMs=45 gameMs=11 drawMs=5 swapWait=0ms draws=70 decodes=0 decMs=0
[OTS] f=329040 calls=2 n0=2301 n1=274 prims=61198 bb=160,1120,0,694
[OTT] walkUs=1794 texUs=126 emitUs=682 submitUs=225 otherUs=760 prims=393 usPerPrim=4
[FT] avgMs=16 worstMs=53 gameMs=11 drawMs=5 swapWait=0ms draws=70 decodes=0 decMs=0
[OTS] f=329160 calls=2 n0=2297 n1=274 prims=61078 bb=160,1120,0,694
[OTT] walkUs=1931 texUs=123 emitUs=673 submitUs=257 otherUs=877 prims=389 usPerPrim=4
[FT] avgMs=16 worstMs=48 gameMs=11 drawMs=5 swapWait=0ms draws=71 decodes=0 decMs=0
[OTS] f=329280 calls=2 n0=2302 n1=274 prims=61171 bb=160,1120,0,694
[OTT] walkUs=2210 texUs=125 emitUs=682 submitUs=323 otherUs=1080 prims=394 usPerPrim=5
[SH-XBOX] vblank 329400
[MEM] tick: free=4016KB (1004 pages)
[FT] avgMs=16 worstMs=44 gameMs=11 drawMs=5 swapWait=0ms draws=70 decodes=0 decMs=0
[OTS] f=329400 calls=2 n0=2294 n1=274 prims=61088 bb=160,1120,0,694
[OTT] walkUs=1848 texUs=127 emitUs=659 submitUs=184 otherUs=877 prims=386 usPerPrim=4
[FT] avgMs=16 worstMs=45 gameMs=11 drawMs=5 swapWait=0ms draws=70 decodes=0 decMs=0
[OTS] f=329520 calls=2 n0=2297 n1=274 prims=61117 bb=160,1120,0,694
[OTT] walkUs=2016 texUs=123 emitUs=669 submitUs=236 otherUs=987 prims=389 usPerPrim=5
[FT] avgMs=16 worstMs=53 gameMs=11 drawMs=5 swapWait=0ms draws=71 decodes=0 decMs=0
[OTS] f=329640 calls=2 n0=2298 n1=274 prims=61295 bb=160,1120,0,694
[OTT] walkUs=2164 texUs=123 emitUs=679 submitUs=180 otherUs=1180 prims=390 usPerPrim=5
[FT] avgMs=16 worstMs=49 gameMs=11 drawMs=5 swapWait=0ms draws=70 decodes=0 decMs=0
[OTS] f=329760 calls=2 n0=2303 n1=274 prims=60925 bb=160,1120,0,694
[OTT] walkUs=1936 texUs=125 emitUs=689 submitUs=263 otherUs=858 prims=395 usPerPrim=4
[FT] avgMs=16 worstMs=44 gameMs=11 drawMs=5 swapWait=0ms draws=71 decodes=0 decMs=0
[OTS] f=329880 calls=2 n0=2300 n1=274 prims=61295 bb=160,1120,0,694
[OTT] walkUs=1997 texUs=124 emitUs=682 submitUs=250 otherUs=939 prims=392 usPerPrim=5
[SH-XBOX] vblank 330000
[MEM] tick: free=4016KB (1004 pages)
[FT] avgMs=16 worstMs=46 gameMs=11 drawMs=5 swapWait=0ms draws=71 decodes=0 decMs=0
[OTS] f=330000 calls=2 n0=2300 n1=274 prims=61041 bb=160,1120,0,694
[OTT] walkUs=1970 texUs=125 emitUs=677 submitUs=302 otherUs=865 prims=392 usPerPrim=5
[FT] avgMs=16 worstMs=53 gameMs=11 drawMs=5 swapWait=0ms draws=71 decodes=0 decMs=0
[OTS] f=330120 calls=2 n0=2301 n1=274 prims=61345 bb=160,1120,0,694
[OTT] walkUs=2148 texUs=123 emitUs=682 submitUs=194 otherUs=1148 prims=393 usPerPrim=5
[FT] avgMs=16 worstMs=49 gameMs=11 drawMs=5 swapWait=0ms draws=70 decodes=0 decMs=0
[OTS] f=330240 calls=2 n0=2301 n1=274 prims=60862 bb=160,1120,0,694
[OTT] walkUs=2078 texUs=124 emitUs=681 submitUs=192 otherUs=1080 prims=393 usPerPrim=5
[FT] avgMs=16 worstMs=43 gameMs=11 drawMs=5 swapWait=1ms draws=71 decodes=0 decMs=0
[OTS] f=330360 calls=2 n0=2302 n1=274 prims=61345 bb=160,1120,0,694
[OTT] walkUs=2327 texUs=124 emitUs=704 submitUs=356 otherUs=1141 prims=394 usPerPrim=5
[FT] avgMs=16 worstMs=45 gameMs=11 drawMs=5 swapWait=0ms draws=71 decodes=0 decMs=0
[OTS] f=330480 calls=2 n0=2299 n1=274 prims=61032 bb=160,1120,0,694
[OTT] walkUs=1949 texUs=123 emitUs=678 submitUs=245 otherUs=901 prims=391 usPerPrim=4
[SH-XBOX] vblank 330600
[MEM] tick: free=4016KB (1004 pages)
[FT] avgMs=16 worstMs=53 gameMs=11 drawMs=5 swapWait=0ms draws=70 decodes=0 decMs=0
[OTS] f=330600 calls=2 n0=2300 n1=274 prims=61181 bb=160,1120,0,694
[OTT] walkUs=2209 texUs=124 emitUs=678 submitUs=439 otherUs=966 prims=392 usPerPrim=5
[FT] avgMs=16 worstMs=48 gameMs=11 drawMs=5 swapWait=0ms draws=71 decodes=0 decMs=0
[OTS] f=330720 calls=2 n0=2298 n1=274 prims=61064 bb=160,1120,0,694
[OTT] walkUs=2187 texUs=126 emitUs=673 submitUs=210 otherUs=1177 prims=390 usPerPrim=5
[FT] avgMs=16 worstMs=44 gameMs=11 drawMs=5 swapWait=0ms draws=70 decodes=0 decMs=0
[OTS] f=330840 calls=2 n0=2299 n1=274 prims=61195 bb=160,1120,0,694
[OTT] walkUs=2254 texUs=123 emitUs=671 submitUs=183 otherUs=1276 prims=391 usPerPrim=5
[FT] avgMs=16 worstMs=46 gameMs=11 drawMs=5 swapWait=0ms draws=70 decodes=0 decMs=0
[OTS] f=330960 calls=2 n0=2298 n1=274 prims=61056 bb=160,1120,0,694
[OTT] walkUs=2229 texUs=123 emitUs=673 submitUs=492 otherUs=940 prims=390 usPerPrim=5
[FT] avgMs=16 worstMs=52 gameMs=11 drawMs=5 swapWait=1ms draws=71 decodes=0 decMs=0
[OTS] f=331080 calls=2 n0=2304 n1=274 prims=61209 bb=160,1120,0,694
[OTT] walkUs=2087 texUs=126 emitUs=692 submitUs=225 otherUs=1042 prims=396 usPerPrim=5
[SH-XBOX] vblank 331200
[MEM] tick: free=4016KB (1004 pages)
[FT] avgMs=16 worstMs=48 gameMs=11 drawMs=5 swapWait=0ms draws=70 decodes=0 decMs=0
[OTS] f=331200 calls=2 n0=2297 n1=274 prims=61048 bb=160,1120,0,694
[OTT] walkUs=2277 texUs=123 emitUs=671 submitUs=295 otherUs=1187 prims=389 usPerPrim=5
[FT] avgMs=16 worstMs=44 gameMs=11 drawMs=5 swapWait=0ms draws=71 decodes=0 decMs=0
[OTS] f=331320 calls=2 n0=2301 n1=274 prims=61168 bb=160,1120,0,694
[OTT] walkUs=2333 texUs=124 emitUs=678 submitUs=486 otherUs=1043 prims=393 usPerPrim=5
[FT] avgMs=16 worstMs=46 gameMs=11 drawMs=5 swapWait=0ms draws=70 decodes=0 decMs=0
[OTS] f=331440 calls=2 n0=2297 n1=274 prims=61125 bb=160,1120,0,694
[OTT] walkUs=2477 texUs=171 emitUs=672 submitUs=296 otherUs=1337 prims=389 usPerPrim=6
[FT] avgMs=16 worstMs=53 gameMs=11 drawMs=5 swapWait=0ms draws=71 decodes=0 decMs=0
[OTS] f=331560 calls=2 n0=2303 n1=274 prims=61087 bb=160,1120,0,694
[OTT] walkUs=2596 texUs=125 emitUs=689 submitUs=328 otherUs=1452 prims=395 usPerPrim=6
[FT] avgMs=16 worstMs=48 gameMs=11 drawMs=5 swapWait=0ms draws=70 decodes=0 decMs=0
[OTS] f=331680 calls=2 n0=2298 n1=274 prims=61213 bb=160,1120,0,694
[OTT] walkUs=2261 texUs=124 emitUs=671 submitUs=287 otherUs=1177 prims=390 usPerPrim=5
[SH-XBOX] vblank 331800
[MEM] tick: free=4016KB (1004 pages)
[FT] avgMs=16 worstMs=44 gameMs=11 drawMs=5 swapWait=0ms draws=70 decodes=0 decMs=0
[OTS] f=331800 calls=2 n0=2301 n1=274 prims=60995 bb=160,1120,0,694
[OTT] walkUs=1812 texUs=125 emitUs=681 submitUs=190 otherUs=815 prims=393 usPerPrim=4
[FT] avgMs=16 worstMs=45 gameMs=11 drawMs=5 swapWait=0ms draws=71 decodes=0 decMs=0
[OTS] f=331920 calls=2 n0=2299 n1=274 prims=61329 bb=160,1120,0,694
[OTT] walkUs=2169 texUs=123 emitUs=680 submitUs=318 otherUs=1047 prims=391 usPerPrim=5
[FT] avgMs=16 worstMs=53 gameMs=11 drawMs=5 swapWait=1ms draws=70 decodes=0 decMs=0
[OTS] f=332040 calls=2 n0=2300 n1=274 prims=60875 bb=160,1120,0,694
[OTT] walkUs=2019 texUs=124 emitUs=682 submitUs=212 otherUs=1000 prims=392 usPerPrim=5
[FT] avgMs=16 worstMs=49 gameMs=11 drawMs=5 swapWait=0ms draws=71 decodes=0 decMs=0
[OTS] f=332160 calls=2 n0=2301 n1=274 prims=61330 bb=160,1120,0,694
[OTT] walkUs=2280 texUs=124 emitUs=680 submitUs=178 otherUs=1296 prims=393 usPerPrim=5
[FT] avgMs=16 worstMs=44 gameMs=11 drawMs=5 swapWait=0ms draws=71 decodes=0 decMs=0
[OTS] f=332280 calls=2 n0=2302 n1=274 prims=61048 bb=160,1120,0,694
[OTT] walkUs=1973 texUs=125 emitUs=684 submitUs=302 otherUs=861 prims=394 usPerPrim=5
[SH-XBOX] vblank 332400
[MEM] tick: free=4016KB (1004 pages)
[FT] avgMs=16 worstMs=46 gameMs=11 drawMs=5 swapWait=0ms draws=70 decodes=0 decMs=0
[OTS] f=332400 calls=2 n0=2300 n1=274 prims=61188 bb=160,1120,0,694
[OTT] walkUs=2020 texUs=124 emitUs=681 submitUs=281 otherUs=932 prims=392 usPerPrim=5
[FT] avgMs=16 worstMs=53 gameMs=11 drawMs=5 swapWait=0ms draws=71 decodes=0 decMs=0
[OTS] f=332520 calls=2 n0=2299 n1=274 prims=61022 bb=160,1120,0,694
[OTT] walkUs=2065 texUs=123 emitUs=676 submitUs=361 otherUs=903 prims=391 usPerPrim=5
[FT] avgMs=16 worstMs=49 gameMs=11 drawMs=5 swapWait=1ms draws=71 decodes=0 decMs=0
[OTS] f=332640 calls=2 n0=2302 n1=274 prims=61284 bb=160,1120,0,694
[OTT] walkUs=1966 texUs=125 emitUs=687 submitUs=194 otherUs=959 prims=394 usPerPrim=4
[FT] avgMs=16 worstMs=44 gameMs=11 drawMs=5 swapWait=0ms draws=71 decodes=0 decMs=0
[OTS] f=332760 calls=2 n0=2300 n1=274 prims=61113 bb=160,1120,0,694
[OTT] walkUs=2175 texUs=124 emitUs=678 submitUs=257 otherUs=1115 prims=392 usPerPrim=5
[FT] avgMs=16 worstMs=45 gameMs=11 drawMs=5 swapWait=0ms draws=70 decodes=0 decMs=0
[OTS] f=332880 calls=2 n0=2303 n1=274 prims=61109 bb=160,1120,0,694
[OTT] walkUs=2033 texUs=128 emitUs=687 submitUs=342 otherUs=874 prims=395 usPerPrim=5
[SH-XBOX] vblank 333000
[MEM] tick: free=4016KB (1004 pages)
[FT] avgMs=16 worstMs=53 gameMs=11 drawMs=5 swapWait=0ms draws=71 decodes=0 decMs=0
[OTS] f=333000 calls=2 n0=2297 n1=274 prims=61137 bb=160,1120,0,694
[OTT] walkUs=2082 texUs=122 emitUs=675 submitUs=322 otherUs=961 prims=389 usPerPrim=5
[FT] avgMs=16 worstMs=49 gameMs=11 drawMs=5 swapWait=0ms draws=70 decodes=0 decMs=0
[OTS] f=333120 calls=2 n0=2299 n1=274 prims=61175 bb=160,1120,0,694
[OTT] walkUs=2193 texUs=124 emitUs=669 submitUs=403 otherUs=995 prims=391 usPerPrim=5
[FT] avgMs=16 worstMs=45 gameMs=11 drawMs=5 swapWait=0ms draws=70 decodes=0 decMs=0
[OTS] f=333240 calls=2 n0=2296 n1=274 prims=61104 bb=160,1120,0,694
[OTT] walkUs=2319 texUs=122 emitUs=672 submitUs=356 otherUs=1168 prims=388 usPerPrim=5
[FT] avgMs=16 worstMs=46 gameMs=11 drawMs=5 swapWait=0ms draws=71 decodes=0 decMs=0
[OTS] f=333360 calls=2 n0=2298 n1=274 prims=61125 bb=160,1120,0,694
[OTT] walkUs=2246 texUs=126 emitUs=673 submitUs=189 otherUs=1256 prims=390 usPerPrim=5
[FT] avgMs=16 worstMs=52 gameMs=11 drawMs=5 swapWait=1ms draws=70 decodes=0 decMs=0
[OTS] f=333480 calls=2 n0=2296 n1=274 prims=61181 bb=160,1120,0,694
[OTT] walkUs=2102 texUs=123 emitUs=669 submitUs=197 otherUs=1112 prims=388 usPerPrim=5
[SH-XBOX] vblank 333600
[MEM] tick: free=4016KB (1004 pages)
[FT] avgMs=16 worstMs=48 gameMs=11 drawMs=5 swapWait=0ms draws=70 decodes=0 decMs=0
[OTS] f=333600 calls=2 n0=2302 n1=274 prims=61033 bb=160,1120,0,694
[OTT] walkUs=2259 texUs=129 emitUs=681 submitUs=190 otherUs=1258 prims=394 usPerPrim=5
[FT] avgMs=16 worstMs=44 gameMs=11 drawMs=5 swapWait=0ms draws=71 decodes=0 decMs=0
[OTS] f=333720 calls=2 n0=2300 n1=274 prims=61303 bb=160,1120,0,694
[OTT] walkUs=2210 texUs=124 emitUs=680 submitUs=211 otherUs=1194 prims=392 usPerPrim=5
[FT] avgMs=16 worstMs=46 gameMs=11 drawMs=5 swapWait=0ms draws=70 decodes=0 decMs=0
[OTS] f=333840 calls=2 n0=2301 n1=274 prims=60898 bb=160,1120,0,694
[OTT] walkUs=2263 texUs=124 emitUs=683 submitUs=213 otherUs=1241 prims=393 usPerPrim=5
[FT] avgMs=16 worstMs=53 gameMs=11 drawMs=5 swapWait=1ms draws=70 decodes=0 decMs=0
[OTS] f=333960 calls=2 n0=2299 n1=274 prims=61307 bb=160,1120,0,694
[OTT] walkUs=2132 texUs=125 emitUs=671 submitUs=226 otherUs=1109 prims=391 usPerPrim=5
[FT] avgMs=16 worstMs=49 gameMs=11 drawMs=5 swapWait=0ms draws=70 decodes=0 decMs=0
[OTS] f=334080 calls=2 n0=2301 n1=274 prims=60914 bb=160,1120,0,694
[OTT] walkUs=2370 texUs=124 emitUs=686 submitUs=484 otherUs=1074 prims=393 usPerPrim=6
[SH-XBOX] vblank 334200
[MEM] tick: free=4016KB (1004 pages)
[FT] avgMs=16 worstMs=44 gameMs=11 drawMs=5 swapWait=0ms draws=71 decodes=0 decMs=0
[OTS] f=334200 calls=2 n0=2302 n1=274 prims=61345 bb=160,1120,0,694
[OTT] walkUs=2504 texUs=125 emitUs=686 submitUs=499 otherUs=1192 prims=394 usPerPrim=6
[FT] avgMs=16 worstMs=45 gameMs=11 drawMs=5 swapWait=0ms draws=70 decodes=0 decMs=0
[OTS] f=334320 calls=2 n0=2298 n1=274 prims=60904 bb=160,1120,0,694
[OTT] walkUs=2342 texUs=125 emitUs=670 submitUs=341 otherUs=1205 prims=390 usPerPrim=6
[FT] avgMs=16 worstMs=53 gameMs=11 drawMs=5 swapWait=0ms draws=70 decodes=0 decMs=0
[OTS] f=334440 calls=2 n0=2299 n1=274 prims=61282 bb=160,1120,0,694
[OTT] walkUs=2293 texUs=123 emitUs=676 submitUs=316 otherUs=1176 prims=391 usPerPrim=5
[FT] avgMs=16 worstMs=49 gameMs=11 drawMs=5 swapWait=0ms draws=71 decodes=0 decMs=0
[OTS] f=334560 calls=2 n0=2298 n1=274 prims=61092 bb=160,1120,0,694
[OTT] walkUs=2029 texUs=123 emitUs=676 submitUs=176 otherUs=1053 prims=390 usPerPrim=5
[FT] avgMs=16 worstMs=44 gameMs=11 drawMs=5 swapWait=0ms draws=70 decodes=0 decMs=0
[OTS] f=334680 calls=2 n0=2301 n1=274 prims=61121 bb=160,1120,0,694
[OTT] walkUs=2254 texUs=124 emitUs=681 submitUs=227 otherUs=1220 prims=393 usPerPrim=5
[SH-XBOX] vblank 334800
[MEM] tick: free=4016KB (1004 pages)
[FT] avgMs=16 worstMs=46 gameMs=11 drawMs=5 swapWait=0ms draws=71 decodes=0 decMs=0
[OTS] f=334800 calls=2 n0=2298 n1=274 prims=61100 bb=160,1120,0,694
[OTT] walkUs=2052 texUs=123 emitUs=677 submitUs=264 otherUs=988 prims=390 usPerPrim=5
[FT] avgMs=16 worstMs=53 gameMs=11 drawMs=5 swapWait=0ms draws=70 decodes=0 decMs=0
[OTS] f=334920 calls=2 n0=2301 n1=274 prims=61201 bb=160,1120,0,694
[OTT] walkUs=1991 texUs=126 emitUs=676 submitUs=434 otherUs=753 prims=393 usPerPrim=5
[FT] avgMs=16 worstMs=49 gameMs=11 drawMs=5 swapWait=1ms draws=70 decodes=0 decMs=0
[OTS] f=335040 calls=2 n0=2297 n1=274 prims=61086 bb=160,1120,0,694
[OTT] walkUs=2021 texUs=123 emitUs=676 submitUs=272 otherUs=949 prims=389 usPerPrim=5
[FT] avgMs=16 worstMs=45 gameMs=11 drawMs=5 swapWait=0ms draws=71 decodes=0 decMs=0
[OTS] f=335160 calls=2 n0=2302 n1=274 prims=61162 bb=160,1120,0,694
[OTT] walkUs=1895 texUs=125 emitUs=683 submitUs=189 otherUs=897 prims=394 usPerPrim=4
[FT] avgMs=16 worstMs=46 gameMs=11 drawMs=5 swapWait=0ms draws=71 decodes=0 decMs=0
[OTS] f=335280 calls=2 n0=2297 n1=274 prims=61229 bb=160,1120,0,694
[OTT] walkUs=1981 texUs=123 emitUs=676 submitUs=374 otherUs=807 prims=389 usPerPrim=5
[SH-XBOX] vblank 335400
[MEM] tick: free=4016KB (1004 pages)
[FT] avgMs=16 worstMs=53 gameMs=11 drawMs=5 swapWait=0ms draws=71 decodes=0 decMs=0
[OTS] f=335400 calls=2 n0=2302 n1=274 prims=61113 bb=160,1120,0,694
[OTT] walkUs=2078 texUs=125 emitUs=683 submitUs=190 otherUs=1078 prims=394 usPerPrim=5
[FT] avgMs=16 worstMs=49 gameMs=11 drawMs=5 swapWait=0ms draws=70 decodes=0 decMs=0
[OTS] f=335520 calls=2 n0=2300 n1=274 prims=61159 bb=160,1120,0,694
[OTT] walkUs=2057 texUs=127 emitUs=677 submitUs=252 otherUs=1000 prims=392 usPerPrim=5
[FT] avgMs=16 worstMs=44 gameMs=11 drawMs=5 swapWait=0ms draws=71 decodes=0 decMs=0
[OTS] f=335640 calls=2 n0=2302 n1=274 prims=61035 bb=160,1120,0,694
[OTT] walkUs=2240 texUs=125 emitUs=681 submitUs=222 otherUs=1210 prims=394 usPerPrim=5
[FT] avgMs=16 worstMs=46 gameMs=11 drawMs=5 swapWait=0ms draws=70 decodes=0 decMs=0
[OTS] f=335760 calls=2 n0=2297 n1=274 prims=61279 bb=160,1120,0,694
[OTT] walkUs=2231 texUs=124 emitUs=669 submitUs=181 otherUs=1255 prims=389 usPerPrim=5
[FT] avgMs=16 worstMs=53 gameMs=11 drawMs=5 swapWait=0ms draws=70 decodes=0 decMs=0
[OTS] f=335880 calls=2 n0=2300 n1=274 prims=60941 bb=160,1120,0,694
[OTT] walkUs=1959 texUs=125 emitUs=678 submitUs=267 otherUs=888 prims=392 usPerPrim=4
[SH-XBOX] vblank 336000
[MEM] tick: free=4016KB (1004 pages)
[FT] avgMs=16 worstMs=49 gameMs=11 drawMs=5 swapWait=0ms draws=71 decodes=0 decMs=0
[OTS] f=336000 calls=2 n0=2301 n1=274 prims=61329 bb=160,1120,0,694
[OTT] walkUs=2184 texUs=124 emitUs=684 submitUs=187 otherUs=1187 prims=393 usPerPrim=5
[FT] avgMs=16 worstMs=45 gameMs=11 drawMs=5 swapWait=0ms draws=70 decodes=0 decMs=0
[OTS] f=336120 calls=2 n0=2300 n1=274 prims=60902 bb=160,1120,0,694
[OTT] walkUs=2141 texUs=128 emitUs=676 submitUs=186 otherUs=1150 prims=392 usPerPrim=5
[FT] avgMs=16 worstMs=46 gameMs=11 drawMs=5 swapWait=0ms draws=70 decodes=0 decMs=0
[OTS] f=336240 calls=2 n0=2299 n1=274 prims=61313 bb=160,1120,0,694
[OTT] walkUs=2144 texUs=123 emitUs=676 submitUs=267 otherUs=1076 prims=391 usPerPrim=5
[FT] avgMs=16 worstMs=54 gameMs=11 drawMs=5 swapWait=0ms draws=71 decodes=0 decMs=0
[OTS] f=336360 calls=2 n0=2299 n1=274 prims=61046 bb=160,1120,0,694
[OTT] walkUs=2254 texUs=123 emitUs=679 submitUs=419 otherUs=1031 prims=391 usPerPrim=5
[FT] avgMs=17 worstMs=71 gameMs=11 drawMs=5 swapWait=1ms draws=70 decodes=0 decMs=0
[OTS] f=336480 calls=2 n0=2302 n1=274 prims=61156 bb=160,1120,0,694
[OTT] walkUs=2255 texUs=125 emitUs=682 submitUs=487 otherUs=960 prims=394 usPerPrim=5
[SH-XBOX] vblank 336600
[MEM] tick: free=4016KB (1004 pages)
[FT] avgMs=16 worstMs=50 gameMs=11 drawMs=5 swapWait=0ms draws=70 decodes=0 decMs=0
[OTS] f=336600 calls=2 n0=2298 n1=274 prims=61029 bb=160,1120,0,694
[OTT] walkUs=2446 texUs=125 emitUs=669 submitUs=491 otherUs=1160 prims=390 usPerPrim=6
[FT] avgMs=16 worstMs=46 gameMs=11 drawMs=5 swapWait=0ms draws=70 decodes=0 decMs=0
[OTS] f=336720 calls=2 n0=2302 n1=274 prims=61181 bb=160,1120,0,694
[OTT] walkUs=2101 texUs=129 emitUs=686 submitUs=196 otherUs=1089 prims=394 usPerPrim=5
[FT] avgMs=16 worstMs=54 gameMs=11 drawMs=5 swapWait=0ms draws=71 decodes=0 decMs=0
[OTS] f=336840 calls=2 n0=2297 n1=274 prims=61149 bb=160,1120,0,694
[OTT] walkUs=2388 texUs=123 emitUs=674 submitUs=189 otherUs=1401 prims=389 usPerPrim=6
[FT] avgMs=16 worstMs=49 gameMs=11 drawMs=5 swapWait=0ms draws=70 decodes=0 decMs=0
[OTS] f=336960 calls=2 n0=2302 n1=274 prims=61044 bb=160,1120,0,694
[OTT] walkUs=2359 texUs=125 emitUs=687 submitUs=340 otherUs=1205 prims=394 usPerPrim=5
[FT] avgMs=16 worstMs=45 gameMs=11 drawMs=5 swapWait=1ms draws=71 decodes=0 decMs=0
[OTS] f=337080 calls=2 n0=2296 n1=274 prims=61205 bb=160,1120,0,694
[OTT] walkUs=2236 texUs=122 emitUs=668 submitUs=211 otherUs=1234 prims=388 usPerPrim=5
[SH-XBOX] vblank 337200
[MEM] tick: free=4016KB (1004 pages)
[FT] avgMs=16 worstMs=46 gameMs=11 drawMs=5 swapWait=0ms draws=71 decodes=0 decMs=0
[OTS] f=337200 calls=2 n0=2298 n1=274 prims=61155 bb=160,1120,0,694
[OTT] walkUs=2089 texUs=123 emitUs=677 submitUs=218 otherUs=1070 prims=390 usPerPrim=5
[FT] avgMs=16 worstMs=53 gameMs=11 drawMs=5 swapWait=0ms draws=70 decodes=0 decMs=0
[OTS] f=337320 calls=2 n0=2298 n1=274 prims=61139 bb=160,1120,0,694
[OTT] walkUs=2261 texUs=127 emitUs=675 submitUs=502 otherUs=954 prims=390 usPerPrim=5
[FT] avgMs=16 worstMs=49 gameMs=11 drawMs=5 swapWait=0ms draws=71 decodes=0 decMs=0
[OTS] f=337440 calls=2 n0=2303 n1=274 prims=61053 bb=160,1120,0,694
[OTT] walkUs=2012 texUs=125 emitUs=688 submitUs=186 otherUs=1010 prims=395 usPerPrim=5
[FT] avgMs=16 worstMs=45 gameMs=11 drawMs=5 swapWait=0ms draws=70 decodes=0 decMs=0
[OTS] f=337560 calls=2 n0=2298 n1=274 prims=61241 bb=160,1120,0,694
[OTT] walkUs=2117 texUs=125 emitUs=672 submitUs=229 otherUs=1090 prims=390 usPerPrim=5
[FT] avgMs=16 worstMs=47 gameMs=11 drawMs=5 swapWait=0ms draws=70 decodes=0 decMs=0
[OTS] f=337680 calls=2 n0=2301 n1=274 prims=60982 bb=160,1120,0,694
[OTT] walkUs=2227 texUs=124 emitUs=688 submitUs=200 otherUs=1214 prims=393 usPerPrim=5
[SH-XBOX] vblank 337800
[MEM] tick: free=4016KB (1004 pages)
[FT] avgMs=16 worstMs=53 gameMs=11 drawMs=5 swapWait=0ms draws=71 decodes=0 decMs=0
[OTS] f=337800 calls=2 n0=2301 n1=274 prims=61329 bb=160,1120,0,694
[OTT] walkUs=2108 texUs=128 emitUs=683 submitUs=184 otherUs=1112 prims=393 usPerPrim=5
[FT] avgMs=16 worstMs=49 gameMs=11 drawMs=5 swapWait=0ms draws=71 decodes=0 decMs=0
[OTS] f=337920 calls=2 n0=2301 n1=274 prims=60989 bb=160,1120,0,694
[OTT] walkUs=2181 texUs=125 emitUs=687 submitUs=176 otherUs=1191 prims=393 usPerPrim=5
[FT] avgMs=16 worstMs=44 gameMs=11 drawMs=5 swapWait=0ms draws=71 decodes=0 decMs=0
[OTS] f=338040 calls=2 n0=2301 n1=274 prims=61355 bb=160,1120,0,694
[OTT] walkUs=2147 texUs=125 emitUs=682 submitUs=188 otherUs=1150 prims=393 usPerPrim=5
[FT] avgMs=16 worstMs=52 gameMs=11 drawMs=5 swapWait=0ms draws=70 decodes=0 decMs=0
[OTS] f=338160 calls=2 n0=2300 n1=274 prims=60898 bb=160,1120,0,694
[OTT] walkUs=2205 texUs=124 emitUs=681 submitUs=187 otherUs=1212 prims=392 usPerPrim=5
[FT] avgMs=16 worstMs=48 gameMs=11 drawMs=5 swapWait=0ms draws=71 decodes=0 decMs=0
[OTS] f=338280 calls=2 n0=2300 n1=274 prims=61306 bb=160,1120,0,694
[OTT] walkUs=2110 texUs=127 emitUs=680 submitUs=342 otherUs=959 prims=392 usPerPrim=5
[SH-XBOX] vblank 338400
[MEM] tick: free=4016KB (1004 pages)
[FT] avgMs=16 worstMs=43 gameMs=11 drawMs=5 swapWait=0ms draws=70 decodes=0 decMs=0
[OTS] f=338400 calls=2 n0=2296 n1=274 prims=60994 bb=160,1120,0,694
[OTT] walkUs=2070 texUs=123 emitUs=664 submitUs=368 otherUs=914 prims=388 usPerPrim=5
[FT] avgMs=16 worstMs=45 gameMs=11 drawMs=5 swapWait=0ms draws=70 decodes=0 decMs=0
[OTS] f=338520 calls=2 n0=2300 n1=274 prims=61213 bb=160,1120,0,694
[OTT] walkUs=2096 texUs=124 emitUs=685 submitUs=297 otherUs=988 prims=392 usPerPrim=5
[FT] avgMs=16 worstMs=46 gameMs=11 drawMs=5 swapWait=0ms draws=71 decodes=0 decMs=0
[OTS] f=338640 calls=2 n0=2298 n1=274 prims=61109 bb=160,1120,0,694
[OTT] walkUs=2052 texUs=124 emitUs=679 submitUs=252 otherUs=995 prims=390 usPerPrim=5
[FT] avgMs=16 worstMs=54 gameMs=11 drawMs=5 swapWait=0ms draws=70 decodes=0 decMs=0
[OTS] f=338760 calls=2 n0=2304 n1=274 prims=61081 bb=160,1120,0,694
[OTT] walkUs=2212 texUs=126 emitUs=693 submitUs=498 otherUs=894 prims=396 usPerPrim=5
[FT] avgMs=16 worstMs=49 gameMs=11 drawMs=5 swapWait=0ms draws=71 decodes=0 decMs=0
[OTS] f=338880 calls=2 n0=2297 n1=274 prims=61176 bb=160,1120,0,694
[OTT] walkUs=2170 texUs=123 emitUs=677 submitUs=226 otherUs=1142 prims=389 usPerPrim=5
[SH-XBOX] vblank 339000
[MEM] tick: free=4016KB (1004 pages)
[FT] avgMs=16 worstMs=45 gameMs=11 drawMs=5 swapWait=0ms draws=71 decodes=0 decMs=0
[OTS] f=339000 calls=2 n0=2302 n1=274 prims=61192 bb=160,1120,0,694
[OTT] walkUs=2226 texUs=125 emitUs=684 submitUs=214 otherUs=1202 prims=394 usPerPrim=5
[FT] avgMs=16 worstMs=53 gameMs=11 drawMs=5 swapWait=0ms draws=70 decodes=0 decMs=0
[OTS] f=339120 calls=2 n0=2297 n1=274 prims=61101 bb=160,1120,0,694
[OTT] walkUs=2243 texUs=122 emitUs=675 submitUs=433 otherUs=1011 prims=389 usPerPrim=5
[FT] avgMs=16 worstMs=48 gameMs=11 drawMs=5 swapWait=0ms draws=70 decodes=0 decMs=0
[OTS] f=339240 calls=2 n0=2301 n1=274 prims=61001 bb=160,1120,0,694
[OTT] walkUs=2252 texUs=126 emitUs=683 submitUs=231 otherUs=1210 prims=393 usPerPrim=5
[FT] avgMs=16 worstMs=43 gameMs=11 drawMs=5 swapWait=0ms draws=70 decodes=0 decMs=0
[OTS] f=339360 calls=2 n0=2299 n1=274 prims=61243 bb=160,1120,0,694
[OTT] walkUs=2320 texUs=125 emitUs=674 submitUs=193 otherUs=1327 prims=391 usPerPrim=5
[FT] avgMs=16 worstMs=45 gameMs=11 drawMs=5 swapWait=1ms draws=71 decodes=0 decMs=0
[OTS] f=339480 calls=2 n0=2302 n1=274 prims=61063 bb=160,1120,0,694
[OTT] walkUs=2292 texUs=128 emitUs=687 submitUs=242 otherUs=1234 prims=394 usPerPrim=5
[SH-XBOX] vblank 339600
[MEM] tick: free=4016KB (1004 pages)
[FT] avgMs=16 worstMs=46 gameMs=11 drawMs=5 swapWait=0ms draws=70 decodes=0 decMs=0
[OTS] f=339600 calls=2 n0=2299 n1=274 prims=61189 bb=160,1120,0,694
[OTT] walkUs=2365 texUs=123 emitUs=679 submitUs=230 otherUs=1332 prims=391 usPerPrim=6
[FT] avgMs=16 worstMs=42 gameMs=11 drawMs=5 swapWait=0ms draws=71 decodes=0 decMs=0
[OTS] f=339720 calls=2 n0=2300 n1=274 prims=61001 bb=160,1120,0,694
[OTT] walkUs=2224 texUs=124 emitUs=678 submitUs=252 otherUs=1168 prims=392 usPerPrim=5
[FT] avgMs=16 worstMs=43 gameMs=11 drawMs=5 swapWait=0ms draws=70 decodes=0 decMs=0
[OTS] f=339840 calls=2 n0=2298 n1=274 prims=61337 bb=160,1120,0,694
[OTT] walkUs=2322 texUs=124 emitUs=671 submitUs=198 otherUs=1327 prims=390 usPerPrim=5
[FT] avgMs=16 worstMs=45 gameMs=11 drawMs=5 swapWait=0ms draws=70 decodes=0 decMs=0
[OTS] f=339960 calls=2 n0=2302 n1=274 prims=60912 bb=160,1120,0,694
[OTT] walkUs=2330 texUs=125 emitUs=682 submitUs=339 otherUs=1183 prims=394 usPerPrim=5
[FT] avgMs=16 worstMs=46 gameMs=11 drawMs=5 swapWait=0ms draws=71 decodes=0 decMs=0
[OTS] f=340080 calls=2 n0=2300 n1=274 prims=61316 bb=160,1120,0,694
[OTT] walkUs=2328 texUs=127 emitUs=679 submitUs=375 otherUs=1146 prims=392 usPerPrim=5
[SH-XBOX] vblank 340200
[MEM] tick: free=4016KB (1004 pages)
[FT] avgMs=16 worstMs=42 gameMs=11 drawMs=5 swapWait=0ms draws=70 decodes=0 decMs=0
[OTS] f=340200 calls=2 n0=2297 n1=274 prims=60938 bb=160,1120,0,694
[OTT] walkUs=2138 texUs=124 emitUs=669 submitUs=176 otherUs=1168 prims=389 usPerPrim=5
[FT] avgMs=16 worstMs=44 gameMs=11 drawMs=5 swapWait=0ms draws=70 decodes=0 decMs=0
[OTS] f=340320 calls=2 n0=2301 n1=274 prims=61269 bb=160,1120,0,694
[OTT] walkUs=1937 texUs=124 emitUs=686 submitUs=272 otherUs=854 prims=393 usPerPrim=4
[FT] avgMs=16 worstMs=45 gameMs=11 drawMs=5 swapWait=0ms draws=71 decodes=0 decMs=0
[OTS] f=340440 calls=2 n0=2300 n1=274 prims=61087 bb=160,1120,0,694
[OTT] walkUs=2097 texUs=124 emitUs=678 submitUs=236 otherUs=1057 prims=392 usPerPrim=5
[FT] avgMs=16 worstMs=52 gameMs=11 drawMs=5 swapWait=0ms draws=71 decodes=0 decMs=0
[OTS] f=340560 calls=2 n0=2303 n1=274 prims=61237 bb=160,1120,0,694
[OTT] walkUs=2230 texUs=126 emitUs=685 submitUs=424 otherUs=995 prims=395 usPerPrim=5
[FT] avgMs=16 worstMs=47 gameMs=11 drawMs=5 swapWait=0ms draws=70 decodes=0 decMs=0
[OTS] f=340680 calls=2 n0=2295 n1=274 prims=61115 bb=160,1120,0,694
[OTT] walkUs=1983 texUs=122 emitUs=666 submitUs=247 otherUs=947 prims=387 usPerPrim=5
[SH-XBOX] vblank 340800
[MEM] tick: free=4016KB (1004 pages)
[FT] avgMs=16 worstMs=43 gameMs=11 drawMs=5 swapWait=1ms draws=70 decodes=0 decMs=0
[OTS] f=340800 calls=2 n0=2302 n1=274 prims=61096 bb=160,1120,0,694
[OTT] walkUs=1973 texUs=124 emitUs=686 submitUs=268 otherUs=892 prims=394 usPerPrim=5
[FT] avgMs=16 worstMs=44 gameMs=11 drawMs=5 swapWait=0ms draws=71 decodes=0 decMs=0
[OTS] f=340920 calls=2 n0=2296 n1=274 prims=61205 bb=160,1120,0,694
[OTT] walkUs=2028 texUs=122 emitUs=675 submitUs=287 otherUs=943 prims=388 usPerPrim=5
[FT] avgMs=16 worstMs=52 gameMs=11 drawMs=5 swapWait=0ms draws=70 decodes=0 decMs=0
[OTS] f=341040 calls=2 n0=2296 n1=274 prims=61024 bb=160,1120,0,694
[OTT] walkUs=2176 texUs=123 emitUs=669 submitUs=326 otherUs=1056 prims=388 usPerPrim=5
[FT] avgMs=16 worstMs=50 gameMs=11 drawMs=5 swapWait=1ms draws=70 decodes=0 decMs=0
[OTS] f=341160 calls=2 n0=2297 n1=274 prims=61246 bb=160,1120,0,694
[OTT] walkUs=2071 texUs=122 emitUs=672 submitUs=416 otherUs=859 prims=389 usPerPrim=5
[FT] avgMs=16 worstMs=45 gameMs=11 drawMs=5 swapWait=0ms draws=71 decodes=0 decMs=0
[OTS] f=341280 calls=2 n0=2303 n1=274 prims=61077 bb=160,1120,0,694
[OTT] walkUs=2069 texUs=126 emitUs=689 submitUs=318 otherUs=934 prims=395 usPerPrim=5
[SH-XBOX] vblank 341400
[MEM] tick: free=4016KB (1004 pages)
[FT] avgMs=16 worstMs=53 gameMs=11 drawMs=5 swapWait=1ms draws=70 decodes=0 decMs=0
[OTS] f=341400 calls=2 n0=2300 n1=274 prims=61167 bb=160,1120,0,694
[OTT] walkUs=2325 texUs=124 emitUs=682 submitUs=269 otherUs=1249 prims=392 usPerPrim=5
[FT] avgMs=16 worstMs=49 gameMs=11 drawMs=5 swapWait=0ms draws=71 decodes=0 decMs=0
[OTS] f=341520 calls=2 n0=2301 n1=274 prims=61026 bb=160,1120,0,694
[OTT] walkUs=2136 texUs=124 emitUs=682 submitUs=229 otherUs=1100 prims=393 usPerPrim=5
[FT] avgMs=16 worstMs=43 gameMs=11 drawMs=5 swapWait=0ms draws=70 decodes=0 decMs=0
[OTS] f=341640 calls=2 n0=2298 n1=274 prims=61325 bb=160,1120,0,694
[OTT] walkUs=2200 texUs=124 emitUs=672 submitUs=382 otherUs=1019 prims=390 usPerPrim=5
[FT] avgMs=16 worstMs=45 gameMs=11 drawMs=5 swapWait=0ms draws=70 decodes=0 decMs=0
[OTS] f=341760 calls=2 n0=2301 n1=274 prims=60895 bb=160,1120,0,694
[OTT] walkUs=2175 texUs=125 emitUs=687 submitUs=190 otherUs=1172 prims=393 usPerPrim=5
[FT] avgMs=16 worstMs=52 gameMs=11 drawMs=5 swapWait=0ms draws=70 decodes=0 decMs=0
[OTS] f=341880 calls=2 n0=2300 n1=274 prims=61227 bb=160,1120,0,694
[OTT] walkUs=2196 texUs=125 emitUs=678 submitUs=192 otherUs=1198 prims=392 usPerPrim=5
[SH-XBOX] vblank 342000
[MEM] tick: free=4016KB (1004 pages)
[FT] avgMs=16 worstMs=48 gameMs=11 drawMs=5 swapWait=1ms draws=70 decodes=0 decMs=0
[OTS] f=342000 calls=2 n0=2300 n1=274 prims=60995 bb=160,1120,0,694
[OTT] walkUs=2227 texUs=128 emitUs=678 submitUs=188 otherUs=1232 prims=392 usPerPrim=5
[FT] avgMs=16 worstMs=44 gameMs=11 drawMs=5 swapWait=0ms draws=71 decodes=0 decMs=0
[OTS] f=342120 calls=2 n0=2300 n1=274 prims=61336 bb=160,1120,0,694
[OTT] walkUs=2162 texUs=124 emitUs=687 submitUs=201 otherUs=1148 prims=392 usPerPrim=5
[FT] avgMs=16 worstMs=46 gameMs=11 drawMs=5 swapWait=1ms draws=70 decodes=0 decMs=0
[OTS] f=342240 calls=2 n0=2298 n1=274 prims=60936 bb=160,1120,0,694
[OTT] walkUs=2312 texUs=123 emitUs=673 submitUs=340 otherUs=1174 prims=390 usPerPrim=5
[FT] avgMs=16 worstMs=53 gameMs=11 drawMs=5 swapWait=0ms draws=71 decodes=0 decMs=0
[OTS] f=342360 calls=2 n0=2301 n1=274 prims=61249 bb=160,1120,0,694
[OTT] walkUs=2285 texUs=124 emitUs=685 submitUs=444 otherUs=1031 prims=393 usPerPrim=5
[FT] avgMs=16 worstMs=18 gameMs=11 drawMs=5 swapWait=0ms draws=70 decodes=0 decMs=0
[OTS] f=342480 calls=2 n0=2296 n1=274 prims=61063 bb=160,1120,0,694
[OTT] walkUs=2342 texUs=123 emitUs=669 submitUs=307 otherUs=1242 prims=388 usPerPrim=6
[SH-XBOX] vblank 342600
[MEM] tick: free=4016KB (1004 pages)
[FT] avgMs=16 worstMs=44 gameMs=11 drawMs=5 swapWait=1ms draws=70 decodes=0 decMs=0
[OTS] f=342600 calls=2 n0=2304 n1=274 prims=61149 bb=160,1120,0,694
[OTT] walkUs=2299 texUs=125 emitUs=687 submitUs=264 otherUs=1221 prims=396 usPerPrim=5
[FT] avgMs=16 worstMs=45 gameMs=11 drawMs=5 swapWait=0ms draws=71 decodes=0 decMs=0
[OTS] f=342720 calls=2 n0=2297 n1=274 prims=61177 bb=160,1120,0,694
[OTT] walkUs=2069 texUs=122 emitUs=672 submitUs=192 otherUs=1082 prims=389 usPerPrim=5
[FT] avgMs=16 worstMs=53 gameMs=11 drawMs=5 swapWait=0ms draws=70 decodes=0 decMs=0
[OTS] f=342840 calls=2 n0=2300 n1=274 prims=61044 bb=160,1120,0,694
[OTT] walkUs=2289 texUs=125 emitUs=672 submitUs=425 otherUs=1065 prims=392 usPerPrim=5
[FT] avgMs=16 worstMs=49 gameMs=11 drawMs=5 swapWait=0ms draws=70 decodes=0 decMs=0
[OTS] f=342960 calls=2 n0=2296 n1=274 prims=61229 bb=160,1120,0,694
[OTT] walkUs=2177 texUs=127 emitUs=670 submitUs=285 otherUs=1093 prims=388 usPerPrim=5
[FT] avgMs=16 worstMs=44 gameMs=11 drawMs=5 swapWait=1ms draws=71 decodes=0 decMs=0
[OTS] f=343080 calls=2 n0=2303 n1=274 prims=61107 bb=160,1120,0,694
[OTT] walkUs=2052 texUs=125 emitUs=689 submitUs=257 otherUs=978 prims=395 usPerPrim=5
[SH-XBOX] vblank 343200
[MEM] tick: free=4016KB (1004 pages)
[FT] avgMs=16 worstMs=46 gameMs=11 drawMs=5 swapWait=0ms draws=71 decodes=0 decMs=0
[OTS] f=343200 calls=2 n0=2300 n1=274 prims=61283 bb=160,1120,0,694
[OTT] walkUs=2170 texUs=124 emitUs=677 submitUs=225 otherUs=1142 prims=392 usPerPrim=5
[FT] avgMs=16 worstMs=52 gameMs=11 drawMs=5 swapWait=0ms draws=70 decodes=0 decMs=0
[OTS] f=343320 calls=2 n0=2300 n1=274 prims=60981 bb=160,1120,0,694
[OTT] walkUs=1908 texUs=126 emitUs=676 submitUs=177 otherUs=927 prims=392 usPerPrim=4
[FT] avgMs=16 worstMs=49 gameMs=11 drawMs=5 swapWait=1ms draws=70 decodes=0 decMs=0
[OTS] f=343440 calls=2 n0=2298 n1=274 prims=61265 bb=160,1120,0,694
[OTT] walkUs=1977 texUs=122 emitUs=675 submitUs=182 otherUs=997 prims=390 usPerPrim=5
[FT] avgMs=16 worstMs=43 gameMs=11 drawMs=5 swapWait=0ms draws=71 decodes=0 decMs=0
[OTS] f=343560 calls=2 n0=2300 n1=274 prims=61009 bb=160,1120,0,694
[OTT] walkUs=1921 texUs=125 emitUs=685 submitUs=203 otherUs=906 prims=392 usPerPrim=4
[FT] avgMs=16 worstMs=46 gameMs=11 drawMs=5 swapWait=0ms draws=70 decodes=0 decMs=0
[OTS] f=343680 calls=2 n0=2301 n1=274 prims=61201 bb=160,1120,0,694
[OTT] walkUs=1951 texUs=128 emitUs=684 submitUs=192 otherUs=946 prims=393 usPerPrim=4
[SH-XBOX] vblank 343800
[MEM] tick: free=4016KB (1004 pages)
[FT] avgMs=16 worstMs=52 gameMs=11 drawMs=5 swapWait=0ms draws=71 decodes=0 decMs=0
[OTS] f=343800 calls=2 n0=2302 n1=274 prims=61018 bb=160,1120,0,694
[OTT] walkUs=2241 texUs=126 emitUs=688 submitUs=438 otherUs=988 prims=394 usPerPrim=5
[FT] avgMs=16 worstMs=48 gameMs=11 drawMs=5 swapWait=0ms draws=71 decodes=0 decMs=0
[OTS] f=343920 calls=2 n0=2300 n1=274 prims=61346 bb=160,1120,0,694
[OTT] walkUs=2025 texUs=124 emitUs=682 submitUs=219 otherUs=998 prims=392 usPerPrim=5
[FT] avgMs=16 worstMs=44 gameMs=11 drawMs=5 swapWait=0ms draws=70 decodes=0 decMs=0
[OTS] f=344040 calls=2 n0=2299 n1=274 prims=60894 bb=160,1120,0,694
[OTT] walkUs=2024 texUs=124 emitUs=676 submitUs=235 otherUs=989 prims=391 usPerPrim=5
[FT] avgMs=16 worstMs=45 gameMs=11 drawMs=5 swapWait=0ms draws=71 decodes=0 decMs=0
[OTS] f=344160 calls=2 n0=2302 n1=274 prims=61284 bb=160,1120,0,694
[OTT] walkUs=2008 texUs=127 emitUs=684 submitUs=199 otherUs=996 prims=394 usPerPrim=5
[FT] avgMs=17 worstMs=76 gameMs=11 drawMs=5 swapWait=0ms draws=70 decodes=0 decMs=0
[OTS] f=344280 calls=2 n0=2297 n1=274 prims=61031 bb=160,1120,0,694
[OTT] walkUs=2249 texUs=124 emitUs=671 submitUs=174 otherUs=1278 prims=389 usPerPrim=5
[SH-XBOX] vblank 344400
[MEM] tick: free=4016KB (1004 pages)
[FT] avgMs=16 worstMs=18 gameMs=11 drawMs=5 swapWait=0ms draws=70 decodes=0 decMs=0
[OTS] f=344400 calls=2 n0=2303 n1=274 prims=61193 bb=160,1120,0,694
[OTT] walkUs=2085 texUs=128 emitUs=687 submitUs=253 otherUs=1015 prims=395 usPerPrim=5
[FT] avgMs=16 worstMs=51 gameMs=11 drawMs=5 swapWait=1ms draws=70 decodes=0 decMs=0
[OTS] f=344520 calls=2 n0=2297 n1=274 prims=61010 bb=160,1120,0,694
[OTT] walkUs=2135 texUs=122 emitUs=677 submitUs=264 otherUs=1071 prims=389 usPerPrim=5
[FT] avgMs=16 worstMs=45 gameMs=11 drawMs=5 swapWait=0ms draws=71 decodes=0 decMs=0
[OTS] f=344640 calls=2 n0=2302 n1=274 prims=61172 bb=160,1120,0,694
[OTT] walkUs=2173 texUs=124 emitUs=681 submitUs=412 otherUs=955 prims=394 usPerPrim=5
[FT] avgMs=16 worstMs=53 gameMs=11 drawMs=5 swapWait=0ms draws=71 decodes=0 decMs=0
[OTS] f=344760 calls=2 n0=2295 n1=274 prims=61219 bb=160,1120,0,694
[OTT] walkUs=2043 texUs=126 emitUs=668 submitUs=205 otherUs=1042 prims=387 usPerPrim=5
[FT] avgMs=16 worstMs=49 gameMs=11 drawMs=5 swapWait=0ms draws=70 decodes=0 decMs=0
[OTS] f=344880 calls=2 n0=2298 n1=274 prims=61014 bb=160,1120,0,694
[OTT] walkUs=2235 texUs=127 emitUs=673 submitUs=271 otherUs=1163 prims=390 usPerPrim=5
[SH-XBOX] vblank 345000
[MEM] tick: free=4016KB (1004 pages)
[FT] avgMs=16 worstMs=44 gameMs=11 drawMs=5 swapWait=1ms draws=71 decodes=0 decMs=0
[OTS] f=345000 calls=2 n0=2298 n1=274 prims=61266 bb=160,1120,0,694
[OTT] walkUs=2263 texUs=123 emitUs=673 submitUs=352 otherUs=1114 prims=390 usPerPrim=5
[FT] avgMs=16 worstMs=45 gameMs=11 drawMs=5 swapWait=0ms draws=70 decodes=0 decMs=0
[OTS] f=345120 calls=2 n0=2301 n1=274 prims=60984 bb=160,1120,0,694
[OTT] walkUs=2185 texUs=125 emitUs=676 submitUs=294 otherUs=1089 prims=393 usPerPrim=5
[FT] avgMs=16 worstMs=53 gameMs=11 drawMs=5 swapWait=0ms draws=70 decodes=0 decMs=0
[OTS] f=345240 calls=2 n0=2299 n1=274 prims=61262 bb=160,1120,0,694
[OTT] walkUs=2365 texUs=124 emitUs=674 submitUs=329 otherUs=1237 prims=391 usPerPrim=6
[FT] avgMs=16 worstMs=49 gameMs=11 drawMs=5 swapWait=0ms draws=71 decodes=0 decMs=0
[OTS] f=345360 calls=2 n0=2301 n1=274 prims=61030 bb=160,1120,0,694
[OTT] walkUs=2377 texUs=124 emitUs=683 submitUs=412 otherUs=1157 prims=393 usPerPrim=6
[FT] avgMs=16 worstMs=44 gameMs=11 drawMs=5 swapWait=0ms draws=70 decodes=0 decMs=0
[OTS] f=345480 calls=2 n0=2301 n1=274 prims=61201 bb=160,1120,0,694
[OTT] walkUs=2363 texUs=124 emitUs=683 submitUs=374 otherUs=1179 prims=393 usPerPrim=6
[SH-XBOX] vblank 345600
[MEM] tick: free=4016KB (1004 pages)
[FT] avgMs=16 worstMs=45 gameMs=11 drawMs=5 swapWait=0ms draws=71 decodes=0 decMs=0
[OTS] f=345600 calls=2 n0=2301 n1=274 prims=60989 bb=160,1120,0,694
[OTT] walkUs=2352 texUs=124 emitUs=683 submitUs=312 otherUs=1231 prims=393 usPerPrim=5
[FT] avgMs=16 worstMs=52 gameMs=11 drawMs=5 swapWait=0ms draws=71 decodes=0 decMs=0
[OTS] f=345720 calls=2 n0=2302 n1=274 prims=61375 bb=160,1120,0,694
[OTT] walkUs=2104 texUs=125 emitUs=686 submitUs=192 otherUs=1099 prims=394 usPerPrim=5
[FT] avgMs=16 worstMs=49 gameMs=11 drawMs=5 swapWait=0ms draws=71 decodes=0 decMs=0
[OTS] f=345840 calls=2 n0=2300 n1=274 prims=61005 bb=160,1120,0,694
[OTT] walkUs=1917 texUs=124 emitUs=683 submitUs=242 otherUs=868 prims=392 usPerPrim=4
[FT] avgMs=16 worstMs=45 gameMs=11 drawMs=5 swapWait=0ms draws=70 decodes=0 decMs=0
[OTS] f=345960 calls=2 n0=2298 n1=274 prims=61220 bb=160,1120,0,694
[OTT] walkUs=1943 texUs=125 emitUs=677 submitUs=185 otherUs=954 prims=390 usPerPrim=4
[FT] avgMs=16 worstMs=46 gameMs=11 drawMs=5 swapWait=0ms draws=70 decodes=0 decMs=0
[OTS] f=346080 calls=2 n0=2297 n1=274 prims=61027 bb=160,1120,0,694
[OTT] walkUs=2172 texUs=122 emitUs=673 submitUs=295 otherUs=1080 prims=389 usPerPrim=5
[SH-XBOX] vblank 346200
[MEM] tick: free=4016KB (1004 pages)
[FT] avgMs=16 worstMs=52 gameMs=11 drawMs=5 swapWait=0ms draws=71 decodes=0 decMs=0
[OTS] f=346200 calls=2 n0=2301 n1=274 prims=61273 bb=160,1120,0,694
[OTT] walkUs=2233 texUs=124 emitUs=686 submitUs=517 otherUs=904 prims=393 usPerPrim=5
[FT] avgMs=16 worstMs=49 gameMs=11 drawMs=5 swapWait=0ms draws=70 decodes=0 decMs=0
[OTS] f=346320 calls=2 n0=2298 n1=274 prims=60973 bb=160,1120,0,694
[OTT] walkUs=1940 texUs=123 emitUs=677 submitUs=311 otherUs=827 prims=390 usPerPrim=4
[FT] avgMs=16 worstMs=18 gameMs=11 drawMs=5 swapWait=0ms draws=71 decodes=0 decMs=0
[OTS] f=346440 calls=2 n0=2304 n1=274 prims=61209 bb=160,1120,0,694
[OTT] walkUs=2019 texUs=125 emitUs=690 submitUs=351 otherUs=851 prims=396 usPerPrim=5
[FT] avgMs=16 worstMs=52 gameMs=11 drawMs=5 swapWait=0ms draws=70 decodes=0 decMs=0
[OTS] f=346560 calls=2 n0=2294 n1=274 prims=61189 bb=160,1120,0,694
[OTT] walkUs=1919 texUs=122 emitUs=663 submitUs=219 otherUs=913 prims=386 usPerPrim=4
[FT] avgMs=16 worstMs=48 gameMs=11 drawMs=5 swapWait=0ms draws=70 decodes=0 decMs=0
[OTS] f=346680 calls=2 n0=2302 n1=274 prims=61052 bb=160,1120,0,694
[OTT] walkUs=2043 texUs=125 emitUs=686 submitUs=366 otherUs=866 prims=394 usPerPrim=5
[SH-XBOX] vblank 346800
[MEM] tick: free=4016KB (1004 pages)
[FT] avgMs=16 worstMs=43 gameMs=11 drawMs=5 swapWait=0ms draws=71 decodes=0 decMs=0
[OTS] f=346800 calls=2 n0=2297 n1=274 prims=61230 bb=160,1120,0,694
[OTT] walkUs=2019 texUs=126 emitUs=672 submitUs=362 otherUs=857 prims=389 usPerPrim=5
[FT] avgMs=16 worstMs=44 gameMs=11 drawMs=5 swapWait=0ms draws=70 decodes=0 decMs=0
[OTS] f=346920 calls=2 n0=2301 n1=274 prims=61001 bb=160,1120,0,694
[OTT] walkUs=2094 texUs=125 emitUs=679 submitUs=343 otherUs=946 prims=393 usPerPrim=5
[FT] avgMs=16 worstMs=46 gameMs=11 drawMs=5 swapWait=0ms draws=70 decodes=0 decMs=0
[OTS] f=347040 calls=2 n0=2300 n1=274 prims=61271 bb=160,1120,0,694
[OTT] walkUs=2196 texUs=124 emitUs=685 submitUs=298 otherUs=1087 prims=392 usPerPrim=5
[FT] avgMs=16 worstMs=53 gameMs=11 drawMs=5 swapWait=0ms draws=70 decodes=0 decMs=0
[OTS] f=347160 calls=2 n0=2302 n1=274 prims=60907 bb=160,1120,0,694
[OTT] walkUs=2098 texUs=124 emitUs=687 submitUs=243 otherUs=1043 prims=394 usPerPrim=5
[FT] avgMs=16 worstMs=49 gameMs=11 drawMs=5 swapWait=1ms draws=71 decodes=0 decMs=0
[OTS] f=347280 calls=2 n0=2299 n1=274 prims=61317 bb=160,1120,0,694
[OTT] walkUs=2347 texUs=123 emitUs=680 submitUs=325 otherUs=1217 prims=391 usPerPrim=6
[SH-XBOX] vblank 347400
[MEM] tick: free=4016KB (1004 pages)
[FT] avgMs=16 worstMs=45 gameMs=11 drawMs=5 swapWait=0ms draws=70 decodes=0 decMs=0
[OTS] f=347400 calls=2 n0=2298 n1=274 prims=60979 bb=160,1120,0,694
[OTT] walkUs=2023 texUs=128 emitUs=669 submitUs=196 otherUs=1030 prims=390 usPerPrim=5
[FT] avgMs=16 worstMs=46 gameMs=11 drawMs=5 swapWait=1ms draws=70 decodes=0 decMs=0
[OTS] f=347520 calls=2 n0=2301 n1=274 prims=61253 bb=160,1120,0,694
[OTT] walkUs=2307 texUs=124 emitUs=684 submitUs=387 otherUs=1109 prims=393 usPerPrim=5
[FT] avgMs=16 worstMs=53 gameMs=11 drawMs=5 swapWait=0ms draws=71 decodes=0 decMs=0
[OTS] f=347640 calls=2 n0=2302 n1=274 prims=61018 bb=160,1120,0,694
[OTT] walkUs=2208 texUs=125 emitUs=689 submitUs=410 otherUs=983 prims=394 usPerPrim=5
[FT] avgMs=16 worstMs=48 gameMs=11 drawMs=5 swapWait=0ms draws=70 decodes=0 decMs=0
[OTS] f=347760 calls=2 n0=2298 n1=274 prims=61214 bb=160,1120,0,694
[OTT] walkUs=2129 texUs=124 emitUs=671 submitUs=193 otherUs=1139 prims=390 usPerPrim=5
[FT] avgMs=16 worstMs=44 gameMs=11 drawMs=5 swapWait=0ms draws=70 decodes=0 decMs=0
[OTS] f=347880 calls=2 n0=2298 n1=274 prims=61006 bb=160,1120,0,694
[OTT] walkUs=2150 texUs=123 emitUs=675 submitUs=390 otherUs=960 prims=390 usPerPrim=5
[SH-XBOX] vblank 348000
[MEM] tick: free=4016KB (1004 pages)
[FT] avgMs=16 worstMs=46 gameMs=11 drawMs=5 swapWait=0ms draws=71 decodes=0 decMs=0
[OTS] f=348000 calls=2 n0=2302 n1=274 prims=61304 bb=160,1120,0,694
[OTT] walkUs=2209 texUs=127 emitUs=683 submitUs=195 otherUs=1203 prims=394 usPerPrim=5
[FT] avgMs=16 worstMs=53 gameMs=11 drawMs=5 swapWait=1ms draws=70 decodes=0 decMs=0
[OTS] f=348120 calls=2 n0=2300 n1=274 prims=60955 bb=160,1120,0,694
[OTT] walkUs=2311 texUs=124 emitUs=682 submitUs=193 otherUs=1309 prims=392 usPerPrim=5
[FT] avgMs=16 worstMs=49 gameMs=11 drawMs=5 swapWait=0ms draws=71 decodes=0 decMs=0
[OTS] f=348240 calls=2 n0=2303 n1=274 prims=61237 bb=160,1120,0,694
[OTT] walkUs=2300 texUs=125 emitUs=688 submitUs=325 otherUs=1161 prims=395 usPerPrim=5
[FT] avgMs=16 worstMs=17 gameMs=11 drawMs=5 swapWait=0ms draws=71 decodes=0 decMs=0
[OTS] f=348360 calls=2 n0=2296 n1=274 prims=61159 bb=160,1120,0,694
[OTT] walkUs=2018 texUs=122 emitUs=674 submitUs=189 otherUs=1031 prims=388 usPerPrim=5
[FT] avgMs=16 worstMs=52 gameMs=11 drawMs=5 swapWait=0ms draws=71 decodes=0 decMs=0
[OTS] f=348480 calls=2 n0=2302 n1=274 prims=61182 bb=160,1120,0,694
[OTT] walkUs=2361 texUs=124 emitUs=684 submitUs=422 otherUs=1129 prims=394 usPerPrim=5
[SH-XBOX] vblank 348600
[MEM] tick: free=4016KB (1004 pages)
[FT] avgMs=16 worstMs=48 gameMs=11 drawMs=5 swapWait=0ms draws=70 decodes=0 decMs=0
[OTS] f=348600 calls=2 n0=2294 n1=274 prims=61088 bb=160,1120,0,694
[OTT] walkUs=1780 texUs=122 emitUs=663 submitUs=186 otherUs=807 prims=386 usPerPrim=4
[FT] avgMs=16 worstMs=43 gameMs=11 drawMs=5 swapWait=0ms draws=70 decodes=0 decMs=0
[OTS] f=348720 calls=2 n0=2298 n1=274 prims=61116 bb=160,1120,0,694
[OTT] walkUs=2284 texUs=123 emitUs=674 submitUs=197 otherUs=1289 prims=390 usPerPrim=5
[FT] avgMs=16 worstMs=45 gameMs=11 drawMs=5 swapWait=0ms draws=71 decodes=0 decMs=0
[OTS] f=348840 calls=2 n0=2298 n1=274 prims=61296 bb=160,1120,0,694
[OTT] walkUs=2074 texUs=123 emitUs=676 submitUs=180 otherUs=1093 prims=390 usPerPrim=5
[FT] avgMs=16 worstMs=46 gameMs=11 drawMs=5 swapWait=0ms draws=70 decodes=0 decMs=0
[OTS] f=348960 calls=2 n0=2303 n1=274 prims=60926 bb=160,1120,0,694
[OTT] walkUs=2222 texUs=124 emitUs=688 submitUs=175 otherUs=1233 prims=395 usPerPrim=5
[FT] avgMs=16 worstMs=54 gameMs=11 drawMs=5 swapWait=0ms draws=71 decodes=0 decMs=0
[OTS] f=349080 calls=2 n0=2300 n1=274 prims=61294 bb=160,1120,0,694
[OTT] walkUs=2064 texUs=124 emitUs=682 submitUs=237 otherUs=1020 prims=392 usPerPrim=5
[SH-XBOX] vblank 349200
[MEM] tick: free=4016KB (1004 pages)
[FT] avgMs=16 worstMs=49 gameMs=11 drawMs=5 swapWait=0ms draws=70 decodes=0 decMs=0
[OTS] f=349200 calls=2 n0=2298 n1=274 prims=60991 bb=160,1120,0,694
[OTT] walkUs=1999 texUs=124 emitUs=672 submitUs=198 otherUs=1004 prims=390 usPerPrim=5
[FT] avgMs=16 worstMs=45 gameMs=11 drawMs=5 swapWait=0ms draws=70 decodes=0 decMs=0
[OTS] f=349320 calls=2 n0=2301 n1=274 prims=61266 bb=160,1120,0,694
[OTT] walkUs=2052 texUs=128 emitUs=684 submitUs=265 otherUs=972 prims=393 usPerPrim=5
[FT] avgMs=16 worstMs=46 gameMs=11 drawMs=5 swapWait=0ms draws=71 decodes=0 decMs=0
[OTS] f=349440 calls=2 n0=2301 n1=274 prims=60989 bb=160,1120,0,694
[OTT] walkUs=1917 texUs=123 emitUs=684 submitUs=190 otherUs=917 prims=393 usPerPrim=4
[FT] avgMs=16 worstMs=53 gameMs=11 drawMs=5 swapWait=1ms draws=70 decodes=0 decMs=0
[OTS] f=349560 calls=2 n0=2300 n1=274 prims=61227 bb=160,1120,0,694
[OTT] walkUs=2023 texUs=125 emitUs=677 submitUs=240 otherUs=979 prims=392 usPerPrim=5
[FT] avgMs=16 worstMs=49 gameMs=11 drawMs=5 swapWait=0ms draws=70 decodes=0 decMs=0
[OTS] f=349680 calls=2 n0=2299 n1=274 prims=61009 bb=160,1120,0,694
[OTT] walkUs=2081 texUs=124 emitUs=677 submitUs=194 otherUs=1084 prims=391 usPerPrim=5
[SH-XBOX] vblank 349800
[MEM] tick: free=4016KB (1004 pages)
[FT] avgMs=16 worstMs=45 gameMs=11 drawMs=5 swapWait=0ms draws=70 decodes=0 decMs=0
[OTS] f=349800 calls=2 n0=2300 n1=274 prims=61194 bb=160,1120,0,694
[OTT] walkUs=2115 texUs=125 emitUs=681 submitUs=316 otherUs=991 prims=392 usPerPrim=5
[FT] avgMs=16 worstMs=52 gameMs=11 drawMs=5 swapWait=0ms draws=71 decodes=0 decMs=0
[OTS] f=349920 calls=2 n0=2298 n1=274 prims=61063 bb=160,1120,0,694
[OTT] walkUs=2071 texUs=123 emitUs=677 submitUs=246 otherUs=1023 prims=390 usPerPrim=5
[FT] avgMs=16 worstMs=47 gameMs=11 drawMs=5 swapWait=0ms draws=70 decodes=0 decMs=0
[OTS] f=350040 calls=2 n0=2299 n1=274 prims=61195 bb=160,1120,0,694
[OTT] walkUs=2057 texUs=124 emitUs=677 submitUs=372 otherUs=883 prims=391 usPerPrim=5
[FT] avgMs=16 worstMs=43 gameMs=11 drawMs=5 swapWait=0ms draws=70 decodes=0 decMs=0
[OTS] f=350160 calls=2 n0=2297 n1=274 prims=61053 bb=160,1120,0,694
[OTT] walkUs=2088 texUs=123 emitUs=668 submitUs=221 otherUs=1075 prims=389 usPerPrim=5
[FT] avgMs=16 worstMs=17 gameMs=11 drawMs=5 swapWait=0ms draws=71 decodes=0 decMs=0
[OTS] f=350280 calls=2 n0=2304 n1=274 prims=61212 bb=160,1120,0,694
[OTT] walkUs=2171 texUs=129 emitUs=692 submitUs=396 otherUs=953 prims=396 usPerPrim=5
[SH-XBOX] vblank 350400
[MEM] tick: free=4016KB (1004 pages)
[FT] avgMs=16 worstMs=52 gameMs=11 drawMs=5 swapWait=0ms draws=70 decodes=0 decMs=0
[OTS] f=350400 calls=2 n0=2297 n1=274 prims=61049 bb=160,1120,0,694
[OTT] walkUs=2201 texUs=123 emitUs=672 submitUs=347 otherUs=1057 prims=389 usPerPrim=5
[FT] avgMs=16 worstMs=46 gameMs=11 drawMs=5 swapWait=0ms draws=71 decodes=0 decMs=0
[OTS] f=350520 calls=2 n0=2302 n1=274 prims=61162 bb=160,1120,0,694
[OTT] walkUs=2204 texUs=128 emitUs=684 submitUs=202 otherUs=1189 prims=394 usPerPrim=5
[FT] avgMs=16 worstMs=42 gameMs=11 drawMs=5 swapWait=0ms draws=71 decodes=0 decMs=0
[OTS] f=350640 calls=2 n0=2297 n1=274 prims=61260 bb=160,1120,0,694
[OTT] walkUs=2201 texUs=123 emitUs=676 submitUs=193 otherUs=1208 prims=389 usPerPrim=5
[FT] avgMs=16 worstMs=45 gameMs=11 drawMs=5 swapWait=0ms draws=70 decodes=0 decMs=0
[OTS] f=350760 calls=2 n0=2303 n1=274 prims=60959 bb=160,1120,0,694
[OTT] walkUs=2217 texUs=126 emitUs=687 submitUs=189 otherUs=1214 prims=395 usPerPrim=5
[FT] avgMs=16 worstMs=46 gameMs=11 drawMs=5 swapWait=0ms draws=71 decodes=0 decMs=0
[OTS] f=350880 calls=2 n0=2300 n1=274 prims=61284 bb=160,1120,0,694
[OTT] walkUs=2427 texUs=124 emitUs=678 submitUs=347 otherUs=1276 prims=392 usPerPrim=6
[SH-XBOX] vblank 351000
[MEM] tick: free=4016KB (1004 pages)
[FT] avgMs=16 worstMs=54 gameMs=11 drawMs=5 swapWait=1ms draws=71 decodes=0 decMs=0
[OTS] f=351000 calls=2 n0=2301 n1=274 prims=61041 bb=160,1120,0,694
[OTT] walkUs=2158 texUs=124 emitUs=678 submitUs=307 otherUs=1049 prims=393 usPerPrim=5
[FT] avgMs=16 worstMs=49 gameMs=11 drawMs=5 swapWait=0ms draws=71 decodes=0 decMs=0
[OTS] f=351120 calls=2 n0=2299 n1=274 prims=61341 bb=160,1120,0,694
[OTT] walkUs=2213 texUs=129 emitUs=676 submitUs=198 otherUs=1209 prims=391 usPerPrim=5
[FT] avgMs=16 worstMs=45 gameMs=11 drawMs=5 swapWait=0ms draws=70 decodes=0 decMs=0
[OTS] f=351240 calls=2 n0=2300 n1=274 prims=60873 bb=160,1120,0,694
[OTT] walkUs=2597 texUs=127 emitUs=678 submitUs=552 otherUs=1239 prims=392 usPerPrim=6
[FT] avgMs=16 worstMs=46 gameMs=11 drawMs=5 swapWait=0ms draws=71 decodes=0 decMs=0
[OTS] f=351360 calls=2 n0=2301 n1=274 prims=61329 bb=160,1120,0,694
[OTT] walkUs=2354 texUs=124 emitUs=681 submitUs=427 otherUs=1121 prims=393 usPerPrim=5
[FT] avgMs=16 worstMs=53 gameMs=11 drawMs=5 swapWait=0ms draws=71 decodes=0 decMs=0
[OTS] f=351480 calls=2 n0=2301 n1=274 prims=61036 bb=160,1120,0,694
[OTT] walkUs=2078 texUs=131 emitUs=678 submitUs=191 otherUs=1076 prims=393 usPerPrim=5
[SH-XBOX] vblank 351600
[MEM] tick: free=4016KB (1004 pages)
[FT] avgMs=16 worstMs=49 gameMs=11 drawMs=5 swapWait=0ms draws=70 decodes=0 decMs=0
[OTS] f=351600 calls=2 n0=2300 n1=274 prims=61200 bb=160,1120,0,694
[OTT] walkUs=1939 texUs=124 emitUs=681 submitUs=197 otherUs=936 prims=392 usPerPrim=4
[FT] avgMs=16 worstMs=44 gameMs=11 drawMs=5 swapWait=0ms draws=71 decodes=0 decMs=0
[OTS] f=351720 calls=2 n0=2299 n1=274 prims=61022 bb=160,1120,0,694
[OTT] walkUs=2272 texUs=123 emitUs=678 submitUs=310 otherUs=1160 prims=391 usPerPrim=5
[FT] avgMs=16 worstMs=47 gameMs=11 drawMs=5 swapWait=0ms draws=70 decodes=0 decMs=0
[OTS] f=351840 calls=2 n0=2300 n1=274 prims=61214 bb=160,1120,0,694
[OTT] walkUs=1865 texUs=126 emitUs=678 submitUs=318 otherUs=741 prims=392 usPerPrim=4
[FT] avgMs=16 worstMs=53 gameMs=11 drawMs=5 swapWait=0ms draws=70 decodes=0 decMs=0
[OTS] f=351960 calls=2 n0=2300 n1=274 prims=61055 bb=160,1120,0,694
[OTT] walkUs=2220 texUs=124 emitUs=678 submitUs=473 otherUs=944 prims=392 usPerPrim=5
[FT] avgMs=17 worstMs=72 gameMs=11 drawMs=5 swapWait=0ms draws=71 decodes=0 decMs=0
[OTS] f=352080 calls=2 n0=2303 n1=274 prims=61237 bb=160,1120,0,694
[OTT] walkUs=2028 texUs=126 emitUs=691 submitUs=261 otherUs=949 prims=395 usPerPrim=5
[SH-XBOX] vblank 352200
[MEM] tick: free=4016KB (1004 pages)
[FT] avgMs=16 worstMs=18 gameMs=11 drawMs=5 swapWait=0ms draws=70 decodes=0 decMs=0
[OTS] f=352200 calls=2 n0=2297 n1=274 prims=61009 bb=160,1120,0,694
[OTT] walkUs=2124 texUs=122 emitUs=674 submitUs=206 otherUs=1121 prims=389 usPerPrim=5
[FT] avgMs=16 worstMs=18 gameMs=11 drawMs=5 swapWait=0ms draws=70 decodes=0 decMs=0
[OTS] f=352320 calls=2 n0=2300 n1=274 prims=61166 bb=160,1120,0,694
[OTT] walkUs=2116 texUs=124 emitUs=675 submitUs=316 otherUs=998 prims=392 usPerPrim=5
[FT] avgMs=16 worstMs=54 gameMs=11 drawMs=5 swapWait=0ms draws=70 decodes=0 decMs=0
[OTS] f=352440 calls=2 n0=2296 n1=274 prims=61113 bb=160,1120,0,694
[OTT] walkUs=2211 texUs=126 emitUs=668 submitUs=216 otherUs=1199 prims=388 usPerPrim=5
[FT] avgMs=16 worstMs=49 gameMs=11 drawMs=5 swapWait=0ms draws=71 decodes=0 decMs=0
[OTS] f=352560 calls=2 n0=2298 n1=274 prims=61128 bb=160,1120,0,694
[OTT] walkUs=2031 texUs=123 emitUs=678 submitUs=303 otherUs=925 prims=390 usPerPrim=5
[FT] avgMs=16 worstMs=45 gameMs=11 drawMs=5 swapWait=0ms draws=70 decodes=0 decMs=0
[OTS] f=352680 calls=2 n0=2296 n1=274 prims=61181 bb=160,1120,0,694
[OTT] walkUs=1874 texUs=123 emitUs=665 submitUs=183 otherUs=902 prims=388 usPerPrim=4
[SH-XBOX] vblank 352800
[MEM] tick: free=4016KB (1004 pages)
[FT] avgMs=16 worstMs=46 gameMs=11 drawMs=5 swapWait=0ms draws=70 decodes=0 decMs=0
[OTS] f=352800 calls=2 n0=2302 n1=274 prims=61022 bb=160,1120,0,694
[OTT] walkUs=2081 texUs=125 emitUs=687 submitUs=193 otherUs=1074 prims=394 usPerPrim=5
[FT] avgMs=16 worstMs=53 gameMs=11 drawMs=5 swapWait=1ms draws=71 decodes=0 decMs=0
[OTS] f=352920 calls=2 n0=2300 n1=274 prims=61314 bb=160,1120,0,694
[OTT] walkUs=2312 texUs=128 emitUs=681 submitUs=241 otherUs=1260 prims=392 usPerPrim=5
[FT] avgMs=16 worstMs=50 gameMs=11 drawMs=5 swapWait=0ms draws=70 decodes=0 decMs=0
[OTS] f=353040 calls=2 n0=2301 n1=274 prims=60899 bb=160,1120,0,694
[OTT] walkUs=2228 texUs=124 emitUs=680 submitUs=359 otherUs=1064 prims=393 usPerPrim=5
[FT] avgMs=16 worstMs=44 gameMs=11 drawMs=5 swapWait=0ms draws=71 decodes=0 decMs=0
[OTS] f=353160 calls=2 n0=2301 n1=274 prims=61328 bb=160,1120,0,694
[OTT] walkUs=2133 texUs=127 emitUs=681 submitUs=193 otherUs=1131 prims=393 usPerPrim=5
[FT] avgMs=16 worstMs=47 gameMs=11 drawMs=5 swapWait=0ms draws=70 decodes=0 decMs=0
[OTS] f=353280 calls=2 n0=2298 n1=274 prims=61006 bb=160,1120,0,694
[OTT] walkUs=1899 texUs=124 emitUs=667 submitUs=179 otherUs=927 prims=390 usPerPrim=4
[SH-XBOX] vblank 353400
[MEM] tick: free=4016KB (1004 pages)
[FT] avgMs=16 worstMs=53 gameMs=11 drawMs=5 swapWait=0ms draws=70 decodes=0 decMs=0
[OTS] f=353400 calls=2 n0=2302 n1=274 prims=61230 bb=160,1120,0,694
[OTT] walkUs=2160 texUs=124 emitUs=683 submitUs=198 otherUs=1154 prims=394 usPerPrim=5
[FT] avgMs=16 worstMs=49 gameMs=11 drawMs=5 swapWait=0ms draws=71 decodes=0 decMs=0
[OTS] f=353520 calls=2 n0=2300 n1=274 prims=61005 bb=160,1120,0,694
[OTT] walkUs=2266 texUs=123 emitUs=681 submitUs=421 otherUs=1039 prims=392 usPerPrim=5
[FT] avgMs=16 worstMs=45 gameMs=11 drawMs=5 swapWait=0ms draws=71 decodes=0 decMs=0
[OTS] f=353640 calls=2 n0=2300 n1=274 prims=61306 bb=160,1120,0,694
[OTT] walkUs=2249 texUs=124 emitUs=683 submitUs=220 otherUs=1219 prims=392 usPerPrim=5
[FT] avgMs=16 worstMs=46 gameMs=11 drawMs=5 swapWait=1ms draws=71 decodes=0 decMs=0
[OTS] f=353760 calls=2 n0=2298 n1=274 prims=61093 bb=160,1120,0,694
[OTT] walkUs=2271 texUs=123 emitUs=681 submitUs=351 otherUs=1115 prims=390 usPerPrim=5
[FT] avgMs=16 worstMs=53 gameMs=11 drawMs=5 swapWait=0ms draws=70 decodes=0 decMs=0
[OTS] f=353880 calls=2 n0=2301 n1=274 prims=61121 bb=160,1120,0,694
[OTT] walkUs=2133 texUs=126 emitUs=686 submitUs=386 otherUs=934 prims=393 usPerPrim=5
[SH-XBOX] vblank 354000
[MEM] tick: free=4016KB (1004 pages)
[FT] avgMs=16 worstMs=49 gameMs=11 drawMs=5 swapWait=0ms draws=71 decodes=0 decMs=0
[OTS] f=354000 calls=2 n0=2298 n1=274 prims=61101 bb=160,1120,0,694
[OTT] walkUs=2183 texUs=122 emitUs=673 submitUs=235 otherUs=1151 prims=390 usPerPrim=5
[FT] avgMs=16 worstMs=46 gameMs=11 drawMs=5 swapWait=1ms draws=70 decodes=0 decMs=0
[OTS] f=354120 calls=2 n0=2301 n1=274 prims=61188 bb=160,1120,0,694
[OTT] walkUs=2386 texUs=126 emitUs=676 submitUs=540 otherUs=1042 prims=393 usPerPrim=6
[FT] avgMs=16 worstMs=18 gameMs=11 drawMs=5 swapWait=0ms draws=70 decodes=0 decMs=0
[OTS] f=354240 calls=2 n0=2297 n1=274 prims=61099 bb=160,1120,0,694
[OTT] walkUs=2344 texUs=122 emitUs=674 submitUs=577 otherUs=969 prims=389 usPerPrim=6
[FT] avgMs=16 worstMs=17 gameMs=11 drawMs=5 swapWait=1ms draws=71 decodes=0 decMs=0
[OTS] f=354360 calls=2 n0=2302 n1=274 prims=61161 bb=160,1120,0,694
[OTT] walkUs=2199 texUs=125 emitUs=683 submitUs=191 otherUs=1199 prims=394 usPerPrim=5
[FT] avgMs=16 worstMs=43 gameMs=11 drawMs=5 swapWait=0ms draws=70 decodes=0 decMs=0
[OTS] f=354480 calls=2 n0=2295 n1=274 prims=61128 bb=160,1120,0,694
[OTT] walkUs=2262 texUs=126 emitUs=664 submitUs=189 otherUs=1281 prims=387 usPerPrim=5
[SH-XBOX] vblank 354600
[MEM] tick: free=4016KB (1004 pages)
[FT] avgMs=16 worstMs=45 gameMs=11 drawMs=5 swapWait=0ms draws=70 decodes=0 decMs=0
[OTS] f=354600 calls=2 n0=2302 n1=274 prims=61075 bb=160,1120,0,694
[OTT] walkUs=2359 texUs=124 emitUs=682 submitUs=193 otherUs=1359 prims=394 usPerPrim=5
[FT] avgMs=16 worstMs=52 gameMs=11 drawMs=5 swapWait=0ms draws=71 decodes=0 decMs=0
[OTS] f=354720 calls=2 n0=2300 n1=274 prims=61300 bb=160,1120,0,694
[OTT] walkUs=2371 texUs=129 emitUs=681 submitUs=190 otherUs=1369 prims=392 usPerPrim=6
[FT] avgMs=16 worstMs=48 gameMs=11 drawMs=5 swapWait=0ms draws=70 decodes=0 decMs=0
[OTS] f=354840 calls=2 n0=2302 n1=274 prims=60907 bb=160,1120,0,694
[OTT] walkUs=1977 texUs=125 emitUs=688 submitUs=189 otherUs=973 prims=394 usPerPrim=5
[FT] avgMs=16 worstMs=44 gameMs=11 drawMs=5 swapWait=0ms draws=70 decodes=0 decMs=0
[OTS] f=354960 calls=2 n0=2297 n1=274 prims=61280 bb=160,1120,0,694
[OTT] walkUs=2138 texUs=124 emitUs=667 submitUs=177 otherUs=1169 prims=389 usPerPrim=5
[FT] avgMs=16 worstMs=45 gameMs=11 drawMs=5 swapWait=0ms draws=70 decodes=0 decMs=0
[OTS] f=355080 calls=2 n0=2299 n1=274 prims=60937 bb=160,1120,0,694
[OTT] walkUs=2247 texUs=124 emitUs=681 submitUs=189 otherUs=1252 prims=391 usPerPrim=5
[SH-XBOX] vblank 355200
[MEM] tick: free=4016KB (1004 pages)
[FT] avgMs=16 worstMs=53 gameMs=11 drawMs=5 swapWait=0ms draws=71 decodes=0 decMs=0
[OTS] f=355200 calls=2 n0=2301 n1=274 prims=61333 bb=160,1120,0,694
[OTT] walkUs=2229 texUs=124 emitUs=685 submitUs=666 otherUs=752 prims=393 usPerPrim=5
[FT] avgMs=16 worstMs=48 gameMs=11 drawMs=5 swapWait=0ms draws=70 decodes=0 decMs=0
[OTS] f=355320 calls=2 n0=2300 n1=274 prims=60900 bb=160,1120,0,694
[OTT] walkUs=1878 texUs=124 emitUs=673 submitUs=248 otherUs=831 prims=392 usPerPrim=4
[FT] avgMs=16 worstMs=43 gameMs=11 drawMs=5 swapWait=0ms draws=70 decodes=0 decMs=0
[OTS] f=355440 calls=2 n0=2300 n1=274 prims=61306 bb=160,1120,0,694
[OTT] walkUs=2008 texUs=127 emitUs=678 submitUs=246 otherUs=955 prims=392 usPerPrim=5
[FT] avgMs=16 worstMs=45 gameMs=11 drawMs=5 swapWait=0ms draws=71 decodes=0 decMs=0
[OTS] f=355560 calls=2 n0=2299 n1=274 prims=61052 bb=160,1120,0,694
[OTT] walkUs=2219 texUs=123 emitUs=676 submitUs=237 otherUs=1181 prims=391 usPerPrim=5
[FT] avgMs=16 worstMs=52 gameMs=11 drawMs=5 swapWait=0ms draws=70 decodes=0 decMs=0
[OTS] f=355680 calls=2 n0=2302 n1=274 prims=61156 bb=160,1120,0,694
[OTT] walkUs=2208 texUs=125 emitUs=685 submitUs=368 otherUs=1028 prims=394 usPerPrim=5
[SH-XBOX] vblank 355800
[MEM] tick: free=4016KB (1004 pages)
[FT] avgMs=16 worstMs=47 gameMs=11 drawMs=5 swapWait=0ms draws=71 decodes=0 decMs=0
[OTS] f=355800 calls=2 n0=2300 n1=274 prims=61083 bb=160,1120,0,694
[OTT] walkUs=2073 texUs=123 emitUs=678 submitUs=191 otherUs=1079 prims=392 usPerPrim=5
[FT] avgMs=16 worstMs=44 gameMs=11 drawMs=5 swapWait=0ms draws=70 decodes=0 decMs=0
[OTS] f=355920 calls=2 n0=2300 n1=274 prims=61205 bb=160,1120,0,694
[OTT] walkUs=2184 texUs=125 emitUs=672 submitUs=289 otherUs=1096 prims=392 usPerPrim=5
[FT] avgMs=16 worstMs=45 gameMs=11 drawMs=5 swapWait=0ms draws=70 decodes=0 decMs=0
[OTS] f=356040 calls=2 n0=2297 n1=274 prims=61071 bb=160,1120,0,694
[OTT] walkUs=2071 texUs=122 emitUs=675 submitUs=193 otherUs=1079 prims=389 usPerPrim=5
[FT] avgMs=16 worstMs=17 gameMs=11 drawMs=5 swapWait=0ms draws=71 decodes=0 decMs=0
[OTS] f=356160 calls=2 n0=2302 n1=274 prims=61172 bb=160,1120,0,694
[OTT] walkUs=2200 texUs=125 emitUs=687 submitUs=210 otherUs=1175 prims=394 usPerPrim=5
[FT] avgMs=16 worstMs=18 gameMs=11 drawMs=5 swapWait=0ms draws=71 decodes=0 decMs=0
[OTS] f=356280 calls=2 n0=2296 n1=274 prims=61205 bb=160,1120,0,694
[OTT] walkUs=2141 texUs=123 emitUs=672 submitUs=187 otherUs=1159 prims=388 usPerPrim=5
[SH-XBOX] vblank 356400
[MEM] tick: free=4016KB (1004 pages)
[FT] avgMs=16 worstMs=44 gameMs=11 drawMs=5 swapWait=1ms draws=71 decodes=0 decMs=0
[OTS] f=356400 calls=2 n0=2297 n1=274 prims=61144 bb=160,1120,0,694
[OTT] walkUs=2181 texUs=123 emitUs=673 submitUs=413 otherUs=971 prims=389 usPerPrim=5
[FT] avgMs=16 worstMs=45 gameMs=11 drawMs=5 swapWait=0ms draws=70 decodes=0 decMs=0
[OTS] f=356520 calls=2 n0=2298 n1=274 prims=61150 bb=160,1120,0,694
[OTT] walkUs=2323 texUs=123 emitUs=673 submitUs=179 otherUs=1346 prims=390 usPerPrim=5
[FT] avgMs=16 worstMs=53 gameMs=11 drawMs=5 swapWait=0ms draws=71 decodes=0 decMs=0
[OTS] f=356640 calls=2 n0=2303 n1=274 prims=61056 bb=160,1120,0,694
[OTT] walkUs=2454 texUs=125 emitUs=688 submitUs=596 otherUs=1044 prims=395 usPerPrim=6
[FT] avgMs=16 worstMs=47 gameMs=11 drawMs=5 swapWait=1ms draws=70 decodes=0 decMs=0
[OTS] f=356760 calls=2 n0=2298 n1=274 prims=61241 bb=160,1120,0,694
[OTT] walkUs=2173 texUs=125 emitUs=669 submitUs=376 otherUs=1001 prims=390 usPerPrim=5
[FT] avgMs=16 worstMs=43 gameMs=11 drawMs=5 swapWait=0ms draws=70 decodes=0 decMs=0
[OTS] f=356880 calls=2 n0=2301 n1=274 prims=60983 bb=160,1120,0,694
[OTT] walkUs=2369 texUs=124 emitUs=683 submitUs=449 otherUs=1111 prims=393 usPerPrim=6
[SH-XBOX] vblank 357000
[MEM] tick: free=4016KB (1004 pages)
[FT] avgMs=16 worstMs=46 gameMs=11 drawMs=5 swapWait=0ms draws=71 decodes=0 decMs=0
[OTS] f=357000 calls=2 n0=2301 n1=274 prims=61328 bb=160,1120,0,694
[OTT] walkUs=2241 texUs=125 emitUs=680 submitUs=337 otherUs=1098 prims=393 usPerPrim=5
[FT] avgMs=16 worstMs=53 gameMs=11 drawMs=5 swapWait=0ms draws=70 decodes=0 decMs=0
[OTS] f=357120 calls=2 n0=2301 n1=274 prims=60862 bb=160,1120,0,694
[OTT] walkUs=2298 texUs=124 emitUs=688 submitUs=218 otherUs=1268 prims=393 usPerPrim=5
[FT] avgMs=16 worstMs=48 gameMs=11 drawMs=5 swapWait=0ms draws=71 decodes=0 decMs=0
[OTS] f=357240 calls=2 n0=2302 n1=274 prims=61344 bb=160,1120,0,694
[OTT] walkUs=2419 texUs=125 emitUs=685 submitUs=540 otherUs=1069 prims=394 usPerPrim=6
[FT] avgMs=16 worstMs=43 gameMs=11 drawMs=5 swapWait=0ms draws=71 decodes=0 decMs=0
[OTS] f=357360 calls=2 n0=2300 n1=274 prims=61036 bb=160,1120,0,694
[OTT] walkUs=2327 texUs=124 emitUs=679 submitUs=282 otherUs=1240 prims=392 usPerPrim=5
[FT] avgMs=16 worstMs=45 gameMs=11 drawMs=5 swapWait=0ms draws=70 decodes=0 decMs=0
[OTS] f=357480 calls=2 n0=2300 n1=274 prims=61177 bb=160,1120,0,694
[OTT] walkUs=2379 texUs=124 emitUs=678 submitUs=186 otherUs=1390 prims=392 usPerPrim=6
[SH-XBOX] vblank 357600
[MEM] tick: free=4016KB (1004 pages)
[FT] avgMs=16 worstMs=52 gameMs=11 drawMs=5 swapWait=0ms draws=70 decodes=0 decMs=0
[OTS] f=357600 calls=2 n0=2296 n1=274 prims=60993 bb=160,1120,0,694
[OTT] walkUs=2242 texUs=123 emitUs=668 submitUs=190 otherUs=1259 prims=388 usPerPrim=5
[FT] avgMs=16 worstMs=48 gameMs=11 drawMs=5 swapWait=0ms draws=70 decodes=0 decMs=0
[OTS] f=357720 calls=2 n0=2300 n1=274 prims=61201 bb=160,1120,0,694
[OTT] walkUs=1983 texUs=123 emitUs=680 submitUs=329 otherUs=849 prims=392 usPerPrim=5
[FT] avgMs=16 worstMs=44 gameMs=11 drawMs=5 swapWait=0ms draws=71 decodes=0 decMs=0
[OTS] f=357840 calls=2 n0=2298 n1=274 prims=61121 bb=160,1120,0,694
[OTT] walkUs=2432 texUs=123 emitUs=678 submitUs=426 otherUs=1203 prims=390 usPerPrim=6
[FT] avgMs=16 worstMs=46 gameMs=11 drawMs=5 swapWait=0ms draws=70 decodes=0 decMs=0
[OTS] f=357960 calls=2 n0=2304 n1=274 prims=61080 bb=160,1120,0,694
[OTT] walkUs=1917 texUs=126 emitUs=688 submitUs=252 otherUs=849 prims=396 usPerPrim=4
[FT] avgMs=16 worstMs=18 gameMs=11 drawMs=5 swapWait=0ms draws=71 decodes=0 decMs=0
[OTS] f=358080 calls=2 n0=2297 n1=274 prims=61177 bb=160,1120,0,694
[OTT] walkUs=2385 texUs=123 emitUs=675 submitUs=324 otherUs=1261 prims=389 usPerPrim=6
[SH-XBOX] vblank 358200
[MEM] tick: free=4016KB (1004 pages)
[FT] avgMs=16 worstMs=18 gameMs=11 drawMs=5 swapWait=1ms draws=71 decodes=0 decMs=0
[OTS] f=358200 calls=2 n0=2301 n1=274 prims=61183 bb=160,1120,0,694
[OTT] walkUs=2003 texUs=124 emitUs=682 submitUs=186 otherUs=1009 prims=393 usPerPrim=5
[FT] avgMs=16 worstMs=44 gameMs=11 drawMs=5 swapWait=0ms draws=70 decodes=0 decMs=0
[OTS] f=358320 calls=2 n0=2297 n1=274 prims=61110 bb=160,1120,0,694
[OTT] walkUs=2168 texUs=122 emitUs=675 submitUs=209 otherUs=1160 prims=389 usPerPrim=5
[FT] avgMs=16 worstMs=45 gameMs=11 drawMs=5 swapWait=0ms draws=71 decodes=0 decMs=0
[OTS] f=358440 calls=2 n0=2303 n1=274 prims=61086 bb=160,1120,0,694
[OTT] walkUs=2148 texUs=125 emitUs=693 submitUs=178 otherUs=1150 prims=395 usPerPrim=5
[FT] avgMs=16 worstMs=53 gameMs=11 drawMs=5 swapWait=0ms draws=70 decodes=0 decMs=0
[OTS] f=358560 calls=2 n0=2298 n1=274 prims=61214 bb=160,1120,0,694
[OTT] walkUs=1953 texUs=123 emitUs=669 submitUs=406 otherUs=754 prims=390 usPerPrim=5
[FT] avgMs=16 worstMs=48 gameMs=11 drawMs=5 swapWait=0ms draws=70 decodes=0 decMs=0
[OTS] f=358680 calls=2 n0=2302 n1=274 prims=61007 bb=160,1120,0,694
[OTT] walkUs=2240 texUs=128 emitUs=689 submitUs=294 otherUs=1128 prims=394 usPerPrim=5
[SH-XBOX] vblank 358800
[MEM] tick: free=4016KB (1004 pages)
[FT] avgMs=16 worstMs=44 gameMs=11 drawMs=5 swapWait=0ms draws=71 decodes=0 decMs=0
[OTS] f=358800 calls=2 n0=2299 n1=274 prims=61318 bb=160,1120,0,694
[OTT] walkUs=2173 texUs=124 emitUs=680 submitUs=179 otherUs=1189 prims=391 usPerPrim=5
[FT] avgMs=16 worstMs=45 gameMs=11 drawMs=5 swapWait=0ms draws=71 decodes=0 decMs=0
[OTS] f=358920 calls=2 n0=2300 n1=274 prims=61001 bb=160,1120,0,694
[OTT] walkUs=2044 texUs=123 emitUs=677 submitUs=400 otherUs=842 prims=392 usPerPrim=5
[FT] avgMs=16 worstMs=53 gameMs=11 drawMs=5 swapWait=1ms draws=70 decodes=0 decMs=0
[OTS] f=359040 calls=2 n0=2298 n1=274 prims=61326 bb=160,1120,0,694
[OTT] walkUs=2004 texUs=125 emitUs=672 submitUs=217 otherUs=989 prims=390 usPerPrim=5
[FT] avgMs=16 worstMs=48 gameMs=11 drawMs=5 swapWait=0ms draws=70 decodes=0 decMs=0
[OTS] f=359160 calls=2 n0=2302 n1=274 prims=60924 bb=160,1120,0,694
[OTT] walkUs=2240 texUs=125 emitUs=681 submitUs=184 otherUs=1249 prims=394 usPerPrim=5
[FT] avgMs=16 worstMs=44 gameMs=11 drawMs=5 swapWait=0ms draws=71 decodes=0 decMs=0
[OTS] f=359280 calls=2 n0=2300 n1=274 prims=61316 bb=160,1120,0,694
[OTT] walkUs=2007 texUs=124 emitUs=683 submitUs=196 otherUs=1003 prims=392 usPerPrim=5
[SH-XBOX] vblank 359400
[MEM] tick: free=4016KB (1004 pages)
[FT] avgMs=16 worstMs=45 gameMs=11 drawMs=5 swapWait=0ms draws=70 decodes=0 decMs=0
[OTS] f=359400 calls=2 n0=2297 n1=274 prims=60936 bb=160,1120,0,694
[OTT] walkUs=2127 texUs=124 emitUs=670 submitUs=425 otherUs=906 prims=389 usPerPrim=5
[FT] avgMs=16 worstMs=53 gameMs=11 drawMs=5 swapWait=0ms draws=70 decodes=0 decMs=0
[OTS] f=359520 calls=2 n0=2301 n1=274 prims=61256 bb=160,1120,0,694
[OTT] walkUs=2083 texUs=124 emitUs=681 submitUs=255 otherUs=1021 prims=393 usPerPrim=5
[FT] avgMs=16 worstMs=48 gameMs=11 drawMs=5 swapWait=0ms draws=71 decodes=0 decMs=0
[OTS] f=359640 calls=2 n0=2300 n1=274 prims=61099 bb=160,1120,0,694
[OTT] walkUs=2206 texUs=124 emitUs=681 submitUs=210 otherUs=1190 prims=392 usPerPrim=5
[FT] avgMs=16 worstMs=44 gameMs=11 drawMs=5 swapWait=0ms draws=70 decodes=0 decMs=0
[OTS] f=359760 calls=2 n0=2303 n1=274 prims=61109 bb=160,1120,0,694
[OTT] walkUs=2192 texUs=125 emitUs=689 submitUs=297 otherUs=1080 prims=395 usPerPrim=5
[FT] avgMs=16 worstMs=45 gameMs=11 drawMs=5 swapWait=0ms draws=71 decodes=0 decMs=0
[OTS] f=359880 calls=2 n0=2297 n1=274 prims=61137 bb=160,1120,0,694
[OTT] walkUs=2202 texUs=127 emitUs=673 submitUs=281 otherUs=1120 prims=389 usPerPrim=5
[SH-XBOX] vblank 360000
[MEM] tick: free=4016KB (1004 pages)
[FT] avgMs=17 worstMs=75 gameMs=11 drawMs=5 swapWait=0ms draws=70 decodes=0 decMs=0
[OTS] f=360000 calls=2 n0=2299 n1=274 prims=61192 bb=160,1120,0,694
[OTT] walkUs=2247 texUs=124 emitUs=674 submitUs=186 otherUs=1262 prims=391 usPerPrim=5
[FT] avgMs=16 worstMs=18 gameMs=11 drawMs=5 swapWait=0ms draws=70 decodes=0 decMs=0
[OTS] f=360120 calls=2 n0=2296 n1=274 prims=61087 bb=160,1120,0,694
[OTT] walkUs=2222 texUs=122 emitUs=671 submitUs=193 otherUs=1234 prims=388 usPerPrim=5
[FT] avgMs=16 worstMs=50 gameMs=11 drawMs=5 swapWait=0ms draws=70 decodes=0 decMs=0
[OTS] f=360240 calls=2 n0=2296 n1=274 prims=61024 bb=160,1120,0,694
[OTT] walkUs=2066 texUs=123 emitUs=668 submitUs=251 otherUs=1022 prims=388 usPerPrim=5
[FT] avgMs=16 worstMs=46 gameMs=11 drawMs=5 swapWait=0ms draws=70 decodes=0 decMs=0
[OTS] f=360360 calls=2 n0=2298 n1=274 prims=61240 bb=160,1120,0,694
[OTT] walkUs=2554 texUs=123 emitUs=679 submitUs=550 otherUs=1200 prims=390 usPerPrim=6
[FT] avgMs=16 worstMs=52 gameMs=11 drawMs=5 swapWait=0ms draws=71 decodes=0 decMs=0
[OTS] f=360480 calls=2 n0=2303 n1=274 prims=61084 bb=160,1120,0,694
[OTT] walkUs=2361 texUs=125 emitUs=690 submitUs=477 otherUs=1068 prims=395 usPerPrim=5
[SH-XBOX] vblank 360600
[MEM] tick: free=4016KB (1004 pages)
[FT] avgMs=16 worstMs=48 gameMs=11 drawMs=5 swapWait=0ms draws=70 decodes=0 decMs=0
[OTS] f=360600 calls=2 n0=2300 n1=274 prims=61166 bb=160,1120,0,694
[OTT] walkUs=2426 texUs=127 emitUs=679 submitUs=653 otherUs=967 prims=392 usPerPrim=6
[FT] avgMs=16 worstMs=44 gameMs=11 drawMs=5 swapWait=0ms draws=71 decodes=0 decMs=0
[OTS] f=360720 calls=2 n0=2301 n1=274 prims=61029 bb=160,1120,0,694
[OTT] walkUs=2253 texUs=124 emitUs=684 submitUs=209 otherUs=1234 prims=393 usPerPrim=5
[FT] avgMs=16 worstMs=46 gameMs=11 drawMs=5 swapWait=0ms draws=70 decodes=0 decMs=0
[OTS] f=360840 calls=2 n0=2298 n1=274 prims=61313 bb=160,1120,0,694
[OTT] walkUs=1794 texUs=125 emitUs=672 submitUs=224 otherUs=772 prims=390 usPerPrim=4
[FT] avgMs=16 worstMs=53 gameMs=11 drawMs=5 swapWait=0ms draws=70 decodes=0 decMs=0
[OTS] f=360960 calls=2 n0=2301 n1=274 prims=60908 bb=160,1120,0,694
[OTT] walkUs=2222 texUs=124 emitUs=681 submitUs=176 otherUs=1239 prims=393 usPerPrim=5
[FT] avgMs=16 worstMs=48 gameMs=11 drawMs=5 swapWait=0ms draws=71 decodes=0 decMs=0
[OTS] f=361080 calls=2 n0=2302 n1=274 prims=61344 bb=160,1120,0,694
[OTT] walkUs=2046 texUs=125 emitUs=685 submitUs=327 otherUs=907 prims=394 usPerPrim=5
[SH-XBOX] vblank 361200
[MEM] tick: free=4016KB (1004 pages)
[FT] avgMs=16 worstMs=44 gameMs=11 drawMs=5 swapWait=0ms draws=70 decodes=0 decMs=0
[OTS] f=361200 calls=2 n0=2298 n1=274 prims=60904 bb=160,1120,0,694
[OTT] walkUs=1894 texUs=125 emitUs=674 submitUs=305 otherUs=789 prims=390 usPerPrim=4
[FT] avgMs=16 worstMs=45 gameMs=11 drawMs=5 swapWait=0ms draws=70 decodes=0 decMs=0
[OTS] f=361320 calls=2 n0=2299 n1=274 prims=61297 bb=160,1120,0,694
[OTT] walkUs=2017 texUs=125 emitUs=673 submitUs=190 otherUs=1028 prims=391 usPerPrim=5
[FT] avgMs=16 worstMs=53 gameMs=11 drawMs=5 swapWait=0ms draws=71 decodes=0 decMs=0
[OTS] f=361440 calls=2 n0=2298 n1=274 prims=61076 bb=160,1120,0,694
[OTT] walkUs=1878 texUs=126 emitUs=673 submitUs=246 otherUs=832 prims=390 usPerPrim=4
[FT] avgMs=16 worstMs=48 gameMs=11 drawMs=5 swapWait=0ms draws=71 decodes=0 decMs=0
[OTS] f=361560 calls=2 n0=2301 n1=274 prims=61249 bb=160,1120,0,694
[OTT] walkUs=2212 texUs=124 emitUs=680 submitUs=176 otherUs=1232 prims=393 usPerPrim=5
[FT] avgMs=16 worstMs=44 gameMs=11 drawMs=5 swapWait=0ms draws=70 decodes=0 decMs=0
[OTS] f=361680 calls=2 n0=2296 n1=274 prims=61062 bb=160,1120,0,694
[OTT] walkUs=1914 texUs=123 emitUs=671 submitUs=332 otherUs=787 prims=388 usPerPrim=4
[SH-XBOX] vblank 361800
[MEM] tick: free=4016KB (1004 pages)
[FT] avgMs=16 worstMs=45 gameMs=11 drawMs=5 swapWait=0ms draws=70 decodes=0 decMs=0
[OTS] f=361800 calls=2 n0=2304 n1=274 prims=61148 bb=160,1120,0,694
[OTT] walkUs=2191 texUs=127 emitUs=691 submitUs=176 otherUs=1197 prims=396 usPerPrim=5
[FT] avgMs=16 worstMs=53 gameMs=11 drawMs=5 swapWait=0ms draws=71 decodes=0 decMs=0
[OTS] f=361920 calls=2 n0=2297 n1=274 prims=61177 bb=160,1120,0,694
[OTT] walkUs=1973 texUs=122 emitUs=671 submitUs=196 otherUs=982 prims=389 usPerPrim=5
[FT] avgMs=16 worstMs=18 gameMs=11 drawMs=5 swapWait=0ms draws=70 decodes=0 decMs=0
[OTS] f=362040 calls=2 n0=2300 n1=274 prims=61043 bb=160,1120,0,694
[OTT] walkUs=2224 texUs=129 emitUs=696 submitUs=433 otherUs=966 prims=392 usPerPrim=5
[FT] avgMs=16 worstMs=43 gameMs=11 drawMs=5 swapWait=0ms draws=70 decodes=0 decMs=0
[OTS] f=362160 calls=2 n0=2297 n1=274 prims=61220 bb=160,1120,0,694
[OTT] walkUs=2157 texUs=124 emitUs=671 submitUs=449 otherUs=911 prims=389 usPerPrim=5
[FT] avgMs=16 worstMs=46 gameMs=11 drawMs=5 swapWait=0ms draws=71 decodes=0 decMs=0
[OTS] f=362280 calls=2 n0=2303 n1=274 prims=61116 bb=160,1120,0,694
[OTT] walkUs=2091 texUs=125 emitUs=684 submitUs=262 otherUs=1018 prims=395 usPerPrim=5
[SH-XBOX] vblank 362400
[MEM] tick: free=4016KB (1004 pages)
[FT] avgMs=16 worstMs=53 gameMs=11 drawMs=5 swapWait=0ms draws=70 decodes=0 decMs=0
[OTS] f=362400 calls=2 n0=2300 n1=274 prims=61156 bb=160,1120,0,694
[OTT] walkUs=2138 texUs=123 emitUs=681 submitUs=191 otherUs=1141 prims=392 usPerPrim=5
[FT] avgMs=16 worstMs=48 gameMs=11 drawMs=5 swapWait=0ms draws=71 decodes=0 decMs=0
[OTS] f=362520 calls=2 n0=2302 n1=274 prims=61034 bb=160,1120,0,694
[OTT] walkUs=2011 texUs=125 emitUs=688 submitUs=209 otherUs=987 prims=394 usPerPrim=5
[FT] avgMs=16 worstMs=44 gameMs=11 drawMs=5 swapWait=0ms draws=70 decodes=0 decMs=0
[OTS] f=362640 calls=2 n0=2296 n1=274 prims=61290 bb=160,1120,0,694
[OTT] walkUs=2208 texUs=123 emitUs=666 submitUs=211 otherUs=1207 prims=388 usPerPrim=5
[FT] avgMs=16 worstMs=45 gameMs=11 drawMs=5 swapWait=0ms draws=70 decodes=0 decMs=0
[OTS] f=362760 calls=2 n0=2300 n1=274 prims=60931 bb=160,1120,0,694
[OTT] walkUs=2254 texUs=124 emitUs=681 submitUs=236 otherUs=1212 prims=392 usPerPrim=5
[FT] avgMs=16 worstMs=53 gameMs=11 drawMs=5 swapWait=0ms draws=70 decodes=0 decMs=0
[OTS] f=362880 calls=2 n0=2301 n1=274 prims=61202 bb=160,1120,0,694
[OTT] walkUs=2426 texUs=127 emitUs=681 submitUs=249 otherUs=1368 prims=393 usPerPrim=6
[SH-XBOX] vblank 363000
[MEM] tick: free=4016KB (1004 pages)
[FT] avgMs=16 worstMs=49 gameMs=11 drawMs=5 swapWait=0ms draws=71 decodes=0 decMs=0
[OTS] f=363000 calls=2 n0=2302 n1=274 prims=61018 bb=160,1120,0,694
[OTT] walkUs=2278 texUs=124 emitUs=687 submitUs=327 otherUs=1138 prims=394 usPerPrim=5
[FT] avgMs=16 worstMs=44 gameMs=11 drawMs=5 swapWait=1ms draws=71 decodes=0 decMs=0
[OTS] f=363120 calls=2 n0=2299 n1=274 prims=61339 bb=160,1120,0,694
[OTT] walkUs=2311 texUs=124 emitUs=673 submitUs=349 otherUs=1162 prims=391 usPerPrim=5
[FT] avgMs=16 worstMs=45 gameMs=11 drawMs=5 swapWait=0ms draws=70 decodes=0 decMs=0
[OTS] f=363240 calls=2 n0=2299 n1=274 prims=60902 bb=160,1120,0,694
[OTT] walkUs=2310 texUs=128 emitUs=678 submitUs=190 otherUs=1311 prims=391 usPerPrim=5
[FT] avgMs=16 worstMs=53 gameMs=11 drawMs=5 swapWait=0ms draws=71 decodes=0 decMs=0
[OTS] f=363360 calls=2 n0=2302 n1=274 prims=61284 bb=160,1120,0,694
[OTT] walkUs=2499 texUs=125 emitUs=682 submitUs=697 otherUs=994 prims=394 usPerPrim=6
[FT] avgMs=16 worstMs=48 gameMs=11 drawMs=5 swapWait=0ms draws=70 decodes=0 decMs=0
[OTS] f=363480 calls=2 n0=2298 n1=274 prims=61029 bb=160,1120,0,694
[OTT] walkUs=1750 texUs=129 emitUs=672 submitUs=189 otherUs=758 prims=390 usPerPrim=4
[SH-XBOX] vblank 363600
[MEM] tick: free=4016KB (1004 pages)
[FT] avgMs=16 worstMs=44 gameMs=11 drawMs=5 swapWait=0ms draws=70 decodes=0 decMs=0
[OTS] f=363600 calls=2 n0=2303 n1=274 prims=61193 bb=160,1120,0,694
[OTT] walkUs=2615 texUs=126 emitUs=685 submitUs=438 otherUs=1365 prims=395 usPerPrim=6
[FT] avgMs=16 worstMs=45 gameMs=11 drawMs=5 swapWait=1ms draws=71 decodes=0 decMs=0
[OTS] f=363720 calls=2 n0=2297 n1=274 prims=61137 bb=160,1120,0,694
[OTT] walkUs=2214 texUs=123 emitUs=672 submitUs=500 otherUs=918 prims=389 usPerPrim=5
[FT] avgMs=16 worstMs=53 gameMs=11 drawMs=5 swapWait=0ms draws=70 decodes=0 decMs=0
[OTS] f=363840 calls=2 n0=2302 n1=274 prims=61044 bb=160,1120,0,694
[OTT] walkUs=2184 texUs=126 emitUs=682 submitUs=178 otherUs=1197 prims=394 usPerPrim=5
[FT] avgMs=16 worstMs=17 gameMs=11 drawMs=5 swapWait=0ms draws=71 decodes=0 decMs=0
[OTS] f=363960 calls=2 n0=2295 n1=274 prims=61207 bb=160,1120,0,694
[OTT] walkUs=1881 texUs=122 emitUs=670 submitUs=192 otherUs=895 prims=387 usPerPrim=4
[FT] avgMs=16 worstMs=44 gameMs=11 drawMs=5 swapWait=0ms draws=71 decodes=0 decMs=0
[OTS] f=364080 calls=2 n0=2298 n1=274 prims=61154 bb=160,1120,0,694
[OTT] walkUs=2096 texUs=122 emitUs=677 submitUs=276 otherUs=1019 prims=390 usPerPrim=5
[SH-XBOX] vblank 364200
[MEM] tick: free=4016KB (1004 pages)
[FT] avgMs=16 worstMs=45 gameMs=11 drawMs=5 swapWait=0ms draws=71 decodes=0 decMs=0
[OTS] f=364200 calls=2 n0=2298 n1=274 prims=61266 bb=160,1120,0,694
[OTT] walkUs=2264 texUs=123 emitUs=679 submitUs=192 otherUs=1269 prims=390 usPerPrim=5
[FT] avgMs=16 worstMs=53 gameMs=11 drawMs=5 swapWait=0ms draws=70 decodes=0 decMs=0
[OTS] f=364320 calls=2 n0=2301 n1=274 prims=60984 bb=160,1120,0,694
[OTT] walkUs=2257 texUs=125 emitUs=680 submitUs=218 otherUs=1233 prims=393 usPerPrim=5
[FT] avgMs=16 worstMs=49 gameMs=11 drawMs=5 swapWait=0ms draws=70 decodes=0 decMs=0
[OTS] f=364440 calls=2 n0=2299 n1=274 prims=61250 bb=160,1120,0,694
[OTT] walkUs=2013 texUs=127 emitUs=673 submitUs=250 otherUs=962 prims=391 usPerPrim=5
[FT] avgMs=16 worstMs=44 gameMs=11 drawMs=5 swapWait=0ms draws=71 decodes=0 decMs=0
[OTS] f=364560 calls=2 n0=2301 n1=274 prims=61043 bb=160,1120,0,694
[OTT] walkUs=1885 texUs=125 emitUs=680 submitUs=192 otherUs=886 prims=393 usPerPrim=4
[FT] avgMs=16 worstMs=45 gameMs=11 drawMs=5 swapWait=0ms draws=70 decodes=0 decMs=0
[OTS] f=364680 calls=2 n0=2301 n1=274 prims=61200 bb=160,1120,0,694
[OTT] walkUs=2017 texUs=123 emitUs=684 submitUs=237 otherUs=972 prims=393 usPerPrim=5
[SH-XBOX] vblank 364800
[MEM] tick: free=4016KB (1004 pages)
[FT] avgMs=16 worstMs=53 gameMs=11 drawMs=5 swapWait=0ms draws=71 decodes=0 decMs=0
[OTS] f=364800 calls=2 n0=2301 n1=274 prims=60992 bb=160,1120,0,694
[OTT] walkUs=2079 texUs=129 emitUs=683 submitUs=201 otherUs=1066 prims=393 usPerPrim=5
[FT] avgMs=16 worstMs=49 gameMs=11 drawMs=5 swapWait=0ms draws=71 decodes=0 decMs=0
[OTS] f=364920 calls=2 n0=2301 n1=274 prims=61371 bb=160,1120,0,694
[OTT] walkUs=2084 texUs=124 emitUs=683 submitUs=215 otherUs=1061 prims=393 usPerPrim=5
[FT] avgMs=16 worstMs=44 gameMs=11 drawMs=5 swapWait=0ms draws=70 decodes=0 decMs=0
[OTS] f=365040 calls=2 n0=2300 n1=274 prims=60882 bb=160,1120,0,694
[OTT] walkUs=2023 texUs=124 emitUs=689 submitUs=264 otherUs=945 prims=392 usPerPrim=5
[FT] avgMs=16 worstMs=45 gameMs=11 drawMs=5 swapWait=0ms draws=71 decodes=0 decMs=0
[OTS] f=365160 calls=2 n0=2300 n1=274 prims=61305 bb=160,1120,0,694
[OTT] walkUs=2159 texUs=123 emitUs=681 submitUs=248 otherUs=1105 prims=392 usPerPrim=5
[FT] avgMs=16 worstMs=53 gameMs=11 drawMs=5 swapWait=0ms draws=70 decodes=0 decMs=0
[OTS] f=365280 calls=2 n0=2296 n1=274 prims=60994 bb=160,1120,0,694
[OTT] walkUs=2048 texUs=123 emitUs=665 submitUs=278 otherUs=981 prims=388 usPerPrim=5
[SH-XBOX] vblank 365400
[MEM] tick: free=4016KB (1004 pages)
[FT] avgMs=16 worstMs=48 gameMs=11 drawMs=5 swapWait=0ms draws=70 decodes=0 decMs=0
[OTS] f=365400 calls=2 n0=2301 n1=274 prims=61221 bb=160,1120,0,694
[OTT] walkUs=2176 texUs=125 emitUs=682 submitUs=444 otherUs=924 prims=393 usPerPrim=5
[FT] avgMs=16 worstMs=44 gameMs=11 drawMs=5 swapWait=0ms draws=70 decodes=0 decMs=0
[OTS] f=365520 calls=2 n0=2298 n1=274 prims=60972 bb=160,1120,0,694
[OTT] walkUs=2205 texUs=123 emitUs=673 submitUs=191 otherUs=1216 prims=390 usPerPrim=5
[FT] avgMs=16 worstMs=46 gameMs=11 drawMs=5 swapWait=0ms draws=71 decodes=0 decMs=0
[OTS] f=365640 calls=2 n0=2304 n1=274 prims=61209 bb=160,1120,0,694
[OTT] walkUs=2249 texUs=125 emitUs=694 submitUs=224 otherUs=1204 prims=396 usPerPrim=5
[FT] avgMs=16 worstMs=53 gameMs=11 drawMs=5 swapWait=0ms draws=70 decodes=0 decMs=0
[OTS] f=365760 calls=2 n0=2294 n1=274 prims=61176 bb=160,1120,0,694
[OTT] walkUs=2222 texUs=122 emitUs=662 submitUs=325 otherUs=1111 prims=386 usPerPrim=5
[FT] avgMs=16 worstMs=49 gameMs=11 drawMs=5 swapWait=0ms draws=70 decodes=0 decMs=0
[OTS] f=365880 calls=2 n0=2302 n1=274 prims=61063 bb=160,1120,0,694
[OTT] walkUs=2129 texUs=125 emitUs=682 submitUs=189 otherUs=1132 prims=394 usPerPrim=5
[SH-XBOX] vblank 366000
[MEM] tick: free=4016KB (1004 pages)
[FT] avgMs=16 worstMs=17 gameMs=11 drawMs=5 swapWait=0ms draws=71 decodes=0 decMs=0
[OTS] f=366000 calls=2 n0=2297 n1=274 prims=61230 bb=160,1120,0,694
[OTT] walkUs=2183 texUs=122 emitUs=676 submitUs=347 otherUs=1037 prims=389 usPerPrim=5
[FT] avgMs=16 worstMs=52 gameMs=11 drawMs=5 swapWait=1ms draws=70 decodes=0 decMs=0
[OTS] f=366120 calls=2 n0=2301 n1=274 prims=61000 bb=160,1120,0,694
[OTT] walkUs=2139 texUs=125 emitUs=676 submitUs=195 otherUs=1141 prims=393 usPerPrim=5
[FT] avgMs=16 worstMs=47 gameMs=11 drawMs=5 swapWait=0ms draws=70 decodes=0 decMs=0
[OTS] f=366240 calls=2 n0=2299 n1=274 prims=61260 bb=160,1120,0,694
[OTT] walkUs=2352 texUs=123 emitUs=673 submitUs=515 otherUs=1040 prims=391 usPerPrim=6
[FT] avgMs=16 worstMs=43 gameMs=11 drawMs=5 swapWait=0ms draws=71 decodes=0 decMs=0
[OTS] f=366360 calls=2 n0=2302 n1=274 prims=61046 bb=160,1120,0,694
[OTT] walkUs=2355 texUs=124 emitUs=682 submitUs=203 otherUs=1343 prims=394 usPerPrim=5
[FT] avgMs=16 worstMs=44 gameMs=11 drawMs=5 swapWait=0ms draws=70 decodes=0 decMs=0
[OTS] f=366480 calls=2 n0=2299 n1=274 prims=61190 bb=160,1120,0,694
[OTT] walkUs=2359 texUs=123 emitUs=679 submitUs=349 otherUs=1206 prims=391 usPerPrim=6
[SH-XBOX] vblank 366600
[MEM] tick: free=4016KB (1004 pages)
[FT] avgMs=16 worstMs=45 gameMs=11 drawMs=5 swapWait=0ms draws=71 decodes=0 decMs=0
[OTS] f=366600 calls=2 n0=2300 n1=274 prims=61000 bb=160,1120,0,694
[OTT] walkUs=1802 texUs=123 emitUs=684 submitUs=248 otherUs=745 prims=392 usPerPrim=4
[FT] avgMs=16 worstMs=54 gameMs=11 drawMs=5 swapWait=0ms draws=71 decodes=0 decMs=0
[OTS] f=366720 calls=2 n0=2301 n1=274 prims=61360 bb=160,1120,0,694
[OTT] walkUs=2177 texUs=124 emitUs=693 submitUs=298 otherUs=1060 prims=393 usPerPrim=5
[FT] avgMs=16 worstMs=49 gameMs=11 drawMs=5 swapWait=0ms draws=71 decodes=0 decMs=0
[OTS] f=366840 calls=2 n0=2302 n1=274 prims=61018 bb=160,1120,0,694
[OTT] walkUs=2253 texUs=128 emitUs=686 submitUs=185 otherUs=1253 prims=394 usPerPrim=5
[FT] avgMs=16 worstMs=45 gameMs=11 drawMs=5 swapWait=0ms draws=70 decodes=0 decMs=0
[OTS] f=366960 calls=2 n0=2298 n1=274 prims=61215 bb=160,1120,0,694
[OTT] walkUs=1846 texUs=125 emitUs=682 submitUs=191 otherUs=847 prims=390 usPerPrim=4
[FT] avgMs=16 worstMs=46 gameMs=11 drawMs=5 swapWait=0ms draws=70 decodes=0 decMs=0
[OTS] f=367080 calls=2 n0=2299 n1=274 prims=60996 bb=160,1120,0,694
[OTT] walkUs=2267 texUs=127 emitUs=676 submitUs=510 otherUs=952 prims=391 usPerPrim=5
[SH-XBOX] vblank 367200
[MEM] tick: free=4016KB (1004 pages)
[FT] avgMs=16 worstMs=52 gameMs=11 drawMs=5 swapWait=0ms draws=71 decodes=0 decMs=0
[OTS] f=367200 calls=2 n0=2302 n1=274 prims=61315 bb=160,1120,0,694
[OTT] walkUs=1882 texUs=125 emitUs=689 submitUs=194 otherUs=874 prims=394 usPerPrim=4
[FT] avgMs=16 worstMs=49 gameMs=11 drawMs=5 swapWait=0ms draws=70 decodes=0 decMs=0
[OTS] f=367320 calls=2 n0=2300 n1=274 prims=60955 bb=160,1120,0,694
[OTT] walkUs=2198 texUs=124 emitUs=679 submitUs=176 otherUs=1217 prims=392 usPerPrim=5
[FT] avgMs=16 worstMs=45 gameMs=11 drawMs=5 swapWait=0ms draws=71 decodes=0 decMs=0
[OTS] f=367440 calls=2 n0=2303 n1=274 prims=61237 bb=160,1120,0,694
[OTT] walkUs=1936 texUs=129 emitUs=685 submitUs=252 otherUs=868 prims=395 usPerPrim=4
[FT] avgMs=16 worstMs=46 gameMs=11 drawMs=5 swapWait=0ms draws=70 decodes=0 decMs=0
[OTS] f=367560 calls=2 n0=2294 n1=274 prims=61125 bb=160,1120,0,694
[OTT] walkUs=2059 texUs=123 emitUs=662 submitUs=180 otherUs=1092 prims=386 usPerPrim=5
[FT] avgMs=16 worstMs=53 gameMs=11 drawMs=5 swapWait=0ms draws=70 decodes=0 decMs=0
[OTS] f=367680 calls=2 n0=2302 n1=274 prims=61086 bb=160,1120,0,694
[OTT] walkUs=2075 texUs=125 emitUs=686 submitUs=219 otherUs=1043 prims=394 usPerPrim=5
[SH-XBOX] vblank 367800
[MEM] tick: free=4016KB (1004 pages)
[FT] avgMs=17 worstMs=72 gameMs=11 drawMs=5 swapWait=0ms draws=71 decodes=0 decMs=0
[OTS] f=367800 calls=2 n0=2296 n1=274 prims=61205 bb=160,1120,0,694
[OTT] walkUs=2023 texUs=122 emitUs=673 submitUs=277 otherUs=949 prims=388 usPerPrim=5
[FT] avgMs=16 worstMs=17 gameMs=11 drawMs=5 swapWait=0ms draws=70 decodes=0 decMs=0
[OTS] f=367920 calls=2 n0=2296 n1=274 prims=61024 bb=160,1120,0,694
[OTT] walkUs=2226 texUs=123 emitUs=667 submitUs=175 otherUs=1260 prims=388 usPerPrim=5
[FT] avgMs=16 worstMs=46 gameMs=11 drawMs=5 swapWait=0ms draws=70 decodes=0 decMs=0
[OTS] f=368040 calls=2 n0=2297 n1=274 prims=61262 bb=160,1120,0,694
[OTT] walkUs=2040 texUs=123 emitUs=674 submitUs=323 otherUs=919 prims=389 usPerPrim=5
[FT] avgMs=16 worstMs=53 gameMs=11 drawMs=5 swapWait=0ms draws=70 decodes=0 decMs=0
[OTS] f=368160 calls=2 n0=2303 n1=274 prims=60934 bb=160,1120,0,694
[OTT] walkUs=2210 texUs=128 emitUs=685 submitUs=192 otherUs=1204 prims=395 usPerPrim=5
[FT] avgMs=16 worstMs=49 gameMs=11 drawMs=5 swapWait=0ms draws=71 decodes=0 decMs=0
[OTS] f=368280 calls=2 n0=2300 n1=274 prims=61294 bb=160,1120,0,694
[OTT] walkUs=2087 texUs=129 emitUs=679 submitUs=267 otherUs=1010 prims=392 usPerPrim=5
[SH-XBOX] vblank 368400
[MEM] tick: free=4016KB (1004 pages)
[FT] avgMs=16 worstMs=44 gameMs=11 drawMs=5 swapWait=0ms draws=70 decodes=0 decMs=0
[OTS] f=368400 calls=2 n0=2299 n1=274 prims=60989 bb=160,1120,0,694
[OTT] walkUs=2200 texUs=124 emitUs=675 submitUs=220 otherUs=1179 prims=391 usPerPrim=5
[FT] avgMs=16 worstMs=46 gameMs=11 drawMs=5 swapWait=0ms draws=70 decodes=0 decMs=0
[OTS] f=368520 calls=2 n0=2301 n1=274 prims=61268 bb=160,1120,0,694
[OTT] walkUs=2129 texUs=124 emitUs=680 submitUs=404 otherUs=920 prims=393 usPerPrim=5
[FT] avgMs=16 worstMs=53 gameMs=11 drawMs=5 swapWait=0ms draws=71 decodes=0 decMs=0
[OTS] f=368640 calls=2 n0=2301 n1=274 prims=60990 bb=160,1120,0,694
[OTT] walkUs=2153 texUs=125 emitUs=689 submitUs=340 otherUs=997 prims=393 usPerPrim=5
[FT] avgMs=16 worstMs=49 gameMs=11 drawMs=5 swapWait=1ms draws=70 decodes=0 decMs=0
[OTS] f=368760 calls=2 n0=2300 n1=274 prims=61226 bb=160,1120,0,694
[OTT] walkUs=2288 texUs=124 emitUs=674 submitUs=364 otherUs=1124 prims=392 usPerPrim=5
[FT] avgMs=16 worstMs=44 gameMs=11 drawMs=5 swapWait=0ms draws=70 decodes=0 decMs=0
[OTS] f=368880 calls=2 n0=2299 n1=274 prims=61000 bb=160,1120,0,694
[OTT] walkUs=2271 texUs=123 emitUs=676 submitUs=410 otherUs=1060 prims=391 usPerPrim=5
[SH-XBOX] vblank 369000
[MEM] tick: free=4016KB (1004 pages)
[FT] avgMs=16 worstMs=46 gameMs=11 drawMs=5 swapWait=1ms draws=71 decodes=0 decMs=0
[OTS] f=369000 calls=2 n0=2300 n1=274 prims=61334 bb=160,1120,0,694
[OTT] walkUs=2347 texUs=124 emitUs=687 submitUs=186 otherUs=1347 prims=392 usPerPrim=5
[FT] avgMs=16 worstMs=54 gameMs=11 drawMs=5 swapWait=0ms draws=70 decodes=0 decMs=0
[OTS] f=369120 calls=2 n0=2298 n1=274 prims=60936 bb=160,1120,0,694
[OTT] walkUs=2322 texUs=123 emitUs=676 submitUs=265 otherUs=1256 prims=390 usPerPrim=5
[FT] avgMs=16 worstMs=49 gameMs=11 drawMs=5 swapWait=0ms draws=71 decodes=0 decMs=0
[OTS] f=369240 calls=2 n0=2301 n1=274 prims=61249 bb=160,1120,0,694
[OTT] walkUs=2270 texUs=124 emitUs=684 submitUs=319 otherUs=1141 prims=393 usPerPrim=5
[FT] avgMs=16 worstMs=45 gameMs=11 drawMs=5 swapWait=0ms draws=71 decodes=0 decMs=0
[OTS] f=369360 calls=2 n0=2297 n1=274 prims=61114 bb=160,1120,0,694
[OTT] walkUs=2163 texUs=123 emitUs=671 submitUs=278 otherUs=1089 prims=389 usPerPrim=5
[FT] avgMs=16 worstMs=46 gameMs=11 drawMs=5 swapWait=0ms draws=71 decodes=0 decMs=0
[OTS] f=369480 calls=2 n0=2304 n1=274 prims=61225 bb=160,1120,0,694
[OTT] walkUs=2185 texUs=125 emitUs=690 submitUs=411 otherUs=958 prims=396 usPerPrim=5
[SH-XBOX] vblank 369600
[MEM] tick: free=4016KB (1004 pages)
[FT] avgMs=16 worstMs=52 gameMs=11 drawMs=5 swapWait=0ms draws=70 decodes=0 decMs=0
[OTS] f=369600 calls=2 n0=2297 n1=274 prims=61048 bb=160,1120,0,694
[OTT] walkUs=2098 texUs=124 emitUs=671 submitUs=177 otherUs=1125 prims=389 usPerPrim=5
[FT] avgMs=16 worstMs=49 gameMs=11 drawMs=5 swapWait=0ms draws=71 decodes=0 decMs=0
[OTS] f=369720 calls=2 n0=2302 n1=274 prims=61162 bb=160,1120,0,694
[OTT] walkUs=2188 texUs=124 emitUs=682 submitUs=421 otherUs=959 prims=394 usPerPrim=5
[FT] avgMs=16 worstMs=18 gameMs=11 drawMs=5 swapWait=0ms draws=71 decodes=0 decMs=0
[OTS] f=369840 calls=2 n0=2296 n1=274 prims=61255 bb=160,1120,0,694
[OTT] walkUs=2105 texUs=123 emitUs=671 submitUs=188 otherUs=1122 prims=388 usPerPrim=5
[FT] avgMs=16 worstMs=52 gameMs=11 drawMs=5 swapWait=0ms draws=70 decodes=0 decMs=0
[OTS] f=369960 calls=2 n0=2303 n1=274 prims=60962 bb=160,1120,0,694
[OTT] walkUs=2284 texUs=125 emitUs=691 submitUs=236 otherUs=1231 prims=395 usPerPrim=5
[FT] avgMs=16 worstMs=47 gameMs=11 drawMs=5 swapWait=0ms draws=71 decodes=0 decMs=0
[OTS] f=370080 calls=2 n0=2300 n1=274 prims=61284 bb=160,1120,0,694
[OTT] walkUs=2086 texUs=124 emitUs=678 submitUs=244 otherUs=1039 prims=392 usPerPrim=5
[SH-XBOX] vblank 370200
[MEM] tick: free=4016KB (1004 pages)
[FT] avgMs=16 worstMs=43 gameMs=11 drawMs=5 swapWait=0ms draws=70 decodes=0 decMs=0
[OTS] f=370200 calls=2 n0=2300 n1=274 prims=60980 bb=160,1120,0,694
[OTT] walkUs=2211 texUs=126 emitUs=677 submitUs=408 otherUs=998 prims=392 usPerPrim=5
[FT] avgMs=16 worstMs=44 gameMs=11 drawMs=5 swapWait=0ms draws=70 decodes=0 decMs=0
[OTS] f=370320 calls=2 n0=2299 n1=274 prims=61274 bb=160,1120,0,694
[OTT] walkUs=2098 texUs=123 emitUs=679 submitUs=196 otherUs=1097 prims=391 usPerPrim=5
[FT] avgMs=16 worstMs=46 gameMs=11 drawMs=5 swapWait=0ms draws=71 decodes=0 decMs=0
[OTS] f=370440 calls=2 n0=2300 n1=274 prims=61000 bb=160,1120,0,694
[OTT] walkUs=2028 texUs=123 emitUs=683 submitUs=325 otherUs=896 prims=392 usPerPrim=5
[FT] avgMs=16 worstMs=53 gameMs=11 drawMs=5 swapWait=0ms draws=70 decodes=0 decMs=0
[OTS] f=370560 calls=2 n0=2301 n1=274 prims=61202 bb=160,1120,0,694
[OTT] walkUs=2126 texUs=125 emitUs=684 submitUs=231 otherUs=1085 prims=393 usPerPrim=5
[FT] avgMs=16 worstMs=49 gameMs=11 drawMs=5 swapWait=0ms draws=71 decodes=0 decMs=0
[OTS] f=370680 calls=2 n0=2301 n1=274 prims=61023 bb=160,1120,0,694
[OTT] walkUs=2007 texUs=126 emitUs=679 submitUs=260 otherUs=941 prims=393 usPerPrim=5
[SH-XBOX] vblank 370800
[MEM] tick: free=4016KB (1004 pages)
[FT] avgMs=16 worstMs=45 gameMs=11 drawMs=5 swapWait=0ms draws=70 decodes=0 decMs=0
[OTS] f=370800 calls=2 n0=2300 n1=274 prims=61213 bb=160,1120,0,694
[OTT] walkUs=2305 texUs=124 emitUs=678 submitUs=278 otherUs=1224 prims=392 usPerPrim=5
[FT] avgMs=16 worstMs=46 gameMs=11 drawMs=5 swapWait=0ms draws=71 decodes=0 decMs=0
[OTS] f=370920 calls=2 n0=2299 n1=274 prims=61022 bb=160,1120,0,694
[OTT] walkUs=2086 texUs=124 emitUs=677 submitUs=225 otherUs=1059 prims=391 usPerPrim=5
[FT] avgMs=16 worstMs=53 gameMs=11 drawMs=5 swapWait=1ms draws=70 decodes=0 decMs=0
[OTS] f=371040 calls=2 n0=2300 n1=274 prims=61215 bb=160,1120,0,694
[OTT] walkUs=2154 texUs=125 emitUs=688 submitUs=235 otherUs=1105 prims=392 usPerPrim=5
[FT] avgMs=16 worstMs=49 gameMs=11 drawMs=5 swapWait=0ms draws=70 decodes=0 decMs=0
[OTS] f=371160 calls=2 n0=2299 n1=274 prims=61043 bb=160,1120,0,694
[OTT] walkUs=2433 texUs=123 emitUs=673 submitUs=388 otherUs=1247 prims=391 usPerPrim=6
[FT] avgMs=16 worstMs=45 gameMs=11 drawMs=5 swapWait=0ms draws=71 decodes=0 decMs=0
[OTS] f=371280 calls=2 n0=2303 n1=274 prims=61249 bb=160,1120,0,694
[OTT] walkUs=2154 texUs=125 emitUs=693 submitUs=190 otherUs=1144 prims=395 usPerPrim=5
[SH-XBOX] vblank 371400
[MEM] tick: free=4016KB (1004 pages)
[FT] avgMs=16 worstMs=46 gameMs=11 drawMs=5 swapWait=0ms draws=70 decodes=0 decMs=0
[OTS] f=371400 calls=2 n0=2297 n1=274 prims=61010 bb=160,1120,0,694
[OTT] walkUs=2200 texUs=122 emitUs=670 submitUs=188 otherUs=1218 prims=389 usPerPrim=5
[FT] avgMs=16 worstMs=54 gameMs=11 drawMs=5 swapWait=0ms draws=71 decodes=0 decMs=0
[OTS] f=371520 calls=2 n0=2302 n1=274 prims=61172 bb=160,1120,0,694
[OTT] walkUs=2211 texUs=124 emitUs=685 submitUs=232 otherUs=1167 prims=394 usPerPrim=5
[FT] avgMs=16 worstMs=49 gameMs=11 drawMs=5 swapWait=0ms draws=71 decodes=0 decMs=0
[OTS] f=371640 calls=2 n0=2296 n1=274 prims=61235 bb=160,1120,0,694
[OTT] walkUs=2197 texUs=123 emitUs=671 submitUs=193 otherUs=1209 prims=388 usPerPrim=5
[FT] avgMs=16 worstMs=45 gameMs=11 drawMs=5 swapWait=0ms draws=70 decodes=0 decMs=0
[OTS] f=371760 calls=2 n0=2298 n1=274 prims=60998 bb=160,1120,0,694
[OTT] walkUs=2152 texUs=123 emitUs=672 submitUs=268 otherUs=1088 prims=390 usPerPrim=5
[FT] avgMs=16 worstMs=18 gameMs=11 drawMs=5 swapWait=1ms draws=71 decodes=0 decMs=0
[OTS] f=371880 calls=2 n0=2298 n1=274 prims=61266 bb=160,1120,0,694
[OTT] walkUs=2297 texUs=123 emitUs=678 submitUs=299 otherUs=1196 prims=390 usPerPrim=5
[SH-XBOX] vblank 372000
[MEM] tick: free=4016KB (1004 pages)
[FT] avgMs=16 worstMs=53 gameMs=11 drawMs=5 swapWait=0ms draws=71 decodes=0 decMs=0
[OTS] f=372000 calls=2 n0=2303 n1=274 prims=61054 bb=160,1120,0,694
[OTT] walkUs=2215 texUs=126 emitUs=691 submitUs=279 otherUs=1118 prims=395 usPerPrim=5
[FT] avgMs=16 worstMs=49 gameMs=11 drawMs=5 swapWait=0ms draws=71 decodes=0 decMs=0
[OTS] f=372120 calls=2 n0=2300 n1=274 prims=61324 bb=160,1120,0,694
[OTT] walkUs=2360 texUs=123 emitUs=682 submitUs=187 otherUs=1366 prims=392 usPerPrim=6
[FT] avgMs=16 worstMs=45 gameMs=11 drawMs=5 swapWait=0ms draws=70 decodes=0 decMs=0
[OTS] f=372240 calls=2 n0=2301 n1=274 prims=60899 bb=160,1120,0,694
[OTT] walkUs=2310 texUs=124 emitUs=685 submitUs=399 otherUs=1101 prims=393 usPerPrim=5
[FT] avgMs=16 worstMs=46 gameMs=11 drawMs=5 swapWait=0ms draws=71 decodes=0 decMs=0
[OTS] f=372360 calls=2 n0=2301 n1=274 prims=61328 bb=160,1120,0,694
[OTT] walkUs=2147 texUs=128 emitUs=680 submitUs=191 otherUs=1146 prims=393 usPerPrim=5
[FT] avgMs=16 worstMs=54 gameMs=11 drawMs=5 swapWait=0ms draws=70 decodes=0 decMs=0
[OTS] f=372480 calls=2 n0=2298 n1=274 prims=60994 bb=160,1120,0,694
[OTT] walkUs=2021 texUs=127 emitUs=671 submitUs=199 otherUs=1023 prims=390 usPerPrim=5
[SH-XBOX] vblank 372600
[MEM] tick: free=4016KB (1004 pages)
[FT] avgMs=16 worstMs=49 gameMs=11 drawMs=5 swapWait=0ms draws=70 decodes=0 decMs=0
[OTS] f=372600 calls=2 n0=2302 n1=274 prims=61242 bb=160,1120,0,694
[OTT] walkUs=2376 texUs=125 emitUs=685 submitUs=366 otherUs=1198 prims=394 usPerPrim=6
[FT] avgMs=16 worstMs=45 gameMs=11 drawMs=5 swapWait=0ms draws=71 decodes=0 decMs=0
[OTS] f=372720 calls=2 n0=2300 n1=274 prims=61006 bb=160,1120,0,694
[OTT] walkUs=2029 texUs=124 emitUs=679 submitUs=274 otherUs=951 prims=392 usPerPrim=5
[FT] avgMs=16 worstMs=46 gameMs=11 drawMs=5 swapWait=0ms draws=70 decodes=0 decMs=0
[OTS] f=372840 calls=2 n0=2298 n1=274 prims=61219 bb=160,1120,0,694
[OTT] walkUs=2196 texUs=124 emitUs=668 submitUs=172 otherUs=1231 prims=390 usPerPrim=5
[FT] avgMs=16 worstMs=54 gameMs=11 drawMs=5 swapWait=0ms draws=70 decodes=0 decMs=0
[OTS] f=372960 calls=2 n0=2297 n1=274 prims=61046 bb=160,1120,0,694
[OTT] walkUs=2226 texUs=122 emitUs=668 submitUs=289 otherUs=1146 prims=389 usPerPrim=5
[FT] avgMs=16 worstMs=49 gameMs=11 drawMs=5 swapWait=0ms draws=71 decodes=0 decMs=0
[OTS] f=373080 calls=2 n0=2301 n1=274 prims=61257 bb=160,1120,0,694
[OTT] walkUs=2246 texUs=125 emitUs=684 submitUs=187 otherUs=1249 prims=393 usPerPrim=5
[SH-XBOX] vblank 373200
[MEM] tick: free=4016KB (1004 pages)
[FT] avgMs=16 worstMs=44 gameMs=11 drawMs=5 swapWait=0ms draws=70 decodes=0 decMs=0
[OTS] f=373200 calls=2 n0=2298 n1=274 prims=60973 bb=160,1120,0,694
[OTT] walkUs=2021 texUs=123 emitUs=677 submitUs=223 otherUs=997 prims=390 usPerPrim=5
[FT] avgMs=16 worstMs=46 gameMs=11 drawMs=5 swapWait=0ms draws=70 decodes=0 decMs=0
[OTS] f=373320 calls=2 n0=2302 n1=274 prims=61187 bb=160,1120,0,694
[OTT] walkUs=1925 texUs=125 emitUs=684 submitUs=303 otherUs=810 prims=394 usPerPrim=4
[FT] avgMs=16 worstMs=53 gameMs=11 drawMs=5 swapWait=0ms draws=70 decodes=0 decMs=0
[OTS] f=373440 calls=2 n0=2297 n1=274 prims=61100 bb=160,1120,0,694
[OTT] walkUs=2003 texUs=123 emitUs=671 submitUs=220 otherUs=988 prims=389 usPerPrim=5
[FT] avgMs=16 worstMs=50 gameMs=11 drawMs=5 swapWait=1ms draws=71 decodes=0 decMs=0
[OTS] f=373560 calls=2 n0=2302 n1=274 prims=61162 bb=160,1120,0,694
[OTT] walkUs=2125 texUs=125 emitUs=682 submitUs=198 otherUs=1118 prims=394 usPerPrim=5
[FT] avgMs=16 worstMs=45 gameMs=11 drawMs=5 swapWait=0ms draws=70 decodes=0 decMs=0
[OTS] f=373680 calls=2 n0=2295 n1=274 prims=61127 bb=160,1120,0,694
[OTT] walkUs=2176 texUs=126 emitUs=667 submitUs=342 otherUs=1039 prims=387 usPerPrim=5
[SH-XBOX] vblank 373800
[MEM] tick: free=4016KB (1004 pages)
[FT] avgMs=16 worstMs=17 gameMs=11 drawMs=5 swapWait=0ms draws=70 decodes=0 decMs=0
[OTS] f=373800 calls=2 n0=2302 n1=274 prims=61063 bb=160,1120,0,694
[OTT] walkUs=2164 texUs=128 emitUs=684 submitUs=359 otherUs=992 prims=394 usPerPrim=5
[FT] avgMs=16 worstMs=48 gameMs=11 drawMs=5 swapWait=0ms draws=71 decodes=0 decMs=0
[OTS] f=373920 calls=2 n0=2300 n1=274 prims=61311 bb=160,1120,0,694
[OTT] walkUs=2405 texUs=124 emitUs=678 submitUs=411 otherUs=1190 prims=392 usPerPrim=6
[FT] avgMs=16 worstMs=44 gameMs=11 drawMs=5 swapWait=0ms draws=70 decodes=0 decMs=0
[OTS] f=374040 calls=2 n0=2302 n1=274 prims=60906 bb=160,1120,0,694
[OTT] walkUs=2254 texUs=124 emitUs=687 submitUs=290 otherUs=1150 prims=394 usPerPrim=5
[FT] avgMs=16 worstMs=45 gameMs=11 drawMs=5 swapWait=0ms draws=71 decodes=0 decMs=0
[OTS] f=374160 calls=2 n0=2299 n1=274 prims=61318 bb=160,1120,0,694
[OTT] walkUs=2162 texUs=123 emitUs=677 submitUs=291 otherUs=1068 prims=391 usPerPrim=5
[FT] avgMs=16 worstMs=52 gameMs=11 drawMs=5 swapWait=0ms draws=70 decodes=0 decMs=0
[OTS] f=374280 calls=2 n0=2297 n1=274 prims=60992 bb=160,1120,0,694
[OTT] walkUs=2180 texUs=123 emitUs=666 submitUs=273 otherUs=1116 prims=389 usPerPrim=5
[SH-XBOX] vblank 374400
[MEM] tick: free=4016KB (1004 pages)
[FT] avgMs=16 worstMs=47 gameMs=11 drawMs=5 swapWait=0ms draws=70 decodes=0 decMs=0
[OTS] f=374400 calls=2 n0=2301 n1=274 prims=61240 bb=160,1120,0,694
[OTT] walkUs=2268 texUs=125 emitUs=683 submitUs=436 otherUs=1023 prims=393 usPerPrim=5
[FT] avgMs=16 worstMs=43 gameMs=11 drawMs=5 swapWait=0ms draws=71 decodes=0 decMs=0
[OTS] f=374520 calls=2 n0=2302 n1=274 prims=61017 bb=160,1120,0,694
[OTT] walkUs=2277 texUs=125 emitUs=687 submitUs=197 otherUs=1267 prims=394 usPerPrim=5
[FT] avgMs=16 worstMs=44 gameMs=11 drawMs=5 swapWait=0ms draws=71 decodes=0 decMs=0
[OTS] f=374640 calls=2 n0=2300 n1=274 prims=61317 bb=160,1120,0,694
[OTT] walkUs=2242 texUs=124 emitUs=678 submitUs=194 otherUs=1245 prims=392 usPerPrim=5
[FT] avgMs=16 worstMs=46 gameMs=11 drawMs=5 swapWait=0ms draws=71 decodes=0 decMs=0
[OTS] f=374760 calls=2 n0=2298 n1=274 prims=61047 bb=160,1120,0,694
[OTT] walkUs=2190 texUs=123 emitUs=675 submitUs=190 otherUs=1200 prims=390 usPerPrim=5
[FT] avgMs=16 worstMs=53 gameMs=11 drawMs=5 swapWait=0ms draws=70 decodes=0 decMs=0
[OTS] f=374880 calls=2 n0=2302 n1=274 prims=61161 bb=160,1120,0,694
[OTT] walkUs=2321 texUs=124 emitUs=683 submitUs=187 otherUs=1325 prims=394 usPerPrim=5
[SH-XBOX] vblank 375000
[MEM] tick: free=4016KB (1004 pages)
[FT] avgMs=16 worstMs=50 gameMs=11 drawMs=5 swapWait=0ms draws=71 decodes=0 decMs=0
[OTS] f=375000 calls=2 n0=2300 n1=274 prims=61083 bb=160,1120,0,694
[OTT] walkUs=2347 texUs=124 emitUs=682 submitUs=192 otherUs=1348 prims=392 usPerPrim=5
[FT] avgMs=16 worstMs=45 gameMs=11 drawMs=5 swapWait=0ms draws=70 decodes=0 decMs=0
[OTS] f=375120 calls=2 n0=2301 n1=274 prims=61199 bb=160,1120,0,694
[OTT] walkUs=2349 texUs=125 emitUs=684 submitUs=187 otherUs=1352 prims=393 usPerPrim=5
[FT] avgMs=16 worstMs=52 gameMs=11 drawMs=5 swapWait=0ms draws=70 decodes=0 decMs=0
[OTS] f=375240 calls=2 n0=2297 n1=274 prims=61078 bb=160,1120,0,694
[OTT] walkUs=2334 texUs=122 emitUs=672 submitUs=198 otherUs=1340 prims=389 usPerPrim=6
[FT] avgMs=16 worstMs=48 gameMs=11 drawMs=5 swapWait=0ms draws=71 decodes=0 decMs=0
[OTS] f=375360 calls=2 n0=2302 n1=274 prims=61172 bb=160,1120,0,694
[OTT] walkUs=1964 texUs=124 emitUs=686 submitUs=190 otherUs=961 prims=394 usPerPrim=4
[FT] avgMs=16 worstMs=43 gameMs=11 drawMs=5 swapWait=1ms draws=70 decodes=0 decMs=0
[OTS] f=375480 calls=2 n0=2294 n1=274 prims=61088 bb=160,1120,0,694
[OTT] walkUs=1945 texUs=122 emitUs=660 submitUs=172 otherUs=989 prims=386 usPerPrim=5
[SH-XBOX] vblank 375600
[MEM] tick: free=4016KB (1004 pages)
[FT] avgMs=17 worstMs=80 gameMs=12 drawMs=5 swapWait=0ms draws=70 decodes=0 decMs=0
[OTS] f=375600 calls=2 n0=2297 n1=274 prims=61122 bb=160,1120,0,694
[OTT] walkUs=2312 texUs=122 emitUs=677 submitUs=325 otherUs=1187 prims=389 usPerPrim=5
[FT] avgMs=16 worstMs=18 gameMs=11 drawMs=5 swapWait=0ms draws=71 decodes=0 decMs=0
[OTS] f=375720 calls=2 n0=2298 n1=274 prims=61290 bb=160,1120,0,694
[OTT] walkUs=1963 texUs=123 emitUs=676 submitUs=202 otherUs=961 prims=390 usPerPrim=5
[FT] avgMs=16 worstMs=48 gameMs=11 drawMs=5 swapWait=0ms draws=70 decodes=0 decMs=0
[OTS] f=375840 calls=2 n0=2303 n1=274 prims=60926 bb=160,1120,0,694
[OTT] walkUs=2260 texUs=128 emitUs=684 submitUs=175 otherUs=1271 prims=395 usPerPrim=5
[FT] avgMs=16 worstMs=43 gameMs=11 drawMs=5 swapWait=0ms draws=70 decodes=0 decMs=0
[OTS] f=375960 calls=2 n0=2298 n1=274 prims=61240 bb=160,1120,0,694
[OTT] walkUs=1991 texUs=125 emitUs=669 submitUs=183 otherUs=1013 prims=390 usPerPrim=5
[FT] avgMs=16 worstMs=45 gameMs=11 drawMs=5 swapWait=0ms draws=70 decodes=0 decMs=0
[OTS] f=376080 calls=2 n0=2300 n1=274 prims=60971 bb=160,1120,0,694
[OTT] walkUs=2215 texUs=124 emitUs=680 submitUs=326 otherUs=1084 prims=392 usPerPrim=5
[SH-XBOX] vblank 376200
[MEM] tick: free=4016KB (1004 pages)
[FT] avgMs=16 worstMs=46 gameMs=11 drawMs=5 swapWait=0ms draws=71 decodes=0 decMs=0
[OTS] f=376200 calls=2 n0=2301 n1=274 prims=61340 bb=160,1120,0,694
[OTT] walkUs=1991 texUs=127 emitUs=686 submitUs=195 otherUs=980 prims=393 usPerPrim=5
[FT] avgMs=16 worstMs=54 gameMs=11 drawMs=5 swapWait=0ms draws=70 decodes=0 decMs=0
[OTS] f=376320 calls=2 n0=2301 n1=274 prims=60862 bb=160,1120,0,694
[OTT] walkUs=2104 texUs=125 emitUs=681 submitUs=377 otherUs=919 prims=393 usPerPrim=5
[FT] avgMs=16 worstMs=49 gameMs=11 drawMs=5 swapWait=0ms draws=71 decodes=0 decMs=0
[OTS] f=376440 calls=2 n0=2302 n1=274 prims=61344 bb=160,1120,0,694
[OTT] walkUs=2072 texUs=125 emitUs=685 submitUs=217 otherUs=1044 prims=394 usPerPrim=5
[FT] avgMs=16 worstMs=45 gameMs=11 drawMs=5 swapWait=0ms draws=71 decodes=0 decMs=0
[OTS] f=376560 calls=2 n0=2300 n1=274 prims=61036 bb=160,1120,0,694
[OTT] walkUs=2125 texUs=124 emitUs=680 submitUs=376 otherUs=944 prims=392 usPerPrim=5
[FT] avgMs=16 worstMs=46 gameMs=11 drawMs=5 swapWait=0ms draws=70 decodes=0 decMs=0
[OTS] f=376680 calls=2 n0=2300 n1=274 prims=61177 bb=160,1120,0,694
[OTT] walkUs=2155 texUs=124 emitUs=679 submitUs=349 otherUs=1002 prims=392 usPerPrim=5
[SH-XBOX] vblank 376800
[MEM] tick: free=4016KB (1004 pages)
[FT] avgMs=16 worstMs=54 gameMs=11 drawMs=5 swapWait=0ms draws=71 decodes=0 decMs=0
[OTS] f=376800 calls=2 n0=2298 n1=274 prims=61064 bb=160,1120,0,694
[OTT] walkUs=2002 texUs=123 emitUs=676 submitUs=206 otherUs=995 prims=390 usPerPrim=5
[FT] avgMs=16 worstMs=50 gameMs=11 drawMs=5 swapWait=0ms draws=70 decodes=0 decMs=0
[OTS] f=376920 calls=2 n0=2299 n1=274 prims=61195 bb=160,1120,0,694
[OTT] walkUs=2206 texUs=128 emitUs=672 submitUs=187 otherUs=1217 prims=391 usPerPrim=5
[FT] avgMs=16 worstMs=44 gameMs=11 drawMs=5 swapWait=0ms draws=70 decodes=0 decMs=0
[OTS] f=377040 calls=2 n0=2298 n1=274 prims=61056 bb=160,1120,0,694
[OTT] walkUs=2245 texUs=125 emitUs=673 submitUs=343 otherUs=1102 prims=390 usPerPrim=5
[FT] avgMs=16 worstMs=46 gameMs=11 drawMs=5 swapWait=0ms draws=71 decodes=0 decMs=0
[OTS] f=377160 calls=2 n0=2304 n1=274 prims=61211 bb=160,1120,0,694
[OTT] walkUs=2305 texUs=125 emitUs=690 submitUs=238 otherUs=1251 prims=396 usPerPrim=5
[FT] avgMs=16 worstMs=54 gameMs=11 drawMs=5 swapWait=0ms draws=71 decodes=0 decMs=0
[OTS] f=377280 calls=2 n0=2297 n1=274 prims=61177 bb=160,1120,0,694
[OTT] walkUs=2247 texUs=131 emitUs=674 submitUs=464 otherUs=976 prims=389 usPerPrim=5
[SH-XBOX] vblank 377400
[MEM] tick: free=4016KB (1004 pages)
[FT] avgMs=16 worstMs=50 gameMs=11 drawMs=5 swapWait=0ms draws=71 decodes=0 decMs=0
[OTS] f=377400 calls=2 n0=2301 n1=274 prims=61172 bb=160,1120,0,694
[OTT] walkUs=2282 texUs=129 emitUs=682 submitUs=203 otherUs=1267 prims=393 usPerPrim=5
[FT] avgMs=16 worstMs=45 gameMs=11 drawMs=5 swapWait=0ms draws=70 decodes=0 decMs=0
[OTS] f=377520 calls=2 n0=2297 n1=274 prims=61121 bb=160,1120,0,694
[OTT] walkUs=2319 texUs=122 emitUs=671 submitUs=442 otherUs=1082 prims=389 usPerPrim=5
[FT] avgMs=16 worstMs=53 gameMs=11 drawMs=5 swapWait=0ms draws=71 decodes=0 decMs=0
[OTS] f=377640 calls=2 n0=2303 n1=274 prims=61087 bb=160,1120,0,694
[OTT] walkUs=2353 texUs=126 emitUs=690 submitUs=611 otherUs=925 prims=395 usPerPrim=5
[FT] avgMs=16 worstMs=18 gameMs=11 drawMs=5 swapWait=0ms draws=70 decodes=0 decMs=0
[OTS] f=377760 calls=2 n0=2298 n1=274 prims=61213 bb=160,1120,0,694
[OTT] walkUs=2274 texUs=125 emitUs=686 submitUs=231 otherUs=1230 prims=390 usPerPrim=5
[FT] avgMs=16 worstMs=44 gameMs=11 drawMs=5 swapWait=0ms draws=70 decodes=0 decMs=0
[OTS] f=377880 calls=2 n0=2301 n1=274 prims=60999 bb=160,1120,0,694
[OTT] walkUs=2337 texUs=124 emitUs=677 submitUs=247 otherUs=1286 prims=393 usPerPrim=5
[SH-XBOX] vblank 378000
[MEM] tick: free=4016KB (1004 pages)
[FT] avgMs=16 worstMs=45 gameMs=11 drawMs=5 swapWait=0ms draws=71 decodes=0 decMs=0
[OTS] f=378000 calls=2 n0=2299 n1=274 prims=61325 bb=160,1120,0,694
[OTT] walkUs=1785 texUs=124 emitUs=685 submitUs=185 otherUs=789 prims=391 usPerPrim=4
[FT] avgMs=16 worstMs=53 gameMs=11 drawMs=5 swapWait=0ms draws=70 decodes=0 decMs=0
[OTS] f=378120 calls=2 n0=2300 n1=274 prims=60872 bb=160,1120,0,694
[OTT] walkUs=2211 texUs=124 emitUs=678 submitUs=422 otherUs=985 prims=392 usPerPrim=5
[FT] avgMs=16 worstMs=47 gameMs=11 drawMs=5 swapWait=0ms draws=71 decodes=0 decMs=0
[OTS] f=378240 calls=2 n0=2301 n1=274 prims=61330 bb=160,1120,0,694
[OTT] walkUs=1876 texUs=123 emitUs=680 submitUs=232 otherUs=839 prims=393 usPerPrim=4
[FT] avgMs=16 worstMs=44 gameMs=11 drawMs=5 swapWait=0ms draws=71 decodes=0 decMs=0
[OTS] f=378360 calls=2 n0=2302 n1=274 prims=61047 bb=160,1120,0,694
[OTT] walkUs=1863 texUs=128 emitUs=686 submitUs=205 otherUs=843 prims=394 usPerPrim=4
[FT] avgMs=16 worstMs=45 gameMs=11 drawMs=5 swapWait=0ms draws=70 decodes=0 decMs=0
[OTS] f=378480 calls=2 n0=2300 n1=274 prims=61189 bb=160,1120,0,694
[OTT] walkUs=2046 texUs=124 emitUs=682 submitUs=243 otherUs=996 prims=392 usPerPrim=5
[SH-XBOX] vblank 378600
[MEM] tick: free=4016KB (1004 pages)
[FT] avgMs=16 worstMs=47 gameMs=11 drawMs=5 swapWait=0ms draws=70 decodes=0 decMs=0
[OTS] f=378600 calls=2 n0=2297 n1=274 prims=60935 bb=160,1120,0,694
[OTT] walkUs=2028 texUs=127 emitUs=666 submitUs=175 otherUs=1058 prims=389 usPerPrim=5
[FT] avgMs=16 worstMs=54 gameMs=11 drawMs=5 swapWait=0ms draws=70 decodes=0 decMs=0
[OTS] f=378720 calls=2 n0=2301 n1=274 prims=61245 bb=160,1120,0,694
[OTT] walkUs=2249 texUs=124 emitUs=681 submitUs=179 otherUs=1263 prims=393 usPerPrim=5
[FT] avgMs=16 worstMs=50 gameMs=11 drawMs=5 swapWait=0ms draws=71 decodes=0 decMs=0
[OTS] f=378840 calls=2 n0=2300 n1=274 prims=61111 bb=160,1120,0,694
[OTT] walkUs=1983 texUs=123 emitUs=682 submitUs=255 otherUs=921 prims=392 usPerPrim=5
[FT] avgMs=16 worstMs=45 gameMs=11 drawMs=5 swapWait=0ms draws=70 decodes=0 decMs=0
[OTS] f=378960 calls=2 n0=2303 n1=274 prims=61108 bb=160,1120,0,694
[OTT] walkUs=2183 texUs=126 emitUs=689 submitUs=181 otherUs=1186 prims=395 usPerPrim=5
[FT] avgMs=16 worstMs=52 gameMs=11 drawMs=5 swapWait=0ms draws=71 decodes=0 decMs=0
[OTS] f=379080 calls=2 n0=2297 n1=274 prims=61138 bb=160,1120,0,694
[OTT] walkUs=2144 texUs=128 emitUs=677 submitUs=397 otherUs=941 prims=389 usPerPrim=5
[SH-XBOX] vblank 379200
[MEM] tick: free=4016KB (1004 pages)
[FT] avgMs=16 worstMs=47 gameMs=11 drawMs=5 swapWait=0ms draws=70 decodes=0 decMs=0
[OTS] f=379200 calls=2 n0=2299 n1=274 prims=61180 bb=160,1120,0,694
[OTT] walkUs=2068 texUs=124 emitUs=672 submitUs=245 otherUs=1025 prims=391 usPerPrim=5
[FT] avgMs=16 worstMs=43 gameMs=11 drawMs=5 swapWait=0ms draws=70 decodes=0 decMs=0
[OTS] f=379320 calls=2 n0=2296 n1=274 prims=61100 bb=160,1120,0,694
[OTT] walkUs=2061 texUs=125 emitUs=668 submitUs=182 otherUs=1084 prims=388 usPerPrim=5
[FT] avgMs=16 worstMs=44 gameMs=11 drawMs=5 swapWait=0ms draws=71 decodes=0 decMs=0
[OTS] f=379440 calls=2 n0=2298 n1=274 prims=61126 bb=160,1120,0,694
[OTT] walkUs=1943 texUs=124 emitUs=678 submitUs=253 otherUs=887 prims=390 usPerPrim=4
[FT] avgMs=16 worstMs=52 gameMs=11 drawMs=5 swapWait=0ms draws=70 decodes=0 decMs=0
[OTS] f=379560 calls=2 n0=2296 n1=274 prims=61181 bb=160,1120,0,694
[OTT] walkUs=2150 texUs=123 emitUs=673 submitUs=278 otherUs=1075 prims=388 usPerPrim=5
[FT] avgMs=16 worstMs=17 gameMs=11 drawMs=5 swapWait=0ms draws=70 decodes=0 decMs=0
[OTS] f=379680 calls=2 n0=2302 n1=274 prims=61038 bb=160,1120,0,694
[OTT] walkUs=1992 texUs=125 emitUs=686 submitUs=335 otherUs=845 prims=394 usPerPrim=5
[SH-XBOX] vblank 379800
[MEM] tick: free=4016KB (1004 pages)
[FT] avgMs=16 worstMs=44 gameMs=11 drawMs=5 swapWait=0ms draws=71 decodes=0 decMs=0
[OTS] f=379800 calls=2 n0=2300 n1=274 prims=61298 bb=160,1120,0,694
[OTT] walkUs=2391 texUs=124 emitUs=681 submitUs=405 otherUs=1180 prims=392 usPerPrim=6
[FT] avgMs=16 worstMs=45 gameMs=11 drawMs=5 swapWait=0ms draws=71 decodes=0 decMs=0
[OTS] f=379920 calls=2 n0=2301 n1=274 prims=61027 bb=160,1120,0,694
[OTT] walkUs=2211 texUs=124 emitUs=686 submitUs=224 otherUs=1176 prims=393 usPerPrim=5
[FT] avgMs=16 worstMs=53 gameMs=11 drawMs=5 swapWait=0ms draws=70 decodes=0 decMs=0
[OTS] f=380040 calls=2 n0=2299 n1=274 prims=61306 bb=160,1120,0,694
[OTT] walkUs=2213 texUs=124 emitUs=671 submitUs=225 otherUs=1192 prims=391 usPerPrim=5
[FT] avgMs=16 worstMs=48 gameMs=11 drawMs=5 swapWait=0ms draws=70 decodes=0 decMs=0
[OTS] f=380160 calls=2 n0=2301 n1=274 prims=60914 bb=160,1120,0,694
[OTT] walkUs=2252 texUs=124 emitUs=684 submitUs=188 otherUs=1254 prims=393 usPerPrim=5
[FT] avgMs=16 worstMs=44 gameMs=11 drawMs=5 swapWait=0ms draws=71 decodes=0 decMs=0
[OTS] f=380280 calls=2 n0=2302 n1=274 prims=61344 bb=160,1120,0,694
[OTT] walkUs=2185 texUs=125 emitUs=686 submitUs=229 otherUs=1143 prims=394 usPerPrim=5
[SH-XBOX] vblank 380400
[MEM] tick: free=4016KB (1004 pages)
[FT] avgMs=16 worstMs=45 gameMs=11 drawMs=5 swapWait=0ms draws=70 decodes=0 decMs=0
[OTS] f=380400 calls=2 n0=2298 n1=274 prims=60904 bb=160,1120,0,694
[OTT] walkUs=2130 texUs=125 emitUs=668 submitUs=188 otherUs=1147 prims=390 usPerPrim=5
[FT] avgMs=16 worstMs=52 gameMs=11 drawMs=5 swapWait=0ms draws=70 decodes=0 decMs=0
[OTS] f=380520 calls=2 n0=2299 n1=274 prims=61285 bb=160,1120,0,694
[OTT] walkUs=2203 texUs=124 emitUs=676 submitUs=254 otherUs=1146 prims=391 usPerPrim=5
[FT] avgMs=16 worstMs=48 gameMs=11 drawMs=5 swapWait=0ms draws=71 decodes=0 decMs=0
[OTS] f=380640 calls=2 n0=2298 n1=274 prims=61088 bb=160,1120,0,694
[OTT] walkUs=2345 texUs=122 emitUs=677 submitUs=444 otherUs=1100 prims=390 usPerPrim=6
[FT] avgMs=16 worstMs=44 gameMs=11 drawMs=5 swapWait=0ms draws=70 decodes=0 decMs=0
[OTS] f=380760 calls=2 n0=2301 n1=274 prims=61121 bb=160,1120,0,694
[OTT] walkUs=2433 texUs=125 emitUs=686 submitUs=798 otherUs=822 prims=393 usPerPrim=6
[FT] avgMs=16 worstMs=44 gameMs=11 drawMs=5 swapWait=1ms draws=71 decodes=0 decMs=0
[OTS] f=380880 calls=2 n0=2298 n1=274 prims=61100 bb=160,1120,0,694
[OTT] walkUs=2253 texUs=122 emitUs=676 submitUs=302 otherUs=1151 prims=390 usPerPrim=5
[SH-XBOX] vblank 381000
[MEM] tick: free=4016KB (1004 pages)
[FT] avgMs=16 worstMs=52 gameMs=11 drawMs=5 swapWait=0ms draws=70 decodes=0 decMs=0
[OTS] f=381000 calls=2 n0=2301 n1=274 prims=61205 bb=160,1120,0,694
[OTT] walkUs=1810 texUs=125 emitUs=677 submitUs=188 otherUs=818 prims=393 usPerPrim=4
[FT] avgMs=16 worstMs=48 gameMs=11 drawMs=5 swapWait=0ms draws=70 decodes=0 decMs=0
[OTS] f=381120 calls=2 n0=2297 n1=274 prims=61082 bb=160,1120,0,694
[OTT] walkUs=2164 texUs=123 emitUs=674 submitUs=450 otherUs=916 prims=389 usPerPrim=5
[FT] avgMs=16 worstMs=43 gameMs=11 drawMs=5 swapWait=0ms draws=70 decodes=0 decMs=0
[OTS] f=381240 calls=2 n0=2300 n1=274 prims=61046 bb=160,1120,0,694
[OTT] walkUs=1797 texUs=124 emitUs=677 submitUs=189 otherUs=805 prims=392 usPerPrim=4
[FT] avgMs=16 worstMs=45 gameMs=11 drawMs=5 swapWait=0ms draws=70 decodes=0 decMs=0
[OTS] f=381360 calls=2 n0=2297 n1=274 prims=61220 bb=160,1120,0,694
[OTT] walkUs=2332 texUs=125 emitUs=672 submitUs=307 otherUs=1227 prims=389 usPerPrim=5
[FT] avgMs=16 worstMs=52 gameMs=11 drawMs=5 swapWait=0ms draws=71 decodes=0 decMs=0
[OTS] f=381480 calls=2 n0=2303 n1=274 prims=61117 bb=160,1120,0,694
[OTT] walkUs=1914 texUs=126 emitUs=686 submitUs=270 otherUs=831 prims=395 usPerPrim=4
[SH-XBOX] vblank 381600
[MEM] tick: free=4016KB (1004 pages)
[FT] avgMs=16 worstMs=17 gameMs=11 drawMs=5 swapWait=0ms draws=70 decodes=0 decMs=0
[OTS] f=381600 calls=2 n0=2300 n1=274 prims=61155 bb=160,1120,0,694
[OTT] walkUs=2336 texUs=124 emitUs=682 submitUs=371 otherUs=1158 prims=392 usPerPrim=5
[FT] avgMs=16 worstMs=44 gameMs=11 drawMs=5 swapWait=0ms draws=71 decodes=0 decMs=0
[OTS] f=381720 calls=2 n0=2302 n1=274 prims=61035 bb=160,1120,0,694
[OTT] walkUs=1881 texUs=125 emitUs=685 submitUs=196 otherUs=873 prims=394 usPerPrim=4
[FT] avgMs=16 worstMs=45 gameMs=11 drawMs=5 swapWait=0ms draws=70 decodes=0 decMs=0
[OTS] f=381840 calls=2 n0=2297 n1=274 prims=61279 bb=160,1120,0,694
[OTT] walkUs=1900 texUs=123 emitUs=669 submitUs=200 otherUs=906 prims=389 usPerPrim=4
[FT] avgMs=16 worstMs=52 gameMs=11 drawMs=5 swapWait=0ms draws=70 decodes=0 decMs=0
[OTS] f=381960 calls=2 n0=2300 n1=274 prims=60941 bb=160,1120,0,694
[OTT] walkUs=2263 texUs=124 emitUs=683 submitUs=535 otherUs=920 prims=392 usPerPrim=5
[FT] avgMs=16 worstMs=48 gameMs=11 drawMs=5 swapWait=0ms draws=71 decodes=0 decMs=0
[OTS] f=382080 calls=2 n0=2301 n1=274 prims=61329 bb=160,1120,0,694
[OTT] walkUs=2067 texUs=124 emitUs=684 submitUs=201 otherUs=1057 prims=393 usPerPrim=5
[SH-XBOX] vblank 382200
[MEM] tick: free=4016KB (1004 pages)
[FT] avgMs=16 worstMs=43 gameMs=11 drawMs=5 swapWait=0ms draws=70 decodes=0 decMs=0
[OTS] f=382200 calls=2 n0=2300 n1=274 prims=60899 bb=160,1120,0,694
[OTT] walkUs=1965 texUs=126 emitUs=676 submitUs=188 otherUs=973 prims=392 usPerPrim=5
[FT] avgMs=16 worstMs=44 gameMs=11 drawMs=5 swapWait=0ms draws=70 decodes=0 decMs=0
[OTS] f=382320 calls=2 n0=2299 n1=274 prims=61317 bb=160,1120,0,694
[OTT] walkUs=2074 texUs=124 emitUs=676 submitUs=356 otherUs=918 prims=391 usPerPrim=5
[FT] avgMs=16 worstMs=52 gameMs=11 drawMs=5 swapWait=0ms draws=71 decodes=0 decMs=0
[OTS] f=382440 calls=2 n0=2299 n1=274 prims=61041 bb=160,1120,0,694
[OTT] walkUs=2318 texUs=123 emitUs=687 submitUs=383 otherUs=1123 prims=391 usPerPrim=5
[FT] avgMs=16 worstMs=48 gameMs=11 drawMs=5 swapWait=0ms draws=71 decodes=0 decMs=0
[OTS] f=382560 calls=2 n0=2302 n1=274 prims=61285 bb=160,1120,0,694
[OTT] walkUs=2167 texUs=125 emitUs=685 submitUs=209 otherUs=1146 prims=394 usPerPrim=5
[FT] avgMs=16 worstMs=44 gameMs=11 drawMs=5 swapWait=0ms draws=70 decodes=0 decMs=0
[OTS] f=382680 calls=2 n0=2298 n1=274 prims=61029 bb=160,1120,0,694
[OTT] walkUs=2161 texUs=126 emitUs=682 submitUs=306 otherUs=1046 prims=390 usPerPrim=5
[SH-XBOX] vblank 382800
[MEM] tick: free=4016KB (1004 pages)
[FT] avgMs=16 worstMs=45 gameMs=11 drawMs=5 swapWait=0ms draws=70 decodes=0 decMs=0
[OTS] f=382800 calls=2 n0=2302 n1=274 prims=61184 bb=160,1120,0,694
[OTT] walkUs=2186 texUs=125 emitUs=681 submitUs=375 otherUs=1005 prims=394 usPerPrim=5
[FT] avgMs=16 worstMs=52 gameMs=11 drawMs=5 swapWait=0ms draws=71 decodes=0 decMs=0
[OTS] f=382920 calls=2 n0=2297 n1=274 prims=61146 bb=160,1120,0,694
[OTT] walkUs=2195 texUs=122 emitUs=676 submitUs=191 otherUs=1205 prims=389 usPerPrim=5
[FT] avgMs=16 worstMs=48 gameMs=11 drawMs=5 swapWait=0ms draws=70 decodes=0 decMs=0
[OTS] f=383040 calls=2 n0=2302 n1=274 prims=61043 bb=160,1120,0,694
[OTT] walkUs=2247 texUs=125 emitUs=687 submitUs=187 otherUs=1247 prims=394 usPerPrim=5
[FT] avgMs=16 worstMs=44 gameMs=11 drawMs=5 swapWait=0ms draws=71 decodes=0 decMs=0
[OTS] f=383160 calls=2 n0=2296 n1=274 prims=61206 bb=160,1120,0,694
[OTT] walkUs=2185 texUs=122 emitUs=671 submitUs=319 otherUs=1071 prims=388 usPerPrim=5
[FT] avgMs=16 worstMs=45 gameMs=11 drawMs=5 swapWait=0ms draws=71 decodes=0 decMs=0
[OTS] f=383280 calls=2 n0=2298 n1=274 prims=61156 bb=160,1120,0,694
[OTT] walkUs=2306 texUs=123 emitUs=677 submitUs=432 otherUs=1072 prims=390 usPerPrim=5
[SH-XBOX] vblank 383400
[MEM] tick: free=4016KB (1004 pages)
[FT] avgMs=16 worstMs=53 gameMs=11 drawMs=5 swapWait=0ms draws=70 decodes=0 decMs=0
[OTS] f=383400 calls=2 n0=2298 n1=274 prims=61139 bb=160,1120,0,694
[OTT] walkUs=2203 texUs=123 emitUs=677 submitUs=207 otherUs=1195 prims=390 usPerPrim=5
[FT] avgMs=17 worstMs=71 gameMs=11 drawMs=5 swapWait=1ms draws=71 decodes=0 decMs=0
[OTS] f=383520 calls=2 n0=2303 n1=274 prims=61054 bb=160,1120,0,694
[OTT] walkUs=2265 texUs=125 emitUs=689 submitUs=292 otherUs=1158 prims=395 usPerPrim=5
[FT] avgMs=16 worstMs=49 gameMs=11 drawMs=5 swapWait=0ms draws=70 decodes=0 decMs=0
[OTS] f=383640 calls=2 n0=2297 n1=274 prims=61243 bb=160,1120,0,694
[OTT] walkUs=2381 texUs=124 emitUs=670 submitUs=576 otherUs=1011 prims=389 usPerPrim=6
[FT] avgMs=16 worstMs=45 gameMs=11 drawMs=5 swapWait=0ms draws=70 decodes=0 decMs=0
[OTS] f=383760 calls=2 n0=2301 n1=274 prims=60981 bb=160,1120,0,694
[OTT] walkUs=2341 texUs=125 emitUs=680 submitUs=328 otherUs=1206 prims=393 usPerPrim=5
[FT] avgMs=16 worstMs=52 gameMs=11 drawMs=5 swapWait=0ms draws=70 decodes=0 decMs=0
[OTS] f=383880 calls=2 n0=2301 n1=274 prims=61200 bb=160,1120,0,694
[OTT] walkUs=1984 texUs=125 emitUs=688 submitUs=190 otherUs=979 prims=393 usPerPrim=5
[SH-XBOX] vblank 384000
[MEM] tick: free=4016KB (1004 pages)
[FT] avgMs=16 worstMs=48 gameMs=11 drawMs=5 swapWait=0ms draws=71 decodes=0 decMs=0
[OTS] f=384000 calls=2 n0=2301 n1=274 prims=60990 bb=160,1120,0,694
[OTT] walkUs=2213 texUs=125 emitUs=681 submitUs=323 otherUs=1083 prims=393 usPerPrim=5
[FT] avgMs=16 worstMs=44 gameMs=11 drawMs=5 swapWait=0ms draws=71 decodes=0 decMs=0
[OTS] f=384120 calls=2 n0=2301 n1=274 prims=61358 bb=160,1120,0,694
[OTT] walkUs=2060 texUs=125 emitUs=681 submitUs=294 otherUs=958 prims=393 usPerPrim=5
[FT] avgMs=16 worstMs=45 gameMs=11 drawMs=5 swapWait=0ms draws=70 decodes=0 decMs=0
[OTS] f=384240 calls=2 n0=2300 n1=274 prims=60894 bb=160,1120,0,694
[OTT] walkUs=2274 texUs=124 emitUs=680 submitUs=404 otherUs=1064 prims=392 usPerPrim=5
[FT] avgMs=16 worstMs=53 gameMs=11 drawMs=5 swapWait=1ms draws=71 decodes=0 decMs=0
[OTS] f=384360 calls=2 n0=2300 n1=274 prims=61305 bb=160,1120,0,694
[OTT] walkUs=2021 texUs=124 emitUs=678 submitUs=191 otherUs=1027 prims=392 usPerPrim=5
[FT] avgMs=16 worstMs=48 gameMs=11 drawMs=5 swapWait=0ms draws=70 decodes=0 decMs=0
[OTS] f=384480 calls=2 n0=2296 n1=274 prims=60994 bb=160,1120,0,694
[OTT] walkUs=1913 texUs=123 emitUs=668 submitUs=233 otherUs=887 prims=388 usPerPrim=4
[SH-XBOX] vblank 384600
[MEM] tick: free=4016KB (1004 pages)
[FT] avgMs=16 worstMs=44 gameMs=11 drawMs=5 swapWait=0ms draws=70 decodes=0 decMs=0
[OTS] f=384600 calls=2 n0=2300 n1=274 prims=61217 bb=160,1120,0,694
[OTT] walkUs=2158 texUs=127 emitUs=679 submitUs=175 otherUs=1174 prims=392 usPerPrim=5
[FT] avgMs=16 worstMs=45 gameMs=11 drawMs=5 swapWait=0ms draws=71 decodes=0 decMs=0
[OTS] f=384720 calls=2 n0=2298 n1=274 prims=61104 bb=160,1120,0,694
[OTT] walkUs=2066 texUs=123 emitUs=676 submitUs=312 otherUs=953 prims=390 usPerPrim=5
[FT] avgMs=16 worstMs=52 gameMs=11 drawMs=5 swapWait=0ms draws=70 decodes=0 decMs=0
[OTS] f=384840 calls=2 n0=2304 n1=274 prims=61081 bb=160,1120,0,694
[OTT] walkUs=2091 texUs=125 emitUs=687 submitUs=383 otherUs=895 prims=396 usPerPrim=5
[FT] avgMs=16 worstMs=48 gameMs=11 drawMs=5 swapWait=0ms draws=71 decodes=0 decMs=0
[OTS] f=384960 calls=2 n0=2297 n1=274 prims=61176 bb=160,1120,0,694
[OTT] walkUs=2309 texUs=122 emitUs=672 submitUs=427 otherUs=1086 prims=389 usPerPrim=5
[FT] avgMs=16 worstMs=43 gameMs=11 drawMs=5 swapWait=0ms draws=71 decodes=0 decMs=0
[OTS] f=385080 calls=2 n0=2302 n1=274 prims=61192 bb=160,1120,0,694
[OTT] walkUs=2111 texUs=124 emitUs=685 submitUs=196 otherUs=1104 prims=394 usPerPrim=5
[SH-XBOX] vblank 385200
[MEM] tick: free=4016KB (1004 pages)
[FT] avgMs=16 worstMs=45 gameMs=11 drawMs=5 swapWait=0ms draws=71 decodes=0 decMs=0
[OTS] f=385200 calls=2 n0=2297 n1=274 prims=61229 bb=160,1120,0,694
[OTT] walkUs=2300 texUs=122 emitUs=674 submitUs=175 otherUs=1328 prims=389 usPerPrim=5
[FT] avgMs=16 worstMs=52 gameMs=11 drawMs=5 swapWait=0ms draws=70 decodes=0 decMs=0
[OTS] f=385320 calls=2 n0=2301 n1=274 prims=61003 bb=160,1120,0,694
[OTT] walkUs=2148 texUs=129 emitUs=676 submitUs=183 otherUs=1159 prims=393 usPerPrim=5
[FT] avgMs=16 worstMs=48 gameMs=11 drawMs=5 swapWait=0ms draws=70 decodes=0 decMs=0
[OTS] f=385440 calls=2 n0=2299 n1=274 prims=61248 bb=160,1120,0,694
[OTT] walkUs=2061 texUs=123 emitUs=673 submitUs=270 otherUs=993 prims=391 usPerPrim=5
[FT] avgMs=16 worstMs=44 gameMs=11 drawMs=5 swapWait=0ms draws=71 decodes=0 decMs=0
[OTS] f=385560 calls=2 n0=2302 n1=274 prims=61059 bb=160,1120,0,694
[OTT] walkUs=2344 texUs=124 emitUs=687 submitUs=594 otherUs=939 prims=394 usPerPrim=5
[FT] avgMs=16 worstMs=45 gameMs=11 drawMs=5 swapWait=0ms draws=70 decodes=0 decMs=0
[OTS] f=385680 calls=2 n0=2299 n1=274 prims=61189 bb=160,1120,0,694
[OTT] walkUs=2259 texUs=123 emitUs=677 submitUs=228 otherUs=1229 prims=391 usPerPrim=5
[SH-XBOX] vblank 385800
[MEM] tick: free=4016KB (1004 pages)
[FT] avgMs=16 worstMs=52 gameMs=11 drawMs=5 swapWait=0ms draws=71 decodes=0 decMs=0
[OTS] f=385800 calls=2 n0=2300 n1=274 prims=61001 bb=160,1120,0,694
[OTT] walkUs=2257 texUs=124 emitUs=683 submitUs=189 otherUs=1259 prims=392 usPerPrim=5
[FT] avgMs=16 worstMs=48 gameMs=11 drawMs=5 swapWait=0ms draws=70 decodes=0 decMs=0
[OTS] f=385920 calls=2 n0=2298 n1=274 prims=61341 bb=160,1120,0,694
[OTT] walkUs=2279 texUs=124 emitUs=670 submitUs=218 otherUs=1266 prims=390 usPerPrim=5
[FT] avgMs=16 worstMs=44 gameMs=11 drawMs=5 swapWait=0ms draws=70 decodes=0 decMs=0
[OTS] f=386040 calls=2 n0=2302 n1=274 prims=60908 bb=160,1120,0,694
[OTT] walkUs=2331 texUs=125 emitUs=688 submitUs=408 otherUs=1108 prims=394 usPerPrim=5
[FT] avgMs=16 worstMs=45 gameMs=11 drawMs=5 swapWait=0ms draws=71 decodes=0 decMs=0
[OTS] f=386160 calls=2 n0=2300 n1=274 prims=61316 bb=160,1120,0,694
[OTT] walkUs=2352 texUs=125 emitUs=682 submitUs=325 otherUs=1218 prims=392 usPerPrim=6
[FT] avgMs=16 worstMs=52 gameMs=11 drawMs=5 swapWait=0ms draws=70 decodes=0 decMs=0
[OTS] f=386280 calls=2 n0=2297 n1=274 prims=60935 bb=160,1120,0,694
[OTT] walkUs=2368 texUs=124 emitUs=671 submitUs=264 otherUs=1308 prims=389 usPerPrim=6
[SH-XBOX] vblank 386400
[MEM] tick: free=4016KB (1004 pages)
[FT] avgMs=16 worstMs=48 gameMs=11 drawMs=5 swapWait=0ms draws=70 decodes=0 decMs=0
[OTS] f=386400 calls=2 n0=2302 n1=274 prims=61273 bb=160,1120,0,694
[OTT] walkUs=2220 texUs=125 emitUs=686 submitUs=177 otherUs=1229 prims=394 usPerPrim=5
[FT] avgMs=16 worstMs=44 gameMs=11 drawMs=5 swapWait=0ms draws=70 decodes=0 decMs=0
[OTS] f=386520 calls=2 n0=2300 n1=274 prims=60955 bb=160,1120,0,694
[OTT] walkUs=2194 texUs=124 emitUs=685 submitUs=390 otherUs=994 prims=392 usPerPrim=5
[FT] avgMs=16 worstMs=45 gameMs=11 drawMs=5 swapWait=0ms draws=71 decodes=0 decMs=0
[OTS] f=386640 calls=2 n0=2303 n1=274 prims=61236 bb=160,1120,0,694
[OTT] walkUs=2166 texUs=125 emitUs=685 submitUs=337 otherUs=1017 prims=395 usPerPrim=5
[FT] avgMs=16 worstMs=53 gameMs=11 drawMs=5 swapWait=0ms draws=70 decodes=0 decMs=0
[OTS] f=386760 calls=2 n0=2295 n1=274 prims=61116 bb=160,1120,0,694
[OTT] walkUs=2342 texUs=123 emitUs=666 submitUs=237 otherUs=1315 prims=387 usPerPrim=6
[FT] avgMs=16 worstMs=48 gameMs=11 drawMs=5 swapWait=0ms draws=70 decodes=0 decMs=0
[OTS] f=386880 calls=2 n0=2302 n1=274 prims=61095 bb=160,1120,0,694
[OTT] walkUs=2006 texUs=125 emitUs=689 submitUs=407 otherUs=784 prims=394 usPerPrim=5
[SH-XBOX] vblank 387000
[MEM] tick: free=4016KB (1004 pages)
[FT] avgMs=16 worstMs=44 gameMs=11 drawMs=5 swapWait=0ms draws=71 decodes=0 decMs=0
[OTS] f=387000 calls=2 n0=2296 n1=274 prims=61206 bb=160,1120,0,694
[OTT] walkUs=2253 texUs=122 emitUs=669 submitUs=182 otherUs=1278 prims=388 usPerPrim=5
[FT] avgMs=16 worstMs=45 gameMs=11 drawMs=5 swapWait=0ms draws=70 decodes=0 decMs=0
[OTS] f=387120 calls=2 n0=2296 n1=274 prims=61023 bb=160,1120,0,694
[OTT] walkUs=2084 texUs=122 emitUs=669 submitUs=477 otherUs=814 prims=388 usPerPrim=5
[FT] avgMs=16 worstMs=52 gameMs=11 drawMs=5 swapWait=0ms draws=70 decodes=0 decMs=0
[OTS] f=387240 calls=2 n0=2297 n1=274 prims=61251 bb=160,1120,0,694
[OTT] walkUs=2040 texUs=122 emitUs=676 submitUs=431 otherUs=808 prims=389 usPerPrim=5
[FT] avgMs=16 worstMs=49 gameMs=11 drawMs=5 swapWait=0ms draws=71 decodes=0 decMs=0
[OTS] f=387360 calls=2 n0=2303 n1=274 prims=61074 bb=160,1120,0,694
[OTT] walkUs=2194 texUs=125 emitUs=691 submitUs=281 otherUs=1095 prims=395 usPerPrim=5
[FT] avgMs=16 worstMs=44 gameMs=11 drawMs=5 swapWait=0ms draws=70 decodes=0 decMs=0
[OTS] f=387480 calls=2 n0=2300 n1=274 prims=61167 bb=160,1120,0,694
[OTT] walkUs=1911 texUs=124 emitUs=678 submitUs=190 otherUs=918 prims=392 usPerPrim=4
[SH-XBOX] vblank 387600
[MEM] tick: free=4016KB (1004 pages)
[FT] avgMs=16 worstMs=45 gameMs=11 drawMs=5 swapWait=0ms draws=71 decodes=0 decMs=0
[OTS] f=387600 calls=2 n0=2301 n1=274 prims=61027 bb=160,1120,0,694
[OTT] walkUs=2223 texUs=124 emitUs=684 submitUs=179 otherUs=1235 prims=393 usPerPrim=5
[FT] avgMs=16 worstMs=52 gameMs=11 drawMs=5 swapWait=0ms draws=71 decodes=0 decMs=0
[OTS] f=387720 calls=2 n0=2300 n1=274 prims=61351 bb=160,1120,0,694
[OTT] walkUs=2083 texUs=125 emitUs=681 submitUs=200 otherUs=1075 prims=392 usPerPrim=5
[FT] avgMs=16 worstMs=48 gameMs=11 drawMs=5 swapWait=0ms draws=71 decodes=0 decMs=0
[OTS] f=387840 calls=2 n0=2301 n1=274 prims=60998 bb=160,1120,0,694
[OTT] walkUs=2125 texUs=124 emitUs=684 submitUs=207 otherUs=1108 prims=393 usPerPrim=5
[FT] avgMs=16 worstMs=44 gameMs=11 drawMs=5 swapWait=0ms draws=70 decodes=0 decMs=0
[OTS] f=387960 calls=2 n0=2300 n1=274 prims=61226 bb=160,1120,0,694
[OTT] walkUs=2139 texUs=128 emitUs=674 submitUs=294 otherUs=1043 prims=392 usPerPrim=5
[FT] avgMs=16 worstMs=46 gameMs=11 drawMs=5 swapWait=0ms draws=70 decodes=0 decMs=0
[OTS] f=388080 calls=2 n0=2300 n1=274 prims=60996 bb=160,1120,0,694
[OTT] walkUs=2191 texUs=124 emitUs=681 submitUs=274 otherUs=1110 prims=392 usPerPrim=5
[SH-XBOX] vblank 388200
[MEM] tick: free=4016KB (1004 pages)
[FT] avgMs=16 worstMs=52 gameMs=11 drawMs=5 swapWait=0ms draws=71 decodes=0 decMs=0
[OTS] f=388200 calls=2 n0=2300 n1=274 prims=61335 bb=160,1120,0,694
[OTT] walkUs=2177 texUs=124 emitUs=681 submitUs=194 otherUs=1176 prims=392 usPerPrim=5
[FT] avgMs=16 worstMs=48 gameMs=11 drawMs=5 swapWait=0ms draws=70 decodes=0 decMs=0
[OTS] f=388320 calls=2 n0=2298 n1=274 prims=60936 bb=160,1120,0,694
[OTT] walkUs=2213 texUs=126 emitUs=673 submitUs=478 otherUs=934 prims=390 usPerPrim=5
[FT] avgMs=16 worstMs=43 gameMs=11 drawMs=5 swapWait=0ms draws=71 decodes=0 decMs=0
[OTS] f=388440 calls=2 n0=2301 n1=274 prims=61249 bb=160,1120,0,694
[OTT] walkUs=2272 texUs=124 emitUs=680 submitUs=536 otherUs=929 prims=393 usPerPrim=5
[FT] avgMs=16 worstMs=45 gameMs=11 drawMs=5 swapWait=0ms draws=70 decodes=0 decMs=0
[OTS] f=388560 calls=2 n0=2295 n1=274 prims=61064 bb=160,1120,0,694
[OTT] walkUs=2229 texUs=122 emitUs=664 submitUs=186 otherUs=1256 prims=387 usPerPrim=5
[FT] avgMs=16 worstMs=53 gameMs=11 drawMs=5 swapWait=0ms draws=70 decodes=0 decMs=0
[OTS] f=388680 calls=2 n0=2304 n1=274 prims=61147 bb=160,1120,0,694
[OTT] walkUs=2227 texUs=126 emitUs=691 submitUs=261 otherUs=1148 prims=396 usPerPrim=5
[SH-XBOX] vblank 388800
[MEM] tick: free=4016KB (1004 pages)
[FT] avgMs=16 worstMs=48 gameMs=11 drawMs=5 swapWait=0ms draws=71 decodes=0 decMs=0
[OTS] f=388800 calls=2 n0=2297 n1=274 prims=61176 bb=160,1120,0,694
[OTT] walkUs=2438 texUs=127 emitUs=682 submitUs=401 otherUs=1227 prims=389 usPerPrim=6
[FT] avgMs=16 worstMs=44 gameMs=11 drawMs=5 swapWait=1ms draws=70 decodes=0 decMs=0
[OTS] f=388920 calls=2 n0=2300 n1=274 prims=61044 bb=160,1120,0,694
[OTT] walkUs=2365 texUs=125 emitUs=673 submitUs=271 otherUs=1295 prims=392 usPerPrim=6
[FT] avgMs=16 worstMs=45 gameMs=11 drawMs=5 swapWait=0ms draws=70 decodes=0 decMs=0
[OTS] f=389040 calls=2 n0=2296 n1=274 prims=61233 bb=160,1120,0,694
[OTT] walkUs=2361 texUs=122 emitUs=697 submitUs=192 otherUs=1348 prims=388 usPerPrim=6
[FT] avgMs=16 worstMs=53 gameMs=11 drawMs=5 swapWait=0ms draws=70 decodes=0 decMs=0
[OTS] f=389160 calls=2 n0=2303 n1=274 prims=60975 bb=160,1120,0,694
[OTT] walkUs=2338 texUs=125 emitUs=691 submitUs=399 otherUs=1121 prims=395 usPerPrim=5
[FT] avgMs=16 worstMs=48 gameMs=11 drawMs=5 swapWait=0ms draws=71 decodes=0 decMs=0
[OTS] f=389280 calls=2 n0=2300 n1=274 prims=61283 bb=160,1120,0,694
[OTT] walkUs=2278 texUs=124 emitUs=678 submitUs=338 otherUs=1137 prims=392 usPerPrim=5
[SH-XBOX] vblank 389400
[MEM] tick: free=4016KB (1004 pages)
[FT] avgMs=16 worstMs=44 gameMs=11 drawMs=5 swapWait=0ms draws=70 decodes=0 decMs=0
[OTS] f=389400 calls=2 n0=2300 n1=274 prims=60983 bb=160,1120,0,694
[OTT] walkUs=1790 texUs=125 emitUs=677 submitUs=183 otherUs=803 prims=392 usPerPrim=4
[FT] avgMs=16 worstMs=46 gameMs=11 drawMs=5 swapWait=0ms draws=70 decodes=0 decMs=0
[OTS] f=389520 calls=2 n0=2298 n1=274 prims=61270 bb=160,1120,0,694
[OTT] walkUs=2226 texUs=123 emitUs=678 submitUs=193 otherUs=1231 prims=390 usPerPrim=5
[FT] avgMs=16 worstMs=52 gameMs=11 drawMs=5 swapWait=0ms draws=71 decodes=0 decMs=0
[OTS] f=389640 calls=2 n0=2300 n1=274 prims=61005 bb=160,1120,0,694
[OTT] walkUs=2139 texUs=124 emitUs=680 submitUs=453 otherUs=881 prims=392 usPerPrim=5
[FT] avgMs=16 worstMs=48 gameMs=11 drawMs=5 swapWait=0ms draws=70 decodes=0 decMs=0
[OTS] f=389760 calls=2 n0=2301 n1=274 prims=61201 bb=160,1120,0,694
[OTT] walkUs=2120 texUs=124 emitUs=684 submitUs=203 otherUs=1108 prims=393 usPerPrim=5
[FT] avgMs=16 worstMs=44 gameMs=11 drawMs=5 swapWait=0ms draws=71 decodes=0 decMs=0
[OTS] f=389880 calls=2 n0=2302 n1=274 prims=61018 bb=160,1120,0,694
[OTT] walkUs=1905 texUs=125 emitUs=687 submitUs=291 otherUs=800 prims=394 usPerPrim=4
[SH-XBOX] vblank 390000
[MEM] tick: free=4016KB (1004 pages)
[FT] avgMs=16 worstMs=46 gameMs=11 drawMs=5 swapWait=0ms draws=71 decodes=0 decMs=0
[OTS] f=390000 calls=2 n0=2300 n1=274 prims=61346 bb=160,1120,0,694
[OTT] walkUs=2153 texUs=125 emitUs=684 submitUs=179 otherUs=1164 prims=392 usPerPrim=5
[FT] avgMs=16 worstMs=52 gameMs=11 drawMs=5 swapWait=0ms draws=70 decodes=0 decMs=0
[OTS] f=390120 calls=2 n0=2299 n1=274 prims=60894 bb=160,1120,0,694
[OTT] walkUs=2144 texUs=123 emitUs=682 submitUs=193 otherUs=1144 prims=391 usPerPrim=5
[FT] avgMs=16 worstMs=48 gameMs=11 drawMs=5 swapWait=0ms draws=71 decodes=0 decMs=0
[OTS] f=390240 calls=2 n0=2302 n1=274 prims=61284 bb=160,1120,0,694
[OTT] walkUs=2139 texUs=125 emitUs=684 submitUs=425 otherUs=904 prims=394 usPerPrim=5
[FT] avgMs=16 worstMs=44 gameMs=11 drawMs=5 swapWait=0ms draws=71 decodes=0 decMs=0
[OTS] f=390360 calls=2 n0=2299 n1=274 prims=61089 bb=160,1120,0,694
[OTT] walkUs=2211 texUs=123 emitUs=678 submitUs=431 otherUs=977 prims=391 usPerPrim=5
[FT] avgMs=16 worstMs=45 gameMs=11 drawMs=5 swapWait=0ms draws=71 decodes=0 decMs=0
[OTS] f=390480 calls=2 n0=2303 n1=274 prims=61260 bb=160,1120,0,694
[OTT] walkUs=2054 texUs=125 emitUs=686 submitUs=237 otherUs=1005 prims=395 usPerPrim=5
[SH-XBOX] vblank 390600
[MEM] tick: free=4016KB (1004 pages)
[FT] avgMs=16 worstMs=53 gameMs=11 drawMs=5 swapWait=0ms draws=70 decodes=0 decMs=0
[OTS] f=390600 calls=2 n0=2297 n1=274 prims=61010 bb=160,1120,0,694
[OTT] walkUs=1953 texUs=122 emitUs=675 submitUs=186 otherUs=967 prims=389 usPerPrim=5
[FT] avgMs=16 worstMs=48 gameMs=11 drawMs=5 swapWait=0ms draws=71 decodes=0 decMs=0
[OTS] f=390720 calls=2 n0=2302 n1=274 prims=61171 bb=160,1120,0,694
[OTT] walkUs=2181 texUs=125 emitUs=686 submitUs=388 otherUs=980 prims=394 usPerPrim=5
[FT] avgMs=16 worstMs=44 gameMs=11 drawMs=5 swapWait=0ms draws=71 decodes=0 decMs=0
[OTS] f=390840 calls=2 n0=2295 n1=274 prims=61224 bb=160,1120,0,694
[OTT] walkUs=2235 texUs=122 emitUs=686 submitUs=198 otherUs=1227 prims=387 usPerPrim=5
[FT] avgMs=16 worstMs=45 gameMs=11 drawMs=5 swapWait=0ms draws=70 decodes=0 decMs=0
[OTS] f=390960 calls=2 n0=2298 n1=274 prims=61009 bb=160,1120,0,694
[OTT] walkUs=2108 texUs=124 emitUs=680 submitUs=282 otherUs=1020 prims=390 usPerPrim=5
[FT] avgMs=16 worstMs=53 gameMs=11 drawMs=5 swapWait=0ms draws=71 decodes=0 decMs=0
[OTS] f=391080 calls=2 n0=2298 n1=274 prims=61267 bb=160,1120,0,694
[OTT] walkUs=2185 texUs=123 emitUs=678 submitUs=223 otherUs=1159 prims=390 usPerPrim=5
[SH-XBOX] vblank 391200
[MEM] tick: free=4016KB (1004 pages)
[FT] avgMs=16 worstMs=49 gameMs=11 drawMs=5 swapWait=0ms draws=70 decodes=0 decMs=0
[OTS] f=391200 calls=2 n0=2301 n1=274 prims=60983 bb=160,1120,0,694
[OTT] walkUs=2219 texUs=126 emitUs=680 submitUs=254 otherUs=1157 prims=393 usPerPrim=5
[FT] avgMs=17 worstMs=67 gameMs=11 drawMs=5 swapWait=0ms draws=70 decodes=0 decMs=0
[OTS] f=391320 calls=2 n0=2300 n1=274 prims=61267 bb=160,1120,0,694
[OTT] walkUs=2163 texUs=125 emitUs=678 submitUs=383 otherUs=975 prims=392 usPerPrim=5
[FT] avgMs=16 worstMs=45 gameMs=11 drawMs=5 swapWait=0ms draws=71 decodes=0 decMs=0
[OTS] f=391440 calls=2 n0=2301 n1=274 prims=61027 bb=160,1120,0,694
[OTT] walkUs=2331 texUs=124 emitUs=685 submitUs=259 otherUs=1261 prims=393 usPerPrim=5
[FT] avgMs=16 worstMs=53 gameMs=11 drawMs=5 swapWait=0ms draws=70 decodes=0 decMs=0
[OTS] f=391560 calls=2 n0=2301 n1=274 prims=61201 bb=160,1120,0,694
[OTT] walkUs=2382 texUs=124 emitUs=680 submitUs=451 otherUs=1125 prims=393 usPerPrim=6
[FT] avgMs=16 worstMs=48 gameMs=11 drawMs=5 swapWait=0ms draws=70 decodes=0 decMs=0
[OTS] f=391680 calls=2 n0=2299 n1=274 prims=60984 bb=160,1120,0,694
[OTT] walkUs=2332 texUs=125 emitUs=676 submitUs=395 otherUs=1134 prims=391 usPerPrim=5
[SH-XBOX] vblank 391800
[MEM] tick: free=4016KB (1004 pages)
[FT] avgMs=16 worstMs=44 gameMs=11 drawMs=5 swapWait=0ms draws=70 decodes=0 decMs=0
[OTS] f=391800 calls=2 n0=2302 n1=274 prims=61253 bb=160,1120,0,694
[OTT] walkUs=2349 texUs=124 emitUs=686 submitUs=200 otherUs=1337 prims=394 usPerPrim=5
[FT] avgMs=16 worstMs=45 gameMs=11 drawMs=5 swapWait=0ms draws=71 decodes=0 decMs=0
[OTS] f=391920 calls=2 n0=2300 n1=274 prims=61006 bb=160,1120,0,694
[OTT] walkUs=2445 texUs=124 emitUs=678 submitUs=299 otherUs=1343 prims=392 usPerPrim=6
[FT] avgMs=16 worstMs=53 gameMs=11 drawMs=5 swapWait=0ms draws=70 decodes=0 decMs=0
[OTS] f=392040 calls=2 n0=2298 n1=274 prims=61219 bb=160,1120,0,694
[OTT] walkUs=1984 texUs=124 emitUs=670 submitUs=374 otherUs=814 prims=390 usPerPrim=5
[FT] avgMs=16 worstMs=48 gameMs=11 drawMs=5 swapWait=0ms draws=70 decodes=0 decMs=0
[OTS] f=392160 calls=2 n0=2297 n1=274 prims=61032 bb=160,1120,0,694
[OTT] walkUs=2352 texUs=122 emitUs=670 submitUs=460 otherUs=1098 prims=389 usPerPrim=6
[FT] avgMs=16 worstMs=44 gameMs=11 drawMs=5 swapWait=0ms draws=71 decodes=0 decMs=0
[OTS] f=392280 calls=2 n0=2301 n1=274 prims=61269 bb=160,1120,0,694
[OTT] walkUs=2285 texUs=124 emitUs=682 submitUs=190 otherUs=1288 prims=393 usPerPrim=5
[SH-XBOX] vblank 392400
[MEM] tick: free=4016KB (1004 pages)
[FT] avgMs=16 worstMs=46 gameMs=11 drawMs=5 swapWait=0ms draws=70 decodes=0 decMs=0
[OTS] f=392400 calls=2 n0=2298 n1=274 prims=60972 bb=160,1120,0,694
[OTT] walkUs=2121 texUs=126 emitUs=673 submitUs=180 otherUs=1140 prims=390 usPerPrim=5
[FT] avgMs=16 worstMs=53 gameMs=11 drawMs=5 swapWait=0ms draws=71 decodes=0 decMs=0
[OTS] f=392520 calls=2 n0=2304 n1=274 prims=61209 bb=160,1120,0,694
[OTT] walkUs=2239 texUs=126 emitUs=687 submitUs=226 otherUs=1199 prims=396 usPerPrim=5
[FT] avgMs=16 worstMs=49 gameMs=11 drawMs=5 swapWait=0ms draws=70 decodes=0 decMs=0
[OTS] f=392640 calls=2 n0=2294 n1=274 prims=61192 bb=160,1120,0,694
[OTT] walkUs=1975 texUs=123 emitUs=663 submitUs=315 otherUs=873 prims=386 usPerPrim=5
[FT] avgMs=16 worstMs=44 gameMs=11 drawMs=5 swapWait=0ms draws=70 decodes=0 decMs=0
[OTS] f=392760 calls=2 n0=2302 n1=274 prims=61048 bb=160,1120,0,694
[OTT] walkUs=2231 texUs=124 emitUs=685 submitUs=275 otherUs=1145 prims=394 usPerPrim=5
[FT] avgMs=16 worstMs=46 gameMs=11 drawMs=5 swapWait=0ms draws=71 decodes=0 decMs=0
[OTS] f=392880 calls=2 n0=2297 n1=274 prims=61229 bb=160,1120,0,694
[OTT] walkUs=2093 texUs=123 emitUs=671 submitUs=402 otherUs=895 prims=389 usPerPrim=5
[SH-XBOX] vblank 393000
[MEM] tick: free=4016KB (1004 pages)
[FT] avgMs=16 worstMs=52 gameMs=11 drawMs=5 swapWait=0ms draws=71 decodes=0 decMs=0
[OTS] f=393000 calls=2 n0=2303 n1=274 prims=61087 bb=160,1120,0,694
[OTT] walkUs=2070 texUs=125 emitUs=687 submitUs=198 otherUs=1058 prims=395 usPerPrim=5
[FT] avgMs=16 worstMs=49 gameMs=11 drawMs=5 swapWait=0ms draws=71 decodes=0 decMs=0
[OTS] f=393120 calls=2 n0=2300 n1=274 prims=61313 bb=160,1120,0,694
[OTT] walkUs=2111 texUs=123 emitUs=681 submitUs=257 otherUs=1048 prims=392 usPerPrim=5
[FT] avgMs=16 worstMs=44 gameMs=11 drawMs=5 swapWait=0ms draws=70 decodes=0 decMs=0
[OTS] f=393240 calls=2 n0=2302 n1=274 prims=60907 bb=160,1120,0,694
[OTT] walkUs=2151 texUs=125 emitUs=681 submitUs=191 otherUs=1153 prims=394 usPerPrim=5
[FT] avgMs=16 worstMs=46 gameMs=11 drawMs=5 swapWait=1ms draws=71 decodes=0 decMs=0
[OTS] f=393360 calls=2 n0=2299 n1=274 prims=61317 bb=160,1120,0,694
[OTT] walkUs=2298 texUs=123 emitUs=676 submitUs=217 otherUs=1281 prims=391 usPerPrim=5
[FT] avgMs=16 worstMs=52 gameMs=11 drawMs=5 swapWait=0ms draws=70 decodes=0 decMs=0
[OTS] f=393480 calls=2 n0=2297 n1=274 prims=60983 bb=160,1120,0,694
[OTT] walkUs=2153 texUs=123 emitUs=668 submitUs=189 otherUs=1171 prims=389 usPerPrim=5
[SH-XBOX] vblank 393600
[MEM] tick: free=4016KB (1004 pages)
[FT] avgMs=16 worstMs=48 gameMs=11 drawMs=5 swapWait=0ms draws=70 decodes=0 decMs=0
[OTS] f=393600 calls=2 n0=2301 n1=274 prims=61252 bb=160,1120,0,694
[OTT] walkUs=2318 texUs=124 emitUs=681 submitUs=253 otherUs=1259 prims=393 usPerPrim=5
[FT] avgMs=16 worstMs=44 gameMs=11 drawMs=5 swapWait=0ms draws=71 decodes=0 decMs=0
[OTS] f=393720 calls=2 n0=2302 n1=274 prims=61018 bb=160,1120,0,694
[OTT] walkUs=2257 texUs=125 emitUs=685 submitUs=237 otherUs=1208 prims=394 usPerPrim=5
[FT] avgMs=16 worstMs=45 gameMs=11 drawMs=5 swapWait=0ms draws=70 decodes=0 decMs=0
[OTS] f=393840 calls=2 n0=2298 n1=274 prims=61214 bb=160,1120,0,694
[OTT] walkUs=2244 texUs=124 emitUs=669 submitUs=223 otherUs=1227 prims=390 usPerPrim=5
[FT] avgMs=16 worstMs=53 gameMs=11 drawMs=5 swapWait=0ms draws=70 decodes=0 decMs=0
[OTS] f=393960 calls=2 n0=2298 n1=274 prims=61010 bb=160,1120,0,694
[OTT] walkUs=2542 texUs=123 emitUs=672 submitUs=637 otherUs=1109 prims=390 usPerPrim=6
[FT] avgMs=16 worstMs=49 gameMs=11 drawMs=5 swapWait=0ms draws=71 decodes=0 decMs=0
[OTS] f=394080 calls=2 n0=2302 n1=274 prims=61300 bb=160,1120,0,694
[OTT] walkUs=2307 texUs=129 emitUs=682 submitUs=402 otherUs=1092 prims=394 usPerPrim=5
[SH-XBOX] vblank 394200
[MEM] tick: free=4016KB (1004 pages)
[FT] avgMs=16 worstMs=44 gameMs=11 drawMs=5 swapWait=1ms draws=70 decodes=0 decMs=0
[OTS] f=394200 calls=2 n0=2300 n1=274 prims=60955 bb=160,1120,0,694
[OTT] walkUs=2373 texUs=124 emitUs=682 submitUs=304 otherUs=1262 prims=392 usPerPrim=6
[FT] avgMs=16 worstMs=45 gameMs=11 drawMs=5 swapWait=0ms draws=70 decodes=0 decMs=0
[OTS] f=394320 calls=2 n0=2301 n1=274 prims=61199 bb=160,1120,0,694
[OTT] walkUs=2325 texUs=125 emitUs=683 submitUs=545 otherUs=971 prims=393 usPerPrim=5
[FT] avgMs=16 worstMs=53 gameMs=11 drawMs=5 swapWait=0ms draws=70 decodes=0 decMs=0
[OTS] f=394440 calls=2 n0=2296 n1=274 prims=61073 bb=160,1120,0,694
[OTT] walkUs=2361 texUs=122 emitUs=668 submitUs=224 otherUs=1346 prims=388 usPerPrim=6
[FT] avgMs=16 worstMs=49 gameMs=11 drawMs=5 swapWait=0ms draws=71 decodes=0 decMs=0
[OTS] f=394560 calls=2 n0=2302 n1=274 prims=61175 bb=160,1120,0,694
[OTT] walkUs=1878 texUs=124 emitUs=685 submitUs=183 otherUs=884 prims=394 usPerPrim=4
[FT] avgMs=16 worstMs=44 gameMs=11 drawMs=5 swapWait=0ms draws=70 decodes=0 decMs=0
[OTS] f=394680 calls=2 n0=2294 n1=274 prims=61088 bb=160,1120,0,694
[OTT] walkUs=2182 texUs=122 emitUs=662 submitUs=240 otherUs=1157 prims=386 usPerPrim=5
[SH-XBOX] vblank 394800
[MEM] tick: free=4016KB (1004 pages)
[FT] avgMs=16 worstMs=46 gameMs=11 drawMs=5 swapWait=0ms draws=70 decodes=0 decMs=0
[OTS] f=394800 calls=2 n0=2298 n1=274 prims=61115 bb=160,1120,0,694
[OTT] walkUs=2243 texUs=123 emitUs=677 submitUs=601 otherUs=841 prims=390 usPerPrim=5
[FT] avgMs=16 worstMs=53 gameMs=11 drawMs=5 swapWait=0ms draws=71 decodes=0 decMs=0
[OTS] f=394920 calls=2 n0=2298 n1=274 prims=61297 bb=160,1120,0,694
[OTT] walkUs=2367 texUs=122 emitUs=676 submitUs=670 otherUs=898 prims=390 usPerPrim=6
[FT] avgMs=16 worstMs=49 gameMs=11 drawMs=5 swapWait=0ms draws=70 decodes=0 decMs=0
[OTS] f=395040 calls=2 n0=2303 n1=274 prims=60925 bb=160,1120,0,694
[OTT] walkUs=1903 texUs=125 emitUs=690 submitUs=273 otherUs=813 prims=395 usPerPrim=4
[FT] avgMs=16 worstMs=45 gameMs=11 drawMs=5 swapWait=0ms draws=71 decodes=0 decMs=0
[OTS] f=395160 calls=2 n0=2300 n1=274 prims=61295 bb=160,1120,0,694
[OTT] walkUs=2227 texUs=124 emitUs=681 submitUs=404 otherUs=1017 prims=392 usPerPrim=5
[FT] avgMs=16 worstMs=46 gameMs=11 drawMs=5 swapWait=0ms draws=70 decodes=0 decMs=0
[OTS] f=395280 calls=2 n0=2298 n1=274 prims=60994 bb=160,1120,0,694
[OTT] walkUs=2091 texUs=124 emitUs=672 submitUs=186 otherUs=1108 prims=390 usPerPrim=5
[SH-XBOX] vblank 395400
[MEM] tick: free=4016KB (1004 pages)
[FT] avgMs=16 worstMs=53 gameMs=11 drawMs=5 swapWait=0ms draws=70 decodes=0 decMs=0
[OTS] f=395400 calls=2 n0=2301 n1=274 prims=61263 bb=160,1120,0,694
[OTT] walkUs=2237 texUs=124 emitUs=696 submitUs=334 otherUs=1082 prims=393 usPerPrim=5
[FT] avgMs=16 worstMs=49 gameMs=11 drawMs=5 swapWait=0ms draws=71 decodes=0 decMs=0
[OTS] f=395520 calls=2 n0=2301 n1=274 prims=60990 bb=160,1120,0,694
[OTT] walkUs=2433 texUs=124 emitUs=685 submitUs=491 otherUs=1131 prims=393 usPerPrim=6
[FT] avgMs=16 worstMs=43 gameMs=11 drawMs=5 swapWait=0ms draws=71 decodes=0 decMs=0
[OTS] f=395640 calls=2 n0=2302 n1=274 prims=61345 bb=160,1120,0,694
[OTT] walkUs=2070 texUs=125 emitUs=686 submitUs=263 otherUs=995 prims=394 usPerPrim=5
[FT] avgMs=16 worstMs=46 gameMs=11 drawMs=5 swapWait=0ms draws=71 decodes=0 decMs=0
[OTS] f=395760 calls=2 n0=2299 n1=274 prims=61024 bb=160,1120,0,694
[OTT] walkUs=2035 texUs=124 emitUs=680 submitUs=195 otherUs=1035 prims=391 usPerPrim=5
[FT] avgMs=16 worstMs=52 gameMs=11 drawMs=5 swapWait=1ms draws=70 decodes=0 decMs=0
[OTS] f=395880 calls=2 n0=2300 n1=274 prims=61190 bb=160,1120,0,694
[OTT] walkUs=2159 texUs=126 emitUs=684 submitUs=235 otherUs=1113 prims=392 usPerPrim=5
[SH-XBOX] vblank 396000
[MEM] tick: free=4016KB (1004 pages)
[FT] avgMs=16 worstMs=48 gameMs=11 drawMs=5 swapWait=0ms draws=71 decodes=0 decMs=0
[OTS] f=396000 calls=2 n0=2298 n1=274 prims=61064 bb=160,1120,0,694
[OTT] walkUs=2165 texUs=127 emitUs=673 submitUs=310 otherUs=1054 prims=390 usPerPrim=5
[FT] avgMs=16 worstMs=44 gameMs=11 drawMs=5 swapWait=0ms draws=70 decodes=0 decMs=0
[OTS] f=396120 calls=2 n0=2299 n1=274 prims=61195 bb=160,1120,0,694
[OTT] walkUs=2127 texUs=124 emitUs=672 submitUs=189 otherUs=1140 prims=391 usPerPrim=5
[FT] avgMs=16 worstMs=45 gameMs=11 drawMs=5 swapWait=0ms draws=70 decodes=0 decMs=0
[OTS] f=396240 calls=2 n0=2298 n1=274 prims=61056 bb=160,1120,0,694
[OTT] walkUs=2182 texUs=127 emitUs=675 submitUs=388 otherUs=991 prims=390 usPerPrim=5
[FT] avgMs=16 worstMs=53 gameMs=11 drawMs=5 swapWait=0ms draws=71 decodes=0 decMs=0
[OTS] f=396360 calls=2 n0=2304 n1=274 prims=61209 bb=160,1120,0,694
[OTT] walkUs=2204 texUs=126 emitUs=687 submitUs=341 otherUs=1048 prims=396 usPerPrim=5
[FT] avgMs=16 worstMs=48 gameMs=11 drawMs=5 swapWait=0ms draws=70 decodes=0 decMs=0
[OTS] f=396480 calls=2 n0=2297 n1=274 prims=61048 bb=160,1120,0,694
[OTT] walkUs=2256 texUs=122 emitUs=673 submitUs=362 otherUs=1097 prims=389 usPerPrim=5
[SH-XBOX] vblank 396600
[MEM] tick: free=4016KB (1004 pages)
[FT] avgMs=16 worstMs=44 gameMs=11 drawMs=5 swapWait=1ms draws=71 decodes=0 decMs=0
[OTS] f=396600 calls=2 n0=2302 n1=274 prims=61162 bb=160,1120,0,694
[OTT] walkUs=2347 texUs=124 emitUs=687 submitUs=284 otherUs=1249 prims=394 usPerPrim=5
[FT] avgMs=16 worstMs=45 gameMs=11 drawMs=5 swapWait=0ms draws=71 decodes=0 decMs=0
[OTS] f=396720 calls=2 n0=2297 n1=274 prims=61259 bb=160,1120,0,694
[OTT] walkUs=2275 texUs=123 emitUs=676 submitUs=428 otherUs=1047 prims=389 usPerPrim=5
[FT] avgMs=16 worstMs=53 gameMs=11 drawMs=5 swapWait=0ms draws=70 decodes=0 decMs=0
[OTS] f=396840 calls=2 n0=2303 n1=274 prims=60959 bb=160,1120,0,694
[OTT] walkUs=2319 texUs=126 emitUs=686 submitUs=326 otherUs=1181 prims=395 usPerPrim=5
[FT] avgMs=16 worstMs=49 gameMs=11 drawMs=5 swapWait=1ms draws=70 decodes=0 decMs=0
[OTS] f=396960 calls=2 n0=2298 n1=274 prims=61213 bb=160,1120,0,694
[OTT] walkUs=2311 texUs=123 emitUs=672 submitUs=284 otherUs=1231 prims=390 usPerPrim=5
[FT] avgMs=16 worstMs=44 gameMs=11 drawMs=5 swapWait=0ms draws=70 decodes=0 decMs=0
[OTS] f=397080 calls=2 n0=2301 n1=274 prims=60987 bb=160,1120,0,694
[OTT] walkUs=2237 texUs=127 emitUs=682 submitUs=194 otherUs=1232 prims=393 usPerPrim=5
[SH-XBOX] vblank 397200
[MEM] tick: free=4016KB (1004 pages)
[FT] avgMs=16 worstMs=46 gameMs=11 drawMs=5 swapWait=0ms draws=71 decodes=0 decMs=0
[OTS] f=397200 calls=2 n0=2299 n1=274 prims=61337 bb=160,1120,0,694
[OTT] walkUs=2363 texUs=124 emitUs=693 submitUs=218 otherUs=1327 prims=391 usPerPrim=6
[FT] avgMs=16 worstMs=53 gameMs=11 drawMs=5 swapWait=0ms draws=70 decodes=0 decMs=0
[OTS] f=397320 calls=2 n0=2300 n1=274 prims=60873 bb=160,1120,0,694
[OTT] walkUs=2372 texUs=128 emitUs=680 submitUs=343 otherUs=1220 prims=392 usPerPrim=6
[FT] avgMs=16 worstMs=49 gameMs=11 drawMs=5 swapWait=0ms draws=71 decodes=0 decMs=0
[OTS] f=397440 calls=2 n0=2301 n1=274 prims=61329 bb=160,1120,0,694
[OTT] walkUs=1904 texUs=127 emitUs=686 submitUs=324 otherUs=767 prims=393 usPerPrim=4
[FT] avgMs=16 worstMs=45 gameMs=11 drawMs=5 swapWait=0ms draws=71 decodes=0 decMs=0
[OTS] f=397560 calls=2 n0=2301 n1=274 prims=61042 bb=160,1120,0,694
[OTT] walkUs=2244 texUs=138 emitUs=678 submitUs=182 otherUs=1243 prims=393 usPerPrim=5
[FT] avgMs=16 worstMs=46 gameMs=11 drawMs=5 swapWait=0ms draws=70 decodes=0 decMs=0
[OTS] f=397680 calls=2 n0=2300 n1=274 prims=61197 bb=160,1120,0,694
[OTT] walkUs=2026 texUs=123 emitUs=682 submitUs=267 otherUs=952 prims=392 usPerPrim=5
[SH-XBOX] vblank 397800
[MEM] tick: free=4016KB (1004 pages)
[FT] avgMs=16 worstMs=53 gameMs=11 drawMs=5 swapWait=0ms draws=71 decodes=0 decMs=0
[OTS] f=397800 calls=2 n0=2299 n1=274 prims=61022 bb=160,1120,0,694
[OTT] walkUs=2009 texUs=123 emitUs=680 submitUs=344 otherUs=859 prims=391 usPerPrim=5
[FT] avgMs=16 worstMs=48 gameMs=11 drawMs=5 swapWait=0ms draws=70 decodes=0 decMs=0
[OTS] f=397920 calls=2 n0=2300 n1=274 prims=61214 bb=160,1120,0,694
[OTT] walkUs=1948 texUs=128 emitUs=674 submitUs=183 otherUs=962 prims=392 usPerPrim=4
[FT] avgMs=16 worstMs=44 gameMs=11 drawMs=5 swapWait=0ms draws=70 decodes=0 decMs=0
[OTS] f=398040 calls=2 n0=2300 n1=274 prims=61055 bb=160,1120,0,694
[OTT] walkUs=2013 texUs=124 emitUs=687 submitUs=187 otherUs=1013 prims=392 usPerPrim=5
[FT] avgMs=16 worstMs=46 gameMs=11 drawMs=5 swapWait=0ms draws=71 decodes=0 decMs=0
[OTS] f=398160 calls=2 n0=2303 n1=274 prims=61237 bb=160,1120,0,694
[OTT] walkUs=2221 texUs=126 emitUs=686 submitUs=261 otherUs=1147 prims=395 usPerPrim=5
[FT] avgMs=16 worstMs=53 gameMs=11 drawMs=5 swapWait=1ms draws=71 decodes=0 decMs=0
[OTS] f=398280 calls=2 n0=2297 n1=274 prims=61137 bb=160,1120,0,694
[OTT] walkUs=2075 texUs=123 emitUs=673 submitUs=240 otherUs=1038 prims=389 usPerPrim=5
[SH-XBOX] vblank 398400
[MEM] tick: free=4016KB (1004 pages)
[FT] avgMs=16 worstMs=48 gameMs=11 drawMs=5 swapWait=0ms draws=70 decodes=0 decMs=0
[OTS] f=398400 calls=2 n0=2299 n1=274 prims=61168 bb=160,1120,0,694
[OTT] walkUs=2040 texUs=125 emitUs=669 submitUs=195 otherUs=1049 prims=391 usPerPrim=5
[FT] avgMs=16 worstMs=44 gameMs=11 drawMs=5 swapWait=1ms draws=70 decodes=0 decMs=0
[OTS] f=398520 calls=2 n0=2296 n1=274 prims=61111 bb=160,1120,0,694
[OTT] walkUs=2101 texUs=122 emitUs=672 submitUs=321 otherUs=984 prims=388 usPerPrim=5
[FT] avgMs=16 worstMs=45 gameMs=11 drawMs=5 swapWait=0ms draws=71 decodes=0 decMs=0
[OTS] f=398640 calls=2 n0=2298 n1=274 prims=61125 bb=160,1120,0,694
[OTT] walkUs=2103 texUs=123 emitUs=677 submitUs=299 otherUs=1003 prims=390 usPerPrim=5
[FT] avgMs=16 worstMs=53 gameMs=11 drawMs=5 swapWait=1ms draws=70 decodes=0 decMs=0
[OTS] f=398760 calls=2 n0=2296 n1=274 prims=61181 bb=160,1120,0,694
[OTT] walkUs=2292 texUs=123 emitUs=664 submitUs=171 otherUs=1332 prims=388 usPerPrim=5
[FT] avgMs=16 worstMs=49 gameMs=11 drawMs=5 swapWait=0ms draws=70 decodes=0 decMs=0
[OTS] f=398880 calls=2 n0=2302 n1=274 prims=61025 bb=160,1120,0,694
[OTT] walkUs=2192 texUs=129 emitUs=683 submitUs=327 otherUs=1052 prims=394 usPerPrim=5
[SH-XBOX] vblank 399000
[MEM] tick: free=4016KB (1004 pages)
[FT] avgMs=16 worstMs=44 gameMs=11 drawMs=5 swapWait=0ms draws=71 decodes=0 decMs=0
[OTS] f=399000 calls=2 n0=2300 n1=274 prims=61311 bb=160,1120,0,694
[OTT] walkUs=2246 texUs=124 emitUs=700 submitUs=233 otherUs=1189 prims=392 usPerPrim=5
[FT] avgMs=17 worstMs=69 gameMs=11 drawMs=5 swapWait=0ms draws=70 decodes=0 decMs=0
[OTS] f=399120 calls=2 n0=2301 n1=274 prims=60898 bb=160,1120,0,694
[OTT] walkUs=2251 texUs=127 emitUs=684 submitUs=189 otherUs=1250 prims=393 usPerPrim=5
[FT] avgMs=16 worstMs=47 gameMs=11 drawMs=5 swapWait=0ms draws=71 decodes=0 decMs=0
[OTS] f=399240 calls=2 n0=2301 n1=274 prims=61329 bb=160,1120,0,694
[OTT] walkUs=2161 texUs=124 emitUs=682 submitUs=207 otherUs=1147 prims=393 usPerPrim=5
[FT] avgMs=16 worstMs=43 gameMs=11 drawMs=5 swapWait=0ms draws=70 decodes=0 decMs=0
[OTS] f=399360 calls=2 n0=2298 n1=274 prims=61009 bb=160,1120,0,694
[OTT] walkUs=2247 texUs=123 emitUs=667 submitUs=184 otherUs=1271 prims=390 usPerPrim=5
[FT] avgMs=16 worstMs=44 gameMs=11 drawMs=5 swapWait=0ms draws=70 decodes=0 decMs=0
[OTS] f=399480 calls=2 n0=2302 n1=274 prims=61227 bb=160,1120,0,694
[OTT] walkUs=2244 texUs=129 emitUs=684 submitUs=199 otherUs=1229 prims=394 usPerPrim=5
[SH-XBOX] vblank 399600
[MEM] tick: free=4016KB (1004 pages)
[FT] avgMs=16 worstMs=46 gameMs=11 drawMs=5 swapWait=1ms draws=70 decodes=0 decMs=0
[OTS] f=399600 calls=2 n0=2298 n1=274 prims=60904 bb=160,1120,0,694
[OTT] walkUs=2373 texUs=125 emitUs=669 submitUs=415 otherUs=1163 prims=390 usPerPrim=6
[FT] avgMs=16 worstMs=53 gameMs=11 drawMs=5 swapWait=0ms draws=70 decodes=0 decMs=0
[OTS] f=399720 calls=2 n0=2300 n1=274 prims=61280 bb=160,1120,0,694
[OTT] walkUs=2244 texUs=124 emitUs=683 submitUs=290 otherUs=1146 prims=392 usPerPrim=5
[FT] avgMs=16 worstMs=49 gameMs=11 drawMs=5 swapWait=0ms draws=71 decodes=0 decMs=0
[OTS] f=399840 calls=2 n0=2298 n1=274 prims=61094 bb=160,1120,0,694
[OTT] walkUs=2259 texUs=126 emitUs=674 submitUs=230 otherUs=1227 prims=390 usPerPrim=5
[FT] avgMs=16 worstMs=45 gameMs=11 drawMs=5 swapWait=0ms draws=70 decodes=0 decMs=0
[OTS] f=399960 calls=2 n0=2301 n1=274 prims=61121 bb=160,1120,0,694
[OTT] walkUs=1879 texUs=129 emitUs=683 submitUs=286 otherUs=779 prims=393 usPerPrim=4
[FT] avgMs=16 worstMs=46 gameMs=11 drawMs=5 swapWait=0ms draws=71 decodes=0 decMs=0
[OTS] f=400080 calls=2 n0=2298 n1=274 prims=61101 bb=160,1120,0,694
[OTT] walkUs=2176 texUs=122 emitUs=677 submitUs=302 otherUs=1073 prims=390 usPerPrim=5
[SH-XBOX] vblank 400200
[MEM] tick: free=4016KB (1004 pages)
[FT] avgMs=16 worstMs=53 gameMs=11 drawMs=5 swapWait=0ms draws=70 decodes=0 decMs=0
[OTS] f=400200 calls=2 n0=2301 n1=274 prims=61193 bb=160,1120,0,694
[OTT] walkUs=2104 texUs=125 emitUs=678 submitUs=362 otherUs=938 prims=393 usPerPrim=5
[FT] avgMs=16 worstMs=48 gameMs=11 drawMs=5 swapWait=0ms draws=70 decodes=0 decMs=0
[OTS] f=400320 calls=2 n0=2297 n1=274 prims=61094 bb=160,1120,0,694
[OTT] walkUs=2328 texUs=122 emitUs=675 submitUs=243 otherUs=1287 prims=389 usPerPrim=5
[FT] avgMs=16 worstMs=45 gameMs=11 drawMs=5 swapWait=0ms draws=71 decodes=0 decMs=0
[OTS] f=400440 calls=2 n0=2302 n1=274 prims=61162 bb=160,1120,0,694
[OTT] walkUs=1890 texUs=125 emitUs=683 submitUs=191 otherUs=891 prims=394 usPerPrim=4
[FT] avgMs=16 worstMs=46 gameMs=11 drawMs=5 swapWait=0ms draws=70 decodes=0 decMs=0
[OTS] f=400560 calls=2 n0=2295 n1=274 prims=61127 bb=160,1120,0,694
[OTT] walkUs=2182 texUs=123 emitUs=667 submitUs=173 otherUs=1218 prims=387 usPerPrim=5
[FT] avgMs=16 worstMs=53 gameMs=11 drawMs=5 swapWait=0ms draws=70 decodes=0 decMs=0
[OTS] f=400680 calls=2 n0=2302 n1=274 prims=61079 bb=160,1120,0,694
[OTT] walkUs=2040 texUs=128 emitUs=685 submitUs=189 otherUs=1037 prims=394 usPerPrim=5
[SH-XBOX] vblank 400800
[MEM] tick: free=4016KB (1004 pages)
[FT] avgMs=16 worstMs=49 gameMs=11 drawMs=5 swapWait=0ms draws=71 decodes=0 decMs=0
[OTS] f=400800 calls=2 n0=2300 n1=274 prims=61295 bb=160,1120,0,694
[OTT] walkUs=2358 texUs=124 emitUs=679 submitUs=358 otherUs=1195 prims=392 usPerPrim=6
[FT] avgMs=16 worstMs=44 gameMs=11 drawMs=5 swapWait=1ms draws=71 decodes=0 decMs=0
[OTS] f=400920 calls=2 n0=2302 n1=274 prims=61035 bb=160,1120,0,694
[OTT] walkUs=2095 texUs=124 emitUs=689 submitUs=225 otherUs=1054 prims=394 usPerPrim=5
[FT] avgMs=16 worstMs=45 gameMs=11 drawMs=5 swapWait=0ms draws=70 decodes=0 decMs=0
[OTS] f=401040 calls=2 n0=2297 n1=274 prims=61279 bb=160,1120,0,694
[OTT] walkUs=1984 texUs=124 emitUs=674 submitUs=345 otherUs=839 prims=389 usPerPrim=5
[FT] avgMs=16 worstMs=53 gameMs=11 drawMs=5 swapWait=0ms draws=70 decodes=0 decMs=0
[OTS] f=401160 calls=2 n0=2300 n1=274 prims=60941 bb=160,1120,0,694
[OTT] walkUs=2007 texUs=124 emitUs=678 submitUs=180 otherUs=1024 prims=392 usPerPrim=5
[FT] avgMs=16 worstMs=49 gameMs=11 drawMs=5 swapWait=0ms draws=71 decodes=0 decMs=0
[OTS] f=401280 calls=2 n0=2301 n1=274 prims=61329 bb=160,1120,0,694
[OTT] walkUs=2085 texUs=124 emitUs=685 submitUs=195 otherUs=1079 prims=393 usPerPrim=5
[SH-XBOX] vblank 401400
[MEM] tick: free=4016KB (1004 pages)
[FT] avgMs=16 worstMs=44 gameMs=11 drawMs=5 swapWait=0ms draws=70 decodes=0 decMs=0
[OTS] f=401400 calls=2 n0=2300 n1=274 prims=60900 bb=160,1120,0,694
[OTT] walkUs=2179 texUs=126 emitUs=680 submitUs=308 otherUs=1063 prims=392 usPerPrim=5
[FT] avgMs=16 worstMs=45 gameMs=11 drawMs=5 swapWait=0ms draws=70 decodes=0 decMs=0
[OTS] f=401520 calls=2 n0=2300 n1=274 prims=61306 bb=160,1120,0,694
[OTT] walkUs=2184 texUs=123 emitUs=679 submitUs=416 otherUs=965 prims=392 usPerPrim=5
[FT] avgMs=16 worstMs=53 gameMs=11 drawMs=5 swapWait=0ms draws=71 decodes=0 decMs=0
[OTS] f=401640 calls=2 n0=2299 n1=274 prims=61054 bb=160,1120,0,694
[OTT] walkUs=2175 texUs=123 emitUs=677 submitUs=289 otherUs=1085 prims=391 usPerPrim=5
[FT] avgMs=16 worstMs=49 gameMs=11 drawMs=5 swapWait=0ms draws=70 decodes=0 decMs=0
[OTS] f=401760 calls=2 n0=2302 n1=274 prims=61157 bb=160,1120,0,694
[OTT] walkUs=2438 texUs=125 emitUs=685 submitUs=446 otherUs=1181 prims=394 usPerPrim=6
[FT] avgMs=16 worstMs=45 gameMs=11 drawMs=5 swapWait=0ms draws=71 decodes=0 decMs=0
[OTS] f=401880 calls=2 n0=2300 n1=274 prims=61083 bb=160,1120,0,694
[OTT] walkUs=2143 texUs=124 emitUs=686 submitUs=338 otherUs=992 prims=392 usPerPrim=5
[SH-XBOX] vblank 402000
[MEM] tick: free=4016KB (1004 pages)
[FT] avgMs=16 worstMs=46 gameMs=11 drawMs=5 swapWait=0ms draws=70 decodes=0 decMs=0
[OTS] f=402000 calls=2 n0=2300 n1=274 prims=61209 bb=160,1120,0,694
[OTT] walkUs=2290 texUs=125 emitUs=671 submitUs=346 otherUs=1145 prims=392 usPerPrim=5
[FT] avgMs=16 worstMs=53 gameMs=11 drawMs=5 swapWait=0ms draws=70 decodes=0 decMs=0
[OTS] f=402120 calls=2 n0=2297 n1=274 prims=61067 bb=160,1120,0,694
[OTT] walkUs=2139 texUs=122 emitUs=677 submitUs=200 otherUs=1138 prims=389 usPerPrim=5
[FT] avgMs=16 worstMs=49 gameMs=11 drawMs=5 swapWait=0ms draws=70 decodes=0 decMs=0
[OTS] f=402240 calls=2 n0=2302 n1=274 prims=61044 bb=160,1120,0,694
[OTT] walkUs=2187 texUs=129 emitUs=683 submitUs=261 otherUs=1113 prims=394 usPerPrim=5
[FT] avgMs=16 worstMs=45 gameMs=11 drawMs=5 swapWait=0ms draws=71 decodes=0 decMs=0
[OTS] f=402360 calls=2 n0=2296 n1=274 prims=61205 bb=160,1120,0,694
[OTT] walkUs=2290 texUs=123 emitUs=671 submitUs=339 otherUs=1156 prims=388 usPerPrim=5
[FT] avgMs=16 worstMs=46 gameMs=11 drawMs=5 swapWait=0ms draws=71 decodes=0 decMs=0
[OTS] f=402480 calls=2 n0=2297 n1=274 prims=61148 bb=160,1120,0,694
[OTT] walkUs=2216 texUs=122 emitUs=673 submitUs=201 otherUs=1219 prims=389 usPerPrim=5
[SH-XBOX] vblank 402600
[MEM] tick: free=4016KB (1004 pages)
[FT] avgMs=16 worstMs=53 gameMs=11 drawMs=5 swapWait=0ms draws=70 decodes=0 decMs=0
[OTS] f=402600 calls=2 n0=2298 n1=274 prims=61146 bb=160,1120,0,694
[OTT] walkUs=2363 texUs=122 emitUs=677 submitUs=434 otherUs=1129 prims=390 usPerPrim=6
[FT] avgMs=16 worstMs=49 gameMs=11 drawMs=5 swapWait=0ms draws=71 decodes=0 decMs=0
[OTS] f=402720 calls=2 n0=2303 n1=274 prims=61053 bb=160,1120,0,694
[OTT] walkUs=2492 texUs=126 emitUs=686 submitUs=611 otherUs=1068 prims=395 usPerPrim=6
[FT] avgMs=16 worstMs=45 gameMs=11 drawMs=5 swapWait=0ms draws=70 decodes=0 decMs=0
[OTS] f=402840 calls=2 n0=2298 n1=274 prims=61241 bb=160,1120,0,694
[OTT] walkUs=1773 texUs=127 emitUs=671 submitUs=206 otherUs=767 prims=390 usPerPrim=4
[FT] avgMs=16 worstMs=47 gameMs=11 drawMs=5 swapWait=0ms draws=70 decodes=0 decMs=0
[OTS] f=402960 calls=2 n0=2301 n1=274 prims=60982 bb=160,1120,0,694
[OTT] walkUs=1964 texUs=126 emitUs=680 submitUs=179 otherUs=978 prims=393 usPerPrim=4
[FT] avgMs=16 worstMs=54 gameMs=11 drawMs=5 swapWait=0ms draws=71 decodes=0 decMs=0
[OTS] f=403080 calls=2 n0=2301 n1=274 prims=61329 bb=160,1120,0,694
[OTT] walkUs=2005 texUs=124 emitUs=684 submitUs=284 otherUs=911 prims=393 usPerPrim=5
[SH-XBOX] vblank 403200
[MEM] tick: free=4016KB (1004 pages)
[FT] avgMs=16 worstMs=49 gameMs=11 drawMs=5 swapWait=0ms draws=70 decodes=0 decMs=0
[OTS] f=403200 calls=2 n0=2301 n1=274 prims=60861 bb=160,1120,0,694
[OTT] walkUs=1976 texUs=124 emitUs=685 submitUs=198 otherUs=968 prims=393 usPerPrim=5
[FT] avgMs=16 worstMs=44 gameMs=11 drawMs=5 swapWait=0ms draws=71 decodes=0 decMs=0
[OTS] f=403320 calls=2 n0=2301 n1=274 prims=61347 bb=160,1120,0,694
[OTT] walkUs=2280 texUs=127 emitUs=681 submitUs=470 otherUs=1000 prims=393 usPerPrim=5
[FT] avgMs=16 worstMs=46 gameMs=11 drawMs=5 swapWait=0ms draws=71 decodes=0 decMs=0
[OTS] f=403440 calls=2 n0=2300 n1=274 prims=61033 bb=160,1120,0,694
[OTT] walkUs=2026 texUs=125 emitUs=677 submitUs=188 otherUs=1035 prims=392 usPerPrim=5
[FT] avgMs=16 worstMs=53 gameMs=11 drawMs=5 swapWait=0ms draws=71 decodes=0 decMs=0
[OTS] f=403560 calls=2 n0=2300 n1=274 prims=61306 bb=160,1120,0,694
[OTT] walkUs=2183 texUs=124 emitUs=677 submitUs=329 otherUs=1051 prims=392 usPerPrim=5
[FT] avgMs=16 worstMs=48 gameMs=11 drawMs=5 swapWait=0ms draws=70 decodes=0 decMs=0
[OTS] f=403680 calls=2 n0=2296 n1=274 prims=60994 bb=160,1120,0,694
[OTT] walkUs=2047 texUs=123 emitUs=664 submitUs=185 otherUs=1074 prims=388 usPerPrim=5
[SH-XBOX] vblank 403800
[MEM] tick: free=4016KB (1004 pages)
[FT] avgMs=16 worstMs=44 gameMs=11 drawMs=5 swapWait=0ms draws=70 decodes=0 decMs=0
[OTS] f=403800 calls=2 n0=2300 n1=274 prims=61205 bb=160,1120,0,694
[OTT] walkUs=2034 texUs=124 emitUs=677 submitUs=220 otherUs=1012 prims=392 usPerPrim=5
[FT] avgMs=16 worstMs=46 gameMs=11 drawMs=5 swapWait=0ms draws=71 decodes=0 decMs=0
[OTS] f=403920 calls=2 n0=2298 n1=274 prims=61117 bb=160,1120,0,694
[OTT] walkUs=2081 texUs=123 emitUs=679 submitUs=463 otherUs=814 prims=390 usPerPrim=5
[FT] avgMs=16 worstMs=53 gameMs=11 drawMs=5 swapWait=0ms draws=70 decodes=0 decMs=0
[OTS] f=404040 calls=2 n0=2304 n1=274 prims=61081 bb=160,1120,0,694
[OTT] walkUs=1987 texUs=125 emitUs=694 submitUs=193 otherUs=974 prims=396 usPerPrim=5
[FT] avgMs=16 worstMs=49 gameMs=11 drawMs=5 swapWait=0ms draws=71 decodes=0 decMs=0
[OTS] f=404160 calls=2 n0=2297 n1=274 prims=61177 bb=160,1120,0,694
[OTT] walkUs=2093 texUs=122 emitUs=682 submitUs=369 otherUs=918 prims=389 usPerPrim=5
[FT] avgMs=16 worstMs=45 gameMs=11 drawMs=5 swapWait=0ms draws=71 decodes=0 decMs=0
[OTS] f=404280 calls=2 n0=2301 n1=274 prims=61188 bb=160,1120,0,694
[OTT] walkUs=2010 texUs=125 emitUs=683 submitUs=199 otherUs=1001 prims=393 usPerPrim=5
[SH-XBOX] vblank 404400
[MEM] tick: free=4016KB (1004 pages)
[FT] avgMs=16 worstMs=47 gameMs=11 drawMs=5 swapWait=0ms draws=70 decodes=0 decMs=0
[OTS] f=404400 calls=2 n0=2297 n1=274 prims=61105 bb=160,1120,0,694
[OTT] walkUs=2213 texUs=123 emitUs=672 submitUs=193 otherUs=1224 prims=389 usPerPrim=5
[FT] avgMs=16 worstMs=53 gameMs=11 drawMs=5 swapWait=0ms draws=71 decodes=0 decMs=0
[OTS] f=404520 calls=2 n0=2303 n1=274 prims=61087 bb=160,1120,0,694
[OTT] walkUs=2210 texUs=125 emitUs=690 submitUs=194 otherUs=1200 prims=395 usPerPrim=5
[FT] avgMs=16 worstMs=49 gameMs=11 drawMs=5 swapWait=0ms draws=70 decodes=0 decMs=0
[OTS] f=404640 calls=2 n0=2298 n1=274 prims=61213 bb=160,1120,0,694
[OTT] walkUs=2078 texUs=124 emitUs=674 submitUs=257 otherUs=1021 prims=390 usPerPrim=5
[FT] avgMs=16 worstMs=45 gameMs=11 drawMs=5 swapWait=0ms draws=70 decodes=0 decMs=0
[OTS] f=404760 calls=2 n0=2302 n1=274 prims=61007 bb=160,1120,0,694
[OTT] walkUs=1948 texUs=124 emitUs=685 submitUs=184 otherUs=953 prims=394 usPerPrim=4
[FT] avgMs=16 worstMs=46 gameMs=11 drawMs=5 swapWait=0ms draws=70 decodes=0 decMs=0
[OTS] f=404880 calls=2 n0=2299 n1=274 prims=61189 bb=160,1120,0,694
[OTT] walkUs=2177 texUs=125 emitUs=676 submitUs=228 otherUs=1147 prims=391 usPerPrim=5
[SH-XBOX] vblank 405000
[MEM] tick: free=4016KB (1004 pages)
[FT] avgMs=16 worstMs=54 gameMs=11 drawMs=5 swapWait=1ms draws=71 decodes=0 decMs=0
[OTS] f=405000 calls=2 n0=2300 n1=274 prims=61001 bb=160,1120,0,694
[OTT] walkUs=2324 texUs=124 emitUs=681 submitUs=214 otherUs=1303 prims=392 usPerPrim=5
[FT] avgMs=16 worstMs=49 gameMs=11 drawMs=5 swapWait=0ms draws=70 decodes=0 decMs=0
[OTS] f=405120 calls=2 n0=2298 n1=274 prims=61329 bb=160,1120,0,694
[OTT] walkUs=2184 texUs=125 emitUs=672 submitUs=227 otherUs=1159 prims=390 usPerPrim=5
[FT] avgMs=16 worstMs=45 gameMs=11 drawMs=5 swapWait=0ms draws=70 decodes=0 decMs=0
[OTS] f=405240 calls=2 n0=2302 n1=274 prims=60920 bb=160,1120,0,694
[OTT] walkUs=2369 texUs=124 emitUs=682 submitUs=239 otherUs=1323 prims=394 usPerPrim=6
[FT] avgMs=16 worstMs=46 gameMs=11 drawMs=5 swapWait=0ms draws=71 decodes=0 decMs=0
[OTS] f=405360 calls=2 n0=2300 n1=274 prims=61316 bb=160,1120,0,694
[OTT] walkUs=2329 texUs=124 emitUs=679 submitUs=291 otherUs=1234 prims=392 usPerPrim=5
[FT] avgMs=16 worstMs=53 gameMs=11 drawMs=5 swapWait=0ms draws=70 decodes=0 decMs=0
[OTS] f=405480 calls=2 n0=2297 n1=274 prims=60936 bb=160,1120,0,694
[OTT] walkUs=2115 texUs=123 emitUs=667 submitUs=300 otherUs=1024 prims=389 usPerPrim=5
[SH-XBOX] vblank 405600
[MEM] tick: free=4016KB (1004 pages)
[FT] avgMs=16 worstMs=49 gameMs=11 drawMs=5 swapWait=0ms draws=70 decodes=0 decMs=0
[OTS] f=405600 calls=2 n0=2301 n1=274 prims=61260 bb=160,1120,0,694
[OTT] walkUs=2156 texUs=129 emitUs=679 submitUs=180 otherUs=1167 prims=393 usPerPrim=5
[FT] avgMs=16 worstMs=44 gameMs=11 drawMs=5 swapWait=0ms draws=71 decodes=0 decMs=0
[OTS] f=405720 calls=2 n0=2300 n1=274 prims=61095 bb=160,1120,0,694
[OTT] walkUs=2209 texUs=124 emitUs=682 submitUs=401 otherUs=1001 prims=392 usPerPrim=5
[FT] avgMs=16 worstMs=46 gameMs=11 drawMs=5 swapWait=0ms draws=70 decodes=0 decMs=0
[OTS] f=405840 calls=2 n0=2303 n1=274 prims=61111 bb=160,1120,0,694
[OTT] walkUs=1843 texUs=125 emitUs=691 submitUs=191 otherUs=834 prims=395 usPerPrim=4
[FT] avgMs=16 worstMs=53 gameMs=11 drawMs=5 swapWait=0ms draws=71 decodes=0 decMs=0
[OTS] f=405960 calls=2 n0=2297 n1=274 prims=61138 bb=160,1120,0,694
[OTT] walkUs=2194 texUs=124 emitUs=671 submitUs=204 otherUs=1193 prims=389 usPerPrim=5
[FT] avgMs=16 worstMs=49 gameMs=11 drawMs=5 swapWait=0ms draws=71 decodes=0 decMs=0
[OTS] f=406080 calls=2 n0=2302 n1=274 prims=61202 bb=160,1120,0,694
[OTT] walkUs=2272 texUs=129 emitUs=686 submitUs=189 otherUs=1267 prims=394 usPerPrim=5
[SH-XBOX] vblank 406200
[MEM] tick: free=4016KB (1004 pages)
[FT] avgMs=16 worstMs=45 gameMs=11 drawMs=5 swapWait=0ms draws=71 decodes=0 decMs=0
[OTS] f=406200 calls=2 n0=2296 n1=274 prims=61205 bb=160,1120,0,694
[OTT] walkUs=2051 texUs=122 emitUs=669 submitUs=193 otherUs=1065 prims=388 usPerPrim=5
[FT] avgMs=16 worstMs=46 gameMs=11 drawMs=5 swapWait=1ms draws=70 decodes=0 decMs=0
[OTS] f=406320 calls=2 n0=2296 n1=274 prims=61024 bb=160,1120,0,694
[OTT] walkUs=2180 texUs=123 emitUs=668 submitUs=354 otherUs=1033 prims=388 usPerPrim=5
[FT] avgMs=16 worstMs=53 gameMs=11 drawMs=5 swapWait=0ms draws=70 decodes=0 decMs=0
[OTS] f=406440 calls=2 n0=2298 n1=274 prims=61240 bb=160,1120,0,694
[OTT] walkUs=2132 texUs=123 emitUs=677 submitUs=185 otherUs=1145 prims=390 usPerPrim=5
[FT] avgMs=16 worstMs=49 gameMs=11 drawMs=5 swapWait=0ms draws=71 decodes=0 decMs=0
[OTS] f=406560 calls=2 n0=2303 n1=274 prims=61084 bb=160,1120,0,694
[OTT] walkUs=1998 texUs=125 emitUs=689 submitUs=369 otherUs=813 prims=395 usPerPrim=5
[FT] avgMs=16 worstMs=45 gameMs=11 drawMs=5 swapWait=0ms draws=70 decodes=0 decMs=0
[OTS] f=406680 calls=2 n0=2300 n1=274 prims=61166 bb=160,1120,0,694
[OTT] walkUs=1954 texUs=124 emitUs=682 submitUs=202 otherUs=945 prims=392 usPerPrim=4
[SH-XBOX] vblank 406800
[MEM] tick: free=4016KB (1004 pages)
[FT] avgMs=16 worstMs=46 gameMs=11 drawMs=5 swapWait=0ms draws=71 decodes=0 decMs=0
[OTS] f=406800 calls=2 n0=2301 n1=274 prims=61026 bb=160,1120,0,694
[OTT] walkUs=2099 texUs=124 emitUs=684 submitUs=193 otherUs=1095 prims=393 usPerPrim=5
[FT] avgMs=17 worstMs=65 gameMs=11 drawMs=5 swapWait=0ms draws=70 decodes=0 decMs=0
[OTS] f=406920 calls=2 n0=2298 n1=274 prims=61317 bb=160,1120,0,694
[OTT] walkUs=2229 texUs=123 emitUs=666 submitUs=174 otherUs=1264 prims=390 usPerPrim=5
[FT] avgMs=16 worstMs=43 gameMs=11 drawMs=5 swapWait=0ms draws=70 decodes=0 decMs=0
[OTS] f=407040 calls=2 n0=2301 n1=274 prims=60903 bb=160,1120,0,694
[OTT] walkUs=2154 texUs=127 emitUs=681 submitUs=199 otherUs=1145 prims=393 usPerPrim=5
[FT] avgMs=16 worstMs=45 gameMs=11 drawMs=5 swapWait=0ms draws=71 decodes=0 decMs=0
[OTS] f=407160 calls=2 n0=2302 n1=274 prims=61345 bb=160,1120,0,694
[OTT] walkUs=2388 texUs=125 emitUs=685 submitUs=379 otherUs=1196 prims=394 usPerPrim=6
[FT] avgMs=16 worstMs=51 gameMs=11 drawMs=5 swapWait=0ms draws=70 decodes=0 decMs=0
[OTS] f=407280 calls=2 n0=2298 n1=274 prims=60903 bb=160,1120,0,694
[OTT] walkUs=2223 texUs=124 emitUs=673 submitUs=184 otherUs=1241 prims=390 usPerPrim=5
[SH-XBOX] vblank 407400
[MEM] tick: free=4016KB (1004 pages)
[FT] avgMs=16 worstMs=47 gameMs=11 drawMs=5 swapWait=0ms draws=70 decodes=0 decMs=0
[OTS] f=407400 calls=2 n0=2299 n1=274 prims=61302 bb=160,1120,0,694
[OTT] walkUs=2191 texUs=124 emitUs=676 submitUs=287 otherUs=1103 prims=391 usPerPrim=5
[FT] avgMs=16 worstMs=44 gameMs=11 drawMs=5 swapWait=0ms draws=70 decodes=0 decMs=0
[OTS] f=407520 calls=2 n0=2298 n1=274 prims=60943 bb=160,1120,0,694
[OTT] walkUs=2142 texUs=124 emitUs=674 submitUs=331 otherUs=1011 prims=390 usPerPrim=5
[FT] avgMs=16 worstMs=45 gameMs=11 drawMs=5 swapWait=0ms draws=71 decodes=0 decMs=0
[OTS] f=407640 calls=2 n0=2301 n1=274 prims=61249 bb=160,1120,0,694
[OTT] walkUs=2149 texUs=124 emitUs=684 submitUs=273 otherUs=1066 prims=393 usPerPrim=5
[FT] avgMs=16 worstMs=52 gameMs=11 drawMs=5 swapWait=0ms draws=70 decodes=0 decMs=0
[OTS] f=407760 calls=2 n0=2296 n1=274 prims=61063 bb=160,1120,0,694
[OTT] walkUs=2161 texUs=123 emitUs=668 submitUs=452 otherUs=917 prims=388 usPerPrim=5
[FT] avgMs=16 worstMs=48 gameMs=11 drawMs=5 swapWait=0ms draws=70 decodes=0 decMs=0
[OTS] f=407880 calls=2 n0=2304 n1=274 prims=61149 bb=160,1120,0,694
[OTT] walkUs=2229 texUs=126 emitUs=691 submitUs=340 otherUs=1071 prims=396 usPerPrim=5
[SH-XBOX] vblank 408000
[MEM] tick: free=4016KB (1004 pages)
[FT] avgMs=16 worstMs=43 gameMs=11 drawMs=5 swapWait=0ms draws=71 decodes=0 decMs=0
[OTS] f=408000 calls=2 n0=2297 n1=274 prims=61177 bb=160,1120,0,694
[OTT] walkUs=2368 texUs=122 emitUs=672 submitUs=252 otherUs=1319 prims=389 usPerPrim=6
[FT] avgMs=16 worstMs=44 gameMs=11 drawMs=5 swapWait=0ms draws=70 decodes=0 decMs=0
[OTS] f=408120 calls=2 n0=2300 n1=274 prims=61044 bb=160,1120,0,694
[OTT] walkUs=2358 texUs=127 emitUs=673 submitUs=269 otherUs=1288 prims=392 usPerPrim=6
[FT] avgMs=16 worstMs=47 gameMs=11 drawMs=5 swapWait=1ms draws=70 decodes=0 decMs=0
[OTS] f=408240 calls=2 n0=2296 n1=274 prims=61222 bb=160,1120,0,694
[OTT] walkUs=2038 texUs=122 emitUs=666 submitUs=195 otherUs=1053 prims=388 usPerPrim=5
[FT] avgMs=16 worstMs=42 gameMs=11 drawMs=5 swapWait=0ms draws=71 decodes=0 decMs=0
[OTS] f=408360 calls=2 n0=2303 n1=274 prims=61115 bb=160,1120,0,694
[OTT] walkUs=2634 texUs=128 emitUs=685 submitUs=398 otherUs=1421 prims=395 usPerPrim=6
[FT] avgMs=16 worstMs=44 gameMs=11 drawMs=5 swapWait=0ms draws=70 decodes=0 decMs=0
[OTS] f=408480 calls=2 n0=2300 n1=274 prims=61155 bb=160,1120,0,694
[OTT] walkUs=1994 texUs=124 emitUs=678 submitUs=180 otherUs=1011 prims=392 usPerPrim=5
[SH-XBOX] vblank 408600
[MEM] tick: free=4016KB (1004 pages)
[FT] avgMs=16 worstMs=45 gameMs=11 drawMs=5 swapWait=1ms draws=71 decodes=0 decMs=0
[OTS] f=408600 calls=2 n0=2302 n1=274 prims=61035 bb=160,1120,0,694
[OTT] walkUs=1980 texUs=124 emitUs=685 submitUs=319 otherUs=850 prims=394 usPerPrim=5
[FT] avgMs=16 worstMs=52 gameMs=11 drawMs=5 swapWait=0ms draws=71 decodes=0 decMs=0
[OTS] f=408720 calls=2 n0=2298 n1=274 prims=61331 bb=160,1120,0,694
[OTT] walkUs=2047 texUs=123 emitUs=679 submitUs=178 otherUs=1067 prims=390 usPerPrim=5
[FT] avgMs=16 worstMs=48 gameMs=11 drawMs=5 swapWait=0ms draws=71 decodes=0 decMs=0
[OTS] f=408840 calls=2 n0=2300 n1=274 prims=61017 bb=160,1120,0,694
[OTT] walkUs=1915 texUs=127 emitUs=678 submitUs=305 otherUs=803 prims=392 usPerPrim=4
[FT] avgMs=16 worstMs=44 gameMs=11 drawMs=5 swapWait=0ms draws=70 decodes=0 decMs=0
[OTS] f=408960 calls=2 n0=2301 n1=274 prims=61201 bb=160,1120,0,694
[OTT] walkUs=2253 texUs=124 emitUs=685 submitUs=491 otherUs=951 prims=393 usPerPrim=5
[FT] avgMs=16 worstMs=45 gameMs=11 drawMs=5 swapWait=0ms draws=71 decodes=0 decMs=0
[OTS] f=409080 calls=2 n0=2302 n1=274 prims=61018 bb=160,1120,0,694
[OTT] walkUs=1928 texUs=124 emitUs=683 submitUs=193 otherUs=926 prims=394 usPerPrim=4
[SH-XBOX] vblank 409200
[MEM] tick: free=4016KB (1004 pages)
[FT] avgMs=16 worstMs=53 gameMs=11 drawMs=5 swapWait=0ms draws=71 decodes=0 decMs=0
[OTS] f=409200 calls=2 n0=2299 n1=274 prims=61342 bb=160,1120,0,694
[OTT] walkUs=2238 texUs=123 emitUs=680 submitUs=273 otherUs=1159 prims=391 usPerPrim=5
[FT] avgMs=16 worstMs=48 gameMs=11 drawMs=5 swapWait=0ms draws=70 decodes=0 decMs=0
[OTS] f=409320 calls=2 n0=2299 n1=274 prims=60898 bb=160,1120,0,694
[OTT] walkUs=2073 texUs=123 emitUs=682 submitUs=444 otherUs=821 prims=391 usPerPrim=5
[FT] avgMs=16 worstMs=43 gameMs=11 drawMs=5 swapWait=0ms draws=71 decodes=0 decMs=0
[OTS] f=409440 calls=2 n0=2302 n1=274 prims=61284 bb=160,1120,0,694
[OTT] walkUs=2209 texUs=126 emitUs=682 submitUs=498 otherUs=902 prims=394 usPerPrim=5
[FT] avgMs=16 worstMs=45 gameMs=11 drawMs=5 swapWait=0ms draws=70 decodes=0 decMs=0
[OTS] f=409560 calls=2 n0=2298 n1=274 prims=61029 bb=160,1120,0,694
[OTT] walkUs=2032 texUs=125 emitUs=670 submitUs=313 otherUs=923 prims=390 usPerPrim=5
[FT] avgMs=16 worstMs=52 gameMs=11 drawMs=5 swapWait=0ms draws=70 decodes=0 decMs=0
[OTS] f=409680 calls=2 n0=2303 n1=274 prims=61193 bb=160,1120,0,694
[OTT] walkUs=2154 texUs=125 emitUs=689 submitUs=237 otherUs=1102 prims=395 usPerPrim=5
[SH-XBOX] vblank 409800
[MEM] tick: free=4016KB (1004 pages)
[FT] avgMs=16 worstMs=48 gameMs=11 drawMs=5 swapWait=0ms draws=71 decodes=0 decMs=0
[OTS] f=409800 calls=2 n0=2297 n1=274 prims=61137 bb=160,1120,0,694
[OTT] walkUs=1924 texUs=123 emitUs=672 submitUs=333 otherUs=794 prims=389 usPerPrim=4
[FT] avgMs=16 worstMs=43 gameMs=11 drawMs=5 swapWait=0ms draws=70 decodes=0 decMs=0
[OTS] f=409920 calls=2 n0=2302 n1=274 prims=61046 bb=160,1120,0,694
[OTT] walkUs=2065 texUs=127 emitUs=687 submitUs=198 otherUs=1052 prims=394 usPerPrim=5
[FT] avgMs=16 worstMs=46 gameMs=11 drawMs=5 swapWait=0ms draws=71 decodes=0 decMs=0
[OTS] f=410040 calls=2 n0=2295 n1=274 prims=61212 bb=160,1120,0,694
[OTT] walkUs=2178 texUs=122 emitUs=671 submitUs=441 otherUs=942 prims=387 usPerPrim=5
[FT] avgMs=16 worstMs=52 gameMs=11 drawMs=5 swapWait=0ms draws=70 decodes=0 decMs=0
[OTS] f=410160 calls=2 n0=2298 n1=274 prims=61022 bb=160,1120,0,694
[OTT] walkUs=2330 texUs=123 emitUs=675 submitUs=421 otherUs=1109 prims=390 usPerPrim=5
[FT] avgMs=16 worstMs=48 gameMs=11 drawMs=5 swapWait=0ms draws=71 decodes=0 decMs=0
[OTS] f=410280 calls=2 n0=2298 n1=274 prims=61266 bb=160,1120,0,694
[OTT] walkUs=2166 texUs=122 emitUs=677 submitUs=203 otherUs=1161 prims=390 usPerPrim=5
[SH-XBOX] vblank 410400
[MEM] tick: free=4016KB (1004 pages)
[FT] avgMs=16 worstMs=44 gameMs=11 drawMs=5 swapWait=0ms draws=70 decodes=0 decMs=0
[OTS] f=410400 calls=2 n0=2301 n1=274 prims=60984 bb=160,1120,0,694
[OTT] walkUs=2234 texUs=125 emitUs=681 submitUs=189 otherUs=1238 prims=393 usPerPrim=5
[FT] avgMs=16 worstMs=45 gameMs=11 drawMs=5 swapWait=0ms draws=70 decodes=0 decMs=0
[OTS] f=410520 calls=2 n0=2299 n1=274 prims=61254 bb=160,1120,0,694
[OTT] walkUs=2280 texUs=128 emitUs=674 submitUs=499 otherUs=977 prims=391 usPerPrim=5
[FT] avgMs=16 worstMs=52 gameMs=11 drawMs=5 swapWait=0ms draws=71 decodes=0 decMs=0
[OTS] f=410640 calls=2 n0=2301 n1=274 prims=61039 bb=160,1120,0,694
[OTT] walkUs=2325 texUs=125 emitUs=686 submitUs=220 otherUs=1292 prims=393 usPerPrim=5
[FT] avgMs=16 worstMs=48 gameMs=11 drawMs=5 swapWait=0ms draws=70 decodes=0 decMs=0
[OTS] f=410760 calls=2 n0=2301 n1=274 prims=61200 bb=160,1120,0,694
[OTT] walkUs=2207 texUs=124 emitUs=685 submitUs=196 otherUs=1200 prims=393 usPerPrim=5
[FT] avgMs=16 worstMs=44 gameMs=11 drawMs=5 swapWait=0ms draws=71 decodes=0 decMs=0
[OTS] f=410880 calls=2 n0=2301 n1=274 prims=60989 bb=160,1120,0,694
[OTT] walkUs=2398 texUs=123 emitUs=687 submitUs=527 otherUs=1059 prims=393 usPerPrim=6
[SH-XBOX] vblank 411000
[MEM] tick: free=4016KB (1004 pages)
[FT] avgMs=16 worstMs=45 gameMs=11 drawMs=5 swapWait=0ms draws=71 decodes=0 decMs=0
[OTS] f=411000 calls=2 n0=2302 n1=274 prims=61375 bb=160,1120,0,694
[OTT] walkUs=2049 texUs=124 emitUs=686 submitUs=450 otherUs=787 prims=394 usPerPrim=5
[FT] avgMs=16 worstMs=53 gameMs=11 drawMs=5 swapWait=0ms draws=70 decodes=0 decMs=0
[OTS] f=411120 calls=2 n0=2300 n1=274 prims=60877 bb=160,1120,0,694
[OTT] walkUs=2159 texUs=124 emitUs=681 submitUs=291 otherUs=1063 prims=392 usPerPrim=5
[FT] avgMs=16 worstMs=48 gameMs=11 drawMs=5 swapWait=0ms draws=71 decodes=0 decMs=0
[OTS] f=411240 calls=2 n0=2300 n1=274 prims=61306 bb=160,1120,0,694
[OTT] walkUs=2001 texUs=124 emitUs=678 submitUs=308 otherUs=889 prims=392 usPerPrim=5
[FT] avgMs=16 worstMs=44 gameMs=11 drawMs=5 swapWait=0ms draws=71 decodes=0 decMs=0
[OTS] f=411360 calls=2 n0=2298 n1=274 prims=61063 bb=160,1120,0,694
[OTT] walkUs=1933 texUs=123 emitUs=674 submitUs=191 otherUs=943 prims=390 usPerPrim=4
[FT] avgMs=16 worstMs=45 gameMs=11 drawMs=5 swapWait=0ms draws=71 decodes=0 decMs=0
[OTS] f=411480 calls=2 n0=2301 n1=274 prims=61279 bb=160,1120,0,694
[OTT] walkUs=1886 texUs=125 emitUs=681 submitUs=254 otherUs=825 prims=393 usPerPrim=4
[SH-XBOX] vblank 411600
[MEM] tick: free=4016KB (1004 pages)
[FT] avgMs=16 worstMs=53 gameMs=11 drawMs=5 swapWait=0ms draws=70 decodes=0 decMs=0
[OTS] f=411600 calls=2 n0=2298 n1=274 prims=60973 bb=160,1120,0,694
[OTT] walkUs=2161 texUs=123 emitUs=679 submitUs=209 otherUs=1148 prims=390 usPerPrim=5
[FT] avgMs=16 worstMs=48 gameMs=11 drawMs=5 swapWait=0ms draws=71 decodes=0 decMs=0
[OTS] f=411720 calls=2 n0=2304 n1=274 prims=61208 bb=160,1120,0,694
[OTT] walkUs=2175 texUs=125 emitUs=688 submitUs=198 otherUs=1162 prims=396 usPerPrim=5
[FT] avgMs=16 worstMs=43 gameMs=11 drawMs=5 swapWait=1ms draws=70 decodes=0 decMs=0
[OTS] f=411840 calls=2 n0=2294 n1=274 prims=61181 bb=160,1120,0,694
[OTT] walkUs=2036 texUs=122 emitUs=658 submitUs=183 otherUs=1071 prims=386 usPerPrim=5
[FT] avgMs=16 worstMs=45 gameMs=11 drawMs=5 swapWait=0ms draws=70 decodes=0 decMs=0
[OTS] f=411960 calls=2 n0=2302 n1=274 prims=61060 bb=160,1120,0,694
[OTT] walkUs=2112 texUs=125 emitUs=687 submitUs=192 otherUs=1107 prims=394 usPerPrim=5
[FT] avgMs=16 worstMs=52 gameMs=11 drawMs=5 swapWait=0ms draws=71 decodes=0 decMs=0
[OTS] f=412080 calls=2 n0=2297 n1=274 prims=61230 bb=160,1120,0,694
[OTT] walkUs=2155 texUs=126 emitUs=672 submitUs=291 otherUs=1065 prims=389 usPerPrim=5
[SH-XBOX] vblank 412200
[MEM] tick: free=4016KB (1004 pages)
[FT] avgMs=16 worstMs=48 gameMs=11 drawMs=5 swapWait=0ms draws=70 decodes=0 decMs=0
[OTS] f=412200 calls=2 n0=2301 n1=274 prims=61001 bb=160,1120,0,694
[OTT] walkUs=2276 texUs=125 emitUs=683 submitUs=187 otherUs=1280 prims=393 usPerPrim=5
[FT] avgMs=16 worstMs=43 gameMs=11 drawMs=5 swapWait=0ms draws=70 decodes=0 decMs=0
[OTS] f=412320 calls=2 n0=2299 n1=274 prims=61264 bb=160,1120,0,694
[OTT] walkUs=1916 texUs=125 emitUs=677 submitUs=222 otherUs=890 prims=391 usPerPrim=4
[FT] avgMs=16 worstMs=45 gameMs=11 drawMs=5 swapWait=0ms draws=71 decodes=0 decMs=0
[OTS] f=412440 calls=2 n0=2302 n1=274 prims=61043 bb=160,1120,0,694
[OTT] walkUs=2108 texUs=124 emitUs=686 submitUs=194 otherUs=1103 prims=394 usPerPrim=5
[FT] avgMs=16 worstMs=52 gameMs=11 drawMs=5 swapWait=0ms draws=70 decodes=0 decMs=0
[OTS] f=412560 calls=2 n0=2299 n1=274 prims=61189 bb=160,1120,0,694
[OTT] walkUs=2037 texUs=123 emitUs=684 submitUs=256 otherUs=972 prims=391 usPerPrim=5
[FT] avgMs=16 worstMs=48 gameMs=11 drawMs=5 swapWait=0ms draws=70 decodes=0 decMs=0
[OTS] f=412680 calls=2 n0=2298 n1=274 prims=60979 bb=160,1120,0,694
[OTT] walkUs=2142 texUs=125 emitUs=673 submitUs=346 otherUs=995 prims=390 usPerPrim=5
[SH-XBOX] vblank 412800
[MEM] tick: free=4016KB (1004 pages)
[FT] avgMs=16 worstMs=44 gameMs=11 drawMs=5 swapWait=0ms draws=70 decodes=0 decMs=0
[OTS] f=412800 calls=2 n0=2301 n1=274 prims=61253 bb=160,1120,0,694
[OTT] walkUs=2182 texUs=124 emitUs=681 submitUs=248 otherUs=1127 prims=393 usPerPrim=5
[FT] avgMs=16 worstMs=46 gameMs=11 drawMs=5 swapWait=0ms draws=71 decodes=0 decMs=0
[OTS] f=412920 calls=2 n0=2302 n1=274 prims=61018 bb=160,1120,0,694
[OTT] walkUs=2192 texUs=125 emitUs=691 submitUs=221 otherUs=1154 prims=394 usPerPrim=5
[FT] avgMs=16 worstMs=53 gameMs=11 drawMs=5 swapWait=0ms draws=70 decodes=0 decMs=0
[OTS] f=413040 calls=2 n0=2298 n1=274 prims=61214 bb=160,1120,0,694
[OTT] walkUs=2265 texUs=125 emitUs=673 submitUs=316 otherUs=1150 prims=390 usPerPrim=5
[FT] avgMs=16 worstMs=48 gameMs=11 drawMs=5 swapWait=0ms draws=70 decodes=0 decMs=0
[OTS] f=413160 calls=2 n0=2298 n1=274 prims=60998 bb=160,1120,0,694
[OTT] walkUs=2160 texUs=124 emitUs=675 submitUs=285 otherUs=1075 prims=390 usPerPrim=5
[FT] avgMs=16 worstMs=43 gameMs=11 drawMs=5 swapWait=0ms draws=71 decodes=0 decMs=0
[OTS] f=413280 calls=2 n0=2302 n1=274 prims=61312 bb=160,1120,0,694
[OTT] walkUs=2336 texUs=124 emitUs=687 submitUs=407 otherUs=1116 prims=394 usPerPrim=5
[SH-XBOX] vblank 413400
[MEM] tick: free=4016KB (1004 pages)
[FT] avgMs=16 worstMs=45 gameMs=11 drawMs=5 swapWait=0ms draws=70 decodes=0 decMs=0
[OTS] f=413400 calls=2 n0=2300 n1=274 prims=60955 bb=160,1120,0,694
[OTT] walkUs=2370 texUs=125 emitUs=677 submitUs=430 otherUs=1137 prims=392 usPerPrim=6
[FT] avgMs=16 worstMs=53 gameMs=11 drawMs=5 swapWait=1ms draws=71 decodes=0 decMs=0
[OTS] f=413520 calls=2 n0=2303 n1=274 prims=61237 bb=160,1120,0,694
[OTT] walkUs=2280 texUs=125 emitUs=689 submitUs=291 otherUs=1173 prims=395 usPerPrim=5
[FT] avgMs=16 worstMs=48 gameMs=11 drawMs=5 swapWait=0ms draws=70 decodes=0 decMs=0
[OTS] f=413640 calls=2 n0=2294 n1=274 prims=61129 bb=160,1120,0,694
[OTT] walkUs=2335 texUs=123 emitUs=658 submitUs=442 otherUs=1110 prims=386 usPerPrim=6
[FT] avgMs=16 worstMs=44 gameMs=11 drawMs=5 swapWait=0ms draws=70 decodes=0 decMs=0
[OTS] f=413760 calls=2 n0=2302 n1=274 prims=61082 bb=160,1120,0,694
[OTT] walkUs=2368 texUs=124 emitUs=685 submitUs=501 otherUs=1057 prims=394 usPerPrim=6
[FT] avgMs=16 worstMs=45 gameMs=11 drawMs=5 swapWait=0ms draws=71 decodes=0 decMs=0
[OTS] f=413880 calls=2 n0=2296 n1=274 prims=61205 bb=160,1120,0,694
[OTT] walkUs=2080 texUs=126 emitUs=668 submitUs=176 otherUs=1109 prims=388 usPerPrim=5
[SH-XBOX] vblank 414000
[MEM] tick: free=4016KB (1004 pages)
[FT] avgMs=16 worstMs=53 gameMs=11 drawMs=5 swapWait=1ms draws=71 decodes=0 decMs=0
[OTS] f=414000 calls=2 n0=2298 n1=274 prims=61128 bb=160,1120,0,694
[OTT] walkUs=2018 texUs=122 emitUs=677 submitUs=254 otherUs=963 prims=390 usPerPrim=5
[FT] avgMs=16 worstMs=49 gameMs=11 drawMs=5 swapWait=0ms draws=71 decodes=0 decMs=0
[OTS] f=414120 calls=2 n0=2297 n1=274 prims=61293 bb=160,1120,0,694
[OTT] walkUs=2227 texUs=122 emitUs=675 submitUs=189 otherUs=1240 prims=389 usPerPrim=5
[FT] avgMs=16 worstMs=44 gameMs=11 drawMs=5 swapWait=0ms draws=70 decodes=0 decMs=0
[OTS] f=414240 calls=2 n0=2303 n1=274 prims=60930 bb=160,1120,0,694
[OTT] walkUs=2382 texUs=126 emitUs=690 submitUs=226 otherUs=1338 prims=395 usPerPrim=6
[FT] avgMs=16 worstMs=45 gameMs=11 drawMs=5 swapWait=0ms draws=71 decodes=0 decMs=0
[OTS] f=414360 calls=2 n0=2300 n1=274 prims=61294 bb=160,1120,0,694
[OTT] walkUs=2053 texUs=127 emitUs=678 submitUs=183 otherUs=1063 prims=392 usPerPrim=5
[FT] avgMs=16 worstMs=52 gameMs=11 drawMs=5 swapWait=0ms draws=70 decodes=0 decMs=0
[OTS] f=414480 calls=2 n0=2299 n1=274 prims=60989 bb=160,1120,0,694
[OTT] walkUs=2166 texUs=124 emitUs=676 submitUs=175 otherUs=1190 prims=391 usPerPrim=5
[SH-XBOX] vblank 414600
[MEM] tick: free=4016KB (1004 pages)
[FT] avgMs=16 worstMs=49 gameMs=11 drawMs=5 swapWait=0ms draws=70 decodes=0 decMs=0
[OTS] f=414600 calls=2 n0=2301 n1=274 prims=61268 bb=160,1120,0,694
[OTT] walkUs=2282 texUs=124 emitUs=684 submitUs=344 otherUs=1128 prims=393 usPerPrim=5
[FT] avgMs=16 worstMs=43 gameMs=11 drawMs=5 swapWait=0ms draws=71 decodes=0 decMs=0
[OTS] f=414720 calls=2 n0=2301 n1=274 prims=60990 bb=160,1120,0,694
[OTT] walkUs=1994 texUs=124 emitUs=683 submitUs=228 otherUs=958 prims=393 usPerPrim=5
[FT] avgMs=17 worstMs=69 gameMs=11 drawMs=5 swapWait=0ms draws=70 decodes=0 decMs=0
[OTS] f=414840 calls=2 n0=2300 n1=274 prims=61226 bb=160,1120,0,694
[OTT] walkUs=1912 texUs=125 emitUs=680 submitUs=249 otherUs=857 prims=392 usPerPrim=4
[FT] avgMs=16 worstMs=47 gameMs=11 drawMs=5 swapWait=0ms draws=70 decodes=0 decMs=0
[OTS] f=414960 calls=2 n0=2299 n1=274 prims=61001 bb=160,1120,0,694
[OTT] walkUs=2139 texUs=123 emitUs=678 submitUs=253 otherUs=1084 prims=391 usPerPrim=5
[FT] avgMs=16 worstMs=42 gameMs=11 drawMs=5 swapWait=0ms draws=71 decodes=0 decMs=0
[OTS] f=415080 calls=2 n0=2300 n1=274 prims=61330 bb=160,1120,0,694
[OTT] walkUs=2080 texUs=125 emitUs=679 submitUs=204 otherUs=1070 prims=392 usPerPrim=5
[SH-XBOX] vblank 415200
[MEM] tick: free=4016KB (1004 pages)
[FT] avgMs=16 worstMs=44 gameMs=11 drawMs=5 swapWait=0ms draws=70 decodes=0 decMs=0
[OTS] f=415200 calls=2 n0=2298 n1=274 prims=60935 bb=160,1120,0,694
[OTT] walkUs=2354 texUs=122 emitUs=677 submitUs=399 otherUs=1155 prims=390 usPerPrim=6
[FT] avgMs=16 worstMs=46 gameMs=11 drawMs=5 swapWait=0ms draws=70 decodes=0 decMs=0
[OTS] f=415320 calls=2 n0=2299 n1=274 prims=61195 bb=160,1120,0,694
[OTT] walkUs=2037 texUs=134 emitUs=674 submitUs=266 otherUs=962 prims=391 usPerPrim=5
[FT] avgMs=16 worstMs=53 gameMs=11 drawMs=5 swapWait=0ms draws=70 decodes=0 decMs=0
[OTS] f=415440 calls=2 n0=2297 n1=274 prims=61045 bb=160,1120,0,694
[OTT] walkUs=2213 texUs=124 emitUs=677 submitUs=333 otherUs=1077 prims=389 usPerPrim=5
[FT] avgMs=16 worstMs=48 gameMs=11 drawMs=5 swapWait=0ms draws=71 decodes=0 decMs=0
[OTS] f=415560 calls=2 n0=2304 n1=274 prims=61220 bb=160,1120,0,694
[OTT] walkUs=2184 texUs=131 emitUs=692 submitUs=196 otherUs=1164 prims=396 usPerPrim=5
[FT] avgMs=16 worstMs=44 gameMs=11 drawMs=5 swapWait=0ms draws=70 decodes=0 decMs=0
[OTS] f=415680 calls=2 n0=2297 n1=274 prims=61049 bb=160,1120,0,694
[OTT] walkUs=2252 texUs=122 emitUs=674 submitUs=337 otherUs=1117 prims=389 usPerPrim=5
[SH-XBOX] vblank 415800
[MEM] tick: free=4016KB (1004 pages)
[FT] avgMs=16 worstMs=45 gameMs=11 drawMs=5 swapWait=0ms draws=71 decodes=0 decMs=0
[OTS] f=415800 calls=2 n0=2302 n1=274 prims=61161 bb=160,1120,0,694
[OTT] walkUs=2246 texUs=125 emitUs=687 submitUs=299 otherUs=1135 prims=394 usPerPrim=5
[FT] avgMs=16 worstMs=53 gameMs=11 drawMs=5 swapWait=0ms draws=71 decodes=0 decMs=0
[OTS] f=415920 calls=2 n0=2297 n1=274 prims=61260 bb=160,1120,0,694
[OTT] walkUs=2095 texUs=123 emitUs=676 submitUs=213 otherUs=1082 prims=389 usPerPrim=5
[FT] avgMs=16 worstMs=48 gameMs=11 drawMs=5 swapWait=0ms draws=70 decodes=0 decMs=0
[OTS] f=416040 calls=2 n0=2303 n1=274 prims=60959 bb=160,1120,0,694
[OTT] walkUs=2312 texUs=128 emitUs=689 submitUs=421 otherUs=1072 prims=395 usPerPrim=5
[FT] avgMs=16 worstMs=44 gameMs=11 drawMs=5 swapWait=1ms draws=71 decodes=0 decMs=0
[OTS] f=416160 calls=2 n0=2300 n1=274 prims=61284 bb=160,1120,0,694
[OTT] walkUs=2313 texUs=128 emitUs=678 submitUs=256 otherUs=1250 prims=392 usPerPrim=5
[FT] avgMs=16 worstMs=45 gameMs=11 drawMs=5 swapWait=0ms draws=70 decodes=0 decMs=0
[OTS] f=416280 calls=2 n0=2300 n1=274 prims=60981 bb=160,1120,0,694
[OTT] walkUs=2369 texUs=124 emitUs=678 submitUs=187 otherUs=1379 prims=392 usPerPrim=6
[SH-XBOX] vblank 416400
[MEM] tick: free=4016KB (1004 pages)
[FT] avgMs=16 worstMs=53 gameMs=11 drawMs=5 swapWait=0ms draws=70 decodes=0 decMs=0
[OTS] f=416400 calls=2 n0=2299 n1=274 prims=61274 bb=160,1120,0,694
[OTT] walkUs=2331 texUs=123 emitUs=675 submitUs=302 otherUs=1229 prims=391 usPerPrim=5
[FT] avgMs=16 worstMs=49 gameMs=11 drawMs=5 swapWait=0ms draws=71 decodes=0 decMs=0
[OTS] f=416520 calls=2 n0=2300 n1=274 prims=61001 bb=160,1120,0,694
[OTT] walkUs=2197 texUs=124 emitUs=682 submitUs=189 otherUs=1201 prims=392 usPerPrim=5
[FT] avgMs=16 worstMs=44 gameMs=11 drawMs=5 swapWait=1ms draws=71 decodes=0 decMs=0
[OTS] f=416640 calls=2 n0=2301 n1=274 prims=61329 bb=160,1120,0,694
[OTT] walkUs=1982 texUs=124 emitUs=680 submitUs=179 otherUs=997 prims=393 usPerPrim=5
[FT] avgMs=16 worstMs=46 gameMs=11 drawMs=5 swapWait=0ms draws=71 decodes=0 decMs=0
[OTS] f=416760 calls=2 n0=2301 n1=274 prims=61028 bb=160,1120,0,694
[OTT] walkUs=2214 texUs=125 emitUs=685 submitUs=284 otherUs=1118 prims=393 usPerPrim=5
[FT] avgMs=16 worstMs=53 gameMs=11 drawMs=5 swapWait=0ms draws=70 decodes=0 decMs=0
[OTS] f=416880 calls=2 n0=2300 n1=274 prims=61208 bb=160,1120,0,694
[OTT] walkUs=2120 texUs=124 emitUs=678 submitUs=183 otherUs=1133 prims=392 usPerPrim=5
[SH-XBOX] vblank 417000
[MEM] tick: free=4016KB (1004 pages)
[FT] avgMs=16 worstMs=49 gameMs=11 drawMs=5 swapWait=0ms draws=71 decodes=0 decMs=0
[OTS] f=417000 calls=2 n0=2299 n1=274 prims=61022 bb=160,1120,0,694
[OTT] walkUs=2153 texUs=124 emitUs=679 submitUs=175 otherUs=1173 prims=391 usPerPrim=5
[FT] avgMs=16 worstMs=44 gameMs=11 drawMs=5 swapWait=0ms draws=70 decodes=0 decMs=0
[OTS] f=417120 calls=2 n0=2300 n1=274 prims=61214 bb=160,1120,0,694
[OTT] walkUs=1924 texUs=125 emitUs=679 submitUs=198 otherUs=921 prims=392 usPerPrim=4
[FT] avgMs=16 worstMs=46 gameMs=11 drawMs=5 swapWait=0ms draws=70 decodes=0 decMs=0
[OTS] f=417240 calls=2 n0=2299 n1=274 prims=61047 bb=160,1120,0,694
[OTT] walkUs=2069 texUs=123 emitUs=677 submitUs=182 otherUs=1086 prims=391 usPerPrim=5
[FT] avgMs=16 worstMs=53 gameMs=11 drawMs=5 swapWait=0ms draws=71 decodes=0 decMs=0
[OTS] f=417360 calls=2 n0=2303 n1=274 prims=61245 bb=160,1120,0,694
[OTT] walkUs=2392 texUs=125 emitUs=688 submitUs=389 otherUs=1188 prims=395 usPerPrim=6
[FT] avgMs=16 worstMs=48 gameMs=11 drawMs=5 swapWait=0ms draws=70 decodes=0 decMs=0
[OTS] f=417480 calls=2 n0=2297 n1=274 prims=61009 bb=160,1120,0,694
[OTT] walkUs=1919 texUs=123 emitUs=676 submitUs=190 otherUs=928 prims=389 usPerPrim=4
[SH-XBOX] vblank 417600
[MEM] tick: free=4016KB (1004 pages)
[FT] avgMs=16 worstMs=44 gameMs=11 drawMs=5 swapWait=0ms draws=71 decodes=0 decMs=0
[OTS] f=417600 calls=2 n0=2302 n1=274 prims=61172 bb=160,1120,0,694
[OTT] walkUs=2037 texUs=125 emitUs=683 submitUs=279 otherUs=948 prims=394 usPerPrim=5
[FT] avgMs=16 worstMs=46 gameMs=11 drawMs=5 swapWait=0ms draws=71 decodes=0 decMs=0
[OTS] f=417720 calls=2 n0=2296 n1=274 prims=61235 bb=160,1120,0,694
[OTT] walkUs=1914 texUs=125 emitUs=669 submitUs=244 otherUs=873 prims=388 usPerPrim=4
[FT] avgMs=16 worstMs=53 gameMs=11 drawMs=5 swapWait=0ms draws=70 decodes=0 decMs=0
[OTS] f=417840 calls=2 n0=2298 n1=274 prims=60998 bb=160,1120,0,694
[OTT] walkUs=2211 texUs=123 emitUs=680 submitUs=321 otherUs=1086 prims=390 usPerPrim=5
[FT] avgMs=16 worstMs=48 gameMs=11 drawMs=5 swapWait=0ms draws=70 decodes=0 decMs=0
[OTS] f=417960 calls=2 n0=2296 n1=274 prims=61180 bb=160,1120,0,694
[OTT] walkUs=1983 texUs=123 emitUs=671 submitUs=216 otherUs=972 prims=388 usPerPrim=5
[FT] avgMs=16 worstMs=44 gameMs=11 drawMs=5 swapWait=1ms draws=70 decodes=0 decMs=0
[OTS] f=418080 calls=2 n0=2302 n1=274 prims=61016 bb=160,1120,0,694
[OTT] walkUs=2184 texUs=128 emitUs=680 submitUs=257 otherUs=1117 prims=394 usPerPrim=5
[SH-XBOX] vblank 418200
[MEM] tick: free=4016KB (1004 pages)
[FT] avgMs=16 worstMs=45 gameMs=11 drawMs=5 swapWait=0ms draws=71 decodes=0 decMs=0
[OTS] f=418200 calls=2 n0=2300 n1=274 prims=61323 bb=160,1120,0,694
[OTT] walkUs=2166 texUs=124 emitUs=680 submitUs=260 otherUs=1101 prims=392 usPerPrim=5
[FT] avgMs=16 worstMs=53 gameMs=11 drawMs=5 swapWait=0ms draws=70 decodes=0 decMs=0
[OTS] f=418320 calls=2 n0=2301 n1=274 prims=60899 bb=160,1120,0,694
[OTT] walkUs=2126 texUs=124 emitUs=685 submitUs=326 otherUs=989 prims=393 usPerPrim=5
[FT] avgMs=16 worstMs=48 gameMs=11 drawMs=5 swapWait=0ms draws=71 decodes=0 decMs=0
[OTS] f=418440 calls=2 n0=2301 n1=274 prims=61328 bb=160,1120,0,694
[OTT] walkUs=2262 texUs=149 emitUs=683 submitUs=440 otherUs=989 prims=393 usPerPrim=5
[FT] avgMs=16 worstMs=44 gameMs=11 drawMs=5 swapWait=0ms draws=70 decodes=0 decMs=0
[OTS] f=418560 calls=2 n0=2298 n1=274 prims=60998 bb=160,1120,0,694
[OTT] walkUs=2205 texUs=124 emitUs=666 submitUs=191 otherUs=1222 prims=390 usPerPrim=5
[FT] avgMs=16 worstMs=45 gameMs=11 drawMs=5 swapWait=0ms draws=70 decodes=0 decMs=0
[OTS] f=418680 calls=2 n0=2302 n1=274 prims=61238 bb=160,1120,0,694
[OTT] walkUs=2430 texUs=124 emitUs=689 submitUs=509 otherUs=1106 prims=394 usPerPrim=6
[SH-XBOX] vblank 418800
[MEM] tick: free=4016KB (1004 pages)
[FT] avgMs=16 worstMs=53 gameMs=11 drawMs=5 swapWait=0ms draws=71 decodes=0 decMs=0
[OTS] f=418800 calls=2 n0=2300 n1=274 prims=61006 bb=160,1120,0,694
[OTT] walkUs=2279 texUs=123 emitUs=680 submitUs=331 otherUs=1144 prims=392 usPerPrim=5
[FT] avgMs=16 worstMs=49 gameMs=11 drawMs=5 swapWait=0ms draws=70 decodes=0 decMs=0
[OTS] f=418920 calls=2 n0=2298 n1=274 prims=61219 bb=160,1120,0,694
[OTT] walkUs=2210 texUs=127 emitUs=670 submitUs=208 otherUs=1204 prims=390 usPerPrim=5
[FT] avgMs=16 worstMs=44 gameMs=11 drawMs=5 swapWait=0ms draws=70 decodes=0 decMs=0
[OTS] f=419040 calls=2 n0=2297 n1=274 prims=61047 bb=160,1120,0,694
[OTT] walkUs=2317 texUs=122 emitUs=669 submitUs=342 otherUs=1183 prims=389 usPerPrim=5
[FT] avgMs=16 worstMs=45 gameMs=11 drawMs=5 swapWait=0ms draws=71 decodes=0 decMs=0
[OTS] f=419160 calls=2 n0=2301 n1=274 prims=61253 bb=160,1120,0,694
[OTT] walkUs=2360 texUs=124 emitUs=684 submitUs=488 otherUs=1062 prims=393 usPerPrim=6
[FT] avgMs=16 worstMs=53 gameMs=11 drawMs=5 swapWait=0ms draws=71 decodes=0 decMs=0
[OTS] f=419280 calls=2 n0=2298 n1=274 prims=61101 bb=160,1120,0,694
[OTT] walkUs=1741 texUs=123 emitUs=672 submitUs=194 otherUs=751 prims=390 usPerPrim=4
[SH-XBOX] vblank 419400
[MEM] tick: free=4016KB (1004 pages)
[FT] avgMs=16 worstMs=49 gameMs=11 drawMs=5 swapWait=0ms draws=70 decodes=0 decMs=0
[OTS] f=419400 calls=2 n0=2302 n1=274 prims=61186 bb=160,1120,0,694
[OTT] walkUs=1966 texUs=126 emitUs=682 submitUs=174 otherUs=982 prims=394 usPerPrim=4
[FT] avgMs=16 worstMs=45 gameMs=11 drawMs=5 swapWait=0ms draws=70 decodes=0 decMs=0
[OTS] f=419520 calls=2 n0=2297 n1=274 prims=61101 bb=160,1120,0,694
[OTT] walkUs=1898 texUs=123 emitUs=678 submitUs=210 otherUs=886 prims=389 usPerPrim=4
[FT] avgMs=16 worstMs=46 gameMs=11 drawMs=5 swapWait=0ms draws=71 decodes=0 decMs=0
[OTS] f=419640 calls=2 n0=2302 n1=274 prims=61161 bb=160,1120,0,694
[OTT] walkUs=2131 texUs=125 emitUs=686 submitUs=292 otherUs=1026 prims=394 usPerPrim=5
[FT] avgMs=16 worstMs=53 gameMs=11 drawMs=5 swapWait=0ms draws=70 decodes=0 decMs=0
[OTS] f=419760 calls=2 n0=2295 n1=274 prims=61128 bb=160,1120,0,694
[OTT] walkUs=2003 texUs=123 emitUs=668 submitUs=185 otherUs=1025 prims=387 usPerPrim=5
[FT] avgMs=16 worstMs=49 gameMs=11 drawMs=5 swapWait=0ms draws=70 decodes=0 decMs=0
[OTS] f=419880 calls=2 n0=2302 n1=274 prims=61066 bb=160,1120,0,694
[OTT] walkUs=1919 texUs=125 emitUs=684 submitUs=293 otherUs=816 prims=394 usPerPrim=4
[SH-XBOX] vblank 420000
[MEM] tick: free=4016KB (1004 pages)
[FT] avgMs=16 worstMs=45 gameMs=11 drawMs=5 swapWait=0ms draws=71 decodes=0 decMs=0
[OTS] f=420000 calls=2 n0=2300 n1=274 prims=61308 bb=160,1120,0,694
[OTT] walkUs=2016 texUs=124 emitUs=682 submitUs=231 otherUs=977 prims=392 usPerPrim=5
[FT] avgMs=16 worstMs=46 gameMs=11 drawMs=5 swapWait=0ms draws=70 decodes=0 decMs=0
[OTS] f=420120 calls=2 n0=2302 n1=274 prims=60907 bb=160,1120,0,694
[OTT] walkUs=1992 texUs=130 emitUs=687 submitUs=209 otherUs=965 prims=394 usPerPrim=5
[FT] avgMs=16 worstMs=54 gameMs=11 drawMs=5 swapWait=0ms draws=71 decodes=0 decMs=0
[OTS] f=420240 calls=2 n0=2299 n1=274 prims=61318 bb=160,1120,0,694
[OTT] walkUs=2184 texUs=124 emitUs=696 submitUs=177 otherUs=1185 prims=391 usPerPrim=5
[FT] avgMs=16 worstMs=48 gameMs=11 drawMs=5 swapWait=0ms draws=70 decodes=0 decMs=0
[OTS] f=420360 calls=2 n0=2297 n1=274 prims=60997 bb=160,1120,0,694
[OTT] walkUs=2049 texUs=123 emitUs=670 submitUs=365 otherUs=889 prims=389 usPerPrim=5
[FT] avgMs=16 worstMs=44 gameMs=11 drawMs=5 swapWait=0ms draws=70 decodes=0 decMs=0
[OTS] f=420480 calls=2 n0=2301 n1=274 prims=61236 bb=160,1120,0,694
[OTT] walkUs=2273 texUs=124 emitUs=684 submitUs=277 otherUs=1187 prims=393 usPerPrim=5
[SH-XBOX] vblank 420600
[MEM] tick: free=4016KB (1004 pages)
[FT] avgMs=16 worstMs=46 gameMs=11 drawMs=5 swapWait=0ms draws=70 decodes=0 decMs=0
[OTS] f=420600 calls=2 n0=2300 n1=274 prims=60900 bb=160,1120,0,694
[OTT] walkUs=2117 texUs=125 emitUs=673 submitUs=388 otherUs=930 prims=392 usPerPrim=5
[FT] avgMs=16 worstMs=53 gameMs=11 drawMs=5 swapWait=0ms draws=70 decodes=0 decMs=0
[OTS] f=420720 calls=2 n0=2300 n1=274 prims=61306 bb=160,1120,0,694
[OTT] walkUs=2029 texUs=124 emitUs=682 submitUs=246 otherUs=976 prims=392 usPerPrim=5
[FT] avgMs=16 worstMs=49 gameMs=11 drawMs=5 swapWait=0ms draws=71 decodes=0 decMs=0
[OTS] f=420840 calls=2 n0=2299 n1=274 prims=61052 bb=160,1120,0,694
[OTT] walkUs=2176 texUs=124 emitUs=683 submitUs=194 otherUs=1173 prims=391 usPerPrim=5
[FT] avgMs=16 worstMs=44 gameMs=11 drawMs=5 swapWait=0ms draws=70 decodes=0 decMs=0
[OTS] f=420960 calls=2 n0=2302 n1=274 prims=61156 bb=160,1120,0,694
[OTT] walkUs=2202 texUs=127 emitUs=683 submitUs=255 otherUs=1136 prims=394 usPerPrim=5
[FT] avgMs=16 worstMs=46 gameMs=11 drawMs=5 swapWait=0ms draws=71 decodes=0 decMs=0
[OTS] f=421080 calls=2 n0=2300 n1=274 prims=61083 bb=160,1120,0,694
[OTT] walkUs=2273 texUs=124 emitUs=682 submitUs=439 otherUs=1028 prims=392 usPerPrim=5
[SH-XBOX] vblank 421200
[MEM] tick: free=4016KB (1004 pages)
[FT] avgMs=16 worstMs=53 gameMs=11 drawMs=5 swapWait=0ms draws=70 decodes=0 decMs=0
[OTS] f=421200 calls=2 n0=2301 n1=274 prims=61199 bb=160,1120,0,694
[OTT] walkUs=2237 texUs=125 emitUs=679 submitUs=301 otherUs=1130 prims=393 usPerPrim=5
[FT] avgMs=16 worstMs=49 gameMs=11 drawMs=5 swapWait=0ms draws=70 decodes=0 decMs=0
[OTS] f=421320 calls=2 n0=2297 n1=274 prims=61077 bb=160,1120,0,694
[OTT] walkUs=2212 texUs=123 emitUs=675 submitUs=350 otherUs=1063 prims=389 usPerPrim=5
[FT] avgMs=16 worstMs=44 gameMs=11 drawMs=5 swapWait=0ms draws=71 decodes=0 decMs=0
[OTS] f=421440 calls=2 n0=2302 n1=274 prims=61172 bb=160,1120,0,694
[OTT] walkUs=2334 texUs=124 emitUs=682 submitUs=346 otherUs=1180 prims=394 usPerPrim=5
[FT] avgMs=16 worstMs=46 gameMs=11 drawMs=5 swapWait=1ms draws=70 decodes=0 decMs=0
[OTS] f=421560 calls=2 n0=2294 n1=274 prims=61087 bb=160,1120,0,694
[OTT] walkUs=2292 texUs=122 emitUs=660 submitUs=186 otherUs=1323 prims=386 usPerPrim=5
[FT] avgMs=16 worstMs=53 gameMs=11 drawMs=5 swapWait=0ms draws=70 decodes=0 decMs=0
[OTS] f=421680 calls=2 n0=2297 n1=274 prims=61126 bb=160,1120,0,694
[OTT] walkUs=1864 texUs=124 emitUs=669 submitUs=188 otherUs=881 prims=389 usPerPrim=4
[SH-XBOX] vblank 421800
[MEM] tick: free=4016KB (1004 pages)
[FT] avgMs=16 worstMs=49 gameMs=11 drawMs=5 swapWait=0ms draws=71 decodes=0 decMs=0
[OTS] f=421800 calls=2 n0=2298 n1=274 prims=61286 bb=160,1120,0,694
[OTT] walkUs=2319 texUs=132 emitUs=677 submitUs=193 otherUs=1315 prims=390 usPerPrim=5
[FT] avgMs=16 worstMs=45 gameMs=11 drawMs=5 swapWait=0ms draws=71 decodes=0 decMs=0
[OTS] f=421920 calls=2 n0=2303 n1=274 prims=61054 bb=160,1120,0,694
[OTT] walkUs=2279 texUs=125 emitUs=685 submitUs=277 otherUs=1190 prims=395 usPerPrim=5
[FT] avgMs=16 worstMs=46 gameMs=11 drawMs=5 swapWait=0ms draws=70 decodes=0 decMs=0
[OTS] f=422040 calls=2 n0=2298 n1=274 prims=61240 bb=160,1120,0,694
[OTT] walkUs=1897 texUs=124 emitUs=687 submitUs=174 otherUs=911 prims=390 usPerPrim=4
[FT] avgMs=16 worstMs=54 gameMs=11 drawMs=5 swapWait=0ms draws=70 decodes=0 decMs=0
[OTS] f=422160 calls=2 n0=2300 n1=274 prims=60977 bb=160,1120,0,694
[OTT] walkUs=2178 texUs=124 emitUs=679 submitUs=411 otherUs=963 prims=392 usPerPrim=5
[FT] avgMs=16 worstMs=49 gameMs=11 drawMs=5 swapWait=0ms draws=71 decodes=0 decMs=0
[OTS] f=422280 calls=2 n0=2301 n1=274 prims=61337 bb=160,1120,0,694
[OTT] walkUs=2113 texUs=125 emitUs=685 submitUs=185 otherUs=1116 prims=393 usPerPrim=5
[SH-XBOX] vblank 422400
[MEM] tick: free=4016KB (1004 pages)
[FT] avgMs=16 worstMs=45 gameMs=11 drawMs=5 swapWait=0ms draws=70 decodes=0 decMs=0
[OTS] f=422400 calls=2 n0=2301 n1=274 prims=60862 bb=160,1120,0,694
[OTT] walkUs=2315 texUs=125 emitUs=688 submitUs=265 otherUs=1235 prims=393 usPerPrim=5
[FT] avgMs=16 worstMs=46 gameMs=11 drawMs=5 swapWait=0ms draws=71 decodes=0 decMs=0
[OTS] f=422520 calls=2 n0=2302 n1=274 prims=61344 bb=160,1120,0,694
[OTT] walkUs=1989 texUs=124 emitUs=687 submitUs=188 otherUs=989 prims=394 usPerPrim=5
[FT] avgMs=17 worstMs=65 gameMs=11 drawMs=5 swapWait=0ms draws=71 decodes=0 decMs=0
[OTS] f=422640 calls=2 n0=2300 n1=274 prims=61036 bb=160,1120,0,694
[OTT] walkUs=2253 texUs=124 emitUs=679 submitUs=302 otherUs=1147 prims=392 usPerPrim=5
[FT] avgMs=16 worstMs=43 gameMs=11 drawMs=5 swapWait=0ms draws=70 decodes=0 decMs=0
[OTS] f=422760 calls=2 n0=2300 n1=274 prims=61177 bb=160,1120,0,694
[OTT] walkUs=2256 texUs=124 emitUs=679 submitUs=248 otherUs=1204 prims=392 usPerPrim=5
[FT] avgMs=16 worstMs=45 gameMs=11 drawMs=5 swapWait=0ms draws=71 decodes=0 decMs=0
[OTS] f=422880 calls=2 n0=2298 n1=274 prims=61064 bb=160,1120,0,694
[OTT] walkUs=1917 texUs=127 emitUs=672 submitUs=207 otherUs=910 prims=390 usPerPrim=4
[SH-XBOX] vblank 423000
[MEM] tick: free=4016KB (1004 pages)
[FT] avgMs=16 worstMs=46 gameMs=11 drawMs=5 swapWait=0ms draws=70 decodes=0 decMs=0
[OTS] f=423000 calls=2 n0=2298 n1=274 prims=61197 bb=160,1120,0,694
[OTT] walkUs=2122 texUs=127 emitUs=667 submitUs=486 otherUs=840 prims=390 usPerPrim=5
[FT] avgMs=16 worstMs=53 gameMs=11 drawMs=5 swapWait=0ms draws=70 decodes=0 decMs=0
[OTS] f=423120 calls=2 n0=2298 n1=274 prims=61054 bb=160,1120,0,694
[OTT] walkUs=1890 texUs=124 emitUs=676 submitUs=256 otherUs=833 prims=390 usPerPrim=4
[FT] avgMs=16 worstMs=49 gameMs=11 drawMs=5 swapWait=0ms draws=70 decodes=0 decMs=0
[OTS] f=423240 calls=2 n0=2304 n1=274 prims=61080 bb=160,1120,0,694
[OTT] walkUs=2212 texUs=126 emitUs=693 submitUs=308 otherUs=1084 prims=396 usPerPrim=5
[FT] avgMs=16 worstMs=44 gameMs=11 drawMs=5 swapWait=0ms draws=71 decodes=0 decMs=0
[OTS] f=423360 calls=2 n0=2297 n1=274 prims=61177 bb=160,1120,0,694
[OTT] walkUs=2034 texUs=123 emitUs=681 submitUs=267 otherUs=962 prims=389 usPerPrim=5
[FT] avgMs=16 worstMs=47 gameMs=11 drawMs=5 swapWait=0ms draws=71 decodes=0 decMs=0
[OTS] f=423480 calls=2 n0=2301 n1=274 prims=61175 bb=160,1120,0,694
[OTT] walkUs=2133 texUs=124 emitUs=678 submitUs=197 otherUs=1133 prims=393 usPerPrim=5
[SH-XBOX] vblank 423600
[MEM] tick: free=4016KB (1004 pages)
[FT] avgMs=16 worstMs=53 gameMs=11 drawMs=5 swapWait=0ms draws=70 decodes=0 decMs=0
[OTS] f=423600 calls=2 n0=2297 n1=274 prims=61118 bb=160,1120,0,694
[OTT] walkUs=2129 texUs=122 emitUs=670 submitUs=279 otherUs=1056 prims=389 usPerPrim=5
[FT] avgMs=16 worstMs=49 gameMs=11 drawMs=5 swapWait=0ms draws=71 decodes=0 decMs=0
[OTS] f=423720 calls=2 n0=2303 n1=274 prims=61086 bb=160,1120,0,694
[OTT] walkUs=2090 texUs=126 emitUs=693 submitUs=252 otherUs=1018 prims=395 usPerPrim=5
[FT] avgMs=16 worstMs=45 gameMs=11 drawMs=5 swapWait=0ms draws=70 decodes=0 decMs=0
[OTS] f=423840 calls=2 n0=2298 n1=274 prims=61214 bb=160,1120,0,694
[OTT] walkUs=2213 texUs=124 emitUs=688 submitUs=423 otherUs=977 prims=390 usPerPrim=5
[FT] avgMs=16 worstMs=46 gameMs=11 drawMs=5 swapWait=0ms draws=70 decodes=0 decMs=0
[OTS] f=423960 calls=2 n0=2301 n1=274 prims=61002 bb=160,1120,0,694
[OTT] walkUs=2229 texUs=127 emitUs=680 submitUs=216 otherUs=1205 prims=393 usPerPrim=5
[FT] avgMs=16 worstMs=53 gameMs=11 drawMs=5 swapWait=0ms draws=71 decodes=0 decMs=0
[OTS] f=424080 calls=2 n0=2299 n1=274 prims=61322 bb=160,1120,0,694
[OTT] walkUs=2205 texUs=124 emitUs=680 submitUs=202 otherUs=1199 prims=391 usPerPrim=5
[SH-XBOX] vblank 424200
[MEM] tick: free=4016KB (1004 pages)
[FT] avgMs=16 worstMs=49 gameMs=11 drawMs=5 swapWait=0ms draws=70 decodes=0 decMs=0
[OTS] f=424200 calls=2 n0=2300 n1=274 prims=60873 bb=160,1120,0,694
[OTT] walkUs=2547 texUs=124 emitUs=678 submitUs=375 otherUs=1370 prims=392 usPerPrim=6
[FT] avgMs=16 worstMs=45 gameMs=11 drawMs=5 swapWait=0ms draws=71 decodes=0 decMs=0
[OTS] f=424320 calls=2 n0=2301 n1=274 prims=61330 bb=160,1120,0,694
[OTT] walkUs=2297 texUs=126 emitUs=684 submitUs=257 otherUs=1229 prims=393 usPerPrim=5
[FT] avgMs=16 worstMs=46 gameMs=11 drawMs=5 swapWait=0ms draws=71 decodes=0 decMs=0
[OTS] f=424440 calls=2 n0=2302 n1=274 prims=61048 bb=160,1120,0,694
[OTT] walkUs=2061 texUs=125 emitUs=682 submitUs=258 otherUs=995 prims=394 usPerPrim=5
[FT] avgMs=16 worstMs=54 gameMs=11 drawMs=5 swapWait=1ms draws=71 decodes=0 decMs=0
[OTS] f=424560 calls=2 n0=2300 n1=274 prims=61317 bb=160,1120,0,694
[OTT] walkUs=2358 texUs=124 emitUs=678 submitUs=535 otherUs=1020 prims=392 usPerPrim=6
[FT] avgMs=16 worstMs=49 gameMs=11 drawMs=5 swapWait=0ms draws=70 decodes=0 decMs=0
[OTS] f=424680 calls=2 n0=2297 n1=274 prims=60936 bb=160,1120,0,694
[OTT] walkUs=2029 texUs=123 emitUs=673 submitUs=204 otherUs=1028 prims=389 usPerPrim=5
[SH-XBOX] vblank 424800
[MEM] tick: free=4016KB (1004 pages)
[FT] avgMs=16 worstMs=45 gameMs=11 drawMs=5 swapWait=0ms draws=70 decodes=0 decMs=0
[OTS] f=424800 calls=2 n0=2301 n1=274 prims=61248 bb=160,1120,0,694
[OTT] walkUs=2102 texUs=124 emitUs=682 submitUs=174 otherUs=1120 prims=393 usPerPrim=5
[FT] avgMs=16 worstMs=53 gameMs=11 drawMs=5 swapWait=0ms draws=71 decodes=0 decMs=0
[OTS] f=424920 calls=2 n0=2300 n1=274 prims=61107 bb=160,1120,0,694
[OTT] walkUs=2207 texUs=123 emitUs=677 submitUs=187 otherUs=1218 prims=392 usPerPrim=5
[FT] avgMs=16 worstMs=47 gameMs=11 drawMs=5 swapWait=0ms draws=70 decodes=0 decMs=0
[OTS] f=425040 calls=2 n0=2303 n1=274 prims=61109 bb=160,1120,0,694
[OTT] walkUs=2300 texUs=126 emitUs=686 submitUs=197 otherUs=1289 prims=395 usPerPrim=5
[FT] avgMs=16 worstMs=43 gameMs=11 drawMs=5 swapWait=0ms draws=71 decodes=0 decMs=0
[OTS] f=425160 calls=2 n0=2297 n1=274 prims=61137 bb=160,1120,0,694
[OTT] walkUs=2031 texUs=127 emitUs=675 submitUs=277 otherUs=950 prims=389 usPerPrim=5
[FT] avgMs=16 worstMs=45 gameMs=11 drawMs=5 swapWait=0ms draws=70 decodes=0 decMs=0
[OTS] f=425280 calls=2 n0=2299 n1=274 prims=61184 bb=160,1120,0,694
[OTT] walkUs=1988 texUs=125 emitUs=669 submitUs=193 otherUs=999 prims=391 usPerPrim=5
[SH-XBOX] vblank 425400
[MEM] tick: free=4016KB (1004 pages)
[FT] avgMs=16 worstMs=47 gameMs=11 drawMs=5 swapWait=0ms draws=70 decodes=0 decMs=0
[OTS] f=425400 calls=2 n0=2296 n1=274 prims=61095 bb=160,1120,0,694
[OTT] walkUs=2152 texUs=123 emitUs=669 submitUs=178 otherUs=1181 prims=388 usPerPrim=5
[FT] avgMs=16 worstMs=53 gameMs=11 drawMs=5 swapWait=0ms draws=71 decodes=0 decMs=0
[OTS] f=425520 calls=2 n0=2298 n1=274 prims=61126 bb=160,1120,0,694
[OTT] walkUs=2033 texUs=123 emitUs=677 submitUs=393 otherUs=838 prims=390 usPerPrim=5
[FT] avgMs=16 worstMs=49 gameMs=11 drawMs=5 swapWait=1ms draws=70 decodes=0 decMs=0
[OTS] f=425640 calls=2 n0=2296 n1=274 prims=61180 bb=160,1120,0,694
[OTT] walkUs=2011 texUs=123 emitUs=665 submitUs=257 otherUs=965 prims=388 usPerPrim=5
[FT] avgMs=16 worstMs=44 gameMs=11 drawMs=5 swapWait=0ms draws=70 decodes=0 decMs=0
[OTS] f=425760 calls=2 n0=2303 n1=274 prims=61042 bb=160,1120,0,694
[OTT] walkUs=2062 texUs=125 emitUs=685 submitUs=328 otherUs=922 prims=395 usPerPrim=5
[FT] avgMs=16 worstMs=47 gameMs=11 drawMs=5 swapWait=0ms draws=70 decodes=0 decMs=0
[OTS] f=425880 calls=2 n0=2300 n1=274 prims=61166 bb=160,1120,0,694
[OTT] walkUs=2111 texUs=124 emitUs=678 submitUs=180 otherUs=1129 prims=392 usPerPrim=5
[SH-XBOX] vblank 426000
[MEM] tick: free=4016KB (1004 pages)
[FT] avgMs=16 worstMs=42 gameMs=11 drawMs=5 swapWait=0ms draws=71 decodes=0 decMs=0
[OTS] f=426000 calls=2 n0=2301 n1=274 prims=61027 bb=160,1120,0,694
[OTT] walkUs=2065 texUs=125 emitUs=681 submitUs=189 otherUs=1069 prims=393 usPerPrim=5
[FT] avgMs=16 worstMs=43 gameMs=11 drawMs=5 swapWait=0ms draws=70 decodes=0 decMs=0
[OTS] f=426120 calls=2 n0=2299 n1=274 prims=61306 bb=160,1120,0,694
[OTT] walkUs=2127 texUs=138 emitUs=672 submitUs=194 otherUs=1121 prims=391 usPerPrim=5
[FT] avgMs=16 worstMs=45 gameMs=11 drawMs=5 swapWait=1ms draws=70 decodes=0 decMs=0
[OTS] f=426240 calls=2 n0=2301 n1=274 prims=60916 bb=160,1120,0,694
[OTT] walkUs=2345 texUs=124 emitUs=684 submitUs=204 otherUs=1331 prims=393 usPerPrim=5
[FT] avgMs=16 worstMs=51 gameMs=11 drawMs=5 swapWait=0ms draws=71 decodes=0 decMs=0
[OTS] f=426360 calls=2 n0=2302 n1=274 prims=61345 bb=160,1120,0,694
[OTT] walkUs=2040 texUs=125 emitUs=689 submitUs=257 otherUs=968 prims=394 usPerPrim=5
[FT] avgMs=16 worstMs=48 gameMs=11 drawMs=5 swapWait=0ms draws=70 decodes=0 decMs=0
[OTS] f=426480 calls=2 n0=2298 n1=274 prims=60904 bb=160,1120,0,694
[OTT] walkUs=2077 texUs=124 emitUs=672 submitUs=191 otherUs=1088 prims=390 usPerPrim=5
[SH-XBOX] vblank 426600
[MEM] tick: free=4016KB (1004 pages)
[FT] avgMs=16 worstMs=44 gameMs=11 drawMs=5 swapWait=1ms draws=70 decodes=0 decMs=0
[OTS] f=426600 calls=2 n0=2299 n1=274 prims=61289 bb=160,1120,0,694
[OTT] walkUs=2197 texUs=124 emitUs=678 submitUs=304 otherUs=1091 prims=391 usPerPrim=5
[FT] avgMs=16 worstMs=45 gameMs=11 drawMs=5 swapWait=0ms draws=71 decodes=0 decMs=0
[OTS] f=426720 calls=2 n0=2298 n1=274 prims=61084 bb=160,1120,0,694
[OTT] walkUs=2105 texUs=127 emitUs=674 submitUs=212 otherUs=1090 prims=390 usPerPrim=5
[FT] avgMs=16 worstMs=53 gameMs=11 drawMs=5 swapWait=0ms draws=70 decodes=0 decMs=0
[OTS] f=426840 calls=2 n0=2301 n1=274 prims=61121 bb=160,1120,0,694
[OTT] walkUs=2129 texUs=124 emitUs=683 submitUs=190 otherUs=1130 prims=393 usPerPrim=5
[FT] avgMs=16 worstMs=47 gameMs=11 drawMs=5 swapWait=0ms draws=71 decodes=0 decMs=0
[OTS] f=426960 calls=2 n0=2298 n1=274 prims=61100 bb=160,1120,0,694
[OTT] walkUs=2173 texUs=124 emitUs=673 submitUs=254 otherUs=1120 prims=390 usPerPrim=5
[FT] avgMs=16 worstMs=43 gameMs=11 drawMs=5 swapWait=0ms draws=71 decodes=0 decMs=0
[OTS] f=427080 calls=2 n0=2303 n1=274 prims=61231 bb=160,1120,0,694
[OTT] walkUs=2521 texUs=125 emitUs=684 submitUs=311 otherUs=1400 prims=395 usPerPrim=6
[SH-XBOX] vblank 427200
[MEM] tick: free=4016KB (1004 pages)
[FT] avgMs=16 worstMs=46 gameMs=11 drawMs=5 swapWait=0ms draws=71 decodes=0 decMs=0
[OTS] f=427200 calls=2 n0=2297 n1=274 prims=61184 bb=160,1120,0,694
[OTT] walkUs=2280 texUs=122 emitUs=677 submitUs=187 otherUs=1292 prims=389 usPerPrim=5
[FT] avgMs=16 worstMs=52 gameMs=11 drawMs=5 swapWait=0ms draws=70 decodes=0 decMs=0
[OTS] f=427320 calls=2 n0=2300 n1=274 prims=61043 bb=160,1120,0,694
[OTT] walkUs=2363 texUs=124 emitUs=677 submitUs=200 otherUs=1361 prims=392 usPerPrim=6
[FT] avgMs=16 worstMs=48 gameMs=11 drawMs=5 swapWait=0ms draws=70 decodes=0 decMs=0
[OTS] f=427440 calls=2 n0=2297 n1=274 prims=61220 bb=160,1120,0,694
[OTT] walkUs=2348 texUs=122 emitUs=673 submitUs=188 otherUs=1362 prims=389 usPerPrim=6
[FT] avgMs=16 worstMs=44 gameMs=11 drawMs=5 swapWait=0ms draws=71 decodes=0 decMs=0
[OTS] f=427560 calls=2 n0=2303 n1=274 prims=61116 bb=160,1120,0,694
[OTT] walkUs=2367 texUs=125 emitUs=686 submitUs=193 otherUs=1361 prims=395 usPerPrim=5
[FT] avgMs=16 worstMs=46 gameMs=11 drawMs=5 swapWait=0ms draws=70 decodes=0 decMs=0
[OTS] f=427680 calls=2 n0=2300 n1=274 prims=61156 bb=160,1120,0,694
[OTT] walkUs=1914 texUs=124 emitUs=688 submitUs=288 otherUs=813 prims=392 usPerPrim=4
[SH-XBOX] vblank 427800
[MEM] tick: free=4016KB (1004 pages)
[FT] avgMs=16 worstMs=52 gameMs=11 drawMs=5 swapWait=0ms draws=71 decodes=0 decMs=0
[OTS] f=427800 calls=2 n0=2302 n1=274 prims=61034 bb=160,1120,0,694
[OTT] walkUs=2159 texUs=125 emitUs=682 submitUs=188 otherUs=1163 prims=394 usPerPrim=5
[FT] avgMs=16 worstMs=48 gameMs=11 drawMs=5 swapWait=0ms draws=70 decodes=0 decMs=0
[OTS] f=427920 calls=2 n0=2296 n1=274 prims=61282 bb=160,1120,0,694
[OTT] walkUs=2099 texUs=124 emitUs=666 submitUs=211 otherUs=1096 prims=388 usPerPrim=5
[FT] avgMs=16 worstMs=44 gameMs=11 drawMs=5 swapWait=0ms draws=70 decodes=0 decMs=0
[OTS] f=428040 calls=2 n0=2300 n1=274 prims=60938 bb=160,1120,0,694
[OTT] walkUs=2337 texUs=123 emitUs=680 submitUs=195 otherUs=1337 prims=392 usPerPrim=5
[FT] avgMs=16 worstMs=45 gameMs=11 drawMs=5 swapWait=0ms draws=71 decodes=0 decMs=0
[OTS] f=428160 calls=2 n0=2301 n1=274 prims=61330 bb=160,1120,0,694
[OTT] walkUs=1906 texUs=125 emitUs=682 submitUs=258 otherUs=840 prims=393 usPerPrim=4
[FT] avgMs=16 worstMs=52 gameMs=11 drawMs=5 swapWait=0ms draws=70 decodes=0 decMs=0
[OTS] f=428280 calls=2 n0=2300 n1=274 prims=60900 bb=160,1120,0,694
[OTT] walkUs=1951 texUs=126 emitUs=678 submitUs=187 otherUs=959 prims=392 usPerPrim=4
[SH-XBOX] vblank 428400
[MEM] tick: free=4016KB (1004 pages)
[FT] avgMs=16 worstMs=48 gameMs=11 drawMs=5 swapWait=0ms draws=70 decodes=0 decMs=0
[OTS] f=428400 calls=2 n0=2299 n1=274 prims=61321 bb=160,1120,0,694
[OTT] walkUs=2245 texUs=123 emitUs=677 submitUs=198 otherUs=1246 prims=391 usPerPrim=5
[FT] avgMs=16 worstMs=44 gameMs=11 drawMs=5 swapWait=0ms draws=70 decodes=0 decMs=0
[OTS] f=428520 calls=2 n0=2299 n1=274 prims=60910 bb=160,1120,0,694
[OTT] walkUs=2039 texUs=124 emitUs=676 submitUs=246 otherUs=991 prims=391 usPerPrim=5
[FT] avgMs=16 worstMs=45 gameMs=11 drawMs=5 swapWait=0ms draws=71 decodes=0 decMs=0
[OTS] f=428640 calls=2 n0=2302 n1=274 prims=61285 bb=160,1120,0,694
[OTT] walkUs=2132 texUs=125 emitUs=682 submitUs=191 otherUs=1133 prims=394 usPerPrim=5
[FT] avgMs=16 worstMs=52 gameMs=11 drawMs=5 swapWait=0ms draws=70 decodes=0 decMs=0
[OTS] f=428760 calls=2 n0=2298 n1=274 prims=61029 bb=160,1120,0,694
[OTT] walkUs=1913 texUs=124 emitUs=669 submitUs=236 otherUs=882 prims=390 usPerPrim=4
[FT] avgMs=16 worstMs=48 gameMs=11 drawMs=5 swapWait=0ms draws=70 decodes=0 decMs=0
[OTS] f=428880 calls=2 n0=2302 n1=274 prims=61189 bb=160,1120,0,694
[OTT] walkUs=2206 texUs=124 emitUs=687 submitUs=404 otherUs=989 prims=394 usPerPrim=5
[SH-XBOX] vblank 429000
[MEM] tick: free=4016KB (1004 pages)
[FT] avgMs=16 worstMs=44 gameMs=11 drawMs=5 swapWait=0ms draws=71 decodes=0 decMs=0
[OTS] f=429000 calls=2 n0=2297 n1=274 prims=61141 bb=160,1120,0,694
[OTT] walkUs=2071 texUs=122 emitUs=671 submitUs=262 otherUs=1014 prims=389 usPerPrim=5
[FT] avgMs=16 worstMs=45 gameMs=11 drawMs=5 swapWait=0ms draws=70 decodes=0 decMs=0
[OTS] f=429120 calls=2 n0=2302 n1=274 prims=61044 bb=160,1120,0,694
[OTT] walkUs=2126 texUs=125 emitUs=684 submitUs=423 otherUs=893 prims=394 usPerPrim=5
[FT] avgMs=16 worstMs=53 gameMs=11 drawMs=5 swapWait=0ms draws=71 decodes=0 decMs=0
[OTS] f=429240 calls=2 n0=2296 n1=274 prims=61205 bb=160,1120,0,694
[OTT] walkUs=2127 texUs=122 emitUs=670 submitUs=303 otherUs=1031 prims=388 usPerPrim=5
[FT] avgMs=16 worstMs=49 gameMs=11 drawMs=5 swapWait=1ms draws=71 decodes=0 decMs=0
[OTS] f=429360 calls=2 n0=2298 n1=274 prims=61156 bb=160,1120,0,694
[OTT] walkUs=2034 texUs=123 emitUs=674 submitUs=278 otherUs=958 prims=390 usPerPrim=5
[FT] avgMs=16 worstMs=44 gameMs=11 drawMs=5 swapWait=1ms draws=70 decodes=0 decMs=0
[OTS] f=429480 calls=2 n0=2298 n1=274 prims=61138 bb=160,1120,0,694
[OTT] walkUs=2028 texUs=123 emitUs=687 submitUs=203 otherUs=1013 prims=390 usPerPrim=5
[SH-XBOX] vblank 429600
[MEM] tick: free=4016KB (1004 pages)
[FT] avgMs=16 worstMs=46 gameMs=11 drawMs=5 swapWait=0ms draws=71 decodes=0 decMs=0
[OTS] f=429600 calls=2 n0=2303 n1=274 prims=61054 bb=160,1120,0,694
[OTT] walkUs=2221 texUs=125 emitUs=690 submitUs=189 otherUs=1215 prims=395 usPerPrim=5
[FT] avgMs=16 worstMs=52 gameMs=11 drawMs=5 swapWait=0ms draws=71 decodes=0 decMs=0
[OTS] f=429720 calls=2 n0=2299 n1=274 prims=61300 bb=160,1120,0,694
[OTT] walkUs=2278 texUs=123 emitUs=674 submitUs=338 otherUs=1142 prims=391 usPerPrim=5
[FT] avgMs=16 worstMs=49 gameMs=11 drawMs=5 swapWait=1ms draws=71 decodes=0 decMs=0
[OTS] f=429840 calls=2 n0=2301 n1=274 prims=61051 bb=160,1120,0,694
[OTT] walkUs=2290 texUs=124 emitUs=681 submitUs=225 otherUs=1259 prims=393 usPerPrim=5
[FT] avgMs=16 worstMs=44 gameMs=11 drawMs=5 swapWait=0ms draws=70 decodes=0 decMs=0
[OTS] f=429960 calls=2 n0=2301 n1=274 prims=61200 bb=160,1120,0,694
[OTT] walkUs=2337 texUs=125 emitUs=681 submitUs=215 otherUs=1314 prims=393 usPerPrim=5
[FT] avgMs=16 worstMs=46 gameMs=11 drawMs=5 swapWait=1ms draws=71 decodes=0 decMs=0
[OTS] f=430080 calls=2 n0=2301 n1=274 prims=60990 bb=160,1120,0,694
[OTT] walkUs=2353 texUs=125 emitUs=681 submitUs=392 otherUs=1154 prims=393 usPerPrim=5
[SH-XBOX] vblank 430200
[MEM] tick: free=4016KB (1004 pages)
[FT] avgMs=16 worstMs=52 gameMs=11 drawMs=5 swapWait=0ms draws=71 decodes=0 decMs=0
[OTS] f=430200 calls=2 n0=2301 n1=274 prims=61362 bb=160,1120,0,694
[OTT] walkUs=2354 texUs=125 emitUs=677 submitUs=295 otherUs=1254 prims=393 usPerPrim=5
[FT] avgMs=16 worstMs=48 gameMs=11 drawMs=5 swapWait=1ms draws=70 decodes=0 decMs=0
[OTS] f=430320 calls=2 n0=2300 n1=274 prims=60892 bb=160,1120,0,694
[OTT] walkUs=2016 texUs=125 emitUs=680 submitUs=251 otherUs=958 prims=392 usPerPrim=5
[FT] avgMs=17 worstMs=68 gameMs=11 drawMs=5 swapWait=1ms draws=71 decodes=0 decMs=0
[OTS] f=430440 calls=2 n0=2300 n1=274 prims=61306 bb=160,1120,0,694
[OTT] walkUs=2071 texUs=124 emitUs=679 submitUs=183 otherUs=1084 prims=392 usPerPrim=5
[FT] avgMs=16 worstMs=45 gameMs=11 drawMs=5 swapWait=0ms draws=70 decodes=0 decMs=0
[OTS] f=430560 calls=2 n0=2296 n1=274 prims=60994 bb=160,1120,0,694
[OTT] walkUs=2016 texUs=128 emitUs=664 submitUs=439 otherUs=783 prims=388 usPerPrim=5
[FT] avgMs=16 worstMs=52 gameMs=11 drawMs=5 swapWait=0ms draws=70 decodes=0 decMs=0
[OTS] f=430680 calls=2 n0=2301 n1=274 prims=61221 bb=160,1120,0,694
[OTT] walkUs=2106 texUs=124 emitUs=691 submitUs=188 otherUs=1101 prims=393 usPerPrim=5
[SH-XBOX] vblank 430800
[MEM] tick: free=4016KB (1004 pages)
[FT] avgMs=16 worstMs=49 gameMs=11 drawMs=5 swapWait=0ms draws=71 decodes=0 decMs=0
[OTS] f=430800 calls=2 n0=2298 n1=274 prims=61100 bb=160,1120,0,694
[OTT] walkUs=1921 texUs=123 emitUs=678 submitUs=183 otherUs=935 prims=390 usPerPrim=4
[FT] avgMs=16 worstMs=44 gameMs=11 drawMs=5 swapWait=0ms draws=70 decodes=0 decMs=0
[OTS] f=430920 calls=2 n0=2304 n1=274 prims=61081 bb=160,1120,0,694
[OTT] walkUs=1988 texUs=126 emitUs=688 submitUs=260 otherUs=912 prims=396 usPerPrim=5
[FT] avgMs=16 worstMs=46 gameMs=11 drawMs=5 swapWait=0ms draws=70 decodes=0 decMs=0
[OTS] f=431040 calls=2 n0=2295 n1=274 prims=61170 bb=160,1120,0,694
[OTT] walkUs=1910 texUs=123 emitUs=665 submitUs=279 otherUs=841 prims=387 usPerPrim=4
[FT] avgMs=16 worstMs=52 gameMs=11 drawMs=5 swapWait=0ms draws=70 decodes=0 decMs=0
[OTS] f=431160 calls=2 n0=2302 n1=274 prims=61070 bb=160,1120,0,694
[OTT] walkUs=2148 texUs=124 emitUs=687 submitUs=226 otherUs=1109 prims=394 usPerPrim=5
[FT] avgMs=16 worstMs=48 gameMs=11 drawMs=5 swapWait=0ms draws=71 decodes=0 decMs=0
[OTS] f=431280 calls=2 n0=2297 n1=274 prims=61229 bb=160,1120,0,694
[OTT] walkUs=2030 texUs=126 emitUs=674 submitUs=259 otherUs=970 prims=389 usPerPrim=5
[SH-XBOX] vblank 431400
[MEM] tick: free=4016KB (1004 pages)
[FT] avgMs=16 worstMs=44 gameMs=11 drawMs=5 swapWait=0ms draws=70 decodes=0 decMs=0
[OTS] f=431400 calls=2 n0=2301 n1=274 prims=61000 bb=160,1120,0,694
[OTT] walkUs=1907 texUs=124 emitUs=680 submitUs=221 otherUs=879 prims=393 usPerPrim=4
[FT] avgMs=16 worstMs=46 gameMs=11 drawMs=5 swapWait=0ms draws=70 decodes=0 decMs=0
[OTS] f=431520 calls=2 n0=2299 n1=274 prims=61252 bb=160,1120,0,694
[OTT] walkUs=2033 texUs=124 emitUs=674 submitUs=294 otherUs=939 prims=391 usPerPrim=5
[FT] avgMs=16 worstMs=53 gameMs=11 drawMs=5 swapWait=0ms draws=71 decodes=0 decMs=0
[OTS] f=431640 calls=2 n0=2302 n1=274 prims=61054 bb=160,1120,0,694
[OTT] walkUs=2224 texUs=125 emitUs=690 submitUs=187 otherUs=1220 prims=394 usPerPrim=5
[FT] avgMs=16 worstMs=48 gameMs=11 drawMs=5 swapWait=0ms draws=70 decodes=0 decMs=0
[OTS] f=431760 calls=2 n0=2299 n1=274 prims=61190 bb=160,1120,0,694
[OTT] walkUs=2156 texUs=124 emitUs=679 submitUs=365 otherUs=987 prims=391 usPerPrim=5
[FT] avgMs=16 worstMs=43 gameMs=11 drawMs=5 swapWait=0ms draws=71 decodes=0 decMs=0
[OTS] f=431880 calls=2 n0=2300 n1=274 prims=61000 bb=160,1120,0,694
[OTT] walkUs=2115 texUs=123 emitUs=683 submitUs=240 otherUs=1067 prims=392 usPerPrim=5
[SH-XBOX] vblank 432000
[MEM] tick: free=4016KB (1004 pages)
[FT] avgMs=16 worstMs=45 gameMs=11 drawMs=5 swapWait=0ms draws=70 decodes=0 decMs=0
[OTS] f=432000 calls=2 n0=2298 n1=274 prims=61346 bb=160,1120,0,694
[OTT] walkUs=2058 texUs=124 emitUs=670 submitUs=379 otherUs=884 prims=390 usPerPrim=5
[FT] avgMs=16 worstMs=53 gameMs=11 drawMs=5 swapWait=0ms draws=70 decodes=0 decMs=0
[OTS] f=432120 calls=2 n0=2302 n1=274 prims=60903 bb=160,1120,0,694
[OTT] walkUs=2158 texUs=124 emitUs=686 submitUs=279 otherUs=1066 prims=394 usPerPrim=5
[FT] avgMs=16 worstMs=49 gameMs=11 drawMs=5 swapWait=0ms draws=71 decodes=0 decMs=0
[OTS] f=432240 calls=2 n0=2300 n1=274 prims=61317 bb=160,1120,0,694
[OTT] walkUs=2360 texUs=124 emitUs=695 submitUs=315 otherUs=1225 prims=392 usPerPrim=6
[FT] avgMs=16 worstMs=44 gameMs=11 drawMs=5 swapWait=0ms draws=71 decodes=0 decMs=0
[OTS] f=432360 calls=2 n0=2299 n1=274 prims=61022 bb=160,1120,0,694
[OTT] walkUs=2234 texUs=123 emitUs=676 submitUs=186 otherUs=1247 prims=391 usPerPrim=5
[FT] avgMs=16 worstMs=45 gameMs=11 drawMs=5 swapWait=0ms draws=71 decodes=0 decMs=0
[OTS] f=432480 calls=2 n0=2302 n1=274 prims=61315 bb=160,1120,0,694
[OTT] walkUs=2290 texUs=125 emitUs=689 submitUs=194 otherUs=1282 prims=394 usPerPrim=5
[SH-XBOX] vblank 432600
[MEM] tick: free=4016KB (1004 pages)
[FT] avgMs=16 worstMs=53 gameMs=11 drawMs=5 swapWait=0ms draws=70 decodes=0 decMs=0
[OTS] f=432600 calls=2 n0=2300 n1=274 prims=60955 bb=160,1120,0,694
[OTT] walkUs=2334 texUs=124 emitUs=682 submitUs=190 otherUs=1337 prims=392 usPerPrim=5
[FT] avgMs=16 worstMs=49 gameMs=11 drawMs=5 swapWait=0ms draws=71 decodes=0 decMs=0
[OTS] f=432720 calls=2 n0=2303 n1=274 prims=61237 bb=160,1120,0,694
[OTT] walkUs=2244 texUs=126 emitUs=690 submitUs=200 otherUs=1227 prims=395 usPerPrim=5
[FT] avgMs=16 worstMs=44 gameMs=11 drawMs=5 swapWait=0ms draws=70 decodes=0 decMs=0
[OTS] f=432840 calls=2 n0=2294 n1=274 prims=61118 bb=160,1120,0,694
[OTT] walkUs=2249 texUs=122 emitUs=657 submitUs=189 otherUs=1280 prims=386 usPerPrim=5
[FT] avgMs=16 worstMs=46 gameMs=11 drawMs=5 swapWait=0ms draws=70 decodes=0 decMs=0
[OTS] f=432960 calls=2 n0=2302 n1=274 prims=61094 bb=160,1120,0,694
[OTT] walkUs=2339 texUs=125 emitUs=686 submitUs=457 otherUs=1071 prims=394 usPerPrim=5
[FT] avgMs=16 worstMs=53 gameMs=11 drawMs=5 swapWait=0ms draws=71 decodes=0 decMs=0
[OTS] f=433080 calls=2 n0=2296 n1=274 prims=61205 bb=160,1120,0,694
[OTT] walkUs=1810 texUs=123 emitUs=672 submitUs=201 otherUs=812 prims=388 usPerPrim=4
[SH-XBOX] vblank 433200
[MEM] tick: free=4016KB (1004 pages)
[FT] avgMs=16 worstMs=49 gameMs=11 drawMs=5 swapWait=0ms draws=70 decodes=0 decMs=0
[OTS] f=433200 calls=2 n0=2296 n1=274 prims=61024 bb=160,1120,0,694
[OTT] walkUs=2265 texUs=123 emitUs=664 submitUs=240 otherUs=1236 prims=388 usPerPrim=5
[FT] avgMs=16 worstMs=45 gameMs=11 drawMs=5 swapWait=0ms draws=70 decodes=0 decMs=0
[OTS] f=433320 calls=2 n0=2297 n1=274 prims=61254 bb=160,1120,0,694
[OTT] walkUs=1901 texUs=122 emitUs=681 submitUs=290 otherUs=807 prims=389 usPerPrim=4
[FT] avgMs=16 worstMs=46 gameMs=11 drawMs=5 swapWait=1ms draws=71 decodes=0 decMs=0
[OTS] f=433440 calls=2 n0=2303 n1=274 prims=61070 bb=160,1120,0,694
[OTT] walkUs=1988 texUs=125 emitUs=690 submitUs=189 otherUs=984 prims=395 usPerPrim=5
[FT] avgMs=16 worstMs=52 gameMs=11 drawMs=5 swapWait=0ms draws=70 decodes=0 decMs=0
[OTS] f=433560 calls=2 n0=2300 n1=274 prims=61166 bb=160,1120,0,694
[OTT] walkUs=2270 texUs=124 emitUs=684 submitUs=296 otherUs=1165 prims=392 usPerPrim=5
[FT] avgMs=16 worstMs=48 gameMs=11 drawMs=5 swapWait=0ms draws=70 decodes=0 decMs=0
[OTS] f=433680 calls=2 n0=2299 n1=274 prims=60989 bb=160,1120,0,694
[OTT] walkUs=2030 texUs=124 emitUs=675 submitUs=186 otherUs=1044 prims=391 usPerPrim=5
[SH-XBOX] vblank 433800
[MEM] tick: free=4016KB (1004 pages)
[FT] avgMs=16 worstMs=44 gameMs=11 drawMs=5 swapWait=0ms draws=70 decodes=0 decMs=0
[OTS] f=433800 calls=2 n0=2300 n1=274 prims=61264 bb=160,1120,0,694
[OTT] walkUs=2129 texUs=124 emitUs=679 submitUs=367 otherUs=959 prims=392 usPerPrim=5
[FT] avgMs=16 worstMs=46 gameMs=11 drawMs=5 swapWait=0ms draws=71 decodes=0 decMs=0
[OTS] f=433920 calls=2 n0=2301 n1=274 prims=60994 bb=160,1120,0,694
[OTT] walkUs=2004 texUs=128 emitUs=682 submitUs=198 otherUs=995 prims=393 usPerPrim=5
[FT] avgMs=16 worstMs=53 gameMs=11 drawMs=5 swapWait=0ms draws=70 decodes=0 decMs=0
[OTS] f=434040 calls=2 n0=2300 n1=274 prims=61226 bb=160,1120,0,694
[OTT] walkUs=2192 texUs=125 emitUs=694 submitUs=432 otherUs=939 prims=392 usPerPrim=5
[FT] avgMs=16 worstMs=48 gameMs=11 drawMs=5 swapWait=0ms draws=70 decodes=0 decMs=0
[OTS] f=434160 calls=2 n0=2300 n1=274 prims=60996 bb=160,1120,0,694
[OTT] walkUs=2165 texUs=123 emitUs=682 submitUs=571 otherUs=787 prims=392 usPerPrim=5
[FT] avgMs=16 worstMs=45 gameMs=11 drawMs=5 swapWait=0ms draws=71 decodes=0 decMs=0
[OTS] f=434280 calls=2 n0=2300 n1=274 prims=61335 bb=160,1120,0,694
[OTT] walkUs=2316 texUs=124 emitUs=687 submitUs=396 otherUs=1107 prims=392 usPerPrim=5
[SH-XBOX] vblank 434400
[MEM] tick: free=4016KB (1004 pages)
[FT] avgMs=16 worstMs=46 gameMs=11 drawMs=5 swapWait=0ms draws=70 decodes=0 decMs=0
[OTS] f=434400 calls=2 n0=2298 n1=274 prims=60938 bb=160,1120,0,694
[OTT] walkUs=2179 texUs=122 emitUs=672 submitUs=403 otherUs=980 prims=390 usPerPrim=5
[FT] avgMs=16 worstMs=53 gameMs=11 drawMs=5 swapWait=0ms draws=71 decodes=0 decMs=0
[OTS] f=434520 calls=2 n0=2301 n1=274 prims=61249 bb=160,1120,0,694
[OTT] walkUs=2069 texUs=125 emitUs=682 submitUs=370 otherUs=890 prims=393 usPerPrim=5
[FT] avgMs=16 worstMs=48 gameMs=11 drawMs=5 swapWait=0ms draws=70 decodes=0 decMs=0
[OTS] f=434640 calls=2 n0=2295 n1=274 prims=61069 bb=160,1120,0,694
[OTT] walkUs=2087 texUs=123 emitUs=667 submitUs=227 otherUs=1067 prims=387 usPerPrim=5
[FT] avgMs=16 worstMs=44 gameMs=11 drawMs=5 swapWait=0ms draws=70 decodes=0 decMs=0
[OTS] f=434760 calls=2 n0=2304 n1=274 prims=61143 bb=160,1120,0,694
[OTT] walkUs=2251 texUs=126 emitUs=688 submitUs=199 otherUs=1237 prims=396 usPerPrim=5
[FT] avgMs=16 worstMs=45 gameMs=11 drawMs=5 swapWait=0ms draws=71 decodes=0 decMs=0
[OTS] f=434880 calls=2 n0=2297 n1=274 prims=61176 bb=160,1120,0,694
[OTT] walkUs=2195 texUs=122 emitUs=678 submitUs=336 otherUs=1056 prims=389 usPerPrim=5
[SH-XBOX] vblank 435000
[MEM] tick: free=4016KB (1004 pages)
[FT] avgMs=16 worstMs=53 gameMs=11 drawMs=5 swapWait=0ms draws=71 decodes=0 decMs=0
[OTS] f=435000 calls=2 n0=2302 n1=274 prims=61162 bb=160,1120,0,694
[OTT] walkUs=2258 texUs=125 emitUs=686 submitUs=188 otherUs=1257 prims=394 usPerPrim=5
[FT] avgMs=16 worstMs=49 gameMs=11 drawMs=5 swapWait=0ms draws=71 decodes=0 decMs=0
[OTS] f=435120 calls=2 n0=2296 n1=274 prims=61247 bb=160,1120,0,694
[OTT] walkUs=2287 texUs=127 emitUs=669 submitUs=334 otherUs=1155 prims=388 usPerPrim=5
[FT] avgMs=16 worstMs=44 gameMs=11 drawMs=5 swapWait=0ms draws=70 decodes=0 decMs=0
[OTS] f=435240 calls=2 n0=2303 n1=274 prims=60971 bb=160,1120,0,694
[OTT] walkUs=2268 texUs=126 emitUs=684 submitUs=191 otherUs=1264 prims=395 usPerPrim=5
[FT] avgMs=16 worstMs=46 gameMs=11 drawMs=5 swapWait=1ms draws=71 decodes=0 decMs=0
[OTS] f=435360 calls=2 n0=2300 n1=274 prims=61283 bb=160,1120,0,694
[OTT] walkUs=2298 texUs=123 emitUs=679 submitUs=198 otherUs=1297 prims=392 usPerPrim=5
[FT] avgMs=16 worstMs=53 gameMs=11 drawMs=5 swapWait=0ms draws=70 decodes=0 decMs=0
[OTS] f=435480 calls=2 n0=2300 n1=274 prims=60980 bb=160,1120,0,694
[OTT] walkUs=2340 texUs=130 emitUs=672 submitUs=189 otherUs=1347 prims=392 usPerPrim=5
[SH-XBOX] vblank 435600
[MEM] tick: free=4016KB (1004 pages)
[FT] avgMs=16 worstMs=49 gameMs=11 drawMs=5 swapWait=0ms draws=70 decodes=0 decMs=0
[OTS] f=435600 calls=2 n0=2299 n1=274 prims=61274 bb=160,1120,0,694
[OTT] walkUs=2061 texUs=128 emitUs=675 submitUs=203 otherUs=1055 prims=391 usPerPrim=5
[FT] avgMs=16 worstMs=45 gameMs=11 drawMs=5 swapWait=0ms draws=71 decodes=0 decMs=0
[OTS] f=435720 calls=2 n0=2300 n1=274 prims=61000 bb=160,1120,0,694
[OTT] walkUs=2317 texUs=124 emitUs=685 submitUs=192 otherUs=1315 prims=392 usPerPrim=5
[FT] avgMs=16 worstMs=46 gameMs=11 drawMs=5 swapWait=0ms draws=70 decodes=0 decMs=0
[OTS] f=435840 calls=2 n0=2301 n1=274 prims=61202 bb=160,1120,0,694
[OTT] walkUs=2072 texUs=124 emitUs=692 submitUs=177 otherUs=1077 prims=393 usPerPrim=5
[FT] avgMs=16 worstMs=53 gameMs=11 drawMs=5 swapWait=0ms draws=71 decodes=0 decMs=0
[OTS] f=435960 calls=2 n0=2302 n1=274 prims=61017 bb=160,1120,0,694
[OTT] walkUs=2077 texUs=125 emitUs=686 submitUs=356 otherUs=909 prims=394 usPerPrim=5
[FT] avgMs=16 worstMs=49 gameMs=11 drawMs=5 swapWait=0ms draws=71 decodes=0 decMs=0
[OTS] f=436080 calls=2 n0=2300 n1=274 prims=61347 bb=160,1120,0,694
[OTT] walkUs=1885 texUs=125 emitUs=683 submitUs=294 otherUs=782 prims=392 usPerPrim=4
[SH-XBOX] vblank 436200
[MEM] tick: free=4016KB (1004 pages)
[FT] avgMs=16 worstMs=45 gameMs=11 drawMs=5 swapWait=0ms draws=70 decodes=0 decMs=0
[OTS] f=436200 calls=2 n0=2299 n1=274 prims=60893 bb=160,1120,0,694
[OTT] walkUs=2342 texUs=123 emitUs=679 submitUs=192 otherUs=1347 prims=391 usPerPrim=5
[FT] avgMs=16 worstMs=46 gameMs=11 drawMs=5 swapWait=0ms draws=70 decodes=0 decMs=0
[OTS] f=436320 calls=2 n0=2300 n1=274 prims=61215 bb=160,1120,0,694
[OTT] walkUs=1994 texUs=124 emitUs=683 submitUs=192 otherUs=992 prims=392 usPerPrim=5
[FT] avgMs=16 worstMs=53 gameMs=11 drawMs=5 swapWait=0ms draws=70 decodes=0 decMs=0
[OTS] f=436440 calls=2 n0=2299 n1=274 prims=61035 bb=160,1120,0,694
[OTT] walkUs=1911 texUs=124 emitUs=673 submitUs=189 otherUs=923 prims=391 usPerPrim=4
[FT] avgMs=16 worstMs=48 gameMs=11 drawMs=5 swapWait=0ms draws=71 decodes=0 decMs=0
[OTS] f=436560 calls=2 n0=2303 n1=274 prims=61257 bb=160,1120,0,694
[OTT] walkUs=2236 texUs=126 emitUs=691 submitUs=189 otherUs=1230 prims=395 usPerPrim=5
[FT] avgMs=16 worstMs=45 gameMs=11 drawMs=5 swapWait=0ms draws=70 decodes=0 decMs=0
[OTS] f=436680 calls=2 n0=2297 n1=274 prims=61010 bb=160,1120,0,694
[OTT] walkUs=2111 texUs=122 emitUs=671 submitUs=550 otherUs=766 prims=389 usPerPrim=5
[SH-XBOX] vblank 436800
[MEM] tick: free=4016KB (1004 pages)
[FT] avgMs=16 worstMs=46 gameMs=11 drawMs=5 swapWait=0ms draws=71 decodes=0 decMs=0
[OTS] f=436800 calls=2 n0=2302 n1=274 prims=61172 bb=160,1120,0,694
[OTT] walkUs=2083 texUs=125 emitUs=685 submitUs=342 otherUs=930 prims=394 usPerPrim=5
[FT] avgMs=16 worstMs=53 gameMs=11 drawMs=5 swapWait=0ms draws=71 decodes=0 decMs=0
[OTS] f=436920 calls=2 n0=2295 n1=274 prims=61228 bb=160,1120,0,694
[OTT] walkUs=2002 texUs=123 emitUs=665 submitUs=366 otherUs=846 prims=387 usPerPrim=5
[FT] avgMs=16 worstMs=49 gameMs=11 drawMs=5 swapWait=0ms draws=70 decodes=0 decMs=0
[OTS] f=437040 calls=2 n0=2298 n1=274 prims=61006 bb=160,1120,0,694
[OTT] walkUs=2153 texUs=123 emitUs=677 submitUs=222 otherUs=1129 prims=390 usPerPrim=5
[FT] avgMs=16 worstMs=44 gameMs=11 drawMs=5 swapWait=0ms draws=71 decodes=0 decMs=0
[OTS] f=437160 calls=2 n0=2298 n1=274 prims=61266 bb=160,1120,0,694
[OTT] walkUs=2148 texUs=123 emitUs=673 submitUs=269 otherUs=1081 prims=390 usPerPrim=5
[FT] avgMs=16 worstMs=47 gameMs=11 drawMs=5 swapWait=0ms draws=70 decodes=0 decMs=0
[OTS] f=437280 calls=2 n0=2301 n1=274 prims=60984 bb=160,1120,0,694
[OTT] walkUs=2092 texUs=125 emitUs=676 submitUs=201 otherUs=1089 prims=393 usPerPrim=5
[SH-XBOX] vblank 437400
[MEM] tick: free=4016KB (1004 pages)
[FT] avgMs=16 worstMs=53 gameMs=11 drawMs=5 swapWait=0ms draws=70 decodes=0 decMs=0
[OTS] f=437400 calls=2 n0=2300 n1=274 prims=61266 bb=160,1120,0,694
[OTT] walkUs=2153 texUs=124 emitUs=683 submitUs=203 otherUs=1142 prims=392 usPerPrim=5
[FT] avgMs=16 worstMs=49 gameMs=11 drawMs=5 swapWait=0ms draws=71 decodes=0 decMs=0
[OTS] f=437520 calls=2 n0=2301 n1=274 prims=61027 bb=160,1120,0,694
[OTT] walkUs=2173 texUs=125 emitUs=690 submitUs=368 otherUs=989 prims=393 usPerPrim=5
[FT] avgMs=16 worstMs=45 gameMs=11 drawMs=5 swapWait=0ms draws=71 decodes=0 decMs=0
[OTS] f=437640 calls=2 n0=2301 n1=274 prims=61328 bb=160,1120,0,694
[OTT] walkUs=2217 texUs=124 emitUs=698 submitUs=189 otherUs=1203 prims=393 usPerPrim=5
[FT] avgMs=16 worstMs=46 gameMs=11 drawMs=5 swapWait=0ms draws=70 decodes=0 decMs=0
[OTS] f=437760 calls=2 n0=2298 n1=274 prims=60986 bb=160,1120,0,694
[OTT] walkUs=2231 texUs=124 emitUs=666 submitUs=331 otherUs=1109 prims=390 usPerPrim=5
[FT] avgMs=16 worstMs=53 gameMs=11 drawMs=5 swapWait=0ms draws=70 decodes=0 decMs=0
[OTS] f=437880 calls=2 n0=2302 n1=274 prims=61250 bb=160,1120,0,694
[OTT] walkUs=2285 texUs=124 emitUs=687 submitUs=248 otherUs=1225 prims=394 usPerPrim=5
[SH-XBOX] vblank 438000
[MEM] tick: free=4016KB (1004 pages)
[FT] avgMs=16 worstMs=49 gameMs=11 drawMs=5 swapWait=0ms draws=71 decodes=0 decMs=0
[OTS] f=438000 calls=2 n0=2300 n1=274 prims=61006 bb=160,1120,0,694
[OTT] walkUs=2338 texUs=125 emitUs=685 submitUs=576 otherUs=951 prims=392 usPerPrim=5
[FT] avgMs=16 worstMs=45 gameMs=11 drawMs=5 swapWait=1ms draws=70 decodes=0 decMs=0
[OTS] f=438120 calls=2 n0=2298 n1=274 prims=61219 bb=160,1120,0,694
[OTT] walkUs=2263 texUs=124 emitUs=669 submitUs=187 otherUs=1281 prims=390 usPerPrim=5
[FT] avgMs=16 worstMs=52 gameMs=11 drawMs=5 swapWait=0ms draws=70 decodes=0 decMs=0
[OTS] f=438240 calls=2 n0=2297 n1=274 prims=61036 bb=160,1120,0,694
[OTT] walkUs=2335 texUs=122 emitUs=674 submitUs=213 otherUs=1325 prims=389 usPerPrim=6
[FT] avgMs=17 worstMs=71 gameMs=11 drawMs=5 swapWait=0ms draws=71 decodes=0 decMs=0
[OTS] f=438360 calls=2 n0=2301 n1=274 prims=61265 bb=160,1120,0,694
[OTT] walkUs=2178 texUs=123 emitUs=680 submitUs=245 otherUs=1128 prims=393 usPerPrim=5
[FT] avgMs=16 worstMs=49 gameMs=11 drawMs=5 swapWait=0ms draws=70 decodes=0 decMs=0
[OTS] f=438480 calls=2 n0=2298 n1=274 prims=60972 bb=160,1120,0,694
[OTT] walkUs=2002 texUs=123 emitUs=672 submitUs=346 otherUs=860 prims=390 usPerPrim=5
[SH-XBOX] vblank 438600
[MEM] tick: free=4016KB (1004 pages)
[FT] avgMs=16 worstMs=46 gameMs=11 drawMs=5 swapWait=0ms draws=71 decodes=0 decMs=0
[OTS] f=438600 calls=2 n0=2304 n1=274 prims=61211 bb=160,1120,0,694
[OTT] walkUs=2357 texUs=125 emitUs=694 submitUs=346 otherUs=1190 prims=396 usPerPrim=5
[FT] avgMs=16 worstMs=52 gameMs=11 drawMs=5 swapWait=0ms draws=70 decodes=0 decMs=0
[OTS] f=438720 calls=2 n0=2294 n1=274 prims=61197 bb=160,1120,0,694
[OTT] walkUs=2340 texUs=122 emitUs=663 submitUs=506 otherUs=1047 prims=386 usPerPrim=6
[FT] avgMs=16 worstMs=48 gameMs=11 drawMs=5 swapWait=0ms draws=70 decodes=0 decMs=0
[OTS] f=438840 calls=2 n0=2302 n1=274 prims=61044 bb=160,1120,0,694
[OTT] walkUs=1998 texUs=125 emitUs=684 submitUs=305 otherUs=883 prims=394 usPerPrim=5
[FT] avgMs=16 worstMs=43 gameMs=11 drawMs=5 swapWait=0ms draws=70 decodes=0 decMs=0
[OTS] f=438960 calls=2 n0=2295 n1=274 prims=61127 bb=160,1120,0,694
[OTT] walkUs=1944 texUs=122 emitUs=672 submitUs=183 otherUs=966 prims=387 usPerPrim=5
[FT] avgMs=16 worstMs=45 gameMs=11 drawMs=5 swapWait=0ms draws=70 decodes=0 decMs=0
[OTS] f=439080 calls=2 n0=2303 n1=274 prims=61061 bb=160,1120,0,694
[OTT] walkUs=1992 texUs=125 emitUs=691 submitUs=331 otherUs=844 prims=395 usPerPrim=5
[SH-XBOX] vblank 439200
[MEM] tick: free=4016KB (1004 pages)
[FT] avgMs=16 worstMs=46 gameMs=11 drawMs=5 swapWait=0ms draws=71 decodes=0 decMs=0
[OTS] f=439200 calls=2 n0=2300 n1=274 prims=61313 bb=160,1120,0,694
[OTT] walkUs=2129 texUs=124 emitUs=681 submitUs=185 otherUs=1139 prims=392 usPerPrim=5
[FT] avgMs=16 worstMs=54 gameMs=11 drawMs=5 swapWait=1ms draws=70 decodes=0 decMs=0
[OTS] f=439320 calls=2 n0=2302 n1=274 prims=60907 bb=160,1120,0,694
[OTT] walkUs=2111 texUs=124 emitUs=686 submitUs=295 otherUs=1004 prims=394 usPerPrim=5
[FT] avgMs=16 worstMs=49 gameMs=11 drawMs=5 swapWait=0ms draws=71 decodes=0 decMs=0
[OTS] f=439440 calls=2 n0=2299 n1=274 prims=61317 bb=160,1120,0,694
[OTT] walkUs=2048 texUs=123 emitUs=679 submitUs=330 otherUs=915 prims=391 usPerPrim=5
[FT] avgMs=16 worstMs=45 gameMs=11 drawMs=5 swapWait=0ms draws=70 decodes=0 decMs=0
[OTS] f=439560 calls=2 n0=2297 n1=274 prims=60984 bb=160,1120,0,694
[OTT] walkUs=2147 texUs=123 emitUs=669 submitUs=180 otherUs=1174 prims=389 usPerPrim=5
[FT] avgMs=16 worstMs=46 gameMs=11 drawMs=5 swapWait=0ms draws=70 decodes=0 decMs=0
[OTS] f=439680 calls=2 n0=2301 n1=274 prims=61248 bb=160,1120,0,694
[OTT] walkUs=2017 texUs=129 emitUs=683 submitUs=246 otherUs=957 prims=393 usPerPrim=5
[SH-XBOX] vblank 439800
[MEM] tick: free=4016KB (1004 pages)
[FT] avgMs=16 worstMs=54 gameMs=11 drawMs=5 swapWait=0ms draws=71 decodes=0 decMs=0
[OTS] f=439800 calls=2 n0=2302 n1=274 prims=61017 bb=160,1120,0,694
[OTT] walkUs=2203 texUs=125 emitUs=683 submitUs=560 otherUs=833 prims=394 usPerPrim=5
[FT] avgMs=16 worstMs=50 gameMs=11 drawMs=5 swapWait=0ms draws=70 decodes=0 decMs=0
[OTS] f=439920 calls=2 n0=2298 n1=274 prims=61215 bb=160,1120,0,694
[OTT] walkUs=2093 texUs=125 emitUs=674 submitUs=194 otherUs=1098 prims=390 usPerPrim=5
[FT] avgMs=16 worstMs=45 gameMs=11 drawMs=5 swapWait=0ms draws=70 decodes=0 decMs=0
[OTS] f=440040 calls=2 n0=2298 n1=274 prims=61013 bb=160,1120,0,694
[OTT] walkUs=2177 texUs=123 emitUs=675 submitUs=234 otherUs=1144 prims=390 usPerPrim=5
[FT] avgMs=16 worstMs=52 gameMs=11 drawMs=5 swapWait=0ms draws=71 decodes=0 decMs=0
[OTS] f=440160 calls=2 n0=2302 n1=274 prims=61297 bb=160,1120,0,694
[OTT] walkUs=2475 texUs=137 emitUs=686 submitUs=618 otherUs=1032 prims=394 usPerPrim=6
[FT] avgMs=16 worstMs=48 gameMs=11 drawMs=5 swapWait=0ms draws=71 decodes=0 decMs=0
[OTS] f=440280 calls=2 n0=2300 n1=274 prims=61083 bb=160,1120,0,694
[OTT] walkUs=2221 texUs=127 emitUs=679 submitUs=431 otherUs=983 prims=392 usPerPrim=5
[SH-XBOX] vblank 440400
[MEM] tick: free=4016KB (1004 pages)
[FT] avgMs=16 worstMs=43 gameMs=11 drawMs=5 swapWait=0ms draws=70 decodes=0 decMs=0
[OTS] f=440400 calls=2 n0=2301 n1=274 prims=61198 bb=160,1120,0,694
[OTT] walkUs=2273 texUs=135 emitUs=679 submitUs=355 otherUs=1103 prims=393 usPerPrim=5
[FT] avgMs=16 worstMs=44 gameMs=11 drawMs=5 swapWait=0ms draws=70 decodes=0 decMs=0
[OTS] f=440520 calls=2 n0=2297 n1=274 prims=61078 bb=160,1120,0,694
[OTT] walkUs=2252 texUs=125 emitUs=676 submitUs=331 otherUs=1118 prims=389 usPerPrim=5
[FT] avgMs=16 worstMs=47 gameMs=11 drawMs=5 swapWait=1ms draws=71 decodes=0 decMs=0
[OTS] f=440640 calls=2 n0=2302 n1=274 prims=61172 bb=160,1120,0,694
[OTT] walkUs=2026 texUs=128 emitUs=687 submitUs=345 otherUs=865 prims=394 usPerPrim=5
[FT] avgMs=16 worstMs=54 gameMs=11 drawMs=5 swapWait=0ms draws=70 decodes=0 decMs=0
[OTS] f=440760 calls=2 n0=2294 n1=274 prims=61088 bb=160,1120,0,694
[OTT] walkUs=2307 texUs=122 emitUs=664 submitUs=255 otherUs=1265 prims=386 usPerPrim=5
[FT] avgMs=16 worstMs=49 gameMs=11 drawMs=5 swapWait=0ms draws=70 decodes=0 decMs=0
[OTS] f=440880 calls=2 n0=2298 n1=274 prims=61116 bb=160,1120,0,694
[OTT] walkUs=2252 texUs=123 emitUs=676 submitUs=305 otherUs=1146 prims=390 usPerPrim=5
[SH-XBOX] vblank 441000
[MEM] tick: free=4016KB (1004 pages)
[FT] avgMs=16 worstMs=45 gameMs=11 drawMs=5 swapWait=0ms draws=71 decodes=0 decMs=0
[OTS] f=441000 calls=2 n0=2298 n1=274 prims=61297 bb=160,1120,0,694
[OTT] walkUs=2273 texUs=123 emitUs=674 submitUs=399 otherUs=1076 prims=390 usPerPrim=5
[FT] avgMs=16 worstMs=52 gameMs=11 drawMs=5 swapWait=0ms draws=70 decodes=0 decMs=0
[OTS] f=441120 calls=2 n0=2303 n1=274 prims=60926 bb=160,1120,0,694
[OTT] walkUs=2343 texUs=125 emitUs=688 submitUs=190 otherUs=1339 prims=395 usPerPrim=5
[FT] avgMs=16 worstMs=48 gameMs=11 drawMs=5 swapWait=0ms draws=71 decodes=0 decMs=0
[OTS] f=441240 calls=2 n0=2300 n1=274 prims=61294 bb=160,1120,0,694
[OTT] walkUs=1978 texUs=125 emitUs=683 submitUs=187 otherUs=981 prims=392 usPerPrim=5
[FT] avgMs=16 worstMs=44 gameMs=11 drawMs=5 swapWait=0ms draws=70 decodes=0 decMs=0
[OTS] f=441360 calls=2 n0=2298 n1=274 prims=60999 bb=160,1120,0,694
[OTT] walkUs=2213 texUs=124 emitUs=667 submitUs=177 otherUs=1244 prims=390 usPerPrim=5
[FT] avgMs=16 worstMs=45 gameMs=11 drawMs=5 swapWait=0ms draws=70 decodes=0 decMs=0
[OTS] f=441480 calls=2 n0=2301 n1=274 prims=61258 bb=160,1120,0,694
[OTT] walkUs=2197 texUs=124 emitUs=681 submitUs=246 otherUs=1145 prims=393 usPerPrim=5
[SH-XBOX] vblank 441600
[MEM] tick: free=4016KB (1004 pages)
[FT] avgMs=16 worstMs=53 gameMs=11 drawMs=5 swapWait=0ms draws=70 decodes=0 decMs=0
[OTS] f=441600 calls=2 n0=2301 n1=274 prims=60862 bb=160,1120,0,694
[OTT] walkUs=1970 texUs=128 emitUs=680 submitUs=291 otherUs=869 prims=393 usPerPrim=5
[FT] avgMs=16 worstMs=48 gameMs=11 drawMs=5 swapWait=0ms draws=71 decodes=0 decMs=0
[OTS] f=441720 calls=2 n0=2302 n1=274 prims=61344 bb=160,1120,0,694
[OTT] walkUs=2258 texUs=124 emitUs=686 submitUs=249 otherUs=1197 prims=394 usPerPrim=5
[FT] avgMs=16 worstMs=44 gameMs=11 drawMs=5 swapWait=0ms draws=71 decodes=0 decMs=0
[OTS] f=441840 calls=2 n0=2299 n1=274 prims=61028 bb=160,1120,0,694
[OTT] walkUs=1898 texUs=124 emitUs=674 submitUs=290 otherUs=808 prims=391 usPerPrim=4
[FT] avgMs=16 worstMs=45 gameMs=11 drawMs=5 swapWait=0ms draws=70 decodes=0 decMs=0
[OTS] f=441960 calls=2 n0=2300 n1=274 prims=61185 bb=160,1120,0,694
[OTT] walkUs=2243 texUs=123 emitUs=691 submitUs=174 otherUs=1253 prims=392 usPerPrim=5
[FT] avgMs=16 worstMs=53 gameMs=11 drawMs=5 swapWait=1ms draws=71 decodes=0 decMs=0
[OTS] f=442080 calls=2 n0=2298 n1=274 prims=61064 bb=160,1120,0,694
[OTT] walkUs=2096 texUs=126 emitUs=673 submitUs=254 otherUs=1042 prims=390 usPerPrim=5
[SH-XBOX] vblank 442200
[MEM] tick: free=4016KB (1004 pages)
[FT] avgMs=16 worstMs=47 gameMs=11 drawMs=5 swapWait=0ms draws=70 decodes=0 decMs=0
[OTS] f=442200 calls=2 n0=2299 n1=274 prims=61195 bb=160,1120,0,694
[OTT] walkUs=2096 texUs=124 emitUs=675 submitUs=287 otherUs=1009 prims=391 usPerPrim=5
[FT] avgMs=16 worstMs=44 gameMs=11 drawMs=5 swapWait=0ms draws=70 decodes=0 decMs=0
[OTS] f=442320 calls=2 n0=2298 n1=274 prims=61056 bb=160,1120,0,694
[OTT] walkUs=2206 texUs=123 emitUs=675 submitUs=445 otherUs=962 prims=390 usPerPrim=5
[FT] avgMs=16 worstMs=45 gameMs=11 drawMs=5 swapWait=0ms draws=71 decodes=0 decMs=0
[OTS] f=442440 calls=2 n0=2304 n1=274 prims=61209 bb=160,1120,0,694
[OTT] walkUs=2165 texUs=125 emitUs=692 submitUs=188 otherUs=1158 prims=396 usPerPrim=5
[FT] avgMs=16 worstMs=52 gameMs=11 drawMs=5 swapWait=0ms draws=70 decodes=0 decMs=0
[OTS] f=442560 calls=2 n0=2297 n1=274 prims=61048 bb=160,1120,0,694
[OTT] walkUs=2185 texUs=122 emitUs=674 submitUs=425 otherUs=961 prims=389 usPerPrim=5
[FT] avgMs=16 worstMs=47 gameMs=11 drawMs=5 swapWait=0ms draws=71 decodes=0 decMs=0
[OTS] f=442680 calls=2 n0=2301 n1=274 prims=61166 bb=160,1120,0,694
[OTT] walkUs=2208 texUs=124 emitUs=682 submitUs=429 otherUs=971 prims=393 usPerPrim=5
[SH-XBOX] vblank 442800
[MEM] tick: free=4016KB (1004 pages)
[FT] avgMs=16 worstMs=43 gameMs=11 drawMs=5 swapWait=0ms draws=71 decodes=0 decMs=0
[OTS] f=442800 calls=2 n0=2297 n1=274 prims=61258 bb=160,1120,0,694
[OTT] walkUs=2208 texUs=123 emitUs=671 submitUs=346 otherUs=1067 prims=389 usPerPrim=5
[FT] avgMs=16 worstMs=45 gameMs=11 drawMs=5 swapWait=0ms draws=71 decodes=0 decMs=0
[OTS] f=442920 calls=2 n0=2303 n1=274 prims=61087 bb=160,1120,0,694
[OTT] walkUs=2168 texUs=126 emitUs=695 submitUs=280 otherUs=1066 prims=395 usPerPrim=5
[FT] avgMs=16 worstMs=52 gameMs=11 drawMs=5 swapWait=0ms draws=70 decodes=0 decMs=0
[OTS] f=443040 calls=2 n0=2298 n1=274 prims=61213 bb=160,1120,0,694
[OTT] walkUs=2157 texUs=124 emitUs=673 submitUs=211 otherUs=1148 prims=390 usPerPrim=5
[FT] avgMs=16 worstMs=48 gameMs=11 drawMs=5 swapWait=0ms draws=70 decodes=0 decMs=0
[OTS] f=443160 calls=2 n0=2301 n1=274 prims=60991 bb=160,1120,0,694
[OTT] walkUs=2529 texUs=124 emitUs=688 submitUs=300 otherUs=1415 prims=393 usPerPrim=6
[FT] avgMs=16 worstMs=44 gameMs=11 drawMs=5 swapWait=0ms draws=71 decodes=0 decMs=0
[OTS] f=443280 calls=2 n0=2299 n1=274 prims=61333 bb=160,1120,0,694
[OTT] walkUs=2283 texUs=124 emitUs=679 submitUs=195 otherUs=1284 prims=391 usPerPrim=5
[SH-XBOX] vblank 443400
[MEM] tick: free=4016KB (1004 pages)
[FT] avgMs=16 worstMs=45 gameMs=11 drawMs=5 swapWait=1ms draws=70 decodes=0 decMs=0
[OTS] f=443400 calls=2 n0=2300 n1=274 prims=60873 bb=160,1120,0,694
[OTT] walkUs=2351 texUs=124 emitUs=685 submitUs=190 otherUs=1351 prims=392 usPerPrim=5
[FT] avgMs=16 worstMs=52 gameMs=11 drawMs=5 swapWait=0ms draws=71 decodes=0 decMs=0
[OTS] f=443520 calls=2 n0=2301 n1=274 prims=61329 bb=160,1120,0,694
[OTT] walkUs=2247 texUs=124 emitUs=681 submitUs=196 otherUs=1244 prims=393 usPerPrim=5
[FT] avgMs=16 worstMs=48 gameMs=11 drawMs=5 swapWait=0ms draws=71 decodes=0 decMs=0
[OTS] f=443640 calls=2 n0=2301 n1=274 prims=61043 bb=160,1120,0,694
[OTT] walkUs=2370 texUs=124 emitUs=683 submitUs=470 otherUs=1092 prims=393 usPerPrim=6
[FT] avgMs=16 worstMs=44 gameMs=11 drawMs=5 swapWait=0ms draws=70 decodes=0 decMs=0
[OTS] f=443760 calls=2 n0=2300 n1=274 prims=61193 bb=160,1120,0,694
[OTT] walkUs=2242 texUs=123 emitUs=678 submitUs=177 otherUs=1263 prims=392 usPerPrim=5
[FT] avgMs=16 worstMs=46 gameMs=11 drawMs=5 swapWait=0ms draws=71 decodes=0 decMs=0
[OTS] f=443880 calls=2 n0=2299 n1=274 prims=61021 bb=160,1120,0,694
[OTT] walkUs=1960 texUs=123 emitUs=680 submitUs=384 otherUs=771 prims=391 usPerPrim=5
[SH-XBOX] vblank 444000
[MEM] tick: free=4016KB (1004 pages)
[FT] avgMs=16 worstMs=53 gameMs=11 drawMs=5 swapWait=0ms draws=70 decodes=0 decMs=0
[OTS] f=444000 calls=2 n0=2300 n1=274 prims=61215 bb=160,1120,0,694
[OTT] walkUs=1913 texUs=124 emitUs=682 submitUs=184 otherUs=921 prims=392 usPerPrim=4
[FT] avgMs=16 worstMs=48 gameMs=11 drawMs=5 swapWait=0ms draws=70 decodes=0 decMs=0
[OTS] f=444120 calls=2 n0=2300 n1=274 prims=61055 bb=160,1120,0,694
[OTT] walkUs=2333 texUs=124 emitUs=677 submitUs=403 otherUs=1128 prims=392 usPerPrim=5
[FT] avgMs=16 worstMs=44 gameMs=11 drawMs=5 swapWait=0ms draws=70 decodes=0 decMs=0
[OTS] f=444240 calls=2 n0=2303 n1=274 prims=61108 bb=160,1120,0,694
[OTT] walkUs=1864 texUs=126 emitUs=693 submitUs=186 otherUs=858 prims=395 usPerPrim=4
[FT] avgMs=16 worstMs=45 gameMs=11 drawMs=5 swapWait=0ms draws=71 decodes=0 decMs=0
[OTS] f=444360 calls=2 n0=2297 n1=274 prims=61138 bb=160,1120,0,694
[OTT] walkUs=2190 texUs=123 emitUs=671 submitUs=178 otherUs=1217 prims=389 usPerPrim=5
[FT] avgMs=16 worstMs=53 gameMs=11 drawMs=5 swapWait=0ms draws=70 decodes=0 decMs=0
[OTS] f=444480 calls=2 n0=2299 n1=274 prims=61171 bb=160,1120,0,694
[OTT] walkUs=2092 texUs=125 emitUs=673 submitUs=267 otherUs=1025 prims=391 usPerPrim=5
[SH-XBOX] vblank 444600
[MEM] tick: free=4016KB (1004 pages)
[FT] avgMs=16 worstMs=49 gameMs=11 drawMs=5 swapWait=0ms draws=70 decodes=0 decMs=0
[OTS] f=444600 calls=2 n0=2296 n1=274 prims=61108 bb=160,1120,0,694
[OTT] walkUs=1870 texUs=123 emitUs=670 submitUs=198 otherUs=878 prims=388 usPerPrim=4
[FT] avgMs=16 worstMs=44 gameMs=11 drawMs=5 swapWait=0ms draws=71 decodes=0 decMs=0
[OTS] f=444720 calls=2 n0=2298 n1=274 prims=61126 bb=160,1120,0,694
[OTT] walkUs=2037 texUs=123 emitUs=678 submitUs=195 otherUs=1039 prims=390 usPerPrim=5
[FT] avgMs=16 worstMs=45 gameMs=11 drawMs=5 swapWait=0ms draws=70 decodes=0 decMs=0
[OTS] f=444840 calls=2 n0=2296 n1=274 prims=61181 bb=160,1120,0,694
[OTT] walkUs=1852 texUs=123 emitUs=668 submitUs=212 otherUs=847 prims=388 usPerPrim=4
[FT] avgMs=16 worstMs=53 gameMs=11 drawMs=5 swapWait=0ms draws=70 decodes=0 decMs=0
[OTS] f=444960 calls=2 n0=2302 n1=274 prims=61030 bb=160,1120,0,694
[OTT] walkUs=2194 texUs=124 emitUs=684 submitUs=182 otherUs=1202 prims=394 usPerPrim=5
[FT] avgMs=16 worstMs=49 gameMs=11 drawMs=5 swapWait=0ms draws=71 decodes=0 decMs=0
[OTS] f=445080 calls=2 n0=2300 n1=274 prims=61307 bb=160,1120,0,694
[OTT] walkUs=2207 texUs=124 emitUs=681 submitUs=460 otherUs=941 prims=392 usPerPrim=5
[SH-XBOX] vblank 445200
[MEM] tick: free=4016KB (1004 pages)
[FT] avgMs=16 worstMs=44 gameMs=11 drawMs=5 swapWait=0ms draws=70 decodes=0 decMs=0
[OTS] f=445200 calls=2 n0=2301 n1=274 prims=60899 bb=160,1120,0,694
[OTT] walkUs=2199 texUs=124 emitUs=683 submitUs=399 otherUs=991 prims=393 usPerPrim=5
[FT] avgMs=16 worstMs=45 gameMs=11 drawMs=5 swapWait=0ms draws=71 decodes=0 decMs=0
[OTS] f=445320 calls=2 n0=2301 n1=274 prims=61328 bb=160,1120,0,694
[OTT] walkUs=2119 texUs=125 emitUs=687 submitUs=358 otherUs=948 prims=393 usPerPrim=5
[FT] avgMs=16 worstMs=52 gameMs=11 drawMs=5 swapWait=0ms draws=71 decodes=0 decMs=0
[OTS] f=445440 calls=2 n0=2301 n1=274 prims=61020 bb=160,1120,0,694
[OTT] walkUs=2182 texUs=124 emitUs=681 submitUs=197 otherUs=1179 prims=393 usPerPrim=5
[FT] avgMs=16 worstMs=48 gameMs=11 drawMs=5 swapWait=1ms draws=71 decodes=0 decMs=0
[OTS] f=445560 calls=2 n0=2302 n1=274 prims=61344 bb=160,1120,0,694
[OTT] walkUs=2042 texUs=126 emitUs=686 submitUs=266 otherUs=963 prims=394 usPerPrim=5
[FT] avgMs=16 worstMs=43 gameMs=11 drawMs=5 swapWait=0ms draws=70 decodes=0 decMs=0
[OTS] f=445680 calls=2 n0=2298 n1=274 prims=60904 bb=160,1120,0,694
[OTT] walkUs=2077 texUs=124 emitUs=674 submitUs=200 otherUs=1078 prims=390 usPerPrim=5
[SH-XBOX] vblank 445800
[MEM] tick: free=4016KB (1004 pages)
[FT] avgMs=16 worstMs=46 gameMs=11 drawMs=5 swapWait=0ms draws=70 decodes=0 decMs=0
[OTS] f=445800 calls=2 n0=2300 n1=274 prims=61279 bb=160,1120,0,694
[OTT] walkUs=2272 texUs=124 emitUs=680 submitUs=261 otherUs=1206 prims=392 usPerPrim=5
[FT] avgMs=16 worstMs=52 gameMs=11 drawMs=5 swapWait=0ms draws=71 decodes=0 decMs=0
[OTS] f=445920 calls=2 n0=2298 n1=274 prims=61094 bb=160,1120,0,694
[OTT] walkUs=2276 texUs=124 emitUs=673 submitUs=483 otherUs=995 prims=390 usPerPrim=5
[FT] avgMs=16 worstMs=48 gameMs=11 drawMs=5 swapWait=0ms draws=70 decodes=0 decMs=0
[OTS] f=446040 calls=2 n0=2301 n1=274 prims=61121 bb=160,1120,0,694
[OTT] walkUs=2330 texUs=125 emitUs=685 submitUs=191 otherUs=1328 prims=393 usPerPrim=5
[FT] avgMs=17 worstMs=68 gameMs=11 drawMs=5 swapWait=0ms draws=71 decodes=0 decMs=0
[OTS] f=446160 calls=2 n0=2298 n1=274 prims=61100 bb=160,1120,0,694
[OTT] walkUs=2527 texUs=123 emitUs=676 submitUs=747 otherUs=980 prims=390 usPerPrim=6
[FT] avgMs=16 worstMs=46 gameMs=11 drawMs=5 swapWait=1ms draws=70 decodes=0 decMs=0
[OTS] f=446280 calls=2 n0=2301 n1=274 prims=61197 bb=160,1120,0,694
[OTT] walkUs=2233 texUs=126 emitUs=675 submitUs=322 otherUs=1109 prims=393 usPerPrim=5
[SH-XBOX] vblank 446400
[MEM] tick: free=4016KB (1004 pages)
[FT] avgMs=16 worstMs=52 gameMs=11 drawMs=5 swapWait=0ms draws=70 decodes=0 decMs=0
[OTS] f=446400 calls=2 n0=2297 n1=274 prims=61090 bb=160,1120,0,694
[OTT] walkUs=2315 texUs=123 emitUs=676 submitUs=202 otherUs=1313 prims=389 usPerPrim=5
[FT] avgMs=16 worstMs=48 gameMs=11 drawMs=5 swapWait=0ms draws=71 decodes=0 decMs=0
[OTS] f=446520 calls=2 n0=2302 n1=274 prims=61162 bb=160,1120,0,694
[OTT] walkUs=2221 texUs=125 emitUs=694 submitUs=245 otherUs=1155 prims=394 usPerPrim=5
[FT] avgMs=16 worstMs=44 gameMs=11 drawMs=5 swapWait=0ms draws=70 decodes=0 decMs=0
[OTS] f=446640 calls=2 n0=2295 n1=274 prims=61127 bb=160,1120,0,694
[OTT] walkUs=1949 texUs=123 emitUs=661 submitUs=306 otherUs=858 prims=387 usPerPrim=5
[FT] avgMs=16 worstMs=46 gameMs=11 drawMs=5 swapWait=0ms draws=70 decodes=0 decMs=0
[OTS] f=446760 calls=2 n0=2302 n1=274 prims=61085 bb=160,1120,0,694
[OTT] walkUs=1990 texUs=124 emitUs=681 submitUs=209 otherUs=975 prims=394 usPerPrim=5
[FT] avgMs=16 worstMs=53 gameMs=11 drawMs=5 swapWait=0ms draws=70 decodes=0 decMs=0
[OTS] f=446880 calls=2 n0=2300 n1=274 prims=61164 bb=160,1120,0,694
[OTT] walkUs=2023 texUs=124 emitUs=692 submitUs=208 otherUs=997 prims=392 usPerPrim=5
[SH-XBOX] vblank 447000
[MEM] tick: free=4016KB (1004 pages)
[FT] avgMs=16 worstMs=48 gameMs=11 drawMs=5 swapWait=0ms draws=71 decodes=0 decMs=0
[OTS] f=447000 calls=2 n0=2302 n1=274 prims=61035 bb=160,1120,0,694
[OTT] walkUs=1995 texUs=125 emitUs=684 submitUs=195 otherUs=990 prims=394 usPerPrim=5
[FT] avgMs=16 worstMs=44 gameMs=11 drawMs=5 swapWait=0ms draws=70 decodes=0 decMs=0
[OTS] f=447120 calls=2 n0=2297 n1=274 prims=61279 bb=160,1120,0,694
[OTT] walkUs=1949 texUs=123 emitUs=669 submitUs=182 otherUs=974 prims=389 usPerPrim=5
[FT] avgMs=16 worstMs=45 gameMs=11 drawMs=5 swapWait=0ms draws=70 decodes=0 decMs=0
[OTS] f=447240 calls=2 n0=2300 n1=274 prims=60941 bb=160,1120,0,694
[OTT] walkUs=2262 texUs=124 emitUs=678 submitUs=294 otherUs=1164 prims=392 usPerPrim=5
[FT] avgMs=16 worstMs=53 gameMs=11 drawMs=5 swapWait=0ms draws=71 decodes=0 decMs=0
[OTS] f=447360 calls=2 n0=2301 n1=274 prims=61329 bb=160,1120,0,694
[OTT] walkUs=2077 texUs=128 emitUs=685 submitUs=289 otherUs=973 prims=393 usPerPrim=5
[FT] avgMs=16 worstMs=48 gameMs=11 drawMs=5 swapWait=0ms draws=70 decodes=0 decMs=0
[OTS] f=447480 calls=2 n0=2300 n1=274 prims=60900 bb=160,1120,0,694
[OTT] walkUs=2016 texUs=125 emitUs=674 submitUs=236 otherUs=980 prims=392 usPerPrim=5
[SH-XBOX] vblank 447600
[MEM] tick: free=4016KB (1004 pages)
[FT] avgMs=16 worstMs=44 gameMs=11 drawMs=5 swapWait=0ms draws=70 decodes=0 decMs=0
[OTS] f=447600 calls=2 n0=2299 n1=274 prims=61308 bb=160,1120,0,694
[OTT] walkUs=2073 texUs=123 emitUs=673 submitUs=243 otherUs=1032 prims=391 usPerPrim=5
[FT] avgMs=16 worstMs=45 gameMs=11 drawMs=5 swapWait=0ms draws=71 decodes=0 decMs=0
[OTS] f=447720 calls=2 n0=2299 n1=274 prims=61049 bb=160,1120,0,694
[OTT] walkUs=2048 texUs=123 emitUs=679 submitUs=306 otherUs=939 prims=391 usPerPrim=5
[FT] avgMs=16 worstMs=53 gameMs=11 drawMs=5 swapWait=0ms draws=70 decodes=0 decMs=0
[OTS] f=447840 calls=2 n0=2302 n1=274 prims=61157 bb=160,1120,0,694
[OTT] walkUs=2027 texUs=125 emitUs=682 submitUs=200 otherUs=1018 prims=394 usPerPrim=5
[FT] avgMs=16 worstMs=49 gameMs=11 drawMs=5 swapWait=0ms draws=71 decodes=0 decMs=0
[OTS] f=447960 calls=2 n0=2300 n1=274 prims=61083 bb=160,1120,0,694
[OTT] walkUs=2448 texUs=125 emitUs=681 submitUs=185 otherUs=1455 prims=392 usPerPrim=6
[FT] avgMs=16 worstMs=44 gameMs=11 drawMs=5 swapWait=0ms draws=71 decodes=0 decMs=0
[OTS] f=448080 calls=2 n0=2302 n1=274 prims=61250 bb=160,1120,0,694
[OTT] walkUs=2075 texUs=125 emitUs=681 submitUs=227 otherUs=1040 prims=394 usPerPrim=5
[SH-XBOX] vblank 448200
[MEM] tick: free=4016KB (1004 pages)
[FT] avgMs=16 worstMs=45 gameMs=11 drawMs=5 swapWait=0ms draws=71 decodes=0 decMs=0
[OTS] f=448200 calls=2 n0=2297 n1=274 prims=61154 bb=160,1120,0,694
[OTT] walkUs=2198 texUs=123 emitUs=680 submitUs=264 otherUs=1130 prims=389 usPerPrim=5
[FT] avgMs=16 worstMs=53 gameMs=11 drawMs=5 swapWait=0ms draws=70 decodes=0 decMs=0
[OTS] f=448320 calls=2 n0=2302 n1=274 prims=61043 bb=160,1120,0,694
[OTT] walkUs=2242 texUs=124 emitUs=682 submitUs=327 otherUs=1108 prims=394 usPerPrim=5
[FT] avgMs=16 worstMs=49 gameMs=11 drawMs=5 swapWait=0ms draws=71 decodes=0 decMs=0
[OTS] f=448440 calls=2 n0=2296 n1=274 prims=61206 bb=160,1120,0,694
[OTT] walkUs=2245 texUs=125 emitUs=668 submitUs=186 otherUs=1264 prims=388 usPerPrim=5
[FT] avgMs=16 worstMs=44 gameMs=11 drawMs=5 swapWait=0ms draws=71 decodes=0 decMs=0
[OTS] f=448560 calls=2 n0=2297 n1=274 prims=61151 bb=160,1120,0,694
[OTT] walkUs=2262 texUs=122 emitUs=683 submitUs=217 otherUs=1239 prims=389 usPerPrim=5
[FT] avgMs=16 worstMs=46 gameMs=11 drawMs=5 swapWait=0ms draws=70 decodes=0 decMs=0
[OTS] f=448680 calls=2 n0=2298 n1=274 prims=61143 bb=160,1120,0,694
[OTT] walkUs=2191 texUs=123 emitUs=674 submitUs=201 otherUs=1192 prims=390 usPerPrim=5
[SH-XBOX] vblank 448800
[MEM] tick: free=4016KB (1004 pages)
[FT] avgMs=16 worstMs=52 gameMs=11 drawMs=5 swapWait=0ms draws=71 decodes=0 decMs=0
[OTS] f=448800 calls=2 n0=2303 n1=274 prims=61054 bb=160,1120,0,694
[OTT] walkUs=2310 texUs=125 emitUs=690 submitUs=243 otherUs=1250 prims=395 usPerPrim=5
[FT] avgMs=16 worstMs=48 gameMs=11 drawMs=5 swapWait=0ms draws=70 decodes=0 decMs=0
[OTS] f=448920 calls=2 n0=2298 n1=274 prims=61241 bb=160,1120,0,694
[OTT] walkUs=2349 texUs=124 emitUs=668 submitUs=493 otherUs=1063 prims=390 usPerPrim=6
[FT] avgMs=16 worstMs=44 gameMs=11 drawMs=5 swapWait=0ms draws=70 decodes=0 decMs=0
[OTS] f=449040 calls=2 n0=2301 n1=274 prims=60983 bb=160,1120,0,694
[OTT] walkUs=2358 texUs=124 emitUs=684 submitUs=209 otherUs=1338 prims=393 usPerPrim=6
[FT] avgMs=16 worstMs=46 gameMs=11 drawMs=5 swapWait=0ms draws=71 decodes=0 decMs=0
[OTS] f=449160 calls=2 n0=2301 n1=274 prims=61329 bb=160,1120,0,694
[OTT] walkUs=2333 texUs=124 emitUs=686 submitUs=310 otherUs=1211 prims=393 usPerPrim=5
[FT] avgMs=16 worstMs=54 gameMs=11 drawMs=5 swapWait=0ms draws=70 decodes=0 decMs=0
[OTS] f=449280 calls=2 n0=2301 n1=274 prims=60862 bb=160,1120,0,694
[OTT] walkUs=2578 texUs=125 emitUs=687 submitUs=698 otherUs=1067 prims=393 usPerPrim=6
[SH-XBOX] vblank 449400
[MEM] tick: free=4016KB (1004 pages)
[FT] avgMs=16 worstMs=48 gameMs=11 drawMs=5 swapWait=0ms draws=71 decodes=0 decMs=0
[OTS] f=449400 calls=2 n0=2301 n1=274 prims=61350 bb=160,1120,0,694
[OTT] walkUs=1997 texUs=133 emitUs=677 submitUs=191 otherUs=994 prims=393 usPerPrim=5
[FT] avgMs=16 worstMs=44 gameMs=11 drawMs=5 swapWait=0ms draws=70 decodes=0 decMs=0
[OTS] f=449520 calls=2 n0=2300 n1=274 prims=60902 bb=160,1120,0,694
[OTT] walkUs=2114 texUs=124 emitUs=678 submitUs=177 otherUs=1134 prims=392 usPerPrim=5
[FT] avgMs=16 worstMs=45 gameMs=11 drawMs=5 swapWait=0ms draws=71 decodes=0 decMs=0
[OTS] f=449640 calls=2 n0=2300 n1=274 prims=61305 bb=160,1120,0,694
[OTT] walkUs=2179 texUs=124 emitUs=677 submitUs=410 otherUs=967 prims=392 usPerPrim=5
[FT] avgMs=16 worstMs=53 gameMs=11 drawMs=5 swapWait=0ms draws=70 decodes=0 decMs=0
[OTS] f=449760 calls=2 n0=2296 n1=274 prims=60994 bb=160,1120,0,694
[OTT] walkUs=1896 texUs=126 emitUs=665 submitUs=192 otherUs=912 prims=388 usPerPrim=4
[FT] avgMs=16 worstMs=48 gameMs=11 drawMs=5 swapWait=0ms draws=70 decodes=0 decMs=0
[OTS] f=449880 calls=2 n0=2300 n1=274 prims=61209 bb=160,1120,0,694
[OTT] walkUs=2037 texUs=124 emitUs=680 submitUs=195 otherUs=1036 prims=392 usPerPrim=5
[SH-XBOX] vblank 450000
[MEM] tick: free=4016KB (1004 pages)
[FT] avgMs=16 worstMs=44 gameMs=11 drawMs=5 swapWait=0ms draws=71 decodes=0 decMs=0
[OTS] f=450000 calls=2 n0=2298 n1=274 prims=61112 bb=160,1120,0,694
[OTT] walkUs=2152 texUs=123 emitUs=678 submitUs=239 otherUs=1110 prims=390 usPerPrim=5
[FT] avgMs=16 worstMs=46 gameMs=11 drawMs=5 swapWait=0ms draws=70 decodes=0 decMs=0
[OTS] f=450120 calls=2 n0=2304 n1=274 prims=61081 bb=160,1120,0,694
[OTT] walkUs=1989 texUs=126 emitUs=692 submitUs=199 otherUs=970 prims=396 usPerPrim=5
[FT] avgMs=16 worstMs=53 gameMs=11 drawMs=5 swapWait=0ms draws=71 decodes=0 decMs=0
[OTS] f=450240 calls=2 n0=2297 n1=274 prims=61176 bb=160,1120,0,694
[OTT] walkUs=2174 texUs=123 emitUs=672 submitUs=336 otherUs=1041 prims=389 usPerPrim=5
[FT] avgMs=16 worstMs=49 gameMs=11 drawMs=5 swapWait=1ms draws=71 decodes=0 decMs=0
[OTS] f=450360 calls=2 n0=2302 n1=274 prims=61192 bb=160,1120,0,694
[OTT] walkUs=2091 texUs=125 emitUs=687 submitUs=238 otherUs=1040 prims=394 usPerPrim=5
[FT] avgMs=16 worstMs=44 gameMs=11 drawMs=5 swapWait=0ms draws=70 decodes=0 decMs=0
[OTS] f=450480 calls=2 n0=2297 n1=274 prims=61101 bb=160,1120,0,694
[OTT] walkUs=1985 texUs=123 emitUs=672 submitUs=206 otherUs=982 prims=389 usPerPrim=5
[SH-XBOX] vblank 450600
[MEM] tick: free=4016KB (1004 pages)
[FT] avgMs=16 worstMs=45 gameMs=11 drawMs=5 swapWait=0ms draws=71 decodes=0 decMs=0
[OTS] f=450600 calls=2 n0=2303 n1=274 prims=61087 bb=160,1120,0,694
[OTT] walkUs=2041 texUs=126 emitUs=690 submitUs=198 otherUs=1026 prims=395 usPerPrim=5
[FT] avgMs=16 worstMs=53 gameMs=11 drawMs=5 swapWait=0ms draws=71 decodes=0 decMs=0
[OTS] f=450720 calls=2 n0=2300 n1=274 prims=61283 bb=160,1120,0,694
[OTT] walkUs=2410 texUs=124 emitUs=678 submitUs=413 otherUs=1194 prims=392 usPerPrim=6
[FT] avgMs=16 worstMs=49 gameMs=11 drawMs=5 swapWait=0ms draws=71 decodes=0 decMs=0
[OTS] f=450840 calls=2 n0=2302 n1=274 prims=61067 bb=160,1120,0,694
[OTT] walkUs=2235 texUs=125 emitUs=686 submitUs=200 otherUs=1224 prims=394 usPerPrim=5
[FT] avgMs=16 worstMs=44 gameMs=11 drawMs=5 swapWait=0ms draws=70 decodes=0 decMs=0
[OTS] f=450960 calls=2 n0=2299 n1=274 prims=61190 bb=160,1120,0,694
[OTT] walkUs=2324 texUs=123 emitUs=683 submitUs=323 otherUs=1193 prims=391 usPerPrim=5
[FT] avgMs=16 worstMs=46 gameMs=11 drawMs=5 swapWait=0ms draws=71 decodes=0 decMs=0
[OTS] f=451080 calls=2 n0=2300 n1=274 prims=61001 bb=160,1120,0,694
[OTT] walkUs=2132 texUs=127 emitUs=678 submitUs=356 otherUs=969 prims=392 usPerPrim=5
[SH-XBOX] vblank 451200
[MEM] tick: free=4016KB (1004 pages)
[FT] avgMs=16 worstMs=53 gameMs=11 drawMs=5 swapWait=0ms draws=70 decodes=0 decMs=0
[OTS] f=451200 calls=2 n0=2298 n1=274 prims=61333 bb=160,1120,0,694
[OTT] walkUs=2275 texUs=123 emitUs=672 submitUs=187 otherUs=1290 prims=390 usPerPrim=5
[FT] avgMs=16 worstMs=48 gameMs=11 drawMs=5 swapWait=0ms draws=70 decodes=0 decMs=0
[OTS] f=451320 calls=2 n0=2302 n1=274 prims=60916 bb=160,1120,0,694
[OTT] walkUs=2287 texUs=125 emitUs=682 submitUs=464 otherUs=1014 prims=394 usPerPrim=5
[FT] avgMs=16 worstMs=45 gameMs=11 drawMs=5 swapWait=0ms draws=71 decodes=0 decMs=0
[OTS] f=451440 calls=2 n0=2300 n1=274 prims=61316 bb=160,1120,0,694
[OTT] walkUs=2371 texUs=125 emitUs=682 submitUs=384 otherUs=1178 prims=392 usPerPrim=6
[FT] avgMs=16 worstMs=46 gameMs=11 drawMs=5 swapWait=0ms draws=70 decodes=0 decMs=0
[OTS] f=451560 calls=2 n0=2297 n1=274 prims=60936 bb=160,1120,0,694
[OTT] walkUs=2348 texUs=123 emitUs=667 submitUs=190 otherUs=1366 prims=389 usPerPrim=6
[FT] avgMs=16 worstMs=53 gameMs=11 drawMs=5 swapWait=0ms draws=70 decodes=0 decMs=0
[OTS] f=451680 calls=2 n0=2301 n1=274 prims=61264 bb=160,1120,0,694
[OTT] walkUs=2255 texUs=125 emitUs=679 submitUs=363 otherUs=1087 prims=393 usPerPrim=5
[SH-XBOX] vblank 451800
[MEM] tick: free=4016KB (1004 pages)
[FT] avgMs=16 worstMs=48 gameMs=11 drawMs=5 swapWait=0ms draws=71 decodes=0 decMs=0
[OTS] f=451800 calls=2 n0=2300 n1=274 prims=61091 bb=160,1120,0,694
[OTT] walkUs=2327 texUs=124 emitUs=683 submitUs=192 otherUs=1326 prims=392 usPerPrim=5
[FT] avgMs=16 worstMs=44 gameMs=11 drawMs=5 swapWait=0ms draws=70 decodes=0 decMs=0
[OTS] f=451920 calls=2 n0=2303 n1=274 prims=61108 bb=160,1120,0,694
[OTT] walkUs=2155 texUs=125 emitUs=684 submitUs=175 otherUs=1169 prims=395 usPerPrim=5
[FT] avgMs=16 worstMs=46 gameMs=11 drawMs=5 swapWait=0ms draws=70 decodes=0 decMs=0
[OTS] f=452040 calls=2 n0=2295 n1=274 prims=61116 bb=160,1120,0,694
[OTT] walkUs=1986 texUs=122 emitUs=662 submitUs=417 otherUs=784 prims=387 usPerPrim=5
[FT] avgMs=16 worstMs=53 gameMs=11 drawMs=5 swapWait=0ms draws=70 decodes=0 decMs=0
[OTS] f=452160 calls=2 n0=2302 n1=274 prims=61095 bb=160,1120,0,694
[OTT] walkUs=2412 texUs=125 emitUs=687 submitUs=176 otherUs=1424 prims=394 usPerPrim=6
[FT] avgMs=16 worstMs=49 gameMs=11 drawMs=5 swapWait=0ms draws=71 decodes=0 decMs=0
[OTS] f=452280 calls=2 n0=2296 n1=274 prims=61206 bb=160,1120,0,694
[OTT] walkUs=2489 texUs=123 emitUs=677 submitUs=653 otherUs=1035 prims=388 usPerPrim=6
[SH-XBOX] vblank 452400
[MEM] tick: free=4016KB (1004 pages)
[FT] avgMs=16 worstMs=44 gameMs=11 drawMs=5 swapWait=0ms draws=70 decodes=0 decMs=0
[OTS] f=452400 calls=2 n0=2296 n1=274 prims=61023 bb=160,1120,0,694
[OTT] walkUs=1855 texUs=124 emitUs=666 submitUs=189 otherUs=875 prims=388 usPerPrim=4
[FT] avgMs=16 worstMs=47 gameMs=11 drawMs=5 swapWait=0ms draws=70 decodes=0 decMs=0
[OTS] f=452520 calls=2 n0=2297 n1=274 prims=61243 bb=160,1120,0,694
[OTT] walkUs=2278 texUs=123 emitUs=673 submitUs=268 otherUs=1212 prims=389 usPerPrim=5
[FT] avgMs=16 worstMs=53 gameMs=11 drawMs=5 swapWait=0ms draws=71 decodes=0 decMs=0
[OTS] f=452640 calls=2 n0=2303 n1=274 prims=61081 bb=160,1120,0,694
[OTT] walkUs=2255 texUs=125 emitUs=692 submitUs=322 otherUs=1115 prims=395 usPerPrim=5
[FT] avgMs=16 worstMs=49 gameMs=11 drawMs=5 swapWait=0ms draws=70 decodes=0 decMs=0
[OTS] f=452760 calls=2 n0=2300 n1=274 prims=61167 bb=160,1120,0,694
[OTT] walkUs=2023 texUs=127 emitUs=678 submitUs=198 otherUs=1018 prims=392 usPerPrim=5
[FT] avgMs=16 worstMs=44 gameMs=11 drawMs=5 swapWait=0ms draws=71 decodes=0 decMs=0
[OTS] f=452880 calls=2 n0=2301 n1=274 prims=61027 bb=160,1120,0,694
[OTT] walkUs=2084 texUs=124 emitUs=683 submitUs=420 otherUs=856 prims=393 usPerPrim=5
[SH-XBOX] vblank 453000
[MEM] tick: free=4016KB (1004 pages)
[FT] avgMs=16 worstMs=45 gameMs=11 drawMs=5 swapWait=0ms draws=70 decodes=0 decMs=0
[OTS] f=453000 calls=2 n0=2298 n1=274 prims=61321 bb=160,1120,0,694
[OTT] walkUs=1945 texUs=124 emitUs=667 submitUs=189 otherUs=964 prims=390 usPerPrim=4
[FT] avgMs=16 worstMs=53 gameMs=11 drawMs=5 swapWait=0ms draws=70 decodes=0 decMs=0
[OTS] f=453120 calls=2 n0=2301 n1=274 prims=60900 bb=160,1120,0,694
[OTT] walkUs=2193 texUs=124 emitUs=680 submitUs=325 otherUs=1061 prims=393 usPerPrim=5
[FT] avgMs=16 worstMs=49 gameMs=11 drawMs=5 swapWait=0ms draws=71 decodes=0 decMs=0
[OTS] f=453240 calls=2 n0=2302 n1=274 prims=61345 bb=160,1120,0,694
[OTT] walkUs=2181 texUs=125 emitUs=684 submitUs=244 otherUs=1126 prims=394 usPerPrim=5
[FT] avgMs=16 worstMs=45 gameMs=11 drawMs=5 swapWait=0ms draws=71 decodes=0 decMs=0
[OTS] f=453360 calls=2 n0=2300 n1=274 prims=61006 bb=160,1120,0,694
[OTT] walkUs=2216 texUs=124 emitUs=678 submitUs=188 otherUs=1224 prims=392 usPerPrim=5
[FT] avgMs=16 worstMs=46 gameMs=11 drawMs=5 swapWait=0ms draws=71 decodes=0 decMs=0
[OTS] f=453480 calls=2 n0=2299 n1=274 prims=61331 bb=160,1120,0,694
[OTT] walkUs=2198 texUs=123 emitUs=685 submitUs=459 otherUs=929 prims=391 usPerPrim=5
[SH-XBOX] vblank 453600
[MEM] tick: free=4016KB (1004 pages)
[FT] avgMs=16 worstMs=53 gameMs=11 drawMs=5 swapWait=0ms draws=70 decodes=0 decMs=0
[OTS] f=453600 calls=2 n0=2298 n1=274 prims=60940 bb=160,1120,0,694
[OTT] walkUs=2160 texUs=123 emitUs=676 submitUs=275 otherUs=1085 prims=390 usPerPrim=5
[FT] avgMs=16 worstMs=49 gameMs=11 drawMs=5 swapWait=0ms draws=71 decodes=0 decMs=0
[OTS] f=453720 calls=2 n0=2301 n1=274 prims=61249 bb=160,1120,0,694
[OTT] walkUs=2240 texUs=123 emitUs=680 submitUs=190 otherUs=1245 prims=393 usPerPrim=5
[FT] avgMs=16 worstMs=45 gameMs=11 drawMs=5 swapWait=1ms draws=70 decodes=0 decMs=0
[OTS] f=453840 calls=2 n0=2296 n1=274 prims=61062 bb=160,1120,0,694
[OTT] walkUs=2035 texUs=123 emitUs=669 submitUs=199 otherUs=1042 prims=388 usPerPrim=5
[FT] avgMs=17 worstMs=69 gameMs=11 drawMs=5 swapWait=0ms draws=70 decodes=0 decMs=0
[OTS] f=453960 calls=2 n0=2304 n1=274 prims=61149 bb=160,1120,0,694
[OTT] walkUs=2364 texUs=125 emitUs=694 submitUs=417 otherUs=1127 prims=396 usPerPrim=5
[FT] avgMs=16 worstMs=47 gameMs=11 drawMs=5 swapWait=0ms draws=71 decodes=0 decMs=0
[OTS] f=454080 calls=2 n0=2297 n1=274 prims=61176 bb=160,1120,0,694
[OTT] walkUs=2313 texUs=123 emitUs=675 submitUs=487 otherUs=1028 prims=389 usPerPrim=5
[SH-XBOX] vblank 454200
[MEM] tick: free=4016KB (1004 pages)
[FT] avgMs=16 worstMs=43 gameMs=11 drawMs=5 swapWait=0ms draws=70 decodes=0 decMs=0
[OTS] f=454200 calls=2 n0=2300 n1=274 prims=61044 bb=160,1120,0,694
[OTT] walkUs=2219 texUs=125 emitUs=677 submitUs=196 otherUs=1220 prims=392 usPerPrim=5
[FT] avgMs=16 worstMs=45 gameMs=11 drawMs=5 swapWait=1ms draws=70 decodes=0 decMs=0
[OTS] f=454320 calls=2 n0=2296 n1=274 prims=61225 bb=160,1120,0,694
[OTT] walkUs=2195 texUs=122 emitUs=672 submitUs=205 otherUs=1194 prims=388 usPerPrim=5
[FT] avgMs=16 worstMs=46 gameMs=11 drawMs=5 swapWait=0ms draws=71 decodes=0 decMs=0
[OTS] f=454440 calls=2 n0=2303 n1=274 prims=61111 bb=160,1120,0,694
[OTT] walkUs=2349 texUs=125 emitUs=689 submitUs=193 otherUs=1341 prims=395 usPerPrim=5
[FT] avgMs=16 worstMs=53 gameMs=11 drawMs=5 swapWait=0ms draws=70 decodes=0 decMs=0
[OTS] f=454560 calls=2 n0=2300 n1=274 prims=61155 bb=160,1120,0,694
[OTT] walkUs=2350 texUs=124 emitUs=678 submitUs=499 otherUs=1047 prims=392 usPerPrim=5
[FT] avgMs=16 worstMs=49 gameMs=11 drawMs=5 swapWait=0ms draws=70 decodes=0 decMs=0
[OTS] f=454680 calls=2 n0=2300 n1=274 prims=60981 bb=160,1120,0,694
[OTT] walkUs=2496 texUs=125 emitUs=679 submitUs=469 otherUs=1221 prims=392 usPerPrim=6
[SH-XBOX] vblank 454800
[MEM] tick: free=4016KB (1004 pages)
[FT] avgMs=16 worstMs=45 gameMs=11 drawMs=5 swapWait=0ms draws=70 decodes=0 decMs=0
[OTS] f=454800 calls=2 n0=2298 n1=274 prims=61261 bb=160,1120,0,694
[OTT] walkUs=2097 texUs=124 emitUs=679 submitUs=345 otherUs=947 prims=390 usPerPrim=5
[FT] avgMs=16 worstMs=46 gameMs=11 drawMs=5 swapWait=0ms draws=71 decodes=0 decMs=0
[OTS] f=454920 calls=2 n0=2300 n1=274 prims=61015 bb=160,1120,0,694
[OTT] walkUs=2198 texUs=123 emitUs=677 submitUs=176 otherUs=1220 prims=392 usPerPrim=5
[FT] avgMs=16 worstMs=53 gameMs=11 drawMs=5 swapWait=0ms draws=70 decodes=0 decMs=0
[OTS] f=455040 calls=2 n0=2301 n1=274 prims=61202 bb=160,1120,0,694
[OTT] walkUs=2259 texUs=124 emitUs=681 submitUs=393 otherUs=1060 prims=393 usPerPrim=5
[FT] avgMs=16 worstMs=49 gameMs=11 drawMs=5 swapWait=0ms draws=71 decodes=0 decMs=0
[OTS] f=455160 calls=2 n0=2302 n1=274 prims=61018 bb=160,1120,0,694
[OTT] walkUs=2001 texUs=129 emitUs=683 submitUs=304 otherUs=884 prims=394 usPerPrim=5
