[CFG] key='control_style'(13) value='classic'
[CFG] key='invert_controller_y'(19) value='1'
[CFG] key='crosshair'(9) value='1'
[CFG] key='crosshair_style'(15) value='3'
[CFG] key='refresh_rate'(12) value='60'
[CFG] key='retroachievements'(17) value='1'
[CFG] >> retroachievements branch: atoi=1 -> retroAchievements=1
[CFG] key='ra_username'(11) value='KushAstronaut'
[CFG] key='ra_password'(11) value='101F66d283,,'
[CFG] key='use_pgxp'(8) value='0'
[CFG] key='cutscene_line_gap_ms'(20) value='300'
[CFG] key='video_720p'(10) value='1'
[CFG] key='log_diag'(8) value='0control_2d = 1'
[CFG] key='control_2d'(10) value='0'
[SH-XBOX] SEH crash logger installed (frame=0xd0032c60 handler=0x2f1210)
[SH-XBOX] build 063223554+wt id=0808-202948 (2026-08-08 20:29:48)
[FS] D: -> '\Device\Harddisk0\Partition1\Apps\SH\' (wasMounted=1 remap=ok)
[SH-XBOX] boot: video 1280x720x32 (720p, pillarboxed 4:3)
[GTE] RotTransPers v(64,32,512) -> sx=352 sy=256 sz=128 flag=0x1000 (expect sx=352 sy=256)
[SH-XBOX] pbkit initialised
[CD] xbe dir = '\Device\Harddisk0\Partition1\Apps\SH\' (mounted Q:)
[CD] disc image: Q:\Silent Hill (USA).bin
[CD] BIN: Q:\Silent Hill (USA).bin
[SH-XBOX] NV2A fb 1280x720, content 960x720 at x=160
[SH-XBOX] NV2A backend ready (batch=65536 verts)
[SH-XBOX] USB pad init done
[MCRD] card path = E:\UDATA\SH010000\0.MCD
[SH-XBOX] PSX RAM @ 0xdc9f6c
[SH-XBOX] game data initialised
[SH-XBOX] subsystems up; entering MainLoop
[RA] init: enabled=1 user='KushAstronaut' token=none passwordLen=12
[NET] up, DHCP IP 192.168.1.123
[RA] syswork native: npcs=0x1A0 bones=0x26A0 tailA=0x91D0 targetNpc=0x92A8 light=0x92B0 sizeof=38588
[FREEZE] reserve ok: 1800KB (1280x720 R5G6B5) free=22276KB
[FOGST-GPU] clear=0xff000000
[SH-XBOX] layout check ok: sizeof(s_SysWork)=38588 sizeof(s_GameWork)=1496
[XA] SetVolume L=0 R=0
[ARENA] buf0=0x7fdd0008 buf1=0x7fbc0008
[SH-XBOX] GameState -> 0 (step 0)
[RA] http POST http://retroachievements.org/dorequest.php
[NET] POST retroachievements.org -> 200 (253 bytes)
[RA] http -> status=200 bodyLen=253 body='{"Success":true,"User":"KushAstronaut","AvatarUrl":"https:\/'
[RA] logged in as KushAstronaut
RA: signed in as KushAstronaut
[RA] disc hash 469d5cf1428d3f6f2234aa5be058f3ec
[MCFSM] state=0 step=0 (was -1/-1 after 0 f)
[OT] DrawOTag head=0xd4cd20 (walking; per-node trace off)
[OT] walk done after 2048 nodes (cap hit=0)
[RA] http POST http://retroachievements.org/dorequest.php
[NET] POST retroachievements.org -> 200 (136267 bytes)
[RA] http -> status=200 bodyLen=136267 body='{"Success":true,"GameId":11252,"Title":"Silent Hill","ImageI'
[MCFSM] state=1 step=0 (was 0/0 after 0 f)
[MCRD] card_info chan=0 -> IOE (n=1)
[RA] http POST http://retroachievements.org/dorequest.php
[NET] POST retroachievements.org -> 200 (200 bytes)
[RA] http -> status=200 bodyLen=200 body='{"Success":true,"ServerNow":1786237908,"HardcoreUnlocks":[],'
[RA] set reads 0x800BCAD8 (mapped)
[RA] set reads 0x800BCC7E (mapped)
[RA] set reads 0x800BCBA2 (mapped)
[RA] set reads 0x800BC0C8 (mapped)
[RA] set reads 0x800BC26E (mapped)
[RA] set reads 0x800BC192 (mapped)
[RA] set reads 0x800B2214 (mapped)
[RA] set reads 0x800BC6A8 (mapped)
[RA] achievement read of unmapped PSX address 0x800BCD6C - needs a translation entry
[RA] achievement read of unmapped PSX address 0x800C168C - needs a translation entry
[RA] achievement read of unmapped PSX address 0x800C0C7C - needs a translation entry
[RA] achievement read of unmapped PSX address 0x800C125C - needs a translation entry
[RA] achievement read of unmapped PSX address 0x800C6F2D - needs a translation entry
[RA] achievement read of unmapped PSX address 0x800C651D - needs a translation entry
[RA] achievement read of unmapped PSX address 0x800C6AFD - needs a translation entry
[RA] achievement read of unmapped PSX address 0x800C4476 - needs a translation entry
[RA] matched game 11252 "Silent Hill"
[RA] worklist UNMAPPED 0x800BCD6C (memsize=0)
[RA] worklist UNMAPPED 0x800C168C (memsize=1)
[RA] worklist UNMAPPED 0x800C0C7C (memsize=1)
[RA] worklist UNMAPPED 0x800C125C (memsize=1)
[RA] worklist UNMAPPED 0x800C6F2D (memsize=0)
[RA] worklist UNMAPPED 0x800C651D (memsize=0)
[RA] worklist UNMAPPED 0x800C6AFD (memsize=0)
[RA] worklist UNMAPPED 0x800C4476 (memsize=1)
[RA] worklist UNMAPPED 0x800C4472 (memsize=0)
[RA] worklist UNMAPPED 0x800C4470 (memsize=0)
[RA] worklist: 352 memrefs total, 10 unserved, 10 distinct-unmapped listed
[RA] culprit: achiev id=83576 'Wounds That Won't Heal' reads unmapped 0x800BCD6C
[RA] culprit: achiev id=86517 'What Is Keeping That Child Alive?' reads unmapped 0x800C168C
[RA] culprit: achiev id=86517 'What Is Keeping That Child Alive?' reads unmapped 0x800C0C7C
[RA] culprit: achiev id=86517 'What Is Keeping That Child Alive?' reads unmapped 0x800C125C
[RA] culprit: achiev id=86663 'Scary Harry I' reads unmapped 0x800C6F2D
[RA] culprit: achiev id=86663 'Scary Harry I' reads unmapped 0x800C651D
[RA] culprit: achiev id=86663 'Scary Harry I' reads unmapped 0x800C6AFD
[RA] culprit: achiev id=86664 'Scary Harry II' reads unmapped 0x800C6F2D
[RA] culprit: achiev id=86664 'Scary Harry II' reads unmapped 0x800C651D
[RA] culprit: achiev id=86664 'Scary Harry II' reads unmapped 0x800C6AFD
[RA] culprit: achiev id=86665 'Scary Harry III' reads unmapped 0x800C6F2D
[RA] culprit: achiev id=86665 'Scary Harry III' reads unmapped 0x800C651D
[RA] culprit: achiev id=86665 'Scary Harry III' reads unmapped 0x800C6AFD
[RA] culprit: achiev id=86666 'Scary Harry IV' reads unmapped 0x800C6F2D
[RA] culprit: achiev id=86666 'Scary Harry IV' reads unmapped 0x800C651D
[RA] culprit: achiev id=86666 'Scary Harry IV' reads unmapped 0x800C6AFD
[RA] culprit: achiev id=86667 'Scary Harry V' reads unmapped 0x800C6F2D
[RA] culprit: achiev id=86667 'Scary Harry V' reads unmapped 0x800C651D
[RA] culprit: achiev id=86667 'Scary Harry V' reads unmapped 0x800C6AFD
[RA] culprit: achiev id=86668 'Scary Harry VI' reads unmapped 0x800C6F2D
[RA] culprit: achiev id=86668 'Scary Harry VI' reads unmapped 0x800C651D
[RA] culprit: achiev id=86668 'Scary Harry VI' reads unmapped 0x800C6AFD
[RA] culprit: achiev id=86422 'Harry the Swift' reads unmapped 0x800C4476
[RA] culprit: achiev id=86422 'Harry the Swift' reads unmapped 0x800C4472
[RA] culprit: achiev id=86423 'Daring Harry' reads unmapped 0x800C4470
[RA] culprit: achiev id=86427 'Harry the Best' reads unmapped 0x800C4472
[RA] culprit: achiev id=86427 'Harry the Best' reads unmapped 0x800C4470
[RA] trace 84008: not in runtime (already unlocked?)
[RA] ach lock id=84002 5p 'Keys for Eclipse'
[RA] ach lock id=84005 5p 'Old Man's Hand'
[RA] ach lock id=84007 5p 'Broken Notes'
[RA] ach lock id=85474 5p 'Harry in Wonderland'
[RA] ach lock id=85476 5p 'Loneliness'
[RA] ach lock id=86028 5p 'Sand Castles'
[RA] ach lock id=86080 10p 'I'll Kill You'
[RA] ach lock id=86340 5p 'Eww Eww Eww'
[RA] ach lock id=86506 10p 'Paging Dr. Kaufmann'
[RA] ach lock id=86341 5p 'Our Little Secret'
[RA] ach lock id=86342 10p 'Pour Some Sugar On Me, Baby'
[RA] ach lock id=86343 10p 'Merry-Go-Down'
[RA] ach lock id=86344 5p 'Grim Reaper's List'
[RA] ach lock id=86345 5p 'The Stone of Time'
[RA] ach lock id=83576 10p 'Wounds That Won't Heal'
[RA] ach lock id=86347 5p 'Illuminating the Darkness'
[RA] ach lock id=86517 10p 'What Is Keeping That Child Alive?'
[RA] ach lock id=86348 3p 'What's Going On with That Refrigerator?'
[RA] ach lock id=86428 10p 'My Heaven'
[RA] ach lock id=86518 10p 'Awakening'
[RA] ach lock id=86503 10p 'The Archer and the Beast'
[RA] ach lock id=86504 10p 'The Pit of Calamity'
[RA] ach lock id=86505 10p 'Erratic'
[RA] ach lock id=86513 10p 'Sifod'
[RA] ach lock id=86519 10p 'Thank You...'
[RA] ach lock id=86023 5p 'Target Practice'
[RA] ach lock id=86022 10p 'Triggered'
[RA] ach lock id=86024 25p 'Gun Control: Alessa's New Nightmare'
[RA] ach lock id=86026 10p 'Fa-fa-fa-fa, Fa-fa-fa-fa-fa, Fa, Better'
[RA] ach lock id=86027 25p 'Hammerin' Harry'
[RA] ach lock id=86346 10p 'Doomsday Prepper'
[RA] ach lock id=86349 10p 'Drillin' Like a Villain'
[RA] ach lock id=84003 10p 'Harry the Weeb'
[RA] ach lock id=84004 10p 'Silent Hill Chainsaw Massacre'
[RA] ach lock id=86520 10p 'A Gift from Outer Space'
[RA] ach lock id=86507 10p 'Like the Back of My Hand I'
[RA] ach lock id=86508 10p 'Like the Back of My Hand II'
[RA] ach lock id=86509 10p 'Like the Back of My Hand III'
[RA] ach lock id=86510 10p 'Like the Back of My Hand IV'
[RA] ach lock id=86516 5p 'Like the Back of My Hand V'
[RA] ach lock id=86663 5p 'Scary Harry I'
[RA] ach lock id=86664 10p 'Scary Harry II'
[RA] ach lock id=86665 10p 'Scary Harry III'
[RA] ach lock id=86666 10p 'Scary Harry IV'
[RA] ach lock id=86667 10p 'Scary Harry V'
[RA] ach lock id=86668 10p 'Scary Harry VI'
[RA] ach lock id=86422 25p 'Harry the Swift'
[RA] ach lock id=86423 25p 'Daring Harry'
[RA] ach lock id=86424 5p 'Harry the Okay'
[RA] ach lock id=86425 10p 'Harry the Good'
[RA] ach lock id=86426 25p 'Harry the Great'
[RA] ach lock id=86427 50p 'Harry the Best'
[RA] ach lock id=86662 5p 'That Light...'
[RA] ach lock id=86502 5p 'UFO Sighting I'
[RA] ach lock id=86511 5p 'UFO Sighting II'
[RA] ach lock id=86512 5p 'UFO Sighting III'
[RA] ach lock id=86514 5p 'UFO Sighting IV'
[RA] ach lock id=86515 5p 'UFO Sighting V'
[RA] ach lock id=86429 25p 'Tears of...'
[RA] ach lock id=86430 10p 'Killing Time'
[RA] ach lock id=86431 10p 'She'
[RA] ach lock id=86432 10p 'Esperandote'
[RA] ach lock id=86433 10p 'Ayyy'
[RA] ach UNLK id=101000001 0p 'Warning: Unknown Emulator'
[RA] ach UNLK id=86483 3p 'What a Nightmare...'
[RA] ach UNLK id=84008 10p 'Who's Afraid of a Reptile?'
[RA] ach UNLK id=86025 5p 'Knife to Meet You'
[RA] roster: 63 locked, 4 unlocked (67 total)
RetroAchievements: 3/66 (18 pts)
[MCFSM] state=1 step=2 (was 1/0 after 0 f)
[MCFSM] state=0 step=0 (was 1/2 after 0 f)
[MCFSM] state=1 step=0 (was 0/0 after 0 f)
[MCRD] card_info chan=0 -> IOE (n=2)
[MCFSM] state=1 step=2 (was 1/0 after 0 f)
[MCFSM] state=2 step=0 (was 1/2 after 0 f)
[MCRD] card_clear chan=0 -> IOE (n=1)
[MCFSM] state=2 step=2 (was 2/0 after 0 f)
[MCFSM] state=3 step=0 (was 2/2 after 0 f)
[MCRD] card_load chan=0 -> IOE (n=1)
[MCFSM] state=3 step=2 (was 3/0 after 0 f)
[MCFSM] state=4 step=0 (was 3/2 after 0 f)
[MCRD] dir scan chan=0 (n=1)
[MCFSM] state=0 step=0 (was 4/0 after 0 f)
[MCFSM] state=6 step=0 (was 0/0 after 0 f)
[MCRD] open 'bu00:BASLUS-00707SILENT00' flags=0x8001 -> h=1 dir=1 size=8192
[MCFSM] state=7 step=0 (was 6/0 after 0 f)
[MCFSM] state=7 step=2 (was 7/0 after 0 f)
[MCRD] read h=1 dir=1 ofs=512 len=256 ok
[LOOSE/INIT] allow_loose_files=0  base=gamedata/load/  verbose=no
[MCFSM] state=7 step=3 (was 7/2 after 0 f)
[MCFSM] state=0 step=0 (was 7/3 after 0 f)
[BOOT0/TIM] PostLoadTim file=6 'FONT16.TIM' ss=0x287 img.u=0 img.v=240 tPage=0,16 clutX=304 clutY=511
[BOOT0/TIM] post ReadTIM: prect=0xfac5a4 caddr=0xfac580 paddr=0xfac5ac mode=8
[BOOT0/TIM] pre pixel LoadImage rect=(0,496 256x16)
[FONTCLOB] Load x=0 y=496 w=256 h=16
[BOOT0/TIM] pre CLUT LoadImage rect=(304,511 16x1)
[BOOT0/TIM] PostLoadTim done
[MCFSM] state=1 step=0 (was 0/0 after 0 f)
[MCRD] card_info chan=1 -> IOE (n=3)
[MCFSM] state=1 step=2 (was 1/0 after 0 f)
[BOOT0/TIM] PostLoadTim file=8 'KONAMI.TIM' ss=0x28e img.u=0 img.v=0 tPage=0,12 clutX=0 clutY=0
[BOOT0/TIM] post ReadTIM: prect=0xfac5a4 caddr=0xfac580 paddr=0xfac5ac mode=8
[BOOT0/TIM] pre pixel LoadImage rect=(768,0 96x384)
[BOOT0/TIM] pre CLUT LoadImage rect=(0,0 16x1)
[BOOT0/TIM] PostLoadTim done
[MCFSM] state=0 step=0 (was 1/2 after 0 f)
[MCFSM] state=1 step=0 (was 0/0 after 0 f)
[MCRD] card_info chan=1 -> IOE (n=4)
[MCFSM] state=1 step=2 (was 1/0 after 0 f)
[MCFSM] state=2 step=0 (was 1/2 after 0 f)
[MCRD] card_clear chan=1 -> IOE (n=2)
[MCFSM] state=2 step=2 (was 2/0 after 0 f)
[MCFSM] state=3 step=0 (was 2/2 after 0 f)
[MCRD] card_load chan=1 -> IOE (n=2)
[MCFSM] state=3 step=2 (was 3/0 after 0 f)
[MCFSM] state=4 step=0 (was 3/2 after 0 f)
[MCRD] dir scan chan=1 (n=2)
[SH-XBOX] GameState -> 1 (step 0)
[MCFSM] state=0 step=0 (was 4/0 after 0 f)
[VRAM] texture cache: 36/96 slots (256KB each), free=8432KB after
[VRAM] cache capped by 8MB heap reserve (expect decode thrash)
[VRAM] cache grew to 37 slots (free=8176KB)
[MCFSM] state=1 step=0 (was 0/0 after 0 f)
[MCRD] card_info chan=2 -> IOE (n=5)
[MCFSM] state=1 step=2 (was 1/0 after 0 f)
[BOOT0/TIM] PostLoadTim file=9 'KONAMI2.TIM' ss=0x2b3 img.u=0 img.v=0 tPage=0,14 clutX=0 clutY=1
[BOOT0/TIM] post ReadTIM: prect=0xfac5a4 caddr=0xfac580 paddr=0xfac5ac mode=8
[BOOT0/TIM] pre pixel LoadImage rect=(896,0 104x160)
[BOOT0/TIM] pre CLUT LoadImage rect=(0,1 16x1)
[BOOT0/TIM] PostLoadTim done
[MCFSM] state=0 step=0 (was 1/2 after 0 f)
[MCFSM] state=1 step=0 (was 0/0 after 0 f)
[MCRD] card_info chan=2 -> IOE (n=6)
[MCFSM] state=1 step=2 (was 1/0 after 0 f)
[MCFSM] state=2 step=0 (was 1/2 after 0 f)
[MCRD] card_clear chan=2 -> IOE (n=3)
[MCFSM] state=2 step=2 (was 2/0 after 0 f)
[MCFSM] state=3 step=0 (was 2/2 after 0 f)
[MCRD] card_load chan=2 -> IOE (n=3)
[MCFSM] state=3 step=2 (was 3/0 after 0 f)
[MCFSM] state=4 step=0 (was 3/2 after 0 f)
[MCRD] dir scan chan=2 (n=3)
[MCFSM] state=0 step=0 (was 4/0 after 0 f)
[BOOT0/TIM] PostLoadTim file=1423 'HERO.TIM' ss=0x5a6a img.u=0 img.v=0 tPage=0,27 clutX=736 clutY=480
[BOOT0/TIM] post ReadTIM: prect=0xfac764 caddr=0xfac580 paddr=0xfac76c mode=8
[BOOT0/TIM] pre pixel LoadImage rect=(704,256 64x192)
[BOOT0/TIM] pre CLUT LoadImage rect=(736,480 16x15)
[BOOT0/TIM] PostLoadTim done
[MCFSM] state=1 step=0 (was 0/0 after 0 f)
[MCRD] card_info chan=3 -> IOE (n=7)
[MCFSM] state=1 step=2 (was 1/0 after 0 f)
[MCFSM] state=0 step=0 (was 1/2 after 0 f)
[MCFSM] state=1 step=0 (was 0/0 after 0 f)
[MCRD] card_info chan=3 -> IOE (n=8)
[MCFSM] state=1 step=2 (was 1/0 after 0 f)
[MCFSM] state=2 step=0 (was 1/2 after 0 f)
[MCRD] card_clear chan=3 -> IOE (n=4)
[MCFSM] state=2 step=2 (was 2/0 after 0 f)
[MCFSM] state=3 step=0 (was 2/2 after 0 f)
[MCRD] card_load chan=3 -> IOE (n=4)
[MCFSM] state=3 step=2 (was 3/0 after 0 f)
[BOOT0/TIM] PostLoadTim file=1802 'BLD.TIM' ss=0x795b img.u=0 img.v=0 tPage=0,11 clutX=304 clutY=0
[BOOT0/TIM] post ReadTIM: prect=0xfb6f84 caddr=0xfb6d80 paddr=0xfb6f8c mode=8
[BOOT0/TIM] pre pixel LoadImage rect=(704,0 64x256)
[BOOT0/TIM] pre CLUT LoadImage rect=(304,0 16x16)
[BOOT0/TIM] PostLoadTim done
[MCFSM] state=4 step=0 (was 3/2 after 0 f)
[MCRD] dir scan chan=3 (n=4)
[MCFSM] state=0 step=0 (was 4/0 after 0 f)
[MCFSM] state=1 step=0 (was 0/0 after 0 f)
[MCRD] card_info chan=16 -> IOE (n=9)
[MCFSM] state=1 step=2 (was 1/0 after 0 f)
[MCFSM] state=0 step=0 (was 1/2 after 0 f)
[MCFSM] state=1 step=0 (was 0/0 after 0 f)
[MCRD] card_info chan=16 -> IOE (n=10)
[MCFSM] state=1 step=2 (was 1/0 after 0 f)
[MCFSM] state=2 step=0 (was 1/2 after 0 f)
[MCRD] card_clear chan=16 -> IOE (n=5)
[MCFSM] state=2 step=2 (was 2/0 after 0 f)
[MCFSM] state=3 step=0 (was 2/2 after 0 f)
[MCRD] card_load chan=16 -> IOE (n=5)
[MCFSM] state=3 step=2 (was 3/0 after 0 f)
[MCFSM] state=4 step=0 (was 3/2 after 0 f)
[MCRD] dir scan chan=8 (n=5)
[MCRD] open 'bu10:BASLUS-00707SILENT00' flags=0x8001 -> h=1 dir=1 size=8192
[MCRD] read h=1 dir=1 ofs=512 len=256 ok
[MCRD] card_info chan=17 -> IOE (n=11)
[MCRD] card_info chan=17 -> IOE (n=12)
[MCRD] card_clear chan=17 -> IOE (n=6)
[MCRD] card_load chan=17 -> IOE (n=6)
[MCRD] dir scan chan=9 (n=6)
[MCRD] card_info chan=18 -> IOE (n=13)
[MCRD] card_info chan=18 -> IOE (n=14)
[MCRD] card_clear chan=18 -> IOE (n=7)
[MCRD] card_load chan=18 -> IOE (n=7)
[MCRD] dir scan chan=10 (n=7)
[MCRD] card_info chan=19 -> IOE (n=15)
[MCRD] card_info chan=19 -> IOE (n=16)
[MCRD] card_clear chan=19 -> IOE (n=8)
[MCRD] card_load chan=19 -> IOE (n=8)
[MCRD] dir scan chan=11 (n=8)
[SH-XBOX] vblank 600
[MEM] tick: free=7400KB (1850 pages)
[SH-XBOX] GameState -> 2 (step 0)
[BOOT0/TIM] PostLoadTim file=1799 'BG_ETC.TIM' ss=0x7906 img.u=0 img.v=0 tPage=0,12 clutX=192 clutY=0
[BOOT0/TIM] post ReadTIM: prect=0xfac6e4 caddr=0xfac580 paddr=0xfac6ec mode=8
[BOOT0/TIM] pre pixel LoadImage rect=(768,0 32x256)
[BOOT0/TIM] pre CLUT LoadImage rect=(192,0 16x11)
[BOOT0/TIM] PostLoadTim done
[MCRD] open 'bu00:BASLUS-00707SILENT00' flags=0x8001 -> h=1 dir=1 size=8192
[MCRD] read h=1 dir=1 ofs=768 len=128 ok
[BOOT0/TIM] PostLoadTim file=1980 'TITLE_E.TIM' ss=0x90b7 img.u=32 img.v=0 tPage=1,13 clutX=224 clutY=15
[BOOT0/TIM] post ReadTIM: prect=0xf7c784 caddr=0xf7c580 paddr=0xf7c78c mode=9
[BOOT0/TIM] pre pixel LoadImage rect=(864,0 160x480)
[BOOT0/TIM] pre CLUT LoadImage rect=(224,15 256x1)
[BOOT0/TIM] PostLoadTim done
[SH-XBOX] GameState -> 6 (step 0)
[SH] open_main: playing FMV (file=2053 frames=0)
[FMV] no avi for C1_20670 (checked D:\fmv, D:\gamedata\fmv) -> MDEC
[FMV] start C1_20670 file_idx=2053 base=133127 sectors=20670 maxFrames=0 (15fps)
[XA] fmv stream open: 37800Hz stereo coding=0x01
[FMV] video 320x208, 9 sectors/frame
[mdec] hdr n_bytes=5776 first8=06 e0 38 00 00 01 00 02 qscale=1 version=2 ctx=320x208
[mdec] hdr n_bytes=5776 first8=06 e0 38 00 00 01 00 02 qscale=1 version=2 ctx=320x208
[mdec] hdr n_bytes=5776 first8=06 e0 38 00 00 01 00 02 qscale=1 version=2 ctx=320x208
[FMV] skipped at frame 34
[XA] fmv stream end: 42 sectors fed, 1792 ring frames discarded
[FMV] end C1_20670: 34 frames (1 dropped, 0 decode fails, 58 presents)
[SH] open_main: FMV_Play returned
[SH-XBOX] GameState -> 7 (step 0)
[BOOT-STEP] GameStartup step=0 qlen=0
[TRANSITION] GameStartup step=0: processFlags=0x20 (BootDemo) sizeof(s_WorldGfxWork)=11708
[FONTDUMP] MENU tpage=16 words=0..63 (21 glyphs, 6 cols each)
[FONTDUMP] MENU  0|#...........#..........................................##..........##....##......#...###....##...###...###...##...............
[FONTDUMP] MENU  1|##.....##....#....................................#....###....##...###...###.....#...####..###...####..###...###..............
[FONTDUMP] MENU  2|##.....#.....#....................................#....#.#....##..####..##.#....##...###...##...#####..#.##.##.#..............
[FONTDUMP] MENU  3|.#.....#.....#............#......................##...##.##..###.....##....#....##...##....#........#..#.##.##.##.............
[FONTDUMP] MENU  4|.#.....#.....#............#......................#....##.##...##.....##...##...###..###...###......##..###..##.##.#.....#.....
[FONTDUMP] MENU  5|......##.....##...#####...#......................#....##.##...##.....##...##...###...###..####.....#....##..##.##.##....##....
[FONTDUMP] MENU  6|......##.....##....####...#......................#....##.##...##.....#....##..##.#.....#..##.#.....#...###...#.##..#.....#....
[FONTDUMP] MENU  7|......##.....##.........#####........###.........#....##.##...##....##.....##.####.....#..##.##....#...###...####.............
[FONTDUMP] MENU  8|......##.....##..........####........####........#....##.##...##....#......##..####....#..##.##...##...#.##...###.............
[FONTDUMP] MENU  9|......##.....##...#####...#.....................##.....#.##...##...##...#..##....#..#..#..##.##...#....#.##....#..............
[FONTDUMP] MENU 10|.......#.....##....####...#...#...........#.....#......#.#....##...####.##.##....#..##.#...#.##...#....#.##...##..#.....#.....
[FONTDUMP] MENU 11|.......#.....#............#...##..........##....#......###...###..#####..###.....#...###...###....#....####..###..##....##....
[FONTDUMP] MENU 12|.......#.....#.................#...........#............##....###..###...###.....#...##.....##....#.....##...##....#.....#....
[FONTDUMP] MENU 13|.......#.....#.................#.........................................................................................#....
[FONTDUMP] MENU 14|........#...##................##........................................................................................##....
[FONTDUMP] MENU 15|........#.....................................................................................................................
[FONTDUMP] MENU tpage=17 words=64..127 (21 glyphs, 6 cols each)
[FONTDUMP] MENU  0|...................##......#........####....##.#####..#####.#####...##..##..##.##....###..##.##.##....##..####..##..##..###...
[FONTDUMP] MENU  1|..................###......#.....#...####..#####.####..####..####..#####.##.##..##....##...##.##.##....#..##.#...#.####..###..
[FONTDUMP] MENU  2|..................####.....#....##...#..#..##..#.#..#..#..#..#..#..##.##.#..##..#.....##...#.##..#.....#..##.##..#.##.#..#..#.
[FONTDUMP] MENU  3|...................###.....#....##...#..##.#...#.#..##.#.....#.....#...#.#..##..#.....##...#.#...#.....#.###.##..#.#..##.#..#.
[FONTDUMP] MENU  4|...#........#.......##....##....##...#..####.....#...#.#.....#....##...#.#..##..#.....##...###...#.....#####.##..###...#.#..#.
[FONTDUMP] MENU  5|..###........#......##..######..###..####.##.....#...#.####..####.##..##.#####..#.....##...##....#.....#####.###.###...#.#.##.
[FONTDUMP] MENU  6|.###.........##.....#....#####.##.#..####.##.....#...#.####..####.##..##.#####..#.....##...##....#.....#####.#.#.###...#.####.
[FONTDUMP] MENU  7|###...######..##...##....####..####..#..#.##.....#...#.#..#..#..#.##..##.#..##..#.....##...##....#.....#####.#.#####...#.###..
[FONTDUMP] MENU  8|.#.....#####..###..#......###..####..#..##.#.....#..##.#.....#.....#..##.#..##..#.....##...#.#...#.....#####.#..##.#..##.#....
[FONTDUMP] MENU  9|.##..........###..........###..#..#..#..##.#...#.#..##.#..#..#.....#..##.#..##..#...#.##...#.#...#..##.#####.#..##.#..##.#....
[FONTDUMP] MENU 10|..##........###....#.....####.##..##.#..##.#...#.#..##.#..#..#.....#..##.#..##..#...####...#..#..#..##.#.###.#..##.#..##.#....
[FONTDUMP] MENU 11|...##........#.....##....##.#.#...#######...#########.#####.###.....###.##..##.##....###..##.###########.#####...#..###.##....
[FONTDUMP] MENU 12|....................#....#...#.#..##.###....###..###...####..##.....###..##.##..##...##....##.##.####..#.###.#...#..##...##...
[FONTDUMP] MENU 13|..............................................................................................................................
[FONTDUMP] MENU 14|..............................................................................................................................
[FONTDUMP] MENU 15|..............................................................................................................................
[FONTDUMP] MENU tpage=18 words=128..191 (21 glyphs, 6 cols each)
[FONTDUMP] MENU  0|..##..###....##...#####.##..####..##########..#.##..#.#####...#....#....#.#.....##........#............#.............#........
[FONTDUMP] MENU  1|.####..###...####.######.##..####..#####.#.##.##.##.###########....#....###.....##........#...........##............##........
[FONTDUMP] MENU  2|.##.#..#..#.##.##.####.#.#...#.#...#####.#.##.#..##.#.##.##.###....#.....##.....###.......##...........#.............#........
[FONTDUMP] MENU  3|.#..##.#..#.##..#...##.#.#...#.##.##.###.#.####..##.#....##.###....#....###.....###.......##...........#.............#........
[FONTDUMP] MENU  4|##...#.#..#.##..#...##...#...#.##.#..#####..##....###....##..##....#......#.....##.........#.....##....##....##....#.#...##...
[FONTDUMP] MENU  5|##...#.#.##..##.....##...#...#.##.#..####...##....##....##.........#...........#####............###....###...###...###...##...
[FONTDUMP] MENU  6|##...#.####..###....##...#...#..#.#..####...##....##....##.........#...........#####............####...###..##.#..##.#..##.#..
[FONTDUMP] MENU  7|##...#.###....##....##...#...#..###..####...##....##....##.........#..........######.............###...#.##.##.#..##.#..####..
[FONTDUMP] MENU  8|.#..##.#.#..#..##...##...#...#..##...####..###....##...##..........#..........##.##..............###...#.##.##....##.#..####..
[FONTDUMP] MENU  9|.#..##.#.#..#..##...##...#..##..##...####..#.##...##...##.....................##.###............####...#.##.##.#..##.#..##.#..
[FONTDUMP] MENU 10|.#..##.#..#.##.##...##...##.##...#....#.#..#..#...##...##.##.......#..........##.###............####...#.##..#.#...###...###..
[FONTDUMP] MENU 11|..###.###.######....##....###....#....#.#.##.##...##..######.......#...........#####.............####..###...###...###...###..
[FONTDUMP] MENU 12|...#...##..#..##....##....###....#....#.#..#..##..##...#####.......#...........##.##.............#.#....##....##....#.....#...
[FONTDUMP] MENU 13|...#..........................................................................................................................
[FONTDUMP] MENU 14|....#.........................................................................................................................
[FONTDUMP] MENU 15|....##........................................................................................................................
[FONTDUMP] MENU tpage=19 words=192..255 (21 glyphs, 6 cols each)
[FONTDUMP] MENU  0|.##..........#.....#.....#.....#.....#........................................................................................
[FONTDUMP] MENU  1|.##.........##.....#.....#....##....##........................................................................................
[FONTDUMP] MENU  2|.#.#.........#.....#.....#.....#.....#...............................................#........................................
[FONTDUMP] MENU  3|.#...........#.................#.....#...............................................#........................................
[FONTDUMP] MENU  4|###....####..###...#.....#.....###...#......#.#..###...##....##....###....#....##...##....##.#..##.##.########.#..##.##.###...
[FONTDUMP] MENU  5|.##....####..###..##....##.....####..#....##########...###..####...###..####..###....##....#.##..##.#..###.#.####..##.#.####..
[FONTDUMP] MENU  6|.#.....#.##..####..#.....#.....###...#.....#.#.#.####.##.#...###..##.#...#.#..##.#...#.....#.##..####..#.#.#.#.#...#..#...##..
[FONTDUMP] MENU  7|.#.....#.##..#.##..#.....#.....##....#.....#.#.#.#.##.##.##..#.##.##.#...#.....#.#...#.....#.##..###...#####..##...####..##...
[FONTDUMP] MENU  8|.#.....#.##..#.##..#.....#.....##....#.....#.#.#.#.##.##.##..#.##.##.#...#.....##....#.....#.##...##...####...#....###...##...
[FONTDUMP] MENU  9|.#.....####..#.##..#.....#.....#.#...#.....#.#.#.#.##.##.##..#.##.##.#...#....#.#....#.....#.##...##...####..##.....##...##...
[FONTDUMP] MENU 10|.#.....###...#.##..#.....#.....#.#...#.....#.#.#.#.##..#.##..####..###...#....#.##...##....#.##...##....#.#..#.#....##..##....
[FONTDUMP] MENU 11|##.....###..##.##.##.....#....##.##.##....########.##..###...###...###..##.....###...##....####...#.....#.#.####....##..####..
[FONTDUMP] MENU 12|.##...####...####..##....#.....####..##....#.#.#.####...##...#.#....##...##....##.....#.....#.#.........#.#..#.##...#....###..
[FONTDUMP] MENU 13|.......#.##..............#...................................#.......#............................................#.#.........
[FONTDUMP] MENU 14|.......###..............##..................................##......##............................................###.........
[FONTDUMP] MENU 15|........##...............#...................................##......##............................................#..........
[BOOT-STEP] GameStartup step=1 qlen=0
[SFX] Sd_PlaySfx: sfxId=1305 (Sfx_Base+25) vol=0
[MCRD] card_info chan=19 -> IOE (n=256)
[SFX] Sd_PlaySfx: sfxId=1305 (Sfx_Base+25) vol=0
[SFX] Sd_PlaySfx: sfxId=1307 (Sfx_Base+27) vol=0
[BOOT0/TIM] PostLoadTim file=1919 'OPTION.TIM' ss=0x8a38 img.u=0 img.v=16 tPage=1,5 clutX=224 clutY=14
[BOOT0/TIM] post ReadTIM: prect=0xfac784 caddr=0xfac580 paddr=0xfac78c mode=9
[BOOT0/TIM] pre pixel LoadImage rect=(320,16 160x240)
[BOOT0/TIM] pre CLUT LoadImage rect=(224,14 256x1)
[BOOT0/TIM] PostLoadTim done
[SH-XBOX] GameState -> 18 (step 0)
[BIGPRIM] code=0x3a tp=0x40 span=960x129 at(160,591)
[BIGPRIM] code=0x3a tp=0x40 span=960x129 at(160,591)
[BIGPRIM] code=0x3a tp=0x40 span=960x129 at(160,591)
[SFX] Sd_PlaySfx: sfxId=1305 (Sfx_Base+25) vol=64
[BIGPRIM] code=0x3a tp=0x40 span=960x129 at(160,591)
[SFX] Sd_PlaySfx: sfxId=1305 (Sfx_Base+25) vol=64
[BIGPRIM] code=0x3a tp=0x40 span=960x129 at(160,591)
[SFX] Sd_PlaySfx: sfxId=1305 (Sfx_Base+25) vol=64
[BIGPRIM] code=0x3a tp=0x40 span=960x129 at(160,591)
[SFX] Sd_PlaySfx: sfxId=1305 (Sfx_Base+25) vol=64
[BIGPRIM] code=0x3a tp=0x40 span=960x129 at(160,591)
[BIGPRIM] code=0x3a tp=0x40 span=960x129 at(160,591)
[SFX] Sd_PlaySfx: sfxId=1305 (Sfx_Base+25) vol=64
[BIGPRIM] code=0x3a tp=0x40 span=960x129 at(160,591)
[BIGPRIM] code=0x3a tp=0x40 span=960x129 at(160,591)
[SFX] Sd_PlaySfx: sfxId=1307 (Sfx_Base+27) vol=64
[BIGPRIM] code=0x3a tp=0x40 span=960x129 at(160,591)
[SH-XBOX] vblank 1200
[MEM] tick: free=4320KB (1080 pages)
[BIGPRIM] code=0x3a tp=0x40 span=960x129 at(160,591)
[BIGPRIM] code=0x3a tp=0x40 span=960x129 at(160,591)
[BIGPRIM] code=0x3a tp=0x40 span=960x129 at(160,591)
[SFX] Sd_PlaySfx: sfxId=1305 (Sfx_Base+25) vol=64
[BIGPRIM] code=0x3a tp=0x40 span=960x129 at(160,591)
[BIGPRIM] code=0x3a tp=0x40 span=960x129 at(160,591)
[SFX] Sd_PlaySfx: sfxId=1305 (Sfx_Base+25) vol=64
[BIGPRIM] code=0x3a tp=0x40 span=960x129 at(160,591)
[BIGPRIM] code=0x3a tp=0x40 span=960x129 at(160,591)
[BIGPRIM] code=0x3a tp=0x40 span=960x129 at(160,591)
[SFX] Sd_PlaySfx: sfxId=1305 (Sfx_Base+25) vol=64
[BIGPRIM] code=0x3a tp=0x40 span=960x129 at(160,591)
[SFX] Sd_PlaySfx: sfxId=1305 (Sfx_Base+25) vol=64
[BIGPRIM] code=0x3a tp=0x40 span=960x129 at(160,591)
[BIGPRIM] code=0x3a tp=0x40 span=960x129 at(160,591)
[BIGPRIM] code=0x3a tp=0x40 span=960x129 at(160,591)
[BIGPRIM] code=0x3a tp=0x40 span=960x129 at(160,591)
[SFX] Sd_PlaySfx: sfxId=1305 (Sfx_Base+25) vol=64
Invert_Pad_Y: Off
[BIGPRIM] code=0x3a tp=0x40 span=960x129 at(160,591)
[BIGPRIM] code=0x3a tp=0x40 span=960x129 at(160,591)
[BIGPRIM] code=0x3a tp=0x40 span=960x129 at(160,591)
[BIGPRIM] code=0x3a tp=0x40 span=960x129 at(160,591)
[SFX] Sd_PlaySfx: sfxId=1305 (Sfx_Base+25) vol=64
[BIGPRIM] code=0x3a tp=0x40 span=960x129 at(160,591)
[SFX] Sd_PlaySfx: sfxId=1305 (Sfx_Base+25) vol=64
[BIGPRIM] code=0x3a tp=0x40 span=960x129 at(160,591)
[SFX] Sd_PlaySfx: sfxId=1305 (Sfx_Base+25) vol=64
[BIGPRIM] code=0x3a tp=0x40 span=960x129 at(160,591)
[SFX] Sd_PlaySfx: sfxId=1305 (Sfx_Base+25) vol=64
[BIGPRIM] code=0x3a tp=0x40 span=960x129 at(160,591)
[SFX] Sd_PlaySfx: sfxId=1305 (Sfx_Base+25) vol=64
[BIGPRIM] code=0x3a tp=0x40 span=960x129 at(160,591)
[BIGPRIM] code=0x3a tp=0x40 span=960x129 at(160,591)
[RA] menu self-test: signed in as KushAstronaut (46 pts softcore), set=loaded
[RASND] loaded Q:\achievement.wav (48000 Hz, 2 ch, 16-bit, 168916 bytes)
[RA] UNLOCK card 'Notification Preview' (5 pts) badge=701316
[NET] GET media.retroachievements.org -> 200 (7638 bytes)
[RABADGE] shown 701316 64x64
[BIGPRIM] code=0x3a tp=0x40 span=960x129 at(160,591)
[BIGPRIM] code=0x3a tp=0x40 span=960x129 at(160,591)
[BIGPRIM] code=0x3a tp=0x40 span=960x129 at(160,591)
[BIGPRIM] code=0x3a tp=0x40 span=960x129 at(160,591)
[BIGPRIM] code=0x3a tp=0x40 span=960x129 at(160,591)
[SFX] Sd_PlaySfx: sfxId=1305 (Sfx_Base+25) vol=64
[BIGPRIM] code=0x3a tp=0x40 span=960x129 at(160,591)
[SFX] Sd_PlaySfx: sfxId=1305 (Sfx_Base+25) vol=64
[BIGPRIM] code=0x3a tp=0x40 span=960x129 at(160,591)
[SFX] Sd_PlaySfx: sfxId=1305 (Sfx_Base+25) vol=64
[BIGPRIM] code=0x3a tp=0x40 span=960x129 at(160,591)
[BIGPRIM] code=0x3a tp=0x40 span=960x129 at(160,591)
[BIGPRIM] code=0x3a tp=0x40 span=960x129 at(160,591)
[BIGPRIM] code=0x3a tp=0x40 span=960x129 at(160,591)
[BIGPRIM] code=0x3a tp=0x40 span=960x129 at(160,591)
[BIGPRIM] code=0x3a tp=0x40 span=960x129 at(160,591)
[BIGPRIM] code=0x3a tp=0x40 span=960x129 at(160,591)
[SFX] Sd_PlaySfx: sfxId=1305 (Sfx_Base+25) vol=64
[BIGPRIM] code=0x3a tp=0x40 span=960x129 at(160,591)
[SFX] Sd_PlaySfx: sfxId=1305 (Sfx_Base+25) vol=64
[SH-XBOX] vblank 1800
[MEM] tick: free=3896KB (974 pages)
[BIGPRIM] code=0x3a tp=0x40 span=960x129 at(160,591)
[SFX] Sd_PlaySfx: sfxId=1305 (Sfx_Base+25) vol=64
[BIGPRIM] code=0x3a tp=0x40 span=960x129 at(160,591)
[BIGPRIM] code=0x3a tp=0x40 span=960x129 at(160,591)
[BIGPRIM] code=0x3a tp=0x40 span=960x129 at(160,591)
[BIGPRIM] code=0x3a tp=0x40 span=960x129 at(160,591)
[BIGPRIM] code=0x3a tp=0x40 span=960x129 at(160,591)
[BIGPRIM] code=0x3a tp=0x40 span=960x129 at(160,591)
[BIGPRIM] code=0x3a tp=0x40 span=960x129 at(160,591)
[SFX] Sd_PlaySfx: sfxId=1305 (Sfx_Base+25) vol=64
[BIGPRIM] code=0x3a tp=0x40 span=960x129 at(160,591)
[SFX] Sd_PlaySfx: sfxId=1305 (Sfx_Base+25) vol=64
[SFX] Sd_PlaySfx: sfxId=1305 (Sfx_Base+25) vol=64
[BIGPRIM] code=0x3a tp=0x40 span=960x129 at(160,591)
[BIGPRIM] code=0x3a tp=0x40 span=960x129 at(160,591)
[BIGPRIM] code=0x3a tp=0x40 span=960x129 at(160,591)
[BIGPRIM] code=0x3a tp=0x40 span=960x129 at(160,591)
[SFX] Sd_PlaySfx: sfxId=1306 (Sfx_Base+26) vol=64
[BIGPRIM] code=0x3a tp=0x40 span=960x129 at(160,591)
[BIGPRIM] code=0x3a tp=0x40 span=960x129 at(160,591)
[BIGPRIM] code=0x3a tp=0x40 span=960x129 at(160,591)
[BIGPRIM] code=0x3a tp=0x40 span=960x129 at(160,591)
[SFX] Sd_PlaySfx: sfxId=1306 (Sfx_Base+26) vol=64
[BIGPRIM] code=0x3a tp=0x40 span=960x129 at(160,591)
[BIGPRIM] code=0x3a tp=0x40 span=960x129 at(160,591)
[SH-XBOX] GameState -> 7 (step 0)
[BOOT-STEP] GameStartup step=0 qlen=0
[TRANSITION] GameStartup step=0: processFlags=0x20 (BootDemo) sizeof(s_WorldGfxWork)=11708
[BOOT-STEP] GameStartup step=1 qlen=0
[SFX] Sd_PlaySfx: sfxId=1305 (Sfx_Base+25) vol=0
[SFX] Sd_PlaySfx: sfxId=1307 (Sfx_Base+27) vol=0
[SH-XBOX] vblank 2400
[MEM] tick: free=3896KB (974 pages)
[SFX] Sd_PlaySfx: sfxId=1305 (Sfx_Base+25) vol=0
[SFX] Sd_PlaySfx: sfxId=1305 (Sfx_Base+25) vol=0
[SFX] Sd_PlaySfx: sfxId=1305 (Sfx_Base+25) vol=0
[SFX] Sd_PlaySfx: sfxId=1305 (Sfx_Base+25) vol=0
[SFX] Sd_PlaySfx: sfxId=1305 (Sfx_Base+25) vol=0
[SFX] Sd_PlaySfx: sfxId=1305 (Sfx_Base+25) vol=0
[CHARA-TEX] charaId=1 matCount=1 modelCount=23
[CHARA-TEX] mat[0] name='HERO' field_C=1 E=0x3b F=0x3b clut=0x782e UV=0x0000 tex=0
[CHARA-TEX] prim0: f0=0x135b(UV0) f2=0x7a6e(clut) f4=0x1651(UV1) f6=0x003b(tpage) f8=0x1251(UV2) fA=0x0000(UV3)
[CHARA-TEX] texDesc: tPage=[0,27] u=0 v=0 clutXY=(736,480)
[AUTO-EQUIP-CHECK] mapIdx=0 processFlags=0x4 inventorySlotCount=8 equippedWeapon=0
[MAP-LOAD] GameBoot_MapLoad mapIdx=0 (map0_s00) fileIdx=1995 linked=1 procFlags=0x4
[MAP-LOAD] MapRegistry_Load(0)=map0_s00 linked=1 header=0061b8ec
[MEM] after map-load: free=3896KB (974 pages)
[LANG] USA disc-patch skipped on Xbox (compiled text kept)
[SFX] Sd_PlaySfx: sfxId=1281 (Sfx_Base+1) vol=0
[SFX] Sd_SfxStop: sfxId=1300 (Sfx_Base+20)
[SFX] Sd_SfxStop: sfxId=1302 (Sfx_Base+22)
[SFX] Sd_SfxStop: sfxId=1301 (Sfx_Base+21)
[SFX] Sd_SfxStop: sfxId=1303 (Sfx_Base+23)
[SH-XBOX] GameState -> 9 (step 0)
[SH] open_main: playing FMV (file=2055 frames=0)
[FMV] no avi for M1_03500 (checked D:\fmv, D:\gamedata\fmv) -> MDEC
[FMV] start M1_03500 file_idx=2055 base=174467 sectors=3500 maxFrames=0 (15fps)
[XA] fmv stream open: 37800Hz stereo coding=0x01
[FMV] video 320x208, 9 sectors/frame
[FMV] frame=150 dropped=0 fails=0 ring=1280 fed=187
[SH-XBOX] vblank 3000
[MEM] tick: free=3896KB (974 pages)
[FMV] frame=300 dropped=2 fails=0 ring=548 fed=374
[XA] fmv stream end: 437 sectors fed, 2182 ring frames discarded
[FMV] end M1_03500: 350 frames (3 dropped, 0 decode fails, 602 presents)
[SH] open_main: FMV_Play returned
[SH-XBOX] GameState -> 10 (step 0)
[BOOT-STEP] GameStartup step=0 qlen=0
[TRANSITION] GameStartup step=0: processFlags=0x4 (Unknown) sizeof(s_WorldGfxWork)=11708
[BOOT-STEP] GameStartup step=3 qlen=0
[BOOT-STEP] GameStartup step=4 qlen=0
[BOOT-STEP] GameStartup step=5 qlen=0
[BOOT-STEP] GameStartup step=7 qlen=0
[TRANSITION] GameStartup step=7: processFlags=0x4 playerPos=(-25395,819,657408) func_80039F90=0x0
[IPD-INIT] Ipd_MapFileInfoSet: mapTag='THR' activeIpdCount=4 isExterior=1 plmIdx=1370 ipdFileIdx=0 textureFileIdx=0 curSize=0 willRebuildGrid=1
[MEM] after chunk-buffers: free=2488KB (622 pages)
[TRANSITION] GameStartup step=7 post-init: playerPos=(-25395,819,657408) mapTag='THR'
[BOOT-STEP] GameStartup step=8 qlen=7
[BOOT0/TIM] PostLoadTim file=1073 'THR0001F.TIM' ss=0x45d8 img.u=0 img.v=0 tPage=0,8 clutX=0 clutY=0
[BOOT0/TIM] post ReadTIM: prect=0xfb6644 caddr=0xfb6580 paddr=0xfb664c mode=8
[BOOT0/TIM] pre pixel LoadImage rect=(512,0 64x256)
[BOOT0/TIM] pre CLUT LoadImage rect=(0,0 16x6)
[BOOT0/TIM] PostLoadTim done
[POOLSTOMP] upload (512,0 64x256) hits PINNED pool slot 0 'THR0001F' (512,0)
[BOOT0/TIM] PostLoadTim file=1077 'THR0003F.TIM' ss=0x4625 img.u=0 img.v=0 tPage=0,9 clutX=16 clutY=0
[BOOT0/TIM] post ReadTIM: prect=0xfb6744 caddr=0xfb6580 paddr=0xfb674c mode=8
[BOOT0/TIM] pre pixel LoadImage rect=(576,0 64x256)
[BOOT0/TIM] pre CLUT LoadImage rect=(16,0 16x14)
[BOOT0/TIM] PostLoadTim done
[POOLSTOMP] upload (576,0 64x256) hits PINNED pool slot 1 'THR0003F' (576,0)
[BOOT0/TIM] PostLoadTim file=1075 'THR0002F.TIM' ss=0x45fe img.u=0 img.v=0 tPage=0,10 clutX=32 clutY=0
[BOOT0/TIM] post ReadTIM: prect=0xfb66c4 caddr=0xfb6580 paddr=0xfb66cc mode=8
[BOOT0/TIM] pre pixel LoadImage rect=(640,0 64x256)
[BOOT0/TIM] pre CLUT LoadImage rect=(32,0 16x10)
[BOOT0/TIM] PostLoadTim done
[POOLSTOMP] upload (640,0 64x256) hits PINNED pool slot 2 'THR0002F' (640,0)
[BOOT0/TIM] PostLoadTim file=1079 'THR0004F.TIM' ss=0x4644 img.u=0 img.v=0 tPage=0,21 clutX=48 clutY=0
[BOOT0/TIM] post ReadTIM: prect=0xfb6784 caddr=0xfb6580 paddr=0xfb678c mode=8
[BOOT0/TIM] pre pixel LoadImage rect=(320,256 64x256)
[BOOT0/TIM] pre CLUT LoadImage rect=(48,0 16x16)
[BOOT0/TIM] PostLoadTim done
[POOLSTOMP] upload (320,256 64x256) hits PINNED pool slot 3 'THR0004F' (320,256)
[BOOT0/TIM] PostLoadTim file=1193 'THR5901F.TIM' ss=0x4d8e img.u=0 img.v=0 tPage=0,22 clutX=64 clutY=0
[BOOT0/TIM] post ReadTIM: prect=0xfb6764 caddr=0xfb6580 paddr=0xfb676c mode=8
[BOOT0/TIM] pre pixel LoadImage rect=(384,256 64x256)
[BOOT0/TIM] pre CLUT LoadImage rect=(64,0 16x15)
[BOOT0/TIM] PostLoadTim done
[POOLSTOMP] upload (384,256 64x256) hits PINNED pool slot 4 'THR5901F' (384,256)
[BOOT0/TIM] PostLoadTim file=1261 'THRB401F.TIM' ss=0x517a img.u=0 img.v=0 tPage=0,23 clutX=80 clutY=0
[BOOT0/TIM] post ReadTIM: prect=0xfb66a4 caddr=0xfb6580 paddr=0xfb66ac mode=8
[BOOT0/TIM] pre pixel LoadImage rect=(448,256 64x256)
[BOOT0/TIM] pre CLUT LoadImage rect=(80,0 16x9)
[BOOT0/TIM] PostLoadTim done
[POOLSTOMP] upload (448,256 64x256) hits PINNED pool slot 5 'THRB401F' (448,256)
[BOOT0/TIM] PostLoadTim file=1265 'THRB701F.TIM' ss=0x51b6 img.u=0 img.v=0 tPage=0,24 clutX=96 clutY=0
[BOOT0/TIM] post ReadTIM: prect=0xfb66e4 caddr=0xfb6580 paddr=0xfb66ec mode=8
[BOOT0/TIM] pre pixel LoadImage rect=(512,256 64x256)
[BOOT0/TIM] pre CLUT LoadImage rect=(96,0 16x11)
[BOOT0/TIM] PostLoadTim done
[POOLSTOMP] upload (512,256 64x256) hits PINNED pool slot 6 'THRB701F' (512,256)
[TEXVRAM] 'THR0001F' tPage=[0,8] clutXY=(0,0) uv=(0,0)
[TEXVRAM] 'THR0003F' tPage=[0,9] clutXY=(16,0) uv=(0,0)
[TEXVRAM] 'THR0002F' tPage=[0,10] clutXY=(32,0) uv=(0,0)
[TEXVRAM] 'THR0004F' tPage=[0,21] clutXY=(48,0) uv=(0,0)
[TEXVRAM] 'THR5901F' tPage=[0,22] clutXY=(64,0) uv=(0,0)
[TEXVRAM] 'THRB401F' tPage=[0,23] clutXY=(80,0) uv=(0,0)
[TEXVRAM] 'THRB701F' tPage=[0,24] clutXY=(96,0) uv=(0,0)
[BOOT-STEP] GameStartup step=9 qlen=0
[BOOT-STEP] GameStartup step=10 qlen=0
[SH_AMB] Sd_AmbientSfxSet idx=2 -> loadCmd=170
[SH_AMB] Sd_VabLoad ambient cmd=170 type=2 dedup=0
[BOOT-STEP] GameStartup step=11 qlen=0
[SFX] Sd_SfxStop: sfxId=1360 (Sfx_Base+80)
[SFX] Sd_SfxStop: sfxId=1321 (Sfx_Base+41)
[SFX] Sd_SfxStop: sfxId=1322 (Sfx_Base+42)
[BOOT0/TIM] PostLoadTim file=1505 'TIM00.TIM' ss=0x5dcb img.u=0 img.v=0 tPage=0,15 clutX=176 clutY=0
[BOOT0/TIM] post ReadTIM: prect=0xfac784 caddr=0xfac580 paddr=0xfac78c mode=8
[BOOT0/TIM] pre pixel LoadImage rect=(960,0 64x256)
[BOOT0/TIM] pre CLUT LoadImage rect=(176,0 16x16)
[BOOT0/TIM] PostLoadTim done
[BOOT-STEP] GameStartup step=12 qlen=1
[SH-XBOX] GameState -> 11 (step 0)
[GP-STATE-TXN] Gameplay -> sysState=10 (param=2)
[FOGST-GPU] clear=0xff6c6474
[SYSSTATE] dispatch sysState=10 mapEventData=0x61b1e4
[SFX] Sd_PlaySfx: sfxId=1361 (Sfx_Base+81) vol=144
[BOOT0/TIM] PostLoadTim file=1514 'TIM07.TIM' ss=0x5e64 img.u=32 img.v=0 tPage=0,13 clutX=240 clutY=0
[BOOT0/TIM] post ReadTIM: prect=0xfac684 caddr=0xfac580 paddr=0xfac68c mode=8
[BOOT0/TIM] pre pixel LoadImage rect=(864,0 32x256)
[BOOT0/TIM] pre CLUT LoadImage rect=(240,0 16x8)
[BOOT0/TIM] PostLoadTim done
[BGM] ChannelSet bgmIdx=3 cmd=770
[BIGPRIM] code=0x3c tp=0x2c span=1128x945 at(2545,-1038)
[MEM] dms-load: free=2488KB (622 pages)
[BIGPRIM] code=0x3c tp=0x28 span=1587x51 at(592,1321)
[BOOT0/TIM] PostLoadTim file=1459 'SRL.TIM' ss=0x5b60 img.u=0 img.v=0 tPage=0,28 clutX=704 clutY=464
[BOOT0/TIM] post ReadTIM: prect=0xfac6c4 caddr=0xfac580 paddr=0xfac6cc mode=8
[BOOT0/TIM] pre pixel LoadImage rect=(768,256 64x128)
[BOOT0/TIM] pre CLUT LoadImage rect=(704,464 16x10)
[BOOT0/TIM] PostLoadTim done
[BIGPRIM] code=0x3c tp=0x2c span=1860x1273 at(943,-1398)
[BIGPRIM] code=0x3c tp=0x28 span=1530x701 at(-908,671)
[BOOT0/TIM] PostLoadTim file=1194 'THR6001F.TIM' ss=0x4d9f img.u=0 img.v=0 tPage=0,25 clutX=112 clutY=0
[BOOT0/TIM] post ReadTIM: prect=0xfb6704 caddr=0xfb6580 paddr=0xfb670c mode=8
[BOOT0/TIM] pre pixel LoadImage rect=(576,256 64x256)
[BOOT0/TIM] pre CLUT LoadImage rect=(112,0 16x12)
[BOOT0/TIM] PostLoadTim done
[POOLSTOMP] upload (576,256 64x256) hits PINNED pool slot 7 'THR6001F' (576,256)
[TEXVRAM] 'THR6001F' tPage=[0,25] clutXY=(112,0) uv=(0,0)
[SH_DRIP] key_on song=0 ch=1 prog=0 note=48 bank=127 vabId=3 tones=1 match=1 vab2match=0
[SH_DRIP] key_on song=0 ch=2 prog=0 note=48 bank=127 vabId=3 tones=1 match=1 vab2match=0
[SH_DRIP] key_on song=0 ch=12 prog=6 note=38 bank=127 vabId=3 tones=1 match=1 vab2match=0
[BIGPRIM] code=0x3c tp=0x28 span=1536x700 at(-902,678)
[BOOT0/TIM] PostLoadTim file=1195 'THR6002H.TIM' ss=0x4db0 img.u=0 img.v=0 tPage=0,26 clutX=128 clutY=0
[BOOT0/TIM] post ReadTIM: prect=0xfb66a4 caddr=0xfb6580 paddr=0xfb66ac mode=8
[BOOT0/TIM] pre pixel LoadImage rect=(640,256 32x256)
[BOOT0/TIM] pre CLUT LoadImage rect=(128,0 16x9)
[BOOT0/TIM] PostLoadTim done
[POOLSTOMP] upload (640,256 32x256) hits PINNED pool slot 8 'THR6002H' (640,256)
[TEXVRAM] 'THR6002H' tPage=[0,26] clutXY=(128,0) uv=(0,0)
[SH_DRIP] key_on song=0 ch=11 prog=4 note=44 bank=127 vabId=3 tones=1 match=1 vab2match=0
[SH_DRIP] key_on song=0 ch=9 prog=3 note=44 bank=127 vabId=3 tones=1 match=1 vab2match=0
[BIGPRIM] code=0x3a tp=0x40 span=1020x51 at(130,0)
[SH_DRIP] key_on song=0 ch=7 prog=2 note=56 bank=127 vabId=3 tones=1 match=1 vab2match=0
[BIGPRIM] code=0x3c tp=0x2c span=900x804 at(1408,-1006)
[SH_DRIP] key_on song=0 ch=8 prog=2 note=56 bank=127 vabId=3 tones=1 match=1 vab2match=0
[BIGPRIM] code=0x3c tp=0x2c span=1338x1131 at(787,-1272)
[BIGPRIM] code=0x3c tp=0x2c span=996x848 at(1270,-1600)
[BIGPRIM] code=0x3c tp=0x2c span=2058x1369 at(1906,-1481)
[BIGPRIM] code=0x3c tp=0x2c span=1062x913 at(1321,-1735)
[BIGPRIM] code=0x3c tp=0x2c span=1512x1280 at(811,-1472)
[BIGPRIM] code=0x3c tp=0x2c span=1578x1337 at(820,-1549)
[BIGPRIM] code=0x3c tp=0x28 span=1434x444 at(-1172,652)
[BIGPRIM] code=0x3c tp=0x28 span=1632x594 at(643,1009)
[SH_DRIP] key_on song=0 ch=13 prog=6 note=38 bank=127 vabId=3 tones=1 match=1 vab2match=0
[BIGPRIM] code=0x3a tp=0x40 span=1020x52 at(130,668)
[BIGPRIM] code=0x3c tp=0x2c span=1038x880 at(1201,-790)
[BIGPRIM] code=0x3c tp=0x28 span=1035x630 at(619,697)
[BIGPRIM] code=0x3c tp=0x2c span=1644x1408 at(1678,-2799)
[BIGPRIM] code=0x3a tp=0x40 span=1020x51 at(130,0)
[BIGPRIM] code=0x3c tp=0x28 span=1536x980 at(-896,784)
[BIGPRIM] code=0x3a tp=0x40 span=1020x51 at(130,0)
[BIGPRIM] code=0x3c tp=0x2c span=1338x1137 at(1372,-1102)
[SH_DRIP] key_on song=0 ch=3 prog=1 note=38 bank=127 vabId=3 tones=1 match=1 vab2match=0
[BIGPRIM] code=0x3c tp=0x28 span=1536x961 at(-926,912)
[BIGPRIM] code=0x3a tp=0x40 span=1020x52 at(130,668)
[BIGPRIM] code=0x3c tp=0x28 span=1557x894 at(-962,1044)
[BIGPRIM] code=0x3c tp=0x28 span=1272x476 at(-1010,710)
[BIGPRIM] code=0x3c tp=0x28 span=1584x758 at(-1022,1276)
[SH_DRIP] key_on song=0 ch=10 prog=5 note=43 bank=127 vabId=3 tones=1 match=1 vab2match=0
[BIGPRIM] code=0x3c tp=0x28 span=1590x652 at(-1052,1446)
[BIGPRIM] code=0x3c tp=0x28 span=1956x859 at(-1769,793)
[BIGPRIM] code=0x3c tp=0x28 span=1533x263 at(394,1925)
[BIGPRIM] code=0x3c tp=0x28 span=2442x1286 at(1045,883)
[BIGPRIM] code=0x3c tp=0x28 span=2373x1286 at(1066,935)
[BIGPRIM] code=0x3c tp=0x28 span=2295x1279 at(1090,993)
[BIGPRIM] code=0x3c tp=0x28 span=2205x1269 at(1120,1067)
[SH_DRIP] key_on song=0 ch=5 prog=8 note=38 bank=127 vabId=3 tones=1 match=1 vab2match=0
[BIGPRIM] code=0x3c tp=0x28 span=1881x1372 at(-1364,996)
[BIGPRIM] code=0x3c tp=0x28 span=1959x1414 at(-1484,1051)
[BIGPRIM] code=0x3a tp=0x40 span=1020x52 at(130,668)
[BIGPRIM] code=0x3c tp=0x28 span=2070x1498 at(-1658,1089)
[BIGPRIM] code=0x3a tp=0xa span=1020x770 at(130,-25)
[SH_DRIP] key_on song=0 ch=6 prog=7 note=69 bank=127 vabId=3 tones=1 match=1 vab2match=0
[BIGPRIM] code=0x3a tp=0xa span=1020x770 at(130,-25)
[BIGPRIM] code=0x3c tp=0x28 span=1791x1524 at(-590,1372)
[BIGPRIM] code=0x3a tp=0x40 span=1020x52 at(130,668)
[TXTPG] drawmode tagcode=0xe1 n=1 w0=0xE1000611 -> curTpage=17
[FONTDUMP] INGAME tpage=16 words=0..63 (21 glyphs, 6 cols each)
[FONTDUMP] INGAME  0|#...........#..........................................##..........##....##......#...###....##...###...###...##...............
[FONTDUMP] INGAME  1|##.....##....#....................................#....###....##...###...###.....#...####..###...####..###...###..............
[FONTDUMP] INGAME  2|##.....#.....#....................................#....#.#....##..####..##.#....##...###...##...#####..#.##.##.#..............
[FONTDUMP] INGAME  3|.#.....#.....#............#......................##...##.##..###.....##....#....##...##....#........#..#.##.##.##.............
[FONTDUMP] INGAME  4|.#.....#.....#............#......................#....##.##...##.....##...##...###..###...###......##..###..##.##.#.....#.....
[FONTDUMP] INGAME  5|......##.....##...#####...#......................#....##.##...##.....##...##...###...###..####.....#....##..##.##.##....##....
[FONTDUMP] INGAME  6|......##.....##....####...#......................#....##.##...##.....#....##..##.#.....#..##.#.....#...###...#.##..#.....#....
[FONTDUMP] INGAME  7|......##.....##.........#####........###.........#....##.##...##....##.....##.####.....#..##.##....#...###...####.............
[FONTDUMP] INGAME  8|......##.....##..........####........####........#....##.##...##....#......##..####....#..##.##...##...#.##...###.............
[FONTDUMP] INGAME  9|......##.....##...#####...#.....................##.....#.##...##...##...#..##....#..#..#..##.##...#....#.##....#..............
[FONTDUMP] INGAME 10|.......#.....##....####...#...#...........#.....#......#.#....##...####.##.##....#..##.#...#.##...#....#.##...##..#.....#.....
[FONTDUMP] INGAME 11|.......#.....#............#...##..........##....#......###...###..#####..###.....#...###...###....#....####..###..##....##....
[FONTDUMP] INGAME 12|.......#.....#.................#...........#............##....###..###...###.....#...##.....##....#.....##...##....#.....#....
[FONTDUMP] INGAME 13|.......#.....#.................#.........................................................................................#....
[FONTDUMP] INGAME 14|........#...##................##........................................................................................##....
[FONTDUMP] INGAME 15|........#.....................................................................................................................
[FONTDUMP] INGAME tpage=17 words=64..127 (21 glyphs, 6 cols each)
[FONTDUMP] INGAME  0|...................##......#........####....##.#####..#####.#####...##..##..##.##....###..##.##.##....##..####..##..##..###...
[FONTDUMP] INGAME  1|..................###......#.....#...####..#####.####..####..####..#####.##.##..##....##...##.##.##....#..##.#...#.####..###..
[FONTDUMP] INGAME  2|..................####.....#....##...#..#..##..#.#..#..#..#..#..#..##.##.#..##..#.....##...#.##..#.....#..##.##..#.##.#..#..#.
[FONTDUMP] INGAME  3|...................###.....#....##...#..##.#...#.#..##.#.....#.....#...#.#..##..#.....##...#.#...#.....#.###.##..#.#..##.#..#.
[FONTDUMP] INGAME  4|...#........#.......##....##....##...#..####.....#...#.#.....#....##...#.#..##..#.....##...###...#.....#####.##..###...#.#..#.
[FONTDUMP] INGAME  5|..###........#......##..######..###..####.##.....#...#.####..####.##..##.#####..#.....##...##....#.....#####.###.###...#.#.##.
[FONTDUMP] INGAME  6|.###.........##.....#....#####.##.#..####.##.....#...#.####..####.##..##.#####..#.....##...##....#.....#####.#.#.###...#.####.
[FONTDUMP] INGAME  7|###...######..##...##....####..####..#..#.##.....#...#.#..#..#..#.##..##.#..##..#.....##...##....#.....#####.#.#####...#.###..
[FONTDUMP] INGAME  8|.#.....#####..###..#......###..####..#..##.#.....#..##.#.....#.....#..##.#..##..#.....##...#.#...#.....#####.#..##.#..##.#....
[FONTDUMP] INGAME  9|.##..........###..........###..#..#..#..##.#...#.#..##.#..#..#.....#..##.#..##..#...#.##...#.#...#..##.#####.#..##.#..##.#....
[FONTDUMP] INGAME 10|..##........###....#.....####.##..##.#..##.#...#.#..##.#..#..#.....#..##.#..##..#...####...#..#..#..##.#.###.#..##.#..##.#....
[FONTDUMP] INGAME 11|...##........#.....##....##.#.#...#######...#########.#####.###.....###.##..##.##....###..##.###########.#####...#..###.##....
[FONTDUMP] INGAME 12|....................#....#...#.#..##.###....###..###...####..##.....###..##.##..##...##....##.##.####..#.###.#...#..##...##...
[FONTDUMP] INGAME 13|..............................................................................................................................
[FONTDUMP] INGAME 14|..............................................................................................................................
[FONTDUMP] INGAME 15|..............................................................................................................................
[FONTDUMP] INGAME tpage=18 words=128..191 (21 glyphs, 6 cols each)
[FONTDUMP] INGAME  0|..##..###....##...#####.##..####..##########..#.##..#.#####...#....#....#.#.....##........#............#.............#........
[FONTDUMP] INGAME  1|.####..###...####.######.##..####..#####.#.##.##.##.###########....#....###.....##........#...........##............##........
[FONTDUMP] INGAME  2|.##.#..#..#.##.##.####.#.#...#.#...#####.#.##.#..##.#.##.##.###....#.....##.....###.......##...........#.............#........
[FONTDUMP] INGAME  3|.#..##.#..#.##..#...##.#.#...#.##.##.###.#.####..##.#....##.###....#....###.....###.......##...........#.............#........
[FONTDUMP] INGAME  4|##...#.#..#.##..#...##...#...#.##.#..#####..##....###....##..##....#......#.....##.........#.....##....##....##....#.#...##...
[FONTDUMP] INGAME  5|##...#.#.##..##.....##...#...#.##.#..####...##....##....##.........#...........#####............###....###...###...###...##...
[FONTDUMP] INGAME  6|##...#.####..###....##...#...#..#.#..####...##....##....##.........#...........#####............####...###..##.#..##.#..##.#..
[FONTDUMP] INGAME  7|##...#.###....##....##...#...#..###..####...##....##....##.........#..........######.............###...#.##.##.#..##.#..####..
[FONTDUMP] INGAME  8|.#..##.#.#..#..##...##...#...#..##...####..###....##...##..........#..........##.##..............###...#.##.##....##.#..####..
[FONTDUMP] INGAME  9|.#..##.#.#..#..##...##...#..##..##...####..#.##...##...##.....................##.###............####...#.##.##.#..##.#..##.#..
[FONTDUMP] INGAME 10|.#..##.#..#.##.##...##...##.##...#....#.#..#..#...##...##.##.......#..........##.###............####...#.##..#.#...###...###..
[FONTDUMP] INGAME 11|..###.###.######....##....###....#....#.#.##.##...##..######.......#...........#####.............####..###...###...###...###..
[FONTDUMP] INGAME 12|...#...##..#..##....##....###....#....#.#..#..##..##...#####.......#...........##.##.............#.#....##....##....#.....#...
[FONTDUMP] INGAME 13|...#..........................................................................................................................
[FONTDUMP] INGAME 14|....#.........................................................................................................................
[FONTDUMP] INGAME 15|....##........................................................................................................................
[FONTDUMP] INGAME tpage=19 words=192..255 (21 glyphs, 6 cols each)
[FONTDUMP] INGAME  0|.##..........#.....#.....#.....#.....#........................................................................................
[FONTDUMP] INGAME  1|.##.........##.....#.....#....##....##........................................................................................
[FONTDUMP] INGAME  2|.#.#.........#.....#.....#.....#.....#...............................................#........................................
[FONTDUMP] INGAME  3|.#...........#.................#.....#...............................................#........................................
[FONTDUMP] INGAME  4|###....####..###...#.....#.....###...#......#.#..###...##....##....###....#....##...##....##.#..##.##.########.#..##.##.###...
[FONTDUMP] INGAME  5|.##....####..###..##....##.....####..#....##########...###..####...###..####..###....##....#.##..##.#..###.#.####..##.#.####..
[FONTDUMP] INGAME  6|.#.....#.##..####..#.....#.....###...#.....#.#.#.####.##.#...###..##.#...#.#..##.#...#.....#.##..####..#.#.#.#.#...#..#...##..
[FONTDUMP] INGAME  7|.#.....#.##..#.##..#.....#.....##....#.....#.#.#.#.##.##.##..#.##.##.#...#.....#.#...#.....#.##..###...#####..##...####..##...
[FONTDUMP] INGAME  8|.#.....#.##..#.##..#.....#.....##....#.....#.#.#.#.##.##.##..#.##.##.#...#.....##....#.....#.##...##...####...#....###...##...
[FONTDUMP] INGAME  9|.#.....####..#.##..#.....#.....#.#...#.....#.#.#.#.##.##.##..#.##.##.#...#....#.#....#.....#.##...##...####..##.....##...##...
[FONTDUMP] INGAME 10|.#.....###...#.##..#.....#.....#.#...#.....#.#.#.#.##..#.##..####..###...#....#.##...##....#.##...##....#.#..#.#....##..##....
[FONTDUMP] INGAME 11|##.....###..##.##.##.....#....##.##.##....########.##..###...###...###..##.....###...##....####...#.....#.#.####....##..####..
[FONTDUMP] INGAME 12|.##...####...####..##....#.....####..##....#.#.#.####...##...#.#....##...##....##.....#.....#.#.........#.#..#.##...#....###..
[FONTDUMP] INGAME 13|.......#.##..............#...................................#.......#............................................#.#.........
[FONTDUMP] INGAME 14|.......###..............##..................................##......##............................................###.........
[FONTDUMP] INGAME 15|........##...............#...................................##......##............................................#..........
[TXSPR] glyph cell= 7 tpage=17 -> idx=28 char='C'
[TXTPG] drawmode tagcode=0xe1 n=1 w0=0xE1000613 -> curTpage=19
[TXSPR] glyph cell= 2 tpage=19 -> idx=65 char='h'
[TXTPG] drawmode tagcode=0xe1 n=1 w0=0xE1000611 -> curTpage=17
[TXSPR] glyph cell= 7 tpage=17 -> idx=28 char='C'
[TXTPG] drawmode tagcode=0xe1 n=1 w0=0xE1000613 -> curTpage=19
[TXSPR] glyph cell=12 tpage=19 -> idx=75 char='r'
[TXTPG] drawmode tagcode=0xe1 n=1 w0=0xE1000612 -> curTpage=18
[TXSPR] glyph cell=20 tpage=18 -> idx=62 char='e'
[TXTPG] drawmode tagcode=0xe1 n=1 w0=0xE1000613 -> curTpage=19
[TXSPR] glyph cell= 2 tpage=19 -> idx=65 char='h'
[TXTPG] drawmode tagcode=0xe1 n=1 w0=0xE1000611 -> curTpage=17
[TXSPR] glyph cell= 7 tpage=17 -> idx=28 char='C'
[TXTPG] drawmode tagcode=0xe1 n=1 w0=0xE1000613 -> curTpage=19
[TXSPR] glyph cell=19 tpage=19 -> idx=82 char='y'
[TXTPG] drawmode tagcode=0xe1 n=1 w0=0xE1000613 -> curTpage=19
[TXSPR] glyph cell=12 tpage=19 -> idx=75 char='r'
[TXTPG] drawmode tagcode=0xe1 n=1 w0=0xE1000612 -> curTpage=18
[TXSPR] glyph cell=20 tpage=18 -> idx=62 char='e'
[TXTPG] drawmode tagcode=0xe1 n=1 w0=0xE1000613 -> curTpage=19
[TXSPR] glyph cell= 2 tpage=19 -> idx=65 char='h'
[TXTPG] drawmode tagcode=0xe1 n=1 w0=0xE1000611 -> curTpage=17
[TXSPR] glyph cell= 7 tpage=17 -> idx=28 char='C'
[TXTPG] drawmode tagcode=0xe1 n=1 w0=0xE1000613 -> curTpage=19
[TXSPR] glyph cell= 6 tpage=19 -> idx=69 char='l'
[TXTPG] drawmode tagcode=0xe1 n=1 w0=0xE1000613 -> curTpage=19
[TXSPR] glyph cell=19 tpage=19 -> idx=82 char='y'
[TXTPG] drawmode tagcode=0xe1 n=1 w0=0xE1000613 -> curTpage=19
[TXSPR] glyph cell=12 tpage=19 -> idx=75 char='r'
[TXTPG] drawmode tagcode=0xe1 n=1 w0=0xE1000612 -> curTpage=18
[TXSPR] glyph cell=20 tpage=18 -> idx=62 char='e'
[TXTPG] drawmode tagcode=0xe1 n=1 w0=0xE1000613 -> curTpage=19
[TXSPR] glyph cell= 2 tpage=19 -> idx=65 char='h'
[TXTPG] drawmode tagcode=0xe1 n=1 w0=0xE1000611 -> curTpage=17
[TXSPR] glyph cell= 7 tpage=17 -> idx=28 char='C'
[TXTPG] drawmode tagcode=0xe1 n=1 w0=0xE1000610 -> curTpage=16
[TXSPR] glyph cell= 7 tpage=16 -> idx= 7 char='.'
[TXTPG] drawmode tagcode=0xe1 n=1 w0=0xE1000613 -> curTpage=19
[TXSPR] glyph cell= 6 tpage=19 -> idx=69 char='l'
[TXTPG] drawmode tagcode=0xe1 n=1 w0=0xE1000613 -> curTpage=19
[TXSPR] glyph cell=19 tpage=19 -> idx=82 char='y'
[TXTPG] drawmode tagcode=0xe1 n=1 w0=0xE1000613 -> curTpage=19
[TXSPR] glyph cell=12 tpage=19 -> idx=75 char='r'
[TXTPG] drawmode tagcode=0xe1 n=1 w0=0xE1000612 -> curTpage=18
[TXSPR] glyph cell=20 tpage=18 -> idx=62 char='e'
[TXTPG] drawmode tagcode=0xe1 n=1 w0=0xE1000613 -> curTpage=19
[TXSPR] glyph cell= 2 tpage=19 -> idx=65 char='h'
[TXTPG] drawmode tagcode=0xe1 n=1 w0=0xE1000611 -> curTpage=17
[TXSPR] glyph cell= 7 tpage=17 -> idx=28 char='C'
[BIGPRIM] code=0x3a tp=0x40 span=1020x51 at(130,0)
[TXTPG] drawmode tagcode=0xe1 n=1 w0=0xE1000612 -> curTpage=18
[TXSPR] glyph cell= 6 tpage=18 -> idx=48 char='W'
[TXTPG] drawmode tagcode=0xe1 n=1 w0=0xE1000610 -> curTpage=16
[TXSPR] glyph cell= 7 tpage=16 -> idx= 7 char='.'
[TXTPG] drawmode tagcode=0xe1 n=1 w0=0xE1000613 -> curTpage=19
[TXSPR] glyph cell= 6 tpage=19 -> idx=69 char='l'
[TXTPG] drawmode tagcode=0xe1 n=1 w0=0xE1000613 -> curTpage=19
[TXSPR] glyph cell=19 tpage=19 -> idx=82 char='y'
[TXTPG] drawmode tagcode=0xe1 n=1 w0=0xE1000613 -> curTpage=19
[TXSPR] glyph cell=12 tpage=19 -> idx=75 char='r'
[TXTPG] drawmode tagcode=0xe1 n=1 w0=0xE1000612 -> curTpage=18
[TXSPR] glyph cell=20 tpage=18 -> idx=62 char='e'
[TXTPG] drawmode tagcode=0xe1 n=1 w0=0xE1000613 -> curTpage=19
[TXSPR] glyph cell= 2 tpage=19 -> idx=65 char='h'
[TXTPG] drawmode tagcode=0xe1 n=1 w0=0xE1000611 -> curTpage=17
[TXSPR] glyph cell= 7 tpage=17 -> idx=28 char='C'
[TXTPG] drawmode tagcode=0xe1 n=1 w0=0xE1000613 -> curTpage=19
[TXSPR] glyph cell= 2 tpage=19 -> idx=65 char='h'
[TXTPG] drawmode tagcode=0xe1 n=1 w0=0xE1000612 -> curTpage=18
[TXSPR] glyph cell= 6 tpage=18 -> idx=48 char='W'
[TXTPG] drawmode tagcode=0xe1 n=1 w0=0xE1000610 -> curTpage=16
[TXSPR] glyph cell= 7 tpage=16 -> idx= 7 char='.'
[TXTPG] drawmode tagcode=0xe1 n=1 w0=0xE1000613 -> curTpage=19
[TXSPR] glyph cell= 6 tpage=19 -> idx=69 char='l'
[TXTPG] drawmode tagcode=0xe1 n=1 w0=0xE1000613 -> curTpage=19
[TXSPR] glyph cell=19 tpage=19 -> idx=82 char='y'
[TXTPG] drawmode tagcode=0xe1 n=1 w0=0xE1000613 -> curTpage=19
[TXSPR] glyph cell=12 tpage=19 -> idx=75 char='r'
[TXTPG] drawmode tagcode=0xe1 n=1 w0=0xE1000612 -> curTpage=18
[TXSPR] glyph cell=20 tpage=18 -> idx=62 char='e'
[TXTPG] drawmode tagcode=0xe1 n=1 w0=0xE1000613 -> curTpage=19
[TXSPR] glyph cell= 2 tpage=19 -> idx=65 char='h'
[TXTPG] drawmode tagcode=0xe1 n=1 w0=0xE1000611 -> curTpage=17
[TXSPR] glyph cell= 7 tpage=17 -> idx=28 char='C'
[STP] tpage=0x35 clut=0x1c3 zero=0 stp1=65536
[TXTPG] drawmode tagcode=0xe1 n=1 w0=0xE1000612 -> curTpage=18
[TXSPR] glyph cell=20 tpage=18 -> idx=62 char='e'
[TXTPG] drawmode tagcode=0xe1 n=1 w0=0xE1000613 -> curTpage=19
[TXSPR] glyph cell= 2 tpage=19 -> idx=65 char='h'
[TXTPG] drawmode tagcode=0xe1 n=1 w0=0xE1000612 -> curTpage=18
[TXSPR] glyph cell= 6 tpage=18 -> idx=48 char='W'
[TXTPG] drawmode tagcode=0xe1 n=1 w0=0xE1000610 -> curTpage=16
[TXSPR] glyph cell= 7 tpage=16 -> idx= 7 char='.'
[TXTPG] drawmode tagcode=0xe1 n=1 w0=0xE1000613 -> curTpage=19
[TXSPR] glyph cell= 6 tpage=19 -> idx=69 char='l'
[TXTPG] drawmode tagcode=0xe1 n=1 w0=0xE1000613 -> curTpage=19
[TXSPR] glyph cell=19 tpage=19 -> idx=82 char='y'
[TXTPG] drawmode tagcode=0xe1 n=1 w0=0xE1000613 -> curTpage=19
[TXSPR] glyph cell=12 tpage=19 -> idx=75 char='r'
[TXTPG] drawmode tagcode=0xe1 n=1 w0=0xE1000612 -> curTpage=18
[TXSPR] glyph cell=20 tpage=18 -> idx=62 char='e'
[TXTPG] drawmode tagcode=0xe1 n=1 w0=0xE1000613 -> curTpage=19
[TXSPR] glyph cell= 2 tpage=19 -> idx=65 char='h'
[TXTPG] drawmode tagcode=0xe1 n=1 w0=0xE1000611 -> curTpage=17
[TXSPR] glyph cell= 7 tpage=17 -> idx=28 char='C'
[TXTPG] drawmode tagcode=0xe1 n=1 w0=0xE1000613 -> curTpage=19
[TXSPR] glyph cell=12 tpage=19 -> idx=75 char='r'
[TXTPG] drawmode tagcode=0xe1 n=1 w0=0xE1000612 -> curTpage=18
[TXSPR] glyph cell=20 tpage=18 -> idx=62 char='e'
[TXTPG] drawmode tagcode=0xe1 n=1 w0=0xE1000613 -> curTpage=19
[TXSPR] glyph cell= 2 tpage=19 -> idx=65 char='h'
[TXTPG] drawmode tagcode=0xe1 n=1 w0=0xE1000612 -> curTpage=18
[TXSPR] glyph cell= 6 tpage=18 -> idx=48 char='W'
[TXTPG] drawmode tagcode=0xe1 n=1 w0=0xE1000610 -> curTpage=16
[TXSPR] glyph cell= 7 tpage=16 -> idx= 7 char='.'
[TXTPG] drawmode tagcode=0xe1 n=1 w0=0xE1000613 -> curTpage=19
[TXSPR] glyph cell= 6 tpage=19 -> idx=69 char='l'
[TXTPG] drawmode tagcode=0xe1 n=1 w0=0xE1000613 -> curTpage=19
[TXSPR] glyph cell=19 tpage=19 -> idx=82 char='y'
[TXTPG] drawmode tagcode=0xe1 n=1 w0=0xE1000613 -> curTpage=19
[TXSPR] glyph cell=12 tpage=19 -> idx=75 char='r'
[STP] tpage=0x35 clut=0x143 zero=0 stp1=65536
[BIGPRIM] code=0x3a tp=0x40 span=1020x51 at(130,0)
[BIGPRIM] code=0x3c tp=0x28 span=858x774 at(967,630)
[BIGPRIM] code=0x3a tp=0xa span=1020x770 at(130,-25)
[BIGPRIM] code=0x3a tp=0x40 span=1020x51 at(130,0)
[BIGPRIM] code=0x3c tp=0x28 span=999x1132 at(925,642)
[BIGPRIM] code=0x3a tp=0xa span=1020x770 at(130,-25)
[BIGPRIM] code=0x3c tp=0x2c span=1050x971 at(2110,-1613)
[BIGPRIM] code=0x3c tp=0x2c span=978x919 at(1852,-1105)
[BIGPRIM] code=0x3a tp=0x40 span=1020x51 at(130,0)
[BIGPRIM] code=0x3c tp=0x28 span=996x1369 at(868,655)
[STP] tpage=0x3b clut=0x78ee zero=0 stp1=0
[BIGPRIM] code=0x3a tp=0xa span=1020x770 at(130,-25)
[BIGPRIM] code=0x3c tp=0x28 span=963x1418 at(847,658)
[BIGPRIM] code=0x3c tp=0x2c span=1488x1183 at(2692,-2542)
[BIGPRIM] code=0x3a tp=0x40 span=1020x51 at(130,0)
[BIGPRIM] code=0x3a tp=0xa span=1020x770 at(130,-25)
[BIGPRIM] code=0x3a tp=0x40 span=1020x52 at(130,668)
[BIGPRIM] code=0x3c tp=0x2c span=1038x791 at(1840,-906)
[BIGPRIM] code=0x3a tp=0x40 span=1020x51 at(130,0)
[BIGPRIM] code=0x3c tp=0x2c span=1296x1087 at(2527,-1700)
[BIGPRIM] code=0x3c tp=0x28 span=543x829 at(226,585)
[BIGPRIM] code=0x3c tp=0x2c span=1338x1131 at(1846,-1584)
[BIGPRIM] code=0x3c tp=0x28 span=513x749 at(232,568)
[BIGPRIM] code=0x3c tp=0x28 span=858x1414 at(730,678)
[BIGPRIM] code=0x3a tp=0x40 span=1020x52 at(130,668)
[BIGPRIM] code=0x3c tp=0x28 span=861x1363 at(697,687)
[BIGPRIM] code=0x3a tp=0xa span=1020x770 at(130,-25)
[BIGPRIM] code=0x3a tp=0x40 span=1020x51 at(130,0)
[BIGPRIM] code=0x3a tp=0x40 span=1020x51 at(130,0)
[BIGPRIM] code=0x3c tp=0x28 span=831x781 at(949,626)
[BIGPRIM] code=0x3c tp=0x28 span=930x1386 at(-197,777)
[BIGPRIM] code=0x3a tp=0x40 span=1020x52 at(130,668)
[BIGPRIM] code=0x3c tp=0x28 span=672x875 at(589,703)
[BIGPRIM] code=0x3a tp=0x40 span=1020x51 at(130,0)
[BIGPRIM] code=0x3a tp=0x40 span=1020x51 at(130,0)
[BIGPRIM] code=0x3a tp=0xa span=1020x770 at(130,-25)
[SH-XBOX] vblank 3600
[MEM] tick: free=2488KB (622 pages)
[BIGPRIM] code=0x3a tp=0x40 span=1020x51 at(130,0)
[BIGPRIM] code=0x3a tp=0x40 span=1020x51 at(130,0)
[BIGPRIM] code=0x3a tp=0xa span=1020x770 at(130,-25)
[BIGPRIM] code=0x3c tp=0x28 span=1845x804 at(-914,2844)
[BIGPRIM] code=0x3a tp=0x40 span=1020x51 at(130,0)
[BIGPRIM] code=0x3c tp=0x28 span=1062x964 at(1075,710)
[BIGPRIM] code=0x3a tp=0x40 span=1020x51 at(130,0)
[BIGPRIM] code=0x3c tp=0x28 span=999x990 at(1042,703)
[BIGPRIM] code=0x3a tp=0x40 span=1020x52 at(130,668)
[BIGPRIM] code=0x3a tp=0x40 span=1020x51 at(130,0)
[BIGPRIM] code=0x3c tp=0x28 span=654x730 at(-290,607)
[BIGPRIM] code=0x3a tp=0x40 span=1020x52 at(130,668)
[BIGPRIM] code=0x3a tp=0xa span=1020x770 at(130,-25)
[BIGPRIM] code=0x3a tp=0xa span=1020x770 at(130,-25)
[BIGPRIM] code=0x3c tp=0x2c span=1470x1002 at(-1529,-861)
[BIGPRIM] code=0x3c tp=0x2c span=1392x951 at(-1412,-813)
[BIGPRIM] code=0x3c tp=0x2c span=1314x899 at(-1310,-761)
[BIGPRIM] code=0x3c tp=0x2c span=1236x842 at(-1196,-707)
[BIGPRIM] code=0x3c tp=0x28 span=558x833 at(7,613)
[BIGPRIM] code=0x3c tp=0x28 span=2109x826 at(-98,2822)
[BIGPRIM] code=0x3a tp=0xa span=1020x770 at(130,-25)
[BIGPRIM] code=0x3c tp=0x2c span=1044x712 at(-917,-581)
[BIGPRIM] code=0x3c tp=0x2c span=1530x1292 at(-1319,-1369)
[BIGPRIM] code=0x3c tp=0x2c span=1152x970 at(-2915,-945)
[BIGPRIM] code=0x3c tp=0x2c span=864x796 at(-1007,-761)
[BIGPRIM] code=0x3c tp=0x2c span=1146x873 at(-3005,-562)
[BIGPRIM] code=0x3c tp=0x28 span=624x1032 at(775,671)
[BIGPRIM] code=0x3a tp=0x40 span=1020x51 at(130,0)
[BIGPRIM] code=0x3c tp=0x2c span=1494x1137 at(-1538,-842)
[BIGPRIM] code=0x3c tp=0x2c span=906x764 at(-2168,-726)
[BIGPRIM] code=0x3c tp=0x2c span=1458x1375 at(-3161,-1173)
[BIGPRIM] code=0x3c tp=0x2c span=1146x758 at(-3005,-514)
[BIGPRIM] code=0x3c tp=0x2c span=1302x1202 at(-3083,-1517)
[BIGPRIM] code=0x3c tp=0x2c span=1038x706 at(-2753,-433)
[BIGPRIM] code=0x3c tp=0x2c span=1806x1201 at(-2528,-964)
[BIGPRIM] code=0x3c tp=0x28 span=561x1003 at(721,665)
[BIGPRIM] code=0x3c tp=0x2c span=1542x1228 at(-2507,-2092)
[BIGPRIM] code=0x3c tp=0x2c span=1404x1189 at(-3134,-1080)
[BIGPRIM] code=0x3c tp=0x28 span=570x1247 at(145,668)
[BIGPRIM] code=0x3c tp=0x2c span=1968x1562 at(-3416,-2359)
[BIGPRIM] code=0x3c tp=0x2c span=1236x1041 at(-3050,-932)
[BIGPRIM] code=0x3a tp=0x40 span=1020x51 at(130,0)
[BIGPRIM] code=0x3c tp=0x2c span=1128x860 at(-1040,-610)
[BIGPRIM] code=0x3a tp=0xa span=1020x770 at(130,-25)
[BIGPRIM] code=0x3c tp=0x2c span=1206x957 at(-1817,-1603)
[BIGPRIM] code=0x3c tp=0x28 span=534x1102 at(145,649)
[BIGPRIM] code=0x3c tp=0x2c span=1686x1593 at(-2342,-1468)
[BIGPRIM] code=0x3c tp=0x28 span=525x1057 at(145,646)
[BIGPRIM] code=0x3c tp=0x2c span=1074x855 at(-2969,-1256)
[BIGPRIM] code=0x3c tp=0x2c span=1530x1414 at(-3197,-1671)
[BIGPRIM] code=0x3a tp=0x40 span=1020x52 at(130,668)
[BIGPRIM] code=0x3c tp=0x28 span=507x1003 at(148,636)
[BIGPRIM] code=0x3c tp=0x2c span=1344x1266 at(-3104,-980)
[BIGPRIM] code=0x3a tp=0x40 span=1020x52 at(130,668)
[BIGPRIM] code=0x3c tp=0x2c span=858x733 at(-2861,-1147)
[BIGPRIM] code=0x3c tp=0x2c span=1758x1569 at(-3311,-1710)
[BIGPRIM] code=0x3c tp=0x2c span=918x726 at(-1247,-1192)
[BIGPRIM] code=0x3a tp=0xa span=1020x770 at(130,-25)
[BIGPRIM] code=0x3c tp=0x2c span=1218x1125 at(-1889,-1485)
[BIGPRIM] code=0x3c tp=0x2c span=1068x892 at(-2966,-851)
[BIGPRIM] code=0x3c tp=0x2c span=912x861 at(-2720,-636)
[BIGPRIM] code=0x3a tp=0x40 span=1020x52 at(130,668)
[BIGPRIM] code=0x3a tp=0x40 span=1020x52 at(130,668)
[BIGPRIM] code=0x3a tp=0xa span=1020x770 at(130,-25)
[BIGPRIM] code=0x3c tp=0x28 span=798x983 at(1048,662)
[BIGPRIM] code=0x3a tp=0x40 span=1020x51 at(130,0)
[BIGPRIM] code=0x3c tp=0x2c span=1110x926 at(-1085,-1022)
[BIGPRIM] code=0x3c tp=0x2c span=1068x893 at(-1028,-983)
[BIGPRIM] code=0x3c tp=0x2c span=1212x1080 at(-1697,-1305)
[BIGPRIM] code=0x3a tp=0x40 span=1020x51 at(130,0)
[BIGPRIM] code=0x3c tp=0x2c span=858x809 at(-920,-684)
[BIGPRIM] code=0x3c tp=0x2c span=1068x951 at(-1424,-1134)
[BIGPRIM] code=0x3a tp=0x40 span=1020x52 at(130,668)
[BIGPRIM] code=0x3a tp=0xa span=1020x770 at(130,-25)
[BIGPRIM] code=0x3a tp=0xa span=1020x770 at(130,-25)
[BIGPRIM] code=0x3c tp=0x2c span=906x764 at(-767,-607)
[STP] tpage=0x37 clut=0x5 zero=0 stp1=65536
[BIGPRIM] code=0x3a tp=0x40 span=1020x52 at(130,668)
[BIGPRIM] code=0x3c tp=0x2c span=846x752 at(-1010,-867)
[BIGPRIM] code=0x3c tp=0x28 span=798x1193 at(940,687)
[BIGPRIM] code=0x3c tp=0x28 span=2124x431 at(-1874,3217)
[BIGPRIM] code=0x3a tp=0x40 span=1020x52 at(130,668)
[BIGPRIM] code=0x3c tp=0x28 span=1092x961 at(-902,626)
[BIGPRIM] code=0x3c tp=0x28 span=1059x910 at(-869,623)
[BIGPRIM] code=0x3c tp=0x28 span=1020x859 at(-827,613)
[BIGPRIM] code=0x3c tp=0x28 span=1002x816 at(-809,607)
[BIGPRIM] code=0x3a tp=0x40 span=1020x52 at(130,668)
[BIGPRIM] code=0x3a tp=0x40 span=1020x52 at(130,668)
[BIGPRIM] code=0x3a tp=0x40 span=1020x52 at(130,668)
[STP] tpage=0x37 clut=0xc5 zero=0 stp1=65536
[BIGPRIM] code=0x3c tp=0x28 span=2094x1389 at(865,2259)
[BIGPRIM] code=0x3c tp=0x28 span=2088x1315 at(769,2333)
[STP] tpage=0x37 clut=0x145 zero=0 stp1=65536
[STP] tpage=0x37 clut=0x45 zero=13203 stp1=0
[BIGPRIM] code=0x3a tp=0x40 span=1020x52 at(130,668)
[BIGPRIM] code=0x3c tp=0x28 span=663x742 at(1018,620)
[BIGPRIM] code=0x3c tp=0x28 span=2049x961 at(514,2687)
[BIGPRIM] code=0x3a tp=0x40 span=1020x51 at(130,0)
[BIGPRIM] code=0x3c tp=0x28 span=831x977 at(1012,652)
[BIGPRIM] code=0x3c tp=0x28 span=1983x463 at(76,3185)
[CHNK] n=4 s0=-1,3,st3 s1=-1,4,st3 s2=0,4,st3 s3=0,3,st3
[BIGPRIM] code=0x3a tp=0x40 span=1020x51 at(130,0)
[BIGPRIM] code=0x3c tp=0x28 span=1929x553 at(-272,3095)
[BIGPRIM] code=0x3a tp=0xa span=1020x770 at(130,-25)
[BIGPRIM] code=0x3c tp=0x28 span=1812x598 at(787,2863)
[BIGPRIM] code=0x3a tp=0xa span=1020x770 at(130,-25)
[BIGPRIM] code=0x3a tp=0xa span=1020x770 at(130,-25)
[BIGPRIM] code=0x3a tp=0x40 span=1020x51 at(130,0)
[BIGPRIM] code=0x3a tp=0x40 span=1020x51 at(130,0)
[BIGPRIM] code=0x3c tp=0x28 span=1533x1389 at(-500,1192)
[BIGPRIM] code=0x3c tp=0x28 span=960x588 at(-524,594)
[BIGPRIM] code=0x3c tp=0x28 span=1527x1176 at(640,1340)
[BIGPRIM] code=0x3c tp=0x28 span=744x794 at(-62,597)
[BIGPRIM] code=0x3a tp=0x40 span=1020x52 at(130,668)
[BIGPRIM] code=0x3c tp=0x28 span=2349x1421 at(1018,697)
[BIGPRIM] code=0x3c tp=0x28 span=2187x1366 at(1012,713)
[BIGPRIM] code=0x3c tp=0x28 span=2028x1305 at(1003,723)
[BIGPRIM] code=0x3a tp=0x40 span=1020x51 at(130,0)
[BIGPRIM] code=0x3a tp=0x40 span=1020x51 at(130,0)
[BIGPRIM] code=0x3c tp=0x28 span=1980x264 at(715,1828)
[BIGPRIM] code=0x3c tp=0x28 span=840x861 at(-272,556)
[BIGPRIM] code=0x3a tp=0x40 span=1020x52 at(130,668)
[BIGPRIM] code=0x3a tp=0x40 span=1020x52 at(130,668)
[BIGPRIM] code=0x3a tp=0x40 span=1020x52 at(130,668)
[BIGPRIM] code=0x3a tp=0x40 span=1020x52 at(130,668)
[BIGPRIM] code=0x3a tp=0x40 span=1020x52 at(130,668)
[BIGPRIM] code=0x3a tp=0x40 span=1020x52 at(130,668)
[BIGPRIM] code=0x3a tp=0x40 span=1020x52 at(130,668)
[BIGPRIM] code=0x3a tp=0x40 span=1020x52 at(130,668)
[BIGPRIM] code=0x3a tp=0x40 span=1020x52 at(130,668)
[BIGPRIM] code=0x3a tp=0x40 span=1020x52 at(130,668)
[BIGPRIM] code=0x3a tp=0x40 span=1020x52 at(130,668)
[BIGPRIM] code=0x3a tp=0x40 span=1020x52 at(130,668)
[BIGPRIM] code=0x3a tp=0x40 span=1020x52 at(130,668)
[BIGPRIM] code=0x3a tp=0x40 span=1020x52 at(130,668)
[BIGPRIM] code=0x3a tp=0x40 span=1020x52 at(130,668)
[BIGPRIM] code=0x3a tp=0x40 span=1020x52 at(130,668)
[BIGPRIM] code=0x3a tp=0x40 span=1020x52 at(130,668)
[BIGPRIM] code=0x3a tp=0x40 span=1020x52 at(130,668)
[BIGPRIM] code=0x3a tp=0x40 span=1020x52 at(130,668)
[BIGPRIM] code=0x3a tp=0x40 span=1020x52 at(130,668)
[BIGPRIM] code=0x3a tp=0x40 span=1020x52 at(130,668)
[BIGPRIM] code=0x3a tp=0x40 span=1020x52 at(130,668)
[BIGPRIM] code=0x3a tp=0x40 span=1020x52 at(130,668)
[BIGPRIM] code=0x3a tp=0x40 span=1020x52 at(130,668)
[BIGPRIM] code=0x3a tp=0x40 span=1020x52 at(130,668)
[BIGPRIM] code=0x3a tp=0x40 span=1020x52 at(130,668)
[BIGPRIM] code=0x3a tp=0x40 span=1020x52 at(130,668)
[BIGPRIM] code=0x3a tp=0x40 span=1020x52 at(130,668)
[BIGPRIM] code=0x3a tp=0x40 span=1020x52 at(130,668)
[BIGPRIM] code=0x3a tp=0x40 span=1020x52 at(130,668)
[BIGPRIM] code=0x3a tp=0x40 span=1020x52 at(130,668)
[BIGPRIM] code=0x3a tp=0x40 span=1020x52 at(130,668)
[BIGPRIM] code=0x3a tp=0x40 span=1020x52 at(130,668)
[BIGPRIM] code=0x3a tp=0x40 span=1020x52 at(130,668)
[BIGPRIM] code=0x3a tp=0x40 span=1020x52 at(130,668)
[BIGPRIM] code=0x3a tp=0x40 span=1020x52 at(130,668)
[BIGPRIM] code=0x3a tp=0x40 span=1020x52 at(130,668)
[BIGPRIM] code=0x3a tp=0x40 span=1020x52 at(130,668)
[BIGPRIM] code=0x3a tp=0x40 span=1020x52 at(130,668)
[BIGPRIM] code=0x3a tp=0x40 span=1020x52 at(130,668)
[BIGPRIM] code=0x3a tp=0x40 span=1020x52 at(130,668)
[BIGPRIM] code=0x3a tp=0x40 span=1020x52 at(130,668)
[BIGPRIM] code=0x3a tp=0x40 span=1020x52 at(130,668)
[BIGPRIM] code=0x3a tp=0x40 span=1020x52 at(130,668)
[BIGPRIM] code=0x3a tp=0x40 span=1020x52 at(130,668)
[BIGPRIM] code=0x3a tp=0x40 span=1020x52 at(130,668)
[BIGPRIM] code=0x3a tp=0x40 span=1020x52 at(130,668)
[BIGPRIM] code=0x3a tp=0x40 span=1020x52 at(130,668)
[SH-XBOX] vblank 4200
[MEM] tick: free=2488KB (622 pages)
[BIGPRIM] code=0x3a tp=0x40 span=1020x52 at(130,668)
[BIGPRIM] code=0x3a tp=0x40 span=1020x52 at(130,668)
[BIGPRIM] code=0x3a tp=0x40 span=1020x52 at(130,668)
[BIGPRIM] code=0x3a tp=0x40 span=1020x52 at(130,668)
[BIGPRIM] code=0x3a tp=0x40 span=1020x52 at(130,668)
[BIGPRIM] code=0x3a tp=0x40 span=1020x52 at(130,668)
[BIGPRIM] code=0x3a tp=0x40 span=1020x52 at(130,668)
[BIGPRIM] code=0x3a tp=0x40 span=1020x52 at(130,668)
[BIGPRIM] code=0x3a tp=0x40 span=1020x52 at(130,668)
[BIGPRIM] code=0x3a tp=0x40 span=1020x52 at(130,668)
[BIGPRIM] code=0x3a tp=0x40 span=1020x52 at(130,668)
[BIGPRIM] code=0x3a tp=0x40 span=1020x52 at(130,668)
[BIGPRIM] code=0x3a tp=0x40 span=1020x52 at(130,668)
[BIGPRIM] code=0x3a tp=0x40 span=1020x52 at(130,668)
[BIGPRIM] code=0x3a tp=0x40 span=1020x52 at(130,668)
[BIGPRIM] code=0x3a tp=0x40 span=1020x52 at(130,668)
[BIGPRIM] code=0x3a tp=0x40 span=1020x52 at(130,668)
[BIGPRIM] code=0x3a tp=0x40 span=1020x52 at(130,668)
[BIGPRIM] code=0x3a tp=0x40 span=1020x52 at(130,668)
[BIGPRIM] code=0x3a tp=0x40 span=1020x52 at(130,668)
[BIGPRIM] code=0x3a tp=0x40 span=1020x52 at(130,668)
[BIGPRIM] code=0x3a tp=0x40 span=1020x52 at(130,668)
[BIGPRIM] code=0x3a tp=0x40 span=1020x52 at(130,668)
[BIGPRIM] code=0x3a tp=0x40 span=1020x52 at(130,668)
[CHARA-TEX] charaId=28 matCount=1 modelCount=20
[CHARA-TEX] mat[0] name='SRL' field_C=1 E=0x5c F=0x5c clut=0x742c UV=0x0000 tex=0
[CHARA-TEX] prim0: f0=0x2bb7(UV0) f2=0x74ac(clut) f4=0x2fb7(UV1) f6=0x005c(tpage) f8=0x2bab(UV2) fA=0x2fab(UV3)
[CHARA-TEX] texDesc: tPage=[0,28] u=0 v=0 clutXY=(704,464)
[BIGPRIM] code=0x3a tp=0xa span=1020x770 at(130,-25)
[BIGPRIM] code=0x3a tp=0xa span=1020x770 at(130,-25)
[BIGPRIM] code=0x3c tp=0x28 span=804x978 at(25,867)
[BIGPRIM] code=0x3c tp=0x28 span=771x810 at(697,810)
[BIGPRIM] code=0x3c tp=0x28 span=1248x1141 at(-926,877)
[BIGPRIM] code=0x3a tp=0x40 span=1020x51 at(130,0)
[BIGPRIM] code=0x3c tp=0x28 span=711x720 at(694,748)
[BIGPRIM] code=0x3c tp=0x28 span=708x720 at(697,745)
[BIGPRIM] code=0x3c tp=0x28 span=708x720 at(697,745)
[BIGPRIM] code=0x3c tp=0x28 span=714x724 at(694,748)
[BIGPRIM] code=0x3c tp=0x28 span=714x724 at(694,748)
[BIGPRIM] code=0x3c tp=0x28 span=717x730 at(694,748)
[FREEZE] capture 1280x720 in 164ms
[BIGPRIM] code=0x3c tp=0x28 span=717x730 at(694,748)
[SYSSTATE] dispatch sysState=14 mapEventData=0
[BIGPRIM] code=0x3c tp=0x28 span=714x730 at(691,748)
[BIGPRIM] code=0x3c tp=0x28 span=714x733 at(688,755)
[BIGPRIM] code=0x3c tp=0x28 span=717x739 at(685,755)
[BIGPRIM] code=0x3c tp=0x28 span=711x739 at(685,755)
[BIGPRIM] code=0x3c tp=0x28 span=717x739 at(682,755)
[BIGPRIM] code=0x3c tp=0x28 span=717x739 at(682,755)
[BIGPRIM] code=0x3c tp=0x28 span=717x743 at(682,758)
[BIGPRIM] code=0x3c tp=0x28 span=717x743 at(682,758)
[BIGPRIM] code=0x3c tp=0x28 span=717x746 at(682,758)
[BIGPRIM] code=0x3c tp=0x28 span=717x746 at(682,758)
[BIGPRIM] code=0x3c tp=0x28 span=723x743 at(679,761)
[SYSSTATE] dispatch sysState=2 mapEventData=0
[FOGST-GPU] clear=0xff000000
[SH-XBOX] GameState -> 19 (step 0)
[SFX] Sd_SfxStop: sfxId=1358 (Sfx_Base+78)
[BOOT0/TIM] PostLoadTim file=1485 'HEROPIC2.TIM' ss=0x5bb6 img.u=12 img.v=103 tPage=1,31 clutX=224 clutY=13
[BOOT0/TIM] post ReadTIM: prect=0xfac784 caddr=0xfac580 paddr=0xfac78c mode=9
[BOOT0/TIM] pre pixel LoadImage rect=(972,359 52x152)
[BOOT0/TIM] pre CLUT LoadImage rect=(224,13 256x1)
[BOOT0/TIM] PostLoadTim done
[STP] tpage=0x104 clut=0x0 zero=11934 stp1=32357
[STP] tpage=0x100 clut=0x0 zero=5936 stp1=1804
[ITEMZ] tagged=0 hit=0 szmin=1000000000 szmax=-1000000000 otzSpan=0
[SH-XBOX] GameState -> 14 (step 0)
[STP] tpage=0x9f clut=0x34e zero=42291 stp1=23245
[STP] tpage=0x10 clut=0x7fd3 zero=64658 stp1=878
[STP] tpage=0x12 clut=0x7fd3 zero=64322 stp1=1214
[BIGPRIM] code=0x28 tp=0x40 span=960x3 at(160,0)
[ITEMZ] tagged=0 hit=0 szmin=1000000000 szmax=-1000000000 otzSpan=0
[BIGPRIM] code=0x28 tp=0x11 span=960x3 at(160,0)
[ITEMZ] tagged=0 hit=0 szmin=1000000000 szmax=-1000000000 otzSpan=0
[BIGPRIM] code=0x28 tp=0x11 span=960x3 at(160,0)
[SFX] Sd_PlaySfx: sfxId=1305 (Sfx_Base+25) vol=64
[ITEMZ] tagged=0 hit=0 szmin=1000000000 szmax=-1000000000 otzSpan=0
[BIGPRIM] code=0x28 tp=0x11 span=960x3 at(160,0)
[ITEMZ] tagged=0 hit=0 szmin=1000000000 szmax=-1000000000 otzSpan=0
[BIGPRIM] code=0x28 tp=0x11 span=960x3 at(160,0)
[SFX] Sd_PlaySfx: sfxId=1305 (Sfx_Base+25) vol=64
[ITEMZ] tagged=0 hit=0 szmin=1000000000 szmax=-1000000000 otzSpan=0
[BIGPRIM] code=0x28 tp=0x11 span=960x3 at(160,0)
[SFX] Sd_PlaySfx: sfxId=1307 (Sfx_Base+27) vol=64
[ITEMZ] tagged=0 hit=0 szmin=1000000000 szmax=-1000000000 otzSpan=0
[BOOT0/TIM] PostLoadTim file=1919 'OPTION.TIM' ss=0x8a38 img.u=0 img.v=16 tPage=1,5 clutX=224 clutY=14
[BOOT0/TIM] post ReadTIM: prect=0xfac784 caddr=0xfac580 paddr=0xfac78c mode=9
[BOOT0/TIM] pre pixel LoadImage rect=(320,16 160x240)
[BOOT0/TIM] pre CLUT LoadImage rect=(224,14 256x1)
[BOOT0/TIM] PostLoadTim done
[BIGPRIM] code=0x28 tp=0x40 span=960x3 at(160,0)
[SH-XBOX] GameState -> 18 (step 0)
[SH-XBOX] vblank 4800
[MEM] tick: free=2488KB (622 pages)
[BIGPRIM] code=0x3a tp=0x40 span=960x129 at(160,591)
[BIGPRIM] code=0x3a tp=0x40 span=960x129 at(160,591)
[BIGPRIM] code=0x3a tp=0x40 span=960x129 at(160,591)
[BIGPRIM] code=0x3a tp=0x40 span=960x129 at(160,591)
[BIGPRIM] code=0x3a tp=0x40 span=960x129 at(160,591)
[BIGPRIM] code=0x3a tp=0x40 span=960x129 at(160,591)
[BIGPRIM] code=0x3a tp=0x40 span=960x129 at(160,591)
[BIGPRIM] code=0x3a tp=0x40 span=960x129 at(160,591)
[BIGPRIM] code=0x3a tp=0x40 span=960x129 at(160,591)
[BIGPRIM] code=0x3a tp=0x40 span=960x129 at(160,591)
[BIGPRIM] code=0x3a tp=0x40 span=960x129 at(160,591)
[BIGPRIM] code=0x3a tp=0x40 span=960x129 at(160,591)
[BIGPRIM] code=0x3a tp=0x40 span=960x129 at(160,591)
[SFX] Sd_PlaySfx: sfxId=1305 (Sfx_Base+25) vol=64
[BIGPRIM] code=0x3a tp=0x40 span=960x129 at(160,591)
[BIGPRIM] code=0x3a tp=0x40 span=960x129 at(160,591)
[SFX] Sd_PlaySfx: sfxId=1305 (Sfx_Base+25) vol=64
[BIGPRIM] code=0x3a tp=0x40 span=960x129 at(160,591)
[SFX] Sd_PlaySfx: sfxId=1305 (Sfx_Base+25) vol=64
[BIGPRIM] code=0x3a tp=0x40 span=960x129 at(160,591)
[SFX] Sd_PlaySfx: sfxId=1307 (Sfx_Base+27) vol=64
[BIGPRIM] code=0x3a tp=0x40 span=960x129 at(160,591)
[BIGPRIM] code=0x3a tp=0x40 span=960x129 at(160,591)
[BIGPRIM] code=0x3a tp=0x40 span=960x129 at(160,591)
[BIGPRIM] code=0x3a tp=0x40 span=960x129 at(160,591)
[BIGPRIM] code=0x3a tp=0x40 span=960x129 at(160,591)
[BIGPRIM] code=0x3a tp=0x40 span=960x129 at(160,591)
[BIGPRIM] code=0x3a tp=0x40 span=960x129 at(160,591)
[BIGPRIM] code=0x3a tp=0x40 span=960x129 at(160,591)
[SFX] Sd_PlaySfx: sfxId=1305 (Sfx_Base+25) vol=64
[BIGPRIM] code=0x3a tp=0x40 span=960x129 at(160,591)
[BIGPRIM] code=0x3a tp=0x40 span=960x129 at(160,591)
[SFX] Sd_PlaySfx: sfxId=1305 (Sfx_Base+25) vol=64
2D_Controls: On
[BIGPRIM] code=0x3a tp=0x40 span=960x129 at(160,591)
[BIGPRIM] code=0x3a tp=0x40 span=960x129 at(160,591)
[BIGPRIM] code=0x3a tp=0x40 span=960x129 at(160,591)
[BIGPRIM] code=0x3a tp=0x40 span=960x129 at(160,591)
[BIGPRIM] code=0x3a tp=0x40 span=960x129 at(160,591)
[BIGPRIM] code=0x3a tp=0x40 span=960x129 at(160,591)
[BIGPRIM] code=0x3a tp=0x40 span=960x129 at(160,591)
[BIGPRIM] code=0x3a tp=0x40 span=960x129 at(160,591)
[BIGPRIM] code=0x3a tp=0x40 span=960x129 at(160,591)
[BIGPRIM] code=0x3a tp=0x40 span=960x129 at(160,591)
[BIGPRIM] code=0x3a tp=0x40 span=960x129 at(160,591)
[SH-XBOX] vblank 5400
[MEM] tick: free=2488KB (622 pages)
[BIGPRIM] code=0x3a tp=0x40 span=960x129 at(160,591)
[BIGPRIM] code=0x3a tp=0x40 span=960x129 at(160,591)
[BIGPRIM] code=0x3a tp=0x40 span=960x129 at(160,591)
[BIGPRIM] code=0x3a tp=0x40 span=960x129 at(160,591)
[BIGPRIM] code=0x3a tp=0x40 span=960x129 at(160,591)
[BIGPRIM] code=0x3a tp=0x40 span=960x129 at(160,591)
[BIGPRIM] code=0x3a tp=0x40 span=960x129 at(160,591)
[BIGPRIM] code=0x3a tp=0x40 span=960x129 at(160,591)
[SFX] Sd_PlaySfx: sfxId=1306 (Sfx_Base+26) vol=64
[BIGPRIM] code=0x3a tp=0x40 span=960x129 at(160,591)
[BIGPRIM] code=0x3a tp=0x40 span=960x129 at(160,591)
[BIGPRIM] code=0x3a tp=0x40 span=960x129 at(160,591)
[SFX] Sd_PlaySfx: sfxId=1306 (Sfx_Base+26) vol=64
[BIGPRIM] code=0x3a tp=0x40 span=960x129 at(160,591)
[BIGPRIM] code=0x3a tp=0x40 span=960x129 at(160,591)
[SH-XBOX] GameState -> 14 (step 0)
[ITEMZ] tagged=0 hit=0 szmin=1000000000 szmax=-1000000000 otzSpan=0
[BIGPRIM] code=0x28 tp=0x11 span=960x3 at(160,0)
[ITEMZ] tagged=0 hit=0 szmin=1000000000 szmax=-1000000000 otzSpan=0
[BIGPRIM] code=0x28 tp=0x11 span=960x3 at(160,0)
[SFX] Sd_PlaySfx: sfxId=1306 (Sfx_Base+26) vol=64
[ITEMZ] tagged=0 hit=0 szmin=1000000000 szmax=-1000000000 otzSpan=0
[BIGPRIM] code=0x28 tp=0x11 span=960x3 at(160,0)
[ITEMZ] tagged=0 hit=0 szmin=1000000000 szmax=-1000000000 otzSpan=0
[BIGPRIM] code=0x28 tp=0x11 span=960x3 at(160,0)
[ITEMZ] tagged=0 hit=0 szmin=1000000000 szmax=-1000000000 otzSpan=0
[BIGPRIM] code=0x28 tp=0x11 span=960x3 at(160,0)
[SFX] Sd_PlaySfx: sfxId=1305 (Sfx_Base+25) vol=64
[ITEMZ] tagged=0 hit=0 szmin=1000000000 szmax=-1000000000 otzSpan=0
[SFX] Sd_PlaySfx: sfxId=1305 (Sfx_Base+25) vol=64
[BIGPRIM] code=0x28 tp=0x11 span=960x3 at(160,0)
[ITEMZ] tagged=0 hit=0 szmin=1000000000 szmax=-1000000000 otzSpan=0
[BIGPRIM] code=0x28 tp=0x11 span=960x3 at(160,0)
[ITEMZ] tagged=0 hit=0 szmin=1000000000 szmax=-1000000000 otzSpan=0
[BIGPRIM] code=0x28 tp=0x11 span=960x3 at(160,0)
[ITEMZ] tagged=0 hit=0 szmin=1000000000 szmax=-1000000000 otzSpan=0
[SFX] Sd_PlaySfx: sfxId=1306 (Sfx_Base+26) vol=64
[BIGPRIM] code=0x28 tp=0x40 span=960x3 at(160,0)
[SH-XBOX] GameState -> 11 (step 0)
[BIGPRIM] code=0x3c tp=0x28 span=1188x1067 at(-869,845)
[BIGPRIM] code=0x3c tp=0x28 span=1197x1083 at(-881,845)
[FOGST-GPU] clear=0xff6c6474
[BIGPRIM] code=0x3c tp=0x28 span=1197x1083 at(-878,845)
[BIGPRIM] code=0x3c tp=0x28 span=1359x1344 at(-1046,883)
[BIGPRIM] code=0x3c tp=0x28 span=894x746 at(1087,732)
[BIGPRIM] code=0x3c tp=0x28 span=1692x264 at(-1520,3384)
[CHNK] n=4 s0=-1,3,st3 s1=-1,4,st3 s2=0,4,st3 s3=0,3,st3
[BIGPRIM] code=0x3a tp=0xa span=1020x770 at(130,-25)
[BIGPRIM] code=0x3c tp=0x28 span=567x765 at(271,691)
[BIGPRIM] code=0x3c tp=0x28 span=2031x110 at(-770,3538)
[BIGPRIM] code=0x3c tp=0x28 span=1995x58 at(-758,3590)
[BIGPRIM] code=0x3c tp=0x28 span=1806x71 at(-1640,3577)
[SH-XBOX] vblank 6000
[MEM] tick: free=2488KB (622 pages)
[BIGPRIM] code=0x3c tp=0x28 span=1533x1524 at(586,2124)
[BIGPRIM] code=0x3c tp=0x28 span=1029x1407 at(676,916)
[BIGPRIM] code=0x3c tp=0x28 span=900x846 at(1051,729)
[BIGPRIM] code=0x3c tp=0x28 span=819x1122 at(739,758)
[BIGPRIM] code=0x3c tp=0x28 span=726x813 at(799,684)
[BIGPRIM] code=0x3c tp=0x28 span=684x745 at(634,768)
[BIGPRIM] code=0x3a tp=0xa span=1020x770 at(130,-25)
[BIGPRIM] code=0x3c tp=0x28 span=687x739 at(-32,810)
[BIGPRIM] code=0x3c tp=0x28 span=1716x97 at(745,3551)
[BIGPRIM] code=0x3a tp=0xa span=1020x770 at(130,-25)
[BIGPRIM] code=0x3c tp=0x28 span=2118x122 at(-1736,3526)
[BIGPRIM] code=0x3c tp=0x28 span=714x1344 at(490,787)
[BIGPRIM] code=0x3c tp=0x2c span=1086x719 at(1603,-623)
[BIGPRIM] code=0x3c tp=0x28 span=597x926 at(595,687)
[BIGPRIM] code=0x3c tp=0x2c span=1872x1278 at(1834,-1211)
[BIGPRIM] code=0x3c tp=0x2c span=1008x951 at(1708,-986)
[BIGPRIM] code=0x3c tp=0x2c span=1338x1266 at(2218,-1285)
[BIGPRIM] code=0x3c tp=0x28 span=687x755 at(904,678)
[BIGPRIM] code=0x3c tp=0x2c span=1914x1601 at(2656,-1957)
[BIGPRIM] code=0x3c tp=0x28 span=849x1559 at(568,851)
[BIGPRIM] code=0x3c tp=0x28 span=945x1116 at(895,822)
[BIGPRIM] code=0x3c tp=0x28 span=1590x200 at(943,3448)
[BIGPRIM] code=0x3c tp=0x28 span=1626x142 at(-1076,3506)
[BIGPRIM] code=0x3c tp=0x28 span=792x945 at(550,864)
[BIGPRIM] code=0x3c tp=0x28 span=954x1228 at(496,928)
[BIGPRIM] code=0x3c tp=0x28 span=1230x1552 at(-656,1009)
[BIGPRIM] code=0x3c tp=0x28 span=1791x283 at(-704,3365)
[BIGPRIM] code=0x3c tp=0x28 span=1797x161 at(-416,3487)
[BIGPRIM] code=0x3a tp=0xa span=1020x770 at(130,-25)
[BIGPRIM] code=0x3a tp=0xa span=1020x770 at(130,-25)
[BIGPRIM] code=0x3c tp=0x2c span=792x733 at(994,-768)
[BIGPRIM] code=0x3c tp=0x28 span=1740x277 at(1123,3371)
[BIGPRIM] code=0x3c tp=0x2c span=996x919 at(1519,-1317)
[BIGPRIM] code=0x3c tp=0x2c span=954x900 at(1336,-900)
[BIGPRIM] code=0x3c tp=0x28 span=1299x1378 at(901,945)
[BIGPRIM] code=0x3c tp=0x2c span=1098x1035 at(1441,-1060)
[BIGPRIM] code=0x3c tp=0x28 span=972x1154 at(-470,893)
[BIGPRIM] code=0x3c tp=0x2c span=1620x1491 at(2053,-2233)
[BIGPRIM] code=0x3c tp=0x28 span=1836x270 at(889,3378)
[BIGPRIM] code=0x3c tp=0x2c span=1098x842 at(1141,-736)
[BIGPRIM] code=0x3c tp=0x2c span=1746x1196 at(937,-1224)
[BIGPRIM] code=0x3c tp=0x28 span=696x968 at(361,835)
[BIGPRIM] code=0x3c tp=0x2c span=1212x1016 at(1375,-1305)
[BIGPRIM] code=0x3a tp=0xa span=1020x770 at(130,-25)
[BIGPRIM] code=0x3c tp=0x28 span=1017x996 at(-857,826)
[BIGPRIM] code=0x3a tp=0xa span=1020x770 at(130,-25)
[BIGPRIM] code=0x3c tp=0x28 span=810x1167 at(-203,838)
[GP-STATE-TXN] Gameplay -> sysState=10 (param=4)
[SYSSTATE] dispatch sysState=10 mapEventData=0x61b1fc
[BIGPRIM] code=0x3a tp=0x40 span=1020x51 at(130,0)
[BIGPRIM] code=0x3a tp=0x40 span=1020x52 at(130,668)
[BIGPRIM] code=0x3a tp=0xa span=1020x770 at(130,-25)
[BIGPRIM] code=0x3a tp=0x40 span=1020x51 at(130,0)
[BIGPRIM] code=0x3c tp=0x28 span=822x749 at(-422,752)
[BIGPRIM] code=0x3c tp=0x28 span=1818x1575 at(328,2073)
[BIGPRIM] code=0x3c tp=0x28 span=1836x1508 at(388,2140)
[BIGPRIM] code=0x3a tp=0x40 span=1020x52 at(130,668)
[BIGPRIM] code=0x3c tp=0x28 span=948x1366 at(-68,941)
[BIGPRIM] code=0x3a tp=0x40 span=1020x51 at(130,0)
[BIGPRIM] code=0x3c tp=0x28 span=1869x1186 at(538,2462)
[BIGPRIM] code=0x3a tp=0xa span=1020x770 at(130,-25)
[BIGPRIM] code=0x3c tp=0x28 span=1212x1141 at(-878,916)
[BIGPRIM] code=0x3c tp=0x28 span=1212x1141 at(-878,916)
[BIGPRIM] code=0x3c tp=0x28 span=1212x1147 at(-878,919)
[BIGPRIM] code=0x3c tp=0x28 span=1215x1151 at(-878,922)
[BIGPRIM] code=0x3c tp=0x28 span=1221x1161 at(-887,925)
[BIGPRIM] code=0x3c tp=0x28 span=1221x1161 at(-884,925)
[BIGPRIM] code=0x3c tp=0x28 span=1221x1167 at(-887,925)
[BIGPRIM] code=0x3c tp=0x28 span=1221x1167 at(-884,925)
[BIGPRIM] code=0x3c tp=0x28 span=1221x1167 at(-884,925)
[BIGPRIM] code=0x3c tp=0x28 span=1221x1167 at(-884,925)
[BIGPRIM] code=0x3c tp=0x28 span=1227x1174 at(-890,928)
[BIGPRIM] code=0x3c tp=0x28 span=1227x1174 at(-890,928)
[BIGPRIM] code=0x3c tp=0x28 span=1227x1174 at(-890,928)
[BIGPRIM] code=0x3c tp=0x28 span=1227x1174 at(-890,928)
[BIGPRIM] code=0x3c tp=0x28 span=1236x1183 at(-902,932)
[BIGPRIM] code=0x3c tp=0x28 span=1851x945 at(598,2703)
[BIGPRIM] code=0x3c tp=0x28 span=1851x945 at(598,2703)
[BIGPRIM] code=0x3c tp=0x28 span=1851x945 at(598,2703)
[BIGPRIM] code=0x3c tp=0x28 span=1851x945 at(598,2703)
[BIGPRIM] code=0x3a tp=0x40 span=1020x51 at(130,0)
[BIGPRIM] code=0x3c tp=0x28 span=1851x936 at(598,2712)
[BIGPRIM] code=0x3a tp=0xa span=1020x770 at(130,-25)
[BIGPRIM] code=0x3c tp=0x28 span=1848x97 at(-1250,3551)
[BIGPRIM] code=0x3c tp=0x28 span=1245x1190 at(-917,941)
[BIGPRIM] code=0x3a tp=0x40 span=1020x52 at(130,668)
[BIGPRIM] code=0x3c tp=0x28 span=1809x1517 at(-890,2131)
[BIGPRIM] code=0x3a tp=0x40 span=1020x51 at(130,0)
[BIGPRIM] code=0x3c tp=0x28 span=1851x907 at(598,2741)
[BIGPRIM] code=0x3a tp=0xa span=1020x770 at(130,-25)
[BIGPRIM] code=0x3c tp=0x28 span=1848x90 at(-1250,3558)
[BIGPRIM] code=0x3c tp=0x28 span=1281x1222 at(-953,957)
[BIGPRIM] code=0x3c tp=0x28 span=1779x45 at(-914,3603)
[BIGPRIM] code=0x3c tp=0x28 span=1716x942 at(1123,2706)
[BIGPRIM] code=0x3a tp=0x40 span=1020x52 at(130,668)
[BIGPRIM] code=0x3a tp=0xa span=1020x770 at(130,-25)
[BIGPRIM] code=0x3c tp=0x28 span=1776x1350 at(829,2298)
[BIGPRIM] code=0x3c tp=0x28 span=1857x1000 at(-296,2648)
[BIGPRIM] code=0x3c tp=0x28 span=1947x1103 at(52,2545)
[BIGPRIM] code=0x3a tp=0x40 span=1020x52 at(130,668)
[BIGPRIM] code=0x3c tp=0x28 span=1179x1398 at(877,890)
[BIGPRIM] code=0x3c tp=0x28 span=1197x1424 at(-941,880)
[BIGPRIM] code=0x3c tp=0x28 span=1077x1244 at(901,832)
[BIGPRIM] code=0x3c tp=0x28 span=765x852 at(136,700)
[BIGPRIM] code=0x3c tp=0x28 span=1014x1179 at(889,810)
[BIGPRIM] code=0x3a tp=0x40 span=1020x52 at(130,668)
[BIGPRIM] code=0x3c tp=0x2c span=1356x1279 at(1816,-1761)
[BIGPRIM] code=0x3c tp=0x2c span=1230x1093 at(1864,-1944)
[BIGPRIM] code=0x3c tp=0x2c span=1578x1054 at(1969,-1449)
[BIGPRIM] code=0x3c tp=0x2c span=1560x1035 at(1948,-1427)
[BIGPRIM] code=0x3c tp=0x2c span=1194x1067 at(1813,-1899)
[BIGPRIM] code=0x3c tp=0x2c span=1296x1221 at(1750,-1693)
[BIGPRIM] code=0x3a tp=0xa span=1020x770 at(130,-25)
[BIGPRIM] code=0x3a tp=0x40 span=1020x52 at(130,668)
[BIGPRIM] code=0x3c tp=0x28 span=2145x457 at(-230,3191)
[BIGPRIM] code=0x3c tp=0x2c span=1788x1530 at(2344,-3571)
[BIGPRIM] code=0x3c tp=0x28 span=948x1080 at(910,774)
[BIGPRIM] code=0x3c tp=0x2c span=1434x1324 at(2269,-2413)
[BIGPRIM] code=0x3c tp=0x2c span=1248x1042 at(1375,-1758)
[BIGPRIM] code=0x3c tp=0x2c span=1140x1016 at(1738,-1816)
[BIGPRIM] code=0x3c tp=0x2c span=1104x939 at(1264,-1337)
[BIGPRIM] code=0x3a tp=0x40 span=1020x51 at(130,0)
[BIGPRIM] code=0x3c tp=0x28 span=2151x20 at(-1382,3628)
[BIGPRIM] code=0x3c tp=0x2c span=1854x1472 at(2617,-3259)
[BIGPRIM] code=0x3c tp=0x2c span=2124x1453 at(1660,-1925)
[BIGPRIM] code=0x3c tp=0x28 span=783x868 at(127,707)
[BIGPRIM] code=0x3c tp=0x2c span=1452x965 at(1837,-1337)
[BIGPRIM] code=0x3c tp=0x2c span=1326x1016 at(1351,-1311)
[BIGPRIM] code=0x3c tp=0x2c span=1236x1170 at(1675,-1623)
[BIGPRIM] code=0x3a tp=0xa span=1020x770 at(130,-25)
[BIGPRIM] code=0x3a tp=0x40 span=1020x52 at(130,668)
[BIGPRIM] code=0x3c tp=0x28 span=2151x463 at(-134,3185)
[BIGPRIM] code=0x3c tp=0x2c span=1716x1472 at(2269,-3432)
[BIGPRIM] code=0x3c tp=0x28 span=780x864 at(145,707)
[BIGPRIM] code=0x3c tp=0x2c span=1530x1016 at(1936,-1395)
[BIGPRIM] code=0x3c tp=0x2c span=1314x1099 at(1489,-1838)
[BIGPRIM] code=0x3c tp=0x2c span=1668x1113 at(2104,-1501)
[BIGPRIM] code=0x3c tp=0x28 span=2100x77 at(-1796,3571)
[BIGPRIM] code=0x3c tp=0x28 span=1200x1420 at(-920,916)
[CHNK] n=4 s0=-1,3,st3 s1=-1,4,st2 s2=0,4,st2 s3=0,3,st3
[BIGPRIM] code=0x3c tp=0x28 span=2037x990 at(520,2658)
[BIGPRIM] code=0x3c tp=0x28 span=813x1048 at(124,883)
[BIGPRIM] code=0x3c tp=0x28 span=1965x335 at(298,3313)
[BIGPRIM] code=0x3c tp=0x28 span=1845x1575 at(-152,2028)
[BIGPRIM] code=0x3a tp=0x40 span=1020x51 at(130,0)
[BIGPRIM] code=0x3a tp=0x40 span=1020x52 at(130,668)
[BIGPRIM] code=0x3c tp=0x28 span=1218x1537 at(-509,1108)
[BIGPRIM] code=0x3c tp=0x28 span=1209x1642 at(517,1144)
[BIGPRIM] code=0x3a tp=0x40 span=1020x51 at(130,0)
[BIGPRIM] code=0x3c tp=0x2c span=870x733 at(748,-858)
[SH-XBOX] vblank 6600
[MEM] tick: free=2488KB (622 pages)
[BIGPRIM] code=0x3c tp=0x2c span=912x772 at(760,-900)
[BOOT0/TIM] PostLoadTim file=1146 'THR2001F.TIM' ss=0x4acf img.u=0 img.v=0 tPage=0,23 clutX=80 clutY=0
[BOOT0/TIM] post ReadTIM: prect=0xfb66c4 caddr=0xfb6580 paddr=0xfb66cc mode=8
[BOOT0/TIM] pre pixel LoadImage rect=(448,256 64x256)
[BOOT0/TIM] pre CLUT LoadImage rect=(80,0 16x10)
[BOOT0/TIM] PostLoadTim done
[POOLSTOMP] upload (448,256 64x256) hits PINNED pool slot 5 'THR2001F' (448,256)
[TEXVRAM] 'THR2001F' tPage=[0,23] clutXY=(80,0) uv=(0,0)
[BIGPRIM] code=0x3a tp=0x40 span=1020x51 at(130,0)
[BIGPRIM] code=0x3c tp=0x2c span=954x881 at(1183,-983)
[BIGPRIM] code=0x3c tp=0x28 span=1911x1270 at(-1202,2352)
[BIGPRIM] code=0x3c tp=0x2c span=888x836 at(1279,-877)
[BIGPRIM] code=0x3c tp=0x2c span=1212x828 at(934,-819)
[BIGPRIM] code=0x3c tp=0x2c span=1020x810 at(1459,-1462)
[BIGPRIM] code=0x3c tp=0x2c span=1062x842 at(1498,-1523)
[BIGPRIM] code=0x3c tp=0x2c span=1026x945 at(1609,-1372)
[BIGPRIM] code=0x3a tp=0x40 span=1020x51 at(130,0)
[BIGPRIM] code=0x3c tp=0x2c span=1434x976 at(1003,-970)
[BIGPRIM] code=0x3c tp=0x2c span=894x758 at(1111,-774)
[BIGPRIM] code=0x3c tp=0x28 span=1077x1087 at(742,1028)
[BIGPRIM] code=0x3c tp=0x2c span=1422x1202 at(862,-1401)
[BIGPRIM] code=0x3a tp=0x40 span=1020x51 at(130,0)
[BIGPRIM] code=0x3c tp=0x2c span=1578x1459 at(1579,-1632)
[BIGPRIM] code=0x3c tp=0x2c span=1338x1235 at(1918,-1800)
[BIGPRIM] code=0x3c tp=0x2c span=1098x977 at(1615,-1340)
[BIGPRIM] code=0x3a tp=0xa span=1020x770 at(130,-25)
[BIGPRIM] code=0x3c tp=0x2c span=1794x1427 at(2137,-2584)
[BIGPRIM] code=0x3c tp=0x2c span=1812x1201 at(1900,-1176)
[BIGPRIM] code=0x3c tp=0x2c span=1158x984 at(1270,-1006)
[BIGPRIM] code=0x3a tp=0xa span=1020x770 at(130,-25)
[BIGPRIM] code=0x3c tp=0x28 span=786x768 at(-152,922)
[BIGPRIM] code=0x3a tp=0xa span=1020x770 at(130,-25)
[BIGPRIM] code=0x3c tp=0x2c span=2442x1626 at(2350,-1594)
[BIGPRIM] code=0x3c tp=0x2c span=1602x1337 at(1501,-1719)
[BIGPRIM] code=0x3c tp=0x28 span=1872x283 at(1063,3365)
[BIGPRIM] code=0x3c tp=0x28 span=1869x717 at(-794,2931)
[BIGPRIM] code=0x3c tp=0x2c span=1842x1568 at(1693,-1613)
[BIGPRIM] code=0x3a tp=0x40 span=1020x51 at(130,0)
[BIGPRIM] code=0x3c tp=0x28 span=1878x238 at(811,3410)
[BIGPRIM] code=0x3a tp=0x40 span=1020x51 at(130,0)
[BIGPRIM] code=0x3c tp=0x28 span=1875x399 at(454,3249)
[BIGPRIM] code=0x3c tp=0x28 span=966x1273 at(220,1086)
[BIGPRIM] code=0x3c tp=0x28 span=1251x1299 at(853,1092)
[BIGPRIM] code=0x3a tp=0x40 span=1020x51 at(130,0)
[BIGPRIM] code=0x3a tp=0x40 span=1020x51 at(130,0)
[BIGPRIM] code=0x3c tp=0x28 span=1959x264 at(472,3384)
[BIGPRIM] code=0x3a tp=0x40 span=1020x52 at(130,668)
[BIGPRIM] code=0x3a tp=0x40 span=1020x52 at(130,668)
[BIGPRIM] code=0x3c tp=0x35 span=405x913 at(1015,-1758)
[BIGPRIM] code=0x3a tp=0x40 span=1020x52 at(130,668)
[BIGPRIM] code=0x3c tp=0x28 span=897x819 at(1048,858)
[BIGPRIM] code=0x3c tp=0x28 span=2145x450 at(232,3198)
[BIGPRIM] code=0x3a tp=0x40 span=1020x51 at(130,0)
[BIGPRIM] code=0x3c tp=0x28 span=825x816 at(820,855)
[SPAWN-FIRE?] slot=0 allPass! npcFlags=0x1 flagsId=5 full=0 vblanks=1 ABOUT TO TRY SPAWN
[SPAWN-FIRE!] slot=0 gates passed â†’ entering spawn block, npcIdx will be assigned
[SPAWN] slot=0 -> npc[1] charaId=0 stateStep=1 pos=(-30,128)
[BIGPRIM] code=0x3c tp=0x28 span=2172x1536 at(895,2086)
[BIGPRIM] code=0x3a tp=0x40 span=1020x52 at(130,668)
[BIGPRIM] code=0x3c tp=0x28 span=720x810 at(-206,871)
[BIGPRIM] code=0x3c tp=0x28 span=1029x1478 at(505,1038)
[BIGPRIM] code=0x3c tp=0x28 span=768x823 at(226,867)
[BIGPRIM] code=0x3c tp=0x28 span=2166x373 at(-1838,3275)
[BIGPRIM] code=0x3a tp=0x40 span=1020x52 at(130,668)
[BIGPRIM] code=0x3a tp=0x40 span=1020x51 at(130,0)
[BIGPRIM] code=0x3c tp=0x28 span=2151x315 at(214,3333)
[BIGPRIM] code=0x3c tp=0x28 span=882x871 at(-512,887)
[BIGPRIM] code=0x3c tp=0x28 span=2094x187 at(1099,3461)
[BIGPRIM] code=0x3c tp=0x28 span=717x833 at(424,909)
[BIGPRIM] code=0x3a tp=0xa span=1020x770 at(130,-25)
[BIGPRIM] code=0x3c tp=0x28 span=1815x322 at(64,3326)
[BIGPRIM] code=0x3c tp=0x28 span=765x736 at(25,977)
[BIGPRIM] code=0x3a tp=0x40 span=1020x52 at(130,668)
[BIGPRIM] code=0x3c tp=0x28 span=1707x328 at(-710,3320)
[BIGPRIM] code=0x3c tp=0x28 span=1683x309 at(-518,3339)
[BIGPRIM] code=0x3a tp=0x40 span=1020x52 at(130,668)
[BIGPRIM] code=0x3a tp=0xa span=1020x770 at(130,-25)
[BIGPRIM] code=0x3a tp=0x40 span=1020x52 at(130,668)
[BIGPRIM] code=0x3c tp=0x28 span=1032x1613 at(-359,1443)
[BIGPRIM] code=0x3c tp=0x28 span=1665x1437 at(808,1677)
[BIGPRIM] code=0x3c tp=0x28 span=801x848 at(-533,1083)
[BIGPRIM] code=0x3a tp=0x40 span=1020x51 at(130,0)
[BIGPRIM] code=0x3c tp=0x28 span=1533x1610 at(94,1356)
[BIGPRIM] code=0x3c tp=0x28 span=1575x180 at(274,3236)
[BIGPRIM] code=0x3c tp=0x2a span=1104x126 at(-716,-450)
[BIGPRIM] code=0x3c tp=0x2a span=1149x138 at(-764,-488)
[BIGPRIM] code=0x3c tp=0x28 span=1692x952 at(691,2246)
[BIGPRIM] code=0x3c tp=0x28 span=1527x1594 at(-638,1366)
[BIGPRIM] code=0x3c tp=0x2a span=1494x142 at(-1052,-665)
[BIGPRIM] code=0x3c tp=0x28 span=1434x1028 at(-1247,1080)
[BIGPRIM] code=0x3c tp=0x28 span=969x379 at(-182,3127)
[BIGPRIM] code=0x3c tp=0x2a span=1755x293 at(-1322,-797)
[BIGPRIM] code=0x3a tp=0x40 span=1020x52 at(130,668)
[BIGPRIM] code=0x3c tp=0x28 span=1083x852 at(-749,999)
[BIGPRIM] code=0x3c tp=0x28 span=1818x398 at(-1232,3108)
[BIGPRIM] code=0x3a tp=0x40 span=1020x51 at(130,0)
[BIGPRIM] code=0x3c tp=0x2a span=2835x649 at(-2309,-1375)
[BIGPRIM] code=0x3a tp=0x40 span=1020x51 at(130,0)
[BIGPRIM] code=0x3c tp=0x28 span=1536x1565 at(-902,1523)
[BIGPRIM] code=0x3a tp=0xa span=1020x770 at(130,-25)
[BIGPRIM] code=0x3c tp=0x28 span=1278x1340 at(-668,1115)
[BIGPRIM] code=0x3c tp=0x28 span=1842x469 at(1015,2992)
[BIGPRIM] code=0x3c tp=0x28 span=1881x470 at(-650,2876)
[BIGPRIM] code=0x3a tp=0x40 span=1020x52 at(130,668)
[SYSSTATE] dispatch sysState=4 mapEventData=0x61b220
[BIGPRIM] code=0x3c tp=0x2a span=132x772 at(898,253)
[BIGPRIM] code=0x3a tp=0x40 span=1020x51 at(130,0)
[BIGPRIM] code=0x3a tp=0x40 span=1020x51 at(130,0)
[BIGPRIM] code=0x3a tp=0x40 span=1020x52 at(130,668)
[BIGPRIM] code=0x3c tp=0x28 span=696x1459 at(799,1584)
[BIGPRIM] code=0x3c tp=0x35 span=696x726 at(-158,-1462)
[BIGPRIM] code=0x3c tp=0x35 span=756x743 at(-188,-1530)
[SH] open_main: playing FMV (file=2056 frames=119)
[FMV] no avi for M2_01190 (checked D:\fmv, D:\gamedata\fmv) -> MDEC
[FMV] start M2_01190 file_idx=2056 base=177967 sectors=1190 maxFrames=119 (15fps)
[XA] fmv stream open: 37800Hz stereo coding=0x01
[FMV] video 320x208, 9 sectors/frame
[XA] fmv stream end: 19 sectors fed, 0 ring frames discarded
[FMV] end M2_01190: 119 frames (0 dropped, 0 decode fails, 204 presents)
[SH] open_main: FMV_Play returned
[FOGST-GPU] clear=0xff000000
[SYSSTATE] dispatch sysState=10 mapEventData=0x61b22c
[FOGST-GPU] clear=0xff6c6474
[BIGPRIM] code=0x3c tp=0x28 span=1791x309 at(208,3088)
[XA] Play xaIdx=13 file=1 sector=619 sectors=56 stereo 37800Hz bits=4 filter=(2,3)
[XA] primed ring=20481 frames
[BOOT0/TIM] PostLoadTim file=1191 'THR5801F.TIM' ss=0x4d74 img.u=0 img.v=0 tPage=0,24 clutX=96 clutY=0
[BOOT0/TIM] post ReadTIM: prect=0xfb6784 caddr=0xfb6580 paddr=0xfb678c mode=8
[BOOT0/TIM] pre pixel LoadImage rect=(512,256 64x256)
[BOOT0/TIM] pre CLUT LoadImage rect=(96,0 16x16)
[BOOT0/TIM] PostLoadTim done
[POOLSTOMP] upload (512,256 64x256) hits PINNED pool slot 6 'THR5801F' (512,256)
[TEXVRAM] 'THR5801F' tPage=[0,24] clutXY=(96,0) uv=(0,0)
[BIGPRIM] code=0x3a tp=0x40 span=1020x51 at(130,0)
[RA] http POST http://retroachievements.org/dorequest.php
[NET] POST retroachievements.org -> 200 (16 bytes)
[RA] http -> status=200 bodyLen=16 body='{"Success":true}'
[BOOT0/TIM] PostLoadTim file=1192 'THR5802H.TIM' ss=0x4d85 img.u=32 img.v=0 tPage=0,26 clutX=144 clutY=0
[BOOT0/TIM] post ReadTIM: prect=0xfb6604 caddr=0xfb6580 paddr=0xfb660c mode=8
[BOOT0/TIM] pre pixel LoadImage rect=(672,256 32x256)
[BOOT0/TIM] pre CLUT LoadImage rect=(144,0 16x4)
[BOOT0/TIM] PostLoadTim done
[POOLSTOMP] upload (672,256 32x256) hits PINNED pool slot 9 'THR5802H' (672,256)
[TEXVRAM] 'THR5802H' tPage=[0,26] clutXY=(144,0) uv=(32,0)
[BIGPRIM] code=0x3c tp=0x28 span=978x646 at(-671,951)
[BIGPRIM] code=0x3c tp=0x28 span=1038x996 at(715,1080)
[BIGPRIM] code=0x3c tp=0x28 span=1509x1333 at(490,1800)
[BIGPRIM] code=0x3c tp=0x28 span=1791x309 at(208,3088)
[BIGPRIM] code=0x3a tp=0x40 span=1020x51 at(130,0)
[BIGPRIM] code=0x3c tp=0x28 span=978x646 at(-671,951)
[BIGPRIM] code=0x3c tp=0x28 span=1038x996 at(715,1080)
[BIGPRIM] code=0x3c tp=0x28 span=1509x1333 at(490,1800)
[BIGPRIM] code=0x3c tp=0x28 span=1791x309 at(208,3088)
[BIGPRIM] code=0x3a tp=0x40 span=1020x51 at(130,0)
[BIGPRIM] code=0x3c tp=0x28 span=978x646 at(-671,951)
[BIGPRIM] code=0x3c tp=0x28 span=1038x996 at(715,1080)
[BIGPRIM] code=0x3c tp=0x28 span=1509x1333 at(490,1800)
[BIGPRIM] code=0x3c tp=0x28 span=1791x309 at(208,3088)
[BIGPRIM] code=0x3a tp=0x40 span=1020x51 at(130,0)
[BIGPRIM] code=0x3c tp=0x28 span=978x646 at(-671,951)
[BIGPRIM] code=0x3c tp=0x28 span=1038x996 at(715,1080)
[BIGPRIM] code=0x3c tp=0x28 span=1509x1333 at(490,1800)
[BIGPRIM] code=0x3c tp=0x28 span=1791x309 at(208,3088)
[BIGPRIM] code=0x3a tp=0x40 span=1020x51 at(130,0)
[BIGPRIM] code=0x3c tp=0x28 span=978x646 at(-671,951)
[BIGPRIM] code=0x3c tp=0x28 span=1038x996 at(715,1080)
[XA] channel ended early xaIdx=13 (remaining=1/56)
[BIGPRIM] code=0x3c tp=0x28 span=1509x1333 at(490,1800)
[BIGPRIM] code=0x3c tp=0x28 span=1791x309 at(208,3088)
[BIGPRIM] code=0x3a tp=0x40 span=1020x51 at(130,0)
[SH-XBOX] vblank 7200
[MEM] tick: free=2488KB (622 pages)
[BIGPRIM] code=0x3c tp=0x28 span=978x646 at(-671,951)
[BIGPRIM] code=0x3c tp=0x28 span=1038x996 at(715,1080)
[BIGPRIM] code=0x3c tp=0x28 span=1509x1333 at(490,1800)
[XA] finished xaIdx=13 (drained)
[BIGPRIM] code=0x3c tp=0x28 span=1791x309 at(208,3088)
[BIGPRIM] code=0x3a tp=0x40 span=1020x51 at(130,0)
[BIGPRIM] code=0x3c tp=0x28 span=978x646 at(-671,951)
[BIGPRIM] code=0x3c tp=0x28 span=1038x996 at(715,1080)
[BIGPRIM] code=0x3c tp=0x28 span=1509x1333 at(490,1800)
[BIGPRIM] code=0x3c tp=0x28 span=1791x309 at(208,3088)
[BIGPRIM] code=0x3a tp=0x40 span=1020x51 at(130,0)
[BIGPRIM] code=0x3c tp=0x28 span=978x646 at(-671,951)
[BIGPRIM] code=0x3c tp=0x28 span=1038x996 at(715,1080)
[BIGPRIM] code=0x3c tp=0x28 span=1503x1337 at(490,1803)
[BIGPRIM] code=0x3a tp=0x40 span=1020x52 at(130,668)
[BIGPRIM] code=0x3c tp=0x28 span=1761x1520 at(-1010,1568)
[BIGPRIM] code=0x3a tp=0x40 span=1020x51 at(130,0)
[BIGPRIM] code=0x3c tp=0x28 span=1479x1347 at(490,1812)
[BIGPRIM] code=0x3a tp=0xa span=1020x770 at(130,-25)
[BIGPRIM] code=0x3c tp=0x28 span=1914x334 at(-1424,3005)
[BIGPRIM] code=0x3c tp=0x28 span=810x836 at(94,986)
[BIGPRIM] code=0x3c tp=0x28 span=1941x328 at(4,3088)
[BIGPRIM] code=0x3c tp=0x28 span=1275x1360 at(862,1118)
[BIGPRIM] code=0x3a tp=0x40 span=1020x52 at(130,668)
[BIGPRIM] code=0x3c tp=0x28 span=1827x1575 at(-932,1507)
[BIGPRIM] code=0x3a tp=0xa span=1020x770 at(130,-25)
[BIGPRIM] code=0x3a tp=0xa span=1020x770 at(130,-25)
[BIGPRIM] code=0x3c tp=0x28 span=1902x1324 at(-752,1732)
[BIGPRIM] code=0x3a tp=0xa span=1020x770 at(130,-25)
[BIGPRIM] code=0x3a tp=0x40 span=1020x51 at(130,0)
[BIGPRIM] code=0x3c tp=0x28 span=993x761 at(-764,961)
[BIGPRIM] code=0x3a tp=0x40 span=1020x51 at(130,0)
[BIGPRIM] code=0x3c tp=0x28 span=1092x923 at(-851,999)
[BIGPRIM] code=0x3a tp=0x40 span=1020x52 at(130,668)
[BIGPRIM] code=0x3c tp=0x28 span=981x916 at(766,957)
[BIGPRIM] code=0x3c tp=0x28 span=2046x264 at(1003,2786)
[BIGPRIM] code=0x3c tp=0x35 span=33x817 at(811,-826)
[BIGPRIM] code=0x3c tp=0x28 span=2049x264 at(-344,2683)
[BIGPRIM] code=0x3a tp=0xa span=1020x770 at(130,-25)
[BIGPRIM] code=0x3c tp=0x35 span=33x751 at(841,-28)
[BIGPRIM] code=0x3c tp=0x35 span=36x761 at(850,-35)
[BIGPRIM] code=0x3c tp=0x35 span=36x770 at(862,-41)
[BIGPRIM] code=0x3c tp=0x35 span=36x784 at(871,-48)
[BIGPRIM] code=0x3c tp=0x35 span=42x796 at(859,-57)
[BIGPRIM] code=0x3c tp=0x35 span=45x803 at(868,-61)
[BIGPRIM] code=0x3c tp=0x35 span=45x822 at(880,-70)
[BIGPRIM] code=0x3c tp=0x35 span=48x832 at(889,-77)
[BIGPRIM] code=0x3c tp=0x35 span=48x844 at(901,-83)
[BIGPRIM] code=0x3c tp=0x35 span=51x858 at(910,-90)
[BIGPRIM] code=0x3c tp=0x35 span=36x1007 at(934,-1080)
[BIGPRIM] code=0x3c tp=0x35 span=51x1038 at(991,-1147)
[BIGPRIM] code=0x3c tp=0x28 span=1998x1112 at(-740,1501)
[BIGPRIM] code=0x3c tp=0x28 span=2076x225 at(-1442,2523)
[BIGPRIM] code=0x3a tp=0x40 span=1020x51 at(130,0)
[BIGPRIM] code=0x3c tp=0x28 span=957x849 at(-263,938)
[BIGPRIM] code=0x3c tp=0x35 span=54x979 at(1039,-160)
[BIGPRIM] code=0x3c tp=0x35 span=51x1160 at(1039,-1301)
[CHNK] n=4 s0=-1,3,st3 s1=-1,4,st2 s2=-1,2,st3 s3=-2,3,st3
[BIGPRIM] code=0x3c tp=0x35 span=78x1211 at(1069,-1378)
[BIGPRIM] code=0x3c tp=0x28 span=2265x1282 at(-1970,1382)
[BIGPRIM] code=0x3a tp=0x40 span=1020x52 at(130,668)
[BIGPRIM] code=0x3c tp=0x28 span=2220x1215 at(-1922,1436)
[BIGPRIM] code=0x3c tp=0x35 span=84x1140 at(1132,-257)
[BIGPRIM] code=0x3c tp=0x28 span=2154x1074 at(-1856,1552)
[BIGPRIM] code=0x3c tp=0x28 span=1566x1151 at(250,1224)
[BIGPRIM] code=0x3c tp=0x28 span=1092x868 at(-794,922)
[BIGPRIM] code=0x3c tp=0x28 span=1488x1350 at(-584,1108)
[BIGPRIM] code=0x3c tp=0x28 span=1188x1022 at(-887,948)
[BIGPRIM] code=0x3c tp=0x28 span=2088x906 at(382,1411)
[BIGPRIM] code=0x3c tp=0x28 span=1539x1231 at(988,964)
[BIGPRIM] code=0x3c tp=0x35 span=1389x710 at(508,-2770)
[BIGPRIM] code=0x3a tp=0x40 span=1020x52 at(130,668)
[BIGPRIM] code=0x3c tp=0x28 span=1500x1298 at(-1196,1025)
[BIGPRIM] code=0x3a tp=0x40 span=1020x52 at(130,668)
[BIGPRIM] code=0x3c tp=0x28 span=990x1093 at(310,941)
[BIGPRIM] code=0x3a tp=0x40 span=1020x51 at(130,0)
[BIGPRIM] code=0x3c tp=0x28 span=1137x1241 at(310,986)
[BIGPRIM] code=0x3c tp=0x28 span=2280x1080 at(-1970,1160)
[BIGPRIM] code=0x3a tp=0xa span=1020x770 at(130,-25)
[BIGPRIM] code=0x3c tp=0x28 span=2169x466 at(-620,1780)
[BIGPRIM] code=0x3a tp=0xa span=1020x770 at(130,-25)
[BIGPRIM] code=0x3a tp=0xa span=1020x770 at(130,-25)
[BIGPRIM] code=0x3a tp=0xa span=1020x770 at(130,-25)
[BIGPRIM] code=0x3c tp=0x28 span=2142x665 at(-1790,1440)
[BIGPRIM] code=0x3c tp=0x28 span=1035x685 at(-677,822)
[BIGPRIM] code=0x3c tp=0x28 span=2169x96 at(-464,2015)
[BIGPRIM] code=0x3c tp=0x28 span=1554x1064 at(1021,912)
[BIGPRIM] code=0x3a tp=0x40 span=1020x52 at(130,668)
[BIGPRIM] code=0x3c tp=0x28 span=1833x909 at(-725,1054)
[BIGPRIM] code=0x3c tp=0x28 span=1290x1035 at(-923,877)
[BIGPRIM] code=0x3a tp=0x40 span=1020x51 at(130,0)
[BIGPRIM] code=0x3c tp=0x28 span=2163x263 at(520,1668)
[BIGPRIM] code=0x3c tp=0x28 span=2094x717 at(-722,1163)
[BIGPRIM] code=0x3c tp=0x28 span=2133x669 at(-692,1198)
[BIGPRIM] code=0x3c tp=0x28 span=2133x598 at(-674,1243)
[BIGPRIM] code=0x3c tp=0x28 span=2133x524 at(-656,1298)
[BIGPRIM] code=0x3c tp=0x28 span=1347x835 at(346,916)
[BIGPRIM] code=0x3a tp=0x40 span=1020x52 at(130,668)
[BIGPRIM] code=0x3c tp=0x28 span=1509x772 at(337,941)
[BIGPRIM] code=0x3a tp=0x40 span=1020x52 at(130,668)
[BIGPRIM] code=0x3c tp=0x28 span=1704x701 at(328,973)
[BIGPRIM] code=0x3a tp=0x40 span=1020x51 at(130,0)
[BIGPRIM] code=0x3c tp=0x28 span=2136x479 at(-1772,1163)
[BIGPRIM] code=0x3a tp=0xa span=1020x770 at(130,-25)
[BIGPRIM] code=0x3c tp=0x28 span=2136x353 at(-1736,1250)
[BIGPRIM] code=0x3c tp=0x28 span=1080x566 at(-695,729)
[BIGPRIM] code=0x3c tp=0x28 span=2133x6 at(-434,1552)
[BIGPRIM] code=0x3c tp=0x28 span=1491x730 at(1084,803)
[BIGPRIM] code=0x3a tp=0x40 span=1020x52 at(130,668)
[BIGPRIM] code=0x3c tp=0x28 span=1809x643 at(-689,877)
[BIGPRIM] code=0x3a tp=0x40 span=1020x51 at(130,0)
[BIGPRIM] code=0x3a tp=0x40 span=1020x51 at(130,0)
[BIGPRIM] code=0x3c tp=0x28 span=2133x305 at(466,1189)
[XA] Play xaIdx=35 file=1 sector=1691 sectors=29 stereo 37800Hz bits=4 filter=(5,3)
[XA] primed ring=20481 frames
[BIGPRIM] code=0x3c tp=0x28 span=1464x691 at(1105,790)
[BIGPRIM] code=0x3a tp=0x40 span=1020x52 at(130,668)
[BIGPRIM] code=0x3c tp=0x28 span=1035x714 at(67,732)
[BIGPRIM] code=0x3a tp=0xa span=1020x770 at(130,-25)
[BIGPRIM] code=0x3c tp=0x28 span=2103x733 at(-1454,1295)
[BIGPRIM] code=0x3a tp=0x40 span=1020x52 at(130,668)
[BIGPRIM] code=0x3a tp=0xa span=1020x770 at(130,-25)
[BIGPRIM] code=0x3c tp=0x28 span=1305x1138 at(994,883)
[BIGPRIM] code=0x3c tp=0x28 span=1803x1344 at(454,1314)
[BIGPRIM] code=0x3c tp=0x28 span=2133x482 at(-422,2529)
[BIGPRIM] code=0x3a tp=0x40 span=1020x52 at(130,668)
[XA] channel ended early xaIdx=35 (remaining=1/29)
[BIGPRIM] code=0x3a tp=0xa span=1020x770 at(130,-25)
[BIGPRIM] code=0x3c tp=0x28 span=1704x1565 at(412,1298)
[BIGPRIM] code=0x3a tp=0x40 span=1020x51 at(130,0)
[BIGPRIM] code=0x3c tp=0x28 span=2136x1492 at(-1730,1526)
[BIGPRIM] code=0x3a tp=0xa span=1020x770 at(130,-25)
[XA] finished xaIdx=35 (drained)
[BIGPRIM] code=0x3c tp=0x28 span=2139x643 at(-584,2658)
[BIGPRIM] code=0x3c tp=0x28 span=876x768 at(-488,745)
[BIGPRIM] code=0x3c tp=0x28 span=873x768 at(-497,745)
[BIGPRIM] code=0x3c tp=0x28 span=867x765 at(-500,739)
[BIGPRIM] code=0x3c tp=0x28 span=867x765 at(-500,739)
[BIGPRIM] code=0x3c tp=0x28 span=861x755 at(-497,736)
[BIGPRIM] code=0x3c tp=0x28 span=2181x675 at(406,2973)
[BIGPRIM] code=0x3c tp=0x28 span=852x749 at(-488,732)
[BIGPRIM] code=0x3a tp=0x40 span=1020x52 at(130,668)
[BIGPRIM] code=0x3c tp=0x28 span=1122x1328 at(850,877)
[BIGPRIM] code=0x3a tp=0x40 span=1020x51 at(130,0)
[BIGPRIM] code=0x3c tp=0x28 span=2157x685 at(-860,2680)
[BIGPRIM] code=0x3a tp=0xa span=1020x770 at(130,-25)
[BIGPRIM] code=0x3c tp=0x28 span=2187x656 at(334,2992)
[BIGPRIM] code=0x3c tp=0x28 span=837x746 at(-479,726)
[BIGPRIM] code=0x3a tp=0x40 span=1020x52 at(130,668)
[BIGPRIM] code=0x3c tp=0x28 span=1128x1347 at(841,874)
[BIGPRIM] code=0x3a tp=0x40 span=1020x51 at(130,0)
[BIGPRIM] code=0x3c tp=0x28 span=2157x688 at(-878,2683)
[BIGPRIM] code=0x3a tp=0xa span=1020x770 at(130,-25)
[BIGPRIM] code=0x3c tp=0x28 span=2181x656 at(322,2992)
[BIGPRIM] code=0x3c tp=0x28 span=843x752 at(-488,729)
[BIGPRIM] code=0x3a tp=0x40 span=1020x52 at(130,668)
[BIGPRIM] code=0x3c tp=0x28 span=1140x1366 at(838,877)
[BIGPRIM] code=0x3a tp=0x40 span=1020x51 at(130,0)
[BIGPRIM] code=0x3c tp=0x28 span=2157x688 at(-884,2690)
[BIGPRIM] code=0x3a tp=0xa span=1020x770 at(130,-25)
[BIGPRIM] code=0x3c tp=0x28 span=2181x650 at(316,2998)
[BIGPRIM] code=0x3c tp=0x28 span=846x752 at(-491,729)
[BIGPRIM] code=0x3a tp=0x40 span=1020x52 at(130,668)
[BIGPRIM] code=0x3c tp=0x28 span=1143x1376 at(835,880)
[BIGPRIM] code=0x3a tp=0x40 span=1020x51 at(130,0)
[BIGPRIM] code=0x3c tp=0x28 span=2157x688 at(-890,2690)
[BIGPRIM] code=0x3a tp=0xa span=1020x770 at(130,-25)
[BIGPRIM] code=0x3c tp=0x28 span=2181x650 at(310,2998)
[XA] Play xaIdx=36 file=1 sector=1693 sectors=28 stereo 37800Hz bits=4 filter=(5,5)
[XA] primed ring=20481 frames
[BIGPRIM] code=0x3c tp=0x28 span=846x756 at(-491,729)
[BIGPRIM] code=0x3a tp=0x40 span=1020x52 at(130,668)
[BIGPRIM] code=0x3c tp=0x28 span=1161x1366 at(862,877)
[BIGPRIM] code=0x3c tp=0x28 span=2154x1582 at(-2000,1494)
[BIGPRIM] code=0x3c tp=0x28 span=2154x1579 at(-1994,1497)
[BIGPRIM] code=0x3c tp=0x28 span=2154x1578 at(-1988,1504)
[SH-XBOX] vblank 7800
[MEM] tick: free=2488KB (622 pages)
[BIGPRIM] code=0x3c tp=0x28 span=2154x1578 at(-1988,1504)
[BIGPRIM] code=0x3c tp=0x28 span=2154x1575 at(-1982,1507)
[XA] channel ended early xaIdx=36 (remaining=1/28)
[BIGPRIM] code=0x3c tp=0x28 span=2160x1575 at(-1988,1507)
[BIGPRIM] code=0x3c tp=0x28 span=2160x1575 at(-1988,1507)
[BIGPRIM] code=0x3c tp=0x28 span=2160x1575 at(-1988,1507)
[BIGPRIM] code=0x3c tp=0x28 span=2160x1575 at(-1988,1507)
[XA] finished xaIdx=36 (drained)
[BIGPRIM] code=0x3c tp=0x28 span=2160x1578 at(-2012,1504)
[BIGPRIM] code=0x3a tp=0x40 span=1020x52 at(130,668)
[BIGPRIM] code=0x3c tp=0x28 span=1152x1363 at(856,874)
[BIGPRIM] code=0x3a tp=0x40 span=1020x51 at(130,0)
[BIGPRIM] code=0x3c tp=0x28 span=2151x694 at(-848,2690)
[BIGPRIM] code=0x3a tp=0xa span=1020x770 at(130,-25)
[BIGPRIM] code=0x3c tp=0x28 span=2181x643 at(352,3005)
[BIGPRIM] code=0x3c tp=0x28 span=831x765 at(-470,739)
[BIGPRIM] code=0x3c tp=0x28 span=2145x624 at(-710,2767)
[BIGPRIM] code=0x3a tp=0x40 span=1020x51 at(130,0)
[BIGPRIM] code=0x3c tp=0x28 span=1971x1642 at(382,1446)
[BIGPRIM] code=0x3c tp=0x28 span=2079x1620 at(460,1501)
[BIGPRIM] code=0x3c tp=0x28 span=2109x1578 at(550,1575)
[BIGPRIM] code=0x3c tp=0x28 span=2103x1530 at(640,1655)
[BIGPRIM] code=0x3a tp=0x40 span=1020x51 at(130,0)
[BIGPRIM] code=0x3a tp=0xa span=1020x770 at(130,-25)
[BIGPRIM] code=0x3c tp=0x28 span=2058x1177 at(1057,2124)
[BIGPRIM] code=0x3a tp=0x40 span=1020x52 at(130,668)
[BIGPRIM] code=0x3c tp=0x28 span=2055x45 at(-440,2066)
[BIGPRIM] code=0x3c tp=0x28 span=924x740 at(-581,716)
[BIGPRIM] code=0x3c tp=0x28 span=2055x45 at(-272,2079)
[BIGPRIM] code=0x3c tp=0x28 span=2052x877 at(673,1221)
[BIGPRIM] code=0x3c tp=0x28 span=2055x45 at(-1112,2079)
[BIGPRIM] code=0x3c tp=0x28 span=966x912 at(535,736)
[BIGPRIM] code=0x3c tp=0x28 span=1143x1032 at(625,748)
[BIGPRIM] code=0x3c tp=0x28 span=1776x1199 at(-1115,880)
[BIGPRIM] code=0x3c tp=0x28 span=2055x45 at(-662,2079)
[CHNK] n=4 s0=-1,3,st3 s1=-1,4,st2 s2=-1,2,st3 s3=-2,3,st3
[BIGPRIM] code=0x3c tp=0x28 span=1179x1045 at(661,748)
[BIGPRIM] code=0x3c tp=0x28 span=1776x1199 at(-1115,880)
[BIGPRIM] code=0x3c tp=0x28 span=1317x1272 at(-824,826)
[BIGPRIM] code=0x3c tp=0x28 span=2172x1035 at(913,1083)
[BIGPRIM] code=0x3c tp=0x28 span=2103x900 at(172,1224)
[BIGPRIM] code=0x3c tp=0x28 span=1896x1019 at(679,1086)
[COLL-MISS] cell(0,0) pos(0,0) activeCount=4
[COLL-MISS]   slot cell(-1,3) qIdx=21 loadState=2 isLoaded=1
[COLL-MISS]   slot cell(-1,4) qIdx=22 loadState=2 isLoaded=1
[COLL-MISS]   slot cell(-1,2) qIdx=44 loadState=2 isLoaded=1
[COLL-MISS]   slot cell(-2,3) qIdx=47 loadState=2 isLoaded=1
[BIGPRIM] code=0x3a tp=0xa span=1020x770 at(130,-25)
[BIGPRIM] code=0x3c tp=0x28 span=1464x1054 at(814,784)
[BIGPRIM] code=0x3c tp=0x28 span=1995x1051 at(-1382,1060)
[BIGPRIM] code=0x3a tp=0xa span=1020x770 at(130,-25)
[BIGPRIM] code=0x3c tp=0x28 span=2193x865 at(-1328,1266)
[BIGPRIM] code=0x3c tp=0x28 span=2187x910 at(286,1221)
[BIGPRIM] code=0x3c tp=0x28 span=1092x1280 at(-194,806)
[BIGPRIM] code=0x3a tp=0xa span=1020x770 at(130,-25)
[BIGPRIM] code=0x3c tp=0x28 span=1881x58 at(622,2098)
[BIGPRIM] code=0x3c tp=0x28 span=2097x1070 at(958,1035)
[BIGPRIM] code=0x3c tp=0x28 span=972x441 at(-593,716)
[BIGPRIM] code=0x3c tp=0x28 span=1851x1077 at(-1244,1028)
[BIGPRIM] code=0x3c tp=0x28 span=2205x1167 at(-1766,938)
[BIGPRIM] code=0x3c tp=0x28 span=2049x1224 at(-1730,874)
[BIGPRIM] code=0x3c tp=0x28 span=2139x260 at(148,1883)
[BIGPRIM] code=0x3c tp=0x28 span=840x1321 at(112,745)
[BIGPRIM] code=0x3c tp=0x28 span=1677x1163 at(-1466,948)
[BIGPRIM] code=0x3c tp=0x28 span=1956x1096 at(-167,1022)
[BIGPRIM] code=0x3a tp=0xa span=1020x770 at(130,-25)
[BIGPRIM] code=0x3c tp=0x28 span=1503x1186 at(388,906)
[BIGPRIM] code=0x3a tp=0xa span=1020x770 at(130,-25)
[BIGPRIM] code=0x3c tp=0x28 span=1473x1122 at(226,983)
[BIGPRIM] code=0x3c tp=0x28 span=2100x727 at(697,1404)
[BIGPRIM] code=0x3c tp=0x28 span=705x826 at(325,710)
[BIGPRIM] code=0x3a tp=0xa span=1020x770 at(130,-25)
[BIGPRIM] code=0x3a tp=0xa span=1020x770 at(130,-25)
[BIGPRIM] code=0x3c tp=0x28 span=1830x1176 at(643,916)
[BIGPRIM] code=0x3c tp=0x28 span=1014x363 at(-785,700)
[BIGPRIM] code=0x3a tp=0xa span=1020x770 at(130,-25)
[BIGPRIM] code=0x3c tp=0x28 span=2049x58 at(-644,2098)
[BIGPRIM] code=0x3c tp=0x28 span=2127x1009 at(-512,1115)
[BIGPRIM] code=0x3c tp=0x28 span=2163x1045 at(-1124,1073)
[BIGPRIM] code=0x3c tp=0x28 span=2133x71 at(-884,2079)
[BIGPRIM] code=0x3c tp=0x28 span=1029x1302 at(-26,784)
[BIGPRIM] code=0x3c tp=0x28 span=1977x823 at(-422,1301)
[BIGPRIM] code=0x3c tp=0x28 span=1113x820 at(-560,771)
[BIGPRIM] code=0x3a tp=0xa span=1020x770 at(130,-25)
[BIGPRIM] code=0x3a tp=0xa span=1020x770 at(130,-25)
[BIGPRIM] code=0x3c tp=0x28 span=1914x58 at(-1598,2098)
[BIGPRIM] code=0x3a tp=0xa span=1020x770 at(130,-25)
[BIGPRIM] code=0x3c tp=0x28 span=2169x804 at(-980,1327)
[BIGPRIM] code=0x3c tp=0x28 span=2196x935 at(-1730,1189)
[BIGPRIM] code=0x3c tp=0x28 span=2148x64 at(925,2105)
[BIGPRIM] code=0x3c tp=0x28 span=1305x1289 at(-578,797)
[COLL-MISS] cell(0,0) pos(0,0) activeCount=4
[COLL-MISS]   slot cell(-1,3) qIdx=21 loadState=2 isLoaded=1
[COLL-MISS]   slot cell(-1,4) qIdx=22 loadState=2 isLoaded=1
[COLL-MISS]   slot cell(-1,2) qIdx=44 loadState=2 isLoaded=1
[COLL-MISS]   slot cell(-2,3) qIdx=47 loadState=2 isLoaded=1
[BIGPRIM] code=0x3c tp=0x28 span=1938x58 at(865,2092)
[BIGPRIM] code=0x3c tp=0x28 span=1320x830 at(-905,761)
[BIGPRIM] code=0x3a tp=0xa span=1020x770 at(130,-25)
[BIGPRIM] code=0x3c tp=0x28 span=1611x1025 at(-896,1080)
[BIGPRIM] code=0x3c tp=0x28 span=2298x1270 at(1093,816)
[BIGPRIM] code=0x3c tp=0x28 span=1800x1234 at(1075,864)
[BIGPRIM] code=0x3c tp=0x28 span=2088x65 at(-1646,2098)
[BIGPRIM] code=0x3c tp=0x28 span=837x1318 at(148,748)
[BIGPRIM] code=0x3c tp=0x28 span=1317x1321 at(844,765)
[BIGPRIM] code=0x3a tp=0xa span=1020x770 at(130,-25)
[BIGPRIM] code=0x3c tp=0x28 span=1695x1099 at(-1292,999)
[BIGPRIM] code=0x3a tp=0xa span=1020x770 at(130,-25)
[BIGPRIM] code=0x3c tp=0x28 span=720x871 at(124,806)
[BIGPRIM] code=0x3c tp=0x28 span=2076x13 at(-1808,2407)
[BIGPRIM] code=0x3c tp=0x28 span=1392x1443 at(967,970)
[BIGPRIM] code=0x3c tp=0x28 span=1905x1330 at(-854,1083)
[BIGPRIM] code=0x3c tp=0x28 span=777x1221 at(511,813)
[BIGPRIM] code=0x3c tp=0x28 span=2142x800 at(-1988,1620)
[BIGPRIM] code=0x3a tp=0xa span=1020x770 at(130,-25)
[BIGPRIM] code=0x3c tp=0x28 span=1620x1481 at(814,932)
[BIGPRIM] code=0x3a tp=0xa span=1020x770 at(130,-25)
[BIGPRIM] code=0x3c tp=0x28 span=2265x1350 at(964,1063)
[BIGPRIM] code=0x3c tp=0x28 span=1758x1211 at(-1388,1202)
[BIGPRIM] code=0x3c tp=0x28 span=1680x7 at(-1388,2413)
[BIGPRIM] code=0x3c tp=0x28 span=2271x1340 at(982,1067)
[BIGPRIM] code=0x3c tp=0x28 span=1746x1199 at(-1364,1195)
[BIGPRIM] code=0x3c tp=0x28 span=1680x7 at(-1358,2394)
[BIGPRIM] code=0x3c tp=0x28 span=807x778 at(784,710)
[BIGPRIM] code=0x3c tp=0x28 span=1731x540 at(-968,2915)
[SH-XBOX] vblank 8400
[MEM] tick: free=2488KB (622 pages)
[BIGPRIM] code=0x3c tp=0x28 span=1260x1009 at(-941,797)
[BIGPRIM] code=0x3c tp=0x28 span=822x762 at(-542,658)
[BIGPRIM] code=0x3a tp=0xa span=1020x770 at(130,-25)
[BIGPRIM] code=0x3a tp=0xa span=1020x770 at(130,-25)
[BIGPRIM] code=0x3c tp=0x28 span=2109x682 at(-578,2966)
[BIGPRIM] code=0x3c tp=0x28 span=1101x1370 at(-686,732)
[BIGPRIM] code=0x3a tp=0xa span=1020x770 at(130,-25)
[BIGPRIM] code=0x3c tp=0x28 span=1053x1122 at(1051,729)
[BIGPRIM] code=0x3c tp=0x28 span=2160x755 at(991,2790)
[BIGPRIM] code=0x3c tp=0x28 span=2163x604 at(-302,2934)
[BIGPRIM] code=0x3c tp=0x28 span=2013x630 at(-1094,3005)
[COLL-MISS] cell(0,0) pos(0,0) activeCount=4
[COLL-MISS]   slot cell(-1,3) qIdx=21 loadState=2 isLoaded=1
[COLL-MISS]   slot cell(-1,4) qIdx=22 loadState=2 isLoaded=1
[COLL-MISS]   slot cell(-1,2) qIdx=44 loadState=2 isLoaded=1
[COLL-MISS]   slot cell(-2,3) qIdx=47 loadState=2 isLoaded=1
[BIGPRIM] code=0x3c tp=0x28 span=1923x604 at(-188,2896)
[BIGPRIM] code=0x3a tp=0xa span=1020x770 at(130,-25)
[BIGPRIM] code=0x3c tp=0x28 span=822x791 at(-344,742)
[BIGPRIM] code=0x3c tp=0x28 span=1065x1137 at(-593,810)
[BIGPRIM] code=0x3c tp=0x28 span=1854x1562 at(541,1616)
[BIGPRIM] code=0x3a tp=0xa span=1020x770 at(130,-25)
[BIGPRIM] code=0x3c tp=0x28 span=1689x463 at(418,2902)
[BIGPRIM] code=0x3a tp=0xa span=1020x770 at(130,-25)
[BIGPRIM] code=0x3c tp=0x28 span=951x1054 at(-11,858)
[CHNK] n=4 s0=-1,3,st3 s1=-1,4,st2 s2=-1,2,st3 s3=-2,3,st3
[BIGPRIM] code=0x3a tp=0xa span=1020x770 at(130,-25)
[BIGPRIM] code=0x3a tp=0xa span=1020x770 at(130,-25)
[BOOT0/TIM] PostLoadTim file=1153 'THR2501F.TIM' ss=0x4b36 img.u=0 img.v=0 tPage=0,25 clutX=112 clutY=0
[BOOT0/TIM] post ReadTIM: prect=0xfb6644 caddr=0xfb6580 paddr=0xfb664c mode=8
[BOOT0/TIM] pre pixel LoadImage rect=(576,256 64x256)
[BOOT0/TIM] pre CLUT LoadImage rect=(112,0 16x6)
[BOOT0/TIM] PostLoadTim done
[POOLSTOMP] upload (576,256 64x256) hits PINNED pool slot 7 'THR2501F' (576,256)
[TEXVRAM] 'THR2501F' tPage=[0,25] clutXY=(112,0) uv=(0,0)
[BIGPRIM] code=0x3c tp=0x28 span=2013x1565 at(-908,1652)
[BIGPRIM] code=0x3c tp=0x28 span=969x1357 at(919,790)
[BIGPRIM] code=0x3c tp=0x28 span=993x1219 at(820,793)
[BIGPRIM] code=0x3c tp=0x28 span=1542x411 at(655,3018)
[BIGPRIM] code=0x3c tp=0x28 span=936x1128 at(-407,787)
[BIGPRIM] code=0x3c tp=0x28 span=1659x1572 at(841,1626)
[BIGPRIM] code=0x3c tp=0x28 span=1515x1421 at(-170,1751)
[BIGPRIM] code=0x3c tp=0x28 span=1611x424 at(-470,2992)
[BIGPRIM] code=0x3a tp=0xa span=1020x770 at(130,-25)
[BIGPRIM] code=0x3c tp=0x28 span=1734x655 at(-1382,2626)
[BIGPRIM] code=0x3c tp=0x28 span=939x849 at(781,742)
[BIGPRIM] code=0x3a tp=0xa span=1020x770 at(130,-25)
[BIGPRIM] code=0x3a tp=0xa span=1020x770 at(130,-25)
[BIGPRIM] code=0x3c tp=0x28 span=1446x1138 at(-1052,906)
[BIGPRIM] code=0x3c tp=0x28 span=1251x1115 at(-794,874)
[BIGPRIM] code=0x3c tp=0x28 span=648x720 at(511,748)
[BIGPRIM] code=0x3a tp=0xa span=1020x770 at(130,-25)
[BIGPRIM] code=0x3c tp=0x28 span=849x945 at(949,739)
[BIGPRIM] code=0x3c tp=0x28 span=1911x1068 at(-944,2233)
[COLL-MISS] cell(0,0) pos(0,0) activeCount=4
[COLL-MISS]   slot cell(-1,3) qIdx=21 loadState=2 isLoaded=1
[COLL-MISS]   slot cell(-2,2) qIdx=50 loadState=2 isLoaded=1
[COLL-MISS]   slot cell(-1,2) qIdx=44 loadState=2 isLoaded=1
[COLL-MISS]   slot cell(-2,3) qIdx=47 loadState=2 isLoaded=1
[BIGPRIM] code=0x3c tp=0x28 span=1743x469 at(406,2979)
[BIGPRIM] code=0x3c tp=0x28 span=2097x1440 at(-878,1854)
[BIGPRIM] code=0x3c tp=0x28 span=2103x861 at(-1274,2510)
[BIGPRIM] code=0x3a tp=0xa span=1020x770 at(130,-25)
[BIGPRIM] code=0x3c tp=0x28 span=2115x560 at(-1388,2953)
[BIGPRIM] code=0x3c tp=0x28 span=2115x45 at(-572,2079)
[BIGPRIM] code=0x3c tp=0x28 span=1515x1215 at(-656,864)
[BIGPRIM] code=0x3a tp=0xa span=1020x770 at(130,-25)
[BIGPRIM] code=0x3c tp=0x28 span=2127x938 at(238,1160)
[BIGPRIM] code=0x3c tp=0x28 span=1029x926 at(-656,726)
[BIGPRIM] code=0x3c tp=0x28 span=2148x459 at(-1880,1652)
[BIGPRIM] code=0x3c tp=0x28 span=1503x1295 at(832,771)
[BIGPRIM] code=0x3c tp=0x28 span=2115x45 at(-572,2079)
[BIGPRIM] code=0x3c tp=0x28 span=1515x1215 at(-656,864)
[BIGPRIM] code=0x3a tp=0xa span=1020x770 at(130,-25)
[BIGPRIM] code=0x3c tp=0x28 span=2127x938 at(238,1160)
[BIGPRIM] code=0x3c tp=0x28 span=1029x926 at(-656,726)
[BIGPRIM] code=0x3c tp=0x28 span=2148x459 at(-1880,1652)
[BIGPRIM] code=0x3c tp=0x28 span=1503x1295 at(832,771)
[BIGPRIM] code=0x3c tp=0x28 span=2115x45 at(-572,2079)
[BIGPRIM] code=0x3c tp=0x28 span=2148x103 at(-1880,2008)
[BIGPRIM] code=0x3c tp=0x28 span=1287x1218 at(586,861)
[BIGPRIM] code=0x3c tp=0x28 span=984x1292 at(-158,774)
[BIGPRIM] code=0x3c tp=0x28 span=1410x1228 at(-572,851)
[BIGPRIM] code=0x3a tp=0xa span=1020x770 at(130,-25)
[BIGPRIM] code=0x3a tp=0xa span=1020x770 at(130,-25)
[BIGPRIM] code=0x3c tp=0x28 span=1680x1238 at(-1532,835)
[BIGPRIM] code=0x3c tp=0x28 span=2136x861 at(-1556,1237)
[BIGPRIM] code=0x3a tp=0xa span=1020x770 at(130,-25)
[BIGPRIM] code=0x3c tp=0x28 span=1143x1478 at(22,826)
[BIGPRIM] code=0x3c tp=0x28 span=1041x672 at(-821,703)
[BIGPRIM] code=0x3c tp=0x28 span=1944x1222 at(-1766,1526)
[BIGPRIM] code=0x3c tp=0x28 span=1395x1076 at(-1235,765)
[BIGPRIM] code=0x3c tp=0x28 span=1497x1546 at(82,1060)
[BIGPRIM] code=0x3c tp=0x28 span=852x807 at(544,726)
[BIGPRIM] code=0x3c tp=0x28 span=1935x1488 at(-1406,1157)
[BIGPRIM] code=0x3c tp=0x28 span=1491x1389 at(484,1076)
[BIGPRIM] code=0x3c tp=0x28 span=1491x1295 at(502,1266)
[BIGPRIM] code=0x3c tp=0x28 span=1842x309 at(-1322,2484)
[BIGPRIM] code=0x3a tp=0xa span=1020x770 at(130,-25)
[BIGPRIM] code=0x3c tp=0x28 span=1506x1494 at(799,887)
[BIGPRIM] code=0x3c tp=0x28 span=1494x1456 at(799,945)
[BIGPRIM] code=0x3c tp=0x28 span=1839x309 at(454,2413)
[BIGPRIM] code=0x3c tp=0x28 span=1998x1546 at(-1754,855)
[BIGPRIM] code=0x3c tp=0x28 span=1692x1433 at(-980,1051)
[COLL-MISS] cell(0,0) pos(0,0) activeCount=4
[COLL-MISS]   slot cell(-1,3) qIdx=21 loadState=2 isLoaded=1
[COLL-MISS]   slot cell(-2,2) qIdx=50 loadState=2 isLoaded=1
[COLL-MISS]   slot cell(-1,2) qIdx=44 loadState=2 isLoaded=1
[COLL-MISS]   slot cell(-2,3) qIdx=47 loadState=2 isLoaded=1
[BIGPRIM] code=0x3c tp=0x28 span=1632x276 at(-1010,2465)
[BIGPRIM] code=0x3c tp=0x28 span=1644x283 at(691,2452)
[SH-XBOX] vblank 9000
[MEM] tick: free=2488KB (622 pages)
[BIGPRIM] code=0x3c tp=0x28 span=888x733 at(-374,716)
[BIGPRIM] code=0x3c tp=0x28 span=1986x335 at(739,2368)
[BIGPRIM] code=0x3c tp=0x28 span=1635x1604 at(-1352,784)
[BIGPRIM] code=0x3a tp=0xa span=1020x770 at(130,-25)
[BIGPRIM] code=0x3c tp=0x28 span=1245x1498 at(-53,851)
[BIGPRIM] code=0x3c tp=0x28 span=2169x1376 at(-950,1160)
[BIGPRIM] code=0x3c tp=0x28 span=1329x1196 at(1099,729)
[BIGPRIM] code=0x3c tp=0x28 span=1224x1549 at(-350,774)
[BIGPRIM] code=0x3a tp=0xa span=1020x770 at(130,-25)
[BIGPRIM] code=0x3c tp=0x28 span=1806x283 at(-1580,2343)
[BIGPRIM] code=0x3a tp=0xa span=1020x770 at(130,-25)
[BIGPRIM] code=0x3c tp=0x28 span=1983x1212 at(922,1163)
[GP-STATE-TXN] Gameplay -> sysState=10 (param=11)
[BIGPRIM] code=0x3a tp=0xa span=1020x770 at(130,-25)
[BIGPRIM] code=0x3c tp=0x28 span=768x1035 at(-437,1108)
[BIGPRIM] code=0x3c tp=0x28 span=723x916 at(1075,1089)
[BIGPRIM] code=0x3a tp=0x40 span=1020x52 at(130,668)
[BIGPRIM] code=0x3c tp=0x28 span=864x1166 at(-572,1202)
[BIGPRIM] code=0x3a tp=0x40 span=1020x51 at(130,0)
[BIGPRIM] code=0x3c tp=0x28 span=870x1617 at(-185,1414)
[BIGPRIM] code=0x3c tp=0x28 span=1593x531 at(-56,3117)
[BIGPRIM] code=0x3c tp=0x28 span=582x874 at(688,1115)
[BIGPRIM] code=0x3c tp=0x28 span=2034x997 at(-1568,2651)
[BIGPRIM] code=0x3c tp=0x28 span=2028x932 at(-1568,2716)
[BIGPRIM] code=0x3c tp=0x28 span=2025x865 at(-1568,2783)
[BIGPRIM] code=0x3c tp=0x28 span=2019x797 at(-1568,2851)
[BIGPRIM] code=0x3c tp=0x28 span=2019x797 at(-1568,2851)
[BIGPRIM] code=0x3c tp=0x28 span=2019x797 at(-1568,2851)
[BIGPRIM] code=0x3c tp=0x28 span=2019x797 at(-1568,2851)
[BIGPRIM] code=0x3c tp=0x28 span=2019x797 at(-1568,2851)
[BIGPRIM] code=0x3c tp=0x28 span=2019x797 at(-1568,2851)
[BIGPRIM] code=0x3c tp=0x28 span=2019x797 at(-1568,2851)
[BIGPRIM] code=0x3c tp=0x28 span=2019x797 at(-1568,2851)
[BIGPRIM] code=0x3c tp=0x28 span=2019x797 at(-1568,2851)
[BIGPRIM] code=0x3c tp=0x28 span=2019x797 at(-1568,2851)
[BIGPRIM] code=0x3c tp=0x28 span=2019x797 at(-1568,2851)
[BIGPRIM] code=0x3c tp=0x28 span=2019x797 at(-1568,2851)
[CHNK] n=4 s0=-1,3,st3 s1=-2,2,st3 s2=-1,2,st3 s3=-2,3,st3
[BIGPRIM] code=0x3c tp=0x28 span=2019x797 at(-1568,2851)
[BIGPRIM] code=0x3c tp=0x28 span=2019x797 at(-1568,2851)
[BIGPRIM] code=0x3c tp=0x28 span=2019x797 at(-1568,2851)
[BIGPRIM] code=0x3c tp=0x28 span=2019x797 at(-1568,2851)
[BIGPRIM] code=0x3c tp=0x28 span=2019x797 at(-1568,2851)
[BIGPRIM] code=0x3c tp=0x28 span=2019x797 at(-1568,2851)
[BIGPRIM] code=0x3c tp=0x28 span=2019x797 at(-1568,2851)
[BIGPRIM] code=0x3c tp=0x28 span=2019x797 at(-1568,2851)
[BIGPRIM] code=0x3c tp=0x28 span=2019x797 at(-1568,2851)
[BIGPRIM] code=0x3c tp=0x28 span=2019x797 at(-1568,2851)
[BIGPRIM] code=0x3c tp=0x28 span=2019x797 at(-1568,2851)
[BIGPRIM] code=0x3a tp=0x40 span=1020x52 at(130,668)
[BIGPRIM] code=0x3c tp=0x28 span=2139x1508 at(-1040,1793)
[BIGPRIM] code=0x3a tp=0x40 span=1020x51 at(130,0)
[BIGPRIM] code=0x3c tp=0x28 span=726x791 at(550,922)
[BIGPRIM] code=0x3c tp=0x28 span=768x894 at(478,954)
[BIGPRIM] code=0x3c tp=0x28 span=828x1045 at(388,999)
[BIGPRIM] code=0x3a tp=0x40 span=1020x52 at(130,668)
[BIGPRIM] code=0x3c tp=0x28 span=2103x813 at(358,2616)
[BIGPRIM] code=0x3a tp=0x40 span=1020x51 at(130,0)
[BIGPRIM] code=0x3c tp=0x28 span=2085x399 at(88,3127)
[BIGPRIM] code=0x3a tp=0x40 span=1020x51 at(130,0)
[BIGPRIM] code=0x3c tp=0x28 span=2049x887 at(394,2529)
[BIGPRIM] code=0x3a tp=0xa span=1020x770 at(130,-25)
[BIGPRIM] code=0x3c tp=0x28 span=1179x1209 at(1003,1076)
[BIGPRIM] code=0x3c tp=0x28 span=807x936 at(217,1002)
[BIGPRIM] code=0x3c tp=0x28 span=912x778 at(-434,954)
[BIGPRIM] code=0x3a tp=0x40 span=1020x51 at(130,0)
[BIGPRIM] code=0x3a tp=0x40 span=1020x51 at(130,0)
[BIGPRIM] code=0x3a tp=0xa span=1020x770 at(130,-25)
[BIGPRIM] code=0x3a tp=0x40 span=1020x51 at(130,0)
[BIGPRIM] code=0x3c tp=0x28 span=1839x1372 at(-992,1922)
[BIGPRIM] code=0x3c tp=0x28 span=1878x367 at(-1478,3281)
[BIGPRIM] code=0x3c tp=0x28 span=981x939 at(847,1031)
[BIGPRIM] code=0x3c tp=0x28 span=843x900 at(13,1022)
[BIGPRIM] code=0x3c tp=0x28 span=1758x1405 at(-962,1870)
[BIGPRIM] code=0x3a tp=0x40 span=1020x52 at(130,668)
[BOOT0/TIM] PostLoadTim file=1154 'THR2601F.TIM' ss=0x4b47 img.u=0 img.v=0 tPage=0,22 clutX=64 clutY=0
[BOOT0/TIM] post ReadTIM: prect=0xfb6784 caddr=0xfb6580 paddr=0xfb678c mode=8
[BOOT0/TIM] pre pixel LoadImage rect=(384,256 64x256)
[BOOT0/TIM] pre CLUT LoadImage rect=(64,0 16x16)
[BOOT0/TIM] PostLoadTim done
[POOLSTOMP] upload (384,256 64x256) hits PINNED pool slot 4 'THR2601F' (384,256)
[TEXVRAM] 'THR2601F' tPage=[0,22] clutXY=(64,0) uv=(0,0)
[BIGPRIM] code=0x3c tp=0x28 span=1734x372 at(-1118,3166)
[BIGPRIM] code=0x3a tp=0x40 span=1020x51 at(130,0)
[BIGPRIM] code=0x3c tp=0x28 span=1629x348 at(538,3178)
[BIGPRIM] code=0x3a tp=0xa span=1020x770 at(130,-25)
[BIGPRIM] code=0x3c tp=0x28 span=1533x1536 at(634,1642)
[BIGPRIM] code=0x3a tp=0x40 span=1020x52 at(130,668)
[BIGPRIM] code=0x3c tp=0x28 span=945x852 at(616,1089)
[BIGPRIM] code=0x3a tp=0x40 span=1020x52 at(130,668)
[BIGPRIM] code=0x3c tp=0x28 span=1563x1199 at(-974,2121)
[BIGPRIM] code=0x3c tp=0x28 span=1566x1102 at(-986,2192)
[BIGPRIM] code=0x3c tp=0x28 span=1566x1012 at(-998,2224)
[BIGPRIM] code=0x3c tp=0x28 span=1566x906 at(-1010,2240)
[BIGPRIM] code=0x3c tp=0x28 span=1566x887 at(-1016,2201)
[BIGPRIM] code=0x3c tp=0x28 span=1572x916 at(-1022,2134)
[BIGPRIM] code=0x3c tp=0x28 span=1788x1102 at(-1619,932)
[BIGPRIM] code=0x3c tp=0x28 span=1533x1067 at(514,1944)
[BIGPRIM] code=0x3c tp=0x28 span=1611x1264 at(-1028,1182)
[BIGPRIM] code=0x3c tp=0x28 span=1614x1264 at(-1034,1182)
[BIGPRIM] code=0x3c tp=0x28 span=1569x1064 at(244,1427)
[BIGPRIM] code=0x3c tp=0x28 span=1569x842 at(232,1655)
[BIGPRIM] code=0x3c tp=0x28 span=1977x1196 at(943,880)
[BIGPRIM] code=0x3c tp=0x28 span=1569x1405 at(190,925)
[RA] watch 84008: state=2 unlocked=1786116799 flags[4B4]=00 flags[4A1]=00 word4=0x00000000 setbits=9 map=0/8
[BIGPRIM] code=0x3c tp=0x28 span=1569x161 at(172,2381)
[BIGPRIM] code=0x3a tp=0xa span=1020x770 at(130,-25)
[BIGPRIM] code=0x3c tp=0x28 span=1569x1338 at(154,1108)
[BIGPRIM] code=0x3c tp=0x28 span=2232x1427 at(1039,999)
[BIGPRIM] code=0x3c tp=0x28 span=2280x1511 at(1015,877)
[BIGPRIM] code=0x3c tp=0x28 span=2301x1549 at(994,781)
[BIGPRIM] code=0x3c tp=0x28 span=1569x1028 at(220,2015)
[BIGPRIM] code=0x3a tp=0xa span=1020x770 at(130,-25)
[BIGPRIM] code=0x3c tp=0x3b span=15x739 at(715,1539)
[BIGPRIM] code=0x3c tp=0x28 span=1569x553 at(220,3095)
[BIGPRIM] code=0x3c tp=0x28 span=1047x694 at(943,437)
[BIGPRIM] code=0x3a tp=0xa span=1020x770 at(130,-25)
[BIGPRIM] code=0x3c tp=0x28 span=1569x977 at(220,2671)
[BIGPRIM] code=0x3c tp=0x28 span=1497x1421 at(1084,816)
[BIGPRIM] code=0x3c tp=0x39 span=186x720 at(88,-2198)
[BIGPRIM] code=0x3c tp=0x39 span=324x868 at(-155,-2931)
[BIGPRIM] code=0x3c tp=0x28 span=1677x707 at(-1316,2941)
[BIGPRIM] code=0x3c tp=0x28 span=810x1003 at(-347,1263)
[BIGPRIM] code=0x3c tp=0x28 span=876x1218 at(-431,2079)
[BIGPRIM] code=0x3c tp=0x28 span=876x1228 at(-434,2089)
[BIGPRIM] code=0x3c tp=0x28 span=876x1228 at(-434,2092)
[BIGPRIM] code=0x3c tp=0x28 span=876x1231 at(-434,2095)
[BIGPRIM] code=0x3c tp=0x28 span=876x1232 at(-431,2098)
[BIGPRIM] code=0x3c tp=0x28 span=882x1237 at(-437,2115)
[BIGPRIM] code=0x3c tp=0x28 span=882x1237 at(-437,2115)
[BIGPRIM] code=0x3c tp=0x28 span=876x1231 at(-431,2102)
[BIGPRIM] code=0x3c tp=0x28 span=876x1231 at(-434,2102)
[BIGPRIM] code=0x3c tp=0x28 span=828x1067 at(418,1308)
[BIGPRIM] code=0x3c tp=0x28 span=744x826 at(439,623)
[BIGPRIM] code=0x3c tp=0x28 span=1026x983 at(1054,691)
[BIGPRIM] code=0x3c tp=0x28 span=1089x1212 at(-620,771)
[BIGPRIM] code=0x3c tp=0x39 span=183x749 at(103,-2163)
[COLL-MISS] cell(-2,1) pos(-61,48) activeCount=4
[COLL-MISS]   slot cell(-3,2) qIdx=52 loadState=2 isLoaded=1
[COLL-MISS]   slot cell(-2,2) qIdx=50 loadState=2 isLoaded=1
[COLL-MISS]   slot cell(-1,2) qIdx=44 loadState=2 isLoaded=1
[COLL-MISS]   slot cell(-2,3) qIdx=47 loadState=2 isLoaded=1
[BIGPRIM] code=0x3c tp=0x39 span=462x948 at(-314,-1848)
[BIGPRIM] code=0x3c tp=0x28 span=1020x688 at(946,408)
[BIGPRIM] code=0x3c tp=0x28 span=861x758 at(409,469)
[BIGPRIM] code=0x3c tp=0x28 span=963x858 at(382,533)
[BIGPRIM] code=0x3c tp=0x28 span=1569x1508 at(220,1600)
[BIGPRIM] code=0x3c tp=0x28 span=1458x1202 at(-950,665)
[BIGPRIM] code=0x3c tp=0x28 span=1539x749 at(-1316,2269)
[BIGPRIM] code=0x3a tp=0xa span=1020x770 at(130,-25)
[BIGPRIM] code=0x3c tp=0x39 span=432x726 at(-275,-906)
[BIGPRIM] code=0x3c tp=0x28 span=1569x341 at(178,2439)
[SH-XBOX] vblank 9600
[MEM] tick: free=2488KB (622 pages)
[BIGPRIM] code=0x3c tp=0x28 span=1356x852 at(811,822)
[BIGPRIM] code=0x3c tp=0x28 span=1632x1224 at(757,887)
[BIGPRIM] code=0x3c tp=0x28 span=1698x1420 at(697,948)
[BIGPRIM] code=0x3c tp=0x28 span=1569x1344 at(592,1018)
[BIGPRIM] code=0x3c tp=0x28 span=1569x1244 at(364,1118)
[BIGPRIM] code=0x3a tp=0xa span=1020x770 at(130,-25)
[BIGPRIM] code=0x3c tp=0x28 span=993x653 at(-458,803)
[BIGPRIM] code=0x3c tp=0x28 span=1620x549 at(-1304,1864)
[BIGPRIM] code=0x3c tp=0x28 span=2130x1115 at(1123,1144)
[BIGPRIM] code=0x3c tp=0x28 span=1506x836 at(916,822)
[BIGPRIM] code=0x3a tp=0xa span=1020x770 at(130,-25)
[BIGPRIM] code=0x3c tp=0x28 span=1212x1202 at(-860,1031)
[BIGPRIM] code=0x3c tp=0x28 span=1569x1012 at(-512,1260)
[BIGPRIM] code=0x3c tp=0x28 span=690x929 at(-458,816)
[BIGPRIM] code=0x3a tp=0xa span=1020x770 at(130,-25)
[BIGPRIM] code=0x3c tp=0x28 span=1977x1144 at(-1640,1096)
[GP-STATE-TXN] Gameplay -> sysState=10 (param=8)
[BIGPRIM] code=0x3c tp=0x28 span=1533x852 at(-602,1452)
[BIGPRIM] code=0x3c tp=0x28 span=2013x807 at(-218,1934)
[BIGPRIM] code=0x3c tp=0x28 span=1992x270 at(-1730,2523)
[BIGPRIM] code=0x3c tp=0x28 span=1860x1305 at(-251,1366)
[BIGPRIM] code=0x3c tp=0x28 span=972x1125 at(-176,784)
[BIGPRIM] code=0x3c tp=0x28 span=1686x1401 at(-143,1250)
[BIGPRIM] code=0x3a tp=0xa span=1020x770 at(130,-25)
[BIGPRIM] code=0x3c tp=0x28 span=2037x1594 at(748,980)
[BIGPRIM] code=0x3c tp=0x28 span=2025x257 at(70,2568)
[BIGPRIM] code=0x3c tp=0x28 span=900x996 at(-125,768)
[CHNK] n=4 s0=-3,2,st3 s1=-2,2,st3 s2=-1,2,st2 s3=-2,3,st3
[BIGPRIM] code=0x3c tp=0x28 span=1644x1424 at(-119,1221)
[BIGPRIM] code=0x3a tp=0xa span=1020x770 at(130,-25)
[BIGPRIM] code=0x3c tp=0x28 span=2001x1597 at(745,977)
[BIGPRIM] code=0x3c tp=0x28 span=2025x257 at(16,2542)
[BIGPRIM] code=0x3a tp=0xa span=1020x770 at(130,-25)
[BIGPRIM] code=0x3c tp=0x28 span=2007x646 at(-212,2012)
[BIGPRIM] code=0x3c tp=0x28 span=1962x1517 at(-1814,954)
[COLL-MISS] cell(-2,1) pos(-61,48) activeCount=4
[COLL-MISS]   slot cell(-3,2) qIdx=52 loadState=2 isLoaded=1
[COLL-MISS]   slot cell(-2,2) qIdx=50 loadState=2 isLoaded=1
[COLL-MISS]   slot cell(-1,2) qIdx=44 loadState=2 isLoaded=1
[COLL-MISS]   slot cell(-2,3) qIdx=47 loadState=2 isLoaded=1
[BIGPRIM] code=0x3a tp=0xa span=1020x770 at(130,-25)
[BIGPRIM] code=0x3c tp=0x28 span=1035x771 at(1054,742)
[BIGPRIM] code=0x3c tp=0x28 span=1995x617 at(-236,1912)
[BIGPRIM] code=0x3c tp=0x28 span=1305x1488 at(-284,855)
[BIGPRIM] code=0x3c tp=0x28 span=1956x200 at(-1760,2336)
[BIGPRIM] code=0x3c tp=0x28 span=1908x1402 at(-1754,986)
[BIGPRIM] code=0x3c tp=0x28 span=1956x199 at(-1736,2349)
[BIGPRIM] code=0x3c tp=0x28 span=1386x1475 at(-224,906)
[BIGPRIM] code=0x3a tp=0xa span=1020x770 at(130,-25)
[BIGPRIM] code=0x3c tp=0x28 span=2115x1559 at(-1916,874)
[BIGPRIM] code=0x3a tp=0xa span=1020x770 at(130,-25)
[BIGPRIM] code=0x3c tp=0x28 span=2118x1273 at(1015,1308)
[BIGPRIM] code=0x3c tp=0x28 span=1824x1456 at(-1676,1092)
[BIGPRIM] code=0x3c tp=0x28 span=1533x1108 at(-806,1260)
[BIGPRIM] code=0x3c tp=0x28 span=1623x727 at(-1454,806)
[BIGPRIM] code=0x3c tp=0x28 span=1635x900 at(-1154,1539)
[BIGPRIM] code=0x3c tp=0x28 span=1011x736 at(-416,806)
[BIGPRIM] code=0x3c tp=0x28 span=963x771 at(622,826)
[BIGPRIM] code=0x3a tp=0xa span=1020x770 at(130,-25)
[BIGPRIM] code=0x3c tp=0x28 span=2265x1151 at(1123,877)
[BIGPRIM] code=0x3c tp=0x28 span=1536x154 at(937,2317)
[BIGPRIM] code=0x3c tp=0x28 span=1746x1604 at(-1592,1247)
[BIGPRIM] code=0x3a tp=0xa span=1020x770 at(130,-25)
[BIGPRIM] code=0x3a tp=0xa span=1020x770 at(130,-25)
[BIGPRIM] code=0x3a tp=0xa span=1020x770 at(130,-25)
[BIGPRIM] code=0x3c tp=0x28 span=978x685 at(-611,777)
[BIGPRIM] code=0x3c tp=0x28 span=1557x1247 at(-8,1668)
[BIGPRIM] code=0x3c tp=0x28 span=1194x887 at(-797,835)
[BIGPRIM] code=0x3c tp=0x28 span=1692x1552 at(823,945)
[BIGPRIM] code=0x3c tp=0x28 span=1878x1482 at(-1502,1317)
[BIGPRIM] code=0x3c tp=0x28 span=1308x1228 at(-761,912)
[BIGPRIM] code=0x3a tp=0xa span=1020x770 at(130,-25)
[BIGPRIM] code=0x3c tp=0x28 span=1569x952 at(532,1989)
[BIGPRIM] code=0x3c tp=0x28 span=1533x1629 at(-866,1170)
[BIGPRIM] code=0x3c tp=0x28 span=1158x697 at(-851,829)
[BIGPRIM] code=0x3c tp=0x28 span=1533x1013 at(-788,1934)
[BIGPRIM] code=0x3c tp=0x28 span=1569x393 at(-716,2593)
[BIGPRIM] code=0x3c tp=0x28 span=1533x1604 at(-302,1157)
[BIGPRIM] code=0x3c tp=0x28 span=1704x832 at(-1532,2115)
[BIGPRIM] code=0x3c tp=0x2c span=972x661 at(-1217,-514)
[BIGPRIM] code=0x3c tp=0x28 span=1302x1292 at(-719,941)
[BIGPRIM] code=0x3c tp=0x2c span=1224x1131 at(-1952,-1166)
[BIGPRIM] code=0x3c tp=0x28 span=1563x270 at(454,2844)
[BIGPRIM] code=0x3c tp=0x28 span=1605x1324 at(-1022,1578)
[BIGPRIM] code=0x3c tp=0x28 span=1797x1115 at(-1598,919)
[BIGPRIM] code=0x3c tp=0x2c span=858x725 at(1123,-610)
[BIGPRIM] code=0x3c tp=0x2c span=1296x1112 at(-2381,-2044)
[BIGPRIM] code=0x3c tp=0x2c span=1044x868 at(-1226,-986)
[COLL-MISS] cell(-2,1) pos(-61,48) activeCount=4
[COLL-MISS]   slot cell(-3,2) qIdx=52 loadState=2 isLoaded=1
[COLL-MISS]   slot cell(-2,2) qIdx=50 loadState=2 isLoaded=1
[COLL-MISS]   slot cell(-1,2) qIdx=44 loadState=2 isLoaded=1
[COLL-MISS]   slot cell(-2,3) qIdx=47 loadState=2 isLoaded=1
[BIGPRIM] code=0x3c tp=0x28 span=1533x1498 at(604,1359)
[BIGPRIM] code=0x3c tp=0x2c span=1278x1175 at(1966,-1073)
[BIGPRIM] code=0x3c tp=0x2c span=882x759 at(1810,-1202)
[BIGPRIM] code=0x3c tp=0x2c span=1788x1594 at(-2210,-2137)
[BIGPRIM] code=0x3c tp=0x2c span=1728x1593 at(2434,-1539)
[BIGPRIM] code=0x3c tp=0x2c span=1704x1356 at(2857,-2188)
[BIGPRIM] code=0x3c tp=0x28 span=1221x682 at(1006,819)
[BIGPRIM] code=0x3c tp=0x2c span=1524x1439 at(2470,-1282)
[BIGPRIM] code=0x3c tp=0x28 span=1344x1494 at(-680,964)
[BIGPRIM] code=0x3c tp=0x2c span=1308x1093 at(2017,-1163)
[BIGPRIM] code=0x3a tp=0xa span=1020x770 at(130,-25)
[BIGPRIM] code=0x3c tp=0x28 span=1047x553 at(991,790)
[BIGPRIM] code=0x3c tp=0x28 span=1338x1405 at(655,967)
[BOOT0/TIM] PostLoadTim file=1152 'THR2401F.TIM' ss=0x4b25 img.u=0 img.v=0 tPage=0,23 clutX=80 clutY=0
[BOOT0/TIM] post ReadTIM: prect=0xfb66c4 caddr=0xfb6580 paddr=0xfb66cc mode=8
[BOOT0/TIM] pre pixel LoadImage rect=(448,256 64x256)
[BOOT0/TIM] pre CLUT LoadImage rect=(80,0 16x10)
[BOOT0/TIM] PostLoadTim done
[POOLSTOMP] upload (448,256 64x256) hits PINNED pool slot 5 'THR2401F' (448,256)
[TEXVRAM] 'THR2401F' tPage=[0,23] clutXY=(80,0) uv=(0,0)
[BIGPRIM] code=0x3c tp=0x28 span=1290x716 at(1024,842)
[BIGPRIM] code=0x3c tp=0x28 span=1542x270 at(673,2780)
[BIGPRIM] code=0x3c tp=0x28 span=1050x1009 at(655,906)
[BIGPRIM] code=0x3c tp=0x28 span=1548x270 at(667,2831)
[BIGPRIM] code=0x3a tp=0xa span=1020x770 at(130,-25)
[BIGPRIM] code=0x3c tp=0x28 span=1545x1386 at(664,1497)
[BIGPRIM] code=0x3c tp=0x28 span=1539x277 at(-860,2741)
[BIGPRIM] code=0x3c tp=0x2c span=942x866 at(1363,-838)
[BIGPRIM] code=0x3c tp=0x2c span=906x720 at(1588,-1166)
[BIGPRIM] code=0x3c tp=0x2c span=882x829 at(1492,-723)
[BIGPRIM] code=0x3c tp=0x28 span=2259x1481 at(-2063,977)
[BIGPRIM] code=0x3c tp=0x2c span=1302x861 at(1759,-726)
[BIGPRIM] code=0x3c tp=0x2c span=846x758 at(1633,-893)
[BIGPRIM] code=0x3c tp=0x2c span=942x804 at(1573,-1414)
[BIGPRIM] code=0x3c tp=0x2c span=1320x1222 at(2197,-1684)
[BIGPRIM] code=0x3c tp=0x2c span=1764x1633 at(1990,-1787)
[BIGPRIM] code=0x3c tp=0x2c span=858x725 at(1342,-594)
[BIGPRIM] code=0x3c tp=0x2c span=882x738 at(-1499,-710)
[BIGPRIM] code=0x3c tp=0x2c span=984x667 at(-1433,-520)
[BIGPRIM] code=0x3c tp=0x2c span=858x791 at(-1037,-1009)
[BIGPRIM] code=0x3c tp=0x2c span=1206x919 at(-2123,-604)
[BIGPRIM] code=0x3c tp=0x2c span=1200x1067 at(-2096,-1221)
[BIGPRIM] code=0x3c tp=0x2c span=1356x1209 at(2215,-1565)
[BIGPRIM] code=0x3a tp=0xa span=1020x770 at(130,-25)
[BIGPRIM] code=0x3c tp=0x2c span=1146x913 at(-2030,-1539)
[BIGPRIM] code=0x3a tp=0xa span=1020x770 at(130,-25)
[BIGPRIM] code=0x3c tp=0x2c span=1266x1170 at(-1826,-1600)
[BIGPRIM] code=0x3c tp=0x2c span=1626x1111 at(-2774,-1025)
[BIGPRIM] code=0x3a tp=0xa span=1020x770 at(130,-25)
[BIGPRIM] code=0x3c tp=0x28 span=2316x1466 at(1108,973)
[BIGPRIM] code=0x3c tp=0x28 span=822x736 at(-158,842)
[BIGPRIM] code=0x3a tp=0xa span=1020x770 at(130,-25)
[BIGPRIM] code=0x3c tp=0x28 span=1533x1202 at(-860,1719)
[BIGPRIM] code=0x3c tp=0x28 span=1011x527 at(988,784)
[BIGPRIM] code=0x3c tp=0x28 span=1266x1312 at(655,954)
[BIGPRIM] code=0x3c tp=0x28 span=1212x691 at(-926,832)
[SH-XBOX] vblank 10200
[MEM] tick: free=2488KB (622 pages)
[BIGPRIM] code=0x3c tp=0x2c span=786x738 at(1780,-620)
[BIGPRIM] code=0x3c tp=0x2c span=918x776 at(1363,-748)
[BIGPRIM] code=0x3c tp=0x2c span=1170x796 at(1669,-668)
[BIGPRIM] code=0x3c tp=0x2c span=966x912 at(2050,-822)
[BIGPRIM] code=0x3c tp=0x28 span=1614x955 at(1057,893)
[BIGPRIM] code=0x3c tp=0x2c span=1110x757 at(-1568,-520)
[BIGPRIM] code=0x3c tp=0x2c span=1566x1040 at(2680,-925)
[BIGPRIM] code=0x3c tp=0x2c span=1284x1087 at(1651,-1141)
[BIGPRIM] code=0x3c tp=0x2c span=1146x984 at(2530,-1777)
[BIGPRIM] code=0x3c tp=0x28 span=1533x1514 at(-854,1330)
[BIGPRIM] code=0x3c tp=0x2c span=990x829 at(1945,-928)
[BIGPRIM] code=0x3c tp=0x2c span=1572x1072 at(-2486,-835)
[BIGPRIM] code=0x3c tp=0x28 span=1890x1157 at(1075,919)
[BIGPRIM] code=0x3c tp=0x2c span=1110x848 at(-1385,-540)
[BIGPRIM] code=0x3c tp=0x2c span=2022x1608 at(-3443,-2626)
[BIGPRIM] code=0x3c tp=0x2c span=2304x1574 at(-3584,-1337)
[BIGPRIM] code=0x3c tp=0x2c span=1488x1240 at(2590,-1510)
[BIGPRIM] code=0x3c tp=0x2c span=1596x1220 at(-2267,-880)
[BIGPRIM] code=0x3c tp=0x2c span=1500x1254 at(-2219,-1369)
[BIGPRIM] code=0x3c tp=0x28 span=1101x592 at(1000,803)
[BIGPRIM] code=0x3c tp=0x2c span=1764x1497 at(-2420,-1305)
[BIGPRIM] code=0x3c tp=0x28 span=1536x813 at(673,2153)
[BIGPRIM] code=0x3c tp=0x28 span=1557x1623 at(658,1176)
[BIGPRIM] code=0x3c tp=0x28 span=852x749 at(652,848)
[BIGPRIM] code=0x3a tp=0xa span=1020x770 at(130,-25)
[BIGPRIM] code=0x3a tp=0xa span=1020x770 at(130,-25)
[BIGPRIM] code=0x3c tp=0x28 span=1119x617 at(-821,813)
[BIGPRIM] code=0x3c tp=0x28 span=1002x986 at(-332,900)
[BIGPRIM] code=0x3c tp=0x28 span=1548x270 at(667,2806)
[BIGPRIM] code=0x3c tp=0x2c span=882x745 at(1525,-630)
[BIGPRIM] code=0x3c tp=0x2c span=966x765 at(2545,-1137)
[BIGPRIM] code=0x3a tp=0xa span=1020x770 at(130,-25)
[BIGPRIM] code=0x3c tp=0x2c span=1170x1080 at(3007,-1324)
[BIGPRIM] code=0x3c tp=0x2c span=1386x1099 at(3016,-1729)
[BIGPRIM] code=0x3c tp=0x28 span=1641x968 at(1060,896)
[BIGPRIM] code=0x3c tp=0x28 span=2247x1481 at(-2048,977)
[BIGPRIM] code=0x3c tp=0x28 span=1539x276 at(-860,2767)
[BIGPRIM] code=0x3c tp=0x28 span=1014x550 at(-704,787)
[BIGPRIM] code=0x3a tp=0xa span=1020x770 at(130,-25)
[BIGPRIM] code=0x3c tp=0x28 span=1536x582 at(673,2404)
[BIGPRIM] code=0x3c tp=0x28 span=1533x1337 at(-854,1552)
[BIGPRIM] code=0x3a tp=0xa span=1020x770 at(130,-25)
[BIGPRIM] code=0x3c tp=0x28 span=1275x1372 at(-602,951)
[BIGPRIM] code=0x3c tp=0x28 span=1020x1009 at(-350,906)
[BIGPRIM] code=0x3c tp=0x28 span=1545x277 at(-866,2831)
[CHNK] n=4 s0=-3,2,st2 s1=-2,2,st3 s2=-1,2,st2 s3=-2,1,st3
[BIGPRIM] code=0x3c tp=0x28 span=1539x810 at(670,2156)
[BIGPRIM] code=0x3c tp=0x28 span=1233x678 at(1018,832)
[BIGPRIM] code=0x3c tp=0x28 span=1545x277 at(-866,2741)
[BIGPRIM] code=0x3c tp=0x28 span=1533x1282 at(-860,1626)
[BIGPRIM] code=0x3a tp=0xa span=1020x770 at(130,-25)
[BIGPRIM] code=0x3c tp=0x28 span=1545x276 at(-866,2825)
[BIGPRIM] code=0x3c tp=0x2c span=900x829 at(-1232,-896)
[BIGPRIM] code=0x3c tp=0x28 span=1257x723 at(-977,842)
[BIGPRIM] code=0x3c tp=0x2c span=1074x712 at(2050,-462)
[BIGPRIM] code=0x3a tp=0xa span=1020x770 at(130,-25)
[BIGPRIM] code=0x3c tp=0x2c span=972x771 at(-1328,-1391)
[BIGPRIM] code=0x3c tp=0x2c span=1026x945 at(-1067,-1369)
[BIGPRIM] code=0x3c tp=0x2c span=852x759 at(2101,-800)
[BIGPRIM] code=0x3c tp=0x2c span=1368x932 at(-1922,-951)
[BIGPRIM] code=0x3c tp=0x2c span=1320x1222 at(2953,-1530)
[BIGPRIM] code=0x3c tp=0x28 span=1533x1196 at(-860,1719)
[BIGPRIM] code=0x3c tp=0x2c span=1092x835 at(1870,-527)
[BIGPRIM] code=0x3c tp=0x2c span=1548x1434 at(-1937,-2195)
[BIGPRIM] code=0x3a tp=0xa span=1020x770 at(130,-25)
[BIGPRIM] code=0x3c tp=0x2c span=1062x888 at(-1247,-1125)
[BIGPRIM] code=0x3c tp=0x2c span=1860x1575 at(-2747,-1928)
[BIGPRIM] code=0x3c tp=0x28 span=1536x331 at(673,2667)
[BIGPRIM] code=0x3c tp=0x28 span=1107x617 at(-803,803)
[BIGPRIM] code=0x3c tp=0x28 span=1533x1626 at(-854,1186)
[BIGPRIM] code=0x3c tp=0x28 span=1182x1237 at(-506,945)
[BIGPRIM] code=0x3c tp=0x28 span=1554x1511 at(661,1333)
[BIGPRIM] code=0x3a tp=0xa span=1020x770 at(130,-25)
[BIGPRIM] code=0x3c tp=0x28 span=2310x1463 at(1108,973)
[BIGPRIM] code=0x3c tp=0x28 span=1551x1549 at(658,1282)
[BIGPRIM] code=0x3c tp=0x28 span=1536x826 at(-860,2140)
[BIGPRIM] code=0x3c tp=0x28 span=1170x662 at(-884,826)
[BIGPRIM] code=0x3a tp=0xa span=1020x770 at(130,-25)
[BIGPRIM] code=0x3c tp=0x28 span=1533x1269 at(-854,1639)
[BIGPRIM] code=0x3c tp=0x28 span=1539x276 at(-860,2793)
[BIGPRIM] code=0x3c tp=0x28 span=999x938 at(652,890)
[BIGPRIM] code=0x3c tp=0x2c span=870x732 at(-1094,-694)
[BIGPRIM] code=0x3a tp=0xa span=1020x770 at(130,-25)
[BIGPRIM] code=0x3c tp=0x2c span=1080x855 at(-1799,-1430)
[BIGPRIM] code=0x3c tp=0x28 span=1692x1057 at(-1448,900)
[BIGPRIM] code=0x3c tp=0x28 span=1539x308 at(-860,2690)
[BIGPRIM] code=0x3c tp=0x2c span=1278x1080 at(-1904,-1134)
[BIGPRIM] code=0x3c tp=0x2c span=1062x945 at(-1283,-1173)
[BIGPRIM] code=0x3c tp=0x28 span=1467x880 at(-1202,871)
[BIGPRIM] code=0x3c tp=0x2c span=1560x1337 at(-3212,-2503)
[BIGPRIM] code=0x3c tp=0x2c span=1716x1311 at(-2603,-1128)
[BIGPRIM] code=0x3c tp=0x2c span=1476x1252 at(-2015,-1198)
[BIGPRIM] code=0x3c tp=0x28 span=1533x1620 at(-854,1186)
[BOOT0/TIM] PostLoadTim file=1150 'THR2301F.TIM' ss=0x4b0b img.u=0 img.v=0 tPage=0,24 clutX=96 clutY=0
[BOOT0/TIM] post ReadTIM: prect=0xfb6664 caddr=0xfb6580 paddr=0xfb666c mode=8
[BOOT0/TIM] pre pixel LoadImage rect=(512,256 64x256)
[BOOT0/TIM] pre CLUT LoadImage rect=(96,0 16x7)
[BOOT0/TIM] PostLoadTim done
[POOLSTOMP] upload (512,256 64x256) hits PINNED pool slot 6 'THR2301F' (512,256)
[BOOT0/TIM] PostLoadTim file=1151 'THR2301H.TIM' ss=0x4b1c img.u=0 img.v=0 tPage=0,26 clutX=128 clutY=0
[BOOT0/TIM] post ReadTIM: prect=0xfb6684 caddr=0xfb6580 paddr=0xfb668c mode=8
[BOOT0/TIM] pre pixel LoadImage rect=(640,256 32x256)
[BOOT0/TIM] pre CLUT LoadImage rect=(128,0 16x8)
[BOOT0/TIM] PostLoadTim done
[POOLSTOMP] upload (640,256 32x256) hits PINNED pool slot 8 'THR2301H' (640,256)
[TEXVRAM] 'THR2301H' tPage=[0,26] clutXY=(128,0) uv=(0,0)
[TEXVRAM] 'THR2301F' tPage=[0,24] clutXY=(96,0) uv=(0,0)
[BIGPRIM] code=0x3c tp=0x28 span=1533x1061 at(-860,1880)
[BIGPRIM] code=0x3c tp=0x28 span=1542x270 at(667,2831)
[BIGPRIM] code=0x3a tp=0xa span=1020x770 at(130,-25)
[BIGPRIM] code=0x3c tp=0x28 span=1554x1571 at(661,1260)
[BIGPRIM] code=0x3a tp=0xa span=1020x770 at(130,-25)
[BIGPRIM] code=0x3c tp=0x2c span=1026x944 at(-1640,-877)
[BIGPRIM] code=0x3c tp=0x2c span=972x822 at(1303,-806)
[BIGPRIM] code=0x3c tp=0x2c span=1086x862 at(2269,-1440)
[BIGPRIM] code=0x3c tp=0x2c span=1086x1003 at(-1322,-1279)
[BIGPRIM] code=0x3c tp=0x28 span=1542x270 at(667,2825)
[BIGPRIM] code=0x3c tp=0x2c span=1074x1015 at(-1058,-887)
[BIGPRIM] code=0x3c tp=0x28 span=822x733 at(-158,845)
[BIGPRIM] code=0x3c tp=0x2c span=1716x1143 at(2689,-1041)
[BIGPRIM] code=0x3c tp=0x28 span=1533x967 at(-854,1986)
[BIGPRIM] code=0x3c tp=0x2c span=906x764 at(1708,-639)
[BIGPRIM] code=0x3c tp=0x2c span=1158x1029 at(2455,-1295)
[BIGPRIM] code=0x3c tp=0x2c span=2364x1574 at(2527,-1523)
[BIGPRIM] code=0x3c tp=0x2c span=1386x1059 at(2038,-867)
[BIGPRIM] code=0x3c tp=0x2c span=1074x912 at(-1223,-755)
[BIGPRIM] code=0x3c tp=0x2c span=1158x983 at(-1370,-832)
[BIGPRIM] code=0x3c tp=0x2c span=1818x1387 at(-2657,-1121)
[SFX] Sd_PlaySfx: sfxId=1354 (Sfx_Base+74) vol=190
[BIGPRIM] code=0x3a tp=0xa span=1020x770 at(130,-25)
[BIGPRIM] code=0x3c tp=0x28 span=1275x1333 at(655,945)
[BIGPRIM] code=0x3c tp=0x28 span=1317x746 at(1024,838)
[BIGPRIM] code=0x3c tp=0x28 span=1179x678 at(-893,829)
[BIGPRIM] code=0x3c tp=0x28 span=1545x283 at(-860,2748)
[BIGPRIM] code=0x3c tp=0x28 span=1548x1254 at(667,1661)
[BIGPRIM] code=0x3c tp=0x28 span=1542x277 at(673,2799)
[BIGPRIM] code=0x3a tp=0xa span=1020x770 at(130,-25)
[BIGPRIM] code=0x3c tp=0x28 span=1533x1530 at(-854,1308)
[BIGPRIM] code=0x3c tp=0x28 span=1620x936 at(1078,883)
[BIGPRIM] code=0x3c tp=0x28 span=1347x1228 at(745,922)
[BIGPRIM] code=0x3c tp=0x28 span=1536x620 at(997,2314)
[BIGPRIM] code=0x3a tp=0xa span=1020x770 at(130,-25)
[BIGPRIM] code=0x3a tp=0xa span=1020x770 at(130,-25)
[BIGPRIM] code=0x3c tp=0x28 span=1740x283 at(1087,2780)
[BIGPRIM] code=0x3c tp=0x28 span=981x916 at(-455,826)
[BOOT0/TIM] PostLoadTim file=1147 'THR2101F.TIM' ss=0x4ae0 img.u=0 img.v=0 tPage=0,25 clutX=112 clutY=0
[BOOT0/TIM] post ReadTIM: prect=0xfb6784 caddr=0xfb6580 paddr=0xfb678c mode=8
[BOOT0/TIM] pre pixel LoadImage rect=(576,256 64x256)
[BOOT0/TIM] pre CLUT LoadImage rect=(112,0 16x16)
[BOOT0/TIM] PostLoadTim done
[POOLSTOMP] upload (576,256 64x256) hits PINNED pool slot 7 'THR2101F' (576,256)
[TEXVRAM] 'THR2101F' tPage=[0,25] clutXY=(112,0) uv=(0,0)
[BIGPRIM] code=0x3c tp=0x28 span=1611x1256 at(-314,1652)
[BOOT0/TIM] PostLoadTim file=1148 'THR2102H.TIM' ss=0x4af1 img.u=32 img.v=0 tPage=0,26 clutX=144 clutY=0
[BOOT0/TIM] post ReadTIM: prect=0xfb6644 caddr=0xfb6580 paddr=0xfb664c mode=8
[BOOT0/TIM] pre pixel LoadImage rect=(672,256 32x256)
[BOOT0/TIM] pre CLUT LoadImage rect=(144,0 16x6)
[BOOT0/TIM] PostLoadTim done
[POOLSTOMP] upload (672,256 32x256) hits PINNED pool slot 9 'THR2102H' (672,256)
[TEXVRAM] 'THR2102H' tPage=[0,26] clutXY=(144,0) uv=(32,0)
[BIGPRIM] code=0x3c tp=0x37 span=1065x621 at(-890,279)
[BIGPRIM] code=0x3c tp=0x28 span=2025x283 at(-242,858)
[BIGPRIM] code=0x3c tp=0x28 span=1257x402 at(-242,739)
[BIGPRIM] code=0x3c tp=0x28 span=2190x264 at(1015,832)
[BIGPRIM] code=0x3a tp=0xa span=1020x770 at(130,-25)
[BIGPRIM] code=0x3c tp=0x37 span=1065x621 at(-890,279)
[BIGPRIM] code=0x3c tp=0x28 span=2025x283 at(-242,858)
[BIGPRIM] code=0x3c tp=0x28 span=1257x402 at(-242,739)
[BIGPRIM] code=0x3c tp=0x28 span=2190x264 at(1015,832)
[BIGPRIM] code=0x3a tp=0xa span=1020x770 at(130,-25)
[BIGPRIM] code=0x3c tp=0x37 span=1065x621 at(-890,279)
[BIGPRIM] code=0x3c tp=0x28 span=2025x283 at(-242,858)
[BIGPRIM] code=0x3c tp=0x28 span=1257x402 at(-242,739)
[BIGPRIM] code=0x3c tp=0x28 span=2190x264 at(1015,832)
[GP-STATE-TXN] Gameplay -> sysState=6 (param=19)
[BIGPRIM] code=0x3a tp=0xa span=1020x770 at(130,-25)
[SYSSTATE] dispatch sysState=6 mapEventData=0x61b298
[SFX] Sd_PlaySfx: sfxId=1354 (Sfx_Base+74) vol=0
[SH-XBOX] GameState -> 10 (step 0)
[BOOT-STEP] GameStartup step=0 qlen=0
[TRANSITION] GameStartup step=0: processFlags=0x1 (RoomTransition) sizeof(s_WorldGfxWork)=11708
[TRANSITION] AreaLoad_UpdatePlayerPosition: BEFORE playerPos=(-233974,0,193665) targetPos=(-396492,1011712) loadScreen=0
[TRANSITION] AreaLoad_UpdatePlayerPosition: AFTER playerPos=(-394854,0,1011712)
[BOOT-STEP] GameStartup step=7 qlen=0
[TRANSITION] GameStartup step=7: processFlags=0x1 playerPos=(-394854,0,1011712) func_80039F90=0x0
[IPD-INIT] Ipd_MapFileInfoSet: mapTag='THR' activeIpdCount=4 isExterior=1 plmIdx=1370 ipdFileIdx=0 textureFileIdx=0 curSize=4 willRebuildGrid=0
[TRANSITION] GameStartup step=7 post-init: playerPos=(-394854,0,1011712) mapTag='THR'
[FOGST-GPU] clear=0xff000000
[BOOT-STEP] GameStartup step=8 qlen=3
[BOOT0/TIM] PostLoadTim file=1361 'THRWAY1.TIM' ss=0x58a4 img.u=0 img.v=0 tPage=0,22 clutX=64 clutY=0
[BOOT0/TIM] post ReadTIM: prect=0xfb65e4 caddr=0xfb6580 paddr=0xfb65ec mode=8
[BOOT0/TIM] pre pixel LoadImage rect=(384,256 64x256)
[BOOT0/TIM] pre CLUT LoadImage rect=(64,0 16x3)
[BOOT0/TIM] PostLoadTim done
[POOLSTOMP] upload (384,256 64x256) hits PINNED pool slot 4 'THRWAY1' (384,256)
[BOOT0/TIM] PostLoadTim file=1363 'THRWAY2F.TIM' ss=0x58c6 img.u=0 img.v=0 tPage=0,24 clutX=96 clutY=0
[BOOT0/TIM] post ReadTIM: prect=0xfb6684 caddr=0xfb6580 paddr=0xfb668c mode=8
[BOOT0/TIM] pre pixel LoadImage rect=(512,256 64x256)
[BOOT0/TIM] pre CLUT LoadImage rect=(96,0 16x8)
[BOOT0/TIM] PostLoadTim done
[POOLSTOMP] upload (512,256 64x256) hits PINNED pool slot 6 'THRWAY2F' (512,256)
[BOOT0/TIM] PostLoadTim file=1362 'THRWAY2B.TIM' ss=0x58b5 img.u=0 img.v=0 tPage=0,25 clutX=112 clutY=0
[BOOT0/TIM] post ReadTIM: prect=0xfb6644 caddr=0xfb6580 paddr=0xfb664c mode=8
[BOOT0/TIM] pre pixel LoadImage rect=(576,256 64x256)
[BOOT0/TIM] pre CLUT LoadImage rect=(112,0 16x6)
[BOOT0/TIM] PostLoadTim done
[POOLSTOMP] upload (576,256 64x256) hits PINNED pool slot 7 'THRWAY2B' (576,256)
[TEXVRAM] 'THRWAY1' tPage=[0,22] clutXY=(64,0) uv=(0,0)
[TEXVRAM] 'THRWAY2F' tPage=[0,24] clutXY=(96,0) uv=(0,0)
[TEXVRAM] 'THRWAY2B' tPage=[0,25] clutXY=(112,0) uv=(0,0)
[BOOT-STEP] GameStartup step=9 qlen=0
[BOOT-STEP] GameStartup step=10 qlen=0
[BOOT-STEP] GameStartup step=11 qlen=0
[SH-XBOX] vblank 10800
[MEM] tick: free=2488KB (622 pages)
[SFX] Sd_PlaySfx: sfxId=1359 (Sfx_Base+79) vol=224
[BOOT-STEP] GameStartup step=12 qlen=0
[SH-XBOX] GameState -> 11 (step 0)
[FOGST-GPU] clear=0xff6c6474
[BIGPRIM] code=0x3c tp=0x37 span=798x1572 at(574,2076)
[BIGPRIM] code=0x3c tp=0x37 span=1449x322 at(-764,2188)
[BIGPRIM] code=0x3c tp=0x28 span=435x726 at(325,967)
[BIGPRIM] code=0x3c tp=0x28 span=423x907 at(760,1314)
[BIGPRIM] code=0x3c tp=0x37 span=294x871 at(1081,1208)
[BIGPRIM] code=0x3c tp=0x37 span=801x1569 at(574,2079)
[BIGPRIM] code=0x3c tp=0x37 span=1449x321 at(-764,2182)
[BIGPRIM] code=0x3c tp=0x28 span=435x726 at(325,967)
[BIGPRIM] code=0x3c tp=0x28 span=423x907 at(760,1314)
[BIGPRIM] code=0x3c tp=0x37 span=294x871 at(1081,1208)
[BIGPRIM] code=0x3c tp=0x37 span=801x1569 at(574,2079)
[BIGPRIM] code=0x3c tp=0x37 span=1449x321 at(-764,2182)
[BIGPRIM] code=0x3c tp=0x28 span=435x726 at(325,967)
[BIGPRIM] code=0x3c tp=0x28 span=423x907 at(760,1314)
[BIGPRIM] code=0x3c tp=0x37 span=294x871 at(1081,1208)
[BIGPRIM] code=0x3c tp=0x37 span=801x1569 at(574,2079)
[BIGPRIM] code=0x3c tp=0x37 span=1449x321 at(-764,2182)
[BIGPRIM] code=0x3c tp=0x28 span=435x726 at(325,967)
[BIGPRIM] code=0x3c tp=0x28 span=423x907 at(760,1314)
[BIGPRIM] code=0x3c tp=0x37 span=294x871 at(1081,1208)
[BIGPRIM] code=0x3c tp=0x37 span=801x1569 at(574,2079)
[BIGPRIM] code=0x3c tp=0x37 span=1449x321 at(-764,2182)
[BIGPRIM] code=0x3c tp=0x28 span=435x726 at(325,967)
[BIGPRIM] code=0x3c tp=0x28 span=423x907 at(760,1314)
[BIGPRIM] code=0x3c tp=0x37 span=294x871 at(1081,1208)
[BIGPRIM] code=0x3c tp=0x37 span=801x1569 at(574,2079)
[BIGPRIM] code=0x3c tp=0x37 span=1449x321 at(-764,2182)
[BIGPRIM] code=0x3c tp=0x28 span=435x726 at(325,964)
[BIGPRIM] code=0x3c tp=0x28 span=423x909 at(763,1308)
[BIGPRIM] code=0x3c tp=0x37 span=813x1588 at(574,2060)
[BIGPRIM] code=0x3c tp=0x28 span=795x1340 at(-422,1115)
[BIGPRIM] code=0x3c tp=0x37 span=837x1598 at(574,2050)
[BIGPRIM] code=0x3c tp=0x37 span=849x1611 at(574,2037)
[BIGPRIM] code=0x3c tp=0x37 span=864x1624 at(574,2024)
[BIGPRIM] code=0x3c tp=0x37 span=882x1633 at(574,2015)
[BIGPRIM] code=0x3c tp=0x28 span=471x932 at(769,1240)
[BIGPRIM] code=0x3c tp=0x38 span=990x521 at(-773,205)
[BIGPRIM] code=0x3c tp=0x37 span=306x728 at(1093,-687)
[BIGPRIM] code=0x3c tp=0x28 span=528x964 at(775,1170)
[BIGPRIM] code=0x3a tp=0xa span=1020x770 at(130,-25)
[BIGPRIM] code=0x3c tp=0x37 span=342x861 at(1105,-906)
[BIGPRIM] code=0x3c tp=0x28 span=573x978 at(781,1108)
[BIGPRIM] code=0x3c tp=0x38 span=1206x649 at(-1013,-183)
[BIGPRIM] code=0x3c tp=0x38 span=1260x694 at(-1073,-286)
[BIGPRIM] code=0x3c tp=0x36 span=504x730 at(958,1748)
[BIGPRIM] code=0x3c tp=0x36 span=861x1533 at(-2,2115)
[BIGPRIM] code=0x3a tp=0xa span=1020x770 at(130,-25)
[BIGPRIM] code=0x3c tp=0x37 span=318x1109 at(-17,1202)
[BIGPRIM] code=0x3c tp=0x37 span=1272x1566 at(-848,2082)
[BIGPRIM] code=0x3c tp=0x36 span=735x923 at(859,2725)
[CHNK] n=4 s0=-3,6,st3 s1=-2,2,st2 s2=-3,5,st3 s3=-2,1,st2
[BIGPRIM] code=0x3c tp=0x28 span=537x1311 at(424,1398)
[BIGPRIM] code=0x3c tp=0x36 span=504x730 at(958,1748)
[BIGPRIM] code=0x3c tp=0x36 span=861x1533 at(-2,2115)
[BIGPRIM] code=0x3a tp=0xa span=1020x770 at(130,-25)
[BIGPRIM] code=0x3c tp=0x37 span=318x1109 at(-17,1202)
[BIGPRIM] code=0x3c tp=0x37 span=1272x1566 at(-848,2082)
[BIGPRIM] code=0x3c tp=0x36 span=735x923 at(859,2725)
[BIGPRIM] code=0x3c tp=0x28 span=537x1311 at(424,1398)
[BIGPRIM] code=0x3c tp=0x36 span=504x730 at(958,1748)
[BIGPRIM] code=0x3c tp=0x36 span=861x1533 at(-2,2115)
[BIGPRIM] code=0x3a tp=0xa span=1020x770 at(130,-25)
[BIGPRIM] code=0x3c tp=0x37 span=318x1109 at(-17,1202)
[BIGPRIM] code=0x3c tp=0x37 span=1272x1566 at(-848,2082)
[BIGPRIM] code=0x3c tp=0x36 span=735x923 at(859,2725)
[BIGPRIM] code=0x3c tp=0x28 span=537x1311 at(424,1398)
[BIGPRIM] code=0x3c tp=0x36 span=504x730 at(958,1748)
[BIGPRIM] code=0x3c tp=0x36 span=861x1533 at(-2,2115)
[BIGPRIM] code=0x3a tp=0xa span=1020x770 at(130,-25)
[BIGPRIM] code=0x3c tp=0x37 span=318x1109 at(-17,1202)
[BIGPRIM] code=0x3c tp=0x37 span=1272x1566 at(-848,2082)
[BIGPRIM] code=0x3c tp=0x36 span=735x923 at(859,2725)
[BIGPRIM] code=0x3c tp=0x28 span=537x1311 at(424,1398)
[BIGPRIM] code=0x3c tp=0x36 span=504x730 at(958,1748)
[BIGPRIM] code=0x3c tp=0x36 span=861x1533 at(-2,2115)
[BIGPRIM] code=0x3a tp=0xa span=1020x770 at(130,-25)
[BIGPRIM] code=0x3c tp=0x37 span=318x1109 at(-17,1202)
[BIGPRIM] code=0x3c tp=0x28 span=651x993 at(787,1031)
[BIGPRIM] code=0x3a tp=0xa span=1020x770 at(130,-25)
[BIGPRIM] code=0x3c tp=0x37 span=408x1096 at(1126,-1282)
[BIGPRIM] code=0x3c tp=0x28 span=645x993 at(787,1035)
[BIGPRIM] code=0x3c tp=0x28 span=1449x322 at(-764,3268)
[BIGPRIM] code=0x3c tp=0x28 span=1227x1491 at(-926,887)
[BIGPRIM] code=0x3a tp=0xa span=1020x770 at(130,-25)
[BIGPRIM] code=0x3c tp=0x37 span=381x994 at(1117,-1125)
[BIGPRIM] code=0x3c tp=0x28 span=600x983 at(784,1083)
[BIGPRIM] code=0x3c tp=0x38 span=1200x642 at(-1007,-160)
[BIGPRIM] code=0x3c tp=0x37 span=618x987 at(1126,1092)
[BIGPRIM] code=0x3c tp=0x37 span=348x887 at(1108,-951)
[BIGPRIM] code=0x3c tp=0x28 span=558x971 at(778,1131)
[BIGPRIM] code=0x3a tp=0xa span=1020x770 at(130,-25)
[BIGPRIM] code=0x3c tp=0x37 span=324x797 at(1099,-800)
[BIGPRIM] code=0x3c tp=0x28 span=525x961 at(775,1166)
[BIGPRIM] code=0x3a tp=0xa span=1020x770 at(130,-25)
[BIGPRIM] code=0x3c tp=0x37 span=435x903 at(1132,1025)
[BIGPRIM] code=0x3a tp=0xa span=1020x770 at(130,-25)
[BIGPRIM] code=0x3c tp=0x28 span=504x951 at(772,1202)
[BIGPRIM] code=0x3c tp=0x37 span=423x903 at(1126,1044)
[BIGPRIM] code=0x3c tp=0x38 span=996x514 at(-779,196)
[BIGPRIM] code=0x3c tp=0x28 span=498x948 at(772,1205)
[BIGPRIM] code=0x3c tp=0x37 span=411x903 at(1126,1057)
[BIGPRIM] code=0x3c tp=0x38 span=978x520 at(-761,212)
[BIGPRIM] code=0x3c tp=0x28 span=492x948 at(772,1215)
[GP-STATE-TXN] Gameplay -> sysState=7 (param=34)
[SYSSTATE] dispatch sysState=7 mapEventData=0x61b424
[BIGPRIM] code=0x3c tp=0x37 span=411x903 at(1126,1054)
[BIGPRIM] code=0x3c tp=0x38 span=996x514 at(-779,199)
[BIGPRIM] code=0x3c tp=0x28 span=498x948 at(772,1202)
[BIGPRIM] code=0x3c tp=0x37 span=423x903 at(1126,1044)
[BIGPRIM] code=0x3c tp=0x38 span=1002x514 at(-785,196)
[BIGPRIM] code=0x3c tp=0x28 span=501x948 at(772,1205)
[BIGPRIM] code=0x3c tp=0x37 span=423x903 at(1126,1044)
[BIGPRIM] code=0x3c tp=0x38 span=1002x511 at(-785,192)
[BIGPRIM] code=0x3c tp=0x37 span=432x906 at(1129,1035)
[BIGPRIM] code=0x3c tp=0x37 span=483x948 at(1096,1195)
[BIGPRIM] code=0x3c tp=0x38 span=1047x534 at(-836,118)
[BIGPRIM] code=0x3c tp=0x28 span=1005x1431 at(-668,989)
[BIGPRIM] code=0x3c tp=0x37 span=528x965 at(1108,1153)
[BIGPRIM] code=0x3c tp=0x38 span=1095x565 at(-890,32)
[BIGPRIM] code=0x3c tp=0x28 span=1035x1440 at(-704,973)
[BIGPRIM] code=0x3c tp=0x37 span=543x964 at(1108,1147)
[BIGPRIM] code=0x3c tp=0x38 span=1104x569 at(-899,19)
[BIGPRIM] code=0x3c tp=0x28 span=1053x1443 at(-725,964)
[BIGPRIM] code=0x3c tp=0x37 span=591x980 at(1120,1112)
[BIGPRIM] code=0x3c tp=0x28 span=579x984 at(781,1108)
[BIGPRIM] code=0x3c tp=0x38 span=1176x625 at(-980,-118)
[BIGPRIM] code=0x3c tp=0x37 span=603x987 at(1123,1105)
[BIGPRIM] code=0x3a tp=0xa span=1020x770 at(130,-25)
[BIGPRIM] code=0x3c tp=0x37 span=336x836 at(1102,-864)
[BIGPRIM] code=0x3c tp=0x28 span=546x971 at(778,1147)
[BIGPRIM] code=0x3a tp=0xa span=1020x770 at(130,-25)
[BIGPRIM] code=0x3c tp=0x37 span=324x797 at(1099,-800)
[BIGPRIM] code=0x3c tp=0x28 span=528x961 at(775,1166)
[BIGPRIM] code=0x3a tp=0xa span=1020x770 at(130,-25)
[BIGPRIM] code=0x3c tp=0x37 span=312x754 at(1093,-729)
[BIGPRIM] code=0x3c tp=0x28 span=531x961 at(775,1163)
[BIGPRIM] code=0x3a tp=0xa span=1020x770 at(130,-25)
[BIGPRIM] code=0x3c tp=0x37 span=348x887 at(1108,-951)
[BIGPRIM] code=0x3a tp=0xa span=1020x770 at(130,-25)
[BIGPRIM] code=0x3a tp=0xa span=1020x770 at(130,-25)
[BIGPRIM] code=0x3c tp=0x37 span=1335x1594 at(574,1681)
[BIGPRIM] code=0x3c tp=0x28 span=537x1311 at(424,1398)
[SH-XBOX] vblank 11400
[MEM] tick: free=2488KB (622 pages)
[BIGPRIM] code=0x3c tp=0x36 span=504x730 at(958,1748)
[BIGPRIM] code=0x3c tp=0x36 span=861x1533 at(-2,2115)
[BIGPRIM] code=0x3a tp=0xa span=1020x770 at(130,-25)
[BIGPRIM] code=0x3c tp=0x37 span=318x1109 at(-17,1202)
[BIGPRIM] code=0x3c tp=0x37 span=1272x1566 at(-848,2082)
[BIGPRIM] code=0x3c tp=0x36 span=735x923 at(859,2725)
[BIGPRIM] code=0x3c tp=0x28 span=537x1311 at(424,1398)
[BIGPRIM] code=0x3c tp=0x36 span=504x730 at(958,1748)
[BIGPRIM] code=0x3c tp=0x36 span=861x1533 at(-2,2115)
[BIGPRIM] code=0x3a tp=0xa span=1020x770 at(130,-25)
[BIGPRIM] code=0x3c tp=0x37 span=318x1109 at(-17,1202)
[BIGPRIM] code=0x3c tp=0x37 span=1272x1566 at(-848,2082)
[BIGPRIM] code=0x3c tp=0x36 span=735x923 at(859,2725)
[BIGPRIM] code=0x3c tp=0x28 span=537x1311 at(424,1398)
[BIGPRIM] code=0x3c tp=0x36 span=504x730 at(958,1748)
[BIGPRIM] code=0x3c tp=0x36 span=861x1533 at(-2,2115)
[BIGPRIM] code=0x3a tp=0xa span=1020x770 at(130,-25)
[BIGPRIM] code=0x3c tp=0x37 span=318x1109 at(-17,1202)
[BIGPRIM] code=0x3c tp=0x37 span=1272x1566 at(-848,2082)
[BIGPRIM] code=0x3c tp=0x36 span=735x923 at(859,2725)
[RA] watch 84008: state=2 unlocked=1786116799 flags[4B4]=00 flags[4A1]=00 word4=0x00000000 setbits=14 map=0/22
[BIGPRIM] code=0x3c tp=0x28 span=537x1311 at(424,1398)
[BIGPRIM] code=0x3c tp=0x36 span=504x730 at(958,1748)
[BIGPRIM] code=0x3c tp=0x36 span=861x1533 at(-2,2115)
[BIGPRIM] code=0x3a tp=0xa span=1020x770 at(130,-25)
[BIGPRIM] code=0x3c tp=0x37 span=318x1109 at(-17,1202)
[BIGPRIM] code=0x3c tp=0x37 span=1272x1566 at(-848,2082)
[BIGPRIM] code=0x3c tp=0x36 span=735x923 at(859,2725)
[BIGPRIM] code=0x3c tp=0x28 span=537x1311 at(424,1398)
[BIGPRIM] code=0x3c tp=0x36 span=504x730 at(958,1748)
[BIGPRIM] code=0x3c tp=0x36 span=861x1533 at(-2,2115)
[BIGPRIM] code=0x3a tp=0xa span=1020x770 at(130,-25)
[BIGPRIM] code=0x3c tp=0x37 span=318x1109 at(-17,1202)
[BIGPRIM] code=0x3c tp=0x37 span=1272x1566 at(-848,2082)
[BIGPRIM] code=0x3c tp=0x36 span=735x923 at(859,2725)
[BIGPRIM] code=0x3c tp=0x28 span=537x1311 at(424,1398)
[BIGPRIM] code=0x3c tp=0x36 span=504x730 at(958,1748)
[BIGPRIM] code=0x3c tp=0x36 span=861x1533 at(-2,2115)
[BIGPRIM] code=0x3a tp=0xa span=1020x770 at(130,-25)
[BIGPRIM] code=0x3c tp=0x37 span=318x1109 at(-17,1202)
[BIGPRIM] code=0x3c tp=0x37 span=1272x1566 at(-848,2082)
[BIGPRIM] code=0x3c tp=0x36 span=735x923 at(859,2725)
[BIGPRIM] code=0x3c tp=0x28 span=537x1311 at(424,1398)
[BIGPRIM] code=0x3c tp=0x36 span=504x730 at(958,1748)
[BIGPRIM] code=0x3c tp=0x36 span=861x1533 at(-2,2115)
[BIGPRIM] code=0x3a tp=0xa span=1020x770 at(130,-25)
[FOGST-GPU] clear=0xff6b6373
[BIGPRIM] code=0x3c tp=0x37 span=318x1109 at(-17,1202)
[BIGPRIM] code=0x3c tp=0x37 span=1272x1566 at(-848,2082)
[BIGPRIM] code=0x3c tp=0x36 span=735x923 at(859,2725)
[BIGPRIM] code=0x3c tp=0x28 span=537x1311 at(424,1398)
[BIGPRIM] code=0x3c tp=0x36 span=504x730 at(958,1748)
[BIGPRIM] code=0x3c tp=0x36 span=861x1533 at(-2,2115)
[FOGST-GPU] clear=0xff6a6372
[BIGPRIM] code=0x3a tp=0xa span=1020x770 at(130,-25)
[FOGST-GPU] clear=0xff6a6272
[BIGPRIM] code=0x3c tp=0x37 span=318x1109 at(-17,1202)
[BIGPRIM] code=0x3c tp=0x37 span=1272x1566 at(-848,2082)
[BIGPRIM] code=0x3c tp=0x36 span=735x923 at(859,2725)
[FOGST-GPU] clear=0xff6a6271
[FOGST-GPU] clear=0xff696271
[BIGPRIM] code=0x3c tp=0x28 span=537x1311 at(424,1398)
[FOGST-GPU] clear=0xff696171
[BIGPRIM] code=0x3c tp=0x36 span=504x730 at(958,1748)
[BIGPRIM] code=0x3c tp=0x36 span=861x1533 at(-2,2115)
[FOGST-GPU] clear=0xff696170
[FOGST-GPU] clear=0xff686170
[BIGPRIM] code=0x3a tp=0xa span=1020x770 at(130,-25)
[FOGST-GPU] clear=0xff686070
[BIGPRIM] code=0x3c tp=0x37 span=318x1109 at(-17,1202)
[FOGST-GPU] clear=0xff68606f
[BIGPRIM] code=0x3c tp=0x37 span=1272x1566 at(-848,2082)
[FOGST-GPU] clear=0xff67606f
[BIGPRIM] code=0x3c tp=0x36 span=861x1533 at(-2,2115)
[FOGST-GPU] clear=0xff675f6f
[BIGPRIM] code=0x3c tp=0x36 span=735x923 at(859,2725)
[FOGST-GPU] clear=0xff675f6e
[BIGPRIM] code=0x3a tp=0x20 span=1020x770 at(130,-25)
[FOGST-GPU] clear=0xff665f6e
[BIGPRIM] code=0x3c tp=0x28 span=465x948 at(961,1195)
[BIGPRIM] code=0x3c tp=0x37 span=150x1263 at(274,1523)
[BIGPRIM] code=0x3c tp=0x37 span=90x1192 at(274,1594)
[FOGST-GPU] clear=0xff665e6e
[BIGPRIM] code=0x3c tp=0x28 span=909x1566 at(-53,2082)
[FOGST-GPU] clear=0xff665e6d
[BIGPRIM] code=0x3c tp=0x36 span=396x817 at(859,2140)
[BIGPRIM] code=0x3c tp=0x28 span=1317x939 at(544,2709)
[FOGST-GPU] clear=0xff655e6d
[BIGPRIM] code=0x3c tp=0x36 span=1323x923 at(574,2725)
[BIGPRIM] code=0x3a tp=0xa span=1020x770 at(130,-25)
[FOGST-GPU] clear=0xff655d6c
[BIGPRIM] code=0x3c tp=0x28 span=537x1311 at(424,1398)
[BIGPRIM] code=0x3c tp=0x37 span=318x1109 at(-17,1202)
[FOGST-GPU] clear=0xff645d6c
[BIGPRIM] code=0x3c tp=0x36 span=504x730 at(958,1748)
[FOGST-GPU] clear=0xff645c6b
[BIGPRIM] code=0x3c tp=0x37 span=1272x1566 at(-848,2082)
[BIGPRIM] code=0x3c tp=0x36 span=861x1533 at(-2,2115)
[FOGST-GPU] clear=0xff635c6b
[BIGPRIM] code=0x3c tp=0x36 span=735x923 at(859,2725)
[FOGST-GPU] clear=0xff635c6a
[BIGPRIM] code=0x3a tp=0x20 span=1020x770 at(130,-25)
[FOGST-GPU] clear=0xff635b6a
[FOGST-GPU] clear=0xff625b6a
[BIGPRIM] code=0x3c tp=0x28 span=465x948 at(961,1195)
[FOGST-GPU] clear=0xff625b69
[BIGPRIM] code=0x3c tp=0x37 span=150x1263 at(274,1523)
[FOGST-GPU] clear=0xff625a69
[BIGPRIM] code=0x3c tp=0x37 span=90x1192 at(274,1594)
[FOGST-GPU] clear=0xff615a69
[BIGPRIM] code=0x3c tp=0x28 span=909x1566 at(-53,2082)
[FOGST-GPU] clear=0xff615a68
[BIGPRIM] code=0x3c tp=0x36 span=396x817 at(859,2140)
[BIGPRIM] code=0x3c tp=0x28 span=1317x939 at(544,2709)
[BIGPRIM] code=0x3c tp=0x36 span=1323x923 at(574,2725)
[FOGST-GPU] clear=0xff615968
[BIGPRIM] code=0x3a tp=0xa span=1020x770 at(130,-25)
[BIGPRIM] code=0x3c tp=0x28 span=537x1311 at(424,1398)
[FOGST-GPU] clear=0xff605968
[BIGPRIM] code=0x3c tp=0x37 span=318x1109 at(-17,1202)
[FOGST-GPU] clear=0xff605967
[BIGPRIM] code=0x3c tp=0x36 span=504x730 at(958,1748)
[BIGPRIM] code=0x3c tp=0x38 span=1452x614 at(-965,658)
[BIGPRIM] code=0x3c tp=0x29 span=411x1296 at(1039,-1787)
[BIGPRIM] code=0x3c tp=0x38 span=1806x479 at(-1592,1157)
[FOGST-GPU] clear=0xff605867
[FOGST-GPU] clear=0xff5f5867
[FOGST-GPU] clear=0xff5f5866
[BIGPRIM] code=0x3c tp=0x38 span=336x1183 at(-92,-1623)
[BIGPRIM] code=0x3a tp=0xa span=1020x770 at(130,-25)
[BIGPRIM] code=0x3a tp=0x20 span=1020x770 at(130,-25)
[CHNK] n=4 s0=-3,6,st3 s1=-2,2,st2 s2=-3,5,st3 s3=-2,1,st2
[BIGPRIM] code=0x3c tp=0x38 span=1008x293 at(-482,-588)
[BIGPRIM] code=0x3c tp=0x38 span=1662x640 at(61,1105)
[FOGST-GPU] clear=0xff5f5766
[BIGPRIM] code=0x3a tp=0x20 span=1020x770 at(130,-25)
[FOGST-GPU] clear=0xff5e5766
[FOGST-GPU] clear=0xff5e5765
[BIGPRIM] code=0x3c tp=0x38 span=1740x697 at(7,1080)
[BIGPRIM] code=0x3c tp=0x38 span=1410x826 at(1087,996)
[BIGPRIM] code=0x3c tp=0x38 span=1284x392 at(-842,-758)
[BIGPRIM] code=0x3c tp=0x38 span=1884x842 at(-1592,652)
[BIGPRIM] code=0x3c tp=0x38 span=999x1153 at(1126,-1096)
[BIGPRIM] code=0x3c tp=0x29 span=267x727 at(811,-871)
[FOGST-GPU] clear=0xff5e5766
[FOGST-GPU] clear=0xff5f5766
[BIGPRIM] code=0x3a tp=0xa span=1020x770 at(130,-25)
[FOGST-GPU] clear=0xff5f5866
[BIGPRIM] code=0x3c tp=0x38 span=1842x367 at(-1586,1423)
[BIGPRIM] code=0x3c tp=0x35 span=1167x341 at(-836,-652)
[BIGPRIM] code=0x3c tp=0x35 span=1152x322 at(-812,-585)
[BIGPRIM] code=0x3c tp=0x38 span=1164x321 at(-695,-655)
[BIGPRIM] code=0x3c tp=0x38 span=1101x318 at(-638,-533)
[BIGPRIM] code=0x3c tp=0x38 span=1104x781 at(-2,633)
[BIGPRIM] code=0x3c tp=0x29 span=303x1000 at(844,-1417)
[BIGPRIM] code=0x3c tp=0x38 span=186x804 at(-20,-1298)
[BIGPRIM] code=0x3a tp=0x20 span=1020x770 at(130,-25)
[BIGPRIM] code=0x3c tp=0x38 span=1422x839 at(1075,996)
[BIGPRIM] code=0x3c tp=0x38 span=1281x476 at(-845,-755)
[BIGPRIM] code=0x3c tp=0x38 span=1101x787 at(-29,620)
[BIGPRIM] code=0x3c tp=0x29 span=273x736 at(811,-890)
[FOGST-GPU] clear=0xff5f5766
[BIGPRIM] code=0x3a tp=0xa span=1020x770 at(130,-25)
[FOGST-GPU] clear=0xff5e5765
[BIGPRIM] code=0x3c tp=0x38 span=1842x383 at(-1592,1388)
[BIGPRIM] code=0x3c tp=0x35 span=1203x376 at(-872,-723)
[BIGPRIM] code=0x3c tp=0x35 span=1149x331 at(-797,-623)
[BIGPRIM] code=0x3c tp=0x35 span=1059x282 at(-677,-552)
[BIGPRIM] code=0x3c tp=0x38 span=1293x932 at(1126,1134)
[FOGST-GPU] clear=0xff5d5664
[BIGPRIM] code=0x3a tp=0xa span=1020x770 at(130,-25)
[BIGPRIM] code=0x3c tp=0x38 span=1008x292 at(-467,-462)
[FOGST-GPU] clear=0xff5d5663
[FOGST-GPU] clear=0xff5c5663
[BIGPRIM] code=0x3c tp=0x29 span=555x1392 at(994,-1848)
[FOGST-GPU] clear=0xff5c5563
[BIGPRIM] code=0x3c tp=0x38 span=1254x1395 at(1021,1308)
[FOGST-GPU] clear=0xff5c5562
[BIGPRIM] code=0x3c tp=0x38 span=699x755 at(1099,585)
[FOGST-GPU] clear=0xff5b5562
[FOGST-GPU] clear=0xff5b5462
[BIGPRIM] code=0x3c tp=0x38 span=2049x1555 at(-1862,1353)
[FOGST-GPU] clear=0xff5b5461
[BIGPRIM] code=0x3c tp=0x38 span=156x752 at(277,-1131)
[FOGST-GPU] clear=0xff5a5461
[BIGPRIM] code=0x3c tp=0x38 span=471x1257 at(-140,-1575)
[FOGST-GPU] clear=0xff5a5361
[BIGPRIM] code=0x3c tp=0x38 span=711x1533 at(268,2115)
[BIGPRIM] code=0x3c tp=0x38 span=816x1019 at(-170,768)
[BIGPRIM] code=0x3c tp=0x38 span=300x775 at(409,2873)
[FOGST-GPU] clear=0xff5a5360
[BIGPRIM] code=0x3c tp=0x38 span=219x1055 at(868,-2073)
[BIGPRIM] code=0x3c tp=0x38 span=537x1119 at(817,-2931)
[FOGST-GPU] clear=0xff595360
[BIGPRIM] code=0x3a tp=0xa span=1020x770 at(130,-25)
[BIGPRIM] code=0x3c tp=0x35 span=183x743 at(589,-1414)
[FOGST-GPU] clear=0xff595260
[BIGPRIM] code=0x3c tp=0x35 span=207x1012 at(313,1671)
[FOGST-GPU] clear=0xff59525f
[BIGPRIM] code=0x3c tp=0x38 span=165x1086 at(31,2131)
[FOGST-GPU] clear=0xff58525f
[BIGPRIM] code=0x3a tp=0xa span=1020x770 at(130,-25)
[BIGPRIM] code=0x3c tp=0x38 span=507x742 at(-17,1009)
[BIGPRIM] code=0x3c tp=0x38 span=129x1375 at(139,1517)
[FOGST-GPU] clear=0xff58515f
[FOGST-GPU] clear=0xff58515e
[BIGPRIM] code=0x3c tp=0x38 span=93x922 at(226,1337)
[BIGPRIM] code=0x3c tp=0x38 span=1545x231 at(-674,-2931)
[FOGST-GPU] clear=0xff57515d
[FOGST-GPU] clear=0xff57505d
[BIGPRIM] code=0x3c tp=0x29 span=597x1160 at(-374,-1722)
[BIGPRIM] code=0x3c tp=0x38 span=1512x1209 at(1072,-2931)
[BIGPRIM] code=0x3c tp=0x35 span=471x1025 at(-308,1144)
[FOGST-GPU] clear=0xff56505d
[BIGPRIM] code=0x3c tp=0x29 span=507x994 at(-188,-1530)
[BIGPRIM] code=0x3c tp=0x38 span=1131x794 at(-356,-2931)
[BIGPRIM] code=0x3c tp=0x38 span=273x1514 at(94,-2201)
[FOGST-GPU] clear=0xff56505c
[BIGPRIM] code=0x3c tp=0x35 span=369x794 at(-194,1253)
[FOGST-GPU] clear=0xff564f5c
[BIGPRIM] code=0x3c tp=0x38 span=1125x1434 at(-374,-2931)
[BIGPRIM] code=0x3c tp=0x38 span=387x1585 at(-86,-2931)
[BIGPRIM] code=0x3c tp=0x38 span=204x984 at(232,1796)
[FOGST-GPU] clear=0xff554f5c
[BIGPRIM] code=0x3a tp=0xa span=1020x770 at(130,-25)
[FOGST-GPU] clear=0xff554f5b
[BIGPRIM] code=0x3c tp=0x38 span=270x1256 at(238,1562)
[FOGST-GPU] clear=0xff554e5b
[BIGPRIM] code=0x3c tp=0x38 span=417x823 at(313,-1166)
[BIGPRIM] code=0x3c tp=0x38 span=414x813 at(328,-1163)
[FOGST-GPU] clear=0xff544e5b
[BIGPRIM] code=0x3c tp=0x29 span=426x846 at(586,896)
[BIGPRIM] code=0x3c tp=0x38 span=651x1247 at(1006,-1902)
[FOGST-GPU] clear=0xff544e5a
[BIGPRIM] code=0x3c tp=0x38 span=306x1578 at(280,1240)
[BIGPRIM] code=0x3c tp=0x29 span=702x900 at(-296,2645)
[BIGPRIM] code=0x3c tp=0x29 span=732x1051 at(-296,2397)
[BIGPRIM] code=0x3c tp=0x38 span=132x1173 at(550,1096)
[BIGPRIM] code=0x3c tp=0x29 span=1029x733 at(-842,414)
[FOGST-GPU] clear=0xff544d5a
[BIGPRIM] code=0x3c tp=0x38 span=1608x1337 at(-1274,-2931)
[BIGPRIM] code=0x3c tp=0x38 span=504x893 at(970,-1423)
[BIGPRIM] code=0x3c tp=0x38 span=117x832 at(481,-1417)
[BIGPRIM] code=0x3c tp=0x38 span=162x740 at(430,941)
[BIGPRIM] code=0x3c tp=0x38 span=1131x1498 at(814,-2931)
[BIGPRIM] code=0x3c tp=0x38 span=546x987 at(946,-1597)
[BIGPRIM] code=0x3c tp=0x38 span=411x1395 at(-74,-2931)
[BIGPRIM] code=0x3c tp=0x38 span=1467x550 at(-1316,-2931)
[FOGST-GPU] clear=0xff544e5a
[BIGPRIM] code=0x3c tp=0x38 span=234x1025 at(232,-1735)
[BIGPRIM] code=0x3c tp=0x38 span=357x1254 at(-98,-2931)
[BIGPRIM] code=0x3c tp=0x29 span=534x990 at(445,771)
[BIGPRIM] code=0x3c tp=0x38 span=216x1177 at(262,1423)
[BIGPRIM] code=0x3c tp=0x29 span=495x1096 at(-68,-1793)
[BIGPRIM] code=0x3c tp=0x38 span=84x1347 at(424,1401)
[FOGST-GPU] clear=0xff544e5b
[BIGPRIM] code=0x3c tp=0x38 span=540x894 at(1003,-1726)
[BIGPRIM] code=0x3c tp=0x38 span=177x1334 at(190,1407)
[FOGST-GPU] clear=0xff554e5b
[BIGPRIM] code=0x3c tp=0x29 span=504x1006 at(394,752)
[BIGPRIM] code=0x3c tp=0x38 span=270x1196 at(-74,-2931)
[BIGPRIM] code=0x3c tp=0x38 span=876x1489 at(1099,-2671)
[FOGST-GPU] clear=0xff554f5b
[BIGPRIM] code=0x3c tp=0x38 span=111x1283 at(397,1465)
[BIGPRIM] code=0x3c tp=0x29 span=441x922 at(-32,1012)
[FOGST-GPU] clear=0xff554f5c
[BIGPRIM] code=0x3c tp=0x29 span=492x1061 at(-167,-1671)
[BIGPRIM] code=0x3c tp=0x38 span=306x1553 at(-110,-2931)
[BIGPRIM] code=0x3c tp=0x38 span=507x765 at(961,-1591)
[BIGPRIM] code=0x3c tp=0x29 span=1599x1624 at(844,687)
[FOGST-GPU] clear=0xff564f5c
[BIGPRIM] code=0x3c tp=0x38 span=207x852 at(169,1041)
[BIGPRIM] code=0x3c tp=0x38 span=819x1507 at(883,-2529)
[BIGPRIM] code=0x3c tp=0x29 span=600x890 at(643,591)
[BIGPRIM] code=0x3c tp=0x38 span=645x1109 at(853,-1960)
[FOGST-GPU] clear=0xff56505c
[BIGPRIM] code=0x3c tp=0x38 span=207x1321 at(139,1234)
[FOGST-GPU] clear=0xff56505d
[BIGPRIM] code=0x3c tp=0x38 span=156x1302 at(202,-1951)
[FOGST-GPU] clear=0xff56505c
[BIGPRIM] code=0x3c tp=0x38 span=183x1173 at(133,-2931)
[BIGPRIM] code=0x3c tp=0x29 span=783x1562 at(724,765)
[FOGST-GPU] clear=0xff564f5c
[BIGPRIM] code=0x3c tp=0x29 span=1281x1427 at(118,2221)
[BIGPRIM] code=0x3c tp=0x38 span=303x1324 at(154,1501)
[FOGST-GPU] clear=0xff554f5c
[BIGPRIM] code=0x3c tp=0x29 span=285x832 at(232,1176)
[FOGST-GPU] clear=0xff554f5b
[BIGPRIM] code=0x3a tp=0xa span=1020x770 at(130,-25)
[BIGPRIM] code=0x3c tp=0x38 span=162x1436 at(412,1530)
[BIGPRIM] code=0x3c tp=0x38 span=309x1498 at(208,1462)
[FOGST-GPU] clear=0xff554e5b
[BIGPRIM] code=0x3a tp=0xa span=1020x770 at(130,-25)
[BIGPRIM] code=0x3c tp=0x38 span=228x938 at(301,-1407)
[BIGPRIM] code=0x3c tp=0x29 span=324x864 at(-113,1803)
[FOGST-GPU] clear=0xff544e5b
[BIGPRIM] code=0x3c tp=0x38 span=192x781 at(340,-1163)
[BIGPRIM] code=0x3c tp=0x38 span=156x1311 at(460,1681)
[FOGST-GPU] clear=0xff544e5a
[BIGPRIM] code=0x3c tp=0x38 span=276x1063 at(316,1800)
[BIGPRIM] code=0x3c tp=0x38 span=126x742 at(490,1295)
[FOGST-GPU] clear=0xff544d5a
[BIGPRIM] code=0x3c tp=0x35 span=468x797 at(769,2298)
[FOGST-GPU] clear=0xff534d5a
[BIGPRIM] code=0x3c tp=0x29 span=240x778 at(100,1854)
[FOGST-GPU] clear=0xff534d59
[BIGPRIM] code=0x3c tp=0x29 span=651x1000 at(1021,890)
[BIGPRIM] code=0x3c tp=0x38 span=216x836 at(586,2092)
[BIGPRIM] code=0x3c tp=0x29 span=777x1115 at(1099,900)
[FOGST-GPU] clear=0xff534c59
[BIGPRIM] code=0x3c tp=0x38 span=336x810 at(388,2111)
[FOGST-GPU] clear=0xff524c59
[FOGST-GPU] clear=0xff524c58
[BIGPRIM] code=0x3c tp=0x29 span=492x1170 at(193,964)
[BIGPRIM] code=0x3c tp=0x38 span=84x833 at(754,1298)
[BIGPRIM] code=0x3c tp=0x35 span=132x980 at(943,1504)
[BIGPRIM] code=0x3c tp=0x29 span=330x1235 at(145,2098)
[FOGST-GPU] clear=0xff514b57
[BIGPRIM] code=0x3c tp=0x38 span=543x1330 at(310,-1886)
[BIGPRIM] code=0x3c tp=0x38 span=132x1321 at(988,1407)
[BIGPRIM] code=0x3c tp=0x35 span=87x765 at(973,1700)
[BIGPRIM] code=0x3c tp=0x38 span=411x801 at(148,-1366)
[BIGPRIM] code=0x3c tp=0x29 span=1131x1279 at(-863,668)
[BIGPRIM] code=0x3c tp=0x38 span=1245x806 at(-1091,-183)
[FOGST-GPU] clear=0xff504a56
[BIGPRIM] code=0x3c tp=0x38 span=375x1266 at(313,-1918)
[BIGPRIM] code=0x3c tp=0x38 span=156x1465 at(931,1546)
[BIGPRIM] code=0x3c tp=0x35 span=135x923 at(1123,1362)
[BIGPRIM] code=0x3c tp=0x29 span=270x978 at(127,1677)
[BIGPRIM] code=0x3c tp=0x38 span=603x1523 at(-404,-2500)
[BIGPRIM] code=0x3c tp=0x38 span=492x1630 at(181,-2420)
[BIGPRIM] code=0x3c tp=0x29 span=1101x855 at(-422,2793)
[BIGPRIM] code=0x3c tp=0x29 span=330x1498 at(760,1417)
[BIGPRIM] code=0x3c tp=0x38 span=462x842 at(709,2169)
[FOGST-GPU] clear=0xff4f4955
[BIGPRIM] code=0x3c tp=0x38 span=615x1424 at(1036,-1751)
[BIGPRIM] code=0x3c tp=0x29 span=1110x1640 at(1015,2008)
[BIGPRIM] code=0x3c tp=0x29 span=1017x965 at(-74,2683)
[BIGPRIM] code=0x3c tp=0x38 span=789x759 at(388,2889)
[BIGPRIM] code=0x3c tp=0x38 span=264x858 at(163,-1520)
[BIGPRIM] code=0x3c tp=0x38 span=249x832 at(202,-1481)
[BIGPRIM] code=0x3a tp=0x20 span=1020x770 at(130,-25)
[FOGST-GPU] clear=0xff4f4954
[BIGPRIM] code=0x3c tp=0x38 span=783x907 at(130,2741)
[FOGST-GPU] clear=0xff4e4954
[BIGPRIM] code=0x3c tp=0x35 span=621x797 at(502,2388)
[BIGPRIM] code=0x3c tp=0x35 span=537x830 at(520,2291)
[FOGST-GPU] clear=0xff4e4854
[BIGPRIM] code=0x3c tp=0x38 span=741x1061 at(-32,2587)
[BIGPRIM] code=0x3c tp=0x35 span=531x862 at(406,2214)
[BIGPRIM] code=0x3a tp=0x20 span=1020x770 at(130,-25)
[BIGPRIM] code=0x3a tp=0xa span=1020x770 at(130,-25)
[BIGPRIM] code=0x3a tp=0xa span=1020x770 at(130,-25)
[FOGST-GPU] clear=0xff4e4853
[BIGPRIM] code=0x3c tp=0x38 span=402x755 at(877,-906)
[FOGST-GPU] clear=0xff4d4853
[BIGPRIM] code=0x3c tp=0x38 span=417x1511 at(418,-2931)
[FOGST-GPU] clear=0xff4d4753
[BIGPRIM] code=0x3c tp=0x38 span=234x1298 at(610,-1931)
[BIGPRIM] code=0x3c tp=0x38 span=255x1427 at(697,-2931)
[FOGST-GPU] clear=0xff4d4752
[BIGPRIM] code=0x3c tp=0x38 span=144x945 at(877,-1526)
[FOGST-GPU] clear=0xff4c4752
[FOGST-GPU] clear=0xff4c4652
[BIGPRIM] code=0x3c tp=0x38 span=216x1179 at(724,-1767)
[BIGPRIM] code=0x3c tp=0x35 span=438x1189 at(4,2317)
[FOGST-GPU] clear=0xff4c4651
[BIGPRIM] code=0x3c tp=0x38 span=54x865 at(1060,-1517)
[FOGST-GPU] clear=0xff4b4651
[BIGPRIM] code=0x3c tp=0x29 span=1179x1086 at(-971,575)
[FOGST-GPU] clear=0xff4b4551
[FOGST-GPU] clear=0xff4b4550
[BIGPRIM] code=0x3c tp=0x38 span=705x878 at(592,793)
[FOGST-GPU] clear=0xff4a4550
[BIGPRIM] code=0x3c tp=0x38 span=330x858 at(-32,-1227)
[BIGPRIM] code=0x3c tp=0x38 span=990x748 at(-773,-613)
[FOGST-GPU] clear=0xff4a4450
[BIGPRIM] code=0x3c tp=0x38 span=810x1109 at(424,797)
[FOGST-GPU] clear=0xff4a444f
[BIGPRIM] code=0x3a tp=0xa span=1020x770 at(130,-25)
[BIGPRIM] code=0x3c tp=0x38 span=54x868 at(844,-1912)
[FOGST-GPU] clear=0xff49444f
[BIGPRIM] code=0x3c tp=0x38 span=333x759 at(901,-842)
[BIGPRIM] code=0x3c tp=0x35 span=1104x298 at(1015,-250)
[FOGST-GPU] clear=0xff49444e
[BIGPRIM] code=0x3c tp=0x38 span=1128x1495 at(79,774)
[FOGST-GPU] clear=0xff49434e
[BIGPRIM] code=0x3c tp=0x38 span=312x890 at(-38,-954)
[FOGST-GPU] clear=0xff48434e
[BIGPRIM] code=0x3c tp=0x38 span=102x1000 at(835,1160)
[FOGST-GPU] clear=0xff48434d
[FOGST-GPU] clear=0xff48424d
[BIGPRIM] code=0x3c tp=0x38 span=396x733 at(-248,-1751)
[FOGST-GPU] clear=0xff47424d
[BIGPRIM] code=0x3c tp=0x38 span=1371x1038 at(763,-720)
[FOGST-GPU] clear=0xff47424c
[BIGPRIM] code=0x3c tp=0x38 span=1293x1012 at(766,-736)
[FOGST-GPU] clear=0xff47424d
[BIGPRIM] code=0x3a tp=0xa span=1020x770 at(130,-25)
[FOGST-GPU] clear=0xff48424d
[BIGPRIM] code=0x3c tp=0x38 span=258x1630 at(244,-2256)
[FOGST-GPU] clear=0xff48434d
[BIGPRIM] code=0x3a tp=0xa span=1020x770 at(130,-25)
[BIGPRIM] code=0x3a tp=0xa span=1020x770 at(130,-25)
[FOGST-GPU] clear=0xff48424d
[BIGPRIM] code=0x3a tp=0xa span=1020x770 at(130,-25)
[FOGST-GPU] clear=0xff47424d
[BIGPRIM] code=0x3c tp=0x38 span=618x1302 at(-377,1070)
[FOGST-GPU] clear=0xff47424c
[BIGPRIM] code=0x3c tp=0x38 span=657x1539 at(1060,765)
[FOGST-GPU] clear=0xff47414c
[BIGPRIM] code=0x3c tp=0x38 span=546x1115 at(-281,993)
[BIGPRIM] code=0x3a tp=0x20 span=1020x770 at(130,-25)
[FOGST-GPU] clear=0xff46414c
[BIGPRIM] code=0x3c tp=0x38 span=258x1601 at(937,1179)
[FOGST-GPU] clear=0xff46414b
[FOGST-GPU] clear=0xff45404a
[BIGPRIM] code=0x3a tp=0xa span=1020x770 at(130,-25)
[FOGST-GPU] clear=0xff453f4a
[FOGST-GPU] clear=0xff443f4a
[FOGST-GPU] clear=0xff443f49
[BIGPRIM] code=0x3c tp=0x38 span=432x833 at(-125,848)
[BIGPRIM] code=0x3a tp=0x20 span=1020x770 at(130,-25)
[FOGST-GPU] clear=0xff433e48
[BIGPRIM] code=0x3c tp=0x38 span=93x720 at(847,1018)
[FOGST-GPU] clear=0xff423d47
[BIGPRIM] code=0x3c tp=0x39 span=567x736 at(-422,1735)
[BIGPRIM] code=0x3c tp=0x38 span=705x1247 at(-335,2401)
[BIGPRIM] code=0x3c tp=0x39 span=303x1408 at(754,1722)
[BIGPRIM] code=0x3c tp=0x38 span=330x833 at(-20,1121)
[BIGPRIM] code=0x3c tp=0x38 span=633x1116 at(415,-2057)
[FOGST-GPU] clear=0xff413d46
[BIGPRIM] code=0x3c tp=0x38 span=168x1292 at(781,2356)
[FOGST-GPU] clear=0xff413c46
[BIGPRIM] code=0x3a tp=0x20 span=1020x770 at(130,-25)
[BIGPRIM] code=0x3c tp=0x38 span=564x1022 at(-116,1906)
[RA] http POST http://retroachievements.org/dorequest.php
[NET] POST retroachievements.org -> 200 (16 bytes)
[RA] http -> status=200 bodyLen=16 body='{"Success":true}'
[BIGPRIM] code=0x3c tp=0x38 span=195x1472 at(1000,1282)
[BIGPRIM] code=0x3c tp=0x35 span=423x1457 at(1072,-2340)
[FOGST-GPU] clear=0xff413c45
[BIGPRIM] code=0x3c tp=0x35 span=84x1395 at(718,2031)
[FOGST-GPU] clear=0xff403c45
[BIGPRIM] code=0x3c tp=0x35 span=84x1247 at(724,1954)
[FOGST-GPU] clear=0xff403b45
[BIGPRIM] code=0x3c tp=0x35 span=87x1122 at(727,1873)
[BIGPRIM] code=0x3c tp=0x38 span=135x1083 at(811,2565)
[BIGPRIM] code=0x3c tp=0x35 span=336x1218 at(1057,-2140)
[BIGPRIM] code=0x3c tp=0x38 span=582x1247 at(781,2401)
[FOGST-GPU] clear=0xff3f3b44
[BIGPRIM] code=0x3c tp=0x38 span=609x1145 at(-182,2053)
[BIGPRIM] code=0x3c tp=0x38 span=132x778 at(991,858)
[FOGST-GPU] clear=0xff3f3a44
[BIGPRIM] code=0x3c tp=0x38 span=1233x1025 at(-995,1073)
[BIGPRIM] code=0x3c tp=0x38 span=411x739 at(1126,-874)
[FOGST-GPU] clear=0xff3f3a43
[BIGPRIM] code=0x3c tp=0x38 span=129x1254 at(763,-2250)
[BIGPRIM] code=0x3c tp=0x38 span=126x1228 at(766,-2224)
[SH-XBOX] vblank 12000
[MEM] tick: free=2488KB (622 pages)
[BIGPRIM] code=0x3c tp=0x38 span=531x916 at(-59,1758)
[FOGST-GPU] clear=0xff3e3a43
[BIGPRIM] code=0x3c tp=0x35 span=246x971 at(1072,-1938)
[BIGPRIM] code=0x3c tp=0x39 span=714x1215 at(-350,2433)
[BIGPRIM] code=0x3a tp=0x20 span=1020x770 at(130,-25)
[BIGPRIM] code=0x3c tp=0x38 span=1002x714 at(-707,893)
[BIGPRIM] code=0x3c tp=0x38 span=468x990 at(808,1861)
[BIGPRIM] code=0x3c tp=0x39 span=681x1328 at(-299,2320)
[FOGST-GPU] clear=0xff3e3943
[BIGPRIM] code=0x3c tp=0x38 span=72x1112 at(742,-2124)
[BIGPRIM] code=0x3c tp=0x35 span=237x903 at(1048,-1883)
[BIGPRIM] code=0x3c tp=0x39 span=582x1283 at(229,2365)
[BIGPRIM] code=0x3c tp=0x38 span=996x379 at(988,308)
[BIGPRIM] code=0x3c tp=0x39 span=162x894 at(376,2211)
[FOGST-GPU] clear=0xff3e3942
[BIGPRIM] code=0x3c tp=0x39 span=540x1292 at(1087,2356)
[BIGPRIM] code=0x3a tp=0x20 span=1020x770 at(130,-25)
[FOGST-GPU] clear=0xff3d3942
[BIGPRIM] code=0x3c tp=0x38 span=198x797 at(10,1144)
[BIGPRIM] code=0x3c tp=0x39 span=492x1260 at(1039,2137)
[FOGST-GPU] clear=0xff3d3842
[FOGST-GPU] clear=0xff3d3841
[BIGPRIM] code=0x3a tp=0xa span=1020x770 at(130,-25)
[BIGPRIM] code=0x3c tp=0x39 span=585x1616 at(-2,1575)
[FOGST-GPU] clear=0xff3c3841
[BIGPRIM] code=0x3c tp=0x39 span=348x829 at(988,1890)
[BIGPRIM] code=0x3c tp=0x39 span=471x1546 at(-119,2102)
[BIGPRIM] code=0x3c tp=0x39 span=456x720 at(865,2928)
[FOGST-GPU] clear=0xff3c3840
[FOGST-GPU] clear=0xff3c3740
[BIGPRIM] code=0x3c tp=0x39 span=765x1000 at(937,1092)
[BIGPRIM] code=0x3c tp=0x39 span=522x1154 at(193,1340)
[FOGST-GPU] clear=0xff3b3740
[BIGPRIM] code=0x3c tp=0x38 span=810x1251 at(673,1899)
[BIGPRIM] code=0x3c tp=0x39 span=264x865 at(163,1674)
[BIGPRIM] code=0x3c tp=0x39 span=219x790 at(-23,2028)
[FOGST-GPU] clear=0xff3b373f
[FOGST-GPU] clear=0xff3b363f
[BIGPRIM] code=0x3c tp=0x38 span=336x1600 at(679,-2413)
[BIGPRIM] code=0x3c tp=0x38 span=2667x1038 at(1042,-1047)
[BIGPRIM] code=0x3c tp=0x38 span=1110x430 at(943,-141)
[FOGST-GPU] clear=0xff3a363f
[BIGPRIM] code=0x3c tp=0x38 span=180x835 at(190,1141)
[BIGPRIM] code=0x3c tp=0x38 span=156x781 at(421,-1748)
[FOGST-GPU] clear=0xff3a363e
[BIGPRIM] code=0x3a tp=0x20 span=1020x770 at(130,-25)
[BIGPRIM] code=0x3c tp=0x38 span=1581x1273 at(-950,2375)
[BIGPRIM] code=0x3c tp=0x38 span=1575x1440 at(-950,2208)
[FOGST-GPU] clear=0xff3a353e
[BIGPRIM] code=0x3c tp=0x38 span=177x1598 at(490,2050)
[FOGST-GPU] clear=0xff39353e
[BIGPRIM] code=0x3c tp=0x38 span=255x932 at(43,1057)
[FOGST-GPU] clear=0xff39353d
[BIGPRIM] code=0x3c tp=0x38 span=1575x415 at(-1070,3233)
[BIGPRIM] code=0x3c tp=0x38 span=948x756 at(-620,1391)
[BIGPRIM] code=0x3a tp=0xa span=1020x770 at(130,-25)
[BIGPRIM] code=0x3c tp=0x38 span=495x1517 at(-335,1099)
[FOGST-GPU] clear=0xff39343d
[BIGPRIM] code=0x3c tp=0x38 span=525x1623 at(694,-2931)
[FOGST-GPU] clear=0xff38343d
[BIGPRIM] code=0x3c tp=0x35 span=186x720 at(-5,-2278)
[FOGST-GPU] clear=0xff38343c
[BIGPRIM] code=0x3c tp=0x38 span=414x1119 at(-215,996)
[BIGPRIM] code=0x3c tp=0x38 span=576x977 at(-335,-2863)
[FOGST-GPU] clear=0xff38333c
[BIGPRIM] code=0x3c tp=0x38 span=513x720 at(-8,-2931)
[FOGST-GPU] clear=0xff37333c
[BIGPRIM] code=0x3c tp=0x38 span=189x1324 at(493,-2275)
[BIGPRIM] code=0x3a tp=0x20 span=1020x770 at(130,-25)
[FOGST-GPU] clear=0xff37333b
[BIGPRIM] code=0x3c tp=0x38 span=264x1205 at(64,-2931)
[BIGPRIM] code=0x3c tp=0x38 span=1440x1562 at(982,1128)
[BIGPRIM] code=0x3c tp=0x38 span=147x804 at(304,-1793)
[BIGPRIM] code=0x3c tp=0x38 span=1221x1340 at(943,1073)
[BIGPRIM] code=0x3c tp=0x38 span=156x871 at(277,-1912)
[BIGPRIM] code=0x3c tp=0x38 span=363x1179 at(727,-1436)
[BIGPRIM] code=0x3c tp=0x38 span=231x1141 at(22,-2764)
[FOGST-GPU] clear=0xff37323b
[BIGPRIM] code=0x3a tp=0x20 span=1020x770 at(130,-25)
[FOGST-GPU] clear=0xff36323b
[FOGST-GPU] clear=0xff36323a
[BIGPRIM] code=0x3c tp=0x38 span=135x916 at(454,-1594)
[BIGPRIM] code=0x3c tp=0x38 span=1218x1003 at(-1064,1163)
[BIGPRIM] code=0x3c tp=0x38 span=1449x1370 at(-1124,2278)
[BIGPRIM] code=0x3c tp=0x38 span=744x1167 at(313,1054)
[BIGPRIM] code=0x3a tp=0xa span=1020x770 at(130,-25)
[BIGPRIM] code=0x3c tp=0x38 span=672x1009 at(334,996)
[BIGPRIM] code=0x3a tp=0x20 span=1020x770 at(130,-25)
[BIGPRIM] code=0x3c tp=0x38 span=174x861 at(229,-2031)
[BIGPRIM] code=0x3a tp=0x20 span=1020x770 at(130,-25)
[BIGPRIM] code=0x3c tp=0x38 span=213x1119 at(202,-2491)
[BIGPRIM] code=0x3a tp=0xa span=1020x770 at(130,-25)
[BIGPRIM] code=0x3c tp=0x38 span=624x836 at(-470,787)
[BIGPRIM] code=0x3a tp=0xa span=1020x770 at(130,-25)
[BIGPRIM] code=0x3c tp=0x38 span=291x1581 at(391,-2931)
[BIGPRIM] code=0x3c tp=0x38 span=309x720 at(-113,-906)
[BIGPRIM] code=0x3a tp=0xa span=1020x770 at(130,-25)
[BIGPRIM] code=0x3c tp=0x38 span=429x720 at(-119,739)
[BIGPRIM] code=0x3c tp=0x38 span=258x1453 at(412,-2931)
[BIGPRIM] code=0x3c tp=0x38 span=126x784 at(571,-1632)
[BIGPRIM] code=0x3c tp=0x38 span=186x897 at(292,-2356)
[BIGPRIM] code=0x3c tp=0x38 span=480x749 at(28,-2931)
[BIGPRIM] code=0x3c tp=0x38 span=135x868 at(643,-1581)
[BIGPRIM] code=0x3c tp=0x38 span=492x1144 at(781,-2931)
[BIGPRIM] code=0x3c tp=0x38 span=123x720 at(634,-1333)
[BIGPRIM] code=0x3c tp=0x38 span=246x1276 at(748,-1941)
[BIGPRIM] code=0x3c tp=0x38 span=546x743 at(16,-2931)
[BIGPRIM] code=0x3c tp=0x38 span=240x1074 at(115,-2780)
[BIGPRIM] code=0x3c tp=0x38 span=210x1025 at(715,-1571)
[BIGPRIM] code=0x3c tp=0x38 span=1026x1292 at(496,1305)
[BIGPRIM] code=0x3c tp=0x38 span=168x909 at(430,-1873)
[BIGPRIM] code=0x3c tp=0x38 span=1119x1507 at(466,1369)
[BIGPRIM] code=0x3c tp=0x38 span=252x1244 at(220,-2780)
[BIGPRIM] code=0x3c tp=0x35 span=201x727 at(-14,-2295)
[BIGPRIM] code=0x3c tp=0x38 span=249x756 at(175,925)
[FOGST-GPU] clear=0xff37323b
[FOGST-GPU] clear=0xff37333b
[BIGPRIM] code=0x3c tp=0x38 span=234x1044 at(394,-2259)
[BIGPRIM] code=0x3a tp=0xa span=1020x770 at(130,-25)
[BIGPRIM] code=0x3c tp=0x38 span=2601x909 at(1108,-973)
[FOGST-GPU] clear=0xff37333c
[BIGPRIM] code=0x3a tp=0xa span=1020x770 at(130,-25)
[FOGST-GPU] clear=0xff38333c
[BIGPRIM] code=0x3c tp=0x38 span=231x993 at(538,-1938)
[FOGST-GPU] clear=0xff38343c
[BIGPRIM] code=0x3c tp=0x38 span=1128x308 at(1066,-135)
[BIGPRIM] code=0x3c tp=0x38 span=1518x1408 at(-602,2240)
[FOGST-GPU] clear=0xff38343d
[BIGPRIM] code=0x3a tp=0xa span=1020x770 at(130,-25)
[FOGST-GPU] clear=0xff39343d
[BIGPRIM] code=0x3c tp=0x38 span=1494x385 at(1123,-247)
[FOGST-GPU] clear=0xff39353d
[BIGPRIM] code=0x3c tp=0x38 span=297x1280 at(679,-2086)
[BIGPRIM] code=0x3c tp=0x38 span=111x810 at(1039,1575)
[FOGST-GPU] clear=0xff39353e
[BIGPRIM] code=0x3c tp=0x38 span=156x1443 at(1075,2205)
[BIGPRIM] code=0x3c tp=0x38 span=1305x1495 at(-836,2153)
[FOGST-GPU] clear=0xff3a353e
[BIGPRIM] code=0x3c tp=0x39 span=1374x502 at(1051,3146)
[FOGST-GPU] clear=0xff3a363e
[BIGPRIM] code=0x3c tp=0x38 span=168x820 at(418,1211)
[BIGPRIM] code=0x3c tp=0x38 span=1599x1331 at(-1199,2317)
[FOGST-GPU] clear=0xff3a363f
[BIGPRIM] code=0x3a tp=0xa span=1020x770 at(130,-25)
[BIGPRIM] code=0x3a tp=0xa span=1020x770 at(130,-25)
[BIGPRIM] code=0x3c tp=0x38 span=1122x1058 at(-668,2082)
[FOGST-GPU] clear=0xff3b363f
[BIGPRIM] code=0x3c tp=0x39 span=411x881 at(430,1295)
[BIGPRIM] code=0x3c tp=0x38 span=870x758 at(865,2507)
[BIGPRIM] code=0x3c tp=0x39 span=297x800 at(433,1327)
[BIGPRIM] code=0x3c tp=0x38 span=1467x720 at(-554,2928)
[BIGPRIM] code=0x3c tp=0x39 span=645x942 at(742,1256)
[BIGPRIM] code=0x3c tp=0x39 span=141x820 at(544,1780)
[FOGST-GPU] clear=0xff3b373f
[BIGPRIM] code=0x3a tp=0xa span=1020x770 at(130,-25)
[BIGPRIM] code=0x3c tp=0x39 span=231x987 at(355,1783)
[FOGST-GPU] clear=0xff3b3740
[BIGPRIM] code=0x3c tp=0x39 span=270x964 at(355,2629)
[BIGPRIM] code=0x3c tp=0x39 span=363x1064 at(352,1488)
[FOGST-GPU] clear=0xff3c3740
[BIGPRIM] code=0x3c tp=0x39 span=78x836 at(607,2169)
[BIGPRIM] code=0x3c tp=0x38 span=1296x993 at(883,2655)
[BIGPRIM] code=0x3a tp=0x20 span=1020x770 at(130,-25)
[FOGST-GPU] clear=0xff3c3841
[BIGPRIM] code=0x3c tp=0x39 span=144x745 at(511,2086)
[BIGPRIM] code=0x3c tp=0x39 span=426x1048 at(1132,2150)
[CHNK] n=4 s0=-3,6,st3 s1=-2,2,st2 s2=-3,5,st3 s3=-2,1,st2
[FOGST-GPU] clear=0xff3d3841
[BIGPRIM] code=0x3c tp=0x39 span=432x1070 at(-149,1202)
[BIGPRIM] code=0x3c tp=0x39 span=642x1128 at(-224,2520)
[FOGST-GPU] clear=0xff3d3942
[BIGPRIM] code=0x3c tp=0x39 span=546x1247 at(-296,1250)
[BIGPRIM] code=0x3c tp=0x39 span=591x894 at(-431,2754)
[FOGST-GPU] clear=0xff3e3942
[BIGPRIM] code=0x3c tp=0x39 span=522x1003 at(115,1198)
[FOGST-GPU] clear=0xff3e3943
[BIGPRIM] code=0x3c tp=0x38 span=315x1051 at(-68,1311)
[FOGST-GPU] clear=0xff3e3a43
[BIGPRIM] code=0x3c tp=0x38 span=114x804 at(826,1417)
[FOGST-GPU] clear=0xff3f3a43
[BIGPRIM] code=0x3c tp=0x38 span=753x1029 at(895,-1983)
[BIGPRIM] code=0x3c tp=0x38 span=93x768 at(844,1070)
[BIGPRIM] code=0x3a tp=0x20 span=1020x770 at(130,-25)
[FOGST-GPU] clear=0xff3f3a44
[BIGPRIM] code=0x3c tp=0x35 span=138x923 at(838,1899)
[BIGPRIM] code=0x3c tp=0x35 span=141x974 at(838,1941)
[BIGPRIM] code=0x3c tp=0x38 span=327x1350 at(1030,2298)
[FOGST-GPU] clear=0xff3f3b44
[BIGPRIM] code=0x3c tp=0x39 span=234x880 at(826,2311)
[FOGST-GPU] clear=0xff403b45
[BIGPRIM] code=0x3c tp=0x39 span=243x935 at(823,2401)
[BIGPRIM] code=0x3c tp=0x38 span=1137x1239 at(-938,-446)
[BIGPRIM] code=0x3c tp=0x35 span=87x851 at(739,1697)
[FOGST-GPU] clear=0xff403c45
[BIGPRIM] code=0x3c tp=0x35 span=345x1247 at(1057,-2166)
[BIGPRIM] code=0x3c tp=0x38 span=117x1540 at(937,1555)
[FOGST-GPU] clear=0xff413c45
[BIGPRIM] code=0x3c tp=0x39 span=216x787 at(805,1086)
[FOGST-GPU] clear=0xff413c46
[BIGPRIM] code=0x3c tp=0x38 span=654x971 at(148,2677)
[BIGPRIM] code=0x3c tp=0x35 span=447x1462 at(1093,-2349)
[BIGPRIM] code=0x3c tp=0x39 span=324x752 at(757,2896)
[BIGPRIM] code=0x3c tp=0x38 span=666x1417 at(-443,1131)
[BIGPRIM] code=0x3c tp=0x38 span=546x1270 at(271,2201)
[BIGPRIM] code=0x3c tp=0x35 span=66x974 at(676,2674)
[FOGST-GPU] clear=0xff413d46
[BIGPRIM] code=0x3c tp=0x38 span=339x865 at(-38,1147)
[FOGST-GPU] clear=0xff423d46
[BIGPRIM] code=0x3c tp=0x39 span=447x900 at(385,1732)
[FOGST-GPU] clear=0xff423d47
[BIGPRIM] code=0x3c tp=0x39 span=84x1537 at(721,1555)
[BIGPRIM] code=0x3c tp=0x35 span=375x1006 at(-146,1809)
[BIGPRIM] code=0x3c tp=0x38 span=699x730 at(805,-903)
[BIGPRIM] code=0x3c tp=0x38 span=780x1045 at(-512,494)
[BIGPRIM] code=0x3a tp=0xa span=1020x770 at(130,-25)
[FOGST-GPU] clear=0xff423e47
[FOGST-GPU] clear=0xff433e48
[BIGPRIM] code=0x3a tp=0x20 span=1020x770 at(130,-25)
[BIGPRIM] code=0x3c tp=0x38 span=456x923 at(1048,433)
[BIGPRIM] code=0x3c tp=0x38 span=204x996 at(934,932)
[BIGPRIM] code=0x3a tp=0x20 span=1020x770 at(130,-25)
[BIGPRIM] code=0x3c tp=0x35 span=45x1118 at(658,2282)
[BIGPRIM] code=0x3c tp=0x38 span=1116x87 at(-935,3561)
[BIGPRIM] code=0x3c tp=0x39 span=480x782 at(25,1558)
[BIGPRIM] code=0x3c tp=0x35 span=54x736 at(685,1938)
[BIGPRIM] code=0x3c tp=0x39 span=264x1105 at(778,1443)
[BIGPRIM] code=0x3c tp=0x39 span=402x736 at(439,1488)
[BIGPRIM] code=0x3c tp=0x38 span=159x1463 at(790,2185)
[BIGPRIM] code=0x3c tp=0x35 span=474x1587 at(1078,-2458)
[BIGPRIM] code=0x3c tp=0x39 span=93x720 at(715,2928)
[BIGPRIM] code=0x3c tp=0x38 span=117x1424 at(826,1468)
[BIGPRIM] code=0x3c tp=0x39 span=69x881 at(760,1115)
[BIGPRIM] code=0x3c tp=0x38 span=735x980 at(-455,453)
[BIGPRIM] code=0x3c tp=0x38 span=741x1138 at(-389,2510)
[BIGPRIM] code=0x3c tp=0x35 span=420x1392 at(1087,-2285)
[BIGPRIM] code=0x3c tp=0x35 span=393x1375 at(1108,-2275)
[BIGPRIM] code=0x3c tp=0x35 span=126x1167 at(727,1963)
[BIGPRIM] code=0x3c tp=0x39 span=288x807 at(772,2523)
[BIGPRIM] code=0x3c tp=0x39 span=84x1138 at(742,2510)
[BIGPRIM] code=0x3c tp=0x39 span=84x1138 at(742,2510)
[BIGPRIM] code=0x3c tp=0x39 span=84x1138 at(742,2510)
[BIGPRIM] code=0x3c tp=0x39 span=84x1138 at(742,2510)
[BIGPRIM] code=0x3c tp=0x39 span=84x1138 at(742,2510)
[FOGST-GPU] clear=0xff423e47
[BIGPRIM] code=0x3c tp=0x39 span=84x1138 at(742,2510)
[FOGST-GPU] clear=0xff423d47
[BIGPRIM] code=0x3c tp=0x39 span=84x1138 at(742,2510)
[BIGPRIM] code=0x3c tp=0x39 span=84x1138 at(742,2510)
[BIGPRIM] code=0x3c tp=0x39 span=84x1138 at(742,2510)
[BIGPRIM] code=0x3c tp=0x39 span=84x1138 at(742,2510)
[BIGPRIM] code=0x3c tp=0x39 span=84x1135 at(739,2513)
[BIGPRIM] code=0x3c tp=0x39 span=84x1135 at(739,2513)
[BIGPRIM] code=0x3c tp=0x39 span=84x1135 at(739,2513)
[BIGPRIM] code=0x3c tp=0x39 span=84x1135 at(739,2513)
[BIGPRIM] code=0x3c tp=0x39 span=84x1135 at(739,2513)
[BIGPRIM] code=0x3c tp=0x39 span=84x1135 at(739,2513)
[BIGPRIM] code=0x3c tp=0x39 span=84x1135 at(739,2513)
[FOGST-GPU] clear=0xff413d46
[BIGPRIM] code=0x3c tp=0x39 span=84x1135 at(739,2513)
[FOGST-GPU] clear=0xff413c46
[BIGPRIM] code=0x3c tp=0x39 span=84x1135 at(739,2513)
[BIGPRIM] code=0x3c tp=0x39 span=84x1135 at(739,2513)
[BIGPRIM] code=0x3c tp=0x39 span=84x1135 at(739,2513)
[BIGPRIM] code=0x3c tp=0x39 span=84x1135 at(739,2513)
[BIGPRIM] code=0x3c tp=0x39 span=84x1135 at(739,2513)
[FOGST-GPU] clear=0xff413c45
[BIGPRIM] code=0x3c tp=0x39 span=84x1135 at(739,2513)
[FOGST-GPU] clear=0xff403c45
[BIGPRIM] code=0x3c tp=0x39 span=84x1148 at(742,2500)
[BIGPRIM] code=0x3c tp=0x39 span=84x1161 at(742,2487)
[FOGST-GPU] clear=0xff403b45
[BIGPRIM] code=0x3c tp=0x39 span=285x755 at(775,2452)
[BIGPRIM] code=0x3c tp=0x35 span=144x1048 at(754,1867)
[BIGPRIM] code=0x3c tp=0x38 span=627x1045 at(769,2603)
[FOGST-GPU] clear=0xff403b44
[BIGPRIM] code=0x3c tp=0x38 span=135x1103 at(811,2545)
[BIGPRIM] code=0x3c tp=0x38 span=783x973 at(-437,-716)
[FOGST-GPU] clear=0xff3f3b44
[BIGPRIM] code=0x3c tp=0x38 span=105x1279 at(937,1404)
[BIGPRIM] code=0x3c tp=0x38 span=138x1395 at(751,-2375)
[FOGST-GPU] clear=0xff3f3a44
[BIGPRIM] code=0x3c tp=0x38 span=135x1357 at(754,-2340)
[BIGPRIM] code=0x3c tp=0x38 span=120x1315 at(727,-2301)
[FOGST-GPU] clear=0xff3f3a43
[BIGPRIM] code=0x3c tp=0x38 span=114x823 at(826,1497)
[BIGPRIM] code=0x3c tp=0x38 span=735x1006 at(895,-1963)
[FOGST-GPU] clear=0xff3e3a43
[BIGPRIM] code=0x3c tp=0x38 span=72x1196 at(733,-2198)
[BIGPRIM] code=0x3c tp=0x38 span=81x810 at(937,1060)
[FOGST-GPU] clear=0xff3e3943
[BIGPRIM] code=0x3c tp=0x35 span=246x933 at(1051,-1906)
[BIGPRIM] code=0x3c tp=0x39 span=294x801 at(58,2847)
[FOGST-GPU] clear=0xff3e3942
[BIGPRIM] code=0x3c tp=0x38 span=225x1035 at(721,-1558)
[BIGPRIM] code=0x3c tp=0x38 span=471x810 at(877,-909)
[FOGST-GPU] clear=0xff3d3942
[BIGPRIM] code=0x3c tp=0x39 span=192x1106 at(301,2262)
[BIGPRIM] code=0x3c tp=0x39 span=768x1183 at(712,2465)
[FOGST-GPU] clear=0xff3d3842
[FOGST-GPU] clear=0xff3d3841
[BIGPRIM] code=0x3c tp=0x38 span=474x803 at(868,-909)
[BIGPRIM] code=0x3c tp=0x39 span=477x775 at(-299,2172)
[BIGPRIM] code=0x3c tp=0x39 span=351x1492 at(-155,2156)
[FOGST-GPU] clear=0xff3c3841
[BIGPRIM] code=0x3c tp=0x39 span=288x1055 at(175,2593)
[BIGPRIM] code=0x3c tp=0x38 span=1506x472 at(997,-112)
[FOGST-GPU] clear=0xff3c3740
[BIGPRIM] code=0x3c tp=0x39 span=414x1090 at(181,1385)
[BIGPRIM] code=0x3c tp=0x39 span=96x736 at(457,1909)
[BIGPRIM] code=0x3c tp=0x39 span=285x987 at(136,1745)
[FOGST-GPU] clear=0xff3b3740
[BIGPRIM] code=0x3c tp=0x39 span=171x746 at(661,1912)
[BIGPRIM] code=0x3c tp=0x38 span=1575x894 at(-890,2754)
[FOGST-GPU] clear=0xff3b373f
[FOGST-GPU] clear=0xff3b363f
[BIGPRIM] code=0x3c tp=0x38 span=336x1607 at(676,-2417)
[BIGPRIM] code=0x3c tp=0x38 span=1503x1488 at(-833,2160)
[FOGST-GPU] clear=0xff3a363f
[FOGST-GPU] clear=0xff3a363e
[BIGPRIM] code=0x3c tp=0x38 span=957x807 at(-596,1597)
[FOGST-GPU] clear=0xff3a353e
[BIGPRIM] code=0x3c tp=0x38 span=168x945 at(409,-2041)
[BIGPRIM] code=0x3a tp=0x20 span=1020x770 at(130,-25)
[FOGST-GPU] clear=0xff39353e
[FOGST-GPU] clear=0xff39353d
[BIGPRIM] code=0x3c tp=0x38 span=165x768 at(178,-2269)
[FOGST-GPU] clear=0xff39343d
[BIGPRIM] code=0x3a tp=0xa span=1020x770 at(130,-25)
[BIGPRIM] code=0x3c tp=0x38 span=2256x1012 at(1003,-1044)
[FOGST-GPU] clear=0xff38343d
[BIGPRIM] code=0x3c tp=0x38 span=525x1479 at(694,-2931)
[FOGST-GPU] clear=0xff38343c
[BIGPRIM] code=0x3c tp=0x38 span=216x997 at(106,-2655)
[BIGPRIM] code=0x3c tp=0x39 span=684x878 at(583,1253)
[FOGST-GPU] clear=0xff38333c
[BIGPRIM] code=0x3c tp=0x38 span=198x1372 at(514,-2378)
[FOGST-GPU] clear=0xff37333c
[BIGPRIM] code=0x3c tp=0x38 span=165x758 at(304,-1947)
[BIGPRIM] code=0x3c tp=0x38 span=2469x1141 at(1048,-1272)
[FOGST-GPU] clear=0xff37333b
[BIGPRIM] code=0x3c tp=0x38 span=324x858 at(-17,-2931)
[BIGPRIM] code=0x3c tp=0x38 span=1593x546 at(298,2941)
[BIGPRIM] code=0x3c tp=0x38 span=357x897 at(37,-2931)
[BIGPRIM] code=0x3c tp=0x38 span=1521x778 at(304,2722)
[BIGPRIM] code=0x3c tp=0x38 span=237x733 at(865,-896)
[BIGPRIM] code=0x3c tp=0x38 span=1662x1299 at(-1124,2349)
[BIGPRIM] code=0x3c tp=0x38 span=348x807 at(-194,-1536)
[BIGPRIM] code=0x3c tp=0x38 span=225x1270 at(340,-2655)
[FOGST-GPU] clear=0xff37323b
[BIGPRIM] code=0x3c tp=0x38 span=948x935 at(553,1170)
[FOGST-GPU] clear=0xff36323a
[BIGPRIM] code=0x3a tp=0xa span=1020x770 at(130,-25)
[BIGPRIM] code=0x3c tp=0x38 span=375x1353 at(460,-2931)
[BIGPRIM] code=0x3c tp=0x38 span=795x778 at(541,1067)
[BIGPRIM] code=0x3c tp=0x38 span=2127x1395 at(1063,-1626)
[BIGPRIM] code=0x3c tp=0x38 span=477x1160 at(322,-2931)
[BIGPRIM] code=0x3a tp=0xa span=1020x770 at(130,-25)
[BIGPRIM] code=0x3c tp=0x38 span=150x784 at(388,-1925)
[BIGPRIM] code=0x3c tp=0x38 span=171x1135 at(613,-1710)
[BIGPRIM] code=0x3a tp=0x20 span=1020x770 at(130,-25)
[BIGPRIM] code=0x3c tp=0x38 span=909x1221 at(-443,1173)
[BIGPRIM] code=0x3a tp=0x20 span=1020x770 at(130,-25)
[BIGPRIM] code=0x3c tp=0x38 span=147x855 at(529,-1285)
[BIGPRIM] code=0x3c tp=0x38 span=312x1630 at(235,-2931)
[BIGPRIM] code=0x3a tp=0xa span=1020x770 at(130,-25)
[BIGPRIM] code=0x3c tp=0x38 span=825x913 at(781,-948)
[BIGPRIM] code=0x3c tp=0x38 span=213x1186 at(175,-2198)
[BIGPRIM] code=0x3c tp=0x38 span=231x1163 at(127,-2545)
[BIGPRIM] code=0x3c tp=0x38 span=735x1536 at(946,-2931)
[BIGPRIM] code=0x3c tp=0x38 span=522x1488 at(475,-2931)
[BIGPRIM] code=0x3c tp=0x38 span=543x1350 at(490,-2931)
[BIGPRIM] code=0x3c tp=0x38 span=585x1299 at(-56,-2931)
[BIGPRIM] code=0x3c tp=0x38 span=219x1508 at(346,-2841)
[BIGPRIM] code=0x3c tp=0x39 span=336x871 at(259,-2192)
[BIGPRIM] code=0x3c tp=0x39 span=207x1035 at(298,-2108)
[BIGPRIM] code=0x3c tp=0x38 span=120x917 at(532,-1710)
[BIGPRIM] code=0x3a tp=0xa span=1020x770 at(130,-25)
[BIGPRIM] code=0x3a tp=0xa span=1020x770 at(130,-25)
[BIGPRIM] code=0x3a tp=0x20 span=1020x770 at(130,-25)
[BIGPRIM] code=0x3c tp=0x38 span=462x1029 at(268,-2931)
[BIGPRIM] code=0x3c tp=0x38 span=1023x1183 at(436,1044)
[BIGPRIM] code=0x3c tp=0x39 span=249x1308 at(244,-2539)
[BIGPRIM] code=0x3a tp=0x20 span=1020x770 at(130,-25)
[BIGPRIM] code=0x3c tp=0x39 span=450x1221 at(148,-2931)
[BIGPRIM] code=0x3c tp=0x39 span=525x955 at(-56,-2372)
[BIGPRIM] code=0x3c tp=0x38 span=1392x1012 at(964,810)
[BIGPRIM] code=0x3c tp=0x38 span=117x913 at(574,-1555)
[BIGPRIM] code=0x3c tp=0x38 span=825x1100 at(-314,1092)
[BIGPRIM] code=0x3a tp=0xa span=1020x770 at(130,-25)
[BIGPRIM] code=0x3c tp=0x38 span=780x896 at(868,-1198)
[BIGPRIM] code=0x3c tp=0x38 span=393x1498 at(592,-2931)
[BIGPRIM] code=0x3c tp=0x39 span=540x912 at(-338,-2172)
[BIGPRIM] code=0x3c tp=0x38 span=831x1052 at(-299,1108)
[BIGPRIM] code=0x3c tp=0x38 span=234x739 at(-77,-1031)
[BIGPRIM] code=0x3c tp=0x38 span=852x1055 at(-314,1137)
[BIGPRIM] code=0x3c tp=0x38 span=108x784 at(667,-1356)
[BIGPRIM] code=0x3c tp=0x39 span=384x1215 at(304,-2802)
[BIGPRIM] code=0x3c tp=0x38 span=135x1161 at(550,-2089)
[BIGPRIM] code=0x3c tp=0x38 span=1098x1208 at(436,1070)
[BIGPRIM] code=0x3c tp=0x38 span=120x878 at(688,-1665)
[BIGPRIM] code=0x3c tp=0x35 span=54x865 at(517,-2378)
[BIGPRIM] code=0x3c tp=0x39 span=246x1395 at(289,-2683)
[BIGPRIM] code=0x3c tp=0x35 span=60x939 at(490,-2526)
[BIGPRIM] code=0x3c tp=0x38 span=132x1009 at(649,-1867)
[BIGPRIM] code=0x3c tp=0x38 span=333x1009 at(316,-2931)
[BIGPRIM] code=0x3c tp=0x39 span=528x1022 at(-35,-2471)
[BIGPRIM] code=0x3c tp=0x38 span=921x1109 at(445,977)
[BIGPRIM] code=0x3a tp=0xa span=1020x770 at(130,-25)
[BIGPRIM] code=0x3c tp=0x35 span=87x775 at(394,-1912)
[BIGPRIM] code=0x3c tp=0x38 span=555x804 at(-44,-2931)
[BIGPRIM] code=0x3c tp=0x38 span=141x977 at(484,-1645)
[BIGPRIM] code=0x3c tp=0x38 span=156x806 at(628,-1468)
[BIGPRIM] code=0x3c tp=0x38 span=846x1195 at(439,932)
[BIGPRIM] code=0x3c tp=0x35 span=141x1038 at(190,-2931)
[BIGPRIM] code=0x3c tp=0x38 span=276x1623 at(151,-2696)
[BIGPRIM] code=0x3c tp=0x35 span=108x794 at(217,-1890)
[BIGPRIM] code=0x3c tp=0x35 span=165x1070 at(91,-2831)
[BIGPRIM] code=0x3c tp=0x39 span=483x1514 at(-278,-2931)
[BIGPRIM] code=0x3c tp=0x38 span=186x1003 at(328,-1803)
[BIGPRIM] code=0x3c tp=0x35 span=165x1096 at(31,-2793)
[BIGPRIM] code=0x3c tp=0x38 span=864x1501 at(400,957)
[BIGPRIM] code=0x3c tp=0x38 span=591x1337 at(-374,-2931)
[BIGPRIM] code=0x3c tp=0x38 span=156x887 at(346,-1488)
[BIGPRIM] code=0x3c tp=0x35 span=120x791 at(166,-1877)
[BIGPRIM] code=0x3c tp=0x35 span=189x1128 at(37,-2931)
[BIGPRIM] code=0x3c tp=0x38 span=666x1241 at(-443,-2931)
[BIGPRIM] code=0x3c tp=0x38 span=708x923 at(-377,-2931)
[BIGPRIM] code=0x3c tp=0x38 span=690x1212 at(-467,-2931)
[BIGPRIM] code=0x3c tp=0x35 span=159x1048 at(91,-2931)
[BIGPRIM] code=0x3c tp=0x38 span=162x785 at(538,-1411)
[BIGPRIM] code=0x3c tp=0x35 span=201x1029 at(34,-2931)
[BIGPRIM] code=0x3c tp=0x35 span=102x800 at(235,-1934)
[BIGPRIM] code=0x3c tp=0x35 span=207x987 at(-11,-2931)
[BIGPRIM] code=0x3c tp=0x35 span=126x807 at(196,-1944)
[BIGPRIM] code=0x3c tp=0x38 span=744x746 at(943,-2931)
[BIGPRIM] code=0x3c tp=0x35 span=126x865 at(175,-2018)
[BIGPRIM] code=0x3a tp=0x20 span=1020x770 at(130,-25)
[BIGPRIM] code=0x3c tp=0x38 span=1035x974 at(889,726)
[BIGPRIM] code=0x3a tp=0xa span=1020x770 at(130,-25)
[BIGPRIM] code=0x3c tp=0x39 span=603x1347 at(-404,-2931)
[BIGPRIM] code=0x3c tp=0x38 span=162x964 at(367,-1610)
[BIGPRIM] code=0x3c tp=0x38 span=846x1360 at(421,938)
[BIGPRIM] code=0x3c tp=0x38 span=639x868 at(706,-1115)
[BIGPRIM] code=0x3c tp=0x38 span=468x1517 at(196,-2931)
[BIGPRIM] code=0x3c tp=0x38 span=204x1186 at(337,-2082)
[BIGPRIM] code=0x3c tp=0x39 span=741x868 at(-404,-2931)
[BIGPRIM] code=0x3c tp=0x39 span=771x1090 at(-539,-2790)
[BIGPRIM] code=0x3c tp=0x38 span=762x849 at(-425,-2931)
[BIGPRIM] code=0x3c tp=0x38 span=714x1183 at(-482,-2931)
[BIGPRIM] code=0x3c tp=0x35 span=159x1022 at(94,-2931)
[BIGPRIM] code=0x3c tp=0x38 span=162x775 at(532,-1395)
[BIGPRIM] code=0x3c tp=0x35 span=201x1064 at(16,-2931)
[BIGPRIM] code=0x3c tp=0x38 span=660x1273 at(-458,-2931)
[BIGPRIM] code=0x3c tp=0x38 span=870x1542 at(400,961)
[BIGPRIM] code=0x3c tp=0x38 span=195x1003 at(292,-1793)
[BIGPRIM] code=0x3c tp=0x38 span=153x791 at(313,-1324)
[BIGPRIM] code=0x3c tp=0x38 span=801x768 at(34,-2931)
[BIGPRIM] code=0x3c tp=0x38 span=972x1157 at(856,771)
[BIGPRIM] code=0x3c tp=0x38 span=852x1562 at(721,-1758)
[BIGPRIM] code=0x3c tp=0x38 span=522x765 at(334,803)
[BIGPRIM] code=0x3c tp=0x39 span=255x948 at(-47,-1880)
[BIGPRIM] code=0x3c tp=0x38 span=213x999 at(46,-1915)
[BIGPRIM] code=0x3c tp=0x38 span=216x1498 at(340,-2166)
[BIGPRIM] code=0x3c tp=0x38 span=237x1283 at(43,-2330)
[BIGPRIM] code=0x3c tp=0x38 span=429x1414 at(-179,-2931)
[BIGPRIM] code=0x3c tp=0x38 span=195x929 at(73,-2115)
[BIGPRIM] code=0x3a tp=0x20 span=1020x770 at(130,-25)
[BIGPRIM] code=0x3c tp=0x38 span=156x787 at(190,-1629)
[SH-XBOX] vblank 12600
[MEM] tick: free=2488KB (622 pages)
[BIGPRIM] code=0x3c tp=0x38 span=207x1394 at(307,-2024)
[BIGPRIM] code=0x3a tp=0xa span=1020x770 at(130,-25)
[BIGPRIM] code=0x3c tp=0x38 span=291x1254 at(-140,-2301)
[BIGPRIM] code=0x3c tp=0x39 span=486x1006 at(-263,-2288)
[BIGPRIM] code=0x3c tp=0x38 span=696x1151 at(25,-2931)
[BIGPRIM] code=0x3a tp=0xa span=1020x770 at(130,-25)
[BIGPRIM] code=0x3c tp=0x38 span=207x951 at(181,-1687)
[BIGPRIM] code=0x3c tp=0x38 span=651x1180 at(-479,-2931)
[BIGPRIM] code=0x3c tp=0x38 span=327x1434 at(-107,-2391)
[BIGPRIM] code=0x3c tp=0x38 span=177x820 at(163,-1337)
[BIGPRIM] code=0x3c tp=0x38 span=960x907 at(715,-2931)
[BIGPRIM] code=0x3c tp=0x38 span=603x772 at(-341,848)
[BIGPRIM] code=0x3c tp=0x38 span=849x984 at(-158,-2931)
[BIGPRIM] code=0x3c tp=0x39 span=648x720 at(-500,-1546)
[BIGPRIM] code=0x3c tp=0x38 span=618x1208 at(205,874)
[BIGPRIM] code=0x3c tp=0x38 span=876x1202 at(-686,983)
[BIGPRIM] code=0x3c tp=0x38 span=264x1160 at(295,-1465)
[BIGPRIM] code=0x3c tp=0x38 span=513x1617 at(67,-2931)
[BIGPRIM] code=0x3c tp=0x38 span=267x1594 at(109,-2269)
[BIGPRIM] code=0x3c tp=0x38 span=249x1472 at(124,-2111)
[BIGPRIM] code=0x3c tp=0x38 span=1827x142 at(-1124,3506)
[BIGPRIM] code=0x3c tp=0x38 span=249x887 at(286,-1067)
[BIGPRIM] code=0x3c tp=0x38 span=1815x155 at(-992,3493)
[BIGPRIM] code=0x3a tp=0xa span=1020x770 at(130,-25)
[BIGPRIM] code=0x3c tp=0x38 span=699x1241 at(466,-1263)
[BIGPRIM] code=0x3c tp=0x38 span=315x1224 at(130,-1510)
[BIGPRIM] code=0x3c tp=0x38 span=1773x129 at(-692,3519)
[BIGPRIM] code=0x3a tp=0xa span=1020x770 at(130,-25)
[BIGPRIM] code=0x3a tp=0xa span=1020x770 at(130,-25)
[BIGPRIM] code=0x3c tp=0x20 span=243x791 at(1102,-1642)
[BIGPRIM] code=0x3c tp=0x38 span=726x1144 at(-548,1035)
[BIGPRIM] code=0x3c tp=0x38 span=777x1636 at(388,-1742)
[BIGPRIM] code=0x3c tp=0x38 span=1347x1228 at(82,-2931)
[BIGPRIM] code=0x3a tp=0xa span=1020x770 at(130,-25)
[BIGPRIM] code=0x3c tp=0x38 span=738x1346 at(421,-1391)
[GP-STATE-TXN] Gameplay -> sysState=6 (param=22)
[SYSSTATE] dispatch sysState=6 mapEventData=0x61b2b0
[SFX] Sd_PlaySfx: sfxId=1354 (Sfx_Base+74) vol=0
[SH-XBOX] GameState -> 10 (step 0)
[BOOT-STEP] GameStartup step=0 qlen=0
[TRANSITION] GameStartup step=0: processFlags=0x1 (RoomTransition) sizeof(s_WorldGfxWork)=11708
[TRANSITION] AreaLoad_UpdatePlayerPosition: BEFORE playerPos=(-453424,0,919185) targetPos=(-1105920,1048576) loadScreen=0
[TRANSITION] AreaLoad_UpdatePlayerPosition: AFTER playerPos=(-1105920,0,1046938)
[BOOT-STEP] GameStartup step=7 qlen=0
[TRANSITION] GameStartup step=7: processFlags=0x1 playerPos=(-1105920,0,1046938) func_80039F90=0x0
[IPD-INIT] Ipd_MapFileInfoSet: mapTag='THR' activeIpdCount=4 isExterior=1 plmIdx=1370 ipdFileIdx=0 textureFileIdx=0 curSize=4 willRebuildGrid=0
[TRANSITION] GameStartup step=7 post-init: playerPos=(-1105920,0,1046938) mapTag='THR'
[FOGST-GPU] clear=0xff000000
[BOOT-STEP] GameStartup step=8 qlen=4
[BOOT0/TIM] PostLoadTim file=1364 'THRWAY4A.TIM' ss=0x58d7 img.u=0 img.v=0 tPage=0,23 clutX=80 clutY=0
[BOOT0/TIM] post ReadTIM: prect=0xfb6684 caddr=0xfb6580 paddr=0xfb668c mode=8
[BOOT0/TIM] pre pixel LoadImage rect=(448,256 64x256)
[BOOT0/TIM] pre CLUT LoadImage rect=(80,0 16x8)
[BOOT0/TIM] PostLoadTim done
[POOLSTOMP] upload (448,256 64x256) hits PINNED pool slot 5 'THRWAY4A' (448,256)
[BOOT0/TIM] PostLoadTim file=1367 'THRWAY5A.TIM' ss=0x590a img.u=0 img.v=0 tPage=0,22 clutX=64 clutY=0
[BOOT0/TIM] post ReadTIM: prect=0xfb66c4 caddr=0xfb6580 paddr=0xfb66cc mode=8
[BOOT0/TIM] pre pixel LoadImage rect=(384,256 64x256)
[BOOT0/TIM] pre CLUT LoadImage rect=(64,0 16x10)
[BOOT0/TIM] PostLoadTim done
[POOLSTOMP] upload (384,256 64x256) hits PINNED pool slot 4 'THRWAY5A' (384,256)
[BOOT0/TIM] PostLoadTim file=1368 'THRWAY6A.TIM' ss=0x591b img.u=0 img.v=0 tPage=0,24 clutX=96 clutY=0
[BOOT0/TIM] post ReadTIM: prect=0xfb6664 caddr=0xfb6580 paddr=0xfb666c mode=8
[BOOT0/TIM] pre pixel LoadImage rect=(512,256 64x256)
[BOOT0/TIM] pre CLUT LoadImage rect=(96,0 16x7)
[BOOT0/TIM] PostLoadTim done
[POOLSTOMP] upload (512,256 64x256) hits PINNED pool slot 6 'THRWAY6A' (512,256)
[BOOT0/TIM] PostLoadTim file=1369 'THRWAY6B.TIM' ss=0x592c img.u=0 img.v=0 tPage=0,25 clutX=112 clutY=0
[BOOT0/TIM] post ReadTIM: prect=0xfb6724 caddr=0xfb6580 paddr=0xfb672c mode=8
[BOOT0/TIM] pre pixel LoadImage rect=(576,256 64x256)
[BOOT0/TIM] pre CLUT LoadImage rect=(112,0 16x13)
[BOOT0/TIM] PostLoadTim done
[POOLSTOMP] upload (576,256 64x256) hits PINNED pool slot 7 'THRWAY6B' (576,256)
[TEXVRAM] 'THRWAY4A' tPage=[0,23] clutXY=(80,0) uv=(0,0)
[TEXVRAM] 'THRWAY5A' tPage=[0,22] clutXY=(64,0) uv=(0,0)
[TEXVRAM] 'THRWAY6A' tPage=[0,24] clutXY=(96,0) uv=(0,0)
[TEXVRAM] 'THRWAY6B' tPage=[0,25] clutXY=(112,0) uv=(0,0)
[BOOT-STEP] GameStartup step=9 qlen=0
[BOOT-STEP] GameStartup step=10 qlen=0
[BOOT-STEP] GameStartup step=11 qlen=0
[SFX] Sd_PlaySfx: sfxId=1359 (Sfx_Base+79) vol=192
[WOBJ] resolved 'WHEEL1_H' lmIdx=4
[WOBJ] resolved 'WHEEL2_H' lmIdx=4
[SFX] Sd_SfxStop: sfxId=1361 (Sfx_Base+81)
[SFX] Sd_PlaySfx: sfxId=1358 (Sfx_Base+78) vol=0
[BOOT-STEP] GameStartup step=12 qlen=0
[SH-XBOX] GameState -> 11 (step 0)
[SFX] Sd_PlaySfx: sfxId=1358 (Sfx_Base+78) vol=0
[FOGST-GPU] clear=0xff36323a
[FOGST-GPU] clear=0xff221f24
[BIGPRIM] code=0x3c tp=0x37 span=834x1209 at(-125,-2931)
[BIGPRIM] code=0x3c tp=0x37 span=966x788 at(-635,1063)
[BIGPRIM] code=0x3a tp=0xa span=1020x770 at(130,-25)
[BIGPRIM] code=0x3c tp=0x37 span=1143x613 at(1120,-533)
[BIGPRIM] code=0x3a tp=0x20 span=1020x770 at(130,-25)
[BIGPRIM] code=0x3c tp=0x37 span=834x1209 at(-125,-2931)
[BIGPRIM] code=0x3c tp=0x37 span=966x788 at(-635,1063)
[FOGST-GPU] clear=0xff211e23
[FOGST-GPU] clear=0xff201e22
[FOGST-GPU] clear=0xff1f1d21
[FOGST-GPU] clear=0xff1e1c20
[FOGST-GPU] clear=0xff1d1b1f
[FOGST-GPU] clear=0xff1c1a1e
[FOGST-GPU] clear=0xff1c191e
[BIGPRIM] code=0x3a tp=0xa span=1020x770 at(130,-25)
[FOGST-GPU] clear=0xff1b191d
[FOGST-GPU] clear=0xff1a181c
[FOGST-GPU] clear=0xff19171b
[FOGST-GPU] clear=0xff18161a
[FOGST-GPU] clear=0xff181619
[FOGST-GPU] clear=0xff171518
[BIGPRIM] code=0x3c tp=0x37 span=1143x613 at(1120,-533)
[FOGST-GPU] clear=0xff161417
[GP-STATE-TXN] Gameplay -> sysState=10 (param=13)
[FOGST-GPU] clear=0xff151417
[SYSSTATE] dispatch sysState=10 mapEventData=0x61b2f8
[BOOT0/TIM] PostLoadTim file=1846 'FLAME.TIM' ss=0x7eae img.u=32 img.v=0 tPage=0,12 clutX=800 clutY=64
[BOOT0/TIM] post ReadTIM: prect=0xfac5a4 caddr=0xfac580 paddr=0xfac5ac mode=8
[BOOT0/TIM] pre pixel LoadImage rect=(800,0 16x64)
[BOOT0/TIM] pre CLUT LoadImage rect=(800,64 16x1)
[BOOT0/TIM] PostLoadTim done
[SFX] Sd_SfxStop: sfxId=1300 (Sfx_Base+20)
[SFX] Sd_SfxStop: sfxId=1302 (Sfx_Base+22)
[SFX] Sd_SfxStop: sfxId=1301 (Sfx_Base+21)
[SFX] Sd_SfxStop: sfxId=1303 (Sfx_Base+23)
[SFX] Sd_SfxStop: sfxId=1360 (Sfx_Base+80)
[FOGST-GPU] clear=0xff151316
[BOOT0/TIM] PostLoadTim file=1399 'CLD3.TIM' ss=0x59ef img.u=0 img.v=128 tPage=0,28 clutX=720 clutY=464
[BOOT0/TIM] post ReadTIM: prect=0xfac604 caddr=0xfac580 paddr=0xfac60c mode=8
[BOOT0/TIM] pre pixel LoadImage rect=(768,384 32x128)
[BOOT0/TIM] pre CLUT LoadImage rect=(720,464 16x4)
[BOOT0/TIM] PostLoadTim done
[FOGST-GPU] clear=0xff141316
[BIGPRIM] code=0x3a tp=0x20 span=1020x770 at(130,-25)
[FOGST-GPU] clear=0xff141216
[FOGST-GPU] clear=0xff141215
[FOGST-GPU] clear=0xff131215
[FOGST-GPU] clear=0xff131214
[BIGPRIM] code=0x3a tp=0x40 span=1020x51 at(130,0)
[FOGST-GPU] clear=0xff131114
[FOGST-GPU] clear=0xff121114
[FOGST-GPU] clear=0xff121113
[FOGST-GPU] clear=0xff121013
[BIGPRIM] code=0x3c tp=0x37 span=507x759 at(-341,-2272)
[FOGST-GPU] clear=0xff111013
[FOGST-GPU] clear=0xff111012
[BIGPRIM] code=0x3a tp=0x40 span=1020x51 at(130,0)
[FOGST-GPU] clear=0xff110f12
[FOGST-GPU] clear=0xff100f12
[FOGST-GPU] clear=0xff100f11
[BIGPRIM] code=0x3a tp=0x40 span=1020x52 at(130,668)
[FOGST-GPU] clear=0xff0f0e11
[FOGST-GPU] clear=0xff0f0e10
[BIGPRIM] code=0x3c tp=0x37 span=978x688 at(736,813)
[FOGST-GPU] clear=0xff0f0d10
[FOGST-GPU] clear=0xff0e0d0f
[BIGPRIM] code=0x3c tp=0x37 span=1209x174 at(-470,-2931)
[BIGPRIM] code=0x3a tp=0x40 span=1020x52 at(130,668)
[FOGST-GPU] clear=0xff0e0c0f
[BIGPRIM] code=0x3c tp=0x37 span=1050x742 at(745,845)
[FOGST-GPU] clear=0xff0d0c0e
[BIGPRIM] code=0x3c tp=0x37 span=651x723 at(43,-2330)
[FOGST-GPU] clear=0xff0d0c0d
[BIGPRIM] code=0x3c tp=0x37 span=1023x836 at(871,-1147)
[FOGST-GPU] clear=0xff0c0b0d
[BIGPRIM] code=0x3c tp=0x37 span=1044x852 at(877,-1179)
[FOGST-GPU] clear=0xff0c0b0c
[BIGPRIM] code=0x3a tp=0x40 span=1020x52 at(130,668)
[FOGST-GPU] clear=0xff0b0b0c
[FOGST-GPU] clear=0xff0b0a0c
[BIGPRIM] code=0x3c tp=0x37 span=963x756 at(88,-887)
[FOGST-GPU] clear=0xff0b0a0b
[FOGST-GPU] clear=0xff0a0a0b
[BIGPRIM] code=0x3a tp=0x40 span=1020x51 at(130,0)
[FOGST-GPU] clear=0xff0a090b
[BIGPRIM] code=0x3c tp=0x37 span=1161x820 at(754,896)
[FOGST-GPU] clear=0xff0a090a
[SFX] Sd_PlaySfx: sfxId=1360 (Sfx_Base+80) vol=0
[FOGST-GPU] clear=0xff09090a
[FOGST-GPU] clear=0xff09080a
[BIGPRIM] code=0x3a tp=0x40 span=1020x51 at(130,0)
[FOGST-GPU] clear=0xff090809
[FOGST-GPU] clear=0xff080809
[BIGPRIM] code=0x3c tp=0x37 span=1161x820 at(754,896)
[FOGST-GPU] clear=0xff080709
[FOGST-GPU] clear=0xff080708
[FOGST-GPU] clear=0xff070708
[BIGPRIM] code=0x3a tp=0xa span=1020x770 at(130,-25)
[CHNK] n=4 s0=-3,6,st2 s1=-7,6,st3 s2=-3,5,st2 s3=-7,5,st3
[FOGST-GPU] clear=0xff070608
[BIGPRIM] code=0x3c tp=0x37 span=1134x1055 at(-287,1153)
[FOGST-GPU] clear=0xff070607
[FOGST-GPU] clear=0xff060607
[BIGPRIM] code=0x3c tp=0x37 span=699x781 at(-2,-2539)
[FOGST-GPU] clear=0xff060506
[BIGPRIM] code=0x3a tp=0x20 span=1020x770 at(130,-25)
[FOGST-GPU] clear=0xff050506
[BIGPRIM] code=0x3c tp=0x37 span=1080x881 at(883,-1231)
[FOGST-GPU] clear=0xff050505
[FOGST-GPU] clear=0xff050405
[BIGPRIM] code=0x3a tp=0x40 span=1020x52 at(130,668)
[FOGST-GPU] clear=0xff040405
[FOGST-GPU] clear=0xff040404
[BIGPRIM] code=0x3c tp=0x37 span=963x756 at(88,-887)
[FOGST-GPU] clear=0xff040304
[FOGST-GPU] clear=0xff030304
[BIGPRIM] code=0x3a tp=0x40 span=1020x51 at(130,0)
[FOGST-GPU] clear=0xff030303
[FOGST-GPU] clear=0xff030203
[BIGPRIM] code=0x3c tp=0x37 span=1161x820 at(754,896)
[FOGST-GPU] clear=0xff020203
[FOGST-GPU] clear=0xff020202
[BIGPRIM] code=0x3a tp=0xa span=1020x770 at(130,-25)
[FOGST-GPU] clear=0xff020102
[BIGPRIM] code=0x3c tp=0x37 span=1134x1055 at(-287,1153)
[FOGST-GPU] clear=0xff010101
[BIGPRIM] code=0x3c tp=0x37 span=699x781 at(-2,-2539)
[FOGST-GPU] clear=0xff010001
[FOGST-GPU] clear=0xff000000
[BIGPRIM] code=0x3a tp=0x20 span=1020x770 at(130,-25)
[BIGPRIM] code=0x3c tp=0x37 span=1080x881 at(883,-1231)
[BIGPRIM] code=0x3a tp=0x40 span=1020x52 at(130,668)
[BIGPRIM] code=0x3c tp=0x37 span=963x756 at(88,-887)
[BIGPRIM] code=0x3a tp=0x40 span=1020x51 at(130,0)
[BIGPRIM] code=0x3c tp=0x37 span=1161x820 at(754,896)
[BIGPRIM] code=0x3a tp=0xa span=1020x770 at(130,-25)
[BIGPRIM] code=0x3c tp=0x37 span=1134x1055 at(-287,1153)
[BIGPRIM] code=0x3c tp=0x37 span=699x781 at(-2,-2539)
[BIGPRIM] code=0x3a tp=0x20 span=1020x770 at(130,-25)
[BIGPRIM] code=0x3c tp=0x37 span=1080x881 at(883,-1231)
[BIGPRIM] code=0x3a tp=0x40 span=1020x52 at(130,668)
[BIGPRIM] code=0x3c tp=0x37 span=963x756 at(88,-887)
[BIGPRIM] code=0x3a tp=0x40 span=1020x51 at(130,0)
[BIGPRIM] code=0x3c tp=0x37 span=1161x820 at(754,896)
[BIGPRIM] code=0x3a tp=0xa span=1020x770 at(130,-25)
[BIGPRIM] code=0x3c tp=0x37 span=1134x1055 at(-287,1153)
[BIGPRIM] code=0x3c tp=0x37 span=699x781 at(-2,-2539)
[BIGPRIM] code=0x3a tp=0x20 span=1020x770 at(130,-25)
[BIGPRIM] code=0x3c tp=0x37 span=1080x881 at(883,-1231)
[BIGPRIM] code=0x3a tp=0x40 span=1020x52 at(130,668)
[BIGPRIM] code=0x3c tp=0x37 span=963x756 at(88,-887)
[BIGPRIM] code=0x3a tp=0x40 span=1020x51 at(130,0)
[BIGPRIM] code=0x3c tp=0x37 span=1161x820 at(754,896)
[BIGPRIM] code=0x3a tp=0xa span=1020x770 at(130,-25)
[BIGPRIM] code=0x3c tp=0x37 span=1134x1055 at(-287,1153)
[SFX] Sd_PlaySfx: sfxId=1356 (Sfx_Base+76) vol=0
[BIGPRIM] code=0x3c tp=0x37 span=699x781 at(-2,-2539)
[BIGPRIM] code=0x3a tp=0x20 span=1020x770 at(130,-25)
[BIGPRIM] code=0x3c tp=0x37 span=1080x881 at(883,-1231)
[BIGPRIM] code=0x3a tp=0x40 span=1020x52 at(130,668)
[BIGPRIM] code=0x3c tp=0x37 span=963x756 at(88,-887)
[BIGPRIM] code=0x3a tp=0x40 span=1020x52 at(130,668)
[BIGPRIM] code=0x3c tp=0x37 span=963x756 at(88,-887)
[BIGPRIM] code=0x3a tp=0x40 span=1020x51 at(130,0)
[BIGPRIM] code=0x3c tp=0x37 span=1161x820 at(754,896)
[BIGPRIM] code=0x3a tp=0xa span=1020x770 at(130,-25)
[BIGPRIM] code=0x3c tp=0x37 span=1134x1055 at(-287,1153)
[BIGPRIM] code=0x3c tp=0x37 span=699x781 at(-2,-2539)
[BIGPRIM] code=0x3a tp=0x20 span=1020x770 at(130,-25)
[BIGPRIM] code=0x3c tp=0x37 span=1080x881 at(883,-1231)
[BIGPRIM] code=0x3a tp=0x40 span=1020x52 at(130,668)
[BIGPRIM] code=0x3c tp=0x37 span=963x756 at(88,-887)
[BIGPRIM] code=0x3a tp=0x40 span=1020x51 at(130,0)
[BIGPRIM] code=0x3c tp=0x37 span=1161x820 at(754,896)
[BIGPRIM] code=0x3a tp=0xa span=1020x770 at(130,-25)
[BIGPRIM] code=0x3c tp=0x37 span=1134x1055 at(-287,1153)
[CHARA-TEX] charaId=8 matCount=1 modelCount=16
[CHARA-TEX] mat[0] name='CLD3' field_C=1 E=0x3c F=0x3c clut=0x742d UV=0x8000 tex=0
[CHARA-TEX] prim0: f0=0xdf7c(UV0) f2=0x746d(clut) f4=0xdf7f(UV1) f6=0x003c(tpage) f8=0xc97c(UV2) fA=0x8000(UV3)
[CHARA-TEX] texDesc: tPage=[0,28] u=0 v=128 clutXY=(720,464)
[BIGPRIM] code=0x3c tp=0x37 span=699x781 at(-2,-2539)
[BIGPRIM] code=0x3c tp=0x37 span=1086x1013 at(-248,1121)
[BIGPRIM] code=0x3c tp=0x37 span=639x910 at(-494,-1247)
[BIGPRIM] code=0x3c tp=0x37 span=816x945 at(-110,-2931)
[BIGPRIM] code=0x3a tp=0x20 span=1020x770 at(130,-25)
[BIGPRIM] code=0x3c tp=0x37 span=612x791 at(-452,-1044)
[BIGPRIM] code=0x3c tp=0x37 span=447x823 at(-224,-1076)
[BIGPRIM] code=0x3a tp=0xa span=1020x770 at(130,-25)
[BIGPRIM] code=0x3c tp=0x37 span=642x826 at(49,-2311)
[BIGPRIM] code=0x3c tp=0x37 span=882x1019 at(-170,-2931)
[BIGPRIM] code=0x3a tp=0xa span=1020x770 at(130,-25)
[BIGPRIM] code=0x3c tp=0x37 span=1131x606 at(1117,-523)
[BIGPRIM] code=0x3a tp=0x20 span=1020x770 at(130,-25)
[BIGPRIM] code=0x3c tp=0x37 span=825x1228 at(-119,-2931)
[BIGPRIM] code=0x3c tp=0x37 span=957x781 at(-623,1057)
[BIGPRIM] code=0x3a tp=0xa span=1020x770 at(130,-25)
[BIGPRIM] code=0x3c tp=0x37 span=1131x606 at(1117,-523)
[BIGPRIM] code=0x3a tp=0x20 span=1020x770 at(130,-25)
[BIGPRIM] code=0x3c tp=0x37 span=825x1228 at(-119,-2931)
[BIGPRIM] code=0x3c tp=0x37 span=957x781 at(-623,1057)
[BIGPRIM] code=0x3a tp=0xa span=1020x770 at(130,-25)
[BIGPRIM] code=0x3c tp=0x37 span=1131x606 at(1117,-523)
[BIGPRIM] code=0x3a tp=0x20 span=1020x770 at(130,-25)
[SH-XBOX] vblank 13200
[MEM] tick: free=2488KB (622 pages)
[BIGPRIM] code=0x3c tp=0x37 span=825x1228 at(-119,-2931)
[BIGPRIM] code=0x3c tp=0x37 span=957x781 at(-623,1057)
[BIGPRIM] code=0x3a tp=0xa span=1020x770 at(130,-25)
[BIGPRIM] code=0x3c tp=0x37 span=1131x606 at(1117,-523)
[BIGPRIM] code=0x3a tp=0x20 span=1020x770 at(130,-25)
[BIGPRIM] code=0x3c tp=0x37 span=825x1228 at(-119,-2931)
[BIGPRIM] code=0x3c tp=0x37 span=957x781 at(-623,1057)
[BIGPRIM] code=0x3a tp=0xa span=1020x770 at(130,-25)
[BIGPRIM] code=0x3c tp=0x37 span=1131x606 at(1117,-523)
[BIGPRIM] code=0x3a tp=0x20 span=1020x770 at(130,-25)
[BIGPRIM] code=0x3c tp=0x37 span=825x1228 at(-119,-2931)
[BIGPRIM] code=0x3c tp=0x37 span=957x781 at(-623,1057)
[BIGPRIM] code=0x3a tp=0xa span=1020x770 at(130,-25)
[BIGPRIM] code=0x3c tp=0x37 span=1131x606 at(1117,-523)
[BIGPRIM] code=0x3a tp=0x20 span=1020x770 at(130,-25)
[BIGPRIM] code=0x3c tp=0x37 span=825x1228 at(-119,-2931)
[BIGPRIM] code=0x3c tp=0x37 span=957x781 at(-623,1057)
[BIGPRIM] code=0x3a tp=0xa span=1020x770 at(130,-25)
[BIGPRIM] code=0x3c tp=0x37 span=1131x606 at(1117,-523)
[BIGPRIM] code=0x3a tp=0x20 span=1020x770 at(130,-25)
[BIGPRIM] code=0x3c tp=0x37 span=825x1228 at(-119,-2931)
[BIGPRIM] code=0x3c tp=0x37 span=957x781 at(-623,1057)
[BIGPRIM] code=0x3a tp=0xa span=1020x770 at(130,-25)
[BIGPRIM] code=0x3c tp=0x37 span=1131x606 at(1117,-523)
[BIGPRIM] code=0x3a tp=0x20 span=1020x770 at(130,-25)
[BIGPRIM] code=0x3c tp=0x37 span=825x1228 at(-119,-2931)
[BIGPRIM] code=0x3c tp=0x37 span=957x781 at(-623,1057)
[BIGPRIM] code=0x3a tp=0xa span=1020x770 at(130,-25)
[BIGPRIM] code=0x3c tp=0x37 span=1131x606 at(1117,-523)
[BIGPRIM] code=0x3a tp=0x20 span=1020x770 at(130,-25)
[BIGPRIM] code=0x3c tp=0x37 span=825x1228 at(-119,-2931)
[BIGPRIM] code=0x3c tp=0x37 span=957x781 at(-623,1057)
[BIGPRIM] code=0x3a tp=0xa span=1020x770 at(130,-25)
[BIGPRIM] code=0x3c tp=0x37 span=1131x606 at(1117,-523)
[BIGPRIM] code=0x3a tp=0x20 span=1020x770 at(130,-25)
[BIGPRIM] code=0x3c tp=0x37 span=825x1228 at(-119,-2931)
[BIGPRIM] code=0x3c tp=0x37 span=957x781 at(-623,1057)
[BIGPRIM] code=0x3a tp=0xa span=1020x770 at(130,-25)
[BIGPRIM] code=0x3c tp=0x37 span=1131x606 at(1117,-523)
[BIGPRIM] code=0x3a tp=0x20 span=1020x770 at(130,-25)
[BIGPRIM] code=0x3c tp=0x37 span=825x1228 at(-119,-2931)
[BIGPRIM] code=0x3c tp=0x37 span=957x781 at(-623,1057)
[BIGPRIM] code=0x3a tp=0xa span=1020x770 at(130,-25)
[BIGPRIM] code=0x3c tp=0x37 span=1131x606 at(1117,-523)
[CHNK] n=4 s0=-3,6,st2 s1=-7,6,st3 s2=-3,5,st2 s3=-7,5,st3
[BIGPRIM] code=0x3a tp=0x20 span=1020x770 at(130,-25)
[BIGPRIM] code=0x3c tp=0x37 span=825x1228 at(-119,-2931)
[BIGPRIM] code=0x3c tp=0x37 span=957x781 at(-623,1057)
[BIGPRIM] code=0x3a tp=0xa span=1020x770 at(130,-25)
[SPAWN-FIRE?] slot=18 allPass! npcFlags=0x7 flagsId=5 full=0 vblanks=1 ABOUT TO TRY SPAWN
[SPAWN-FIRE!] slot=18 gates passed â†’ entering spawn block, npcIdx will be assigned
[SPAWN] slot=18 -> npc[3] charaId=0 stateStep=5 pos=(-259,232)
[BIGPRIM] code=0x3c tp=0x36 span=1521x462 at(-350,511)
[BIGPRIM] code=0x3c tp=0x36 span=210x1022 at(796,-1337)
[BIGPRIM] code=0x3a tp=0xa span=1020x770 at(130,-25)
[BIGPRIM] code=0x3c tp=0x36 span=1740x422 at(730,494)
[BIGPRIM] code=0x3c tp=0x37 span=1794x228 at(1111,790)
[BIGPRIM] code=0x3c tp=0x37 span=1581x334 at(1093,450)
[BIGPRIM] code=0x3c tp=0x36 span=174x980 at(709,-1282)
[BIGPRIM] code=0x3c tp=0x37 span=1590x353 at(1069,453)
[BIGPRIM] code=0x3c tp=0x37 span=1791x168 at(-674,928)
[BIGPRIM] code=0x3c tp=0x36 span=1383x389 at(844,488)
[BIGPRIM] code=0x3c tp=0x37 span=2529x414 at(1102,469)
[BIGPRIM] code=0x3a tp=0x20 span=1020x770 at(130,-25)
[BIGPRIM] code=0x3c tp=0x36 span=81x1613 at(772,-2262)
[BIGPRIM] code=0x3c tp=0x37 span=1716x180 at(-1346,935)
[BIGPRIM] code=0x3c tp=0x36 span=1527x434 at(364,507)
[BIGPRIM] code=0x3c tp=0x36 span=1716x505 at(-1124,520)
[BIGPRIM] code=0x3a tp=0x20 span=1020x770 at(130,-25)
[BIGPRIM] code=0x3c tp=0x36 span=372x749 at(874,-1726)
[BIGPRIM] code=0x3c tp=0x36 span=1089x537 at(916,559)
[BIGPRIM] code=0x3a tp=0x20 span=1020x770 at(130,-25)
[BIGPRIM] code=0x3c tp=0x36 span=123x942 at(820,-1012)
[BIGPRIM] code=0x3c tp=0x36 span=483x1051 at(967,-2086)
[BIGPRIM] code=0x3a tp=0xa span=1020x770 at(130,-25)
[BIGPRIM] code=0x3c tp=0x36 span=1305x803 at(940,601)
[BIGPRIM] code=0x3c tp=0x37 span=1608x437 at(673,1456)
[BIGPRIM] code=0x3a tp=0x20 span=1020x770 at(130,-25)
[RA] watch 84008: state=2 unlocked=1786116799 flags[4B4]=00 flags[4A1]=00 word4=0x00000000 setbits=20 map=0/25
[BIGPRIM] code=0x3c tp=0x37 span=1617x704 at(-788,1536)
[BIGPRIM] code=0x3c tp=0x36 span=1230x965 at(-356,655)
[BIGPRIM] code=0x2e tp=0x2c span=150x884 at(1444,-1549)
[BIGPRIM] code=0x3c tp=0x36 span=1077x920 at(-179,655)
[BIGPRIM] code=0x3a tp=0x20 span=1020x770 at(130,-25)
[BIGPRIM] code=0x3c tp=0x36 span=1011x768 at(958,604)
[BIGPRIM] code=0x3c tp=0x36 span=213x942 at(796,-996)
[BIGPRIM] code=0x3c tp=0x36 span=474x945 at(973,-1089)
[BIGPRIM] code=0x3c tp=0x36 span=1014x730 at(757,610)
[BIGPRIM] code=0x2e tp=0x2c span=792x996 at(-1463,-1285)
[BIGPRIM] code=0x3c tp=0x36 span=675x784 at(283,633)
[BIGPRIM] code=0x3c tp=0x36 span=117x746 at(568,-1051)
[BIGPRIM] code=0x3c tp=0x37 span=300x1164 at(130,-1941)
[BIGPRIM] code=0x3c tp=0x37 span=531x778 at(-74,713)
[BIGPRIM] code=0x3c tp=0x36 span=171x836 at(421,-1202)
[BIGPRIM] code=0x3c tp=0x36 span=225x878 at(175,-1475)
[BIGPRIM] code=0x3c tp=0x36 span=684x1581 at(-374,-2931)
[BIGPRIM] code=0x3c tp=0x36 span=426x1093 at(658,-1192)
[BIGPRIM] code=0x2e tp=0x2c span=582x1141 at(-407,-1780)
[BIGPRIM] code=0x3c tp=0x36 span=375x1141 at(55,-1648)
[BIGPRIM] code=0x3c tp=0x37 span=561x784 at(307,961)
[BIGPRIM] code=0x3c tp=0x29 span=1581x1209 at(-806,1311)
[BIGPRIM] code=0x3c tp=0x36 span=387x791 at(346,-906)
[BIGPRIM] code=0x3c tp=0x29 span=2388x935 at(-1868,1620)
[BIGPRIM] code=0x3c tp=0x36 span=564x1221 at(-251,-1777)
[BIGPRIM] code=0x3c tp=0x36 span=1647x283 at(-20,-2931)
[BIGPRIM] code=0x3c tp=0x36 span=249x887 at(814,-1202)
[BIGPRIM] code=0x3c tp=0x29 span=2433x1222 at(-1586,1423)
[BIGPRIM] code=0x3c tp=0x36 span=765x1398 at(-551,-2034)
[BIGPRIM] code=0x3c tp=0x29 span=2367x1060 at(-1520,1321)
[BIGPRIM] code=0x3c tp=0x29 span=744x974 at(808,842)
[BIGPRIM] code=0x3c tp=0x36 span=189x758 at(709,-1060)
[BIGPRIM] code=0x3c tp=0x36 span=603x1244 at(694,-1674)
[BIGPRIM] code=0x3c tp=0x36 span=588x1186 at(679,-1616)
[BIGPRIM] code=0x3a tp=0x20 span=1020x770 at(130,-25)
[BIGPRIM] code=0x3c tp=0x36 span=552x1083 at(658,-1510)
[BIGPRIM] code=0x3c tp=0x29 span=1215x855 at(1024,141)
[BIGPRIM] code=0x3c tp=0x36 span=636x881 at(-365,-1282)
[BIGPRIM] code=0x3c tp=0x29 span=2280x897 at(-1700,1362)
[BIGPRIM] code=0x3c tp=0x36 span=498x849 at(856,-1295)
[BIGPRIM] code=0x3c tp=0x29 span=2217x727 at(-1706,1539)
[BIGPRIM] code=0x3c tp=0x36 span=585x848 at(-386,-1150)
[BIGPRIM] code=0x3c tp=0x29 span=507x803 at(466,646)
[BIGPRIM] code=0x3c tp=0x29 span=1512x694 at(-1016,993)
[BIGPRIM] code=0x3c tp=0x29 span=1662x823 at(-1175,1047)
[BIGPRIM] code=0x3c tp=0x29 span=1863x1031 at(-1382,1112)
[BIGPRIM] code=0x3c tp=0x29 span=1053x1450 at(460,906)
[BIGPRIM] code=0x3c tp=0x29 span=2223x819 at(-1655,2102)
[BIGPRIM] code=0x3c tp=0x36 span=393x996 at(1093,-2008)
[BIGPRIM] code=0x3c tp=0x36 span=411x1334 at(868,-2272)
[BIGPRIM] code=0x3c tp=0x29 span=1014x1248 at(1021,163)
[BIGPRIM] code=0x3c tp=0x36 span=285x875 at(1003,-1983)
[BIGPRIM] code=0x3c tp=0x29 span=927x1353 at(874,347)
[BIGPRIM] code=0x3c tp=0x36 span=249x771 at(703,-1555)
[BIGPRIM] code=0x3c tp=0x36 span=1017x472 at(1093,437)
[BIGPRIM] code=0x3c tp=0x29 span=2208x1019 at(-1754,2629)
[BIGPRIM] code=0x3c tp=0x36 span=636x1070 at(355,-2931)
[BIGPRIM] code=0x3c tp=0x36 span=822x980 at(-518,-2931)
[BIGPRIM] code=0x3c tp=0x29 span=840x1633 at(943,800)
[BIGPRIM] code=0x3c tp=0x36 span=390x1475 at(685,-2931)
[BIGPRIM] code=0x3c tp=0x29 span=852x1025 at(-440,1170)
[BIGPRIM] code=0x3c tp=0x29 span=2226x1064 at(-1940,2584)
[BIGPRIM] code=0x3c tp=0x29 span=276x855 at(529,620)
[BIGPRIM] code=0x3c tp=0x29 span=963x408 at(1024,758)
[BIGPRIM] code=0x3c tp=0x36 span=1008x395 at(1024,135)
[BIGPRIM] code=0x3c tp=0x29 span=2013x1398 at(-1742,2250)
[BIGPRIM] code=0x3c tp=0x36 span=348x1109 at(775,-2931)
[BIGPRIM] code=0x3c tp=0x36 span=195x1045 at(613,-2931)
[BIGPRIM] code=0x3c tp=0x36 span=171x1035 at(505,-2712)
[BIGPRIM] code=0x3c tp=0x36 span=264x1286 at(241,-2147)
[BIGPRIM] code=0x3a tp=0x20 span=1020x770 at(130,-25)
[BIGPRIM] code=0x3c tp=0x29 span=864x1115 at(-554,1160)
[BIGPRIM] code=0x3c tp=0x36 span=642x780 at(937,-446)
[BIGPRIM] code=0x3c tp=0x29 span=192x778 at(235,928)
[BIGPRIM] code=0x3c tp=0x29 span=216x891 at(217,989)
[BIGPRIM] code=0x3c tp=0x36 span=273x1061 at(559,-2131)
[BIGPRIM] code=0x2e tp=0x2c span=1155x1353 at(2134,-2931)
[BIGPRIM] code=0x3c tp=0x36 span=414x1170 at(808,-2931)
[BIGPRIM] code=0x3c tp=0x36 span=1098x475 at(1096,678)
[BIGPRIM] code=0x3c tp=0x36 span=513x1334 at(367,-2931)
[BIGPRIM] code=0x3c tp=0x36 span=225x749 at(550,-1549)
[BIGPRIM] code=0x3c tp=0x36 span=993x431 at(1045,729)
[BIGPRIM] code=0x3c tp=0x29 span=1734x1222 at(619,1346)
[BIGPRIM] code=0x3c tp=0x36 span=270x933 at(613,-2070)
[BIGPRIM] code=0x3c tp=0x29 span=951x1402 at(352,2246)
[BIGPRIM] code=0x3c tp=0x29 span=348x1305 at(-59,1256)
[BIGPRIM] code=0x3c tp=0x36 span=327x1611 at(382,-2764)
[BIGPRIM] code=0x3c tp=0x29 span=1446x1344 at(475,1526)
[BIGPRIM] code=0x3c tp=0x36 span=345x1495 at(535,-2870)
[BIGPRIM] code=0x3c tp=0x36 span=291x771 at(46,-1108)
[BIGPRIM] code=0x3c tp=0x36 span=684x1478 at(835,363)
[BIGPRIM] code=0x3c tp=0x36 span=588x1328 at(-191,-1877)
[BIGPRIM] code=0x3c tp=0x37 span=324x1118 at(-29,1366)
[BIGPRIM] code=0x3c tp=0x36 span=744x1549 at(874,549)
[BIGPRIM] code=0x3c tp=0x29 span=1173x579 at(820,1378)
[BIGPRIM] code=0x3c tp=0x29 span=1218x1459 at(316,1700)
[BIGPRIM] code=0x3c tp=0x36 span=642x1071 at(-263,-1414)
[BIGPRIM] code=0x3c tp=0x36 span=324x970 at(667,675)
[BIGPRIM] code=0x3c tp=0x29 span=1353x726 at(814,1581)
[BIGPRIM] code=0x3a tp=0xa span=1020x770 at(130,-25)
[BIGPRIM] code=0x3c tp=0x37 span=222x1161 at(1009,1825)
[BIGPRIM] code=0x3c tp=0x36 span=339x858 at(181,-1311)
[BIGPRIM] code=0x3c tp=0x29 span=795x1244 at(-584,2404)
[BIGPRIM] code=0x3c tp=0x36 span=378x1643 at(487,-2931)
[BIGPRIM] code=0x3c tp=0x36 span=204x759 at(544,835)
[BIGPRIM] code=0x3c tp=0x36 span=753x1485 at(943,478)
[BIGPRIM] code=0x3c tp=0x36 span=207x835 at(532,887)
[BIGPRIM] code=0x3c tp=0x36 span=705x774 at(1042,-122)
[BIGPRIM] code=0x3c tp=0x37 span=192x890 at(685,1276)
[BIGPRIM] code=0x3c tp=0x36 span=1287x1272 at(-1112,-1176)
[BIGPRIM] code=0x3c tp=0x36 span=330x1061 at(709,703)
[BIGPRIM] code=0x3c tp=0x37 span=1326x890 at(676,1838)
[BIGPRIM] code=0x3a tp=0x20 span=1020x770 at(130,-25)
[BIGPRIM] code=0x3c tp=0x37 span=336x1116 at(1078,2532)
[BIGPRIM] code=0x3c tp=0x29 span=2712x948 at(760,2700)
[SH-XBOX] vblank 13800
[MEM] tick: free=2488KB (622 pages)
[BIGPRIM] code=0x3c tp=0x36 span=204x733 at(598,816)
[BIGPRIM] code=0x3c tp=0x36 span=825x1038 at(310,2610)
[BIGPRIM] code=0x3c tp=0x36 span=558x1569 at(-92,-2931)
[BIGPRIM] code=0x3c tp=0x36 span=708x1533 at(850,546)
[BIGPRIM] code=0x3c tp=0x37 span=225x1241 at(703,2407)
[BIGPRIM] code=0x3c tp=0x37 span=201x804 at(550,2844)
[BIGPRIM] code=0x3c tp=0x29 span=1626x1154 at(520,2494)
[BIGPRIM] code=0x3c tp=0x37 span=300x826 at(688,2822)
[BIGPRIM] code=0x3c tp=0x36 span=447x758 at(-194,-883)
[BIGPRIM] code=0x3c tp=0x36 span=195x839 at(373,935)
[BIGPRIM] code=0x3c tp=0x37 span=126x1614 at(622,2034)
[BIGPRIM] code=0x3c tp=0x37 span=201x1434 at(457,2214)
[BIGPRIM] code=0x3c tp=0x37 span=840x1225 at(-401,2397)
[BIGPRIM] code=0x3c tp=0x36 span=675x1273 at(-338,2375)
[BIGPRIM] code=0x3c tp=0x36 span=204x759 at(514,851)
[BIGPRIM] code=0x3c tp=0x36 span=180x858 at(331,1150)
[BIGPRIM] code=0x3a tp=0x20 span=1020x770 at(130,-25)
[BIGPRIM] code=0x3a tp=0xa span=1020x770 at(130,-25)
[BIGPRIM] code=0x3c tp=0x36 span=156x1225 at(775,1391)
[BIGPRIM] code=0x3c tp=0x37 span=432x855 at(43,1485)
[BIGPRIM] code=0x3c tp=0x37 span=429x752 at(505,1276)
[BIGPRIM] code=0x3c tp=0x37 span=246x1267 at(88,2381)
[BIGPRIM] code=0x3c tp=0x36 span=861x1469 at(976,1057)
[BIGPRIM] code=0x3c tp=0x37 span=177x823 at(82,1173)
[BIGPRIM] code=0x3c tp=0x37 span=441x900 at(1102,1578)
[BIGPRIM] code=0x2e tp=0x2c span=630x952 at(1642,-2224)
[BIGPRIM] code=0x3c tp=0x37 span=264x987 at(667,2661)
[BIGPRIM] code=0x3c tp=0x37 span=453x823 at(541,2825)
[BIGPRIM] code=0x3c tp=0x36 span=675x1607 at(547,-2931)
[SPAWN-FIRE?] slot=16 allPass! npcFlags=0xf flagsId=5 full=0 vblanks=1 ABOUT TO TRY SPAWN
[SPAWN-FIRE!] slot=16 gates passed â†’ entering spawn block, npcIdx will be assigned
[SPAWN] slot=16 -> npc[4] charaId=0 stateStep=5 pos=(-252,223)
[BIGPRIM] code=0x3c tp=0x36 span=240x974 at(490,2044)
[BIGPRIM] code=0x3c tp=0x36 span=252x1417 at(196,-2503)
[BIGPRIM] code=0x3c tp=0x37 span=225x797 at(757,2073)
[BIGPRIM] code=0x3c tp=0x37 span=216x730 at(520,1510)
[BIGPRIM] code=0x3a tp=0x20 span=1020x770 at(130,-25)
[BIGPRIM] code=0x3c tp=0x36 span=642x1543 at(406,2105)
[BIGPRIM] code=0x3c tp=0x36 span=297x951 at(823,2629)
[BIGPRIM] code=0x3c tp=0x36 span=288x858 at(442,1735)
[BIGPRIM] code=0x3c tp=0x36 span=465x1173 at(991,2475)
[BIGPRIM] code=0x3c tp=0x36 span=330x1087 at(1003,2458)
[BIGPRIM] code=0x3c tp=0x36 span=417x1195 at(643,1816)
[BIGPRIM] code=0x3c tp=0x36 span=324x1032 at(472,1513)
[BIGPRIM] code=0x3c tp=0x36 span=333x1032 at(478,1513)
[BIGPRIM] code=0x3c tp=0x36 span=351x1051 at(1054,2436)
[BIGPRIM] code=0x3c tp=0x36 span=504x1215 at(1066,2433)
[BIGPRIM] code=0x3c tp=0x36 span=729x1614 at(901,-2931)
[BIGPRIM] code=0x3c tp=0x36 span=333x807 at(520,1732)
[BIGPRIM] code=0x3c tp=0x36 span=342x855 at(976,2542)
[BIGPRIM] code=0x3c tp=0x36 span=1059x826 at(946,225)
[BIGPRIM] code=0x3c tp=0x36 span=855x1585 at(568,2063)
[BIGPRIM] code=0x3c tp=0x36 span=1233x1128 at(868,2520)
[BIGPRIM] code=0x3c tp=0x36 span=888x1565 at(-638,1896)
[BIGPRIM] code=0x3a tp=0x20 span=1020x770 at(130,-25)
[BIGPRIM] code=0x3c tp=0x37 span=348x794 at(940,2854)
[BIGPRIM] code=0x3c tp=0x37 span=381x955 at(736,2600)
[BIGPRIM] code=0x3c tp=0x36 span=234x743 at(184,-1186)
[BIGPRIM] code=0x3c tp=0x37 span=204x887 at(832,2761)
[BIGPRIM] code=0x3c tp=0x36 span=486x1177 at(730,1812)
[BIGPRIM] code=0x3c tp=0x36 span=396x1504 at(13,-2333)
[BIGPRIM] code=0x3c tp=0x36 span=333x1494 at(52,1684)
[BIGPRIM] code=0x3c tp=0x36 span=852x1398 at(-404,-2931)
[BIGPRIM] code=0x3c tp=0x36 span=1188x1167 at(565,2481)
[BIGPRIM] code=0x3c tp=0x36 span=243x922 at(259,1925)
[BIGPRIM] code=0x3c tp=0x36 span=564x1315 at(517,2333)
[BIGPRIM] code=0x3c tp=0x37 span=591x1145 at(1069,2503)
[BIGPRIM] code=0x3c tp=0x36 span=369x1363 at(160,-2288)
[BIGPRIM] code=0x3c tp=0x36 span=342x1202 at(193,-2060)
[BIGPRIM] code=0x3c tp=0x37 span=327x896 at(919,2266)
[BIGPRIM] code=0x3c tp=0x36 span=945x861 at(1045,935)
[BIGPRIM] code=0x3c tp=0x36 span=399x981 at(493,-1639)
[BIGPRIM] code=0x3c tp=0x36 span=270x778 at(-122,-1793)
[BIGPRIM] code=0x3c tp=0x37 span=516x1626 at(733,1925)
[BIGPRIM] code=0x3c tp=0x36 span=348x842 at(208,2806)
[BIGPRIM] code=0x2e tp=0x2c span=390x1048 at(1069,-2037)
[BIGPRIM] code=0x3c tp=0x37 span=666x727 at(841,2921)
[BIGPRIM] code=0x3c tp=0x37 span=696x862 at(868,2786)
[BIGPRIM] code=0x3c tp=0x37 span=648x788 at(850,2860)
[BIGPRIM] code=0x3c tp=0x36 span=1146x473 at(511,3175)
[BIGPRIM] code=0x3c tp=0x37 span=411x961 at(751,1182)
[BIGPRIM] code=0x3c tp=0x36 span=828x904 at(1117,1301)
[BIGPRIM] code=0x3c tp=0x36 span=1737x1118 at(961,408)
[BIGPRIM] code=0x3c tp=0x37 span=570x1521 at(736,2127)
[BIGPRIM] code=0x3c tp=0x36 span=273x823 at(199,-1449)
[BIGPRIM] code=0x3c tp=0x37 span=186x913 at(619,2121)
[BIGPRIM] code=0x3c tp=0x37 span=414x1035 at(910,2613)
[BIGPRIM] code=0x3c tp=0x37 span=444x920 at(976,2728)
[BIGPRIM] code=0x3c tp=0x37 span=639x1308 at(406,2340)
[BIGPRIM] code=0x3c tp=0x36 span=1377x904 at(901,401)
[BIGPRIM] code=0x3a tp=0x20 span=1020x770 at(130,-25)
[BIGPRIM] code=0x3c tp=0x37 span=393x1019 at(832,2629)
[BIGPRIM] code=0x3c tp=0x37 span=1320x916 at(1081,2732)
[BIGPRIM] code=0x3c tp=0x37 span=519x1613 at(937,1395)
[BIGPRIM] code=0x3c tp=0x37 span=1269x203 at(664,3445)
[BIGPRIM] code=0x3c tp=0x36 span=450x723 at(46,871)
[BIGPRIM] code=0x3c tp=0x37 span=1131x1299 at(748,2349)
[BIGPRIM] code=0x3c tp=0x37 span=789x1202 at(274,2446)
[BIGPRIM] code=0x3c tp=0x36 span=450x775 at(82,909)
[BIGPRIM] code=0x3a tp=0x20 span=1020x770 at(130,-25)
[BIGPRIM] code=0x3c tp=0x37 span=252x752 at(61,1147)
[BIGPRIM] code=0x3a tp=0x20 span=1020x770 at(130,-25)
[BIGPRIM] code=0x3c tp=0x37 span=249x778 at(82,1163)
[BIGPRIM] code=0x3c tp=0x37 span=915x907 at(418,2741)
[BIGPRIM] code=0x3c tp=0x37 span=291x993 at(-113,1295)
[BIGPRIM] code=0x3c tp=0x36 span=531x951 at(-62,983)
[BIGPRIM] code=0x3c tp=0x37 span=486x1301 at(652,1157)
[BIGPRIM] code=0x3c tp=0x37 span=1038x637 at(31,3011)
[BIGPRIM] code=0x3c tp=0x37 span=528x1546 at(-305,2102)
[BIGPRIM] code=0x3c tp=0x36 span=1032x897 at(1045,1272)
[BIGPRIM] code=0x3c tp=0x36 span=2040x1000 at(1021,456)
[BIGPRIM] code=0x3c tp=0x37 span=576x1427 at(-359,2221)
[BIGPRIM] code=0x3c tp=0x37 span=1119x81 at(100,3567)
[BIGPRIM] code=0x3c tp=0x37 span=1197x916 at(862,2732)
[BIGPRIM] code=0x3a tp=0xa span=1020x770 at(130,-25)
[BIGPRIM] code=0x3c tp=0x37 span=930x1472 at(652,2176)
[BIGPRIM] code=0x3c tp=0x37 span=1530x180 at(613,3468)
[BIGPRIM] code=0x3c tp=0x37 span=447x993 at(925,2655)
[BIGPRIM] code=0x3c tp=0x36 span=333x727 at(256,-1189)
[BIGPRIM] code=0x3c tp=0x37 span=2076x392 at(973,3256)
[BIGPRIM] code=0x3a tp=0xa span=1020x770 at(130,-25)
[BIGPRIM] code=0x3c tp=0x36 span=345x762 at(313,-1285)
[BIGPRIM] code=0x3c tp=0x37 span=969x1296 at(640,2352)
[BIGPRIM] code=0x3c tp=0x37 span=510x1128 at(415,1305)
[BIGPRIM] code=0x3a tp=0x20 span=1020x770 at(130,-25)
[BIGPRIM] code=0x3c tp=0x37 span=561x942 at(1039,2706)
[BIGPRIM] code=0x3c tp=0x36 span=435x1064 at(-260,1070)
[BIGPRIM] code=0x3c tp=0x37 span=522x1312 at(1036,1288)
[BIGPRIM] code=0x3c tp=0x36 span=780x1341 at(448,2307)
[BIGPRIM] code=0x3c tp=0x37 span=339x933 at(940,2217)
[BIGPRIM] code=0x3a tp=0x20 span=1020x770 at(130,-25)
[BIGPRIM] code=0x3c tp=0x37 span=339x1247 at(376,1536)
[BIGPRIM] code=0x3c tp=0x36 span=408x1613 at(376,1861)
[BIGPRIM] code=0x3c tp=0x36 span=393x1501 at(379,1819)
[BIGPRIM] code=0x3c tp=0x36 span=378x1421 at(379,1783)
[BIGPRIM] code=0x3c tp=0x36 span=369x1350 at(385,1751)
[BIGPRIM] code=0x3c tp=0x37 span=396x935 at(1081,2266)
[BIGPRIM] code=0x3c tp=0x37 span=387x900 at(1075,2227)
[BIGPRIM] code=0x3c tp=0x36 span=402x1215 at(7,1189)
[BIGPRIM] code=0x3c tp=0x37 span=354x797 at(1060,2115)
[BIGPRIM] code=0x3c tp=0x37 span=330x910 at(1042,2111)
[BIGPRIM] code=0x3c tp=0x37 span=327x893 at(1066,2086)
[BIGPRIM] code=0x3c tp=0x36 span=420x1362 at(64,-2323)
[BIGPRIM] code=0x3c tp=0x36 span=1272x1566 at(805,2082)
[BIGPRIM] code=0x3c tp=0x36 span=273x1524 at(436,2124)
[BIGPRIM] code=0x3c tp=0x37 span=486x739 at(1027,1041)
[BIGPRIM] code=0x3c tp=0x37 span=564x1562 at(826,1658)
[BIGPRIM] code=0x3c tp=0x36 span=549x1330 at(490,-2275)
[BIGPRIM] code=0x3c tp=0x36 span=897x1196 at(442,2452)
[BIGPRIM] code=0x3c tp=0x37 span=240x807 at(613,1182)
[BIGPRIM] code=0x3c tp=0x36 span=468x909 at(-140,678)
[BIGPRIM] code=0x3c tp=0x36 span=744x1511 at(289,2137)
[BIGPRIM] code=0x3a tp=0xa span=1020x770 at(130,-25)
[BIGPRIM] code=0x3c tp=0x37 span=606x973 at(1027,2160)
[BIGPRIM] code=0x3c tp=0x37 span=189x1013 at(655,1372)
[BIGPRIM] code=0x3c tp=0x37 span=120x970 at(790,1816)
[BIGPRIM] code=0x3c tp=0x37 span=90x784 at(811,2645)
[BIGPRIM] code=0x3c tp=0x37 span=117x881 at(526,1285)
[BIGPRIM] code=0x3c tp=0x37 span=15x910 at(715,1745)
[BIGPRIM] code=0x3c tp=0x36 span=90x1466 at(370,1729)
[BIGPRIM] code=0x3c tp=0x36 span=207x881 at(868,-1996)
[BIGPRIM] code=0x3c tp=0x36 span=114x1610 at(238,1755)
[BIGPRIM] code=0x3c tp=0x36 span=273x1090 at(997,-2587)
[BIGPRIM] code=0x3c tp=0x36 span=261x910 at(988,1105)
[BIGPRIM] code=0x3c tp=0x37 span=264x970 at(94,1170)
[BIGPRIM] code=0x3c tp=0x37 span=501x1076 at(97,1742)
[BIGPRIM] code=0x3c tp=0x37 span=759x1572 at(526,1912)
[BIGPRIM] code=0x3c tp=0x36 span=522x1550 at(-308,1420)
[BIGPRIM] code=0x3c tp=0x36 span=447x884 at(-86,903)
[BIGPRIM] code=0x3c tp=0x36 span=1449x1077 at(-1244,57)
[BIGPRIM] code=0x3c tp=0x36 span=534x955 at(-302,1433)
[BIGPRIM] code=0x2e tp=0x2c span=90x864 at(934,-1513)
[BIGPRIM] code=0x3c tp=0x37 span=1161x1450 at(439,2198)
[BIGPRIM] code=0x3a tp=0x20 span=1020x770 at(130,-25)
[BIGPRIM] code=0x3c tp=0x37 span=456x1116 at(-218,2532)
[BIGPRIM] code=0x3c tp=0x37 span=495x1161 at(-251,2487)
[BIGPRIM] code=0x3c tp=0x36 span=657x1093 at(-467,1536)
[BIGPRIM] code=0x3c tp=0x36 span=324x1411 at(1057,1250)
[BIGPRIM] code=0x3c tp=0x37 span=570x958 at(493,1166)
[BIGPRIM] code=0x3a tp=0x20 span=1020x770 at(130,-25)
[CHNK] n=4 s0=-3,6,st2 s1=-7,6,st3 s2=-3,5,st2 s3=-7,5,st3
[BIGPRIM] code=0x2e tp=0x2c span=540x800 at(1480,-1018)
[BIGPRIM] code=0x3c tp=0x37 span=663x1187 at(412,1288)
[BIGPRIM] code=0x3c tp=0x37 span=1380x1611 at(-998,2037)
[BIGPRIM] code=0x3c tp=0x37 span=1842x1228 at(-347,2420)
[BIGPRIM] code=0x3c tp=0x37 span=642x1193 at(-101,1285)
[BIGPRIM] code=0x3a tp=0xa span=1020x770 at(130,-25)
[BIGPRIM] code=0x3c tp=0x36 span=1197x714 at(1123,1735)
[BIGPRIM] code=0x3c tp=0x37 span=684x1112 at(-203,1311)
[BIGPRIM] code=0x3a tp=0x20 span=1020x770 at(130,-25)
[BIGPRIM] code=0x3c tp=0x37 span=531x736 at(403,1179)
[BIGPRIM] code=0x3c tp=0x36 span=273x896 at(829,1096)
[BIGPRIM] code=0x3a tp=0xa span=1020x770 at(130,-25)
[BIGPRIM] code=0x3c tp=0x37 span=288x720 at(-62,948)
[BIGPRIM] code=0x3a tp=0x20 span=1020x770 at(130,-25)
[BIGPRIM] code=0x3c tp=0x37 span=717x1074 at(619,1372)
[BIGPRIM] code=0x3a tp=0x20 span=1020x770 at(130,-25)
[BIGPRIM] code=0x3a tp=0x20 span=1020x770 at(130,-25)
[BIGPRIM] code=0x3a tp=0x20 span=1020x770 at(130,-25)
[BIGPRIM] code=0x3c tp=0x36 span=1467x1031 at(-1262,77)
[BIGPRIM] code=0x3c tp=0x37 span=471x1205 at(-125,1292)
[BIGPRIM] code=0x3c tp=0x36 span=168x803 at(991,1006)
[BIGPRIM] code=0x3c tp=0x36 span=171x1494 at(928,1369)
[BIGPRIM] code=0x2e tp=0x2c span=195x762 at(1177,-2070)
[BIGPRIM] code=0x3c tp=0x36 span=306x1443 at(901,2205)
[BIGPRIM] code=0x3c tp=0x36 span=99x784 at(799,1083)
[BIGPRIM] code=0x3c tp=0x36 span=420x1642 at(1006,845)
[BIGPRIM] code=0x3c tp=0x36 span=147x903 at(796,1015)
[BIGPRIM] code=0x3c tp=0x36 span=168x820 at(1078,-1507)
[BIGPRIM] code=0x3c tp=0x36 span=1344x524 at(1015,758)
[BIGPRIM] code=0x3c tp=0x36 span=1173x456 at(988,697)
[BIGPRIM] code=0x3c tp=0x36 span=327x1424 at(1069,-2430)
[BIGPRIM] code=0x3c tp=0x36 span=372x896 at(1123,-1587)
[BIGPRIM] code=0x3c tp=0x36 span=159x929 at(613,1166)
[BIGPRIM] code=0x3c tp=0x29 span=60x1209 at(454,2050)
[BIGPRIM] code=0x3c tp=0x36 span=255x867 at(988,-1767)
[BIGPRIM] code=0x3c tp=0x29 span=396x874 at(-116,2182)
[BIGPRIM] code=0x3c tp=0x36 span=267x1118 at(643,-2394)
[BIGPRIM] code=0x3c tp=0x37 span=477x842 at(805,-2343)
[BIGPRIM] code=0x3c tp=0x36 span=552x1135 at(919,-2931)
[BIGPRIM] code=0x3c tp=0x36 span=189x1588 at(736,-2931)
[BIGPRIM] code=0x3c tp=0x36 span=291x1359 at(388,-2754)
[BIGPRIM] code=0x3c tp=0x37 span=501x1016 at(571,-2642)
[BIGPRIM] code=0x3c tp=0x38 span=717x1533 at(-242,-2931)
[BIGPRIM] code=0x3c tp=0x36 span=165x1315 at(604,-2931)
[BIGPRIM] code=0x3c tp=0x36 span=384x1385 at(115,-2931)
[BIGPRIM] code=0x3c tp=0x36 span=624x1231 at(-407,-2243)
[BIGPRIM] code=0x3c tp=0x36 span=453x774 at(841,392)
[BIGPRIM] code=0x3c tp=0x38 span=519x1224 at(-5,-2439)
[BIGPRIM] code=0x3c tp=0x29 span=372x990 at(22,2658)
[BIGPRIM] code=0x3c tp=0x29 span=219x775 at(799,1658)
[BIGPRIM] code=0x3c tp=0x36 span=381x1485 at(-173,1697)
[BIGPRIM] code=0x3c tp=0x36 span=225x1411 at(121,-2931)
[BIGPRIM] code=0x3c tp=0x36 span=165x878 at(472,2227)
[BIGPRIM] code=0x3c tp=0x29 span=246x1238 at(1009,1944)
[BIGPRIM] code=0x3c tp=0x37 span=342x932 at(442,2552)
[BIGPRIM] code=0x3c tp=0x36 span=261x971 at(10,1928)
[BIGPRIM] code=0x3c tp=0x36 span=231x1443 at(244,-2529)
[BIGPRIM] code=0x3c tp=0x36 span=174x807 at(-26,-1864)
[BIGPRIM] code=0x3a tp=0xa span=1020x770 at(130,-25)
[BIGPRIM] code=0x3c tp=0x37 span=234x1128 at(565,2520)
[BIGPRIM] code=0x3c tp=0x36 span=522x1398 at(619,-2156)
[BIGPRIM] code=0x3c tp=0x36 span=222x1090 at(814,2558)
[BIGPRIM] code=0x3c tp=0x36 span=453x1064 at(592,-1710)
[BIGPRIM] code=0x3c tp=0x37 span=291x910 at(559,2738)
[BIGPRIM] code=0x3c tp=0x36 span=744x970 at(1051,1321)
[BIGPRIM] code=0x3c tp=0x37 span=438x1052 at(697,1243)
[BIGPRIM] code=0x3c tp=0x37 span=237x1083 at(622,2401)
[BIGPRIM] code=0x3c tp=0x36 span=816x965 at(1063,1375)
[BIGPRIM] code=0x3c tp=0x37 span=420x826 at(460,986)
[BIGPRIM] code=0x3c tp=0x37 span=273x1129 at(598,2503)
[BIGPRIM] code=0x3c tp=0x36 span=606x749 at(-365,790)
[BIGPRIM] code=0x3c tp=0x37 span=447x765 at(877,2883)
[BIGPRIM] code=0x3c tp=0x36 span=534x948 at(-113,2700)
[BIGPRIM] code=0x3c tp=0x36 span=555x955 at(-104,2693)
[BIGPRIM] code=0x3a tp=0x20 span=1020x770 at(130,-25)
[BIGPRIM] code=0x3c tp=0x36 span=711x855 at(-509,848)
[BIGPRIM] code=0x3c tp=0x37 span=600x1353 at(-140,2295)
[BIGPRIM] code=0x3c tp=0x37 span=378x929 at(700,2719)
[BIGPRIM] code=0x3c tp=0x37 span=474x743 at(790,2905)
[BIGPRIM] code=0x3c tp=0x37 span=393x1398 at(769,1324)
[BIGPRIM] code=0x3c tp=0x37 span=1155x1196 at(490,2452)
[BIGPRIM] code=0x2e tp=0x2c span=654x765 at(1093,-630)
[BIGPRIM] code=0x3c tp=0x37 span=2229x1321 at(-1850,2327)
[BIGPRIM] code=0x3c tp=0x36 span=825x929 at(733,1822)
[BIGPRIM] code=0x3c tp=0x36 span=408x897 at(55,-1231)
[BIGPRIM] code=0x3c tp=0x37 span=1422x595 at(184,3053)
[BIGPRIM] code=0x3c tp=0x38 span=330x1244 at(649,922)
[BIGPRIM] code=0x3a tp=0x20 span=1020x770 at(130,-25)
[BIGPRIM] code=0x3c tp=0x36 span=501x1469 at(-2,-1912)
[BIGPRIM] code=0x3c tp=0x36 span=699x1588 at(958,858)
[BIGPRIM] code=0x3c tp=0x37 span=543x1015 at(406,2536)
[BIGPRIM] code=0x3c tp=0x36 span=882x990 at(769,2658)
[BIGPRIM] code=0x3c tp=0x38 span=1284x1559 at(-881,928)
[BIGPRIM] code=0x3c tp=0x36 span=696x736 at(-188,678)
[BIGPRIM] code=0x3c tp=0x2a span=540x862 at(673,2786)
[BIGPRIM] code=0x3c tp=0x36 span=828x1328 at(1123,2320)
[BIGPRIM] code=0x3c tp=0x38 span=636x1318 at(634,2330)
[BIGPRIM] code=0x3c tp=0x36 span=462x855 at(352,893)
[BIGPRIM] code=0x3c tp=0x36 span=1179x1040 at(-1001,-912)
[BIGPRIM] code=0x3a tp=0x20 span=1020x770 at(130,-25)
[BIGPRIM] code=0x3c tp=0x36 span=294x791 at(295,-1080)
[BIGPRIM] code=0x3a tp=0xa span=1020x770 at(130,-25)
[BIGPRIM] code=0x3c tp=0x37 span=540x887 at(-164,-2417)
[BIGPRIM] code=0x3c tp=0x37 span=672x868 at(-236,-2012)
[BIGPRIM] code=0x3a tp=0x20 span=1020x770 at(130,-25)
[BIGPRIM] code=0x3a tp=0x20 span=1020x770 at(130,-25)
[BIGPRIM] code=0x3c tp=0x36 span=315x1408 at(616,-2057)
[BIGPRIM] code=0x3c tp=0x36 span=549x894 at(151,1089)
[BIGPRIM] code=0x3c tp=0x37 span=1293x1022 at(-428,1796)
[BIGPRIM] code=0x3c tp=0x38 span=1209x1203 at(-863,1108)
[BIGPRIM] code=0x3c tp=0x37 span=600x1302 at(571,2346)
[BIGPRIM] code=0x3c tp=0x37 span=564x1112 at(523,2536)
[BIGPRIM] code=0x3c tp=0x36 span=306x733 at(457,-1173)
[BIGPRIM] code=0x3c tp=0x37 span=159x745 at(286,1803)
[BIGPRIM] code=0x3c tp=0x37 span=165x1256 at(214,2311)
[BIGPRIM] code=0x3c tp=0x36 span=1185x984 at(64,2664)
[BIGPRIM] code=0x3a tp=0xa span=1020x770 at(130,-25)
[BIGPRIM] code=0x3c tp=0x36 span=627x1134 at(319,1459)
[BIGPRIM] code=0x3c tp=0x36 span=1602x929 at(817,2719)
[BIGPRIM] code=0x2e tp=0x2c span=1128x745 at(1534,-880)
[BIGPRIM] code=0x3c tp=0x36 span=1020x1582 at(646,2066)
[BIGPRIM] code=0x3c tp=0x37 span=360x1048 at(817,967)
[BIGPRIM] code=0x3c tp=0x36 span=825x1604 at(748,1700)
[BIGPRIM] code=0x3c tp=0x36 span=924x1122 at(-146,-1240)
[BIGPRIM] code=0x3c tp=0x36 span=741x1437 at(862,1468)
[BIGPRIM] code=0x3c tp=0x38 span=804x1389 at(-518,1288)
[BIGPRIM] code=0x3c tp=0x36 span=468x819 at(997,961)
[BIGPRIM] code=0x3c tp=0x36 span=405x819 at(-77,1472)
[BIGPRIM] code=0x3a tp=0x20 span=1020x770 at(130,-25)
[BIGPRIM] code=0x2e tp=0x2c span=1683x1070 at(1651,-1359)
[BIGPRIM] code=0x2e tp=0x2c span=1128x800 at(1624,-1195)
[BIGPRIM] code=0x3c tp=0x36 span=576x806 at(751,-1211)
[BIGPRIM] code=0x3c tp=0x36 span=1350x916 at(-674,2732)
[BIGPRIM] code=0x3c tp=0x36 span=882x952 at(-95,2024)
[BIGPRIM] code=0x3a tp=0xa span=1020x770 at(130,-25)
[BIGPRIM] code=0x3c tp=0x36 span=921x826 at(-719,1812)
[BIGPRIM] code=0x3c tp=0x38 span=213x868 at(325,-1800)
[BIGPRIM] code=0x3c tp=0x38 span=366x816 at(-128,-2931)
[BIGPRIM] code=0x3c tp=0x38 span=222x971 at(268,-1951)
[BIGPRIM] code=0x3c tp=0x38 span=234x1009 at(235,-2005)
[BIGPRIM] code=0x3c tp=0x38 span=300x823 at(109,-2931)
[BIGPRIM] code=0x3c tp=0x38 span=189x829 at(445,-1828)
[BIGPRIM] code=0x3c tp=0x38 span=240x858 at(367,-1578)
[BIGPRIM] code=0x3c tp=0x38 span=285x1205 at(79,-2272)
[BIGPRIM] code=0x3c tp=0x38 span=276x1443 at(421,-2931)
[BIGPRIM] code=0x3c tp=0x37 span=360x1151 at(-56,-2812)
[BIGPRIM] code=0x3a tp=0x20 span=1020x770 at(130,-25)
[BIGPRIM] code=0x3c tp=0x36 span=921x823 at(-758,1841)
[BIGPRIM] code=0x3c tp=0x38 span=261x919 at(31,-1764)
[BIGPRIM] code=0x2e tp=0x2c span=1449x407 at(1936,-379)
[BIGPRIM] code=0x3c tp=0x36 span=819x1032 at(-485,1751)
[BIGPRIM] code=0x3c tp=0x36 span=609x1015 at(553,1427)
[BIGPRIM] code=0x3c tp=0x36 span=660x1138 at(508,1523)
[BIGPRIM] code=0x3c tp=0x36 span=516x864 at(673,1231)
[BIGPRIM] code=0x3c tp=0x38 span=489x771 at(115,855)
[BIGPRIM] code=0x3c tp=0x38 span=378x875 at(-209,-2478)
[BIGPRIM] code=0x3c tp=0x38 span=525x826 at(7,877)
[BIGPRIM] code=0x3c tp=0x36 span=669x1006 at(376,1587)
[BIGPRIM] code=0x3c tp=0x38 span=603x990 at(-101,970)
[BIGPRIM] code=0x3c tp=0x36 span=822x1199 at(-461,1825)
[BIGPRIM] code=0x3a tp=0x20 span=1020x770 at(130,-25)
[BIGPRIM] code=0x3c tp=0x38 span=726x1028 at(-518,1231)
[BIGPRIM] code=0x3c tp=0x38 span=645x938 at(-368,1247)
[BIGPRIM] code=0x3c tp=0x38 span=567x827 at(-221,1243)
[BIGPRIM] code=0x3c tp=0x38 span=510x752 at(-119,1234)
[BIGPRIM] code=0x3c tp=0x38 span=558x967 at(97,1186)
[BIGPRIM] code=0x3c tp=0x36 span=606x1163 at(337,1578)
[BIGPRIM] code=0x3c tp=0x36 span=1197x517 at(-1043,482)
[BIGPRIM] code=0x3c tp=0x36 span=2754x299 at(-17,3349)
[BIGPRIM] code=0x3c tp=0x36 span=621x1495 at(-236,2153)
[BIGPRIM] code=0x3c tp=0x36 span=2874x293 at(235,3355)
[BIGPRIM] code=0x3c tp=0x38 span=582x749 at(1129,903)
[BIGPRIM] code=0x3c tp=0x37 span=1005x877 at(151,1700)
[SH-XBOX] vblank 14400
[MEM] tick: free=2488KB (622 pages)
[BIGPRIM] code=0x3a tp=0x20 span=1020x770 at(130,-25)
[BIGPRIM] code=0x3c tp=0x38 span=999x688 at(-611,1526)
[BIGPRIM] code=0x3c tp=0x36 span=2151x1460 at(922,2188)
[BIGPRIM] code=0x3c tp=0x36 span=516x771 at(-353,1247)
[BIGPRIM] code=0x3c tp=0x38 span=1083x1385 at(-182,1655)
[BIGPRIM] code=0x3c tp=0x38 span=696x771 at(1108,405)
[BIGPRIM] code=0x3c tp=0x36 span=1635x463 at(-854,3185)
[BIGPRIM] code=0x3c tp=0x36 span=1590x1620 at(751,2028)
[BIGPRIM] code=0x3a tp=0x20 span=1020x770 at(130,-25)
[BIGPRIM] code=0x3c tp=0x38 span=1380x1357 at(-473,2291)
[BIGPRIM] code=0x3a tp=0x20 span=1020x770 at(130,-25)
[BIGPRIM] code=0x3c tp=0x36 span=360x1437 at(85,-1893)
[BIGPRIM] code=0x3c tp=0x36 span=624x1286 at(-290,-1337)
[BIGPRIM] code=0x3a tp=0x20 span=1020x770 at(130,-25)
[BIGPRIM] code=0x3c tp=0x38 span=945x881 at(1060,703)
[BIGPRIM] code=0x3a tp=0xa span=1020x770 at(130,-25)
[BIGPRIM] code=0x3c tp=0x36 span=690x1588 at(-470,-1761)
[BIGPRIM] code=0x3c tp=0x36 span=366x1286 at(-44,-1681)
[BIGPRIM] code=0x3c tp=0x38 span=1557x1559 at(1108,694)
[BIGPRIM] code=0x3c tp=0x36 span=333x1132 at(-8,-1504)
[BIGPRIM] code=0x3c tp=0x38 span=357x1228 at(844,1677)
[BIGPRIM] code=0x3c tp=0x36 span=582x1016 at(91,1205)
[BIGPRIM] code=0x3c tp=0x38 span=990x1183 at(-800,967)
[BIGPRIM] code=0x3c tp=0x36 span=852x1119 at(-548,1648)
[BIGPRIM] code=0x3c tp=0x36 span=675x1170 at(-2,1311)
[BIGPRIM] code=0x3c tp=0x36 span=486x920 at(346,1076)
[BIGPRIM] code=0x3c tp=0x36 span=1362x1485 at(-1049,2163)
[BIGPRIM] code=0x3c tp=0x38 span=498x1321 at(577,2327)
[BIGPRIM] code=0x3a tp=0x20 span=1020x770 at(130,-25)
[BIGPRIM] code=0x3c tp=0x36 span=405x782 at(604,928)
[BIGPRIM] code=0x3c tp=0x38 span=300x729 at(1117,1411)
[BIGPRIM] code=0x3c tp=0x38 span=366x1286 at(1042,1655)
[BIGPRIM] code=0x3c tp=0x38 span=588x1328 at(250,2320)
[BIGPRIM] code=0x3c tp=0x37 span=573x791 at(-395,964)
[BIGPRIM] code=0x3c tp=0x36 span=366x800 at(853,-1510)
[BIGPRIM] code=0x3c tp=0x36 span=951x926 at(-743,1192)
[BIGPRIM] code=0x3c tp=0x37 span=747x1106 at(-497,922)
[BIGPRIM] code=0x3c tp=0x36 span=651x1125 at(-491,-2757)
[BIGPRIM] code=0x3c tp=0x36 span=537x1553 at(919,-2931)
[BIGPRIM] code=0x3c tp=0x38 span=264x778 at(85,-2311)
[BIGPRIM] code=0x3c tp=0x36 span=339x1231 at(670,-2503)
[BIGPRIM] code=0x3c tp=0x37 span=849x1003 at(-512,980)
[BIGPRIM] code=0x3c tp=0x36 span=345x862 at(877,-1742)
[BIGPRIM] code=0x3c tp=0x38 span=423x771 at(28,-1645)
[BIGPRIM] code=0x3c tp=0x38 span=486x1353 at(316,2079)
[BIGPRIM] code=0x3c tp=0x38 span=396x1109 at(688,1848)
[BIGPRIM] code=0x3a tp=0xa span=1020x770 at(130,-25)
[BIGPRIM] code=0x3c tp=0x36 span=591x849 at(151,2076)
[BIGPRIM] code=0x3c tp=0x37 span=933x1041 at(-494,1173)
[BIGPRIM] code=0x3c tp=0x36 span=564x874 at(58,1562)
[BIGPRIM] code=0x3c tp=0x38 span=564x723 at(-83,983)
[BIGPRIM] code=0x3c tp=0x36 span=573x900 at(1132,-1970)
[BIGPRIM] code=0x3c tp=0x38 span=603x1344 at(877,2304)
[BIGPRIM] code=0x3c tp=0x36 span=453x765 at(55,1031)
[BIGPRIM] code=0x3c tp=0x36 span=501x762 at(1093,745)
[BIGPRIM] code=0x3c tp=0x36 span=366x820 at(961,-1941)
[BIGPRIM] code=0x3c tp=0x38 span=393x1254 at(142,2034)
[BIGPRIM] code=0x3c tp=0x38 span=1173x720 at(-968,2928)
[BIGPRIM] code=0x3a tp=0xa span=1020x770 at(130,-25)
[BIGPRIM] code=0x3c tp=0x38 span=1224x977 at(1093,2671)
[BIGPRIM] code=0x3c tp=0x36 span=552x784 at(943,-2931)
[BIGPRIM] code=0x3c tp=0x38 span=528x942 at(916,1841)
[BIGPRIM] code=0x3c tp=0x38 span=510x845 at(925,1787)
[BIGPRIM] code=0x3a tp=0xa span=1020x770 at(130,-25)
[BIGPRIM] code=0x3c tp=0x38 span=270x881 at(631,-2709)
[BIGPRIM] code=0x3c tp=0x38 span=603x867 at(1012,1906)
[BIGPRIM] code=0x3c tp=0x38 span=468x1029 at(16,2230)
[BIGPRIM] code=0x3c tp=0x36 span=240x739 at(922,-1986)
[BIGPRIM] code=0x3c tp=0x38 span=384x745 at(148,2028)
[BIGPRIM] code=0x3c tp=0x38 span=321x1009 at(193,-2635)
[BIGPRIM] code=0x3a tp=0x20 span=1020x770 at(130,-25)
[BIGPRIM] code=0x3c tp=0x38 span=558x1051 at(721,1947)
[BIGPRIM] code=0x3c tp=0x38 span=309x1517 at(784,-2658)
[BIGPRIM] code=0x3a tp=0x20 span=1020x770 at(130,-25)
[BIGPRIM] code=0x3c tp=0x38 span=210x761 at(751,-1346)
[BIGPRIM] code=0x3c tp=0x38 span=198x1000 at(553,-1851)
[BIGPRIM] code=0x3c tp=0x38 span=447x1151 at(-104,1941)
[BIGPRIM] code=0x3c tp=0x36 span=291x910 at(958,-1838)
[BIGPRIM] code=0x3c tp=0x38 span=369x807 at(-86,1700)
[BIGPRIM] code=0x3c tp=0x36 span=330x1080 at(895,-2272)
[BIGPRIM] code=0x2e tp=0x2c span=315x762 at(1429,-2799)
[BIGPRIM] code=0x3c tp=0x38 span=417x936 at(1057,1558)
[BIGPRIM] code=0x3c tp=0x36 span=513x916 at(472,1096)
[BIGPRIM] code=0x3c tp=0x38 span=378x826 at(1063,1578)
[BIGPRIM] code=0x3a tp=0xa span=1020x770 at(130,-25)
[BIGPRIM] code=0x3c tp=0x38 span=612x1327 at(979,2179)
[BIGPRIM] code=0x3c tp=0x36 span=720x1160 at(886,1070)
[BIGPRIM] code=0x3c tp=0x36 span=663x1141 at(685,1176)
[BIGPRIM] code=0x3c tp=0x38 span=519x787 at(-260,2041)
[BIGPRIM] code=0x3c tp=0x38 span=504x916 at(-80,2211)
[BIGPRIM] code=0x3c tp=0x36 span=321x855 at(1117,-2205)
[BIGPRIM] code=0x3c tp=0x38 span=300x753 at(907,-2295)
[BIGPRIM] code=0x3c tp=0x37 span=273x820 at(1024,-2073)
[BIGPRIM] code=0x3c tp=0x38 span=642x1170 at(574,-1687)
[BIGPRIM] code=0x3c tp=0x38 span=633x987 at(913,1963)
[BIGPRIM] code=0x3c tp=0x38 span=534x1360 at(721,-2568)
[BIGPRIM] code=0x3c tp=0x38 span=960x685 at(-644,-1096)
[WOBJ] resolved 'WHEEL1_H' lmIdx=4
[WOBJ] resolved 'WHEEL2_H' lmIdx=4
[WOBJ] resolved 'WHEEL1_H' lmIdx=4
[WOBJ] resolved 'WHEEL2_H' lmIdx=4
[WOBJ] resolved 'WHEEL1_H' lmIdx=4
[WOBJ] resolved 'WHEEL2_H' lmIdx=4
[BIGPRIM] code=0x3a tp=0x20 span=1020x770 at(130,-25)
[WOBJ] resolved 'WHEEL1_H' lmIdx=4
[WOBJ] resolved 'WHEEL2_H' lmIdx=4
[WOBJ] resolved 'WHEEL1_H' lmIdx=4
[WOBJ] resolved 'WHEEL2_H' lmIdx=4
[WOBJ] resolved 'WHEEL1_H' lmIdx=4
[WOBJ] resolved 'WHEEL2_H' lmIdx=4
[WOBJ] resolved 'WHEEL1_H' lmIdx=4
[WOBJ] resolved 'WHEEL2_H' lmIdx=4
[BIGPRIM] code=0x3c tp=0x38 span=255x849 at(1087,-1462)
[BIGPRIM] code=0x3c tp=0x38 span=939x961 at(664,-2931)
[BIGPRIM] code=0x3a tp=0xa span=1020x770 at(130,-25)
[BIGPRIM] code=0x3a tp=0x20 span=1020x770 at(130,-25)
[BIGPRIM] code=0x3c tp=0x38 span=216x845 at(736,-1539)
[BIGPRIM] code=0x3a tp=0xa span=1020x770 at(130,-25)
[BIGPRIM] code=0x3c tp=0x38 span=891x1241 at(-560,2407)
[BIGPRIM] code=0x3c tp=0x38 span=600x726 at(172,-1404)
[BIGPRIM] code=0x3c tp=0x38 span=1431x1247 at(-1208,-1931)
[BIGPRIM] code=0x3c tp=0x38 span=528x1135 at(106,-2581)
[BIGPRIM] code=0x3c tp=0x38 span=339x993 at(160,1697)
[BIGPRIM] code=0x3c tp=0x38 span=186x923 at(499,-1697)
[BIGPRIM] code=0x3c tp=0x37 span=234x1327 at(805,-2426)
[BIGPRIM] code=0x3c tp=0x38 span=912x1045 at(-506,-2931)
[BIGPRIM] code=0x3c tp=0x38 span=303x868 at(235,1623)
[BIGPRIM] code=0x3c tp=0x38 span=192x990 at(484,-1809)
[BIGPRIM] code=0x3c tp=0x38 span=198x723 at(652,-1266)
[BIGPRIM] code=0x3c tp=0x38 span=204x1109 at(586,-2015)
[BIGPRIM] code=0x3c tp=0x38 span=1095x1559 at(-758,-2208)
[BIGPRIM] code=0x3a tp=0xa span=1020x770 at(130,-25)
[BIGPRIM] code=0x3c tp=0x38 span=759x1611 at(397,-2314)
[BIGPRIM] code=0x3a tp=0x20 span=1020x770 at(130,-25)
[BIGPRIM] code=0x3c tp=0x38 span=303x849 at(829,-2571)
[BIGPRIM] code=0x3c tp=0x38 span=489x736 at(1075,-2931)
[BIGPRIM] code=0x3c tp=0x36 span=525x727 at(1045,790)
[BIGPRIM] code=0x3c tp=0x38 span=531x1289 at(82,2359)
[BIGPRIM] code=0x3c tp=0x38 span=708x1228 at(601,2420)
[BIGPRIM] code=0x3a tp=0xa span=1020x770 at(130,-25)
[BIGPRIM] code=0x3c tp=0x38 span=432x1067 at(601,-2021)
[BIGPRIM] code=0x3c tp=0x38 span=462x736 at(-173,1825)
[BIGPRIM] code=0x3c tp=0x38 span=273x803 at(949,-1603)
[WOBJ] resolved 'WHEEL1_H' lmIdx=4
[WOBJ] resolved 'WHEEL2_H' lmIdx=4
[WOBJ] resolved 'WHEEL1_H' lmIdx=4
[WOBJ] resolved 'WHEEL2_H' lmIdx=4
[BIGPRIM] code=0x3c tp=0x38 span=396x884 at(298,2021)
[WOBJ] resolved 'WHEEL1_H' lmIdx=4
[WOBJ] resolved 'WHEEL2_H' lmIdx=4
[WOBJ] resolved 'WHEEL1_H' lmIdx=4
[WOBJ] resolved 'WHEEL2_H' lmIdx=4
[BIGPRIM] code=0x3a tp=0xa span=1020x770 at(130,-25)
[BIGPRIM] code=0x3c tp=0x38 span=465x787 at(631,-1243)
[BIGPRIM] code=0x3c tp=0x38 span=720x1430 at(670,-2931)
[BIGPRIM] code=0x3c tp=0x38 span=1389x199 at(514,-2931)
[BIGPRIM] code=0x3c tp=0x38 span=279x887 at(1081,-1565)
[BIGPRIM] code=0x3c tp=0x38 span=888x1109 at(574,-2931)
[BIGPRIM] code=0x3a tp=0x20 span=1020x770 at(130,-25)
[BIGPRIM] code=0x3a tp=0x20 span=1020x770 at(130,-25)
[BIGPRIM] code=0x3c tp=0x38 span=426x803 at(550,1665)
[CHNK] n=4 s0=-3,6,st2 s1=-7,6,st3 s2=-3,5,st2 s3=-7,5,st3
[BIGPRIM] code=0x3c tp=0x38 span=504x1147 at(532,1880)
[BIGPRIM] code=0x3c tp=0x38 span=609x1362 at(895,1906)
[BIGPRIM] code=0x3a tp=0x20 span=1020x770 at(130,-25)
[BIGPRIM] code=0x2e tp=0x2c span=81x746 at(742,-2494)
[BIGPRIM] code=0x3c tp=0x36 span=495x820 at(817,925)
[BIGPRIM] code=0x3c tp=0x38 span=480x974 at(-62,2131)
[BIGPRIM] code=0x3c tp=0x38 span=1002x1196 at(1117,2452)
[BIGPRIM] code=0x3c tp=0x36 span=294x729 at(1102,-1976)
[BIGPRIM] code=0x3c tp=0x38 span=540x1157 at(181,2491)
[BIGPRIM] code=0x3c tp=0x38 span=627x813 at(1042,1870)
[BIGPRIM] code=0x3c tp=0x38 span=414x723 at(49,1951)
[BIGPRIM] code=0x3a tp=0x20 span=1020x770 at(130,-25)
[BIGPRIM] code=0x3c tp=0x38 span=1383x688 at(634,-2931)
[BIGPRIM] code=0x3c tp=0x38 span=462x771 at(670,-1211)
[BIGPRIM] code=0x3c tp=0x38 span=369x855 at(748,-1767)
[BIGPRIM] code=0x3a tp=0xa span=1020x770 at(130,-25)
[BIGPRIM] code=0x3a tp=0xa span=1020x770 at(130,-25)
[BIGPRIM] code=0x3c tp=0x38 span=438x730 at(-260,1587)
[BIGPRIM] code=0x3c tp=0x38 span=486x923 at(-8,1886)
[BIGPRIM] code=0x3c tp=0x38 span=828x1222 at(553,2426)
[BIGPRIM] code=0x3c tp=0x38 span=666x820 at(694,-1163)
[BIGPRIM] code=0x3c tp=0x38 span=411x1083 at(466,1854)
[BIGPRIM] code=0x3c tp=0x36 span=345x900 at(1069,1060)
[BIGPRIM] code=0x3c tp=0x36 span=261x797 at(790,999)
[BIGPRIM] code=0x3c tp=0x38 span=723x1215 at(-11,2433)
[BIGPRIM] code=0x3c tp=0x38 span=507x884 at(1012,1745)
[BIGPRIM] code=0x3c tp=0x38 span=750x1273 at(538,2375)
[BIGPRIM] code=0x3c tp=0x38 span=579x1154 at(-101,-2301)
[BIGPRIM] code=0x3a tp=0x20 span=1020x770 at(130,-25)
[BIGPRIM] code=0x3c tp=0x38 span=504x1148 at(442,-2552)
[BIGPRIM] code=0x3c tp=0x38 span=531x1260 at(217,-2925)
[BIGPRIM] code=0x3c tp=0x37 span=240x810 at(127,-1375)
[BIGPRIM] code=0x3c tp=0x37 span=591x920 at(-350,-2327)
[BIGPRIM] code=0x3a tp=0xa span=1020x770 at(130,-25)
[BIGPRIM] code=0x3c tp=0x37 span=435x762 at(7,-2044)
[BIGPRIM] code=0x3c tp=0x38 span=351x877 at(655,-2307)
[BIGPRIM] code=0x3c tp=0x38 span=369x730 at(970,1915)
[BIGPRIM] code=0x3c tp=0x38 span=348x1392 at(427,2053)
[BIGPRIM] code=0x3c tp=0x38 span=339x775 at(61,1491)
[BIGPRIM] code=0x3a tp=0x20 span=1020x770 at(130,-25)
[BIGPRIM] code=0x3c tp=0x38 span=561x1019 at(967,1031)
[BIGPRIM] code=0x3c tp=0x36 span=1326x418 at(1072,3230)
[BIGPRIM] code=0x3c tp=0x37 span=471x797 at(757,935)
[BIGPRIM] code=0x3c tp=0x38 span=240x993 at(388,1774)
[BIGPRIM] code=0x3c tp=0x37 span=543x935 at(826,1025)
[BIGPRIM] code=0x3c tp=0x38 span=654x1032 at(1129,-2205)
[BIGPRIM] code=0x3c tp=0x38 span=999x167 at(-722,3481)
[GP-STATE-TXN] Gameplay -> sysState=10 (param=15)
[SFX] Sd_PlaySfx: sfxId=1359 (Sfx_Base+79) vol=208
[BIGPRIM] code=0x3c tp=0x38 span=312x1370 at(286,2278)
[BIGPRIM] code=0x3c tp=0x36 span=747x922 at(289,1620)
[BIGPRIM] code=0x3a tp=0x40 span=1020x52 at(130,668)
[BIGPRIM] code=0x3c tp=0x38 span=375x724 at(931,1092)
[BIGPRIM] code=0x3a tp=0xa span=1020x770 at(130,-25)
[BIGPRIM] code=0x3c tp=0x38 span=387x839 at(661,951)
[BIGPRIM] code=0x3c tp=0x36 span=732x855 at(817,1562)
[BIGPRIM] code=0x3c tp=0x38 span=405x884 at(667,996)
[BIGPRIM] code=0x3c tp=0x36 span=762x891 at(826,1629)
[BIGPRIM] code=0x3a tp=0x40 span=1020x51 at(130,0)
[BIGPRIM] code=0x3c tp=0x38 span=558x836 at(1120,-2166)
[BIGPRIM] code=0x3c tp=0x38 span=345x771 at(169,-2185)
[BIGPRIM] code=0x3c tp=0x38 span=537x887 at(-212,2761)
[BIGPRIM] code=0x3c tp=0x38 span=360x810 at(148,-2314)
[BIGPRIM] code=0x3c tp=0x38 span=285x724 at(628,-2372)
[BIGPRIM] code=0x3c tp=0x37 span=702x1415 at(694,1407)
[BIGPRIM] code=0x3c tp=0x36 span=675x742 at(1042,1160)
[BIGPRIM] code=0x3c tp=0x38 span=405x855 at(922,-2555)
[BIGPRIM] code=0x3a tp=0x40 span=1020x51 at(130,0)
[BIGPRIM] code=0x3c tp=0x36 span=1182x1215 at(55,2433)
[BIGPRIM] code=0x3c tp=0x38 span=312x723 at(382,-2648)
[BIGPRIM] code=0x3c tp=0x38 span=402x732 at(367,781)
[BIGPRIM] code=0x3a tp=0x20 span=1020x770 at(130,-25)
[BIGPRIM] code=0x3c tp=0x36 span=1581x546 at(667,742)
[BIGPRIM] code=0x3c tp=0x36 span=2301x495 at(-1634,806)
[BIGPRIM] code=0x3c tp=0x36 span=2301x495 at(-1634,806)
[BIGPRIM] code=0x3c tp=0x39 span=1173x405 at(1075,597)
[BIGPRIM] code=0x3c tp=0x39 span=1167x402 at(1072,597)
[BIGPRIM] code=0x3c tp=0x36 span=2103x167 at(-206,1186)
[BIGPRIM] code=0x3c tp=0x39 span=1119x389 at(1045,591)
[BIGPRIM] code=0x2e tp=0x2c span=30x790 at(-323,-1677)
[BIGPRIM] code=0x3c tp=0x39 span=1065x363 at(1006,588)
[BIGPRIM] code=0x2e tp=0x2c span=18x726 at(97,-1526)
[BIGPRIM] code=0x3c tp=0x36 span=2118x103 at(1063,1288)
[BIGPRIM] code=0x3c tp=0x38 span=2112x103 at(1075,1288)
[BIGPRIM] code=0x3c tp=0x38 span=2094x103 at(1093,1282)
[BIGPRIM] code=0x3c tp=0x36 span=1122x559 at(-218,623)
[BIGPRIM] code=0x3c tp=0x38 span=2076x103 at(1129,1282)
[BIGPRIM] code=0x3c tp=0x39 span=2187x450 at(-1712,864)
[BIGPRIM] code=0x3c tp=0x36 span=1161x559 at(-329,630)
[BIGPRIM] code=0x3c tp=0x39 span=2001x164 at(-188,1182)
[BIGPRIM] code=0x3c tp=0x36 span=1401x559 at(400,710)
[BIGPRIM] code=0x3a tp=0x40 span=1020x52 at(130,668)
[BIGPRIM] code=0x3c tp=0x36 span=1239x566 at(-491,636)
[BIGPRIM] code=0x3c tp=0x39 span=1941x141 at(-170,1205)
[BIGPRIM] code=0x3c tp=0x36 span=1281x566 at(-575,642)
[BIGPRIM] code=0x3c tp=0x39 span=2019x350 at(-1724,964)
[BIGPRIM] code=0x2e tp=0x2c span=51x1247 at(1765,-2754)
[BIGPRIM] code=0x3c tp=0x36 span=1956x325 at(-1718,996)
[BIGPRIM] code=0x3a tp=0xa span=1020x770 at(130,-25)
[BIGPRIM] code=0x3a tp=0x40 span=1020x51 at(130,0)
[BIGPRIM] code=0x3a tp=0x40 span=1020x51 at(130,0)
[BIGPRIM] code=0x3a tp=0x40 span=1020x51 at(130,0)
[BIGPRIM] code=0x3c tp=0x36 span=1515x546 at(100,710)
[BIGPRIM] code=0x3c tp=0x36 span=1527x547 at(58,716)
[BIGPRIM] code=0x3c tp=0x36 span=1977x531 at(1108,732)
[BIGPRIM] code=0x3c tp=0x36 span=1533x536 at(-8,720)
[XA] Play xaIdx=30 file=1 sector=1457 sectors=31 stereo 37800Hz bits=4 filter=(4,1)
[XA] primed ring=20481 frames
[BIGPRIM] code=0x3c tp=0x39 span=1059x87 at(541,559)
[BIGPRIM] code=0x3c tp=0x39 span=1341x190 at(-440,655)
[BIGPRIM] code=0x3c tp=0x39 span=1977x199 at(-452,729)
[BIGPRIM] code=0x3c tp=0x36 span=1032x113 at(565,713)
[BIGPRIM] code=0x2e tp=0x2c span=258x810 at(2149,-2638)
[BIGPRIM] code=0x3a tp=0xa span=1020x770 at(130,-25)
[BIGPRIM] code=0x3c tp=0x39 span=996x174 at(571,758)
[BIGPRIM] code=0x3a tp=0x40 span=1020x52 at(130,668)
[BIGPRIM] code=0x3c tp=0x36 span=1854x360 at(-413,1179)
[XA] channel ended early xaIdx=30 (remaining=1/31)
[BIGPRIM] code=0x3c tp=0x36 span=1086x389 at(1018,665)
[BIGPRIM] code=0x3c tp=0x39 span=2064x803 at(829,1070)
[BIGPRIM] code=0x3a tp=0xa span=1020x770 at(130,-25)
[BIGPRIM] code=0x3c tp=0x36 span=1947x180 at(-20,2060)
[XA] finished xaIdx=30 (drained)
[BIGPRIM] code=0x3c tp=0x39 span=1680x887 at(-245,1282)
[BIGPRIM] code=0x2e tp=0x2c span=96x1331 at(-323,-2449)
[BIGPRIM] code=0x3c tp=0x39 span=1029x694 at(-221,935)
[BIGPRIM] code=0x2e tp=0x2c span=120x1029 at(1825,-1861)
[BIGPRIM] code=0x3c tp=0x39 span=2082x1173 at(805,1067)
[BIGPRIM] code=0x2e tp=0x2c span=15x1312 at(730,-2340)
[BIGPRIM] code=0x3c tp=0x39 span=990x691 at(-188,932)
[BIGPRIM] code=0x3c tp=0x36 span=1947x315 at(-20,2278)
[BIGPRIM] code=0x3c tp=0x36 span=1611x1093 at(-176,1269)
[BIGPRIM] code=0x3c tp=0x36 span=1608x1103 at(-173,1272)
[XA] Play xaIdx=23 file=1 sector=1145 sectors=40 stereo 37800Hz bits=4 filter=(3,1)
[XA] primed ring=20481 frames
[BIGPRIM] code=0x3c tp=0x36 span=972x688 at(-173,925)
[BIGPRIM] code=0x3c tp=0x36 span=987x475 at(991,585)
[BIGPRIM] code=0x3c tp=0x36 span=984x475 at(991,585)
[BIGPRIM] code=0x3c tp=0x36 span=984x475 at(991,585)
[BIGPRIM] code=0x3c tp=0x36 span=984x475 at(991,588)
[BIGPRIM] code=0x3c tp=0x36 span=984x475 at(991,588)
[BIGPRIM] code=0x3c tp=0x36 span=966x688 at(-167,928)
[BIGPRIM] code=0x3c tp=0x36 span=2031x1256 at(799,1067)
[BIGPRIM] code=0x3c tp=0x36 span=2031x1256 at(799,1067)
[BIGPRIM] code=0x3c tp=0x36 span=2019x1257 at(799,1060)
[BIGPRIM] code=0x3c tp=0x36 span=963x682 at(-164,925)
[BIGPRIM] code=0x3c tp=0x36 span=960x678 at(-161,925)
[BIGPRIM] code=0x3c tp=0x36 span=2016x1263 at(796,1060)
[BIGPRIM] code=0x3c tp=0x36 span=960x678 at(-164,925)
[BIGPRIM] code=0x3a tp=0xa span=1020x770 at(130,-25)
[XA] channel ended early xaIdx=23 (remaining=1/40)
[BIGPRIM] code=0x3a tp=0xa span=1020x770 at(130,-25)
[BIGPRIM] code=0x3a tp=0x40 span=1020x51 at(130,0)
[BIGPRIM] code=0x3a tp=0xa span=1020x770 at(130,-25)
[BIGPRIM] code=0x3a tp=0xa span=1020x770 at(130,-25)
[BIGPRIM] code=0x3c tp=0x36 span=984x475 at(988,585)
[XA] finished xaIdx=23 (drained)
[BIGPRIM] code=0x3a tp=0xa span=1020x770 at(130,-25)
[BIGPRIM] code=0x3c tp=0x36 span=960x678 at(-164,925)
[SH-XBOX] vblank 15000
[MEM] tick: free=2488KB (622 pages)
[BIGPRIM] code=0x3c tp=0x36 span=960x678 at(-164,925)
[BIGPRIM] code=0x3c tp=0x36 span=960x678 at(-164,925)
[BIGPRIM] code=0x3c tp=0x36 span=2016x1263 at(796,1060)
[BIGPRIM] code=0x3c tp=0x36 span=2106x347 at(-1640,2407)
[BIGPRIM] code=0x3c tp=0x39 span=2106x347 at(-1640,2407)
[BIGPRIM] code=0x3c tp=0x36 span=981x475 at(988,585)
[BIGPRIM] code=0x2e tp=0x2c span=45x849 at(1030,-1501)
[BIGPRIM] code=0x3c tp=0x36 span=2106x348 at(-1640,2413)
[BIGPRIM] code=0x3a tp=0x20 span=1020x770 at(130,-25)
[BIGPRIM] code=0x3c tp=0x36 span=1995x1266 at(796,1057)
[BIGPRIM] code=0x3c tp=0x39 span=1581x1147 at(-158,1266)
[BIGPRIM] code=0x3a tp=0x40 span=1020x52 at(130,668)
[BIGPRIM] code=0x3c tp=0x36 span=1578x1150 at(-161,1263)
[BIGPRIM] code=0x3c tp=0x36 span=2106x348 at(-1646,2413)
[BIGPRIM] code=0x3c tp=0x39 span=1983x1266 at(790,1057)
[BIGPRIM] code=0x3c tp=0x37 span=414x739 at(-227,-1880)
[BIGPRIM] code=0x2e tp=0x2c span=783x1084 at(2929,-2655)
[BIGPRIM] code=0x3c tp=0x38 span=1089x716 at(-458,1067)
[BIGPRIM] code=0x3c tp=0x38 span=1050x697 at(-419,1041)
[BIGPRIM] code=0x2e tp=0x2c span=1359x1569 at(1780,-2931)
[BIGPRIM] code=0x3a tp=0x40 span=1020x51 at(130,0)
[BIGPRIM] code=0x3c tp=0x38 span=1527x1492 at(-1256,2156)
[BIGPRIM] code=0x3a tp=0xa span=1020x770 at(130,-25)
[BIGPRIM] code=0x3a tp=0x40 span=1020x51 at(130,0)
[BIGPRIM] code=0x3c tp=0x38 span=663x1553 at(340,1346)
[BIGPRIM] code=0x3c tp=0x38 span=603x1401 at(376,1263)
[BIGPRIM] code=0x3c tp=0x38 span=693x888 at(-296,1317)
[BIGPRIM] code=0x3c tp=0x38 span=651x829 at(-239,1266)
[BIGPRIM] code=0x3c tp=0x38 span=534x1218 at(412,1157)
[BIGPRIM] code=0x3a tp=0xa span=1020x770 at(130,-25)
[BIGPRIM] code=0x3c tp=0x38 span=651x829 at(-239,1266)
[BIGPRIM] code=0x3c tp=0x38 span=528x1179 at(412,1144)
[BIGPRIM] code=0x3c tp=0x37 span=405x784 at(-89,-1703)
[BIGPRIM] code=0x3c tp=0x38 span=765x871 at(937,797)
[BIGPRIM] code=0x3c tp=0x38 span=174x752 at(331,-1211)
[BIGPRIM] code=0x3c tp=0x38 span=585x1070 at(1063,-2931)
[BIGPRIM] code=0x3c tp=0x38 span=603x730 at(-251,1121)
[BIGPRIM] code=0x3c tp=0x37 span=522x948 at(-119,-2262)
[BIGPRIM] code=0x3c tp=0x38 span=354x1096 at(-74,-2140)
[BIGPRIM] code=0x3c tp=0x38 span=282x794 at(964,-1970)
[BIGPRIM] code=0x3c tp=0x38 span=1290x890 at(1123,781)
[BIGPRIM] code=0x3c tp=0x38 span=411x1047 at(82,-1947)
[BIGPRIM] code=0x2e tp=0x2c span=18x742 at(688,2269)
[BIGPRIM] code=0x3c tp=0x38 span=843x974 at(748,977)
[BIGPRIM] code=0x3c tp=0x38 span=441x1404 at(-149,-2635)
[BIGPRIM] code=0x3c tp=0x37 span=879x1183 at(1072,-2687)
[BIGPRIM] code=0x3c tp=0x38 span=324x993 at(52,-2031)
[BIGPRIM] code=0x3a tp=0x20 span=1020x770 at(130,-25)
[BIGPRIM] code=0x3c tp=0x38 span=201x826 at(526,-1433)
[BIGPRIM] code=0x3c tp=0x38 span=1326x1148 at(874,1153)
[BIGPRIM] code=0x3c tp=0x38 span=687x755 at(-218,1305)
[BIGPRIM] code=0x3c tp=0x38 span=291x755 at(118,-1902)
[BIGPRIM] code=0x3c tp=0x38 span=255x829 at(289,-1835)
[BIGPRIM] code=0x3c tp=0x38 span=237x852 at(352,-1883)
[BIGPRIM] code=0x3c tp=0x38 span=162x826 at(811,-1459)
[BIGPRIM] code=0x3c tp=0x37 span=213x739 at(829,-1835)
[SFX] Sd_SfxStop: sfxId=65535 (Sfx_Base+64255)
[BIGPRIM] code=0x3c tp=0x38 span=627x768 at(1048,-1240)
[BIGPRIM] code=0x3a tp=0xa span=1020x770 at(130,-25)
[SFX] Sd_PlaySfx: sfxId=1364 (Sfx_Base+84) vol=0
[BIGPRIM] code=0x3c tp=0x38 span=990x1029 at(10,1674)
[BIGPRIM] code=0x3c tp=0x38 span=174x723 at(40,228)
[SFX] Sd_PlaySfx: sfxId=1327 (Sfx_Base+47) vol=191
[BIGPRIM] code=0x3c tp=0x38 span=1530x1125 at(-1340,1475)
[BIGPRIM] code=0x3a tp=0x20 span=1020x770 at(130,-25)
[BIGPRIM] code=0x3c tp=0x38 span=1200x1559 at(-722,1539)
[BIGPRIM] code=0x3c tp=0x38 span=1143x1597 at(-638,1520)
[SFX] Sd_PlaySfx: sfxId=1366 (Sfx_Base+86) vol=0
[BIGPRIM] code=0x3c tp=0x36 span=486x851 at(-326,1112)
[BIGPRIM] code=0x3a tp=0xa span=1020x770 at(130,-25)
[BIGPRIM] code=0x3a tp=0xa span=1020x770 at(130,-25)
[BIGPRIM] code=0x3c tp=0x38 span=666x900 at(-182,1562)
[BIGPRIM] code=0x3c tp=0x38 span=726x839 at(-461,1661)
[SFX] Sd_PlaySfx: sfxId=1329 (Sfx_Base+49) vol=191
[BIGPRIM] code=0x3c tp=0x38 span=672x769 at(-368,1632)
[BIGPRIM] code=0x3c tp=0x38 span=975x1225 at(193,1767)
[BIGPRIM] code=0x3c tp=0x38 span=1122x1511 at(976,1481)
[BIGPRIM] code=0x2e tp=0x2c span=1746x1601 at(-2357,-2253)
[BIGPRIM] code=0x3c tp=0x38 span=975x1225 at(193,1767)
[BIGPRIM] code=0x3c tp=0x38 span=1851x678 at(-1658,2970)
[BIGPRIM] code=0x3c tp=0x38 span=660x759 at(-350,1629)
[BIGPRIM] code=0x3c tp=0x38 span=1512x666 at(-344,2982)
[BIGPRIM] code=0x3c tp=0x38 span=1320x1334 at(1129,2314)
[BIGPRIM] code=0x3c tp=0x38 span=1851x698 at(-1682,2950)
[SFX] Sd_SfxStop: sfxId=1364 (Sfx_Base+84)
[SFX] Sd_PlaySfx: sfxId=1366 (Sfx_Base+86) vol=0
[BIGPRIM] code=0x3c tp=0x38 span=1851x698 at(-1682,2950)
[BIGPRIM] code=0x3c tp=0x38 span=1491x730 at(-362,2918)
[BIGPRIM] code=0x3c tp=0x38 span=960x1208 at(169,1742)
[BIGPRIM] code=0x3c tp=0x38 span=960x1208 at(169,1742)
[BIGPRIM] code=0x3c tp=0x38 span=675x771 at(-380,1623)
[BIGPRIM] code=0x3c tp=0x38 span=675x771 at(-383,1620)
[BIGPRIM] code=0x3c tp=0x38 span=750x1003 at(-311,1616)
[BIGPRIM] code=0x3c tp=0x38 span=1533x1437 at(-728,2211)
[BIGPRIM] code=0x3c tp=0x38 span=900x1376 at(-344,1745)
[BIGPRIM] code=0x3a tp=0xa span=1020x770 at(130,-25)
[BIGPRIM] code=0x3c tp=0x38 span=258x932 at(28,742)
[BIGPRIM] code=0x3c tp=0x38 span=1587x52 at(-782,3596)
[BIGPRIM] code=0x3c tp=0x38 span=129x1071 at(106,626)
[BIGPRIM] code=0x3c tp=0x38 span=654x1318 at(769,1668)
[BIGPRIM] code=0x3c tp=0x38 span=1458x1575 at(823,2073)
[BIGPRIM] code=0x3a tp=0x20 span=1020x770 at(130,-25)
[CHNK] n=4 s0=-3,6,st2 s1=-7,6,st0 s2=-3,5,st2 s3=-7,5,st3
[BIGPRIM] code=0x3a tp=0xa span=1020x770 at(130,-25)
[BIGPRIM] code=0x2e tp=0x2c span=36x942 at(760,-1639)
[BIGPRIM] code=0x3a tp=0xa span=1020x770 at(130,-25)
[BIGPRIM] code=0x3c tp=0x38 span=1095x1138 at(1081,1880)
[BIGPRIM] code=0x3c tp=0x36 span=567x1164 at(505,1182)
[BIGPRIM] code=0x3c tp=0x38 span=1515x32 at(40,3616)
[BIGPRIM] code=0x3c tp=0x37 span=1107x489 at(1060,1343)
[BIGPRIM] code=0x3c tp=0x38 span=1911x942 at(1006,2706)
[BIGPRIM] code=0x3c tp=0x38 span=1062x678 at(865,1440)
[BIGPRIM] code=0x3c tp=0x38 span=1056x788 at(832,1497)
[BIGPRIM] code=0x3c tp=0x38 span=1032x909 at(811,1530)
[BIGPRIM] code=0x3a tp=0x20 span=1020x770 at(130,-25)
[BIGPRIM] code=0x3c tp=0x36 span=450x768 at(643,909)
[BIGPRIM] code=0x3c tp=0x38 span=792x1392 at(-203,2256)
[BIGPRIM] code=0x3c tp=0x38 span=447x784 at(1072,1295)
[BIGPRIM] code=0x3c tp=0x38 span=441x746 at(1057,-2073)
[BIGPRIM] code=0x3a tp=0x20 span=1020x770 at(130,-25)
[BIGPRIM] code=0x3c tp=0x38 span=477x759 at(325,-1202)
[BIGPRIM] code=0x3c tp=0x38 span=942x1386 at(-665,2262)
[BIGPRIM] code=0x3c tp=0x38 span=381x810 at(844,1343)
[BIGPRIM] code=0x3c tp=0x38 span=390x878 at(814,1388)
[BIGPRIM] code=0x3c tp=0x38 span=552x720 at(-350,774)
[BIGPRIM] code=0x3a tp=0xa span=1020x770 at(130,-25)
[BIGPRIM] code=0x3c tp=0x38 span=1890x235 at(-1592,3413)
[BIGPRIM] code=0x3c tp=0x38 span=459x781 at(787,1600)
[BIGPRIM] code=0x3c tp=0x37 span=1167x971 at(-953,1137)
[BIGPRIM] code=0x3c tp=0x36 span=555x888 at(-95,1603)
[BIGPRIM] code=0x3c tp=0x38 span=528x1341 at(409,2307)
[BIGPRIM] code=0x3c tp=0x36 span=1185x324 at(-1037,-1047)
[BIGPRIM] code=0x3a tp=0x20 span=1020x770 at(130,-25)
[BIGPRIM] code=0x3c tp=0x38 span=657x742 at(-320,916)
[BIGPRIM] code=0x3c tp=0x38 span=1152x723 at(574,2925)
[BIGPRIM] code=0x3a tp=0x20 span=1020x770 at(130,-25)
[BIGPRIM] code=0x3c tp=0x38 span=900x954 at(-713,977)
[BIGPRIM] code=0x3c tp=0x38 span=315x810 at(-5,-2359)
[BIGPRIM] code=0x3c tp=0x38 span=339x733 at(694,1481)
[BIGPRIM] code=0x2e tp=0x2c span=1347x485 at(1804,-626)
[BIGPRIM] code=0x3c tp=0x38 span=402x1192 at(-104,1774)
[BIGPRIM] code=0x3c tp=0x36 span=345x896 at(979,-1783)
[BIGPRIM] code=0x3c tp=0x38 span=366x967 at(577,1623)
[BIGPRIM] code=0x3a tp=0xa span=1020x770 at(130,-25)
[BIGPRIM] code=0x3c tp=0x37 span=1065x1116 at(-806,954)
[BIGPRIM] code=0x3c tp=0x37 span=1176x1273 at(-935,989)
[BIGPRIM] code=0x3c tp=0x38 span=288x829 at(799,1443)
[BIGPRIM] code=0x3c tp=0x36 span=594x1012 at(94,1205)
[BIGPRIM] code=0x3c tp=0x38 span=987x1251 at(-764,986)
[BIGPRIM] code=0x3c tp=0x37 span=1086x1421 at(-869,1041)
[BIGPRIM] code=0x3c tp=0x38 span=462x1524 at(520,2124)
[BIGPRIM] code=0x3a tp=0x20 span=1020x770 at(130,-25)
[BIGPRIM] code=0x2e tp=0x2c span=84x1588 at(268,-2931)
[BIGPRIM] code=0x3c tp=0x37 span=507x772 at(166,925)
[BIGPRIM] code=0x3c tp=0x38 span=297x814 at(1054,1603)
[BIGPRIM] code=0x2e tp=0x2c span=144x1022 at(451,-1854)
[BIGPRIM] code=0x3c tp=0x38 span=801x1154 at(-563,1237)
[BIGPRIM] code=0x3a tp=0x20 span=1020x770 at(130,-25)
[BIGPRIM] code=0x3c tp=0x36 span=624x964 at(-356,961)
[BIGPRIM] code=0x3c tp=0x38 span=474x880 at(289,1067)
[BIGPRIM] code=0x3c tp=0x36 span=2340x1607 at(-2135,800)
[BIGPRIM] code=0x3a tp=0x20 span=1020x770 at(130,-25)
[BIGPRIM] code=0x3c tp=0x36 span=2133x694 at(358,2568)
[BIGPRIM] code=0x3c tp=0x36 span=636x821 at(-395,-748)
[BIGPRIM] code=0x3c tp=0x36 span=1899x1209 at(-1052,2066)
[BIGPRIM] code=0x3c tp=0x38 span=1320x1546 at(-938,810)
[BIGPRIM] code=0x3c tp=0x36 span=600x722 at(-329,-581)
[BIGPRIM] code=0x3a tp=0x20 span=1020x770 at(130,-25)
[BIGPRIM] code=0x3c tp=0x36 span=2115x1119 at(574,2516)
[BIGPRIM] code=0x3c tp=0x36 span=141x814 at(439,-1051)
[BIGPRIM] code=0x3c tp=0x36 span=453x1057 at(31,-948)
[BIGPRIM] code=0x3a tp=0x20 span=1020x770 at(130,-25)
[SFX] Sd_PlaySfx: sfxId=1364 (Sfx_Base+84) vol=0
[BIGPRIM] code=0x3c tp=0x36 span=153x855 at(397,-1115)
[BIGPRIM] code=0x3a tp=0xa span=1020x770 at(130,-25)
[BIGPRIM] code=0x3c tp=0x36 span=381x838 at(118,-588)
[SFX] Sd_PlaySfx: sfxId=1327 (Sfx_Base+47) vol=191
[BIGPRIM] code=0x3c tp=0x36 span=1683x1356 at(-1532,-1857)
[BIGPRIM] code=0x3a tp=0x20 span=1020x770 at(130,-25)
[BIGPRIM] code=0x3c tp=0x38 span=1755x460 at(1048,3053)
[BIGPRIM] code=0x3c tp=0x36 span=1089x1627 at(856,1198)
[BIGPRIM] code=0x3c tp=0x36 span=849x1540 at(145,1131)
[BIGPRIM] code=0x3c tp=0x38 span=1824x954 at(985,2629)
[BIGPRIM] code=0x3c tp=0x36 span=189x919 at(358,-1269)
[BIGPRIM] code=0x3c tp=0x36 span=942x1386 at(844,1153)
[BIGPRIM] code=0x3c tp=0x38 span=1854x1177 at(955,2439)
[BIGPRIM] code=0x3c tp=0x36 span=1113x619 at(-713,-324)
[BIGPRIM] code=0x3c tp=0x36 span=735x1035 at(829,1057)
[BIGPRIM] code=0x3c tp=0x36 span=567x903 at(316,964)
[BIGPRIM] code=0x3a tp=0xa span=1020x770 at(130,-25)
[BIGPRIM] code=0x3c tp=0x36 span=279x1311 at(247,-1793)
[BIGPRIM] code=0x3c tp=0x36 span=240x1614 at(-20,-2931)
[BIGPRIM] code=0x3c tp=0x36 span=1251x1537 at(-236,2111)
[BIGPRIM] code=0x3a tp=0x20 span=1020x770 at(130,-25)
[BIGPRIM] code=0x3c tp=0x36 span=249x825 at(250,-658)
[BIGPRIM] code=0x3c tp=0x38 span=1098x678 at(-725,1170)
[BIGPRIM] code=0x3c tp=0x37 span=1659x620 at(1006,1729)
[BIGPRIM] code=0x3c tp=0x36 span=387x733 at(115,1173)
[BIGPRIM] code=0x3c tp=0x36 span=219x989 at(325,-925)
[BIGPRIM] code=0x3c tp=0x36 span=348x1318 at(232,1427)
[BIGPRIM] code=0x3c tp=0x36 span=123x1180 at(526,-1877)
[BIGPRIM] code=0x3c tp=0x38 span=213x826 at(835,-2221)
[BIGPRIM] code=0x3c tp=0x38 span=42x868 at(859,-2031)
[BIGPRIM] code=0x3c tp=0x38 span=360x858 at(799,-2931)
[BIGPRIM] code=0x3c tp=0x38 span=426x1022 at(1027,-2770)
[BIGPRIM] code=0x3c tp=0x36 span=39x1154 at(724,-2301)
[BIGPRIM] code=0x3c tp=0x38 span=228x1505 at(1045,2143)
[BIGPRIM] code=0x3c tp=0x36 span=1599x990 at(1081,1186)
[BIGPRIM] code=0x3c tp=0x36 span=984x385 at(-794,-597)
[BIGPRIM] code=0x3c tp=0x38 span=432x971 at(1045,1108)
[BIGPRIM] code=0x3c tp=0x36 span=1347x852 at(-806,-1215)
[BIGPRIM] code=0x3a tp=0x20 span=1020x770 at(130,-25)
[BIGPRIM] code=0x3c tp=0x36 span=294x1639 at(-68,-2931)
[BIGPRIM] code=0x3a tp=0x20 span=1020x770 at(130,-25)
[BIGPRIM] code=0x3c tp=0x38 span=459x1019 at(-233,-2770)
[BIGPRIM] code=0x3c tp=0x38 span=120x823 at(424,-1571)
[BIGPRIM] code=0x3c tp=0x38 span=252x755 at(622,-2590)
[BIGPRIM] code=0x3c tp=0x36 span=690x1475 at(796,1401)
[BIGPRIM] code=0x3c tp=0x38 span=1059x1154 at(-842,1292)
[BIGPRIM] code=0x3c tp=0x36 span=903x1601 at(262,2047)
[BIGPRIM] code=0x3c tp=0x36 span=708x1305 at(457,1684)
[BIGPRIM] code=0x3c tp=0x38 span=351x926 at(802,-1096)
[BIGPRIM] code=0x3c tp=0x38 span=300x929 at(-68,-2863)
[BIGPRIM] code=0x3c tp=0x38 span=1155x828 at(1045,-687)
[BIGPRIM] code=0x3a tp=0x20 span=1020x770 at(130,-25)
[BIGPRIM] code=0x3a tp=0xa span=1020x770 at(130,-25)
[BIGPRIM] code=0x3a tp=0x20 span=1020x770 at(130,-25)
[BIGPRIM] code=0x3c tp=0x36 span=864x1391 at(1027,1395)
[BIGPRIM] code=0x3c tp=0x36 span=393x942 at(-230,-1845)
[BIGPRIM] code=0x3c tp=0x38 span=966x511 at(-800,1346)
[BIGPRIM] code=0x3c tp=0x36 span=2100x678 at(715,2970)
[BIGPRIM] code=0x3c tp=0x36 span=1194x690 at(-845,-453)
[BIGPRIM] code=0x3c tp=0x38 span=1161x627 at(1000,1221)
[BIGPRIM] code=0x3c tp=0x36 span=1104x1527 at(610,2121)
[BIGPRIM] code=0x3c tp=0x36 span=351x867 at(637,1186)
[BIGPRIM] code=0x3c tp=0x36 span=393x1322 at(148,-1800)
[BIGPRIM] code=0x3c tp=0x36 span=72x823 at(634,-1800)
[BIGPRIM] code=0x3c tp=0x36 span=234x1427 at(418,-2931)
[BIGPRIM] code=0x3c tp=0x38 span=54x740 at(862,-1771)
[BIGPRIM] code=0x3c tp=0x38 span=78x849 at(871,-1970)
[BIGPRIM] code=0x3c tp=0x36 span=207x771 at(508,-2931)
[BIGPRIM] code=0x3c tp=0x36 span=60x929 at(709,-1928)
[BIGPRIM] code=0x3c tp=0x36 span=324x794 at(544,1240)
[BIGPRIM] code=0x3c tp=0x36 span=303x727 at(124,1121)
[BIGPRIM] code=0x3c tp=0x38 span=672x935 at(1132,-2931)
[BIGPRIM] code=0x3c tp=0x38 span=150x1363 at(781,1960)
[BIGPRIM] code=0x3c tp=0x38 span=93x788 at(763,1555)
[BIGPRIM] code=0x3c tp=0x36 span=93x1112 at(742,-2002)
[BIGPRIM] code=0x3c tp=0x36 span=141x1173 at(877,-2542)
[BIGPRIM] code=0x3c tp=0x36 span=84x784 at(811,-1655)
[BIGPRIM] code=0x3c tp=0x36 span=114x964 at(868,-2150)
[BIGPRIM] code=0x3c tp=0x36 span=90x1038 at(748,-1648)
[BIGPRIM] code=0x3c tp=0x36 span=357x759 at(1033,-2931)
[BIGPRIM] code=0x3c tp=0x38 span=180x1010 at(1060,-2208)
[BIGPRIM] code=0x3c tp=0x38 span=126x739 at(916,1298)
[BIGPRIM] code=0x3c tp=0x38 span=168x948 at(1087,-2105)
[BIGPRIM] code=0x3c tp=0x38 span=177x756 at(1042,1015)
[BIGPRIM] code=0x3c tp=0x38 span=189x826 at(1078,1060)
[BIGPRIM] code=0x3c tp=0x38 span=243x1138 at(982,2510)
[BIGPRIM] code=0x3c tp=0x36 span=129x1363 at(742,-1796)
[BIGPRIM] code=0x3c tp=0x37 span=1131x646 at(1018,1031)
[RA] http POST http://retroachievements.org/dorequest.php
[NET] POST retroachievements.org -> 200 (16 bytes)
[RA] http -> status=200 bodyLen=16 body='{"Success":true}'
[BIGPRIM] code=0x3a tp=0xa span=1020x770 at(130,-25)
[BIGPRIM] code=0x3c tp=0x36 span=156x1141 at(925,-1780)
[BIGPRIM] code=0x3c tp=0x38 span=147x845 at(886,1771)
[BIGPRIM] code=0x3c tp=0x38 span=198x951 at(880,1986)
[BIGPRIM] code=0x3c tp=0x36 span=2271x1263 at(-2120,-1896)
[SH-XBOX] vblank 15600
[MEM] tick: free=2488KB (622 pages)
[BIGPRIM] code=0x3c tp=0x38 span=264x736 at(1069,1443)
[BIGPRIM] code=0x3c tp=0x36 span=2010x1129 at(-1628,-1800)
[BIGPRIM] code=0x3c tp=0x36 span=1308x598 at(1021,957)
[BIGPRIM] code=0x3c tp=0x36 span=1656x373 at(148,-1240)
[BIGPRIM] code=0x3c tp=0x36 span=1410x804 at(571,-1157)
[BIGPRIM] code=0x3c tp=0x36 span=1458x791 at(607,-1163)
[RA] watch 84008: state=2 unlocked=1786116799 flags[4B4]=00 flags[4A1]=00 word4=0x00000000 setbits=25 map=0/25
[BIGPRIM] code=0x3c tp=0x36 span=1194x836 at(562,-1179)
[BIGPRIM] code=0x3a tp=0x20 span=1020x770 at(130,-25)
[BIGPRIM] code=0x3c tp=0x36 span=1869x755 at(-1598,-957)
[BIGPRIM] code=0x3c tp=0x38 span=192x733 at(787,-1478)
[BIGPRIM] code=0x3c tp=0x36 span=1986x458 at(-1766,-343)
[BIGPRIM] code=0x3c tp=0x38 span=252x784 at(703,-2828)
[SFX] Sd_PlaySfx: sfxId=1366 (Sfx_Base+86) vol=0
[BIGPRIM] code=0x3c tp=0x38 span=378x775 at(-185,-2600)
[BIGPRIM] code=0x3c tp=0x38 span=468x720 at(1042,-922)
[BIGPRIM] code=0x3c tp=0x36 span=831x1434 at(-155,2214)
[BIGPRIM] code=0x3c tp=0x36 span=795x1543 at(505,1677)
[BIGPRIM] code=0x3a tp=0xa span=1020x770 at(130,-25)
[BIGPRIM] code=0x3c tp=0x37 span=1143x1179 at(-914,1549)
[BIGPRIM] code=0x3c tp=0x38 span=165x759 at(637,-1710)
[BIGPRIM] code=0x3c tp=0x36 span=795x1305 at(811,1430)
[BIGPRIM] code=0x3c tp=0x37 span=645x784 at(40,1150)
[BIGPRIM] code=0x3c tp=0x36 span=909x1427 at(64,2221)
[SFX] Sd_PlaySfx: sfxId=1329 (Sfx_Base+49) vol=191
[BIGPRIM] code=0x3a tp=0x20 span=1020x770 at(130,-25)
[BIGPRIM] code=0x3c tp=0x38 span=165x778 at(559,-1755)
[BIGPRIM] code=0x3c tp=0x36 span=1272x1189 at(-920,-1343)
[BIGPRIM] code=0x3c tp=0x36 span=960x1074 at(-215,2574)
[BIGPRIM] code=0x3c tp=0x36 span=1260x1202 at(-938,-1337)
[BIGPRIM] code=0x3c tp=0x36 span=1017x672 at(-596,2976)
[BIGPRIM] code=0x3a tp=0x20 span=1020x770 at(130,-25)
[BIGPRIM] code=0x3c tp=0x38 span=168x778 at(520,-1758)
[BIGPRIM] code=0x3a tp=0x20 span=1020x770 at(130,-25)
[BIGPRIM] code=0x3c tp=0x38 span=168x775 at(511,-1755)
[BIGPRIM] code=0x3c tp=0x36 span=1242x1222 at(-950,-1324)
[BIGPRIM] code=0x3c tp=0x36 span=933x1427 at(145,2221)
[BIGPRIM] code=0x3c tp=0x37 span=1005x1196 at(-695,1584)
[BIGPRIM] code=0x3c tp=0x36 span=495x756 at(169,1465)
[BIGPRIM] code=0x3c tp=0x38 span=348x762 at(637,-1285)
[BIGPRIM] code=0x3a tp=0xa span=1020x770 at(130,-25)
[BIGPRIM] code=0x3c tp=0x36 span=1020x678 at(-554,2970)
[BIGPRIM] code=0x3c tp=0x36 span=1242x1222 at(-950,-1324)
[BIGPRIM] code=0x3c tp=0x36 span=555x962 at(-410,2008)
[BIGPRIM] code=0x3c tp=0x36 span=1236x579 at(-1049,237)
[BIGPRIM] code=0x3c tp=0x36 span=861x1421 at(664,1639)
[BIGPRIM] code=0x3c tp=0x38 span=438x758 at(859,-1044)
[BIGPRIM] code=0x3a tp=0x20 span=1020x770 at(130,-25)
[BIGPRIM] code=0x3c tp=0x36 span=969x1080 at(-173,2568)
[BIGPRIM] code=0x3c tp=0x36 span=1404x1336 at(-950,-1099)
[BIGPRIM] code=0x3c tp=0x36 span=555x962 at(-410,2008)
[BIGPRIM] code=0x3c tp=0x37 span=609x801 at(103,1153)
[BIGPRIM] code=0x3c tp=0x36 span=861x1421 at(664,1639)
[BIGPRIM] code=0x3c tp=0x38 span=348x762 at(637,-1285)
[BIGPRIM] code=0x3a tp=0x20 span=1020x770 at(130,-25)
[SFX] Sd_PlaySfx: sfxId=1329 (Sfx_Base+49) vol=191
[BIGPRIM] code=0x3c tp=0x36 span=933x1427 at(145,2221)
[BIGPRIM] code=0x3c tp=0x37 span=1005x1196 at(-695,1584)
[BIGPRIM] code=0x3c tp=0x36 span=894x1601 at(421,1915)
[BIGPRIM] code=0x3c tp=0x36 span=1236x579 at(-1049,237)
[BIGPRIM] code=0x3c tp=0x36 span=495x756 at(169,1465)
[BIGPRIM] code=0x3c tp=0x38 span=348x762 at(637,-1285)
[BIGPRIM] code=0x3c tp=0x36 span=792x1134 at(1069,1189)
[BIGPRIM] code=0x3c tp=0x36 span=1020x678 at(-554,2970)
[BIGPRIM] code=0x3c tp=0x36 span=1242x1222 at(-950,-1324)
[BIGPRIM] code=0x3c tp=0x36 span=555x962 at(-410,2008)
[BIGPRIM] code=0x3c tp=0x36 span=1236x579 at(-1049,237)
[BIGPRIM] code=0x3c tp=0x36 span=861x1421 at(664,1639)
[BIGPRIM] code=0x3c tp=0x38 span=474x723 at(-143,1330)
[BIGPRIM] code=0x3a tp=0x20 span=1020x770 at(130,-25)
[BIGPRIM] code=0x3c tp=0x36 span=933x1427 at(145,2221)
[BIGPRIM] code=0x3c tp=0x37 span=1005x1196 at(-695,1584)
[BIGPRIM] code=0x3c tp=0x36 span=525x849 at(-104,1719)
[BIGPRIM] code=0x3c tp=0x38 span=660x923 at(-239,1179)
[BIGPRIM] code=0x3c tp=0x36 span=495x756 at(169,1465)
[BIGPRIM] code=0x3c tp=0x38 span=435x758 at(859,-1044)
[SFX] Sd_SfxStop: sfxId=1366 (Sfx_Base+86)
[BIGPRIM] code=0x3c tp=0x36 span=855x1404 at(658,1636)
[BIGPRIM] code=0x3c tp=0x38 span=669x936 at(-254,1179)
[BIGPRIM] code=0x3c tp=0x36 span=498x756 at(154,1468)
[BIGPRIM] code=0x3c tp=0x36 span=1296x595 at(-1121,231)
[BIGPRIM] code=0x3c tp=0x36 span=882x1572 at(403,1912)
[BIGPRIM] code=0x3c tp=0x38 span=429x752 at(850,-1031)
[BIGPRIM] code=0x3c tp=0x36 span=798x1234 at(859,1395)
[SFX] Sd_PlaySfx: sfxId=1364 (Sfx_Base+84) vol=0
[BIGPRIM] code=0x3c tp=0x38 span=486x749 at(-173,1337)
[BIGPRIM] code=0x3a tp=0xa span=1020x770 at(130,-25)
[SFX] Sd_PlaySfx: sfxId=1329 (Sfx_Base+49) vol=191
[BIGPRIM] code=0x3c tp=0x36 span=987x1055 at(-212,2593)
[BIGPRIM] code=0x3c tp=0x37 span=1068x1296 at(-782,1600)
[SFX] Sd_PlaySfx: sfxId=1327 (Sfx_Base+47) vol=191
[BIGPRIM] code=0x3c tp=0x36 span=939x1395 at(97,2253)
[BIGPRIM] code=0x3c tp=0x36 span=1389x1333 at(-956,-1105)
[BIGPRIM] code=0x3c tp=0x36 span=1014x1000 at(-263,2648)
[BIGPRIM] code=0x3c tp=0x36 span=1386x1333 at(-956,-1105)
[BIGPRIM] code=0x3c tp=0x36 span=1017x990 at(-272,2658)
[BIGPRIM] code=0x3c tp=0x37 span=1131x1392 at(-869,1613)
[BIGPRIM] code=0x3c tp=0x36 span=561x894 at(-185,1764)
[BIGPRIM] code=0x3c tp=0x36 span=1413x627 at(-1268,228)
[BIGPRIM] code=0x3c tp=0x36 span=510x771 at(115,1488)
[BIGPRIM] code=0x3c tp=0x38 span=342x769 at(619,-1276)
[BIGPRIM] code=0x3a tp=0xa span=1020x770 at(130,-25)
[BIGPRIM] code=0x3c tp=0x38 span=171x823 at(490,-1819)
[BIGPRIM] code=0x2e tp=0x2c span=63x848 at(769,-2831)
[BIGPRIM] code=0x3c tp=0x36 span=885x1488 at(109,2160)
[BIGPRIM] code=0x3c tp=0x37 span=1035x1244 at(-758,1552)
[BIGPRIM] code=0x3c tp=0x36 span=918x1190 at(-185,2458)
[BIGPRIM] code=0x3c tp=0x36 span=1380x1330 at(-950,-1125)
[BIGPRIM] code=0x3c tp=0x36 span=555x832 at(-407,1922)
[BIGPRIM] code=0x3c tp=0x36 span=1323x601 at(-1166,196)
[BIGPRIM] code=0x3a tp=0xa span=1020x770 at(130,-25)
[BIGPRIM] code=0x3c tp=0x38 span=348x894 at(652,-1845)
[BIGPRIM] code=0x3a tp=0x20 span=1020x770 at(130,-25)
[BIGPRIM] code=0x3c tp=0x38 span=396x964 at(637,-1603)
[BIGPRIM] code=0x3a tp=0xa span=1020x770 at(130,-25)
[BIGPRIM] code=0x3c tp=0x36 span=1023x923 at(-773,2725)
[BIGPRIM] code=0x3c tp=0x36 span=1290x1125 at(-788,-1395)
[BIGPRIM] code=0x3c tp=0x36 span=660x904 at(460,1558)
[BIGPRIM] code=0x3c tp=0x37 span=219x740 at(445,-2552)
[BIGPRIM] code=0x3c tp=0x38 span=219x752 at(448,-2587)
[SFX] Sd_PlaySfx: sfxId=1318 (Sfx_Base+38) vol=0
[BIGPRIM] code=0x3c tp=0x38 span=225x768 at(448,-2632)
[BIGPRIM] code=0x3c tp=0x38 span=285x810 at(193,-2638)
[BIGPRIM] code=0x3c tp=0x38 span=285x830 at(193,-2687)
[BIGPRIM] code=0x3c tp=0x38 span=291x849 at(187,-2735)
[BIGPRIM] code=0x3c tp=0x38 span=294x865 at(181,-2783)
[BIGPRIM] code=0x3c tp=0x38 span=390x936 at(-110,-2806)
[BIGPRIM] code=0x3c tp=0x38 span=162x823 at(544,-1822)
[BIGPRIM] code=0x3c tp=0x38 span=228x765 at(463,-1446)
[BIGPRIM] code=0x3c tp=0x36 span=855x1263 at(-524,2385)
[BIGPRIM] code=0x3c tp=0x38 span=267x912 at(220,-1857)
[BIGPRIM] code=0x3c tp=0x38 span=480x1472 at(712,-2757)
[BIGPRIM] code=0x3c tp=0x38 span=534x1135 at(937,-1642)
[BIGPRIM] code=0x3c tp=0x36 span=1500x505 at(-1241,3143)
[BIGPRIM] code=0x3c tp=0x37 span=651x1077 at(-467,1732)
[BIGPRIM] code=0x3c tp=0x38 span=291x822 at(664,-1677)
[BIGPRIM] code=0x3c tp=0x38 span=351x1144 at(-47,-2423)
[BIGPRIM] code=0x3c tp=0x37 span=300x810 at(439,-2028)
[BIGPRIM] code=0x3a tp=0xa span=1020x770 at(130,-25)
[BIGPRIM] code=0x3c tp=0x38 span=291x1070 at(184,-2108)
[BIGPRIM] code=0x3c tp=0x38 span=513x1565 at(715,-2931)
[BIGPRIM] code=0x3c tp=0x36 span=1308x604 at(-1097,-151)
[BIGPRIM] code=0x3c tp=0x36 span=825x1276 at(-488,2288)
[BIGPRIM] code=0x3c tp=0x38 span=300x1115 at(163,-2172)
[BIGPRIM] code=0x3c tp=0x38 span=528x1202 at(928,-1732)
[BIGPRIM] code=0x3c tp=0x37 span=339x941 at(91,-2667)
[BIGPRIM] code=0x3c tp=0x36 span=1185x1407 at(-458,-1587)
[BIGPRIM] code=0x3c tp=0x38 span=252x756 at(73,-1729)
[BIGPRIM] code=0x3c tp=0x38 span=321x1206 at(130,-2311)
[BIGPRIM] code=0x3c tp=0x36 span=1479x569 at(-1214,3079)
[BIGPRIM] code=0x3c tp=0x38 span=318x1058 at(511,-2931)
[BIGPRIM] code=0x3c tp=0x36 span=1509x658 at(-1331,-208)
[BIGPRIM] code=0x3a tp=0xa span=1020x770 at(130,-25)
[BIGPRIM] code=0x3c tp=0x38 span=282x782 at(145,-2700)
[BIGPRIM] code=0x3c tp=0x38 span=312x967 at(637,-1899)
[BIGPRIM] code=0x3c tp=0x38 span=336x1292 at(100,-2439)
[BIGPRIM] code=0x3c tp=0x38 span=588x984 at(-314,1240)
[BIGPRIM] code=0x3c tp=0x38 span=468x1424 at(-236,-2931)
[BIGPRIM] code=0x3c tp=0x38 span=486x1392 at(-260,-2931)
[BIGPRIM] code=0x3c tp=0x38 span=660x916 at(1099,-1182)
[BIGPRIM] code=0x3c tp=0x38 span=657x916 at(1096,-1182)
[BIGPRIM] code=0x3c tp=0x38 span=657x923 at(1096,-1189)
[BIGPRIM] code=0x3c tp=0x38 span=549x1295 at(-356,-2931)
[BIGPRIM] code=0x3c tp=0x38 span=603x1366 at(685,-2931)
[BIGPRIM] code=0x3c tp=0x37 span=372x1222 at(346,-2703)
[BIGPRIM] code=0x3c tp=0x37 span=738x868 at(-359,1131)
[BIGPRIM] code=0x3c tp=0x36 span=1167x1289 at(-428,-1600)
[BIGPRIM] code=0x3a tp=0xa span=1020x770 at(130,-25)
[BIGPRIM] code=0x3c tp=0x37 span=255x739 at(346,-2931)
[BIGPRIM] code=0x3c tp=0x38 span=255x739 at(346,-2931)
[BIGPRIM] code=0x3c tp=0x38 span=243x826 at(178,-1681)
[BIGPRIM] code=0x3c tp=0x38 span=339x720 at(40,-2931)
[BIGPRIM] code=0x3c tp=0x38 span=219x1433 at(463,-2783)
[BIGPRIM] code=0x3c tp=0x38 span=414x1636 at(-14,-2931)
[BIGPRIM] code=0x3c tp=0x36 span=894x812 at(-350,-777)
[SFX] Sd_PlaySfx: sfxId=1319 (Sfx_Base+39) vol=0
[BIGPRIM] code=0x3a tp=0xa span=1020x770 at(130,-25)
[BIGPRIM] code=0x3c tp=0x38 span=339x964 at(589,-1610)
[BIGPRIM] code=0x3c tp=0x38 span=681x1125 at(-530,-2931)
[BIGPRIM] code=0x3a tp=0xa span=1020x770 at(130,-25)
[BIGPRIM] code=0x3c tp=0x38 span=369x1167 at(-140,-2420)
[BIGPRIM] code=0x3c tp=0x38 span=498x1498 at(-119,-2931)
[BIGPRIM] code=0x3a tp=0xa span=1020x770 at(130,-25)
[GP-STATE-TXN] Gameplay -> sysState=10 (param=16)
[BIGPRIM] code=0x3c tp=0x38 span=399x1270 at(-182,-2581)
[SFX] Sd_SfxStop: sfxId=1359 (Sfx_Base+79)
[SFX] Sd_SfxStop: sfxId=1361 (Sfx_Base+81)
[BIGPRIM] code=0x3c tp=0x38 span=543x1430 at(-173,-2931)
[SYSSTATE] dispatch sysState=5 mapEventData=0x61b370
[AUTO-EQUIP-CHECK] mapIdx=1 processFlags=0x2 inventorySlotCount=8 equippedWeapon=0
[MAP-LOAD] GameBoot_MapLoad mapIdx=1 (map0_s01) fileIdx=1996 linked=1 procFlags=0x2
[MAP-LOAD] MapRegistry_Load(1)=map0_s01 linked=1 header=00596af0
[MEM] after map-load: free=2488KB (622 pages)
[BOOT0/TIM] PostLoadTim file=1849 'GLASS.TIM' ss=0x7ec3 img.u=0 img.v=0 tPage=0,13 clutX=224 clutY=0
[BOOT0/TIM] post ReadTIM: prect=0xfbe5a4 caddr=0xfbe580 paddr=0xfbe5ac mode=8
[BOOT0/TIM] pre pixel LoadImage rect=(832,0 16x64)
[BOOT0/TIM] pre CLUT LoadImage rect=(224,0 16x1)
[BOOT0/TIM] PostLoadTim done
[SH-XBOX] GameState -> 10 (step 0)
[BOOT-STEP] GameStartup step=0 qlen=0
[TRANSITION] GameStartup step=0: processFlags=0x2 (OverlayTransition) sizeof(s_WorldGfxWork)=11708
[BOOT-STEP] GameStartup step=3 qlen=0
[BOOT-STEP] GameStartup step=4 qlen=0
[TRANSITION] AreaLoad_UpdatePlayerPosition: BEFORE playerPos=(-1066951,0,945058) targetPos=(8192,1111654) loadScreen=0
[SFX] Sd_SfxStop: sfxId=1300 (Sfx_Base+20)
[SFX] Sd_SfxStop: sfxId=1302 (Sfx_Base+22)
[SFX] Sd_SfxStop: sfxId=1301 (Sfx_Base+21)
[SFX] Sd_SfxStop: sfxId=1303 (Sfx_Base+23)
[TRANSITION] AreaLoad_UpdatePlayerPosition: AFTER playerPos=(8192,0,1111654)
[BOOT-STEP] GameStartup step=5 qlen=0
[BOOT-STEP] GameStartup step=7 qlen=0
[TRANSITION] GameStartup step=7: processFlags=0x2 playerPos=(8192,0,1111654) func_80039F90=0x0
[IPD-INIT] Ipd_MapFileInfoSet: mapTag='THR' activeIpdCount=4 isExterior=1 plmIdx=1370 ipdFileIdx=0 textureFileIdx=0 curSize=4 willRebuildGrid=0
[TRANSITION] GameStartup step=7 post-init: playerPos=(8192,0,1111654) mapTag='THR'
[SFX] Sd_SfxStop: sfxId=1321 (Sfx_Base+41)
[SFX] Sd_SfxStop: sfxId=1322 (Sfx_Base+42)
[BOOT-STEP] GameStartup step=8 qlen=4
[BOOT0/TIM] PostLoadTim file=1267 'THRCF1.TIM' ss=0x51d8 img.u=0 img.v=0 tPage=0,23 clutX=80 clutY=0
[BOOT0/TIM] post ReadTIM: prect=0xfb6764 caddr=0xfb6580 paddr=0xfb676c mode=8
[BOOT0/TIM] pre pixel LoadImage rect=(448,256 64x256)
[BOOT0/TIM] pre CLUT LoadImage rect=(80,0 16x15)
[BOOT0/TIM] PostLoadTim done
[POOLSTOMP] upload (448,256 64x256) hits PINNED pool slot 5 'THRCF1' (448,256)
[BOOT0/TIM] PostLoadTim file=1268 'THRCF2.TIM' ss=0x51e9 img.u=0 img.v=0 tPage=0,22 clutX=64 clutY=0
[BOOT0/TIM] post ReadTIM: prect=0xfb6764 caddr=0xfb6580 paddr=0xfb676c mode=8
[BOOT0/TIM] pre pixel LoadImage rect=(384,256 64x256)
[BOOT0/TIM] pre CLUT LoadImage rect=(64,0 16x15)
[BOOT0/TIM] PostLoadTim done
[POOLSTOMP] upload (384,256 64x256) hits PINNED pool slot 4 'THRCF2' (384,256)
[BOOT0/TIM] PostLoadTim file=1270 'THRCF4.TIM' ss=0x520b img.u=0 img.v=0 tPage=0,24 clutX=96 clutY=0
[BOOT0/TIM] post ReadTIM: prect=0xfb6624 caddr=0xfb6580 paddr=0xfb662c mode=8
[BOOT0/TIM] pre pixel LoadImage rect=(512,256 64x256)
[BOOT0/TIM] pre CLUT LoadImage rect=(96,0 16x5)
[BOOT0/TIM] PostLoadTim done
[POOLSTOMP] upload (512,256 64x256) hits PINNED pool slot 6 'THRCF4' (512,256)
[BOOT0/TIM] PostLoadTim file=1269 'THRCF3.TIM' ss=0x51fa img.u=0 img.v=0 tPage=0,25 clutX=112 clutY=0
[BOOT0/TIM] post ReadTIM: prect=0xfb6764 caddr=0xfb6580 paddr=0xfb676c mode=8
[BOOT0/TIM] pre pixel LoadImage rect=(576,256 64x256)
[BOOT0/TIM] pre CLUT LoadImage rect=(112,0 16x15)
[BOOT0/TIM] PostLoadTim done
[POOLSTOMP] upload (576,256 64x256) hits PINNED pool slot 7 'THRCF3' (576,256)
[TEXVRAM] 'THRCF1' tPage=[0,23] clutXY=(80,0) uv=(0,0)
[TEXVRAM] 'THRCF2' tPage=[0,22] clutXY=(64,0) uv=(0,0)
[TEXVRAM] 'THRCF4' tPage=[0,24] clutXY=(96,0) uv=(0,0)
[TEXVRAM] 'THRCF3' tPage=[0,25] clutXY=(112,0) uv=(0,0)
[BOOT-STEP] GameStartup step=9 qlen=0
[BOOT-STEP] GameStartup step=10 qlen=0
[SH_AMB] Sd_AmbientSfxSet idx=3 -> loadCmd=171
[SH_AMB] Sd_VabLoad ambient cmd=171 type=2 dedup=0
[BOOT-STEP] GameStartup step=11 qlen=0
[BOOT-STEP] GameStartup step=12 qlen=1
[SH-XBOX] GameState -> 11 (step 0)
[GP-STATE-TXN] Gameplay -> sysState=4 (param=15)
[FOGST-GPU] clear=0xff6c6474
[SYSSTATE] dispatch sysState=4 mapEventData=0x596900
[BOOT0/TIM] PostLoadTim file=1509 'TIM02.TIM' ss=0x5e0f img.u=0 img.v=0 tPage=0,14 clutX=160 clutY=0
[BOOT0/TIM] post ReadTIM: prect=0xfac784 caddr=0xfac580 paddr=0xfac78c mode=8
[BOOT0/TIM] pre pixel LoadImage rect=(896,0 64x256)
[BOOT0/TIM] pre CLUT LoadImage rect=(160,0 16x16)
[BOOT0/TIM] PostLoadTim done
[BIGPRIM] code=0x3c tp=0x37 span=1560x450 at(-1400,3198)
[SH] open_main: playing FMV (file=2057 frames=257)
[FMV] no avi for M3_02570 (checked D:\fmv, D:\gamedata\fmv) -> MDEC
[FMV] start M3_02570 file_idx=2057 base=179157 sectors=2570 maxFrames=257 (15fps)
[XA] fmv stream open: 37800Hz stereo coding=0x01
[FMV] video 320x208, 9 sectors/frame
[SH-XBOX] vblank 16200
[MEM] tick: free=2488KB (622 pages)
[FMV] frame=150 dropped=2 fails=0 ring=1536 fed=187
[XA] fmv stream end: 305 sectors fed, 0 ring frames discarded
[FMV] end M3_02570: 257 frames (6 dropped, 0 decode fails, 447 presents)
[SH] open_main: FMV_Play returned
[BGM] ChannelSet bgmIdx=9 cmd=776
[FOGST-GPU] clear=0xff000000
[SYSSTATE] dispatch sysState=10 mapEventData=0x59690c
[SH_DRIP] key_on song=0 ch=3 prog=4 note=48 bank=127 vabId=3 tones=1 match=1 vab2match=0
[SH_DRIP] key_on song=0 ch=4 prog=4 note=48 bank=127 vabId=3 tones=1 match=1 vab2match=0
[FOGST-GPU] clear=0xff6c6474
[MEM] dms-load: free=2488KB (622 pages)
[BOOT0/TIM] PostLoadTim file=1453 'SIBYL.TIM' ss=0x5b41 img.u=0 img.v=0 tPage=0,28 clutX=704 clutY=464
[BOOT0/TIM] post ReadTIM: prect=0xfac6c4 caddr=0xfac580 paddr=0xfac6cc mode=8
[BOOT0/TIM] pre pixel LoadImage rect=(768,256 64x128)
[BOOT0/TIM] pre CLUT LoadImage rect=(704,464 16x10)
[BOOT0/TIM] PostLoadTim done
[CHARA-TEX] charaId=26 matCount=1 modelCount=22
[CHARA-TEX] mat[0] name='SIBYL' field_C=1 E=0x5c F=0x5c clut=0x742c UV=0x0000 tex=0
[CHARA-TEX] prim0: f0=0x6bb3(UV0) f2=0x74ac(clut) f4=0x6bbf(UV1) f6=0x005c(tpage) f8=0x5bbf(UV2) fA=0x0000(UV3)
[CHARA-TEX] texDesc: tPage=[0,28] u=0 v=0 clutXY=(704,464)
[BIGPRIM] code=0x3c tp=0x37 span=2169x1068 at(-1142,973)
[BIGPRIM] code=0x3a tp=0x40 span=1020x52 at(130,668)
[BIGPRIM] code=0x3c tp=0x37 span=699x1386 at(358,-1848)
[BIGPRIM] code=0x3c tp=0x37 span=1389x1122 at(-1193,597)
[CHNK] n=4 s0=-3,6,st2 s1=0,6,st3 s2=-3,5,st2 s3=-1,6,st3
[BIGPRIM] code=0x3c tp=0x37 span=18x964 at(991,-2706)
[BIGPRIM] code=0x3a tp=0xa span=1020x770 at(130,-25)
[BIGPRIM] code=0x3c tp=0x37 span=2169x929 at(-92,-2777)
[BIGPRIM] code=0x3c tp=0x37 span=2169x1068 at(-1142,973)
[BIGPRIM] code=0x3a tp=0x40 span=1020x52 at(130,668)
[SH_DRIP] key_on song=0 ch=8 prog=4 note=53 bank=127 vabId=3 tones=1 match=1 vab2match=0
[BIGPRIM] code=0x3c tp=0x37 span=699x1386 at(358,-1848)
[BIGPRIM] code=0x3c tp=0x37 span=1389x1122 at(-1193,597)
[BIGPRIM] code=0x3c tp=0x37 span=18x964 at(991,-2706)
[BIGPRIM] code=0x3a tp=0xa span=1020x770 at(130,-25)
[BIGPRIM] code=0x3c tp=0x37 span=2169x929 at(-92,-2777)
[BIGPRIM] code=0x3c tp=0x37 span=2169x1068 at(-1142,973)
[BIGPRIM] code=0x3a tp=0x40 span=1020x52 at(130,668)
[XA] Play xaIdx=31 file=1 sector=1458 sectors=30 stereo 37800Hz bits=4 filter=(4,2)
[XA] primed ring=20481 frames
[BIGPRIM] code=0x3c tp=0x37 span=699x1386 at(358,-1848)
[VRAM] decode #512
[BIGPRIM] code=0x3c tp=0x37 span=1389x1122 at(-1193,597)
[BIGPRIM] code=0x3c tp=0x37 span=18x964 at(991,-2706)
[BIGPRIM] code=0x3a tp=0xa span=1020x770 at(130,-25)
[BIGPRIM] code=0x3c tp=0x37 span=2169x929 at(-92,-2777)
[BIGPRIM] code=0x3c tp=0x37 span=2169x1068 at(-1142,973)
[BIGPRIM] code=0x3a tp=0x40 span=1020x52 at(130,668)
[BIGPRIM] code=0x3c tp=0x37 span=699x1386 at(358,-1848)
[BIGPRIM] code=0x3c tp=0x37 span=1389x1122 at(-1193,597)
[XA] channel ended early xaIdx=31 (remaining=1/30)
[BIGPRIM] code=0x3c tp=0x37 span=18x964 at(991,-2706)
[BIGPRIM] code=0x3a tp=0xa span=1020x770 at(130,-25)
[BIGPRIM] code=0x3c tp=0x37 span=2169x929 at(-92,-2777)
[BIGPRIM] code=0x3c tp=0x37 span=2169x1068 at(-1142,973)
[BIGPRIM] code=0x3a tp=0x40 span=1020x52 at(130,668)
[XA] finished xaIdx=31 (drained)
[BIGPRIM] code=0x3c tp=0x37 span=699x1386 at(358,-1848)
[BIGPRIM] code=0x3c tp=0x37 span=1389x1122 at(-1193,597)
[BIGPRIM] code=0x3c tp=0x37 span=18x964 at(991,-2706)
[BIGPRIM] code=0x3a tp=0xa span=1020x770 at(130,-25)
[BIGPRIM] code=0x3c tp=0x37 span=2169x929 at(-92,-2777)
[BIGPRIM] code=0x3c tp=0x37 span=2169x1068 at(-1142,973)
[BIGPRIM] code=0x3a tp=0x40 span=1020x52 at(130,668)
[BIGPRIM] code=0x3c tp=0x37 span=699x1386 at(358,-1848)
[BIGPRIM] code=0x3c tp=0x37 span=1389x1122 at(-1193,597)
[BIGPRIM] code=0x3c tp=0x37 span=18x964 at(991,-2706)
[BIGPRIM] code=0x3a tp=0xa span=1020x770 at(130,-25)
[BIGPRIM] code=0x3c tp=0x37 span=2169x929 at(-92,-2777)
[BIGPRIM] code=0x3c tp=0x37 span=2169x1068 at(-1142,973)
[BIGPRIM] code=0x3a tp=0x40 span=1020x52 at(130,668)
[BIGPRIM] code=0x3c tp=0x37 span=699x1386 at(358,-1848)
[BIGPRIM] code=0x3c tp=0x37 span=1389x1122 at(-1193,597)
[BIGPRIM] code=0x3c tp=0x37 span=18x964 at(991,-2706)
[BIGPRIM] code=0x3a tp=0xa span=1020x770 at(130,-25)
[BIGPRIM] code=0x3c tp=0x37 span=2169x929 at(-92,-2777)
[BIGPRIM] code=0x3c tp=0x37 span=2169x1068 at(-1142,973)
[BIGPRIM] code=0x3a tp=0x40 span=1020x52 at(130,668)
[XA] Play xaIdx=34 file=1 sector=1690 sectors=29 stereo 37800Hz bits=4 filter=(5,2)
[XA] primed ring=20481 frames
[BIGPRIM] code=0x3c tp=0x37 span=2169x521 at(-974,1751)
[VRAM] out of slots -> GPU drain #1 (alloc=49 worstPerFrame=1)
[BIGPRIM] code=0x3c tp=0x37 span=2163x540 at(-836,1771)
[BIGPRIM] code=0x3c tp=0x37 span=2154x909 at(-1898,1189)
[BIGPRIM] code=0x3c tp=0x37 span=2145x1054 at(364,993)
[BIGPRIM] code=0x3c tp=0x37 span=900x746 at(-446,517)
[BIGPRIM] code=0x3a tp=0x40 span=1020x52 at(130,668)
[BIGPRIM] code=0x3c tp=0x2c span=1758x1491 at(2830,-1427)
[XA] channel ended early xaIdx=34 (remaining=1/29)
[BIGPRIM] code=0x3c tp=0x37 span=960x823 at(-461,520)
[BIGPRIM] code=0x3c tp=0x37 span=786x1424 at(-47,-1854)
[BIGPRIM] code=0x3c tp=0x37 span=2097x617 at(70,1854)
[XA] finished xaIdx=34 (drained)
[BIGPRIM] code=0x3c tp=0x2c span=1458x1350 at(2980,-1864)
[BIGPRIM] code=0x3c tp=0x2c span=1158x1092 at(3130,-1041)
[BIGPRIM] code=0x3c tp=0x37 span=1740x1192 at(1021,887)
[BIGPRIM] code=0x3c tp=0x2c span=1176x777 at(3121,-652)
[BIGPRIM] code=0x3c tp=0x37 span=1521x1212 at(1129,861)
[BIGPRIM] code=0x3c tp=0x37 span=813x1468 at(-53,-1918)
[BIGPRIM] code=0x3c tp=0x2c span=1650x1523 at(2884,-1600)
[BIGPRIM] code=0x3c tp=0x2c span=870x738 at(2605,-655)
[BIGPRIM] code=0x3c tp=0x2c span=1248x1067 at(3085,-1954)
[BIGPRIM] code=0x3c tp=0x37 span=747x845 at(-353,-1211)
[BIGPRIM] code=0x3c tp=0x37 span=1299x1221 at(148,633)
[BIGPRIM] code=0x3c tp=0x37 span=1194x566 at(1102,488)
[BIGPRIM] code=0x3c tp=0x2c span=1272x867 at(3073,-765)
[BIGPRIM] code=0x3c tp=0x2c span=888x822 at(3265,-816)
[BIGPRIM] code=0x3c tp=0x37 span=801x1363 at(-11,-1825)
[BIGPRIM] code=0x3c tp=0x37 span=957x800 at(-281,533)
[BIGPRIM] code=0x3c tp=0x37 span=1404x1221 at(457,607)
[BIGPRIM] code=0x3c tp=0x37 span=762x1240 at(31,-1693)
[BIGPRIM] code=0x3c tp=0x37 span=1836x1077 at(172,1253)
[BIGPRIM] code=0x3a tp=0x40 span=1020x52 at(130,668)
[BIGPRIM] code=0x3c tp=0x37 span=849x858 at(-431,-1256)
[BIGPRIM] code=0x3c tp=0x37 span=960x476 at(-611,491)
[VRAM] out of slots -> GPU drain #65 (alloc=49 worstPerFrame=1)
[BIGPRIM] code=0x3c tp=0x37 span=1710x1237 at(-986,964)
[BIGPRIM] code=0x3a tp=0x40 span=1020x52 at(130,668)
[VRAM] decode #1024
[BIGPRIM] code=0x3c tp=0x37 span=855x820 at(-425,-1218)
[BIGPRIM] code=0x3c tp=0x37 span=1011x1083 at(805,-1539)
[BIGPRIM] code=0x3c tp=0x37 span=981x594 at(775,543)
[BIGPRIM] code=0x3a tp=0x40 span=1020x52 at(130,668)
[XA] Play xaIdx=1 file=1 sector=0 sectors=114 stereo 37800Hz bits=4 filter=(1,0)
[XA] primed ring=20481 frames
[BIGPRIM] code=0x3c tp=0x37 span=825x746 at(-380,-1134)
[BIGPRIM] code=0x3c tp=0x37 span=816x724 at(-365,-1112)
[BIGPRIM] code=0x3c tp=0x37 span=666x742 at(265,-1137)
[BIGPRIM] code=0x3c tp=0x37 span=1854x1257 at(925,906)
[BIGPRIM] code=0x3c tp=0x37 span=1935x1266 at(940,871)
[BIGPRIM] code=0x3c tp=0x37 span=1968x1279 at(-1634,845)
[SFX] Sd_PlaySfx: sfxId=1370 (Sfx_Base+90) vol=150
[BIGPRIM] code=0x3c tp=0x37 span=2076x1611 at(943,-2539)
[BIGPRIM] code=0x3c tp=0x37 span=24x868 at(676,-1530)
[BIGPRIM] code=0x3c tp=0x37 span=1569x270 at(124,2073)
[BIGPRIM] code=0x3c tp=0x37 span=1020x377 at(-854,494)
[BIGPRIM] code=0x3c tp=0x37 span=993x32 at(160,-1189)
[BIGPRIM] code=0x3c tp=0x37 span=2292x1338 at(994,703)
[BIGPRIM] code=0x3c tp=0x37 span=1014x193 at(-758,-1253)
[BIGPRIM] code=0x3c tp=0x37 span=1521x1366 at(364,713)
[BIGPRIM] code=0x3c tp=0x37 span=1014x199 at(-680,-1266)
[BIGPRIM] code=0x3c tp=0x37 span=1596x309 at(-1076,2066)
[BIGPRIM] code=0x3a tp=0xa span=1020x770 at(130,-25)
[BIGPRIM] code=0x3c tp=0x38 span=1617x360 at(508,768)
[BIGPRIM] code=0x3c tp=0x37 span=1458x949 at(1003,613)
[BIGPRIM] code=0x3c tp=0x37 span=1011x218 at(502,-1362)
[BIGPRIM] code=0x3c tp=0x37 span=1725x520 at(448,-2230)
[BIGPRIM] code=0x3c tp=0x37 span=1011x225 at(568,-1382)
[BIGPRIM] code=0x3c tp=0x37 span=966x1392 at(508,-2005)
[BIGPRIM] code=0x3c tp=0x37 span=1020x125 at(-386,-1330)
[BIGPRIM] code=0x3a tp=0x40 span=1020x52 at(130,668)
[BIGPRIM] code=0x3c tp=0x37 span=1686x1031 at(781,1202)
[BIGPRIM] code=0x3c tp=0x37 span=981x64 at(-284,-1288)
[BIGPRIM] code=0x3a tp=0xa span=1020x770 at(130,-25)
[VRAM] decode #1536
[BIGPRIM] code=0x3c tp=0x37 span=1680x678 at(-749,-2262)
[BIGPRIM] code=0x3c tp=0x38 span=1659x469 at(-572,684)
[VRAM] out of slots -> GPU drain #129 (alloc=49 worstPerFrame=1)
[BIGPRIM] code=0x3c tp=0x37 span=1263x1504 at(-611,-2095)
[BIGPRIM] code=0x3a tp=0x40 span=1020x51 at(130,0)
[BIGPRIM] code=0x3a tp=0x40 span=1020x51 at(130,0)
[BIGPRIM] code=0x3c tp=0x37 span=27x1032 at(172,-2282)
[BIGPRIM] code=0x3a tp=0x40 span=1020x52 at(130,668)
[BIGPRIM] code=0x3a tp=0xa span=1020x770 at(130,-25)
[BIGPRIM] code=0x3c tp=0x37 span=822x820 at(106,581)
[BIGPRIM] code=0x3c tp=0x37 span=1248x1224 at(10,1022)
[BIGPRIM] code=0x3c tp=0x37 span=1617x1093 at(-1418,1301)
[BIGPRIM] code=0x3c tp=0x37 span=75x1508 at(430,-2282)
[BIGPRIM] code=0x3c tp=0x38 span=1701x578 at(-1550,633)
[BIGPRIM] code=0x3c tp=0x37 span=39x1256 at(523,-1947)
[BIGPRIM] code=0x3c tp=0x37 span=1563x1221 at(-1220,1147)
[BIGPRIM] code=0x3c tp=0x38 span=1551x408 at(274,707)
[BIGPRIM] code=0x3a tp=0xa span=1020x770 at(130,-25)
[BIGPRIM] code=0x3c tp=0x37 span=861x983 at(349,855)
[BIGPRIM] code=0x3c tp=0x37 span=27x1064 at(574,-1668)
[BIGPRIM] code=0x3a tp=0x40 span=1020x52 at(130,668)
[BIGPRIM] code=0x3c tp=0x37 span=1455x1492 at(82,-2282)
[BIGPRIM] code=0x3c tp=0x37 span=1548x1251 at(-1172,1105)
[BIGPRIM] code=0x3c tp=0x38 span=1551x412 at(274,703)
[BIGPRIM] code=0x3a tp=0xa span=1020x770 at(130,-25)
[VRAM] decode #2048
[XA] channel ended early xaIdx=1 (remaining=1/114)
[BIGPRIM] code=0x3c tp=0x37 span=861x983 at(349,855)
[BIGPRIM] code=0x3c tp=0x37 span=27x1064 at(574,-1668)
[BIGPRIM] code=0x3a tp=0x40 span=1020x52 at(130,668)
[XA] finished xaIdx=1 (drained)
[BIGPRIM] code=0x3c tp=0x37 span=1455x1492 at(82,-2282)
[BIGPRIM] code=0x3c tp=0x37 span=1548x1251 at(-1172,1105)
[BIGPRIM] code=0x3c tp=0x38 span=1551x412 at(274,703)
[BIGPRIM] code=0x3a tp=0xa span=1020x770 at(130,-25)
[BIGPRIM] code=0x3c tp=0x37 span=861x983 at(349,855)
[VRAM] out of slots -> GPU drain #193 (alloc=49 worstPerFrame=1)
[BIGPRIM] code=0x3c tp=0x37 span=27x1064 at(574,-1668)
[BIGPRIM] code=0x3a tp=0x40 span=1020x52 at(130,668)
[BIGPRIM] code=0x3c tp=0x37 span=1455x1492 at(82,-2282)
[BIGPRIM] code=0x3c tp=0x37 span=1548x1251 at(-1172,1105)
[BIGPRIM] code=0x3c tp=0x38 span=1551x412 at(274,703)
[BIGPRIM] code=0x3a tp=0xa span=1020x770 at(130,-25)
[BIGPRIM] code=0x3c tp=0x37 span=861x983 at(349,855)
[BIGPRIM] code=0x3c tp=0x37 span=27x1064 at(574,-1668)
[BIGPRIM] code=0x3a tp=0x40 span=1020x52 at(130,668)
[BIGPRIM] code=0x3c tp=0x37 span=1455x1492 at(82,-2282)
[BIGPRIM] code=0x3c tp=0x37 span=1548x1251 at(-1172,1105)
[BIGPRIM] code=0x3c tp=0x38 span=1551x412 at(274,703)
[BIGPRIM] code=0x3a tp=0xa span=1020x770 at(130,-25)
[BIGPRIM] code=0x3c tp=0x37 span=861x983 at(349,855)
[VRAM] decode #2560
[BIGPRIM] code=0x3c tp=0x37 span=27x1064 at(574,-1668)
[BIGPRIM] code=0x3a tp=0x40 span=1020x52 at(130,668)
[BIGPRIM] code=0x3c tp=0x37 span=1455x1492 at(82,-2282)
[BIGPRIM] code=0x3c tp=0x37 span=1548x1251 at(-1172,1105)
[BIGPRIM] code=0x3c tp=0x38 span=1551x412 at(274,703)
[BIGPRIM] code=0x3a tp=0xa span=1020x770 at(130,-25)
[BIGPRIM] code=0x3c tp=0x37 span=861x983 at(349,855)
[BIGPRIM] code=0x3c tp=0x37 span=27x1064 at(574,-1668)
[BIGPRIM] code=0x3a tp=0x40 span=1020x52 at(130,668)
[BIGPRIM] code=0x3c tp=0x37 span=1455x1492 at(82,-2282)
[BIGPRIM] code=0x3c tp=0x37 span=1548x1251 at(-1172,1105)
[BIGPRIM] code=0x3c tp=0x38 span=1551x412 at(274,703)
[SH-XBOX] vblank 16800
[MEM] tick: free=2488KB (622 pages)
[BIGPRIM] code=0x3a tp=0xa span=1020x770 at(130,-25)
[BIGPRIM] code=0x3c tp=0x37 span=861x983 at(349,855)
[VRAM] out of slots -> GPU drain #257 (alloc=49 worstPerFrame=1)
[BIGPRIM] code=0x3c tp=0x37 span=27x1064 at(574,-1668)
[XA] Play xaIdx=40 file=1 sector=1792 sectors=23 stereo 37800Hz bits=4 filter=(5,0)
[XA] primed ring=20481 frames
[BIGPRIM] code=0x3a tp=0x40 span=1020x52 at(130,668)
[BIGPRIM] code=0x3c tp=0x37 span=1455x1492 at(82,-2282)
[BIGPRIM] code=0x3c tp=0x37 span=1548x1251 at(-1172,1105)
[BIGPRIM] code=0x3c tp=0x38 span=1551x412 at(274,703)
[BIGPRIM] code=0x3a tp=0xa span=1020x770 at(130,-25)
[BIGPRIM] code=0x3c tp=0x37 span=861x983 at(349,855)
[XA] channel ended early xaIdx=40 (remaining=1/23)
[BIGPRIM] code=0x3c tp=0x37 span=27x1064 at(574,-1668)
[BIGPRIM] code=0x3a tp=0x40 span=1020x52 at(130,668)
[BIGPRIM] code=0x3c tp=0x37 span=1455x1492 at(82,-2282)
[VRAM] decode #3072
[XA] finished xaIdx=40 (drained)
[BIGPRIM] code=0x3c tp=0x37 span=1548x1251 at(-1172,1105)
[BIGPRIM] code=0x3c tp=0x38 span=1551x412 at(274,703)
[BIGPRIM] code=0x3a tp=0xa span=1020x770 at(130,-25)
[BIGPRIM] code=0x3c tp=0x37 span=861x983 at(349,855)
[BIGPRIM] code=0x3c tp=0x37 span=27x1064 at(574,-1668)
[BIGPRIM] code=0x3a tp=0x40 span=1020x52 at(130,668)
[BIGPRIM] code=0x3c tp=0x37 span=1455x1492 at(82,-2282)
[BIGPRIM] code=0x3c tp=0x37 span=1548x1251 at(-1172,1105)
[BIGPRIM] code=0x3c tp=0x38 span=1551x412 at(274,703)
[BIGPRIM] code=0x3a tp=0xa span=1020x770 at(130,-25)
[BIGPRIM] code=0x3c tp=0x37 span=861x983 at(349,855)
[XA] Play xaIdx=3 file=1 sector=2 sectors=89 stereo 37800Hz bits=4 filter=(1,2)
[XA] primed ring=20481 frames
[BIGPRIM] code=0x3c tp=0x37 span=27x1064 at(574,-1668)
[BIGPRIM] code=0x3a tp=0x40 span=1020x52 at(130,668)
[BIGPRIM] code=0x3c tp=0x37 span=1455x1492 at(82,-2282)
[BIGPRIM] code=0x3c tp=0x37 span=1548x1251 at(-1172,1105)
[BIGPRIM] code=0x3c tp=0x38 span=1551x412 at(274,703)
[BIGPRIM] code=0x3a tp=0xa span=1020x770 at(130,-25)
[BIGPRIM] code=0x3c tp=0x37 span=861x983 at(349,855)
[VRAM] out of slots -> GPU drain #321 (alloc=49 worstPerFrame=1)
[BIGPRIM] code=0x3c tp=0x37 span=27x1064 at(574,-1668)
[BIGPRIM] code=0x3a tp=0x40 span=1020x52 at(130,668)
[BIGPRIM] code=0x3c tp=0x37 span=1455x1492 at(82,-2282)
[BIGPRIM] code=0x3c tp=0x37 span=1548x1251 at(-1172,1105)
[BIGPRIM] code=0x3c tp=0x38 span=1551x412 at(274,703)
[VRAM] decode #3584
[BIGPRIM] code=0x3a tp=0xa span=1020x770 at(130,-25)
[BIGPRIM] code=0x3c tp=0x37 span=861x983 at(349,855)
[BIGPRIM] code=0x3c tp=0x37 span=27x1064 at(574,-1668)
[BIGPRIM] code=0x3a tp=0x40 span=1020x52 at(130,668)
[BIGPRIM] code=0x3c tp=0x37 span=1455x1492 at(82,-2282)
[BIGPRIM] code=0x3c tp=0x37 span=1548x1251 at(-1172,1105)
[BIGPRIM] code=0x3c tp=0x38 span=1551x412 at(274,703)
[BIGPRIM] code=0x3a tp=0xa span=1020x770 at(130,-25)
[BIGPRIM] code=0x3c tp=0x37 span=861x983 at(349,855)
[BIGPRIM] code=0x3c tp=0x37 span=27x1064 at(574,-1668)
[BIGPRIM] code=0x3a tp=0x40 span=1020x52 at(130,668)
[BIGPRIM] code=0x3c tp=0x37 span=1455x1492 at(82,-2282)
[BIGPRIM] code=0x3c tp=0x37 span=1548x1251 at(-1172,1105)
[BIGPRIM] code=0x3c tp=0x38 span=1551x412 at(274,703)
[BIGPRIM] code=0x3a tp=0xa span=1020x770 at(130,-25)
[BIGPRIM] code=0x3c tp=0x37 span=861x983 at(349,855)
[BIGPRIM] code=0x3c tp=0x37 span=27x1064 at(574,-1668)
[BIGPRIM] code=0x3a tp=0x40 span=1020x52 at(130,668)
[BIGPRIM] code=0x3c tp=0x37 span=1455x1492 at(82,-2282)
[BIGPRIM] code=0x3c tp=0x37 span=1548x1251 at(-1172,1105)
[BIGPRIM] code=0x3c tp=0x38 span=1551x412 at(274,703)
[BIGPRIM] code=0x3a tp=0xa span=1020x770 at(130,-25)
[VRAM] decode #4096
[XA] channel ended early xaIdx=3 (remaining=1/89)
[BIGPRIM] code=0x3c tp=0x37 span=861x983 at(349,855)
[VRAM] out of slots -> GPU drain #385 (alloc=49 worstPerFrame=1)
[BIGPRIM] code=0x3c tp=0x37 span=27x1064 at(574,-1668)
[BIGPRIM] code=0x3a tp=0x40 span=1020x52 at(130,668)
[XA] finished xaIdx=3 (drained)
[BIGPRIM] code=0x3c tp=0x37 span=1455x1492 at(82,-2282)
[BIGPRIM] code=0x3c tp=0x37 span=1548x1251 at(-1172,1105)
[BIGPRIM] code=0x3c tp=0x38 span=1551x412 at(274,703)
[BIGPRIM] code=0x3a tp=0xa span=1020x770 at(130,-25)
[BIGPRIM] code=0x3c tp=0x37 span=861x983 at(349,855)
[BIGPRIM] code=0x3c tp=0x37 span=27x1064 at(574,-1668)
[BIGPRIM] code=0x3a tp=0x40 span=1020x52 at(130,668)
[BIGPRIM] code=0x3c tp=0x37 span=1455x1492 at(82,-2282)
[BIGPRIM] code=0x3c tp=0x37 span=1548x1251 at(-1172,1105)
[BIGPRIM] code=0x3c tp=0x38 span=1551x412 at(274,703)
[BIGPRIM] code=0x3a tp=0xa span=1020x770 at(130,-25)
[BIGPRIM] code=0x3c tp=0x37 span=861x983 at(349,855)
[BIGPRIM] code=0x3c tp=0x37 span=27x1064 at(574,-1668)
[BIGPRIM] code=0x3a tp=0x40 span=1020x52 at(130,668)
[BIGPRIM] code=0x3c tp=0x37 span=1455x1492 at(82,-2282)
[BIGPRIM] code=0x3c tp=0x37 span=1548x1251 at(-1172,1105)
[BIGPRIM] code=0x3c tp=0x38 span=1551x412 at(274,703)
[BIGPRIM] code=0x3a tp=0xa span=1020x770 at(130,-25)
[BIGPRIM] code=0x3c tp=0x37 span=861x983 at(349,855)
[VRAM] decode #4608
[BIGPRIM] code=0x3c tp=0x37 span=27x1064 at(574,-1668)
[BIGPRIM] code=0x3a tp=0x40 span=1020x52 at(130,668)
[BIGPRIM] code=0x3c tp=0x37 span=1455x1492 at(82,-2282)
[BIGPRIM] code=0x3c tp=0x37 span=1548x1251 at(-1172,1105)
[BIGPRIM] code=0x3c tp=0x38 span=1551x412 at(274,703)
[BIGPRIM] code=0x3a tp=0xa span=1020x770 at(130,-25)
[BIGPRIM] code=0x3c tp=0x37 span=861x983 at(349,855)
[VRAM] out of slots -> GPU drain #449 (alloc=49 worstPerFrame=1)
[BIGPRIM] code=0x3c tp=0x37 span=27x1064 at(574,-1668)
[BIGPRIM] code=0x3a tp=0x40 span=1020x52 at(130,668)
[BIGPRIM] code=0x3c tp=0x37 span=1455x1492 at(82,-2282)
[BIGPRIM] code=0x3c tp=0x37 span=1548x1251 at(-1172,1105)
[XA] Play xaIdx=16 file=1 sector=904 sectors=46 stereo 37800Hz bits=4 filter=(2,0)
[XA] primed ring=20481 frames
[BIGPRIM] code=0x3c tp=0x38 span=1551x412 at(274,703)
[BIGPRIM] code=0x3a tp=0xa span=1020x770 at(130,-25)
[BIGPRIM] code=0x3c tp=0x37 span=861x983 at(349,855)
[BIGPRIM] code=0x3c tp=0x37 span=27x1064 at(574,-1668)
[BIGPRIM] code=0x3a tp=0x40 span=1020x52 at(130,668)
[BIGPRIM] code=0x3c tp=0x37 span=1455x1492 at(82,-2282)
[BIGPRIM] code=0x3c tp=0x37 span=1548x1251 at(-1172,1105)
[BIGPRIM] code=0x3c tp=0x38 span=1551x412 at(274,703)
[BIGPRIM] code=0x3a tp=0xa span=1020x770 at(130,-25)
[BIGPRIM] code=0x3c tp=0x37 span=861x983 at(349,855)
[BIGPRIM] code=0x3c tp=0x37 span=27x1064 at(574,-1668)
[BIGPRIM] code=0x3a tp=0x40 span=1020x52 at(130,668)
[VRAM] decode #5120
[BIGPRIM] code=0x3c tp=0x37 span=1455x1492 at(82,-2282)
[CHNK] n=4 s0=-3,6,st2 s1=0,6,st3 s2=-3,5,st2 s3=-1,6,st3
[BIGPRIM] code=0x3c tp=0x37 span=1548x1251 at(-1172,1105)
[BIGPRIM] code=0x3c tp=0x38 span=1551x412 at(274,703)
[XA] channel ended early xaIdx=16 (remaining=1/46)
[BIGPRIM] code=0x3a tp=0xa span=1020x770 at(130,-25)
[BIGPRIM] code=0x3c tp=0x37 span=861x983 at(349,855)
[BIGPRIM] code=0x3c tp=0x37 span=27x1064 at(574,-1668)
[XA] finished xaIdx=16 (drained)
[BIGPRIM] code=0x3a tp=0x40 span=1020x52 at(130,668)
[BIGPRIM] code=0x3c tp=0x37 span=1455x1492 at(82,-2282)
[BIGPRIM] code=0x3c tp=0x37 span=1548x1251 at(-1172,1105)
[BIGPRIM] code=0x3c tp=0x38 span=1551x412 at(274,703)
[BIGPRIM] code=0x3a tp=0xa span=1020x770 at(130,-25)
[BIGPRIM] code=0x3c tp=0x37 span=861x983 at(349,855)
[VRAM] out of slots -> GPU drain #513 (alloc=49 worstPerFrame=1)
[BIGPRIM] code=0x3c tp=0x37 span=27x1064 at(574,-1668)
[BIGPRIM] code=0x3a tp=0x40 span=1020x52 at(130,668)
[BIGPRIM] code=0x3c tp=0x37 span=1455x1492 at(82,-2282)
[BIGPRIM] code=0x3c tp=0x37 span=1548x1251 at(-1172,1105)
[BIGPRIM] code=0x3c tp=0x38 span=1551x412 at(274,703)
[BIGPRIM] code=0x3a tp=0xa span=1020x770 at(130,-25)
[BIGPRIM] code=0x3c tp=0x37 span=861x983 at(349,855)
[BIGPRIM] code=0x3c tp=0x37 span=27x1064 at(574,-1668)
[BIGPRIM] code=0x3a tp=0x40 span=1020x52 at(130,668)
[BIGPRIM] code=0x3c tp=0x37 span=1455x1492 at(82,-2282)
[VRAM] decode #5632
[BIGPRIM] code=0x3c tp=0x37 span=1548x1251 at(-1172,1105)
[BIGPRIM] code=0x3c tp=0x38 span=1551x412 at(274,703)
[BIGPRIM] code=0x3a tp=0xa span=1020x770 at(130,-25)
[BIGPRIM] code=0x3c tp=0x37 span=861x983 at(349,855)
[BIGPRIM] code=0x3c tp=0x37 span=27x1064 at(574,-1668)
[BIGPRIM] code=0x3a tp=0x40 span=1020x52 at(130,668)
[XA] Play xaIdx=9 file=1 sector=527 sectors=66 stereo 37800Hz bits=4 filter=(2,7)
[XA] primed ring=20481 frames
[BIGPRIM] code=0x3c tp=0x37 span=1455x1492 at(82,-2282)
[BIGPRIM] code=0x3c tp=0x37 span=1548x1251 at(-1172,1105)
[BIGPRIM] code=0x3c tp=0x38 span=1551x412 at(274,703)
[BIGPRIM] code=0x3a tp=0xa span=1020x770 at(130,-25)
[BIGPRIM] code=0x3c tp=0x37 span=861x983 at(349,855)
[BIGPRIM] code=0x3c tp=0x37 span=27x1064 at(574,-1668)
[BIGPRIM] code=0x3a tp=0x40 span=1020x52 at(130,668)
[BIGPRIM] code=0x3c tp=0x37 span=1455x1492 at(82,-2282)
[BIGPRIM] code=0x3c tp=0x37 span=1548x1251 at(-1172,1105)
[BIGPRIM] code=0x3c tp=0x38 span=1551x412 at(274,703)
[BIGPRIM] code=0x3a tp=0xa span=1020x770 at(130,-25)
[BIGPRIM] code=0x3c tp=0x37 span=861x983 at(349,855)
[VRAM] out of slots -> GPU drain #577 (alloc=49 worstPerFrame=1)
[BIGPRIM] code=0x3c tp=0x37 span=27x1064 at(574,-1668)
[BIGPRIM] code=0x3a tp=0x40 span=1020x52 at(130,668)
[BIGPRIM] code=0x3c tp=0x37 span=1455x1492 at(82,-2282)
[BIGPRIM] code=0x3c tp=0x37 span=1548x1251 at(-1172,1105)
[BIGPRIM] code=0x3c tp=0x38 span=1551x412 at(274,703)
[VRAM] decode #6144
[BIGPRIM] code=0x3a tp=0xa span=1020x770 at(130,-25)
[BIGPRIM] code=0x3c tp=0x37 span=861x983 at(349,855)
[BIGPRIM] code=0x3c tp=0x37 span=27x1064 at(574,-1668)
[BIGPRIM] code=0x3a tp=0x40 span=1020x52 at(130,668)
[BIGPRIM] code=0x3c tp=0x37 span=1455x1492 at(82,-2282)
[BIGPRIM] code=0x3c tp=0x37 span=1548x1251 at(-1172,1105)
[BIGPRIM] code=0x3c tp=0x38 span=1551x412 at(274,703)
[BIGPRIM] code=0x3a tp=0xa span=1020x770 at(130,-25)
[XA] channel ended early xaIdx=9 (remaining=1/66)
[BIGPRIM] code=0x3c tp=0x37 span=861x983 at(349,855)
[BIGPRIM] code=0x3c tp=0x37 span=27x1064 at(574,-1668)
[BIGPRIM] code=0x3a tp=0x40 span=1020x52 at(130,668)
[XA] finished xaIdx=9 (drained)
[BIGPRIM] code=0x3c tp=0x37 span=1455x1492 at(82,-2282)
[BIGPRIM] code=0x3c tp=0x37 span=1548x1251 at(-1172,1105)
[BIGPRIM] code=0x3c tp=0x38 span=1551x412 at(274,703)
[BIGPRIM] code=0x3a tp=0xa span=1020x770 at(130,-25)
[BIGPRIM] code=0x3c tp=0x37 span=861x983 at(349,855)
[BIGPRIM] code=0x3c tp=0x37 span=27x1064 at(574,-1668)
[BIGPRIM] code=0x3a tp=0x40 span=1020x52 at(130,668)
[BIGPRIM] code=0x3c tp=0x37 span=1455x1492 at(82,-2282)
[BIGPRIM] code=0x3c tp=0x37 span=1548x1251 at(-1172,1105)
[BIGPRIM] code=0x3c tp=0x38 span=1551x412 at(274,703)
[BIGPRIM] code=0x3a tp=0xa span=1020x770 at(130,-25)
[BIGPRIM] code=0x3c tp=0x37 span=861x983 at(349,855)
[VRAM] out of slots -> GPU drain #641 (alloc=49 worstPerFrame=1)
[VRAM] decode #6656
[BIGPRIM] code=0x3c tp=0x37 span=27x1064 at(574,-1668)
[BIGPRIM] code=0x3a tp=0x40 span=1020x52 at(130,668)
[BIGPRIM] code=0x3c tp=0x37 span=1455x1492 at(82,-2282)
[BIGPRIM] code=0x3c tp=0x37 span=1548x1251 at(-1172,1105)
[BIGPRIM] code=0x3c tp=0x38 span=1551x412 at(274,703)
[BIGPRIM] code=0x3a tp=0xa span=1020x770 at(130,-25)
[BIGPRIM] code=0x3c tp=0x37 span=861x983 at(349,855)
[BIGPRIM] code=0x3c tp=0x37 span=27x1064 at(574,-1668)
[BIGPRIM] code=0x3a tp=0x40 span=1020x52 at(130,668)
[BIGPRIM] code=0x3c tp=0x37 span=1455x1492 at(82,-2282)
[BIGPRIM] code=0x3c tp=0x37 span=1548x1251 at(-1172,1105)
[BIGPRIM] code=0x3c tp=0x38 span=1551x412 at(274,703)
[BIGPRIM] code=0x3a tp=0xa span=1020x770 at(130,-25)
[BIGPRIM] code=0x3c tp=0x37 span=861x983 at(349,855)
[BIGPRIM] code=0x3c tp=0x37 span=27x1064 at(574,-1668)
[BIGPRIM] code=0x3a tp=0x40 span=1020x52 at(130,668)
[BIGPRIM] code=0x3c tp=0x37 span=1455x1492 at(82,-2282)
[BIGPRIM] code=0x3c tp=0x37 span=1548x1251 at(-1172,1105)
[BIGPRIM] code=0x3c tp=0x38 span=1551x412 at(274,703)
[BIGPRIM] code=0x3a tp=0xa span=1020x770 at(130,-25)
[BIGPRIM] code=0x3c tp=0x37 span=861x983 at(349,855)
[BIGPRIM] code=0x3c tp=0x37 span=27x1064 at(574,-1668)
[VRAM] decode #7168
[BIGPRIM] code=0x3a tp=0x40 span=1020x52 at(130,668)
[BIGPRIM] code=0x3c tp=0x37 span=1455x1492 at(82,-2282)
[BIGPRIM] code=0x3c tp=0x37 span=1548x1251 at(-1172,1105)
[BIGPRIM] code=0x3c tp=0x38 span=1551x412 at(274,703)
[BIGPRIM] code=0x3a tp=0xa span=1020x770 at(130,-25)
[BIGPRIM] code=0x3c tp=0x37 span=861x983 at(349,855)
[VRAM] out of slots -> GPU drain #705 (alloc=49 worstPerFrame=1)
[BIGPRIM] code=0x3c tp=0x37 span=27x1064 at(574,-1668)
[XA] Play xaIdx=29 file=1 sector=1452 sectors=32 stereo 37800Hz bits=4 filter=(4,4)
[XA] primed ring=20481 frames
[BIGPRIM] code=0x3a tp=0x40 span=1020x52 at(130,668)
[BIGPRIM] code=0x3c tp=0x37 span=1455x1492 at(82,-2282)
[BIGPRIM] code=0x3c tp=0x37 span=1548x1251 at(-1172,1105)
[BIGPRIM] code=0x3c tp=0x38 span=1551x412 at(274,703)
[BIGPRIM] code=0x3a tp=0xa span=1020x770 at(130,-25)
[BIGPRIM] code=0x3c tp=0x37 span=861x983 at(349,855)
[BIGPRIM] code=0x3c tp=0x37 span=27x1064 at(574,-1668)
[BIGPRIM] code=0x3a tp=0x40 span=1020x52 at(130,668)
[BIGPRIM] code=0x3c tp=0x37 span=1455x1492 at(82,-2282)
[BIGPRIM] code=0x3c tp=0x37 span=1548x1251 at(-1172,1105)
[XA] channel ended early xaIdx=29 (remaining=1/32)
[BIGPRIM] code=0x3c tp=0x38 span=1551x412 at(274,703)
[BIGPRIM] code=0x3a tp=0xa span=1020x770 at(130,-25)
[BIGPRIM] code=0x3c tp=0x37 span=861x983 at(349,855)
[XA] finished xaIdx=29 (drained)
[BIGPRIM] code=0x3c tp=0x37 span=27x1064 at(574,-1668)
[BIGPRIM] code=0x3a tp=0x40 span=1020x52 at(130,668)
[BIGPRIM] code=0x3c tp=0x37 span=1455x1492 at(82,-2282)
[VRAM] decode #7680
[BIGPRIM] code=0x3c tp=0x37 span=1548x1251 at(-1172,1105)
[BIGPRIM] code=0x3c tp=0x38 span=1551x412 at(274,703)
[BIGPRIM] code=0x3a tp=0xa span=1020x770 at(130,-25)
[BIGPRIM] code=0x3c tp=0x37 span=861x983 at(349,855)
[BIGPRIM] code=0x3c tp=0x37 span=27x1064 at(574,-1668)
[BIGPRIM] code=0x3a tp=0x40 span=1020x52 at(130,668)
[BIGPRIM] code=0x3c tp=0x37 span=1455x1492 at(82,-2282)
[BIGPRIM] code=0x3c tp=0x37 span=1548x1251 at(-1172,1105)
[BIGPRIM] code=0x3c tp=0x38 span=1551x412 at(274,703)
[BIGPRIM] code=0x3a tp=0xa span=1020x770 at(130,-25)
[BIGPRIM] code=0x3c tp=0x37 span=861x983 at(349,855)
[VRAM] out of slots -> GPU drain #769 (alloc=49 worstPerFrame=1)
[BIGPRIM] code=0x3c tp=0x37 span=27x1064 at(574,-1668)
[BIGPRIM] code=0x3a tp=0x40 span=1020x52 at(130,668)
[BIGPRIM] code=0x3c tp=0x37 span=1455x1492 at(82,-2282)
[BIGPRIM] code=0x3c tp=0x37 span=1548x1251 at(-1172,1105)
[BIGPRIM] code=0x3c tp=0x38 span=1551x412 at(274,703)
[BIGPRIM] code=0x3a tp=0xa span=1020x770 at(130,-25)
[BIGPRIM] code=0x3c tp=0x37 span=861x983 at(349,855)
[BIGPRIM] code=0x3c tp=0x37 span=27x1064 at(574,-1668)
[BIGPRIM] code=0x3a tp=0x40 span=1020x52 at(130,668)
[BIGPRIM] code=0x3c tp=0x37 span=1455x1492 at(82,-2282)
[BIGPRIM] code=0x3c tp=0x37 span=1548x1251 at(-1172,1105)
[VRAM] decode #8192
[BIGPRIM] code=0x3c tp=0x38 span=1551x412 at(274,703)
[BIGPRIM] code=0x3a tp=0xa span=1020x770 at(130,-25)
[BIGPRIM] code=0x3c tp=0x37 span=861x983 at(349,855)
[BIGPRIM] code=0x3c tp=0x37 span=27x1064 at(574,-1668)
[BIGPRIM] code=0x3a tp=0x40 span=1020x52 at(130,668)
[BIGPRIM] code=0x3c tp=0x37 span=1455x1492 at(82,-2282)
[BIGPRIM] code=0x3c tp=0x37 span=1548x1251 at(-1172,1105)
[BIGPRIM] code=0x3c tp=0x38 span=1551x412 at(274,703)
[BIGPRIM] code=0x3a tp=0xa span=1020x770 at(130,-25)
[BIGPRIM] code=0x3c tp=0x37 span=861x983 at(349,855)
[BIGPRIM] code=0x3c tp=0x37 span=27x1064 at(574,-1668)
[BIGPRIM] code=0x3a tp=0x40 span=1020x52 at(130,668)
[BIGPRIM] code=0x3c tp=0x37 span=1455x1492 at(82,-2282)
[BOOT0/TIM] PostLoadTim file=1449 'REBIRD.TIM' ss=0x5b2c img.u=0 img.v=0 tPage=0,28 clutX=704 clutY=464
[BOOT0/TIM] post ReadTIM: prect=0xfac644 caddr=0xfac580 paddr=0xfac64c mode=8
[BOOT0/TIM] pre pixel LoadImage rect=(768,256 32x128)
[BOOT0/TIM] pre CLUT LoadImage rect=(704,464 16x6)
[BOOT0/TIM] PostLoadTim done
[BIGPRIM] code=0x3c tp=0x37 span=1332x1015 at(1045,765)
[BIGPRIM] code=0x3c tp=0x37 span=1332x1015 at(1045,765)
[BIGPRIM] code=0x3c tp=0x37 span=1332x1015 at(1045,765)
[BIGPRIM] code=0x3c tp=0x37 span=1332x1015 at(1045,765)
[BIGPRIM] code=0x3c tp=0x37 span=1332x1015 at(1045,765)
[BIGPRIM] code=0x3c tp=0x37 span=1332x1015 at(1045,765)
[BIGPRIM] code=0x3c tp=0x37 span=1332x1015 at(1045,765)
[BIGPRIM] code=0x3c tp=0x37 span=1332x1015 at(1045,765)
[BIGPRIM] code=0x3c tp=0x37 span=1332x1015 at(1045,765)
[BIGPRIM] code=0x3c tp=0x37 span=2172x405 at(907,2581)
[BIGPRIM] code=0x3c tp=0x37 span=615x730 at(409,668)
[BIGPRIM] code=0x3c tp=0x37 span=2169x450 at(-1262,2574)
[BIGPRIM] code=0x3c tp=0x37 span=1086x708 at(1093,1002)
[BIGPRIM] code=0x3c tp=0x37 span=2169x508 at(-1262,2568)
[SH-XBOX] vblank 17400
[MEM] tick: free=2488KB (622 pages)
[BIGPRIM] code=0x3c tp=0x37 span=1536x1533 at(-1256,-1909)
[BIGPRIM] code=0x3c tp=0x37 span=2169x1575 at(-176,1269)
[BIGPRIM] code=0x3c tp=0x37 span=693x855 at(1042,1629)
[BIGPRIM] code=0x3a tp=0x40 span=1020x52 at(130,668)
[BIGPRIM] code=0x3c tp=0x38 span=735x1042 at(1084,954)
[BIGPRIM] code=0x3c tp=0x37 span=567x775 at(112,-932)
[BIGPRIM] code=0x3c tp=0x37 span=2172x701 at(907,2529)
[BIGPRIM] code=0x3c tp=0x37 span=1479x1434 at(-1256,-1941)
[BIGPRIM] code=0x3c tp=0x38 span=669x939 at(1063,906)
[BIGPRIM] code=0x3c tp=0x37 span=588x848 at(91,-1044)
[BIGPRIM] code=0x3c tp=0x38 span=663x925 at(1060,903)
[BIGPRIM] code=0x3c tp=0x37 span=1041x1614 at(214,-1941)
[BIGPRIM] code=0x3c tp=0x37 span=600x723 at(1000,1446)
[BIGPRIM] code=0x3c tp=0x38 span=714x952 at(1105,925)
[BIGPRIM] code=0x3c tp=0x37 span=1146x1549 at(100,-1870)
[BIGPRIM] code=0x3c tp=0x37 span=960x289 at(-524,-861)
[BIGPRIM] code=0x3c tp=0x37 span=768x993 at(454,675)
[BIGPRIM] code=0x3c tp=0x37 span=1419x1582 at(292,-1954)
[BIGPRIM] code=0x3c tp=0x37 span=921x958 at(535,713)
[BIGPRIM] code=0x3c tp=0x37 span=990x45 at(-548,-668)
[BIGPRIM] code=0x3c tp=0x37 span=1023x594 at(-668,707)
[BIGPRIM] code=0x3c tp=0x37 span=990x430 at(1072,-430)
[BIGPRIM] code=0x3c tp=0x37 span=1623x1353 at(862,1375)
[BIGPRIM] code=0x3c tp=0x37 span=1602x1527 at(-704,1182)
[BIGPRIM] code=0x3c tp=0x2c span=882x815 at(3268,-610)
[BIGPRIM] code=0x3c tp=0x37 span=1623x1536 at(-680,1173)
[BIGPRIM] code=0x3c tp=0x37 span=2223x1552 at(-1982,1099)
[BIGPRIM] code=0x3c tp=0x37 span=2037x1639 at(-1604,-1947)
[BIGPRIM] code=0x3c tp=0x37 span=1962x1440 at(-1646,1243)
[BIGPRIM] code=0x3c tp=0x37 span=2112x1498 at(1015,-1877)
[GP-STATE-TXN] Gameplay -> sysState=7 (param=67)
[SYSSTATE] dispatch sysState=7 mapEventData=0x596954
[BIGPRIM] code=0x3c tp=0x37 span=2154x1504 at(1021,-1883)
[BIGPRIM] code=0x3c tp=0x37 span=2184x1507 at(1027,-1883)
[BIGPRIM] code=0x3c tp=0x37 span=2205x1511 at(1030,-1883)
[BIGPRIM] code=0x3c tp=0x37 span=2205x1521 at(1030,-1890)
[BIGPRIM] code=0x3c tp=0x37 span=2205x1521 at(1030,-1890)
[BIGPRIM] code=0x3c tp=0x37 span=2205x1521 at(1030,-1890)
[BIGPRIM] code=0x3c tp=0x37 span=2205x1521 at(1030,-1890)
[BIGPRIM] code=0x3c tp=0x37 span=1830x1511 at(-1370,-1883)
[BIGPRIM] code=0x3c tp=0x37 span=1830x1511 at(-1370,-1883)
[BIGPRIM] code=0x3c tp=0x37 span=1830x1511 at(-1370,-1883)
[BIGPRIM] code=0x3c tp=0x37 span=1830x1511 at(-1370,-1883)
[BIGPRIM] code=0x3c tp=0x37 span=1830x1511 at(-1370,-1883)
[BIGPRIM] code=0x3c tp=0x37 span=1830x1511 at(-1370,-1883)
[BIGPRIM] code=0x3c tp=0x37 span=1830x1511 at(-1370,-1883)
[BIGPRIM] code=0x3c tp=0x37 span=1830x1511 at(-1370,-1883)
[BIGPRIM] code=0x3c tp=0x37 span=1830x1511 at(-1370,-1883)
[BIGPRIM] code=0x3c tp=0x37 span=1830x1511 at(-1370,-1883)
[BIGPRIM] code=0x3c tp=0x37 span=1830x1511 at(-1370,-1883)
[BIGPRIM] code=0x3c tp=0x37 span=1830x1511 at(-1370,-1883)
[BIGPRIM] code=0x3c tp=0x37 span=1827x1511 at(-1364,-1883)
[BIGPRIM] code=0x3c tp=0x37 span=1824x1511 at(-1358,-1883)
[BIGPRIM] code=0x3c tp=0x37 span=2220x1527 at(1027,-1890)
[BIGPRIM] code=0x3c tp=0x37 span=2220x1527 at(1027,-1890)
[BIGPRIM] code=0x3c tp=0x37 span=2220x1527 at(1027,-1890)
[BIGPRIM] code=0x3c tp=0x37 span=2220x1527 at(1027,-1890)
[BIGPRIM] code=0x3c tp=0x37 span=2220x1527 at(1027,-1890)
[BIGPRIM] code=0x3c tp=0x37 span=2220x1527 at(1027,-1890)
[BIGPRIM] code=0x3c tp=0x37 span=2220x1527 at(1027,-1890)
[BIGPRIM] code=0x3c tp=0x37 span=1818x1511 at(-1364,-1883)
[BIGPRIM] code=0x3a tp=0xa span=1020x770 at(130,-25)
[BIGPRIM] code=0x3c tp=0x37 span=972x64 at(691,-687)
[BIGPRIM] code=0x3c tp=0x37 span=1959x483 at(442,2593)
[BIGPRIM] code=0x3c tp=0x37 span=2022x1286 at(-1520,1597)
[BIGPRIM] code=0x3a tp=0xa span=1020x770 at(130,-25)
[BIGPRIM] code=0x3c tp=0x37 span=762x778 at(973,-938)
[BIGPRIM] code=0x3c tp=0x2c span=936x796 at(-1820,-665)
[BIGPRIM] code=0x3c tp=0x37 span=843x742 at(-287,-822)
[BIGPRIM] code=0x3c tp=0x37 span=2121x852 at(628,2352)
[BIGPRIM] code=0x3c tp=0x2c span=1050x835 at(-2249,-1391)
[BIGPRIM] code=0x3c tp=0x37 span=1083x971 at(-620,-1099)
[CHNK] n=4 s0=-3,6,st2 s1=0,6,st3 s2=-3,5,st2 s3=-1,6,st3
[BIGPRIM] code=0x3c tp=0x2c span=1770x1503 at(-3317,-1423)
[BIGPRIM] code=0x3c tp=0x37 span=1041x129 at(-737,-196)
[BIGPRIM] code=0x3c tp=0x2c span=1920x1524 at(-3392,-2687)
[BIGPRIM] code=0x3c tp=0x37 span=1095x203 at(-866,-228)
[BIGPRIM] code=0x3c tp=0x2c span=1026x783 at(-1709,-620)
[BIGPRIM] code=0x3c tp=0x2c span=1686x1118 at(-3275,-1035)
[BIGPRIM] code=0x3c tp=0x37 span=1509x1218 at(-1334,-1478)
[BIGPRIM] code=0x3a tp=0xa span=1020x770 at(130,-25)
[BIGPRIM] code=0x3c tp=0x2c span=1044x693 at(-1832,-613)
[BIGPRIM] code=0x3c tp=0x37 span=831x1068 at(-242,568)
[BIGPRIM] code=0x3c tp=0x37 span=291x1540 at(1108,-2288)
[BIGPRIM] code=0x3c tp=0x37 span=948x720 at(-791,527)
[BIGPRIM] code=0x3a tp=0xa span=1020x770 at(130,-25)
[BIGPRIM] code=0x3c tp=0x37 span=90x1398 at(757,-2073)
[BIGPRIM] code=0x3c tp=0x37 span=54x1360 at(721,-2015)
[BIGPRIM] code=0x3c tp=0x2c span=822x778 at(-1343,-806)
[BIGPRIM] code=0x3c tp=0x2c span=1308x1111 at(-2369,-1108)
[BIGPRIM] code=0x3c tp=0x2c span=1524x1291 at(-2897,-1285)
[BIGPRIM] code=0x3c tp=0x2c span=1806x1529 at(-3335,-1510)
[BIGPRIM] code=0x3c tp=0x37 span=87x1147 at(394,-1732)
[BIGPRIM] code=0x3c tp=0x2c span=1128x770 at(-1625,-687)
[BIGPRIM] code=0x3c tp=0x2c span=1224x834 at(-1853,-732)
[BIGPRIM] code=0x3c tp=0x2c span=1002x925 at(-1958,-922)
[BIGPRIM] code=0x3c tp=0x2c span=1116x1027 at(-2270,-1015)
[BIGPRIM] code=0x3c tp=0x2c span=1308x1207 at(-2816,-1198)
[BIGPRIM] code=0x3a tp=0xa span=1020x770 at(130,-25)
[BIGPRIM] code=0x3c tp=0x37 span=2016x878 at(823,-2057)
[BIGPRIM] code=0x3c tp=0x37 span=2007x714 at(10,2516)
[BIGPRIM] code=0x3c tp=0x37 span=942x823 at(1084,684)
[BIGPRIM] code=0x3c tp=0x37 span=198x1086 at(4,-1626)
[BIGPRIM] code=0x3c tp=0x37 span=897x810 at(-410,-1276)
[BIGPRIM] code=0x3c tp=0x38 span=1416x691 at(1126,350)
[BIGPRIM] code=0x3c tp=0x37 span=318x1485 at(-173,-2176)
[BIGPRIM] code=0x3c tp=0x38 span=1308x646 at(1117,321)
[BIGPRIM] code=0x3c tp=0x37 span=1005x1382 at(691,630)
[BIGPRIM] code=0x3c tp=0x37 span=1212x1208 at(-815,-1812)
[BIGPRIM] code=0x3c tp=0x37 span=2049x1524 at(52,1886)
[BIGPRIM] code=0x3c tp=0x37 span=2073x1613 at(76,1803)
[BIGPRIM] code=0x3c tp=0x37 span=615x730 at(199,-1292)
[BIGPRIM] code=0x3c tp=0x37 span=669x868 at(34,-1481)
[BIGPRIM] code=0x3c tp=0x37 span=1389x536 at(1099,-912)
[BIGPRIM] code=0x3c tp=0x37 span=960x1299 at(-440,-2044)
[BIGPRIM] code=0x3c tp=0x37 span=1908x1257 at(-683,-2439)
[BIGPRIM] code=0x3c tp=0x37 span=2169x1180 at(-734,-2822)
[BIGPRIM] code=0x3c tp=0x37 span=720x765 at(1069,-1587)
[BIGPRIM] code=0x3c tp=0x37 span=1983x913 at(304,-2931)
[BIGPRIM] code=0x3c tp=0x37 span=1746x65 at(-1448,3583)
[BIGPRIM] code=0x3c tp=0x2c span=1290x1074 at(-2219,-1713)
[BIGPRIM] code=0x3c tp=0x38 span=186x765 at(913,2246)
[BIGPRIM] code=0x3c tp=0x37 span=2169x1488 at(-206,2160)
[BIGPRIM] code=0x3c tp=0x2c span=894x765 at(-1595,-1790)
[BIGPRIM] code=0x3c tp=0x2c span=1410x1209 at(-3137,-2767)
[BIGPRIM] code=0x3a tp=0xa span=1020x770 at(130,-25)
[BIGPRIM] code=0x3c tp=0x37 span=1356x1466 at(643,-1890)
[BIGPRIM] code=0x3c tp=0x37 span=1443x466 at(1084,-668)
[BIGPRIM] code=0x3c tp=0x2c span=894x752 at(1462,-806)
[BIGPRIM] code=0x3c tp=0x2c span=882x835 at(2098,-742)
[BIGPRIM] code=0x3c tp=0x37 span=1947x1465 at(-1448,-2037)
[BIGPRIM] code=0x3c tp=0x37 span=1200x1067 at(-653,-1468)
[BIGPRIM] code=0x3c tp=0x38 span=489x765 at(-176,790)
[BIGPRIM] code=0x3c tp=0x37 span=1932x1575 at(1069,1063)
[BIGPRIM] code=0x3c tp=0x37 span=1221x1523 at(-653,826)
[BIGPRIM] code=0x3c tp=0x37 span=1872x1562 at(1123,1089)
[BIGPRIM] code=0x3c tp=0x37 span=1869x431 at(-350,2407)
[BIGPRIM] code=0x3c tp=0x37 span=1983x1190 at(-1514,-1787)
[BIGPRIM] code=0x3c tp=0x37 span=1989x1514 at(1030,1086)
[BIGPRIM] code=0x3c tp=0x37 span=1095x964 at(880,-1108)
[BIGPRIM] code=0x3c tp=0x37 span=1770x1260 at(-1367,-1632)
[BIGPRIM] code=0x3c tp=0x37 span=1515x1449 at(40,1215)
[BIGPRIM] code=0x3c tp=0x37 span=744x727 at(172,713)
[BIGPRIM] code=0x3c tp=0x37 span=30x977 at(667,-1671)
[BIGPRIM] code=0x3c tp=0x37 span=912x1347 at(691,-1530)
[BIGPRIM] code=0x3c tp=0x37 span=24x971 at(580,-1742)
[BIGPRIM] code=0x3c tp=0x37 span=948x736 at(1120,781)
[BIGPRIM] code=0x3c tp=0x37 span=1890x1459 at(781,-1793)
[BIGPRIM] code=0x3c tp=0x37 span=1959x1347 at(-1757,-1710)
[BIGPRIM] code=0x3a tp=0xa span=1020x770 at(130,-25)
[BIGPRIM] code=0x3c tp=0x37 span=1632x1572 at(43,1176)
[BIGPRIM] code=0x3c tp=0x37 span=1341x829 at(-1154,-1121)
[BIGPRIM] code=0x3c tp=0x37 span=1518x1627 at(91,1076)
[BIGPRIM] code=0x3c tp=0x37 span=1854x1093 at(1003,-1639)
[BIGPRIM] code=0x3c tp=0x37 span=1869x1122 at(976,-1645)
[BIGPRIM] code=0x3c tp=0x37 span=1545x1215 at(-1277,742)
[BIGPRIM] code=0x3c tp=0x37 span=861x861 at(1063,858)
[BIGPRIM] code=0x3c tp=0x37 span=1950x489 at(-1364,2651)
[BIGPRIM] code=0x3c tp=0x37 span=1302x984 at(-1022,716)
[BIGPRIM] code=0x3c tp=0x37 span=1941x819 at(-446,-1947)
[BIGPRIM] code=0x3c tp=0x37 span=1629x1604 at(-1448,1105)
[BIGPRIM] code=0x3a tp=0xa span=1020x770 at(130,-25)
[BIGPRIM] code=0x3c tp=0x37 span=813x730 at(709,671)
[BIGPRIM] code=0x3c tp=0x37 span=1575x1003 at(-1412,-1324)
[BIGPRIM] code=0x3a tp=0xa span=1020x770 at(130,-25)
[BIGPRIM] code=0x3c tp=0x37 span=975x816 at(1093,784)
[BIGPRIM] code=0x3c tp=0x37 span=981x219 at(-128,-752)
[BIGPRIM] code=0x3c tp=0x37 span=786x903 at(-41,720)
[BIGPRIM] code=0x3c tp=0x38 span=867x894 at(1069,1031)
[BIGPRIM] code=0x3c tp=0x37 span=2055x380 at(232,2561)
[BIGPRIM] code=0x3c tp=0x37 span=24x984 at(586,-1684)
[BIGPRIM] code=0x3a tp=0xa span=1020x770 at(130,-25)
[BIGPRIM] code=0x3c tp=0x37 span=2118x392 at(-1598,2516)
[BIGPRIM] code=0x3c tp=0x37 span=2157x1353 at(-146,1459)
[BIGPRIM] code=0x3a tp=0xa span=1020x770 at(130,-25)
[BIGPRIM] code=0x3c tp=0x37 span=1026x1614 at(319,-1819)
[BIGPRIM] code=0x3c tp=0x37 span=690x1044 at(433,707)
[BIGPRIM] code=0x3c tp=0x37 span=2142x443 at(-1688,2510)
[BIGPRIM] code=0x3c tp=0x37 span=744x1193 at(1,-1305)
[GP-STATE-TXN] Gameplay -> sysState=7 (param=67)
[BIGPRIM] code=0x3c tp=0x37 span=777x1347 at(19,-1462)
[BIGPRIM] code=0x3c tp=0x37 span=1128x1071 at(-917,732)
[BIGPRIM] code=0x3c tp=0x37 span=1305x1588 at(622,-1883)
[BIGPRIM] code=0x3c tp=0x38 span=639x855 at(997,983)
[BIGPRIM] code=0x3c tp=0x37 span=642x775 at(244,697)
[BIGPRIM] code=0x3c tp=0x2c span=1182x1054 at(3118,-1060)
[BIGPRIM] code=0x3c tp=0x2c span=1260x1188 at(3079,-883)
[BIGPRIM] code=0x3c tp=0x2c span=1026x912 at(3196,-887)
[BIGPRIM] code=0x3a tp=0xa span=1020x770 at(130,-25)
[BIGPRIM] code=0x3c tp=0x37 span=2049x633 at(-860,-1819)
[BIGPRIM] code=0x3c tp=0x2c span=1020x867 at(3076,-549)
[BIGPRIM] code=0x3c tp=0x37 span=996x200 at(-476,-765)
[BIGPRIM] code=0x3c tp=0x37 span=834x1086 at(367,752)
[BIGPRIM] code=0x3a tp=0xa span=1020x770 at(130,-25)
[BIGPRIM] code=0x3c tp=0x37 span=915x1131 at(421,755)
[BIGPRIM] code=0x3c tp=0x2c span=876x732 at(2932,-620)
[BIGPRIM] code=0x3c tp=0x37 span=999x977 at(-710,-1105)
[BIGPRIM] code=0x3c tp=0x37 span=1455x1568 at(484,-1883)
[BIGPRIM] code=0x3c tp=0x37 span=1908x511 at(-1286,-1883)
[BIGPRIM] code=0x3c tp=0x37 span=1869x334 at(-1106,-1870)
[BIGPRIM] code=0x3c tp=0x37 span=975x58 at(-206,-662)
[BIGPRIM] code=0x3c tp=0x37 span=981x51 at(70,-642)
[BIGPRIM] code=0x3c tp=0x37 span=1956x1476 at(985,-1864)
[BIGPRIM] code=0x3c tp=0x37 span=1857x1324 at(1108,1404)
[BIGPRIM] code=0x3c tp=0x37 span=1284x601 at(-1136,723)
[BIGPRIM] code=0x3a tp=0xa span=1020x770 at(130,-25)
[BIGPRIM] code=0x3c tp=0x37 span=1014x617 at(871,723)
[BIGPRIM] code=0x3a tp=0xa span=1020x770 at(130,-25)
[BIGPRIM] code=0x3a tp=0xa span=1020x770 at(130,-25)
[BIGPRIM] code=0x3a tp=0xa span=1020x770 at(130,-25)
[BIGPRIM] code=0x3c tp=0x37 span=996x607 at(865,720)
[GP-STATE-TXN] Gameplay -> sysState=7 (param=67)
[BIGPRIM] code=0x3c tp=0x37 span=981x411 at(-794,-408)
[BIGPRIM] code=0x3c tp=0x37 span=966x678 at(-467,739)
[SH-XBOX] vblank 18000
[MEM] tick: free=2488KB (622 pages)
[BIGPRIM] code=0x3c tp=0x37 span=2190x1555 at(985,-1902)
[BIGPRIM] code=0x3c tp=0x37 span=1533x1376 at(166,1327)
[BIGPRIM] code=0x3c tp=0x37 span=1533x1530 at(112,-1890)
[BIGPRIM] code=0x3c tp=0x37 span=1737x1347 at(-1370,1369)
[BIGPRIM] code=0x3c tp=0x37 span=1848x1501 at(-1424,-1877)
[BIGPRIM] code=0x3a tp=0xa span=1020x770 at(130,-25)
[BIGPRIM] code=0x3c tp=0x37 span=990x607 at(865,720)
[BIGPRIM] code=0x3c tp=0x37 span=981x411 at(-794,-408)
[BIGPRIM] code=0x3c tp=0x37 span=966x678 at(-467,739)
[BIGPRIM] code=0x3c tp=0x37 span=2190x1555 at(985,-1902)
[BIGPRIM] code=0x3c tp=0x37 span=1533x1376 at(166,1327)
[BIGPRIM] code=0x3c tp=0x37 span=1533x1530 at(112,-1890)
[BIGPRIM] code=0x3c tp=0x37 span=1737x1347 at(-1370,1369)
[BIGPRIM] code=0x3c tp=0x37 span=1848x1501 at(-1424,-1877)
[BIGPRIM] code=0x3a tp=0xa span=1020x770 at(130,-25)
[BIGPRIM] code=0x3c tp=0x37 span=987x608 at(862,716)
[BIGPRIM] code=0x3c tp=0x37 span=1212x769 at(916,748)
[BIGPRIM] code=0x3c tp=0x2c span=1002x681 at(3208,-392)
[BIGPRIM] code=0x3c tp=0x37 span=1629x1585 at(-518,1150)
[BIGPRIM] code=0x3c tp=0x2c span=1266x1060 at(3076,-1041)
[BIGPRIM] code=0x3c tp=0x37 span=24x971 at(190,-1684)
[BIGPRIM] code=0x3a tp=0xa span=1020x770 at(130,-25)
[BIGPRIM] code=0x3c tp=0x37 span=2163x1102 at(-1352,-1928)
[BIGPRIM] code=0x3c tp=0x37 span=885x1202 at(-236,691)
[BIGPRIM] code=0x3c tp=0x37 span=1278x1102 at(973,-1137)
[BIGPRIM] code=0x3c tp=0x37 span=2133x591 at(-1256,2587)
[BIGPRIM] code=0x3c tp=0x37 span=1437x1412 at(-1100,-1755)
[BIGPRIM] code=0x3a tp=0xa span=1020x770 at(130,-25)
[BIGPRIM] code=0x3c tp=0x37 span=912x829 at(868,-848)
[BIGPRIM] code=0x3c tp=0x37 span=1170x1587 at(502,-1857)
[BIGPRIM] code=0x3c tp=0x37 span=1926x1218 at(1093,-1915)
[BIGPRIM] code=0x3c tp=0x37 span=1890x1385 at(1015,-1979)
[BIGPRIM] code=0x3c tp=0x37 span=1902x1222 at(931,-1755)
[BIGPRIM] code=0x3c tp=0x37 span=1332x1376 at(-458,-1870)
[BIGPRIM] code=0x3a tp=0xa span=1020x770 at(130,-25)
[BIGPRIM] code=0x3c tp=0x37 span=720x1170 at(538,-1346)
[BIGPRIM] code=0x3c tp=0x37 span=1068x617 at(-869,-896)
[BIGPRIM] code=0x3c tp=0x37 span=1050x752 at(-716,681)
[BIGPRIM] code=0x3c tp=0x37 span=1773x1578 at(-1502,1099)
[BIGPRIM] code=0x3c tp=0x37 span=1725x469 at(-8,2542)
[BIGPRIM] code=0x3a tp=0xa span=1020x770 at(130,-25)
[BIGPRIM] code=0x3c tp=0x37 span=993x19 at(-62,-732)
[BIGPRIM] code=0x3c tp=0x37 span=993x12 at(-26,-777)
[BIGPRIM] code=0x3c tp=0x37 span=1470x1501 at(145,-2050)
[BIGPRIM] code=0x3a tp=0xa span=1020x770 at(130,-25)
[BIGPRIM] code=0x3c tp=0x37 span=24x945 at(787,-1755)
[BIGPRIM] code=0x3c tp=0x37 span=987x52 at(52,-810)
[BIGPRIM] code=0x3c tp=0x37 span=1776x411 at(-1574,-1857)
[BIGPRIM] code=0x3a tp=0xa span=1020x770 at(130,-25)
[BIGPRIM] code=0x3c tp=0x37 span=987x52 at(52,-810)
[BIGPRIM] code=0x3c tp=0x37 span=1776x411 at(-1574,-1857)
[BIGPRIM] code=0x3a tp=0xa span=1020x770 at(130,-25)
[BIGPRIM] code=0x3c tp=0x37 span=987x52 at(52,-810)
[BIGPRIM] code=0x3c tp=0x37 span=1776x411 at(-1574,-1857)
[BIGPRIM] code=0x3a tp=0xa span=1020x770 at(130,-25)
[BIGPRIM] code=0x3c tp=0x37 span=987x52 at(52,-810)
[BIGPRIM] code=0x3c tp=0x37 span=1776x411 at(-1574,-1857)
[BIGPRIM] code=0x3a tp=0xa span=1020x770 at(130,-25)
[BIGPRIM] code=0x3c tp=0x37 span=987x52 at(52,-810)
[BIGPRIM] code=0x3c tp=0x37 span=1776x411 at(-1574,-1857)
[BIGPRIM] code=0x3a tp=0xa span=1020x770 at(130,-25)
[BIGPRIM] code=0x3c tp=0x37 span=987x52 at(52,-810)
[BIGPRIM] code=0x3c tp=0x37 span=1776x411 at(-1574,-1857)
[BIGPRIM] code=0x3a tp=0xa span=1020x770 at(130,-25)
[BIGPRIM] code=0x3c tp=0x37 span=987x52 at(52,-810)
[BIGPRIM] code=0x3c tp=0x37 span=1776x411 at(-1574,-1857)
[BIGPRIM] code=0x3a tp=0xa span=1020x770 at(130,-25)
[BIGPRIM] code=0x3c tp=0x37 span=987x52 at(52,-810)
[BIGPRIM] code=0x3c tp=0x37 span=1776x411 at(-1574,-1857)
[BIGPRIM] code=0x3a tp=0xa span=1020x770 at(130,-25)
[BIGPRIM] code=0x3c tp=0x37 span=987x52 at(52,-810)
[BIGPRIM] code=0x3c tp=0x37 span=1776x411 at(-1574,-1857)
[BIGPRIM] code=0x3a tp=0xa span=1020x770 at(130,-25)
[BIGPRIM] code=0x3c tp=0x37 span=987x52 at(52,-810)
[BIGPRIM] code=0x3c tp=0x37 span=1941x1626 at(1072,-2037)
[BIGPRIM] code=0x3c tp=0x37 span=1017x206 at(28,-855)
[BIGPRIM] code=0x3c tp=0x37 span=1986x1636 at(1009,996)
[BIGPRIM] code=0x3c tp=0x38 span=708x830 at(-500,928)
[BIGPRIM] code=0x3c tp=0x37 span=1362x1360 at(916,-1613)
[BIGPRIM] code=0x3c tp=0x38 span=660x784 at(-506,1012)
[BIGPRIM] code=0x3a tp=0xa span=1020x770 at(130,-25)
[BIGPRIM] code=0x3c tp=0x37 span=1956x1494 at(-1574,1099)
[CHNK] n=4 s0=-3,6,st2 s1=0,6,st3 s2=-3,5,st2 s3=-1,6,st3
[BIGPRIM] code=0x3a tp=0xa span=1020x770 at(130,-25)
[BIGPRIM] code=0x3a tp=0xa span=1020x770 at(130,-25)
[BIGPRIM] code=0x3c tp=0x37 span=1815x1106 at(-1586,1597)
[RA] http POST http://retroachievements.org/dorequest.php
[NET] POST retroachievements.org -> 200 (16 bytes)
[RA] http -> status=200 bodyLen=16 body='{"Success":true}'
[BIGPRIM] code=0x3c tp=0x37 span=1938x1170 at(-1562,-1793)
[BIGPRIM] code=0x3c tp=0x37 span=2106x1572 at(910,903)
[BIGPRIM] code=0x3c tp=0x37 span=1848x746 at(-1568,-1716)
[BIGPRIM] code=0x3c tp=0x37 span=1533x1582 at(-38,941)
[BIGPRIM] code=0x3c tp=0x37 span=1758x366 at(-1574,-1658)
[BIGPRIM] code=0x3c tp=0x37 span=1485x1086 at(-1025,-1536)
[BIGPRIM] code=0x3c tp=0x37 span=1533x1575 at(-44,999)
[BIGPRIM] code=0x3c tp=0x37 span=1533x1536 at(-44,1096)
[BIGPRIM] code=0x3c tp=0x37 span=33x813 at(697,-1208)
[BIGPRIM] code=0x3a tp=0xa span=1020x770 at(130,-25)
[BIGPRIM] code=0x3c tp=0x37 span=51x1257 at(718,-1915)
[BIGPRIM] code=0x3c tp=0x37 span=981x829 at(241,-1234)
[BIGPRIM] code=0x3c tp=0x37 span=30x965 at(733,-1787)
[BIGPRIM] code=0x3c tp=0x37 span=1533x1443 at(-8,-1979)
[BIGPRIM] code=0x3c tp=0x37 span=1533x1440 at(-56,1276)
[BIGPRIM] code=0x3c tp=0x37 span=30x1092 at(730,-1603)
[BIGPRIM] code=0x3c tp=0x37 span=1890x865 at(-1562,-1787)
[BIGPRIM] code=0x3c tp=0x37 span=1125x791 at(-635,-1221)
[BIGPRIM] code=0x3c tp=0x2c span=978x822 at(1552,-771)
[BIGPRIM] code=0x3c tp=0x37 span=6x958 at(757,-1761)
[BIGPRIM] code=0x3c tp=0x2c span=1362x1080 at(3028,-1732)
[BIGPRIM] code=0x3c tp=0x2c span=1308x1208 at(3055,-1555)
[BIGPRIM] code=0x3c tp=0x37 span=966x608 at(862,655)
[BIGPRIM] code=0x3c tp=0x37 span=1788x1295 at(1087,-1851)
[BIGPRIM] code=0x3c tp=0x37 span=456x771 at(-269,-838)
[BIGPRIM] code=0x3c tp=0x2c span=1506x1389 at(2956,-1787)
[BIGPRIM] code=0x3c tp=0x37 span=1782x1276 at(1063,-1812)
[BIGPRIM] code=0x3a tp=0xa span=1020x770 at(130,-25)
[BIGPRIM] code=0x3c tp=0x37 span=1194x852 at(-746,739)
[BIGPRIM] code=0x3c tp=0x2c span=1038x823 at(2470,-1260)
[BIGPRIM] code=0x3c tp=0x2c span=1032x706 at(1612,-488)
[BIGPRIM] code=0x3c tp=0x2c span=984x668 at(1546,-450)
[BIGPRIM] code=0x3c tp=0x37 span=969x1042 at(115,748)
[BIGPRIM] code=0x3c tp=0x37 span=1590x1331 at(73,1507)
[BIGPRIM] code=0x3c tp=0x37 span=1491x1122 at(-134,-1832)
[BIGPRIM] code=0x3c tp=0x37 span=1866x1299 at(-95,1539)
[BIGPRIM] code=0x3c tp=0x37 span=1956x443 at(-1598,2491)
[BIGPRIM] code=0x3c tp=0x37 span=801x756 at(-143,-993)
[BIGPRIM] code=0x3c tp=0x37 span=888x774 at(973,-736)
[BIGPRIM] code=0x3c tp=0x37 span=2058x379 at(-1538,2542)
[BIGPRIM] code=0x3a tp=0xa span=1020x770 at(130,-25)
[BIGPRIM] code=0x3c tp=0x37 span=1956x1299 at(1129,-1845)
[BIGPRIM] code=0x3a tp=0xa span=1020x770 at(130,-25)
[BIGPRIM] code=0x3a tp=0xa span=1020x770 at(130,-25)
[BIGPRIM] code=0x3a tp=0xa span=1020x770 at(130,-25)
[BIGPRIM] code=0x3c tp=0x37 span=2016x1417 at(1009,-1857)
[BIGPRIM] code=0x3c tp=0x37 span=1026x167 at(1057,9)
[BIGPRIM] code=0x3c tp=0x37 span=2169x411 at(-1238,2587)
[BIGPRIM] code=0x3c tp=0x37 span=2169x444 at(-1166,2593)
[BIGPRIM] code=0x3c tp=0x37 span=1530x1502 at(-1298,-1845)
[BIGPRIM] code=0x3c tp=0x37 span=621x742 at(394,675)
[BIGPRIM] code=0x3a tp=0xa span=1020x770 at(130,-25)
[BIGPRIM] code=0x3c tp=0x37 span=2034x1469 at(937,-1864)
[BIGPRIM] code=0x3c tp=0x37 span=624x762 at(418,681)
[BIGPRIM] code=0x3a tp=0xa span=1020x770 at(130,-25)
[BIGPRIM] code=0x3c tp=0x37 span=2034x1452 at(955,-1857)
[BIGPRIM] code=0x3c tp=0x37 span=633x771 at(436,681)
[BIGPRIM] code=0x3a tp=0xa span=1020x770 at(130,-25)
[BIGPRIM] code=0x3c tp=0x37 span=1956x1315 at(1129,-1845)
[BIGPRIM] code=0x3c tp=0x37 span=804x920 at(631,732)
[BIGPRIM] code=0x3c tp=0x37 span=1947x1090 at(-140,1703)
[BIGPRIM] code=0x3a tp=0xa span=1020x770 at(130,-25)
[BIGPRIM] code=0x3c tp=0x37 span=2133x1469 at(1096,1266)
[BIGPRIM] code=0x3c tp=0x37 span=1881x1501 at(808,-1819)
[BIGPRIM] code=0x3c tp=0x37 span=1059x1399 at(-38,761)
[BIGPRIM] code=0x3c tp=0x37 span=885x759 at(982,-787)
[BIGPRIM] code=0x3c tp=0x37 span=1122x662 at(-917,-954)
[BIGPRIM] code=0x3c tp=0x37 span=30x965 at(484,-1787)
[BIGPRIM] code=0x3c tp=0x37 span=33x1048 at(424,-1870)
[BIGPRIM] code=0x3c tp=0x37 span=960x1058 at(103,748)
[BIGPRIM] code=0x3a tp=0xa span=1020x770 at(130,-25)
[BIGPRIM] code=0x3c tp=0x37 span=1875x1511 at(1012,-1877)
[BIGPRIM] code=0x3c tp=0x2c span=966x765 at(2485,-1112)
[BIGPRIM] code=0x3c tp=0x37 span=1110x733 at(913,716)
[BIGPRIM] code=0x3c tp=0x2c span=1128x1041 at(2449,-887)
[BIGPRIM] code=0x3a tp=0xa span=1020x770 at(130,-25)
[BIGPRIM] code=0x3c tp=0x37 span=1944x1601 at(1081,-1941)
[BIGPRIM] code=0x3c tp=0x37 span=1503x1610 at(-74,1022)
[BIGPRIM] code=0x3c tp=0x38 span=867x743 at(-605,822)
[BIGPRIM] code=0x3c tp=0x37 span=810x791 at(-137,-1096)
[BIGPRIM] code=0x3c tp=0x37 span=1131x1279 at(-569,765)
[BIGPRIM] code=0x3c tp=0x37 span=1014x913 at(-470,732)
[BIGPRIM] code=0x3c tp=0x37 span=1851x1460 at(1066,-1877)
[BIGPRIM] code=0x3a tp=0xa span=1020x770 at(130,-25)
[BIGPRIM] code=0x3c tp=0x37 span=855x736 at(895,-925)
[BIGPRIM] code=0x3c tp=0x37 span=1527x1388 at(-80,1353)
[BIGPRIM] code=0x3c tp=0x37 span=1905x1575 at(988,-1922)
[BIGPRIM] code=0x3c tp=0x37 span=1983x1562 at(-1592,1044)
[BIGPRIM] code=0x3c tp=0x37 span=2052x1536 at(979,1070)
[BIGPRIM] code=0x3c tp=0x37 span=1953x1546 at(-1574,1041)
[BIGPRIM] code=0x3c tp=0x37 span=1956x1553 at(-1574,1028)
[BIGPRIM] code=0x3c tp=0x37 span=1983x1579 at(-1580,989)
[BIGPRIM] code=0x3c tp=0x38 span=702x801 at(-494,970)
[BIGPRIM] code=0x3c tp=0x38 span=750x842 at(-497,1006)
[BIGPRIM] code=0x3c tp=0x38 span=699x810 at(-413,781)
[BIGPRIM] code=0x3c tp=0x37 span=1152x1009 at(-998,784)
[BIGPRIM] code=0x3c tp=0x37 span=1929x659 at(-56,-1928)
[BIGPRIM] code=0x3c tp=0x37 span=1386x1511 at(493,-1928)
[BIGPRIM] code=0x3a tp=0xa span=1020x770 at(130,-25)
[BIGPRIM] code=0x3c tp=0x37 span=18x971 at(907,-1742)
[BIGPRIM] code=0x3c tp=0x37 span=1941x508 at(-548,2510)
[BIGPRIM] code=0x3c tp=0x37 span=978x90 at(-818,-803)
[BIGPRIM] code=0x3c tp=0x38 span=1389x742 at(-1217,485)
[BIGPRIM] code=0x3c tp=0x37 span=1020x148 at(-866,-861)
[BIGPRIM] code=0x3c tp=0x37 span=981x70 at(76,-777)
[BIGPRIM] code=0x3c tp=0x37 span=993x32 at(-2,-758)
[BIGPRIM] code=0x3c tp=0x37 span=1005x38 at(22,-867)
[BIGPRIM] code=0x3c tp=0x37 span=1527x1408 at(106,-2166)
[BIGPRIM] code=0x3c tp=0x37 span=1866x1507 at(1105,-2108)
[BIGPRIM] code=0x3c tp=0x37 span=993x58 at(22,-797)
[BIGPRIM] code=0x3c tp=0x37 span=24x887 at(781,-1722)
[BIGPRIM] code=0x3c tp=0x37 span=1584x1212 at(-1142,-1986)
[BIGPRIM] code=0x3c tp=0x37 span=1398x1202 at(985,-1838)
[BIGPRIM] code=0x3c tp=0x37 span=1086x511 at(-905,-996)
[BIGPRIM] code=0x3c tp=0x37 span=1395x1340 at(556,-2018)
[BIGPRIM] code=0x3c tp=0x37 span=1509x1283 at(-692,-2031)
[BIGPRIM] code=0x3c tp=0x37 span=1524x1436 at(793,-2082)
[BIGPRIM] code=0x3c tp=0x37 span=1881x1617 at(1006,-2115)
[BIGPRIM] code=0x3c tp=0x37 span=993x13 at(-32,-803)
[BIGPRIM] code=0x3c tp=0x37 span=1791x1475 at(-1373,784)
[BIGPRIM] code=0x3c tp=0x37 span=993x32 at(-80,-797)
[BIGPRIM] code=0x3c tp=0x37 span=1011x225 at(-116,-887)
[BIGPRIM] code=0x3c tp=0x37 span=1785x987 at(-8,2121)
[BIGPRIM] code=0x3a tp=0xa span=1020x770 at(130,-25)
[SH-XBOX] vblank 18600
[MEM] tick: free=2488KB (622 pages)
[BIGPRIM] code=0x3c tp=0x37 span=963x103 at(-170,-784)
[BIGPRIM] code=0x3c tp=0x37 span=1245x382 at(1117,-379)
[BIGPRIM] code=0x3a tp=0xa span=1020x770 at(130,-25)
[BIGPRIM] code=0x3a tp=0xa span=1020x770 at(130,-25)
[BIGPRIM] code=0x3c tp=0x2c span=984x667 at(1315,-504)
[BIGPRIM] code=0x3c tp=0x37 span=690x1295 at(355,-1513)
[BIGPRIM] code=0x3c tp=0x2c span=894x822 at(1687,-765)
[BIGPRIM] code=0x3c tp=0x37 span=24x945 at(448,-1748)
[BIGPRIM] code=0x3c tp=0x37 span=1224x1495 at(775,729)
[BIGPRIM] code=0x3c tp=0x37 span=1068x768 at(1117,-883)
[VRAM] out of slots -> GPU drain #833 (alloc=49 worstPerFrame=1)
[BIGPRIM] code=0x3c tp=0x37 span=24x932 at(685,-1761)
[BIGPRIM] code=0x3c tp=0x38 span=954x907 at(-803,774)
[BIGPRIM] code=0x3a tp=0xa span=1020x770 at(130,-25)
[BIGPRIM] code=0x3c tp=0x37 span=993x38 at(16,-835)
[BIGPRIM] code=0x3c tp=0x37 span=1953x1292 at(-1568,-2172)
[BIGPRIM] code=0x3c tp=0x38 span=933x884 at(-785,726)
[BIGPRIM] code=0x3c tp=0x37 span=999x205 at(-62,-867)
[BIGPRIM] code=0x3c tp=0x37 span=48x724 at(766,-1112)
[BIGPRIM] code=0x3c tp=0x37 span=1386x1231 at(961,-1870)
[BIGPRIM] code=0x3c tp=0x37 span=60x723 at(769,-1047)
[BIGPRIM] code=0x3c tp=0x37 span=1536x1224 at(-1064,-1992)
[BIGPRIM] code=0x3c tp=0x37 span=1107x514 at(-941,-999)
[BIGPRIM] code=0x3c tp=0x37 span=1512x1234 at(-1028,-1999)
[BIGPRIM] code=0x3c tp=0x37 span=24x745 at(670,-1076)
[BIGPRIM] code=0x3a tp=0xa span=1020x770 at(130,-25)
[BIGPRIM] code=0x3c tp=0x37 span=1998x1103 at(-1838,-1922)
[BIGPRIM] code=0x3c tp=0x37 span=1509x1299 at(-620,-2044)
[BIGPRIM] code=0x3c tp=0x37 span=1122x517 at(-962,-1002)
[BIGPRIM] code=0x3c tp=0x37 span=1047x1343 at(394,-2053)
[BIGPRIM] code=0x3c tp=0x37 span=1875x1141 at(-1622,-1947)
[BIGPRIM] code=0x3a tp=0xa span=1020x770 at(130,-25)
[BIGPRIM] code=0x3c tp=0x38 span=1179x405 at(-977,504)
[BIGPRIM] code=0x3c tp=0x37 span=1059x1263 at(-392,-2018)
[BIGPRIM] code=0x3c tp=0x37 span=1059x1356 at(208,-2076)
[BIGPRIM] code=0x3c tp=0x37 span=1509x1269 at(-800,-2024)
[BIGPRIM] code=0x3c tp=0x38 span=1386x418 at(-1229,739)
[BIGPRIM] code=0x3c tp=0x37 span=1314x1373 at(832,-2031)
[BIGPRIM] code=0x3c tp=0x37 span=1107x514 at(-941,-999)
[BIGPRIM] code=0x3c tp=0x37 span=1941x1118 at(-1742,-1934)
[BIGPRIM] code=0x3c tp=0x37 span=30x900 at(697,-1825)
[BIGPRIM] code=0x3c tp=0x37 span=24x919 at(757,-1819)
[BIGPRIM] code=0x3c tp=0x37 span=1770x286 at(-1574,-1719)
[BIGPRIM] code=0x3c tp=0x37 span=1011x180 at(-8,-816)
[BIGPRIM] code=0x3c tp=0x37 span=1923x1508 at(1060,1182)
[BIGPRIM] code=0x3c tp=0x37 span=1527x1450 at(-92,1266)
[BIGPRIM] code=0x3c tp=0x37 span=1239x878 at(847,761)
[BIGPRIM] code=0x3c tp=0x37 span=1503x1016 at(-110,-1819)
[BIGPRIM] code=0x3c tp=0x37 span=1467x1122 at(-152,-1864)
[BIGPRIM] code=0x3c tp=0x37 span=1683x1543 at(34,1250)
[BIGPRIM] code=0x3c tp=0x37 span=1383x1071 at(-1055,729)
[BIGPRIM] code=0x3a tp=0xa span=1020x770 at(130,-25)
[BIGPRIM] code=0x3c tp=0x37 span=1614x1295 at(-1367,726)
[BIGPRIM] code=0x3c tp=0x37 span=2010x1524 at(-1856,1327)
[BIGPRIM] code=0x3c tp=0x37 span=1962x1315 at(703,-1716)
[BIGPRIM] code=0x3c tp=0x37 span=2118x1488 at(-1934,1401)
[BIGPRIM] code=0x3c tp=0x37 span=2127x1000 at(184,2024)
[BIGPRIM] code=0x3c tp=0x37 span=2115x617 at(-1118,2658)
[BIGPRIM] code=0x3c tp=0x37 span=933x1295 at(682,691)
[BIGPRIM] code=0x3c tp=0x37 span=1902x1151 at(829,-1684)
[BIGPRIM] code=0x3a tp=0xa span=1020x770 at(130,-25)
[VRAM] decode #8704
[BIGPRIM] code=0x3c tp=0x37 span=1377x1411 at(-452,-1986)
[BIGPRIM] code=0x3c tp=0x37 span=1824x1083 at(949,-1732)
[BIGPRIM] code=0x3c tp=0x37 span=1926x707 at(-1418,2581)
[BIGPRIM] code=0x3c tp=0x37 span=1173x1385 at(772,710)
[BIGPRIM] code=0x3c tp=0x37 span=1008x601 at(-758,-983)
[BIGPRIM] code=0x3c tp=0x37 span=1017x96 at(-224,-861)
[BIGPRIM] code=0x3c tp=0x37 span=1500x1466 at(-254,-2102)
[CHNK] n=4 s0=-3,6,st2 s1=0,6,st3 s2=-3,5,st2 s3=-1,6,st3
[BIGPRIM] code=0x3c tp=0x38 span=726x929 at(-569,925)
[BIGPRIM] code=0x3c tp=0x37 span=1728x1450 at(886,774)
[BIGPRIM] code=0x3c tp=0x37 span=1950x1199 at(-1706,-2127)
[BIGPRIM] code=0x3a tp=0xa span=1020x770 at(130,-25)
[BIGPRIM] code=0x3c tp=0x37 span=30x887 at(604,-1735)
[BIGPRIM] code=0x3c tp=0x38 span=1035x337 at(-455,675)
[BIGPRIM] code=0x3c tp=0x38 span=1023x334 at(-428,675)
[BIGPRIM] code=0x3c tp=0x38 span=1062x344 at(-551,684)
[BIGPRIM] code=0x3c tp=0x37 span=9x761 at(601,-1092)
[BIGPRIM] code=0x3c tp=0x37 span=1257x1408 at(754,-2076)
[BIGPRIM] code=0x3c tp=0x37 span=912x1579 at(1066,-1742)
[BIGPRIM] code=0x3c tp=0x37 span=1251x1395 at(736,-2070)
[BIGPRIM] code=0x3c tp=0x38 span=1050x383 at(-740,491)
[BIGPRIM] code=0x3c tp=0x37 span=1509x1341 at(-332,-2070)
[BIGPRIM] code=0x3c tp=0x38 span=1023x373 at(-692,491)
[BIGPRIM] code=0x3c tp=0x37 span=1272x1411 at(769,-2076)
[BIGPRIM] code=0x3c tp=0x37 span=924x1569 at(1078,-1732)
[BIGPRIM] code=0x3c tp=0x37 span=1509x1321 at(-470,-2057)
[BIGPRIM] code=0x3c tp=0x37 span=1509x1302 at(-608,-2044)
[BIGPRIM] code=0x3a tp=0xa span=1020x770 at(130,-25)
[BIGPRIM] code=0x3c tp=0x37 span=1509x1314 at(-494,-2050)
[BIGPRIM] code=0x3c tp=0x37 span=1275x1411 at(772,-2076)
[BIGPRIM] code=0x3c tp=0x37 span=1848x1144 at(-1580,-1947)
[BIGPRIM] code=0x3c tp=0x37 span=15x755 at(622,-1089)
[BIGPRIM] code=0x3c tp=0x37 span=1488x1324 at(-8,-2037)
[BIGPRIM] code=0x3c tp=0x38 span=1173x370 at(-788,703)
[BIGPRIM] code=0x3c tp=0x37 span=1821x1147 at(-1538,-1947)
[BIGPRIM] code=0x3c tp=0x37 span=993x1508 at(1129,-1671)
[BIGPRIM] code=0x3a tp=0xa span=1020x770 at(130,-25)
[BIGPRIM] code=0x3c tp=0x37 span=1989x1103 at(-1826,-1922)
[BIGPRIM] code=0x3c tp=0x37 span=963x486 at(-698,-961)
[BIGPRIM] code=0x3c tp=0x37 span=1179x1360 at(646,-2044)
[BIGPRIM] code=0x3c tp=0x37 span=117x820 at(283,-1173)
[BIGPRIM] code=0x3c tp=0x37 span=1509x1302 at(-590,-2044)
[BIGPRIM] code=0x3a tp=0xa span=1020x770 at(130,-25)
[BIGPRIM] code=0x3c tp=0x37 span=978x151 at(1018,-305)
[BIGPRIM] code=0x3c tp=0x37 span=993x492 at(-749,-970)
[BIGPRIM] code=0x3c tp=0x38 span=1155x402 at(-938,501)
[BIGPRIM] code=0x3a tp=0xa span=1020x770 at(130,-25)
[BIGPRIM] code=0x3c tp=0x38 span=969x366 at(-587,485)
[BIGPRIM] code=0x3c tp=0x37 span=1374x1334 at(532,-2012)
[BIGPRIM] code=0x3c tp=0x38 span=1245x383 at(-938,716)
[BIGPRIM] code=0x3c tp=0x37 span=993x13 at(-26,-842)
[BIGPRIM] code=0x3c tp=0x37 span=1359x1382 at(-809,-1934)
[BIGPRIM] code=0x3c tp=0x37 span=24x945 at(841,-1748)
[BIGPRIM] code=0x3c tp=0x37 span=24x951 at(835,-1716)
[BIGPRIM] code=0x3c tp=0x37 span=963x90 at(94,-745)
[BIGPRIM] code=0x3c tp=0x37 span=1881x579 at(-560,2606)
[BIGPRIM] code=0x3c tp=0x37 span=1698x1279 at(961,771)
[BIGPRIM] code=0x3c tp=0x37 span=1887x891 at(-1562,-1787)
[BIGPRIM] code=0x3c tp=0x37 span=1131x1231 at(67,790)
[BIGPRIM] code=0x3c tp=0x37 span=924x852 at(739,697)
[BIGPRIM] code=0x3c tp=0x37 span=795x746 at(688,668)
[BIGPRIM] code=0x3c tp=0x37 span=1284x1630 at(655,-1883)
[BIGPRIM] code=0x3c tp=0x37 span=2034x755 at(-1634,2205)
[BIGPRIM] code=0x3c tp=0x37 span=1080x1626 at(-218,755)
[BIGPRIM] code=0x3c tp=0x37 span=1059x153 at(1039,-51)
[BIGPRIM] code=0x3c tp=0x37 span=1722x1260 at(-611,-1857)
[BIGPRIM] code=0x3c tp=0x37 span=951x807 at(1042,829)
[BIGPRIM] code=0x3a tp=0xa span=1020x770 at(130,-25)
[BIGPRIM] code=0x3c tp=0x37 span=2163x1543 at(-542,1173)
[BIGPRIM] code=0x3c tp=0x2c span=2262x1503 at(2578,-1015)
[BIGPRIM] code=0x3c tp=0x37 span=2085x1211 at(238,1575)
[BIGPRIM] code=0x3c tp=0x37 span=735x993 at(316,736)
[BIGPRIM] code=0x3c tp=0x2c span=864x739 at(3277,-1057)
[BIGPRIM] code=0x3c tp=0x37 span=1926x752 at(-1622,-1902)
[BIGPRIM] code=0x3c tp=0x37 span=1593x1421 at(-8,1327)
[BIGPRIM] code=0x3c tp=0x37 span=1164x1231 at(-842,-1404)
[BIGPRIM] code=0x3c tp=0x2c span=1170x796 at(3124,-475)
[BIGPRIM] code=0x3c tp=0x37 span=1482x1508 at(823,-1877)
[GP-STATE-TXN] Gameplay -> sysState=7 (param=67)
[BIGPRIM] code=0x3c tp=0x37 span=1872x431 at(-1346,2600)
[BIGPRIM] code=0x3c tp=0x37 span=969x64 at(-176,-668)
[BIGPRIM] code=0x3c tp=0x37 span=687x740 at(160,700)
[BIGPRIM] code=0x3c tp=0x2c span=990x834 at(2842,-687)
[BIGPRIM] code=0x3c tp=0x37 span=1833x437 at(-1082,2619)
[BIGPRIM] code=0x3c tp=0x37 span=1266x1125 at(841,768)
[BIGPRIM] code=0x3c tp=0x2c span=930x783 at(2716,-636)
[BIGPRIM] code=0x3a tp=0xa span=1020x770 at(130,-25)
[BIGPRIM] code=0x3c tp=0x37 span=975x58 at(40,-649)
[BIGPRIM] code=0x3c tp=0x37 span=1803x437 at(-920,2632)
[BIGPRIM] code=0x3c tp=0x37 span=1506x1321 at(895,1452)
[BIGPRIM] code=0x3c tp=0x37 span=1545x1491 at(-602,1218)
[BIGPRIM] code=0x3c tp=0x37 span=1536x1488 at(-590,1221)
[BIGPRIM] code=0x3c tp=0x37 span=1779x438 at(-848,2638)
[BIGPRIM] code=0x3a tp=0xa span=1020x770 at(130,-25)
[BIGPRIM] code=0x3c tp=0x37 span=1767x1469 at(946,-1864)
[BIGPRIM] code=0x3c tp=0x37 span=1233x1013 at(841,758)
[BIGPRIM] code=0x3a tp=0xa span=1020x770 at(130,-25)
[BIGPRIM] code=0x3c tp=0x37 span=738x749 at(223,710)
[BIGPRIM] code=0x3c tp=0x37 span=1011x617 at(925,-620)
[BIGPRIM] code=0x3c tp=0x2c span=792x733 at(3313,-774)
[BIGPRIM] code=0x3c tp=0x2c span=1710x1466 at(2854,-2356)
[BIGPRIM] code=0x3c tp=0x37 span=636x845 at(334,675)
[BIGPRIM] code=0x3c tp=0x37 span=1956x1238 at(1102,-1279)
[BIGPRIM] code=0x3c tp=0x37 span=615x749 at(352,633)
[BIGPRIM] code=0x3c tp=0x37 span=2133x598 at(-968,2600)
[BIGPRIM] code=0x3c tp=0x37 span=2142x1090 at(769,1941)
[BIGPRIM] code=0x3c tp=0x37 span=798x723 at(766,-755)
[BIGPRIM] code=0x3c tp=0x37 span=2169x1511 at(100,1423)
[RA] watch 84008: state=2 unlocked=1786116799 flags[4B4]=00 flags[4A1]=00 word4=0x00000000 setbits=29 map=1/36
[BIGPRIM] code=0x3c tp=0x37 span=2163x623 at(-1322,2536)
[BIGPRIM] code=0x3c tp=0x37 span=1362x1227 at(-608,-1812)
[BIGPRIM] code=0x3c tp=0x37 span=636x881 at(562,-1022)
[BIGPRIM] code=0x3c tp=0x37 span=1485x1077 at(-116,-1819)
[BIGPRIM] code=0x3c tp=0x37 span=1515x1370 at(82,1378)
[BIGPRIM] code=0x3c tp=0x37 span=2034x1421 at(1021,1224)
[BIGPRIM] code=0x3c tp=0x37 span=1848x1334 at(-1421,-1748)
[BIGPRIM] code=0x3c tp=0x37 span=993x129 at(-38,-752)
[BIGPRIM] code=0x3c tp=0x37 span=1272x990 at(-773,-1321)
[BIGPRIM] code=0x3c tp=0x37 span=1029x650 at(895,745)
[BIGPRIM] code=0x3c tp=0x37 span=1209x807 at(925,768)
[BIGPRIM] code=0x3c tp=0x37 span=1803x476 at(-1628,-1697)
[BIGPRIM] code=0x3c tp=0x37 span=1974x1433 at(-1484,-1870)
[BIGPRIM] code=0x3c tp=0x37 span=2094x1572 at(955,957)
[SH-XBOX] vblank 19200
[MEM] tick: free=2488KB (622 pages)
[BIGPRIM] code=0x3a tp=0xa span=1020x770 at(130,-25)
[BIGPRIM] code=0x3c tp=0x38 span=1113x357 at(-956,494)
[BIGPRIM] code=0x3c tp=0x37 span=531x739 at(-317,-675)
[BIGPRIM] code=0x3c tp=0x37 span=2004x1543 at(-1568,1025)
[BIGPRIM] code=0x3c tp=0x37 span=1809x530 at(-1598,-1671)
[BIGPRIM] code=0x3c tp=0x37 span=1527x1276 at(-92,1401)
[BIGPRIM] code=0x3c tp=0x37 span=1788x1302 at(934,858)
[BIGPRIM] code=0x3c tp=0x37 span=1236x1086 at(-728,832)
[BIGPRIM] code=0x3c tp=0x2c span=1194x1099 at(2500,-887)
[BIGPRIM] code=0x3c tp=0x2c span=1146x912 at(2812,-1288)
[BIGPRIM] code=0x3c tp=0x2c span=1422x944 at(2755,-594)
[BIGPRIM] code=0x3c tp=0x2c span=1050x886 at(1672,-726)
[BIGPRIM] code=0x3c tp=0x2c span=1404x1297 at(2821,-1089)
[BIGPRIM] code=0x3c tp=0x37 span=1530x1064 at(991,-1253)
[BIGPRIM] code=0x3c tp=0x37 span=2046x1594 at(-1562,967)
[BIGPRIM] code=0x3c tp=0x37 span=2157x296 at(490,3352)
[BIGPRIM] code=0x3c tp=0x37 span=2157x296 at(490,3352)
[BIGPRIM] code=0x3c tp=0x37 span=1566x270 at(-1406,-665)
[BIGPRIM] code=0x3c tp=0x37 span=129x1270 at(664,-1613)
[BIGPRIM] code=0x3c tp=0x37 span=24x797 at(292,-1465)
[BIGPRIM] code=0x3c tp=0x37 span=1368x350 at(-1064,-726)
[BIGPRIM] code=0x3c tp=0x37 span=1593x752 at(-1442,556)
[BIGPRIM] code=0x3c tp=0x37 span=858x919 at(-620,736)
[BIGPRIM] code=0x3c tp=0x37 span=1329x447 at(-956,-810)
[BIGPRIM] code=0x3c tp=0x38 span=1578x1174 at(-1424,642)
[BIGPRIM] code=0x3c tp=0x37 span=2160x624 at(835,3024)
[BIGPRIM] code=0x3c tp=0x37 span=1341x694 at(-1139,517)
[BIGPRIM] code=0x3c tp=0x37 span=627x787 at(286,540)
[BIGPRIM] code=0x3c tp=0x37 span=141x961 at(742,-1282)
[BIGPRIM] code=0x3c tp=0x38 span=1533x1173 at(-1370,456)
[BIGPRIM] code=0x3c tp=0x38 span=921x1209 at(-605,999)
[BIGPRIM] code=0x3c tp=0x38 span=399x797 at(-8,1256)
[BIGPRIM] code=0x3c tp=0x37 span=2157x489 at(-1256,3159)
[BIGPRIM] code=0x3a tp=0xa span=1020x770 at(130,-25)
[BIGPRIM] code=0x3c tp=0x37 span=1161x428 at(-734,-781)
[BIGPRIM] code=0x3c tp=0x37 span=1869x1148 at(490,-2372)
[GP-STATE-TXN] Gameplay -> sysState=10 (param=2)
[BIGPRIM] code=0x3c tp=0x37 span=717x775 at(-410,687)
[SYSSTATE] dispatch sysState=10 mapEventData=0x5968f4
[ITEMPICK] unique-item link: id=0x41 nobj=1 obj=ok
[ITEMPICK] unique-item link: id=0x41 nobj=1 obj=ok
[ITEMPICK] draw SKIPPED: slot=9 reason=scale 0 (arg2=2)
[FREEZE] capture 1280x720 in 165ms
[ITEMZ] tagged=60 hit=60 szmin=1647 szmax=2073 otzSpan=1920
[ZETA] wrote=0/6 min=16777215 max=0 fedZ=838860 bbox=595,360..682,527 raw=FFFFFF00 FFFFFF00 FFFFFF00 FFFFFF00 FFFFFF00 FFFFFF00
[ITEMZ] tagged=56 hit=56 szmin=1759 szmax=1893 otzSpan=1920
[ZETA] wrote=0/6 min=16777215 max=0 fedZ=838860 bbox=547,347..739,527 raw=FFFFFF00 FFFFFF00 FFFFFF00 FFFFFF00 FFFFFF00 FFFFFF00
[ITEMZ] tagged=59 hit=59 szmin=1619 szmax=1923 otzSpan=1920
[ZETA] wrote=0/6 min=16777215 max=0 fedZ=901775 bbox=586,340..688,520 raw=FFFFFF00 FFFFFF00 FFFFFF00 FFFFFF00 FFFFFF00 FFFFFF00
[SFX] Sd_PlaySfx: sfxId=1307 (Sfx_Base+27) vol=64
[BIGPRIM] code=0x3c tp=0x38 span=1557x1148 at(-1340,597)
[BIGPRIM] code=0x3c tp=0x38 span=441x806 at(-110,1170)
[BIGPRIM] code=0x3c tp=0x37 span=2160x929 at(919,2719)
[BIGPRIM] code=0x3c tp=0x37 span=24x797 at(592,-1703)
[BIGPRIM] code=0x3c tp=0x37 span=1224x669 at(-995,494)
[BIGPRIM] code=0x3c tp=0x37 span=609x742 at(313,527)
[BIGPRIM] code=0x3c tp=0x37 span=141x925 at(754,-1243)
[BIGPRIM] code=0x3c tp=0x38 span=1524x1151 at(-1328,446)
[BIGPRIM] code=0x3c tp=0x38 span=861x1212 at(-512,964)
[BIGPRIM] code=0x3c tp=0x38 span=396x813 at(22,1215)
[BIGPRIM] code=0x3c tp=0x37 span=2157x508 at(-1232,3140)
[BIGPRIM] code=0x3a tp=0xa span=1020x770 at(130,-25)
[BIGPRIM] code=0x3c tp=0x37 span=1113x408 at(-674,-758)
[BIGPRIM] code=0x3c tp=0x37 span=1866x1177 at(511,-2385)
[BIGPRIM] code=0x3c tp=0x37 span=705x765 at(-392,681)
[BIGPRIM] code=0x3c tp=0x38 span=1548x1131 at(-1322,591)
[BIGPRIM] code=0x3c tp=0x38 span=441x813 at(-98,1150)
[BIGPRIM] code=0x3c tp=0x37 span=2160x974 at(931,2674)
[BIGPRIM] code=0x3c tp=0x37 span=24x798 at(598,-1710)
[BIGPRIM] code=0x3c tp=0x37 span=1206x659 at(-974,494)
[BIGPRIM] code=0x3c tp=0x37 span=612x739 at(313,527)
[BIGPRIM] code=0x3c tp=0x37 span=144x929 at(754,-1247)
[BIGPRIM] code=0x3c tp=0x38 span=1521x1148 at(-1322,443)
[BIGPRIM] code=0x3c tp=0x38 span=858x1208 at(-506,961)
[BIGPRIM] code=0x3c tp=0x38 span=396x813 at(28,1208)
[BIGPRIM] code=0x3c tp=0x37 span=2157x515 at(-1226,3133)
[BIGPRIM] code=0x3a tp=0xa span=1020x770 at(130,-25)
[BIGPRIM] code=0x3c tp=0x37 span=1113x408 at(-674,-758)
[BIGPRIM] code=0x3c tp=0x37 span=1866x1177 at(511,-2385)
[BIGPRIM] code=0x3c tp=0x37 span=705x765 at(-392,681)
[BIGPRIM] code=0x3c tp=0x38 span=1548x1131 at(-1322,591)
[BIGPRIM] code=0x3c tp=0x38 span=441x813 at(-98,1150)
[BIGPRIM] code=0x3c tp=0x37 span=2160x974 at(931,2674)
[BIGPRIM] code=0x3c tp=0x37 span=24x798 at(598,-1710)
[BIGPRIM] code=0x3c tp=0x37 span=1206x659 at(-974,494)
[BIGPRIM] code=0x3c tp=0x37 span=612x739 at(313,527)
[BIGPRIM] code=0x3c tp=0x37 span=144x929 at(754,-1247)
[BIGPRIM] code=0x3c tp=0x38 span=1521x1148 at(-1322,443)
[BIGPRIM] code=0x3c tp=0x38 span=858x1208 at(-506,961)
[BIGPRIM] code=0x3c tp=0x38 span=396x813 at(28,1208)
[BIGPRIM] code=0x3c tp=0x37 span=2157x515 at(-1226,3133)
[BIGPRIM] code=0x3a tp=0xa span=1020x770 at(130,-25)
[BIGPRIM] code=0x3c tp=0x37 span=1113x408 at(-674,-758)
[BIGPRIM] code=0x3c tp=0x37 span=1866x1177 at(511,-2385)
[BIGPRIM] code=0x3c tp=0x37 span=705x765 at(-392,681)
[BIGPRIM] code=0x3c tp=0x38 span=1548x1131 at(-1322,591)
[BIGPRIM] code=0x3c tp=0x38 span=441x813 at(-98,1150)
[BIGPRIM] code=0x3c tp=0x37 span=2160x974 at(931,2674)
[BIGPRIM] code=0x3c tp=0x37 span=24x798 at(598,-1710)
[BIGPRIM] code=0x3c tp=0x37 span=1206x659 at(-974,494)
[BIGPRIM] code=0x3c tp=0x37 span=612x739 at(313,527)
[BIGPRIM] code=0x3c tp=0x37 span=144x929 at(754,-1247)
[BIGPRIM] code=0x3c tp=0x38 span=1521x1148 at(-1322,443)
[BIGPRIM] code=0x3c tp=0x38 span=858x1208 at(-506,961)
[BIGPRIM] code=0x3c tp=0x38 span=396x813 at(28,1208)
[BIGPRIM] code=0x3c tp=0x37 span=2157x515 at(-1226,3133)
[BIGPRIM] code=0x3a tp=0xa span=1020x770 at(130,-25)
[BIGPRIM] code=0x3c tp=0x37 span=1113x408 at(-674,-758)
[BIGPRIM] code=0x3c tp=0x37 span=1866x1177 at(511,-2385)
[BIGPRIM] code=0x3c tp=0x37 span=705x765 at(-392,681)
[BIGPRIM] code=0x3c tp=0x38 span=1548x1131 at(-1322,591)
[BIGPRIM] code=0x3c tp=0x38 span=441x813 at(-98,1150)
[BIGPRIM] code=0x3c tp=0x37 span=2160x974 at(931,2674)
[BIGPRIM] code=0x3c tp=0x37 span=24x798 at(598,-1710)
[BIGPRIM] code=0x3c tp=0x37 span=1206x659 at(-974,494)
[BIGPRIM] code=0x3c tp=0x37 span=612x739 at(313,527)
[CHNK] n=4 s0=-3,6,st2 s1=0,6,st3 s2=-3,5,st2 s3=-1,6,st3
[BIGPRIM] code=0x3c tp=0x37 span=144x929 at(754,-1247)
[GP-STATE-TXN] Gameplay -> sysState=10 (param=7)
[ITEMPICK] unique-item link: id=0x41 nobj=1 obj=ok
[ITEMPICK] unique-item link: id=0x41 nobj=1 obj=ok
[BIGPRIM] code=0x3c tp=0x38 span=1521x1147 at(-1322,379)
[ITEMPICK] draw SKIPPED: slot=9 reason=scale 0 (arg2=2)
[FREEZE] capture 1280x720 in 164ms
[ITEMZ] tagged=70 hit=70 szmin=1713 szmax=1976 otzSpan=1920
[ZETA] wrote=0/6 min=16777215 max=0 fedZ=838860 bbox=604,366..667,504 raw=FFFFFF00 FFFFFF00 FFFFFF00 FFFFFF00 FFFFFF00 FFFFFF00
[ITEMZ] tagged=67 hit=67 szmin=1747 szmax=1983 otzSpan=1920
[ZETA] wrote=0/6 min=16777215 max=0 fedZ=1130120 bbox=544,327..742,536 raw=FFFFFF00 FFFFFF00 FFFFFF00 FFFFFF00 FFFFFF00 FFFFFF00
[ITEMZ] tagged=71 hit=71 szmin=1609 szmax=1945 otzSpan=1920
[ZETA] wrote=0/6 min=16777215 max=0 fedZ=905799 bbox=595,321..688,520 raw=FFFFFF00 FFFFFF00 FFFFFF00 FFFFFF00 FFFFFF00 FFFFFF00
[SFX] Sd_PlaySfx: sfxId=1307 (Sfx_Base+27) vol=64
[BIGPRIM] code=0x3c tp=0x38 span=858x1208 at(-506,961)
[BIGPRIM] code=0x3c tp=0x38 span=396x813 at(28,1208)
[BIGPRIM] code=0x3c tp=0x37 span=2157x515 at(-1226,3133)
[BIGPRIM] code=0x3a tp=0xa span=1020x770 at(130,-25)
[BIGPRIM] code=0x3c tp=0x37 span=1113x408 at(-674,-758)
[BIGPRIM] code=0x3c tp=0x37 span=1866x1177 at(511,-2385)
[BIGPRIM] code=0x3c tp=0x37 span=705x765 at(-392,681)
[BIGPRIM] code=0x3c tp=0x38 span=1548x1131 at(-1322,591)
[BIGPRIM] code=0x3c tp=0x38 span=441x813 at(-98,1150)
[BIGPRIM] code=0x3c tp=0x37 span=2160x974 at(931,2674)
[BIGPRIM] code=0x3c tp=0x37 span=24x798 at(598,-1710)
[BIGPRIM] code=0x3c tp=0x37 span=1206x659 at(-974,494)
[BIGPRIM] code=0x3c tp=0x37 span=612x739 at(313,527)
[BIGPRIM] code=0x3c tp=0x37 span=144x929 at(754,-1247)
[BIGPRIM] code=0x3c tp=0x38 span=1521x1148 at(-1322,443)
[BIGPRIM] code=0x3c tp=0x38 span=858x1208 at(-506,961)
[BIGPRIM] code=0x3c tp=0x38 span=396x813 at(28,1208)
[BIGPRIM] code=0x3c tp=0x37 span=2157x515 at(-1226,3133)
[BIGPRIM] code=0x3a tp=0xa span=1020x770 at(130,-25)
[BIGPRIM] code=0x3c tp=0x37 span=1113x408 at(-674,-758)
[GP-STATE-TXN] Gameplay -> sysState=10 (param=8)
[BIGPRIM] code=0x3c tp=0x37 span=1866x1177 at(511,-2449)
[BIGPRIM] code=0x3c tp=0x37 span=705x765 at(-392,617)
[BIGPRIM] code=0x3c tp=0x38 span=1548x1131 at(-1322,527)
[BIGPRIM] code=0x3c tp=0x38 span=441x813 at(-98,1086)
[BIGPRIM] code=0x3c tp=0x37 span=2160x1038 at(931,2610)
[BIGPRIM] code=0x3c tp=0x37 span=24x797 at(598,-1774)
[BIGPRIM] code=0x3c tp=0x37 span=1206x659 at(-974,430)
[BIGPRIM] code=0x3c tp=0x37 span=612x740 at(313,462)
[BIGPRIM] code=0x3c tp=0x37 span=144x929 at(754,-1311)
[BIGPRIM] code=0x3c tp=0x38 span=1521x1147 at(-1322,379)
[FOGST-GPU] clear=0xff000000
[BOOT0/TIM] PostLoadTim file=1896 'MP_0TOWN.TIM' ss=0x8570 img.u=0 img.v=16 tPage=1,5 clutX=224 clutY=15
[BOOT0/TIM] post ReadTIM: prect=0xf99784 caddr=0xf99580 paddr=0xf9978c mode=9
[BOOT0/TIM] pre pixel LoadImage rect=(320,16 160x480)
[BOOT0/TIM] pre CLUT LoadImage rect=(224,15 256x1)
[BOOT0/TIM] PostLoadTim done
[POOLSTOMP] upload (320,16 160x480) hits PINNED pool slot 3 'THR0004F' (320,256)
[POOLSTOMP] upload (320,16 160x480) hits PINNED pool slot 4 'THRCF2' (384,256)
[POOLSTOMP] upload (320,16 160x480) hits PINNED pool slot 5 'THRCF1' (448,256)
[HIRES-WATCH] 0 -> 1 st=11 vbl=19697
[SH-XBOX] vblank 19800
[MEM] tick: free=2488KB (622 pages)
[SFX] Sd_PlaySfx: sfxId=1307 (Sfx_Base+27) vol=64
[HIRES-WATCH] 1 -> 0 st=11 vbl=19900
[CHARA-TEX] charaId=2 matCount=1 modelCount=16
[CHARA-TEX] mat[0] name='REBIRD' field_C=1 E=0x5c F=0x5c clut=0x742c UV=0x0000 tex=0
[CHARA-TEX] prim0: f0=0x2971(UV0) f2=0x74ac(clut) f4=0x1d6a(UV1) f6=0x005c(tpage) f8=0x2077(UV2) fA=0x0000(UV3)
[CHARA-TEX] texDesc: tPage=[0,28] u=0 v=0 clutXY=(704,464)
[MEM] dms-load: free=2488KB (622 pages)
[BIGPRIM] code=0x3c tp=0x38 span=1482x421 at(-26,668)
[BIGPRIM] code=0x3c tp=0x37 span=1302x845 at(1099,-1446)
[BIGPRIM] code=0x3c tp=0x37 span=1479x1379 at(136,-2288)
[FOGST-GPU] clear=0xff6c6474
[BIGPRIM] code=0x3c tp=0x37 span=1038x710 at(982,591)
[BIGPRIM] code=0x3c tp=0x37 span=1764x1170 at(1075,1038)
[BIGPRIM] code=0x3c tp=0x38 span=1482x421 at(-26,732)
[BIGPRIM] code=0x3c tp=0x37 span=1302x846 at(1099,-1382)
[BIGPRIM] code=0x3c tp=0x37 span=1479x1379 at(136,-2224)
[BIGPRIM] code=0x3c tp=0x37 span=1038x711 at(982,655)
[BIGPRIM] code=0x3c tp=0x37 span=1764x1170 at(1075,1102)
[BIGPRIM] code=0x3c tp=0x38 span=1482x421 at(-26,732)
[BIGPRIM] code=0x3c tp=0x37 span=1302x846 at(1099,-1382)
[BIGPRIM] code=0x3c tp=0x37 span=1479x1379 at(136,-2224)
[BIGPRIM] code=0x3c tp=0x37 span=1038x711 at(982,655)
[BIGPRIM] code=0x3c tp=0x37 span=1764x1170 at(1075,1102)
[BIGPRIM] code=0x3c tp=0x38 span=1482x421 at(-26,732)
[BIGPRIM] code=0x3c tp=0x37 span=1302x846 at(1099,-1382)
[BIGPRIM] code=0x3c tp=0x37 span=1479x1379 at(136,-2224)
[BIGPRIM] code=0x3c tp=0x37 span=1038x711 at(982,655)
[BIGPRIM] code=0x3c tp=0x37 span=2157x122 at(274,3526)
[BIGPRIM] code=0x3c tp=0x37 span=819x1164 at(796,623)
[BIGPRIM] code=0x3c tp=0x37 span=2157x219 at(394,3429)
[BIGPRIM] code=0x3c tp=0x37 span=2157x296 at(490,3352)
[BIGPRIM] code=0x3c tp=0x37 span=1413x251 at(-1184,-636)
[BIGPRIM] code=0x3c tp=0x37 span=690x967 at(184,585)
[BIGPRIM] code=0x3c tp=0x37 span=123x1106 at(703,-1440)
[BIGPRIM] code=0x3c tp=0x37 span=648x742 at(892,527)
[BIGPRIM] code=0x3c tp=0x37 span=2160x527 at(775,3121)
[BIGPRIM] code=0x3c tp=0x37 span=1881x1055 at(376,-2372)
[BIGPRIM] code=0x3c tp=0x38 span=393x733 at(-86,1378)
[BIGPRIM] code=0x3a tp=0xa span=1020x770 at(130,-25)
[BIGPRIM] code=0x3c tp=0x37 span=1881x1116 at(424,-2388)
[BIGPRIM] code=0x3c tp=0x38 span=1539x1182 at(-1394,466)
[BIGPRIM] code=0x3c tp=0x38 span=960x1209 at(-668,1018)
[BIGPRIM] code=0x3c tp=0x38 span=399x771 at(-44,1308)
[BIGPRIM] code=0x3a tp=0xa span=1020x770 at(130,-25)
[BIGPRIM] code=0x3c tp=0x37 span=1881x1083 at(388,-2378)
[BIGPRIM] code=0x3c tp=0x37 span=2160x540 at(787,3108)
[BIGPRIM] code=0x3c tp=0x37 span=1881x868 at(268,-2282)
[BIGPRIM] code=0x3c tp=0x37 span=1050x1116 at(-896,790)
[BIGPRIM] code=0x3c tp=0x37 span=1605x280 at(-1460,-678)
[BIGPRIM] code=0x3c tp=0x37 span=2157x238 at(418,3410)
[BIGPRIM] code=0x3c tp=0x38 span=957x720 at(-551,356)
[BIGPRIM] code=0x3c tp=0x38 span=1179x874 at(-839,382)
[BIGPRIM] code=0x3c tp=0x38 span=1440x912 at(-1139,540)
[BIGPRIM] code=0x3c tp=0x38 span=1533x1044 at(-1280,572)
[BIGPRIM] code=0x3c tp=0x36 span=693x752 at(976,562)
[BIGPRIM] code=0x3c tp=0x38 span=1521x1145 at(-1322,446)
[BIGPRIM] code=0x3c tp=0x37 span=1077x479 at(574,-813)
[BIGPRIM] code=0x3c tp=0x37 span=711x769 at(-401,687)
[GP-STATE-TXN] Gameplay -> sysState=8 (param=1)
[BIGPRIM] code=0x3c tp=0x37 span=615x755 at(304,530)
[SYSSTATE] dispatch sysState=8 mapEventData=0x5969b4
[BIGPRIM] code=0x3c tp=0x37 span=1188x431 at(-755,-848)
[BIGPRIM] code=0x3c tp=0x37 span=1287x685 at(-1076,443)
[BIGPRIM] code=0x3a tp=0xa span=1020x770 at(130,-25)
[BIGPRIM] code=0x3c tp=0x37 span=2157x521 at(-1298,3127)
[BIGPRIM] code=0x3a tp=0xa span=1020x770 at(130,-25)
[BIGPRIM] code=0x3c tp=0x37 span=1326x469 at(-926,-893)
[BIGPRIM] code=0x3c tp=0x37 span=789x852 at(-521,649)
[BIGPRIM] code=0x3c tp=0x36 span=774x909 at(946,543)
[BIGPRIM] code=0x3c tp=0x36 span=771x909 at(943,543)
[BIGPRIM] code=0x3c tp=0x37 span=1059x421 at(514,-829)
[BIGPRIM] code=0x3c tp=0x37 span=801x865 at(-539,655)
[BIGPRIM] code=0x3c tp=0x37 span=807x868 at(-548,655)
[BIGPRIM] code=0x3c tp=0x36 span=783x929 at(943,546)
[BIGPRIM] code=0x3c tp=0x37 span=2157x476 at(-1352,3172)
[BIGPRIM] code=0x3c tp=0x37 span=1383x578 at(1132,-173)
[BIGPRIM] code=0x3c tp=0x37 span=1338x447 at(-956,-874)
[BIGPRIM] code=0x3c tp=0x37 span=810x872 at(-551,658)
[BIGPRIM] code=0x3c tp=0x36 span=780x929 at(940,549)
[BIGPRIM] code=0x3c tp=0x37 span=2157x476 at(-1352,3172)
[BIGPRIM] code=0x3c tp=0x37 span=1389x581 at(1132,-173)
[BIGPRIM] code=0x3c tp=0x37 span=1341x440 at(-962,-867)
[BIGPRIM] code=0x3c tp=0x37 span=813x875 at(-557,658)
[BIGPRIM] code=0x3c tp=0x36 span=786x939 at(943,549)
[BIGPRIM] code=0x3c tp=0x37 span=2157x476 at(-1352,3172)
[BIGPRIM] code=0x3c tp=0x37 span=1389x581 at(1132,-173)
[BIGPRIM] code=0x3c tp=0x37 span=1341x440 at(-962,-867)
[BIGPRIM] code=0x3c tp=0x37 span=813x875 at(-557,658)
[BIGPRIM] code=0x3c tp=0x36 span=786x939 at(943,549)
[BIGPRIM] code=0x3c tp=0x37 span=2157x476 at(-1352,3172)
[BOOT0/TIM] PostLoadTim file=1939 'SAVELOAD.TIM' ss=0x8ced img.u=0 img.v=16 tPage=1,5 clutX=224 clutY=14
[BOOT0/TIM] post ReadTIM: prect=0xfac784 caddr=0xfac580 paddr=0xfac78c mode=9
[BOOT0/TIM] pre pixel LoadImage rect=(320,16 160x240)
[BOOT0/TIM] pre CLUT LoadImage rect=(224,14 256x1)
[BOOT0/TIM] PostLoadTim done
[BIGPRIM] code=0x3c tp=0x37 span=1389x581 at(1132,-173)
[BIGPRIM] code=0x3c tp=0x37 span=1341x440 at(-962,-867)
[BIGPRIM] code=0x3c tp=0x37 span=813x875 at(-557,658)
[BIGPRIM] code=0x3c tp=0x36 span=786x939 at(943,549)
[BIGPRIM] code=0x3c tp=0x37 span=2157x476 at(-1352,3172)
[BIGPRIM] code=0x3c tp=0x37 span=1389x581 at(1132,-173)
[BIGPRIM] code=0x3c tp=0x37 span=1341x440 at(-962,-867)
[SH-XBOX] GameState -> 16 (step 0)
[FOGST-GPU] clear=0xff000000
[MCRD] card_info chan=1 -> IOE (n=512)
[SH-XBOX] vblank 20400
[MEM] tick: free=2488KB (622 pages)
[SFX] Sd_PlaySfx: sfxId=1307 (Sfx_Base+27) vol=0
[SFX] Sd_PlaySfx: sfxId=1305 (Sfx_Base+25) vol=0
[SH-XBOX] vblank 21000
[MEM] tick: free=2488KB (622 pages)
[MCRD] card_info chan=1 -> IOE (n=768)
[SFX] Sd_PlaySfx: sfxId=1307 (Sfx_Base+27) vol=0
[MCRD] open 'bu00:BASLUS-00707SILENT00' flags=0x8002 -> h=1 dir=1 size=8192
[MCRD] write h=1 dir=1 ofs=896 len=640 ok
[MCRD] open 'bu00:BASLUS-00707SILENT00' flags=0x8002 -> h=1 dir=1 size=8192
[MCRD] write h=1 dir=1 ofs=512 len=256 ok
[MCRD] open 'bu00:BASLUS-00707SILENT00' flags=0x8002 -> h=1 dir=1 size=8192
[MCRD] write h=1 dir=1 ofs=768 len=128 ok
[SFX] Sd_PlaySfx: sfxId=1306 (Sfx_Base+26) vol=0
[SH-XBOX] GameState -> 11 (step 0)
[BIGPRIM] code=0x3c tp=0x37 span=813x874 at(-557,723)
[BIGPRIM] code=0x3c tp=0x36 span=786x939 at(943,613)
[BIGPRIM] code=0x3c tp=0x37 span=2157x412 at(-1352,3236)
[BIGPRIM] code=0x3c tp=0x37 span=1389x581 at(1132,-109)
[BIGPRIM] code=0x3c tp=0x37 span=1341x440 at(-962,-803)
[BIGPRIM] code=0x3c tp=0x37 span=813x874 at(-557,723)
[FOGST-GPU] clear=0xff6c6474
[BIGPRIM] code=0x3c tp=0x36 span=786x939 at(943,613)
[BIGPRIM] code=0x3c tp=0x37 span=2157x412 at(-1352,3236)
[BIGPRIM] code=0x3c tp=0x37 span=1389x581 at(1132,-109)
[BIGPRIM] code=0x3c tp=0x37 span=1341x440 at(-962,-803)
[BIGPRIM] code=0x3c tp=0x37 span=813x874 at(-557,723)
[BIGPRIM] code=0x3c tp=0x36 span=786x939 at(943,613)
[BIGPRIM] code=0x3c tp=0x37 span=2157x412 at(-1352,3236)
[BIGPRIM] code=0x3c tp=0x37 span=1389x581 at(1132,-109)
[BIGPRIM] code=0x3c tp=0x37 span=1341x440 at(-962,-803)
[BIGPRIM] code=0x3c tp=0x37 span=813x874 at(-557,723)
[BIGPRIM] code=0x3c tp=0x36 span=786x939 at(943,613)
[BIGPRIM] code=0x3c tp=0x37 span=2157x412 at(-1352,3236)
[BIGPRIM] code=0x3a tp=0xa span=1020x770 at(130,-25)
[BIGPRIM] code=0x3c tp=0x37 span=1275x466 at(-863,-822)
[BIGPRIM] code=0x3c tp=0x37 span=1224x669 at(-995,494)
[BIGPRIM] code=0x3c tp=0x37 span=1104x633 at(-848,475)
[BIGPRIM] code=0x3c tp=0x37 span=924x1465 at(739,678)
[BIGPRIM] code=0x3a tp=0xa span=1020x770 at(130,-25)
[BIGPRIM] code=0x3c tp=0x37 span=2160x103 at(-1736,3545)
[BIGPRIM] code=0x3c tp=0x37 span=1881x643 at(112,-2160)
[BIGPRIM] code=0x3c tp=0x37 span=2160x257 at(-1538,3391)
[BIGPRIM] code=0x3a tp=0xa span=1020x770 at(130,-25)
[BIGPRIM] code=0x3c tp=0x37 span=1620x758 at(-1475,559)
[BIGPRIM] code=0x3c tp=0x37 span=858x919 at(-620,736)
[BIGPRIM] code=0x3c tp=0x37 span=1326x444 at(-956,-810)
[BIGPRIM] code=0x3c tp=0x38 span=1035x1205 at(-782,1054)
[BIGPRIM] code=0x3c tp=0x37 span=2157x437 at(-1322,3211)
[BIGPRIM] code=0x3c tp=0x37 span=1296x478 at(-896,-838)
[BIGPRIM] code=0x3c tp=0x37 span=138x980 at(739,-1301)
[BIGPRIM] code=0x3c tp=0x38 span=1536x1180 at(-1382,462)
[BIGPRIM] code=0x3c tp=0x38 span=930x1212 at(-623,1002)
[BIGPRIM] code=0x3c tp=0x38 span=399x788 at(-20,1272)
[BIGPRIM] code=0x3c tp=0x37 span=2157x482 at(-1268,3166)
[BIGPRIM] code=0x3a tp=0xa span=1020x770 at(130,-25)
[BIGPRIM] code=0x3c tp=0x37 span=1173x437 at(-749,-790)
[BIGPRIM] code=0x3c tp=0x37 span=1869x1138 at(490,-2365)
[BIGPRIM] code=0x3c tp=0x37 span=720x781 at(-413,691)
[BIGPRIM] code=0x3c tp=0x38 span=1554x1150 at(-1340,601)
[BIGPRIM] code=0x3c tp=0x38 span=444x806 at(-116,1170)
[BIGPRIM] code=0x3c tp=0x37 span=2160x929 at(919,2719)
[BIGPRIM] code=0x3c tp=0x37 span=24x797 at(586,-1697)
[BIGPRIM] code=0x3c tp=0x37 span=1224x669 at(-995,494)
[BIGPRIM] code=0x3c tp=0x37 span=612x745 at(310,527)
[BIGPRIM] code=0x3c tp=0x37 span=144x932 at(751,-1250)
[BIGPRIM] code=0x3c tp=0x38 span=1524x1151 at(-1328,446)
[BIGPRIM] code=0x3c tp=0x38 span=861x1212 at(-512,964)
[BIGPRIM] code=0x3c tp=0x38 span=396x813 at(22,1215)
[BIGPRIM] code=0x3c tp=0x37 span=468x941 at(-56,-1137)
[BIGPRIM] code=0x3c tp=0x37 span=1959x701 at(136,-2243)
[BIGPRIM] code=0x3c tp=0x37 span=1938x984 at(-1304,-2070)
[BIGPRIM] code=0x3c tp=0x37 span=765x765 at(-44,-1317)
[BIGPRIM] code=0x3c tp=0x2c span=1056x899 at(2293,-851)
[BIGPRIM] code=0x3c tp=0x37 span=1899x1225 at(-1394,-2166)
[BIGPRIM] code=0x3c tp=0x2c span=1518x1285 at(2158,-1420)
[BIGPRIM] code=0x3a tp=0xa span=1020x770 at(130,-25)
[BIGPRIM] code=0x3a tp=0xa span=1020x770 at(130,-25)
[BIGPRIM] code=0x3c tp=0x2c span=1644x1408 at(2887,-2629)
[BIGPRIM] code=0x3c tp=0x2c span=1602x1066 at(2908,-935)
[BIGPRIM] code=0x3c tp=0x2c span=1026x700 at(1684,-610)
[BIGPRIM] code=0x3c tp=0x37 span=888x801 at(124,-1353)
[BIGPRIM] code=0x3c tp=0x37 span=60x990 at(463,-1497)
[BIGPRIM] code=0x3c tp=0x37 span=2055x1456 at(-1892,-2082)
[BIGPRIM] code=0x3c tp=0x37 span=567x720 at(592,-890)
[BIGPRIM] code=0x3a tp=0xa span=1020x770 at(130,-25)
[BIGPRIM] code=0x3c tp=0x37 span=906x945 at(1111,903)
[BIGPRIM] code=0x3c tp=0x37 span=660x945 at(559,-1089)
[BIGPRIM] code=0x3c tp=0x37 span=1650x1524 at(676,-1819)
[BIGPRIM] code=0x3c tp=0x37 span=1521x436 at(1129,-372)
[BIGPRIM] code=0x3c tp=0x37 span=1878x1372 at(1021,-1928)
[BIGPRIM] code=0x3c tp=0x37 span=1311x1350 at(-440,-1832)
[BIGPRIM] code=0x3a tp=0xa span=1020x770 at(130,-25)
[BIGPRIM] code=0x3c tp=0x37 span=24x970 at(538,-1722)
[BIGPRIM] code=0x3a tp=0xa span=1020x770 at(130,-25)
[BIGPRIM] code=0x3c tp=0x37 span=1809x1074 at(1024,-1652)
[BIGPRIM] code=0x3c tp=0x37 span=987x45 at(-116,-752)
[BIGPRIM] code=0x3c tp=0x37 span=2106x1575 at(931,986)
[BIGPRIM] code=0x3c tp=0x37 span=1227x1119 at(112,-1552)
[BIGPRIM] code=0x3c tp=0x37 span=993x19 at(-14,-726)
[BIGPRIM] code=0x3a tp=0xa span=1020x770 at(130,-25)
[BIGPRIM] code=0x3a tp=0xa span=1020x770 at(130,-25)
[BIGPRIM] code=0x3c tp=0x37 span=1791x321 at(-1574,-1671)
[BIGPRIM] code=0x3c tp=0x38 span=762x913 at(-566,973)
[BIGPRIM] code=0x3c tp=0x37 span=1998x1479 at(-1586,-2102)
[BIGPRIM] code=0x3c tp=0x37 span=993x13 at(-50,-758)
[BIGPRIM] code=0x3c tp=0x37 span=999x187 at(-56,-855)
[BIGPRIM] code=0x3c tp=0x38 span=690x884 at(-512,803)
[BIGPRIM] code=0x3c tp=0x37 span=1842x1639 at(931,-2179)
[BIGPRIM] code=0x3c tp=0x37 span=1602x1279 at(889,742)
[BIGPRIM] code=0x3c tp=0x38 span=663x801 at(-482,835)
[CHNK] n=4 s0=-3,6,st2 s1=0,6,st3 s2=-3,5,st2 s3=-1,6,st3
[BIGPRIM] code=0x3c tp=0x37 span=57x720 at(763,-1044)
[BIGPRIM] code=0x3c tp=0x37 span=1539x1224 at(-1070,-1992)
[BIGPRIM] code=0x3c tp=0x37 span=1440x1122 at(1075,-1748)
[BIGPRIM] code=0x3c tp=0x37 span=1821x344 at(1126,-517)
[BIGPRIM] code=0x3c tp=0x38 span=1260x389 at(-962,716)
[BIGPRIM] code=0x3a tp=0xa span=1020x770 at(130,-25)
[BIGPRIM] code=0x3c tp=0x37 span=1389x1343 at(562,-2018)
[BIGPRIM] code=0x3c tp=0x37 span=1395x1292 at(334,-1986)
[BIGPRIM] code=0x3c tp=0x38 span=1116x360 at(-671,694)
[BIGPRIM] code=0x3c tp=0x37 span=1509x1369 at(-140,-2089)
[BIGPRIM] code=0x3c tp=0x37 span=903x1579 at(1060,-1742)
[BIGPRIM] code=0x3c tp=0x37 span=975x154 at(1003,-308)
[BIGPRIM] code=0x3c tp=0x38 span=1002x325 at(-359,668)
[BIGPRIM] code=0x3c tp=0x37 span=1059x1366 at(262,-2082)
[BIGPRIM] code=0x3c tp=0x37 span=1059x1350 at(154,-2076)
[BIGPRIM] code=0x3a tp=0xa span=1020x770 at(130,-25)
[BIGPRIM] code=0x3c tp=0x37 span=1512x1234 at(-1022,-2005)
[BIGPRIM] code=0x3c tp=0x37 span=1782x1163 at(-1466,-1960)
[BIGPRIM] code=0x3c tp=0x37 span=1062x1254 at(-470,-2012)
[BIGPRIM] code=0x3c tp=0x37 span=504x1620 at(364,-1986)
[BIGPRIM] code=0x3c tp=0x37 span=516x1610 at(286,-1979)
[BIGPRIM] code=0x3c tp=0x38 span=1221x412 at(-1055,507)
[BIGPRIM] code=0x3c tp=0x37 span=495x1626 at(418,-1992)
[BIGPRIM] code=0x3c tp=0x37 span=987x492 at(-740,-967)
[GP-STATE-TXN] Gameplay -> sysState=10 (param=2)
[SYSSTATE] dispatch sysState=10 mapEventData=0x5968e8
[ITEMPICK] unique-item link: id=0x41 nobj=1 obj=ok
[ITEMPICK] unique-item link: id=0x41 nobj=1 obj=ok
[ITEMPICK] draw SKIPPED: slot=9 reason=scale 0 (arg2=2)
[FREEZE] capture 1280x720 in 164ms
[ITEMZ] tagged=59 hit=59 szmin=1633 szmax=2071 otzSpan=1920
[ZETA] wrote=0/6 min=16777215 max=0 fedZ=872926 bbox=586,353..682,533 raw=FFFFFF00 FFFFFF00 FFFFFF00 FFFFFF00 FFFFFF00 FFFFFF00
[ITEMZ] tagged=58 hit=58 szmin=1747 szmax=1920 otzSpan=1920
[ZETA] wrote=0/6 min=16777215 max=0 fedZ=838860 bbox=550,347..739,527 raw=FFFFFF00 FFFFFF00 FFFFFF00 FFFFFF00 FFFFFF00 FFFFFF00
[SH-XBOX] vblank 21600
[MEM] tick: free=2488KB (622 pages)
[ITEMZ] tagged=56 hit=56 szmin=1628 szmax=1919 otzSpan=1920
[ZETA] wrote=0/6 min=16777215 max=0 fedZ=1006489 bbox=577,343..694,520 raw=FFFFFF00 FFFFFF00 FFFFFF00 FFFFFF00 FFFFFF00 FFFFFF00
[ITEMZ] tagged=52 hit=52 szmin=1746 szmax=1952 otzSpan=1920
[ZETA] wrote=0/6 min=16777215 max=0 fedZ=838860 bbox=547,350..727,530 raw=FFFFFF00 FFFFFF00 FFFFFF00 FFFFFF00 FFFFFF00 FFFFFF00
[SFX] Sd_PlaySfx: sfxId=1307 (Sfx_Base+27) vol=64
[BIGPRIM] code=0x3c tp=0x38 span=1146x399 at(-917,501)
[BIGPRIM] code=0x3c tp=0x37 span=1062x1247 at(-524,-2012)
[BIGPRIM] code=0x3c tp=0x37 span=1971x251 at(838,-546)
[BIGPRIM] code=0x3c tp=0x37 span=963x482 at(-701,-957)
[BIGPRIM] code=0x3c tp=0x38 span=1128x392 at(-884,501)
[BIGPRIM] code=0x3c tp=0x38 span=1185x405 at(-992,504)
[GP-STATE-TXN] Gameplay -> sysState=7 (param=74)
[SYSSTATE] dispatch sysState=7 mapEventData=0x5969e4
[BIGPRIM] code=0x3c tp=0x37 span=519x1603 at(280,-1979)
[BIGPRIM] code=0x3c tp=0x37 span=1089x511 at(-911,-996)
[BIGPRIM] code=0x3c tp=0x38 span=960x312 at(-239,658)
[BIGPRIM] code=0x3c tp=0x38 span=963x315 at(-248,662)
[BIGPRIM] code=0x3c tp=0x38 span=963x315 at(-254,662)
[BIGPRIM] code=0x3c tp=0x38 span=969x318 at(-263,662)
[BIGPRIM] code=0x3c tp=0x38 span=969x318 at(-263,662)
[BIGPRIM] code=0x3c tp=0x38 span=969x318 at(-263,662)
[BIGPRIM] code=0x3c tp=0x38 span=969x318 at(-263,662)
[BIGPRIM] code=0x3c tp=0x38 span=969x318 at(-263,662)
[BIGPRIM] code=0x3c tp=0x38 span=969x318 at(-263,662)
[BIGPRIM] code=0x3c tp=0x38 span=963x315 at(-251,662)
[BIGPRIM] code=0x3c tp=0x37 span=525x1597 at(226,-1973)
[BIGPRIM] code=0x3c tp=0x37 span=1113x1228 at(-656,-1999)
[BIGPRIM] code=0x3c tp=0x37 span=1956x260 at(823,-549)
[GP-STATE-TXN] Gameplay -> sysState=10 (param=6)
[SYSSTATE] dispatch sysState=10 mapEventData=0x596960
[ITEMPICK] unique-item link: id=0x41 nobj=1 obj=ok
[ITEMPICK] unique-item link: id=0x41 nobj=1 obj=ok
[ITEMPICK] draw SKIPPED: slot=9 reason=scale 0 (arg2=2)
[FREEZE] capture 1280x720 in 165ms
[ITEMZ] tagged=32 hit=32 szmin=1623 szmax=2085 otzSpan=1920
[ZETA] wrote=0/6 min=16777215 max=0 fedZ=991218 bbox=574,356..676,556 raw=FFFFFF00 FFFFFF00 FFFFFF00 FFFFFF00 FFFFFF00 FFFFFF00
[ITEMZ] tagged=30 hit=30 szmin=1781 szmax=2018 otzSpan=1920
[ZETA] wrote=0/6 min=16777215 max=0 fedZ=838860 bbox=559,340..730,527 raw=FFFFFF00 FFFFFF00 FFFFFF00 FFFFFF00 FFFFFF00 FFFFFF00
[SFX] Sd_PlaySfx: sfxId=1307 (Sfx_Base+27) vol=64
[BIGPRIM] code=0x3c tp=0x37 span=1968x251 at(835,-546)
[BIGPRIM] code=0x3c tp=0x37 span=963x482 at(-701,-957)
[BIGPRIM] code=0x3c tp=0x38 span=1128x392 at(-881,501)
[BIGPRIM] code=0x3a tp=0xa span=1020x770 at(130,-25)
[BIGPRIM] code=0x3c tp=0x38 span=1116x389 at(-863,501)
[BIGPRIM] code=0x3c tp=0x37 span=1902x1131 at(-1670,-1941)
[BIGPRIM] code=0x3c tp=0x37 span=1812x1154 at(-1520,-1954)
[BIGPRIM] code=0x3c tp=0x38 span=1173x366 at(-788,707)
[BIGPRIM] code=0x3c tp=0x38 span=1113x353 at(-656,694)
[BIGPRIM] code=0x3c tp=0x37 span=1029x1308 at(478,-2015)
[BIGPRIM] code=0x3c tp=0x37 span=966x157 at(970,-311)
[BIGPRIM] code=0x3c tp=0x37 span=1185x1366 at(661,-2050)
[BIGPRIM] code=0x3c tp=0x37 span=984x148 at(1042,-302)
[BIGPRIM] code=0x3c tp=0x37 span=96x807 at(343,-1157)
[BIGPRIM] code=0x3c tp=0x37 span=1119x1333 at(586,-2024)
[BIGPRIM] code=0x3c tp=0x37 span=216x877 at(-29,-1243)
[BIGPRIM] code=0x3a tp=0xa span=1020x770 at(130,-25)
[GP-STATE-TXN] Gameplay -> sysState=7 (param=65)
[SYSSTATE] dispatch sysState=7 mapEventData=0x59699c
[BIGPRIM] code=0x3a tp=0xa span=1020x770 at(130,-25)
[BIGPRIM] code=0x3a tp=0xa span=1020x770 at(130,-25)
[BIGPRIM] code=0x3a tp=0xa span=1020x770 at(130,-25)
[BIGPRIM] code=0x3a tp=0xa span=1020x770 at(130,-25)
[BIGPRIM] code=0x3a tp=0xa span=1020x770 at(130,-25)
[BIGPRIM] code=0x3a tp=0xa span=1020x770 at(130,-25)
[BIGPRIM] code=0x3a tp=0xa span=1020x770 at(130,-25)
[BIGPRIM] code=0x3a tp=0xa span=1020x770 at(130,-25)
[BIGPRIM] code=0x3a tp=0xa span=1020x770 at(130,-25)
[BIGPRIM] code=0x3c tp=0x37 span=237x887 at(-83,-1256)
[BIGPRIM] code=0x3a tp=0xa span=1020x770 at(130,-25)
[BIGPRIM] code=0x3c tp=0x37 span=1509x1266 at(-818,-2024)
[BIGPRIM] code=0x3a tp=0xa span=1020x770 at(130,-25)
[BIGPRIM] code=0x3c tp=0x37 span=18x768 at(574,-1102)
[BIGPRIM] code=0x3c tp=0x37 span=21x749 at(658,-1080)
[BIGPRIM] code=0x3c tp=0x38 span=1176x370 at(-800,703)
[BIGPRIM] code=0x3c tp=0x37 span=1989x1103 at(-1826,-1922)
[BIGPRIM] code=0x3a tp=0xa span=1020x770 at(130,-25)
[BIGPRIM] code=0x3c tp=0x37 span=975x154 at(1006,-308)
[BIGPRIM] code=0x3c tp=0x37 span=1023x495 at(-797,-977)
[BIGPRIM] code=0x3c tp=0x38 span=1206x412 at(-1028,504)
[BIGPRIM] code=0x3c tp=0x37 span=1137x1340 at(601,-2031)
[BIGPRIM] code=0x3c tp=0x37 span=135x830 at(217,-1186)
[BIGPRIM] code=0x3c tp=0x37 span=1509x1314 at(-524,-2050)
[BIGPRIM] code=0x3c tp=0x37 span=993x148 at(1066,-302)
[BIGPRIM] code=0x3c tp=0x38 span=1281x395 at(-1016,720)
[BIGPRIM] code=0x3c tp=0x37 span=1311x1408 at(817,-2070)
[BIGPRIM] code=0x3c tp=0x37 span=15x768 at(586,-1102)
[BIGPRIM] code=0x3c tp=0x37 span=1497x1340 at(-74,-2053)
[BIGPRIM] code=0x3c tp=0x37 span=24x765 at(586,-1102)
[BIGPRIM] code=0x3c tp=0x37 span=1851x1144 at(-1586,-1947)
[BIGPRIM] code=0x3c tp=0x38 span=1194x376 at(-842,707)
[BIGPRIM] code=0x3c tp=0x37 span=1002x141 at(1132,-292)
[BIGPRIM] code=0x3c tp=0x38 span=1224x383 at(-893,713)
[BIGPRIM] code=0x3c tp=0x37 span=1254x1399 at(745,-2070)
[BIGPRIM] code=0x3a tp=0xa span=1020x770 at(130,-25)
[BIGPRIM] code=0x3a tp=0xa span=1020x770 at(130,-25)
[BIGPRIM] code=0x3a tp=0xa span=1020x770 at(130,-25)
[BIGPRIM] code=0x3a tp=0xa span=1020x770 at(130,-25)
[BIGPRIM] code=0x3a tp=0xa span=1020x770 at(130,-25)
[BIGPRIM] code=0x3a tp=0xa span=1020x770 at(130,-25)
[BIGPRIM] code=0x3c tp=0x37 span=972x157 at(985,-311)
[BIGPRIM] code=0x3c tp=0x37 span=1059x501 at(-860,-983)
[BIGPRIM] code=0x3c tp=0x38 span=1242x418 at(-1094,507)
[BIGPRIM] code=0x3c tp=0x37 span=1182x1363 at(655,-2044)
[BIGPRIM] code=0x3c tp=0x37 span=1509x1344 at(-308,-2070)
[BIGPRIM] code=0x3c tp=0x37 span=978x1518 at(1120,-1681)
[BIGPRIM] code=0x3c tp=0x37 span=1359x1288 at(913,-1934)
[BIGPRIM] code=0x3c tp=0x37 span=1140x524 at(-995,-1009)
[BIGPRIM] code=0x3c tp=0x38 span=1197x408 at(-1010,504)
[BIGPRIM] code=0x3a tp=0xa span=1020x770 at(130,-25)
[BIGPRIM] code=0x3c tp=0x38 span=1113x353 at(-659,694)
[BIGPRIM] code=0x3c tp=0x37 span=1512x1251 at(-926,-2012)
[BIGPRIM] code=0x3c tp=0x37 span=993x7 at(-26,-900)
[CHNK] n=4 s0=-3,6,st2 s1=0,6,st3 s2=-3,5,st2 s3=-1,6,st3
[SH-XBOX] vblank 22200
[MEM] tick: free=2488KB (622 pages)
[BIGPRIM] code=0x3c tp=0x37 span=1011x213 at(16,-945)
[BIGPRIM] code=0x3c tp=0x37 span=1011x77 at(136,-951)
[BIGPRIM] code=0x3c tp=0x37 span=1869x1173 at(-410,1922)
[BIGPRIM] code=0x3c tp=0x37 span=1956x710 at(-1502,-1812)
[BIGPRIM] code=0x3c tp=0x37 span=981x103 at(220,-906)
[BIGPRIM] code=0x3c tp=0x2c span=858x791 at(2611,-983)
[BIGPRIM] code=0x3c tp=0x37 span=1011x110 at(172,-900)
[BIGPRIM] code=0x3c tp=0x37 span=1878x643 at(1021,2613)
[BIGPRIM] code=0x3c tp=0x37 span=900x1321 at(-734,-1404)
[BIGPRIM] code=0x3c tp=0x38 span=657x745 at(-512,1051)
[BIGPRIM] code=0x3c tp=0x37 span=1884x1620 at(895,-1960)
[BIGPRIM] code=0x3c tp=0x37 span=1683x1507 at(-1448,1260)
[BIGPRIM] code=0x3c tp=0x37 span=963x78 at(-86,-675)
[BIGPRIM] code=0x3c tp=0x37 span=1944x1308 at(-1796,-1915)
[BIGPRIM] code=0x3c tp=0x37 span=1563x1479 at(-1388,1288)
[BIGPRIM] code=0x3c tp=0x37 span=831x1267 at(643,-1427)
[BIGPRIM] code=0x3c tp=0x37 span=1005x206 at(-104,-752)
[BIGPRIM] code=0x3c tp=0x37 span=1332x817 at(-1154,-1070)
[BIGPRIM] code=0x3c tp=0x37 span=1743x1504 at(-56,1224)
[BIGPRIM] code=0x3c tp=0x37 span=1254x359 at(1081,-257)
[BIGPRIM] code=0x3c tp=0x37 span=1218x176 at(1072,-70)
[BIGPRIM] code=0x3c tp=0x37 span=2331x1643 at(994,1028)
[BIGPRIM] code=0x3c tp=0x37 span=2127x1112 at(4,1764)
[BIGPRIM] code=0x3c tp=0x37 span=597x912 at(325,-1018)
[BIGPRIM] code=0x3c tp=0x37 span=1584x1437 at(556,-1748)
[BIGPRIM] code=0x3c tp=0x37 span=1308x160 at(1066,-83)
[BIGPRIM] code=0x3c tp=0x37 span=1671x1562 at(-1484,-1922)
[BIGPRIM] code=0x3c tp=0x37 span=2157x1067 at(-1364,-1915)
[BIGPRIM] code=0x3c tp=0x37 span=2133x1505 at(58,1346)
[BIGPRIM] code=0x3a tp=0xa span=1020x770 at(130,-25)
[BIGPRIM] code=0x3c tp=0x2c span=1920x1524 at(2749,-2311)
[BIGPRIM] code=0x3c tp=0x2c span=1212x1117 at(3103,-925)
[BIGPRIM] code=0x3c tp=0x37 span=1482x1559 at(-278,1182)
[BIGPRIM] code=0x3c tp=0x37 span=1755x1633 at(-1142,-1967)
[BIGPRIM] code=0x3c tp=0x37 span=1569x1607 at(-854,-1947)
[BIGPRIM] code=0x3c tp=0x37 span=1143x514 at(1087,-523)
[BIGPRIM] code=0x3c tp=0x5c span=954x749 at(2440,-1877)
[BIGPRIM] code=0x3a tp=0xa span=1020x770 at(130,-25)
[BIGPRIM] code=0x3c tp=0x37 span=1500x1363 at(763,1417)
[BIGPRIM] code=0x3c tp=0x37 span=1236x1118 at(835,755)
[BIGPRIM] code=0x3c tp=0x37 span=975x58 at(-20,-655)
[BIGPRIM] code=0x3c tp=0x37 span=2076x1633 at(-1694,-1922)
[BIGPRIM] code=0x3c tp=0x37 span=1062x515 at(-914,671)
[BIGPRIM] code=0x3a tp=0xa span=1020x770 at(130,-25)
[BIGPRIM] code=0x3a tp=0xa span=1020x770 at(130,-25)
[GP-STATE-TXN] Gameplay -> sysState=10 (param=5)
[SYSSTATE] dispatch sysState=10 mapEventData=0x596918
[SFX] Sd_PlaySfx: sfxId=1321 (Sfx_Base+41) vol=0
[SFX] Sd_PlaySfx: sfxId=1322 (Sfx_Base+42) vol=0
[BIGPRIM] code=0x3c tp=0x37 span=1521x1205 at(-386,707)
[BIGPRIM] code=0x3c tp=0x37 span=1767x937 at(916,-880)
[BIGPRIM] code=0x3a tp=0xa span=1020x770 at(130,-25)
[BIGPRIM] code=0x3c tp=0x38 span=546x768 at(1081,880)
[BIGPRIM] code=0x3c tp=0x37 span=1524x977 at(757,-1176)
[BIGPRIM] code=0x3c tp=0x37 span=1365x1253 at(916,-1202)
[BIGPRIM] code=0x3c tp=0x2c span=834x770 at(1432,-639)
[BIGPRIM] code=0x3a tp=0x40 span=1020x52 at(130,668)
[BIGPRIM] code=0x3c tp=0x37 span=1521x913 at(-386,-1163)
[BIGPRIM] code=0x3c tp=0x37 span=1521x1205 at(-386,707)
[VRAM] decode #9216
[BIGPRIM] code=0x3c tp=0x37 span=1767x937 at(916,-880)
[BIGPRIM] code=0x3a tp=0xa span=1020x770 at(130,-25)
[BIGPRIM] code=0x3c tp=0x38 span=546x768 at(1081,880)
[BIGPRIM] code=0x3c tp=0x37 span=1524x977 at(757,-1176)
[BIGPRIM] code=0x3c tp=0x37 span=1365x1253 at(916,-1202)
[BIGPRIM] code=0x3c tp=0x2c span=834x770 at(1432,-639)
[BIGPRIM] code=0x3a tp=0x40 span=1020x52 at(130,668)
[BIGPRIM] code=0x3c tp=0x37 span=1521x913 at(-386,-1163)
[XA] Play xaIdx=42 file=1 sector=1889 sectors=21 stereo 37800Hz bits=4 filter=(6,1)
[XA] primed ring=20481 frames
[BIGPRIM] code=0x3c tp=0x37 span=1521x1205 at(-386,707)
[BIGPRIM] code=0x3c tp=0x37 span=1767x937 at(916,-880)
[BIGPRIM] code=0x3a tp=0xa span=1020x770 at(130,-25)
[BIGPRIM] code=0x3c tp=0x38 span=546x768 at(1081,880)
[BIGPRIM] code=0x3c tp=0x37 span=1524x977 at(757,-1176)
[BIGPRIM] code=0x3c tp=0x37 span=1365x1253 at(916,-1202)
[BIGPRIM] code=0x3c tp=0x2c span=834x770 at(1432,-639)
[BIGPRIM] code=0x3a tp=0x40 span=1020x52 at(130,668)
[XA] channel ended early xaIdx=42 (remaining=1/21)
[BIGPRIM] code=0x3c tp=0x37 span=1521x913 at(-386,-1163)
[BIGPRIM] code=0x3c tp=0x37 span=1521x1205 at(-386,707)
[VRAM] out of slots -> GPU drain #897 (alloc=49 worstPerFrame=1)
[BIGPRIM] code=0x3c tp=0x37 span=1767x937 at(916,-880)
[VRAM] decode #9728
[XA] finished xaIdx=42 (drained)
[BIGPRIM] code=0x3a tp=0xa span=1020x770 at(130,-25)
[BIGPRIM] code=0x3c tp=0x38 span=546x768 at(1081,880)
[BIGPRIM] code=0x3c tp=0x37 span=1524x977 at(757,-1176)
[BIGPRIM] code=0x3c tp=0x37 span=1365x1253 at(916,-1202)
[BIGPRIM] code=0x3c tp=0x2c span=834x770 at(1432,-639)
[BIGPRIM] code=0x3a tp=0x40 span=1020x52 at(130,668)
[BIGPRIM] code=0x3c tp=0x37 span=1521x913 at(-386,-1163)
[BIGPRIM] code=0x3c tp=0x37 span=1521x1205 at(-386,707)
[BIGPRIM] code=0x3c tp=0x37 span=1767x937 at(916,-880)
[BIGPRIM] code=0x3a tp=0xa span=1020x770 at(130,-25)
[BIGPRIM] code=0x3c tp=0x38 span=546x768 at(1081,880)
[BIGPRIM] code=0x3c tp=0x37 span=1524x977 at(757,-1176)
[BIGPRIM] code=0x3c tp=0x37 span=1365x1253 at(916,-1202)
[BIGPRIM] code=0x3c tp=0x2c span=834x770 at(1432,-639)
[BIGPRIM] code=0x3a tp=0x40 span=1020x52 at(130,668)
[BIGPRIM] code=0x3c tp=0x37 span=1521x913 at(-386,-1163)
[BIGPRIM] code=0x3c tp=0x37 span=1521x1205 at(-386,707)
[BIGPRIM] code=0x3c tp=0x37 span=1767x937 at(916,-880)
[XA] Play xaIdx=4 file=1 sector=3 sectors=78 stereo 37800Hz bits=4 filter=(1,3)
[XA] primed ring=20481 frames
[BIGPRIM] code=0x3a tp=0xa span=1020x770 at(130,-25)
[BIGPRIM] code=0x3c tp=0x38 span=546x768 at(1081,880)
[VRAM] decode #10240
[BIGPRIM] code=0x3c tp=0x37 span=1524x977 at(757,-1176)
[BIGPRIM] code=0x3c tp=0x37 span=1365x1253 at(916,-1202)
[BIGPRIM] code=0x3c tp=0x2c span=834x770 at(1432,-639)
[BIGPRIM] code=0x3a tp=0x40 span=1020x52 at(130,668)
[BIGPRIM] code=0x3c tp=0x37 span=1521x913 at(-386,-1163)
[BIGPRIM] code=0x3c tp=0x37 span=1521x1205 at(-386,707)
[BIGPRIM] code=0x3c tp=0x37 span=1767x937 at(916,-880)
[BIGPRIM] code=0x3a tp=0xa span=1020x770 at(130,-25)
[BIGPRIM] code=0x3c tp=0x38 span=546x768 at(1081,880)
[BIGPRIM] code=0x3c tp=0x37 span=1524x977 at(757,-1176)
[BIGPRIM] code=0x3c tp=0x37 span=1365x1253 at(916,-1202)
[BIGPRIM] code=0x3c tp=0x2c span=834x770 at(1432,-639)
[BIGPRIM] code=0x3a tp=0x40 span=1020x52 at(130,668)
[BIGPRIM] code=0x3c tp=0x37 span=1521x913 at(-386,-1163)
[BIGPRIM] code=0x3c tp=0x37 span=1521x1205 at(-386,707)
[VRAM] out of slots -> GPU drain #961 (alloc=49 worstPerFrame=1)
[BIGPRIM] code=0x3c tp=0x37 span=1767x937 at(916,-880)
[VRAM] decode #10752
[BIGPRIM] code=0x3a tp=0xa span=1020x770 at(130,-25)
[BIGPRIM] code=0x3c tp=0x38 span=546x768 at(1081,880)
[BIGPRIM] code=0x3c tp=0x37 span=1524x977 at(757,-1176)
[BIGPRIM] code=0x3c tp=0x37 span=1365x1253 at(916,-1202)
[BIGPRIM] code=0x3c tp=0x2c span=834x770 at(1432,-639)
[BIGPRIM] code=0x3a tp=0x40 span=1020x52 at(130,668)
[BIGPRIM] code=0x3c tp=0x37 span=1521x913 at(-386,-1163)
[BIGPRIM] code=0x3c tp=0x37 span=1521x1205 at(-386,707)
[BIGPRIM] code=0x3c tp=0x37 span=1767x937 at(916,-880)
[BIGPRIM] code=0x3a tp=0xa span=1020x770 at(130,-25)
[BIGPRIM] code=0x3c tp=0x38 span=546x768 at(1081,880)
[BIGPRIM] code=0x3c tp=0x37 span=1524x977 at(757,-1176)
[BIGPRIM] code=0x3c tp=0x37 span=1365x1253 at(916,-1202)
[BIGPRIM] code=0x3c tp=0x2c span=834x770 at(1432,-639)
[BIGPRIM] code=0x3a tp=0x40 span=1020x52 at(130,668)
[BIGPRIM] code=0x3c tp=0x37 span=1521x913 at(-386,-1163)
[VRAM] decode #11264
[BIGPRIM] code=0x3c tp=0x37 span=1521x1205 at(-386,707)
[BIGPRIM] code=0x3c tp=0x37 span=1767x937 at(916,-880)
[BIGPRIM] code=0x3a tp=0xa span=1020x770 at(130,-25)
[BIGPRIM] code=0x3c tp=0x38 span=546x768 at(1081,880)
[BIGPRIM] code=0x3c tp=0x37 span=1524x977 at(757,-1176)
[BIGPRIM] code=0x3c tp=0x37 span=1365x1253 at(916,-1202)
[XA] channel ended early xaIdx=4 (remaining=1/78)
[BIGPRIM] code=0x3c tp=0x2c span=834x770 at(1432,-639)
[BIGPRIM] code=0x3a tp=0x40 span=1020x52 at(130,668)
[BIGPRIM] code=0x3c tp=0x37 span=1521x913 at(-386,-1163)
[BIGPRIM] code=0x3c tp=0x37 span=1521x1205 at(-386,707)
[BIGPRIM] code=0x3c tp=0x37 span=1767x937 at(916,-880)
[XA] finished xaIdx=4 (drained)
[BIGPRIM] code=0x3a tp=0xa span=1020x770 at(130,-25)
[BIGPRIM] code=0x3c tp=0x38 span=546x768 at(1081,880)
[BIGPRIM] code=0x3c tp=0x37 span=1524x977 at(757,-1176)
[BIGPRIM] code=0x3c tp=0x37 span=1365x1253 at(916,-1202)
[BIGPRIM] code=0x3c tp=0x2c span=834x770 at(1432,-639)
[VRAM] decode #11776
[BIGPRIM] code=0x3a tp=0x40 span=1020x52 at(130,668)
[BIGPRIM] code=0x3c tp=0x37 span=1521x913 at(-386,-1163)
[BIGPRIM] code=0x3c tp=0x37 span=1521x1205 at(-386,707)
[VRAM] out of slots -> GPU drain #1025 (alloc=49 worstPerFrame=1)
[BIGPRIM] code=0x3c tp=0x37 span=1767x937 at(916,-880)
[BIGPRIM] code=0x3a tp=0xa span=1020x770 at(130,-25)
[BIGPRIM] code=0x3c tp=0x38 span=546x768 at(1081,880)
[BIGPRIM] code=0x3c tp=0x37 span=1524x977 at(757,-1176)
[BIGPRIM] code=0x3c tp=0x37 span=1365x1253 at(916,-1202)
[BIGPRIM] code=0x3c tp=0x2c span=834x770 at(1432,-639)
[BIGPRIM] code=0x3a tp=0x40 span=1020x52 at(130,668)
[BIGPRIM] code=0x3c tp=0x37 span=1521x913 at(-386,-1163)
[BIGPRIM] code=0x3c tp=0x37 span=1521x1205 at(-386,707)
[BIGPRIM] code=0x3c tp=0x37 span=1767x937 at(916,-880)
[BIGPRIM] code=0x3a tp=0xa span=1020x770 at(130,-25)
[BIGPRIM] code=0x3c tp=0x38 span=546x768 at(1081,880)
[VRAM] decode #12288
[BIGPRIM] code=0x3c tp=0x37 span=1524x977 at(757,-1176)
[BIGPRIM] code=0x3c tp=0x37 span=1365x1253 at(916,-1202)
[BIGPRIM] code=0x3c tp=0x2c span=834x770 at(1432,-639)
[BIGPRIM] code=0x3a tp=0x40 span=1020x52 at(130,668)
[BIGPRIM] code=0x3c tp=0x37 span=1521x913 at(-386,-1163)
[RA] http POST http://retroachievements.org/dorequest.php
[NET] POST retroachievements.org -> 200 (16 bytes)
[RA] http -> status=200 bodyLen=16 body='{"Success":true}'
[BIGPRIM] code=0x3c tp=0x37 span=1521x1205 at(-386,707)
[BIGPRIM] code=0x3c tp=0x37 span=1767x937 at(916,-880)
[BIGPRIM] code=0x3a tp=0xa span=1020x770 at(130,-25)
[BIGPRIM] code=0x3c tp=0x38 span=546x768 at(1081,880)
[BIGPRIM] code=0x3c tp=0x37 span=1524x977 at(757,-1176)
[BIGPRIM] code=0x3c tp=0x37 span=1365x1253 at(916,-1202)
[BIGPRIM] code=0x3c tp=0x2c span=834x770 at(1432,-639)
[BIGPRIM] code=0x3a tp=0x40 span=1020x52 at(130,668)
[BIGPRIM] code=0x3c tp=0x37 span=1521x913 at(-386,-1163)
[BIGPRIM] code=0x3c tp=0x37 span=1521x1205 at(-386,707)
[BIGPRIM] code=0x3c tp=0x37 span=1767x937 at(916,-880)
[BIGPRIM] code=0x3a tp=0xa span=1020x770 at(130,-25)
[BIGPRIM] code=0x3c tp=0x38 span=546x768 at(1081,880)
[BIGPRIM] code=0x3c tp=0x37 span=1524x977 at(757,-1176)
[VRAM] decode #12800
[BIGPRIM] code=0x3c tp=0x37 span=1365x1253 at(916,-1202)
[BIGPRIM] code=0x3c tp=0x2c span=834x770 at(1432,-639)
[BIGPRIM] code=0x3a tp=0x40 span=1020x52 at(130,668)
[BIGPRIM] code=0x3c tp=0x37 span=1521x913 at(-386,-1163)
[BIGPRIM] code=0x3c tp=0x37 span=1521x1205 at(-386,707)
[VRAM] out of slots -> GPU drain #1089 (alloc=49 worstPerFrame=1)
[BIGPRIM] code=0x3c tp=0x37 span=1767x937 at(916,-880)
[BIGPRIM] code=0x3a tp=0xa span=1020x770 at(130,-25)
[BIGPRIM] code=0x3c tp=0x38 span=546x768 at(1081,880)
[BIGPRIM] code=0x3c tp=0x37 span=1524x977 at(757,-1176)
[BIGPRIM] code=0x3c tp=0x37 span=1365x1253 at(916,-1202)
[BIGPRIM] code=0x3c tp=0x2c span=834x770 at(1432,-639)
[BIGPRIM] code=0x3a tp=0x40 span=1020x52 at(130,668)
[BIGPRIM] code=0x3a tp=0xa span=1020x770 at(130,-25)
[BIGPRIM] code=0x3a tp=0x40 span=1020x51 at(130,0)
[BIGPRIM] code=0x3a tp=0x40 span=1020x52 at(130,668)
[BIGPRIM] code=0x3a tp=0xa span=1020x770 at(130,-25)
[BIGPRIM] code=0x3a tp=0x40 span=1020x51 at(130,0)
[BIGPRIM] code=0x3a tp=0x40 span=1020x52 at(130,668)
[BIGPRIM] code=0x3a tp=0xa span=1020x770 at(130,-25)
[BIGPRIM] code=0x3a tp=0x40 span=1020x51 at(130,0)
[BIGPRIM] code=0x3c tp=0x37 span=1440x1523 at(-722,-1555)
[BIGPRIM] code=0x3c tp=0x37 span=969x193 at(-590,626)
[BIGPRIM] code=0x3c tp=0x39 span=1473x1191 at(1066,-1073)
[BIGPRIM] code=0x3c tp=0x38 span=285x739 at(919,787)
[BIGPRIM] code=0x3c tp=0x37 span=1602x1385 at(-1256,-1366)
[BIGPRIM] code=0x3c tp=0x37 span=1581x733 at(-836,800)
[BIGPRIM] code=0x3c tp=0x2c span=1068x816 at(1567,-450)
[BIGPRIM] code=0x3c tp=0x2c span=1446x1337 at(2641,-1732)
[BIGPRIM] code=0x3c tp=0x2c span=1098x932 at(1234,-781)
[VRAM] decode #13312
[BIGPRIM] code=0x3c tp=0x37 span=2610x816 at(-2348,755)
[BIGPRIM] code=0x3a tp=0x40 span=1020x51 at(130,0)
[BIGPRIM] code=0x3c tp=0x37 span=1440x1523 at(-722,-1555)
[BIGPRIM] code=0x3c tp=0x37 span=969x193 at(-590,626)
[BIGPRIM] code=0x3c tp=0x39 span=1473x1191 at(1066,-1073)
[BIGPRIM] code=0x3c tp=0x38 span=285x739 at(919,787)
[BIGPRIM] code=0x3c tp=0x37 span=1602x1385 at(-1256,-1366)
[BIGPRIM] code=0x3c tp=0x37 span=1581x733 at(-836,800)
[BIGPRIM] code=0x3c tp=0x2c span=1068x816 at(1567,-450)
[BIGPRIM] code=0x3c tp=0x2c span=1446x1337 at(2641,-1732)
[BIGPRIM] code=0x3c tp=0x2c span=1098x932 at(1234,-781)
[BIGPRIM] code=0x3c tp=0x37 span=2610x816 at(-2348,755)
[BIGPRIM] code=0x3a tp=0x40 span=1020x51 at(130,0)
[BIGPRIM] code=0x3c tp=0x37 span=1440x1523 at(-722,-1555)
[BIGPRIM] code=0x3c tp=0x37 span=969x193 at(-590,626)
[BIGPRIM] code=0x3c tp=0x39 span=1473x1191 at(1066,-1073)
[BIGPRIM] code=0x3c tp=0x38 span=285x739 at(919,787)
[BIGPRIM] code=0x3c tp=0x37 span=1602x1385 at(-1256,-1366)
[BIGPRIM] code=0x3c tp=0x37 span=1581x733 at(-836,800)
[BIGPRIM] code=0x3c tp=0x2c span=1068x816 at(1567,-450)
[VRAM] decode #13824
[BIGPRIM] code=0x3c tp=0x2c span=1446x1337 at(2641,-1732)
[BIGPRIM] code=0x3c tp=0x2c span=1098x932 at(1234,-781)
[BIGPRIM] code=0x3c tp=0x37 span=2610x816 at(-2348,755)
[BIGPRIM] code=0x3a tp=0x40 span=1020x51 at(130,0)
[BIGPRIM] code=0x3c tp=0x37 span=1440x1523 at(-722,-1555)
[BIGPRIM] code=0x3c tp=0x37 span=969x193 at(-590,626)
[BIGPRIM] code=0x3c tp=0x39 span=1473x1191 at(1066,-1073)
[VRAM] out of slots -> GPU drain #1153 (alloc=49 worstPerFrame=1)
[BIGPRIM] code=0x3c tp=0x38 span=285x739 at(919,787)
[BIGPRIM] code=0x3c tp=0x37 span=1602x1385 at(-1256,-1366)
[BIGPRIM] code=0x3c tp=0x37 span=1581x733 at(-836,800)
[BIGPRIM] code=0x3c tp=0x2c span=1068x816 at(1567,-450)
[BIGPRIM] code=0x3c tp=0x2c span=1446x1337 at(2641,-1732)
[BIGPRIM] code=0x3c tp=0x2c span=1098x932 at(1234,-781)
[BIGPRIM] code=0x3c tp=0x37 span=2610x816 at(-2348,755)
[BIGPRIM] code=0x3a tp=0x40 span=1020x51 at(130,0)
[BIGPRIM] code=0x3c tp=0x37 span=1440x1523 at(-722,-1555)
[SFX] Sd_PlaySfx: sfxId=1373 (Sfx_Base+93) vol=127
[BIGPRIM] code=0x3c tp=0x37 span=969x193 at(-590,626)
[BIGPRIM] code=0x3c tp=0x39 span=1473x1191 at(1066,-1073)
[COLL-MISS] cell(0,0) pos(0,0) activeCount=4
[COLL-MISS]   slot cell(-3,6) qIdx=63 loadState=2 isLoaded=1
[COLL-MISS]   slot cell(0,6) qIdx=82 loadState=2 isLoaded=1
[COLL-MISS]   slot cell(-3,5) qIdx=62 loadState=2 isLoaded=1
[COLL-MISS]   slot cell(-1,6) qIdx=81 loadState=2 isLoaded=1
[BIGPRIM] code=0x3c tp=0x38 span=285x739 at(919,787)
[VRAM] decode #14336
[BIGPRIM] code=0x3c tp=0x37 span=1602x1385 at(-1256,-1366)
[COLL-MISS] cell(0,-1) pos(0,-1) activeCount=4
[COLL-MISS]   slot cell(-3,6) qIdx=63 loadState=2 isLoaded=1
[COLL-MISS]   slot cell(0,6) qIdx=82 loadState=2 isLoaded=1
[COLL-MISS]   slot cell(-3,5) qIdx=62 loadState=2 isLoaded=1
[COLL-MISS]   slot cell(-1,6) qIdx=81 loadState=2 isLoaded=1
[BIGPRIM] code=0x3c tp=0x37 span=1581x733 at(-836,800)
[BIGPRIM] code=0x3c tp=0x2c span=1068x816 at(1567,-450)
[BIGPRIM] code=0x3c tp=0x2c span=1446x1337 at(2641,-1732)
[COLL-MISS] cell(0,0) pos(0,0) activeCount=4
[COLL-MISS]   slot cell(-3,6) qIdx=63 loadState=2 isLoaded=1
[COLL-MISS]   slot cell(0,6) qIdx=82 loadState=2 isLoaded=1
[COLL-MISS]   slot cell(-3,5) qIdx=62 loadState=2 isLoaded=1
[COLL-MISS]   slot cell(-1,6) qIdx=81 loadState=2 isLoaded=1
[BIGPRIM] code=0x3c tp=0x2c span=1098x932 at(1234,-781)
[BIGPRIM] code=0x3c tp=0x37 span=2610x816 at(-2348,755)
[BIGPRIM] code=0x3a tp=0x40 span=1020x51 at(130,0)
[COLL-MISS] cell(0,0) pos(0,0) activeCount=4
[COLL-MISS]   slot cell(-3,6) qIdx=63 loadState=2 isLoaded=1
[COLL-MISS]   slot cell(0,6) qIdx=82 loadState=2 isLoaded=1
[COLL-MISS]   slot cell(-3,5) qIdx=62 loadState=2 isLoaded=1
[COLL-MISS]   slot cell(-1,6) qIdx=81 loadState=2 isLoaded=1
[BIGPRIM] code=0x3c tp=0x37 span=1440x1523 at(-722,-1555)
[BIGPRIM] code=0x3c tp=0x37 span=969x193 at(-590,626)
[COLL-MISS] cell(0,-1) pos(0,-1) activeCount=4
[COLL-MISS]   slot cell(-3,6) qIdx=63 loadState=2 isLoaded=1
[COLL-MISS]   slot cell(0,6) qIdx=82 loadState=2 isLoaded=1
[COLL-MISS]   slot cell(-3,5) qIdx=62 loadState=2 isLoaded=1
[COLL-MISS]   slot cell(-1,6) qIdx=81 loadState=2 isLoaded=1
[BIGPRIM] code=0x3c tp=0x39 span=1473x1191 at(1066,-1073)
[BIGPRIM] code=0x3c tp=0x38 span=285x739 at(919,787)
[BIGPRIM] code=0x3c tp=0x37 span=1602x1385 at(-1256,-1366)
[BIGPRIM] code=0x3c tp=0x37 span=1581x733 at(-836,800)
[BIGPRIM] code=0x3c tp=0x2c span=1068x816 at(1567,-450)
[BIGPRIM] code=0x3c tp=0x2c span=1446x1337 at(2641,-1732)
[BIGPRIM] code=0x3c tp=0x2c span=1098x932 at(1234,-781)
[COLL-MISS] cell(0,0) pos(1,0) activeCount=4
[COLL-MISS]   slot cell(-3,6) qIdx=63 loadState=2 isLoaded=1
[COLL-MISS]   slot cell(0,6) qIdx=82 loadState=2 isLoaded=1
[COLL-MISS]   slot cell(-3,5) qIdx=62 loadState=2 isLoaded=1
[COLL-MISS]   slot cell(-1,6) qIdx=81 loadState=2 isLoaded=1
[BIGPRIM] code=0x3c tp=0x37 span=2610x816 at(-2348,755)
[BIGPRIM] code=0x3a tp=0x40 span=1020x51 at(130,0)
[VRAM] decode #14848
[BIGPRIM] code=0x3c tp=0x37 span=1440x1523 at(-722,-1555)
[BIGPRIM] code=0x3c tp=0x37 span=969x193 at(-590,626)
[BIGPRIM] code=0x3c tp=0x39 span=1473x1191 at(1066,-1073)
[BIGPRIM] code=0x3c tp=0x38 span=285x739 at(919,787)
[BIGPRIM] code=0x3c tp=0x37 span=1602x1385 at(-1256,-1366)
[BIGPRIM] code=0x3c tp=0x37 span=1581x733 at(-836,800)
[BIGPRIM] code=0x3c tp=0x2c span=1068x816 at(1567,-450)
[BIGPRIM] code=0x3c tp=0x2c span=1446x1337 at(2641,-1732)
[BIGPRIM] code=0x3c tp=0x2c span=1098x932 at(1234,-781)
[BIGPRIM] code=0x3c tp=0x37 span=2610x816 at(-2348,755)
[BIGPRIM] code=0x3a tp=0x40 span=1020x51 at(130,0)
[BIGPRIM] code=0x3c tp=0x37 span=1440x1523 at(-722,-1555)
[BIGPRIM] code=0x3c tp=0x37 span=969x193 at(-590,626)
[BIGPRIM] code=0x3c tp=0x39 span=1473x1191 at(1066,-1073)
[VRAM] out of slots -> GPU drain #1217 (alloc=49 worstPerFrame=1)
[BIGPRIM] code=0x3c tp=0x38 span=285x739 at(919,787)
[SFX] Sd_PlaySfx: sfxId=1374 (Sfx_Base+94) vol=184
[SFX] Sd_PlaySfx: sfxId=1375 (Sfx_Base+95) vol=184
[BIGPRIM] code=0x3c tp=0x37 span=1602x1385 at(-1256,-1366)
[COLL-MISS] cell(0,0) pos(0,0) activeCount=4
[COLL-MISS]   slot cell(-3,6) qIdx=63 loadState=2 isLoaded=1
[COLL-MISS]   slot cell(0,6) qIdx=82 loadState=2 isLoaded=1
[COLL-MISS]   slot cell(-3,5) qIdx=62 loadState=2 isLoaded=1
[COLL-MISS]   slot cell(-1,6) qIdx=81 loadState=2 isLoaded=1
[BIGPRIM] code=0x3c tp=0x37 span=1581x733 at(-836,800)
[BIGPRIM] code=0x3c tp=0x5c span=1452x638 at(1327,-597)
[COLL-MISS] cell(0,0) pos(0,0) activeCount=4
[COLL-MISS]   slot cell(-3,6) qIdx=63 loadState=2 isLoaded=1
[COLL-MISS]   slot cell(0,6) qIdx=82 loadState=2 isLoaded=1
[COLL-MISS]   slot cell(-3,5) qIdx=62 loadState=2 isLoaded=1
[COLL-MISS]   slot cell(-1,6) qIdx=81 loadState=2 isLoaded=1
[VRAM] decode #15360
[BIGPRIM] code=0x3a tp=0x40 span=1020x52 at(130,668)
[COLL-MISS] cell(0,0) pos(0,0) activeCount=4
[COLL-MISS]   slot cell(-3,6) qIdx=63 loadState=2 isLoaded=1
[COLL-MISS]   slot cell(0,6) qIdx=82 loadState=2 isLoaded=1
[COLL-MISS]   slot cell(-3,5) qIdx=62 loadState=2 isLoaded=1
[COLL-MISS]   slot cell(-1,6) qIdx=81 loadState=2 isLoaded=1
[BIGPRIM] code=0x3c tp=0x37 span=1239x1382 at(970,-1292)
[BIGPRIM] code=0x3c tp=0x37 span=2610x816 at(-2348,755)
[COLL-MISS] cell(0,0) pos(0,0) activeCount=4
[COLL-MISS]   slot cell(-3,6) qIdx=63 loadState=2 isLoaded=1
[COLL-MISS]   slot cell(0,6) qIdx=82 loadState=2 isLoaded=1
[COLL-MISS]   slot cell(-3,5) qIdx=62 loadState=2 isLoaded=1
[COLL-MISS]   slot cell(-1,6) qIdx=81 loadState=2 isLoaded=1
[BIGPRIM] code=0x3a tp=0x40 span=1020x52 at(130,668)
[COLL-MISS] cell(0,0) pos(0,0) activeCount=4
[COLL-MISS]   slot cell(-3,6) qIdx=63 loadState=2 isLoaded=1
[COLL-MISS]   slot cell(0,6) qIdx=82 loadState=2 isLoaded=1
[COLL-MISS]   slot cell(-3,5) qIdx=62 loadState=2 isLoaded=1
[COLL-MISS]   slot cell(-1,6) qIdx=81 loadState=2 isLoaded=1
[BIGPRIM] code=0x3c tp=0x2c span=1380x1305 at(2230,-1125)
[SFX] Sd_PlaySfx: sfxId=1382 (Sfx_Base+102) vol=0
[BIGPRIM] code=0x3c tp=0x37 span=969x206 at(-590,613)
[COLL-MISS] cell(0,0) pos(1,0) activeCount=4
[COLL-MISS]   slot cell(-3,6) qIdx=63 loadState=2 isLoaded=1
[COLL-MISS]   slot cell(0,6) qIdx=82 loadState=2 isLoaded=1
[COLL-MISS]   slot cell(-3,5) qIdx=62 loadState=2 isLoaded=1
[COLL-MISS]   slot cell(-1,6) qIdx=81 loadState=2 isLoaded=1
[BIGPRIM] code=0x3c tp=0x38 span=1170x1423 at(1063,-1305)
[BGM] ChannelSet bgmIdx=30 cmd=798
[SFX] Sd_PlaySfx: sfxId=1317 (Sfx_Base+37) vol=191
[COLL-MISS] cell(0,-1) pos(0,-1) activeCount=4
[COLL-MISS]   slot cell(-3,6) qIdx=63 loadState=2 isLoaded=1
[COLL-MISS]   slot cell(0,6) qIdx=82 loadState=2 isLoaded=1
[COLL-MISS]   slot cell(-3,5) qIdx=62 loadState=2 isLoaded=1
[COLL-MISS]   slot cell(-1,6) qIdx=81 loadState=2 isLoaded=1
[SH_DRIP] key_on song=0 ch=2 prog=1 note=70 bank=127 vabId=3 tones=1 match=1 vab2match=0
[SH_DRIP] key_on song=0 ch=5 prog=2 note=55 bank=127 vabId=3 tones=1 match=1 vab2match=1
[BIGPRIM] code=0x3c tp=0x37 span=681x867 at(16,1006)
[SFX] Sd_PlaySfx: sfxId=1379 (Sfx_Base+99) vol=44
[SH_DRIP] key_on song=0 ch=6 prog=1 note=70 bank=127 vabId=3 tones=1 match=1 vab2match=0
[COLL-MISS] cell(0,0) pos(0,0) activeCount=4
[COLL-MISS]   slot cell(-3,6) qIdx=63 loadState=2 isLoaded=1
[COLL-MISS]   slot cell(0,6) qIdx=82 loadState=2 isLoaded=1
[COLL-MISS]   slot cell(-3,5) qIdx=62 loadState=2 isLoaded=1
[COLL-MISS]   slot cell(-1,6) qIdx=81 loadState=2 isLoaded=1
[BIGPRIM] code=0x3c tp=0x37 span=1167x725 at(-392,-578)
[COLL-MISS] cell(0,-1) pos(1,-1) activeCount=4
[COLL-MISS]   slot cell(-3,6) qIdx=63 loadState=2 isLoaded=1
[COLL-MISS]   slot cell(0,6) qIdx=82 loadState=2 isLoaded=1
[COLL-MISS]   slot cell(-3,5) qIdx=62 loadState=2 isLoaded=1
[COLL-MISS]   slot cell(-1,6) qIdx=81 loadState=2 isLoaded=1
[BIGPRIM] code=0x3c tp=0x37 span=1284x1074 at(1057,1044)
[BIGPRIM] code=0x3a tp=0x40 span=1020x52 at(130,668)
[CHNK] n=4 s0=-3,6,st2 s1=0,6,st3 s2=-3,5,st2 s3=-1,6,st3
[SH-XBOX] vblank 22800
[MEM] tick: free=2424KB (606 pages)
[BIGPRIM] code=0x3c tp=0x37 span=1287x430 at(-956,45)
[COLL-MISS] cell(0,0) pos(2,1) activeCount=4
[COLL-MISS]   slot cell(-3,6) qIdx=63 loadState=2 isLoaded=1
[COLL-MISS]   slot cell(0,6) qIdx=82 loadState=2 isLoaded=1
[COLL-MISS]   slot cell(-3,5) qIdx=62 loadState=2 isLoaded=1
[COLL-MISS]   slot cell(-1,6) qIdx=81 loadState=2 isLoaded=1
[VRAM] decode #15872
[BIGPRIM] code=0x3c tp=0x37 span=621x823 at(88,951)
[BIGPRIM] code=0x3c tp=0x2c span=1902x1265 at(-3383,-568)
[BIGPRIM] code=0x3c tp=0x2c span=2034x1614 at(-3449,-2012)
[SFX] Sd_PlaySfx: sfxId=1381 (Sfx_Base+101) vol=62
[BIGPRIM] code=0x3a tp=0x40 span=1020x52 at(130,668)
[BIGPRIM] code=0x3a tp=0xa span=1020x770 at(130,-25)
[BIGPRIM] code=0x3c tp=0x37 span=1125x713 at(-314,-604)
[BIGPRIM] code=0x3c tp=0x37 span=1062x350 at(-869,244)
[BIGPRIM] code=0x3c tp=0x37 span=702x880 at(709,948)
[BIGPRIM] code=0x3c tp=0x37 span=1203x1019 at(1063,986)
[BIGPRIM] code=0x3c tp=0x2c span=2010x1375 at(-3056,-678)
[BIGPRIM] code=0x3c tp=0x37 span=1581x475 at(754,-610)
[BIGPRIM] code=0x3c tp=0x2c span=1794x1195 at(-3329,-549)
[SFX] Sd_PlaySfx: sfxId=1381 (Sfx_Base+101) vol=93
[BIGPRIM] code=0x3c tp=0x37 span=1131x703 at(-320,-610)
[BIGPRIM] code=0x3c tp=0x2c span=1296x1195 at(-2303,-752)
[BIGPRIM] code=0x3c tp=0x37 span=1206x424 at(-860,3)
[BIGPRIM] code=0x3c tp=0x37 span=1185x1003 at(1060,980)
[VRAM] out of slots -> GPU drain #1281 (alloc=49 worstPerFrame=2)
[VRAM] decode #16384
[BIGPRIM] code=0x3a tp=0xa span=1020x770 at(130,-25)
[BIGPRIM] code=0x3c tp=0x37 span=687x858 at(709,935)
[SFX] Sd_PlaySfx: sfxId=1381 (Sfx_Base+101) vol=88
[BIGPRIM] code=0x3c tp=0x36 span=990x173 at(1105,2825)
[BIGPRIM] code=0x3c tp=0x37 span=570x736 at(142,896)
[BIGPRIM] code=0x3c tp=0x2c span=2034x1614 at(-3449,-2041)
[BIGPRIM] code=0x3c tp=0x37 span=1089x360 at(-905,234)
[BIGPRIM] code=0x3c tp=0x37 span=1233x703 at(-470,-617)
[SFX] Sd_PlaySfx: sfxId=1381 (Sfx_Base+101) vol=86
[BIGPRIM] code=0x3a tp=0xa span=1020x770 at(130,-25)
[BIGPRIM] code=0x3c tp=0x36 span=168x1112 at(1069,2381)
[VRAM] decode #16896
[BIGPRIM] code=0x3c tp=0x37 span=618x739 at(31,893)
[BIGPRIM] code=0x3c tp=0x37 span=1335x694 at(-668,-649)
[SFX] Sd_PlaySfx: sfxId=1381 (Sfx_Base+101) vol=89
[BIGPRIM] code=0x3c tp=0x37 span=633x775 at(4,890)
[BIGPRIM] code=0x3c tp=0x37 span=633x781 at(-2,877)
[BIGPRIM] code=0x3c tp=0x37 span=600x729 at(34,855)
[VRAM] decode #17408
[BIGPRIM] code=0x3c tp=0x37 span=615x765 at(10,851)
[SFX] Sd_PlaySfx: sfxId=1381 (Sfx_Base+101) vol=100
[BIGPRIM] code=0x3a tp=0xa span=1020x770 at(130,-25)
[BIGPRIM] code=0x3c tp=0x37 span=2439x531 at(1111,-752)
[BIGPRIM] code=0x3a tp=0xa span=1020x770 at(130,-25)
[VRAM] out of slots -> GPU drain #1345 (alloc=49 worstPerFrame=2)
[SFX] Sd_PlaySfx: sfxId=1381 (Sfx_Base+101) vol=101
[VRAM] decode #17920
[BIGPRIM] code=0x3a tp=0xa span=1020x770 at(130,-25)
[BIGPRIM] code=0x3c tp=0x37 span=1335x627 at(-668,-720)
[BIGPRIM] code=0x3c tp=0x37 span=1335x598 at(-668,-726)
[BIGPRIM] code=0x3c tp=0x37 span=933x1430 at(646,1028)
[SFX] Sd_PlaySfx: sfxId=1381 (Sfx_Base+101) vol=112
[BIGPRIM] code=0x3c tp=0x37 span=207x771 at(1024,-720)
[BIGPRIM] code=0x3c tp=0x37 span=975x1517 at(664,1057)
[BIGPRIM] code=0x3c tp=0x2c span=1452x964 at(-2618,-604)
[BIGPRIM] code=0x3c tp=0x2c span=1278x848 at(-2207,-546)
[VRAM] decode #18432
[BIGPRIM] code=0x3c tp=0x36 span=972x1434 at(943,1603)
[BIGPRIM] code=0x3c tp=0x37 span=1488x219 at(913,-713)
[BIGPRIM] code=0x3a tp=0xa span=1020x770 at(130,-25)
[BIGPRIM] code=0x3c tp=0x37 span=1476x251 at(943,-707)
[SFX] Sd_PlaySfx: sfxId=1381 (Sfx_Base+101) vol=120
[BIGPRIM] code=0x3a tp=0xa span=1020x770 at(130,-25)
[BIGPRIM] code=0x3c tp=0x2c span=1104x874 at(-2060,-1340)
[BIGPRIM] code=0x3c tp=0x37 span=1911x1318 at(-92,2330)
[SFX] Sd_PlaySfx: sfxId=1378 (Sfx_Base+98) vol=123
[BIGPRIM] code=0x3c tp=0x2c span=972x771 at(-1691,-1192)
[BIGPRIM] code=0x3c tp=0x2c span=1284x1100 at(-2501,-1787)
[BIGPRIM] code=0x3c tp=0x2c span=990x758 at(-1343,-472)
[BIGPRIM] code=0x3c tp=0x2c span=1110x951 at(-2012,-1558)
[BIGPRIM] code=0x3c tp=0x2c span=1326x880 at(-2060,-610)
[BIGPRIM] code=0x3c tp=0x36 span=930x1003 at(949,1976)
[BIGPRIM] code=0x3c tp=0x37 span=1122x515 at(283,-617)
[BIGPRIM] code=0x3c tp=0x36 span=363x1256 at(622,2250)
[SFX] Sd_PlaySfx: sfxId=1381 (Sfx_Base+101) vol=119
[BIGPRIM] code=0x3c tp=0x37 span=1158x514 at(355,-597)
[BIGPRIM] code=0x3c tp=0x36 span=426x1070 at(574,2449)
[BIGPRIM] code=0x3c tp=0x2c span=936x861 at(-1130,-675)
[BIGPRIM] code=0x3c tp=0x37 span=1017x296 at(-800,157)
[BIGPRIM] code=0x3c tp=0x2c span=966x912 at(-1424,-694)
[BIGPRIM] code=0x3c tp=0x2c span=1524x1292 at(-2699,-916)
[BIGPRIM] code=0x3c tp=0x36 span=1515x566 at(-266,3011)
[GP-STATE-TXN] Gameplay -> sysState=7 (param=70)
[SYSSTATE] dispatch sysState=7 mapEventData=0x596948
[BIGPRIM] code=0x3c tp=0x37 span=1128x546 at(391,-578)
[BIGPRIM] code=0x3c tp=0x2c span=1662x1428 at(-3233,-2205)
[BIGPRIM] code=0x3c tp=0x2c span=882x816 at(-1394,-922)
[BIGPRIM] code=0x3c tp=0x2c span=1086x861 at(-1736,-1221)
[BIGPRIM] code=0x3c tp=0x36 span=1185x450 at(562,2831)
[VRAM] out of slots -> GPU drain #1409 (alloc=49 worstPerFrame=2)
[BIGPRIM] code=0x3c tp=0x37 span=1158x381 at(-764,-73)
[BIGPRIM] code=0x3c tp=0x2c span=1770x1477 at(-3221,-1420)
[BIGPRIM] code=0x3c tp=0x2c span=858x791 at(-1322,-893)
[SFX] Sd_PlaySfx: sfxId=1381 (Sfx_Base+101) vol=86
[BIGPRIM] code=0x3c tp=0x37 span=1881x597 at(-668,-572)
[BIGPRIM] code=0x3c tp=0x2c span=888x822 at(-1019,-630)
[BIGPRIM] code=0x3c tp=0x2c span=1716x1432 at(-3089,-1375)
[BIGPRIM] code=0x3c tp=0x37 span=510x726 at(502,710)
[BIGPRIM] code=0x3c tp=0x2c span=1566x1344 at(-2984,-2073)
[BIGPRIM] code=0x3c tp=0x37 span=1131x379 at(-728,-77)
[BIGPRIM] code=0x3c tp=0x37 span=2187x408 at(-854,3240)
[GP-STATE-TXN] Gameplay -> sysState=7 (param=70)
[BIGPRIM] code=0x3c tp=0x37 span=486x797 at(-47,726)
[BIGPRIM] code=0x3c tp=0x36 span=702x726 at(1027,2812)
[BIGPRIM] code=0x3c tp=0x37 span=1146x540 at(403,-572)
[BIGPRIM] code=0x3c tp=0x36 span=1185x450 at(544,2838)
[BIGPRIM] code=0x3c tp=0x2c span=1038x926 at(-1856,-964)
[BIGPRIM] code=0x3c tp=0x36 span=1521x560 at(-302,3011)
[VRAM] decode #18944
[BIGPRIM] code=0x3c tp=0x2c span=1308x893 at(-1448,-546)
[BIGPRIM] code=0x3a tp=0xa span=1020x770 at(130,-25)
[BIGPRIM] code=0x3c tp=0x2c span=1278x977 at(-1835,-540)
[BIGPRIM] code=0x3c tp=0x2c span=864x732 at(-641,-604)
[BIGPRIM] code=0x3c tp=0x2c span=1044x829 at(-1637,-1176)
[BIGPRIM] code=0x3c tp=0x2c span=930x880 at(-1331,-668)
[BIGPRIM] code=0x3c tp=0x2c span=1434x1220 at(-2486,-864)
[BIGPRIM] code=0x3c tp=0x2c span=858x791 at(-1319,-893)
[BIGPRIM] code=0x3c tp=0x37 span=1881x597 at(-668,-572)
[SFX] Sd_PlaySfx: sfxId=1381 (Sfx_Base+101) vol=55
[BIGPRIM] code=0x3c tp=0x2c span=918x849 at(-1484,-951)
[BIGPRIM] code=0x3c tp=0x37 span=1110x318 at(-926,176)
[BIGPRIM] code=0x3c tp=0x2c span=1260x1188 at(-2135,-893)
[BIGPRIM] code=0x3c tp=0x36 span=396x794 at(691,2757)
[BIGPRIM] code=0x3c tp=0x37 span=681x1132 at(-362,835)
[BIGPRIM] code=0x3c tp=0x36 span=1152x643 at(805,2542)
[BIGPRIM] code=0x3c tp=0x37 span=1428x312 at(1003,-649)
[BIGPRIM] code=0x3c tp=0x37 span=1986x1431 at(-1514,2217)
[BIGPRIM] code=0x3c tp=0x37 span=1038x621 at(-101,-675)
[BIGPRIM] code=0x3c tp=0x2c span=1734x1543 at(-3299,-1571)
[SFX] Sd_PlaySfx: sfxId=1381 (Sfx_Base+101) vol=30
[BIGPRIM] code=0x3c tp=0x2c span=1494x1413 at(-2921,-1070)
[BIGPRIM] code=0x3c tp=0x2c span=1026x944 at(-1628,-755)
[BIGPRIM] code=0x3c tp=0x37 span=1566x1122 at(268,2526)
[BIGPRIM] code=0x3c tp=0x2c span=1638x1510 at(-3251,-1767)
[BIGPRIM] code=0x3c tp=0x37 span=1515x199 at(856,-726)
[BIGPRIM] code=0x3c tp=0x37 span=960x340 at(-758,3)
[VRAM] decode #19456
[VRAM] out of slots -> GPU drain #1473 (alloc=49 worstPerFrame=2)
[BIGPRIM] code=0x3c tp=0x37 span=1302x556 at(-479,-732)
[BIGPRIM] code=0x3a tp=0xa span=1020x770 at(130,-25)
[BIGPRIM] code=0x3c tp=0x36 span=1095x1418 at(934,1523)
[SFX] Sd_PlaySfx: sfxId=1381 (Sfx_Base+101) vol=6
[BIGPRIM] code=0x3c tp=0x37 span=972x1507 at(658,1054)
[BIGPRIM] code=0x3c tp=0x37 span=1344x517 at(-1106,-257)
[BIGPRIM] code=0x3c tp=0x37 span=273x815 at(1078,-761)
[BIGPRIM] code=0x3c tp=0x37 span=888x1341 at(-206,1047)
[BIGPRIM] code=0x3c tp=0x37 span=1002x1485 at(661,1086)
[BIGPRIM] code=0x3c tp=0x37 span=1410x1453 at(1078,1044)
[BIGPRIM] code=0x3c tp=0x37 span=1521x1161 at(-578,2487)
[SFX] Sd_PlaySfx: sfxId=1381 (Sfx_Base+101) vol=1
[VRAM] decode #19968
[BIGPRIM] code=0x3c tp=0x36 span=1101x1507 at(913,1311)
[SYSSTATE] dispatch sysState=3 mapEventData=0
[FOGST-GPU] clear=0xff000000
[BOOT0/TIM] PostLoadTim file=1910 'MR_0TOWN.TIM' ss=0x8998 img.u=32 img.v=0 tPage=0,7 clutX=480 clutY=255
[BOOT0/TIM] post ReadTIM: prect=0xfac5a4 caddr=0xfac580 paddr=0xfac5ac mode=8
[BOOT0/TIM] pre pixel LoadImage rect=(480,0 32x256)
[BOOT0/TIM] pre CLUT LoadImage rect=(480,255 16x1)
[BOOT0/TIM] PostLoadTim done
[BIGPRIM] code=0x3c tp=0x36 span=453x1305 at(904,1513)
[BIGPRIM] code=0x3c tp=0x2c span=900x848 at(-1793,-681)
[SFX] Sd_PlaySfx: sfxId=1381 (Sfx_Base+101) vol=0
[BIGPRIM] code=0x3c tp=0x2c span=1014x777 at(-1802,-459)
[BIGPRIM] code=0x3a tp=0xa span=1020x770 at(130,-25)
[BIGPRIM] code=0x3c tp=0x37 span=606x771 at(-419,996)
[SH-XBOX] GameState -> 15 (step 0)
[SFX] Sd_PlaySfx: sfxId=1308 (Sfx_Base+28) vol=0
[BOOT0/TIM] PostLoadTim file=1896 'MP_0TOWN.TIM' ss=0x8570 img.u=0 img.v=16 tPage=1,5 clutX=224 clutY=15
[BOOT0/TIM] post ReadTIM: prect=0xf99784 caddr=0xf99580 paddr=0xf9978c mode=9
[BOOT0/TIM] pre pixel LoadImage rect=(320,16 160x480)
[BOOT0/TIM] pre CLUT LoadImage rect=(224,15 256x1)
[BOOT0/TIM] PostLoadTim done
[POOLSTOMP] upload (320,16 160x480) hits PINNED pool slot 3 'THR0004F' (320,256)
[POOLSTOMP] upload (320,16 160x480) hits PINNED pool slot 4 'THRCF2' (384,256)
[POOLSTOMP] upload (320,16 160x480) hits PINNED pool slot 5 'THRCF1' (448,256)
[SFX] Sd_PlaySfx: sfxId=1308 (Sfx_Base+28) vol=0
[BIGPRIM] code=0x2c tp=0x87 span=189x771 at(928,-411)
[SH-XBOX] GameState -> 11 (step 0)
[SFX] Sd_PlaySfx: sfxId=1321 (Sfx_Base+41) vol=0
[SFX] Sd_PlaySfx: sfxId=1322 (Sfx_Base+42) vol=0
[BIGPRIM] code=0x3c tp=0x37 span=843x1154 at(943,858)
[BIGPRIM] code=0x3c tp=0x2c span=1206x1009 at(-2435,-948)
[SFX] Sd_PlaySfx: sfxId=1381 (Sfx_Base+101) vol=2
[BIGPRIM] code=0x3c tp=0x2c span=1110x990 at(-2684,-1015)
[BIGPRIM] code=0x3c tp=0x2c span=1164x970 at(-2309,-906)
[BIGPRIM] code=0x3c tp=0x37 span=1248x777 at(-806,-675)
[BIGPRIM] code=0x3c tp=0x36 span=1116x1494 at(940,1324)
[BIGPRIM] code=0x3c tp=0x37 span=2028x1505 at(979,2143)
[FOGST-GPU] clear=0xff6c6474
[BIGPRIM] code=0x3c tp=0x2c span=936x790 at(-1274,-675)
[BIGPRIM] code=0x3c tp=0x2c span=942x893 at(-1925,-662)
[SFX] Sd_PlaySfx: sfxId=1381 (Sfx_Base+101) vol=3
[BIGPRIM] code=0x3c tp=0x2c span=1020x848 at(-1922,-787)
[BIGPRIM] code=0x3a tp=0xa span=1020x770 at(130,-25)
[BIGPRIM] code=0x3c tp=0x37 span=1314x681 at(-746,-687)
[BIGPRIM] code=0x3a tp=0xa span=1020x770 at(130,-25)
[VRAM] decode #20480
[SFX] Sd_PlaySfx: sfxId=1381 (Sfx_Base+101) vol=10
[BIGPRIM] code=0x3c tp=0x37 span=1017x187 at(1051,-437)
[BIGPRIM] code=0x3c tp=0x36 span=990x573 at(1075,2908)
[BIGPRIM] code=0x3c tp=0x36 span=1113x1360 at(940,1568)
[BIGPRIM] code=0x3c tp=0x2c span=1674x1542 at(-3197,-1221)
[BIGPRIM] code=0x3c tp=0x37 span=846x1228 at(-143,1009)
[BIGPRIM] code=0x3c tp=0x36 span=405x1501 at(1030,2147)
[BIGPRIM] code=0x3c tp=0x36 span=315x1084 at(865,1288)
[SFX] Sd_PlaySfx: sfxId=1381 (Sfx_Base+101) vol=14
[BIGPRIM] code=0x3a tp=0xa span=1020x770 at(130,-25)
[BIGPRIM] code=0x3c tp=0x36 span=870x1160 at(886,1157)
[VRAM] out of slots -> GPU drain #1537 (alloc=49 worstPerFrame=2)
[VRAM] decode #20992
[BIGPRIM] code=0x3c tp=0x37 span=2382x595 at(1096,-1099)
[BIGPRIM] code=0x3c tp=0x37 span=1308x688 at(-752,-752)
[BIGPRIM] code=0x3c tp=0x37 span=909x1636 at(-137,983)
[BIGPRIM] code=0x3c tp=0x37 span=120x765 at(820,-777)
[SFX] Sd_PlaySfx: sfxId=1381 (Sfx_Base+101) vol=22
[BIGPRIM] code=0x3a tp=0xa span=1020x770 at(130,-25)
[BIGPRIM] code=0x3c tp=0x2c span=840x790 at(-1601,-758)
[FREEZE] capture 1280x720 in 164ms
[SYSSTATE] dispatch sysState=14 mapEventData=0
[BIGPRIM] code=0x3a tp=0xa span=1020x770 at(130,-25)
[BIGPRIM] code=0x3c tp=0x2c span=906x765 at(-1157,-845)
[BIGPRIM] code=0x3c tp=0x2c span=966x861 at(-2189,-1089)
[BIGPRIM] code=0x3c tp=0x2c span=1014x848 at(-1868,-986)
[BIGPRIM] code=0x3c tp=0x37 span=1800x543 at(997,-1009)
[BIGPRIM] code=0x3c tp=0x37 span=1611x479 at(394,-996)
[SFX] Sd_PlaySfx: sfxId=1381 (Sfx_Base+101) vol=28
[BIGPRIM] code=0x3c tp=0x37 span=801x868 at(964,774)
[BIGPRIM] code=0x3c tp=0x37 span=762x1202 at(613,880)
[BIGPRIM] code=0x3c tp=0x36 span=366x1028 at(862,1279)
[BIGPRIM] code=0x3c tp=0x37 span=111x738 at(850,-729)
[BIGPRIM] code=0x3c tp=0x37 span=1491x1553 at(-236,2095)
[SYSSTATE] dispatch sysState=2 mapEventData=0
[FOGST-GPU] clear=0xff000000
[SH-XBOX] GameState -> 19 (step 0)
[BOOT0/TIM] PostLoadTim file=1485 'HEROPIC2.TIM' ss=0x5bb6 img.u=12 img.v=103 tPage=1,31 clutX=224 clutY=13
[BOOT0/TIM] post ReadTIM: prect=0xfac784 caddr=0xfac580 paddr=0xfac78c mode=9
[BOOT0/TIM] pre pixel LoadImage rect=(972,359 52x152)
[BOOT0/TIM] pre CLUT LoadImage rect=(224,13 256x1)
[BOOT0/TIM] PostLoadTim done
[SH-XBOX] GameState -> 14 (step 0)
[ITEMPICK] map-pack link: slot=3 loadableIdx=0 nobj=34 obj=ok
[ITEMPICK] map-pack link: slot=4 loadableIdx=8 nobj=34 obj=ok
[ITEMPICK] map-pack link: slot=5 loadableIdx=3 nobj=34 obj=ok
[ITEMPICK] map-pack link: slot=6 loadableIdx=15 nobj=34 obj=ok
[ITEMZ] tagged=0 hit=0 szmin=1000000000 szmax=-1000000000 otzSpan=1920
[BIGPRIM] code=0x28 tp=0x40 span=960x3 at(160,0)
[ITEMZ] tagged=248 hit=248 szmin=9046 szmax=13098 otzSpan=1920
[ZETA] wrote=0/6 min=16777215 max=0 fedZ=853749 bbox=565,292..1018,454 raw=FFFFFF00 FFFFFF00 FFFFFF00 FFFFFF00 FFFFFF00 FFFFFF00
[BIGPRIM] code=0x28 tp=0x12 span=960x3 at(160,0)
[ITEMZ] tagged=246 hit=246 szmin=9111 szmax=13098 otzSpan=1920
[ZETA] wrote=0/6 min=16777215 max=0 fedZ=838860 bbox=550,292..1018,454 raw=FFFFFF00 FFFFFF00 FFFFFF00 FFFFFF00 FFFFFF00 FFFFFF00
[BIGPRIM] code=0x28 tp=0x12 span=960x3 at(160,0)
[ITEMZ] tagged=251 hit=251 szmin=9004 szmax=13098 otzSpan=1920
[ZETA] wrote=0/6 min=16777215 max=0 fedZ=838860 bbox=562,290..1018,453 raw=FFFFFF00 FFFFFF00 FFFFFF00 FFFFFF00 FFFFFF00 FFFFFF00
[BIGPRIM] code=0x28 tp=0x12 span=960x3 at(160,0)
[SH-XBOX] vblank 23400
[MEM] tick: free=2232KB (558 pages)
[ITEMZ] tagged=247 hit=247 szmin=8962 szmax=13098 otzSpan=1920
[ZETA] wrote=0/6 min=16777215 max=0 fedZ=839773 bbox=601,290..1018,453 raw=FFFFFF00 FFFFFF00 FFFFFF00 FFFFFF00 FFFFFF00 FFFFFF00
[BIGPRIM] code=0x28 tp=0x12 span=960x3 at(160,0)
[ITEMZ] tagged=252 hit=252 szmin=9009 szmax=13098 otzSpan=1920
[ZETA] wrote=0/6 min=16777215 max=0 fedZ=852694 bbox=568,290..1018,453 raw=FFFFFF00 FFFFFF00 FFFFFF00 FFFFFF00 FFFFFF00 FFFFFF00
[BIGPRIM] code=0x28 tp=0x12 span=960x3 at(160,0)
[ITEMZ] tagged=245 hit=245 szmin=9111 szmax=13098 otzSpan=1920
[ZETA] wrote=0/6 min=16777215 max=0 fedZ=841700 bbox=556,292..1018,454 raw=FFFFFF00 FFFFFF00 FFFFFF00 FFFFFF00 FFFFFF00 FFFFFF00
[BIGPRIM] code=0x28 tp=0x12 span=960x3 at(160,0)
[SFX] Sd_PlaySfx: sfxId=1305 (Sfx_Base+25) vol=64
[ITEMZ] tagged=269 hit=269 szmin=9066 szmax=12259 otzSpan=1920
[ZETA] wrote=0/6 min=16777215 max=0 fedZ=838860 bbox=394,294..1003,450 raw=FFFFFF00 FFFFFF00 FFFFFF00 FFFFFF00 FFFFFF00 FFFFFF00
[BIGPRIM] code=0x28 tp=0x11 span=960x3 at(160,0)
[ITEMZ] tagged=250 hit=250 szmin=9016 szmax=12259 otzSpan=1920
[ZETA] wrote=0/6 min=16777215 max=0 fedZ=841188 bbox=394,294..1003,450 raw=FFFFFF00 FFFFFF00 FFFFFF00 FFFFFF00 FFFFFF00 FFFFFF00
[BIGPRIM] code=0x28 tp=0x11 span=960x3 at(160,0)
[ITEMZ] tagged=238 hit=238 szmin=9018 szmax=12259 otzSpan=1920
[ZETA] wrote=0/6 min=16777215 max=0 fedZ=838860 bbox=394,294..1003,450 raw=FFFFFF00 FFFFFF00 FFFFFF00 FFFFFF00 FFFFFF00 FFFFFF00
[SFX] Sd_PlaySfx: sfxId=1307 (Sfx_Base+27) vol=64
[BIGPRIM] code=0x28 tp=0x11 span=960x3 at(160,0)
[ITEMZ] tagged=265 hit=265 szmin=8996 szmax=12259 otzSpan=1920
[ZETA] wrote=0/6 min=16777215 max=0 fedZ=844643 bbox=394,294..1003,450 raw=FFFFFF00 FFFFFF00 FFFFFF00 FFFFFF00 FFFFFF00 FFFFFF00
[BIGPRIM] code=0x28 tp=0x11 span=960x3 at(160,0)
[ITEMZ] tagged=279 hit=279 szmin=9079 szmax=12259 otzSpan=1920
[ZETA] wrote=0/6 min=16777215 max=0 fedZ=851908 bbox=394,294..1003,450 raw=FFFFFF00 FFFFFF00 FFFFFF00 FFFFFF00 FFFFFF00 FFFFFF00
[BIGPRIM] code=0x28 tp=0x11 span=960x3 at(160,0)
[SFX] Sd_PlaySfx: sfxId=1307 (Sfx_Base+27) vol=64
[ITEMPICK] map-pack link: slot=7 loadableIdx=8 nobj=34 obj=ok
[ITEMZ] tagged=372 hit=372 szmin=9095 szmax=12259 otzSpan=1920
[ZETA] wrote=0/6 min=16777215 max=0 fedZ=842443 bbox=394,125..1003,450 raw=FFFFFF00 FFFFFF00 FFFFFF00 FFFFFF00 FFFFFF00 FFFFFF00
[BIGPRIM] code=0x28 tp=0x12 span=960x3 at(160,0)
[ITEMZ] tagged=392 hit=392 szmin=9021 szmax=12259 otzSpan=1920
[ZETA] wrote=0/6 min=16777215 max=0 fedZ=838860 bbox=394,123..1003,450 raw=FFFFFF00 FFFFFF00 FFFFFF00 FFFFFF00 FFFFFF00 FFFFFF00
[BIGPRIM] code=0x28 tp=0x12 span=960x3 at(160,0)
[ITEMZ] tagged=358 hit=358 szmin=9029 szmax=12259 otzSpan=1920
[ZETA] wrote=0/6 min=16777215 max=0 fedZ=842366 bbox=394,117..1003,450 raw=FFFFFF00 FFFFFF00 FFFFFF00 FFFFFF00 FFFFFF00 FFFFFF00
[BIGPRIM] code=0x28 tp=0x12 span=960x3 at(160,0)
[ITEMZ] tagged=318 hit=318 szmin=9066 szmax=12259 otzSpan=1920
[ZETA] wrote=0/6 min=16777215 max=0 fedZ=838860 bbox=394,118..1003,450 raw=FFFFFF00 FFFFFF00 FFFFFF00 FFFFFF00 FFFFFF00 FFFFFF00
[BIGPRIM] code=0x28 tp=0x12 span=960x3 at(160,0)
[ITEMZ] tagged=328 hit=328 szmin=9016 szmax=12259 otzSpan=1920
[ZETA] wrote=0/6 min=16777215 max=0 fedZ=841188 bbox=394,125..1003,450 raw=FFFFFF00 FFFFFF00 FFFFFF00 FFFFFF00 FFFFFF00 FFFFFF00
[BIGPRIM] code=0x28 tp=0x12 span=960x3 at(160,0)
[ITEMZ] tagged=335 hit=335 szmin=9018 szmax=12259 otzSpan=1920
[ZETA] wrote=0/6 min=16777215 max=0 fedZ=838860 bbox=394,123..1003,450 raw=FFFFFF00 FFFFFF00 FFFFFF00 FFFFFF00 FFFFFF00 FFFFFF00
[BIGPRIM] code=0x28 tp=0x12 span=960x3 at(160,0)
[ITEMZ] tagged=346 hit=346 szmin=8996 szmax=12259 otzSpan=1920
[ZETA] wrote=0/6 min=16777215 max=0 fedZ=844643 bbox=394,117..1003,450 raw=FFFFFF00 FFFFFF00 FFFFFF00 FFFFFF00 FFFFFF00 FFFFFF00
[BIGPRIM] code=0x28 tp=0x12 span=960x3 at(160,0)
[ITEMZ] tagged=328 hit=328 szmin=9079 szmax=12259 otzSpan=1920
[ZETA] wrote=0/6 min=16777215 max=0 fedZ=851908 bbox=394,118..1003,450 raw=FFFFFF00 FFFFFF00 FFFFFF00 FFFFFF00 FFFFFF00 FFFFFF00
[BIGPRIM] code=0x28 tp=0x12 span=960x3 at(160,0)
[ITEMZ] tagged=372 hit=372 szmin=9095 szmax=12259 otzSpan=1920
[ZETA] wrote=0/6 min=16777215 max=0 fedZ=842443 bbox=394,125..1003,450 raw=FFFFFF00 FFFFFF00 FFFFFF00 FFFFFF00 FFFFFF00 FFFFFF00
[BIGPRIM] code=0x28 tp=0x12 span=960x3 at(160,0)
[SFX] Sd_PlaySfx: sfxId=1306 (Sfx_Base+26) vol=64
[ITEMZ] tagged=392 hit=392 szmin=9021 szmax=12259 otzSpan=1920
[ZETA] wrote=0/6 min=16777215 max=0 fedZ=838860 bbox=394,123..1003,450 raw=FFFFFF00 FFFFFF00 FFFFFF00 FFFFFF00 FFFFFF00 FFFFFF00
[BIGPRIM] code=0x28 tp=0x12 span=960x3 at(160,0)
[SH-XBOX] vblank 24000
[MEM] tick: free=2232KB (558 pages)
[ITEMZ] tagged=358 hit=358 szmin=9029 szmax=12259 otzSpan=1920
[ZETA] wrote=0/6 min=16777215 max=0 fedZ=842366 bbox=394,117..1003,450 raw=FFFFFF00 FFFFFF00 FFFFFF00 FFFFFF00 FFFFFF00 FFFFFF00
[BIGPRIM] code=0x28 tp=0x12 span=960x3 at(160,0)
[SFX] Sd_PlaySfx: sfxId=1306 (Sfx_Base+26) vol=64
[WEP_DBG] handgun pre-copy D_800AFBF4[6]: sfx0=1283 sfx2=1284 sfx4=1285 aim6=66 att7=72 hold8=61 f9=37 fA=37 fB=0 sizeof=12
[WEP_DBG] handgun post-copy g_Player_EquippedWeaponInfo: sfx0=1283 sfx2=1284 sfx4=1285 aim6=66 att7=72 hold8=61 f9=37 fA=37 fB=0 sizeof=12
[RELOAD_KF] weap=32 blendStart=-1 blendEnd=605 activeEnd=658
[WEP_LOAD] weaponAttack=32 FS_BUFFER_12=0xeea120 — queuing weapon ANM
[WEP_LOAD] post-load FS_BUFFER_12 first 16 bytes: 00 fa 00 7f ff fd 01 7f fe 03 02 7f 7f 01 01 ff
[WEP_LOAD] HARRY_BASE_ANIM_INFOS[56] status=56 hasVar=0 link=57 sk=-1 ek=570
[WEP_LOAD] HARRY_BASE_ANIM_INFOS[57] status=57 hasVar=0 link=57 sk=570 ek=579
[WEP_LOAD] g_Player_EquippedWeaponInfo: attackSfx=1283 animStop=66 animAttack=72 animHold=61 sizeof=12
[SH-XBOX] GameState -> 11 (step 0)
[SFX] Sd_PlaySfx: sfxId=1321 (Sfx_Base+41) vol=0
[SFX] Sd_PlaySfx: sfxId=1322 (Sfx_Base+42) vol=0
[BIGPRIM] code=0x3c tp=0x36 span=363x1086 at(862,1292)
[VRAM] decode #21504
[SFX] Sd_PlaySfx: sfxId=1381 (Sfx_Base+101) vol=28
[BIGPRIM] code=0x3c tp=0x37 span=1320x662 at(-734,-752)
[BIGPRIM] code=0x3c tp=0x36 span=354x1158 at(868,1317)
[BIGPRIM] code=0x3c tp=0x37 span=1608x354 at(529,-887)
[BIGPRIM] code=0x3c tp=0x36 span=951x1276 at(895,1224)
[BIGPRIM] code=0x3c tp=0x37 span=801x1183 at(637,935)
[FLEX] st=1 f100=0 f122=1842 fx=0 fy=0 anim=53 kf=507 dt=136
[FOGST-GPU] clear=0xff6c6474
[FLEX] st=1 f100=1 f122=1587 fx=0 fy=0 anim=65 kf=570 dt=136
[FLEX] st=1 f100=2 f122=1562 fx=26 fy=26 anim=65 kf=571 dt=136
[BIGPRIM] code=0x3a tp=0xa span=1020x770 at(130,-25)
[FLEX] st=1 f100=3 f122=1481 fx=56 fy=56 anim=65 kf=573 dt=136
[FLEX] st=1 f100=4 f122=1398 fx=90 fy=90 anim=65 kf=575 dt=136
[SFX] Sd_PlaySfx: sfxId=1381 (Sfx_Base+101) vol=15
[BIGPRIM] code=0x3c tp=0x36 span=360x1167 at(871,1324)
[FLEX] st=1 f100=5 f122=1371 fx=128 fy=128 anim=65 kf=577 dt=136
[VRAM] decode #22016
[FLEX] st=1 f100=6 f122=1360 fx=170 fy=170 anim=65 kf=579 dt=136
[FLEX] st=1 f100=7 f122=1348 fx=216 fy=216 anim=65 kf=581 dt=136
[BIGPRIM] code=0x3c tp=0x37 span=1587x562 at(424,-938)
[FLEX] st=1 f100=8 f122=1349 fx=266 fy=256 anim=65 kf=583 dt=136
[FLEX] st=1 f100=9 f122=1360 fx=320 fy=0 anim=65 kf=585 dt=136
[FLEX] st=1 f100=10 f122=1360 fx=336 fy=-14 anim=65 kf=587 dt=136
[BIGPRIM] code=0x3c tp=0x36 span=1281x1411 at(952,1446)
[FLEX] st=1 f100=11 f122=1411 fx=387 fy=-26 anim=65 kf=589 dt=136
[FLEX] st=1 f100=12 f122=1410 fx=386 fy=-35 anim=65 kf=591 dt=136
[VRAM] out of slots -> GPU drain #1601 (alloc=49 worstPerFrame=2)
[FLEX] st=1 f100=13 f122=1409 fx=385 fy=-42 anim=65 kf=592 dt=136
[FLEX] st=1 f100=14 f122=1430 fx=406 fy=-45 anim=65 kf=592 dt=136
[BIGPRIM] code=0x3c tp=0x37 span=1782x855 at(835,2793)
[FLEX] st=1 f100=15 f122=1444 fx=420 fy=-46 anim=65 kf=592 dt=136
[FLEX] st=1 f100=15 f122=1460 fx=436 fy=-45 anim=61 kf=594 dt=136
[SFX] Sd_PlaySfx: sfxId=1283 (Sfx_Base+3) vol=0
[FLEX] st=1 f100=15 f122=1516 fx=492 fy=-42 anim=61 kf=594 dt=136
[SFX] Sd_PlaySfx: sfxId=1286 (Sfx_Base+6) vol=0
[MUZZLE] depth150=1022 size160=3 f158=0 f2C=224 xy=(-20,-43) rgb=(10,3,6) fieldB=0
[MUZZLE] depth150=1022 size160=3 f158=0 f2C=224 xy=(-23,-42) rgb=(45,48,51) fieldB=1
[MUZZLE] depth150=1030 size160=3 f158=0 f2C=224 xy=(-22,-42) rgb=(45,48,51) fieldB=2
[FLEX] st=1 f100=15 f122=1516 fx=492 fy=-38 anim=61 kf=595 dt=136
[SFX] Sd_PlaySfx: sfxId=1377 (Sfx_Base+97) vol=0
[MUZZLE] depth150=1023 size160=3 f158=120 f2C=224 xy=(-19,-43) rgb=(10,3,6) fieldB=0
[MUZZLE] depth150=1023 size160=3 f158=132 f2C=224 xy=(-22,-42) rgb=(80,85,91) fieldB=1
[MUZZLE] depth150=1031 size160=3 f158=161 f2C=224 xy=(-21,-42) rgb=(84,89,95) fieldB=2
[FLEX] st=1 f100=15 f122=1487 fx=463 fy=-34 anim=61 kf=596 dt=136
[SFX] Sd_PlaySfx: sfxId=1381 (Sfx_Base+101) vol=18
[MUZZLE] depth150=1022 size160=4 f158=278 f2C=224 xy=(-18,-43) rgb=(117,11,194) fieldB=0
[MUZZLE] depth150=1023 size160=4 f158=268 f2C=224 xy=(-21,-42) rgb=(94,100,107) fieldB=1
[MUZZLE] depth150=1031 size160=4 f158=304 f2C=224 xy=(-20,-42) rgb=(95,101,108) fieldB=2
[BIGPRIM] code=0x3c tp=0x37 span=1332x656 at(-704,-694)
[FLEX] st=1 f100=15 f122=1492 fx=468 fy=-30 anim=61 kf=597 dt=136
[MUZZLE] depth150=1023 size160=4 f158=436 f2C=224 xy=(-17,-43) rgb=(218,255,236) fieldB=0
[MUZZLE] depth150=1023 size160=4 f158=401 f2C=224 xy=(-20,-42) rgb=(84,89,95) fieldB=1
[MUZZLE] depth150=1032 size160=4 f158=442 f2C=224 xy=(-19,-42) rgb=(86,91,98) fieldB=2
[FLEX] st=1 f100=15 f122=1497 fx=473 fy=-26 anim=61 kf=598 dt=136
[SFX] Sd_PlaySfx: sfxId=1377 (Sfx_Base+97) vol=0
[MUZZLE] depth150=1024 size160=5 f158=595 f2C=224 xy=(-16,-43) rgb=(219,255,236) fieldB=0
[MUZZLE] depth150=1024 size160=5 f158=510 f2C=224 xy=(-19,-42) rgb=(72,77,83) fieldB=1
[MUZZLE] depth150=1033 size160=5 f158=565 f2C=224 xy=(-18,-43) rgb=(78,83,89) fieldB=2
[FLEX] st=1 f100=15 f122=1524 fx=500 fy=-23 anim=61 kf=598 dt=136
[MUZZLE] depth150=1023 size160=5 f158=739 f2C=224 xy=(-16,-43) rgb=(219,255,237) fieldB=0
[FLEX] st=1 f100=15 f122=1546 fx=522 fy=-21 anim=61 kf=599 dt=136
[VRAM] decode #22528
[FLEX] st=1 f100=15 f122=1571 fx=547 fy=-18 anim=61 kf=600 dt=136
[BIGPRIM] code=0x3a tp=0xa span=1020x770 at(130,-25)
[FLEX] st=1 f100=15 f122=1585 fx=561 fy=-16 anim=61 kf=601 dt=136
[FLEX] st=1 f100=15 f122=1587 fx=563 fy=-14 anim=61 kf=602 dt=136
[SFX] Sd_PlaySfx: sfxId=1381 (Sfx_Base+101) vol=26
[FLEX] st=1 f100=15 f122=1584 fx=560 fy=-12 anim=61 kf=603 dt=136
[FLEX] st=1 f100=15 f122=1576 fx=552 fy=-11 anim=61 kf=603 dt=136
[BIGPRIM] code=0x3c tp=0x36 span=1176x1179 at(991,1729)
[FLEX] st=1 f100=15 f122=1567 fx=543 fy=-11 anim=61 kf=604 dt=136
[ATTACK-DONE] st=61 lookupSt=61 kf=604 -> pcAttackDone
[FLEX] st=1 f100=15 f122=1566 fx=542 fy=-10 anim=61 kf=604 dt=136
[FLEX] st=1 f100=16 f122=1569 fx=545 fy=-10 anim=61 kf=604 dt=136
[FLEX] st=1 f100=17 f122=1573 fx=549 fy=-9 anim=61 kf=604 dt=136
[FLEX] st=1 f100=18 f122=1575 fx=551 fy=-9 anim=61 kf=604 dt=136
[BIGPRIM] code=0x3c tp=0x36 span=270x1584 at(967,1864)
[FLEX] st=1 f100=19 f122=1579 fx=555 fy=-9 anim=61 kf=604 dt=136
[FLEX] st=1 f100=20 f122=1574 fx=550 fy=-8 anim=61 kf=604 dt=136
[FLEX] st=1 f100=21 f122=1567 fx=543 fy=-8 anim=61 kf=604 dt=136
[FLEX] st=1 f100=22 f122=1563 fx=539 fy=-8 anim=61 kf=604 dt=136
[FLEX] st=1 f100=23 f122=1560 fx=536 fy=-7 anim=61 kf=604 dt=136
[VRAM] decode #23040
[BIGPRIM] code=0x3c tp=0x37 span=1746x558 at(-1553,-115)
[FLEX] st=1 f100=24 f122=1547 fx=523 fy=-7 anim=61 kf=604 dt=136
[FLEX] st=1 f100=25 f122=1538 fx=514 fy=-7 anim=61 kf=604 dt=136
[FLEX] st=1 f100=26 f122=1526 fx=502 fy=-7 anim=61 kf=604 dt=136
[FLEX] st=1 f100=27 f122=1524 fx=500 fy=-7 anim=61 kf=604 dt=136
[FLEX] st=1 f100=28 f122=1523 fx=499 fy=-7 anim=61 kf=604 dt=136
[BIGPRIM] code=0x3c tp=0x37 span=1341x652 at(-608,-687)
[FLEX] st=1 f100=29 f122=1517 fx=493 fy=-6 anim=61 kf=604 dt=136
[FLEX] st=1 f100=30 f122=1519 fx=495 fy=-6 anim=61 kf=604 dt=136
[FLEX] st=1 f100=31 f122=1518 fx=494 fy=-5 anim=61 kf=604 dt=136
[FLEX] st=1 f100=32 f122=1522 fx=498 fy=-5 anim=61 kf=604 dt=136
[BIGPRIM] code=0x3c tp=0x2c span=2406x1600 at(-3635,-871)
[FLEX] st=1 f100=33 f122=1517 fx=493 fy=-6 anim=61 kf=604 dt=136
[FLEX] st=1 f100=34 f122=1518 fx=494 fy=-6 anim=61 kf=604 dt=136
[FLEX] st=1 f100=35 f122=1518 fx=494 fy=-6 anim=61 kf=604 dt=136
[BIGPRIM] code=0x3c tp=0x2c span=1506x1388 at(-2792,-1006)
[FLEX] st=1 f100=36 f122=1514 fx=490 fy=-7 anim=61 kf=604 dt=136
[FLEX] st=1 f100=37 f122=1514 fx=490 fy=-6 anim=61 kf=604 dt=136
[BIGPRIM] code=0x3c tp=0x36 span=1020x469 at(1015,2947)
[FLEX] st=1 f100=38 f122=1488 fx=464 fy=-5 anim=61 kf=604 dt=136
[FLEX] st=1 f100=39 f122=1489 fx=465 fy=-5 anim=61 kf=604 dt=136
[SFX] Sd_PlaySfx: sfxId=1381 (Sfx_Base+101) vol=43
[FLEX] st=1 f100=40 f122=1487 fx=463 fy=-3 anim=61 kf=604 dt=136
[VRAM] decode #23552
[BIGPRIM] code=0x3c tp=0x37 span=1572x376 at(757,-687)
[FLEX] st=1 f100=41 f122=1476 fx=452 fy=-3 anim=61 kf=604 dt=136
[FLEX] st=1 f100=42 f122=1471 fx=447 fy=-3 anim=61 kf=604 dt=136
[BIGPRIM] code=0x3c tp=0x37 span=1683x543 at(-1034,3105)
[FLEX] st=1 f100=43 f122=1484 fx=460 fy=-3 anim=61 kf=604 dt=136
[FLEX] st=1 f100=44 f122=1487 fx=463 fy=-4 anim=61 kf=604 dt=136
[FLEX] st=1 f100=45 f122=1496 fx=472 fy=-5 anim=61 kf=604 dt=136
[BIGPRIM] code=0x3c tp=0x37 span=1062x357 at(-881,118)
[FLEX] st=1 f100=46 f122=1504 fx=480 fy=-7 anim=61 kf=604 dt=136
[FLEX] st=1 f100=46 f122=1526 fx=502 fy=-6 anim=61 kf=594 dt=136
[BIGPRIM] code=0x3c tp=0x36 span=996x1006 at(1021,1992)
[SFX] Sd_PlaySfx: sfxId=1283 (Sfx_Base+3) vol=0
[FLEX] st=1 f100=46 f122=1575 fx=551 fy=-5 anim=61 kf=594 dt=136
[SFX] Sd_PlaySfx: sfxId=1286 (Sfx_Base+6) vol=0
[FLEX] st=1 f100=46 f122=1595 fx=571 fy=-4 anim=61 kf=595 dt=136
[SFX] Sd_PlaySfx: sfxId=1377 (Sfx_Base+97) vol=0
[FLEX] st=1 f100=46 f122=1598 fx=574 fy=-2 anim=61 kf=596 dt=136
[BIGPRIM] code=0x3c tp=0x37 span=1224x649 at(-413,-687)
[FLEX] st=1 f100=46 f122=1612 fx=588 fy=0 anim=61 kf=597 dt=136
[FLEX] st=1 f100=46 f122=1621 fx=597 fy=2 anim=61 kf=598 dt=136
[SFX] Sd_PlaySfx: sfxId=1377 (Sfx_Base+97) vol=0
[BIGPRIM] code=0x3c tp=0x36 span=129x1491 at(970,1996)
[FLEX] st=1 f100=46 f122=1625 fx=601 fy=4 anim=61 kf=598 dt=136
[FLEX] st=1 f100=46 f122=1628 fx=604 fy=5 anim=61 kf=599 dt=136
[FLEX] st=1 f100=46 f122=1593 fx=569 fy=6 anim=61 kf=600 dt=136
[BIGPRIM] code=0x3c tp=0x37 span=1125x446 at(-785,-141)
[FLEX] st=1 f100=46 f122=1591 fx=567 fy=8 anim=61 kf=601 dt=136
[FLEX] st=1 f100=46 f122=1579 fx=555 fy=8 anim=61 kf=602 dt=136
[SFX] Sd_PlaySfx: sfxId=1381 (Sfx_Base+101) vol=13
[BIGPRIM] code=0x3c tp=0x2c span=1464x976 at(-2657,-523)
[FLEX] st=1 f100=46 f122=1567 fx=543 fy=9 anim=61 kf=603 dt=136
[FLEX] st=1 f100=46 f122=1541 fx=517 fy=9 anim=61 kf=603 dt=136
[VRAM] decode #24064
[BIGPRIM] code=0x3c tp=0x36 span=84x1465 at(973,2028)
[FLEX] st=1 f100=46 f122=1527 fx=503 fy=9 anim=61 kf=604 dt=136
[ATTACK-DONE] st=61 lookupSt=61 kf=604 -> pcAttackDone
[FLEX] st=1 f100=46 f122=1508 fx=484 fy=8 anim=61 kf=604 dt=136
[VRAM] out of slots -> GPU drain #1665 (alloc=49 worstPerFrame=2)
[BIGPRIM] code=0x3c tp=0x37 span=687x1565 at(-413,1099)
[FLEX] st=1 f100=47 f122=1494 fx=470 fy=8 anim=61 kf=604 dt=136
[FLEX] st=1 f100=47 f122=1479 fx=455 fy=8 anim=61 kf=594 dt=136
[BIGPRIM] code=0x3c tp=0x2c span=990x911 at(-1556,-658)
[SFX] Sd_PlaySfx: sfxId=1283 (Sfx_Base+3) vol=0
[FLEX] st=1 f100=47 f122=1495 fx=471 fy=8 anim=61 kf=594 dt=136
[SFX] Sd_PlaySfx: sfxId=1286 (Sfx_Base+6) vol=0
[BIGPRIM] code=0x3c tp=0x36 span=1170x527 at(739,2966)
[FLEX] st=1 f100=47 f122=1476 fx=452 fy=7 anim=61 kf=595 dt=136
[FLEX] st=1 f100=47 f122=1460 fx=436 fy=7 anim=61 kf=596 dt=136
[BIGPRIM] code=0x3c tp=0x2c span=1308x1041 at(-2657,-1423)
[FLEX] st=1 f100=47 f122=1442 fx=418 fy=13 anim=61 kf=597 dt=136
[FLEX] st=1 f100=47 f122=1435 fx=411 fy=22 anim=61 kf=598 dt=136
[BIGPRIM] code=0x3c tp=0x37 span=1053x630 at(-128,-675)
[FLEX] st=1 f100=47 f122=1425 fx=401 fy=31 anim=61 kf=598 dt=136
[BIGPRIM] code=0x3c tp=0x37 span=630x1317 at(-317,1035)
[FLEX] st=1 f100=47 f122=1407 fx=383 fy=41 anim=61 kf=599 dt=136
[FLEX] st=1 f100=47 f122=1401 fx=377 fy=50 anim=61 kf=600 dt=136
[BIGPRIM] code=0x3c tp=0x2c span=1008x668 at(-1559,-360)
[FLEX] st=1 f100=47 f122=1396 fx=372 fy=59 anim=61 kf=601 dt=136
[BIGPRIM] code=0x3c tp=0x37 span=912x1357 at(-692,925)
[FLEX] st=1 f100=47 f122=1388 fx=364 fy=68 anim=61 kf=602 dt=136
[FLEX] st=1 f100=47 f122=1369 fx=345 fy=76 anim=61 kf=603 dt=136
[BIGPRIM] code=0x3c tp=0x2c span=966x642 at(-1448,-350)
[FLEX] st=1 f100=47 f122=1349 fx=325 fy=85 anim=61 kf=603 dt=136
[BIGPRIM] code=0x3c tp=0x37 span=1464x319 at(955,-675)
[FLEX] st=1 f100=47 f122=1344 fx=320 fy=94 anim=61 kf=604 dt=136
[BIGPRIM] code=0x3c tp=0x36 span=1104x967 at(925,2160)
[ATTACK-DONE] st=61 lookupSt=61 kf=604 -> pcAttackDone
[FLEX] st=1 f100=47 f122=1355 fx=331 fy=103 anim=61 kf=604 dt=136
[FLEX] st=1 f100=48 f122=1358 fx=334 fy=154 anim=61 kf=604 dt=136
[RA] watch 84008: state=2 unlocked=1786116799 flags[4B4]=00 flags[4A1]=00 word4=0x00000000 setbits=43 map=1/36
[BIGPRIM] code=0x3c tp=0x37 span=624x836 at(748,787)
[ATTACK-DONE] st=61 lookupSt=61 kf=604 -> pcAttackDone
[FLEX] st=1 f100=48 f122=1376 fx=352 fy=162 anim=61 kf=604 dt=136
[BIGPRIM] code=0x3c tp=0x37 span=1707x931 at(-728,-668)
[FLEX] st=1 f100=49 f122=1381 fx=357 fy=170 anim=61 kf=604 dt=136
[VRAM] decode #24576
[ATTACK-DONE] st=61 lookupSt=61 kf=604 -> pcAttackDone
[FLEX] st=1 f100=49 f122=1403 fx=379 fy=177 anim=61 kf=604 dt=136
[BIGPRIM] code=0x3a tp=0xa span=1020x770 at(130,-25)
[FLEX] st=1 f100=50 f122=1418 fx=394 fy=184 anim=61 kf=604 dt=136
[BIGPRIM] code=0x3c tp=0x37 span=645x884 at(754,793)
[ATTACK-DONE] st=61 lookupSt=61 kf=604 -> pcAttackDone
[FLEX] st=1 f100=50 f122=1440 fx=416 fy=191 anim=61 kf=604 dt=136
[BIGPRIM] code=0x3c tp=0x2c span=1650x1375 at(-3059,-1260)
[FLEX] st=1 f100=51 f122=1466 fx=442 fy=198 anim=61 kf=604 dt=136
[ATTACK-DONE] st=61 lookupSt=61 kf=604 -> pcAttackDone
[FLEX] st=1 f100=51 f122=1488 fx=464 fy=205 anim=61 kf=604 dt=136
[SFX] Sd_PlaySfx: sfxId=1381 (Sfx_Base+101) vol=21
[BIGPRIM] code=0x3a tp=0xa span=1020x770 at(130,-25)
[FLEX] st=1 f100=52 f122=1506 fx=482 fy=212 anim=61 kf=604 dt=136
[BIGPRIM] code=0x3c tp=0x37 span=660x925 at(760,797)
[FLEX] st=1 f100=53 f122=1530 fx=506 fy=218 anim=61 kf=604 dt=136
[BIGPRIM] code=0x3c tp=0x37 span=1749x886 at(-734,-655)
[FLEX] st=1 f100=54 f122=1549 fx=525 fy=216 anim=61 kf=604 dt=136
[FLEX] st=1 f100=55 f122=1577 fx=553 fy=214 anim=61 kf=604 dt=136
[BIGPRIM] code=0x3c tp=0x2c span=978x668 at(-1028,-379)
[FLEX] st=1 f100=56 f122=1599 fx=575 fy=215 anim=61 kf=604 dt=136
[BIGPRIM] code=0x3c tp=0x37 span=1416x283 at(1021,-655)
[ATTACK-DONE] st=61 lookupSt=61 kf=604 -> pcAttackDone
[FLEX] st=1 f100=56 f122=1635 fx=611 fy=215 anim=61 kf=604 dt=136
[BIGPRIM] code=0x3c tp=0x36 span=1335x585 at(358,2998)
[FLEX] st=1 f100=57 f122=1670 fx=640 fy=216 anim=61 kf=604 dt=136
[FLEX] st=1 f100=57 f122=1694 fx=640 fy=217 anim=61 kf=594 dt=136
[BIGPRIM] code=0x3c tp=0x37 span=666x945 at(763,797)
[SFX] Sd_PlaySfx: sfxId=1283 (Sfx_Base+3) vol=0
[FLEX] st=1 f100=57 f122=1757 fx=640 fy=219 anim=61 kf=594 dt=136
[SFX] Sd_PlaySfx: sfxId=1286 (Sfx_Base+6) vol=0
[BIGPRIM] code=0x3c tp=0x2c span=2004x1330 at(-3434,-816)
[FLEX] st=1 f100=57 f122=1778 fx=640 fy=176 anim=61 kf=595 dt=136
[SFX] Sd_PlaySfx: sfxId=1377 (Sfx_Base+97) vol=0
[FLEX] st=1 f100=57 f122=1789 fx=640 fy=174 anim=61 kf=596 dt=136
[BIGPRIM] code=0x3c tp=0x2c span=786x727 at(-1331,-800)
[FLEX] st=1 f100=57 f122=1813 fx=640 fy=130 anim=61 kf=597 dt=136
[BIGPRIM] code=0x3c tp=0x37 span=1416x283 at(1021,-655)
[FLEX] st=1 f100=57 f122=1851 fx=640 fy=132 anim=61 kf=598 dt=136
[SFX] Sd_PlaySfx: sfxId=1377 (Sfx_Base+97) vol=0
[BIGPRIM] code=0x3c tp=0x37 span=2019x389 at(-176,3259)
[FLEX] st=1 f100=57 f122=1867 fx=640 fy=142 anim=61 kf=598 dt=136
[FLEX] st=1 f100=57 f122=1889 fx=640 fy=142 anim=61 kf=599 dt=136
[BIGPRIM] code=0x3c tp=0x2c span=1038x925 at(-2033,-941)
[FLEX] st=1 f100=57 f122=1898 fx=640 fy=143 anim=61 kf=600 dt=136
[BIGPRIM] code=0x3c tp=0x37 span=1743x899 at(-734,-662)
[FLEX] st=1 f100=57 f122=1917 fx=640 fy=140 anim=61 kf=601 dt=136
[FLEX] st=1 f100=57 f122=1926 fx=640 fy=131 anim=61 kf=602 dt=136
[SFX] Sd_PlaySfx: sfxId=1381 (Sfx_Base+101) vol=10
[BIGPRIM] code=0x3c tp=0x37 span=1188x366 at(1000,-594)
[FLEX] st=1 f100=57 f122=1924 fx=640 fy=115 anim=61 kf=603 dt=136
[BIGPRIM] code=0x3c tp=0x37 span=1428x283 at(1003,-668)
[FLEX] st=1 f100=57 f122=1928 fx=640 fy=88 anim=61 kf=603 dt=136
[VRAM] decode #25088
[BIGPRIM] code=0x3c tp=0x36 span=123x1469 at(883,2037)
[FLEX] st=1 f100=57 f122=1933 fx=640 fy=56 anim=61 kf=604 dt=136
[ATTACK-DONE] st=61 lookupSt=61 kf=604 -> pcAttackDone
[FLEX] st=1 f100=57 f122=1933 fx=640 fy=15 anim=61 kf=604 dt=136
[BIGPRIM] code=0x3c tp=0x2c span=1182x899 at(-1763,-488)
[FLEX] st=1 f100=58 f122=1912 fx=640 fy=2 anim=61 kf=604 dt=136
[BIGPRIM] code=0x3c tp=0x2c span=1350x1157 at(-2705,-1783)
[ATTACK-DONE] st=61 lookupSt=61 kf=604 -> pcAttackDone
[FLEX] st=1 f100=58 f122=1912 fx=640 fy=-40 anim=61 kf=604 dt=136
[FLEX] st=1 f100=59 f122=1910 fx=640 fy=-82 anim=61 kf=604 dt=136
[BIGPRIM] code=0x3c tp=0x2c span=978x919 at(-1610,-720)
[ATTACK-DONE] st=61 lookupSt=61 kf=604 -> pcAttackDone
[FLEX] st=1 f100=59 f122=1910 fx=640 fy=-124 anim=61 kf=604 dt=136
[BIGPRIM] code=0x3c tp=0x2c span=1164x1035 at(-2366,-1108)
[FLEX] st=1 f100=60 f122=1919 fx=640 fy=-166 anim=61 kf=604 dt=136
[BIGPRIM] code=0x3c tp=0x36 span=93x1626 at(877,1848)
[FLEX] st=1 f100=61 f122=1893 fx=640 fy=-208 anim=61 kf=604 dt=136
[FLEX] st=1 f100=61 f122=1892 fx=640 fy=-208 anim=61 kf=594 dt=136
[BIGPRIM] code=0x3c tp=0x2c span=1140x874 at(-1679,-511)
[SFX] Sd_PlaySfx: sfxId=1283 (Sfx_Base+3) vol=0
[FLEX] st=1 f100=61 f122=1913 fx=640 fy=-208 anim=61 kf=594 dt=136
[SFX] Sd_PlaySfx: sfxId=1286 (Sfx_Base+6) vol=0
[BIGPRIM] code=0x3c tp=0x2c span=1632x1382 at(-2126,-1260)
[FLEX] st=1 f100=61 f122=1902 fx=640 fy=-208 anim=61 kf=595 dt=136
[SFX] Sd_SfxStop: sfxId=1376 (Sfx_Base+96)
[SFX] Sd_PlaySfx: sfxId=1380 (Sfx_Base+100) vol=0
[FLEX] st=1 f100=61 f122=1842 fx=640 fy=-181 anim=61 kf=596 dt=136
[BIGPRIM] code=0x3a tp=0xa span=1020x770 at(130,-25)
[FLEX] st=1 f100=61 f122=1783 fx=640 fy=-172 anim=61 kf=597 dt=136
[BIGPRIM] code=0x3c tp=0x37 span=639x890 at(-338,752)
[FLEX] st=1 f100=61 f122=1730 fx=640 fy=-167 anim=61 kf=598 dt=136
[BIGPRIM] code=0x3c tp=0x2c span=2112x1406 at(-3488,-928)
[FLEX] st=1 f100=61 f122=1683 fx=640 fy=-162 anim=61 kf=598 dt=136
[FLEX] st=1 f100=61 f122=1638 fx=614 fy=-159 anim=61 kf=599 dt=136
[BIGPRIM] code=0x3c tp=0x37 span=1395x463 at(1036,-800)
[FLEX] st=1 f100=61 f122=1611 fx=587 fy=-155 anim=61 kf=600 dt=136
[BIGPRIM] code=0x3c tp=0x2c span=1608x1355 at(-2078,-1243)
[FLEX] st=1 f100=61 f122=1591 fx=567 fy=-152 anim=61 kf=601 dt=136
[BIGPRIM] code=0x3c tp=0x36 span=1323x688 at(388,2960)
[FLEX] st=1 f100=61 f122=1560 fx=536 fy=-150 anim=61 kf=602 dt=136
[FLEX] st=1 f100=61 f122=1512 fx=488 fy=-148 anim=61 kf=603 dt=136
[VRAM] out of slots -> GPU drain #1729 (alloc=49 worstPerFrame=2)
[BIGPRIM] code=0x3c tp=0x2c span=972x771 at(-1688,-1176)
[FLEX] st=1 f100=61 f122=1470 fx=446 fy=-146 anim=61 kf=603 dt=136
[BIGPRIM] code=0x3c tp=0x2c span=1338x1145 at(-2660,-1845)
[FLEX] st=1 f100=61 f122=1434 fx=410 fy=-144 anim=61 kf=604 dt=136
[ATTACK-DONE] st=61 lookupSt=61 kf=604 -> pcAttackDone
[FLEX] st=1 f100=61 f122=1396 fx=372 fy=-142 anim=61 kf=604 dt=136
[SFX] Sd_PlaySfx: sfxId=1381 (Sfx_Base+101) vol=2
[BIGPRIM] code=0x3c tp=0x2c span=876x803 at(-1565,-986)
[VRAM] decode #25600
[BIGPRIM] code=0x3c tp=0x2c span=1392x1182 at(-2498,-864)
[BIGPRIM] code=0x3c tp=0x36 span=903x1402 at(865,1751)
[BIGPRIM] code=0x3c tp=0x37 span=543x726 at(745,697)
[BIGPRIM] code=0x3c tp=0x2c span=1632x1362 at(-3014,-1340)
[BIGPRIM] code=0x3c tp=0x2c span=1014x693 at(-1100,-475)
[BIGPRIM] code=0x3c tp=0x37 span=423x794 at(-35,848)
[BIGPRIM] code=0x3c tp=0x37 span=2007x1263 at(-146,2385)
[FLEX] st=1 f100=0 f122=1379 fx=0 fy=0 anim=67 kf=570 dt=136
[FLEX] st=1 f100=1 f122=746 fx=0 fy=0 anim=65 kf=570 dt=136
[BIGPRIM] code=0x3c tp=0x37 span=1107x530 at(-8,-687)
[FLEX] st=1 f100=2 f122=659 fx=-26 fy=0 anim=65 kf=571 dt=136
[BIGPRIM] code=0x3c tp=0x37 span=795x1524 at(-50,909)
[FLEX] st=1 f100=3 f122=525 fx=-56 fy=0 anim=65 kf=573 dt=136
[FLEX] st=1 f100=4 f122=388 fx=-90 fy=0 anim=65 kf=575 dt=136
[BIGPRIM] code=0x3c tp=0x2c span=978x918 at(-1610,-742)
[FLEX] st=1 f100=5 f122=333 fx=-128 fy=0 anim=65 kf=577 dt=136
[SFX] Sd_PlaySfx: sfxId=1316 (Sfx_Base+36) vol=0
[BIGPRIM] code=0x3c tp=0x2c span=1182x1054 at(-2414,-1144)
[FLEX] st=1 f100=6 f122=326 fx=-170 fy=0 anim=65 kf=579 dt=136
[BIGPRIM] code=0x3c tp=0x36 span=81x1553 at(883,1809)
[BIGPRIM] code=0x3c tp=0x37 span=1083x552 at(-29,-687)
[BIGPRIM] code=0x3c tp=0x2c span=1734x1464 at(-2309,-1317)
[BIGPRIM] code=0x3a tp=0xa span=1020x770 at(130,-25)
[BIGPRIM] code=0x3c tp=0x37 span=693x971 at(-413,790)
[BIGPRIM] code=0x3c tp=0x2c span=2436x1620 at(-3650,-1035)
[BIGPRIM] code=0x3c tp=0x2c span=930x855 at(-1718,-1022)
[FLEX] st=1 f100=0 f122=1003 fx=0 fy=0 anim=67 kf=570 dt=136
[VRAM] decode #26112
[BIGPRIM] code=0x3c tp=0x37 span=825x1620 at(-83,935)
[FLEX] st=1 f100=1 f122=493 fx=0 fy=0 anim=65 kf=570 dt=136
[BIGPRIM] code=0x3c tp=0x36 span=1299x688 at(454,2960)
[FLEX] st=1 f100=2 f122=492 fx=-26 fy=0 anim=65 kf=571 dt=136
[FLEX] st=1 f100=3 f122=442 fx=-56 fy=0 anim=65 kf=573 dt=136
[BIGPRIM] code=0x3c tp=0x2c span=1020x810 at(-1847,-1208)
[FLEX] st=1 f100=4 f122=359 fx=-90 fy=0 anim=65 kf=575 dt=136
[BIGPRIM] code=0x3c tp=0x2c span=1458x1253 at(-2984,-1973)
[FLEX] st=1 f100=5 f122=349 fx=-128 fy=0 anim=65 kf=577 dt=136
[FLEX] st=1 f100=6 f122=342 fx=-170 fy=0 anim=65 kf=579 dt=136
[BIGPRIM] code=0x3c tp=0x37 span=1233x392 at(1000,-694)
[FLEX] st=1 f100=7 f122=335 fx=-216 fy=0 anim=65 kf=581 dt=136
[BIGPRIM] code=0x3c tp=0x37 span=456x868 at(-80,883)
[FLEX] st=1 f100=7 f122=336 fx=-216 fy=39 anim=61 kf=594 dt=136
[BIGPRIM] code=0x3c tp=0x37 span=1989x1096 at(-104,2552)
[SFX] Sd_PlaySfx: sfxId=1283 (Sfx_Base+3) vol=0
[FLEX] st=1 f100=7 f122=354 fx=-216 fy=76 anim=61 kf=594 dt=136
[SFX] Sd_PlaySfx: sfxId=1286 (Sfx_Base+6) vol=0
[FLEX] st=1 f100=7 f122=363 fx=-216 fy=111 anim=61 kf=595 dt=136
[BIGPRIM] code=0x3c tp=0x2c span=1002x791 at(-1778,-1170)
[FLEX] st=1 f100=7 f122=375 fx=-216 fy=144 anim=61 kf=596 dt=136
[BIGPRIM] code=0x3c tp=0x36 span=915x745 at(964,1861)
[FLEX] st=1 f100=7 f122=375 fx=-216 fy=43 anim=61 kf=597 dt=136
[GP-STATE-TXN] Gameplay -> sysState=10 (param=11)
[FLEX] st=1 f100=7 f122=375 fx=-216 fy=43 anim=61 kf=598 dt=136
[SYSSTATE] dispatch sysState=10 mapEventData=0x596924
[FLEX] st=52 f100=7 f122=375 fx=-216 fy=43 anim=52 kf=598 dt=136
[XA] Play xaIdx=5 file=1 sector=4 sectors=77 stereo 37800Hz bits=4 filter=(1,4)
[XA] primed ring=20481 frames
[FLEX] st=52 f100=7 f122=375 fx=-216 fy=43 anim=52 kf=598 dt=136
[BIGPRIM] code=0x3c tp=0x37 span=1527x1488 at(280,-1909)
[FLEX] st=52 f100=7 f122=375 fx=-216 fy=43 anim=52 kf=598 dt=136
[FLEX] st=52 f100=7 f122=375 fx=-216 fy=43 anim=52 kf=598 dt=136
[FLEX] st=52 f100=7 f122=375 fx=-216 fy=43 anim=52 kf=598 dt=136
[FLEX] st=52 f100=7 f122=375 fx=-216 fy=43 anim=52 kf=598 dt=136
[FLEX] st=52 f100=7 f122=375 fx=-216 fy=43 anim=53 kf=503 dt=136
[BIGPRIM] code=0x3c tp=0x37 span=960x524 at(922,-562)
[FLEX] st=52 f100=7 f122=375 fx=-216 fy=43 anim=53 kf=503 dt=136
[SH_DRIP] key_on song=0 ch=4 prog=3 note=60 bank=127 vabId=3 tones=1 match=1 vab2match=0
[FLEX] st=52 f100=7 f122=375 fx=-216 fy=43 anim=53 kf=503 dt=136
[FLEX] st=52 f100=7 f122=375 fx=-216 fy=43 anim=53 kf=503 dt=136
[BIGPRIM] code=0x3c tp=0x37 span=1833x1389 at(1054,-1864)
[FLEX] st=52 f100=7 f122=375 fx=-216 fy=43 anim=53 kf=504 dt=136
[FLEX] st=52 f100=7 f122=375 fx=-216 fy=43 anim=53 kf=504 dt=136
[FLEX] st=52 f100=7 f122=375 fx=-216 fy=43 anim=53 kf=504 dt=136
[BIGPRIM] code=0x3c tp=0x2c span=1128x770 at(3145,-491)
[FLEX] st=52 f100=7 f122=375 fx=-216 fy=43 anim=53 kf=505 dt=136
[FLEX] st=52 f100=7 f122=375 fx=-216 fy=43 anim=53 kf=505 dt=136
[BIGPRIM] code=0x3c tp=0x37 span=1590x1479 at(544,1359)
[FLEX] st=52 f100=7 f122=375 fx=-216 fy=43 anim=53 kf=505 dt=136
[FLEX] st=52 f100=7 f122=375 fx=-216 fy=43 anim=53 kf=506 dt=136
[BIGPRIM] code=0x3c tp=0x37 span=1284x1376 at(763,729)
[FLEX] st=52 f100=7 f122=375 fx=-216 fy=43 anim=53 kf=506 dt=136
[FLEX] st=52 f100=7 f122=375 fx=-216 fy=43 anim=53 kf=506 dt=136
[BIGPRIM] code=0x3c tp=0x2c span=1152x976 at(3133,-716)
[FLEX] st=52 f100=7 f122=375 fx=-216 fy=43 anim=53 kf=507 dt=136
[FLEX] st=52 f100=7 f122=375 fx=-216 fy=43 anim=53 kf=507 dt=136
[BIGPRIM] code=0x3c tp=0x37 span=1146x1186 at(-929,694)
[FLEX] st=52 f100=7 f122=375 fx=-216 fy=43 anim=53 kf=507 dt=136
[FLEX] st=52 f100=7 f122=375 fx=-216 fy=43 anim=53 kf=508 dt=136
[FLEX] st=52 f100=7 f122=375 fx=-216 fy=43 anim=53 kf=508 dt=136
[BIGPRIM] code=0x3a tp=0xa span=1020x770 at(130,-25)
[FLEX] st=52 f100=7 f122=375 fx=-216 fy=43 anim=53 kf=508 dt=136
[FLEX] st=52 f100=7 f122=375 fx=-216 fy=43 anim=53 kf=509 dt=136
[FLEX] st=52 f100=7 f122=375 fx=-216 fy=43 anim=53 kf=509 dt=136
[BIGPRIM] code=0x3c tp=0x37 span=2154x727 at(-1622,2336)
[FLEX] st=52 f100=7 f122=375 fx=-216 fy=43 anim=53 kf=509 dt=136
[FLEX] st=52 f100=7 f122=375 fx=-216 fy=43 anim=53 kf=510 dt=136
[FLEX] st=52 f100=7 f122=375 fx=-216 fy=43 anim=53 kf=510 dt=136
[BIGPRIM] code=0x3c tp=0x37 span=2169x610 at(-914,-1825)
[FLEX] st=52 f100=7 f122=375 fx=-216 fy=43 anim=53 kf=510 dt=136
[FLEX] st=52 f100=7 f122=375 fx=-216 fy=43 anim=53 kf=511 dt=136
[FLEX] st=52 f100=7 f122=375 fx=-216 fy=43 anim=53 kf=511 dt=136
[BIGPRIM] code=0x3c tp=0x37 span=2169x952 at(-1100,-1890)
[FLEX] st=52 f100=7 f122=375 fx=-216 fy=43 anim=53 kf=511 dt=136
[FLEX] st=52 f100=7 f122=375 fx=-216 fy=43 anim=53 kf=512 dt=136
[FLEX] st=52 f100=7 f122=375 fx=-216 fy=43 anim=53 kf=512 dt=136
[VRAM] decode #26624
[VRAM] out of slots -> GPU drain #1793 (alloc=49 worstPerFrame=2)
[BIGPRIM] code=0x3c tp=0x37 span=984x694 at(1066,922)
[FLEX] st=52 f100=7 f122=375 fx=-216 fy=43 anim=53 kf=512 dt=136
[FLEX] st=52 f100=7 f122=375 fx=-216 fy=43 anim=53 kf=513 dt=136
[FLEX] st=52 f100=7 f122=375 fx=-216 fy=43 anim=53 kf=513 dt=136
[FLEX] st=52 f100=7 f122=375 fx=-216 fy=43 anim=53 kf=513 dt=136
[BIGPRIM] code=0x3a tp=0xa span=1020x770 at(130,-25)
[FLEX] st=52 f100=7 f122=375 fx=-216 fy=43 anim=53 kf=514 dt=136
[FLEX] st=52 f100=7 f122=375 fx=-216 fy=43 anim=53 kf=514 dt=136
[CHNK] n=4 s0=-3,6,st2 s1=0,6,st3 s2=-3,5,st2 s3=-1,6,st3
[FLEX] st=52 f100=7 f122=375 fx=-216 fy=43 anim=53 kf=514 dt=136
[BIGPRIM] code=0x3c tp=0x37 span=1266x1315 at(-572,-1832)
[FLEX] st=52 f100=7 f122=375 fx=-216 fy=43 anim=53 kf=515 dt=136
[FLEX] st=52 f100=7 f122=375 fx=-216 fy=43 anim=53 kf=515 dt=136
[FLEX] st=52 f100=7 f122=375 fx=-216 fy=43 anim=53 kf=515 dt=136
[BIGPRIM] code=0x3c tp=0x37 span=684x762 at(-29,636)
[FLEX] st=52 f100=7 f122=375 fx=-216 fy=43 anim=53 kf=516 dt=136
[FLEX] st=52 f100=7 f122=375 fx=-216 fy=43 anim=53 kf=516 dt=136
[FLEX] st=52 f100=7 f122=375 fx=-216 fy=43 anim=53 kf=516 dt=136
[BIGPRIM] code=0x3c tp=0x37 span=2097x694 at(-638,-1896)
[FLEX] st=52 f100=7 f122=375 fx=-216 fy=43 anim=53 kf=517 dt=136
[FLEX] st=52 f100=7 f122=375 fx=-216 fy=43 anim=53 kf=517 dt=136
[FLEX] st=52 f100=7 f122=375 fx=-216 fy=43 anim=53 kf=517 dt=136
[VRAM] decode #27136
[FLEX] st=52 f100=7 f122=375 fx=-216 fy=43 anim=53 kf=518 dt=136
[BIGPRIM] code=0x3c tp=0x37 span=1536x1283 at(1063,-1337)
[FLEX] st=52 f100=7 f122=375 fx=-216 fy=43 anim=53 kf=518 dt=136
[FLEX] st=52 f100=7 f122=375 fx=-216 fy=43 anim=53 kf=518 dt=136
[FLEX] st=52 f100=7 f122=375 fx=-216 fy=43 anim=53 kf=519 dt=136
[BIGPRIM] code=0x3c tp=0x37 span=2091x1071 at(76,1915)
[FLEX] st=52 f100=7 f122=375 fx=-216 fy=43 anim=53 kf=519 dt=136
[FLEX] st=52 f100=7 f122=375 fx=-216 fy=43 anim=53 kf=519 dt=136
[FLEX] st=52 f100=7 f122=375 fx=-216 fy=43 anim=53 kf=520 dt=136
[FLEX] st=52 f100=7 f122=375 fx=-216 fy=43 anim=53 kf=520 dt=136
[BIGPRIM] code=0x3c tp=0x37 span=1527x1289 at(1060,-1343)
[FLEX] st=52 f100=7 f122=375 fx=-216 fy=43 anim=53 kf=520 dt=136
[FLEX] st=52 f100=7 f122=375 fx=-216 fy=43 anim=53 kf=521 dt=136
[FLEX] st=52 f100=7 f122=375 fx=-216 fy=43 anim=53 kf=521 dt=136
[BIGPRIM] code=0x3c tp=0x37 span=1929x1398 at(658,-1761)
[FLEX] st=52 f100=7 f122=375 fx=-216 fy=43 anim=53 kf=521 dt=136
[FLEX] st=52 f100=7 f122=375 fx=-216 fy=43 anim=53 kf=522 dt=136
[FLEX] st=52 f100=7 f122=375 fx=-216 fy=43 anim=53 kf=522 dt=136
[BIGPRIM] code=0x3c tp=0x37 span=1770x1404 at(-1622,720)
[FLEX] st=52 f100=7 f122=375 fx=-216 fy=43 anim=53 kf=522 dt=136
[FLEX] st=52 f100=7 f122=375 fx=-216 fy=43 anim=53 kf=523 dt=136
[FLEX] st=52 f100=7 f122=375 fx=-216 fy=43 anim=53 kf=523 dt=136
[BIGPRIM] code=0x3c tp=0x37 span=2079x1115 at(58,1864)
[FLEX] st=52 f100=7 f122=375 fx=-216 fy=43 anim=53 kf=523 dt=136
[FLEX] st=52 f100=7 f122=375 fx=-216 fy=43 anim=53 kf=524 dt=136
[FLEX] st=52 f100=7 f122=375 fx=-216 fy=43 anim=53 kf=524 dt=136
[XA] channel ended early xaIdx=5 (remaining=1/77)
[VRAM] decode #27648
[FLEX] st=52 f100=7 f122=375 fx=-216 fy=43 anim=53 kf=524 dt=136
[BIGPRIM] code=0x3a tp=0xa span=1020x770 at(130,-25)
[FLEX] st=52 f100=7 f122=375 fx=-216 fy=43 anim=53 kf=525 dt=136
[FLEX] st=52 f100=7 f122=375 fx=-216 fy=43 anim=53 kf=525 dt=136
[FLEX] st=52 f100=7 f122=375 fx=-216 fy=43 anim=53 kf=525 dt=136
[BIGPRIM] code=0x3c tp=0x37 span=1521x1299 at(1054,-1350)
[FLEX] st=52 f100=7 f122=375 fx=-216 fy=43 anim=53 kf=526 dt=136
[FLEX] st=52 f100=7 f122=375 fx=-216 fy=43 anim=53 kf=526 dt=136
[FLEX] st=52 f100=7 f122=375 fx=-216 fy=43 anim=53 kf=526 dt=136
[BIGPRIM] code=0x3c tp=0x37 span=1920x1404 at(655,-1767)
[FLEX] st=52 f100=7 f122=375 fx=-216 fy=43 anim=53 kf=527 dt=136
[FLEX] st=52 f100=7 f122=375 fx=-216 fy=43 anim=53 kf=527 dt=136
[XA] finished xaIdx=5 (drained)
[FLEX] st=52 f100=7 f122=375 fx=-216 fy=43 anim=53 kf=527 dt=136
[BIGPRIM] code=0x3c tp=0x37 span=1743x1376 at(-1592,716)
[FLEX] st=52 f100=7 f122=375 fx=-216 fy=43 anim=53 kf=528 dt=136
[FLEX] st=52 f100=7 f122=375 fx=-216 fy=43 anim=53 kf=528 dt=136
[FLEX] st=52 f100=7 f122=375 fx=-216 fy=43 anim=53 kf=528 dt=136
[BIGPRIM] code=0x3c tp=0x37 span=2079x1125 at(52,1854)
[BIGPRIM] code=0x3a tp=0xa span=1020x770 at(130,-25)
[BIGPRIM] code=0x3c tp=0x37 span=1521x1299 at(1054,-1350)
[VRAM] decode #28160
[BIGPRIM] code=0x3c tp=0x37 span=1920x1414 at(655,-1774)
[BIGPRIM] code=0x3c tp=0x37 span=1728x1363 at(-1577,716)
[VRAM] out of slots -> GPU drain #1857 (alloc=49 worstPerFrame=2)
[BIGPRIM] code=0x3c tp=0x37 span=2079x1125 at(52,1854)
[BIGPRIM] code=0x3a tp=0xa span=1020x770 at(130,-25)
[BIGPRIM] code=0x3c tp=0x37 span=1518x1296 at(1057,-1350)
[BIGPRIM] code=0x3c tp=0x37 span=1920x1414 at(655,-1774)
[BIGPRIM] code=0x3c tp=0x37 span=1728x1363 at(-1577,716)
[BIGPRIM] code=0x3c tp=0x37 span=2079x1125 at(52,1854)
[BIGPRIM] code=0x3a tp=0xa span=1020x770 at(130,-25)
[BIGPRIM] code=0x3c tp=0x37 span=1518x1296 at(1057,-1350)
[VRAM] decode #28672
[BIGPRIM] code=0x3c tp=0x37 span=1920x1414 at(655,-1774)
[BIGPRIM] code=0x3c tp=0x37 span=1728x1363 at(-1577,716)
[BIGPRIM] code=0x3c tp=0x37 span=2079x1125 at(52,1854)
[BIGPRIM] code=0x3a tp=0xa span=1020x770 at(130,-25)
[BIGPRIM] code=0x3c tp=0x37 span=1518x1296 at(1057,-1350)
[BIGPRIM] code=0x3c tp=0x37 span=1920x1414 at(655,-1774)
[BIGPRIM] code=0x3c tp=0x37 span=1728x1363 at(-1577,716)
[BIGPRIM] code=0x3c tp=0x37 span=2079x1125 at(52,1854)
[BIGPRIM] code=0x3a tp=0xa span=1020x770 at(130,-25)
[VRAM] decode #29184
[BIGPRIM] code=0x3c tp=0x37 span=1344x1492 at(-788,-1922)
[BIGPRIM] code=0x3c tp=0x37 span=2157x903 at(-920,-1896)
[BIGPRIM] code=0x3c tp=0x37 span=1008x688 at(1102,768)
[VRAM] out of slots -> GPU drain #1921 (alloc=49 worstPerFrame=2)
[BIGPRIM] code=0x3c tp=0x37 span=2166x534 at(1099,2561)
[BIGPRIM] code=0x3a tp=0xa span=1020x770 at(130,-25)
[BIGPRIM] code=0x3c tp=0x37 span=1857x1495 at(853,-1877)
[BIGPRIM] code=0x3c tp=0x38 span=936x838 at(1108,1080)
[BIGPRIM] code=0x3c tp=0x37 span=531x887 at(1114,1144)
[BIGPRIM] code=0x3c tp=0x37 span=888x913 at(-503,703)
[BIGPRIM] code=0x3c tp=0x37 span=2169x1202 at(-26,1597)
[BIGPRIM] code=0x3c tp=0x37 span=1356x1437 at(-1052,-1806)
[BIGPRIM] code=0x3c tp=0x37 span=978x617 at(1093,826)
[BIGPRIM] code=0x3a tp=0xa span=1020x770 at(130,-25)
[BIGPRIM] code=0x3c tp=0x2c span=1338x1137 at(3040,-813)
[BIGPRIM] code=0x3c tp=0x2c span=1098x977 at(3160,-1002)
[BIGPRIM] code=0x3c tp=0x2c span=1356x1285 at(3031,-1022)
[BIGPRIM] code=0x3c tp=0x37 span=1986x1193 at(-1766,-1761)
[BIGPRIM] code=0x3c tp=0x37 span=2163x1465 at(-8,1443)
[VRAM] decode #29696
[BIGPRIM] code=0x3c tp=0x37 span=1950x1234 at(1099,-1896)
[BIGPRIM] code=0x3c tp=0x37 span=1128x333 at(1054,-260)
[BIGPRIM] code=0x3c tp=0x37 span=828x1549 at(553,-1738)
[BIGPRIM] code=0x3c tp=0x37 span=2034x1414 at(-1832,1456)
[BIGPRIM] code=0x3c tp=0x37 span=24x971 at(568,-1710)
[BIGPRIM] code=0x3c tp=0x37 span=1167x176 at(1129,-99)
[BIGPRIM] code=0x3c tp=0x37 span=1887x488 at(64,2523)
[BIGPRIM] code=0x3c tp=0x37 span=1011x200 at(-146,-797)
[BIGPRIM] code=0x3c tp=0x37 span=24x964 at(598,-1748)
[VRAM] decode #30208
[BIGPRIM] code=0x3c tp=0x37 span=879x1141 at(727,-1324)
[VRAM] out of slots -> GPU drain #1985 (alloc=49 worstPerFrame=2)
[BIGPRIM] code=0x3c tp=0x37 span=1803x642 at(-290,-1979)
[BIGPRIM] code=0x3c tp=0x37 span=1881x514 at(34,2497)
[BIGPRIM] code=0x3c tp=0x37 span=1926x540 at(-1424,2613)
[BIGPRIM] code=0x3c tp=0x37 span=816x1302 at(637,-1546)
[BIGPRIM] code=0x3c tp=0x37 span=1011x212 at(-122,-848)
[BIGPRIM] code=0x3c tp=0x37 span=1977x1302 at(-1724,-2095)
[BIGPRIM] code=0x3c tp=0x37 span=1515x1385 at(-236,-2217)
[BIGPRIM] code=0x3a tp=0xa span=1020x770 at(130,-25)
[BIGPRIM] code=0x3a tp=0xa span=1020x770 at(130,-25)
[VRAM] decode #30720
[BIGPRIM] code=0x3c tp=0x37 span=42x730 at(715,-1057)
[BIGPRIM] code=0x3c tp=0x37 span=1836x1144 at(-1562,-1947)
[BIGPRIM] code=0x3c tp=0x38 span=1326x402 at(-1112,729)
[BIGPRIM] code=0x3c tp=0x37 span=1512x1240 at(-1010,-2005)
[BIGPRIM] code=0x3a tp=0xa span=1020x770 at(130,-25)
[BIGPRIM] code=0x3c tp=0x37 span=201x871 at(22,-1237)
[BIGPRIM] code=0x3c tp=0x37 span=1509x1308 at(-548,-2050)
[BIGPRIM] code=0x3c tp=0x38 span=1107x392 at(-848,498)
[BIGPRIM] code=0x3a tp=0xa span=1020x770 at(130,-25)
[BIGPRIM] code=0x3c tp=0x37 span=1038x1327 at(454,-2037)
[GP-STATE-TXN] Gameplay -> sysState=10 (param=9)
[ITEMPICK] unique-item link: id=0x41 nobj=1 obj=ok
[ITEMPICK] unique-item link: id=0x41 nobj=1 obj=ok
[ITEMPICK] draw SKIPPED: slot=9 reason=scale 0 (arg2=2)
[FREEZE] capture 1280x720 in 165ms
[ITEMZ] tagged=21 hit=21 szmin=1719 szmax=1948 otzSpan=1920
[ZETA] wrote=0/6 min=16777215 max=0 fedZ=838860 bbox=592,392..688,498 raw=FFFFFF00 FFFFFF00 FFFFFF00 FFFFFF00 FFFFFF00 FFFFFF00
[ITEMZ] tagged=26 hit=26 szmin=1622 szmax=2039 otzSpan=1920
[ZETA] wrote=0/6 min=16777215 max=0 fedZ=1141028 bbox=544,347..754,543 raw=FFFFFF00 FFFFFF00 FFFFFF00 FFFFFF00 FFFFFF00 FFFFFF00
[SH-XBOX] vblank 24600
[MEM] tick: free=2232KB (558 pages)
[SFX] Sd_PlaySfx: sfxId=1307 (Sfx_Base+27) vol=64
[ITEMZ] tagged=26 hit=26 szmin=1632 szmax=1966 otzSpan=1920
[ZETA] wrote=0/6 min=16777215 max=0 fedZ=1087101 bbox=553,347..709,520 raw=FFFFFF00 FFFFFF00 FFFFFF00 FFFFFF00 FFFFFF00 FFFFFF00
[BIGPRIM] code=0x3a tp=0xa span=1020x770 at(130,-25)
[BIGPRIM] code=0x3a tp=0xa span=1020x770 at(130,-25)
[BIGPRIM] code=0x3a tp=0xa span=1020x770 at(130,-25)
[BIGPRIM] code=0x3a tp=0xa span=1020x770 at(130,-25)
[BIGPRIM] code=0x3a tp=0xa span=1020x770 at(130,-25)
[BIGPRIM] code=0x3c tp=0x37 span=159x845 at(145,-1205)
[BIGPRIM] code=0x3c tp=0x37 span=1509x1327 at(-422,-2063)
[BIGPRIM] code=0x3c tp=0x38 span=1002x370 at(-650,488)
[BIGPRIM] code=0x3c tp=0x37 span=1470x1295 at(70,-2002)
[BIGPRIM] code=0x3a tp=0xa span=1020x770 at(130,-25)
[BIGPRIM] code=0x3c tp=0x38 span=1206x409 at(-1028,507)
[BIGPRIM] code=0x3c tp=0x37 span=1497x1415 at(739,-2070)
[BIGPRIM] code=0x3c tp=0x38 span=1149x363 at(-728,697)
[BIGPRIM] code=0x3c tp=0x37 span=195x861 at(19,-1227)
[VRAM] out of slots -> GPU drain #2049 (alloc=49 worstPerFrame=2)
[BIGPRIM] code=0x3c tp=0x37 span=24x900 at(697,-1819)
[BIGPRIM] code=0x3c tp=0x37 span=1005x200 at(-8,-945)
[RA] http POST http://retroachievements.org/dorequest.php
[NET] POST retroachievements.org -> 200 (16 bytes)
[RA] http -> status=200 bodyLen=16 body='{"Success":true}'
[BIGPRIM] code=0x3c tp=0x37 span=975x90 at(142,-912)
[BIGPRIM] code=0x3c tp=0x37 span=1020x209 at(-866,-993)
[BIGPRIM] code=0x3c tp=0x37 span=975x77 at(130,-867)
[VRAM] decode #31232
[BIGPRIM] code=0x3c tp=0x37 span=1998x1636 at(1003,977)
[BIGPRIM] code=0x3c tp=0x37 span=1992x1404 at(-1610,-1992)
[BIGPRIM] code=0x3c tp=0x37 span=2142x1607 at(955,1044)
[BIGPRIM] code=0x3c tp=0x37 span=2190x1604 at(997,1105)
[BIGPRIM] code=0x3c tp=0x37 span=603x826 at(544,-977)
[BIGPRIM] code=0x3c tp=0x37 span=1947x1299 at(724,-1716)
[BIGPRIM] code=0x3c tp=0x37 span=1335x1299 at(-995,-1642)
[BIGPRIM] code=0x3c tp=0x37 span=609x859 at(70,-1006)
[BIGPRIM] code=0x3c tp=0x37 span=636x868 at(412,642)
[BIGPRIM] code=0x3c tp=0x37 span=771x919 at(442,668)
[BIGPRIM] code=0x3c tp=0x37 span=972x78 at(-776,-720)
[BIGPRIM] code=0x3c tp=0x37 span=999x556 at(-671,684)
[BIGPRIM] code=0x3c tp=0x37 span=1533x1542 at(-578,-1902)
[BIGPRIM] code=0x3c tp=0x37 span=1650x1347 at(847,1369)
[BIGPRIM] code=0x3c tp=0x37 span=1533x1395 at(-494,1308)
[BIGPRIM] code=0x3c tp=0x37 span=1512x1343 at(943,1430)
[BIGPRIM] code=0x3c tp=0x37 span=2067x1623 at(-1658,-1915)
[BIGPRIM] code=0x3c tp=0x37 span=1527x1417 at(-236,1292)
[BIGPRIM] code=0x3c tp=0x37 span=2061x1482 at(1012,-1870)
[BIGPRIM] code=0x3c tp=0x37 span=1914x1568 at(-1460,-1915)
[GP-STATE-TXN] Gameplay -> sysState=5 (param=7)
[SYSSTATE] dispatch sysState=5 mapEventData=0x596930
[SFX] Sd_PlaySfx: sfxId=1309 (Sfx_Base+29) vol=0
[AUTO-EQUIP-CHECK] mapIdx=10 processFlags=0x2 inventorySlotCount=8 equippedWeapon=160
[MAP-LOAD] GameBoot_MapLoad mapIdx=10 (map2_s00) fileIdx=2005 linked=1 procFlags=0x2
[MAP-LOAD] MapRegistry_Load(10)=map2_s00 linked=1 header=005b2b94
[MEM] after map-load: free=2232KB (558 pages)
[SH-XBOX] GameState -> 10 (step 0)
[BOOT-STEP] GameStartup step=0 qlen=0
[TRANSITION] GameStartup step=0: processFlags=0x2 (OverlayTransition) sizeof(s_WorldGfxWork)=11708
[BOOT-STEP] GameStartup step=3 qlen=0
[FOGST-GPU] clear=0xff000000
[BOOT-STEP] GameStartup step=4 qlen=0
[TRANSITION] AreaLoad_UpdatePlayerPosition: BEFORE playerPos=(4319,0,1103195) targetPos=(90931,231424) loadScreen=0
[TRANSITION] AreaLoad_UpdatePlayerPosition: AFTER playerPos=(89293,0,231424)
[BOOT-STEP] GameStartup step=5 qlen=0
[BOOT-STEP] GameStartup step=6 qlen=3
[BOOT0/TIM] PostLoadTim file=1415 'DOG.TIM' ss=0x5a47 img.u=0 img.v=128 tPage=0,28 clutX=720 clutY=464
[BOOT0/TIM] post ReadTIM: prect=0xfac624 caddr=0xfac580 paddr=0xfac62c mode=8
[BOOT0/TIM] pre pixel LoadImage rect=(768,384 32x128)
[BOOT0/TIM] pre CLUT LoadImage rect=(720,464 16x5)
[BOOT0/TIM] PostLoadTim done
[BOOT-STEP] GameStartup step=7 qlen=0
[TRANSITION] GameStartup step=7: processFlags=0x2 playerPos=(89293,0,231424) func_80039F90=0x0
[IPD-INIT] Ipd_MapFileInfoSet: mapTag='THR' activeIpdCount=4 isExterior=1 plmIdx=1370 ipdFileIdx=0 textureFileIdx=0 curSize=4 willRebuildGrid=0
[TRANSITION] GameStartup step=7 post-init: playerPos=(89293,0,231424) mapTag='THR'
[BOOT-STEP] GameStartup step=8 qlen=2
[BOOT0/TIM] PostLoadTim file=1137 'THR1201F.TIM' ss=0x4a3e img.u=0 img.v=0 tPage=0,23 clutX=80 clutY=0
[BOOT0/TIM] post ReadTIM: prect=0xfb66e4 caddr=0xfb6580 paddr=0xfb66ec mode=8
[BOOT0/TIM] pre pixel LoadImage rect=(448,256 64x256)
[BOOT0/TIM] pre CLUT LoadImage rect=(80,0 16x11)
[BOOT0/TIM] PostLoadTim done
[POOLSTOMP] upload (448,256 64x256) hits PINNED pool slot 5 'THR1201F' (448,256)
[BOOT0/TIM] PostLoadTim file=1138 'THR1202H.TIM' ss=0x4a4f img.u=0 img.v=0 tPage=0,26 clutX=128 clutY=0
[BOOT0/TIM] post ReadTIM: prect=0xfb6624 caddr=0xfb6580 paddr=0xfb662c mode=8
[BOOT0/TIM] pre pixel LoadImage rect=(640,256 32x256)
[BOOT0/TIM] pre CLUT LoadImage rect=(128,0 16x5)
[BOOT0/TIM] PostLoadTim done
[POOLSTOMP] upload (640,256 32x256) hits PINNED pool slot 8 'THR1202H' (640,256)
[TEXVRAM] 'THR1201F' tPage=[0,23] clutXY=(80,0) uv=(0,0)
[TEXVRAM] 'THR1202H' tPage=[0,26] clutXY=(128,0) uv=(0,0)
[BOOT-STEP] GameStartup step=9 qlen=0
[BOOT-STEP] GameStartup step=10 qlen=0
[SH_AMB] Sd_AmbientSfxSet idx=4 -> loadCmd=204
[SH_AMB] Sd_VabLoad ambient cmd=204 type=2 dedup=0
[BOOT-STEP] GameStartup step=11 qlen=0
[CHARA-TEX] charaId=4 matCount=1 modelCount=22
[CHARA-TEX] mat[0] name='DOG' field_C=1 E=0x5c F=0x5c clut=0x742d UV=0x8000 tex=0
[CHARA-TEX] prim0: f0=0xce2b(UV0) f2=0x742d(clut) f4=0xc02e(UV1) f6=0x005c(tpage) f8=0xcd2f(UV2) fA=0x8000(UV3)
[CHARA-TEX] texDesc: tPage=[0,28] u=0 v=128 clutXY=(720,464)
[WEP_DBG] handgun pre-copy D_800AFBF4[6]: sfx0=1283 sfx2=1284 sfx4=1285 aim6=66 att7=72 hold8=61 f9=37 fA=37 fB=0 sizeof=12
[WEP_DBG] handgun post-copy g_Player_EquippedWeaponInfo: sfx0=1283 sfx2=1284 sfx4=1285 aim6=66 att7=72 hold8=61 f9=37 fA=37 fB=0 sizeof=12
[RELOAD_KF] weap=32 blendStart=-1 blendEnd=605 activeEnd=658
[SFX] Sd_PlaySfx: sfxId=1310 (Sfx_Base+30) vol=0
[BOOT-STEP] GameStartup step=12 qlen=0
[SH-XBOX] GameState -> 11 (step 0)
[GP-STATE-TXN] Gameplay -> sysState=10 (param=8)
[FOGST-GPU] clear=0xff6c6474
[VRAM] decode #31744
[BIGPRIM] code=0x3c tp=0x2c span=1482x1401 at(1702,-1337)
[SYSSTATE] dispatch sysState=10 mapEventData=0x5b1bd0
[BIGPRIM] code=0x3c tp=0x2c span=978x836 at(-899,-1221)
[BGM] ChannelSet bgmIdx=6 cmd=773
[SH_DRIP] key_on song=0 ch=8 prog=5 note=53 bank=127 vabId=3 tones=1 match=1 vab2match=0
[BIGPRIM] code=0x3a tp=0xa span=1020x770 at(130,-25)
[SH_DRIP] key_on song=0 ch=7 prog=4 note=45 bank=127 vabId=3 tones=1 match=1 vab2match=0
[BIGPRIM] code=0x3c tp=0x28 span=1524x238 at(-1232,2066)
[SH_DRIP] key_on song=0 ch=4 prog=2 note=63 bank=127 vabId=3 tones=1 match=1 vab2match=0
[BIGPRIM] code=0x3c tp=0x2c span=1650x1414 at(2347,-2449)
[BIGPRIM] code=0x3c tp=0x2c span=1674x1278 at(-1340,-832)
[BIGPRIM] code=0x3c tp=0x2c span=1332x1125 at(-848,-945)
[BIGPRIM] code=0x3a tp=0x40 span=1020x52 at(130,668)
[BIGPRIM] code=0x3c tp=0x28 span=1881x926 at(-1232,1166)
[BIGPRIM] code=0x3c tp=0x2c span=1926x1317 at(1564,-1057)
[BIGPRIM] code=0x3c tp=0x2c span=978x836 at(-899,-1221)
[BIGPRIM] code=0x3a tp=0xa span=1020x770 at(130,-25)
[BIGPRIM] code=0x3c tp=0x28 span=1524x238 at(-1232,2066)
[BIGPRIM] code=0x3c tp=0x2c span=1650x1414 at(2347,-2449)
[BIGPRIM] code=0x3c tp=0x2c span=1674x1278 at(-1340,-832)
[BIGPRIM] code=0x3c tp=0x2c span=1332x1125 at(-848,-945)
[BIGPRIM] code=0x3a tp=0x40 span=1020x52 at(130,668)
[BIGPRIM] code=0x3c tp=0x28 span=1881x926 at(-1232,1166)
[BIGPRIM] code=0x3c tp=0x2c span=1926x1317 at(1564,-1057)
[BIGPRIM] code=0x3c tp=0x2c span=978x836 at(-899,-1221)
[BIGPRIM] code=0x3a tp=0xa span=1020x770 at(130,-25)
[BIGPRIM] code=0x3c tp=0x28 span=1524x238 at(-1232,2066)
[BIGPRIM] code=0x3c tp=0x2c span=1650x1414 at(2347,-2449)
[BIGPRIM] code=0x3c tp=0x2c span=1674x1278 at(-1340,-832)
[BIGPRIM] code=0x3c tp=0x2c span=1332x1125 at(-848,-945)
[BIGPRIM] code=0x3a tp=0x40 span=1020x52 at(130,668)
[BIGPRIM] code=0x3c tp=0x28 span=1881x926 at(-1232,1166)
[BIGPRIM] code=0x3c tp=0x2c span=1926x1317 at(1564,-1057)
[BIGPRIM] code=0x3c tp=0x2c span=978x836 at(-899,-1221)
[BIGPRIM] code=0x3a tp=0xa span=1020x770 at(130,-25)
[BIGPRIM] code=0x3c tp=0x28 span=1524x238 at(-1232,2066)
[BIGPRIM] code=0x3c tp=0x2c span=1650x1414 at(2347,-2449)
[BIGPRIM] code=0x3c tp=0x2c span=1674x1278 at(-1340,-832)
[BIGPRIM] code=0x3c tp=0x2c span=1332x1125 at(-848,-945)
[BIGPRIM] code=0x3a tp=0x40 span=1020x52 at(130,668)
[BIGPRIM] code=0x3c tp=0x28 span=1881x926 at(-1232,1166)
[BIGPRIM] code=0x3c tp=0x2c span=1926x1317 at(1564,-1057)
[BIGPRIM] code=0x3c tp=0x2c span=978x836 at(-899,-1221)
[BIGPRIM] code=0x3a tp=0xa span=1020x770 at(130,-25)
[BIGPRIM] code=0x3c tp=0x28 span=1524x238 at(-1232,2066)
[BIGPRIM] code=0x3c tp=0x2c span=1650x1414 at(2347,-2449)
[BIGPRIM] code=0x3c tp=0x2c span=1674x1278 at(-1340,-832)
[BIGPRIM] code=0x3c tp=0x2c span=1332x1125 at(-848,-945)
[BIGPRIM] code=0x3a tp=0x40 span=1020x52 at(130,668)
[BIGPRIM] code=0x3c tp=0x28 span=1881x926 at(-1232,1166)
[BIGPRIM] code=0x3c tp=0x2c span=1926x1317 at(1564,-1057)
[BIGPRIM] code=0x3c tp=0x2c span=978x836 at(-899,-1221)
[BIGPRIM] code=0x3a tp=0xa span=1020x770 at(130,-25)
[BIGPRIM] code=0x3c tp=0x28 span=1524x238 at(-1232,2066)
[BIGPRIM] code=0x3c tp=0x2c span=1650x1414 at(2347,-2449)
[BIGPRIM] code=0x3c tp=0x2c span=1674x1278 at(-1340,-832)
[BIGPRIM] code=0x3c tp=0x2c span=1332x1125 at(-848,-945)
[BIGPRIM] code=0x3a tp=0x40 span=1020x52 at(130,668)
[BIGPRIM] code=0x3c tp=0x28 span=1881x926 at(-1232,1166)
[BIGPRIM] code=0x3c tp=0x2c span=1926x1317 at(1564,-1057)
[BIGPRIM] code=0x3c tp=0x2c span=978x836 at(-899,-1221)
[BIGPRIM] code=0x3a tp=0xa span=1020x770 at(130,-25)
[BIGPRIM] code=0x3c tp=0x28 span=1524x238 at(-1232,2066)
[BIGPRIM] code=0x3c tp=0x2c span=1650x1414 at(2347,-2449)
[BIGPRIM] code=0x3c tp=0x2c span=1674x1278 at(-1340,-832)
[BIGPRIM] code=0x3c tp=0x2c span=1332x1125 at(-848,-945)
[BIGPRIM] code=0x3a tp=0x40 span=1020x52 at(130,668)
[BIGPRIM] code=0x3c tp=0x28 span=1881x926 at(-1232,1166)
[BIGPRIM] code=0x3c tp=0x2c span=1926x1317 at(1564,-1057)
[BIGPRIM] code=0x3c tp=0x2c span=978x836 at(-899,-1221)
[BIGPRIM] code=0x3a tp=0xa span=1020x770 at(130,-25)
[BIGPRIM] code=0x3c tp=0x28 span=1524x238 at(-1232,2066)
[BIGPRIM] code=0x3c tp=0x2c span=1650x1414 at(2347,-2449)
[BIGPRIM] code=0x3c tp=0x2c span=1674x1278 at(-1340,-832)
[BIGPRIM] code=0x3c tp=0x2c span=1332x1125 at(-848,-945)
[BIGPRIM] code=0x3a tp=0x40 span=1020x52 at(130,668)
[BIGPRIM] code=0x3c tp=0x28 span=1881x926 at(-1232,1166)
[BIGPRIM] code=0x3c tp=0x2c span=1926x1317 at(1564,-1057)
[BIGPRIM] code=0x3c tp=0x2c span=978x836 at(-899,-1221)
[BIGPRIM] code=0x3a tp=0xa span=1020x770 at(130,-25)
[BIGPRIM] code=0x3c tp=0x28 span=1524x238 at(-1232,2066)
[BIGPRIM] code=0x3c tp=0x2c span=1650x1414 at(2347,-2449)
[BIGPRIM] code=0x3c tp=0x2c span=1674x1278 at(-1340,-832)
[BIGPRIM] code=0x3c tp=0x2c span=1332x1125 at(-848,-945)
[BIGPRIM] code=0x3a tp=0x40 span=1020x52 at(130,668)
[SH_DRIP] key_on song=0 ch=5 prog=3 note=66 bank=127 vabId=3 tones=1 match=1 vab2match=0
[BIGPRIM] code=0x3c tp=0x28 span=1881x926 at(-1232,1166)
[BIGPRIM] code=0x3c tp=0x2c span=1926x1317 at(1564,-1057)
[BIGPRIM] code=0x3c tp=0x2c span=978x836 at(-899,-1221)
[BIGPRIM] code=0x3a tp=0xa span=1020x770 at(130,-25)
[BIGPRIM] code=0x3c tp=0x28 span=1524x238 at(-1232,2066)
[BIGPRIM] code=0x3c tp=0x2c span=1650x1414 at(2347,-2449)
[BIGPRIM] code=0x3c tp=0x2c span=1674x1278 at(-1340,-832)
[BIGPRIM] code=0x3c tp=0x2c span=1332x1125 at(-848,-945)
[BIGPRIM] code=0x3a tp=0x40 span=1020x52 at(130,668)
[BIGPRIM] code=0x3c tp=0x28 span=1881x926 at(-1232,1166)
[BIGPRIM] code=0x3c tp=0x2c span=1926x1317 at(1564,-1057)
[BIGPRIM] code=0x3c tp=0x2c span=978x836 at(-899,-1221)
[BIGPRIM] code=0x3a tp=0xa span=1020x770 at(130,-25)
[BIGPRIM] code=0x3c tp=0x28 span=1524x238 at(-1232,2066)
[BIGPRIM] code=0x3c tp=0x2c span=1650x1414 at(2347,-2449)
[BIGPRIM] code=0x3c tp=0x2c span=1674x1278 at(-1340,-832)
[BIGPRIM] code=0x3c tp=0x2c span=1332x1125 at(-848,-945)
[BIGPRIM] code=0x3a tp=0x40 span=1020x52 at(130,668)
[CHNK] n=4 s0=0,1,st3 s1=0,6,st2 s2=-3,5,st2 s3=-1,6,st2
[BIGPRIM] code=0x3c tp=0x28 span=1881x926 at(-1232,1166)
[BIGPRIM] code=0x3c tp=0x2c span=1926x1317 at(1564,-1057)
[BIGPRIM] code=0x3c tp=0x2c span=978x836 at(-899,-1221)
[BIGPRIM] code=0x3a tp=0xa span=1020x770 at(130,-25)
[BIGPRIM] code=0x3c tp=0x28 span=1524x238 at(-1232,2066)
[BIGPRIM] code=0x3c tp=0x2c span=1650x1414 at(2347,-2449)
[BIGPRIM] code=0x3c tp=0x2c span=1674x1278 at(-1340,-832)
[BIGPRIM] code=0x3c tp=0x2c span=1332x1125 at(-848,-945)
[BIGPRIM] code=0x3a tp=0x40 span=1020x52 at(130,668)
[BIGPRIM] code=0x3c tp=0x28 span=1881x926 at(-1232,1166)
[BIGPRIM] code=0x3c tp=0x2c span=1926x1317 at(1564,-1057)
[BIGPRIM] code=0x3c tp=0x2c span=978x836 at(-899,-1221)
[BIGPRIM] code=0x3a tp=0xa span=1020x770 at(130,-25)
[BIGPRIM] code=0x3c tp=0x28 span=1524x238 at(-1232,2066)
[BIGPRIM] code=0x3c tp=0x2c span=1650x1414 at(2347,-2449)
[BIGPRIM] code=0x3c tp=0x2c span=1674x1278 at(-1340,-832)
[BIGPRIM] code=0x3c tp=0x2c span=1332x1125 at(-848,-945)
[BIGPRIM] code=0x3a tp=0x40 span=1020x52 at(130,668)
[BIGPRIM] code=0x3c tp=0x28 span=1881x926 at(-1232,1166)
[BIGPRIM] code=0x3c tp=0x2c span=1926x1317 at(1564,-1057)
[BIGPRIM] code=0x3c tp=0x2c span=978x836 at(-899,-1221)
[BIGPRIM] code=0x3a tp=0xa span=1020x770 at(130,-25)
[BIGPRIM] code=0x3c tp=0x28 span=1524x238 at(-1232,2066)
[BIGPRIM] code=0x3c tp=0x2c span=1650x1414 at(2347,-2449)
[BIGPRIM] code=0x3c tp=0x2c span=1674x1278 at(-1340,-832)
[BIGPRIM] code=0x3c tp=0x2c span=1332x1125 at(-848,-945)
[BIGPRIM] code=0x3a tp=0x40 span=1020x52 at(130,668)
[BIGPRIM] code=0x3c tp=0x28 span=1881x926 at(-1232,1166)
[BIGPRIM] code=0x3c tp=0x2c span=1926x1317 at(1564,-1057)
[BIGPRIM] code=0x3c tp=0x2c span=978x836 at(-899,-1221)
[BIGPRIM] code=0x3a tp=0xa span=1020x770 at(130,-25)
[BIGPRIM] code=0x3c tp=0x28 span=1524x238 at(-1232,2066)
[BIGPRIM] code=0x3c tp=0x2c span=1650x1414 at(2347,-2449)
[BIGPRIM] code=0x3c tp=0x2c span=1674x1278 at(-1340,-832)
[BIGPRIM] code=0x3c tp=0x2c span=1332x1125 at(-848,-945)
[BIGPRIM] code=0x3a tp=0x40 span=1020x52 at(130,668)
[BIGPRIM] code=0x3c tp=0x28 span=1881x926 at(-1232,1166)
[BIGPRIM] code=0x3c tp=0x2c span=1926x1317 at(1564,-1057)
[BIGPRIM] code=0x3c tp=0x2c span=978x836 at(-899,-1221)
[BIGPRIM] code=0x3a tp=0xa span=1020x770 at(130,-25)
[BIGPRIM] code=0x3c tp=0x28 span=1524x238 at(-1232,2066)
[BIGPRIM] code=0x3c tp=0x2c span=1650x1414 at(2347,-2449)
[BIGPRIM] code=0x3c tp=0x2c span=1674x1278 at(-1340,-832)
[BIGPRIM] code=0x3c tp=0x2c span=1332x1125 at(-848,-945)
[BIGPRIM] code=0x3a tp=0x40 span=1020x52 at(130,668)
[BIGPRIM] code=0x3c tp=0x28 span=1881x926 at(-1232,1166)
[BIGPRIM] code=0x3c tp=0x2c span=1926x1317 at(1564,-1057)
[BIGPRIM] code=0x3c tp=0x2c span=978x836 at(-899,-1221)
[BIGPRIM] code=0x3a tp=0xa span=1020x770 at(130,-25)
[BIGPRIM] code=0x3c tp=0x28 span=1524x238 at(-1232,2066)
[BIGPRIM] code=0x3c tp=0x2c span=1650x1414 at(2347,-2449)
[BIGPRIM] code=0x3c tp=0x2c span=1674x1278 at(-1340,-832)
[BIGPRIM] code=0x3c tp=0x2c span=1332x1125 at(-848,-945)
[BIGPRIM] code=0x3a tp=0x40 span=1020x52 at(130,668)
[BIGPRIM] code=0x3c tp=0x28 span=1881x926 at(-1232,1166)
[BIGPRIM] code=0x3c tp=0x2c span=1926x1317 at(1564,-1057)
[BIGPRIM] code=0x3c tp=0x2c span=978x836 at(-899,-1221)
[BIGPRIM] code=0x3a tp=0xa span=1020x770 at(130,-25)
[BIGPRIM] code=0x3c tp=0x28 span=1524x238 at(-1232,2066)
[BIGPRIM] code=0x3c tp=0x2c span=1650x1414 at(2347,-2449)
[BIGPRIM] code=0x3c tp=0x2c span=1674x1278 at(-1340,-832)
[FOGST-GPU] clear=0xff000000
[BOOT0/TIM] PostLoadTim file=1896 'MP_0TOWN.TIM' ss=0x8570 img.u=0 img.v=16 tPage=1,5 clutX=224 clutY=15
[BOOT0/TIM] post ReadTIM: prect=0xf99784 caddr=0xf99580 paddr=0xf9978c mode=9
[BOOT0/TIM] pre pixel LoadImage rect=(320,16 160x480)
[BOOT0/TIM] pre CLUT LoadImage rect=(224,15 256x1)
[BOOT0/TIM] PostLoadTim done
[POOLSTOMP] upload (320,16 160x480) hits PINNED pool slot 3 'THR0004F' (320,256)
[POOLSTOMP] upload (320,16 160x480) hits PINNED pool slot 5 'THR1201F' (448,256)
[BOOT0/TIM] PostLoadTim file=1910 'MR_0TOWN.TIM' ss=0x8998 img.u=32 img.v=0 tPage=0,7 clutX=480 clutY=255
[BOOT0/TIM] post ReadTIM: prect=0xfac5a4 caddr=0xfac580 paddr=0xfac5ac mode=8
[BOOT0/TIM] pre pixel LoadImage rect=(480,0 32x256)
[BOOT0/TIM] pre CLUT LoadImage rect=(480,255 16x1)
[BOOT0/TIM] PostLoadTim done
[SH-XBOX] vblank 25200
[MEM] tick: free=2232KB (558 pages)
[SH-XBOX] vblank 25800
[MEM] tick: free=2232KB (558 pages)
[BIGPRIM] code=0x3c tp=0x2c span=1332x1125 at(-848,-945)
[FOGST-GPU] clear=0xff6c6474
[BIGPRIM] code=0x3a tp=0x40 span=1020x52 at(130,668)
[BIGPRIM] code=0x3c tp=0x28 span=1878x929 at(-1238,1157)
[BIGPRIM] code=0x3c tp=0x2c span=1854x1265 at(1513,-1028)
[BIGPRIM] code=0x3c tp=0x2c span=996x855 at(-953,-1314)
[BIGPRIM] code=0x3a tp=0xa span=1020x770 at(130,-25)
[BIGPRIM] code=0x3c tp=0x28 span=1533x964 at(274,1083)
[BIGPRIM] code=0x3c tp=0x2c span=1920x1626 at(1786,-1777)
[BIGPRIM] code=0x3a tp=0xa span=1020x770 at(130,-25)
[BIGPRIM] code=0x3c tp=0x28 span=1314x1038 at(-629,829)
[BIGPRIM] code=0x3c tp=0x2c span=1302x1099 at(-818,-1189)
[BIGPRIM] code=0x3c tp=0x2c span=2094x1428 at(646,-1636)
[BIGPRIM] code=0x3c tp=0x2c span=1152x783 at(-887,-700)
[BIGPRIM] code=0x3c tp=0x28 span=981x765 at(-233,720)
[BIGPRIM] code=0x3c tp=0x2c span=1266x1067 at(-758,-1173)
[BIGPRIM] code=0x3c tp=0x2c span=1914x1305 at(685,-1485)
[BIGPRIM] code=0x3a tp=0x40 span=1020x51 at(130,0)
[BIGPRIM] code=0x3c tp=0x2c span=1278x1177 at(1435,-1295)
[BIGPRIM] code=0x3c tp=0x28 span=1017x761 at(769,720)
[BIGPRIM] code=0x3a tp=0x40 span=1020x52 at(130,668)
[BIGPRIM] code=0x3c tp=0x2c span=1380x1053 at(-926,-867)
[BIGPRIM] code=0x3c tp=0x2c span=1776x1510 at(-1130,-1446)
[BIGPRIM] code=0x3c tp=0x28 span=1737x572 at(-854,2741)
[BIGPRIM] code=0x3c tp=0x2c span=972x900 at(-968,-912)
[BIGPRIM] code=0x3c tp=0x2c span=1818x1536 at(985,-1912)
[BIGPRIM] code=0x3c tp=0x28 span=1719x611 at(-752,2831)
[BIGPRIM] code=0x3c tp=0x2c span=948x874 at(-923,-880)
[BIGPRIM] code=0x3c tp=0x2c span=1470x1228 at(-923,-1459)
[BIGPRIM] code=0x3c tp=0x2c span=1830x1555 at(2395,-1520)
[BIGPRIM] code=0x3a tp=0x40 span=1020x51 at(130,0)
[BIGPRIM] code=0x3c tp=0x2c span=1128x951 at(1357,-1057)
[BIGPRIM] code=0x3c tp=0x2c span=1554x1318 at(931,-1610)
[BIGPRIM] code=0x3c tp=0x2c span=1536x1304 at(2107,-1243)
[BIGPRIM] code=0x3c tp=0x28 span=1170x1536 at(-155,945)
[BIGPRIM] code=0x3c tp=0x28 span=1590x1296 at(943,2352)
[BIGPRIM] code=0x3c tp=0x2c span=978x829 at(-449,-864)
[BIGPRIM] code=0x3c tp=0x2c span=804x745 at(-701,-713)
[BIGPRIM] code=0x3a tp=0xa span=1020x770 at(130,-25)
[BIGPRIM] code=0x3c tp=0x2c span=1842x1581 at(1450,-3188)
[BIGPRIM] code=0x3c tp=0x2c span=1830x1214 at(1474,-1041)
[BIGPRIM] code=0x3c tp=0x2c span=948x804 at(1234,-877)
[BIGPRIM] code=0x3c tp=0x2c span=1356x1144 at(883,-1378)
[BIGPRIM] code=0x3c tp=0x2c span=1188x1093 at(682,-1260)
[BIGPRIM] code=0x3c tp=0x2c span=1320x1048 at(-1526,-1735)
[BIGPRIM] code=0x3c tp=0x2c span=792x733 at(1132,-745)
[BIGPRIM] code=0x3c tp=0x2c span=1212x1016 at(1849,-1215)
[BIGPRIM] code=0x3c tp=0x2c span=1176x1087 at(685,-1250)
[BIGPRIM] code=0x3c tp=0x2c span=1776x1182 at(1453,-1002)
[BIGPRIM] code=0x3c tp=0x2c span=942x798 at(1231,-871)
[BIGPRIM] code=0x3c tp=0x2c span=1158x791 at(685,-810)
[BIGPRIM] code=0x3c tp=0x2c span=984x842 at(1735,-1555)
[BIGPRIM] code=0x3c tp=0x2c span=1260x1003 at(1663,-1732)
[BIGPRIM] code=0x3c tp=0x2c span=1872x1607 at(1447,-3217)
[BIGPRIM] code=0x3c tp=0x2c span=1020x777 at(1408,-617)
[BIGPRIM] code=0x3c tp=0x2c span=1254x1048 at(-704,-1192)
[BIGPRIM] code=0x3c tp=0x2c span=1566x1195 at(1066,-1102)
[BIGPRIM] code=0x3c tp=0x2c span=1848x1227 at(-1817,-957)
[BIGPRIM] code=0x3c tp=0x2c span=792x727 at(1129,-736)
[BIGPRIM] code=0x3c tp=0x2c span=1206x1010 at(1840,-1202)
[BIGPRIM] code=0x3c tp=0x2c span=1176x1086 at(685,-1243)
[BIGPRIM] code=0x3c tp=0x2c span=1764x1169 at(1450,-986)
[BIGPRIM] code=0x3c tp=0x2c span=942x797 at(1231,-867)
[BIGPRIM] code=0x3c tp=0x2c span=1158x790 at(682,-806)
[BIGPRIM] code=0x3c tp=0x2c span=984x842 at(1732,-1552)
[BIGPRIM] code=0x3c tp=0x2c span=1260x1002 at(1657,-1722)
[BIGPRIM] code=0x3c tp=0x2c span=1872x1607 at(1453,-3217)
[BIGPRIM] code=0x3c tp=0x2c span=1014x770 at(1408,-607)
[BIGPRIM] code=0x3c tp=0x2c span=1254x1048 at(-698,-1189)
[BIGPRIM] code=0x3c tp=0x2c span=1566x1195 at(1066,-1102)
[BIGPRIM] code=0x3c tp=0x2c span=1848x1227 at(-1808,-957)
[BIGPRIM] code=0x3c tp=0x2c span=792x727 at(1129,-736)
[BIGPRIM] code=0x3c tp=0x2c span=1200x1003 at(1840,-1195)
[BIGPRIM] code=0x3c tp=0x2c span=1176x1086 at(685,-1243)
[BIGPRIM] code=0x3c tp=0x2c span=1764x1169 at(1447,-986)
[BIGPRIM] code=0x3c tp=0x2c span=942x797 at(1231,-867)
[BIGPRIM] code=0x3c tp=0x2c span=1158x790 at(682,-806)
[BIGPRIM] code=0x3c tp=0x2c span=984x842 at(1732,-1552)
[BIGPRIM] code=0x3c tp=0x2c span=1260x1002 at(1657,-1722)
[BIGPRIM] code=0x3c tp=0x2c span=1872x1607 at(1453,-3217)
[BIGPRIM] code=0x3c tp=0x2c span=1014x770 at(1408,-607)
[BIGPRIM] code=0x3c tp=0x2c span=1254x1048 at(-698,-1189)
[BIGPRIM] code=0x3c tp=0x2c span=1566x1195 at(1066,-1102)
[BIGPRIM] code=0x3c tp=0x2c span=1848x1227 at(-1808,-957)
[BIGPRIM] code=0x3c tp=0x2c span=792x727 at(1129,-736)
[BIGPRIM] code=0x3c tp=0x2c span=1200x1003 at(1840,-1195)
[BIGPRIM] code=0x3c tp=0x2c span=1176x1086 at(685,-1243)
[BIGPRIM] code=0x3c tp=0x2c span=1746x1163 at(1450,-980)
[BIGPRIM] code=0x3c tp=0x2c span=936x791 at(1231,-864)
[BIGPRIM] code=0x3c tp=0x2c span=1152x784 at(685,-800)
[BIGPRIM] code=0x3c tp=0x2c span=984x842 at(1729,-1552)
[BIGPRIM] code=0x3c tp=0x2c span=1254x996 at(1657,-1716)
[BIGPRIM] code=0x3c tp=0x2c span=1872x1607 at(1447,-3214)
[BIGPRIM] code=0x3c tp=0x2c span=1014x770 at(1408,-607)
[BIGPRIM] code=0x3c tp=0x2c span=1242x1035 at(-692,-1176)
[BIGPRIM] code=0x3c tp=0x2c span=1554x1189 at(1069,-1096)
[BIGPRIM] code=0x3c tp=0x2c span=1848x1227 at(-1805,-961)
[BIGPRIM] code=0x3c tp=0x2c span=786x727 at(1132,-736)
[BIGPRIM] code=0x3c tp=0x2c span=1200x1003 at(1837,-1195)
[BIGPRIM] code=0x3c tp=0x2c span=1020x874 at(-929,-1549)
[BIGPRIM] code=0x3c tp=0x2c span=1746x1163 at(1447,-980)
[BIGPRIM] code=0x3c tp=0x2c span=936x791 at(1231,-861)
[BIGPRIM] code=0x3c tp=0x2c span=1152x784 at(685,-800)
[BIGPRIM] code=0x3c tp=0x2c span=978x835 at(1729,-1542)
[BIGPRIM] code=0x3c tp=0x2c span=1254x997 at(1654,-1713)
[BIGPRIM] code=0x3c tp=0x2c span=1872x1607 at(1441,-3207)
[BIGPRIM] code=0x3c tp=0x2c span=1014x770 at(1405,-607)
[BIGPRIM] code=0x3c tp=0x2c span=1242x1035 at(-692,-1176)
[BIGPRIM] code=0x3c tp=0x2c span=1554x1189 at(1066,-1096)
[BIGPRIM] code=0x3c tp=0x2c span=1830x1214 at(-1793,-948)
[BIGPRIM] code=0x3c tp=0x2c span=786x727 at(1129,-736)
[BIGPRIM] code=0x3c tp=0x2c span=1200x1003 at(1831,-1195)
[BIGPRIM] code=0x3c tp=0x2c span=1020x874 at(-929,-1549)
[BIGPRIM] code=0x3c tp=0x2c span=1746x1163 at(1447,-980)
[BIGPRIM] code=0x3c tp=0x2c span=936x791 at(1231,-861)
[BIGPRIM] code=0x3c tp=0x2c span=1152x784 at(685,-800)
[BIGPRIM] code=0x3c tp=0x2c span=978x835 at(1729,-1542)
[BIGPRIM] code=0x3c tp=0x28 span=1029x1086 at(775,871)
[BIGPRIM] code=0x3c tp=0x2c span=1842x1581 at(1453,-3175)
[BIGPRIM] code=0x3c tp=0x2c span=1014x770 at(1405,-607)
[BIGPRIM] code=0x3c tp=0x2c span=1242x1035 at(-689,-1176)
[BIGPRIM] code=0x3c tp=0x2c span=1554x1189 at(1066,-1096)
[SH_DRIP] key_on song=0 ch=6 prog=3 note=70 bank=127 vabId=3 tones=1 match=1 vab2match=0
[BIGPRIM] code=0x3c tp=0x2c span=1830x1214 at(-1787,-948)
[BIGPRIM] code=0x3c tp=0x2c span=786x727 at(1129,-736)
[BIGPRIM] code=0x3c tp=0x2c span=1200x1003 at(1831,-1195)
[BIGPRIM] code=0x3c tp=0x2c span=1014x867 at(-923,-1542)
[BIGPRIM] code=0x3c tp=0x2c span=1746x1163 at(1444,-980)
[BIGPRIM] code=0x3c tp=0x2c span=936x791 at(1231,-864)
[BIGPRIM] code=0x3c tp=0x2c span=1152x784 at(685,-800)
[BIGPRIM] code=0x3c tp=0x2c span=978x835 at(1729,-1542)
[BIGPRIM] code=0x3c tp=0x28 span=1023x1080 at(775,871)
[BIGPRIM] code=0x3c tp=0x2c span=1842x1581 at(1453,-3175)
[BIGPRIM] code=0x3c tp=0x2c span=1014x770 at(1405,-607)
[BIGPRIM] code=0x3c tp=0x2c span=1242x1035 at(-689,-1176)
[BIGPRIM] code=0x3c tp=0x2c span=1554x1189 at(1066,-1096)
[BIGPRIM] code=0x3c tp=0x2c span=1830x1214 at(-1787,-948)
[BIGPRIM] code=0x3c tp=0x2c span=786x727 at(1129,-736)
[BIGPRIM] code=0x3c tp=0x2c span=1200x1003 at(1831,-1195)
[BIGPRIM] code=0x3c tp=0x2c span=1272x1061 at(1927,-1263)
[BIGPRIM] code=0x3c tp=0x2c span=1452x1227 at(973,-1468)
[BIGPRIM] code=0x3c tp=0x2c span=1044x829 at(-965,-1359)
[BIGPRIM] code=0x3c tp=0x2c span=1356x1254 at(-1292,-1623)
[BIGPRIM] code=0x3c tp=0x2c span=1098x1015 at(1543,-980)
[BIGPRIM] code=0x3c tp=0x2c span=1218x1150 at(-731,-1006)
[BIGPRIM] code=0x3c tp=0x2c span=1266x860 at(1546,-697)
[BIGPRIM] code=0x3c tp=0x2c span=1092x1009 at(-809,-1272)
[BIGPRIM] code=0x3c tp=0x2c span=1302x1157 at(-752,-1359)
[BIGPRIM] code=0x3c tp=0x2c span=1626x1111 at(1027,-1073)
[BIGPRIM] code=0x3a tp=0xa span=1020x770 at(130,-25)
[BIGPRIM] code=0x3c tp=0x2c span=1170x1105 at(-578,-961)
[BIGPRIM] code=0x3c tp=0x2c span=1254x1157 at(1804,-1125)
[BIGPRIM] code=0x3c tp=0x2c span=978x778 at(-698,-1266)
[BIGPRIM] code=0x3c tp=0x2c span=1596x1350 at(1195,-1603)
[BIGPRIM] code=0x3c tp=0x2c span=1278x1177 at(928,-1337)
[BIGPRIM] code=0x3c tp=0x2c span=1626x1079 at(-1310,-842)
[BIGPRIM] code=0x3c tp=0x28 span=810x941 at(-203,810)
[BIGPRIM] code=0x3c tp=0x2c span=1440x1356 at(-3152,-1452)
[BIGPRIM] code=0x3c tp=0x2c span=1536x1021 at(-3200,-1018)
[BIGPRIM] code=0x3c tp=0x2c span=1254x1048 at(2077,-1247)
[BIGPRIM] code=0x3c tp=0x2c span=1356x1144 at(1069,-1375)
[BIGPRIM] code=0x3c tp=0x2c span=1158x791 at(844,-810)
[BIGPRIM] code=0x3c tp=0x2c span=1020x776 at(1561,-613)
[BIGPRIM] code=0x3c tp=0x2c span=780x720 at(-2294,-829)
[BIGPRIM] code=0x3a tp=0xa span=1020x770 at(130,-25)
[BIGPRIM] code=0x3c tp=0x2c span=1794x1195 at(-1502,-932)
[BIGPRIM] code=0x3c tp=0x2c span=1254x997 at(1876,-1713)
[BIGPRIM] code=0x3c tp=0x2c span=1542x1176 at(1282,-1083)
[BIGPRIM] code=0x3c tp=0x2c span=1158x1067 at(886,-1221)
[BIGPRIM] code=0x3c tp=0x2c span=1230x1029 at(-485,-1170)
[BIGPRIM] code=0x3c tp=0x2c span=1182x984 at(2008,-1173)
[BIGPRIM] code=0x3c tp=0x2c span=1020x783 at(-2303,-726)
[BIGPRIM] code=0x3c tp=0x2c span=780x720 at(1258,-729)
[BIGPRIM] code=0x3c tp=0x2c span=888x752 at(-1763,-909)
[BIGPRIM] code=0x3c tp=0x2c span=1716x1619 at(-1241,-1472)
[BIGPRIM] code=0x3c tp=0x2c span=1764x1349 at(1441,-1237)
[BIGPRIM] code=0x3c tp=0x2c span=2016x1542 at(1591,-1404)
[BIGPRIM] code=0x3c tp=0x28 span=783x746 at(-404,703)
[BIGPRIM] code=0x3c tp=0x2c span=1308x892 at(1747,-732)
[BIGPRIM] code=0x3c tp=0x28 span=738x1157 at(25,790)
[BIGPRIM] code=0x3c tp=0x2c span=1236x1169 at(-521,-1018)
[BIGPRIM] code=0x3c tp=0x2c span=1194x796 at(-569,-581)
[BIGPRIM] code=0x3c tp=0x2c span=1986x1355 at(1420,-1317)
[BIGPRIM] code=0x3c tp=0x2c span=1194x796 at(-527,-581)
[BIGPRIM] code=0x3c tp=0x28 span=735x1375 at(157,813)
[BIGPRIM] code=0x3a tp=0xa span=1020x770 at(130,-25)
[BIGPRIM] code=0x3c tp=0x2c span=1266x1195 at(-413,-1041)
[BIGPRIM] code=0x3c tp=0x2c span=2010x1369 at(2599,-1128)
[BIGPRIM] code=0x3c tp=0x2c span=1218x1034 at(34,-851)
[BIGPRIM] code=0x3c tp=0x28 span=2043x13 at(-1340,3635)
[BIGPRIM] code=0x3c tp=0x2c span=1308x1239 at(-347,-1076)
[BIGPRIM] code=0x3c tp=0x2c span=1482x1325 at(-344,-1517)
[BIGPRIM] code=0x3c tp=0x2c span=1128x938 at(211,-941)
[BIGPRIM] code=0x3c tp=0x28 span=2091x1424 at(-320,2224)
[BIGPRIM] code=0x3c tp=0x2c span=1272x847 at(-311,-549)
[BIGPRIM] code=0x3c tp=0x28 span=2079x878 at(-8,2770)
[BIGPRIM] code=0x3c tp=0x28 span=762x996 at(-239,800)
[BIGPRIM] code=0x3c tp=0x2c span=1014x770 at(208,-417)
[BIGPRIM] code=0x3c tp=0x2c span=1404x1188 at(214,-880)
[BIGPRIM] code=0x3c tp=0x2c span=1344x1241 at(-305,-1443)
[BIGPRIM] code=0x3c tp=0x28 span=2052x225 at(775,3423)
[BIGPRIM] code=0x3c tp=0x2c span=1500x995 at(-275,-668)
[BIGPRIM] code=0x3c tp=0x2c span=1506x1389 at(-200,-1700)
[BIGPRIM] code=0x3c tp=0x28 span=126x769 at(754,-871)
[BIGPRIM] code=0x3c tp=0x2c span=1728x1471 at(418,-1218)
[BIGPRIM] code=0x3c tp=0x2c span=1056x893 at(466,-874)
[BIGPRIM] code=0x3c tp=0x28 span=738x778 at(961,662)
[BIGPRIM] code=0x3c tp=0x28 span=75x894 at(916,-1022)
[BIGPRIM] code=0x3c tp=0x2c span=1230x977 at(193,-1539)
[BOOT0/TIM] PostLoadTim file=1147 'THR2101F.TIM' ss=0x4ae0 img.u=0 img.v=0 tPage=0,22 clutX=64 clutY=0
[BOOT0/TIM] post ReadTIM: prect=0xfb6784 caddr=0xfb6580 paddr=0xfb678c mode=8
[BOOT0/TIM] pre pixel LoadImage rect=(384,256 64x256)
[BOOT0/TIM] pre CLUT LoadImage rect=(64,0 16x16)
[BOOT0/TIM] PostLoadTim done
[POOLSTOMP] upload (384,256 64x256) hits PINNED pool slot 4 'THR2101F' (384,256)
[BIGPRIM] code=0x3c tp=0x28 span=2073x1042 at(466,2606)
[BIGPRIM] code=0x3c tp=0x2c span=1266x963 at(472,-655)
[BIGPRIM] code=0x3c tp=0x28 span=57x945 at(1066,-1063)
[BIGPRIM] code=0x3c tp=0x28 span=2127x270 at(382,3378)
[BIGPRIM] code=0x3c tp=0x2c span=1386x1060 at(550,-678)
[BIGPRIM] code=0x3c tp=0x2c span=1464x1117 at(583,-716)
[BIGPRIM] code=0x3c tp=0x2c span=1260x1066 at(685,-993)
[BIGPRIM] code=0x3c tp=0x2c span=822x758 at(496,-607)
[BIGPRIM] code=0x3a tp=0xa span=1020x770 at(130,-25)
[BIGPRIM] code=0x3c tp=0x2c span=1362x1080 at(463,-1603)
[BIGPRIM] code=0x3c tp=0x2c span=1596x1221 at(691,-771)
[BIGPRIM] code=0x3c tp=0x2c span=894x822 at(559,-642)
[BIGPRIM] code=0x3c tp=0x28 span=1395x1016 at(1132,1340)
[BIGPRIM] code=0x3c tp=0x2c span=1722x1369 at(706,-2053)
[BIGPRIM] code=0x3a tp=0xa span=1020x770 at(130,-25)
[BIGPRIM] code=0x3c tp=0x28 span=1116x1520 at(-902,813)
[BIGPRIM] code=0x3a tp=0xa span=1020x770 at(130,-25)
[BIGPRIM] code=0x3c tp=0x28 span=678x772 at(952,642)
[BIGPRIM] code=0x3c tp=0x2c span=1284x873 at(937,-639)
[BOOT0/TIM] PostLoadTim file=1225 'THR8101F.TIM' ss=0x4f56 img.u=0 img.v=0 tPage=0,24 clutX=96 clutY=0
[BOOT0/TIM] post ReadTIM: prect=0xfb6704 caddr=0xfb6580 paddr=0xfb670c mode=8
[BOOT0/TIM] pre pixel LoadImage rect=(512,256 64x256)
[BOOT0/TIM] pre CLUT LoadImage rect=(96,0 16x12)
[BOOT0/TIM] PostLoadTim done
[POOLSTOMP] upload (512,256 64x256) hits PINNED pool slot 6 'THR8101F' (512,256)
[TEXVRAM] 'THR8101F' tPage=[0,24] clutXY=(96,0) uv=(0,0)
[BIGPRIM] code=0x3a tp=0xa span=1020x770 at(130,-25)
[BIGPRIM] code=0x3a tp=0xa span=1020x770 at(130,-25)
[BIGPRIM] code=0x3c tp=0x28 span=957x813 at(1042,1070)
[BIGPRIM] code=0x3c tp=0x28 span=966x1119 at(1048,745)
[BIGPRIM] code=0x3c tp=0x28 span=609x797 at(64,720)
[BIGPRIM] code=0x3c tp=0x2c span=1098x745 at(808,-485)
[BIGPRIM] code=0x3c tp=0x2c span=1272x1087 at(1261,-1742)
[BIGPRIM] code=0x3c tp=0x2c span=1428x1132 at(910,-1697)
[BIGPRIM] code=0x3c tp=0x28 span=912x1430 at(-185,945)
[BIGPRIM] code=0x3c tp=0x2c span=930x740 at(-1445,-1231)
[BIGPRIM] code=0x3c tp=0x28 span=1602x1460 at(-698,2188)
[BIGPRIM] code=0x3c tp=0x28 span=1221x1305 at(-821,935)
[BIGPRIM] code=0x3c tp=0x2c span=984x842 at(1156,-1292)
[BIGPRIM] code=0x3c tp=0x2c span=984x822 at(-857,-912)
[BIGPRIM] code=0x3c tp=0x28 span=1710x605 at(1021,3043)
[BIGPRIM] code=0x3c tp=0x28 span=1371x1578 at(-944,999)
[BIGPRIM] code=0x3c tp=0x2c span=1344x1117 at(1360,-1089)
[BIGPRIM] code=0x3c tp=0x2c span=1404x931 at(-1763,-761)
[BIGPRIM] code=0x3c tp=0x2c span=1014x860 at(-725,-732)
[BIGPRIM] code=0x3a tp=0xa span=1020x770 at(130,-25)
[BIGPRIM] code=0x3c tp=0x28 span=1950x283 at(781,3365)
[BIGPRIM] code=0x3c tp=0x2c span=1704x1439 at(1414,-1346)
[BIGPRIM] code=0x3c tp=0x2c span=882x784 at(-614,-1018)
[BIGPRIM] code=0x3c tp=0x2c span=924x855 at(-959,-1250)
[BIGPRIM] code=0x3c tp=0x2c span=1416x1260 at(-1547,-1767)
[BIGPRIM] code=0x3c tp=0x2c span=1458x1382 at(-1610,-1478)
[BIGPRIM] code=0x3a tp=0xa span=1020x770 at(130,-25)
[BIGPRIM] code=0x3c tp=0x2c span=960x823 at(-1190,-1658)
[BIGPRIM] code=0x3c tp=0x2c span=1686x1337 at(1372,-2201)
[BIGPRIM] code=0x3c tp=0x2c span=1332x1132 at(-1070,-1189)
[BIGPRIM] code=0x3c tp=0x2c span=1704x1356 at(1396,-2230)
[BIGPRIM] code=0x3c tp=0x28 span=816x749 at(-431,710)
[BIGPRIM] code=0x3c tp=0x2c span=1542x1305 at(1429,-1317)
[BIGPRIM] code=0x3c tp=0x2c span=1878x1588 at(1672,-1591)
[BIGPRIM] code=0x3c tp=0x2c span=1380x1272 at(1345,-1166)
[BIGPRIM] code=0x3c tp=0x2c span=1452x1228 at(1387,-1260)
[BIGPRIM] code=0x3c tp=0x2c span=1542x1324 at(1957,-2323)
[BIGPRIM] code=0x3c tp=0x28 span=630x752 at(655,694)
[BIGPRIM] code=0x3c tp=0x2c span=1086x919 at(1147,-957)
[BIGPRIM] code=0x3c tp=0x2c span=1980x1317 at(1075,-1028)
[BIGPRIM] code=0x3c tp=0x2c span=1374x1151 at(1675,-1308)
[BIGPRIM] code=0x3c tp=0x2c span=1158x1028 at(-1109,-1465)
[BIGPRIM] code=0x3c tp=0x2c span=1080x720 at(-1025,-723)
[BIGPRIM] code=0x3c tp=0x2c span=1806x1613 at(1822,-1973)
[BIGPRIM] code=0x3c tp=0x2c span=1434x950 at(964,-748)
[BIGPRIM] code=0x3c tp=0x2c span=990x784 at(1144,-1301)
[BIGPRIM] code=0x3c tp=0x2c span=1206x1022 at(1543,-887)
[BIGPRIM] code=0x3c tp=0x2c span=1176x932 at(1456,-1520)
[BIGPRIM] code=0x3c tp=0x2c span=1230x1040 at(1495,-1028)
[BIGPRIM] code=0x3c tp=0x28 span=756x1022 at(-425,736)
[BIGPRIM] code=0x3c tp=0x2c span=1434x1208 at(1645,-1163)
[BIGPRIM] code=0x3c tp=0x2c span=1308x1105 at(1489,-1038)
[BIGPRIM] code=0x3a tp=0xa span=1020x770 at(130,-25)
[BIGPRIM] code=0x3c tp=0x2c span=1746x1484 at(1879,-1166)
[BIGPRIM] code=0x3c tp=0x2c span=1134x944 at(1447,-932)
[BIGPRIM] code=0x3c tp=0x28 span=1215x1038 at(-1016,877)
[BIGPRIM] code=0x3c tp=0x2c span=1290x861 at(811,-572)
[BIGPRIM] code=0x3c tp=0x2c span=996x919 at(3211,-1144)
[BIGPRIM] code=0x3c tp=0x2c span=1362x906 at(-1634,-810)
[BIGPRIM] code=0x3c tp=0x2c span=1404x931 at(2683,-845)
[BIGPRIM] code=0x3c tp=0x28 span=1176x1582 at(-506,986)
[CHNK] n=4 s0=0,1,st3 s1=0,2,st2 s2=-3,5,st2 s3=-1,1,st2
[BIGPRIM] code=0x3c tp=0x2c span=1044x693 at(721,-478)
[BIGPRIM] code=0x3c tp=0x2c span=888x835 at(862,-700)
[BIGPRIM] code=0x3a tp=0xa span=1020x770 at(130,-25)
[SH-XBOX] vblank 26400
[MEM] tick: free=2232KB (558 pages)
[BIGPRIM] code=0x3c tp=0x28 span=1944x257 at(-1502,3391)
[BIGPRIM] code=0x3c tp=0x28 span=1929x1280 at(70,2368)
[BIGPRIM] code=0x3c tp=0x28 span=1899x942 at(112,2706)
[BIGPRIM] code=0x3c tp=0x28 span=1896x148 at(-1322,3500)
[BIGPRIM] code=0x3c tp=0x2c span=1386x1157 at(-1352,-1433)
[BIGPRIM] code=0x3c tp=0x2c span=1110x847 at(-962,-700)
[BIGPRIM] code=0x3c tp=0x2c span=1392x924 at(943,-642)
[BIGPRIM] code=0x3c tp=0x2c span=954x817 at(3229,-1517)
[BIGPRIM] code=0x3c tp=0x28 span=1560x52 at(1105,3596)
[BIGPRIM] code=0x3c tp=0x2c span=936x803 at(1375,-1301)
[BIGPRIM] code=0x3c tp=0x2c span=1056x892 at(1114,-835)
[BIGPRIM] code=0x3c tp=0x2c span=1518x1208 at(1441,-1857)
[BIGPRIM] code=0x3c tp=0x28 span=1938x135 at(-1754,3513)
[BIGPRIM] code=0x3c tp=0x2c span=1170x796 at(1093,-543)
[BIGPRIM] code=0x3c tp=0x28 span=759x1138 at(-20,822)
[BIGPRIM] code=0x3c tp=0x2c span=1788x1421 at(1582,-2153)
[BIGPRIM] code=0x3c tp=0x2c span=1272x1087 at(1702,-1729)
[BIGPRIM] code=0x3c tp=0x2c span=1356x1209 at(-1439,-1536)
[BIGPRIM] code=0x3c tp=0x2c span=1230x1041 at(-899,-935)
[BIGPRIM] code=0x3c tp=0x28 span=1377x1613 at(748,1051)
[BIGPRIM] code=0x3c tp=0x2c span=1320x1048 at(3049,-1751)
[BIGPRIM] code=0x3c tp=0x2c span=1560x1388 at(1600,-1513)
[BIGPRIM] code=0x3c tp=0x2c span=1536x1222 at(-2492,-2060)
[BIGPRIM] code=0x3c tp=0x2c span=864x720 at(2527,-781)
[BIGPRIM] code=0x3c tp=0x2c span=1020x861 at(1276,-591)
[BIGPRIM] code=0x3c tp=0x2c span=954x759 at(2782,-1221)
[BIGPRIM] code=0x3c tp=0x2c span=1056x836 at(3028,-1359)
[BIGPRIM] code=0x3c tp=0x2c span=996x791 at(1072,-1099)
[BIGPRIM] code=0x3c tp=0x2c span=1122x1003 at(3148,-1096)
[BIGPRIM] code=0x3c tp=0x2c span=1116x1029 at(3151,-1215)
[BIGPRIM] code=0x3c tp=0x2c span=1770x1575 at(1777,-1729)
[BIGPRIM] code=0x3c tp=0x2c span=1248x1059 at(1492,-761)
[BIGPRIM] code=0x3c tp=0x2c span=882x745 at(967,-607)
[BIGPRIM] code=0x3c tp=0x2c span=2154x1433 at(-2726,-1250)
[BIGPRIM] code=0x3c tp=0x2c span=1266x1072 at(1498,-774)
[BIGPRIM] code=0x3c tp=0x2c span=936x790 at(-650,-771)
[BIGPRIM] code=0x3c tp=0x2c span=1710x1575 at(1396,-1864)
[BIGPRIM] code=0x3c tp=0x2c span=1380x1169 at(-1103,-1051)
[BIGPRIM] code=0x3c tp=0x2c span=876x752 at(-1043,-1288)
[BIGPRIM] code=0x3c tp=0x2c span=822x758 at(-1004,-694)
[BIGPRIM] code=0x3c tp=0x2c span=1788x1594 at(1792,-1751)
[BIGPRIM] code=0x3c tp=0x2c span=2340x1555 at(2539,-1369)
[BIGPRIM] code=0x3c tp=0x28 span=1731x1209 at(1024,2439)
[BIGPRIM] code=0x3c tp=0x28 span=1671x1006 at(-398,2642)
[BIGPRIM] code=0x3c tp=0x2c span=1068x952 at(3007,-1157)
[BIGPRIM] code=0x3c tp=0x2c span=1284x1099 at(-2015,-1960)
[BIGPRIM] code=0x3c tp=0x2c span=888x744 at(1177,-671)
[BIGPRIM] code=0x3c tp=0x2c span=930x739 at(976,-1018)
[BIGPRIM] code=0x3c tp=0x2c span=1248x950 at(-1193,-716)
[BIGPRIM] code=0x3c tp=0x2c span=1236x944 at(-1178,-707)
[BIGPRIM] code=0x3c tp=0x2c span=978x778 at(2809,-1256)
[BIGPRIM] code=0x3c tp=0x2c span=1044x900 at(-1481,-1568)
[BIGPRIM] code=0x3c tp=0x2c span=996x855 at(-1379,-1488)
[BIGPRIM] code=0x3c tp=0x2c span=966x829 at(-1313,-1436)
[BIGPRIM] code=0x3c tp=0x2c span=1212x1016 at(3103,-1157)
[BIGPRIM] code=0x3c tp=0x2c span=1026x810 at(1036,-1131)
[BIGPRIM] code=0x3c tp=0x2c span=1116x1028 at(3151,-1211)
[BIGPRIM] code=0x3c tp=0x2c span=1254x1048 at(-1142,-1195)
[BIGPRIM] code=0x3c tp=0x2c span=1044x829 at(1045,-1160)
[BIGPRIM] code=0x3c tp=0x2c span=1230x1029 at(-1121,-1173)
[BIGPRIM] code=0x3c tp=0x2c span=1290x1220 at(3064,-1002)
[BIGPRIM] code=0x3c tp=0x2c span=1254x1067 at(1417,-765)
[BIGPRIM] code=0x3c tp=0x2c span=1272x969 at(2983,-732)
[BIGPRIM] code=0x3c tp=0x2c span=894x765 at(-1160,-1314)
[BIGPRIM] code=0x3c tp=0x2c span=894x765 at(-1154,-1311)
[BIGPRIM] code=0x3c tp=0x2c span=888x765 at(-1151,-1311)
[BIGPRIM] code=0x3c tp=0x2c span=888x765 at(-1145,-1308)
[BIGPRIM] code=0x3c tp=0x2c span=888x765 at(-1145,-1308)
[BIGPRIM] code=0x3c tp=0x2c span=888x765 at(-1148,-1311)
[BIGPRIM] code=0x3c tp=0x2c span=882x758 at(-1139,-1301)
[BIGPRIM] code=0x3c tp=0x2c span=882x758 at(-1139,-1301)
[BIGPRIM] code=0x3c tp=0x2c span=882x758 at(-1139,-1301)
[BIGPRIM] code=0x3c tp=0x2c span=1176x932 at(-1796,-1533)
[BIGPRIM] code=0x3c tp=0x2c span=1206x1009 at(-1091,-1147)
[BIGPRIM] code=0x3c tp=0x2c span=1032x790 at(1078,-424)
[BIGPRIM] code=0x3a tp=0xa span=1020x770 at(130,-25)
[BIGPRIM] code=0x3c tp=0x2c span=1284x1086 at(1426,-784)
[BIGPRIM] code=0x3c tp=0x2c span=2154x1433 at(-2867,-1250)
[BIGPRIM] code=0x3c tp=0x2c span=1080x855 at(1042,-1202)
[BIGPRIM] code=0x3c tp=0x2c span=1116x931 at(1348,-877)
[BIGPRIM] code=0x3c tp=0x2c span=936x790 at(-707,-771)
[BIGPRIM] code=0x3c tp=0x28 span=1548x778 at(679,2870)
[BIGPRIM] code=0x3c tp=0x2c span=1170x926 at(-1790,-1523)
[BIGPRIM] code=0x3c tp=0x2c span=1206x1009 at(-1091,-1144)
[BOOT0/TIM] PostLoadTim file=1140 'THR1401F.TIM' ss=0x4a69 img.u=0 img.v=0 tPage=0,25 clutX=112 clutY=0
[BOOT0/TIM] post ReadTIM: prect=0xfb6724 caddr=0xfb6580 paddr=0xfb672c mode=8
[BOOT0/TIM] pre pixel LoadImage rect=(576,256 64x256)
[BOOT0/TIM] pre CLUT LoadImage rect=(112,0 16x13)
[BOOT0/TIM] PostLoadTim done
[POOLSTOMP] upload (576,256 64x256) hits PINNED pool slot 7 'THR1401F' (576,256)
[TEXVRAM] 'THR1401F' tPage=[0,25] clutXY=(112,0) uv=(0,0)
[BIGPRIM] code=0x3c tp=0x2c span=804x745 at(835,-543)
[BIGPRIM] code=0x3c tp=0x2c span=1710x1524 at(-2111,-1941)
[BIGPRIM] code=0x3c tp=0x2c span=1032x881 at(1399,-1337)
[BIGPRIM] code=0x3c tp=0x2c span=1338x886 at(-1478,-716)
[BIGPRIM] code=0x3c tp=0x2c span=1056x892 at(-668,-774)
[BIGPRIM] code=0x3c tp=0x2c span=1152x764 at(-1151,-610)
[BIGPRIM] code=0x3c tp=0x2c span=1068x713 at(-998,-575)
[GP-STATE-TXN] Gameplay -> sysState=10 (param=2)
[BIGPRIM] code=0x3c tp=0x2c span=1038x977 at(-878,-916)
[ITEMPICK] unique-item link: id=0x41 nobj=1 obj=ok
[ITEMPICK] unique-item link: id=0x41 nobj=1 obj=ok
[ITEMPICK] draw SKIPPED: slot=9 reason=scale 0 (arg2=2)
[FREEZE] capture 1280x720 in 165ms
[ITEMZ] tagged=21 hit=21 szmin=1738 szmax=1883 otzSpan=1920
[ZETA] wrote=0/6 min=16777215 max=0 fedZ=1106899 bbox=580,318..709,427 raw=FFFFFF00 FFFFFF00 FFFFFF00 FFFFFF00 FFFFFF00 FFFFFF00
[ITEMZ] tagged=14 hit=14 szmin=1780 szmax=1982 otzSpan=1920
[ZETA] wrote=0/6 min=16777215 max=0 fedZ=931495 bbox=598,315..691,421 raw=FFFFFF00 FFFFFF00 FFFFFF00 FFFFFF00 FFFFFF00 FFFFFF00
[SFX] Sd_PlaySfx: sfxId=1307 (Sfx_Base+27) vol=64
[BIGPRIM] code=0x3c tp=0x2c span=1176x803 at(1054,-530)
[BIGPRIM] code=0x3c tp=0x28 span=819x830 at(-461,761)
[BIGPRIM] code=0x3c tp=0x2c span=1476x1246 at(1333,-1163)
[BIGPRIM] code=0x3c tp=0x28 span=852x1372 at(-155,861)
[BIGPRIM] code=0x3c tp=0x2c span=1770x1517 at(2083,-2462)
[BIGPRIM] code=0x3a tp=0xa span=1020x770 at(130,-25)
[BIGPRIM] code=0x3c tp=0x2c span=1008x668 at(-887,-543)
[BIGPRIM] code=0x3c tp=0x2c span=882x816 at(-908,-1089)
[BIGPRIM] code=0x3c tp=0x2c span=1062x945 at(-965,-1186)
[BIGPRIM] code=0x3c tp=0x2c span=1032x950 at(1003,-761)
[BIGPRIM] code=0x3c tp=0x2c span=954x880 at(937,-684)
[BIGPRIM] code=0x3c tp=0x2c span=1122x951 at(-827,-829)
[BIGPRIM] code=0x3a tp=0xa span=1020x770 at(130,-25)
[BIGPRIM] code=0x3c tp=0x2c span=1488x1259 at(1510,-935)
[BIGPRIM] code=0x3c tp=0x2c span=942x796 at(919,-658)
[BIGPRIM] code=0x3c tp=0x2c span=2088x1388 at(883,-935)
[BIGPRIM] code=0x3c tp=0x2c span=966x765 at(-1373,-1234)
[BIGPRIM] code=0x3c tp=0x28 span=1764x1251 at(-1358,2397)
[BIGPRIM] code=0x3c tp=0x2c span=1644x1375 at(1735,-1375)
[BIGPRIM] code=0x3c tp=0x2c span=1554x1188 at(1408,-729)
[BIGPRIM] code=0x3c tp=0x28 span=906x919 at(-572,803)
[BIGPRIM] code=0x3c tp=0x28 span=849x1363 at(-149,861)
[BIGPRIM] code=0x3c tp=0x2c span=1872x1607 at(2179,-2667)
[BIGPRIM] code=0x3a tp=0xa span=1020x770 at(130,-25)
[BIGPRIM] code=0x3c tp=0x2c span=1164x796 at(1033,-588)
[BIGPRIM] code=0x3c tp=0x2c span=1818x1387 at(1573,-957)
[BIGPRIM] code=0x3c tp=0x2c span=1092x1035 at(-977,-1057)
[BIGPRIM] code=0x3c tp=0x28 span=774x1125 at(-80,793)
[BIGPRIM] code=0x3c tp=0x2c span=936x796 at(-452,-732)
[BIGPRIM] code=0x3c tp=0x2c span=1014x957 at(-839,-912)
[BIGPRIM] code=0x3c tp=0x2c span=1194x816 at(1054,-546)
[BIGPRIM] code=0x3c tp=0x28 span=771x765 at(-407,736)
[BIGPRIM] code=0x3c tp=0x2c span=1518x1285 at(1354,-1237)
[BIGPRIM] code=0x3c tp=0x2c span=966x822 at(-506,-800)
[BIGPRIM] code=0x3c tp=0x2c span=1464x1240 at(1315,-1224)
[BIGPRIM] code=0x3c tp=0x2c span=1074x713 at(-1004,-662)
[BIGPRIM] code=0x3c tp=0x2c span=1854x1413 at(1573,-980)
[BIGPRIM] code=0x3c tp=0x2c span=1140x1016 at(-1073,-1369)
[BIGPRIM] code=0x3c tp=0x2c span=870x727 at(-434,-900)
[BIGPRIM] code=0x3c tp=0x2c span=1488x1259 at(1330,-1243)
[GP-STATE-TXN] Gameplay -> sysState=10 (param=2)
[ITEMPICK] unique-item link: id=0x41 nobj=1 obj=ok
[ITEMPICK] unique-item link: id=0x41 nobj=1 obj=ok
[BIGPRIM] code=0x3c tp=0x2c span=1068x1009 at(-941,-1028)
[ITEMPICK] draw SKIPPED: slot=9 reason=scale 0 (arg2=2)
[FREEZE] capture 1280x720 in 164ms
[ITEMZ] tagged=21 hit=21 szmin=1738 szmax=1883 otzSpan=1920
[ZETA] wrote=0/6 min=16777215 max=0 fedZ=1106899 bbox=580,318..709,427 raw=FFFFFF00 FFFFFF00 FFFFFF00 FFFFFF00 FFFFFF00 FFFFFF00
[SFX] Sd_PlaySfx: sfxId=1307 (Sfx_Base+27) vol=64
[BIGPRIM] code=0x3a tp=0xa span=1020x770 at(130,-25)
[BIGPRIM] code=0x3c tp=0x2c span=1116x1028 at(1066,-922)
[BIGPRIM] code=0x3c tp=0x2c span=1068x1009 at(-941,-1028)
[BIGPRIM] code=0x3a tp=0xa span=1020x770 at(130,-25)
[BIGPRIM] code=0x3c tp=0x2c span=1068x982 at(1015,-896)
[BIGPRIM] code=0x3c tp=0x2c span=1392x1318 at(-1535,-1395)
[BIGPRIM] code=0x3a tp=0xa span=1020x770 at(130,-25)
[BIGPRIM] code=0x3c tp=0x28 span=828x925 at(-230,810)
[BIGPRIM] code=0x3c tp=0x2c span=990x836 at(-782,-1009)
[BIGPRIM] code=0x3c tp=0x2c span=1476x1253 at(1504,-1086)
[BIGPRIM] code=0x3c tp=0x2c span=1020x861 at(943,-896)
[BIGPRIM] code=0x3c tp=0x2c span=1110x951 at(-1610,-1912)
[BIGPRIM] code=0x3c tp=0x2c span=858x791 at(-1157,-909)
[BIGPRIM] code=0x3c tp=0x2c span=1110x952 at(1315,-1684)
[BIGPRIM] code=0x3c tp=0x2c span=858x790 at(802,-755)
[BIGPRIM] code=0x3c tp=0x2c span=1116x958 at(-1628,-1925)
[BIGPRIM] code=0x3c tp=0x2c span=1104x842 at(1081,-617)
[BIGPRIM] code=0x3c tp=0x28 span=1194x996 at(982,855)
[BIGPRIM] code=0x3c tp=0x2c span=1110x848 at(-1013,-787)
[BIGPRIM] code=0x3c tp=0x2c span=1470x1170 at(-2441,-2208)
[BIGPRIM] code=0x3c tp=0x2c span=1350x1132 at(-1325,-1501)
[BIGPRIM] code=0x3c tp=0x2c span=1458x1158 at(1141,-1906)
[BIGPRIM] code=0x3c tp=0x2c span=1440x1222 at(-1307,-1279)
[BIGPRIM] code=0x3c tp=0x2c span=2064x1368 at(-2771,-1356)
[BIGPRIM] code=0x3c tp=0x2c span=1344x1118 at(1450,-1269)
[BIGPRIM] code=0x3c tp=0x2c span=2040x1355 at(892,-1057)
[BIGPRIM] code=0x3c tp=0x2c span=1428x1207 at(1477,-1047)
[BIGPRIM] code=0x3a tp=0xa span=1020x770 at(130,-25)
[BIGPRIM] code=0x3c tp=0x28 span=1149x861 at(-917,813)
[BIGPRIM] code=0x3c tp=0x2c span=1014x855 at(-827,-1031)
[BIGPRIM] code=0x3c tp=0x2c span=1110x952 at(1315,-1681)
[BIGPRIM] code=0x3c tp=0x2c span=1008x855 at(943,-893)
[BIGPRIM] code=0x3c tp=0x28 span=798x955 at(526,838)
[BIGPRIM] code=0x3c tp=0x2c span=864x798 at(-1166,-916)
[BIGPRIM] code=0x3c tp=0x28 span=834x903 at(-239,826)
[BIGPRIM] code=0x3c tp=0x2c span=858x790 at(802,-755)
[BIGPRIM] code=0x3c tp=0x2c span=1116x958 at(-1628,-1925)
[BIGPRIM] code=0x3c tp=0x2c span=1104x842 at(1081,-617)
[BIGPRIM] code=0x3c tp=0x28 span=1194x996 at(982,855)
[BIGPRIM] code=0x3c tp=0x2c span=1110x848 at(-1016,-787)
[BIGPRIM] code=0x3c tp=0x2c span=1470x1170 at(-2453,-2217)
[BIGPRIM] code=0x3c tp=0x2c span=1350x1132 at(-1328,-1504)
[BIGPRIM] code=0x3c tp=0x2c span=1458x1157 at(1147,-1915)
[BIGPRIM] code=0x3c tp=0x2c span=1440x1221 at(-1310,-1282)
[BIGPRIM] code=0x3c tp=0x2c span=2064x1368 at(-2777,-1359)
[BIGPRIM] code=0x3c tp=0x2c span=1344x1118 at(1453,-1272)
[BIGPRIM] code=0x3c tp=0x2c span=2040x1355 at(895,-1057)
[BIGPRIM] code=0x3c tp=0x2c span=1428x1207 at(1480,-1047)
[BIGPRIM] code=0x3a tp=0xa span=1020x770 at(130,-25)
[BIGPRIM] code=0x3c tp=0x28 span=1149x858 at(-917,813)
[BIGPRIM] code=0x3c tp=0x2c span=1014x855 at(-827,-1031)
[BIGPRIM] code=0x3c tp=0x28 span=831x903 at(-236,826)
[BIGPRIM] code=0x3c tp=0x2c span=1014x855 at(940,-893)
[BIGPRIM] code=0x3c tp=0x2c span=1110x951 at(1318,-1687)
[BIGPRIM] code=0x3c tp=0x2c span=864x797 at(-1166,-919)
[BIGPRIM] code=0x3c tp=0x28 span=795x949 at(526,838)
[BIGPRIM] code=0x3c tp=0x2c span=858x790 at(799,-758)
[BIGPRIM] code=0x3c tp=0x28 span=771x909 at(526,829)
[BIGPRIM] code=0x3c tp=0x2c span=1206x918 at(1165,-668)
[BIGPRIM] code=0x3c tp=0x2c span=1362x1170 at(1624,-2044)
[BIGPRIM] code=0x3c tp=0x2c span=1722x1478 at(2014,-2545)
[BIGPRIM] code=0x3c tp=0x28 span=618x762 at(88,684)
[BIGPRIM] code=0x3c tp=0x28 span=945x1234 at(-788,781)
[BIGPRIM] code=0x3c tp=0x28 span=723x887 at(-497,700)
[BIGPRIM] code=0x3a tp=0xa span=1020x770 at(130,-25)
[BIGPRIM] code=0x3c tp=0x28 span=630x1035 at(595,720)
[BIGPRIM] code=0x3c tp=0x2c span=2334x1593 at(1927,-1227)
[BIGPRIM] code=0x3a tp=0xa span=1020x770 at(130,-25)
[BIGPRIM] code=0x3a tp=0xa span=1020x770 at(130,-25)
[BIGPRIM] code=0x3c tp=0x28 span=762x1257 at(43,793)
[BIGPRIM] code=0x3a tp=0xa span=1020x770 at(130,-25)
[BIGPRIM] code=0x3c tp=0x28 span=1752x116 at(883,3532)
[BIGPRIM] code=0x3c tp=0x28 span=1233x1279 at(892,932)
[BIGPRIM] code=0x3c tp=0x28 span=1656x90 at(877,3558)
[BIGPRIM] code=0x3c tp=0x28 span=867x1269 at(-80,903)
[BIGPRIM] code=0x3c tp=0x28 span=1761x740 at(-1052,2908)
[BIGPRIM] code=0x3c tp=0x28 span=1800x245 at(-1226,3403)
[BIGPRIM] code=0x3c tp=0x2c span=1440x1221 at(850,-1157)
[BIGPRIM] code=0x3c tp=0x2c span=1038x976 at(703,-922)
[BIGPRIM] code=0x3c tp=0x28 span=750x836 at(751,784)
[BIGPRIM] code=0x3c tp=0x28 span=1914x341 at(-1454,3307)
[BIGPRIM] code=0x3c tp=0x2c span=1194x1106 at(916,-1536)
[BIGPRIM] code=0x3c tp=0x2c span=1608x1517 at(712,-1526)
[FLEX] st=0 f100=0 f122=1024 fx=0 fy=0 anim=5 kf=8 dt=136
[FLEX] st=0 f100=0 f122=1024 fx=0 fy=0 anim=57 kf=570 dt=136
[BIGPRIM] code=0x3c tp=0x2c span=1374x1086 at(1303,-1915)
[FLEX] st=0 f100=0 f122=1024 fx=0 fy=0 anim=57 kf=571 dt=136
[FLEX] st=0 f100=0 f122=1024 fx=0 fy=0 anim=57 kf=572 dt=136
[FLEX] st=0 f100=0 f122=1024 fx=0 fy=0 anim=57 kf=573 dt=136
[BIGPRIM] code=0x3c tp=0x2c span=1266x1170 at(829,-1658)
[FLEX] st=0 f100=0 f122=1024 fx=0 fy=0 anim=57 kf=574 dt=136
[FLEX] st=0 f100=0 f122=1024 fx=0 fy=0 anim=57 kf=575 dt=136
[FLEX] st=0 f100=0 f122=1024 fx=0 fy=0 anim=57 kf=576 dt=136
[BIGPRIM] code=0x3c tp=0x2c span=1158x771 at(571,-691)
[FLEX] st=0 f100=0 f122=1024 fx=0 fy=0 anim=57 kf=578 dt=136
[FLEX] st=0 f100=0 f122=1024 fx=0 fy=0 anim=57 kf=579 dt=136
[BIGPRIM] code=0x3c tp=0x28 span=993x611 at(-848,742)
[BIGPRIM] code=0x3a tp=0xa span=1020x770 at(130,-25)
[BIGPRIM] code=0x3c tp=0x28 span=765x903 at(-242,774)
[BIGPRIM] code=0x3c tp=0x28 span=1977x161 at(-398,3487)
[FLEX] st=0 f100=0 f122=1024 fx=0 fy=0 anim=5 kf=14 dt=136
[FLEX] st=0 f100=0 f122=1024 fx=0 fy=0 anim=57 kf=570 dt=136
[BIGPRIM] code=0x3c tp=0x28 span=591x765 at(511,700)
[FLEX] st=0 f100=0 f122=1024 fx=0 fy=0 anim=57 kf=571 dt=136
[FLEX] st=0 f100=0 f122=1024 fx=0 fy=0 anim=57 kf=572 dt=136
[FLEX] st=0 f100=0 f122=1024 fx=0 fy=0 anim=57 kf=573 dt=136
[BIGPRIM] code=0x3c tp=0x2c span=906x765 at(862,-832)
[FLEX] st=0 f100=0 f122=1024 fx=0 fy=0 anim=57 kf=574 dt=136
[FLEX] st=0 f100=0 f122=1024 fx=0 fy=0 anim=57 kf=575 dt=136
[FLEX] st=0 f100=0 f122=1024 fx=0 fy=0 anim=57 kf=576 dt=136
[BIGPRIM] code=0x3c tp=0x2c span=1026x963 at(499,-951)
[FLEX] st=0 f100=0 f122=1024 fx=0 fy=0 anim=57 kf=578 dt=136
[FLEX] st=0 f100=0 f122=1024 fx=0 fy=0 anim=57 kf=579 dt=136
[FLEX] st=0 f100=0 f122=1024 fx=0 fy=0 anim=57 kf=579 dt=136
[BIGPRIM] code=0x3c tp=0x2c span=1146x1022 at(613,-1346)
[FLEX] st=0 f100=0 f122=1024 fx=0 fy=0 anim=57 kf=579 dt=136
[FLEX] st=0 f100=0 f122=1024 fx=0 fy=0 anim=57 kf=579 dt=136
[FLEX] st=0 f100=0 f122=1024 fx=0 fy=0 anim=57 kf=579 dt=135
[FLEX] st=0 f100=0 f122=1024 fx=0 fy=0 anim=57 kf=579 dt=136
[BIGPRIM] code=0x3c tp=0x2c span=858x726 at(817,-774)
[FLEX] st=0 f100=0 f122=1024 fx=0 fy=0 anim=57 kf=579 dt=136
[FLEX] st=0 f100=0 f122=1024 fx=0 fy=0 anim=57 kf=579 dt=136
[BIGPRIM] code=0x3c tp=0x2c span=1278x1137 at(646,-1497)
[FLEX] st=0 f100=0 f122=1024 fx=0 fy=0 anim=57 kf=579 dt=136
[FLEX] st=0 f100=0 f122=1024 fx=0 fy=0 anim=57 kf=579 dt=136
[FLEX] st=0 f100=0 f122=1024 fx=0 fy=0 anim=57 kf=579 dt=136
[BIGPRIM] code=0x3c tp=0x2c span=1020x777 at(808,-623)
[FLEX] st=0 f100=0 f122=1024 fx=0 fy=0 anim=57 kf=579 dt=136
[FLEX] st=0 f100=0 f122=1024 fx=0 fy=0 anim=57 kf=579 dt=136
[BIGPRIM] code=0x3c tp=0x28 span=876x1415 at(-281,822)
[FLEX] st=0 f100=0 f122=1024 fx=0 fy=0 anim=57 kf=579 dt=136
[FLEX] st=0 f100=0 f122=1024 fx=0 fy=0 anim=57 kf=579 dt=136
[FLEX] st=0 f100=0 f122=1024 fx=0 fy=0 anim=57 kf=579 dt=136
[BIGPRIM] code=0x3c tp=0x2c span=1236x1048 at(1030,-1141)
[FLEX] st=0 f100=0 f122=1024 fx=0 fy=0 anim=57 kf=579 dt=136
[FLEX] st=0 f100=0 f122=1024 fx=0 fy=0 anim=57 kf=579 dt=136
[BIGPRIM] code=0x3c tp=0x28 span=1092x1511 at(-641,861)
[FLEX] st=0 f100=0 f122=1024 fx=0 fy=0 anim=57 kf=579 dt=135
[FLEX] st=0 f100=0 f122=1024 fx=0 fy=0 anim=57 kf=579 dt=136
[SH-XBOX] vblank 27000
[MEM] tick: free=2232KB (558 pages)
[FLEX] st=0 f100=0 f122=1024 fx=0 fy=0 anim=57 kf=579 dt=136
[BIGPRIM] code=0x3a tp=0xa span=1020x770 at(130,-25)
[FLEX] st=0 f100=0 f122=1024 fx=0 fy=0 anim=57 kf=579 dt=127
[FLEX] st=0 f100=0 f122=1024 fx=0 fy=0 anim=57 kf=579 dt=136
[FLEX] st=0 f100=0 f122=1024 fx=0 fy=0 anim=57 kf=579 dt=136
[BIGPRIM] code=0x3c tp=0x2c span=1380x937 at(1066,-880)
[FLEX] st=0 f100=0 f122=1024 fx=0 fy=0 anim=57 kf=579 dt=136
[FLEX] st=0 f100=0 f122=1024 fx=0 fy=0 anim=57 kf=579 dt=136
[FLEX] st=0 f100=0 f122=1024 fx=0 fy=0 anim=57 kf=579 dt=136
[FLEX] st=0 f100=0 f122=1024 fx=0 fy=0 anim=57 kf=579 dt=136
[BIGPRIM] code=0x3a tp=0xa span=1020x770 at(130,-25)
[FLEX] st=0 f100=0 f122=1024 fx=0 fy=0 anim=57 kf=579 dt=136
[FLEX] st=0 f100=0 f122=1024 fx=0 fy=0 anim=57 kf=579 dt=136
[FLEX] st=0 f100=0 f122=1024 fx=0 fy=0 anim=57 kf=579 dt=136
[FLEX] st=0 f100=0 f122=1024 fx=0 fy=0 anim=57 kf=579 dt=136
[BIGPRIM] code=0x3c tp=0x2c span=1674x1144 at(1114,-1176)
[FLEX] st=0 f100=0 f122=1024 fx=0 fy=0 anim=57 kf=579 dt=136
[FLEX] st=0 f100=0 f122=1024 fx=0 fy=0 anim=57 kf=579 dt=136
[FLEX] st=0 f100=0 f122=1024 fx=0 fy=0 anim=57 kf=579 dt=136
[FLEX] st=0 f100=0 f122=1024 fx=0 fy=0 anim=57 kf=579 dt=136
[FLEX] st=0 f100=0 f122=1024 fx=0 fy=0 anim=57 kf=579 dt=136
[BIGPRIM] code=0x3a tp=0xa span=1020x770 at(130,-25)
[FLEX] st=0 f100=0 f122=1024 fx=0 fy=0 anim=57 kf=579 dt=136
[FLEX] st=0 f100=0 f122=1024 fx=0 fy=0 anim=57 kf=579 dt=135
[FLEX] st=0 f100=0 f122=1024 fx=0 fy=0 anim=57 kf=579 dt=136
[FLEX] st=0 f100=0 f122=1024 fx=0 fy=0 anim=57 kf=579 dt=136
[BIGPRIM] code=0x3c tp=0x28 span=1026x851 at(-785,720)
[FLEX] st=0 f100=0 f122=1024 fx=0 fy=0 anim=57 kf=579 dt=136
[FLEX] st=0 f100=0 f122=1024 fx=0 fy=0 anim=57 kf=579 dt=135
[FLEX] st=0 f100=0 f122=1024 fx=0 fy=0 anim=57 kf=579 dt=136
[FLEX] st=0 f100=0 f122=1024 fx=0 fy=0 anim=57 kf=579 dt=135
[BIGPRIM] code=0x3c tp=0x2c span=1152x1061 at(949,-1292)
[FLEX] st=0 f100=0 f122=1024 fx=0 fy=0 anim=57 kf=579 dt=136
[FLEX] st=0 f100=0 f122=1024 fx=0 fy=0 anim=57 kf=579 dt=136
[FLEX] st=0 f100=0 f122=1024 fx=0 fy=0 anim=57 kf=579 dt=136
[FLEX] st=0 f100=0 f122=1024 fx=0 fy=0 anim=57 kf=579 dt=136
[BIGPRIM] code=0x3c tp=0x2c span=1356x926 at(922,-1012)
[FLEX] st=0 f100=0 f122=1024 fx=0 fy=0 anim=57 kf=579 dt=136
[FLEX] st=0 f100=0 f122=1024 fx=0 fy=0 anim=57 kf=579 dt=136
[FLEX] st=0 f100=0 f122=1024 fx=0 fy=0 anim=57 kf=579 dt=136
[BIGPRIM] code=0x3c tp=0x28 span=798x1116 at(565,761)
[FLEX] st=0 f100=0 f122=1024 fx=0 fy=0 anim=57 kf=579 dt=136
[FLEX] st=0 f100=0 f122=1024 fx=0 fy=0 anim=57 kf=579 dt=136
[FLEX] st=0 f100=0 f122=1024 fx=0 fy=0 anim=57 kf=579 dt=136
[BIGPRIM] code=0x3c tp=0x2c span=1662x1325 at(826,-2597)
[FLEX] st=0 f100=0 f122=1024 fx=0 fy=0 anim=57 kf=579 dt=136
[FLEX] st=0 f100=0 f122=1024 fx=0 fy=0 anim=57 kf=579 dt=136
[FLEX] st=0 f100=0 f122=1024 fx=0 fy=0 anim=57 kf=579 dt=136
[BIGPRIM] code=0x3c tp=0x28 span=1812x20 at(925,3628)
[FLEX] st=0 f100=0 f122=1024 fx=0 fy=0 anim=57 kf=579 dt=135
[FLEX] st=0 f100=0 f122=1024 fx=0 fy=0 anim=57 kf=579 dt=136
[FLEX] st=0 f100=0 f122=1024 fx=0 fy=0 anim=57 kf=579 dt=136
[BIGPRIM] code=0x3c tp=0x2c span=1860x1478 at(1006,-2831)
[FLEX] st=0 f100=0 f122=1024 fx=0 fy=0 anim=57 kf=579 dt=136
[FLEX] st=0 f100=0 f122=1024 fx=0 fy=0 anim=57 kf=579 dt=135
[FLEX] st=0 f100=0 f122=1024 fx=0 fy=0 anim=57 kf=579 dt=136
[FLEX] st=0 f100=0 f122=1024 fx=0 fy=0 anim=57 kf=579 dt=136
[BIGPRIM] code=0x3c tp=0x2c span=1764x1170 at(334,-1192)
[FLEX] st=0 f100=0 f122=1024 fx=0 fy=0 anim=57 kf=579 dt=136
[FLEX] st=0 f100=0 f122=1024 fx=0 fy=0 anim=57 kf=579 dt=136
[FLEX] st=0 f100=0 f122=1024 fx=0 fy=0 anim=57 kf=579 dt=136
[BIGPRIM] code=0x3c tp=0x28 span=1119x1620 at(-452,938)
[FLEX] st=0 f100=0 f122=1024 fx=0 fy=0 anim=57 kf=579 dt=135
[FLEX] st=0 f100=0 f122=1024 fx=0 fy=0 anim=57 kf=579 dt=136
[FLEX] st=0 f100=0 f122=1024 fx=0 fy=0 anim=57 kf=579 dt=136
[FLEX] st=0 f100=0 f122=1024 fx=0 fy=0 anim=57 kf=579 dt=136
[FLEX] st=0 f100=0 f122=1024 fx=0 fy=0 anim=57 kf=579 dt=136
[FLEX] st=0 f100=0 f122=1024 fx=0 fy=0 anim=57 kf=579 dt=136
[BIGPRIM] code=0x3a tp=0xa span=1020x770 at(130,-25)
[FLEX] st=0 f100=0 f122=1024 fx=0 fy=0 anim=57 kf=579 dt=136
[FLEX] st=0 f100=0 f122=1024 fx=0 fy=0 anim=57 kf=579 dt=136
[FLEX] st=0 f100=0 f122=1024 fx=0 fy=0 anim=57 kf=579 dt=136
[FLEX] st=0 f100=0 f122=1024 fx=0 fy=0 anim=57 kf=579 dt=136
[FLEX] st=0 f100=0 f122=1024 fx=0 fy=0 anim=57 kf=579 dt=136
[FLEX] st=0 f100=0 f122=1024 fx=0 fy=0 anim=57 kf=579 dt=136
[FLEX] st=0 f100=0 f122=1024 fx=0 fy=0 anim=57 kf=579 dt=136
[BIGPRIM] code=0x3c tp=0x28 span=948x1250 at(691,729)
[FLEX] st=0 f100=0 f122=1024 fx=0 fy=0 anim=57 kf=579 dt=133
[FLEX] st=0 f100=0 f122=1024 fx=0 fy=0 anim=57 kf=579 dt=136
[FLEX] st=0 f100=0 f122=1024 fx=0 fy=0 anim=57 kf=579 dt=136
[FLEX] st=0 f100=0 f122=1024 fx=0 fy=0 anim=57 kf=579 dt=136
[FLEX] st=0 f100=0 f122=1024 fx=0 fy=0 anim=57 kf=579 dt=136
[FLEX] st=0 f100=0 f122=1024 fx=0 fy=0 anim=57 kf=579 dt=136
[FLEX] st=0 f100=0 f122=1024 fx=0 fy=0 anim=57 kf=579 dt=136
[FLEX] st=0 f100=0 f122=1024 fx=0 fy=0 anim=57 kf=579 dt=136
[FLEX] st=0 f100=0 f122=1024 fx=0 fy=0 anim=57 kf=579 dt=136
[FLEX] st=0 f100=0 f122=1024 fx=0 fy=0 anim=57 kf=579 dt=136
[FLEX] st=0 f100=0 f122=1024 fx=0 fy=0 anim=57 kf=579 dt=136
[BIGPRIM] code=0x3a tp=0xa span=1020x770 at(130,-25)
[FLEX] st=0 f100=0 f122=1024 fx=0 fy=0 anim=57 kf=579 dt=136
[FLEX] st=0 f100=0 f122=1024 fx=0 fy=0 anim=57 kf=579 dt=136
[FLEX] st=0 f100=0 f122=1024 fx=0 fy=0 anim=57 kf=579 dt=136
[FLEX] st=0 f100=0 f122=1024 fx=0 fy=0 anim=57 kf=579 dt=136
[FLEX] st=0 f100=0 f122=1024 fx=0 fy=0 anim=57 kf=579 dt=136
[FLEX] st=0 f100=0 f122=1024 fx=0 fy=0 anim=57 kf=579 dt=136
[FLEX] st=0 f100=0 f122=1024 fx=0 fy=0 anim=57 kf=579 dt=136
[FLEX] st=0 f100=0 f122=1024 fx=0 fy=0 anim=57 kf=579 dt=136
[FLEX] st=0 f100=0 f122=1024 fx=0 fy=0 anim=57 kf=579 dt=136
[BIGPRIM] code=0x3c tp=0x28 span=801x826 at(-398,697)
[FLEX] st=0 f100=0 f122=1024 fx=0 fy=0 anim=57 kf=579 dt=136
[BIGPRIM] code=0x3c tp=0x28 span=1308x1318 at(-917,928)
[BIGPRIM] code=0x3c tp=0x2c span=1380x1273 at(1342,-1372)
[BIGPRIM] code=0x3c tp=0x28 span=1944x1427 at(841,2221)
[BIGPRIM] code=0x3a tp=0xa span=1020x770 at(130,-25)
[BIGPRIM] code=0x3c tp=0x28 span=1710x129 at(709,3519)
[BIGPRIM] code=0x3c tp=0x28 span=918x1190 at(358,925)
[FLEX] st=0 f100=0 f122=1024 fx=0 fy=0 anim=5 kf=11 dt=136
[CHNK] n=4 s0=0,1,st3 s1=0,2,st3 s2=-1,1,st3 s3=1,1,st2
[FLEX] st=0 f100=0 f122=1024 fx=0 fy=0 anim=57 kf=570 dt=136
[FLEX] st=0 f100=0 f122=1024 fx=0 fy=0 anim=57 kf=571 dt=136
[FLEX] st=0 f100=0 f122=1024 fx=0 fy=0 anim=57 kf=572 dt=136
[BIGPRIM] code=0x3c tp=0x28 span=1917x251 at(604,3397)
[FLEX] st=0 f100=0 f122=1024 fx=0 fy=0 anim=57 kf=573 dt=136
[FLEX] st=0 f100=0 f122=1024 fx=0 fy=0 anim=57 kf=574 dt=136
[FLEX] st=0 f100=0 f122=1024 fx=0 fy=0 anim=57 kf=575 dt=136
[FLEX] st=0 f100=0 f122=1024 fx=0 fy=0 anim=57 kf=576 dt=136
[FLEX] st=0 f100=0 f122=1024 fx=0 fy=0 anim=57 kf=578 dt=136
[FLEX] st=0 f100=0 f122=1024 fx=0 fy=0 anim=57 kf=579 dt=136
[FLEX] st=0 f100=0 f122=1024 fx=0 fy=0 anim=57 kf=579 dt=136
[FLEX] st=0 f100=0 f122=1024 fx=0 fy=0 anim=57 kf=579 dt=136
[BIGPRIM] code=0x3a tp=0xa span=1020x770 at(130,-25)
[FLEX] st=0 f100=0 f122=1024 fx=0 fy=0 anim=57 kf=579 dt=136
[FLEX] st=0 f100=0 f122=1024 fx=0 fy=0 anim=57 kf=579 dt=136
[FLEX] st=0 f100=0 f122=1024 fx=0 fy=0 anim=57 kf=579 dt=136
[FLEX] st=0 f100=0 f122=1024 fx=0 fy=0 anim=57 kf=579 dt=136
[FLEX] st=0 f100=0 f122=1024 fx=0 fy=0 anim=57 kf=579 dt=136
[FLEX] st=0 f100=0 f122=1024 fx=0 fy=0 anim=57 kf=579 dt=136
[FLEX] st=0 f100=0 f122=1024 fx=0 fy=0 anim=57 kf=579 dt=136
[FLEX] st=0 f100=0 f122=1024 fx=0 fy=0 anim=57 kf=579 dt=136
[BIGPRIM] code=0x3c tp=0x28 span=822x1312 at(247,867)
[FLEX] st=0 f100=0 f122=1024 fx=0 fy=0 anim=57 kf=579 dt=135
[FLEX] st=0 f100=0 f122=1024 fx=0 fy=0 anim=57 kf=579 dt=136
[FLEX] st=0 f100=0 f122=1024 fx=0 fy=0 anim=57 kf=579 dt=136
[FLEX] st=0 f100=0 f122=1024 fx=0 fy=0 anim=57 kf=579 dt=136
[FLEX] st=0 f100=0 f122=1024 fx=0 fy=0 anim=57 kf=579 dt=136
[FLEX] st=0 f100=0 f122=1024 fx=0 fy=0 anim=57 kf=579 dt=136
[FLEX] st=0 f100=0 f122=1024 fx=0 fy=0 anim=57 kf=579 dt=135
[BIGPRIM] code=0x3c tp=0x28 span=1839x1466 at(-1676,1015)
[FLEX] st=0 f100=0 f122=1024 fx=0 fy=0 anim=57 kf=579 dt=136
[FLEX] st=0 f100=0 f122=1024 fx=0 fy=0 anim=57 kf=579 dt=136
[FLEX] st=0 f100=0 f122=1024 fx=0 fy=0 anim=57 kf=579 dt=136
[FLEX] st=0 f100=0 f122=1024 fx=0 fy=0 anim=57 kf=579 dt=136
[FLEX] st=0 f100=0 f122=1024 fx=0 fy=0 anim=57 kf=579 dt=136
[FLEX] st=0 f100=0 f122=1024 fx=0 fy=0 anim=57 kf=579 dt=136
[FLEX] st=0 f100=0 f122=1024 fx=0 fy=0 anim=57 kf=579 dt=136
[BIGPRIM] code=0x3c tp=0x28 span=1836x142 at(-1664,3506)
[FLEX] st=0 f100=0 f122=1024 fx=0 fy=0 anim=57 kf=579 dt=136
[FLEX] st=0 f100=0 f122=1024 fx=0 fy=0 anim=57 kf=579 dt=136
[FLEX] st=0 f100=0 f122=1024 fx=0 fy=0 anim=57 kf=579 dt=136
[FLEX] st=0 f100=0 f122=1024 fx=0 fy=0 anim=57 kf=579 dt=136
[FLEX] st=0 f100=0 f122=1024 fx=0 fy=0 anim=57 kf=579 dt=136
[FLEX] st=0 f100=0 f122=1024 fx=0 fy=0 anim=57 kf=579 dt=136
[FLEX] st=0 f100=0 f122=1024 fx=0 fy=0 anim=57 kf=579 dt=135
[FLEX] st=0 f100=0 f122=1024 fx=0 fy=0 anim=57 kf=579 dt=136
[BIGPRIM] code=0x3c tp=0x28 span=1899x1598 at(-1289,2050)
[FLEX] st=0 f100=0 f122=1024 fx=0 fy=0 anim=57 kf=579 dt=136
[FLEX] st=0 f100=0 f122=1024 fx=0 fy=0 anim=57 kf=579 dt=136
[FLEX] st=0 f100=0 f122=1024 fx=0 fy=0 anim=73 kf=582 dt=136
[FLEX] st=0 f100=0 f122=1024 fx=0 fy=0 anim=73 kf=582 dt=135
[FLEX] st=0 f100=0 f122=1024 fx=0 fy=0 anim=73 kf=583 dt=136
[FLEX] st=0 f100=0 f122=1024 fx=0 fy=0 anim=73 kf=584 dt=136
[FLEX] st=0 f100=0 f122=1024 fx=0 fy=0 anim=73 kf=585 dt=136
[BIGPRIM] code=0x3c tp=0x28 span=1794x633 at(-1586,3015)
[FLEX] st=0 f100=0 f122=1024 fx=0 fy=0 anim=73 kf=586 dt=136
[FLEX] st=0 f100=0 f122=1024 fx=0 fy=0 anim=73 kf=586 dt=136
[FLEX] st=0 f100=0 f122=1024 fx=0 fy=0 anim=73 kf=587 dt=136
[FLEX] st=0 f100=0 f122=1024 fx=0 fy=0 anim=73 kf=588 dt=136
[FLEX] st=0 f100=0 f122=1024 fx=0 fy=0 anim=73 kf=589 dt=136
[FLEX] st=0 f100=0 f122=1024 fx=0 fy=0 anim=73 kf=590 dt=136
[FLEX] st=0 f100=0 f122=1024 fx=0 fy=0 anim=73 kf=591 dt=136
[FLEX] st=0 f100=0 f122=1024 fx=0 fy=0 anim=73 kf=591 dt=136
[FLEX] st=0 f100=0 f122=1024 fx=0 fy=0 anim=73 kf=592 dt=136
[FLEX] st=0 f100=0 f122=1024 fx=0 fy=0 anim=73 kf=593 dt=136
[BIGPRIM] code=0x3c tp=0x28 span=1794x434 at(-1436,3214)
[FLEX] st=0 f100=0 f122=1024 fx=0 fy=0 anim=73 kf=594 dt=136
[SFX] Sd_PlaySfx: sfxId=1283 (Sfx_Base+3) vol=0
[FLEX] st=0 f100=0 f122=1024 fx=0 fy=0 anim=73 kf=595 dt=136
[FLEX] st=0 f100=0 f122=1024 fx=0 fy=0 anim=73 kf=596 dt=136
[FLEX] st=0 f100=0 f122=1024 fx=0 fy=0 anim=73 kf=596 dt=136
[FLEX] st=0 f100=0 f122=1024 fx=0 fy=0 anim=73 kf=597 dt=136
[FLEX] st=0 f100=0 f122=1024 fx=0 fy=0 anim=73 kf=598 dt=136
[FLEX] st=0 f100=0 f122=1024 fx=0 fy=0 anim=73 kf=599 dt=133
[BIGPRIM] code=0x3c tp=0x28 span=2013x116 at(-1130,3532)
[FLEX] st=0 f100=0 f122=1024 fx=0 fy=0 anim=73 kf=600 dt=136
[FLEX] st=0 f100=0 f122=1024 fx=0 fy=0 anim=73 kf=601 dt=136
[FLEX] st=0 f100=0 f122=1024 fx=0 fy=0 anim=73 kf=601 dt=68
[FLEX] st=0 f100=0 f122=1024 fx=0 fy=0 anim=73 kf=601 dt=69
[BIGPRIM] code=0x3c tp=0x28 span=2103x830 at(460,2818)
[FLEX] st=0 f100=0 f122=1024 fx=0 fy=0 anim=73 kf=602 dt=68
[FLEX] st=0 f100=0 f122=1024 fx=0 fy=0 anim=73 kf=602 dt=68
[FLEX] st=0 f100=0 f122=1024 fx=0 fy=0 anim=73 kf=603 dt=69
[FLEX] st=0 f100=0 f122=1024 fx=0 fy=0 anim=73 kf=603 dt=69
[BIGPRIM] code=0x3c tp=0x2c span=882x758 at(2035,-1362)
[FLEX] st=0 f100=0 f122=1024 fx=0 fy=0 anim=73 kf=603 dt=68
[FLEX] st=0 f100=0 f122=1024 fx=0 fy=0 anim=73 kf=604 dt=68
[ATTACK-DONE] st=73 lookupSt=73 kf=604 -> pcAttackDone
[FLEX] st=0 f100=0 f122=1024 fx=0 fy=0 anim=73 kf=604 dt=69
[BIGPRIM] code=0x3c tp=0x2c span=996x757 at(1489,-581)
[FLEX] st=0 f100=0 f122=1024 fx=0 fy=0 anim=73 kf=604 dt=67
[FLEX] st=0 f100=0 f122=1024 fx=0 fy=0 anim=61 kf=594 dt=69
[SFX] Sd_PlaySfx: sfxId=1283 (Sfx_Base+3) vol=0
[FLEX] st=0 f100=0 f122=1024 fx=0 fy=0 anim=61 kf=594 dt=68
[BIGPRIM] code=0x3c tp=0x2c span=804x757 at(1195,-700)
[FLEX] st=0 f100=0 f122=1024 fx=0 fy=0 anim=61 kf=594 dt=68
[FLEX] st=0 f100=0 f122=1024 fx=0 fy=0 anim=61 kf=595 dt=69
[BIGPRIM] code=0x3c tp=0x28 span=768x1141 at(-221,768)
[FLEX] st=0 f100=0 f122=1024 fx=0 fy=0 anim=61 kf=595 dt=68
[FLEX] st=0 f100=0 f122=1024 fx=0 fy=0 anim=61 kf=596 dt=68
[FLEX] st=0 f100=0 f122=1024 fx=0 fy=0 anim=61 kf=596 dt=69
[BIGPRIM] code=0x3c tp=0x2c span=1170x996 at(1435,-903)
[FLEX] st=0 f100=0 f122=1024 fx=0 fy=0 anim=61 kf=596 dt=68
[FLEX] st=0 f100=0 f122=1024 fx=0 fy=0 anim=61 kf=597 dt=68
[FLEX] st=0 f100=0 f122=1024 fx=0 fy=0 anim=61 kf=597 dt=68
[BIGPRIM] code=0x3a tp=0xa span=1020x770 at(130,-25)
[FLEX] st=0 f100=0 f122=1024 fx=0 fy=0 anim=61 kf=598 dt=69
[FLEX] st=0 f100=0 f122=1024 fx=0 fy=0 anim=61 kf=598 dt=68
[BIGPRIM] code=0x3c tp=0x28 span=555x820 at(526,716)
[FLEX] st=0 f100=0 f122=1024 fx=0 fy=0 anim=61 kf=598 dt=68
[FLEX] st=0 f100=0 f122=1024 fx=0 fy=0 anim=61 kf=599 dt=71
[FLEX] st=0 f100=0 f122=1024 fx=0 fy=0 anim=61 kf=599 dt=66
[BIGPRIM] code=0x3c tp=0x28 span=594x859 at(529,732)
[FLEX] st=0 f100=0 f122=1024 fx=0 fy=0 anim=61 kf=600 dt=69
[FLEX] st=0 f100=0 f122=1024 fx=0 fy=0 anim=61 kf=600 dt=68
[FLEX] st=0 f100=0 f122=1024 fx=0 fy=0 anim=61 kf=601 dt=68
[FLEX] st=0 f100=0 f122=1024 fx=0 fy=0 anim=61 kf=601 dt=70
[BIGPRIM] code=0x3c tp=0x28 span=645x906 at(547,752)
[FLEX] st=0 f100=0 f122=1024 fx=0 fy=0 anim=61 kf=601 dt=69
[FLEX] st=0 f100=0 f122=1024 fx=0 fy=0 anim=61 kf=602 dt=67
[FLEX] st=0 f100=0 f122=1024 fx=0 fy=0 anim=61 kf=602 dt=69
[FLEX] st=0 f100=0 f122=1024 fx=0 fy=0 anim=61 kf=603 dt=68
[BIGPRIM] code=0x3c tp=0x28 span=696x935 at(580,768)
[FLEX] st=0 f100=0 f122=1024 fx=0 fy=0 anim=61 kf=603 dt=67
[FLEX] st=0 f100=0 f122=1024 fx=0 fy=0 anim=61 kf=604 dt=69
[ATTACK-DONE] st=61 lookupSt=61 kf=604 -> pcAttackDone
[FLEX] st=0 f100=0 f122=1024 fx=0 fy=0 anim=61 kf=604 dt=69
[FLEX] st=0 f100=0 f122=1024 fx=0 fy=0 anim=61 kf=604 dt=69
[BIGPRIM] code=0x3c tp=0x28 span=1896x727 at(-1700,2921)
[FLEX] st=0 f100=0 f122=1024 fx=0 fy=0 anim=61 kf=594 dt=68
[SFX] Sd_PlaySfx: sfxId=1283 (Sfx_Base+3) vol=0
[FLEX] st=0 f100=0 f122=1024 fx=0 fy=0 anim=61 kf=594 dt=67
[FLEX] st=0 f100=0 f122=1024 fx=0 fy=0 anim=61 kf=594 dt=69
[FLEX] st=0 f100=0 f122=1024 fx=0 fy=0 anim=61 kf=595 dt=68
[FLEX] st=0 f100=0 f122=1024 fx=0 fy=0 anim=61 kf=595 dt=68
[FLEX] st=0 f100=0 f122=1024 fx=0 fy=0 anim=61 kf=596 dt=69
[BIGPRIM] code=0x3a tp=0xa span=1020x770 at(130,-25)
[FLEX] st=0 f100=0 f122=1024 fx=0 fy=0 anim=61 kf=596 dt=68
[FLEX] st=0 f100=0 f122=1024 fx=0 fy=0 anim=61 kf=596 dt=69
[FLEX] st=0 f100=0 f122=1024 fx=0 fy=0 anim=61 kf=597 dt=68
[FLEX] st=0 f100=0 f122=1024 fx=0 fy=0 anim=61 kf=597 dt=68
[FLEX] st=0 f100=0 f122=1024 fx=0 fy=0 anim=61 kf=598 dt=69
[BIGPRIM] code=0x3c tp=0x28 span=1395x981 at(1132,867)
[FLEX] st=0 f100=0 f122=1024 fx=0 fy=0 anim=61 kf=598 dt=67
[FLEX] st=0 f100=0 f122=1024 fx=0 fy=0 anim=61 kf=598 dt=68
[FLEX] st=0 f100=0 f122=1024 fx=0 fy=0 anim=61 kf=599 dt=69
[FLEX] st=0 f100=0 f122=1024 fx=0 fy=0 anim=61 kf=599 dt=69
[FLEX] st=0 f100=0 f122=1024 fx=0 fy=0 anim=61 kf=600 dt=68
[FLEX] st=0 f100=0 f122=1024 fx=0 fy=0 anim=61 kf=600 dt=68
[FLEX] st=0 f100=0 f122=1024 fx=0 fy=0 anim=61 kf=601 dt=68
[FLEX] st=0 f100=0 f122=1024 fx=0 fy=0 anim=61 kf=601 dt=69
[BIGPRIM] code=0x3a tp=0xa span=1020x770 at(130,-25)
[FLEX] st=0 f100=0 f122=1024 fx=0 fy=0 anim=61 kf=602 dt=136
[FLEX] st=0 f100=0 f122=1024 fx=0 fy=0 anim=61 kf=603 dt=136
[FLEX] st=0 f100=0 f122=1024 fx=0 fy=0 anim=61 kf=603 dt=136
[FLEX] st=0 f100=0 f122=1024 fx=0 fy=0 anim=61 kf=604 dt=135
[ATTACK-DONE] st=61 lookupSt=61 kf=604 -> pcAttackDone
[FLEX] st=0 f100=0 f122=1024 fx=0 fy=0 anim=61 kf=604 dt=136
[FLEX] st=0 f100=0 f122=1024 fx=0 fy=0 anim=61 kf=604 dt=136
[FLEX] st=0 f100=0 f122=1024 fx=0 fy=0 anim=61 kf=594 dt=135
[SFX] Sd_PlaySfx: sfxId=1283 (Sfx_Base+3) vol=0
[FLEX] st=0 f100=0 f122=1024 fx=0 fy=0 anim=61 kf=594 dt=136
[FLEX] st=0 f100=0 f122=1024 fx=0 fy=0 anim=61 kf=595 dt=136
[BIGPRIM] code=0x3c tp=0x28 span=1113x1221 at(982,858)
[FLEX] st=0 f100=0 f122=1024 fx=0 fy=0 anim=61 kf=596 dt=136
[FLEX] st=0 f100=0 f122=1024 fx=0 fy=0 anim=61 kf=597 dt=136
[FLEX] st=0 f100=0 f122=1024 fx=0 fy=0 anim=61 kf=598 dt=135
[FLEX] st=0 f100=0 f122=1024 fx=0 fy=0 anim=61 kf=598 dt=136
[FLEX] st=0 f100=0 f122=1024 fx=0 fy=0 anim=61 kf=599 dt=136
[FLEX] st=0 f100=0 f122=1024 fx=0 fy=0 anim=61 kf=600 dt=136
[FLEX] st=0 f100=0 f122=1024 fx=0 fy=0 anim=61 kf=601 dt=136
[FLEX] st=0 f100=0 f122=1024 fx=0 fy=0 anim=61 kf=602 dt=136
[BIGPRIM] code=0x3c tp=0x28 span=2022x1463 at(-1850,2185)
[FLEX] st=0 f100=0 f122=1024 fx=0 fy=0 anim=61 kf=603 dt=136
[FLEX] st=0 f100=0 f122=1024 fx=0 fy=0 anim=61 kf=603 dt=136
[FLEX] st=0 f100=0 f122=1024 fx=0 fy=0 anim=61 kf=604 dt=136
[ATTACK-DONE] st=61 lookupSt=61 kf=604 -> pcAttackDone
[FLEX] st=0 f100=0 f122=1024 fx=0 fy=0 anim=61 kf=604 dt=136
[BIGPRIM] code=0x3a tp=0xa span=1020x770 at(130,-25)
[BIGPRIM] code=0x3a tp=0xa span=1020x770 at(130,-25)
[BIGPRIM] code=0x3a tp=0xa span=1020x770 at(130,-25)
[BIGPRIM] code=0x3c tp=0x28 span=1221x858 at(-1013,855)
[BIGPRIM] code=0x3c tp=0x2c span=972x642 at(1036,-565)
[BIGPRIM] code=0x3c tp=0x2c span=1116x1029 at(1459,-1475)
[BIGPRIM] code=0x3c tp=0x28 span=1845x129 at(-788,3519)
[BIGPRIM] code=0x3c tp=0x2c span=1074x996 at(1363,-1468)
[BIGPRIM] code=0x3c tp=0x2c span=1728x1473 at(1510,-1485)
[BIGPRIM] code=0x3c tp=0x2c span=1212x1028 at(1129,-1031)
[BIGPRIM] code=0x3c tp=0x28 span=1527x1263 at(-614,2385)
[BIGPRIM] code=0x3c tp=0x28 span=966x846 at(958,774)
[BIGPRIM] code=0x3c tp=0x28 span=675x925 at(535,765)
[BIGPRIM] code=0x3c tp=0x28 span=1749x1569 at(-140,2079)
[BIGPRIM] code=0x3c tp=0x28 span=1905x277 at(136,3371)
[BIGPRIM] code=0x3c tp=0x2c span=924x783 at(889,-687)
[BIGPRIM] code=0x3c tp=0x2c span=1008x855 at(1189,-887)
[BIGPRIM] code=0x3c tp=0x28 span=1638x1630 at(-1124,2018)
[BIGPRIM] code=0x3c tp=0x2c span=918x848 at(1012,-1134)
[BIGPRIM] code=0x3c tp=0x2c span=972x772 at(1381,-1295)
[BIGPRIM] code=0x3c tp=0x2c span=1572x1401 at(1159,-1806)
[BIGPRIM] code=0x3c tp=0x2c span=1356x925 at(1594,-810)
[BIGPRIM] code=0x3c tp=0x28 span=1881x1077 at(-590,2571)
[BIGPRIM] code=0x3a tp=0xa span=1020x770 at(130,-25)
[BIGPRIM] code=0x3c tp=0x28 span=813x881 at(1000,687)
[RA] watch 84008: state=2 unlocked=1786116799 flags[4B4]=00 flags[4A1]=00 word4=0x00040000 setbits=50 map=10/3
[BIGPRIM] code=0x3c tp=0x28 span=822x920 at(961,703)
[BIGPRIM] code=0x3c tp=0x28 span=639x791 at(-59,697)
[BIGPRIM] code=0x3a tp=0xa span=1020x770 at(130,-25)
[BIGPRIM] code=0x3a tp=0xa span=1020x770 at(130,-25)
[BIGPRIM] code=0x3c tp=0x28 span=2055x1003 at(-740,2645)
[BIGPRIM] code=0x3a tp=0xa span=1020x770 at(130,-25)
[BIGPRIM] code=0x3c tp=0x2c span=1920x1278 at(1126,-1108)
[FLEX] st=0 f100=0 f122=1024 fx=0 fy=0 anim=5 kf=11 dt=136
[FLEX] st=0 f100=0 f122=1024 fx=0 fy=0 anim=57 kf=570 dt=136
[BIGPRIM] code=0x3c tp=0x2c span=1662x1324 at(2053,-2269)
[FLEX] st=0 f100=0 f122=1024 fx=0 fy=0 anim=57 kf=571 dt=136
[FLEX] st=0 f100=0 f122=1024 fx=0 fy=0 anim=57 kf=572 dt=136
[BOOT0/TIM] PostLoadTim file=1146 'THR2001F.TIM' ss=0x4acf img.u=0 img.v=0 tPage=0,25 clutX=112 clutY=0
[BOOT0/TIM] post ReadTIM: prect=0xfb66c4 caddr=0xfb6580 paddr=0xfb66cc mode=8
[BOOT0/TIM] pre pixel LoadImage rect=(576,256 64x256)
[BOOT0/TIM] pre CLUT LoadImage rect=(112,0 16x10)
[BOOT0/TIM] PostLoadTim done
[POOLSTOMP] upload (576,256 64x256) hits PINNED pool slot 7 'THR2001F' (576,256)
[FLEX] st=0 f100=0 f122=1024 fx=0 fy=0 anim=57 kf=573 dt=136
[FLEX] st=0 f100=0 f122=1024 fx=0 fy=0 anim=57 kf=574 dt=136
[BIGPRIM] code=0x3c tp=0x2c span=1422x944 at(1024,-797)
[FLEX] st=0 f100=0 f122=1024 fx=0 fy=0 anim=57 kf=575 dt=136
[FLEX] st=0 f100=0 f122=1024 fx=0 fy=0 anim=57 kf=576 dt=136
[FLEX] st=0 f100=0 f122=1024 fx=0 fy=0 anim=57 kf=578 dt=136
[BIGPRIM] code=0x3c tp=0x2c span=876x809 at(1447,-793)
[FLEX] st=0 f100=0 f122=1024 fx=0 fy=0 anim=57 kf=579 dt=136
[BIGPRIM] code=0x3c tp=0x2c span=1638x1401 at(2551,-2574)
[BIGPRIM] code=0x3c tp=0x2c span=1932x1478 at(1861,-1202)
[BIGPRIM] code=0x3c tp=0x2c span=1518x1209 at(1960,-2060)
[BIGPRIM] code=0x3c tp=0x28 span=1719x283 at(184,3365)
[BIGPRIM] code=0x3c tp=0x28 span=705x739 at(205,845)
[BIGPRIM] code=0x3c tp=0x28 span=924x1540 at(-140,941)
[BIGPRIM] code=0x3a tp=0xa span=1020x770 at(130,-25)
[BIGPRIM] code=0x3c tp=0x28 span=1233x1067 at(946,912)
[BIGPRIM] code=0x3c tp=0x28 span=1185x980 at(-950,826)
[BIGPRIM] code=0x3a tp=0xa span=1020x770 at(130,-25)
[BIGPRIM] code=0x3c tp=0x28 span=780x1073 at(619,826)
[BIGPRIM] code=0x3c tp=0x2c span=1188x1008 at(1210,-748)
[BIGPRIM] code=0x3c tp=0x2c span=1140x777 at(1624,-501)
[BIGPRIM] code=0x3c tp=0x28 span=681x820 at(-218,748)
[BIGPRIM] code=0x3c tp=0x28 span=1041x1497 at(787,871)
[BIGPRIM] code=0x3c tp=0x28 span=2106x283 at(-1796,3365)
[BIGPRIM] code=0x3c tp=0x28 span=687x932 at(-74,787)
[BIGPRIM] code=0x3c tp=0x28 span=2061x1010 at(-764,2638)
[BIGPRIM] code=0x3a tp=0xa span=1020x770 at(130,-25)
[BIGPRIM] code=0x3c tp=0x28 span=1959x1370 at(-788,2278)
[BIGPRIM] code=0x3c tp=0x28 span=1806x155 at(-1406,3493)
[BIGPRIM] code=0x3a tp=0xa span=1020x770 at(130,-25)
[BIGPRIM] code=0x3c tp=0x28 span=1221x1328 at(760,1002)
[BIGPRIM] code=0x3c tp=0x28 span=1632x225 at(733,3423)
[BIGPRIM] code=0x3c tp=0x28 span=969x810 at(-614,851)
[BIGPRIM] code=0x3c tp=0x28 span=1017x752 at(1033,800)
[BIGPRIM] code=0x3c tp=0x28 span=708x894 at(-20,816)
[SH-XBOX] vblank 27600
[MEM] tick: free=2232KB (558 pages)
[BIGPRIM] code=0x3a tp=0xa span=1020x770 at(130,-25)
[BIGPRIM] code=0x3c tp=0x28 span=1332x1286 at(1126,838)
[BIGPRIM] code=0x3a tp=0xa span=1020x770 at(130,-25)
[BIGPRIM] code=0x3c tp=0x28 span=663x1035 at(154,787)
[BIGPRIM] code=0x3c tp=0x28 span=681x813 at(-230,745)
[BIGPRIM] code=0x3a tp=0xa span=1020x770 at(130,-25)
[BIGPRIM] code=0x3c tp=0x28 span=1038x939 at(925,861)
[BIGPRIM] code=0x3a tp=0xa span=1020x770 at(130,-25)
[BIGPRIM] code=0x3c tp=0x28 span=975x842 at(1000,826)
[BIGPRIM] code=0x3c tp=0x2c span=822x759 at(1363,-948)
[BIGPRIM] code=0x3c tp=0x28 span=1899x511 at(34,3137)
[BIGPRIM] code=0x3c tp=0x2c span=918x849 at(1483,-1057)
[BIGPRIM] code=0x3c tp=0x2c span=1710x1433 at(2503,-1629)
[BIGPRIM] code=0x3c tp=0x2c span=1518x1156 at(2056,-848)
[BIGPRIM] code=0x3c tp=0x2c span=1734x1150 at(1591,-916)
[BIGPRIM] code=0x3a tp=0xa span=1020x770 at(130,-25)
[BIGPRIM] code=0x3c tp=0x28 span=825x907 at(-281,883)
[BIGPRIM] code=0x3c tp=0x28 span=1830x302 at(931,3346)
[BIGPRIM] code=0x3c tp=0x28 span=1959x408 at(-320,3240)
[BIGPRIM] code=0x3a tp=0xa span=1020x770 at(130,-25)
[BIGPRIM] code=0x3c tp=0x28 span=1929x129 at(-458,3519)
[CHNK] n=4 s0=0,1,st2 s1=0,2,st3 s2=-1,1,st2 s3=-1,2,st3
[BIGPRIM] code=0x3c tp=0x2c span=960x809 at(1591,-578)
[BIGPRIM] code=0x3c tp=0x28 span=1965x225 at(-224,3423)
[BIGPRIM] code=0x3a tp=0xa span=1020x770 at(130,-25)
[BIGPRIM] code=0x3a tp=0xa span=1020x770 at(130,-25)
[BIGPRIM] code=0x3c tp=0x28 span=2073x283 at(-512,3365)
[BOOT0/TIM] PostLoadTim file=1194 'THR6001F.TIM' ss=0x4d9f img.u=0 img.v=0 tPage=0,23 clutX=80 clutY=0
[BOOT0/TIM] post ReadTIM: prect=0xfb6704 caddr=0xfb6580 paddr=0xfb670c mode=8
[BOOT0/TIM] pre pixel LoadImage rect=(448,256 64x256)
[BOOT0/TIM] pre CLUT LoadImage rect=(80,0 16x12)
[BOOT0/TIM] PostLoadTim done
[POOLSTOMP] upload (448,256 64x256) hits PINNED pool slot 5 'THR6001F' (448,256)
[BOOT0/TIM] PostLoadTim file=1195 'THR6002H.TIM' ss=0x4db0 img.u=32 img.v=0 tPage=0,26 clutX=144 clutY=0
[BOOT0/TIM] post ReadTIM: prect=0xfb66a4 caddr=0xfb6580 paddr=0xfb66ac mode=8
[BOOT0/TIM] pre pixel LoadImage rect=(672,256 32x256)
[BOOT0/TIM] pre CLUT LoadImage rect=(144,0 16x9)
[BOOT0/TIM] PostLoadTim done
[POOLSTOMP] upload (672,256 32x256) hits PINNED pool slot 9 'THR6002H' (672,256)
[BIGPRIM] code=0x3c tp=0x28 span=765x977 at(250,890)
[BIGPRIM] code=0x3c tp=0x2c span=1842x1543 at(2788,-1571)
[BIGPRIM] code=0x3c tp=0x2c span=1224x1034 at(2080,-916)
[BIGPRIM] code=0x3c tp=0x28 span=1584x1382 at(427,2266)
[BIGPRIM] code=0x3c tp=0x28 span=1203x1511 at(1048,912)
[BIGPRIM] code=0x3c tp=0x28 span=663x1019 at(604,781)
[BIGPRIM] code=0x3c tp=0x28 span=2154x714 at(-1766,2934)
[BIGPRIM] code=0x3c tp=0x2c span=804x758 at(1135,-540)
[BIGPRIM] code=0x3c tp=0x28 span=2091x135 at(-1292,3513)
[BIGPRIM] code=0x3c tp=0x2c span=1374x1297 at(1519,-1031)
[BIGPRIM] code=0x3c tp=0x28 span=669x884 at(403,848)
[BIGPRIM] code=0x3a tp=0xa span=1020x770 at(130,-25)
[BIGPRIM] code=0x3a tp=0xa span=1020x770 at(130,-25)
[BIGPRIM] code=0x3c tp=0x28 span=2163x251 at(-74,3397)
[BIGPRIM] code=0x3c tp=0x28 span=591x923 at(190,732)
[BIGPRIM] code=0x3c tp=0x28 span=732x1440 at(58,829)
[BIGPRIM] code=0x3c tp=0x28 span=978x1276 at(892,822)
[BIGPRIM] code=0x3c tp=0x28 span=1962x161 at(673,3487)
[BIGPRIM] code=0x3c tp=0x28 span=1791x187 at(52,3461)
[BIGPRIM] code=0x3a tp=0xa span=1020x770 at(130,-25)
[BIGPRIM] code=0x3c tp=0x28 span=1098x1151 at(-662,922)
[BIGPRIM] code=0x3c tp=0x28 span=1020x662 at(-833,819)
[BIGPRIM] code=0x3c tp=0x28 span=1152x1527 at(265,1031)
[BIGPRIM] code=0x3c tp=0x28 span=669x878 at(532,851)
[BIGPRIM] code=0x3c tp=0x28 span=1710x187 at(-1418,3461)
[BIGPRIM] code=0x3a tp=0xa span=1020x770 at(130,-25)
[BIGPRIM] code=0x3a tp=0xa span=1020x770 at(130,-25)
[BIGPRIM] code=0x3a tp=0xa span=1020x770 at(130,-25)
[BIGPRIM] code=0x3c tp=0x28 span=1530x1071 at(751,2577)
[BIGPRIM] code=0x3a tp=0xa span=1020x770 at(130,-25)
[BIGPRIM] code=0x3a tp=0xa span=1020x770 at(130,-25)
[BIGPRIM] code=0x3a tp=0xa span=1020x770 at(130,-25)
[BIGPRIM] code=0x3c tp=0x28 span=1791x161 at(10,3487)
[BIGPRIM] code=0x3c tp=0x28 span=1743x1472 at(124,2176)
[BIGPRIM] code=0x3a tp=0xa span=1020x770 at(130,-25)
[BIGPRIM] code=0x3c tp=0x28 span=1902x277 at(-1748,3371)
[BIGPRIM] code=0x3c tp=0x28 span=1239x1029 at(1120,819)
[BIGPRIM] code=0x3c tp=0x28 span=873x1157 at(706,835)
[BIGPRIM] code=0x3a tp=0xa span=1020x770 at(130,-25)
[BIGPRIM] code=0x3c tp=0x28 span=1962x1431 at(-1322,2217)
[BIGPRIM] code=0x3c tp=0x28 span=1734x142 at(943,3506)
[BIGPRIM] code=0x3a tp=0xa span=1020x770 at(130,-25)
[BIGPRIM] code=0x3c tp=0x28 span=1746x1247 at(-713,2401)
[BIGPRIM] code=0x3a tp=0xa span=1020x770 at(130,-25)
[BIGPRIM] code=0x3a tp=0xa span=1020x770 at(130,-25)
[BOOT0/TIM] PostLoadTim file=1193 'THR5901F.TIM' ss=0x4d8e img.u=0 img.v=0 tPage=0,22 clutX=64 clutY=0
[BOOT0/TIM] post ReadTIM: prect=0xfb6764 caddr=0xfb6580 paddr=0xfb676c mode=8
[BOOT0/TIM] pre pixel LoadImage rect=(384,256 64x256)
[BOOT0/TIM] pre CLUT LoadImage rect=(64,0 16x15)
[BOOT0/TIM] PostLoadTim done
[POOLSTOMP] upload (384,256 64x256) hits PINNED pool slot 4 'THR5901F' (384,256)
[BIGPRIM] code=0x3a tp=0xa span=1020x770 at(130,-25)
[BIGPRIM] code=0x3c tp=0x28 span=1053x704 at(1042,842)
[BIGPRIM] code=0x3c tp=0x28 span=1779x563 at(142,3085)
[BIGPRIM] code=0x3c tp=0x28 span=1926x302 at(1105,3346)
[BIGPRIM] code=0x3c tp=0x28 span=2034x830 at(877,2818)
[BIGPRIM] code=0x3c tp=0x28 span=1848x533 at(-1520,3050)
[BIGPRIM] code=0x3c tp=0x28 span=1491x1379 at(-1127,887)
[BIGPRIM] code=0x3c tp=0x28 span=1002x1202 at(-506,774)
[BIGPRIM] code=0x3c tp=0x28 span=2094x547 at(967,2953)
[BIGPRIM] code=0x3c tp=0x28 span=1029x1051 at(1021,765)
[BIGPRIM] code=0x3c tp=0x28 span=1836x1559 at(217,1645)
[BIGPRIM] code=0x3c tp=0x28 span=1689x1492 at(640,1661)
[BIGPRIM] code=0x3c tp=0x28 span=1968x1591 at(-1682,1485)
[BIGPRIM] code=0x3a tp=0xa span=1020x770 at(130,-25)
[BIGPRIM] code=0x3c tp=0x28 span=1872x1256 at(-1490,2282)
[BIGPRIM] code=0x3c tp=0x28 span=984x1170 at(-524,861)
[BIGPRIM] code=0x3a tp=0xa span=1020x770 at(130,-25)
[BIGPRIM] code=0x3c tp=0x28 span=1521x1405 at(-734,2243)
[SH-XBOX] vblank 28200
[MEM] tick: free=2232KB (558 pages)
[BIGPRIM] code=0x3c tp=0x28 span=1107x1029 at(-653,957)
[BIGPRIM] code=0x3c tp=0x28 span=1173x724 at(1126,838)
[BIGPRIM] code=0x3c tp=0x28 span=1641x1562 at(964,2086)
[BIGPRIM] code=0x3c tp=0x28 span=1467x1613 at(-1094,993)
[BIGPRIM] code=0x3c tp=0x2c span=840x745 at(2008,-883)
[BIGPRIM] code=0x3c tp=0x28 span=888x920 at(793,851)
[BIGPRIM] code=0x3c tp=0x28 span=732x1016 at(112,867)
[BIGPRIM] code=0x3c tp=0x2c span=1038x976 at(2077,-890)
[BIGPRIM] code=0x3c tp=0x2c span=1920x1626 at(2749,-1533)
[BIGPRIM] code=0x3a tp=0xa span=1020x770 at(130,-25)
[BIGPRIM] code=0x3c tp=0x2c span=1080x855 at(3031,-1407)
[BIGPRIM] code=0x3a tp=0xa span=1020x770 at(130,-25)
[BIGPRIM] code=0x3a tp=0xa span=1020x770 at(130,-25)
[BIGPRIM] code=0x3c tp=0x28 span=873x1418 at(-50,938)
[BIGPRIM] code=0x3c tp=0x2c span=990x661 at(1789,-514)
[BIGPRIM] code=0x3c tp=0x2c span=996x887 at(2143,-1089)
[BIGPRIM] code=0x3c tp=0x28 span=705x1170 at(451,832)
[BIGPRIM] code=0x3a tp=0xa span=1020x770 at(130,-25)
[BIGPRIM] code=0x3c tp=0x2a span=978x254 at(-314,-372)
[BIGPRIM] code=0x3a tp=0xa span=1020x770 at(130,-25)
[BIGPRIM] code=0x3c tp=0x2a span=1164x273 at(-476,-485)
[BIGPRIM] code=0x3c tp=0x2c span=828x765 at(1801,-970)
[BIGPRIM] code=0x3c tp=0x2c span=1182x1111 at(1990,-1028)
[BIGPRIM] code=0x3c tp=0x28 span=999x794 at(-776,793)
[BIGPRIM] code=0x3c tp=0x28 span=1041x813 at(-791,813)
[BIGPRIM] code=0x3c tp=0x28 span=1215x941 at(-956,871)
[BIGPRIM] code=0x3c tp=0x28 span=1482x1160 at(-1238,945)
[BIGPRIM] code=0x3c tp=0x28 span=1557x270 at(-848,3378)
[BIGPRIM] code=0x3c tp=0x28 span=1242x990 at(1066,845)
[CHNK] n=4 s0=-1,3,st3 s1=0,2,st2 s2=0,3,st3 s3=-1,2,st2
[BIGPRIM] code=0x3c tp=0x28 span=1812x97 at(-1562,3551)
[BIGPRIM] code=0x3c tp=0x28 span=765x1176 at(157,810)
[BIGPRIM] code=0x3c tp=0x28 span=840x768 at(1072,700)
[BIGPRIM] code=0x3c tp=0x2c span=1566x1446 at(2926,-1510)
[BIGPRIM] code=0x3c tp=0x28 span=2037x167 at(628,3481)
[BIGPRIM] code=0x3a tp=0xa span=1020x770 at(130,-25)
[BIGPRIM] code=0x3c tp=0x2c span=912x860 at(1630,-716)
[BIGPRIM] code=0x3c tp=0x28 span=837x945 at(-80,900)
[BIGPRIM] code=0x3c tp=0x28 span=1068x1199 at(703,941)
[BIGPRIM] code=0x3c tp=0x2c span=1488x1272 at(2965,-2172)
[BIGPRIM] code=0x3c tp=0x2c span=1404x1298 at(2740,-1648)
[BIGPRIM] code=0x3a tp=0xa span=1020x770 at(130,-25)
[BIGPRIM] code=0x3c tp=0x28 span=1842x341 at(-1304,3307)
[BOOT0/TIM] PostLoadTim file=1265 'THRB701F.TIM' ss=0x51b6 img.u=0 img.v=0 tPage=0,24 clutX=96 clutY=0
[BOOT0/TIM] post ReadTIM: prect=0xfb66e4 caddr=0xfb6580 paddr=0xfb66ec mode=8
[BOOT0/TIM] pre pixel LoadImage rect=(512,256 64x256)
[BOOT0/TIM] pre CLUT LoadImage rect=(96,0 16x11)
[BOOT0/TIM] PostLoadTim done
[POOLSTOMP] upload (512,256 64x256) hits PINNED pool slot 6 'THRB701F' (512,256)
[BIGPRIM] code=0x3c tp=0x28 span=870x756 at(-476,790)
[BIGPRIM] code=0x3a tp=0xa span=1020x770 at(130,-25)
[BIGPRIM] code=0x3c tp=0x28 span=1416x1485 at(-1055,977)
[BIGPRIM] code=0x3c tp=0x2c span=1536x1413 at(2941,-1266)
[SPAWN-FIRE?] slot=2 allPass! npcFlags=0x4 flagsId=3 full=0 vblanks=1 ABOUT TO TRY SPAWN
[SPAWN-FIRE!] slot=2 gates passed â†’ entering spawn block, npcIdx will be assigned
[SPAWN] slot=2 -> npc[0] charaId=2 stateStep=8 pos=(29,157)
[SFX] Sd_PlaySfx: sfxId=1321 (Sfx_Base+41) vol=0
[BIGPRIM] code=0x3c tp=0x2c span=2364x1574 at(2527,-1182)
[BIGPRIM] code=0x3c tp=0x2c span=1632x1510 at(2893,-1359)
[BIGPRIM] code=0x3c tp=0x2c span=1746x1613 at(2836,-1459)
[BIGPRIM] code=0x3c tp=0x28 span=1359x910 at(-1214,896)
[BIGPRIM] code=0x3c tp=0x28 span=1362x1292 at(940,961)
[BIGPRIM] code=0x3c tp=0x28 span=1701x225 at(-1028,3423)
[BIGPRIM] code=0x3c tp=0x28 span=942x842 at(904,829)
[BIGPRIM] code=0x3c tp=0x28 span=1797x335 at(-878,3313)
[BIGPRIM] code=0x3c tp=0x28 span=1839x167 at(-710,3481)
[BIGPRIM] code=0x3c tp=0x28 span=972x707 at(-794,758)
[BIGPRIM] code=0x3c tp=0x28 span=738x852 at(-227,790)
[BIGPRIM] code=0x3c tp=0x28 span=1944x257 at(895,3391)
[BIGPRIM] code=0x3a tp=0xa span=1020x770 at(130,-25)
[BIGPRIM] code=0x3c tp=0x28 span=2007x200 at(-710,3448)
[BIGPRIM] code=0x3c tp=0x28 span=2034x193 at(895,3455)
[BIGPRIM] code=0x3c tp=0x28 span=1119x1141 at(-785,855)
[BIGPRIM] code=0x3c tp=0x2c span=870x804 at(802,-977)
[BIGPRIM] code=0x3c tp=0x2c span=1716x1452 at(1483,-1468)
[BIGPRIM] code=0x3c tp=0x2c span=1728x1542 at(961,-1873)
[BIGPRIM] code=0x3c tp=0x2c span=1512x1427 at(838,-1305)
[BIGPRIM] code=0x3c tp=0x2c span=1680x1587 at(865,-1472)
[BIGPRIM] code=0x3c tp=0x28 span=1923x367 at(322,3281)
[BIGPRIM] code=0x3a tp=0xa span=1020x770 at(130,-25)
[BIGPRIM] code=0x3c tp=0x2c span=2100x1433 at(1846,-1189)
[BIGPRIM] code=0x3c tp=0x2c span=1764x1633 at(1162,-2127)
[BIGPRIM] code=0x3c tp=0x28 span=1857x296 at(-1160,3352)
[BIGPRIM] code=0x3c tp=0x2c span=1590x1054 at(793,-781)
[BIGPRIM] code=0x3c tp=0x28 span=870x904 at(-392,822)
[BIGPRIM] code=0x3c tp=0x2c span=1776x1182 at(832,-867)
[BIGPRIM] code=0x3c tp=0x2c span=1518x1400 at(1825,-1256)
[BIGPRIM] code=0x3c tp=0x28 span=1521x1206 at(-1286,973)
[BIGPRIM] code=0x3c tp=0x28 span=684x752 at(118,832)
[BIGPRIM] code=0x3a tp=0xa span=1020x770 at(130,-25)
[BIGPRIM] code=0x3c tp=0x28 span=1074x829 at(1099,784)
[BIGPRIM] code=0x3a tp=0xa span=1020x770 at(130,-25)
[BIGPRIM] code=0x3c tp=0x28 span=651x977 at(70,781)
[BIGPRIM] code=0x3a tp=0xa span=1020x770 at(130,-25)
[BIGPRIM] code=0x3c tp=0x28 span=777x1224 at(-383,826)
[BIGPRIM] code=0x3c tp=0x28 span=2124x257 at(-1754,3391)
[BIGPRIM] code=0x3a tp=0xa span=1020x770 at(130,-25)
[BIGPRIM] code=0x3a tp=0xa span=1020x770 at(130,-25)
[BIGPRIM] code=0x3c tp=0x28 span=651x1141 at(292,816)
[BIGPRIM] code=0x3c tp=0x28 span=2049x576 at(568,3072)
[BIGPRIM] code=0x3c tp=0x28 span=1299x1247 at(1069,858)
[BIGPRIM] code=0x3a tp=0xa span=1020x770 at(130,-25)
[BIGPRIM] code=0x3c tp=0x28 span=942x891 at(-509,864)
[BOOT0/TIM] PostLoadTim file=1261 'THRB401F.TIM' ss=0x517a img.u=0 img.v=0 tPage=0,25 clutX=112 clutY=0
[BOOT0/TIM] post ReadTIM: prect=0xfb66a4 caddr=0xfb6580 paddr=0xfb66ac mode=8
[BOOT0/TIM] pre pixel LoadImage rect=(576,256 64x256)
[BOOT0/TIM] pre CLUT LoadImage rect=(112,0 16x9)
[BOOT0/TIM] PostLoadTim done
[POOLSTOMP] upload (576,256 64x256) hits PINNED pool slot 7 'THRB401F' (576,256)
[BIGPRIM] code=0x3c tp=0x28 span=987x1063 at(-431,945)
[BIGPRIM] code=0x3c tp=0x28 span=1761x148 at(-560,3500)
[BIGPRIM] code=0x3c tp=0x28 span=690x893 at(37,797)
[BIGPRIM] code=0x3c tp=0x28 span=1596x1119 at(673,2529)
[BIGPRIM] code=0x3a tp=0xa span=1020x770 at(130,-25)
[BIGPRIM] code=0x3c tp=0x28 span=711x746 at(919,761)
[BIGPRIM] code=0x3c tp=0x28 span=1020x1135 at(958,848)
[BIGPRIM] code=0x3a tp=0xa span=1020x770 at(130,-25)
[BIGPRIM] code=0x3c tp=0x28 span=1935x1247 at(-80,2401)
[BIGPRIM] code=0x3a tp=0xa span=1020x770 at(130,-25)
[BIGPRIM] code=0x3c tp=0x28 span=1611x1627 at(739,2021)
[BIGPRIM] code=0x3a tp=0xa span=1020x770 at(130,-25)
[BIGPRIM] code=0x3a tp=0xa span=1020x770 at(130,-25)
[BIGPRIM] code=0x3c tp=0x28 span=1008x1375 at(-380,945)
[SFX] Sd_PlaySfx: sfxId=1376 (Sfx_Base+96) vol=246
[BIGPRIM] code=0x3c tp=0x28 span=1116x1476 at(-53,1018)
[SH-XBOX] vblank 28800
[MEM] tick: free=2232KB (558 pages)
[BIGPRIM] code=0x3c tp=0x28 span=1218x1350 at(-779,932)
[BIGPRIM] code=0x3a tp=0xa span=1020x770 at(130,-25)
[BIGPRIM] code=0x3a tp=0xa span=1020x770 at(130,-25)
[BIGPRIM] code=0x3c tp=0x28 span=2109x1578 at(-896,2070)
[BIGPRIM] code=0x3c tp=0x2c span=1392x1182 at(2446,-1028)
[BIGPRIM] code=0x3c tp=0x28 span=657x723 at(10,826)
[BIGPRIM] code=0x3c tp=0x28 span=1038x1540 at(-506,922)
[BIGPRIM] code=0x3c tp=0x28 span=903x1286 at(520,906)
[BIGPRIM] code=0x3a tp=0xa span=1020x770 at(130,-25)
[BIGPRIM] code=0x3c tp=0x28 span=891x1103 at(82,954)
[BIGPRIM] code=0x3a tp=0xa span=1020x770 at(130,-25)
[BIGPRIM] code=0x3c tp=0x28 span=1563x1318 at(1108,919)
[BIGPRIM] code=0x3a tp=0xa span=1020x770 at(130,-25)
[BIGPRIM] code=0x3c tp=0x28 span=1917x264 at(-14,3384)
[BIGPRIM] code=0x3c tp=0x28 span=684x984 at(88,838)
[BIGPRIM] code=0x3c tp=0x28 span=1530x1125 at(841,2523)
[CHNK] n=4 s0=-1,3,st2 s1=-1,4,st3 s2=0,3,st3 s3=0,4,st3
[BIGPRIM] code=0x3a tp=0xa span=1020x770 at(130,-25)
[BIGPRIM] code=0x3c tp=0x28 span=2187x1128 at(94,2520)
[SFX] Sd_PlaySfx: sfxId=1376 (Sfx_Base+96) vol=251
[BIGPRIM] code=0x3c tp=0x28 span=918x1144 at(1009,800)
[BIGPRIM] code=0x3c tp=0x28 span=2079x1617 at(172,2031)
[BIGPRIM] code=0x3c tp=0x28 span=1824x1051 at(895,2597)
[BIGPRIM] code=0x3c tp=0x28 span=1929x1508 at(424,2140)
[BIGPRIM] code=0x3c tp=0x28 span=552x733 at(280,758)
[BIGPRIM] code=0x3a tp=0xa span=1020x770 at(130,-25)
[BIGPRIM] code=0x3c tp=0x28 span=912x1347 at(-248,867)
[BIGPRIM] code=0x3c tp=0x28 span=684x1176 at(-113,787)
[BIGPRIM] code=0x3c tp=0x28 span=1857x389 at(214,3259)
[BIGPRIM] code=0x3c tp=0x2c span=966x643 at(-1400,-774)
[BIGPRIM] code=0x3a tp=0xa span=1020x770 at(130,-25)
[BIGPRIM] code=0x3c tp=0x28 span=2193x7 at(634,3641)
[BIGPRIM] code=0x3c tp=0x28 span=594x968 at(274,697)
[BIGPRIM] code=0x3c tp=0x28 span=1959x1498 at(-980,2150)
[BIGPRIM] code=0x3c tp=0x28 span=2187x846 at(-1472,2802)
[BIGPRIM] code=0x3a tp=0xa span=1020x770 at(130,-25)
[BOOT0/TIM] PostLoadTim file=1264 'THRB601F.TIM' ss=0x51a5 img.u=0 img.v=0 tPage=0,23 clutX=80 clutY=0
[BOOT0/TIM] post ReadTIM: prect=0xfb6704 caddr=0xfb6580 paddr=0xfb670c mode=8
[BOOT0/TIM] pre pixel LoadImage rect=(448,256 64x256)
[BOOT0/TIM] pre CLUT LoadImage rect=(80,0 16x12)
[BOOT0/TIM] PostLoadTim done
[POOLSTOMP] upload (448,256 64x256) hits PINNED pool slot 5 'THRB601F' (448,256)
[TEXVRAM] 'THRB601F' tPage=[0,23] clutXY=(80,0) uv=(0,0)
[BIGPRIM] code=0x3c tp=0x28 span=684x739 at(142,816)
[BIGPRIM] code=0x3c tp=0x28 span=1143x945 at(-830,874)
[BIGPRIM] code=0x3a tp=0xa span=1020x770 at(130,-25)
[BIGPRIM] code=0x3c tp=0x28 span=1728x251 at(-1250,3397)
[BIGPRIM] code=0x3c tp=0x28 span=753x1009 at(-68,842)
[SFX] Sd_PlaySfx: sfxId=1381 (Sfx_Base+101) vol=254
[BIGPRIM] code=0x3c tp=0x28 span=1905x1556 at(-1622,2092)
[BIGPRIM] code=0x3c tp=0x28 span=1911x206 at(-296,3442)
[BIGPRIM] code=0x3c tp=0x2c span=858x726 at(3157,-748)
[BIGPRIM] code=0x3a tp=0xa span=1020x770 at(130,-25)
[SFX] Sd_PlaySfx: sfxId=1381 (Sfx_Base+101) vol=254
[BIGPRIM] code=0x3c tp=0x28 span=1134x1331 at(-749,883)
[BIGPRIM] code=0x3a tp=0xa span=1020x770 at(130,-25)
[BIGPRIM] code=0x3c tp=0x28 span=888x1164 at(856,848)
[BIGPRIM] code=0x3c tp=0x28 span=2037x142 at(-908,3506)
[BIGPRIM] code=0x3c tp=0x28 span=1983x122 at(382,3526)
[SFX] Sd_PlaySfx: sfxId=1381 (Sfx_Base+101) vol=255
[BIGPRIM] code=0x3c tp=0x28 span=1179x1051 at(-968,826)
[COLL-MISS] cell(0,3) pos(21,158) activeCount=4
[COLL-MISS]   slot cell(-1,3) qIdx=138 loadState=2 isLoaded=1
[COLL-MISS]   slot cell(-1,4) qIdx=142 loadState=2 isLoaded=1
[COLL-MISS]   slot cell(0,5) qIdx=144 loadState=2 isLoaded=1
[COLL-MISS]   slot cell(0,4) qIdx=140 loadState=2 isLoaded=1
[BIGPRIM] code=0x3c tp=0x28 span=1938x830 at(997,2818)
[RA] watch 84008: state=2 unlocked=1786116799 flags[4B4]=00 flags[4A1]=00 word4=0x00040000 setbits=50 map=10/3
[BIGPRIM] code=0x3c tp=0x28 span=1824x415 at(-1472,3233)
[SFX] Sd_PlaySfx: sfxId=1381 (Sfx_Base+101) vol=255
[BIGPRIM] code=0x3c tp=0x28 span=870x1054 at(-164,900)
[BIGPRIM] code=0x3c tp=0x2c span=822x777 at(2089,-989)
[BIGPRIM] code=0x3c tp=0x2c span=966x913 at(2356,-1189)
[BIGPRIM] code=0x3c tp=0x2c span=1026x610 at(3196,-318)
[BIGPRIM] code=0x3c tp=0x2c span=1014x868 at(3202,-2041)
[BIGPRIM] code=0x3c tp=0x2c span=2064x1575 at(2677,-1626)
[BIGPRIM] code=0x3c tp=0x2c span=1512x1029 at(2953,-1125)
[BIGPRIM] code=0x3c tp=0x2c span=1026x976 at(3196,-681)
[BIGPRIM] code=0x3c tp=0x28 span=1029x704 at(-803,829)
[BIGPRIM] code=0x3c tp=0x2c span=1560x1337 at(2929,-3223)
[BIGPRIM] code=0x3c tp=0x28 span=1194x867 at(-1007,871)
[BIGPRIM] code=0x3c tp=0x2c span=1014x932 at(3202,-1346)
[SFX] Sd_PlaySfx: sfxId=1381 (Sfx_Base+101) vol=255
[BIGPRIM] code=0x3c tp=0x28 span=1824x1533 at(-1556,2115)
[BIGPRIM] code=0x3c tp=0x28 span=1221x1154 at(931,903)
[BIGPRIM] code=0x3c tp=0x28 span=1065x1376 at(-539,928)
[SFX] Sd_PlaySfx: sfxId=1381 (Sfx_Base+101) vol=255
[BIGPRIM] code=0x3a tp=0xa span=1020x770 at(130,-25)
[BIGPRIM] code=0x3c tp=0x28 span=1788x1511 at(1123,2137)
[BIGPRIM] code=0x3a tp=0xa span=1020x770 at(130,-25)
[BIGPRIM] code=0x3c tp=0x28 span=870x753 at(-650,732)
[SFX] Sd_PlaySfx: sfxId=1381 (Sfx_Base+101) vol=255
[BIGPRIM] code=0x3c tp=0x28 span=903x1206 at(-356,822)
[BIGPRIM] code=0x3c tp=0x28 span=1920x380 at(865,3268)
[BIGPRIM] code=0x3a tp=0xa span=1020x770 at(130,-25)
[BIGPRIM] code=0x3c tp=0x28 span=876x787 at(-668,723)
[BIGPRIM] code=0x3c tp=0x28 span=1917x1553 at(-626,2095)
[SFX] Sd_PlaySfx: sfxId=1381 (Sfx_Base+101) vol=255
[BIGPRIM] code=0x3a tp=0xa span=1020x770 at(130,-25)
[BIGPRIM] code=0x3c tp=0x28 span=888x803 at(-683,723)
[BIGPRIM] code=0x3c tp=0x28 span=1923x1540 at(-632,2108)
[BIGPRIM] code=0x3a tp=0xa span=1020x770 at(130,-25)
[BIGPRIM] code=0x3c tp=0x28 span=888x804 at(-683,726)
[BIGPRIM] code=0x3c tp=0x28 span=1923x1530 at(-638,2118)
[SFX] Sd_PlaySfx: sfxId=1381 (Sfx_Base+101) vol=255
[BIGPRIM] code=0x3a tp=0xa span=1020x770 at(130,-25)
[BIGPRIM] code=0x3c tp=0x28 span=891x807 at(-689,726)
[COLL-MISS] cell(0,3) pos(29,157) activeCount=4
[COLL-MISS]   slot cell(-1,3) qIdx=138 loadState=2 isLoaded=1
[COLL-MISS]   slot cell(-1,4) qIdx=142 loadState=2 isLoaded=1
[COLL-MISS]   slot cell(0,5) qIdx=144 loadState=2 isLoaded=1
[COLL-MISS]   slot cell(0,4) qIdx=140 loadState=2 isLoaded=1
[BIGPRIM] code=0x3c tp=0x28 span=1923x1530 at(-638,2118)
[BIGPRIM] code=0x3a tp=0xa span=1020x770 at(130,-25)
[BIGPRIM] code=0x3c tp=0x28 span=891x807 at(-689,726)
[BIGPRIM] code=0x3c tp=0x28 span=1923x1517 at(-668,2131)
[SFX] Sd_PlaySfx: sfxId=1381 (Sfx_Base+101) vol=255
[BIGPRIM] code=0x3a tp=0xa span=1020x770 at(130,-25)
[BIGPRIM] code=0x3c tp=0x28 span=819x871 at(943,726)
[SFX] Sd_PlaySfx: sfxId=1381 (Sfx_Base+101) vol=255
[BIGPRIM] code=0x3c tp=0x28 span=1971x1498 at(-974,2150)
[BIGPRIM] code=0x3a tp=0xa span=1020x770 at(130,-25)
[BIGPRIM] code=0x3c tp=0x28 span=840x926 at(943,732)
[SFX] Sd_PlaySfx: sfxId=1381 (Sfx_Base+101) vol=255
[BIGPRIM] code=0x3c tp=0x28 span=1983x1508 at(-1004,2140)
[BIGPRIM] code=0x3a tp=0xa span=1020x770 at(130,-25)
[BIGPRIM] code=0x3c tp=0x28 span=843x932 at(943,736)
[SFX] Sd_PlaySfx: sfxId=1381 (Sfx_Base+101) vol=255
[BIGPRIM] code=0x3c tp=0x28 span=1983x1495 at(-1010,2153)
[RA] http POST http://retroachievements.org/dorequest.php
[NET] POST retroachievements.org -> 200 (16 bytes)
[RA] http -> status=200 bodyLen=16 body='{"Success":true}'
[BIGPRIM] code=0x3a tp=0xa span=1020x770 at(130,-25)
[SH-XBOX] vblank 29400
[MEM] tick: free=2232KB (558 pages)
[BIGPRIM] code=0x3c tp=0x28 span=1929x1151 at(-1346,928)
[SFX] Sd_PlaySfx: sfxId=1381 (Sfx_Base+101) vol=255
[BIGPRIM] code=0x3c tp=0x28 span=1854x45 at(-1706,2066)
[BIGPRIM] code=0x3a tp=0xa span=1020x770 at(130,-25)
[BIGPRIM] code=0x3c tp=0x28 span=1914x1025 at(-1346,1067)
[SFX] Sd_PlaySfx: sfxId=1381 (Sfx_Base+101) vol=255
[BIGPRIM] code=0x3c tp=0x28 span=1020x1035 at(-314,781)
[BIGPRIM] code=0x3a tp=0xa span=1020x770 at(130,-25)
[BIGPRIM] code=0x3c tp=0x28 span=1851x45 at(154,2079)
[SFX] Sd_PlaySfx: sfxId=1381 (Sfx_Base+101) vol=255
[BIGPRIM] code=0x3c tp=0x28 span=1602x752 at(436,1346)
[BIGPRIM] code=0x3a tp=0xa span=1020x770 at(130,-25)
[BIGPRIM] code=0x3c tp=0x28 span=1860x655 at(-1508,1443)
[SFX] Sd_PlaySfx: sfxId=1381 (Sfx_Base+101) vol=255
[BIGPRIM] code=0x3c tp=0x28 span=1350x839 at(-1145,758)
[BIGPRIM] code=0x3c tp=0x28 span=1491x1131 at(82,948)
[BIGPRIM] code=0x3c tp=0x28 span=1491x1067 at(-104,1012)
[BIGPRIM] code=0x3a tp=0xa span=1020x770 at(130,-25)
[BIGPRIM] code=0x3c tp=0x28 span=1968x1256 at(949,810)
[SFX] Sd_PlaySfx: sfxId=1381 (Sfx_Base+101) vol=255
[BIGPRIM] code=0x3c tp=0x28 span=1719x765 at(-464,1327)
[BIGPRIM] code=0x3c tp=0x28 span=1260x1256 at(133,810)
[BIGPRIM] code=0x3a tp=0xa span=1020x770 at(130,-25)
[BIGPRIM] code=0x3c tp=0x28 span=1854x38 at(1033,2073)
[BIGPRIM] code=0x3c tp=0x28 span=1491x1141 at(-98,938)
[BIGPRIM] code=0x3a tp=0xa span=1020x770 at(130,-25)
[SFX] Sd_PlaySfx: sfxId=1381 (Sfx_Base+101) vol=255
[BIGPRIM] code=0x3c tp=0x28 span=2055x1116 at(-1586,970)
[CHNK] n=4 s0=-1,3,st2 s1=-1,4,st3 s2=0,5,st3 s3=0,4,st3
[BIGPRIM] code=0x3c tp=0x28 span=2184x1238 at(1063,835)
[BIGPRIM] code=0x3c tp=0x28 span=1008x530 at(-725,707)
[BIGPRIM] code=0x3c tp=0x28 span=978x438 at(1006,687)
[BIGPRIM] code=0x3c tp=0x28 span=1854x553 at(-1580,1552)
[BIGPRIM] code=0x3c tp=0x28 span=1563x1077 at(-1361,777)
[BIGPRIM] code=0x3c tp=0x28 span=1851x45 at(-92,2073)
[BIGPRIM] code=0x3c tp=0x28 span=1851x45 at(-92,2079)
[BIGPRIM] code=0x3c tp=0x28 span=1854x45 at(-1580,2079)
[BIGPRIM] code=0x3c tp=0x28 span=1857x951 at(-1214,1141)
[BIGPRIM] code=0x3c tp=0x28 span=1041x1167 at(-296,787)
[BIGPRIM] code=0x3a tp=0xa span=1020x770 at(130,-25)
[BIGPRIM] code=0x3c tp=0x28 span=2136x1224 at(-1889,842)
[BIGPRIM] code=0x3c tp=0x28 span=2586x1173 at(-2432,900)
[BIGPRIM] code=0x3c tp=0x28 span=1296x1041 at(661,784)
[BIGPRIM] code=0x3c tp=0x28 span=1902x877 at(-1370,1221)
[BIGPRIM] code=0x3a tp=0xa span=1020x770 at(130,-25)
[BIGPRIM] code=0x3a tp=0xa span=1020x770 at(130,-25)
[BIGPRIM] code=0x3c tp=0x28 span=1488x1237 at(-923,829)
[BIGPRIM] code=0x3c tp=0x28 span=1206x630 at(970,729)
[BIGPRIM] code=0x3c tp=0x28 span=1629x903 at(1120,1189)
[BIGPRIM] code=0x3a tp=0xa span=1020x770 at(130,-25)
[BIGPRIM] code=0x3c tp=0x28 span=2208x1035 at(-1970,1051)
[BIGPRIM] code=0x3c tp=0x28 span=1854x170 at(1021,1941)
[BIGPRIM] code=0x3c tp=0x28 span=1083x874 at(-554,765)
[BIGPRIM] code=0x3c tp=0x28 span=1854x45 at(1021,2073)
[BIGPRIM] code=0x3c tp=0x28 span=1851x39 at(-470,2066)
[BIGPRIM] code=0x3c tp=0x28 span=1932x1209 at(-1433,864)
[BIGPRIM] code=0x3c tp=0x28 span=1851x39 at(-470,2079)
[BIGPRIM] code=0x3c tp=0x28 span=2163x1215 at(1078,858)
[BIGPRIM] code=0x3c tp=0x28 span=1896x720 at(-1592,1378)
[BIGPRIM] code=0x3c tp=0x28 span=1602x1132 at(-1421,790)
[BIGPRIM] code=0x3c tp=0x28 span=2163x1090 at(1111,787)
[BIGPRIM] code=0x3a tp=0xa span=1020x770 at(130,-25)
[BOOT0/TIM] PostLoadTim file=1262 'THRB501F.TIM' ss=0x518b img.u=0 img.v=0 tPage=0,22 clutX=64 clutY=0
[BOOT0/TIM] post ReadTIM: prect=0xfb6784 caddr=0xfb6580 paddr=0xfb678c mode=8
[BOOT0/TIM] pre pixel LoadImage rect=(384,256 64x256)
[BOOT0/TIM] pre CLUT LoadImage rect=(64,0 16x16)
[BOOT0/TIM] PostLoadTim done
[POOLSTOMP] upload (384,256 64x256) hits PINNED pool slot 4 'THRB501F' (384,256)
[TEXVRAM] 'THRB501F' tPage=[0,22] clutXY=(64,0) uv=(0,0)
[BIGPRIM] code=0x3a tp=0xa span=1020x770 at(130,-25)
[BOOT0/TIM] PostLoadTim file=1263 'THRB502H.TIM' ss=0x519c img.u=0 img.v=0 tPage=0,26 clutX=128 clutY=0
[BOOT0/TIM] post ReadTIM: prect=0xfb6704 caddr=0xfb6580 paddr=0xfb670c mode=8
[BOOT0/TIM] pre pixel LoadImage rect=(640,256 32x256)
[BOOT0/TIM] pre CLUT LoadImage rect=(128,0 16x12)
[BOOT0/TIM] PostLoadTim done
[POOLSTOMP] upload (640,256 32x256) hits PINNED pool slot 8 'THRB502H' (640,256)
[TEXVRAM] 'THRB502H' tPage=[0,26] clutXY=(128,0) uv=(0,0)
[BIGPRIM] code=0x3c tp=0x28 span=1851x45 at(268,2073)
[BIGPRIM] code=0x3c tp=0x28 span=1047x730 at(805,745)
[BIGPRIM] code=0x3c tp=0x28 span=1506x781 at(622,1317)
[BIGPRIM] code=0x3c tp=0x28 span=849x839 at(43,758)
[BIGPRIM] code=0x3a tp=0xa span=1020x770 at(130,-25)
[BIGPRIM] code=0x3c tp=0x28 span=1239x1238 at(-254,835)
[BIGPRIM] code=0x3c tp=0x28 span=1851x38 at(-902,2073)
[BIGPRIM] code=0x3c tp=0x28 span=1851x39 at(-1148,2079)
[BIGPRIM] code=0x3c tp=0x28 span=990x370 at(1111,668)
[BIGPRIM] code=0x3c tp=0x28 span=2457x1206 at(-2294,867)
[BIGPRIM] code=0x3c tp=0x28 span=1137x515 at(1033,703)
[BIGPRIM] code=0x3c tp=0x28 span=1788x928 at(1051,765)
[BIGPRIM] code=0x3c tp=0x28 span=1203x1055 at(454,777)
[BIGPRIM] code=0x3a tp=0xa span=1020x770 at(130,-25)
[BIGPRIM] code=0x3a tp=0xa span=1020x770 at(130,-25)
[BIGPRIM] code=0x3c tp=0x28 span=1791x1263 at(-1619,803)
[BIGPRIM] code=0x3c tp=0x28 span=1491x996 at(280,1096)
[BIGPRIM] code=0x3c tp=0x28 span=1122x820 at(769,758)
[BIGPRIM] code=0x3c tp=0x28 span=852x768 at(181,752)
[BIGPRIM] code=0x3c tp=0x28 span=2100x939 at(-1868,1153)
[BIGPRIM] code=0x3c tp=0x28 span=1098x610 at(-839,723)
[BIGPRIM] code=0x3c tp=0x28 span=1857x45 at(112,2066)
[BIGPRIM] code=0x3c tp=0x28 span=1857x81 at(-1112,2024)
[BIGPRIM] code=0x3a tp=0xa span=1020x770 at(130,-25)
[BIGPRIM] code=0x3c tp=0x28 span=1701x39 at(400,2066)
[BIGPRIM] code=0x3c tp=0x28 span=1902x967 at(-1748,752)
[BIGPRIM] code=0x3c tp=0x28 span=2148x691 at(-1718,1414)
[BIGPRIM] code=0x3c tp=0x28 span=1365x1251 at(856,822)
[BIGPRIM] code=0x3c tp=0x28 span=2145x925 at(40,1173)
[BIGPRIM] code=0x3c tp=0x28 span=1614x1070 at(-1412,739)
[BIGPRIM] code=0x3a tp=0xa span=1020x770 at(130,-25)
[BIGPRIM] code=0x3a tp=0xa span=1020x770 at(130,-25)
[BIGPRIM] code=0x3c tp=0x28 span=2058x1064 at(319,1028)
[BIGPRIM] code=0x3c tp=0x28 span=2127x52 at(-1070,2066)
[BIGPRIM] code=0x3c tp=0x28 span=1473x1154 at(-80,925)
[BIGPRIM] code=0x3c tp=0x28 span=1566x814 at(-1004,1272)
[BIGPRIM] code=0x3c tp=0x28 span=1329x1093 at(-815,797)
[BIGPRIM] code=0x3c tp=0x28 span=1734x1097 at(-686,989)
[BIGPRIM] code=0x3c tp=0x28 span=771x1032 at(205,745)
[BIGPRIM] code=0x3c tp=0x28 span=2055x820 at(-1280,1285)
[BIGPRIM] code=0x3c tp=0x28 span=2061x45 at(-182,2079)
[BIGPRIM] code=0x3c tp=0x28 span=1848x1179 at(-1070,900)
[BIGPRIM] code=0x3c tp=0x28 span=2064x1090 at(-1436,1002)
[BIGPRIM] code=0x3c tp=0x28 span=2088x945 at(-1730,1153)
[BIGPRIM] code=0x3c tp=0x28 span=1470x1209 at(373,864)
[BIGPRIM] code=0x3c tp=0x28 span=1512x1208 at(391,858)
[BIGPRIM] code=0x3c tp=0x2c span=1398x1170 at(3010,-1468)
[BIGPRIM] code=0x3c tp=0x28 span=1743x485 at(532,1613)
[BIGPRIM] code=0x3c tp=0x28 span=1443x1163 at(-632,916)
[BIGPRIM] code=0x3c tp=0x28 span=1959x45 at(-626,2079)
[BIGPRIM] code=0x3c tp=0x28 span=1962x45 at(811,2073)
[BIGPRIM] code=0x3c tp=0x28 span=849x1029 at(352,758)
[BIGPRIM] code=0x3c tp=0x28 span=1068x929 at(802,745)
[BIGPRIM] code=0x3c tp=0x28 span=1857x45 at(94,2073)
[BIGPRIM] code=0x3c tp=0x2c span=1122x1060 at(2944,-1015)
[SH-XBOX] vblank 30000
[MEM] tick: free=2232KB (558 pages)
[BIGPRIM] code=0x3c tp=0x2c span=1236x1041 at(3091,-1211)
[BIGPRIM] code=0x3c tp=0x28 span=1911x1009 at(-1589,816)
[BIGPRIM] code=0x3c tp=0x28 span=1350x939 at(745,806)
[BIGPRIM] code=0x3c tp=0x2c span=1536x1022 at(2941,-961)
[BIGPRIM] code=0x3c tp=0x2c span=1242x1176 at(3034,-1285)
[BIGPRIM] code=0x3a tp=0xa span=1020x770 at(130,-25)
[BIGPRIM] code=0x3c tp=0x28 span=1878x1147 at(775,932)
[BIGPRIM] code=0x3c tp=0x2c span=1698x1299 at(2860,-1356)
[BIGPRIM] code=0x3c tp=0x2c span=1002x862 at(3208,-1700)
[BIGPRIM] code=0x3a tp=0xa span=1020x770 at(130,-25)
[BIGPRIM] code=0x3c tp=0x2c span=2208x1472 at(2605,-1533)
[BIGPRIM] code=0x3c tp=0x2c span=1698x1607 at(2860,-1880)
[BIGPRIM] code=0x3c tp=0x28 span=1080x791 at(-194,793)
[BIGPRIM] code=0x3c tp=0x28 span=1281x1003 at(-350,822)
[BIGPRIM] code=0x3c tp=0x28 span=1716x1167 at(733,906)
[BIGPRIM] code=0x3c tp=0x28 span=1848x45 at(-1346,2079)
[BIGPRIM] code=0x3c tp=0x37 span=726x883 at(844,-1198)
[BIGPRIM] code=0x3a tp=0xa span=1020x770 at(130,-25)
[BIGPRIM] code=0x3c tp=0x28 span=1062x730 at(898,726)
[BIGPRIM] code=0x3c tp=0x28 span=1443x1270 at(-1082,803)
[BIGPRIM] code=0x3c tp=0x28 span=1725x1074 at(-722,1018)
[SPAWN-FIRE?] slot=14 allPass! npcFlags=0x4 flagsId=3 full=0 vblanks=1 ABOUT TO TRY SPAWN
[SPAWN-FIRE!] slot=14 gates passed â†’ entering spawn block, npcIdx will be assigned
[SPAWN] slot=14 -> npc[0] charaId=2 stateStep=6 pos=(4,232)
[SFX] Sd_PlaySfx: sfxId=1321 (Sfx_Base+41) vol=0
[BIGPRIM] code=0x3c tp=0x28 span=1815x974 at(-722,1118)
[BIGPRIM] code=0x3a tp=0xa span=1020x770 at(130,-25)
[SFX] Sd_PlaySfx: sfxId=1382 (Sfx_Base+102) vol=250
[BIGPRIM] code=0x3c tp=0x28 span=918x816 at(-344,736)
[BIGPRIM] code=0x3a tp=0xa span=1020x770 at(130,-25)
[BIGPRIM] code=0x3c tp=0x28 span=2343x1183 at(1024,883)
[SFX] Sd_PlaySfx: sfxId=1382 (Sfx_Base+102) vol=249
[BIGPRIM] code=0x3c tp=0x37 span=639x730 at(-110,-1051)
[BIGPRIM] code=0x3c tp=0x28 span=1587x1176 at(520,903)
[SFX] Sd_PlaySfx: sfxId=1382 (Sfx_Base+102) vol=248
[BIGPRIM] code=0x3a tp=0xa span=1020x770 at(130,-25)
[BIGPRIM] code=0x3c tp=0x28 span=1512x829 at(-908,1263)
[BIGPRIM] code=0x3c tp=0x37 span=1716x1270 at(397,-2931)
[SFX] Sd_PlaySfx: sfxId=1382 (Sfx_Base+102) vol=246
[BIGPRIM] code=0x3c tp=0x37 span=1122x816 at(-968,-1163)
[BIGPRIM] code=0x3c tp=0x28 span=1869x45 at(-1046,2066)
[BIGPRIM] code=0x3c tp=0x2c span=870x803 at(3274,-768)
[BIGPRIM] code=0x3c tp=0x2c span=1104x1022 at(3157,-1407)
[SFX] Sd_PlaySfx: sfxId=1382 (Sfx_Base+102) vol=245
[BIGPRIM] code=0x3c tp=0x2c span=1608x1433 at(2905,-1992)
[BIGPRIM] code=0x3c tp=0x2c span=1014x674 at(2548,-610)
[BIGPRIM] code=0x3c tp=0x2c span=1200x1068 at(3109,-1530)
[BIGPRIM] code=0x3c tp=0x37 span=1518x1202 at(385,877)
[BIGPRIM] code=0x3c tp=0x2c span=1026x868 at(3016,-954)
[BIGPRIM] code=0x3c tp=0x2c span=1320x1177 at(3049,-1726)
[BIGPRIM] code=0x3c tp=0x37 span=2055x1160 at(-1286,-2931)
[SFX] Sd_PlaySfx: sfxId=1382 (Sfx_Base+102) vol=243
[BIGPRIM] code=0x3c tp=0x2c span=1278x976 at(3070,-938)
[BIGPRIM] code=0x3c tp=0x2c span=1566x1311 at(2926,-1854)
[BIGPRIM] code=0x3c tp=0x37 span=2055x350 at(-1292,-2931)
[BIGPRIM] code=0x3c tp=0x2c span=1008x932 at(3205,-1372)
[BIGPRIM] code=0x3c tp=0x2c span=1536x1453 at(2941,-1665)
[BIGPRIM] code=0x3c tp=0x37 span=2055x1495 at(88,-2931)
[CHNK] n=4 s0=-1,5,st3 s1=-1,4,st3 s2=0,5,st3 s3=0,4,st3
[BIGPRIM] code=0x3c tp=0x2c span=858x733 at(3280,-1401)
[BIGPRIM] code=0x3c tp=0x2c span=1224x1047 at(3097,-1992)
[SFX] Sd_PlaySfx: sfxId=1382 (Sfx_Base+102) vol=241
[BIGPRIM] code=0x3c tp=0x2c span=936x860 at(3241,-851)
[BIGPRIM] code=0x3c tp=0x2c span=1902x1608 at(2758,-1890)
[BIGPRIM] code=0x3c tp=0x2c span=1104x751 at(3157,-732)
[BIGPRIM] code=0x3c tp=0x37 span=1119x1285 at(685,781)
[BIGPRIM] code=0x3c tp=0x37 span=1224x917 at(1096,748)
[BIGPRIM] code=0x3c tp=0x37 span=963x1434 at(-275,-1729)
[SFX] Sd_PlaySfx: sfxId=1382 (Sfx_Base+102) vol=239
[BIGPRIM] code=0x3c tp=0x37 span=1851x1006 at(670,1080)
[BIGPRIM] code=0x3c tp=0x37 span=1749x1636 at(646,-2712)
[BIGPRIM] code=0x3c tp=0x37 span=1743x1016 at(-872,-2931)
[BIGPRIM] code=0x3c tp=0x37 span=1521x1218 at(-878,848)
[BIGPRIM] code=0x3c tp=0x37 span=1746x964 at(649,-2706)
[BIGPRIM] code=0x3c tp=0x37 span=1743x501 at(-872,-2931)
[SFX] Sd_PlaySfx: sfxId=1382 (Sfx_Base+102) vol=237
[BIGPRIM] code=0x3c tp=0x37 span=648x739 at(-92,-951)
[BIGPRIM] code=0x3a tp=0xa span=1020x770 at(130,-25)
[BIGPRIM] code=0x3c tp=0x37 span=1743x39 at(-872,2079)
[BIGPRIM] code=0x3c tp=0x37 span=1743x39 at(-872,2079)
[BIGPRIM] code=0x3c tp=0x37 span=648x826 at(532,-1009)
[BIGPRIM] code=0x3c tp=0x37 span=717x968 at(520,-1176)
[SFX] Sd_PlaySfx: sfxId=1382 (Sfx_Base+102) vol=234
[BIGPRIM] code=0x3c tp=0x37 span=981x682 at(889,-919)
[BIGPRIM] code=0x3c tp=0x37 span=1608x1121 at(-953,-2712)
[BIGPRIM] code=0x3c tp=0x37 span=1029x1408 at(-413,-1742)
[BIGPRIM] code=0x3c tp=0x37 span=1002x482 at(-644,710)
[SFX] Sd_PlaySfx: sfxId=1382 (Sfx_Base+102) vol=230
[BIGPRIM] code=0x3c tp=0x37 span=1746x45 at(-1532,2073)
[BIGPRIM] code=0x3c tp=0x37 span=1476x1205 at(40,861)
[BIGPRIM] code=0x3a tp=0xa span=1020x770 at(130,-25)
[BIGPRIM] code=0x3a tp=0xa span=1020x770 at(130,-25)
[BIGPRIM] code=0x3c tp=0x37 span=2061x1218 at(-1742,848)
[SFX] Sd_PlaySfx: sfxId=1382 (Sfx_Base+102) vol=223
[BIGPRIM] code=0x3c tp=0x37 span=1977x881 at(994,1211)
[BIGPRIM] code=0x3c tp=0x37 span=993x422 at(1045,703)
[BIGPRIM] code=0x3c tp=0x37 span=1464x781 at(-1133,771)
[BIGPRIM] code=0x3c tp=0x37 span=1179x601 at(-827,742)
[BIGPRIM] code=0x3c tp=0x37 span=1857x994 at(-1658,1092)
[SFX] Sd_PlaySfx: sfxId=1382 (Sfx_Base+102) vol=212
[BIGPRIM] code=0x3c tp=0x37 span=921x938 at(-539,-1240)
[BIGPRIM] code=0x3c tp=0x37 span=1440x1218 at(-134,855)
[SFX] Sd_PlaySfx: sfxId=1382 (Sfx_Base+102) vol=196
[BIGPRIM] code=0x3c tp=0x37 span=1599x655 at(16,1443)
[BIGPRIM] code=0x3c tp=0x37 span=1005x1289 at(772,-1526)
[SFX] Sd_PlaySfx: sfxId=1378 (Sfx_Base+98) vol=191
[BIGPRIM] code=0x3c tp=0x37 span=1515x1581 at(94,-2931)
[BIGPRIM] code=0x3c tp=0x37 span=1275x727 at(-881,761)
[BIGPRIM] code=0x3c tp=0x37 span=1647x1456 at(-1424,-2931)
[BIGPRIM] code=0x3a tp=0xa span=1020x770 at(130,-25)
[SFX] Sd_PlaySfx: sfxId=1382 (Sfx_Base+102) vol=176
[BIGPRIM] code=0x3c tp=0x37 span=705x1102 at(253,-1362)
[BIGPRIM] code=0x3c tp=0x37 span=1152x1334 at(-746,-1716)
[BIGPRIM] code=0x3c tp=0x37 span=1515x1041 at(100,1038)
[BIGPRIM] code=0x3c tp=0x37 span=1671x1569 at(-1418,-2931)
[BIGPRIM] code=0x3a tp=0xa span=1020x770 at(130,-25)
[BIGPRIM] code=0x3c tp=0x37 span=705x1102 at(253,-1362)
[SFX] Sd_PlaySfx: sfxId=1382 (Sfx_Base+102) vol=146
[BIGPRIM] code=0x3c tp=0x37 span=1152x1334 at(-746,-1716)
[BIGPRIM] code=0x3c tp=0x37 span=1515x1041 at(100,1038)
[BIGPRIM] code=0x3c tp=0x37 span=1671x1569 at(-1418,-2931)
[BIGPRIM] code=0x3a tp=0xa span=1020x770 at(130,-25)
[BIGPRIM] code=0x3c tp=0x37 span=705x1102 at(253,-1362)
[BIGPRIM] code=0x3c tp=0x37 span=1152x1334 at(-746,-1716)
[SFX] Sd_PlaySfx: sfxId=1382 (Sfx_Base+102) vol=102
[BIGPRIM] code=0x3c tp=0x37 span=1515x1041 at(100,1038)
[BIGPRIM] code=0x3c tp=0x37 span=1671x1569 at(-1418,-2931)
[BIGPRIM] code=0x3a tp=0xa span=1020x770 at(130,-25)
[BIGPRIM] code=0x3c tp=0x37 span=705x1102 at(253,-1362)
[BIGPRIM] code=0x3a tp=0xa span=1020x770 at(130,-25)
[SFX] Sd_PlaySfx: sfxId=1379 (Sfx_Base+99) vol=46
[BIGPRIM] code=0x3c tp=0x37 span=1152x1334 at(-746,-1716)
[BIGPRIM] code=0x3c tp=0x5c span=774x732 at(763,-1002)
[SFX] Sd_PlaySfx: sfxId=1382 (Sfx_Base+102) vol=20
[BIGPRIM] code=0x3c tp=0x37 span=2199x1119 at(940,954)
[BIGPRIM] code=0x3c tp=0x37 span=1698x939 at(-1418,1147)
[BIGPRIM] code=0x3c tp=0x28 span=1743x45 at(100,2073)
[SFX] Sd_PlaySfx: sfxId=1327 (Sfx_Base+47) vol=191
[SFX] Sd_PlaySfx: sfxId=1316 (Sfx_Base+36) vol=0
[BIGPRIM] code=0x3c tp=0x37 span=690x749 at(748,-890)
[BIGPRIM] code=0x3c tp=0x37 span=2208x1128 at(937,945)
[BIGPRIM] code=0x3c tp=0x28 span=1746x39 at(-1418,2079)
[BIGPRIM] code=0x3c tp=0x37 span=2220x1161 at(919,912)
[BIGPRIM] code=0x3a tp=0xa span=1020x770 at(130,-25)
[BIGPRIM] code=0x3c tp=0x37 span=1515x1096 at(100,983)
[BIGPRIM] code=0x3c tp=0x37 span=678x732 at(748,-867)
[BIGPRIM] code=0x3c tp=0x37 span=1728x1006 at(-1418,1080)
[SFX] Sd_PlaySfx: sfxId=1382 (Sfx_Base+102) vol=87
[BIGPRIM] code=0x3c tp=0x37 span=645x968 at(289,-1202)
[BIGPRIM] code=0x3c tp=0x28 span=1743x45 at(100,2073)
[BIGPRIM] code=0x3c tp=0x37 span=1719x1090 at(-1340,989)
[SFX] Sd_PlaySfx: sfxId=1382 (Sfx_Base+102) vol=126
[BIGPRIM] code=0x3c tp=0x37 span=1116x412 at(-929,700)
[BIGPRIM] code=0x3c tp=0x28 span=1746x58 at(643,2053)
[SFX] Sd_PlaySfx: sfxId=1382 (Sfx_Base+102) vol=160
[BIGPRIM] code=0x3c tp=0x37 span=1497x871 at(-350,1002)
[BIGPRIM] code=0x3c tp=0x37 span=2337x733 at(1018,922)
[BIGPRIM] code=0x3c tp=0x2c span=942x791 at(3238,-935)
[BIGPRIM] code=0x3a tp=0xa span=1020x770 at(130,-25)
[SFX] Sd_PlaySfx: sfxId=1382 (Sfx_Base+102) vol=171
[BIGPRIM] code=0x3c tp=0x37 span=1338x832 at(-836,797)
[BIGPRIM] code=0x3c tp=0x37 span=1299x900 at(730,774)
[SFX] Sd_PlaySfx: sfxId=1382 (Sfx_Base+102) vol=178
[BIGPRIM] code=0x3c tp=0x37 span=1686x658 at(-11,900)
[BIGPRIM] code=0x3c tp=0x37 span=2184x466 at(1015,1131)
[BIGPRIM] code=0x3c tp=0x37 span=873x1170 at(1027,-1459)
[BIGPRIM] code=0x3c tp=0x37 span=894x1234 at(967,-1542)
[BIGPRIM] code=0x3c tp=0x37 span=759x1398 at(-269,-1729)
[BIGPRIM] code=0x3c tp=0x37 span=1872x820 at(-656,1073)
[SFX] Sd_PlaySfx: sfxId=1381 (Sfx_Base+101) vol=171
[BIGPRIM] code=0x3c tp=0x37 span=621x955 at(43,-1157)
[BIGPRIM] code=0x3a tp=0xa span=1020x770 at(130,-25)
[BIGPRIM] code=0x3c tp=0x37 span=1305x1103 at(-686,848)
[SFX] Sd_PlaySfx: sfxId=1381 (Sfx_Base+101) vol=147
[BIGPRIM] code=0x3c tp=0x37 span=933x729 at(598,765)
[BIGPRIM] code=0x3c tp=0x37 span=1659x794 at(-56,1073)
[BIGPRIM] code=0x3a tp=0xa span=1020x770 at(130,-25)
[BIGPRIM] code=0x3c tp=0x37 span=462x774 at(682,-822)
[SFX] Sd_PlaySfx: sfxId=1381 (Sfx_Base+101) vol=141
[BIGPRIM] code=0x3c tp=0x37 span=2082x832 at(-1883,964)
[BIGPRIM] code=0x3c tp=0x37 span=2163x727 at(-974,1179)
[BIGPRIM] code=0x3c tp=0x37 span=1344x1041 at(-974,858)
[SFX] Sd_PlaySfx: sfxId=1381 (Sfx_Base+101) vol=136
[BIGPRIM] code=0x3c tp=0x37 span=609x916 at(-134,-1115)
[BIGPRIM] code=0x3a tp=0xa span=1020x770 at(130,-25)
[BIGPRIM] code=0x3c tp=0x37 span=639x932 at(817,-1134)
[BIGPRIM] code=0x3a tp=0xa span=1020x770 at(130,-25)
[SFX] Sd_PlaySfx: sfxId=1381 (Sfx_Base+101) vol=128
[BIGPRIM] code=0x3c tp=0x37 span=1245x835 at(736,961)
[BIGPRIM] code=0x3c tp=0x37 span=1917x861 at(-1046,980)
[BIGPRIM] code=0x3c tp=0x37 span=2145x424 at(-680,-2931)
[BIGPRIM] code=0x3a tp=0xa span=1020x770 at(130,-25)
[SFX] Sd_PlaySfx: sfxId=1381 (Sfx_Base+101) vol=122
[BIGPRIM] code=0x3c tp=0x37 span=2148x826 at(-1916,1105)
[BIGPRIM] code=0x3c tp=0x37 span=519x736 at(232,-893)
[BIGPRIM] code=0x3c tp=0x37 span=1053x984 at(283,883)
[BIGPRIM] code=0x3c tp=0x37 span=942x1543 at(-581,-1841)
[SFX] Sd_PlaySfx: sfxId=1381 (Sfx_Base+101) vol=111
[BIGPRIM] code=0x3c tp=0x28 span=2196x823 at(679,1089)
[SFX] Sd_PlaySfx: sfxId=1283 (Sfx_Base+3) vol=0
[SFX] Sd_PlaySfx: sfxId=1286 (Sfx_Base+6) vol=30
[BIGPRIM] code=0x3a tp=0xa span=1020x770 at(130,-25)
[SFX] Sd_PlaySfx: sfxId=1377 (Sfx_Base+97) vol=27
[BIGPRIM] code=0x3c tp=0x37 span=591x803 at(-230,-970)
[SFX] Sd_PlaySfx: sfxId=1377 (Sfx_Base+97) vol=26
[BIGPRIM] code=0x3a tp=0xa span=1020x770 at(130,-25)
[SFX] Sd_PlaySfx: sfxId=1381 (Sfx_Base+101) vol=108
[BIGPRIM] code=0x3c tp=0x28 span=2169x813 at(-494,1099)
[BIGPRIM] code=0x3c tp=0x28 span=1806x772 at(-320,999)
[BIGPRIM] code=0x3c tp=0x37 span=1077x64 at(-458,-2931)
[BIGPRIM] code=0x3c tp=0x37 span=1425x1215 at(-1145,-1530)
[BIGPRIM] code=0x3c tp=0x37 span=621x1232 at(313,-1485)
[BIGPRIM] code=0x3a tp=0xa span=1020x770 at(130,-25)
[BIGPRIM] code=0x3c tp=0x37 span=249x1009 at(667,-1430)
[BIGPRIM] code=0x3c tp=0x28 span=2169x443 at(-236,1385)
[SFX] Sd_PlaySfx: sfxId=1381 (Sfx_Base+101) vol=128
[BIGPRIM] code=0x3c tp=0x37 span=1377x897 at(-1088,-2931)
[BIGPRIM] code=0x3c tp=0x37 span=213x1494 at(-26,-1427)
[BIGPRIM] code=0x3c tp=0x28 span=1005x1029 at(-200,864)
[SFX] Sd_PlaySfx: sfxId=1283 (Sfx_Base+3) vol=0
[SFX] Sd_PlaySfx: sfxId=1286 (Sfx_Base+6) vol=35
[BIGPRIM] code=0x3c tp=0x28 span=1209x1096 at(712,835)
[SFX] Sd_PlaySfx: sfxId=1377 (Sfx_Base+97) vol=41
[SFX] Sd_PlaySfx: sfxId=1377 (Sfx_Base+97) vol=33
[BIGPRIM] code=0x3c tp=0x28 span=933x913 at(-311,813)
[BIGPRIM] code=0x3c tp=0x37 span=444x948 at(136,-1340)
[SFX] Sd_PlaySfx: sfxId=1283 (Sfx_Base+3) vol=0
[BIGPRIM] code=0x3c tp=0x37 span=444x948 at(136,-1343)
[SFX] Sd_PlaySfx: sfxId=1382 (Sfx_Base+102) vol=40
[BIGPRIM] code=0x3c tp=0x37 span=447x955 at(136,-1353)
[SH-XBOX] vblank 30600
[MEM] tick: free=2232KB (558 pages)
[BIGPRIM] code=0x3c tp=0x28 span=2169x511 at(262,1324)
[SFX] Sd_PlaySfx: sfxId=1283 (Sfx_Base+3) vol=0
[SFX] Sd_PlaySfx: sfxId=1382 (Sfx_Base+102) vol=0
[BIGPRIM] code=0x3c tp=0x37 span=471x936 at(73,-1324)
[BIGPRIM] code=0x3c tp=0x28 span=831x1105 at(463,826)
[BIGPRIM] code=0x3c tp=0x37 span=876x983 at(-368,-1600)
[SFX] Sd_PlaySfx: sfxId=1382 (Sfx_Base+102) vol=32
[BIGPRIM] code=0x3c tp=0x37 span=276x804 at(493,-1115)
[BIGPRIM] code=0x3c tp=0x5c span=1848x1311 at(1861,-1896)
[BIGPRIM] code=0x3c tp=0x37 span=1212x839 at(-803,816)
[SFX] Sd_PlaySfx: sfxId=1382 (Sfx_Base+102) vol=87
[BIGPRIM] code=0x3a tp=0xa span=1020x770 at(130,-25)
[BIGPRIM] code=0x3c tp=0x37 span=1749x293 at(-878,1118)
[BIGPRIM] code=0x3c tp=0x37 span=1752x1453 at(835,-2500)
[SFX] Sd_PlaySfx: sfxId=1382 (Sfx_Base+102) vol=139
[BIGPRIM] code=0x3c tp=0x37 span=1527x93 at(-116,1269)
[BIGPRIM] code=0x3c tp=0x37 span=1713x270 at(-14,1160)
[BIGPRIM] code=0x3a tp=0xa span=1020x770 at(130,-25)
[SFX] Sd_PlaySfx: sfxId=1382 (Sfx_Base+102) vol=174
[BIGPRIM] code=0x3c tp=0x37 span=2127x263 at(-1184,1205)
[BIGPRIM] code=0x3a tp=0xa span=1020x770 at(130,-25)
[SFX] Sd_PlaySfx: sfxId=1382 (Sfx_Base+102) vol=190
[BIGPRIM] code=0x3c tp=0x37 span=147x1211 at(1132,360)
[BIGPRIM] code=0x3c tp=0x37 span=2049x356 at(-746,1247)
[BIGPRIM] code=0x3c tp=0x37 span=180x1262 at(1021,-1166)
[SFX] Sd_PlaySfx: sfxId=1382 (Sfx_Base+102) vol=199
[BIGPRIM] code=0x3c tp=0x37 span=2049x588 at(-584,1105)
[BIGPRIM] code=0x3c tp=0x37 span=1146x894 at(547,793)
[SFX] Sd_PlaySfx: sfxId=1382 (Sfx_Base+102) vol=208
[BIGPRIM] code=0x3a tp=0xa span=1020x770 at(130,-25)
[BIGPRIM] code=0x3c tp=0x37 span=1107x450 at(-935,736)
[SFX] Sd_PlaySfx: sfxId=1382 (Sfx_Base+102) vol=221
[BIGPRIM] code=0x3c tp=0x37 span=525x916 at(364,-1157)
[BIGPRIM] code=0x3c tp=0x37 span=1116x1440 at(901,-1835)
[BIGPRIM] code=0x3c tp=0x37 span=534x984 at(334,-1237)
[SFX] Sd_PlaySfx: sfxId=1382 (Sfx_Base+102) vol=229
[BIGPRIM] code=0x3a tp=0xa span=1020x770 at(130,-25)
[BIGPRIM] code=0x3c tp=0x28 span=1131x594 at(1120,707)
[BIGPRIM] code=0x3c tp=0x28 span=1260x730 at(1105,729)
[SFX] Sd_PlaySfx: sfxId=1382 (Sfx_Base+102) vol=233
[BIGPRIM] code=0x3c tp=0x37 span=858x1527 at(-257,-1870)
[BIGPRIM] code=0x3c tp=0x37 span=1332x1150 at(-752,826)
[SFX] Sd_PlaySfx: sfxId=1382 (Sfx_Base+102) vol=231
[CHNK] n=4 s0=-1,5,st3 s1=-1,4,st3 s2=0,5,st3 s3=0,4,st3
[BIGPRIM] code=0x3c tp=0x37 span=624x1160 at(388,-1452)
[BIGPRIM] code=0x3c tp=0x37 span=738x942 at(-374,-1195)
[BIGPRIM] code=0x3c tp=0x37 span=1545x1379 at(1114,-1922)
[SFX] Sd_PlaySfx: sfxId=1382 (Sfx_Base+102) vol=231
[BIGPRIM] code=0x3a tp=0xa span=1020x770 at(130,-25)
[BIGPRIM] code=0x3c tp=0x37 span=1605x1003 at(97,935)
[SFX] Sd_PlaySfx: sfxId=1382 (Sfx_Base+102) vol=234
[BIGPRIM] code=0x3c tp=0x37 span=2124x335 at(-1598,1616)
[BIGPRIM] code=0x3c tp=0x37 span=1122x1173 at(-320,810)
[SFX] Sd_PlaySfx: sfxId=1382 (Sfx_Base+102) vol=237
[BIGPRIM] code=0x3c tp=0x28 span=2220x993 at(865,996)
[BIGPRIM] code=0x3a tp=0xa span=1020x770 at(130,-25)
[BIGPRIM] code=0x3c tp=0x28 span=2124x617 at(961,1353)
[SFX] Sd_PlaySfx: sfxId=1382 (Sfx_Base+102) vol=240
[BIGPRIM] code=0x3c tp=0x37 span=549x926 at(307,-1176)
[BIGPRIM] code=0x3c tp=0x37 span=2145x462 at(-1184,1501)
[SFX] Sd_PlaySfx: sfxId=1382 (Sfx_Base+102) vol=243
[BIGPRIM] code=0x3a tp=0xa span=1020x770 at(130,-25)
[BIGPRIM] code=0x3c tp=0x28 span=2145x697 at(94,1279)
[SFX] Sd_PlaySfx: sfxId=1382 (Sfx_Base+102) vol=246
[BIGPRIM] code=0x3c tp=0x37 span=597x945 at(16,-1198)
[BIGPRIM] code=0x3c tp=0x28 span=1296x1112 at(601,851)
[SFX] Sd_PlaySfx: sfxId=1382 (Sfx_Base+102) vol=248
[BIGPRIM] code=0x3a tp=0xa span=1020x770 at(130,-25)
[BIGPRIM] code=0x3c tp=0x37 span=741x952 at(-374,-1205)
[SFX] Sd_PlaySfx: sfxId=1382 (Sfx_Base+102) vol=250
[BIGPRIM] code=0x3c tp=0x28 span=2145x730 at(544,1253)
[BIGPRIM] code=0x3c tp=0x37 span=45x1328 at(214,-1758)
[SFX] Sd_PlaySfx: sfxId=1382 (Sfx_Base+102) vol=251
[BIGPRIM] code=0x3c tp=0x28 span=2130x418 at(-1586,1539)
[BIGPRIM] code=0x3a tp=0xa span=1020x770 at(130,-25)
[SFX] Sd_PlaySfx: sfxId=1382 (Sfx_Base+102) vol=252
[BIGPRIM] code=0x3c tp=0x28 span=2127x431 at(-302,1526)
[SFX] Sd_PlaySfx: sfxId=1382 (Sfx_Base+102) vol=253
[BIGPRIM] code=0x3c tp=0x28 span=1740x945 at(-767,1038)
[BIGPRIM] code=0x3c tp=0x28 span=1494x1045 at(322,906)
[SFX] Sd_PlaySfx: sfxId=1382 (Sfx_Base+102) vol=252
[BIGPRIM] code=0x3c tp=0x28 span=1833x993 at(-8,996)
[BIGPRIM] code=0x3a tp=0xa span=1020x770 at(130,-25)
[BIGPRIM] code=0x3c tp=0x28 span=1419x1122 at(-986,848)
[SFX] Sd_PlaySfx: sfxId=1381 (Sfx_Base+101) vol=252
[BIGPRIM] code=0x3c tp=0x28 span=1029x537 at(-860,723)
[BIGPRIM] code=0x3c tp=0x28 span=1320x839 at(1123,758)
[BIGPRIM] code=0x3c tp=0x28 span=2178x987 at(709,1002)
[SFX] Sd_PlaySfx: sfxId=1382 (Sfx_Base+102) vol=252
[BIGPRIM] code=0x3a tp=0xa span=1020x770 at(130,-25)
[BIGPRIM] code=0x3a tp=0xa span=1020x770 at(130,-25)
[SFX] Sd_PlaySfx: sfxId=1382 (Sfx_Base+102) vol=253
[BIGPRIM] code=0x3c tp=0x28 span=1032x1183 at(664,806)
[SFX] Sd_PlaySfx: sfxId=1382 (Sfx_Base+102) vol=253
[BIGPRIM] code=0x3a tp=0xa span=1020x770 at(130,-25)
[BIGPRIM] code=0x3c tp=0x28 span=1566x1122 at(-1298,848)
[SFX] Sd_PlaySfx: sfxId=1382 (Sfx_Base+102) vol=254
[BIGPRIM] code=0x3c tp=0x28 span=1137x1189 at(766,800)
[SFX] Sd_PlaySfx: sfxId=1382 (Sfx_Base+102) vol=254
[BIGPRIM] code=0x3a tp=0xa span=1020x770 at(130,-25)
[BIGPRIM] code=0x3c tp=0x28 span=1443x977 at(616,999)
[SFX] Sd_PlaySfx: sfxId=1382 (Sfx_Base+102) vol=255
[BIGPRIM] code=0x3a tp=0xa span=1020x770 at(130,-25)
[SFX] Sd_PlaySfx: sfxId=1382 (Sfx_Base+102) vol=255
[BIGPRIM] code=0x3c tp=0x28 span=2214x1154 at(1111,835)
[SFX] Sd_PlaySfx: sfxId=1382 (Sfx_Base+102) vol=255
[BIGPRIM] code=0x3c tp=0x28 span=996x369 at(1129,707)
[BIGPRIM] code=0x3c tp=0x28 span=1929x787 at(-1202,1157)
[BIGPRIM] code=0x3c tp=0x28 span=1446x1073 at(757,916)
[SFX] Sd_PlaySfx: sfxId=1382 (Sfx_Base+102) vol=255
[BIGPRIM] code=0x3c tp=0x28 span=1329x1090 at(-446,880)
[RA] watch 84008: state=2 unlocked=1786116799 flags[4B4]=00 flags[4A1]=00 word4=0x00040000 setbits=51 map=10/3
[BIGPRIM] code=0x3c tp=0x28 span=1587x983 at(-626,993)
[SFX] Sd_PlaySfx: sfxId=1382 (Sfx_Base+102) vol=255
[BIGPRIM] code=0x3a tp=0xa span=1020x770 at(130,-25)
[BIGPRIM] code=0x3c tp=0x28 span=1533x833 at(-104,1118)
[BIGPRIM] code=0x3a tp=0xa span=1020x770 at(130,-25)
[BIGPRIM] code=0x3c tp=0x28 span=2448x1087 at(997,909)
[BIGPRIM] code=0x3c tp=0x28 span=2037x614 at(-1244,1369)
[BIGPRIM] code=0x3c tp=0x28 span=693x733 at(280,748)
[BIGPRIM] code=0x3c tp=0x28 span=1074x650 at(-833,732)
[BIGPRIM] code=0x3c tp=0x28 span=1716x980 at(-1187,951)
[BIGPRIM] code=0x3c tp=0x28 span=1254x1039 at(643,912)
[BIGPRIM] code=0x3c tp=0x28 span=2067x238 at(82,1719)
[BIGPRIM] code=0x3c tp=0x28 span=861x920 at(55,793)
[BIGPRIM] code=0x3a tp=0xa span=1020x770 at(130,-25)
[BIGPRIM] code=0x3c tp=0x28 span=1125x807 at(-14,835)
[BIGPRIM] code=0x3c tp=0x28 span=1215x945 at(-17,842)
[BIGPRIM] code=0x3c tp=0x28 span=1782x1087 at(-1442,909)
[BIGPRIM] code=0x3c tp=0x28 span=2007x620 at(268,1369)
[BIGPRIM] code=0x3c tp=0x28 span=996x1157 at(265,826)
[BIGPRIM] code=0x3c tp=0x28 span=2160x794 at(709,1182)
[BIGPRIM] code=0x3c tp=0x28 span=978x1154 at(226,829)
[BIGPRIM] code=0x3c tp=0x28 span=2097x678 at(-884,1298)
[BIGPRIM] code=0x3c tp=0x28 span=2049x614 at(-692,1369)
[BIGPRIM] code=0x3c tp=0x2c span=1878x1601 at(2770,-1867)
[BIGPRIM] code=0x3c tp=0x2c span=918x790 at(3250,-1497)
[BIGPRIM] code=0x3a tp=0xa span=1020x770 at(130,-25)
[BIGPRIM] code=0x3c tp=0x2c span=1746x1337 at(2836,-1385)
[BIGPRIM] code=0x3c tp=0x2c span=1518x1402 at(2950,-1575)
[BIGPRIM] code=0x3c tp=0x2c span=1524x1209 at(2947,-2195)
[BIGPRIM] code=0x3c tp=0x2c span=1632x1293 at(2893,-2385)
[BIGPRIM] code=0x3c tp=0x2c span=1710x1582 at(2854,-2343)
[BIGPRIM] code=0x3c tp=0x2c span=1920x1523 at(2749,-2873)
[BIGPRIM] code=0x3c tp=0x2c span=1044x964 at(2824,-1401)
[BIGPRIM] code=0x3c tp=0x2c span=1392x1196 at(3013,-2491)
[BIGPRIM] code=0x3c tp=0x2c span=1920x1524 at(2749,-2886)
[BIGPRIM] code=0x3a tp=0xa span=1020x770 at(130,-25)
[BIGPRIM] code=0x3c tp=0x2c span=1092x868 at(3163,-1639)
[BIGPRIM] code=0x3c tp=0x2c span=1908x1305 at(2755,-1523)
[BIGPRIM] code=0x3c tp=0x2c span=1212x1119 at(3103,-1350)
[BIGPRIM] code=0x3c tp=0x28 span=1959x51 at(142,2086)
[BIGPRIM] code=0x3c tp=0x28 span=1959x52 at(-1298,2079)
[BIGPRIM] code=0x3c tp=0x28 span=1686x1247 at(931,826)
[BIGPRIM] code=0x3c tp=0x28 span=1962x51 at(655,2073)
[BIGPRIM] code=0x3c tp=0x28 span=1554x1045 at(1069,1047)
[BIGPRIM] code=0x3c tp=0x28 span=1464x1099 at(-266,993)
[BIGPRIM] code=0x3c tp=0x28 span=2154x1122 at(-1712,970)
[BIGPRIM] code=0x3c tp=0x28 span=2049x929 at(-1712,1176)
[BIGPRIM] code=0x3c tp=0x28 span=1443x1158 at(256,928)
[BIGPRIM] code=0x3c tp=0x28 span=1962x51 at(-1706,2073)
[BIGPRIM] code=0x3c tp=0x28 span=1341x1285 at(490,781)
[BIGPRIM] code=0x3c tp=0x28 span=1362x1224 at(97,855)
[BIGPRIM] code=0x3a tp=0xa span=1020x770 at(130,-25)
[SH-XBOX] vblank 31200
[MEM] tick: free=2232KB (558 pages)
[BIGPRIM] code=0x3c tp=0x28 span=1782x1263 at(955,810)
[BIGPRIM] code=0x3a tp=0xa span=1020x770 at(130,-25)
[BIGPRIM] code=0x3a tp=0xa span=1020x770 at(130,-25)
[BIGPRIM] code=0x3c tp=0x28 span=1446x1279 at(-1187,787)
[BIGPRIM] code=0x3c tp=0x28 span=1935x1125 at(-1274,961)
[BIGPRIM] code=0x3c tp=0x37 span=549x954 at(721,-1558)
[BIGPRIM] code=0x3c tp=0x28 span=1134x550 at(1063,697)
[BIGPRIM] code=0x3c tp=0x28 span=966x598 at(-701,707)
[BIGPRIM] code=0x3c tp=0x28 span=1755x925 at(1102,752)
[BIGPRIM] code=0x3c tp=0x37 span=477x1218 at(154,-1976)
[BIGPRIM] code=0x3c tp=0x28 span=1971x1154 at(-1340,932)
[BIGPRIM] code=0x3c tp=0x28 span=1968x1109 at(-1340,977)
[BIGPRIM] code=0x3c tp=0x37 span=771x1450 at(4,-1867)
[BIGPRIM] code=0x3c tp=0x37 span=801x958 at(-386,-1295)
[BIGPRIM] code=0x3c tp=0x28 span=1959x379 at(112,1732)
[BIGPRIM] code=0x3c tp=0x37 span=942x1138 at(-320,-2931)
[BIGPRIM] code=0x3c tp=0x28 span=1125x1256 at(-311,810)
[BIGPRIM] code=0x3a tp=0xa span=1020x770 at(130,-25)
[BIGPRIM] code=0x3c tp=0x28 span=1962x264 at(-1334,1854)
[SPAWN-FIRE?] slot=14 allPass! npcFlags=0x4 flagsId=3 full=0 vblanks=1 ABOUT TO TRY SPAWN
[SPAWN-FIRE!] slot=14 gates passed â†’ entering spawn block, npcIdx will be assigned
[SPAWN] slot=14 -> npc[0] charaId=2 stateStep=6 pos=(4,232)
[SFX] Sd_PlaySfx: sfxId=1321 (Sfx_Base+41) vol=0
[BIGPRIM] code=0x3c tp=0x28 span=1443x1002 at(628,1096)
[BIGPRIM] code=0x3c tp=0x37 span=1272x925 at(883,752)
[BIGPRIM] code=0x3c tp=0x28 span=1962x51 at(-1334,2073)
[BIGPRIM] code=0x3c tp=0x28 span=2349x1202 at(-2090,877)
[SFX] Sd_PlaySfx: sfxId=1382 (Sfx_Base+102) vol=242
[BIGPRIM] code=0x3c tp=0x37 span=1965x707 at(634,-2931)
[BIGPRIM] code=0x3c tp=0x28 span=1965x476 at(634,1642)
[BIGPRIM] code=0x3a tp=0xa span=1020x770 at(130,-25)
[BIGPRIM] code=0x3c tp=0x37 span=1059x1283 at(100,790)
[BIGPRIM] code=0x3c tp=0x37 span=906x961 at(-707,-1298)
[SFX] Sd_PlaySfx: sfxId=1382 (Sfx_Base+102) vol=240
[BIGPRIM] code=0x3c tp=0x37 span=1089x1344 at(970,-1594)
[BIGPRIM] code=0x3c tp=0x37 span=1089x617 at(970,710)
[CHNK] n=4 s0=-1,5,st3 s1=-1,4,st3 s2=0,5,st3 s3=0,4,st3
[BIGPRIM] code=0x3c tp=0x37 span=1230x1286 at(-722,787)
[BIGPRIM] code=0x3c tp=0x37 span=696x1109 at(487,-1276)
[SFX] Sd_PlaySfx: sfxId=1382 (Sfx_Base+102) vol=238
[BIGPRIM] code=0x3c tp=0x37 span=2058x1260 at(1063,813)
[BIGPRIM] code=0x3c tp=0x37 span=1959x1601 at(-278,-2931)
[BIGPRIM] code=0x3c tp=0x37 span=975x1626 at(-302,-1957)
[SFX] Sd_PlaySfx: sfxId=1382 (Sfx_Base+102) vol=235
[BIGPRIM] code=0x3c tp=0x37 span=1962x1495 at(-1724,-2931)
[BIGPRIM] code=0x3c tp=0x37 span=1443x1190 at(238,896)
[BIGPRIM] code=0x3c tp=0x37 span=1653x826 at(1120,739)
[BIGPRIM] code=0x3c tp=0x37 span=1443x1128 at(238,964)
[BIGPRIM] code=0x3a tp=0xa span=1020x770 at(130,-25)
[BIGPRIM] code=0x3c tp=0x37 span=1962x51 at(-1718,2073)
[SFX] Sd_PlaySfx: sfxId=1382 (Sfx_Base+102) vol=232
[BIGPRIM] code=0x3a tp=0xa span=1020x770 at(130,-25)
[BIGPRIM] code=0x3a tp=0xa span=1020x770 at(130,-25)
[BIGPRIM] code=0x3c tp=0x37 span=1959x781 at(250,1324)
[BIGPRIM] code=0x3c tp=0x37 span=1485x1263 at(718,810)
[BIGPRIM] code=0x3c tp=0x37 span=819x923 at(4,748)
[SFX] Sd_PlaySfx: sfxId=1382 (Sfx_Base+102) vol=229
[BIGPRIM] code=0x3a tp=0xa span=1020x770 at(130,-25)
[BIGPRIM] code=0x3c tp=0x37 span=1959x739 at(-1196,1372)
[BIGPRIM] code=0x3c tp=0x37 span=1959x565 at(250,-2680)
[BIGPRIM] code=0x3c tp=0x37 span=1959x566 at(250,-2674)
[BIGPRIM] code=0x3c tp=0x37 span=1269x1205 at(-878,774)
[BIGPRIM] code=0x3c tp=0x37 span=1599x1177 at(-674,909)
[SFX] Sd_PlaySfx: sfxId=1382 (Sfx_Base+102) vol=225
[BIGPRIM] code=0x3c tp=0x37 span=1959x591 at(-1190,-2693)
[BIGPRIM] code=0x3c tp=0x37 span=1791x833 at(775,1272)
[BIGPRIM] code=0x3c tp=0x37 span=1959x592 at(-1190,-2687)
[BIGPRIM] code=0x3c tp=0x37 span=1959x51 at(-1184,2086)
[BIGPRIM] code=0x3a tp=0xa span=1020x770 at(130,-25)
[BIGPRIM] code=0x3c tp=0x37 span=1968x441 at(775,-2417)
[SFX] Sd_PlaySfx: sfxId=1382 (Sfx_Base+102) vol=224
[BIGPRIM] code=0x3c tp=0x37 span=888x874 at(970,-954)
[BIGPRIM] code=0x3c tp=0x37 span=981x970 at(979,-1063)
[BIGPRIM] code=0x3a tp=0xa span=1020x770 at(130,-25)
[BIGPRIM] code=0x3c tp=0x37 span=1662x1112 at(1075,980)
[BIGPRIM] code=0x3c tp=0x37 span=1368x1215 at(-71,864)
[BIGPRIM] code=0x3c tp=0x37 span=1227x1289 at(-671,784)
[SFX] Sd_PlaySfx: sfxId=1382 (Sfx_Base+102) vol=224
[BIGPRIM] code=0x3c tp=0x37 span=720x790 at(532,-957)
[BIGPRIM] code=0x3c tp=0x37 span=2082x1225 at(1060,771)
[BIGPRIM] code=0x3c tp=0x37 span=1575x1520 at(-140,-2410)
[BIGPRIM] code=0x3c tp=0x37 span=1170x1559 at(493,-1819)
[SFX] Sd_PlaySfx: sfxId=1382 (Sfx_Base+102) vol=226
[BIGPRIM] code=0x3c tp=0x37 span=2088x1096 at(-1586,996)
[BIGPRIM] code=0x3c tp=0x37 span=870x1353 at(-161,-1648)
[BIGPRIM] code=0x3c tp=0x37 span=1371x1251 at(442,822)
[BIGPRIM] code=0x3c tp=0x37 span=1365x640 at(1120,713)
[BIGPRIM] code=0x3c tp=0x37 span=1092x798 at(-779,732)
[SFX] Sd_PlaySfx: sfxId=1382 (Sfx_Base+102) vol=230
[BIGPRIM] code=0x3a tp=0xa span=1020x770 at(130,-25)
[BIGPRIM] code=0x3c tp=0x37 span=1260x1247 at(763,-1423)
[BIGPRIM] code=0x3c tp=0x37 span=1548x1276 at(-1373,797)
[SFX] Sd_PlaySfx: sfxId=1382 (Sfx_Base+102) vol=236
[BIGPRIM] code=0x3c tp=0x37 span=1284x1241 at(565,845)
[BIGPRIM] code=0x3c tp=0x37 span=1266x1190 at(418,896)
[BIGPRIM] code=0x3c tp=0x37 span=1935x1102 at(130,996)
[BIGPRIM] code=0x3c tp=0x37 span=729x800 at(448,-720)
[BIGPRIM] code=0x3c tp=0x37 span=2190x58 at(-1580,2073)
[BIGPRIM] code=0x3c tp=0x37 span=912x1440 at(679,-1787)
[SFX] Sd_PlaySfx: sfxId=1382 (Sfx_Base+102) vol=241
[BIGPRIM] code=0x3c tp=0x37 span=1509x1266 at(1126,813)
[BIGPRIM] code=0x3c tp=0x37 span=1755x964 at(370,-1812)
[BIGPRIM] code=0x3c tp=0x37 span=1098x1267 at(118,806)
[BIGPRIM] code=0x3c tp=0x37 span=1038x366 at(928,170)
[BIGPRIM] code=0x3c tp=0x37 span=1527x1167 at(-1376,-2250)
[BIGPRIM] code=0x3c tp=0x37 span=1515x679 at(-8,1182)
[SFX] Sd_PlaySfx: sfxId=1382 (Sfx_Base+102) vol=244
[BIGPRIM] code=0x3a tp=0xa span=1020x770 at(130,-25)
[BIGPRIM] code=0x3c tp=0x37 span=1104x1324 at(313,-2172)
[BIGPRIM] code=0x3a tp=0xa span=1020x770 at(130,-25)
[BIGPRIM] code=0x3c tp=0x37 span=1320x1440 at(235,-2475)
[SFX] Sd_PlaySfx: sfxId=1382 (Sfx_Base+102) vol=247
[BIGPRIM] code=0x3a tp=0xa span=1020x770 at(130,-25)
[BIGPRIM] code=0x3c tp=0x37 span=1479x1025 at(-1214,707)
[BIGPRIM] code=0x3c tp=0x37 span=1110x1305 at(253,-2134)
[BIGPRIM] code=0x3c tp=0x37 span=1485x1620 at(-1214,-2442)
[SFX] Sd_PlaySfx: sfxId=1382 (Sfx_Base+102) vol=248
[BIGPRIM] code=0x3c tp=0x37 span=909x1424 at(400,-2160)
[BIGPRIM] code=0x3c tp=0x37 span=1365x932 at(-452,781)
[BIGPRIM] code=0x3c tp=0x37 span=1053x491 at(1009,646)
[SFX] Sd_PlaySfx: sfxId=1382 (Sfx_Base+102) vol=248
[BIGPRIM] code=0x3c tp=0x37 span=516x1594 at(34,-2179)
[BIGPRIM] code=0x3c tp=0x37 span=1455x309 at(-416,1494)
[BIGPRIM] code=0x3c tp=0x37 span=1710x1209 at(-1046,-1504)
[BIGPRIM] code=0x3c tp=0x37 span=1998x1106 at(-1460,980)
[SFX] Sd_PlaySfx: sfxId=1382 (Sfx_Base+102) vol=247
[BIGPRIM] code=0x3c tp=0x37 span=1416x997 at(-1010,-1170)
[BIGPRIM] code=0x3a tp=0xa span=1020x770 at(130,-25)
[BIGPRIM] code=0x3c tp=0x37 span=1680x598 at(-1364,1494)
[SFX] Sd_PlaySfx: sfxId=1382 (Sfx_Base+102) vol=245
[BIGPRIM] code=0x3c tp=0x37 span=1005x1196 at(-194,-1800)
[BIGPRIM] code=0x3c tp=0x37 span=2913x1131 at(-2432,-1195)
[BIGPRIM] code=0x3c tp=0x37 span=1269x1013 at(-350,-1787)
[BIGPRIM] code=0x3c tp=0x37 span=1701x1530 at(64,-2397)
[BIGPRIM] code=0x3c tp=0x37 span=1701x1411 at(130,-2391)
[SFX] Sd_PlaySfx: sfxId=1382 (Sfx_Base+102) vol=242
[BIGPRIM] code=0x3c tp=0x37 span=2187x694 at(-1076,-1806)
[BIGPRIM] code=0x3c tp=0x37 span=2166x851 at(715,1260)
[BIGPRIM] code=0x3a tp=0xa span=1020x770 at(130,-25)
[BIGPRIM] code=0x3c tp=0x37 span=1803x1119 at(-356,973)
[SFX] Sd_PlaySfx: sfxId=1382 (Sfx_Base+102) vol=238
[BIGPRIM] code=0x3c tp=0x37 span=1977x1057 at(-254,1041)
[BIGPRIM] code=0x3c tp=0x37 span=2166x58 at(1093,2066)
[BIGPRIM] code=0x3c tp=0x37 span=2736x801 at(-2432,-1157)
[SFX] Sd_PlaySfx: sfxId=1382 (Sfx_Base+102) vol=235
[BIGPRIM] code=0x3c tp=0x37 span=1383x1196 at(-1067,745)
[BIGPRIM] code=0x3c tp=0x37 span=2610x836 at(-2144,-1157)
[BIGPRIM] code=0x3c tp=0x37 span=2136x315 at(1081,-2674)
[BIGPRIM] code=0x3c tp=0x37 span=1071x1376 at(-806,-1478)
[SFX] Sd_PlaySfx: sfxId=1382 (Sfx_Base+102) vol=233
[BIGPRIM] code=0x3c tp=0x37 span=1617x1446 at(-278,-2320)
[BIGPRIM] code=0x3c tp=0x37 span=2133x296 at(-758,1250)
[BIGPRIM] code=0x3c tp=0x37 span=2139x244 at(-740,1295)
[SFX] Sd_PlaySfx: sfxId=1382 (Sfx_Base+102) vol=234
[BIGPRIM] code=0x3c tp=0x37 span=807x1093 at(733,-1356)
[BIGPRIM] code=0x3c tp=0x37 span=651x788 at(640,-1022)
[BIGPRIM] code=0x3c tp=0x37 span=1245x778 at(352,-2385)
[SFX] Sd_PlaySfx: sfxId=1382 (Sfx_Base+102) vol=237
[BIGPRIM] code=0x3c tp=0x37 span=633x743 at(622,-977)
[BIGPRIM] code=0x3c tp=0x37 span=1377x1350 at(1057,-1738)
[BIGPRIM] code=0x3c tp=0x37 span=1167x1071 at(-938,-1488)
[SFX] Sd_PlaySfx: sfxId=1382 (Sfx_Base+102) vol=241
[BIGPRIM] code=0x3c tp=0x37 span=1467x762 at(142,732)
[BIGPRIM] code=0x3c tp=0x37 span=1251x778 at(358,-2385)
[BIGPRIM] code=0x3c tp=0x37 span=639x749 at(625,-983)
[SFX] Sd_PlaySfx: sfxId=1382 (Sfx_Base+102) vol=244
[BIGPRIM] code=0x3c tp=0x37 span=1392x1356 at(1060,-1748)
[BIGPRIM] code=0x3c tp=0x37 span=1170x1080 at(-941,-1497)
[BIGPRIM] code=0x3c tp=0x37 span=1467x762 at(142,732)
[SFX] Sd_PlaySfx: sfxId=1382 (Sfx_Base+102) vol=246
[BIGPRIM] code=0x3c tp=0x37 span=1251x778 at(358,-2385)
[BIGPRIM] code=0x3c tp=0x37 span=1941x720 at(-1790,954)
[BIGPRIM] code=0x3c tp=0x37 span=2001x935 at(-1790,855)
[SFX] Sd_PlaySfx: sfxId=1382 (Sfx_Base+102) vol=247
[BIGPRIM] code=0x3c tp=0x37 span=1938x906 at(-1328,-2455)
[BIGPRIM] code=0x3c tp=0x37 span=2049x1160 at(-1784,758)
[BIGPRIM] code=0x3c tp=0x37 span=1344x1045 at(265,475)
[BIGPRIM] code=0x3c tp=0x37 span=963x1170 at(-188,-2041)
[SFX] Sd_PlaySfx: sfxId=1382 (Sfx_Base+102) vol=247
[BIGPRIM] code=0x3c tp=0x37 span=984x681 at(-356,411)
[BIGPRIM] code=0x3c tp=0x37 span=1020x829 at(-659,-1674)
[BIGPRIM] code=0x3c tp=0x37 span=996x370 at(1036,353)
[SFX] Sd_PlaySfx: sfxId=1382 (Sfx_Base+102) vol=246
[BIGPRIM] code=0x3c tp=0x37 span=669x880 at(769,-1420)
[BIGPRIM] code=0x3a tp=0xa span=1020x770 at(130,-25)
[BIGPRIM] code=0x3c tp=0x37 span=1923x890 at(142,-2931)
[BIGPRIM] code=0x3c tp=0x37 span=1929x1013 at(-320,1092)
[SFX] Sd_PlaySfx: sfxId=1382 (Sfx_Base+102) vol=244
[BIGPRIM] code=0x3c tp=0x37 span=1935x775 at(-1322,-2449)
[BIGPRIM] code=0x3c tp=0x37 span=2049x1160 at(-1784,758)
[BIGPRIM] code=0x3c tp=0x37 span=1344x1045 at(265,475)
[SFX] Sd_PlaySfx: sfxId=1382 (Sfx_Base+102) vol=242
[BIGPRIM] code=0x3c tp=0x37 span=963x1170 at(-188,-2041)
[BIGPRIM] code=0x3c tp=0x37 span=984x681 at(-356,411)
[BIGPRIM] code=0x3c tp=0x37 span=1020x829 at(-659,-1674)
[SFX] Sd_PlaySfx: sfxId=1382 (Sfx_Base+102) vol=240
[BIGPRIM] code=0x3c tp=0x37 span=996x370 at(1036,353)
[BIGPRIM] code=0x3c tp=0x37 span=669x880 at(769,-1420)
[BIGPRIM] code=0x3a tp=0xa span=1020x770 at(130,-25)
[BIGPRIM] code=0x3c tp=0x37 span=1923x890 at(142,-2931)
[SFX] Sd_PlaySfx: sfxId=1382 (Sfx_Base+102) vol=237
[BIGPRIM] code=0x3c tp=0x37 span=1929x1013 at(-320,1092)
[BIGPRIM] code=0x3c tp=0x37 span=1935x775 at(-1322,-2449)
[BIGPRIM] code=0x3c tp=0x37 span=2049x1160 at(-1784,758)
[SFX] Sd_PlaySfx: sfxId=1382 (Sfx_Base+102) vol=234
[BIGPRIM] code=0x3c tp=0x37 span=1344x1045 at(265,475)
[BIGPRIM] code=0x3c tp=0x37 span=963x1170 at(-188,-2041)
[BIGPRIM] code=0x3c tp=0x37 span=984x681 at(-356,411)
[SFX] Sd_PlaySfx: sfxId=1382 (Sfx_Base+102) vol=231
[BIGPRIM] code=0x3c tp=0x37 span=1020x829 at(-659,-1674)
[BIGPRIM] code=0x3c tp=0x37 span=996x370 at(1036,353)
[BIGPRIM] code=0x3c tp=0x37 span=669x880 at(769,-1420)
[BIGPRIM] code=0x3c tp=0x37 span=1923x874 at(178,-2931)
[SFX] Sd_PlaySfx: sfxId=1382 (Sfx_Base+102) vol=227
[BIGPRIM] code=0x3c tp=0x37 span=1929x771 at(-230,1443)
[BIGPRIM] code=0x3c tp=0x37 span=867x1170 at(826,-1748)
[BIGPRIM] code=0x3c tp=0x37 span=1923x592 at(-1232,-2552)
[SFX] Sd_PlaySfx: sfxId=1382 (Sfx_Base+102) vol=221
[BIGPRIM] code=0x3c tp=0x37 span=1248x1521 at(-419,-2449)
[BIGPRIM] code=0x3c tp=0x37 span=1389x671 at(1099,466)
[BIGPRIM] code=0x3c tp=0x37 span=1920x591 at(-1304,-2262)
[BIGPRIM] code=0x3c tp=0x37 span=1341x1591 at(424,-2192)
[SFX] Sd_PlaySfx: sfxId=1382 (Sfx_Base+102) vol=219
[BIGPRIM] code=0x3c tp=0x37 span=2373x752 at(-2138,-1420)
[BIGPRIM] code=0x3c tp=0x37 span=1203x1276 at(-878,707)
[SFX] Sd_PlaySfx: sfxId=1382 (Sfx_Base+102) vol=217
[BIGPRIM] code=0x3a tp=0xa span=1020x770 at(130,-25)
[BIGPRIM] code=0x3c tp=0x37 span=1932x675 at(-1502,2683)
[SH-XBOX] vblank 31800
[MEM] tick: free=2232KB (558 pages)
[BIGPRIM] code=0x3c tp=0x37 span=1215x1504 at(-338,800)
[SFX] Sd_PlaySfx: sfxId=1382 (Sfx_Base+102) vol=209
[BIGPRIM] code=0x3c tp=0x37 span=2397x1427 at(-2114,-2057)
[BIGPRIM] code=0x3c tp=0x37 span=1620x1022 at(805,1282)
[BIGPRIM] code=0x3c tp=0x37 span=1938x813 at(793,1517)
[SFX] Sd_PlaySfx: sfxId=1382 (Sfx_Base+102) vol=203
[BIGPRIM] code=0x3a tp=0xa span=1020x770 at(130,-25)
[BIGPRIM] code=0x3c tp=0x37 span=1281x1353 at(-44,816)
[BIGPRIM] code=0x3c tp=0x37 span=1599x1183 at(1090,1070)
[SFX] Sd_PlaySfx: sfxId=1382 (Sfx_Base+102) vol=198
[BIGPRIM] code=0x3c tp=0x37 span=1482x1174 at(-236,1047)
[BIGPRIM] code=0x3c tp=0x37 span=1335x1135 at(364,848)
[BIGPRIM] code=0x3c tp=0x37 span=873x1132 at(-218,-1385)
[BIGPRIM] code=0x3c tp=0x37 span=1032x1620 at(-374,-1931)
[BIGPRIM] code=0x3c tp=0x37 span=1929x482 at(-242,-2719)
[BIGPRIM] code=0x3c tp=0x37 span=1914x405 at(-1658,-2667)
[SFX] Sd_PlaySfx: sfxId=1381 (Sfx_Base+101) vol=190
[BIGPRIM] code=0x3c tp=0x37 span=1734x431 at(-1154,-2700)
[BIGPRIM] code=0x3c tp=0x37 span=990x772 at(-647,-1067)
[BIGPRIM] code=0x3c tp=0x37 span=1107x720 at(-296,838)
[BIGPRIM] code=0x3c tp=0x37 span=972x939 at(685,-1266)
[SFX] Sd_PlaySfx: sfxId=1381 (Sfx_Base+101) vol=175
[BIGPRIM] code=0x3c tp=0x37 span=1695x1244 at(1099,-1700)
[BIGPRIM] code=0x3c tp=0x37 span=1596x444 at(883,-2674)
[SFX] Sd_PlaySfx: sfxId=1378 (Sfx_Base+98) vol=166
[BIGPRIM] code=0x3c tp=0x37 span=1596x444 at(877,-2706)
[BIGPRIM] code=0x3c tp=0x37 span=1677x698 at(-1412,835)
[BIGPRIM] code=0x3c tp=0x37 span=1200x922 at(1027,-1327)
[SFX] Sd_PlaySfx: sfxId=1381 (Sfx_Base+101) vol=145
[BIGPRIM] code=0x3c tp=0x37 span=1530x1087 at(-716,896)
[BIGPRIM] code=0x3c tp=0x37 span=1221x1501 at(643,-2066)
[BIGPRIM] code=0x3c tp=0x37 span=1656x875 at(-1142,1063)
[SFX] Sd_PlaySfx: sfxId=1382 (Sfx_Base+102) vol=123
[BIGPRIM] code=0x3c tp=0x37 span=1788x688 at(-1472,1218)
[BIGPRIM] code=0x3c tp=0x37 span=903x865 at(-467,-1234)
[BIGPRIM] code=0x3c tp=0x28 span=1662x778 at(-1319,848)
[SFX] Sd_PlaySfx: sfxId=1382 (Sfx_Base+102) vol=99
[BIGPRIM] code=0x3c tp=0x28 span=1329x817 at(721,851)
[BIGPRIM] code=0x3c tp=0x37 span=1398x1218 at(1057,-1674)
[BIGPRIM] code=0x3c tp=0x37 span=1077x1643 at(628,-2176)
[SFX] Sd_PlaySfx: sfxId=1382 (Sfx_Base+102) vol=60
[CHNK] n=4 s0=-1,5,st3 s1=-1,4,st3 s2=0,5,st3 s3=0,4,st3
[BIGPRIM] code=0x3c tp=0x28 span=2376x984 at(1087,973)
[SFX] Sd_PlaySfx: sfxId=1379 (Sfx_Base+99) vol=23
[BIGPRIM] code=0x3c tp=0x28 span=2100x842 at(1039,1083)
[SFX] Sd_PlaySfx: sfxId=1382 (Sfx_Base+102) vol=0
[BIGPRIM] code=0x3c tp=0x28 span=1533x469 at(70,1411)
[BIGPRIM] code=0x3c tp=0x37 span=1716x1189 at(-1460,-2931)
[SFX] Sd_PlaySfx: sfxId=1327 (Sfx_Base+47) vol=191
[SFX] Sd_PlaySfx: sfxId=1316 (Sfx_Base+36) vol=0
[BIGPRIM] code=0x3c tp=0x37 span=1533x1636 at(-98,-2931)
[BIGPRIM] code=0x3c tp=0x28 span=1530x736 at(-1124,851)
[BIGPRIM] code=0x3c tp=0x28 span=1773x279 at(-632,1697)
[BIGPRIM] code=0x3c tp=0x28 span=1161x981 at(-725,806)
[BIGPRIM] code=0x3c tp=0x37 span=1743x1418 at(-782,-2931)
[BIGPRIM] code=0x3a tp=0xa span=1020x770 at(130,-25)
[SFX] Sd_PlaySfx: sfxId=1382 (Sfx_Base+102) vol=114
[BIGPRIM] code=0x3c tp=0x28 span=2307x926 at(1054,1012)
[BIGPRIM] code=0x3c tp=0x37 span=819x1389 at(898,-1713)
[SFX] Sd_PlaySfx: sfxId=1382 (Sfx_Base+102) vol=152
[BIGPRIM] code=0x3c tp=0x28 span=2172x116 at(-2000,1764)
[BIGPRIM] code=0x3c tp=0x28 span=714x730 at(601,758)
[SFX] Sd_PlaySfx: sfxId=1382 (Sfx_Base+102) vol=183
[BIGPRIM] code=0x3c tp=0x37 span=525x810 at(673,-1009)
[BIGPRIM] code=0x3c tp=0x28 span=981x1116 at(337,835)
[SFX] Sd_PlaySfx: sfxId=1382 (Sfx_Base+102) vol=201
[BIGPRIM] code=0x3c tp=0x28 span=1521x1131 at(-1160,826)
[SFX] Sd_PlaySfx: sfxId=1283 (Sfx_Base+3) vol=0
[SFX] Sd_PlaySfx: sfxId=1286 (Sfx_Base+6) vol=179
[SFX] Sd_PlaySfx: sfxId=1377 (Sfx_Base+97) vol=183
[BIGPRIM] code=0x3a tp=0xa span=1020x770 at(130,-25)
[SFX] Sd_PlaySfx: sfxId=1377 (Sfx_Base+97) vol=187
[BIGPRIM] code=0x3c tp=0x37 span=663x983 at(919,-1227)
[BIGPRIM] code=0x3a tp=0xa span=1020x770 at(130,-25)
[SFX] Sd_PlaySfx: sfxId=1283 (Sfx_Base+3) vol=0
[BIGPRIM] code=0x3c tp=0x37 span=2121x833 at(-830,-2931)
[BIGPRIM] code=0x3c tp=0x28 span=870x855 at(727,777)
[SFX] Sd_PlaySfx: sfxId=1382 (Sfx_Base+102) vol=218
[BIGPRIM] code=0x3c tp=0x37 span=2115x794 at(460,-2931)
[BIGPRIM] code=0x3a tp=0xa span=1020x770 at(130,-25)
[SFX] Sd_PlaySfx: sfxId=1382 (Sfx_Base+102) vol=223
[BIGPRIM] code=0x3c tp=0x28 span=2211x954 at(832,1009)
[SFX] Sd_PlaySfx: sfxId=1283 (Sfx_Base+3) vol=0
[BIGPRIM] code=0x3a tp=0xa span=1020x770 at(130,-25)
[BIGPRIM] code=0x3a tp=0xa span=1020x770 at(130,-25)
[SFX] Sd_PlaySfx: sfxId=1382 (Sfx_Base+102) vol=224
[BIGPRIM] code=0x3c tp=0x28 span=1224x1074 at(475,864)
[BIGPRIM] code=0x3c tp=0x28 span=1086x804 at(973,771)
[BIGPRIM] code=0x3c tp=0x28 span=1890x961 at(619,938)
[SFX] Sd_PlaySfx: sfxId=1382 (Sfx_Base+102) vol=224
[BIGPRIM] code=0x3a tp=0xa span=1020x770 at(130,-25)
[BIGPRIM] code=0x3c tp=0x28 span=963x1151 at(370,819)
[BIGPRIM] code=0x3a tp=0xa span=1020x770 at(130,-25)
[SFX] Sd_PlaySfx: sfxId=1382 (Sfx_Base+102) vol=220
[BIGPRIM] code=0x3c tp=0x28 span=1446x1022 at(289,903)
[BIGPRIM] code=0x3c tp=0x28 span=1776x939 at(163,1012)
[SFX] Sd_PlaySfx: sfxId=1382 (Sfx_Base+102) vol=212
[BIGPRIM] code=0x3a tp=0xa span=1020x770 at(130,-25)
[BIGPRIM] code=0x3c tp=0x28 span=2079x425 at(-140,1513)
[SFX] Sd_PlaySfx: sfxId=1382 (Sfx_Base+102) vol=200
[BIGPRIM] code=0x3c tp=0x28 span=1104x804 at(1012,774)
[SFX] Sd_PlaySfx: sfxId=1382 (Sfx_Base+102) vol=175
[BIGPRIM] code=0x3c tp=0x28 span=2079x624 at(-818,1333)
[BIGPRIM] code=0x3c tp=0x28 span=1395x1048 at(-818,883)
[SFX] Sd_PlaySfx: sfxId=1382 (Sfx_Base+102) vol=145
[BIGPRIM] code=0x3c tp=0x28 span=2079x376 at(-818,1555)
[BIGPRIM] code=0x3c tp=0x28 span=843x922 at(415,800)
[BIGPRIM] code=0x3c tp=0x28 span=1941x630 at(448,1256)
[SFX] Sd_PlaySfx: sfxId=1382 (Sfx_Base+102) vol=100
[BIGPRIM] code=0x3a tp=0xa span=1020x770 at(130,-25)
[BIGPRIM] code=0x3c tp=0x28 span=1476x1035 at(-1028,903)
[BIGPRIM] code=0x3c tp=0x28 span=1965x155 at(-1028,1783)
[SFX] Sd_PlaySfx: sfxId=1382 (Sfx_Base+102) vol=54
[BIGPRIM] code=0x3c tp=0x28 span=1521x1105 at(-1034,858)
[SFX] Sd_PlaySfx: sfxId=1283 (Sfx_Base+3) vol=0
[BIGPRIM] code=0x3c tp=0x28 span=1863x916 at(520,1022)
[BIGPRIM] code=0x3a tp=0xa span=1020x770 at(130,-25)
[SFX] Sd_PlaySfx: sfxId=1382 (Sfx_Base+102) vol=20
[BIGPRIM] code=0x3a tp=0xa span=1020x770 at(130,-25)
[BIGPRIM] code=0x3c tp=0x28 span=1962x623 at(685,1353)
[SFX] Sd_PlaySfx: sfxId=1382 (Sfx_Base+102) vol=0
[BIGPRIM] code=0x3c tp=0x5c span=2043x945 at(-1910,-1099)
[SFX] Sd_PlaySfx: sfxId=1283 (Sfx_Base+3) vol=0
[BIGPRIM] code=0x3a tp=0xa span=1020x770 at(130,-25)
[BIGPRIM] code=0x3a tp=0xa span=1020x770 at(130,-25)
[SFX] Sd_PlaySfx: sfxId=1382 (Sfx_Base+102) vol=2
[SFX] Sd_PlaySfx: sfxId=1283 (Sfx_Base+3) vol=0
[BIGPRIM] code=0x3c tp=0x28 span=1308x785 at(1039,790)
[SFX] Sd_PlaySfx: sfxId=1382 (Sfx_Base+102) vol=63
[BIGPRIM] code=0x3c tp=0x28 span=1620x996 at(694,858)
[BIGPRIM] code=0x3c tp=0x28 span=990x675 at(-362,771)
[ATTACK-DONE] st=61 lookupSt=61 kf=604 -> pcAttackDone
[BIGPRIM] code=0x3c tp=0x28 span=2049x668 at(-1178,1160)
[SFX] Sd_PlaySfx: sfxId=1382 (Sfx_Base+102) vol=119
[BIGPRIM] code=0x3a tp=0xa span=1020x770 at(130,-25)
[SFX] Sd_PlaySfx: sfxId=1382 (Sfx_Base+102) vol=146
[BIGPRIM] code=0x3c tp=0x28 span=1101x739 at(-446,752)
[SFX] Sd_PlaySfx: sfxId=1382 (Sfx_Base+102) vol=162
[BIGPRIM] code=0x3a tp=0xa span=1020x770 at(130,-25)
[BIGPRIM] code=0x3c tp=0x28 span=1863x614 at(-1118,1118)
[SFX] Sd_PlaySfx: sfxId=1382 (Sfx_Base+102) vol=176
[SFX] Sd_PlaySfx: sfxId=1378 (Sfx_Base+98) vol=175
[BIGPRIM] code=0x3c tp=0x28 span=1422x1045 at(-980,822)
[SFX] Sd_PlaySfx: sfxId=1382 (Sfx_Base+102) vol=174
[BIGPRIM] code=0x3c tp=0x28 span=2583x1041 at(-2432,903)
[BIGPRIM] code=0x3a tp=0xa span=1020x770 at(130,-25)
[SFX] Sd_PlaySfx: sfxId=1382 (Sfx_Base+102) vol=168
[BIGPRIM] code=0x3c tp=0x28 span=1086x366 at(-890,736)
[SFX] Sd_PlaySfx: sfxId=1283 (Sfx_Base+3) vol=0
[SFX] Sd_PlaySfx: sfxId=1286 (Sfx_Base+6) vol=102
[SFX] Sd_PlaySfx: sfxId=1377 (Sfx_Base+97) vol=107
[SFX] Sd_PlaySfx: sfxId=1382 (Sfx_Base+102) vol=157
[BIGPRIM] code=0x3c tp=0x28 span=1503x1105 at(-836,858)
[SFX] Sd_PlaySfx: sfxId=1377 (Sfx_Base+97) vol=101
[BIGPRIM] code=0x3a tp=0xa span=1020x770 at(130,-25)
[BIGPRIM] code=0x3c tp=0x28 span=1689x1013 at(292,957)
[BIGPRIM] code=0x3a tp=0xa span=1020x770 at(130,-25)
[SFX] Sd_PlaySfx: sfxId=1382 (Sfx_Base+102) vol=147
[BIGPRIM] code=0x3c tp=0x28 span=1080x1090 at(136,848)
[SFX] Sd_PlaySfx: sfxId=1283 (Sfx_Base+3) vol=0
[BIGPRIM] code=0x3c tp=0x28 span=2196x941 at(1075,1035)
[SFX] Sd_PlaySfx: sfxId=1382 (Sfx_Base+102) vol=159
[BIGPRIM] code=0x3a tp=0xa span=1020x770 at(130,-25)
[BIGPRIM] code=0x3a tp=0xa span=1020x770 at(130,-25)
[SFX] Sd_PlaySfx: sfxId=1382 (Sfx_Base+102) vol=182
[BIGPRIM] code=0x3c tp=0x28 span=1902x1064 at(-1352,912)
[SFX] Sd_PlaySfx: sfxId=1283 (Sfx_Base+3) vol=0
[SFX] Sd_PlaySfx: sfxId=1286 (Sfx_Base+6) vol=166
[SFX] Sd_PlaySfx: sfxId=1377 (Sfx_Base+97) vol=173
[SFX] Sd_PlaySfx: sfxId=1382 (Sfx_Base+102) vol=204
[SFX] Sd_PlaySfx: sfxId=1377 (Sfx_Base+97) vol=182
[BIGPRIM] code=0x3c tp=0x28 span=1491x1102 at(466,874)
[BIGPRIM] code=0x3c tp=0x28 span=1143x440 at(-854,784)
[BIGPRIM] code=0x3c tp=0x28 span=1911x1015 at(754,948)
[BIGPRIM] code=0x3c tp=0x28 span=1749x1099 at(835,877)
[SFX] Sd_PlaySfx: sfxId=1382 (Sfx_Base+102) vol=229
[BIGPRIM] code=0x3c tp=0x28 span=1272x1061 at(187,861)
[BIGPRIM] code=0x3c tp=0x28 span=1686x498 at(451,1375)
[BIGPRIM] code=0x3c tp=0x28 span=984x617 at(-269,806)
[SFX] Sd_PlaySfx: sfxId=1382 (Sfx_Base+102) vol=239
[BIGPRIM] code=0x3c tp=0x28 span=1551x849 at(-212,1076)
[SH-XBOX] vblank 32400
[MEM] tick: free=2232KB (558 pages)
[SFX] Sd_PlaySfx: sfxId=1382 (Sfx_Base+102) vol=243
[BIGPRIM] code=0x3a tp=0xa span=1020x770 at(130,-25)
[BIGPRIM] code=0x3c tp=0x28 span=2154x935 at(931,1009)
[BIGPRIM] code=0x3c tp=0x28 span=1689x743 at(-1370,1163)
[SFX] Sd_PlaySfx: sfxId=1382 (Sfx_Base+102) vol=247
[BIGPRIM] code=0x3a tp=0xa span=1020x770 at(130,-25)
[BIGPRIM] code=0x3c tp=0x28 span=1569x707 at(184,1186)
[SFX] Sd_PlaySfx: sfxId=1283 (Sfx_Base+3) vol=0
[SFX] Sd_PlaySfx: sfxId=1382 (Sfx_Base+102) vol=249
[BIGPRIM] code=0x3a tp=0xa span=1020x770 at(130,-25)
[BIGPRIM] code=0x3c tp=0x28 span=1569x1018 at(580,945)
[SFX] Sd_PlaySfx: sfxId=1382 (Sfx_Base+102) vol=251
[BIGPRIM] code=0x3c tp=0x37 span=1545x1295 at(604,-2931)
[BIGPRIM] code=0x3c tp=0x37 span=1254x1035 at(-1001,-1452)
[BIGPRIM] code=0x3c tp=0x37 span=636x752 at(613,-1089)
[SFX] Sd_PlaySfx: sfxId=1382 (Sfx_Base+102) vol=253
[BIGPRIM] code=0x3c tp=0x37 span=1569x813 at(610,1099)
[BIGPRIM] code=0x3c tp=0x37 span=2583x1067 at(1096,909)
[SFX] Sd_PlaySfx: sfxId=1283 (Sfx_Base+3) vol=0
[SFX] Sd_PlaySfx: sfxId=1382 (Sfx_Base+102) vol=254
[BIGPRIM] code=0x3c tp=0x37 span=1425x993 at(-806,877)
[BIGPRIM] code=0x3a tp=0xa span=1020x770 at(130,-25)
[BIGPRIM] code=0x3a tp=0xa span=1020x770 at(130,-25)
[SFX] Sd_PlaySfx: sfxId=1382 (Sfx_Base+102) vol=254
[BIGPRIM] code=0x3c tp=0x37 span=1533x813 at(-890,1112)
[SFX] Sd_PlaySfx: sfxId=1382 (Sfx_Base+102) vol=255
[BIGPRIM] code=0x3a tp=0xa span=1020x770 at(130,-25)
[BIGPRIM] code=0x3c tp=0x37 span=1308x1141 at(1009,-1591)
[BIGPRIM] code=0x3c tp=0x37 span=1197x781 at(-557,851)
[BIGPRIM] code=0x3c tp=0x37 span=705x787 at(-65,-1150)
[SFX] Sd_PlaySfx: sfxId=1284 (Sfx_Base+4) vol=0
[SFX] Sd_PlaySfx: sfxId=1382 (Sfx_Base+102) vol=255
[BIGPRIM] code=0x3c tp=0x37 span=1554x727 at(-968,1179)
[BIGPRIM] code=0x3a tp=0xa span=1020x770 at(130,-25)
[BIGPRIM] code=0x3c tp=0x37 span=1569x762 at(274,1150)
[BIGPRIM] code=0x3c tp=0x37 span=1572x45 at(-1334,-2931)
[CHNK] n=4 s0=-1,5,st3 s1=-1,4,st3 s2=0,5,st3 s3=0,4,st3
[BIGPRIM] code=0x3c tp=0x37 span=1023x585 at(-821,-845)
[BIGPRIM] code=0x3c tp=0x37 span=1569x765 at(-14,1147)
[BIGPRIM] code=0x3c tp=0x37 span=1974x778 at(967,1134)
[BIGPRIM] code=0x3c tp=0x37 span=1569x765 at(-218,1147)
[BIGPRIM] code=0x3a tp=0xa span=1020x770 at(130,-25)
[BIGPRIM] code=0x3a tp=0xa span=1020x770 at(130,-25)
[BIGPRIM] code=0x3c tp=0x37 span=1107x678 at(625,816)
[BIGPRIM] code=0x3c tp=0x37 span=1533x328 at(-842,1423)
[BIGPRIM] code=0x3c tp=0x37 span=1023x579 at(634,793)
[BIGPRIM] code=0x3c tp=0x37 span=1518x547 at(1021,790)
[BIGPRIM] code=0x3c tp=0x37 span=1059x912 at(967,-1317)
[BIGPRIM] code=0x3c tp=0x37 span=1929x688 at(-1742,813)
[BIGPRIM] code=0x3c tp=0x37 span=1104x993 at(955,-1420)
[BIGPRIM] code=0x3c tp=0x37 span=1338x759 at(-758,822)
[BIGPRIM] code=0x3c tp=0x37 span=846x1202 at(505,-1677)
[SPAWN-FIRE?] slot=14 allPass! npcFlags=0x4 flagsId=3 full=0 vblanks=1 ABOUT TO TRY SPAWN
[SPAWN-FIRE!] slot=14 gates passed â†’ entering spawn block, npcIdx will be assigned
[SPAWN] slot=14 -> npc[0] charaId=2 stateStep=6 pos=(4,232)
[SFX] Sd_PlaySfx: sfxId=1321 (Sfx_Base+41) vol=0
[BIGPRIM] code=0x3a tp=0xa span=1020x770 at(130,-25)
[BIGPRIM] code=0x3c tp=0x37 span=1014x1565 at(454,-2111)
[BIGPRIM] code=0x3c tp=0x37 span=1551x392 at(-1124,-2931)
[SFX] Sd_PlaySfx: sfxId=1382 (Sfx_Base+102) vol=244
[BIGPRIM] code=0x3c tp=0x37 span=1023x292 at(-785,726)
[BIGPRIM] code=0x3c tp=0x37 span=1110x421 at(895,752)
[BIGPRIM] code=0x3c tp=0x37 span=2079x688 at(-1838,1076)
[SFX] Sd_PlaySfx: sfxId=1382 (Sfx_Base+102) vol=240
[BIGPRIM] code=0x3c tp=0x37 span=1506x1160 at(1003,-2931)
[BIGPRIM] code=0x3c tp=0x37 span=1506x1543 at(643,-2931)
[SFX] Sd_PlaySfx: sfxId=1382 (Sfx_Base+102) vol=234
[BIGPRIM] code=0x3a tp=0xa span=1020x770 at(130,-25)
[BIGPRIM] code=0x3c tp=0x37 span=1539x610 at(448,1263)
[BIGPRIM] code=0x3c tp=0x37 span=1503x1363 at(328,-2931)
[SFX] Sd_PlaySfx: sfxId=1382 (Sfx_Base+102) vol=226
[BIGPRIM] code=0x3c tp=0x28 span=1008x389 at(1012,739)
[BIGPRIM] code=0x3c tp=0x37 span=1668x611 at(-1298,-2931)
[SFX] Sd_PlaySfx: sfxId=1382 (Sfx_Base+102) vol=215
[BIGPRIM] code=0x3c tp=0x28 span=1071x334 at(-890,752)
[SFX] Sd_PlaySfx: sfxId=1382 (Sfx_Base+102) vol=204
[BIGPRIM] code=0x3a tp=0xa span=1020x770 at(130,-25)
[BIGPRIM] code=0x3c tp=0x28 span=1605x724 at(-1283,838)
[SFX] Sd_PlaySfx: sfxId=1378 (Sfx_Base+98) vol=187
[SFX] Sd_PlaySfx: sfxId=1382 (Sfx_Base+102) vol=187
[BIGPRIM] code=0x3c tp=0x28 span=1518x1090 at(-803,893)
[BIGPRIM] code=0x3c tp=0x28 span=1749x987 at(-1184,970)
[SFX] Sd_PlaySfx: sfxId=1382 (Sfx_Base+102) vol=159
[BIGPRIM] code=0x3a tp=0xa span=1020x770 at(130,-25)
[BIGPRIM] code=0x3c tp=0x28 span=1173x565 at(823,813)
[SFX] Sd_PlaySfx: sfxId=1382 (Sfx_Base+102) vol=112
[BIGPRIM] code=0x3a tp=0xa span=1020x770 at(130,-25)
[BIGPRIM] code=0x3c tp=0x28 span=1899x540 at(-1700,1301)
[SFX] Sd_PlaySfx: sfxId=1382 (Sfx_Base+102) vol=46
[BIGPRIM] code=0x3c tp=0x28 span=1725x547 at(-1238,1256)
[SFX] Sd_PlaySfx: sfxId=1382 (Sfx_Base+102) vol=0
[SFX] Sd_PlaySfx: sfxId=1283 (Sfx_Base+3) vol=0
[SFX] Sd_PlaySfx: sfxId=1286 (Sfx_Base+6) vol=0
[SFX] Sd_PlaySfx: sfxId=1377 (Sfx_Base+97) vol=0
[BIGPRIM] code=0x3c tp=0x28 span=1902x1041 at(-1400,903)
[SFX] Sd_PlaySfx: sfxId=1377 (Sfx_Base+97) vol=0
[BIGPRIM] code=0x3c tp=0x5c span=1212x749 at(-1190,-864)
[BIGPRIM] code=0x3c tp=0x28 span=1692x1083 at(-1157,880)
[SFX] Sd_PlaySfx: sfxId=1283 (Sfx_Base+3) vol=0
[BIGPRIM] code=0x3c tp=0x28 span=1710x543 at(-1220,1324)
[BIGPRIM] code=0x3c tp=0x28 span=966x341 at(-623,742)
[SFX] Sd_PlaySfx: sfxId=1382 (Sfx_Base+102) vol=50
[BIGPRIM] code=0x3c tp=0x28 span=1746x910 at(1021,774)
[ATTACK-DONE] st=61 lookupSt=61 kf=604 -> pcAttackDone
[BIGPRIM] code=0x3c tp=0x28 span=1824x948 at(-932,906)
[BIGPRIM] code=0x3c tp=0x5c span=552x743 at(-2432,-932)
[BIGPRIM] code=0x3c tp=0x5c span=87x730 at(-2432,-855)
[SFX] Sd_PlaySfx: sfxId=1382 (Sfx_Base+102) vol=119
[BIGPRIM] code=0x3c tp=0x5c span=1380x652 at(-2432,-562)
[SFX] Sd_PlaySfx: sfxId=1382 (Sfx_Base+102) vol=142
[BIGPRIM] code=0x3c tp=0x28 span=1569x1019 at(562,867)
[BIGPRIM] code=0x3c tp=0x28 span=1464x1003 at(733,858)
[SFX] Sd_PlaySfx: sfxId=1382 (Sfx_Base+102) vol=157
[BIGPRIM] code=0x3c tp=0x28 span=1047x1054 at(76,813)
[SFX] Sd_PlaySfx: sfxId=1382 (Sfx_Base+102) vol=170
[BIGPRIM] code=0x3a tp=0xa span=1020x770 at(130,-25)
[BIGPRIM] code=0x3c tp=0x28 span=2013x196 at(-878,1658)
[SFX] Sd_PlaySfx: sfxId=1382 (Sfx_Base+102) vol=176
[RA] watch 84008: state=2 unlocked=1786116799 flags[4B4]=00 flags[4A1]=00 word4=0x00040000 setbits=51 map=10/3
[BIGPRIM] code=0x3c tp=0x28 span=2232x1012 at(985,855)
[SFX] Sd_PlaySfx: sfxId=1382 (Sfx_Base+102) vol=170
[BIGPRIM] code=0x3c tp=0x28 span=1845x961 at(826,912)
[SFX] Sd_PlaySfx: sfxId=1382 (Sfx_Base+102) vol=149
[BIGPRIM] code=0x3c tp=0x28 span=1242x1096 at(217,835)
[BIGPRIM] code=0x3c tp=0x28 span=1125x1180 at(112,816)
[SFX] Sd_PlaySfx: sfxId=1382 (Sfx_Base+102) vol=125
[BIGPRIM] code=0x3c tp=0x28 span=1050x504 at(838,765)
[SFX] Sd_PlaySfx: sfxId=1382 (Sfx_Base+102) vol=90
[BIGPRIM] code=0x3a tp=0xa span=1020x770 at(130,-25)
[BIGPRIM] code=0x3a tp=0xa span=1020x770 at(130,-25)
[SFX] Sd_PlaySfx: sfxId=1382 (Sfx_Base+102) vol=47
[SFX] Sd_PlaySfx: sfxId=1283 (Sfx_Base+3) vol=0
[SFX] Sd_PlaySfx: sfxId=1286 (Sfx_Base+6) vol=0
[BIGPRIM] code=0x3a tp=0xa span=1020x770 at(130,-25)
[SFX] Sd_PlaySfx: sfxId=1377 (Sfx_Base+97) vol=0
[SFX] Sd_PlaySfx: sfxId=1377 (Sfx_Base+97) vol=0
[SFX] Sd_PlaySfx: sfxId=1283 (Sfx_Base+3) vol=0
[BIGPRIM] code=0x3a tp=0xa span=1020x770 at(130,-25)
[BIGPRIM] code=0x3c tp=0x28 span=1452x598 at(931,973)
[ATTACK-DONE] st=61 lookupSt=61 kf=604 -> pcAttackDone
[BIGPRIM] code=0x3c tp=0x28 span=1494x370 at(-1316,893)
[SFX] Sd_PlaySfx: sfxId=1382 (Sfx_Base+102) vol=5
[BIGPRIM] code=0x3c tp=0x28 span=1011x251 at(-815,761)
[BIGPRIM] code=0x3a tp=0xa span=1020x770 at(130,-25)
[SFX] Sd_PlaySfx: sfxId=1382 (Sfx_Base+102) vol=77
[BIGPRIM] code=0x3c tp=0x28 span=993x675 at(79,797)
[SFX] Sd_PlaySfx: sfxId=1382 (Sfx_Base+102) vol=129
[BIGPRIM] code=0x3c tp=0x28 span=1287x736 at(652,822)
[SFX] Sd_PlaySfx: sfxId=1382 (Sfx_Base+102) vol=164
[BIGPRIM] code=0x3c tp=0x28 span=2151x624 at(-866,999)
[BIGPRIM] code=0x3a tp=0xa span=1020x770 at(130,-25)
[SFX] Sd_PlaySfx: sfxId=1382 (Sfx_Base+102) vol=194
[BIGPRIM] code=0x3c tp=0x28 span=1950x774 at(817,932)
[SFX] Sd_PlaySfx: sfxId=1382 (Sfx_Base+102) vol=213
[BIGPRIM] code=0x3c tp=0x28 span=1884x862 at(691,973)
[BIGPRIM] code=0x3c tp=0x28 span=1470x1125 at(616,858)
[SFX] Sd_PlaySfx: sfxId=1382 (Sfx_Base+102) vol=228
[SFX] Sd_PlaySfx: sfxId=1283 (Sfx_Base+3) vol=0
[BIGPRIM] code=0x3c tp=0x28 span=1809x144 at(-602,1845)
[BIGPRIM] code=0x3c tp=0x28 span=1179x912 at(-374,810)
[SFX] Sd_PlaySfx: sfxId=1382 (Sfx_Base+102) vol=237
[BIGPRIM] code=0x3c tp=0x28 span=1593x871 at(-1253,803)
[SFX] Sd_PlaySfx: sfxId=1382 (Sfx_Base+102) vol=243
[BIGPRIM] code=0x3c tp=0x28 span=1500x829 at(-1112,1134)
[SFX] Sd_PlaySfx: sfxId=1382 (Sfx_Base+102) vol=247
[BIGPRIM] code=0x3a tp=0xa span=1020x770 at(130,-25)
[BIGPRIM] code=0x3c tp=0x28 span=1215x534 at(1129,748)
[SFX] Sd_PlaySfx: sfxId=1382 (Sfx_Base+102) vol=249
[BIGPRIM] code=0x3a tp=0xa span=1020x770 at(130,-25)
[BIGPRIM] code=0x3c tp=0x28 span=1128x601 at(916,752)
[SFX] Sd_PlaySfx: sfxId=1382 (Sfx_Base+102) vol=251
[BIGPRIM] code=0x3c tp=0x28 span=1497x1029 at(436,883)
[BIGPRIM] code=0x3c tp=0x28 span=1887x585 at(946,1321)
[SFX] Sd_PlaySfx: sfxId=1382 (Sfx_Base+102) vol=252
[BIGPRIM] code=0x3c tp=0x28 span=1698x1013 at(559,957)
[SFX] Sd_PlaySfx: sfxId=1382 (Sfx_Base+102) vol=253
[BIGPRIM] code=0x3a tp=0xa span=1020x770 at(130,-25)
[BIGPRIM] code=0x3c tp=0x28 span=1506x1096 at(-938,906)
[SFX] Sd_PlaySfx: sfxId=1382 (Sfx_Base+102) vol=254
[BIGPRIM] code=0x3a tp=0xa span=1020x770 at(130,-25)
[SFX] Sd_PlaySfx: sfxId=1382 (Sfx_Base+102) vol=254
[BIGPRIM] code=0x3a tp=0xa span=1020x770 at(130,-25)
[BIGPRIM] code=0x3a tp=0xa span=1020x770 at(130,-25)
[SH-XBOX] vblank 33000
[MEM] tick: free=2232KB (558 pages)
[SFX] Sd_PlaySfx: sfxId=1382 (Sfx_Base+102) vol=255
[BIGPRIM] code=0x3c tp=0x28 span=930x736 at(607,787)
[BIGPRIM] code=0x3c tp=0x28 span=2304x1131 at(-2102,829)
[SFX] Sd_PlaySfx: sfxId=1382 (Sfx_Base+102) vol=255
[BIGPRIM] code=0x3c tp=0x28 span=1509x697 at(-1259,784)
[BIGPRIM] code=0x3c tp=0x28 span=1104x482 at(-815,745)
[BIGPRIM] code=0x3a tp=0xa span=1020x770 at(130,-25)
[BIGPRIM] code=0x3c tp=0x28 span=1218x585 at(1063,758)
[BIGPRIM] code=0x3c tp=0x28 span=1995x759 at(952,1192)
[BIGPRIM] code=0x3a tp=0xa span=1020x770 at(130,-25)
[BIGPRIM] code=0x3c tp=0x28 span=2091x996 at(850,980)
[BIGPRIM] code=0x3c tp=0x28 span=1503x990 at(-68,993)
[BIGPRIM] code=0x3c tp=0x28 span=1503x1096 at(-68,906)
[BIGPRIM] code=0x3c tp=0x28 span=1188x851 at(775,797)
[BIGPRIM] code=0x3c tp=0x28 span=1143x1022 at(4,816)
[BIGPRIM] code=0x3c tp=0x28 span=1812x399 at(-1574,1597)
[BIGPRIM] code=0x3c tp=0x28 span=1506x585 at(-1274,1353)
[BIGPRIM] code=0x3c tp=0x28 span=1146x669 at(-713,774)
[BIGPRIM] code=0x3a tp=0xa span=1020x770 at(130,-25)
[SFX] Sd_PlaySfx: sfxId=1283 (Sfx_Base+3) vol=0
[BIGPRIM] code=0x3c tp=0x28 span=1482x604 at(-1301,765)
[CHNK] n=4 s0=-1,5,st3 s1=-1,4,st3 s2=0,5,st3 s3=0,4,st3
[BIGPRIM] code=0x3c tp=0x28 span=1773x1096 at(625,893)
[BIGPRIM] code=0x3a tp=0xa span=1020x770 at(130,-25)
[BIGPRIM] code=0x3c tp=0x28 span=1332x659 at(1123,774)
[BIGPRIM] code=0x3a tp=0xa span=1020x770 at(130,-25)
[BIGPRIM] code=0x3c tp=0x28 span=1041x643 at(811,774)
[BIGPRIM] code=0x3c tp=0x28 span=969x543 at(835,758)
[BIGPRIM] code=0x3a tp=0xa span=1020x770 at(130,-25)
[BIGPRIM] code=0x3a tp=0xa span=1020x770 at(130,-25)
[BIGPRIM] code=0x3c tp=0x28 span=1794x1010 at(625,973)
[BIGPRIM] code=0x3c tp=0x28 span=1497x980 at(-584,996)
[BIGPRIM] code=0x3c tp=0x37 span=1809x16 at(-584,-2931)
[BIGPRIM] code=0x3c tp=0x37 span=1809x714 at(-584,-2931)
[BIGPRIM] code=0x3a tp=0xa span=1020x770 at(130,-25)
[BIGPRIM] code=0x3c tp=0x28 span=930x788 at(568,793)
[BIGPRIM] code=0x3c tp=0x37 span=1503x1527 at(-638,-2931)
[BIGPRIM] code=0x3c tp=0x28 span=1503x682 at(-830,1269)
[BIGPRIM] code=0x3c tp=0x28 span=2448x1071 at(1039,925)
[BIGPRIM] code=0x3c tp=0x28 span=1506x838 at(-1094,1125)
[BIGPRIM] code=0x3c tp=0x28 span=1017x559 at(-599,758)
[BIGPRIM] code=0x3c tp=0x28 span=1497x967 at(160,1009)
[BIGPRIM] code=0x3c tp=0x37 span=1029x1135 at(964,-1520)
[BIGPRIM] code=0x3c tp=0x28 span=1428x1099 at(-554,832)
[BIGPRIM] code=0x3c tp=0x37 span=1935x694 at(898,1173)
[BIGPRIM] code=0x3c tp=0x37 span=1752x434 at(-449,1407)
[BIGPRIM] code=0x3c tp=0x37 span=843x804 at(970,-1115)
[BIGPRIM] code=0x3c tp=0x28 span=1023x447 at(997,726)
[BIGPRIM] code=0x3c tp=0x37 span=1503x1353 at(-314,-2931)
[BIGPRIM] code=0x3c tp=0x28 span=987x778 at(595,774)
[BIGPRIM] code=0x3c tp=0x37 span=1821x537 at(712,1298)
[BIGPRIM] code=0x3c tp=0x37 span=1809x119 at(-848,1767)
[BIGPRIM] code=0x3c tp=0x28 span=1305x726 at(958,771)
[BIGPRIM] code=0x3c tp=0x37 span=1797x222 at(550,1671)
[BIGPRIM] code=0x3c tp=0x28 span=1713x1016 at(-1268,935)
[BIGPRIM] code=0x3c tp=0x28 span=1527x755 at(-632,1292)
[BIGPRIM] code=0x3c tp=0x28 span=1674x13 at(-1298,2047)
[BIGPRIM] code=0x3c tp=0x28 span=1098x434 at(-878,732)
[BIGPRIM] code=0x3c tp=0x28 span=1203x800 at(-674,803)
[BIGPRIM] code=0x3c tp=0x28 span=2061x1067 at(1012,954)
[BIGPRIM] code=0x3c tp=0x28 span=1521x997 at(-8,1018)
[BIGPRIM] code=0x3c tp=0x28 span=1248x601 at(919,765)
[BIGPRIM] code=0x3c tp=0x28 span=1521x755 at(-158,1260)
[BIGPRIM] code=0x3c tp=0x28 span=1527x649 at(-176,1359)
[BIGPRIM] code=0x3c tp=0x28 span=1248x472 at(1129,739)
[BIGPRIM] code=0x3a tp=0xa span=1020x770 at(130,-25)
[BIGPRIM] code=0x3c tp=0x28 span=2232x1192 at(-1934,842)
[BIGPRIM] code=0x3c tp=0x28 span=1713x778 at(1132,793)
[BIGPRIM] code=0x3c tp=0x28 span=1680x148 at(1093,1886)
[BIGPRIM] code=0x3c tp=0x28 span=1026x438 at(-686,732)
[BIGPRIM] code=0x3c tp=0x28 span=1317x556 at(-1049,758)
[BIGPRIM] code=0x3a tp=0xa span=1020x770 at(130,-25)
[BIGPRIM] code=0x3c tp=0x28 span=1530x701 at(-974,1314)
[BIGPRIM] code=0x3c tp=0x28 span=1101x935 at(445,816)
[BIGPRIM] code=0x3c tp=0x28 span=1527x1157 at(400,877)
[BIGPRIM] code=0x3c tp=0x28 span=1110x395 at(-911,723)
[BIGPRIM] code=0x3c tp=0x28 span=1527x999 at(400,1022)
[BIGPRIM] code=0x3a tp=0xa span=1020x770 at(130,-25)
[BIGPRIM] code=0x3c tp=0x28 span=1605x597 at(-1358,1411)
[BIGPRIM] code=0x3a tp=0xa span=1020x770 at(130,-25)
[BIGPRIM] code=0x3c tp=0x28 span=1041x582 at(781,768)
[BIGPRIM] code=0x3a tp=0xa span=1020x770 at(130,-25)
[BIGPRIM] code=0x3c tp=0x28 span=1527x903 at(-266,1118)
[BIGPRIM] code=0x3a tp=0xa span=1020x770 at(130,-25)
[BIGPRIM] code=0x3a tp=0xa span=1020x770 at(130,-25)
[BIGPRIM] code=0x3a tp=0xa span=1020x770 at(130,-25)
[BIGPRIM] code=0x3a tp=0xa span=1020x770 at(130,-25)
[BIGPRIM] code=0x3c tp=0x28 span=1527x868 at(-128,1147)
[BIGPRIM] code=0x3c tp=0x28 span=2076x1045 at(883,983)
[BIGPRIM] code=0x3c tp=0x28 span=1953x1029 at(-1664,999)
[BIGPRIM] code=0x3c tp=0x28 span=2004x1128 at(-1664,906)
[BIGPRIM] code=0x3c tp=0x28 span=1134x896 at(19,810)
[BIGPRIM] code=0x3c tp=0x28 span=993x536 at(784,752)
[BIGPRIM] code=0x3c tp=0x28 span=1167x604 at(-752,768)
[BIGPRIM] code=0x3a tp=0xa span=1020x770 at(130,-25)
[BIGPRIM] code=0x3a tp=0xa span=1020x770 at(130,-25)
[BIGPRIM] code=0x3a tp=0xa span=1020x770 at(130,-25)
[BIGPRIM] code=0x3c tp=0x28 span=1605x846 at(-1181,867)
[BIGPRIM] code=0x3c tp=0x37 span=1614x620 at(217,-2931)
[BIGPRIM] code=0x3c tp=0x28 span=975x386 at(-524,893)
[BIGPRIM] code=0x3c tp=0x28 span=1437x955 at(148,938)
[BIGPRIM] code=0x3c tp=0x28 span=1527x531 at(298,1240)
[BIGPRIM] code=0x3c tp=0x28 span=1527x810 at(298,1044)
[BIGPRIM] code=0x3c tp=0x37 span=909x1485 at(412,-1951)
[BIGPRIM] code=0x3c tp=0x37 span=1677x234 at(346,1729)
[BIGPRIM] code=0x3a tp=0xa span=1020x770 at(130,-25)
[BIGPRIM] code=0x3c tp=0x37 span=795x762 at(-371,-1083)
[SH-XBOX] vblank 33600
[MEM] tick: free=2232KB (558 pages)
[BIGPRIM] code=0x3c tp=0x28 span=1026x351 at(-758,729)
[BIGPRIM] code=0x3c tp=0x37 span=1572x1029 at(772,832)
[BIGPRIM] code=0x3c tp=0x37 span=1521x1337 at(70,-2706)
[BIGPRIM] code=0x3a tp=0xa span=1020x770 at(130,-25)
[BIGPRIM] code=0x3c tp=0x37 span=2040x1289 at(-1802,-2931)
[BIGPRIM] code=0x3c tp=0x37 span=2127x456 at(-1376,1488)
[SPAWN-FIRE?] slot=14 allPass! npcFlags=0x4 flagsId=3 full=0 vblanks=1 ABOUT TO TRY SPAWN
[SPAWN-FIRE!] slot=14 gates passed â†’ entering spawn block, npcIdx will be assigned
[SPAWN] slot=14 -> npc[0] charaId=2 stateStep=6 pos=(4,232)
[SFX] Sd_PlaySfx: sfxId=1321 (Sfx_Base+41) vol=0
[BIGPRIM] code=0x3c tp=0x37 span=1461x1158 at(334,883)
[BIGPRIM] code=0x3c tp=0x37 span=915x749 at(811,697)
[SFX] Sd_PlaySfx: sfxId=1382 (Sfx_Base+102) vol=249
[BIGPRIM] code=0x3c tp=0x37 span=837x1240 at(70,752)
[BIGPRIM] code=0x3c tp=0x37 span=1014x1215 at(154,774)
[SFX] Sd_PlaySfx: sfxId=1382 (Sfx_Base+102) vol=247
[BIGPRIM] code=0x3c tp=0x28 span=1107x906 at(-563,784)
[BIGPRIM] code=0x3a tp=0xa span=1020x770 at(130,-25)
[BIGPRIM] code=0x3c tp=0x28 span=1857x748 at(-578,2250)
[SFX] Sd_PlaySfx: sfxId=1382 (Sfx_Base+102) vol=246
[BIGPRIM] code=0x3c tp=0x37 span=2046x1517 at(715,-2282)
[BIGPRIM] code=0x3c tp=0x28 span=2163x1141 at(-1232,2082)
[SFX] Sd_PlaySfx: sfxId=1382 (Sfx_Base+102) vol=245
[BIGPRIM] code=0x3c tp=0x28 span=2154x1607 at(-1766,1353)
[BIGPRIM] code=0x3c tp=0x37 span=699x1093 at(-11,-1510)
[SFX] Sd_PlaySfx: sfxId=1382 (Sfx_Base+102) vol=243
[BIGPRIM] code=0x3c tp=0x28 span=1143x1414 at(-773,736)
[BIGPRIM] code=0x3c tp=0x37 span=1065x977 at(1021,691)
[SFX] Sd_PlaySfx: sfxId=1382 (Sfx_Base+102) vol=241
[BIGPRIM] code=0x3c tp=0x37 span=1356x1407 at(976,736)
[BIGPRIM] code=0x3c tp=0x37 span=2127x270 at(604,-2275)
[SFX] Sd_PlaySfx: sfxId=1382 (Sfx_Base+102) vol=239
[BIGPRIM] code=0x3c tp=0x37 span=1155x768 at(1108,-973)
[BIGPRIM] code=0x3a tp=0xa span=1020x770 at(130,-25)
[BIGPRIM] code=0x3c tp=0x37 span=1566x1639 at(-884,1070)
[SFX] Sd_PlaySfx: sfxId=1382 (Sfx_Base+102) vol=238
[BIGPRIM] code=0x3a tp=0xa span=1020x770 at(130,-25)
[BIGPRIM] code=0x3a tp=0xa span=1020x770 at(130,-25)
[BIGPRIM] code=0x3c tp=0x37 span=873x1109 at(88,752)
[BIGPRIM] code=0x3c tp=0x2c span=1692x1562 at(2863,-1803)
[SFX] Sd_PlaySfx: sfxId=1382 (Sfx_Base+102) vol=238
[CHNK] n=4 s0=-1,5,st3 s1=-1,4,st3 s2=0,5,st3 s3=0,4,st3
[BIGPRIM] code=0x3c tp=0x37 span=2037x508 at(-1124,2568)
[BIGPRIM] code=0x3c tp=0x37 span=888x1478 at(-71,-1796)
[BIGPRIM] code=0x3c tp=0x37 span=2085x1372 at(526,1485)
[BIGPRIM] code=0x3c tp=0x2c span=978x745 at(2992,-691)
[BIGPRIM] code=0x3c tp=0x37 span=753x855 at(823,684)
[BIGPRIM] code=0x3c tp=0x2c span=990x842 at(3100,-880)
[BIGPRIM] code=0x3c tp=0x37 span=2157x199 at(-890,-2616)
[BIGPRIM] code=0x3c tp=0x37 span=2196x321 at(-1754,2420)
[BIGPRIM] code=0x3c tp=0x37 span=729x1016 at(256,713)
[SFX] Sd_PlaySfx: sfxId=1382 (Sfx_Base+102) vol=239
[BIGPRIM] code=0x3c tp=0x37 span=2097x1379 at(-1268,1047)
[BIGPRIM] code=0x3c tp=0x37 span=2121x527 at(202,2021)
[BIGPRIM] code=0x3c tp=0x37 span=2085x427 at(430,2121)
[BIGPRIM] code=0x3c tp=0x37 span=2049x662 at(-758,-2706)
[BIGPRIM] code=0x3c tp=0x37 span=1980x238 at(865,-2725)
[BIGPRIM] code=0x3c tp=0x37 span=1071x980 at(997,-1163)
[SFX] Sd_PlaySfx: sfxId=1382 (Sfx_Base+102) vol=240
[BIGPRIM] code=0x3c tp=0x37 span=1491x1610 at(-1310,-1880)
[BIGPRIM] code=0x3a tp=0xa span=1020x770 at(130,-25)
[BIGPRIM] code=0x3c tp=0x37 span=1530x974 at(553,1452)
[BIGPRIM] code=0x3c tp=0x37 span=1797x141 at(-854,-2648)
[SFX] Sd_PlaySfx: sfxId=1382 (Sfx_Base+102) vol=241
[BIGPRIM] code=0x3c tp=0x37 span=1347x1501 at(-524,803)
[BIGPRIM] code=0x3c tp=0x37 span=2115x871 at(-254,1459)
[BIGPRIM] code=0x3c tp=0x37 span=2187x392 at(142,1584)
[SFX] Sd_PlaySfx: sfxId=1382 (Sfx_Base+102) vol=243
[BIGPRIM] code=0x3c tp=0x37 span=2178x311 at(835,1665)
[BIGPRIM] code=0x3c tp=0x37 span=1668x858 at(196,1086)
[SFX] Sd_PlaySfx: sfxId=1382 (Sfx_Base+102) vol=244
[BIGPRIM] code=0x3c tp=0x37 span=1896x778 at(-1118,1018)
[BIGPRIM] code=0x3c tp=0x37 span=1884x1356 at(703,-2931)
[SFX] Sd_PlaySfx: sfxId=1382 (Sfx_Base+102) vol=245
[RA] http POST http://retroachievements.org/dorequest.php
[NET] POST retroachievements.org -> 200 (16 bytes)
[RA] http -> status=200 bodyLen=16 body='{"Success":true}'
[BIGPRIM] code=0x3c tp=0x37 span=1143x1154 at(-611,-1475)
[BIGPRIM] code=0x3c tp=0x37 span=1527x1074 at(-866,909)
[SFX] Sd_PlaySfx: sfxId=1382 (Sfx_Base+102) vol=245
[BIGPRIM] code=0x3c tp=0x37 span=876x842 at(295,-1208)
[BIGPRIM] code=0x3c tp=0x37 span=1890x1151 at(-1454,845)
[SFX] Sd_PlaySfx: sfxId=1382 (Sfx_Base+102) vol=244
[BIGPRIM] code=0x3c tp=0x37 span=975x710 at(1075,-1047)
[BIGPRIM] code=0x3c tp=0x37 span=1527x720 at(-86,1288)
[BIGPRIM] code=0x3c tp=0x37 span=1566x363 at(-179,1639)
[SFX] Sd_PlaySfx: sfxId=1382 (Sfx_Base+102) vol=241
[BIGPRIM] code=0x3c tp=0x37 span=1878x1041 at(787,980)
[BIGPRIM] code=0x3c tp=0x37 span=1527x1523 at(-422,-2783)
[SFX] Sd_PlaySfx: sfxId=1382 (Sfx_Base+102) vol=237
[BIGPRIM] code=0x3c tp=0x37 span=1791x1511 at(826,-2931)
[BIGPRIM] code=0x3c tp=0x28 span=1362x1068 at(-479,838)
[BIGPRIM] code=0x3c tp=0x37 span=1533x1479 at(1090,-1954)
[SFX] Sd_PlaySfx: sfxId=1382 (Sfx_Base+102) vol=231
[BIGPRIM] code=0x3c tp=0x28 span=1275x482 at(-989,819)
[BIGPRIM] code=0x3c tp=0x28 span=1356x530 at(1039,832)
[SFX] Sd_PlaySfx: sfxId=1382 (Sfx_Base+102) vol=222
[BIGPRIM] code=0x3c tp=0x28 span=1662x238 at(793,1693)
[BIGPRIM] code=0x3c tp=0x37 span=1527x823 at(-602,-2931)
[SFX] Sd_PlaySfx: sfxId=1382 (Sfx_Base+102) vol=213
[BIGPRIM] code=0x3c tp=0x28 span=1539x579 at(-1307,838)
[SFX] Sd_PlaySfx: sfxId=1382 (Sfx_Base+102) vol=207
[BIGPRIM] code=0x3c tp=0x28 span=1527x266 at(-734,1517)
[BIGPRIM] code=0x3c tp=0x28 span=1527x1010 at(-860,941)
[SFX] Sd_PlaySfx: sfxId=1382 (Sfx_Base+102) vol=206
[BIGPRIM] code=0x3c tp=0x28 span=1527x720 at(-854,1153)
[SFX] Sd_PlaySfx: sfxId=1382 (Sfx_Base+102) vol=210
[BIGPRIM] code=0x3c tp=0x28 span=1527x334 at(-860,1488)
[BIGPRIM] code=0x3c tp=0x28 span=1554x1041 at(-986,916)
[SFX] Sd_PlaySfx: sfxId=1382 (Sfx_Base+102) vol=216
[BIGPRIM] code=0x3a tp=0xa span=1020x770 at(130,-25)
[BIGPRIM] code=0x3c tp=0x28 span=1527x878 at(544,1028)
[BIGPRIM] code=0x3c tp=0x28 span=1005x412 at(910,777)
[SFX] Sd_PlaySfx: sfxId=1382 (Sfx_Base+102) vol=221
[BIGPRIM] code=0x3a tp=0xa span=1020x770 at(130,-25)
[BIGPRIM] code=0x3c tp=0x28 span=1539x270 at(-905,1539)
[BIGPRIM] code=0x3c tp=0x28 span=1287x697 at(934,813)
[BIGPRIM] code=0x3c tp=0x28 span=1515x1010 at(-1010,941)
[SFX] Sd_PlaySfx: sfxId=1382 (Sfx_Base+102) vol=223
[BIGPRIM] code=0x3c tp=0x28 span=1524x1019 at(487,932)
[BIGPRIM] code=0x3a tp=0xa span=1020x770 at(130,-25)
[SFX] Sd_PlaySfx: sfxId=1382 (Sfx_Base+102) vol=224
[BIGPRIM] code=0x3c tp=0x28 span=1593x752 at(412,1128)
[BIGPRIM] code=0x3c tp=0x28 span=1002x518 at(847,787)
[BIGPRIM] code=0x3c tp=0x28 span=1668x1054 at(-1208,890)
[SFX] Sd_PlaySfx: sfxId=1382 (Sfx_Base+102) vol=222
[BIGPRIM] code=0x3c tp=0x28 span=1614x1013 at(-1112,938)
[BIGPRIM] code=0x3c tp=0x28 span=1527x939 at(496,986)
[BIGPRIM] code=0x3c tp=0x28 span=1521x993 at(-521,887)
[SFX] Sd_PlaySfx: sfxId=1382 (Sfx_Base+102) vol=217
[BIGPRIM] code=0x3c tp=0x28 span=1269x534 at(-821,806)
[BIGPRIM] code=0x3c tp=0x28 span=1533x367 at(118,1288)
[BIGPRIM] code=0x3a tp=0xa span=1020x770 at(130,-25)
[SFX] Sd_PlaySfx: sfxId=1382 (Sfx_Base+102) vol=207
[BIGPRIM] code=0x3a tp=0xa span=1020x770 at(130,-25)
[SFX] Sd_PlaySfx: sfxId=1382 (Sfx_Base+102) vol=198
[BIGPRIM] code=0x3a tp=0xa span=1020x770 at(130,-25)
[BIGPRIM] code=0x3a tp=0xa span=1020x770 at(130,-25)
[SFX] Sd_PlaySfx: sfxId=1382 (Sfx_Base+102) vol=189
[BIGPRIM] code=0x3a tp=0xa span=1020x770 at(130,-25)
[SFX] Sd_PlaySfx: sfxId=1378 (Sfx_Base+98) vol=187
[BIGPRIM] code=0x3c tp=0x28 span=1617x1061 at(-1169,848)
[SFX] Sd_PlaySfx: sfxId=1382 (Sfx_Base+102) vol=177
[BIGPRIM] code=0x3c tp=0x28 span=2244x1312 at(-1988,973)
[SFX] Sd_PlaySfx: sfxId=1382 (Sfx_Base+102) vol=153
[BIGPRIM] code=0x3a tp=0xa span=1020x770 at(130,-25)
[BIGPRIM] code=0x3c tp=0x28 span=1428x604 at(-1253,765)
[SFX] Sd_PlaySfx: sfxId=1382 (Sfx_Base+102) vol=107
[BIGPRIM] code=0x3c tp=0x28 span=1536x173 at(-1100,2266)
[BIGPRIM] code=0x3c tp=0x28 span=1527x1340 at(556,951)
[SFX] Sd_PlaySfx: sfxId=1382 (Sfx_Base+102) vol=49
[BIGPRIM] code=0x3c tp=0x28 span=1212x707 at(1036,707)
[BIGPRIM] code=0x3a tp=0xa span=1020x770 at(130,-25)
[SFX] Sd_PlaySfx: sfxId=1382 (Sfx_Base+102) vol=0
[BIGPRIM] code=0x3c tp=0x28 span=801x1218 at(103,736)
[BIGPRIM] code=0x3c tp=0x28 span=1917x1298 at(-398,1025)
[SFX] Sd_PlaySfx: sfxId=1382 (Sfx_Base+102) vol=0
[BIGPRIM] code=0x3c tp=0x28 span=1347x1359 at(817,945)
[BIGPRIM] code=0x3c tp=0x28 span=1374x1388 at(94,903)
[SFX] Sd_PlaySfx: sfxId=1382 (Sfx_Base+102) vol=41
[BIGPRIM] code=0x3c tp=0x28 span=1296x1408 at(709,864)
[BIGPRIM] code=0x3c tp=0x28 span=1035x681 at(1108,678)
[SFX] Sd_PlaySfx: sfxId=1382 (Sfx_Base+102) vol=73
[BIGPRIM] code=0x3a tp=0xa span=1020x770 at(130,-25)
[BIGPRIM] code=0x3c tp=0x28 span=2133x1215 at(-500,1134)
[SFX] Sd_PlaySfx: sfxId=1382 (Sfx_Base+102) vol=107
[BIGPRIM] code=0x3c tp=0x28 span=2028x794 at(-1808,1600)
[BIGPRIM] code=0x3c tp=0x28 span=1725x1376 at(802,851)
[SFX] Sd_PlaySfx: sfxId=1382 (Sfx_Base+102) vol=148
[BIGPRIM] code=0x3a tp=0xa span=1020x770 at(130,-25)
[SFX] Sd_PlaySfx: sfxId=1382 (Sfx_Base+102) vol=181
[BIGPRIM] code=0x3c tp=0x28 span=1086x801 at(1129,700)
[BIGPRIM] code=0x3c tp=0x28 span=2187x1093 at(-794,1282)
[SFX] Sd_PlaySfx: sfxId=1382 (Sfx_Base+102) vol=196
[BIGPRIM] code=0x3c tp=0x28 span=2217x987 at(10,1028)
[SFX] Sd_PlaySfx: sfxId=1382 (Sfx_Base+102) vol=206
[BIGPRIM] code=0x3c tp=0x28 span=2217x919 at(-74,1102)
[BIGPRIM] code=0x3c tp=0x28 span=2217x945 at(-182,1044)
[SFX] Sd_PlaySfx: sfxId=1382 (Sfx_Base+102) vol=211
[BIGPRIM] code=0x3a tp=0xa span=1020x770 at(130,-25)
[SFX] Sd_PlaySfx: sfxId=1382 (Sfx_Base+102) vol=212
[BIGPRIM] code=0x3c tp=0x28 span=1470x1093 at(721,909)
[SFX] Sd_PlaySfx: sfxId=1283 (Sfx_Base+3) vol=0
[SFX] Sd_PlaySfx: sfxId=1286 (Sfx_Base+6) vol=182
[SFX] Sd_PlaySfx: sfxId=1377 (Sfx_Base+97) vol=185
[SH-XBOX] vblank 34200
[MEM] tick: free=2232KB (558 pages)
[BIGPRIM] code=0x3c tp=0x28 span=2061x848 at(-1550,1115)
[SFX] Sd_PlaySfx: sfxId=1382 (Sfx_Base+102) vol=209
[SFX] Sd_PlaySfx: sfxId=1377 (Sfx_Base+97) vol=183
[BIGPRIM] code=0x3a tp=0xa span=1020x770 at(130,-25)
[BIGPRIM] code=0x3c tp=0x28 span=2157x964 at(1096,1006)
[BIGPRIM] code=0x3c tp=0x28 span=1722x508 at(697,1417)
[SFX] Sd_PlaySfx: sfxId=1382 (Sfx_Base+102) vol=197
[BIGPRIM] code=0x3c tp=0x28 span=1677x807 at(-1268,1092)
[BIGPRIM] code=0x3c tp=0x28 span=1533x1041 at(-614,890)
[SFX] Sd_PlaySfx: sfxId=1382 (Sfx_Base+102) vol=189
[BIGPRIM] code=0x3c tp=0x28 span=1731x775 at(-902,1227)
[BIGPRIM] code=0x3c tp=0x28 span=1803x980 at(-1328,1028)
[SFX] Sd_PlaySfx: sfxId=1382 (Sfx_Base+102) vol=182
[BIGPRIM] code=0x3c tp=0x28 span=1461x1112 at(286,890)
[SFX] Sd_PlaySfx: sfxId=1382 (Sfx_Base+102) vol=169
[BIGPRIM] code=0x3c tp=0x28 span=993x1247 at(700,755)
[BIGPRIM] code=0x3c tp=0x28 span=1485x1205 at(-1136,797)
[SFX] Sd_PlaySfx: sfxId=1382 (Sfx_Base+102) vol=149
[BIGPRIM] code=0x3a tp=0xa span=1020x770 at(130,-25)
[SFX] Sd_PlaySfx: sfxId=1382 (Sfx_Base+102) vol=120
[BIGPRIM] code=0x3c tp=0x28 span=2166x643 at(1099,1359)
[BIGPRIM] code=0x3c tp=0x28 span=1398x1084 at(1006,912)
[SFX] Sd_PlaySfx: sfxId=1382 (Sfx_Base+102) vol=93
[BIGPRIM] code=0x3c tp=0x28 span=1038x1186 at(358,810)
[SFX] Sd_PlaySfx: sfxId=1382 (Sfx_Base+102) vol=77
[BIGPRIM] code=0x3a tp=0xa span=1020x770 at(130,-25)
[SFX] Sd_PlaySfx: sfxId=1382 (Sfx_Base+102) vol=58
[BIGPRIM] code=0x3a tp=0xa span=1020x770 at(130,-25)
[BIGPRIM] code=0x3c tp=0x28 span=2196x884 at(1015,1118)
[SFX] Sd_PlaySfx: sfxId=1382 (Sfx_Base+102) vol=41
[CHNK] n=4 s0=-1,5,st3 s1=-1,4,st3 s2=0,5,st3 s3=0,4,st3
[BIGPRIM] code=0x3c tp=0x28 span=1359x1151 at(-1073,851)
[SFX] Sd_PlaySfx: sfxId=1382 (Sfx_Base+102) vol=6
[BIGPRIM] code=0x3c tp=0x28 span=2166x322 at(715,1674)
[BIGPRIM] code=0x3c tp=0x28 span=1695x774 at(133,964)
[SFX] Sd_PlaySfx: sfxId=1283 (Sfx_Base+3) vol=0
[SFX] Sd_PlaySfx: sfxId=1382 (Sfx_Base+102) vol=0
[BIGPRIM] code=0x3c tp=0x28 span=1002x759 at(745,790)
[SFX] Sd_PlaySfx: sfxId=1283 (Sfx_Base+3) vol=0
[BIGPRIM] code=0x3c tp=0x28 span=1632x800 at(-1277,919)
[SFX] Sd_PlaySfx: sfxId=1382 (Sfx_Base+102) vol=35
[BIGPRIM] code=0x3c tp=0x28 span=1332x875 at(-914,838)
[BIGPRIM] code=0x3c tp=0x28 span=1344x726 at(-866,961)
[ATTACK-DONE] st=61 lookupSt=61 kf=604 -> pcAttackDone
[SFX] Sd_PlaySfx: sfxId=1382 (Sfx_Base+102) vol=88
[BIGPRIM] code=0x3c tp=0x28 span=1509x531 at(-338,1047)
[BIGPRIM] code=0x3a tp=0xa span=1020x770 at(130,-25)
[SFX] Sd_PlaySfx: sfxId=1382 (Sfx_Base+102) vol=135
[BIGPRIM] code=0x3a tp=0xa span=1020x770 at(130,-25)
[BIGPRIM] code=0x3c tp=0x28 span=987x495 at(-659,748)
[SFX] Sd_PlaySfx: sfxId=1382 (Sfx_Base+102) vol=171
[BIGPRIM] code=0x3c tp=0x28 span=1659x830 at(1102,806)
[BIGPRIM] code=0x3a tp=0xa span=1020x770 at(130,-25)
[BIGPRIM] code=0x3a tp=0xa span=1020x770 at(130,-25)
[SFX] Sd_PlaySfx: sfxId=1382 (Sfx_Base+102) vol=192
[BIGPRIM] code=0x3a tp=0xa span=1020x770 at(130,-25)
[BIGPRIM] code=0x3c tp=0x28 span=1686x842 at(-1250,826)
[BIGPRIM] code=0x3c tp=0x28 span=1092x363 at(-671,774)
[SFX] Sd_PlaySfx: sfxId=1382 (Sfx_Base+102) vol=208
[BIGPRIM] code=0x3c tp=0x28 span=1380x771 at(-1193,781)
[SFX] Sd_PlaySfx: sfxId=1382 (Sfx_Base+102) vol=217
[BIGPRIM] code=0x3c tp=0x28 span=1947x209 at(-428,1568)
[SFX] Sd_PlaySfx: sfxId=1382 (Sfx_Base+102) vol=221
[BIGPRIM] code=0x3a tp=0xa span=1020x770 at(130,-25)
[BIGPRIM] code=0x3c tp=0x28 span=1551x739 at(784,1115)
[SFX] Sd_PlaySfx: sfxId=1382 (Sfx_Base+102) vol=222
[BIGPRIM] code=0x3c tp=0x28 span=1527x807 at(154,1092)
[SFX] Sd_PlaySfx: sfxId=1382 (Sfx_Base+102) vol=219
[BIGPRIM] code=0x3c tp=0x28 span=2220x1000 at(-1904,951)
[BIGPRIM] code=0x3c tp=0x28 span=1797x929 at(868,1009)
[SFX] Sd_PlaySfx: sfxId=1382 (Sfx_Base+102) vol=212
[BIGPRIM] code=0x3c tp=0x28 span=1149x353 at(1114,755)
[SFX] Sd_PlaySfx: sfxId=1382 (Sfx_Base+102) vol=197
[BIGPRIM] code=0x3c tp=0x28 span=1527x1073 at(-416,935)
[BIGPRIM] code=0x3a tp=0xa span=1020x770 at(130,-25)
[SFX] Sd_PlaySfx: sfxId=1382 (Sfx_Base+102) vol=176
[BIGPRIM] code=0x3c tp=0x28 span=2271x1112 at(-1952,909)
[SFX] Sd_PlaySfx: sfxId=1382 (Sfx_Base+102) vol=144
[BIGPRIM] code=0x3c tp=0x28 span=1668x970 at(787,993)
[BIGPRIM] code=0x3c tp=0x28 span=1629x202 at(-830,1655)
[SFX] Sd_PlaySfx: sfxId=1382 (Sfx_Base+102) vol=111
[BIGPRIM] code=0x3c tp=0x28 span=1674x476 at(-1100,1359)
[SFX] Sd_PlaySfx: sfxId=1283 (Sfx_Base+3) vol=0
[BIGPRIM] code=0x3c tp=0x28 span=1749x774 at(-1208,1112)
[SFX] Sd_PlaySfx: sfxId=1382 (Sfx_Base+102) vol=71
[BIGPRIM] code=0x3a tp=0xa span=1020x770 at(130,-25)
[SFX] Sd_PlaySfx: sfxId=1379 (Sfx_Base+99) vol=24
[SFX] Sd_PlaySfx: sfxId=1382 (Sfx_Base+102) vol=0
[BIGPRIM] code=0x3c tp=0x28 span=1704x906 at(-1106,1012)
[BIGPRIM] code=0x3c tp=0x28 span=1659x835 at(-830,1051)
[BIGPRIM] code=0x3a tp=0xa span=1020x770 at(130,-25)
[BIGPRIM] code=0x3c tp=0x28 span=2169x842 at(-428,1012)
[BIGPRIM] code=0x3a tp=0xa span=1020x770 at(130,-25)
[RA] watch 84008: state=2 unlocked=1786116799 flags[4B4]=00 flags[4A1]=00 word4=0x00040000 setbits=51 map=10/3
[BIGPRIM] code=0x3a tp=0xa span=1020x770 at(130,-25)
[SFX] Sd_PlaySfx: sfxId=1382 (Sfx_Base+102) vol=121
[BIGPRIM] code=0x3c tp=0x28 span=2397x1427 at(1048,858)
[BIGPRIM] code=0x3c tp=0x28 span=2451x1401 at(-2228,961)
[SFX] Sd_PlaySfx: sfxId=1382 (Sfx_Base+102) vol=166
[BIGPRIM] code=0x3c tp=0x28 span=1821x1459 at(-1238,903)
[BIGPRIM] code=0x3c tp=0x28 span=2217x1289 at(937,1009)
[SFX] Sd_PlaySfx: sfxId=1382 (Sfx_Base+102) vol=193
[BIGPRIM] code=0x3c tp=0x28 span=1383x1302 at(1039,867)
[SFX] Sd_PlaySfx: sfxId=1382 (Sfx_Base+102) vol=214
[BIGPRIM] code=0x3c tp=0x28 span=2223x353 at(-116,1565)
[BIGPRIM] code=0x3c tp=0x28 span=1221x784 at(-932,755)
[SFX] Sd_PlaySfx: sfxId=1382 (Sfx_Base+102) vol=220
[BIGPRIM] code=0x3c tp=0x28 span=1371x1012 at(430,900)
[BIGPRIM] code=0x3c tp=0x28 span=2223x700 at(-1040,1231)
[SFX] Sd_PlaySfx: sfxId=1382 (Sfx_Base+102) vol=221
[BIGPRIM] code=0x3c tp=0x28 span=1020x540 at(-851,726)
[BIGPRIM] code=0x3a tp=0xa span=1020x770 at(130,-25)
[SFX] Sd_PlaySfx: sfxId=1382 (Sfx_Base+102) vol=220
[BIGPRIM] code=0x3c tp=0x28 span=930x1147 at(-53,816)
[SFX] Sd_PlaySfx: sfxId=1382 (Sfx_Base+102) vol=214
[BIGPRIM] code=0x3c tp=0x28 span=2193x514 at(46,1404)
[BIGPRIM] code=0x3c tp=0x28 span=1419x1176 at(-998,800)
[SFX] Sd_PlaySfx: sfxId=1382 (Sfx_Base+102) vol=207
[BIGPRIM] code=0x3a tp=0xa span=1020x770 at(130,-25)
[SFX] Sd_PlaySfx: sfxId=1382 (Sfx_Base+102) vol=196
[BIGPRIM] code=0x3c tp=0x28 span=852x1179 at(10,797)
[BIGPRIM] code=0x3c tp=0x28 span=2193x608 at(106,1317)
[SFX] Sd_PlaySfx: sfxId=1382 (Sfx_Base+102) vol=179
[BIGPRIM] code=0x3c tp=0x28 span=1317x1058 at(-974,787)
[SFX] Sd_PlaySfx: sfxId=1382 (Sfx_Base+102) vol=151
[BIGPRIM] code=0x3c tp=0x28 span=1887x967 at(-1085,945)
[BIGPRIM] code=0x3a tp=0xa span=1020x770 at(130,-25)
[SFX] Sd_PlaySfx: sfxId=1382 (Sfx_Base+102) vol=116
[BIGPRIM] code=0x3c tp=0x28 span=1737x955 at(1012,996)
[SFX] Sd_PlaySfx: sfxId=1382 (Sfx_Base+102) vol=74
[BIGPRIM] code=0x3c tp=0x28 span=1653x1044 at(886,900)
[BIGPRIM] code=0x3a tp=0xa span=1020x770 at(130,-25)
[SFX] Sd_PlaySfx: sfxId=1283 (Sfx_Base+3) vol=0
[SFX] Sd_PlaySfx: sfxId=1286 (Sfx_Base+6) vol=0
[SFX] Sd_PlaySfx: sfxId=1377 (Sfx_Base+97) vol=0
[SFX] Sd_PlaySfx: sfxId=1382 (Sfx_Base+102) vol=27
[SFX] Sd_PlaySfx: sfxId=1377 (Sfx_Base+97) vol=0
[BIGPRIM] code=0x3a tp=0xa span=1020x770 at(130,-25)
[BIGPRIM] code=0x3c tp=0x28 span=1206x1051 at(-428,874)
[BIGPRIM] code=0x3c tp=0x28 span=1050x888 at(-224,928)
[BIGPRIM] code=0x3a tp=0xa span=1020x770 at(130,-25)
[SFX] Sd_PlaySfx: sfxId=1382 (Sfx_Base+102) vol=0
[BIGPRIM] code=0x3c tp=0x28 span=1338x700 at(1108,945)
[BIGPRIM] code=0x3a tp=0xa span=1020x770 at(130,-25)
[SFX] Sd_PlaySfx: sfxId=1382 (Sfx_Base+102) vol=34
[BIGPRIM] code=0x3c tp=0x28 span=975x283 at(-623,922)
[BIGPRIM] code=0x3a tp=0xa span=1020x770 at(130,-25)
[SFX] Sd_PlaySfx: sfxId=1378 (Sfx_Base+98) vol=51
[SFX] Sd_PlaySfx: sfxId=1382 (Sfx_Base+102) vol=51
[BIGPRIM] code=0x3c tp=0x28 span=2046x739 at(604,1115)
[SFX] Sd_PlaySfx: sfxId=1382 (Sfx_Base+102) vol=58
[BIGPRIM] code=0x3c tp=0x28 span=2172x951 at(-1532,1057)
[BIGPRIM] code=0x3c tp=0x28 span=2160x939 at(739,1102)
[SFX] Sd_PlaySfx: sfxId=1382 (Sfx_Base+102) vol=85
[BIGPRIM] code=0x3c tp=0x28 span=1908x427 at(673,1594)
[SFX] Sd_PlaySfx: sfxId=1382 (Sfx_Base+102) vol=128
[BIGPRIM] code=0x3c tp=0x28 span=1545x1016 at(-890,954)
[SH-XBOX] vblank 34800
[MEM] tick: free=2232KB (558 pages)
[BIGPRIM] code=0x3c tp=0x28 span=1722x1141 at(-1472,842)
[BIGPRIM] code=0x3c tp=0x28 span=1974x266 at(-1424,1665)
[SFX] Sd_PlaySfx: sfxId=1382 (Sfx_Base+102) vol=169
[BIGPRIM] code=0x3a tp=0xa span=1020x770 at(130,-25)
[BIGPRIM] code=0x3a tp=0xa span=1020x770 at(130,-25)
[BIGPRIM] code=0x3c tp=0x28 span=1407x639 at(1099,765)
[SFX] Sd_PlaySfx: sfxId=1382 (Sfx_Base+102) vol=194
[BIGPRIM] code=0x3c tp=0x28 span=2190x829 at(-1934,1089)
[BIGPRIM] code=0x3c tp=0x28 span=1998x1092 at(973,871)
[BIGPRIM] code=0x3c tp=0x28 span=1557x787 at(-284,1112)
[SFX] Sd_PlaySfx: sfxId=1382 (Sfx_Base+102) vol=211
[BIGPRIM] code=0x3a tp=0xa span=1020x770 at(130,-25)
[BIGPRIM] code=0x3c tp=0x28 span=1266x861 at(709,842)
[SFX] Sd_PlaySfx: sfxId=1283 (Sfx_Base+3) vol=0
[SFX] Sd_PlaySfx: sfxId=1382 (Sfx_Base+102) vol=223
[BIGPRIM] code=0x3c tp=0x28 span=1557x405 at(-434,1443)
[BIGPRIM] code=0x3c tp=0x28 span=1551x694 at(-716,1192)
[SFX] Sd_PlaySfx: sfxId=1382 (Sfx_Base+102) vol=228
[BIGPRIM] code=0x3c tp=0x28 span=1572x775 at(-1391,787)
[SFX] Sd_PlaySfx: sfxId=1283 (Sfx_Base+3) vol=0
[SFX] Sd_PlaySfx: sfxId=1382 (Sfx_Base+102) vol=231
[BIGPRIM] code=0x3c tp=0x28 span=1029x1109 at(220,848)
[BIGPRIM] code=0x3c tp=0x28 span=903x1138 at(394,813)
[SFX] Sd_PlaySfx: sfxId=1382 (Sfx_Base+102) vol=230
[BIGPRIM] code=0x3a tp=0xa span=1020x770 at(130,-25)
[SFX] Sd_PlaySfx: sfxId=1283 (Sfx_Base+3) vol=0
[SFX] Sd_PlaySfx: sfxId=1382 (Sfx_Base+102) vol=227
[BIGPRIM] code=0x3c tp=0x28 span=1404x1103 at(-500,893)
[BIGPRIM] code=0x3a tp=0xa span=1020x770 at(130,-25)
[SFX] Sd_PlaySfx: sfxId=1382 (Sfx_Base+102) vol=222
[BIGPRIM] code=0x3c tp=0x28 span=1338x695 at(-1103,748)
[CHNK] n=4 s0=-1,5,st3 s1=-1,4,st3 s2=0,5,st3 s3=0,4,st3
[SFX] Sd_PlaySfx: sfxId=1382 (Sfx_Base+102) vol=210
[BIGPRIM] code=0x3a tp=0xa span=1020x770 at(130,-25)
[BIGPRIM] code=0x3c tp=0x28 span=984x1093 at(547,784)
[SFX] Sd_PlaySfx: sfxId=1382 (Sfx_Base+102) vol=190
[BIGPRIM] code=0x3c tp=0x28 span=882x1186 at(457,765)
[SFX] Sd_PlaySfx: sfxId=1382 (Sfx_Base+102) vol=168
[BIGPRIM] code=0x3c tp=0x28 span=1038x1119 at(256,806)
[BIGPRIM] code=0x3a tp=0xa span=1020x770 at(130,-25)
[SFX] Sd_PlaySfx: sfxId=1382 (Sfx_Base+102) vol=140
[BIGPRIM] code=0x3c tp=0x28 span=2172x672 at(-1574,1234)
[SFX] Sd_PlaySfx: sfxId=1382 (Sfx_Base+102) vol=108
[BIGPRIM] code=0x3c tp=0x28 span=1566x1119 at(-1352,806)
[BIGPRIM] code=0x3c tp=0x28 span=1224x923 at(-674,848)
[SFX] Sd_PlaySfx: sfxId=1382 (Sfx_Base+102) vol=59
[SFX] Sd_PlaySfx: sfxId=1283 (Sfx_Base+3) vol=0
[SFX] Sd_PlaySfx: sfxId=1286 (Sfx_Base+6) vol=0
[SFX] Sd_PlaySfx: sfxId=1377 (Sfx_Base+97) vol=0
[BIGPRIM] code=0x3c tp=0x28 span=1158x980 at(-548,861)
[SFX] Sd_PlaySfx: sfxId=1377 (Sfx_Base+97) vol=0
[BIGPRIM] code=0x3c tp=0x28 span=873x935 at(-137,829)
[SFX] Sd_PlaySfx: sfxId=1382 (Sfx_Base+102) vol=0
[BIGPRIM] code=0x3a tp=0xa span=1020x770 at(130,-25)
[BIGPRIM] code=0x3c tp=0x28 span=1422x762 at(-902,906)
[BIGPRIM] code=0x3c tp=0x28 span=1008x428 at(709,793)
[SFX] Sd_PlaySfx: sfxId=1316 (Sfx_Base+36) vol=0
[BIGPRIM] code=0x3c tp=0x28 span=1716x633 at(973,800)
[BIGPRIM] code=0x3c tp=0x28 span=2079x536 at(-50,1080)
[BIGPRIM] code=0x3c tp=0x28 span=1602x552 at(-836,900)
[BIGPRIM] code=0x3c tp=0x28 span=2043x595 at(-1148,1105)
[BIGPRIM] code=0x3c tp=0x28 span=1617x964 at(-1172,967)
[BIGPRIM] code=0x3a tp=0xa span=1020x770 at(130,-25)
[BIGPRIM] code=0x3c tp=0x28 span=1917x592 at(-974,2786)
[BIGPRIM] code=0x3c tp=0x28 span=945x1135 at(508,758)
[BIGPRIM] code=0x3c tp=0x28 span=2172x668 at(-1940,2780)
[BIGPRIM] code=0x3c tp=0x28 span=2133x1511 at(-878,1732)
[BIGPRIM] code=0x3a tp=0xa span=1020x770 at(130,-25)
[BIGPRIM] code=0x3c tp=0x28 span=1869x1533 at(-1370,1581)
[BIGPRIM] code=0x3c tp=0x5c span=150x749 at(3559,1083)
[BIGPRIM] code=0x3c tp=0x28 span=1296x1206 at(-1145,716)
[BIGPRIM] code=0x3a tp=0xa span=1020x770 at(130,-25)
[BIGPRIM] code=0x3c tp=0x28 span=1572x1591 at(-1322,771)
[BIGPRIM] code=0x3a tp=0xa span=1020x770 at(130,-25)
[BIGPRIM] code=0x3a tp=0xa span=1020x770 at(130,-25)
[BIGPRIM] code=0x3c tp=0x28 span=2061x1356 at(-194,1893)
[BIGPRIM] code=0x3c tp=0x28 span=1020x900 at(-758,684)
[BIGPRIM] code=0x3c tp=0x28 span=2106x649 at(-1898,2934)
[BIGPRIM] code=0x3c tp=0x28 span=978x1627 at(661,774)
[BIGPRIM] code=0x3c tp=0x28 span=2091x1392 at(430,1857)
[BIGPRIM] code=0x3c tp=0x28 span=1011x1466 at(829,758)
[BIGPRIM] code=0x3a tp=0xa span=1020x770 at(130,-25)
[BIGPRIM] code=0x3c tp=0x28 span=2055x637 at(556,2728)
[BIGPRIM] code=0x3c tp=0x28 span=900x1276 at(-137,732)
[BIGPRIM] code=0x3c tp=0x28 span=870x787 at(1126,662)
[BIGPRIM] code=0x3c tp=0x37 span=693x1613 at(-62,-2217)
[BIGPRIM] code=0x3c tp=0x28 span=717x987 at(478,700)
[BIGPRIM] code=0x3c tp=0x28 span=792x913 at(-149,687)
[BIGPRIM] code=0x3c tp=0x37 span=1368x861 at(973,-2931)
[BIGPRIM] code=0x3c tp=0x2c span=1026x855 at(3196,-1070)
[BIGPRIM] code=0x3c tp=0x2c span=918x765 at(3250,-1044)
[BIGPRIM] code=0x3c tp=0x37 span=2058x1010 at(1057,-2552)
[BIGPRIM] code=0x3c tp=0x2c span=1044x932 at(3187,-1382)
[BIGPRIM] code=0x3c tp=0x28 span=2094x642 at(-1670,2761)
[BIGPRIM] code=0x3c tp=0x2c span=1110x1048 at(3154,-1189)
[BIGPRIM] code=0x3c tp=0x2c span=1206x1112 at(3106,-1623)
[BIGPRIM] code=0x3c tp=0x37 span=2055x562 at(388,-2487)
[BIGPRIM] code=0x3c tp=0x37 span=720x1151 at(76,-1523)
[BIGPRIM] code=0x3c tp=0x2c span=1440x1234 at(2989,-2426)
[BIGPRIM] code=0x3c tp=0x37 span=834x743 at(-503,655)
[BIGPRIM] code=0x3c tp=0x2c span=1884x1254 at(2767,-1260)
[BIGPRIM] code=0x3a tp=0xa span=1020x770 at(130,-25)
[BIGPRIM] code=0x3c tp=0x37 span=2055x637 at(388,2728)
[BIGPRIM] code=0x3c tp=0x37 span=2055x636 at(364,2870)
[BIGPRIM] code=0x3c tp=0x37 span=2055x1511 at(-500,1700)
[BIGPRIM] code=0x3c tp=0x37 span=2070x592 at(-1502,-2430)
[BIGPRIM] code=0x3c tp=0x37 span=2055x636 at(-1124,2780)
[BIGPRIM] code=0x3c tp=0x37 span=2061x1057 at(-80,2250)
[BIGPRIM] code=0x3c tp=0x37 span=849x916 at(910,691)
[BIGPRIM] code=0x3c tp=0x37 span=2067x984 at(28,-1890)
[BIGPRIM] code=0x3c tp=0x37 span=702x910 at(61,684)
[BIGPRIM] code=0x3c tp=0x37 span=2055x636 at(58,2838)
[BIGPRIM] code=0x3c tp=0x37 span=1725x1012 at(-1307,-1658)
[BIGPRIM] code=0x3c tp=0x37 span=2064x637 at(781,2818)
[BIGPRIM] code=0x3c tp=0x37 span=2058x736 at(-1598,2610)
[BIGPRIM] code=0x3c tp=0x37 span=2061x1440 at(-554,1790)
[BIGPRIM] code=0x3c tp=0x37 span=2061x862 at(-878,2471)
[BIGPRIM] code=0x3c tp=0x37 span=2067x732 at(-530,-2024)
[BIGPRIM] code=0x3a tp=0xa span=1020x770 at(130,-25)
[BIGPRIM] code=0x3c tp=0x37 span=873x970 at(886,691)
[BIGPRIM] code=0x3c tp=0x37 span=2067x508 at(-50,-2256)
[BIGPRIM] code=0x3c tp=0x37 span=909x1177 at(898,-1549)
[BIGPRIM] code=0x3c tp=0x37 span=1137x1096 at(1048,858)
[BIGPRIM] code=0x3c tp=0x37 span=621x762 at(169,-1012)
[BIGPRIM] code=0x3a tp=0xa span=1020x770 at(130,-25)
[BIGPRIM] code=0x3a tp=0xa span=1020x770 at(130,-25)
[BIGPRIM] code=0x3c tp=0x37 span=1743x1527 at(-1538,-1954)
[BIGPRIM] code=0x3c tp=0x37 span=1176x755 at(-1022,-864)
[BIGPRIM] code=0x3c tp=0x37 span=1662x1246 at(1051,-1105)
[BIGPRIM] code=0x3c tp=0x37 span=1539x826 at(1006,144)
[BIGPRIM] code=0x3a tp=0xa span=1020x770 at(130,-25)
[BIGPRIM] code=0x3c tp=0x37 span=762x904 at(-107,687)
[BIGPRIM] code=0x3c tp=0x37 span=1605x1392 at(1036,578)
[BIGPRIM] code=0x3c tp=0x37 span=882x1537 at(1093,54)
[BIGPRIM] code=0x3c tp=0x37 span=348x810 at(712,453)
[BIGPRIM] code=0x3a tp=0xa span=1020x770 at(130,-25)
[BIGPRIM] code=0x3c tp=0x37 span=1896x1257 at(-1706,-1960)
[BIGPRIM] code=0x3c tp=0x37 span=1533x1626 at(-164,1308)
[BIGPRIM] code=0x3c tp=0x37 span=351x1247 at(802,-1112)
[BIGPRIM] code=0x3c tp=0x37 span=168x1616 at(793,135)
[SH-XBOX] vblank 35400
[MEM] tick: free=2232KB (558 pages)
[BIGPRIM] code=0x3c tp=0x37 span=942x1238 at(-383,-1472)
[BIGPRIM] code=0x3c tp=0x37 span=108x781 at(961,363)
[BIGPRIM] code=0x3c tp=0x37 span=2094x623 at(-1496,2150)
[BIGPRIM] code=0x3c tp=0x37 span=1983x1430 at(-824,887)
[BIGPRIM] code=0x3c tp=0x37 span=876x1318 at(412,588)
[BIGPRIM] code=0x3c tp=0x37 span=576x845 at(-11,-1147)
[BIGPRIM] code=0x3c tp=0x37 span=447x768 at(640,-790)
[BIGPRIM] code=0x3a tp=0xa span=1020x770 at(130,-25)
[BIGPRIM] code=0x3a tp=0xa span=1020x770 at(130,-25)
[BIGPRIM] code=0x3c tp=0x37 span=1341x884 at(1024,-1308)
[BIGPRIM] code=0x3c tp=0x37 span=2172x849 at(-1934,1963)
[BIGPRIM] code=0x3c tp=0x37 span=2181x1549 at(-176,-2391)
[BIGPRIM] code=0x3a tp=0xa span=1020x770 at(130,-25)
[BIGPRIM] code=0x3a tp=0xa span=1020x770 at(130,-25)
[BIGPRIM] code=0x3c tp=0x37 span=588x890 at(19,-1131)
[BIGPRIM] code=0x3c tp=0x37 span=684x1314 at(46,-1600)
[BIGPRIM] code=0x3c tp=0x37 span=798x1411 at(460,720)
[BIGPRIM] code=0x3c tp=0x37 span=765x787 at(955,646)
[BIGPRIM] code=0x3c tp=0x37 span=2208x746 at(913,-2378)
[BIGPRIM] code=0x3c tp=0x37 span=1284x1530 at(-878,-2063)
[BIGPRIM] code=0x3c tp=0x37 span=2205x762 at(388,2629)
[BIGPRIM] code=0x3c tp=0x37 span=579x769 at(241,-900)
[BIGPRIM] code=0x3c tp=0x37 span=2169x993 at(-866,-2063)
[BIGPRIM] code=0x3c tp=0x37 span=2151x668 at(-872,2915)
[BIGPRIM] code=0x3a tp=0xa span=1020x770 at(130,-25)
[BIGPRIM] code=0x3c tp=0x37 span=1263x1527 at(517,-1800)
[CHNK] n=4 s0=-1,5,st3 s1=-1,4,st3 s2=0,5,st3 s3=0,4,st3
[BIGPRIM] code=0x3c tp=0x37 span=1197x971 at(-476,-1491)
[BIGPRIM] code=0x3c tp=0x37 span=2244x1237 at(907,-1632)
[BIGPRIM] code=0x3c tp=0x37 span=654x759 at(385,-1051)
[BIGPRIM] code=0x3c tp=0x37 span=1686x958 at(-497,-1710)
[BIGPRIM] code=0x3c tp=0x37 span=582x723 at(196,636)
[BIGPRIM] code=0x3c tp=0x37 span=819x1546 at(544,-1979)
[BIGPRIM] code=0x3c tp=0x37 span=573x800 at(352,-1102)
[BIGPRIM] code=0x3c tp=0x37 span=2175x1009 at(-116,-2423)
[BIGPRIM] code=0x3c tp=0x37 span=1515x1623 at(1078,-2179)
[BIGPRIM] code=0x3c tp=0x37 span=2136x794 at(793,-2352)
[BIGPRIM] code=0x3c tp=0x37 span=1086x1122 at(958,700)
[BIGPRIM] code=0x3c tp=0x37 span=846x1250 at(-338,720)
[BIGPRIM] code=0x3c tp=0x37 span=2121x1460 at(-2,-2610)
[BIGPRIM] code=0x3c tp=0x37 span=2124x1553 at(-1484,-2539)
[BIGPRIM] code=0x3c tp=0x37 span=819x1196 at(-371,-1658)
[BIGPRIM] code=0x3c tp=0x37 span=759x1572 at(298,-2073)
[BIGPRIM] code=0x3c tp=0x37 span=1284x765 at(721,-2931)
[BIGPRIM] code=0x3c tp=0x37 span=873x1569 at(481,-2070)
[BIGPRIM] code=0x3c tp=0x28 span=684x778 at(-158,655)
[BIGPRIM] code=0x3a tp=0xa span=1020x770 at(130,-25)
[BIGPRIM] code=0x3c tp=0x28 span=2157x1225 at(-1070,2082)
[BIGPRIM] code=0x3c tp=0x28 span=879x1359 at(-386,736)
[BIGPRIM] code=0x3c tp=0x28 span=2157x662 at(382,2748)
[BIGPRIM] code=0x3a tp=0xa span=1020x770 at(130,-25)
[BIGPRIM] code=0x3c tp=0x28 span=2127x1517 at(-710,1719)
[BIGPRIM] code=0x3c tp=0x28 span=699x1025 at(166,694)
[BIGPRIM] code=0x3c tp=0x28 span=2127x1244 at(304,2057)
[BIGPRIM] code=0x3c tp=0x28 span=573x749 at(469,649)
[BIGPRIM] code=0x3c tp=0x28 span=2121x1530 at(370,1700)
[BIGPRIM] code=0x3c tp=0x28 span=825x1077 at(-431,703)
[BIGPRIM] code=0x3c tp=0x28 span=741x939 at(643,681)
[BIGPRIM] code=0x3c tp=0x28 span=2127x649 at(-194,2793)
[BIGPRIM] code=0x3c tp=0x28 span=2127x655 at(94,2838)
[BIGPRIM] code=0x3c tp=0x28 span=2130x656 at(661,2921)
[BIGPRIM] code=0x3c tp=0x28 span=879x1481 at(-230,736)
[BIGPRIM] code=0x3a tp=0xa span=1020x770 at(130,-25)
[BIGPRIM] code=0x3a tp=0xa span=1020x770 at(130,-25)
[BIGPRIM] code=0x3c tp=0x28 span=2121x1510 at(46,1726)
[BIGPRIM] code=0x3c tp=0x37 span=1284x733 at(925,-2931)
[BIGPRIM] code=0x3c tp=0x28 span=2127x1286 at(-560,2008)
[BIGPRIM] code=0x3c tp=0x37 span=1062x1614 at(-671,-2121)
[BIGPRIM] code=0x3c tp=0x28 span=2127x650 at(-1328,2741)
[BIGPRIM] code=0x3c tp=0x37 span=2127x1568 at(-1202,1655)
[BIGPRIM] code=0x3c tp=0x37 span=2130x929 at(-1604,2417)
[BIGPRIM] code=0x3c tp=0x37 span=1758x1607 at(-320,-2481)
[BIGPRIM] code=0x3c tp=0x37 span=2121x1600 at(-914,1218)
[BIGPRIM] code=0x3c tp=0x37 span=999x1505 at(-470,671)
[BIGPRIM] code=0x3c tp=0x37 span=597x913 at(307,-1391)
[BIGPRIM] code=0x3c tp=0x36 span=1245x1071 at(-872,-1260)
[BIGPRIM] code=0x3c tp=0x37 span=765x955 at(-467,-1292)
[BIGPRIM] code=0x3c tp=0x37 span=1872x1447 at(-68,-2430)
[BIGPRIM] code=0x3c tp=0x36 span=1026x692 at(-746,-765)
[BIGPRIM] code=0x3c tp=0x37 span=2088x1417 at(-704,-2500)
[BIGPRIM] code=0x3c tp=0x37 span=2130x656 at(-1952,2831)
[BIGPRIM] code=0x3c tp=0x37 span=2145x1083 at(634,2250)
[BIGPRIM] code=0x3a tp=0xa span=1020x770 at(130,-25)
[BIGPRIM] code=0x3a tp=0xa span=1020x770 at(130,-25)
[BIGPRIM] code=0x3c tp=0x37 span=2127x1505 at(-506,1738)
[BIGPRIM] code=0x3c tp=0x37 span=612x997 at(499,-1340)
[BIGPRIM] code=0x3c tp=0x37 span=1308x1527 at(892,742)
[BIGPRIM] code=0x3c tp=0x37 span=699x781 at(844,-1089)
[BIGPRIM] code=0x3c tp=0x37 span=2127x656 at(592,2799)
[BIGPRIM] code=0x3a tp=0xa span=1020x770 at(130,-25)
[BIGPRIM] code=0x3c tp=0x36 span=2172x1096 at(-1808,2237)
[BIGPRIM] code=0x3c tp=0x36 span=2169x1096 at(-1346,2237)
[BIGPRIM] code=0x3c tp=0x36 span=2169x1096 at(-890,2237)
[BIGPRIM] code=0x3a tp=0xa span=1020x770 at(130,-25)
[BIGPRIM] code=0x3c tp=0x36 span=999x897 at(1030,671)
[BIGPRIM] code=0x3c tp=0x36 span=864x1189 at(-482,-1417)
[BIGPRIM] code=0x3c tp=0x36 span=633x774 at(187,649)
[BIGPRIM] code=0x3c tp=0x28 span=2169x662 at(-1064,2934)
[BIGPRIM] code=0x3c tp=0x36 span=975x1462 at(598,-1796)
[BIGPRIM] code=0x3c tp=0x36 span=906x852 at(-590,-1163)
[BIGPRIM] code=0x3c tp=0x36 span=1089x1170 at(-728,-1520)
[BIGPRIM] code=0x3c tp=0x36 span=1275x1514 at(-884,-1893)
[BIGPRIM] code=0x3c tp=0x36 span=993x861 at(-830,-1224)
[BIGPRIM] code=0x3c tp=0x2c span=900x803 at(-2882,-1272)
[BIGPRIM] code=0x3c tp=0x2c span=1194x913 at(-3029,-1041)
[BIGPRIM] code=0x3c tp=0x2c span=906x855 at(-2612,-1035)
[BIGPRIM] code=0x3c tp=0x2c span=936x881 at(-2702,-1073)
[BIGPRIM] code=0x3a tp=0xa span=1020x770 at(130,-25)
[BIGPRIM] code=0x3c tp=0x36 span=1638x1601 at(-1340,-2166)
[BIGPRIM] code=0x3c tp=0x2c span=1356x926 at(-3110,-1170)
[BIGPRIM] code=0x3c tp=0x2c span=924x848 at(-2552,-1137)
[BIGPRIM] code=0x3c tp=0x2c span=942x868 at(-2903,-1465)
[BIGPRIM] code=0x3c tp=0x2c span=1128x675 at(-2996,-1041)
[BIGPRIM] code=0x3c tp=0x36 span=681x848 at(607,662)
[BIGPRIM] code=0x3c tp=0x2c span=858x816 at(-2861,-1198)
[BIGPRIM] code=0x3c tp=0x36 span=900x1119 at(691,703)
[BIGPRIM] code=0x3c tp=0x2c span=1530x1363 at(-3197,-2256)
[BIGPRIM] code=0x3c tp=0x36 span=1305x1244 at(967,-1922)
[BIGPRIM] code=0x3c tp=0x2c span=1182x1093 at(-3023,-1877)
[BIGPRIM] code=0x3c tp=0x2c span=960x1028 at(-2912,-1243)
[BIGPRIM] code=0x3c tp=0x36 span=2295x1546 at(-2120,-2539)
[BIGPRIM] code=0x3c tp=0x2c span=1272x848 at(-3068,-1044)
[BIGPRIM] code=0x3c tp=0x2c span=1194x854 at(-3029,-848)
[BIGPRIM] code=0x3c tp=0x36 span=2130x1186 at(-1796,-2436)
[BIGPRIM] code=0x3c tp=0x36 span=912x1318 at(574,726)
[BIGPRIM] code=0x3c tp=0x2c span=1500x848 at(-3182,-1526)
[BIGPRIM] code=0x3c tp=0x36 span=2169x662 at(-1058,2812)
[BIGPRIM] code=0x3c tp=0x2c span=1332x1267 at(-3098,-1488)
[BIGPRIM] code=0x3c tp=0x36 span=2136x878 at(979,-2076)
[BIGPRIM] code=0x3c tp=0x36 span=747x881 at(-407,-1295)
[BIGPRIM] code=0x3c tp=0x2c span=1782x1009 at(-3323,-1362)
[BIGPRIM] code=0x3c tp=0x36 span=2169x662 at(-1448,2825)
[BIGPRIM] code=0x3c tp=0x36 span=1284x1337 at(-1100,716)
[BIGPRIM] code=0x3c tp=0x36 span=2169x553 at(-1058,3095)
[BIGPRIM] code=0x3c tp=0x36 span=2163x1495 at(-26,1973)
[BIGPRIM] code=0x3c tp=0x36 span=873x862 at(964,684)
[BIGPRIM] code=0x3c tp=0x2c span=1890x1349 at(-3377,-1340)
[BIGPRIM] code=0x3c tp=0x2c span=1578x1492 at(-3221,-1861)
[BIGPRIM] code=0x3c tp=0x36 span=2163x1498 at(-776,-2391)
[BIGPRIM] code=0x3c tp=0x36 span=543x782 at(781,-900)
[BIGPRIM] code=0x3c tp=0x2c span=1098x617 at(-2738,-1025)
[BIGPRIM] code=0x3a tp=0xa span=1020x770 at(130,-25)
[BIGPRIM] code=0x3c tp=0x2c span=1308x1092 at(-3086,-1648)
[BIGPRIM] code=0x3c tp=0x2c span=906x778 at(-2525,-1690)
[BIGPRIM] code=0x3c tp=0x2c span=1146x971 at(-2147,-1276)
[BIGPRIM] code=0x3c tp=0x36 span=2091x1179 at(586,-2397)
[BIGPRIM] code=0x3c tp=0x36 span=921x1022 at(925,745)
[BIGPRIM] code=0x3c tp=0x36 span=1947x1421 at(454,1976)
[BIGPRIM] code=0x3c tp=0x36 span=1731x624 at(-182,-2301)
[BIGPRIM] code=0x3c tp=0x36 span=1956x1449 at(-1664,-2053)
[BIGPRIM] code=0x3c tp=0x36 span=1074x1324 at(-311,-1886)
[BIGPRIM] code=0x3c tp=0x36 span=972x1359 at(-287,-1857)
[BIGPRIM] code=0x3c tp=0x36 span=2067x1379 at(-1280,2057)
[BIGPRIM] code=0x3c tp=0x36 span=1767x1324 at(1132,-1761)
[SH-XBOX] vblank 36000
[MEM] tick: free=2232KB (558 pages)
[BIGPRIM] code=0x3c tp=0x36 span=720x871 at(793,671)
[BIGPRIM] code=0x3c tp=0x36 span=2727x675 at(-1166,2973)
[BIGPRIM] code=0x3c tp=0x36 span=2265x1582 at(-776,2066)
[BIGPRIM] code=0x3a tp=0xa span=1020x770 at(130,-25)
[BIGPRIM] code=0x3c tp=0x36 span=681x777 at(1066,-633)
[BIGPRIM] code=0x3c tp=0x36 span=1533x1401 at(-602,-2095)
[BIGPRIM] code=0x3c tp=0x36 span=807x1286 at(733,-1443)
[BIGPRIM] code=0x3c tp=0x36 span=1020x742 at(1117,141)
[BIGPRIM] code=0x3a tp=0xa span=1020x770 at(130,-25)
[BIGPRIM] code=0x3c tp=0x36 span=888x1433 at(754,-1603)
[BIGPRIM] code=0x3c tp=0x36 span=1704x1604 at(823,1356)
[BIGPRIM] code=0x3c tp=0x36 span=891x1411 at(763,-1581)
[BIGPRIM] code=0x3c tp=0x36 span=1812x1359 at(-1514,-1960)
[BIGPRIM] code=0x3c tp=0x36 span=1521x1633 at(-404,-2372)
[BIGPRIM] code=0x3c tp=0x36 span=1686x919 at(-1526,-2166)
[BIGPRIM] code=0x3c tp=0x36 span=540x897 at(625,-977)
[BIGPRIM] code=0x3c tp=0x36 span=765x1581 at(541,1083)
[BIGPRIM] code=0x3c tp=0x36 span=630x1071 at(673,-1157)
[BIGPRIM] code=0x3c tp=0x36 span=753x1086 at(733,-1182)
[BIGPRIM] code=0x3a tp=0xa span=1020x770 at(130,-25)
[BIGPRIM] code=0x3c tp=0x28 span=963x286 at(931,1411)
[BIGPRIM] code=0x3c tp=0x28 span=1743x521 at(-428,3050)
[BIGPRIM] code=0x3c tp=0x28 span=1746x521 at(703,3050)
[BIGPRIM] code=0x3c tp=0x35 span=141x1623 at(283,-1738)
[BIGPRIM] code=0x3c tp=0x28 span=1302x739 at(-755,511)
[BIGPRIM] code=0x3c tp=0x28 span=870x875 at(682,777)
[BIGPRIM] code=0x3c tp=0x28 span=1773x502 at(178,3011)
[CHNK] n=4 s0=-1,5,st3 s1=-1,4,st3 s2=0,5,st3 s3=0,4,st3
[BIGPRIM] code=0x3c tp=0x28 span=1548x1267 at(949,848)
[BIGPRIM] code=0x3c tp=0x28 span=1128x672 at(1051,710)
[BIGPRIM] code=0x3c tp=0x28 span=1734x502 at(691,2876)
[BIGPRIM] code=0x3a tp=0xa span=1020x770 at(130,-25)
[BIGPRIM] code=0x3c tp=0x28 span=1218x1553 at(-620,851)
[BIGPRIM] code=0x3a tp=0xa span=1020x770 at(130,-25)
[BIGPRIM] code=0x3c tp=0x28 span=1740x845 at(1051,2301)
[BIGPRIM] code=0x3c tp=0x28 span=1734x788 at(1075,2365)
[BIGPRIM] code=0x3c tp=0x28 span=1026x843 at(-581,748)
[BIGPRIM] code=0x3c tp=0x28 span=1515x1440 at(322,1591)
[BIGPRIM] code=0x3c tp=0x28 span=879x843 at(625,748)
[BIGPRIM] code=0x3c tp=0x28 span=1284x742 at(1090,726)
[BIGPRIM] code=0x3c tp=0x28 span=1521x1584 at(10,1382)
[BIGPRIM] code=0x3c tp=0x28 span=1590x1610 at(979,1446)
[BIGPRIM] code=0x3c tp=0x2c span=870x733 at(1783,-851)
[BIGPRIM] code=0x3a tp=0xa span=1020x770 at(130,-25)
[BIGPRIM] code=0x3a tp=0xa span=1020x770 at(130,-25)
[BIGPRIM] code=0x3c tp=0x28 span=2127x624 at(-74,2709)
[BIGPRIM] code=0x3c tp=0x28 span=2013x591 at(-620,2677)
[BIGPRIM] code=0x3a tp=0xa span=1020x770 at(130,-25)
[BIGPRIM] code=0x3a tp=0xa span=1020x770 at(130,-25)
[BIGPRIM] code=0x3c tp=0x28 span=861x823 at(232,784)
[BIGPRIM] code=0x3c tp=0x39 span=1032x495 at(1123,691)
[BIGPRIM] code=0x3c tp=0x28 span=1632x1331 at(-1226,874)
[BIGPRIM] code=0x3c tp=0x28 span=1533x1466 at(-122,1494)
[BIGPRIM] code=0x3a tp=0xa span=1020x770 at(130,-25)
[BIGPRIM] code=0x3c tp=0x28 span=804x739 at(175,765)
[BIGPRIM] code=0x3c tp=0x28 span=1230x1356 at(-77,877)
[BIGPRIM] code=0x3c tp=0x35 span=195x1080 at(-11,-1137)
[BIGPRIM] code=0x3c tp=0x35 span=234x889 at(-89,-176)
[BIGPRIM] code=0x3a tp=0xa span=1020x770 at(130,-25)
[BIGPRIM] code=0x3c tp=0x39 span=1653x765 at(1132,125)
[BIGPRIM] code=0x3c tp=0x28 span=1590x475 at(1075,2838)
[BIGPRIM] code=0x3c tp=0x39 span=609x785 at(1042,462)
[RA] watch 84008: state=2 unlocked=1786116799 flags[4B4]=00 flags[4A1]=00 word4=0x00040000 setbits=51 map=10/3
[BIGPRIM] code=0x3c tp=0x28 span=1590x463 at(967,2748)
[BIGPRIM] code=0x3c tp=0x28 span=1533x778 at(-566,2330)
[BIGPRIM] code=0x3c tp=0x28 span=1908x1318 at(-1658,874)
[BIGPRIM] code=0x3c tp=0x28 span=1572x1025 at(-1313,826)
[BIGPRIM] code=0x3c tp=0x28 span=855x794 at(-158,768)
[BIGPRIM] code=0x3c tp=0x28 span=1587x463 at(-788,2831)
[BOOT0/TIM] PostLoadTim file=1193 'THR5901F.TIM' ss=0x4d8e img.u=0 img.v=0 tPage=0,23 clutX=80 clutY=0
[BOOT0/TIM] post ReadTIM: prect=0xfb6764 caddr=0xfb6580 paddr=0xfb676c mode=8
[BOOT0/TIM] pre pixel LoadImage rect=(448,256 64x256)
[BOOT0/TIM] pre CLUT LoadImage rect=(80,0 16x15)
[BOOT0/TIM] PostLoadTim done
[POOLSTOMP] upload (448,256 64x256) hits PINNED pool slot 5 'THR5901F' (448,256)
[BIGPRIM] code=0x3c tp=0x28 span=1587x1575 at(640,1353)
[BIGPRIM] code=0x3c tp=0x28 span=1587x469 at(-902,2799)
[BIGPRIM] code=0x3c tp=0x2c span=972x771 at(1147,-1703)
[BIGPRIM] code=0x3c tp=0x28 span=1587x559 at(580,2574)
[BIGPRIM] code=0x3c tp=0x2c span=1404x958 at(685,-1305)
[BIGPRIM] code=0x3c tp=0x2c span=1002x765 at(892,-912)
[BIGPRIM] code=0x3c tp=0x39 span=1734x1295 at(1093,141)
[BIGPRIM] code=0x3c tp=0x2c span=990x913 at(1408,-1308)
[BIGPRIM] code=0x3c tp=0x2c span=960x810 at(976,-1118)
[BIGPRIM] code=0x3c tp=0x28 span=804x762 at(547,768)
[BIGPRIM] code=0x3c tp=0x2c span=1314x874 at(1768,-1160)
[BIGPRIM] code=0x3a tp=0xa span=1020x770 at(130,-25)
[BIGPRIM] code=0x3c tp=0x2c span=1506x1389 at(2422,-2542)
[BIGPRIM] code=0x3c tp=0x2c span=852x791 at(1153,-1279)
[BIGPRIM] code=0x3c tp=0x39 span=918x1286 at(979,533)
[BIGPRIM] code=0x3a tp=0xa span=1020x770 at(130,-25)
[BIGPRIM] code=0x3c tp=0x2c span=1530x1363 at(2395,-2385)
[BIGPRIM] code=0x3c tp=0x2c span=684x732 at(1060,-617)
[BIGPRIM] code=0x3c tp=0x2c span=1170x835 at(922,-835)
[BIGPRIM] code=0x3a tp=0xa span=1020x770 at(130,-25)
[BIGPRIM] code=0x3c tp=0x2c span=954x1021 at(1219,-935)
[BIGPRIM] code=0x3c tp=0x2c span=978x830 at(931,-993)
[BIGPRIM] code=0x3c tp=0x28 span=1533x1417 at(244,1356)
[BIGPRIM] code=0x3c tp=0x39 span=1257x1212 at(862,64)
[BIGPRIM] code=0x3c tp=0x2c span=1038x738 at(838,-671)
[BIGPRIM] code=0x3c tp=0x2c span=1422x803 at(1171,-999)
[BIGPRIM] code=0x3c tp=0x39 span=228x800 at(763,424)
[BIGPRIM] code=0x3c tp=0x39 span=300x968 at(775,446)
[BIGPRIM] code=0x3c tp=0x39 span=453x1308 at(790,488)
[BIGPRIM] code=0x3c tp=0x2c span=1518x907 at(1183,-980)
[BIGPRIM] code=0x3c tp=0x28 span=1947x572 at(-674,2606)
[BIGPRIM] code=0x3c tp=0x2c span=1104x662 at(1156,-671)
[BIGPRIM] code=0x3c tp=0x28 span=669x797 at(568,639)
[BIGPRIM] code=0x3c tp=0x2c span=1074x611 at(1441,-720)
[BIGPRIM] code=0x3c tp=0x2c span=1278x1208 at(1519,-1510)
[BIGPRIM] code=0x3c tp=0x2c span=1050x990 at(1378,-1195)
[BIGPRIM] code=0x3c tp=0x2c span=888x836 at(1267,-961)
[BIGPRIM] code=0x3c tp=0x2c span=888x836 at(1291,-961)
[BIGPRIM] code=0x3c tp=0x2c span=876x739 at(1039,-835)
[BIGPRIM] code=0x3c tp=0x28 span=1374x531 at(1105,2095)
[BIGPRIM] code=0x3c tp=0x28 span=1503x1533 at(1126,906)
[BIGPRIM] code=0x3c tp=0x28 span=1716x688 at(817,2124)
[BIGPRIM] code=0x3c tp=0x2c span=888x836 at(1480,-961)
[BIGPRIM] code=0x3c tp=0x2c span=888x836 at(1546,-961)
[BIGPRIM] code=0x3c tp=0x2c span=1002x835 at(1507,-1211)
[BIGPRIM] code=0x3c tp=0x2c span=1410x1208 at(2785,-2725)
[BIGPRIM] code=0x3c tp=0x2c span=1044x694 at(1942,-784)
[BIGPRIM] code=0x3c tp=0x28 span=1824x1594 at(-716,1006)
[BIGPRIM] code=0x3c tp=0x2c span=1044x694 at(2113,-784)
[BIGPRIM] code=0x3c tp=0x28 span=1374x1594 at(424,1006)
[BIGPRIM] code=0x3c tp=0x2c span=1044x694 at(2290,-784)
[BIGPRIM] code=0x3c tp=0x2c span=1170x893 at(2314,-983)
[BIGPRIM] code=0x3c tp=0x28 span=2109x1388 at(-98,1308)
[BIGPRIM] code=0x3c tp=0x2c span=936x881 at(2395,-1022)
[BIGPRIM] code=0x3c tp=0x28 span=972x849 at(-770,687)
[BIGPRIM] code=0x3c tp=0x2c span=1056x752 at(3181,-675)
[BIGPRIM] code=0x3c tp=0x28 span=2058x1543 at(-1190,1089)
[BIGPRIM] code=0x3c tp=0x2c span=1638x1511 at(2890,-2629)
[BIGPRIM] code=0x3c tp=0x2c span=1062x1137 at(3178,-993)
[BIGPRIM] code=0x3a tp=0xa span=1020x770 at(130,-25)
[BIGPRIM] code=0x3c tp=0x28 span=1401x1314 at(931,739)
[BIGPRIM] code=0x3a tp=0xa span=1020x770 at(130,-25)
[BIGPRIM] code=0x3c tp=0x28 span=1431x1639 at(-860,832)
[BIGPRIM] code=0x3c tp=0x28 span=870x820 at(271,806)
[BIGPRIM] code=0x3c tp=0x28 span=1692x787 at(1057,1774)
[BIGPRIM] code=0x3c tp=0x28 span=1953x1476 at(-1616,883)
[BIGPRIM] code=0x3c tp=0x28 span=1200x502 at(1117,687)
[BOOT0/TIM] PostLoadTim file=1194 'THR6001F.TIM' ss=0x4d9f img.u=0 img.v=0 tPage=0,22 clutX=64 clutY=0
[BOOT0/TIM] post ReadTIM: prect=0xfb6704 caddr=0xfb6580 paddr=0xfb670c mode=8
[BOOT0/TIM] pre pixel LoadImage rect=(384,256 64x256)
[BOOT0/TIM] pre CLUT LoadImage rect=(64,0 16x12)
[BOOT0/TIM] PostLoadTim done
[POOLSTOMP] upload (384,256 64x256) hits PINNED pool slot 4 'THR6001F' (384,256)
[BIGPRIM] code=0x3c tp=0x2c span=930x854 at(1333,-761)
[BIGPRIM] code=0x3c tp=0x28 span=1533x1562 at(-350,941)
[BIGPRIM] code=0x3c tp=0x2c span=1032x732 at(1870,-96)
[BIGPRIM] code=0x3c tp=0x2c span=1344x918 at(1189,-716)
[BIGPRIM] code=0x3c tp=0x2c span=1422x803 at(2659,-186)
[BIGPRIM] code=0x3c tp=0x2c span=1110x951 at(1732,-1603)
[BIGPRIM] code=0x3c tp=0x2c span=1158x1239 at(2806,-253)
[BIGPRIM] code=0x3a tp=0xa span=1020x770 at(130,-25)
[BIGPRIM] code=0x3c tp=0x2c span=1092x1009 at(1705,-855)
[BIGPRIM] code=0x3c tp=0x28 span=1536x935 at(721,1742)
[BIGPRIM] code=0x3c tp=0x2c span=1524x1169 at(1444,-867)
[BIGPRIM] code=0x3c tp=0x2c span=1092x919 at(1093,-813)
[BIGPRIM] code=0x3c tp=0x28 span=2022x1407 at(1033,1141)
[SH-XBOX] vblank 36600
[MEM] tick: free=2232KB (558 pages)
[BIGPRIM] code=0x3c tp=0x2c span=2112x1612 at(1492,-1285)
[BIGPRIM] code=0x3c tp=0x2c span=1170x1003 at(1705,-1623)
[BIGPRIM] code=0x3c tp=0x2c span=1464x1234 at(1015,-1170)
[BIGPRIM] code=0x3c tp=0x2c span=1542x1324 at(1825,-2211)
[BIGPRIM] code=0x3c tp=0x2c span=1116x950 at(1303,-716)
[BIGPRIM] code=0x3c tp=0x2c span=1410x1177 at(1309,-1234)
[BIGPRIM] code=0x3a tp=0xa span=1020x770 at(130,-25)
[BIGPRIM] code=0x3c tp=0x29 span=129x848 at(793,-954)
[BIGPRIM] code=0x3c tp=0x29 span=135x1636 at(742,-1832)
[BIGPRIM] code=0x3c tp=0x29 span=57x775 at(727,-871)
[BIGPRIM] code=0x3c tp=0x37 span=1536x1376 at(943,1089)
[BIGPRIM] code=0x3a tp=0xa span=1020x770 at(130,-25)
[BIGPRIM] code=0x3c tp=0x37 span=1149x926 at(-86,-1080)
[BIGPRIM] code=0x3c tp=0x28 span=1533x1475 at(-128,1028)
[BIGPRIM] code=0x3c tp=0x28 span=1818x1401 at(-1346,1147)
[BIGPRIM] code=0x3c tp=0x37 span=1527x295 at(496,-199)
[BIGPRIM] code=0x3c tp=0x2c span=1206x1112 at(-338,-1494)
[BIGPRIM] code=0x3c tp=0x2c span=1020x874 at(-701,-1542)
[BIGPRIM] code=0x3c tp=0x2c span=1116x848 at(-455,-630)
[BIGPRIM] code=0x3c tp=0x2c span=2010x1375 at(-1745,-1292)
[BIGPRIM] code=0x3c tp=0x28 span=2163x1414 at(-1964,871)
[BIGPRIM] code=0x3a tp=0xa span=1020x770 at(130,-25)
[BIGPRIM] code=0x3c tp=0x28 span=1086x961 at(679,810)
[BIGPRIM] code=0x3a tp=0xa span=1020x770 at(130,-25)
[BIGPRIM] code=0x3c tp=0x37 span=84x1236 at(703,-1137)
[BIGPRIM] code=0x3c tp=0x28 span=1605x302 at(-812,2446)
[BIGPRIM] code=0x3c tp=0x37 span=1665x295 at(730,-199)
[BIGPRIM] code=0x3c tp=0x28 span=2388x1488 at(-2210,1009)
[BIGPRIM] code=0x3c tp=0x28 span=1533x1121 at(-668,1517)
[BIGPRIM] code=0x3c tp=0x37 span=114x736 at(757,-630)
[BIGPRIM] code=0x3c tp=0x28 span=1275x1334 at(-305,851)
[BIGPRIM] code=0x3c tp=0x28 span=1533x1356 at(-530,1231)
[BIGPRIM] code=0x3c tp=0x28 span=918x1356 at(793,890)
[BIGPRIM] code=0x3c tp=0x28 span=1533x1411 at(-452,1131)
[BIGPRIM] code=0x3c tp=0x29 span=498x974 at(1099,-1099)
[BIGPRIM] code=0x3c tp=0x28 span=2235x1526 at(-1910,932)
[BIGPRIM] code=0x3c tp=0x2c span=1170x777 at(-335,-768)
[BIGPRIM] code=0x3a tp=0xa span=1020x770 at(130,-25)
[BIGPRIM] code=0x3c tp=0x28 span=1170x1161 at(-59,838)
[BIGPRIM] code=0x3c tp=0x2c span=1494x1183 at(-1265,-2298)
[BIGPRIM] code=0x3c tp=0x2c span=1344x1138 at(-1082,-1356)
[BIGPRIM] code=0x3c tp=0x28 span=1752x1180 at(1009,1446)
[BIGPRIM] code=0x3c tp=0x37 span=1782x189 at(1051,-122)
[BIGPRIM] code=0x3c tp=0x2c span=1668x1273 at(-1220,-1285)
[CHNK] n=4 s0=-1,3,st3 s1=-1,4,st2 s2=0,3,st3 s3=0,4,st2
[BIGPRIM] code=0x3c tp=0x28 span=1266x903 at(-821,803)
[BIGPRIM] code=0x3a tp=0xa span=1020x770 at(130,-25)
[BIGPRIM] code=0x3a tp=0xa span=1020x770 at(130,-25)
[BIGPRIM] code=0x3c tp=0x37 span=141x986 at(823,-1288)
[BIGPRIM] code=0x3c tp=0x28 span=1794x984 at(-1622,1687)
[BIGPRIM] code=0x3c tp=0x37 span=375x964 at(886,443)
[BIGPRIM] code=0x3c tp=0x28 span=1533x1511 at(58,986)
[BOOT0/TIM] PostLoadTim file=1146 'THR2001F.TIM' ss=0x4acf img.u=0 img.v=0 tPage=0,24 clutX=96 clutY=0
[BOOT0/TIM] post ReadTIM: prect=0xfb66c4 caddr=0xfb6580 paddr=0xfb66cc mode=8
[BOOT0/TIM] pre pixel LoadImage rect=(512,256 64x256)
[BOOT0/TIM] pre CLUT LoadImage rect=(96,0 16x10)
[BOOT0/TIM] PostLoadTim done
[POOLSTOMP] upload (512,256 64x256) hits PINNED pool slot 6 'THR2001F' (512,256)
[BIGPRIM] code=0x3c tp=0x28 span=1110x849 at(-584,790)
[BIGPRIM] code=0x3c tp=0x37 span=564x1350 at(1099,-1305)
[BIGPRIM] code=0x3c tp=0x2c span=990x913 at(-89,-1231)
[BIGPRIM] code=0x3c tp=0x2c span=840x720 at(-389,-1276)
[BIGPRIM] code=0x3a tp=0xa span=1020x770 at(130,-25)
[BIGPRIM] code=0x3c tp=0x2c span=1728x1601 at(-1361,-1790)
[BIGPRIM] code=0x3c tp=0x28 span=1104x534 at(-881,716)
[BIGPRIM] code=0x3c tp=0x2c span=972x822 at(-137,-732)
[BIGPRIM] code=0x3c tp=0x28 span=1599x395 at(214,2333)
[BIGPRIM] code=0x3c tp=0x37 span=381x817 at(937,430)
[BIGPRIM] code=0x3c tp=0x2c span=2064x1580 at(-1262,-1452)
[BIGPRIM] code=0x3c tp=0x28 span=1533x1495 at(358,996)
[BIGPRIM] code=0x3c tp=0x28 span=1035x874 at(-434,797)
[BIGPRIM] code=0x3a tp=0xa span=1020x770 at(130,-25)
[BIGPRIM] code=0x3c tp=0x37 span=252x1080 at(925,-1398)
[BIGPRIM] code=0x3c tp=0x28 span=1599x1234 at(-998,1372)
[SPAWN-FIRE?] slot=0 allPass! npcFlags=0x4 flagsId=3 full=0 vblanks=1 ABOUT TO TRY SPAWN
[SPAWN-FIRE!] slot=0 gates passed â†’ entering spawn block, npcIdx will be assigned
[SPAWN] slot=0 -> npc[0] charaId=2 stateStep=5 pos=(-22,117)
[SFX] Sd_PlaySfx: sfxId=1321 (Sfx_Base+41) vol=0
[BIGPRIM] code=0x3a tp=0xa span=1020x770 at(130,-25)
[BIGPRIM] code=0x3a tp=0xa span=1020x770 at(130,-25)
[BIGPRIM] code=0x3c tp=0x28 span=1530x1536 at(-1226,1038)
[BIGPRIM] code=0x3c tp=0x28 span=2091x1402 at(-1118,1288)
[SFX] Sd_PlaySfx: sfxId=1381 (Sfx_Base+101) vol=247
[BIGPRIM] code=0x3c tp=0x37 span=573x910 at(964,-1263)
[BIGPRIM] code=0x3c tp=0x28 span=1512x1626 at(-416,961)
[BIGPRIM] code=0x3c tp=0x28 span=1152x958 at(-932,694)
[SFX] Sd_PlaySfx: sfxId=1382 (Sfx_Base+102) vol=245
[BIGPRIM] code=0x3c tp=0x28 span=2187x418 at(-782,2555)
[BIGPRIM] code=0x3c tp=0x28 span=2187x1555 at(-632,1443)
[BIGPRIM] code=0x3c tp=0x28 span=2187x806 at(-632,2507)
[SFX] Sd_PlaySfx: sfxId=1382 (Sfx_Base+102) vol=243
[BIGPRIM] code=0x3c tp=0x37 span=717x1121 at(640,1080)
[BIGPRIM] code=0x3c tp=0x37 span=822x1395 at(271,-1632)
[BIGPRIM] code=0x3c tp=0x37 span=513x791 at(886,1362)
[BIGPRIM] code=0x3c tp=0x37 span=1020x225 at(643,-1607)
[BIGPRIM] code=0x3c tp=0x37 span=834x1045 at(682,951)
[BIGPRIM] code=0x3c tp=0x37 span=1884x1209 at(739,-1729)
[BIGPRIM] code=0x3c tp=0x37 span=1080x1247 at(715,1327)
[BIGPRIM] code=0x3c tp=0x37 span=1311x1594 at(136,-2127)
[BIGPRIM] code=0x3c tp=0x37 span=1068x1134 at(226,630)
[SFX] Sd_PlaySfx: sfxId=1381 (Sfx_Base+101) vol=240
[BIGPRIM] code=0x3c tp=0x37 span=720x768 at(46,668)
[BIGPRIM] code=0x3c tp=0x37 span=1302x1070 at(-467,816)
[BIGPRIM] code=0x3c tp=0x37 span=1080x730 at(997,790)
[BIGPRIM] code=0x3c tp=0x37 span=1311x1449 at(832,-1395)
[BIGPRIM] code=0x3c tp=0x37 span=1239x1217 at(904,-64)
[SFX] Sd_PlaySfx: sfxId=1381 (Sfx_Base+101) vol=237
[BIGPRIM] code=0x3c tp=0x37 span=1653x537 at(-254,1864)
[BIGPRIM] code=0x3c tp=0x28 span=1326x1517 at(-806,729)
[BIGPRIM] code=0x3c tp=0x28 span=963x630 at(-800,617)
[SFX] Sd_PlaySfx: sfxId=1381 (Sfx_Base+101) vol=233
[BIGPRIM] code=0x3c tp=0x28 span=669x730 at(115,671)
[BIGPRIM] code=0x3c tp=0x28 span=1752x1113 at(592,1603)
[SFX] Sd_PlaySfx: sfxId=1381 (Sfx_Base+101) vol=229
[BIGPRIM] code=0x3c tp=0x35 span=87x855 at(190,-893)
[BIGPRIM] code=0x3c tp=0x28 span=1521x1478 at(-398,916)
[BOOT0/TIM] PostLoadTim file=1191 'THR5801F.TIM' ss=0x4d74 img.u=0 img.v=0 tPage=0,25 clutX=112 clutY=0
[BOOT0/TIM] post ReadTIM: prect=0xfb6784 caddr=0xfb6580 paddr=0xfb678c mode=8
[BOOT0/TIM] pre pixel LoadImage rect=(576,256 64x256)
[BOOT0/TIM] pre CLUT LoadImage rect=(112,0 16x16)
[BOOT0/TIM] PostLoadTim done
[POOLSTOMP] upload (576,256 64x256) hits PINNED pool slot 7 'THR5801F' (576,256)
[BIGPRIM] code=0x3c tp=0x28 span=1065x521 at(-914,729)
[BOOT0/TIM] PostLoadTim file=1192 'THR5802H.TIM' ss=0x4d85 img.u=32 img.v=0 tPage=0,26 clutX=144 clutY=0
[BOOT0/TIM] post ReadTIM: prect=0xfb6604 caddr=0xfb6580 paddr=0xfb660c mode=8
[BOOT0/TIM] pre pixel LoadImage rect=(672,256 32x256)
[BOOT0/TIM] pre CLUT LoadImage rect=(144,0 16x4)
[BOOT0/TIM] PostLoadTim done
[POOLSTOMP] upload (672,256 32x256) hits PINNED pool slot 9 'THR5802H' (672,256)
[BIGPRIM] code=0x3c tp=0x28 span=1686x270 at(1129,2413)
[SFX] Sd_PlaySfx: sfxId=1381 (Sfx_Base+101) vol=214
[BIGPRIM] code=0x3c tp=0x28 span=1128x1180 at(-131,822)
[BIGPRIM] code=0x3c tp=0x37 span=381x761 at(997,421)
[BIGPRIM] code=0x3c tp=0x28 span=1521x1119 at(-50,1417)
[BIGPRIM] code=0x3c tp=0x37 span=63x1511 at(916,-2931)
[BIGPRIM] code=0x3c tp=0x29 span=444x920 at(952,340)
[BIGPRIM] code=0x3c tp=0x2a span=75x892 at(742,-311)
[BIGPRIM] code=0x3a tp=0xa span=1020x770 at(130,-25)
[BIGPRIM] code=0x3c tp=0x28 span=312x1433 at(721,961)
[BIGPRIM] code=0x3c tp=0x28 span=1944x1318 at(-1556,1166)
[SFX] Sd_PlaySfx: sfxId=1381 (Sfx_Base+101) vol=134
[BIGPRIM] code=0x3c tp=0x2a span=306x1221 at(889,-1478)
[BIGPRIM] code=0x3c tp=0x2a span=57x919 at(754,-1031)
[BIGPRIM] code=0x3c tp=0x28 span=1632x1492 at(-1106,864)
[BIGPRIM] code=0x3c tp=0x2a span=63x1381 at(826,-1369)
[BIGPRIM] code=0x3c tp=0x2a span=66x1211 at(859,-96)
[BIGPRIM] code=0x3c tp=0x28 span=1680x270 at(-1376,2452)
[BIGPRIM] code=0x3c tp=0x2a span=330x848 at(898,-138)
[BIGPRIM] code=0x3c tp=0x2a span=159x886 at(916,-157)
[BIGPRIM] code=0x3c tp=0x28 span=1377x553 at(-362,1745)
[BIGPRIM] code=0x3a tp=0xa span=1020x770 at(130,-25)
[BIGPRIM] code=0x3c tp=0x2a span=24x1218 at(922,-270)
[BIGPRIM] code=0x3c tp=0x37 span=147x1186 at(916,-1533)
[BIGPRIM] code=0x3c tp=0x28 span=1746x1183 at(-1106,1250)
[BIGPRIM] code=0x3c tp=0x2a span=156x1217 at(847,-308)
[BIGPRIM] code=0x3c tp=0x37 span=300x1376 at(733,896)
[BIGPRIM] code=0x3c tp=0x2a span=111x722 at(799,-253)
[BIGPRIM] code=0x3c tp=0x28 span=807x1013 at(142,1060)
[BIGPRIM] code=0x3c tp=0x28 span=930x987 at(160,1054)
[BIGPRIM] code=0x3c tp=0x28 span=1539x1231 at(-827,777)
[SFX] Sd_PlaySfx: sfxId=1378 (Sfx_Base+98) vol=134
[BIGPRIM] code=0x3c tp=0x28 span=849x845 at(-191,697)
[BIGPRIM] code=0x3c tp=0x28 span=1257x299 at(-86,1877)
[BIGPRIM] code=0x3c tp=0x37 span=225x1196 at(922,385)
[BIGPRIM] code=0x3c tp=0x28 span=300x829 at(895,1231)
[SFX] Sd_PlaySfx: sfxId=1382 (Sfx_Base+102) vol=138
[BIGPRIM] code=0x3c tp=0x28 span=1893x1106 at(-1298,890)
[BIGPRIM] code=0x3c tp=0x28 span=1836x167 at(-1616,1944)
[SFX] Sd_PlaySfx: sfxId=1284 (Sfx_Base+4) vol=0
[SFX] Sd_PlaySfx: sfxId=1382 (Sfx_Base+102) vol=136
[BIGPRIM] code=0x3c tp=0x2a span=117x902 at(877,-835)
[BIGPRIM] code=0x3c tp=0x28 span=405x1025 at(916,906)
[BIGPRIM] code=0x3c tp=0x28 span=1083x155 at(-38,1886)
[SFX] Sd_PlaySfx: sfxId=1382 (Sfx_Base+102) vol=129
[BIGPRIM] code=0x3c tp=0x2a span=174x1224 at(913,-713)
[BIGPRIM] code=0x3c tp=0x29 span=423x1488 at(994,360)
[BIGPRIM] code=0x3c tp=0x28 span=990x479 at(64,1343)
[SFX] Sd_PlaySfx: sfxId=1382 (Sfx_Base+102) vol=110
[BIGPRIM] code=0x3c tp=0x29 span=252x919 at(952,366)
[BIGPRIM] code=0x3c tp=0x28 span=1824x778 at(-1184,903)
[SFX] Sd_PlaySfx: sfxId=1382 (Sfx_Base+102) vol=79
[BIGPRIM] code=0x3c tp=0x37 span=189x1318 at(1114,-2931)
[BIGPRIM] code=0x3c tp=0x37 span=111x836 at(889,-1099)
[SFX] Sd_PlaySfx: sfxId=1379 (Sfx_Base+99) vol=20
[BIGPRIM] code=0x3c tp=0x37 span=129x820 at(973,-1086)
[SFX] Sd_PlaySfx: sfxId=1382 (Sfx_Base+102) vol=0
[BIGPRIM] code=0x3c tp=0x5c span=675x1260 at(250,-1298)
[SFX] Sd_PlaySfx: sfxId=1327 (Sfx_Base+47) vol=191
[SFX] Sd_PlaySfx: sfxId=1316 (Sfx_Base+36) vol=0
[BIGPRIM] code=0x3a tp=0xa span=1020x770 at(130,-25)
[BIGPRIM] code=0x3a tp=0xa span=1020x770 at(130,-25)
[BIGPRIM] code=0x3a tp=0xa span=1020x770 at(130,-25)
[BIGPRIM] code=0x3a tp=0xa span=1020x770 at(130,-25)
[BIGPRIM] code=0x3c tp=0x37 span=120x1307 at(214,-822)
[BIGPRIM] code=0x3c tp=0x37 span=228x958 at(-62,-2931)
[BIGPRIM] code=0x3c tp=0x28 span=1035x1157 at(178,710)
[SFX] Sd_PlaySfx: sfxId=1382 (Sfx_Base+102) vol=101
[BIGPRIM] code=0x3c tp=0x37 span=702x895 at(-473,-433)
[BIGPRIM] code=0x3c tp=0x28 span=1173x427 at(-440,1819)
[SFX] Sd_PlaySfx: sfxId=1382 (Sfx_Base+102) vol=136
[BIGPRIM] code=0x3c tp=0x28 span=969x1359 at(349,784)
[BIGPRIM] code=0x3c tp=0x28 span=783x1138 at(373,732)
[SFX] Sd_PlaySfx: sfxId=1382 (Sfx_Base+102) vol=162
[BIGPRIM] code=0x3c tp=0x28 span=894x1357 at(229,774)
[BIGPRIM] code=0x3c tp=0x28 span=1497x58 at(-818,2137)
[SFX] Sd_PlaySfx: sfxId=1382 (Sfx_Base+102) vol=186
[BIGPRIM] code=0x3c tp=0x28 span=1563x1305 at(-1163,813)
[BIGPRIM] code=0x3c tp=0x28 span=1587x1302 at(-1262,803)
[SFX] Sd_PlaySfx: sfxId=1382 (Sfx_Base+102) vol=206
[BIGPRIM] code=0x3c tp=0x28 span=1029x357 at(1102,681)
[BIGPRIM] code=0x3c tp=0x28 span=1611x32 at(-494,2079)
[SFX] Sd_PlaySfx: sfxId=1382 (Sfx_Base+102) vol=211
[BIGPRIM] code=0x3c tp=0x28 span=1533x849 at(-14,1102)
[BIGPRIM] code=0x3c tp=0x28 span=1389x630 at(913,816)
[SFX] Sd_PlaySfx: sfxId=1382 (Sfx_Base+102) vol=211
[BIGPRIM] code=0x3c tp=0x28 span=2022x1109 at(871,880)
[SFX] Sd_PlaySfx: sfxId=1382 (Sfx_Base+102) vol=209
[BIGPRIM] code=0x3c tp=0x28 span=1710x980 at(769,996)
[SFX] Sd_PlaySfx: sfxId=1382 (Sfx_Base+102) vol=202
[BIGPRIM] code=0x3a tp=0xa span=1020x770 at(130,-25)
[BIGPRIM] code=0x3a tp=0xa span=1020x770 at(130,-25)
[SFX] Sd_PlaySfx: sfxId=1382 (Sfx_Base+102) vol=189
[BIGPRIM] code=0x3c tp=0x28 span=2022x1038 at(904,874)
[SH-XBOX] vblank 37200
[MEM] tick: free=2232KB (558 pages)
[BIGPRIM] code=0x3c tp=0x28 span=1896x996 at(835,935)
[SFX] Sd_PlaySfx: sfxId=1382 (Sfx_Base+102) vol=168
[BIGPRIM] code=0x3c tp=0x28 span=1533x916 at(-554,957)
[BIGPRIM] code=0x3c tp=0x28 span=1065x366 at(1027,755)
[SFX] Sd_PlaySfx: sfxId=1382 (Sfx_Base+102) vol=129
[BIGPRIM] code=0x3a tp=0xa span=1020x770 at(130,-25)
[BIGPRIM] code=0x3c tp=0x28 span=1509x958 at(-626,903)
[SFX] Sd_PlaySfx: sfxId=1284 (Sfx_Base+4) vol=0
[SFX] Sd_PlaySfx: sfxId=1382 (Sfx_Base+102) vol=81
[BIGPRIM] code=0x3a tp=0xa span=1020x770 at(130,-25)
[BIGPRIM] code=0x3c tp=0x28 span=1374x630 at(1108,771)
[SFX] Sd_PlaySfx: sfxId=1382 (Sfx_Base+102) vol=32
[BIGPRIM] code=0x3c tp=0x28 span=1965x1125 at(-1616,864)
[BIGPRIM] code=0x3c tp=0x28 span=963x347 at(1084,752)
[SFX] Sd_PlaySfx: sfxId=1379 (Sfx_Base+99) vol=0
[BIGPRIM] code=0x3c tp=0x5c span=1245x472 at(-1103,-292)
[SFX] Sd_PlaySfx: sfxId=1382 (Sfx_Base+102) vol=0
[BIGPRIM] code=0x3c tp=0x5c span=288x1028 at(289,-887)
[BIGPRIM] code=0x3c tp=0x28 span=1857x852 at(988,938)
[BIGPRIM] code=0x3a tp=0xa span=1020x770 at(130,-25)
[BIGPRIM] code=0x3c tp=0x28 span=2193x457 at(238,1243)
[BIGPRIM] code=0x3c tp=0x28 span=2070x180 at(1111,1507)
[BIGPRIM] code=0x3c tp=0x28 span=2085x951 at(790,916)
[BIGPRIM] code=0x3c tp=0x35 span=126x1401 at(214,-2931)
[SFX] Sd_PlaySfx: sfxId=1382 (Sfx_Base+102) vol=54
[BIGPRIM] code=0x3c tp=0x35 span=285x1376 at(-107,-2494)
[BIGPRIM] code=0x3c tp=0x28 span=1701x768 at(-518,1067)
[SFX] Sd_PlaySfx: sfxId=1382 (Sfx_Base+102) vol=62
[BIGPRIM] code=0x3c tp=0x28 span=1386x1019 at(769,816)
[CHNK] n=4 s0=-1,3,st3 s1=-1,4,st2 s2=-2,3,st3 s3=-1,2,st3
[BIGPRIM] code=0x3c tp=0x28 span=924x1006 at(499,777)
[SFX] Sd_PlaySfx: sfxId=1382 (Sfx_Base+102) vol=91
[BIGPRIM] code=0x3c tp=0x28 span=1995x376 at(-1010,1356)
[SFX] Sd_PlaySfx: sfxId=1382 (Sfx_Base+102) vol=118
[BIGPRIM] code=0x3c tp=0x28 span=1761x781 at(718,938)
[BIGPRIM] code=0x3c tp=0x28 span=1953x260 at(-638,1478)
[SFX] Sd_PlaySfx: sfxId=1382 (Sfx_Base+102) vol=130
[BIGPRIM] code=0x3a tp=0xa span=1020x770 at(130,-25)
[BIGPRIM] code=0x3c tp=0x28 span=2121x559 at(340,1173)
[BIGPRIM] code=0x3a tp=0xa span=1020x770 at(130,-25)
[BIGPRIM] code=0x3c tp=0x28 span=1521x530 at(208,1208)
[SFX] Sd_PlaySfx: sfxId=1381 (Sfx_Base+101) vol=120
[BIGPRIM] code=0x3a tp=0xa span=1020x770 at(130,-25)
[BIGPRIM] code=0x3c tp=0x28 span=1107x356 at(1021,707)
[SFX] Sd_PlaySfx: sfxId=1283 (Sfx_Base+3) vol=0
[SFX] Sd_PlaySfx: sfxId=1382 (Sfx_Base+102) vol=108
[BIGPRIM] code=0x3a tp=0xa span=1020x770 at(130,-25)
[SFX] Sd_PlaySfx: sfxId=1382 (Sfx_Base+102) vol=87
[BIGPRIM] code=0x3a tp=0xa span=1020x770 at(130,-25)
[BIGPRIM] code=0x3c tp=0x28 span=1692x299 at(733,1401)
[SFX] Sd_PlaySfx: sfxId=1283 (Sfx_Base+3) vol=0
[SFX] Sd_PlaySfx: sfxId=1286 (Sfx_Base+6) vol=0
[SFX] Sd_PlaySfx: sfxId=1377 (Sfx_Base+97) vol=0
[SFX] Sd_PlaySfx: sfxId=1377 (Sfx_Base+97) vol=0
[BIGPRIM] code=0x3c tp=0x28 span=1209x424 at(-920,829)
[BIGPRIM] code=0x3c tp=0x28 span=1737x990 at(682,935)
[BIGPRIM] code=0x3c tp=0x28 span=1119x626 at(673,871)
[SFX] Sd_PlaySfx: sfxId=1382 (Sfx_Base+102) vol=0
[BIGPRIM] code=0x3c tp=0x28 span=1662x569 at(805,1144)
[BIGPRIM] code=0x3c tp=0x28 span=1413x775 at(64,925)
[SFX] Sd_PlaySfx: sfxId=1382 (Sfx_Base+102) vol=3
[BIGPRIM] code=0x3c tp=0x28 span=1458x678 at(949,758)
[BIGPRIM] code=0x3c tp=0x5c span=1659x623 at(-1748,-556)
[SFX] Sd_PlaySfx: sfxId=1382 (Sfx_Base+102) vol=67
[BIGPRIM] code=0x3c tp=0x28 span=1032x337 at(838,723)
[SFX] Sd_PlaySfx: sfxId=1382 (Sfx_Base+102) vol=98
[BIGPRIM] code=0x3c tp=0x28 span=2442x562 at(-2276,842)
[BIGPRIM] code=0x3c tp=0x28 span=1668x637 at(-176,896)
[SFX] Sd_PlaySfx: sfxId=1382 (Sfx_Base+102) vol=107
[SFX] Sd_PlaySfx: sfxId=1378 (Sfx_Base+98) vol=113
[BIGPRIM] code=0x3c tp=0x28 span=1761x634 at(904,867)
[SFX] Sd_PlaySfx: sfxId=1382 (Sfx_Base+102) vol=118
[BIGPRIM] code=0x3c tp=0x28 span=1467x595 at(-680,957)
[SFX] Sd_PlaySfx: sfxId=1382 (Sfx_Base+102) vol=113
[BIGPRIM] code=0x3c tp=0x28 span=1116x675 at(-383,813)
[BIGPRIM] code=0x3a tp=0xa span=1020x770 at(130,-25)
[SFX] Sd_PlaySfx: sfxId=1382 (Sfx_Base+102) vol=92
[BIGPRIM] code=0x3c tp=0x28 span=2145x710 at(-326,1041)
[SFX] Sd_PlaySfx: sfxId=1382 (Sfx_Base+102) vol=70
[BIGPRIM] code=0x3a tp=0xa span=1020x770 at(130,-25)
[BIGPRIM] code=0x3c tp=0x28 span=1338x842 at(100,935)
[SFX] Sd_PlaySfx: sfxId=1382 (Sfx_Base+102) vol=59
[BIGPRIM] code=0x3c tp=0x28 span=1599x977 at(706,909)
[SFX] Sd_PlaySfx: sfxId=1382 (Sfx_Base+102) vol=53
[BIGPRIM] code=0x3a tp=0xa span=1020x770 at(130,-25)
[BIGPRIM] code=0x3c tp=0x28 span=1374x910 at(232,996)
[SFX] Sd_PlaySfx: sfxId=1382 (Sfx_Base+102) vol=55
[BIGPRIM] code=0x3a tp=0xa span=1020x770 at(130,-25)
[SFX] Sd_PlaySfx: sfxId=1382 (Sfx_Base+102) vol=66
[BIGPRIM] code=0x3c tp=0x28 span=1569x810 at(94,1044)
[SFX] Sd_PlaySfx: sfxId=1382 (Sfx_Base+102) vol=92
[BIGPRIM] code=0x3c tp=0x28 span=2109x713 at(-1916,1096)
[BIGPRIM] code=0x3c tp=0x28 span=1497x704 at(640,1112)
[SFX] Sd_PlaySfx: sfxId=1382 (Sfx_Base+102) vol=137
[BIGPRIM] code=0x3c tp=0x28 span=1467x1038 at(826,855)
[SFX] Sd_PlaySfx: sfxId=1382 (Sfx_Base+102) vol=177
[BIGPRIM] code=0x3c tp=0x28 span=903x955 at(-128,774)
[SFX] Sd_PlaySfx: sfxId=1283 (Sfx_Base+3) vol=0
[SFX] Sd_PlaySfx: sfxId=1382 (Sfx_Base+102) vol=203
[BIGPRIM] code=0x3c tp=0x28 span=846x874 at(694,765)
[BIGPRIM] code=0x3c tp=0x28 span=981x1128 at(40,835)
[SFX] Sd_PlaySfx: sfxId=1382 (Sfx_Base+102) vol=220
[BIGPRIM] code=0x3c tp=0x28 span=1524x855 at(154,877)
[SFX] Sd_PlaySfx: sfxId=1283 (Sfx_Base+3) vol=0
[SFX] Sd_PlaySfx: sfxId=1382 (Sfx_Base+102) vol=227
[BIGPRIM] code=0x3a tp=0xa span=1020x770 at(130,-25)
[BIGPRIM] code=0x3c tp=0x28 span=1539x1003 at(-632,922)
[SFX] Sd_PlaySfx: sfxId=1382 (Sfx_Base+102) vol=230
[BIGPRIM] code=0x3c tp=0x28 span=1776x855 at(1021,925)
[SFX] Sd_PlaySfx: sfxId=1382 (Sfx_Base+102) vol=231
[BIGPRIM] code=0x3a tp=0xa span=1020x770 at(130,-25)
[BIGPRIM] code=0x3c tp=0x28 span=2193x447 at(-1142,1478)
[BIGPRIM] code=0x3c tp=0x28 span=825x1089 at(-86,781)
[SFX] Sd_PlaySfx: sfxId=1382 (Sfx_Base+102) vol=230
[BIGPRIM] code=0x3c tp=0x28 span=1005x1137 at(-245,826)
[BIGPRIM] code=0x3c tp=0x28 span=1272x1058 at(-482,880)
[BIGPRIM] code=0x3c tp=0x28 span=1587x986 at(-758,932)
[SFX] Sd_PlaySfx: sfxId=1382 (Sfx_Base+102) vol=227
[BIGPRIM] code=0x3c tp=0x28 span=762x935 at(325,768)
[BIGPRIM] code=0x3c tp=0x28 span=1536x1166 at(-1244,810)
[BIGPRIM] code=0x3c tp=0x28 span=2169x806 at(-1250,1157)
[SFX] Sd_PlaySfx: sfxId=1382 (Sfx_Base+102) vol=221
[BIGPRIM] code=0x3c tp=0x28 span=1239x1051 at(124,887)
[BIGPRIM] code=0x3c tp=0x28 span=2001x981 at(-212,1002)
[SFX] Sd_PlaySfx: sfxId=1382 (Sfx_Base+102) vol=212
[BIGPRIM] code=0x3c tp=0x28 span=1344x1038 at(-608,893)
[SFX] Sd_PlaySfx: sfxId=1382 (Sfx_Base+102) vol=194
[BIGPRIM] code=0x3a tp=0xa span=1020x770 at(130,-25)
[BIGPRIM] code=0x3c tp=0x28 span=1845x1054 at(-1652,890)
[SFX] Sd_PlaySfx: sfxId=1382 (Sfx_Base+102) vol=162
[BIGPRIM] code=0x3c tp=0x28 span=1728x1032 at(1081,784)
[BIGPRIM] code=0x3c tp=0x28 span=1650x1012 at(-374,964)
[SFX] Sd_PlaySfx: sfxId=1382 (Sfx_Base+102) vol=115
[BIGPRIM] code=0x3c tp=0x28 span=1827x1080 at(1102,871)
[SFX] Sd_PlaySfx: sfxId=1283 (Sfx_Base+3) vol=0
[SFX] Sd_PlaySfx: sfxId=1382 (Sfx_Base+102) vol=61
[BIGPRIM] code=0x3c tp=0x28 span=1245x787 at(-1100,768)
[BIGPRIM] code=0x3c tp=0x28 span=1905x752 at(997,1179)
[SFX] Sd_PlaySfx: sfxId=1379 (Sfx_Base+99) vol=20
[BIGPRIM] code=0x3c tp=0x28 span=1380x977 at(997,993)
[SFX] Sd_PlaySfx: sfxId=1283 (Sfx_Base+3) vol=0
[SFX] Sd_PlaySfx: sfxId=1382 (Sfx_Base+102) vol=1
[BIGPRIM] code=0x3c tp=0x28 span=2049x331 at(328,1613)
[SFX] Sd_PlaySfx: sfxId=1327 (Sfx_Base+47) vol=191
[SFX] Sd_PlaySfx: sfxId=1316 (Sfx_Base+36) vol=0
[BIGPRIM] code=0x3c tp=0x28 span=2130x393 at(-1802,1513)
[BIGPRIM] code=0x3c tp=0x28 span=1689x881 at(-1160,954)
[BIGPRIM] code=0x3c tp=0x28 span=2097x363 at(-1040,1472)
[BIGPRIM] code=0x3c tp=0x5c span=1302x894 at(-1343,-1131)
[BIGPRIM] code=0x3c tp=0x5c span=1407x746 at(-1829,-1057)
[BIGPRIM] code=0x3c tp=0x5c span=1587x968 at(-2432,-1266)
[BIGPRIM] code=0x3c tp=0x5c span=1356x537 at(-2432,-639)
[SFX] Sd_PlaySfx: sfxId=1382 (Sfx_Base+102) vol=104
[BIGPRIM] code=0x3c tp=0x28 span=1998x611 at(1075,1243)
[BIGPRIM] code=0x3c tp=0x28 span=2052x920 at(-1232,928)
[SFX] Sd_PlaySfx: sfxId=1382 (Sfx_Base+102) vol=148
[BIGPRIM] code=0x3c tp=0x28 span=999x1038 at(310,790)
[RA] http POST http://retroachievements.org/dorequest.php
[NET] POST retroachievements.org -> 200 (16 bytes)
[RA] http -> status=200 bodyLen=16 body='{"Success":true}'
[SH-XBOX] vblank 37800
[MEM] tick: free=2232KB (558 pages)
[SFX] Sd_PlaySfx: sfxId=1382 (Sfx_Base+102) vol=181
[BIGPRIM] code=0x3c tp=0x28 span=969x794 at(-131,748)
[BIGPRIM] code=0x3a tp=0xa span=1020x770 at(130,-25)
[SFX] Sd_PlaySfx: sfxId=1382 (Sfx_Base+102) vol=204
[BIGPRIM] code=0x3c tp=0x28 span=969x389 at(-785,710)
[SFX] Sd_PlaySfx: sfxId=1382 (Sfx_Base+102) vol=218
[BIGPRIM] code=0x3c tp=0x28 span=1176x1099 at(481,813)
[BIGPRIM] code=0x3c tp=0x28 span=1503x1173 at(-1010,835)
[SFX] Sd_PlaySfx: sfxId=1382 (Sfx_Base+102) vol=226
[BIGPRIM] code=0x3c tp=0x28 span=1410x900 at(-1166,771)
[BIGPRIM] code=0x3c tp=0x28 span=1437x1176 at(460,826)
[SFX] Sd_PlaySfx: sfxId=1382 (Sfx_Base+102) vol=230
[BIGPRIM] code=0x3a tp=0xa span=1020x770 at(130,-25)
[SFX] Sd_PlaySfx: sfxId=1382 (Sfx_Base+102) vol=229
[BIGPRIM] code=0x3c tp=0x28 span=1533x1099 at(-746,909)
[BIGPRIM] code=0x3c tp=0x28 span=1023x367 at(1012,713)
[BIGPRIM] code=0x3c tp=0x28 span=1155x678 at(751,787)
[SFX] Sd_PlaySfx: sfxId=1382 (Sfx_Base+102) vol=234
[BIGPRIM] code=0x3a tp=0xa span=1020x770 at(130,-25)
[BIGPRIM] code=0x3c tp=0x28 span=1188x730 at(736,793)
[BIGPRIM] code=0x3c tp=0x28 span=2418x1086 at(-2216,916)
[BIGPRIM] code=0x3a tp=0xa span=1020x770 at(130,-25)
[SFX] Sd_PlaySfx: sfxId=1381 (Sfx_Base+101) vol=241
[BIGPRIM] code=0x3c tp=0x28 span=1542x1092 at(685,916)
[BIGPRIM] code=0x3c tp=0x28 span=1716x996 at(805,1012)
[BIGPRIM] code=0x3c tp=0x28 span=2334x1147 at(-2060,861)
[SFX] Sd_PlaySfx: sfxId=1381 (Sfx_Base+101) vol=241
[CHNK] n=4 s0=-1,3,st3 s1=-1,4,st2 s2=-2,3,st3 s3=-1,2,st3
[BIGPRIM] code=0x3c tp=0x28 span=1755x685 at(-1364,1317)
[BIGPRIM] code=0x3a tp=0xa span=1020x770 at(130,-25)
[SFX] Sd_PlaySfx: sfxId=1381 (Sfx_Base+101) vol=236
[BIGPRIM] code=0x3c tp=0x28 span=1260x572 at(919,765)
[BIGPRIM] code=0x3c tp=0x28 span=1836x922 at(-1388,1080)
[SFX] Sd_PlaySfx: sfxId=1381 (Sfx_Base+101) vol=226
[BIGPRIM] code=0x3a tp=0xa span=1020x770 at(130,-25)
[BIGPRIM] code=0x3c tp=0x28 span=1731x724 at(-1577,793)
[BIGPRIM] code=0x3a tp=0xa span=1020x770 at(130,-25)
[SFX] Sd_PlaySfx: sfxId=1381 (Sfx_Base+101) vol=220
[BIGPRIM] code=0x3c tp=0x28 span=1104x382 at(1069,723)
[BIGPRIM] code=0x3c tp=0x28 span=1317x909 at(700,826)
[SFX] Sd_PlaySfx: sfxId=1381 (Sfx_Base+101) vol=215
[BIGPRIM] code=0x3c tp=0x28 span=972x350 at(1000,710)
[BIGPRIM] code=0x3c tp=0x28 span=1332x553 at(-1043,806)
[BIGPRIM] code=0x3c tp=0x28 span=1443x1086 at(-746,890)
[SFX] Sd_PlaySfx: sfxId=1381 (Sfx_Base+101) vol=208
[BIGPRIM] code=0x3c tp=0x28 span=1536x864 at(-842,1067)
[BIGPRIM] code=0x3c tp=0x28 span=1536x421 at(685,1414)
[SFX] Sd_PlaySfx: sfxId=1381 (Sfx_Base+101) vol=201
[BIGPRIM] code=0x3c tp=0x28 span=1527x1063 at(-770,900)
[BIGPRIM] code=0x3a tp=0xa span=1020x770 at(130,-25)
[SFX] Sd_PlaySfx: sfxId=1381 (Sfx_Base+101) vol=191
[SFX] Sd_PlaySfx: sfxId=1283 (Sfx_Base+3) vol=0
[BIGPRIM] code=0x3c tp=0x28 span=1233x527 at(-881,810)
[BIGPRIM] code=0x3c tp=0x28 span=1527x412 at(-506,1404)
[BIGPRIM] code=0x3a tp=0xa span=1020x770 at(130,-25)
[SFX] Sd_PlaySfx: sfxId=1381 (Sfx_Base+101) vol=182
[BIGPRIM] code=0x3c tp=0x28 span=1797x376 at(-1610,1440)
[SFX] Sd_PlaySfx: sfxId=1283 (Sfx_Base+3) vol=0
[SFX] Sd_PlaySfx: sfxId=1286 (Sfx_Base+6) vol=127
[SFX] Sd_PlaySfx: sfxId=1377 (Sfx_Base+97) vol=122
[BIGPRIM] code=0x3c tp=0x28 span=1527x1006 at(382,938)
[SFX] Sd_PlaySfx: sfxId=1377 (Sfx_Base+97) vol=118
[SFX] Sd_PlaySfx: sfxId=1381 (Sfx_Base+101) vol=164
[BIGPRIM] code=0x3c tp=0x28 span=1527x1006 at(634,938)
[SFX] Sd_PlaySfx: sfxId=1283 (Sfx_Base+3) vol=0
[BIGPRIM] code=0x3c tp=0x28 span=1692x1006 at(757,938)
[BIGPRIM] code=0x3c tp=0x28 span=1659x861 at(850,861)
[SFX] Sd_PlaySfx: sfxId=1283 (Sfx_Base+3) vol=0
[BIGPRIM] code=0x3a tp=0xa span=1020x770 at(130,-25)
[SFX] Sd_PlaySfx: sfxId=1381 (Sfx_Base+101) vol=168
[BIGPRIM] code=0x3a tp=0xa span=1020x770 at(130,-25)
[BIGPRIM] code=0x3c tp=0x28 span=1833x967 at(838,964)
[SFX] Sd_PlaySfx: sfxId=1283 (Sfx_Base+3) vol=0
[SFX] Sd_PlaySfx: sfxId=1286 (Sfx_Base+6) vol=102
[SFX] Sd_PlaySfx: sfxId=1377 (Sfx_Base+97) vol=107
[SFX] Sd_PlaySfx: sfxId=1377 (Sfx_Base+97) vol=103
[BIGPRIM] code=0x3c tp=0x28 span=1821x1061 at(796,896)
[BIGPRIM] code=0x3c tp=0x28 span=1533x492 at(-524,1343)
[SFX] Sd_PlaySfx: sfxId=1283 (Sfx_Base+3) vol=0
[BIGPRIM] code=0x3c tp=0x28 span=1401x1055 at(-320,883)
[BIGPRIM] code=0x3c tp=0x28 span=2247x932 at(-1988,986)
[SFX] Sd_PlaySfx: sfxId=1382 (Sfx_Base+102) vol=88
[BIGPRIM] code=0x3c tp=0x28 span=1965x864 at(970,1035)
[SFX] Sd_PlaySfx: sfxId=1283 (Sfx_Base+3) vol=0
[BIGPRIM] code=0x3c tp=0x28 span=2331x1035 at(1036,916)
[BIGPRIM] code=0x3c tp=0x28 span=1716x431 at(-1304,1391)
[SFX] Sd_PlaySfx: sfxId=1382 (Sfx_Base+102) vol=42
[BIGPRIM] code=0x3c tp=0x28 span=1533x601 at(-50,1247)
[SFX] Sd_PlaySfx: sfxId=1283 (Sfx_Base+3) vol=0
[BIGPRIM] code=0x3a tp=0xa span=1020x770 at(130,-25)
[SFX] Sd_PlaySfx: sfxId=1283 (Sfx_Base+3) vol=0
[BIGPRIM] code=0x3c tp=0x28 span=1905x701 at(1084,845)
[SFX] Sd_PlaySfx: sfxId=1381 (Sfx_Base+101) vol=76
[BIGPRIM] code=0x3c tp=0x28 span=2343x935 at(1126,861)
[ATTACK-DONE] st=61 lookupSt=61 kf=604 -> pcAttackDone
[RA] watch 84008: state=2 unlocked=1786116799 flags[4B4]=00 flags[4A1]=00 word4=0x00040000 setbits=51 map=10/8
[BIGPRIM] code=0x3c tp=0x35 span=99x909 at(91,-225)
[BIGPRIM] code=0x3c tp=0x28 span=2169x155 at(-1496,1333)
[BIGPRIM] code=0x3c tp=0x35 span=24x793 at(574,-147)
[SFX] Sd_PlaySfx: sfxId=1382 (Sfx_Base+102) vol=125
[BIGPRIM] code=0x3a tp=0xa span=1020x770 at(130,-25)
[BIGPRIM] code=0x3c tp=0x28 span=1404x507 at(1042,736)
[SFX] Sd_PlaySfx: sfxId=1382 (Sfx_Base+102) vol=153
[BIGPRIM] code=0x3c tp=0x28 span=1215x923 at(304,790)
[BIGPRIM] code=0x3c tp=0x28 span=1011x440 at(-800,739)
[BIGPRIM] code=0x3c tp=0x35 span=51x1507 at(661,-527)
[BIGPRIM] code=0x3a tp=0xa span=1020x770 at(130,-25)
[BIGPRIM] code=0x3c tp=0x35 span=45x1209 at(712,-2137)
[SFX] Sd_PlaySfx: sfxId=1382 (Sfx_Base+102) vol=171
[BIGPRIM] code=0x3c tp=0x35 span=93x1372 at(796,-2812)
[BIGPRIM] code=0x3c tp=0x35 span=36x1389 at(931,-2931)
[SFX] Sd_PlaySfx: sfxId=1382 (Sfx_Base+102) vol=193
[BIGPRIM] code=0x3c tp=0x28 span=1029x1089 at(-212,842)
[BIGPRIM] code=0x3c tp=0x35 span=36x1337 at(1021,-2931)
[SFX] Sd_PlaySfx: sfxId=1382 (Sfx_Base+102) vol=209
[BIGPRIM] code=0x3a tp=0xa span=1020x770 at(130,-25)
[BIGPRIM] code=0x3c tp=0x28 span=1581x1051 at(931,826)
[BIGPRIM] code=0x3c tp=0x28 span=2073x655 at(376,1276)
[SFX] Sd_PlaySfx: sfxId=1382 (Sfx_Base+102) vol=219
[BIGPRIM] code=0x3c tp=0x28 span=1572x1096 at(-1328,848)
[BIGPRIM] code=0x3c tp=0x28 span=1785x1167 at(-1568,848)
[BIGPRIM] code=0x3c tp=0x28 span=2067x890 at(-1172,1118)
[SFX] Sd_PlaySfx: sfxId=1284 (Sfx_Base+4) vol=0
[SFX] Sd_PlaySfx: sfxId=1382 (Sfx_Base+102) vol=227
[BIGPRIM] code=0x3c tp=0x28 span=1368x1054 at(937,967)
[BIGPRIM] code=0x3c tp=0x28 span=1368x964 at(937,1044)
[BIGPRIM] code=0x3a tp=0xa span=1020x770 at(130,-25)
[BIGPRIM] code=0x3c tp=0x28 span=2064x749 at(931,1272)
[SFX] Sd_PlaySfx: sfxId=1382 (Sfx_Base+102) vol=233
[BIGPRIM] code=0x3c tp=0x28 span=1848x938 at(-470,1070)
[BIGPRIM] code=0x3c tp=0x28 span=2193x941 at(-1760,1035)
[SFX] Sd_PlaySfx: sfxId=1382 (Sfx_Base+102) vol=237
[BIGPRIM] code=0x3a tp=0xa span=1020x770 at(130,-25)
[BIGPRIM] code=0x3c tp=0x28 span=1473x1154 at(742,803)
[BIGPRIM] code=0x3c tp=0x28 span=1473x1112 at(790,832)
[SFX] Sd_PlaySfx: sfxId=1382 (Sfx_Base+102) vol=241
[BIGPRIM] code=0x3c tp=0x28 span=2109x267 at(172,1671)
[BIGPRIM] code=0x3a tp=0xa span=1020x770 at(130,-25)
[BIGPRIM] code=0x3c tp=0x28 span=1266x746 at(1000,729)
[BIGPRIM] code=0x3c tp=0x28 span=2124x848 at(715,1115)
[SFX] Sd_PlaySfx: sfxId=1382 (Sfx_Base+102) vol=244
[BIGPRIM] code=0x3a tp=0xa span=1020x770 at(130,-25)
[BIGPRIM] code=0x3c tp=0x28 span=1650x926 at(-1394,774)
[SFX] Sd_PlaySfx: sfxId=1382 (Sfx_Base+102) vol=247
[BIGPRIM] code=0x3c tp=0x28 span=1110x714 at(166,819)
[BIGPRIM] code=0x3a tp=0xa span=1020x770 at(130,-25)
[BIGPRIM] code=0x3c tp=0x28 span=1914x585 at(-167,916)
[SFX] Sd_PlaySfx: sfxId=1382 (Sfx_Base+102) vol=249
[BIGPRIM] code=0x3c tp=0x28 span=2187x759 at(-548,999)
[SFX] Sd_PlaySfx: sfxId=1382 (Sfx_Base+102) vol=251
[BIGPRIM] code=0x3a tp=0xa span=1020x770 at(130,-25)
[BIGPRIM] code=0x3a tp=0xa span=1020x770 at(130,-25)
[SFX] Sd_PlaySfx: sfxId=1382 (Sfx_Base+102) vol=252
[BIGPRIM] code=0x3c tp=0x28 span=2352x1269 at(-2126,964)
[SH-XBOX] vblank 38400
[MEM] tick: free=2232KB (558 pages)
[SFX] Sd_PlaySfx: sfxId=1382 (Sfx_Base+102) vol=253
[BIGPRIM] code=0x3a tp=0xa span=1020x770 at(130,-25)
[BIGPRIM] code=0x3c tp=0x28 span=918x813 at(622,745)
[SFX] Sd_PlaySfx: sfxId=1382 (Sfx_Base+102) vol=254
[BIGPRIM] code=0x3a tp=0xa span=1020x770 at(130,-25)
[SFX] Sd_PlaySfx: sfxId=1382 (Sfx_Base+102) vol=255
[BIGPRIM] code=0x3c tp=0x28 span=1890x894 at(277,954)
[BIGPRIM] code=0x3c tp=0x28 span=1398x916 at(400,842)
[SFX] Sd_PlaySfx: sfxId=1382 (Sfx_Base+102) vol=255
[BIGPRIM] code=0x3c tp=0x28 span=2121x698 at(574,1105)
[BIGPRIM] code=0x3c tp=0x28 span=1149x942 at(172,829)
[SFX] Sd_PlaySfx: sfxId=1382 (Sfx_Base+102) vol=255
[BIGPRIM] code=0x3a tp=0xa span=1020x770 at(130,-25)
[BIGPRIM] code=0x3c tp=0x28 span=1356x939 at(616,832)
[BIGPRIM] code=0x3c tp=0x28 span=1443x1016 at(-962,787)
[BIGPRIM] code=0x3c tp=0x28 span=1332x871 at(-884,874)
[BIGPRIM] code=0x3c tp=0x28 span=1449x887 at(268,864)
[BIGPRIM] code=0x3c tp=0x28 span=1284x887 at(-896,922)
[BIGPRIM] code=0x3c tp=0x28 span=2007x897 at(442,919)
[BIGPRIM] code=0x3a tp=0xa span=1020x770 at(130,-25)
[BIGPRIM] code=0x3c tp=0x28 span=975x736 at(859,745)
[BIGPRIM] code=0x3c tp=0x28 span=981x669 at(790,742)
[BIGPRIM] code=0x3c tp=0x28 span=1824x267 at(-1640,1677)
[BIGPRIM] code=0x3c tp=0x28 span=1533x794 at(-416,1195)
[CHNK] n=4 s0=-1,3,st3 s1=-1,4,st2 s2=-2,3,st3 s3=-1,2,st3
[BIGPRIM] code=0x3c tp=0x28 span=1533x935 at(628,1067)
[BIGPRIM] code=0x3c tp=0x28 span=1533x691 at(-1277,781)
[BIGPRIM] code=0x3c tp=0x28 span=1410x613 at(-1163,765)
[BIGPRIM] code=0x3c tp=0x28 span=1338x990 at(490,826)
[BIGPRIM] code=0x3c tp=0x28 span=1617x12 at(280,1996)
[BIGPRIM] code=0x3c tp=0x28 span=1455x1025 at(-899,832)
[BOOT0/TIM] PostLoadTim file=1153 'THR2501F.TIM' ss=0x4b36 img.u=0 img.v=0 tPage=0,22 clutX=64 clutY=0
[BOOT0/TIM] post ReadTIM: prect=0xfb6644 caddr=0xfb6580 paddr=0xfb664c mode=8
[BOOT0/TIM] pre pixel LoadImage rect=(384,256 64x256)
[BOOT0/TIM] pre CLUT LoadImage rect=(64,0 16x6)
[BOOT0/TIM] PostLoadTim done
[POOLSTOMP] upload (384,256 64x256) hits PINNED pool slot 4 'THR2501F' (384,256)
[BIGPRIM] code=0x3c tp=0x28 span=2226x1099 at(1027,909)
[BIGPRIM] code=0x3a tp=0xa span=1020x770 at(130,-25)
[BIGPRIM] code=0x3a tp=0xa span=1020x770 at(130,-25)
[BIGPRIM] code=0x3c tp=0x28 span=1026x392 at(-737,720)
[BIGPRIM] code=0x3c tp=0x28 span=1554x1153 at(685,855)
[BIGPRIM] code=0x3c tp=0x28 span=1086x398 at(1000,720)
[BIGPRIM] code=0x3c tp=0x28 span=1533x1092 at(40,916)
[BIGPRIM] code=0x3c tp=0x28 span=1122x800 at(289,800)
[BIGPRIM] code=0x3a tp=0xa span=1020x770 at(130,-25)
[BIGPRIM] code=0x3c tp=0x28 span=1089x655 at(-539,781)
[BIGPRIM] code=0x3c tp=0x28 span=1833x1080 at(-1316,928)
[BIGPRIM] code=0x3c tp=0x28 span=1395x563 at(-1205,761)
[BIGPRIM] code=0x3c tp=0x28 span=1788x1132 at(-1232,883)
[BIGPRIM] code=0x3c tp=0x28 span=1239x903 at(451,816)
[BIGPRIM] code=0x3a tp=0xa span=1020x770 at(130,-25)
[BIGPRIM] code=0x3c tp=0x28 span=1527x1067 at(472,941)
[BIGPRIM] code=0x3c tp=0x28 span=1527x639 at(472,1369)
[BIGPRIM] code=0x3a tp=0xa span=1020x770 at(130,-25)
[BIGPRIM] code=0x3c tp=0x28 span=1386x610 at(-1112,765)
[BIGPRIM] code=0x3c tp=0x28 span=1566x1054 at(-896,954)
[BIGPRIM] code=0x3c tp=0x28 span=972x707 at(-275,787)
[BIGPRIM] code=0x3c tp=0x28 span=963x331 at(1006,700)
[BIGPRIM] code=0x3c tp=0x28 span=1536x537 at(721,1465)
[BIGPRIM] code=0x3c tp=0x28 span=1047x360 at(1036,710)
[BIGPRIM] code=0x3a tp=0xa span=1020x770 at(130,-25)
[BIGPRIM] code=0x3c tp=0x28 span=1029x344 at(1045,703)
[BIGPRIM] code=0x3c tp=0x28 span=1533x707 at(-632,1301)
[BIGPRIM] code=0x3c tp=0x28 span=1725x1087 at(784,928)
[BIGPRIM] code=0x3c tp=0x28 span=1110x630 at(769,774)
[BIGPRIM] code=0x3c tp=0x28 span=1533x1115 at(-464,893)
[BIGPRIM] code=0x3c tp=0x28 span=1095x601 at(784,768)
[BIGPRIM] code=0x3c tp=0x28 span=2232x1144 at(-1889,864)
[BIGPRIM] code=0x3c tp=0x28 span=1794x745 at(1057,1263)
[BIGPRIM] code=0x3c tp=0x28 span=1695x704 at(-1550,781)
[BIGPRIM] code=0x3c tp=0x28 span=1665x385 at(-1298,1623)
[BIGPRIM] code=0x3c tp=0x28 span=1512x1170 at(-905,838)
[BIGPRIM] code=0x3c tp=0x28 span=1548x1147 at(-878,861)
[BIGPRIM] code=0x3c tp=0x28 span=1533x1141 at(-500,867)
[BIGPRIM] code=0x3c tp=0x28 span=1311x1182 at(244,826)
[BIGPRIM] code=0x3c tp=0x28 span=1041x1076 at(556,781)
[BIGPRIM] code=0x3c tp=0x28 span=918x826 at(646,739)
[BIGPRIM] code=0x3a tp=0xa span=1020x770 at(130,-25)
[BIGPRIM] code=0x3c tp=0x28 span=1314x1089 at(-479,919)
[BIGPRIM] code=0x3a tp=0xa span=1020x770 at(130,-25)
[BIGPRIM] code=0x3c tp=0x28 span=978x611 at(-686,694)
[BIGPRIM] code=0x3a tp=0xa span=1020x770 at(130,-25)
[BIGPRIM] code=0x3a tp=0xa span=1020x770 at(130,-25)
[BIGPRIM] code=0x3c tp=0x28 span=1287x1182 at(508,826)
[BIGPRIM] code=0x3c tp=0x28 span=744x743 at(496,713)
[BIGPRIM] code=0x3c tp=0x28 span=1923x993 at(-290,1015)
[BOOT0/TIM] PostLoadTim file=1194 'THR6001F.TIM' ss=0x4d9f img.u=0 img.v=0 tPage=0,25 clutX=112 clutY=0
[BOOT0/TIM] post ReadTIM: prect=0xfb6704 caddr=0xfb6580 paddr=0xfb670c mode=8
[BOOT0/TIM] pre pixel LoadImage rect=(576,256 64x256)
[BOOT0/TIM] pre CLUT LoadImage rect=(112,0 16x12)
[BOOT0/TIM] PostLoadTim done
[POOLSTOMP] upload (576,256 64x256) hits PINNED pool slot 7 'THR6001F' (576,256)
[BIGPRIM] code=0x3c tp=0x28 span=2118x742 at(-1820,1086)
[BOOT0/TIM] PostLoadTim file=1195 'THR6002H.TIM' ss=0x4db0 img.u=0 img.v=0 tPage=0,26 clutX=128 clutY=0
[BOOT0/TIM] post ReadTIM: prect=0xfb66a4 caddr=0xfb6580 paddr=0xfb66ac mode=8
[BOOT0/TIM] pre pixel LoadImage rect=(640,256 32x256)
[BOOT0/TIM] pre CLUT LoadImage rect=(128,0 16x9)
[BOOT0/TIM] PostLoadTim done
[POOLSTOMP] upload (640,256 32x256) hits PINNED pool slot 8 'THR6002H' (640,256)
[BIGPRIM] code=0x3c tp=0x28 span=1800x1144 at(1093,864)
[BIGPRIM] code=0x3c tp=0x28 span=759x913 at(301,729)
[BIGPRIM] code=0x3a tp=0xa span=1020x770 at(130,-25)
[BIGPRIM] code=0x3c tp=0x28 span=1437x1009 at(-1232,813)
[BIGPRIM] code=0x3c tp=0x28 span=69x1038 at(100,848)
[BIGPRIM] code=0x3c tp=0x28 span=2151x842 at(82,1166)
[BIGPRIM] code=0x3c tp=0x28 span=1239x1163 at(124,845)
[BIGPRIM] code=0x3c tp=0x28 span=1323x1092 at(448,916)
[BIGPRIM] code=0x3c tp=0x28 span=1584x1038 at(1009,970)
[BIGPRIM] code=0x3c tp=0x28 span=1038x414 at(-707,720)
[BIGPRIM] code=0x3c tp=0x28 span=2175x1215 at(-1910,793)
[BIGPRIM] code=0x3c tp=0x28 span=984x1029 at(-38,758)
[BIGPRIM] code=0x3c tp=0x28 span=2370x1112 at(1036,896)
[BIGPRIM] code=0x3a tp=0xa span=1020x770 at(130,-25)
[BIGPRIM] code=0x3a tp=0xa span=1020x770 at(130,-25)
[BIGPRIM] code=0x3c tp=0x28 span=1302x1121 at(100,887)
[BIGPRIM] code=0x3c tp=0x28 span=1383x1070 at(166,938)
[SH-XBOX] vblank 39000
[MEM] tick: free=2232KB (558 pages)
[BOOT0/TIM] PostLoadTim file=1191 'THR5801F.TIM' ss=0x4d74 img.u=0 img.v=0 tPage=0,25 clutX=112 clutY=0
[BOOT0/TIM] post ReadTIM: prect=0xfb6784 caddr=0xfb6580 paddr=0xfb678c mode=8
[BOOT0/TIM] pre pixel LoadImage rect=(576,256 64x256)
[BOOT0/TIM] pre CLUT LoadImage rect=(112,0 16x16)
[BOOT0/TIM] PostLoadTim done
[POOLSTOMP] upload (576,256 64x256) hits PINNED pool slot 7 'THR5801F' (576,256)
[BIGPRIM] code=0x3a tp=0xa span=1020x770 at(130,-25)
[BIGPRIM] code=0x3c tp=0x28 span=1608x1182 at(-1277,826)
[BIGPRIM] code=0x3a tp=0xa span=1020x770 at(130,-25)
[BIGPRIM] code=0x3c tp=0x28 span=1683x1157 at(-1181,851)
[BIGPRIM] code=0x3c tp=0x28 span=2043x270 at(-1148,1738)
[BIGPRIM] code=0x3c tp=0x28 span=1185x1195 at(-380,813)
[BIGPRIM] code=0x3c tp=0x28 span=2043x298 at(-530,1710)
[BIGPRIM] code=0x3c tp=0x28 span=1017x1227 at(172,781)
[BIGPRIM] code=0x3c tp=0x28 span=2091x694 at(388,1314)
[BIGPRIM] code=0x3c tp=0x28 span=2064x559 at(-1808,1456)
[BIGPRIM] code=0x3c tp=0x28 span=1524x701 at(1117,687)
[BIGPRIM] code=0x3c tp=0x28 span=1056x923 at(562,742)
[BIGPRIM] code=0x3a tp=0xa span=1020x770 at(130,-25)
[BIGPRIM] code=0x3c tp=0x28 span=1650x1237 at(883,771)
[BIGPRIM] code=0x3a tp=0xa span=1020x770 at(130,-25)
[BIGPRIM] code=0x3c tp=0x28 span=2043x83 at(-926,1925)
[BIGPRIM] code=0x3c tp=0x28 span=1926x858 at(-266,1150)
[BIGPRIM] code=0x3c tp=0x28 span=1383x1096 at(382,919)
[BIGPRIM] code=0x3c tp=0x28 span=1980x835 at(130,1173)
[CHNK] n=4 s0=-1,3,st3 s1=-2,2,st3 s2=-2,3,st3 s3=-1,2,st3
[BIGPRIM] code=0x3c tp=0x28 span=2043x12 at(-536,1996)
[BIGPRIM] code=0x3a tp=0xa span=1020x770 at(130,-25)
[BIGPRIM] code=0x3c tp=0x28 span=1086x1189 at(31,819)
[BIGPRIM] code=0x3a tp=0xa span=1020x770 at(130,-25)
[BIGPRIM] code=0x3c tp=0x28 span=2085x382 at(232,1626)
[BIGPRIM] code=0x3c tp=0x28 span=1230x965 at(718,745)
[BIGPRIM] code=0x3c tp=0x28 span=831x823 at(-113,732)
[BIGPRIM] code=0x3a tp=0xa span=1020x770 at(130,-25)
[BIGPRIM] code=0x3a tp=0xa span=1020x770 at(130,-25)
[BIGPRIM] code=0x3c tp=0x28 span=1812x1074 at(-902,941)
[BIGPRIM] code=0x3c tp=0x28 span=996x540 at(1006,691)
[BIGPRIM] code=0x3c tp=0x28 span=2118x1231 at(1099,777)
[BIGPRIM] code=0x3a tp=0xa span=1020x770 at(130,-25)
[BIGPRIM] code=0x3c tp=0x28 span=981x694 at(787,720)
[BIGPRIM] code=0x3a tp=0xa span=1020x770 at(130,-25)
[BIGPRIM] code=0x3a tp=0xa span=1020x770 at(130,-25)
[BIGPRIM] code=0x3c tp=0x28 span=2274x1102 at(-1856,906)
[SPAWN-FIRE?] slot=0 allPass! npcFlags=0x4 flagsId=3 full=0 vblanks=1 ABOUT TO TRY SPAWN
[SPAWN-FIRE!] slot=0 gates passed â†’ entering spawn block, npcIdx will be assigned
[SPAWN] slot=0 -> npc[0] charaId=2 stateStep=5 pos=(-22,117)
[SFX] Sd_PlaySfx: sfxId=1321 (Sfx_Base+41) vol=0
[BIGPRIM] code=0x3a tp=0xa span=1020x770 at(130,-25)
[BIGPRIM] code=0x3c tp=0x35 span=1074x331 at(1102,-1404)
[BIGPRIM] code=0x3c tp=0x28 span=1605x1240 at(-1418,768)
[SFX] Sd_PlaySfx: sfxId=1381 (Sfx_Base+101) vol=247
[BIGPRIM] code=0x3a tp=0xa span=1020x770 at(130,-25)
[BIGPRIM] code=0x3a tp=0xa span=1020x770 at(130,-25)
[SFX] Sd_PlaySfx: sfxId=1382 (Sfx_Base+102) vol=250
[BIGPRIM] code=0x3c tp=0x28 span=1935x1202 at(1120,851)
[BIGPRIM] code=0x3c tp=0x28 span=1266x932 at(991,1115)
[SFX] Sd_PlaySfx: sfxId=1382 (Sfx_Base+102) vol=250
[BIGPRIM] code=0x3c tp=0x28 span=696x955 at(199,726)
[BIGPRIM] code=0x3c tp=0x3a span=1038x405 at(811,562)
[SFX] Sd_PlaySfx: sfxId=1382 (Sfx_Base+102) vol=251
[BIGPRIM] code=0x3c tp=0x3a span=1020x402 at(-134,636)
[BIGPRIM] code=0x3c tp=0x3a span=1536x222 at(-386,771)
[SFX] Sd_PlaySfx: sfxId=1382 (Sfx_Base+102) vol=251
[BIGPRIM] code=0x3c tp=0x28 span=1167x1147 at(238,900)
[BIGPRIM] code=0x3a tp=0xa span=1020x770 at(130,-25)
[SFX] Sd_PlaySfx: sfxId=1382 (Sfx_Base+102) vol=252
[BIGPRIM] code=0x3c tp=0x28 span=987x621 at(-830,703)
[BIGPRIM] code=0x3c tp=0x28 span=2043x39 at(-1184,2002)
[BIGPRIM] code=0x3c tp=0x28 span=972x723 at(-674,720)
[SFX] Sd_PlaySfx: sfxId=1382 (Sfx_Base+102) vol=252
[BIGPRIM] code=0x3c tp=0x28 span=2061x639 at(112,1369)
[BIGPRIM] code=0x3c tp=0x28 span=1197x1173 at(-233,835)
[BIGPRIM] code=0x3c tp=0x28 span=1788x1189 at(1051,826)
[SFX] Sd_PlaySfx: sfxId=1382 (Sfx_Base+102) vol=252
[BIGPRIM] code=0x3a tp=0xa span=1020x770 at(130,-25)
[BIGPRIM] code=0x3c tp=0x28 span=1206x965 at(-965,745)
[BIGPRIM] code=0x3c tp=0x28 span=1254x839 at(955,736)
[SFX] Sd_PlaySfx: sfxId=1382 (Sfx_Base+102) vol=253
[BIGPRIM] code=0x3c tp=0x28 span=1551x823 at(1102,732)
[SFX] Sd_PlaySfx: sfxId=1382 (Sfx_Base+102) vol=254
[BIGPRIM] code=0x3c tp=0x28 span=2136x893 at(-1928,1115)
[BIGPRIM] code=0x3c tp=0x28 span=2418x1060 at(-2228,948)
[SFX] Sd_PlaySfx: sfxId=1382 (Sfx_Base+102) vol=254
[BIGPRIM] code=0x3c tp=0x28 span=1590x1147 at(1021,861)
[SFX] Sd_PlaySfx: sfxId=1382 (Sfx_Base+102) vol=254
[BIGPRIM] code=0x3c tp=0x28 span=1503x1099 at(-1334,752)
[BIGPRIM] code=0x3c tp=0x28 span=2055x774 at(490,1234)
[SFX] Sd_PlaySfx: sfxId=1382 (Sfx_Base+102) vol=254
[BOOT0/TIM] PostLoadTim file=1154 'THR2601F.TIM' ss=0x4b47 img.u=0 img.v=0 tPage=0,23 clutX=80 clutY=0
[BOOT0/TIM] post ReadTIM: prect=0xfb6784 caddr=0xfb6580 paddr=0xfb678c mode=8
[BOOT0/TIM] pre pixel LoadImage rect=(448,256 64x256)
[BOOT0/TIM] pre CLUT LoadImage rect=(80,0 16x16)
[BOOT0/TIM] PostLoadTim done
[POOLSTOMP] upload (448,256 64x256) hits PINNED pool slot 5 'THR2601F' (448,256)
[BIGPRIM] code=0x3c tp=0x28 span=1431x1108 at(-230,900)
[SFX] Sd_PlaySfx: sfxId=1382 (Sfx_Base+102) vol=255
[BIGPRIM] code=0x3c tp=0x28 span=1380x1112 at(433,896)
[BIGPRIM] code=0x3c tp=0x28 span=1812x1105 at(-956,903)
[BIGPRIM] code=0x3c tp=0x28 span=2547x1102 at(-2372,906)
[SFX] Sd_PlaySfx: sfxId=1382 (Sfx_Base+102) vol=255
[BIGPRIM] code=0x3c tp=0x28 span=1560x920 at(1048,745)
[BIGPRIM] code=0x3a tp=0xa span=1020x770 at(130,-25)
[BIGPRIM] code=0x3c tp=0x28 span=762x813 at(442,723)
[SFX] Sd_PlaySfx: sfxId=1382 (Sfx_Base+102) vol=255
[BIGPRIM] code=0x3a tp=0xa span=1020x770 at(130,-25)
[BIGPRIM] code=0x3c tp=0x28 span=1767x1244 at(-1616,771)
[BIGPRIM] code=0x3a tp=0xa span=1020x770 at(130,-25)
[BOOT0/TIM] PostLoadTim file=1189 'THR5701F.TIM' ss=0x4d5a img.u=0 img.v=0 tPage=0,24 clutX=96 clutY=0
[BOOT0/TIM] post ReadTIM: prect=0xfb6604 caddr=0xfb6580 paddr=0xfb660c mode=8
[BOOT0/TIM] pre pixel LoadImage rect=(512,256 64x256)
[BOOT0/TIM] pre CLUT LoadImage rect=(96,0 16x4)
[BOOT0/TIM] PostLoadTim done
[POOLSTOMP] upload (512,256 64x256) hits PINNED pool slot 6 'THR5701F' (512,256)
[TEXVRAM] 'THR5701F' tPage=[0,24] clutXY=(96,0) uv=(0,0)
[SFX] Sd_PlaySfx: sfxId=1382 (Sfx_Base+102) vol=255
[BOOT0/TIM] PostLoadTim file=1190 'THR5702H.TIM' ss=0x4d6b img.u=0 img.v=0 tPage=0,26 clutX=128 clutY=0
[BOOT0/TIM] post ReadTIM: prect=0xfb6624 caddr=0xfb6580 paddr=0xfb662c mode=8
[BOOT0/TIM] pre pixel LoadImage rect=(640,256 32x256)
[BOOT0/TIM] pre CLUT LoadImage rect=(128,0 16x5)
[BOOT0/TIM] PostLoadTim done
[BIGPRIM] code=0x3a tp=0xa span=1020x770 at(130,-25)
[COLL-MISS] cell(-1,2) pos(-26,107) activeCount=4
[COLL-MISS]   slot cell(-3,2) qIdx=165 loadState=2 isLoaded=1
[COLL-MISS]   slot cell(-2,2) qIdx=158 loadState=2 isLoaded=1
[COLL-MISS]   slot cell(-2,3) qIdx=163 loadState=2 isLoaded=1
[COLL-MISS]   slot cell(-3,3) qIdx=167 loadState=2 isLoaded=1
[BIGPRIM] code=0x3c tp=0x28 span=2235x1022 at(1084,986)
[SFX] Sd_PlaySfx: sfxId=1382 (Sfx_Base+102) vol=255
[BIGPRIM] code=0x3c tp=0x28 span=1392x1150 at(-371,858)
[BIGPRIM] code=0x3c tp=0x28 span=1413x1118 at(370,890)
[BIGPRIM] code=0x3c tp=0x28 span=2157x543 at(-926,1465)
[TEXVRAM] 'THR5702H' tPage=[0,26] clutXY=(128,0) uv=(0,0)
[BIGPRIM] code=0x3c tp=0x28 span=963x1227 at(82,781)
[BIGPRIM] code=0x3c tp=0x28 span=834x1267 at(145,748)
[BIGPRIM] code=0x3c tp=0x28 span=2217x372 at(-830,1636)
[BIGPRIM] code=0x3c tp=0x28 span=933x1240 at(514,768)
[BIGPRIM] code=0x3c tp=0x28 span=2196x806 at(-1940,1202)
[BIGPRIM] code=0x3c tp=0x28 span=1506x1092 at(-1169,916)
[BIGPRIM] code=0x3a tp=0xa span=1020x770 at(130,-25)
[BIGPRIM] code=0x3a tp=0xa span=1020x770 at(130,-25)
[BIGPRIM] code=0x3c tp=0x28 span=2136x1006 at(-1007,1002)
[BIGPRIM] code=0x3c tp=0x28 span=960x1222 at(-227,745)
[BIGPRIM] code=0x3c tp=0x28 span=1086x1195 at(16,813)
[BIGPRIM] code=0x3c tp=0x28 span=2193x437 at(-1304,1571)
[BIGPRIM] code=0x3c tp=0x28 span=2193x896 at(304,1112)
[BIGPRIM] code=0x3c tp=0x28 span=2193x395 at(-1202,1613)
[BOOT0/TIM] PostLoadTim file=1193 'THR5901F.TIM' ss=0x4d8e img.u=0 img.v=0 tPage=0,23 clutX=80 clutY=0
[BOOT0/TIM] post ReadTIM: prect=0xfb6764 caddr=0xfb6580 paddr=0xfb676c mode=8
[BOOT0/TIM] pre pixel LoadImage rect=(448,256 64x256)
[BOOT0/TIM] pre CLUT LoadImage rect=(80,0 16x15)
[BOOT0/TIM] PostLoadTim done
[POOLSTOMP] upload (448,256 64x256) hits PINNED pool slot 5 'THR5901F' (448,256)
[BIGPRIM] code=0x3c tp=0x28 span=2169x790 at(-1514,1218)
[BIGPRIM] code=0x3c tp=0x28 span=1452x1253 at(889,755)
[SH-XBOX] vblank 39600
[MEM] tick: free=2232KB (558 pages)
[BIGPRIM] code=0x3a tp=0xa span=1020x770 at(130,-25)
[BIGPRIM] code=0x3c tp=0x28 span=777x1057 at(118,736)
[BIGPRIM] code=0x3c tp=0x28 span=2172x842 at(-1532,1166)
[BIGPRIM] code=0x3a tp=0xa span=1020x770 at(130,-25)
[BIGPRIM] code=0x3c tp=0x28 span=2169x485 at(-254,1523)
[BOOT0/TIM] PostLoadTim file=1146 'THR2001F.TIM' ss=0x4acf img.u=0 img.v=0 tPage=0,24 clutX=96 clutY=0
[BOOT0/TIM] post ReadTIM: prect=0xfb66c4 caddr=0xfb6580 paddr=0xfb66cc mode=8
[BOOT0/TIM] pre pixel LoadImage rect=(512,256 64x256)
[BOOT0/TIM] pre CLUT LoadImage rect=(96,0 16x10)
[BOOT0/TIM] PostLoadTim done
[BIGPRIM] code=0x3c tp=0x28 span=2169x687 at(-1298,1321)
[BIGPRIM] code=0x3c tp=0x28 span=960x585 at(1051,687)
[BIGPRIM] code=0x3c tp=0x28 span=2169x109 at(-176,1899)
[BIGPRIM] code=0x3c tp=0x28 span=873x797 at(763,713)
[BIGPRIM] code=0x3c tp=0x28 span=1242x1195 at(823,813)
[BIGPRIM] code=0x3c tp=0x28 span=2163x961 at(-1142,1047)
[BIGPRIM] code=0x3c tp=0x28 span=1230x1195 at(-710,813)
[BIGPRIM] code=0x3c tp=0x28 span=2169x842 at(-560,1166)
[BIGPRIM] code=0x3c tp=0x28 span=756x961 at(73,723)
[BIGPRIM] code=0x3c tp=0x28 span=2088x984 at(226,1031)
[BIGPRIM] code=0x3c tp=0x28 span=1251x1238 at(-776,777)
[BIGPRIM] code=0x3c tp=0x28 span=1077x444 at(943,729)
[BIGPRIM] code=0x3c tp=0x28 span=1356x1215 at(-512,793)
[CHNK] n=4 s0=-1,2,st2 s1=-2,2,st3 s2=-2,3,st3 s3=-1,3,st2
[BIGPRIM] code=0x3c tp=0x28 span=1011x733 at(-548,710)
[BIGPRIM] code=0x3a tp=0xa span=1020x770 at(130,-25)
[BOOT0/TIM] PostLoadTim file=1154 'THR2601F.TIM' ss=0x4b47 img.u=0 img.v=0 tPage=0,23 clutX=80 clutY=0
[BOOT0/TIM] post ReadTIM: prect=0xfb6784 caddr=0xfb6580 paddr=0xfb678c mode=8
[BOOT0/TIM] pre pixel LoadImage rect=(448,256 64x256)
[BOOT0/TIM] pre CLUT LoadImage rect=(80,0 16x16)
[BOOT0/TIM] PostLoadTim done
[BIGPRIM] code=0x3c tp=0x28 span=1407x1096 at(1006,742)
[BIGPRIM] code=0x3a tp=0xa span=1020x770 at(130,-25)
[BIGPRIM] code=0x3c tp=0x28 span=966x659 at(-572,700)
[BIGPRIM] code=0x3c tp=0x28 span=2010x974 at(43,1041)
[BIGPRIM] code=0x3a tp=0xa span=1020x770 at(130,-25)
[BIGPRIM] code=0x3c tp=0x28 span=2139x279 at(364,1729)
[BIGPRIM] code=0x3c tp=0x28 span=1137x826 at(-737,723)
[BIGPRIM] code=0x3c tp=0x28 span=984x1208 at(16,800)
[BIGPRIM] code=0x3c tp=0x28 span=669x726 at(244,710)
[BIGPRIM] code=0x3c tp=0x28 span=2130x1067 at(607,941)
[BIGPRIM] code=0x3c tp=0x2c span=930x854 at(-2405,-835)
[BIGPRIM] code=0x3c tp=0x28 span=1305x1067 at(-800,736)
[BIGPRIM] code=0x3c tp=0x2c span=990x791 at(-2711,-1327)
[BIGPRIM] code=0x3a tp=0xa span=1020x770 at(130,-25)
[BIGPRIM] code=0x3c tp=0x28 span=1056x1234 at(664,781)
[BIGPRIM] code=0x3c tp=0x2c span=1020x777 at(-2030,-575)
[BIGPRIM] code=0x3c tp=0x2c span=1350x1144 at(-2810,-1240)
[BIGPRIM] code=0x3a tp=0xa span=1020x770 at(130,-25)
[BIGPRIM] code=0x3c tp=0x2c span=1584x1079 at(-3149,-1054)
[BIGPRIM] code=0x3c tp=0x2c span=834x790 at(-1094,-662)
[BIGPRIM] code=0x3c tp=0x2c span=1092x868 at(-2156,-1491)
[BIGPRIM] code=0x3a tp=0xa span=1020x770 at(130,-25)
[BIGPRIM] code=0x3c tp=0x2c span=1242x951 at(-2009,-784)
[BIGPRIM] code=0x3c tp=0x2c span=1380x1183 at(-3116,-2282)
[BIGPRIM] code=0x3a tp=0xa span=1020x770 at(130,-25)
[BIGPRIM] code=0x3c tp=0x2c span=2208x1472 at(-2747,-1539)
[BIGPRIM] code=0x3a tp=0xa span=1020x770 at(130,-25)
[BIGPRIM] code=0x3c tp=0x2c span=1716x1530 at(-2327,-2160)
[BIGPRIM] code=0x3c tp=0x28 span=2088x977 at(469,1038)
[BIGPRIM] code=0x3c tp=0x28 span=2151x639 at(-776,1369)
[BIGPRIM] code=0x3a tp=0xa span=1020x770 at(130,-25)
[BIGPRIM] code=0x3c tp=0x28 span=1929x954 at(-752,1054)
[BIGPRIM] code=0x3c tp=0x28 span=1098x1215 at(472,793)
[BIGPRIM] code=0x3a tp=0xa span=1020x770 at(130,-25)
[BOOT0/TIM] PostLoadTim file=1152 'THR2401F.TIM' ss=0x4b25 img.u=0 img.v=0 tPage=0,25 clutX=112 clutY=0
[BOOT0/TIM] post ReadTIM: prect=0xfb66c4 caddr=0xfb6580 paddr=0xfb66cc mode=8
[BOOT0/TIM] pre pixel LoadImage rect=(576,256 64x256)
[BOOT0/TIM] pre CLUT LoadImage rect=(112,0 16x10)
[BOOT0/TIM] PostLoadTim done
[BIGPRIM] code=0x3a tp=0xa span=1020x770 at(130,-25)
[BIGPRIM] code=0x3c tp=0x28 span=1386x1198 at(-836,810)
[BIGPRIM] code=0x3c tp=0x28 span=912x1199 at(556,755)
[BIGPRIM] code=0x3c tp=0x2c span=876x752 at(2233,-1208)
[BIGPRIM] code=0x3c tp=0x28 span=2208x1092 at(961,916)
[BIGPRIM] code=0x3c tp=0x2c span=1032x976 at(2317,-800)
[BIGPRIM] code=0x3c tp=0x28 span=996x591 at(1132,694)
[BIGPRIM] code=0x3c tp=0x2c span=1686x1118 at(2866,-935)
[BIGPRIM] code=0x3c tp=0x2c span=1752x1504 at(2833,-2773)
[BIGPRIM] code=0x3c tp=0x2c span=1308x1093 at(2788,-1215)
[BIGPRIM] code=0x3a tp=0xa span=1020x770 at(130,-25)
[BIGPRIM] code=0x3c tp=0x28 span=2121x260 at(-1028,1748)
[BIGPRIM] code=0x3c tp=0x2c span=1392x1286 at(3013,-1703)
[BIGPRIM] code=0x3c tp=0x2c span=804x758 at(2158,-543)
[BIGPRIM] code=0x3c tp=0x2c span=1074x732 at(2305,-501)
[BIGPRIM] code=0x3c tp=0x28 span=1851x1002 at(-848,1006)
[BIGPRIM] code=0x3c tp=0x28 span=1305x488 at(1102,723)
[BIGPRIM] code=0x3c tp=0x28 span=1512x1102 at(-908,906)
[BIGPRIM] code=0x3c tp=0x2c span=1410x1073 at(2995,-932)
[BIGPRIM] code=0x3a tp=0xa span=1020x770 at(130,-25)
[BIGPRIM] code=0x3a tp=0xa span=1020x770 at(130,-25)
[BIGPRIM] code=0x3c tp=0x28 span=2100x1035 at(-1244,980)
[BIGPRIM] code=0x3c tp=0x28 span=1953x1041 at(-998,967)
[BIGPRIM] code=0x3a tp=0xa span=1020x770 at(130,-25)
[RA] watch 84008: state=2 unlocked=1786116799 flags[4B4]=00 flags[4A1]=00 word4=0x00040000 setbits=51 map=10/26
[BIGPRIM] code=0x3c tp=0x28 span=1287x1189 at(-560,819)
[BIGPRIM] code=0x3c tp=0x28 span=1608x1022 at(1087,986)
[BIGPRIM] code=0x3c tp=0x28 span=1455x1157 at(760,851)
[BIGPRIM] code=0x3c tp=0x2c span=990x822 at(823,-928)
[BIGPRIM] code=0x3c tp=0x29 span=336x1241 at(1009,697)
[BIGPRIM] code=0x3c tp=0x28 span=1851x710 at(-182,1112)
[BIGPRIM] code=0x3c tp=0x28 span=2010x849 at(-1394,877)
[BIGPRIM] code=0x3c tp=0x28 span=990x549 at(-527,633)
[BIGPRIM] code=0x3c tp=0x2c span=870x822 at(703,-761)
[BIGPRIM] code=0x3c tp=0x2c span=1350x1132 at(1027,-1517)
[BIGPRIM] code=0x3c tp=0x2c span=978x925 at(787,-906)
[BIGPRIM] code=0x3a tp=0xa span=1020x770 at(130,-25)
[BIGPRIM] code=0x3c tp=0x29 span=804x1241 at(763,568)
[BIGPRIM] code=0x3c tp=0x29 span=477x1240 at(298,678)
[BIGPRIM] code=0x3c tp=0x28 span=828x813 at(-71,742)
[BIGPRIM] code=0x3c tp=0x28 span=1581x1189 at(910,819)
[BIGPRIM] code=0x3c tp=0x28 span=1980x1202 at(1057,806)
[BIGPRIM] code=0x3a tp=0xa span=1020x770 at(130,-25)
[BOOT0/TIM] PostLoadTim file=1191 'THR5801F.TIM' ss=0x4d74 img.u=0 img.v=0 tPage=0,24 clutX=96 clutY=0
[BOOT0/TIM] post ReadTIM: prect=0xfb6784 caddr=0xfb6580 paddr=0xfb678c mode=8
[BOOT0/TIM] pre pixel LoadImage rect=(512,256 64x256)
[BOOT0/TIM] pre CLUT LoadImage rect=(96,0 16x16)
[BOOT0/TIM] PostLoadTim done
[BIGPRIM] code=0x3c tp=0x28 span=1266x1157 at(-929,768)
[BIGPRIM] code=0x3c tp=0x28 span=1989x579 at(172,1436)
[BIGPRIM] code=0x3c tp=0x28 span=1434x1134 at(727,874)
[BIGPRIM] code=0x3c tp=0x28 span=1461x1173 at(-959,813)
[BIGPRIM] code=0x3c tp=0x28 span=1266x530 at(-998,742)
[BIGPRIM] code=0x3c tp=0x28 span=1041x334 at(-881,691)
[BIGPRIM] code=0x3c tp=0x28 span=2268x1115 at(-2027,826)
[BIGPRIM] code=0x3a tp=0xa span=1020x770 at(130,-25)
[BIGPRIM] code=0x3c tp=0x2c span=894x758 at(958,-623)
[BIGPRIM] code=0x3c tp=0x28 span=1644x881 at(1015,800)
[BIGPRIM] code=0x3c tp=0x28 span=1104x383 at(-920,700)
[BIGPRIM] code=0x3c tp=0x2c span=846x803 at(691,-678)
[BIGPRIM] code=0x3c tp=0x2c span=912x861 at(682,-752)
[BIGPRIM] code=0x3c tp=0x28 span=1956x736 at(1111,1272)
[BIGPRIM] code=0x3a tp=0xa span=1020x770 at(130,-25)
[BIGPRIM] code=0x3c tp=0x28 span=1563x1076 at(-146,932)
[BIGPRIM] code=0x3c tp=0x2c span=1242x1176 at(700,-1160)
[BIGPRIM] code=0x3c tp=0x2c span=1338x1266 at(703,-1272)
[BIGPRIM] code=0x3c tp=0x28 span=1965x1063 at(-1631,810)
[BIGPRIM] code=0x3c tp=0x2c span=1734x1543 at(865,-2179)
[BIGPRIM] code=0x3c tp=0x28 span=1557x1141 at(-296,874)
[BIGPRIM] code=0x3c tp=0x28 span=2052x1028 at(-1832,980)
[BIGPRIM] code=0x3c tp=0x2c span=1284x1189 at(850,-1690)
[BIGPRIM] code=0x3c tp=0x2c span=1098x931 at(2956,-845)
[BIGPRIM] code=0x3c tp=0x28 span=1557x838 at(-296,1170)
[BIGPRIM] code=0x3c tp=0x2c span=1200x1021 at(3109,-964)
[BIGPRIM] code=0x3c tp=0x2c span=1332x1061 at(1267,-1899)
[BIGPRIM] code=0x3c tp=0x2c span=996x841 at(2782,-822)
[BIGPRIM] code=0x3c tp=0x2c span=1380x1169 at(3019,-1153)
[BIGPRIM] code=0x3c tp=0x28 span=2184x1070 at(-1988,938)
[BIGPRIM] code=0x3c tp=0x2c span=1290x1074 at(3064,-1321)
[BIGPRIM] code=0x3c tp=0x2c span=1170x990 at(3124,-1028)
[BIGPRIM] code=0x3c tp=0x2c span=1674x1543 at(1588,-1803)
[BIGPRIM] code=0x3c tp=0x2c span=1152x1092 at(2881,-1051)
[BIGPRIM] code=0x3c tp=0x28 span=1803x816 at(796,1186)
[BIGPRIM] code=0x3c tp=0x2c span=1038x958 at(1960,-1179)
[BIGPRIM] code=0x3c tp=0x2c span=1812x1530 at(2803,-1626)
[BIGPRIM] code=0x3c tp=0x28 span=1725x157 at(-476,1851)
[BIGPRIM] code=0x3c tp=0x2c span=1800x1375 at(2809,-1292)
[BIGPRIM] code=0x3c tp=0x2c span=1020x874 at(3199,-1597)
[BIGPRIM] code=0x3c tp=0x2c span=1170x796 at(3124,-684)
[BIGPRIM] code=0x3c tp=0x2c span=1836x1633 at(2791,-2333)
[BIGPRIM] code=0x3c tp=0x2c span=1356x1253 at(2506,-1648)
[BIGPRIM] code=0x3c tp=0x2c span=1362x906 at(3028,-810)
[BIGPRIM] code=0x3c tp=0x28 span=2181x1015 at(1000,993)
[BIGPRIM] code=0x3c tp=0x2c span=1116x957 at(3151,-1783)
[BIGPRIM] code=0x3c tp=0x2c span=1500x995 at(2959,-925)
[BIGPRIM] code=0x3c tp=0x28 span=1032x533 at(-563,752)
[BIGPRIM] code=0x3c tp=0x28 span=1143x559 at(844,765)
[BIGPRIM] code=0x3a tp=0xa span=1020x770 at(130,-25)
[BIGPRIM] code=0x3a tp=0xa span=1020x770 at(130,-25)
[BIGPRIM] code=0x3c tp=0x28 span=1347x1051 at(514,957)
[BIGPRIM] code=0x3c tp=0x28 span=1230x1224 at(709,784)
[BIGPRIM] code=0x3a tp=0xa span=1020x770 at(130,-25)
[SH-XBOX] vblank 40200
[MEM] tick: free=2232KB (558 pages)
[BIGPRIM] code=0x3c tp=0x28 span=1713x1077 at(-206,925)
[BIGPRIM] code=0x3c tp=0x28 span=1428x1019 at(1018,729)
[BIGPRIM] code=0x3c tp=0x28 span=972x1218 at(202,790)
[BIGPRIM] code=0x3c tp=0x28 span=2187x138 at(604,1864)
[BIGPRIM] code=0x3c tp=0x28 span=2163x636 at(-392,1372)
[BIGPRIM] code=0x3c tp=0x28 span=1293x1150 at(172,858)
[BIGPRIM] code=0x3c tp=0x28 span=1632x1108 at(490,900)
[BIGPRIM] code=0x3c tp=0x28 span=2187x626 at(-548,1382)
[BIGPRIM] code=0x3c tp=0x28 span=2187x630 at(-374,1378)
[BOOT0/TIM] PostLoadTim file=1189 'THR5701F.TIM' ss=0x4d5a img.u=0 img.v=0 tPage=0,25 clutX=112 clutY=0
[BOOT0/TIM] post ReadTIM: prect=0xfb6604 caddr=0xfb6580 paddr=0xfb660c mode=8
[BOOT0/TIM] pre pixel LoadImage rect=(576,256 64x256)
[BOOT0/TIM] pre CLUT LoadImage rect=(112,0 16x4)
[BOOT0/TIM] PostLoadTim done
[BIGPRIM] code=0x3c tp=0x28 span=1149x1170 at(-281,838)
[BIGPRIM] code=0x3a tp=0xa span=1020x770 at(130,-25)
[BIGPRIM] code=0x3a tp=0xa span=1020x770 at(130,-25)
[BIGPRIM] code=0x3a tp=0xa span=1020x770 at(130,-25)
[BIGPRIM] code=0x3c tp=0x28 span=897x1042 at(16,761)
[BIGPRIM] code=0x3c tp=0x28 span=1224x919 at(-617,800)
[BIGPRIM] code=0x3c tp=0x28 span=1914x1102 at(-1586,906)
[BIGPRIM] code=0x3c tp=0x28 span=1989x1211 at(-1838,797)
[BIGPRIM] code=0x3c tp=0x28 span=2163x424 at(-1034,1584)
[BIGPRIM] code=0x3a tp=0xa span=1020x770 at(130,-25)
[BIGPRIM] code=0x3c tp=0x28 span=2166x945 at(781,1063)
[CHNK] n=4 s0=-3,3,st3 s1=-2,2,st3 s2=-2,3,st3 s3=-3,2,st3
[BIGPRIM] code=0x3c tp=0x28 span=789x1158 at(166,748)
[BIGPRIM] code=0x3c tp=0x28 span=2139x102 at(52,1906)
[BIGPRIM] code=0x3c tp=0x28 span=1077x656 at(-842,697)
[BIGPRIM] code=0x3c tp=0x28 span=1377x945 at(-1100,726)
[BIGPRIM] code=0x3c tp=0x28 span=1032x749 at(-734,710)
[BIGPRIM] code=0x3c tp=0x28 span=1713x1157 at(-1175,851)
[BIGPRIM] code=0x3a tp=0xa span=1020x770 at(130,-25)
[BIGPRIM] code=0x3c tp=0x28 span=2193x1015 at(-1922,993)
[BIGPRIM] code=0x3c tp=0x28 span=1701x1080 at(-1082,935)
[BIGPRIM] code=0x3c tp=0x28 span=2103x1147 at(940,832)
[BIGPRIM] code=0x3a tp=0xa span=1020x770 at(130,-25)
[BIGPRIM] code=0x3c tp=0x2c span=1152x764 at(-2024,-523)
[BIGPRIM] code=0x3c tp=0x2c span=1032x919 at(-1895,-1041)
[BIGPRIM] code=0x3c tp=0x28 span=1506x1153 at(-197,855)
[BIGPRIM] code=0x3c tp=0x28 span=2079x993 at(-1754,1015)
[BIGPRIM] code=0x3c tp=0x2c span=942x790 at(-1274,-668)
[BIGPRIM] code=0x3c tp=0x28 span=1989x1047 at(982,961)
[BIGPRIM] code=0x3c tp=0x2c span=990x938 at(-2453,-755)
[BIGPRIM] code=0x3c tp=0x2c span=1206x802 at(-3020,-568)
[BIGPRIM] code=0x3c tp=0x2c span=1518x1402 at(-3191,-1427)
[BIGPRIM] code=0x3c tp=0x2c span=1830x1569 at(-3347,-2912)
[BOOT0/TIM] PostLoadTim file=1193 'THR5901F.TIM' ss=0x4d8e img.u=0 img.v=0 tPage=0,23 clutX=80 clutY=0
[BOOT0/TIM] post ReadTIM: prect=0xfb6764 caddr=0xfb6580 paddr=0xfb676c mode=8
[BOOT0/TIM] pre pixel LoadImage rect=(448,256 64x256)
[BOOT0/TIM] pre CLUT LoadImage rect=(80,0 16x15)
[BOOT0/TIM] PostLoadTim done
[BIGPRIM] code=0x3c tp=0x2c span=876x739 at(-1775,-601)
[BIGPRIM] code=0x3c tp=0x2c span=1770x1633 at(-3317,-2259)
[BIGPRIM] code=0x3c tp=0x28 span=990x678 at(457,774)
[BIGPRIM] code=0x3c tp=0x28 span=1680x321 at(-1346,1681)
[BIGPRIM] code=0x3c tp=0x2c span=1548x1053 at(-3206,-877)
[BIGPRIM] code=0x3a tp=0xa span=1020x770 at(130,-25)
[BIGPRIM] code=0x3c tp=0x28 span=1521x1125 at(604,890)
[BIGPRIM] code=0x3c tp=0x28 span=1665x122 at(604,1886)
[BIGPRIM] code=0x3c tp=0x28 span=1596x640 at(-794,1362)
[BIGPRIM] code=0x3c tp=0x28 span=1623x1031 at(778,977)
[BIGPRIM] code=0x3c tp=0x28 span=1542x678 at(-656,1330)
[BIGPRIM] code=0x3c tp=0x28 span=1527x1102 at(-524,906)
[BIGPRIM] code=0x3c tp=0x28 span=1389x836 at(805,790)
[BIGPRIM] code=0x3a tp=0xa span=1020x770 at(130,-25)
[BIGPRIM] code=0x3c tp=0x28 span=1776x1051 at(856,822)
[BIGPRIM] code=0x3c tp=0x28 span=2043x1173 at(904,835)
[BIGPRIM] code=0x3c tp=0x28 span=1296x1035 at(172,822)
[BIGPRIM] code=0x3a tp=0xa span=1020x770 at(130,-25)
[BIGPRIM] code=0x3c tp=0x28 span=2010x1000 at(994,816)
[BIGPRIM] code=0x3c tp=0x28 span=1530x819 at(-716,1189)
[BIGPRIM] code=0x3c tp=0x28 span=1527x1019 at(-14,989)
[BOOT0/TIM] PostLoadTim file=1146 'THR2001F.TIM' ss=0x4acf img.u=0 img.v=0 tPage=0,25 clutX=112 clutY=0
[BOOT0/TIM] post ReadTIM: prect=0xfb66c4 caddr=0xfb6580 paddr=0xfb66cc mode=8
[BOOT0/TIM] pre pixel LoadImage rect=(576,256 64x256)
[BOOT0/TIM] pre CLUT LoadImage rect=(112,0 16x10)
[BOOT0/TIM] PostLoadTim done
[BIGPRIM] code=0x3c tp=0x28 span=1527x1153 at(-650,855)
[BIGPRIM] code=0x3c tp=0x28 span=1137x392 at(1099,710)
[BIGPRIM] code=0x3c tp=0x28 span=2208x1147 at(-1862,861)
[BIGPRIM] code=0x3c tp=0x28 span=1563x550 at(-440,1452)
[BIGPRIM] code=0x3c tp=0x28 span=1563x1115 at(-302,893)
[BIGPRIM] code=0x3a tp=0xa span=1020x770 at(130,-25)
[BIGPRIM] code=0x3c tp=0x28 span=1167x601 at(859,761)
[BIGPRIM] code=0x3c tp=0x28 span=1563x723 at(-302,1285)
[BIGPRIM] code=0x3c tp=0x28 span=1281x778 at(-815,787)
[SPAWN-FIRE?] slot=0 allPass! npcFlags=0x4 flagsId=3 full=0 vblanks=1 ABOUT TO TRY SPAWN
[SPAWN-FIRE!] slot=0 gates passed â†’ entering spawn block, npcIdx will be assigned
[SPAWN] slot=0 -> npc[0] charaId=2 stateStep=5 pos=(-22,117)
[SFX] Sd_PlaySfx: sfxId=1321 (Sfx_Base+41) vol=0
[BIGPRIM] code=0x3c tp=0x28 span=2088x1144 at(-1658,871)
[BIGPRIM] code=0x3c tp=0x28 span=1848x838 at(1081,1170)
[SFX] Sd_PlaySfx: sfxId=1381 (Sfx_Base+101) vol=243
[BIGPRIM] code=0x3c tp=0x28 span=1896x716 at(-1664,1292)
[BIGPRIM] code=0x3c tp=0x28 span=1563x1115 at(-26,900)
[BIGPRIM] code=0x3c tp=0x28 span=1563x922 at(-26,1086)
[SFX] Sd_PlaySfx: sfxId=1382 (Sfx_Base+102) vol=234
[BIGPRIM] code=0x3c tp=0x28 span=1053x624 at(-506,790)
[BIGPRIM] code=0x3c tp=0x28 span=2214x1153 at(991,855)
[BIGPRIM] code=0x3c tp=0x28 span=1647x1134 at(-1118,874)
[BIGPRIM] code=0x3c tp=0x28 span=1563x1076 at(112,932)
[BIGPRIM] code=0x3a tp=0xa span=1020x770 at(130,-25)
[BIGPRIM] code=0x3a tp=0xa span=1020x770 at(130,-25)
[BIGPRIM] code=0x3c tp=0x28 span=1944x736 at(-1778,787)
[BIGPRIM] code=0x3a tp=0xa span=1020x770 at(130,-25)
[BIGPRIM] code=0x3c tp=0x28 span=1557x1157 at(388,851)
[SFX] Sd_PlaySfx: sfxId=1381 (Sfx_Base+101) vol=211
[BIGPRIM] code=0x3c tp=0x28 span=1527x1134 at(550,874)
[BIGPRIM] code=0x3c tp=0x28 span=1365x1163 at(-668,845)
[SFX] Sd_PlaySfx: sfxId=1381 (Sfx_Base+101) vol=194
[BIGPRIM] code=0x3c tp=0x28 span=1668x237 at(685,1771)
[BIGPRIM] code=0x3c tp=0x28 span=1533x848 at(-1193,800)
[BIGPRIM] code=0x3c tp=0x28 span=1626x1032 at(805,819)
[SFX] Sd_PlaySfx: sfxId=1381 (Sfx_Base+101) vol=184
[BIGPRIM] code=0x3a tp=0xa span=1020x770 at(130,-25)
[BIGPRIM] code=0x3c tp=0x28 span=1065x585 at(-593,758)
[BIGPRIM] code=0x3c tp=0x28 span=1527x790 at(-158,1218)
[SFX] Sd_PlaySfx: sfxId=1381 (Sfx_Base+101) vol=173
[BIGPRIM] code=0x3a tp=0xa span=1020x770 at(130,-25)
[BIGPRIM] code=0x3c tp=0x5c span=84x1160 at(-2432,-2931)
[BIGPRIM] code=0x3c tp=0x5c span=264x1209 at(-2432,-2616)
[SFX] Sd_PlaySfx: sfxId=1381 (Sfx_Base+101) vol=160
[BIGPRIM] code=0x3c tp=0x28 span=1527x813 at(256,1195)
[BIGPRIM] code=0x3c tp=0x28 span=1038x427 at(-743,723)
[BIGPRIM] code=0x3c tp=0x28 span=1527x871 at(526,1137)
[SFX] Sd_PlaySfx: sfxId=1381 (Sfx_Base+101) vol=165
[SFX] Sd_PlaySfx: sfxId=1378 (Sfx_Base+98) vol=166
[BIGPRIM] code=0x3c tp=0x28 span=2064x961 at(1123,1047)
[BIGPRIM] code=0x3c tp=0x28 span=1317x1173 at(-488,835)
[SFX] Sd_PlaySfx: sfxId=1381 (Sfx_Base+101) vol=182
[BIGPRIM] code=0x3c tp=0x28 span=1773x928 at(-1532,810)
[BIGPRIM] code=0x3c tp=0x28 span=1638x488 at(-872,1520)
[SFX] Sd_PlaySfx: sfxId=1382 (Sfx_Base+102) vol=188
[BIGPRIM] code=0x3c tp=0x28 span=1221x1057 at(-317,816)
[BOOT0/TIM] PostLoadTim file=1194 'THR6001F.TIM' ss=0x4d9f img.u=0 img.v=0 tPage=0,22 clutX=64 clutY=0
[BOOT0/TIM] post ReadTIM: prect=0xfb6704 caddr=0xfb6580 paddr=0xfb670c mode=8
[BOOT0/TIM] pre pixel LoadImage rect=(384,256 64x256)
[BOOT0/TIM] pre CLUT LoadImage rect=(64,0 16x12)
[BOOT0/TIM] PostLoadTim done
[BOOT0/TIM] PostLoadTim file=1195 'THR6002H.TIM' ss=0x4db0 img.u=32 img.v=0 tPage=0,26 clutX=144 clutY=0
[BOOT0/TIM] post ReadTIM: prect=0xfb66a4 caddr=0xfb6580 paddr=0xfb66ac mode=8
[BOOT0/TIM] pre pixel LoadImage rect=(672,256 32x256)
[BOOT0/TIM] pre CLUT LoadImage rect=(144,0 16x9)
[BOOT0/TIM] PostLoadTim done
[BIGPRIM] code=0x3c tp=0x28 span=1536x878 at(-1172,803)
[SFX] Sd_PlaySfx: sfxId=1382 (Sfx_Base+102) vol=188
[SH-XBOX] vblank 40800
[MEM] tick: free=2232KB (558 pages)
[BIGPRIM] code=0x3c tp=0x28 span=1743x1064 at(835,822)
[SFX] Sd_PlaySfx: sfxId=1382 (Sfx_Base+102) vol=184
[BIGPRIM] code=0x3c tp=0x28 span=1635x572 at(1096,1436)
[BIGPRIM] code=0x3c tp=0x28 span=1935x752 at(-1712,1256)
[SFX] Sd_PlaySfx: sfxId=1382 (Sfx_Base+102) vol=177
[BIGPRIM] code=0x3c tp=0x28 span=1095x807 at(280,793)
[SFX] Sd_PlaySfx: sfxId=1382 (Sfx_Base+102) vol=169
[BIGPRIM] code=0x3a tp=0xa span=1020x770 at(130,-25)
[BIGPRIM] code=0x3c tp=0x28 span=1434x749 at(895,777)
[SFX] Sd_PlaySfx: sfxId=1382 (Sfx_Base+102) vol=161
[BIGPRIM] code=0x3c tp=0x28 span=1635x1006 at(796,1002)
[BIGPRIM] code=0x3c tp=0x28 span=1479x826 at(-1118,787)
[SFX] Sd_PlaySfx: sfxId=1382 (Sfx_Base+102) vol=149
[BIGPRIM] code=0x3c tp=0x28 span=1176x405 at(1105,713)
[BIGPRIM] code=0x3c tp=0x2a span=1776x524 at(-983,-1118)
[BIGPRIM] code=0x3c tp=0x2a span=2091x511 at(-1271,-1478)
[BIGPRIM] code=0x3c tp=0x2a span=2478x736 at(-1616,-1941)
[BIGPRIM] code=0x3c tp=0x2a span=2982x1350 at(-2045,-2674)
[SFX] Sd_PlaySfx: sfxId=1382 (Sfx_Base+102) vol=137
[BIGPRIM] code=0x3c tp=0x28 span=1527x604 at(-380,1398)
[BIGPRIM] code=0x3c tp=0x28 span=2112x1041 at(-1766,967)
[BIGPRIM] code=0x3c tp=0x28 span=1527x652 at(-242,1356)
[SFX] Sd_PlaySfx: sfxId=1382 (Sfx_Base+102) vol=126
[BIGPRIM] code=0x3c tp=0x28 span=1923x951 at(1030,1057)
[BIGPRIM] code=0x3c tp=0x28 span=1908x716 at(-1688,1292)
[BIGPRIM] code=0x3c tp=0x28 span=1527x1077 at(-464,938)
[SFX] Sd_PlaySfx: sfxId=1382 (Sfx_Base+102) vol=116
[BIGPRIM] code=0x3c tp=0x28 span=1737x746 at(1066,784)
[BIGPRIM] code=0x3c tp=0x28 span=1458x1173 at(301,835)
[BIGPRIM] code=0x3c tp=0x5c span=345x945 at(-2432,-1080)
[CHNK] n=4 s0=-1,3,st3 s1=-2,2,st2 s2=0,3,st3 s3=-1,2,st3
[SFX] Sd_PlaySfx: sfxId=1382 (Sfx_Base+102) vol=106
[BOOT0/TIM] PostLoadTim file=1225 'THR8101F.TIM' ss=0x4f56 img.u=0 img.v=0 tPage=0,24 clutX=96 clutY=0
[BOOT0/TIM] post ReadTIM: prect=0xfb6704 caddr=0xfb6580 paddr=0xfb670c mode=8
[BOOT0/TIM] pre pixel LoadImage rect=(512,256 64x256)
[BOOT0/TIM] pre CLUT LoadImage rect=(96,0 16x12)
[BOOT0/TIM] PostLoadTim done
[BIGPRIM] code=0x3c tp=0x28 span=1044x839 at(-221,797)
[BIGPRIM] code=0x3c tp=0x28 span=1557x765 at(832,1243)
[SFX] Sd_PlaySfx: sfxId=1382 (Sfx_Base+102) vol=86
[BIGPRIM] code=0x3a tp=0xa span=1020x770 at(130,-25)
[BIGPRIM] code=0x3a tp=0xa span=1020x770 at(130,-25)
[SFX] Sd_PlaySfx: sfxId=1382 (Sfx_Base+102) vol=68
[BIGPRIM] code=0x3c tp=0x28 span=2163x970 at(-1928,1038)
[BIGPRIM] code=0x3c tp=0x28 span=1359x1170 at(-101,832)
[BIGPRIM] code=0x3c tp=0x5c span=1932x939 at(-2432,-1176)
[SFX] Sd_PlaySfx: sfxId=1382 (Sfx_Base+102) vol=52
[BIGPRIM] code=0x3c tp=0x28 span=1542x1013 at(-1088,819)
[BIGPRIM] code=0x3a tp=0xa span=1020x770 at(130,-25)
[SFX] Sd_PlaySfx: sfxId=1382 (Sfx_Base+102) vol=37
[BIGPRIM] code=0x3c tp=0x28 span=2058x1060 at(1009,948)
[BIGPRIM] code=0x3c tp=0x28 span=1668x260 at(-1520,1748)
[SFX] Sd_PlaySfx: sfxId=1382 (Sfx_Base+102) vol=19
[BIGPRIM] code=0x3a tp=0xa span=1020x770 at(130,-25)
[BIGPRIM] code=0x3c tp=0x28 span=1506x1153 at(433,855)
[SFX] Sd_PlaySfx: sfxId=1382 (Sfx_Base+102) vol=0
[BIGPRIM] code=0x3c tp=0x28 span=1515x578 at(376,1051)
[BIGPRIM] code=0x3c tp=0x28 span=1518x103 at(745,1047)
[BIGPRIM] code=0x3c tp=0x28 span=2295x225 at(-2078,896)
[SFX] Sd_PlaySfx: sfxId=1381 (Sfx_Base+101) vol=48
[BIGPRIM] code=0x3c tp=0x28 span=1515x553 at(721,896)
[BIGPRIM] code=0x3c tp=0x28 span=1686x633 at(-1142,1022)
[BIGPRIM] code=0x3c tp=0x28 span=1614x752 at(-1148,996)
[BIGPRIM] code=0x3c tp=0x28 span=1893x476 at(-1118,1391)
[SFX] Sd_PlaySfx: sfxId=1381 (Sfx_Base+101) vol=88
[BIGPRIM] code=0x3c tp=0x28 span=1242x919 at(1000,874)
[BIGPRIM] code=0x3c tp=0x28 span=1407x778 at(-440,1057)
[BIGPRIM] code=0x3c tp=0x28 span=1143x829 at(-182,948)
[BIGPRIM] code=0x3c tp=0x28 span=1029x952 at(-146,896)
[SFX] Sd_PlaySfx: sfxId=1283 (Sfx_Base+3) vol=0
[SFX] Sd_PlaySfx: sfxId=1381 (Sfx_Base+101) vol=108
[BIGPRIM] code=0x3c tp=0x28 span=2133x315 at(-1412,1423)
[BIGPRIM] code=0x3c tp=0x28 span=1674x1103 at(-1382,822)
[BIGPRIM] code=0x3c tp=0x28 span=2121x155 at(-680,1738)
[SFX] Sd_PlaySfx: sfxId=1283 (Sfx_Base+3) vol=0
[SFX] Sd_PlaySfx: sfxId=1381 (Sfx_Base+101) vol=118
[BIGPRIM] code=0x3c tp=0x28 span=1548x1077 at(1066,800)
[BIGPRIM] code=0x3a tp=0xa span=1020x770 at(130,-25)
[SFX] Sd_PlaySfx: sfxId=1283 (Sfx_Base+3) vol=0
[SFX] Sd_PlaySfx: sfxId=1381 (Sfx_Base+101) vol=112
[BIGPRIM] code=0x3c tp=0x28 span=2433x990 at(1096,973)
[BIGPRIM] code=0x3c tp=0x28 span=822x1153 at(232,810)
[SFX] Sd_PlaySfx: sfxId=1381 (Sfx_Base+101) vol=105
[BIGPRIM] code=0x3c tp=0x28 span=2121x431 at(-1112,1430)
[SFX] Sd_PlaySfx: sfxId=1283 (Sfx_Base+3) vol=0
[BIGPRIM] code=0x3c tp=0x28 span=2094x762 at(-1037,1150)
[SFX] Sd_PlaySfx: sfxId=1381 (Sfx_Base+101) vol=97
[BIGPRIM] code=0x3c tp=0x28 span=1341x990 at(658,883)
[SFX] Sd_PlaySfx: sfxId=1283 (Sfx_Base+3) vol=0
[BIGPRIM] code=0x3c tp=0x28 span=1935x964 at(-1727,864)
[BIGPRIM] code=0x3c tp=0x28 span=1068x951 at(82,903)
[SFX] Sd_PlaySfx: sfxId=1381 (Sfx_Base+101) vol=87
[BIGPRIM] code=0x3c tp=0x28 span=1989x617 at(-140,1211)
[SFX] Sd_PlaySfx: sfxId=1283 (Sfx_Base+3) vol=0
[BIGPRIM] code=0x3c tp=0x28 span=1017x556 at(1129,826)
[SFX] Sd_PlaySfx: sfxId=1381 (Sfx_Base+101) vol=76
[BIGPRIM] code=0x3c tp=0x28 span=1314x653 at(-1049,835)
[BIGPRIM] code=0x3c tp=0x28 span=873x970 at(361,871)
[SFX] Sd_PlaySfx: sfxId=1283 (Sfx_Base+3) vol=0
[SFX] Sd_PlaySfx: sfxId=1381 (Sfx_Base+101) vol=66
[BIGPRIM] code=0x3a tp=0xa span=1020x770 at(130,-25)
[BIGPRIM] code=0x3c tp=0x28 span=2166x843 at(898,973)
[BIGPRIM] code=0x3c tp=0x28 span=2073x518 at(-1262,1343)
[SFX] Sd_PlaySfx: sfxId=1381 (Sfx_Base+101) vol=56
[SFX] Sd_PlaySfx: sfxId=1283 (Sfx_Base+3) vol=0
[SFX] Sd_PlaySfx: sfxId=1286 (Sfx_Base+6) vol=0
[SFX] Sd_PlaySfx: sfxId=1377 (Sfx_Base+97) vol=0
[BIGPRIM] code=0x3a tp=0xa span=1020x770 at(130,-25)
[SFX] Sd_PlaySfx: sfxId=1377 (Sfx_Base+97) vol=0
[SFX] Sd_PlaySfx: sfxId=1381 (Sfx_Base+101) vol=54
[BIGPRIM] code=0x3c tp=0x28 span=882x845 at(469,855)
[SFX] Sd_PlaySfx: sfxId=1283 (Sfx_Base+3) vol=0
[SFX] Sd_PlaySfx: sfxId=1286 (Sfx_Base+6) vol=0
[BIGPRIM] code=0x3c tp=0x28 span=1005x373 at(-848,797)
[BIGPRIM] code=0x3a tp=0xa span=1020x770 at(130,-25)
[BIGPRIM] code=0x3c tp=0x28 span=1047x839 at(802,851)
[SFX] Sd_PlaySfx: sfxId=1283 (Sfx_Base+3) vol=0
[SFX] Sd_PlaySfx: sfxId=1286 (Sfx_Base+6) vol=0
[SFX] Sd_PlaySfx: sfxId=1377 (Sfx_Base+97) vol=0
[BIGPRIM] code=0x3c tp=0x28 span=921x1016 at(304,877)
[SFX] Sd_PlaySfx: sfxId=1377 (Sfx_Base+97) vol=0
[BIGPRIM] code=0x3c tp=0x28 span=1728x424 at(-1106,1417)
[BIGPRIM] code=0x3a tp=0xa span=1020x770 at(130,-25)
[SFX] Sd_PlaySfx: sfxId=1283 (Sfx_Base+3) vol=0
[SFX] Sd_PlaySfx: sfxId=1286 (Sfx_Base+6) vol=16
[BIGPRIM] code=0x3a tp=0xa span=1020x770 at(130,-25)
[SFX] Sd_PlaySfx: sfxId=1381 (Sfx_Base+101) vol=98
[BIGPRIM] code=0x3a tp=0xa span=1020x770 at(130,-25)
[BIGPRIM] code=0x3c tp=0x28 span=1128x806 at(-341,961)
[BIGPRIM] code=0x3c tp=0x28 span=2043x530 at(-446,1324)
[SFX] Sd_PlaySfx: sfxId=1316 (Sfx_Base+36) vol=13
[BIGPRIM] code=0x3c tp=0x28 span=1287x1048 at(-452,967)
[BIGPRIM] code=0x3c tp=0x28 span=2127x1212 at(862,1285)
[BIGPRIM] code=0x3c tp=0x28 span=2043x605 at(-452,2233)
[BIGPRIM] code=0x3c tp=0x28 span=837x948 at(622,1369)
[BIGPRIM] code=0x3c tp=0x28 span=2043x572 at(-452,2356)
[BIGPRIM] code=0x3c tp=0x28 span=1122x1093 at(-632,658)
[BIGPRIM] code=0x3c tp=0x28 span=1656x1228 at(475,848)
[BIGPRIM] code=0x3c tp=0x28 span=1866x1218 at(463,1208)
[BIGPRIM] code=0x3c tp=0x28 span=2046x489 at(937,2394)
[BIGPRIM] code=0x3c tp=0x28 span=1518x1643 at(-1094,758)
[BIGPRIM] code=0x3a tp=0xa span=1020x770 at(130,-25)
[SFX] Sd_PlaySfx: sfxId=1283 (Sfx_Base+3) vol=0
[SFX] Sd_PlaySfx: sfxId=1286 (Sfx_Base+6) vol=0
[SFX] Sd_PlaySfx: sfxId=1380 (Sfx_Base+100) vol=0
[BIGPRIM] code=0x3c tp=0x28 span=900x990 at(736,646)
[BIGPRIM] code=0x3c tp=0x28 span=1323x1643 at(763,745)
[BIGPRIM] code=0x3a tp=0xa span=1020x770 at(130,-25)
[BIGPRIM] code=0x3a tp=0xa span=1020x770 at(130,-25)
[BIGPRIM] code=0x3c tp=0x28 span=912x1437 at(502,671)
[BIGPRIM] code=0x3c tp=0x28 span=2091x952 at(-278,2696)
[BIGPRIM] code=0x3c tp=0x28 span=2091x1093 at(-230,2555)
[BIGPRIM] code=0x3a tp=0xa span=1020x770 at(130,-25)
[SFX] Sd_PlaySfx: sfxId=1283 (Sfx_Base+3) vol=0
[SFX] Sd_PlaySfx: sfxId=1286 (Sfx_Base+6) vol=0
[BIGPRIM] code=0x3c tp=0x28 span=744x971 at(592,565)
[BIGPRIM] code=0x3c tp=0x28 span=660x765 at(598,507)
[SFX] Sd_PlaySfx: sfxId=1283 (Sfx_Base+3) vol=0
[SFX] Sd_PlaySfx: sfxId=1286 (Sfx_Base+6) vol=0
[BIGPRIM] code=0x3a tp=0xa span=1020x770 at(130,-25)
[BIGPRIM] code=0x3c tp=0x28 span=2058x666 at(-1622,2982)
[SH-XBOX] vblank 41400
[MEM] tick: free=2232KB (558 pages)
[SFX] Sd_PlaySfx: sfxId=1283 (Sfx_Base+3) vol=0
[BIGPRIM] code=0x3c tp=0x28 span=849x955 at(991,568)
[BIGPRIM] code=0x3c tp=0x28 span=792x1092 at(-194,601)
[BIGPRIM] code=0x3c tp=0x28 span=687x897 at(502,546)
[BIGPRIM] code=0x3a tp=0xa span=1020x770 at(130,-25)
[BIGPRIM] code=0x3c tp=0x5c span=747x742 at(1213,649)
[BIGPRIM] code=0x3c tp=0x28 span=1740x1579 at(817,1227)
[BIGPRIM] code=0x3c tp=0x28 span=1692x1247 at(901,1552)
[BIGPRIM] code=0x3c tp=0x28 span=1854x1607 at(823,1006)
[BIGPRIM] code=0x3c tp=0x5c span=513x826 at(1624,1221)
[BIGPRIM] code=0x3c tp=0x28 span=1569x1370 at(-416,1391)
[BIGPRIM] code=0x3c tp=0x5c span=933x1308 at(481,1189)
[BIGPRIM] code=0x3c tp=0x28 span=1563x1629 at(-728,945)
[BIGPRIM] code=0x3c tp=0x28 span=1629x386 at(-890,2638)
[BIGPRIM] code=0x3c tp=0x28 span=1572x1356 at(649,1430)
[BIGPRIM] code=0x3c tp=0x28 span=1602x913 at(-848,1957)
[BIGPRIM] code=0x3a tp=0xa span=1020x770 at(130,-25)
[BIGPRIM] code=0x3c tp=0x28 span=1056x916 at(691,800)
[BIGPRIM] code=0x3c tp=0x28 span=1638x1626 at(703,967)
[BIGPRIM] code=0x3c tp=0x28 span=1635x386 at(-788,2696)
[BIGPRIM] code=0x3a tp=0xa span=1020x770 at(130,-25)
[BIGPRIM] code=0x3c tp=0x28 span=1629x379 at(-722,2632)
[BIGPRIM] code=0x3c tp=0x28 span=1806x1035 at(1102,816)
[CHNK] n=4 s0=-1,3,st3 s1=0,2,st3 s2=0,3,st3 s3=-1,2,st3
[BIGPRIM] code=0x3c tp=0x28 span=1569x1600 at(76,1038)
[BIGPRIM] code=0x3c tp=0x28 span=1569x1314 at(-254,1485)
[BIGPRIM] code=0x3c tp=0x28 span=1569x1607 at(-206,1006)
[BIGPRIM] code=0x3a tp=0xa span=1020x770 at(130,-25)
[BIGPRIM] code=0x3c tp=0x28 span=2022x1607 at(937,1012)
[BIGPRIM] code=0x3a tp=0xa span=1020x770 at(130,-25)
[BIGPRIM] code=0x3c tp=0x28 span=1602x920 at(1039,1963)
[BIGPRIM] code=0x3c tp=0x28 span=1533x1437 at(208,1317)
[BIGPRIM] code=0x3c tp=0x28 span=1527x1607 at(-692,999)
[BIGPRIM] code=0x3a tp=0xa span=1020x770 at(130,-25)
[BIGPRIM] code=0x3c tp=0x28 span=1596x1510 at(-956,1186)
[BIGPRIM] code=0x3a tp=0xa span=1020x770 at(130,-25)
[BIGPRIM] code=0x3c tp=0x28 span=1956x1134 at(1117,829)
[BIGPRIM] code=0x3a tp=0xa span=1020x770 at(130,-25)
[BIGPRIM] code=0x3c tp=0x28 span=1035x852 at(727,787)
[BIGPRIM] code=0x3c tp=0x28 span=1533x1524 at(-596,1179)
[BIGPRIM] code=0x3c tp=0x28 span=1083x518 at(1069,697)
[BIGPRIM] code=0x3c tp=0x28 span=1797x1636 at(796,951)
[BIGPRIM] code=0x3c tp=0x28 span=1533x1138 at(-476,1706)
[BIGPRIM] code=0x3a tp=0xa span=1020x770 at(130,-25)
[BIGPRIM] code=0x3c tp=0x28 span=2262x1566 at(1129,1092)
[BIGPRIM] code=0x3c tp=0x28 span=1029x704 at(-578,748)
[BIGPRIM] code=0x3c tp=0x28 span=1215x1321 at(-329,855)
[BIGPRIM] code=0x3c tp=0x28 span=996x518 at(988,697)
[BIGPRIM] code=0x3a tp=0xa span=1020x770 at(130,-25)
[BOOT0/TIM] PostLoadTim file=1196 'THR6101F.TIM' ss=0x4db9 img.u=0 img.v=0 tPage=0,23 clutX=80 clutY=0
[BOOT0/TIM] post ReadTIM: prect=0xfb6604 caddr=0xfb6580 paddr=0xfb660c mode=8
[BOOT0/TIM] pre pixel LoadImage rect=(448,256 64x256)
[BOOT0/TIM] pre CLUT LoadImage rect=(80,0 16x4)
[BOOT0/TIM] PostLoadTim done
[TEXVRAM] 'THR6101F' tPage=[0,23] clutXY=(80,0) uv=(0,0)
[BIGPRIM] code=0x3c tp=0x28 span=1365x755 at(1045,768)
[BIGPRIM] code=0x3c tp=0x28 span=1461x1636 at(-752,912)
[BIGPRIM] code=0x3c tp=0x28 span=1599x392 at(-896,2671)
[BIGPRIM] code=0x3c tp=0x28 span=1539x993 at(-1265,813)
[BIGPRIM] code=0x3c tp=0x28 span=1533x1601 at(-770,1018)
[BIGPRIM] code=0x3a tp=0xa span=1020x770 at(130,-25)
[BIGPRIM] code=0x3a tp=0xa span=1020x770 at(130,-25)
[BIGPRIM] code=0x3c tp=0x28 span=1533x1482 at(-704,1234)
[BIGPRIM] code=0x3c tp=0x28 span=1533x1012 at(-710,1845)
[BIGPRIM] code=0x3a tp=0xa span=1020x770 at(130,-25)
[BIGPRIM] code=0x3c tp=0x28 span=1158x724 at(-806,761)
[BIGPRIM] code=0x3c tp=0x28 span=1524x1639 at(-581,922)
[BIGPRIM] code=0x3c tp=0x28 span=2280x1540 at(-2126,1137)
[BIGPRIM] code=0x3c tp=0x28 span=1593x1067 at(886,1777)
[BIGPRIM] code=0x3c tp=0x28 span=972x454 at(1051,671)
[BIGPRIM] code=0x3c tp=0x28 span=978x746 at(757,758)
[BIGPRIM] code=0x3a tp=0xa span=1020x770 at(130,-25)
[BIGPRIM] code=0x3a tp=0xa span=1020x770 at(130,-25)
[RA] watch 84008: state=2 unlocked=1786116799 flags[4B4]=00 flags[4A1]=00 word4=0x00040000 setbits=51 map=10/8
[BIGPRIM] code=0x3a tp=0xa span=1020x770 at(130,-25)
[BIGPRIM] code=0x3a tp=0xa span=1020x770 at(130,-25)
[BIGPRIM] code=0x3c tp=0x28 span=1407x1016 at(-1022,822)
[BIGPRIM] code=0x3c tp=0x28 span=1881x1626 at(838,961)
[BIGPRIM] code=0x3c tp=0x28 span=2172x1587 at(-1880,1051)
[BIGPRIM] code=0x3c tp=0x2c span=1164x1035 at(-2243,-1250)
[BIGPRIM] code=0x3c tp=0x2c span=1182x1093 at(-2660,-1420)
[BIGPRIM] code=0x3c tp=0x2c span=972x810 at(-1517,-867)
[BIGPRIM] code=0x3a tp=0xa span=1020x770 at(130,-25)
[BIGPRIM] code=0x3c tp=0x2c span=1320x1118 at(-2090,-980)
[BIGPRIM] code=0x3c tp=0x2c span=948x803 at(-1331,-758)
[BIGPRIM] code=0x3c tp=0x2c span=1338x1118 at(-2318,-1269)
[BIGPRIM] code=0x3c tp=0x28 span=1914x1550 at(931,1121)
[BIGPRIM] code=0x3c tp=0x28 span=2040x1572 at(-1688,1086)
[BIGPRIM] code=0x3c tp=0x28 span=2016x1585 at(955,1060)
[BIGPRIM] code=0x3c tp=0x28 span=2082x1613 at(955,993)
[BIGPRIM] code=0x3c tp=0x28 span=1965x1636 at(-1508,951)
[BIGPRIM] code=0x3c tp=0x2c span=846x778 at(-1562,-996)
[BOOT0/TIM] PostLoadTim file=1139 'THR1301F.TIM' ss=0x4a58 img.u=0 img.v=0 tPage=0,25 clutX=112 clutY=0
[BOOT0/TIM] post ReadTIM: prect=0xfb6624 caddr=0xfb6580 paddr=0xfb662c mode=8
[BOOT0/TIM] pre pixel LoadImage rect=(576,256 64x256)
[BOOT0/TIM] pre CLUT LoadImage rect=(112,0 16x5)
[BOOT0/TIM] PostLoadTim done
[TEXVRAM] 'THR1301F' tPage=[0,25] clutXY=(112,0) uv=(0,0)
[BIGPRIM] code=0x3c tp=0x2c span=1116x1053 at(-1901,-980)
[BIGPRIM] code=0x3c tp=0x28 span=1284x711 at(-1058,761)
[BIGPRIM] code=0x3c tp=0x2c span=984x751 at(-1532,-546)
[BIGPRIM] code=0x3c tp=0x28 span=1026x572 at(949,720)
[BIGPRIM] code=0x3c tp=0x28 span=1680x1269 at(-1172,1530)
[BIGPRIM] code=0x3c tp=0x2c span=1170x990 at(-1817,-1022)
[BIGPRIM] code=0x3c tp=0x28 span=1905x1350 at(-1640,1423)
[BIGPRIM] code=0x3a tp=0xa span=1020x770 at(130,-25)
[BIGPRIM] code=0x3a tp=0xa span=1020x770 at(130,-25)
[BIGPRIM] code=0x3c tp=0x28 span=1716x1472 at(-1184,1250)
[BIGPRIM] code=0x3c tp=0x28 span=1629x386 at(-608,2587)
[BIGPRIM] code=0x3c tp=0x28 span=1569x1235 at(142,1571)
[BIGPRIM] code=0x3a tp=0xa span=1020x770 at(130,-25)
[BIGPRIM] code=0x3c tp=0x28 span=855x762 at(-8,761)
[BIGPRIM] code=0x3c tp=0x28 span=1602x386 at(937,2555)
[BIGPRIM] code=0x3c tp=0x28 span=1629x379 at(-632,2677)
[BIGPRIM] code=0x3c tp=0x28 span=1569x1643 at(-506,938)
[SPAWN-FIRE?] slot=22 allPass! npcFlags=0x4 flagsId=3 full=0 vblanks=1 ABOUT TO TRY SPAWN
[SPAWN-FIRE!] slot=22 gates passed â†’ entering spawn block, npcIdx will be assigned
[SPAWN] slot=22 -> npc[0] charaId=4 stateStep=3 pos=(60,131)
[SFX] Sd_PlaySfx: sfxId=1321 (Sfx_Base+41) vol=0
[BIGPRIM] code=0x3c tp=0x28 span=978x727 at(772,761)
[BIGPRIM] code=0x3c tp=0x28 span=1596x392 at(1063,2613)
[BIGPRIM] code=0x3c tp=0x28 span=2190x1636 at(-1832,919)
[BIGPRIM] code=0x3c tp=0x28 span=1014x961 at(34,810)
[SFX] Sd_PlaySfx: sfxId=1406 (Sfx_Base+126) vol=253
[BIGPRIM] code=0x3c tp=0x28 span=1092x485 at(1126,694)
[BIGPRIM] code=0x3c tp=0x28 span=969x903 at(100,797)
[BIGPRIM] code=0x3c tp=0x28 span=1059x463 at(1126,687)
[BIGPRIM] code=0x3c tp=0x28 span=1266x916 at(844,800)
[BIGPRIM] code=0x3c tp=0x28 span=2088x1610 at(-1700,1009)
[BIGPRIM] code=0x3c tp=0x28 span=1560x1167 at(877,845)
[BIGPRIM] code=0x3c tp=0x28 span=1335x1061 at(-854,819)
[BIGPRIM] code=0x3a tp=0xa span=1020x770 at(130,-25)
[SH-XBOX] vblank 42000
[MEM] tick: free=2232KB (558 pages)
[BIGPRIM] code=0x3c tp=0x28 span=2121x1566 at(952,896)
[BIGPRIM] code=0x3c tp=0x28 span=1569x1051 at(52,1800)
[BIGPRIM] code=0x3c tp=0x28 span=1437x936 at(946,806)
[BIGPRIM] code=0x3c tp=0x28 span=1632x380 at(-1382,2683)
[BIGPRIM] code=0x3a tp=0xa span=1020x770 at(130,-25)
[BIGPRIM] code=0x3c tp=0x28 span=1563x1630 at(310,951)
[BIGPRIM] code=0x3c tp=0x28 span=1698x1122 at(-1196,1716)
[BIGPRIM] code=0x3c tp=0x28 span=939x807 at(-317,771)
[BIGPRIM] code=0x3c tp=0x28 span=1632x380 at(-1130,2683)
[BOOT0/TIM] PostLoadTim file=1197 'THR6201F.TIM' ss=0x4dca img.u=0 img.v=0 tPage=0,22 clutX=64 clutY=0
[BOOT0/TIM] post ReadTIM: prect=0xfb65e4 caddr=0xfb6580 paddr=0xfb65ec mode=8
[BOOT0/TIM] pre pixel LoadImage rect=(384,256 64x256)
[BOOT0/TIM] pre CLUT LoadImage rect=(64,0 16x3)
[BOOT0/TIM] PostLoadTim done
[TEXVRAM] 'THR6201F' tPage=[0,22] clutXY=(64,0) uv=(0,0)
[BIGPRIM] code=0x3c tp=0x28 span=1161x653 at(-884,745)
[BIGPRIM] code=0x3c tp=0x28 span=1599x1546 at(-938,1125)
[BIGPRIM] code=0x3c tp=0x28 span=1569x1620 at(622,973)
[BIGPRIM] code=0x3c tp=0x28 span=1569x955 at(622,1915)
[BIGPRIM] code=0x3c tp=0x28 span=924x868 at(-173,790)
[BIGPRIM] code=0x3c tp=0x28 span=1596x1459 at(715,1269)
[BIGPRIM] code=0x3c tp=0x28 span=1632x379 at(745,2626)
[BIGPRIM] code=0x3c tp=0x28 span=2406x1629 at(-2156,932)
[BIGPRIM] code=0x3c tp=0x28 span=1110x1112 at(-200,826)
[BIGPRIM] code=0x3a tp=0xa span=1020x770 at(130,-25)
[BIGPRIM] code=0x3c tp=0x28 span=1713x1379 at(856,1401)
[BIGPRIM] code=0x3c tp=0x28 span=1317x1295 at(-245,861)
[CHNK] n=4 s0=1,2,st3 s1=0,2,st2 s2=2,3,st3 s3=1,3,st3
[BIGPRIM] code=0x3c tp=0x28 span=2223x1038 at(-1976,970)
[BIGPRIM] code=0x3c tp=0x28 span=1569x607 at(-434,1401)
[BIGPRIM] code=0x3a tp=0xa span=1020x770 at(130,-25)
[BIGPRIM] code=0x3c tp=0x28 span=1107x543 at(-674,758)
[SPAWN-FIRE?] slot=23 allPass! npcFlags=0x5 flagsId=3 full=0 vblanks=1 ABOUT TO TRY SPAWN
[SPAWN-FIRE!] slot=23 gates passed â†’ entering spawn block, npcIdx will be assigned
[SPAWN] slot=23 -> npc[1] charaId=4 stateStep=3 pos=(80,140)
[SFX] Sd_PlaySfx: sfxId=1322 (Sfx_Base+42) vol=0
[SFX] Sd_PlaySfx: sfxId=1406 (Sfx_Base+126) vol=254
[BIGPRIM] code=0x3c tp=0x28 span=1563x833 at(-242,1182)
[BIGPRIM] code=0x3c tp=0x28 span=1983x1074 at(898,941)
[BIGPRIM] code=0x3c tp=0x2c span=1026x873 at(-2456,-700)
[BIGPRIM] code=0x3a tp=0xa span=1020x770 at(130,-25)
[BIGPRIM] code=0x3c tp=0x2c span=1536x1421 at(-3200,-1967)
[BIGPRIM] code=0x3c tp=0x28 span=1974x1009 at(-1592,1006)
[BIGPRIM] code=0x3c tp=0x28 span=2016x916 at(1051,1099)
[BOOT0/TIM] PostLoadTim file=1141 'THR1501F.TIM' ss=0x4a7a img.u=0 img.v=0 tPage=0,24 clutX=96 clutY=0
[BOOT0/TIM] post ReadTIM: prect=0xfb6624 caddr=0xfb6580 paddr=0xfb662c mode=8
[BOOT0/TIM] pre pixel LoadImage rect=(512,256 64x256)
[BOOT0/TIM] pre CLUT LoadImage rect=(96,0 16x5)
[BOOT0/TIM] PostLoadTim done
[TEXVRAM] 'THR1501F' tPage=[0,24] clutXY=(96,0) uv=(0,0)
[BIGPRIM] code=0x3c tp=0x28 span=1044x357 at(-833,710)
[BIGPRIM] code=0x3c tp=0x28 span=1569x1000 at(16,1015)
[BIGPRIM] code=0x3c tp=0x28 span=2301x1151 at(-2087,851)
[SFX] Sd_PlaySfx: sfxId=1406 (Sfx_Base+126) vol=253
[BIGPRIM] code=0x3c tp=0x28 span=1335x665 at(-932,784)
[RA] http POST http://retroachievements.org/dorequest.php
[NET] POST retroachievements.org -> 200 (16 bytes)
[RA] http -> status=200 bodyLen=16 body='{"Success":true}'
[BIGPRIM] code=0x3c tp=0x28 span=1629x19 at(-962,2047)
[BIGPRIM] code=0x3a tp=0xa span=1020x770 at(130,-25)
[BIGPRIM] code=0x3a tp=0xa span=1020x770 at(130,-25)
[BIGPRIM] code=0x3c tp=0x28 span=1563x1463 at(-848,970)
[BIGPRIM] code=0x3c tp=0x28 span=1608x695 at(-842,1931)
[BIGPRIM] code=0x3c tp=0x28 span=1479x878 at(-1166,790)
[BIGPRIM] code=0x3c tp=0x28 span=1449x704 at(1087,755)
[BIGPRIM] code=0x3a tp=0xa span=1020x770 at(130,-25)
[BIGPRIM] code=0x3c tp=0x28 span=1287x585 at(1099,739)
[BIGPRIM] code=0x3c tp=0x28 span=1596x277 at(973,2439)
[BIGPRIM] code=0x3c tp=0x28 span=1569x1478 at(-476,935)
[BIGPRIM] code=0x3c tp=0x28 span=1506x1137 at(802,842)
[BIGPRIM] code=0x3c tp=0x28 span=1749x1183 at(946,1372)
[BIGPRIM] code=0x3c tp=0x28 span=1023x624 at(-575,745)
[BIGPRIM] code=0x3c tp=0x28 span=1836x1260 at(979,1276)
[BIGPRIM] code=0x3c tp=0x28 span=2013x1312 at(-1718,1211)
[BIGPRIM] code=0x3a tp=0xa span=1020x770 at(130,-25)
[BIGPRIM] code=0x3c tp=0x28 span=1569x1183 at(-92,1372)
[BIGPRIM] code=0x3c tp=0x28 span=993x669 at(-470,758)
[BIGPRIM] code=0x3c tp=0x28 span=1866x1280 at(-1460,1243)
[BIGPRIM] code=0x3a tp=0xa span=1020x770 at(130,-25)
[BIGPRIM] code=0x3a tp=0xa span=1020x770 at(130,-25)
[BIGPRIM] code=0x3c tp=0x28 span=1290x1199 at(262,848)
[BIGPRIM] code=0x3c tp=0x2c span=816x771 at(-2189,-585)
[SFX] Sd_PlaySfx: sfxId=1406 (Sfx_Base+126) vol=255
[BIGPRIM] code=0x3c tp=0x28 span=1137x530 at(-923,720)
[BIGPRIM] code=0x3c tp=0x28 span=1662x1013 at(967,819)
[BIGPRIM] code=0x3c tp=0x28 span=1842x1472 at(-1310,948)
[BIGPRIM] code=0x3c tp=0x28 span=1185x527 at(-1028,713)
[BIGPRIM] code=0x3c tp=0x28 span=1236x1186 at(-308,835)
[BIGPRIM] code=0x3c tp=0x28 span=1593x276 at(526,2433)
[BIGPRIM] code=0x3c tp=0x28 span=1092x620 at(895,736)
[BIGPRIM] code=0x3a tp=0xa span=1020x770 at(130,-25)
[BOOT0/TIM] PostLoadTim file=1171 'THR3901F.TIM' ss=0x4c48 img.u=0 img.v=0 tPage=0,23 clutX=80 clutY=0
[BOOT0/TIM] post ReadTIM: prect=0xfb6604 caddr=0xfb6580 paddr=0xfb660c mode=8
[BOOT0/TIM] pre pixel LoadImage rect=(448,256 64x256)
[BOOT0/TIM] pre CLUT LoadImage rect=(80,0 16x4)
[BOOT0/TIM] PostLoadTim done
[TEXVRAM] 'THR3901F' tPage=[0,23] clutXY=(80,0) uv=(0,0)
[BIGPRIM] code=0x3c tp=0x28 span=1536x1199 at(-824,1362)
[BIGPRIM] code=0x3c tp=0x28 span=1596x283 at(703,2484)
[BIGPRIM] code=0x3c tp=0x28 span=2442x1447 at(-2270,999)
[BIGPRIM] code=0x3c tp=0x28 span=1695x1491 at(736,903)
[BIGPRIM] code=0x3a tp=0xa span=1020x770 at(130,-25)
[BIGPRIM] code=0x3c tp=0x28 span=1533x1186 at(-572,1369)
[BIGPRIM] code=0x3c tp=0x28 span=1593x277 at(-578,2471)
[BIGPRIM] code=0x3c tp=0x28 span=2280x1447 at(-2018,999)
[BIGPRIM] code=0x3a tp=0xa span=1020x770 at(130,-25)
[BIGPRIM] code=0x3c tp=0x28 span=1335x588 at(1132,729)
[BIGPRIM] code=0x3c tp=0x28 span=1905x1491 at(838,922)
[BIGPRIM] code=0x3c tp=0x28 span=2097x1292 at(-1898,1237)
[BIGPRIM] code=0x3c tp=0x28 span=1908x1404 at(-1523,874)
[BIGPRIM] code=0x3c tp=0x28 span=963x598 at(814,739)
[BIGPRIM] code=0x3c tp=0x28 span=1755x1289 at(-1349,858)
[BIGPRIM] code=0x3c tp=0x28 span=1125x470 at(-974,703)
[BIGPRIM] code=0x3c tp=0x28 span=990x408 at(-803,678)
[BIGPRIM] code=0x3c tp=0x28 span=2016x1411 at(973,1060)
[BIGPRIM] code=0x3a tp=0xa span=1020x770 at(130,-25)
[BIGPRIM] code=0x3c tp=0x28 span=1527x1457 at(52,989)
[BIGPRIM] code=0x3c tp=0x28 span=1533x1494 at(112,919)
[SPAWN-FIRE?] slot=24 allPass! npcFlags=0x4 flagsId=3 full=0 vblanks=1 ABOUT TO TRY SPAWN
[SPAWN-FIRE!] slot=24 gates passed â†’ entering spawn block, npcIdx will be assigned
[SPAWN] slot=24 -> npc[0] charaId=4 stateStep=3 pos=(99,132)
[SFX] Sd_PlaySfx: sfxId=1321 (Sfx_Base+41) vol=0
[BIGPRIM] code=0x3c tp=0x28 span=1887x1446 at(-1400,1006)
[BOOT0/TIM] PostLoadTim file=1165 'THR3501F.TIM' ss=0x4bf2 img.u=0 img.v=0 tPage=0,25 clutX=112 clutY=0
[BOOT0/TIM] post ReadTIM: prect=0xfb6784 caddr=0xfb6580 paddr=0xfb678c mode=8
[BOOT0/TIM] pre pixel LoadImage rect=(576,256 64x256)
[BOOT0/TIM] pre CLUT LoadImage rect=(112,0 16x16)
[BOOT0/TIM] PostLoadTim done
[TEXVRAM] 'THR3501F' tPage=[0,25] clutXY=(112,0) uv=(0,0)
[BIGPRIM] code=0x3a tp=0xa span=1020x770 at(130,-25)
[SFX] Sd_PlaySfx: sfxId=1406 (Sfx_Base+126) vol=254
[BIGPRIM] code=0x3c tp=0x28 span=1851x1003 at(-1703,819)
[BIGPRIM] code=0x3c tp=0x28 span=1755x1205 at(-1268,1350)
[BIGPRIM] code=0x3c tp=0x28 span=1593x276 at(298,2478)
[BIGPRIM] code=0x3c tp=0x28 span=1632x283 at(-1202,2394)
[BIGPRIM] code=0x3a tp=0xa span=1020x770 at(130,-25)
[BIGPRIM] code=0x3c tp=0x28 span=1014x864 at(583,797)
[BIGPRIM] code=0x3c tp=0x28 span=1641x1324 at(-1016,1192)
[BIGPRIM] code=0x3c tp=0x28 span=1626x276 at(-1010,2407)
[BIGPRIM] code=0x3c tp=0x28 span=1242x569 at(1015,736)
[BIGPRIM] code=0x3a tp=0xa span=1020x770 at(130,-25)
[BIGPRIM] code=0x3c tp=0x28 span=1572x1041 at(685,845)
[BIGPRIM] code=0x3a tp=0xa span=1020x770 at(130,-25)
[BIGPRIM] code=0x3c tp=0x28 span=1425x861 at(721,816)
[SH-XBOX] vblank 42600
[MEM] tick: free=2232KB (558 pages)
[BIGPRIM] code=0x3a tp=0xa span=1020x770 at(130,-25)
[BIGPRIM] code=0x3c tp=0x28 span=1305x720 at(751,806)
[BIGPRIM] code=0x3c tp=0x28 span=1635x530 at(886,1298)
[BIGPRIM] code=0x3c tp=0x28 span=1212x523 at(-812,765)
[BIGPRIM] code=0x3c tp=0x28 span=1083x520 at(787,768)
[BIGPRIM] code=0x3c tp=0x28 span=978x402 at(-533,742)
[BIGPRIM] code=0x3a tp=0xa span=1020x770 at(130,-25)
[BIGPRIM] code=0x3c tp=0x28 span=984x437 at(811,752)
[BIGPRIM] code=0x3c tp=0x28 span=1509x1048 at(-212,845)
[BIGPRIM] code=0x3c tp=0x28 span=1089x489 at(829,761)
[BIGPRIM] code=0x3c tp=0x28 span=2004x1013 at(889,880)
[BIGPRIM] code=0x3c tp=0x28 span=1848x671 at(1039,1170)
[BIGPRIM] code=0x3c tp=0x28 span=1563x1013 at(-140,880)
[BIGPRIM] code=0x3c tp=0x28 span=1563x736 at(-146,1112)
[BIGPRIM] code=0x3c tp=0x28 span=1296x858 at(67,826)
[BIGPRIM] code=0x3a tp=0xa span=1020x770 at(130,-25)
[BIGPRIM] code=0x3c tp=0x28 span=1836x482 at(-1586,1340)
[BIGPRIM] code=0x3c tp=0x28 span=969x293 at(-749,703)
[CHNK] n=4 s0=3,3,st3 s1=2,2,st2 s2=2,3,st2 s3=3,2,st3
[BIGPRIM] code=0x3c tp=0x28 span=1563x476 at(-20,1346)
[BIGPRIM] code=0x3a tp=0xa span=1020x770 at(130,-25)
[BIGPRIM] code=0x3a tp=0xa span=1020x770 at(130,-25)
[BIGPRIM] code=0x3c tp=0x28 span=1569x816 at(94,1038)
[BOOT0/TIM] PostLoadTim file=1200 'THR6501F.TIM' ss=0x4df5 img.u=0 img.v=0 tPage=0,22 clutX=64 clutY=0
[BOOT0/TIM] post ReadTIM: prect=0xfb6624 caddr=0xfb6580 paddr=0xfb662c mode=8
[BOOT0/TIM] pre pixel LoadImage rect=(384,256 64x256)
[BOOT0/TIM] pre CLUT LoadImage rect=(64,0 16x5)
[BOOT0/TIM] PostLoadTim done
[TEXVRAM] 'THR6501F' tPage=[0,22] clutXY=(64,0) uv=(0,0)
[BIGPRIM] code=0x3c tp=0x28 span=1569x1003 at(160,883)
[BIGPRIM] code=0x3c tp=0x28 span=1569x656 at(160,1179)
[BIGPRIM] code=0x3c tp=0x28 span=1629x106 at(154,1787)
[BIGPRIM] code=0x3c tp=0x28 span=1209x469 at(943,758)
[BIGPRIM] code=0x3c tp=0x28 span=2358x1042 at(1021,851)
[BIGPRIM] code=0x3a tp=0xa span=1020x770 at(130,-25)
[BIGPRIM] code=0x3c tp=0x28 span=1371x900 at(397,829)
[BIGPRIM] code=0x3c tp=0x28 span=1026x344 at(-758,726)
[BIGPRIM] code=0x3c tp=0x28 span=2175x910 at(1039,832)
[BIGPRIM] code=0x3a tp=0xa span=1020x770 at(130,-25)
[BIGPRIM] code=0x3c tp=0x28 span=1665x393 at(-1106,1423)
[BIGPRIM] code=0x3a tp=0xa span=1020x770 at(130,-25)
[BIGPRIM] code=0x3a tp=0xa span=1020x770 at(130,-25)
[BIGPRIM] code=0x3c tp=0x28 span=1569x887 at(520,980)
[BIGPRIM] code=0x3c tp=0x28 span=1671x679 at(-1430,793)
[BIGPRIM] code=0x3c tp=0x28 span=1590x868 at(-920,993)
[BIGPRIM] code=0x3c tp=0x28 span=1614x434 at(-926,1382)
[BIGPRIM] code=0x3c tp=0x28 span=1569x894 at(-854,973)
[BIGPRIM] code=0x3c tp=0x28 span=1569x418 at(640,1398)
[BIGPRIM] code=0x3c tp=0x28 span=975x309 at(1006,713)
[BIGPRIM] code=0x3c tp=0x28 span=1572x482 at(697,1340)
[BIGPRIM] code=0x3a tp=0xa span=1020x770 at(130,-25)
[BIGPRIM] code=0x3c tp=0x28 span=1581x521 at(754,1301)
[BIGPRIM] code=0x3c tp=0x28 span=2406x968 at(-2210,912)
[BIGPRIM] code=0x3c tp=0x28 span=1587x412 at(808,1404)
[BIGPRIM] code=0x3c tp=0x28 span=2340x932 at(-2144,941)
[BIGPRIM] code=0x3c tp=0x28 span=1617x469 at(832,1353)
[BIGPRIM] code=0x3c tp=0x28 span=2313x955 at(-2084,925)
[BIGPRIM] code=0x3a tp=0xa span=1020x770 at(130,-25)
[BIGPRIM] code=0x3c tp=0x28 span=2292x977 at(-2024,903)
[BIGPRIM] code=0x3c tp=0x28 span=1569x637 at(-494,1198)
[BIGPRIM] code=0x3a tp=0xa span=1020x770 at(130,-25)
[BOOT0/TIM] PostLoadTim file=1198 'THR6401F.TIM' ss=0x4ddb img.u=0 img.v=0 tPage=0,24 clutX=96 clutY=0
[BOOT0/TIM] post ReadTIM: prect=0xfb6724 caddr=0xfb6580 paddr=0xfb672c mode=8
[BOOT0/TIM] pre pixel LoadImage rect=(512,256 64x256)
[BOOT0/TIM] pre CLUT LoadImage rect=(96,0 16x13)
[BOOT0/TIM] PostLoadTim done
[TEXVRAM] 'THR6401F' tPage=[0,24] clutXY=(96,0) uv=(0,0)
[BIGPRIM] code=0x3c tp=0x28 span=1296x585 at(-902,784)
[BOOT0/TIM] PostLoadTim file=1199 'THR6402H.TIM' ss=0x4dec img.u=0 img.v=0 tPage=0,26 clutX=128 clutY=0
[BOOT0/TIM] post ReadTIM: prect=0xfb66a4 caddr=0xfb6580 paddr=0xfb66ac mode=8
[BOOT0/TIM] pre pixel LoadImage rect=(640,256 32x256)
[BOOT0/TIM] pre CLUT LoadImage rect=(128,0 16x9)
[BOOT0/TIM] PostLoadTim done
[TEXVRAM] 'THR6402H' tPage=[0,26] clutXY=(128,0) uv=(0,0)
[BIGPRIM] code=0x3c tp=0x28 span=1812x768 at(889,1080)
[BIGPRIM] code=0x3c tp=0x28 span=1599x142 at(1102,1661)
[BIGPRIM] code=0x3c tp=0x28 span=1848x797 at(907,1057)
[BIGPRIM] code=0x3a tp=0xa span=1020x770 at(130,-25)
[BIGPRIM] code=0x3c tp=0x28 span=1083x315 at(-938,716)
[BIGPRIM] code=0x3c tp=0x28 span=1524x771 at(-1100,813)
[BIGPRIM] code=0x3c tp=0x28 span=1563x823 at(-188,1038)
[BIGPRIM] code=0x3c tp=0x28 span=1212x787 at(70,816)
[BIGPRIM] code=0x3a tp=0xa span=1020x770 at(130,-25)
[BIGPRIM] code=0x3a tp=0xa span=1020x770 at(130,-25)
[BIGPRIM] code=0x3c tp=0x28 span=1569x813 at(-68,1041)
[BIGPRIM] code=0x3a tp=0xa span=1020x770 at(130,-25)
[BIGPRIM] code=0x3c tp=0x28 span=1005x302 at(-797,710)
[BIGPRIM] code=0x3c tp=0x28 span=1818x550 at(-1538,1272)
[BIGPRIM] code=0x3c tp=0x28 span=1920x926 at(-1478,941)
[BIGPRIM] code=0x3c tp=0x28 span=996x585 at(322,784)
[BIGPRIM] code=0x3c tp=0x28 span=1569x964 at(112,916)
[BIGPRIM] code=0x3c tp=0x28 span=1383x469 at(-1217,758)
[BIGPRIM] code=0x3a tp=0xa span=1020x770 at(130,-25)
[SPAWN-FIRE?] slot=5 allPass! npcFlags=0x4 flagsId=3 full=0 vblanks=1 ABOUT TO TRY SPAWN
[SPAWN-FIRE!] slot=5 gates passed â†’ entering spawn block, npcIdx will be assigned
[SPAWN] slot=5 -> npc[0] charaId=2 stateStep=3 pos=(186,116)
[SFX] Sd_PlaySfx: sfxId=1321 (Sfx_Base+41) vol=0
[BIGPRIM] code=0x3a tp=0xa span=1020x770 at(130,-25)
[BIGPRIM] code=0x3c tp=0x28 span=1017x601 at(391,787)
[BIGPRIM] code=0x3c tp=0x28 span=1266x714 at(-719,806)
[BIGPRIM] code=0x3c tp=0x28 span=1614x109 at(-1358,1713)
[BIGPRIM] code=0x3c tp=0x28 span=1233x479 at(934,761)
[BIGPRIM] code=0x3c tp=0x28 span=1452x897 at(-896,829)
[BIGPRIM] code=0x3c tp=0x28 span=1563x774 at(304,1080)
[BIGPRIM] code=0x3c tp=0x28 span=2385x1041 at(1018,845)
[BIGPRIM] code=0x3c tp=0x28 span=966x315 at(-692,716)
[BIGPRIM] code=0x3a tp=0xa span=1020x770 at(130,-25)
[BIGPRIM] code=0x3c tp=0x28 span=1086x659 at(532,787)
[SFX] Sd_PlaySfx: sfxId=1381 (Sfx_Base+101) vol=236
[BIGPRIM] code=0x3a tp=0xa span=1020x770 at(130,-25)
[BIGPRIM] code=0x3c tp=0x28 span=1569x536 at(544,1292)
[BIGPRIM] code=0x3c tp=0x28 span=1338x514 at(-1064,768)
[SFX] Sd_PlaySfx: sfxId=1381 (Sfx_Base+101) vol=227
[BIGPRIM] code=0x3a tp=0xa span=1020x770 at(130,-25)
[BIGPRIM] code=0x3c tp=0x28 span=1179x453 at(-857,758)
[BIGPRIM] code=0x3c tp=0x28 span=1533x733 at(-734,1108)
[SFX] Sd_PlaySfx: sfxId=1381 (Sfx_Base+101) vol=204
[BIGPRIM] code=0x3a tp=0xa span=1020x770 at(130,-25)
[BIGPRIM] code=0x3c tp=0x28 span=1533x794 at(-614,1060)
[SH-XBOX] vblank 43200
[MEM] tick: free=2232KB (558 pages)
[SFX] Sd_PlaySfx: sfxId=1381 (Sfx_Base+101) vol=171
[BIGPRIM] code=0x3c tp=0x28 span=1527x878 at(-542,983)
[BIGPRIM] code=0x3c tp=0x28 span=2220x868 at(-2018,993)
[SFX] Sd_PlaySfx: sfxId=1381 (Sfx_Base+101) vol=133
[BIGPRIM] code=0x3a tp=0xa span=1020x770 at(130,-25)
[BIGPRIM] code=0x3c tp=0x28 span=1533x887 at(-356,980)
[BIGPRIM] code=0x3c tp=0x28 span=1185x393 at(1072,732)
[SFX] Sd_PlaySfx: sfxId=1381 (Sfx_Base+101) vol=116
[BIGPRIM] code=0x3c tp=0x28 span=1785x736 at(-1529,1330)
[BIGPRIM] code=0x3a tp=0xa span=1020x770 at(130,-25)
[BIGPRIM] code=0x3c tp=0x28 span=1203x1289 at(694,758)
[SFX] Sd_PlaySfx: sfxId=1381 (Sfx_Base+101) vol=122
[BIGPRIM] code=0x3a tp=0xa span=1020x770 at(130,-25)
[BIGPRIM] code=0x3c tp=0x28 span=1629x1009 at(289,954)
[SFX] Sd_PlaySfx: sfxId=1381 (Sfx_Base+101) vol=131
[BIGPRIM] code=0x3c tp=0x28 span=2199x900 at(-1898,1038)
[SFX] Sd_PlaySfx: sfxId=1284 (Sfx_Base+4) vol=0
[SFX] Sd_PlaySfx: sfxId=1378 (Sfx_Base+98) vol=135
[BIGPRIM] code=0x3c tp=0x28 span=2157x437 at(-566,1456)
[BIGPRIM] code=0x3c tp=0x28 span=1041x1132 at(508,819)
[SFX] Sd_PlaySfx: sfxId=1381 (Sfx_Base+101) vol=139
[BIGPRIM] code=0x3a tp=0xa span=1020x770 at(130,-25)
[BIGPRIM] code=0x3c tp=0x28 span=1077x1076 at(-41,855)
[SFX] Sd_PlaySfx: sfxId=1382 (Sfx_Base+102) vol=128
[BIGPRIM] code=0x3c tp=0x28 span=2160x916 at(-1592,1041)
[BIGPRIM] code=0x3c tp=0x28 span=1149x733 at(-908,768)
[SFX] Sd_PlaySfx: sfxId=1382 (Sfx_Base+102) vol=110
[BIGPRIM] code=0x3c tp=0x28 span=981x1135 at(-353,822)
[SFX] Sd_PlaySfx: sfxId=1382 (Sfx_Base+102) vol=78
[BIGPRIM] code=0x3c tp=0x28 span=2157x234 at(-980,1652)
[CHNK] n=4 s0=3,3,st2 s1=4,3,st3 s2=4,2,st3 s3=3,2,st2
[BIGPRIM] code=0x3c tp=0x28 span=2157x646 at(-602,1279)
[SFX] Sd_PlaySfx: sfxId=1283 (Sfx_Base+3) vol=0
[SFX] Sd_PlaySfx: sfxId=1286 (Sfx_Base+6) vol=0
[SFX] Sd_PlaySfx: sfxId=1377 (Sfx_Base+97) vol=0
[SFX] Sd_PlaySfx: sfxId=1382 (Sfx_Base+102) vol=31
[SFX] Sd_PlaySfx: sfxId=1377 (Sfx_Base+97) vol=0
[BIGPRIM] code=0x3a tp=0xa span=1020x770 at(130,-25)
[BIGPRIM] code=0x3c tp=0x28 span=999x640 at(-587,761)
[BIGPRIM] code=0x3c tp=0x5c span=1566x392 at(-1448,-302)
[SFX] Sd_PlaySfx: sfxId=1382 (Sfx_Base+102) vol=8
[BIGPRIM] code=0x3c tp=0x5c span=1662x317 at(-1742,-205)
[BIGPRIM] code=0x3c tp=0x28 span=1434x1018 at(679,945)
[BIGPRIM] code=0x3c tp=0x28 span=2211x916 at(-1892,1041)
[SFX] Sd_PlaySfx: sfxId=1382 (Sfx_Base+102) vol=70
[BIGPRIM] code=0x3c tp=0x28 span=729x848 at(217,784)
[SFX] Sd_PlaySfx: sfxId=1382 (Sfx_Base+102) vol=97
[BIGPRIM] code=0x3c tp=0x28 span=2451x968 at(1108,983)
[BIGPRIM] code=0x3a tp=0xa span=1020x770 at(130,-25)
[SFX] Sd_PlaySfx: sfxId=1382 (Sfx_Base+102) vol=113
[BIGPRIM] code=0x3c tp=0x28 span=1692x370 at(34,1507)
[SFX] Sd_PlaySfx: sfxId=1283 (Sfx_Base+3) vol=0
[BIGPRIM] code=0x3c tp=0x28 span=1890x810 at(-1286,1096)
[SFX] Sd_PlaySfx: sfxId=1382 (Sfx_Base+102) vol=123
[BIGPRIM] code=0x3c tp=0x28 span=1473x752 at(580,1121)
[SFX] Sd_PlaySfx: sfxId=1382 (Sfx_Base+102) vol=123
[BIGPRIM] code=0x3c tp=0x28 span=2148x206 at(-1754,1655)
[BIGPRIM] code=0x3c tp=0x28 span=2190x595 at(-1988,1298)
[SFX] Sd_PlaySfx: sfxId=1382 (Sfx_Base+102) vol=119
[BIGPRIM] code=0x3a tp=0xa span=1020x770 at(130,-25)
[SFX] Sd_PlaySfx: sfxId=1382 (Sfx_Base+102) vol=110
[BIGPRIM] code=0x3a tp=0xa span=1020x770 at(130,-25)
[BIGPRIM] code=0x3c tp=0x28 span=1473x955 at(-212,970)
[SFX] Sd_PlaySfx: sfxId=1382 (Sfx_Base+102) vol=98
[SFX] Sd_PlaySfx: sfxId=1283 (Sfx_Base+3) vol=0
[BIGPRIM] code=0x3c tp=0x28 span=1017x428 at(1000,758)
[SFX] Sd_PlaySfx: sfxId=1382 (Sfx_Base+102) vol=78
[BIGPRIM] code=0x3c tp=0x28 span=1338x1115 at(439,842)
[BIGPRIM] code=0x3c tp=0x28 span=1026x1048 at(175,858)
[SFX] Sd_PlaySfx: sfxId=1382 (Sfx_Base+102) vol=59
[BIGPRIM] code=0x3c tp=0x28 span=2415x974 at(1096,970)
[SFX] Sd_PlaySfx: sfxId=1382 (Sfx_Base+102) vol=44
[BIGPRIM] code=0x3a tp=0xa span=1020x770 at(130,-25)
[BIGPRIM] code=0x3c tp=0x28 span=2094x926 at(-1817,883)
[SFX] Sd_PlaySfx: sfxId=1382 (Sfx_Base+102) vol=35
[BIGPRIM] code=0x3c tp=0x28 span=1839x347 at(442,1597)
[BIGPRIM] code=0x3a tp=0xa span=1020x770 at(130,-25)
[SFX] Sd_PlaySfx: sfxId=1382 (Sfx_Base+102) vol=37
[BIGPRIM] code=0x3a tp=0xa span=1020x770 at(130,-25)
[SFX] Sd_PlaySfx: sfxId=1382 (Sfx_Base+102) vol=72
[BIGPRIM] code=0x3c tp=0x28 span=1953x765 at(628,954)
[SFX] Sd_PlaySfx: sfxId=1382 (Sfx_Base+102) vol=94
[BIGPRIM] code=0x3c tp=0x28 span=1533x816 at(28,903)
[BIGPRIM] code=0x3a tp=0xa span=1020x770 at(130,-25)
[SFX] Sd_PlaySfx: sfxId=1382 (Sfx_Base+102) vol=108
[BIGPRIM] code=0x3a tp=0xa span=1020x770 at(130,-25)
[SFX] Sd_PlaySfx: sfxId=1382 (Sfx_Base+102) vol=127
[BIGPRIM] code=0x3c tp=0x28 span=2268x829 at(-1862,877)
[BIGPRIM] code=0x3a tp=0xa span=1020x770 at(130,-25)
[SFX] Sd_PlaySfx: sfxId=1382 (Sfx_Base+102) vol=130
[BIGPRIM] code=0x3c tp=0x28 span=1983x498 at(58,1208)
[SFX] Sd_PlaySfx: sfxId=1382 (Sfx_Base+102) vol=107
[BIGPRIM] code=0x3c tp=0x28 span=1755x890 at(922,803)
[BIGPRIM] code=0x3c tp=0x28 span=1278x906 at(373,800)
[SFX] Sd_PlaySfx: sfxId=1382 (Sfx_Base+102) vol=60
[BIGPRIM] code=0x3c tp=0x28 span=1965x296 at(-344,1372)
[SFX] Sd_PlaySfx: sfxId=1382 (Sfx_Base+102) vol=53
[BIGPRIM] code=0x3c tp=0x28 span=1569x710 at(1012,938)
[RA] watch 84008: state=2 unlocked=1786116799 flags[4B4]=00 flags[4A1]=00 word4=0x00040000 setbits=52 map=10/8
[BIGPRIM] code=0x3c tp=0x28 span=1692x803 at(-1082,845)
[SFX] Sd_PlaySfx: sfxId=1382 (Sfx_Base+102) vol=41
[BIGPRIM] code=0x3a tp=0xa span=1020x770 at(130,-25)
[SFX] Sd_PlaySfx: sfxId=1382 (Sfx_Base+102) vol=0
[BIGPRIM] code=0x3c tp=0x28 span=1836x791 at(-1082,922)
[SFX] Sd_PlaySfx: sfxId=1283 (Sfx_Base+3) vol=0
[BIGPRIM] code=0x3c tp=0x5c span=2220x671 at(-2096,-585)
[SFX] Sd_PlaySfx: sfxId=1382 (Sfx_Base+102) vol=0
[BIGPRIM] code=0x3c tp=0x28 span=1623x620 at(-260,1118)
[BIGPRIM] code=0x3c tp=0x28 span=1947x964 at(1021,858)
[SFX] Sd_PlaySfx: sfxId=1283 (Sfx_Base+3) vol=0
[BIGPRIM] code=0x3c tp=0x28 span=1254x990 at(-710,864)
[SFX] Sd_PlaySfx: sfxId=1382 (Sfx_Base+102) vol=37
[BIGPRIM] code=0x3c tp=0x28 span=2115x325 at(-914,1343)
[BIGPRIM] code=0x3c tp=0x5c span=1170x333 at(-2228,-308)
[SFX] Sd_PlaySfx: sfxId=1382 (Sfx_Base+102) vol=97
[ATTACK-DONE] st=61 lookupSt=61 kf=604 -> pcAttackDone
[BIGPRIM] code=0x3c tp=0x28 span=1791x756 at(-1628,822)
[SFX] Sd_PlaySfx: sfxId=1382 (Sfx_Base+102) vol=132
[BIGPRIM] code=0x3c tp=0x28 span=1923x367 at(766,1153)
[BIGPRIM] code=0x3c tp=0x28 span=2031x665 at(1102,1080)
[SFX] Sd_PlaySfx: sfxId=1382 (Sfx_Base+102) vol=157
[BIGPRIM] code=0x3c tp=0x28 span=2028x536 at(-1496,1440)
[SFX] Sd_PlaySfx: sfxId=1382 (Sfx_Base+102) vol=174
[BIGPRIM] code=0x3c tp=0x28 span=2169x556 at(-890,1446)
[BIGPRIM] code=0x3c tp=0x28 span=789x730 at(-317,710)
[SFX] Sd_PlaySfx: sfxId=1382 (Sfx_Base+102) vol=193
[BIGPRIM] code=0x3c tp=0x28 span=1665x999 at(1111,1009)
[SFX] Sd_PlaySfx: sfxId=1382 (Sfx_Base+102) vol=202
[BIGPRIM] code=0x3c tp=0x28 span=1077x1138 at(577,748)
[BIGPRIM] code=0x3c tp=0x28 span=1533x1227 at(-1298,781)
[SFX] Sd_PlaySfx: sfxId=1382 (Sfx_Base+102) vol=207
[BIGPRIM] code=0x3c tp=0x28 span=1170x1160 at(148,848)
[SFX] Sd_PlaySfx: sfxId=1382 (Sfx_Base+102) vol=200
[BIGPRIM] code=0x3c tp=0x28 span=969x1224 at(232,784)
[BIGPRIM] code=0x3c tp=0x28 span=1602x836 at(-254,1166)
[SFX] Sd_PlaySfx: sfxId=1382 (Sfx_Base+102) vol=181
[BIGPRIM] code=0x3c tp=0x28 span=1494x745 at(661,1276)
[BIGPRIM] code=0x3a tp=0xa span=1020x770 at(130,-25)
[SFX] Sd_PlaySfx: sfxId=1382 (Sfx_Base+102) vol=148
[BIGPRIM] code=0x3a tp=0xa span=1020x770 at(130,-25)
[SFX] Sd_PlaySfx: sfxId=1382 (Sfx_Base+102) vol=96
[BIGPRIM] code=0x3c tp=0x28 span=1299x1003 at(217,842)
[BIGPRIM] code=0x3a tp=0xa span=1020x770 at(130,-25)
[SFX] Sd_PlaySfx: sfxId=1382 (Sfx_Base+102) vol=51
[BIGPRIM] code=0x3c tp=0x28 span=1842x611 at(-1496,1314)
[BIGPRIM] code=0x3c tp=0x28 span=987x527 at(-416,871)
[SFX] Sd_PlaySfx: sfxId=1382 (Sfx_Base+102) vol=10
[BIGPRIM] code=0x3a tp=0xa span=1020x770 at(130,-25)
[BIGPRIM] code=0x34 tp=0x5c span=1101x623 at(-965,-1105)
[SFX] Sd_PlaySfx: sfxId=1382 (Sfx_Base+102) vol=0
[BIGPRIM] code=0x3c tp=0x28 span=1167x380 at(910,1047)
[BIGPRIM] code=0x3c tp=0x5c span=261x1167 at(-293,-2417)
[BIGPRIM] code=0x3c tp=0x5c span=2277x1505 at(-2432,-1845)
[SFX] Sd_PlaySfx: sfxId=1382 (Sfx_Base+102) vol=32
[BIGPRIM] code=0x3c tp=0x28 span=1929x640 at(-602,748)
[BIGPRIM] code=0x3c tp=0x5c span=1020x579 at(-1496,-755)
[BIGPRIM] code=0x3c tp=0x5c span=564x958 at(-2432,-1616)
[SFX] Sd_PlaySfx: sfxId=1382 (Sfx_Base+102) vol=85
[BIGPRIM] code=0x3c tp=0x28 span=2100x655 at(976,916)
[SFX] Sd_PlaySfx: sfxId=1382 (Sfx_Base+102) vol=120
[BIGPRIM] code=0x3c tp=0x28 span=1308x739 at(562,832)
[SFX] Sd_PlaySfx: sfxId=1382 (Sfx_Base+102) vol=156
[BIGPRIM] code=0x3c tp=0x28 span=2157x312 at(-704,1253)
[BIGPRIM] code=0x3a tp=0xa span=1020x770 at(130,-25)
[SFX] Sd_PlaySfx: sfxId=1382 (Sfx_Base+102) vol=178
[BIGPRIM] code=0x3c tp=0x28 span=2082x682 at(421,941)
[BIGPRIM] code=0x3a tp=0xa span=1020x770 at(130,-25)
[SFX] Sd_PlaySfx: sfxId=1382 (Sfx_Base+102) vol=189
[SH-XBOX] vblank 43800
[MEM] tick: free=2232KB (558 pages)
[BIGPRIM] code=0x3a tp=0xa span=1020x770 at(130,-25)
[SFX] Sd_PlaySfx: sfxId=1382 (Sfx_Base+102) vol=195
[BIGPRIM] code=0x3c tp=0x28 span=1179x830 at(604,761)
[BIGPRIM] code=0x3c tp=0x28 span=1482x980 at(-395,887)
[SFX] Sd_PlaySfx: sfxId=1382 (Sfx_Base+102) vol=195
[BIGPRIM] code=0x3c tp=0x28 span=1038x588 at(1054,726)
[BIGPRIM] code=0x3c tp=0x28 span=1452x1032 at(-719,893)
[SFX] Sd_PlaySfx: sfxId=1382 (Sfx_Base+102) vol=190
[BIGPRIM] code=0x3c tp=0x28 span=1074x1177 at(-389,806)
[SFX] Sd_PlaySfx: sfxId=1382 (Sfx_Base+102) vol=179
[BIGPRIM] code=0x3c tp=0x28 span=1746x595 at(-140,1317)
[SFX] Sd_PlaySfx: sfxId=1382 (Sfx_Base+102) vol=157
[BIGPRIM] code=0x3c tp=0x28 span=2370x1038 at(1039,938)
[BIGPRIM] code=0x3c tp=0x28 span=1629x347 at(-1238,1546)
[SFX] Sd_PlaySfx: sfxId=1382 (Sfx_Base+102) vol=132
[BIGPRIM] code=0x3a tp=0xa span=1020x770 at(130,-25)
[SFX] Sd_PlaySfx: sfxId=1382 (Sfx_Base+102) vol=99
[BIGPRIM] code=0x3a tp=0xa span=1020x770 at(130,-25)
[BIGPRIM] code=0x3c tp=0x28 span=1173x807 at(463,890)
[SFX] Sd_PlaySfx: sfxId=1382 (Sfx_Base+102) vol=58
[BIGPRIM] code=0x3a tp=0xa span=1020x770 at(130,-25)
[SFX] Sd_PlaySfx: sfxId=1382 (Sfx_Base+102) vol=16
[SFX] Sd_PlaySfx: sfxId=1378 (Sfx_Base+98) vol=13
[BIGPRIM] code=0x3c tp=0x28 span=984x302 at(-728,787)
[BIGPRIM] code=0x3c tp=0x28 span=1512x958 at(-932,906)
[BIGPRIM] code=0x3a tp=0xa span=1020x770 at(130,-25)
[SFX] Sd_PlaySfx: sfxId=1382 (Sfx_Base+102) vol=0
[BIGPRIM] code=0x34 tp=0x5c span=1440x393 at(-2432,-720)
[BIGPRIM] code=0x3c tp=0x5c span=1302x1359 at(-1370,-2410)
[BIGPRIM] code=0x34 tp=0x5c span=1041x454 at(-1307,-630)
[BIGPRIM] code=0x3c tp=0x28 span=1164x363 at(1060,736)
[BIGPRIM] code=0x3c tp=0x28 span=1671x861 at(-992,922)
[SFX] Sd_PlaySfx: sfxId=1381 (Sfx_Base+101) vol=87
[CHNK] n=4 s0=3,3,st3 s1=4,3,st3 s2=4,2,st3 s3=3,2,st3
[BIGPRIM] code=0x3c tp=0x28 span=1416x508 at(1024,761)
[BIGPRIM] code=0x3c tp=0x28 span=969x328 at(-716,723)
[BIGPRIM] code=0x3c tp=0x28 span=1560x360 at(721,1308)
[SFX] Sd_PlaySfx: sfxId=1381 (Sfx_Base+101) vol=120
[BIGPRIM] code=0x3c tp=0x5c span=816x938 at(-2432,-1047)
[BIGPRIM] code=0x3a tp=0xa span=1020x770 at(130,-25)
[BIGPRIM] code=0x3c tp=0x28 span=1005x598 at(-377,777)
[BIGPRIM] code=0x3c tp=0x5c span=720x796 at(-2432,-668)
[SFX] Sd_PlaySfx: sfxId=1381 (Sfx_Base+101) vol=137
[BIGPRIM] code=0x3a tp=0xa span=1020x770 at(130,-25)
[BIGPRIM] code=0x3c tp=0x28 span=1215x678 at(-701,787)
[SFX] Sd_PlaySfx: sfxId=1381 (Sfx_Base+101) vol=147
[BIGPRIM] code=0x3c tp=0x28 span=1515x810 at(178,948)
[BIGPRIM] code=0x3c tp=0x28 span=975x354 at(-653,732)
[SFX] Sd_PlaySfx: sfxId=1381 (Sfx_Base+101) vol=149
[BIGPRIM] code=0x3c tp=0x28 span=1515x704 at(-14,1022)
[BIGPRIM] code=0x3a tp=0xa span=1020x770 at(130,-25)
[BIGPRIM] code=0x3c tp=0x28 span=1533x925 at(742,871)
[SFX] Sd_PlaySfx: sfxId=1381 (Sfx_Base+101) vol=141
[BIGPRIM] code=0x3a tp=0xa span=1020x770 at(130,-25)
[BIGPRIM] code=0x3a tp=0xa span=1020x770 at(130,-25)
[SFX] Sd_PlaySfx: sfxId=1381 (Sfx_Base+101) vol=128
[BIGPRIM] code=0x3a tp=0xa span=1020x770 at(130,-25)
[BIGPRIM] code=0x3c tp=0x28 span=2013x341 at(-464,1584)
[SFX] Sd_PlaySfx: sfxId=1381 (Sfx_Base+101) vol=114
[BIGPRIM] code=0x3a tp=0xa span=1020x770 at(130,-25)
[BIGPRIM] code=0x3c tp=0x28 span=1476x787 at(-677,1112)
[BIGPRIM] code=0x3c tp=0x28 span=1428x919 at(-902,1012)
[SFX] Sd_PlaySfx: sfxId=1381 (Sfx_Base+101) vol=101
[BIGPRIM] code=0x3c tp=0x36 span=1488x45 at(811,1848)
[BIGPRIM] code=0x3c tp=0x5c span=1149x208 at(-2252,-67)
[BIGPRIM] code=0x3a tp=0xa span=1020x770 at(130,-25)
[SFX] Sd_PlaySfx: sfxId=1381 (Sfx_Base+101) vol=90
[BIGPRIM] code=0x3a tp=0xa span=1020x770 at(130,-25)
[BIGPRIM] code=0x3c tp=0x28 span=1038x968 at(52,787)
[SFX] Sd_PlaySfx: sfxId=1381 (Sfx_Base+101) vol=82
[BIGPRIM] code=0x3c tp=0x5c span=624x829 at(-2432,-1369)
[BIGPRIM] code=0x3c tp=0x28 span=1503x929 at(-1052,867)
[BIGPRIM] code=0x3c tp=0x28 span=888x1031 at(433,765)
[SFX] Sd_PlaySfx: sfxId=1381 (Sfx_Base+101) vol=54
[BIGPRIM] code=0x3c tp=0x5c span=813x829 at(-128,-1536)
[BIGPRIM] code=0x3a tp=0xa span=1020x770 at(130,-25)
[BIGPRIM] code=0x3c tp=0x5c span=1200x531 at(1615,-1726)
[BIGPRIM] code=0x3c tp=0x28 span=1323x865 at(1051,938)
[SFX] Sd_PlaySfx: sfxId=1381 (Sfx_Base+101) vol=24
[BIGPRIM] code=0x3c tp=0x5c span=636x1086 at(847,-1388)
[BIGPRIM] code=0x3a tp=0xa span=1020x770 at(130,-25)
[BIGPRIM] code=0x3c tp=0x28 span=1392x1562 at(640,909)
[BIGPRIM] code=0x3c tp=0x28 span=816x925 at(-431,617)
[SFX] Sd_PlaySfx: sfxId=1381 (Sfx_Base+101) vol=0
[BIGPRIM] code=0x3c tp=0x28 span=2082x1344 at(-1754,2304)
[BIGPRIM] code=0x3c tp=0x28 span=2055x161 at(-80,3487)
[SFX] Sd_PlaySfx: sfxId=1381 (Sfx_Base+101) vol=0
[BIGPRIM] code=0x3c tp=0x28 span=1923x1305 at(472,2343)
[BIGPRIM] code=0x3c tp=0x28 span=786x803 at(-260,797)
[SFX] Sd_PlaySfx: sfxId=1381 (Sfx_Base+101) vol=2
[BIGPRIM] code=0x3c tp=0x28 span=612x1013 at(181,713)
[SFX] Sd_PlaySfx: sfxId=1379 (Sfx_Base+99) vol=0
[BIGPRIM] code=0x3c tp=0x28 span=633x752 at(796,572)
[SFX] Sd_PlaySfx: sfxId=1329 (Sfx_Base+49) vol=191
[SFX] Sd_PlaySfx: sfxId=1313 (Sfx_Base+33) vol=0
[BIGPRIM] code=0x3c tp=0x28 span=2151x1488 at(496,2160)
[BIGPRIM] code=0x3c tp=0x28 span=885x1405 at(-236,639)
[SFX] Sd_PlaySfx: sfxId=1381 (Sfx_Base+101) vol=0
[BIGPRIM] code=0x3c tp=0x28 span=816x1344 at(781,684)
[BIGPRIM] code=0x3c tp=0x28 span=924x1568 at(715,752)
[BIGPRIM] code=0x3c tp=0x36 span=711x868 at(-104,732)
[SFX] Sd_PlaySfx: sfxId=1381 (Sfx_Base+101) vol=1
[BIGPRIM] code=0x3c tp=0x28 span=858x871 at(712,819)
[BIGPRIM] code=0x3c tp=0x36 span=462x936 at(-302,2712)
[SFX] Sd_PlaySfx: sfxId=1382 (Sfx_Base+102) vol=7
[BIGPRIM] code=0x3c tp=0x5c span=1032x891 at(469,-1022)
[SFX] Sd_PlaySfx: sfxId=1382 (Sfx_Base+102) vol=21
[BIGPRIM] code=0x3c tp=0x5c span=1101x237 at(-224,-327)
[BIGPRIM] code=0x3a tp=0xa span=1020x770 at(130,-25)
[SFX] Sd_PlaySfx: sfxId=1382 (Sfx_Base+102) vol=44
[BIGPRIM] code=0x3c tp=0x5c span=1215x280 at(478,-443)
[BIGPRIM] code=0x3c tp=0x28 span=885x849 at(-395,761)
[SFX] Sd_PlaySfx: sfxId=1382 (Sfx_Base+102) vol=106
[BIGPRIM] code=0x3c tp=0x28 span=900x897 at(-404,761)
[SFX] Sd_PlaySfx: sfxId=1382 (Sfx_Base+102) vol=166
[BIGPRIM] code=0x3c tp=0x28 span=1020x695 at(1096,703)
[SFX] Sd_PlaySfx: sfxId=1382 (Sfx_Base+102) vol=203
[BIGPRIM] code=0x3c tp=0x28 span=1737x373 at(-26,3275)
[SFX] Sd_PlaySfx: sfxId=1382 (Sfx_Base+102) vol=225
[BIGPRIM] code=0x3a tp=0xa span=1020x770 at(130,-25)
[BIGPRIM] code=0x3c tp=0x3a span=255x743 at(-20,803)
[SFX] Sd_PlaySfx: sfxId=1382 (Sfx_Base+102) vol=237
[BIGPRIM] code=0x3a tp=0xa span=1020x770 at(130,-25)
[BIGPRIM] code=0x3c tp=0x3a span=996x70 at(-734,2311)
[BIGPRIM] code=0x3c tp=0x38 span=1533x315 at(-560,3050)
[BIGPRIM] code=0x3c tp=0x3a span=249x1164 at(544,1674)
[BIGPRIM] code=0x3c tp=0x35 span=399x758 at(718,2221)
[SFX] Sd_PlaySfx: sfxId=1382 (Sfx_Base+102) vol=242
[BIGPRIM] code=0x3a tp=0xa span=1020x770 at(130,-25)
[BIGPRIM] code=0x3a tp=0xa span=1020x770 at(130,-25)
[BIGPRIM] code=0x3a tp=0xa span=1020x770 at(130,-25)
[BIGPRIM] code=0x3c tp=0x3a span=69x765 at(634,2266)
[BIGPRIM] code=0x3c tp=0x3a span=108x765 at(340,2266)
[SFX] Sd_PlaySfx: sfxId=1382 (Sfx_Base+102) vol=244
[BIGPRIM] code=0x3c tp=0x3a span=1158x1157 at(-824,858)
[BIGPRIM] code=0x3a tp=0xa span=1020x770 at(130,-25)
[BIGPRIM] code=0x3c tp=0x29 span=945x1299 at(-656,864)
[BIGPRIM] code=0x3c tp=0x38 span=435x823 at(55,948)
[SFX] Sd_PlaySfx: sfxId=1382 (Sfx_Base+102) vol=245
[BIGPRIM] code=0x3c tp=0x38 span=327x1000 at(-11,951)
[BIGPRIM] code=0x3c tp=0x38 span=192x797 at(58,925)
[BIGPRIM] code=0x3c tp=0x28 span=582x835 at(220,646)
[BIGPRIM] code=0x3c tp=0x28 span=2148x1270 at(673,2378)
[SFX] Sd_PlaySfx: sfxId=1382 (Sfx_Base+102) vol=245
[BIGPRIM] code=0x3c tp=0x28 span=813x874 at(1099,652)
[BIGPRIM] code=0x3c tp=0x28 span=2145x405 at(-1442,3243)
[BIGPRIM] code=0x3c tp=0x28 span=699x872 at(814,658)
[SFX] Sd_PlaySfx: sfxId=1382 (Sfx_Base+102) vol=245
[BIGPRIM] code=0x3c tp=0x38 span=648x907 at(1,668)
[BIGPRIM] code=0x3c tp=0x28 span=2193x1360 at(-362,2288)
[BIGPRIM] code=0x3a tp=0xa span=1020x770 at(130,-25)
[SFX] Sd_PlaySfx: sfxId=1382 (Sfx_Base+102) vol=242
[BIGPRIM] code=0x3c tp=0x28 span=1353x1588 at(-1184,797)
[BIGPRIM] code=0x3c tp=0x28 span=633x807 at(595,642)
[SFX] Sd_PlaySfx: sfxId=1382 (Sfx_Base+102) vol=235
[BIGPRIM] code=0x3c tp=0x28 span=744x1527 at(205,774)
[BIGPRIM] code=0x3c tp=0x28 span=939x788 at(946,1031)
[BIGPRIM] code=0x3a tp=0xa span=1020x770 at(130,-25)
[SH-XBOX] vblank 44400
[MEM] tick: free=2232KB (558 pages)
[SFX] Sd_PlaySfx: sfxId=1382 (Sfx_Base+102) vol=226
[BIGPRIM] code=0x3c tp=0x28 span=642x923 at(376,732)
[BIGPRIM] code=0x3c tp=0x28 span=1053x1000 at(922,793)
[SFX] Sd_PlaySfx: sfxId=1382 (Sfx_Base+102) vol=214
[BIGPRIM] code=0x3c tp=0x28 span=1626x142 at(-1028,3506)
[BIGPRIM] code=0x3c tp=0x28 span=1884x302 at(955,3346)
[SFX] Sd_PlaySfx: sfxId=1382 (Sfx_Base+102) vol=197
[BIGPRIM] code=0x3c tp=0x28 span=1119x1537 at(1132,819)
[BIGPRIM] code=0x3a tp=0xa span=1020x770 at(130,-25)
[BIGPRIM] code=0x3a tp=0xa span=1020x770 at(130,-25)
[SFX] Sd_PlaySfx: sfxId=1382 (Sfx_Base+102) vol=172
[BIGPRIM] code=0x3c tp=0x28 span=984x1476 at(-587,745)
[SFX] Sd_PlaySfx: sfxId=1382 (Sfx_Base+102) vol=146
[BIGPRIM] code=0x3a tp=0xa span=1020x770 at(130,-25)
[SFX] Sd_PlaySfx: sfxId=1382 (Sfx_Base+102) vol=123
[BIGPRIM] code=0x3a tp=0xa span=1020x770 at(130,-25)
[BIGPRIM] code=0x3c tp=0x28 span=852x1161 at(-488,703)
[SFX] Sd_PlaySfx: sfxId=1382 (Sfx_Base+102) vol=93
[BIGPRIM] code=0x3c tp=0x28 span=2160x341 at(1123,3307)
[BIGPRIM] code=0x3c tp=0x28 span=480x1266 at(379,1086)
[SFX] Sd_PlaySfx: sfxId=1382 (Sfx_Base+102) vol=78
[BIGPRIM] code=0x3c tp=0x28 span=327x797 at(553,935)
[BIGPRIM] code=0x3c tp=0x28 span=570x727 at(328,623)
[SFX] Sd_PlaySfx: sfxId=1382 (Sfx_Base+102) vol=74
[BIGPRIM] code=0x3c tp=0x28 span=702x1161 at(100,703)
[BIGPRIM] code=0x3c tp=0x28 span=2193x765 at(-1316,2883)
[BIGPRIM] code=0x3c tp=0x28 span=606x794 at(784,655)
[BIGPRIM] code=0x3c tp=0x5c span=1059x109 at(-1559,-163)
[SFX] Sd_PlaySfx: sfxId=1382 (Sfx_Base+102) vol=67
[BIGPRIM] code=0x34 tp=0x5c span=459x794 at(-1040,-977)
[CHNK] n=4 s0=3,3,st3 s1=4,3,st3 s2=4,2,st3 s3=3,2,st3
[BIGPRIM] code=0x3c tp=0x35 span=816x794 at(1129,-1285)
[SFX] Sd_PlaySfx: sfxId=1382 (Sfx_Base+102) vol=53
[BIGPRIM] code=0x3c tp=0x35 span=1050x1148 at(1090,-1726)
[BIGPRIM] code=0x3c tp=0x28 span=654x1144 at(568,729)
[BIGPRIM] code=0x3c tp=0x35 span=156x961 at(919,-1012)
[SFX] Sd_PlaySfx: sfxId=1382 (Sfx_Base+102) vol=31
[BIGPRIM] code=0x3c tp=0x35 span=336x1601 at(1018,-1687)
[BIGPRIM] code=0x3c tp=0x35 span=285x893 at(994,-170)
[SFX] Sd_PlaySfx: sfxId=1382 (Sfx_Base+102) vol=12
[BIGPRIM] code=0x3c tp=0x28 span=936x1539 at(706,752)
[BIGPRIM] code=0x3c tp=0x28 span=630x913 at(220,662)
[BIGPRIM] code=0x3c tp=0x28 span=2196x1022 at(745,2626)
[SFX] Sd_PlaySfx: sfxId=1382 (Sfx_Base+102) vol=15
[BIGPRIM] code=0x3a tp=0xa span=1020x770 at(130,-25)
[BIGPRIM] code=0x3c tp=0x28 span=795x858 at(-569,652)
[SFX] Sd_PlaySfx: sfxId=1382 (Sfx_Base+102) vol=18
[BIGPRIM] code=0x3c tp=0x35 span=246x861 at(376,-1677)
[BIGPRIM] code=0x3c tp=0x28 span=600x920 at(646,655)
[SFX] Sd_PlaySfx: sfxId=1382 (Sfx_Base+102) vol=10
[BIGPRIM] code=0x3c tp=0x28 span=987x521 at(40,3127)
[SFX] Sd_PlaySfx: sfxId=1382 (Sfx_Base+102) vol=0
[BIGPRIM] code=0x3c tp=0x28 span=1017x527 at(-194,3121)
[BIGPRIM] code=0x3c tp=0x5c span=1575x344 at(1267,-424)
[SFX] Sd_PlaySfx: sfxId=1382 (Sfx_Base+102) vol=25
[BIGPRIM] code=0x3a tp=0xa span=1020x770 at(130,-25)
[BIGPRIM] code=0x3c tp=0x28 span=2193x187 at(-980,3461)
[SFX] Sd_PlaySfx: sfxId=1382 (Sfx_Base+102) vol=46
[BIGPRIM] code=0x3c tp=0x5c span=1413x977 at(2296,-1195)
[BIGPRIM] code=0x3c tp=0x28 span=336x1003 at(595,1015)
[SFX] Sd_PlaySfx: sfxId=1382 (Sfx_Base+102) vol=56
[BIGPRIM] code=0x3c tp=0x28 span=831x1058 at(-506,687)
[BIGPRIM] code=0x3c tp=0x28 span=1104x1038 at(-878,2610)
[SFX] Sd_PlaySfx: sfxId=1382 (Sfx_Base+102) vol=68
[BIGPRIM] code=0x3c tp=0x28 span=2193x1501 at(-854,2147)
[BIGPRIM] code=0x3c tp=0x2c span=888x751 at(-209,-681)
[SFX] Sd_PlaySfx: sfxId=1382 (Sfx_Base+102) vol=104
[BIGPRIM] code=0x3c tp=0x2c span=1062x726 at(-242,-482)
[BIGPRIM] code=0x3c tp=0x28 span=711x919 at(-344,646)
[BIGPRIM] code=0x3c tp=0x28 span=1044x1247 at(1024,732)
[SFX] Sd_PlaySfx: sfxId=1382 (Sfx_Base+102) vol=121
[BIGPRIM] code=0x3a tp=0xa span=1020x770 at(130,-25)
[BIGPRIM] code=0x3c tp=0x2c span=1590x1266 at(-578,-1857)
[BIGPRIM] code=0x3c tp=0x2c span=870x777 at(-86,-822)
[BIGPRIM] code=0x3c tp=0x5c span=1107x48 at(2602,-115)
[BIGPRIM] code=0x3c tp=0x2c span=1062x1002 at(-200,-784)
[BIGPRIM] code=0x3c tp=0x28 span=2199x193 at(-224,3455)
[SFX] Sd_PlaySfx: sfxId=1382 (Sfx_Base+102) vol=107
[BIGPRIM] code=0x3c tp=0x5c span=1077x227 at(1594,-57)
[BIGPRIM] code=0x3c tp=0x2c span=1182x997 at(-890,-1009)
[BIGPRIM] code=0x3c tp=0x2c span=1044x964 at(-623,-900)
[BIGPRIM] code=0x3c tp=0x2c span=1848x1542 at(-1754,-1533)
[BIGPRIM] code=0x3c tp=0x2c span=1482x1015 at(-176,-810)
[BIGPRIM] code=0x3c tp=0x28 span=2160x878 at(-1730,2770)
[BIGPRIM] code=0x3c tp=0x2c span=1674x1143 at(-1622,-922)
[SFX] Sd_PlaySfx: sfxId=1382 (Sfx_Base+102) vol=53
[BIGPRIM] code=0x3c tp=0x28 span=2160x894 at(757,1809)
[BIGPRIM] code=0x3c tp=0x2c span=822x733 at(166,-871)
[BIGPRIM] code=0x3c tp=0x2c span=990x822 at(-1031,-912)
[BIGPRIM] code=0x3c tp=0x28 span=648x1044 at(-134,-826)
[BIGPRIM] code=0x3c tp=0x28 span=174x762 at(322,-961)
[SFX] Sd_PlaySfx: sfxId=1379 (Sfx_Base+99) vol=35
[BIGPRIM] code=0x3c tp=0x2c span=1008x855 at(-233,-720)
[BIGPRIM] code=0x3c tp=0x2c span=1350x899 at(-950,-691)
[BIGPRIM] code=0x3c tp=0x2c span=1476x1131 at(-1676,-810)
[BIGPRIM] code=0x3c tp=0x28 span=1008x1054 at(-608,-784)
[SFX] Sd_PlaySfx: sfxId=1382 (Sfx_Base+102) vol=21
[BIGPRIM] code=0x3c tp=0x28 span=783x1150 at(-482,752)
[BIGPRIM] code=0x3c tp=0x2c span=1938x1291 at(-1643,-999)
[BIGPRIM] code=0x3c tp=0x28 span=228x1072 at(34,-671)
[BIGPRIM] code=0x3c tp=0x2c span=1134x957 at(163,-957)
[BIGPRIM] code=0x3c tp=0x28 span=2163x560 at(-1436,3088)
[BIGPRIM] code=0x3c tp=0x28 span=2277x347 at(-1028,3301)
[SFX] Sd_PlaySfx: sfxId=1327 (Sfx_Base+47) vol=191
[SFX] Sd_PlaySfx: sfxId=1316 (Sfx_Base+36) vol=0
[BIGPRIM] code=0x3c tp=0x28 span=609x1006 at(730,687)
[BIGPRIM] code=0x3c tp=0x2c span=1254x996 at(457,-1597)
[BIGPRIM] code=0x3c tp=0x28 span=2277x212 at(-1250,3436)
[BIGPRIM] code=0x3c tp=0x2c span=786x738 at(493,-639)
[BIGPRIM] code=0x3c tp=0x2c span=1542x1305 at(-203,-1321)
[BIGPRIM] code=0x3c tp=0x2c span=1248x1067 at(175,-1838)
[BIGPRIM] code=0x3a tp=0xa span=1020x770 at(130,-25)
[BIGPRIM] code=0x3c tp=0x28 span=609x1006 at(730,687)
[BIGPRIM] code=0x3c tp=0x2c span=1254x996 at(457,-1597)
[BIGPRIM] code=0x3c tp=0x28 span=2277x212 at(-1250,3436)
[SFX] Sd_PlaySfx: sfxId=1382 (Sfx_Base+102) vol=89
[BIGPRIM] code=0x3c tp=0x2c span=786x738 at(493,-639)
[BIGPRIM] code=0x3c tp=0x2c span=1542x1305 at(-203,-1321)
[BIGPRIM] code=0x3c tp=0x2c span=1248x1067 at(175,-1838)
[BIGPRIM] code=0x3a tp=0xa span=1020x770 at(130,-25)
[BIGPRIM] code=0x3c tp=0x2c span=1020x694 at(-575,-424)
[SFX] Sd_PlaySfx: sfxId=1382 (Sfx_Base+102) vol=87
[BIGPRIM] code=0x3c tp=0x2c span=1182x1092 at(427,-1009)
[BIGPRIM] code=0x3c tp=0x2c span=1536x1047 at(55,-819)
[BIGPRIM] code=0x3c tp=0x28 span=906x1073 at(-407,768)
[BIGPRIM] code=0x3c tp=0x2c span=852x791 at(-512,-893)
[BIGPRIM] code=0x3c tp=0x2c span=1404x1113 at(-1328,-1607)
[BIGPRIM] code=0x3c tp=0x2c span=984x880 at(-944,-925)
[BIGPRIM] code=0x3c tp=0x28 span=1707x965 at(532,2683)
[BIGPRIM] code=0x3c tp=0x2c span=1308x1170 at(-1502,-1234)
[BIGPRIM] code=0x3c tp=0x2c span=1350x1272 at(-1289,-986)
[BIGPRIM] code=0x3c tp=0x2c span=1158x1067 at(280,-977)
[BIGPRIM] code=0x3c tp=0x2c span=1092x925 at(-362,-758)
[BIGPRIM] code=0x3c tp=0x2c span=912x861 at(-38,-739)
[SFX] Sd_PlaySfx: sfxId=1381 (Sfx_Base+101) vol=83
[BIGPRIM] code=0x3c tp=0x2c span=990x881 at(-284,-1038)
[BIGPRIM] code=0x3c tp=0x35 span=30x735 at(727,-729)
[BIGPRIM] code=0x3a tp=0xa span=1020x770 at(130,-25)
[BIGPRIM] code=0x3c tp=0x2c span=1008x848 at(-308,-739)
[BIGPRIM] code=0x3c tp=0x2c span=1428x1273 at(-674,-1539)
[BIGPRIM] code=0x3a tp=0xa span=1020x770 at(130,-25)
[BIGPRIM] code=0x3c tp=0x2c span=1830x1214 at(-578,-970)
[SFX] Sd_PlaySfx: sfxId=1381 (Sfx_Base+101) vol=49
[BIGPRIM] code=0x3c tp=0x2c span=1218x1029 at(-617,-1215)
[BIGPRIM] code=0x3c tp=0x28 span=1059x1041 at(-176,768)
[BIGPRIM] code=0x3c tp=0x28 span=891x1119 at(610,790)
[BIGPRIM] code=0x3c tp=0x28 span=1782x1514 at(505,1986)
[BIGPRIM] code=0x3c tp=0x2c span=912x860 at(-620,-668)
[BIGPRIM] code=0x3c tp=0x2c span=1698x1421 at(-2174,-1446)
[SFX] Sd_PlaySfx: sfxId=1381 (Sfx_Base+101) vol=50
[BIGPRIM] code=0x3a tp=0xa span=1020x770 at(130,-25)
[BIGPRIM] code=0x3c tp=0x2c span=1188x1118 at(-1205,-893)
[BIGPRIM] code=0x3c tp=0x28 span=1134x1421 at(742,861)
[BIGPRIM] code=0x3c tp=0x2c span=1626x1446 at(-2429,-1645)
[BIGPRIM] code=0x3c tp=0x2c span=1140x977 at(-1565,-1761)
[BIGPRIM] code=0x3c tp=0x2c span=1560x1066 at(-1481,-925)
[BIGPRIM] code=0x3c tp=0x2c span=876x733 at(-1637,-832)
[BIGPRIM] code=0x3c tp=0x2c span=1212x828 at(-1763,-700)
[SFX] Sd_PlaySfx: sfxId=1381 (Sfx_Base+101) vol=66
[BIGPRIM] code=0x3c tp=0x2c span=1512x1260 at(-2210,-1491)
[BIGPRIM] code=0x3c tp=0x5c span=1113x201 at(-2432,-163)
[BIGPRIM] code=0x3a tp=0xa span=1020x770 at(130,-25)
[BIGPRIM] code=0x3c tp=0x2c span=1122x1060 at(-1205,-996)
[BIGPRIM] code=0x3c tp=0x28 span=1413x1520 at(949,848)
[BIGPRIM] code=0x3c tp=0x2c span=924x849 at(-1640,-1125)
[BIGPRIM] code=0x3c tp=0x2c span=1506x1196 at(-3143,-2034)
[BIGPRIM] code=0x3c tp=0x2c span=1122x764 at(-620,-530)
[BIGPRIM] code=0x3c tp=0x28 span=1788x675 at(-1340,2748)
[BIGPRIM] code=0x3c tp=0x5c span=246x1079 at(-2432,-41)
[BIGPRIM] code=0x3c tp=0x28 span=156x822 at(229,765)
[SFX] Sd_PlaySfx: sfxId=1381 (Sfx_Base+101) vol=91
[BIGPRIM] code=0x3c tp=0x2c span=1188x905 at(-1031,-578)
[BIGPRIM] code=0x3c tp=0x2c span=1110x939 at(-1340,-980)
[BIGPRIM] code=0x3c tp=0x28 span=702x749 at(133,700)
[BIGPRIM] code=0x3c tp=0x28 span=981x1234 at(-83,797)
[BIGPRIM] code=0x3c tp=0x2c span=1806x1529 at(-2285,-1237)
[BIGPRIM] code=0x3c tp=0x28 span=1788x675 at(1129,2941)
[BIGPRIM] code=0x3c tp=0x2c span=1410x1209 at(-2729,-2192)
[SFX] Sd_PlaySfx: sfxId=1381 (Sfx_Base+101) vol=119
[BIGPRIM] code=0x3c tp=0x2c span=1752x1504 at(-3308,-2741)
[BOOT0/TIM] PostLoadTim file=1141 'THR1501F.TIM' ss=0x4a7a img.u=0 img.v=0 tPage=0,22 clutX=64 clutY=0
[BOOT0/TIM] post ReadTIM: prect=0xfb6624 caddr=0xfb6580 paddr=0xfb662c mode=8
[BOOT0/TIM] pre pixel LoadImage rect=(384,256 64x256)
[BOOT0/TIM] pre CLUT LoadImage rect=(64,0 16x5)
[BOOT0/TIM] PostLoadTim done
[BIGPRIM] code=0x3c tp=0x2c span=948x893 at(-1244,-826)
[BIGPRIM] code=0x3c tp=0x28 span=1359x916 at(-1160,720)
[BIGPRIM] code=0x3c tp=0x2c span=1602x1338 at(-2960,-1591)
[BIGPRIM] code=0x3c tp=0x2c span=918x777 at(-1376,-684)
[BIGPRIM] code=0x3a tp=0xa span=1020x770 at(130,-25)
[SFX] Sd_PlaySfx: sfxId=1381 (Sfx_Base+101) vol=132
[BIGPRIM] code=0x3c tp=0x2c span=1320x1176 at(-1628,-1330)
[BIGPRIM] code=0x3c tp=0x2c span=924x783 at(-1037,-758)
[BIGPRIM] code=0x3c tp=0x2c span=1362x1138 at(-1916,-1160)
[BIGPRIM] code=0x3c tp=0x2c span=1800x1550 at(-3089,-2581)
[BIGPRIM] code=0x3c tp=0x28 span=2055x1025 at(-380,1298)
[BIGPRIM] code=0x3a tp=0xa span=1020x770 at(130,-25)
[BIGPRIM] code=0x3c tp=0x2c span=1134x1066 at(-1166,-816)
[SFX] Sd_PlaySfx: sfxId=1381 (Sfx_Base+101) vol=151
[BIGPRIM] code=0x3c tp=0x28 span=1965x1427 at(1072,781)
[BIGPRIM] code=0x3c tp=0x28 span=1677x1385 at(1036,848)
[BIGPRIM] code=0x3c tp=0x28 span=2055x1041 at(-1040,1276)
[BIGPRIM] code=0x3c tp=0x2c span=888x822 at(-1289,-710)
[BIGPRIM] code=0x3c tp=0x2c span=1068x982 at(-1688,-909)
[BIGPRIM] code=0x3c tp=0x2c span=960x823 at(-1982,-1372)
[SFX] Sd_PlaySfx: sfxId=1381 (Sfx_Base+101) vol=182
[BIGPRIM] code=0x3c tp=0x2c span=2256x1542 at(-3560,-1430)
[BIGPRIM] code=0x3c tp=0x2c span=942x893 at(-1244,-726)
[BIGPRIM] code=0x3c tp=0x2c span=1260x1055 at(-2384,-1170)
[BIGPRIM] code=0x3c tp=0x2c span=1872x1433 at(-3368,-1176)
[BIGPRIM] code=0x3c tp=0x2c span=1236x1099 at(-2171,-1324)
[BIGPRIM] code=0x3a tp=0xa span=1020x770 at(130,-25)
[SFX] Sd_PlaySfx: sfxId=1381 (Sfx_Base+101) vol=209
[BIGPRIM] code=0x3c tp=0x28 span=2055x180 at(-854,2246)
[BIGPRIM] code=0x3c tp=0x2c span=1254x1059 at(-2030,-912)
[BIGPRIM] code=0x3c tp=0x2c span=888x758 at(-1847,-1092)
[BIGPRIM] code=0x3c tp=0x2c span=1020x875 at(-2222,-1292)
[SFX] Sd_PlaySfx: sfxId=1381 (Sfx_Base+101) vol=225
[BIGPRIM] code=0x3c tp=0x28 span=807x1450 at(-224,970)
[BIGPRIM] code=0x3a tp=0xa span=1020x770 at(130,-25)
[BIGPRIM] code=0x3c tp=0x2c span=870x738 at(-1607,-610)
[BIGPRIM] code=0x3c tp=0x28 span=1278x907 at(1039,748)
[SFX] Sd_PlaySfx: sfxId=1382 (Sfx_Base+102) vol=238
[BIGPRIM] code=0x3c tp=0x28 span=1446x1389 at(-878,838)
[BIGPRIM] code=0x3c tp=0x2c span=1482x1015 at(-3089,-800)
[BIGPRIM] code=0x3a tp=0xa span=1020x770 at(130,-25)
[BIGPRIM] code=0x3c tp=0x28 span=1287x1366 at(-269,867)
[SFX] Sd_PlaySfx: sfxId=1382 (Sfx_Base+102) vol=243
[BIGPRIM] code=0x3c tp=0x2c span=1056x719 at(-2666,-478)
[BIGPRIM] code=0x3c tp=0x28 span=1536x1256 at(-50,1022)
[BIGPRIM] code=0x3c tp=0x2c span=1398x1181 at(-1253,-1153)
[BIGPRIM] code=0x3c tp=0x2c span=1272x1072 at(-1061,-1018)
[BIGPRIM] code=0x3c tp=0x2c span=1236x848 at(-857,-617)
[SFX] Sd_PlaySfx: sfxId=1382 (Sfx_Base+102) vol=246
[BIGPRIM] code=0x3c tp=0x2c span=984x829 at(-620,-720)
[BIGPRIM] code=0x3c tp=0x28 span=2160x547 at(1051,1828)
[BIGPRIM] code=0x3a tp=0xa span=1020x770 at(130,-25)
[SFX] Sd_PlaySfx: sfxId=1382 (Sfx_Base+102) vol=249
[BIGPRIM] code=0x3c tp=0x28 span=2184x1402 at(1087,883)
[BIGPRIM] code=0x3c tp=0x28 span=1260x560 at(1120,748)
[SFX] Sd_PlaySfx: sfxId=1382 (Sfx_Base+102) vol=251
[BIGPRIM] code=0x3c tp=0x28 span=1662x688 at(-938,1623)
[COLL-MISS] cell(4,2) pos(162,109) activeCount=4
[COLL-MISS]   slot cell(3,3) qIdx=201 loadState=2 isLoaded=1
[COLL-MISS]   slot cell(4,3) qIdx=203 loadState=2 isLoaded=1
[COLL-MISS]   slot cell(2,2) qIdx=208 loadState=2 isLoaded=1
[COLL-MISS]   slot cell(3,2) qIdx=199 loadState=2 isLoaded=1
[BIGPRIM] code=0x3c tp=0x28 span=2328x1215 at(-2099,832)
[SFX] Sd_PlaySfx: sfxId=1382 (Sfx_Base+102) vol=252
[BIGPRIM] code=0x3c tp=0x28 span=1569x999 at(-788,1260)
[BIGPRIM] code=0x3c tp=0x28 span=1527x1269 at(-638,945)
[BIGPRIM] code=0x3a tp=0xa span=1020x770 at(130,-25)
[BIGPRIM] code=0x3c tp=0x2c span=1464x976 at(-224,-732)
[SFX] Sd_PlaySfx: sfxId=1382 (Sfx_Base+102) vol=254
[BIGPRIM] code=0x3c tp=0x2c span=1644x1092 at(-407,-861)
[BIGPRIM] code=0x3c tp=0x2c span=1416x1125 at(-878,-1812)
[BIGPRIM] code=0x3c tp=0x2c span=1650x1311 at(-1226,-2156)
[BIGPRIM] code=0x3c tp=0x28 span=1572x942 at(-782,1272)
[BIGPRIM] code=0x3c tp=0x2c span=1428x1092 at(-965,-784)
[BIGPRIM] code=0x3a tp=0xa span=1020x770 at(130,-25)
[BIGPRIM] code=0x3c tp=0x28 span=1974x1344 at(904,880)
[SFX] Sd_PlaySfx: sfxId=1382 (Sfx_Base+102) vol=254
[BIGPRIM] code=0x3c tp=0x28 span=1638x1023 at(925,838)
[BIGPRIM] code=0x3c tp=0x2c span=978x667 at(-1340,-417)
[BIGPRIM] code=0x3a tp=0xa span=1020x770 at(130,-25)
[BIGPRIM] code=0x3c tp=0x28 span=1842x1256 at(-1286,900)
[BOOT0/TIM] PostLoadTim file=1169 'THR3801F.TIM' ss=0x4c2e img.u=0 img.v=0 tPage=0,25 clutX=112 clutY=0
[BOOT0/TIM] post ReadTIM: prect=0xfb6604 caddr=0xfb6580 paddr=0xfb660c mode=8
[BOOT0/TIM] pre pixel LoadImage rect=(576,256 64x256)
[BOOT0/TIM] pre CLUT LoadImage rect=(112,0 16x4)
[BOOT0/TIM] PostLoadTim done
[BIGPRIM] code=0x3c tp=0x2c span=1212x1021 at(-1703,-951)
[BOOT0/TIM] PostLoadTim file=1170 'THR3801H.TIM' ss=0x4c3f img.u=32 img.v=0 tPage=0,26 clutX=144 clutY=0
[BOOT0/TIM] post ReadTIM: prect=0xfb6684 caddr=0xfb6580 paddr=0xfb668c mode=8
[BOOT0/TIM] pre pixel LoadImage rect=(672,256 32x256)
[BOOT0/TIM] pre CLUT LoadImage rect=(144,0 16x8)
[BOOT0/TIM] PostLoadTim done
[SH-XBOX] vblank 45000
[MEM] tick: free=2232KB (558 pages)
[BIGPRIM] code=0x3c tp=0x2c span=930x776 at(-1130,-748)
[BIGPRIM] code=0x3a tp=0xa span=1020x770 at(130,-25)
[SFX] Sd_PlaySfx: sfxId=1381 (Sfx_Base+101) vol=254
[BIGPRIM] code=0x3c tp=0x28 span=1527x1019 at(400,1176)
[BIGPRIM] code=0x3a tp=0xa span=1020x770 at(130,-25)
[BIGPRIM] code=0x3c tp=0x35 span=687x755 at(-335,-1687)
[BIGPRIM] code=0x3c tp=0x28 span=1641x613 at(-788,1620)
[BIGPRIM] code=0x3c tp=0x2c span=1044x963 at(-1985,-848)
[BIGPRIM] code=0x3c tp=0x2c span=1326x880 at(-1643,-646)
[BIGPRIM] code=0x3c tp=0x2c span=852x758 at(-1061,-793)
[BIGPRIM] code=0x3c tp=0x2c span=1452x989 at(-2594,-781)
[SFX] Sd_PlaySfx: sfxId=1382 (Sfx_Base+102) vol=255
[BIGPRIM] code=0x3c tp=0x28 span=198x1392 at(418,912)
[BIGPRIM] code=0x3c tp=0x2c span=1062x1002 at(-380,-822)
[BIGPRIM] code=0x3c tp=0x28 span=972x440 at(-656,697)
[BIGPRIM] code=0x3c tp=0x2c span=1668x1574 at(-2402,-1468)
[BIGPRIM] code=0x3a tp=0xa span=1020x770 at(130,-25)
[BIGPRIM] code=0x3c tp=0x2c span=1482x1400 at(-785,-1269)
[BIGPRIM] code=0x3c tp=0x28 span=1680x103 at(-1106,2156)
[BIGPRIM] code=0x3a tp=0xa span=1020x770 at(130,-25)
[BIGPRIM] code=0x3c tp=0x2c span=960x635 at(-731,-369)
[BIGPRIM] code=0x3c tp=0x2c span=1536x1304 at(-1019,-1134)
[BIGPRIM] code=0x3c tp=0x28 span=51x1057 at(727,1356)
[BIGPRIM] code=0x3c tp=0x2c span=1032x976 at(-914,-787)
[SFX] Sd_PlaySfx: sfxId=1381 (Sfx_Base+101) vol=255
[BIGPRIM] code=0x3c tp=0x2c span=876x752 at(-1430,-1182)
[BIGPRIM] code=0x3c tp=0x2c span=966x642 at(-926,-379)
[BIGPRIM] code=0x3c tp=0x2c span=1434x1356 at(-1514,-1215)
[BIGPRIM] code=0x3c tp=0x2c span=1950x1549 at(-3407,-2619)
[BIGPRIM] code=0x3c tp=0x2c span=1062x899 at(-1085,-687)
[BIGPRIM] code=0x3c tp=0x2c span=1146x1060 at(-2105,-961)
[BIGPRIM] code=0x3c tp=0x28 span=2202x1099 at(-2018,1089)
[BIGPRIM] code=0x3c tp=0x2c span=1080x912 at(-1553,-816)
[BIGPRIM] code=0x3c tp=0x2c span=1242x1047 at(-1211,-874)
[BIGPRIM] code=0x3c tp=0x28 span=1095x434 at(1129,729)
[BIGPRIM] code=0x3c tp=0x2c span=1524x1439 at(-1043,-1160)
[BIGPRIM] code=0x3c tp=0x2c span=1932x1317 at(-3398,-1131)
[BIGPRIM] code=0x3c tp=0x2c span=1110x944 at(-722,-626)
[BIGPRIM] code=0x3c tp=0x2c span=1428x1221 at(-3131,-2124)
[BIGPRIM] code=0x3c tp=0x2c span=1434x1221 at(-1118,-903)
[SFX] Sd_PlaySfx: sfxId=1382 (Sfx_Base+102) vol=255
[BIGPRIM] code=0x3c tp=0x2c span=1734x1447 at(-2837,-1665)
[BIGPRIM] code=0x3c tp=0x28 span=1923x1016 at(-1556,1179)
[BIGPRIM] code=0x3c tp=0x2c span=858x809 at(-11,-597)
[BIGPRIM] code=0x3c tp=0x28 span=2001x1118 at(-1634,1070)
[BIGPRIM] code=0x3c tp=0x2c span=828x739 at(-107,-758)
[BIGPRIM] code=0x3c tp=0x2c span=1440x982 at(-1325,-761)
[BIGPRIM] code=0x3c tp=0x2c span=1254x1182 at(-569,-1022)
[SFX] Sd_PlaySfx: sfxId=1381 (Sfx_Base+101) vol=255
[COLL-MISS] cell(4,2) pos(164,109) activeCount=4
[COLL-MISS]   slot cell(3,3) qIdx=201 loadState=2 isLoaded=1
[COLL-MISS]   slot cell(3,1) qIdx=210 loadState=2 isLoaded=1
[COLL-MISS]   slot cell(2,2) qIdx=208 loadState=2 isLoaded=1
[COLL-MISS]   slot cell(3,2) qIdx=199 loadState=2 isLoaded=1
[BIGPRIM] code=0x3c tp=0x2c span=888x738 at(-497,-710)
[BIGPRIM] code=0x3c tp=0x28 span=381x973 at(-8,1305)
[BIGPRIM] code=0x3c tp=0x28 span=1998x1305 at(895,851)
[BIGPRIM] code=0x3c tp=0x28 span=1740x1231 at(829,938)
[BIGPRIM] code=0x3c tp=0x2c span=1530x1363 at(-1304,-1713)
[BIGPRIM] code=0x3c tp=0x2c span=1338x1118 at(-1373,-1256)
[BIGPRIM] code=0x3c tp=0x28 span=1497x736 at(-1235,726)
[BIGPRIM] code=0x3c tp=0x2c span=1158x919 at(-1715,-1468)
[BIGPRIM] code=0x3c tp=0x2c span=1332x1228 at(-1658,-1610)
[BIGPRIM] code=0x3c tp=0x2c span=1704x1163 at(-2702,-1006)
[BIGPRIM] code=0x3c tp=0x28 span=1902x1285 at(871,871)
[BIGPRIM] code=0x3a tp=0xa span=1020x770 at(130,-25)
[BIGPRIM] code=0x3a tp=0xa span=1020x770 at(130,-25)
[BOOT0/TIM] PostLoadTim file=1142 'THR1601F.TIM' ss=0x4a8b img.u=0 img.v=0 tPage=0,24 clutX=96 clutY=0
[BOOT0/TIM] post ReadTIM: prect=0xfb6624 caddr=0xfb6580 paddr=0xfb662c mode=8
[BOOT0/TIM] pre pixel LoadImage rect=(512,256 64x256)
[BOOT0/TIM] pre CLUT LoadImage rect=(96,0 16x5)
[BOOT0/TIM] PostLoadTim done
[BIGPRIM] code=0x3a tp=0xa span=1020x770 at(130,-25)
[CHNK] n=4 s0=2,1,st3 s1=3,1,st3 s2=2,2,st3 s3=3,2,st3
[BIGPRIM] code=0x3c tp=0x2c span=1008x848 at(-1367,-675)
[BIGPRIM] code=0x3c tp=0x2c span=852x758 at(-935,-720)
[BIGPRIM] code=0x3c tp=0x2c span=1080x911 at(-1562,-748)
[BIGPRIM] code=0x3c tp=0x28 span=1686x109 at(-1436,2169)
[SPAWN-FIRE?] slot=13 allPass! npcFlags=0x4 flagsId=3 full=0 vblanks=1 ABOUT TO TRY SPAWN
[SPAWN-FIRE!] slot=13 gates passed â†’ entering spawn block, npcIdx will be assigned
[SPAWN] slot=13 -> npc[0] charaId=2 stateStep=2 pos=(116,64)
[SFX] Sd_PlaySfx: sfxId=1321 (Sfx_Base+41) vol=0
[BIGPRIM] code=0x3a tp=0xa span=1020x770 at(130,-25)
[BIGPRIM] code=0x3c tp=0x2c span=774x732 at(-1301,-533)
[BIGPRIM] code=0x3a tp=0xa span=1020x770 at(130,-25)
[BIGPRIM] code=0x3c tp=0x2c span=1404x1299 at(-3134,-1726)
[BIGPRIM] code=0x3c tp=0x2c span=1578x1342 at(-3221,-1224)
[BIGPRIM] code=0x3c tp=0x28 span=1008x1257 at(742,755)
[BIGPRIM] code=0x3a tp=0xa span=1020x770 at(130,-25)
[BIGPRIM] code=0x3c tp=0x28 span=1593x1179 at(1072,736)
[BIGPRIM] code=0x3c tp=0x28 span=2076x129 at(781,2169)
[BIGPRIM] code=0x3c tp=0x28 span=1932x755 at(-1304,1485)
[BIGPRIM] code=0x3a tp=0xa span=1020x770 at(130,-25)
[BIGPRIM] code=0x3c tp=0x28 span=1533x1186 at(34,983)
[BIGPRIM] code=0x3c tp=0x28 span=2037x1070 at(1078,1118)
[BIGPRIM] code=0x3c tp=0x28 span=1626x794 at(-1052,1420)
[BIGPRIM] code=0x3c tp=0x28 span=1533x523 at(-530,1710)
[BIGPRIM] code=0x3a tp=0xa span=1020x770 at(130,-25)
[BIGPRIM] code=0x3c tp=0x28 span=1680x755 at(-1220,1459)
[BIGPRIM] code=0x3c tp=0x28 span=1533x832 at(448,1382)
[BIGPRIM] code=0x3c tp=0x28 span=1095x469 at(-785,729)
[BIGPRIM] code=0x3c tp=0x28 span=1587x97 at(-794,2188)
[BIGPRIM] code=0x3a tp=0xa span=1020x770 at(130,-25)
[BIGPRIM] code=0x3c tp=0x28 span=1863x1160 at(844,1009)
[BIGPRIM] code=0x3c tp=0x28 span=1515x1244 at(298,919)
[BIGPRIM] code=0x3a tp=0xa span=1020x770 at(130,-25)
[BIGPRIM] code=0x3c tp=0x28 span=1461x1266 at(-20,916)
[BIGPRIM] code=0x3c tp=0x28 span=1860x1378 at(-1610,765)
[BIGPRIM] code=0x3c tp=0x28 span=2169x135 at(-452,2182)
[BIGPRIM] code=0x3c tp=0x28 span=2187x887 at(-896,1295)
[BIGPRIM] code=0x3c tp=0x28 span=2193x579 at(-668,1346)
[BIGPRIM] code=0x3c tp=0x28 span=1041x611 at(-773,703)
[BIGPRIM] code=0x3c tp=0x28 span=1311x1032 at(-773,861)
[BIGPRIM] code=0x3c tp=0x28 span=2193x537 at(-668,1356)
[BIGPRIM] code=0x3c tp=0x28 span=1041x611 at(-773,703)
[BIGPRIM] code=0x3c tp=0x28 span=1311x1032 at(-773,861)
[BIGPRIM] code=0x3c tp=0x28 span=2193x537 at(-668,1356)
[BIGPRIM] code=0x3c tp=0x28 span=1041x611 at(-773,703)
[BIGPRIM] code=0x3c tp=0x28 span=1311x1032 at(-773,861)
[BIGPRIM] code=0x3c tp=0x28 span=2193x537 at(-668,1356)
[BIGPRIM] code=0x3c tp=0x28 span=1041x611 at(-773,703)
[BIGPRIM] code=0x3c tp=0x28 span=1311x1032 at(-773,861)
[BIGPRIM] code=0x3c tp=0x28 span=2193x537 at(-668,1356)
[BIGPRIM] code=0x3c tp=0x28 span=1041x611 at(-773,703)
[BIGPRIM] code=0x3c tp=0x28 span=1311x1032 at(-773,861)
[BIGPRIM] code=0x3c tp=0x28 span=2193x537 at(-668,1356)
[BIGPRIM] code=0x3c tp=0x28 span=1041x611 at(-773,703)
[BIGPRIM] code=0x3c tp=0x28 span=1311x1032 at(-773,861)
[BIGPRIM] code=0x3c tp=0x28 span=2193x537 at(-668,1356)
[BIGPRIM] code=0x3c tp=0x28 span=1041x611 at(-773,703)
[RA] watch 84008: state=2 unlocked=1786116799 flags[4B4]=00 flags[4A1]=00 word4=0x00040000 setbits=52 map=10/4
[BIGPRIM] code=0x3c tp=0x28 span=1401x1012 at(559,874)
[BIGPRIM] code=0x3c tp=0x28 span=1848x987 at(-1025,906)
[BIGPRIM] code=0x3a tp=0xa span=1020x770 at(130,-25)
[BIGPRIM] code=0x3c tp=0x2c span=2184x1452 at(2617,-1324)
[BIGPRIM] code=0x3c tp=0x2c span=1482x1015 at(2968,-826)
[BIGPRIM] code=0x3c tp=0x2c span=858x809 at(2149,-588)
[BIGPRIM] code=0x3c tp=0x2c span=1566x1343 at(2926,-2439)
[BIGPRIM] code=0x3c tp=0x2c span=1320x1246 at(2161,-1115)
[BIGPRIM] code=0x3c tp=0x2c span=888x752 at(1909,-601)
[BIGPRIM] code=0x3c tp=0x28 span=1851x800 at(-746,1099)
[BIGPRIM] code=0x3c tp=0x28 span=1548x916 at(-635,996)
[BIGPRIM] code=0x3c tp=0x28 span=1080x1144 at(679,781)
[BIGPRIM] code=0x3c tp=0x2c span=942x790 at(2353,-684)
[BIGPRIM] code=0x3c tp=0x28 span=1305x681 at(-1097,723)
[BIGPRIM] code=0x3c tp=0x28 span=1485x713 at(-248,1173)
[BIGPRIM] code=0x3c tp=0x28 span=2268x900 at(1129,999)
[BIGPRIM] code=0x3c tp=0x28 span=1965x1063 at(-1517,855)
[BIGPRIM] code=0x3c tp=0x2c span=906x771 at(2560,-530)
[BIGPRIM] code=0x3c tp=0x2c span=1416x1336 at(2446,-1224)
[BIGPRIM] code=0x3c tp=0x2c span=2022x1542 at(2698,-1308)
[BIGPRIM] code=0x3c tp=0x2c span=1110x1047 at(2053,-874)
[BIGPRIM] code=0x3a tp=0xa span=1020x770 at(130,-25)
[BIGPRIM] code=0x3c tp=0x28 span=1440x1010 at(727,793)
[BIGPRIM] code=0x3c tp=0x2c span=1038x880 at(2059,-665)
[BIGPRIM] code=0x3c tp=0x28 span=1497x730 at(100,1131)
[BIGPRIM] code=0x3c tp=0x28 span=2100x1080 at(1003,819)
[BIGPRIM] code=0x3c tp=0x2c span=2106x1432 at(2656,-1407)
[BIGPRIM] code=0x3c tp=0x28 span=1065x910 at(115,787)
[BIGPRIM] code=0x3c tp=0x28 span=1494x630 at(919,1218)
[BIGPRIM] code=0x3c tp=0x2c span=876x752 at(2602,-1240)
[BIGPRIM] code=0x3c tp=0x28 span=1767x643 at(-914,1205)
[BIGPRIM] code=0x3c tp=0x28 span=1671x971 at(-908,922)
[SFX] Sd_PlaySfx: sfxId=1378 (Sfx_Base+98) vol=161
[BIGPRIM] code=0x3c tp=0x28 span=1836x482 at(-1244,1372)
[BIGPRIM] code=0x3c tp=0x28 span=1752x1080 at(-1592,800)
[BIGPRIM] code=0x3c tp=0x28 span=2013x926 at(-1592,954)
[SFX] Sd_PlaySfx: sfxId=1382 (Sfx_Base+102) vol=144
[BIGPRIM] code=0x3c tp=0x2c span=1620x1389 at(2899,-2761)
[BIGPRIM] code=0x3c tp=0x2c span=1098x1015 at(2158,-1063)
[SFX] Sd_PlaySfx: sfxId=1382 (Sfx_Base+102) vol=137
[BIGPRIM] code=0x3c tp=0x2c span=1818x1241 at(2593,-1282)
[BIGPRIM] code=0x3c tp=0x2c span=1434x950 at(1459,-877)
[SFX] Sd_PlaySfx: sfxId=1382 (Sfx_Base+102) vol=128
[BIGPRIM] code=0x3c tp=0x3a span=1023x126 at(556,610)
[BIGPRIM] code=0x3c tp=0x28 span=1188x511 at(-809,752)
[BIGPRIM] code=0x3c tp=0x3a span=1272x183 at(-626,591)
[BIGPRIM] code=0x3c tp=0x28 span=2157x1041 at(-62,768)
[SFX] Sd_PlaySfx: sfxId=1382 (Sfx_Base+102) vol=80
[BIGPRIM] code=0x3c tp=0x2c span=1104x874 at(2143,-1520)
[BIGPRIM] code=0x3c tp=0x28 span=1686x373 at(-1196,1372)
[BIGPRIM] code=0x3c tp=0x28 span=2061x1026 at(-1562,880)
[SFX] Sd_PlaySfx: sfxId=1382 (Sfx_Base+102) vol=0
[BIGPRIM] code=0x3c tp=0x28 span=1056x903 at(220,829)
[BIGPRIM] code=0x3c tp=0x28 span=1158x1058 at(112,851)
[SFX] Sd_PlaySfx: sfxId=1382 (Sfx_Base+102) vol=0
[BIGPRIM] code=0x3c tp=0x28 span=1110x1032 at(10,851)
[BIGPRIM] code=0x3c tp=0x28 span=1431x636 at(-410,1295)
[BIGPRIM] code=0x3c tp=0x28 span=1959x820 at(-1490,1092)
[SFX] Sd_PlaySfx: sfxId=1382 (Sfx_Base+102) vol=64
[BIGPRIM] code=0x3c tp=0x5c span=117x855 at(3592,-2674)
[BIGPRIM] code=0x3c tp=0x28 span=1308x743 at(811,1137)
[SFX] Sd_PlaySfx: sfxId=1382 (Sfx_Base+102) vol=127
[BIGPRIM] code=0x3a tp=0xa span=1020x770 at(130,-25)
[BIGPRIM] code=0x3c tp=0x28 span=1824x443 at(1081,1398)
[BIGPRIM] code=0x3c tp=0x28 span=1056x1122 at(250,790)
[SFX] Sd_PlaySfx: sfxId=1382 (Sfx_Base+102) vol=166
[BIGPRIM] code=0x3c tp=0x2c span=1038x982 at(1861,-793)
[BIGPRIM] code=0x3a tp=0xa span=1020x770 at(130,-25)
[SFX] Sd_PlaySfx: sfxId=1382 (Sfx_Base+102) vol=191
[BIGPRIM] code=0x3c tp=0x28 span=2136x270 at(871,1591)
[SFX] Sd_PlaySfx: sfxId=1382 (Sfx_Base+102) vol=202
[BIGPRIM] code=0x3c tp=0x28 span=1170x685 at(790,793)
[BIGPRIM] code=0x3c tp=0x28 span=1134x335 at(1090,793)
[SFX] Sd_PlaySfx: sfxId=1382 (Sfx_Base+102) vol=207
[BIGPRIM] code=0x3c tp=0x28 span=1323x1029 at(820,864)
[SH-XBOX] vblank 45600
[MEM] tick: free=2232KB (558 pages)
[BIGPRIM] code=0x3c tp=0x28 span=1524x942 at(1126,893)
[SFX] Sd_PlaySfx: sfxId=1382 (Sfx_Base+102) vol=208
[BIGPRIM] code=0x3c tp=0x28 span=2031x884 at(328,1022)
[SFX] Sd_PlaySfx: sfxId=1382 (Sfx_Base+102) vol=206
[BIGPRIM] code=0x3a tp=0xa span=1020x770 at(130,-25)
[BIGPRIM] code=0x3a tp=0xa span=1020x770 at(130,-25)
[SFX] Sd_PlaySfx: sfxId=1382 (Sfx_Base+102) vol=198
[BIGPRIM] code=0x3a tp=0xa span=1020x770 at(130,-25)
[SFX] Sd_PlaySfx: sfxId=1382 (Sfx_Base+102) vol=184
[BIGPRIM] code=0x3a tp=0xa span=1020x770 at(130,-25)
[SFX] Sd_PlaySfx: sfxId=1382 (Sfx_Base+102) vol=165
[BIGPRIM] code=0x3c tp=0x28 span=1290x823 at(-998,970)
[BIGPRIM] code=0x3a tp=0xa span=1020x770 at(130,-25)
[SFX] Sd_PlaySfx: sfxId=1382 (Sfx_Base+102) vol=133
[BIGPRIM] code=0x3c tp=0x28 span=2133x563 at(-1052,1227)
[SFX] Sd_PlaySfx: sfxId=1382 (Sfx_Base+102) vol=93
[BIGPRIM] code=0x3c tp=0x28 span=1527x897 at(886,822)
[BIGPRIM] code=0x3c tp=0x28 span=1206x424 at(-869,781)
[SFX] Sd_PlaySfx: sfxId=1382 (Sfx_Base+102) vol=56
[SFX] Sd_PlaySfx: sfxId=1379 (Sfx_Base+99) vol=30
[BIGPRIM] code=0x3c tp=0x28 span=1017x415 at(898,777)
[SFX] Sd_PlaySfx: sfxId=1382 (Sfx_Base+102) vol=12
[BIGPRIM] code=0x3a tp=0xa span=1020x770 at(130,-25)
[BIGPRIM] code=0x3c tp=0x28 span=981x839 at(673,723)
[SFX] Sd_PlaySfx: sfxId=1327 (Sfx_Base+47) vol=191
[SFX] Sd_PlaySfx: sfxId=1316 (Sfx_Base+36) vol=0
[BIGPRIM] code=0x3c tp=0x28 span=2031x514 at(-356,1674)
[BIGPRIM] code=0x3c tp=0x28 span=1500x1292 at(643,954)
[BIGPRIM] code=0x3c tp=0x28 span=1542x791 at(-452,1655)
[BIGPRIM] code=0x3c tp=0x28 span=1083x839 at(-566,768)
[BIGPRIM] code=0x3c tp=0x28 span=1653x1584 at(4,1215)
[CHNK] n=4 s0=2,1,st3 s1=3,1,st3 s2=2,2,st3 s3=3,2,st3
[SFX] Sd_PlaySfx: sfxId=1382 (Sfx_Base+102) vol=93
[BIGPRIM] code=0x3a tp=0xa span=1020x770 at(130,-25)
[SFX] Sd_PlaySfx: sfxId=1382 (Sfx_Base+102) vol=129
[BIGPRIM] code=0x3c tp=0x28 span=702x842 at(-47,620)
[BIGPRIM] code=0x3c tp=0x28 span=921x1141 at(469,687)
[SFX] Sd_PlaySfx: sfxId=1382 (Sfx_Base+102) vol=152
[BIGPRIM] code=0x3c tp=0x28 span=1371x1064 at(1039,713)
[SFX] Sd_PlaySfx: sfxId=1382 (Sfx_Base+102) vol=167
[BIGPRIM] code=0x3a tp=0xa span=1020x770 at(130,-25)
[BIGPRIM] code=0x3c tp=0x28 span=1305x1446 at(-761,768)
[SFX] Sd_PlaySfx: sfxId=1382 (Sfx_Base+102) vol=189
[BIGPRIM] code=0x3a tp=0xa span=1020x770 at(130,-25)
[BIGPRIM] code=0x3c tp=0x28 span=813x749 at(-377,687)
[SFX] Sd_PlaySfx: sfxId=1382 (Sfx_Base+102) vol=197
[BIGPRIM] code=0x3c tp=0x28 span=888x761 at(883,691)
[SFX] Sd_PlaySfx: sfxId=1382 (Sfx_Base+102) vol=196
[BIGPRIM] code=0x3a tp=0xa span=1020x770 at(130,-25)
[SFX] Sd_PlaySfx: sfxId=1382 (Sfx_Base+102) vol=187
[BIGPRIM] code=0x3c tp=0x28 span=1929x929 at(178,2346)
[SFX] Sd_PlaySfx: sfxId=1382 (Sfx_Base+102) vol=159
[BIGPRIM] code=0x3c tp=0x28 span=1893x592 at(-878,2786)
[SFX] Sd_PlaySfx: sfxId=1382 (Sfx_Base+102) vol=115
[BIGPRIM] code=0x3a tp=0xa span=1020x770 at(130,-25)
[BIGPRIM] code=0x3c tp=0x28 span=1899x711 at(-32,2590)
[SFX] Sd_PlaySfx: sfxId=1382 (Sfx_Base+102) vol=37
[BIGPRIM] code=0x3c tp=0x28 span=1899x591 at(394,2883)
[SFX] Sd_PlaySfx: sfxId=1382 (Sfx_Base+102) vol=20
[BIGPRIM] code=0x3c tp=0x28 span=945x986 at(-416,736)
[BIGPRIM] code=0x3c tp=0x28 span=1410x1083 at(-1181,752)
[SFX] Sd_PlaySfx: sfxId=1382 (Sfx_Base+102) vol=108
[BIGPRIM] code=0x3a tp=0xa span=1020x770 at(130,-25)
[SFX] Sd_PlaySfx: sfxId=1382 (Sfx_Base+102) vol=171
[BIGPRIM] code=0x3c tp=0x28 span=1308x855 at(-1157,707)
[SFX] Sd_PlaySfx: sfxId=1382 (Sfx_Base+102) vol=197
[BIGPRIM] code=0x3a tp=0xa span=1020x770 at(130,-25)
[BIGPRIM] code=0x3c tp=0x28 span=1902x572 at(1021,2600)
[SFX] Sd_PlaySfx: sfxId=1382 (Sfx_Base+102) vol=203
[BIGPRIM] code=0x3c tp=0x28 span=1104x711 at(-848,642)
[SFX] Sd_PlaySfx: sfxId=1382 (Sfx_Base+102) vol=204
[BIGPRIM] code=0x3c tp=0x28 span=1911x579 at(160,2542)
[BIGPRIM] code=0x3c tp=0x2c span=1512x1350 at(-3188,-1819)
[SFX] Sd_PlaySfx: sfxId=1382 (Sfx_Base+102) vol=194
[BIGPRIM] code=0x3c tp=0x28 span=1287x1600 at(832,797)
[BIGPRIM] code=0x3c tp=0x28 span=1506x1610 at(-527,1446)
[SFX] Sd_PlaySfx: sfxId=1382 (Sfx_Base+102) vol=179
[BIGPRIM] code=0x3c tp=0x28 span=1098x1440 at(715,793)
[BIGPRIM] code=0x3c tp=0x28 span=1884x1572 at(595,1549)
[SFX] Sd_PlaySfx: sfxId=1382 (Sfx_Base+102) vol=145
[BIGPRIM] code=0x3c tp=0x2c span=1014x694 at(-1451,-646)
[BIGPRIM] code=0x3c tp=0x28 span=1935x1363 at(-38,1835)
[SFX] Sd_PlaySfx: sfxId=1382 (Sfx_Base+102) vol=86
[BIGPRIM] code=0x3c tp=0x2c span=1308x893 at(-1880,-871)
[BIGPRIM] code=0x3c tp=0x2c span=1038x887 at(-1880,-1706)
[BIGPRIM] code=0x3c tp=0x2c span=1086x738 at(-2414,-591)
[BIGPRIM] code=0x3c tp=0x2c span=1338x1145 at(-2597,-2237)
[BIGPRIM] code=0x3a tp=0xa span=1020x770 at(130,-25)
[BIGPRIM] code=0x3c tp=0x2c span=1374x937 at(-3119,-793)
[BIGPRIM] code=0x3c tp=0x2c span=1962x1305 at(-2168,-1314)
[SFX] Sd_PlaySfx: sfxId=1382 (Sfx_Base+102) vol=79
[BIGPRIM] code=0x3c tp=0x2c span=1380x1170 at(-3122,-1224)
[BIGPRIM] code=0x3c tp=0x28 span=1935x1511 at(946,1648)
[BIGPRIM] code=0x3c tp=0x28 span=1353x1527 at(982,806)
[BIGPRIM] code=0x3c tp=0x2c span=1272x1202 at(-2708,-1125)
[BIGPRIM] code=0x3c tp=0x2c span=2004x1330 at(-3434,-1160)
[SFX] Sd_PlaySfx: sfxId=1382 (Sfx_Base+102) vol=124
[BIGPRIM] code=0x3c tp=0x28 span=1902x585 at(1063,2902)
[BIGPRIM] code=0x3c tp=0x28 span=1059x1276 at(751,768)
[BIGPRIM] code=0x3a tp=0xa span=1020x770 at(130,-25)
[SFX] Sd_PlaySfx: sfxId=1382 (Sfx_Base+102) vol=172
[BIGPRIM] code=0x3c tp=0x2c span=1008x668 at(-1256,-511)
[BIGPRIM] code=0x3c tp=0x28 span=1152x1256 at(859,765)
[BIGPRIM] code=0x3a tp=0xa span=1020x770 at(130,-25)
[SFX] Sd_PlaySfx: sfxId=1382 (Sfx_Base+102) vol=205
[BIGPRIM] code=0x3a tp=0xa span=1020x770 at(130,-25)
[SFX] Sd_PlaySfx: sfxId=1382 (Sfx_Base+102) vol=228
[BIGPRIM] code=0x3c tp=0x2c span=942x791 at(-1943,-816)
[BIGPRIM] code=0x3c tp=0x2c span=1080x913 at(-2330,-964)
[BIGPRIM] code=0x3c tp=0x2c span=1422x1311 at(-3143,-1388)
[BIGPRIM] code=0x3c tp=0x2c span=1008x771 at(-2120,-601)
[SFX] Sd_PlaySfx: sfxId=1382 (Sfx_Base+102) vol=240
[BIGPRIM] code=0x3c tp=0x2c span=1170x1105 at(-2303,-1070)
[BIGPRIM] code=0x3a tp=0xa span=1020x770 at(130,-25)
[BIGPRIM] code=0x3a tp=0xa span=1020x770 at(130,-25)
[SFX] Sd_PlaySfx: sfxId=1382 (Sfx_Base+102) vol=246
[BIGPRIM] code=0x3c tp=0x28 span=702x752 at(574,694)
[SFX] Sd_PlaySfx: sfxId=1382 (Sfx_Base+102) vol=249
[BIGPRIM] code=0x3c tp=0x28 span=1902x585 at(805,2876)
[BIGPRIM] code=0x3c tp=0x28 span=1944x1215 at(-1562,2034)
[BOOT0/TIM] PostLoadTim file=1165 'THR3501F.TIM' ss=0x4bf2 img.u=0 img.v=0 tPage=0,23 clutX=80 clutY=0
[BOOT0/TIM] post ReadTIM: prect=0xfb6784 caddr=0xfb6580 paddr=0xfb678c mode=8
[BOOT0/TIM] pre pixel LoadImage rect=(448,256 64x256)
[BOOT0/TIM] pre CLUT LoadImage rect=(80,0 16x16)
[BOOT0/TIM] PostLoadTim done
[BOOT0/TIM] PostLoadTim file=1166 'THR3501H.TIM' ss=0x4c03 img.u=0 img.v=0 tPage=0,26 clutX=128 clutY=0
[BOOT0/TIM] post ReadTIM: prect=0xfb6644 caddr=0xfb6580 paddr=0xfb664c mode=8
[BOOT0/TIM] pre pixel LoadImage rect=(640,256 32x256)
[BOOT0/TIM] pre CLUT LoadImage rect=(128,0 16x6)
[BOOT0/TIM] PostLoadTim done
[BIGPRIM] code=0x3a tp=0xa span=1020x770 at(130,-25)
[SFX] Sd_PlaySfx: sfxId=1381 (Sfx_Base+101) vol=252
[BOOT0/TIM] PostLoadTim file=1145 'THR1901F.TIM' ss=0x4abe img.u=0 img.v=0 tPage=0,22 clutX=64 clutY=0
[BOOT0/TIM] post ReadTIM: prect=0xfb6664 caddr=0xfb6580 paddr=0xfb666c mode=8
[BOOT0/TIM] pre pixel LoadImage rect=(384,256 64x256)
[BOOT0/TIM] pre CLUT LoadImage rect=(64,0 16x7)
[BOOT0/TIM] PostLoadTim done
[BIGPRIM] code=0x3c tp=0x28 span=1092x1093 at(910,748)
[BIGPRIM] code=0x3a tp=0xa span=1020x770 at(130,-25)
[BIGPRIM] code=0x3c tp=0x28 span=1899x610 at(142,2703)
[SFX] Sd_PlaySfx: sfxId=1381 (Sfx_Base+101) vol=253
[BIGPRIM] code=0x3c tp=0x28 span=1077x1501 at(-128,803)
[BIGPRIM] code=0x3a tp=0xa span=1020x770 at(130,-25)
[BIGPRIM] code=0x3c tp=0x28 span=1638x1552 at(-875,1594)
[SFX] Sd_PlaySfx: sfxId=1381 (Sfx_Base+101) vol=254
[BIGPRIM] code=0x3a tp=0xa span=1020x770 at(130,-25)
[SFX] Sd_PlaySfx: sfxId=1381 (Sfx_Base+101) vol=254
[BIGPRIM] code=0x3a tp=0xa span=1020x770 at(130,-25)
[BIGPRIM] code=0x3c tp=0x2c span=858x791 at(3022,-1099)
[BIGPRIM] code=0x3c tp=0x2c span=882x835 at(2653,-810)
[BIGPRIM] code=0x3c tp=0x28 span=1323x1546 at(928,806)
[BIGPRIM] code=0x3a tp=0xa span=1020x770 at(130,-25)
[BIGPRIM] code=0x3c tp=0x2c span=1296x1228 at(3061,-1260)
[SFX] Sd_PlaySfx: sfxId=1381 (Sfx_Base+101) vol=255
[BIGPRIM] code=0x3c tp=0x2c span=1368x1221 at(3025,-1658)
[BIGPRIM] code=0x3c tp=0x2c span=1956x1491 at(2731,-1369)
[BIGPRIM] code=0x3c tp=0x28 span=1047x649 at(-857,668)
[SFX] Sd_PlaySfx: sfxId=1381 (Sfx_Base+101) vol=255
[BIGPRIM] code=0x3c tp=0x28 span=954x1626 at(346,813)
[BIGPRIM] code=0x3c tp=0x28 span=1938x591 at(-1628,2735)
[SFX] Sd_PlaySfx: sfxId=1381 (Sfx_Base+101) vol=255
[BIGPRIM] code=0x3c tp=0x28 span=1917x1476 at(916,1690)
[BIGPRIM] code=0x3c tp=0x28 span=1911x1395 at(496,1803)
[BIGPRIM] code=0x3c tp=0x28 span=807x755 at(760,694)
[SPAWN-FIRE?] slot=13 allPass! npcFlags=0x4 flagsId=3 full=0 vblanks=1 ABOUT TO TRY SPAWN
[SPAWN-FIRE!] slot=13 gates passed â†’ entering spawn block, npcIdx will be assigned
[SPAWN] slot=13 -> npc[0] charaId=2 stateStep=2 pos=(116,64)
[SFX] Sd_PlaySfx: sfxId=1321 (Sfx_Base+41) vol=0
[BIGPRIM] code=0x3c tp=0x28 span=996x807 at(-662,700)
[BIGPRIM] code=0x3c tp=0x2c span=1230x816 at(2680,-726)
[BIGPRIM] code=0x3c tp=0x2c span=1296x1112 at(3061,-2092)
[BIGPRIM] code=0x3c tp=0x2c span=2256x1542 at(2581,-1523)
[BIGPRIM] code=0x3c tp=0x2c span=1368x1041 at(2614,-887)
[BIGPRIM] code=0x3c tp=0x2c span=1716x1310 at(2851,-1153)
[BIGPRIM] code=0x3c tp=0x28 span=780x1135 at(394,758)
[BIGPRIM] code=0x3c tp=0x28 span=963x1337 at(37,787)
[BIGPRIM] code=0x3c tp=0x28 span=909x740 at(958,687)
[BIGPRIM] code=0x3c tp=0x28 span=915x833 at(856,700)
[BIGPRIM] code=0x3a tp=0xa span=1020x770 at(130,-25)
[BIGPRIM] code=0x3c tp=0x2c span=1068x900 at(1441,-967)
[BIGPRIM] code=0x3c tp=0x2c span=1200x796 at(2191,-703)
[BIGPRIM] code=0x3c tp=0x2c span=1236x1061 at(2641,-1996)
[BIGPRIM] code=0x3c tp=0x2c span=1548x1028 at(2650,-951)
[BIGPRIM] code=0x3c tp=0x2c span=840x778 at(1735,-1112)
[SH-XBOX] vblank 46200
[MEM] tick: free=2232KB (558 pages)
[BIGPRIM] code=0x3c tp=0x2c span=822x778 at(1498,-781)
[BIGPRIM] code=0x3c tp=0x2c span=1380x1228 at(2881,-1642)
[BIGPRIM] code=0x3c tp=0x2c span=1800x1375 at(2563,-1218)
[BIGPRIM] code=0x3c tp=0x28 span=1035x1074 at(-578,748)
[BIGPRIM] code=0x3c tp=0x2c span=1662x1401 at(1342,-1677)
[BIGPRIM] code=0x3c tp=0x2c span=996x848 at(1465,-851)
[BIGPRIM] code=0x3c tp=0x2c span=1422x1189 at(1798,-1571)
[BIGPRIM] code=0x3c tp=0x28 span=1899x585 at(-182,2735)
[SFX] Sd_PlaySfx: sfxId=1381 (Sfx_Base+101) vol=254
[BIGPRIM] code=0x3a tp=0xa span=1020x770 at(130,-25)
[BIGPRIM] code=0x3c tp=0x28 span=939x881 at(-533,710)
[RA] http POST http://retroachievements.org/dorequest.php
[NET] POST retroachievements.org -> 200 (16 bytes)
[RA] http -> status=200 bodyLen=16 body='{"Success":true}'
[BIGPRIM] code=0x3c tp=0x2c span=1014x939 at(1261,-1051)
[SFX] Sd_PlaySfx: sfxId=1381 (Sfx_Base+101) vol=254
[BIGPRIM] code=0x3c tp=0x2c span=1098x925 at(823,-1060)
[BIGPRIM] code=0x3c tp=0x2c span=822x733 at(1372,-980)
[BIGPRIM] code=0x3c tp=0x28 span=1251x887 at(-1037,720)
[BIGPRIM] code=0x3c tp=0x2c span=1626x1080 at(1771,-1096)
[BIGPRIM] code=0x3c tp=0x28 span=1821x1485 at(-746,1687)
[BIGPRIM] code=0x3c tp=0x28 span=666x945 at(922,797)
[BIGPRIM] code=0x3c tp=0x2c span=1296x1195 at(1051,-1285)
[BIGPRIM] code=0x3c tp=0x2c span=1386x1099 at(1360,-1944)
[BIGPRIM] code=0x3c tp=0x28 span=456x842 at(799,784)
[BIGPRIM] code=0x3c tp=0x2c span=1506x1389 at(1651,-1967)
[SFX] Sd_PlaySfx: sfxId=1381 (Sfx_Base+101) vol=255
[BIGPRIM] code=0x3c tp=0x28 span=1935x592 at(214,2953)
[BIGPRIM] code=0x3a tp=0xa span=1020x770 at(130,-25)
[BIGPRIM] code=0x3c tp=0x2c span=1050x893 at(937,-813)
[BIGPRIM] code=0x3c tp=0x28 span=1974x611 at(-1376,2908)
[BIGPRIM] code=0x3c tp=0x28 span=858x1086 at(811,707)
[SFX] Sd_PlaySfx: sfxId=1381 (Sfx_Base+101) vol=255
[BIGPRIM] code=0x3c tp=0x2c span=1242x1151 at(1543,-1584)
[BIGPRIM] code=0x3c tp=0x2c span=1134x751 at(1222,-626)
[BIGPRIM] code=0x3c tp=0x2c span=1728x1324 at(1705,-1218)
[BIGPRIM] code=0x3c tp=0x2c span=792x745 at(1033,-668)
[BIGPRIM] code=0x3c tp=0x2c span=1572x1073 at(1018,-977)
[BIGPRIM] code=0x3c tp=0x2c span=900x772 at(1150,-1382)
[BIGPRIM] code=0x3c tp=0x2c span=996x855 at(1861,-1642)
[BIGPRIM] code=0x3a tp=0xa span=1020x770 at(130,-25)
[SFX] Sd_PlaySfx: sfxId=1381 (Sfx_Base+101) vol=255
[BIGPRIM] code=0x3a tp=0xa span=1020x770 at(130,-25)
[BIGPRIM] code=0x3c tp=0x28 span=891x1080 at(697,736)
[SFX] Sd_PlaySfx: sfxId=1381 (Sfx_Base+101) vol=254
[BIGPRIM] code=0x3a tp=0xa span=1020x770 at(130,-25)
[CHNK] n=4 s0=2,1,st3 s1=3,1,st3 s2=3,0,st3 s3=2,0,st3
[BIGPRIM] code=0x3c tp=0x28 span=2133x1575 at(-842,1417)
[SFX] Sd_PlaySfx: sfxId=1381 (Sfx_Base+101) vol=254
[SFX] Sd_PlaySfx: sfxId=1321 (Sfx_Base+41) vol=0
[BIGPRIM] code=0x3c tp=0x28 span=1524x1447 at(-14,1166)
[BIGPRIM] code=0x3c tp=0x28 span=1347x1604 at(76,887)
[BIGPRIM] code=0x3a tp=0xa span=1020x770 at(130,-25)
[BIGPRIM] code=0x3a tp=0xa span=1020x770 at(130,-25)
[BIGPRIM] code=0x3c tp=0x2c span=798x738 at(-899,-639)
[BIGPRIM] code=0x3c tp=0x2c span=1290x982 at(-1811,-729)
[BIGPRIM] code=0x3c tp=0x28 span=1344x1369 at(769,771)
[BIGPRIM] code=0x3c tp=0x2c span=768x726 at(-1025,-572)
[BIGPRIM] code=0x3c tp=0x28 span=720x726 at(-17,691)
[BIGPRIM] code=0x3c tp=0x28 span=1389x1584 at(-140,919)
[BIGPRIM] code=0x3c tp=0x28 span=1494x1350 at(922,771)
[BOOT0/TIM] PostLoadTim file=1159 'THR3101F.TIM' ss=0x4b9c img.u=0 img.v=0 tPage=0,25 clutX=112 clutY=0
[BOOT0/TIM] post ReadTIM: prect=0xfb66a4 caddr=0xfb6580 paddr=0xfb66ac mode=8
[BOOT0/TIM] pre pixel LoadImage rect=(576,256 64x256)
[BOOT0/TIM] pre CLUT LoadImage rect=(112,0 16x9)
[BOOT0/TIM] PostLoadTim done
[BIGPRIM] code=0x3c tp=0x28 span=1458x1611 at(679,835)
[BOOT0/TIM] PostLoadTim file=1160 'THR3102H.TIM' ss=0x4bad img.u=32 img.v=0 tPage=0,26 clutX=144 clutY=0
[BOOT0/TIM] post ReadTIM: prect=0xfb6624 caddr=0xfb6580 paddr=0xfb662c mode=8
[BOOT0/TIM] pre pixel LoadImage rect=(672,256 32x256)
[BOOT0/TIM] pre CLUT LoadImage rect=(144,0 16x5)
[BOOT0/TIM] PostLoadTim done
[BIGPRIM] code=0x3c tp=0x28 span=1056x1614 at(-209,819)
[BIGPRIM] code=0x3c tp=0x28 span=1557x1479 at(-326,1102)
[BIGPRIM] code=0x3c tp=0x28 span=1380x1611 at(535,822)
[SFX] Sd_PlaySfx: sfxId=1381 (Sfx_Base+101) vol=255
[BIGPRIM] code=0x3a tp=0xa span=1020x770 at(130,-25)
[BIGPRIM] code=0x3a tp=0xa span=1020x770 at(130,-25)
[BIGPRIM] code=0x3c tp=0x28 span=2046x1553 at(-1466,983)
[SFX] Sd_PlaySfx: sfxId=1381 (Sfx_Base+101) vol=255
[BIGPRIM] code=0x3a tp=0xa span=1020x770 at(130,-25)
[BIGPRIM] code=0x3c tp=0x2c span=918x790 at(-1307,-1378)
[BIGPRIM] code=0x3c tp=0x2c span=1356x1208 at(-3110,-1648)
[BIGPRIM] code=0x3c tp=0x2c span=834x739 at(-1262,-864)
[BIGPRIM] code=0x3c tp=0x2c span=1764x1492 at(-3296,-1742)
[BIGPRIM] code=0x3c tp=0x2c span=1206x919 at(-2504,-781)
[BIGPRIM] code=0x3c tp=0x2c span=900x752 at(-1133,-816)
[BIGPRIM] code=0x3c tp=0x28 span=2055x1598 at(-1886,880)
[BIGPRIM] code=0x3c tp=0x28 span=1980x997 at(-1646,1719)
[BIGPRIM] code=0x3c tp=0x28 span=2112x1617 at(1093,829)
[BIGPRIM] code=0x3c tp=0x28 span=2382x1526 at(-2186,1035)
[BIGPRIM] code=0x3c tp=0x28 span=996x997 at(-566,732)
[BIGPRIM] code=0x3c tp=0x28 span=1605x1603 at(-1163,855)
[BIGPRIM] code=0x3c tp=0x28 span=732x755 at(-23,697)
[BIGPRIM] code=0x3c tp=0x28 span=921x1543 at(-62,777)
[BIGPRIM] code=0x3c tp=0x28 span=1437x1623 at(-998,816)
[BIGPRIM] code=0x3c tp=0x28 span=2016x366 at(649,2465)
[BIGPRIM] code=0x3c tp=0x28 span=1827x1372 at(-596,1260)
[BIGPRIM] code=0x3c tp=0x28 span=1392x1613 at(-989,813)
[BIGPRIM] code=0x3c tp=0x28 span=894x813 at(-440,707)
[BIGPRIM] code=0x3c tp=0x28 span=2013x1208 at(268,1475)
[BIGPRIM] code=0x3c tp=0x28 span=1467x1508 at(262,1073)
[BIGPRIM] code=0x3c tp=0x28 span=2007x855 at(-272,1880)
[BIGPRIM] code=0x3c tp=0x28 span=1635x1443 at(-278,1170)
[BIGPRIM] code=0x3c tp=0x28 span=1533x1453 at(1102,1153)
[BIGPRIM] code=0x3c tp=0x28 span=1653x1591 at(982,912)
[BIGPRIM] code=0x3c tp=0x28 span=1467x1356 at(910,771)
[BIGPRIM] code=0x3c tp=0x28 span=1971x367 at(118,2471)
[BOOT0/TIM] PostLoadTim file=1167 'THR3601F.TIM' ss=0x4c0c img.u=0 img.v=0 tPage=0,24 clutX=96 clutY=0
[BOOT0/TIM] post ReadTIM: prect=0xfb6644 caddr=0xfb6580 paddr=0xfb664c mode=8
[BOOT0/TIM] pre pixel LoadImage rect=(512,256 64x256)
[BOOT0/TIM] pre CLUT LoadImage rect=(96,0 16x6)
[BOOT0/TIM] PostLoadTim done
[BIGPRIM] code=0x3c tp=0x28 span=1368x1520 at(649,784)
[BIGPRIM] code=0x3c tp=0x28 span=1278x1607 at(271,851)
[BIGPRIM] code=0x3c tp=0x28 span=1947x1610 at(1048,842)
[BIGPRIM] code=0x3a tp=0xa span=1020x770 at(130,-25)
[BIGPRIM] code=0x3c tp=0x28 span=1989x1164 at(-974,1539)
[BIGPRIM] code=0x3c tp=0x28 span=1476x1469 at(841,781)
[BIGPRIM] code=0x3a tp=0xa span=1020x770 at(130,-25)
[BIGPRIM] code=0x3c tp=0x28 span=1377x1623 at(526,816)
[BIGPRIM] code=0x3c tp=0x28 span=1248x1160 at(-1067,742)
[BIGPRIM] code=0x3c tp=0x28 span=1143x755 at(1021,691)
[BIGPRIM] code=0x3c tp=0x28 span=1839x1334 at(-602,1311)
[BIGPRIM] code=0x3c tp=0x28 span=1470x1527 at(841,1028)
[BIGPRIM] code=0x3c tp=0x28 span=1974x366 at(-1676,2407)
[BIGPRIM] code=0x3c tp=0x28 span=1188x1196 at(-911,755)
[BIGPRIM] code=0x3c tp=0x28 span=1221x1611 at(-470,835)
[BIGPRIM] code=0x3c tp=0x28 span=1974x1031 at(-1412,1562)
[BIGPRIM] code=0x3a tp=0xa span=1020x770 at(130,-25)
[BIGPRIM] code=0x3c tp=0x28 span=1167x951 at(-755,768)
[BIGPRIM] code=0x3c tp=0x28 span=1350x896 at(-959,797)
[BIGPRIM] code=0x3c tp=0x28 span=1581x305 at(937,1028)
[BIGPRIM] code=0x3c tp=0x28 span=1554x367 at(1027,806)
[BIGPRIM] code=0x3c tp=0x28 span=1131x447 at(-596,816)
[BIGPRIM] code=0x3c tp=0x28 span=1884x244 at(-1520,877)
[BIGPRIM] code=0x3a tp=0xa span=1020x770 at(130,-25)
[BIGPRIM] code=0x3a tp=0xa span=1020x770 at(130,-25)
[BIGPRIM] code=0x3c tp=0x28 span=1368x524 at(-1133,909)
[BIGPRIM] code=0x3c tp=0x28 span=1365x704 at(-104,1015)
[BIGPRIM] code=0x3c tp=0x28 span=2193x421 at(1120,1202)
[BIGPRIM] code=0x3c tp=0x28 span=1896x463 at(-77,1324)
[BIGPRIM] code=0x3a tp=0xa span=1020x770 at(130,-25)
[BIGPRIM] code=0x3a tp=0xa span=1020x770 at(130,-25)
[BIGPRIM] code=0x3c tp=0x28 span=1464x724 at(400,1018)
[SPAWN-FIRE?] slot=6 allPass! npcFlags=0x4 flagsId=3 full=0 vblanks=1 ABOUT TO TRY SPAWN
[SPAWN-FIRE!] slot=6 gates passed â†’ entering spawn block, npcIdx will be assigned
[SPAWN] slot=6 -> npc[0] charaId=2 stateStep=2 pos=(103,-20)
[SFX] Sd_PlaySfx: sfxId=1321 (Sfx_Base+41) vol=0
[BIGPRIM] code=0x3c tp=0x28 span=1029x816 at(556,951)
[BIGPRIM] code=0x3c tp=0x28 span=2190x518 at(1027,1163)
[BIGPRIM] code=0x3c tp=0x28 span=1767x459 at(268,1189)
[BIGPRIM] code=0x3c tp=0x28 span=1092x524 at(-698,916)
[SYSSTATE] dispatch sysState=3 mapEventData=0
[FOGST-GPU] clear=0xff000000
[BOOT0/TIM] PostLoadTim file=1910 'MR_0TOWN.TIM' ss=0x8998 img.u=32 img.v=0 tPage=0,7 clutX=480 clutY=255
[BOOT0/TIM] post ReadTIM: prect=0xfac5a4 caddr=0xfac580 paddr=0xfac5ac mode=8
[BOOT0/TIM] pre pixel LoadImage rect=(480,0 32x256)
[BOOT0/TIM] pre CLUT LoadImage rect=(480,255 16x1)
[BOOT0/TIM] PostLoadTim done
[BIGPRIM] code=0x3c tp=0x28 span=1950x447 at(595,1314)
[BIGPRIM] code=0x3c tp=0x28 span=1506x871 at(-896,964)
[BIGPRIM] code=0x3c tp=0x28 span=2148x1344 at(991,2304)
[SH-XBOX] GameState -> 15 (step 0)
[SFX] Sd_PlaySfx: sfxId=1308 (Sfx_Base+28) vol=0
[BOOT0/TIM] PostLoadTim file=1896 'MP_0TOWN.TIM' ss=0x8570 img.u=0 img.v=16 tPage=1,5 clutX=224 clutY=15
[BOOT0/TIM] post ReadTIM: prect=0xf99784 caddr=0xf99580 paddr=0xf9978c mode=9
[BOOT0/TIM] pre pixel LoadImage rect=(320,16 160x480)
[BOOT0/TIM] pre CLUT LoadImage rect=(224,15 256x1)
[BOOT0/TIM] PostLoadTim done
[SFX] Sd_PlaySfx: sfxId=1308 (Sfx_Base+28) vol=0
[SH-XBOX] vblank 46800
[MEM] tick: free=2232KB (558 pages)
[SH-XBOX] GameState -> 11 (step 0)
[SFX] Sd_PlaySfx: sfxId=1321 (Sfx_Base+41) vol=0
[BIGPRIM] code=0x3c tp=0x28 span=1047x463 at(820,867)
[FOGST-GPU] clear=0xff6c6474
[BIGPRIM] code=0x3c tp=0x28 span=1389x556 at(-614,842)
[BIGPRIM] code=0x3a tp=0xa span=1020x770 at(130,-25)
[FOGST-GPU] clear=0xff000000
[BOOT0/TIM] PostLoadTim file=1910 'MR_0TOWN.TIM' ss=0x8998 img.u=32 img.v=0 tPage=0,7 clutX=480 clutY=255
[BOOT0/TIM] post ReadTIM: prect=0xfac5a4 caddr=0xfac580 paddr=0xfac5ac mode=8
[BOOT0/TIM] pre pixel LoadImage rect=(480,0 32x256)
[BOOT0/TIM] pre CLUT LoadImage rect=(480,255 16x1)
[BOOT0/TIM] PostLoadTim done
[BIGPRIM] code=0x3a tp=0xa span=1020x770 at(130,-25)
[BIGPRIM] code=0x3a tp=0xa span=1020x770 at(130,-25)
[BIGPRIM] code=0x3a tp=0xa span=1020x770 at(130,-25)
[SH-XBOX] GameState -> 15 (step 0)
[SFX] Sd_PlaySfx: sfxId=1308 (Sfx_Base+28) vol=0
[BOOT0/TIM] PostLoadTim file=1896 'MP_0TOWN.TIM' ss=0x8570 img.u=0 img.v=16 tPage=1,5 clutX=224 clutY=15
[BOOT0/TIM] post ReadTIM: prect=0xf99784 caddr=0xf99580 paddr=0xf9978c mode=9
[BOOT0/TIM] pre pixel LoadImage rect=(320,16 160x480)
[BOOT0/TIM] pre CLUT LoadImage rect=(224,15 256x1)
[BOOT0/TIM] PostLoadTim done
[SH-XBOX] vblank 47400
[MEM] tick: free=2232KB (558 pages)
[SFX] Sd_PlaySfx: sfxId=1308 (Sfx_Base+28) vol=0
[SH-XBOX] GameState -> 11 (step 0)
[SFX] Sd_PlaySfx: sfxId=1321 (Sfx_Base+41) vol=0
[BIGPRIM] code=0x3c tp=0x28 span=2043x392 at(-1874,845)
[BIGPRIM] code=0x3a tp=0xa span=1020x770 at(130,-25)
[FOGST-GPU] clear=0xff6c6474
[BIGPRIM] code=0x3c tp=0x28 span=1320x325 at(-767,835)
[BIGPRIM] code=0x3c tp=0x28 span=1812x347 at(991,890)
[BIGPRIM] code=0x3c tp=0x28 span=1425x219 at(640,909)
[BIGPRIM] code=0x3c tp=0x28 span=1290x450 at(-1055,800)
[BIGPRIM] code=0x3c tp=0x28 span=1473x399 at(-1031,851)
[BIGPRIM] code=0x3c tp=0x28 span=2163x296 at(-1292,1115)
[BIGPRIM] code=0x3a tp=0xa span=1020x770 at(130,-25)
[BIGPRIM] code=0x3c tp=0x28 span=2238x1000 at(-2084,774)
[BIGPRIM] code=0x3a tp=0xa span=1020x770 at(130,-25)
[BIGPRIM] code=0x3c tp=0x28 span=1569x553 at(-938,1166)
[BIGPRIM] code=0x3a tp=0xa span=1020x770 at(130,-25)
[BIGPRIM] code=0x3c tp=0x28 span=2052x746 at(-1772,1012)
[BIGPRIM] code=0x3a tp=0xa span=1020x770 at(130,-25)
[BIGPRIM] code=0x3c tp=0x28 span=2034x798 at(-1706,973)
[BIGPRIM] code=0x3c tp=0x28 span=2010x784 at(-1670,980)
[CHNK] n=4 s0=3,-1,st3 s1=2,-1,st3 s2=3,0,st3 s3=2,0,st3
[BIGPRIM] code=0x3c tp=0x28 span=1971x746 at(-1634,1012)
[BIGPRIM] code=0x3c tp=0x28 span=1533x804 at(-62,967)
[BIGPRIM] code=0x3c tp=0x28 span=1776x727 at(946,819)
[BIGPRIM] code=0x3c tp=0x28 span=1533x835 at(-740,948)
[BIGPRIM] code=0x3c tp=0x28 span=1824x576 at(991,1150)
[BIGPRIM] code=0x3c tp=0x2c span=966x829 at(-2915,-1359)
[BIGPRIM] code=0x3c tp=0x2c span=1104x938 at(-2708,-723)
[BIGPRIM] code=0x3c tp=0x2c span=1638x1252 at(-3251,-989)
[BIGPRIM] code=0x3c tp=0x28 span=1869x553 at(1060,1173)
[BIGPRIM] code=0x3c tp=0x2c span=1170x1105 at(-2393,-935)
[BIGPRIM] code=0x3c tp=0x28 span=1569x926 at(-872,883)
[BIGPRIM] code=0x3c tp=0x28 span=1827x716 at(892,1035)
[BIGPRIM] code=0x3c tp=0x28 span=1185x533 at(-623,755)
[BIGPRIM] code=0x3a tp=0xa span=1020x770 at(130,-25)
[BIGPRIM] code=0x3c tp=0x28 span=1845x890 at(820,906)
[BIGPRIM] code=0x3c tp=0x28 span=1533x919 at(-116,890)
[BIGPRIM] code=0x3c tp=0x28 span=1533x923 at(172,880)
[BIGPRIM] code=0x3a tp=0xa span=1020x770 at(130,-25)
[BIGPRIM] code=0x3c tp=0x28 span=2004x926 at(877,877)
[BIGPRIM] code=0x3c tp=0x28 span=1584x794 at(679,867)
[BIGPRIM] code=0x3c tp=0x28 span=336x842 at(142,-2931)
[SFX] Sd_PlaySfx: sfxId=1378 (Sfx_Base+98) vol=156
[BIGPRIM] code=0x3c tp=0x28 span=732x1180 at(349,-1276)
[BIGPRIM] code=0x3c tp=0x28 span=1563x880 at(-92,855)
[BIGPRIM] code=0x3c tp=0x28 span=207x759 at(64,-2931)
[BIGPRIM] code=0x3c tp=0x28 span=1497x893 at(298,845)
[BIGPRIM] code=0x3c tp=0x28 span=2586x887 at(1123,858)
[SFX] Sd_PlaySfx: sfxId=1381 (Sfx_Base+101) vol=79
[BIGPRIM] code=0x3c tp=0x28 span=963x743 at(-452,838)
[BOOT0/TIM] PostLoadTim file=1161 'THR3201F.TIM' ss=0x4bb6 img.u=0 img.v=0 tPage=0,23 clutX=80 clutY=0
[BOOT0/TIM] post ReadTIM: prect=0xfb66c4 caddr=0xfb6580 paddr=0xfb66cc mode=8
[BOOT0/TIM] pre pixel LoadImage rect=(448,256 64x256)
[BOOT0/TIM] pre CLUT LoadImage rect=(80,0 16x10)
[BOOT0/TIM] PostLoadTim done
[BIGPRIM] code=0x3c tp=0x28 span=1707x685 at(-1496,838)
[BIGPRIM] code=0x3c tp=0x28 span=2019x711 at(-1796,822)
[SFX] Sd_PlaySfx: sfxId=1381 (Sfx_Base+101) vol=0
[BIGPRIM] code=0x3c tp=0x28 span=1065x695 at(205,838)
[BIGPRIM] code=0x3c tp=0x28 span=1521x376 at(850,1166)
[BIGPRIM] code=0x3c tp=0x28 span=1191x312 at(955,832)
[BIGPRIM] code=0x3c tp=0x2c span=2160x1432 at(-1613,-1333)
[BIGPRIM] code=0x3c tp=0x2c span=1902x1266 at(-1244,-1125)
[BIGPRIM] code=0x3c tp=0x2c span=1008x770 at(-1730,-414)
[BIGPRIM] code=0x3c tp=0x2c span=1320x1246 at(-749,-1121)
[BIGPRIM] code=0x3c tp=0x2c span=1068x983 at(-356,-1211)
[SFX] Sd_PlaySfx: sfxId=1381 (Sfx_Base+101) vol=36
[BIGPRIM] code=0x3c tp=0x2c span=1200x1137 at(-464,-986)
[BIGPRIM] code=0x3c tp=0x2c span=1254x854 at(-1661,-591)
[BIGPRIM] code=0x3c tp=0x2c span=1254x854 at(-1577,-591)
[BIGPRIM] code=0x3c tp=0x2c span=840x776 at(-932,-568)
[BIGPRIM] code=0x3c tp=0x28 span=1308x646 at(766,816)
[BIGPRIM] code=0x3c tp=0x2c span=840x777 at(-824,-572)
[BIGPRIM] code=0x3c tp=0x28 span=1614x640 at(949,816)
[BIGPRIM] code=0x3a tp=0xa span=1020x770 at(130,-25)
[BIGPRIM] code=0x3c tp=0x28 span=1173x624 at(709,793)
[SFX] Sd_PlaySfx: sfxId=1381 (Sfx_Base+101) vol=62
[BIGPRIM] code=0x3c tp=0x2c span=1080x964 at(130,-1102)
[BIGPRIM] code=0x3c tp=0x28 span=237x1096 at(1024,128)
[BIGPRIM] code=0x3c tp=0x2c span=852x726 at(-851,-440)
[BIGPRIM] code=0x3c tp=0x2c span=930x790 at(-950,-514)
[BIGPRIM] code=0x3c tp=0x2c span=1338x1022 at(-1373,-691)
[BIGPRIM] code=0x3c tp=0x2c span=1554x1189 at(-1700,-871)
[BIGPRIM] code=0x3c tp=0x2c span=1854x1420 at(-2150,-1125)
[BIGPRIM] code=0x3c tp=0x5c span=1032x124 at(1861,-83)
[SFX] Sd_PlaySfx: sfxId=1381 (Sfx_Base+101) vol=52
[FOGST-GPU] clear=0xff000000
[BIGPRIM] code=0x3c tp=0x2c span=1728x1485 at(-2390,-2696)
[BOOT0/TIM] PostLoadTim file=1910 'MR_0TOWN.TIM' ss=0x8998 img.u=32 img.v=0 tPage=0,7 clutX=480 clutY=255
[BOOT0/TIM] post ReadTIM: prect=0xfac5a4 caddr=0xfac580 paddr=0xfac5ac mode=8
[BOOT0/TIM] pre pixel LoadImage rect=(480,0 32x256)
[BOOT0/TIM] pre CLUT LoadImage rect=(480,255 16x1)
[BOOT0/TIM] PostLoadTim done
[BIGPRIM] code=0x3c tp=0x2c span=1800x1550 at(-2522,-2835)
[BIGPRIM] code=0x3c tp=0x28 span=1533x395 at(-752,1311)
[BIGPRIM] code=0x3c tp=0x28 span=1572x401 at(781,1305)
[BIGPRIM] code=0x3c tp=0x5c span=1137x720 at(1444,-752)
[BIGPRIM] code=0x3c tp=0x28 span=1533x395 at(-752,1311)
[SFX] Sd_PlaySfx: sfxId=1381 (Sfx_Base+101) vol=17
[BIGPRIM] code=0x3a tp=0xa span=1020x770 at(130,-25)
[BIGPRIM] code=0x3c tp=0x5c span=1503x1019 at(508,192)
[SH-XBOX] GameState -> 15 (step 0)
[SFX] Sd_PlaySfx: sfxId=1308 (Sfx_Base+28) vol=0
[BOOT0/TIM] PostLoadTim file=1896 'MP_0TOWN.TIM' ss=0x8570 img.u=0 img.v=16 tPage=1,5 clutX=224 clutY=15
[BOOT0/TIM] post ReadTIM: prect=0xf99784 caddr=0xf99580 paddr=0xf9978c mode=9
[BOOT0/TIM] pre pixel LoadImage rect=(320,16 160x480)
[BOOT0/TIM] pre CLUT LoadImage rect=(224,15 256x1)
[BOOT0/TIM] PostLoadTim done
[VIB] rumble l=0 h=4096 (engine -> motors live)
[SH-XBOX] vblank 48000
[MEM] tick: free=2232KB (558 pages)
[SFX] Sd_PlaySfx: sfxId=1308 (Sfx_Base+28) vol=0
[SH-XBOX] GameState -> 11 (step 0)
[SFX] Sd_PlaySfx: sfxId=1321 (Sfx_Base+41) vol=0
[BIGPRIM] code=0x3a tp=0xa span=1020x770 at(130,-25)
[BIGPRIM] code=0x3c tp=0x28 span=1395x977 at(-140,819)
[BIGPRIM] code=0x3c tp=0x28 span=969x769 at(763,748)
[BIGPRIM] code=0x3c tp=0x39 span=2097x1292 at(-848,1629)
[SFX] Sd_PlaySfx: sfxId=1381 (Sfx_Base+101) vol=0
[FOGST-GPU] clear=0xff6c6474
[BIGPRIM] code=0x3c tp=0x2c span=990x655 at(1663,-340)
[BIGPRIM] code=0x3c tp=0x2c span=1518x1402 at(937,-1922)
[BIGPRIM] code=0x3c tp=0x2c span=1296x1196 at(895,-1575)
[BIGPRIM] code=0x3c tp=0x28 span=1341x939 at(-998,832)
[BIGPRIM] code=0x3c tp=0x28 span=1554x926 at(-1154,845)
[BIGPRIM] code=0x3c tp=0x2c span=1272x1202 at(610,-1067)
[BIGPRIM] code=0x3c tp=0x2c span=1368x931 at(1210,-732)
[BIGPRIM] code=0x3c tp=0x2c span=1050x938 at(604,-1063)
[SFX] Sd_PlaySfx: sfxId=1381 (Sfx_Base+101) vol=0
[BIGPRIM] code=0x3c tp=0x28 span=1926x810 at(-1418,967)
[BIGPRIM] code=0x3c tp=0x2c span=1470x1253 at(634,-1125)
[BIGPRIM] code=0x3c tp=0x2c span=1278x1086 at(610,-919)
[BIGPRIM] code=0x3c tp=0x28 span=1467x623 at(-470,1115)
[BIGPRIM] code=0x3c tp=0x28 span=1713x637 at(-404,1108)
[SFX] Sd_PlaySfx: sfxId=1381 (Sfx_Base+101) vol=0
[BIGPRIM] code=0x3a tp=0xa span=1020x770 at(130,-25)
[BIGPRIM] code=0x3c tp=0x28 span=966x1016 at(-170,787)
[BIGPRIM] code=0x3c tp=0x28 span=2145x727 at(-14,1063)
[BIGPRIM] code=0x3c tp=0x28 span=2133x762 at(142,1047)
[BIGPRIM] code=0x3c tp=0x28 span=2148x588 at(-1838,1195)
[BIGPRIM] code=0x3c tp=0x28 span=2094x478 at(-1622,1305)
[BIGPRIM] code=0x3c tp=0x28 span=1422x781 at(643,996)
[SFX] Sd_PlaySfx: sfxId=1381 (Sfx_Base+101) vol=0
[BIGPRIM] code=0x3c tp=0x2c span=1200x1028 at(1423,-1738)
[BIGPRIM] code=0x3c tp=0x28 span=2265x932 at(-1952,858)
[BIGPRIM] code=0x3c tp=0x2c span=948x892 at(-134,-684)
[FOGST-GPU] clear=0xff000000
[BIGPRIM] code=0x3c tp=0x2c span=1476x1361 at(955,-1333)
[BOOT0/TIM] PostLoadTim file=1910 'MR_0TOWN.TIM' ss=0x8998 img.u=32 img.v=0 tPage=0,7 clutX=480 clutY=255
[BOOT0/TIM] post ReadTIM: prect=0xfac5a4 caddr=0xfac580 paddr=0xfac5ac mode=8
[BOOT0/TIM] pre pixel LoadImage rect=(480,0 32x256)
[BOOT0/TIM] pre CLUT LoadImage rect=(480,255 16x1)
[BOOT0/TIM] PostLoadTim done
[BIGPRIM] code=0x3c tp=0x28 span=2232x758 at(-2078,1006)
[SFX] Sd_PlaySfx: sfxId=1381 (Sfx_Base+101) vol=0
[BIGPRIM] code=0x3c tp=0x39 span=1794x990 at(907,819)
[BIGPRIM] code=0x3c tp=0x2c span=1746x1195 at(982,-996)
[BIGPRIM] code=0x3c tp=0x28 span=972x502 at(-494,745)
[BIGPRIM] code=0x3c tp=0x2c span=1068x1009 at(-230,-829)
[BIGPRIM] code=0x3c tp=0x2c span=1140x757 at(-410,-504)
[BIGPRIM] code=0x3c tp=0x2c span=864x816 at(-1007,-723)
[SH-XBOX] GameState -> 15 (step 0)
[SFX] Sd_PlaySfx: sfxId=1308 (Sfx_Base+28) vol=0
[BOOT0/TIM] PostLoadTim file=1896 'MP_0TOWN.TIM' ss=0x8570 img.u=0 img.v=16 tPage=1,5 clutX=224 clutY=15
[BOOT0/TIM] post ReadTIM: prect=0xf99784 caddr=0xf99580 paddr=0xf9978c mode=9
[BOOT0/TIM] pre pixel LoadImage rect=(320,16 160x480)
[BOOT0/TIM] pre CLUT LoadImage rect=(224,15 256x1)
[BOOT0/TIM] PostLoadTim done
[SFX] Sd_PlaySfx: sfxId=1308 (Sfx_Base+28) vol=0
[VRAM] decode #32256
[SH-XBOX] GameState -> 11 (step 0)
[SFX] Sd_PlaySfx: sfxId=1321 (Sfx_Base+41) vol=0
[BIGPRIM] code=0x3c tp=0x39 span=1794x990 at(907,819)
[BIGPRIM] code=0x3c tp=0x28 span=1146x955 at(22,790)
[SFX] Sd_PlaySfx: sfxId=1381 (Sfx_Base+101) vol=0
[BIGPRIM] code=0x3c tp=0x39 span=1761x942 at(940,867)
[BIGPRIM] code=0x3a tp=0xa span=1020x770 at(130,-25)
[BIGPRIM] code=0x3c tp=0x2c span=792x732 at(1516,-395)
[BIGPRIM] code=0x3c tp=0x2c span=882x815 at(1612,-491)
[BIGPRIM] code=0x3c tp=0x2c span=780x738 at(-776,-459)
[FOGST-GPU] clear=0xff6c6474
[BIGPRIM] code=0x3c tp=0x28 span=2043x977 at(-1526,864)
[BIGPRIM] code=0x3c tp=0x2c span=1224x1130 at(1990,-835)
[BIGPRIM] code=0x3c tp=0x28 span=1701x418 at(-2,1333)
[SFX] Sd_PlaySfx: sfxId=1381 (Sfx_Base+101) vol=21
[BIGPRIM] code=0x3c tp=0x2c span=918x816 at(-1091,-822)
[BIGPRIM] code=0x3c tp=0x28 span=1767x951 at(-1574,810)
[BIGPRIM] code=0x3c tp=0x2c span=1074x912 at(-1001,-649)
[BIGPRIM] code=0x3c tp=0x28 span=1194x794 at(634,784)
[BIGPRIM] code=0x3c tp=0x2c span=1938x1639 at(-611,-1767)
[BIGPRIM] code=0x3c tp=0x5c span=753x1151 at(-602,-1967)
[SH-XBOX] vblank 48600
[MEM] tick: free=2232KB (558 pages)
[BIGPRIM] code=0x3c tp=0x2c span=1512x1285 at(-1667,-1080)
[BIGPRIM] code=0x3c tp=0x2c span=960x809 at(-836,-620)
[BIGPRIM] code=0x3c tp=0x5c span=1188x418 at(1297,-1176)
[BIGPRIM] code=0x3a tp=0xa span=1020x770 at(130,-25)
[SFX] Sd_PlaySfx: sfxId=1381 (Sfx_Base+101) vol=64
[BIGPRIM] code=0x3c tp=0x2c span=1236x847 at(-1556,-581)
[BIGPRIM] code=0x3c tp=0x28 span=993x344 at(-821,713)
[BIGPRIM] code=0x3c tp=0x28 span=999x399 at(904,716)
[BIGPRIM] code=0x3c tp=0x28 span=2136x829 at(1009,781)
[RA] watch 84008: state=2 unlocked=1786116799 flags[4B4]=00 flags[4A1]=00 word4=0x00040000 setbits=53 map=10/4
[SFX] Sd_PlaySfx: sfxId=1381 (Sfx_Base+101) vol=98
[BIGPRIM] code=0x3c tp=0x28 span=1860x543 at(-1340,1022)
[BIGPRIM] code=0x3a tp=0xa span=1020x770 at(130,-25)
[FOGST-GPU] clear=0xff000000
[BOOT0/TIM] PostLoadTim file=1910 'MR_0TOWN.TIM' ss=0x8998 img.u=32 img.v=0 tPage=0,7 clutX=480 clutY=255
[BOOT0/TIM] post ReadTIM: prect=0xfac5a4 caddr=0xfac580 paddr=0xfac5ac mode=8
[BOOT0/TIM] pre pixel LoadImage rect=(480,0 32x256)
[BOOT0/TIM] pre CLUT LoadImage rect=(480,255 16x1)
[BOOT0/TIM] PostLoadTim done
[BIGPRIM] code=0x3c tp=0x28 span=2229x971 at(-2069,832)
[SFX] Sd_PlaySfx: sfxId=1381 (Sfx_Base+101) vol=90
[BIGPRIM] code=0x3c tp=0x28 span=1539x801 at(346,970)
[SH-XBOX] GameState -> 15 (step 0)
[SFX] Sd_PlaySfx: sfxId=1308 (Sfx_Base+28) vol=0
[BOOT0/TIM] PostLoadTim file=1896 'MP_0TOWN.TIM' ss=0x8570 img.u=0 img.v=16 tPage=1,5 clutX=224 clutY=15
[BOOT0/TIM] post ReadTIM: prect=0xf99784 caddr=0xf99580 paddr=0xf9978c mode=9
[BOOT0/TIM] pre pixel LoadImage rect=(320,16 160x480)
[BOOT0/TIM] pre CLUT LoadImage rect=(224,15 256x1)
[BOOT0/TIM] PostLoadTim done
[SFX] Sd_PlaySfx: sfxId=1308 (Sfx_Base+28) vol=0
[SH-XBOX] GameState -> 11 (step 0)
[SFX] Sd_PlaySfx: sfxId=1321 (Sfx_Base+41) vol=0
[BIGPRIM] code=0x3c tp=0x28 span=2025x987 at(-1868,816)
[SFX] Sd_PlaySfx: sfxId=1381 (Sfx_Base+101) vol=69
[BIGPRIM] code=0x3c tp=0x5c span=666x746 at(-2054,-1298)
[BIGPRIM] code=0x3c tp=0x28 span=918x987 at(-83,803)
[FOGST-GPU] clear=0xff6c6474
[BIGPRIM] code=0x3c tp=0x28 span=1983x781 at(-644,1002)
[SFX] Sd_PlaySfx: sfxId=1381 (Sfx_Base+101) vol=60
[BIGPRIM] code=0x3a tp=0xa span=1020x770 at(130,-25)
[BIGPRIM] code=0x3c tp=0x28 span=2334x1019 at(-2150,797)
[BIGPRIM] code=0x3c tp=0x2c span=1602x1092 at(-2666,-977)
[BIGPRIM] code=0x3c tp=0x2c span=1572x1401 at(-3218,-1851)
[BIGPRIM] code=0x3c tp=0x28 span=1563x392 at(-554,1314)
[BIGPRIM] code=0x3c tp=0x28 span=1947x161 at(-1340,1520)
[SFX] Sd_PlaySfx: sfxId=1381 (Sfx_Base+101) vol=45
[BIGPRIM] code=0x3c tp=0x28 span=1527x842 at(-1271,713)
[BIGPRIM] code=0x3c tp=0x28 span=1413x656 at(1084,739)
[SFX] Sd_PlaySfx: sfxId=1381 (Sfx_Base+101) vol=47
[BIGPRIM] code=0x3c tp=0x28 span=2073x241 at(454,1530)
[BIGPRIM] code=0x3a tp=0xa span=1020x770 at(130,-25)
[BIGPRIM] code=0x3c tp=0x28 span=2061x511 at(28,1279)
[BIGPRIM] code=0x3c tp=0x28 span=1011x1035 at(-278,781)
[BIGPRIM] code=0x3c tp=0x28 span=1635x788 at(-86,989)
[SFX] Sd_PlaySfx: sfxId=1381 (Sfx_Base+101) vol=81
[BIGPRIM] code=0x3c tp=0x28 span=2241x932 at(-1784,890)
[BIGPRIM] code=0x3c tp=0x5c span=1182x225 at(-2432,-392)
[BIGPRIM] code=0x3c tp=0x28 span=1941x656 at(1003,1102)
[BIGPRIM] code=0x3c tp=0x2c span=834x771 at(-2489,-893)
[BIGPRIM] code=0x3c tp=0x2c span=1308x1234 at(-3086,-1144)
[BIGPRIM] code=0x3c tp=0x2c span=1446x1368 at(-3155,-1317)
[BIGPRIM] code=0x3c tp=0x2c span=1638x1549 at(-3251,-1546)
[SFX] Sd_PlaySfx: sfxId=1381 (Sfx_Base+101) vol=113
[BIGPRIM] code=0x34 tp=0x5c span=252x1025 at(-2432,-1227)
[BIGPRIM] code=0x3c tp=0x28 span=1563x820 at(-32,970)
[BIGPRIM] code=0x3c tp=0x28 span=1938x1039 at(1051,777)
[SFX] Sd_PlaySfx: sfxId=1381 (Sfx_Base+101) vol=140
[BIGPRIM] code=0x3c tp=0x28 span=1401x813 at(628,970)
[BOOT0/TIM] PostLoadTim file=1165 'THR3501F.TIM' ss=0x4bf2 img.u=0 img.v=0 tPage=0,23 clutX=80 clutY=0
[BOOT0/TIM] post ReadTIM: prect=0xfb6784 caddr=0xfb6580 paddr=0xfb678c mode=8
[BOOT0/TIM] pre pixel LoadImage rect=(448,256 64x256)
[BOOT0/TIM] pre CLUT LoadImage rect=(80,0 16x16)
[BOOT0/TIM] PostLoadTim done
[BIGPRIM] code=0x3a tp=0xa span=1020x770 at(130,-25)
[BIGPRIM] code=0x3c tp=0x28 span=2274x913 at(-1850,903)
[SFX] Sd_PlaySfx: sfxId=1381 (Sfx_Base+101) vol=159
[BIGPRIM] code=0x3a tp=0xa span=1020x770 at(130,-25)
[BIGPRIM] code=0x3c tp=0x28 span=1617x948 at(1000,829)
[BIGPRIM] code=0x3c tp=0x28 span=2091x550 at(-1304,1253)
[BIGPRIM] code=0x3c tp=0x28 span=2091x707 at(238,1115)
[BIGPRIM] code=0x3c tp=0x28 span=2115x736 at(-1580,1035)
[SFX] Sd_PlaySfx: sfxId=1381 (Sfx_Base+101) vol=178
[BIGPRIM] code=0x3c tp=0x28 span=2088x514 at(-1940,1282)
[BIGPRIM] code=0x3a tp=0xa span=1020x770 at(130,-25)
[BIGPRIM] code=0x3c tp=0x28 span=2091x482 at(-62,1308)
[BIGPRIM] code=0x3c tp=0x28 span=2082x736 at(-1406,1035)
[BIGPRIM] code=0x3c tp=0x28 span=1080x720 at(-578,768)
[SFX] Sd_PlaySfx: sfxId=1381 (Sfx_Base+101) vol=177
[BIGPRIM] code=0x3c tp=0x28 span=1509x874 at(-254,922)
[BIGPRIM] code=0x3c tp=0x28 span=975x350 at(-674,726)
[SFX] Sd_PlaySfx: sfxId=1381 (Sfx_Base+101) vol=176
[BIGPRIM] code=0x3c tp=0x28 span=1698x945 at(-1046,871)
[BIGPRIM] code=0x3a tp=0xa span=1020x770 at(130,-25)
[BIGPRIM] code=0x3c tp=0x28 span=1665x965 at(766,838)
[SFX] Sd_PlaySfx: sfxId=1381 (Sfx_Base+101) vol=189
[BIGPRIM] code=0x3c tp=0x28 span=1614x746 at(823,1012)
[BIGPRIM] code=0x3c tp=0x28 span=1188x904 at(-152,806)
[BIGPRIM] code=0x3c tp=0x28 span=2418x913 at(-2180,890)
[BIGPRIM] code=0x3c tp=0x28 span=2478x990 at(1081,826)
[SFX] Sd_PlaySfx: sfxId=1381 (Sfx_Base+101) vol=200
[BIGPRIM] code=0x3c tp=0x28 span=1557x958 at(106,864)
[BIGPRIM] code=0x3c tp=0x28 span=1557x665 at(-230,1080)
[BIGPRIM] code=0x3c tp=0x28 span=1473x967 at(40,842)
[BIGPRIM] code=0x3a tp=0xa span=1020x770 at(130,-25)
[BIGPRIM] code=0x3c tp=0x28 span=1479x984 at(238,832)
[CHNK] n=4 s0=3,-1,st3 s1=2,-1,st3 s2=3,0,st3 s3=2,0,st3
[SFX] Sd_PlaySfx: sfxId=1381 (Sfx_Base+101) vol=210
[BIGPRIM] code=0x3c tp=0x28 span=1317x498 at(970,758)
[BIGPRIM] code=0x3c tp=0x28 span=1401x566 at(-1187,771)
[BIGPRIM] code=0x3c tp=0x28 span=1764x862 at(-1160,928)
[BIGPRIM] code=0x3a tp=0xa span=1020x770 at(130,-25)
[SFX] Sd_PlaySfx: sfxId=1381 (Sfx_Base+101) vol=220
[BIGPRIM] code=0x3c tp=0x28 span=1683x492 at(-962,1221)
[BIGPRIM] code=0x3a tp=0xa span=1020x770 at(130,-25)
[SFX] Sd_PlaySfx: sfxId=1381 (Sfx_Base+101) vol=227
[BIGPRIM] code=0x3c tp=0x28 span=999x444 at(-554,745)
[BIGPRIM] code=0x3c tp=0x28 span=1560x589 at(781,1137)
[BIGPRIM] code=0x3c tp=0x28 span=1479x540 at(1024,765)
[SFX] Sd_PlaySfx: sfxId=1381 (Sfx_Base+101) vol=231
[BIGPRIM] code=0x3c tp=0x28 span=1743x447 at(-1166,1266)
[FOGST-GPU] clear=0xff000000
[BOOT0/TIM] PostLoadTim file=1910 'MR_0TOWN.TIM' ss=0x8998 img.u=32 img.v=0 tPage=0,7 clutX=480 clutY=255
[BOOT0/TIM] post ReadTIM: prect=0xfac5a4 caddr=0xfac580 paddr=0xfac5ac mode=8
[BOOT0/TIM] pre pixel LoadImage rect=(480,0 32x256)
[BOOT0/TIM] pre CLUT LoadImage rect=(480,255 16x1)
[BOOT0/TIM] PostLoadTim done
[BIGPRIM] code=0x3c tp=0x28 span=1407x981 at(-731,835)
[BIGPRIM] code=0x3c tp=0x28 span=1722x193 at(-1160,1623)
[SFX] Sd_PlaySfx: sfxId=1381 (Sfx_Base+101) vol=228
[BIGPRIM] code=0x3c tp=0x28 span=1725x820 at(-1496,803)
[SH-XBOX] GameState -> 15 (step 0)
[SFX] Sd_PlaySfx: sfxId=1308 (Sfx_Base+28) vol=0
[BOOT0/TIM] PostLoadTim file=1896 'MP_0TOWN.TIM' ss=0x8570 img.u=0 img.v=16 tPage=1,5 clutX=224 clutY=15
[BOOT0/TIM] post ReadTIM: prect=0xf99784 caddr=0xf99580 paddr=0xf9978c mode=9
[BOOT0/TIM] pre pixel LoadImage rect=(320,16 160x480)
[BOOT0/TIM] pre CLUT LoadImage rect=(224,15 256x1)
[BOOT0/TIM] PostLoadTim done
[SH-XBOX] vblank 49200
[MEM] tick: free=2232KB (558 pages)
[SFX] Sd_PlaySfx: sfxId=1308 (Sfx_Base+28) vol=0
[SH-XBOX] GameState -> 11 (step 0)
[SFX] Sd_PlaySfx: sfxId=1321 (Sfx_Base+41) vol=0
[BIGPRIM] code=0x3a tp=0xa span=1020x770 at(130,-25)
[BIGPRIM] code=0x3c tp=0x28 span=1695x385 at(-962,1321)
[SFX] Sd_PlaySfx: sfxId=1381 (Sfx_Base+101) vol=231
[BIGPRIM] code=0x3c tp=0x28 span=1281x601 at(-914,777)
[FOGST-GPU] clear=0xff6c6474
[BIGPRIM] code=0x3c tp=0x28 span=1563x470 at(-560,1243)
[SFX] Sd_PlaySfx: sfxId=1381 (Sfx_Base+101) vol=236
[BIGPRIM] code=0x3c tp=0x28 span=1077x533 at(-596,765)
[BIGPRIM] code=0x3c tp=0x28 span=1086x594 at(-554,768)
[BIGPRIM] code=0x3a tp=0xa span=1020x770 at(130,-25)
[SFX] Sd_PlaySfx: sfxId=1381 (Sfx_Base+101) vol=240
[BIGPRIM] code=0x3c tp=0x28 span=1728x573 at(1045,1153)
[BIGPRIM] code=0x3a tp=0xa span=1020x770 at(130,-25)
[SFX] Sd_PlaySfx: sfxId=1381 (Sfx_Base+101) vol=242
[BIGPRIM] code=0x3a tp=0xa span=1020x770 at(130,-25)
[BIGPRIM] code=0x3c tp=0x28 span=1629x948 at(-959,855)
[SFX] Sd_PlaySfx: sfxId=1381 (Sfx_Base+101) vol=245
[BIGPRIM] code=0x3c tp=0x28 span=1056x322 at(1048,716)
[BIGPRIM] code=0x3c tp=0x28 span=1560x949 at(709,867)
[BIGPRIM] code=0x3c tp=0x28 span=1161x592 at(-695,774)
[SFX] Sd_PlaySfx: sfxId=1381 (Sfx_Base+101) vol=246
[BIGPRIM] code=0x3c tp=0x28 span=1689x656 at(-968,1089)
[BIGPRIM] code=0x3c tp=0x28 span=978x401 at(-581,736)
[SFX] Sd_PlaySfx: sfxId=1381 (Sfx_Base+101) vol=248
[BIGPRIM] code=0x3c tp=0x28 span=1575x592 at(868,1134)
[BOOT0/TIM] PostLoadTim file=1142 'THR1601F.TIM' ss=0x4a8b img.u=0 img.v=0 tPage=0,25 clutX=112 clutY=0
[BOOT0/TIM] post ReadTIM: prect=0xfb6624 caddr=0xfb6580 paddr=0xfb662c mode=8
[BOOT0/TIM] pre pixel LoadImage rect=(576,256 64x256)
[BOOT0/TIM] pre CLUT LoadImage rect=(112,0 16x5)
[BOOT0/TIM] PostLoadTim done
[BIGPRIM] code=0x3c tp=0x28 span=1551x662 at(-386,1076)
[SFX] Sd_PlaySfx: sfxId=1381 (Sfx_Base+101) vol=250
[BOOT0/TIM] PostLoadTim file=1169 'THR3801F.TIM' ss=0x4c2e img.u=0 img.v=0 tPage=0,24 clutX=96 clutY=0
[BOOT0/TIM] post ReadTIM: prect=0xfb6604 caddr=0xfb6580 paddr=0xfb660c mode=8
[BOOT0/TIM] pre pixel LoadImage rect=(512,256 64x256)
[BOOT0/TIM] pre CLUT LoadImage rect=(96,0 16x4)
[BOOT0/TIM] PostLoadTim done
[BIGPRIM] code=0x3c tp=0x28 span=969x482 at(760,755)
[BOOT0/TIM] PostLoadTim file=1170 'THR3801H.TIM' ss=0x4c3f img.u=32 img.v=0 tPage=0,26 clutX=144 clutY=0
[BOOT0/TIM] post ReadTIM: prect=0xfb6684 caddr=0xfb6580 paddr=0xfb668c mode=8
[BOOT0/TIM] pre pixel LoadImage rect=(672,256 32x256)
[BOOT0/TIM] pre CLUT LoadImage rect=(144,0 16x8)
[BOOT0/TIM] PostLoadTim done
[BIGPRIM] code=0x3c tp=0x28 span=1989x791 at(1072,980)
[BIGPRIM] code=0x3c tp=0x28 span=1557x871 at(-128,919)
[SFX] Sd_PlaySfx: sfxId=1381 (Sfx_Base+101) vol=252
[BIGPRIM] code=0x3c tp=0x28 span=1557x929 at(76,880)
[BIGPRIM] code=0x3c tp=0x28 span=2253x910 at(1102,893)
[SFX] Sd_PlaySfx: sfxId=1381 (Sfx_Base+101) vol=253
[BIGPRIM] code=0x3c tp=0x28 span=1419x1006 at(-818,816)
[BIGPRIM] code=0x3c tp=0x28 span=1524x382 at(847,1311)
[SFX] Sd_PlaySfx: sfxId=1381 (Sfx_Base+101) vol=254
[BIGPRIM] code=0x3c tp=0x28 span=1560x714 at(910,790)
[BIGPRIM] code=0x3c tp=0x28 span=1674x838 at(-1004,945)
[BIGPRIM] code=0x3a tp=0xa span=1020x770 at(130,-25)
[SFX] Sd_PlaySfx: sfxId=1381 (Sfx_Base+101) vol=254
[BIGPRIM] code=0x3c tp=0x28 span=1491x994 at(406,822)
[BIGPRIM] code=0x3c tp=0x28 span=1479x820 at(796,803)
[SFX] Sd_PlaySfx: sfxId=1381 (Sfx_Base+101) vol=255
[BIGPRIM] code=0x3a tp=0xa span=1020x770 at(130,-25)
[BIGPRIM] code=0x3c tp=0x28 span=2106x682 at(-1898,1063)
[SFX] Sd_PlaySfx: sfxId=1381 (Sfx_Base+101) vol=255
[BIGPRIM] code=0x3c tp=0x28 span=1815x675 at(1054,1070)
[COLL-MISS] cell(2,-1) pos(118,-4) activeCount=4
[COLL-MISS]   slot cell(3,1) qIdx=249 loadState=2 isLoaded=1
[COLL-MISS]   slot cell(2,1) qIdx=247 loadState=2 isLoaded=1
[COLL-MISS]   slot cell(3,0) qIdx=242 loadState=2 isLoaded=1
[COLL-MISS]   slot cell(2,0) qIdx=218 loadState=2 isLoaded=1
[BIGPRIM] code=0x3a tp=0xa span=1020x770 at(130,-25)
[BIGPRIM] code=0x3c tp=0x2c span=960x655 at(2263,-466)
[BIGPRIM] code=0x3c tp=0x2c span=1698x1420 at(2860,-1873)
[BIGPRIM] code=0x3c tp=0x28 span=2187x900 at(1078,896)
[SFX] Sd_PlaySfx: sfxId=1381 (Sfx_Base+101) vol=255
[BIGPRIM] code=0x3c tp=0x28 span=1521x479 at(-158,1234)
[BIGPRIM] code=0x3c tp=0x28 span=1524x427 at(943,1279)
[BIGPRIM] code=0x3c tp=0x28 span=2097x655 at(-1904,1083)
[BIGPRIM] code=0x3c tp=0x28 span=1521x755 at(-182,1009)
[BIGPRIM] code=0x3c tp=0x28 span=1260x880 at(196,813)
[BIGPRIM] code=0x3c tp=0x28 span=1983x893 at(-1502,903)
[BIGPRIM] code=0x3c tp=0x2c span=1188x1061 at(2644,-1247)
[BIGPRIM] code=0x3c tp=0x28 span=1473x996 at(-905,826)
[BIGPRIM] code=0x3c tp=0x28 span=1377x523 at(997,765)
[BIGPRIM] code=0x3c tp=0x28 span=1425x595 at(-1202,777)
[BIGPRIM] code=0x3c tp=0x28 span=1521x855 at(418,928)
[BIGPRIM] code=0x3a tp=0xa span=1020x770 at(130,-25)
[BIGPRIM] code=0x3c tp=0x28 span=1833x801 at(-1685,793)
[BIGPRIM] code=0x3c tp=0x2c span=1398x1170 at(3010,-1317)
[BIGPRIM] code=0x3c tp=0x2c span=1050x713 at(3163,-453)
[BIGPRIM] code=0x3c tp=0x2c span=1674x1415 at(2872,-1472)
[BIGPRIM] code=0x3c tp=0x28 span=1521x855 at(406,928)
[BIGPRIM] code=0x3c tp=0x2c span=1170x1003 at(3124,-1729)
[BIGPRIM] code=0x3a tp=0xa span=1020x770 at(130,-25)
[BIGPRIM] code=0x3c tp=0x2c span=1494x1183 at(2962,-2002)
[SPAWN-FIRE?] slot=13 allPass! npcFlags=0x4 flagsId=3 full=0 vblanks=1 ABOUT TO TRY SPAWN
[SPAWN-FIRE!] slot=13 gates passed â†’ entering spawn block, npcIdx will be assigned
[SPAWN] slot=13 -> npc[0] charaId=2 stateStep=2 pos=(116,64)
[SFX] Sd_PlaySfx: sfxId=1321 (Sfx_Base+41) vol=0
[BIGPRIM] code=0x3c tp=0x28 span=1521x820 at(598,957)
[BIGPRIM] code=0x3c tp=0x28 span=1551x868 at(-716,922)
[BIGPRIM] code=0x3c tp=0x28 span=2325x916 at(-2042,893)
[SFX] Sd_PlaySfx: sfxId=1381 (Sfx_Base+101) vol=242
[BIGPRIM] code=0x3c tp=0x28 span=2253x961 at(-1886,855)
[BIGPRIM] code=0x3c tp=0x28 span=1665x537 at(-860,1182)
[BIGPRIM] code=0x3c tp=0x28 span=1515x907 at(478,896)
[BIGPRIM] code=0x3c tp=0x2c span=996x681 at(2047,-501)
[SFX] Sd_PlaySfx: sfxId=1381 (Sfx_Base+101) vol=237
[BIGPRIM] code=0x3c tp=0x2c span=1620x1369 at(2755,-1552)
[BIGPRIM] code=0x3c tp=0x28 span=1641x887 at(-932,909)
[BIGPRIM] code=0x3c tp=0x2c span=1536x1047 at(2806,-1006)
[BIGPRIM] code=0x3c tp=0x2c span=1188x945 at(2710,-1658)
[BIGPRIM] code=0x3c tp=0x28 span=1572x639 at(-740,1099)
[BIGPRIM] code=0x3c tp=0x28 span=1617x736 at(856,1022)
[SFX] Sd_PlaySfx: sfxId=1381 (Sfx_Base+101) vol=224
[BIGPRIM] code=0x3c tp=0x28 span=1521x865 at(166,925)
[BIGPRIM] code=0x3c tp=0x28 span=975x302 at(-785,710)
[BIGPRIM] code=0x3c tp=0x2c span=1062x726 at(2221,-466)
[BIGPRIM] code=0x3c tp=0x28 span=1662x958 at(781,845)
[BIGPRIM] code=0x3c tp=0x2c span=1308x995 at(3055,-697)
[BIGPRIM] code=0x3c tp=0x2c span=972x649 at(2149,-360)
[SFX] Sd_PlaySfx: sfxId=1381 (Sfx_Base+101) vol=212
[BIGPRIM] code=0x3c tp=0x2c span=1524x1439 at(2074,-1346)
[BIGPRIM] code=0x3c tp=0x2c span=984x905 at(2251,-777)
[BIGPRIM] code=0x3c tp=0x2c span=1938x1640 at(2740,-1771)
[BIGPRIM] code=0x3c tp=0x2c span=1116x958 at(3151,-1639)
[BIGPRIM] code=0x3a tp=0xa span=1020x770 at(130,-25)
[BIGPRIM] code=0x3c tp=0x28 span=1521x920 at(208,883)
[BIGPRIM] code=0x3c tp=0x28 span=1521x624 at(208,1108)
[BIGPRIM] code=0x3c tp=0x2c span=1128x770 at(2323,-626)
[BIGPRIM] code=0x3c tp=0x2c span=1416x1260 at(2494,-1719)
[BIGPRIM] code=0x3c tp=0x28 span=1086x427 at(-770,739)
[BIGPRIM] code=0x3c tp=0x2c span=1212x1118 at(2908,-1198)
[BIGPRIM] code=0x3c tp=0x28 span=1644x671 at(-914,1067)
[BIGPRIM] code=0x3c tp=0x2c span=918x777 at(2119,-617)
[BOOT0/TIM] PostLoadTim file=1171 'THR3901F.TIM' ss=0x4c48 img.u=0 img.v=0 tPage=0,22 clutX=64 clutY=0
[BOOT0/TIM] post ReadTIM: prect=0xfb6604 caddr=0xfb6580 paddr=0xfb660c mode=8
[BOOT0/TIM] pre pixel LoadImage rect=(384,256 64x256)
[BOOT0/TIM] pre CLUT LoadImage rect=(64,0 16x4)
[BOOT0/TIM] PostLoadTim done
[SH-XBOX] vblank 49800
[MEM] tick: free=2232KB (558 pages)
[BIGPRIM] code=0x3c tp=0x28 span=1560x270 at(805,1433)
[BIGPRIM] code=0x3c tp=0x28 span=1521x897 at(-518,906)
[SFX] Sd_PlaySfx: sfxId=1378 (Sfx_Base+98) vol=105
[BIGPRIM] code=0x3c tp=0x28 span=1356x672 at(835,787)
[BIGPRIM] code=0x3c tp=0x28 span=1338x993 at(-131,829)
[BIGPRIM] code=0x3c tp=0x28 span=975x411 at(853,742)
[BIGPRIM] code=0x3c tp=0x28 span=1311x739 at(-830,797)
[FOGST-GPU] clear=0xff000000
[BOOT0/TIM] PostLoadTim file=1910 'MR_0TOWN.TIM' ss=0x8998 img.u=32 img.v=0 tPage=0,7 clutX=480 clutY=255
[BOOT0/TIM] post ReadTIM: prect=0xfac5a4 caddr=0xfac580 paddr=0xfac5ac mode=8
[BOOT0/TIM] pre pixel LoadImage rect=(480,0 32x256)
[BOOT0/TIM] pre CLUT LoadImage rect=(480,255 16x1)
[BOOT0/TIM] PostLoadTim done
[SFX] Sd_PlaySfx: sfxId=1381 (Sfx_Base+101) vol=72
[BIGPRIM] code=0x3c tp=0x28 span=1419x846 at(-944,806)
[BIGPRIM] code=0x3c tp=0x28 span=1419x846 at(-944,806)
[SH-XBOX] GameState -> 15 (step 0)
[SFX] Sd_PlaySfx: sfxId=1308 (Sfx_Base+28) vol=0
[BOOT0/TIM] PostLoadTim file=1896 'MP_0TOWN.TIM' ss=0x8570 img.u=0 img.v=16 tPage=1,5 clutX=224 clutY=15
[BOOT0/TIM] post ReadTIM: prect=0xf99784 caddr=0xf99580 paddr=0xf9978c mode=9
[BOOT0/TIM] pre pixel LoadImage rect=(320,16 160x480)
[BOOT0/TIM] pre CLUT LoadImage rect=(224,15 256x1)
[BOOT0/TIM] PostLoadTim done
[SFX] Sd_PlaySfx: sfxId=1308 (Sfx_Base+28) vol=0
[SH-XBOX] GameState -> 11 (step 0)
[SFX] Sd_PlaySfx: sfxId=1321 (Sfx_Base+41) vol=0
[SFX] Sd_PlaySfx: sfxId=1381 (Sfx_Base+101) vol=42
[BIGPRIM] code=0x3a tp=0xa span=1020x770 at(130,-25)
[BIGPRIM] code=0x3c tp=0x28 span=1980x675 at(-1634,1070)
[FOGST-GPU] clear=0xff6c6474
[BIGPRIM] code=0x3c tp=0x28 span=1902x755 at(-1430,1009)
[BIGPRIM] code=0x3c tp=0x28 span=1521x913 at(286,890)
[SFX] Sd_PlaySfx: sfxId=1381 (Sfx_Base+101) vol=45
[BIGPRIM] code=0x3c tp=0x5c span=1467x793 at(-1520,-781)
[BIGPRIM] code=0x34 tp=0x5c span=252x1109 at(-419,-2230)
[BIGPRIM] code=0x3c tp=0x28 span=1872x694 at(1090,784)
[BIGPRIM] code=0x3c tp=0x5c span=1038x251 at(-2420,-1131)
[BIGPRIM] code=0x3c tp=0x2c span=1200x1022 at(2065,-826)
[SFX] Sd_PlaySfx: sfxId=1381 (Sfx_Base+101) vol=68
[BIGPRIM] code=0x3c tp=0x5c span=804x894 at(-452,-1292)
[BIGPRIM] code=0x3c tp=0x2c span=1350x1143 at(2476,-1108)
[BIGPRIM] code=0x3c tp=0x2c span=1554x1318 at(2749,-1340)
[BIGPRIM] code=0x3c tp=0x2c span=1164x983 at(3127,-781)
[BIGPRIM] code=0x3c tp=0x2c span=1068x815 at(3175,-494)
[BIGPRIM] code=0x3c tp=0x28 span=1638x582 at(967,1144)
[SFX] Sd_PlaySfx: sfxId=1381 (Sfx_Base+101) vol=100
[BIGPRIM] code=0x3c tp=0x28 span=1272x559 at(892,768)
[BIGPRIM] code=0x3c tp=0x28 span=1467x618 at(952,777)
[SFX] Sd_PlaySfx: sfxId=1381 (Sfx_Base+101) vol=130
[BIGPRIM] code=0x3a tp=0xa span=1020x770 at(130,-25)
[BIGPRIM] code=0x3c tp=0x28 span=1005x492 at(787,758)
[SFX] Sd_PlaySfx: sfxId=1381 (Sfx_Base+101) vol=153
[CHNK] n=4 s0=3,1,st3 s1=2,1,st3 s2=3,2,st3 s3=2,0,st2
[BIGPRIM] code=0x3a tp=0xa span=1020x770 at(130,-25)
[BIGPRIM] code=0x3c tp=0x28 span=1557x935 at(-248,874)
[BIGPRIM] code=0x3c tp=0x2c span=822x733 at(2236,-765)
[BIGPRIM] code=0x3c tp=0x28 span=2010x909 at(979,887)
[SFX] Sd_PlaySfx: sfxId=1381 (Sfx_Base+101) vol=172
[BIGPRIM] code=0x3c tp=0x28 span=2001x810 at(-1574,961)
[BOOT0/TIM] PostLoadTim file=1141 'THR1501F.TIM' ss=0x4a7a img.u=0 img.v=0 tPage=0,23 clutX=80 clutY=0
[BOOT0/TIM] post ReadTIM: prect=0xfb6624 caddr=0xfb6580 paddr=0xfb662c mode=8
[BOOT0/TIM] pre pixel LoadImage rect=(448,256 64x256)
[BOOT0/TIM] pre CLUT LoadImage rect=(80,0 16x5)
[BOOT0/TIM] PostLoadTim done
[BIGPRIM] code=0x3c tp=0x28 span=1899x871 at(-1376,919)
[BIGPRIM] code=0x3c tp=0x28 span=1779x926 at(-1172,883)
[SFX] Sd_PlaySfx: sfxId=1381 (Sfx_Base+101) vol=188
[BIGPRIM] code=0x3c tp=0x28 span=1521x916 at(550,893)
[BIGPRIM] code=0x3c tp=0x28 span=1215x523 at(-890,765)
[BIGPRIM] code=0x3c tp=0x28 span=2511x945 at(-2294,871)
[BIGPRIM] code=0x3c tp=0x28 span=1302x727 at(769,793)
[SFX] Sd_PlaySfx: sfxId=1381 (Sfx_Base+101) vol=201
[BIGPRIM] code=0x3c tp=0x2c span=1056x700 at(2248,-424)
[BIGPRIM] code=0x3c tp=0x2c span=1404x1254 at(3007,-1546)
[BIGPRIM] code=0x3a tp=0xa span=1020x770 at(130,-25)
[BIGPRIM] code=0x3c tp=0x2c span=1626x1079 at(2896,-883)
[BIGPRIM] code=0x3c tp=0x28 span=1695x649 at(976,1089)
[BIGPRIM] code=0x3a tp=0xa span=1020x770 at(130,-25)
[SFX] Sd_PlaySfx: sfxId=1381 (Sfx_Base+101) vol=211
[BIGPRIM] code=0x3c tp=0x28 span=2115x1000 at(946,816)
[BIGPRIM] code=0x3c tp=0x28 span=1005x569 at(-425,771)
[SFX] Sd_PlaySfx: sfxId=1381 (Sfx_Base+101) vol=220
[BIGPRIM] code=0x3c tp=0x28 span=2019x820 at(1042,803)
[BIGPRIM] code=0x3a tp=0xa span=1020x770 at(130,-25)
[SFX] Sd_PlaySfx: sfxId=1381 (Sfx_Base+101) vol=227
[BIGPRIM] code=0x3c tp=0x28 span=978x540 at(730,765)
[BIGPRIM] code=0x3a tp=0xa span=1020x770 at(130,-25)
[BIGPRIM] code=0x3c tp=0x2c span=1026x867 at(2530,-736)
[SFX] Sd_PlaySfx: sfxId=1381 (Sfx_Base+101) vol=232
[BIGPRIM] code=0x3a tp=0xa span=1020x770 at(130,-25)
[BIGPRIM] code=0x3c tp=0x28 span=2100x672 at(-1856,1073)
[BIGPRIM] code=0x3a tp=0xa span=1020x770 at(130,-25)
[SFX] Sd_PlaySfx: sfxId=1381 (Sfx_Base+101) vol=237
[BIGPRIM] code=0x3c tp=0x28 span=1515x601 at(100,1125)
[BIGPRIM] code=0x3c tp=0x28 span=960x344 at(-644,723)
[SFX] Sd_PlaySfx: sfxId=1381 (Sfx_Base+101) vol=240
[BIGPRIM] code=0x3c tp=0x28 span=1725x762 at(-1058,1002)
[BIGPRIM] code=0x3a tp=0xa span=1020x770 at(130,-25)
[SFX] Sd_PlaySfx: sfxId=1381 (Sfx_Base+101) vol=243
[BIGPRIM] code=0x3c tp=0x28 span=1581x700 at(844,1051)
[BIGPRIM] code=0x3c tp=0x28 span=978x434 at(832,745)
[BIGPRIM] code=0x3c tp=0x28 span=1557x835 at(-254,948)
[SFX] Sd_PlaySfx: sfxId=1381 (Sfx_Base+101) vol=246
[BIGPRIM] code=0x3a tp=0xa span=1020x770 at(130,-25)
[BIGPRIM] code=0x3c tp=0x28 span=1518x920 at(673,883)
[SFX] Sd_PlaySfx: sfxId=1381 (Sfx_Base+101) vol=247
[BIGPRIM] code=0x3c tp=0x28 span=1209x877 at(4,810)
[BOOT0/TIM] PostLoadTim file=1165 'THR3501F.TIM' ss=0x4bf2 img.u=0 img.v=0 tPage=0,25 clutX=112 clutY=0
[BOOT0/TIM] post ReadTIM: prect=0xfb6784 caddr=0xfb6580 paddr=0xfb678c mode=8
[BOOT0/TIM] pre pixel LoadImage rect=(576,256 64x256)
[BOOT0/TIM] pre CLUT LoadImage rect=(112,0 16x16)
[BOOT0/TIM] PostLoadTim done
[BIGPRIM] code=0x3c tp=0x28 span=1098x434 at(-770,745)
[SFX] Sd_PlaySfx: sfxId=1381 (Sfx_Base+101) vol=249
[BIGPRIM] code=0x3c tp=0x28 span=1731x771 at(949,800)
[BIGPRIM] code=0x3c tp=0x28 span=1107x392 at(-869,736)
[SFX] Sd_PlaySfx: sfxId=1381 (Sfx_Base+101) vol=251
[BIGPRIM] code=0x3c tp=0x28 span=1521x652 at(268,1086)
[BIGPRIM] code=0x3c tp=0x28 span=1524x659 at(-1298,784)
[BIGPRIM] code=0x3c tp=0x2c span=948x803 at(2341,-559)
[BIGPRIM] code=0x3c tp=0x28 span=2361x906 at(1120,813)
[BIGPRIM] code=0x3c tp=0x28 span=1515x835 at(496,948)
[SFX] Sd_PlaySfx: sfxId=1381 (Sfx_Base+101) vol=252
[BIGPRIM] code=0x3c tp=0x28 span=1161x405 at(-962,732)
[BIGPRIM] code=0x3c tp=0x28 span=1521x949 at(-326,867)
[BIGPRIM] code=0x3c tp=0x28 span=1404x681 at(856,784)
[BIGPRIM] code=0x3c tp=0x28 span=1725x193 at(-428,1623)
[BIGPRIM] code=0x3c tp=0x28 span=1800x716 at(1009,1035)
[SFX] Sd_PlaySfx: sfxId=1381 (Sfx_Base+101) vol=253
[FOGST-GPU] clear=0xff000000
[BOOT0/TIM] PostLoadTim file=1910 'MR_0TOWN.TIM' ss=0x8998 img.u=32 img.v=0 tPage=0,7 clutX=480 clutY=255
[BOOT0/TIM] post ReadTIM: prect=0xfac5a4 caddr=0xfac580 paddr=0xfac5ac mode=8
[BOOT0/TIM] pre pixel LoadImage rect=(480,0 32x256)
[BOOT0/TIM] pre CLUT LoadImage rect=(480,255 16x1)
[BOOT0/TIM] PostLoadTim done
[BIGPRIM] code=0x3c tp=0x28 span=1053x441 at(880,745)
[BIGPRIM] code=0x3c tp=0x28 span=1521x756 at(-230,1002)
[BIGPRIM] code=0x3a tp=0xa span=1020x770 at(130,-25)
[BIGPRIM] code=0x3c tp=0x2c span=1116x958 at(3151,-1636)
[SH-XBOX] GameState -> 15 (step 0)
[SFX] Sd_PlaySfx: sfxId=1308 (Sfx_Base+28) vol=0
[BOOT0/TIM] PostLoadTim file=1896 'MP_0TOWN.TIM' ss=0x8570 img.u=0 img.v=16 tPage=1,5 clutX=224 clutY=15
[BOOT0/TIM] post ReadTIM: prect=0xf99784 caddr=0xf99580 paddr=0xf9978c mode=9
[BOOT0/TIM] pre pixel LoadImage rect=(320,16 160x480)
[BOOT0/TIM] pre CLUT LoadImage rect=(224,15 256x1)
[BOOT0/TIM] PostLoadTim done
[SFX] Sd_PlaySfx: sfxId=1308 (Sfx_Base+28) vol=0
[SH-XBOX] GameState -> 11 (step 0)
[SFX] Sd_PlaySfx: sfxId=1381 (Sfx_Base+101) vol=253
[SFX] Sd_PlaySfx: sfxId=1321 (Sfx_Base+41) vol=0
[BIGPRIM] code=0x3a tp=0xa span=1020x770 at(130,-25)
[BIGPRIM] code=0x3c tp=0x28 span=1047x543 at(-530,768)
[BIGPRIM] code=0x3a tp=0xa span=1020x770 at(130,-25)
[FOGST-GPU] clear=0xff6c6474
[BIGPRIM] code=0x3a tp=0xa span=1020x770 at(130,-25)
[SFX] Sd_PlaySfx: sfxId=1381 (Sfx_Base+101) vol=253
[BIGPRIM] code=0x3c tp=0x28 span=1932x736 at(1087,1022)
[SH-XBOX] vblank 50400
[MEM] tick: free=2232KB (558 pages)
[BIGPRIM] code=0x3c tp=0x28 span=1008x335 at(907,745)
[BIGPRIM] code=0x3c tp=0x28 span=1530x560 at(-1022,1166)
[BIGPRIM] code=0x3c tp=0x28 span=1119x659 at(-587,777)
[BIGPRIM] code=0x3c tp=0x28 span=1383x907 at(-797,793)
[SFX] Sd_PlaySfx: sfxId=1381 (Sfx_Base+101) vol=254
[BIGPRIM] code=0x3c tp=0x2c span=1038x880 at(2398,-655)
[BIGPRIM] code=0x3a tp=0xa span=1020x770 at(130,-25)
[BIGPRIM] code=0x3c tp=0x28 span=1065x778 at(-521,742)
[BIGPRIM] code=0x3c tp=0x28 span=1581x862 at(-1187,954)
[SFX] Sd_PlaySfx: sfxId=1381 (Sfx_Base+101) vol=254
[BIGPRIM] code=0x3c tp=0x28 span=1209x945 at(-530,832)
[BIGPRIM] code=0x3c tp=0x28 span=2148x505 at(709,1272)
[BIGPRIM] code=0x3c tp=0x2c span=1086x1021 at(2002,-832)
[SFX] Sd_PlaySfx: sfxId=1381 (Sfx_Base+101) vol=254
[BIGPRIM] code=0x3a tp=0xa span=1020x770 at(130,-25)
[BIGPRIM] code=0x3c tp=0x2c span=1524x1439 at(2557,-1346)
[BIGPRIM] code=0x3c tp=0x28 span=1062x517 at(-887,707)
[BIGPRIM] code=0x3a tp=0xa span=1020x770 at(130,-25)
[BIGPRIM] code=0x3c tp=0x28 span=1263x980 at(-710,752)
[SFX] Sd_PlaySfx: sfxId=1381 (Sfx_Base+101) vol=255
[BIGPRIM] code=0x3a tp=0xa span=1020x770 at(130,-25)
[BIGPRIM] code=0x3a tp=0xa span=1020x770 at(130,-25)
[BIGPRIM] code=0x3c tp=0x28 span=1746x888 at(-353,928)
[SFX] Sd_PlaySfx: sfxId=1381 (Sfx_Base+101) vol=255
[COLL-MISS] cell(3,1) pos(121,77) activeCount=4
[COLL-MISS]   slot cell(3,3) qIdx=259 loadState=2 isLoaded=1
[COLL-MISS]   slot cell(2,1) qIdx=247 loadState=2 isLoaded=1
[COLL-MISS]   slot cell(3,2) qIdx=252 loadState=2 isLoaded=1
[COLL-MISS]   slot cell(2,2) qIdx=257 loadState=2 isLoaded=1
[BIGPRIM] code=0x3c tp=0x28 span=1227x1022 at(-590,752)
[BIGPRIM] code=0x3c tp=0x28 span=1011x939 at(871,787)
[SFX] Sd_PlaySfx: sfxId=1381 (Sfx_Base+101) vol=255
[BIGPRIM] code=0x3c tp=0x28 span=1917x842 at(442,909)
[BIGPRIM] code=0x3c tp=0x28 span=1917x672 at(34,1041)
[BIGPRIM] code=0x3c tp=0x28 span=1656x922 at(1045,720)
[BIGPRIM] code=0x3c tp=0x28 span=876x1035 at(118,774)
[BIGPRIM] code=0x3c tp=0x28 span=2145x341 at(-410,1346)
[SFX] Sd_PlaySfx: sfxId=1381 (Sfx_Base+101) vol=255
[BIGPRIM] code=0x3c tp=0x28 span=915x1032 at(220,777)
[BIGPRIM] code=0x3c tp=0x28 span=2145x636 at(310,1038)
[BIGPRIM] code=0x3c tp=0x28 span=2190x649 at(-1706,1134)
[BIGPRIM] code=0x3c tp=0x2c span=1140x1054 at(2836,-842)
[BIGPRIM] code=0x3c tp=0x2c span=1068x848 at(2875,-1182)
[BIGPRIM] code=0x3c tp=0x28 span=1500x913 at(-80,903)
[SFX] Sd_PlaySfx: sfxId=1381 (Sfx_Base+101) vol=255
[BIGPRIM] code=0x3c tp=0x2c span=990x913 at(2446,-977)
[BIGPRIM] code=0x3c tp=0x2c span=858x764 at(2299,-684)
[BIGPRIM] code=0x3c tp=0x2c span=942x803 at(2383,-466)
[BIGPRIM] code=0x3c tp=0x28 span=1551x984 at(766,819)
[BIGPRIM] code=0x3c tp=0x2c span=1308x1170 at(3055,-1269)
[SFX] Sd_PlaySfx: sfxId=1381 (Sfx_Base+101) vol=255
[BIGPRIM] code=0x3c tp=0x2c span=1284x1190 at(2941,-1398)
[BIGPRIM] code=0x3c tp=0x2c span=828x764 at(2110,-494)
[BIGPRIM] code=0x3c tp=0x2c span=1788x1491 at(2815,-1616)
[BIGPRIM] code=0x3c tp=0x28 span=1887x531 at(-200,1243)
[BIGPRIM] code=0x3c tp=0x28 span=1926x395 at(-1778,1414)
[SFX] Sd_PlaySfx: sfxId=1381 (Sfx_Base+101) vol=255
[BIGPRIM] code=0x3c tp=0x28 span=1956x199 at(1033,1584)
[BIGPRIM] code=0x3c tp=0x2c span=900x764 at(1897,-511)
[BIGPRIM] code=0x3c tp=0x28 span=1014x289 at(1105,665)
[BIGPRIM] code=0x3c tp=0x2c span=1170x1042 at(2140,-1218)
[BIGPRIM] code=0x3c tp=0x2c span=1434x1220 at(2473,-1073)
[SFX] Sd_PlaySfx: sfxId=1381 (Sfx_Base+101) vol=255
[BOOT0/TIM] PostLoadTim file=1198 'THR6401F.TIM' ss=0x4ddb img.u=0 img.v=0 tPage=0,24 clutX=96 clutY=0
[BOOT0/TIM] post ReadTIM: prect=0xfb6724 caddr=0xfb6580 paddr=0xfb672c mode=8
[BOOT0/TIM] pre pixel LoadImage rect=(512,256 64x256)
[BOOT0/TIM] pre CLUT LoadImage rect=(96,0 16x13)
[BOOT0/TIM] PostLoadTim done
[BIGPRIM] code=0x3c tp=0x2c span=1320x1100 at(2434,-1218)
[BOOT0/TIM] PostLoadTim file=1199 'THR6402H.TIM' ss=0x4dec img.u=0 img.v=0 tPage=0,26 clutX=128 clutY=0
[BOOT0/TIM] post ReadTIM: prect=0xfb66a4 caddr=0xfb6580 paddr=0xfb66ac mode=8
[BOOT0/TIM] pre pixel LoadImage rect=(640,256 32x256)
[BOOT0/TIM] pre CLUT LoadImage rect=(128,0 16x9)
[BOOT0/TIM] PostLoadTim done
[BIGPRIM] code=0x3c tp=0x2c span=1122x944 at(1762,-842)
[BIGPRIM] code=0x3c tp=0x28 span=1797x948 at(958,842)
[BIGPRIM] code=0x3c tp=0x28 span=1917x189 at(-662,1594)
[BIGPRIM] code=0x3c tp=0x2c span=1368x1259 at(2125,-1247)
[BIGPRIM] code=0x3c tp=0x2c span=1062x945 at(2842,-1060)
[BIGPRIM] code=0x3c tp=0x2c span=972x894 at(2539,-1057)
[BIGPRIM] code=0x3c tp=0x28 span=1926x546 at(-1670,1250)
[BIGPRIM] code=0x3c tp=0x2c span=1548x1464 at(1714,-1227)
[BIGPRIM] code=0x3c tp=0x2c span=1152x963 at(1867,-896)
[BIGPRIM] code=0x3c tp=0x2c span=1488x1241 at(2965,-1427)
[BIGPRIM] code=0x3c tp=0x28 span=1470x836 at(697,954)
[BIGPRIM] code=0x3c tp=0x28 span=1476x601 at(697,1137)
[BIGPRIM] code=0x3a tp=0xa span=1020x770 at(130,-25)
[BIGPRIM] code=0x3c tp=0x28 span=1917x299 at(-764,1497)
[BIGPRIM] code=0x3a tp=0xa span=1020x770 at(130,-25)
[BIGPRIM] code=0x3c tp=0x28 span=2004x928 at(1075,855)
[BIGPRIM] code=0x3a tp=0xa span=1020x770 at(130,-25)
[BIGPRIM] code=0x3c tp=0x2c span=936x790 at(2332,-453)
[BIGPRIM] code=0x3c tp=0x28 span=963x321 at(1084,694)
[BIGPRIM] code=0x3c tp=0x28 span=1029x559 at(-662,736)
[BIGPRIM] code=0x3c tp=0x2c span=1512x1426 at(2908,-1182)
[BIGPRIM] code=0x3c tp=0x2c span=1458x1299 at(2980,-1459)
[BIGPRIM] code=0x3c tp=0x28 span=1629x582 at(244,1150)
[BIGPRIM] code=0x3c tp=0x2c span=1962x1304 at(2728,-980)
[BIGPRIM] code=0x3c tp=0x2c span=1296x989 at(2590,-568)
[BIGPRIM] code=0x3c tp=0x28 span=1467x936 at(40,880)
[BIGPRIM] code=0x3c tp=0x28 span=1467x835 at(-158,948)
[BIGPRIM] code=0x3c tp=0x2c span=1050x713 at(1918,-353)
[BIGPRIM] code=0x3c tp=0x28 span=1257x1009 at(355,787)
[BIGPRIM] code=0x3c tp=0x2c span=1212x829 at(2116,-482)
[BIGPRIM] code=0x3c tp=0x2c span=1110x951 at(2935,-1468)
[CHNK] n=4 s0=3,3,st3 s1=4,2,st3 s2=3,2,st3 s3=2,2,st2
[BIGPRIM] code=0x3c tp=0x28 span=1623x941 at(-992,842)
[BIGPRIM] code=0x3c tp=0x2c span=1092x725 at(2752,-353)
[BIGPRIM] code=0x3c tp=0x28 span=1932x681 at(-1310,1070)
[BIGPRIM] code=0x3c tp=0x28 span=1461x951 at(616,871)
[BIGPRIM] code=0x3c tp=0x2c span=1248x1113 at(3085,-1186)
[BIGPRIM] code=0x3c tp=0x2c span=1368x1162 at(3025,-867)
[BIGPRIM] code=0x3c tp=0x28 span=1683x531 at(616,1195)
[BIGPRIM] code=0x3c tp=0x28 span=1638x967 at(895,829)
[BIGPRIM] code=0x3c tp=0x2c span=1518x1401 at(2950,-1722)
[BIGPRIM] code=0x3c tp=0x2c span=1578x1208 at(2920,-787)
[BIGPRIM] code=0x3c tp=0x2c span=1086x862 at(3166,-1205)
[BIGPRIM] code=0x3c tp=0x2c span=1218x1028 at(3100,-845)
[BIGPRIM] code=0x3c tp=0x2c span=1176x803 at(3004,-453)
[BIGPRIM] code=0x3a tp=0xa span=1020x770 at(130,-25)
[BIGPRIM] code=0x3c tp=0x28 span=1926x286 at(-1748,1510)
[BIGPRIM] code=0x3c tp=0x2c span=1332x1227 at(3043,-1051)
[BIGPRIM] code=0x3c tp=0x2c span=2034x1614 at(2692,-2626)
[BIGPRIM] code=0x3c tp=0x28 span=1182x996 at(31,813)
[BIGPRIM] code=0x3c tp=0x2c span=804x757 at(1591,-507)
[BIGPRIM] code=0x3c tp=0x2c span=2400x1639 at(2509,-1369)
[BIGPRIM] code=0x3c tp=0x28 span=1080x360 at(1102,700)
[BIGPRIM] code=0x3c tp=0x28 span=1452x916 at(385,864)
[BIGPRIM] code=0x3a tp=0xa span=1020x770 at(130,-25)
[BIGPRIM] code=0x3c tp=0x2c span=1212x809 at(1465,-552)
[BIGPRIM] code=0x3c tp=0x2c span=924x848 at(1579,-983)
[BIGPRIM] code=0x3c tp=0x28 span=2118x659 at(-1922,1086)
[BIGPRIM] code=0x3c tp=0x2c span=858x732 at(2281,-472)
[BIGPRIM] code=0x3c tp=0x2c span=900x764 at(2359,-511)
[BIGPRIM] code=0x3c tp=0x2c span=792x733 at(2113,-787)
[BIGPRIM] code=0x3c tp=0x2c span=834x771 at(2188,-851)
[BIGPRIM] code=0x3c tp=0x2c span=1092x925 at(2713,-710)
[BIGPRIM] code=0x3c tp=0x2c span=936x861 at(2368,-1002)
[BIGPRIM] code=0x3c tp=0x28 span=1956x514 at(-1472,1205)
[BIGPRIM] code=0x3c tp=0x2c span=1446x1369 at(2971,-1260)
[BIGPRIM] code=0x3c tp=0x2c span=894x765 at(1996,-1224)
[BIGPRIM] code=0x3c tp=0x2c span=1152x783 at(1582,-536)
[BIGPRIM] code=0x3c tp=0x2c span=1608x1433 at(2905,-1828)
[BIGPRIM] code=0x3c tp=0x28 span=1500x974 at(793,787)
[BIGPRIM] code=0x3c tp=0x2c span=1446x1337 at(2986,-1787)
[BIGPRIM] code=0x3c tp=0x28 span=960x987 at(-62,787)
[BOOT0/TIM] PostLoadTim file=1200 'THR6501F.TIM' ss=0x4df5 img.u=0 img.v=0 tPage=0,23 clutX=80 clutY=0
[BOOT0/TIM] post ReadTIM: prect=0xfb6624 caddr=0xfb6580 paddr=0xfb662c mode=8
[BOOT0/TIM] pre pixel LoadImage rect=(448,256 64x256)
[BOOT0/TIM] pre CLUT LoadImage rect=(80,0 16x5)
[BOOT0/TIM] PostLoadTim done
[BIGPRIM] code=0x3c tp=0x2c span=1080x912 at(2335,-797)
[BIGPRIM] code=0x3c tp=0x2c span=1662x1427 at(2878,-2642)
[BIGPRIM] code=0x3c tp=0x2c span=1206x958 at(3106,-1539)
[BIGPRIM] code=0x3c tp=0x2c span=1002x862 at(3154,-1430)
[BIGPRIM] code=0x3c tp=0x2c span=1092x932 at(3163,-1581)
[BIGPRIM] code=0x3c tp=0x2c span=1206x1073 at(2560,-1134)
[BIGPRIM] code=0x3a tp=0xa span=1020x770 at(130,-25)
[BIGPRIM] code=0x3c tp=0x28 span=1041x729 at(490,765)
[BIGPRIM] code=0x3c tp=0x28 span=1044x537 at(-743,739)
[BIGPRIM] code=0x3c tp=0x28 span=1836x871 at(-1118,925)
[BIGPRIM] code=0x3c tp=0x28 span=1212x967 at(-353,829)
[BIGPRIM] code=0x3a tp=0xa span=1020x770 at(130,-25)
[BIGPRIM] code=0x3c tp=0x28 span=1068x479 at(-896,729)
[BIGPRIM] code=0x3c tp=0x28 span=2115x990 at(1066,819)
[BIGPRIM] code=0x3c tp=0x28 span=1434x919 at(277,858)
[BIGPRIM] code=0x3c tp=0x28 span=1461x700 at(244,1051)
[BIGPRIM] code=0x3a tp=0xa span=1020x770 at(130,-25)
[BIGPRIM] code=0x3c tp=0x28 span=1677x813 at(-764,964)
[BIGPRIM] code=0x3c tp=0x28 span=1929x505 at(-764,1311)
[BIGPRIM] code=0x3c tp=0x28 span=1482x611 at(1123,1121)
[BIGPRIM] code=0x3c tp=0x28 span=1356x964 at(253,832)
[BIGPRIM] code=0x3a tp=0xa span=1020x770 at(130,-25)
[BIGPRIM] code=0x3a tp=0xa span=1020x770 at(130,-25)
[SPAWN-FIRE?] slot=5 allPass! npcFlags=0x4 flagsId=3 full=0 vblanks=1 ABOUT TO TRY SPAWN
[SPAWN-FIRE!] slot=5 gates passed â†’ entering spawn block, npcIdx will be assigned
[SPAWN] slot=5 -> npc[0] charaId=2 stateStep=3 pos=(186,116)
[SFX] Sd_PlaySfx: sfxId=1321 (Sfx_Base+41) vol=0
[BIGPRIM] code=0x3c tp=0x28 span=1461x700 at(604,1051)
[BIGPRIM] code=0x3c tp=0x28 span=1602x916 at(907,861)
[BIGPRIM] code=0x3c tp=0x28 span=1113x614 at(865,752)
[BIGPRIM] code=0x3c tp=0x28 span=1923x408 at(226,1401)
[BIGPRIM] code=0x3c tp=0x28 span=1464x585 at(1078,745)
[BIGPRIM] code=0x3c tp=0x28 span=1992x981 at(1027,822)
[SFX] Sd_PlaySfx: sfxId=1381 (Sfx_Base+101) vol=243
[BIGPRIM] code=0x3a tp=0xa span=1020x770 at(130,-25)
[BIGPRIM] code=0x3c tp=0x28 span=1326x984 at(-650,819)
[SFX] Sd_PlaySfx: sfxId=1381 (Sfx_Base+101) vol=237
[BIGPRIM] code=0x3c tp=0x28 span=1221x790 at(-842,768)
[BIGPRIM] code=0x3c tp=0x28 span=1248x974 at(-53,822)
[BIGPRIM] code=0x3a tp=0xa span=1020x770 at(130,-25)
[BIGPRIM] code=0x3c tp=0x28 span=1089x369 at(1108,707)
[SFX] Sd_PlaySfx: sfxId=1381 (Sfx_Base+101) vol=220
[BIGPRIM] code=0x3c tp=0x28 span=2088x958 at(1087,838)
[BIGPRIM] code=0x3c tp=0x28 span=1641x832 at(-722,951)
[BIGPRIM] code=0x3c tp=0x28 span=1467x852 at(232,938)
[SH-XBOX] vblank 51000
[MEM] tick: free=2232KB (558 pages)
[BIGPRIM] code=0x3c tp=0x28 span=1272x948 at(-824,784)
[SFX] Sd_PlaySfx: sfxId=1381 (Sfx_Base+101) vol=150
[BIGPRIM] code=0x3c tp=0x28 span=1938x528 at(-1406,1198)
[BIGPRIM] code=0x3a tp=0xa span=1020x770 at(130,-25)
[SFX] Sd_PlaySfx: sfxId=1378 (Sfx_Base+98) vol=100
[BIGPRIM] code=0x3c tp=0x28 span=2148x791 at(-1766,980)
[BIGPRIM] code=0x3a tp=0xa span=1020x770 at(130,-25)
[BIGPRIM] code=0x3c tp=0x28 span=1539x810 at(-482,967)
[SFX] Sd_PlaySfx: sfxId=1381 (Sfx_Base+101) vol=0
[BIGPRIM] code=0x3c tp=0x28 span=960x399 at(-761,713)
[BIGPRIM] code=0x34 tp=0x5c span=1044x370 at(1438,353)
[SFX] Sd_PlaySfx: sfxId=1381 (Sfx_Base+101) vol=8
[BIGPRIM] code=0x3c tp=0x28 span=1761x984 at(-1448,819)
[BIGPRIM] code=0x3c tp=0x5c span=1566x1010 at(1381,-2192)
[BIGPRIM] code=0x3c tp=0x28 span=1752x919 at(-986,890)
[BIGPRIM] code=0x3c tp=0x28 span=2022x643 at(-1634,1102)
[RA] watch 84008: state=2 unlocked=1786116799 flags[4B4]=00 flags[4A1]=00 word4=0x00040000 setbits=53 map=10/8
[BIGPRIM] code=0x3a tp=0xa span=1020x770 at(130,-25)
[SFX] Sd_PlaySfx: sfxId=1381 (Sfx_Base+101) vol=74
[BIGPRIM] code=0x3c tp=0x28 span=1818x887 at(1069,916)
[FOGST-GPU] clear=0xff000000
[BOOT0/TIM] PostLoadTim file=1910 'MR_0TOWN.TIM' ss=0x8998 img.u=32 img.v=0 tPage=0,7 clutX=480 clutY=255
[BOOT0/TIM] post ReadTIM: prect=0xfac5a4 caddr=0xfac580 paddr=0xfac5ac mode=8
[BOOT0/TIM] pre pixel LoadImage rect=(480,0 32x256)
[BOOT0/TIM] pre CLUT LoadImage rect=(480,255 16x1)
[BOOT0/TIM] PostLoadTim done
[BIGPRIM] code=0x3c tp=0x28 span=1758x800 at(1123,977)
[BIGPRIM] code=0x3c tp=0x38 span=624x800 at(1123,977)
[SFX] Sd_PlaySfx: sfxId=1381 (Sfx_Base+101) vol=44
[BIGPRIM] code=0x3c tp=0x38 span=624x800 at(1123,977)
[BIGPRIM] code=0x3c tp=0x38 span=624x800 at(1123,977)
[BIGPRIM] code=0x3c tp=0x5c span=789x1050 at(856,-838)
[SH-XBOX] GameState -> 15 (step 0)
[SFX] Sd_PlaySfx: sfxId=1308 (Sfx_Base+28) vol=0
[BOOT0/TIM] PostLoadTim file=1896 'MP_0TOWN.TIM' ss=0x8570 img.u=0 img.v=16 tPage=1,5 clutX=224 clutY=15
[BOOT0/TIM] post ReadTIM: prect=0xf99784 caddr=0xf99580 paddr=0xf9978c mode=9
[BOOT0/TIM] pre pixel LoadImage rect=(320,16 160x480)
[BOOT0/TIM] pre CLUT LoadImage rect=(224,15 256x1)
[BOOT0/TIM] PostLoadTim done
[SFX] Sd_PlaySfx: sfxId=1308 (Sfx_Base+28) vol=0
[SH-XBOX] GameState -> 11 (step 0)
[SFX] Sd_PlaySfx: sfxId=1321 (Sfx_Base+41) vol=0
[BIGPRIM] code=0x3c tp=0x28 span=2196x1003 at(1072,784)
[BIGPRIM] code=0x3a tp=0xa span=1020x770 at(130,-25)
[SFX] Sd_PlaySfx: sfxId=1381 (Sfx_Base+101) vol=58
[BIGPRIM] code=0x3c tp=0x28 span=1890x987 at(-1673,816)
[FOGST-GPU] clear=0xff6c6474
[BIGPRIM] code=0x3a tp=0xa span=1020x770 at(130,-25)
[BIGPRIM] code=0x3a tp=0xa span=1020x770 at(130,-25)
[SFX] Sd_PlaySfx: sfxId=1381 (Sfx_Base+101) vol=95
[BIGPRIM] code=0x3c tp=0x38 span=381x849 at(751,568)
[BIGPRIM] code=0x3c tp=0x37 span=1065x546 at(-773,736)
[BIGPRIM] code=0x3c tp=0x38 span=387x887 at(730,572)
[BIGPRIM] code=0x3c tp=0x38 span=1521x951 at(118,871)
[SFX] Sd_PlaySfx: sfxId=1381 (Sfx_Base+101) vol=80
[RA] http POST http://retroachievements.org/dorequest.php
[NET] POST retroachievements.org -> 200 (16 bytes)
[RA] http -> status=200 bodyLen=16 body='{"Success":true}'
[BIGPRIM] code=0x3c tp=0x28 span=1155x1015 at(-587,781)
[BIGPRIM] code=0x3c tp=0x38 span=1419x897 at(-308,861)
[BIGPRIM] code=0x3c tp=0x38 span=1398x893 at(-338,858)
[BIGPRIM] code=0x3c tp=0x5c span=1281x430 at(-2432,-1002)
[SFX] Sd_PlaySfx: sfxId=1381 (Sfx_Base+101) vol=44
[BIGPRIM] code=0x3a tp=0xa span=1020x770 at(130,-25)
[BIGPRIM] code=0x3c tp=0x5c span=1161x485 at(-1205,-668)
[BIGPRIM] code=0x34 tp=0x5c span=963x157 at(-1451,-176)
[BIGPRIM] code=0x3c tp=0x38 span=1566x800 at(463,1382)
[SFX] Sd_PlaySfx: sfxId=1381 (Sfx_Base+101) vol=6
[BIGPRIM] code=0x3c tp=0x38 span=1845x386 at(-1646,1314)
[BIGPRIM] code=0x3c tp=0x38 span=888x1363 at(1084,842)
[BIGPRIM] code=0x3c tp=0x37 span=774x923 at(1021,639)
[BIGPRIM] code=0x3c tp=0x38 span=1263x1019 at(-821,755)
[BIGPRIM] code=0x3c tp=0x38 span=1779x405 at(-38,2002)
[SFX] Sd_PlaySfx: sfxId=1381 (Sfx_Base+101) vol=0
[SFX] Sd_PlaySfx: sfxId=1379 (Sfx_Base+99) vol=0
[BIGPRIM] code=0x3c tp=0x38 span=1281x1195 at(-476,961)
[BIGPRIM] code=0x3a tp=0xa span=1020x770 at(130,-25)
[BIGPRIM] code=0x3c tp=0x38 span=1284x373 at(649,1655)
[BIGPRIM] code=0x3c tp=0x28 span=1251x955 at(-578,803)
[FOGST-GPU] clear=0xff000000
[SFX] Sd_PlaySfx: sfxId=1381 (Sfx_Base+101) vol=28
[BOOT0/TIM] PostLoadTim file=1910 'MR_0TOWN.TIM' ss=0x8998 img.u=32 img.v=0 tPage=0,7 clutX=480 clutY=255
[BOOT0/TIM] post ReadTIM: prect=0xfac5a4 caddr=0xfac580 paddr=0xfac5ac mode=8
[BOOT0/TIM] pre pixel LoadImage rect=(480,0 32x256)
[BOOT0/TIM] pre CLUT LoadImage rect=(480,255 16x1)
[BOOT0/TIM] PostLoadTim done
[BIGPRIM] code=0x3c tp=0x28 span=1176x887 at(-332,845)
[BIGPRIM] code=0x3c tp=0x5c span=1236x717 at(1729,-967)
[BIGPRIM] code=0x3c tp=0x38 span=2193x399 at(-332,1333)
[BIGPRIM] code=0x3c tp=0x5c span=1191x785 at(1537,-1051)
[SH-XBOX] GameState -> 15 (step 0)
[SFX] Sd_PlaySfx: sfxId=1308 (Sfx_Base+28) vol=0
[BOOT0/TIM] PostLoadTim file=1896 'MP_0TOWN.TIM' ss=0x8570 img.u=0 img.v=16 tPage=1,5 clutX=224 clutY=15
[BOOT0/TIM] post ReadTIM: prect=0xf99784 caddr=0xf99580 paddr=0xf9978c mode=9
[BOOT0/TIM] pre pixel LoadImage rect=(320,16 160x480)
[BOOT0/TIM] pre CLUT LoadImage rect=(224,15 256x1)
[BOOT0/TIM] PostLoadTim done
[SH-XBOX] vblank 51600
[MEM] tick: free=2232KB (558 pages)
[SFX] Sd_PlaySfx: sfxId=1308 (Sfx_Base+28) vol=0
[SH-XBOX] GameState -> 11 (step 0)
[SFX] Sd_PlaySfx: sfxId=1321 (Sfx_Base+41) vol=0
[BIGPRIM] code=0x34 tp=0x5c span=972x559 at(1693,-790)
[BIGPRIM] code=0x3c tp=0x28 span=864x980 at(469,758)
[SFX] Sd_PlaySfx: sfxId=1381 (Sfx_Base+101) vol=45
[BIGPRIM] code=0x3c tp=0x5c span=975x1389 at(1081,-1806)
[BIGPRIM] code=0x3c tp=0x5c span=942x778 at(1879,-1610)
[FOGST-GPU] clear=0xff6c6474
[BIGPRIM] code=0x3a tp=0xa span=1020x770 at(130,-25)
[BIGPRIM] code=0x3c tp=0x28 span=1962x804 at(484,896)
[SFX] Sd_PlaySfx: sfxId=1381 (Sfx_Base+101) vol=72
[BIGPRIM] code=0x3c tp=0x28 span=861x823 at(694,745)
[BIGPRIM] code=0x3c tp=0x28 span=2172x758 at(805,1006)
[SFX] Sd_PlaySfx: sfxId=1382 (Sfx_Base+102) vol=100
[BIGPRIM] code=0x3c tp=0x28 span=1308x936 at(868,822)
[BIGPRIM] code=0x3a tp=0xa span=1020x770 at(130,-25)
[SFX] Sd_PlaySfx: sfxId=1382 (Sfx_Base+102) vol=102
[BIGPRIM] code=0x3c tp=0x28 span=1974x794 at(-497,983)
[SFX] Sd_PlaySfx: sfxId=1382 (Sfx_Base+102) vol=95
[BIGPRIM] code=0x3c tp=0x28 span=1059x948 at(214,810)
[CHNK] n=4 s0=3,3,st3 s1=4,2,st3 s2=3,2,st3 s3=4,3,st3
[BIGPRIM] code=0x3c tp=0x5c span=1158x296 at(1033,-1671)
[SFX] Sd_PlaySfx: sfxId=1382 (Sfx_Base+102) vol=81
[BIGPRIM] code=0x3c tp=0x5c span=1236x881 at(1621,-2642)
[BIGPRIM] code=0x3a tp=0xa span=1020x770 at(130,-25)
[SFX] Sd_PlaySfx: sfxId=1382 (Sfx_Base+102) vol=65
[BIGPRIM] code=0x3c tp=0x28 span=2022x878 at(373,925)
[BIGPRIM] code=0x3c tp=0x5c span=1695x1456 at(1828,-2217)
[BIGPRIM] code=0x3c tp=0x28 span=1200x948 at(601,810)
[SFX] Sd_PlaySfx: sfxId=1382 (Sfx_Base+102) vol=47
[BIGPRIM] code=0x3c tp=0x5c span=1530x1326 at(1615,-1285)
[BIGPRIM] code=0x3c tp=0x28 span=2169x485 at(562,1260)
[BIGPRIM] code=0x34 tp=0x5c span=1056x521 at(1639,-816)
[SFX] Sd_PlaySfx: sfxId=1382 (Sfx_Base+102) vol=31
[BIGPRIM] code=0x3c tp=0x28 span=2127x758 at(292,1006)
[SFX] Sd_PlaySfx: sfxId=1382 (Sfx_Base+102) vol=15
[BIGPRIM] code=0x3c tp=0x28 span=2148x225 at(1021,1494)
[BIGPRIM] code=0x3a tp=0xa span=1020x770 at(130,-25)
[SFX] Sd_PlaySfx: sfxId=1382 (Sfx_Base+102) vol=0
[BIGPRIM] code=0x3c tp=0x28 span=1845x710 at(-1589,803)
[BIGPRIM] code=0x3c tp=0x28 span=1428x595 at(-1253,771)
[SFX] Sd_PlaySfx: sfxId=1382 (Sfx_Base+102) vol=2
[BIGPRIM] code=0x3c tp=0x28 span=1491x756 at(-14,989)
[SFX] Sd_PlaySfx: sfxId=1382 (Sfx_Base+102) vol=27
[BIGPRIM] code=0x3c tp=0x28 span=1362x585 at(961,758)
[SFX] Sd_PlaySfx: sfxId=1382 (Sfx_Base+102) vol=85
[BIGPRIM] code=0x3c tp=0x28 span=1578x479 at(1126,713)
[BIGPRIM] code=0x3c tp=0x28 span=1140x527 at(-860,752)
[SFX] Sd_PlaySfx: sfxId=1382 (Sfx_Base+102) vol=126
[BIGPRIM] code=0x3c tp=0x28 span=1440x903 at(712,787)
[BIGPRIM] code=0x3c tp=0x28 span=1440x903 at(712,787)
[SFX] Sd_PlaySfx: sfxId=1382 (Sfx_Base+102) vol=150
[BIGPRIM] code=0x3c tp=0x28 span=1440x903 at(712,787)
[SFX] Sd_PlaySfx: sfxId=1382 (Sfx_Base+102) vol=165
[FOGST-GPU] clear=0xff000000
[BOOT0/TIM] PostLoadTim file=1910 'MR_0TOWN.TIM' ss=0x8998 img.u=32 img.v=0 tPage=0,7 clutX=480 clutY=255
[BOOT0/TIM] post ReadTIM: prect=0xfac5a4 caddr=0xfac580 paddr=0xfac5ac mode=8
[BOOT0/TIM] pre pixel LoadImage rect=(480,0 32x256)
[BOOT0/TIM] pre CLUT LoadImage rect=(480,255 16x1)
[BOOT0/TIM] PostLoadTim done
[BIGPRIM] code=0x3c tp=0x28 span=1440x903 at(712,787)
[SFX] Sd_PlaySfx: sfxId=1382 (Sfx_Base+102) vol=174
[BIGPRIM] code=0x3c tp=0x28 span=1440x903 at(712,787)
[SH-XBOX] GameState -> 15 (step 0)
[SFX] Sd_PlaySfx: sfxId=1308 (Sfx_Base+28) vol=0
[BOOT0/TIM] PostLoadTim file=1896 'MP_0TOWN.TIM' ss=0x8570 img.u=0 img.v=16 tPage=1,5 clutX=224 clutY=15
[BOOT0/TIM] post ReadTIM: prect=0xf99784 caddr=0xf99580 paddr=0xf9978c mode=9
[BOOT0/TIM] pre pixel LoadImage rect=(320,16 160x480)
[BOOT0/TIM] pre CLUT LoadImage rect=(224,15 256x1)
[BOOT0/TIM] PostLoadTim done
[SFX] Sd_PlaySfx: sfxId=1308 (Sfx_Base+28) vol=0
[SH-XBOX] GameState -> 11 (step 0)
[SFX] Sd_PlaySfx: sfxId=1382 (Sfx_Base+102) vol=176
[SFX] Sd_PlaySfx: sfxId=1321 (Sfx_Base+41) vol=0
[BIGPRIM] code=0x3c tp=0x28 span=1806x578 at(-1082,1128)
[BIGPRIM] code=0x3c tp=0x28 span=1290x717 at(-932,771)
[SFX] Sd_PlaySfx: sfxId=1382 (Sfx_Base+102) vol=180
[FOGST-GPU] clear=0xff6c6474
[BIGPRIM] code=0x3c tp=0x28 span=2424x916 at(-2144,851)
[SFX] Sd_PlaySfx: sfxId=1382 (Sfx_Base+102) vol=181
[BIGPRIM] code=0x3a tp=0xa span=1020x770 at(130,-25)
[BIGPRIM] code=0x3c tp=0x28 span=1017x633 at(-461,765)
[SFX] Sd_PlaySfx: sfxId=1382 (Sfx_Base+102) vol=186
[BIGPRIM] code=0x3c tp=0x28 span=1740x402 at(-14,1279)
[SFX] Sd_PlaySfx: sfxId=1382 (Sfx_Base+102) vol=187
[BIGPRIM] code=0x3c tp=0x28 span=1833x581 at(-1148,1125)
[BIGPRIM] code=0x3c tp=0x28 span=1638x415 at(697,1266)
[SFX] Sd_PlaySfx: sfxId=1382 (Sfx_Base+102) vol=184
[BIGPRIM] code=0x3c tp=0x28 span=1545x836 at(-668,928)
[BIGPRIM] code=0x3c tp=0x28 span=1857x472 at(-1262,1215)
[SFX] Sd_PlaySfx: sfxId=1382 (Sfx_Base+102) vol=175
[BIGPRIM] code=0x3c tp=0x2c span=852x733 at(2062,-1266)
[BIGPRIM] code=0x3c tp=0x2c span=948x803 at(1894,-646)
[BIGPRIM] code=0x3c tp=0x2c span=1020x680 at(1714,-488)
[BIGPRIM] code=0x3c tp=0x2c span=1122x745 at(1798,-575)
[BIGPRIM] code=0x3c tp=0x2c span=1266x842 at(1939,-707)
[SFX] Sd_PlaySfx: sfxId=1382 (Sfx_Base+102) vol=167
[BIGPRIM] code=0x3c tp=0x28 span=1005x360 at(994,713)
[BIGPRIM] code=0x3c tp=0x2c span=1164x1035 at(1945,-1337)
[BIGPRIM] code=0x3c tp=0x2c span=1356x1208 at(2161,-1629)
[BIGPRIM] code=0x3c tp=0x2c span=1038x888 at(3031,-1485)
[BIGPRIM] code=0x3c tp=0x2c span=1512x1156 at(2782,-880)
[SFX] Sd_PlaySfx: sfxId=1382 (Sfx_Base+102) vol=162
[BIGPRIM] code=0x3c tp=0x2c span=1494x1279 at(2962,-2323)
[BIGPRIM] code=0x3a tp=0xa span=1020x770 at(130,-25)
[BIGPRIM] code=0x3c tp=0x2c span=1242x1047 at(1666,-1041)
[BIGPRIM] code=0x3c tp=0x28 span=1542x759 at(-584,986)
[SFX] Sd_PlaySfx: sfxId=1382 (Sfx_Base+102) vol=153
[BIGPRIM] code=0x3c tp=0x28 span=1842x469 at(-818,1324)
[BIGPRIM] code=0x3c tp=0x2c span=2286x1562 at(2566,-1623)
[BIGPRIM] code=0x3c tp=0x2c span=1398x1067 at(1720,-855)
[SFX] Sd_PlaySfx: sfxId=1382 (Sfx_Base+102) vol=136
[BIGPRIM] code=0x3c tp=0x28 span=2052x887 at(1087,896)
[BIGPRIM] code=0x3c tp=0x2c span=882x791 at(1450,-874)
[BIGPRIM] code=0x3c tp=0x2c span=1380x1169 at(1327,-1089)
[BIGPRIM] code=0x3a tp=0xa span=1020x770 at(130,-25)
[SFX] Sd_PlaySfx: sfxId=1382 (Sfx_Base+102) vol=121
[BIGPRIM] code=0x3c tp=0x2c span=1368x1260 at(1987,-1758)
[BIGPRIM] code=0x3c tp=0x2c span=2136x1420 at(1975,-1414)
[BIGPRIM] code=0x3c tp=0x28 span=1107x425 at(-962,732)
[BIGPRIM] code=0x3c tp=0x28 span=981x415 at(847,700)
[SFX] Sd_PlaySfx: sfxId=1382 (Sfx_Base+102) vol=110
[BIGPRIM] code=0x3c tp=0x2c span=1194x1100 at(2710,-1170)
[BIGPRIM] code=0x3c tp=0x2c span=942x804 at(2320,-1430)
[BIGPRIM] code=0x3c tp=0x2c span=1368x1040 at(2071,-877)
[BIGPRIM] code=0x3c tp=0x2c span=1092x835 at(913,-617)
[BIGPRIM] code=0x3c tp=0x2c span=1428x1222 at(2995,-2401)
[SFX] Sd_PlaySfx: sfxId=1382 (Sfx_Base+102) vol=101
[BIGPRIM] code=0x3c tp=0x2c span=1152x1092 at(2077,-1028)
[BIGPRIM] code=0x3c tp=0x2c span=1140x977 at(1399,-1828)
[BIGPRIM] code=0x3c tp=0x2c span=1416x1337 at(2395,-1356)
[BIGPRIM] code=0x3c tp=0x2c span=1116x1053 at(1114,-980)
[BIGPRIM] code=0x3c tp=0x28 span=1896x431 at(-1496,1250)
[SFX] Sd_PlaySfx: sfxId=1382 (Sfx_Base+102) vol=89
[BIGPRIM] code=0x3c tp=0x2c span=1182x1055 at(1165,-1366)
[BIGPRIM] code=0x3c tp=0x28 span=1899x533 at(-1382,1160)
[BIGPRIM] code=0x3c tp=0x5c span=987x232 at(406,-1594)
[SFX] Sd_PlaySfx: sfxId=1382 (Sfx_Base+102) vol=66
[BIGPRIM] code=0x3c tp=0x5c span=960x977 at(1861,-1414)
[BIGPRIM] code=0x3c tp=0x28 span=1839x713 at(1042,871)
[BIGPRIM] code=0x3c tp=0x2c span=1782x1214 at(2260,-1070)
[BIGPRIM] code=0x3c tp=0x28 span=630x993 at(1084,800)
[SFX] Sd_PlaySfx: sfxId=1382 (Sfx_Base+102) vol=56
[BIGPRIM] code=0x3c tp=0x2c span=978x778 at(2074,-1166)
[BIGPRIM] code=0x3c tp=0x2c span=1086x918 at(1333,-700)
[BIGPRIM] code=0x3c tp=0x2c span=918x849 at(1783,-977)
[BIGPRIM] code=0x3c tp=0x5c span=840x1134 at(1120,-1420)
[BIGPRIM] code=0x3c tp=0x28 span=1317x917 at(-830,793)
[SH-XBOX] vblank 52200
[MEM] tick: free=2232KB (558 pages)
[BIGPRIM] code=0x3c tp=0x2c span=1254x1157 at(2134,-1494)
[SFX] Sd_PlaySfx: sfxId=1382 (Sfx_Base+102) vol=33
[BIGPRIM] code=0x3c tp=0x2c span=1488x1375 at(2416,-1857)
[BIGPRIM] code=0x3c tp=0x28 span=522x974 at(1087,835)
[BIGPRIM] code=0x3c tp=0x5c span=1017x1238 at(1324,-1575)
[BIGPRIM] code=0x3c tp=0x5c span=552x1520 at(385,-1648)
[BIGPRIM] code=0x3c tp=0x2c span=2082x1420 at(2668,-1327)
[SFX] Sd_PlaySfx: sfxId=1382 (Sfx_Base+102) vol=38
[BIGPRIM] code=0x3c tp=0x28 span=1731x932 at(-1022,864)
[BIGPRIM] code=0x3c tp=0x5c span=612x806 at(1027,-1121)
[BIGPRIM] code=0x3c tp=0x2c span=1800x1375 at(2554,-1128)
[BIGPRIM] code=0x3c tp=0x2c span=1038x880 at(1627,-842)
[BIGPRIM] code=0x3c tp=0x5c span=618x1398 at(1327,-2034)
[BIGPRIM] code=0x3c tp=0x28 span=1599x726 at(-662,1006)
[BIGPRIM] code=0x3c tp=0x28 span=1890x199 at(829,1578)
[BIGPRIM] code=0x3c tp=0x2c span=1062x810 at(1792,-585)
[BIGPRIM] code=0x3c tp=0x28 span=1821x858 at(961,787)
[BIGPRIM] code=0x3c tp=0x2c span=1080x926 at(2599,-1710)
[BOOT0/TIM] PostLoadTim file=1197 'THR6201F.TIM' ss=0x4dca img.u=0 img.v=0 tPage=0,24 clutX=96 clutY=0
[BOOT0/TIM] post ReadTIM: prect=0xfb65e4 caddr=0xfb6580 paddr=0xfb65ec mode=8
[BOOT0/TIM] pre pixel LoadImage rect=(512,256 64x256)
[BOOT0/TIM] pre CLUT LoadImage rect=(96,0 16x3)
[BOOT0/TIM] PostLoadTim done
[BIGPRIM] code=0x3c tp=0x2c span=1170x977 at(1879,-1153)
[SFX] Sd_PlaySfx: sfxId=1381 (Sfx_Base+101) vol=99
[BIGPRIM] code=0x3c tp=0x2c span=1302x1086 at(1936,-1327)
[BIGPRIM] code=0x3c tp=0x2c span=1374x938 at(1762,-855)
[BIGPRIM] code=0x3c tp=0x28 span=1122x598 at(-722,761)
[BIGPRIM] code=0x3c tp=0x2c span=1734x1150 at(2575,-1125)
[BIGPRIM] code=0x3c tp=0x2c span=2088x1389 at(2665,-1446)
[BIGPRIM] code=0x3c tp=0x2c span=1674x1491 at(2707,-2108)
[BIGPRIM] code=0x3c tp=0x2c span=942x868 at(1780,-1118)
[BIGPRIM] code=0x3c tp=0x2c span=1584x1324 at(1690,-1716)
[SFX] Sd_PlaySfx: sfxId=1382 (Sfx_Base+102) vol=155
[BIGPRIM] code=0x3a tp=0xa span=1020x770 at(130,-25)
[BIGPRIM] code=0x3c tp=0x2c span=1734x1639 at(2113,-1761)
[BIGPRIM] code=0x3c tp=0x28 span=1215x800 at(541,787)
[SFX] Sd_PlaySfx: sfxId=1382 (Sfx_Base+102) vol=186
[BIGPRIM] code=0x3c tp=0x2c span=1062x977 at(2377,-989)
[BIGPRIM] code=0x3c tp=0x28 span=1809x839 at(-1142,925)
[BIGPRIM] code=0x3c tp=0x28 span=1218x813 at(526,787)
[BIGPRIM] code=0x3c tp=0x2c span=1020x849 at(1537,-945)
[BIGPRIM] code=0x3c tp=0x2c span=1284x1188 at(3067,-1150)
[SFX] Sd_PlaySfx: sfxId=1382 (Sfx_Base+102) vol=207
[BIGPRIM] code=0x3c tp=0x2c span=936x790 at(1816,-540)
[BIGPRIM] code=0x3c tp=0x2c span=1320x899 at(1702,-678)
[BIGPRIM] code=0x3c tp=0x2c span=1350x1067 at(2704,-1931)
[BIGPRIM] code=0x3c tp=0x28 span=2007x604 at(-1676,1102)
[BIGPRIM] code=0x3c tp=0x2c span=1008x848 at(1501,-797)
[BIGPRIM] code=0x3c tp=0x2c span=1068x725 at(1825,-562)
[BIGPRIM] code=0x3c tp=0x2c span=1188x905 at(1435,-594)
[BIGPRIM] code=0x3c tp=0x28 span=990x604 at(580,758)
[BIGPRIM] code=0x3c tp=0x2c span=2160x1434 at(2629,-1507)
[SFX] Sd_PlaySfx: sfxId=1382 (Sfx_Base+102) vol=225
[BIGPRIM] code=0x3c tp=0x28 span=1077x354 at(1063,713)
[BIGPRIM] code=0x3c tp=0x28 span=1461x942 at(-740,835)
[BIGPRIM] code=0x3c tp=0x2c span=1026x945 at(1891,-1137)
[BIGPRIM] code=0x3a tp=0xa span=1020x770 at(130,-25)
[BIGPRIM] code=0x3c tp=0x28 span=918x784 at(-83,781)
[BIGPRIM] code=0x3c tp=0x2c span=1500x1150 at(2125,-1015)
[SFX] Sd_PlaySfx: sfxId=1382 (Sfx_Base+102) vol=239
[BIGPRIM] code=0x3c tp=0x28 span=1125x559 at(862,755)
[BIGPRIM] code=0x3c tp=0x2c span=1542x1221 at(2938,-2272)
[BIGPRIM] code=0x3a tp=0xa span=1020x770 at(130,-25)
[BIGPRIM] code=0x3c tp=0x2c span=1080x911 at(1750,-793)
[SFX] Sd_PlaySfx: sfxId=1382 (Sfx_Base+102) vol=246
[BIGPRIM] code=0x3c tp=0x28 span=1197x492 at(-1043,745)
[BIGPRIM] code=0x3c tp=0x2c span=972x822 at(1906,-758)
[BIGPRIM] code=0x3c tp=0x2c span=1080x912 at(1969,-890)
[SFX] Sd_PlaySfx: sfxId=1382 (Sfx_Base+102) vol=250
[BIGPRIM] code=0x3c tp=0x2c span=888x758 at(1381,-501)
[BIGPRIM] code=0x3c tp=0x2c span=954x809 at(1384,-565)
[BIGPRIM] code=0x3c tp=0x2c span=1032x873 at(1390,-642)
[BIGPRIM] code=0x3c tp=0x2c span=1116x739 at(1735,-466)
[SFX] Sd_PlaySfx: sfxId=1382 (Sfx_Base+102) vol=252
[BIGPRIM] code=0x3c tp=0x2c span=894x798 at(1567,-826)
[BIGPRIM] code=0x3c tp=0x2c span=1506x1195 at(2803,-2024)
[BIGPRIM] code=0x3c tp=0x2c span=1068x951 at(1744,-1073)
[BIGPRIM] code=0x3c tp=0x28 span=2148x662 at(-1958,1057)
[BIGPRIM] code=0x3c tp=0x2c span=984x834 at(1786,-777)
[BIGPRIM] code=0x3c tp=0x2c span=1098x751 at(2218,-597)
[SFX] Sd_PlaySfx: sfxId=1382 (Sfx_Base+102) vol=253
[BIGPRIM] code=0x3c tp=0x28 span=966x385 at(-683,720)
[BIGPRIM] code=0x3c tp=0x2c span=1566x1479 at(2797,-1549)
[BIGPRIM] code=0x3a tp=0xa span=1020x770 at(130,-25)
[BIGPRIM] code=0x3c tp=0x2c span=1134x866 at(2041,-658)
[SFX] Sd_PlaySfx: sfxId=1382 (Sfx_Base+102) vol=254
[BIGPRIM] code=0x3c tp=0x2c span=1104x751 at(1645,-597)
[BIGPRIM] code=0x3c tp=0x2c span=840x777 at(1768,-700)
[BIGPRIM] code=0x3c tp=0x35 span=2238x389 at(826,-2931)
[BIGPRIM] code=0x3c tp=0x28 span=1752x421 at(430,1269)
[BIGPRIM] code=0x3c tp=0x28 span=1506x935 at(493,842)
[BIGPRIM] code=0x3c tp=0x2c span=1644x1389 at(1390,-1578)
[SFX] Sd_PlaySfx: sfxId=1382 (Sfx_Base+102) vol=255
[BIGPRIM] code=0x3c tp=0x2c span=1140x1054 at(2371,-1452)
[BOOT0/TIM] PostLoadTim file=1141 'THR1501F.TIM' ss=0x4a7a img.u=0 img.v=0 tPage=0,23 clutX=80 clutY=0
[BOOT0/TIM] post ReadTIM: prect=0xfb6624 caddr=0xfb6580 paddr=0xfb662c mode=8
[BOOT0/TIM] pre pixel LoadImage rect=(448,256 64x256)
[BOOT0/TIM] pre CLUT LoadImage rect=(80,0 16x5)
[BOOT0/TIM] PostLoadTim done
[BIGPRIM] code=0x3c tp=0x2c span=990x823 at(1096,-903)
[BIGPRIM] code=0x3c tp=0x28 span=1986x800 at(1039,816)
[BIGPRIM] code=0x3c tp=0x28 span=1587x945 at(-1031,832)
[BIGPRIM] code=0x3a tp=0xa span=1020x770 at(130,-25)
[SFX] Sd_PlaySfx: sfxId=1382 (Sfx_Base+102) vol=255
[BIGPRIM] code=0x3c tp=0x28 span=1059x469 at(-767,739)
[BIGPRIM] code=0x3c tp=0x28 span=1683x536 at(1108,720)
[BIGPRIM] code=0x3a tp=0xa span=1020x770 at(130,-25)
[SFX] Sd_PlaySfx: sfxId=1382 (Sfx_Base+102) vol=255
[BIGPRIM] code=0x3c tp=0x28 span=1722x414 at(745,1276)
[SPAWN-FIRE?] slot=24 allPass! npcFlags=0x4 flagsId=3 full=0 vblanks=1 ABOUT TO TRY SPAWN
[SPAWN-FIRE!] slot=24 gates passed â†’ entering spawn block, npcIdx will be assigned
[SPAWN] slot=24 -> npc[0] charaId=4 stateStep=3 pos=(99,132)
[SFX] Sd_PlaySfx: sfxId=1321 (Sfx_Base+41) vol=0
[BIGPRIM] code=0x3c tp=0x2c span=1044x964 at(2656,-970)
[BIGPRIM] code=0x3c tp=0x2c span=1296x1196 at(3061,-1311)
[BIGPRIM] code=0x3a tp=0xa span=1020x770 at(130,-25)
[BIGPRIM] code=0x3c tp=0x2c span=1596x1220 at(2569,-1102)
[BIGPRIM] code=0x3c tp=0x28 span=1845x473 at(-32,1330)
[BIGPRIM] code=0x3c tp=0x2c span=1320x1246 at(2497,-1234)
[BIGPRIM] code=0x3c tp=0x2c span=1320x1177 at(2719,-1575)
[SFX] Sd_PlaySfx: sfxId=1406 (Sfx_Base+126) vol=253
[BIGPRIM] code=0x3c tp=0x28 span=1377x942 at(-605,835)
[BIGPRIM] code=0x3c tp=0x28 span=1776x431 at(667,1311)
[BIGPRIM] code=0x3c tp=0x28 span=1806x951 at(-1421,832)
[BIGPRIM] code=0x3c tp=0x2c span=858x809 at(1828,-652)
[BIGPRIM] code=0x3c tp=0x2c span=840x777 at(2185,-957)
[BIGPRIM] code=0x3c tp=0x2c span=1170x796 at(2146,-552)
[BIGPRIM] code=0x3c tp=0x2c span=1194x1124 at(2278,-1073)
[BIGPRIM] code=0x3c tp=0x2c span=1356x1285 at(2518,-1288)
[BIGPRIM] code=0x3c tp=0x28 span=1872x925 at(-1244,871)
[BIGPRIM] code=0x3c tp=0x2c span=1140x777 at(1951,-527)
[BIGPRIM] code=0x3c tp=0x2c span=948x873 at(2254,-732)
[BIGPRIM] code=0x3c tp=0x28 span=1491x501 at(610,1192)
[BIGPRIM] code=0x3c tp=0x28 span=1614x926 at(841,845)
[BIGPRIM] code=0x3c tp=0x2c span=1236x944 at(1906,-636)
[BIGPRIM] code=0x3a tp=0xa span=1020x770 at(130,-25)
[BIGPRIM] code=0x3c tp=0x2c span=1200x1022 at(2641,-707)
[BIGPRIM] code=0x3c tp=0x2c span=1956x1490 at(2731,-1073)
[BIGPRIM] code=0x3c tp=0x2c span=1050x712 at(2479,-446)
[BIGPRIM] code=0x3c tp=0x2c span=1536x1022 at(2941,-675)
[BIGPRIM] code=0x3c tp=0x2c span=1224x1034 at(2437,-957)
[BIGPRIM] code=0x3a tp=0xa span=1020x770 at(130,-25)
[BIGPRIM] code=0x3c tp=0x28 span=984x367 at(985,713)
[BIGPRIM] code=0x3c tp=0x28 span=1491x813 at(-50,945)
[BIGPRIM] code=0x3c tp=0x2c span=1536x1421 at(2941,-1459)
[BIGPRIM] code=0x3c tp=0x28 span=1851x427 at(-842,1369)
[BIGPRIM] code=0x3c tp=0x2c span=966x815 at(2515,-748)
[BIGPRIM] code=0x3c tp=0x2c span=1044x880 at(2611,-842)
[BIGPRIM] code=0x3c tp=0x2c span=816x752 at(3085,-662)
[BIGPRIM] code=0x3c tp=0x2c span=1830x1530 at(2794,-1857)
[BIGPRIM] code=0x3c tp=0x28 span=2055x948 at(-1880,829)
[BIGPRIM] code=0x3c tp=0x28 span=1530x479 at(418,1208)
[BIGPRIM] code=0x3c tp=0x2c span=1716x1530 at(2851,-1989)
[BIGPRIM] code=0x3c tp=0x28 span=1176x986 at(-53,810)
[BIGPRIM] code=0x3c tp=0x28 span=1104x446 at(-908,736)
[BIGPRIM] code=0x3c tp=0x28 span=1845x470 at(-122,1333)
[BIGPRIM] code=0x3c tp=0x28 span=1542x444 at(823,1237)
[BIGPRIM] code=0x3c tp=0x28 span=1491x756 at(214,989)
[CHNK] n=4 s0=3,3,st2 s1=2,3,st3 s2=3,2,st2 s3=2,2,st3
[BIGPRIM] code=0x3c tp=0x28 span=1707x970 at(-1334,813)
[BIGPRIM] code=0x3c tp=0x28 span=1857x276 at(-1010,1507)
[BOOT0/TIM] PostLoadTim file=1196 'THR6101F.TIM' ss=0x4db9 img.u=0 img.v=0 tPage=0,22 clutX=64 clutY=0
[BOOT0/TIM] post ReadTIM: prect=0xfb6604 caddr=0xfb6580 paddr=0xfb660c mode=8
[BOOT0/TIM] pre pixel LoadImage rect=(384,256 64x256)
[BOOT0/TIM] pre CLUT LoadImage rect=(64,0 16x4)
[BOOT0/TIM] PostLoadTim done
[BIGPRIM] code=0x3a tp=0xa span=1020x770 at(130,-25)
[BIGPRIM] code=0x3c tp=0x28 span=2193x881 at(-1796,896)
[BIGPRIM] code=0x3c tp=0x28 span=1071x768 at(304,781)
[BIGPRIM] code=0x3c tp=0x28 span=1119x466 at(-914,739)
[BIGPRIM] code=0x3c tp=0x2c span=1422x1202 at(1615,-1311)
[BIGPRIM] code=0x3c tp=0x2c span=1248x848 at(2287,-572)
[BIGPRIM] code=0x3c tp=0x2c span=948x873 at(2452,-687)
[BIGPRIM] code=0x3a tp=0xa span=1020x770 at(130,-25)
[BIGPRIM] code=0x3c tp=0x28 span=1614x920 at(-929,851)
[BIGPRIM] code=0x3a tp=0xa span=1020x770 at(130,-25)
[BIGPRIM] code=0x3a tp=0xa span=1020x770 at(130,-25)
[BIGPRIM] code=0x3c tp=0x2c span=1134x957 at(1861,-916)
[BIGPRIM] code=0x3c tp=0x28 span=1044x466 at(904,739)
[BIGPRIM] code=0x3c tp=0x28 span=2139x714 at(-1856,1018)
[BIGPRIM] code=0x3c tp=0x28 span=1845x174 at(-362,1597)
[SPAWN-FIRE?] slot=23 allPass! npcFlags=0x5 flagsId=3 full=0 vblanks=1 ABOUT TO TRY SPAWN
[SPAWN-FIRE!] slot=23 gates passed â†’ entering spawn block, npcIdx will be assigned
[SPAWN] slot=23 -> npc[1] charaId=4 stateStep=3 pos=(80,140)
[SFX] Sd_PlaySfx: sfxId=1322 (Sfx_Base+42) vol=0
[BIGPRIM] code=0x3c tp=0x2c span=1032x706 at(2017,-533)
[SFX] Sd_PlaySfx: sfxId=1406 (Sfx_Base+126) vol=254
[BIGPRIM] code=0x3c tp=0x2c span=954x881 at(2431,-1096)
[BIGPRIM] code=0x3c tp=0x2c span=1272x1074 at(2002,-1125)
[BIGPRIM] code=0x3c tp=0x2c span=1452x1228 at(2194,-1346)
[BIGPRIM] code=0x3c tp=0x2c span=1476x1363 at(2971,-1938)
[BIGPRIM] code=0x3c tp=0x28 span=1638x778 at(-794,967)
[BIGPRIM] code=0x3c tp=0x28 span=2268x877 at(-1928,900)
[BIGPRIM] code=0x3c tp=0x28 span=2073x922 at(-1574,874)
[BIGPRIM] code=0x3c tp=0x28 span=1491x843 at(280,928)
[BIGPRIM] code=0x3c tp=0x28 span=1269x418 at(1111,729)
[BIGPRIM] code=0x3c tp=0x28 span=1716x643 at(-860,1070)
[BIGPRIM] code=0x3c tp=0x28 span=1908x993 at(925,810)
[BIGPRIM] code=0x3c tp=0x28 span=1491x656 at(-146,1063)
[BIGPRIM] code=0x3c tp=0x28 span=2064x865 at(1129,906)
[BIGPRIM] code=0x3c tp=0x28 span=1890x871 at(-1280,906)
[BIGPRIM] code=0x3c tp=0x28 span=1044x871 at(-323,787)
[SFX] Sd_PlaySfx: sfxId=1406 (Sfx_Base+126) vol=253
[BIGPRIM] code=0x3c tp=0x28 span=2235x936 at(-2015,835)
[BIGPRIM] code=0x3c tp=0x28 span=1578x942 at(835,861)
[BOOT0/TIM] PostLoadTim file=1139 'THR1301F.TIM' ss=0x4a58 img.u=0 img.v=0 tPage=0,25 clutX=112 clutY=0
[BOOT0/TIM] post ReadTIM: prect=0xfb6624 caddr=0xfb6580 paddr=0xfb662c mode=8
[BOOT0/TIM] pre pixel LoadImage rect=(576,256 64x256)
[BOOT0/TIM] pre CLUT LoadImage rect=(112,0 16x5)
[BOOT0/TIM] PostLoadTim done
[BIGPRIM] code=0x3c tp=0x28 span=1008x562 at(-503,755)
[BIGPRIM] code=0x3c tp=0x28 span=1032x418 at(-782,729)
[BIGPRIM] code=0x3c tp=0x28 span=1491x688 at(142,1044)
[FOGST-GPU] clear=0xff000000
[BOOT0/TIM] PostLoadTim file=1910 'MR_0TOWN.TIM' ss=0x8998 img.u=32 img.v=0 tPage=0,7 clutX=480 clutY=255
[BOOT0/TIM] post ReadTIM: prect=0xfac5a4 caddr=0xfac580 paddr=0xfac5ac mode=8
[BOOT0/TIM] pre pixel LoadImage rect=(480,0 32x256)
[BOOT0/TIM] pre CLUT LoadImage rect=(480,255 16x1)
[BOOT0/TIM] PostLoadTim done
[BIGPRIM] code=0x3c tp=0x28 span=1845x383 at(142,1407)
[BIGPRIM] code=0x3c tp=0x28 span=972x720 at(-275,774)
[BIGPRIM] code=0x3c tp=0x28 span=1914x511 at(-1388,1182)
[BIGPRIM] code=0x3a tp=0xa span=1020x770 at(130,-25)
[SH-XBOX] GameState -> 15 (step 0)
[SFX] Sd_PlaySfx: sfxId=1308 (Sfx_Base+28) vol=0
[BOOT0/TIM] PostLoadTim file=1896 'MP_0TOWN.TIM' ss=0x8570 img.u=0 img.v=16 tPage=1,5 clutX=224 clutY=15
[BOOT0/TIM] post ReadTIM: prect=0xf99784 caddr=0xf99580 paddr=0xf9978c mode=9
[BOOT0/TIM] pre pixel LoadImage rect=(320,16 160x480)
[BOOT0/TIM] pre CLUT LoadImage rect=(224,15 256x1)
[BOOT0/TIM] PostLoadTim done
[SH-XBOX] vblank 52800
[MEM] tick: free=2232KB (558 pages)
[SFX] Sd_PlaySfx: sfxId=1308 (Sfx_Base+28) vol=0
[SH-XBOX] GameState -> 11 (step 0)
[SFX] Sd_PlaySfx: sfxId=1321 (Sfx_Base+41) vol=0
[SFX] Sd_PlaySfx: sfxId=1322 (Sfx_Base+42) vol=0
[BIGPRIM] code=0x3c tp=0x28 span=1896x415 at(-1382,1266)
[BIGPRIM] code=0x3c tp=0x28 span=1011x495 at(-599,745)
[FOGST-GPU] clear=0xff6c6474
[BIGPRIM] code=0x3c tp=0x28 span=1854x363 at(853,1427)
[BIGPRIM] code=0x3c tp=0x28 span=2052x948 at(1009,829)
[BIGPRIM] code=0x3c tp=0x28 span=1527x579 at(40,1121)
[BIGPRIM] code=0x3c tp=0x28 span=1809x698 at(-1070,1028)
[BIGPRIM] code=0x3c tp=0x28 span=2379x816 at(-2204,948)
[BIGPRIM] code=0x3c tp=0x28 span=2034x997 at(955,806)
[BIGPRIM] code=0x3c tp=0x28 span=2007x880 at(-1484,903)
[BIGPRIM] code=0x3c tp=0x28 span=1989x797 at(-1484,961)
[FOGST-GPU] clear=0xff000000
[BOOT0/TIM] PostLoadTim file=1910 'MR_0TOWN.TIM' ss=0x8998 img.u=32 img.v=0 tPage=0,7 clutX=480 clutY=255
[BOOT0/TIM] post ReadTIM: prect=0xfac5a4 caddr=0xfac580 paddr=0xfac5ac mode=8
[BOOT0/TIM] pre pixel LoadImage rect=(480,0 32x256)
[BOOT0/TIM] pre CLUT LoadImage rect=(480,255 16x1)
[BOOT0/TIM] PostLoadTim done
[BIGPRIM] code=0x3c tp=0x28 span=1989x797 at(-1484,961)
[SFX] Sd_PlaySfx: sfxId=1406 (Sfx_Base+126) vol=254
[BIGPRIM] code=0x3c tp=0x28 span=1989x797 at(-1484,961)
[BIGPRIM] code=0x3c tp=0x28 span=1989x797 at(-1484,961)
[SH-XBOX] GameState -> 15 (step 0)
[SFX] Sd_PlaySfx: sfxId=1308 (Sfx_Base+28) vol=0
[BOOT0/TIM] PostLoadTim file=1896 'MP_0TOWN.TIM' ss=0x8570 img.u=0 img.v=16 tPage=1,5 clutX=224 clutY=15
[BOOT0/TIM] post ReadTIM: prect=0xf99784 caddr=0xf99580 paddr=0xf9978c mode=9
[BOOT0/TIM] pre pixel LoadImage rect=(320,16 160x480)
[BOOT0/TIM] pre CLUT LoadImage rect=(224,15 256x1)
[BOOT0/TIM] PostLoadTim done
[SH-XBOX] vblank 53400
[MEM] tick: free=2232KB (558 pages)
[SFX] Sd_PlaySfx: sfxId=1308 (Sfx_Base+28) vol=0
[SH-XBOX] GameState -> 11 (step 0)
[SFX] Sd_PlaySfx: sfxId=1321 (Sfx_Base+41) vol=0
[SFX] Sd_PlaySfx: sfxId=1322 (Sfx_Base+42) vol=0
[BIGPRIM] code=0x3c tp=0x28 span=1521x621 at(10,1092)
[BIGPRIM] code=0x3c tp=0x28 span=1521x621 at(10,1092)
[FOGST-GPU] clear=0xff6c6474
[BIGPRIM] code=0x3c tp=0x28 span=1533x610 at(58,1096)
[BIGPRIM] code=0x3c tp=0x28 span=1212x373 at(1129,742)
[BIGPRIM] code=0x3c tp=0x28 span=2001x547 at(-404,1243)
[BIGPRIM] code=0x3c tp=0x28 span=1128x585 at(-893,723)
[BIGPRIM] code=0x3c tp=0x28 span=2007x778 at(-1367,925)
[BIGPRIM] code=0x3a tp=0xa span=1020x770 at(130,-25)
[BIGPRIM] code=0x3c tp=0x28 span=1929x450 at(-1748,1231)
[SFX] Sd_PlaySfx: sfxId=1406 (Sfx_Base+126) vol=255
[BIGPRIM] code=0x3c tp=0x28 span=2061x967 at(1066,829)
[BIGPRIM] code=0x3c tp=0x28 span=1614x987 at(1057,803)
[BIGPRIM] code=0x3c tp=0x28 span=1905x559 at(-1277,1208)
[BIGPRIM] code=0x3a tp=0xa span=1020x770 at(130,-25)
[BIGPRIM] code=0x3c tp=0x28 span=1716x913 at(-1430,867)
[BIGPRIM] code=0x3c tp=0x28 span=1944x572 at(31,1208)
[FOGST-GPU] clear=0xff000000
[BOOT0/TIM] PostLoadTim file=1910 'MR_0TOWN.TIM' ss=0x8998 img.u=32 img.v=0 tPage=0,7 clutX=480 clutY=255
[BOOT0/TIM] post ReadTIM: prect=0xfac5a4 caddr=0xfac580 paddr=0xfac5ac mode=8
[BOOT0/TIM] pre pixel LoadImage rect=(480,0 32x256)
[BOOT0/TIM] pre CLUT LoadImage rect=(480,255 16x1)
[BOOT0/TIM] PostLoadTim done
[BIGPRIM] code=0x3c tp=0x28 span=1080x996 at(31,784)
[BIGPRIM] code=0x3c tp=0x28 span=2316x771 at(1111,980)
[SH-XBOX] GameState -> 15 (step 0)
[SFX] Sd_PlaySfx: sfxId=1308 (Sfx_Base+28) vol=0
[BOOT0/TIM] PostLoadTim file=1896 'MP_0TOWN.TIM' ss=0x8570 img.u=0 img.v=16 tPage=1,5 clutX=224 clutY=15
[BOOT0/TIM] post ReadTIM: prect=0xf99784 caddr=0xf99580 paddr=0xf9978c mode=9
[BOOT0/TIM] pre pixel LoadImage rect=(320,16 160x480)
[BOOT0/TIM] pre CLUT LoadImage rect=(224,15 256x1)
[BOOT0/TIM] PostLoadTim done
[SH-XBOX] vblank 54000
[MEM] tick: free=2232KB (558 pages)
[SH-XBOX] vblank 54600
[MEM] tick: free=2232KB (558 pages)
[SFX] Sd_PlaySfx: sfxId=1308 (Sfx_Base+28) vol=0
[SH-XBOX] GameState -> 11 (step 0)
[SFX] Sd_PlaySfx: sfxId=1321 (Sfx_Base+41) vol=0
[SFX] Sd_PlaySfx: sfxId=1322 (Sfx_Base+42) vol=0
[BIGPRIM] code=0x3c tp=0x28 span=1134x964 at(94,813)
[BIGPRIM] code=0x3c tp=0x28 span=1566x884 at(184,883)
[FOGST-GPU] clear=0xff6c6474
[BIGPRIM] code=0x3a tp=0xa span=1020x770 at(130,-25)
[BIGPRIM] code=0x3c tp=0x28 span=2061x524 at(-488,1247)
[BIGPRIM] code=0x3c tp=0x28 span=2172x177 at(721,1523)
[BIGPRIM] code=0x3c tp=0x2c span=1152x976 at(-3008,-803)
[BIGPRIM] code=0x3c tp=0x2c span=1158x790 at(-3011,-578)
[BIGPRIM] code=0x3c tp=0x28 span=2154x861 at(-1718,916)
[BIGPRIM] code=0x3a tp=0xa span=1020x770 at(130,-25)
[BIGPRIM] code=0x3c tp=0x28 span=1173x598 at(-935,752)
[FOGST-GPU] clear=0xff000000
[BIGPRIM] code=0x3a tp=0xa span=1020x770 at(130,-25)
[BOOT0/TIM] PostLoadTim file=1910 'MR_0TOWN.TIM' ss=0x8998 img.u=32 img.v=0 tPage=0,7 clutX=480 clutY=255
[BOOT0/TIM] post ReadTIM: prect=0xfac5a4 caddr=0xfac580 paddr=0xfac5ac mode=8
[BOOT0/TIM] pre pixel LoadImage rect=(480,0 32x256)
[BOOT0/TIM] pre CLUT LoadImage rect=(480,255 16x1)
[BOOT0/TIM] PostLoadTim done
[BIGPRIM] code=0x3c tp=0x28 span=1683x540 at(190,1160)
[BIGPRIM] code=0x3c tp=0x28 span=1683x540 at(190,1160)
[SH-XBOX] vblank 55200
[MEM] tick: free=2232KB (558 pages)
[SFX] Sd_PlaySfx: sfxId=1406 (Sfx_Base+126) vol=253
[SH-XBOX] GameState -> 15 (step 0)
[SFX] Sd_PlaySfx: sfxId=1308 (Sfx_Base+28) vol=0
[BOOT0/TIM] PostLoadTim file=1896 'MP_0TOWN.TIM' ss=0x8570 img.u=0 img.v=16 tPage=1,5 clutX=224 clutY=15
[BOOT0/TIM] post ReadTIM: prect=0xf99784 caddr=0xf99580 paddr=0xf9978c mode=9
[BOOT0/TIM] pre pixel LoadImage rect=(320,16 160x480)
[BOOT0/TIM] pre CLUT LoadImage rect=(224,15 256x1)
[BOOT0/TIM] PostLoadTim done
[SFX] Sd_PlaySfx: sfxId=1308 (Sfx_Base+28) vol=0
[BIGPRIM] code=0x2c tp=0x96 span=384x765 at(544,360)
[SH-XBOX] GameState -> 11 (step 0)
[SFX] Sd_PlaySfx: sfxId=1321 (Sfx_Base+41) vol=0
[SFX] Sd_PlaySfx: sfxId=1322 (Sfx_Base+42) vol=0
[BIGPRIM] code=0x3c tp=0x28 span=1974x598 at(-1484,1108)
[BIGPRIM] code=0x3a tp=0xa span=1020x770 at(130,-25)
[FOGST-GPU] clear=0xff6c6474
[BIGPRIM] code=0x3c tp=0x28 span=1497x729 at(58,1009)
[BIGPRIM] code=0x3a tp=0xa span=1020x770 at(130,-25)
[BIGPRIM] code=0x3c tp=0x28 span=1587x929 at(862,835)
[BIGPRIM] code=0x3a tp=0xa span=1020x770 at(130,-25)
[BIGPRIM] code=0x3c tp=0x28 span=2007x987 at(988,803)
[BIGPRIM] code=0x3c tp=0x28 span=2067x935 at(1039,784)
[BIGPRIM] code=0x3c tp=0x28 span=1518x987 at(-1301,793)
[BIGPRIM] code=0x3a tp=0xa span=1020x770 at(130,-25)
[BIGPRIM] code=0x3c tp=0x28 span=1284x1003 at(-788,793)
[BIGPRIM] code=0x3a tp=0xa span=1020x770 at(130,-25)
[BIGPRIM] code=0x3c tp=0x28 span=1914x527 at(-1280,1276)
[BIGPRIM] code=0x3c tp=0x28 span=1149x973 at(-74,810)
[BIGPRIM] code=0x3c tp=0x28 span=1917x527 at(-392,1260)
[BIGPRIM] code=0x3c tp=0x28 span=993x332 at(1072,703)
[CHNK] n=4 s0=1,2,st3 s1=2,3,st3 s2=1,3,st3 s3=2,2,st3
[BIGPRIM] code=0x3c tp=0x28 span=1911x537 at(274,1266)
[SFX] Sd_PlaySfx: sfxId=1406 (Sfx_Base+126) vol=239
[BIGPRIM] code=0x3c tp=0x28 span=1641x980 at(868,810)
[BIGPRIM] code=0x3c tp=0x28 span=2025x907 at(-1622,851)
[BIGPRIM] code=0x3a tp=0xa span=1020x770 at(130,-25)
[BIGPRIM] code=0x3c tp=0x28 span=1362x742 at(-1202,768)
[BIGPRIM] code=0x3c tp=0x28 span=1248x867 at(538,781)
[BIGPRIM] code=0x3a tp=0xa span=1020x770 at(130,-25)
[BIGPRIM] code=0x3c tp=0x2c span=1002x791 at(-2195,-1324)
[BIGPRIM] code=0x3c tp=0x2c span=900x771 at(-1871,-1359)
[BIGPRIM] code=0x3c tp=0x28 span=1131x688 at(721,761)
[BIGPRIM] code=0x3c tp=0x28 span=1710x932 at(-1193,832)
[BIGPRIM] code=0x3a tp=0xa span=1020x770 at(130,-25)
[BIGPRIM] code=0x3c tp=0x28 span=2553x909 at(-2360,858)
[BOOT0/TIM] PostLoadTim file=1165 'THR3501F.TIM' ss=0x4bf2 img.u=0 img.v=0 tPage=0,22 clutX=64 clutY=0
[BOOT0/TIM] post ReadTIM: prect=0xfb6784 caddr=0xfb6580 paddr=0xfb678c mode=8
[BOOT0/TIM] pre pixel LoadImage rect=(384,256 64x256)
[BOOT0/TIM] pre CLUT LoadImage rect=(64,0 16x16)
[BOOT0/TIM] PostLoadTim done
[BIGPRIM] code=0x3c tp=0x2c span=882x785 at(-1409,-903)
[BIGPRIM] code=0x3c tp=0x2c span=978x874 at(-1646,-1060)
[BIGPRIM] code=0x3c tp=0x2c span=1122x950 at(-1502,-848)
[SFX] Sd_PlaySfx: sfxId=1406 (Sfx_Base+126) vol=254
[BIGPRIM] code=0x3c tp=0x28 span=1914x382 at(931,1401)
[BIGPRIM] code=0x3c tp=0x2c span=1488x1376 at(-3176,-1790)
[BIGPRIM] code=0x3c tp=0x2c span=1164x971 at(-1706,-1144)
[BIGPRIM] code=0x3c tp=0x2c span=894x765 at(-2276,-1173)
[BIGPRIM] code=0x3c tp=0x2c span=1230x841 at(-2432,-562)
[BIGPRIM] code=0x3c tp=0x2c span=972x893 at(-1955,-871)
[BIGPRIM] code=0x34 tp=0x5c span=972x97 at(-1943,671)
[BIGPRIM] code=0x3a tp=0xa span=1020x770 at(130,-25)
[GROANER] lying dist=3468 noise=0 hear=0 losq=1 flags=0x4A0 anim=33 ctl=2
[BIGPRIM] code=0x3c tp=0x28 span=1146x990 at(97,800)
[BIGPRIM] code=0x3c tp=0x2c span=1620x1492 at(-3242,-1745)
[BIGPRIM] code=0x3a tp=0xa span=1020x770 at(130,-25)
[BIGPRIM] code=0x3c tp=0x28 span=1065x739 at(-521,768)
[BIGPRIM] code=0x3a tp=0xa span=1020x770 at(130,-25)
[BIGPRIM] code=0x3c tp=0x28 span=900x797 at(-107,771)
[BIGPRIM] code=0x3c tp=0x28 span=1737x514 at(-98,1179)
[BIGPRIM] code=0x3c tp=0x2c span=978x648 at(-1916,-446)
[BIGPRIM] code=0x3c tp=0x2c span=1044x989 at(-2204,-890)
[BIGPRIM] code=0x3a tp=0xa span=1020x770 at(130,-25)
[BIGPRIM] code=0x3c tp=0x2c span=810x746 at(-2795,-903)
[BIGPRIM] code=0x3c tp=0x2c span=1008x770 at(-2051,-536)
[BIGPRIM] code=0x3c tp=0x28 span=2067x694 at(-1682,1038)
[BIGPRIM] code=0x3c tp=0x2c span=1524x1014 at(-3194,-941)
[BIGPRIM] code=0x3c tp=0x2c span=1134x866 at(-2999,-658)
[BIGPRIM] code=0x3c tp=0x28 span=1467x639 at(148,1080)
[BIGPRIM] code=0x3c tp=0x2c span=1716x1434 at(-3290,-1896)
[GROANER] lying dist=6093 noise=0 hear=0 losq=1 flags=0x4A0 anim=33 ctl=2
[BIGPRIM] code=0x3c tp=0x2c span=1266x1067 at(-2522,-1115)
[BIGPRIM] code=0x3a tp=0xa span=1020x770 at(130,-25)
[BIGPRIM] code=0x3c tp=0x28 span=1260x739 at(844,768)
[BIGPRIM] code=0x3c tp=0x2c span=1308x867 at(-3026,-623)
[BIGPRIM] code=0x3c tp=0x2c span=1692x1563 at(-3278,-1845)
[BIGPRIM] code=0x3c tp=0x28 span=2235x743 at(-2012,1002)
[BIGPRIM] code=0x3c tp=0x28 span=1014x322 at(1111,700)
[BIGPRIM] code=0x3c tp=0x28 span=2157x887 at(-1694,896)
[BIGPRIM] code=0x3c tp=0x2c span=876x828 at(-1826,-591)
[BOOT0/TIM] PostLoadTim file=1171 'THR3901F.TIM' ss=0x4c48 img.u=0 img.v=0 tPage=0,25 clutX=112 clutY=0
[BOOT0/TIM] post ReadTIM: prect=0xfb6604 caddr=0xfb6580 paddr=0xfb660c mode=8
[BOOT0/TIM] pre pixel LoadImage rect=(576,256 64x256)
[BOOT0/TIM] pre CLUT LoadImage rect=(112,0 16x4)
[BOOT0/TIM] PostLoadTim done
[BIGPRIM] code=0x3c tp=0x28 span=1023x338 at(1078,703)
[BIGPRIM] code=0x3c tp=0x2c span=1032x920 at(-2669,-1022)
[BIGPRIM] code=0x3c tp=0x2c span=1266x1132 at(-3065,-1353)
[BIGPRIM] code=0x3c tp=0x2c span=1170x892 at(-2597,-581)
[BIGPRIM] code=0x3c tp=0x2c span=2286x1523 at(-3575,-1427)
[BIGPRIM] code=0x3c tp=0x2c span=972x919 at(-2234,-797)
[BIGPRIM] code=0x3c tp=0x2c span=954x848 at(-2417,-1015)
[BIGPRIM] code=0x3c tp=0x2c span=1422x1202 at(-2993,-1186)
[BIGPRIM] code=0x3c tp=0x2c span=1248x1112 at(-3056,-1465)
[BIGPRIM] code=0x3c tp=0x2c span=1686x1118 at(-3275,-1083)
[BIGPRIM] code=0x3c tp=0x28 span=1473x958 at(-926,819)
[BIGPRIM] code=0x3c tp=0x28 span=1374x993 at(469,803)
[BIGPRIM] code=0x3c tp=0x28 span=1755x488 at(142,1205)
[BIGPRIM] code=0x3c tp=0x28 span=1638x623 at(-332,1096)
[SFX] Sd_PlaySfx: sfxId=1406 (Sfx_Base+126) vol=246
[BIGPRIM] code=0x3c tp=0x28 span=1968x790 at(-1376,961)
[BIGPRIM] code=0x3a tp=0xa span=1020x770 at(130,-25)
[BIGPRIM] code=0x3a tp=0xa span=1020x770 at(130,-25)
[BIGPRIM] code=0x3c tp=0x28 span=1551x973 at(-1154,810)
[BIGPRIM] code=0x3c tp=0x28 span=1494x961 at(709,822)
[BIGPRIM] code=0x3c tp=0x28 span=1467x861 at(250,916)
[BIGPRIM] code=0x3c tp=0x2c span=768x725 at(-1718,-536)
[BIGPRIM] code=0x3c tp=0x2c span=1524x1014 at(-3194,-941)
[BIGPRIM] code=0x3c tp=0x28 span=1737x801 at(-914,957)
[BIGPRIM] code=0x3c tp=0x28 span=1659x922 at(-1079,842)
[BIGPRIM] code=0x3c tp=0x28 span=1467x897 at(-587,861)
[BIGPRIM] code=0x3c tp=0x28 span=1443x910 at(-572,848)
[BIGPRIM] code=0x3c tp=0x2c span=882x834 at(-2006,-597)
[BIGPRIM] code=0x3c tp=0x2c span=804x739 at(-2216,-800)
[BIGPRIM] code=0x3c tp=0x2c span=1362x905 at(-3113,-671)
[BIGPRIM] code=0x3c tp=0x28 span=1467x785 at(220,973)
[BIGPRIM] code=0x3c tp=0x28 span=1917x511 at(-14,1285)
[BIGPRIM] code=0x3c tp=0x28 span=1320x984 at(-755,806)
[BIGPRIM] code=0x3c tp=0x28 span=2193x871 at(-1778,906)
[BIGPRIM] code=0x3c tp=0x2c span=1038x887 at(-2951,-1488)
[BIGPRIM] code=0x3c tp=0x28 span=2226x926 at(1105,787)
[BIGPRIM] code=0x3c tp=0x28 span=1443x958 at(574,819)
[BIGPRIM] code=0x3c tp=0x28 span=1296x775 at(829,774)
[BIGPRIM] code=0x3c tp=0x28 span=1470x605 at(991,1108)
[BIGPRIM] code=0x3a tp=0xa span=1020x770 at(130,-25)
[BIGPRIM] code=0x3c tp=0x28 span=1467x839 at(472,925)
[FOGST-GPU] clear=0xff000000
[BIGPRIM] code=0x3c tp=0x28 span=1521x977 at(754,806)
[BOOT0/TIM] PostLoadTim file=1910 'MR_0TOWN.TIM' ss=0x8998 img.u=32 img.v=0 tPage=0,7 clutX=480 clutY=255
[BOOT0/TIM] post ReadTIM: prect=0xfac5a4 caddr=0xfac580 paddr=0xfac5ac mode=8
[BOOT0/TIM] pre pixel LoadImage rect=(480,0 32x256)
[BOOT0/TIM] pre CLUT LoadImage rect=(480,255 16x1)
[BOOT0/TIM] PostLoadTim done
[BIGPRIM] code=0x3c tp=0x28 span=1923x492 at(376,1298)
[BIGPRIM] code=0x3c tp=0x28 span=1035x315 at(1126,697)
[BIGPRIM] code=0x3c tp=0x28 span=1854x668 at(-1094,1051)
[SH-XBOX] GameState -> 15 (step 0)
[SFX] Sd_PlaySfx: sfxId=1308 (Sfx_Base+28) vol=0
[BOOT0/TIM] PostLoadTim file=1896 'MP_0TOWN.TIM' ss=0x8570 img.u=0 img.v=16 tPage=1,5 clutX=224 clutY=15
[BOOT0/TIM] post ReadTIM: prect=0xf99784 caddr=0xf99580 paddr=0xf9978c mode=9
[BOOT0/TIM] pre pixel LoadImage rect=(320,16 160x480)
[BOOT0/TIM] pre CLUT LoadImage rect=(224,15 256x1)
[BOOT0/TIM] PostLoadTim done
[SFX] Sd_PlaySfx: sfxId=1308 (Sfx_Base+28) vol=0
[SH-XBOX] vblank 55800
[MEM] tick: free=2232KB (558 pages)
[SH-XBOX] GameState -> 11 (step 0)
[SFX] Sd_PlaySfx: sfxId=1321 (Sfx_Base+41) vol=0
[BIGPRIM] code=0x3c tp=0x28 span=1923x376 at(364,1401)
[BIGPRIM] code=0x3c tp=0x28 span=1326x967 at(307,816)
[BOOT0/TIM] PostLoadTim file=1198 'THR6401F.TIM' ss=0x4ddb img.u=0 img.v=0 tPage=0,24 clutX=96 clutY=0
[BOOT0/TIM] post ReadTIM: prect=0xfb6724 caddr=0xfb6580 paddr=0xfb672c mode=8
[BOOT0/TIM] pre pixel LoadImage rect=(512,256 64x256)
[BOOT0/TIM] pre CLUT LoadImage rect=(96,0 16x13)
[BOOT0/TIM] PostLoadTim done
[FOGST-GPU] clear=0xff6c6474
[BIGPRIM] code=0x3c tp=0x28 span=1776x475 at(829,1215)
[BIGPRIM] code=0x3a tp=0xa span=1020x770 at(130,-25)
[BIGPRIM] code=0x3c tp=0x28 span=2109x910 at(1096,848)
[BIGPRIM] code=0x3c tp=0x28 span=1848x936 at(-1472,835)
[BOOT0/TIM] PostLoadTim file=1200 'THR6501F.TIM' ss=0x4df5 img.u=0 img.v=0 tPage=0,23 clutX=80 clutY=0
[BOOT0/TIM] post ReadTIM: prect=0xfb6624 caddr=0xfb6580 paddr=0xfb662c mode=8
[BOOT0/TIM] pre pixel LoadImage rect=(448,256 64x256)
[BOOT0/TIM] pre CLUT LoadImage rect=(80,0 16x5)
[BOOT0/TIM] PostLoadTim done
[BIGPRIM] code=0x3c tp=0x28 span=1506x759 at(877,986)
[BIGPRIM] code=0x3a tp=0xa span=1020x770 at(130,-25)
[SFX] Sd_PlaySfx: sfxId=1406 (Sfx_Base+126) vol=255
[BIGPRIM] code=0x3c tp=0x28 span=1167x996 at(-485,800)
[BIGPRIM] code=0x3c tp=0x28 span=1122x659 at(-725,755)
[BIGPRIM] code=0x3c tp=0x28 span=1746x910 at(973,880)
[BIGPRIM] code=0x3c tp=0x28 span=1350x955 at(313,822)
[BIGPRIM] code=0x3c tp=0x2c span=864x732 at(-1718,-469)
[BIGPRIM] code=0x3c tp=0x2c span=1110x1047 at(-2708,-861)
[BIGPRIM] code=0x3c tp=0x2c span=1350x1272 at(-3107,-1141)
[BIGPRIM] code=0x3c tp=0x2c span=1182x1093 at(-3023,-1385)
[BIGPRIM] code=0x3a tp=0xa span=1020x770 at(130,-25)
[BIGPRIM] code=0x3c tp=0x28 span=1782x518 at(-380,1182)
[BIGPRIM] code=0x3c tp=0x28 span=1278x511 at(1036,739)
[BIGPRIM] code=0x3c tp=0x28 span=1974x810 at(-1400,954)
[BIGPRIM] code=0x3c tp=0x28 span=1374x855 at(793,781)
[BIGPRIM] code=0x3c tp=0x28 span=2298x971 at(1111,784)
[BIGPRIM] code=0x3c tp=0x28 span=1467x790 at(394,961)
[BIGPRIM] code=0x3c tp=0x28 span=993x498 at(877,736)
[BIGPRIM] code=0x3a tp=0xa span=1020x770 at(130,-25)
[BIGPRIM] code=0x3c tp=0x28 span=1638x984 at(865,806)
[BIGPRIM] code=0x3a tp=0xa span=1020x770 at(130,-25)
[BIGPRIM] code=0x3c tp=0x2c span=900x752 at(-1589,-752)
[BIGPRIM] code=0x3c tp=0x28 span=2133x672 at(-1892,1054)
[BIGPRIM] code=0x3c tp=0x2c span=1182x1093 at(-3023,-1465)
[BIGPRIM] code=0x3a tp=0xa span=1020x770 at(130,-25)
[BIGPRIM] code=0x3c tp=0x28 span=1911x167 at(208,1591)
[BIGPRIM] code=0x3c tp=0x28 span=1197x1000 at(238,793)
[BIGPRIM] code=0x3c tp=0x28 span=1815x479 at(472,1218)
[BIGPRIM] code=0x3c tp=0x28 span=1503x739 at(46,1006)
[BIGPRIM] code=0x3c tp=0x28 span=978x463 at(-653,729)
[BIGPRIM] code=0x3c tp=0x28 span=987x559 at(721,742)
[BIGPRIM] code=0x3c tp=0x28 span=1959x321 at(388,1456)
[BIGPRIM] code=0x3c tp=0x28 span=1092x543 at(883,742)
[RA] watch 84008: state=2 unlocked=1786116799 flags[4B4]=00 flags[4A1]=00 word4=0x00040000 setbits=53 map=10/8
[BIGPRIM] code=0x3c tp=0x28 span=2322x784 at(-2114,967)
[BIGPRIM] code=0x3c tp=0x28 span=2184x996 at(1045,800)
[BIGPRIM] code=0x3c tp=0x28 span=1917x232 at(-188,1539)
[BIGPRIM] code=0x3c tp=0x28 span=1875x907 at(-1208,883)
[BIGPRIM] code=0x3c tp=0x28 span=1902x534 at(-1214,1166)
[SPAWN-FIRE?] slot=5 allPass! npcFlags=0x4 flagsId=3 full=0 vblanks=1 ABOUT TO TRY SPAWN
[SPAWN-FIRE!] slot=5 gates passed â†’ entering spawn block, npcIdx will be assigned
[SPAWN] slot=5 -> npc[0] charaId=2 stateStep=3 pos=(186,116)
[SFX] Sd_PlaySfx: sfxId=1321 (Sfx_Base+41) vol=0
[BIGPRIM] code=0x3c tp=0x28 span=930x784 at(124,774)
[BIGPRIM] code=0x3c tp=0x28 span=1662x598 at(-326,1108)
[CHNK] n=4 s0=3,3,st3 s1=4,2,st3 s2=3,2,st3 s3=4,3,st3
[BIGPRIM] code=0x3c tp=0x28 span=1947x765 at(-1346,980)
[BIGPRIM] code=0x3c tp=0x28 span=1626x1013 at(853,790)
[SFX] Sd_PlaySfx: sfxId=1381 (Sfx_Base+101) vol=241
[BIGPRIM] code=0x3a tp=0xa span=1020x770 at(130,-25)
[BIGPRIM] code=0x3c tp=0x28 span=1461x794 at(-20,957)
[SFX] Sd_PlaySfx: sfxId=1381 (Sfx_Base+101) vol=235
[BIGPRIM] code=0x3c tp=0x28 span=1356x547 at(1042,745)
[BIGPRIM] code=0x3c tp=0x28 span=1908x967 at(979,816)
[BIGPRIM] code=0x3c tp=0x28 span=1911x347 at(-980,1430)
[BIGPRIM] code=0x3a tp=0xa span=1020x770 at(130,-25)
[BIGPRIM] code=0x3c tp=0x28 span=1476x765 at(-314,986)
[SFX] Sd_PlaySfx: sfxId=1381 (Sfx_Base+101) vol=222
[BIGPRIM] code=0x3c tp=0x28 span=1467x813 at(-44,945)
[BIGPRIM] code=0x3c tp=0x28 span=1536x1003 at(-1298,793)
[SFX] Sd_PlaySfx: sfxId=1381 (Sfx_Base+101) vol=208
[BIGPRIM] code=0x3c tp=0x28 span=1035x521 at(880,739)
[BIGPRIM] code=0x3c tp=0x28 span=1299x1003 at(-776,793)
[SFX] Sd_PlaySfx: sfxId=1381 (Sfx_Base+101) vol=181
[BIGPRIM] code=0x3c tp=0x28 span=1380x534 at(1075,742)
[BIGPRIM] code=0x3c tp=0x28 span=1254x961 at(67,822)
[BIGPRIM] code=0x3a tp=0xa span=1020x770 at(130,-25)
[SFX] Sd_PlaySfx: sfxId=1381 (Sfx_Base+101) vol=132
[BIGPRIM] code=0x3a tp=0xa span=1020x770 at(130,-25)
[BIGPRIM] code=0x3c tp=0x28 span=1692x829 at(-848,935)
[SFX] Sd_PlaySfx: sfxId=1381 (Sfx_Base+101) vol=82
[BIGPRIM] code=0x3c tp=0x28 span=1533x939 at(-929,832)
[BIGPRIM] code=0x3c tp=0x28 span=963x437 at(898,726)
[SFX] Sd_PlaySfx: sfxId=1381 (Sfx_Base+101) vol=37
[BIGPRIM] code=0x3c tp=0x28 span=1023x444 at(-827,726)
[BIGPRIM] code=0x3c tp=0x28 span=1911x447 at(256,1343)
[BIGPRIM] code=0x3c tp=0x28 span=1224x1006 at(-632,790)
[SFX] Sd_PlaySfx: sfxId=1381 (Sfx_Base+101) vol=84
[BIGPRIM] code=0x3a tp=0xa span=1020x770 at(130,-25)
[BIGPRIM] code=0x3c tp=0x28 span=1059x877 at(-398,781)
[BIGPRIM] code=0x3c tp=0x28 span=1911x376 at(166,1401)
[BIGPRIM] code=0x3c tp=0x28 span=1554x1006 at(787,790)
[SFX] Sd_PlaySfx: sfxId=1381 (Sfx_Base+101) vol=106
[BIGPRIM] code=0x3a tp=0xa span=1020x770 at(130,-25)
[BIGPRIM] code=0x3c tp=0x28 span=1182x1135 at(625,803)
[BIGPRIM] code=0x3c tp=0x28 span=2163x739 at(-716,1282)
[SFX] Sd_PlaySfx: sfxId=1381 (Sfx_Base+101) vol=124
[BIGPRIM] code=0x3c tp=0x28 span=1818x1192 at(391,919)
[BIGPRIM] code=0x3c tp=0x28 span=2067x813 at(-1334,1420)
[BIGPRIM] code=0x3c tp=0x28 span=1953x1417 at(-1676,797)
[BIGPRIM] code=0x3c tp=0x28 span=1557x1083 at(-536,1343)
[BIGPRIM] code=0x3c tp=0x37 span=1218x730 at(949,800)
[SFX] Sd_PlaySfx: sfxId=1381 (Sfx_Base+101) vol=140
[BIGPRIM] code=0x3c tp=0x28 span=1551x1399 at(-722,912)
[BIGPRIM] code=0x3c tp=0x28 span=1752x251 at(763,2349)
[BIGPRIM] code=0x3c tp=0x28 span=1749x566 at(-728,2915)
[SFX] Sd_PlaySfx: sfxId=1381 (Sfx_Base+101) vol=156
[BIGPRIM] code=0x3a tp=0xa span=1020x770 at(130,-25)
[SFX] Sd_PlaySfx: sfxId=1378 (Sfx_Base+98) vol=165
[BIGPRIM] code=0x3c tp=0x37 span=531x922 at(934,855)
[BIGPRIM] code=0x3c tp=0x37 span=981x996 at(1054,977)
[SFX] Sd_PlaySfx: sfxId=1381 (Sfx_Base+101) vol=166
[BIGPRIM] code=0x3a tp=0xa span=1020x770 at(130,-25)
[FOGST-GPU] clear=0xff000000
[BOOT0/TIM] PostLoadTim file=1910 'MR_0TOWN.TIM' ss=0x8998 img.u=32 img.v=0 tPage=0,7 clutX=480 clutY=255
[BOOT0/TIM] post ReadTIM: prect=0xfac5a4 caddr=0xfac580 paddr=0xfac5ac mode=8
[BOOT0/TIM] pre pixel LoadImage rect=(480,0 32x256)
[BOOT0/TIM] pre CLUT LoadImage rect=(480,255 16x1)
[BOOT0/TIM] PostLoadTim done
[BIGPRIM] code=0x3c tp=0x37 span=699x1108 at(502,871)
[RA] http POST http://retroachievements.org/dorequest.php
[NET] POST retroachievements.org -> 200 (16 bytes)
[RA] http -> status=200 bodyLen=16 body='{"Success":true}'
[BIGPRIM] code=0x3c tp=0x37 span=435x1340 at(952,1012)
[SFX] Sd_PlaySfx: sfxId=1382 (Sfx_Base+102) vol=158
[BIGPRIM] code=0x3a tp=0xa span=1020x770 at(130,-25)
[SH-XBOX] GameState -> 15 (step 0)
[SFX] Sd_PlaySfx: sfxId=1308 (Sfx_Base+28) vol=0
[BOOT0/TIM] PostLoadTim file=1896 'MP_0TOWN.TIM' ss=0x8570 img.u=0 img.v=16 tPage=1,5 clutX=224 clutY=15
[BOOT0/TIM] post ReadTIM: prect=0xf99784 caddr=0xf99580 paddr=0xf9978c mode=9
[BOOT0/TIM] pre pixel LoadImage rect=(320,16 160x480)
[BOOT0/TIM] pre CLUT LoadImage rect=(224,15 256x1)
[BOOT0/TIM] PostLoadTim done
[SFX] Sd_PlaySfx: sfxId=1308 (Sfx_Base+28) vol=0
[BIGPRIM] code=0x2c tp=0x95 span=384x765 at(160,360)
[SH-XBOX] GameState -> 11 (step 0)
[SFX] Sd_PlaySfx: sfxId=1321 (Sfx_Base+41) vol=0
[SFX] Sd_PlaySfx: sfxId=1382 (Sfx_Base+102) vol=141
[BIGPRIM] code=0x3a tp=0xa span=1020x770 at(130,-25)
[SFX] Sd_PlaySfx: sfxId=1382 (Sfx_Base+102) vol=114
[FOGST-GPU] clear=0xff6c6474
[BIGPRIM] code=0x3a tp=0xa span=1020x770 at(130,-25)
[BIGPRIM] code=0x3c tp=0x37 span=1110x1389 at(1003,1108)
[SFX] Sd_PlaySfx: sfxId=1382 (Sfx_Base+102) vol=75
[SH-XBOX] vblank 56400
[MEM] tick: free=2232KB (558 pages)
[BIGPRIM] code=0x3a tp=0xa span=1020x770 at(130,-25)
[SFX] Sd_PlaySfx: sfxId=1379 (Sfx_Base+99) vol=39
[BIGPRIM] code=0x3c tp=0x5c span=1080x233 at(949,-73)
[SFX] Sd_PlaySfx: sfxId=1382 (Sfx_Base+102) vol=19
[BIGPRIM] code=0x3c tp=0x28 span=600x907 at(310,658)
[SFX] Sd_PlaySfx: sfxId=1327 (Sfx_Base+47) vol=191
[SFX] Sd_PlaySfx: sfxId=1316 (Sfx_Base+36) vol=2
[BIGPRIM] code=0x3c tp=0x5c span=306x1266 at(649,-1234)
[BIGPRIM] code=0x3c tp=0x28 span=753x1212 at(-11,771)
[BIGPRIM] code=0x3c tp=0x28 span=753x1212 at(-11,771)
[BIGPRIM] code=0x3c tp=0x5c span=1224x177 at(-2432,-250)
[BIGPRIM] code=0x3c tp=0x28 span=753x1212 at(-11,771)
[SFX] Sd_PlaySfx: sfxId=1382 (Sfx_Base+102) vol=72
[BIGPRIM] code=0x3a tp=0xa span=1020x770 at(130,-25)
[SFX] Sd_PlaySfx: sfxId=1382 (Sfx_Base+102) vol=122
[BIGPRIM] code=0x3a tp=0xa span=1020x770 at(130,-25)
[SFX] Sd_PlaySfx: sfxId=1382 (Sfx_Base+102) vol=155
[BIGPRIM] code=0x3c tp=0x28 span=681x726 at(985,630)
[SFX] Sd_PlaySfx: sfxId=1382 (Sfx_Base+102) vol=175
[BIGPRIM] code=0x3c tp=0x28 span=615x884 at(-89,649)
[BIGPRIM] code=0x3a tp=0xa span=1020x770 at(130,-25)
[SFX] Sd_PlaySfx: sfxId=1382 (Sfx_Base+102) vol=191
[BIGPRIM] code=0x3c tp=0x28 span=2142x77 at(-1598,3571)
[SFX] Sd_PlaySfx: sfxId=1382 (Sfx_Base+102) vol=203
[BIGPRIM] code=0x3a tp=0xa span=1020x770 at(130,-25)
[SFX] Sd_PlaySfx: sfxId=1382 (Sfx_Base+102) vol=203
[BIGPRIM] code=0x3c tp=0x28 span=2169x1305 at(106,2343)
[SFX] Sd_PlaySfx: sfxId=1382 (Sfx_Base+102) vol=199
[BIGPRIM] code=0x3a tp=0xa span=1020x770 at(130,-25)
[BIGPRIM] code=0x3a tp=0xa span=1020x770 at(130,-25)
[SFX] Sd_PlaySfx: sfxId=1382 (Sfx_Base+102) vol=198
[BIGPRIM] code=0x3c tp=0x28 span=639x1041 at(-38,691)
[SFX] Sd_PlaySfx: sfxId=1382 (Sfx_Base+102) vol=188
[BIGPRIM] code=0x3c tp=0x28 span=2142x781 at(1009,2867)
[SFX] Sd_PlaySfx: sfxId=1382 (Sfx_Base+102) vol=177
[BIGPRIM] code=0x3a tp=0xa span=1020x770 at(130,-25)
[SFX] Sd_PlaySfx: sfxId=1382 (Sfx_Base+102) vol=162
[FATAL] code=c0000005 flags=00000000 eip=0039d2da (xbe+0038d2da) esp=d003269c ebp=013bdd10
[FATAL] eax=00d3d6a4 ebx=010c9f70 ecx=010c9f6c edx=00000800 esi=013ba410 edi=28280000
[FATAL] access violation: READ addr=28280000
